0.00.000.317 I srv  llama_server: initializing ...
WARNING: radv is not a conformant Vulkan implementation, testing use only.
WARNING: radv is not a conformant Vulkan implementation, testing use only.
0.00.038.934 I cmn  common_param: common_params_print_info: verbosity = 3 (adjust with the `-lv N` CLI arg)
0.00.039.012 I srv          init: The UI is disabled
0.00.039.014 I srv          init: Use --ui/--no-ui (or deprecated --webui/--no-webui) to enable/disable
0.00.039.062 W srv  llama_server: security: no API key is set and CORS allows all origins (see https://github.com/ggml-org/llama.cpp/pull/25655)
0.00.040.202 I srv    load_model: loading model '/mnt/8724062a-75f8-4edf-8ca8-b7dd4e77ed30/models/qwen3.8:27b/unsloth/Qwen3.8-27B-Q6_K.gguf'
0.35.551.559 W common_init_result: --spec-draft-vocab without --spec-draft-vocab-file: using specials + lowest token ids
0.36.899.115 I cmn          init: llama threadpool init, n_threads = 8
----------------
Vulkan Timings:
ADD: 48 x 4.815 us = 231.12 us
CONT: 16 x 5.707 us = 91.32 us
FLASH_ATTN_EXT dst(256,24,2,1),  q(256,2,24,1),  k(256,256,4,1),  v(256,256,4,1),  m(256,2,1,1): 16 x 78.288 us = 1252.61 us (160.726 GFLOPS/s)
GDN_CACHE GATED_DELTA_NET: 48 x 9.087 us = 436.2 us
GDN_CONV_STATE CONCAT: 48 x 3.765 us = 180.76 us
GET_ROWS: 3 x 18.693 us = 56.08 us
GLU: 64 x 2.066 us = 132.28 us
MUL_MAT f32 m=256 n=48 k=256: 16 x 2.415 us = 38.64 us (2600.07 GFLOPS/s)
MUL_MAT f32 m=64 n=192 k=64: 16 x 4.407 us = 70.52 us (354.073 GFLOPS/s)
MUL_MAT f32 m=64 n=32 k=64: 16 x 4.472 us = 71.56 us (58.1545 GFLOPS/s)
MUL_MAT_ADD MUL_MAT_VEC q6_K m=5120 n=2 k=17408: 64 x 135.181 us = 8651.63 us (2637.23 GFLOPS/s)
MUL_MAT_ADD MUL_MAT_VEC q6_K m=5120 n=2 k=6144: 16 x 54.23 us = 867.68 us (2320.1 GFLOPS/s)
MUL_MAT_VEC f32 m=256 n=8 k=256: 16 x 5.09 us = 81.44 us (205.605 GFLOPS/s)
MUL_MAT_VEC f32 m=48 n=2 k=5120: 96 x 5.694 us = 546.64 us (172.623 GFLOPS/s)
MUL_MAT_VEC q6_K m=1024 n=2 k=5120: 32 x 9.442 us = 302.16 us (2220.75 GFLOPS/s)
MUL_MAT_VEC q6_K m=10240 n=2 k=5120: 48 x 120.34 us = 5776.32 us (1742.52 GFLOPS/s)
MUL_MAT_VEC q6_K m=12288 n=2 k=5120: 16 x 94.335 us = 1509.36 us (2667.45 GFLOPS/s)
MUL_MAT_VEC q6_K m=17408 n=2 k=5120: 128 x 135.466 us = 17339.7 us (2631.51 GFLOPS/s)
MUL_MAT_VEC q6_K m=248320 n=1 k=5120: 1 x 1644 us = 1644 us (1546.56 GFLOPS/s)
MUL_MAT_VEC q6_K m=6144 n=2 k=5120: 48 x 66.891 us = 3210.8 us (1880.9 GFLOPS/s)
MUL_MAT_VEC q8_0 m=5120 n=2 k=6144: 48 x 119.089 us = 5716.31 us (1056.5 GFLOPS/s)
RMS_NORM_MUL RMS_NORM(256,24,2,1): 16 x 4.87 us = 77.92 us
RMS_NORM_MUL RMS_NORM(256,4,2,1): 16 x 5.312 us = 85 us
RMS_NORM_MUL RMS_NORM(5120,2,1,1): 129 x 4.292 us = 553.76 us
RMS_NORM_MUL_SILU_MUL RMS_NORM(128,48,2,1): 48 x 7.665 us = 367.92 us
RMS_NORM_SCALE RMS_NORM(128,16,2,1): 96 x 2.957 us = 283.88 us
ROPE: 32 x 5.032 us = 161.04 us
SCALE: 96 x 9.458 us = 908 us
SET_ROWS: 32 x 3.961 us = 126.76 us
SIGMOID_MUL SIGMOID: 16 x 5.18 us = 82.88 us
SSM_CONV_SILU SSM_CONV: 48 x 7.593 us = 364.48 us
Total time: 51218.8 us.
0.36.965.700 I common_speculative_init_result: creating MTP draft context against the target model '/mnt/8724062a-75f8-4edf-8ca8-b7dd4e77ed30/models/qwen3.8:27b/unsloth/Qwen3.8-27B-Q6_K.gguf'
0.36.973.918 W load_hparams: Qwen-VL models require at minimum 1024 image tokens to function correctly on grounding tasks
0.36.973.921 W load_hparams: if you encounter problems with accuracy, try adding --image-min-tokens 1024
0.36.973.922 W load_hparams: more info: https://github.com/ggml-org/llama.cpp/issues/16842

0.39.032.683 I srv    load_model: loaded multimodal model, '/mnt/8724062a-75f8-4edf-8ca8-b7dd4e77ed30/models/qwen3.8:27b/unsloth/mmproj-F16.gguf'
0.39.032.709 I srv    load_model: initializing, n_slots = 1, n_ctx_slot = 16384, kv_unified = 'false'
0.39.032.827 I spec common_specu: adaptive draft vocab: subset 98304 rows while <= 3 per 256 recent context tokens fall outside it
----------------
Vulkan Timings:
CONCAT: 1 x 2.16 us = 2.16 us
CONT: 1 x 3.8 us = 3.8 us
FLASH_ATTN_EXT dst(256,24,2,1),  q(256,2,24,1),  k(256,256,4,1),  v(256,256,4,1),  m(256,2,1,1): 1 x 206.95 us = 206.95 us (60.8017 GFLOPS/s)
GET_ROWS: 3 x 19.946 us = 59.84 us
GLU: 1 x 1.64 us = 1.64 us
MUL_MAT f32 m=256 n=48 k=256: 1 x 1.56 us = 1.56 us (4025.11 GFLOPS/s)
MUL_MAT f32 m=64 n=192 k=64: 1 x 3.24 us = 3.24 us (481.659 GFLOPS/s)
MUL_MAT f32 m=64 n=32 k=64: 1 x 1.8 us = 1.8 us (144.498 GFLOPS/s)
MUL_MAT_ADD MUL_MAT_VEC q6_K m=5120 n=2 k=17408: 1 x 327.36 us = 327.36 us (1089.03 GFLOPS/s)
MUL_MAT_ADD MUL_MAT_VEC q6_K m=5120 n=2 k=6144: 1 x 52.4 us = 52.4 us (2401.12 GFLOPS/s)
MUL_MAT_VEC f32 m=256 n=8 k=256: 1 x 3.24 us = 3.24 us (323.002 GFLOPS/s)
MUL_MAT_VEC q6_K m=1024 n=2 k=5120: 2 x 11.26 us = 22.52 us (1862.3 GFLOPS/s)
MUL_MAT_VEC q6_K m=12288 n=2 k=5120: 1 x 97.68 us = 97.68 us (2576.1 GFLOPS/s)
MUL_MAT_VEC q6_K m=17408 n=2 k=5120: 2 x 132.78 us = 265.56 us (2684.75 GFLOPS/s)
MUL_MAT_VEC q6_K m=248320 n=1 k=5120: 1 x 1953 us = 1953 us (1301.87 GFLOPS/s)
MUL_MAT_VEC q8_0 m=5120 n=2 k=10240: 1 x 495.55 us = 495.55 us (423.176 GFLOPS/s)
PAD: 1 x 10.8 us = 10.8 us
RMS_NORM_MUL RMS_NORM(256,24,2,1): 1 x 3.48 us = 3.48 us
RMS_NORM_MUL RMS_NORM(256,4,2,1): 1 x 5.32 us = 5.32 us
RMS_NORM_MUL RMS_NORM(5120,2,1,1): 5 x 5.424 us = 27.12 us
ROPE: 2 x 3.56 us = 7.12 us
SET_ROWS: 2 x 2.28 us = 4.56 us
SIGMOID_MUL SIGMOID: 1 x 1.56 us = 1.56 us
TOP_K K=10 (248320,1,1,1): 1 x 975.28 us = 975.28 us
Total time: 4533.54 us.
0.39.074.526 W srv          init: chat template supports preserving reasoning, it is enabled by default (may use more tokens, disable via --no-reasoning-preserve)
0.39.074.574 I srv  llama_server: model loaded
0.39.074.579 I srv  llama_server: listening on http://127.0.0.1:8103
0.40.138.644 I slot get_availabl: id  0 | task -1 | selected slot by LRU, t_last = -1
0.40.138.683 I slot launch_slot_: id  0 | task 0 | processing task, is_child = 0
----------------
Vulkan Timings:
ADD: 48 x 4.55 us = 218.44 us
CONT: 16 x 4.46 us = 71.36 us
FLASH_ATTN_EXT dst(256,24,6,1),  q(256,6,24,1),  k(256,256,4,1),  v(256,256,4,1),  m(256,6,1,1): 16 x 44.624 us = 713.99 us (845.922 GFLOPS/s)
GDN_CACHE GATED_DELTA_NET: 48 x 17.252 us = 828.12 us
GDN_CONV_STATE CONCAT: 48 x 4.558 us = 218.8 us
GET_ROWS: 1 x 39.48 us = 39.48 us
GLU: 64 x 2.39 us = 152.96 us
MUL_MAT f32 m=256 n=144 k=256: 16 x 2.067 us = 33.08 us (9111.25 GFLOPS/s)
MUL_MAT f32 m=256 n=24 k=256: 16 x 2.032 us = 32.52 us (1544.69 GFLOPS/s)
MUL_MAT f32 m=64 n=576 k=64: 16 x 4.762 us = 76.2 us (983.04 GFLOPS/s)
MUL_MAT f32 m=64 n=96 k=64: 16 x 18.36 us = 293.76 us (42.4993 GFLOPS/s)
MUL_MAT_ADD MUL_MAT_VEC q6_K m=5120 n=6 k=17408: 64 x 159.897 us = 10233.5 us (6688.75 GFLOPS/s)
MUL_MAT_ADD MUL_MAT_VEC q6_K m=5120 n=6 k=6144: 16 x 64.285 us = 1028.56 us (5871.61 GFLOPS/s)
MUL_MAT_GROUP MUL_MAT_VEC q6_K m=10240 n=6 k=5120: 47 x 140.494 us = 6603.24 us (4477.64 GFLOPS/s)
MUL_MAT_GROUP MUL_MAT_VEC q6_K m=12288 n=6 k=5120: 16 x 132.832 us = 2125.32 us (5683.1 GFLOPS/s)
MUL_MAT_GROUP MUL_MAT_VEC q6_K m=17408 n=6 k=5120: 64 x 314.314 us = 20116.1 us (3402.46 GFLOPS/s)
MUL_MAT_VEC f32 m=48 n=6 k=5120: 96 x 7.891 us = 757.6 us (373.664 GFLOPS/s)
MUL_MAT_VEC q6_K m=10240 n=6 k=5120: 1 x 2039.2 us = 2039.2 us (308.496 GFLOPS/s)
MUL_MAT_VEC q6_K m=6144 n=6 k=5120: 1 x 616.2 us = 616.2 us (612.545 GFLOPS/s)
MUL_MAT_VEC q8_0 m=5120 n=6 k=6144: 48 x 97.61 us = 4685.3 us (3866.97 GFLOPS/s)
RMS_NORM_MUL RMS_NORM(256,24,6,1): 16 x 3.325 us = 53.2 us
RMS_NORM_MUL RMS_NORM(256,4,6,1): 16 x 4.74 us = 75.84 us
RMS_NORM_MUL RMS_NORM(5120,6,1,1): 129 x 5.973 us = 770.56 us
RMS_NORM_MUL_SILU_MUL RMS_NORM(128,48,6,1): 48 x 6.585 us = 316.08 us
RMS_NORM_SCALE RMS_NORM(128,16,6,1): 96 x 2.667 us = 256.12 us
ROPE: 32 x 5.181 us = 165.8 us
SCALE: 96 x 8.785 us = 843.36 us
SET_ROWS: 32 x 4 us = 128 us
SIGMOID_MUL SIGMOID: 16 x 5.65 us = 90.4 us
SSM_CONV_SILU SSM_CONV: 48 x 6.74 us = 323.56 us
Total time: 53906.6 us.
----------------
Vulkan Timings:
CONCAT: 1 x 4.6 us = 4.6 us
CONT: 1 x 4.08 us = 4.08 us
FLASH_ATTN_EXT dst(256,24,6,1),  q(256,6,24,1),  k(256,256,4,1),  v(256,256,4,1),  m(256,6,1,1): 1 x 157.29 us = 157.29 us (239.995 GFLOPS/s)
GET_ROWS: 1 x 7.6 us = 7.6 us
GLU: 1 x 1.76 us = 1.76 us
MUL_MAT f32 m=256 n=144 k=256: 1 x 1.68 us = 1.68 us (11212.8 GFLOPS/s)
MUL_MAT f32 m=256 n=24 k=256: 1 x 2.96 us = 2.96 us (1060.67 GFLOPS/s)
MUL_MAT f32 m=64 n=576 k=64: 1 x 3.4 us = 3.4 us (1376.98 GFLOPS/s)
MUL_MAT f32 m=64 n=96 k=64: 1 x 3.28 us = 3.28 us (237.893 GFLOPS/s)
MUL_MAT_ADD MUL_MAT_VEC q6_K m=5120 n=6 k=17408: 1 x 311.12 us = 311.12 us (3437.63 GFLOPS/s)
MUL_MAT_ADD MUL_MAT_VEC q6_K m=5120 n=6 k=6144: 1 x 63.28 us = 63.28 us (5964.86 GFLOPS/s)
MUL_MAT_GROUP MUL_MAT_VEC q6_K m=12288 n=6 k=5120: 1 x 142.21 us = 142.21 us (5308.35 GFLOPS/s)
MUL_MAT_GROUP MUL_MAT_VEC q6_K m=17408 n=6 k=5120: 1 x 283.84 us = 283.84 us (3767.77 GFLOPS/s)
MUL_MAT_VEC q8_0 m=5120 n=6 k=10240: 1 x 243.52 us = 243.52 us (2583.42 GFLOPS/s)
RMS_NORM_MUL RMS_NORM(256,24,6,1): 1 x 3.56 us = 3.56 us
RMS_NORM_MUL RMS_NORM(256,4,6,1): 1 x 3.4 us = 3.4 us
RMS_NORM_MUL RMS_NORM(5120,6,1,1): 5 x 9.68 us = 48.4 us
ROPE: 2 x 3.38 us = 6.76 us
SET_ROWS: 2 x 2.1 us = 4.2 us
SIGMOID_MUL SIGMOID: 1 x 1.56 us = 1.56 us
Total time: 1298.5 us.
----------------
Vulkan Timings:
ADD: 48 x 4.54 us = 217.92 us
CONT: 16 x 4.585 us = 73.36 us
FLASH_ATTN_EXT dst(256,24,4,1),  q(256,4,24,1),  k(256,256,4,1),  v(256,256,4,1),  m(256,4,1,1): 16 x 24.805 us = 396.88 us (1014.55 GFLOPS/s)
GDN_CACHE GATED_DELTA_NET: 48 x 14.195 us = 681.4 us
GDN_CONV_STATE CONCAT: 48 x 3.75 us = 180 us
GET_ROWS: 3 x 13.546 us = 40.64 us
GLU: 64 x 2.003 us = 128.2 us
MUL_MAT f32 m=256 n=16 k=256: 16 x 4.315 us = 69.04 us (485.065 GFLOPS/s)
MUL_MAT f32 m=256 n=96 k=256: 16 x 2.075 us = 33.2 us (6052.21 GFLOPS/s)
MUL_MAT f32 m=64 n=384 k=64: 16 x 3.87 us = 61.92 us (806.499 GFLOPS/s)
MUL_MAT f32 m=64 n=64 k=64: 16 x 4.155 us = 66.48 us (125.197 GFLOPS/s)
MUL_MAT_ADD MUL_MAT_VEC q6_K m=5120 n=4 k=17408: 64 x 144.543 us = 9250.81 us (4932.83 GFLOPS/s)
MUL_MAT_ADD MUL_MAT_VEC q6_K m=5120 n=4 k=6144: 16 x 58.655 us = 938.48 us (4290.13 GFLOPS/s)
MUL_MAT_VEC f32 m=48 n=4 k=5120: 96 x 5.924 us = 568.76 us (331.819 GFLOPS/s)
MUL_MAT_VEC q6_K m=1024 n=4 k=5120: 32 x 8.911 us = 285.16 us (4706.29 GFLOPS/s)
MUL_MAT_VEC q6_K m=10240 n=4 k=5120: 48 x 93.754 us = 4500.2 us (4473.29 GFLOPS/s)
MUL_MAT_VEC q6_K m=12288 n=4 k=5120: 16 x 108.785 us = 1740.56 us (4626.26 GFLOPS/s)
MUL_MAT_VEC q6_K m=17408 n=4 k=5120: 128 x 156.272 us = 20002.9 us (4562.3 GFLOPS/s)
MUL_MAT_VEC q6_K m=248320 n=1 k=5120: 1 x 1642.56 us = 1642.56 us (1547.92 GFLOPS/s)
MUL_MAT_VEC q6_K m=6144 n=4 k=5120: 48 x 59.702 us = 2865.72 us (4214.79 GFLOPS/s)
MUL_MAT_VEC q8_0 m=5120 n=4 k=6144: 48 x 70.676 us = 3392.48 us (3560.41 GFLOPS/s)
RMS_NORM_MUL RMS_NORM(256,24,4,1): 16 x 3.48 us = 55.68 us
RMS_NORM_MUL RMS_NORM(256,4,4,1): 16 x 5.337 us = 85.4 us
RMS_NORM_MUL RMS_NORM(5120,4,1,1): 129 x 3.145 us = 405.76 us
RMS_NORM_MUL_SILU_MUL RMS_NORM(128,48,4,1): 48 x 6.709 us = 322.04 us
RMS_NORM_SCALE RMS_NORM(128,16,4,1): 96 x 2.47 us = 237.12 us
ROPE: 32 x 5.072 us = 162.32 us
SET_ROWS: 32 x 3.782 us = 121.04 us
SIGMOID_MUL SIGMOID: 16 x 3.417 us = 54.68 us
SSM_CONV_SILU SSM_CONV: 48 x 5.699 us = 273.56 us
Total time: 48854.2 us.
----------------
Vulkan Timings:
CONCAT: 1 x 3.32 us = 3.32 us
CONT: 1 x 3.72 us = 3.72 us
FLASH_ATTN_EXT dst(256,24,4,1),  q(256,4,24,1),  k(256,256,4,1),  v(256,256,4,1),  m(256,4,1,1): 1 x 21.68 us = 21.68 us (1160.79 GFLOPS/s)
GET_ROWS: 1 x 7.2 us = 7.2 us
GLU: 1 x 2 us = 2 us
MUL_MAT f32 m=256 n=16 k=256: 1 x 3.04 us = 3.04 us (688.505 GFLOPS/s)
MUL_MAT f32 m=256 n=96 k=256: 1 x 1.72 us = 1.72 us (7301.36 GFLOPS/s)
MUL_MAT f32 m=64 n=384 k=64: 1 x 3.28 us = 3.28 us (951.571 GFLOPS/s)
MUL_MAT f32 m=64 n=64 k=64: 1 x 1.84 us = 1.84 us (282.713 GFLOPS/s)
MUL_MAT_ADD MUL_MAT_VEC q6_K m=5120 n=4 k=17408: 1 x 134.76 us = 134.76 us (5290.97 GFLOPS/s)
MUL_MAT_ADD MUL_MAT_VEC q6_K m=5120 n=4 k=6144: 1 x 59.36 us = 59.36 us (4239.18 GFLOPS/s)
MUL_MAT_VEC q6_K m=1024 n=4 k=5120: 2 x 7.24 us = 14.48 us (5792.67 GFLOPS/s)
MUL_MAT_VEC q6_K m=12288 n=4 k=5120: 1 x 115.7 us = 115.7 us (4349.76 GFLOPS/s)
MUL_MAT_VEC q6_K m=17408 n=4 k=5120: 2 x 130.62 us = 261.24 us (5458.29 GFLOPS/s)
MUL_MAT_VEC q8_0 m=5120 n=4 k=10240: 1 x 104.84 us = 104.84 us (4000.48 GFLOPS/s)
RMS_NORM_MUL RMS_NORM(256,24,4,1): 1 x 3.4 us = 3.4 us
RMS_NORM_MUL RMS_NORM(256,4,4,1): 1 x 4.96 us = 4.96 us
RMS_NORM_MUL RMS_NORM(5120,4,1,1): 5 x 9.182 us = 45.91 us
ROPE: 2 x 3.46 us = 6.92 us
SET_ROWS: 2 x 3.02 us = 6.04 us
SIGMOID_MUL SIGMOID: 1 x 1.64 us = 1.64 us
Total time: 807.05 us.
0.40.374.959 I spec        begin: adaptive draft vocab: cumulative draft steps subset 0 / 0 (0.0000), switches 0
----------------
Vulkan Timings:
CONCAT: 1 x 1.68 us = 1.68 us
CONT: 1 x 3.6 us = 3.6 us
FLASH_ATTN_EXT dst(256,24,1,1),  q(256,1,24,1),  k(256,256,4,1),  v(256,256,4,1),  m(256,1,1,1): 1 x 13.52 us = 13.52 us (465.344 GFLOPS/s)
GET_ROWS: 3 x 5.08 us = 15.24 us
GLU: 1 x 1.68 us = 1.68 us
MUL_MAT f32 m=256 n=24 k=256: 1 x 1.48 us = 1.48 us (2121.34 GFLOPS/s)
MUL_MAT f32 m=64 n=16 k=64: 1 x 1.8 us = 1.8 us (72.2489 GFLOPS/s)
MUL_MAT f32 m=64 n=96 k=64: 1 x 3.36 us = 3.36 us (232.229 GFLOPS/s)
MUL_MAT_ADD MUL_MAT_VEC q6_K m=5120 n=1 k=17408: 1 x 123.08 us = 123.08 us (1448.27 GFLOPS/s)
MUL_MAT_ADD MUL_MAT_VEC q6_K m=5120 n=1 k=6144: 1 x 47.96 us = 47.96 us (1311.71 GFLOPS/s)
MUL_MAT_VEC f32 m=256 n=4 k=256: 1 x 3.12 us = 3.12 us (167.713 GFLOPS/s)
MUL_MAT_VEC q6_K m=1024 n=1 k=5120: 2 x 6.88 us = 13.76 us (1523.94 GFLOPS/s)
MUL_MAT_VEC q6_K m=12288 n=1 k=5120: 1 x 492.4 us = 492.4 us (255.518 GFLOPS/s)
MUL_MAT_VEC q6_K m=17408 n=1 k=5120: 2 x 121.36 us = 242.72 us (1468.69 GFLOPS/s)
MUL_MAT_VEC q6_K m=98304 n=1 k=5120: 1 x 674.19 us = 674.19 us (1492.95 GFLOPS/s)
MUL_MAT_VEC q8_0 m=5120 n=1 k=10240: 1 x 610.21 us = 610.21 us (171.83 GFLOPS/s)
PAD: 1 x 6.88 us = 6.88 us
RMS_NORM_MUL RMS_NORM(256,24,1,1): 1 x 3.36 us = 3.36 us
RMS_NORM_MUL RMS_NORM(256,4,1,1): 1 x 5.12 us = 5.12 us
RMS_NORM_MUL RMS_NORM(5120,1,1,1): 5 x 3.816 us = 19.08 us
ROPE: 2 x 3.48 us = 6.96 us
SET_ROWS: 2 x 2.82 us = 5.64 us
SIGMOID_MUL SIGMOID: 1 x 1.6 us = 1.6 us
TOP_K K=10 (98304,1,1,1): 1 x 9.2 us = 9.2 us
Total time: 2307.64 us.
----------------
Vulkan Timings:
CONCAT: 1 x 1.64 us = 1.64 us
CONT: 1 x 3.76 us = 3.76 us
FLASH_ATTN_EXT dst(256,24,1,1),  q(256,1,24,1),  k(256,256,4,1),  v(256,256,4,1),  m(256,1,1,1): 1 x 13.68 us = 13.68 us (459.902 GFLOPS/s)
GET_ROWS: 3 x 4.866 us = 14.6 us
GLU: 1 x 1.8 us = 1.8 us
MUL_MAT f32 m=256 n=24 k=256: 1 x 1.64 us = 1.64 us (1914.38 GFLOPS/s)
MUL_MAT f32 m=64 n=16 k=64: 1 x 3.76 us = 3.76 us (34.5872 GFLOPS/s)
MUL_MAT f32 m=64 n=96 k=64: 1 x 3.76 us = 3.76 us (207.523 GFLOPS/s)
MUL_MAT_ADD MUL_MAT_VEC q6_K m=5120 n=1 k=17408: 1 x 123.96 us = 123.96 us (1437.99 GFLOPS/s)
MUL_MAT_ADD MUL_MAT_VEC q6_K m=5120 n=1 k=6144: 1 x 53.88 us = 53.88 us (1167.58 GFLOPS/s)
MUL_MAT_VEC f32 m=256 n=4 k=256: 1 x 3.12 us = 3.12 us (167.713 GFLOPS/s)
MUL_MAT_VEC q6_K m=1024 n=1 k=5120: 2 x 8.82 us = 17.64 us (1188.75 GFLOPS/s)
MUL_MAT_VEC q6_K m=12288 n=1 k=5120: 1 x 85.88 us = 85.88 us (1465.03 GFLOPS/s)
MUL_MAT_VEC q6_K m=17408 n=1 k=5120: 2 x 121.3 us = 242.6 us (1469.42 GFLOPS/s)
MUL_MAT_VEC q6_K m=98304 n=1 k=5120: 1 x 673.46 us = 673.46 us (1494.57 GFLOPS/s)
MUL_MAT_VEC q8_0 m=5120 n=1 k=10240: 1 x 101.16 us = 101.16 us (1036.5 GFLOPS/s)
PAD: 1 x 6.48 us = 6.48 us
RMS_NORM_MUL RMS_NORM(256,24,1,1): 1 x 5.6 us = 5.6 us
RMS_NORM_MUL RMS_NORM(256,4,1,1): 1 x 3.72 us = 3.72 us
RMS_NORM_MUL RMS_NORM(5120,1,1,1): 5 x 3.704 us = 18.52 us
ROPE: 2 x 3.7 us = 7.4 us
SET_ROWS: 2 x 3.04 us = 6.08 us
SIGMOID_MUL SIGMOID: 1 x 1.68 us = 1.68 us
TOP_K K=10 (98304,1,1,1): 1 x 9.08 us = 9.08 us
Total time: 1404.9 us.
----------------
Vulkan Timings:
CONCAT: 1 x 1.68 us = 1.68 us
CONT: 1 x 3.76 us = 3.76 us
FLASH_ATTN_EXT dst(256,24,1,1),  q(256,1,24,1),  k(256,256,4,1),  v(256,256,4,1),  m(256,1,1,1): 1 x 13.96 us = 13.96 us (450.677 GFLOPS/s)
GET_ROWS: 3 x 5.013 us = 15.04 us
GLU: 1 x 1.8 us = 1.8 us
MUL_MAT f32 m=256 n=24 k=256: 1 x 1.68 us = 1.68 us (1868.8 GFLOPS/s)
MUL_MAT f32 m=64 n=16 k=64: 1 x 3.72 us = 3.72 us (34.9591 GFLOPS/s)
MUL_MAT f32 m=64 n=96 k=64: 1 x 3.76 us = 3.76 us (207.523 GFLOPS/s)
MUL_MAT_ADD MUL_MAT_VEC q6_K m=5120 n=1 k=17408: 1 x 123.48 us = 123.48 us (1443.58 GFLOPS/s)
MUL_MAT_ADD MUL_MAT_VEC q6_K m=5120 n=1 k=6144: 1 x 53.12 us = 53.12 us (1184.29 GFLOPS/s)
MUL_MAT_VEC f32 m=256 n=4 k=256: 1 x 3.16 us = 3.16 us (165.59 GFLOPS/s)
MUL_MAT_VEC q6_K m=1024 n=1 k=5120: 2 x 9.08 us = 18.16 us (1154.71 GFLOPS/s)
MUL_MAT_VEC q6_K m=12288 n=1 k=5120: 1 x 85.76 us = 85.76 us (1467.08 GFLOPS/s)
MUL_MAT_VEC q6_K m=17408 n=1 k=5120: 2 x 121.28 us = 242.56 us (1469.66 GFLOPS/s)
MUL_MAT_VEC q6_K m=98304 n=1 k=5120: 1 x 673.26 us = 673.26 us (1495.02 GFLOPS/s)
MUL_MAT_VEC q8_0 m=5120 n=1 k=10240: 1 x 101.96 us = 101.96 us (1028.37 GFLOPS/s)
PAD: 1 x 6.52 us = 6.52 us
RMS_NORM_MUL RMS_NORM(256,24,1,1): 1 x 5.52 us = 5.52 us
RMS_NORM_MUL RMS_NORM(256,4,1,1): 1 x 3.76 us = 3.76 us
RMS_NORM_MUL RMS_NORM(5120,1,1,1): 5 x 3.712 us = 18.56 us
ROPE: 2 x 3.72 us = 7.44 us
SET_ROWS: 2 x 2.94 us = 5.88 us
SIGMOID_MUL SIGMOID: 1 x 1.64 us = 1.64 us
TOP_K K=10 (98304,1,1,1): 1 x 9.16 us = 9.16 us
Total time: 1405.34 us.
----------------
Vulkan Timings:
CONCAT: 1 x 1.64 us = 1.64 us
CONT: 1 x 3.72 us = 3.72 us
FLASH_ATTN_EXT dst(256,24,1,1),  q(256,1,24,1),  k(256,256,4,1),  v(256,256,4,1),  m(256,1,1,1): 1 x 13.72 us = 13.72 us (458.561 GFLOPS/s)
GET_ROWS: 3 x 4.96 us = 14.88 us
GLU: 1 x 1.8 us = 1.8 us
MUL_MAT f32 m=256 n=24 k=256: 1 x 1.76 us = 1.76 us (1783.85 GFLOPS/s)
MUL_MAT f32 m=64 n=16 k=64: 1 x 3.76 us = 3.76 us (34.5872 GFLOPS/s)
MUL_MAT f32 m=64 n=96 k=64: 1 x 3.76 us = 3.76 us (207.523 GFLOPS/s)
MUL_MAT_ADD MUL_MAT_VEC q6_K m=5120 n=1 k=17408: 1 x 122.96 us = 122.96 us (1449.68 GFLOPS/s)
MUL_MAT_ADD MUL_MAT_VEC q6_K m=5120 n=1 k=6144: 1 x 53.24 us = 53.24 us (1181.62 GFLOPS/s)
MUL_MAT_VEC f32 m=256 n=4 k=256: 1 x 3.12 us = 3.12 us (167.713 GFLOPS/s)
MUL_MAT_VEC q6_K m=1024 n=1 k=5120: 2 x 8.92 us = 17.84 us (1175.42 GFLOPS/s)
MUL_MAT_VEC q6_K m=12288 n=1 k=5120: 1 x 86 us = 86 us (1462.99 GFLOPS/s)
MUL_MAT_VEC q6_K m=17408 n=1 k=5120: 2 x 121.2 us = 242.4 us (1470.63 GFLOPS/s)
MUL_MAT_VEC q6_K m=98304 n=1 k=5120: 1 x 674.04 us = 674.04 us (1493.29 GFLOPS/s)
MUL_MAT_VEC q8_0 m=5120 n=1 k=10240: 1 x 101.28 us = 101.28 us (1035.27 GFLOPS/s)
PAD: 1 x 6.56 us = 6.56 us
RMS_NORM_MUL RMS_NORM(256,24,1,1): 1 x 5.6 us = 5.6 us
RMS_NORM_MUL RMS_NORM(256,4,1,1): 1 x 3.72 us = 3.72 us
RMS_NORM_MUL RMS_NORM(5120,1,1,1): 5 x 3.68 us = 18.4 us
ROPE: 2 x 3.74 us = 7.48 us
SET_ROWS: 2 x 2.94 us = 5.88 us
SIGMOID_MUL SIGMOID: 1 x 1.64 us = 1.64 us
TOP_K K=10 (98304,1,1,1): 1 x 9.04 us = 9.04 us
Total time: 1404.24 us.
----------------
Vulkan Timings:
ADD: 48 x 3.849 us = 184.76 us
CONT: 16 x 5.37 us = 85.92 us
FLASH_ATTN_EXT dst(256,24,5,1),  q(256,5,24,1),  k(256,256,4,1),  v(256,256,4,1),  m(256,5,1,1): 16 x 28.342 us = 453.48 us (1109.9 GFLOPS/s)
GDN_CACHE GATED_DELTA_NET: 48 x 17.755 us = 852.28 us
GDN_CONV_STATE CONCAT: 48 x 3.999 us = 191.96 us
GET_ROWS: 3 x 16.693 us = 50.08 us
GLU: 64 x 2.336 us = 149.52 us
MUL_MAT f32 m=256 n=120 k=256: 16 x 2.635 us = 42.16 us (5957.46 GFLOPS/s)
MUL_MAT f32 m=256 n=20 k=256: 16 x 2.402 us = 38.44 us (1089 GFLOPS/s)
MUL_MAT f32 m=64 n=480 k=64: 16 x 4.942 us = 79.08 us (789.366 GFLOPS/s)
MUL_MAT f32 m=64 n=80 k=64: 16 x 4.742 us = 75.88 us (137.109 GFLOPS/s)
MUL_MAT_ADD MUL_MAT_VEC q6_K m=5120 n=5 k=17408: 64 x 144.24 us = 9231.36 us (6179.03 GFLOPS/s)
MUL_MAT_ADD MUL_MAT_VEC q6_K m=5120 n=5 k=6144: 16 x 61.665 us = 986.64 us (5100.9 GFLOPS/s)
MUL_MAT_GROUP MUL_MAT_VEC q6_K m=10240 n=5 k=5120: 47 x 132.473 us = 6226.25 us (3957.3 GFLOPS/s)
MUL_MAT_GROUP MUL_MAT_VEC q6_K m=12288 n=5 k=5120: 16 x 116.645 us = 1866.32 us (5393.15 GFLOPS/s)
MUL_MAT_GROUP MUL_MAT_VEC q6_K m=17408 n=5 k=5120: 64 x 291.261 us = 18640.8 us (3059.8 GFLOPS/s)
MUL_MAT_VEC f32 m=48 n=5 k=5120: 96 x 8.05 us = 772.88 us (305.231 GFLOPS/s)
MUL_MAT_VEC q6_K m=10240 n=5 k=5120: 1 x 144.52 us = 144.52 us (3627.43 GFLOPS/s)
MUL_MAT_VEC q6_K m=248320 n=5 k=5120: 1 x 1684.76 us = 1684.76 us (7545.73 GFLOPS/s)
MUL_MAT_VEC q6_K m=6144 n=5 k=5120: 1 x 83.28 us = 83.28 us (3776.92 GFLOPS/s)
MUL_MAT_VEC q8_0 m=5120 n=5 k=6144: 48 x 65.475 us = 3142.8 us (4804.08 GFLOPS/s)
RMS_NORM_MUL RMS_NORM(256,24,5,1): 16 x 3.695 us = 59.12 us
RMS_NORM_MUL RMS_NORM(256,4,5,1): 16 x 5.485 us = 87.76 us
RMS_NORM_MUL RMS_NORM(5120,5,1,1): 129 x 5.883 us = 759 us
RMS_NORM_MUL_SILU_MUL RMS_NORM(128,48,5,1): 48 x 6.093 us = 292.48 us
RMS_NORM_SCALE RMS_NORM(128,16,5,1): 96 x 2.266 us = 217.56 us
ROPE: 32 x 4.788 us = 153.24 us
SET_ROWS: 32 x 4.435 us = 141.92 us
SIGMOID_MUL SIGMOID: 16 x 4.465 us = 71.44 us
SSM_CONV_SILU SSM_CONV: 48 x 5.833 us = 280 us
Total time: 47045.7 us.
----------------
Vulkan Timings:
CONCAT: 1 x 3.84 us = 3.84 us
CONT: 1 x 3.88 us = 3.88 us
FLASH_ATTN_EXT dst(256,24,5,1),  q(256,5,24,1),  k(256,256,4,1),  v(256,256,4,1),  m(256,5,1,1): 1 x 24.04 us = 24.04 us (1308.54 GFLOPS/s)
GET_ROWS: 1 x 7.64 us = 7.64 us
GLU: 1 x 1.76 us = 1.76 us
MUL_MAT f32 m=256 n=120 k=256: 1 x 1.76 us = 1.76 us (8919.27 GFLOPS/s)
MUL_MAT f32 m=256 n=20 k=256: 1 x 3.24 us = 3.24 us (807.506 GFLOPS/s)
MUL_MAT f32 m=64 n=480 k=64: 1 x 3.84 us = 3.84 us (1016 GFLOPS/s)
MUL_MAT f32 m=64 n=80 k=64: 1 x 3.88 us = 3.88 us (167.588 GFLOPS/s)
MUL_MAT_ADD MUL_MAT_VEC q6_K m=5120 n=5 k=17408: 1 x 155.45 us = 155.45 us (5733.44 GFLOPS/s)
MUL_MAT_ADD MUL_MAT_VEC q6_K m=5120 n=5 k=6144: 1 x 56.48 us = 56.48 us (5569.18 GFLOPS/s)
MUL_MAT_GROUP MUL_MAT_VEC q6_K m=12288 n=5 k=5120: 1 x 131.01 us = 131.01 us (4801.8 GFLOPS/s)
MUL_MAT_GROUP MUL_MAT_VEC q6_K m=17408 n=5 k=5120: 1 x 255.32 us = 255.32 us (3490.53 GFLOPS/s)
MUL_MAT_VEC q8_0 m=5120 n=5 k=10240: 1 x 106.72 us = 106.72 us (4912.5 GFLOPS/s)
RMS_NORM_MUL RMS_NORM(256,24,5,1): 1 x 3.76 us = 3.76 us
RMS_NORM_MUL RMS_NORM(256,4,5,1): 1 x 3.84 us = 3.84 us
RMS_NORM_MUL RMS_NORM(5120,5,1,1): 5 x 9.108 us = 45.54 us
ROPE: 2 x 3.86 us = 7.72 us
SET_ROWS: 2 x 3.1 us = 6.2 us
SIGMOID_MUL SIGMOID: 1 x 3.84 us = 3.84 us
Total time: 829.76 us.
----------------
Vulkan Timings:
CONCAT: 1 x 1.56 us = 1.56 us
CONT: 1 x 3.48 us = 3.48 us
FLASH_ATTN_EXT dst(256,24,1,1),  q(256,1,24,1),  k(256,256,4,1),  v(256,256,4,1),  m(256,1,1,1): 1 x 13.52 us = 13.52 us (465.344 GFLOPS/s)
GET_ROWS: 3 x 5.96 us = 17.88 us
GLU: 1 x 1.64 us = 1.64 us
MUL_MAT f32 m=256 n=24 k=256: 1 x 1.6 us = 1.6 us (1962.24 GFLOPS/s)
MUL_MAT f32 m=64 n=16 k=64: 1 x 1.8 us = 1.8 us (72.2489 GFLOPS/s)
MUL_MAT f32 m=64 n=96 k=64: 1 x 3.2 us = 3.2 us (243.84 GFLOPS/s)
MUL_MAT_ADD MUL_MAT_VEC q6_K m=5120 n=1 k=17408: 1 x 122.72 us = 122.72 us (1452.52 GFLOPS/s)
MUL_MAT_ADD MUL_MAT_VEC q6_K m=5120 n=1 k=6144: 1 x 47.68 us = 47.68 us (1319.41 GFLOPS/s)
MUL_MAT_VEC f32 m=256 n=4 k=256: 1 x 3 us = 3 us (174.421 GFLOPS/s)
MUL_MAT_VEC q6_K m=1024 n=1 k=5120: 2 x 8.74 us = 17.48 us (1199.63 GFLOPS/s)
MUL_MAT_VEC q6_K m=12288 n=1 k=5120: 1 x 89.76 us = 89.76 us (1401.7 GFLOPS/s)
MUL_MAT_VEC q6_K m=17408 n=1 k=5120: 2 x 121.64 us = 243.28 us (1465.31 GFLOPS/s)
MUL_MAT_VEC q6_K m=98304 n=1 k=5120: 1 x 674.59 us = 674.59 us (1492.07 GFLOPS/s)
MUL_MAT_VEC q8_0 m=5120 n=1 k=10240: 1 x 98.12 us = 98.12 us (1068.61 GFLOPS/s)
PAD: 1 x 6.32 us = 6.32 us
RMS_NORM_MUL RMS_NORM(256,24,1,1): 1 x 5.36 us = 5.36 us
RMS_NORM_MUL RMS_NORM(256,4,1,1): 1 x 4.8 us = 4.8 us
RMS_NORM_MUL RMS_NORM(5120,1,1,1): 5 x 4.328 us = 21.64 us
ROPE: 2 x 3.28 us = 6.56 us
SET_ROWS: 2 x 2.8 us = 5.6 us
SIGMOID_MUL SIGMOID: 1 x 1.6 us = 1.6 us
TOP_K K=10 (98304,1,1,1): 1 x 8.84 us = 8.84 us
Total time: 1402.03 us.
----------------
Vulkan Timings:
CONCAT: 1 x 1.68 us = 1.68 us
CONT: 1 x 3.64 us = 3.64 us
FLASH_ATTN_EXT dst(256,24,1,1),  q(256,1,24,1),  k(256,256,4,1),  v(256,256,4,1),  m(256,1,1,1): 1 x 13.8 us = 13.8 us (455.903 GFLOPS/s)
GET_ROWS: 3 x 4.88 us = 14.64 us
GLU: 1 x 1.76 us = 1.76 us
MUL_MAT f32 m=256 n=24 k=256: 1 x 1.68 us = 1.68 us (1868.8 GFLOPS/s)
MUL_MAT f32 m=64 n=16 k=64: 1 x 3.56 us = 3.56 us (36.5303 GFLOPS/s)
MUL_MAT f32 m=64 n=96 k=64: 1 x 3.6 us = 3.6 us (216.747 GFLOPS/s)
MUL_MAT_ADD MUL_MAT_VEC q6_K m=5120 n=1 k=17408: 1 x 123.88 us = 123.88 us (1438.92 GFLOPS/s)
MUL_MAT_ADD MUL_MAT_VEC q6_K m=5120 n=1 k=6144: 1 x 53.8 us = 53.8 us (1169.32 GFLOPS/s)
MUL_MAT_VEC f32 m=256 n=4 k=256: 1 x 3.04 us = 3.04 us (172.126 GFLOPS/s)
MUL_MAT_VEC q6_K m=1024 n=1 k=5120: 2 x 7 us = 14 us (1497.82 GFLOPS/s)
MUL_MAT_VEC q6_K m=12288 n=1 k=5120: 1 x 93 us = 93 us (1352.87 GFLOPS/s)
MUL_MAT_VEC q6_K m=17408 n=1 k=5120: 2 x 121.14 us = 242.28 us (1471.36 GFLOPS/s)
MUL_MAT_VEC q6_K m=98304 n=1 k=5120: 1 x 731.88 us = 731.88 us (1375.27 GFLOPS/s)
MUL_MAT_VEC q8_0 m=5120 n=1 k=10240: 1 x 101.96 us = 101.96 us (1028.37 GFLOPS/s)
PAD: 1 x 6.4 us = 6.4 us
RMS_NORM_MUL RMS_NORM(256,24,1,1): 1 x 3.6 us = 3.6 us
RMS_NORM_MUL RMS_NORM(256,4,1,1): 1 x 3.6 us = 3.6 us
RMS_NORM_MUL RMS_NORM(5120,1,1,1): 5 x 3.76 us = 18.8 us
ROPE: 2 x 3.56 us = 7.12 us
SET_ROWS: 2 x 2.9 us = 5.8 us
SIGMOID_MUL SIGMOID: 1 x 1.92 us = 1.92 us
TOP_K K=10 (98304,1,1,1): 1 x 9 us = 9 us
Total time: 1464.44 us.
----------------
Vulkan Timings:
CONCAT: 1 x 1.68 us = 1.68 us
CONT: 1 x 3.6 us = 3.6 us
FLASH_ATTN_EXT dst(256,24,1,1),  q(256,1,24,1),  k(256,256,4,1),  v(256,256,4,1),  m(256,1,1,1): 1 x 13.8 us = 13.8 us (455.903 GFLOPS/s)
GET_ROWS: 3 x 4.826 us = 14.48 us
GLU: 1 x 1.8 us = 1.8 us
MUL_MAT f32 m=256 n=24 k=256: 1 x 1.68 us = 1.68 us (1868.8 GFLOPS/s)
MUL_MAT f32 m=64 n=16 k=64: 1 x 3.6 us = 3.6 us (36.1244 GFLOPS/s)
MUL_MAT f32 m=64 n=96 k=64: 1 x 3.56 us = 3.56 us (219.182 GFLOPS/s)
MUL_MAT_ADD MUL_MAT_VEC q6_K m=5120 n=1 k=17408: 1 x 123.04 us = 123.04 us (1448.74 GFLOPS/s)
MUL_MAT_ADD MUL_MAT_VEC q6_K m=5120 n=1 k=6144: 1 x 53.24 us = 53.24 us (1181.62 GFLOPS/s)
MUL_MAT_VEC f32 m=256 n=4 k=256: 1 x 3 us = 3 us (174.421 GFLOPS/s)
MUL_MAT_VEC q6_K m=1024 n=1 k=5120: 2 x 6.82 us = 13.64 us (1537.35 GFLOPS/s)
MUL_MAT_VEC q6_K m=12288 n=1 k=5120: 1 x 92.96 us = 92.96 us (1353.45 GFLOPS/s)
MUL_MAT_VEC q6_K m=17408 n=1 k=5120: 2 x 121.22 us = 242.44 us (1470.39 GFLOPS/s)
MUL_MAT_VEC q6_K m=98304 n=1 k=5120: 1 x 672.29 us = 672.29 us (1497.17 GFLOPS/s)
MUL_MAT_VEC q8_0 m=5120 n=1 k=10240: 1 x 101.4 us = 101.4 us (1034.05 GFLOPS/s)
PAD: 1 x 6.4 us = 6.4 us
RMS_NORM_MUL RMS_NORM(256,24,1,1): 1 x 3.64 us = 3.64 us
RMS_NORM_MUL RMS_NORM(256,4,1,1): 1 x 3.6 us = 3.6 us
RMS_NORM_MUL RMS_NORM(5120,1,1,1): 5 x 3.76 us = 18.8 us
ROPE: 2 x 3.58 us = 7.16 us
SET_ROWS: 2 x 2.9 us = 5.8 us
SIGMOID_MUL SIGMOID: 1 x 1.64 us = 1.64 us
TOP_K K=10 (98304,1,1,1): 1 x 8.92 us = 8.92 us
Total time: 1402.17 us.
----------------
Vulkan Timings:
CONCAT: 1 x 1.64 us = 1.64 us
CONT: 1 x 3.6 us = 3.6 us
FLASH_ATTN_EXT dst(256,24,1,1),  q(256,1,24,1),  k(256,256,4,1),  v(256,256,4,1),  m(256,1,1,1): 1 x 13.96 us = 13.96 us (450.677 GFLOPS/s)
GET_ROWS: 3 x 4.88 us = 14.64 us
GLU: 1 x 1.68 us = 1.68 us
MUL_MAT f32 m=256 n=24 k=256: 1 x 1.6 us = 1.6 us (1962.24 GFLOPS/s)
MUL_MAT f32 m=64 n=16 k=64: 1 x 3.6 us = 3.6 us (36.1244 GFLOPS/s)
MUL_MAT f32 m=64 n=96 k=64: 1 x 3.6 us = 3.6 us (216.747 GFLOPS/s)
MUL_MAT_ADD MUL_MAT_VEC q6_K m=5120 n=1 k=17408: 1 x 123.68 us = 123.68 us (1441.24 GFLOPS/s)
MUL_MAT_ADD MUL_MAT_VEC q6_K m=5120 n=1 k=6144: 1 x 53.72 us = 53.72 us (1171.06 GFLOPS/s)
MUL_MAT_VEC f32 m=256 n=4 k=256: 1 x 3 us = 3 us (174.421 GFLOPS/s)
MUL_MAT_VEC q6_K m=1024 n=1 k=5120: 2 x 6.84 us = 13.68 us (1532.86 GFLOPS/s)
MUL_MAT_VEC q6_K m=12288 n=1 k=5120: 1 x 93.12 us = 93.12 us (1351.13 GFLOPS/s)
MUL_MAT_VEC q6_K m=17408 n=1 k=5120: 2 x 121.54 us = 243.08 us (1466.52 GFLOPS/s)
MUL_MAT_VEC q6_K m=98304 n=1 k=5120: 1 x 672.43 us = 672.43 us (1496.86 GFLOPS/s)
MUL_MAT_VEC q8_0 m=5120 n=1 k=10240: 1 x 101.32 us = 101.32 us (1034.86 GFLOPS/s)
PAD: 1 x 6.32 us = 6.32 us
RMS_NORM_MUL RMS_NORM(256,24,1,1): 1 x 3.64 us = 3.64 us
RMS_NORM_MUL RMS_NORM(256,4,1,1): 1 x 3.6 us = 3.6 us
RMS_NORM_MUL RMS_NORM(5120,1,1,1): 5 x 3.712 us = 18.56 us
ROPE: 2 x 3.58 us = 7.16 us
SET_ROWS: 2 x 2.9 us = 5.8 us
SIGMOID_MUL SIGMOID: 1 x 1.92 us = 1.92 us
TOP_K K=10 (98304,1,1,1): 1 x 9.08 us = 9.08 us
Total time: 1404.43 us.
----------------
Vulkan Timings:
ADD: 48 x 3.826 us = 183.68 us
CONT: 16 x 3.715 us = 59.44 us
FLASH_ATTN_EXT dst(256,24,5,1),  q(256,5,24,1),  k(256,256,4,1),  v(256,256,4,1),  m(256,5,1,1): 16 x 23.32 us = 373.12 us (1348.94 GFLOPS/s)
GDN_CACHE GATED_DELTA_NET: 48 x 14.396 us = 691.04 us
GDN_CONV_STATE CONCAT: 48 x 3.131 us = 150.32 us
GET_ROWS: 3 x 11.546 us = 34.64 us
GLU: 64 x 2.405 us = 153.96 us
MUL_MAT f32 m=256 n=120 k=256: 16 x 1.705 us = 27.28 us (9206.99 GFLOPS/s)
MUL_MAT f32 m=256 n=20 k=256: 16 x 3.135 us = 50.16 us (834.552 GFLOPS/s)
MUL_MAT f32 m=64 n=480 k=64: 16 x 3.705 us = 59.28 us (1053.02 GFLOPS/s)
MUL_MAT f32 m=64 n=80 k=64: 16 x 3.697 us = 59.16 us (175.859 GFLOPS/s)
MUL_MAT_ADD MUL_MAT_VEC q6_K m=5120 n=5 k=17408: 64 x 129.429 us = 8283.48 us (6886.1 GFLOPS/s)
MUL_MAT_ADD MUL_MAT_VEC q6_K m=5120 n=5 k=6144: 16 x 55.555 us = 888.88 us (5661.91 GFLOPS/s)
MUL_MAT_GROUP MUL_MAT_VEC q6_K m=10240 n=5 k=5120: 47 x 118.28 us = 5559.2 us (4432.14 GFLOPS/s)
MUL_MAT_GROUP MUL_MAT_VEC q6_K m=12288 n=5 k=5120: 16 x 104.21 us = 1667.36 us (6036.7 GFLOPS/s)
MUL_MAT_GROUP MUL_MAT_VEC q6_K m=17408 n=5 k=5120: 64 x 266.222 us = 17038.2 us (3347.59 GFLOPS/s)
MUL_MAT_VEC f32 m=48 n=5 k=5120: 96 x 6.347 us = 609.36 us (387.138 GFLOPS/s)
MUL_MAT_VEC q6_K m=10240 n=5 k=5120: 1 x 80.56 us = 80.56 us (6507.41 GFLOPS/s)
MUL_MAT_VEC q6_K m=248320 n=5 k=5120: 1 x 1687.48 us = 1687.48 us (7533.57 GFLOPS/s)
MUL_MAT_VEC q6_K m=6144 n=5 k=5120: 1 x 49.84 us = 49.84 us (6311.04 GFLOPS/s)
MUL_MAT_VEC q8_0 m=5120 n=5 k=6144: 48 x 60.654 us = 2911.4 us (5185.91 GFLOPS/s)
RMS_NORM_MUL RMS_NORM(256,24,5,1): 16 x 3.812 us = 61 us
RMS_NORM_MUL RMS_NORM(256,4,5,1): 16 x 3.62 us = 57.92 us
RMS_NORM_MUL RMS_NORM(5120,5,1,1): 129 x 4.345 us = 560.6 us
RMS_NORM_MUL_SILU_MUL RMS_NORM(128,48,5,1): 48 x 5.875 us = 282 us
RMS_NORM_SCALE RMS_NORM(128,16,5,1): 96 x 2.499 us = 239.92 us
ROPE: 32 x 3.676 us = 117.64 us
SET_ROWS: 32 x 2.965 us = 94.88 us
SIGMOID_MUL SIGMOID: 16 x 3.712 us = 59.4 us
SSM_CONV_SILU SSM_CONV: 48 x 4.82 us = 231.4 us
Total time: 42322.6 us.
----------------
Vulkan Timings:
CONCAT: 1 x 4.08 us = 4.08 us
CONT: 1 x 3.6 us = 3.6 us
FLASH_ATTN_EXT dst(256,24,5,1),  q(256,5,24,1),  k(256,256,4,1),  v(256,256,4,1),  m(256,5,1,1): 1 x 23.12 us = 23.12 us (1360.61 GFLOPS/s)
GET_ROWS: 1 x 6.68 us = 6.68 us
GLU: 1 x 1.72 us = 1.72 us
MUL_MAT f32 m=256 n=120 k=256: 1 x 1.76 us = 1.76 us (8919.27 GFLOPS/s)
MUL_MAT f32 m=256 n=20 k=256: 1 x 3 us = 3 us (872.107 GFLOPS/s)
MUL_MAT f32 m=64 n=480 k=64: 1 x 3.64 us = 3.64 us (1071.82 GFLOPS/s)
MUL_MAT f32 m=64 n=80 k=64: 1 x 3.68 us = 3.68 us (176.696 GFLOPS/s)
MUL_MAT_ADD MUL_MAT_VEC q6_K m=5120 n=5 k=17408: 1 x 153.61 us = 153.61 us (5802.12 GFLOPS/s)
MUL_MAT_ADD MUL_MAT_VEC q6_K m=5120 n=5 k=6144: 1 x 56.32 us = 56.32 us (5585 GFLOPS/s)
MUL_MAT_GROUP MUL_MAT_VEC q6_K m=12288 n=5 k=5120: 1 x 128.96 us = 128.96 us (4878.13 GFLOPS/s)
MUL_MAT_GROUP MUL_MAT_VEC q6_K m=17408 n=5 k=5120: 1 x 254.84 us = 254.84 us (3497.11 GFLOPS/s)
MUL_MAT_VEC q8_0 m=5120 n=5 k=10240: 1 x 105 us = 105 us (4992.98 GFLOPS/s)
RMS_NORM_MUL RMS_NORM(256,24,5,1): 1 x 3.56 us = 3.56 us
RMS_NORM_MUL RMS_NORM(256,4,5,1): 1 x 3.6 us = 3.6 us
RMS_NORM_MUL RMS_NORM(5120,5,1,1): 5 x 9.034 us = 45.17 us
ROPE: 2 x 3.62 us = 7.24 us
SET_ROWS: 2 x 2.88 us = 5.76 us
SIGMOID_MUL SIGMOID: 1 x 3.64 us = 3.64 us
Total time: 818.98 us.
----------------
Vulkan Timings:
CONCAT: 1 x 1.6 us = 1.6 us
CONT: 1 x 3.64 us = 3.64 us
FLASH_ATTN_EXT dst(256,24,1,1),  q(256,1,24,1),  k(256,256,4,1),  v(256,256,4,1),  m(256,1,1,1): 1 x 13.6 us = 13.6 us (462.607 GFLOPS/s)
GET_ROWS: 3 x 4.893 us = 14.68 us
GLU: 1 x 1.72 us = 1.72 us
MUL_MAT f32 m=256 n=24 k=256: 1 x 1.48 us = 1.48 us (2121.34 GFLOPS/s)
MUL_MAT f32 m=64 n=16 k=64: 1 x 1.84 us = 1.84 us (70.6783 GFLOPS/s)
MUL_MAT f32 m=64 n=96 k=64: 1 x 3.32 us = 3.32 us (235.027 GFLOPS/s)
MUL_MAT_ADD MUL_MAT_VEC q6_K m=5120 n=1 k=17408: 1 x 123.12 us = 123.12 us (1447.8 GFLOPS/s)
MUL_MAT_ADD MUL_MAT_VEC q6_K m=5120 n=1 k=6144: 1 x 48.16 us = 48.16 us (1306.26 GFLOPS/s)
MUL_MAT_VEC f32 m=256 n=4 k=256: 1 x 3.16 us = 3.16 us (165.59 GFLOPS/s)
MUL_MAT_VEC q6_K m=1024 n=1 k=5120: 2 x 9.92 us = 19.84 us (1056.93 GFLOPS/s)
MUL_MAT_VEC q6_K m=12288 n=1 k=5120: 1 x 89.56 us = 89.56 us (1404.83 GFLOPS/s)
MUL_MAT_VEC q6_K m=17408 n=1 k=5120: 2 x 121.52 us = 243.04 us (1466.76 GFLOPS/s)
MUL_MAT_VEC q6_K m=98304 n=1 k=5120: 1 x 673.8 us = 673.8 us (1493.82 GFLOPS/s)
MUL_MAT_VEC q8_0 m=5120 n=1 k=10240: 1 x 99.12 us = 99.12 us (1057.83 GFLOPS/s)
PAD: 1 x 6.56 us = 6.56 us
RMS_NORM_MUL RMS_NORM(256,24,1,1): 1 x 3.32 us = 3.32 us
RMS_NORM_MUL RMS_NORM(256,4,1,1): 1 x 5.12 us = 5.12 us
RMS_NORM_MUL RMS_NORM(5120,1,1,1): 5 x 4.376 us = 21.88 us
ROPE: 2 x 3.48 us = 6.96 us
SET_ROWS: 2 x 2.86 us = 5.72 us
SIGMOID_MUL SIGMOID: 1 x 1.64 us = 1.64 us
TOP_K K=10 (98304,1,1,1): 1 x 9.12 us = 9.12 us
Total time: 1402 us.
----------------
Vulkan Timings:
CONCAT: 1 x 1.64 us = 1.64 us
CONT: 1 x 3.8 us = 3.8 us
FLASH_ATTN_EXT dst(256,24,1,1),  q(256,1,24,1),  k(256,256,4,1),  v(256,256,4,1),  m(256,1,1,1): 1 x 13.84 us = 13.84 us (454.585 GFLOPS/s)
GET_ROWS: 3 x 4.986 us = 14.96 us
GLU: 1 x 1.76 us = 1.76 us
MUL_MAT f32 m=256 n=24 k=256: 1 x 1.6 us = 1.6 us (1962.24 GFLOPS/s)
MUL_MAT f32 m=64 n=16 k=64: 1 x 3.76 us = 3.76 us (34.5872 GFLOPS/s)
MUL_MAT f32 m=64 n=96 k=64: 1 x 3.76 us = 3.76 us (207.523 GFLOPS/s)
MUL_MAT_ADD MUL_MAT_VEC q6_K m=5120 n=1 k=17408: 1 x 123.88 us = 123.88 us (1438.92 GFLOPS/s)
MUL_MAT_ADD MUL_MAT_VEC q6_K m=5120 n=1 k=6144: 1 x 53.48 us = 53.48 us (1176.32 GFLOPS/s)
MUL_MAT_VEC f32 m=256 n=4 k=256: 1 x 3.16 us = 3.16 us (165.59 GFLOPS/s)
MUL_MAT_VEC q6_K m=1024 n=1 k=5120: 2 x 6.92 us = 13.84 us (1515.14 GFLOPS/s)
MUL_MAT_VEC q6_K m=12288 n=1 k=5120: 1 x 93 us = 93 us (1352.87 GFLOPS/s)
MUL_MAT_VEC q6_K m=17408 n=1 k=5120: 2 x 121.26 us = 242.52 us (1469.9 GFLOPS/s)
MUL_MAT_VEC q6_K m=98304 n=1 k=5120: 1 x 672.36 us = 672.36 us (1497.02 GFLOPS/s)
MUL_MAT_VEC q8_0 m=5120 n=1 k=10240: 1 x 102 us = 102 us (1027.97 GFLOPS/s)
PAD: 1 x 6.52 us = 6.52 us
RMS_NORM_MUL RMS_NORM(256,24,1,1): 1 x 3.76 us = 3.76 us
RMS_NORM_MUL RMS_NORM(256,4,1,1): 1 x 3.72 us = 3.72 us
RMS_NORM_MUL RMS_NORM(5120,1,1,1): 5 x 3.744 us = 18.72 us
ROPE: 2 x 3.72 us = 7.44 us
SET_ROWS: 2 x 2.94 us = 5.88 us
SIGMOID_MUL SIGMOID: 1 x 1.68 us = 1.68 us
TOP_K K=10 (98304,1,1,1): 1 x 8.88 us = 8.88 us
Total time: 1405.96 us.
----------------
Vulkan Timings:
CONCAT: 1 x 1.68 us = 1.68 us
CONT: 1 x 3.76 us = 3.76 us
FLASH_ATTN_EXT dst(256,24,1,1),  q(256,1,24,1),  k(256,256,4,1),  v(256,256,4,1),  m(256,1,1,1): 1 x 13.88 us = 13.88 us (453.275 GFLOPS/s)
GET_ROWS: 3 x 5 us = 15 us
GLU: 1 x 1.84 us = 1.84 us
MUL_MAT f32 m=256 n=24 k=256: 1 x 1.68 us = 1.68 us (1868.8 GFLOPS/s)
MUL_MAT f32 m=64 n=16 k=64: 1 x 3.76 us = 3.76 us (34.5872 GFLOPS/s)
MUL_MAT f32 m=64 n=96 k=64: 1 x 3.76 us = 3.76 us (207.523 GFLOPS/s)
MUL_MAT_ADD MUL_MAT_VEC q6_K m=5120 n=1 k=17408: 1 x 123.8 us = 123.8 us (1439.84 GFLOPS/s)
MUL_MAT_ADD MUL_MAT_VEC q6_K m=5120 n=1 k=6144: 1 x 54.04 us = 54.04 us (1164.13 GFLOPS/s)
MUL_MAT_VEC f32 m=256 n=4 k=256: 1 x 3.2 us = 3.2 us (163.52 GFLOPS/s)
MUL_MAT_VEC q6_K m=1024 n=1 k=5120: 2 x 8.76 us = 17.52 us (1196.89 GFLOPS/s)
MUL_MAT_VEC q6_K m=12288 n=1 k=5120: 1 x 85.44 us = 85.44 us (1472.58 GFLOPS/s)
MUL_MAT_VEC q6_K m=17408 n=1 k=5120: 2 x 121.62 us = 243.24 us (1465.55 GFLOPS/s)
MUL_MAT_VEC q6_K m=98304 n=1 k=5120: 1 x 674.4 us = 674.4 us (1492.49 GFLOPS/s)
MUL_MAT_VEC q8_0 m=5120 n=1 k=10240: 1 x 101.84 us = 101.84 us (1029.58 GFLOPS/s)
PAD: 1 x 6.6 us = 6.6 us
RMS_NORM_MUL RMS_NORM(256,24,1,1): 1 x 5.6 us = 5.6 us
RMS_NORM_MUL RMS_NORM(256,4,1,1): 1 x 3.72 us = 3.72 us
RMS_NORM_MUL RMS_NORM(5120,1,1,1): 5 x 3.768 us = 18.84 us
ROPE: 2 x 3.72 us = 7.44 us
SET_ROWS: 2 x 2.98 us = 5.96 us
SIGMOID_MUL SIGMOID: 1 x 1.64 us = 1.64 us
TOP_K K=10 (98304,1,1,1): 1 x 9.08 us = 9.08 us
Total time: 1407.72 us.
----------------
Vulkan Timings:
CONCAT: 1 x 1.68 us = 1.68 us
CONT: 1 x 3.76 us = 3.76 us
FLASH_ATTN_EXT dst(256,24,1,1),  q(256,1,24,1),  k(256,256,4,1),  v(256,256,4,1),  m(256,1,1,1): 1 x 13.84 us = 13.84 us (454.585 GFLOPS/s)
GET_ROWS: 3 x 4.946 us = 14.84 us
GLU: 1 x 1.88 us = 1.88 us
MUL_MAT f32 m=256 n=24 k=256: 1 x 1.68 us = 1.68 us (1868.8 GFLOPS/s)
MUL_MAT f32 m=64 n=16 k=64: 1 x 3.76 us = 3.76 us (34.5872 GFLOPS/s)
MUL_MAT f32 m=64 n=96 k=64: 1 x 3.76 us = 3.76 us (207.523 GFLOPS/s)
MUL_MAT_ADD MUL_MAT_VEC q6_K m=5120 n=1 k=17408: 1 x 123.12 us = 123.12 us (1447.8 GFLOPS/s)
MUL_MAT_ADD MUL_MAT_VEC q6_K m=5120 n=1 k=6144: 1 x 53.4 us = 53.4 us (1178.08 GFLOPS/s)
MUL_MAT_VEC f32 m=256 n=4 k=256: 1 x 3.16 us = 3.16 us (165.59 GFLOPS/s)
MUL_MAT_VEC q6_K m=1024 n=1 k=5120: 2 x 8.92 us = 17.84 us (1175.42 GFLOPS/s)
MUL_MAT_VEC q6_K m=12288 n=1 k=5120: 1 x 86.4 us = 86.4 us (1456.21 GFLOPS/s)
MUL_MAT_VEC q6_K m=17408 n=1 k=5120: 2 x 121.68 us = 243.36 us (1464.83 GFLOPS/s)
MUL_MAT_VEC q6_K m=98304 n=1 k=5120: 1 x 671.8 us = 671.8 us (1498.27 GFLOPS/s)
MUL_MAT_VEC q8_0 m=5120 n=1 k=10240: 1 x 101.2 us = 101.2 us (1036.09 GFLOPS/s)
PAD: 1 x 6.48 us = 6.48 us
RMS_NORM_MUL RMS_NORM(256,24,1,1): 1 x 5.56 us = 5.56 us
RMS_NORM_MUL RMS_NORM(256,4,1,1): 1 x 3.8 us = 3.8 us
RMS_NORM_MUL RMS_NORM(5120,1,1,1): 5 x 3.784 us = 18.92 us
ROPE: 2 x 3.74 us = 7.48 us
SET_ROWS: 2 x 2.94 us = 5.88 us
SIGMOID_MUL SIGMOID: 1 x 1.64 us = 1.64 us
TOP_K K=10 (98304,1,1,1): 1 x 9.16 us = 9.16 us
Total time: 1404.4 us.
----------------
Vulkan Timings:
ADD: 48 x 3.945 us = 189.4 us
CONT: 16 x 3.832 us = 61.32 us
FLASH_ATTN_EXT dst(256,24,5,1),  q(256,5,24,1),  k(256,256,4,1),  v(256,256,4,1),  m(256,5,1,1): 16 x 23.365 us = 373.84 us (1346.34 GFLOPS/s)
GDN_CACHE GATED_DELTA_NET: 48 x 13.84 us = 664.36 us
GDN_CONV_STATE CONCAT: 48 x 3.024 us = 145.16 us
GET_ROWS: 3 x 11.586 us = 34.76 us
GLU: 64 x 2.348 us = 150.32 us
MUL_MAT f32 m=256 n=120 k=256: 16 x 1.745 us = 27.92 us (8995.94 GFLOPS/s)
MUL_MAT f32 m=256 n=20 k=256: 16 x 2.952 us = 47.24 us (886.137 GFLOPS/s)
MUL_MAT f32 m=64 n=480 k=64: 16 x 3.83 us = 61.28 us (1018.65 GFLOPS/s)
MUL_MAT f32 m=64 n=80 k=64: 16 x 3.82 us = 61.12 us (170.22 GFLOPS/s)
MUL_MAT_ADD MUL_MAT_VEC q6_K m=5120 n=5 k=17408: 64 x 129.663 us = 8298.48 us (6873.66 GFLOPS/s)
MUL_MAT_ADD MUL_MAT_VEC q6_K m=5120 n=5 k=6144: 16 x 55.767 us = 892.28 us (5640.33 GFLOPS/s)
MUL_MAT_GROUP MUL_MAT_VEC q6_K m=10240 n=5 k=5120: 47 x 118.182 us = 5554.56 us (4435.84 GFLOPS/s)
MUL_MAT_GROUP MUL_MAT_VEC q6_K m=12288 n=5 k=5120: 16 x 104.32 us = 1669.12 us (6030.33 GFLOPS/s)
MUL_MAT_GROUP MUL_MAT_VEC q6_K m=17408 n=5 k=5120: 64 x 266.778 us = 17073.8 us (3340.61 GFLOPS/s)
MUL_MAT_VEC f32 m=48 n=5 k=5120: 96 x 6.719 us = 645.04 us (365.724 GFLOPS/s)
MUL_MAT_VEC q6_K m=10240 n=5 k=5120: 1 x 79.88 us = 79.88 us (6562.8 GFLOPS/s)
MUL_MAT_VEC q6_K m=248320 n=5 k=5120: 1 x 1686.44 us = 1686.44 us (7538.21 GFLOPS/s)
MUL_MAT_VEC q6_K m=6144 n=5 k=5120: 1 x 52.64 us = 52.64 us (5975.34 GFLOPS/s)
MUL_MAT_VEC q8_0 m=5120 n=5 k=6144: 48 x 60.815 us = 2919.12 us (5172.2 GFLOPS/s)
RMS_NORM_MUL RMS_NORM(256,24,5,1): 16 x 3.947 us = 63.16 us
RMS_NORM_MUL RMS_NORM(256,4,5,1): 16 x 3.735 us = 59.76 us
RMS_NORM_MUL RMS_NORM(5120,5,1,1): 129 x 4.372 us = 564 us
RMS_NORM_MUL_SILU_MUL RMS_NORM(128,48,5,1): 48 x 6.105 us = 293.08 us
RMS_NORM_SCALE RMS_NORM(128,16,5,1): 96 x 2.538 us = 243.72 us
ROPE: 32 x 3.793 us = 121.4 us
SET_ROWS: 32 x 3.102 us = 99.28 us
SIGMOID_MUL SIGMOID: 16 x 3.845 us = 61.52 us
SSM_CONV_SILU SSM_CONV: 48 x 4.942 us = 237.24 us
Total time: 42431.2 us.
----------------
Vulkan Timings:
CONCAT: 1 x 3.88 us = 3.88 us
CONT: 1 x 3.8 us = 3.8 us
FLASH_ATTN_EXT dst(256,24,5,1),  q(256,5,24,1),  k(256,256,4,1),  v(256,256,4,1),  m(256,5,1,1): 1 x 23.28 us = 23.28 us (1351.26 GFLOPS/s)
GET_ROWS: 1 x 6.8 us = 6.8 us
GLU: 1 x 1.72 us = 1.72 us
MUL_MAT f32 m=256 n=120 k=256: 1 x 1.72 us = 1.72 us (9126.7 GFLOPS/s)
MUL_MAT f32 m=256 n=20 k=256: 1 x 3.2 us = 3.2 us (817.6 GFLOPS/s)
MUL_MAT f32 m=64 n=480 k=64: 1 x 3.76 us = 3.76 us (1037.62 GFLOPS/s)
MUL_MAT f32 m=64 n=80 k=64: 1 x 3.8 us = 3.8 us (171.116 GFLOPS/s)
MUL_MAT_ADD MUL_MAT_VEC q6_K m=5120 n=5 k=17408: 1 x 154.68 us = 154.68 us (5761.99 GFLOPS/s)
MUL_MAT_ADD MUL_MAT_VEC q6_K m=5120 n=5 k=6144: 1 x 55.68 us = 55.68 us (5649.2 GFLOPS/s)
MUL_MAT_GROUP MUL_MAT_VEC q6_K m=12288 n=5 k=5120: 1 x 128.77 us = 128.77 us (4885.33 GFLOPS/s)
MUL_MAT_GROUP MUL_MAT_VEC q6_K m=17408 n=5 k=5120: 1 x 255.2 us = 255.2 us (3492.17 GFLOPS/s)
MUL_MAT_VEC q8_0 m=5120 n=5 k=10240: 1 x 106.48 us = 106.48 us (4923.58 GFLOPS/s)
RMS_NORM_MUL RMS_NORM(256,24,5,1): 1 x 3.68 us = 3.68 us
RMS_NORM_MUL RMS_NORM(256,4,5,1): 1 x 3.72 us = 3.72 us
RMS_NORM_MUL RMS_NORM(5120,5,1,1): 5 x 9.026 us = 45.13 us
ROPE: 2 x 3.78 us = 7.56 us
SET_ROWS: 2 x 2.96 us = 5.92 us
SIGMOID_MUL SIGMOID: 1 x 3.84 us = 3.84 us
Total time: 822.62 us.
----------------
Vulkan Timings:
CONCAT: 1 x 1.6 us = 1.6 us
CONT: 1 x 3.52 us = 3.52 us
FLASH_ATTN_EXT dst(256,24,1,1),  q(256,1,24,1),  k(256,256,4,1),  v(256,256,4,1),  m(256,1,1,1): 1 x 13.6 us = 13.6 us (462.607 GFLOPS/s)
GET_ROWS: 3 x 4.786 us = 14.36 us
GLU: 1 x 1.6 us = 1.6 us
MUL_MAT f32 m=256 n=24 k=256: 1 x 1.52 us = 1.52 us (2065.52 GFLOPS/s)
MUL_MAT f32 m=64 n=16 k=64: 1 x 1.8 us = 1.8 us (72.2489 GFLOPS/s)
MUL_MAT f32 m=64 n=96 k=64: 1 x 3.24 us = 3.24 us (240.83 GFLOPS/s)
MUL_MAT_ADD MUL_MAT_VEC q6_K m=5120 n=1 k=17408: 1 x 123.04 us = 123.04 us (1448.74 GFLOPS/s)
MUL_MAT_ADD MUL_MAT_VEC q6_K m=5120 n=1 k=6144: 1 x 47.24 us = 47.24 us (1331.7 GFLOPS/s)
MUL_MAT_VEC f32 m=256 n=4 k=256: 1 x 3 us = 3 us (174.421 GFLOPS/s)
MUL_MAT_VEC q6_K m=1024 n=1 k=5120: 2 x 8.78 us = 17.56 us (1194.16 GFLOPS/s)
MUL_MAT_VEC q6_K m=12288 n=1 k=5120: 1 x 89.56 us = 89.56 us (1404.83 GFLOPS/s)
MUL_MAT_VEC q6_K m=17408 n=1 k=5120: 2 x 121.32 us = 242.64 us (1469.18 GFLOPS/s)
MUL_MAT_VEC q6_K m=98304 n=1 k=5120: 1 x 674.02 us = 674.02 us (1493.33 GFLOPS/s)
MUL_MAT_VEC q8_0 m=5120 n=1 k=10240: 1 x 97.8 us = 97.8 us (1072.11 GFLOPS/s)
PAD: 1 x 6.36 us = 6.36 us
RMS_NORM_MUL RMS_NORM(256,24,1,1): 1 x 5.36 us = 5.36 us
RMS_NORM_MUL RMS_NORM(256,4,1,1): 1 x 4.84 us = 4.84 us
RMS_NORM_MUL RMS_NORM(5120,1,1,1): 5 x 4.248 us = 21.24 us
ROPE: 2 x 3.32 us = 6.64 us
SET_ROWS: 2 x 2.74 us = 5.48 us
SIGMOID_MUL SIGMOID: 1 x 1.88 us = 1.88 us
TOP_K K=10 (98304,1,1,1): 1 x 9.24 us = 9.24 us
Total time: 1397.14 us.
----------------
Vulkan Timings:
CONCAT: 1 x 1.68 us = 1.68 us
CONT: 1 x 3.6 us = 3.6 us
FLASH_ATTN_EXT dst(256,24,1,1),  q(256,1,24,1),  k(256,256,4,1),  v(256,256,4,1),  m(256,1,1,1): 1 x 13.92 us = 13.92 us (451.972 GFLOPS/s)
GET_ROWS: 3 x 5.626 us = 16.88 us
GLU: 1 x 1.8 us = 1.8 us
MUL_MAT f32 m=256 n=24 k=256: 1 x 1.6 us = 1.6 us (1962.24 GFLOPS/s)
MUL_MAT f32 m=64 n=16 k=64: 1 x 3.6 us = 3.6 us (36.1244 GFLOPS/s)
MUL_MAT f32 m=64 n=96 k=64: 1 x 3.64 us = 3.64 us (214.365 GFLOPS/s)
MUL_MAT_ADD MUL_MAT_VEC q6_K m=5120 n=1 k=17408: 1 x 123.36 us = 123.36 us (1444.98 GFLOPS/s)
MUL_MAT_ADD MUL_MAT_VEC q6_K m=5120 n=1 k=6144: 1 x 53.68 us = 53.68 us (1171.93 GFLOPS/s)
MUL_MAT_VEC f32 m=256 n=4 k=256: 1 x 3.04 us = 3.04 us (172.126 GFLOPS/s)
MUL_MAT_VEC q6_K m=1024 n=1 k=5120: 2 x 6.58 us = 13.16 us (1593.42 GFLOPS/s)
MUL_MAT_VEC q6_K m=12288 n=1 k=5120: 1 x 93.72 us = 93.72 us (1342.48 GFLOPS/s)
MUL_MAT_VEC q6_K m=17408 n=1 k=5120: 2 x 121.06 us = 242.12 us (1472.33 GFLOPS/s)
MUL_MAT_VEC q6_K m=98304 n=1 k=5120: 1 x 671.89 us = 671.89 us (1498.06 GFLOPS/s)
MUL_MAT_VEC q8_0 m=5120 n=1 k=10240: 1 x 101.76 us = 101.76 us (1030.39 GFLOPS/s)
PAD: 1 x 6.4 us = 6.4 us
RMS_NORM_MUL RMS_NORM(256,24,1,1): 1 x 3.6 us = 3.6 us
RMS_NORM_MUL RMS_NORM(256,4,1,1): 1 x 3.6 us = 3.6 us
RMS_NORM_MUL RMS_NORM(5120,1,1,1): 5 x 3.792 us = 18.96 us
ROPE: 2 x 3.6 us = 7.2 us
SET_ROWS: 2 x 2.88 us = 5.76 us
SIGMOID_MUL SIGMOID: 1 x 1.92 us = 1.92 us
TOP_K K=10 (98304,1,1,1): 1 x 9.24 us = 9.24 us
Total time: 1406.13 us.
----------------
Vulkan Timings:
CONCAT: 1 x 1.68 us = 1.68 us
CONT: 1 x 3.6 us = 3.6 us
FLASH_ATTN_EXT dst(256,24,1,1),  q(256,1,24,1),  k(256,256,4,1),  v(256,256,4,1),  m(256,1,1,1): 1 x 13.96 us = 13.96 us (450.677 GFLOPS/s)
GET_ROWS: 3 x 5.653 us = 16.96 us
GLU: 1 x 1.8 us = 1.8 us
MUL_MAT f32 m=256 n=24 k=256: 1 x 1.68 us = 1.68 us (1868.8 GFLOPS/s)
MUL_MAT f32 m=64 n=16 k=64: 1 x 3.64 us = 3.64 us (35.7275 GFLOPS/s)
MUL_MAT f32 m=64 n=96 k=64: 1 x 3.6 us = 3.6 us (216.747 GFLOPS/s)
MUL_MAT_ADD MUL_MAT_VEC q6_K m=5120 n=1 k=17408: 1 x 122.8 us = 122.8 us (1451.57 GFLOPS/s)
MUL_MAT_ADD MUL_MAT_VEC q6_K m=5120 n=1 k=6144: 1 x 53.24 us = 53.24 us (1181.62 GFLOPS/s)
MUL_MAT_VEC f32 m=256 n=4 k=256: 1 x 3 us = 3 us (174.421 GFLOPS/s)
MUL_MAT_VEC q6_K m=1024 n=1 k=5120: 2 x 6.88 us = 13.76 us (1523.94 GFLOPS/s)
MUL_MAT_VEC q6_K m=12288 n=1 k=5120: 1 x 92.96 us = 92.96 us (1353.45 GFLOPS/s)
MUL_MAT_VEC q6_K m=17408 n=1 k=5120: 2 x 121.08 us = 242.16 us (1472.09 GFLOPS/s)
MUL_MAT_VEC q6_K m=98304 n=1 k=5120: 1 x 672 us = 672 us (1497.82 GFLOPS/s)
MUL_MAT_VEC q8_0 m=5120 n=1 k=10240: 1 x 101.08 us = 101.08 us (1037.32 GFLOPS/s)
PAD: 1 x 6.36 us = 6.36 us
RMS_NORM_MUL RMS_NORM(256,24,1,1): 1 x 3.6 us = 3.6 us
RMS_NORM_MUL RMS_NORM(256,4,1,1): 1 x 3.6 us = 3.6 us
RMS_NORM_MUL RMS_NORM(5120,1,1,1): 5 x 3.76 us = 18.8 us
ROPE: 2 x 3.58 us = 7.16 us
SET_ROWS: 2 x 2.9 us = 5.8 us
SIGMOID_MUL SIGMOID: 1 x 1.64 us = 1.64 us
TOP_K K=10 (98304,1,1,1): 1 x 9.24 us = 9.24 us
Total time: 1404.12 us.
----------------
Vulkan Timings:
CONCAT: 1 x 1.64 us = 1.64 us
CONT: 1 x 3.56 us = 3.56 us
FLASH_ATTN_EXT dst(256,24,1,1),  q(256,1,24,1),  k(256,256,4,1),  v(256,256,4,1),  m(256,1,1,1): 1 x 13.72 us = 13.72 us (458.561 GFLOPS/s)
GET_ROWS: 3 x 4.893 us = 14.68 us
GLU: 1 x 1.84 us = 1.84 us
MUL_MAT f32 m=256 n=24 k=256: 1 x 1.6 us = 1.6 us (1962.24 GFLOPS/s)
MUL_MAT f32 m=64 n=16 k=64: 1 x 3.6 us = 3.6 us (36.1244 GFLOPS/s)
MUL_MAT f32 m=64 n=96 k=64: 1 x 3.6 us = 3.6 us (216.747 GFLOPS/s)
MUL_MAT_ADD MUL_MAT_VEC q6_K m=5120 n=1 k=17408: 1 x 124.08 us = 124.08 us (1436.6 GFLOPS/s)
MUL_MAT_ADD MUL_MAT_VEC q6_K m=5120 n=1 k=6144: 1 x 53.4 us = 53.4 us (1178.08 GFLOPS/s)
MUL_MAT_VEC f32 m=256 n=4 k=256: 1 x 3 us = 3 us (174.421 GFLOPS/s)
MUL_MAT_VEC q6_K m=1024 n=1 k=5120: 2 x 6.86 us = 13.72 us (1528.39 GFLOPS/s)
MUL_MAT_VEC q6_K m=12288 n=1 k=5120: 1 x 93.4 us = 93.4 us (1347.08 GFLOPS/s)
MUL_MAT_VEC q6_K m=17408 n=1 k=5120: 2 x 121.26 us = 242.52 us (1469.9 GFLOPS/s)
MUL_MAT_VEC q6_K m=98304 n=1 k=5120: 1 x 674.37 us = 674.37 us (1492.56 GFLOPS/s)
MUL_MAT_VEC q8_0 m=5120 n=1 k=10240: 1 x 101.68 us = 101.68 us (1031.2 GFLOPS/s)
PAD: 1 x 6.32 us = 6.32 us
RMS_NORM_MUL RMS_NORM(256,24,1,1): 1 x 3.6 us = 3.6 us
RMS_NORM_MUL RMS_NORM(256,4,1,1): 1 x 3.64 us = 3.64 us
RMS_NORM_MUL RMS_NORM(5120,1,1,1): 5 x 3.784 us = 18.92 us
ROPE: 2 x 3.6 us = 7.2 us
SET_ROWS: 2 x 2.9 us = 5.8 us
SIGMOID_MUL SIGMOID: 1 x 1.64 us = 1.64 us
TOP_K K=10 (98304,1,1,1): 1 x 9.16 us = 9.16 us
Total time: 1406.69 us.
----------------
Vulkan Timings:
ADD: 48 x 3.77 us = 181 us
CONT: 16 x 3.65 us = 58.4 us
FLASH_ATTN_EXT dst(256,24,5,1),  q(256,5,24,1),  k(256,256,4,1),  v(256,256,4,1),  m(256,5,1,1): 16 x 23.245 us = 371.92 us (1353.29 GFLOPS/s)
GDN_CACHE GATED_DELTA_NET: 48 x 14.688 us = 705.04 us
GDN_CONV_STATE CONCAT: 48 x 3.064 us = 147.08 us
GET_ROWS: 3 x 11.453 us = 34.36 us
GLU: 64 x 2.455 us = 157.16 us
MUL_MAT f32 m=256 n=120 k=256: 16 x 1.695 us = 27.12 us (9261.31 GFLOPS/s)
MUL_MAT f32 m=256 n=20 k=256: 16 x 3.082 us = 49.32 us (848.766 GFLOPS/s)
MUL_MAT f32 m=64 n=480 k=64: 16 x 3.647 us = 58.36 us (1069.62 GFLOPS/s)
MUL_MAT f32 m=64 n=80 k=64: 16 x 3.632 us = 58.12 us (179.006 GFLOPS/s)
MUL_MAT_ADD MUL_MAT_VEC q6_K m=5120 n=5 k=17408: 64 x 129.266 us = 8273.08 us (6894.76 GFLOPS/s)
MUL_MAT_ADD MUL_MAT_VEC q6_K m=5120 n=5 k=6144: 16 x 55.29 us = 884.64 us (5689.04 GFLOPS/s)
MUL_MAT_GROUP MUL_MAT_VEC q6_K m=10240 n=5 k=5120: 47 x 118.063 us = 5549 us (4440.28 GFLOPS/s)
MUL_MAT_GROUP MUL_MAT_VEC q6_K m=12288 n=5 k=5120: 16 x 104.272 us = 1668.36 us (6033.08 GFLOPS/s)
MUL_MAT_GROUP MUL_MAT_VEC q6_K m=17408 n=5 k=5120: 64 x 266.645 us = 17065.3 us (3342.28 GFLOPS/s)
MUL_MAT_VEC f32 m=48 n=5 k=5120: 96 x 6.255 us = 600.52 us (392.837 GFLOPS/s)
MUL_MAT_VEC q6_K m=10240 n=5 k=5120: 1 x 79.84 us = 79.84 us (6566.09 GFLOPS/s)
MUL_MAT_VEC q6_K m=248320 n=5 k=5120: 1 x 1686.24 us = 1686.24 us (7539.11 GFLOPS/s)
MUL_MAT_VEC q6_K m=6144 n=5 k=5120: 1 x 50.6 us = 50.6 us (6216.25 GFLOPS/s)
MUL_MAT_VEC q8_0 m=5120 n=5 k=6144: 48 x 60.622 us = 2909.88 us (5188.62 GFLOPS/s)
RMS_NORM_MUL RMS_NORM(256,24,5,1): 16 x 3.76 us = 60.16 us
RMS_NORM_MUL RMS_NORM(256,4,5,1): 16 x 3.562 us = 57 us
RMS_NORM_MUL RMS_NORM(5120,5,1,1): 129 x 4.255 us = 548.96 us
RMS_NORM_MUL_SILU_MUL RMS_NORM(128,48,5,1): 48 x 5.783 us = 277.6 us
RMS_NORM_SCALE RMS_NORM(128,16,5,1): 96 x 2.466 us = 236.76 us
ROPE: 32 x 3.612 us = 115.6 us
SET_ROWS: 32 x 2.872 us = 91.92 us
SIGMOID_MUL SIGMOID: 16 x 3.662 us = 58.6 us
SSM_CONV_SILU SSM_CONV: 48 x 4.722 us = 226.68 us
Total time: 42288.6 us.
----------------
Vulkan Timings:
CONCAT: 1 x 4.08 us = 4.08 us
CONT: 1 x 3.68 us = 3.68 us
FLASH_ATTN_EXT dst(256,24,5,1),  q(256,5,24,1),  k(256,256,4,1),  v(256,256,4,1),  m(256,5,1,1): 1 x 23.28 us = 23.28 us (1351.26 GFLOPS/s)
GET_ROWS: 1 x 6.8 us = 6.8 us
GLU: 1 x 1.72 us = 1.72 us
MUL_MAT f32 m=256 n=120 k=256: 1 x 1.72 us = 1.72 us (9126.7 GFLOPS/s)
MUL_MAT f32 m=256 n=20 k=256: 1 x 3.04 us = 3.04 us (860.632 GFLOPS/s)
MUL_MAT f32 m=64 n=480 k=64: 1 x 3.64 us = 3.64 us (1071.82 GFLOPS/s)
MUL_MAT f32 m=64 n=80 k=64: 1 x 3.6 us = 3.6 us (180.622 GFLOPS/s)
MUL_MAT_ADD MUL_MAT_VEC q6_K m=5120 n=5 k=17408: 1 x 152.82 us = 152.82 us (5832.12 GFLOPS/s)
MUL_MAT_ADD MUL_MAT_VEC q6_K m=5120 n=5 k=6144: 1 x 55.76 us = 55.76 us (5641.09 GFLOPS/s)
MUL_MAT_GROUP MUL_MAT_VEC q6_K m=12288 n=5 k=5120: 1 x 128.6 us = 128.6 us (4891.79 GFLOPS/s)
MUL_MAT_GROUP MUL_MAT_VEC q6_K m=17408 n=5 k=5120: 1 x 255.92 us = 255.92 us (3482.35 GFLOPS/s)
MUL_MAT_VEC q8_0 m=5120 n=5 k=10240: 1 x 104.16 us = 104.16 us (5033.24 GFLOPS/s)
RMS_NORM_MUL RMS_NORM(256,24,5,1): 1 x 3.52 us = 3.52 us
RMS_NORM_MUL RMS_NORM(256,4,5,1): 1 x 3.6 us = 3.6 us
RMS_NORM_MUL RMS_NORM(5120,5,1,1): 5 x 9.092 us = 45.46 us
ROPE: 2 x 3.62 us = 7.24 us
SET_ROWS: 2 x 2.88 us = 5.76 us
SIGMOID_MUL SIGMOID: 1 x 3.64 us = 3.64 us
Total time: 818.04 us.
----------------
Vulkan Timings:
CONCAT: 1 x 1.64 us = 1.64 us
CONT: 1 x 3.6 us = 3.6 us
FLASH_ATTN_EXT dst(256,24,1,1),  q(256,1,24,1),  k(256,256,4,1),  v(256,256,4,1),  m(256,1,1,1): 1 x 13.4 us = 13.4 us (469.512 GFLOPS/s)
GET_ROWS: 3 x 4.973 us = 14.92 us
GLU: 1 x 1.64 us = 1.64 us
MUL_MAT f32 m=256 n=24 k=256: 1 x 1.6 us = 1.6 us (1962.24 GFLOPS/s)
MUL_MAT f32 m=64 n=16 k=64: 1 x 3.44 us = 3.44 us (37.8047 GFLOPS/s)
MUL_MAT f32 m=64 n=96 k=64: 1 x 3.36 us = 3.36 us (232.229 GFLOPS/s)
MUL_MAT_ADD MUL_MAT_VEC q6_K m=5120 n=1 k=17408: 1 x 123.04 us = 123.04 us (1448.74 GFLOPS/s)
MUL_MAT_ADD MUL_MAT_VEC q6_K m=5120 n=1 k=6144: 1 x 48.28 us = 48.28 us (1303.01 GFLOPS/s)
MUL_MAT_VEC f32 m=256 n=4 k=256: 1 x 3.16 us = 3.16 us (165.59 GFLOPS/s)
MUL_MAT_VEC q6_K m=1024 n=1 k=5120: 2 x 8.86 us = 17.72 us (1183.38 GFLOPS/s)
MUL_MAT_VEC q6_K m=12288 n=1 k=5120: 1 x 88.96 us = 88.96 us (1414.31 GFLOPS/s)
MUL_MAT_VEC q6_K m=17408 n=1 k=5120: 2 x 121.46 us = 242.92 us (1467.48 GFLOPS/s)
MUL_MAT_VEC q6_K m=98304 n=1 k=5120: 1 x 673.46 us = 673.46 us (1494.57 GFLOPS/s)
MUL_MAT_VEC q8_0 m=5120 n=1 k=10240: 1 x 97.76 us = 97.76 us (1072.55 GFLOPS/s)
PAD: 1 x 6.56 us = 6.56 us
RMS_NORM_MUL RMS_NORM(256,24,1,1): 1 x 5.72 us = 5.72 us
RMS_NORM_MUL RMS_NORM(256,4,1,1): 1 x 3.64 us = 3.64 us
RMS_NORM_MUL RMS_NORM(5120,1,1,1): 5 x 4.368 us = 21.84 us
ROPE: 2 x 3.5 us = 7 us
SET_ROWS: 2 x 2.86 us = 5.72 us
SIGMOID_MUL SIGMOID: 1 x 1.56 us = 1.56 us
TOP_K K=10 (98304,1,1,1): 1 x 9.56 us = 9.56 us
Total time: 1400.5 us.
----------------
Vulkan Timings:
CONCAT: 1 x 1.64 us = 1.64 us
CONT: 1 x 3.72 us = 3.72 us
FLASH_ATTN_EXT dst(256,24,1,1),  q(256,1,24,1),  k(256,256,4,1),  v(256,256,4,1),  m(256,1,1,1): 1 x 13.92 us = 13.92 us (451.972 GFLOPS/s)
GET_ROWS: 3 x 4.946 us = 14.84 us
GLU: 1 x 1.76 us = 1.76 us
MUL_MAT f32 m=256 n=24 k=256: 1 x 1.72 us = 1.72 us (1825.34 GFLOPS/s)
MUL_MAT f32 m=64 n=16 k=64: 1 x 3.8 us = 3.8 us (34.2232 GFLOPS/s)
MUL_MAT f32 m=64 n=96 k=64: 1 x 3.76 us = 3.76 us (207.523 GFLOPS/s)
MUL_MAT_ADD MUL_MAT_VEC q6_K m=5120 n=1 k=17408: 1 x 123.48 us = 123.48 us (1443.58 GFLOPS/s)
MUL_MAT_ADD MUL_MAT_VEC q6_K m=5120 n=1 k=6144: 1 x 54.04 us = 54.04 us (1164.13 GFLOPS/s)
MUL_MAT_VEC f32 m=256 n=4 k=256: 1 x 3.12 us = 3.12 us (167.713 GFLOPS/s)
MUL_MAT_VEC q6_K m=1024 n=1 k=5120: 2 x 10.02 us = 20.04 us (1046.38 GFLOPS/s)
MUL_MAT_VEC q6_K m=12288 n=1 k=5120: 1 x 85.32 us = 85.32 us (1474.65 GFLOPS/s)
MUL_MAT_VEC q6_K m=17408 n=1 k=5120: 2 x 121.14 us = 242.28 us (1471.36 GFLOPS/s)
MUL_MAT_VEC q6_K m=98304 n=1 k=5120: 1 x 672.61 us = 672.61 us (1496.46 GFLOPS/s)
MUL_MAT_VEC q8_0 m=5120 n=1 k=10240: 1 x 102.04 us = 102.04 us (1027.56 GFLOPS/s)
PAD: 1 x 6.6 us = 6.6 us
RMS_NORM_MUL RMS_NORM(256,24,1,1): 1 x 3.84 us = 3.84 us
RMS_NORM_MUL RMS_NORM(256,4,1,1): 1 x 3.72 us = 3.72 us
RMS_NORM_MUL RMS_NORM(5120,1,1,1): 5 x 3.752 us = 18.76 us
ROPE: 2 x 3.76 us = 7.52 us
SET_ROWS: 2 x 2.96 us = 5.92 us
SIGMOID_MUL SIGMOID: 1 x 1.72 us = 1.72 us
TOP_K K=10 (98304,1,1,1): 1 x 8.92 us = 8.92 us
Total time: 1405.09 us.
----------------
Vulkan Timings:
CONCAT: 1 x 1.68 us = 1.68 us
CONT: 1 x 3.76 us = 3.76 us
FLASH_ATTN_EXT dst(256,24,1,1),  q(256,1,24,1),  k(256,256,4,1),  v(256,256,4,1),  m(256,1,1,1): 1 x 13.88 us = 13.88 us (453.275 GFLOPS/s)
GET_ROWS: 3 x 5.08 us = 15.24 us
GLU: 1 x 1.76 us = 1.76 us
MUL_MAT f32 m=256 n=24 k=256: 1 x 1.64 us = 1.64 us (1914.38 GFLOPS/s)
MUL_MAT f32 m=64 n=16 k=64: 1 x 3.76 us = 3.76 us (34.5872 GFLOPS/s)
MUL_MAT f32 m=64 n=96 k=64: 1 x 3.76 us = 3.76 us (207.523 GFLOPS/s)
MUL_MAT_ADD MUL_MAT_VEC q6_K m=5120 n=1 k=17408: 1 x 124.32 us = 124.32 us (1433.82 GFLOPS/s)
MUL_MAT_ADD MUL_MAT_VEC q6_K m=5120 n=1 k=6144: 1 x 53.8 us = 53.8 us (1169.32 GFLOPS/s)
MUL_MAT_VEC f32 m=256 n=4 k=256: 1 x 3.12 us = 3.12 us (167.713 GFLOPS/s)
MUL_MAT_VEC q6_K m=1024 n=1 k=5120: 2 x 8.72 us = 17.44 us (1202.38 GFLOPS/s)
MUL_MAT_VEC q6_K m=12288 n=1 k=5120: 1 x 85.64 us = 85.64 us (1469.14 GFLOPS/s)
MUL_MAT_VEC q6_K m=17408 n=1 k=5120: 2 x 121.64 us = 243.28 us (1465.31 GFLOPS/s)
MUL_MAT_VEC q6_K m=98304 n=1 k=5120: 1 x 671.94 us = 671.94 us (1497.95 GFLOPS/s)
MUL_MAT_VEC q8_0 m=5120 n=1 k=10240: 1 x 101.08 us = 101.08 us (1037.32 GFLOPS/s)
PAD: 1 x 6.52 us = 6.52 us
RMS_NORM_MUL RMS_NORM(256,24,1,1): 1 x 5.56 us = 5.56 us
RMS_NORM_MUL RMS_NORM(256,4,1,1): 1 x 3.72 us = 3.72 us
RMS_NORM_MUL RMS_NORM(5120,1,1,1): 5 x 3.768 us = 18.84 us
ROPE: 2 x 3.72 us = 7.44 us
SET_ROWS: 2 x 2.96 us = 5.92 us
SIGMOID_MUL SIGMOID: 1 x 1.72 us = 1.72 us
TOP_K K=10 (98304,1,1,1): 1 x 9.36 us = 9.36 us
Total time: 1405.18 us.
----------------
Vulkan Timings:
CONCAT: 1 x 1.68 us = 1.68 us
CONT: 1 x 3.76 us = 3.76 us
FLASH_ATTN_EXT dst(256,24,1,1),  q(256,1,24,1),  k(256,256,4,1),  v(256,256,4,1),  m(256,1,1,1): 1 x 13.92 us = 13.92 us (451.972 GFLOPS/s)
GET_ROWS: 3 x 5 us = 15 us
GLU: 1 x 1.8 us = 1.8 us
MUL_MAT f32 m=256 n=24 k=256: 1 x 1.68 us = 1.68 us (1868.8 GFLOPS/s)
MUL_MAT f32 m=64 n=16 k=64: 1 x 3.76 us = 3.76 us (34.5872 GFLOPS/s)
MUL_MAT f32 m=64 n=96 k=64: 1 x 3.68 us = 3.68 us (212.035 GFLOPS/s)
MUL_MAT_ADD MUL_MAT_VEC q6_K m=5120 n=1 k=17408: 1 x 123.12 us = 123.12 us (1447.8 GFLOPS/s)
MUL_MAT_ADD MUL_MAT_VEC q6_K m=5120 n=1 k=6144: 1 x 54.08 us = 54.08 us (1163.27 GFLOPS/s)
MUL_MAT_VEC f32 m=256 n=4 k=256: 1 x 3.16 us = 3.16 us (165.59 GFLOPS/s)
MUL_MAT_VEC q6_K m=1024 n=1 k=5120: 2 x 8.72 us = 17.44 us (1202.38 GFLOPS/s)
MUL_MAT_VEC q6_K m=12288 n=1 k=5120: 1 x 85.64 us = 85.64 us (1469.14 GFLOPS/s)
MUL_MAT_VEC q6_K m=17408 n=1 k=5120: 2 x 121.2 us = 242.4 us (1470.63 GFLOPS/s)
MUL_MAT_VEC q6_K m=98304 n=1 k=5120: 1 x 673.97 us = 673.97 us (1493.44 GFLOPS/s)
MUL_MAT_VEC q8_0 m=5120 n=1 k=10240: 1 x 101.56 us = 101.56 us (1032.42 GFLOPS/s)
PAD: 1 x 6.48 us = 6.48 us
RMS_NORM_MUL RMS_NORM(256,24,1,1): 1 x 5.56 us = 5.56 us
RMS_NORM_MUL RMS_NORM(256,4,1,1): 1 x 3.76 us = 3.76 us
RMS_NORM_MUL RMS_NORM(5120,1,1,1): 5 x 3.736 us = 18.68 us
ROPE: 2 x 3.74 us = 7.48 us
SET_ROWS: 2 x 2.96 us = 5.92 us
SIGMOID_MUL SIGMOID: 1 x 1.64 us = 1.64 us
TOP_K K=10 (98304,1,1,1): 1 x 9.12 us = 9.12 us
Total time: 1405.29 us.
----------------
Vulkan Timings:
ADD: 48 x 3.926 us = 188.48 us
CONT: 16 x 3.8 us = 60.8 us
FLASH_ATTN_EXT dst(256,24,5,1),  q(256,5,24,1),  k(256,256,4,1),  v(256,256,4,1),  m(256,5,1,1): 16 x 23.13 us = 370.08 us (1360.02 GFLOPS/s)
GDN_CACHE GATED_DELTA_NET: 48 x 13.827 us = 663.72 us
GDN_CONV_STATE CONCAT: 48 x 2.942 us = 141.24 us
GET_ROWS: 3 x 11.666 us = 35 us
GLU: 64 x 2.323 us = 148.72 us
MUL_MAT f32 m=256 n=120 k=256: 16 x 1.68 us = 26.88 us (9344 GFLOPS/s)
MUL_MAT f32 m=256 n=20 k=256: 16 x 3.23 us = 51.68 us (810.006 GFLOPS/s)
MUL_MAT f32 m=64 n=480 k=64: 16 x 3.79 us = 60.64 us (1029.4 GFLOPS/s)
MUL_MAT f32 m=64 n=80 k=64: 16 x 3.787 us = 60.6 us (171.681 GFLOPS/s)
MUL_MAT_ADD MUL_MAT_VEC q6_K m=5120 n=5 k=17408: 64 x 129.573 us = 8292.72 us (6878.43 GFLOPS/s)
MUL_MAT_ADD MUL_MAT_VEC q6_K m=5120 n=5 k=6144: 16 x 55.362 us = 885.8 us (5681.59 GFLOPS/s)
MUL_MAT_GROUP MUL_MAT_VEC q6_K m=10240 n=5 k=5120: 47 x 118.112 us = 5551.28 us (4438.46 GFLOPS/s)
MUL_MAT_GROUP MUL_MAT_VEC q6_K m=12288 n=5 k=5120: 16 x 104.257 us = 1668.12 us (6033.95 GFLOPS/s)
MUL_MAT_GROUP MUL_MAT_VEC q6_K m=17408 n=5 k=5120: 64 x 266.758 us = 17072.6 us (3340.86 GFLOPS/s)
MUL_MAT_VEC f32 m=48 n=5 k=5120: 96 x 6.712 us = 644.36 us (366.11 GFLOPS/s)
MUL_MAT_VEC q6_K m=10240 n=5 k=5120: 1 x 80.16 us = 80.16 us (6539.88 GFLOPS/s)
MUL_MAT_VEC q6_K m=248320 n=5 k=5120: 1 x 1687.36 us = 1687.36 us (7534.1 GFLOPS/s)
MUL_MAT_VEC q6_K m=6144 n=5 k=5120: 1 x 50.04 us = 50.04 us (6285.81 GFLOPS/s)
MUL_MAT_VEC q8_0 m=5120 n=5 k=6144: 48 x 60.678 us = 2912.56 us (5183.85 GFLOPS/s)
RMS_NORM_MUL RMS_NORM(256,24,5,1): 16 x 4.015 us = 64.24 us
RMS_NORM_MUL RMS_NORM(256,4,5,1): 16 x 3.715 us = 59.44 us
RMS_NORM_MUL RMS_NORM(5120,5,1,1): 129 x 4.35 us = 561.16 us
RMS_NORM_MUL_SILU_MUL RMS_NORM(128,48,5,1): 48 x 6.038 us = 289.84 us
RMS_NORM_SCALE RMS_NORM(128,16,5,1): 96 x 2.553 us = 245.12 us
ROPE: 32 x 3.766 us = 120.52 us
SET_ROWS: 32 x 2.981 us = 95.4 us
SIGMOID_MUL SIGMOID: 16 x 3.802 us = 60.84 us
SSM_CONV_SILU SSM_CONV: 48 x 4.871 us = 233.84 us
Total time: 42383.2 us.
----------------
Vulkan Timings:
CONCAT: 1 x 3.92 us = 3.92 us
CONT: 1 x 3.8 us = 3.8 us
FLASH_ATTN_EXT dst(256,24,5,1),  q(256,5,24,1),  k(256,256,4,1),  v(256,256,4,1),  m(256,5,1,1): 1 x 23.12 us = 23.12 us (1360.61 GFLOPS/s)
GET_ROWS: 1 x 6.84 us = 6.84 us
GLU: 1 x 1.68 us = 1.68 us
MUL_MAT f32 m=256 n=120 k=256: 1 x 1.68 us = 1.68 us (9344 GFLOPS/s)
MUL_MAT f32 m=256 n=20 k=256: 1 x 3.2 us = 3.2 us (817.6 GFLOPS/s)
MUL_MAT f32 m=64 n=480 k=64: 1 x 3.8 us = 3.8 us (1026.69 GFLOPS/s)
MUL_MAT f32 m=64 n=80 k=64: 1 x 3.76 us = 3.76 us (172.936 GFLOPS/s)
MUL_MAT_ADD MUL_MAT_VEC q6_K m=5120 n=5 k=17408: 1 x 154.75 us = 154.75 us (5759.38 GFLOPS/s)
MUL_MAT_ADD MUL_MAT_VEC q6_K m=5120 n=5 k=6144: 1 x 56.76 us = 56.76 us (5541.71 GFLOPS/s)
MUL_MAT_GROUP MUL_MAT_VEC q6_K m=12288 n=5 k=5120: 1 x 130.37 us = 130.37 us (4825.38 GFLOPS/s)
MUL_MAT_GROUP MUL_MAT_VEC q6_K m=17408 n=5 k=5120: 1 x 254.64 us = 254.64 us (3499.85 GFLOPS/s)
MUL_MAT_VEC q8_0 m=5120 n=5 k=10240: 1 x 107.32 us = 107.32 us (4885.04 GFLOPS/s)
RMS_NORM_MUL RMS_NORM(256,24,5,1): 1 x 3.68 us = 3.68 us
RMS_NORM_MUL RMS_NORM(256,4,5,1): 1 x 3.76 us = 3.76 us
RMS_NORM_MUL RMS_NORM(5120,5,1,1): 5 x 8.958 us = 44.79 us
ROPE: 2 x 3.76 us = 7.52 us
SET_ROWS: 2 x 2.98 us = 5.96 us
SIGMOID_MUL SIGMOID: 1 x 3.88 us = 3.88 us
Total time: 825.23 us.
----------------
Vulkan Timings:
CONCAT: 1 x 1.6 us = 1.6 us
CONT: 1 x 3.48 us = 3.48 us
FLASH_ATTN_EXT dst(256,24,1,1),  q(256,1,24,1),  k(256,256,4,1),  v(256,256,4,1),  m(256,1,1,1): 1 x 13.36 us = 13.36 us (470.917 GFLOPS/s)
GET_ROWS: 3 x 4.8 us = 14.4 us
GLU: 1 x 1.72 us = 1.72 us
MUL_MAT f32 m=256 n=24 k=256: 1 x 1.6 us = 1.6 us (1962.24 GFLOPS/s)
MUL_MAT f32 m=64 n=16 k=64: 1 x 1.84 us = 1.84 us (70.6783 GFLOPS/s)
MUL_MAT f32 m=64 n=96 k=64: 1 x 3.2 us = 3.2 us (243.84 GFLOPS/s)
MUL_MAT_ADD MUL_MAT_VEC q6_K m=5120 n=1 k=17408: 1 x 124.88 us = 124.88 us (1427.39 GFLOPS/s)
MUL_MAT_ADD MUL_MAT_VEC q6_K m=5120 n=1 k=6144: 1 x 47.4 us = 47.4 us (1327.2 GFLOPS/s)
MUL_MAT_VEC f32 m=256 n=4 k=256: 1 x 3 us = 3 us (174.421 GFLOPS/s)
MUL_MAT_VEC q6_K m=1024 n=1 k=5120: 2 x 6.66 us = 13.32 us (1574.28 GFLOPS/s)
MUL_MAT_VEC q6_K m=12288 n=1 k=5120: 1 x 97.56 us = 97.56 us (1289.64 GFLOPS/s)
MUL_MAT_VEC q6_K m=17408 n=1 k=5120: 2 x 121.2 us = 242.4 us (1470.63 GFLOPS/s)
MUL_MAT_VEC q6_K m=98304 n=1 k=5120: 1 x 673.96 us = 673.96 us (1493.46 GFLOPS/s)
MUL_MAT_VEC q8_0 m=5120 n=1 k=10240: 1 x 98.68 us = 98.68 us (1062.55 GFLOPS/s)
PAD: 1 x 6.36 us = 6.36 us
RMS_NORM_MUL RMS_NORM(256,24,1,1): 1 x 3.24 us = 3.24 us
RMS_NORM_MUL RMS_NORM(256,4,1,1): 1 x 4.88 us = 4.88 us
RMS_NORM_MUL RMS_NORM(5120,1,1,1): 5 x 4.512 us = 22.56 us
ROPE: 2 x 3.3 us = 6.6 us
SET_ROWS: 2 x 2.8 us = 5.6 us
SIGMOID_MUL SIGMOID: 1 x 1.64 us = 1.64 us
TOP_K K=10 (98304,1,1,1): 1 x 9.48 us = 9.48 us
Total time: 1402.76 us.
----------------
Vulkan Timings:
CONCAT: 1 x 1.64 us = 1.64 us
CONT: 1 x 3.64 us = 3.64 us
FLASH_ATTN_EXT dst(256,24,1,1),  q(256,1,24,1),  k(256,256,4,1),  v(256,256,4,1),  m(256,1,1,1): 1 x 13.96 us = 13.96 us (450.677 GFLOPS/s)
GET_ROWS: 3 x 4.866 us = 14.6 us
GLU: 1 x 1.84 us = 1.84 us
MUL_MAT f32 m=256 n=24 k=256: 1 x 1.6 us = 1.6 us (1962.24 GFLOPS/s)
MUL_MAT f32 m=64 n=16 k=64: 1 x 3.6 us = 3.6 us (36.1244 GFLOPS/s)
MUL_MAT f32 m=64 n=96 k=64: 1 x 3.6 us = 3.6 us (216.747 GFLOPS/s)
MUL_MAT_ADD MUL_MAT_VEC q6_K m=5120 n=1 k=17408: 1 x 123.6 us = 123.6 us (1442.17 GFLOPS/s)
MUL_MAT_ADD MUL_MAT_VEC q6_K m=5120 n=1 k=6144: 1 x 53.12 us = 53.12 us (1184.29 GFLOPS/s)
MUL_MAT_VEC f32 m=256 n=4 k=256: 1 x 3 us = 3 us (174.421 GFLOPS/s)
MUL_MAT_VEC q6_K m=1024 n=1 k=5120: 2 x 6.86 us = 13.72 us (1528.39 GFLOPS/s)
MUL_MAT_VEC q6_K m=12288 n=1 k=5120: 1 x 93.48 us = 93.48 us (1345.92 GFLOPS/s)
MUL_MAT_VEC q6_K m=17408 n=1 k=5120: 2 x 121.26 us = 242.52 us (1469.9 GFLOPS/s)
MUL_MAT_VEC q6_K m=98304 n=1 k=5120: 1 x 673.64 us = 673.64 us (1494.17 GFLOPS/s)
MUL_MAT_VEC q8_0 m=5120 n=1 k=10240: 1 x 100.72 us = 100.72 us (1041.03 GFLOPS/s)
PAD: 1 x 6.36 us = 6.36 us
RMS_NORM_MUL RMS_NORM(256,24,1,1): 1 x 3.64 us = 3.64 us
RMS_NORM_MUL RMS_NORM(256,4,1,1): 1 x 3.6 us = 3.6 us
RMS_NORM_MUL RMS_NORM(5120,1,1,1): 5 x 3.76 us = 18.8 us
ROPE: 2 x 3.58 us = 7.16 us
SET_ROWS: 2 x 2.9 us = 5.8 us
SIGMOID_MUL SIGMOID: 1 x 1.72 us = 1.72 us
TOP_K K=10 (98304,1,1,1): 1 x 9.2 us = 9.2 us
Total time: 1404.56 us.
----------------
Vulkan Timings:
CONCAT: 1 x 1.68 us = 1.68 us
CONT: 1 x 3.6 us = 3.6 us
FLASH_ATTN_EXT dst(256,24,1,1),  q(256,1,24,1),  k(256,256,4,1),  v(256,256,4,1),  m(256,1,1,1): 1 x 13.96 us = 13.96 us (450.677 GFLOPS/s)
GET_ROWS: 3 x 4.813 us = 14.44 us
GLU: 1 x 1.84 us = 1.84 us
MUL_MAT f32 m=256 n=24 k=256: 1 x 1.64 us = 1.64 us (1914.38 GFLOPS/s)
MUL_MAT f32 m=64 n=16 k=64: 1 x 3.6 us = 3.6 us (36.1244 GFLOPS/s)
MUL_MAT f32 m=64 n=96 k=64: 1 x 3.64 us = 3.64 us (214.365 GFLOPS/s)
MUL_MAT_ADD MUL_MAT_VEC q6_K m=5120 n=1 k=17408: 1 x 122.76 us = 122.76 us (1452.04 GFLOPS/s)
MUL_MAT_ADD MUL_MAT_VEC q6_K m=5120 n=1 k=6144: 1 x 53.6 us = 53.6 us (1173.68 GFLOPS/s)
MUL_MAT_VEC f32 m=256 n=4 k=256: 1 x 3 us = 3 us (174.421 GFLOPS/s)
MUL_MAT_VEC q6_K m=1024 n=1 k=5120: 2 x 6.86 us = 13.72 us (1528.39 GFLOPS/s)
MUL_MAT_VEC q6_K m=12288 n=1 k=5120: 1 x 93.56 us = 93.56 us (1344.77 GFLOPS/s)
MUL_MAT_VEC q6_K m=17408 n=1 k=5120: 2 x 121.08 us = 242.16 us (1472.09 GFLOPS/s)
MUL_MAT_VEC q6_K m=98304 n=1 k=5120: 1 x 673.52 us = 673.52 us (1494.44 GFLOPS/s)
MUL_MAT_VEC q8_0 m=5120 n=1 k=10240: 1 x 101.36 us = 101.36 us (1034.46 GFLOPS/s)
PAD: 1 x 6.36 us = 6.36 us
RMS_NORM_MUL RMS_NORM(256,24,1,1): 1 x 3.64 us = 3.64 us
RMS_NORM_MUL RMS_NORM(256,4,1,1): 1 x 3.56 us = 3.56 us
RMS_NORM_MUL RMS_NORM(5120,1,1,1): 5 x 3.744 us = 18.72 us
ROPE: 2 x 3.58 us = 7.16 us
SET_ROWS: 2 x 2.92 us = 5.84 us
SIGMOID_MUL SIGMOID: 1 x 1.64 us = 1.64 us
TOP_K K=10 (98304,1,1,1): 1 x 9.2 us = 9.2 us
Total time: 1404.2 us.
----------------
Vulkan Timings:
CONCAT: 1 x 1.68 us = 1.68 us
CONT: 1 x 3.56 us = 3.56 us
FLASH_ATTN_EXT dst(256,24,1,1),  q(256,1,24,1),  k(256,256,4,1),  v(256,256,4,1),  m(256,1,1,1): 1 x 13.72 us = 13.72 us (458.561 GFLOPS/s)
GET_ROWS: 3 x 4.8 us = 14.4 us
GLU: 1 x 1.88 us = 1.88 us
MUL_MAT f32 m=256 n=24 k=256: 1 x 1.68 us = 1.68 us (1868.8 GFLOPS/s)
MUL_MAT f32 m=64 n=16 k=64: 1 x 3.6 us = 3.6 us (36.1244 GFLOPS/s)
MUL_MAT f32 m=64 n=96 k=64: 1 x 3.6 us = 3.6 us (216.747 GFLOPS/s)
MUL_MAT_ADD MUL_MAT_VEC q6_K m=5120 n=1 k=17408: 1 x 122.72 us = 122.72 us (1452.52 GFLOPS/s)
MUL_MAT_ADD MUL_MAT_VEC q6_K m=5120 n=1 k=6144: 1 x 53.4 us = 53.4 us (1178.08 GFLOPS/s)
MUL_MAT_VEC f32 m=256 n=4 k=256: 1 x 3.04 us = 3.04 us (172.126 GFLOPS/s)
MUL_MAT_VEC q6_K m=1024 n=1 k=5120: 2 x 6.86 us = 13.72 us (1528.39 GFLOPS/s)
MUL_MAT_VEC q6_K m=12288 n=1 k=5120: 1 x 93.52 us = 93.52 us (1345.35 GFLOPS/s)
MUL_MAT_VEC q6_K m=17408 n=1 k=5120: 2 x 121.2 us = 242.4 us (1470.63 GFLOPS/s)
MUL_MAT_VEC q6_K m=98304 n=1 k=5120: 1 x 673.97 us = 673.97 us (1493.44 GFLOPS/s)
MUL_MAT_VEC q8_0 m=5120 n=1 k=10240: 1 x 101.52 us = 101.52 us (1032.83 GFLOPS/s)
PAD: 1 x 6.36 us = 6.36 us
RMS_NORM_MUL RMS_NORM(256,24,1,1): 1 x 3.64 us = 3.64 us
RMS_NORM_MUL RMS_NORM(256,4,1,1): 1 x 3.64 us = 3.64 us
RMS_NORM_MUL RMS_NORM(5120,1,1,1): 5 x 3.744 us = 18.72 us
ROPE: 2 x 3.58 us = 7.16 us
SET_ROWS: 2 x 2.9 us = 5.8 us
SIGMOID_MUL SIGMOID: 1 x 1.64 us = 1.64 us
TOP_K K=10 (98304,1,1,1): 1 x 9.32 us = 9.32 us
Total time: 1404.69 us.
----------------
Vulkan Timings:
ADD: 48 x 3.778 us = 181.36 us
CONT: 16 x 3.657 us = 58.52 us
FLASH_ATTN_EXT dst(256,24,5,1),  q(256,5,24,1),  k(256,256,4,1),  v(256,256,4,1),  m(256,5,1,1): 16 x 23.267 us = 372.28 us (1351.98 GFLOPS/s)
GDN_CACHE GATED_DELTA_NET: 48 x 14.68 us = 704.64 us
GDN_CONV_STATE CONCAT: 48 x 3.071 us = 147.44 us
GET_ROWS: 3 x 11.52 us = 34.56 us
GLU: 64 x 2.458 us = 157.32 us
MUL_MAT f32 m=256 n=120 k=256: 16 x 1.7 us = 27.2 us (9234.07 GFLOPS/s)
MUL_MAT f32 m=256 n=20 k=256: 16 x 3.087 us = 49.4 us (847.391 GFLOPS/s)
MUL_MAT f32 m=64 n=480 k=64: 16 x 3.655 us = 58.48 us (1067.43 GFLOPS/s)
MUL_MAT f32 m=64 n=80 k=64: 16 x 3.647 us = 58.36 us (178.27 GFLOPS/s)
MUL_MAT_ADD MUL_MAT_VEC q6_K m=5120 n=5 k=17408: 64 x 129.273 us = 8273.48 us (6894.43 GFLOPS/s)
MUL_MAT_ADD MUL_MAT_VEC q6_K m=5120 n=5 k=6144: 16 x 55.59 us = 889.44 us (5658.34 GFLOPS/s)
MUL_MAT_GROUP MUL_MAT_VEC q6_K m=10240 n=5 k=5120: 47 x 117.945 us = 5543.44 us (4444.74 GFLOPS/s)
MUL_MAT_GROUP MUL_MAT_VEC q6_K m=12288 n=5 k=5120: 16 x 104.317 us = 1669.08 us (6030.48 GFLOPS/s)
MUL_MAT_GROUP MUL_MAT_VEC q6_K m=17408 n=5 k=5120: 64 x 266.651 us = 17065.7 us (3342.2 GFLOPS/s)
MUL_MAT_VEC f32 m=48 n=5 k=5120: 96 x 6.342 us = 608.88 us (387.443 GFLOPS/s)
MUL_MAT_VEC q6_K m=10240 n=5 k=5120: 1 x 79.28 us = 79.28 us (6612.47 GFLOPS/s)
MUL_MAT_VEC q6_K m=248320 n=5 k=5120: 1 x 1685.88 us = 1685.88 us (7540.72 GFLOPS/s)
MUL_MAT_VEC q6_K m=6144 n=5 k=5120: 1 x 50.8 us = 50.8 us (6191.77 GFLOPS/s)
MUL_MAT_VEC q8_0 m=5120 n=5 k=6144: 48 x 60.62 us = 2909.8 us (5188.76 GFLOPS/s)
RMS_NORM_MUL RMS_NORM(256,24,5,1): 16 x 3.762 us = 60.2 us
RMS_NORM_MUL RMS_NORM(256,4,5,1): 16 x 3.565 us = 57.04 us
RMS_NORM_MUL RMS_NORM(5120,5,1,1): 129 x 4.251 us = 548.44 us
RMS_NORM_MUL_SILU_MUL RMS_NORM(128,48,5,1): 48 x 5.795 us = 278.2 us
RMS_NORM_SCALE RMS_NORM(128,16,5,1): 96 x 2.422 us = 232.6 us
ROPE: 32 x 3.626 us = 116.04 us
SET_ROWS: 32 x 2.858 us = 91.48 us
SIGMOID_MUL SIGMOID: 16 x 3.665 us = 58.64 us
SSM_CONV_SILU SSM_CONV: 48 x 4.743 us = 227.68 us
Total time: 42295.6 us.
----------------
Vulkan Timings:
CONCAT: 1 x 4.04 us = 4.04 us
CONT: 1 x 3.64 us = 3.64 us
FLASH_ATTN_EXT dst(256,24,5,1),  q(256,5,24,1),  k(256,256,4,1),  v(256,256,4,1),  m(256,5,1,1): 1 x 23.28 us = 23.28 us (1351.26 GFLOPS/s)
GET_ROWS: 1 x 6.76 us = 6.76 us
GLU: 1 x 1.72 us = 1.72 us
MUL_MAT f32 m=256 n=120 k=256: 1 x 1.72 us = 1.72 us (9126.7 GFLOPS/s)
MUL_MAT f32 m=256 n=20 k=256: 1 x 3.04 us = 3.04 us (860.632 GFLOPS/s)
MUL_MAT f32 m=64 n=480 k=64: 1 x 3.68 us = 3.68 us (1060.17 GFLOPS/s)
MUL_MAT f32 m=64 n=80 k=64: 1 x 3.6 us = 3.6 us (180.622 GFLOPS/s)
MUL_MAT_ADD MUL_MAT_VEC q6_K m=5120 n=5 k=17408: 1 x 153.9 us = 153.9 us (5791.19 GFLOPS/s)
MUL_MAT_ADD MUL_MAT_VEC q6_K m=5120 n=5 k=6144: 1 x 55.44 us = 55.44 us (5673.65 GFLOPS/s)
MUL_MAT_GROUP MUL_MAT_VEC q6_K m=12288 n=5 k=5120: 1 x 130.3 us = 130.3 us (4827.97 GFLOPS/s)
MUL_MAT_GROUP MUL_MAT_VEC q6_K m=17408 n=5 k=5120: 1 x 254.88 us = 254.88 us (3496.56 GFLOPS/s)
MUL_MAT_VEC q8_0 m=5120 n=5 k=10240: 1 x 105.68 us = 105.68 us (4960.85 GFLOPS/s)
RMS_NORM_MUL RMS_NORM(256,24,5,1): 1 x 3.52 us = 3.52 us
RMS_NORM_MUL RMS_NORM(256,4,5,1): 1 x 3.6 us = 3.6 us
RMS_NORM_MUL RMS_NORM(5120,5,1,1): 5 x 10.478 us = 52.39 us
ROPE: 2 x 3.62 us = 7.24 us
SET_ROWS: 2 x 2.88 us = 5.76 us
SIGMOID_MUL SIGMOID: 1 x 3.68 us = 3.68 us
Total time: 827.87 us.
----------------
Vulkan Timings:
CONCAT: 1 x 1.68 us = 1.68 us
CONT: 1 x 3.6 us = 3.6 us
FLASH_ATTN_EXT dst(256,24,1,1),  q(256,1,24,1),  k(256,256,4,1),  v(256,256,4,1),  m(256,1,1,1): 1 x 13.52 us = 13.52 us (465.344 GFLOPS/s)
GET_ROWS: 3 x 4.92 us = 14.76 us
GLU: 1 x 1.64 us = 1.64 us
MUL_MAT f32 m=256 n=24 k=256: 1 x 2.12 us = 2.12 us (1480.94 GFLOPS/s)
MUL_MAT f32 m=64 n=16 k=64: 1 x 1.8 us = 1.8 us (72.2489 GFLOPS/s)
MUL_MAT f32 m=64 n=96 k=64: 1 x 3.36 us = 3.36 us (232.229 GFLOPS/s)
MUL_MAT_ADD MUL_MAT_VEC q6_K m=5120 n=1 k=17408: 1 x 122.72 us = 122.72 us (1452.52 GFLOPS/s)
MUL_MAT_ADD MUL_MAT_VEC q6_K m=5120 n=1 k=6144: 1 x 48.36 us = 48.36 us (1300.86 GFLOPS/s)
MUL_MAT_VEC f32 m=256 n=4 k=256: 1 x 0.72 us = 0.72 us (726.756 GFLOPS/s)
MUL_MAT_VEC q6_K m=1024 n=1 k=5120: 2 x 8.88 us = 17.76 us (1180.71 GFLOPS/s)
MUL_MAT_VEC q6_K m=12288 n=1 k=5120: 1 x 90 us = 90 us (1397.96 GFLOPS/s)
MUL_MAT_VEC q6_K m=17408 n=1 k=5120: 2 x 121.38 us = 242.76 us (1468.45 GFLOPS/s)
MUL_MAT_VEC q6_K m=98304 n=1 k=5120: 1 x 674.58 us = 674.58 us (1492.09 GFLOPS/s)
MUL_MAT_VEC q8_0 m=5120 n=1 k=10240: 1 x 98.88 us = 98.88 us (1060.4 GFLOPS/s)
PAD: 1 x 6.52 us = 6.52 us
RMS_NORM_MUL RMS_NORM(256,24,1,1): 1 x 5.68 us = 5.68 us
RMS_NORM_MUL RMS_NORM(256,4,1,1): 1 x 5.16 us = 5.16 us
RMS_NORM_MUL RMS_NORM(5120,1,1,1): 5 x 3.928 us = 19.64 us
ROPE: 2 x 3.48 us = 6.96 us
SET_ROWS: 2 x 4.1 us = 8.2 us
SIGMOID_MUL SIGMOID: 1 x 1.6 us = 1.6 us
TOP_K K=10 (98304,1,1,1): 1 x 9.08 us = 9.08 us
Total time: 1401.1 us.
----------------
Vulkan Timings:
CONCAT: 1 x 1.68 us = 1.68 us
CONT: 1 x 3.76 us = 3.76 us
FLASH_ATTN_EXT dst(256,24,1,1),  q(256,1,24,1),  k(256,256,4,1),  v(256,256,4,1),  m(256,1,1,1): 1 x 13.96 us = 13.96 us (450.677 GFLOPS/s)
GET_ROWS: 3 x 5.053 us = 15.16 us
GLU: 1 x 1.76 us = 1.76 us
MUL_MAT f32 m=256 n=24 k=256: 1 x 1.68 us = 1.68 us (1868.8 GFLOPS/s)
MUL_MAT f32 m=64 n=16 k=64: 1 x 3.76 us = 3.76 us (34.5872 GFLOPS/s)
MUL_MAT f32 m=64 n=96 k=64: 1 x 3.76 us = 3.76 us (207.523 GFLOPS/s)
MUL_MAT_ADD MUL_MAT_VEC q6_K m=5120 n=1 k=17408: 1 x 122.92 us = 122.92 us (1450.15 GFLOPS/s)
MUL_MAT_ADD MUL_MAT_VEC q6_K m=5120 n=1 k=6144: 1 x 53.4 us = 53.4 us (1178.08 GFLOPS/s)
MUL_MAT_VEC f32 m=256 n=4 k=256: 1 x 3.16 us = 3.16 us (165.59 GFLOPS/s)
MUL_MAT_VEC q6_K m=1024 n=1 k=5120: 2 x 8.76 us = 17.52 us (1196.89 GFLOPS/s)
MUL_MAT_VEC q6_K m=12288 n=1 k=5120: 1 x 86.68 us = 86.68 us (1451.51 GFLOPS/s)
MUL_MAT_VEC q6_K m=17408 n=1 k=5120: 2 x 121.34 us = 242.68 us (1468.93 GFLOPS/s)
MUL_MAT_VEC q6_K m=98304 n=1 k=5120: 1 x 672.71 us = 672.71 us (1496.24 GFLOPS/s)
MUL_MAT_VEC q8_0 m=5120 n=1 k=10240: 1 x 100.84 us = 100.84 us (1039.79 GFLOPS/s)
PAD: 1 x 6.56 us = 6.56 us
RMS_NORM_MUL RMS_NORM(256,24,1,1): 1 x 5.6 us = 5.6 us
RMS_NORM_MUL RMS_NORM(256,4,1,1): 1 x 3.8 us = 3.8 us
RMS_NORM_MUL RMS_NORM(5120,1,1,1): 5 x 3.736 us = 18.68 us
ROPE: 2 x 3.78 us = 7.56 us
SET_ROWS: 2 x 2.98 us = 5.96 us
SIGMOID_MUL SIGMOID: 1 x 1.64 us = 1.64 us
TOP_K K=10 (98304,1,1,1): 1 x 8.88 us = 8.88 us
Total time: 1404.11 us.
----------------
Vulkan Timings:
CONCAT: 1 x 1.84 us = 1.84 us
CONT: 1 x 3.8 us = 3.8 us
FLASH_ATTN_EXT dst(256,24,1,1),  q(256,1,24,1),  k(256,256,4,1),  v(256,256,4,1),  m(256,1,1,1): 1 x 13.96 us = 13.96 us (450.677 GFLOPS/s)
GET_ROWS: 3 x 4.906 us = 14.72 us
GLU: 1 x 1.76 us = 1.76 us
MUL_MAT f32 m=256 n=24 k=256: 1 x 1.64 us = 1.64 us (1914.38 GFLOPS/s)
MUL_MAT f32 m=64 n=16 k=64: 1 x 3.76 us = 3.76 us (34.5872 GFLOPS/s)
MUL_MAT f32 m=64 n=96 k=64: 1 x 3.76 us = 3.76 us (207.523 GFLOPS/s)
MUL_MAT_ADD MUL_MAT_VEC q6_K m=5120 n=1 k=17408: 1 x 123.72 us = 123.72 us (1440.78 GFLOPS/s)
MUL_MAT_ADD MUL_MAT_VEC q6_K m=5120 n=1 k=6144: 1 x 53.76 us = 53.76 us (1170.19 GFLOPS/s)
MUL_MAT_VEC f32 m=256 n=4 k=256: 1 x 3.16 us = 3.16 us (165.59 GFLOPS/s)
MUL_MAT_VEC q6_K m=1024 n=1 k=5120: 2 x 8.68 us = 17.36 us (1207.92 GFLOPS/s)
MUL_MAT_VEC q6_K m=12288 n=1 k=5120: 1 x 85.72 us = 85.72 us (1467.77 GFLOPS/s)
MUL_MAT_VEC q6_K m=17408 n=1 k=5120: 2 x 120.88 us = 241.76 us (1474.52 GFLOPS/s)
MUL_MAT_VEC q6_K m=98304 n=1 k=5120: 1 x 672.18 us = 672.18 us (1497.42 GFLOPS/s)
MUL_MAT_VEC q8_0 m=5120 n=1 k=10240: 1 x 101.88 us = 101.88 us (1029.18 GFLOPS/s)
PAD: 1 x 6.48 us = 6.48 us
RMS_NORM_MUL RMS_NORM(256,24,1,1): 1 x 5.56 us = 5.56 us
RMS_NORM_MUL RMS_NORM(256,4,1,1): 1 x 3.76 us = 3.76 us
RMS_NORM_MUL RMS_NORM(5120,1,1,1): 5 x 3.752 us = 18.76 us
ROPE: 2 x 3.7 us = 7.4 us
SET_ROWS: 2 x 2.94 us = 5.88 us
SIGMOID_MUL SIGMOID: 1 x 1.72 us = 1.72 us
TOP_K K=10 (98304,1,1,1): 1 x 9.32 us = 9.32 us
Total time: 1403.66 us.
----------------
Vulkan Timings:
CONCAT: 1 x 1.72 us = 1.72 us
CONT: 1 x 3.76 us = 3.76 us
FLASH_ATTN_EXT dst(256,24,1,1),  q(256,1,24,1),  k(256,256,4,1),  v(256,256,4,1),  m(256,1,1,1): 1 x 13.68 us = 13.68 us (459.902 GFLOPS/s)
GET_ROWS: 3 x 4.933 us = 14.8 us
GLU: 1 x 1.8 us = 1.8 us
MUL_MAT f32 m=256 n=24 k=256: 1 x 1.64 us = 1.64 us (1914.38 GFLOPS/s)
MUL_MAT f32 m=64 n=16 k=64: 1 x 3.72 us = 3.72 us (34.9591 GFLOPS/s)
MUL_MAT f32 m=64 n=96 k=64: 1 x 3.72 us = 3.72 us (209.755 GFLOPS/s)
MUL_MAT_ADD MUL_MAT_VEC q6_K m=5120 n=1 k=17408: 1 x 123.48 us = 123.48 us (1443.58 GFLOPS/s)
MUL_MAT_ADD MUL_MAT_VEC q6_K m=5120 n=1 k=6144: 1 x 53.08 us = 53.08 us (1185.18 GFLOPS/s)
MUL_MAT_VEC f32 m=256 n=4 k=256: 1 x 3.16 us = 3.16 us (165.59 GFLOPS/s)
MUL_MAT_VEC q6_K m=1024 n=1 k=5120: 2 x 6.9 us = 13.8 us (1519.53 GFLOPS/s)
MUL_MAT_VEC q6_K m=12288 n=1 k=5120: 1 x 93.12 us = 93.12 us (1351.13 GFLOPS/s)
MUL_MAT_VEC q6_K m=17408 n=1 k=5120: 2 x 121.24 us = 242.48 us (1470.15 GFLOPS/s)
MUL_MAT_VEC q6_K m=98304 n=1 k=5120: 1 x 684.3 us = 684.3 us (1470.9 GFLOPS/s)
MUL_MAT_VEC q8_0 m=5120 n=1 k=10240: 1 x 101.08 us = 101.08 us (1037.32 GFLOPS/s)
PAD: 1 x 6.52 us = 6.52 us
RMS_NORM_MUL RMS_NORM(256,24,1,1): 1 x 3.76 us = 3.76 us
RMS_NORM_MUL RMS_NORM(256,4,1,1): 1 x 3.76 us = 3.76 us
RMS_NORM_MUL RMS_NORM(5120,1,1,1): 5 x 3.808 us = 19.04 us
ROPE: 2 x 3.74 us = 7.48 us
SET_ROWS: 2 x 2.98 us = 5.96 us
SIGMOID_MUL SIGMOID: 1 x 1.68 us = 1.68 us
TOP_K K=10 (98304,1,1,1): 1 x 9.4 us = 9.4 us
Total time: 1416.94 us.
----------------
Vulkan Timings:
ADD: 48 x 3.916 us = 188 us
CONT: 16 x 3.815 us = 61.04 us
FLASH_ATTN_EXT dst(256,24,5,1),  q(256,5,24,1),  k(256,256,4,1),  v(256,256,4,1),  m(256,5,1,1): 16 x 23.237 us = 371.8 us (1353.73 GFLOPS/s)
GDN_CACHE GATED_DELTA_NET: 48 x 13.779 us = 661.4 us
GDN_CONV_STATE CONCAT: 48 x 2.942 us = 141.24 us
GET_ROWS: 3 x 11.613 us = 34.84 us
GLU: 64 x 2.426 us = 155.32 us
MUL_MAT f32 m=256 n=120 k=256: 16 x 1.732 us = 27.72 us (9060.85 GFLOPS/s)
MUL_MAT f32 m=256 n=20 k=256: 16 x 3.077 us = 49.24 us (850.145 GFLOPS/s)
MUL_MAT f32 m=64 n=480 k=64: 16 x 3.792 us = 60.68 us (1028.73 GFLOPS/s)
MUL_MAT f32 m=64 n=80 k=64: 16 x 3.782 us = 60.52 us (171.907 GFLOPS/s)
MUL_MAT_ADD MUL_MAT_VEC q6_K m=5120 n=5 k=17408: 64 x 129.486 us = 8287.12 us (6883.08 GFLOPS/s)
MUL_MAT_ADD MUL_MAT_VEC q6_K m=5120 n=5 k=6144: 16 x 55.462 us = 887.4 us (5671.35 GFLOPS/s)
MUL_MAT_GROUP MUL_MAT_VEC q6_K m=10240 n=5 k=5120: 47 x 118.119 us = 5551.6 us (4438.2 GFLOPS/s)
MUL_MAT_GROUP MUL_MAT_VEC q6_K m=12288 n=5 k=5120: 16 x 104.232 us = 1667.72 us (6035.39 GFLOPS/s)
MUL_MAT_GROUP MUL_MAT_VEC q6_K m=17408 n=5 k=5120: 64 x 266.896 us = 17081.4 us (3339.13 GFLOPS/s)
MUL_MAT_VEC f32 m=48 n=5 k=5120: 96 x 6.851 us = 657.76 us (358.651 GFLOPS/s)
MUL_MAT_VEC q6_K m=10240 n=5 k=5120: 1 x 80.2 us = 80.2 us (6536.62 GFLOPS/s)
MUL_MAT_VEC q6_K m=248320 n=5 k=5120: 1 x 1686.68 us = 1686.68 us (7537.14 GFLOPS/s)
MUL_MAT_VEC q6_K m=6144 n=5 k=5120: 1 x 50.6 us = 50.6 us (6216.25 GFLOPS/s)
MUL_MAT_VEC q8_0 m=5120 n=5 k=6144: 48 x 60.603 us = 2908.96 us (5190.26 GFLOPS/s)
RMS_NORM_MUL RMS_NORM(256,24,5,1): 16 x 3.917 us = 62.68 us
RMS_NORM_MUL RMS_NORM(256,4,5,1): 16 x 3.702 us = 59.24 us
RMS_NORM_MUL RMS_NORM(5120,5,1,1): 129 x 4.315 us = 556.64 us
RMS_NORM_MUL_SILU_MUL RMS_NORM(128,48,5,1): 48 x 6.041 us = 290 us
RMS_NORM_SCALE RMS_NORM(128,16,5,1): 96 x 2.423 us = 232.68 us
ROPE: 32 x 3.757 us = 120.24 us
SET_ROWS: 32 x 3 us = 96 us
SIGMOID_MUL SIGMOID: 16 x 3.815 us = 61.04 us
SSM_CONV_SILU SSM_CONV: 48 x 4.886 us = 234.56 us
Total time: 42384.3 us.
----------------
Vulkan Timings:
CONCAT: 1 x 4.08 us = 4.08 us
CONT: 1 x 3.84 us = 3.84 us
FLASH_ATTN_EXT dst(256,24,5,1),  q(256,5,24,1),  k(256,256,4,1),  v(256,256,4,1),  m(256,5,1,1): 1 x 23.16 us = 23.16 us (1358.26 GFLOPS/s)
GET_ROWS: 1 x 6.84 us = 6.84 us
GLU: 1 x 1.72 us = 1.72 us
MUL_MAT f32 m=256 n=120 k=256: 1 x 1.64 us = 1.64 us (9571.9 GFLOPS/s)
MUL_MAT f32 m=256 n=20 k=256: 1 x 3.2 us = 3.2 us (817.6 GFLOPS/s)
MUL_MAT f32 m=64 n=480 k=64: 1 x 3.8 us = 3.8 us (1026.69 GFLOPS/s)
MUL_MAT f32 m=64 n=80 k=64: 1 x 3.76 us = 3.76 us (172.936 GFLOPS/s)
MUL_MAT_ADD MUL_MAT_VEC q6_K m=5120 n=5 k=17408: 1 x 154.99 us = 154.99 us (5750.46 GFLOPS/s)
MUL_MAT_ADD MUL_MAT_VEC q6_K m=5120 n=5 k=6144: 1 x 55.56 us = 55.56 us (5661.4 GFLOPS/s)
MUL_MAT_GROUP MUL_MAT_VEC q6_K m=12288 n=5 k=5120: 1 x 133.13 us = 133.13 us (4725.34 GFLOPS/s)
MUL_MAT_GROUP MUL_MAT_VEC q6_K m=17408 n=5 k=5120: 1 x 255.52 us = 255.52 us (3487.8 GFLOPS/s)
MUL_MAT_VEC q8_0 m=5120 n=5 k=10240: 1 x 104.92 us = 104.92 us (4996.78 GFLOPS/s)
RMS_NORM_MUL RMS_NORM(256,24,5,1): 1 x 3.72 us = 3.72 us
RMS_NORM_MUL RMS_NORM(256,4,5,1): 1 x 3.72 us = 3.72 us
RMS_NORM_MUL RMS_NORM(5120,5,1,1): 5 x 8.936 us = 44.68 us
ROPE: 2 x 3.76 us = 7.52 us
SET_ROWS: 2 x 2.96 us = 5.92 us
SIGMOID_MUL SIGMOID: 1 x 3.8 us = 3.8 us
Total time: 825.52 us.
----------------
Vulkan Timings:
CONCAT: 1 x 1.6 us = 1.6 us
CONT: 1 x 3.48 us = 3.48 us
FLASH_ATTN_EXT dst(256,24,1,1),  q(256,1,24,1),  k(256,256,4,1),  v(256,256,4,1),  m(256,1,1,1): 1 x 13.52 us = 13.52 us (465.344 GFLOPS/s)
GET_ROWS: 3 x 4.813 us = 14.44 us
GLU: 1 x 1.72 us = 1.72 us
MUL_MAT f32 m=256 n=24 k=256: 1 x 1.6 us = 1.6 us (1962.24 GFLOPS/s)
MUL_MAT f32 m=64 n=16 k=64: 1 x 1.84 us = 1.84 us (70.6783 GFLOPS/s)
MUL_MAT f32 m=64 n=96 k=64: 1 x 3.16 us = 3.16 us (246.927 GFLOPS/s)
MUL_MAT_ADD MUL_MAT_VEC q6_K m=5120 n=1 k=17408: 1 x 123.16 us = 123.16 us (1447.33 GFLOPS/s)
MUL_MAT_ADD MUL_MAT_VEC q6_K m=5120 n=1 k=6144: 1 x 47.96 us = 47.96 us (1311.71 GFLOPS/s)
MUL_MAT_VEC f32 m=256 n=4 k=256: 1 x 2.96 us = 2.96 us (176.778 GFLOPS/s)
MUL_MAT_VEC q6_K m=1024 n=1 k=5120: 2 x 8.78 us = 17.56 us (1194.16 GFLOPS/s)
MUL_MAT_VEC q6_K m=12288 n=1 k=5120: 1 x 90.12 us = 90.12 us (1396.1 GFLOPS/s)
MUL_MAT_VEC q6_K m=17408 n=1 k=5120: 2 x 121.24 us = 242.48 us (1470.15 GFLOPS/s)
MUL_MAT_VEC q6_K m=98304 n=1 k=5120: 1 x 671.7 us = 671.7 us (1498.49 GFLOPS/s)
MUL_MAT_VEC q8_0 m=5120 n=1 k=10240: 1 x 97.88 us = 97.88 us (1071.23 GFLOPS/s)
PAD: 1 x 6.36 us = 6.36 us
RMS_NORM_MUL RMS_NORM(256,24,1,1): 1 x 5.4 us = 5.4 us
RMS_NORM_MUL RMS_NORM(256,4,1,1): 1 x 4.84 us = 4.84 us
RMS_NORM_MUL RMS_NORM(5120,1,1,1): 5 x 4.328 us = 21.64 us
ROPE: 2 x 3.34 us = 6.68 us
SET_ROWS: 2 x 2.78 us = 5.56 us
SIGMOID_MUL SIGMOID: 1 x 1.56 us = 1.56 us
TOP_K K=10 (98304,1,1,1): 1 x 8.92 us = 8.92 us
Total time: 1396.14 us.
----------------
Vulkan Timings:
CONCAT: 1 x 1.6 us = 1.6 us
CONT: 1 x 3.6 us = 3.6 us
FLASH_ATTN_EXT dst(256,24,1,1),  q(256,1,24,1),  k(256,256,4,1),  v(256,256,4,1),  m(256,1,1,1): 1 x 13.92 us = 13.92 us (451.972 GFLOPS/s)
GET_ROWS: 3 x 4.8 us = 14.4 us
GLU: 1 x 1.72 us = 1.72 us
MUL_MAT f32 m=256 n=24 k=256: 1 x 1.64 us = 1.64 us (1914.38 GFLOPS/s)
MUL_MAT f32 m=64 n=16 k=64: 1 x 3.6 us = 3.6 us (36.1244 GFLOPS/s)
MUL_MAT f32 m=64 n=96 k=64: 1 x 3.6 us = 3.6 us (216.747 GFLOPS/s)
MUL_MAT_ADD MUL_MAT_VEC q6_K m=5120 n=1 k=17408: 1 x 123.52 us = 123.52 us (1443.11 GFLOPS/s)
MUL_MAT_ADD MUL_MAT_VEC q6_K m=5120 n=1 k=6144: 1 x 53.28 us = 53.28 us (1180.73 GFLOPS/s)
MUL_MAT_VEC f32 m=256 n=4 k=256: 1 x 3 us = 3 us (174.421 GFLOPS/s)
MUL_MAT_VEC q6_K m=1024 n=1 k=5120: 2 x 6.88 us = 13.76 us (1523.94 GFLOPS/s)
MUL_MAT_VEC q6_K m=12288 n=1 k=5120: 1 x 93.28 us = 93.28 us (1348.81 GFLOPS/s)
MUL_MAT_VEC q6_K m=17408 n=1 k=5120: 2 x 121.38 us = 242.76 us (1468.45 GFLOPS/s)
MUL_MAT_VEC q6_K m=98304 n=1 k=5120: 1 x 673.28 us = 673.28 us (1494.97 GFLOPS/s)
MUL_MAT_VEC q8_0 m=5120 n=1 k=10240: 1 x 101.16 us = 101.16 us (1036.5 GFLOPS/s)
PAD: 1 x 6.32 us = 6.32 us
RMS_NORM_MUL RMS_NORM(256,24,1,1): 1 x 3.6 us = 3.6 us
RMS_NORM_MUL RMS_NORM(256,4,1,1): 1 x 3.6 us = 3.6 us
RMS_NORM_MUL RMS_NORM(5120,1,1,1): 5 x 3.808 us = 19.04 us
ROPE: 2 x 3.58 us = 7.16 us
SET_ROWS: 2 x 2.88 us = 5.76 us
SIGMOID_MUL SIGMOID: 1 x 1.68 us = 1.68 us
TOP_K K=10 (98304,1,1,1): 1 x 9.2 us = 9.2 us
Total time: 1404.48 us.
----------------
Vulkan Timings:
CONCAT: 1 x 1.68 us = 1.68 us
CONT: 1 x 3.64 us = 3.64 us
FLASH_ATTN_EXT dst(256,24,1,1),  q(256,1,24,1),  k(256,256,4,1),  v(256,256,4,1),  m(256,1,1,1): 1 x 13.84 us = 13.84 us (454.585 GFLOPS/s)
GET_ROWS: 3 x 6.093 us = 18.28 us
GLU: 1 x 1.76 us = 1.76 us
MUL_MAT f32 m=256 n=24 k=256: 1 x 1.64 us = 1.64 us (1914.38 GFLOPS/s)
MUL_MAT f32 m=64 n=16 k=64: 1 x 3.56 us = 3.56 us (36.5303 GFLOPS/s)
MUL_MAT f32 m=64 n=96 k=64: 1 x 3.6 us = 3.6 us (216.747 GFLOPS/s)
MUL_MAT_ADD MUL_MAT_VEC q6_K m=5120 n=1 k=17408: 1 x 122.72 us = 122.72 us (1452.52 GFLOPS/s)
MUL_MAT_ADD MUL_MAT_VEC q6_K m=5120 n=1 k=6144: 1 x 54.04 us = 54.04 us (1164.13 GFLOPS/s)
MUL_MAT_VEC f32 m=256 n=4 k=256: 1 x 3 us = 3 us (174.421 GFLOPS/s)
MUL_MAT_VEC q6_K m=1024 n=1 k=5120: 2 x 6.88 us = 13.76 us (1523.94 GFLOPS/s)
MUL_MAT_VEC q6_K m=12288 n=1 k=5120: 1 x 93.32 us = 93.32 us (1348.23 GFLOPS/s)
MUL_MAT_VEC q6_K m=17408 n=1 k=5120: 2 x 120.92 us = 241.84 us (1474.04 GFLOPS/s)
MUL_MAT_VEC q6_K m=98304 n=1 k=5120: 1 x 671.69 us = 671.69 us (1498.51 GFLOPS/s)
MUL_MAT_VEC q8_0 m=5120 n=1 k=10240: 1 x 101 us = 101 us (1038.14 GFLOPS/s)
PAD: 1 x 8.48 us = 8.48 us
RMS_NORM_MUL RMS_NORM(256,24,1,1): 1 x 3.6 us = 3.6 us
RMS_NORM_MUL RMS_NORM(256,4,1,1): 1 x 3.6 us = 3.6 us
RMS_NORM_MUL RMS_NORM(5120,1,1,1): 5 x 3.792 us = 18.96 us
ROPE: 2 x 3.54 us = 7.08 us
SET_ROWS: 2 x 2.9 us = 5.8 us
SIGMOID_MUL SIGMOID: 1 x 1.72 us = 1.72 us
TOP_K K=10 (98304,1,1,1): 1 x 6.44 us = 6.44 us
Total time: 1405.05 us.
----------------
Vulkan Timings:
CONCAT: 1 x 1.72 us = 1.72 us
CONT: 1 x 3.56 us = 3.56 us
FLASH_ATTN_EXT dst(256,24,1,1),  q(256,1,24,1),  k(256,256,4,1),  v(256,256,4,1),  m(256,1,1,1): 1 x 13.76 us = 13.76 us (457.228 GFLOPS/s)
GET_ROWS: 3 x 7.16 us = 21.48 us
GLU: 1 x 1.76 us = 1.76 us
MUL_MAT f32 m=256 n=24 k=256: 1 x 1.64 us = 1.64 us (1914.38 GFLOPS/s)
MUL_MAT f32 m=64 n=16 k=64: 1 x 3.6 us = 3.6 us (36.1244 GFLOPS/s)
MUL_MAT f32 m=64 n=96 k=64: 1 x 3.56 us = 3.56 us (219.182 GFLOPS/s)
MUL_MAT_ADD MUL_MAT_VEC q6_K m=5120 n=1 k=17408: 1 x 123.84 us = 123.84 us (1439.38 GFLOPS/s)
MUL_MAT_ADD MUL_MAT_VEC q6_K m=5120 n=1 k=6144: 1 x 53.4 us = 53.4 us (1178.08 GFLOPS/s)
MUL_MAT_VEC f32 m=256 n=4 k=256: 1 x 3 us = 3 us (174.421 GFLOPS/s)
MUL_MAT_VEC q6_K m=1024 n=1 k=5120: 2 x 6.94 us = 13.88 us (1510.77 GFLOPS/s)
MUL_MAT_VEC q6_K m=12288 n=1 k=5120: 1 x 93.28 us = 93.28 us (1348.81 GFLOPS/s)
MUL_MAT_VEC q6_K m=17408 n=1 k=5120: 2 x 121.06 us = 242.12 us (1472.33 GFLOPS/s)
MUL_MAT_VEC q6_K m=98304 n=1 k=5120: 1 x 672.99 us = 672.99 us (1495.62 GFLOPS/s)
MUL_MAT_VEC q8_0 m=5120 n=1 k=10240: 1 x 101.6 us = 101.6 us (1032.01 GFLOPS/s)
PAD: 1 x 4.88 us = 4.88 us
RMS_NORM_MUL RMS_NORM(256,24,1,1): 1 x 3.6 us = 3.6 us
RMS_NORM_MUL RMS_NORM(256,4,1,1): 1 x 3.6 us = 3.6 us
RMS_NORM_MUL RMS_NORM(5120,1,1,1): 5 x 3.728 us = 18.64 us
ROPE: 2 x 3.58 us = 7.16 us
SET_ROWS: 2 x 2.9 us = 5.8 us
SIGMOID_MUL SIGMOID: 1 x 1.64 us = 1.64 us
TOP_K K=10 (98304,1,1,1): 1 x 8.6 us = 8.6 us
Total time: 1409.11 us.
----------------
Vulkan Timings:
ADD: 48 x 3.844 us = 184.52 us
CONT: 16 x 3.74 us = 59.84 us
FLASH_ATTN_EXT dst(256,24,5,1),  q(256,5,24,1),  k(256,256,4,1),  v(256,256,4,1),  m(256,5,1,1): 16 x 23.707 us = 379.32 us (1326.89 GFLOPS/s)
GDN_CACHE GATED_DELTA_NET: 48 x 14.515 us = 696.76 us
GDN_CONV_STATE CONCAT: 48 x 3.119 us = 149.72 us
GET_ROWS: 3 x 11.933 us = 35.8 us
GLU: 64 x 2.303 us = 147.4 us
MUL_MAT f32 m=256 n=120 k=256: 16 x 1.737 us = 27.8 us (9034.77 GFLOPS/s)
MUL_MAT f32 m=256 n=20 k=256: 16 x 3 us = 48 us (872.107 GFLOPS/s)
MUL_MAT f32 m=64 n=480 k=64: 16 x 3.712 us = 59.4 us (1050.89 GFLOPS/s)
MUL_MAT f32 m=64 n=80 k=64: 16 x 3.702 us = 59.24 us (175.622 GFLOPS/s)
MUL_MAT_ADD MUL_MAT_VEC q6_K m=5120 n=5 k=17408: 64 x 129.492 us = 8287.52 us (6882.75 GFLOPS/s)
MUL_MAT_ADD MUL_MAT_VEC q6_K m=5120 n=5 k=6144: 16 x 55.78 us = 892.48 us (5639.07 GFLOPS/s)
MUL_MAT_GROUP MUL_MAT_VEC q6_K m=10240 n=5 k=5120: 47 x 118.18 us = 5554.48 us (4435.9 GFLOPS/s)
MUL_MAT_GROUP MUL_MAT_VEC q6_K m=12288 n=5 k=5120: 16 x 104.435 us = 1670.96 us (6023.69 GFLOPS/s)
MUL_MAT_GROUP MUL_MAT_VEC q6_K m=17408 n=5 k=5120: 64 x 266.131 us = 17032.4 us (3348.73 GFLOPS/s)
MUL_MAT_VEC f32 m=48 n=5 k=5120: 96 x 6.342 us = 608.88 us (387.443 GFLOPS/s)
MUL_MAT_VEC q6_K m=10240 n=5 k=5120: 1 x 80.28 us = 80.28 us (6530.1 GFLOPS/s)
MUL_MAT_VEC q6_K m=248320 n=5 k=5120: 1 x 1687.76 us = 1687.76 us (7532.32 GFLOPS/s)
MUL_MAT_VEC q6_K m=6144 n=5 k=5120: 1 x 49.6 us = 49.6 us (6341.57 GFLOPS/s)
MUL_MAT_VEC q8_0 m=5120 n=5 k=6144: 48 x 60.645 us = 2911 us (5186.63 GFLOPS/s)
RMS_NORM_MUL RMS_NORM(256,24,5,1): 16 x 3.835 us = 61.36 us
RMS_NORM_MUL RMS_NORM(256,4,5,1): 16 x 3.637 us = 58.2 us
RMS_NORM_MUL RMS_NORM(5120,5,1,1): 129 x 4.334 us = 559.12 us
RMS_NORM_MUL_SILU_MUL RMS_NORM(128,48,5,1): 48 x 5.882 us = 282.36 us
RMS_NORM_SCALE RMS_NORM(128,16,5,1): 96 x 2.506 us = 240.6 us
ROPE: 32 x 3.695 us = 118.24 us
SET_ROWS: 32 x 2.922 us = 93.52 us
SIGMOID_MUL SIGMOID: 16 x 3.737 us = 59.8 us
SSM_CONV_SILU SSM_CONV: 48 x 4.811 us = 230.96 us
Total time: 42327.3 us.
----------------
Vulkan Timings:
CONCAT: 1 x 4.16 us = 4.16 us
CONT: 1 x 3.88 us = 3.88 us
FLASH_ATTN_EXT dst(256,24,5,1),  q(256,5,24,1),  k(256,256,4,1),  v(256,256,4,1),  m(256,5,1,1): 1 x 24.28 us = 24.28 us (1295.6 GFLOPS/s)
GET_ROWS: 1 x 7.16 us = 7.16 us
GLU: 1 x 1.8 us = 1.8 us
MUL_MAT f32 m=256 n=120 k=256: 1 x 1.8 us = 1.8 us (8721.07 GFLOPS/s)
MUL_MAT f32 m=256 n=20 k=256: 1 x 3.28 us = 3.28 us (797.659 GFLOPS/s)
MUL_MAT f32 m=64 n=480 k=64: 1 x 3.92 us = 3.92 us (995.265 GFLOPS/s)
MUL_MAT f32 m=64 n=80 k=64: 1 x 3.84 us = 3.84 us (169.333 GFLOPS/s)
MUL_MAT_ADD MUL_MAT_VEC q6_K m=5120 n=5 k=17408: 1 x 156.36 us = 156.36 us (5700.08 GFLOPS/s)
MUL_MAT_ADD MUL_MAT_VEC q6_K m=5120 n=5 k=6144: 1 x 56.16 us = 56.16 us (5600.91 GFLOPS/s)
MUL_MAT_GROUP MUL_MAT_VEC q6_K m=12288 n=5 k=5120: 1 x 135.71 us = 135.71 us (4635.5 GFLOPS/s)
MUL_MAT_GROUP MUL_MAT_VEC q6_K m=17408 n=5 k=5120: 1 x 255.84 us = 255.84 us (3483.44 GFLOPS/s)
MUL_MAT_VEC q8_0 m=5120 n=5 k=10240: 1 x 106.96 us = 106.96 us (4901.48 GFLOPS/s)
RMS_NORM_MUL RMS_NORM(256,24,5,1): 1 x 3.8 us = 3.8 us
RMS_NORM_MUL RMS_NORM(256,4,5,1): 1 x 3.84 us = 3.84 us
RMS_NORM_MUL RMS_NORM(5120,5,1,1): 5 x 9.352 us = 46.76 us
ROPE: 2 x 3.86 us = 7.72 us
SET_ROWS: 2 x 3.06 us = 6.12 us
SIGMOID_MUL SIGMOID: 1 x 3.92 us = 3.92 us
Total time: 837.31 us.
----------------
Vulkan Timings:
CONCAT: 1 x 1.76 us = 1.76 us
CONT: 1 x 3.8 us = 3.8 us
FLASH_ATTN_EXT dst(256,24,1,1),  q(256,1,24,1),  k(256,256,4,1),  v(256,256,4,1),  m(256,1,1,1): 1 x 13.88 us = 13.88 us (453.275 GFLOPS/s)
GET_ROWS: 3 x 5.146 us = 15.44 us
GLU: 1 x 1.64 us = 1.64 us
MUL_MAT f32 m=256 n=24 k=256: 1 x 1.6 us = 1.6 us (1962.24 GFLOPS/s)
MUL_MAT f32 m=64 n=16 k=64: 1 x 1.92 us = 1.92 us (67.7333 GFLOPS/s)
MUL_MAT f32 m=64 n=96 k=64: 1 x 3.48 us = 3.48 us (224.221 GFLOPS/s)
MUL_MAT_ADD MUL_MAT_VEC q6_K m=5120 n=1 k=17408: 1 x 123.8 us = 123.8 us (1439.84 GFLOPS/s)
MUL_MAT_ADD MUL_MAT_VEC q6_K m=5120 n=1 k=6144: 1 x 48.76 us = 48.76 us (1290.19 GFLOPS/s)
MUL_MAT_VEC f32 m=256 n=4 k=256: 1 x 3.28 us = 3.28 us (159.532 GFLOPS/s)
MUL_MAT_VEC q6_K m=1024 n=1 k=5120: 2 x 8.88 us = 17.76 us (1180.71 GFLOPS/s)
MUL_MAT_VEC q6_K m=12288 n=1 k=5120: 1 x 89.64 us = 89.64 us (1403.58 GFLOPS/s)
MUL_MAT_VEC q6_K m=17408 n=1 k=5120: 2 x 121.56 us = 243.12 us (1466.28 GFLOPS/s)
MUL_MAT_VEC q6_K m=98304 n=1 k=5120: 1 x 673.34 us = 673.34 us (1494.84 GFLOPS/s)
MUL_MAT_VEC q8_0 m=5120 n=1 k=10240: 1 x 98.08 us = 98.08 us (1069.05 GFLOPS/s)
PAD: 1 x 6.64 us = 6.64 us
RMS_NORM_MUL RMS_NORM(256,24,1,1): 1 x 6.36 us = 6.36 us
RMS_NORM_MUL RMS_NORM(256,4,1,1): 1 x 5.36 us = 5.36 us
RMS_NORM_MUL RMS_NORM(5120,1,1,1): 5 x 4.528 us = 22.64 us
ROPE: 2 x 3.64 us = 7.28 us
SET_ROWS: 2 x 3 us = 6 us
SIGMOID_MUL SIGMOID: 1 x 1.56 us = 1.56 us
TOP_K K=10 (98304,1,1,1): 1 x 9.48 us = 9.48 us
Total time: 1406.62 us.
----------------
Vulkan Timings:
CONCAT: 1 x 1.72 us = 1.72 us
CONT: 1 x 3.8 us = 3.8 us
FLASH_ATTN_EXT dst(256,24,1,1),  q(256,1,24,1),  k(256,256,4,1),  v(256,256,4,1),  m(256,1,1,1): 1 x 13.88 us = 13.88 us (453.275 GFLOPS/s)
GET_ROWS: 3 x 5.026 us = 15.08 us
GLU: 1 x 1.92 us = 1.92 us
MUL_MAT f32 m=256 n=24 k=256: 1 x 1.64 us = 1.64 us (1914.38 GFLOPS/s)
MUL_MAT f32 m=64 n=16 k=64: 1 x 3.8 us = 3.8 us (34.2232 GFLOPS/s)
MUL_MAT f32 m=64 n=96 k=64: 1 x 3.76 us = 3.76 us (207.523 GFLOPS/s)
MUL_MAT_ADD MUL_MAT_VEC q6_K m=5120 n=1 k=17408: 1 x 123.48 us = 123.48 us (1443.58 GFLOPS/s)
MUL_MAT_ADD MUL_MAT_VEC q6_K m=5120 n=1 k=6144: 1 x 54.24 us = 54.24 us (1159.83 GFLOPS/s)
MUL_MAT_VEC f32 m=256 n=4 k=256: 1 x 3.24 us = 3.24 us (161.501 GFLOPS/s)
MUL_MAT_VEC q6_K m=1024 n=1 k=5120: 2 x 8.88 us = 17.76 us (1180.71 GFLOPS/s)
MUL_MAT_VEC q6_K m=12288 n=1 k=5120: 1 x 86.12 us = 86.12 us (1460.95 GFLOPS/s)
MUL_MAT_VEC q6_K m=17408 n=1 k=5120: 2 x 121.04 us = 242.08 us (1472.58 GFLOPS/s)
MUL_MAT_VEC q6_K m=98304 n=1 k=5120: 1 x 673.57 us = 673.57 us (1494.33 GFLOPS/s)
MUL_MAT_VEC q8_0 m=5120 n=1 k=10240: 1 x 100.88 us = 100.88 us (1039.38 GFLOPS/s)
PAD: 1 x 6.72 us = 6.72 us
RMS_NORM_MUL RMS_NORM(256,24,1,1): 1 x 5.64 us = 5.64 us
RMS_NORM_MUL RMS_NORM(256,4,1,1): 1 x 3.76 us = 3.76 us
RMS_NORM_MUL RMS_NORM(5120,1,1,1): 5 x 3.832 us = 19.16 us
ROPE: 2 x 3.78 us = 7.56 us
SET_ROWS: 2 x 2.98 us = 5.96 us
SIGMOID_MUL SIGMOID: 1 x 1.68 us = 1.68 us
TOP_K K=10 (98304,1,1,1): 1 x 9 us = 9 us
Total time: 1406.45 us.
----------------
Vulkan Timings:
CONCAT: 1 x 1.68 us = 1.68 us
CONT: 1 x 3.76 us = 3.76 us
FLASH_ATTN_EXT dst(256,24,1,1),  q(256,1,24,1),  k(256,256,4,1),  v(256,256,4,1),  m(256,1,1,1): 1 x 13.84 us = 13.84 us (454.585 GFLOPS/s)
GET_ROWS: 3 x 5.066 us = 15.2 us
GLU: 1 x 1.76 us = 1.76 us
MUL_MAT f32 m=256 n=24 k=256: 1 x 1.64 us = 1.64 us (1914.38 GFLOPS/s)
MUL_MAT f32 m=64 n=16 k=64: 1 x 3.76 us = 3.76 us (34.5872 GFLOPS/s)
MUL_MAT f32 m=64 n=96 k=64: 1 x 3.76 us = 3.76 us (207.523 GFLOPS/s)
MUL_MAT_ADD MUL_MAT_VEC q6_K m=5120 n=1 k=17408: 1 x 123.56 us = 123.56 us (1442.64 GFLOPS/s)
MUL_MAT_ADD MUL_MAT_VEC q6_K m=5120 n=1 k=6144: 1 x 53.32 us = 53.32 us (1179.85 GFLOPS/s)
MUL_MAT_VEC f32 m=256 n=4 k=256: 1 x 3.12 us = 3.12 us (167.713 GFLOPS/s)
MUL_MAT_VEC q6_K m=1024 n=1 k=5120: 2 x 8.74 us = 17.48 us (1199.63 GFLOPS/s)
MUL_MAT_VEC q6_K m=12288 n=1 k=5120: 1 x 85.92 us = 85.92 us (1464.35 GFLOPS/s)
MUL_MAT_VEC q6_K m=17408 n=1 k=5120: 2 x 121.26 us = 242.52 us (1469.9 GFLOPS/s)
MUL_MAT_VEC q6_K m=98304 n=1 k=5120: 1 x 674.45 us = 674.45 us (1492.38 GFLOPS/s)
MUL_MAT_VEC q8_0 m=5120 n=1 k=10240: 1 x 101.08 us = 101.08 us (1037.32 GFLOPS/s)
PAD: 1 x 6.48 us = 6.48 us
RMS_NORM_MUL RMS_NORM(256,24,1,1): 1 x 5.56 us = 5.56 us
RMS_NORM_MUL RMS_NORM(256,4,1,1): 1 x 3.72 us = 3.72 us
RMS_NORM_MUL RMS_NORM(5120,1,1,1): 5 x 3.736 us = 18.68 us
ROPE: 2 x 3.7 us = 7.4 us
SET_ROWS: 2 x 2.96 us = 5.92 us
SIGMOID_MUL SIGMOID: 1 x 1.68 us = 1.68 us
TOP_K K=10 (98304,1,1,1): 1 x 9.08 us = 9.08 us
Total time: 1405.37 us.
----------------
Vulkan Timings:
CONCAT: 1 x 1.96 us = 1.96 us
CONT: 1 x 3.76 us = 3.76 us
FLASH_ATTN_EXT dst(256,24,1,1),  q(256,1,24,1),  k(256,256,4,1),  v(256,256,4,1),  m(256,1,1,1): 1 x 13.8 us = 13.8 us (455.903 GFLOPS/s)
GET_ROWS: 3 x 5 us = 15 us
GLU: 1 x 1.84 us = 1.84 us
MUL_MAT f32 m=256 n=24 k=256: 1 x 1.68 us = 1.68 us (1868.8 GFLOPS/s)
MUL_MAT f32 m=64 n=16 k=64: 1 x 3.76 us = 3.76 us (34.5872 GFLOPS/s)
MUL_MAT f32 m=64 n=96 k=64: 1 x 3.76 us = 3.76 us (207.523 GFLOPS/s)
MUL_MAT_ADD MUL_MAT_VEC q6_K m=5120 n=1 k=17408: 1 x 123.84 us = 123.84 us (1439.38 GFLOPS/s)
MUL_MAT_ADD MUL_MAT_VEC q6_K m=5120 n=1 k=6144: 1 x 53.88 us = 53.88 us (1167.58 GFLOPS/s)
MUL_MAT_VEC f32 m=256 n=4 k=256: 1 x 3.16 us = 3.16 us (165.59 GFLOPS/s)
MUL_MAT_VEC q6_K m=1024 n=1 k=5120: 2 x 8.98 us = 17.96 us (1167.57 GFLOPS/s)
MUL_MAT_VEC q6_K m=12288 n=1 k=5120: 1 x 85.64 us = 85.64 us (1469.14 GFLOPS/s)
MUL_MAT_VEC q6_K m=17408 n=1 k=5120: 2 x 121.08 us = 242.16 us (1472.09 GFLOPS/s)
MUL_MAT_VEC q6_K m=98304 n=1 k=5120: 1 x 671.2 us = 671.2 us (1499.6 GFLOPS/s)
MUL_MAT_VEC q8_0 m=5120 n=1 k=10240: 1 x 100.92 us = 100.92 us (1038.97 GFLOPS/s)
PAD: 1 x 6.52 us = 6.52 us
RMS_NORM_MUL RMS_NORM(256,24,1,1): 1 x 5.56 us = 5.56 us
RMS_NORM_MUL RMS_NORM(256,4,1,1): 1 x 3.76 us = 3.76 us
RMS_NORM_MUL RMS_NORM(5120,1,1,1): 5 x 3.784 us = 18.92 us
ROPE: 2 x 3.7 us = 7.4 us
SET_ROWS: 2 x 2.94 us = 5.88 us
SIGMOID_MUL SIGMOID: 1 x 1.92 us = 1.92 us
TOP_K K=10 (98304,1,1,1): 1 x 9.08 us = 9.08 us
Total time: 1403.36 us.
----------------
Vulkan Timings:
ADD: 48 x 3.925 us = 188.44 us
CONT: 16 x 3.81 us = 60.96 us
FLASH_ATTN_EXT dst(256,24,5,1),  q(256,5,24,1),  k(256,256,4,1),  v(256,256,4,1),  m(256,5,1,1): 16 x 23.232 us = 371.72 us (1354.02 GFLOPS/s)
GDN_CACHE GATED_DELTA_NET: 48 x 13.783 us = 661.6 us
GDN_CONV_STATE CONCAT: 48 x 2.975 us = 142.84 us
GET_ROWS: 3 x 11.533 us = 34.6 us
GLU: 64 x 2.373 us = 151.88 us
MUL_MAT f32 m=256 n=120 k=256: 16 x 1.715 us = 27.44 us (9153.31 GFLOPS/s)
MUL_MAT f32 m=256 n=20 k=256: 16 x 3.085 us = 49.36 us (848.078 GFLOPS/s)
MUL_MAT f32 m=64 n=480 k=64: 16 x 3.805 us = 60.88 us (1025.35 GFLOPS/s)
MUL_MAT f32 m=64 n=80 k=64: 16 x 3.797 us = 60.76 us (171.228 GFLOPS/s)
MUL_MAT_ADD MUL_MAT_VEC q6_K m=5120 n=5 k=17408: 64 x 129.716 us = 8301.88 us (6870.84 GFLOPS/s)
MUL_MAT_ADD MUL_MAT_VEC q6_K m=5120 n=5 k=6144: 16 x 55.397 us = 886.36 us (5678 GFLOPS/s)
MUL_MAT_GROUP MUL_MAT_VEC q6_K m=10240 n=5 k=5120: 47 x 118.076 us = 5549.6 us (4439.8 GFLOPS/s)
MUL_MAT_GROUP MUL_MAT_VEC q6_K m=12288 n=5 k=5120: 16 x 104.455 us = 1671.28 us (6022.54 GFLOPS/s)
MUL_MAT_GROUP MUL_MAT_VEC q6_K m=17408 n=5 k=5120: 64 x 266.578 us = 17061 us (3343.11 GFLOPS/s)
MUL_MAT_VEC f32 m=48 n=5 k=5120: 96 x 6.698 us = 643.08 us (366.839 GFLOPS/s)
MUL_MAT_VEC q6_K m=10240 n=5 k=5120: 1 x 80.04 us = 80.04 us (6549.69 GFLOPS/s)
MUL_MAT_VEC q6_K m=248320 n=5 k=5120: 1 x 1685.8 us = 1685.8 us (7541.07 GFLOPS/s)
MUL_MAT_VEC q6_K m=6144 n=5 k=5120: 1 x 51.52 us = 51.52 us (6105.24 GFLOPS/s)
MUL_MAT_VEC q8_0 m=5120 n=5 k=6144: 48 x 60.821 us = 2919.44 us (5171.63 GFLOPS/s)
RMS_NORM_MUL RMS_NORM(256,24,5,1): 16 x 3.917 us = 62.68 us
RMS_NORM_MUL RMS_NORM(256,4,5,1): 16 x 3.712 us = 59.4 us
RMS_NORM_MUL RMS_NORM(5120,5,1,1): 129 x 4.342 us = 560.16 us
RMS_NORM_MUL_SILU_MUL RMS_NORM(128,48,5,1): 48 x 6.06 us = 290.92 us
RMS_NORM_SCALE RMS_NORM(128,16,5,1): 96 x 2.56 us = 245.84 us
ROPE: 32 x 3.775 us = 120.8 us
SET_ROWS: 32 x 2.997 us = 95.92 us
SIGMOID_MUL SIGMOID: 16 x 3.827 us = 61.24 us
SSM_CONV_SILU SSM_CONV: 48 x 4.902 us = 235.32 us
Total time: 42392.8 us.
----------------
Vulkan Timings:
CONCAT: 1 x 4.04 us = 4.04 us
CONT: 1 x 3.8 us = 3.8 us
FLASH_ATTN_EXT dst(256,24,5,1),  q(256,5,24,1),  k(256,256,4,1),  v(256,256,4,1),  m(256,5,1,1): 1 x 23.56 us = 23.56 us (1335.2 GFLOPS/s)
GET_ROWS: 1 x 6.84 us = 6.84 us
GLU: 1 x 1.68 us = 1.68 us
MUL_MAT f32 m=256 n=120 k=256: 1 x 1.68 us = 1.68 us (9344 GFLOPS/s)
MUL_MAT f32 m=256 n=20 k=256: 1 x 3.2 us = 3.2 us (817.6 GFLOPS/s)
MUL_MAT f32 m=64 n=480 k=64: 1 x 3.84 us = 3.84 us (1016 GFLOPS/s)
MUL_MAT f32 m=64 n=80 k=64: 1 x 3.8 us = 3.8 us (171.116 GFLOPS/s)
MUL_MAT_ADD MUL_MAT_VEC q6_K m=5120 n=5 k=17408: 1 x 155.31 us = 155.31 us (5738.61 GFLOPS/s)
MUL_MAT_ADD MUL_MAT_VEC q6_K m=5120 n=5 k=6144: 1 x 57.76 us = 57.76 us (5445.76 GFLOPS/s)
MUL_MAT_GROUP MUL_MAT_VEC q6_K m=12288 n=5 k=5120: 1 x 133.07 us = 133.07 us (4727.47 GFLOPS/s)
MUL_MAT_GROUP MUL_MAT_VEC q6_K m=17408 n=5 k=5120: 1 x 254.44 us = 254.44 us (3502.6 GFLOPS/s)
MUL_MAT_VEC q8_0 m=5120 n=5 k=10240: 1 x 105.16 us = 105.16 us (4985.38 GFLOPS/s)
RMS_NORM_MUL RMS_NORM(256,24,5,1): 1 x 3.72 us = 3.72 us
RMS_NORM_MUL RMS_NORM(256,4,5,1): 1 x 3.76 us = 3.76 us
RMS_NORM_MUL RMS_NORM(5120,5,1,1): 5 x 9.196 us = 45.98 us
ROPE: 2 x 3.78 us = 7.56 us
SET_ROWS: 2 x 2.94 us = 5.88 us
SIGMOID_MUL SIGMOID: 1 x 3.84 us = 3.84 us
Total time: 828.92 us.
----------------
Vulkan Timings:
CONCAT: 1 x 1.64 us = 1.64 us
CONT: 1 x 3.52 us = 3.52 us
FLASH_ATTN_EXT dst(256,24,1,1),  q(256,1,24,1),  k(256,256,4,1),  v(256,256,4,1),  m(256,1,1,1): 1 x 13.44 us = 13.44 us (468.114 GFLOPS/s)
GET_ROWS: 3 x 4.813 us = 14.44 us
GLU: 1 x 1.64 us = 1.64 us
MUL_MAT f32 m=256 n=24 k=256: 1 x 1.56 us = 1.56 us (2012.55 GFLOPS/s)
MUL_MAT f32 m=64 n=16 k=64: 1 x 1.84 us = 1.84 us (70.6783 GFLOPS/s)
MUL_MAT f32 m=64 n=96 k=64: 1 x 3.24 us = 3.24 us (240.83 GFLOPS/s)
MUL_MAT_ADD MUL_MAT_VEC q6_K m=5120 n=1 k=17408: 1 x 122.84 us = 122.84 us (1451.1 GFLOPS/s)
MUL_MAT_ADD MUL_MAT_VEC q6_K m=5120 n=1 k=6144: 1 x 48.12 us = 48.12 us (1307.34 GFLOPS/s)
MUL_MAT_VEC f32 m=256 n=4 k=256: 1 x 3.04 us = 3.04 us (172.126 GFLOPS/s)
MUL_MAT_VEC q6_K m=1024 n=1 k=5120: 2 x 6.7 us = 13.4 us (1564.89 GFLOPS/s)
MUL_MAT_VEC q6_K m=12288 n=1 k=5120: 1 x 97.88 us = 97.88 us (1285.42 GFLOPS/s)
MUL_MAT_VEC q6_K m=17408 n=1 k=5120: 2 x 121.32 us = 242.64 us (1469.18 GFLOPS/s)
MUL_MAT_VEC q6_K m=98304 n=1 k=5120: 1 x 673.78 us = 673.78 us (1493.86 GFLOPS/s)
MUL_MAT_VEC q8_0 m=5120 n=1 k=10240: 1 x 97.88 us = 97.88 us (1071.23 GFLOPS/s)
PAD: 1 x 6.4 us = 6.4 us
RMS_NORM_MUL RMS_NORM(256,24,1,1): 1 x 3.2 us = 3.2 us
RMS_NORM_MUL RMS_NORM(256,4,1,1): 1 x 4.92 us = 4.92 us
RMS_NORM_MUL RMS_NORM(5120,1,1,1): 5 x 4.304 us = 21.52 us
ROPE: 2 x 3.34 us = 6.68 us
SET_ROWS: 2 x 2.82 us = 5.64 us
SIGMOID_MUL SIGMOID: 1 x 1.8 us = 1.8 us
TOP_K K=10 (98304,1,1,1): 1 x 8.84 us = 8.84 us
Total time: 1399.9 us.
----------------
Vulkan Timings:
CONCAT: 1 x 1.68 us = 1.68 us
CONT: 1 x 3.56 us = 3.56 us
FLASH_ATTN_EXT dst(256,24,1,1),  q(256,1,24,1),  k(256,256,4,1),  v(256,256,4,1),  m(256,1,1,1): 1 x 14 us = 14 us (449.39 GFLOPS/s)
GET_ROWS: 3 x 4.92 us = 14.76 us
GLU: 1 x 1.8 us = 1.8 us
MUL_MAT f32 m=256 n=24 k=256: 1 x 1.64 us = 1.64 us (1914.38 GFLOPS/s)
MUL_MAT f32 m=64 n=16 k=64: 1 x 3.6 us = 3.6 us (36.1244 GFLOPS/s)
MUL_MAT f32 m=64 n=96 k=64: 1 x 3.56 us = 3.56 us (219.182 GFLOPS/s)
MUL_MAT_ADD MUL_MAT_VEC q6_K m=5120 n=1 k=17408: 1 x 122.72 us = 122.72 us (1452.52 GFLOPS/s)
MUL_MAT_ADD MUL_MAT_VEC q6_K m=5120 n=1 k=6144: 1 x 52.96 us = 52.96 us (1187.87 GFLOPS/s)
MUL_MAT_VEC f32 m=256 n=4 k=256: 1 x 3 us = 3 us (174.421 GFLOPS/s)
MUL_MAT_VEC q6_K m=1024 n=1 k=5120: 2 x 9.72 us = 19.44 us (1078.68 GFLOPS/s)
MUL_MAT_VEC q6_K m=12288 n=1 k=5120: 1 x 85.8 us = 85.8 us (1466.4 GFLOPS/s)
MUL_MAT_VEC q6_K m=17408 n=1 k=5120: 2 x 121.38 us = 242.76 us (1468.45 GFLOPS/s)
MUL_MAT_VEC q6_K m=98304 n=1 k=5120: 1 x 675.08 us = 675.08 us (1490.99 GFLOPS/s)
MUL_MAT_VEC q8_0 m=5120 n=1 k=10240: 1 x 100.8 us = 100.8 us (1040.2 GFLOPS/s)
PAD: 1 x 6.4 us = 6.4 us
RMS_NORM_MUL RMS_NORM(256,24,1,1): 1 x 3.64 us = 3.64 us
RMS_NORM_MUL RMS_NORM(256,4,1,1): 1 x 3.64 us = 3.64 us
RMS_NORM_MUL RMS_NORM(5120,1,1,1): 5 x 3.808 us = 19.04 us
ROPE: 2 x 3.6 us = 7.2 us
SET_ROWS: 2 x 2.9 us = 5.8 us
SIGMOID_MUL SIGMOID: 1 x 1.92 us = 1.92 us
TOP_K K=10 (98304,1,1,1): 1 x 9.44 us = 9.44 us
Total time: 1404.24 us.
----------------
Vulkan Timings:
CONCAT: 1 x 1.6 us = 1.6 us
CONT: 1 x 3.6 us = 3.6 us
FLASH_ATTN_EXT dst(256,24,1,1),  q(256,1,24,1),  k(256,256,4,1),  v(256,256,4,1),  m(256,1,1,1): 1 x 13.8 us = 13.8 us (455.903 GFLOPS/s)
GET_ROWS: 3 x 4.826 us = 14.48 us
GLU: 1 x 1.72 us = 1.72 us
MUL_MAT f32 m=256 n=24 k=256: 1 x 1.64 us = 1.64 us (1914.38 GFLOPS/s)
MUL_MAT f32 m=64 n=16 k=64: 1 x 3.6 us = 3.6 us (36.1244 GFLOPS/s)
MUL_MAT f32 m=64 n=96 k=64: 1 x 3.6 us = 3.6 us (216.747 GFLOPS/s)
MUL_MAT_ADD MUL_MAT_VEC q6_K m=5120 n=1 k=17408: 1 x 123 us = 123 us (1449.21 GFLOPS/s)
MUL_MAT_ADD MUL_MAT_VEC q6_K m=5120 n=1 k=6144: 1 x 53.52 us = 53.52 us (1175.44 GFLOPS/s)
MUL_MAT_VEC f32 m=256 n=4 k=256: 1 x 3 us = 3 us (174.421 GFLOPS/s)
MUL_MAT_VEC q6_K m=1024 n=1 k=5120: 2 x 6.84 us = 13.68 us (1532.86 GFLOPS/s)
MUL_MAT_VEC q6_K m=12288 n=1 k=5120: 1 x 93.4 us = 93.4 us (1347.08 GFLOPS/s)
MUL_MAT_VEC q6_K m=17408 n=1 k=5120: 2 x 121.26 us = 242.52 us (1469.9 GFLOPS/s)
MUL_MAT_VEC q6_K m=98304 n=1 k=5120: 1 x 671.36 us = 671.36 us (1499.25 GFLOPS/s)
MUL_MAT_VEC q8_0 m=5120 n=1 k=10240: 1 x 102.68 us = 102.68 us (1021.16 GFLOPS/s)
PAD: 1 x 6.36 us = 6.36 us
RMS_NORM_MUL RMS_NORM(256,24,1,1): 1 x 3.64 us = 3.64 us
RMS_NORM_MUL RMS_NORM(256,4,1,1): 1 x 3.56 us = 3.56 us
RMS_NORM_MUL RMS_NORM(5120,1,1,1): 5 x 3.8 us = 19 us
ROPE: 2 x 3.56 us = 7.12 us
SET_ROWS: 2 x 2.86 us = 5.72 us
SIGMOID_MUL SIGMOID: 1 x 1.68 us = 1.68 us
TOP_K K=10 (98304,1,1,1): 1 x 9.28 us = 9.28 us
Total time: 1403.56 us.
----------------
Vulkan Timings:
CONCAT: 1 x 1.72 us = 1.72 us
CONT: 1 x 3.64 us = 3.64 us
FLASH_ATTN_EXT dst(256,24,1,1),  q(256,1,24,1),  k(256,256,4,1),  v(256,256,4,1),  m(256,1,1,1): 1 x 13.72 us = 13.72 us (458.561 GFLOPS/s)
GET_ROWS: 3 x 4.853 us = 14.56 us
GLU: 1 x 1.76 us = 1.76 us
MUL_MAT f32 m=256 n=24 k=256: 1 x 1.68 us = 1.68 us (1868.8 GFLOPS/s)
MUL_MAT f32 m=64 n=16 k=64: 1 x 3.56 us = 3.56 us (36.5303 GFLOPS/s)
MUL_MAT f32 m=64 n=96 k=64: 1 x 3.6 us = 3.6 us (216.747 GFLOPS/s)
MUL_MAT_ADD MUL_MAT_VEC q6_K m=5120 n=1 k=17408: 1 x 123.28 us = 123.28 us (1445.92 GFLOPS/s)
MUL_MAT_ADD MUL_MAT_VEC q6_K m=5120 n=1 k=6144: 1 x 53.48 us = 53.48 us (1176.32 GFLOPS/s)
MUL_MAT_VEC f32 m=256 n=4 k=256: 1 x 3 us = 3 us (174.421 GFLOPS/s)
MUL_MAT_VEC q6_K m=1024 n=1 k=5120: 2 x 6.9 us = 13.8 us (1519.53 GFLOPS/s)
MUL_MAT_VEC q6_K m=12288 n=1 k=5120: 1 x 92.84 us = 92.84 us (1355.2 GFLOPS/s)
MUL_MAT_VEC q6_K m=17408 n=1 k=5120: 2 x 121.24 us = 242.48 us (1470.15 GFLOPS/s)
MUL_MAT_VEC q6_K m=98304 n=1 k=5120: 1 x 674.67 us = 674.67 us (1491.89 GFLOPS/s)
MUL_MAT_VEC q8_0 m=5120 n=1 k=10240: 1 x 100.92 us = 100.92 us (1038.97 GFLOPS/s)
PAD: 1 x 6.4 us = 6.4 us
RMS_NORM_MUL RMS_NORM(256,24,1,1): 1 x 3.56 us = 3.56 us
RMS_NORM_MUL RMS_NORM(256,4,1,1): 1 x 3.64 us = 3.64 us
RMS_NORM_MUL RMS_NORM(5120,1,1,1): 5 x 3.76 us = 18.8 us
ROPE: 2 x 3.6 us = 7.2 us
SET_ROWS: 2 x 2.9 us = 5.8 us
SIGMOID_MUL SIGMOID: 1 x 1.64 us = 1.64 us
TOP_K K=10 (98304,1,1,1): 1 x 8.64 us = 8.64 us
Total time: 1404.39 us.
----------------
Vulkan Timings:
ADD: 48 x 3.774 us = 181.16 us
CONT: 16 x 3.662 us = 58.6 us
FLASH_ATTN_EXT dst(256,24,5,1),  q(256,5,24,1),  k(256,256,4,1),  v(256,256,4,1),  m(256,5,1,1): 16 x 23.372 us = 373.96 us (1345.91 GFLOPS/s)
GDN_CACHE GATED_DELTA_NET: 48 x 14.519 us = 696.92 us
GDN_CONV_STATE CONCAT: 48 x 3.118 us = 149.68 us
GET_ROWS: 3 x 11.613 us = 34.84 us
GLU: 64 x 2.469 us = 158.04 us
MUL_MAT f32 m=256 n=120 k=256: 16 x 1.702 us = 27.24 us (9220.51 GFLOPS/s)
MUL_MAT f32 m=256 n=20 k=256: 16 x 3.092 us = 49.48 us (846.021 GFLOPS/s)
MUL_MAT f32 m=64 n=480 k=64: 16 x 3.657 us = 58.52 us (1066.7 GFLOPS/s)
MUL_MAT f32 m=64 n=80 k=64: 16 x 3.627 us = 58.04 us (179.253 GFLOPS/s)
MUL_MAT_ADD MUL_MAT_VEC q6_K m=5120 n=5 k=17408: 64 x 129.078 us = 8261.04 us (6904.81 GFLOPS/s)
MUL_MAT_ADD MUL_MAT_VEC q6_K m=5120 n=5 k=6144: 16 x 55.15 us = 882.4 us (5703.49 GFLOPS/s)
MUL_MAT_GROUP MUL_MAT_VEC q6_K m=10240 n=5 k=5120: 47 x 117.99 us = 5545.56 us (4443.04 GFLOPS/s)
MUL_MAT_GROUP MUL_MAT_VEC q6_K m=12288 n=5 k=5120: 16 x 104.197 us = 1667.16 us (6037.42 GFLOPS/s)
MUL_MAT_GROUP MUL_MAT_VEC q6_K m=17408 n=5 k=5120: 64 x 265.995 us = 17023.7 us (3350.44 GFLOPS/s)
MUL_MAT_VEC f32 m=48 n=5 k=5120: 96 x 6.31 us = 605.8 us (389.413 GFLOPS/s)
MUL_MAT_VEC q6_K m=10240 n=5 k=5120: 1 x 80.24 us = 80.24 us (6533.36 GFLOPS/s)
MUL_MAT_VEC q6_K m=248320 n=5 k=5120: 1 x 1686.44 us = 1686.44 us (7538.21 GFLOPS/s)
MUL_MAT_VEC q6_K m=6144 n=5 k=5120: 1 x 50.36 us = 50.36 us (6245.87 GFLOPS/s)
MUL_MAT_VEC q8_0 m=5120 n=5 k=6144: 48 x 60.556 us = 2906.72 us (5194.26 GFLOPS/s)
RMS_NORM_MUL RMS_NORM(256,24,5,1): 16 x 3.785 us = 60.56 us
RMS_NORM_MUL RMS_NORM(256,4,5,1): 16 x 3.577 us = 57.24 us
RMS_NORM_MUL RMS_NORM(5120,5,1,1): 129 x 4.291 us = 553.6 us
RMS_NORM_MUL_SILU_MUL RMS_NORM(128,48,5,1): 48 x 5.791 us = 278 us
RMS_NORM_SCALE RMS_NORM(128,16,5,1): 96 x 2.44 us = 234.24 us
ROPE: 32 x 3.615 us = 115.68 us
SET_ROWS: 32 x 2.886 us = 92.36 us
SIGMOID_MUL SIGMOID: 16 x 3.662 us = 58.6 us
SSM_CONV_SILU SSM_CONV: 48 x 4.745 us = 227.8 us
Total time: 42234 us.
----------------
Vulkan Timings:
CONCAT: 1 x 4.16 us = 4.16 us
CONT: 1 x 3.64 us = 3.64 us
FLASH_ATTN_EXT dst(256,24,5,1),  q(256,5,24,1),  k(256,256,4,1),  v(256,256,4,1),  m(256,5,1,1): 1 x 23.28 us = 23.28 us (1351.26 GFLOPS/s)
GET_ROWS: 1 x 6.64 us = 6.64 us
GLU: 1 x 1.92 us = 1.92 us
MUL_MAT f32 m=256 n=120 k=256: 1 x 1.68 us = 1.68 us (9344 GFLOPS/s)
MUL_MAT f32 m=256 n=20 k=256: 1 x 3.04 us = 3.04 us (860.632 GFLOPS/s)
MUL_MAT f32 m=64 n=480 k=64: 1 x 3.68 us = 3.68 us (1060.17 GFLOPS/s)
MUL_MAT f32 m=64 n=80 k=64: 1 x 3.64 us = 3.64 us (178.637 GFLOPS/s)
MUL_MAT_ADD MUL_MAT_VEC q6_K m=5120 n=5 k=17408: 1 x 155.7 us = 155.7 us (5724.24 GFLOPS/s)
MUL_MAT_ADD MUL_MAT_VEC q6_K m=5120 n=5 k=6144: 1 x 55.88 us = 55.88 us (5628.98 GFLOPS/s)
MUL_MAT_GROUP MUL_MAT_VEC q6_K m=12288 n=5 k=5120: 1 x 133.75 us = 133.75 us (4703.43 GFLOPS/s)
MUL_MAT_GROUP MUL_MAT_VEC q6_K m=17408 n=5 k=5120: 1 x 254.04 us = 254.04 us (3508.12 GFLOPS/s)
MUL_MAT_VEC q8_0 m=5120 n=5 k=10240: 1 x 106.04 us = 106.04 us (4944.01 GFLOPS/s)
RMS_NORM_MUL RMS_NORM(256,24,5,1): 1 x 3.6 us = 3.6 us
RMS_NORM_MUL RMS_NORM(256,4,5,1): 1 x 3.6 us = 3.6 us
RMS_NORM_MUL RMS_NORM(5120,5,1,1): 5 x 12.656 us = 63.28 us
ROPE: 2 x 3.6 us = 7.2 us
SET_ROWS: 2 x 2.88 us = 5.76 us
SIGMOID_MUL SIGMOID: 1 x 3.72 us = 3.72 us
Total time: 844.25 us.
----------------
Vulkan Timings:
CONCAT: 1 x 1.92 us = 1.92 us
CONT: 1 x 3.64 us = 3.64 us
FLASH_ATTN_EXT dst(256,24,1,1),  q(256,1,24,1),  k(256,256,4,1),  v(256,256,4,1),  m(256,1,1,1): 1 x 13.68 us = 13.68 us (459.902 GFLOPS/s)
GET_ROWS: 3 x 5.013 us = 15.04 us
GLU: 1 x 1.68 us = 1.68 us
MUL_MAT f32 m=256 n=24 k=256: 1 x 1.56 us = 1.56 us (2012.55 GFLOPS/s)
MUL_MAT f32 m=64 n=16 k=64: 1 x 1.8 us = 1.8 us (72.2489 GFLOPS/s)
MUL_MAT f32 m=64 n=96 k=64: 1 x 3.36 us = 3.36 us (232.229 GFLOPS/s)
MUL_MAT_ADD MUL_MAT_VEC q6_K m=5120 n=1 k=17408: 1 x 123.08 us = 123.08 us (1448.27 GFLOPS/s)
MUL_MAT_ADD MUL_MAT_VEC q6_K m=5120 n=1 k=6144: 1 x 47.52 us = 47.52 us (1323.85 GFLOPS/s)
MUL_MAT_VEC f32 m=256 n=4 k=256: 1 x 3.16 us = 3.16 us (165.59 GFLOPS/s)
MUL_MAT_VEC q6_K m=1024 n=1 k=5120: 2 x 8.74 us = 17.48 us (1199.63 GFLOPS/s)
MUL_MAT_VEC q6_K m=12288 n=1 k=5120: 1 x 89.88 us = 89.88 us (1399.83 GFLOPS/s)
MUL_MAT_VEC q6_K m=17408 n=1 k=5120: 2 x 121.42 us = 242.84 us (1467.97 GFLOPS/s)
MUL_MAT_VEC q6_K m=98304 n=1 k=5120: 1 x 675.59 us = 675.59 us (1489.86 GFLOPS/s)
MUL_MAT_VEC q8_0 m=5120 n=1 k=10240: 1 x 99.44 us = 99.44 us (1054.43 GFLOPS/s)
PAD: 1 x 6.48 us = 6.48 us
RMS_NORM_MUL RMS_NORM(256,24,1,1): 1 x 5.72 us = 5.72 us
RMS_NORM_MUL RMS_NORM(256,4,1,1): 1 x 5.12 us = 5.12 us
RMS_NORM_MUL RMS_NORM(5120,1,1,1): 5 x 4.056 us = 20.28 us
ROPE: 2 x 3.48 us = 6.96 us
SET_ROWS: 2 x 2.86 us = 5.72 us
SIGMOID_MUL SIGMOID: 1 x 1.56 us = 1.56 us
TOP_K K=10 (98304,1,1,1): 1 x 9.4 us = 9.4 us
Total time: 1402.91 us.
----------------
Vulkan Timings:
CONCAT: 1 x 1.72 us = 1.72 us
CONT: 1 x 3.56 us = 3.56 us
FLASH_ATTN_EXT dst(256,24,1,1),  q(256,1,24,1),  k(256,256,4,1),  v(256,256,4,1),  m(256,1,1,1): 1 x 13.8 us = 13.8 us (455.903 GFLOPS/s)
GET_ROWS: 3 x 5.013 us = 15.04 us
GLU: 1 x 1.84 us = 1.84 us
MUL_MAT f32 m=256 n=24 k=256: 1 x 1.6 us = 1.6 us (1962.24 GFLOPS/s)
MUL_MAT f32 m=64 n=16 k=64: 1 x 3.6 us = 3.6 us (36.1244 GFLOPS/s)
MUL_MAT f32 m=64 n=96 k=64: 1 x 3.44 us = 3.44 us (226.828 GFLOPS/s)
MUL_MAT_ADD MUL_MAT_VEC q6_K m=5120 n=1 k=17408: 1 x 124 us = 124 us (1437.52 GFLOPS/s)
MUL_MAT_ADD MUL_MAT_VEC q6_K m=5120 n=1 k=6144: 1 x 53.84 us = 53.84 us (1168.45 GFLOPS/s)
MUL_MAT_VEC f32 m=256 n=4 k=256: 1 x 2.96 us = 2.96 us (176.778 GFLOPS/s)
MUL_MAT_VEC q6_K m=1024 n=1 k=5120: 2 x 9.12 us = 18.24 us (1149.64 GFLOPS/s)
MUL_MAT_VEC q6_K m=12288 n=1 k=5120: 1 x 85.76 us = 85.76 us (1467.08 GFLOPS/s)
MUL_MAT_VEC q6_K m=17408 n=1 k=5120: 2 x 121.56 us = 243.12 us (1466.28 GFLOPS/s)
MUL_MAT_VEC q6_K m=98304 n=1 k=5120: 1 x 674.37 us = 674.37 us (1492.56 GFLOPS/s)
MUL_MAT_VEC q8_0 m=5120 n=1 k=10240: 1 x 104.6 us = 104.6 us (1002.41 GFLOPS/s)
PAD: 1 x 6.68 us = 6.68 us
RMS_NORM_MUL RMS_NORM(256,24,1,1): 1 x 3.56 us = 3.56 us
RMS_NORM_MUL RMS_NORM(256,4,1,1): 1 x 3.48 us = 3.48 us
RMS_NORM_MUL RMS_NORM(5120,1,1,1): 5 x 3.84 us = 19.2 us
ROPE: 2 x 3.52 us = 7.04 us
SET_ROWS: 2 x 2.9 us = 5.8 us
SIGMOID_MUL SIGMOID: 1 x 1.52 us = 1.52 us
TOP_K K=10 (98304,1,1,1): 1 x 9.04 us = 9.04 us
Total time: 1407.81 us.
----------------
Vulkan Timings:
CONCAT: 1 x 1.64 us = 1.64 us
CONT: 1 x 3.76 us = 3.76 us
FLASH_ATTN_EXT dst(256,24,1,1),  q(256,1,24,1),  k(256,256,4,1),  v(256,256,4,1),  m(256,1,1,1): 1 x 13.84 us = 13.84 us (454.585 GFLOPS/s)
GET_ROWS: 3 x 4.946 us = 14.84 us
GLU: 1 x 1.8 us = 1.8 us
MUL_MAT f32 m=256 n=24 k=256: 1 x 1.72 us = 1.72 us (1825.34 GFLOPS/s)
MUL_MAT f32 m=64 n=16 k=64: 1 x 3.76 us = 3.76 us (34.5872 GFLOPS/s)
MUL_MAT f32 m=64 n=96 k=64: 1 x 3.76 us = 3.76 us (207.523 GFLOPS/s)
MUL_MAT_ADD MUL_MAT_VEC q6_K m=5120 n=1 k=17408: 1 x 125.2 us = 125.2 us (1423.74 GFLOPS/s)
MUL_MAT_ADD MUL_MAT_VEC q6_K m=5120 n=1 k=6144: 1 x 53.52 us = 53.52 us (1175.44 GFLOPS/s)
MUL_MAT_VEC f32 m=256 n=4 k=256: 1 x 3.16 us = 3.16 us (165.59 GFLOPS/s)
MUL_MAT_VEC q6_K m=1024 n=1 k=5120: 2 x 9.2 us = 18.4 us (1139.65 GFLOPS/s)
MUL_MAT_VEC q6_K m=12288 n=1 k=5120: 1 x 85.64 us = 85.64 us (1469.14 GFLOPS/s)
MUL_MAT_VEC q6_K m=17408 n=1 k=5120: 2 x 121.52 us = 243.04 us (1466.76 GFLOPS/s)
MUL_MAT_VEC q6_K m=98304 n=1 k=5120: 1 x 674.24 us = 674.24 us (1492.84 GFLOPS/s)
MUL_MAT_VEC q8_0 m=5120 n=1 k=10240: 1 x 101.24 us = 101.24 us (1035.68 GFLOPS/s)
PAD: 1 x 6.52 us = 6.52 us
RMS_NORM_MUL RMS_NORM(256,24,1,1): 1 x 3.8 us = 3.8 us
RMS_NORM_MUL RMS_NORM(256,4,1,1): 1 x 3.8 us = 3.8 us
RMS_NORM_MUL RMS_NORM(5120,1,1,1): 5 x 3.904 us = 19.52 us
ROPE: 2 x 3.74 us = 7.48 us
SET_ROWS: 2 x 2.98 us = 5.96 us
SIGMOID_MUL SIGMOID: 1 x 1.72 us = 1.72 us
TOP_K K=10 (98304,1,1,1): 1 x 9.12 us = 9.12 us
Total time: 1407.48 us.
----------------
Vulkan Timings:
CONCAT: 1 x 1.68 us = 1.68 us
CONT: 1 x 3.76 us = 3.76 us
FLASH_ATTN_EXT dst(256,24,1,1),  q(256,1,24,1),  k(256,256,4,1),  v(256,256,4,1),  m(256,1,1,1): 1 x 13.8 us = 13.8 us (455.903 GFLOPS/s)
GET_ROWS: 3 x 4.986 us = 14.96 us
GLU: 1 x 1.76 us = 1.76 us
MUL_MAT f32 m=256 n=24 k=256: 1 x 1.68 us = 1.68 us (1868.8 GFLOPS/s)
MUL_MAT f32 m=64 n=16 k=64: 1 x 3.76 us = 3.76 us (34.5872 GFLOPS/s)
MUL_MAT f32 m=64 n=96 k=64: 1 x 3.76 us = 3.76 us (207.523 GFLOPS/s)
MUL_MAT_ADD MUL_MAT_VEC q6_K m=5120 n=1 k=17408: 1 x 123.48 us = 123.48 us (1443.58 GFLOPS/s)
MUL_MAT_ADD MUL_MAT_VEC q6_K m=5120 n=1 k=6144: 1 x 53.16 us = 53.16 us (1183.4 GFLOPS/s)
MUL_MAT_VEC f32 m=256 n=4 k=256: 1 x 3.16 us = 3.16 us (165.59 GFLOPS/s)
MUL_MAT_VEC q6_K m=1024 n=1 k=5120: 2 x 9.14 us = 18.28 us (1147.13 GFLOPS/s)
MUL_MAT_VEC q6_K m=12288 n=1 k=5120: 1 x 85.4 us = 85.4 us (1473.27 GFLOPS/s)
MUL_MAT_VEC q6_K m=17408 n=1 k=5120: 2 x 121.38 us = 242.76 us (1468.45 GFLOPS/s)
MUL_MAT_VEC q6_K m=98304 n=1 k=5120: 1 x 672.74 us = 672.74 us (1496.17 GFLOPS/s)
MUL_MAT_VEC q8_0 m=5120 n=1 k=10240: 1 x 101.68 us = 101.68 us (1031.2 GFLOPS/s)
PAD: 1 x 6.52 us = 6.52 us
RMS_NORM_MUL RMS_NORM(256,24,1,1): 1 x 3.76 us = 3.76 us
RMS_NORM_MUL RMS_NORM(256,4,1,1): 1 x 3.72 us = 3.72 us
RMS_NORM_MUL RMS_NORM(5120,1,1,1): 5 x 3.816 us = 19.08 us
ROPE: 2 x 3.74 us = 7.48 us
SET_ROWS: 2 x 2.94 us = 5.88 us
SIGMOID_MUL SIGMOID: 1 x 1.68 us = 1.68 us
TOP_K K=10 (98304,1,1,1): 1 x 8.92 us = 8.92 us
Total time: 1402.86 us.
----------------
Vulkan Timings:
ADD: 48 x 4.062 us = 195 us
CONT: 16 x 3.94 us = 63.04 us
FLASH_ATTN_EXT dst(256,24,5,1),  q(256,5,24,1),  k(256,256,4,1),  v(256,256,4,1),  m(256,5,1,1): 16 x 24.142 us = 386.28 us (1302.98 GFLOPS/s)
GDN_CACHE GATED_DELTA_NET: 48 x 13.963 us = 670.24 us
GDN_CONV_STATE CONCAT: 48 x 3.036 us = 145.76 us
GET_ROWS: 3 x 11.986 us = 35.96 us
GLU: 64 x 2.275 us = 145.6 us
MUL_MAT f32 m=256 n=120 k=256: 16 x 1.74 us = 27.84 us (9021.79 GFLOPS/s)
MUL_MAT f32 m=256 n=20 k=256: 16 x 3.35 us = 53.6 us (780.991 GFLOPS/s)
MUL_MAT f32 m=64 n=480 k=64: 16 x 3.937 us = 63 us (990.842 GFLOPS/s)
MUL_MAT f32 m=64 n=80 k=64: 16 x 3.917 us = 62.68 us (165.983 GFLOPS/s)
MUL_MAT_ADD MUL_MAT_VEC q6_K m=5120 n=5 k=17408: 64 x 130.263 us = 8336.84 us (6842.03 GFLOPS/s)
MUL_MAT_ADD MUL_MAT_VEC q6_K m=5120 n=5 k=6144: 16 x 55.937 us = 895 us (5623.19 GFLOPS/s)
MUL_MAT_GROUP MUL_MAT_VEC q6_K m=10240 n=5 k=5120: 47 x 118.505 us = 5569.76 us (4423.73 GFLOPS/s)
MUL_MAT_GROUP MUL_MAT_VEC q6_K m=12288 n=5 k=5120: 16 x 104.755 us = 1676.08 us (6005.29 GFLOPS/s)
MUL_MAT_GROUP MUL_MAT_VEC q6_K m=17408 n=5 k=5120: 64 x 267.405 us = 17114 us (3332.77 GFLOPS/s)
MUL_MAT_VEC f32 m=48 n=5 k=5120: 96 x 6.871 us = 659.64 us (357.629 GFLOPS/s)
MUL_MAT_VEC q6_K m=10240 n=5 k=5120: 1 x 80.84 us = 80.84 us (6484.87 GFLOPS/s)
MUL_MAT_VEC q6_K m=248320 n=5 k=5120: 1 x 1687.04 us = 1687.04 us (7535.53 GFLOPS/s)
MUL_MAT_VEC q6_K m=6144 n=5 k=5120: 1 x 51.2 us = 51.2 us (6143.4 GFLOPS/s)
MUL_MAT_VEC q8_0 m=5120 n=5 k=6144: 48 x 60.958 us = 2926 us (5160.04 GFLOPS/s)
RMS_NORM_MUL RMS_NORM(256,24,5,1): 16 x 4.057 us = 64.92 us
RMS_NORM_MUL RMS_NORM(256,4,5,1): 16 x 3.84 us = 61.44 us
RMS_NORM_MUL RMS_NORM(5120,5,1,1): 129 x 4.507 us = 581.52 us
RMS_NORM_MUL_SILU_MUL RMS_NORM(128,48,5,1): 48 x 6.273 us = 301.12 us
RMS_NORM_SCALE RMS_NORM(128,16,5,1): 96 x 2.549 us = 244.76 us
ROPE: 32 x 3.902 us = 124.88 us
SET_ROWS: 32 x 2.985 us = 95.52 us
SIGMOID_MUL SIGMOID: 16 x 3.942 us = 63.08 us
SSM_CONV_SILU SSM_CONV: 48 x 5.053 us = 242.56 us
Total time: 42625.2 us.
----------------
Vulkan Timings:
CONCAT: 1 x 3.84 us = 3.84 us
CONT: 1 x 4.04 us = 4.04 us
FLASH_ATTN_EXT dst(256,24,5,1),  q(256,5,24,1),  k(256,256,4,1),  v(256,256,4,1),  m(256,5,1,1): 1 x 24.16 us = 24.16 us (1302.04 GFLOPS/s)
GET_ROWS: 1 x 7.24 us = 7.24 us
GLU: 1 x 1.84 us = 1.84 us
MUL_MAT f32 m=256 n=120 k=256: 1 x 1.76 us = 1.76 us (8919.27 GFLOPS/s)
MUL_MAT f32 m=256 n=20 k=256: 1 x 3.4 us = 3.4 us (769.506 GFLOPS/s)
MUL_MAT f32 m=64 n=480 k=64: 1 x 4 us = 4 us (975.36 GFLOPS/s)
MUL_MAT f32 m=64 n=80 k=64: 1 x 4.04 us = 4.04 us (160.95 GFLOPS/s)
MUL_MAT_ADD MUL_MAT_VEC q6_K m=5120 n=5 k=17408: 1 x 156.34 us = 156.34 us (5700.81 GFLOPS/s)
MUL_MAT_ADD MUL_MAT_VEC q6_K m=5120 n=5 k=6144: 1 x 56.92 us = 56.92 us (5526.13 GFLOPS/s)
MUL_MAT_GROUP MUL_MAT_VEC q6_K m=12288 n=5 k=5120: 1 x 136 us = 136 us (4625.62 GFLOPS/s)
MUL_MAT_GROUP MUL_MAT_VEC q6_K m=17408 n=5 k=5120: 1 x 255.8 us = 255.8 us (3483.98 GFLOPS/s)
MUL_MAT_VEC q8_0 m=5120 n=5 k=10240: 1 x 107.28 us = 107.28 us (4886.86 GFLOPS/s)
RMS_NORM_MUL RMS_NORM(256,24,5,1): 1 x 3.96 us = 3.96 us
RMS_NORM_MUL RMS_NORM(256,4,5,1): 1 x 4.04 us = 4.04 us
RMS_NORM_MUL RMS_NORM(5120,5,1,1): 5 x 9.42 us = 47.1 us
ROPE: 2 x 4.04 us = 8.08 us
SET_ROWS: 2 x 3.08 us = 6.16 us
SIGMOID_MUL SIGMOID: 1 x 4 us = 4 us
Total time: 840 us.
----------------
Vulkan Timings:
CONCAT: 1 x 1.72 us = 1.72 us
CONT: 1 x 3.56 us = 3.56 us
FLASH_ATTN_EXT dst(256,24,1,1),  q(256,1,24,1),  k(256,256,4,1),  v(256,256,4,1),  m(256,1,1,1): 1 x 13.88 us = 13.88 us (453.275 GFLOPS/s)
GET_ROWS: 3 x 7.066 us = 21.2 us
GLU: 1 x 1.76 us = 1.76 us
MUL_MAT f32 m=256 n=24 k=256: 1 x 1.6 us = 1.6 us (1962.24 GFLOPS/s)
MUL_MAT f32 m=64 n=16 k=64: 1 x 1.84 us = 1.84 us (70.6783 GFLOPS/s)
MUL_MAT f32 m=64 n=96 k=64: 1 x 3.28 us = 3.28 us (237.893 GFLOPS/s)
MUL_MAT_ADD MUL_MAT_VEC q6_K m=5120 n=1 k=17408: 1 x 123.92 us = 123.92 us (1438.45 GFLOPS/s)
MUL_MAT_ADD MUL_MAT_VEC q6_K m=5120 n=1 k=6144: 1 x 48.08 us = 48.08 us (1308.43 GFLOPS/s)
MUL_MAT_VEC f32 m=256 n=4 k=256: 1 x 3.12 us = 3.12 us (167.713 GFLOPS/s)
MUL_MAT_VEC q6_K m=1024 n=1 k=5120: 2 x 8.94 us = 17.88 us (1172.79 GFLOPS/s)
MUL_MAT_VEC q6_K m=12288 n=1 k=5120: 1 x 89.6 us = 89.6 us (1404.21 GFLOPS/s)
MUL_MAT_VEC q6_K m=17408 n=1 k=5120: 2 x 121.6 us = 243.2 us (1465.79 GFLOPS/s)
MUL_MAT_VEC q6_K m=98304 n=1 k=5120: 1 x 672.26 us = 672.26 us (1497.24 GFLOPS/s)
MUL_MAT_VEC q8_0 m=5120 n=1 k=10240: 1 x 97.92 us = 97.92 us (1070.8 GFLOPS/s)
PAD: 1 x 4.88 us = 4.88 us
RMS_NORM_MUL RMS_NORM(256,24,1,1): 1 x 5.96 us = 5.96 us
RMS_NORM_MUL RMS_NORM(256,4,1,1): 1 x 5 us = 5 us
RMS_NORM_MUL RMS_NORM(5120,1,1,1): 5 x 4.456 us = 22.28 us
ROPE: 2 x 3.44 us = 6.88 us
SET_ROWS: 2 x 2.88 us = 5.76 us
SIGMOID_MUL SIGMOID: 1 x 1.56 us = 1.56 us
TOP_K K=10 (98304,1,1,1): 1 x 9.32 us = 9.32 us
Total time: 1406.46 us.
----------------
Vulkan Timings:
CONCAT: 1 x 1.68 us = 1.68 us
CONT: 1 x 3.64 us = 3.64 us
FLASH_ATTN_EXT dst(256,24,1,1),  q(256,1,24,1),  k(256,256,4,1),  v(256,256,4,1),  m(256,1,1,1): 1 x 13.84 us = 13.84 us (454.585 GFLOPS/s)
GET_ROWS: 3 x 5 us = 15 us
GLU: 1 x 1.76 us = 1.76 us
MUL_MAT f32 m=256 n=24 k=256: 1 x 1.72 us = 1.72 us (1825.34 GFLOPS/s)
MUL_MAT f32 m=64 n=16 k=64: 1 x 3.64 us = 3.64 us (35.7275 GFLOPS/s)
MUL_MAT f32 m=64 n=96 k=64: 1 x 3.64 us = 3.64 us (214.365 GFLOPS/s)
MUL_MAT_ADD MUL_MAT_VEC q6_K m=5120 n=1 k=17408: 1 x 122.56 us = 122.56 us (1454.41 GFLOPS/s)
MUL_MAT_ADD MUL_MAT_VEC q6_K m=5120 n=1 k=6144: 1 x 54.36 us = 54.36 us (1157.27 GFLOPS/s)
MUL_MAT_VEC f32 m=256 n=4 k=256: 1 x 3.04 us = 3.04 us (172.126 GFLOPS/s)
MUL_MAT_VEC q6_K m=1024 n=1 k=5120: 2 x 6.9 us = 13.8 us (1519.53 GFLOPS/s)
MUL_MAT_VEC q6_K m=12288 n=1 k=5120: 1 x 92.96 us = 92.96 us (1353.45 GFLOPS/s)
MUL_MAT_VEC q6_K m=17408 n=1 k=5120: 2 x 121.3 us = 242.6 us (1469.42 GFLOPS/s)
MUL_MAT_VEC q6_K m=98304 n=1 k=5120: 1 x 673.93 us = 673.93 us (1493.53 GFLOPS/s)
MUL_MAT_VEC q8_0 m=5120 n=1 k=10240: 1 x 100.8 us = 100.8 us (1040.2 GFLOPS/s)
PAD: 1 x 6.32 us = 6.32 us
RMS_NORM_MUL RMS_NORM(256,24,1,1): 1 x 3.68 us = 3.68 us
RMS_NORM_MUL RMS_NORM(256,4,1,1): 1 x 3.68 us = 3.68 us
RMS_NORM_MUL RMS_NORM(5120,1,1,1): 5 x 3.8 us = 19 us
ROPE: 2 x 3.62 us = 7.24 us
SET_ROWS: 2 x 2.88 us = 5.76 us
SIGMOID_MUL SIGMOID: 1 x 1.64 us = 1.64 us
TOP_K K=10 (98304,1,1,1): 1 x 9.32 us = 9.32 us
Total time: 1405.61 us.
----------------
Vulkan Timings:
CONCAT: 1 x 1.68 us = 1.68 us
CONT: 1 x 3.6 us = 3.6 us
FLASH_ATTN_EXT dst(256,24,1,1),  q(256,1,24,1),  k(256,256,4,1),  v(256,256,4,1),  m(256,1,1,1): 1 x 13.96 us = 13.96 us (450.677 GFLOPS/s)
GET_ROWS: 3 x 4.853 us = 14.56 us
GLU: 1 x 1.84 us = 1.84 us
MUL_MAT f32 m=256 n=24 k=256: 1 x 1.6 us = 1.6 us (1962.24 GFLOPS/s)
MUL_MAT f32 m=64 n=16 k=64: 1 x 3.56 us = 3.56 us (36.5303 GFLOPS/s)
MUL_MAT f32 m=64 n=96 k=64: 1 x 3.64 us = 3.64 us (214.365 GFLOPS/s)
MUL_MAT_ADD MUL_MAT_VEC q6_K m=5120 n=1 k=17408: 1 x 123.44 us = 123.44 us (1444.04 GFLOPS/s)
MUL_MAT_ADD MUL_MAT_VEC q6_K m=5120 n=1 k=6144: 1 x 53.52 us = 53.52 us (1175.44 GFLOPS/s)
MUL_MAT_VEC f32 m=256 n=4 k=256: 1 x 3 us = 3 us (174.421 GFLOPS/s)
MUL_MAT_VEC q6_K m=1024 n=1 k=5120: 2 x 6.98 us = 13.96 us (1502.11 GFLOPS/s)
MUL_MAT_VEC q6_K m=12288 n=1 k=5120: 1 x 93.12 us = 93.12 us (1351.13 GFLOPS/s)
MUL_MAT_VEC q6_K m=17408 n=1 k=5120: 2 x 121.56 us = 243.12 us (1466.28 GFLOPS/s)
MUL_MAT_VEC q6_K m=98304 n=1 k=5120: 1 x 671.41 us = 671.41 us (1499.14 GFLOPS/s)
MUL_MAT_VEC q8_0 m=5120 n=1 k=10240: 1 x 100.48 us = 100.48 us (1043.52 GFLOPS/s)
PAD: 1 x 6.36 us = 6.36 us
RMS_NORM_MUL RMS_NORM(256,24,1,1): 1 x 3.6 us = 3.6 us
RMS_NORM_MUL RMS_NORM(256,4,1,1): 1 x 3.6 us = 3.6 us
RMS_NORM_MUL RMS_NORM(5120,1,1,1): 5 x 3.744 us = 18.72 us
ROPE: 2 x 3.58 us = 7.16 us
SET_ROWS: 2 x 2.88 us = 5.76 us
SIGMOID_MUL SIGMOID: 1 x 1.72 us = 1.72 us
TOP_K K=10 (98304,1,1,1): 1 x 8.8 us = 8.8 us
Total time: 1402.21 us.
----------------
Vulkan Timings:
CONCAT: 1 x 1.68 us = 1.68 us
CONT: 1 x 3.6 us = 3.6 us
FLASH_ATTN_EXT dst(256,24,1,1),  q(256,1,24,1),  k(256,256,4,1),  v(256,256,4,1),  m(256,1,1,1): 1 x 13.76 us = 13.76 us (457.228 GFLOPS/s)
GET_ROWS: 3 x 4.84 us = 14.52 us
GLU: 1 x 1.88 us = 1.88 us
MUL_MAT f32 m=256 n=24 k=256: 1 x 1.64 us = 1.64 us (1914.38 GFLOPS/s)
MUL_MAT f32 m=64 n=16 k=64: 1 x 3.6 us = 3.6 us (36.1244 GFLOPS/s)
MUL_MAT f32 m=64 n=96 k=64: 1 x 3.6 us = 3.6 us (216.747 GFLOPS/s)
MUL_MAT_ADD MUL_MAT_VEC q6_K m=5120 n=1 k=17408: 1 x 122.92 us = 122.92 us (1450.15 GFLOPS/s)
MUL_MAT_ADD MUL_MAT_VEC q6_K m=5120 n=1 k=6144: 1 x 54.2 us = 54.2 us (1160.69 GFLOPS/s)
MUL_MAT_VEC f32 m=256 n=4 k=256: 1 x 3 us = 3 us (174.421 GFLOPS/s)
MUL_MAT_VEC q6_K m=1024 n=1 k=5120: 2 x 7 us = 14 us (1497.82 GFLOPS/s)
MUL_MAT_VEC q6_K m=12288 n=1 k=5120: 1 x 93.04 us = 93.04 us (1352.29 GFLOPS/s)
MUL_MAT_VEC q6_K m=17408 n=1 k=5120: 2 x 121.28 us = 242.56 us (1469.66 GFLOPS/s)
MUL_MAT_VEC q6_K m=98304 n=1 k=5120: 1 x 671.36 us = 671.36 us (1499.25 GFLOPS/s)
MUL_MAT_VEC q8_0 m=5120 n=1 k=10240: 1 x 101.16 us = 101.16 us (1036.5 GFLOPS/s)
PAD: 1 x 6.32 us = 6.32 us
RMS_NORM_MUL RMS_NORM(256,24,1,1): 1 x 3.6 us = 3.6 us
RMS_NORM_MUL RMS_NORM(256,4,1,1): 1 x 3.56 us = 3.56 us
RMS_NORM_MUL RMS_NORM(5120,1,1,1): 5 x 3.808 us = 19.04 us
ROPE: 2 x 3.56 us = 7.12 us
SET_ROWS: 2 x 2.9 us = 5.8 us
SIGMOID_MUL SIGMOID: 1 x 1.88 us = 1.88 us
TOP_K K=10 (98304,1,1,1): 1 x 9.32 us = 9.32 us
Total time: 1403.16 us.
----------------
Vulkan Timings:
ADD: 48 x 3.834 us = 184.04 us
CONT: 16 x 3.72 us = 59.52 us
FLASH_ATTN_EXT dst(256,24,5,1),  q(256,5,24,1),  k(256,256,4,1),  v(256,256,4,1),  m(256,5,1,1): 16 x 23.7 us = 379.2 us (1327.31 GFLOPS/s)
GDN_CACHE GATED_DELTA_NET: 48 x 14.609 us = 701.24 us
GDN_CONV_STATE CONCAT: 48 x 3.09 us = 148.36 us
GET_ROWS: 3 x 11.666 us = 35 us
GLU: 64 x 2.375 us = 152.04 us
MUL_MAT f32 m=256 n=120 k=256: 16 x 1.802 us = 28.84 us (8708.97 GFLOPS/s)
MUL_MAT f32 m=256 n=20 k=256: 16 x 2.717 us = 43.48 us (962.767 GFLOPS/s)
MUL_MAT f32 m=64 n=480 k=64: 16 x 3.712 us = 59.4 us (1050.89 GFLOPS/s)
MUL_MAT f32 m=64 n=80 k=64: 16 x 3.707 us = 59.32 us (175.385 GFLOPS/s)
MUL_MAT_ADD MUL_MAT_VEC q6_K m=5120 n=5 k=17408: 64 x 129.549 us = 8291.16 us (6879.72 GFLOPS/s)
MUL_MAT_ADD MUL_MAT_VEC q6_K m=5120 n=5 k=6144: 16 x 55.72 us = 891.52 us (5645.14 GFLOPS/s)
MUL_MAT_GROUP MUL_MAT_VEC q6_K m=10240 n=5 k=5120: 47 x 118.235 us = 5557.08 us (4433.83 GFLOPS/s)
MUL_MAT_GROUP MUL_MAT_VEC q6_K m=12288 n=5 k=5120: 16 x 104.4 us = 1670.4 us (6025.71 GFLOPS/s)
MUL_MAT_GROUP MUL_MAT_VEC q6_K m=17408 n=5 k=5120: 64 x 267.002 us = 17088.2 us (3337.81 GFLOPS/s)
MUL_MAT_VEC f32 m=48 n=5 k=5120: 96 x 6.41 us = 615.44 us (383.314 GFLOPS/s)
MUL_MAT_VEC q6_K m=10240 n=5 k=5120: 1 x 80.44 us = 80.44 us (6517.12 GFLOPS/s)
MUL_MAT_VEC q6_K m=248320 n=5 k=5120: 1 x 1686.2 us = 1686.2 us (7539.29 GFLOPS/s)
MUL_MAT_VEC q6_K m=6144 n=5 k=5120: 1 x 49.88 us = 49.88 us (6305.98 GFLOPS/s)
MUL_MAT_VEC q8_0 m=5120 n=5 k=6144: 48 x 60.766 us = 2916.8 us (5176.31 GFLOPS/s)
RMS_NORM_MUL RMS_NORM(256,24,5,1): 16 x 3.822 us = 61.16 us
RMS_NORM_MUL RMS_NORM(256,4,5,1): 16 x 3.627 us = 58.04 us
RMS_NORM_MUL RMS_NORM(5120,5,1,1): 129 x 4.359 us = 562.4 us
RMS_NORM_MUL_SILU_MUL RMS_NORM(128,48,5,1): 48 x 5.884 us = 282.44 us
RMS_NORM_SCALE RMS_NORM(128,16,5,1): 96 x 2.457 us = 235.96 us
ROPE: 32 x 3.675 us = 117.6 us
SET_ROWS: 32 x 2.993 us = 95.8 us
SIGMOID_MUL SIGMOID: 16 x 3.735 us = 59.76 us
SSM_CONV_SILU SSM_CONV: 48 x 4.837 us = 232.2 us
Total time: 42402.9 us.
----------------
Vulkan Timings:
CONCAT: 1 x 4.08 us = 4.08 us
CONT: 1 x 3.8 us = 3.8 us
FLASH_ATTN_EXT dst(256,24,5,1),  q(256,5,24,1),  k(256,256,4,1),  v(256,256,4,1),  m(256,5,1,1): 1 x 23.72 us = 23.72 us (1326.19 GFLOPS/s)
GET_ROWS: 1 x 6.96 us = 6.96 us
GLU: 1 x 1.72 us = 1.72 us
MUL_MAT f32 m=256 n=120 k=256: 1 x 1.76 us = 1.76 us (8919.27 GFLOPS/s)
MUL_MAT f32 m=256 n=20 k=256: 1 x 3.16 us = 3.16 us (827.949 GFLOPS/s)
MUL_MAT f32 m=64 n=480 k=64: 1 x 3.8 us = 3.8 us (1026.69 GFLOPS/s)
MUL_MAT f32 m=64 n=80 k=64: 1 x 3.8 us = 3.8 us (171.116 GFLOPS/s)
MUL_MAT_ADD MUL_MAT_VEC q6_K m=5120 n=5 k=17408: 1 x 155.82 us = 155.82 us (5719.83 GFLOPS/s)
MUL_MAT_ADD MUL_MAT_VEC q6_K m=5120 n=5 k=6144: 1 x 55.52 us = 55.52 us (5665.48 GFLOPS/s)
MUL_MAT_GROUP MUL_MAT_VEC q6_K m=12288 n=5 k=5120: 1 x 134.73 us = 134.73 us (4669.22 GFLOPS/s)
MUL_MAT_GROUP MUL_MAT_VEC q6_K m=17408 n=5 k=5120: 1 x 254.88 us = 254.88 us (3496.56 GFLOPS/s)
MUL_MAT_VEC q8_0 m=5120 n=5 k=10240: 1 x 106.84 us = 106.84 us (4906.99 GFLOPS/s)
RMS_NORM_MUL RMS_NORM(256,24,5,1): 1 x 3.76 us = 3.76 us
RMS_NORM_MUL RMS_NORM(256,4,5,1): 1 x 3.76 us = 3.76 us
RMS_NORM_MUL RMS_NORM(5120,5,1,1): 5 x 9.118 us = 45.59 us
ROPE: 2 x 3.8 us = 7.6 us
SET_ROWS: 2 x 2.98 us = 5.96 us
SIGMOID_MUL SIGMOID: 1 x 3.84 us = 3.84 us
Total time: 831.1 us.
----------------
Vulkan Timings:
CONCAT: 1 x 1.92 us = 1.92 us
CONT: 1 x 3.72 us = 3.72 us
FLASH_ATTN_EXT dst(256,24,1,1),  q(256,1,24,1),  k(256,256,4,1),  v(256,256,4,1),  m(256,1,1,1): 1 x 13.76 us = 13.76 us (457.228 GFLOPS/s)
GET_ROWS: 3 x 4.973 us = 14.92 us
GLU: 1 x 1.6 us = 1.6 us
MUL_MAT f32 m=256 n=24 k=256: 1 x 1.56 us = 1.56 us (2012.55 GFLOPS/s)
MUL_MAT f32 m=64 n=16 k=64: 1 x 1.84 us = 1.84 us (70.6783 GFLOPS/s)
MUL_MAT f32 m=64 n=96 k=64: 1 x 3.48 us = 3.48 us (224.221 GFLOPS/s)
MUL_MAT_ADD MUL_MAT_VEC q6_K m=5120 n=1 k=17408: 1 x 123.28 us = 123.28 us (1445.92 GFLOPS/s)
MUL_MAT_ADD MUL_MAT_VEC q6_K m=5120 n=1 k=6144: 1 x 47.72 us = 47.72 us (1318.3 GFLOPS/s)
MUL_MAT_VEC f32 m=256 n=4 k=256: 1 x 3.24 us = 3.24 us (161.501 GFLOPS/s)
MUL_MAT_VEC q6_K m=1024 n=1 k=5120: 2 x 8.88 us = 17.76 us (1180.71 GFLOPS/s)
MUL_MAT_VEC q6_K m=12288 n=1 k=5120: 1 x 89.88 us = 89.88 us (1399.83 GFLOPS/s)
MUL_MAT_VEC q6_K m=17408 n=1 k=5120: 2 x 121.74 us = 243.48 us (1464.11 GFLOPS/s)
MUL_MAT_VEC q6_K m=98304 n=1 k=5120: 1 x 672.9 us = 672.9 us (1495.82 GFLOPS/s)
MUL_MAT_VEC q8_0 m=5120 n=1 k=10240: 1 x 97.88 us = 97.88 us (1071.23 GFLOPS/s)
PAD: 1 x 6.52 us = 6.52 us
RMS_NORM_MUL RMS_NORM(256,24,1,1): 1 x 6.28 us = 6.28 us
RMS_NORM_MUL RMS_NORM(256,4,1,1): 1 x 5.24 us = 5.24 us
RMS_NORM_MUL RMS_NORM(5120,1,1,1): 5 x 4.472 us = 22.36 us
ROPE: 2 x 3.56 us = 7.12 us
SET_ROWS: 2 x 2.98 us = 5.96 us
SIGMOID_MUL SIGMOID: 1 x 1.64 us = 1.64 us
TOP_K K=10 (98304,1,1,1): 1 x 9.16 us = 9.16 us
Total time: 1403.22 us.
----------------
Vulkan Timings:
CONCAT: 1 x 1.68 us = 1.68 us
CONT: 1 x 3.8 us = 3.8 us
FLASH_ATTN_EXT dst(256,24,1,1),  q(256,1,24,1),  k(256,256,4,1),  v(256,256,4,1),  m(256,1,1,1): 1 x 13.96 us = 13.96 us (450.677 GFLOPS/s)
GET_ROWS: 3 x 4.946 us = 14.84 us
GLU: 1 x 1.8 us = 1.8 us
MUL_MAT f32 m=256 n=24 k=256: 1 x 1.64 us = 1.64 us (1914.38 GFLOPS/s)
MUL_MAT f32 m=64 n=16 k=64: 1 x 3.72 us = 3.72 us (34.9591 GFLOPS/s)
MUL_MAT f32 m=64 n=96 k=64: 1 x 3.76 us = 3.76 us (207.523 GFLOPS/s)
MUL_MAT_ADD MUL_MAT_VEC q6_K m=5120 n=1 k=17408: 1 x 123.32 us = 123.32 us (1445.45 GFLOPS/s)
MUL_MAT_ADD MUL_MAT_VEC q6_K m=5120 n=1 k=6144: 1 x 53.48 us = 53.48 us (1176.32 GFLOPS/s)
MUL_MAT_VEC f32 m=256 n=4 k=256: 1 x 3.2 us = 3.2 us (163.52 GFLOPS/s)
MUL_MAT_VEC q6_K m=1024 n=1 k=5120: 2 x 8.78 us = 17.56 us (1194.16 GFLOPS/s)
MUL_MAT_VEC q6_K m=12288 n=1 k=5120: 1 x 85.88 us = 85.88 us (1465.03 GFLOPS/s)
MUL_MAT_VEC q6_K m=17408 n=1 k=5120: 2 x 121.14 us = 242.28 us (1471.36 GFLOPS/s)
MUL_MAT_VEC q6_K m=98304 n=1 k=5120: 1 x 672.59 us = 672.59 us (1496.51 GFLOPS/s)
MUL_MAT_VEC q8_0 m=5120 n=1 k=10240: 1 x 102.2 us = 102.2 us (1025.95 GFLOPS/s)
PAD: 1 x 6.56 us = 6.56 us
RMS_NORM_MUL RMS_NORM(256,24,1,1): 1 x 5.6 us = 5.6 us
RMS_NORM_MUL RMS_NORM(256,4,1,1): 1 x 3.8 us = 3.8 us
RMS_NORM_MUL RMS_NORM(5120,1,1,1): 5 x 3.768 us = 18.84 us
ROPE: 2 x 3.74 us = 7.48 us
SET_ROWS: 2 x 2.96 us = 5.92 us
SIGMOID_MUL SIGMOID: 1 x 1.64 us = 1.64 us
TOP_K K=10 (98304,1,1,1): 1 x 9.36 us = 9.36 us
Total time: 1404.91 us.
----------------
Vulkan Timings:
CONCAT: 1 x 1.64 us = 1.64 us
CONT: 1 x 3.76 us = 3.76 us
FLASH_ATTN_EXT dst(256,24,1,1),  q(256,1,24,1),  k(256,256,4,1),  v(256,256,4,1),  m(256,1,1,1): 1 x 13.72 us = 13.72 us (458.561 GFLOPS/s)
GET_ROWS: 3 x 5.013 us = 15.04 us
GLU: 1 x 1.76 us = 1.76 us
MUL_MAT f32 m=256 n=24 k=256: 1 x 1.72 us = 1.72 us (1825.34 GFLOPS/s)
MUL_MAT f32 m=64 n=16 k=64: 1 x 3.76 us = 3.76 us (34.5872 GFLOPS/s)
MUL_MAT f32 m=64 n=96 k=64: 1 x 3.76 us = 3.76 us (207.523 GFLOPS/s)
MUL_MAT_ADD MUL_MAT_VEC q6_K m=5120 n=1 k=17408: 1 x 123.2 us = 123.2 us (1446.86 GFLOPS/s)
MUL_MAT_ADD MUL_MAT_VEC q6_K m=5120 n=1 k=6144: 1 x 53.2 us = 53.2 us (1182.51 GFLOPS/s)
MUL_MAT_VEC f32 m=256 n=4 k=256: 1 x 3.16 us = 3.16 us (165.59 GFLOPS/s)
MUL_MAT_VEC q6_K m=1024 n=1 k=5120: 2 x 9.02 us = 18.04 us (1162.39 GFLOPS/s)
MUL_MAT_VEC q6_K m=12288 n=1 k=5120: 1 x 85.92 us = 85.92 us (1464.35 GFLOPS/s)
MUL_MAT_VEC q6_K m=17408 n=1 k=5120: 2 x 121.38 us = 242.76 us (1468.45 GFLOPS/s)
MUL_MAT_VEC q6_K m=98304 n=1 k=5120: 1 x 673.36 us = 673.36 us (1494.79 GFLOPS/s)
MUL_MAT_VEC q8_0 m=5120 n=1 k=10240: 1 x 101.88 us = 101.88 us (1029.18 GFLOPS/s)
PAD: 1 x 6.44 us = 6.44 us
RMS_NORM_MUL RMS_NORM(256,24,1,1): 1 x 5.56 us = 5.56 us
RMS_NORM_MUL RMS_NORM(256,4,1,1): 1 x 3.76 us = 3.76 us
RMS_NORM_MUL RMS_NORM(5120,1,1,1): 5 x 3.736 us = 18.68 us
ROPE: 2 x 3.78 us = 7.56 us
SET_ROWS: 2 x 3 us = 6 us
SIGMOID_MUL SIGMOID: 1 x 1.64 us = 1.64 us
TOP_K K=10 (98304,1,1,1): 1 x 9.28 us = 9.28 us
Total time: 1405.6 us.
----------------
Vulkan Timings:
CONCAT: 1 x 1.64 us = 1.64 us
CONT: 1 x 3.8 us = 3.8 us
FLASH_ATTN_EXT dst(256,24,1,1),  q(256,1,24,1),  k(256,256,4,1),  v(256,256,4,1),  m(256,1,1,1): 1 x 14.08 us = 14.08 us (446.836 GFLOPS/s)
GET_ROWS: 3 x 4.92 us = 14.76 us
GLU: 1 x 1.72 us = 1.72 us
MUL_MAT f32 m=256 n=24 k=256: 1 x 1.64 us = 1.64 us (1914.38 GFLOPS/s)
MUL_MAT f32 m=64 n=16 k=64: 1 x 3.76 us = 3.76 us (34.5872 GFLOPS/s)
MUL_MAT f32 m=64 n=96 k=64: 1 x 3.76 us = 3.76 us (207.523 GFLOPS/s)
MUL_MAT_ADD MUL_MAT_VEC q6_K m=5120 n=1 k=17408: 1 x 123.6 us = 123.6 us (1442.17 GFLOPS/s)
MUL_MAT_ADD MUL_MAT_VEC q6_K m=5120 n=1 k=6144: 1 x 53.44 us = 53.44 us (1177.2 GFLOPS/s)
MUL_MAT_VEC f32 m=256 n=4 k=256: 1 x 3.12 us = 3.12 us (167.713 GFLOPS/s)
MUL_MAT_VEC q6_K m=1024 n=1 k=5120: 2 x 8.92 us = 17.84 us (1175.42 GFLOPS/s)
MUL_MAT_VEC q6_K m=12288 n=1 k=5120: 1 x 85.64 us = 85.64 us (1469.14 GFLOPS/s)
MUL_MAT_VEC q6_K m=17408 n=1 k=5120: 2 x 120.72 us = 241.44 us (1476.48 GFLOPS/s)
MUL_MAT_VEC q6_K m=98304 n=1 k=5120: 1 x 673.96 us = 673.96 us (1493.46 GFLOPS/s)
MUL_MAT_VEC q8_0 m=5120 n=1 k=10240: 1 x 101.28 us = 101.28 us (1035.27 GFLOPS/s)
PAD: 1 x 6.48 us = 6.48 us
RMS_NORM_MUL RMS_NORM(256,24,1,1): 1 x 5.6 us = 5.6 us
RMS_NORM_MUL RMS_NORM(256,4,1,1): 1 x 3.76 us = 3.76 us
RMS_NORM_MUL RMS_NORM(5120,1,1,1): 5 x 3.824 us = 19.12 us
ROPE: 2 x 3.7 us = 7.4 us
SET_ROWS: 2 x 2.96 us = 5.92 us
SIGMOID_MUL SIGMOID: 1 x 1.72 us = 1.72 us
TOP_K K=10 (98304,1,1,1): 1 x 9.32 us = 9.32 us
Total time: 1404.8 us.
----------------
Vulkan Timings:
ADD: 48 x 4.031 us = 193.52 us
CONT: 16 x 3.92 us = 62.72 us
FLASH_ATTN_EXT dst(256,24,5,1),  q(256,5,24,1),  k(256,256,4,1),  v(256,256,4,1),  m(256,5,1,1): 16 x 23.885 us = 382.16 us (1317.03 GFLOPS/s)
GDN_CACHE GATED_DELTA_NET: 48 x 13.942 us = 669.24 us
GDN_CONV_STATE CONCAT: 48 x 3.07 us = 147.4 us
GET_ROWS: 3 x 12.013 us = 36.04 us
GLU: 64 x 2.354 us = 150.68 us
MUL_MAT f32 m=256 n=120 k=256: 16 x 1.767 us = 28.28 us (8881.43 GFLOPS/s)
MUL_MAT f32 m=256 n=20 k=256: 16 x 3.17 us = 50.72 us (825.338 GFLOPS/s)
MUL_MAT f32 m=64 n=480 k=64: 16 x 3.922 us = 62.76 us (994.631 GFLOPS/s)
MUL_MAT f32 m=64 n=80 k=64: 16 x 3.91 us = 62.56 us (166.302 GFLOPS/s)
MUL_MAT_ADD MUL_MAT_VEC q6_K m=5120 n=5 k=17408: 64 x 130.477 us = 8350.56 us (6830.79 GFLOPS/s)
MUL_MAT_ADD MUL_MAT_VEC q6_K m=5120 n=5 k=6144: 16 x 55.572 us = 889.16 us (5660.12 GFLOPS/s)
MUL_MAT_GROUP MUL_MAT_VEC q6_K m=10240 n=5 k=5120: 47 x 118.391 us = 5564.4 us (4427.99 GFLOPS/s)
MUL_MAT_GROUP MUL_MAT_VEC q6_K m=12288 n=5 k=5120: 16 x 104.627 us = 1674.04 us (6012.61 GFLOPS/s)
MUL_MAT_GROUP MUL_MAT_VEC q6_K m=17408 n=5 k=5120: 64 x 267.248 us = 17103.9 us (3334.74 GFLOPS/s)
MUL_MAT_VEC f32 m=48 n=5 k=5120: 96 x 6.76 us = 649.04 us (363.47 GFLOPS/s)
MUL_MAT_VEC q6_K m=10240 n=5 k=5120: 1 x 80.08 us = 80.08 us (6546.41 GFLOPS/s)
MUL_MAT_VEC q6_K m=248320 n=5 k=5120: 1 x 1687.76 us = 1687.76 us (7532.32 GFLOPS/s)
MUL_MAT_VEC q6_K m=6144 n=5 k=5120: 1 x 51.4 us = 51.4 us (6119.5 GFLOPS/s)
MUL_MAT_VEC q8_0 m=5120 n=5 k=6144: 48 x 60.899 us = 2923.16 us (5165.05 GFLOPS/s)
RMS_NORM_MUL RMS_NORM(256,24,5,1): 16 x 4.057 us = 64.92 us
RMS_NORM_MUL RMS_NORM(256,4,5,1): 16 x 3.805 us = 60.88 us
RMS_NORM_MUL RMS_NORM(5120,5,1,1): 129 x 4.454 us = 574.6 us
RMS_NORM_MUL_SILU_MUL RMS_NORM(128,48,5,1): 48 x 6.235 us = 299.32 us
RMS_NORM_SCALE RMS_NORM(128,16,5,1): 96 x 2.603 us = 249.92 us
ROPE: 32 x 3.88 us = 124.16 us
SET_ROWS: 32 x 3.023 us = 96.76 us
SIGMOID_MUL SIGMOID: 16 x 3.94 us = 63.04 us
SSM_CONV_SILU SSM_CONV: 48 x 5.037 us = 241.8 us
Total time: 42595 us.
----------------
Vulkan Timings:
CONCAT: 1 x 3.84 us = 3.84 us
CONT: 1 x 4 us = 4 us
FLASH_ATTN_EXT dst(256,24,5,1),  q(256,5,24,1),  k(256,256,4,1),  v(256,256,4,1),  m(256,5,1,1): 1 x 24.16 us = 24.16 us (1302.04 GFLOPS/s)
GET_ROWS: 1 x 7.28 us = 7.28 us
GLU: 1 x 1.8 us = 1.8 us
MUL_MAT f32 m=256 n=120 k=256: 1 x 1.8 us = 1.8 us (8721.07 GFLOPS/s)
MUL_MAT f32 m=256 n=20 k=256: 1 x 3.36 us = 3.36 us (778.667 GFLOPS/s)
MUL_MAT f32 m=64 n=480 k=64: 1 x 3.96 us = 3.96 us (985.212 GFLOPS/s)
MUL_MAT f32 m=64 n=80 k=64: 1 x 4.04 us = 4.04 us (160.95 GFLOPS/s)
MUL_MAT_ADD MUL_MAT_VEC q6_K m=5120 n=5 k=17408: 1 x 156.63 us = 156.63 us (5690.25 GFLOPS/s)
MUL_MAT_ADD MUL_MAT_VEC q6_K m=5120 n=5 k=6144: 1 x 57.68 us = 57.68 us (5453.31 GFLOPS/s)
MUL_MAT_GROUP MUL_MAT_VEC q6_K m=12288 n=5 k=5120: 1 x 135.08 us = 135.08 us (4657.12 GFLOPS/s)
MUL_MAT_GROUP MUL_MAT_VEC q6_K m=17408 n=5 k=5120: 1 x 256.04 us = 256.04 us (3480.72 GFLOPS/s)
MUL_MAT_VEC q8_0 m=5120 n=5 k=10240: 1 x 107.48 us = 107.48 us (4877.77 GFLOPS/s)
RMS_NORM_MUL RMS_NORM(256,24,5,1): 1 x 3.92 us = 3.92 us
RMS_NORM_MUL RMS_NORM(256,4,5,1): 1 x 4 us = 4 us
RMS_NORM_MUL RMS_NORM(5120,5,1,1): 5 x 9.078 us = 45.39 us
ROPE: 2 x 4.02 us = 8.04 us
SET_ROWS: 2 x 3.1 us = 6.2 us
SIGMOID_MUL SIGMOID: 1 x 4.04 us = 4.04 us
Total time: 838.74 us.
----------------
Vulkan Timings:
CONCAT: 1 x 1.72 us = 1.72 us
CONT: 1 x 3.6 us = 3.6 us
FLASH_ATTN_EXT dst(256,24,1,1),  q(256,1,24,1),  k(256,256,4,1),  v(256,256,4,1),  m(256,1,1,1): 1 x 13.92 us = 13.92 us (451.972 GFLOPS/s)
GET_ROWS: 3 x 4.92 us = 14.76 us
GLU: 1 x 1.68 us = 1.68 us
MUL_MAT f32 m=256 n=24 k=256: 1 x 1.6 us = 1.6 us (1962.24 GFLOPS/s)
MUL_MAT f32 m=64 n=16 k=64: 1 x 1.84 us = 1.84 us (70.6783 GFLOPS/s)
MUL_MAT f32 m=64 n=96 k=64: 1 x 3.32 us = 3.32 us (235.027 GFLOPS/s)
MUL_MAT_ADD MUL_MAT_VEC q6_K m=5120 n=1 k=17408: 1 x 123.08 us = 123.08 us (1448.27 GFLOPS/s)
MUL_MAT_ADD MUL_MAT_VEC q6_K m=5120 n=1 k=6144: 1 x 48.24 us = 48.24 us (1304.09 GFLOPS/s)
MUL_MAT_VEC f32 m=256 n=4 k=256: 1 x 3.08 us = 3.08 us (169.891 GFLOPS/s)
MUL_MAT_VEC q6_K m=1024 n=1 k=5120: 2 x 8.84 us = 17.68 us (1186.06 GFLOPS/s)
MUL_MAT_VEC q6_K m=12288 n=1 k=5120: 1 x 90.52 us = 90.52 us (1389.93 GFLOPS/s)
MUL_MAT_VEC q6_K m=17408 n=1 k=5120: 2 x 121.38 us = 242.76 us (1468.45 GFLOPS/s)
MUL_MAT_VEC q6_K m=98304 n=1 k=5120: 1 x 671.6 us = 671.6 us (1498.71 GFLOPS/s)
MUL_MAT_VEC q8_0 m=5120 n=1 k=10240: 1 x 98.04 us = 98.04 us (1069.49 GFLOPS/s)
PAD: 1 x 6.48 us = 6.48 us
RMS_NORM_MUL RMS_NORM(256,24,1,1): 1 x 6 us = 6 us
RMS_NORM_MUL RMS_NORM(256,4,1,1): 1 x 4.96 us = 4.96 us
RMS_NORM_MUL RMS_NORM(5120,1,1,1): 5 x 4.4 us = 22 us
ROPE: 2 x 3.4 us = 6.8 us
SET_ROWS: 2 x 2.86 us = 5.72 us
SIGMOID_MUL SIGMOID: 1 x 1.6 us = 1.6 us
TOP_K K=10 (98304,1,1,1): 1 x 9.08 us = 9.08 us
Total time: 1400.08 us.
----------------
Vulkan Timings:
CONCAT: 1 x 1.72 us = 1.72 us
CONT: 1 x 3.64 us = 3.64 us
FLASH_ATTN_EXT dst(256,24,1,1),  q(256,1,24,1),  k(256,256,4,1),  v(256,256,4,1),  m(256,1,1,1): 1 x 13.92 us = 13.92 us (451.972 GFLOPS/s)
GET_ROWS: 3 x 5.693 us = 17.08 us
GLU: 1 x 1.8 us = 1.8 us
MUL_MAT f32 m=256 n=24 k=256: 1 x 1.64 us = 1.64 us (1914.38 GFLOPS/s)
MUL_MAT f32 m=64 n=16 k=64: 1 x 3.64 us = 3.64 us (35.7275 GFLOPS/s)
MUL_MAT f32 m=64 n=96 k=64: 1 x 3.64 us = 3.64 us (214.365 GFLOPS/s)
MUL_MAT_ADD MUL_MAT_VEC q6_K m=5120 n=1 k=17408: 1 x 123.28 us = 123.28 us (1445.92 GFLOPS/s)
MUL_MAT_ADD MUL_MAT_VEC q6_K m=5120 n=1 k=6144: 1 x 54.24 us = 54.24 us (1159.83 GFLOPS/s)
MUL_MAT_VEC f32 m=256 n=4 k=256: 1 x 3.04 us = 3.04 us (172.126 GFLOPS/s)
MUL_MAT_VEC q6_K m=1024 n=1 k=5120: 2 x 6.82 us = 13.64 us (1537.35 GFLOPS/s)
MUL_MAT_VEC q6_K m=12288 n=1 k=5120: 1 x 93.32 us = 93.32 us (1348.23 GFLOPS/s)
MUL_MAT_VEC q6_K m=17408 n=1 k=5120: 2 x 121.96 us = 243.92 us (1461.47 GFLOPS/s)
MUL_MAT_VEC q6_K m=98304 n=1 k=5120: 1 x 673.06 us = 673.06 us (1495.46 GFLOPS/s)
MUL_MAT_VEC q8_0 m=5120 n=1 k=10240: 1 x 101.16 us = 101.16 us (1036.5 GFLOPS/s)
PAD: 1 x 6.52 us = 6.52 us
RMS_NORM_MUL RMS_NORM(256,24,1,1): 1 x 3.68 us = 3.68 us
RMS_NORM_MUL RMS_NORM(256,4,1,1): 1 x 3.68 us = 3.68 us
RMS_NORM_MUL RMS_NORM(5120,1,1,1): 5 x 3.808 us = 19.04 us
ROPE: 2 x 3.68 us = 7.36 us
SET_ROWS: 2 x 2.94 us = 5.88 us
SIGMOID_MUL SIGMOID: 1 x 1.68 us = 1.68 us
TOP_K K=10 (98304,1,1,1): 1 x 8.84 us = 8.84 us
Total time: 1409.42 us.
----------------
Vulkan Timings:
CONCAT: 1 x 1.64 us = 1.64 us
CONT: 1 x 3.6 us = 3.6 us
FLASH_ATTN_EXT dst(256,24,1,1),  q(256,1,24,1),  k(256,256,4,1),  v(256,256,4,1),  m(256,1,1,1): 1 x 15.52 us = 15.52 us (405.377 GFLOPS/s)
GET_ROWS: 3 x 4.813 us = 14.44 us
GLU: 1 x 1.76 us = 1.76 us
MUL_MAT f32 m=256 n=24 k=256: 1 x 2.16 us = 2.16 us (1453.51 GFLOPS/s)
MUL_MAT f32 m=64 n=16 k=64: 1 x 3.64 us = 3.64 us (35.7275 GFLOPS/s)
MUL_MAT f32 m=64 n=96 k=64: 1 x 3.6 us = 3.6 us (216.747 GFLOPS/s)
MUL_MAT_ADD MUL_MAT_VEC q6_K m=5120 n=1 k=17408: 1 x 123.32 us = 123.32 us (1445.45 GFLOPS/s)
MUL_MAT_ADD MUL_MAT_VEC q6_K m=5120 n=1 k=6144: 1 x 53.96 us = 53.96 us (1165.85 GFLOPS/s)
MUL_MAT_VEC f32 m=256 n=4 k=256: 1 x 0.72 us = 0.72 us (726.756 GFLOPS/s)
MUL_MAT_VEC q6_K m=1024 n=1 k=5120: 2 x 6.92 us = 13.84 us (1515.14 GFLOPS/s)
MUL_MAT_VEC q6_K m=12288 n=1 k=5120: 1 x 93.6 us = 93.6 us (1344.2 GFLOPS/s)
MUL_MAT_VEC q6_K m=17408 n=1 k=5120: 2 x 121.34 us = 242.68 us (1468.93 GFLOPS/s)
MUL_MAT_VEC q6_K m=98304 n=1 k=5120: 1 x 671.94 us = 671.94 us (1497.95 GFLOPS/s)
MUL_MAT_VEC q8_0 m=5120 n=1 k=10240: 1 x 102.28 us = 102.28 us (1025.15 GFLOPS/s)
PAD: 1 x 6.28 us = 6.28 us
RMS_NORM_MUL RMS_NORM(256,24,1,1): 1 x 3.64 us = 3.64 us
RMS_NORM_MUL RMS_NORM(256,4,1,1): 1 x 3.6 us = 3.6 us
RMS_NORM_MUL RMS_NORM(5120,1,1,1): 5 x 3.792 us = 18.96 us
ROPE: 2 x 3.6 us = 7.2 us
SET_ROWS: 2 x 3.06 us = 6.12 us
SIGMOID_MUL SIGMOID: 1 x 1.68 us = 1.68 us
TOP_K K=10 (98304,1,1,1): 1 x 9.24 us = 9.24 us
Total time: 1405.42 us.
----------------
Vulkan Timings:
CONCAT: 1 x 1.64 us = 1.64 us
CONT: 1 x 3.64 us = 3.64 us
FLASH_ATTN_EXT dst(256,24,1,1),  q(256,1,24,1),  k(256,256,4,1),  v(256,256,4,1),  m(256,1,1,1): 1 x 14 us = 14 us (449.39 GFLOPS/s)
GET_ROWS: 3 x 4.92 us = 14.76 us
GLU: 1 x 1.92 us = 1.92 us
MUL_MAT f32 m=256 n=24 k=256: 1 x 1.64 us = 1.64 us (1914.38 GFLOPS/s)
MUL_MAT f32 m=64 n=16 k=64: 1 x 3.56 us = 3.56 us (36.5303 GFLOPS/s)
MUL_MAT f32 m=64 n=96 k=64: 1 x 3.6 us = 3.6 us (216.747 GFLOPS/s)
MUL_MAT_ADD MUL_MAT_VEC q6_K m=5120 n=1 k=17408: 1 x 123.48 us = 123.48 us (1443.58 GFLOPS/s)
MUL_MAT_ADD MUL_MAT_VEC q6_K m=5120 n=1 k=6144: 1 x 53.32 us = 53.32 us (1179.85 GFLOPS/s)
MUL_MAT_VEC f32 m=256 n=4 k=256: 1 x 2.96 us = 2.96 us (176.778 GFLOPS/s)
MUL_MAT_VEC q6_K m=1024 n=1 k=5120: 2 x 6.92 us = 13.84 us (1515.14 GFLOPS/s)
MUL_MAT_VEC q6_K m=12288 n=1 k=5120: 1 x 93.52 us = 93.52 us (1345.35 GFLOPS/s)
MUL_MAT_VEC q6_K m=17408 n=1 k=5120: 2 x 121.18 us = 242.36 us (1470.87 GFLOPS/s)
MUL_MAT_VEC q6_K m=98304 n=1 k=5120: 1 x 672.02 us = 672.02 us (1497.77 GFLOPS/s)
MUL_MAT_VEC q8_0 m=5120 n=1 k=10240: 1 x 100.84 us = 100.84 us (1039.79 GFLOPS/s)
PAD: 1 x 6.36 us = 6.36 us
RMS_NORM_MUL RMS_NORM(256,24,1,1): 1 x 3.6 us = 3.6 us
RMS_NORM_MUL RMS_NORM(256,4,1,1): 1 x 3.6 us = 3.6 us
RMS_NORM_MUL RMS_NORM(5120,1,1,1): 5 x 3.752 us = 18.76 us
ROPE: 2 x 3.56 us = 7.12 us
SET_ROWS: 2 x 2.9 us = 5.8 us
SIGMOID_MUL SIGMOID: 1 x 1.72 us = 1.72 us
TOP_K K=10 (98304,1,1,1): 1 x 8.88 us = 8.88 us
Total time: 1402.94 us.
----------------
Vulkan Timings:
ADD: 48 x 3.815 us = 183.12 us
CONT: 16 x 3.7 us = 59.2 us
FLASH_ATTN_EXT dst(256,24,5,1),  q(256,5,24,1),  k(256,256,4,1),  v(256,256,4,1),  m(256,5,1,1): 16 x 23.262 us = 372.2 us (1352.27 GFLOPS/s)
GDN_CACHE GATED_DELTA_NET: 48 x 14.657 us = 703.56 us
GDN_CONV_STATE CONCAT: 48 x 3.095 us = 148.56 us
GET_ROWS: 3 x 11.693 us = 35.08 us
GLU: 64 x 2.397 us = 153.44 us
MUL_MAT f32 m=256 n=120 k=256: 16 x 1.697 us = 27.16 us (9247.67 GFLOPS/s)
MUL_MAT f32 m=256 n=20 k=256: 16 x 3.112 us = 49.8 us (840.585 GFLOPS/s)
MUL_MAT f32 m=64 n=480 k=64: 16 x 3.685 us = 58.96 us (1058.74 GFLOPS/s)
MUL_MAT f32 m=64 n=80 k=64: 16 x 3.665 us = 58.64 us (177.419 GFLOPS/s)
MUL_MAT_ADD MUL_MAT_VEC q6_K m=5120 n=5 k=17408: 64 x 129.371 us = 8279.8 us (6889.16 GFLOPS/s)
MUL_MAT_ADD MUL_MAT_VEC q6_K m=5120 n=5 k=6144: 16 x 55.325 us = 885.2 us (5685.44 GFLOPS/s)
MUL_MAT_GROUP MUL_MAT_VEC q6_K m=10240 n=5 k=5120: 47 x 118.167 us = 5553.88 us (4436.38 GFLOPS/s)
MUL_MAT_GROUP MUL_MAT_VEC q6_K m=12288 n=5 k=5120: 16 x 104.332 us = 1669.32 us (6029.61 GFLOPS/s)
MUL_MAT_GROUP MUL_MAT_VEC q6_K m=17408 n=5 k=5120: 64 x 266.798 us = 17075.1 us (3340.36 GFLOPS/s)
MUL_MAT_VEC f32 m=48 n=5 k=5120: 96 x 6.287 us = 603.64 us (390.807 GFLOPS/s)
MUL_MAT_VEC q6_K m=10240 n=5 k=5120: 1 x 79.48 us = 79.48 us (6595.83 GFLOPS/s)
MUL_MAT_VEC q6_K m=248320 n=5 k=5120: 1 x 1686.6 us = 1686.6 us (7537.5 GFLOPS/s)
MUL_MAT_VEC q6_K m=6144 n=5 k=5120: 1 x 50.2 us = 50.2 us (6265.78 GFLOPS/s)
MUL_MAT_VEC q8_0 m=5120 n=5 k=6144: 48 x 60.64 us = 2910.76 us (5187.05 GFLOPS/s)
RMS_NORM_MUL RMS_NORM(256,24,5,1): 16 x 3.805 us = 60.88 us
RMS_NORM_MUL RMS_NORM(256,4,5,1): 16 x 3.597 us = 57.56 us
RMS_NORM_MUL RMS_NORM(5120,5,1,1): 129 x 4.321 us = 557.48 us
RMS_NORM_MUL_SILU_MUL RMS_NORM(128,48,5,1): 48 x 5.833 us = 280 us
RMS_NORM_SCALE RMS_NORM(128,16,5,1): 96 x 2.511 us = 241.08 us
ROPE: 32 x 3.646 us = 116.68 us
SET_ROWS: 32 x 2.937 us = 94 us
SIGMOID_MUL SIGMOID: 16 x 3.69 us = 59.04 us
SSM_CONV_SILU SSM_CONV: 48 x 4.789 us = 229.88 us
Total time: 42340.3 us.
----------------
Vulkan Timings:
CONCAT: 1 x 4.28 us = 4.28 us
CONT: 1 x 3.76 us = 3.76 us
FLASH_ATTN_EXT dst(256,24,5,1),  q(256,5,24,1),  k(256,256,4,1),  v(256,256,4,1),  m(256,5,1,1): 1 x 23.72 us = 23.72 us (1326.19 GFLOPS/s)
GET_ROWS: 1 x 6.8 us = 6.8 us
GLU: 1 x 1.96 us = 1.96 us
MUL_MAT f32 m=256 n=120 k=256: 1 x 1.72 us = 1.72 us (9126.7 GFLOPS/s)
MUL_MAT f32 m=256 n=20 k=256: 1 x 3.12 us = 3.12 us (838.564 GFLOPS/s)
MUL_MAT f32 m=64 n=480 k=64: 1 x 3.76 us = 3.76 us (1037.62 GFLOPS/s)
MUL_MAT f32 m=64 n=80 k=64: 1 x 3.76 us = 3.76 us (172.936 GFLOPS/s)
MUL_MAT_ADD MUL_MAT_VEC q6_K m=5120 n=5 k=17408: 1 x 154.96 us = 154.96 us (5751.57 GFLOPS/s)
MUL_MAT_ADD MUL_MAT_VEC q6_K m=5120 n=5 k=6144: 1 x 56.56 us = 56.56 us (5561.3 GFLOPS/s)
MUL_MAT_GROUP MUL_MAT_VEC q6_K m=12288 n=5 k=5120: 1 x 133.99 us = 133.99 us (4695.01 GFLOPS/s)
MUL_MAT_GROUP MUL_MAT_VEC q6_K m=17408 n=5 k=5120: 1 x 255.32 us = 255.32 us (3490.53 GFLOPS/s)
MUL_MAT_VEC q8_0 m=5120 n=5 k=10240: 1 x 105.12 us = 105.12 us (4987.28 GFLOPS/s)
RMS_NORM_MUL RMS_NORM(256,24,5,1): 1 x 3.68 us = 3.68 us
RMS_NORM_MUL RMS_NORM(256,4,5,1): 1 x 3.76 us = 3.76 us
RMS_NORM_MUL RMS_NORM(5120,5,1,1): 5 x 9.156 us = 45.78 us
ROPE: 2 x 3.78 us = 7.56 us
SET_ROWS: 2 x 2.96 us = 5.92 us
SIGMOID_MUL SIGMOID: 1 x 3.76 us = 3.76 us
Total time: 829.29 us.
----------------
Vulkan Timings:
CONCAT: 1 x 1.68 us = 1.68 us
CONT: 1 x 3.68 us = 3.68 us
FLASH_ATTN_EXT dst(256,24,1,1),  q(256,1,24,1),  k(256,256,4,1),  v(256,256,4,1),  m(256,1,1,1): 1 x 13.72 us = 13.72 us (458.561 GFLOPS/s)
GET_ROWS: 3 x 4.933 us = 14.8 us
GLU: 1 x 1.64 us = 1.64 us
MUL_MAT f32 m=256 n=24 k=256: 1 x 1.48 us = 1.48 us (2121.34 GFLOPS/s)
MUL_MAT f32 m=64 n=16 k=64: 1 x 1.76 us = 1.76 us (73.8909 GFLOPS/s)
MUL_MAT f32 m=64 n=96 k=64: 1 x 3.36 us = 3.36 us (232.229 GFLOPS/s)
MUL_MAT_ADD MUL_MAT_VEC q6_K m=5120 n=1 k=17408: 1 x 123.6 us = 123.6 us (1442.17 GFLOPS/s)
MUL_MAT_ADD MUL_MAT_VEC q6_K m=5120 n=1 k=6144: 1 x 48.36 us = 48.36 us (1300.86 GFLOPS/s)
MUL_MAT_VEC f32 m=256 n=4 k=256: 1 x 3.2 us = 3.2 us (163.52 GFLOPS/s)
MUL_MAT_VEC q6_K m=1024 n=1 k=5120: 2 x 8.78 us = 17.56 us (1194.16 GFLOPS/s)
MUL_MAT_VEC q6_K m=12288 n=1 k=5120: 1 x 90.44 us = 90.44 us (1391.16 GFLOPS/s)
MUL_MAT_VEC q6_K m=17408 n=1 k=5120: 2 x 121.72 us = 243.44 us (1464.35 GFLOPS/s)
MUL_MAT_VEC q6_K m=98304 n=1 k=5120: 1 x 672.05 us = 672.05 us (1497.71 GFLOPS/s)
MUL_MAT_VEC q8_0 m=5120 n=1 k=10240: 1 x 97.56 us = 97.56 us (1074.75 GFLOPS/s)
PAD: 1 x 6.48 us = 6.48 us
RMS_NORM_MUL RMS_NORM(256,24,1,1): 1 x 5.68 us = 5.68 us
RMS_NORM_MUL RMS_NORM(256,4,1,1): 1 x 5.16 us = 5.16 us
RMS_NORM_MUL RMS_NORM(5120,1,1,1): 5 x 4.328 us = 21.64 us
ROPE: 2 x 3.48 us = 6.96 us
SET_ROWS: 2 x 2.86 us = 5.72 us
SIGMOID_MUL SIGMOID: 1 x 1.6 us = 1.6 us
TOP_K K=10 (98304,1,1,1): 1 x 9.28 us = 9.28 us
Total time: 1400.85 us.
----------------
Vulkan Timings:
CONCAT: 1 x 1.68 us = 1.68 us
CONT: 1 x 3.76 us = 3.76 us
FLASH_ATTN_EXT dst(256,24,1,1),  q(256,1,24,1),  k(256,256,4,1),  v(256,256,4,1),  m(256,1,1,1): 1 x 13.96 us = 13.96 us (450.677 GFLOPS/s)
GET_ROWS: 3 x 4.986 us = 14.96 us
GLU: 1 x 1.76 us = 1.76 us
MUL_MAT f32 m=256 n=24 k=256: 1 x 1.68 us = 1.68 us (1868.8 GFLOPS/s)
MUL_MAT f32 m=64 n=16 k=64: 1 x 3.76 us = 3.76 us (34.5872 GFLOPS/s)
MUL_MAT f32 m=64 n=96 k=64: 1 x 3.8 us = 3.8 us (205.339 GFLOPS/s)
MUL_MAT_ADD MUL_MAT_VEC q6_K m=5120 n=1 k=17408: 1 x 123.8 us = 123.8 us (1439.84 GFLOPS/s)
MUL_MAT_ADD MUL_MAT_VEC q6_K m=5120 n=1 k=6144: 1 x 54 us = 54 us (1164.99 GFLOPS/s)
MUL_MAT_VEC f32 m=256 n=4 k=256: 1 x 3.16 us = 3.16 us (165.59 GFLOPS/s)
MUL_MAT_VEC q6_K m=1024 n=1 k=5120: 2 x 8.78 us = 17.56 us (1194.16 GFLOPS/s)
MUL_MAT_VEC q6_K m=12288 n=1 k=5120: 1 x 85.44 us = 85.44 us (1472.58 GFLOPS/s)
MUL_MAT_VEC q6_K m=17408 n=1 k=5120: 2 x 121.66 us = 243.32 us (1465.07 GFLOPS/s)
MUL_MAT_VEC q6_K m=98304 n=1 k=5120: 1 x 674.81 us = 674.81 us (1491.58 GFLOPS/s)
MUL_MAT_VEC q8_0 m=5120 n=1 k=10240: 1 x 101.24 us = 101.24 us (1035.68 GFLOPS/s)
PAD: 1 x 6.52 us = 6.52 us
RMS_NORM_MUL RMS_NORM(256,24,1,1): 1 x 5.6 us = 5.6 us
RMS_NORM_MUL RMS_NORM(256,4,1,1): 1 x 3.72 us = 3.72 us
RMS_NORM_MUL RMS_NORM(5120,1,1,1): 5 x 3.76 us = 18.8 us
ROPE: 2 x 3.7 us = 7.4 us
SET_ROWS: 2 x 2.98 us = 5.96 us
SIGMOID_MUL SIGMOID: 1 x 1.88 us = 1.88 us
TOP_K K=10 (98304,1,1,1): 1 x 9.36 us = 9.36 us
Total time: 1407.93 us.
----------------
Vulkan Timings:
CONCAT: 1 x 2.64 us = 2.64 us
CONT: 1 x 3.76 us = 3.76 us
FLASH_ATTN_EXT dst(256,24,1,1),  q(256,1,24,1),  k(256,256,4,1),  v(256,256,4,1),  m(256,1,1,1): 1 x 13.84 us = 13.84 us (454.585 GFLOPS/s)
GET_ROWS: 3 x 4.933 us = 14.8 us
GLU: 1 x 1.8 us = 1.8 us
MUL_MAT f32 m=256 n=24 k=256: 1 x 1.68 us = 1.68 us (1868.8 GFLOPS/s)
MUL_MAT f32 m=64 n=16 k=64: 1 x 3.8 us = 3.8 us (34.2232 GFLOPS/s)
MUL_MAT f32 m=64 n=96 k=64: 1 x 3.76 us = 3.76 us (207.523 GFLOPS/s)
MUL_MAT_ADD MUL_MAT_VEC q6_K m=5120 n=1 k=17408: 1 x 123.44 us = 123.44 us (1444.04 GFLOPS/s)
MUL_MAT_ADD MUL_MAT_VEC q6_K m=5120 n=1 k=6144: 1 x 53.44 us = 53.44 us (1177.2 GFLOPS/s)
MUL_MAT_VEC f32 m=256 n=4 k=256: 1 x 3.16 us = 3.16 us (165.59 GFLOPS/s)
MUL_MAT_VEC q6_K m=1024 n=1 k=5120: 2 x 8.74 us = 17.48 us (1199.63 GFLOPS/s)
MUL_MAT_VEC q6_K m=12288 n=1 k=5120: 1 x 85.84 us = 85.84 us (1465.71 GFLOPS/s)
MUL_MAT_VEC q6_K m=17408 n=1 k=5120: 2 x 121.08 us = 242.16 us (1472.09 GFLOPS/s)
MUL_MAT_VEC q6_K m=98304 n=1 k=5120: 1 x 672.04 us = 672.04 us (1497.73 GFLOPS/s)
MUL_MAT_VEC q8_0 m=5120 n=1 k=10240: 1 x 100.08 us = 100.08 us (1047.69 GFLOPS/s)
PAD: 1 x 6.48 us = 6.48 us
RMS_NORM_MUL RMS_NORM(256,24,1,1): 1 x 5.56 us = 5.56 us
RMS_NORM_MUL RMS_NORM(256,4,1,1): 1 x 3.76 us = 3.76 us
RMS_NORM_MUL RMS_NORM(5120,1,1,1): 5 x 3.784 us = 18.92 us
ROPE: 2 x 3.72 us = 7.44 us
SET_ROWS: 2 x 2.94 us = 5.88 us
SIGMOID_MUL SIGMOID: 1 x 1.64 us = 1.64 us
TOP_K K=10 (98304,1,1,1): 1 x 9.36 us = 9.36 us
Total time: 1402.76 us.
----------------
Vulkan Timings:
CONCAT: 1 x 1.64 us = 1.64 us
CONT: 1 x 3.72 us = 3.72 us
FLASH_ATTN_EXT dst(256,24,1,1),  q(256,1,24,1),  k(256,256,4,1),  v(256,256,4,1),  m(256,1,1,1): 1 x 13.88 us = 13.88 us (453.275 GFLOPS/s)
GET_ROWS: 3 x 5.746 us = 17.24 us
GLU: 1 x 1.84 us = 1.84 us
MUL_MAT f32 m=256 n=24 k=256: 1 x 1.6 us = 1.6 us (1962.24 GFLOPS/s)
MUL_MAT f32 m=64 n=16 k=64: 1 x 3.8 us = 3.8 us (34.2232 GFLOPS/s)
MUL_MAT f32 m=64 n=96 k=64: 1 x 3.76 us = 3.76 us (207.523 GFLOPS/s)
MUL_MAT_ADD MUL_MAT_VEC q6_K m=5120 n=1 k=17408: 1 x 123.4 us = 123.4 us (1444.51 GFLOPS/s)
MUL_MAT_ADD MUL_MAT_VEC q6_K m=5120 n=1 k=6144: 1 x 53.4 us = 53.4 us (1178.08 GFLOPS/s)
MUL_MAT_VEC f32 m=256 n=4 k=256: 1 x 3.16 us = 3.16 us (165.59 GFLOPS/s)
MUL_MAT_VEC q6_K m=1024 n=1 k=5120: 2 x 7 us = 14 us (1497.82 GFLOPS/s)
MUL_MAT_VEC q6_K m=12288 n=1 k=5120: 1 x 94 us = 94 us (1338.48 GFLOPS/s)
MUL_MAT_VEC q6_K m=17408 n=1 k=5120: 2 x 121.32 us = 242.64 us (1469.18 GFLOPS/s)
MUL_MAT_VEC q6_K m=98304 n=1 k=5120: 1 x 670.31 us = 670.31 us (1501.6 GFLOPS/s)
MUL_MAT_VEC q8_0 m=5120 n=1 k=10240: 1 x 100.76 us = 100.76 us (1040.62 GFLOPS/s)
PAD: 1 x 6.56 us = 6.56 us
RMS_NORM_MUL RMS_NORM(256,24,1,1): 1 x 3.8 us = 3.8 us
RMS_NORM_MUL RMS_NORM(256,4,1,1): 1 x 3.72 us = 3.72 us
RMS_NORM_MUL RMS_NORM(5120,1,1,1): 5 x 3.792 us = 18.96 us
ROPE: 2 x 3.74 us = 7.48 us
SET_ROWS: 2 x 2.92 us = 5.84 us
SIGMOID_MUL SIGMOID: 1 x 1.68 us = 1.68 us
TOP_K K=10 (98304,1,1,1): 1 x 9.28 us = 9.28 us
Total time: 1406.47 us.
----------------
Vulkan Timings:
ADD: 48 x 3.995 us = 191.8 us
CONT: 16 x 3.875 us = 62 us
FLASH_ATTN_EXT dst(256,24,5,1),  q(256,5,24,1),  k(256,256,4,1),  v(256,256,4,1),  m(256,5,1,1): 16 x 23.58 us = 377.28 us (1334.07 GFLOPS/s)
GDN_CACHE GATED_DELTA_NET: 48 x 13.85 us = 664.8 us
GDN_CONV_STATE CONCAT: 48 x 2.981 us = 143.12 us
GET_ROWS: 3 x 11.96 us = 35.88 us
GLU: 64 x 2.406 us = 154 us
MUL_MAT f32 m=256 n=120 k=256: 16 x 1.715 us = 27.44 us (9153.31 GFLOPS/s)
MUL_MAT f32 m=256 n=20 k=256: 16 x 3.292 us = 52.68 us (794.63 GFLOPS/s)
MUL_MAT f32 m=64 n=480 k=64: 16 x 3.875 us = 62 us (1006.82 GFLOPS/s)
MUL_MAT f32 m=64 n=80 k=64: 16 x 3.87 us = 61.92 us (168.021 GFLOPS/s)
MUL_MAT_ADD MUL_MAT_VEC q6_K m=5120 n=5 k=17408: 64 x 129.846 us = 8310.16 us (6863.99 GFLOPS/s)
MUL_MAT_ADD MUL_MAT_VEC q6_K m=5120 n=5 k=6144: 16 x 55.537 us = 888.6 us (5663.69 GFLOPS/s)
MUL_MAT_GROUP MUL_MAT_VEC q6_K m=10240 n=5 k=5120: 47 x 118.364 us = 5563.12 us (4429.01 GFLOPS/s)
MUL_MAT_GROUP MUL_MAT_VEC q6_K m=12288 n=5 k=5120: 16 x 104.52 us = 1672.32 us (6018.79 GFLOPS/s)
MUL_MAT_GROUP MUL_MAT_VEC q6_K m=17408 n=5 k=5120: 64 x 266.76 us = 17072.6 us (3340.84 GFLOPS/s)
MUL_MAT_VEC f32 m=48 n=5 k=5120: 96 x 6.732 us = 646.28 us (365.022 GFLOPS/s)
MUL_MAT_VEC q6_K m=10240 n=5 k=5120: 1 x 79.64 us = 79.64 us (6582.58 GFLOPS/s)
MUL_MAT_VEC q6_K m=248320 n=5 k=5120: 1 x 1687.08 us = 1687.08 us (7535.35 GFLOPS/s)
MUL_MAT_VEC q6_K m=6144 n=5 k=5120: 1 x 52 us = 52 us (6048.89 GFLOPS/s)
MUL_MAT_VEC q8_0 m=5120 n=5 k=6144: 48 x 60.931 us = 2924.72 us (5162.29 GFLOPS/s)
RMS_NORM_MUL RMS_NORM(256,24,5,1): 16 x 3.992 us = 63.88 us
RMS_NORM_MUL RMS_NORM(256,4,5,1): 16 x 3.787 us = 60.6 us
RMS_NORM_MUL RMS_NORM(5120,5,1,1): 129 x 4.403 us = 568.04 us
RMS_NORM_MUL_SILU_MUL RMS_NORM(128,48,5,1): 48 x 6.17 us = 296.16 us
RMS_NORM_SCALE RMS_NORM(128,16,5,1): 96 x 2.593 us = 248.96 us
ROPE: 32 x 3.838 us = 122.84 us
SET_ROWS: 32 x 2.973 us = 95.16 us
SIGMOID_MUL SIGMOID: 16 x 3.887 us = 62.2 us
SSM_CONV_SILU SSM_CONV: 48 x 4.985 us = 239.28 us
Total time: 42486.6 us.
----------------
Vulkan Timings:
CONCAT: 1 x 3.88 us = 3.88 us
CONT: 1 x 4.08 us = 4.08 us
FLASH_ATTN_EXT dst(256,24,5,1),  q(256,5,24,1),  k(256,256,4,1),  v(256,256,4,1),  m(256,5,1,1): 1 x 24.24 us = 24.24 us (1297.74 GFLOPS/s)
GET_ROWS: 1 x 7.36 us = 7.36 us
GLU: 1 x 1.84 us = 1.84 us
MUL_MAT f32 m=256 n=120 k=256: 1 x 1.92 us = 1.92 us (8176 GFLOPS/s)
MUL_MAT f32 m=256 n=20 k=256: 1 x 3.44 us = 3.44 us (760.558 GFLOPS/s)
MUL_MAT f32 m=64 n=480 k=64: 1 x 4.04 us = 4.04 us (965.703 GFLOPS/s)
MUL_MAT f32 m=64 n=80 k=64: 1 x 4.08 us = 4.08 us (159.373 GFLOPS/s)
MUL_MAT_ADD MUL_MAT_VEC q6_K m=5120 n=5 k=17408: 1 x 157.89 us = 157.89 us (5644.84 GFLOPS/s)
MUL_MAT_ADD MUL_MAT_VEC q6_K m=5120 n=5 k=6144: 1 x 56.36 us = 56.36 us (5581.04 GFLOPS/s)
MUL_MAT_GROUP MUL_MAT_VEC q6_K m=12288 n=5 k=5120: 1 x 136.42 us = 136.42 us (4611.38 GFLOPS/s)
MUL_MAT_GROUP MUL_MAT_VEC q6_K m=17408 n=5 k=5120: 1 x 256.24 us = 256.24 us (3478 GFLOPS/s)
MUL_MAT_VEC q8_0 m=5120 n=5 k=10240: 1 x 106.84 us = 106.84 us (4906.99 GFLOPS/s)
RMS_NORM_MUL RMS_NORM(256,24,5,1): 1 x 4 us = 4 us
RMS_NORM_MUL RMS_NORM(256,4,5,1): 1 x 4.04 us = 4.04 us
RMS_NORM_MUL RMS_NORM(5120,5,1,1): 5 x 9.318 us = 46.59 us
ROPE: 2 x 4.06 us = 8.12 us
SET_ROWS: 2 x 3.16 us = 6.32 us
SIGMOID_MUL SIGMOID: 1 x 4.08 us = 4.08 us
Total time: 841.78 us.
----------------
Vulkan Timings:
CONCAT: 1 x 1.76 us = 1.76 us
CONT: 1 x 3.68 us = 3.68 us
FLASH_ATTN_EXT dst(256,24,1,1),  q(256,1,24,1),  k(256,256,4,1),  v(256,256,4,1),  m(256,1,1,1): 1 x 14.08 us = 14.08 us (446.836 GFLOPS/s)
GET_ROWS: 3 x 5.053 us = 15.16 us
GLU: 1 x 1.64 us = 1.64 us
MUL_MAT f32 m=256 n=24 k=256: 1 x 1.6 us = 1.6 us (1962.24 GFLOPS/s)
MUL_MAT f32 m=64 n=16 k=64: 1 x 1.88 us = 1.88 us (69.1745 GFLOPS/s)
MUL_MAT f32 m=64 n=96 k=64: 1 x 3.4 us = 3.4 us (229.496 GFLOPS/s)
MUL_MAT_ADD MUL_MAT_VEC q6_K m=5120 n=1 k=17408: 1 x 123.64 us = 123.64 us (1441.71 GFLOPS/s)
MUL_MAT_ADD MUL_MAT_VEC q6_K m=5120 n=1 k=6144: 1 x 47.88 us = 47.88 us (1313.9 GFLOPS/s)
MUL_MAT_VEC f32 m=256 n=4 k=256: 1 x 3.16 us = 3.16 us (165.59 GFLOPS/s)
MUL_MAT_VEC q6_K m=1024 n=1 k=5120: 2 x 8.84 us = 17.68 us (1186.06 GFLOPS/s)
MUL_MAT_VEC q6_K m=12288 n=1 k=5120: 1 x 90.52 us = 90.52 us (1389.93 GFLOPS/s)
MUL_MAT_VEC q6_K m=17408 n=1 k=5120: 2 x 121.7 us = 243.4 us (1464.59 GFLOPS/s)
MUL_MAT_VEC q6_K m=98304 n=1 k=5120: 1 x 671.92 us = 671.92 us (1498 GFLOPS/s)
MUL_MAT_VEC q8_0 m=5120 n=1 k=10240: 1 x 97.6 us = 97.6 us (1074.31 GFLOPS/s)
PAD: 1 x 6.52 us = 6.52 us
RMS_NORM_MUL RMS_NORM(256,24,1,1): 1 x 6.12 us = 6.12 us
RMS_NORM_MUL RMS_NORM(256,4,1,1): 1 x 5.08 us = 5.08 us
RMS_NORM_MUL RMS_NORM(5120,1,1,1): 5 x 4.344 us = 21.72 us
ROPE: 2 x 3.48 us = 6.96 us
SET_ROWS: 2 x 2.9 us = 5.8 us
SIGMOID_MUL SIGMOID: 1 x 1.64 us = 1.64 us
TOP_K K=10 (98304,1,1,1): 1 x 9.48 us = 9.48 us
Total time: 1402.32 us.
----------------
Vulkan Timings:
CONCAT: 1 x 1.76 us = 1.76 us
CONT: 1 x 3.68 us = 3.68 us
FLASH_ATTN_EXT dst(256,24,1,1),  q(256,1,24,1),  k(256,256,4,1),  v(256,256,4,1),  m(256,1,1,1): 1 x 13.96 us = 13.96 us (450.677 GFLOPS/s)
GET_ROWS: 3 x 4.92 us = 14.76 us
GLU: 1 x 1.8 us = 1.8 us
MUL_MAT f32 m=256 n=24 k=256: 1 x 1.72 us = 1.72 us (1825.34 GFLOPS/s)
MUL_MAT f32 m=64 n=16 k=64: 1 x 3.64 us = 3.64 us (35.7275 GFLOPS/s)
MUL_MAT f32 m=64 n=96 k=64: 1 x 3.68 us = 3.68 us (212.035 GFLOPS/s)
MUL_MAT_ADD MUL_MAT_VEC q6_K m=5120 n=1 k=17408: 1 x 122.8 us = 122.8 us (1451.57 GFLOPS/s)
MUL_MAT_ADD MUL_MAT_VEC q6_K m=5120 n=1 k=6144: 1 x 53.52 us = 53.52 us (1175.44 GFLOPS/s)
MUL_MAT_VEC f32 m=256 n=4 k=256: 1 x 3.08 us = 3.08 us (169.891 GFLOPS/s)
MUL_MAT_VEC q6_K m=1024 n=1 k=5120: 2 x 6.84 us = 13.68 us (1532.86 GFLOPS/s)
MUL_MAT_VEC q6_K m=12288 n=1 k=5120: 1 x 93.4 us = 93.4 us (1347.08 GFLOPS/s)
MUL_MAT_VEC q6_K m=17408 n=1 k=5120: 2 x 121.56 us = 243.12 us (1466.28 GFLOPS/s)
MUL_MAT_VEC q6_K m=98304 n=1 k=5120: 1 x 674.16 us = 674.16 us (1493.02 GFLOPS/s)
MUL_MAT_VEC q8_0 m=5120 n=1 k=10240: 1 x 102.12 us = 102.12 us (1026.76 GFLOPS/s)
PAD: 1 x 6.32 us = 6.32 us
RMS_NORM_MUL RMS_NORM(256,24,1,1): 1 x 3.68 us = 3.68 us
RMS_NORM_MUL RMS_NORM(256,4,1,1): 1 x 3.68 us = 3.68 us
RMS_NORM_MUL RMS_NORM(5120,1,1,1): 5 x 3.864 us = 19.32 us
ROPE: 2 x 3.66 us = 7.32 us
SET_ROWS: 2 x 2.96 us = 5.92 us
SIGMOID_MUL SIGMOID: 1 x 1.68 us = 1.68 us
TOP_K K=10 (98304,1,1,1): 1 x 9.2 us = 9.2 us
Total time: 1408 us.
----------------
Vulkan Timings:
CONCAT: 1 x 1.68 us = 1.68 us
CONT: 1 x 3.6 us = 3.6 us
FLASH_ATTN_EXT dst(256,24,1,1),  q(256,1,24,1),  k(256,256,4,1),  v(256,256,4,1),  m(256,1,1,1): 1 x 14 us = 14 us (449.39 GFLOPS/s)
GET_ROWS: 3 x 4.84 us = 14.52 us
GLU: 1 x 1.8 us = 1.8 us
MUL_MAT f32 m=256 n=24 k=256: 1 x 1.72 us = 1.72 us (1825.34 GFLOPS/s)
MUL_MAT f32 m=64 n=16 k=64: 1 x 3.64 us = 3.64 us (35.7275 GFLOPS/s)
MUL_MAT f32 m=64 n=96 k=64: 1 x 3.64 us = 3.64 us (214.365 GFLOPS/s)
MUL_MAT_ADD MUL_MAT_VEC q6_K m=5120 n=1 k=17408: 1 x 123.04 us = 123.04 us (1448.74 GFLOPS/s)
MUL_MAT_ADD MUL_MAT_VEC q6_K m=5120 n=1 k=6144: 1 x 53.6 us = 53.6 us (1173.68 GFLOPS/s)
MUL_MAT_VEC f32 m=256 n=4 k=256: 1 x 3.04 us = 3.04 us (172.126 GFLOPS/s)
MUL_MAT_VEC q6_K m=1024 n=1 k=5120: 2 x 6.86 us = 13.72 us (1528.39 GFLOPS/s)
MUL_MAT_VEC q6_K m=12288 n=1 k=5120: 1 x 93.16 us = 93.16 us (1350.55 GFLOPS/s)
MUL_MAT_VEC q6_K m=17408 n=1 k=5120: 2 x 121.04 us = 242.08 us (1472.58 GFLOPS/s)
MUL_MAT_VEC q6_K m=98304 n=1 k=5120: 1 x 673.38 us = 673.38 us (1494.75 GFLOPS/s)
MUL_MAT_VEC q8_0 m=5120 n=1 k=10240: 1 x 100.76 us = 100.76 us (1040.62 GFLOPS/s)
PAD: 1 x 6.32 us = 6.32 us
RMS_NORM_MUL RMS_NORM(256,24,1,1): 1 x 3.64 us = 3.64 us
RMS_NORM_MUL RMS_NORM(256,4,1,1): 1 x 3.64 us = 3.64 us
RMS_NORM_MUL RMS_NORM(5120,1,1,1): 5 x 3.776 us = 18.88 us
ROPE: 2 x 3.6 us = 7.2 us
SET_ROWS: 2 x 2.88 us = 5.76 us
SIGMOID_MUL SIGMOID: 1 x 1.64 us = 1.64 us
TOP_K K=10 (98304,1,1,1): 1 x 8.84 us = 8.84 us
Total time: 1403.3 us.
----------------
Vulkan Timings:
CONCAT: 1 x 1.64 us = 1.64 us
CONT: 1 x 3.64 us = 3.64 us
FLASH_ATTN_EXT dst(256,24,1,1),  q(256,1,24,1),  k(256,256,4,1),  v(256,256,4,1),  m(256,1,1,1): 1 x 16.28 us = 16.28 us (386.453 GFLOPS/s)
GET_ROWS: 3 x 4.8 us = 14.4 us
GLU: 1 x 1.88 us = 1.88 us
MUL_MAT f32 m=256 n=24 k=256: 1 x 1.64 us = 1.64 us (1914.38 GFLOPS/s)
MUL_MAT f32 m=64 n=16 k=64: 1 x 3.6 us = 3.6 us (36.1244 GFLOPS/s)
MUL_MAT f32 m=64 n=96 k=64: 1 x 3.6 us = 3.6 us (216.747 GFLOPS/s)
MUL_MAT_ADD MUL_MAT_VEC q6_K m=5120 n=1 k=17408: 1 x 122.64 us = 122.64 us (1453.46 GFLOPS/s)
MUL_MAT_ADD MUL_MAT_VEC q6_K m=5120 n=1 k=6144: 1 x 53.84 us = 53.84 us (1168.45 GFLOPS/s)
MUL_MAT_VEC f32 m=256 n=4 k=256: 1 x 3 us = 3 us (174.421 GFLOPS/s)
MUL_MAT_VEC q6_K m=1024 n=1 k=5120: 2 x 6.9 us = 13.8 us (1519.53 GFLOPS/s)
MUL_MAT_VEC q6_K m=12288 n=1 k=5120: 1 x 93.8 us = 93.8 us (1341.33 GFLOPS/s)
MUL_MAT_VEC q6_K m=17408 n=1 k=5120: 2 x 121.3 us = 242.6 us (1469.42 GFLOPS/s)
MUL_MAT_VEC q6_K m=98304 n=1 k=5120: 1 x 673.15 us = 673.15 us (1495.26 GFLOPS/s)
MUL_MAT_VEC q8_0 m=5120 n=1 k=10240: 1 x 101.2 us = 101.2 us (1036.09 GFLOPS/s)
PAD: 1 x 6.32 us = 6.32 us
RMS_NORM_MUL RMS_NORM(256,24,1,1): 1 x 3.64 us = 3.64 us
RMS_NORM_MUL RMS_NORM(256,4,1,1): 1 x 3.56 us = 3.56 us
RMS_NORM_MUL RMS_NORM(5120,1,1,1): 5 x 3.792 us = 18.96 us
ROPE: 2 x 3.56 us = 7.12 us
SET_ROWS: 2 x 2.04 us = 4.08 us
SIGMOID_MUL SIGMOID: 1 x 1.68 us = 1.68 us
TOP_K K=10 (98304,1,1,1): 1 x 9.12 us = 9.12 us
Total time: 1405.19 us.
----------------
Vulkan Timings:
ADD: 48 x 3.905 us = 187.48 us
CONT: 16 x 3.797 us = 60.76 us
FLASH_ATTN_EXT dst(256,24,5,1),  q(256,5,24,1),  k(256,256,4,1),  v(256,256,4,1),  m(256,5,1,1): 16 x 23.86 us = 381.76 us (1318.41 GFLOPS/s)
GDN_CACHE GATED_DELTA_NET: 48 x 14.552 us = 698.52 us
GDN_CONV_STATE CONCAT: 48 x 3.175 us = 152.44 us
GET_ROWS: 3 x 12.2 us = 36.6 us
GLU: 64 x 2.505 us = 160.36 us
MUL_MAT f32 m=256 n=120 k=256: 16 x 1.827 us = 29.24 us (8589.83 GFLOPS/s)
MUL_MAT f32 m=256 n=20 k=256: 16 x 2.895 us = 46.32 us (903.737 GFLOPS/s)
MUL_MAT f32 m=64 n=480 k=64: 16 x 3.805 us = 60.88 us (1025.35 GFLOPS/s)
MUL_MAT f32 m=64 n=80 k=64: 16 x 3.772 us = 60.36 us (172.363 GFLOPS/s)
MUL_MAT_ADD MUL_MAT_VEC q6_K m=5120 n=5 k=17408: 64 x 129.855 us = 8310.76 us (6863.5 GFLOPS/s)
MUL_MAT_ADD MUL_MAT_VEC q6_K m=5120 n=5 k=6144: 16 x 55.727 us = 891.64 us (5644.38 GFLOPS/s)
MUL_MAT_GROUP MUL_MAT_VEC q6_K m=10240 n=5 k=5120: 47 x 118.551 us = 5571.92 us (4422.02 GFLOPS/s)
MUL_MAT_GROUP MUL_MAT_VEC q6_K m=12288 n=5 k=5120: 16 x 104.48 us = 1671.68 us (6021.1 GFLOPS/s)
MUL_MAT_GROUP MUL_MAT_VEC q6_K m=17408 n=5 k=5120: 64 x 266.371 us = 17047.8 us (3345.72 GFLOPS/s)
MUL_MAT_VEC f32 m=48 n=5 k=5120: 96 x 6.484 us = 622.52 us (378.954 GFLOPS/s)
MUL_MAT_VEC q6_K m=10240 n=5 k=5120: 1 x 80.28 us = 80.28 us (6530.1 GFLOPS/s)
MUL_MAT_VEC q6_K m=248320 n=5 k=5120: 1 x 1687.12 us = 1687.12 us (7535.17 GFLOPS/s)
MUL_MAT_VEC q6_K m=6144 n=5 k=5120: 1 x 50 us = 50 us (6290.84 GFLOPS/s)
MUL_MAT_VEC q8_0 m=5120 n=5 k=6144: 48 x 60.888 us = 2922.64 us (5165.97 GFLOPS/s)
RMS_NORM_MUL RMS_NORM(256,24,5,1): 16 x 4.01 us = 64.16 us
RMS_NORM_MUL RMS_NORM(256,4,5,1): 16 x 3.712 us = 59.4 us
RMS_NORM_MUL RMS_NORM(5120,5,1,1): 129 x 4.403 us = 568 us
RMS_NORM_MUL_SILU_MUL RMS_NORM(128,48,5,1): 48 x 6.015 us = 288.76 us
RMS_NORM_SCALE RMS_NORM(128,16,5,1): 96 x 2.487 us = 238.76 us
ROPE: 32 x 3.747 us = 119.92 us
SET_ROWS: 32 x 3.097 us = 99.12 us
SIGMOID_MUL SIGMOID: 16 x 3.81 us = 60.96 us
SSM_CONV_SILU SSM_CONV: 48 x 4.915 us = 235.96 us
Total time: 42466.1 us.
----------------
Vulkan Timings:
CONCAT: 1 x 4.04 us = 4.04 us
CONT: 1 x 3.96 us = 3.96 us
FLASH_ATTN_EXT dst(256,24,5,1),  q(256,5,24,1),  k(256,256,4,1),  v(256,256,4,1),  m(256,5,1,1): 1 x 24.72 us = 24.72 us (1272.54 GFLOPS/s)
GET_ROWS: 1 x 7.32 us = 7.32 us
GLU: 1 x 1.84 us = 1.84 us
MUL_MAT f32 m=256 n=120 k=256: 1 x 1.88 us = 1.88 us (8349.96 GFLOPS/s)
MUL_MAT f32 m=256 n=20 k=256: 1 x 3.32 us = 3.32 us (788.048 GFLOPS/s)
MUL_MAT f32 m=64 n=480 k=64: 1 x 3.96 us = 3.96 us (985.212 GFLOPS/s)
MUL_MAT f32 m=64 n=80 k=64: 1 x 4 us = 4 us (162.56 GFLOPS/s)
MUL_MAT_ADD MUL_MAT_VEC q6_K m=5120 n=5 k=17408: 1 x 156.76 us = 156.76 us (5685.53 GFLOPS/s)
MUL_MAT_ADD MUL_MAT_VEC q6_K m=5120 n=5 k=6144: 1 x 55.88 us = 55.88 us (5628.98 GFLOPS/s)
MUL_MAT_GROUP MUL_MAT_VEC q6_K m=12288 n=5 k=5120: 1 x 135.09 us = 135.09 us (4656.78 GFLOPS/s)
MUL_MAT_GROUP MUL_MAT_VEC q6_K m=17408 n=5 k=5120: 1 x 256.68 us = 256.68 us (3472.04 GFLOPS/s)
MUL_MAT_VEC q8_0 m=5120 n=5 k=10240: 1 x 107.68 us = 107.68 us (4868.71 GFLOPS/s)
RMS_NORM_MUL RMS_NORM(256,24,5,1): 1 x 3.84 us = 3.84 us
RMS_NORM_MUL RMS_NORM(256,4,5,1): 1 x 3.96 us = 3.96 us
RMS_NORM_MUL RMS_NORM(5120,5,1,1): 5 x 10.338 us = 51.69 us
ROPE: 2 x 3.98 us = 7.96 us
SET_ROWS: 2 x 3.1 us = 6.2 us
SIGMOID_MUL SIGMOID: 1 x 3.96 us = 3.96 us
Total time: 844.74 us.
----------------
Vulkan Timings:
CONCAT: 1 x 1.76 us = 1.76 us
CONT: 1 x 3.92 us = 3.92 us
FLASH_ATTN_EXT dst(256,24,1,1),  q(256,1,24,1),  k(256,256,4,1),  v(256,256,4,1),  m(256,1,1,1): 1 x 14.24 us = 14.24 us (441.816 GFLOPS/s)
GET_ROWS: 3 x 5.2 us = 15.6 us
GLU: 1 x 2 us = 2 us
MUL_MAT f32 m=256 n=24 k=256: 1 x 1.6 us = 1.6 us (1962.24 GFLOPS/s)
MUL_MAT f32 m=64 n=16 k=64: 1 x 1.92 us = 1.92 us (67.7333 GFLOPS/s)
MUL_MAT f32 m=64 n=96 k=64: 1 x 3.56 us = 3.56 us (219.182 GFLOPS/s)
MUL_MAT_ADD MUL_MAT_VEC q6_K m=5120 n=1 k=17408: 1 x 123.4 us = 123.4 us (1444.51 GFLOPS/s)
MUL_MAT_ADD MUL_MAT_VEC q6_K m=5120 n=1 k=6144: 1 x 48.32 us = 48.32 us (1301.93 GFLOPS/s)
MUL_MAT_VEC f32 m=256 n=4 k=256: 1 x 3.32 us = 3.32 us (157.61 GFLOPS/s)
MUL_MAT_VEC q6_K m=1024 n=1 k=5120: 2 x 9.06 us = 18.12 us (1157.26 GFLOPS/s)
MUL_MAT_VEC q6_K m=12288 n=1 k=5120: 1 x 90.52 us = 90.52 us (1389.93 GFLOPS/s)
MUL_MAT_VEC q6_K m=17408 n=1 k=5120: 2 x 121.48 us = 242.96 us (1467.24 GFLOPS/s)
MUL_MAT_VEC q6_K m=98304 n=1 k=5120: 1 x 673.06 us = 673.06 us (1495.46 GFLOPS/s)
MUL_MAT_VEC q8_0 m=5120 n=1 k=10240: 1 x 98.08 us = 98.08 us (1069.05 GFLOPS/s)
PAD: 1 x 6.76 us = 6.76 us
RMS_NORM_MUL RMS_NORM(256,24,1,1): 1 x 6.52 us = 6.52 us
RMS_NORM_MUL RMS_NORM(256,4,1,1): 1 x 5.44 us = 5.44 us
RMS_NORM_MUL RMS_NORM(5120,1,1,1): 5 x 4.552 us = 22.76 us
ROPE: 2 x 3.72 us = 7.44 us
SET_ROWS: 2 x 3.04 us = 6.08 us
SIGMOID_MUL SIGMOID: 1 x 1.68 us = 1.68 us
TOP_K K=10 (98304,1,1,1): 1 x 9.6 us = 9.6 us
Total time: 1408.66 us.
----------------
Vulkan Timings:
CONCAT: 1 x 1.72 us = 1.72 us
CONT: 1 x 3.84 us = 3.84 us
FLASH_ATTN_EXT dst(256,24,1,1),  q(256,1,24,1),  k(256,256,4,1),  v(256,256,4,1),  m(256,1,1,1): 1 x 14.08 us = 14.08 us (446.836 GFLOPS/s)
GET_ROWS: 3 x 5.066 us = 15.2 us
GLU: 1 x 1.88 us = 1.88 us
MUL_MAT f32 m=256 n=24 k=256: 1 x 1.68 us = 1.68 us (1868.8 GFLOPS/s)
MUL_MAT f32 m=64 n=16 k=64: 1 x 3.88 us = 3.88 us (33.5175 GFLOPS/s)
MUL_MAT f32 m=64 n=96 k=64: 1 x 3.88 us = 3.88 us (201.105 GFLOPS/s)
MUL_MAT_ADD MUL_MAT_VEC q6_K m=5120 n=1 k=17408: 1 x 123.24 us = 123.24 us (1446.39 GFLOPS/s)
MUL_MAT_ADD MUL_MAT_VEC q6_K m=5120 n=1 k=6144: 1 x 54.28 us = 54.28 us (1158.98 GFLOPS/s)
MUL_MAT_VEC f32 m=256 n=4 k=256: 1 x 3.28 us = 3.28 us (159.532 GFLOPS/s)
MUL_MAT_VEC q6_K m=1024 n=1 k=5120: 2 x 7.04 us = 14.08 us (1489.31 GFLOPS/s)
MUL_MAT_VEC q6_K m=12288 n=1 k=5120: 1 x 93.12 us = 93.12 us (1351.13 GFLOPS/s)
MUL_MAT_VEC q6_K m=17408 n=1 k=5120: 2 x 121.8 us = 243.6 us (1463.39 GFLOPS/s)
MUL_MAT_VEC q6_K m=98304 n=1 k=5120: 1 x 675.08 us = 675.08 us (1490.99 GFLOPS/s)
MUL_MAT_VEC q8_0 m=5120 n=1 k=10240: 1 x 102.16 us = 102.16 us (1026.36 GFLOPS/s)
PAD: 1 x 6.6 us = 6.6 us
RMS_NORM_MUL RMS_NORM(256,24,1,1): 1 x 3.92 us = 3.92 us
RMS_NORM_MUL RMS_NORM(256,4,1,1): 1 x 3.84 us = 3.84 us
RMS_NORM_MUL RMS_NORM(5120,1,1,1): 5 x 3.936 us = 19.68 us
ROPE: 2 x 3.9 us = 7.8 us
SET_ROWS: 2 x 3.02 us = 6.04 us
SIGMOID_MUL SIGMOID: 1 x 1.72 us = 1.72 us
TOP_K K=10 (98304,1,1,1): 1 x 9.32 us = 9.32 us
Total time: 1413.92 us.
----------------
Vulkan Timings:
CONCAT: 1 x 1.96 us = 1.96 us
CONT: 1 x 3.8 us = 3.8 us
FLASH_ATTN_EXT dst(256,24,1,1),  q(256,1,24,1),  k(256,256,4,1),  v(256,256,4,1),  m(256,1,1,1): 1 x 13.92 us = 13.92 us (451.972 GFLOPS/s)
GET_ROWS: 3 x 5.066 us = 15.2 us
GLU: 1 x 1.8 us = 1.8 us
MUL_MAT f32 m=256 n=24 k=256: 1 x 1.68 us = 1.68 us (1868.8 GFLOPS/s)
MUL_MAT f32 m=64 n=16 k=64: 1 x 3.84 us = 3.84 us (33.8667 GFLOPS/s)
MUL_MAT f32 m=64 n=96 k=64: 1 x 3.76 us = 3.76 us (207.523 GFLOPS/s)
MUL_MAT_ADD MUL_MAT_VEC q6_K m=5120 n=1 k=17408: 1 x 123.36 us = 123.36 us (1444.98 GFLOPS/s)
MUL_MAT_ADD MUL_MAT_VEC q6_K m=5120 n=1 k=6144: 1 x 53.4 us = 53.4 us (1178.08 GFLOPS/s)
MUL_MAT_VEC f32 m=256 n=4 k=256: 1 x 3.2 us = 3.2 us (163.52 GFLOPS/s)
MUL_MAT_VEC q6_K m=1024 n=1 k=5120: 2 x 8.78 us = 17.56 us (1194.16 GFLOPS/s)
MUL_MAT_VEC q6_K m=12288 n=1 k=5120: 1 x 85.44 us = 85.44 us (1472.58 GFLOPS/s)
MUL_MAT_VEC q6_K m=17408 n=1 k=5120: 2 x 121.44 us = 242.88 us (1467.72 GFLOPS/s)
MUL_MAT_VEC q6_K m=98304 n=1 k=5120: 1 x 673.99 us = 673.99 us (1493.4 GFLOPS/s)
MUL_MAT_VEC q8_0 m=5120 n=1 k=10240: 1 x 101.28 us = 101.28 us (1035.27 GFLOPS/s)
PAD: 1 x 6.56 us = 6.56 us
RMS_NORM_MUL RMS_NORM(256,24,1,1): 1 x 5.68 us = 5.68 us
RMS_NORM_MUL RMS_NORM(256,4,1,1): 1 x 3.8 us = 3.8 us
RMS_NORM_MUL RMS_NORM(5120,1,1,1): 5 x 3.816 us = 19.08 us
ROPE: 2 x 3.8 us = 7.6 us
SET_ROWS: 2 x 3.04 us = 6.08 us
SIGMOID_MUL SIGMOID: 1 x 1.68 us = 1.68 us
TOP_K K=10 (98304,1,1,1): 1 x 9.08 us = 9.08 us
Total time: 1406.63 us.
----------------
Vulkan Timings:
CONCAT: 1 x 1.68 us = 1.68 us
CONT: 1 x 3.72 us = 3.72 us
FLASH_ATTN_EXT dst(256,24,1,1),  q(256,1,24,1),  k(256,256,4,1),  v(256,256,4,1),  m(256,1,1,1): 1 x 13.84 us = 13.84 us (454.585 GFLOPS/s)
GET_ROWS: 3 x 5 us = 15 us
GLU: 1 x 1.72 us = 1.72 us
MUL_MAT f32 m=256 n=24 k=256: 1 x 1.64 us = 1.64 us (1914.38 GFLOPS/s)
MUL_MAT f32 m=64 n=16 k=64: 1 x 3.72 us = 3.72 us (34.9591 GFLOPS/s)
MUL_MAT f32 m=64 n=96 k=64: 1 x 3.76 us = 3.76 us (207.523 GFLOPS/s)
MUL_MAT_ADD MUL_MAT_VEC q6_K m=5120 n=1 k=17408: 1 x 122.4 us = 122.4 us (1456.31 GFLOPS/s)
MUL_MAT_ADD MUL_MAT_VEC q6_K m=5120 n=1 k=6144: 1 x 53.16 us = 53.16 us (1183.4 GFLOPS/s)
MUL_MAT_VEC f32 m=256 n=4 k=256: 1 x 3.16 us = 3.16 us (165.59 GFLOPS/s)
MUL_MAT_VEC q6_K m=1024 n=1 k=5120: 2 x 8.88 us = 17.76 us (1180.71 GFLOPS/s)
MUL_MAT_VEC q6_K m=12288 n=1 k=5120: 1 x 85.8 us = 85.8 us (1466.4 GFLOPS/s)
MUL_MAT_VEC q6_K m=17408 n=1 k=5120: 2 x 121.46 us = 242.92 us (1467.48 GFLOPS/s)
MUL_MAT_VEC q6_K m=98304 n=1 k=5120: 1 x 669.6 us = 669.6 us (1503.19 GFLOPS/s)
MUL_MAT_VEC q8_0 m=5120 n=1 k=10240: 1 x 102.68 us = 102.68 us (1021.16 GFLOPS/s)
PAD: 1 x 6.52 us = 6.52 us
RMS_NORM_MUL RMS_NORM(256,24,1,1): 1 x 5.64 us = 5.64 us
RMS_NORM_MUL RMS_NORM(256,4,1,1): 1 x 3.76 us = 3.76 us
RMS_NORM_MUL RMS_NORM(5120,1,1,1): 5 x 3.752 us = 18.76 us
ROPE: 2 x 3.74 us = 7.48 us
SET_ROWS: 2 x 2.98 us = 5.96 us
SIGMOID_MUL SIGMOID: 1 x 1.64 us = 1.64 us
TOP_K K=10 (98304,1,1,1): 1 x 9.36 us = 9.36 us
Total time: 1401.68 us.
----------------
Vulkan Timings:
ADD: 48 x 4.129 us = 198.2 us
CONT: 16 x 4.022 us = 64.36 us
FLASH_ATTN_EXT dst(256,24,5,1),  q(256,5,24,1),  k(256,256,4,1),  v(256,256,4,1),  m(256,5,1,1): 16 x 24.07 us = 385.12 us (1306.91 GFLOPS/s)
GDN_CACHE GATED_DELTA_NET: 48 x 14.09 us = 676.32 us
GDN_CONV_STATE CONCAT: 48 x 3.091 us = 148.4 us
GET_ROWS: 3 x 12.093 us = 36.28 us
GLU: 64 x 2.265 us = 145 us
MUL_MAT f32 m=256 n=120 k=256: 16 x 1.782 us = 28.52 us (8806.69 GFLOPS/s)
MUL_MAT f32 m=256 n=20 k=256: 16 x 3.422 us = 54.76 us (764.447 GFLOPS/s)
MUL_MAT f32 m=64 n=480 k=64: 16 x 4.002 us = 64.04 us (974.751 GFLOPS/s)
MUL_MAT f32 m=64 n=80 k=64: 16 x 3.985 us = 63.76 us (163.172 GFLOPS/s)
MUL_MAT_ADD MUL_MAT_VEC q6_K m=5120 n=5 k=17408: 64 x 130.668 us = 8362.76 us (6820.82 GFLOPS/s)
MUL_MAT_ADD MUL_MAT_VEC q6_K m=5120 n=5 k=6144: 16 x 55.827 us = 893.24 us (5634.27 GFLOPS/s)
MUL_MAT_GROUP MUL_MAT_VEC q6_K m=10240 n=5 k=5120: 47 x 118.668 us = 5577.4 us (4417.67 GFLOPS/s)
MUL_MAT_GROUP MUL_MAT_VEC q6_K m=12288 n=5 k=5120: 16 x 104.887 us = 1678.2 us (5997.7 GFLOPS/s)
MUL_MAT_GROUP MUL_MAT_VEC q6_K m=17408 n=5 k=5120: 64 x 267.708 us = 17133.3 us (3329.01 GFLOPS/s)
MUL_MAT_VEC f32 m=48 n=5 k=5120: 96 x 6.922 us = 664.56 us (354.982 GFLOPS/s)
MUL_MAT_VEC q6_K m=10240 n=5 k=5120: 1 x 79.8 us = 79.8 us (6569.38 GFLOPS/s)
MUL_MAT_VEC q6_K m=248320 n=5 k=5120: 1 x 1686.32 us = 1686.32 us (7538.75 GFLOPS/s)
MUL_MAT_VEC q6_K m=6144 n=5 k=5120: 1 x 51.2 us = 51.2 us (6143.4 GFLOPS/s)
MUL_MAT_VEC q8_0 m=5120 n=5 k=6144: 48 x 61.133 us = 2934.4 us (5145.26 GFLOPS/s)
RMS_NORM_MUL RMS_NORM(256,24,5,1): 16 x 4.145 us = 66.32 us
RMS_NORM_MUL RMS_NORM(256,4,5,1): 16 x 3.925 us = 62.8 us
RMS_NORM_MUL RMS_NORM(5120,5,1,1): 129 x 4.574 us = 590.16 us
RMS_NORM_MUL_SILU_MUL RMS_NORM(128,48,5,1): 48 x 6.378 us = 306.16 us
RMS_NORM_SCALE RMS_NORM(128,16,5,1): 96 x 2.58 us = 247.72 us
ROPE: 32 x 3.975 us = 127.2 us
SET_ROWS: 32 x 3.133 us = 100.28 us
SIGMOID_MUL SIGMOID: 16 x 4.02 us = 64.32 us
SSM_CONV_SILU SSM_CONV: 48 x 5.15 us = 247.24 us
Total time: 42738.2 us.
----------------
Vulkan Timings:
CONCAT: 1 x 3.8 us = 3.8 us
CONT: 1 x 4.12 us = 4.12 us
FLASH_ATTN_EXT dst(256,24,5,1),  q(256,5,24,1),  k(256,256,4,1),  v(256,256,4,1),  m(256,5,1,1): 1 x 24.76 us = 24.76 us (1270.49 GFLOPS/s)
GET_ROWS: 1 x 7.44 us = 7.44 us
GLU: 1 x 1.84 us = 1.84 us
MUL_MAT f32 m=256 n=120 k=256: 1 x 1.92 us = 1.92 us (8176 GFLOPS/s)
MUL_MAT f32 m=256 n=20 k=256: 1 x 3.48 us = 3.48 us (751.816 GFLOPS/s)
MUL_MAT f32 m=64 n=480 k=64: 1 x 4.12 us = 4.12 us (946.951 GFLOPS/s)
MUL_MAT f32 m=64 n=80 k=64: 1 x 4.12 us = 4.12 us (157.825 GFLOPS/s)
MUL_MAT_ADD MUL_MAT_VEC q6_K m=5120 n=5 k=17408: 1 x 158.73 us = 158.73 us (5614.97 GFLOPS/s)
MUL_MAT_ADD MUL_MAT_VEC q6_K m=5120 n=5 k=6144: 1 x 57.52 us = 57.52 us (5468.48 GFLOPS/s)
MUL_MAT_GROUP MUL_MAT_VEC q6_K m=12288 n=5 k=5120: 1 x 136.96 us = 136.96 us (4593.2 GFLOPS/s)
MUL_MAT_GROUP MUL_MAT_VEC q6_K m=17408 n=5 k=5120: 1 x 256.64 us = 256.64 us (3472.58 GFLOPS/s)
MUL_MAT_VEC q8_0 m=5120 n=5 k=10240: 1 x 107.4 us = 107.4 us (4881.4 GFLOPS/s)
RMS_NORM_MUL RMS_NORM(256,24,5,1): 1 x 4.04 us = 4.04 us
RMS_NORM_MUL RMS_NORM(256,4,5,1): 1 x 4.12 us = 4.12 us
RMS_NORM_MUL RMS_NORM(5120,5,1,1): 5 x 9.33 us = 46.65 us
ROPE: 2 x 4.1 us = 8.2 us
SET_ROWS: 2 x 3.22 us = 6.44 us
SIGMOID_MUL SIGMOID: 1 x 4.16 us = 4.16 us
Total time: 846.46 us.
----------------
Vulkan Timings:
CONCAT: 1 x 1.76 us = 1.76 us
CONT: 1 x 3.68 us = 3.68 us
FLASH_ATTN_EXT dst(256,24,1,1),  q(256,1,24,1),  k(256,256,4,1),  v(256,256,4,1),  m(256,1,1,1): 1 x 13.96 us = 13.96 us (450.677 GFLOPS/s)
GET_ROWS: 3 x 5.093 us = 15.28 us
GLU: 1 x 1.72 us = 1.72 us
MUL_MAT f32 m=256 n=24 k=256: 1 x 1.56 us = 1.56 us (2012.55 GFLOPS/s)
MUL_MAT f32 m=64 n=16 k=64: 1 x 1.88 us = 1.88 us (69.1745 GFLOPS/s)
MUL_MAT f32 m=64 n=96 k=64: 1 x 3.4 us = 3.4 us (229.496 GFLOPS/s)
MUL_MAT_ADD MUL_MAT_VEC q6_K m=5120 n=1 k=17408: 1 x 123.72 us = 123.72 us (1440.78 GFLOPS/s)
MUL_MAT_ADD MUL_MAT_VEC q6_K m=5120 n=1 k=6144: 1 x 47.84 us = 47.84 us (1315 GFLOPS/s)
MUL_MAT_VEC f32 m=256 n=4 k=256: 1 x 3.16 us = 3.16 us (165.59 GFLOPS/s)
MUL_MAT_VEC q6_K m=1024 n=1 k=5120: 2 x 8.8 us = 17.6 us (1191.45 GFLOPS/s)
MUL_MAT_VEC q6_K m=12288 n=1 k=5120: 1 x 90.48 us = 90.48 us (1390.55 GFLOPS/s)
MUL_MAT_VEC q6_K m=17408 n=1 k=5120: 2 x 121.46 us = 242.92 us (1467.48 GFLOPS/s)
MUL_MAT_VEC q6_K m=98304 n=1 k=5120: 1 x 675.14 us = 675.14 us (1490.85 GFLOPS/s)
MUL_MAT_VEC q8_0 m=5120 n=1 k=10240: 1 x 98.4 us = 98.4 us (1065.57 GFLOPS/s)
PAD: 1 x 6.56 us = 6.56 us
RMS_NORM_MUL RMS_NORM(256,24,1,1): 1 x 6.08 us = 6.08 us
RMS_NORM_MUL RMS_NORM(256,4,1,1): 1 x 5.12 us = 5.12 us
RMS_NORM_MUL RMS_NORM(5120,1,1,1): 5 x 4.416 us = 22.08 us
ROPE: 2 x 3.46 us = 6.92 us
SET_ROWS: 2 x 2.9 us = 5.8 us
SIGMOID_MUL SIGMOID: 1 x 1.72 us = 1.72 us
TOP_K K=10 (98304,1,1,1): 1 x 9.16 us = 9.16 us
Total time: 1405.94 us.
----------------
Vulkan Timings:
CONCAT: 1 x 1.76 us = 1.76 us
CONT: 1 x 3.72 us = 3.72 us
FLASH_ATTN_EXT dst(256,24,1,1),  q(256,1,24,1),  k(256,256,4,1),  v(256,256,4,1),  m(256,1,1,1): 1 x 14.12 us = 14.12 us (445.571 GFLOPS/s)
GET_ROWS: 3 x 4.92 us = 14.76 us
GLU: 1 x 1.8 us = 1.8 us
MUL_MAT f32 m=256 n=24 k=256: 1 x 1.72 us = 1.72 us (1825.34 GFLOPS/s)
MUL_MAT f32 m=64 n=16 k=64: 1 x 3.72 us = 3.72 us (34.9591 GFLOPS/s)
MUL_MAT f32 m=64 n=96 k=64: 1 x 3.72 us = 3.72 us (209.755 GFLOPS/s)
MUL_MAT_ADD MUL_MAT_VEC q6_K m=5120 n=1 k=17408: 1 x 123.32 us = 123.32 us (1445.45 GFLOPS/s)
MUL_MAT_ADD MUL_MAT_VEC q6_K m=5120 n=1 k=6144: 1 x 54.36 us = 54.36 us (1157.27 GFLOPS/s)
MUL_MAT_VEC f32 m=256 n=4 k=256: 1 x 3.12 us = 3.12 us (167.713 GFLOPS/s)
MUL_MAT_VEC q6_K m=1024 n=1 k=5120: 2 x 6.9 us = 13.8 us (1519.53 GFLOPS/s)
MUL_MAT_VEC q6_K m=12288 n=1 k=5120: 1 x 93.12 us = 93.12 us (1351.13 GFLOPS/s)
MUL_MAT_VEC q6_K m=17408 n=1 k=5120: 2 x 121.5 us = 243 us (1467 GFLOPS/s)
MUL_MAT_VEC q6_K m=98304 n=1 k=5120: 1 x 674.79 us = 674.79 us (1491.63 GFLOPS/s)
MUL_MAT_VEC q8_0 m=5120 n=1 k=10240: 1 x 102.2 us = 102.2 us (1025.95 GFLOPS/s)
PAD: 1 x 8.64 us = 8.64 us
RMS_NORM_MUL RMS_NORM(256,24,1,1): 1 x 3.72 us = 3.72 us
RMS_NORM_MUL RMS_NORM(256,4,1,1): 1 x 3.68 us = 3.68 us
RMS_NORM_MUL RMS_NORM(5120,1,1,1): 5 x 3.896 us = 19.48 us
ROPE: 2 x 3.66 us = 7.32 us
SET_ROWS: 2 x 2.96 us = 5.92 us
SIGMOID_MUL SIGMOID: 1 x 1.72 us = 1.72 us
TOP_K K=10 (98304,1,1,1): 1 x 6.72 us = 6.72 us
Total time: 1410.23 us.
----------------
Vulkan Timings:
CONCAT: 1 x 1.68 us = 1.68 us
CONT: 1 x 3.64 us = 3.64 us
FLASH_ATTN_EXT dst(256,24,1,1),  q(256,1,24,1),  k(256,256,4,1),  v(256,256,4,1),  m(256,1,1,1): 1 x 13.88 us = 13.88 us (453.275 GFLOPS/s)
GET_ROWS: 3 x 4.866 us = 14.6 us
GLU: 1 x 1.76 us = 1.76 us
MUL_MAT f32 m=256 n=24 k=256: 1 x 1.68 us = 1.68 us (1868.8 GFLOPS/s)
MUL_MAT f32 m=64 n=16 k=64: 1 x 3.64 us = 3.64 us (35.7275 GFLOPS/s)
MUL_MAT f32 m=64 n=96 k=64: 1 x 3.64 us = 3.64 us (214.365 GFLOPS/s)
MUL_MAT_ADD MUL_MAT_VEC q6_K m=5120 n=1 k=17408: 1 x 123.2 us = 123.2 us (1446.86 GFLOPS/s)
MUL_MAT_ADD MUL_MAT_VEC q6_K m=5120 n=1 k=6144: 1 x 53.2 us = 53.2 us (1182.51 GFLOPS/s)
MUL_MAT_VEC f32 m=256 n=4 k=256: 1 x 3.04 us = 3.04 us (172.126 GFLOPS/s)
MUL_MAT_VEC q6_K m=1024 n=1 k=5120: 2 x 6.84 us = 13.68 us (1532.86 GFLOPS/s)
MUL_MAT_VEC q6_K m=12288 n=1 k=5120: 1 x 93.4 us = 93.4 us (1347.08 GFLOPS/s)
MUL_MAT_VEC q6_K m=17408 n=1 k=5120: 2 x 121.62 us = 243.24 us (1465.55 GFLOPS/s)
MUL_MAT_VEC q6_K m=98304 n=1 k=5120: 1 x 673.59 us = 673.59 us (1494.28 GFLOPS/s)
MUL_MAT_VEC q8_0 m=5120 n=1 k=10240: 1 x 101.4 us = 101.4 us (1034.05 GFLOPS/s)
PAD: 1 x 6.32 us = 6.32 us
RMS_NORM_MUL RMS_NORM(256,24,1,1): 1 x 3.68 us = 3.68 us
RMS_NORM_MUL RMS_NORM(256,4,1,1): 1 x 3.64 us = 3.64 us
RMS_NORM_MUL RMS_NORM(5120,1,1,1): 5 x 3.816 us = 19.08 us
ROPE: 2 x 3.66 us = 7.32 us
SET_ROWS: 2 x 2.92 us = 5.84 us
SIGMOID_MUL SIGMOID: 1 x 1.64 us = 1.64 us
TOP_K K=10 (98304,1,1,1): 1 x 9 us = 9 us
Total time: 1405.79 us.
----------------
Vulkan Timings:
CONCAT: 1 x 1.64 us = 1.64 us
CONT: 1 x 3.56 us = 3.56 us
FLASH_ATTN_EXT dst(256,24,1,1),  q(256,1,24,1),  k(256,256,4,1),  v(256,256,4,1),  m(256,1,1,1): 1 x 13.68 us = 13.68 us (459.902 GFLOPS/s)
GET_ROWS: 3 x 4.866 us = 14.6 us
GLU: 1 x 1.76 us = 1.76 us
MUL_MAT f32 m=256 n=24 k=256: 1 x 1.6 us = 1.6 us (1962.24 GFLOPS/s)
MUL_MAT f32 m=64 n=16 k=64: 1 x 3.6 us = 3.6 us (36.1244 GFLOPS/s)
MUL_MAT f32 m=64 n=96 k=64: 1 x 3.6 us = 3.6 us (216.747 GFLOPS/s)
MUL_MAT_ADD MUL_MAT_VEC q6_K m=5120 n=1 k=17408: 1 x 124.24 us = 124.24 us (1434.75 GFLOPS/s)
MUL_MAT_ADD MUL_MAT_VEC q6_K m=5120 n=1 k=6144: 1 x 53.16 us = 53.16 us (1183.4 GFLOPS/s)
MUL_MAT_VEC f32 m=256 n=4 k=256: 1 x 3.04 us = 3.04 us (172.126 GFLOPS/s)
MUL_MAT_VEC q6_K m=1024 n=1 k=5120: 2 x 6.82 us = 13.64 us (1537.35 GFLOPS/s)
MUL_MAT_VEC q6_K m=12288 n=1 k=5120: 1 x 92.84 us = 92.84 us (1355.2 GFLOPS/s)
MUL_MAT_VEC q6_K m=17408 n=1 k=5120: 2 x 121.78 us = 243.56 us (1463.63 GFLOPS/s)
MUL_MAT_VEC q6_K m=98304 n=1 k=5120: 1 x 672.9 us = 672.9 us (1495.82 GFLOPS/s)
MUL_MAT_VEC q8_0 m=5120 n=1 k=10240: 1 x 100.48 us = 100.48 us (1043.52 GFLOPS/s)
PAD: 1 x 6.4 us = 6.4 us
RMS_NORM_MUL RMS_NORM(256,24,1,1): 1 x 3.64 us = 3.64 us
RMS_NORM_MUL RMS_NORM(256,4,1,1): 1 x 3.52 us = 3.52 us
RMS_NORM_MUL RMS_NORM(5120,1,1,1): 5 x 3.76 us = 18.8 us
ROPE: 2 x 3.56 us = 7.12 us
SET_ROWS: 2 x 2.88 us = 5.76 us
SIGMOID_MUL SIGMOID: 1 x 2.64 us = 2.64 us
TOP_K K=10 (98304,1,1,1): 1 x 8.84 us = 8.84 us
Total time: 1404.62 us.
----------------
Vulkan Timings:
ADD: 48 x 3.945 us = 189.4 us
CONT: 16 x 3.812 us = 61 us
FLASH_ATTN_EXT dst(256,24,5,1),  q(256,5,24,1),  k(256,256,4,1),  v(256,256,4,1),  m(256,5,1,1): 16 x 23.855 us = 381.68 us (1318.69 GFLOPS/s)
GDN_CACHE GATED_DELTA_NET: 48 x 14.47 us = 694.6 us
GDN_CONV_STATE CONCAT: 48 x 3.223 us = 154.72 us
GET_ROWS: 3 x 11.786 us = 35.36 us
GLU: 64 x 2.22 us = 142.08 us
MUL_MAT f32 m=256 n=120 k=256: 16 x 1.76 us = 28.16 us (8919.27 GFLOPS/s)
MUL_MAT f32 m=256 n=20 k=256: 16 x 3.085 us = 49.36 us (848.078 GFLOPS/s)
MUL_MAT f32 m=64 n=480 k=64: 16 x 3.815 us = 61.04 us (1022.66 GFLOPS/s)
MUL_MAT f32 m=64 n=80 k=64: 16 x 3.807 us = 60.92 us (170.779 GFLOPS/s)
MUL_MAT_ADD MUL_MAT_VEC q6_K m=5120 n=5 k=17408: 64 x 130.102 us = 8326.56 us (6850.48 GFLOPS/s)
MUL_MAT_ADD MUL_MAT_VEC q6_K m=5120 n=5 k=6144: 16 x 55.852 us = 893.64 us (5631.75 GFLOPS/s)
MUL_MAT_GROUP MUL_MAT_VEC q6_K m=10240 n=5 k=5120: 47 x 118.508 us = 5569.88 us (4423.64 GFLOPS/s)
MUL_MAT_GROUP MUL_MAT_VEC q6_K m=12288 n=5 k=5120: 16 x 104.585 us = 1673.36 us (6015.05 GFLOPS/s)
MUL_MAT_GROUP MUL_MAT_VEC q6_K m=17408 n=5 k=5120: 64 x 266.976 us = 17086.5 us (3338.13 GFLOPS/s)
MUL_MAT_VEC f32 m=48 n=5 k=5120: 96 x 6.568 us = 630.6 us (374.099 GFLOPS/s)
MUL_MAT_VEC q6_K m=10240 n=5 k=5120: 1 x 80.12 us = 80.12 us (6543.15 GFLOPS/s)
MUL_MAT_VEC q6_K m=248320 n=5 k=5120: 1 x 1687.12 us = 1687.12 us (7535.17 GFLOPS/s)
MUL_MAT_VEC q6_K m=6144 n=5 k=5120: 1 x 50.28 us = 50.28 us (6255.81 GFLOPS/s)
MUL_MAT_VEC q8_0 m=5120 n=5 k=6144: 48 x 61.06 us = 2930.88 us (5151.44 GFLOPS/s)
RMS_NORM_MUL RMS_NORM(256,24,5,1): 16 x 3.925 us = 62.8 us
RMS_NORM_MUL RMS_NORM(256,4,5,1): 16 x 3.732 us = 59.72 us
RMS_NORM_MUL RMS_NORM(5120,5,1,1): 129 x 4.446 us = 573.6 us
RMS_NORM_MUL_SILU_MUL RMS_NORM(128,48,5,1): 48 x 6.004 us = 288.2 us
RMS_NORM_SCALE RMS_NORM(128,16,5,1): 96 x 2.503 us = 240.36 us
ROPE: 32 x 3.788 us = 121.24 us
SET_ROWS: 32 x 3.128 us = 100.12 us
SIGMOID_MUL SIGMOID: 16 x 3.84 us = 61.44 us
SSM_CONV_SILU SSM_CONV: 48 x 4.973 us = 238.72 us
Total time: 42533.4 us.
----------------
Vulkan Timings:
CONCAT: 1 x 4 us = 4 us
CONT: 1 x 3.88 us = 3.88 us
FLASH_ATTN_EXT dst(256,24,5,1),  q(256,5,24,1),  k(256,256,4,1),  v(256,256,4,1),  m(256,5,1,1): 1 x 24.44 us = 24.44 us (1287.12 GFLOPS/s)
GET_ROWS: 1 x 7.12 us = 7.12 us
GLU: 1 x 1.84 us = 1.84 us
MUL_MAT f32 m=256 n=120 k=256: 1 x 1.84 us = 1.84 us (8531.48 GFLOPS/s)
MUL_MAT f32 m=256 n=20 k=256: 1 x 3.32 us = 3.32 us (788.048 GFLOPS/s)
MUL_MAT f32 m=64 n=480 k=64: 1 x 3.84 us = 3.84 us (1016 GFLOPS/s)
MUL_MAT f32 m=64 n=80 k=64: 1 x 4 us = 4 us (162.56 GFLOPS/s)
MUL_MAT_ADD MUL_MAT_VEC q6_K m=5120 n=5 k=17408: 1 x 157.19 us = 157.19 us (5669.98 GFLOPS/s)
MUL_MAT_ADD MUL_MAT_VEC q6_K m=5120 n=5 k=6144: 1 x 56.08 us = 56.08 us (5608.9 GFLOPS/s)
MUL_MAT_GROUP MUL_MAT_VEC q6_K m=12288 n=5 k=5120: 1 x 131.97 us = 131.97 us (4766.87 GFLOPS/s)
MUL_MAT_GROUP MUL_MAT_VEC q6_K m=17408 n=5 k=5120: 1 x 255.24 us = 255.24 us (3491.63 GFLOPS/s)
MUL_MAT_VEC q8_0 m=5120 n=5 k=10240: 1 x 108.8 us = 108.8 us (4818.59 GFLOPS/s)
RMS_NORM_MUL RMS_NORM(256,24,5,1): 1 x 3.88 us = 3.88 us
RMS_NORM_MUL RMS_NORM(256,4,5,1): 1 x 3.92 us = 3.92 us
RMS_NORM_MUL RMS_NORM(5120,5,1,1): 5 x 13.184 us = 65.92 us
ROPE: 2 x 3.94 us = 7.88 us
SET_ROWS: 2 x 3.1 us = 6.2 us
SIGMOID_MUL SIGMOID: 1 x 3.88 us = 3.88 us
Total time: 855.24 us.
----------------
Vulkan Timings:
CONCAT: 1 x 1.72 us = 1.72 us
CONT: 1 x 3.8 us = 3.8 us
FLASH_ATTN_EXT dst(256,24,1,1),  q(256,1,24,1),  k(256,256,4,1),  v(256,256,4,1),  m(256,1,1,1): 1 x 14.04 us = 14.04 us (448.109 GFLOPS/s)
GET_ROWS: 3 x 5.146 us = 15.44 us
GLU: 1 x 1.68 us = 1.68 us
MUL_MAT f32 m=256 n=24 k=256: 1 x 1.56 us = 1.56 us (2012.55 GFLOPS/s)
MUL_MAT f32 m=64 n=16 k=64: 1 x 1.88 us = 1.88 us (69.1745 GFLOPS/s)
MUL_MAT f32 m=64 n=96 k=64: 1 x 3.48 us = 3.48 us (224.221 GFLOPS/s)
MUL_MAT_ADD MUL_MAT_VEC q6_K m=5120 n=1 k=17408: 1 x 124.04 us = 124.04 us (1437.06 GFLOPS/s)
MUL_MAT_ADD MUL_MAT_VEC q6_K m=5120 n=1 k=6144: 1 x 47.88 us = 47.88 us (1313.9 GFLOPS/s)
MUL_MAT_VEC f32 m=256 n=4 k=256: 1 x 3.32 us = 3.32 us (157.61 GFLOPS/s)
MUL_MAT_VEC q6_K m=1024 n=1 k=5120: 2 x 8.9 us = 17.8 us (1178.06 GFLOPS/s)
MUL_MAT_VEC q6_K m=12288 n=1 k=5120: 1 x 90.2 us = 90.2 us (1394.87 GFLOPS/s)
MUL_MAT_VEC q6_K m=17408 n=1 k=5120: 2 x 121.12 us = 242.24 us (1471.6 GFLOPS/s)
MUL_MAT_VEC q6_K m=98304 n=1 k=5120: 1 x 675.88 us = 675.88 us (1489.22 GFLOPS/s)
MUL_MAT_VEC q8_0 m=5120 n=1 k=10240: 1 x 98.24 us = 98.24 us (1067.31 GFLOPS/s)
PAD: 1 x 6.68 us = 6.68 us
RMS_NORM_MUL RMS_NORM(256,24,1,1): 1 x 6.4 us = 6.4 us
RMS_NORM_MUL RMS_NORM(256,4,1,1): 1 x 5.4 us = 5.4 us
RMS_NORM_MUL RMS_NORM(5120,1,1,1): 5 x 4.512 us = 22.56 us
ROPE: 2 x 3.62 us = 7.24 us
SET_ROWS: 2 x 3 us = 6 us
SIGMOID_MUL SIGMOID: 1 x 1.64 us = 1.64 us
TOP_K K=10 (98304,1,1,1): 1 x 9.32 us = 9.32 us
Total time: 1408.44 us.
----------------
Vulkan Timings:
CONCAT: 1 x 1.68 us = 1.68 us
CONT: 1 x 3.88 us = 3.88 us
FLASH_ATTN_EXT dst(256,24,1,1),  q(256,1,24,1),  k(256,256,4,1),  v(256,256,4,1),  m(256,1,1,1): 1 x 14.04 us = 14.04 us (448.109 GFLOPS/s)
GET_ROWS: 3 x 5 us = 15 us
GLU: 1 x 1.8 us = 1.8 us
MUL_MAT f32 m=256 n=24 k=256: 1 x 1.64 us = 1.64 us (1914.38 GFLOPS/s)
MUL_MAT f32 m=64 n=16 k=64: 1 x 3.84 us = 3.84 us (33.8667 GFLOPS/s)
MUL_MAT f32 m=64 n=96 k=64: 1 x 3.84 us = 3.84 us (203.2 GFLOPS/s)
MUL_MAT_ADD MUL_MAT_VEC q6_K m=5120 n=1 k=17408: 1 x 123.32 us = 123.32 us (1445.45 GFLOPS/s)
MUL_MAT_ADD MUL_MAT_VEC q6_K m=5120 n=1 k=6144: 1 x 54 us = 54 us (1164.99 GFLOPS/s)
MUL_MAT_VEC f32 m=256 n=4 k=256: 1 x 3.24 us = 3.24 us (161.501 GFLOPS/s)
MUL_MAT_VEC q6_K m=1024 n=1 k=5120: 2 x 8.88 us = 17.76 us (1180.71 GFLOPS/s)
MUL_MAT_VEC q6_K m=12288 n=1 k=5120: 1 x 85.64 us = 85.64 us (1469.14 GFLOPS/s)
MUL_MAT_VEC q6_K m=17408 n=1 k=5120: 2 x 121.72 us = 243.44 us (1464.35 GFLOPS/s)
MUL_MAT_VEC q6_K m=98304 n=1 k=5120: 1 x 674.56 us = 674.56 us (1492.14 GFLOPS/s)
MUL_MAT_VEC q8_0 m=5120 n=1 k=10240: 1 x 102.6 us = 102.6 us (1021.95 GFLOPS/s)
PAD: 1 x 6.64 us = 6.64 us
RMS_NORM_MUL RMS_NORM(256,24,1,1): 1 x 5.72 us = 5.72 us
RMS_NORM_MUL RMS_NORM(256,4,1,1): 1 x 3.8 us = 3.8 us
RMS_NORM_MUL RMS_NORM(5120,1,1,1): 5 x 3.816 us = 19.08 us
ROPE: 2 x 3.82 us = 7.64 us
SET_ROWS: 2 x 3.06 us = 6.12 us
SIGMOID_MUL SIGMOID: 1 x 1.76 us = 1.76 us
TOP_K K=10 (98304,1,1,1): 1 x 8.96 us = 8.96 us
Total time: 1410 us.
----------------
Vulkan Timings:
CONCAT: 1 x 1.72 us = 1.72 us
CONT: 1 x 3.8 us = 3.8 us
FLASH_ATTN_EXT dst(256,24,1,1),  q(256,1,24,1),  k(256,256,4,1),  v(256,256,4,1),  m(256,1,1,1): 1 x 13.88 us = 13.88 us (453.275 GFLOPS/s)
GET_ROWS: 3 x 4.946 us = 14.84 us
GLU: 1 x 1.8 us = 1.8 us
MUL_MAT f32 m=256 n=24 k=256: 1 x 1.68 us = 1.68 us (1868.8 GFLOPS/s)
MUL_MAT f32 m=64 n=16 k=64: 1 x 3.76 us = 3.76 us (34.5872 GFLOPS/s)
MUL_MAT f32 m=64 n=96 k=64: 1 x 3.8 us = 3.8 us (205.339 GFLOPS/s)
MUL_MAT_ADD MUL_MAT_VEC q6_K m=5120 n=1 k=17408: 1 x 123.4 us = 123.4 us (1444.51 GFLOPS/s)
MUL_MAT_ADD MUL_MAT_VEC q6_K m=5120 n=1 k=6144: 1 x 54.4 us = 54.4 us (1156.42 GFLOPS/s)
MUL_MAT_VEC f32 m=256 n=4 k=256: 1 x 3.2 us = 3.2 us (163.52 GFLOPS/s)
MUL_MAT_VEC q6_K m=1024 n=1 k=5120: 2 x 8.72 us = 17.44 us (1202.38 GFLOPS/s)
MUL_MAT_VEC q6_K m=12288 n=1 k=5120: 1 x 85.92 us = 85.92 us (1464.35 GFLOPS/s)
MUL_MAT_VEC q6_K m=17408 n=1 k=5120: 2 x 121.26 us = 242.52 us (1469.9 GFLOPS/s)
MUL_MAT_VEC q6_K m=98304 n=1 k=5120: 1 x 674.74 us = 674.74 us (1491.74 GFLOPS/s)
MUL_MAT_VEC q8_0 m=5120 n=1 k=10240: 1 x 101.4 us = 101.4 us (1034.05 GFLOPS/s)
PAD: 1 x 6.56 us = 6.56 us
RMS_NORM_MUL RMS_NORM(256,24,1,1): 1 x 5.6 us = 5.6 us
RMS_NORM_MUL RMS_NORM(256,4,1,1): 1 x 3.72 us = 3.72 us
RMS_NORM_MUL RMS_NORM(5120,1,1,1): 5 x 3.752 us = 18.76 us
ROPE: 2 x 3.74 us = 7.48 us
SET_ROWS: 2 x 3.02 us = 6.04 us
SIGMOID_MUL SIGMOID: 1 x 1.64 us = 1.64 us
TOP_K K=10 (98304,1,1,1): 1 x 9.08 us = 9.08 us
Total time: 1407.18 us.
----------------
Vulkan Timings:
CONCAT: 1 x 1.68 us = 1.68 us
CONT: 1 x 3.76 us = 3.76 us
FLASH_ATTN_EXT dst(256,24,1,1),  q(256,1,24,1),  k(256,256,4,1),  v(256,256,4,1),  m(256,1,1,1): 1 x 13.92 us = 13.92 us (451.972 GFLOPS/s)
GET_ROWS: 3 x 4.933 us = 14.8 us
GLU: 1 x 1.8 us = 1.8 us
MUL_MAT f32 m=256 n=24 k=256: 1 x 1.68 us = 1.68 us (1868.8 GFLOPS/s)
MUL_MAT f32 m=64 n=16 k=64: 1 x 3.76 us = 3.76 us (34.5872 GFLOPS/s)
MUL_MAT f32 m=64 n=96 k=64: 1 x 3.72 us = 3.72 us (209.755 GFLOPS/s)
MUL_MAT_ADD MUL_MAT_VEC q6_K m=5120 n=1 k=17408: 1 x 124 us = 124 us (1437.52 GFLOPS/s)
MUL_MAT_ADD MUL_MAT_VEC q6_K m=5120 n=1 k=6144: 1 x 53.64 us = 53.64 us (1172.81 GFLOPS/s)
MUL_MAT_VEC f32 m=256 n=4 k=256: 1 x 3.16 us = 3.16 us (165.59 GFLOPS/s)
MUL_MAT_VEC q6_K m=1024 n=1 k=5120: 2 x 8.72 us = 17.44 us (1202.38 GFLOPS/s)
MUL_MAT_VEC q6_K m=12288 n=1 k=5120: 1 x 85.52 us = 85.52 us (1471.2 GFLOPS/s)
MUL_MAT_VEC q6_K m=17408 n=1 k=5120: 2 x 121.4 us = 242.8 us (1468.21 GFLOPS/s)
MUL_MAT_VEC q6_K m=98304 n=1 k=5120: 1 x 673.56 us = 673.56 us (1494.35 GFLOPS/s)
MUL_MAT_VEC q8_0 m=5120 n=1 k=10240: 1 x 101.12 us = 101.12 us (1036.91 GFLOPS/s)
PAD: 1 x 6.48 us = 6.48 us
RMS_NORM_MUL RMS_NORM(256,24,1,1): 1 x 5.56 us = 5.56 us
RMS_NORM_MUL RMS_NORM(256,4,1,1): 1 x 3.8 us = 3.8 us
RMS_NORM_MUL RMS_NORM(5120,1,1,1): 5 x 3.768 us = 18.84 us
ROPE: 2 x 3.74 us = 7.48 us
SET_ROWS: 2 x 2.94 us = 5.88 us
SIGMOID_MUL SIGMOID: 1 x 1.64 us = 1.64 us
TOP_K K=10 (98304,1,1,1): 1 x 9.04 us = 9.04 us
Total time: 1405.08 us.
----------------
Vulkan Timings:
ADD: 48 x 4.073 us = 195.52 us
CONT: 16 x 3.955 us = 63.28 us
FLASH_ATTN_EXT dst(256,24,5,1),  q(256,5,24,1),  k(256,256,4,1),  v(256,256,4,1),  m(256,5,1,1): 16 x 23.767 us = 380.28 us (1323.54 GFLOPS/s)
GDN_CACHE GATED_DELTA_NET: 48 x 13.769 us = 660.92 us
GDN_CONV_STATE CONCAT: 48 x 3.078 us = 147.76 us
GET_ROWS: 3 x 12.173 us = 36.52 us
GLU: 64 x 2.376 us = 152.12 us
MUL_MAT f32 m=256 n=120 k=256: 16 x 1.772 us = 28.36 us (8856.37 GFLOPS/s)
MUL_MAT f32 m=256 n=20 k=256: 16 x 3.367 us = 53.88 us (776.932 GFLOPS/s)
MUL_MAT f32 m=64 n=480 k=64: 16 x 3.965 us = 63.44 us (983.97 GFLOPS/s)
MUL_MAT f32 m=64 n=80 k=64: 16 x 3.945 us = 63.12 us (164.826 GFLOPS/s)
MUL_MAT_ADD MUL_MAT_VEC q6_K m=5120 n=5 k=17408: 64 x 130.263 us = 8336.84 us (6842.03 GFLOPS/s)
MUL_MAT_ADD MUL_MAT_VEC q6_K m=5120 n=5 k=6144: 16 x 55.657 us = 890.52 us (5651.48 GFLOPS/s)
MUL_MAT_GROUP MUL_MAT_VEC q6_K m=10240 n=5 k=5120: 47 x 118.497 us = 5569.36 us (4424.05 GFLOPS/s)
MUL_MAT_GROUP MUL_MAT_VEC q6_K m=12288 n=5 k=5120: 16 x 104.717 us = 1675.48 us (6007.44 GFLOPS/s)
MUL_MAT_GROUP MUL_MAT_VEC q6_K m=17408 n=5 k=5120: 64 x 267.108 us = 17095 us (3336.48 GFLOPS/s)
MUL_MAT_VEC f32 m=48 n=5 k=5120: 96 x 7.009 us = 672.88 us (350.592 GFLOPS/s)
MUL_MAT_VEC q6_K m=10240 n=5 k=5120: 1 x 80.32 us = 80.32 us (6526.85 GFLOPS/s)
MUL_MAT_VEC q6_K m=248320 n=5 k=5120: 1 x 1686.88 us = 1686.88 us (7536.25 GFLOPS/s)
MUL_MAT_VEC q6_K m=6144 n=5 k=5120: 1 x 51.52 us = 51.52 us (6105.24 GFLOPS/s)
MUL_MAT_VEC q8_0 m=5120 n=5 k=6144: 48 x 61.007 us = 2928.36 us (5155.88 GFLOPS/s)
RMS_NORM_MUL RMS_NORM(256,24,5,1): 16 x 4.082 us = 65.32 us
RMS_NORM_MUL RMS_NORM(256,4,5,1): 16 x 3.855 us = 61.68 us
RMS_NORM_MUL RMS_NORM(5120,5,1,1): 129 x 4.48 us = 577.92 us
RMS_NORM_MUL_SILU_MUL RMS_NORM(128,48,5,1): 48 x 6.289 us = 301.88 us
RMS_NORM_SCALE RMS_NORM(128,16,5,1): 96 x 2.531 us = 243 us
ROPE: 32 x 3.913 us = 125.24 us
SET_ROWS: 32 x 3.085 us = 98.72 us
SIGMOID_MUL SIGMOID: 16 x 3.962 us = 63.4 us
SSM_CONV_SILU SSM_CONV: 48 x 5.09 us = 244.32 us
Total time: 42613.8 us.
----------------
Vulkan Timings:
CONCAT: 1 x 3.84 us = 3.84 us
CONT: 1 x 4.08 us = 4.08 us
FLASH_ATTN_EXT dst(256,24,5,1),  q(256,5,24,1),  k(256,256,4,1),  v(256,256,4,1),  m(256,5,1,1): 1 x 24.6 us = 24.6 us (1278.75 GFLOPS/s)
GET_ROWS: 1 x 7.44 us = 7.44 us
GLU: 1 x 1.8 us = 1.8 us
MUL_MAT f32 m=256 n=120 k=256: 1 x 1.92 us = 1.92 us (8176 GFLOPS/s)
MUL_MAT f32 m=256 n=20 k=256: 1 x 3.4 us = 3.4 us (769.506 GFLOPS/s)
MUL_MAT f32 m=64 n=480 k=64: 1 x 4.04 us = 4.04 us (965.703 GFLOPS/s)
MUL_MAT f32 m=64 n=80 k=64: 1 x 4.04 us = 4.04 us (160.95 GFLOPS/s)
MUL_MAT_ADD MUL_MAT_VEC q6_K m=5120 n=5 k=17408: 1 x 157.29 us = 157.29 us (5666.37 GFLOPS/s)
MUL_MAT_ADD MUL_MAT_VEC q6_K m=5120 n=5 k=6144: 1 x 57.52 us = 57.52 us (5468.48 GFLOPS/s)
MUL_MAT_GROUP MUL_MAT_VEC q6_K m=12288 n=5 k=5120: 1 x 132.34 us = 132.34 us (4753.55 GFLOPS/s)
MUL_MAT_GROUP MUL_MAT_VEC q6_K m=17408 n=5 k=5120: 1 x 256.48 us = 256.48 us (3474.74 GFLOPS/s)
MUL_MAT_VEC q8_0 m=5120 n=5 k=10240: 1 x 107.48 us = 107.48 us (4877.77 GFLOPS/s)
RMS_NORM_MUL RMS_NORM(256,24,5,1): 1 x 3.96 us = 3.96 us
RMS_NORM_MUL RMS_NORM(256,4,5,1): 1 x 4 us = 4 us
RMS_NORM_MUL RMS_NORM(5120,5,1,1): 5 x 9.256 us = 46.28 us
ROPE: 2 x 4.04 us = 8.08 us
SET_ROWS: 2 x 3.14 us = 6.28 us
SIGMOID_MUL SIGMOID: 1 x 4.08 us = 4.08 us
Total time: 838.95 us.
----------------
Vulkan Timings:
CONCAT: 1 x 1.64 us = 1.64 us
CONT: 1 x 3.64 us = 3.64 us
FLASH_ATTN_EXT dst(256,24,1,1),  q(256,1,24,1),  k(256,256,4,1),  v(256,256,4,1),  m(256,1,1,1): 1 x 13.92 us = 13.92 us (451.972 GFLOPS/s)
GET_ROWS: 3 x 4.96 us = 14.88 us
GLU: 1 x 1.92 us = 1.92 us
MUL_MAT f32 m=256 n=24 k=256: 1 x 1.56 us = 1.56 us (2012.55 GFLOPS/s)
MUL_MAT f32 m=64 n=16 k=64: 1 x 1.84 us = 1.84 us (70.6783 GFLOPS/s)
MUL_MAT f32 m=64 n=96 k=64: 1 x 3.36 us = 3.36 us (232.229 GFLOPS/s)
MUL_MAT_ADD MUL_MAT_VEC q6_K m=5120 n=1 k=17408: 1 x 123.16 us = 123.16 us (1447.33 GFLOPS/s)
MUL_MAT_ADD MUL_MAT_VEC q6_K m=5120 n=1 k=6144: 1 x 47.76 us = 47.76 us (1317.2 GFLOPS/s)
MUL_MAT_VEC f32 m=256 n=4 k=256: 1 x 3.12 us = 3.12 us (167.713 GFLOPS/s)
MUL_MAT_VEC q6_K m=1024 n=1 k=5120: 2 x 8.94 us = 17.88 us (1172.79 GFLOPS/s)
MUL_MAT_VEC q6_K m=12288 n=1 k=5120: 1 x 90.2 us = 90.2 us (1394.87 GFLOPS/s)
MUL_MAT_VEC q6_K m=17408 n=1 k=5120: 2 x 122.08 us = 244.16 us (1460.03 GFLOPS/s)
MUL_MAT_VEC q6_K m=98304 n=1 k=5120: 1 x 672.84 us = 672.84 us (1495.95 GFLOPS/s)
MUL_MAT_VEC q8_0 m=5120 n=1 k=10240: 1 x 97.88 us = 97.88 us (1071.23 GFLOPS/s)
PAD: 1 x 6.44 us = 6.44 us
RMS_NORM_MUL RMS_NORM(256,24,1,1): 1 x 6.08 us = 6.08 us
RMS_NORM_MUL RMS_NORM(256,4,1,1): 1 x 5.04 us = 5.04 us
RMS_NORM_MUL RMS_NORM(5120,1,1,1): 5 x 4.44 us = 22.2 us
ROPE: 2 x 3.48 us = 6.96 us
SET_ROWS: 2 x 2.88 us = 5.76 us
SIGMOID_MUL SIGMOID: 1 x 1.6 us = 1.6 us
TOP_K K=10 (98304,1,1,1): 1 x 8.92 us = 8.92 us
Total time: 1402.76 us.
----------------
Vulkan Timings:
CONCAT: 1 x 1.72 us = 1.72 us
CONT: 1 x 3.68 us = 3.68 us
FLASH_ATTN_EXT dst(256,24,1,1),  q(256,1,24,1),  k(256,256,4,1),  v(256,256,4,1),  m(256,1,1,1): 1 x 14.08 us = 14.08 us (446.836 GFLOPS/s)
GET_ROWS: 3 x 4.866 us = 14.6 us
GLU: 1 x 1.88 us = 1.88 us
MUL_MAT f32 m=256 n=24 k=256: 1 x 1.64 us = 1.64 us (1914.38 GFLOPS/s)
MUL_MAT f32 m=64 n=16 k=64: 1 x 3.64 us = 3.64 us (35.7275 GFLOPS/s)
MUL_MAT f32 m=64 n=96 k=64: 1 x 3.72 us = 3.72 us (209.755 GFLOPS/s)
MUL_MAT_ADD MUL_MAT_VEC q6_K m=5120 n=1 k=17408: 1 x 124.56 us = 124.56 us (1431.06 GFLOPS/s)
MUL_MAT_ADD MUL_MAT_VEC q6_K m=5120 n=1 k=6144: 1 x 53.12 us = 53.12 us (1184.29 GFLOPS/s)
MUL_MAT_VEC f32 m=256 n=4 k=256: 1 x 3.08 us = 3.08 us (169.891 GFLOPS/s)
MUL_MAT_VEC q6_K m=1024 n=1 k=5120: 2 x 7 us = 14 us (1497.82 GFLOPS/s)
MUL_MAT_VEC q6_K m=12288 n=1 k=5120: 1 x 93.48 us = 93.48 us (1345.92 GFLOPS/s)
MUL_MAT_VEC q6_K m=17408 n=1 k=5120: 2 x 121.46 us = 242.92 us (1467.48 GFLOPS/s)
MUL_MAT_VEC q6_K m=98304 n=1 k=5120: 1 x 674.08 us = 674.08 us (1493.2 GFLOPS/s)
MUL_MAT_VEC q8_0 m=5120 n=1 k=10240: 1 x 103.2 us = 103.2 us (1016.01 GFLOPS/s)
PAD: 1 x 6.44 us = 6.44 us
RMS_NORM_MUL RMS_NORM(256,24,1,1): 1 x 3.68 us = 3.68 us
RMS_NORM_MUL RMS_NORM(256,4,1,1): 1 x 3.64 us = 3.64 us
RMS_NORM_MUL RMS_NORM(5120,1,1,1): 5 x 3.936 us = 19.68 us
ROPE: 2 x 3.64 us = 7.28 us
SET_ROWS: 2 x 2.96 us = 5.92 us
SIGMOID_MUL SIGMOID: 1 x 1.72 us = 1.72 us
TOP_K K=10 (98304,1,1,1): 1 x 9.08 us = 9.08 us
Total time: 1410.84 us.
----------------
Vulkan Timings:
CONCAT: 1 x 1.68 us = 1.68 us
CONT: 1 x 3.6 us = 3.6 us
FLASH_ATTN_EXT dst(256,24,1,1),  q(256,1,24,1),  k(256,256,4,1),  v(256,256,4,1),  m(256,1,1,1): 1 x 13.84 us = 13.84 us (454.585 GFLOPS/s)
GET_ROWS: 3 x 4.866 us = 14.6 us
GLU: 1 x 1.8 us = 1.8 us
MUL_MAT f32 m=256 n=24 k=256: 1 x 1.68 us = 1.68 us (1868.8 GFLOPS/s)
MUL_MAT f32 m=64 n=16 k=64: 1 x 3.64 us = 3.64 us (35.7275 GFLOPS/s)
MUL_MAT f32 m=64 n=96 k=64: 1 x 3.6 us = 3.6 us (216.747 GFLOPS/s)
MUL_MAT_ADD MUL_MAT_VEC q6_K m=5120 n=1 k=17408: 1 x 124.36 us = 124.36 us (1433.36 GFLOPS/s)
MUL_MAT_ADD MUL_MAT_VEC q6_K m=5120 n=1 k=6144: 1 x 53.96 us = 53.96 us (1165.85 GFLOPS/s)
MUL_MAT_VEC f32 m=256 n=4 k=256: 1 x 3 us = 3 us (174.421 GFLOPS/s)
MUL_MAT_VEC q6_K m=1024 n=1 k=5120: 2 x 6.76 us = 13.52 us (1551 GFLOPS/s)
MUL_MAT_VEC q6_K m=12288 n=1 k=5120: 1 x 92.92 us = 92.92 us (1354.03 GFLOPS/s)
MUL_MAT_VEC q6_K m=17408 n=1 k=5120: 2 x 121.18 us = 242.36 us (1470.87 GFLOPS/s)
MUL_MAT_VEC q6_K m=98304 n=1 k=5120: 1 x 673.39 us = 673.39 us (1494.73 GFLOPS/s)
MUL_MAT_VEC q8_0 m=5120 n=1 k=10240: 1 x 102.08 us = 102.08 us (1027.16 GFLOPS/s)
PAD: 1 x 6.36 us = 6.36 us
RMS_NORM_MUL RMS_NORM(256,24,1,1): 1 x 3.6 us = 3.6 us
RMS_NORM_MUL RMS_NORM(256,4,1,1): 1 x 3.6 us = 3.6 us
RMS_NORM_MUL RMS_NORM(5120,1,1,1): 5 x 3.768 us = 18.84 us
ROPE: 2 x 3.6 us = 7.2 us
SET_ROWS: 2 x 2.9 us = 5.8 us
SIGMOID_MUL SIGMOID: 1 x 1.64 us = 1.64 us
TOP_K K=10 (98304,1,1,1): 1 x 9.08 us = 9.08 us
Total time: 1406.15 us.
----------------
Vulkan Timings:
CONCAT: 1 x 1.64 us = 1.64 us
CONT: 1 x 3.56 us = 3.56 us
FLASH_ATTN_EXT dst(256,24,1,1),  q(256,1,24,1),  k(256,256,4,1),  v(256,256,4,1),  m(256,1,1,1): 1 x 13.76 us = 13.76 us (457.228 GFLOPS/s)
GET_ROWS: 3 x 4.88 us = 14.64 us
GLU: 1 x 1.8 us = 1.8 us
MUL_MAT f32 m=256 n=24 k=256: 1 x 1.6 us = 1.6 us (1962.24 GFLOPS/s)
MUL_MAT f32 m=64 n=16 k=64: 1 x 3.6 us = 3.6 us (36.1244 GFLOPS/s)
MUL_MAT f32 m=64 n=96 k=64: 1 x 3.6 us = 3.6 us (216.747 GFLOPS/s)
MUL_MAT_ADD MUL_MAT_VEC q6_K m=5120 n=1 k=17408: 1 x 124.08 us = 124.08 us (1436.6 GFLOPS/s)
MUL_MAT_ADD MUL_MAT_VEC q6_K m=5120 n=1 k=6144: 1 x 52.96 us = 52.96 us (1187.87 GFLOPS/s)
MUL_MAT_VEC f32 m=256 n=4 k=256: 1 x 3.04 us = 3.04 us (172.126 GFLOPS/s)
MUL_MAT_VEC q6_K m=1024 n=1 k=5120: 2 x 6.82 us = 13.64 us (1537.35 GFLOPS/s)
MUL_MAT_VEC q6_K m=12288 n=1 k=5120: 1 x 93.24 us = 93.24 us (1349.39 GFLOPS/s)
MUL_MAT_VEC q6_K m=17408 n=1 k=5120: 2 x 121.88 us = 243.76 us (1462.43 GFLOPS/s)
MUL_MAT_VEC q6_K m=98304 n=1 k=5120: 1 x 672.04 us = 672.04 us (1497.73 GFLOPS/s)
MUL_MAT_VEC q8_0 m=5120 n=1 k=10240: 1 x 102.76 us = 102.76 us (1020.36 GFLOPS/s)
PAD: 1 x 6.36 us = 6.36 us
RMS_NORM_MUL RMS_NORM(256,24,1,1): 1 x 3.64 us = 3.64 us
RMS_NORM_MUL RMS_NORM(256,4,1,1): 1 x 3.6 us = 3.6 us
RMS_NORM_MUL RMS_NORM(5120,1,1,1): 5 x 3.736 us = 18.68 us
ROPE: 2 x 3.6 us = 7.2 us
SET_ROWS: 2 x 2.86 us = 5.72 us
SIGMOID_MUL SIGMOID: 1 x 1.68 us = 1.68 us
TOP_K K=10 (98304,1,1,1): 1 x 8.64 us = 8.64 us
Total time: 1405.24 us.
----------------
Vulkan Timings:
ADD: 48 x 3.942 us = 189.24 us
CONT: 16 x 3.835 us = 61.36 us
FLASH_ATTN_EXT dst(256,24,5,1),  q(256,5,24,1),  k(256,256,4,1),  v(256,256,4,1),  m(256,5,1,1): 16 x 23.84 us = 381.44 us (1319.52 GFLOPS/s)
GDN_CACHE GATED_DELTA_NET: 48 x 14.503 us = 696.16 us
GDN_CONV_STATE CONCAT: 48 x 3.209 us = 154.04 us
GET_ROWS: 3 x 11.906 us = 35.72 us
GLU: 64 x 2.266 us = 145.04 us
MUL_MAT f32 m=256 n=120 k=256: 16 x 1.77 us = 28.32 us (8868.88 GFLOPS/s)
MUL_MAT f32 m=256 n=20 k=256: 16 x 3.237 us = 51.8 us (808.13 GFLOPS/s)
MUL_MAT f32 m=64 n=480 k=64: 16 x 3.817 us = 61.08 us (1021.99 GFLOPS/s)
MUL_MAT f32 m=64 n=80 k=64: 16 x 3.797 us = 60.76 us (171.228 GFLOPS/s)
MUL_MAT_ADD MUL_MAT_VEC q6_K m=5120 n=5 k=17408: 64 x 130.331 us = 8341.24 us (6838.42 GFLOPS/s)
MUL_MAT_ADD MUL_MAT_VEC q6_K m=5120 n=5 k=6144: 16 x 55.792 us = 892.68 us (5637.8 GFLOPS/s)
MUL_MAT_GROUP MUL_MAT_VEC q6_K m=10240 n=5 k=5120: 47 x 118.46 us = 5567.64 us (4425.42 GFLOPS/s)
MUL_MAT_GROUP MUL_MAT_VEC q6_K m=12288 n=5 k=5120: 16 x 104.637 us = 1674.2 us (6012.03 GFLOPS/s)
MUL_MAT_GROUP MUL_MAT_VEC q6_K m=17408 n=5 k=5120: 64 x 267.048 us = 17091.1 us (3337.24 GFLOPS/s)
MUL_MAT_VEC f32 m=48 n=5 k=5120: 96 x 6.485 us = 622.64 us (378.881 GFLOPS/s)
MUL_MAT_VEC q6_K m=10240 n=5 k=5120: 1 x 80 us = 80 us (6552.96 GFLOPS/s)
MUL_MAT_VEC q6_K m=248320 n=5 k=5120: 1 x 1687.48 us = 1687.48 us (7533.57 GFLOPS/s)
MUL_MAT_VEC q6_K m=6144 n=5 k=5120: 1 x 50 us = 50 us (6290.84 GFLOPS/s)
MUL_MAT_VEC q8_0 m=5120 n=5 k=6144: 48 x 60.855 us = 2921.04 us (5168.8 GFLOPS/s)
RMS_NORM_MUL RMS_NORM(256,24,5,1): 16 x 3.95 us = 63.2 us
RMS_NORM_MUL RMS_NORM(256,4,5,1): 16 x 3.735 us = 59.76 us
RMS_NORM_MUL RMS_NORM(5120,5,1,1): 129 x 4.44 us = 572.88 us
RMS_NORM_MUL_SILU_MUL RMS_NORM(128,48,5,1): 48 x 6.031 us = 289.52 us
RMS_NORM_SCALE RMS_NORM(128,16,5,1): 96 x 2.575 us = 247.2 us
ROPE: 32 x 3.781 us = 121 us
SET_ROWS: 32 x 3.03 us = 96.96 us
SIGMOID_MUL SIGMOID: 16 x 3.835 us = 61.36 us
SSM_CONV_SILU SSM_CONV: 48 x 4.964 us = 238.28 us
Total time: 42543.1 us.
----------------
Vulkan Timings:
CONCAT: 1 x 4.04 us = 4.04 us
CONT: 1 x 3.96 us = 3.96 us
FLASH_ATTN_EXT dst(256,24,5,1),  q(256,5,24,1),  k(256,256,4,1),  v(256,256,4,1),  m(256,5,1,1): 1 x 24.56 us = 24.56 us (1280.83 GFLOPS/s)
GET_ROWS: 1 x 7.24 us = 7.24 us
GLU: 1 x 2.12 us = 2.12 us
MUL_MAT f32 m=256 n=120 k=256: 1 x 1.92 us = 1.92 us (8176 GFLOPS/s)
MUL_MAT f32 m=256 n=20 k=256: 1 x 3.28 us = 3.28 us (797.659 GFLOPS/s)
MUL_MAT f32 m=64 n=480 k=64: 1 x 3.92 us = 3.92 us (995.265 GFLOPS/s)
MUL_MAT f32 m=64 n=80 k=64: 1 x 3.92 us = 3.92 us (165.878 GFLOPS/s)
MUL_MAT_ADD MUL_MAT_VEC q6_K m=5120 n=5 k=17408: 1 x 157.06 us = 157.06 us (5674.67 GFLOPS/s)
MUL_MAT_ADD MUL_MAT_VEC q6_K m=5120 n=5 k=6144: 1 x 56.64 us = 56.64 us (5553.45 GFLOPS/s)
MUL_MAT_GROUP MUL_MAT_VEC q6_K m=12288 n=5 k=5120: 1 x 132.62 us = 132.62 us (4743.51 GFLOPS/s)
MUL_MAT_GROUP MUL_MAT_VEC q6_K m=17408 n=5 k=5120: 1 x 256.08 us = 256.08 us (3480.17 GFLOPS/s)
MUL_MAT_VEC q8_0 m=5120 n=5 k=10240: 1 x 107.2 us = 107.2 us (4890.51 GFLOPS/s)
RMS_NORM_MUL RMS_NORM(256,24,5,1): 1 x 3.84 us = 3.84 us
RMS_NORM_MUL RMS_NORM(256,4,5,1): 1 x 3.92 us = 3.92 us
RMS_NORM_MUL RMS_NORM(5120,5,1,1): 5 x 9.296 us = 46.48 us
ROPE: 2 x 3.94 us = 7.88 us
SET_ROWS: 2 x 3.1 us = 6.2 us
SIGMOID_MUL SIGMOID: 1 x 3.96 us = 3.96 us
Total time: 836.84 us.
----------------
Vulkan Timings:
CONCAT: 1 x 1.72 us = 1.72 us
CONT: 1 x 3.84 us = 3.84 us
FLASH_ATTN_EXT dst(256,24,1,1),  q(256,1,24,1),  k(256,256,4,1),  v(256,256,4,1),  m(256,1,1,1): 1 x 14.04 us = 14.04 us (448.109 GFLOPS/s)
GET_ROWS: 3 x 5.173 us = 15.52 us
GLU: 1 x 1.76 us = 1.76 us
MUL_MAT f32 m=256 n=24 k=256: 1 x 1.6 us = 1.6 us (1962.24 GFLOPS/s)
MUL_MAT f32 m=64 n=16 k=64: 1 x 1.92 us = 1.92 us (67.7333 GFLOPS/s)
MUL_MAT f32 m=64 n=96 k=64: 1 x 3.52 us = 3.52 us (221.673 GFLOPS/s)
MUL_MAT_ADD MUL_MAT_VEC q6_K m=5120 n=1 k=17408: 1 x 122.84 us = 122.84 us (1451.1 GFLOPS/s)
MUL_MAT_ADD MUL_MAT_VEC q6_K m=5120 n=1 k=6144: 1 x 48.04 us = 48.04 us (1309.52 GFLOPS/s)
MUL_MAT_VEC f32 m=256 n=4 k=256: 1 x 3.28 us = 3.28 us (159.532 GFLOPS/s)
MUL_MAT_VEC q6_K m=1024 n=1 k=5120: 2 x 9 us = 18 us (1164.97 GFLOPS/s)
MUL_MAT_VEC q6_K m=12288 n=1 k=5120: 1 x 90.72 us = 90.72 us (1386.87 GFLOPS/s)
MUL_MAT_VEC q6_K m=17408 n=1 k=5120: 2 x 122.56 us = 245.12 us (1454.31 GFLOPS/s)
MUL_MAT_VEC q6_K m=98304 n=1 k=5120: 1 x 674.19 us = 674.19 us (1492.95 GFLOPS/s)
MUL_MAT_VEC q8_0 m=5120 n=1 k=10240: 1 x 98.28 us = 98.28 us (1066.88 GFLOPS/s)
PAD: 1 x 6.72 us = 6.72 us
RMS_NORM_MUL RMS_NORM(256,24,1,1): 1 x 6.44 us = 6.44 us
RMS_NORM_MUL RMS_NORM(256,4,1,1): 1 x 5.44 us = 5.44 us
RMS_NORM_MUL RMS_NORM(5120,1,1,1): 5 x 4.568 us = 22.84 us
ROPE: 2 x 3.66 us = 7.32 us
SET_ROWS: 2 x 3 us = 6 us
SIGMOID_MUL SIGMOID: 1 x 1.6 us = 1.6 us
TOP_K K=10 (98304,1,1,1): 1 x 9.48 us = 9.48 us
Total time: 1410.23 us.
----------------
Vulkan Timings:
CONCAT: 1 x 1.72 us = 1.72 us
CONT: 1 x 3.84 us = 3.84 us
FLASH_ATTN_EXT dst(256,24,1,1),  q(256,1,24,1),  k(256,256,4,1),  v(256,256,4,1),  m(256,1,1,1): 1 x 14 us = 14 us (449.39 GFLOPS/s)
GET_ROWS: 3 x 4.986 us = 14.96 us
GLU: 1 x 1.76 us = 1.76 us
MUL_MAT f32 m=256 n=24 k=256: 1 x 1.68 us = 1.68 us (1868.8 GFLOPS/s)
MUL_MAT f32 m=64 n=16 k=64: 1 x 3.84 us = 3.84 us (33.8667 GFLOPS/s)
MUL_MAT f32 m=64 n=96 k=64: 1 x 3.84 us = 3.84 us (203.2 GFLOPS/s)
MUL_MAT_ADD MUL_MAT_VEC q6_K m=5120 n=1 k=17408: 1 x 123.4 us = 123.4 us (1444.51 GFLOPS/s)
MUL_MAT_ADD MUL_MAT_VEC q6_K m=5120 n=1 k=6144: 1 x 54.48 us = 54.48 us (1154.73 GFLOPS/s)
MUL_MAT_VEC f32 m=256 n=4 k=256: 1 x 3.24 us = 3.24 us (161.501 GFLOPS/s)
MUL_MAT_VEC q6_K m=1024 n=1 k=5120: 2 x 8.92 us = 17.84 us (1175.42 GFLOPS/s)
MUL_MAT_VEC q6_K m=12288 n=1 k=5120: 1 x 86.08 us = 86.08 us (1461.63 GFLOPS/s)
MUL_MAT_VEC q6_K m=17408 n=1 k=5120: 2 x 121.36 us = 242.72 us (1468.69 GFLOPS/s)
MUL_MAT_VEC q6_K m=98304 n=1 k=5120: 1 x 674.14 us = 674.14 us (1493.06 GFLOPS/s)
MUL_MAT_VEC q8_0 m=5120 n=1 k=10240: 1 x 101.36 us = 101.36 us (1034.46 GFLOPS/s)
PAD: 1 x 6.56 us = 6.56 us
RMS_NORM_MUL RMS_NORM(256,24,1,1): 1 x 5.76 us = 5.76 us
RMS_NORM_MUL RMS_NORM(256,4,1,1): 1 x 3.84 us = 3.84 us
RMS_NORM_MUL RMS_NORM(5120,1,1,1): 5 x 3.832 us = 19.16 us
ROPE: 2 x 3.82 us = 7.64 us
SET_ROWS: 2 x 3.04 us = 6.08 us
SIGMOID_MUL SIGMOID: 1 x 2 us = 2 us
TOP_K K=10 (98304,1,1,1): 1 x 9.44 us = 9.44 us
Total time: 1409.38 us.
----------------
Vulkan Timings:
CONCAT: 1 x 1.72 us = 1.72 us
CONT: 1 x 3.8 us = 3.8 us
FLASH_ATTN_EXT dst(256,24,1,1),  q(256,1,24,1),  k(256,256,4,1),  v(256,256,4,1),  m(256,1,1,1): 1 x 14 us = 14 us (449.39 GFLOPS/s)
GET_ROWS: 3 x 4.92 us = 14.76 us
GLU: 1 x 1.72 us = 1.72 us
MUL_MAT f32 m=256 n=24 k=256: 1 x 1.64 us = 1.64 us (1914.38 GFLOPS/s)
MUL_MAT f32 m=64 n=16 k=64: 1 x 3.76 us = 3.76 us (34.5872 GFLOPS/s)
MUL_MAT f32 m=64 n=96 k=64: 1 x 3.76 us = 3.76 us (207.523 GFLOPS/s)
MUL_MAT_ADD MUL_MAT_VEC q6_K m=5120 n=1 k=17408: 1 x 124.44 us = 124.44 us (1432.44 GFLOPS/s)
MUL_MAT_ADD MUL_MAT_VEC q6_K m=5120 n=1 k=6144: 1 x 53.72 us = 53.72 us (1171.06 GFLOPS/s)
MUL_MAT_VEC f32 m=256 n=4 k=256: 1 x 3.16 us = 3.16 us (165.59 GFLOPS/s)
MUL_MAT_VEC q6_K m=1024 n=1 k=5120: 2 x 8.98 us = 17.96 us (1167.57 GFLOPS/s)
MUL_MAT_VEC q6_K m=12288 n=1 k=5120: 1 x 85.84 us = 85.84 us (1465.71 GFLOPS/s)
MUL_MAT_VEC q6_K m=17408 n=1 k=5120: 2 x 121.26 us = 242.52 us (1469.9 GFLOPS/s)
MUL_MAT_VEC q6_K m=98304 n=1 k=5120: 1 x 672.83 us = 672.83 us (1495.97 GFLOPS/s)
MUL_MAT_VEC q8_0 m=5120 n=1 k=10240: 1 x 101.28 us = 101.28 us (1035.27 GFLOPS/s)
PAD: 1 x 6.4 us = 6.4 us
RMS_NORM_MUL RMS_NORM(256,24,1,1): 1 x 5.6 us = 5.6 us
RMS_NORM_MUL RMS_NORM(256,4,1,1): 1 x 3.76 us = 3.76 us
RMS_NORM_MUL RMS_NORM(5120,1,1,1): 5 x 3.768 us = 18.84 us
ROPE: 2 x 3.76 us = 7.52 us
SET_ROWS: 2 x 3 us = 6 us
SIGMOID_MUL SIGMOID: 1 x 1.72 us = 1.72 us
TOP_K K=10 (98304,1,1,1): 1 x 9.04 us = 9.04 us
Total time: 1405.79 us.
----------------
Vulkan Timings:
CONCAT: 1 x 1.72 us = 1.72 us
CONT: 1 x 3.76 us = 3.76 us
FLASH_ATTN_EXT dst(256,24,1,1),  q(256,1,24,1),  k(256,256,4,1),  v(256,256,4,1),  m(256,1,1,1): 1 x 13.84 us = 13.84 us (454.585 GFLOPS/s)
GET_ROWS: 3 x 4.933 us = 14.8 us
GLU: 1 x 1.8 us = 1.8 us
MUL_MAT f32 m=256 n=24 k=256: 1 x 1.64 us = 1.64 us (1914.38 GFLOPS/s)
MUL_MAT f32 m=64 n=16 k=64: 1 x 3.76 us = 3.76 us (34.5872 GFLOPS/s)
MUL_MAT f32 m=64 n=96 k=64: 1 x 3.72 us = 3.72 us (209.755 GFLOPS/s)
MUL_MAT_ADD MUL_MAT_VEC q6_K m=5120 n=1 k=17408: 1 x 123.28 us = 123.28 us (1445.92 GFLOPS/s)
MUL_MAT_ADD MUL_MAT_VEC q6_K m=5120 n=1 k=6144: 1 x 53.84 us = 53.84 us (1168.45 GFLOPS/s)
MUL_MAT_VEC f32 m=256 n=4 k=256: 1 x 3.16 us = 3.16 us (165.59 GFLOPS/s)
MUL_MAT_VEC q6_K m=1024 n=1 k=5120: 2 x 8.86 us = 17.72 us (1183.38 GFLOPS/s)
MUL_MAT_VEC q6_K m=12288 n=1 k=5120: 1 x 85.92 us = 85.92 us (1464.35 GFLOPS/s)
MUL_MAT_VEC q6_K m=17408 n=1 k=5120: 2 x 121.4 us = 242.8 us (1468.21 GFLOPS/s)
MUL_MAT_VEC q6_K m=98304 n=1 k=5120: 1 x 673.51 us = 673.51 us (1494.46 GFLOPS/s)
MUL_MAT_VEC q8_0 m=5120 n=1 k=10240: 1 x 101 us = 101 us (1038.14 GFLOPS/s)
PAD: 1 x 6.12 us = 6.12 us
RMS_NORM_MUL RMS_NORM(256,24,1,1): 1 x 5.56 us = 5.56 us
RMS_NORM_MUL RMS_NORM(256,4,1,1): 1 x 3.76 us = 3.76 us
RMS_NORM_MUL RMS_NORM(5120,1,1,1): 5 x 3.736 us = 18.68 us
ROPE: 2 x 3.74 us = 7.48 us
SET_ROWS: 2 x 2.96 us = 5.92 us
SIGMOID_MUL SIGMOID: 1 x 1.64 us = 1.64 us
TOP_K K=10 (98304,1,1,1): 1 x 8.88 us = 8.88 us
Total time: 1404.31 us.
----------------
Vulkan Timings:
ADD: 48 x 3.983 us = 191.2 us
CONT: 16 x 3.875 us = 62 us
FLASH_ATTN_EXT dst(256,24,5,1),  q(256,5,24,1),  k(256,256,4,1),  v(256,256,4,1),  m(256,5,1,1): 16 x 23.417 us = 374.68 us (1343.32 GFLOPS/s)
GDN_CACHE GATED_DELTA_NET: 48 x 13.829 us = 663.8 us
GDN_CONV_STATE CONCAT: 48 x 2.988 us = 143.44 us
GET_ROWS: 3 x 11.973 us = 35.92 us
GLU: 64 x 2.233 us = 142.92 us
MUL_MAT f32 m=256 n=120 k=256: 16 x 1.715 us = 27.44 us (9153.31 GFLOPS/s)
MUL_MAT f32 m=256 n=20 k=256: 16 x 3.282 us = 52.52 us (797.051 GFLOPS/s)
MUL_MAT f32 m=64 n=480 k=64: 16 x 3.857 us = 61.72 us (1011.39 GFLOPS/s)
MUL_MAT f32 m=64 n=80 k=64: 16 x 3.85 us = 61.6 us (168.894 GFLOPS/s)
MUL_MAT_ADD MUL_MAT_VEC q6_K m=5120 n=5 k=17408: 64 x 129.9 us = 8313.64 us (6861.12 GFLOPS/s)
MUL_MAT_ADD MUL_MAT_VEC q6_K m=5120 n=5 k=6144: 16 x 55.615 us = 889.84 us (5655.8 GFLOPS/s)
MUL_MAT_GROUP MUL_MAT_VEC q6_K m=10240 n=5 k=5120: 47 x 118.22 us = 5556.36 us (4434.4 GFLOPS/s)
MUL_MAT_GROUP MUL_MAT_VEC q6_K m=12288 n=5 k=5120: 16 x 104.487 us = 1671.8 us (6020.66 GFLOPS/s)
MUL_MAT_GROUP MUL_MAT_VEC q6_K m=17408 n=5 k=5120: 64 x 267.185 us = 17099.8 us (3335.53 GFLOPS/s)
MUL_MAT_VEC f32 m=48 n=5 k=5120: 96 x 6.853 us = 657.92 us (358.564 GFLOPS/s)
MUL_MAT_VEC q6_K m=10240 n=5 k=5120: 1 x 79.88 us = 79.88 us (6562.8 GFLOPS/s)
MUL_MAT_VEC q6_K m=248320 n=5 k=5120: 1 x 1686.88 us = 1686.88 us (7536.25 GFLOPS/s)
MUL_MAT_VEC q6_K m=6144 n=5 k=5120: 1 x 51.16 us = 51.16 us (6148.2 GFLOPS/s)
MUL_MAT_VEC q8_0 m=5120 n=5 k=6144: 48 x 60.777 us = 2917.32 us (5175.39 GFLOPS/s)
RMS_NORM_MUL RMS_NORM(256,24,5,1): 16 x 3.977 us = 63.64 us
RMS_NORM_MUL RMS_NORM(256,4,5,1): 16 x 3.775 us = 60.4 us
RMS_NORM_MUL RMS_NORM(5120,5,1,1): 129 x 4.407 us = 568.52 us
RMS_NORM_MUL_SILU_MUL RMS_NORM(128,48,5,1): 48 x 6.126 us = 294.08 us
RMS_NORM_SCALE RMS_NORM(128,16,5,1): 96 x 2.512 us = 241.2 us
ROPE: 32 x 3.827 us = 122.48 us
SET_ROWS: 32 x 3.028 us = 96.92 us
SIGMOID_MUL SIGMOID: 16 x 3.872 us = 61.96 us
SSM_CONV_SILU SSM_CONV: 48 x 4.958 us = 238 us
Total time: 42489.1 us.
----------------
Vulkan Timings:
CONCAT: 1 x 3.84 us = 3.84 us
CONT: 1 x 4 us = 4 us
FLASH_ATTN_EXT dst(256,24,5,1),  q(256,5,24,1),  k(256,256,4,1),  v(256,256,4,1),  m(256,5,1,1): 1 x 23.96 us = 23.96 us (1312.91 GFLOPS/s)
GET_ROWS: 1 x 7.28 us = 7.28 us
GLU: 1 x 1.76 us = 1.76 us
MUL_MAT f32 m=256 n=120 k=256: 1 x 1.76 us = 1.76 us (8919.27 GFLOPS/s)
MUL_MAT f32 m=256 n=20 k=256: 1 x 3.36 us = 3.36 us (778.667 GFLOPS/s)
MUL_MAT f32 m=64 n=480 k=64: 1 x 3.96 us = 3.96 us (985.212 GFLOPS/s)
MUL_MAT f32 m=64 n=80 k=64: 1 x 3.96 us = 3.96 us (164.202 GFLOPS/s)
MUL_MAT_ADD MUL_MAT_VEC q6_K m=5120 n=5 k=17408: 1 x 156.32 us = 156.32 us (5701.54 GFLOPS/s)
MUL_MAT_ADD MUL_MAT_VEC q6_K m=5120 n=5 k=6144: 1 x 57.28 us = 57.28 us (5491.4 GFLOPS/s)
MUL_MAT_GROUP MUL_MAT_VEC q6_K m=12288 n=5 k=5120: 1 x 129.66 us = 129.66 us (4851.8 GFLOPS/s)
MUL_MAT_GROUP MUL_MAT_VEC q6_K m=17408 n=5 k=5120: 1 x 255.48 us = 255.48 us (3488.35 GFLOPS/s)
MUL_MAT_VEC q8_0 m=5120 n=5 k=10240: 1 x 107.8 us = 107.8 us (4863.29 GFLOPS/s)
RMS_NORM_MUL RMS_NORM(256,24,5,1): 1 x 3.88 us = 3.88 us
RMS_NORM_MUL RMS_NORM(256,4,5,1): 1 x 3.88 us = 3.88 us
RMS_NORM_MUL RMS_NORM(5120,5,1,1): 5 x 9.126 us = 45.63 us
ROPE: 2 x 3.94 us = 7.88 us
SET_ROWS: 2 x 3.06 us = 6.12 us
SIGMOID_MUL SIGMOID: 1 x 4 us = 4 us
Total time: 831.81 us.
----------------
Vulkan Timings:
CONCAT: 1 x 1.68 us = 1.68 us
CONT: 1 x 3.56 us = 3.56 us
FLASH_ATTN_EXT dst(256,24,1,1),  q(256,1,24,1),  k(256,256,4,1),  v(256,256,4,1),  m(256,1,1,1): 1 x 13.88 us = 13.88 us (453.275 GFLOPS/s)
GET_ROWS: 3 x 4.92 us = 14.76 us
GLU: 1 x 1.76 us = 1.76 us
MUL_MAT f32 m=256 n=24 k=256: 1 x 1.52 us = 1.52 us (2065.52 GFLOPS/s)
MUL_MAT f32 m=64 n=16 k=64: 1 x 1.84 us = 1.84 us (70.6783 GFLOPS/s)
MUL_MAT f32 m=64 n=96 k=64: 1 x 3.32 us = 3.32 us (235.027 GFLOPS/s)
MUL_MAT_ADD MUL_MAT_VEC q6_K m=5120 n=1 k=17408: 1 x 123.88 us = 123.88 us (1438.92 GFLOPS/s)
MUL_MAT_ADD MUL_MAT_VEC q6_K m=5120 n=1 k=6144: 1 x 47.4 us = 47.4 us (1327.2 GFLOPS/s)
MUL_MAT_VEC f32 m=256 n=4 k=256: 1 x 3.12 us = 3.12 us (167.713 GFLOPS/s)
MUL_MAT_VEC q6_K m=1024 n=1 k=5120: 2 x 8.84 us = 17.68 us (1186.06 GFLOPS/s)
MUL_MAT_VEC q6_K m=12288 n=1 k=5120: 1 x 90.32 us = 90.32 us (1393.01 GFLOPS/s)
MUL_MAT_VEC q6_K m=17408 n=1 k=5120: 2 x 121.46 us = 242.92 us (1467.48 GFLOPS/s)
MUL_MAT_VEC q6_K m=98304 n=1 k=5120: 1 x 673.99 us = 673.99 us (1493.4 GFLOPS/s)
MUL_MAT_VEC q8_0 m=5120 n=1 k=10240: 1 x 98.56 us = 98.56 us (1063.84 GFLOPS/s)
PAD: 1 x 6.48 us = 6.48 us
RMS_NORM_MUL RMS_NORM(256,24,1,1): 1 x 5.56 us = 5.56 us
RMS_NORM_MUL RMS_NORM(256,4,1,1): 1 x 5 us = 5 us
RMS_NORM_MUL RMS_NORM(5120,1,1,1): 5 x 4.448 us = 22.24 us
ROPE: 2 x 3.42 us = 6.84 us
SET_ROWS: 2 x 2.8 us = 5.6 us
SIGMOID_MUL SIGMOID: 1 x 1.64 us = 1.64 us
TOP_K K=10 (98304,1,1,1): 1 x 9.12 us = 9.12 us
Total time: 1402.67 us.
----------------
Vulkan Timings:
CONCAT: 1 x 1.68 us = 1.68 us
CONT: 1 x 3.68 us = 3.68 us
FLASH_ATTN_EXT dst(256,24,1,1),  q(256,1,24,1),  k(256,256,4,1),  v(256,256,4,1),  m(256,1,1,1): 1 x 14.08 us = 14.08 us (446.836 GFLOPS/s)
GET_ROWS: 3 x 4.866 us = 14.6 us
GLU: 1 x 1.72 us = 1.72 us
MUL_MAT f32 m=256 n=24 k=256: 1 x 1.64 us = 1.64 us (1914.38 GFLOPS/s)
MUL_MAT f32 m=64 n=16 k=64: 1 x 3.68 us = 3.68 us (35.3391 GFLOPS/s)
MUL_MAT f32 m=64 n=96 k=64: 1 x 3.68 us = 3.68 us (212.035 GFLOPS/s)
MUL_MAT_ADD MUL_MAT_VEC q6_K m=5120 n=1 k=17408: 1 x 123.4 us = 123.4 us (1444.51 GFLOPS/s)
MUL_MAT_ADD MUL_MAT_VEC q6_K m=5120 n=1 k=6144: 1 x 53.08 us = 53.08 us (1185.18 GFLOPS/s)
MUL_MAT_VEC f32 m=256 n=4 k=256: 1 x 3.08 us = 3.08 us (169.891 GFLOPS/s)
MUL_MAT_VEC q6_K m=1024 n=1 k=5120: 2 x 6.92 us = 13.84 us (1515.14 GFLOPS/s)
MUL_MAT_VEC q6_K m=12288 n=1 k=5120: 1 x 93.28 us = 93.28 us (1348.81 GFLOPS/s)
MUL_MAT_VEC q6_K m=17408 n=1 k=5120: 2 x 121.42 us = 242.84 us (1467.97 GFLOPS/s)
MUL_MAT_VEC q6_K m=98304 n=1 k=5120: 1 x 673.7 us = 673.7 us (1494.04 GFLOPS/s)
MUL_MAT_VEC q8_0 m=5120 n=1 k=10240: 1 x 102 us = 102 us (1027.97 GFLOPS/s)
PAD: 1 x 6.36 us = 6.36 us
RMS_NORM_MUL RMS_NORM(256,24,1,1): 1 x 3.68 us = 3.68 us
RMS_NORM_MUL RMS_NORM(256,4,1,1): 1 x 3.64 us = 3.64 us
RMS_NORM_MUL RMS_NORM(5120,1,1,1): 5 x 3.792 us = 18.96 us
ROPE: 2 x 3.62 us = 7.24 us
SET_ROWS: 2 x 2.9 us = 5.8 us
SIGMOID_MUL SIGMOID: 1 x 1.68 us = 1.68 us
TOP_K K=10 (98304,1,1,1): 1 x 9.32 us = 9.32 us
Total time: 1406.66 us.
----------------
Vulkan Timings:
CONCAT: 1 x 1.68 us = 1.68 us
CONT: 1 x 3.64 us = 3.64 us
FLASH_ATTN_EXT dst(256,24,1,1),  q(256,1,24,1),  k(256,256,4,1),  v(256,256,4,1),  m(256,1,1,1): 1 x 13.8 us = 13.8 us (455.903 GFLOPS/s)
GET_ROWS: 3 x 4.906 us = 14.72 us
GLU: 1 x 1.8 us = 1.8 us
MUL_MAT f32 m=256 n=24 k=256: 1 x 1.68 us = 1.68 us (1868.8 GFLOPS/s)
MUL_MAT f32 m=64 n=16 k=64: 1 x 3.6 us = 3.6 us (36.1244 GFLOPS/s)
MUL_MAT f32 m=64 n=96 k=64: 1 x 3.64 us = 3.64 us (214.365 GFLOPS/s)
MUL_MAT_ADD MUL_MAT_VEC q6_K m=5120 n=1 k=17408: 1 x 122.72 us = 122.72 us (1452.52 GFLOPS/s)
MUL_MAT_ADD MUL_MAT_VEC q6_K m=5120 n=1 k=6144: 1 x 53.6 us = 53.6 us (1173.68 GFLOPS/s)
MUL_MAT_VEC f32 m=256 n=4 k=256: 1 x 3.04 us = 3.04 us (172.126 GFLOPS/s)
MUL_MAT_VEC q6_K m=1024 n=1 k=5120: 2 x 7.02 us = 14.04 us (1493.55 GFLOPS/s)
MUL_MAT_VEC q6_K m=12288 n=1 k=5120: 1 x 93.68 us = 93.68 us (1343.05 GFLOPS/s)
MUL_MAT_VEC q6_K m=17408 n=1 k=5120: 2 x 121.34 us = 242.68 us (1468.93 GFLOPS/s)
MUL_MAT_VEC q6_K m=98304 n=1 k=5120: 1 x 673.21 us = 673.21 us (1495.13 GFLOPS/s)
MUL_MAT_VEC q8_0 m=5120 n=1 k=10240: 1 x 101.28 us = 101.28 us (1035.27 GFLOPS/s)
PAD: 1 x 6.36 us = 6.36 us
RMS_NORM_MUL RMS_NORM(256,24,1,1): 1 x 3.56 us = 3.56 us
RMS_NORM_MUL RMS_NORM(256,4,1,1): 1 x 3.6 us = 3.6 us
RMS_NORM_MUL RMS_NORM(5120,1,1,1): 5 x 3.8 us = 19 us
ROPE: 2 x 3.58 us = 7.16 us
SET_ROWS: 2 x 2.9 us = 5.8 us
SIGMOID_MUL SIGMOID: 1 x 1.64 us = 1.64 us
TOP_K K=10 (98304,1,1,1): 1 x 8.96 us = 8.96 us
Total time: 1404.89 us.
----------------
Vulkan Timings:
CONCAT: 1 x 1.68 us = 1.68 us
CONT: 1 x 3.6 us = 3.6 us
FLASH_ATTN_EXT dst(256,24,1,1),  q(256,1,24,1),  k(256,256,4,1),  v(256,256,4,1),  m(256,1,1,1): 1 x 13.68 us = 13.68 us (459.902 GFLOPS/s)
GET_ROWS: 3 x 4.813 us = 14.44 us
GLU: 1 x 1.8 us = 1.8 us
MUL_MAT f32 m=256 n=24 k=256: 1 x 1.68 us = 1.68 us (1868.8 GFLOPS/s)
MUL_MAT f32 m=64 n=16 k=64: 1 x 3.56 us = 3.56 us (36.5303 GFLOPS/s)
MUL_MAT f32 m=64 n=96 k=64: 1 x 3.56 us = 3.56 us (219.182 GFLOPS/s)
MUL_MAT_ADD MUL_MAT_VEC q6_K m=5120 n=1 k=17408: 1 x 122.96 us = 122.96 us (1449.68 GFLOPS/s)
MUL_MAT_ADD MUL_MAT_VEC q6_K m=5120 n=1 k=6144: 1 x 53.04 us = 53.04 us (1186.08 GFLOPS/s)
MUL_MAT_VEC f32 m=256 n=4 k=256: 1 x 3 us = 3 us (174.421 GFLOPS/s)
MUL_MAT_VEC q6_K m=1024 n=1 k=5120: 2 x 7.02 us = 14.04 us (1493.55 GFLOPS/s)
MUL_MAT_VEC q6_K m=12288 n=1 k=5120: 1 x 93.44 us = 93.44 us (1346.5 GFLOPS/s)
MUL_MAT_VEC q6_K m=17408 n=1 k=5120: 2 x 121.28 us = 242.56 us (1469.66 GFLOPS/s)
MUL_MAT_VEC q6_K m=98304 n=1 k=5120: 1 x 673.9 us = 673.9 us (1493.6 GFLOPS/s)
MUL_MAT_VEC q8_0 m=5120 n=1 k=10240: 1 x 100.48 us = 100.48 us (1043.52 GFLOPS/s)
PAD: 1 x 6.4 us = 6.4 us
RMS_NORM_MUL RMS_NORM(256,24,1,1): 1 x 3.6 us = 3.6 us
RMS_NORM_MUL RMS_NORM(256,4,1,1): 1 x 3.6 us = 3.6 us
RMS_NORM_MUL RMS_NORM(5120,1,1,1): 5 x 3.744 us = 18.72 us
ROPE: 2 x 3.6 us = 7.2 us
SET_ROWS: 2 x 2.9 us = 5.8 us
SIGMOID_MUL SIGMOID: 1 x 1.64 us = 1.64 us
TOP_K K=10 (98304,1,1,1): 1 x 9.12 us = 9.12 us
Total time: 1403.5 us.
----------------
Vulkan Timings:
ADD: 48 x 3.952 us = 189.72 us
CONT: 16 x 3.81 us = 60.96 us
FLASH_ATTN_EXT dst(256,24,5,1),  q(256,5,24,1),  k(256,256,4,1),  v(256,256,4,1),  m(256,5,1,1): 16 x 24.037 us = 384.6 us (1308.68 GFLOPS/s)
GDN_CACHE GATED_DELTA_NET: 48 x 14.569 us = 699.32 us
GDN_CONV_STATE CONCAT: 48 x 3.199 us = 153.56 us
GET_ROWS: 3 x 12.013 us = 36.04 us
GLU: 64 x 2.435 us = 155.84 us
MUL_MAT f32 m=256 n=120 k=256: 16 x 1.772 us = 28.36 us (8856.37 GFLOPS/s)
MUL_MAT f32 m=256 n=20 k=256: 16 x 3.237 us = 51.8 us (808.13 GFLOPS/s)
MUL_MAT f32 m=64 n=480 k=64: 16 x 3.825 us = 61.2 us (1019.98 GFLOPS/s)
MUL_MAT f32 m=64 n=80 k=64: 16 x 3.815 us = 61.04 us (170.443 GFLOPS/s)
MUL_MAT_ADD MUL_MAT_VEC q6_K m=5120 n=5 k=17408: 64 x 130.241 us = 8335.44 us (6843.18 GFLOPS/s)
MUL_MAT_ADD MUL_MAT_VEC q6_K m=5120 n=5 k=6144: 16 x 55.825 us = 893.2 us (5634.52 GFLOPS/s)
MUL_MAT_GROUP MUL_MAT_VEC q6_K m=10240 n=5 k=5120: 47 x 118.412 us = 5565.4 us (4427.2 GFLOPS/s)
MUL_MAT_GROUP MUL_MAT_VEC q6_K m=12288 n=5 k=5120: 16 x 104.562 us = 1673 us (6016.35 GFLOPS/s)
MUL_MAT_GROUP MUL_MAT_VEC q6_K m=17408 n=5 k=5120: 64 x 266.539 us = 17058.5 us (3343.61 GFLOPS/s)
MUL_MAT_VEC f32 m=48 n=5 k=5120: 96 x 6.531 us = 627 us (376.247 GFLOPS/s)
MUL_MAT_VEC q6_K m=10240 n=5 k=5120: 1 x 80.2 us = 80.2 us (6536.62 GFLOPS/s)
MUL_MAT_VEC q6_K m=248320 n=5 k=5120: 1 x 1686.52 us = 1686.52 us (7537.85 GFLOPS/s)
MUL_MAT_VEC q6_K m=6144 n=5 k=5120: 1 x 49.48 us = 49.48 us (6356.95 GFLOPS/s)
MUL_MAT_VEC q8_0 m=5120 n=5 k=6144: 48 x 60.882 us = 2922.36 us (5166.46 GFLOPS/s)
RMS_NORM_MUL RMS_NORM(256,24,5,1): 16 x 3.93 us = 62.88 us
RMS_NORM_MUL RMS_NORM(256,4,5,1): 16 x 3.725 us = 59.6 us
RMS_NORM_MUL RMS_NORM(5120,5,1,1): 129 x 4.425 us = 570.88 us
RMS_NORM_MUL_SILU_MUL RMS_NORM(128,48,5,1): 48 x 6.066 us = 291.2 us
RMS_NORM_SCALE RMS_NORM(128,16,5,1): 96 x 2.502 us = 240.2 us
ROPE: 32 x 3.78 us = 120.96 us
SET_ROWS: 32 x 2.988 us = 95.64 us
SIGMOID_MUL SIGMOID: 16 x 3.842 us = 61.48 us
SSM_CONV_SILU SSM_CONV: 48 x 4.963 us = 238.24 us
Total time: 42514.6 us.
----------------
Vulkan Timings:
CONCAT: 1 x 4.04 us = 4.04 us
CONT: 1 x 3.96 us = 3.96 us
FLASH_ATTN_EXT dst(256,24,5,1),  q(256,5,24,1),  k(256,256,4,1),  v(256,256,4,1),  m(256,5,1,1): 1 x 24.6 us = 24.6 us (1278.75 GFLOPS/s)
GET_ROWS: 1 x 7.16 us = 7.16 us
GLU: 1 x 1.84 us = 1.84 us
MUL_MAT f32 m=256 n=120 k=256: 1 x 1.84 us = 1.84 us (8531.48 GFLOPS/s)
MUL_MAT f32 m=256 n=20 k=256: 1 x 3.32 us = 3.32 us (788.048 GFLOPS/s)
MUL_MAT f32 m=64 n=480 k=64: 1 x 4 us = 4 us (975.36 GFLOPS/s)
MUL_MAT f32 m=64 n=80 k=64: 1 x 3.92 us = 3.92 us (165.878 GFLOPS/s)
MUL_MAT_ADD MUL_MAT_VEC q6_K m=5120 n=5 k=17408: 1 x 156.16 us = 156.16 us (5707.38 GFLOPS/s)
MUL_MAT_ADD MUL_MAT_VEC q6_K m=5120 n=5 k=6144: 1 x 56.72 us = 56.72 us (5545.61 GFLOPS/s)
MUL_MAT_GROUP MUL_MAT_VEC q6_K m=12288 n=5 k=5120: 1 x 131.35 us = 131.35 us (4789.37 GFLOPS/s)
MUL_MAT_GROUP MUL_MAT_VEC q6_K m=17408 n=5 k=5120: 1 x 255.88 us = 255.88 us (3482.89 GFLOPS/s)
MUL_MAT_VEC q8_0 m=5120 n=5 k=10240: 1 x 108.04 us = 108.04 us (4852.48 GFLOPS/s)
RMS_NORM_MUL RMS_NORM(256,24,5,1): 1 x 3.84 us = 3.84 us
RMS_NORM_MUL RMS_NORM(256,4,5,1): 1 x 3.96 us = 3.96 us
RMS_NORM_MUL RMS_NORM(5120,5,1,1): 5 x 9.436 us = 47.18 us
ROPE: 2 x 3.92 us = 7.84 us
SET_ROWS: 2 x 3.14 us = 6.28 us
SIGMOID_MUL SIGMOID: 1 x 4 us = 4 us
Total time: 835.93 us.
----------------
Vulkan Timings:
CONCAT: 1 x 1.72 us = 1.72 us
CONT: 1 x 3.8 us = 3.8 us
FLASH_ATTN_EXT dst(256,24,1,1),  q(256,1,24,1),  k(256,256,4,1),  v(256,256,4,1),  m(256,1,1,1): 1 x 14 us = 14 us (449.39 GFLOPS/s)
GET_ROWS: 3 x 5.2 us = 15.6 us
GLU: 1 x 1.92 us = 1.92 us
MUL_MAT f32 m=256 n=24 k=256: 1 x 1.64 us = 1.64 us (1914.38 GFLOPS/s)
MUL_MAT f32 m=64 n=16 k=64: 1 x 1.92 us = 1.92 us (67.7333 GFLOPS/s)
MUL_MAT f32 m=64 n=96 k=64: 1 x 3.48 us = 3.48 us (224.221 GFLOPS/s)
MUL_MAT_ADD MUL_MAT_VEC q6_K m=5120 n=1 k=17408: 1 x 123.84 us = 123.84 us (1439.38 GFLOPS/s)
MUL_MAT_ADD MUL_MAT_VEC q6_K m=5120 n=1 k=6144: 1 x 47.96 us = 47.96 us (1311.71 GFLOPS/s)
MUL_MAT_VEC f32 m=256 n=4 k=256: 1 x 3.28 us = 3.28 us (159.532 GFLOPS/s)
MUL_MAT_VEC q6_K m=1024 n=1 k=5120: 2 x 8.84 us = 17.68 us (1186.06 GFLOPS/s)
MUL_MAT_VEC q6_K m=12288 n=1 k=5120: 1 x 90.4 us = 90.4 us (1391.78 GFLOPS/s)
MUL_MAT_VEC q6_K m=17408 n=1 k=5120: 2 x 121.86 us = 243.72 us (1462.67 GFLOPS/s)
MUL_MAT_VEC q6_K m=98304 n=1 k=5120: 1 x 674.88 us = 674.88 us (1491.43 GFLOPS/s)
MUL_MAT_VEC q8_0 m=5120 n=1 k=10240: 1 x 97.88 us = 97.88 us (1071.23 GFLOPS/s)
PAD: 1 x 6.76 us = 6.76 us
RMS_NORM_MUL RMS_NORM(256,24,1,1): 1 x 6.44 us = 6.44 us
RMS_NORM_MUL RMS_NORM(256,4,1,1): 1 x 5.4 us = 5.4 us
RMS_NORM_MUL RMS_NORM(5120,1,1,1): 5 x 4.568 us = 22.84 us
ROPE: 2 x 3.66 us = 7.32 us
SET_ROWS: 2 x 3 us = 6 us
SIGMOID_MUL SIGMOID: 1 x 1.6 us = 1.6 us
TOP_K K=10 (98304,1,1,1): 1 x 9.48 us = 9.48 us
Total time: 1409.56 us.
----------------
Vulkan Timings:
CONCAT: 1 x 1.72 us = 1.72 us
CONT: 1 x 3.88 us = 3.88 us
FLASH_ATTN_EXT dst(256,24,1,1),  q(256,1,24,1),  k(256,256,4,1),  v(256,256,4,1),  m(256,1,1,1): 1 x 14.36 us = 14.36 us (438.124 GFLOPS/s)
GET_ROWS: 3 x 5.16 us = 15.48 us
GLU: 1 x 1.72 us = 1.72 us
MUL_MAT f32 m=256 n=24 k=256: 1 x 2.24 us = 2.24 us (1401.6 GFLOPS/s)
MUL_MAT f32 m=64 n=16 k=64: 1 x 3.88 us = 3.88 us (33.5175 GFLOPS/s)
MUL_MAT f32 m=64 n=96 k=64: 1 x 3.84 us = 3.84 us (203.2 GFLOPS/s)
MUL_MAT_ADD MUL_MAT_VEC q6_K m=5120 n=1 k=17408: 1 x 123.64 us = 123.64 us (1441.71 GFLOPS/s)
MUL_MAT_ADD MUL_MAT_VEC q6_K m=5120 n=1 k=6144: 1 x 53.84 us = 53.84 us (1168.45 GFLOPS/s)
MUL_MAT_VEC f32 m=256 n=4 k=256: 1 x 0.76 us = 0.76 us (688.505 GFLOPS/s)
MUL_MAT_VEC q6_K m=1024 n=1 k=5120: 2 x 8.92 us = 17.84 us (1175.42 GFLOPS/s)
MUL_MAT_VEC q6_K m=12288 n=1 k=5120: 1 x 85.88 us = 85.88 us (1465.03 GFLOPS/s)
MUL_MAT_VEC q6_K m=17408 n=1 k=5120: 2 x 121.08 us = 242.16 us (1472.09 GFLOPS/s)
MUL_MAT_VEC q6_K m=98304 n=1 k=5120: 1 x 675.84 us = 675.84 us (1489.31 GFLOPS/s)
MUL_MAT_VEC q8_0 m=5120 n=1 k=10240: 1 x 101.04 us = 101.04 us (1037.73 GFLOPS/s)
PAD: 1 x 6.64 us = 6.64 us
RMS_NORM_MUL RMS_NORM(256,24,1,1): 1 x 5.84 us = 5.84 us
RMS_NORM_MUL RMS_NORM(256,4,1,1): 1 x 3.92 us = 3.92 us
RMS_NORM_MUL RMS_NORM(5120,1,1,1): 5 x 3.864 us = 19.32 us
ROPE: 2 x 3.84 us = 7.68 us
SET_ROWS: 2 x 4.14 us = 8.28 us
SIGMOID_MUL SIGMOID: 1 x 1.72 us = 1.72 us
TOP_K K=10 (98304,1,1,1): 1 x 9.4 us = 9.4 us
Total time: 1410.92 us.
----------------
Vulkan Timings:
CONCAT: 1 x 1.68 us = 1.68 us
CONT: 1 x 3.84 us = 3.84 us
FLASH_ATTN_EXT dst(256,24,1,1),  q(256,1,24,1),  k(256,256,4,1),  v(256,256,4,1),  m(256,1,1,1): 1 x 14.12 us = 14.12 us (445.571 GFLOPS/s)
GET_ROWS: 3 x 5.053 us = 15.16 us
GLU: 1 x 1.76 us = 1.76 us
MUL_MAT f32 m=256 n=24 k=256: 1 x 1.6 us = 1.6 us (1962.24 GFLOPS/s)
MUL_MAT f32 m=64 n=16 k=64: 1 x 3.8 us = 3.8 us (34.2232 GFLOPS/s)
MUL_MAT f32 m=64 n=96 k=64: 1 x 3.8 us = 3.8 us (205.339 GFLOPS/s)
MUL_MAT_ADD MUL_MAT_VEC q6_K m=5120 n=1 k=17408: 1 x 124.56 us = 124.56 us (1431.06 GFLOPS/s)
MUL_MAT_ADD MUL_MAT_VEC q6_K m=5120 n=1 k=6144: 1 x 54.44 us = 54.44 us (1155.57 GFLOPS/s)
MUL_MAT_VEC f32 m=256 n=4 k=256: 1 x 3.2 us = 3.2 us (163.52 GFLOPS/s)
MUL_MAT_VEC q6_K m=1024 n=1 k=5120: 2 x 8.9 us = 17.8 us (1178.06 GFLOPS/s)
MUL_MAT_VEC q6_K m=12288 n=1 k=5120: 1 x 85.68 us = 85.68 us (1468.45 GFLOPS/s)
MUL_MAT_VEC q6_K m=17408 n=1 k=5120: 2 x 121.24 us = 242.48 us (1470.15 GFLOPS/s)
MUL_MAT_VEC q6_K m=98304 n=1 k=5120: 1 x 675.22 us = 675.22 us (1490.68 GFLOPS/s)
MUL_MAT_VEC q8_0 m=5120 n=1 k=10240: 1 x 102.2 us = 102.2 us (1025.95 GFLOPS/s)
PAD: 1 x 6.48 us = 6.48 us
RMS_NORM_MUL RMS_NORM(256,24,1,1): 1 x 5.68 us = 5.68 us
RMS_NORM_MUL RMS_NORM(256,4,1,1): 1 x 3.8 us = 3.8 us
RMS_NORM_MUL RMS_NORM(5120,1,1,1): 5 x 3.784 us = 18.92 us
ROPE: 2 x 3.78 us = 7.56 us
SET_ROWS: 2 x 2.96 us = 5.92 us
SIGMOID_MUL SIGMOID: 1 x 1.72 us = 1.72 us
TOP_K K=10 (98304,1,1,1): 1 x 9.2 us = 9.2 us
Total time: 1410.62 us.
----------------
Vulkan Timings:
CONCAT: 1 x 1.72 us = 1.72 us
CONT: 1 x 3.8 us = 3.8 us
FLASH_ATTN_EXT dst(256,24,1,1),  q(256,1,24,1),  k(256,256,4,1),  v(256,256,4,1),  m(256,1,1,1): 1 x 13.8 us = 13.8 us (455.903 GFLOPS/s)
GET_ROWS: 3 x 5.04 us = 15.12 us
GLU: 1 x 1.8 us = 1.8 us
MUL_MAT f32 m=256 n=24 k=256: 1 x 1.68 us = 1.68 us (1868.8 GFLOPS/s)
MUL_MAT f32 m=64 n=16 k=64: 1 x 3.8 us = 3.8 us (34.2232 GFLOPS/s)
MUL_MAT f32 m=64 n=96 k=64: 1 x 3.76 us = 3.76 us (207.523 GFLOPS/s)
MUL_MAT_ADD MUL_MAT_VEC q6_K m=5120 n=1 k=17408: 1 x 122.32 us = 122.32 us (1457.27 GFLOPS/s)
MUL_MAT_ADD MUL_MAT_VEC q6_K m=5120 n=1 k=6144: 1 x 54.12 us = 54.12 us (1162.41 GFLOPS/s)
MUL_MAT_VEC f32 m=256 n=4 k=256: 1 x 3.24 us = 3.24 us (161.501 GFLOPS/s)
MUL_MAT_VEC q6_K m=1024 n=1 k=5120: 2 x 8.88 us = 17.76 us (1180.71 GFLOPS/s)
MUL_MAT_VEC q6_K m=12288 n=1 k=5120: 1 x 85.56 us = 85.56 us (1470.51 GFLOPS/s)
MUL_MAT_VEC q6_K m=17408 n=1 k=5120: 2 x 121.44 us = 242.88 us (1467.72 GFLOPS/s)
MUL_MAT_VEC q6_K m=98304 n=1 k=5120: 1 x 673.17 us = 673.17 us (1495.22 GFLOPS/s)
MUL_MAT_VEC q8_0 m=5120 n=1 k=10240: 1 x 101.36 us = 101.36 us (1034.46 GFLOPS/s)
PAD: 1 x 6.48 us = 6.48 us
RMS_NORM_MUL RMS_NORM(256,24,1,1): 1 x 5.6 us = 5.6 us
RMS_NORM_MUL RMS_NORM(256,4,1,1): 1 x 3.8 us = 3.8 us
RMS_NORM_MUL RMS_NORM(5120,1,1,1): 5 x 3.784 us = 18.92 us
ROPE: 2 x 3.76 us = 7.52 us
SET_ROWS: 2 x 2.98 us = 5.96 us
SIGMOID_MUL SIGMOID: 1 x 1.64 us = 1.64 us
TOP_K K=10 (98304,1,1,1): 1 x 9.16 us = 9.16 us
Total time: 1404.97 us.
----------------
Vulkan Timings:
ADD: 48 x 3.927 us = 188.52 us
CONT: 16 x 3.82 us = 61.12 us
FLASH_ATTN_EXT dst(256,24,5,1),  q(256,5,24,1),  k(256,256,4,1),  v(256,256,4,1),  m(256,5,1,1): 16 x 23.15 us = 370.4 us (1358.85 GFLOPS/s)
GDN_CACHE GATED_DELTA_NET: 48 x 13.816 us = 663.2 us
GDN_CONV_STATE CONCAT: 48 x 2.952 us = 141.72 us
GET_ROWS: 3 x 11.693 us = 35.08 us
GLU: 64 x 2.343 us = 150 us
MUL_MAT f32 m=256 n=120 k=256: 16 x 1.697 us = 27.16 us (9247.67 GFLOPS/s)
MUL_MAT f32 m=256 n=20 k=256: 16 x 3.237 us = 51.8 us (808.13 GFLOPS/s)
MUL_MAT f32 m=64 n=480 k=64: 16 x 3.8 us = 60.8 us (1026.69 GFLOPS/s)
MUL_MAT f32 m=64 n=80 k=64: 16 x 3.797 us = 60.76 us (171.228 GFLOPS/s)
MUL_MAT_ADD MUL_MAT_VEC q6_K m=5120 n=5 k=17408: 64 x 129.609 us = 8295 us (6876.54 GFLOPS/s)
MUL_MAT_ADD MUL_MAT_VEC q6_K m=5120 n=5 k=6144: 16 x 55.452 us = 887.24 us (5672.37 GFLOPS/s)
MUL_MAT_GROUP MUL_MAT_VEC q6_K m=10240 n=5 k=5120: 47 x 118.151 us = 5553.12 us (4436.99 GFLOPS/s)
MUL_MAT_GROUP MUL_MAT_VEC q6_K m=12288 n=5 k=5120: 16 x 104.285 us = 1668.56 us (6032.36 GFLOPS/s)
MUL_MAT_GROUP MUL_MAT_VEC q6_K m=17408 n=5 k=5120: 64 x 266.685 us = 17067.8 us (3341.78 GFLOPS/s)
MUL_MAT_VEC f32 m=48 n=5 k=5120: 96 x 6.777 us = 650.68 us (362.554 GFLOPS/s)
MUL_MAT_VEC q6_K m=10240 n=5 k=5120: 1 x 79.72 us = 79.72 us (6575.98 GFLOPS/s)
MUL_MAT_VEC q6_K m=248320 n=5 k=5120: 1 x 1685.4 us = 1685.4 us (7542.86 GFLOPS/s)
MUL_MAT_VEC q6_K m=6144 n=5 k=5120: 1 x 51.4 us = 51.4 us (6119.5 GFLOPS/s)
MUL_MAT_VEC q8_0 m=5120 n=5 k=6144: 48 x 60.649 us = 2911.16 us (5186.34 GFLOPS/s)
RMS_NORM_MUL RMS_NORM(256,24,5,1): 16 x 3.935 us = 62.96 us
RMS_NORM_MUL RMS_NORM(256,4,5,1): 16 x 3.722 us = 59.56 us
RMS_NORM_MUL RMS_NORM(5120,5,1,1): 129 x 4.354 us = 561.68 us
RMS_NORM_MUL_SILU_MUL RMS_NORM(128,48,5,1): 48 x 6.066 us = 291.2 us
RMS_NORM_SCALE RMS_NORM(128,16,5,1): 96 x 2.478 us = 237.92 us
ROPE: 32 x 3.772 us = 120.72 us
SET_ROWS: 32 x 2.985 us = 95.52 us
SIGMOID_MUL SIGMOID: 16 x 3.825 us = 61.2 us
SSM_CONV_SILU SSM_CONV: 48 x 4.9 us = 235.2 us
Total time: 42386.6 us.
----------------
Vulkan Timings:
CONCAT: 1 x 3.88 us = 3.88 us
CONT: 1 x 3.84 us = 3.84 us
FLASH_ATTN_EXT dst(256,24,5,1),  q(256,5,24,1),  k(256,256,4,1),  v(256,256,4,1),  m(256,5,1,1): 1 x 23.28 us = 23.28 us (1351.26 GFLOPS/s)
GET_ROWS: 1 x 6.84 us = 6.84 us
GLU: 1 x 1.72 us = 1.72 us
MUL_MAT f32 m=256 n=120 k=256: 1 x 1.68 us = 1.68 us (9344 GFLOPS/s)
MUL_MAT f32 m=256 n=20 k=256: 1 x 3.2 us = 3.2 us (817.6 GFLOPS/s)
MUL_MAT f32 m=64 n=480 k=64: 1 x 3.84 us = 3.84 us (1016 GFLOPS/s)
MUL_MAT f32 m=64 n=80 k=64: 1 x 3.8 us = 3.8 us (171.116 GFLOPS/s)
MUL_MAT_ADD MUL_MAT_VEC q6_K m=5120 n=5 k=17408: 1 x 174.84 us = 174.84 us (5097.6 GFLOPS/s)
MUL_MAT_ADD MUL_MAT_VEC q6_K m=5120 n=5 k=6144: 1 x 55.52 us = 55.52 us (5665.48 GFLOPS/s)
MUL_MAT_GROUP MUL_MAT_VEC q6_K m=12288 n=5 k=5120: 1 x 133.67 us = 133.67 us (4706.25 GFLOPS/s)
MUL_MAT_GROUP MUL_MAT_VEC q6_K m=17408 n=5 k=5120: 1 x 254.68 us = 254.68 us (3499.3 GFLOPS/s)
MUL_MAT_VEC q8_0 m=5120 n=5 k=10240: 1 x 106.48 us = 106.48 us (4923.58 GFLOPS/s)
RMS_NORM_MUL RMS_NORM(256,24,5,1): 1 x 3.72 us = 3.72 us
RMS_NORM_MUL RMS_NORM(256,4,5,1): 1 x 3.72 us = 3.72 us
RMS_NORM_MUL RMS_NORM(5120,5,1,1): 5 x 9.846 us = 49.23 us
ROPE: 2 x 3.78 us = 7.56 us
SET_ROWS: 2 x 2.98 us = 5.96 us
SIGMOID_MUL SIGMOID: 1 x 3.84 us = 3.84 us
Total time: 851.3 us.
----------------
Vulkan Timings:
CONCAT: 1 x 1.6 us = 1.6 us
CONT: 1 x 3.52 us = 3.52 us
FLASH_ATTN_EXT dst(256,24,1,1),  q(256,1,24,1),  k(256,256,4,1),  v(256,256,4,1),  m(256,1,1,1): 1 x 13.6 us = 13.6 us (462.607 GFLOPS/s)
GET_ROWS: 3 x 4.813 us = 14.44 us
GLU: 1 x 1.64 us = 1.64 us
MUL_MAT f32 m=256 n=24 k=256: 1 x 1.64 us = 1.64 us (1914.38 GFLOPS/s)
MUL_MAT f32 m=64 n=16 k=64: 1 x 3.32 us = 3.32 us (39.1711 GFLOPS/s)
MUL_MAT f32 m=64 n=96 k=64: 1 x 3.2 us = 3.2 us (243.84 GFLOPS/s)
MUL_MAT_ADD MUL_MAT_VEC q6_K m=5120 n=1 k=17408: 1 x 123 us = 123 us (1449.21 GFLOPS/s)
MUL_MAT_ADD MUL_MAT_VEC q6_K m=5120 n=1 k=6144: 1 x 47.44 us = 47.44 us (1326.08 GFLOPS/s)
MUL_MAT_VEC f32 m=256 n=4 k=256: 1 x 3 us = 3 us (174.421 GFLOPS/s)
MUL_MAT_VEC q6_K m=1024 n=1 k=5120: 2 x 8.88 us = 17.76 us (1180.71 GFLOPS/s)
MUL_MAT_VEC q6_K m=12288 n=1 k=5120: 1 x 89.44 us = 89.44 us (1406.72 GFLOPS/s)
MUL_MAT_VEC q6_K m=17408 n=1 k=5120: 2 x 121.46 us = 242.92 us (1467.48 GFLOPS/s)
MUL_MAT_VEC q6_K m=98304 n=1 k=5120: 1 x 674.11 us = 674.11 us (1493.13 GFLOPS/s)
MUL_MAT_VEC q8_0 m=5120 n=1 k=10240: 1 x 96.88 us = 96.88 us (1082.29 GFLOPS/s)
PAD: 1 x 6.4 us = 6.4 us
RMS_NORM_MUL RMS_NORM(256,24,1,1): 1 x 5.44 us = 5.44 us
RMS_NORM_MUL RMS_NORM(256,4,1,1): 1 x 3.48 us = 3.48 us
RMS_NORM_MUL RMS_NORM(5120,1,1,1): 5 x 4.264 us = 21.32 us
ROPE: 2 x 3.34 us = 6.68 us
SET_ROWS: 2 x 2.8 us = 5.6 us
SIGMOID_MUL SIGMOID: 1 x 1.56 us = 1.56 us
TOP_K K=10 (98304,1,1,1): 1 x 9.08 us = 9.08 us
Total time: 1397.07 us.
----------------
Vulkan Timings:
CONCAT: 1 x 1.64 us = 1.64 us
CONT: 1 x 3.56 us = 3.56 us
FLASH_ATTN_EXT dst(256,24,1,1),  q(256,1,24,1),  k(256,256,4,1),  v(256,256,4,1),  m(256,1,1,1): 1 x 13.8 us = 13.8 us (455.903 GFLOPS/s)
GET_ROWS: 3 x 4.906 us = 14.72 us
GLU: 1 x 1.72 us = 1.72 us
MUL_MAT f32 m=256 n=24 k=256: 1 x 1.6 us = 1.6 us (1962.24 GFLOPS/s)
MUL_MAT f32 m=64 n=16 k=64: 1 x 3.6 us = 3.6 us (36.1244 GFLOPS/s)
MUL_MAT f32 m=64 n=96 k=64: 1 x 3.64 us = 3.64 us (214.365 GFLOPS/s)
MUL_MAT_ADD MUL_MAT_VEC q6_K m=5120 n=1 k=17408: 1 x 123.16 us = 123.16 us (1447.33 GFLOPS/s)
MUL_MAT_ADD MUL_MAT_VEC q6_K m=5120 n=1 k=6144: 1 x 53.16 us = 53.16 us (1183.4 GFLOPS/s)
MUL_MAT_VEC f32 m=256 n=4 k=256: 1 x 3 us = 3 us (174.421 GFLOPS/s)
MUL_MAT_VEC q6_K m=1024 n=1 k=5120: 2 x 6.84 us = 13.68 us (1532.86 GFLOPS/s)
MUL_MAT_VEC q6_K m=12288 n=1 k=5120: 1 x 92.96 us = 92.96 us (1353.45 GFLOPS/s)
MUL_MAT_VEC q6_K m=17408 n=1 k=5120: 2 x 121.44 us = 242.88 us (1467.72 GFLOPS/s)
MUL_MAT_VEC q6_K m=98304 n=1 k=5120: 1 x 672.84 us = 672.84 us (1495.95 GFLOPS/s)
MUL_MAT_VEC q8_0 m=5120 n=1 k=10240: 1 x 101.76 us = 101.76 us (1030.39 GFLOPS/s)
PAD: 1 x 6.36 us = 6.36 us
RMS_NORM_MUL RMS_NORM(256,24,1,1): 1 x 3.64 us = 3.64 us
RMS_NORM_MUL RMS_NORM(256,4,1,1): 1 x 3.6 us = 3.6 us
RMS_NORM_MUL RMS_NORM(5120,1,1,1): 5 x 3.768 us = 18.84 us
ROPE: 2 x 3.6 us = 7.2 us
SET_ROWS: 2 x 2.88 us = 5.76 us
SIGMOID_MUL SIGMOID: 1 x 1.72 us = 1.72 us
TOP_K K=10 (98304,1,1,1): 1 x 9.44 us = 9.44 us
Total time: 1404.28 us.
----------------
Vulkan Timings:
CONCAT: 1 x 1.64 us = 1.64 us
CONT: 1 x 3.6 us = 3.6 us
FLASH_ATTN_EXT dst(256,24,1,1),  q(256,1,24,1),  k(256,256,4,1),  v(256,256,4,1),  m(256,1,1,1): 1 x 13.92 us = 13.92 us (451.972 GFLOPS/s)
GET_ROWS: 3 x 4.8 us = 14.4 us
GLU: 1 x 1.72 us = 1.72 us
MUL_MAT f32 m=256 n=24 k=256: 1 x 1.72 us = 1.72 us (1825.34 GFLOPS/s)
MUL_MAT f32 m=64 n=16 k=64: 1 x 3.6 us = 3.6 us (36.1244 GFLOPS/s)
MUL_MAT f32 m=64 n=96 k=64: 1 x 3.6 us = 3.6 us (216.747 GFLOPS/s)
MUL_MAT_ADD MUL_MAT_VEC q6_K m=5120 n=1 k=17408: 1 x 122.64 us = 122.64 us (1453.46 GFLOPS/s)
MUL_MAT_ADD MUL_MAT_VEC q6_K m=5120 n=1 k=6144: 1 x 53 us = 53 us (1186.97 GFLOPS/s)
MUL_MAT_VEC f32 m=256 n=4 k=256: 1 x 3 us = 3 us (174.421 GFLOPS/s)
MUL_MAT_VEC q6_K m=1024 n=1 k=5120: 2 x 8.78 us = 17.56 us (1194.16 GFLOPS/s)
MUL_MAT_VEC q6_K m=12288 n=1 k=5120: 1 x 85.56 us = 85.56 us (1470.51 GFLOPS/s)
MUL_MAT_VEC q6_K m=17408 n=1 k=5120: 2 x 121.76 us = 243.52 us (1463.87 GFLOPS/s)
MUL_MAT_VEC q6_K m=98304 n=1 k=5120: 1 x 673.73 us = 673.73 us (1493.97 GFLOPS/s)
MUL_MAT_VEC q8_0 m=5120 n=1 k=10240: 1 x 101.24 us = 101.24 us (1035.68 GFLOPS/s)
PAD: 1 x 6.4 us = 6.4 us
RMS_NORM_MUL RMS_NORM(256,24,1,1): 1 x 5.24 us = 5.24 us
RMS_NORM_MUL RMS_NORM(256,4,1,1): 1 x 3.56 us = 3.56 us
RMS_NORM_MUL RMS_NORM(5120,1,1,1): 5 x 3.76 us = 18.8 us
ROPE: 2 x 3.56 us = 7.12 us
SET_ROWS: 2 x 2.92 us = 5.84 us
SIGMOID_MUL SIGMOID: 1 x 1.72 us = 1.72 us
TOP_K K=10 (98304,1,1,1): 1 x 8.88 us = 8.88 us
Total time: 1402.01 us.
----------------
Vulkan Timings:
CONCAT: 1 x 1.68 us = 1.68 us
CONT: 1 x 3.6 us = 3.6 us
FLASH_ATTN_EXT dst(256,24,1,1),  q(256,1,24,1),  k(256,256,4,1),  v(256,256,4,1),  m(256,1,1,1): 1 x 13.84 us = 13.84 us (454.585 GFLOPS/s)
GET_ROWS: 3 x 4.906 us = 14.72 us
GLU: 1 x 1.84 us = 1.84 us
MUL_MAT f32 m=256 n=24 k=256: 1 x 1.68 us = 1.68 us (1868.8 GFLOPS/s)
MUL_MAT f32 m=64 n=16 k=64: 1 x 3.64 us = 3.64 us (35.7275 GFLOPS/s)
MUL_MAT f32 m=64 n=96 k=64: 1 x 3.6 us = 3.6 us (216.747 GFLOPS/s)
MUL_MAT_ADD MUL_MAT_VEC q6_K m=5120 n=1 k=17408: 1 x 123.24 us = 123.24 us (1446.39 GFLOPS/s)
MUL_MAT_ADD MUL_MAT_VEC q6_K m=5120 n=1 k=6144: 1 x 52.36 us = 52.36 us (1201.48 GFLOPS/s)
MUL_MAT_VEC f32 m=256 n=4 k=256: 1 x 3 us = 3 us (174.421 GFLOPS/s)
MUL_MAT_VEC q6_K m=1024 n=1 k=5120: 2 x 6.86 us = 13.72 us (1528.39 GFLOPS/s)
MUL_MAT_VEC q6_K m=12288 n=1 k=5120: 1 x 93.16 us = 93.16 us (1350.55 GFLOPS/s)
MUL_MAT_VEC q6_K m=17408 n=1 k=5120: 2 x 121.04 us = 242.08 us (1472.58 GFLOPS/s)
MUL_MAT_VEC q6_K m=98304 n=1 k=5120: 1 x 673.67 us = 673.67 us (1494.11 GFLOPS/s)
MUL_MAT_VEC q8_0 m=5120 n=1 k=10240: 1 x 102.24 us = 102.24 us (1025.55 GFLOPS/s)
PAD: 1 x 6.32 us = 6.32 us
RMS_NORM_MUL RMS_NORM(256,24,1,1): 1 x 3.6 us = 3.6 us
RMS_NORM_MUL RMS_NORM(256,4,1,1): 1 x 3.64 us = 3.64 us
RMS_NORM_MUL RMS_NORM(5120,1,1,1): 5 x 3.872 us = 19.36 us
ROPE: 2 x 3.62 us = 7.24 us
SET_ROWS: 2 x 2.88 us = 5.76 us
SIGMOID_MUL SIGMOID: 1 x 2.6 us = 2.6 us
TOP_K K=10 (98304,1,1,1): 1 x 8.88 us = 8.88 us
Total time: 1405.47 us.
----------------
Vulkan Timings:
ADD: 48 x 3.799 us = 182.36 us
CONT: 16 x 3.682 us = 58.92 us
FLASH_ATTN_EXT dst(256,24,5,1),  q(256,5,24,1),  k(256,256,4,1),  v(256,256,4,1),  m(256,5,1,1): 16 x 23.25 us = 372 us (1353 GFLOPS/s)
GDN_CACHE GATED_DELTA_NET: 48 x 14.685 us = 704.92 us
GDN_CONV_STATE CONCAT: 48 x 3.064 us = 147.08 us
GET_ROWS: 3 x 11.693 us = 35.08 us
GLU: 64 x 2.316 us = 148.24 us
MUL_MAT f32 m=256 n=120 k=256: 16 x 1.7 us = 27.2 us (9234.07 GFLOPS/s)
MUL_MAT f32 m=256 n=20 k=256: 16 x 3.112 us = 49.8 us (840.585 GFLOPS/s)
MUL_MAT f32 m=64 n=480 k=64: 16 x 3.677 us = 58.84 us (1060.89 GFLOPS/s)
MUL_MAT f32 m=64 n=80 k=64: 16 x 3.67 us = 58.72 us (177.177 GFLOPS/s)
MUL_MAT_ADD MUL_MAT_VEC q6_K m=5120 n=5 k=17408: 64 x 129.38 us = 8280.32 us (6888.73 GFLOPS/s)
MUL_MAT_ADD MUL_MAT_VEC q6_K m=5120 n=5 k=6144: 16 x 55.88 us = 894.08 us (5628.98 GFLOPS/s)
MUL_MAT_GROUP MUL_MAT_VEC q6_K m=10240 n=5 k=5120: 47 x 118.048 us = 5548.28 us (4440.86 GFLOPS/s)
MUL_MAT_GROUP MUL_MAT_VEC q6_K m=12288 n=5 k=5120: 16 x 104.395 us = 1670.32 us (6026 GFLOPS/s)
MUL_MAT_GROUP MUL_MAT_VEC q6_K m=17408 n=5 k=5120: 64 x 266.818 us = 17076.4 us (3340.11 GFLOPS/s)
MUL_MAT_VEC f32 m=48 n=5 k=5120: 96 x 6.345 us = 609.12 us (387.291 GFLOPS/s)
MUL_MAT_VEC q6_K m=10240 n=5 k=5120: 1 x 79.88 us = 79.88 us (6562.8 GFLOPS/s)
MUL_MAT_VEC q6_K m=248320 n=5 k=5120: 1 x 1686.84 us = 1686.84 us (7536.42 GFLOPS/s)
MUL_MAT_VEC q6_K m=6144 n=5 k=5120: 1 x 50.4 us = 50.4 us (6240.91 GFLOPS/s)
MUL_MAT_VEC q8_0 m=5120 n=5 k=6144: 48 x 60.607 us = 2909.16 us (5189.91 GFLOPS/s)
RMS_NORM_MUL RMS_NORM(256,24,5,1): 16 x 3.785 us = 60.56 us
RMS_NORM_MUL RMS_NORM(256,4,5,1): 16 x 3.595 us = 57.52 us
RMS_NORM_MUL RMS_NORM(5120,5,1,1): 129 x 4.295 us = 554.16 us
RMS_NORM_MUL_SILU_MUL RMS_NORM(128,48,5,1): 48 x 5.811 us = 278.96 us
RMS_NORM_SCALE RMS_NORM(128,16,5,1): 96 x 2.459 us = 236.08 us
ROPE: 32 x 3.647 us = 116.72 us
SET_ROWS: 32 x 2.932 us = 93.84 us
SIGMOID_MUL SIGMOID: 16 x 3.687 us = 59 us
SSM_CONV_SILU SSM_CONV: 48 x 4.77 us = 229 us
Total time: 42333.8 us.
----------------
Vulkan Timings:
CONCAT: 1 x 4.08 us = 4.08 us
CONT: 1 x 3.8 us = 3.8 us
FLASH_ATTN_EXT dst(256,24,5,1),  q(256,5,24,1),  k(256,256,4,1),  v(256,256,4,1),  m(256,5,1,1): 1 x 24.12 us = 24.12 us (1304.2 GFLOPS/s)
GET_ROWS: 1 x 6.88 us = 6.88 us
GLU: 1 x 1.76 us = 1.76 us
MUL_MAT f32 m=256 n=120 k=256: 1 x 1.72 us = 1.72 us (9126.7 GFLOPS/s)
MUL_MAT f32 m=256 n=20 k=256: 1 x 3.16 us = 3.16 us (827.949 GFLOPS/s)
MUL_MAT f32 m=64 n=480 k=64: 1 x 3.84 us = 3.84 us (1016 GFLOPS/s)
MUL_MAT f32 m=64 n=80 k=64: 1 x 3.8 us = 3.8 us (171.116 GFLOPS/s)
MUL_MAT_ADD MUL_MAT_VEC q6_K m=5120 n=5 k=17408: 1 x 156.43 us = 156.43 us (5697.53 GFLOPS/s)
MUL_MAT_ADD MUL_MAT_VEC q6_K m=5120 n=5 k=6144: 1 x 56.28 us = 56.28 us (5588.97 GFLOPS/s)
MUL_MAT_GROUP MUL_MAT_VEC q6_K m=12288 n=5 k=5120: 1 x 135.27 us = 135.27 us (4650.58 GFLOPS/s)
MUL_MAT_GROUP MUL_MAT_VEC q6_K m=17408 n=5 k=5120: 1 x 254.24 us = 254.24 us (3505.36 GFLOPS/s)
MUL_MAT_VEC q8_0 m=5120 n=5 k=10240: 1 x 106.96 us = 106.96 us (4901.48 GFLOPS/s)
RMS_NORM_MUL RMS_NORM(256,24,5,1): 1 x 3.68 us = 3.68 us
RMS_NORM_MUL RMS_NORM(256,4,5,1): 1 x 3.72 us = 3.72 us
RMS_NORM_MUL RMS_NORM(5120,5,1,1): 5 x 9.698 us = 48.49 us
ROPE: 2 x 3.76 us = 7.52 us
SET_ROWS: 2 x 3 us = 6 us
SIGMOID_MUL SIGMOID: 1 x 3.84 us = 3.84 us
Total time: 835.59 us.
----------------
Vulkan Timings:
CONCAT: 1 x 1.68 us = 1.68 us
CONT: 1 x 3.68 us = 3.68 us
FLASH_ATTN_EXT dst(256,24,1,1),  q(256,1,24,1),  k(256,256,4,1),  v(256,256,4,1),  m(256,1,1,1): 1 x 13.76 us = 13.76 us (457.228 GFLOPS/s)
GET_ROWS: 3 x 4.933 us = 14.8 us
GLU: 1 x 1.72 us = 1.72 us
MUL_MAT f32 m=256 n=24 k=256: 1 x 1.56 us = 1.56 us (2012.55 GFLOPS/s)
MUL_MAT f32 m=64 n=16 k=64: 1 x 1.84 us = 1.84 us (70.6783 GFLOPS/s)
MUL_MAT f32 m=64 n=96 k=64: 1 x 3.4 us = 3.4 us (229.496 GFLOPS/s)
MUL_MAT_ADD MUL_MAT_VEC q6_K m=5120 n=1 k=17408: 1 x 124 us = 124 us (1437.52 GFLOPS/s)
MUL_MAT_ADD MUL_MAT_VEC q6_K m=5120 n=1 k=6144: 1 x 48.28 us = 48.28 us (1303.01 GFLOPS/s)
MUL_MAT_VEC f32 m=256 n=4 k=256: 1 x 3.2 us = 3.2 us (163.52 GFLOPS/s)
MUL_MAT_VEC q6_K m=1024 n=1 k=5120: 2 x 8.76 us = 17.52 us (1196.89 GFLOPS/s)
MUL_MAT_VEC q6_K m=12288 n=1 k=5120: 1 x 89.92 us = 89.92 us (1399.21 GFLOPS/s)
MUL_MAT_VEC q6_K m=17408 n=1 k=5120: 2 x 121.16 us = 242.32 us (1471.12 GFLOPS/s)
MUL_MAT_VEC q6_K m=98304 n=1 k=5120: 1 x 674.83 us = 674.83 us (1491.54 GFLOPS/s)
MUL_MAT_VEC q8_0 m=5120 n=1 k=10240: 1 x 100.08 us = 100.08 us (1047.69 GFLOPS/s)
PAD: 1 x 6.48 us = 6.48 us
RMS_NORM_MUL RMS_NORM(256,24,1,1): 1 x 6.16 us = 6.16 us
RMS_NORM_MUL RMS_NORM(256,4,1,1): 1 x 5.2 us = 5.2 us
RMS_NORM_MUL RMS_NORM(5120,1,1,1): 5 x 3.968 us = 19.84 us
ROPE: 2 x 3.5 us = 7 us
SET_ROWS: 2 x 2.86 us = 5.72 us
SIGMOID_MUL SIGMOID: 1 x 1.56 us = 1.56 us
TOP_K K=10 (98304,1,1,1): 1 x 8.96 us = 8.96 us
Total time: 1403.51 us.
----------------
Vulkan Timings:
CONCAT: 1 x 1.64 us = 1.64 us
CONT: 1 x 3.76 us = 3.76 us
FLASH_ATTN_EXT dst(256,24,1,1),  q(256,1,24,1),  k(256,256,4,1),  v(256,256,4,1),  m(256,1,1,1): 1 x 13.8 us = 13.8 us (455.903 GFLOPS/s)
GET_ROWS: 3 x 5 us = 15 us
GLU: 1 x 1.8 us = 1.8 us
MUL_MAT f32 m=256 n=24 k=256: 1 x 1.68 us = 1.68 us (1868.8 GFLOPS/s)
MUL_MAT f32 m=64 n=16 k=64: 1 x 3.76 us = 3.76 us (34.5872 GFLOPS/s)
MUL_MAT f32 m=64 n=96 k=64: 1 x 3.76 us = 3.76 us (207.523 GFLOPS/s)
MUL_MAT_ADD MUL_MAT_VEC q6_K m=5120 n=1 k=17408: 1 x 125.52 us = 125.52 us (1420.11 GFLOPS/s)
MUL_MAT_ADD MUL_MAT_VEC q6_K m=5120 n=1 k=6144: 1 x 54.16 us = 54.16 us (1161.55 GFLOPS/s)
MUL_MAT_VEC f32 m=256 n=4 k=256: 1 x 3.16 us = 3.16 us (165.59 GFLOPS/s)
MUL_MAT_VEC q6_K m=1024 n=1 k=5120: 2 x 8.78 us = 17.56 us (1194.16 GFLOPS/s)
MUL_MAT_VEC q6_K m=12288 n=1 k=5120: 1 x 85.72 us = 85.72 us (1467.77 GFLOPS/s)
MUL_MAT_VEC q6_K m=17408 n=1 k=5120: 2 x 121.5 us = 243 us (1467 GFLOPS/s)
MUL_MAT_VEC q6_K m=98304 n=1 k=5120: 1 x 670.88 us = 670.88 us (1500.32 GFLOPS/s)
MUL_MAT_VEC q8_0 m=5120 n=1 k=10240: 1 x 101.36 us = 101.36 us (1034.46 GFLOPS/s)
PAD: 1 x 6.52 us = 6.52 us
RMS_NORM_MUL RMS_NORM(256,24,1,1): 1 x 5.6 us = 5.6 us
RMS_NORM_MUL RMS_NORM(256,4,1,1): 1 x 3.76 us = 3.76 us
RMS_NORM_MUL RMS_NORM(5120,1,1,1): 5 x 3.776 us = 18.88 us
ROPE: 2 x 3.74 us = 7.48 us
SET_ROWS: 2 x 2.94 us = 5.88 us
SIGMOID_MUL SIGMOID: 1 x 1.64 us = 1.64 us
TOP_K K=10 (98304,1,1,1): 1 x 9.04 us = 9.04 us
Total time: 1405.36 us.
----------------
Vulkan Timings:
CONCAT: 1 x 1.64 us = 1.64 us
CONT: 1 x 3.8 us = 3.8 us
FLASH_ATTN_EXT dst(256,24,1,1),  q(256,1,24,1),  k(256,256,4,1),  v(256,256,4,1),  m(256,1,1,1): 1 x 13.84 us = 13.84 us (454.585 GFLOPS/s)
GET_ROWS: 3 x 4.92 us = 14.76 us
GLU: 1 x 1.8 us = 1.8 us
MUL_MAT f32 m=256 n=24 k=256: 1 x 1.6 us = 1.6 us (1962.24 GFLOPS/s)
MUL_MAT f32 m=64 n=16 k=64: 1 x 3.76 us = 3.76 us (34.5872 GFLOPS/s)
MUL_MAT f32 m=64 n=96 k=64: 1 x 3.76 us = 3.76 us (207.523 GFLOPS/s)
MUL_MAT_ADD MUL_MAT_VEC q6_K m=5120 n=1 k=17408: 1 x 123.44 us = 123.44 us (1444.04 GFLOPS/s)
MUL_MAT_ADD MUL_MAT_VEC q6_K m=5120 n=1 k=6144: 1 x 54.48 us = 54.48 us (1154.73 GFLOPS/s)
MUL_MAT_VEC f32 m=256 n=4 k=256: 1 x 3.16 us = 3.16 us (165.59 GFLOPS/s)
MUL_MAT_VEC q6_K m=1024 n=1 k=5120: 2 x 8.82 us = 17.64 us (1188.75 GFLOPS/s)
MUL_MAT_VEC q6_K m=12288 n=1 k=5120: 1 x 86.04 us = 86.04 us (1462.31 GFLOPS/s)
MUL_MAT_VEC q6_K m=17408 n=1 k=5120: 2 x 121.06 us = 242.12 us (1472.33 GFLOPS/s)
MUL_MAT_VEC q6_K m=98304 n=1 k=5120: 1 x 674.11 us = 674.11 us (1493.13 GFLOPS/s)
MUL_MAT_VEC q8_0 m=5120 n=1 k=10240: 1 x 101.84 us = 101.84 us (1029.58 GFLOPS/s)
PAD: 1 x 6.48 us = 6.48 us
RMS_NORM_MUL RMS_NORM(256,24,1,1): 1 x 5.56 us = 5.56 us
RMS_NORM_MUL RMS_NORM(256,4,1,1): 1 x 3.76 us = 3.76 us
RMS_NORM_MUL RMS_NORM(5120,1,1,1): 5 x 3.768 us = 18.84 us
ROPE: 2 x 3.74 us = 7.48 us
SET_ROWS: 2 x 2.96 us = 5.92 us
SIGMOID_MUL SIGMOID: 1 x 1.92 us = 1.92 us
TOP_K K=10 (98304,1,1,1): 1 x 9.12 us = 9.12 us
Total time: 1406.87 us.
----------------
Vulkan Timings:
CONCAT: 1 x 1.68 us = 1.68 us
CONT: 1 x 3.8 us = 3.8 us
FLASH_ATTN_EXT dst(256,24,1,1),  q(256,1,24,1),  k(256,256,4,1),  v(256,256,4,1),  m(256,1,1,1): 1 x 14 us = 14 us (449.39 GFLOPS/s)
GET_ROWS: 3 x 4.92 us = 14.76 us
GLU: 1 x 1.8 us = 1.8 us
MUL_MAT f32 m=256 n=24 k=256: 1 x 1.68 us = 1.68 us (1868.8 GFLOPS/s)
MUL_MAT f32 m=64 n=16 k=64: 1 x 3.76 us = 3.76 us (34.5872 GFLOPS/s)
MUL_MAT f32 m=64 n=96 k=64: 1 x 3.8 us = 3.8 us (205.339 GFLOPS/s)
MUL_MAT_ADD MUL_MAT_VEC q6_K m=5120 n=1 k=17408: 1 x 123.16 us = 123.16 us (1447.33 GFLOPS/s)
MUL_MAT_ADD MUL_MAT_VEC q6_K m=5120 n=1 k=6144: 1 x 53.48 us = 53.48 us (1176.32 GFLOPS/s)
MUL_MAT_VEC f32 m=256 n=4 k=256: 1 x 3.16 us = 3.16 us (165.59 GFLOPS/s)
MUL_MAT_VEC q6_K m=1024 n=1 k=5120: 2 x 6.92 us = 13.84 us (1515.14 GFLOPS/s)
MUL_MAT_VEC q6_K m=12288 n=1 k=5120: 1 x 93.48 us = 93.48 us (1345.92 GFLOPS/s)
MUL_MAT_VEC q6_K m=17408 n=1 k=5120: 2 x 121.14 us = 242.28 us (1471.36 GFLOPS/s)
MUL_MAT_VEC q6_K m=98304 n=1 k=5120: 1 x 671.95 us = 671.95 us (1497.93 GFLOPS/s)
MUL_MAT_VEC q8_0 m=5120 n=1 k=10240: 1 x 101.48 us = 101.48 us (1033.23 GFLOPS/s)
PAD: 1 x 6.44 us = 6.44 us
RMS_NORM_MUL RMS_NORM(256,24,1,1): 1 x 3.72 us = 3.72 us
RMS_NORM_MUL RMS_NORM(256,4,1,1): 1 x 3.72 us = 3.72 us
RMS_NORM_MUL RMS_NORM(5120,1,1,1): 5 x 3.792 us = 18.96 us
ROPE: 2 x 3.74 us = 7.48 us
SET_ROWS: 2 x 2.96 us = 5.92 us
SIGMOID_MUL SIGMOID: 1 x 1.68 us = 1.68 us
TOP_K K=10 (98304,1,1,1): 1 x 8.88 us = 8.88 us
Total time: 1404.91 us.
----------------
Vulkan Timings:
ADD: 48 x 4.06 us = 194.88 us
CONT: 16 x 3.95 us = 63.2 us
FLASH_ATTN_EXT dst(256,24,5,1),  q(256,5,24,1),  k(256,256,4,1),  v(256,256,4,1),  m(256,5,1,1): 16 x 23.897 us = 382.36 us (1316.34 GFLOPS/s)
GDN_CACHE GATED_DELTA_NET: 48 x 13.879 us = 666.2 us
GDN_CONV_STATE CONCAT: 48 x 3.068 us = 147.28 us
GET_ROWS: 3 x 11.973 us = 35.92 us
GLU: 64 x 2.278 us = 145.84 us
MUL_MAT f32 m=256 n=120 k=256: 16 x 1.742 us = 27.88 us (9008.85 GFLOPS/s)
MUL_MAT f32 m=256 n=20 k=256: 16 x 3.35 us = 53.6 us (780.991 GFLOPS/s)
MUL_MAT f32 m=64 n=480 k=64: 16 x 3.932 us = 62.92 us (992.102 GFLOPS/s)
MUL_MAT f32 m=64 n=80 k=64: 16 x 3.917 us = 62.68 us (165.983 GFLOPS/s)
MUL_MAT_ADD MUL_MAT_VEC q6_K m=5120 n=5 k=17408: 64 x 130.278 us = 8337.8 us (6841.24 GFLOPS/s)
MUL_MAT_ADD MUL_MAT_VEC q6_K m=5120 n=5 k=6144: 16 x 55.61 us = 889.76 us (5656.31 GFLOPS/s)
MUL_MAT_GROUP MUL_MAT_VEC q6_K m=10240 n=5 k=5120: 47 x 118.52 us = 5570.48 us (4423.16 GFLOPS/s)
MUL_MAT_GROUP MUL_MAT_VEC q6_K m=12288 n=5 k=5120: 16 x 104.852 us = 1677.64 us (5999.71 GFLOPS/s)
MUL_MAT_GROUP MUL_MAT_VEC q6_K m=17408 n=5 k=5120: 64 x 267.051 us = 17091.3 us (3337.2 GFLOPS/s)
MUL_MAT_VEC f32 m=48 n=5 k=5120: 96 x 6.813 us = 654.08 us (360.669 GFLOPS/s)
MUL_MAT_VEC q6_K m=10240 n=5 k=5120: 1 x 80.12 us = 80.12 us (6543.15 GFLOPS/s)
MUL_MAT_VEC q6_K m=248320 n=5 k=5120: 1 x 1687.36 us = 1687.36 us (7534.1 GFLOPS/s)
MUL_MAT_VEC q6_K m=6144 n=5 k=5120: 1 x 51.64 us = 51.64 us (6091.05 GFLOPS/s)
MUL_MAT_VEC q8_0 m=5120 n=5 k=6144: 48 x 61.067 us = 2931.24 us (5150.81 GFLOPS/s)
RMS_NORM_MUL RMS_NORM(256,24,5,1): 16 x 4.07 us = 65.12 us
RMS_NORM_MUL RMS_NORM(256,4,5,1): 16 x 3.842 us = 61.48 us
RMS_NORM_MUL RMS_NORM(5120,5,1,1): 129 x 4.473 us = 577.08 us
RMS_NORM_MUL_SILU_MUL RMS_NORM(128,48,5,1): 48 x 6.277 us = 301.32 us
RMS_NORM_SCALE RMS_NORM(128,16,5,1): 96 x 2.598 us = 249.48 us
ROPE: 32 x 3.897 us = 124.72 us
SET_ROWS: 32 x 3.021 us = 96.68 us
SIGMOID_MUL SIGMOID: 16 x 3.957 us = 63.32 us
SSM_CONV_SILU SSM_CONV: 48 x 5.057 us = 242.76 us
Total time: 42596.1 us.
----------------
Vulkan Timings:
CONCAT: 1 x 3.84 us = 3.84 us
CONT: 1 x 4 us = 4 us
FLASH_ATTN_EXT dst(256,24,5,1),  q(256,5,24,1),  k(256,256,4,1),  v(256,256,4,1),  m(256,5,1,1): 1 x 24.16 us = 24.16 us (1302.04 GFLOPS/s)
GET_ROWS: 1 x 7.4 us = 7.4 us
GLU: 1 x 1.8 us = 1.8 us
MUL_MAT f32 m=256 n=120 k=256: 1 x 1.76 us = 1.76 us (8919.27 GFLOPS/s)
MUL_MAT f32 m=256 n=20 k=256: 1 x 3.36 us = 3.36 us (778.667 GFLOPS/s)
MUL_MAT f32 m=64 n=480 k=64: 1 x 4 us = 4 us (975.36 GFLOPS/s)
MUL_MAT f32 m=64 n=80 k=64: 1 x 4.08 us = 4.08 us (159.373 GFLOPS/s)
MUL_MAT_ADD MUL_MAT_VEC q6_K m=5120 n=5 k=17408: 1 x 156.36 us = 156.36 us (5700.08 GFLOPS/s)
MUL_MAT_ADD MUL_MAT_VEC q6_K m=5120 n=5 k=6144: 1 x 57.6 us = 57.6 us (5460.89 GFLOPS/s)
MUL_MAT_GROUP MUL_MAT_VEC q6_K m=12288 n=5 k=5120: 1 x 134.62 us = 134.62 us (4673.04 GFLOPS/s)
MUL_MAT_GROUP MUL_MAT_VEC q6_K m=17408 n=5 k=5120: 1 x 256.04 us = 256.04 us (3480.72 GFLOPS/s)
MUL_MAT_VEC q8_0 m=5120 n=5 k=10240: 1 x 108.36 us = 108.36 us (4838.15 GFLOPS/s)
RMS_NORM_MUL RMS_NORM(256,24,5,1): 1 x 4 us = 4 us
RMS_NORM_MUL RMS_NORM(256,4,5,1): 1 x 4 us = 4 us
RMS_NORM_MUL RMS_NORM(5120,5,1,1): 5 x 9.214 us = 46.07 us
ROPE: 2 x 4.08 us = 8.16 us
SET_ROWS: 2 x 3.1 us = 6.2 us
SIGMOID_MUL SIGMOID: 1 x 4.04 us = 4.04 us
Total time: 839.85 us.
----------------
Vulkan Timings:
CONCAT: 1 x 1.76 us = 1.76 us
CONT: 1 x 3.6 us = 3.6 us
FLASH_ATTN_EXT dst(256,24,1,1),  q(256,1,24,1),  k(256,256,4,1),  v(256,256,4,1),  m(256,1,1,1): 1 x 13.76 us = 13.76 us (457.228 GFLOPS/s)
GET_ROWS: 3 x 4.933 us = 14.8 us
GLU: 1 x 1.68 us = 1.68 us
MUL_MAT f32 m=256 n=24 k=256: 1 x 1.56 us = 1.56 us (2012.55 GFLOPS/s)
MUL_MAT f32 m=64 n=16 k=64: 1 x 1.88 us = 1.88 us (69.1745 GFLOPS/s)
MUL_MAT f32 m=64 n=96 k=64: 1 x 3.28 us = 3.28 us (237.893 GFLOPS/s)
MUL_MAT_ADD MUL_MAT_VEC q6_K m=5120 n=1 k=17408: 1 x 123.32 us = 123.32 us (1445.45 GFLOPS/s)
MUL_MAT_ADD MUL_MAT_VEC q6_K m=5120 n=1 k=6144: 1 x 48.08 us = 48.08 us (1308.43 GFLOPS/s)
MUL_MAT_VEC f32 m=256 n=4 k=256: 1 x 3.12 us = 3.12 us (167.713 GFLOPS/s)
MUL_MAT_VEC q6_K m=1024 n=1 k=5120: 2 x 8.88 us = 17.76 us (1180.71 GFLOPS/s)
MUL_MAT_VEC q6_K m=12288 n=1 k=5120: 1 x 90.52 us = 90.52 us (1389.93 GFLOPS/s)
MUL_MAT_VEC q6_K m=17408 n=1 k=5120: 2 x 121.16 us = 242.32 us (1471.12 GFLOPS/s)
MUL_MAT_VEC q6_K m=98304 n=1 k=5120: 1 x 673.26 us = 673.26 us (1495.02 GFLOPS/s)
MUL_MAT_VEC q8_0 m=5120 n=1 k=10240: 1 x 99.56 us = 99.56 us (1053.16 GFLOPS/s)
PAD: 1 x 6.44 us = 6.44 us
RMS_NORM_MUL RMS_NORM(256,24,1,1): 1 x 6 us = 6 us
RMS_NORM_MUL RMS_NORM(256,4,1,1): 1 x 5.04 us = 5.04 us
RMS_NORM_MUL RMS_NORM(5120,1,1,1): 5 x 4.36 us = 21.8 us
ROPE: 2 x 3.44 us = 6.88 us
SET_ROWS: 2 x 2.86 us = 5.72 us
SIGMOID_MUL SIGMOID: 1 x 1.56 us = 1.56 us
TOP_K K=10 (98304,1,1,1): 1 x 9.4 us = 9.4 us
Total time: 1403.1 us.
----------------
Vulkan Timings:
CONCAT: 1 x 1.64 us = 1.64 us
CONT: 1 x 3.64 us = 3.64 us
FLASH_ATTN_EXT dst(256,24,1,1),  q(256,1,24,1),  k(256,256,4,1),  v(256,256,4,1),  m(256,1,1,1): 1 x 13.92 us = 13.92 us (451.972 GFLOPS/s)
GET_ROWS: 3 x 4.92 us = 14.76 us
GLU: 1 x 1.84 us = 1.84 us
MUL_MAT f32 m=256 n=24 k=256: 1 x 1.64 us = 1.64 us (1914.38 GFLOPS/s)
MUL_MAT f32 m=64 n=16 k=64: 1 x 3.68 us = 3.68 us (35.3391 GFLOPS/s)
MUL_MAT f32 m=64 n=96 k=64: 1 x 3.68 us = 3.68 us (212.035 GFLOPS/s)
MUL_MAT_ADD MUL_MAT_VEC q6_K m=5120 n=1 k=17408: 1 x 124.16 us = 124.16 us (1435.67 GFLOPS/s)
MUL_MAT_ADD MUL_MAT_VEC q6_K m=5120 n=1 k=6144: 1 x 53.68 us = 53.68 us (1171.93 GFLOPS/s)
MUL_MAT_VEC f32 m=256 n=4 k=256: 1 x 3.04 us = 3.04 us (172.126 GFLOPS/s)
MUL_MAT_VEC q6_K m=1024 n=1 k=5120: 2 x 6.68 us = 13.36 us (1569.57 GFLOPS/s)
MUL_MAT_VEC q6_K m=12288 n=1 k=5120: 1 x 93.56 us = 93.56 us (1344.77 GFLOPS/s)
MUL_MAT_VEC q6_K m=17408 n=1 k=5120: 2 x 121.58 us = 243.16 us (1466.03 GFLOPS/s)
MUL_MAT_VEC q6_K m=98304 n=1 k=5120: 1 x 672.82 us = 672.82 us (1495.99 GFLOPS/s)
MUL_MAT_VEC q8_0 m=5120 n=1 k=10240: 1 x 101.56 us = 101.56 us (1032.42 GFLOPS/s)
PAD: 1 x 6.32 us = 6.32 us
RMS_NORM_MUL RMS_NORM(256,24,1,1): 1 x 3.64 us = 3.64 us
RMS_NORM_MUL RMS_NORM(256,4,1,1): 1 x 3.68 us = 3.68 us
RMS_NORM_MUL RMS_NORM(5120,1,1,1): 5 x 3.808 us = 19.04 us
ROPE: 2 x 3.66 us = 7.32 us
SET_ROWS: 2 x 2.94 us = 5.88 us
SIGMOID_MUL SIGMOID: 1 x 1.68 us = 1.68 us
TOP_K K=10 (98304,1,1,1): 1 x 8.72 us = 8.72 us
Total time: 1406.42 us.
----------------
Vulkan Timings:
CONCAT: 1 x 1.64 us = 1.64 us
CONT: 1 x 3.64 us = 3.64 us
FLASH_ATTN_EXT dst(256,24,1,1),  q(256,1,24,1),  k(256,256,4,1),  v(256,256,4,1),  m(256,1,1,1): 1 x 13.88 us = 13.88 us (453.275 GFLOPS/s)
GET_ROWS: 3 x 4.866 us = 14.6 us
GLU: 1 x 1.72 us = 1.72 us
MUL_MAT f32 m=256 n=24 k=256: 1 x 1.56 us = 1.56 us (2012.55 GFLOPS/s)
MUL_MAT f32 m=64 n=16 k=64: 1 x 3.56 us = 3.56 us (36.5303 GFLOPS/s)
MUL_MAT f32 m=64 n=96 k=64: 1 x 3.6 us = 3.6 us (216.747 GFLOPS/s)
MUL_MAT_ADD MUL_MAT_VEC q6_K m=5120 n=1 k=17408: 1 x 124.2 us = 124.2 us (1435.21 GFLOPS/s)
MUL_MAT_ADD MUL_MAT_VEC q6_K m=5120 n=1 k=6144: 1 x 53.2 us = 53.2 us (1182.51 GFLOPS/s)
MUL_MAT_VEC f32 m=256 n=4 k=256: 1 x 3.04 us = 3.04 us (172.126 GFLOPS/s)
MUL_MAT_VEC q6_K m=1024 n=1 k=5120: 2 x 8.78 us = 17.56 us (1194.16 GFLOPS/s)
MUL_MAT_VEC q6_K m=12288 n=1 k=5120: 1 x 85.76 us = 85.76 us (1467.08 GFLOPS/s)
MUL_MAT_VEC q6_K m=17408 n=1 k=5120: 2 x 120.98 us = 241.96 us (1473.31 GFLOPS/s)
MUL_MAT_VEC q6_K m=98304 n=1 k=5120: 1 x 673.04 us = 673.04 us (1495.5 GFLOPS/s)
MUL_MAT_VEC q8_0 m=5120 n=1 k=10240: 1 x 101.48 us = 101.48 us (1033.23 GFLOPS/s)
PAD: 1 x 6.36 us = 6.36 us
RMS_NORM_MUL RMS_NORM(256,24,1,1): 1 x 5.28 us = 5.28 us
RMS_NORM_MUL RMS_NORM(256,4,1,1): 1 x 3.6 us = 3.6 us
RMS_NORM_MUL RMS_NORM(5120,1,1,1): 5 x 3.728 us = 18.64 us
ROPE: 2 x 3.56 us = 7.12 us
SET_ROWS: 2 x 2.88 us = 5.76 us
SIGMOID_MUL SIGMOID: 1 x 1.72 us = 1.72 us
TOP_K K=10 (98304,1,1,1): 1 x 9.08 us = 9.08 us
Total time: 1402 us.
----------------
Vulkan Timings:
CONCAT: 1 x 1.68 us = 1.68 us
CONT: 1 x 3.6 us = 3.6 us
FLASH_ATTN_EXT dst(256,24,1,1),  q(256,1,24,1),  k(256,256,4,1),  v(256,256,4,1),  m(256,1,1,1): 1 x 13.72 us = 13.72 us (458.561 GFLOPS/s)
GET_ROWS: 3 x 4.84 us = 14.52 us
GLU: 1 x 1.88 us = 1.88 us
MUL_MAT f32 m=256 n=24 k=256: 1 x 1.68 us = 1.68 us (1868.8 GFLOPS/s)
MUL_MAT f32 m=64 n=16 k=64: 1 x 3.6 us = 3.6 us (36.1244 GFLOPS/s)
MUL_MAT f32 m=64 n=96 k=64: 1 x 3.6 us = 3.6 us (216.747 GFLOPS/s)
MUL_MAT_ADD MUL_MAT_VEC q6_K m=5120 n=1 k=17408: 1 x 123.92 us = 123.92 us (1438.45 GFLOPS/s)
MUL_MAT_ADD MUL_MAT_VEC q6_K m=5120 n=1 k=6144: 1 x 53 us = 53 us (1186.97 GFLOPS/s)
MUL_MAT_VEC f32 m=256 n=4 k=256: 1 x 3 us = 3 us (174.421 GFLOPS/s)
MUL_MAT_VEC q6_K m=1024 n=1 k=5120: 2 x 6.9 us = 13.8 us (1519.53 GFLOPS/s)
MUL_MAT_VEC q6_K m=12288 n=1 k=5120: 1 x 93 us = 93 us (1352.87 GFLOPS/s)
MUL_MAT_VEC q6_K m=17408 n=1 k=5120: 2 x 121.26 us = 242.52 us (1469.9 GFLOPS/s)
MUL_MAT_VEC q6_K m=98304 n=1 k=5120: 1 x 671.97 us = 671.97 us (1497.89 GFLOPS/s)
MUL_MAT_VEC q8_0 m=5120 n=1 k=10240: 1 x 102 us = 102 us (1027.97 GFLOPS/s)
PAD: 1 x 6.4 us = 6.4 us
RMS_NORM_MUL RMS_NORM(256,24,1,1): 1 x 3.6 us = 3.6 us
RMS_NORM_MUL RMS_NORM(256,4,1,1): 1 x 3.6 us = 3.6 us
RMS_NORM_MUL RMS_NORM(5120,1,1,1): 5 x 3.76 us = 18.8 us
ROPE: 2 x 3.58 us = 7.16 us
SET_ROWS: 2 x 2.9 us = 5.8 us
SIGMOID_MUL SIGMOID: 1 x 1.64 us = 1.64 us
TOP_K K=10 (98304,1,1,1): 1 x 8.84 us = 8.84 us
Total time: 1403.33 us.
----------------
Vulkan Timings:
ADD: 48 x 3.935 us = 188.92 us
CONT: 16 x 3.832 us = 61.32 us
FLASH_ATTN_EXT dst(256,24,5,1),  q(256,5,24,1),  k(256,256,4,1),  v(256,256,4,1),  m(256,5,1,1): 16 x 23.84 us = 381.44 us (1319.52 GFLOPS/s)
GDN_CACHE GATED_DELTA_NET: 48 x 14.502 us = 696.12 us
GDN_CONV_STATE CONCAT: 48 x 3.211 us = 154.16 us
GET_ROWS: 3 x 11.8 us = 35.4 us
GLU: 64 x 2.358 us = 150.92 us
MUL_MAT f32 m=256 n=120 k=256: 16 x 1.775 us = 28.4 us (8843.9 GFLOPS/s)
MUL_MAT f32 m=256 n=20 k=256: 16 x 3.23 us = 51.68 us (810.006 GFLOPS/s)
MUL_MAT f32 m=64 n=480 k=64: 16 x 3.817 us = 61.08 us (1021.99 GFLOPS/s)
MUL_MAT f32 m=64 n=80 k=64: 16 x 3.8 us = 60.8 us (171.116 GFLOPS/s)
MUL_MAT_ADD MUL_MAT_VEC q6_K m=5120 n=5 k=17408: 64 x 130.14 us = 8328.96 us (6848.5 GFLOPS/s)
MUL_MAT_ADD MUL_MAT_VEC q6_K m=5120 n=5 k=6144: 16 x 55.69 us = 891.04 us (5648.18 GFLOPS/s)
MUL_MAT_GROUP MUL_MAT_VEC q6_K m=10240 n=5 k=5120: 47 x 118.583 us = 5573.44 us (4420.81 GFLOPS/s)
MUL_MAT_GROUP MUL_MAT_VEC q6_K m=12288 n=5 k=5120: 16 x 104.747 us = 1675.96 us (6005.72 GFLOPS/s)
MUL_MAT_GROUP MUL_MAT_VEC q6_K m=17408 n=5 k=5120: 64 x 267.186 us = 17100 us (3335.5 GFLOPS/s)
MUL_MAT_VEC f32 m=48 n=5 k=5120: 96 x 6.513 us = 625.32 us (377.257 GFLOPS/s)
MUL_MAT_VEC q6_K m=10240 n=5 k=5120: 1 x 79.92 us = 79.92 us (6559.52 GFLOPS/s)
MUL_MAT_VEC q6_K m=248320 n=5 k=5120: 1 x 1686.36 us = 1686.36 us (7538.57 GFLOPS/s)
MUL_MAT_VEC q6_K m=6144 n=5 k=5120: 1 x 51 us = 51 us (6167.49 GFLOPS/s)
MUL_MAT_VEC q8_0 m=5120 n=5 k=6144: 48 x 60.945 us = 2925.4 us (5161.09 GFLOPS/s)
RMS_NORM_MUL RMS_NORM(256,24,5,1): 16 x 3.927 us = 62.84 us
RMS_NORM_MUL RMS_NORM(256,4,5,1): 16 x 3.717 us = 59.48 us
RMS_NORM_MUL RMS_NORM(5120,5,1,1): 129 x 4.417 us = 569.8 us
RMS_NORM_MUL_SILU_MUL RMS_NORM(128,48,5,1): 48 x 6.039 us = 289.88 us
RMS_NORM_SCALE RMS_NORM(128,16,5,1): 96 x 2.545 us = 244.32 us
ROPE: 32 x 3.766 us = 120.52 us
SET_ROWS: 32 x 3.041 us = 97.32 us
SIGMOID_MUL SIGMOID: 16 x 3.832 us = 61.32 us
SSM_CONV_SILU SSM_CONV: 48 x 4.972 us = 238.68 us
Total time: 42551.8 us.
----------------
Vulkan Timings:
CONCAT: 1 x 4 us = 4 us
CONT: 1 x 3.92 us = 3.92 us
FLASH_ATTN_EXT dst(256,24,5,1),  q(256,5,24,1),  k(256,256,4,1),  v(256,256,4,1),  m(256,5,1,1): 1 x 27.12 us = 27.12 us (1159.93 GFLOPS/s)
GET_ROWS: 1 x 7.2 us = 7.2 us
GLU: 1 x 1.8 us = 1.8 us
MUL_MAT f32 m=256 n=120 k=256: 1 x 1.8 us = 1.8 us (8721.07 GFLOPS/s)
MUL_MAT f32 m=256 n=20 k=256: 1 x 3.24 us = 3.24 us (807.506 GFLOPS/s)
MUL_MAT f32 m=64 n=480 k=64: 1 x 3.88 us = 3.88 us (1005.53 GFLOPS/s)
MUL_MAT f32 m=64 n=80 k=64: 1 x 3.88 us = 3.88 us (167.588 GFLOPS/s)
MUL_MAT_ADD MUL_MAT_VEC q6_K m=5120 n=5 k=17408: 1 x 157.27 us = 157.27 us (5667.09 GFLOPS/s)
MUL_MAT_ADD MUL_MAT_VEC q6_K m=5120 n=5 k=6144: 1 x 56.44 us = 56.44 us (5573.13 GFLOPS/s)
MUL_MAT_GROUP MUL_MAT_VEC q6_K m=12288 n=5 k=5120: 1 x 134.91 us = 134.91 us (4662.99 GFLOPS/s)
MUL_MAT_GROUP MUL_MAT_VEC q6_K m=17408 n=5 k=5120: 1 x 255.72 us = 255.72 us (3485.07 GFLOPS/s)
MUL_MAT_VEC q8_0 m=5120 n=5 k=10240: 1 x 106.76 us = 106.76 us (4910.66 GFLOPS/s)
RMS_NORM_MUL RMS_NORM(256,24,5,1): 1 x 3.8 us = 3.8 us
RMS_NORM_MUL RMS_NORM(256,4,5,1): 1 x 3.88 us = 3.88 us
RMS_NORM_MUL RMS_NORM(5120,5,1,1): 5 x 9.28 us = 46.4 us
ROPE: 2 x 3.88 us = 7.76 us
SET_ROWS: 2 x 2.16 us = 4.32 us
SIGMOID_MUL SIGMOID: 1 x 3.92 us = 3.92 us
Total time: 838.02 us.
----------------
Vulkan Timings:
CONCAT: 1 x 1.76 us = 1.76 us
CONT: 1 x 3.84 us = 3.84 us
FLASH_ATTN_EXT dst(256,24,1,1),  q(256,1,24,1),  k(256,256,4,1),  v(256,256,4,1),  m(256,1,1,1): 1 x 14 us = 14 us (449.39 GFLOPS/s)
GET_ROWS: 3 x 5.08 us = 15.24 us
GLU: 1 x 1.68 us = 1.68 us
MUL_MAT f32 m=256 n=24 k=256: 1 x 1.64 us = 1.64 us (1914.38 GFLOPS/s)
MUL_MAT f32 m=64 n=16 k=64: 1 x 1.84 us = 1.84 us (70.6783 GFLOPS/s)
MUL_MAT f32 m=64 n=96 k=64: 1 x 3.52 us = 3.52 us (221.673 GFLOPS/s)
MUL_MAT_ADD MUL_MAT_VEC q6_K m=5120 n=1 k=17408: 1 x 122.76 us = 122.76 us (1452.04 GFLOPS/s)
MUL_MAT_ADD MUL_MAT_VEC q6_K m=5120 n=1 k=6144: 1 x 48.2 us = 48.2 us (1305.18 GFLOPS/s)
MUL_MAT_VEC f32 m=256 n=4 k=256: 1 x 3.28 us = 3.28 us (159.532 GFLOPS/s)
MUL_MAT_VEC q6_K m=1024 n=1 k=5120: 2 x 8.94 us = 17.88 us (1172.79 GFLOPS/s)
MUL_MAT_VEC q6_K m=12288 n=1 k=5120: 1 x 90.64 us = 90.64 us (1388.09 GFLOPS/s)
MUL_MAT_VEC q6_K m=17408 n=1 k=5120: 2 x 121.84 us = 243.68 us (1462.91 GFLOPS/s)
MUL_MAT_VEC q6_K m=98304 n=1 k=5120: 1 x 673.21 us = 673.21 us (1495.13 GFLOPS/s)
MUL_MAT_VEC q8_0 m=5120 n=1 k=10240: 1 x 99.56 us = 99.56 us (1053.16 GFLOPS/s)
PAD: 1 x 6.64 us = 6.64 us
RMS_NORM_MUL RMS_NORM(256,24,1,1): 1 x 6.4 us = 6.4 us
RMS_NORM_MUL RMS_NORM(256,4,1,1): 1 x 5.36 us = 5.36 us
RMS_NORM_MUL RMS_NORM(5120,1,1,1): 5 x 4.464 us = 22.32 us
ROPE: 2 x 3.64 us = 7.28 us
SET_ROWS: 2 x 2.98 us = 5.96 us
SIGMOID_MUL SIGMOID: 1 x 1.56 us = 1.56 us
TOP_K K=10 (98304,1,1,1): 1 x 9.24 us = 9.24 us
Total time: 1407.49 us.
----------------
Vulkan Timings:
CONCAT: 1 x 1.68 us = 1.68 us
CONT: 1 x 3.84 us = 3.84 us
FLASH_ATTN_EXT dst(256,24,1,1),  q(256,1,24,1),  k(256,256,4,1),  v(256,256,4,1),  m(256,1,1,1): 1 x 16.04 us = 16.04 us (392.235 GFLOPS/s)
GET_ROWS: 3 x 5.013 us = 15.04 us
GLU: 1 x 1.84 us = 1.84 us
MUL_MAT f32 m=256 n=24 k=256: 1 x 2.28 us = 2.28 us (1377.01 GFLOPS/s)
MUL_MAT f32 m=64 n=16 k=64: 1 x 3.84 us = 3.84 us (33.8667 GFLOPS/s)
MUL_MAT f32 m=64 n=96 k=64: 1 x 3.84 us = 3.84 us (203.2 GFLOPS/s)
MUL_MAT_ADD MUL_MAT_VEC q6_K m=5120 n=1 k=17408: 1 x 123.36 us = 123.36 us (1444.98 GFLOPS/s)
MUL_MAT_ADD MUL_MAT_VEC q6_K m=5120 n=1 k=6144: 1 x 54.4 us = 54.4 us (1156.42 GFLOPS/s)
MUL_MAT_VEC f32 m=256 n=4 k=256: 1 x 0.72 us = 0.72 us (726.756 GFLOPS/s)
MUL_MAT_VEC q6_K m=1024 n=1 k=5120: 2 x 8.92 us = 17.84 us (1175.42 GFLOPS/s)
MUL_MAT_VEC q6_K m=12288 n=1 k=5120: 1 x 85.68 us = 85.68 us (1468.45 GFLOPS/s)
MUL_MAT_VEC q6_K m=17408 n=1 k=5120: 2 x 121.28 us = 242.56 us (1469.66 GFLOPS/s)
MUL_MAT_VEC q6_K m=98304 n=1 k=5120: 1 x 673.56 us = 673.56 us (1494.35 GFLOPS/s)
MUL_MAT_VEC q8_0 m=5120 n=1 k=10240: 1 x 101.32 us = 101.32 us (1034.86 GFLOPS/s)
PAD: 1 x 6.64 us = 6.64 us
RMS_NORM_MUL RMS_NORM(256,24,1,1): 1 x 5.76 us = 5.76 us
RMS_NORM_MUL RMS_NORM(256,4,1,1): 1 x 3.84 us = 3.84 us
RMS_NORM_MUL RMS_NORM(5120,1,1,1): 5 x 3.824 us = 19.12 us
ROPE: 2 x 3.84 us = 7.68 us
SET_ROWS: 2 x 3.24 us = 6.48 us
SIGMOID_MUL SIGMOID: 1 x 1.68 us = 1.68 us
TOP_K K=10 (98304,1,1,1): 1 x 9.28 us = 9.28 us
Total time: 1408.32 us.
----------------
Vulkan Timings:
CONCAT: 1 x 1.68 us = 1.68 us
CONT: 1 x 3.76 us = 3.76 us
FLASH_ATTN_EXT dst(256,24,1,1),  q(256,1,24,1),  k(256,256,4,1),  v(256,256,4,1),  m(256,1,1,1): 1 x 13.84 us = 13.84 us (454.585 GFLOPS/s)
GET_ROWS: 3 x 4.973 us = 14.92 us
GLU: 1 x 1.76 us = 1.76 us
MUL_MAT f32 m=256 n=24 k=256: 1 x 1.64 us = 1.64 us (1914.38 GFLOPS/s)
MUL_MAT f32 m=64 n=16 k=64: 1 x 3.8 us = 3.8 us (34.2232 GFLOPS/s)
MUL_MAT f32 m=64 n=96 k=64: 1 x 3.76 us = 3.76 us (207.523 GFLOPS/s)
MUL_MAT_ADD MUL_MAT_VEC q6_K m=5120 n=1 k=17408: 1 x 123.52 us = 123.52 us (1443.11 GFLOPS/s)
MUL_MAT_ADD MUL_MAT_VEC q6_K m=5120 n=1 k=6144: 1 x 53.2 us = 53.2 us (1182.51 GFLOPS/s)
MUL_MAT_VEC f32 m=256 n=4 k=256: 1 x 3.16 us = 3.16 us (165.59 GFLOPS/s)
MUL_MAT_VEC q6_K m=1024 n=1 k=5120: 2 x 7 us = 14 us (1497.82 GFLOPS/s)
MUL_MAT_VEC q6_K m=12288 n=1 k=5120: 1 x 92.96 us = 92.96 us (1353.45 GFLOPS/s)
MUL_MAT_VEC q6_K m=17408 n=1 k=5120: 2 x 121.44 us = 242.88 us (1467.72 GFLOPS/s)
MUL_MAT_VEC q6_K m=98304 n=1 k=5120: 1 x 674.88 us = 674.88 us (1491.43 GFLOPS/s)
MUL_MAT_VEC q8_0 m=5120 n=1 k=10240: 1 x 101.72 us = 101.72 us (1030.8 GFLOPS/s)
PAD: 1 x 6.44 us = 6.44 us
RMS_NORM_MUL RMS_NORM(256,24,1,1): 1 x 3.8 us = 3.8 us
RMS_NORM_MUL RMS_NORM(256,4,1,1): 1 x 3.8 us = 3.8 us
RMS_NORM_MUL RMS_NORM(5120,1,1,1): 5 x 3.64 us = 18.2 us
ROPE: 2 x 3.76 us = 7.52 us
SET_ROWS: 2 x 2.98 us = 5.96 us
SIGMOID_MUL SIGMOID: 1 x 1.72 us = 1.72 us
TOP_K K=10 (98304,1,1,1): 1 x 9.12 us = 9.12 us
Total time: 1408.04 us.
----------------
Vulkan Timings:
CONCAT: 1 x 2.56 us = 2.56 us
CONT: 1 x 3.8 us = 3.8 us
FLASH_ATTN_EXT dst(256,24,1,1),  q(256,1,24,1),  k(256,256,4,1),  v(256,256,4,1),  m(256,1,1,1): 1 x 13.88 us = 13.88 us (453.275 GFLOPS/s)
GET_ROWS: 3 x 4.92 us = 14.76 us
GLU: 1 x 1.8 us = 1.8 us
MUL_MAT f32 m=256 n=24 k=256: 1 x 1.6 us = 1.6 us (1962.24 GFLOPS/s)
MUL_MAT f32 m=64 n=16 k=64: 1 x 3.76 us = 3.76 us (34.5872 GFLOPS/s)
MUL_MAT f32 m=64 n=96 k=64: 1 x 3.76 us = 3.76 us (207.523 GFLOPS/s)
MUL_MAT_ADD MUL_MAT_VEC q6_K m=5120 n=1 k=17408: 1 x 123.24 us = 123.24 us (1446.39 GFLOPS/s)
MUL_MAT_ADD MUL_MAT_VEC q6_K m=5120 n=1 k=6144: 1 x 53.72 us = 53.72 us (1171.06 GFLOPS/s)
MUL_MAT_VEC f32 m=256 n=4 k=256: 1 x 3.16 us = 3.16 us (165.59 GFLOPS/s)
MUL_MAT_VEC q6_K m=1024 n=1 k=5120: 2 x 8.78 us = 17.56 us (1194.16 GFLOPS/s)
MUL_MAT_VEC q6_K m=12288 n=1 k=5120: 1 x 85.48 us = 85.48 us (1471.89 GFLOPS/s)
MUL_MAT_VEC q6_K m=17408 n=1 k=5120: 2 x 121.34 us = 242.68 us (1468.93 GFLOPS/s)
MUL_MAT_VEC q6_K m=98304 n=1 k=5120: 1 x 672.35 us = 672.35 us (1497.04 GFLOPS/s)
MUL_MAT_VEC q8_0 m=5120 n=1 k=10240: 1 x 100.36 us = 100.36 us (1044.76 GFLOPS/s)
PAD: 1 x 6.48 us = 6.48 us
RMS_NORM_MUL RMS_NORM(256,24,1,1): 1 x 5.56 us = 5.56 us
RMS_NORM_MUL RMS_NORM(256,4,1,1): 1 x 3.76 us = 3.76 us
RMS_NORM_MUL RMS_NORM(5120,1,1,1): 5 x 3.768 us = 18.84 us
ROPE: 2 x 3.7 us = 7.4 us
SET_ROWS: 2 x 2.96 us = 5.92 us
SIGMOID_MUL SIGMOID: 1 x 1.72 us = 1.72 us
TOP_K K=10 (98304,1,1,1): 1 x 9.28 us = 9.28 us
Total time: 1403.43 us.
----------------
Vulkan Timings:
ADD: 48 x 4.048 us = 194.32 us
CONT: 16 x 3.927 us = 62.84 us
FLASH_ATTN_EXT dst(256,24,5,1),  q(256,5,24,1),  k(256,256,4,1),  v(256,256,4,1),  m(256,5,1,1): 16 x 23.63 us = 378.08 us (1331.24 GFLOPS/s)
GDN_CACHE GATED_DELTA_NET: 48 x 13.86 us = 665.32 us
GDN_CONV_STATE CONCAT: 48 x 3.049 us = 146.36 us
GET_ROWS: 3 x 12.066 us = 36.2 us
GLU: 64 x 2.305 us = 147.56 us
MUL_MAT f32 m=256 n=120 k=256: 16 x 1.742 us = 27.88 us (9008.85 GFLOPS/s)
MUL_MAT f32 m=256 n=20 k=256: 16 x 3.34 us = 53.44 us (783.329 GFLOPS/s)
MUL_MAT f32 m=64 n=480 k=64: 16 x 3.912 us = 62.6 us (997.173 GFLOPS/s)
MUL_MAT f32 m=64 n=80 k=64: 16 x 3.907 us = 62.52 us (166.408 GFLOPS/s)
MUL_MAT_ADD MUL_MAT_VEC q6_K m=5120 n=5 k=17408: 64 x 130.359 us = 8343 us (6836.98 GFLOPS/s)
MUL_MAT_ADD MUL_MAT_VEC q6_K m=5120 n=5 k=6144: 16 x 55.842 us = 893.48 us (5632.76 GFLOPS/s)
MUL_MAT_GROUP MUL_MAT_VEC q6_K m=10240 n=5 k=5120: 47 x 118.416 us = 5565.56 us (4427.07 GFLOPS/s)
MUL_MAT_GROUP MUL_MAT_VEC q6_K m=12288 n=5 k=5120: 16 x 104.72 us = 1675.52 us (6007.3 GFLOPS/s)
MUL_MAT_GROUP MUL_MAT_VEC q6_K m=17408 n=5 k=5120: 64 x 266.961 us = 17085.6 us (3338.31 GFLOPS/s)
MUL_MAT_VEC f32 m=48 n=5 k=5120: 96 x 6.832 us = 655.88 us (359.679 GFLOPS/s)
MUL_MAT_VEC q6_K m=10240 n=5 k=5120: 1 x 80.24 us = 80.24 us (6533.36 GFLOPS/s)
MUL_MAT_VEC q6_K m=248320 n=5 k=5120: 1 x 1686.52 us = 1686.52 us (7537.85 GFLOPS/s)
MUL_MAT_VEC q6_K m=6144 n=5 k=5120: 1 x 50.44 us = 50.44 us (6235.97 GFLOPS/s)
MUL_MAT_VEC q8_0 m=5120 n=5 k=6144: 48 x 60.97 us = 2926.6 us (5158.98 GFLOPS/s)
RMS_NORM_MUL RMS_NORM(256,24,5,1): 16 x 4.055 us = 64.88 us
RMS_NORM_MUL RMS_NORM(256,4,5,1): 16 x 3.83 us = 61.28 us
RMS_NORM_MUL RMS_NORM(5120,5,1,1): 129 x 4.459 us = 575.32 us
RMS_NORM_MUL_SILU_MUL RMS_NORM(128,48,5,1): 48 x 6.25 us = 300.04 us
RMS_NORM_SCALE RMS_NORM(128,16,5,1): 96 x 2.557 us = 245.56 us
ROPE: 32 x 3.888 us = 124.44 us
SET_ROWS: 32 x 3.062 us = 98 us
SIGMOID_MUL SIGMOID: 16 x 3.937 us = 63 us
SSM_CONV_SILU SSM_CONV: 48 x 5.039 us = 241.88 us
Total time: 42574.3 us.
----------------
Vulkan Timings:
CONCAT: 1 x 4.08 us = 4.08 us
CONT: 1 x 4.12 us = 4.12 us
FLASH_ATTN_EXT dst(256,24,5,1),  q(256,5,24,1),  k(256,256,4,1),  v(256,256,4,1),  m(256,5,1,1): 1 x 25 us = 25 us (1258.29 GFLOPS/s)
GET_ROWS: 1 x 7.44 us = 7.44 us
GLU: 1 x 1.8 us = 1.8 us
MUL_MAT f32 m=256 n=120 k=256: 1 x 1.88 us = 1.88 us (8349.96 GFLOPS/s)
MUL_MAT f32 m=256 n=20 k=256: 1 x 3.48 us = 3.48 us (751.816 GFLOPS/s)
MUL_MAT f32 m=64 n=480 k=64: 1 x 4.12 us = 4.12 us (946.951 GFLOPS/s)
MUL_MAT f32 m=64 n=80 k=64: 1 x 4.12 us = 4.12 us (157.825 GFLOPS/s)
MUL_MAT_ADD MUL_MAT_VEC q6_K m=5120 n=5 k=17408: 1 x 158.2 us = 158.2 us (5633.78 GFLOPS/s)
MUL_MAT_ADD MUL_MAT_VEC q6_K m=5120 n=5 k=6144: 1 x 56.52 us = 56.52 us (5565.24 GFLOPS/s)
MUL_MAT_GROUP MUL_MAT_VEC q6_K m=12288 n=5 k=5120: 1 x 136.62 us = 136.62 us (4604.63 GFLOPS/s)
MUL_MAT_GROUP MUL_MAT_VEC q6_K m=17408 n=5 k=5120: 1 x 257.24 us = 257.24 us (3464.48 GFLOPS/s)
MUL_MAT_VEC q8_0 m=5120 n=5 k=10240: 1 x 107.76 us = 107.76 us (4865.09 GFLOPS/s)
RMS_NORM_MUL RMS_NORM(256,24,5,1): 1 x 4.04 us = 4.04 us
RMS_NORM_MUL RMS_NORM(256,4,5,1): 1 x 4.12 us = 4.12 us
RMS_NORM_MUL RMS_NORM(5120,5,1,1): 5 x 9.338 us = 46.69 us
ROPE: 2 x 4.1 us = 8.2 us
SET_ROWS: 2 x 3.16 us = 6.32 us
SIGMOID_MUL SIGMOID: 1 x 4.16 us = 4.16 us
Total time: 845.91 us.
----------------
Vulkan Timings:
CONCAT: 1 x 1.8 us = 1.8 us
CONT: 1 x 3.72 us = 3.72 us
FLASH_ATTN_EXT dst(256,24,1,1),  q(256,1,24,1),  k(256,256,4,1),  v(256,256,4,1),  m(256,1,1,1): 1 x 14.2 us = 14.2 us (443.06 GFLOPS/s)
GET_ROWS: 3 x 5.106 us = 15.32 us
GLU: 1 x 1.68 us = 1.68 us
MUL_MAT f32 m=256 n=24 k=256: 1 x 1.64 us = 1.64 us (1914.38 GFLOPS/s)
MUL_MAT f32 m=64 n=16 k=64: 1 x 1.96 us = 1.96 us (66.351 GFLOPS/s)
MUL_MAT f32 m=64 n=96 k=64: 1 x 3.44 us = 3.44 us (226.828 GFLOPS/s)
MUL_MAT_ADD MUL_MAT_VEC q6_K m=5120 n=1 k=17408: 1 x 123 us = 123 us (1449.21 GFLOPS/s)
MUL_MAT_ADD MUL_MAT_VEC q6_K m=5120 n=1 k=6144: 1 x 48.32 us = 48.32 us (1301.93 GFLOPS/s)
MUL_MAT_VEC f32 m=256 n=4 k=256: 1 x 3.2 us = 3.2 us (163.52 GFLOPS/s)
MUL_MAT_VEC q6_K m=1024 n=1 k=5120: 2 x 9 us = 18 us (1164.97 GFLOPS/s)
MUL_MAT_VEC q6_K m=12288 n=1 k=5120: 1 x 90.52 us = 90.52 us (1389.93 GFLOPS/s)
MUL_MAT_VEC q6_K m=17408 n=1 k=5120: 2 x 121.9 us = 243.8 us (1462.19 GFLOPS/s)
MUL_MAT_VEC q6_K m=98304 n=1 k=5120: 1 x 672.23 us = 672.23 us (1497.31 GFLOPS/s)
MUL_MAT_VEC q8_0 m=5120 n=1 k=10240: 1 x 101.4 us = 101.4 us (1034.05 GFLOPS/s)
PAD: 1 x 6.52 us = 6.52 us
RMS_NORM_MUL RMS_NORM(256,24,1,1): 1 x 6.2 us = 6.2 us
RMS_NORM_MUL RMS_NORM(256,4,1,1): 1 x 5.2 us = 5.2 us
RMS_NORM_MUL RMS_NORM(5120,1,1,1): 5 x 4.176 us = 20.88 us
ROPE: 2 x 3.54 us = 7.08 us
SET_ROWS: 2 x 2.96 us = 5.92 us
SIGMOID_MUL SIGMOID: 1 x 1.64 us = 1.64 us
TOP_K K=10 (98304,1,1,1): 1 x 9.64 us = 9.64 us
Total time: 1407.31 us.
----------------
Vulkan Timings:
CONCAT: 1 x 1.76 us = 1.76 us
CONT: 1 x 3.68 us = 3.68 us
FLASH_ATTN_EXT dst(256,24,1,1),  q(256,1,24,1),  k(256,256,4,1),  v(256,256,4,1),  m(256,1,1,1): 1 x 14.16 us = 14.16 us (444.312 GFLOPS/s)
GET_ROWS: 3 x 4.96 us = 14.88 us
GLU: 1 x 1.84 us = 1.84 us
MUL_MAT f32 m=256 n=24 k=256: 1 x 1.72 us = 1.72 us (1825.34 GFLOPS/s)
MUL_MAT f32 m=64 n=16 k=64: 1 x 3.72 us = 3.72 us (34.9591 GFLOPS/s)
MUL_MAT f32 m=64 n=96 k=64: 1 x 3.72 us = 3.72 us (209.755 GFLOPS/s)
MUL_MAT_ADD MUL_MAT_VEC q6_K m=5120 n=1 k=17408: 1 x 123.6 us = 123.6 us (1442.17 GFLOPS/s)
MUL_MAT_ADD MUL_MAT_VEC q6_K m=5120 n=1 k=6144: 1 x 54.64 us = 54.64 us (1151.34 GFLOPS/s)
MUL_MAT_VEC f32 m=256 n=4 k=256: 1 x 3.12 us = 3.12 us (167.713 GFLOPS/s)
MUL_MAT_VEC q6_K m=1024 n=1 k=5120: 2 x 7.08 us = 14.16 us (1480.89 GFLOPS/s)
MUL_MAT_VEC q6_K m=12288 n=1 k=5120: 1 x 93.36 us = 93.36 us (1347.65 GFLOPS/s)
MUL_MAT_VEC q6_K m=17408 n=1 k=5120: 2 x 121.54 us = 243.08 us (1466.52 GFLOPS/s)
MUL_MAT_VEC q6_K m=98304 n=1 k=5120: 1 x 672.27 us = 672.27 us (1497.22 GFLOPS/s)
MUL_MAT_VEC q8_0 m=5120 n=1 k=10240: 1 x 101.16 us = 101.16 us (1036.5 GFLOPS/s)
PAD: 1 x 6.52 us = 6.52 us
RMS_NORM_MUL RMS_NORM(256,24,1,1): 1 x 3.76 us = 3.76 us
RMS_NORM_MUL RMS_NORM(256,4,1,1): 1 x 3.72 us = 3.72 us
RMS_NORM_MUL RMS_NORM(5120,1,1,1): 5 x 3.824 us = 19.12 us
ROPE: 2 x 3.68 us = 7.36 us
SET_ROWS: 2 x 2.98 us = 5.96 us
SIGMOID_MUL SIGMOID: 1 x 1.68 us = 1.68 us
TOP_K K=10 (98304,1,1,1): 1 x 9.36 us = 9.36 us
Total time: 1408.35 us.
----------------
Vulkan Timings:
CONCAT: 1 x 1.64 us = 1.64 us
CONT: 1 x 3.68 us = 3.68 us
FLASH_ATTN_EXT dst(256,24,1,1),  q(256,1,24,1),  k(256,256,4,1),  v(256,256,4,1),  m(256,1,1,1): 1 x 14 us = 14 us (449.39 GFLOPS/s)
GET_ROWS: 3 x 4.88 us = 14.64 us
GLU: 1 x 1.76 us = 1.76 us
MUL_MAT f32 m=256 n=24 k=256: 1 x 1.68 us = 1.68 us (1868.8 GFLOPS/s)
MUL_MAT f32 m=64 n=16 k=64: 1 x 3.64 us = 3.64 us (35.7275 GFLOPS/s)
MUL_MAT f32 m=64 n=96 k=64: 1 x 3.64 us = 3.64 us (214.365 GFLOPS/s)
MUL_MAT_ADD MUL_MAT_VEC q6_K m=5120 n=1 k=17408: 1 x 123.28 us = 123.28 us (1445.92 GFLOPS/s)
MUL_MAT_ADD MUL_MAT_VEC q6_K m=5120 n=1 k=6144: 1 x 53.6 us = 53.6 us (1173.68 GFLOPS/s)
MUL_MAT_VEC f32 m=256 n=4 k=256: 1 x 3.04 us = 3.04 us (172.126 GFLOPS/s)
MUL_MAT_VEC q6_K m=1024 n=1 k=5120: 2 x 8.82 us = 17.64 us (1188.75 GFLOPS/s)
MUL_MAT_VEC q6_K m=12288 n=1 k=5120: 1 x 86 us = 86 us (1462.99 GFLOPS/s)
MUL_MAT_VEC q6_K m=17408 n=1 k=5120: 2 x 121.34 us = 242.68 us (1468.93 GFLOPS/s)
MUL_MAT_VEC q6_K m=98304 n=1 k=5120: 1 x 673.53 us = 673.53 us (1494.42 GFLOPS/s)
MUL_MAT_VEC q8_0 m=5120 n=1 k=10240: 1 x 102.16 us = 102.16 us (1026.36 GFLOPS/s)
PAD: 1 x 6.36 us = 6.36 us
RMS_NORM_MUL RMS_NORM(256,24,1,1): 1 x 5.4 us = 5.4 us
RMS_NORM_MUL RMS_NORM(256,4,1,1): 1 x 3.64 us = 3.64 us
RMS_NORM_MUL RMS_NORM(5120,1,1,1): 5 x 3.784 us = 18.92 us
ROPE: 2 x 3.64 us = 7.28 us
SET_ROWS: 2 x 2.94 us = 5.88 us
SIGMOID_MUL SIGMOID: 1 x 1.72 us = 1.72 us
TOP_K K=10 (98304,1,1,1): 1 x 8.88 us = 8.88 us
Total time: 1404.69 us.
----------------
Vulkan Timings:
CONCAT: 1 x 1.68 us = 1.68 us
CONT: 1 x 3.64 us = 3.64 us
FLASH_ATTN_EXT dst(256,24,1,1),  q(256,1,24,1),  k(256,256,4,1),  v(256,256,4,1),  m(256,1,1,1): 1 x 13.96 us = 13.96 us (450.677 GFLOPS/s)
GET_ROWS: 3 x 4.826 us = 14.48 us
GLU: 1 x 1.76 us = 1.76 us
MUL_MAT f32 m=256 n=24 k=256: 1 x 1.68 us = 1.68 us (1868.8 GFLOPS/s)
MUL_MAT f32 m=64 n=16 k=64: 1 x 3.6 us = 3.6 us (36.1244 GFLOPS/s)
MUL_MAT f32 m=64 n=96 k=64: 1 x 3.64 us = 3.64 us (214.365 GFLOPS/s)
MUL_MAT_ADD MUL_MAT_VEC q6_K m=5120 n=1 k=17408: 1 x 122.88 us = 122.88 us (1450.62 GFLOPS/s)
MUL_MAT_ADD MUL_MAT_VEC q6_K m=5120 n=1 k=6144: 1 x 54.24 us = 54.24 us (1159.83 GFLOPS/s)
MUL_MAT_VEC f32 m=256 n=4 k=256: 1 x 3.04 us = 3.04 us (172.126 GFLOPS/s)
MUL_MAT_VEC q6_K m=1024 n=1 k=5120: 2 x 6.8 us = 13.6 us (1541.87 GFLOPS/s)
MUL_MAT_VEC q6_K m=12288 n=1 k=5120: 1 x 93.76 us = 93.76 us (1341.9 GFLOPS/s)
MUL_MAT_VEC q6_K m=17408 n=1 k=5120: 2 x 121.44 us = 242.88 us (1467.72 GFLOPS/s)
MUL_MAT_VEC q6_K m=98304 n=1 k=5120: 1 x 673.65 us = 673.65 us (1494.15 GFLOPS/s)
MUL_MAT_VEC q8_0 m=5120 n=1 k=10240: 1 x 100.6 us = 100.6 us (1042.27 GFLOPS/s)
PAD: 1 x 6.4 us = 6.4 us
RMS_NORM_MUL RMS_NORM(256,24,1,1): 1 x 3.64 us = 3.64 us
RMS_NORM_MUL RMS_NORM(256,4,1,1): 1 x 3.6 us = 3.6 us
RMS_NORM_MUL RMS_NORM(5120,1,1,1): 5 x 3.776 us = 18.88 us
ROPE: 2 x 3.56 us = 7.12 us
SET_ROWS: 2 x 2.9 us = 5.8 us
SIGMOID_MUL SIGMOID: 1 x 1.72 us = 1.72 us
TOP_K K=10 (98304,1,1,1): 1 x 9.4 us = 9.4 us
Total time: 1405.65 us.
----------------
Vulkan Timings:
ADD: 48 x 3.845 us = 184.56 us
CONT: 16 x 3.732 us = 59.72 us
FLASH_ATTN_EXT dst(256,24,5,1),  q(256,5,24,1),  k(256,256,4,1),  v(256,256,4,1),  m(256,5,1,1): 16 x 23.49 us = 375.84 us (1339.18 GFLOPS/s)
GDN_CACHE GATED_DELTA_NET: 48 x 14.561 us = 698.96 us
GDN_CONV_STATE CONCAT: 48 x 3.13 us = 150.28 us
GET_ROWS: 3 x 11.706 us = 35.12 us
GLU: 64 x 2.306 us = 147.6 us
MUL_MAT f32 m=256 n=120 k=256: 16 x 1.752 us = 28.04 us (8957.44 GFLOPS/s)
MUL_MAT f32 m=256 n=20 k=256: 16 x 3.015 us = 48.24 us (867.768 GFLOPS/s)
MUL_MAT f32 m=64 n=480 k=64: 16 x 3.737 us = 59.8 us (1043.86 GFLOPS/s)
MUL_MAT f32 m=64 n=80 k=64: 16 x 3.717 us = 59.48 us (174.913 GFLOPS/s)
MUL_MAT_ADD MUL_MAT_VEC q6_K m=5120 n=5 k=17408: 64 x 129.646 us = 8297.36 us (6874.58 GFLOPS/s)
MUL_MAT_ADD MUL_MAT_VEC q6_K m=5120 n=5 k=6144: 16 x 56.22 us = 899.52 us (5594.93 GFLOPS/s)
MUL_MAT_GROUP MUL_MAT_VEC q6_K m=10240 n=5 k=5120: 47 x 118.251 us = 5557.84 us (4433.22 GFLOPS/s)
MUL_MAT_GROUP MUL_MAT_VEC q6_K m=12288 n=5 k=5120: 16 x 104.32 us = 1669.12 us (6030.33 GFLOPS/s)
MUL_MAT_GROUP MUL_MAT_VEC q6_K m=17408 n=5 k=5120: 64 x 266.176 us = 17035.3 us (3348.16 GFLOPS/s)
MUL_MAT_VEC f32 m=48 n=5 k=5120: 96 x 6.467 us = 620.92 us (379.931 GFLOPS/s)
MUL_MAT_VEC q6_K m=10240 n=5 k=5120: 1 x 79.6 us = 79.6 us (6585.89 GFLOPS/s)
MUL_MAT_VEC q6_K m=248320 n=5 k=5120: 1 x 1685.92 us = 1685.92 us (7540.54 GFLOPS/s)
MUL_MAT_VEC q6_K m=6144 n=5 k=5120: 1 x 49.72 us = 49.72 us (6326.27 GFLOPS/s)
MUL_MAT_VEC q8_0 m=5120 n=5 k=6144: 48 x 60.677 us = 2912.52 us (5183.92 GFLOPS/s)
RMS_NORM_MUL RMS_NORM(256,24,5,1): 16 x 3.845 us = 61.52 us
RMS_NORM_MUL RMS_NORM(256,4,5,1): 16 x 3.637 us = 58.2 us
RMS_NORM_MUL RMS_NORM(5120,5,1,1): 129 x 4.35 us = 561.16 us
RMS_NORM_MUL_SILU_MUL RMS_NORM(128,48,5,1): 48 x 5.895 us = 283 us
RMS_NORM_SCALE RMS_NORM(128,16,5,1): 96 x 2.438 us = 234.08 us
ROPE: 32 x 3.698 us = 118.36 us
SET_ROWS: 32 x 3.037 us = 97.2 us
SIGMOID_MUL SIGMOID: 16 x 3.755 us = 60.08 us
SSM_CONV_SILU SSM_CONV: 48 x 4.845 us = 232.56 us
Total time: 42361.6 us.
----------------
Vulkan Timings:
CONCAT: 1 x 4.04 us = 4.04 us
CONT: 1 x 3.84 us = 3.84 us
FLASH_ATTN_EXT dst(256,24,5,1),  q(256,5,24,1),  k(256,256,4,1),  v(256,256,4,1),  m(256,5,1,1): 1 x 24.28 us = 24.28 us (1295.6 GFLOPS/s)
GET_ROWS: 1 x 7 us = 7 us
GLU: 1 x 1.8 us = 1.8 us
MUL_MAT f32 m=256 n=120 k=256: 1 x 1.76 us = 1.76 us (8919.27 GFLOPS/s)
MUL_MAT f32 m=256 n=20 k=256: 1 x 3.24 us = 3.24 us (807.506 GFLOPS/s)
MUL_MAT f32 m=64 n=480 k=64: 1 x 3.92 us = 3.92 us (995.265 GFLOPS/s)
MUL_MAT f32 m=64 n=80 k=64: 1 x 3.88 us = 3.88 us (167.588 GFLOPS/s)
MUL_MAT_ADD MUL_MAT_VEC q6_K m=5120 n=5 k=17408: 1 x 157.31 us = 157.31 us (5665.65 GFLOPS/s)
MUL_MAT_ADD MUL_MAT_VEC q6_K m=5120 n=5 k=6144: 1 x 55.8 us = 55.8 us (5637.05 GFLOPS/s)
MUL_MAT_GROUP MUL_MAT_VEC q6_K m=12288 n=5 k=5120: 1 x 134.97 us = 134.97 us (4660.92 GFLOPS/s)
MUL_MAT_GROUP MUL_MAT_VEC q6_K m=17408 n=5 k=5120: 1 x 256.16 us = 256.16 us (3479.09 GFLOPS/s)
MUL_MAT_VEC q8_0 m=5120 n=5 k=10240: 1 x 105.72 us = 105.72 us (4958.97 GFLOPS/s)
RMS_NORM_MUL RMS_NORM(256,24,5,1): 1 x 3.76 us = 3.76 us
RMS_NORM_MUL RMS_NORM(256,4,5,1): 1 x 3.84 us = 3.84 us
RMS_NORM_MUL RMS_NORM(5120,5,1,1): 5 x 9.21 us = 46.05 us
ROPE: 2 x 3.84 us = 7.68 us
SET_ROWS: 2 x 3.04 us = 6.08 us
SIGMOID_MUL SIGMOID: 1 x 3.88 us = 3.88 us
Total time: 835.01 us.
----------------
Vulkan Timings:
CONCAT: 1 x 1.72 us = 1.72 us
CONT: 1 x 3.76 us = 3.76 us
FLASH_ATTN_EXT dst(256,24,1,1),  q(256,1,24,1),  k(256,256,4,1),  v(256,256,4,1),  m(256,1,1,1): 1 x 13.88 us = 13.88 us (453.275 GFLOPS/s)
GET_ROWS: 3 x 5.12 us = 15.36 us
GLU: 1 x 1.68 us = 1.68 us
MUL_MAT f32 m=256 n=24 k=256: 1 x 2.16 us = 2.16 us (1453.51 GFLOPS/s)
MUL_MAT f32 m=64 n=16 k=64: 1 x 1.88 us = 1.88 us (69.1745 GFLOPS/s)
MUL_MAT f32 m=64 n=96 k=64: 1 x 3.48 us = 3.48 us (224.221 GFLOPS/s)
MUL_MAT_ADD MUL_MAT_VEC q6_K m=5120 n=1 k=17408: 1 x 123.44 us = 123.44 us (1444.04 GFLOPS/s)
MUL_MAT_ADD MUL_MAT_VEC q6_K m=5120 n=1 k=6144: 1 x 47.96 us = 47.96 us (1311.71 GFLOPS/s)
MUL_MAT_VEC f32 m=256 n=4 k=256: 1 x 0.76 us = 0.76 us (688.505 GFLOPS/s)
MUL_MAT_VEC q6_K m=1024 n=1 k=5120: 2 x 9 us = 18 us (1164.97 GFLOPS/s)
MUL_MAT_VEC q6_K m=12288 n=1 k=5120: 1 x 90.88 us = 90.88 us (1384.43 GFLOPS/s)
MUL_MAT_VEC q6_K m=17408 n=1 k=5120: 2 x 122.12 us = 244.24 us (1459.55 GFLOPS/s)
MUL_MAT_VEC q6_K m=98304 n=1 k=5120: 1 x 674.17 us = 674.17 us (1493 GFLOPS/s)
MUL_MAT_VEC q8_0 m=5120 n=1 k=10240: 1 x 98.64 us = 98.64 us (1062.98 GFLOPS/s)
PAD: 1 x 6.6 us = 6.6 us
RMS_NORM_MUL RMS_NORM(256,24,1,1): 1 x 6.36 us = 6.36 us
RMS_NORM_MUL RMS_NORM(256,4,1,1): 1 x 5.32 us = 5.32 us
RMS_NORM_MUL RMS_NORM(5120,1,1,1): 5 x 4.504 us = 22.52 us
ROPE: 2 x 3.58 us = 7.16 us
SET_ROWS: 2 x 4.22 us = 8.44 us
SIGMOID_MUL SIGMOID: 1 x 1.64 us = 1.64 us
TOP_K K=10 (98304,1,1,1): 1 x 9.64 us = 9.64 us
Total time: 1409.69 us.
----------------
Vulkan Timings:
CONCAT: 1 x 1.72 us = 1.72 us
CONT: 1 x 3.84 us = 3.84 us
FLASH_ATTN_EXT dst(256,24,1,1),  q(256,1,24,1),  k(256,256,4,1),  v(256,256,4,1),  m(256,1,1,1): 1 x 14.04 us = 14.04 us (448.109 GFLOPS/s)
GET_ROWS: 3 x 5.16 us = 15.48 us
GLU: 1 x 1.8 us = 1.8 us
MUL_MAT f32 m=256 n=24 k=256: 1 x 1.72 us = 1.72 us (1825.34 GFLOPS/s)
MUL_MAT f32 m=64 n=16 k=64: 1 x 3.8 us = 3.8 us (34.2232 GFLOPS/s)
MUL_MAT f32 m=64 n=96 k=64: 1 x 3.8 us = 3.8 us (205.339 GFLOPS/s)
MUL_MAT_ADD MUL_MAT_VEC q6_K m=5120 n=1 k=17408: 1 x 123.56 us = 123.56 us (1442.64 GFLOPS/s)
MUL_MAT_ADD MUL_MAT_VEC q6_K m=5120 n=1 k=6144: 1 x 53.12 us = 53.12 us (1184.29 GFLOPS/s)
MUL_MAT_VEC f32 m=256 n=4 k=256: 1 x 3.2 us = 3.2 us (163.52 GFLOPS/s)
MUL_MAT_VEC q6_K m=1024 n=1 k=5120: 2 x 7 us = 14 us (1497.82 GFLOPS/s)
MUL_MAT_VEC q6_K m=12288 n=1 k=5120: 1 x 93.16 us = 93.16 us (1350.55 GFLOPS/s)
MUL_MAT_VEC q6_K m=17408 n=1 k=5120: 2 x 121.6 us = 243.2 us (1465.79 GFLOPS/s)
MUL_MAT_VEC q6_K m=98304 n=1 k=5120: 1 x 673.21 us = 673.21 us (1495.13 GFLOPS/s)
MUL_MAT_VEC q8_0 m=5120 n=1 k=10240: 1 x 101.8 us = 101.8 us (1029.99 GFLOPS/s)
PAD: 1 x 6.48 us = 6.48 us
RMS_NORM_MUL RMS_NORM(256,24,1,1): 1 x 3.84 us = 3.84 us
RMS_NORM_MUL RMS_NORM(256,4,1,1): 1 x 3.84 us = 3.84 us
RMS_NORM_MUL RMS_NORM(5120,1,1,1): 5 x 3.784 us = 18.92 us
ROPE: 2 x 3.82 us = 7.64 us
SET_ROWS: 2 x 3.04 us = 6.08 us
SIGMOID_MUL SIGMOID: 1 x 1.68 us = 1.68 us
TOP_K K=10 (98304,1,1,1): 1 x 8.92 us = 8.92 us
Total time: 1408.85 us.
----------------
Vulkan Timings:
CONCAT: 1 x 1.64 us = 1.64 us
CONT: 1 x 3.76 us = 3.76 us
FLASH_ATTN_EXT dst(256,24,1,1),  q(256,1,24,1),  k(256,256,4,1),  v(256,256,4,1),  m(256,1,1,1): 1 x 13.8 us = 13.8 us (455.903 GFLOPS/s)
GET_ROWS: 3 x 4.933 us = 14.8 us
GLU: 1 x 1.8 us = 1.8 us
MUL_MAT f32 m=256 n=24 k=256: 1 x 1.72 us = 1.72 us (1825.34 GFLOPS/s)
MUL_MAT f32 m=64 n=16 k=64: 1 x 3.76 us = 3.76 us (34.5872 GFLOPS/s)
MUL_MAT f32 m=64 n=96 k=64: 1 x 3.72 us = 3.72 us (209.755 GFLOPS/s)
MUL_MAT_ADD MUL_MAT_VEC q6_K m=5120 n=1 k=17408: 1 x 123.84 us = 123.84 us (1439.38 GFLOPS/s)
MUL_MAT_ADD MUL_MAT_VEC q6_K m=5120 n=1 k=6144: 1 x 53.44 us = 53.44 us (1177.2 GFLOPS/s)
MUL_MAT_VEC f32 m=256 n=4 k=256: 1 x 3.12 us = 3.12 us (167.713 GFLOPS/s)
MUL_MAT_VEC q6_K m=1024 n=1 k=5120: 2 x 8.88 us = 17.76 us (1180.71 GFLOPS/s)
MUL_MAT_VEC q6_K m=12288 n=1 k=5120: 1 x 85.52 us = 85.52 us (1471.2 GFLOPS/s)
MUL_MAT_VEC q6_K m=17408 n=1 k=5120: 2 x 121.24 us = 242.48 us (1470.15 GFLOPS/s)
MUL_MAT_VEC q6_K m=98304 n=1 k=5120: 1 x 677.18 us = 677.18 us (1486.36 GFLOPS/s)
MUL_MAT_VEC q8_0 m=5120 n=1 k=10240: 1 x 101.52 us = 101.52 us (1032.83 GFLOPS/s)
PAD: 1 x 6.56 us = 6.56 us
RMS_NORM_MUL RMS_NORM(256,24,1,1): 1 x 5.56 us = 5.56 us
RMS_NORM_MUL RMS_NORM(256,4,1,1): 1 x 3.76 us = 3.76 us
RMS_NORM_MUL RMS_NORM(5120,1,1,1): 5 x 3.76 us = 18.8 us
ROPE: 2 x 3.74 us = 7.48 us
SET_ROWS: 2 x 2.98 us = 5.96 us
SIGMOID_MUL SIGMOID: 1 x 1.64 us = 1.64 us
TOP_K K=10 (98304,1,1,1): 1 x 9.4 us = 9.4 us
Total time: 1409.02 us.
----------------
Vulkan Timings:
CONCAT: 1 x 1.64 us = 1.64 us
CONT: 1 x 3.76 us = 3.76 us
FLASH_ATTN_EXT dst(256,24,1,1),  q(256,1,24,1),  k(256,256,4,1),  v(256,256,4,1),  m(256,1,1,1): 1 x 15.64 us = 15.64 us (402.267 GFLOPS/s)
GET_ROWS: 3 x 4.906 us = 14.72 us
GLU: 1 x 1.76 us = 1.76 us
MUL_MAT f32 m=256 n=24 k=256: 1 x 2.2 us = 2.2 us (1427.08 GFLOPS/s)
MUL_MAT f32 m=64 n=16 k=64: 1 x 3.76 us = 3.76 us (34.5872 GFLOPS/s)
MUL_MAT f32 m=64 n=96 k=64: 1 x 3.76 us = 3.76 us (207.523 GFLOPS/s)
MUL_MAT_ADD MUL_MAT_VEC q6_K m=5120 n=1 k=17408: 1 x 123.56 us = 123.56 us (1442.64 GFLOPS/s)
MUL_MAT_ADD MUL_MAT_VEC q6_K m=5120 n=1 k=6144: 1 x 54.44 us = 54.44 us (1155.57 GFLOPS/s)
MUL_MAT_VEC f32 m=256 n=4 k=256: 1 x 0.72 us = 0.72 us (726.756 GFLOPS/s)
MUL_MAT_VEC q6_K m=1024 n=1 k=5120: 2 x 6.98 us = 13.96 us (1502.11 GFLOPS/s)
MUL_MAT_VEC q6_K m=12288 n=1 k=5120: 1 x 93.32 us = 93.32 us (1348.23 GFLOPS/s)
MUL_MAT_VEC q6_K m=17408 n=1 k=5120: 2 x 121.28 us = 242.56 us (1469.66 GFLOPS/s)
MUL_MAT_VEC q6_K m=98304 n=1 k=5120: 1 x 674.37 us = 674.37 us (1492.56 GFLOPS/s)
MUL_MAT_VEC q8_0 m=5120 n=1 k=10240: 1 x 102.72 us = 102.72 us (1020.76 GFLOPS/s)
PAD: 1 x 6.48 us = 6.48 us
RMS_NORM_MUL RMS_NORM(256,24,1,1): 1 x 3.8 us = 3.8 us
RMS_NORM_MUL RMS_NORM(256,4,1,1): 1 x 3.72 us = 3.72 us
RMS_NORM_MUL RMS_NORM(5120,1,1,1): 5 x 3.776 us = 18.88 us
ROPE: 2 x 3.7 us = 7.4 us
SET_ROWS: 2 x 3.1 us = 6.2 us
SIGMOID_MUL SIGMOID: 1 x 1.68 us = 1.68 us
TOP_K K=10 (98304,1,1,1): 1 x 8.88 us = 8.88 us
Total time: 1409.93 us.
----------------
Vulkan Timings:
ADD: 48 x 4.022 us = 193.08 us
CONT: 16 x 3.917 us = 62.68 us
FLASH_ATTN_EXT dst(256,24,5,1),  q(256,5,24,1),  k(256,256,4,1),  v(256,256,4,1),  m(256,5,1,1): 16 x 24.017 us = 384.28 us (1309.76 GFLOPS/s)
GDN_CACHE GATED_DELTA_NET: 48 x 13.669 us = 656.12 us
GDN_CONV_STATE CONCAT: 48 x 2.995 us = 143.76 us
GET_ROWS: 3 x 11.906 us = 35.72 us
GLU: 64 x 2.361 us = 151.12 us
MUL_MAT f32 m=256 n=120 k=256: 16 x 1.742 us = 27.88 us (9008.85 GFLOPS/s)
MUL_MAT f32 m=256 n=20 k=256: 16 x 3.332 us = 53.32 us (785.092 GFLOPS/s)
MUL_MAT f32 m=64 n=480 k=64: 16 x 3.907 us = 62.52 us (998.449 GFLOPS/s)
MUL_MAT f32 m=64 n=80 k=64: 16 x 3.905 us = 62.48 us (166.515 GFLOPS/s)
MUL_MAT_ADD MUL_MAT_VEC q6_K m=5120 n=5 k=17408: 64 x 130.22 us = 8334.12 us (6844.26 GFLOPS/s)
MUL_MAT_ADD MUL_MAT_VEC q6_K m=5120 n=5 k=6144: 16 x 55.447 us = 887.16 us (5672.88 GFLOPS/s)
MUL_MAT_GROUP MUL_MAT_VEC q6_K m=10240 n=5 k=5120: 47 x 118.408 us = 5565.2 us (4427.36 GFLOPS/s)
MUL_MAT_GROUP MUL_MAT_VEC q6_K m=12288 n=5 k=5120: 16 x 104.517 us = 1672.28 us (6018.94 GFLOPS/s)
MUL_MAT_GROUP MUL_MAT_VEC q6_K m=17408 n=5 k=5120: 64 x 266.999 us = 17088 us (3337.85 GFLOPS/s)
MUL_MAT_VEC f32 m=48 n=5 k=5120: 96 x 6.876 us = 660.12 us (357.369 GFLOPS/s)
MUL_MAT_VEC q6_K m=10240 n=5 k=5120: 1 x 79.92 us = 79.92 us (6559.52 GFLOPS/s)
MUL_MAT_VEC q6_K m=248320 n=5 k=5120: 1 x 1685.96 us = 1685.96 us (7540.36 GFLOPS/s)
MUL_MAT_VEC q6_K m=6144 n=5 k=5120: 1 x 50.76 us = 50.76 us (6196.65 GFLOPS/s)
MUL_MAT_VEC q8_0 m=5120 n=5 k=6144: 48 x 60.833 us = 2920 us (5170.64 GFLOPS/s)
RMS_NORM_MUL RMS_NORM(256,24,5,1): 16 x 4.132 us = 66.12 us
RMS_NORM_MUL RMS_NORM(256,4,5,1): 16 x 3.81 us = 60.96 us
RMS_NORM_MUL RMS_NORM(5120,5,1,1): 129 x 4.462 us = 575.72 us
RMS_NORM_MUL_SILU_MUL RMS_NORM(128,48,5,1): 48 x 6.211 us = 298.16 us
RMS_NORM_SCALE RMS_NORM(128,16,5,1): 96 x 2.578 us = 247.52 us
ROPE: 32 x 3.872 us = 123.92 us
SET_ROWS: 32 x 2.952 us = 94.48 us
SIGMOID_MUL SIGMOID: 16 x 3.937 us = 63 us
SSM_CONV_SILU SSM_CONV: 48 x 5.04 us = 241.92 us
Total time: 42548.2 us.
----------------
Vulkan Timings:
CONCAT: 1 x 4.12 us = 4.12 us
CONT: 1 x 4.04 us = 4.04 us
FLASH_ATTN_EXT dst(256,24,5,1),  q(256,5,24,1),  k(256,256,4,1),  v(256,256,4,1),  m(256,5,1,1): 1 x 24.36 us = 24.36 us (1291.35 GFLOPS/s)
GET_ROWS: 1 x 7.36 us = 7.36 us
GLU: 1 x 1.84 us = 1.84 us
MUL_MAT f32 m=256 n=120 k=256: 1 x 1.84 us = 1.84 us (8531.48 GFLOPS/s)
MUL_MAT f32 m=256 n=20 k=256: 1 x 3.4 us = 3.4 us (769.506 GFLOPS/s)
MUL_MAT f32 m=64 n=480 k=64: 1 x 4.04 us = 4.04 us (965.703 GFLOPS/s)
MUL_MAT f32 m=64 n=80 k=64: 1 x 4.08 us = 4.08 us (159.373 GFLOPS/s)
MUL_MAT_ADD MUL_MAT_VEC q6_K m=5120 n=5 k=17408: 1 x 158.19 us = 158.19 us (5634.14 GFLOPS/s)
MUL_MAT_ADD MUL_MAT_VEC q6_K m=5120 n=5 k=6144: 1 x 55.6 us = 55.6 us (5657.32 GFLOPS/s)
MUL_MAT_GROUP MUL_MAT_VEC q6_K m=12288 n=5 k=5120: 1 x 136.29 us = 136.29 us (4615.78 GFLOPS/s)
MUL_MAT_GROUP MUL_MAT_VEC q6_K m=17408 n=5 k=5120: 1 x 263.08 us = 263.08 us (3387.57 GFLOPS/s)
MUL_MAT_VEC q8_0 m=5120 n=5 k=10240: 1 x 107.64 us = 107.64 us (4870.52 GFLOPS/s)
RMS_NORM_MUL RMS_NORM(256,24,5,1): 1 x 3.96 us = 3.96 us
RMS_NORM_MUL RMS_NORM(256,4,5,1): 1 x 4.08 us = 4.08 us
RMS_NORM_MUL RMS_NORM(5120,5,1,1): 5 x 9.242 us = 46.21 us
ROPE: 2 x 4.08 us = 8.16 us
SET_ROWS: 2 x 3.14 us = 6.28 us
SIGMOID_MUL SIGMOID: 1 x 4.04 us = 4.04 us
Total time: 848.61 us.
----------------
Vulkan Timings:
CONCAT: 1 x 1.72 us = 1.72 us
CONT: 1 x 3.64 us = 3.64 us
FLASH_ATTN_EXT dst(256,24,1,1),  q(256,1,24,1),  k(256,256,4,1),  v(256,256,4,1),  m(256,1,1,1): 1 x 14.04 us = 14.04 us (448.109 GFLOPS/s)
GET_ROWS: 3 x 4.973 us = 14.92 us
GLU: 1 x 1.76 us = 1.76 us
MUL_MAT f32 m=256 n=24 k=256: 1 x 1.6 us = 1.6 us (1962.24 GFLOPS/s)
MUL_MAT f32 m=64 n=16 k=64: 1 x 1.92 us = 1.92 us (67.7333 GFLOPS/s)
MUL_MAT f32 m=64 n=96 k=64: 1 x 3.28 us = 3.28 us (237.893 GFLOPS/s)
MUL_MAT_ADD MUL_MAT_VEC q6_K m=5120 n=1 k=17408: 1 x 123.48 us = 123.48 us (1443.58 GFLOPS/s)
MUL_MAT_ADD MUL_MAT_VEC q6_K m=5120 n=1 k=6144: 1 x 48.12 us = 48.12 us (1307.34 GFLOPS/s)
MUL_MAT_VEC f32 m=256 n=4 k=256: 1 x 3.16 us = 3.16 us (165.59 GFLOPS/s)
MUL_MAT_VEC q6_K m=1024 n=1 k=5120: 2 x 8.76 us = 17.52 us (1196.89 GFLOPS/s)
MUL_MAT_VEC q6_K m=12288 n=1 k=5120: 1 x 90.08 us = 90.08 us (1396.72 GFLOPS/s)
MUL_MAT_VEC q6_K m=17408 n=1 k=5120: 2 x 121.6 us = 243.2 us (1465.79 GFLOPS/s)
MUL_MAT_VEC q6_K m=98304 n=1 k=5120: 1 x 672.56 us = 672.56 us (1496.57 GFLOPS/s)
MUL_MAT_VEC q8_0 m=5120 n=1 k=10240: 1 x 98.16 us = 98.16 us (1068.18 GFLOPS/s)
PAD: 1 x 6.48 us = 6.48 us
RMS_NORM_MUL RMS_NORM(256,24,1,1): 1 x 6.12 us = 6.12 us
RMS_NORM_MUL RMS_NORM(256,4,1,1): 1 x 5.12 us = 5.12 us
RMS_NORM_MUL RMS_NORM(5120,1,1,1): 5 x 4.528 us = 22.64 us
ROPE: 2 x 3.52 us = 7.04 us
SET_ROWS: 2 x 2.94 us = 5.88 us
SIGMOID_MUL SIGMOID: 1 x 1.6 us = 1.6 us
TOP_K K=10 (98304,1,1,1): 1 x 8.88 us = 8.88 us
Total time: 1402.92 us.
----------------
Vulkan Timings:
CONCAT: 1 x 1.68 us = 1.68 us
CONT: 1 x 3.64 us = 3.64 us
FLASH_ATTN_EXT dst(256,24,1,1),  q(256,1,24,1),  k(256,256,4,1),  v(256,256,4,1),  m(256,1,1,1): 1 x 13.92 us = 13.92 us (451.972 GFLOPS/s)
GET_ROWS: 3 x 4.866 us = 14.6 us
GLU: 1 x 1.88 us = 1.88 us
MUL_MAT f32 m=256 n=24 k=256: 1 x 1.72 us = 1.72 us (1825.34 GFLOPS/s)
MUL_MAT f32 m=64 n=16 k=64: 1 x 3.68 us = 3.68 us (35.3391 GFLOPS/s)
MUL_MAT f32 m=64 n=96 k=64: 1 x 3.64 us = 3.64 us (214.365 GFLOPS/s)
MUL_MAT_ADD MUL_MAT_VEC q6_K m=5120 n=1 k=17408: 1 x 123.64 us = 123.64 us (1441.71 GFLOPS/s)
MUL_MAT_ADD MUL_MAT_VEC q6_K m=5120 n=1 k=6144: 1 x 53.72 us = 53.72 us (1171.06 GFLOPS/s)
MUL_MAT_VEC f32 m=256 n=4 k=256: 1 x 3.04 us = 3.04 us (172.126 GFLOPS/s)
MUL_MAT_VEC q6_K m=1024 n=1 k=5120: 2 x 6.86 us = 13.72 us (1528.39 GFLOPS/s)
MUL_MAT_VEC q6_K m=12288 n=1 k=5120: 1 x 93.72 us = 93.72 us (1342.48 GFLOPS/s)
MUL_MAT_VEC q6_K m=17408 n=1 k=5120: 2 x 121.06 us = 242.12 us (1472.33 GFLOPS/s)
MUL_MAT_VEC q6_K m=98304 n=1 k=5120: 1 x 672.72 us = 672.72 us (1496.22 GFLOPS/s)
MUL_MAT_VEC q8_0 m=5120 n=1 k=10240: 1 x 101.04 us = 101.04 us (1037.73 GFLOPS/s)
PAD: 1 x 6.4 us = 6.4 us
RMS_NORM_MUL RMS_NORM(256,24,1,1): 1 x 3.64 us = 3.64 us
RMS_NORM_MUL RMS_NORM(256,4,1,1): 1 x 3.68 us = 3.68 us
RMS_NORM_MUL RMS_NORM(5120,1,1,1): 5 x 3.784 us = 18.92 us
ROPE: 2 x 3.66 us = 7.32 us
SET_ROWS: 2 x 2.92 us = 5.84 us
SIGMOID_MUL SIGMOID: 1 x 1.68 us = 1.68 us
TOP_K K=10 (98304,1,1,1): 1 x 9.04 us = 9.04 us
Total time: 1405 us.
----------------
Vulkan Timings:
CONCAT: 1 x 1.64 us = 1.64 us
CONT: 1 x 3.6 us = 3.6 us
FLASH_ATTN_EXT dst(256,24,1,1),  q(256,1,24,1),  k(256,256,4,1),  v(256,256,4,1),  m(256,1,1,1): 1 x 13.76 us = 13.76 us (457.228 GFLOPS/s)
GET_ROWS: 3 x 4.826 us = 14.48 us
GLU: 1 x 1.76 us = 1.76 us
MUL_MAT f32 m=256 n=24 k=256: 1 x 1.64 us = 1.64 us (1914.38 GFLOPS/s)
MUL_MAT f32 m=64 n=16 k=64: 1 x 3.64 us = 3.64 us (35.7275 GFLOPS/s)
MUL_MAT f32 m=64 n=96 k=64: 1 x 3.6 us = 3.6 us (216.747 GFLOPS/s)
MUL_MAT_ADD MUL_MAT_VEC q6_K m=5120 n=1 k=17408: 1 x 123.84 us = 123.84 us (1439.38 GFLOPS/s)
MUL_MAT_ADD MUL_MAT_VEC q6_K m=5120 n=1 k=6144: 1 x 53.32 us = 53.32 us (1179.85 GFLOPS/s)
MUL_MAT_VEC f32 m=256 n=4 k=256: 1 x 3 us = 3 us (174.421 GFLOPS/s)
MUL_MAT_VEC q6_K m=1024 n=1 k=5120: 2 x 6.84 us = 13.68 us (1532.86 GFLOPS/s)
MUL_MAT_VEC q6_K m=12288 n=1 k=5120: 1 x 93.28 us = 93.28 us (1348.81 GFLOPS/s)
MUL_MAT_VEC q6_K m=17408 n=1 k=5120: 2 x 121.36 us = 242.72 us (1468.69 GFLOPS/s)
MUL_MAT_VEC q6_K m=98304 n=1 k=5120: 1 x 673.45 us = 673.45 us (1494.59 GFLOPS/s)
MUL_MAT_VEC q8_0 m=5120 n=1 k=10240: 1 x 101.52 us = 101.52 us (1032.83 GFLOPS/s)
PAD: 1 x 6.32 us = 6.32 us
RMS_NORM_MUL RMS_NORM(256,24,1,1): 1 x 3.6 us = 3.6 us
RMS_NORM_MUL RMS_NORM(256,4,1,1): 1 x 3.64 us = 3.64 us
RMS_NORM_MUL RMS_NORM(5120,1,1,1): 5 x 3.656 us = 18.28 us
ROPE: 2 x 3.58 us = 7.16 us
SET_ROWS: 2 x 2.9 us = 5.8 us
SIGMOID_MUL SIGMOID: 1 x 1.72 us = 1.72 us
TOP_K K=10 (98304,1,1,1): 1 x 9.12 us = 9.12 us
Total time: 1404.57 us.
----------------
Vulkan Timings:
CONCAT: 1 x 1.64 us = 1.64 us
CONT: 1 x 3.6 us = 3.6 us
FLASH_ATTN_EXT dst(256,24,1,1),  q(256,1,24,1),  k(256,256,4,1),  v(256,256,4,1),  m(256,1,1,1): 1 x 13.8 us = 13.8 us (455.903 GFLOPS/s)
GET_ROWS: 3 x 4.813 us = 14.44 us
GLU: 1 x 1.8 us = 1.8 us
MUL_MAT f32 m=256 n=24 k=256: 1 x 1.6 us = 1.6 us (1962.24 GFLOPS/s)
MUL_MAT f32 m=64 n=16 k=64: 1 x 3.6 us = 3.6 us (36.1244 GFLOPS/s)
MUL_MAT f32 m=64 n=96 k=64: 1 x 3.6 us = 3.6 us (216.747 GFLOPS/s)
MUL_MAT_ADD MUL_MAT_VEC q6_K m=5120 n=1 k=17408: 1 x 124 us = 124 us (1437.52 GFLOPS/s)
MUL_MAT_ADD MUL_MAT_VEC q6_K m=5120 n=1 k=6144: 1 x 53.56 us = 53.56 us (1174.56 GFLOPS/s)
MUL_MAT_VEC f32 m=256 n=4 k=256: 1 x 3.04 us = 3.04 us (172.126 GFLOPS/s)
MUL_MAT_VEC q6_K m=1024 n=1 k=5120: 2 x 6.9 us = 13.8 us (1519.53 GFLOPS/s)
MUL_MAT_VEC q6_K m=12288 n=1 k=5120: 1 x 93.2 us = 93.2 us (1349.97 GFLOPS/s)
MUL_MAT_VEC q6_K m=17408 n=1 k=5120: 2 x 121.4 us = 242.8 us (1468.21 GFLOPS/s)
MUL_MAT_VEC q6_K m=98304 n=1 k=5120: 1 x 674.26 us = 674.26 us (1492.8 GFLOPS/s)
MUL_MAT_VEC q8_0 m=5120 n=1 k=10240: 1 x 101.84 us = 101.84 us (1029.58 GFLOPS/s)
PAD: 1 x 6.36 us = 6.36 us
RMS_NORM_MUL RMS_NORM(256,24,1,1): 1 x 3.6 us = 3.6 us
RMS_NORM_MUL RMS_NORM(256,4,1,1): 1 x 3.56 us = 3.56 us
RMS_NORM_MUL RMS_NORM(5120,1,1,1): 5 x 3.768 us = 18.84 us
ROPE: 2 x 3.56 us = 7.12 us
SET_ROWS: 2 x 2.94 us = 5.88 us
SIGMOID_MUL SIGMOID: 1 x 1.68 us = 1.68 us
TOP_K K=10 (98304,1,1,1): 1 x 8.68 us = 8.68 us
Total time: 1406.3 us.
----------------
Vulkan Timings:
ADD: 48 x 3.892 us = 186.84 us
CONT: 16 x 3.79 us = 60.64 us
FLASH_ATTN_EXT dst(256,24,5,1),  q(256,5,24,1),  k(256,256,4,1),  v(256,256,4,1),  m(256,5,1,1): 16 x 24.097 us = 385.56 us (1305.42 GFLOPS/s)
GDN_CACHE GATED_DELTA_NET: 48 x 14.606 us = 701.12 us
GDN_CONV_STATE CONCAT: 48 x 3.179 us = 152.6 us
GET_ROWS: 3 x 11.88 us = 35.64 us
GLU: 64 x 2.365 us = 151.36 us
MUL_MAT f32 m=256 n=120 k=256: 16 x 1.817 us = 29.08 us (8637.09 GFLOPS/s)
MUL_MAT f32 m=256 n=20 k=256: 16 x 2.75 us = 44 us (951.389 GFLOPS/s)
MUL_MAT f32 m=64 n=480 k=64: 16 x 3.762 us = 60.2 us (1036.93 GFLOPS/s)
MUL_MAT f32 m=64 n=80 k=64: 16 x 3.76 us = 60.16 us (172.936 GFLOPS/s)
MUL_MAT_ADD MUL_MAT_VEC q6_K m=5120 n=5 k=17408: 64 x 129.996 us = 8319.76 us (6856.07 GFLOPS/s)
MUL_MAT_ADD MUL_MAT_VEC q6_K m=5120 n=5 k=6144: 16 x 55.867 us = 893.88 us (5630.24 GFLOPS/s)
MUL_MAT_GROUP MUL_MAT_VEC q6_K m=10240 n=5 k=5120: 47 x 118.355 us = 5562.72 us (4429.33 GFLOPS/s)
MUL_MAT_GROUP MUL_MAT_VEC q6_K m=12288 n=5 k=5120: 16 x 104.49 us = 1671.84 us (6020.52 GFLOPS/s)
MUL_MAT_GROUP MUL_MAT_VEC q6_K m=17408 n=5 k=5120: 64 x 267.309 us = 17107.8 us (3333.97 GFLOPS/s)
MUL_MAT_VEC f32 m=48 n=5 k=5120: 96 x 6.506 us = 624.6 us (377.692 GFLOPS/s)
MUL_MAT_VEC q6_K m=10240 n=5 k=5120: 1 x 79.68 us = 79.68 us (6579.28 GFLOPS/s)
MUL_MAT_VEC q6_K m=248320 n=5 k=5120: 1 x 1686.16 us = 1686.16 us (7539.46 GFLOPS/s)
MUL_MAT_VEC q6_K m=6144 n=5 k=5120: 1 x 51.4 us = 51.4 us (6119.5 GFLOPS/s)
MUL_MAT_VEC q8_0 m=5120 n=5 k=6144: 48 x 60.725 us = 2914.84 us (5179.79 GFLOPS/s)
RMS_NORM_MUL RMS_NORM(256,24,5,1): 16 x 3.9 us = 62.4 us
RMS_NORM_MUL RMS_NORM(256,4,5,1): 16 x 3.692 us = 59.08 us
RMS_NORM_MUL RMS_NORM(5120,5,1,1): 129 x 4.421 us = 570.36 us
RMS_NORM_MUL_SILU_MUL RMS_NORM(128,48,5,1): 48 x 5.972 us = 286.68 us
RMS_NORM_SCALE RMS_NORM(128,16,5,1): 96 x 2.491 us = 239.16 us
ROPE: 32 x 3.737 us = 119.6 us
SET_ROWS: 32 x 3.032 us = 97.04 us
SIGMOID_MUL SIGMOID: 16 x 3.78 us = 60.48 us
SSM_CONV_SILU SSM_CONV: 48 x 4.897 us = 235.08 us
Total time: 42509.8 us.
----------------
Vulkan Timings:
CONCAT: 1 x 4.08 us = 4.08 us
CONT: 1 x 3.92 us = 3.92 us
FLASH_ATTN_EXT dst(256,24,5,1),  q(256,5,24,1),  k(256,256,4,1),  v(256,256,4,1),  m(256,5,1,1): 1 x 24.64 us = 24.64 us (1276.68 GFLOPS/s)
GET_ROWS: 1 x 7.12 us = 7.12 us
GLU: 1 x 1.84 us = 1.84 us
MUL_MAT f32 m=256 n=120 k=256: 1 x 1.8 us = 1.8 us (8721.07 GFLOPS/s)
MUL_MAT f32 m=256 n=20 k=256: 1 x 3.28 us = 3.28 us (797.659 GFLOPS/s)
MUL_MAT f32 m=64 n=480 k=64: 1 x 3.96 us = 3.96 us (985.212 GFLOPS/s)
MUL_MAT f32 m=64 n=80 k=64: 1 x 3.92 us = 3.92 us (165.878 GFLOPS/s)
MUL_MAT_ADD MUL_MAT_VEC q6_K m=5120 n=5 k=17408: 1 x 157.77 us = 157.77 us (5649.13 GFLOPS/s)
MUL_MAT_ADD MUL_MAT_VEC q6_K m=5120 n=5 k=6144: 1 x 56.48 us = 56.48 us (5569.18 GFLOPS/s)
MUL_MAT_GROUP MUL_MAT_VEC q6_K m=12288 n=5 k=5120: 1 x 135.98 us = 135.98 us (4626.3 GFLOPS/s)
MUL_MAT_GROUP MUL_MAT_VEC q6_K m=17408 n=5 k=5120: 1 x 256.28 us = 256.28 us (3477.46 GFLOPS/s)
MUL_MAT_VEC q8_0 m=5120 n=5 k=10240: 1 x 105.8 us = 105.8 us (4955.22 GFLOPS/s)
RMS_NORM_MUL RMS_NORM(256,24,5,1): 1 x 3.84 us = 3.84 us
RMS_NORM_MUL RMS_NORM(256,4,5,1): 1 x 3.92 us = 3.92 us
RMS_NORM_MUL RMS_NORM(5120,5,1,1): 5 x 9.36 us = 46.8 us
ROPE: 2 x 3.94 us = 7.88 us
SET_ROWS: 2 x 3.08 us = 6.16 us
SIGMOID_MUL SIGMOID: 1 x 3.92 us = 3.92 us
Total time: 839.39 us.
----------------
Vulkan Timings:
CONCAT: 1 x 1.68 us = 1.68 us
CONT: 1 x 3.84 us = 3.84 us
FLASH_ATTN_EXT dst(256,24,1,1),  q(256,1,24,1),  k(256,256,4,1),  v(256,256,4,1),  m(256,1,1,1): 1 x 17.12 us = 17.12 us (367.492 GFLOPS/s)
GET_ROWS: 3 x 5.146 us = 15.44 us
GLU: 1 x 1.6 us = 1.6 us
MUL_MAT f32 m=256 n=24 k=256: 1 x 1.56 us = 1.56 us (2012.55 GFLOPS/s)
MUL_MAT f32 m=64 n=16 k=64: 1 x 1.92 us = 1.92 us (67.7333 GFLOPS/s)
MUL_MAT f32 m=64 n=96 k=64: 1 x 3.56 us = 3.56 us (219.182 GFLOPS/s)
MUL_MAT_ADD MUL_MAT_VEC q6_K m=5120 n=1 k=17408: 1 x 123 us = 123 us (1449.21 GFLOPS/s)
MUL_MAT_ADD MUL_MAT_VEC q6_K m=5120 n=1 k=6144: 1 x 47.88 us = 47.88 us (1313.9 GFLOPS/s)
MUL_MAT_VEC f32 m=256 n=4 k=256: 1 x 3.32 us = 3.32 us (157.61 GFLOPS/s)
MUL_MAT_VEC q6_K m=1024 n=1 k=5120: 2 x 9.16 us = 18.32 us (1144.62 GFLOPS/s)
MUL_MAT_VEC q6_K m=12288 n=1 k=5120: 1 x 90.68 us = 90.68 us (1387.48 GFLOPS/s)
MUL_MAT_VEC q6_K m=17408 n=1 k=5120: 2 x 121.46 us = 242.92 us (1467.48 GFLOPS/s)
MUL_MAT_VEC q6_K m=98304 n=1 k=5120: 1 x 675.05 us = 675.05 us (1491.05 GFLOPS/s)
MUL_MAT_VEC q8_0 m=5120 n=1 k=10240: 1 x 98.88 us = 98.88 us (1060.4 GFLOPS/s)
PAD: 1 x 6.68 us = 6.68 us
RMS_NORM_MUL RMS_NORM(256,24,1,1): 1 x 6.4 us = 6.4 us
RMS_NORM_MUL RMS_NORM(256,4,1,1): 1 x 5.4 us = 5.4 us
RMS_NORM_MUL RMS_NORM(5120,1,1,1): 5 x 4.472 us = 22.36 us
ROPE: 2 x 3.64 us = 7.28 us
SET_ROWS: 2 x 2.12 us = 4.24 us
SIGMOID_MUL SIGMOID: 1 x 1.68 us = 1.68 us
TOP_K K=10 (98304,1,1,1): 1 x 9.68 us = 9.68 us
Total time: 1410.49 us.
----------------
Vulkan Timings:
CONCAT: 1 x 1.72 us = 1.72 us
CONT: 1 x 3.84 us = 3.84 us
FLASH_ATTN_EXT dst(256,24,1,1),  q(256,1,24,1),  k(256,256,4,1),  v(256,256,4,1),  m(256,1,1,1): 1 x 15.8 us = 15.8 us (398.193 GFLOPS/s)
GET_ROWS: 3 x 5.013 us = 15.04 us
GLU: 1 x 1.88 us = 1.88 us
MUL_MAT f32 m=256 n=24 k=256: 1 x 2.32 us = 2.32 us (1353.27 GFLOPS/s)
MUL_MAT f32 m=64 n=16 k=64: 1 x 3.84 us = 3.84 us (33.8667 GFLOPS/s)
MUL_MAT f32 m=64 n=96 k=64: 1 x 3.84 us = 3.84 us (203.2 GFLOPS/s)
MUL_MAT_ADD MUL_MAT_VEC q6_K m=5120 n=1 k=17408: 1 x 122.76 us = 122.76 us (1452.04 GFLOPS/s)
MUL_MAT_ADD MUL_MAT_VEC q6_K m=5120 n=1 k=6144: 1 x 53.32 us = 53.32 us (1179.85 GFLOPS/s)
MUL_MAT_VEC f32 m=256 n=4 k=256: 1 x 0.76 us = 0.76 us (688.505 GFLOPS/s)
MUL_MAT_VEC q6_K m=1024 n=1 k=5120: 2 x 10.16 us = 20.32 us (1031.96 GFLOPS/s)
MUL_MAT_VEC q6_K m=12288 n=1 k=5120: 1 x 86.6 us = 86.6 us (1452.85 GFLOPS/s)
MUL_MAT_VEC q6_K m=17408 n=1 k=5120: 2 x 121.62 us = 243.24 us (1465.55 GFLOPS/s)
MUL_MAT_VEC q6_K m=98304 n=1 k=5120: 1 x 672.76 us = 672.76 us (1496.13 GFLOPS/s)
MUL_MAT_VEC q8_0 m=5120 n=1 k=10240: 1 x 103.12 us = 103.12 us (1016.8 GFLOPS/s)
PAD: 1 x 6.52 us = 6.52 us
RMS_NORM_MUL RMS_NORM(256,24,1,1): 1 x 3.8 us = 3.8 us
RMS_NORM_MUL RMS_NORM(256,4,1,1): 1 x 3.84 us = 3.84 us
RMS_NORM_MUL RMS_NORM(5120,1,1,1): 5 x 3.736 us = 18.68 us
ROPE: 2 x 3.84 us = 7.68 us
SET_ROWS: 2 x 3.24 us = 6.48 us
SIGMOID_MUL SIGMOID: 1 x 1.68 us = 1.68 us
TOP_K K=10 (98304,1,1,1): 1 x 9.4 us = 9.4 us
Total time: 1409.24 us.
----------------
Vulkan Timings:
CONCAT: 1 x 1.68 us = 1.68 us
CONT: 1 x 3.72 us = 3.72 us
FLASH_ATTN_EXT dst(256,24,1,1),  q(256,1,24,1),  k(256,256,4,1),  v(256,256,4,1),  m(256,1,1,1): 1 x 16.52 us = 16.52 us (380.839 GFLOPS/s)
GET_ROWS: 3 x 5.013 us = 15.04 us
GLU: 1 x 2.16 us = 2.16 us
MUL_MAT f32 m=256 n=24 k=256: 1 x 1.68 us = 1.68 us (1868.8 GFLOPS/s)
MUL_MAT f32 m=64 n=16 k=64: 1 x 3.8 us = 3.8 us (34.2232 GFLOPS/s)
MUL_MAT f32 m=64 n=96 k=64: 1 x 3.76 us = 3.76 us (207.523 GFLOPS/s)
MUL_MAT_ADD MUL_MAT_VEC q6_K m=5120 n=1 k=17408: 1 x 122.64 us = 122.64 us (1453.46 GFLOPS/s)
MUL_MAT_ADD MUL_MAT_VEC q6_K m=5120 n=1 k=6144: 1 x 53.76 us = 53.76 us (1170.19 GFLOPS/s)
MUL_MAT_VEC f32 m=256 n=4 k=256: 1 x 3.16 us = 3.16 us (165.59 GFLOPS/s)
MUL_MAT_VEC q6_K m=1024 n=1 k=5120: 2 x 8.88 us = 17.76 us (1180.71 GFLOPS/s)
MUL_MAT_VEC q6_K m=12288 n=1 k=5120: 1 x 85.76 us = 85.76 us (1467.08 GFLOPS/s)
MUL_MAT_VEC q6_K m=17408 n=1 k=5120: 2 x 121.1 us = 242.2 us (1471.85 GFLOPS/s)
MUL_MAT_VEC q6_K m=98304 n=1 k=5120: 1 x 672.53 us = 672.53 us (1496.64 GFLOPS/s)
MUL_MAT_VEC q8_0 m=5120 n=1 k=10240: 1 x 101.76 us = 101.76 us (1030.39 GFLOPS/s)
PAD: 1 x 6.56 us = 6.56 us
RMS_NORM_MUL RMS_NORM(256,24,1,1): 1 x 5.64 us = 5.64 us
RMS_NORM_MUL RMS_NORM(256,4,1,1): 1 x 3.8 us = 3.8 us
RMS_NORM_MUL RMS_NORM(5120,1,1,1): 5 x 3.816 us = 19.08 us
ROPE: 2 x 3.76 us = 7.52 us
SET_ROWS: 2 x 2.1 us = 4.2 us
SIGMOID_MUL SIGMOID: 1 x 1.64 us = 1.64 us
TOP_K K=10 (98304,1,1,1): 1 x 9.04 us = 9.04 us
Total time: 1405.41 us.
----------------
Vulkan Timings:
CONCAT: 1 x 1.64 us = 1.64 us
CONT: 1 x 3.72 us = 3.72 us
FLASH_ATTN_EXT dst(256,24,1,1),  q(256,1,24,1),  k(256,256,4,1),  v(256,256,4,1),  m(256,1,1,1): 1 x 16.32 us = 16.32 us (385.506 GFLOPS/s)
GET_ROWS: 3 x 4.906 us = 14.72 us
GLU: 1 x 2 us = 2 us
MUL_MAT f32 m=256 n=24 k=256: 1 x 1.6 us = 1.6 us (1962.24 GFLOPS/s)
MUL_MAT f32 m=64 n=16 k=64: 1 x 3.72 us = 3.72 us (34.9591 GFLOPS/s)
MUL_MAT f32 m=64 n=96 k=64: 1 x 3.76 us = 3.76 us (207.523 GFLOPS/s)
MUL_MAT_ADD MUL_MAT_VEC q6_K m=5120 n=1 k=17408: 1 x 122.72 us = 122.72 us (1452.52 GFLOPS/s)
MUL_MAT_ADD MUL_MAT_VEC q6_K m=5120 n=1 k=6144: 1 x 53.64 us = 53.64 us (1172.81 GFLOPS/s)
MUL_MAT_VEC f32 m=256 n=4 k=256: 1 x 3.16 us = 3.16 us (165.59 GFLOPS/s)
MUL_MAT_VEC q6_K m=1024 n=1 k=5120: 2 x 9.02 us = 18.04 us (1162.39 GFLOPS/s)
MUL_MAT_VEC q6_K m=12288 n=1 k=5120: 1 x 85.52 us = 85.52 us (1471.2 GFLOPS/s)
MUL_MAT_VEC q6_K m=17408 n=1 k=5120: 2 x 121.24 us = 242.48 us (1470.15 GFLOPS/s)
MUL_MAT_VEC q6_K m=98304 n=1 k=5120: 1 x 674.09 us = 674.09 us (1493.18 GFLOPS/s)
MUL_MAT_VEC q8_0 m=5120 n=1 k=10240: 1 x 100.92 us = 100.92 us (1038.97 GFLOPS/s)
PAD: 1 x 6.56 us = 6.56 us
RMS_NORM_MUL RMS_NORM(256,24,1,1): 1 x 5.56 us = 5.56 us
RMS_NORM_MUL RMS_NORM(256,4,1,1): 1 x 3.72 us = 3.72 us
RMS_NORM_MUL RMS_NORM(5120,1,1,1): 5 x 3.768 us = 18.84 us
ROPE: 2 x 3.72 us = 7.44 us
SET_ROWS: 2 x 2.06 us = 4.12 us
SIGMOID_MUL SIGMOID: 1 x 1.68 us = 1.68 us
TOP_K K=10 (98304,1,1,1): 1 x 9.4 us = 9.4 us
Total time: 1405.37 us.
----------------
Vulkan Timings:
ADD: 48 x 3.935 us = 188.88 us
CONT: 16 x 3.815 us = 61.04 us
FLASH_ATTN_EXT dst(256,24,5,1),  q(256,5,24,1),  k(256,256,4,1),  v(256,256,4,1),  m(256,5,1,1): 16 x 23.212 us = 371.4 us (1355.19 GFLOPS/s)
GDN_CACHE GATED_DELTA_NET: 48 x 13.778 us = 661.36 us
GDN_CONV_STATE CONCAT: 48 x 2.979 us = 143 us
GET_ROWS: 3 x 11.466 us = 34.4 us
GLU: 64 x 2.446 us = 156.56 us
MUL_MAT f32 m=256 n=120 k=256: 16 x 1.69 us = 27.04 us (9288.71 GFLOPS/s)
MUL_MAT f32 m=256 n=20 k=256: 16 x 3.227 us = 51.64 us (810.634 GFLOPS/s)
MUL_MAT f32 m=64 n=480 k=64: 16 x 3.792 us = 60.68 us (1028.73 GFLOPS/s)
MUL_MAT f32 m=64 n=80 k=64: 16 x 3.795 us = 60.72 us (171.341 GFLOPS/s)
MUL_MAT_ADD MUL_MAT_VEC q6_K m=5120 n=5 k=17408: 64 x 129.495 us = 8287.72 us (6882.58 GFLOPS/s)
MUL_MAT_ADD MUL_MAT_VEC q6_K m=5120 n=5 k=6144: 16 x 55.465 us = 887.44 us (5671.09 GFLOPS/s)
MUL_MAT_GROUP MUL_MAT_VEC q6_K m=10240 n=5 k=5120: 47 x 118.158 us = 5553.44 us (4436.73 GFLOPS/s)
MUL_MAT_GROUP MUL_MAT_VEC q6_K m=12288 n=5 k=5120: 16 x 104.142 us = 1666.28 us (6040.61 GFLOPS/s)
MUL_MAT_GROUP MUL_MAT_VEC q6_K m=17408 n=5 k=5120: 64 x 266.706 us = 17069.2 us (3341.51 GFLOPS/s)
MUL_MAT_VEC f32 m=48 n=5 k=5120: 96 x 6.787 us = 651.64 us (362.02 GFLOPS/s)
MUL_MAT_VEC q6_K m=10240 n=5 k=5120: 1 x 80.08 us = 80.08 us (6546.41 GFLOPS/s)
MUL_MAT_VEC q6_K m=248320 n=5 k=5120: 1 x 1685.92 us = 1685.92 us (7540.54 GFLOPS/s)
MUL_MAT_VEC q6_K m=6144 n=5 k=5120: 1 x 51.04 us = 51.04 us (6162.66 GFLOPS/s)
MUL_MAT_VEC q8_0 m=5120 n=5 k=6144: 48 x 60.69 us = 2913.16 us (5182.78 GFLOPS/s)
RMS_NORM_MUL RMS_NORM(256,24,5,1): 16 x 3.92 us = 62.72 us
RMS_NORM_MUL RMS_NORM(256,4,5,1): 16 x 3.715 us = 59.44 us
RMS_NORM_MUL RMS_NORM(5120,5,1,1): 129 x 4.353 us = 561.6 us
RMS_NORM_MUL_SILU_MUL RMS_NORM(128,48,5,1): 48 x 6.059 us = 290.84 us
RMS_NORM_SCALE RMS_NORM(128,16,5,1): 96 x 2.489 us = 239 us
ROPE: 32 x 3.775 us = 120.8 us
SET_ROWS: 32 x 2.98 us = 95.36 us
SIGMOID_MUL SIGMOID: 16 x 3.815 us = 61.04 us
SSM_CONV_SILU SSM_CONV: 48 x 4.885 us = 234.48 us
Total time: 42387.9 us.
----------------
Vulkan Timings:
CONCAT: 1 x 3.88 us = 3.88 us
CONT: 1 x 3.8 us = 3.8 us
FLASH_ATTN_EXT dst(256,24,5,1),  q(256,5,24,1),  k(256,256,4,1),  v(256,256,4,1),  m(256,5,1,1): 1 x 23.28 us = 23.28 us (1351.26 GFLOPS/s)
GET_ROWS: 1 x 6.84 us = 6.84 us
GLU: 1 x 1.72 us = 1.72 us
MUL_MAT f32 m=256 n=120 k=256: 1 x 1.72 us = 1.72 us (9126.7 GFLOPS/s)
MUL_MAT f32 m=256 n=20 k=256: 1 x 3.2 us = 3.2 us (817.6 GFLOPS/s)
MUL_MAT f32 m=64 n=480 k=64: 1 x 3.8 us = 3.8 us (1026.69 GFLOPS/s)
MUL_MAT f32 m=64 n=80 k=64: 1 x 3.8 us = 3.8 us (171.116 GFLOPS/s)
MUL_MAT_ADD MUL_MAT_VEC q6_K m=5120 n=5 k=17408: 1 x 154.44 us = 154.44 us (5770.94 GFLOPS/s)
MUL_MAT_ADD MUL_MAT_VEC q6_K m=5120 n=5 k=6144: 1 x 56.76 us = 56.76 us (5541.71 GFLOPS/s)
MUL_MAT_GROUP MUL_MAT_VEC q6_K m=12288 n=5 k=5120: 1 x 129.79 us = 129.79 us (4846.94 GFLOPS/s)
MUL_MAT_GROUP MUL_MAT_VEC q6_K m=17408 n=5 k=5120: 1 x 255.8 us = 255.8 us (3483.98 GFLOPS/s)
MUL_MAT_VEC q8_0 m=5120 n=5 k=10240: 1 x 106.48 us = 106.48 us (4923.58 GFLOPS/s)
RMS_NORM_MUL RMS_NORM(256,24,5,1): 1 x 3.68 us = 3.68 us
RMS_NORM_MUL RMS_NORM(256,4,5,1): 1 x 3.8 us = 3.8 us
RMS_NORM_MUL RMS_NORM(5120,5,1,1): 5 x 8.938 us = 44.69 us
ROPE: 2 x 3.78 us = 7.56 us
SET_ROWS: 2 x 2.96 us = 5.92 us
SIGMOID_MUL SIGMOID: 1 x 3.8 us = 3.8 us
Total time: 824.76 us.
----------------
Vulkan Timings:
CONCAT: 1 x 1.68 us = 1.68 us
CONT: 1 x 3.52 us = 3.52 us
FLASH_ATTN_EXT dst(256,24,1,1),  q(256,1,24,1),  k(256,256,4,1),  v(256,256,4,1),  m(256,1,1,1): 1 x 13.68 us = 13.68 us (459.902 GFLOPS/s)
GET_ROWS: 3 x 4.866 us = 14.6 us
GLU: 1 x 1.6 us = 1.6 us
MUL_MAT f32 m=256 n=24 k=256: 1 x 1.52 us = 1.52 us (2065.52 GFLOPS/s)
MUL_MAT f32 m=64 n=16 k=64: 1 x 1.8 us = 1.8 us (72.2489 GFLOPS/s)
MUL_MAT f32 m=64 n=96 k=64: 1 x 3.24 us = 3.24 us (240.83 GFLOPS/s)
MUL_MAT_ADD MUL_MAT_VEC q6_K m=5120 n=1 k=17408: 1 x 123.92 us = 123.92 us (1438.45 GFLOPS/s)
MUL_MAT_ADD MUL_MAT_VEC q6_K m=5120 n=1 k=6144: 1 x 47.32 us = 47.32 us (1329.45 GFLOPS/s)
MUL_MAT_VEC f32 m=256 n=4 k=256: 1 x 3 us = 3 us (174.421 GFLOPS/s)
MUL_MAT_VEC q6_K m=1024 n=1 k=5120: 2 x 8.88 us = 17.76 us (1180.71 GFLOPS/s)
MUL_MAT_VEC q6_K m=12288 n=1 k=5120: 1 x 89.72 us = 89.72 us (1402.33 GFLOPS/s)
MUL_MAT_VEC q6_K m=17408 n=1 k=5120: 2 x 121.6 us = 243.2 us (1465.79 GFLOPS/s)
MUL_MAT_VEC q6_K m=98304 n=1 k=5120: 1 x 673.38 us = 673.38 us (1494.75 GFLOPS/s)
MUL_MAT_VEC q8_0 m=5120 n=1 k=10240: 1 x 97.92 us = 97.92 us (1070.8 GFLOPS/s)
PAD: 1 x 6.36 us = 6.36 us
RMS_NORM_MUL RMS_NORM(256,24,1,1): 1 x 5.4 us = 5.4 us
RMS_NORM_MUL RMS_NORM(256,4,1,1): 1 x 4.84 us = 4.84 us
RMS_NORM_MUL RMS_NORM(5120,1,1,1): 5 x 4.36 us = 21.8 us
ROPE: 2 x 3.3 us = 6.6 us
SET_ROWS: 2 x 2.8 us = 5.6 us
SIGMOID_MUL SIGMOID: 1 x 1.64 us = 1.64 us
TOP_K K=10 (98304,1,1,1): 1 x 8.92 us = 8.92 us
Total time: 1399.02 us.
----------------
Vulkan Timings:
CONCAT: 1 x 1.64 us = 1.64 us
CONT: 1 x 3.6 us = 3.6 us
FLASH_ATTN_EXT dst(256,24,1,1),  q(256,1,24,1),  k(256,256,4,1),  v(256,256,4,1),  m(256,1,1,1): 1 x 13.92 us = 13.92 us (451.972 GFLOPS/s)
GET_ROWS: 3 x 4.84 us = 14.52 us
GLU: 1 x 1.8 us = 1.8 us
MUL_MAT f32 m=256 n=24 k=256: 1 x 1.64 us = 1.64 us (1914.38 GFLOPS/s)
MUL_MAT f32 m=64 n=16 k=64: 1 x 3.6 us = 3.6 us (36.1244 GFLOPS/s)
MUL_MAT f32 m=64 n=96 k=64: 1 x 3.6 us = 3.6 us (216.747 GFLOPS/s)
MUL_MAT_ADD MUL_MAT_VEC q6_K m=5120 n=1 k=17408: 1 x 123.44 us = 123.44 us (1444.04 GFLOPS/s)
MUL_MAT_ADD MUL_MAT_VEC q6_K m=5120 n=1 k=6144: 1 x 53.72 us = 53.72 us (1171.06 GFLOPS/s)
MUL_MAT_VEC f32 m=256 n=4 k=256: 1 x 3.04 us = 3.04 us (172.126 GFLOPS/s)
MUL_MAT_VEC q6_K m=1024 n=1 k=5120: 2 x 6.9 us = 13.8 us (1519.53 GFLOPS/s)
MUL_MAT_VEC q6_K m=12288 n=1 k=5120: 1 x 93.84 us = 93.84 us (1340.76 GFLOPS/s)
MUL_MAT_VEC q6_K m=17408 n=1 k=5120: 2 x 121.38 us = 242.76 us (1468.45 GFLOPS/s)
MUL_MAT_VEC q6_K m=98304 n=1 k=5120: 1 x 673.94 us = 673.94 us (1493.51 GFLOPS/s)
MUL_MAT_VEC q8_0 m=5120 n=1 k=10240: 1 x 101.84 us = 101.84 us (1029.58 GFLOPS/s)
PAD: 1 x 6.4 us = 6.4 us
RMS_NORM_MUL RMS_NORM(256,24,1,1): 1 x 3.64 us = 3.64 us
RMS_NORM_MUL RMS_NORM(256,4,1,1): 1 x 3.64 us = 3.64 us
RMS_NORM_MUL RMS_NORM(5120,1,1,1): 5 x 3.76 us = 18.8 us
ROPE: 2 x 3.58 us = 7.16 us
SET_ROWS: 2 x 2.86 us = 5.72 us
SIGMOID_MUL SIGMOID: 1 x 1.64 us = 1.64 us
TOP_K K=10 (98304,1,1,1): 1 x 9 us = 9 us
Total time: 1406.7 us.
----------------
Vulkan Timings:
CONCAT: 1 x 2.56 us = 2.56 us
CONT: 1 x 3.6 us = 3.6 us
FLASH_ATTN_EXT dst(256,24,1,1),  q(256,1,24,1),  k(256,256,4,1),  v(256,256,4,1),  m(256,1,1,1): 1 x 13.92 us = 13.92 us (451.972 GFLOPS/s)
GET_ROWS: 3 x 4.84 us = 14.52 us
GLU: 1 x 1.76 us = 1.76 us
MUL_MAT f32 m=256 n=24 k=256: 1 x 1.72 us = 1.72 us (1825.34 GFLOPS/s)
MUL_MAT f32 m=64 n=16 k=64: 1 x 3.64 us = 3.64 us (35.7275 GFLOPS/s)
MUL_MAT f32 m=64 n=96 k=64: 1 x 3.6 us = 3.6 us (216.747 GFLOPS/s)
MUL_MAT_ADD MUL_MAT_VEC q6_K m=5120 n=1 k=17408: 1 x 125.28 us = 125.28 us (1422.84 GFLOPS/s)
MUL_MAT_ADD MUL_MAT_VEC q6_K m=5120 n=1 k=6144: 1 x 53.72 us = 53.72 us (1171.06 GFLOPS/s)
MUL_MAT_VEC f32 m=256 n=4 k=256: 1 x 3.04 us = 3.04 us (172.126 GFLOPS/s)
MUL_MAT_VEC q6_K m=1024 n=1 k=5120: 2 x 6.88 us = 13.76 us (1523.94 GFLOPS/s)
MUL_MAT_VEC q6_K m=12288 n=1 k=5120: 1 x 93.48 us = 93.48 us (1345.92 GFLOPS/s)
MUL_MAT_VEC q6_K m=17408 n=1 k=5120: 2 x 121.16 us = 242.32 us (1471.12 GFLOPS/s)
MUL_MAT_VEC q6_K m=98304 n=1 k=5120: 1 x 673.22 us = 673.22 us (1495.11 GFLOPS/s)
MUL_MAT_VEC q8_0 m=5120 n=1 k=10240: 1 x 101.16 us = 101.16 us (1036.5 GFLOPS/s)
PAD: 1 x 6.36 us = 6.36 us
RMS_NORM_MUL RMS_NORM(256,24,1,1): 1 x 3.64 us = 3.64 us
RMS_NORM_MUL RMS_NORM(256,4,1,1): 1 x 3.6 us = 3.6 us
RMS_NORM_MUL RMS_NORM(5120,1,1,1): 5 x 3.736 us = 18.68 us
ROPE: 2 x 3.62 us = 7.24 us
SET_ROWS: 2 x 2.9 us = 5.8 us
SIGMOID_MUL SIGMOID: 1 x 1.64 us = 1.64 us
TOP_K K=10 (98304,1,1,1): 1 x 8.92 us = 8.92 us
Total time: 1407.18 us.
----------------
Vulkan Timings:
CONCAT: 1 x 1.68 us = 1.68 us
CONT: 1 x 3.6 us = 3.6 us
FLASH_ATTN_EXT dst(256,24,1,1),  q(256,1,24,1),  k(256,256,4,1),  v(256,256,4,1),  m(256,1,1,1): 1 x 13.84 us = 13.84 us (454.585 GFLOPS/s)
GET_ROWS: 3 x 4.813 us = 14.44 us
GLU: 1 x 1.84 us = 1.84 us
MUL_MAT f32 m=256 n=24 k=256: 1 x 1.6 us = 1.6 us (1962.24 GFLOPS/s)
MUL_MAT f32 m=64 n=16 k=64: 1 x 3.56 us = 3.56 us (36.5303 GFLOPS/s)
MUL_MAT f32 m=64 n=96 k=64: 1 x 3.6 us = 3.6 us (216.747 GFLOPS/s)
MUL_MAT_ADD MUL_MAT_VEC q6_K m=5120 n=1 k=17408: 1 x 122.84 us = 122.84 us (1451.1 GFLOPS/s)
MUL_MAT_ADD MUL_MAT_VEC q6_K m=5120 n=1 k=6144: 1 x 53.24 us = 53.24 us (1181.62 GFLOPS/s)
MUL_MAT_VEC f32 m=256 n=4 k=256: 1 x 3 us = 3 us (174.421 GFLOPS/s)
MUL_MAT_VEC q6_K m=1024 n=1 k=5120: 2 x 6.92 us = 13.84 us (1515.14 GFLOPS/s)
MUL_MAT_VEC q6_K m=12288 n=1 k=5120: 1 x 93 us = 93 us (1352.87 GFLOPS/s)
MUL_MAT_VEC q6_K m=17408 n=1 k=5120: 2 x 121.22 us = 242.44 us (1470.39 GFLOPS/s)
MUL_MAT_VEC q6_K m=98304 n=1 k=5120: 1 x 671.39 us = 671.39 us (1499.18 GFLOPS/s)
MUL_MAT_VEC q8_0 m=5120 n=1 k=10240: 1 x 100.96 us = 100.96 us (1038.55 GFLOPS/s)
PAD: 1 x 6.36 us = 6.36 us
RMS_NORM_MUL RMS_NORM(256,24,1,1): 1 x 3.64 us = 3.64 us
RMS_NORM_MUL RMS_NORM(256,4,1,1): 1 x 3.56 us = 3.56 us
RMS_NORM_MUL RMS_NORM(5120,1,1,1): 5 x 3.784 us = 18.92 us
ROPE: 2 x 3.56 us = 7.12 us
SET_ROWS: 2 x 2.9 us = 5.8 us
SIGMOID_MUL SIGMOID: 1 x 1.72 us = 1.72 us
TOP_K K=10 (98304,1,1,1): 1 x 9.2 us = 9.2 us
Total time: 1401.19 us.
----------------
Vulkan Timings:
ADD: 48 x 3.804 us = 182.6 us
CONT: 16 x 3.71 us = 59.36 us
FLASH_ATTN_EXT dst(256,24,5,1),  q(256,5,24,1),  k(256,256,4,1),  v(256,256,4,1),  m(256,5,1,1): 16 x 23.595 us = 377.52 us (1333.22 GFLOPS/s)
GDN_CACHE GATED_DELTA_NET: 48 x 14.584 us = 700.04 us
GDN_CONV_STATE CONCAT: 48 x 3.086 us = 148.16 us
GET_ROWS: 3 x 11.866 us = 35.6 us
GLU: 64 x 2.44 us = 156.2 us
MUL_MAT f32 m=256 n=120 k=256: 16 x 1.717 us = 27.48 us (9139.98 GFLOPS/s)
MUL_MAT f32 m=256 n=20 k=256: 16 x 3.132 us = 50.12 us (835.218 GFLOPS/s)
MUL_MAT f32 m=64 n=480 k=64: 16 x 3.7 us = 59.2 us (1054.44 GFLOPS/s)
MUL_MAT f32 m=64 n=80 k=64: 16 x 3.677 us = 58.84 us (176.816 GFLOPS/s)
MUL_MAT_ADD MUL_MAT_VEC q6_K m=5120 n=5 k=17408: 64 x 129.483 us = 8286.92 us (6883.24 GFLOPS/s)
MUL_MAT_ADD MUL_MAT_VEC q6_K m=5120 n=5 k=6144: 16 x 55.42 us = 886.72 us (5675.7 GFLOPS/s)
MUL_MAT_GROUP MUL_MAT_VEC q6_K m=10240 n=5 k=5120: 47 x 118.085 us = 5550.04 us (4439.45 GFLOPS/s)
MUL_MAT_GROUP MUL_MAT_VEC q6_K m=12288 n=5 k=5120: 16 x 104.225 us = 1667.6 us (6035.83 GFLOPS/s)
MUL_MAT_GROUP MUL_MAT_VEC q6_K m=17408 n=5 k=5120: 64 x 267.057 us = 17091.7 us (3337.12 GFLOPS/s)
MUL_MAT_VEC f32 m=48 n=5 k=5120: 96 x 6.284 us = 603.32 us (391.014 GFLOPS/s)
MUL_MAT_VEC q6_K m=10240 n=5 k=5120: 1 x 79.56 us = 79.56 us (6589.2 GFLOPS/s)
MUL_MAT_VEC q6_K m=248320 n=5 k=5120: 1 x 1686.24 us = 1686.24 us (7539.11 GFLOPS/s)
MUL_MAT_VEC q6_K m=6144 n=5 k=5120: 1 x 51 us = 51 us (6167.49 GFLOPS/s)
MUL_MAT_VEC q8_0 m=5120 n=5 k=6144: 48 x 60.665 us = 2911.96 us (5184.92 GFLOPS/s)
RMS_NORM_MUL RMS_NORM(256,24,5,1): 16 x 3.885 us = 62.16 us
RMS_NORM_MUL RMS_NORM(256,4,5,1): 16 x 3.597 us = 57.56 us
RMS_NORM_MUL RMS_NORM(5120,5,1,1): 129 x 4.317 us = 557 us
RMS_NORM_MUL_SILU_MUL RMS_NORM(128,48,5,1): 48 x 5.856 us = 281.12 us
RMS_NORM_SCALE RMS_NORM(128,16,5,1): 96 x 2.507 us = 240.68 us
ROPE: 32 x 3.652 us = 116.88 us
SET_ROWS: 32 x 2.831 us = 90.6 us
SIGMOID_MUL SIGMOID: 16 x 3.715 us = 59.44 us
SSM_CONV_SILU SSM_CONV: 48 x 4.796 us = 230.24 us
Total time: 42365.8 us.
----------------
Vulkan Timings:
CONCAT: 1 x 4.12 us = 4.12 us
CONT: 1 x 3.8 us = 3.8 us
FLASH_ATTN_EXT dst(256,24,5,1),  q(256,5,24,1),  k(256,256,4,1),  v(256,256,4,1),  m(256,5,1,1): 1 x 24.36 us = 24.36 us (1291.35 GFLOPS/s)
GET_ROWS: 1 x 6.96 us = 6.96 us
GLU: 1 x 2.04 us = 2.04 us
MUL_MAT f32 m=256 n=120 k=256: 1 x 1.76 us = 1.76 us (8919.27 GFLOPS/s)
MUL_MAT f32 m=256 n=20 k=256: 1 x 3.28 us = 3.28 us (797.659 GFLOPS/s)
MUL_MAT f32 m=64 n=480 k=64: 1 x 3.8 us = 3.8 us (1026.69 GFLOPS/s)
MUL_MAT f32 m=64 n=80 k=64: 1 x 3.92 us = 3.92 us (165.878 GFLOPS/s)
MUL_MAT_ADD MUL_MAT_VEC q6_K m=5120 n=5 k=17408: 1 x 157.32 us = 157.32 us (5665.29 GFLOPS/s)
MUL_MAT_ADD MUL_MAT_VEC q6_K m=5120 n=5 k=6144: 1 x 56.44 us = 56.44 us (5573.13 GFLOPS/s)
MUL_MAT_GROUP MUL_MAT_VEC q6_K m=12288 n=5 k=5120: 1 x 131.01 us = 131.01 us (4801.8 GFLOPS/s)
MUL_MAT_GROUP MUL_MAT_VEC q6_K m=17408 n=5 k=5120: 1 x 255.24 us = 255.24 us (3491.63 GFLOPS/s)
MUL_MAT_VEC q8_0 m=5120 n=5 k=10240: 1 x 106.56 us = 106.56 us (4919.88 GFLOPS/s)
RMS_NORM_MUL RMS_NORM(256,24,5,1): 1 x 3.8 us = 3.8 us
RMS_NORM_MUL RMS_NORM(256,4,5,1): 1 x 3.88 us = 3.88 us
RMS_NORM_MUL RMS_NORM(5120,5,1,1): 5 x 8.972 us = 44.86 us
ROPE: 2 x 3.9 us = 7.8 us
SET_ROWS: 2 x 3.02 us = 6.04 us
SIGMOID_MUL SIGMOID: 1 x 3.8 us = 3.8 us
Total time: 830.79 us.
----------------
Vulkan Timings:
CONCAT: 1 x 1.68 us = 1.68 us
CONT: 1 x 3.72 us = 3.72 us
FLASH_ATTN_EXT dst(256,24,1,1),  q(256,1,24,1),  k(256,256,4,1),  v(256,256,4,1),  m(256,1,1,1): 1 x 13.72 us = 13.72 us (458.561 GFLOPS/s)
GET_ROWS: 3 x 5.08 us = 15.24 us
GLU: 1 x 1.72 us = 1.72 us
MUL_MAT f32 m=256 n=24 k=256: 1 x 1.52 us = 1.52 us (2065.52 GFLOPS/s)
MUL_MAT f32 m=64 n=16 k=64: 1 x 1.84 us = 1.84 us (70.6783 GFLOPS/s)
MUL_MAT f32 m=64 n=96 k=64: 1 x 3.48 us = 3.48 us (224.221 GFLOPS/s)
MUL_MAT_ADD MUL_MAT_VEC q6_K m=5120 n=1 k=17408: 1 x 123.56 us = 123.56 us (1442.64 GFLOPS/s)
MUL_MAT_ADD MUL_MAT_VEC q6_K m=5120 n=1 k=6144: 1 x 48.16 us = 48.16 us (1306.26 GFLOPS/s)
MUL_MAT_VEC f32 m=256 n=4 k=256: 1 x 3.28 us = 3.28 us (159.532 GFLOPS/s)
MUL_MAT_VEC q6_K m=1024 n=1 k=5120: 2 x 9.08 us = 18.16 us (1154.71 GFLOPS/s)
MUL_MAT_VEC q6_K m=12288 n=1 k=5120: 1 x 90.08 us = 90.08 us (1396.72 GFLOPS/s)
MUL_MAT_VEC q6_K m=17408 n=1 k=5120: 2 x 121.62 us = 243.24 us (1465.55 GFLOPS/s)
MUL_MAT_VEC q6_K m=98304 n=1 k=5120: 1 x 674.54 us = 674.54 us (1492.18 GFLOPS/s)
MUL_MAT_VEC q8_0 m=5120 n=1 k=10240: 1 x 98.32 us = 98.32 us (1066.44 GFLOPS/s)
PAD: 1 x 8.92 us = 8.92 us
RMS_NORM_MUL RMS_NORM(256,24,1,1): 1 x 6.28 us = 6.28 us
RMS_NORM_MUL RMS_NORM(256,4,1,1): 1 x 5.24 us = 5.24 us
RMS_NORM_MUL RMS_NORM(5120,1,1,1): 5 x 4.424 us = 22.12 us
ROPE: 2 x 3.56 us = 7.12 us
SET_ROWS: 2 x 2.92 us = 5.84 us
SIGMOID_MUL SIGMOID: 1 x 1.64 us = 1.64 us
TOP_K K=10 (98304,1,1,1): 1 x 6.92 us = 6.92 us
Total time: 1406.34 us.
----------------
Vulkan Timings:
CONCAT: 1 x 1.68 us = 1.68 us
CONT: 1 x 3.84 us = 3.84 us
FLASH_ATTN_EXT dst(256,24,1,1),  q(256,1,24,1),  k(256,256,4,1),  v(256,256,4,1),  m(256,1,1,1): 1 x 13.92 us = 13.92 us (451.972 GFLOPS/s)
GET_ROWS: 3 x 4.946 us = 14.84 us
GLU: 1 x 1.72 us = 1.72 us
MUL_MAT f32 m=256 n=24 k=256: 1 x 1.64 us = 1.64 us (1914.38 GFLOPS/s)
MUL_MAT f32 m=64 n=16 k=64: 1 x 3.84 us = 3.84 us (33.8667 GFLOPS/s)
MUL_MAT f32 m=64 n=96 k=64: 1 x 3.84 us = 3.84 us (203.2 GFLOPS/s)
MUL_MAT_ADD MUL_MAT_VEC q6_K m=5120 n=1 k=17408: 1 x 123 us = 123 us (1449.21 GFLOPS/s)
MUL_MAT_ADD MUL_MAT_VEC q6_K m=5120 n=1 k=6144: 1 x 54.08 us = 54.08 us (1163.27 GFLOPS/s)
MUL_MAT_VEC f32 m=256 n=4 k=256: 1 x 3.24 us = 3.24 us (161.501 GFLOPS/s)
MUL_MAT_VEC q6_K m=1024 n=1 k=5120: 2 x 8.78 us = 17.56 us (1194.16 GFLOPS/s)
MUL_MAT_VEC q6_K m=12288 n=1 k=5120: 1 x 85.52 us = 85.52 us (1471.2 GFLOPS/s)
MUL_MAT_VEC q6_K m=17408 n=1 k=5120: 2 x 121.32 us = 242.64 us (1469.18 GFLOPS/s)
MUL_MAT_VEC q6_K m=98304 n=1 k=5120: 1 x 671.4 us = 671.4 us (1499.16 GFLOPS/s)
MUL_MAT_VEC q8_0 m=5120 n=1 k=10240: 1 x 101.56 us = 101.56 us (1032.42 GFLOPS/s)
PAD: 1 x 6.48 us = 6.48 us
RMS_NORM_MUL RMS_NORM(256,24,1,1): 1 x 5.64 us = 5.64 us
RMS_NORM_MUL RMS_NORM(256,4,1,1): 1 x 3.8 us = 3.8 us
RMS_NORM_MUL RMS_NORM(5120,1,1,1): 5 x 3.808 us = 19.04 us
ROPE: 2 x 3.76 us = 7.52 us
SET_ROWS: 2 x 2.98 us = 5.96 us
SIGMOID_MUL SIGMOID: 1 x 1.72 us = 1.72 us
TOP_K K=10 (98304,1,1,1): 1 x 9.04 us = 9.04 us
Total time: 1403.52 us.
----------------
Vulkan Timings:
CONCAT: 1 x 1.68 us = 1.68 us
CONT: 1 x 3.76 us = 3.76 us
FLASH_ATTN_EXT dst(256,24,1,1),  q(256,1,24,1),  k(256,256,4,1),  v(256,256,4,1),  m(256,1,1,1): 1 x 13.84 us = 13.84 us (454.585 GFLOPS/s)
GET_ROWS: 3 x 4.933 us = 14.8 us
GLU: 1 x 1.8 us = 1.8 us
MUL_MAT f32 m=256 n=24 k=256: 1 x 1.72 us = 1.72 us (1825.34 GFLOPS/s)
MUL_MAT f32 m=64 n=16 k=64: 1 x 3.76 us = 3.76 us (34.5872 GFLOPS/s)
MUL_MAT f32 m=64 n=96 k=64: 1 x 3.76 us = 3.76 us (207.523 GFLOPS/s)
MUL_MAT_ADD MUL_MAT_VEC q6_K m=5120 n=1 k=17408: 1 x 123.44 us = 123.44 us (1444.04 GFLOPS/s)
MUL_MAT_ADD MUL_MAT_VEC q6_K m=5120 n=1 k=6144: 1 x 53.76 us = 53.76 us (1170.19 GFLOPS/s)
MUL_MAT_VEC f32 m=256 n=4 k=256: 1 x 3.12 us = 3.12 us (167.713 GFLOPS/s)
MUL_MAT_VEC q6_K m=1024 n=1 k=5120: 2 x 8.78 us = 17.56 us (1194.16 GFLOPS/s)
MUL_MAT_VEC q6_K m=12288 n=1 k=5120: 1 x 85.6 us = 85.6 us (1469.82 GFLOPS/s)
MUL_MAT_VEC q6_K m=17408 n=1 k=5120: 2 x 121.64 us = 243.28 us (1465.31 GFLOPS/s)
MUL_MAT_VEC q6_K m=98304 n=1 k=5120: 1 x 672.91 us = 672.91 us (1495.79 GFLOPS/s)
MUL_MAT_VEC q8_0 m=5120 n=1 k=10240: 1 x 101.92 us = 101.92 us (1028.77 GFLOPS/s)
PAD: 1 x 6.4 us = 6.4 us
RMS_NORM_MUL RMS_NORM(256,24,1,1): 1 x 5.56 us = 5.56 us
RMS_NORM_MUL RMS_NORM(256,4,1,1): 1 x 3.76 us = 3.76 us
RMS_NORM_MUL RMS_NORM(5120,1,1,1): 5 x 3.744 us = 18.72 us
ROPE: 2 x 3.74 us = 7.48 us
SET_ROWS: 2 x 2.96 us = 5.92 us
SIGMOID_MUL SIGMOID: 1 x 1.64 us = 1.64 us
TOP_K K=10 (98304,1,1,1): 1 x 9.2 us = 9.2 us
Total time: 1405.39 us.
----------------
Vulkan Timings:
CONCAT: 1 x 1.64 us = 1.64 us
CONT: 1 x 3.72 us = 3.72 us
FLASH_ATTN_EXT dst(256,24,1,1),  q(256,1,24,1),  k(256,256,4,1),  v(256,256,4,1),  m(256,1,1,1): 1 x 13.72 us = 13.72 us (458.561 GFLOPS/s)
GET_ROWS: 3 x 4.986 us = 14.96 us
GLU: 1 x 1.76 us = 1.76 us
MUL_MAT f32 m=256 n=24 k=256: 1 x 1.64 us = 1.64 us (1914.38 GFLOPS/s)
MUL_MAT f32 m=64 n=16 k=64: 1 x 3.76 us = 3.76 us (34.5872 GFLOPS/s)
MUL_MAT f32 m=64 n=96 k=64: 1 x 3.72 us = 3.72 us (209.755 GFLOPS/s)
MUL_MAT_ADD MUL_MAT_VEC q6_K m=5120 n=1 k=17408: 1 x 123.48 us = 123.48 us (1443.58 GFLOPS/s)
MUL_MAT_ADD MUL_MAT_VEC q6_K m=5120 n=1 k=6144: 1 x 54.2 us = 54.2 us (1160.69 GFLOPS/s)
MUL_MAT_VEC f32 m=256 n=4 k=256: 1 x 3.16 us = 3.16 us (165.59 GFLOPS/s)
MUL_MAT_VEC q6_K m=1024 n=1 k=5120: 2 x 6.92 us = 13.84 us (1515.14 GFLOPS/s)
MUL_MAT_VEC q6_K m=12288 n=1 k=5120: 1 x 92.88 us = 92.88 us (1354.62 GFLOPS/s)
MUL_MAT_VEC q6_K m=17408 n=1 k=5120: 2 x 121.34 us = 242.68 us (1468.93 GFLOPS/s)
MUL_MAT_VEC q6_K m=98304 n=1 k=5120: 1 x 672.15 us = 672.15 us (1497.49 GFLOPS/s)
MUL_MAT_VEC q8_0 m=5120 n=1 k=10240: 1 x 102.92 us = 102.92 us (1018.78 GFLOPS/s)
PAD: 1 x 6.48 us = 6.48 us
RMS_NORM_MUL RMS_NORM(256,24,1,1): 1 x 3.8 us = 3.8 us
RMS_NORM_MUL RMS_NORM(256,4,1,1): 1 x 3.76 us = 3.76 us
RMS_NORM_MUL RMS_NORM(5120,1,1,1): 5 x 3.792 us = 18.96 us
ROPE: 2 x 3.74 us = 7.48 us
SET_ROWS: 2 x 2.96 us = 5.92 us
SIGMOID_MUL SIGMOID: 1 x 1.64 us = 1.64 us
TOP_K K=10 (98304,1,1,1): 1 x 9.4 us = 9.4 us
Total time: 1407.67 us.
----------------
Vulkan Timings:
ADD: 48 x 3.941 us = 189.2 us
CONT: 16 x 3.825 us = 61.2 us
FLASH_ATTN_EXT dst(256,24,5,1),  q(256,5,24,1),  k(256,256,4,1),  v(256,256,4,1),  m(256,5,1,1): 16 x 23.66 us = 378.56 us (1329.56 GFLOPS/s)
GDN_CACHE GATED_DELTA_NET: 48 x 13.785 us = 661.68 us
GDN_CONV_STATE CONCAT: 48 x 2.948 us = 141.52 us
GET_ROWS: 3 x 11.693 us = 35.08 us
GLU: 64 x 2.393 us = 153.2 us
MUL_MAT f32 m=256 n=120 k=256: 16 x 1.725 us = 27.6 us (9100.24 GFLOPS/s)
MUL_MAT f32 m=256 n=20 k=256: 16 x 3.092 us = 49.48 us (846.021 GFLOPS/s)
MUL_MAT f32 m=64 n=480 k=64: 16 x 3.81 us = 60.96 us (1024 GFLOPS/s)
MUL_MAT f32 m=64 n=80 k=64: 16 x 3.807 us = 60.92 us (170.779 GFLOPS/s)
MUL_MAT_ADD MUL_MAT_VEC q6_K m=5120 n=5 k=17408: 64 x 129.614 us = 8295.32 us (6876.27 GFLOPS/s)
MUL_MAT_ADD MUL_MAT_VEC q6_K m=5120 n=5 k=6144: 16 x 55.527 us = 888.44 us (5664.71 GFLOPS/s)
MUL_MAT_GROUP MUL_MAT_VEC q6_K m=10240 n=5 k=5120: 47 x 118.222 us = 5556.44 us (4434.34 GFLOPS/s)
MUL_MAT_GROUP MUL_MAT_VEC q6_K m=12288 n=5 k=5120: 16 x 104.155 us = 1666.48 us (6039.88 GFLOPS/s)
MUL_MAT_GROUP MUL_MAT_VEC q6_K m=17408 n=5 k=5120: 64 x 266.491 us = 17055.5 us (3344.2 GFLOPS/s)
MUL_MAT_VEC f32 m=48 n=5 k=5120: 96 x 6.735 us = 646.6 us (364.842 GFLOPS/s)
MUL_MAT_VEC q6_K m=10240 n=5 k=5120: 1 x 79.92 us = 79.92 us (6559.52 GFLOPS/s)
MUL_MAT_VEC q6_K m=248320 n=5 k=5120: 1 x 1685.64 us = 1685.64 us (7541.79 GFLOPS/s)
MUL_MAT_VEC q6_K m=6144 n=5 k=5120: 1 x 51.12 us = 51.12 us (6153.01 GFLOPS/s)
MUL_MAT_VEC q8_0 m=5120 n=5 k=6144: 48 x 60.635 us = 2910.52 us (5187.48 GFLOPS/s)
RMS_NORM_MUL RMS_NORM(256,24,5,1): 16 x 4.027 us = 64.44 us
RMS_NORM_MUL RMS_NORM(256,4,5,1): 16 x 3.725 us = 59.6 us
RMS_NORM_MUL RMS_NORM(5120,5,1,1): 129 x 4.372 us = 564.04 us
RMS_NORM_MUL_SILU_MUL RMS_NORM(128,48,5,1): 48 x 6.062 us = 291 us
RMS_NORM_SCALE RMS_NORM(128,16,5,1): 96 x 2.586 us = 248.28 us
ROPE: 32 x 3.786 us = 121.16 us
SET_ROWS: 32 x 2.886 us = 92.36 us
SIGMOID_MUL SIGMOID: 16 x 3.827 us = 61.24 us
SSM_CONV_SILU SSM_CONV: 48 x 4.921 us = 236.24 us
Total time: 42393.7 us.
----------------
Vulkan Timings:
CONCAT: 1 x 3.84 us = 3.84 us
CONT: 1 x 3.96 us = 3.96 us
FLASH_ATTN_EXT dst(256,24,5,1),  q(256,5,24,1),  k(256,256,4,1),  v(256,256,4,1),  m(256,5,1,1): 1 x 23.8 us = 23.8 us (1321.73 GFLOPS/s)
GET_ROWS: 1 x 7.12 us = 7.12 us
GLU: 1 x 1.8 us = 1.8 us
MUL_MAT f32 m=256 n=120 k=256: 1 x 1.76 us = 1.76 us (8919.27 GFLOPS/s)
MUL_MAT f32 m=256 n=20 k=256: 1 x 3.32 us = 3.32 us (788.048 GFLOPS/s)
MUL_MAT f32 m=64 n=480 k=64: 1 x 3.92 us = 3.92 us (995.265 GFLOPS/s)
MUL_MAT f32 m=64 n=80 k=64: 1 x 3.92 us = 3.92 us (165.878 GFLOPS/s)
MUL_MAT_ADD MUL_MAT_VEC q6_K m=5120 n=5 k=17408: 1 x 152.84 us = 152.84 us (5831.35 GFLOPS/s)
MUL_MAT_ADD MUL_MAT_VEC q6_K m=5120 n=5 k=6144: 1 x 55.88 us = 55.88 us (5628.98 GFLOPS/s)
MUL_MAT_GROUP MUL_MAT_VEC q6_K m=12288 n=5 k=5120: 1 x 131.44 us = 131.44 us (4786.09 GFLOPS/s)
MUL_MAT_GROUP MUL_MAT_VEC q6_K m=17408 n=5 k=5120: 1 x 255.16 us = 255.16 us (3492.72 GFLOPS/s)
MUL_MAT_VEC q8_0 m=5120 n=5 k=10240: 1 x 105.84 us = 105.84 us (4953.35 GFLOPS/s)
RMS_NORM_MUL RMS_NORM(256,24,5,1): 1 x 3.84 us = 3.84 us
RMS_NORM_MUL RMS_NORM(256,4,5,1): 1 x 3.92 us = 3.92 us
RMS_NORM_MUL RMS_NORM(5120,5,1,1): 5 x 9.086 us = 45.43 us
ROPE: 2 x 3.92 us = 7.84 us
SET_ROWS: 2 x 3.04 us = 6.08 us
SIGMOID_MUL SIGMOID: 1 x 3.96 us = 3.96 us
Total time: 825.67 us.
----------------
Vulkan Timings:
CONCAT: 1 x 1.64 us = 1.64 us
CONT: 1 x 3.56 us = 3.56 us
FLASH_ATTN_EXT dst(256,24,1,1),  q(256,1,24,1),  k(256,256,4,1),  v(256,256,4,1),  m(256,1,1,1): 1 x 13.96 us = 13.96 us (450.677 GFLOPS/s)
GET_ROWS: 3 x 4.853 us = 14.56 us
GLU: 1 x 1.56 us = 1.56 us
MUL_MAT f32 m=256 n=24 k=256: 1 x 1.52 us = 1.52 us (2065.52 GFLOPS/s)
MUL_MAT f32 m=64 n=16 k=64: 1 x 1.84 us = 1.84 us (70.6783 GFLOPS/s)
MUL_MAT f32 m=64 n=96 k=64: 1 x 3.28 us = 3.28 us (237.893 GFLOPS/s)
MUL_MAT_ADD MUL_MAT_VEC q6_K m=5120 n=1 k=17408: 1 x 123.52 us = 123.52 us (1443.11 GFLOPS/s)
MUL_MAT_ADD MUL_MAT_VEC q6_K m=5120 n=1 k=6144: 1 x 47.4 us = 47.4 us (1327.2 GFLOPS/s)
MUL_MAT_VEC f32 m=256 n=4 k=256: 1 x 3.12 us = 3.12 us (167.713 GFLOPS/s)
MUL_MAT_VEC q6_K m=1024 n=1 k=5120: 2 x 10.06 us = 20.12 us (1042.22 GFLOPS/s)
MUL_MAT_VEC q6_K m=12288 n=1 k=5120: 1 x 89.96 us = 89.96 us (1398.59 GFLOPS/s)
MUL_MAT_VEC q6_K m=17408 n=1 k=5120: 2 x 121.62 us = 243.24 us (1465.55 GFLOPS/s)
MUL_MAT_VEC q6_K m=98304 n=1 k=5120: 1 x 671.83 us = 671.83 us (1498.2 GFLOPS/s)
MUL_MAT_VEC q8_0 m=5120 n=1 k=10240: 1 x 99.68 us = 99.68 us (1051.89 GFLOPS/s)
PAD: 1 x 6.36 us = 6.36 us
RMS_NORM_MUL RMS_NORM(256,24,1,1): 1 x 3.24 us = 3.24 us
RMS_NORM_MUL RMS_NORM(256,4,1,1): 1 x 4.92 us = 4.92 us
RMS_NORM_MUL RMS_NORM(5120,1,1,1): 5 x 4.368 us = 21.84 us
ROPE: 2 x 3.4 us = 6.8 us
SET_ROWS: 2 x 2.86 us = 5.72 us
SIGMOID_MUL SIGMOID: 1 x 1.64 us = 1.64 us
TOP_K K=10 (98304,1,1,1): 1 x 8.96 us = 8.96 us
Total time: 1400.27 us.
----------------
Vulkan Timings:
CONCAT: 1 x 1.68 us = 1.68 us
CONT: 1 x 3.64 us = 3.64 us
FLASH_ATTN_EXT dst(256,24,1,1),  q(256,1,24,1),  k(256,256,4,1),  v(256,256,4,1),  m(256,1,1,1): 1 x 13.92 us = 13.92 us (451.972 GFLOPS/s)
GET_ROWS: 3 x 4.813 us = 14.44 us
GLU: 1 x 1.76 us = 1.76 us
MUL_MAT f32 m=256 n=24 k=256: 1 x 1.68 us = 1.68 us (1868.8 GFLOPS/s)
MUL_MAT f32 m=64 n=16 k=64: 1 x 3.6 us = 3.6 us (36.1244 GFLOPS/s)
MUL_MAT f32 m=64 n=96 k=64: 1 x 3.64 us = 3.64 us (214.365 GFLOPS/s)
MUL_MAT_ADD MUL_MAT_VEC q6_K m=5120 n=1 k=17408: 1 x 124.44 us = 124.44 us (1432.44 GFLOPS/s)
MUL_MAT_ADD MUL_MAT_VEC q6_K m=5120 n=1 k=6144: 1 x 53.6 us = 53.6 us (1173.68 GFLOPS/s)
MUL_MAT_VEC f32 m=256 n=4 k=256: 1 x 3 us = 3 us (174.421 GFLOPS/s)
MUL_MAT_VEC q6_K m=1024 n=1 k=5120: 2 x 6.88 us = 13.76 us (1523.94 GFLOPS/s)
MUL_MAT_VEC q6_K m=12288 n=1 k=5120: 1 x 93.52 us = 93.52 us (1345.35 GFLOPS/s)
MUL_MAT_VEC q6_K m=17408 n=1 k=5120: 2 x 121.64 us = 243.28 us (1465.31 GFLOPS/s)
MUL_MAT_VEC q6_K m=98304 n=1 k=5120: 1 x 672.52 us = 672.52 us (1496.66 GFLOPS/s)
MUL_MAT_VEC q8_0 m=5120 n=1 k=10240: 1 x 102.44 us = 102.44 us (1023.55 GFLOPS/s)
PAD: 1 x 6.28 us = 6.28 us
RMS_NORM_MUL RMS_NORM(256,24,1,1): 1 x 3.6 us = 3.6 us
RMS_NORM_MUL RMS_NORM(256,4,1,1): 1 x 3.56 us = 3.56 us
RMS_NORM_MUL RMS_NORM(5120,1,1,1): 5 x 3.784 us = 18.92 us
ROPE: 2 x 3.58 us = 7.16 us
SET_ROWS: 2 x 2.9 us = 5.8 us
SIGMOID_MUL SIGMOID: 1 x 1.92 us = 1.92 us
TOP_K K=10 (98304,1,1,1): 1 x 9 us = 9 us
Total time: 1407.16 us.
----------------
Vulkan Timings:
CONCAT: 1 x 1.68 us = 1.68 us
CONT: 1 x 3.56 us = 3.56 us
FLASH_ATTN_EXT dst(256,24,1,1),  q(256,1,24,1),  k(256,256,4,1),  v(256,256,4,1),  m(256,1,1,1): 1 x 13.96 us = 13.96 us (450.677 GFLOPS/s)
GET_ROWS: 3 x 4.906 us = 14.72 us
GLU: 1 x 1.8 us = 1.8 us
MUL_MAT f32 m=256 n=24 k=256: 1 x 1.64 us = 1.64 us (1914.38 GFLOPS/s)
MUL_MAT f32 m=64 n=16 k=64: 1 x 3.64 us = 3.64 us (35.7275 GFLOPS/s)
MUL_MAT f32 m=64 n=96 k=64: 1 x 3.6 us = 3.6 us (216.747 GFLOPS/s)
MUL_MAT_ADD MUL_MAT_VEC q6_K m=5120 n=1 k=17408: 1 x 123.04 us = 123.04 us (1448.74 GFLOPS/s)
MUL_MAT_ADD MUL_MAT_VEC q6_K m=5120 n=1 k=6144: 1 x 53.12 us = 53.12 us (1184.29 GFLOPS/s)
MUL_MAT_VEC f32 m=256 n=4 k=256: 1 x 3 us = 3 us (174.421 GFLOPS/s)
MUL_MAT_VEC q6_K m=1024 n=1 k=5120: 2 x 6.9 us = 13.8 us (1519.53 GFLOPS/s)
MUL_MAT_VEC q6_K m=12288 n=1 k=5120: 1 x 93.12 us = 93.12 us (1351.13 GFLOPS/s)
MUL_MAT_VEC q6_K m=17408 n=1 k=5120: 2 x 121.92 us = 243.84 us (1461.95 GFLOPS/s)
MUL_MAT_VEC q6_K m=98304 n=1 k=5120: 1 x 672.94 us = 672.94 us (1495.73 GFLOPS/s)
MUL_MAT_VEC q8_0 m=5120 n=1 k=10240: 1 x 101.84 us = 101.84 us (1029.58 GFLOPS/s)
PAD: 1 x 6.36 us = 6.36 us
RMS_NORM_MUL RMS_NORM(256,24,1,1): 1 x 3.64 us = 3.64 us
RMS_NORM_MUL RMS_NORM(256,4,1,1): 1 x 3.56 us = 3.56 us
RMS_NORM_MUL RMS_NORM(5120,1,1,1): 5 x 3.752 us = 18.76 us
ROPE: 2 x 3.6 us = 7.2 us
SET_ROWS: 2 x 2.9 us = 5.8 us
SIGMOID_MUL SIGMOID: 1 x 1.6 us = 1.6 us
TOP_K K=10 (98304,1,1,1): 1 x 8.96 us = 8.96 us
Total time: 1405.18 us.
----------------
Vulkan Timings:
CONCAT: 1 x 1.64 us = 1.64 us
CONT: 1 x 3.6 us = 3.6 us
FLASH_ATTN_EXT dst(256,24,1,1),  q(256,1,24,1),  k(256,256,4,1),  v(256,256,4,1),  m(256,1,1,1): 1 x 13.88 us = 13.88 us (453.275 GFLOPS/s)
GET_ROWS: 3 x 4.826 us = 14.48 us
GLU: 1 x 1.72 us = 1.72 us
MUL_MAT f32 m=256 n=24 k=256: 1 x 1.64 us = 1.64 us (1914.38 GFLOPS/s)
MUL_MAT f32 m=64 n=16 k=64: 1 x 3.64 us = 3.64 us (35.7275 GFLOPS/s)
MUL_MAT f32 m=64 n=96 k=64: 1 x 3.64 us = 3.64 us (214.365 GFLOPS/s)
MUL_MAT_ADD MUL_MAT_VEC q6_K m=5120 n=1 k=17408: 1 x 123.08 us = 123.08 us (1448.27 GFLOPS/s)
MUL_MAT_ADD MUL_MAT_VEC q6_K m=5120 n=1 k=6144: 1 x 53.8 us = 53.8 us (1169.32 GFLOPS/s)
MUL_MAT_VEC f32 m=256 n=4 k=256: 1 x 3 us = 3 us (174.421 GFLOPS/s)
MUL_MAT_VEC q6_K m=1024 n=1 k=5120: 2 x 7.02 us = 14.04 us (1493.55 GFLOPS/s)
MUL_MAT_VEC q6_K m=12288 n=1 k=5120: 1 x 93.16 us = 93.16 us (1350.55 GFLOPS/s)
MUL_MAT_VEC q6_K m=17408 n=1 k=5120: 2 x 121.18 us = 242.36 us (1470.87 GFLOPS/s)
MUL_MAT_VEC q6_K m=98304 n=1 k=5120: 1 x 670.96 us = 670.96 us (1500.14 GFLOPS/s)
MUL_MAT_VEC q8_0 m=5120 n=1 k=10240: 1 x 101.64 us = 101.64 us (1031.61 GFLOPS/s)
PAD: 1 x 6.36 us = 6.36 us
RMS_NORM_MUL RMS_NORM(256,24,1,1): 1 x 3.64 us = 3.64 us
RMS_NORM_MUL RMS_NORM(256,4,1,1): 1 x 3.64 us = 3.64 us
RMS_NORM_MUL RMS_NORM(5120,1,1,1): 5 x 3.736 us = 18.68 us
ROPE: 2 x 3.58 us = 7.16 us
SET_ROWS: 2 x 2.92 us = 5.84 us
SIGMOID_MUL SIGMOID: 1 x 1.68 us = 1.68 us
TOP_K K=10 (98304,1,1,1): 1 x 8.92 us = 8.92 us
Total time: 1402.2 us.
----------------
Vulkan Timings:
ADD: 48 x 3.808 us = 182.8 us
CONT: 16 x 3.69 us = 59.04 us
FLASH_ATTN_EXT dst(256,24,5,1),  q(256,5,24,1),  k(256,256,4,1),  v(256,256,4,1),  m(256,5,1,1): 16 x 23.47 us = 375.52 us (1340.32 GFLOPS/s)
GDN_CACHE GATED_DELTA_NET: 48 x 14.51 us = 696.52 us
GDN_CONV_STATE CONCAT: 48 x 3.135 us = 150.48 us
GET_ROWS: 3 x 11.493 us = 34.48 us
GLU: 64 x 2.432 us = 155.68 us
MUL_MAT f32 m=256 n=120 k=256: 16 x 1.695 us = 27.12 us (9261.31 GFLOPS/s)
MUL_MAT f32 m=256 n=20 k=256: 16 x 3.107 us = 49.72 us (841.937 GFLOPS/s)
MUL_MAT f32 m=64 n=480 k=64: 16 x 3.677 us = 58.84 us (1060.89 GFLOPS/s)
MUL_MAT f32 m=64 n=80 k=64: 16 x 3.685 us = 58.96 us (176.456 GFLOPS/s)
MUL_MAT_ADD MUL_MAT_VEC q6_K m=5120 n=5 k=17408: 64 x 129.305 us = 8275.52 us (6892.73 GFLOPS/s)
MUL_MAT_ADD MUL_MAT_VEC q6_K m=5120 n=5 k=6144: 16 x 55.402 us = 886.44 us (5677.49 GFLOPS/s)
MUL_MAT_GROUP MUL_MAT_VEC q6_K m=10240 n=5 k=5120: 47 x 118.078 us = 5549.68 us (4439.74 GFLOPS/s)
MUL_MAT_GROUP MUL_MAT_VEC q6_K m=12288 n=5 k=5120: 16 x 104.527 us = 1672.44 us (6018.36 GFLOPS/s)
MUL_MAT_GROUP MUL_MAT_VEC q6_K m=17408 n=5 k=5120: 64 x 266.711 us = 17069.6 us (3341.44 GFLOPS/s)
MUL_MAT_VEC f32 m=48 n=5 k=5120: 96 x 6.282 us = 603.12 us (391.144 GFLOPS/s)
MUL_MAT_VEC q6_K m=10240 n=5 k=5120: 1 x 80.52 us = 80.52 us (6510.64 GFLOPS/s)
MUL_MAT_VEC q6_K m=248320 n=5 k=5120: 1 x 1685.92 us = 1685.92 us (7540.54 GFLOPS/s)
MUL_MAT_VEC q6_K m=6144 n=5 k=5120: 1 x 50.92 us = 50.92 us (6177.18 GFLOPS/s)
MUL_MAT_VEC q8_0 m=5120 n=5 k=6144: 48 x 60.62 us = 2909.8 us (5188.76 GFLOPS/s)
RMS_NORM_MUL RMS_NORM(256,24,5,1): 16 x 3.782 us = 60.52 us
RMS_NORM_MUL RMS_NORM(256,4,5,1): 16 x 3.6 us = 57.6 us
RMS_NORM_MUL RMS_NORM(5120,5,1,1): 129 x 4.307 us = 555.68 us
RMS_NORM_MUL_SILU_MUL RMS_NORM(128,48,5,1): 48 x 5.838 us = 280.24 us
RMS_NORM_SCALE RMS_NORM(128,16,5,1): 96 x 2.514 us = 241.36 us
ROPE: 32 x 3.663 us = 117.24 us
SET_ROWS: 32 x 2.882 us = 92.24 us
SIGMOID_MUL SIGMOID: 16 x 3.695 us = 59.12 us
SSM_CONV_SILU SSM_CONV: 48 x 4.778 us = 229.36 us
Total time: 42326.4 us.
----------------
Vulkan Timings:
CONCAT: 1 x 4.08 us = 4.08 us
CONT: 1 x 3.76 us = 3.76 us
FLASH_ATTN_EXT dst(256,24,5,1),  q(256,5,24,1),  k(256,256,4,1),  v(256,256,4,1),  m(256,5,1,1): 1 x 23.96 us = 23.96 us (1312.91 GFLOPS/s)
GET_ROWS: 1 x 6.76 us = 6.76 us
GLU: 1 x 1.76 us = 1.76 us
MUL_MAT f32 m=256 n=120 k=256: 1 x 1.76 us = 1.76 us (8919.27 GFLOPS/s)
MUL_MAT f32 m=256 n=20 k=256: 1 x 3.12 us = 3.12 us (838.564 GFLOPS/s)
MUL_MAT f32 m=64 n=480 k=64: 1 x 3.72 us = 3.72 us (1048.77 GFLOPS/s)
MUL_MAT f32 m=64 n=80 k=64: 1 x 3.76 us = 3.76 us (172.936 GFLOPS/s)
MUL_MAT_ADD MUL_MAT_VEC q6_K m=5120 n=5 k=17408: 1 x 155.96 us = 155.96 us (5714.7 GFLOPS/s)
MUL_MAT_ADD MUL_MAT_VEC q6_K m=5120 n=5 k=6144: 1 x 55.64 us = 55.64 us (5653.26 GFLOPS/s)
MUL_MAT_GROUP MUL_MAT_VEC q6_K m=12288 n=5 k=5120: 1 x 128.84 us = 128.84 us (4882.68 GFLOPS/s)
MUL_MAT_GROUP MUL_MAT_VEC q6_K m=17408 n=5 k=5120: 1 x 255 us = 255 us (3494.91 GFLOPS/s)
MUL_MAT_VEC q8_0 m=5120 n=5 k=10240: 1 x 106.92 us = 106.92 us (4903.31 GFLOPS/s)
RMS_NORM_MUL RMS_NORM(256,24,5,1): 1 x 3.64 us = 3.64 us
RMS_NORM_MUL RMS_NORM(256,4,5,1): 1 x 3.76 us = 3.76 us
RMS_NORM_MUL RMS_NORM(5120,5,1,1): 5 x 9.008 us = 45.04 us
ROPE: 2 x 3.78 us = 7.56 us
SET_ROWS: 2 x 2.98 us = 5.96 us
SIGMOID_MUL SIGMOID: 1 x 3.76 us = 3.76 us
Total time: 824.76 us.
----------------
Vulkan Timings:
CONCAT: 1 x 1.68 us = 1.68 us
CONT: 1 x 3.64 us = 3.64 us
FLASH_ATTN_EXT dst(256,24,1,1),  q(256,1,24,1),  k(256,256,4,1),  v(256,256,4,1),  m(256,1,1,1): 1 x 13.8 us = 13.8 us (455.903 GFLOPS/s)
GET_ROWS: 3 x 4.946 us = 14.84 us
GLU: 1 x 1.64 us = 1.64 us
MUL_MAT f32 m=256 n=24 k=256: 1 x 1.52 us = 1.52 us (2065.52 GFLOPS/s)
MUL_MAT f32 m=64 n=16 k=64: 1 x 1.84 us = 1.84 us (70.6783 GFLOPS/s)
MUL_MAT f32 m=64 n=96 k=64: 1 x 3.36 us = 3.36 us (232.229 GFLOPS/s)
MUL_MAT_ADD MUL_MAT_VEC q6_K m=5120 n=1 k=17408: 1 x 123.88 us = 123.88 us (1438.92 GFLOPS/s)
MUL_MAT_ADD MUL_MAT_VEC q6_K m=5120 n=1 k=6144: 1 x 47.96 us = 47.96 us (1311.71 GFLOPS/s)
MUL_MAT_VEC f32 m=256 n=4 k=256: 1 x 3.24 us = 3.24 us (161.501 GFLOPS/s)
MUL_MAT_VEC q6_K m=1024 n=1 k=5120: 2 x 8.74 us = 17.48 us (1199.63 GFLOPS/s)
MUL_MAT_VEC q6_K m=12288 n=1 k=5120: 1 x 90.52 us = 90.52 us (1389.93 GFLOPS/s)
MUL_MAT_VEC q6_K m=17408 n=1 k=5120: 2 x 121.46 us = 242.92 us (1467.48 GFLOPS/s)
MUL_MAT_VEC q6_K m=98304 n=1 k=5120: 1 x 673.53 us = 673.53 us (1494.42 GFLOPS/s)
MUL_MAT_VEC q8_0 m=5120 n=1 k=10240: 1 x 97.72 us = 97.72 us (1072.99 GFLOPS/s)
PAD: 1 x 6.52 us = 6.52 us
RMS_NORM_MUL RMS_NORM(256,24,1,1): 1 x 5.8 us = 5.8 us
RMS_NORM_MUL RMS_NORM(256,4,1,1): 1 x 5.28 us = 5.28 us
RMS_NORM_MUL RMS_NORM(5120,1,1,1): 5 x 4.432 us = 22.16 us
ROPE: 2 x 3.56 us = 7.12 us
SET_ROWS: 2 x 2.9 us = 5.8 us
SIGMOID_MUL SIGMOID: 1 x 1.64 us = 1.64 us
TOP_K K=10 (98304,1,1,1): 1 x 9.56 us = 9.56 us
Total time: 1403.45 us.
----------------
Vulkan Timings:
CONCAT: 1 x 1.68 us = 1.68 us
CONT: 1 x 3.76 us = 3.76 us
FLASH_ATTN_EXT dst(256,24,1,1),  q(256,1,24,1),  k(256,256,4,1),  v(256,256,4,1),  m(256,1,1,1): 1 x 14 us = 14 us (449.39 GFLOPS/s)
GET_ROWS: 3 x 4.986 us = 14.96 us
GLU: 1 x 1.76 us = 1.76 us
MUL_MAT f32 m=256 n=24 k=256: 1 x 1.6 us = 1.6 us (1962.24 GFLOPS/s)
MUL_MAT f32 m=64 n=16 k=64: 1 x 3.76 us = 3.76 us (34.5872 GFLOPS/s)
MUL_MAT f32 m=64 n=96 k=64: 1 x 3.76 us = 3.76 us (207.523 GFLOPS/s)
MUL_MAT_ADD MUL_MAT_VEC q6_K m=5120 n=1 k=17408: 1 x 123 us = 123 us (1449.21 GFLOPS/s)
MUL_MAT_ADD MUL_MAT_VEC q6_K m=5120 n=1 k=6144: 1 x 53.92 us = 53.92 us (1166.72 GFLOPS/s)
MUL_MAT_VEC f32 m=256 n=4 k=256: 1 x 3.16 us = 3.16 us (165.59 GFLOPS/s)
MUL_MAT_VEC q6_K m=1024 n=1 k=5120: 2 x 6.9 us = 13.8 us (1519.53 GFLOPS/s)
MUL_MAT_VEC q6_K m=12288 n=1 k=5120: 1 x 93.08 us = 93.08 us (1351.71 GFLOPS/s)
MUL_MAT_VEC q6_K m=17408 n=1 k=5120: 2 x 121.94 us = 243.88 us (1461.71 GFLOPS/s)
MUL_MAT_VEC q6_K m=98304 n=1 k=5120: 1 x 674.85 us = 674.85 us (1491.49 GFLOPS/s)
MUL_MAT_VEC q8_0 m=5120 n=1 k=10240: 1 x 102 us = 102 us (1027.97 GFLOPS/s)
PAD: 1 x 6.56 us = 6.56 us
RMS_NORM_MUL RMS_NORM(256,24,1,1): 1 x 3.76 us = 3.76 us
RMS_NORM_MUL RMS_NORM(256,4,1,1): 1 x 3.76 us = 3.76 us
RMS_NORM_MUL RMS_NORM(5120,1,1,1): 5 x 3.696 us = 18.48 us
ROPE: 2 x 3.72 us = 7.44 us
SET_ROWS: 2 x 2.94 us = 5.88 us
SIGMOID_MUL SIGMOID: 1 x 1.68 us = 1.68 us
TOP_K K=10 (98304,1,1,1): 1 x 9.44 us = 9.44 us
Total time: 1409.97 us.
----------------
Vulkan Timings:
CONCAT: 1 x 1.68 us = 1.68 us
CONT: 1 x 3.76 us = 3.76 us
FLASH_ATTN_EXT dst(256,24,1,1),  q(256,1,24,1),  k(256,256,4,1),  v(256,256,4,1),  m(256,1,1,1): 1 x 13.88 us = 13.88 us (453.275 GFLOPS/s)
GET_ROWS: 3 x 5.013 us = 15.04 us
GLU: 1 x 1.84 us = 1.84 us
MUL_MAT f32 m=256 n=24 k=256: 1 x 1.68 us = 1.68 us (1868.8 GFLOPS/s)
MUL_MAT f32 m=64 n=16 k=64: 1 x 3.76 us = 3.76 us (34.5872 GFLOPS/s)
MUL_MAT f32 m=64 n=96 k=64: 1 x 3.76 us = 3.76 us (207.523 GFLOPS/s)
MUL_MAT_ADD MUL_MAT_VEC q6_K m=5120 n=1 k=17408: 1 x 124.92 us = 124.92 us (1426.94 GFLOPS/s)
MUL_MAT_ADD MUL_MAT_VEC q6_K m=5120 n=1 k=6144: 1 x 53.24 us = 53.24 us (1181.62 GFLOPS/s)
MUL_MAT_VEC f32 m=256 n=4 k=256: 1 x 3.16 us = 3.16 us (165.59 GFLOPS/s)
MUL_MAT_VEC q6_K m=1024 n=1 k=5120: 2 x 8.88 us = 17.76 us (1180.71 GFLOPS/s)
MUL_MAT_VEC q6_K m=12288 n=1 k=5120: 1 x 86.04 us = 86.04 us (1462.31 GFLOPS/s)
MUL_MAT_VEC q6_K m=17408 n=1 k=5120: 2 x 121.08 us = 242.16 us (1472.09 GFLOPS/s)
MUL_MAT_VEC q6_K m=98304 n=1 k=5120: 1 x 674.69 us = 674.69 us (1491.85 GFLOPS/s)
MUL_MAT_VEC q8_0 m=5120 n=1 k=10240: 1 x 100.64 us = 100.64 us (1041.86 GFLOPS/s)
PAD: 1 x 6.48 us = 6.48 us
RMS_NORM_MUL RMS_NORM(256,24,1,1): 1 x 5.6 us = 5.6 us
RMS_NORM_MUL RMS_NORM(256,4,1,1): 1 x 3.72 us = 3.72 us
RMS_NORM_MUL RMS_NORM(5120,1,1,1): 5 x 3.736 us = 18.68 us
ROPE: 2 x 3.72 us = 7.44 us
SET_ROWS: 2 x 2.98 us = 5.96 us
SIGMOID_MUL SIGMOID: 1 x 2.6 us = 2.6 us
TOP_K K=10 (98304,1,1,1): 1 x 9.32 us = 9.32 us
Total time: 1407.81 us.
----------------
Vulkan Timings:
CONCAT: 1 x 1.92 us = 1.92 us
CONT: 1 x 3.72 us = 3.72 us
FLASH_ATTN_EXT dst(256,24,1,1),  q(256,1,24,1),  k(256,256,4,1),  v(256,256,4,1),  m(256,1,1,1): 1 x 13.96 us = 13.96 us (450.677 GFLOPS/s)
GET_ROWS: 3 x 4.946 us = 14.84 us
GLU: 1 x 1.92 us = 1.92 us
MUL_MAT f32 m=256 n=24 k=256: 1 x 1.64 us = 1.64 us (1914.38 GFLOPS/s)
MUL_MAT f32 m=64 n=16 k=64: 1 x 3.8 us = 3.8 us (34.2232 GFLOPS/s)
MUL_MAT f32 m=64 n=96 k=64: 1 x 3.72 us = 3.72 us (209.755 GFLOPS/s)
MUL_MAT_ADD MUL_MAT_VEC q6_K m=5120 n=1 k=17408: 1 x 123.48 us = 123.48 us (1443.58 GFLOPS/s)
MUL_MAT_ADD MUL_MAT_VEC q6_K m=5120 n=1 k=6144: 1 x 53.64 us = 53.64 us (1172.81 GFLOPS/s)
MUL_MAT_VEC f32 m=256 n=4 k=256: 1 x 3.2 us = 3.2 us (163.52 GFLOPS/s)
MUL_MAT_VEC q6_K m=1024 n=1 k=5120: 2 x 8.88 us = 17.76 us (1180.71 GFLOPS/s)
MUL_MAT_VEC q6_K m=12288 n=1 k=5120: 1 x 85.44 us = 85.44 us (1472.58 GFLOPS/s)
MUL_MAT_VEC q6_K m=17408 n=1 k=5120: 2 x 121.22 us = 242.44 us (1470.39 GFLOPS/s)
MUL_MAT_VEC q6_K m=98304 n=1 k=5120: 1 x 673.96 us = 673.96 us (1493.46 GFLOPS/s)
MUL_MAT_VEC q8_0 m=5120 n=1 k=10240: 1 x 102.08 us = 102.08 us (1027.16 GFLOPS/s)
PAD: 1 x 6.44 us = 6.44 us
RMS_NORM_MUL RMS_NORM(256,24,1,1): 1 x 5.6 us = 5.6 us
RMS_NORM_MUL RMS_NORM(256,4,1,1): 1 x 3.72 us = 3.72 us
RMS_NORM_MUL RMS_NORM(5120,1,1,1): 5 x 3.768 us = 18.84 us
ROPE: 2 x 3.72 us = 7.44 us
SET_ROWS: 2 x 2.96 us = 5.92 us
SIGMOID_MUL SIGMOID: 1 x 1.68 us = 1.68 us
TOP_K K=10 (98304,1,1,1): 1 x 9.12 us = 9.12 us
Total time: 1406.28 us.
----------------
Vulkan Timings:
ADD: 48 x 4.035 us = 193.72 us
CONT: 16 x 3.932 us = 62.92 us
FLASH_ATTN_EXT dst(256,24,5,1),  q(256,5,24,1),  k(256,256,4,1),  v(256,256,4,1),  m(256,5,1,1): 16 x 23.597 us = 377.56 us (1333.08 GFLOPS/s)
GDN_CACHE GATED_DELTA_NET: 48 x 13.874 us = 665.96 us
GDN_CONV_STATE CONCAT: 48 x 3.017 us = 144.84 us
GET_ROWS: 3 x 12.133 us = 36.4 us
GLU: 64 x 2.434 us = 155.8 us
MUL_MAT f32 m=256 n=120 k=256: 16 x 1.772 us = 28.36 us (8856.37 GFLOPS/s)
MUL_MAT f32 m=256 n=20 k=256: 16 x 3.18 us = 50.88 us (822.742 GFLOPS/s)
MUL_MAT f32 m=64 n=480 k=64: 16 x 3.907 us = 62.52 us (998.449 GFLOPS/s)
MUL_MAT f32 m=64 n=80 k=64: 16 x 3.92 us = 62.72 us (165.878 GFLOPS/s)
MUL_MAT_ADD MUL_MAT_VEC q6_K m=5120 n=5 k=17408: 64 x 130.035 us = 8322.24 us (6854.03 GFLOPS/s)
MUL_MAT_ADD MUL_MAT_VEC q6_K m=5120 n=5 k=6144: 16 x 55.865 us = 893.84 us (5630.49 GFLOPS/s)
MUL_MAT_GROUP MUL_MAT_VEC q6_K m=10240 n=5 k=5120: 47 x 118.503 us = 5569.68 us (4423.8 GFLOPS/s)
MUL_MAT_GROUP MUL_MAT_VEC q6_K m=12288 n=5 k=5120: 16 x 104.642 us = 1674.28 us (6011.75 GFLOPS/s)
MUL_MAT_GROUP MUL_MAT_VEC q6_K m=17408 n=5 k=5120: 64 x 267.381 us = 17112.4 us (3333.07 GFLOPS/s)
MUL_MAT_VEC f32 m=48 n=5 k=5120: 96 x 6.857 us = 658.28 us (358.368 GFLOPS/s)
MUL_MAT_VEC q6_K m=10240 n=5 k=5120: 1 x 79.8 us = 79.8 us (6569.38 GFLOPS/s)
MUL_MAT_VEC q6_K m=248320 n=5 k=5120: 1 x 1685.28 us = 1685.28 us (7543.4 GFLOPS/s)
MUL_MAT_VEC q6_K m=6144 n=5 k=5120: 1 x 51.88 us = 51.88 us (6062.88 GFLOPS/s)
MUL_MAT_VEC q8_0 m=5120 n=5 k=6144: 48 x 60.978 us = 2926.96 us (5158.34 GFLOPS/s)
RMS_NORM_MUL RMS_NORM(256,24,5,1): 16 x 4.037 us = 64.6 us
RMS_NORM_MUL RMS_NORM(256,4,5,1): 16 x 3.82 us = 61.12 us
RMS_NORM_MUL RMS_NORM(5120,5,1,1): 129 x 4.466 us = 576.24 us
RMS_NORM_MUL_SILU_MUL RMS_NORM(128,48,5,1): 48 x 6.239 us = 299.48 us
RMS_NORM_SCALE RMS_NORM(128,16,5,1): 96 x 2.585 us = 248.2 us
ROPE: 32 x 3.887 us = 124.4 us
SET_ROWS: 32 x 3.138 us = 100.44 us
SIGMOID_MUL SIGMOID: 16 x 3.942 us = 63.08 us
SSM_CONV_SILU SSM_CONV: 48 x 5.037 us = 241.8 us
Total time: 42595.7 us.
----------------
Vulkan Timings:
CONCAT: 1 x 3.88 us = 3.88 us
CONT: 1 x 4.08 us = 4.08 us
FLASH_ATTN_EXT dst(256,24,5,1),  q(256,5,24,1),  k(256,256,4,1),  v(256,256,4,1),  m(256,5,1,1): 1 x 24.16 us = 24.16 us (1302.04 GFLOPS/s)
GET_ROWS: 1 x 7.28 us = 7.28 us
GLU: 1 x 1.8 us = 1.8 us
MUL_MAT f32 m=256 n=120 k=256: 1 x 1.8 us = 1.8 us (8721.07 GFLOPS/s)
MUL_MAT f32 m=256 n=20 k=256: 1 x 3.44 us = 3.44 us (760.558 GFLOPS/s)
MUL_MAT f32 m=64 n=480 k=64: 1 x 4.04 us = 4.04 us (965.703 GFLOPS/s)
MUL_MAT f32 m=64 n=80 k=64: 1 x 4 us = 4 us (162.56 GFLOPS/s)
MUL_MAT_ADD MUL_MAT_VEC q6_K m=5120 n=5 k=17408: 1 x 156.66 us = 156.66 us (5689.16 GFLOPS/s)
MUL_MAT_ADD MUL_MAT_VEC q6_K m=5120 n=5 k=6144: 1 x 57.04 us = 57.04 us (5514.5 GFLOPS/s)
MUL_MAT_GROUP MUL_MAT_VEC q6_K m=12288 n=5 k=5120: 1 x 131.33 us = 131.33 us (4790.1 GFLOPS/s)
MUL_MAT_GROUP MUL_MAT_VEC q6_K m=17408 n=5 k=5120: 1 x 256.4 us = 256.4 us (3475.83 GFLOPS/s)
MUL_MAT_VEC q8_0 m=5120 n=5 k=10240: 1 x 108.4 us = 108.4 us (4836.37 GFLOPS/s)
RMS_NORM_MUL RMS_NORM(256,24,5,1): 1 x 3.92 us = 3.92 us
RMS_NORM_MUL RMS_NORM(256,4,5,1): 1 x 4 us = 4 us
RMS_NORM_MUL RMS_NORM(5120,5,1,1): 5 x 9.24 us = 46.2 us
ROPE: 2 x 4.02 us = 8.04 us
SET_ROWS: 2 x 3.14 us = 6.28 us
SIGMOID_MUL SIGMOID: 1 x 4.08 us = 4.08 us
Total time: 836.83 us.
----------------
Vulkan Timings:
CONCAT: 1 x 1.64 us = 1.64 us
CONT: 1 x 3.64 us = 3.64 us
FLASH_ATTN_EXT dst(256,24,1,1),  q(256,1,24,1),  k(256,256,4,1),  v(256,256,4,1),  m(256,1,1,1): 1 x 13.8 us = 13.8 us (455.903 GFLOPS/s)
GET_ROWS: 3 x 4.96 us = 14.88 us
GLU: 1 x 1.68 us = 1.68 us
MUL_MAT f32 m=256 n=24 k=256: 1 x 1.56 us = 1.56 us (2012.55 GFLOPS/s)
MUL_MAT f32 m=64 n=16 k=64: 1 x 1.88 us = 1.88 us (69.1745 GFLOPS/s)
MUL_MAT f32 m=64 n=96 k=64: 1 x 3.32 us = 3.32 us (235.027 GFLOPS/s)
MUL_MAT_ADD MUL_MAT_VEC q6_K m=5120 n=1 k=17408: 1 x 122.72 us = 122.72 us (1452.52 GFLOPS/s)
MUL_MAT_ADD MUL_MAT_VEC q6_K m=5120 n=1 k=6144: 1 x 47.52 us = 47.52 us (1323.85 GFLOPS/s)
MUL_MAT_VEC f32 m=256 n=4 k=256: 1 x 3.08 us = 3.08 us (169.891 GFLOPS/s)
MUL_MAT_VEC q6_K m=1024 n=1 k=5120: 2 x 8.84 us = 17.68 us (1186.06 GFLOPS/s)
MUL_MAT_VEC q6_K m=12288 n=1 k=5120: 1 x 90.76 us = 90.76 us (1386.26 GFLOPS/s)
MUL_MAT_VEC q6_K m=17408 n=1 k=5120: 2 x 121.3 us = 242.6 us (1469.42 GFLOPS/s)
MUL_MAT_VEC q6_K m=98304 n=1 k=5120: 1 x 675.2 us = 675.2 us (1490.72 GFLOPS/s)
MUL_MAT_VEC q8_0 m=5120 n=1 k=10240: 1 x 98.6 us = 98.6 us (1063.41 GFLOPS/s)
PAD: 1 x 6.4 us = 6.4 us
RMS_NORM_MUL RMS_NORM(256,24,1,1): 1 x 6.04 us = 6.04 us
RMS_NORM_MUL RMS_NORM(256,4,1,1): 1 x 5 us = 5 us
RMS_NORM_MUL RMS_NORM(5120,1,1,1): 5 x 4.512 us = 22.56 us
ROPE: 2 x 3.4 us = 6.8 us
SET_ROWS: 2 x 2.86 us = 5.72 us
SIGMOID_MUL SIGMOID: 1 x 1.68 us = 1.68 us
TOP_K K=10 (98304,1,1,1): 1 x 8.96 us = 8.96 us
Total time: 1403.72 us.
----------------
Vulkan Timings:
CONCAT: 1 x 1.68 us = 1.68 us
CONT: 1 x 3.64 us = 3.64 us
FLASH_ATTN_EXT dst(256,24,1,1),  q(256,1,24,1),  k(256,256,4,1),  v(256,256,4,1),  m(256,1,1,1): 1 x 14 us = 14 us (449.39 GFLOPS/s)
GET_ROWS: 3 x 4.853 us = 14.56 us
GLU: 1 x 1.8 us = 1.8 us
MUL_MAT f32 m=256 n=24 k=256: 1 x 1.64 us = 1.64 us (1914.38 GFLOPS/s)
MUL_MAT f32 m=64 n=16 k=64: 1 x 3.64 us = 3.64 us (35.7275 GFLOPS/s)
MUL_MAT f32 m=64 n=96 k=64: 1 x 3.68 us = 3.68 us (212.035 GFLOPS/s)
MUL_MAT_ADD MUL_MAT_VEC q6_K m=5120 n=1 k=17408: 1 x 123.08 us = 123.08 us (1448.27 GFLOPS/s)
MUL_MAT_ADD MUL_MAT_VEC q6_K m=5120 n=1 k=6144: 1 x 53.48 us = 53.48 us (1176.32 GFLOPS/s)
MUL_MAT_VEC f32 m=256 n=4 k=256: 1 x 3.04 us = 3.04 us (172.126 GFLOPS/s)
MUL_MAT_VEC q6_K m=1024 n=1 k=5120: 2 x 6.86 us = 13.72 us (1528.39 GFLOPS/s)
MUL_MAT_VEC q6_K m=12288 n=1 k=5120: 1 x 93.08 us = 93.08 us (1351.71 GFLOPS/s)
MUL_MAT_VEC q6_K m=17408 n=1 k=5120: 2 x 121.54 us = 243.08 us (1466.52 GFLOPS/s)
MUL_MAT_VEC q6_K m=98304 n=1 k=5120: 1 x 672.71 us = 672.71 us (1496.24 GFLOPS/s)
MUL_MAT_VEC q8_0 m=5120 n=1 k=10240: 1 x 101.08 us = 101.08 us (1037.32 GFLOPS/s)
PAD: 1 x 6.4 us = 6.4 us
RMS_NORM_MUL RMS_NORM(256,24,1,1): 1 x 3.64 us = 3.64 us
RMS_NORM_MUL RMS_NORM(256,4,1,1): 1 x 3.6 us = 3.6 us
RMS_NORM_MUL RMS_NORM(5120,1,1,1): 5 x 3.832 us = 19.16 us
ROPE: 2 x 3.6 us = 7.2 us
SET_ROWS: 2 x 2.9 us = 5.8 us
SIGMOID_MUL SIGMOID: 1 x 1.68 us = 1.68 us
TOP_K K=10 (98304,1,1,1): 1 x 8.96 us = 8.96 us
Total time: 1404.35 us.
----------------
Vulkan Timings:
CONCAT: 1 x 1.64 us = 1.64 us
CONT: 1 x 3.6 us = 3.6 us
FLASH_ATTN_EXT dst(256,24,1,1),  q(256,1,24,1),  k(256,256,4,1),  v(256,256,4,1),  m(256,1,1,1): 1 x 14 us = 14 us (449.39 GFLOPS/s)
GET_ROWS: 3 x 4.84 us = 14.52 us
GLU: 1 x 1.84 us = 1.84 us
MUL_MAT f32 m=256 n=24 k=256: 1 x 1.68 us = 1.68 us (1868.8 GFLOPS/s)
MUL_MAT f32 m=64 n=16 k=64: 1 x 3.64 us = 3.64 us (35.7275 GFLOPS/s)
MUL_MAT f32 m=64 n=96 k=64: 1 x 3.56 us = 3.56 us (219.182 GFLOPS/s)
MUL_MAT_ADD MUL_MAT_VEC q6_K m=5120 n=1 k=17408: 1 x 123.48 us = 123.48 us (1443.58 GFLOPS/s)
MUL_MAT_ADD MUL_MAT_VEC q6_K m=5120 n=1 k=6144: 1 x 54.16 us = 54.16 us (1161.55 GFLOPS/s)
MUL_MAT_VEC f32 m=256 n=4 k=256: 1 x 2.96 us = 2.96 us (176.778 GFLOPS/s)
MUL_MAT_VEC q6_K m=1024 n=1 k=5120: 2 x 6.92 us = 13.84 us (1515.14 GFLOPS/s)
MUL_MAT_VEC q6_K m=12288 n=1 k=5120: 1 x 92.96 us = 92.96 us (1353.45 GFLOPS/s)
MUL_MAT_VEC q6_K m=17408 n=1 k=5120: 2 x 121.3 us = 242.6 us (1469.42 GFLOPS/s)
MUL_MAT_VEC q6_K m=98304 n=1 k=5120: 1 x 673.41 us = 673.41 us (1494.68 GFLOPS/s)
MUL_MAT_VEC q8_0 m=5120 n=1 k=10240: 1 x 100.88 us = 100.88 us (1039.38 GFLOPS/s)
PAD: 1 x 6.36 us = 6.36 us
RMS_NORM_MUL RMS_NORM(256,24,1,1): 1 x 3.6 us = 3.6 us
RMS_NORM_MUL RMS_NORM(256,4,1,1): 1 x 3.6 us = 3.6 us
RMS_NORM_MUL RMS_NORM(5120,1,1,1): 5 x 3.752 us = 18.76 us
ROPE: 2 x 3.58 us = 7.16 us
SET_ROWS: 2 x 2.88 us = 5.76 us
SIGMOID_MUL SIGMOID: 1 x 1.68 us = 1.68 us
TOP_K K=10 (98304,1,1,1): 1 x 9.16 us = 9.16 us
Total time: 1404.85 us.
----------------
Vulkan Timings:
CONCAT: 1 x 1.64 us = 1.64 us
CONT: 1 x 3.56 us = 3.56 us
FLASH_ATTN_EXT dst(256,24,1,1),  q(256,1,24,1),  k(256,256,4,1),  v(256,256,4,1),  m(256,1,1,1): 1 x 16.28 us = 16.28 us (386.453 GFLOPS/s)
GET_ROWS: 3 x 4.946 us = 14.84 us
GLU: 1 x 1.72 us = 1.72 us
MUL_MAT f32 m=256 n=24 k=256: 1 x 1.64 us = 1.64 us (1914.38 GFLOPS/s)
MUL_MAT f32 m=64 n=16 k=64: 1 x 3.6 us = 3.6 us (36.1244 GFLOPS/s)
MUL_MAT f32 m=64 n=96 k=64: 1 x 3.6 us = 3.6 us (216.747 GFLOPS/s)
MUL_MAT_ADD MUL_MAT_VEC q6_K m=5120 n=1 k=17408: 1 x 123.4 us = 123.4 us (1444.51 GFLOPS/s)
MUL_MAT_ADD MUL_MAT_VEC q6_K m=5120 n=1 k=6144: 1 x 53.56 us = 53.56 us (1174.56 GFLOPS/s)
MUL_MAT_VEC f32 m=256 n=4 k=256: 1 x 3 us = 3 us (174.421 GFLOPS/s)
MUL_MAT_VEC q6_K m=1024 n=1 k=5120: 2 x 6.88 us = 13.76 us (1523.94 GFLOPS/s)
MUL_MAT_VEC q6_K m=12288 n=1 k=5120: 1 x 93.12 us = 93.12 us (1351.13 GFLOPS/s)
MUL_MAT_VEC q6_K m=17408 n=1 k=5120: 2 x 121.24 us = 242.48 us (1470.15 GFLOPS/s)
MUL_MAT_VEC q6_K m=98304 n=1 k=5120: 1 x 673.07 us = 673.07 us (1495.44 GFLOPS/s)
MUL_MAT_VEC q8_0 m=5120 n=1 k=10240: 1 x 102.32 us = 102.32 us (1024.75 GFLOPS/s)
PAD: 1 x 6.36 us = 6.36 us
RMS_NORM_MUL RMS_NORM(256,24,1,1): 1 x 3.64 us = 3.64 us
RMS_NORM_MUL RMS_NORM(256,4,1,1): 1 x 3.6 us = 3.6 us
RMS_NORM_MUL RMS_NORM(5120,1,1,1): 5 x 3.76 us = 18.8 us
ROPE: 2 x 3.6 us = 7.2 us
SET_ROWS: 2 x 2.02 us = 4.04 us
SIGMOID_MUL SIGMOID: 1 x 1.68 us = 1.68 us
TOP_K K=10 (98304,1,1,1): 1 x 9.2 us = 9.2 us
Total time: 1406.11 us.
----------------
Vulkan Timings:
ADD: 48 x 3.826 us = 183.68 us
CONT: 16 x 3.727 us = 59.64 us
FLASH_ATTN_EXT dst(256,24,5,1),  q(256,5,24,1),  k(256,256,4,1),  v(256,256,4,1),  m(256,5,1,1): 16 x 23.55 us = 376.8 us (1335.77 GFLOPS/s)
GDN_CACHE GATED_DELTA_NET: 48 x 14.625 us = 702.04 us
GDN_CONV_STATE CONCAT: 48 x 3.124 us = 149.96 us
GET_ROWS: 3 x 11.706 us = 35.12 us
GLU: 64 x 2.302 us = 147.36 us
MUL_MAT f32 m=256 n=120 k=256: 16 x 1.752 us = 28.04 us (8957.44 GFLOPS/s)
MUL_MAT f32 m=256 n=20 k=256: 16 x 2.987 us = 47.8 us (875.756 GFLOPS/s)
MUL_MAT f32 m=64 n=480 k=64: 16 x 3.707 us = 59.32 us (1052.31 GFLOPS/s)
MUL_MAT f32 m=64 n=80 k=64: 16 x 3.692 us = 59.08 us (176.097 GFLOPS/s)
MUL_MAT_ADD MUL_MAT_VEC q6_K m=5120 n=5 k=17408: 64 x 129.656 us = 8298 us (6874.05 GFLOPS/s)
MUL_MAT_ADD MUL_MAT_VEC q6_K m=5120 n=5 k=6144: 16 x 55.487 us = 887.8 us (5668.79 GFLOPS/s)
MUL_MAT_GROUP MUL_MAT_VEC q6_K m=10240 n=5 k=5120: 47 x 118.288 us = 5559.56 us (4431.85 GFLOPS/s)
MUL_MAT_GROUP MUL_MAT_VEC q6_K m=12288 n=5 k=5120: 16 x 104.462 us = 1671.4 us (6022.11 GFLOPS/s)
MUL_MAT_GROUP MUL_MAT_VEC q6_K m=17408 n=5 k=5120: 64 x 266.888 us = 17080.8 us (3339.24 GFLOPS/s)
MUL_MAT_VEC f32 m=48 n=5 k=5120: 96 x 6.415 us = 615.88 us (383.04 GFLOPS/s)
MUL_MAT_VEC q6_K m=10240 n=5 k=5120: 1 x 79.72 us = 79.72 us (6575.98 GFLOPS/s)
MUL_MAT_VEC q6_K m=248320 n=5 k=5120: 1 x 1687.24 us = 1687.24 us (7534.64 GFLOPS/s)
MUL_MAT_VEC q6_K m=6144 n=5 k=5120: 1 x 50.32 us = 50.32 us (6250.84 GFLOPS/s)
MUL_MAT_VEC q8_0 m=5120 n=5 k=6144: 48 x 60.618 us = 2909.68 us (5188.98 GFLOPS/s)
RMS_NORM_MUL RMS_NORM(256,24,5,1): 16 x 3.822 us = 61.16 us
RMS_NORM_MUL RMS_NORM(256,4,5,1): 16 x 3.64 us = 58.24 us
RMS_NORM_MUL RMS_NORM(5120,5,1,1): 129 x 4.315 us = 556.76 us
RMS_NORM_MUL_SILU_MUL RMS_NORM(128,48,5,1): 48 x 5.855 us = 281.08 us
RMS_NORM_SCALE RMS_NORM(128,16,5,1): 96 x 2.447 us = 234.92 us
ROPE: 32 x 3.666 us = 117.32 us
SET_ROWS: 32 x 2.968 us = 95 us
SIGMOID_MUL SIGMOID: 16 x 3.72 us = 59.52 us
SSM_CONV_SILU SSM_CONV: 48 x 4.81 us = 230.88 us
Total time: 42384.2 us.
----------------
Vulkan Timings:
CONCAT: 1 x 4.04 us = 4.04 us
CONT: 1 x 3.8 us = 3.8 us
FLASH_ATTN_EXT dst(256,24,5,1),  q(256,5,24,1),  k(256,256,4,1),  v(256,256,4,1),  m(256,5,1,1): 1 x 24.24 us = 24.24 us (1297.74 GFLOPS/s)
GET_ROWS: 1 x 6.92 us = 6.92 us
GLU: 1 x 1.84 us = 1.84 us
MUL_MAT f32 m=256 n=120 k=256: 1 x 1.76 us = 1.76 us (8919.27 GFLOPS/s)
MUL_MAT f32 m=256 n=20 k=256: 1 x 3.24 us = 3.24 us (807.506 GFLOPS/s)
MUL_MAT f32 m=64 n=480 k=64: 1 x 3.84 us = 3.84 us (1016 GFLOPS/s)
MUL_MAT f32 m=64 n=80 k=64: 1 x 3.84 us = 3.84 us (169.333 GFLOPS/s)
MUL_MAT_ADD MUL_MAT_VEC q6_K m=5120 n=5 k=17408: 1 x 158.33 us = 158.33 us (5629.15 GFLOPS/s)
MUL_MAT_ADD MUL_MAT_VEC q6_K m=5120 n=5 k=6144: 1 x 56.48 us = 56.48 us (5569.18 GFLOPS/s)
MUL_MAT_GROUP MUL_MAT_VEC q6_K m=12288 n=5 k=5120: 1 x 132.07 us = 132.07 us (4763.26 GFLOPS/s)
MUL_MAT_GROUP MUL_MAT_VEC q6_K m=17408 n=5 k=5120: 1 x 255.52 us = 255.52 us (3487.8 GFLOPS/s)
MUL_MAT_VEC q8_0 m=5120 n=5 k=10240: 1 x 107.36 us = 107.36 us (4883.22 GFLOPS/s)
RMS_NORM_MUL RMS_NORM(256,24,5,1): 1 x 3.76 us = 3.76 us
RMS_NORM_MUL RMS_NORM(256,4,5,1): 1 x 3.84 us = 3.84 us
RMS_NORM_MUL RMS_NORM(5120,5,1,1): 5 x 9.186 us = 45.93 us
ROPE: 2 x 3.86 us = 7.72 us
SET_ROWS: 2 x 3 us = 6 us
SIGMOID_MUL SIGMOID: 1 x 3.84 us = 3.84 us
Total time: 834.37 us.
----------------
Vulkan Timings:
CONCAT: 1 x 1.72 us = 1.72 us
CONT: 1 x 3.76 us = 3.76 us
FLASH_ATTN_EXT dst(256,24,1,1),  q(256,1,24,1),  k(256,256,4,1),  v(256,256,4,1),  m(256,1,1,1): 1 x 13.84 us = 13.84 us (454.585 GFLOPS/s)
GET_ROWS: 3 x 5.026 us = 15.08 us
GLU: 1 x 1.72 us = 1.72 us
MUL_MAT f32 m=256 n=24 k=256: 1 x 1.64 us = 1.64 us (1914.38 GFLOPS/s)
MUL_MAT f32 m=64 n=16 k=64: 1 x 1.88 us = 1.88 us (69.1745 GFLOPS/s)
MUL_MAT f32 m=64 n=96 k=64: 1 x 3.44 us = 3.44 us (226.828 GFLOPS/s)
MUL_MAT_ADD MUL_MAT_VEC q6_K m=5120 n=1 k=17408: 1 x 123.32 us = 123.32 us (1445.45 GFLOPS/s)
MUL_MAT_ADD MUL_MAT_VEC q6_K m=5120 n=1 k=6144: 1 x 47.88 us = 47.88 us (1313.9 GFLOPS/s)
MUL_MAT_VEC f32 m=256 n=4 k=256: 1 x 3.24 us = 3.24 us (161.501 GFLOPS/s)
MUL_MAT_VEC q6_K m=1024 n=1 k=5120: 2 x 8.94 us = 17.88 us (1172.79 GFLOPS/s)
MUL_MAT_VEC q6_K m=12288 n=1 k=5120: 1 x 89.44 us = 89.44 us (1406.72 GFLOPS/s)
MUL_MAT_VEC q6_K m=17408 n=1 k=5120: 2 x 124.5 us = 249 us (1431.65 GFLOPS/s)
MUL_MAT_VEC q6_K m=98304 n=1 k=5120: 1 x 674.19 us = 674.19 us (1492.95 GFLOPS/s)
MUL_MAT_VEC q8_0 m=5120 n=1 k=10240: 1 x 100.48 us = 100.48 us (1043.52 GFLOPS/s)
PAD: 1 x 6.56 us = 6.56 us
RMS_NORM_MUL RMS_NORM(256,24,1,1): 1 x 6.28 us = 6.28 us
RMS_NORM_MUL RMS_NORM(256,4,1,1): 1 x 5.32 us = 5.32 us
RMS_NORM_MUL RMS_NORM(5120,1,1,1): 5 x 4.264 us = 21.32 us
ROPE: 2 x 3.62 us = 7.24 us
SET_ROWS: 2 x 2.96 us = 5.92 us
SIGMOID_MUL SIGMOID: 1 x 1.56 us = 1.56 us
TOP_K K=10 (98304,1,1,1): 1 x 9.48 us = 9.48 us
Total time: 1412.19 us.
----------------
Vulkan Timings:
CONCAT: 1 x 1.64 us = 1.64 us
CONT: 1 x 3.8 us = 3.8 us
FLASH_ATTN_EXT dst(256,24,1,1),  q(256,1,24,1),  k(256,256,4,1),  v(256,256,4,1),  m(256,1,1,1): 1 x 13.84 us = 13.84 us (454.585 GFLOPS/s)
GET_ROWS: 3 x 4.92 us = 14.76 us
GLU: 1 x 1.72 us = 1.72 us
MUL_MAT f32 m=256 n=24 k=256: 1 x 1.64 us = 1.64 us (1914.38 GFLOPS/s)
MUL_MAT f32 m=64 n=16 k=64: 1 x 3.76 us = 3.76 us (34.5872 GFLOPS/s)
MUL_MAT f32 m=64 n=96 k=64: 1 x 3.8 us = 3.8 us (205.339 GFLOPS/s)
MUL_MAT_ADD MUL_MAT_VEC q6_K m=5120 n=1 k=17408: 1 x 123.44 us = 123.44 us (1444.04 GFLOPS/s)
MUL_MAT_ADD MUL_MAT_VEC q6_K m=5120 n=1 k=6144: 1 x 53.48 us = 53.48 us (1176.32 GFLOPS/s)
MUL_MAT_VEC f32 m=256 n=4 k=256: 1 x 3.2 us = 3.2 us (163.52 GFLOPS/s)
MUL_MAT_VEC q6_K m=1024 n=1 k=5120: 2 x 9.96 us = 19.92 us (1052.68 GFLOPS/s)
MUL_MAT_VEC q6_K m=12288 n=1 k=5120: 1 x 85.8 us = 85.8 us (1466.4 GFLOPS/s)
MUL_MAT_VEC q6_K m=17408 n=1 k=5120: 2 x 121.12 us = 242.24 us (1471.6 GFLOPS/s)
MUL_MAT_VEC q6_K m=98304 n=1 k=5120: 1 x 675.29 us = 675.29 us (1490.52 GFLOPS/s)
MUL_MAT_VEC q8_0 m=5120 n=1 k=10240: 1 x 101.4 us = 101.4 us (1034.05 GFLOPS/s)
PAD: 1 x 6.52 us = 6.52 us
RMS_NORM_MUL RMS_NORM(256,24,1,1): 1 x 3.8 us = 3.8 us
RMS_NORM_MUL RMS_NORM(256,4,1,1): 1 x 3.8 us = 3.8 us
RMS_NORM_MUL RMS_NORM(5120,1,1,1): 5 x 3.808 us = 19.04 us
ROPE: 2 x 3.78 us = 7.56 us
SET_ROWS: 2 x 3 us = 6 us
SIGMOID_MUL SIGMOID: 1 x 1.72 us = 1.72 us
TOP_K K=10 (98304,1,1,1): 1 x 9.36 us = 9.36 us
Total time: 1407.53 us.
----------------
Vulkan Timings:
CONCAT: 1 x 1.68 us = 1.68 us
CONT: 1 x 3.76 us = 3.76 us
FLASH_ATTN_EXT dst(256,24,1,1),  q(256,1,24,1),  k(256,256,4,1),  v(256,256,4,1),  m(256,1,1,1): 1 x 13.72 us = 13.72 us (458.561 GFLOPS/s)
GET_ROWS: 3 x 4.986 us = 14.96 us
GLU: 1 x 1.8 us = 1.8 us
MUL_MAT f32 m=256 n=24 k=256: 1 x 1.6 us = 1.6 us (1962.24 GFLOPS/s)
MUL_MAT f32 m=64 n=16 k=64: 1 x 3.72 us = 3.72 us (34.9591 GFLOPS/s)
MUL_MAT f32 m=64 n=96 k=64: 1 x 3.72 us = 3.72 us (209.755 GFLOPS/s)
MUL_MAT_ADD MUL_MAT_VEC q6_K m=5120 n=1 k=17408: 1 x 123.2 us = 123.2 us (1446.86 GFLOPS/s)
MUL_MAT_ADD MUL_MAT_VEC q6_K m=5120 n=1 k=6144: 1 x 53.88 us = 53.88 us (1167.58 GFLOPS/s)
MUL_MAT_VEC f32 m=256 n=4 k=256: 1 x 3.16 us = 3.16 us (165.59 GFLOPS/s)
MUL_MAT_VEC q6_K m=1024 n=1 k=5120: 2 x 8.78 us = 17.56 us (1194.16 GFLOPS/s)
MUL_MAT_VEC q6_K m=12288 n=1 k=5120: 1 x 85.6 us = 85.6 us (1469.82 GFLOPS/s)
MUL_MAT_VEC q6_K m=17408 n=1 k=5120: 2 x 120.94 us = 241.88 us (1473.79 GFLOPS/s)
MUL_MAT_VEC q6_K m=98304 n=1 k=5120: 1 x 671.45 us = 671.45 us (1499.05 GFLOPS/s)
MUL_MAT_VEC q8_0 m=5120 n=1 k=10240: 1 x 101.84 us = 101.84 us (1029.58 GFLOPS/s)
PAD: 1 x 6.52 us = 6.52 us
RMS_NORM_MUL RMS_NORM(256,24,1,1): 1 x 5.56 us = 5.56 us
RMS_NORM_MUL RMS_NORM(256,4,1,1): 1 x 3.72 us = 3.72 us
RMS_NORM_MUL RMS_NORM(5120,1,1,1): 5 x 3.72 us = 18.6 us
ROPE: 2 x 3.72 us = 7.44 us
SET_ROWS: 2 x 3 us = 6 us
SIGMOID_MUL SIGMOID: 1 x 1.72 us = 1.72 us
TOP_K K=10 (98304,1,1,1): 1 x 9.2 us = 9.2 us
Total time: 1402.29 us.
----------------
Vulkan Timings:
CONCAT: 1 x 1.68 us = 1.68 us
CONT: 1 x 3.76 us = 3.76 us
FLASH_ATTN_EXT dst(256,24,1,1),  q(256,1,24,1),  k(256,256,4,1),  v(256,256,4,1),  m(256,1,1,1): 1 x 13.84 us = 13.84 us (454.585 GFLOPS/s)
GET_ROWS: 3 x 5.026 us = 15.08 us
GLU: 1 x 1.8 us = 1.8 us
MUL_MAT f32 m=256 n=24 k=256: 1 x 1.72 us = 1.72 us (1825.34 GFLOPS/s)
MUL_MAT f32 m=64 n=16 k=64: 1 x 3.76 us = 3.76 us (34.5872 GFLOPS/s)
MUL_MAT f32 m=64 n=96 k=64: 1 x 3.72 us = 3.72 us (209.755 GFLOPS/s)
MUL_MAT_ADD MUL_MAT_VEC q6_K m=5120 n=1 k=17408: 1 x 123.04 us = 123.04 us (1448.74 GFLOPS/s)
MUL_MAT_ADD MUL_MAT_VEC q6_K m=5120 n=1 k=6144: 1 x 53.52 us = 53.52 us (1175.44 GFLOPS/s)
MUL_MAT_VEC f32 m=256 n=4 k=256: 1 x 3.12 us = 3.12 us (167.713 GFLOPS/s)
MUL_MAT_VEC q6_K m=1024 n=1 k=5120: 2 x 8.82 us = 17.64 us (1188.75 GFLOPS/s)
MUL_MAT_VEC q6_K m=12288 n=1 k=5120: 1 x 85.52 us = 85.52 us (1471.2 GFLOPS/s)
MUL_MAT_VEC q6_K m=17408 n=1 k=5120: 2 x 121.52 us = 243.04 us (1466.76 GFLOPS/s)
MUL_MAT_VEC q6_K m=98304 n=1 k=5120: 1 x 674.8 us = 674.8 us (1491.6 GFLOPS/s)
MUL_MAT_VEC q8_0 m=5120 n=1 k=10240: 1 x 101.08 us = 101.08 us (1037.32 GFLOPS/s)
PAD: 1 x 6.52 us = 6.52 us
RMS_NORM_MUL RMS_NORM(256,24,1,1): 1 x 5.56 us = 5.56 us
RMS_NORM_MUL RMS_NORM(256,4,1,1): 1 x 3.76 us = 3.76 us
RMS_NORM_MUL RMS_NORM(5120,1,1,1): 5 x 3.728 us = 18.64 us
ROPE: 2 x 3.76 us = 7.52 us
SET_ROWS: 2 x 2.98 us = 5.96 us
SIGMOID_MUL SIGMOID: 1 x 1.64 us = 1.64 us
TOP_K K=10 (98304,1,1,1): 1 x 9.24 us = 9.24 us
Total time: 1405.96 us.
----------------
Vulkan Timings:
ADD: 48 x 4.09 us = 196.36 us
CONT: 16 x 3.977 us = 63.64 us
FLASH_ATTN_EXT dst(256,24,5,1),  q(256,5,24,1),  k(256,256,4,1),  v(256,256,4,1),  m(256,5,1,1): 16 x 24.305 us = 388.88 us (1294.27 GFLOPS/s)
GDN_CACHE GATED_DELTA_NET: 48 x 13.925 us = 668.44 us
GDN_CONV_STATE CONCAT: 48 x 3.075 us = 147.64 us
GET_ROWS: 3 x 12 us = 36 us
GLU: 64 x 2.238 us = 143.28 us
MUL_MAT f32 m=256 n=120 k=256: 16 x 1.785 us = 28.56 us (8794.35 GFLOPS/s)
MUL_MAT f32 m=256 n=20 k=256: 16 x 3.205 us = 51.28 us (816.324 GFLOPS/s)
MUL_MAT f32 m=64 n=480 k=64: 16 x 3.95 us = 63.2 us (987.706 GFLOPS/s)
MUL_MAT f32 m=64 n=80 k=64: 16 x 3.95 us = 63.2 us (164.618 GFLOPS/s)
MUL_MAT_ADD MUL_MAT_VEC q6_K m=5120 n=5 k=17408: 64 x 130.441 us = 8348.28 us (6832.65 GFLOPS/s)
MUL_MAT_ADD MUL_MAT_VEC q6_K m=5120 n=5 k=6144: 16 x 56.33 us = 901.28 us (5584.01 GFLOPS/s)
MUL_MAT_GROUP MUL_MAT_VEC q6_K m=10240 n=5 k=5120: 47 x 118.743 us = 5580.96 us (4414.86 GFLOPS/s)
MUL_MAT_GROUP MUL_MAT_VEC q6_K m=12288 n=5 k=5120: 16 x 104.857 us = 1677.72 us (5999.42 GFLOPS/s)
MUL_MAT_GROUP MUL_MAT_VEC q6_K m=17408 n=5 k=5120: 64 x 266.605 us = 17062.7 us (3342.78 GFLOPS/s)
MUL_MAT_VEC f32 m=48 n=5 k=5120: 96 x 6.782 us = 651.08 us (362.331 GFLOPS/s)
MUL_MAT_VEC q6_K m=10240 n=5 k=5120: 1 x 79.88 us = 79.88 us (6562.8 GFLOPS/s)
MUL_MAT_VEC q6_K m=248320 n=5 k=5120: 1 x 1686.04 us = 1686.04 us (7540 GFLOPS/s)
MUL_MAT_VEC q6_K m=6144 n=5 k=5120: 1 x 51 us = 51 us (6167.49 GFLOPS/s)
MUL_MAT_VEC q8_0 m=5120 n=5 k=6144: 48 x 61.061 us = 2930.96 us (5151.3 GFLOPS/s)
RMS_NORM_MUL RMS_NORM(256,24,5,1): 16 x 4.087 us = 65.4 us
RMS_NORM_MUL RMS_NORM(256,4,5,1): 16 x 3.87 us = 61.92 us
RMS_NORM_MUL RMS_NORM(5120,5,1,1): 129 x 4.483 us = 578.32 us
RMS_NORM_MUL_SILU_MUL RMS_NORM(128,48,5,1): 48 x 6.32 us = 303.36 us
RMS_NORM_SCALE RMS_NORM(128,16,5,1): 96 x 2.64 us = 253.52 us
ROPE: 32 x 3.935 us = 125.92 us
SET_ROWS: 32 x 2.99 us = 95.68 us
SIGMOID_MUL SIGMOID: 16 x 3.965 us = 63.44 us
SSM_CONV_SILU SSM_CONV: 48 x 5.097 us = 244.68 us
Total time: 42612.6 us.
----------------
Vulkan Timings:
CONCAT: 1 x 3.84 us = 3.84 us
CONT: 1 x 4.08 us = 4.08 us
FLASH_ATTN_EXT dst(256,24,5,1),  q(256,5,24,1),  k(256,256,4,1),  v(256,256,4,1),  m(256,5,1,1): 1 x 24.4 us = 24.4 us (1289.23 GFLOPS/s)
GET_ROWS: 1 x 7.48 us = 7.48 us
GLU: 1 x 1.76 us = 1.76 us
MUL_MAT f32 m=256 n=120 k=256: 1 x 1.76 us = 1.76 us (8919.27 GFLOPS/s)
MUL_MAT f32 m=256 n=20 k=256: 1 x 3.44 us = 3.44 us (760.558 GFLOPS/s)
MUL_MAT f32 m=64 n=480 k=64: 1 x 4.08 us = 4.08 us (956.235 GFLOPS/s)
MUL_MAT f32 m=64 n=80 k=64: 1 x 4.04 us = 4.04 us (160.95 GFLOPS/s)
MUL_MAT_ADD MUL_MAT_VEC q6_K m=5120 n=5 k=17408: 1 x 157.96 us = 157.96 us (5642.34 GFLOPS/s)
MUL_MAT_ADD MUL_MAT_VEC q6_K m=5120 n=5 k=6144: 1 x 56 us = 56 us (5616.91 GFLOPS/s)
MUL_MAT_GROUP MUL_MAT_VEC q6_K m=12288 n=5 k=5120: 1 x 130.54 us = 130.54 us (4819.09 GFLOPS/s)
MUL_MAT_GROUP MUL_MAT_VEC q6_K m=17408 n=5 k=5120: 1 x 256.64 us = 256.64 us (3472.58 GFLOPS/s)
MUL_MAT_VEC q8_0 m=5120 n=5 k=10240: 1 x 107.56 us = 107.56 us (4874.14 GFLOPS/s)
RMS_NORM_MUL RMS_NORM(256,24,5,1): 1 x 3.96 us = 3.96 us
RMS_NORM_MUL RMS_NORM(256,4,5,1): 1 x 4 us = 4 us
RMS_NORM_MUL RMS_NORM(5120,5,1,1): 5 x 9.288 us = 46.44 us
ROPE: 2 x 4.04 us = 8.08 us
SET_ROWS: 2 x 3.14 us = 6.28 us
SIGMOID_MUL SIGMOID: 1 x 4.12 us = 4.12 us
Total time: 836.46 us.
----------------
Vulkan Timings:
CONCAT: 1 x 1.68 us = 1.68 us
CONT: 1 x 3.6 us = 3.6 us
FLASH_ATTN_EXT dst(256,24,1,1),  q(256,1,24,1),  k(256,256,4,1),  v(256,256,4,1),  m(256,1,1,1): 1 x 14.16 us = 14.16 us (444.312 GFLOPS/s)
GET_ROWS: 3 x 5.813 us = 17.44 us
GLU: 1 x 1.64 us = 1.64 us
MUL_MAT f32 m=256 n=24 k=256: 1 x 1.56 us = 1.56 us (2012.55 GFLOPS/s)
MUL_MAT f32 m=64 n=16 k=64: 1 x 1.92 us = 1.92 us (67.7333 GFLOPS/s)
MUL_MAT f32 m=64 n=96 k=64: 1 x 3.36 us = 3.36 us (232.229 GFLOPS/s)
MUL_MAT_ADD MUL_MAT_VEC q6_K m=5120 n=1 k=17408: 1 x 123.08 us = 123.08 us (1448.27 GFLOPS/s)
MUL_MAT_ADD MUL_MAT_VEC q6_K m=5120 n=1 k=6144: 1 x 48.32 us = 48.32 us (1301.93 GFLOPS/s)
MUL_MAT_VEC f32 m=256 n=4 k=256: 1 x 3.12 us = 3.12 us (167.713 GFLOPS/s)
MUL_MAT_VEC q6_K m=1024 n=1 k=5120: 2 x 8.84 us = 17.68 us (1186.06 GFLOPS/s)
MUL_MAT_VEC q6_K m=12288 n=1 k=5120: 1 x 90.32 us = 90.32 us (1393.01 GFLOPS/s)
MUL_MAT_VEC q6_K m=17408 n=1 k=5120: 2 x 121.92 us = 243.84 us (1461.95 GFLOPS/s)
MUL_MAT_VEC q6_K m=98304 n=1 k=5120: 1 x 674.75 us = 674.75 us (1491.71 GFLOPS/s)
MUL_MAT_VEC q8_0 m=5120 n=1 k=10240: 1 x 98.12 us = 98.12 us (1068.61 GFLOPS/s)
PAD: 1 x 8.64 us = 8.64 us
RMS_NORM_MUL RMS_NORM(256,24,1,1): 1 x 6.08 us = 6.08 us
RMS_NORM_MUL RMS_NORM(256,4,1,1): 1 x 5.08 us = 5.08 us
RMS_NORM_MUL RMS_NORM(5120,1,1,1): 5 x 4.44 us = 22.2 us
ROPE: 2 x 3.46 us = 6.92 us
SET_ROWS: 2 x 2.9 us = 5.8 us
SIGMOID_MUL SIGMOID: 1 x 1.64 us = 1.64 us
TOP_K K=10 (98304,1,1,1): 1 x 6.88 us = 6.88 us
Total time: 1407.83 us.
----------------
Vulkan Timings:
CONCAT: 1 x 1.72 us = 1.72 us
CONT: 1 x 3.72 us = 3.72 us
FLASH_ATTN_EXT dst(256,24,1,1),  q(256,1,24,1),  k(256,256,4,1),  v(256,256,4,1),  m(256,1,1,1): 1 x 13.96 us = 13.96 us (450.677 GFLOPS/s)
GET_ROWS: 3 x 4.866 us = 14.6 us
GLU: 1 x 1.76 us = 1.76 us
MUL_MAT f32 m=256 n=24 k=256: 1 x 1.64 us = 1.64 us (1914.38 GFLOPS/s)
MUL_MAT f32 m=64 n=16 k=64: 1 x 3.64 us = 3.64 us (35.7275 GFLOPS/s)
MUL_MAT f32 m=64 n=96 k=64: 1 x 3.68 us = 3.68 us (212.035 GFLOPS/s)
MUL_MAT_ADD MUL_MAT_VEC q6_K m=5120 n=1 k=17408: 1 x 124.08 us = 124.08 us (1436.6 GFLOPS/s)
MUL_MAT_ADD MUL_MAT_VEC q6_K m=5120 n=1 k=6144: 1 x 53.32 us = 53.32 us (1179.85 GFLOPS/s)
MUL_MAT_VEC f32 m=256 n=4 k=256: 1 x 3.08 us = 3.08 us (169.891 GFLOPS/s)
MUL_MAT_VEC q6_K m=1024 n=1 k=5120: 2 x 6.96 us = 13.92 us (1506.43 GFLOPS/s)
MUL_MAT_VEC q6_K m=12288 n=1 k=5120: 1 x 93.4 us = 93.4 us (1347.08 GFLOPS/s)
MUL_MAT_VEC q6_K m=17408 n=1 k=5120: 2 x 121.14 us = 242.28 us (1471.36 GFLOPS/s)
MUL_MAT_VEC q6_K m=98304 n=1 k=5120: 1 x 671.37 us = 671.37 us (1499.22 GFLOPS/s)
MUL_MAT_VEC q8_0 m=5120 n=1 k=10240: 1 x 100.72 us = 100.72 us (1041.03 GFLOPS/s)
PAD: 1 x 6.4 us = 6.4 us
RMS_NORM_MUL RMS_NORM(256,24,1,1): 1 x 3.68 us = 3.68 us
RMS_NORM_MUL RMS_NORM(256,4,1,1): 1 x 3.64 us = 3.64 us
RMS_NORM_MUL RMS_NORM(5120,1,1,1): 5 x 3.856 us = 19.28 us
ROPE: 2 x 3.64 us = 7.28 us
SET_ROWS: 2 x 2.94 us = 5.88 us
SIGMOID_MUL SIGMOID: 1 x 1.76 us = 1.76 us
TOP_K K=10 (98304,1,1,1): 1 x 9.12 us = 9.12 us
Total time: 1403.93 us.
----------------
Vulkan Timings:
CONCAT: 1 x 1.72 us = 1.72 us
CONT: 1 x 3.64 us = 3.64 us
FLASH_ATTN_EXT dst(256,24,1,1),  q(256,1,24,1),  k(256,256,4,1),  v(256,256,4,1),  m(256,1,1,1): 1 x 13.8 us = 13.8 us (455.903 GFLOPS/s)
GET_ROWS: 3 x 4.826 us = 14.48 us
GLU: 1 x 1.84 us = 1.84 us
MUL_MAT f32 m=256 n=24 k=256: 1 x 1.68 us = 1.68 us (1868.8 GFLOPS/s)
MUL_MAT f32 m=64 n=16 k=64: 1 x 3.64 us = 3.64 us (35.7275 GFLOPS/s)
MUL_MAT f32 m=64 n=96 k=64: 1 x 3.6 us = 3.6 us (216.747 GFLOPS/s)
MUL_MAT_ADD MUL_MAT_VEC q6_K m=5120 n=1 k=17408: 1 x 123.56 us = 123.56 us (1442.64 GFLOPS/s)
MUL_MAT_ADD MUL_MAT_VEC q6_K m=5120 n=1 k=6144: 1 x 53.08 us = 53.08 us (1185.18 GFLOPS/s)
MUL_MAT_VEC f32 m=256 n=4 k=256: 1 x 3.04 us = 3.04 us (172.126 GFLOPS/s)
MUL_MAT_VEC q6_K m=1024 n=1 k=5120: 2 x 6.88 us = 13.76 us (1523.94 GFLOPS/s)
MUL_MAT_VEC q6_K m=12288 n=1 k=5120: 1 x 92.96 us = 92.96 us (1353.45 GFLOPS/s)
MUL_MAT_VEC q6_K m=17408 n=1 k=5120: 2 x 121.32 us = 242.64 us (1469.18 GFLOPS/s)
MUL_MAT_VEC q6_K m=98304 n=1 k=5120: 1 x 671.27 us = 671.27 us (1499.45 GFLOPS/s)
MUL_MAT_VEC q8_0 m=5120 n=1 k=10240: 1 x 100.68 us = 100.68 us (1041.44 GFLOPS/s)
PAD: 1 x 6.32 us = 6.32 us
RMS_NORM_MUL RMS_NORM(256,24,1,1): 1 x 3.64 us = 3.64 us
RMS_NORM_MUL RMS_NORM(256,4,1,1): 1 x 3.68 us = 3.68 us
RMS_NORM_MUL RMS_NORM(5120,1,1,1): 5 x 3.752 us = 18.76 us
ROPE: 2 x 3.6 us = 7.2 us
SET_ROWS: 2 x 2.9 us = 5.8 us
SIGMOID_MUL SIGMOID: 1 x 1.64 us = 1.64 us
TOP_K K=10 (98304,1,1,1): 1 x 9.16 us = 9.16 us
Total time: 1401.59 us.
----------------
Vulkan Timings:
CONCAT: 1 x 1.68 us = 1.68 us
CONT: 1 x 3.56 us = 3.56 us
FLASH_ATTN_EXT dst(256,24,1,1),  q(256,1,24,1),  k(256,256,4,1),  v(256,256,4,1),  m(256,1,1,1): 1 x 13.76 us = 13.76 us (457.228 GFLOPS/s)
GET_ROWS: 3 x 4.893 us = 14.68 us
GLU: 1 x 1.84 us = 1.84 us
MUL_MAT f32 m=256 n=24 k=256: 1 x 1.68 us = 1.68 us (1868.8 GFLOPS/s)
MUL_MAT f32 m=64 n=16 k=64: 1 x 3.6 us = 3.6 us (36.1244 GFLOPS/s)
MUL_MAT f32 m=64 n=96 k=64: 1 x 3.56 us = 3.56 us (219.182 GFLOPS/s)
MUL_MAT_ADD MUL_MAT_VEC q6_K m=5120 n=1 k=17408: 1 x 122.72 us = 122.72 us (1452.52 GFLOPS/s)
MUL_MAT_ADD MUL_MAT_VEC q6_K m=5120 n=1 k=6144: 1 x 53.6 us = 53.6 us (1173.68 GFLOPS/s)
MUL_MAT_VEC f32 m=256 n=4 k=256: 1 x 3 us = 3 us (174.421 GFLOPS/s)
MUL_MAT_VEC q6_K m=1024 n=1 k=5120: 2 x 6.86 us = 13.72 us (1528.39 GFLOPS/s)
MUL_MAT_VEC q6_K m=12288 n=1 k=5120: 1 x 93.12 us = 93.12 us (1351.13 GFLOPS/s)
MUL_MAT_VEC q6_K m=17408 n=1 k=5120: 2 x 121.32 us = 242.64 us (1469.18 GFLOPS/s)
MUL_MAT_VEC q6_K m=98304 n=1 k=5120: 1 x 673.31 us = 673.31 us (1494.91 GFLOPS/s)
MUL_MAT_VEC q8_0 m=5120 n=1 k=10240: 1 x 101.16 us = 101.16 us (1036.5 GFLOPS/s)
PAD: 1 x 6.32 us = 6.32 us
RMS_NORM_MUL RMS_NORM(256,24,1,1): 1 x 3.64 us = 3.64 us
RMS_NORM_MUL RMS_NORM(256,4,1,1): 1 x 3.6 us = 3.6 us
RMS_NORM_MUL RMS_NORM(5120,1,1,1): 5 x 3.768 us = 18.84 us
ROPE: 2 x 3.58 us = 7.16 us
SET_ROWS: 2 x 2.88 us = 5.76 us
SIGMOID_MUL SIGMOID: 1 x 1.64 us = 1.64 us
TOP_K K=10 (98304,1,1,1): 1 x 9.24 us = 9.24 us
Total time: 1403.83 us.
----------------
Vulkan Timings:
ADD: 48 x 3.866 us = 185.6 us
CONT: 16 x 3.765 us = 60.24 us
FLASH_ATTN_EXT dst(256,24,5,1),  q(256,5,24,1),  k(256,256,4,1),  v(256,256,4,1),  m(256,5,1,1): 16 x 24.2 us = 387.2 us (1299.89 GFLOPS/s)
GDN_CACHE GATED_DELTA_NET: 48 x 14.575 us = 699.6 us
GDN_CONV_STATE CONCAT: 48 x 3.18 us = 152.64 us
GET_ROWS: 3 x 11.786 us = 35.36 us
GLU: 64 x 2.405 us = 153.92 us
MUL_MAT f32 m=256 n=120 k=256: 16 x 1.832 us = 29.32 us (8566.4 GFLOPS/s)
MUL_MAT f32 m=256 n=20 k=256: 16 x 2.727 us = 43.64 us (959.237 GFLOPS/s)
MUL_MAT f32 m=64 n=480 k=64: 16 x 3.757 us = 60.12 us (1038.31 GFLOPS/s)
MUL_MAT f32 m=64 n=80 k=64: 16 x 3.75 us = 60 us (173.397 GFLOPS/s)
MUL_MAT_ADD MUL_MAT_VEC q6_K m=5120 n=5 k=17408: 64 x 129.707 us = 8301.28 us (6871.34 GFLOPS/s)
MUL_MAT_ADD MUL_MAT_VEC q6_K m=5120 n=5 k=6144: 16 x 55.457 us = 887.32 us (5671.86 GFLOPS/s)
MUL_MAT_GROUP MUL_MAT_VEC q6_K m=10240 n=5 k=5120: 47 x 118.214 us = 5556.08 us (4434.62 GFLOPS/s)
MUL_MAT_GROUP MUL_MAT_VEC q6_K m=12288 n=5 k=5120: 16 x 104.517 us = 1672.28 us (6018.94 GFLOPS/s)
MUL_MAT_GROUP MUL_MAT_VEC q6_K m=17408 n=5 k=5120: 64 x 266.875 us = 17080 us (3339.4 GFLOPS/s)
MUL_MAT_VEC f32 m=48 n=5 k=5120: 96 x 6.463 us = 620.52 us (380.176 GFLOPS/s)
MUL_MAT_VEC q6_K m=10240 n=5 k=5120: 1 x 80.12 us = 80.12 us (6543.15 GFLOPS/s)
MUL_MAT_VEC q6_K m=248320 n=5 k=5120: 1 x 1687 us = 1687 us (7535.71 GFLOPS/s)
MUL_MAT_VEC q6_K m=6144 n=5 k=5120: 1 x 50.96 us = 50.96 us (6172.33 GFLOPS/s)
MUL_MAT_VEC q8_0 m=5120 n=5 k=6144: 48 x 60.725 us = 2914.84 us (5179.79 GFLOPS/s)
RMS_NORM_MUL RMS_NORM(256,24,5,1): 16 x 3.875 us = 62 us
RMS_NORM_MUL RMS_NORM(256,4,5,1): 16 x 3.657 us = 58.52 us
RMS_NORM_MUL RMS_NORM(5120,5,1,1): 129 x 4.383 us = 565.48 us
RMS_NORM_MUL_SILU_MUL RMS_NORM(128,48,5,1): 48 x 5.945 us = 285.36 us
RMS_NORM_SCALE RMS_NORM(128,16,5,1): 96 x 2.473 us = 237.44 us
ROPE: 32 x 3.727 us = 119.28 us
SET_ROWS: 32 x 2.931 us = 93.8 us
SIGMOID_MUL SIGMOID: 16 x 3.782 us = 60.52 us
SSM_CONV_SILU SSM_CONV: 48 x 4.897 us = 235.08 us
Total time: 42435.5 us.
----------------
Vulkan Timings:
CONCAT: 1 x 4.08 us = 4.08 us
CONT: 1 x 3.92 us = 3.92 us
FLASH_ATTN_EXT dst(256,24,5,1),  q(256,5,24,1),  k(256,256,4,1),  v(256,256,4,1),  m(256,5,1,1): 1 x 24.6 us = 24.6 us (1278.75 GFLOPS/s)
GET_ROWS: 1 x 7.2 us = 7.2 us
GLU: 1 x 1.8 us = 1.8 us
MUL_MAT f32 m=256 n=120 k=256: 1 x 1.84 us = 1.84 us (8531.48 GFLOPS/s)
MUL_MAT f32 m=256 n=20 k=256: 1 x 3.28 us = 3.28 us (797.659 GFLOPS/s)
MUL_MAT f32 m=64 n=480 k=64: 1 x 3.96 us = 3.96 us (985.212 GFLOPS/s)
MUL_MAT f32 m=64 n=80 k=64: 1 x 3.84 us = 3.84 us (169.333 GFLOPS/s)
MUL_MAT_ADD MUL_MAT_VEC q6_K m=5120 n=5 k=17408: 1 x 157.4 us = 157.4 us (5662.41 GFLOPS/s)
MUL_MAT_ADD MUL_MAT_VEC q6_K m=5120 n=5 k=6144: 1 x 55.6 us = 55.6 us (5657.32 GFLOPS/s)
MUL_MAT_GROUP MUL_MAT_VEC q6_K m=12288 n=5 k=5120: 1 x 131.01 us = 131.01 us (4801.8 GFLOPS/s)
MUL_MAT_GROUP MUL_MAT_VEC q6_K m=17408 n=5 k=5120: 1 x 256.16 us = 256.16 us (3479.09 GFLOPS/s)
MUL_MAT_VEC q8_0 m=5120 n=5 k=10240: 1 x 108 us = 108 us (4854.28 GFLOPS/s)
RMS_NORM_MUL RMS_NORM(256,24,5,1): 1 x 3.8 us = 3.8 us
RMS_NORM_MUL RMS_NORM(256,4,5,1): 1 x 3.88 us = 3.88 us
RMS_NORM_MUL RMS_NORM(5120,5,1,1): 5 x 9.294 us = 46.47 us
ROPE: 2 x 3.86 us = 7.72 us
SET_ROWS: 2 x 3.06 us = 6.12 us
SIGMOID_MUL SIGMOID: 1 x 3.92 us = 3.92 us
Total time: 834.6 us.
----------------
Vulkan Timings:
CONCAT: 1 x 1.8 us = 1.8 us
CONT: 1 x 3.8 us = 3.8 us
FLASH_ATTN_EXT dst(256,24,1,1),  q(256,1,24,1),  k(256,256,4,1),  v(256,256,4,1),  m(256,1,1,1): 1 x 14 us = 14 us (449.39 GFLOPS/s)
GET_ROWS: 3 x 5.12 us = 15.36 us
GLU: 1 x 1.68 us = 1.68 us
MUL_MAT f32 m=256 n=24 k=256: 1 x 1.64 us = 1.64 us (1914.38 GFLOPS/s)
MUL_MAT f32 m=64 n=16 k=64: 1 x 1.88 us = 1.88 us (69.1745 GFLOPS/s)
MUL_MAT f32 m=64 n=96 k=64: 1 x 3.52 us = 3.52 us (221.673 GFLOPS/s)
MUL_MAT_ADD MUL_MAT_VEC q6_K m=5120 n=1 k=17408: 1 x 123.32 us = 123.32 us (1445.45 GFLOPS/s)
MUL_MAT_ADD MUL_MAT_VEC q6_K m=5120 n=1 k=6144: 1 x 49 us = 49 us (1283.87 GFLOPS/s)
MUL_MAT_VEC f32 m=256 n=4 k=256: 1 x 3.28 us = 3.28 us (159.532 GFLOPS/s)
MUL_MAT_VEC q6_K m=1024 n=1 k=5120: 2 x 8.84 us = 17.68 us (1186.06 GFLOPS/s)
MUL_MAT_VEC q6_K m=12288 n=1 k=5120: 1 x 90.92 us = 90.92 us (1383.82 GFLOPS/s)
MUL_MAT_VEC q6_K m=17408 n=1 k=5120: 2 x 121.94 us = 243.88 us (1461.71 GFLOPS/s)
MUL_MAT_VEC q6_K m=98304 n=1 k=5120: 1 x 674.32 us = 674.32 us (1492.67 GFLOPS/s)
MUL_MAT_VEC q8_0 m=5120 n=1 k=10240: 1 x 99.08 us = 99.08 us (1058.26 GFLOPS/s)
PAD: 1 x 6.68 us = 6.68 us
RMS_NORM_MUL RMS_NORM(256,24,1,1): 1 x 6.4 us = 6.4 us
RMS_NORM_MUL RMS_NORM(256,4,1,1): 1 x 5.4 us = 5.4 us
RMS_NORM_MUL RMS_NORM(5120,1,1,1): 5 x 4.576 us = 22.88 us
ROPE: 2 x 3.64 us = 7.28 us
SET_ROWS: 2 x 3.02 us = 6.04 us
SIGMOID_MUL SIGMOID: 1 x 1.6 us = 1.6 us
TOP_K K=10 (98304,1,1,1): 1 x 9.96 us = 9.96 us
Total time: 1411.4 us.
----------------
Vulkan Timings:
CONCAT: 1 x 1.72 us = 1.72 us
CONT: 1 x 3.84 us = 3.84 us
FLASH_ATTN_EXT dst(256,24,1,1),  q(256,1,24,1),  k(256,256,4,1),  v(256,256,4,1),  m(256,1,1,1): 1 x 13.92 us = 13.92 us (451.972 GFLOPS/s)
GET_ROWS: 3 x 5.066 us = 15.2 us
GLU: 1 x 1.88 us = 1.88 us
MUL_MAT f32 m=256 n=24 k=256: 1 x 1.64 us = 1.64 us (1914.38 GFLOPS/s)
MUL_MAT f32 m=64 n=16 k=64: 1 x 3.88 us = 3.88 us (33.5175 GFLOPS/s)
MUL_MAT f32 m=64 n=96 k=64: 1 x 3.8 us = 3.8 us (205.339 GFLOPS/s)
MUL_MAT_ADD MUL_MAT_VEC q6_K m=5120 n=1 k=17408: 1 x 123.72 us = 123.72 us (1440.78 GFLOPS/s)
MUL_MAT_ADD MUL_MAT_VEC q6_K m=5120 n=1 k=6144: 1 x 54.08 us = 54.08 us (1163.27 GFLOPS/s)
MUL_MAT_VEC f32 m=256 n=4 k=256: 1 x 3.24 us = 3.24 us (161.501 GFLOPS/s)
MUL_MAT_VEC q6_K m=1024 n=1 k=5120: 2 x 8.98 us = 17.96 us (1167.57 GFLOPS/s)
MUL_MAT_VEC q6_K m=12288 n=1 k=5120: 1 x 86.24 us = 86.24 us (1458.92 GFLOPS/s)
MUL_MAT_VEC q6_K m=17408 n=1 k=5120: 2 x 121.58 us = 243.16 us (1466.03 GFLOPS/s)
MUL_MAT_VEC q6_K m=98304 n=1 k=5120: 1 x 672.86 us = 672.86 us (1495.91 GFLOPS/s)
MUL_MAT_VEC q8_0 m=5120 n=1 k=10240: 1 x 102.44 us = 102.44 us (1023.55 GFLOPS/s)
PAD: 1 x 6.52 us = 6.52 us
RMS_NORM_MUL RMS_NORM(256,24,1,1): 1 x 5.72 us = 5.72 us
RMS_NORM_MUL RMS_NORM(256,4,1,1): 1 x 3.84 us = 3.84 us
RMS_NORM_MUL RMS_NORM(5120,1,1,1): 5 x 3.88 us = 19.4 us
ROPE: 2 x 3.84 us = 7.68 us
SET_ROWS: 2 x 3 us = 6 us
SIGMOID_MUL SIGMOID: 1 x 1.72 us = 1.72 us
TOP_K K=10 (98304,1,1,1): 1 x 9.28 us = 9.28 us
Total time: 1409.74 us.
----------------
Vulkan Timings:
CONCAT: 1 x 1.64 us = 1.64 us
CONT: 1 x 3.84 us = 3.84 us
FLASH_ATTN_EXT dst(256,24,1,1),  q(256,1,24,1),  k(256,256,4,1),  v(256,256,4,1),  m(256,1,1,1): 1 x 13.92 us = 13.92 us (451.972 GFLOPS/s)
GET_ROWS: 3 x 4.933 us = 14.8 us
GLU: 1 x 1.8 us = 1.8 us
MUL_MAT f32 m=256 n=24 k=256: 1 x 1.68 us = 1.68 us (1868.8 GFLOPS/s)
MUL_MAT f32 m=64 n=16 k=64: 1 x 3.8 us = 3.8 us (34.2232 GFLOPS/s)
MUL_MAT f32 m=64 n=96 k=64: 1 x 3.8 us = 3.8 us (205.339 GFLOPS/s)
MUL_MAT_ADD MUL_MAT_VEC q6_K m=5120 n=1 k=17408: 1 x 124 us = 124 us (1437.52 GFLOPS/s)
MUL_MAT_ADD MUL_MAT_VEC q6_K m=5120 n=1 k=6144: 1 x 54.16 us = 54.16 us (1161.55 GFLOPS/s)
MUL_MAT_VEC f32 m=256 n=4 k=256: 1 x 3.2 us = 3.2 us (163.52 GFLOPS/s)
MUL_MAT_VEC q6_K m=1024 n=1 k=5120: 2 x 7 us = 14 us (1497.82 GFLOPS/s)
MUL_MAT_VEC q6_K m=12288 n=1 k=5120: 1 x 93.96 us = 93.96 us (1339.05 GFLOPS/s)
MUL_MAT_VEC q6_K m=17408 n=1 k=5120: 2 x 121.28 us = 242.56 us (1469.66 GFLOPS/s)
MUL_MAT_VEC q6_K m=98304 n=1 k=5120: 1 x 672.25 us = 672.25 us (1497.26 GFLOPS/s)
MUL_MAT_VEC q8_0 m=5120 n=1 k=10240: 1 x 101.36 us = 101.36 us (1034.46 GFLOPS/s)
PAD: 1 x 6.52 us = 6.52 us
RMS_NORM_MUL RMS_NORM(256,24,1,1): 1 x 3.8 us = 3.8 us
RMS_NORM_MUL RMS_NORM(256,4,1,1): 1 x 3.8 us = 3.8 us
RMS_NORM_MUL RMS_NORM(5120,1,1,1): 5 x 3.792 us = 18.96 us
ROPE: 2 x 3.76 us = 7.52 us
SET_ROWS: 2 x 2.98 us = 5.96 us
SIGMOID_MUL SIGMOID: 1 x 1.68 us = 1.68 us
TOP_K K=10 (98304,1,1,1): 1 x 9.4 us = 9.4 us
Total time: 1408.41 us.
----------------
Vulkan Timings:
CONCAT: 1 x 1.68 us = 1.68 us
CONT: 1 x 3.76 us = 3.76 us
FLASH_ATTN_EXT dst(256,24,1,1),  q(256,1,24,1),  k(256,256,4,1),  v(256,256,4,1),  m(256,1,1,1): 1 x 13.76 us = 13.76 us (457.228 GFLOPS/s)
GET_ROWS: 3 x 5.013 us = 15.04 us
GLU: 1 x 1.8 us = 1.8 us
MUL_MAT f32 m=256 n=24 k=256: 1 x 1.68 us = 1.68 us (1868.8 GFLOPS/s)
MUL_MAT f32 m=64 n=16 k=64: 1 x 3.72 us = 3.72 us (34.9591 GFLOPS/s)
MUL_MAT f32 m=64 n=96 k=64: 1 x 3.72 us = 3.72 us (209.755 GFLOPS/s)
MUL_MAT_ADD MUL_MAT_VEC q6_K m=5120 n=1 k=17408: 1 x 123.24 us = 123.24 us (1446.39 GFLOPS/s)
MUL_MAT_ADD MUL_MAT_VEC q6_K m=5120 n=1 k=6144: 1 x 54.04 us = 54.04 us (1164.13 GFLOPS/s)
MUL_MAT_VEC f32 m=256 n=4 k=256: 1 x 3.16 us = 3.16 us (165.59 GFLOPS/s)
MUL_MAT_VEC q6_K m=1024 n=1 k=5120: 2 x 6.9 us = 13.8 us (1519.53 GFLOPS/s)
MUL_MAT_VEC q6_K m=12288 n=1 k=5120: 1 x 93.12 us = 93.12 us (1351.13 GFLOPS/s)
MUL_MAT_VEC q6_K m=17408 n=1 k=5120: 2 x 121.32 us = 242.64 us (1469.18 GFLOPS/s)
MUL_MAT_VEC q6_K m=98304 n=1 k=5120: 1 x 672.26 us = 672.26 us (1497.24 GFLOPS/s)
MUL_MAT_VEC q8_0 m=5120 n=1 k=10240: 1 x 102.32 us = 102.32 us (1024.75 GFLOPS/s)
PAD: 1 x 6.52 us = 6.52 us
RMS_NORM_MUL RMS_NORM(256,24,1,1): 1 x 3.72 us = 3.72 us
RMS_NORM_MUL RMS_NORM(256,4,1,1): 1 x 3.76 us = 3.76 us
RMS_NORM_MUL RMS_NORM(5120,1,1,1): 5 x 3.752 us = 18.76 us
ROPE: 2 x 3.72 us = 7.44 us
SET_ROWS: 2 x 2.96 us = 5.92 us
SIGMOID_MUL SIGMOID: 1 x 1.68 us = 1.68 us
TOP_K K=10 (98304,1,1,1): 1 x 9.64 us = 9.64 us
Total time: 1407.18 us.
----------------
Vulkan Timings:
ADD: 48 x 4.098 us = 196.72 us
CONT: 16 x 3.992 us = 63.88 us
FLASH_ATTN_EXT dst(256,24,5,1),  q(256,5,24,1),  k(256,256,4,1),  v(256,256,4,1),  m(256,5,1,1): 16 x 24.02 us = 384.32 us (1309.63 GFLOPS/s)
GDN_CACHE GATED_DELTA_NET: 48 x 13.905 us = 667.44 us
GDN_CONV_STATE CONCAT: 48 x 3.079 us = 147.8 us
GET_ROWS: 3 x 12.053 us = 36.16 us
GLU: 64 x 2.298 us = 147.08 us
MUL_MAT f32 m=256 n=120 k=256: 16 x 1.807 us = 28.92 us (8684.88 GFLOPS/s)
MUL_MAT f32 m=256 n=20 k=256: 16 x 3.227 us = 51.64 us (810.634 GFLOPS/s)
MUL_MAT f32 m=64 n=480 k=64: 16 x 3.972 us = 63.56 us (982.112 GFLOPS/s)
MUL_MAT f32 m=64 n=80 k=64: 16 x 3.952 us = 63.24 us (164.514 GFLOPS/s)
MUL_MAT_ADD MUL_MAT_VEC q6_K m=5120 n=5 k=17408: 64 x 130.686 us = 8363.92 us (6819.88 GFLOPS/s)
MUL_MAT_ADD MUL_MAT_VEC q6_K m=5120 n=5 k=6144: 16 x 55.852 us = 893.64 us (5631.75 GFLOPS/s)
MUL_MAT_GROUP MUL_MAT_VEC q6_K m=10240 n=5 k=5120: 47 x 118.65 us = 5576.56 us (4418.34 GFLOPS/s)
MUL_MAT_GROUP MUL_MAT_VEC q6_K m=12288 n=5 k=5120: 16 x 104.842 us = 1677.48 us (6000.28 GFLOPS/s)
MUL_MAT_GROUP MUL_MAT_VEC q6_K m=17408 n=5 k=5120: 64 x 267.171 us = 17099 us (3335.69 GFLOPS/s)
MUL_MAT_VEC f32 m=48 n=5 k=5120: 96 x 6.838 us = 656.48 us (359.351 GFLOPS/s)
MUL_MAT_VEC q6_K m=10240 n=5 k=5120: 1 x 79.6 us = 79.6 us (6585.89 GFLOPS/s)
MUL_MAT_VEC q6_K m=248320 n=5 k=5120: 1 x 1686.36 us = 1686.36 us (7538.57 GFLOPS/s)
MUL_MAT_VEC q6_K m=6144 n=5 k=5120: 1 x 51.32 us = 51.32 us (6129.04 GFLOPS/s)
MUL_MAT_VEC q8_0 m=5120 n=5 k=6144: 48 x 61.02 us = 2929 us (5154.75 GFLOPS/s)
RMS_NORM_MUL RMS_NORM(256,24,5,1): 16 x 4.1 us = 65.6 us
RMS_NORM_MUL RMS_NORM(256,4,5,1): 16 x 3.885 us = 62.16 us
RMS_NORM_MUL RMS_NORM(5120,5,1,1): 129 x 4.523 us = 583.56 us
RMS_NORM_MUL_SILU_MUL RMS_NORM(128,48,5,1): 48 x 6.331 us = 303.92 us
RMS_NORM_SCALE RMS_NORM(128,16,5,1): 96 x 2.632 us = 252.76 us
ROPE: 32 x 3.932 us = 125.84 us
SET_ROWS: 32 x 3.112 us = 99.6 us
SIGMOID_MUL SIGMOID: 16 x 3.992 us = 63.88 us
SSM_CONV_SILU SSM_CONV: 48 x 5.127 us = 246.12 us
Total time: 42667.6 us.
----------------
Vulkan Timings:
CONCAT: 1 x 3.88 us = 3.88 us
CONT: 1 x 4.08 us = 4.08 us
FLASH_ATTN_EXT dst(256,24,5,1),  q(256,5,24,1),  k(256,256,4,1),  v(256,256,4,1),  m(256,5,1,1): 1 x 24.56 us = 24.56 us (1280.83 GFLOPS/s)
GET_ROWS: 1 x 7.48 us = 7.48 us
GLU: 1 x 1.8 us = 1.8 us
MUL_MAT f32 m=256 n=120 k=256: 1 x 1.8 us = 1.8 us (8721.07 GFLOPS/s)
MUL_MAT f32 m=256 n=20 k=256: 1 x 3.48 us = 3.48 us (751.816 GFLOPS/s)
MUL_MAT f32 m=64 n=480 k=64: 1 x 4.04 us = 4.04 us (965.703 GFLOPS/s)
MUL_MAT f32 m=64 n=80 k=64: 1 x 4.12 us = 4.12 us (157.825 GFLOPS/s)
MUL_MAT_ADD MUL_MAT_VEC q6_K m=5120 n=5 k=17408: 1 x 157.96 us = 157.96 us (5642.34 GFLOPS/s)
MUL_MAT_ADD MUL_MAT_VEC q6_K m=5120 n=5 k=6144: 1 x 57.36 us = 57.36 us (5483.74 GFLOPS/s)
MUL_MAT_GROUP MUL_MAT_VEC q6_K m=12288 n=5 k=5120: 1 x 133.4 us = 133.4 us (4715.77 GFLOPS/s)
MUL_MAT_GROUP MUL_MAT_VEC q6_K m=17408 n=5 k=5120: 1 x 256.28 us = 256.28 us (3477.46 GFLOPS/s)
MUL_MAT_VEC q8_0 m=5120 n=5 k=10240: 1 x 108.16 us = 108.16 us (4847.1 GFLOPS/s)
RMS_NORM_MUL RMS_NORM(256,24,5,1): 1 x 4.04 us = 4.04 us
RMS_NORM_MUL RMS_NORM(256,4,5,1): 1 x 4.12 us = 4.12 us
RMS_NORM_MUL RMS_NORM(5120,5,1,1): 5 x 9.414 us = 47.07 us
ROPE: 2 x 4.14 us = 8.28 us
SET_ROWS: 2 x 3.18 us = 6.36 us
SIGMOID_MUL SIGMOID: 1 x 4.12 us = 4.12 us
Total time: 842.39 us.
----------------
Vulkan Timings:
CONCAT: 1 x 1.76 us = 1.76 us
CONT: 1 x 3.68 us = 3.68 us
FLASH_ATTN_EXT dst(256,24,1,1),  q(256,1,24,1),  k(256,256,4,1),  v(256,256,4,1),  m(256,1,1,1): 1 x 14.04 us = 14.04 us (448.109 GFLOPS/s)
GET_ROWS: 3 x 5.133 us = 15.4 us
GLU: 1 x 1.68 us = 1.68 us
MUL_MAT f32 m=256 n=24 k=256: 1 x 1.6 us = 1.6 us (1962.24 GFLOPS/s)
MUL_MAT f32 m=64 n=16 k=64: 1 x 1.96 us = 1.96 us (66.351 GFLOPS/s)
MUL_MAT f32 m=64 n=96 k=64: 1 x 3.32 us = 3.32 us (235.027 GFLOPS/s)
MUL_MAT_ADD MUL_MAT_VEC q6_K m=5120 n=1 k=17408: 1 x 124.04 us = 124.04 us (1437.06 GFLOPS/s)
MUL_MAT_ADD MUL_MAT_VEC q6_K m=5120 n=1 k=6144: 1 x 49.16 us = 49.16 us (1279.69 GFLOPS/s)
MUL_MAT_VEC f32 m=256 n=4 k=256: 1 x 3.16 us = 3.16 us (165.59 GFLOPS/s)
MUL_MAT_VEC q6_K m=1024 n=1 k=5120: 2 x 8.94 us = 17.88 us (1172.79 GFLOPS/s)
MUL_MAT_VEC q6_K m=12288 n=1 k=5120: 1 x 90.24 us = 90.24 us (1394.25 GFLOPS/s)
MUL_MAT_VEC q6_K m=17408 n=1 k=5120: 2 x 121.62 us = 243.24 us (1465.55 GFLOPS/s)
MUL_MAT_VEC q6_K m=98304 n=1 k=5120: 1 x 673.15 us = 673.15 us (1495.26 GFLOPS/s)
MUL_MAT_VEC q8_0 m=5120 n=1 k=10240: 1 x 101.48 us = 101.48 us (1033.23 GFLOPS/s)
PAD: 1 x 6.44 us = 6.44 us
RMS_NORM_MUL RMS_NORM(256,24,1,1): 1 x 6.2 us = 6.2 us
RMS_NORM_MUL RMS_NORM(256,4,1,1): 1 x 5.08 us = 5.08 us
RMS_NORM_MUL RMS_NORM(5120,1,1,1): 5 x 4.192 us = 20.96 us
ROPE: 2 x 3.5 us = 7 us
SET_ROWS: 2 x 2.9 us = 5.8 us
SIGMOID_MUL SIGMOID: 1 x 1.6 us = 1.6 us
TOP_K K=10 (98304,1,1,1): 1 x 9.12 us = 9.12 us
Total time: 1407.99 us.
----------------
Vulkan Timings:
CONCAT: 1 x 1.72 us = 1.72 us
CONT: 1 x 3.72 us = 3.72 us
FLASH_ATTN_EXT dst(256,24,1,1),  q(256,1,24,1),  k(256,256,4,1),  v(256,256,4,1),  m(256,1,1,1): 1 x 14.24 us = 14.24 us (441.816 GFLOPS/s)
GET_ROWS: 3 x 5.026 us = 15.08 us
GLU: 1 x 1.84 us = 1.84 us
MUL_MAT f32 m=256 n=24 k=256: 1 x 1.68 us = 1.68 us (1868.8 GFLOPS/s)
MUL_MAT f32 m=64 n=16 k=64: 1 x 3.76 us = 3.76 us (34.5872 GFLOPS/s)
MUL_MAT f32 m=64 n=96 k=64: 1 x 3.76 us = 3.76 us (207.523 GFLOPS/s)
MUL_MAT_ADD MUL_MAT_VEC q6_K m=5120 n=1 k=17408: 1 x 122.96 us = 122.96 us (1449.68 GFLOPS/s)
MUL_MAT_ADD MUL_MAT_VEC q6_K m=5120 n=1 k=6144: 1 x 53.84 us = 53.84 us (1168.45 GFLOPS/s)
MUL_MAT_VEC f32 m=256 n=4 k=256: 1 x 3.12 us = 3.12 us (167.713 GFLOPS/s)
MUL_MAT_VEC q6_K m=1024 n=1 k=5120: 2 x 7.02 us = 14.04 us (1493.55 GFLOPS/s)
MUL_MAT_VEC q6_K m=12288 n=1 k=5120: 1 x 93.4 us = 93.4 us (1347.08 GFLOPS/s)
MUL_MAT_VEC q6_K m=17408 n=1 k=5120: 2 x 121.76 us = 243.52 us (1463.87 GFLOPS/s)
MUL_MAT_VEC q6_K m=98304 n=1 k=5120: 1 x 674.35 us = 674.35 us (1492.6 GFLOPS/s)
MUL_MAT_VEC q8_0 m=5120 n=1 k=10240: 1 x 101.72 us = 101.72 us (1030.8 GFLOPS/s)
PAD: 1 x 6.48 us = 6.48 us
RMS_NORM_MUL RMS_NORM(256,24,1,1): 1 x 3.8 us = 3.8 us
RMS_NORM_MUL RMS_NORM(256,4,1,1): 1 x 3.76 us = 3.76 us
RMS_NORM_MUL RMS_NORM(5120,1,1,1): 5 x 3.856 us = 19.28 us
ROPE: 2 x 3.72 us = 7.44 us
SET_ROWS: 2 x 3 us = 6 us
SIGMOID_MUL SIGMOID: 1 x 1.72 us = 1.72 us
TOP_K K=10 (98304,1,1,1): 1 x 9.32 us = 9.32 us
Total time: 1410.55 us.
----------------
Vulkan Timings:
CONCAT: 1 x 1.72 us = 1.72 us
CONT: 1 x 3.72 us = 3.72 us
FLASH_ATTN_EXT dst(256,24,1,1),  q(256,1,24,1),  k(256,256,4,1),  v(256,256,4,1),  m(256,1,1,1): 1 x 14.24 us = 14.24 us (441.816 GFLOPS/s)
GET_ROWS: 3 x 4.88 us = 14.64 us
GLU: 1 x 1.84 us = 1.84 us
MUL_MAT f32 m=256 n=24 k=256: 1 x 1.68 us = 1.68 us (1868.8 GFLOPS/s)
MUL_MAT f32 m=64 n=16 k=64: 1 x 3.68 us = 3.68 us (35.3391 GFLOPS/s)
MUL_MAT f32 m=64 n=96 k=64: 1 x 3.72 us = 3.72 us (209.755 GFLOPS/s)
MUL_MAT_ADD MUL_MAT_VEC q6_K m=5120 n=1 k=17408: 1 x 123.8 us = 123.8 us (1439.84 GFLOPS/s)
MUL_MAT_ADD MUL_MAT_VEC q6_K m=5120 n=1 k=6144: 1 x 53.48 us = 53.48 us (1176.32 GFLOPS/s)
MUL_MAT_VEC f32 m=256 n=4 k=256: 1 x 3.08 us = 3.08 us (169.891 GFLOPS/s)
MUL_MAT_VEC q6_K m=1024 n=1 k=5120: 2 x 6.96 us = 13.92 us (1506.43 GFLOPS/s)
MUL_MAT_VEC q6_K m=12288 n=1 k=5120: 1 x 93.72 us = 93.72 us (1342.48 GFLOPS/s)
MUL_MAT_VEC q6_K m=17408 n=1 k=5120: 2 x 121.36 us = 242.72 us (1468.69 GFLOPS/s)
MUL_MAT_VEC q6_K m=98304 n=1 k=5120: 1 x 670.76 us = 670.76 us (1500.59 GFLOPS/s)
MUL_MAT_VEC q8_0 m=5120 n=1 k=10240: 1 x 101.56 us = 101.56 us (1032.42 GFLOPS/s)
PAD: 1 x 6.44 us = 6.44 us
RMS_NORM_MUL RMS_NORM(256,24,1,1): 1 x 3.68 us = 3.68 us
RMS_NORM_MUL RMS_NORM(256,4,1,1): 1 x 3.68 us = 3.68 us
RMS_NORM_MUL RMS_NORM(5120,1,1,1): 5 x 3.864 us = 19.32 us
ROPE: 2 x 3.7 us = 7.4 us
SET_ROWS: 2 x 2.98 us = 5.96 us
SIGMOID_MUL SIGMOID: 1 x 1.76 us = 1.76 us
TOP_K K=10 (98304,1,1,1): 1 x 9.32 us = 9.32 us
Total time: 1405.84 us.
----------------
Vulkan Timings:
CONCAT: 1 x 1.64 us = 1.64 us
CONT: 1 x 3.6 us = 3.6 us
FLASH_ATTN_EXT dst(256,24,1,1),  q(256,1,24,1),  k(256,256,4,1),  v(256,256,4,1),  m(256,1,1,1): 1 x 14 us = 14 us (449.39 GFLOPS/s)
GET_ROWS: 3 x 4.893 us = 14.68 us
GLU: 1 x 1.88 us = 1.88 us
MUL_MAT f32 m=256 n=24 k=256: 1 x 1.68 us = 1.68 us (1868.8 GFLOPS/s)
MUL_MAT f32 m=64 n=16 k=64: 1 x 3.64 us = 3.64 us (35.7275 GFLOPS/s)
MUL_MAT f32 m=64 n=96 k=64: 1 x 3.6 us = 3.6 us (216.747 GFLOPS/s)
MUL_MAT_ADD MUL_MAT_VEC q6_K m=5120 n=1 k=17408: 1 x 122.76 us = 122.76 us (1452.04 GFLOPS/s)
MUL_MAT_ADD MUL_MAT_VEC q6_K m=5120 n=1 k=6144: 1 x 54.24 us = 54.24 us (1159.83 GFLOPS/s)
MUL_MAT_VEC f32 m=256 n=4 k=256: 1 x 3 us = 3 us (174.421 GFLOPS/s)
MUL_MAT_VEC q6_K m=1024 n=1 k=5120: 2 x 8.92 us = 17.84 us (1175.42 GFLOPS/s)
MUL_MAT_VEC q6_K m=12288 n=1 k=5120: 1 x 85.68 us = 85.68 us (1468.45 GFLOPS/s)
MUL_MAT_VEC q6_K m=17408 n=1 k=5120: 2 x 121.56 us = 243.12 us (1466.28 GFLOPS/s)
MUL_MAT_VEC q6_K m=98304 n=1 k=5120: 1 x 673.41 us = 673.41 us (1494.68 GFLOPS/s)
MUL_MAT_VEC q8_0 m=5120 n=1 k=10240: 1 x 101.2 us = 101.2 us (1036.09 GFLOPS/s)
PAD: 1 x 6.32 us = 6.32 us
RMS_NORM_MUL RMS_NORM(256,24,1,1): 1 x 5.32 us = 5.32 us
RMS_NORM_MUL RMS_NORM(256,4,1,1): 1 x 3.6 us = 3.6 us
RMS_NORM_MUL RMS_NORM(5120,1,1,1): 5 x 3.8 us = 19 us
ROPE: 2 x 3.62 us = 7.24 us
SET_ROWS: 2 x 2.88 us = 5.76 us
SIGMOID_MUL SIGMOID: 1 x 1.64 us = 1.64 us
TOP_K K=10 (98304,1,1,1): 1 x 8.8 us = 8.8 us
Total time: 1403.65 us.
----------------
Vulkan Timings:
ADD: 48 x 3.897 us = 187.08 us
CONT: 16 x 3.785 us = 60.56 us
FLASH_ATTN_EXT dst(256,24,5,1),  q(256,5,24,1),  k(256,256,4,1),  v(256,256,4,1),  m(256,5,1,1): 16 x 23.86 us = 381.76 us (1318.41 GFLOPS/s)
GDN_CACHE GATED_DELTA_NET: 48 x 14.48 us = 695.08 us
GDN_CONV_STATE CONCAT: 48 x 3.157 us = 151.56 us
GET_ROWS: 3 x 11.8 us = 35.4 us
GLU: 64 x 2.331 us = 149.2 us
MUL_MAT f32 m=256 n=120 k=256: 16 x 1.727 us = 27.64 us (9087.07 GFLOPS/s)
MUL_MAT f32 m=256 n=20 k=256: 16 x 3.19 us = 51.04 us (820.163 GFLOPS/s)
MUL_MAT f32 m=64 n=480 k=64: 16 x 3.76 us = 60.16 us (1037.62 GFLOPS/s)
MUL_MAT f32 m=64 n=80 k=64: 16 x 3.76 us = 60.16 us (172.936 GFLOPS/s)
MUL_MAT_ADD MUL_MAT_VEC q6_K m=5120 n=5 k=17408: 64 x 129.721 us = 8302.16 us (6870.61 GFLOPS/s)
MUL_MAT_ADD MUL_MAT_VEC q6_K m=5120 n=5 k=6144: 16 x 55.815 us = 893.04 us (5635.53 GFLOPS/s)
MUL_MAT_GROUP MUL_MAT_VEC q6_K m=10240 n=5 k=5120: 47 x 118.262 us = 5558.36 us (4432.81 GFLOPS/s)
MUL_MAT_GROUP MUL_MAT_VEC q6_K m=12288 n=5 k=5120: 16 x 104.337 us = 1669.4 us (6029.32 GFLOPS/s)
MUL_MAT_GROUP MUL_MAT_VEC q6_K m=17408 n=5 k=5120: 64 x 266.33 us = 17045.1 us (3346.23 GFLOPS/s)
MUL_MAT_VEC f32 m=48 n=5 k=5120: 96 x 6.427 us = 617.04 us (382.32 GFLOPS/s)
MUL_MAT_VEC q6_K m=10240 n=5 k=5120: 1 x 79.68 us = 79.68 us (6579.28 GFLOPS/s)
MUL_MAT_VEC q6_K m=248320 n=5 k=5120: 1 x 1687.76 us = 1687.76 us (7532.32 GFLOPS/s)
MUL_MAT_VEC q6_K m=6144 n=5 k=5120: 1 x 49.84 us = 49.84 us (6311.04 GFLOPS/s)
MUL_MAT_VEC q8_0 m=5120 n=5 k=6144: 48 x 60.723 us = 2914.72 us (5180.01 GFLOPS/s)
RMS_NORM_MUL RMS_NORM(256,24,5,1): 16 x 3.97 us = 63.52 us
RMS_NORM_MUL RMS_NORM(256,4,5,1): 16 x 3.685 us = 58.96 us
RMS_NORM_MUL RMS_NORM(5120,5,1,1): 129 x 4.388 us = 566.08 us
RMS_NORM_MUL_SILU_MUL RMS_NORM(128,48,5,1): 48 x 5.964 us = 286.28 us
RMS_NORM_SCALE RMS_NORM(128,16,5,1): 96 x 2.524 us = 242.36 us
ROPE: 32 x 3.737 us = 119.6 us
SET_ROWS: 32 x 2.946 us = 94.28 us
SIGMOID_MUL SIGMOID: 16 x 3.777 us = 60.44 us
SSM_CONV_SILU SSM_CONV: 48 x 4.883 us = 234.4 us
Total time: 42402.7 us.
----------------
Vulkan Timings:
CONCAT: 1 x 4.04 us = 4.04 us
CONT: 1 x 3.84 us = 3.84 us
FLASH_ATTN_EXT dst(256,24,5,1),  q(256,5,24,1),  k(256,256,4,1),  v(256,256,4,1),  m(256,5,1,1): 1 x 24.36 us = 24.36 us (1291.35 GFLOPS/s)
GET_ROWS: 1 x 7 us = 7 us
GLU: 1 x 1.76 us = 1.76 us
MUL_MAT f32 m=256 n=120 k=256: 1 x 1.76 us = 1.76 us (8919.27 GFLOPS/s)
MUL_MAT f32 m=256 n=20 k=256: 1 x 3.2 us = 3.2 us (817.6 GFLOPS/s)
MUL_MAT f32 m=64 n=480 k=64: 1 x 3.8 us = 3.8 us (1026.69 GFLOPS/s)
MUL_MAT f32 m=64 n=80 k=64: 1 x 3.84 us = 3.84 us (169.333 GFLOPS/s)
MUL_MAT_ADD MUL_MAT_VEC q6_K m=5120 n=5 k=17408: 1 x 156.47 us = 156.47 us (5696.07 GFLOPS/s)
MUL_MAT_ADD MUL_MAT_VEC q6_K m=5120 n=5 k=6144: 1 x 57 us = 57 us (5518.37 GFLOPS/s)
MUL_MAT_GROUP MUL_MAT_VEC q6_K m=12288 n=5 k=5120: 1 x 131.17 us = 131.17 us (4795.95 GFLOPS/s)
MUL_MAT_GROUP MUL_MAT_VEC q6_K m=17408 n=5 k=5120: 1 x 256.84 us = 256.84 us (3469.87 GFLOPS/s)
MUL_MAT_VEC q8_0 m=5120 n=5 k=10240: 1 x 107 us = 107 us (4899.65 GFLOPS/s)
RMS_NORM_MUL RMS_NORM(256,24,5,1): 1 x 3.72 us = 3.72 us
RMS_NORM_MUL RMS_NORM(256,4,5,1): 1 x 3.8 us = 3.8 us
RMS_NORM_MUL RMS_NORM(5120,5,1,1): 5 x 9.138 us = 45.69 us
ROPE: 2 x 3.84 us = 7.68 us
SET_ROWS: 2 x 3.02 us = 6.04 us
SIGMOID_MUL SIGMOID: 1 x 3.88 us = 3.88 us
Total time: 832.89 us.
----------------
Vulkan Timings:
CONCAT: 1 x 1.72 us = 1.72 us
CONT: 1 x 3.68 us = 3.68 us
FLASH_ATTN_EXT dst(256,24,1,1),  q(256,1,24,1),  k(256,256,4,1),  v(256,256,4,1),  m(256,1,1,1): 1 x 13.6 us = 13.6 us (462.607 GFLOPS/s)
GET_ROWS: 3 x 5 us = 15 us
GLU: 1 x 1.72 us = 1.72 us
MUL_MAT f32 m=256 n=24 k=256: 1 x 1.6 us = 1.6 us (1962.24 GFLOPS/s)
MUL_MAT f32 m=64 n=16 k=64: 1 x 1.84 us = 1.84 us (70.6783 GFLOPS/s)
MUL_MAT f32 m=64 n=96 k=64: 1 x 3.4 us = 3.4 us (229.496 GFLOPS/s)
MUL_MAT_ADD MUL_MAT_VEC q6_K m=5120 n=1 k=17408: 1 x 122.8 us = 122.8 us (1451.57 GFLOPS/s)
MUL_MAT_ADD MUL_MAT_VEC q6_K m=5120 n=1 k=6144: 1 x 47.8 us = 47.8 us (1316.1 GFLOPS/s)
MUL_MAT_VEC f32 m=256 n=4 k=256: 1 x 3.2 us = 3.2 us (163.52 GFLOPS/s)
MUL_MAT_VEC q6_K m=1024 n=1 k=5120: 2 x 8.78 us = 17.56 us (1194.16 GFLOPS/s)
MUL_MAT_VEC q6_K m=12288 n=1 k=5120: 1 x 90.04 us = 90.04 us (1397.34 GFLOPS/s)
MUL_MAT_VEC q6_K m=17408 n=1 k=5120: 2 x 121.32 us = 242.64 us (1469.18 GFLOPS/s)
MUL_MAT_VEC q6_K m=98304 n=1 k=5120: 1 x 674.83 us = 674.83 us (1491.54 GFLOPS/s)
MUL_MAT_VEC q8_0 m=5120 n=1 k=10240: 1 x 98.28 us = 98.28 us (1066.88 GFLOPS/s)
PAD: 1 x 6.56 us = 6.56 us
RMS_NORM_MUL RMS_NORM(256,24,1,1): 1 x 6.16 us = 6.16 us
RMS_NORM_MUL RMS_NORM(256,4,1,1): 1 x 5.24 us = 5.24 us
RMS_NORM_MUL RMS_NORM(5120,1,1,1): 5 x 4.432 us = 22.16 us
ROPE: 2 x 3.54 us = 7.08 us
SET_ROWS: 2 x 2.94 us = 5.88 us
SIGMOID_MUL SIGMOID: 1 x 1.56 us = 1.56 us
TOP_K K=10 (98304,1,1,1): 1 x 9.32 us = 9.32 us
Total time: 1403.67 us.
----------------
Vulkan Timings:
CONCAT: 1 x 1.92 us = 1.92 us
CONT: 1 x 3.72 us = 3.72 us
FLASH_ATTN_EXT dst(256,24,1,1),  q(256,1,24,1),  k(256,256,4,1),  v(256,256,4,1),  m(256,1,1,1): 1 x 13.72 us = 13.72 us (458.561 GFLOPS/s)
GET_ROWS: 3 x 4.906 us = 14.72 us
GLU: 1 x 1.88 us = 1.88 us
MUL_MAT f32 m=256 n=24 k=256: 1 x 1.64 us = 1.64 us (1914.38 GFLOPS/s)
MUL_MAT f32 m=64 n=16 k=64: 1 x 3.8 us = 3.8 us (34.2232 GFLOPS/s)
MUL_MAT f32 m=64 n=96 k=64: 1 x 3.72 us = 3.72 us (209.755 GFLOPS/s)
MUL_MAT_ADD MUL_MAT_VEC q6_K m=5120 n=1 k=17408: 1 x 123.92 us = 123.92 us (1438.45 GFLOPS/s)
MUL_MAT_ADD MUL_MAT_VEC q6_K m=5120 n=1 k=6144: 1 x 54.04 us = 54.04 us (1164.13 GFLOPS/s)
MUL_MAT_VEC f32 m=256 n=4 k=256: 1 x 3.16 us = 3.16 us (165.59 GFLOPS/s)
MUL_MAT_VEC q6_K m=1024 n=1 k=5120: 2 x 10.02 us = 20.04 us (1046.38 GFLOPS/s)
MUL_MAT_VEC q6_K m=12288 n=1 k=5120: 1 x 85.48 us = 85.48 us (1471.89 GFLOPS/s)
MUL_MAT_VEC q6_K m=17408 n=1 k=5120: 2 x 120.94 us = 241.88 us (1473.79 GFLOPS/s)
MUL_MAT_VEC q6_K m=98304 n=1 k=5120: 1 x 671.16 us = 671.16 us (1499.69 GFLOPS/s)
MUL_MAT_VEC q8_0 m=5120 n=1 k=10240: 1 x 102.04 us = 102.04 us (1027.56 GFLOPS/s)
PAD: 1 x 6.52 us = 6.52 us
RMS_NORM_MUL RMS_NORM(256,24,1,1): 1 x 3.76 us = 3.76 us
RMS_NORM_MUL RMS_NORM(256,4,1,1): 1 x 3.72 us = 3.72 us
RMS_NORM_MUL RMS_NORM(5120,1,1,1): 5 x 3.768 us = 18.84 us
ROPE: 2 x 3.76 us = 7.52 us
SET_ROWS: 2 x 2.96 us = 5.92 us
SIGMOID_MUL SIGMOID: 1 x 1.88 us = 1.88 us
TOP_K K=10 (98304,1,1,1): 1 x 9.04 us = 9.04 us
Total time: 1404.04 us.
----------------
Vulkan Timings:
CONCAT: 1 x 1.68 us = 1.68 us
CONT: 1 x 3.76 us = 3.76 us
FLASH_ATTN_EXT dst(256,24,1,1),  q(256,1,24,1),  k(256,256,4,1),  v(256,256,4,1),  m(256,1,1,1): 1 x 13.8 us = 13.8 us (455.903 GFLOPS/s)
GET_ROWS: 3 x 4.973 us = 14.92 us
GLU: 1 x 1.72 us = 1.72 us
MUL_MAT f32 m=256 n=24 k=256: 1 x 1.64 us = 1.64 us (1914.38 GFLOPS/s)
MUL_MAT f32 m=64 n=16 k=64: 1 x 3.76 us = 3.76 us (34.5872 GFLOPS/s)
MUL_MAT f32 m=64 n=96 k=64: 1 x 3.76 us = 3.76 us (207.523 GFLOPS/s)
MUL_MAT_ADD MUL_MAT_VEC q6_K m=5120 n=1 k=17408: 1 x 122.92 us = 122.92 us (1450.15 GFLOPS/s)
MUL_MAT_ADD MUL_MAT_VEC q6_K m=5120 n=1 k=6144: 1 x 54.08 us = 54.08 us (1163.27 GFLOPS/s)
MUL_MAT_VEC f32 m=256 n=4 k=256: 1 x 3.16 us = 3.16 us (165.59 GFLOPS/s)
MUL_MAT_VEC q6_K m=1024 n=1 k=5120: 2 x 8.88 us = 17.76 us (1180.71 GFLOPS/s)
MUL_MAT_VEC q6_K m=12288 n=1 k=5120: 1 x 85.68 us = 85.68 us (1468.45 GFLOPS/s)
MUL_MAT_VEC q6_K m=17408 n=1 k=5120: 2 x 121.08 us = 242.16 us (1472.09 GFLOPS/s)
MUL_MAT_VEC q6_K m=98304 n=1 k=5120: 1 x 674.03 us = 674.03 us (1493.31 GFLOPS/s)
MUL_MAT_VEC q8_0 m=5120 n=1 k=10240: 1 x 101.6 us = 101.6 us (1032.01 GFLOPS/s)
PAD: 1 x 6.48 us = 6.48 us
RMS_NORM_MUL RMS_NORM(256,24,1,1): 1 x 5.6 us = 5.6 us
RMS_NORM_MUL RMS_NORM(256,4,1,1): 1 x 3.68 us = 3.68 us
RMS_NORM_MUL RMS_NORM(5120,1,1,1): 5 x 3.752 us = 18.76 us
ROPE: 2 x 3.72 us = 7.44 us
SET_ROWS: 2 x 2.96 us = 5.92 us
SIGMOID_MUL SIGMOID: 1 x 1.68 us = 1.68 us
TOP_K K=10 (98304,1,1,1): 1 x 9.08 us = 9.08 us
Total time: 1405.07 us.
----------------
Vulkan Timings:
CONCAT: 1 x 1.68 us = 1.68 us
CONT: 1 x 3.76 us = 3.76 us
FLASH_ATTN_EXT dst(256,24,1,1),  q(256,1,24,1),  k(256,256,4,1),  v(256,256,4,1),  m(256,1,1,1): 1 x 13.96 us = 13.96 us (450.677 GFLOPS/s)
GET_ROWS: 3 x 4.973 us = 14.92 us
GLU: 1 x 1.88 us = 1.88 us
MUL_MAT f32 m=256 n=24 k=256: 1 x 1.68 us = 1.68 us (1868.8 GFLOPS/s)
MUL_MAT f32 m=64 n=16 k=64: 1 x 3.76 us = 3.76 us (34.5872 GFLOPS/s)
MUL_MAT f32 m=64 n=96 k=64: 1 x 3.8 us = 3.8 us (205.339 GFLOPS/s)
MUL_MAT_ADD MUL_MAT_VEC q6_K m=5120 n=1 k=17408: 1 x 122.88 us = 122.88 us (1450.62 GFLOPS/s)
MUL_MAT_ADD MUL_MAT_VEC q6_K m=5120 n=1 k=6144: 1 x 53 us = 53 us (1186.97 GFLOPS/s)
MUL_MAT_VEC f32 m=256 n=4 k=256: 1 x 3.2 us = 3.2 us (163.52 GFLOPS/s)
MUL_MAT_VEC q6_K m=1024 n=1 k=5120: 2 x 8.76 us = 17.52 us (1196.89 GFLOPS/s)
MUL_MAT_VEC q6_K m=12288 n=1 k=5120: 1 x 85.76 us = 85.76 us (1467.08 GFLOPS/s)
MUL_MAT_VEC q6_K m=17408 n=1 k=5120: 2 x 121.3 us = 242.6 us (1469.42 GFLOPS/s)
MUL_MAT_VEC q6_K m=98304 n=1 k=5120: 1 x 672.86 us = 672.86 us (1495.91 GFLOPS/s)
MUL_MAT_VEC q8_0 m=5120 n=1 k=10240: 1 x 102.36 us = 102.36 us (1024.35 GFLOPS/s)
PAD: 1 x 6.48 us = 6.48 us
RMS_NORM_MUL RMS_NORM(256,24,1,1): 1 x 5.56 us = 5.56 us
RMS_NORM_MUL RMS_NORM(256,4,1,1): 1 x 3.72 us = 3.72 us
RMS_NORM_MUL RMS_NORM(5120,1,1,1): 5 x 3.752 us = 18.76 us
ROPE: 2 x 3.72 us = 7.44 us
SET_ROWS: 2 x 2.98 us = 5.96 us
SIGMOID_MUL SIGMOID: 1 x 1.92 us = 1.92 us
TOP_K K=10 (98304,1,1,1): 1 x 9.04 us = 9.04 us
Total time: 1404.5 us.
----------------
Vulkan Timings:
ADD: 48 x 3.922 us = 188.28 us
CONT: 16 x 3.807 us = 60.92 us
FLASH_ATTN_EXT dst(256,24,5,1),  q(256,5,24,1),  k(256,256,4,1),  v(256,256,4,1),  m(256,5,1,1): 16 x 23.512 us = 376.2 us (1337.9 GFLOPS/s)
GDN_CACHE GATED_DELTA_NET: 48 x 13.818 us = 663.28 us
GDN_CONV_STATE CONCAT: 48 x 2.972 us = 142.68 us
GET_ROWS: 3 x 11.76 us = 35.28 us
GLU: 64 x 2.416 us = 154.64 us
MUL_MAT f32 m=256 n=120 k=256: 16 x 1.715 us = 27.44 us (9153.31 GFLOPS/s)
MUL_MAT f32 m=256 n=20 k=256: 16 x 3.077 us = 49.24 us (850.145 GFLOPS/s)
MUL_MAT f32 m=64 n=480 k=64: 16 x 3.805 us = 60.88 us (1025.35 GFLOPS/s)
MUL_MAT f32 m=64 n=80 k=64: 16 x 3.802 us = 60.84 us (171.003 GFLOPS/s)
MUL_MAT_ADD MUL_MAT_VEC q6_K m=5120 n=5 k=17408: 64 x 129.59 us = 8293.8 us (6877.53 GFLOPS/s)
MUL_MAT_ADD MUL_MAT_VEC q6_K m=5120 n=5 k=6144: 16 x 55.382 us = 886.12 us (5679.54 GFLOPS/s)
MUL_MAT_GROUP MUL_MAT_VEC q6_K m=10240 n=5 k=5120: 47 x 118.311 us = 5560.64 us (4430.99 GFLOPS/s)
MUL_MAT_GROUP MUL_MAT_VEC q6_K m=12288 n=5 k=5120: 16 x 104.2 us = 1667.2 us (6037.28 GFLOPS/s)
MUL_MAT_GROUP MUL_MAT_VEC q6_K m=17408 n=5 k=5120: 64 x 266.868 us = 17079.6 us (3339.48 GFLOPS/s)
MUL_MAT_VEC f32 m=48 n=5 k=5120: 96 x 6.781 us = 651.04 us (362.353 GFLOPS/s)
MUL_MAT_VEC q6_K m=10240 n=5 k=5120: 1 x 79.48 us = 79.48 us (6595.83 GFLOPS/s)
MUL_MAT_VEC q6_K m=248320 n=5 k=5120: 1 x 1686.24 us = 1686.24 us (7539.11 GFLOPS/s)
MUL_MAT_VEC q6_K m=6144 n=5 k=5120: 1 x 51.52 us = 51.52 us (6105.24 GFLOPS/s)
MUL_MAT_VEC q8_0 m=5120 n=5 k=6144: 48 x 60.681 us = 2912.72 us (5183.56 GFLOPS/s)
RMS_NORM_MUL RMS_NORM(256,24,5,1): 16 x 3.932 us = 62.92 us
RMS_NORM_MUL RMS_NORM(256,4,5,1): 16 x 3.705 us = 59.28 us
RMS_NORM_MUL RMS_NORM(5120,5,1,1): 129 x 4.341 us = 560.04 us
RMS_NORM_MUL_SILU_MUL RMS_NORM(128,48,5,1): 48 x 6.058 us = 290.8 us
RMS_NORM_SCALE RMS_NORM(128,16,5,1): 96 x 2.504 us = 240.44 us
ROPE: 32 x 3.768 us = 120.6 us
SET_ROWS: 32 x 2.877 us = 92.08 us
SIGMOID_MUL SIGMOID: 16 x 3.825 us = 61.2 us
SSM_CONV_SILU SSM_CONV: 48 x 4.89 us = 234.72 us
Total time: 42410.1 us.
----------------
Vulkan Timings:
CONCAT: 1 x 3.84 us = 3.84 us
CONT: 1 x 3.76 us = 3.76 us
FLASH_ATTN_EXT dst(256,24,5,1),  q(256,5,24,1),  k(256,256,4,1),  v(256,256,4,1),  m(256,5,1,1): 1 x 23.2 us = 23.2 us (1355.92 GFLOPS/s)
GET_ROWS: 1 x 6.84 us = 6.84 us
GLU: 1 x 1.72 us = 1.72 us
MUL_MAT f32 m=256 n=120 k=256: 1 x 1.68 us = 1.68 us (9344 GFLOPS/s)
MUL_MAT f32 m=256 n=20 k=256: 1 x 3.2 us = 3.2 us (817.6 GFLOPS/s)
MUL_MAT f32 m=64 n=480 k=64: 1 x 3.84 us = 3.84 us (1016 GFLOPS/s)
MUL_MAT f32 m=64 n=80 k=64: 1 x 3.8 us = 3.8 us (171.116 GFLOPS/s)
MUL_MAT_ADD MUL_MAT_VEC q6_K m=5120 n=5 k=17408: 1 x 154.86 us = 154.86 us (5755.29 GFLOPS/s)
MUL_MAT_ADD MUL_MAT_VEC q6_K m=5120 n=5 k=6144: 1 x 55.68 us = 55.68 us (5649.2 GFLOPS/s)
MUL_MAT_GROUP MUL_MAT_VEC q6_K m=12288 n=5 k=5120: 1 x 129.99 us = 129.99 us (4839.48 GFLOPS/s)
MUL_MAT_GROUP MUL_MAT_VEC q6_K m=17408 n=5 k=5120: 1 x 254.88 us = 254.88 us (3496.56 GFLOPS/s)
MUL_MAT_VEC q8_0 m=5120 n=5 k=10240: 1 x 105.4 us = 105.4 us (4974.03 GFLOPS/s)
RMS_NORM_MUL RMS_NORM(256,24,5,1): 1 x 3.72 us = 3.72 us
RMS_NORM_MUL RMS_NORM(256,4,5,1): 1 x 3.76 us = 3.76 us
RMS_NORM_MUL RMS_NORM(5120,5,1,1): 5 x 9.028 us = 45.14 us
ROPE: 2 x 3.8 us = 7.6 us
SET_ROWS: 2 x 2.96 us = 5.92 us
SIGMOID_MUL SIGMOID: 1 x 3.84 us = 3.84 us
Total time: 822.67 us.
----------------
Vulkan Timings:
CONCAT: 1 x 1.64 us = 1.64 us
CONT: 1 x 3.52 us = 3.52 us
FLASH_ATTN_EXT dst(256,24,1,1),  q(256,1,24,1),  k(256,256,4,1),  v(256,256,4,1),  m(256,1,1,1): 1 x 13.64 us = 13.64 us (461.25 GFLOPS/s)
GET_ROWS: 3 x 4.853 us = 14.56 us
GLU: 1 x 1.72 us = 1.72 us
MUL_MAT f32 m=256 n=24 k=256: 1 x 2.12 us = 2.12 us (1480.94 GFLOPS/s)
MUL_MAT f32 m=64 n=16 k=64: 1 x 1.84 us = 1.84 us (70.6783 GFLOPS/s)
MUL_MAT f32 m=64 n=96 k=64: 1 x 3.2 us = 3.2 us (243.84 GFLOPS/s)
MUL_MAT_ADD MUL_MAT_VEC q6_K m=5120 n=1 k=17408: 1 x 123.2 us = 123.2 us (1446.86 GFLOPS/s)
MUL_MAT_ADD MUL_MAT_VEC q6_K m=5120 n=1 k=6144: 1 x 47.72 us = 47.72 us (1318.3 GFLOPS/s)
MUL_MAT_VEC f32 m=256 n=4 k=256: 1 x 0.72 us = 0.72 us (726.756 GFLOPS/s)
MUL_MAT_VEC q6_K m=1024 n=1 k=5120: 2 x 6.62 us = 13.24 us (1583.8 GFLOPS/s)
MUL_MAT_VEC q6_K m=12288 n=1 k=5120: 1 x 97.8 us = 97.8 us (1286.47 GFLOPS/s)
MUL_MAT_VEC q6_K m=17408 n=1 k=5120: 2 x 121.34 us = 242.68 us (1468.93 GFLOPS/s)
MUL_MAT_VEC q6_K m=98304 n=1 k=5120: 1 x 673.33 us = 673.33 us (1494.86 GFLOPS/s)
MUL_MAT_VEC q8_0 m=5120 n=1 k=10240: 1 x 97.12 us = 97.12 us (1079.62 GFLOPS/s)
PAD: 1 x 6.36 us = 6.36 us
RMS_NORM_MUL RMS_NORM(256,24,1,1): 1 x 3.24 us = 3.24 us
RMS_NORM_MUL RMS_NORM(256,4,1,1): 1 x 4.88 us = 4.88 us
RMS_NORM_MUL RMS_NORM(5120,1,1,1): 5 x 4.304 us = 21.52 us
ROPE: 2 x 3.32 us = 6.64 us
SET_ROWS: 2 x 3.94 us = 7.88 us
SIGMOID_MUL SIGMOID: 1 x 1.56 us = 1.56 us
TOP_K K=10 (98304,1,1,1): 1 x 8.92 us = 8.92 us
Total time: 1399.05 us.
----------------
Vulkan Timings:
CONCAT: 1 x 2.6 us = 2.6 us
CONT: 1 x 3.6 us = 3.6 us
FLASH_ATTN_EXT dst(256,24,1,1),  q(256,1,24,1),  k(256,256,4,1),  v(256,256,4,1),  m(256,1,1,1): 1 x 13.84 us = 13.84 us (454.585 GFLOPS/s)
GET_ROWS: 3 x 4.933 us = 14.8 us
GLU: 1 x 1.72 us = 1.72 us
MUL_MAT f32 m=256 n=24 k=256: 1 x 1.6 us = 1.6 us (1962.24 GFLOPS/s)
MUL_MAT f32 m=64 n=16 k=64: 1 x 3.6 us = 3.6 us (36.1244 GFLOPS/s)
MUL_MAT f32 m=64 n=96 k=64: 1 x 3.56 us = 3.56 us (219.182 GFLOPS/s)
MUL_MAT_ADD MUL_MAT_VEC q6_K m=5120 n=1 k=17408: 1 x 122.8 us = 122.8 us (1451.57 GFLOPS/s)
MUL_MAT_ADD MUL_MAT_VEC q6_K m=5120 n=1 k=6144: 1 x 53.4 us = 53.4 us (1178.08 GFLOPS/s)
MUL_MAT_VEC f32 m=256 n=4 k=256: 1 x 3.04 us = 3.04 us (172.126 GFLOPS/s)
MUL_MAT_VEC q6_K m=1024 n=1 k=5120: 2 x 6.84 us = 13.68 us (1532.86 GFLOPS/s)
MUL_MAT_VEC q6_K m=12288 n=1 k=5120: 1 x 93.44 us = 93.44 us (1346.5 GFLOPS/s)
MUL_MAT_VEC q6_K m=17408 n=1 k=5120: 2 x 121.04 us = 242.08 us (1472.58 GFLOPS/s)
MUL_MAT_VEC q6_K m=98304 n=1 k=5120: 1 x 674.13 us = 674.13 us (1493.09 GFLOPS/s)
MUL_MAT_VEC q8_0 m=5120 n=1 k=10240: 1 x 100.48 us = 100.48 us (1043.52 GFLOPS/s)
PAD: 1 x 6.4 us = 6.4 us
RMS_NORM_MUL RMS_NORM(256,24,1,1): 1 x 3.68 us = 3.68 us
RMS_NORM_MUL RMS_NORM(256,4,1,1): 1 x 3.64 us = 3.64 us
RMS_NORM_MUL RMS_NORM(5120,1,1,1): 5 x 3.736 us = 18.68 us
ROPE: 2 x 3.6 us = 7.2 us
SET_ROWS: 2 x 2.88 us = 5.76 us
SIGMOID_MUL SIGMOID: 1 x 1.68 us = 1.68 us
TOP_K K=10 (98304,1,1,1): 1 x 9 us = 9 us
Total time: 1404.41 us.
----------------
Vulkan Timings:
CONCAT: 1 x 1.64 us = 1.64 us
CONT: 1 x 3.6 us = 3.6 us
FLASH_ATTN_EXT dst(256,24,1,1),  q(256,1,24,1),  k(256,256,4,1),  v(256,256,4,1),  m(256,1,1,1): 1 x 13.96 us = 13.96 us (450.677 GFLOPS/s)
GET_ROWS: 3 x 5.613 us = 16.84 us
GLU: 1 x 1.8 us = 1.8 us
MUL_MAT f32 m=256 n=24 k=256: 1 x 1.64 us = 1.64 us (1914.38 GFLOPS/s)
MUL_MAT f32 m=64 n=16 k=64: 1 x 3.6 us = 3.6 us (36.1244 GFLOPS/s)
MUL_MAT f32 m=64 n=96 k=64: 1 x 3.6 us = 3.6 us (216.747 GFLOPS/s)
MUL_MAT_ADD MUL_MAT_VEC q6_K m=5120 n=1 k=17408: 1 x 123.32 us = 123.32 us (1445.45 GFLOPS/s)
MUL_MAT_ADD MUL_MAT_VEC q6_K m=5120 n=1 k=6144: 1 x 53.72 us = 53.72 us (1171.06 GFLOPS/s)
MUL_MAT_VEC f32 m=256 n=4 k=256: 1 x 3 us = 3 us (174.421 GFLOPS/s)
MUL_MAT_VEC q6_K m=1024 n=1 k=5120: 2 x 6.88 us = 13.76 us (1523.94 GFLOPS/s)
MUL_MAT_VEC q6_K m=12288 n=1 k=5120: 1 x 94.16 us = 94.16 us (1336.2 GFLOPS/s)
MUL_MAT_VEC q6_K m=17408 n=1 k=5120: 2 x 121.56 us = 243.12 us (1466.28 GFLOPS/s)
MUL_MAT_VEC q6_K m=98304 n=1 k=5120: 1 x 673.72 us = 673.72 us (1494 GFLOPS/s)
MUL_MAT_VEC q8_0 m=5120 n=1 k=10240: 1 x 101.48 us = 101.48 us (1033.23 GFLOPS/s)
PAD: 1 x 6.52 us = 6.52 us
RMS_NORM_MUL RMS_NORM(256,24,1,1): 1 x 3.64 us = 3.64 us
RMS_NORM_MUL RMS_NORM(256,4,1,1): 1 x 3.6 us = 3.6 us
RMS_NORM_MUL RMS_NORM(5120,1,1,1): 5 x 3.8 us = 19 us
ROPE: 2 x 3.56 us = 7.12 us
SET_ROWS: 2 x 2.88 us = 5.76 us
SIGMOID_MUL SIGMOID: 1 x 1.68 us = 1.68 us
TOP_K K=10 (98304,1,1,1): 1 x 9 us = 9 us
Total time: 1409.28 us.
----------------
Vulkan Timings:
CONCAT: 1 x 1.72 us = 1.72 us
CONT: 1 x 3.64 us = 3.64 us
FLASH_ATTN_EXT dst(256,24,1,1),  q(256,1,24,1),  k(256,256,4,1),  v(256,256,4,1),  m(256,1,1,1): 1 x 13.88 us = 13.88 us (453.275 GFLOPS/s)
GET_ROWS: 3 x 4.92 us = 14.76 us
GLU: 1 x 1.84 us = 1.84 us
MUL_MAT f32 m=256 n=24 k=256: 1 x 1.68 us = 1.68 us (1868.8 GFLOPS/s)
MUL_MAT f32 m=64 n=16 k=64: 1 x 3.56 us = 3.56 us (36.5303 GFLOPS/s)
MUL_MAT f32 m=64 n=96 k=64: 1 x 3.6 us = 3.6 us (216.747 GFLOPS/s)
MUL_MAT_ADD MUL_MAT_VEC q6_K m=5120 n=1 k=17408: 1 x 123.08 us = 123.08 us (1448.27 GFLOPS/s)
MUL_MAT_ADD MUL_MAT_VEC q6_K m=5120 n=1 k=6144: 1 x 53.64 us = 53.64 us (1172.81 GFLOPS/s)
MUL_MAT_VEC f32 m=256 n=4 k=256: 1 x 3.04 us = 3.04 us (172.126 GFLOPS/s)
MUL_MAT_VEC q6_K m=1024 n=1 k=5120: 2 x 6.82 us = 13.64 us (1537.35 GFLOPS/s)
MUL_MAT_VEC q6_K m=12288 n=1 k=5120: 1 x 93.52 us = 93.52 us (1345.35 GFLOPS/s)
MUL_MAT_VEC q6_K m=17408 n=1 k=5120: 2 x 121.1 us = 242.2 us (1471.85 GFLOPS/s)
MUL_MAT_VEC q6_K m=98304 n=1 k=5120: 1 x 673.48 us = 673.48 us (1494.53 GFLOPS/s)
MUL_MAT_VEC q8_0 m=5120 n=1 k=10240: 1 x 101.24 us = 101.24 us (1035.68 GFLOPS/s)
PAD: 1 x 6.36 us = 6.36 us
RMS_NORM_MUL RMS_NORM(256,24,1,1): 1 x 3.6 us = 3.6 us
RMS_NORM_MUL RMS_NORM(256,4,1,1): 1 x 3.64 us = 3.64 us
RMS_NORM_MUL RMS_NORM(5120,1,1,1): 5 x 3.784 us = 18.92 us
ROPE: 2 x 3.58 us = 7.16 us
SET_ROWS: 2 x 2.88 us = 5.76 us
SIGMOID_MUL SIGMOID: 1 x 1.68 us = 1.68 us
TOP_K K=10 (98304,1,1,1): 1 x 9.08 us = 9.08 us
Total time: 1404.72 us.
----------------
Vulkan Timings:
ADD: 48 x 3.81 us = 182.92 us
CONT: 16 x 3.705 us = 59.28 us
FLASH_ATTN_EXT dst(256,24,5,1),  q(256,5,24,1),  k(256,256,4,1),  v(256,256,4,1),  m(256,5,1,1): 16 x 23.342 us = 373.48 us (1347.64 GFLOPS/s)
GDN_CACHE GATED_DELTA_NET: 48 x 14.632 us = 702.36 us
GDN_CONV_STATE CONCAT: 48 x 3.109 us = 149.24 us
GET_ROWS: 3 x 11.666 us = 35 us
GLU: 64 x 2.413 us = 154.44 us
MUL_MAT f32 m=256 n=120 k=256: 16 x 1.72 us = 27.52 us (9126.7 GFLOPS/s)
MUL_MAT f32 m=256 n=20 k=256: 16 x 3.122 us = 49.96 us (837.893 GFLOPS/s)
MUL_MAT f32 m=64 n=480 k=64: 16 x 3.697 us = 59.16 us (1055.16 GFLOPS/s)
MUL_MAT f32 m=64 n=80 k=64: 16 x 3.682 us = 58.92 us (176.576 GFLOPS/s)
MUL_MAT_ADD MUL_MAT_VEC q6_K m=5120 n=5 k=17408: 64 x 129.494 us = 8287.64 us (6882.65 GFLOPS/s)
MUL_MAT_ADD MUL_MAT_VEC q6_K m=5120 n=5 k=6144: 16 x 55.45 us = 887.2 us (5672.63 GFLOPS/s)
MUL_MAT_GROUP MUL_MAT_VEC q6_K m=10240 n=5 k=5120: 47 x 118.092 us = 5550.36 us (4439.19 GFLOPS/s)
MUL_MAT_GROUP MUL_MAT_VEC q6_K m=12288 n=5 k=5120: 16 x 104.372 us = 1669.96 us (6027.3 GFLOPS/s)
MUL_MAT_GROUP MUL_MAT_VEC q6_K m=17408 n=5 k=5120: 64 x 266.631 us = 17064.4 us (3342.45 GFLOPS/s)
MUL_MAT_VEC f32 m=48 n=5 k=5120: 96 x 6.352 us = 609.8 us (386.859 GFLOPS/s)
MUL_MAT_VEC q6_K m=10240 n=5 k=5120: 1 x 79.44 us = 79.44 us (6599.15 GFLOPS/s)
MUL_MAT_VEC q6_K m=248320 n=5 k=5120: 1 x 1687.56 us = 1687.56 us (7533.21 GFLOPS/s)
MUL_MAT_VEC q6_K m=6144 n=5 k=5120: 1 x 50.04 us = 50.04 us (6285.81 GFLOPS/s)
MUL_MAT_VEC q8_0 m=5120 n=5 k=6144: 48 x 60.639 us = 2910.68 us (5187.2 GFLOPS/s)
RMS_NORM_MUL RMS_NORM(256,24,5,1): 16 x 3.807 us = 60.92 us
RMS_NORM_MUL RMS_NORM(256,4,5,1): 16 x 3.607 us = 57.72 us
RMS_NORM_MUL RMS_NORM(5120,5,1,1): 129 x 4.293 us = 553.84 us
RMS_NORM_MUL_SILU_MUL RMS_NORM(128,48,5,1): 48 x 5.842 us = 280.44 us
RMS_NORM_SCALE RMS_NORM(128,16,5,1): 96 x 2.435 us = 233.76 us
ROPE: 32 x 3.655 us = 116.96 us
SET_ROWS: 32 x 2.942 us = 94.16 us
SIGMOID_MUL SIGMOID: 16 x 3.7 us = 59.2 us
SSM_CONV_SILU SSM_CONV: 48 x 4.789 us = 229.88 us
Total time: 42336.2 us.
----------------
Vulkan Timings:
CONCAT: 1 x 4.28 us = 4.28 us
CONT: 1 x 3.92 us = 3.92 us
FLASH_ATTN_EXT dst(256,24,5,1),  q(256,5,24,1),  k(256,256,4,1),  v(256,256,4,1),  m(256,5,1,1): 1 x 24.2 us = 24.2 us (1299.89 GFLOPS/s)
GET_ROWS: 1 x 7.04 us = 7.04 us
GLU: 1 x 1.8 us = 1.8 us
MUL_MAT f32 m=256 n=120 k=256: 1 x 1.76 us = 1.76 us (8919.27 GFLOPS/s)
MUL_MAT f32 m=256 n=20 k=256: 1 x 3.24 us = 3.24 us (807.506 GFLOPS/s)
MUL_MAT f32 m=64 n=480 k=64: 1 x 3.88 us = 3.88 us (1005.53 GFLOPS/s)
MUL_MAT f32 m=64 n=80 k=64: 1 x 3.76 us = 3.76 us (172.936 GFLOPS/s)
MUL_MAT_ADD MUL_MAT_VEC q6_K m=5120 n=5 k=17408: 1 x 155.92 us = 155.92 us (5716.16 GFLOPS/s)
MUL_MAT_ADD MUL_MAT_VEC q6_K m=5120 n=5 k=6144: 1 x 56.44 us = 56.44 us (5573.13 GFLOPS/s)
MUL_MAT_GROUP MUL_MAT_VEC q6_K m=12288 n=5 k=5120: 1 x 136.77 us = 136.77 us (4599.58 GFLOPS/s)
MUL_MAT_GROUP MUL_MAT_VEC q6_K m=17408 n=5 k=5120: 1 x 255.76 us = 255.76 us (3484.53 GFLOPS/s)
MUL_MAT_VEC q8_0 m=5120 n=5 k=10240: 1 x 105.36 us = 105.36 us (4975.91 GFLOPS/s)
RMS_NORM_MUL RMS_NORM(256,24,5,1): 1 x 3.76 us = 3.76 us
RMS_NORM_MUL RMS_NORM(256,4,5,1): 1 x 3.8 us = 3.8 us
RMS_NORM_MUL RMS_NORM(5120,5,1,1): 5 x 9.318 us = 46.59 us
ROPE: 2 x 3.8 us = 7.6 us
SET_ROWS: 2 x 3.02 us = 6.04 us
SIGMOID_MUL SIGMOID: 1 x 3.88 us = 3.88 us
Total time: 835.8 us.
----------------
Vulkan Timings:
CONCAT: 1 x 1.76 us = 1.76 us
CONT: 1 x 3.68 us = 3.68 us
FLASH_ATTN_EXT dst(256,24,1,1),  q(256,1,24,1),  k(256,256,4,1),  v(256,256,4,1),  m(256,1,1,1): 1 x 13.8 us = 13.8 us (455.903 GFLOPS/s)
GET_ROWS: 3 x 4.96 us = 14.88 us
GLU: 1 x 1.68 us = 1.68 us
MUL_MAT f32 m=256 n=24 k=256: 1 x 1.56 us = 1.56 us (2012.55 GFLOPS/s)
MUL_MAT f32 m=64 n=16 k=64: 1 x 1.8 us = 1.8 us (72.2489 GFLOPS/s)
MUL_MAT f32 m=64 n=96 k=64: 1 x 3.44 us = 3.44 us (226.828 GFLOPS/s)
MUL_MAT_ADD MUL_MAT_VEC q6_K m=5120 n=1 k=17408: 1 x 123.36 us = 123.36 us (1444.98 GFLOPS/s)
MUL_MAT_ADD MUL_MAT_VEC q6_K m=5120 n=1 k=6144: 1 x 47.84 us = 47.84 us (1315 GFLOPS/s)
MUL_MAT_VEC f32 m=256 n=4 k=256: 1 x 3.24 us = 3.24 us (161.501 GFLOPS/s)
MUL_MAT_VEC q6_K m=1024 n=1 k=5120: 2 x 8.98 us = 17.96 us (1167.57 GFLOPS/s)
MUL_MAT_VEC q6_K m=12288 n=1 k=5120: 1 x 89.92 us = 89.92 us (1399.21 GFLOPS/s)
MUL_MAT_VEC q6_K m=17408 n=1 k=5120: 2 x 121.16 us = 242.32 us (1471.12 GFLOPS/s)
MUL_MAT_VEC q6_K m=98304 n=1 k=5120: 1 x 675.03 us = 675.03 us (1491.1 GFLOPS/s)
MUL_MAT_VEC q8_0 m=5120 n=1 k=10240: 1 x 98.32 us = 98.32 us (1066.44 GFLOPS/s)
PAD: 1 x 6.6 us = 6.6 us
RMS_NORM_MUL RMS_NORM(256,24,1,1): 1 x 6.16 us = 6.16 us
RMS_NORM_MUL RMS_NORM(256,4,1,1): 1 x 5.2 us = 5.2 us
RMS_NORM_MUL RMS_NORM(5120,1,1,1): 5 x 4.304 us = 21.52 us
ROPE: 2 x 3.54 us = 7.08 us
SET_ROWS: 2 x 2.9 us = 5.8 us
SIGMOID_MUL SIGMOID: 1 x 1.6 us = 1.6 us
TOP_K K=10 (98304,1,1,1): 1 x 9.32 us = 9.32 us
Total time: 1403.87 us.
----------------
Vulkan Timings:
CONCAT: 1 x 1.68 us = 1.68 us
CONT: 1 x 3.76 us = 3.76 us
FLASH_ATTN_EXT dst(256,24,1,1),  q(256,1,24,1),  k(256,256,4,1),  v(256,256,4,1),  m(256,1,1,1): 1 x 13.8 us = 13.8 us (455.903 GFLOPS/s)
GET_ROWS: 3 x 5 us = 15 us
GLU: 1 x 1.76 us = 1.76 us
MUL_MAT f32 m=256 n=24 k=256: 1 x 1.68 us = 1.68 us (1868.8 GFLOPS/s)
MUL_MAT f32 m=64 n=16 k=64: 1 x 3.8 us = 3.8 us (34.2232 GFLOPS/s)
MUL_MAT f32 m=64 n=96 k=64: 1 x 3.72 us = 3.72 us (209.755 GFLOPS/s)
MUL_MAT_ADD MUL_MAT_VEC q6_K m=5120 n=1 k=17408: 1 x 123.32 us = 123.32 us (1445.45 GFLOPS/s)
MUL_MAT_ADD MUL_MAT_VEC q6_K m=5120 n=1 k=6144: 1 x 54 us = 54 us (1164.99 GFLOPS/s)
MUL_MAT_VEC f32 m=256 n=4 k=256: 1 x 3.2 us = 3.2 us (163.52 GFLOPS/s)
MUL_MAT_VEC q6_K m=1024 n=1 k=5120: 2 x 8.84 us = 17.68 us (1186.06 GFLOPS/s)
MUL_MAT_VEC q6_K m=12288 n=1 k=5120: 1 x 85.16 us = 85.16 us (1477.42 GFLOPS/s)
MUL_MAT_VEC q6_K m=17408 n=1 k=5120: 2 x 121.2 us = 242.4 us (1470.63 GFLOPS/s)
MUL_MAT_VEC q6_K m=98304 n=1 k=5120: 1 x 673.6 us = 673.6 us (1494.26 GFLOPS/s)
MUL_MAT_VEC q8_0 m=5120 n=1 k=10240: 1 x 101.44 us = 101.44 us (1033.64 GFLOPS/s)
PAD: 1 x 6.52 us = 6.52 us
RMS_NORM_MUL RMS_NORM(256,24,1,1): 1 x 5.6 us = 5.6 us
RMS_NORM_MUL RMS_NORM(256,4,1,1): 1 x 3.76 us = 3.76 us
RMS_NORM_MUL RMS_NORM(5120,1,1,1): 5 x 3.8 us = 19 us
ROPE: 2 x 3.74 us = 7.48 us
SET_ROWS: 2 x 3 us = 6 us
SIGMOID_MUL SIGMOID: 1 x 1.64 us = 1.64 us
TOP_K K=10 (98304,1,1,1): 1 x 9.24 us = 9.24 us
Total time: 1405.24 us.
----------------
Vulkan Timings:
CONCAT: 1 x 1.64 us = 1.64 us
CONT: 1 x 3.76 us = 3.76 us
FLASH_ATTN_EXT dst(256,24,1,1),  q(256,1,24,1),  k(256,256,4,1),  v(256,256,4,1),  m(256,1,1,1): 1 x 13.76 us = 13.76 us (457.228 GFLOPS/s)
GET_ROWS: 3 x 4.946 us = 14.84 us
GLU: 1 x 1.72 us = 1.72 us
MUL_MAT f32 m=256 n=24 k=256: 1 x 1.6 us = 1.6 us (1962.24 GFLOPS/s)
MUL_MAT f32 m=64 n=16 k=64: 1 x 3.76 us = 3.76 us (34.5872 GFLOPS/s)
MUL_MAT f32 m=64 n=96 k=64: 1 x 3.72 us = 3.72 us (209.755 GFLOPS/s)
MUL_MAT_ADD MUL_MAT_VEC q6_K m=5120 n=1 k=17408: 1 x 122.56 us = 122.56 us (1454.41 GFLOPS/s)
MUL_MAT_ADD MUL_MAT_VEC q6_K m=5120 n=1 k=6144: 1 x 53.64 us = 53.64 us (1172.81 GFLOPS/s)
MUL_MAT_VEC f32 m=256 n=4 k=256: 1 x 3.16 us = 3.16 us (165.59 GFLOPS/s)
MUL_MAT_VEC q6_K m=1024 n=1 k=5120: 2 x 8.92 us = 17.84 us (1175.42 GFLOPS/s)
MUL_MAT_VEC q6_K m=12288 n=1 k=5120: 1 x 85.56 us = 85.56 us (1470.51 GFLOPS/s)
MUL_MAT_VEC q6_K m=17408 n=1 k=5120: 2 x 120.54 us = 241.08 us (1478.68 GFLOPS/s)
MUL_MAT_VEC q6_K m=98304 n=1 k=5120: 1 x 673.09 us = 673.09 us (1495.39 GFLOPS/s)
MUL_MAT_VEC q8_0 m=5120 n=1 k=10240: 1 x 101.12 us = 101.12 us (1036.91 GFLOPS/s)
PAD: 1 x 6.52 us = 6.52 us
RMS_NORM_MUL RMS_NORM(256,24,1,1): 1 x 5.56 us = 5.56 us
RMS_NORM_MUL RMS_NORM(256,4,1,1): 1 x 3.8 us = 3.8 us
RMS_NORM_MUL RMS_NORM(5120,1,1,1): 5 x 3.784 us = 18.92 us
ROPE: 2 x 3.72 us = 7.44 us
SET_ROWS: 2 x 2.92 us = 5.84 us
SIGMOID_MUL SIGMOID: 1 x 1.72 us = 1.72 us
TOP_K K=10 (98304,1,1,1): 1 x 9.04 us = 9.04 us
Total time: 1401.69 us.
----------------
Vulkan Timings:
CONCAT: 1 x 1.64 us = 1.64 us
CONT: 1 x 3.8 us = 3.8 us
FLASH_ATTN_EXT dst(256,24,1,1),  q(256,1,24,1),  k(256,256,4,1),  v(256,256,4,1),  m(256,1,1,1): 1 x 13.96 us = 13.96 us (450.677 GFLOPS/s)
GET_ROWS: 3 x 4.933 us = 14.8 us
GLU: 1 x 1.8 us = 1.8 us
MUL_MAT f32 m=256 n=24 k=256: 1 x 1.6 us = 1.6 us (1962.24 GFLOPS/s)
MUL_MAT f32 m=64 n=16 k=64: 1 x 3.76 us = 3.76 us (34.5872 GFLOPS/s)
MUL_MAT f32 m=64 n=96 k=64: 1 x 3.72 us = 3.72 us (209.755 GFLOPS/s)
MUL_MAT_ADD MUL_MAT_VEC q6_K m=5120 n=1 k=17408: 1 x 123.2 us = 123.2 us (1446.86 GFLOPS/s)
MUL_MAT_ADD MUL_MAT_VEC q6_K m=5120 n=1 k=6144: 1 x 53.36 us = 53.36 us (1178.96 GFLOPS/s)
MUL_MAT_VEC f32 m=256 n=4 k=256: 1 x 3.12 us = 3.12 us (167.713 GFLOPS/s)
MUL_MAT_VEC q6_K m=1024 n=1 k=5120: 2 x 6.92 us = 13.84 us (1515.14 GFLOPS/s)
MUL_MAT_VEC q6_K m=12288 n=1 k=5120: 1 x 93.04 us = 93.04 us (1352.29 GFLOPS/s)
MUL_MAT_VEC q6_K m=17408 n=1 k=5120: 2 x 121.28 us = 242.56 us (1469.66 GFLOPS/s)
MUL_MAT_VEC q6_K m=98304 n=1 k=5120: 1 x 675.6 us = 675.6 us (1489.84 GFLOPS/s)
MUL_MAT_VEC q8_0 m=5120 n=1 k=10240: 1 x 101.2 us = 101.2 us (1036.09 GFLOPS/s)
PAD: 1 x 6.2 us = 6.2 us
RMS_NORM_MUL RMS_NORM(256,24,1,1): 1 x 3.76 us = 3.76 us
RMS_NORM_MUL RMS_NORM(256,4,1,1): 1 x 3.72 us = 3.72 us
RMS_NORM_MUL RMS_NORM(5120,1,1,1): 5 x 3.792 us = 18.96 us
ROPE: 2 x 3.72 us = 7.44 us
SET_ROWS: 2 x 2.98 us = 5.96 us
SIGMOID_MUL SIGMOID: 1 x 1.68 us = 1.68 us
TOP_K K=10 (98304,1,1,1): 1 x 9.12 us = 9.12 us
Total time: 1407.84 us.
----------------
Vulkan Timings:
ADD: 48 x 4.111 us = 197.36 us
CONT: 16 x 4.007 us = 64.12 us
FLASH_ATTN_EXT dst(256,24,5,1),  q(256,5,24,1),  k(256,256,4,1),  v(256,256,4,1),  m(256,5,1,1): 16 x 23.897 us = 382.36 us (1316.34 GFLOPS/s)
GDN_CACHE GATED_DELTA_NET: 48 x 13.919 us = 668.12 us
GDN_CONV_STATE CONCAT: 48 x 3.109 us = 149.24 us
GET_ROWS: 3 x 12.066 us = 36.2 us
GLU: 64 x 2.347 us = 150.24 us
MUL_MAT f32 m=256 n=120 k=256: 16 x 1.767 us = 28.28 us (8881.43 GFLOPS/s)
MUL_MAT f32 m=256 n=20 k=256: 16 x 3.402 us = 54.44 us (768.94 GFLOPS/s)
MUL_MAT f32 m=64 n=480 k=64: 16 x 3.995 us = 63.92 us (976.581 GFLOPS/s)
MUL_MAT f32 m=64 n=80 k=64: 16 x 3.975 us = 63.6 us (163.582 GFLOPS/s)
MUL_MAT_ADD MUL_MAT_VEC q6_K m=5120 n=5 k=17408: 64 x 130.524 us = 8353.56 us (6828.33 GFLOPS/s)
MUL_MAT_ADD MUL_MAT_VEC q6_K m=5120 n=5 k=6144: 16 x 55.847 us = 893.56 us (5632.25 GFLOPS/s)
MUL_MAT_GROUP MUL_MAT_VEC q6_K m=10240 n=5 k=5120: 47 x 118.673 us = 5577.64 us (4417.48 GFLOPS/s)
MUL_MAT_GROUP MUL_MAT_VEC q6_K m=12288 n=5 k=5120: 16 x 104.717 us = 1675.48 us (6007.44 GFLOPS/s)
MUL_MAT_GROUP MUL_MAT_VEC q6_K m=17408 n=5 k=5120: 64 x 266.679 us = 17067.5 us (3341.85 GFLOPS/s)
MUL_MAT_VEC f32 m=48 n=5 k=5120: 96 x 6.877 us = 660.2 us (357.326 GFLOPS/s)
MUL_MAT_VEC q6_K m=10240 n=5 k=5120: 1 x 79.8 us = 79.8 us (6569.38 GFLOPS/s)
MUL_MAT_VEC q6_K m=248320 n=5 k=5120: 1 x 1686.76 us = 1686.76 us (7536.78 GFLOPS/s)
MUL_MAT_VEC q6_K m=6144 n=5 k=5120: 1 x 51.04 us = 51.04 us (6162.66 GFLOPS/s)
MUL_MAT_VEC q8_0 m=5120 n=5 k=6144: 48 x 61.118 us = 2933.68 us (5146.53 GFLOPS/s)
RMS_NORM_MUL RMS_NORM(256,24,5,1): 16 x 4.22 us = 67.52 us
RMS_NORM_MUL RMS_NORM(256,4,5,1): 16 x 3.895 us = 62.32 us
RMS_NORM_MUL RMS_NORM(5120,5,1,1): 129 x 4.537 us = 585.4 us
RMS_NORM_MUL_SILU_MUL RMS_NORM(128,48,5,1): 48 x 6.357 us = 305.16 us
RMS_NORM_SCALE RMS_NORM(128,16,5,1): 96 x 2.63 us = 252.56 us
ROPE: 32 x 3.957 us = 126.64 us
SET_ROWS: 32 x 3.113 us = 99.64 us
SIGMOID_MUL SIGMOID: 16 x 4.012 us = 64.2 us
SSM_CONV_SILU SSM_CONV: 48 x 5.127 us = 246.12 us
Total time: 42646.6 us.
----------------
Vulkan Timings:
CONCAT: 1 x 3.88 us = 3.88 us
CONT: 1 x 4.08 us = 4.08 us
FLASH_ATTN_EXT dst(256,24,5,1),  q(256,5,24,1),  k(256,256,4,1),  v(256,256,4,1),  m(256,5,1,1): 1 x 24.68 us = 24.68 us (1274.61 GFLOPS/s)
GET_ROWS: 1 x 7.44 us = 7.44 us
GLU: 1 x 1.84 us = 1.84 us
MUL_MAT f32 m=256 n=120 k=256: 1 x 1.8 us = 1.8 us (8721.07 GFLOPS/s)
MUL_MAT f32 m=256 n=20 k=256: 1 x 3.48 us = 3.48 us (751.816 GFLOPS/s)
MUL_MAT f32 m=64 n=480 k=64: 1 x 4.08 us = 4.08 us (956.235 GFLOPS/s)
MUL_MAT f32 m=64 n=80 k=64: 1 x 4.12 us = 4.12 us (157.825 GFLOPS/s)
MUL_MAT_ADD MUL_MAT_VEC q6_K m=5120 n=5 k=17408: 1 x 157.27 us = 157.27 us (5667.09 GFLOPS/s)
MUL_MAT_ADD MUL_MAT_VEC q6_K m=5120 n=5 k=6144: 1 x 56.68 us = 56.68 us (5549.53 GFLOPS/s)
MUL_MAT_GROUP MUL_MAT_VEC q6_K m=12288 n=5 k=5120: 1 x 137.57 us = 137.57 us (4572.83 GFLOPS/s)
MUL_MAT_GROUP MUL_MAT_VEC q6_K m=17408 n=5 k=5120: 1 x 257.04 us = 257.04 us (3467.17 GFLOPS/s)
MUL_MAT_VEC q8_0 m=5120 n=5 k=10240: 1 x 107.72 us = 107.72 us (4866.9 GFLOPS/s)
RMS_NORM_MUL RMS_NORM(256,24,5,1): 1 x 4.04 us = 4.04 us
RMS_NORM_MUL RMS_NORM(256,4,5,1): 1 x 4.12 us = 4.12 us
RMS_NORM_MUL RMS_NORM(5120,5,1,1): 5 x 9.476 us = 47.38 us
ROPE: 2 x 4.12 us = 8.24 us
SET_ROWS: 2 x 3.16 us = 6.32 us
SIGMOID_MUL SIGMOID: 1 x 4.12 us = 4.12 us
Total time: 845.9 us.
----------------
Vulkan Timings:
CONCAT: 1 x 1.76 us = 1.76 us
CONT: 1 x 3.64 us = 3.64 us
FLASH_ATTN_EXT dst(256,24,1,1),  q(256,1,24,1),  k(256,256,4,1),  v(256,256,4,1),  m(256,1,1,1): 1 x 14.04 us = 14.04 us (448.109 GFLOPS/s)
GET_ROWS: 3 x 4.946 us = 14.84 us
GLU: 1 x 1.72 us = 1.72 us
MUL_MAT f32 m=256 n=24 k=256: 1 x 1.6 us = 1.6 us (1962.24 GFLOPS/s)
MUL_MAT f32 m=64 n=16 k=64: 1 x 1.92 us = 1.92 us (67.7333 GFLOPS/s)
MUL_MAT f32 m=64 n=96 k=64: 1 x 3.32 us = 3.32 us (235.027 GFLOPS/s)
MUL_MAT_ADD MUL_MAT_VEC q6_K m=5120 n=1 k=17408: 1 x 123.56 us = 123.56 us (1442.64 GFLOPS/s)
MUL_MAT_ADD MUL_MAT_VEC q6_K m=5120 n=1 k=6144: 1 x 47.44 us = 47.44 us (1326.08 GFLOPS/s)
MUL_MAT_VEC f32 m=256 n=4 k=256: 1 x 3.12 us = 3.12 us (167.713 GFLOPS/s)
MUL_MAT_VEC q6_K m=1024 n=1 k=5120: 2 x 9.14 us = 18.28 us (1147.13 GFLOPS/s)
MUL_MAT_VEC q6_K m=12288 n=1 k=5120: 1 x 90.56 us = 90.56 us (1389.32 GFLOPS/s)
MUL_MAT_VEC q6_K m=17408 n=1 k=5120: 2 x 121.78 us = 243.56 us (1463.63 GFLOPS/s)
MUL_MAT_VEC q6_K m=98304 n=1 k=5120: 1 x 673.83 us = 673.83 us (1493.75 GFLOPS/s)
MUL_MAT_VEC q8_0 m=5120 n=1 k=10240: 1 x 98.36 us = 98.36 us (1066.01 GFLOPS/s)
PAD: 1 x 6.52 us = 6.52 us
RMS_NORM_MUL RMS_NORM(256,24,1,1): 1 x 6.04 us = 6.04 us
RMS_NORM_MUL RMS_NORM(256,4,1,1): 1 x 5.04 us = 5.04 us
RMS_NORM_MUL RMS_NORM(5120,1,1,1): 5 x 4.488 us = 22.44 us
ROPE: 2 x 3.46 us = 6.92 us
SET_ROWS: 2 x 2.9 us = 5.8 us
SIGMOID_MUL SIGMOID: 1 x 1.56 us = 1.56 us
TOP_K K=10 (98304,1,1,1): 1 x 9.8 us = 9.8 us
Total time: 1405.67 us.
----------------
Vulkan Timings:
CONCAT: 1 x 1.68 us = 1.68 us
CONT: 1 x 3.64 us = 3.64 us
FLASH_ATTN_EXT dst(256,24,1,1),  q(256,1,24,1),  k(256,256,4,1),  v(256,256,4,1),  m(256,1,1,1): 1 x 14.08 us = 14.08 us (446.836 GFLOPS/s)
GET_ROWS: 3 x 4.866 us = 14.6 us
GLU: 1 x 1.8 us = 1.8 us
MUL_MAT f32 m=256 n=24 k=256: 1 x 1.72 us = 1.72 us (1825.34 GFLOPS/s)
MUL_MAT f32 m=64 n=16 k=64: 1 x 3.68 us = 3.68 us (35.3391 GFLOPS/s)
MUL_MAT f32 m=64 n=96 k=64: 1 x 3.68 us = 3.68 us (212.035 GFLOPS/s)
MUL_MAT_ADD MUL_MAT_VEC q6_K m=5120 n=1 k=17408: 1 x 122.56 us = 122.56 us (1454.41 GFLOPS/s)
MUL_MAT_ADD MUL_MAT_VEC q6_K m=5120 n=1 k=6144: 1 x 54.04 us = 54.04 us (1164.13 GFLOPS/s)
MUL_MAT_VEC f32 m=256 n=4 k=256: 1 x 3.04 us = 3.04 us (172.126 GFLOPS/s)
MUL_MAT_VEC q6_K m=1024 n=1 k=5120: 2 x 6.86 us = 13.72 us (1528.39 GFLOPS/s)
MUL_MAT_VEC q6_K m=12288 n=1 k=5120: 1 x 93.12 us = 93.12 us (1351.13 GFLOPS/s)
MUL_MAT_VEC q6_K m=17408 n=1 k=5120: 2 x 121.36 us = 242.72 us (1468.69 GFLOPS/s)
MUL_MAT_VEC q6_K m=98304 n=1 k=5120: 1 x 674.93 us = 674.93 us (1491.32 GFLOPS/s)
MUL_MAT_VEC q8_0 m=5120 n=1 k=10240: 1 x 100.56 us = 100.56 us (1042.69 GFLOPS/s)
PAD: 1 x 6.2 us = 6.2 us
RMS_NORM_MUL RMS_NORM(256,24,1,1): 1 x 3.68 us = 3.68 us
RMS_NORM_MUL RMS_NORM(256,4,1,1): 1 x 3.72 us = 3.72 us
RMS_NORM_MUL RMS_NORM(5120,1,1,1): 5 x 4.904 us = 24.52 us
ROPE: 2 x 3.66 us = 7.32 us
SET_ROWS: 2 x 2.9 us = 5.8 us
SIGMOID_MUL SIGMOID: 1 x 1.68 us = 1.68 us
TOP_K K=10 (98304,1,1,1): 1 x 9.32 us = 9.32 us
Total time: 1411.81 us.
----------------
Vulkan Timings:
CONCAT: 1 x 1.68 us = 1.68 us
CONT: 1 x 3.6 us = 3.6 us
FLASH_ATTN_EXT dst(256,24,1,1),  q(256,1,24,1),  k(256,256,4,1),  v(256,256,4,1),  m(256,1,1,1): 1 x 13.76 us = 13.76 us (457.228 GFLOPS/s)
GET_ROWS: 3 x 4.88 us = 14.64 us
GLU: 1 x 1.76 us = 1.76 us
MUL_MAT f32 m=256 n=24 k=256: 1 x 1.6 us = 1.6 us (1962.24 GFLOPS/s)
MUL_MAT f32 m=64 n=16 k=64: 1 x 3.56 us = 3.56 us (36.5303 GFLOPS/s)
MUL_MAT f32 m=64 n=96 k=64: 1 x 3.64 us = 3.64 us (214.365 GFLOPS/s)
MUL_MAT_ADD MUL_MAT_VEC q6_K m=5120 n=1 k=17408: 1 x 123.56 us = 123.56 us (1442.64 GFLOPS/s)
MUL_MAT_ADD MUL_MAT_VEC q6_K m=5120 n=1 k=6144: 1 x 53.24 us = 53.24 us (1181.62 GFLOPS/s)
MUL_MAT_VEC f32 m=256 n=4 k=256: 1 x 3 us = 3 us (174.421 GFLOPS/s)
MUL_MAT_VEC q6_K m=1024 n=1 k=5120: 2 x 9.76 us = 19.52 us (1074.26 GFLOPS/s)
MUL_MAT_VEC q6_K m=12288 n=1 k=5120: 1 x 85.84 us = 85.84 us (1465.71 GFLOPS/s)
MUL_MAT_VEC q6_K m=17408 n=1 k=5120: 2 x 121.34 us = 242.68 us (1468.93 GFLOPS/s)
MUL_MAT_VEC q6_K m=98304 n=1 k=5120: 1 x 674.47 us = 674.47 us (1492.33 GFLOPS/s)
MUL_MAT_VEC q8_0 m=5120 n=1 k=10240: 1 x 102.24 us = 102.24 us (1025.55 GFLOPS/s)
PAD: 1 x 6.36 us = 6.36 us
RMS_NORM_MUL RMS_NORM(256,24,1,1): 1 x 3.64 us = 3.64 us
RMS_NORM_MUL RMS_NORM(256,4,1,1): 1 x 3.6 us = 3.6 us
RMS_NORM_MUL RMS_NORM(5120,1,1,1): 5 x 3.768 us = 18.84 us
ROPE: 2 x 3.56 us = 7.12 us
SET_ROWS: 2 x 2.9 us = 5.8 us
SIGMOID_MUL SIGMOID: 1 x 1.68 us = 1.68 us
TOP_K K=10 (98304,1,1,1): 1 x 8.72 us = 8.72 us
Total time: 1404.55 us.
----------------
Vulkan Timings:
CONCAT: 1 x 1.72 us = 1.72 us
CONT: 1 x 3.6 us = 3.6 us
FLASH_ATTN_EXT dst(256,24,1,1),  q(256,1,24,1),  k(256,256,4,1),  v(256,256,4,1),  m(256,1,1,1): 1 x 14 us = 14 us (449.39 GFLOPS/s)
GET_ROWS: 3 x 4.92 us = 14.76 us
GLU: 1 x 1.88 us = 1.88 us
MUL_MAT f32 m=256 n=24 k=256: 1 x 1.64 us = 1.64 us (1914.38 GFLOPS/s)
MUL_MAT f32 m=64 n=16 k=64: 1 x 3.56 us = 3.56 us (36.5303 GFLOPS/s)
MUL_MAT f32 m=64 n=96 k=64: 1 x 3.64 us = 3.64 us (214.365 GFLOPS/s)
MUL_MAT_ADD MUL_MAT_VEC q6_K m=5120 n=1 k=17408: 1 x 123.52 us = 123.52 us (1443.11 GFLOPS/s)
MUL_MAT_ADD MUL_MAT_VEC q6_K m=5120 n=1 k=6144: 1 x 53.12 us = 53.12 us (1184.29 GFLOPS/s)
MUL_MAT_VEC f32 m=256 n=4 k=256: 1 x 3 us = 3 us (174.421 GFLOPS/s)
MUL_MAT_VEC q6_K m=1024 n=1 k=5120: 2 x 8.76 us = 17.52 us (1196.89 GFLOPS/s)
MUL_MAT_VEC q6_K m=12288 n=1 k=5120: 1 x 85.36 us = 85.36 us (1473.96 GFLOPS/s)
MUL_MAT_VEC q6_K m=17408 n=1 k=5120: 2 x 121.16 us = 242.32 us (1471.12 GFLOPS/s)
MUL_MAT_VEC q6_K m=98304 n=1 k=5120: 1 x 671.09 us = 671.09 us (1499.85 GFLOPS/s)
MUL_MAT_VEC q8_0 m=5120 n=1 k=10240: 1 x 101.4 us = 101.4 us (1034.05 GFLOPS/s)
PAD: 1 x 6.36 us = 6.36 us
RMS_NORM_MUL RMS_NORM(256,24,1,1): 1 x 5.28 us = 5.28 us
RMS_NORM_MUL RMS_NORM(256,4,1,1): 1 x 3.6 us = 3.6 us
RMS_NORM_MUL RMS_NORM(5120,1,1,1): 5 x 3.768 us = 18.84 us
ROPE: 2 x 3.58 us = 7.16 us
SET_ROWS: 2 x 2.9 us = 5.8 us
SIGMOID_MUL SIGMOID: 1 x 1.64 us = 1.64 us
TOP_K K=10 (98304,1,1,1): 1 x 8.88 us = 8.88 us
Total time: 1399.69 us.
----------------
Vulkan Timings:
ADD: 48 x 3.843 us = 184.48 us
CONT: 16 x 3.725 us = 59.6 us
FLASH_ATTN_EXT dst(256,24,5,1),  q(256,5,24,1),  k(256,256,4,1),  v(256,256,4,1),  m(256,5,1,1): 16 x 23.617 us = 377.88 us (1331.95 GFLOPS/s)
GDN_CACHE GATED_DELTA_NET: 48 x 14.462 us = 694.2 us
GDN_CONV_STATE CONCAT: 48 x 3.158 us = 151.6 us
GET_ROWS: 3 x 11.933 us = 35.8 us
GLU: 64 x 2.381 us = 152.44 us
MUL_MAT f32 m=256 n=120 k=256: 16 x 1.715 us = 27.44 us (9153.31 GFLOPS/s)
MUL_MAT f32 m=256 n=20 k=256: 16 x 3.152 us = 50.44 us (829.919 GFLOPS/s)
MUL_MAT f32 m=64 n=480 k=64: 16 x 3.74 us = 59.84 us (1043.17 GFLOPS/s)
MUL_MAT f32 m=64 n=80 k=64: 16 x 3.715 us = 59.44 us (175.031 GFLOPS/s)
MUL_MAT_ADD MUL_MAT_VEC q6_K m=5120 n=5 k=17408: 64 x 129.858 us = 8310.96 us (6863.33 GFLOPS/s)
MUL_MAT_ADD MUL_MAT_VEC q6_K m=5120 n=5 k=6144: 16 x 55.44 us = 887.04 us (5673.65 GFLOPS/s)
MUL_MAT_GROUP MUL_MAT_VEC q6_K m=10240 n=5 k=5120: 47 x 118.214 us = 5556.08 us (4434.62 GFLOPS/s)
MUL_MAT_GROUP MUL_MAT_VEC q6_K m=12288 n=5 k=5120: 16 x 104.375 us = 1670 us (6027.15 GFLOPS/s)
MUL_MAT_GROUP MUL_MAT_VEC q6_K m=17408 n=5 k=5120: 64 x 266.2 us = 17036.8 us (3347.86 GFLOPS/s)
MUL_MAT_VEC f32 m=48 n=5 k=5120: 96 x 6.364 us = 611 us (386.099 GFLOPS/s)
MUL_MAT_VEC q6_K m=10240 n=5 k=5120: 1 x 80.08 us = 80.08 us (6546.41 GFLOPS/s)
MUL_MAT_VEC q6_K m=248320 n=5 k=5120: 1 x 1693.68 us = 1693.68 us (7505.99 GFLOPS/s)
MUL_MAT_VEC q6_K m=6144 n=5 k=5120: 1 x 49.48 us = 49.48 us (6356.95 GFLOPS/s)
MUL_MAT_VEC q8_0 m=5120 n=5 k=6144: 48 x 60.695 us = 2913.36 us (5182.42 GFLOPS/s)
RMS_NORM_MUL RMS_NORM(256,24,5,1): 16 x 3.842 us = 61.48 us
RMS_NORM_MUL RMS_NORM(256,4,5,1): 16 x 3.637 us = 58.2 us
RMS_NORM_MUL RMS_NORM(5120,5,1,1): 129 x 4.335 us = 559.32 us
RMS_NORM_MUL_SILU_MUL RMS_NORM(128,48,5,1): 48 x 5.905 us = 283.44 us
RMS_NORM_SCALE RMS_NORM(128,16,5,1): 96 x 2.51 us = 240.96 us
ROPE: 32 x 3.687 us = 118 us
SET_ROWS: 32 x 2.92 us = 93.44 us
SIGMOID_MUL SIGMOID: 16 x 3.742 us = 59.88 us
SSM_CONV_SILU SSM_CONV: 48 x 4.842 us = 232.44 us
Total time: 42368.8 us.
----------------
Vulkan Timings:
CONCAT: 1 x 4 us = 4 us
CONT: 1 x 3.96 us = 3.96 us
FLASH_ATTN_EXT dst(256,24,5,1),  q(256,5,24,1),  k(256,256,4,1),  v(256,256,4,1),  m(256,5,1,1): 1 x 24.8 us = 24.8 us (1268.44 GFLOPS/s)
GET_ROWS: 1 x 7.32 us = 7.32 us
GLU: 1 x 1.8 us = 1.8 us
MUL_MAT f32 m=256 n=120 k=256: 1 x 1.8 us = 1.8 us (8721.07 GFLOPS/s)
MUL_MAT f32 m=256 n=20 k=256: 1 x 3.28 us = 3.28 us (797.659 GFLOPS/s)
MUL_MAT f32 m=64 n=480 k=64: 1 x 3.92 us = 3.92 us (995.265 GFLOPS/s)
MUL_MAT f32 m=64 n=80 k=64: 1 x 3.96 us = 3.96 us (164.202 GFLOPS/s)
MUL_MAT_ADD MUL_MAT_VEC q6_K m=5120 n=5 k=17408: 1 x 158.19 us = 158.19 us (5634.14 GFLOPS/s)
MUL_MAT_ADD MUL_MAT_VEC q6_K m=5120 n=5 k=6144: 1 x 56.48 us = 56.48 us (5569.18 GFLOPS/s)
MUL_MAT_GROUP MUL_MAT_VEC q6_K m=12288 n=5 k=5120: 1 x 135.23 us = 135.23 us (4651.96 GFLOPS/s)
MUL_MAT_GROUP MUL_MAT_VEC q6_K m=17408 n=5 k=5120: 1 x 256.48 us = 256.48 us (3474.74 GFLOPS/s)
MUL_MAT_VEC q8_0 m=5120 n=5 k=10240: 1 x 106.44 us = 106.44 us (4925.43 GFLOPS/s)
RMS_NORM_MUL RMS_NORM(256,24,5,1): 1 x 3.84 us = 3.84 us
RMS_NORM_MUL RMS_NORM(256,4,5,1): 1 x 3.88 us = 3.88 us
RMS_NORM_MUL RMS_NORM(5120,5,1,1): 5 x 9.486 us = 47.43 us
ROPE: 2 x 3.9 us = 7.8 us
SET_ROWS: 2 x 3.06 us = 6.12 us
SIGMOID_MUL SIGMOID: 1 x 3.96 us = 3.96 us
Total time: 840.69 us.
----------------
Vulkan Timings:
CONCAT: 1 x 1.76 us = 1.76 us
CONT: 1 x 3.84 us = 3.84 us
FLASH_ATTN_EXT dst(256,24,1,1),  q(256,1,24,1),  k(256,256,4,1),  v(256,256,4,1),  m(256,1,1,1): 1 x 14.12 us = 14.12 us (445.571 GFLOPS/s)
GET_ROWS: 3 x 5.08 us = 15.24 us
GLU: 1 x 1.68 us = 1.68 us
MUL_MAT f32 m=256 n=24 k=256: 1 x 1.6 us = 1.6 us (1962.24 GFLOPS/s)
MUL_MAT f32 m=64 n=16 k=64: 1 x 1.88 us = 1.88 us (69.1745 GFLOPS/s)
MUL_MAT f32 m=64 n=96 k=64: 1 x 3.52 us = 3.52 us (221.673 GFLOPS/s)
MUL_MAT_ADD MUL_MAT_VEC q6_K m=5120 n=1 k=17408: 1 x 125.32 us = 125.32 us (1422.38 GFLOPS/s)
MUL_MAT_ADD MUL_MAT_VEC q6_K m=5120 n=1 k=6144: 1 x 48.52 us = 48.52 us (1296.57 GFLOPS/s)
MUL_MAT_VEC f32 m=256 n=4 k=256: 1 x 3.32 us = 3.32 us (157.61 GFLOPS/s)
MUL_MAT_VEC q6_K m=1024 n=1 k=5120: 2 x 8.9 us = 17.8 us (1178.06 GFLOPS/s)
MUL_MAT_VEC q6_K m=12288 n=1 k=5120: 1 x 90.88 us = 90.88 us (1384.43 GFLOPS/s)
MUL_MAT_VEC q6_K m=17408 n=1 k=5120: 2 x 121.72 us = 243.44 us (1464.35 GFLOPS/s)
MUL_MAT_VEC q6_K m=98304 n=1 k=5120: 1 x 674.58 us = 674.58 us (1492.09 GFLOPS/s)
MUL_MAT_VEC q8_0 m=5120 n=1 k=10240: 1 x 98.68 us = 98.68 us (1062.55 GFLOPS/s)
PAD: 1 x 6.64 us = 6.64 us
RMS_NORM_MUL RMS_NORM(256,24,1,1): 1 x 6.4 us = 6.4 us
RMS_NORM_MUL RMS_NORM(256,4,1,1): 1 x 5.4 us = 5.4 us
RMS_NORM_MUL RMS_NORM(5120,1,1,1): 5 x 4.424 us = 22.12 us
ROPE: 2 x 3.64 us = 7.28 us
SET_ROWS: 2 x 3.02 us = 6.04 us
SIGMOID_MUL SIGMOID: 1 x 1.68 us = 1.68 us
TOP_K K=10 (98304,1,1,1): 1 x 9.68 us = 9.68 us
Total time: 1411.42 us.
----------------
Vulkan Timings:
CONCAT: 1 x 1.76 us = 1.76 us
CONT: 1 x 3.84 us = 3.84 us
FLASH_ATTN_EXT dst(256,24,1,1),  q(256,1,24,1),  k(256,256,4,1),  v(256,256,4,1),  m(256,1,1,1): 1 x 14.24 us = 14.24 us (441.816 GFLOPS/s)
GET_ROWS: 3 x 5.106 us = 15.32 us
GLU: 1 x 1.84 us = 1.84 us
MUL_MAT f32 m=256 n=24 k=256: 1 x 1.68 us = 1.68 us (1868.8 GFLOPS/s)
MUL_MAT f32 m=64 n=16 k=64: 1 x 3.8 us = 3.8 us (34.2232 GFLOPS/s)
MUL_MAT f32 m=64 n=96 k=64: 1 x 3.84 us = 3.84 us (203.2 GFLOPS/s)
MUL_MAT_ADD MUL_MAT_VEC q6_K m=5120 n=1 k=17408: 1 x 123.44 us = 123.44 us (1444.04 GFLOPS/s)
MUL_MAT_ADD MUL_MAT_VEC q6_K m=5120 n=1 k=6144: 1 x 53.28 us = 53.28 us (1180.73 GFLOPS/s)
MUL_MAT_VEC f32 m=256 n=4 k=256: 1 x 3.24 us = 3.24 us (161.501 GFLOPS/s)
MUL_MAT_VEC q6_K m=1024 n=1 k=5120: 2 x 6.98 us = 13.96 us (1502.11 GFLOPS/s)
MUL_MAT_VEC q6_K m=12288 n=1 k=5120: 1 x 93.64 us = 93.64 us (1343.62 GFLOPS/s)
MUL_MAT_VEC q6_K m=17408 n=1 k=5120: 2 x 121.5 us = 243 us (1467 GFLOPS/s)
MUL_MAT_VEC q6_K m=98304 n=1 k=5120: 1 x 673.23 us = 673.23 us (1495.08 GFLOPS/s)
MUL_MAT_VEC q8_0 m=5120 n=1 k=10240: 1 x 102.08 us = 102.08 us (1027.16 GFLOPS/s)
PAD: 1 x 6.68 us = 6.68 us
RMS_NORM_MUL RMS_NORM(256,24,1,1): 1 x 3.84 us = 3.84 us
RMS_NORM_MUL RMS_NORM(256,4,1,1): 1 x 3.84 us = 3.84 us
RMS_NORM_MUL RMS_NORM(5120,1,1,1): 5 x 3.856 us = 19.28 us
ROPE: 2 x 3.84 us = 7.68 us
SET_ROWS: 2 x 3.08 us = 6.16 us
SIGMOID_MUL SIGMOID: 1 x 1.72 us = 1.72 us
TOP_K K=10 (98304,1,1,1): 1 x 9.36 us = 9.36 us
Total time: 1410.75 us.
----------------
Vulkan Timings:
CONCAT: 1 x 1.68 us = 1.68 us
CONT: 1 x 3.76 us = 3.76 us
FLASH_ATTN_EXT dst(256,24,1,1),  q(256,1,24,1),  k(256,256,4,1),  v(256,256,4,1),  m(256,1,1,1): 1 x 13.88 us = 13.88 us (453.275 GFLOPS/s)
GET_ROWS: 3 x 5.013 us = 15.04 us
GLU: 1 x 1.88 us = 1.88 us
MUL_MAT f32 m=256 n=24 k=256: 1 x 1.72 us = 1.72 us (1825.34 GFLOPS/s)
MUL_MAT f32 m=64 n=16 k=64: 1 x 3.84 us = 3.84 us (33.8667 GFLOPS/s)
MUL_MAT f32 m=64 n=96 k=64: 1 x 3.76 us = 3.76 us (207.523 GFLOPS/s)
MUL_MAT_ADD MUL_MAT_VEC q6_K m=5120 n=1 k=17408: 1 x 122.8 us = 122.8 us (1451.57 GFLOPS/s)
MUL_MAT_ADD MUL_MAT_VEC q6_K m=5120 n=1 k=6144: 1 x 53.72 us = 53.72 us (1171.06 GFLOPS/s)
MUL_MAT_VEC f32 m=256 n=4 k=256: 1 x 3.16 us = 3.16 us (165.59 GFLOPS/s)
MUL_MAT_VEC q6_K m=1024 n=1 k=5120: 2 x 10.08 us = 20.16 us (1040.15 GFLOPS/s)
MUL_MAT_VEC q6_K m=12288 n=1 k=5120: 1 x 85.48 us = 85.48 us (1471.89 GFLOPS/s)
MUL_MAT_VEC q6_K m=17408 n=1 k=5120: 2 x 121.1 us = 242.2 us (1471.85 GFLOPS/s)
MUL_MAT_VEC q6_K m=98304 n=1 k=5120: 1 x 672.69 us = 672.69 us (1496.28 GFLOPS/s)
MUL_MAT_VEC q8_0 m=5120 n=1 k=10240: 1 x 100.92 us = 100.92 us (1038.97 GFLOPS/s)
PAD: 1 x 6.44 us = 6.44 us
RMS_NORM_MUL RMS_NORM(256,24,1,1): 1 x 3.8 us = 3.8 us
RMS_NORM_MUL RMS_NORM(256,4,1,1): 1 x 3.8 us = 3.8 us
RMS_NORM_MUL RMS_NORM(5120,1,1,1): 5 x 3.768 us = 18.84 us
ROPE: 2 x 3.8 us = 7.6 us
SET_ROWS: 2 x 2.98 us = 5.96 us
SIGMOID_MUL SIGMOID: 1 x 1.64 us = 1.64 us
TOP_K K=10 (98304,1,1,1): 1 x 9.32 us = 9.32 us
Total time: 1404.09 us.
----------------
Vulkan Timings:
CONCAT: 1 x 1.64 us = 1.64 us
CONT: 1 x 3.76 us = 3.76 us
FLASH_ATTN_EXT dst(256,24,1,1),  q(256,1,24,1),  k(256,256,4,1),  v(256,256,4,1),  m(256,1,1,1): 1 x 13.88 us = 13.88 us (453.275 GFLOPS/s)
GET_ROWS: 3 x 4.906 us = 14.72 us
GLU: 1 x 1.8 us = 1.8 us
MUL_MAT f32 m=256 n=24 k=256: 1 x 1.68 us = 1.68 us (1868.8 GFLOPS/s)
MUL_MAT f32 m=64 n=16 k=64: 1 x 3.76 us = 3.76 us (34.5872 GFLOPS/s)
MUL_MAT f32 m=64 n=96 k=64: 1 x 3.76 us = 3.76 us (207.523 GFLOPS/s)
MUL_MAT_ADD MUL_MAT_VEC q6_K m=5120 n=1 k=17408: 1 x 122.76 us = 122.76 us (1452.04 GFLOPS/s)
MUL_MAT_ADD MUL_MAT_VEC q6_K m=5120 n=1 k=6144: 1 x 53.84 us = 53.84 us (1168.45 GFLOPS/s)
MUL_MAT_VEC f32 m=256 n=4 k=256: 1 x 3.12 us = 3.12 us (167.713 GFLOPS/s)
MUL_MAT_VEC q6_K m=1024 n=1 k=5120: 2 x 8.82 us = 17.64 us (1188.75 GFLOPS/s)
MUL_MAT_VEC q6_K m=12288 n=1 k=5120: 1 x 85.52 us = 85.52 us (1471.2 GFLOPS/s)
MUL_MAT_VEC q6_K m=17408 n=1 k=5120: 2 x 121.12 us = 242.24 us (1471.6 GFLOPS/s)
MUL_MAT_VEC q6_K m=98304 n=1 k=5120: 1 x 675.39 us = 675.39 us (1490.3 GFLOPS/s)
MUL_MAT_VEC q8_0 m=5120 n=1 k=10240: 1 x 101.4 us = 101.4 us (1034.05 GFLOPS/s)
PAD: 1 x 6.52 us = 6.52 us
RMS_NORM_MUL RMS_NORM(256,24,1,1): 1 x 5.6 us = 5.6 us
RMS_NORM_MUL RMS_NORM(256,4,1,1): 1 x 3.72 us = 3.72 us
RMS_NORM_MUL RMS_NORM(5120,1,1,1): 5 x 3.744 us = 18.72 us
ROPE: 2 x 3.7 us = 7.4 us
SET_ROWS: 2 x 2.96 us = 5.92 us
SIGMOID_MUL SIGMOID: 1 x 1.68 us = 1.68 us
TOP_K K=10 (98304,1,1,1): 1 x 9.12 us = 9.12 us
Total time: 1405.59 us.
----------------
Vulkan Timings:
ADD: 48 x 3.945 us = 189.4 us
CONT: 16 x 3.847 us = 61.56 us
FLASH_ATTN_EXT dst(256,24,5,1),  q(256,5,24,1),  k(256,256,4,1),  v(256,256,4,1),  m(256,5,1,1): 16 x 23.362 us = 373.8 us (1346.49 GFLOPS/s)
GDN_CACHE GATED_DELTA_NET: 48 x 13.819 us = 663.32 us
GDN_CONV_STATE CONCAT: 48 x 3.005 us = 144.28 us
GET_ROWS: 3 x 11.853 us = 35.56 us
GLU: 64 x 2.367 us = 151.52 us
MUL_MAT f32 m=256 n=120 k=256: 16 x 1.735 us = 27.76 us (9047.79 GFLOPS/s)
MUL_MAT f32 m=256 n=20 k=256: 16 x 3.115 us = 49.84 us (839.91 GFLOPS/s)
MUL_MAT f32 m=64 n=480 k=64: 16 x 3.835 us = 61.36 us (1017.32 GFLOPS/s)
MUL_MAT f32 m=64 n=80 k=64: 16 x 3.817 us = 61.08 us (170.331 GFLOPS/s)
MUL_MAT_ADD MUL_MAT_VEC q6_K m=5120 n=5 k=17408: 64 x 129.822 us = 8308.64 us (6865.25 GFLOPS/s)
MUL_MAT_ADD MUL_MAT_VEC q6_K m=5120 n=5 k=6144: 16 x 55.43 us = 886.88 us (5674.67 GFLOPS/s)
MUL_MAT_GROUP MUL_MAT_VEC q6_K m=10240 n=5 k=5120: 47 x 118.226 us = 5556.64 us (4434.18 GFLOPS/s)
MUL_MAT_GROUP MUL_MAT_VEC q6_K m=12288 n=5 k=5120: 16 x 104.395 us = 1670.32 us (6026 GFLOPS/s)
MUL_MAT_GROUP MUL_MAT_VEC q6_K m=17408 n=5 k=5120: 64 x 266.771 us = 17073.4 us (3340.69 GFLOPS/s)
MUL_MAT_VEC f32 m=48 n=5 k=5120: 96 x 6.767 us = 649.68 us (363.112 GFLOPS/s)
MUL_MAT_VEC q6_K m=10240 n=5 k=5120: 1 x 80.56 us = 80.56 us (6507.41 GFLOPS/s)
MUL_MAT_VEC q6_K m=248320 n=5 k=5120: 1 x 1687 us = 1687 us (7535.71 GFLOPS/s)
MUL_MAT_VEC q6_K m=6144 n=5 k=5120: 1 x 49.76 us = 49.76 us (6321.18 GFLOPS/s)
MUL_MAT_VEC q8_0 m=5120 n=5 k=6144: 48 x 60.765 us = 2916.76 us (5176.38 GFLOPS/s)
RMS_NORM_MUL RMS_NORM(256,24,5,1): 16 x 3.965 us = 63.44 us
RMS_NORM_MUL RMS_NORM(256,4,5,1): 16 x 3.735 us = 59.76 us
RMS_NORM_MUL RMS_NORM(5120,5,1,1): 129 x 4.379 us = 564.96 us
RMS_NORM_MUL_SILU_MUL RMS_NORM(128,48,5,1): 48 x 6.091 us = 292.4 us
RMS_NORM_SCALE RMS_NORM(128,16,5,1): 96 x 2.513 us = 241.32 us
ROPE: 32 x 3.801 us = 121.64 us
SET_ROWS: 32 x 3.031 us = 97 us
SIGMOID_MUL SIGMOID: 16 x 3.857 us = 61.72 us
SSM_CONV_SILU SSM_CONV: 48 x 4.938 us = 237.04 us
Total time: 42438.4 us.
----------------
Vulkan Timings:
CONCAT: 1 x 3.88 us = 3.88 us
CONT: 1 x 3.92 us = 3.92 us
FLASH_ATTN_EXT dst(256,24,5,1),  q(256,5,24,1),  k(256,256,4,1),  v(256,256,4,1),  m(256,5,1,1): 1 x 23.8 us = 23.8 us (1321.73 GFLOPS/s)
GET_ROWS: 1 x 7.24 us = 7.24 us
GLU: 1 x 1.76 us = 1.76 us
MUL_MAT f32 m=256 n=120 k=256: 1 x 1.76 us = 1.76 us (8919.27 GFLOPS/s)
MUL_MAT f32 m=256 n=20 k=256: 1 x 3.32 us = 3.32 us (788.048 GFLOPS/s)
MUL_MAT f32 m=64 n=480 k=64: 1 x 3.96 us = 3.96 us (985.212 GFLOPS/s)
MUL_MAT f32 m=64 n=80 k=64: 1 x 3.92 us = 3.92 us (165.878 GFLOPS/s)
MUL_MAT_ADD MUL_MAT_VEC q6_K m=5120 n=5 k=17408: 1 x 156.59 us = 156.59 us (5691.7 GFLOPS/s)
MUL_MAT_ADD MUL_MAT_VEC q6_K m=5120 n=5 k=6144: 1 x 57.24 us = 57.24 us (5495.23 GFLOPS/s)
MUL_MAT_GROUP MUL_MAT_VEC q6_K m=12288 n=5 k=5120: 1 x 132.88 us = 132.88 us (4734.23 GFLOPS/s)
MUL_MAT_GROUP MUL_MAT_VEC q6_K m=17408 n=5 k=5120: 1 x 255.4 us = 255.4 us (3489.44 GFLOPS/s)
MUL_MAT_VEC q8_0 m=5120 n=5 k=10240: 1 x 107.32 us = 107.32 us (4885.04 GFLOPS/s)
RMS_NORM_MUL RMS_NORM(256,24,5,1): 1 x 3.84 us = 3.84 us
RMS_NORM_MUL RMS_NORM(256,4,5,1): 1 x 3.92 us = 3.92 us
RMS_NORM_MUL RMS_NORM(5120,5,1,1): 5 x 9.128 us = 45.64 us
ROPE: 2 x 3.92 us = 7.84 us
SET_ROWS: 2 x 3.04 us = 6.08 us
SIGMOID_MUL SIGMOID: 1 x 3.92 us = 3.92 us
Total time: 834.23 us.
----------------
Vulkan Timings:
CONCAT: 1 x 1.72 us = 1.72 us
CONT: 1 x 3.56 us = 3.56 us
FLASH_ATTN_EXT dst(256,24,1,1),  q(256,1,24,1),  k(256,256,4,1),  v(256,256,4,1),  m(256,1,1,1): 1 x 13.68 us = 13.68 us (459.902 GFLOPS/s)
GET_ROWS: 3 x 4.853 us = 14.56 us
GLU: 1 x 1.6 us = 1.6 us
MUL_MAT f32 m=256 n=24 k=256: 1 x 1.6 us = 1.6 us (1962.24 GFLOPS/s)
MUL_MAT f32 m=64 n=16 k=64: 1 x 1.8 us = 1.8 us (72.2489 GFLOPS/s)
MUL_MAT f32 m=64 n=96 k=64: 1 x 3.32 us = 3.32 us (235.027 GFLOPS/s)
MUL_MAT_ADD MUL_MAT_VEC q6_K m=5120 n=1 k=17408: 1 x 123.2 us = 123.2 us (1446.86 GFLOPS/s)
MUL_MAT_ADD MUL_MAT_VEC q6_K m=5120 n=1 k=6144: 1 x 47.68 us = 47.68 us (1319.41 GFLOPS/s)
MUL_MAT_VEC f32 m=256 n=4 k=256: 1 x 3.04 us = 3.04 us (172.126 GFLOPS/s)
MUL_MAT_VEC q6_K m=1024 n=1 k=5120: 2 x 8.74 us = 17.48 us (1199.63 GFLOPS/s)
MUL_MAT_VEC q6_K m=12288 n=1 k=5120: 1 x 90.28 us = 90.28 us (1393.63 GFLOPS/s)
MUL_MAT_VEC q6_K m=17408 n=1 k=5120: 2 x 121.3 us = 242.6 us (1469.42 GFLOPS/s)
MUL_MAT_VEC q6_K m=98304 n=1 k=5120: 1 x 673.31 us = 673.31 us (1494.91 GFLOPS/s)
MUL_MAT_VEC q8_0 m=5120 n=1 k=10240: 1 x 98.88 us = 98.88 us (1060.4 GFLOPS/s)
PAD: 1 x 6.4 us = 6.4 us
RMS_NORM_MUL RMS_NORM(256,24,1,1): 1 x 5.96 us = 5.96 us
RMS_NORM_MUL RMS_NORM(256,4,1,1): 1 x 4.96 us = 4.96 us
RMS_NORM_MUL RMS_NORM(5120,1,1,1): 5 x 4.384 us = 21.92 us
ROPE: 2 x 3.4 us = 6.8 us
SET_ROWS: 2 x 2.86 us = 5.72 us
SIGMOID_MUL SIGMOID: 1 x 1.6 us = 1.6 us
TOP_K K=10 (98304,1,1,1): 1 x 9.24 us = 9.24 us
Total time: 1400.91 us.
----------------
Vulkan Timings:
CONCAT: 1 x 1.72 us = 1.72 us
CONT: 1 x 3.56 us = 3.56 us
FLASH_ATTN_EXT dst(256,24,1,1),  q(256,1,24,1),  k(256,256,4,1),  v(256,256,4,1),  m(256,1,1,1): 1 x 13.8 us = 13.8 us (455.903 GFLOPS/s)
GET_ROWS: 3 x 4.84 us = 14.52 us
GLU: 1 x 1.8 us = 1.8 us
MUL_MAT f32 m=256 n=24 k=256: 1 x 1.64 us = 1.64 us (1914.38 GFLOPS/s)
MUL_MAT f32 m=64 n=16 k=64: 1 x 3.6 us = 3.6 us (36.1244 GFLOPS/s)
MUL_MAT f32 m=64 n=96 k=64: 1 x 3.6 us = 3.6 us (216.747 GFLOPS/s)
MUL_MAT_ADD MUL_MAT_VEC q6_K m=5120 n=1 k=17408: 1 x 122.92 us = 122.92 us (1450.15 GFLOPS/s)
MUL_MAT_ADD MUL_MAT_VEC q6_K m=5120 n=1 k=6144: 1 x 53.28 us = 53.28 us (1180.73 GFLOPS/s)
MUL_MAT_VEC f32 m=256 n=4 k=256: 1 x 3 us = 3 us (174.421 GFLOPS/s)
MUL_MAT_VEC q6_K m=1024 n=1 k=5120: 2 x 6.82 us = 13.64 us (1537.35 GFLOPS/s)
MUL_MAT_VEC q6_K m=12288 n=1 k=5120: 1 x 93.36 us = 93.36 us (1347.65 GFLOPS/s)
MUL_MAT_VEC q6_K m=17408 n=1 k=5120: 2 x 121.2 us = 242.4 us (1470.63 GFLOPS/s)
MUL_MAT_VEC q6_K m=98304 n=1 k=5120: 1 x 672.53 us = 672.53 us (1496.64 GFLOPS/s)
MUL_MAT_VEC q8_0 m=5120 n=1 k=10240: 1 x 101.72 us = 101.72 us (1030.8 GFLOPS/s)
PAD: 1 x 8.48 us = 8.48 us
RMS_NORM_MUL RMS_NORM(256,24,1,1): 1 x 3.64 us = 3.64 us
RMS_NORM_MUL RMS_NORM(256,4,1,1): 1 x 3.6 us = 3.6 us
RMS_NORM_MUL RMS_NORM(5120,1,1,1): 5 x 3.76 us = 18.8 us
ROPE: 2 x 3.6 us = 7.2 us
SET_ROWS: 2 x 2.9 us = 5.8 us
SIGMOID_MUL SIGMOID: 1 x 1.64 us = 1.64 us
TOP_K K=10 (98304,1,1,1): 1 x 6.76 us = 6.76 us
Total time: 1403.01 us.
----------------
Vulkan Timings:
CONCAT: 1 x 1.6 us = 1.6 us
CONT: 1 x 3.6 us = 3.6 us
FLASH_ATTN_EXT dst(256,24,1,1),  q(256,1,24,1),  k(256,256,4,1),  v(256,256,4,1),  m(256,1,1,1): 1 x 13.88 us = 13.88 us (453.275 GFLOPS/s)
GET_ROWS: 3 x 4.813 us = 14.44 us
GLU: 1 x 1.8 us = 1.8 us
MUL_MAT f32 m=256 n=24 k=256: 1 x 1.64 us = 1.64 us (1914.38 GFLOPS/s)
MUL_MAT f32 m=64 n=16 k=64: 1 x 3.64 us = 3.64 us (35.7275 GFLOPS/s)
MUL_MAT f32 m=64 n=96 k=64: 1 x 3.6 us = 3.6 us (216.747 GFLOPS/s)
MUL_MAT_ADD MUL_MAT_VEC q6_K m=5120 n=1 k=17408: 1 x 123.36 us = 123.36 us (1444.98 GFLOPS/s)
MUL_MAT_ADD MUL_MAT_VEC q6_K m=5120 n=1 k=6144: 1 x 54.24 us = 54.24 us (1159.83 GFLOPS/s)
MUL_MAT_VEC f32 m=256 n=4 k=256: 1 x 3 us = 3 us (174.421 GFLOPS/s)
MUL_MAT_VEC q6_K m=1024 n=1 k=5120: 2 x 6.92 us = 13.84 us (1515.14 GFLOPS/s)
MUL_MAT_VEC q6_K m=12288 n=1 k=5120: 1 x 93.64 us = 93.64 us (1343.62 GFLOPS/s)
MUL_MAT_VEC q6_K m=17408 n=1 k=5120: 2 x 121.84 us = 243.68 us (1462.91 GFLOPS/s)
MUL_MAT_VEC q6_K m=98304 n=1 k=5120: 1 x 673.36 us = 673.36 us (1494.79 GFLOPS/s)
MUL_MAT_VEC q8_0 m=5120 n=1 k=10240: 1 x 101.2 us = 101.2 us (1036.09 GFLOPS/s)
PAD: 1 x 6.36 us = 6.36 us
RMS_NORM_MUL RMS_NORM(256,24,1,1): 1 x 3.6 us = 3.6 us
RMS_NORM_MUL RMS_NORM(256,4,1,1): 1 x 3.6 us = 3.6 us
RMS_NORM_MUL RMS_NORM(5120,1,1,1): 5 x 3.752 us = 18.76 us
ROPE: 2 x 3.6 us = 7.2 us
SET_ROWS: 2 x 2.86 us = 5.72 us
SIGMOID_MUL SIGMOID: 1 x 1.68 us = 1.68 us
TOP_K K=10 (98304,1,1,1): 1 x 9.08 us = 9.08 us
Total time: 1406.52 us.
----------------
Vulkan Timings:
CONCAT: 1 x 1.64 us = 1.64 us
CONT: 1 x 3.6 us = 3.6 us
FLASH_ATTN_EXT dst(256,24,1,1),  q(256,1,24,1),  k(256,256,4,1),  v(256,256,4,1),  m(256,1,1,1): 1 x 13.84 us = 13.84 us (454.585 GFLOPS/s)
GET_ROWS: 3 x 4.893 us = 14.68 us
GLU: 1 x 1.8 us = 1.8 us
MUL_MAT f32 m=256 n=24 k=256: 1 x 1.6 us = 1.6 us (1962.24 GFLOPS/s)
MUL_MAT f32 m=64 n=16 k=64: 1 x 3.6 us = 3.6 us (36.1244 GFLOPS/s)
MUL_MAT f32 m=64 n=96 k=64: 1 x 3.64 us = 3.64 us (214.365 GFLOPS/s)
MUL_MAT_ADD MUL_MAT_VEC q6_K m=5120 n=1 k=17408: 1 x 123.84 us = 123.84 us (1439.38 GFLOPS/s)
MUL_MAT_ADD MUL_MAT_VEC q6_K m=5120 n=1 k=6144: 1 x 53.56 us = 53.56 us (1174.56 GFLOPS/s)
MUL_MAT_VEC f32 m=256 n=4 k=256: 1 x 3 us = 3 us (174.421 GFLOPS/s)
MUL_MAT_VEC q6_K m=1024 n=1 k=5120: 2 x 6.88 us = 13.76 us (1523.94 GFLOPS/s)
MUL_MAT_VEC q6_K m=12288 n=1 k=5120: 1 x 93.56 us = 93.56 us (1344.77 GFLOPS/s)
MUL_MAT_VEC q6_K m=17408 n=1 k=5120: 2 x 121.6 us = 243.2 us (1465.79 GFLOPS/s)
MUL_MAT_VEC q6_K m=98304 n=1 k=5120: 1 x 675.93 us = 675.93 us (1489.11 GFLOPS/s)
MUL_MAT_VEC q8_0 m=5120 n=1 k=10240: 1 x 102.04 us = 102.04 us (1027.56 GFLOPS/s)
PAD: 1 x 6.32 us = 6.32 us
RMS_NORM_MUL RMS_NORM(256,24,1,1): 1 x 3.6 us = 3.6 us
RMS_NORM_MUL RMS_NORM(256,4,1,1): 1 x 3.56 us = 3.56 us
RMS_NORM_MUL RMS_NORM(5120,1,1,1): 5 x 3.776 us = 18.88 us
ROPE: 2 x 3.56 us = 7.12 us
SET_ROWS: 2 x 2.92 us = 5.84 us
SIGMOID_MUL SIGMOID: 1 x 1.68 us = 1.68 us
TOP_K K=10 (98304,1,1,1): 1 x 8.88 us = 8.88 us
Total time: 1409.17 us.
----------------
Vulkan Timings:
ADD: 48 x 3.865 us = 185.52 us
CONT: 16 x 3.757 us = 60.12 us
FLASH_ATTN_EXT dst(256,24,5,1),  q(256,5,24,1),  k(256,256,4,1),  v(256,256,4,1),  m(256,5,1,1): 16 x 23.622 us = 377.96 us (1331.67 GFLOPS/s)
GDN_CACHE GATED_DELTA_NET: 48 x 14.528 us = 697.36 us
GDN_CONV_STATE CONCAT: 48 x 3.18 us = 152.68 us
GET_ROWS: 3 x 11.72 us = 35.16 us
GLU: 64 x 2.135 us = 136.64 us
MUL_MAT f32 m=256 n=120 k=256: 16 x 1.722 us = 27.56 us (9113.45 GFLOPS/s)
MUL_MAT f32 m=256 n=20 k=256: 16 x 3.162 us = 50.6 us (827.295 GFLOPS/s)
MUL_MAT f32 m=64 n=480 k=64: 16 x 3.745 us = 59.92 us (1041.77 GFLOPS/s)
MUL_MAT f32 m=64 n=80 k=64: 16 x 3.73 us = 59.68 us (174.327 GFLOPS/s)
MUL_MAT_ADD MUL_MAT_VEC q6_K m=5120 n=5 k=17408: 64 x 129.855 us = 8310.76 us (6863.5 GFLOPS/s)
MUL_MAT_ADD MUL_MAT_VEC q6_K m=5120 n=5 k=6144: 16 x 55.68 us = 890.88 us (5649.2 GFLOPS/s)
MUL_MAT_GROUP MUL_MAT_VEC q6_K m=10240 n=5 k=5120: 47 x 118.162 us = 5553.64 us (4436.57 GFLOPS/s)
MUL_MAT_GROUP MUL_MAT_VEC q6_K m=12288 n=5 k=5120: 16 x 104.21 us = 1667.36 us (6036.7 GFLOPS/s)
MUL_MAT_GROUP MUL_MAT_VEC q6_K m=17408 n=5 k=5120: 64 x 267.278 us = 17105.8 us (3334.36 GFLOPS/s)
MUL_MAT_VEC f32 m=48 n=5 k=5120: 96 x 6.405 us = 614.96 us (383.613 GFLOPS/s)
MUL_MAT_VEC q6_K m=10240 n=5 k=5120: 1 x 79.88 us = 79.88 us (6562.8 GFLOPS/s)
MUL_MAT_VEC q6_K m=248320 n=5 k=5120: 1 x 1686.16 us = 1686.16 us (7539.46 GFLOPS/s)
MUL_MAT_VEC q6_K m=6144 n=5 k=5120: 1 x 51 us = 51 us (6167.49 GFLOPS/s)
MUL_MAT_VEC q8_0 m=5120 n=5 k=6144: 48 x 60.632 us = 2910.36 us (5187.77 GFLOPS/s)
RMS_NORM_MUL RMS_NORM(256,24,5,1): 16 x 3.95 us = 63.2 us
RMS_NORM_MUL RMS_NORM(256,4,5,1): 16 x 3.665 us = 58.64 us
RMS_NORM_MUL RMS_NORM(5120,5,1,1): 129 x 4.369 us = 563.64 us
RMS_NORM_MUL_SILU_MUL RMS_NORM(128,48,5,1): 48 x 5.875 us = 282 us
RMS_NORM_SCALE RMS_NORM(128,16,5,1): 96 x 2.513 us = 241.28 us
ROPE: 32 x 3.701 us = 118.44 us
SET_ROWS: 32 x 2.926 us = 93.64 us
SIGMOID_MUL SIGMOID: 16 x 3.757 us = 60.12 us
SSM_CONV_SILU SSM_CONV: 48 x 4.836 us = 232.16 us
Total time: 42427.1 us.
----------------
Vulkan Timings:
CONCAT: 1 x 4.08 us = 4.08 us
CONT: 1 x 3.84 us = 3.84 us
FLASH_ATTN_EXT dst(256,24,5,1),  q(256,5,24,1),  k(256,256,4,1),  v(256,256,4,1),  m(256,5,1,1): 1 x 24.4 us = 24.4 us (1289.23 GFLOPS/s)
GET_ROWS: 1 x 6.92 us = 6.92 us
GLU: 1 x 1.8 us = 1.8 us
MUL_MAT f32 m=256 n=120 k=256: 1 x 1.72 us = 1.72 us (9126.7 GFLOPS/s)
MUL_MAT f32 m=256 n=20 k=256: 1 x 3.24 us = 3.24 us (807.506 GFLOPS/s)
MUL_MAT f32 m=64 n=480 k=64: 1 x 3.88 us = 3.88 us (1005.53 GFLOPS/s)
MUL_MAT f32 m=64 n=80 k=64: 1 x 3.92 us = 3.92 us (165.878 GFLOPS/s)
MUL_MAT_ADD MUL_MAT_VEC q6_K m=5120 n=5 k=17408: 1 x 157.77 us = 157.77 us (5649.13 GFLOPS/s)
MUL_MAT_ADD MUL_MAT_VEC q6_K m=5120 n=5 k=6144: 1 x 57.04 us = 57.04 us (5514.5 GFLOPS/s)
MUL_MAT_GROUP MUL_MAT_VEC q6_K m=12288 n=5 k=5120: 1 x 138.15 us = 138.15 us (4553.63 GFLOPS/s)
MUL_MAT_GROUP MUL_MAT_VEC q6_K m=17408 n=5 k=5120: 1 x 255.56 us = 255.56 us (3487.25 GFLOPS/s)
MUL_MAT_VEC q8_0 m=5120 n=5 k=10240: 1 x 107.92 us = 107.92 us (4857.88 GFLOPS/s)
RMS_NORM_MUL RMS_NORM(256,24,5,1): 1 x 3.8 us = 3.8 us
RMS_NORM_MUL RMS_NORM(256,4,5,1): 1 x 3.84 us = 3.84 us
RMS_NORM_MUL RMS_NORM(5120,5,1,1): 5 x 9.116 us = 45.58 us
ROPE: 2 x 3.88 us = 7.76 us
SET_ROWS: 2 x 3.04 us = 6.08 us
SIGMOID_MUL SIGMOID: 1 x 3.84 us = 3.84 us
Total time: 841.14 us.
----------------
Vulkan Timings:
CONCAT: 1 x 1.72 us = 1.72 us
CONT: 1 x 3.8 us = 3.8 us
FLASH_ATTN_EXT dst(256,24,1,1),  q(256,1,24,1),  k(256,256,4,1),  v(256,256,4,1),  m(256,1,1,1): 1 x 13.76 us = 13.76 us (457.228 GFLOPS/s)
GET_ROWS: 3 x 5 us = 15 us
GLU: 1 x 1.68 us = 1.68 us
MUL_MAT f32 m=256 n=24 k=256: 1 x 1.52 us = 1.52 us (2065.52 GFLOPS/s)
MUL_MAT f32 m=64 n=16 k=64: 1 x 1.84 us = 1.84 us (70.6783 GFLOPS/s)
MUL_MAT f32 m=64 n=96 k=64: 1 x 3.44 us = 3.44 us (226.828 GFLOPS/s)
MUL_MAT_ADD MUL_MAT_VEC q6_K m=5120 n=1 k=17408: 1 x 123.4 us = 123.4 us (1444.51 GFLOPS/s)
MUL_MAT_ADD MUL_MAT_VEC q6_K m=5120 n=1 k=6144: 1 x 48.16 us = 48.16 us (1306.26 GFLOPS/s)
MUL_MAT_VEC f32 m=256 n=4 k=256: 1 x 3.28 us = 3.28 us (159.532 GFLOPS/s)
MUL_MAT_VEC q6_K m=1024 n=1 k=5120: 2 x 8.88 us = 17.76 us (1180.71 GFLOPS/s)
MUL_MAT_VEC q6_K m=12288 n=1 k=5120: 1 x 90.48 us = 90.48 us (1390.55 GFLOPS/s)
MUL_MAT_VEC q6_K m=17408 n=1 k=5120: 2 x 121.08 us = 242.16 us (1472.09 GFLOPS/s)
MUL_MAT_VEC q6_K m=98304 n=1 k=5120: 1 x 675.37 us = 675.37 us (1490.35 GFLOPS/s)
MUL_MAT_VEC q8_0 m=5120 n=1 k=10240: 1 x 100.36 us = 100.36 us (1044.76 GFLOPS/s)
PAD: 1 x 6.6 us = 6.6 us
RMS_NORM_MUL RMS_NORM(256,24,1,1): 1 x 6.28 us = 6.28 us
RMS_NORM_MUL RMS_NORM(256,4,1,1): 1 x 5.32 us = 5.32 us
RMS_NORM_MUL RMS_NORM(5120,1,1,1): 5 x 4.088 us = 20.44 us
ROPE: 2 x 3.58 us = 7.16 us
SET_ROWS: 2 x 2.9 us = 5.8 us
SIGMOID_MUL SIGMOID: 1 x 1.64 us = 1.64 us
TOP_K K=10 (98304,1,1,1): 1 x 9.04 us = 9.04 us
Total time: 1406.01 us.
----------------
Vulkan Timings:
CONCAT: 1 x 1.72 us = 1.72 us
CONT: 1 x 3.84 us = 3.84 us
FLASH_ATTN_EXT dst(256,24,1,1),  q(256,1,24,1),  k(256,256,4,1),  v(256,256,4,1),  m(256,1,1,1): 1 x 13.92 us = 13.92 us (451.972 GFLOPS/s)
GET_ROWS: 3 x 5.04 us = 15.12 us
GLU: 1 x 1.8 us = 1.8 us
MUL_MAT f32 m=256 n=24 k=256: 1 x 1.68 us = 1.68 us (1868.8 GFLOPS/s)
MUL_MAT f32 m=64 n=16 k=64: 1 x 3.8 us = 3.8 us (34.2232 GFLOPS/s)
MUL_MAT f32 m=64 n=96 k=64: 1 x 3.84 us = 3.84 us (203.2 GFLOPS/s)
MUL_MAT_ADD MUL_MAT_VEC q6_K m=5120 n=1 k=17408: 1 x 123 us = 123 us (1449.21 GFLOPS/s)
MUL_MAT_ADD MUL_MAT_VEC q6_K m=5120 n=1 k=6144: 1 x 53.4 us = 53.4 us (1178.08 GFLOPS/s)
MUL_MAT_VEC f32 m=256 n=4 k=256: 1 x 3.2 us = 3.2 us (163.52 GFLOPS/s)
MUL_MAT_VEC q6_K m=1024 n=1 k=5120: 2 x 8.86 us = 17.72 us (1183.38 GFLOPS/s)
MUL_MAT_VEC q6_K m=12288 n=1 k=5120: 1 x 85.84 us = 85.84 us (1465.71 GFLOPS/s)
MUL_MAT_VEC q6_K m=17408 n=1 k=5120: 2 x 121.54 us = 243.08 us (1466.52 GFLOPS/s)
MUL_MAT_VEC q6_K m=98304 n=1 k=5120: 1 x 673.26 us = 673.26 us (1495.02 GFLOPS/s)
MUL_MAT_VEC q8_0 m=5120 n=1 k=10240: 1 x 101.84 us = 101.84 us (1029.58 GFLOPS/s)
PAD: 1 x 6.56 us = 6.56 us
RMS_NORM_MUL RMS_NORM(256,24,1,1): 1 x 5.64 us = 5.64 us
RMS_NORM_MUL RMS_NORM(256,4,1,1): 1 x 3.84 us = 3.84 us
RMS_NORM_MUL RMS_NORM(5120,1,1,1): 5 x 3.808 us = 19.04 us
ROPE: 2 x 3.76 us = 7.52 us
SET_ROWS: 2 x 3.06 us = 6.12 us
SIGMOID_MUL SIGMOID: 1 x 1.72 us = 1.72 us
TOP_K K=10 (98304,1,1,1): 1 x 9.36 us = 9.36 us
Total time: 1406.86 us.
----------------
Vulkan Timings:
CONCAT: 1 x 1.72 us = 1.72 us
CONT: 1 x 3.76 us = 3.76 us
FLASH_ATTN_EXT dst(256,24,1,1),  q(256,1,24,1),  k(256,256,4,1),  v(256,256,4,1),  m(256,1,1,1): 1 x 13.8 us = 13.8 us (455.903 GFLOPS/s)
GET_ROWS: 3 x 4.933 us = 14.8 us
GLU: 1 x 1.8 us = 1.8 us
MUL_MAT f32 m=256 n=24 k=256: 1 x 1.64 us = 1.64 us (1914.38 GFLOPS/s)
MUL_MAT f32 m=64 n=16 k=64: 1 x 3.72 us = 3.72 us (34.9591 GFLOPS/s)
MUL_MAT f32 m=64 n=96 k=64: 1 x 3.72 us = 3.72 us (209.755 GFLOPS/s)
MUL_MAT_ADD MUL_MAT_VEC q6_K m=5120 n=1 k=17408: 1 x 122.72 us = 122.72 us (1452.52 GFLOPS/s)
MUL_MAT_ADD MUL_MAT_VEC q6_K m=5120 n=1 k=6144: 1 x 53.52 us = 53.52 us (1175.44 GFLOPS/s)
MUL_MAT_VEC f32 m=256 n=4 k=256: 1 x 3.16 us = 3.16 us (165.59 GFLOPS/s)
MUL_MAT_VEC q6_K m=1024 n=1 k=5120: 2 x 8.78 us = 17.56 us (1194.16 GFLOPS/s)
MUL_MAT_VEC q6_K m=12288 n=1 k=5120: 1 x 85.16 us = 85.16 us (1477.42 GFLOPS/s)
MUL_MAT_VEC q6_K m=17408 n=1 k=5120: 2 x 120.88 us = 241.76 us (1474.52 GFLOPS/s)
MUL_MAT_VEC q6_K m=98304 n=1 k=5120: 1 x 672.93 us = 672.93 us (1495.75 GFLOPS/s)
MUL_MAT_VEC q8_0 m=5120 n=1 k=10240: 1 x 102.04 us = 102.04 us (1027.56 GFLOPS/s)
PAD: 1 x 6.52 us = 6.52 us
RMS_NORM_MUL RMS_NORM(256,24,1,1): 1 x 5.56 us = 5.56 us
RMS_NORM_MUL RMS_NORM(256,4,1,1): 1 x 3.76 us = 3.76 us
RMS_NORM_MUL RMS_NORM(5120,1,1,1): 5 x 3.784 us = 18.92 us
ROPE: 2 x 3.74 us = 7.48 us
SET_ROWS: 2 x 2.96 us = 5.92 us
SIGMOID_MUL SIGMOID: 1 x 1.64 us = 1.64 us
TOP_K K=10 (98304,1,1,1): 1 x 9.08 us = 9.08 us
Total time: 1402.69 us.
----------------
Vulkan Timings:
CONCAT: 1 x 1.64 us = 1.64 us
CONT: 1 x 3.72 us = 3.72 us
FLASH_ATTN_EXT dst(256,24,1,1),  q(256,1,24,1),  k(256,256,4,1),  v(256,256,4,1),  m(256,1,1,1): 1 x 13.96 us = 13.96 us (450.677 GFLOPS/s)
GET_ROWS: 3 x 4.946 us = 14.84 us
GLU: 1 x 1.76 us = 1.76 us
MUL_MAT f32 m=256 n=24 k=256: 1 x 1.68 us = 1.68 us (1868.8 GFLOPS/s)
MUL_MAT f32 m=64 n=16 k=64: 1 x 3.76 us = 3.76 us (34.5872 GFLOPS/s)
MUL_MAT f32 m=64 n=96 k=64: 1 x 3.76 us = 3.76 us (207.523 GFLOPS/s)
MUL_MAT_ADD MUL_MAT_VEC q6_K m=5120 n=1 k=17408: 1 x 124.08 us = 124.08 us (1436.6 GFLOPS/s)
MUL_MAT_ADD MUL_MAT_VEC q6_K m=5120 n=1 k=6144: 1 x 53.92 us = 53.92 us (1166.72 GFLOPS/s)
MUL_MAT_VEC f32 m=256 n=4 k=256: 1 x 3.12 us = 3.12 us (167.713 GFLOPS/s)
MUL_MAT_VEC q6_K m=1024 n=1 k=5120: 2 x 8.84 us = 17.68 us (1186.06 GFLOPS/s)
MUL_MAT_VEC q6_K m=12288 n=1 k=5120: 1 x 85.76 us = 85.76 us (1467.08 GFLOPS/s)
MUL_MAT_VEC q6_K m=17408 n=1 k=5120: 2 x 120.96 us = 241.92 us (1473.55 GFLOPS/s)
MUL_MAT_VEC q6_K m=98304 n=1 k=5120: 1 x 674.88 us = 674.88 us (1491.43 GFLOPS/s)
MUL_MAT_VEC q8_0 m=5120 n=1 k=10240: 1 x 102.92 us = 102.92 us (1018.78 GFLOPS/s)
PAD: 1 x 6.52 us = 6.52 us
RMS_NORM_MUL RMS_NORM(256,24,1,1): 1 x 5.6 us = 5.6 us
RMS_NORM_MUL RMS_NORM(256,4,1,1): 1 x 3.72 us = 3.72 us
RMS_NORM_MUL RMS_NORM(5120,1,1,1): 5 x 3.744 us = 18.72 us
ROPE: 2 x 3.72 us = 7.44 us
SET_ROWS: 2 x 2.96 us = 5.92 us
SIGMOID_MUL SIGMOID: 1 x 1.68 us = 1.68 us
TOP_K K=10 (98304,1,1,1): 1 x 9.08 us = 9.08 us
Total time: 1408.08 us.
----------------
Vulkan Timings:
ADD: 48 x 3.965 us = 190.32 us
CONT: 16 x 3.832 us = 61.32 us
FLASH_ATTN_EXT dst(256,24,5,1),  q(256,5,24,1),  k(256,256,4,1),  v(256,256,4,1),  m(256,5,1,1): 16 x 23.38 us = 374.08 us (1345.48 GFLOPS/s)
GDN_CACHE GATED_DELTA_NET: 48 x 13.854 us = 665 us
GDN_CONV_STATE CONCAT: 48 x 2.966 us = 142.4 us
GET_ROWS: 3 x 11.786 us = 35.36 us
GLU: 64 x 2.196 us = 140.6 us
MUL_MAT f32 m=256 n=120 k=256: 16 x 1.725 us = 27.6 us (9100.24 GFLOPS/s)
MUL_MAT f32 m=256 n=20 k=256: 16 x 3.115 us = 49.84 us (839.91 GFLOPS/s)
MUL_MAT f32 m=64 n=480 k=64: 16 x 3.825 us = 61.2 us (1019.98 GFLOPS/s)
MUL_MAT f32 m=64 n=80 k=64: 16 x 3.827 us = 61.24 us (169.886 GFLOPS/s)
MUL_MAT_ADD MUL_MAT_VEC q6_K m=5120 n=5 k=17408: 64 x 129.83 us = 8309.16 us (6864.82 GFLOPS/s)
MUL_MAT_ADD MUL_MAT_VEC q6_K m=5120 n=5 k=6144: 16 x 55.61 us = 889.76 us (5656.31 GFLOPS/s)
MUL_MAT_GROUP MUL_MAT_VEC q6_K m=10240 n=5 k=5120: 47 x 118.237 us = 5557.16 us (4433.76 GFLOPS/s)
MUL_MAT_GROUP MUL_MAT_VEC q6_K m=12288 n=5 k=5120: 16 x 104.32 us = 1669.12 us (6030.33 GFLOPS/s)
MUL_MAT_GROUP MUL_MAT_VEC q6_K m=17408 n=5 k=5120: 64 x 266.881 us = 17080.4 us (3339.31 GFLOPS/s)
MUL_MAT_VEC f32 m=48 n=5 k=5120: 96 x 6.834 us = 656.08 us (359.57 GFLOPS/s)
MUL_MAT_VEC q6_K m=10240 n=5 k=5120: 1 x 80.6 us = 80.6 us (6504.18 GFLOPS/s)
MUL_MAT_VEC q6_K m=248320 n=5 k=5120: 1 x 1686.32 us = 1686.32 us (7538.75 GFLOPS/s)
MUL_MAT_VEC q6_K m=6144 n=5 k=5120: 1 x 52.12 us = 52.12 us (6034.96 GFLOPS/s)
MUL_MAT_VEC q8_0 m=5120 n=5 k=6144: 48 x 60.745 us = 2915.76 us (5178.16 GFLOPS/s)
RMS_NORM_MUL RMS_NORM(256,24,5,1): 16 x 3.94 us = 63.04 us
RMS_NORM_MUL RMS_NORM(256,4,5,1): 16 x 3.747 us = 59.96 us
RMS_NORM_MUL RMS_NORM(5120,5,1,1): 129 x 4.404 us = 568.24 us
RMS_NORM_MUL_SILU_MUL RMS_NORM(128,48,5,1): 48 x 6.097 us = 292.68 us
RMS_NORM_SCALE RMS_NORM(128,16,5,1): 96 x 2.5 us = 240.08 us
ROPE: 32 x 3.798 us = 121.56 us
SET_ROWS: 32 x 3.006 us = 96.2 us
SIGMOID_MUL SIGMOID: 16 x 3.842 us = 61.48 us
SSM_CONV_SILU SSM_CONV: 48 x 4.94 us = 237.12 us
Total time: 42445.8 us.
----------------
Vulkan Timings:
CONCAT: 1 x 3.84 us = 3.84 us
CONT: 1 x 3.8 us = 3.8 us
FLASH_ATTN_EXT dst(256,24,5,1),  q(256,5,24,1),  k(256,256,4,1),  v(256,256,4,1),  m(256,5,1,1): 1 x 24.08 us = 24.08 us (1306.37 GFLOPS/s)
GET_ROWS: 1 x 7.04 us = 7.04 us
GLU: 1 x 1.76 us = 1.76 us
MUL_MAT f32 m=256 n=120 k=256: 1 x 1.76 us = 1.76 us (8919.27 GFLOPS/s)
MUL_MAT f32 m=256 n=20 k=256: 1 x 3.28 us = 3.28 us (797.659 GFLOPS/s)
MUL_MAT f32 m=64 n=480 k=64: 1 x 3.84 us = 3.84 us (1016 GFLOPS/s)
MUL_MAT f32 m=64 n=80 k=64: 1 x 3.96 us = 3.96 us (164.202 GFLOPS/s)
MUL_MAT_ADD MUL_MAT_VEC q6_K m=5120 n=5 k=17408: 1 x 155.99 us = 155.99 us (5713.6 GFLOPS/s)
MUL_MAT_ADD MUL_MAT_VEC q6_K m=5120 n=5 k=6144: 1 x 55.8 us = 55.8 us (5637.05 GFLOPS/s)
MUL_MAT_GROUP MUL_MAT_VEC q6_K m=12288 n=5 k=5120: 1 x 130.53 us = 130.53 us (4819.46 GFLOPS/s)
MUL_MAT_GROUP MUL_MAT_VEC q6_K m=17408 n=5 k=5120: 1 x 254.88 us = 254.88 us (3496.56 GFLOPS/s)
MUL_MAT_VEC q8_0 m=5120 n=5 k=10240: 1 x 105.84 us = 105.84 us (4953.35 GFLOPS/s)
RMS_NORM_MUL RMS_NORM(256,24,5,1): 1 x 3.8 us = 3.8 us
RMS_NORM_MUL RMS_NORM(256,4,5,1): 1 x 3.88 us = 3.88 us
RMS_NORM_MUL RMS_NORM(5120,5,1,1): 5 x 9.046 us = 45.23 us
ROPE: 2 x 3.92 us = 7.84 us
SET_ROWS: 2 x 3.04 us = 6.08 us
SIGMOID_MUL SIGMOID: 1 x 3.8 us = 3.8 us
Total time: 827.03 us.
----------------
Vulkan Timings:
CONCAT: 1 x 1.68 us = 1.68 us
CONT: 1 x 3.48 us = 3.48 us
FLASH_ATTN_EXT dst(256,24,1,1),  q(256,1,24,1),  k(256,256,4,1),  v(256,256,4,1),  m(256,1,1,1): 1 x 13.48 us = 13.48 us (466.725 GFLOPS/s)
GET_ROWS: 3 x 4.813 us = 14.44 us
GLU: 1 x 1.64 us = 1.64 us
MUL_MAT f32 m=256 n=24 k=256: 1 x 1.52 us = 1.52 us (2065.52 GFLOPS/s)
MUL_MAT f32 m=64 n=16 k=64: 1 x 1.76 us = 1.76 us (73.8909 GFLOPS/s)
MUL_MAT f32 m=64 n=96 k=64: 1 x 3.2 us = 3.2 us (243.84 GFLOPS/s)
MUL_MAT_ADD MUL_MAT_VEC q6_K m=5120 n=1 k=17408: 1 x 122.68 us = 122.68 us (1452.99 GFLOPS/s)
MUL_MAT_ADD MUL_MAT_VEC q6_K m=5120 n=1 k=6144: 1 x 47.8 us = 47.8 us (1316.1 GFLOPS/s)
MUL_MAT_VEC f32 m=256 n=4 k=256: 1 x 3 us = 3 us (174.421 GFLOPS/s)
MUL_MAT_VEC q6_K m=1024 n=1 k=5120: 2 x 8.78 us = 17.56 us (1194.16 GFLOPS/s)
MUL_MAT_VEC q6_K m=12288 n=1 k=5120: 1 x 90.2 us = 90.2 us (1394.87 GFLOPS/s)
MUL_MAT_VEC q6_K m=17408 n=1 k=5120: 2 x 121.46 us = 242.92 us (1467.48 GFLOPS/s)
MUL_MAT_VEC q6_K m=98304 n=1 k=5120: 1 x 673.84 us = 673.84 us (1493.73 GFLOPS/s)
MUL_MAT_VEC q8_0 m=5120 n=1 k=10240: 1 x 97.68 us = 97.68 us (1073.43 GFLOPS/s)
PAD: 1 x 6.36 us = 6.36 us
RMS_NORM_MUL RMS_NORM(256,24,1,1): 1 x 5.36 us = 5.36 us
RMS_NORM_MUL RMS_NORM(256,4,1,1): 1 x 4.88 us = 4.88 us
RMS_NORM_MUL RMS_NORM(5120,1,1,1): 5 x 4.352 us = 21.76 us
ROPE: 2 x 3.3 us = 6.6 us
SET_ROWS: 2 x 2.8 us = 5.6 us
SIGMOID_MUL SIGMOID: 1 x 1.6 us = 1.6 us
TOP_K K=10 (98304,1,1,1): 1 x 8.88 us = 8.88 us
Total time: 1397.92 us.
----------------
Vulkan Timings:
CONCAT: 1 x 2.64 us = 2.64 us
CONT: 1 x 3.64 us = 3.64 us
FLASH_ATTN_EXT dst(256,24,1,1),  q(256,1,24,1),  k(256,256,4,1),  v(256,256,4,1),  m(256,1,1,1): 1 x 14.08 us = 14.08 us (446.836 GFLOPS/s)
GET_ROWS: 3 x 4.906 us = 14.72 us
GLU: 1 x 1.92 us = 1.92 us
MUL_MAT f32 m=256 n=24 k=256: 1 x 1.72 us = 1.72 us (1825.34 GFLOPS/s)
MUL_MAT f32 m=64 n=16 k=64: 1 x 3.6 us = 3.6 us (36.1244 GFLOPS/s)
MUL_MAT f32 m=64 n=96 k=64: 1 x 3.6 us = 3.6 us (216.747 GFLOPS/s)
MUL_MAT_ADD MUL_MAT_VEC q6_K m=5120 n=1 k=17408: 1 x 123.8 us = 123.8 us (1439.84 GFLOPS/s)
MUL_MAT_ADD MUL_MAT_VEC q6_K m=5120 n=1 k=6144: 1 x 53.44 us = 53.44 us (1177.2 GFLOPS/s)
MUL_MAT_VEC f32 m=256 n=4 k=256: 1 x 3 us = 3 us (174.421 GFLOPS/s)
MUL_MAT_VEC q6_K m=1024 n=1 k=5120: 2 x 6.86 us = 13.72 us (1528.39 GFLOPS/s)
MUL_MAT_VEC q6_K m=12288 n=1 k=5120: 1 x 93.76 us = 93.76 us (1341.9 GFLOPS/s)
MUL_MAT_VEC q6_K m=17408 n=1 k=5120: 2 x 121.5 us = 243 us (1467 GFLOPS/s)
MUL_MAT_VEC q6_K m=98304 n=1 k=5120: 1 x 673.32 us = 673.32 us (1494.88 GFLOPS/s)
MUL_MAT_VEC q8_0 m=5120 n=1 k=10240: 1 x 100.08 us = 100.08 us (1047.69 GFLOPS/s)
PAD: 1 x 6.36 us = 6.36 us
RMS_NORM_MUL RMS_NORM(256,24,1,1): 1 x 3.6 us = 3.6 us
RMS_NORM_MUL RMS_NORM(256,4,1,1): 1 x 3.6 us = 3.6 us
RMS_NORM_MUL RMS_NORM(5120,1,1,1): 5 x 3.776 us = 18.88 us
ROPE: 2 x 3.58 us = 7.16 us
SET_ROWS: 2 x 2.9 us = 5.8 us
SIGMOID_MUL SIGMOID: 1 x 1.68 us = 1.68 us
TOP_K K=10 (98304,1,1,1): 1 x 9.24 us = 9.24 us
Total time: 1406.36 us.
----------------
Vulkan Timings:
CONCAT: 1 x 1.64 us = 1.64 us
CONT: 1 x 3.56 us = 3.56 us
FLASH_ATTN_EXT dst(256,24,1,1),  q(256,1,24,1),  k(256,256,4,1),  v(256,256,4,1),  m(256,1,1,1): 1 x 15.6 us = 15.6 us (403.298 GFLOPS/s)
GET_ROWS: 3 x 4.826 us = 14.48 us
GLU: 1 x 1.8 us = 1.8 us
MUL_MAT f32 m=256 n=24 k=256: 1 x 2.24 us = 2.24 us (1401.6 GFLOPS/s)
MUL_MAT f32 m=64 n=16 k=64: 1 x 3.6 us = 3.6 us (36.1244 GFLOPS/s)
MUL_MAT f32 m=64 n=96 k=64: 1 x 3.6 us = 3.6 us (216.747 GFLOPS/s)
MUL_MAT_ADD MUL_MAT_VEC q6_K m=5120 n=1 k=17408: 1 x 123.24 us = 123.24 us (1446.39 GFLOPS/s)
MUL_MAT_ADD MUL_MAT_VEC q6_K m=5120 n=1 k=6144: 1 x 53.8 us = 53.8 us (1169.32 GFLOPS/s)
MUL_MAT_VEC f32 m=256 n=4 k=256: 1 x 0.72 us = 0.72 us (726.756 GFLOPS/s)
MUL_MAT_VEC q6_K m=1024 n=1 k=5120: 2 x 6.84 us = 13.68 us (1532.86 GFLOPS/s)
MUL_MAT_VEC q6_K m=12288 n=1 k=5120: 1 x 93.68 us = 93.68 us (1343.05 GFLOPS/s)
MUL_MAT_VEC q6_K m=17408 n=1 k=5120: 2 x 121.2 us = 242.4 us (1470.63 GFLOPS/s)
MUL_MAT_VEC q6_K m=98304 n=1 k=5120: 1 x 671.82 us = 671.82 us (1498.22 GFLOPS/s)
MUL_MAT_VEC q8_0 m=5120 n=1 k=10240: 1 x 101.24 us = 101.24 us (1035.68 GFLOPS/s)
PAD: 1 x 6.6 us = 6.6 us
RMS_NORM_MUL RMS_NORM(256,24,1,1): 1 x 3.64 us = 3.64 us
RMS_NORM_MUL RMS_NORM(256,4,1,1): 1 x 3.6 us = 3.6 us
RMS_NORM_MUL RMS_NORM(5120,1,1,1): 5 x 3.768 us = 18.84 us
ROPE: 2 x 3.56 us = 7.12 us
SET_ROWS: 2 x 3.02 us = 6.04 us
SIGMOID_MUL SIGMOID: 1 x 1.6 us = 1.6 us
TOP_K K=10 (98304,1,1,1): 1 x 8.68 us = 8.68 us
Total time: 1403.22 us.
----------------
Vulkan Timings:
CONCAT: 1 x 1.6 us = 1.6 us
CONT: 1 x 3.6 us = 3.6 us
FLASH_ATTN_EXT dst(256,24,1,1),  q(256,1,24,1),  k(256,256,4,1),  v(256,256,4,1),  m(256,1,1,1): 1 x 13.92 us = 13.92 us (451.972 GFLOPS/s)
GET_ROWS: 3 x 4.813 us = 14.44 us
GLU: 1 x 2.08 us = 2.08 us
MUL_MAT f32 m=256 n=24 k=256: 1 x 1.64 us = 1.64 us (1914.38 GFLOPS/s)
MUL_MAT f32 m=64 n=16 k=64: 1 x 3.6 us = 3.6 us (36.1244 GFLOPS/s)
MUL_MAT f32 m=64 n=96 k=64: 1 x 3.6 us = 3.6 us (216.747 GFLOPS/s)
MUL_MAT_ADD MUL_MAT_VEC q6_K m=5120 n=1 k=17408: 1 x 124.52 us = 124.52 us (1431.52 GFLOPS/s)
MUL_MAT_ADD MUL_MAT_VEC q6_K m=5120 n=1 k=6144: 1 x 53.28 us = 53.28 us (1180.73 GFLOPS/s)
MUL_MAT_VEC f32 m=256 n=4 k=256: 1 x 2.96 us = 2.96 us (176.778 GFLOPS/s)
MUL_MAT_VEC q6_K m=1024 n=1 k=5120: 2 x 6.92 us = 13.84 us (1515.14 GFLOPS/s)
MUL_MAT_VEC q6_K m=12288 n=1 k=5120: 1 x 93.4 us = 93.4 us (1347.08 GFLOPS/s)
MUL_MAT_VEC q6_K m=17408 n=1 k=5120: 2 x 121.3 us = 242.6 us (1469.42 GFLOPS/s)
MUL_MAT_VEC q6_K m=98304 n=1 k=5120: 1 x 672.71 us = 672.71 us (1496.24 GFLOPS/s)
MUL_MAT_VEC q8_0 m=5120 n=1 k=10240: 1 x 101.36 us = 101.36 us (1034.46 GFLOPS/s)
PAD: 1 x 6.32 us = 6.32 us
RMS_NORM_MUL RMS_NORM(256,24,1,1): 1 x 3.64 us = 3.64 us
RMS_NORM_MUL RMS_NORM(256,4,1,1): 1 x 3.6 us = 3.6 us
RMS_NORM_MUL RMS_NORM(5120,1,1,1): 5 x 3.776 us = 18.88 us
ROPE: 2 x 3.54 us = 7.08 us
SET_ROWS: 2 x 2.9 us = 5.8 us
SIGMOID_MUL SIGMOID: 1 x 1.68 us = 1.68 us
TOP_K K=10 (98304,1,1,1): 1 x 8.76 us = 8.76 us
Total time: 1404.91 us.
----------------
Vulkan Timings:
ADD: 48 x 3.772 us = 181.08 us
CONT: 16 x 3.665 us = 58.64 us
FLASH_ATTN_EXT dst(256,24,5,1),  q(256,5,24,1),  k(256,256,4,1),  v(256,256,4,1),  m(256,5,1,1): 16 x 23.582 us = 377.32 us (1333.92 GFLOPS/s)
GDN_CACHE GATED_DELTA_NET: 48 x 14.797 us = 710.28 us
GDN_CONV_STATE CONCAT: 48 x 3.097 us = 148.68 us
GET_ROWS: 3 x 11.426 us = 34.28 us
GLU: 64 x 2.208 us = 141.32 us
MUL_MAT f32 m=256 n=120 k=256: 16 x 1.695 us = 27.12 us (9261.31 GFLOPS/s)
MUL_MAT f32 m=256 n=20 k=256: 16 x 3.092 us = 49.48 us (846.021 GFLOPS/s)
MUL_MAT f32 m=64 n=480 k=64: 16 x 3.665 us = 58.64 us (1064.51 GFLOPS/s)
MUL_MAT f32 m=64 n=80 k=64: 16 x 3.632 us = 58.12 us (179.006 GFLOPS/s)
MUL_MAT_ADD MUL_MAT_VEC q6_K m=5120 n=5 k=17408: 64 x 129.573 us = 8292.72 us (6878.43 GFLOPS/s)
MUL_MAT_ADD MUL_MAT_VEC q6_K m=5120 n=5 k=6144: 16 x 55.55 us = 888.8 us (5662.42 GFLOPS/s)
MUL_MAT_GROUP MUL_MAT_VEC q6_K m=10240 n=5 k=5120: 47 x 118.061 us = 5548.88 us (4440.38 GFLOPS/s)
MUL_MAT_GROUP MUL_MAT_VEC q6_K m=12288 n=5 k=5120: 16 x 104.255 us = 1668.08 us (6034.09 GFLOPS/s)
MUL_MAT_GROUP MUL_MAT_VEC q6_K m=17408 n=5 k=5120: 64 x 266.908 us = 17082.1 us (3338.99 GFLOPS/s)
MUL_MAT_VEC f32 m=48 n=5 k=5120: 96 x 6.268 us = 601.8 us (392.002 GFLOPS/s)
MUL_MAT_VEC q6_K m=10240 n=5 k=5120: 1 x 80.36 us = 80.36 us (6523.6 GFLOPS/s)
MUL_MAT_VEC q6_K m=248320 n=5 k=5120: 1 x 1686.12 us = 1686.12 us (7539.64 GFLOPS/s)
MUL_MAT_VEC q6_K m=6144 n=5 k=5120: 1 x 51.4 us = 51.4 us (6119.5 GFLOPS/s)
MUL_MAT_VEC q8_0 m=5120 n=5 k=6144: 48 x 60.62 us = 2909.8 us (5188.76 GFLOPS/s)
RMS_NORM_MUL RMS_NORM(256,24,5,1): 16 x 3.755 us = 60.08 us
RMS_NORM_MUL RMS_NORM(256,4,5,1): 16 x 3.57 us = 57.12 us
RMS_NORM_MUL RMS_NORM(5120,5,1,1): 129 x 4.284 us = 552.68 us
RMS_NORM_MUL_SILU_MUL RMS_NORM(128,48,5,1): 48 x 5.792 us = 278.04 us
RMS_NORM_SCALE RMS_NORM(128,16,5,1): 96 x 2.464 us = 236.56 us
ROPE: 32 x 3.616 us = 115.72 us
SET_ROWS: 32 x 2.755 us = 88.16 us
SIGMOID_MUL SIGMOID: 16 x 3.677 us = 58.84 us
SSM_CONV_SILU SSM_CONV: 48 x 4.743 us = 227.68 us
Total time: 42329.9 us.
----------------
Vulkan Timings:
CONCAT: 1 x 4.08 us = 4.08 us
CONT: 1 x 3.64 us = 3.64 us
FLASH_ATTN_EXT dst(256,24,5,1),  q(256,5,24,1),  k(256,256,4,1),  v(256,256,4,1),  m(256,5,1,1): 1 x 23.36 us = 23.36 us (1346.63 GFLOPS/s)
GET_ROWS: 1 x 6.72 us = 6.72 us
GLU: 1 x 1.72 us = 1.72 us
MUL_MAT f32 m=256 n=120 k=256: 1 x 1.72 us = 1.72 us (9126.7 GFLOPS/s)
MUL_MAT f32 m=256 n=20 k=256: 1 x 3.08 us = 3.08 us (849.455 GFLOPS/s)
MUL_MAT f32 m=64 n=480 k=64: 1 x 3.64 us = 3.64 us (1071.82 GFLOPS/s)
MUL_MAT f32 m=64 n=80 k=64: 1 x 3.64 us = 3.64 us (178.637 GFLOPS/s)
MUL_MAT_ADD MUL_MAT_VEC q6_K m=5120 n=5 k=17408: 1 x 155.17 us = 155.17 us (5743.79 GFLOPS/s)
MUL_MAT_ADD MUL_MAT_VEC q6_K m=5120 n=5 k=6144: 1 x 56.4 us = 56.4 us (5577.08 GFLOPS/s)
MUL_MAT_GROUP MUL_MAT_VEC q6_K m=12288 n=5 k=5120: 1 x 128.45 us = 128.45 us (4897.5 GFLOPS/s)
MUL_MAT_GROUP MUL_MAT_VEC q6_K m=17408 n=5 k=5120: 1 x 255.04 us = 255.04 us (3494.36 GFLOPS/s)
MUL_MAT_VEC q8_0 m=5120 n=5 k=10240: 1 x 105.44 us = 105.44 us (4972.14 GFLOPS/s)
RMS_NORM_MUL RMS_NORM(256,24,5,1): 1 x 3.56 us = 3.56 us
RMS_NORM_MUL RMS_NORM(256,4,5,1): 1 x 3.68 us = 3.68 us
RMS_NORM_MUL RMS_NORM(5120,5,1,1): 5 x 9.014 us = 45.07 us
ROPE: 2 x 3.64 us = 7.28 us
SET_ROWS: 2 x 2.86 us = 5.72 us
SIGMOID_MUL SIGMOID: 1 x 3.68 us = 3.68 us
Total time: 821.09 us.
----------------
Vulkan Timings:
CONCAT: 1 x 1.64 us = 1.64 us
CONT: 1 x 3.64 us = 3.64 us
FLASH_ATTN_EXT dst(256,24,1,1),  q(256,1,24,1),  k(256,256,4,1),  v(256,256,4,1),  m(256,1,1,1): 1 x 13.44 us = 13.44 us (468.114 GFLOPS/s)
GET_ROWS: 3 x 4.906 us = 14.72 us
GLU: 1 x 1.6 us = 1.6 us
MUL_MAT f32 m=256 n=24 k=256: 1 x 1.52 us = 1.52 us (2065.52 GFLOPS/s)
MUL_MAT f32 m=64 n=16 k=64: 1 x 1.8 us = 1.8 us (72.2489 GFLOPS/s)
MUL_MAT f32 m=64 n=96 k=64: 1 x 3.36 us = 3.36 us (232.229 GFLOPS/s)
MUL_MAT_ADD MUL_MAT_VEC q6_K m=5120 n=1 k=17408: 1 x 123.08 us = 123.08 us (1448.27 GFLOPS/s)
MUL_MAT_ADD MUL_MAT_VEC q6_K m=5120 n=1 k=6144: 1 x 47.68 us = 47.68 us (1319.41 GFLOPS/s)
MUL_MAT_VEC f32 m=256 n=4 k=256: 1 x 3.16 us = 3.16 us (165.59 GFLOPS/s)
MUL_MAT_VEC q6_K m=1024 n=1 k=5120: 2 x 8.78 us = 17.56 us (1194.16 GFLOPS/s)
MUL_MAT_VEC q6_K m=12288 n=1 k=5120: 1 x 90.2 us = 90.2 us (1394.87 GFLOPS/s)
MUL_MAT_VEC q6_K m=17408 n=1 k=5120: 2 x 121.18 us = 242.36 us (1470.87 GFLOPS/s)
MUL_MAT_VEC q6_K m=98304 n=1 k=5120: 1 x 672.97 us = 672.97 us (1495.66 GFLOPS/s)
MUL_MAT_VEC q8_0 m=5120 n=1 k=10240: 1 x 101 us = 101 us (1038.14 GFLOPS/s)
PAD: 1 x 6.52 us = 6.52 us
RMS_NORM_MUL RMS_NORM(256,24,1,1): 1 x 5.72 us = 5.72 us
RMS_NORM_MUL RMS_NORM(256,4,1,1): 1 x 5.16 us = 5.16 us
RMS_NORM_MUL RMS_NORM(5120,1,1,1): 5 x 3.944 us = 19.72 us
ROPE: 2 x 3.5 us = 7 us
SET_ROWS: 2 x 2.86 us = 5.72 us
SIGMOID_MUL SIGMOID: 1 x 1.64 us = 1.64 us
TOP_K K=10 (98304,1,1,1): 1 x 9.16 us = 9.16 us
Total time: 1400.37 us.
----------------
Vulkan Timings:
CONCAT: 1 x 1.68 us = 1.68 us
CONT: 1 x 3.76 us = 3.76 us
FLASH_ATTN_EXT dst(256,24,1,1),  q(256,1,24,1),  k(256,256,4,1),  v(256,256,4,1),  m(256,1,1,1): 1 x 13.96 us = 13.96 us (450.677 GFLOPS/s)
GET_ROWS: 3 x 4.946 us = 14.84 us
GLU: 1 x 1.88 us = 1.88 us
MUL_MAT f32 m=256 n=24 k=256: 1 x 1.6 us = 1.6 us (1962.24 GFLOPS/s)
MUL_MAT f32 m=64 n=16 k=64: 1 x 3.76 us = 3.76 us (34.5872 GFLOPS/s)
MUL_MAT f32 m=64 n=96 k=64: 1 x 3.8 us = 3.8 us (205.339 GFLOPS/s)
MUL_MAT_ADD MUL_MAT_VEC q6_K m=5120 n=1 k=17408: 1 x 125.64 us = 125.64 us (1418.76 GFLOPS/s)
MUL_MAT_ADD MUL_MAT_VEC q6_K m=5120 n=1 k=6144: 1 x 54.44 us = 54.44 us (1155.57 GFLOPS/s)
MUL_MAT_VEC f32 m=256 n=4 k=256: 1 x 3.16 us = 3.16 us (165.59 GFLOPS/s)
MUL_MAT_VEC q6_K m=1024 n=1 k=5120: 2 x 8.86 us = 17.72 us (1183.38 GFLOPS/s)
MUL_MAT_VEC q6_K m=12288 n=1 k=5120: 1 x 86.24 us = 86.24 us (1458.92 GFLOPS/s)
MUL_MAT_VEC q6_K m=17408 n=1 k=5120: 2 x 121.36 us = 242.72 us (1468.69 GFLOPS/s)
MUL_MAT_VEC q6_K m=98304 n=1 k=5120: 1 x 674.5 us = 674.5 us (1492.27 GFLOPS/s)
MUL_MAT_VEC q8_0 m=5120 n=1 k=10240: 1 x 101.88 us = 101.88 us (1029.18 GFLOPS/s)
PAD: 1 x 6.48 us = 6.48 us
RMS_NORM_MUL RMS_NORM(256,24,1,1): 1 x 5.6 us = 5.6 us
RMS_NORM_MUL RMS_NORM(256,4,1,1): 1 x 3.76 us = 3.76 us
RMS_NORM_MUL RMS_NORM(5120,1,1,1): 5 x 3.744 us = 18.72 us
ROPE: 2 x 3.7 us = 7.4 us
SET_ROWS: 2 x 2.94 us = 5.88 us
SIGMOID_MUL SIGMOID: 1 x 1.68 us = 1.68 us
TOP_K K=10 (98304,1,1,1): 1 x 8.92 us = 8.92 us
Total time: 1410.02 us.
----------------
Vulkan Timings:
CONCAT: 1 x 1.68 us = 1.68 us
CONT: 1 x 3.72 us = 3.72 us
FLASH_ATTN_EXT dst(256,24,1,1),  q(256,1,24,1),  k(256,256,4,1),  v(256,256,4,1),  m(256,1,1,1): 1 x 13.76 us = 13.76 us (457.228 GFLOPS/s)
GET_ROWS: 3 x 5 us = 15 us
GLU: 1 x 1.84 us = 1.84 us
MUL_MAT f32 m=256 n=24 k=256: 1 x 1.68 us = 1.68 us (1868.8 GFLOPS/s)
MUL_MAT f32 m=64 n=16 k=64: 1 x 3.76 us = 3.76 us (34.5872 GFLOPS/s)
MUL_MAT f32 m=64 n=96 k=64: 1 x 3.72 us = 3.72 us (209.755 GFLOPS/s)
MUL_MAT_ADD MUL_MAT_VEC q6_K m=5120 n=1 k=17408: 1 x 126.08 us = 126.08 us (1413.81 GFLOPS/s)
MUL_MAT_ADD MUL_MAT_VEC q6_K m=5120 n=1 k=6144: 1 x 53.08 us = 53.08 us (1185.18 GFLOPS/s)
MUL_MAT_VEC f32 m=256 n=4 k=256: 1 x 3.16 us = 3.16 us (165.59 GFLOPS/s)
MUL_MAT_VEC q6_K m=1024 n=1 k=5120: 2 x 9.02 us = 18.04 us (1162.39 GFLOPS/s)
MUL_MAT_VEC q6_K m=12288 n=1 k=5120: 1 x 85.72 us = 85.72 us (1467.77 GFLOPS/s)
MUL_MAT_VEC q6_K m=17408 n=1 k=5120: 2 x 121.22 us = 242.44 us (1470.39 GFLOPS/s)
MUL_MAT_VEC q6_K m=98304 n=1 k=5120: 1 x 674.43 us = 674.43 us (1492.42 GFLOPS/s)
MUL_MAT_VEC q8_0 m=5120 n=1 k=10240: 1 x 100.4 us = 100.4 us (1044.35 GFLOPS/s)
PAD: 1 x 6.56 us = 6.56 us
RMS_NORM_MUL RMS_NORM(256,24,1,1): 1 x 5.6 us = 5.6 us
RMS_NORM_MUL RMS_NORM(256,4,1,1): 1 x 3.76 us = 3.76 us
RMS_NORM_MUL RMS_NORM(5120,1,1,1): 5 x 3.776 us = 18.88 us
ROPE: 2 x 3.72 us = 7.44 us
SET_ROWS: 2 x 2.98 us = 5.96 us
SIGMOID_MUL SIGMOID: 1 x 1.64 us = 1.64 us
TOP_K K=10 (98304,1,1,1): 1 x 9.08 us = 9.08 us
Total time: 1407.43 us.
----------------
Vulkan Timings:
CONCAT: 1 x 1.64 us = 1.64 us
CONT: 1 x 3.76 us = 3.76 us
FLASH_ATTN_EXT dst(256,24,1,1),  q(256,1,24,1),  k(256,256,4,1),  v(256,256,4,1),  m(256,1,1,1): 1 x 13.84 us = 13.84 us (454.585 GFLOPS/s)
GET_ROWS: 3 x 5.013 us = 15.04 us
GLU: 1 x 1.8 us = 1.8 us
MUL_MAT f32 m=256 n=24 k=256: 1 x 1.6 us = 1.6 us (1962.24 GFLOPS/s)
MUL_MAT f32 m=64 n=16 k=64: 1 x 3.8 us = 3.8 us (34.2232 GFLOPS/s)
MUL_MAT f32 m=64 n=96 k=64: 1 x 3.72 us = 3.72 us (209.755 GFLOPS/s)
MUL_MAT_ADD MUL_MAT_VEC q6_K m=5120 n=1 k=17408: 1 x 123.04 us = 123.04 us (1448.74 GFLOPS/s)
MUL_MAT_ADD MUL_MAT_VEC q6_K m=5120 n=1 k=6144: 1 x 53.64 us = 53.64 us (1172.81 GFLOPS/s)
MUL_MAT_VEC f32 m=256 n=4 k=256: 1 x 3.16 us = 3.16 us (165.59 GFLOPS/s)
MUL_MAT_VEC q6_K m=1024 n=1 k=5120: 2 x 8.84 us = 17.68 us (1186.06 GFLOPS/s)
MUL_MAT_VEC q6_K m=12288 n=1 k=5120: 1 x 85.36 us = 85.36 us (1473.96 GFLOPS/s)
MUL_MAT_VEC q6_K m=17408 n=1 k=5120: 2 x 121.42 us = 242.84 us (1467.97 GFLOPS/s)
MUL_MAT_VEC q6_K m=98304 n=1 k=5120: 1 x 674.97 us = 674.97 us (1491.23 GFLOPS/s)
MUL_MAT_VEC q8_0 m=5120 n=1 k=10240: 1 x 102.64 us = 102.64 us (1021.56 GFLOPS/s)
PAD: 1 x 6.52 us = 6.52 us
RMS_NORM_MUL RMS_NORM(256,24,1,1): 1 x 5.56 us = 5.56 us
RMS_NORM_MUL RMS_NORM(256,4,1,1): 1 x 3.76 us = 3.76 us
RMS_NORM_MUL RMS_NORM(5120,1,1,1): 5 x 3.768 us = 18.84 us
ROPE: 2 x 3.74 us = 7.48 us
SET_ROWS: 2 x 2.94 us = 5.88 us
SIGMOID_MUL SIGMOID: 1 x 1.68 us = 1.68 us
TOP_K K=10 (98304,1,1,1): 1 x 9.36 us = 9.36 us
Total time: 1407.61 us.
----------------
Vulkan Timings:
ADD: 48 x 4.073 us = 195.52 us
CONT: 16 x 3.975 us = 63.6 us
FLASH_ATTN_EXT dst(256,24,5,1),  q(256,5,24,1),  k(256,256,4,1),  v(256,256,4,1),  m(256,5,1,1): 16 x 23.982 us = 383.72 us (1311.68 GFLOPS/s)
GDN_CACHE GATED_DELTA_NET: 48 x 13.885 us = 666.48 us
GDN_CONV_STATE CONCAT: 48 x 3.083 us = 148 us
GET_ROWS: 3 x 12 us = 36 us
GLU: 64 x 2.14 us = 137 us
MUL_MAT f32 m=256 n=120 k=256: 16 x 1.8 us = 28.8 us (8721.07 GFLOPS/s)
MUL_MAT f32 m=256 n=20 k=256: 16 x 3.287 us = 52.6 us (795.839 GFLOPS/s)
MUL_MAT f32 m=64 n=480 k=64: 16 x 3.792 us = 60.68 us (1028.73 GFLOPS/s)
MUL_MAT f32 m=64 n=80 k=64: 16 x 3.94 us = 63.04 us (165.036 GFLOPS/s)
MUL_MAT_ADD MUL_MAT_VEC q6_K m=5120 n=5 k=17408: 64 x 130.655 us = 8361.96 us (6821.47 GFLOPS/s)
MUL_MAT_ADD MUL_MAT_VEC q6_K m=5120 n=5 k=6144: 16 x 55.792 us = 892.68 us (5637.8 GFLOPS/s)
MUL_MAT_GROUP MUL_MAT_VEC q6_K m=10240 n=5 k=5120: 47 x 118.65 us = 5576.56 us (4418.34 GFLOPS/s)
MUL_MAT_GROUP MUL_MAT_VEC q6_K m=12288 n=5 k=5120: 16 x 104.852 us = 1677.64 us (5999.71 GFLOPS/s)
MUL_MAT_GROUP MUL_MAT_VEC q6_K m=17408 n=5 k=5120: 64 x 266.604 us = 17062.7 us (3342.79 GFLOPS/s)
MUL_MAT_VEC f32 m=48 n=5 k=5120: 96 x 6.797 us = 652.6 us (361.487 GFLOPS/s)
MUL_MAT_VEC q6_K m=10240 n=5 k=5120: 1 x 80.64 us = 80.64 us (6500.95 GFLOPS/s)
MUL_MAT_VEC q6_K m=248320 n=5 k=5120: 1 x 1687.32 us = 1687.32 us (7534.28 GFLOPS/s)
MUL_MAT_VEC q6_K m=6144 n=5 k=5120: 1 x 50.72 us = 50.72 us (6201.54 GFLOPS/s)
MUL_MAT_VEC q8_0 m=5120 n=5 k=6144: 48 x 61.028 us = 2929.36 us (5154.12 GFLOPS/s)
RMS_NORM_MUL RMS_NORM(256,24,5,1): 16 x 4.082 us = 65.32 us
RMS_NORM_MUL RMS_NORM(256,4,5,1): 16 x 3.87 us = 61.92 us
RMS_NORM_MUL RMS_NORM(5120,5,1,1): 129 x 4.511 us = 581.92 us
RMS_NORM_MUL_SILU_MUL RMS_NORM(128,48,5,1): 48 x 6.294 us = 302.12 us
RMS_NORM_SCALE RMS_NORM(128,16,5,1): 96 x 2.631 us = 252.6 us
ROPE: 32 x 3.925 us = 125.6 us
SET_ROWS: 32 x 3.1 us = 99.2 us
SIGMOID_MUL SIGMOID: 16 x 4.092 us = 65.48 us
SSM_CONV_SILU SSM_CONV: 48 x 5.076 us = 243.68 us
Total time: 42605.4 us.
----------------
Vulkan Timings:
CONCAT: 1 x 4.12 us = 4.12 us
CONT: 1 x 4.12 us = 4.12 us
FLASH_ATTN_EXT dst(256,24,5,1),  q(256,5,24,1),  k(256,256,4,1),  v(256,256,4,1),  m(256,5,1,1): 1 x 24.64 us = 24.64 us (1276.68 GFLOPS/s)
GET_ROWS: 1 x 7.44 us = 7.44 us
GLU: 1 x 1.84 us = 1.84 us
MUL_MAT f32 m=256 n=120 k=256: 1 x 1.84 us = 1.84 us (8531.48 GFLOPS/s)
MUL_MAT f32 m=256 n=20 k=256: 1 x 3.48 us = 3.48 us (751.816 GFLOPS/s)
MUL_MAT f32 m=64 n=480 k=64: 1 x 4.08 us = 4.08 us (956.235 GFLOPS/s)
MUL_MAT f32 m=64 n=80 k=64: 1 x 4.08 us = 4.08 us (159.373 GFLOPS/s)
MUL_MAT_ADD MUL_MAT_VEC q6_K m=5120 n=5 k=17408: 1 x 154.44 us = 154.44 us (5770.94 GFLOPS/s)
MUL_MAT_ADD MUL_MAT_VEC q6_K m=5120 n=5 k=6144: 1 x 57.96 us = 57.96 us (5426.97 GFLOPS/s)
MUL_MAT_GROUP MUL_MAT_VEC q6_K m=12288 n=5 k=5120: 1 x 131.79 us = 131.79 us (4773.38 GFLOPS/s)
MUL_MAT_GROUP MUL_MAT_VEC q6_K m=17408 n=5 k=5120: 1 x 257.12 us = 257.12 us (3466.1 GFLOPS/s)
MUL_MAT_VEC q8_0 m=5120 n=5 k=10240: 1 x 108.68 us = 108.68 us (4823.91 GFLOPS/s)
RMS_NORM_MUL RMS_NORM(256,24,5,1): 1 x 4 us = 4 us
RMS_NORM_MUL RMS_NORM(256,4,5,1): 1 x 4.08 us = 4.08 us
RMS_NORM_MUL RMS_NORM(5120,5,1,1): 5 x 9.168 us = 45.84 us
ROPE: 2 x 4.08 us = 8.16 us
SET_ROWS: 2 x 3.18 us = 6.36 us
SIGMOID_MUL SIGMOID: 1 x 4.12 us = 4.12 us
Total time: 838.19 us.
----------------
Vulkan Timings:
CONCAT: 1 x 1.68 us = 1.68 us
CONT: 1 x 3.64 us = 3.64 us
FLASH_ATTN_EXT dst(256,24,1,1),  q(256,1,24,1),  k(256,256,4,1),  v(256,256,4,1),  m(256,1,1,1): 1 x 13.96 us = 13.96 us (450.677 GFLOPS/s)
GET_ROWS: 3 x 4.946 us = 14.84 us
GLU: 1 x 1.64 us = 1.64 us
MUL_MAT f32 m=256 n=24 k=256: 1 x 1.56 us = 1.56 us (2012.55 GFLOPS/s)
MUL_MAT f32 m=64 n=16 k=64: 1 x 1.88 us = 1.88 us (69.1745 GFLOPS/s)
MUL_MAT f32 m=64 n=96 k=64: 1 x 3.4 us = 3.4 us (229.496 GFLOPS/s)
MUL_MAT_ADD MUL_MAT_VEC q6_K m=5120 n=1 k=17408: 1 x 124.36 us = 124.36 us (1433.36 GFLOPS/s)
MUL_MAT_ADD MUL_MAT_VEC q6_K m=5120 n=1 k=6144: 1 x 47.96 us = 47.96 us (1311.71 GFLOPS/s)
MUL_MAT_VEC f32 m=256 n=4 k=256: 1 x 3.16 us = 3.16 us (165.59 GFLOPS/s)
MUL_MAT_VEC q6_K m=1024 n=1 k=5120: 2 x 8.84 us = 17.68 us (1186.06 GFLOPS/s)
MUL_MAT_VEC q6_K m=12288 n=1 k=5120: 1 x 90.84 us = 90.84 us (1385.04 GFLOPS/s)
MUL_MAT_VEC q6_K m=17408 n=1 k=5120: 2 x 121.98 us = 243.96 us (1461.23 GFLOPS/s)
MUL_MAT_VEC q6_K m=98304 n=1 k=5120: 1 x 670.12 us = 670.12 us (1502.02 GFLOPS/s)
MUL_MAT_VEC q8_0 m=5120 n=1 k=10240: 1 x 98.6 us = 98.6 us (1063.41 GFLOPS/s)
PAD: 1 x 6.56 us = 6.56 us
RMS_NORM_MUL RMS_NORM(256,24,1,1): 1 x 6.04 us = 6.04 us
RMS_NORM_MUL RMS_NORM(256,4,1,1): 1 x 5.04 us = 5.04 us
RMS_NORM_MUL RMS_NORM(5120,1,1,1): 5 x 4.384 us = 21.92 us
ROPE: 2 x 3.44 us = 6.88 us
SET_ROWS: 2 x 2.86 us = 5.72 us
SIGMOID_MUL SIGMOID: 1 x 1.64 us = 1.64 us
TOP_K K=10 (98304,1,1,1): 1 x 9.24 us = 9.24 us
Total time: 1402.32 us.
----------------
Vulkan Timings:
CONCAT: 1 x 1.72 us = 1.72 us
CONT: 1 x 3.68 us = 3.68 us
FLASH_ATTN_EXT dst(256,24,1,1),  q(256,1,24,1),  k(256,256,4,1),  v(256,256,4,1),  m(256,1,1,1): 1 x 14.04 us = 14.04 us (448.109 GFLOPS/s)
GET_ROWS: 3 x 4.906 us = 14.72 us
GLU: 1 x 1.8 us = 1.8 us
MUL_MAT f32 m=256 n=24 k=256: 1 x 1.72 us = 1.72 us (1825.34 GFLOPS/s)
MUL_MAT f32 m=64 n=16 k=64: 1 x 3.68 us = 3.68 us (35.3391 GFLOPS/s)
MUL_MAT f32 m=64 n=96 k=64: 1 x 3.72 us = 3.72 us (209.755 GFLOPS/s)
MUL_MAT_ADD MUL_MAT_VEC q6_K m=5120 n=1 k=17408: 1 x 123.16 us = 123.16 us (1447.33 GFLOPS/s)
MUL_MAT_ADD MUL_MAT_VEC q6_K m=5120 n=1 k=6144: 1 x 53.28 us = 53.28 us (1180.73 GFLOPS/s)
MUL_MAT_VEC f32 m=256 n=4 k=256: 1 x 3.08 us = 3.08 us (169.891 GFLOPS/s)
MUL_MAT_VEC q6_K m=1024 n=1 k=5120: 2 x 6.92 us = 13.84 us (1515.14 GFLOPS/s)
MUL_MAT_VEC q6_K m=12288 n=1 k=5120: 1 x 93.68 us = 93.68 us (1343.05 GFLOPS/s)
MUL_MAT_VEC q6_K m=17408 n=1 k=5120: 2 x 121.54 us = 243.08 us (1466.52 GFLOPS/s)
MUL_MAT_VEC q6_K m=98304 n=1 k=5120: 1 x 673.37 us = 673.37 us (1494.77 GFLOPS/s)
MUL_MAT_VEC q8_0 m=5120 n=1 k=10240: 1 x 100.92 us = 100.92 us (1038.97 GFLOPS/s)
PAD: 1 x 6.44 us = 6.44 us
RMS_NORM_MUL RMS_NORM(256,24,1,1): 1 x 3.68 us = 3.68 us
RMS_NORM_MUL RMS_NORM(256,4,1,1): 1 x 3.68 us = 3.68 us
RMS_NORM_MUL RMS_NORM(5120,1,1,1): 5 x 3.808 us = 19.04 us
ROPE: 2 x 3.64 us = 7.28 us
SET_ROWS: 2 x 2.96 us = 5.92 us
SIGMOID_MUL SIGMOID: 1 x 1.68 us = 1.68 us
TOP_K K=10 (98304,1,1,1): 1 x 9.2 us = 9.2 us
Total time: 1406.41 us.
----------------
Vulkan Timings:
CONCAT: 1 x 1.68 us = 1.68 us
CONT: 1 x 3.64 us = 3.64 us
FLASH_ATTN_EXT dst(256,24,1,1),  q(256,1,24,1),  k(256,256,4,1),  v(256,256,4,1),  m(256,1,1,1): 1 x 14.04 us = 14.04 us (448.109 GFLOPS/s)
GET_ROWS: 3 x 4.866 us = 14.6 us
GLU: 1 x 1.8 us = 1.8 us
MUL_MAT f32 m=256 n=24 k=256: 1 x 1.72 us = 1.72 us (1825.34 GFLOPS/s)
MUL_MAT f32 m=64 n=16 k=64: 1 x 3.64 us = 3.64 us (35.7275 GFLOPS/s)
MUL_MAT f32 m=64 n=96 k=64: 1 x 3.64 us = 3.64 us (214.365 GFLOPS/s)
MUL_MAT_ADD MUL_MAT_VEC q6_K m=5120 n=1 k=17408: 1 x 123.2 us = 123.2 us (1446.86 GFLOPS/s)
MUL_MAT_ADD MUL_MAT_VEC q6_K m=5120 n=1 k=6144: 1 x 52.96 us = 52.96 us (1187.87 GFLOPS/s)
MUL_MAT_VEC f32 m=256 n=4 k=256: 1 x 3 us = 3 us (174.421 GFLOPS/s)
MUL_MAT_VEC q6_K m=1024 n=1 k=5120: 2 x 6.84 us = 13.68 us (1532.86 GFLOPS/s)
MUL_MAT_VEC q6_K m=12288 n=1 k=5120: 1 x 93.56 us = 93.56 us (1344.77 GFLOPS/s)
MUL_MAT_VEC q6_K m=17408 n=1 k=5120: 2 x 121.22 us = 242.44 us (1470.39 GFLOPS/s)
MUL_MAT_VEC q6_K m=98304 n=1 k=5120: 1 x 672.42 us = 672.42 us (1496.88 GFLOPS/s)
MUL_MAT_VEC q8_0 m=5120 n=1 k=10240: 1 x 101.68 us = 101.68 us (1031.2 GFLOPS/s)
PAD: 1 x 6.12 us = 6.12 us
RMS_NORM_MUL RMS_NORM(256,24,1,1): 1 x 3.64 us = 3.64 us
RMS_NORM_MUL RMS_NORM(256,4,1,1): 1 x 3.68 us = 3.68 us
RMS_NORM_MUL RMS_NORM(5120,1,1,1): 5 x 3.816 us = 19.08 us
ROPE: 2 x 3.64 us = 7.28 us
SET_ROWS: 2 x 2.92 us = 5.84 us
SIGMOID_MUL SIGMOID: 1 x 1.68 us = 1.68 us
TOP_K K=10 (98304,1,1,1): 1 x 8.64 us = 8.64 us
Total time: 1403.66 us.
----------------
Vulkan Timings:
CONCAT: 1 x 1.68 us = 1.68 us
CONT: 1 x 3.6 us = 3.6 us
FLASH_ATTN_EXT dst(256,24,1,1),  q(256,1,24,1),  k(256,256,4,1),  v(256,256,4,1),  m(256,1,1,1): 1 x 13.72 us = 13.72 us (458.561 GFLOPS/s)
GET_ROWS: 3 x 4.893 us = 14.68 us
GLU: 1 x 1.76 us = 1.76 us
MUL_MAT f32 m=256 n=24 k=256: 1 x 1.6 us = 1.6 us (1962.24 GFLOPS/s)
MUL_MAT f32 m=64 n=16 k=64: 1 x 3.6 us = 3.6 us (36.1244 GFLOPS/s)
MUL_MAT f32 m=64 n=96 k=64: 1 x 3.6 us = 3.6 us (216.747 GFLOPS/s)
MUL_MAT_ADD MUL_MAT_VEC q6_K m=5120 n=1 k=17408: 1 x 123.72 us = 123.72 us (1440.78 GFLOPS/s)
MUL_MAT_ADD MUL_MAT_VEC q6_K m=5120 n=1 k=6144: 1 x 52.8 us = 52.8 us (1191.47 GFLOPS/s)
MUL_MAT_VEC f32 m=256 n=4 k=256: 1 x 3 us = 3 us (174.421 GFLOPS/s)
MUL_MAT_VEC q6_K m=1024 n=1 k=5120: 2 x 8.76 us = 17.52 us (1196.89 GFLOPS/s)
MUL_MAT_VEC q6_K m=12288 n=1 k=5120: 1 x 85.4 us = 85.4 us (1473.27 GFLOPS/s)
MUL_MAT_VEC q6_K m=17408 n=1 k=5120: 2 x 121.84 us = 243.68 us (1462.91 GFLOPS/s)
MUL_MAT_VEC q6_K m=98304 n=1 k=5120: 1 x 673.2 us = 673.2 us (1495.15 GFLOPS/s)
MUL_MAT_VEC q8_0 m=5120 n=1 k=10240: 1 x 101.4 us = 101.4 us (1034.05 GFLOPS/s)
PAD: 1 x 6.32 us = 6.32 us
RMS_NORM_MUL RMS_NORM(256,24,1,1): 1 x 5.28 us = 5.28 us
RMS_NORM_MUL RMS_NORM(256,4,1,1): 1 x 3.6 us = 3.6 us
RMS_NORM_MUL RMS_NORM(5120,1,1,1): 5 x 3.768 us = 18.84 us
ROPE: 2 x 3.56 us = 7.12 us
SET_ROWS: 2 x 2.88 us = 5.76 us
SIGMOID_MUL SIGMOID: 1 x 1.72 us = 1.72 us
TOP_K K=10 (98304,1,1,1): 1 x 8.68 us = 8.68 us
Total time: 1402.28 us.
----------------
Vulkan Timings:
ADD: 48 x 3.943 us = 189.28 us
CONT: 16 x 3.83 us = 61.28 us
FLASH_ATTN_EXT dst(256,24,5,1),  q(256,5,24,1),  k(256,256,4,1),  v(256,256,4,1),  m(256,5,1,1): 16 x 24.025 us = 384.4 us (1309.36 GFLOPS/s)
GDN_CACHE GATED_DELTA_NET: 48 x 14.522 us = 697.08 us
GDN_CONV_STATE CONCAT: 48 x 3.195 us = 153.36 us
GET_ROWS: 3 x 11.786 us = 35.36 us
GLU: 64 x 2.13 us = 136.32 us
MUL_MAT f32 m=256 n=120 k=256: 16 x 1.747 us = 27.96 us (8983.07 GFLOPS/s)
MUL_MAT f32 m=256 n=20 k=256: 16 x 3.245 us = 51.92 us (806.262 GFLOPS/s)
MUL_MAT f32 m=64 n=480 k=64: 16 x 3.822 us = 61.16 us (1020.65 GFLOPS/s)
MUL_MAT f32 m=64 n=80 k=64: 16 x 3.805 us = 60.88 us (170.891 GFLOPS/s)
MUL_MAT_ADD MUL_MAT_VEC q6_K m=5120 n=5 k=17408: 64 x 130.541 us = 8354.64 us (6827.45 GFLOPS/s)
MUL_MAT_ADD MUL_MAT_VEC q6_K m=5120 n=5 k=6144: 16 x 55.717 us = 891.48 us (5645.39 GFLOPS/s)
MUL_MAT_GROUP MUL_MAT_VEC q6_K m=10240 n=5 k=5120: 47 x 118.512 us = 5570.08 us (4423.48 GFLOPS/s)
MUL_MAT_GROUP MUL_MAT_VEC q6_K m=12288 n=5 k=5120: 16 x 104.87 us = 1677.92 us (5998.7 GFLOPS/s)
MUL_MAT_GROUP MUL_MAT_VEC q6_K m=17408 n=5 k=5120: 64 x 267.29 us = 17106.6 us (3334.22 GFLOPS/s)
MUL_MAT_VEC f32 m=48 n=5 k=5120: 96 x 6.519 us = 625.88 us (376.92 GFLOPS/s)
MUL_MAT_VEC q6_K m=10240 n=5 k=5120: 1 x 79.8 us = 79.8 us (6569.38 GFLOPS/s)
MUL_MAT_VEC q6_K m=248320 n=5 k=5120: 1 x 1685.8 us = 1685.8 us (7541.07 GFLOPS/s)
MUL_MAT_VEC q6_K m=6144 n=5 k=5120: 1 x 50.6 us = 50.6 us (6216.25 GFLOPS/s)
MUL_MAT_VEC q8_0 m=5120 n=5 k=6144: 48 x 60.961 us = 2926.16 us (5159.75 GFLOPS/s)
RMS_NORM_MUL RMS_NORM(256,24,5,1): 16 x 3.937 us = 63 us
RMS_NORM_MUL RMS_NORM(256,4,5,1): 16 x 3.742 us = 59.88 us
RMS_NORM_MUL RMS_NORM(5120,5,1,1): 129 x 4.432 us = 571.84 us
RMS_NORM_MUL_SILU_MUL RMS_NORM(128,48,5,1): 48 x 6.045 us = 290.16 us
RMS_NORM_SCALE RMS_NORM(128,16,5,1): 96 x 2.558 us = 245.64 us
ROPE: 32 x 3.79 us = 121.28 us
SET_ROWS: 32 x 2.975 us = 95.2 us
SIGMOID_MUL SIGMOID: 16 x 3.84 us = 61.44 us
SSM_CONV_SILU SSM_CONV: 48 x 4.955 us = 237.84 us
Total time: 42574.2 us.
----------------
Vulkan Timings:
CONCAT: 1 x 4.08 us = 4.08 us
CONT: 1 x 3.84 us = 3.84 us
FLASH_ATTN_EXT dst(256,24,5,1),  q(256,5,24,1),  k(256,256,4,1),  v(256,256,4,1),  m(256,5,1,1): 1 x 24.64 us = 24.64 us (1276.68 GFLOPS/s)
GET_ROWS: 1 x 7.12 us = 7.12 us
GLU: 1 x 1.8 us = 1.8 us
MUL_MAT f32 m=256 n=120 k=256: 1 x 1.84 us = 1.84 us (8531.48 GFLOPS/s)
MUL_MAT f32 m=256 n=20 k=256: 1 x 3.28 us = 3.28 us (797.659 GFLOPS/s)
MUL_MAT f32 m=64 n=480 k=64: 1 x 3.84 us = 3.84 us (1016 GFLOPS/s)
MUL_MAT f32 m=64 n=80 k=64: 1 x 3.92 us = 3.92 us (165.878 GFLOPS/s)
MUL_MAT_ADD MUL_MAT_VEC q6_K m=5120 n=5 k=17408: 1 x 157.24 us = 157.24 us (5668.18 GFLOPS/s)
MUL_MAT_ADD MUL_MAT_VEC q6_K m=5120 n=5 k=6144: 1 x 56.04 us = 56.04 us (5612.91 GFLOPS/s)
MUL_MAT_GROUP MUL_MAT_VEC q6_K m=12288 n=5 k=5120: 1 x 130.65 us = 130.65 us (4815.03 GFLOPS/s)
MUL_MAT_GROUP MUL_MAT_VEC q6_K m=17408 n=5 k=5120: 1 x 255.8 us = 255.8 us (3483.98 GFLOPS/s)
MUL_MAT_VEC q8_0 m=5120 n=5 k=10240: 1 x 106.2 us = 106.2 us (4936.56 GFLOPS/s)
RMS_NORM_MUL RMS_NORM(256,24,5,1): 1 x 3.88 us = 3.88 us
RMS_NORM_MUL RMS_NORM(256,4,5,1): 1 x 3.92 us = 3.92 us
RMS_NORM_MUL RMS_NORM(5120,5,1,1): 5 x 9.274 us = 46.37 us
ROPE: 2 x 3.92 us = 7.84 us
SET_ROWS: 2 x 3.1 us = 6.2 us
SIGMOID_MUL SIGMOID: 1 x 3.84 us = 3.84 us
Total time: 832.34 us.
----------------
Vulkan Timings:
CONCAT: 1 x 1.72 us = 1.72 us
CONT: 1 x 3.76 us = 3.76 us
FLASH_ATTN_EXT dst(256,24,1,1),  q(256,1,24,1),  k(256,256,4,1),  v(256,256,4,1),  m(256,1,1,1): 1 x 13.96 us = 13.96 us (450.677 GFLOPS/s)
GET_ROWS: 3 x 5.093 us = 15.28 us
GLU: 1 x 1.64 us = 1.64 us
MUL_MAT f32 m=256 n=24 k=256: 1 x 1.52 us = 1.52 us (2065.52 GFLOPS/s)
MUL_MAT f32 m=64 n=16 k=64: 1 x 1.92 us = 1.92 us (67.7333 GFLOPS/s)
MUL_MAT f32 m=64 n=96 k=64: 1 x 3.48 us = 3.48 us (224.221 GFLOPS/s)
MUL_MAT_ADD MUL_MAT_VEC q6_K m=5120 n=1 k=17408: 1 x 123.64 us = 123.64 us (1441.71 GFLOPS/s)
MUL_MAT_ADD MUL_MAT_VEC q6_K m=5120 n=1 k=6144: 1 x 48.72 us = 48.72 us (1291.24 GFLOPS/s)
MUL_MAT_VEC f32 m=256 n=4 k=256: 1 x 3.28 us = 3.28 us (159.532 GFLOPS/s)
MUL_MAT_VEC q6_K m=1024 n=1 k=5120: 2 x 8.78 us = 17.56 us (1194.16 GFLOPS/s)
MUL_MAT_VEC q6_K m=12288 n=1 k=5120: 1 x 90.36 us = 90.36 us (1392.4 GFLOPS/s)
MUL_MAT_VEC q6_K m=17408 n=1 k=5120: 2 x 121.98 us = 243.96 us (1461.23 GFLOPS/s)
MUL_MAT_VEC q6_K m=98304 n=1 k=5120: 1 x 674.42 us = 674.42 us (1492.44 GFLOPS/s)
MUL_MAT_VEC q8_0 m=5120 n=1 k=10240: 1 x 100.68 us = 100.68 us (1041.44 GFLOPS/s)
PAD: 1 x 6.68 us = 6.68 us
RMS_NORM_MUL RMS_NORM(256,24,1,1): 1 x 6.4 us = 6.4 us
RMS_NORM_MUL RMS_NORM(256,4,1,1): 1 x 5.4 us = 5.4 us
RMS_NORM_MUL RMS_NORM(5120,1,1,1): 5 x 4.184 us = 20.92 us
ROPE: 2 x 3.62 us = 7.24 us
SET_ROWS: 2 x 2.98 us = 5.96 us
SIGMOID_MUL SIGMOID: 1 x 1.64 us = 1.64 us
TOP_K K=10 (98304,1,1,1): 1 x 9.64 us = 9.64 us
Total time: 1409.78 us.
----------------
Vulkan Timings:
CONCAT: 1 x 2.64 us = 2.64 us
CONT: 1 x 3.88 us = 3.88 us
FLASH_ATTN_EXT dst(256,24,1,1),  q(256,1,24,1),  k(256,256,4,1),  v(256,256,4,1),  m(256,1,1,1): 1 x 14.28 us = 14.28 us (440.578 GFLOPS/s)
GET_ROWS: 3 x 5.026 us = 15.08 us
GLU: 1 x 1.72 us = 1.72 us
MUL_MAT f32 m=256 n=24 k=256: 1 x 1.68 us = 1.68 us (1868.8 GFLOPS/s)
MUL_MAT f32 m=64 n=16 k=64: 1 x 3.88 us = 3.88 us (33.5175 GFLOPS/s)
MUL_MAT f32 m=64 n=96 k=64: 1 x 3.88 us = 3.88 us (201.105 GFLOPS/s)
MUL_MAT_ADD MUL_MAT_VEC q6_K m=5120 n=1 k=17408: 1 x 123.64 us = 123.64 us (1441.71 GFLOPS/s)
MUL_MAT_ADD MUL_MAT_VEC q6_K m=5120 n=1 k=6144: 1 x 53.92 us = 53.92 us (1166.72 GFLOPS/s)
MUL_MAT_VEC f32 m=256 n=4 k=256: 1 x 3.24 us = 3.24 us (161.501 GFLOPS/s)
MUL_MAT_VEC q6_K m=1024 n=1 k=5120: 2 x 8.98 us = 17.96 us (1167.57 GFLOPS/s)
MUL_MAT_VEC q6_K m=12288 n=1 k=5120: 1 x 85.96 us = 85.96 us (1463.67 GFLOPS/s)
MUL_MAT_VEC q6_K m=17408 n=1 k=5120: 2 x 121.76 us = 243.52 us (1463.87 GFLOPS/s)
MUL_MAT_VEC q6_K m=98304 n=1 k=5120: 1 x 673.63 us = 673.63 us (1494.2 GFLOPS/s)
MUL_MAT_VEC q8_0 m=5120 n=1 k=10240: 1 x 100.6 us = 100.6 us (1042.27 GFLOPS/s)
PAD: 1 x 6.64 us = 6.64 us
RMS_NORM_MUL RMS_NORM(256,24,1,1): 1 x 5.8 us = 5.8 us
RMS_NORM_MUL RMS_NORM(256,4,1,1): 1 x 3.84 us = 3.84 us
RMS_NORM_MUL RMS_NORM(5120,1,1,1): 5 x 3.896 us = 19.48 us
ROPE: 2 x 3.82 us = 7.64 us
SET_ROWS: 2 x 3.06 us = 6.12 us
SIGMOID_MUL SIGMOID: 1 x 1.72 us = 1.72 us
TOP_K K=10 (98304,1,1,1): 1 x 9.56 us = 9.56 us
Total time: 1410.31 us.
----------------
Vulkan Timings:
CONCAT: 1 x 1.72 us = 1.72 us
CONT: 1 x 3.8 us = 3.8 us
FLASH_ATTN_EXT dst(256,24,1,1),  q(256,1,24,1),  k(256,256,4,1),  v(256,256,4,1),  m(256,1,1,1): 1 x 14.12 us = 14.12 us (445.571 GFLOPS/s)
GET_ROWS: 3 x 4.933 us = 14.8 us
GLU: 1 x 1.8 us = 1.8 us
MUL_MAT f32 m=256 n=24 k=256: 1 x 1.68 us = 1.68 us (1868.8 GFLOPS/s)
MUL_MAT f32 m=64 n=16 k=64: 1 x 3.8 us = 3.8 us (34.2232 GFLOPS/s)
MUL_MAT f32 m=64 n=96 k=64: 1 x 3.8 us = 3.8 us (205.339 GFLOPS/s)
MUL_MAT_ADD MUL_MAT_VEC q6_K m=5120 n=1 k=17408: 1 x 124.04 us = 124.04 us (1437.06 GFLOPS/s)
MUL_MAT_ADD MUL_MAT_VEC q6_K m=5120 n=1 k=6144: 1 x 53.48 us = 53.48 us (1176.32 GFLOPS/s)
MUL_MAT_VEC f32 m=256 n=4 k=256: 1 x 3.2 us = 3.2 us (163.52 GFLOPS/s)
MUL_MAT_VEC q6_K m=1024 n=1 k=5120: 2 x 8.78 us = 17.56 us (1194.16 GFLOPS/s)
MUL_MAT_VEC q6_K m=12288 n=1 k=5120: 1 x 85.8 us = 85.8 us (1466.4 GFLOPS/s)
MUL_MAT_VEC q6_K m=17408 n=1 k=5120: 2 x 121.22 us = 242.44 us (1470.39 GFLOPS/s)
MUL_MAT_VEC q6_K m=98304 n=1 k=5120: 1 x 672.02 us = 672.02 us (1497.77 GFLOPS/s)
MUL_MAT_VEC q8_0 m=5120 n=1 k=10240: 1 x 102.04 us = 102.04 us (1027.56 GFLOPS/s)
PAD: 1 x 6.56 us = 6.56 us
RMS_NORM_MUL RMS_NORM(256,24,1,1): 1 x 5.68 us = 5.68 us
RMS_NORM_MUL RMS_NORM(256,4,1,1): 1 x 3.76 us = 3.76 us
RMS_NORM_MUL RMS_NORM(5120,1,1,1): 5 x 3.784 us = 18.92 us
ROPE: 2 x 3.78 us = 7.56 us
SET_ROWS: 2 x 3.04 us = 6.08 us
SIGMOID_MUL SIGMOID: 1 x 1.68 us = 1.68 us
TOP_K K=10 (98304,1,1,1): 1 x 9.16 us = 9.16 us
Total time: 1405.5 us.
----------------
Vulkan Timings:
CONCAT: 1 x 1.68 us = 1.68 us
CONT: 1 x 3.76 us = 3.76 us
FLASH_ATTN_EXT dst(256,24,1,1),  q(256,1,24,1),  k(256,256,4,1),  v(256,256,4,1),  m(256,1,1,1): 1 x 16.4 us = 16.4 us (383.625 GFLOPS/s)
GET_ROWS: 3 x 4.986 us = 14.96 us
GLU: 1 x 1.8 us = 1.8 us
MUL_MAT f32 m=256 n=24 k=256: 1 x 1.68 us = 1.68 us (1868.8 GFLOPS/s)
MUL_MAT f32 m=64 n=16 k=64: 1 x 3.8 us = 3.8 us (34.2232 GFLOPS/s)
MUL_MAT f32 m=64 n=96 k=64: 1 x 3.72 us = 3.72 us (209.755 GFLOPS/s)
MUL_MAT_ADD MUL_MAT_VEC q6_K m=5120 n=1 k=17408: 1 x 123.32 us = 123.32 us (1445.45 GFLOPS/s)
MUL_MAT_ADD MUL_MAT_VEC q6_K m=5120 n=1 k=6144: 1 x 53.52 us = 53.52 us (1175.44 GFLOPS/s)
MUL_MAT_VEC f32 m=256 n=4 k=256: 1 x 3.16 us = 3.16 us (165.59 GFLOPS/s)
MUL_MAT_VEC q6_K m=1024 n=1 k=5120: 2 x 7.04 us = 14.08 us (1489.31 GFLOPS/s)
MUL_MAT_VEC q6_K m=12288 n=1 k=5120: 1 x 92.76 us = 92.76 us (1356.37 GFLOPS/s)
MUL_MAT_VEC q6_K m=17408 n=1 k=5120: 2 x 121.2 us = 242.4 us (1470.63 GFLOPS/s)
MUL_MAT_VEC q6_K m=98304 n=1 k=5120: 1 x 672.86 us = 672.86 us (1495.91 GFLOPS/s)
MUL_MAT_VEC q8_0 m=5120 n=1 k=10240: 1 x 100.96 us = 100.96 us (1038.55 GFLOPS/s)
PAD: 1 x 6.44 us = 6.44 us
RMS_NORM_MUL RMS_NORM(256,24,1,1): 1 x 3.76 us = 3.76 us
RMS_NORM_MUL RMS_NORM(256,4,1,1): 1 x 3.76 us = 3.76 us
RMS_NORM_MUL RMS_NORM(5120,1,1,1): 5 x 3.76 us = 18.8 us
ROPE: 2 x 3.76 us = 7.52 us
SET_ROWS: 2 x 2.04 us = 4.08 us
SIGMOID_MUL SIGMOID: 1 x 1.64 us = 1.64 us
TOP_K K=10 (98304,1,1,1): 1 x 9.08 us = 9.08 us
Total time: 1405.94 us.
----------------
Vulkan Timings:
ADD: 48 x 4.085 us = 196.08 us
CONT: 16 x 3.97 us = 63.52 us
FLASH_ATTN_EXT dst(256,24,5,1),  q(256,5,24,1),  k(256,256,4,1),  v(256,256,4,1),  m(256,5,1,1): 16 x 23.957 us = 383.32 us (1313.05 GFLOPS/s)
GDN_CACHE GATED_DELTA_NET: 48 x 13.999 us = 671.96 us
GDN_CONV_STATE CONCAT: 48 x 3.093 us = 148.48 us
GET_ROWS: 3 x 12.04 us = 36.12 us
GLU: 64 x 2.233 us = 142.92 us
MUL_MAT f32 m=256 n=120 k=256: 16 x 1.797 us = 28.76 us (8733.2 GFLOPS/s)
MUL_MAT f32 m=256 n=20 k=256: 16 x 3.215 us = 51.44 us (813.785 GFLOPS/s)
MUL_MAT f32 m=64 n=480 k=64: 16 x 3.96 us = 63.36 us (985.212 GFLOPS/s)
MUL_MAT f32 m=64 n=80 k=64: 16 x 3.96 us = 63.36 us (164.202 GFLOPS/s)
MUL_MAT_ADD MUL_MAT_VEC q6_K m=5120 n=5 k=17408: 64 x 130.652 us = 8361.76 us (6821.64 GFLOPS/s)
MUL_MAT_ADD MUL_MAT_VEC q6_K m=5120 n=5 k=6144: 16 x 56.02 us = 896.32 us (5614.91 GFLOPS/s)
MUL_MAT_GROUP MUL_MAT_VEC q6_K m=10240 n=5 k=5120: 47 x 118.563 us = 5572.48 us (4421.57 GFLOPS/s)
MUL_MAT_GROUP MUL_MAT_VEC q6_K m=12288 n=5 k=5120: 16 x 104.86 us = 1677.76 us (5999.28 GFLOPS/s)
MUL_MAT_GROUP MUL_MAT_VEC q6_K m=17408 n=5 k=5120: 64 x 266.62 us = 17063.7 us (3342.59 GFLOPS/s)
MUL_MAT_VEC f32 m=48 n=5 k=5120: 96 x 6.817 us = 654.48 us (360.449 GFLOPS/s)
MUL_MAT_VEC q6_K m=10240 n=5 k=5120: 1 x 80.16 us = 80.16 us (6539.88 GFLOPS/s)
MUL_MAT_VEC q6_K m=248320 n=5 k=5120: 1 x 1686.88 us = 1686.88 us (7536.25 GFLOPS/s)
MUL_MAT_VEC q6_K m=6144 n=5 k=5120: 1 x 51.24 us = 51.24 us (6138.6 GFLOPS/s)
MUL_MAT_VEC q8_0 m=5120 n=5 k=6144: 48 x 61.01 us = 2928.48 us (5155.67 GFLOPS/s)
RMS_NORM_MUL RMS_NORM(256,24,5,1): 16 x 4.09 us = 65.44 us
RMS_NORM_MUL RMS_NORM(256,4,5,1): 16 x 3.87 us = 61.92 us
RMS_NORM_MUL RMS_NORM(5120,5,1,1): 129 x 4.519 us = 583 us
RMS_NORM_MUL_SILU_MUL RMS_NORM(128,48,5,1): 48 x 6.317 us = 303.24 us
RMS_NORM_SCALE RMS_NORM(128,16,5,1): 96 x 2.587 us = 248.44 us
ROPE: 32 x 3.93 us = 125.76 us
SET_ROWS: 32 x 3.12 us = 99.84 us
SIGMOID_MUL SIGMOID: 16 x 3.977 us = 63.64 us
SSM_CONV_SILU SSM_CONV: 48 x 5.098 us = 244.72 us
Total time: 42618.6 us.
----------------
Vulkan Timings:
CONCAT: 1 x 3.8 us = 3.8 us
CONT: 1 x 4.16 us = 4.16 us
FLASH_ATTN_EXT dst(256,24,5,1),  q(256,5,24,1),  k(256,256,4,1),  v(256,256,4,1),  m(256,5,1,1): 1 x 24.6 us = 24.6 us (1278.75 GFLOPS/s)
GET_ROWS: 1 x 7.4 us = 7.4 us
GLU: 1 x 1.8 us = 1.8 us
MUL_MAT f32 m=256 n=120 k=256: 1 x 1.92 us = 1.92 us (8176 GFLOPS/s)
MUL_MAT f32 m=256 n=20 k=256: 1 x 3.48 us = 3.48 us (751.816 GFLOPS/s)
MUL_MAT f32 m=64 n=480 k=64: 1 x 4.12 us = 4.12 us (946.951 GFLOPS/s)
MUL_MAT f32 m=64 n=80 k=64: 1 x 4.04 us = 4.04 us (160.95 GFLOPS/s)
MUL_MAT_ADD MUL_MAT_VEC q6_K m=5120 n=5 k=17408: 1 x 156.96 us = 156.96 us (5678.29 GFLOPS/s)
MUL_MAT_ADD MUL_MAT_VEC q6_K m=5120 n=5 k=6144: 1 x 56.8 us = 56.8 us (5537.8 GFLOPS/s)
MUL_MAT_GROUP MUL_MAT_VEC q6_K m=12288 n=5 k=5120: 1 x 135.97 us = 135.97 us (4626.64 GFLOPS/s)
MUL_MAT_GROUP MUL_MAT_VEC q6_K m=17408 n=5 k=5120: 1 x 255.96 us = 255.96 us (3481.8 GFLOPS/s)
MUL_MAT_VEC q8_0 m=5120 n=5 k=10240: 1 x 108.96 us = 108.96 us (4811.51 GFLOPS/s)
RMS_NORM_MUL RMS_NORM(256,24,5,1): 1 x 3.96 us = 3.96 us
RMS_NORM_MUL RMS_NORM(256,4,5,1): 1 x 4.08 us = 4.08 us
RMS_NORM_MUL RMS_NORM(5120,5,1,1): 5 x 13.056 us = 65.28 us
ROPE: 2 x 4.1 us = 8.2 us
SET_ROWS: 2 x 3.18 us = 6.36 us
SIGMOID_MUL SIGMOID: 1 x 4.12 us = 4.12 us
Total time: 861.97 us.
----------------
Vulkan Timings:
CONCAT: 1 x 1.68 us = 1.68 us
CONT: 1 x 3.64 us = 3.64 us
FLASH_ATTN_EXT dst(256,24,1,1),  q(256,1,24,1),  k(256,256,4,1),  v(256,256,4,1),  m(256,1,1,1): 1 x 14.08 us = 14.08 us (446.836 GFLOPS/s)
GET_ROWS: 3 x 4.92 us = 14.76 us
GLU: 1 x 1.6 us = 1.6 us
MUL_MAT f32 m=256 n=24 k=256: 1 x 1.56 us = 1.56 us (2012.55 GFLOPS/s)
MUL_MAT f32 m=64 n=16 k=64: 1 x 1.84 us = 1.84 us (70.6783 GFLOPS/s)
MUL_MAT f32 m=64 n=96 k=64: 1 x 3.32 us = 3.32 us (235.027 GFLOPS/s)
MUL_MAT_ADD MUL_MAT_VEC q6_K m=5120 n=1 k=17408: 1 x 123.32 us = 123.32 us (1445.45 GFLOPS/s)
MUL_MAT_ADD MUL_MAT_VEC q6_K m=5120 n=1 k=6144: 1 x 48.16 us = 48.16 us (1306.26 GFLOPS/s)
MUL_MAT_VEC f32 m=256 n=4 k=256: 1 x 3.12 us = 3.12 us (167.713 GFLOPS/s)
MUL_MAT_VEC q6_K m=1024 n=1 k=5120: 2 x 8.9 us = 17.8 us (1178.06 GFLOPS/s)
MUL_MAT_VEC q6_K m=12288 n=1 k=5120: 1 x 90.4 us = 90.4 us (1391.78 GFLOPS/s)
MUL_MAT_VEC q6_K m=17408 n=1 k=5120: 2 x 121.7 us = 243.4 us (1464.59 GFLOPS/s)
MUL_MAT_VEC q6_K m=98304 n=1 k=5120: 1 x 672.23 us = 672.23 us (1497.31 GFLOPS/s)
MUL_MAT_VEC q8_0 m=5120 n=1 k=10240: 1 x 98.6 us = 98.6 us (1063.41 GFLOPS/s)
PAD: 1 x 6.48 us = 6.48 us
RMS_NORM_MUL RMS_NORM(256,24,1,1): 1 x 6.04 us = 6.04 us
RMS_NORM_MUL RMS_NORM(256,4,1,1): 1 x 5.04 us = 5.04 us
RMS_NORM_MUL RMS_NORM(5120,1,1,1): 5 x 4.408 us = 22.04 us
ROPE: 2 x 3.44 us = 6.88 us
SET_ROWS: 2 x 2.9 us = 5.8 us
SIGMOID_MUL SIGMOID: 1 x 1.64 us = 1.64 us
TOP_K K=10 (98304,1,1,1): 1 x 9.04 us = 9.04 us
Total time: 1402.47 us.
----------------
Vulkan Timings:
CONCAT: 1 x 1.68 us = 1.68 us
CONT: 1 x 3.68 us = 3.68 us
FLASH_ATTN_EXT dst(256,24,1,1),  q(256,1,24,1),  k(256,256,4,1),  v(256,256,4,1),  m(256,1,1,1): 1 x 14.08 us = 14.08 us (446.836 GFLOPS/s)
GET_ROWS: 3 x 4.946 us = 14.84 us
GLU: 1 x 1.76 us = 1.76 us
MUL_MAT f32 m=256 n=24 k=256: 1 x 1.64 us = 1.64 us (1914.38 GFLOPS/s)
MUL_MAT f32 m=64 n=16 k=64: 1 x 3.68 us = 3.68 us (35.3391 GFLOPS/s)
MUL_MAT f32 m=64 n=96 k=64: 1 x 3.72 us = 3.72 us (209.755 GFLOPS/s)
MUL_MAT_ADD MUL_MAT_VEC q6_K m=5120 n=1 k=17408: 1 x 123.52 us = 123.52 us (1443.11 GFLOPS/s)
MUL_MAT_ADD MUL_MAT_VEC q6_K m=5120 n=1 k=6144: 1 x 53.36 us = 53.36 us (1178.96 GFLOPS/s)
MUL_MAT_VEC f32 m=256 n=4 k=256: 1 x 3.04 us = 3.04 us (172.126 GFLOPS/s)
MUL_MAT_VEC q6_K m=1024 n=1 k=5120: 2 x 7.06 us = 14.12 us (1485.09 GFLOPS/s)
MUL_MAT_VEC q6_K m=12288 n=1 k=5120: 1 x 93.12 us = 93.12 us (1351.13 GFLOPS/s)
MUL_MAT_VEC q6_K m=17408 n=1 k=5120: 2 x 121.56 us = 243.12 us (1466.28 GFLOPS/s)
MUL_MAT_VEC q6_K m=98304 n=1 k=5120: 1 x 677.98 us = 677.98 us (1484.61 GFLOPS/s)
MUL_MAT_VEC q8_0 m=5120 n=1 k=10240: 1 x 101.56 us = 101.56 us (1032.42 GFLOPS/s)
PAD: 1 x 6.36 us = 6.36 us
RMS_NORM_MUL RMS_NORM(256,24,1,1): 1 x 3.64 us = 3.64 us
RMS_NORM_MUL RMS_NORM(256,4,1,1): 1 x 3.64 us = 3.64 us
RMS_NORM_MUL RMS_NORM(5120,1,1,1): 5 x 3.808 us = 19.04 us
ROPE: 2 x 3.62 us = 7.24 us
SET_ROWS: 2 x 2.96 us = 5.92 us
SIGMOID_MUL SIGMOID: 1 x 1.72 us = 1.72 us
TOP_K K=10 (98304,1,1,1): 1 x 9.28 us = 9.28 us
Total time: 1411.74 us.
----------------
Vulkan Timings:
CONCAT: 1 x 1.68 us = 1.68 us
CONT: 1 x 3.56 us = 3.56 us
FLASH_ATTN_EXT dst(256,24,1,1),  q(256,1,24,1),  k(256,256,4,1),  v(256,256,4,1),  m(256,1,1,1): 1 x 13.8 us = 13.8 us (455.903 GFLOPS/s)
GET_ROWS: 3 x 4.84 us = 14.52 us
GLU: 1 x 1.8 us = 1.8 us
MUL_MAT f32 m=256 n=24 k=256: 1 x 1.68 us = 1.68 us (1868.8 GFLOPS/s)
MUL_MAT f32 m=64 n=16 k=64: 1 x 3.64 us = 3.64 us (35.7275 GFLOPS/s)
MUL_MAT f32 m=64 n=96 k=64: 1 x 3.6 us = 3.6 us (216.747 GFLOPS/s)
MUL_MAT_ADD MUL_MAT_VEC q6_K m=5120 n=1 k=17408: 1 x 123.08 us = 123.08 us (1448.27 GFLOPS/s)
MUL_MAT_ADD MUL_MAT_VEC q6_K m=5120 n=1 k=6144: 1 x 53.4 us = 53.4 us (1178.08 GFLOPS/s)
MUL_MAT_VEC f32 m=256 n=4 k=256: 1 x 3 us = 3 us (174.421 GFLOPS/s)
MUL_MAT_VEC q6_K m=1024 n=1 k=5120: 2 x 6.86 us = 13.72 us (1528.39 GFLOPS/s)
MUL_MAT_VEC q6_K m=12288 n=1 k=5120: 1 x 93.48 us = 93.48 us (1345.92 GFLOPS/s)
MUL_MAT_VEC q6_K m=17408 n=1 k=5120: 2 x 120.98 us = 241.96 us (1473.31 GFLOPS/s)
MUL_MAT_VEC q6_K m=98304 n=1 k=5120: 1 x 674.01 us = 674.01 us (1493.35 GFLOPS/s)
MUL_MAT_VEC q8_0 m=5120 n=1 k=10240: 1 x 101.04 us = 101.04 us (1037.73 GFLOPS/s)
PAD: 1 x 6.36 us = 6.36 us
RMS_NORM_MUL RMS_NORM(256,24,1,1): 1 x 3.64 us = 3.64 us
RMS_NORM_MUL RMS_NORM(256,4,1,1): 1 x 3.6 us = 3.6 us
RMS_NORM_MUL RMS_NORM(5120,1,1,1): 5 x 3.728 us = 18.64 us
ROPE: 2 x 3.58 us = 7.16 us
SET_ROWS: 2 x 2.9 us = 5.8 us
SIGMOID_MUL SIGMOID: 1 x 1.64 us = 1.64 us
TOP_K K=10 (98304,1,1,1): 1 x 9.36 us = 9.36 us
Total time: 1404.17 us.
----------------
Vulkan Timings:
CONCAT: 1 x 1.64 us = 1.64 us
CONT: 1 x 3.56 us = 3.56 us
FLASH_ATTN_EXT dst(256,24,1,1),  q(256,1,24,1),  k(256,256,4,1),  v(256,256,4,1),  m(256,1,1,1): 1 x 13.8 us = 13.8 us (455.903 GFLOPS/s)
GET_ROWS: 3 x 5.626 us = 16.88 us
GLU: 1 x 1.8 us = 1.8 us
MUL_MAT f32 m=256 n=24 k=256: 1 x 1.64 us = 1.64 us (1914.38 GFLOPS/s)
MUL_MAT f32 m=64 n=16 k=64: 1 x 3.64 us = 3.64 us (35.7275 GFLOPS/s)
MUL_MAT f32 m=64 n=96 k=64: 1 x 3.6 us = 3.6 us (216.747 GFLOPS/s)
MUL_MAT_ADD MUL_MAT_VEC q6_K m=5120 n=1 k=17408: 1 x 122.88 us = 122.88 us (1450.62 GFLOPS/s)
MUL_MAT_ADD MUL_MAT_VEC q6_K m=5120 n=1 k=6144: 1 x 52.92 us = 52.92 us (1188.76 GFLOPS/s)
MUL_MAT_VEC f32 m=256 n=4 k=256: 1 x 3 us = 3 us (174.421 GFLOPS/s)
MUL_MAT_VEC q6_K m=1024 n=1 k=5120: 2 x 6.84 us = 13.68 us (1532.86 GFLOPS/s)
MUL_MAT_VEC q6_K m=12288 n=1 k=5120: 1 x 93.48 us = 93.48 us (1345.92 GFLOPS/s)
MUL_MAT_VEC q6_K m=17408 n=1 k=5120: 2 x 121.2 us = 242.4 us (1470.63 GFLOPS/s)
MUL_MAT_VEC q6_K m=98304 n=1 k=5120: 1 x 673.08 us = 673.08 us (1495.42 GFLOPS/s)
MUL_MAT_VEC q8_0 m=5120 n=1 k=10240: 1 x 101.36 us = 101.36 us (1034.46 GFLOPS/s)
PAD: 1 x 6.32 us = 6.32 us
RMS_NORM_MUL RMS_NORM(256,24,1,1): 1 x 3.64 us = 3.64 us
RMS_NORM_MUL RMS_NORM(256,4,1,1): 1 x 3.6 us = 3.6 us
RMS_NORM_MUL RMS_NORM(5120,1,1,1): 5 x 3.72 us = 18.6 us
ROPE: 2 x 3.58 us = 7.16 us
SET_ROWS: 2 x 2.86 us = 5.72 us
SIGMOID_MUL SIGMOID: 1 x 1.68 us = 1.68 us
TOP_K K=10 (98304,1,1,1): 1 x 8.88 us = 8.88 us
Total time: 1404.96 us.
----------------
Vulkan Timings:
ADD: 48 x 3.824 us = 183.56 us
CONT: 16 x 3.725 us = 59.6 us
FLASH_ATTN_EXT dst(256,24,5,1),  q(256,5,24,1),  k(256,256,4,1),  v(256,256,4,1),  m(256,5,1,1): 16 x 23.565 us = 377.04 us (1334.92 GFLOPS/s)
GDN_CACHE GATED_DELTA_NET: 48 x 14.57 us = 699.4 us
GDN_CONV_STATE CONCAT: 48 x 3.106 us = 149.12 us
GET_ROWS: 3 x 11.653 us = 34.96 us
GLU: 64 x 2.251 us = 144.08 us
MUL_MAT f32 m=256 n=120 k=256: 16 x 1.717 us = 27.48 us (9139.98 GFLOPS/s)
MUL_MAT f32 m=256 n=20 k=256: 16 x 3.137 us = 50.2 us (833.887 GFLOPS/s)
MUL_MAT f32 m=64 n=480 k=64: 16 x 3.572 us = 57.16 us (1092.08 GFLOPS/s)
MUL_MAT f32 m=64 n=80 k=64: 16 x 3.705 us = 59.28 us (175.503 GFLOPS/s)
MUL_MAT_ADD MUL_MAT_VEC q6_K m=5120 n=5 k=17408: 64 x 129.732 us = 8302.88 us (6870.01 GFLOPS/s)
MUL_MAT_ADD MUL_MAT_VEC q6_K m=5120 n=5 k=6144: 16 x 55.522 us = 888.36 us (5665.22 GFLOPS/s)
MUL_MAT_GROUP MUL_MAT_VEC q6_K m=10240 n=5 k=5120: 47 x 118.246 us = 5557.6 us (4433.41 GFLOPS/s)
MUL_MAT_GROUP MUL_MAT_VEC q6_K m=12288 n=5 k=5120: 16 x 104.445 us = 1671.12 us (6023.11 GFLOPS/s)
MUL_MAT_GROUP MUL_MAT_VEC q6_K m=17408 n=5 k=5120: 64 x 266.721 us = 17070.2 us (3341.32 GFLOPS/s)
MUL_MAT_VEC f32 m=48 n=5 k=5120: 96 x 6.375 us = 612 us (385.468 GFLOPS/s)
MUL_MAT_VEC q6_K m=10240 n=5 k=5120: 1 x 80.12 us = 80.12 us (6543.15 GFLOPS/s)
MUL_MAT_VEC q6_K m=248320 n=5 k=5120: 1 x 1686.64 us = 1686.64 us (7537.32 GFLOPS/s)
MUL_MAT_VEC q6_K m=6144 n=5 k=5120: 1 x 50.44 us = 50.44 us (6235.97 GFLOPS/s)
MUL_MAT_VEC q8_0 m=5120 n=5 k=6144: 48 x 60.746 us = 2915.84 us (5178.02 GFLOPS/s)
RMS_NORM_MUL RMS_NORM(256,24,5,1): 16 x 3.835 us = 61.36 us
RMS_NORM_MUL RMS_NORM(256,4,5,1): 16 x 3.632 us = 58.12 us
RMS_NORM_MUL RMS_NORM(5120,5,1,1): 129 x 4.358 us = 562.2 us
RMS_NORM_MUL_SILU_MUL RMS_NORM(128,48,5,1): 48 x 5.855 us = 281.08 us
RMS_NORM_SCALE RMS_NORM(128,16,5,1): 96 x 2.449 us = 235.12 us
ROPE: 32 x 3.68 us = 117.76 us
SET_ROWS: 32 x 2.898 us = 92.76 us
SIGMOID_MUL SIGMOID: 16 x 3.83 us = 61.28 us
SSM_CONV_SILU SSM_CONV: 48 x 4.825 us = 231.64 us
Total time: 42378.4 us.
----------------
Vulkan Timings:
CONCAT: 1 x 4.04 us = 4.04 us
CONT: 1 x 3.96 us = 3.96 us
FLASH_ATTN_EXT dst(256,24,5,1),  q(256,5,24,1),  k(256,256,4,1),  v(256,256,4,1),  m(256,5,1,1): 1 x 24.48 us = 24.48 us (1285.02 GFLOPS/s)
GET_ROWS: 1 x 7 us = 7 us
GLU: 1 x 1.8 us = 1.8 us
MUL_MAT f32 m=256 n=120 k=256: 1 x 1.84 us = 1.84 us (8531.48 GFLOPS/s)
MUL_MAT f32 m=256 n=20 k=256: 1 x 3.28 us = 3.28 us (797.659 GFLOPS/s)
MUL_MAT f32 m=64 n=480 k=64: 1 x 3.92 us = 3.92 us (995.265 GFLOPS/s)
MUL_MAT f32 m=64 n=80 k=64: 1 x 3.88 us = 3.88 us (167.588 GFLOPS/s)
MUL_MAT_ADD MUL_MAT_VEC q6_K m=5120 n=5 k=17408: 1 x 155.23 us = 155.23 us (5741.57 GFLOPS/s)
MUL_MAT_ADD MUL_MAT_VEC q6_K m=5120 n=5 k=6144: 1 x 57.08 us = 57.08 us (5510.64 GFLOPS/s)
MUL_MAT_GROUP MUL_MAT_VEC q6_K m=12288 n=5 k=5120: 1 x 128.97 us = 128.97 us (4877.76 GFLOPS/s)
MUL_MAT_GROUP MUL_MAT_VEC q6_K m=17408 n=5 k=5120: 1 x 256.12 us = 256.12 us (3479.63 GFLOPS/s)
MUL_MAT_VEC q8_0 m=5120 n=5 k=10240: 1 x 105.96 us = 105.96 us (4947.74 GFLOPS/s)
RMS_NORM_MUL RMS_NORM(256,24,5,1): 1 x 3.76 us = 3.76 us
RMS_NORM_MUL RMS_NORM(256,4,5,1): 1 x 3.92 us = 3.92 us
RMS_NORM_MUL RMS_NORM(5120,5,1,1): 5 x 9.242 us = 46.21 us
ROPE: 2 x 3.88 us = 7.76 us
SET_ROWS: 2 x 3.1 us = 6.2 us
SIGMOID_MUL SIGMOID: 1 x 3.92 us = 3.92 us
Total time: 829.33 us.
----------------
Vulkan Timings:
CONCAT: 1 x 1.96 us = 1.96 us
CONT: 1 x 3.68 us = 3.68 us
FLASH_ATTN_EXT dst(256,24,1,1),  q(256,1,24,1),  k(256,256,4,1),  v(256,256,4,1),  m(256,1,1,1): 1 x 13.6 us = 13.6 us (462.607 GFLOPS/s)
GET_ROWS: 3 x 5.026 us = 15.08 us
GLU: 1 x 1.68 us = 1.68 us
MUL_MAT f32 m=256 n=24 k=256: 1 x 1.64 us = 1.64 us (1914.38 GFLOPS/s)
MUL_MAT f32 m=64 n=16 k=64: 1 x 1.88 us = 1.88 us (69.1745 GFLOPS/s)
MUL_MAT f32 m=64 n=96 k=64: 1 x 3.44 us = 3.44 us (226.828 GFLOPS/s)
MUL_MAT_ADD MUL_MAT_VEC q6_K m=5120 n=1 k=17408: 1 x 123.52 us = 123.52 us (1443.11 GFLOPS/s)
MUL_MAT_ADD MUL_MAT_VEC q6_K m=5120 n=1 k=6144: 1 x 47.56 us = 47.56 us (1322.74 GFLOPS/s)
MUL_MAT_VEC f32 m=256 n=4 k=256: 1 x 3.2 us = 3.2 us (163.52 GFLOPS/s)
MUL_MAT_VEC q6_K m=1024 n=1 k=5120: 2 x 8.94 us = 17.88 us (1172.79 GFLOPS/s)
MUL_MAT_VEC q6_K m=12288 n=1 k=5120: 1 x 90.16 us = 90.16 us (1395.48 GFLOPS/s)
MUL_MAT_VEC q6_K m=17408 n=1 k=5120: 2 x 121.74 us = 243.48 us (1464.11 GFLOPS/s)
MUL_MAT_VEC q6_K m=98304 n=1 k=5120: 1 x 672.16 us = 672.16 us (1497.46 GFLOPS/s)
MUL_MAT_VEC q8_0 m=5120 n=1 k=10240: 1 x 98.76 us = 98.76 us (1061.69 GFLOPS/s)
PAD: 1 x 6.6 us = 6.6 us
RMS_NORM_MUL RMS_NORM(256,24,1,1): 1 x 5.8 us = 5.8 us
RMS_NORM_MUL RMS_NORM(256,4,1,1): 1 x 5.24 us = 5.24 us
RMS_NORM_MUL RMS_NORM(5120,1,1,1): 5 x 4.432 us = 22.16 us
ROPE: 2 x 3.54 us = 7.08 us
SET_ROWS: 2 x 2.94 us = 5.88 us
SIGMOID_MUL SIGMOID: 1 x 1.88 us = 1.88 us
TOP_K K=10 (98304,1,1,1): 1 x 9.12 us = 9.12 us
Total time: 1403.44 us.
----------------
Vulkan Timings:
CONCAT: 1 x 1.64 us = 1.64 us
CONT: 1 x 3.76 us = 3.76 us
FLASH_ATTN_EXT dst(256,24,1,1),  q(256,1,24,1),  k(256,256,4,1),  v(256,256,4,1),  m(256,1,1,1): 1 x 13.96 us = 13.96 us (450.677 GFLOPS/s)
GET_ROWS: 3 x 4.933 us = 14.8 us
GLU: 1 x 1.84 us = 1.84 us
MUL_MAT f32 m=256 n=24 k=256: 1 x 1.6 us = 1.6 us (1962.24 GFLOPS/s)
MUL_MAT f32 m=64 n=16 k=64: 1 x 3.8 us = 3.8 us (34.2232 GFLOPS/s)
MUL_MAT f32 m=64 n=96 k=64: 1 x 3.76 us = 3.76 us (207.523 GFLOPS/s)
MUL_MAT_ADD MUL_MAT_VEC q6_K m=5120 n=1 k=17408: 1 x 124.24 us = 124.24 us (1434.75 GFLOPS/s)
MUL_MAT_ADD MUL_MAT_VEC q6_K m=5120 n=1 k=6144: 1 x 53.64 us = 53.64 us (1172.81 GFLOPS/s)
MUL_MAT_VEC f32 m=256 n=4 k=256: 1 x 3.2 us = 3.2 us (163.52 GFLOPS/s)
MUL_MAT_VEC q6_K m=1024 n=1 k=5120: 2 x 8.72 us = 17.44 us (1202.38 GFLOPS/s)
MUL_MAT_VEC q6_K m=12288 n=1 k=5120: 1 x 86.48 us = 86.48 us (1454.87 GFLOPS/s)
MUL_MAT_VEC q6_K m=17408 n=1 k=5120: 2 x 121.3 us = 242.6 us (1469.42 GFLOPS/s)
MUL_MAT_VEC q6_K m=98304 n=1 k=5120: 1 x 673.19 us = 673.19 us (1495.17 GFLOPS/s)
MUL_MAT_VEC q8_0 m=5120 n=1 k=10240: 1 x 102.12 us = 102.12 us (1026.76 GFLOPS/s)
PAD: 1 x 6.6 us = 6.6 us
RMS_NORM_MUL RMS_NORM(256,24,1,1): 1 x 5.68 us = 5.68 us
RMS_NORM_MUL RMS_NORM(256,4,1,1): 1 x 3.76 us = 3.76 us
RMS_NORM_MUL RMS_NORM(5120,1,1,1): 5 x 3.664 us = 18.32 us
ROPE: 2 x 3.74 us = 7.48 us
SET_ROWS: 2 x 2.98 us = 5.96 us
SIGMOID_MUL SIGMOID: 1 x 1.68 us = 1.68 us
TOP_K K=10 (98304,1,1,1): 1 x 9.24 us = 9.24 us
Total time: 1406.79 us.
----------------
Vulkan Timings:
CONCAT: 1 x 1.68 us = 1.68 us
CONT: 1 x 3.8 us = 3.8 us
FLASH_ATTN_EXT dst(256,24,1,1),  q(256,1,24,1),  k(256,256,4,1),  v(256,256,4,1),  m(256,1,1,1): 1 x 13.88 us = 13.88 us (453.275 GFLOPS/s)
GET_ROWS: 3 x 4.933 us = 14.8 us
GLU: 1 x 1.8 us = 1.8 us
MUL_MAT f32 m=256 n=24 k=256: 1 x 1.64 us = 1.64 us (1914.38 GFLOPS/s)
MUL_MAT f32 m=64 n=16 k=64: 1 x 3.76 us = 3.76 us (34.5872 GFLOPS/s)
MUL_MAT f32 m=64 n=96 k=64: 1 x 3.76 us = 3.76 us (207.523 GFLOPS/s)
MUL_MAT_ADD MUL_MAT_VEC q6_K m=5120 n=1 k=17408: 1 x 124.8 us = 124.8 us (1428.31 GFLOPS/s)
MUL_MAT_ADD MUL_MAT_VEC q6_K m=5120 n=1 k=6144: 1 x 53.04 us = 53.04 us (1186.08 GFLOPS/s)
MUL_MAT_VEC f32 m=256 n=4 k=256: 1 x 3.12 us = 3.12 us (167.713 GFLOPS/s)
MUL_MAT_VEC q6_K m=1024 n=1 k=5120: 2 x 8.78 us = 17.56 us (1194.16 GFLOPS/s)
MUL_MAT_VEC q6_K m=12288 n=1 k=5120: 1 x 85.36 us = 85.36 us (1473.96 GFLOPS/s)
MUL_MAT_VEC q6_K m=17408 n=1 k=5120: 2 x 120.68 us = 241.36 us (1476.97 GFLOPS/s)
MUL_MAT_VEC q6_K m=98304 n=1 k=5120: 1 x 674.13 us = 674.13 us (1493.09 GFLOPS/s)
MUL_MAT_VEC q8_0 m=5120 n=1 k=10240: 1 x 100.56 us = 100.56 us (1042.69 GFLOPS/s)
PAD: 1 x 6.52 us = 6.52 us
RMS_NORM_MUL RMS_NORM(256,24,1,1): 1 x 5.6 us = 5.6 us
RMS_NORM_MUL RMS_NORM(256,4,1,1): 1 x 3.72 us = 3.72 us
RMS_NORM_MUL RMS_NORM(5120,1,1,1): 5 x 3.768 us = 18.84 us
ROPE: 2 x 3.7 us = 7.4 us
SET_ROWS: 2 x 2.98 us = 5.96 us
SIGMOID_MUL SIGMOID: 1 x 1.68 us = 1.68 us
TOP_K K=10 (98304,1,1,1): 1 x 9.32 us = 9.32 us
Total time: 1404.09 us.
----------------
Vulkan Timings:
CONCAT: 1 x 1.68 us = 1.68 us
CONT: 1 x 3.76 us = 3.76 us
FLASH_ATTN_EXT dst(256,24,1,1),  q(256,1,24,1),  k(256,256,4,1),  v(256,256,4,1),  m(256,1,1,1): 1 x 13.84 us = 13.84 us (454.585 GFLOPS/s)
GET_ROWS: 3 x 5 us = 15 us
GLU: 1 x 1.92 us = 1.92 us
MUL_MAT f32 m=256 n=24 k=256: 1 x 1.64 us = 1.64 us (1914.38 GFLOPS/s)
MUL_MAT f32 m=64 n=16 k=64: 1 x 3.76 us = 3.76 us (34.5872 GFLOPS/s)
MUL_MAT f32 m=64 n=96 k=64: 1 x 3.72 us = 3.72 us (209.755 GFLOPS/s)
MUL_MAT_ADD MUL_MAT_VEC q6_K m=5120 n=1 k=17408: 1 x 123.16 us = 123.16 us (1447.33 GFLOPS/s)
MUL_MAT_ADD MUL_MAT_VEC q6_K m=5120 n=1 k=6144: 1 x 53.92 us = 53.92 us (1166.72 GFLOPS/s)
MUL_MAT_VEC f32 m=256 n=4 k=256: 1 x 3.16 us = 3.16 us (165.59 GFLOPS/s)
MUL_MAT_VEC q6_K m=1024 n=1 k=5120: 2 x 8.76 us = 17.52 us (1196.89 GFLOPS/s)
MUL_MAT_VEC q6_K m=12288 n=1 k=5120: 1 x 85.6 us = 85.6 us (1469.82 GFLOPS/s)
MUL_MAT_VEC q6_K m=17408 n=1 k=5120: 2 x 121.78 us = 243.56 us (1463.63 GFLOPS/s)
MUL_MAT_VEC q6_K m=98304 n=1 k=5120: 1 x 673.01 us = 673.01 us (1495.57 GFLOPS/s)
MUL_MAT_VEC q8_0 m=5120 n=1 k=10240: 1 x 102 us = 102 us (1027.97 GFLOPS/s)
PAD: 1 x 8.84 us = 8.84 us
RMS_NORM_MUL RMS_NORM(256,24,1,1): 1 x 5.6 us = 5.6 us
RMS_NORM_MUL RMS_NORM(256,4,1,1): 1 x 3.72 us = 3.72 us
RMS_NORM_MUL RMS_NORM(5120,1,1,1): 5 x 3.72 us = 18.6 us
ROPE: 2 x 3.74 us = 7.48 us
SET_ROWS: 2 x 2.98 us = 5.96 us
SIGMOID_MUL SIGMOID: 1 x 1.64 us = 1.64 us
TOP_K K=10 (98304,1,1,1): 1 x 7.08 us = 7.08 us
Total time: 1406.17 us.
----------------
Vulkan Timings:
ADD: 48 x 4.098 us = 196.72 us
CONT: 16 x 3.985 us = 63.76 us
FLASH_ATTN_EXT dst(256,24,5,1),  q(256,5,24,1),  k(256,256,4,1),  v(256,256,4,1),  m(256,5,1,1): 16 x 24.065 us = 385.04 us (1307.18 GFLOPS/s)
GDN_CACHE GATED_DELTA_NET: 48 x 13.952 us = 669.72 us
GDN_CONV_STATE CONCAT: 48 x 3.049 us = 146.36 us
GET_ROWS: 3 x 12 us = 36 us
GLU: 64 x 2.259 us = 144.6 us
MUL_MAT f32 m=256 n=120 k=256: 16 x 1.767 us = 28.28 us (8881.43 GFLOPS/s)
MUL_MAT f32 m=256 n=20 k=256: 16 x 3.222 us = 51.56 us (811.891 GFLOPS/s)
MUL_MAT f32 m=64 n=480 k=64: 16 x 3.802 us = 60.84 us (1026.02 GFLOPS/s)
MUL_MAT f32 m=64 n=80 k=64: 16 x 3.967 us = 63.48 us (163.892 GFLOPS/s)
MUL_MAT_ADD MUL_MAT_VEC q6_K m=5120 n=5 k=17408: 64 x 130.572 us = 8356.64 us (6825.82 GFLOPS/s)
MUL_MAT_ADD MUL_MAT_VEC q6_K m=5120 n=5 k=6144: 16 x 55.915 us = 894.64 us (5625.45 GFLOPS/s)
MUL_MAT_GROUP MUL_MAT_VEC q6_K m=10240 n=5 k=5120: 47 x 118.661 us = 5577.08 us (4417.93 GFLOPS/s)
MUL_MAT_GROUP MUL_MAT_VEC q6_K m=12288 n=5 k=5120: 16 x 104.815 us = 1677.04 us (6001.85 GFLOPS/s)
MUL_MAT_GROUP MUL_MAT_VEC q6_K m=17408 n=5 k=5120: 64 x 267.418 us = 17114.8 us (3332.61 GFLOPS/s)
MUL_MAT_VEC f32 m=48 n=5 k=5120: 96 x 6.876 us = 660.16 us (357.348 GFLOPS/s)
MUL_MAT_VEC q6_K m=10240 n=5 k=5120: 1 x 80.08 us = 80.08 us (6546.41 GFLOPS/s)
MUL_MAT_VEC q6_K m=248320 n=5 k=5120: 1 x 1687.32 us = 1687.32 us (7534.28 GFLOPS/s)
MUL_MAT_VEC q6_K m=6144 n=5 k=5120: 1 x 51.88 us = 51.88 us (6062.88 GFLOPS/s)
MUL_MAT_VEC q8_0 m=5120 n=5 k=6144: 48 x 61.124 us = 2933.96 us (5146.04 GFLOPS/s)
RMS_NORM_MUL RMS_NORM(256,24,5,1): 16 x 4.092 us = 65.48 us
RMS_NORM_MUL RMS_NORM(256,4,5,1): 16 x 3.885 us = 62.16 us
RMS_NORM_MUL RMS_NORM(5120,5,1,1): 129 x 4.503 us = 581 us
RMS_NORM_MUL_SILU_MUL RMS_NORM(128,48,5,1): 48 x 6.324 us = 303.56 us
RMS_NORM_SCALE RMS_NORM(128,16,5,1): 96 x 2.622 us = 251.8 us
ROPE: 32 x 3.942 us = 126.16 us
SET_ROWS: 32 x 3.125 us = 100 us
SIGMOID_MUL SIGMOID: 16 x 4.112 us = 65.8 us
SSM_CONV_SILU SSM_CONV: 48 x 5.107 us = 245.16 us
Total time: 42681.1 us.
----------------
Vulkan Timings:
CONCAT: 1 x 3.88 us = 3.88 us
CONT: 1 x 4.16 us = 4.16 us
FLASH_ATTN_EXT dst(256,24,5,1),  q(256,5,24,1),  k(256,256,4,1),  v(256,256,4,1),  m(256,5,1,1): 1 x 25 us = 25 us (1258.29 GFLOPS/s)
GET_ROWS: 1 x 7.52 us = 7.52 us
GLU: 1 x 1.84 us = 1.84 us
MUL_MAT f32 m=256 n=120 k=256: 1 x 1.84 us = 1.84 us (8531.48 GFLOPS/s)
MUL_MAT f32 m=256 n=20 k=256: 1 x 3.48 us = 3.48 us (751.816 GFLOPS/s)
MUL_MAT f32 m=64 n=480 k=64: 1 x 4.16 us = 4.16 us (937.846 GFLOPS/s)
MUL_MAT f32 m=64 n=80 k=64: 1 x 4.08 us = 4.08 us (159.373 GFLOPS/s)
MUL_MAT_ADD MUL_MAT_VEC q6_K m=5120 n=5 k=17408: 1 x 157.41 us = 157.41 us (5662.05 GFLOPS/s)
MUL_MAT_ADD MUL_MAT_VEC q6_K m=5120 n=5 k=6144: 1 x 56.6 us = 56.6 us (5557.37 GFLOPS/s)
MUL_MAT_GROUP MUL_MAT_VEC q6_K m=12288 n=5 k=5120: 1 x 133.33 us = 133.33 us (4718.25 GFLOPS/s)
MUL_MAT_GROUP MUL_MAT_VEC q6_K m=17408 n=5 k=5120: 1 x 256.32 us = 256.32 us (3476.91 GFLOPS/s)
MUL_MAT_VEC q8_0 m=5120 n=5 k=10240: 1 x 108.96 us = 108.96 us (4811.51 GFLOPS/s)
RMS_NORM_MUL RMS_NORM(256,24,5,1): 1 x 4.04 us = 4.04 us
RMS_NORM_MUL RMS_NORM(256,4,5,1): 1 x 4.08 us = 4.08 us
RMS_NORM_MUL RMS_NORM(5120,5,1,1): 5 x 9.786 us = 48.93 us
ROPE: 2 x 4.12 us = 8.24 us
SET_ROWS: 2 x 3.22 us = 6.44 us
SIGMOID_MUL SIGMOID: 1 x 4.16 us = 4.16 us
Total time: 844.47 us.
0.43.423.733 I slot print_timing: id  0 | task 0 | n_gen =    134, tg =  43.63 t/s, tg_3s =  43.96 t/s
----------------
Vulkan Timings:
CONCAT: 1 x 1.76 us = 1.76 us
CONT: 1 x 3.64 us = 3.64 us
FLASH_ATTN_EXT dst(256,24,1,1),  q(256,1,24,1),  k(256,256,4,1),  v(256,256,4,1),  m(256,1,1,1): 1 x 14.16 us = 14.16 us (444.312 GFLOPS/s)
GET_ROWS: 3 x 5.093 us = 15.28 us
GLU: 1 x 1.72 us = 1.72 us
MUL_MAT f32 m=256 n=24 k=256: 1 x 1.56 us = 1.56 us (2012.55 GFLOPS/s)
MUL_MAT f32 m=64 n=16 k=64: 1 x 1.92 us = 1.92 us (67.7333 GFLOPS/s)
MUL_MAT f32 m=64 n=96 k=64: 1 x 3.4 us = 3.4 us (229.496 GFLOPS/s)
MUL_MAT_ADD MUL_MAT_VEC q6_K m=5120 n=1 k=17408: 1 x 124.2 us = 124.2 us (1435.21 GFLOPS/s)
MUL_MAT_ADD MUL_MAT_VEC q6_K m=5120 n=1 k=6144: 1 x 47.84 us = 47.84 us (1315 GFLOPS/s)
MUL_MAT_VEC f32 m=256 n=4 k=256: 1 x 3.16 us = 3.16 us (165.59 GFLOPS/s)
MUL_MAT_VEC q6_K m=1024 n=1 k=5120: 2 x 6.88 us = 13.76 us (1523.94 GFLOPS/s)
MUL_MAT_VEC q6_K m=12288 n=1 k=5120: 1 x 98.16 us = 98.16 us (1281.75 GFLOPS/s)
MUL_MAT_VEC q6_K m=17408 n=1 k=5120: 2 x 121.72 us = 243.44 us (1464.35 GFLOPS/s)
MUL_MAT_VEC q6_K m=98304 n=1 k=5120: 1 x 682.41 us = 682.41 us (1474.97 GFLOPS/s)
MUL_MAT_VEC q8_0 m=5120 n=1 k=10240: 1 x 98.56 us = 98.56 us (1063.84 GFLOPS/s)
PAD: 1 x 6.52 us = 6.52 us
RMS_NORM_MUL RMS_NORM(256,24,1,1): 1 x 3.36 us = 3.36 us
RMS_NORM_MUL RMS_NORM(256,4,1,1): 1 x 5.12 us = 5.12 us
RMS_NORM_MUL RMS_NORM(5120,1,1,1): 5 x 4.464 us = 22.32 us
ROPE: 2 x 3.52 us = 7.04 us
SET_ROWS: 2 x 2.9 us = 5.8 us
SIGMOID_MUL SIGMOID: 1 x 1.64 us = 1.64 us
TOP_K K=10 (98304,1,1,1): 1 x 9.48 us = 9.48 us
Total time: 1416.25 us.
----------------
Vulkan Timings:
CONCAT: 1 x 2.64 us = 2.64 us
CONT: 1 x 3.76 us = 3.76 us
FLASH_ATTN_EXT dst(256,24,1,1),  q(256,1,24,1),  k(256,256,4,1),  v(256,256,4,1),  m(256,1,1,1): 1 x 14.2 us = 14.2 us (443.06 GFLOPS/s)
GET_ROWS: 3 x 4.933 us = 14.8 us
GLU: 1 x 1.8 us = 1.8 us
MUL_MAT f32 m=256 n=24 k=256: 1 x 1.68 us = 1.68 us (1868.8 GFLOPS/s)
MUL_MAT f32 m=64 n=16 k=64: 1 x 3.68 us = 3.68 us (35.3391 GFLOPS/s)
MUL_MAT f32 m=64 n=96 k=64: 1 x 3.68 us = 3.68 us (212.035 GFLOPS/s)
MUL_MAT_ADD MUL_MAT_VEC q6_K m=5120 n=1 k=17408: 1 x 122.92 us = 122.92 us (1450.15 GFLOPS/s)
MUL_MAT_ADD MUL_MAT_VEC q6_K m=5120 n=1 k=6144: 1 x 53.64 us = 53.64 us (1172.81 GFLOPS/s)
MUL_MAT_VEC f32 m=256 n=4 k=256: 1 x 3.08 us = 3.08 us (169.891 GFLOPS/s)
MUL_MAT_VEC q6_K m=1024 n=1 k=5120: 2 x 6.94 us = 13.88 us (1510.77 GFLOPS/s)
MUL_MAT_VEC q6_K m=12288 n=1 k=5120: 1 x 93.36 us = 93.36 us (1347.65 GFLOPS/s)
MUL_MAT_VEC q6_K m=17408 n=1 k=5120: 2 x 121.5 us = 243 us (1467 GFLOPS/s)
MUL_MAT_VEC q6_K m=98304 n=1 k=5120: 1 x 672.24 us = 672.24 us (1497.28 GFLOPS/s)
MUL_MAT_VEC q8_0 m=5120 n=1 k=10240: 1 x 100.92 us = 100.92 us (1038.97 GFLOPS/s)
PAD: 1 x 6.44 us = 6.44 us
RMS_NORM_MUL RMS_NORM(256,24,1,1): 1 x 3.76 us = 3.76 us
RMS_NORM_MUL RMS_NORM(256,4,1,1): 1 x 3.68 us = 3.68 us
RMS_NORM_MUL RMS_NORM(5120,1,1,1): 5 x 3.8 us = 19 us
ROPE: 2 x 3.66 us = 7.32 us
SET_ROWS: 2 x 2.96 us = 5.92 us
SIGMOID_MUL SIGMOID: 1 x 1.72 us = 1.72 us
TOP_K K=10 (98304,1,1,1): 1 x 9.08 us = 9.08 us
Total time: 1406.2 us.
----------------
Vulkan Timings:
CONCAT: 1 x 1.72 us = 1.72 us
CONT: 1 x 3.64 us = 3.64 us
FLASH_ATTN_EXT dst(256,24,1,1),  q(256,1,24,1),  k(256,256,4,1),  v(256,256,4,1),  m(256,1,1,1): 1 x 15.76 us = 15.76 us (399.204 GFLOPS/s)
GET_ROWS: 3 x 4.84 us = 14.52 us
GLU: 1 x 1.88 us = 1.88 us
MUL_MAT f32 m=256 n=24 k=256: 1 x 2.24 us = 2.24 us (1401.6 GFLOPS/s)
MUL_MAT f32 m=64 n=16 k=64: 1 x 3.64 us = 3.64 us (35.7275 GFLOPS/s)
MUL_MAT f32 m=64 n=96 k=64: 1 x 3.68 us = 3.68 us (212.035 GFLOPS/s)
MUL_MAT_ADD MUL_MAT_VEC q6_K m=5120 n=1 k=17408: 1 x 123.4 us = 123.4 us (1444.51 GFLOPS/s)
MUL_MAT_ADD MUL_MAT_VEC q6_K m=5120 n=1 k=6144: 1 x 54.2 us = 54.2 us (1160.69 GFLOPS/s)
MUL_MAT_VEC f32 m=256 n=4 k=256: 1 x 0.76 us = 0.76 us (688.505 GFLOPS/s)
MUL_MAT_VEC q6_K m=1024 n=1 k=5120: 2 x 6.66 us = 13.32 us (1574.28 GFLOPS/s)
MUL_MAT_VEC q6_K m=12288 n=1 k=5120: 1 x 93.32 us = 93.32 us (1348.23 GFLOPS/s)
MUL_MAT_VEC q6_K m=17408 n=1 k=5120: 2 x 121.2 us = 242.4 us (1470.63 GFLOPS/s)
MUL_MAT_VEC q6_K m=98304 n=1 k=5120: 1 x 672.1 us = 672.1 us (1497.6 GFLOPS/s)
MUL_MAT_VEC q8_0 m=5120 n=1 k=10240: 1 x 101 us = 101 us (1038.14 GFLOPS/s)
PAD: 1 x 6.36 us = 6.36 us
RMS_NORM_MUL RMS_NORM(256,24,1,1): 1 x 3.6 us = 3.6 us
RMS_NORM_MUL RMS_NORM(256,4,1,1): 1 x 3.6 us = 3.6 us
RMS_NORM_MUL RMS_NORM(5120,1,1,1): 5 x 3.824 us = 19.12 us
ROPE: 2 x 3.62 us = 7.24 us
SET_ROWS: 2 x 3.08 us = 6.16 us
SIGMOID_MUL SIGMOID: 1 x 1.68 us = 1.68 us
TOP_K K=10 (98304,1,1,1): 1 x 9.2 us = 9.2 us
Total time: 1404.54 us.
----------------
Vulkan Timings:
CONCAT: 1 x 2.6 us = 2.6 us
CONT: 1 x 3.6 us = 3.6 us
FLASH_ATTN_EXT dst(256,24,1,1),  q(256,1,24,1),  k(256,256,4,1),  v(256,256,4,1),  m(256,1,1,1): 1 x 13.96 us = 13.96 us (450.677 GFLOPS/s)
GET_ROWS: 3 x 4.826 us = 14.48 us
GLU: 1 x 1.88 us = 1.88 us
MUL_MAT f32 m=256 n=24 k=256: 1 x 1.68 us = 1.68 us (1868.8 GFLOPS/s)
MUL_MAT f32 m=64 n=16 k=64: 1 x 3.6 us = 3.6 us (36.1244 GFLOPS/s)
MUL_MAT f32 m=64 n=96 k=64: 1 x 3.6 us = 3.6 us (216.747 GFLOPS/s)
MUL_MAT_ADD MUL_MAT_VEC q6_K m=5120 n=1 k=17408: 1 x 123.16 us = 123.16 us (1447.33 GFLOPS/s)
MUL_MAT_ADD MUL_MAT_VEC q6_K m=5120 n=1 k=6144: 1 x 53.68 us = 53.68 us (1171.93 GFLOPS/s)
MUL_MAT_VEC f32 m=256 n=4 k=256: 1 x 3 us = 3 us (174.421 GFLOPS/s)
MUL_MAT_VEC q6_K m=1024 n=1 k=5120: 2 x 6.84 us = 13.68 us (1532.86 GFLOPS/s)
MUL_MAT_VEC q6_K m=12288 n=1 k=5120: 1 x 93.88 us = 93.88 us (1340.19 GFLOPS/s)
MUL_MAT_VEC q6_K m=17408 n=1 k=5120: 2 x 121.02 us = 242.04 us (1472.82 GFLOPS/s)
MUL_MAT_VEC q6_K m=98304 n=1 k=5120: 1 x 672.98 us = 672.98 us (1495.64 GFLOPS/s)
MUL_MAT_VEC q8_0 m=5120 n=1 k=10240: 1 x 101.4 us = 101.4 us (1034.05 GFLOPS/s)
PAD: 1 x 6.4 us = 6.4 us
RMS_NORM_MUL RMS_NORM(256,24,1,1): 1 x 3.64 us = 3.64 us
RMS_NORM_MUL RMS_NORM(256,4,1,1): 1 x 3.64 us = 3.64 us
RMS_NORM_MUL RMS_NORM(5120,1,1,1): 5 x 3.744 us = 18.72 us
ROPE: 2 x 3.58 us = 7.16 us
SET_ROWS: 2 x 2.88 us = 5.76 us
SIGMOID_MUL SIGMOID: 1 x 1.64 us = 1.64 us
TOP_K K=10 (98304,1,1,1): 1 x 9.48 us = 9.48 us
Total time: 1405.66 us.
----------------
Vulkan Timings:
ADD: 48 x 3.923 us = 188.32 us
CONT: 16 x 3.81 us = 60.96 us
FLASH_ATTN_EXT dst(256,24,5,1),  q(256,5,24,1),  k(256,256,4,1),  v(256,256,4,1),  m(256,5,1,1): 16 x 23.875 us = 382 us (1317.58 GFLOPS/s)
GDN_CACHE GATED_DELTA_NET: 48 x 14.661 us = 703.76 us
GDN_CONV_STATE CONCAT: 48 x 3.203 us = 153.76 us
GET_ROWS: 3 x 11.88 us = 35.64 us
GLU: 64 x 2.324 us = 148.76 us
MUL_MAT f32 m=256 n=120 k=256: 16 x 1.802 us = 28.84 us (8708.97 GFLOPS/s)
MUL_MAT f32 m=256 n=20 k=256: 16 x 3.09 us = 49.44 us (846.706 GFLOPS/s)
MUL_MAT f32 m=64 n=480 k=64: 16 x 3.812 us = 61 us (1023.33 GFLOPS/s)
MUL_MAT f32 m=64 n=80 k=64: 16 x 3.802 us = 60.84 us (171.003 GFLOPS/s)
MUL_MAT_ADD MUL_MAT_VEC q6_K m=5120 n=5 k=17408: 64 x 130.373 us = 8343.92 us (6836.22 GFLOPS/s)
MUL_MAT_ADD MUL_MAT_VEC q6_K m=5120 n=5 k=6144: 16 x 55.797 us = 892.76 us (5637.3 GFLOPS/s)
MUL_MAT_GROUP MUL_MAT_VEC q6_K m=10240 n=5 k=5120: 47 x 118.458 us = 5567.56 us (4425.48 GFLOPS/s)
MUL_MAT_GROUP MUL_MAT_VEC q6_K m=12288 n=5 k=5120: 16 x 104.63 us = 1674.08 us (6012.46 GFLOPS/s)
MUL_MAT_GROUP MUL_MAT_VEC q6_K m=17408 n=5 k=5120: 64 x 267.281 us = 17106 us (3334.32 GFLOPS/s)
MUL_MAT_VEC f32 m=48 n=5 k=5120: 96 x 6.53 us = 626.92 us (376.295 GFLOPS/s)
MUL_MAT_VEC q6_K m=10240 n=5 k=5120: 1 x 79.84 us = 79.84 us (6566.09 GFLOPS/s)
MUL_MAT_VEC q6_K m=248320 n=5 k=5120: 1 x 1686.76 us = 1686.76 us (7536.78 GFLOPS/s)
MUL_MAT_VEC q6_K m=6144 n=5 k=5120: 1 x 50.2 us = 50.2 us (6265.78 GFLOPS/s)
MUL_MAT_VEC q8_0 m=5120 n=5 k=6144: 48 x 60.935 us = 2924.88 us (5162.01 GFLOPS/s)
RMS_NORM_MUL RMS_NORM(256,24,5,1): 16 x 3.927 us = 62.84 us
RMS_NORM_MUL RMS_NORM(256,4,5,1): 16 x 3.71 us = 59.36 us
RMS_NORM_MUL RMS_NORM(5120,5,1,1): 129 x 4.442 us = 573.12 us
RMS_NORM_MUL_SILU_MUL RMS_NORM(128,48,5,1): 48 x 6.02 us = 288.96 us
RMS_NORM_SCALE RMS_NORM(128,16,5,1): 96 x 2.524 us = 242.36 us
ROPE: 32 x 3.766 us = 120.52 us
SET_ROWS: 32 x 3.031 us = 97 us
SIGMOID_MUL SIGMOID: 16 x 3.83 us = 61.28 us
SSM_CONV_SILU SSM_CONV: 48 x 4.943 us = 237.28 us
Total time: 42569 us.
----------------
Vulkan Timings:
CONCAT: 1 x 4.04 us = 4.04 us
CONT: 1 x 3.88 us = 3.88 us
FLASH_ATTN_EXT dst(256,24,5,1),  q(256,5,24,1),  k(256,256,4,1),  v(256,256,4,1),  m(256,5,1,1): 1 x 24.36 us = 24.36 us (1291.35 GFLOPS/s)
GET_ROWS: 1 x 7 us = 7 us
GLU: 1 x 1.8 us = 1.8 us
MUL_MAT f32 m=256 n=120 k=256: 1 x 1.8 us = 1.8 us (8721.07 GFLOPS/s)
MUL_MAT f32 m=256 n=20 k=256: 1 x 3.28 us = 3.28 us (797.659 GFLOPS/s)
MUL_MAT f32 m=64 n=480 k=64: 1 x 3.92 us = 3.92 us (995.265 GFLOPS/s)
MUL_MAT f32 m=64 n=80 k=64: 1 x 3.88 us = 3.88 us (167.588 GFLOPS/s)
MUL_MAT_ADD MUL_MAT_VEC q6_K m=5120 n=5 k=17408: 1 x 158.99 us = 158.99 us (5605.79 GFLOPS/s)
MUL_MAT_ADD MUL_MAT_VEC q6_K m=5120 n=5 k=6144: 1 x 56.28 us = 56.28 us (5588.97 GFLOPS/s)
MUL_MAT_GROUP MUL_MAT_VEC q6_K m=12288 n=5 k=5120: 1 x 130.1 us = 130.1 us (4835.39 GFLOPS/s)
MUL_MAT_GROUP MUL_MAT_VEC q6_K m=17408 n=5 k=5120: 1 x 256.16 us = 256.16 us (3479.09 GFLOPS/s)
MUL_MAT_VEC q8_0 m=5120 n=5 k=10240: 1 x 106.64 us = 106.64 us (4916.19 GFLOPS/s)
RMS_NORM_MUL RMS_NORM(256,24,5,1): 1 x 3.84 us = 3.84 us
RMS_NORM_MUL RMS_NORM(256,4,5,1): 1 x 3.88 us = 3.88 us
RMS_NORM_MUL RMS_NORM(5120,5,1,1): 5 x 9.984 us = 49.92 us
ROPE: 2 x 3.86 us = 7.72 us
SET_ROWS: 2 x 3.06 us = 6.12 us
SIGMOID_MUL SIGMOID: 1 x 3.88 us = 3.88 us
Total time: 837.49 us.
----------------
Vulkan Timings:
CONCAT: 1 x 1.76 us = 1.76 us
CONT: 1 x 3.72 us = 3.72 us
FLASH_ATTN_EXT dst(256,24,1,1),  q(256,1,24,1),  k(256,256,4,1),  v(256,256,4,1),  m(256,1,1,1): 1 x 13.72 us = 13.72 us (458.561 GFLOPS/s)
GET_ROWS: 3 x 5.226 us = 15.68 us
GLU: 1 x 1.64 us = 1.64 us
MUL_MAT f32 m=256 n=24 k=256: 1 x 1.64 us = 1.64 us (1914.38 GFLOPS/s)
MUL_MAT f32 m=64 n=16 k=64: 1 x 1.96 us = 1.96 us (66.351 GFLOPS/s)
MUL_MAT f32 m=64 n=96 k=64: 1 x 3.48 us = 3.48 us (224.221 GFLOPS/s)
MUL_MAT_ADD MUL_MAT_VEC q6_K m=5120 n=1 k=17408: 1 x 123.56 us = 123.56 us (1442.64 GFLOPS/s)
MUL_MAT_ADD MUL_MAT_VEC q6_K m=5120 n=1 k=6144: 1 x 48.64 us = 48.64 us (1293.37 GFLOPS/s)
MUL_MAT_VEC f32 m=256 n=4 k=256: 1 x 3.32 us = 3.32 us (157.61 GFLOPS/s)
MUL_MAT_VEC q6_K m=1024 n=1 k=5120: 2 x 8.9 us = 17.8 us (1178.06 GFLOPS/s)
MUL_MAT_VEC q6_K m=12288 n=1 k=5120: 1 x 90.2 us = 90.2 us (1394.87 GFLOPS/s)
MUL_MAT_VEC q6_K m=17408 n=1 k=5120: 2 x 121.92 us = 243.84 us (1461.95 GFLOPS/s)
MUL_MAT_VEC q6_K m=98304 n=1 k=5120: 1 x 672.46 us = 672.46 us (1496.79 GFLOPS/s)
MUL_MAT_VEC q8_0 m=5120 n=1 k=10240: 1 x 97.8 us = 97.8 us (1072.11 GFLOPS/s)
PAD: 1 x 6.68 us = 6.68 us
RMS_NORM_MUL RMS_NORM(256,24,1,1): 1 x 6.44 us = 6.44 us
RMS_NORM_MUL RMS_NORM(256,4,1,1): 1 x 5.4 us = 5.4 us
RMS_NORM_MUL RMS_NORM(5120,1,1,1): 5 x 4.464 us = 22.32 us
ROPE: 2 x 3.66 us = 7.32 us
SET_ROWS: 2 x 3 us = 6 us
SIGMOID_MUL SIGMOID: 1 x 1.56 us = 1.56 us
TOP_K K=10 (98304,1,1,1): 1 x 9.6 us = 9.6 us
Total time: 1406.54 us.
----------------
Vulkan Timings:
CONCAT: 1 x 1.64 us = 1.64 us
CONT: 1 x 3.84 us = 3.84 us
FLASH_ATTN_EXT dst(256,24,1,1),  q(256,1,24,1),  k(256,256,4,1),  v(256,256,4,1),  m(256,1,1,1): 1 x 14.08 us = 14.08 us (446.836 GFLOPS/s)
GET_ROWS: 3 x 5.066 us = 15.2 us
GLU: 1 x 1.76 us = 1.76 us
MUL_MAT f32 m=256 n=24 k=256: 1 x 1.64 us = 1.64 us (1914.38 GFLOPS/s)
MUL_MAT f32 m=64 n=16 k=64: 1 x 3.84 us = 3.84 us (33.8667 GFLOPS/s)
MUL_MAT f32 m=64 n=96 k=64: 1 x 3.8 us = 3.8 us (205.339 GFLOPS/s)
MUL_MAT_ADD MUL_MAT_VEC q6_K m=5120 n=1 k=17408: 1 x 124.44 us = 124.44 us (1432.44 GFLOPS/s)
MUL_MAT_ADD MUL_MAT_VEC q6_K m=5120 n=1 k=6144: 1 x 53.44 us = 53.44 us (1177.2 GFLOPS/s)
MUL_MAT_VEC f32 m=256 n=4 k=256: 1 x 3.24 us = 3.24 us (161.501 GFLOPS/s)
MUL_MAT_VEC q6_K m=1024 n=1 k=5120: 2 x 8.84 us = 17.68 us (1186.06 GFLOPS/s)
MUL_MAT_VEC q6_K m=12288 n=1 k=5120: 1 x 85.48 us = 85.48 us (1471.89 GFLOPS/s)
MUL_MAT_VEC q6_K m=17408 n=1 k=5120: 2 x 121.44 us = 242.88 us (1467.72 GFLOPS/s)
MUL_MAT_VEC q6_K m=98304 n=1 k=5120: 1 x 673.84 us = 673.84 us (1493.73 GFLOPS/s)
MUL_MAT_VEC q8_0 m=5120 n=1 k=10240: 1 x 101.56 us = 101.56 us (1032.42 GFLOPS/s)
PAD: 1 x 6.6 us = 6.6 us
RMS_NORM_MUL RMS_NORM(256,24,1,1): 1 x 5.68 us = 5.68 us
RMS_NORM_MUL RMS_NORM(256,4,1,1): 1 x 3.84 us = 3.84 us
RMS_NORM_MUL RMS_NORM(5120,1,1,1): 5 x 3.816 us = 19.08 us
ROPE: 2 x 3.8 us = 7.6 us
SET_ROWS: 2 x 3.04 us = 6.08 us
SIGMOID_MUL SIGMOID: 1 x 1.68 us = 1.68 us
TOP_K K=10 (98304,1,1,1): 1 x 9.24 us = 9.24 us
Total time: 1408.16 us.
----------------
Vulkan Timings:
CONCAT: 1 x 1.64 us = 1.64 us
CONT: 1 x 3.8 us = 3.8 us
FLASH_ATTN_EXT dst(256,24,1,1),  q(256,1,24,1),  k(256,256,4,1),  v(256,256,4,1),  m(256,1,1,1): 1 x 13.96 us = 13.96 us (450.677 GFLOPS/s)
GET_ROWS: 3 x 5.653 us = 16.96 us
GLU: 1 x 1.72 us = 1.72 us
MUL_MAT f32 m=256 n=24 k=256: 1 x 1.64 us = 1.64 us (1914.38 GFLOPS/s)
MUL_MAT f32 m=64 n=16 k=64: 1 x 3.76 us = 3.76 us (34.5872 GFLOPS/s)
MUL_MAT f32 m=64 n=96 k=64: 1 x 3.76 us = 3.76 us (207.523 GFLOPS/s)
MUL_MAT_ADD MUL_MAT_VEC q6_K m=5120 n=1 k=17408: 1 x 123.08 us = 123.08 us (1448.27 GFLOPS/s)
MUL_MAT_ADD MUL_MAT_VEC q6_K m=5120 n=1 k=6144: 1 x 54.48 us = 54.48 us (1154.73 GFLOPS/s)
MUL_MAT_VEC f32 m=256 n=4 k=256: 1 x 3.16 us = 3.16 us (165.59 GFLOPS/s)
MUL_MAT_VEC q6_K m=1024 n=1 k=5120: 2 x 9 us = 18 us (1164.97 GFLOPS/s)
MUL_MAT_VEC q6_K m=12288 n=1 k=5120: 1 x 85.56 us = 85.56 us (1470.51 GFLOPS/s)
MUL_MAT_VEC q6_K m=17408 n=1 k=5120: 2 x 121.44 us = 242.88 us (1467.72 GFLOPS/s)
MUL_MAT_VEC q6_K m=98304 n=1 k=5120: 1 x 670.63 us = 670.63 us (1500.88 GFLOPS/s)
MUL_MAT_VEC q8_0 m=5120 n=1 k=10240: 1 x 101.4 us = 101.4 us (1034.05 GFLOPS/s)
PAD: 1 x 6.48 us = 6.48 us
RMS_NORM_MUL RMS_NORM(256,24,1,1): 1 x 5.6 us = 5.6 us
RMS_NORM_MUL RMS_NORM(256,4,1,1): 1 x 3.72 us = 3.72 us
RMS_NORM_MUL RMS_NORM(5120,1,1,1): 5 x 3.76 us = 18.8 us
ROPE: 2 x 3.72 us = 7.44 us
SET_ROWS: 2 x 2.98 us = 5.96 us
SIGMOID_MUL SIGMOID: 1 x 1.68 us = 1.68 us
TOP_K K=10 (98304,1,1,1): 1 x 9.28 us = 9.28 us
Total time: 1405.39 us.
----------------
Vulkan Timings:
CONCAT: 1 x 1.68 us = 1.68 us
CONT: 1 x 3.76 us = 3.76 us
FLASH_ATTN_EXT dst(256,24,1,1),  q(256,1,24,1),  k(256,256,4,1),  v(256,256,4,1),  m(256,1,1,1): 1 x 14 us = 14 us (449.39 GFLOPS/s)
GET_ROWS: 3 x 5.026 us = 15.08 us
GLU: 1 x 1.8 us = 1.8 us
MUL_MAT f32 m=256 n=24 k=256: 1 x 1.68 us = 1.68 us (1868.8 GFLOPS/s)
MUL_MAT f32 m=64 n=16 k=64: 1 x 3.76 us = 3.76 us (34.5872 GFLOPS/s)
MUL_MAT f32 m=64 n=96 k=64: 1 x 3.72 us = 3.72 us (209.755 GFLOPS/s)
MUL_MAT_ADD MUL_MAT_VEC q6_K m=5120 n=1 k=17408: 1 x 123.6 us = 123.6 us (1442.17 GFLOPS/s)
MUL_MAT_ADD MUL_MAT_VEC q6_K m=5120 n=1 k=6144: 1 x 53.76 us = 53.76 us (1170.19 GFLOPS/s)
MUL_MAT_VEC f32 m=256 n=4 k=256: 1 x 3.16 us = 3.16 us (165.59 GFLOPS/s)
MUL_MAT_VEC q6_K m=1024 n=1 k=5120: 2 x 8.88 us = 17.76 us (1180.71 GFLOPS/s)
MUL_MAT_VEC q6_K m=12288 n=1 k=5120: 1 x 85.6 us = 85.6 us (1469.82 GFLOPS/s)
MUL_MAT_VEC q6_K m=17408 n=1 k=5120: 2 x 120.96 us = 241.92 us (1473.55 GFLOPS/s)
MUL_MAT_VEC q6_K m=98304 n=1 k=5120: 1 x 671.85 us = 671.85 us (1498.15 GFLOPS/s)
MUL_MAT_VEC q8_0 m=5120 n=1 k=10240: 1 x 101.56 us = 101.56 us (1032.42 GFLOPS/s)
PAD: 1 x 8.8 us = 8.8 us
RMS_NORM_MUL RMS_NORM(256,24,1,1): 1 x 5.6 us = 5.6 us
RMS_NORM_MUL RMS_NORM(256,4,1,1): 1 x 3.76 us = 3.76 us
RMS_NORM_MUL RMS_NORM(5120,1,1,1): 5 x 3.752 us = 18.76 us
ROPE: 2 x 3.72 us = 7.44 us
SET_ROWS: 2 x 2.98 us = 5.96 us
SIGMOID_MUL SIGMOID: 1 x 1.64 us = 1.64 us
TOP_K K=10 (98304,1,1,1): 1 x 7.08 us = 7.08 us
Total time: 1403.73 us.
----------------
Vulkan Timings:
ADD: 48 x 3.931 us = 188.72 us
CONT: 16 x 3.822 us = 61.16 us
FLASH_ATTN_EXT dst(256,24,5,1),  q(256,5,24,1),  k(256,256,4,1),  v(256,256,4,1),  m(256,5,1,1): 16 x 23.332 us = 373.32 us (1348.22 GFLOPS/s)
GDN_CACHE GATED_DELTA_NET: 48 x 13.833 us = 664 us
GDN_CONV_STATE CONCAT: 48 x 2.925 us = 140.44 us
GET_ROWS: 3 x 11.826 us = 35.48 us
GLU: 64 x 2.115 us = 135.4 us
MUL_MAT f32 m=256 n=120 k=256: 16 x 1.7 us = 27.2 us (9234.07 GFLOPS/s)
MUL_MAT f32 m=256 n=20 k=256: 16 x 3.237 us = 51.8 us (808.13 GFLOPS/s)
MUL_MAT f32 m=64 n=480 k=64: 16 x 3.8 us = 60.8 us (1026.69 GFLOPS/s)
MUL_MAT f32 m=64 n=80 k=64: 16 x 3.78 us = 60.48 us (172.021 GFLOPS/s)
MUL_MAT_ADD MUL_MAT_VEC q6_K m=5120 n=5 k=17408: 64 x 129.961 us = 8317.56 us (6857.89 GFLOPS/s)
MUL_MAT_ADD MUL_MAT_VEC q6_K m=5120 n=5 k=6144: 16 x 55.327 us = 885.24 us (5685.19 GFLOPS/s)
MUL_MAT_GROUP MUL_MAT_VEC q6_K m=10240 n=5 k=5120: 47 x 118.007 us = 5546.36 us (4442.4 GFLOPS/s)
MUL_MAT_GROUP MUL_MAT_VEC q6_K m=12288 n=5 k=5120: 16 x 104.305 us = 1668.88 us (6031.2 GFLOPS/s)
MUL_MAT_GROUP MUL_MAT_VEC q6_K m=17408 n=5 k=5120: 64 x 266.963 us = 17085.7 us (3338.29 GFLOPS/s)
MUL_MAT_VEC f32 m=48 n=5 k=5120: 96 x 6.745 us = 647.6 us (364.278 GFLOPS/s)
MUL_MAT_VEC q6_K m=10240 n=5 k=5120: 1 x 80 us = 80 us (6552.96 GFLOPS/s)
MUL_MAT_VEC q6_K m=248320 n=5 k=5120: 1 x 1686.76 us = 1686.76 us (7536.78 GFLOPS/s)
MUL_MAT_VEC q6_K m=6144 n=5 k=5120: 1 x 50.88 us = 50.88 us (6182.04 GFLOPS/s)
MUL_MAT_VEC q8_0 m=5120 n=5 k=6144: 48 x 60.7 us = 2913.6 us (5182 GFLOPS/s)
RMS_NORM_MUL RMS_NORM(256,24,5,1): 16 x 3.915 us = 62.64 us
RMS_NORM_MUL RMS_NORM(256,4,5,1): 16 x 3.722 us = 59.56 us
RMS_NORM_MUL RMS_NORM(5120,5,1,1): 129 x 4.348 us = 560.96 us
RMS_NORM_MUL_SILU_MUL RMS_NORM(128,48,5,1): 48 x 6.048 us = 290.32 us
RMS_NORM_SCALE RMS_NORM(128,16,5,1): 96 x 2.522 us = 242.16 us
ROPE: 32 x 3.765 us = 120.48 us
SET_ROWS: 32 x 2.925 us = 93.6 us
SIGMOID_MUL SIGMOID: 16 x 3.82 us = 61.12 us
SSM_CONV_SILU SSM_CONV: 48 x 4.89 us = 234.76 us
Total time: 42407 us.
----------------
Vulkan Timings:
CONCAT: 1 x 3.88 us = 3.88 us
CONT: 1 x 3.84 us = 3.84 us
FLASH_ATTN_EXT dst(256,24,5,1),  q(256,5,24,1),  k(256,256,4,1),  v(256,256,4,1),  m(256,5,1,1): 1 x 23.32 us = 23.32 us (1348.94 GFLOPS/s)
GET_ROWS: 1 x 6.84 us = 6.84 us
GLU: 1 x 1.68 us = 1.68 us
MUL_MAT f32 m=256 n=120 k=256: 1 x 1.68 us = 1.68 us (9344 GFLOPS/s)
MUL_MAT f32 m=256 n=20 k=256: 1 x 3.2 us = 3.2 us (817.6 GFLOPS/s)
MUL_MAT f32 m=64 n=480 k=64: 1 x 3.8 us = 3.8 us (1026.69 GFLOPS/s)
MUL_MAT f32 m=64 n=80 k=64: 1 x 3.8 us = 3.8 us (171.116 GFLOPS/s)
MUL_MAT_ADD MUL_MAT_VEC q6_K m=5120 n=5 k=17408: 1 x 154.7 us = 154.7 us (5761.24 GFLOPS/s)
MUL_MAT_ADD MUL_MAT_VEC q6_K m=5120 n=5 k=6144: 1 x 57 us = 57 us (5518.37 GFLOPS/s)
MUL_MAT_GROUP MUL_MAT_VEC q6_K m=12288 n=5 k=5120: 1 x 130.1 us = 130.1 us (4835.39 GFLOPS/s)
MUL_MAT_GROUP MUL_MAT_VEC q6_K m=17408 n=5 k=5120: 1 x 254.56 us = 254.56 us (3500.95 GFLOPS/s)
MUL_MAT_VEC q8_0 m=5120 n=5 k=10240: 1 x 106.16 us = 106.16 us (4938.42 GFLOPS/s)
RMS_NORM_MUL RMS_NORM(256,24,5,1): 1 x 3.68 us = 3.68 us
RMS_NORM_MUL RMS_NORM(256,4,5,1): 1 x 3.76 us = 3.76 us
RMS_NORM_MUL RMS_NORM(5120,5,1,1): 5 x 8.908 us = 44.54 us
ROPE: 2 x 3.82 us = 7.64 us
SET_ROWS: 2 x 2.96 us = 5.92 us
SIGMOID_MUL SIGMOID: 1 x 3.84 us = 3.84 us
Total time: 823.94 us.
----------------
Vulkan Timings:
CONCAT: 1 x 1.56 us = 1.56 us
CONT: 1 x 3.48 us = 3.48 us
FLASH_ATTN_EXT dst(256,24,1,1),  q(256,1,24,1),  k(256,256,4,1),  v(256,256,4,1),  m(256,1,1,1): 1 x 13.36 us = 13.36 us (470.917 GFLOPS/s)
GET_ROWS: 3 x 4.813 us = 14.44 us
GLU: 1 x 1.72 us = 1.72 us
MUL_MAT f32 m=256 n=24 k=256: 1 x 1.6 us = 1.6 us (1962.24 GFLOPS/s)
MUL_MAT f32 m=64 n=16 k=64: 1 x 1.84 us = 1.84 us (70.6783 GFLOPS/s)
MUL_MAT f32 m=64 n=96 k=64: 1 x 3.2 us = 3.2 us (243.84 GFLOPS/s)
MUL_MAT_ADD MUL_MAT_VEC q6_K m=5120 n=1 k=17408: 1 x 123.2 us = 123.2 us (1446.86 GFLOPS/s)
MUL_MAT_ADD MUL_MAT_VEC q6_K m=5120 n=1 k=6144: 1 x 48.08 us = 48.08 us (1308.43 GFLOPS/s)
MUL_MAT_VEC f32 m=256 n=4 k=256: 1 x 3 us = 3 us (174.421 GFLOPS/s)
MUL_MAT_VEC q6_K m=1024 n=1 k=5120: 2 x 8.88 us = 17.76 us (1180.71 GFLOPS/s)
MUL_MAT_VEC q6_K m=12288 n=1 k=5120: 1 x 90.08 us = 90.08 us (1396.72 GFLOPS/s)
MUL_MAT_VEC q6_K m=17408 n=1 k=5120: 2 x 121.44 us = 242.88 us (1467.72 GFLOPS/s)
MUL_MAT_VEC q6_K m=98304 n=1 k=5120: 1 x 674.47 us = 674.47 us (1492.33 GFLOPS/s)
MUL_MAT_VEC q8_0 m=5120 n=1 k=10240: 1 x 100.36 us = 100.36 us (1044.76 GFLOPS/s)
PAD: 1 x 6.4 us = 6.4 us
RMS_NORM_MUL RMS_NORM(256,24,1,1): 1 x 5.4 us = 5.4 us
RMS_NORM_MUL RMS_NORM(256,4,1,1): 1 x 4.84 us = 4.84 us
RMS_NORM_MUL RMS_NORM(5120,1,1,1): 5 x 4.008 us = 20.04 us
ROPE: 2 x 3.36 us = 6.72 us
SET_ROWS: 2 x 2.8 us = 5.6 us
SIGMOID_MUL SIGMOID: 1 x 1.6 us = 1.6 us
TOP_K K=10 (98304,1,1,1): 1 x 9.24 us = 9.24 us
Total time: 1400.87 us.
----------------
Vulkan Timings:
CONCAT: 1 x 1.64 us = 1.64 us
CONT: 1 x 3.56 us = 3.56 us
FLASH_ATTN_EXT dst(256,24,1,1),  q(256,1,24,1),  k(256,256,4,1),  v(256,256,4,1),  m(256,1,1,1): 1 x 14 us = 14 us (449.39 GFLOPS/s)
GET_ROWS: 3 x 4.906 us = 14.72 us
GLU: 1 x 1.84 us = 1.84 us
MUL_MAT f32 m=256 n=24 k=256: 1 x 1.6 us = 1.6 us (1962.24 GFLOPS/s)
MUL_MAT f32 m=64 n=16 k=64: 1 x 3.64 us = 3.64 us (35.7275 GFLOPS/s)
MUL_MAT f32 m=64 n=96 k=64: 1 x 3.64 us = 3.64 us (214.365 GFLOPS/s)
MUL_MAT_ADD MUL_MAT_VEC q6_K m=5120 n=1 k=17408: 1 x 122.72 us = 122.72 us (1452.52 GFLOPS/s)
MUL_MAT_ADD MUL_MAT_VEC q6_K m=5120 n=1 k=6144: 1 x 53.68 us = 53.68 us (1171.93 GFLOPS/s)
MUL_MAT_VEC f32 m=256 n=4 k=256: 1 x 3.04 us = 3.04 us (172.126 GFLOPS/s)
MUL_MAT_VEC q6_K m=1024 n=1 k=5120: 2 x 8.82 us = 17.64 us (1188.75 GFLOPS/s)
MUL_MAT_VEC q6_K m=12288 n=1 k=5120: 1 x 86 us = 86 us (1462.99 GFLOPS/s)
MUL_MAT_VEC q6_K m=17408 n=1 k=5120: 2 x 121.52 us = 243.04 us (1466.76 GFLOPS/s)
MUL_MAT_VEC q6_K m=98304 n=1 k=5120: 1 x 673.44 us = 673.44 us (1494.62 GFLOPS/s)
MUL_MAT_VEC q8_0 m=5120 n=1 k=10240: 1 x 101.76 us = 101.76 us (1030.39 GFLOPS/s)
PAD: 1 x 6.44 us = 6.44 us
RMS_NORM_MUL RMS_NORM(256,24,1,1): 1 x 5.32 us = 5.32 us
RMS_NORM_MUL RMS_NORM(256,4,1,1): 1 x 3.56 us = 3.56 us
RMS_NORM_MUL RMS_NORM(5120,1,1,1): 5 x 3.752 us = 18.76 us
ROPE: 2 x 3.6 us = 7.2 us
SET_ROWS: 2 x 2.92 us = 5.84 us
SIGMOID_MUL SIGMOID: 1 x 1.72 us = 1.72 us
TOP_K K=10 (98304,1,1,1): 1 x 9 us = 9 us
Total time: 1403.8 us.
----------------
Vulkan Timings:
CONCAT: 1 x 1.72 us = 1.72 us
CONT: 1 x 3.64 us = 3.64 us
FLASH_ATTN_EXT dst(256,24,1,1),  q(256,1,24,1),  k(256,256,4,1),  v(256,256,4,1),  m(256,1,1,1): 1 x 13.96 us = 13.96 us (450.677 GFLOPS/s)
GET_ROWS: 3 x 4.84 us = 14.52 us
GLU: 1 x 1.72 us = 1.72 us
MUL_MAT f32 m=256 n=24 k=256: 1 x 1.64 us = 1.64 us (1914.38 GFLOPS/s)
MUL_MAT f32 m=64 n=16 k=64: 1 x 3.6 us = 3.6 us (36.1244 GFLOPS/s)
MUL_MAT f32 m=64 n=96 k=64: 1 x 3.6 us = 3.6 us (216.747 GFLOPS/s)
MUL_MAT_ADD MUL_MAT_VEC q6_K m=5120 n=1 k=17408: 1 x 123.48 us = 123.48 us (1443.58 GFLOPS/s)
MUL_MAT_ADD MUL_MAT_VEC q6_K m=5120 n=1 k=6144: 1 x 53.92 us = 53.92 us (1166.72 GFLOPS/s)
MUL_MAT_VEC f32 m=256 n=4 k=256: 1 x 3 us = 3 us (174.421 GFLOPS/s)
MUL_MAT_VEC q6_K m=1024 n=1 k=5120: 2 x 8.88 us = 17.76 us (1180.71 GFLOPS/s)
MUL_MAT_VEC q6_K m=12288 n=1 k=5120: 1 x 85.96 us = 85.96 us (1463.67 GFLOPS/s)
MUL_MAT_VEC q6_K m=17408 n=1 k=5120: 2 x 121.62 us = 243.24 us (1465.55 GFLOPS/s)
MUL_MAT_VEC q6_K m=98304 n=1 k=5120: 1 x 675.36 us = 675.36 us (1490.37 GFLOPS/s)
MUL_MAT_VEC q8_0 m=5120 n=1 k=10240: 1 x 101.72 us = 101.72 us (1030.8 GFLOPS/s)
PAD: 1 x 6.08 us = 6.08 us
RMS_NORM_MUL RMS_NORM(256,24,1,1): 1 x 5.4 us = 5.4 us
RMS_NORM_MUL RMS_NORM(256,4,1,1): 1 x 3.6 us = 3.6 us
RMS_NORM_MUL RMS_NORM(5120,1,1,1): 5 x 3.768 us = 18.84 us
ROPE: 2 x 3.56 us = 7.12 us
SET_ROWS: 2 x 2.9 us = 5.8 us
SIGMOID_MUL SIGMOID: 1 x 1.68 us = 1.68 us
TOP_K K=10 (98304,1,1,1): 1 x 9.16 us = 9.16 us
Total time: 1406.52 us.
----------------
Vulkan Timings:
CONCAT: 1 x 1.68 us = 1.68 us
CONT: 1 x 3.56 us = 3.56 us
FLASH_ATTN_EXT dst(256,24,1,1),  q(256,1,24,1),  k(256,256,4,1),  v(256,256,4,1),  m(256,1,1,1): 1 x 13.8 us = 13.8 us (455.903 GFLOPS/s)
GET_ROWS: 3 x 4.826 us = 14.48 us
GLU: 1 x 1.76 us = 1.76 us
MUL_MAT f32 m=256 n=24 k=256: 1 x 1.68 us = 1.68 us (1868.8 GFLOPS/s)
MUL_MAT f32 m=64 n=16 k=64: 1 x 3.6 us = 3.6 us (36.1244 GFLOPS/s)
MUL_MAT f32 m=64 n=96 k=64: 1 x 3.6 us = 3.6 us (216.747 GFLOPS/s)
MUL_MAT_ADD MUL_MAT_VEC q6_K m=5120 n=1 k=17408: 1 x 122.84 us = 122.84 us (1451.1 GFLOPS/s)
MUL_MAT_ADD MUL_MAT_VEC q6_K m=5120 n=1 k=6144: 1 x 52.92 us = 52.92 us (1188.76 GFLOPS/s)
MUL_MAT_VEC f32 m=256 n=4 k=256: 1 x 3 us = 3 us (174.421 GFLOPS/s)
MUL_MAT_VEC q6_K m=1024 n=1 k=5120: 2 x 8.92 us = 17.84 us (1175.42 GFLOPS/s)
MUL_MAT_VEC q6_K m=12288 n=1 k=5120: 1 x 85.72 us = 85.72 us (1467.77 GFLOPS/s)
MUL_MAT_VEC q6_K m=17408 n=1 k=5120: 2 x 121.08 us = 242.16 us (1472.09 GFLOPS/s)
MUL_MAT_VEC q6_K m=98304 n=1 k=5120: 1 x 673.46 us = 673.46 us (1494.57 GFLOPS/s)
MUL_MAT_VEC q8_0 m=5120 n=1 k=10240: 1 x 101.08 us = 101.08 us (1037.32 GFLOPS/s)
PAD: 1 x 6.4 us = 6.4 us
RMS_NORM_MUL RMS_NORM(256,24,1,1): 1 x 5.28 us = 5.28 us
RMS_NORM_MUL RMS_NORM(256,4,1,1): 1 x 3.64 us = 3.64 us
RMS_NORM_MUL RMS_NORM(5120,1,1,1): 5 x 3.864 us = 19.32 us
ROPE: 2 x 3.6 us = 7.2 us
SET_ROWS: 2 x 2.92 us = 5.84 us
SIGMOID_MUL SIGMOID: 1 x 1.68 us = 1.68 us
TOP_K K=10 (98304,1,1,1): 1 x 8.68 us = 8.68 us
Total time: 1401.22 us.
----------------
Vulkan Timings:
ADD: 48 x 3.835 us = 184.12 us
CONT: 16 x 3.732 us = 59.72 us
FLASH_ATTN_EXT dst(256,24,5,1),  q(256,5,24,1),  k(256,256,4,1),  v(256,256,4,1),  m(256,5,1,1): 16 x 23.722 us = 379.56 us (1326.05 GFLOPS/s)
GDN_CACHE GATED_DELTA_NET: 48 x 14.515 us = 696.76 us
GDN_CONV_STATE CONCAT: 48 x 3.137 us = 150.6 us
GET_ROWS: 3 x 11.68 us = 35.04 us
GLU: 64 x 2.089 us = 133.72 us
MUL_MAT f32 m=256 n=120 k=256: 16 x 1.722 us = 27.56 us (9113.45 GFLOPS/s)
MUL_MAT f32 m=256 n=20 k=256: 16 x 3.142 us = 50.28 us (832.56 GFLOPS/s)
MUL_MAT f32 m=64 n=480 k=64: 16 x 3.712 us = 59.4 us (1050.89 GFLOPS/s)
MUL_MAT f32 m=64 n=80 k=64: 16 x 3.7 us = 59.2 us (175.741 GFLOPS/s)
MUL_MAT_ADD MUL_MAT_VEC q6_K m=5120 n=5 k=17408: 64 x 129.761 us = 8304.76 us (6868.46 GFLOPS/s)
MUL_MAT_ADD MUL_MAT_VEC q6_K m=5120 n=5 k=6144: 16 x 55.592 us = 889.48 us (5658.09 GFLOPS/s)
MUL_MAT_GROUP MUL_MAT_VEC q6_K m=10240 n=5 k=5120: 47 x 118.193 us = 5555.08 us (4435.42 GFLOPS/s)
MUL_MAT_GROUP MUL_MAT_VEC q6_K m=12288 n=5 k=5120: 16 x 104.257 us = 1668.12 us (6033.95 GFLOPS/s)
MUL_MAT_GROUP MUL_MAT_VEC q6_K m=17408 n=5 k=5120: 64 x 266.246 us = 17039.8 us (3347.29 GFLOPS/s)
MUL_MAT_VEC f32 m=48 n=5 k=5120: 96 x 6.34 us = 608.68 us (387.571 GFLOPS/s)
MUL_MAT_VEC q6_K m=10240 n=5 k=5120: 1 x 80.36 us = 80.36 us (6523.6 GFLOPS/s)
MUL_MAT_VEC q6_K m=248320 n=5 k=5120: 1 x 1686.56 us = 1686.56 us (7537.68 GFLOPS/s)
MUL_MAT_VEC q6_K m=6144 n=5 k=5120: 1 x 49.16 us = 49.16 us (6398.33 GFLOPS/s)
MUL_MAT_VEC q8_0 m=5120 n=5 k=6144: 48 x 60.6 us = 2908.8 us (5190.55 GFLOPS/s)
RMS_NORM_MUL RMS_NORM(256,24,5,1): 16 x 3.822 us = 61.16 us
RMS_NORM_MUL RMS_NORM(256,4,5,1): 16 x 3.637 us = 58.2 us
RMS_NORM_MUL RMS_NORM(5120,5,1,1): 129 x 4.337 us = 559.48 us
RMS_NORM_MUL_SILU_MUL RMS_NORM(128,48,5,1): 48 x 5.865 us = 281.52 us
RMS_NORM_SCALE RMS_NORM(128,16,5,1): 96 x 2.531 us = 243 us
ROPE: 32 x 3.682 us = 117.84 us
SET_ROWS: 32 x 2.852 us = 91.28 us
SIGMOID_MUL SIGMOID: 16 x 3.735 us = 59.76 us
SSM_CONV_SILU SSM_CONV: 48 x 4.792 us = 230.04 us
Total time: 42329 us.
----------------
Vulkan Timings:
CONCAT: 1 x 4.08 us = 4.08 us
CONT: 1 x 3.84 us = 3.84 us
FLASH_ATTN_EXT dst(256,24,5,1),  q(256,5,24,1),  k(256,256,4,1),  v(256,256,4,1),  m(256,5,1,1): 1 x 24.24 us = 24.24 us (1297.74 GFLOPS/s)
GET_ROWS: 1 x 7 us = 7 us
GLU: 1 x 1.8 us = 1.8 us
MUL_MAT f32 m=256 n=120 k=256: 1 x 1.76 us = 1.76 us (8919.27 GFLOPS/s)
MUL_MAT f32 m=256 n=20 k=256: 1 x 3.28 us = 3.28 us (797.659 GFLOPS/s)
MUL_MAT f32 m=64 n=480 k=64: 1 x 3.84 us = 3.84 us (1016 GFLOPS/s)
MUL_MAT f32 m=64 n=80 k=64: 1 x 3.88 us = 3.88 us (167.588 GFLOPS/s)
MUL_MAT_ADD MUL_MAT_VEC q6_K m=5120 n=5 k=17408: 1 x 156.05 us = 156.05 us (5711.4 GFLOPS/s)
MUL_MAT_ADD MUL_MAT_VEC q6_K m=5120 n=5 k=6144: 1 x 57.4 us = 57.4 us (5479.92 GFLOPS/s)
MUL_MAT_GROUP MUL_MAT_VEC q6_K m=12288 n=5 k=5120: 1 x 131.92 us = 131.92 us (4768.68 GFLOPS/s)
MUL_MAT_GROUP MUL_MAT_VEC q6_K m=17408 n=5 k=5120: 1 x 255.84 us = 255.84 us (3483.44 GFLOPS/s)
MUL_MAT_VEC q8_0 m=5120 n=5 k=10240: 1 x 107.2 us = 107.2 us (4890.51 GFLOPS/s)
RMS_NORM_MUL RMS_NORM(256,24,5,1): 1 x 3.8 us = 3.8 us
RMS_NORM_MUL RMS_NORM(256,4,5,1): 1 x 3.84 us = 3.84 us
RMS_NORM_MUL RMS_NORM(5120,5,1,1): 5 x 12.936 us = 64.68 us
ROPE: 2 x 3.86 us = 7.72 us
SET_ROWS: 2 x 3.06 us = 6.12 us
SIGMOID_MUL SIGMOID: 1 x 3.88 us = 3.88 us
Total time: 852.17 us.
----------------
Vulkan Timings:
CONCAT: 1 x 1.72 us = 1.72 us
CONT: 1 x 3.72 us = 3.72 us
FLASH_ATTN_EXT dst(256,24,1,1),  q(256,1,24,1),  k(256,256,4,1),  v(256,256,4,1),  m(256,1,1,1): 1 x 13.84 us = 13.84 us (454.585 GFLOPS/s)
GET_ROWS: 3 x 4.986 us = 14.96 us
GLU: 1 x 1.92 us = 1.92 us
MUL_MAT f32 m=256 n=24 k=256: 1 x 1.56 us = 1.56 us (2012.55 GFLOPS/s)
MUL_MAT f32 m=64 n=16 k=64: 1 x 1.84 us = 1.84 us (70.6783 GFLOPS/s)
MUL_MAT f32 m=64 n=96 k=64: 1 x 3.4 us = 3.4 us (229.496 GFLOPS/s)
MUL_MAT_ADD MUL_MAT_VEC q6_K m=5120 n=1 k=17408: 1 x 123.36 us = 123.36 us (1444.98 GFLOPS/s)
MUL_MAT_ADD MUL_MAT_VEC q6_K m=5120 n=1 k=6144: 1 x 48.04 us = 48.04 us (1309.52 GFLOPS/s)
MUL_MAT_VEC f32 m=256 n=4 k=256: 1 x 3.24 us = 3.24 us (161.501 GFLOPS/s)
MUL_MAT_VEC q6_K m=1024 n=1 k=5120: 2 x 8.84 us = 17.68 us (1186.06 GFLOPS/s)
MUL_MAT_VEC q6_K m=12288 n=1 k=5120: 1 x 89.64 us = 89.64 us (1403.58 GFLOPS/s)
MUL_MAT_VEC q6_K m=17408 n=1 k=5120: 2 x 121.66 us = 243.32 us (1465.07 GFLOPS/s)
MUL_MAT_VEC q6_K m=98304 n=1 k=5120: 1 x 674.16 us = 674.16 us (1493.02 GFLOPS/s)
MUL_MAT_VEC q8_0 m=5120 n=1 k=10240: 1 x 98.48 us = 98.48 us (1064.71 GFLOPS/s)
PAD: 1 x 6.48 us = 6.48 us
RMS_NORM_MUL RMS_NORM(256,24,1,1): 1 x 6.24 us = 6.24 us
RMS_NORM_MUL RMS_NORM(256,4,1,1): 1 x 5.28 us = 5.28 us
RMS_NORM_MUL RMS_NORM(5120,1,1,1): 5 x 4.408 us = 22.04 us
ROPE: 2 x 3.56 us = 7.12 us
SET_ROWS: 2 x 2.96 us = 5.92 us
SIGMOID_MUL SIGMOID: 1 x 1.6 us = 1.6 us
TOP_K K=10 (98304,1,1,1): 1 x 9.36 us = 9.36 us
Total time: 1404.92 us.
----------------
Vulkan Timings:
CONCAT: 1 x 1.68 us = 1.68 us
CONT: 1 x 3.76 us = 3.76 us
FLASH_ATTN_EXT dst(256,24,1,1),  q(256,1,24,1),  k(256,256,4,1),  v(256,256,4,1),  m(256,1,1,1): 1 x 13.76 us = 13.76 us (457.228 GFLOPS/s)
GET_ROWS: 3 x 5.04 us = 15.12 us
GLU: 1 x 1.84 us = 1.84 us
MUL_MAT f32 m=256 n=24 k=256: 1 x 1.68 us = 1.68 us (1868.8 GFLOPS/s)
MUL_MAT f32 m=64 n=16 k=64: 1 x 3.84 us = 3.84 us (33.8667 GFLOPS/s)
MUL_MAT f32 m=64 n=96 k=64: 1 x 3.76 us = 3.76 us (207.523 GFLOPS/s)
MUL_MAT_ADD MUL_MAT_VEC q6_K m=5120 n=1 k=17408: 1 x 123.92 us = 123.92 us (1438.45 GFLOPS/s)
MUL_MAT_ADD MUL_MAT_VEC q6_K m=5120 n=1 k=6144: 1 x 54.16 us = 54.16 us (1161.55 GFLOPS/s)
MUL_MAT_VEC f32 m=256 n=4 k=256: 1 x 3.16 us = 3.16 us (165.59 GFLOPS/s)
MUL_MAT_VEC q6_K m=1024 n=1 k=5120: 2 x 8.96 us = 17.92 us (1170.17 GFLOPS/s)
MUL_MAT_VEC q6_K m=12288 n=1 k=5120: 1 x 85.28 us = 85.28 us (1475.34 GFLOPS/s)
MUL_MAT_VEC q6_K m=17408 n=1 k=5120: 2 x 121.42 us = 242.84 us (1467.97 GFLOPS/s)
MUL_MAT_VEC q6_K m=98304 n=1 k=5120: 1 x 674.45 us = 674.45 us (1492.38 GFLOPS/s)
MUL_MAT_VEC q8_0 m=5120 n=1 k=10240: 1 x 101.68 us = 101.68 us (1031.2 GFLOPS/s)
PAD: 1 x 6.44 us = 6.44 us
RMS_NORM_MUL RMS_NORM(256,24,1,1): 1 x 5.64 us = 5.64 us
RMS_NORM_MUL RMS_NORM(256,4,1,1): 1 x 3.8 us = 3.8 us
RMS_NORM_MUL RMS_NORM(5120,1,1,1): 5 x 3.848 us = 19.24 us
ROPE: 2 x 3.78 us = 7.56 us
SET_ROWS: 2 x 3 us = 6 us
SIGMOID_MUL SIGMOID: 1 x 1.68 us = 1.68 us
TOP_K K=10 (98304,1,1,1): 1 x 9.2 us = 9.2 us
Total time: 1408.41 us.
----------------
Vulkan Timings:
CONCAT: 1 x 1.6 us = 1.6 us
CONT: 1 x 3.76 us = 3.76 us
FLASH_ATTN_EXT dst(256,24,1,1),  q(256,1,24,1),  k(256,256,4,1),  v(256,256,4,1),  m(256,1,1,1): 1 x 13.84 us = 13.84 us (454.585 GFLOPS/s)
GET_ROWS: 3 x 4.906 us = 14.72 us
GLU: 1 x 1.8 us = 1.8 us
MUL_MAT f32 m=256 n=24 k=256: 1 x 1.6 us = 1.6 us (1962.24 GFLOPS/s)
MUL_MAT f32 m=64 n=16 k=64: 1 x 3.72 us = 3.72 us (34.9591 GFLOPS/s)
MUL_MAT f32 m=64 n=96 k=64: 1 x 3.76 us = 3.76 us (207.523 GFLOPS/s)
MUL_MAT_ADD MUL_MAT_VEC q6_K m=5120 n=1 k=17408: 1 x 122.96 us = 122.96 us (1449.68 GFLOPS/s)
MUL_MAT_ADD MUL_MAT_VEC q6_K m=5120 n=1 k=6144: 1 x 53.2 us = 53.2 us (1182.51 GFLOPS/s)
MUL_MAT_VEC f32 m=256 n=4 k=256: 1 x 3.16 us = 3.16 us (165.59 GFLOPS/s)
MUL_MAT_VEC q6_K m=1024 n=1 k=5120: 2 x 8.72 us = 17.44 us (1202.38 GFLOPS/s)
MUL_MAT_VEC q6_K m=12288 n=1 k=5120: 1 x 85.8 us = 85.8 us (1466.4 GFLOPS/s)
MUL_MAT_VEC q6_K m=17408 n=1 k=5120: 2 x 121.8 us = 243.6 us (1463.39 GFLOPS/s)
MUL_MAT_VEC q6_K m=98304 n=1 k=5120: 1 x 673.04 us = 673.04 us (1495.5 GFLOPS/s)
MUL_MAT_VEC q8_0 m=5120 n=1 k=10240: 1 x 101.24 us = 101.24 us (1035.68 GFLOPS/s)
PAD: 1 x 6.48 us = 6.48 us
RMS_NORM_MUL RMS_NORM(256,24,1,1): 1 x 5.6 us = 5.6 us
RMS_NORM_MUL RMS_NORM(256,4,1,1): 1 x 3.72 us = 3.72 us
RMS_NORM_MUL RMS_NORM(5120,1,1,1): 5 x 3.768 us = 18.84 us
ROPE: 2 x 3.76 us = 7.52 us
SET_ROWS: 2 x 2.98 us = 5.96 us
SIGMOID_MUL SIGMOID: 1 x 1.68 us = 1.68 us
TOP_K K=10 (98304,1,1,1): 1 x 9.12 us = 9.12 us
Total time: 1404.16 us.
----------------
Vulkan Timings:
CONCAT: 1 x 1.68 us = 1.68 us
CONT: 1 x 3.76 us = 3.76 us
FLASH_ATTN_EXT dst(256,24,1,1),  q(256,1,24,1),  k(256,256,4,1),  v(256,256,4,1),  m(256,1,1,1): 1 x 13.96 us = 13.96 us (450.677 GFLOPS/s)
GET_ROWS: 3 x 4.92 us = 14.76 us
GLU: 1 x 1.8 us = 1.8 us
MUL_MAT f32 m=256 n=24 k=256: 1 x 1.64 us = 1.64 us (1914.38 GFLOPS/s)
MUL_MAT f32 m=64 n=16 k=64: 1 x 3.76 us = 3.76 us (34.5872 GFLOPS/s)
MUL_MAT f32 m=64 n=96 k=64: 1 x 3.76 us = 3.76 us (207.523 GFLOPS/s)
MUL_MAT_ADD MUL_MAT_VEC q6_K m=5120 n=1 k=17408: 1 x 123.84 us = 123.84 us (1439.38 GFLOPS/s)
MUL_MAT_ADD MUL_MAT_VEC q6_K m=5120 n=1 k=6144: 1 x 54.08 us = 54.08 us (1163.27 GFLOPS/s)
MUL_MAT_VEC f32 m=256 n=4 k=256: 1 x 3.16 us = 3.16 us (165.59 GFLOPS/s)
MUL_MAT_VEC q6_K m=1024 n=1 k=5120: 2 x 8.76 us = 17.52 us (1196.89 GFLOPS/s)
MUL_MAT_VEC q6_K m=12288 n=1 k=5120: 1 x 85.68 us = 85.68 us (1468.45 GFLOPS/s)
MUL_MAT_VEC q6_K m=17408 n=1 k=5120: 2 x 121.44 us = 242.88 us (1467.72 GFLOPS/s)
MUL_MAT_VEC q6_K m=98304 n=1 k=5120: 1 x 672.64 us = 672.64 us (1496.39 GFLOPS/s)
MUL_MAT_VEC q8_0 m=5120 n=1 k=10240: 1 x 102.24 us = 102.24 us (1025.55 GFLOPS/s)
PAD: 1 x 8.76 us = 8.76 us
RMS_NORM_MUL RMS_NORM(256,24,1,1): 1 x 5.6 us = 5.6 us
RMS_NORM_MUL RMS_NORM(256,4,1,1): 1 x 3.72 us = 3.72 us
RMS_NORM_MUL RMS_NORM(5120,1,1,1): 5 x 3.776 us = 18.88 us
ROPE: 2 x 3.7 us = 7.4 us
SET_ROWS: 2 x 2.94 us = 5.88 us
SIGMOID_MUL SIGMOID: 1 x 1.68 us = 1.68 us
TOP_K K=10 (98304,1,1,1): 1 x 6.84 us = 6.84 us
Total time: 1405.92 us.
----------------
Vulkan Timings:
ADD: 48 x 3.974 us = 190.76 us
CONT: 16 x 3.86 us = 61.76 us
FLASH_ATTN_EXT dst(256,24,5,1),  q(256,5,24,1),  k(256,256,4,1),  v(256,256,4,1),  m(256,5,1,1): 16 x 23.4 us = 374.4 us (1344.33 GFLOPS/s)
GDN_CACHE GATED_DELTA_NET: 48 x 13.947 us = 669.48 us
GDN_CONV_STATE CONCAT: 48 x 2.997 us = 143.88 us
GET_ROWS: 3 x 11.973 us = 35.92 us
GLU: 64 x 2.142 us = 137.12 us
MUL_MAT f32 m=256 n=120 k=256: 16 x 1.715 us = 27.44 us (9153.31 GFLOPS/s)
MUL_MAT f32 m=256 n=20 k=256: 16 x 3.282 us = 52.52 us (797.051 GFLOPS/s)
MUL_MAT f32 m=64 n=480 k=64: 16 x 3.86 us = 61.76 us (1010.74 GFLOPS/s)
MUL_MAT f32 m=64 n=80 k=64: 16 x 3.855 us = 61.68 us (168.674 GFLOPS/s)
MUL_MAT_ADD MUL_MAT_VEC q6_K m=5120 n=5 k=17408: 64 x 130.383 us = 8344.56 us (6835.7 GFLOPS/s)
MUL_MAT_ADD MUL_MAT_VEC q6_K m=5120 n=5 k=6144: 16 x 55.755 us = 892.08 us (5641.6 GFLOPS/s)
MUL_MAT_GROUP MUL_MAT_VEC q6_K m=10240 n=5 k=5120: 47 x 118.274 us = 5558.88 us (4432.39 GFLOPS/s)
MUL_MAT_GROUP MUL_MAT_VEC q6_K m=12288 n=5 k=5120: 16 x 104.177 us = 1666.84 us (6038.58 GFLOPS/s)
MUL_MAT_GROUP MUL_MAT_VEC q6_K m=17408 n=5 k=5120: 64 x 267.171 us = 17099 us (3335.69 GFLOPS/s)
MUL_MAT_VEC f32 m=48 n=5 k=5120: 96 x 6.82 us = 654.76 us (360.295 GFLOPS/s)
MUL_MAT_VEC q6_K m=10240 n=5 k=5120: 1 x 80.2 us = 80.2 us (6536.62 GFLOPS/s)
MUL_MAT_VEC q6_K m=248320 n=5 k=5120: 1 x 1686.52 us = 1686.52 us (7537.85 GFLOPS/s)
MUL_MAT_VEC q6_K m=6144 n=5 k=5120: 1 x 52 us = 52 us (6048.89 GFLOPS/s)
MUL_MAT_VEC q8_0 m=5120 n=5 k=6144: 48 x 60.839 us = 2920.28 us (5170.14 GFLOPS/s)
RMS_NORM_MUL RMS_NORM(256,24,5,1): 16 x 4.077 us = 65.24 us
RMS_NORM_MUL RMS_NORM(256,4,5,1): 16 x 3.75 us = 60 us
RMS_NORM_MUL RMS_NORM(5120,5,1,1): 129 x 4.409 us = 568.8 us
RMS_NORM_MUL_SILU_MUL RMS_NORM(128,48,5,1): 48 x 6.142 us = 294.84 us
RMS_NORM_SCALE RMS_NORM(128,16,5,1): 96 x 2.49 us = 239.04 us
ROPE: 32 x 3.825 us = 122.4 us
SET_ROWS: 32 x 3.023 us = 96.76 us
SIGMOID_MUL SIGMOID: 16 x 3.88 us = 62.08 us
SSM_CONV_SILU SSM_CONV: 48 x 4.952 us = 237.72 us
Total time: 42518.7 us.
----------------
Vulkan Timings:
CONCAT: 1 x 4.84 us = 4.84 us
CONT: 1 x 3.92 us = 3.92 us
FLASH_ATTN_EXT dst(256,24,5,1),  q(256,5,24,1),  k(256,256,4,1),  v(256,256,4,1),  m(256,5,1,1): 1 x 23.96 us = 23.96 us (1312.91 GFLOPS/s)
GET_ROWS: 1 x 7.24 us = 7.24 us
GLU: 1 x 1.76 us = 1.76 us
MUL_MAT f32 m=256 n=120 k=256: 1 x 1.72 us = 1.72 us (9126.7 GFLOPS/s)
MUL_MAT f32 m=256 n=20 k=256: 1 x 3.28 us = 3.28 us (797.659 GFLOPS/s)
MUL_MAT f32 m=64 n=480 k=64: 1 x 3.92 us = 3.92 us (995.265 GFLOPS/s)
MUL_MAT f32 m=64 n=80 k=64: 1 x 3.96 us = 3.96 us (164.202 GFLOPS/s)
MUL_MAT_ADD MUL_MAT_VEC q6_K m=5120 n=5 k=17408: 1 x 155.79 us = 155.79 us (5720.93 GFLOPS/s)
MUL_MAT_ADD MUL_MAT_VEC q6_K m=5120 n=5 k=6144: 1 x 57.24 us = 57.24 us (5495.23 GFLOPS/s)
MUL_MAT_GROUP MUL_MAT_VEC q6_K m=12288 n=5 k=5120: 1 x 131.92 us = 131.92 us (4768.68 GFLOPS/s)
MUL_MAT_GROUP MUL_MAT_VEC q6_K m=17408 n=5 k=5120: 1 x 254.88 us = 254.88 us (3496.56 GFLOPS/s)
MUL_MAT_VEC q8_0 m=5120 n=5 k=10240: 1 x 106.12 us = 106.12 us (4940.28 GFLOPS/s)
RMS_NORM_MUL RMS_NORM(256,24,5,1): 1 x 3.84 us = 3.84 us
RMS_NORM_MUL RMS_NORM(256,4,5,1): 1 x 3.92 us = 3.92 us
RMS_NORM_MUL RMS_NORM(5120,5,1,1): 5 x 9.83 us = 49.15 us
ROPE: 2 x 3.94 us = 7.88 us
SET_ROWS: 2 x 3.04 us = 6.08 us
SIGMOID_MUL SIGMOID: 1 x 3.96 us = 3.96 us
Total time: 835.38 us.
----------------
Vulkan Timings:
CONCAT: 1 x 2 us = 2 us
CONT: 1 x 3.52 us = 3.52 us
FLASH_ATTN_EXT dst(256,24,1,1),  q(256,1,24,1),  k(256,256,4,1),  v(256,256,4,1),  m(256,1,1,1): 1 x 13.88 us = 13.88 us (453.275 GFLOPS/s)
GET_ROWS: 3 x 4.92 us = 14.76 us
GLU: 1 x 1.64 us = 1.64 us
MUL_MAT f32 m=256 n=24 k=256: 1 x 1.6 us = 1.6 us (1962.24 GFLOPS/s)
MUL_MAT f32 m=64 n=16 k=64: 1 x 1.88 us = 1.88 us (69.1745 GFLOPS/s)
MUL_MAT f32 m=64 n=96 k=64: 1 x 3.28 us = 3.28 us (237.893 GFLOPS/s)
MUL_MAT_ADD MUL_MAT_VEC q6_K m=5120 n=1 k=17408: 1 x 122.92 us = 122.92 us (1450.15 GFLOPS/s)
MUL_MAT_ADD MUL_MAT_VEC q6_K m=5120 n=1 k=6144: 1 x 47.4 us = 47.4 us (1327.2 GFLOPS/s)
MUL_MAT_VEC f32 m=256 n=4 k=256: 1 x 3.08 us = 3.08 us (169.891 GFLOPS/s)
MUL_MAT_VEC q6_K m=1024 n=1 k=5120: 2 x 6.76 us = 13.52 us (1551 GFLOPS/s)
MUL_MAT_VEC q6_K m=12288 n=1 k=5120: 1 x 97.8 us = 97.8 us (1286.47 GFLOPS/s)
MUL_MAT_VEC q6_K m=17408 n=1 k=5120: 2 x 121.86 us = 243.72 us (1462.67 GFLOPS/s)
MUL_MAT_VEC q6_K m=98304 n=1 k=5120: 1 x 674.18 us = 674.18 us (1492.98 GFLOPS/s)
MUL_MAT_VEC q8_0 m=5120 n=1 k=10240: 1 x 98.48 us = 98.48 us (1064.71 GFLOPS/s)
PAD: 1 x 6.44 us = 6.44 us
RMS_NORM_MUL RMS_NORM(256,24,1,1): 1 x 3.32 us = 3.32 us
RMS_NORM_MUL RMS_NORM(256,4,1,1): 1 x 4.96 us = 4.96 us
RMS_NORM_MUL RMS_NORM(5120,1,1,1): 5 x 4.448 us = 22.24 us
ROPE: 2 x 3.38 us = 6.76 us
SET_ROWS: 2 x 2.86 us = 5.72 us
SIGMOID_MUL SIGMOID: 1 x 1.56 us = 1.56 us
TOP_K K=10 (98304,1,1,1): 1 x 9.04 us = 9.04 us
Total time: 1403.7 us.
----------------
Vulkan Timings:
CONCAT: 1 x 1.64 us = 1.64 us
CONT: 1 x 3.64 us = 3.64 us
FLASH_ATTN_EXT dst(256,24,1,1),  q(256,1,24,1),  k(256,256,4,1),  v(256,256,4,1),  m(256,1,1,1): 1 x 13.88 us = 13.88 us (453.275 GFLOPS/s)
GET_ROWS: 3 x 4.933 us = 14.8 us
GLU: 1 x 1.72 us = 1.72 us
MUL_MAT f32 m=256 n=24 k=256: 1 x 1.68 us = 1.68 us (1868.8 GFLOPS/s)
MUL_MAT f32 m=64 n=16 k=64: 1 x 3.68 us = 3.68 us (35.3391 GFLOPS/s)
MUL_MAT f32 m=64 n=96 k=64: 1 x 3.64 us = 3.64 us (214.365 GFLOPS/s)
MUL_MAT_ADD MUL_MAT_VEC q6_K m=5120 n=1 k=17408: 1 x 123.68 us = 123.68 us (1441.24 GFLOPS/s)
MUL_MAT_ADD MUL_MAT_VEC q6_K m=5120 n=1 k=6144: 1 x 53.28 us = 53.28 us (1180.73 GFLOPS/s)
MUL_MAT_VEC f32 m=256 n=4 k=256: 1 x 3.04 us = 3.04 us (172.126 GFLOPS/s)
MUL_MAT_VEC q6_K m=1024 n=1 k=5120: 2 x 6.86 us = 13.72 us (1528.39 GFLOPS/s)
MUL_MAT_VEC q6_K m=12288 n=1 k=5120: 1 x 92.88 us = 92.88 us (1354.62 GFLOPS/s)
MUL_MAT_VEC q6_K m=17408 n=1 k=5120: 2 x 121.5 us = 243 us (1467 GFLOPS/s)
MUL_MAT_VEC q6_K m=98304 n=1 k=5120: 1 x 673.12 us = 673.12 us (1495.33 GFLOPS/s)
MUL_MAT_VEC q8_0 m=5120 n=1 k=10240: 1 x 101.92 us = 101.92 us (1028.77 GFLOPS/s)
PAD: 1 x 6.36 us = 6.36 us
RMS_NORM_MUL RMS_NORM(256,24,1,1): 1 x 3.68 us = 3.68 us
RMS_NORM_MUL RMS_NORM(256,4,1,1): 1 x 3.68 us = 3.68 us
RMS_NORM_MUL RMS_NORM(5120,1,1,1): 5 x 3.808 us = 19.04 us
ROPE: 2 x 3.66 us = 7.32 us
SET_ROWS: 2 x 2.92 us = 5.84 us
SIGMOID_MUL SIGMOID: 1 x 1.72 us = 1.72 us
TOP_K K=10 (98304,1,1,1): 1 x 8.84 us = 8.84 us
Total time: 1405.8 us.
----------------
Vulkan Timings:
CONCAT: 1 x 1.64 us = 1.64 us
CONT: 1 x 3.6 us = 3.6 us
FLASH_ATTN_EXT dst(256,24,1,1),  q(256,1,24,1),  k(256,256,4,1),  v(256,256,4,1),  m(256,1,1,1): 1 x 14 us = 14 us (449.39 GFLOPS/s)
GET_ROWS: 3 x 4.8 us = 14.4 us
GLU: 1 x 1.72 us = 1.72 us
MUL_MAT f32 m=256 n=24 k=256: 1 x 1.6 us = 1.6 us (1962.24 GFLOPS/s)
MUL_MAT f32 m=64 n=16 k=64: 1 x 3.56 us = 3.56 us (36.5303 GFLOPS/s)
MUL_MAT f32 m=64 n=96 k=64: 1 x 3.6 us = 3.6 us (216.747 GFLOPS/s)
MUL_MAT_ADD MUL_MAT_VEC q6_K m=5120 n=1 k=17408: 1 x 123 us = 123 us (1449.21 GFLOPS/s)
MUL_MAT_ADD MUL_MAT_VEC q6_K m=5120 n=1 k=6144: 1 x 54.72 us = 54.72 us (1149.66 GFLOPS/s)
MUL_MAT_VEC f32 m=256 n=4 k=256: 1 x 3 us = 3 us (174.421 GFLOPS/s)
MUL_MAT_VEC q6_K m=1024 n=1 k=5120: 2 x 6.9 us = 13.8 us (1519.53 GFLOPS/s)
MUL_MAT_VEC q6_K m=12288 n=1 k=5120: 1 x 93.56 us = 93.56 us (1344.77 GFLOPS/s)
MUL_MAT_VEC q6_K m=17408 n=1 k=5120: 2 x 121.24 us = 242.48 us (1470.15 GFLOPS/s)
MUL_MAT_VEC q6_K m=98304 n=1 k=5120: 1 x 672.89 us = 672.89 us (1495.84 GFLOPS/s)
MUL_MAT_VEC q8_0 m=5120 n=1 k=10240: 1 x 101 us = 101 us (1038.14 GFLOPS/s)
PAD: 1 x 6.36 us = 6.36 us
RMS_NORM_MUL RMS_NORM(256,24,1,1): 1 x 3.6 us = 3.6 us
RMS_NORM_MUL RMS_NORM(256,4,1,1): 1 x 3.56 us = 3.56 us
RMS_NORM_MUL RMS_NORM(5120,1,1,1): 5 x 3.736 us = 18.68 us
ROPE: 2 x 3.56 us = 7.12 us
SET_ROWS: 2 x 2.86 us = 5.72 us
SIGMOID_MUL SIGMOID: 1 x 1.92 us = 1.92 us
TOP_K K=10 (98304,1,1,1): 1 x 9.12 us = 9.12 us
Total time: 1404.65 us.
----------------
Vulkan Timings:
CONCAT: 1 x 1.68 us = 1.68 us
CONT: 1 x 3.6 us = 3.6 us
FLASH_ATTN_EXT dst(256,24,1,1),  q(256,1,24,1),  k(256,256,4,1),  v(256,256,4,1),  m(256,1,1,1): 1 x 13.8 us = 13.8 us (455.903 GFLOPS/s)
GET_ROWS: 3 x 4.866 us = 14.6 us
GLU: 1 x 1.84 us = 1.84 us
MUL_MAT f32 m=256 n=24 k=256: 1 x 1.64 us = 1.64 us (1914.38 GFLOPS/s)
MUL_MAT f32 m=64 n=16 k=64: 1 x 3.56 us = 3.56 us (36.5303 GFLOPS/s)
MUL_MAT f32 m=64 n=96 k=64: 1 x 3.56 us = 3.56 us (219.182 GFLOPS/s)
MUL_MAT_ADD MUL_MAT_VEC q6_K m=5120 n=1 k=17408: 1 x 123.88 us = 123.88 us (1438.92 GFLOPS/s)
MUL_MAT_ADD MUL_MAT_VEC q6_K m=5120 n=1 k=6144: 1 x 53.88 us = 53.88 us (1167.58 GFLOPS/s)
MUL_MAT_VEC f32 m=256 n=4 k=256: 1 x 3 us = 3 us (174.421 GFLOPS/s)
MUL_MAT_VEC q6_K m=1024 n=1 k=5120: 2 x 6.92 us = 13.84 us (1515.14 GFLOPS/s)
MUL_MAT_VEC q6_K m=12288 n=1 k=5120: 1 x 93.48 us = 93.48 us (1345.92 GFLOPS/s)
MUL_MAT_VEC q6_K m=17408 n=1 k=5120: 2 x 121.16 us = 242.32 us (1471.12 GFLOPS/s)
MUL_MAT_VEC q6_K m=98304 n=1 k=5120: 1 x 672.44 us = 672.44 us (1496.84 GFLOPS/s)
MUL_MAT_VEC q8_0 m=5120 n=1 k=10240: 1 x 100.8 us = 100.8 us (1040.2 GFLOPS/s)
PAD: 1 x 6.32 us = 6.32 us
RMS_NORM_MUL RMS_NORM(256,24,1,1): 1 x 3.64 us = 3.64 us
RMS_NORM_MUL RMS_NORM(256,4,1,1): 1 x 3.6 us = 3.6 us
RMS_NORM_MUL RMS_NORM(5120,1,1,1): 5 x 3.776 us = 18.88 us
ROPE: 2 x 3.56 us = 7.12 us
SET_ROWS: 2 x 2.96 us = 5.92 us
SIGMOID_MUL SIGMOID: 1 x 1.64 us = 1.64 us
TOP_K K=10 (98304,1,1,1): 1 x 9.28 us = 9.28 us
Total time: 1404.32 us.
----------------
Vulkan Timings:
ADD: 48 x 3.842 us = 184.44 us
CONT: 16 x 3.735 us = 59.76 us
FLASH_ATTN_EXT dst(256,24,5,1),  q(256,5,24,1),  k(256,256,4,1),  v(256,256,4,1),  m(256,5,1,1): 16 x 23.457 us = 375.32 us (1341.03 GFLOPS/s)
GDN_CACHE GATED_DELTA_NET: 48 x 14.501 us = 696.08 us
GDN_CONV_STATE CONCAT: 48 x 3.109 us = 149.24 us
GET_ROWS: 3 x 11.733 us = 35.2 us
GLU: 64 x 2.18 us = 139.52 us
MUL_MAT f32 m=256 n=120 k=256: 16 x 1.727 us = 27.64 us (9087.07 GFLOPS/s)
MUL_MAT f32 m=256 n=20 k=256: 16 x 3.15 us = 50.4 us (830.578 GFLOPS/s)
MUL_MAT f32 m=64 n=480 k=64: 16 x 3.735 us = 59.76 us (1044.56 GFLOPS/s)
MUL_MAT f32 m=64 n=80 k=64: 16 x 3.7 us = 59.2 us (175.741 GFLOPS/s)
MUL_MAT_ADD MUL_MAT_VEC q6_K m=5120 n=5 k=17408: 64 x 129.728 us = 8302.6 us (6870.24 GFLOPS/s)
MUL_MAT_ADD MUL_MAT_VEC q6_K m=5120 n=5 k=6144: 16 x 56.015 us = 896.24 us (5615.41 GFLOPS/s)
MUL_MAT_GROUP MUL_MAT_VEC q6_K m=10240 n=5 k=5120: 47 x 118.288 us = 5559.56 us (4431.85 GFLOPS/s)
MUL_MAT_GROUP MUL_MAT_VEC q6_K m=12288 n=5 k=5120: 16 x 104.235 us = 1667.76 us (6035.25 GFLOPS/s)
MUL_MAT_GROUP MUL_MAT_VEC q6_K m=17408 n=5 k=5120: 64 x 266.199 us = 17036.8 us (3347.88 GFLOPS/s)
MUL_MAT_VEC f32 m=48 n=5 k=5120: 96 x 6.421 us = 616.48 us (382.667 GFLOPS/s)
MUL_MAT_VEC q6_K m=10240 n=5 k=5120: 1 x 79.76 us = 79.76 us (6572.68 GFLOPS/s)
MUL_MAT_VEC q6_K m=248320 n=5 k=5120: 1 x 1687.36 us = 1687.36 us (7534.1 GFLOPS/s)
MUL_MAT_VEC q6_K m=6144 n=5 k=5120: 1 x 49.84 us = 49.84 us (6311.04 GFLOPS/s)
MUL_MAT_VEC q8_0 m=5120 n=5 k=6144: 48 x 60.583 us = 2908 us (5191.98 GFLOPS/s)
RMS_NORM_MUL RMS_NORM(256,24,5,1): 16 x 3.942 us = 63.08 us
RMS_NORM_MUL RMS_NORM(256,4,5,1): 16 x 3.637 us = 58.2 us
RMS_NORM_MUL RMS_NORM(5120,5,1,1): 129 x 4.333 us = 559.04 us
RMS_NORM_MUL_SILU_MUL RMS_NORM(128,48,5,1): 48 x 5.886 us = 282.56 us
RMS_NORM_SCALE RMS_NORM(128,16,5,1): 96 x 2.453 us = 235.56 us
ROPE: 32 x 3.688 us = 118.04 us
SET_ROWS: 32 x 2.955 us = 94.56 us
SIGMOID_MUL SIGMOID: 16 x 3.75 us = 60 us
SSM_CONV_SILU SSM_CONV: 48 x 4.809 us = 230.84 us
Total time: 42342.8 us.
----------------
Vulkan Timings:
CONCAT: 1 x 4.04 us = 4.04 us
CONT: 1 x 3.84 us = 3.84 us
FLASH_ATTN_EXT dst(256,24,5,1),  q(256,5,24,1),  k(256,256,4,1),  v(256,256,4,1),  m(256,5,1,1): 1 x 24.12 us = 24.12 us (1304.2 GFLOPS/s)
GET_ROWS: 1 x 7.04 us = 7.04 us
GLU: 1 x 1.8 us = 1.8 us
MUL_MAT f32 m=256 n=120 k=256: 1 x 1.76 us = 1.76 us (8919.27 GFLOPS/s)
MUL_MAT f32 m=256 n=20 k=256: 1 x 3.24 us = 3.24 us (807.506 GFLOPS/s)
MUL_MAT f32 m=64 n=480 k=64: 1 x 3.84 us = 3.84 us (1016 GFLOPS/s)
MUL_MAT f32 m=64 n=80 k=64: 1 x 3.84 us = 3.84 us (169.333 GFLOPS/s)
MUL_MAT_ADD MUL_MAT_VEC q6_K m=5120 n=5 k=17408: 1 x 155.87 us = 155.87 us (5718 GFLOPS/s)
MUL_MAT_ADD MUL_MAT_VEC q6_K m=5120 n=5 k=6144: 1 x 56 us = 56 us (5616.91 GFLOPS/s)
MUL_MAT_GROUP MUL_MAT_VEC q6_K m=12288 n=5 k=5120: 1 x 130.85 us = 130.85 us (4807.67 GFLOPS/s)
MUL_MAT_GROUP MUL_MAT_VEC q6_K m=17408 n=5 k=5120: 1 x 255.6 us = 255.6 us (3486.71 GFLOPS/s)
MUL_MAT_VEC q8_0 m=5120 n=5 k=10240: 1 x 107.2 us = 107.2 us (4890.51 GFLOPS/s)
RMS_NORM_MUL RMS_NORM(256,24,5,1): 1 x 3.76 us = 3.76 us
RMS_NORM_MUL RMS_NORM(256,4,5,1): 1 x 3.84 us = 3.84 us
RMS_NORM_MUL RMS_NORM(5120,5,1,1): 5 x 9.326 us = 46.63 us
ROPE: 2 x 3.82 us = 7.64 us
SET_ROWS: 2 x 3.02 us = 6.04 us
SIGMOID_MUL SIGMOID: 1 x 3.88 us = 3.88 us
Total time: 830.83 us.
----------------
Vulkan Timings:
CONCAT: 1 x 1.76 us = 1.76 us
CONT: 1 x 3.8 us = 3.8 us
FLASH_ATTN_EXT dst(256,24,1,1),  q(256,1,24,1),  k(256,256,4,1),  v(256,256,4,1),  m(256,1,1,1): 1 x 14 us = 14 us (449.39 GFLOPS/s)
GET_ROWS: 3 x 5.04 us = 15.12 us
GLU: 1 x 1.56 us = 1.56 us
MUL_MAT f32 m=256 n=24 k=256: 1 x 1.6 us = 1.6 us (1962.24 GFLOPS/s)
MUL_MAT f32 m=64 n=16 k=64: 1 x 1.88 us = 1.88 us (69.1745 GFLOPS/s)
MUL_MAT f32 m=64 n=96 k=64: 1 x 3.52 us = 3.52 us (221.673 GFLOPS/s)
MUL_MAT_ADD MUL_MAT_VEC q6_K m=5120 n=1 k=17408: 1 x 123.84 us = 123.84 us (1439.38 GFLOPS/s)
MUL_MAT_ADD MUL_MAT_VEC q6_K m=5120 n=1 k=6144: 1 x 48.24 us = 48.24 us (1304.09 GFLOPS/s)
MUL_MAT_VEC f32 m=256 n=4 k=256: 1 x 3.28 us = 3.28 us (159.532 GFLOPS/s)
MUL_MAT_VEC q6_K m=1024 n=1 k=5120: 2 x 10.12 us = 20.24 us (1036.04 GFLOPS/s)
MUL_MAT_VEC q6_K m=12288 n=1 k=5120: 1 x 90.16 us = 90.16 us (1395.48 GFLOPS/s)
MUL_MAT_VEC q6_K m=17408 n=1 k=5120: 2 x 122.3 us = 244.6 us (1457.4 GFLOPS/s)
MUL_MAT_VEC q6_K m=98304 n=1 k=5120: 1 x 674.7 us = 674.7 us (1491.83 GFLOPS/s)
MUL_MAT_VEC q8_0 m=5120 n=1 k=10240: 1 x 98.92 us = 98.92 us (1059.97 GFLOPS/s)
PAD: 1 x 6.24 us = 6.24 us
RMS_NORM_MUL RMS_NORM(256,24,1,1): 1 x 3.48 us = 3.48 us
RMS_NORM_MUL RMS_NORM(256,4,1,1): 1 x 5.36 us = 5.36 us
RMS_NORM_MUL RMS_NORM(5120,1,1,1): 5 x 4.48 us = 22.4 us
ROPE: 2 x 3.62 us = 7.24 us
SET_ROWS: 2 x 2.98 us = 5.96 us
SIGMOID_MUL SIGMOID: 1 x 1.56 us = 1.56 us
TOP_K K=10 (98304,1,1,1): 1 x 9.4 us = 9.4 us
Total time: 1408.86 us.
----------------
Vulkan Timings:
CONCAT: 1 x 1.72 us = 1.72 us
CONT: 1 x 3.84 us = 3.84 us
FLASH_ATTN_EXT dst(256,24,1,1),  q(256,1,24,1),  k(256,256,4,1),  v(256,256,4,1),  m(256,1,1,1): 1 x 14 us = 14 us (449.39 GFLOPS/s)
GET_ROWS: 3 x 5.066 us = 15.2 us
GLU: 1 x 1.8 us = 1.8 us
MUL_MAT f32 m=256 n=24 k=256: 1 x 1.68 us = 1.68 us (1868.8 GFLOPS/s)
MUL_MAT f32 m=64 n=16 k=64: 1 x 3.84 us = 3.84 us (33.8667 GFLOPS/s)
MUL_MAT f32 m=64 n=96 k=64: 1 x 3.8 us = 3.8 us (205.339 GFLOPS/s)
MUL_MAT_ADD MUL_MAT_VEC q6_K m=5120 n=1 k=17408: 1 x 124.36 us = 124.36 us (1433.36 GFLOPS/s)
MUL_MAT_ADD MUL_MAT_VEC q6_K m=5120 n=1 k=6144: 1 x 53.28 us = 53.28 us (1180.73 GFLOPS/s)
MUL_MAT_VEC f32 m=256 n=4 k=256: 1 x 3.2 us = 3.2 us (163.52 GFLOPS/s)
MUL_MAT_VEC q6_K m=1024 n=1 k=5120: 2 x 8.92 us = 17.84 us (1175.42 GFLOPS/s)
MUL_MAT_VEC q6_K m=12288 n=1 k=5120: 1 x 86 us = 86 us (1462.99 GFLOPS/s)
MUL_MAT_VEC q6_K m=17408 n=1 k=5120: 2 x 121.3 us = 242.6 us (1469.42 GFLOPS/s)
MUL_MAT_VEC q6_K m=98304 n=1 k=5120: 1 x 673.71 us = 673.71 us (1494.02 GFLOPS/s)
MUL_MAT_VEC q8_0 m=5120 n=1 k=10240: 1 x 101.96 us = 101.96 us (1028.37 GFLOPS/s)
PAD: 1 x 6.6 us = 6.6 us
RMS_NORM_MUL RMS_NORM(256,24,1,1): 1 x 5.68 us = 5.68 us
RMS_NORM_MUL RMS_NORM(256,4,1,1): 1 x 3.84 us = 3.84 us
RMS_NORM_MUL RMS_NORM(5120,1,1,1): 5 x 3.832 us = 19.16 us
ROPE: 2 x 3.78 us = 7.56 us
SET_ROWS: 2 x 3.02 us = 6.04 us
SIGMOID_MUL SIGMOID: 1 x 1.68 us = 1.68 us
TOP_K K=10 (98304,1,1,1): 1 x 9.16 us = 9.16 us
Total time: 1408.55 us.
----------------
Vulkan Timings:
CONCAT: 1 x 1.68 us = 1.68 us
CONT: 1 x 3.72 us = 3.72 us
FLASH_ATTN_EXT dst(256,24,1,1),  q(256,1,24,1),  k(256,256,4,1),  v(256,256,4,1),  m(256,1,1,1): 1 x 14.08 us = 14.08 us (446.836 GFLOPS/s)
GET_ROWS: 3 x 5 us = 15 us
GLU: 1 x 1.76 us = 1.76 us
MUL_MAT f32 m=256 n=24 k=256: 1 x 1.64 us = 1.64 us (1914.38 GFLOPS/s)
MUL_MAT f32 m=64 n=16 k=64: 1 x 3.76 us = 3.76 us (34.5872 GFLOPS/s)
MUL_MAT f32 m=64 n=96 k=64: 1 x 3.72 us = 3.72 us (209.755 GFLOPS/s)
MUL_MAT_ADD MUL_MAT_VEC q6_K m=5120 n=1 k=17408: 1 x 123.12 us = 123.12 us (1447.8 GFLOPS/s)
MUL_MAT_ADD MUL_MAT_VEC q6_K m=5120 n=1 k=6144: 1 x 54.08 us = 54.08 us (1163.27 GFLOPS/s)
MUL_MAT_VEC f32 m=256 n=4 k=256: 1 x 3.12 us = 3.12 us (167.713 GFLOPS/s)
MUL_MAT_VEC q6_K m=1024 n=1 k=5120: 2 x 8.78 us = 17.56 us (1194.16 GFLOPS/s)
MUL_MAT_VEC q6_K m=12288 n=1 k=5120: 1 x 85.6 us = 85.6 us (1469.82 GFLOPS/s)
MUL_MAT_VEC q6_K m=17408 n=1 k=5120: 2 x 121.26 us = 242.52 us (1469.9 GFLOPS/s)
MUL_MAT_VEC q6_K m=98304 n=1 k=5120: 1 x 674.18 us = 674.18 us (1492.98 GFLOPS/s)
MUL_MAT_VEC q8_0 m=5120 n=1 k=10240: 1 x 100.76 us = 100.76 us (1040.62 GFLOPS/s)
PAD: 1 x 6.36 us = 6.36 us
RMS_NORM_MUL RMS_NORM(256,24,1,1): 1 x 5.64 us = 5.64 us
RMS_NORM_MUL RMS_NORM(256,4,1,1): 1 x 3.8 us = 3.8 us
RMS_NORM_MUL RMS_NORM(5120,1,1,1): 5 x 3.776 us = 18.88 us
ROPE: 2 x 3.72 us = 7.44 us
SET_ROWS: 2 x 2.96 us = 5.92 us
SIGMOID_MUL SIGMOID: 1 x 1.68 us = 1.68 us
TOP_K K=10 (98304,1,1,1): 1 x 9.08 us = 9.08 us
Total time: 1405.1 us.
----------------
Vulkan Timings:
CONCAT: 1 x 1.64 us = 1.64 us
CONT: 1 x 3.76 us = 3.76 us
FLASH_ATTN_EXT dst(256,24,1,1),  q(256,1,24,1),  k(256,256,4,1),  v(256,256,4,1),  m(256,1,1,1): 1 x 13.76 us = 13.76 us (457.228 GFLOPS/s)
GET_ROWS: 3 x 5 us = 15 us
GLU: 1 x 1.72 us = 1.72 us
MUL_MAT f32 m=256 n=24 k=256: 1 x 1.6 us = 1.6 us (1962.24 GFLOPS/s)
MUL_MAT f32 m=64 n=16 k=64: 1 x 3.76 us = 3.76 us (34.5872 GFLOPS/s)
MUL_MAT f32 m=64 n=96 k=64: 1 x 3.76 us = 3.76 us (207.523 GFLOPS/s)
MUL_MAT_ADD MUL_MAT_VEC q6_K m=5120 n=1 k=17408: 1 x 123.92 us = 123.92 us (1438.45 GFLOPS/s)
MUL_MAT_ADD MUL_MAT_VEC q6_K m=5120 n=1 k=6144: 1 x 53.84 us = 53.84 us (1168.45 GFLOPS/s)
MUL_MAT_VEC f32 m=256 n=4 k=256: 1 x 3.16 us = 3.16 us (165.59 GFLOPS/s)
MUL_MAT_VEC q6_K m=1024 n=1 k=5120: 2 x 8.78 us = 17.56 us (1194.16 GFLOPS/s)
MUL_MAT_VEC q6_K m=12288 n=1 k=5120: 1 x 85.92 us = 85.92 us (1464.35 GFLOPS/s)
MUL_MAT_VEC q6_K m=17408 n=1 k=5120: 2 x 121.22 us = 242.44 us (1470.39 GFLOPS/s)
MUL_MAT_VEC q6_K m=98304 n=1 k=5120: 1 x 673.1 us = 673.1 us (1495.37 GFLOPS/s)
MUL_MAT_VEC q8_0 m=5120 n=1 k=10240: 1 x 101.68 us = 101.68 us (1031.2 GFLOPS/s)
PAD: 1 x 6.48 us = 6.48 us
RMS_NORM_MUL RMS_NORM(256,24,1,1): 1 x 5.6 us = 5.6 us
RMS_NORM_MUL RMS_NORM(256,4,1,1): 1 x 3.72 us = 3.72 us
RMS_NORM_MUL RMS_NORM(5120,1,1,1): 5 x 3.728 us = 18.64 us
ROPE: 2 x 3.7 us = 7.4 us
SET_ROWS: 2 x 2.96 us = 5.92 us
SIGMOID_MUL SIGMOID: 1 x 1.72 us = 1.72 us
TOP_K K=10 (98304,1,1,1): 1 x 9.08 us = 9.08 us
Total time: 1405.18 us.
----------------
Vulkan Timings:
ADD: 48 x 3.965 us = 190.32 us
CONT: 16 x 3.865 us = 61.84 us
FLASH_ATTN_EXT dst(256,24,5,1),  q(256,5,24,1),  k(256,256,4,1),  v(256,256,4,1),  m(256,5,1,1): 16 x 23.705 us = 379.28 us (1327.03 GFLOPS/s)
GDN_CACHE GATED_DELTA_NET: 48 x 13.818 us = 663.28 us
GDN_CONV_STATE CONCAT: 48 x 2.949 us = 141.56 us
GET_ROWS: 3 x 11.666 us = 35 us
GLU: 64 x 2.096 us = 134.2 us
MUL_MAT f32 m=256 n=120 k=256: 16 x 1.702 us = 27.24 us (9220.51 GFLOPS/s)
MUL_MAT f32 m=256 n=20 k=256: 16 x 3.277 us = 52.44 us (798.267 GFLOPS/s)
MUL_MAT f32 m=64 n=480 k=64: 16 x 3.837 us = 61.4 us (1016.66 GFLOPS/s)
MUL_MAT f32 m=64 n=80 k=64: 16 x 3.827 us = 61.24 us (169.886 GFLOPS/s)
MUL_MAT_ADD MUL_MAT_VEC q6_K m=5120 n=5 k=17408: 64 x 130.074 us = 8324.76 us (6851.96 GFLOPS/s)
MUL_MAT_ADD MUL_MAT_VEC q6_K m=5120 n=5 k=6144: 16 x 55.397 us = 886.36 us (5678 GFLOPS/s)
MUL_MAT_GROUP MUL_MAT_VEC q6_K m=10240 n=5 k=5120: 47 x 118.285 us = 5559.44 us (4431.94 GFLOPS/s)
MUL_MAT_GROUP MUL_MAT_VEC q6_K m=12288 n=5 k=5120: 16 x 104.365 us = 1669.84 us (6027.73 GFLOPS/s)
MUL_MAT_GROUP MUL_MAT_VEC q6_K m=17408 n=5 k=5120: 64 x 266.771 us = 17073.4 us (3340.69 GFLOPS/s)
MUL_MAT_VEC f32 m=48 n=5 k=5120: 96 x 6.864 us = 658.96 us (357.998 GFLOPS/s)
MUL_MAT_VEC q6_K m=10240 n=5 k=5120: 1 x 79.76 us = 79.76 us (6572.68 GFLOPS/s)
MUL_MAT_VEC q6_K m=248320 n=5 k=5120: 1 x 1685.88 us = 1685.88 us (7540.72 GFLOPS/s)
MUL_MAT_VEC q6_K m=6144 n=5 k=5120: 1 x 51.12 us = 51.12 us (6153.01 GFLOPS/s)
MUL_MAT_VEC q8_0 m=5120 n=5 k=6144: 48 x 60.855 us = 2921.08 us (5168.73 GFLOPS/s)
RMS_NORM_MUL RMS_NORM(256,24,5,1): 16 x 3.957 us = 63.32 us
RMS_NORM_MUL RMS_NORM(256,4,5,1): 16 x 3.76 us = 60.16 us
RMS_NORM_MUL RMS_NORM(5120,5,1,1): 129 x 4.406 us = 568.48 us
RMS_NORM_MUL_SILU_MUL RMS_NORM(128,48,5,1): 48 x 6.114 us = 293.48 us
RMS_NORM_SCALE RMS_NORM(128,16,5,1): 96 x 2.478 us = 237.92 us
ROPE: 32 x 3.812 us = 122 us
SET_ROWS: 32 x 2.893 us = 92.6 us
SIGMOID_MUL SIGMOID: 16 x 3.862 us = 61.8 us
SSM_CONV_SILU SSM_CONV: 48 x 4.936 us = 236.96 us
Total time: 42455.1 us.
----------------
Vulkan Timings:
CONCAT: 1 x 3.88 us = 3.88 us
CONT: 1 x 3.84 us = 3.84 us
FLASH_ATTN_EXT dst(256,24,5,1),  q(256,5,24,1),  k(256,256,4,1),  v(256,256,4,1),  m(256,5,1,1): 1 x 23.44 us = 23.44 us (1342.03 GFLOPS/s)
GET_ROWS: 1 x 7.12 us = 7.12 us
GLU: 1 x 1.96 us = 1.96 us
MUL_MAT f32 m=256 n=120 k=256: 1 x 1.68 us = 1.68 us (9344 GFLOPS/s)
MUL_MAT f32 m=256 n=20 k=256: 1 x 3.28 us = 3.28 us (797.659 GFLOPS/s)
MUL_MAT f32 m=64 n=480 k=64: 1 x 3.88 us = 3.88 us (1005.53 GFLOPS/s)
MUL_MAT f32 m=64 n=80 k=64: 1 x 3.84 us = 3.84 us (169.333 GFLOPS/s)
MUL_MAT_ADD MUL_MAT_VEC q6_K m=5120 n=5 k=17408: 1 x 154.56 us = 154.56 us (5766.46 GFLOPS/s)
MUL_MAT_ADD MUL_MAT_VEC q6_K m=5120 n=5 k=6144: 1 x 56 us = 56 us (5616.91 GFLOPS/s)
MUL_MAT_GROUP MUL_MAT_VEC q6_K m=12288 n=5 k=5120: 1 x 127.56 us = 127.56 us (4931.67 GFLOPS/s)
MUL_MAT_GROUP MUL_MAT_VEC q6_K m=17408 n=5 k=5120: 1 x 255.6 us = 255.6 us (3486.71 GFLOPS/s)
MUL_MAT_VEC q8_0 m=5120 n=5 k=10240: 1 x 106.4 us = 106.4 us (4927.28 GFLOPS/s)
RMS_NORM_MUL RMS_NORM(256,24,5,1): 1 x 3.76 us = 3.76 us
RMS_NORM_MUL RMS_NORM(256,4,5,1): 1 x 3.84 us = 3.84 us
RMS_NORM_MUL RMS_NORM(5120,5,1,1): 5 x 8.946 us = 44.73 us
ROPE: 2 x 3.9 us = 7.8 us
SET_ROWS: 2 x 3 us = 6 us
SIGMOID_MUL SIGMOID: 1 x 3.88 us = 3.88 us
Total time: 823.05 us.
----------------
Vulkan Timings:
CONCAT: 1 x 1.64 us = 1.64 us
CONT: 1 x 3.48 us = 3.48 us
FLASH_ATTN_EXT dst(256,24,1,1),  q(256,1,24,1),  k(256,256,4,1),  v(256,256,4,1),  m(256,1,1,1): 1 x 13.64 us = 13.64 us (461.25 GFLOPS/s)
GET_ROWS: 3 x 4.8 us = 14.4 us
GLU: 1 x 1.64 us = 1.64 us
MUL_MAT f32 m=256 n=24 k=256: 1 x 1.56 us = 1.56 us (2012.55 GFLOPS/s)
MUL_MAT f32 m=64 n=16 k=64: 1 x 1.84 us = 1.84 us (70.6783 GFLOPS/s)
MUL_MAT f32 m=64 n=96 k=64: 1 x 3.2 us = 3.2 us (243.84 GFLOPS/s)
MUL_MAT_ADD MUL_MAT_VEC q6_K m=5120 n=1 k=17408: 1 x 124.12 us = 124.12 us (1436.13 GFLOPS/s)
MUL_MAT_ADD MUL_MAT_VEC q6_K m=5120 n=1 k=6144: 1 x 47.72 us = 47.72 us (1318.3 GFLOPS/s)
MUL_MAT_VEC f32 m=256 n=4 k=256: 1 x 3.04 us = 3.04 us (172.126 GFLOPS/s)
MUL_MAT_VEC q6_K m=1024 n=1 k=5120: 2 x 8.72 us = 17.44 us (1202.38 GFLOPS/s)
MUL_MAT_VEC q6_K m=12288 n=1 k=5120: 1 x 89.72 us = 89.72 us (1402.33 GFLOPS/s)
MUL_MAT_VEC q6_K m=17408 n=1 k=5120: 2 x 121.46 us = 242.92 us (1467.48 GFLOPS/s)
MUL_MAT_VEC q6_K m=98304 n=1 k=5120: 1 x 673.2 us = 673.2 us (1495.15 GFLOPS/s)
MUL_MAT_VEC q8_0 m=5120 n=1 k=10240: 1 x 98 us = 98 us (1069.92 GFLOPS/s)
PAD: 1 x 6.36 us = 6.36 us
RMS_NORM_MUL RMS_NORM(256,24,1,1): 1 x 5.4 us = 5.4 us
RMS_NORM_MUL RMS_NORM(256,4,1,1): 1 x 4.92 us = 4.92 us
RMS_NORM_MUL RMS_NORM(5120,1,1,1): 5 x 4.408 us = 22.04 us
ROPE: 2 x 3.32 us = 6.64 us
SET_ROWS: 2 x 2.8 us = 5.6 us
SIGMOID_MUL SIGMOID: 1 x 1.6 us = 1.6 us
TOP_K K=10 (98304,1,1,1): 1 x 8.6 us = 8.6 us
Total time: 1398.72 us.
----------------
Vulkan Timings:
CONCAT: 1 x 1.72 us = 1.72 us
CONT: 1 x 3.6 us = 3.6 us
FLASH_ATTN_EXT dst(256,24,1,1),  q(256,1,24,1),  k(256,256,4,1),  v(256,256,4,1),  m(256,1,1,1): 1 x 13.88 us = 13.88 us (453.275 GFLOPS/s)
GET_ROWS: 3 x 4.84 us = 14.52 us
GLU: 1 x 1.8 us = 1.8 us
MUL_MAT f32 m=256 n=24 k=256: 1 x 1.68 us = 1.68 us (1868.8 GFLOPS/s)
MUL_MAT f32 m=64 n=16 k=64: 1 x 3.6 us = 3.6 us (36.1244 GFLOPS/s)
MUL_MAT f32 m=64 n=96 k=64: 1 x 3.56 us = 3.56 us (219.182 GFLOPS/s)
MUL_MAT_ADD MUL_MAT_VEC q6_K m=5120 n=1 k=17408: 1 x 122.36 us = 122.36 us (1456.79 GFLOPS/s)
MUL_MAT_ADD MUL_MAT_VEC q6_K m=5120 n=1 k=6144: 1 x 52.72 us = 52.72 us (1193.27 GFLOPS/s)
MUL_MAT_VEC f32 m=256 n=4 k=256: 1 x 3 us = 3 us (174.421 GFLOPS/s)
MUL_MAT_VEC q6_K m=1024 n=1 k=5120: 2 x 6.88 us = 13.76 us (1523.94 GFLOPS/s)
MUL_MAT_VEC q6_K m=12288 n=1 k=5120: 1 x 92.8 us = 92.8 us (1355.78 GFLOPS/s)
MUL_MAT_VEC q6_K m=17408 n=1 k=5120: 2 x 121.24 us = 242.48 us (1470.15 GFLOPS/s)
MUL_MAT_VEC q6_K m=98304 n=1 k=5120: 1 x 671.37 us = 671.37 us (1499.22 GFLOPS/s)
MUL_MAT_VEC q8_0 m=5120 n=1 k=10240: 1 x 101.48 us = 101.48 us (1033.23 GFLOPS/s)
PAD: 1 x 6.4 us = 6.4 us
RMS_NORM_MUL RMS_NORM(256,24,1,1): 1 x 3.64 us = 3.64 us
RMS_NORM_MUL RMS_NORM(256,4,1,1): 1 x 3.6 us = 3.6 us
RMS_NORM_MUL RMS_NORM(5120,1,1,1): 5 x 3.832 us = 19.16 us
ROPE: 2 x 3.58 us = 7.16 us
SET_ROWS: 2 x 2.88 us = 5.76 us
SIGMOID_MUL SIGMOID: 1 x 1.64 us = 1.64 us
TOP_K K=10 (98304,1,1,1): 1 x 9.16 us = 9.16 us
Total time: 1400.85 us.
----------------
Vulkan Timings:
CONCAT: 1 x 1.64 us = 1.64 us
CONT: 1 x 3.64 us = 3.64 us
FLASH_ATTN_EXT dst(256,24,1,1),  q(256,1,24,1),  k(256,256,4,1),  v(256,256,4,1),  m(256,1,1,1): 1 x 13.88 us = 13.88 us (453.275 GFLOPS/s)
GET_ROWS: 3 x 4.853 us = 14.56 us
GLU: 1 x 1.8 us = 1.8 us
MUL_MAT f32 m=256 n=24 k=256: 1 x 1.64 us = 1.64 us (1914.38 GFLOPS/s)
MUL_MAT f32 m=64 n=16 k=64: 1 x 3.6 us = 3.6 us (36.1244 GFLOPS/s)
MUL_MAT f32 m=64 n=96 k=64: 1 x 3.6 us = 3.6 us (216.747 GFLOPS/s)
MUL_MAT_ADD MUL_MAT_VEC q6_K m=5120 n=1 k=17408: 1 x 123.64 us = 123.64 us (1441.71 GFLOPS/s)
MUL_MAT_ADD MUL_MAT_VEC q6_K m=5120 n=1 k=6144: 1 x 52.92 us = 52.92 us (1188.76 GFLOPS/s)
MUL_MAT_VEC f32 m=256 n=4 k=256: 1 x 3 us = 3 us (174.421 GFLOPS/s)
MUL_MAT_VEC q6_K m=1024 n=1 k=5120: 2 x 6.84 us = 13.68 us (1532.86 GFLOPS/s)
MUL_MAT_VEC q6_K m=12288 n=1 k=5120: 1 x 92.8 us = 92.8 us (1355.78 GFLOPS/s)
MUL_MAT_VEC q6_K m=17408 n=1 k=5120: 2 x 121.22 us = 242.44 us (1470.39 GFLOPS/s)
MUL_MAT_VEC q6_K m=98304 n=1 k=5120: 1 x 672.41 us = 672.41 us (1496.91 GFLOPS/s)
MUL_MAT_VEC q8_0 m=5120 n=1 k=10240: 1 x 100.8 us = 100.8 us (1040.2 GFLOPS/s)
PAD: 1 x 6.36 us = 6.36 us
RMS_NORM_MUL RMS_NORM(256,24,1,1): 1 x 3.64 us = 3.64 us
RMS_NORM_MUL RMS_NORM(256,4,1,1): 1 x 3.6 us = 3.6 us
RMS_NORM_MUL RMS_NORM(5120,1,1,1): 5 x 3.752 us = 18.76 us
ROPE: 2 x 3.58 us = 7.16 us
SET_ROWS: 2 x 2.88 us = 5.76 us
SIGMOID_MUL SIGMOID: 1 x 1.68 us = 1.68 us
TOP_K K=10 (98304,1,1,1): 1 x 8.92 us = 8.92 us
Total time: 1401.93 us.
----------------
Vulkan Timings:
CONCAT: 1 x 1.68 us = 1.68 us
CONT: 1 x 3.6 us = 3.6 us
FLASH_ATTN_EXT dst(256,24,1,1),  q(256,1,24,1),  k(256,256,4,1),  v(256,256,4,1),  m(256,1,1,1): 1 x 13.76 us = 13.76 us (457.228 GFLOPS/s)
GET_ROWS: 3 x 4.813 us = 14.44 us
GLU: 1 x 1.88 us = 1.88 us
MUL_MAT f32 m=256 n=24 k=256: 1 x 1.68 us = 1.68 us (1868.8 GFLOPS/s)
MUL_MAT f32 m=64 n=16 k=64: 1 x 3.56 us = 3.56 us (36.5303 GFLOPS/s)
MUL_MAT f32 m=64 n=96 k=64: 1 x 3.64 us = 3.64 us (214.365 GFLOPS/s)
MUL_MAT_ADD MUL_MAT_VEC q6_K m=5120 n=1 k=17408: 1 x 124.08 us = 124.08 us (1436.6 GFLOPS/s)
MUL_MAT_ADD MUL_MAT_VEC q6_K m=5120 n=1 k=6144: 1 x 53.72 us = 53.72 us (1171.06 GFLOPS/s)
MUL_MAT_VEC f32 m=256 n=4 k=256: 1 x 3.04 us = 3.04 us (172.126 GFLOPS/s)
MUL_MAT_VEC q6_K m=1024 n=1 k=5120: 2 x 6.84 us = 13.68 us (1532.86 GFLOPS/s)
MUL_MAT_VEC q6_K m=12288 n=1 k=5120: 1 x 93.04 us = 93.04 us (1352.29 GFLOPS/s)
MUL_MAT_VEC q6_K m=17408 n=1 k=5120: 2 x 121.08 us = 242.16 us (1472.09 GFLOPS/s)
MUL_MAT_VEC q6_K m=98304 n=1 k=5120: 1 x 672.05 us = 672.05 us (1497.71 GFLOPS/s)
MUL_MAT_VEC q8_0 m=5120 n=1 k=10240: 1 x 100.76 us = 100.76 us (1040.62 GFLOPS/s)
PAD: 1 x 6.4 us = 6.4 us
RMS_NORM_MUL RMS_NORM(256,24,1,1): 1 x 3.6 us = 3.6 us
RMS_NORM_MUL RMS_NORM(256,4,1,1): 1 x 3.56 us = 3.56 us
RMS_NORM_MUL RMS_NORM(5120,1,1,1): 5 x 3.72 us = 18.6 us
ROPE: 2 x 3.56 us = 7.12 us
SET_ROWS: 2 x 2.9 us = 5.8 us
SIGMOID_MUL SIGMOID: 1 x 1.92 us = 1.92 us
TOP_K K=10 (98304,1,1,1): 1 x 8.88 us = 8.88 us
Total time: 1402.65 us.
----------------
Vulkan Timings:
ADD: 48 x 3.786 us = 181.76 us
CONT: 16 x 3.677 us = 58.84 us
FLASH_ATTN_EXT dst(256,24,5,1),  q(256,5,24,1),  k(256,256,4,1),  v(256,256,4,1),  m(256,5,1,1): 16 x 23.332 us = 373.32 us (1348.22 GFLOPS/s)
GDN_CACHE GATED_DELTA_NET: 48 x 14.69 us = 705.16 us
GDN_CONV_STATE CONCAT: 48 x 3.094 us = 148.52 us
GET_ROWS: 3 x 11.546 us = 34.64 us
GLU: 64 x 2.322 us = 148.64 us
MUL_MAT f32 m=256 n=120 k=256: 16 x 1.702 us = 27.24 us (9220.51 GFLOPS/s)
MUL_MAT f32 m=256 n=20 k=256: 16 x 3.102 us = 49.64 us (843.294 GFLOPS/s)
MUL_MAT f32 m=64 n=480 k=64: 16 x 3.677 us = 58.84 us (1060.89 GFLOPS/s)
MUL_MAT f32 m=64 n=80 k=64: 16 x 3.647 us = 58.36 us (178.27 GFLOPS/s)
MUL_MAT_ADD MUL_MAT_VEC q6_K m=5120 n=5 k=17408: 64 x 129.663 us = 8298.44 us (6873.69 GFLOPS/s)
MUL_MAT_ADD MUL_MAT_VEC q6_K m=5120 n=5 k=6144: 16 x 55.465 us = 887.44 us (5671.09 GFLOPS/s)
MUL_MAT_GROUP MUL_MAT_VEC q6_K m=10240 n=5 k=5120: 47 x 118.167 us = 5553.88 us (4436.38 GFLOPS/s)
MUL_MAT_GROUP MUL_MAT_VEC q6_K m=12288 n=5 k=5120: 16 x 104.337 us = 1669.4 us (6029.32 GFLOPS/s)
MUL_MAT_GROUP MUL_MAT_VEC q6_K m=17408 n=5 k=5120: 64 x 266.84 us = 17077.8 us (3339.84 GFLOPS/s)
MUL_MAT_VEC f32 m=48 n=5 k=5120: 96 x 6.319 us = 606.64 us (388.874 GFLOPS/s)
MUL_MAT_VEC q6_K m=10240 n=5 k=5120: 1 x 79.96 us = 79.96 us (6556.24 GFLOPS/s)
MUL_MAT_VEC q6_K m=248320 n=5 k=5120: 1 x 1687.04 us = 1687.04 us (7535.53 GFLOPS/s)
MUL_MAT_VEC q6_K m=6144 n=5 k=5120: 1 x 50.48 us = 50.48 us (6231.02 GFLOPS/s)
MUL_MAT_VEC q8_0 m=5120 n=5 k=6144: 48 x 60.6 us = 2908.8 us (5190.55 GFLOPS/s)
RMS_NORM_MUL RMS_NORM(256,24,5,1): 16 x 3.767 us = 60.28 us
RMS_NORM_MUL RMS_NORM(256,4,5,1): 16 x 3.572 us = 57.16 us
RMS_NORM_MUL RMS_NORM(5120,5,1,1): 129 x 4.295 us = 554.08 us
RMS_NORM_MUL_SILU_MUL RMS_NORM(128,48,5,1): 48 x 5.805 us = 278.68 us
RMS_NORM_SCALE RMS_NORM(128,16,5,1): 96 x 2.458 us = 236 us
ROPE: 32 x 3.628 us = 116.12 us
SET_ROWS: 32 x 2.872 us = 91.92 us
SIGMOID_MUL SIGMOID: 16 x 3.687 us = 59 us
SSM_CONV_SILU SSM_CONV: 48 x 4.764 us = 228.68 us
Total time: 42346.7 us.
----------------
Vulkan Timings:
CONCAT: 1 x 4.08 us = 4.08 us
CONT: 1 x 3.68 us = 3.68 us
FLASH_ATTN_EXT dst(256,24,5,1),  q(256,5,24,1),  k(256,256,4,1),  v(256,256,4,1),  m(256,5,1,1): 1 x 23.68 us = 23.68 us (1328.43 GFLOPS/s)
GET_ROWS: 1 x 6.76 us = 6.76 us
GLU: 1 x 1.72 us = 1.72 us
MUL_MAT f32 m=256 n=120 k=256: 1 x 1.68 us = 1.68 us (9344 GFLOPS/s)
MUL_MAT f32 m=256 n=20 k=256: 1 x 3.12 us = 3.12 us (838.564 GFLOPS/s)
MUL_MAT f32 m=64 n=480 k=64: 1 x 3.72 us = 3.72 us (1048.77 GFLOPS/s)
MUL_MAT f32 m=64 n=80 k=64: 1 x 3.72 us = 3.72 us (174.796 GFLOPS/s)
MUL_MAT_ADD MUL_MAT_VEC q6_K m=5120 n=5 k=17408: 1 x 155.66 us = 155.66 us (5725.71 GFLOPS/s)
MUL_MAT_ADD MUL_MAT_VEC q6_K m=5120 n=5 k=6144: 1 x 56.24 us = 56.24 us (5592.94 GFLOPS/s)
MUL_MAT_GROUP MUL_MAT_VEC q6_K m=12288 n=5 k=5120: 1 x 130.95 us = 130.95 us (4804 GFLOPS/s)
MUL_MAT_GROUP MUL_MAT_VEC q6_K m=17408 n=5 k=5120: 1 x 255.44 us = 255.44 us (3488.89 GFLOPS/s)
MUL_MAT_VEC q8_0 m=5120 n=5 k=10240: 1 x 104.76 us = 104.76 us (5004.41 GFLOPS/s)
RMS_NORM_MUL RMS_NORM(256,24,5,1): 1 x 3.6 us = 3.6 us
RMS_NORM_MUL RMS_NORM(256,4,5,1): 1 x 3.64 us = 3.64 us
RMS_NORM_MUL RMS_NORM(5120,5,1,1): 5 x 9.044 us = 45.22 us
ROPE: 2 x 3.68 us = 7.36 us
SET_ROWS: 2 x 2.92 us = 5.84 us
SIGMOID_MUL SIGMOID: 1 x 3.72 us = 3.72 us
Total time: 824.59 us.
----------------
Vulkan Timings:
CONCAT: 1 x 1.68 us = 1.68 us
CONT: 1 x 3.6 us = 3.6 us
FLASH_ATTN_EXT dst(256,24,1,1),  q(256,1,24,1),  k(256,256,4,1),  v(256,256,4,1),  m(256,1,1,1): 1 x 13.76 us = 13.76 us (457.228 GFLOPS/s)
GET_ROWS: 3 x 4.96 us = 14.88 us
GLU: 1 x 1.64 us = 1.64 us
MUL_MAT f32 m=256 n=24 k=256: 1 x 1.48 us = 1.48 us (2121.34 GFLOPS/s)
MUL_MAT f32 m=64 n=16 k=64: 1 x 1.8 us = 1.8 us (72.2489 GFLOPS/s)
MUL_MAT f32 m=64 n=96 k=64: 1 x 3.36 us = 3.36 us (232.229 GFLOPS/s)
MUL_MAT_ADD MUL_MAT_VEC q6_K m=5120 n=1 k=17408: 1 x 124.36 us = 124.36 us (1433.36 GFLOPS/s)
MUL_MAT_ADD MUL_MAT_VEC q6_K m=5120 n=1 k=6144: 1 x 48.08 us = 48.08 us (1308.43 GFLOPS/s)
MUL_MAT_VEC f32 m=256 n=4 k=256: 1 x 3.16 us = 3.16 us (165.59 GFLOPS/s)
MUL_MAT_VEC q6_K m=1024 n=1 k=5120: 2 x 8.78 us = 17.56 us (1194.16 GFLOPS/s)
MUL_MAT_VEC q6_K m=12288 n=1 k=5120: 1 x 89.4 us = 89.4 us (1407.35 GFLOPS/s)
MUL_MAT_VEC q6_K m=17408 n=1 k=5120: 2 x 121.5 us = 243 us (1467 GFLOPS/s)
MUL_MAT_VEC q6_K m=98304 n=1 k=5120: 1 x 675.63 us = 675.63 us (1489.77 GFLOPS/s)
MUL_MAT_VEC q8_0 m=5120 n=1 k=10240: 1 x 98.48 us = 98.48 us (1064.71 GFLOPS/s)
PAD: 1 x 6.44 us = 6.44 us
RMS_NORM_MUL RMS_NORM(256,24,1,1): 1 x 5.68 us = 5.68 us
RMS_NORM_MUL RMS_NORM(256,4,1,1): 1 x 5.08 us = 5.08 us
RMS_NORM_MUL RMS_NORM(5120,1,1,1): 5 x 4.28 us = 21.4 us
ROPE: 2 x 3.46 us = 6.92 us
SET_ROWS: 2 x 2.86 us = 5.72 us
SIGMOID_MUL SIGMOID: 1 x 1.6 us = 1.6 us
TOP_K K=10 (98304,1,1,1): 1 x 9.48 us = 9.48 us
Total time: 1404.19 us.
----------------
Vulkan Timings:
CONCAT: 1 x 1.68 us = 1.68 us
CONT: 1 x 3.8 us = 3.8 us
FLASH_ATTN_EXT dst(256,24,1,1),  q(256,1,24,1),  k(256,256,4,1),  v(256,256,4,1),  m(256,1,1,1): 1 x 14 us = 14 us (449.39 GFLOPS/s)
GET_ROWS: 3 x 5.133 us = 15.4 us
GLU: 1 x 1.8 us = 1.8 us
MUL_MAT f32 m=256 n=24 k=256: 1 x 1.68 us = 1.68 us (1868.8 GFLOPS/s)
MUL_MAT f32 m=64 n=16 k=64: 1 x 3.8 us = 3.8 us (34.2232 GFLOPS/s)
MUL_MAT f32 m=64 n=96 k=64: 1 x 3.76 us = 3.76 us (207.523 GFLOPS/s)
MUL_MAT_ADD MUL_MAT_VEC q6_K m=5120 n=1 k=17408: 1 x 122.72 us = 122.72 us (1452.52 GFLOPS/s)
MUL_MAT_ADD MUL_MAT_VEC q6_K m=5120 n=1 k=6144: 1 x 53.6 us = 53.6 us (1173.68 GFLOPS/s)
MUL_MAT_VEC f32 m=256 n=4 k=256: 1 x 3.16 us = 3.16 us (165.59 GFLOPS/s)
MUL_MAT_VEC q6_K m=1024 n=1 k=5120: 2 x 9.96 us = 19.92 us (1052.68 GFLOPS/s)
MUL_MAT_VEC q6_K m=12288 n=1 k=5120: 1 x 85.76 us = 85.76 us (1467.08 GFLOPS/s)
MUL_MAT_VEC q6_K m=17408 n=1 k=5120: 2 x 121.3 us = 242.6 us (1469.42 GFLOPS/s)
MUL_MAT_VEC q6_K m=98304 n=1 k=5120: 1 x 672.34 us = 672.34 us (1497.06 GFLOPS/s)
MUL_MAT_VEC q8_0 m=5120 n=1 k=10240: 1 x 102.24 us = 102.24 us (1025.55 GFLOPS/s)
PAD: 1 x 6.52 us = 6.52 us
RMS_NORM_MUL RMS_NORM(256,24,1,1): 1 x 3.8 us = 3.8 us
RMS_NORM_MUL RMS_NORM(256,4,1,1): 1 x 3.8 us = 3.8 us
RMS_NORM_MUL RMS_NORM(5120,1,1,1): 5 x 3.784 us = 18.92 us
ROPE: 2 x 3.76 us = 7.52 us
SET_ROWS: 2 x 2.98 us = 5.96 us
SIGMOID_MUL SIGMOID: 1 x 1.64 us = 1.64 us
TOP_K K=10 (98304,1,1,1): 1 x 9.12 us = 9.12 us
Total time: 1405.54 us.
----------------
Vulkan Timings:
CONCAT: 1 x 1.64 us = 1.64 us
CONT: 1 x 3.72 us = 3.72 us
FLASH_ATTN_EXT dst(256,24,1,1),  q(256,1,24,1),  k(256,256,4,1),  v(256,256,4,1),  m(256,1,1,1): 1 x 13.84 us = 13.84 us (454.585 GFLOPS/s)
GET_ROWS: 3 x 4.946 us = 14.84 us
GLU: 1 x 1.92 us = 1.92 us
MUL_MAT f32 m=256 n=24 k=256: 1 x 1.76 us = 1.76 us (1783.85 GFLOPS/s)
MUL_MAT f32 m=64 n=16 k=64: 1 x 3.76 us = 3.76 us (34.5872 GFLOPS/s)
MUL_MAT f32 m=64 n=96 k=64: 1 x 3.76 us = 3.76 us (207.523 GFLOPS/s)
MUL_MAT_ADD MUL_MAT_VEC q6_K m=5120 n=1 k=17408: 1 x 123.68 us = 123.68 us (1441.24 GFLOPS/s)
MUL_MAT_ADD MUL_MAT_VEC q6_K m=5120 n=1 k=6144: 1 x 53.8 us = 53.8 us (1169.32 GFLOPS/s)
MUL_MAT_VEC f32 m=256 n=4 k=256: 1 x 3.12 us = 3.12 us (167.713 GFLOPS/s)
MUL_MAT_VEC q6_K m=1024 n=1 k=5120: 2 x 8.78 us = 17.56 us (1194.16 GFLOPS/s)
MUL_MAT_VEC q6_K m=12288 n=1 k=5120: 1 x 85.36 us = 85.36 us (1473.96 GFLOPS/s)
MUL_MAT_VEC q6_K m=17408 n=1 k=5120: 2 x 121 us = 242 us (1473.06 GFLOPS/s)
MUL_MAT_VEC q6_K m=98304 n=1 k=5120: 1 x 674.83 us = 674.83 us (1491.54 GFLOPS/s)
MUL_MAT_VEC q8_0 m=5120 n=1 k=10240: 1 x 101.28 us = 101.28 us (1035.27 GFLOPS/s)
PAD: 1 x 6.56 us = 6.56 us
RMS_NORM_MUL RMS_NORM(256,24,1,1): 1 x 5.64 us = 5.64 us
RMS_NORM_MUL RMS_NORM(256,4,1,1): 1 x 3.76 us = 3.76 us
RMS_NORM_MUL RMS_NORM(5120,1,1,1): 5 x 3.752 us = 18.76 us
ROPE: 2 x 3.72 us = 7.44 us
SET_ROWS: 2 x 3 us = 6 us
SIGMOID_MUL SIGMOID: 1 x 1.64 us = 1.64 us
TOP_K K=10 (98304,1,1,1): 1 x 9.16 us = 9.16 us
Total time: 1405.83 us.
----------------
Vulkan Timings:
CONCAT: 1 x 1.64 us = 1.64 us
CONT: 1 x 3.76 us = 3.76 us
FLASH_ATTN_EXT dst(256,24,1,1),  q(256,1,24,1),  k(256,256,4,1),  v(256,256,4,1),  m(256,1,1,1): 1 x 14 us = 14 us (449.39 GFLOPS/s)
GET_ROWS: 3 x 4.92 us = 14.76 us
GLU: 1 x 1.76 us = 1.76 us
MUL_MAT f32 m=256 n=24 k=256: 1 x 1.6 us = 1.6 us (1962.24 GFLOPS/s)
MUL_MAT f32 m=64 n=16 k=64: 1 x 3.76 us = 3.76 us (34.5872 GFLOPS/s)
MUL_MAT f32 m=64 n=96 k=64: 1 x 3.76 us = 3.76 us (207.523 GFLOPS/s)
MUL_MAT_ADD MUL_MAT_VEC q6_K m=5120 n=1 k=17408: 1 x 123.6 us = 123.6 us (1442.17 GFLOPS/s)
MUL_MAT_ADD MUL_MAT_VEC q6_K m=5120 n=1 k=6144: 1 x 54.08 us = 54.08 us (1163.27 GFLOPS/s)
MUL_MAT_VEC f32 m=256 n=4 k=256: 1 x 3.12 us = 3.12 us (167.713 GFLOPS/s)
MUL_MAT_VEC q6_K m=1024 n=1 k=5120: 2 x 8.88 us = 17.76 us (1180.71 GFLOPS/s)
MUL_MAT_VEC q6_K m=12288 n=1 k=5120: 1 x 85.84 us = 85.84 us (1465.71 GFLOPS/s)
MUL_MAT_VEC q6_K m=17408 n=1 k=5120: 2 x 120.9 us = 241.8 us (1474.28 GFLOPS/s)
MUL_MAT_VEC q6_K m=98304 n=1 k=5120: 1 x 673.5 us = 673.5 us (1494.48 GFLOPS/s)
MUL_MAT_VEC q8_0 m=5120 n=1 k=10240: 1 x 101 us = 101 us (1038.14 GFLOPS/s)
PAD: 1 x 6.44 us = 6.44 us
RMS_NORM_MUL RMS_NORM(256,24,1,1): 1 x 5.6 us = 5.6 us
RMS_NORM_MUL RMS_NORM(256,4,1,1): 1 x 3.72 us = 3.72 us
RMS_NORM_MUL RMS_NORM(5120,1,1,1): 5 x 3.744 us = 18.72 us
ROPE: 2 x 3.72 us = 7.44 us
SET_ROWS: 2 x 2.94 us = 5.88 us
SIGMOID_MUL SIGMOID: 1 x 1.68 us = 1.68 us
TOP_K K=10 (98304,1,1,1): 1 x 9.04 us = 9.04 us
Total time: 1404.26 us.
----------------
Vulkan Timings:
ADD: 48 x 4.077 us = 195.72 us
CONT: 16 x 3.967 us = 63.48 us
FLASH_ATTN_EXT dst(256,24,5,1),  q(256,5,24,1),  k(256,256,4,1),  v(256,256,4,1),  m(256,5,1,1): 16 x 23.902 us = 382.44 us (1316.07 GFLOPS/s)
GDN_CACHE GATED_DELTA_NET: 48 x 13.813 us = 663.04 us
GDN_CONV_STATE CONCAT: 48 x 3.056 us = 146.72 us
GET_ROWS: 3 x 11.92 us = 35.76 us
GLU: 64 x 2.269 us = 145.24 us
MUL_MAT f32 m=256 n=120 k=256: 16 x 1.807 us = 28.92 us (8684.88 GFLOPS/s)
MUL_MAT f32 m=256 n=20 k=256: 16 x 3.047 us = 48.76 us (858.514 GFLOPS/s)
MUL_MAT f32 m=64 n=480 k=64: 16 x 3.962 us = 63.4 us (984.591 GFLOPS/s)
MUL_MAT f32 m=64 n=80 k=64: 16 x 3.947 us = 63.16 us (164.722 GFLOPS/s)
MUL_MAT_ADD MUL_MAT_VEC q6_K m=5120 n=5 k=17408: 64 x 130.474 us = 8350.36 us (6830.95 GFLOPS/s)
MUL_MAT_ADD MUL_MAT_VEC q6_K m=5120 n=5 k=6144: 16 x 55.842 us = 893.48 us (5632.76 GFLOPS/s)
MUL_MAT_GROUP MUL_MAT_VEC q6_K m=10240 n=5 k=5120: 47 x 118.583 us = 5573.44 us (4420.81 GFLOPS/s)
MUL_MAT_GROUP MUL_MAT_VEC q6_K m=12288 n=5 k=5120: 16 x 104.877 us = 1678.04 us (5998.28 GFLOPS/s)
MUL_MAT_GROUP MUL_MAT_VEC q6_K m=17408 n=5 k=5120: 64 x 267.131 us = 17096.4 us (3336.2 GFLOPS/s)
MUL_MAT_VEC f32 m=48 n=5 k=5120: 96 x 6.994 us = 671.44 us (351.344 GFLOPS/s)
MUL_MAT_VEC q6_K m=10240 n=5 k=5120: 1 x 79.96 us = 79.96 us (6556.24 GFLOPS/s)
MUL_MAT_VEC q6_K m=248320 n=5 k=5120: 1 x 1687.2 us = 1687.2 us (7534.82 GFLOPS/s)
MUL_MAT_VEC q6_K m=6144 n=5 k=5120: 1 x 51.76 us = 51.76 us (6076.93 GFLOPS/s)
MUL_MAT_VEC q8_0 m=5120 n=5 k=6144: 48 x 61.018 us = 2928.88 us (5154.96 GFLOPS/s)
RMS_NORM_MUL RMS_NORM(256,24,5,1): 16 x 4.08 us = 65.28 us
RMS_NORM_MUL RMS_NORM(256,4,5,1): 16 x 3.862 us = 61.8 us
RMS_NORM_MUL RMS_NORM(5120,5,1,1): 129 x 4.51 us = 581.8 us
RMS_NORM_MUL_SILU_MUL RMS_NORM(128,48,5,1): 48 x 6.302 us = 302.52 us
RMS_NORM_SCALE RMS_NORM(128,16,5,1): 96 x 2.529 us = 242.8 us
ROPE: 32 x 3.932 us = 125.84 us
SET_ROWS: 32 x 3.188 us = 102.04 us
SIGMOID_MUL SIGMOID: 16 x 3.99 us = 63.84 us
SSM_CONV_SILU SSM_CONV: 48 x 5.1 us = 244.8 us
Total time: 42638.3 us.
----------------
Vulkan Timings:
CONCAT: 1 x 3.84 us = 3.84 us
CONT: 1 x 4.08 us = 4.08 us
FLASH_ATTN_EXT dst(256,24,5,1),  q(256,5,24,1),  k(256,256,4,1),  v(256,256,4,1),  m(256,5,1,1): 1 x 24.96 us = 24.96 us (1260.31 GFLOPS/s)
GET_ROWS: 1 x 7.32 us = 7.32 us
GLU: 1 x 2.08 us = 2.08 us
MUL_MAT f32 m=256 n=120 k=256: 1 x 1.84 us = 1.84 us (8531.48 GFLOPS/s)
MUL_MAT f32 m=256 n=20 k=256: 1 x 3.44 us = 3.44 us (760.558 GFLOPS/s)
MUL_MAT f32 m=64 n=480 k=64: 1 x 4 us = 4 us (975.36 GFLOPS/s)
MUL_MAT f32 m=64 n=80 k=64: 1 x 4.08 us = 4.08 us (159.373 GFLOPS/s)
MUL_MAT_ADD MUL_MAT_VEC q6_K m=5120 n=5 k=17408: 1 x 156.99 us = 156.99 us (5677.2 GFLOPS/s)
MUL_MAT_ADD MUL_MAT_VEC q6_K m=5120 n=5 k=6144: 1 x 56.36 us = 56.36 us (5581.04 GFLOPS/s)
MUL_MAT_GROUP MUL_MAT_VEC q6_K m=12288 n=5 k=5120: 1 x 131.44 us = 131.44 us (4786.09 GFLOPS/s)
MUL_MAT_GROUP MUL_MAT_VEC q6_K m=17408 n=5 k=5120: 1 x 256.68 us = 256.68 us (3472.04 GFLOPS/s)
MUL_MAT_VEC q8_0 m=5120 n=5 k=10240: 1 x 106.76 us = 106.76 us (4910.66 GFLOPS/s)
RMS_NORM_MUL RMS_NORM(256,24,5,1): 1 x 3.96 us = 3.96 us
RMS_NORM_MUL RMS_NORM(256,4,5,1): 1 x 4.12 us = 4.12 us
RMS_NORM_MUL RMS_NORM(5120,5,1,1): 5 x 9.154 us = 45.77 us
ROPE: 2 x 4.1 us = 8.2 us
SET_ROWS: 2 x 3.14 us = 6.28 us
SIGMOID_MUL SIGMOID: 1 x 4.08 us = 4.08 us
Total time: 836.28 us.
----------------
Vulkan Timings:
CONCAT: 1 x 1.76 us = 1.76 us
CONT: 1 x 3.64 us = 3.64 us
FLASH_ATTN_EXT dst(256,24,1,1),  q(256,1,24,1),  k(256,256,4,1),  v(256,256,4,1),  m(256,1,1,1): 1 x 14 us = 14 us (449.39 GFLOPS/s)
GET_ROWS: 3 x 5.026 us = 15.08 us
GLU: 1 x 1.6 us = 1.6 us
MUL_MAT f32 m=256 n=24 k=256: 1 x 1.6 us = 1.6 us (1962.24 GFLOPS/s)
MUL_MAT f32 m=64 n=16 k=64: 1 x 1.88 us = 1.88 us (69.1745 GFLOPS/s)
MUL_MAT f32 m=64 n=96 k=64: 1 x 3.32 us = 3.32 us (235.027 GFLOPS/s)
MUL_MAT_ADD MUL_MAT_VEC q6_K m=5120 n=1 k=17408: 1 x 122.84 us = 122.84 us (1451.1 GFLOPS/s)
MUL_MAT_ADD MUL_MAT_VEC q6_K m=5120 n=1 k=6144: 1 x 47.8 us = 47.8 us (1316.1 GFLOPS/s)
MUL_MAT_VEC f32 m=256 n=4 k=256: 1 x 3.12 us = 3.12 us (167.713 GFLOPS/s)
MUL_MAT_VEC q6_K m=1024 n=1 k=5120: 2 x 6.56 us = 13.12 us (1598.28 GFLOPS/s)
MUL_MAT_VEC q6_K m=12288 n=1 k=5120: 1 x 98.44 us = 98.44 us (1278.11 GFLOPS/s)
MUL_MAT_VEC q6_K m=17408 n=1 k=5120: 2 x 122.1 us = 244.2 us (1459.79 GFLOPS/s)
MUL_MAT_VEC q6_K m=98304 n=1 k=5120: 1 x 674.55 us = 674.55 us (1492.16 GFLOPS/s)
MUL_MAT_VEC q8_0 m=5120 n=1 k=10240: 1 x 99.64 us = 99.64 us (1052.31 GFLOPS/s)
PAD: 1 x 6.48 us = 6.48 us
RMS_NORM_MUL RMS_NORM(256,24,1,1): 1 x 3.4 us = 3.4 us
RMS_NORM_MUL RMS_NORM(256,4,1,1): 1 x 5 us = 5 us
RMS_NORM_MUL RMS_NORM(5120,1,1,1): 5 x 4.208 us = 21.04 us
ROPE: 2 x 3.44 us = 6.88 us
SET_ROWS: 2 x 2.88 us = 5.76 us
SIGMOID_MUL SIGMOID: 1 x 1.56 us = 1.56 us
TOP_K K=10 (98304,1,1,1): 1 x 9.76 us = 9.76 us
Total time: 1406.47 us.
----------------
Vulkan Timings:
CONCAT: 1 x 1.72 us = 1.72 us
CONT: 1 x 3.68 us = 3.68 us
FLASH_ATTN_EXT dst(256,24,1,1),  q(256,1,24,1),  k(256,256,4,1),  v(256,256,4,1),  m(256,1,1,1): 1 x 14.16 us = 14.16 us (444.312 GFLOPS/s)
GET_ROWS: 3 x 4.893 us = 14.68 us
GLU: 1 x 1.88 us = 1.88 us
MUL_MAT f32 m=256 n=24 k=256: 1 x 1.72 us = 1.72 us (1825.34 GFLOPS/s)
MUL_MAT f32 m=64 n=16 k=64: 1 x 3.72 us = 3.72 us (34.9591 GFLOPS/s)
MUL_MAT f32 m=64 n=96 k=64: 1 x 3.72 us = 3.72 us (209.755 GFLOPS/s)
MUL_MAT_ADD MUL_MAT_VEC q6_K m=5120 n=1 k=17408: 1 x 122.84 us = 122.84 us (1451.1 GFLOPS/s)
MUL_MAT_ADD MUL_MAT_VEC q6_K m=5120 n=1 k=6144: 1 x 53.56 us = 53.56 us (1174.56 GFLOPS/s)
MUL_MAT_VEC f32 m=256 n=4 k=256: 1 x 3.12 us = 3.12 us (167.713 GFLOPS/s)
MUL_MAT_VEC q6_K m=1024 n=1 k=5120: 2 x 8.78 us = 17.56 us (1194.16 GFLOPS/s)
MUL_MAT_VEC q6_K m=12288 n=1 k=5120: 1 x 85.84 us = 85.84 us (1465.71 GFLOPS/s)
MUL_MAT_VEC q6_K m=17408 n=1 k=5120: 2 x 121.74 us = 243.48 us (1464.11 GFLOPS/s)
MUL_MAT_VEC q6_K m=98304 n=1 k=5120: 1 x 673.9 us = 673.9 us (1493.6 GFLOPS/s)
MUL_MAT_VEC q8_0 m=5120 n=1 k=10240: 1 x 101 us = 101 us (1038.14 GFLOPS/s)
PAD: 1 x 6.4 us = 6.4 us
RMS_NORM_MUL RMS_NORM(256,24,1,1): 1 x 5.4 us = 5.4 us
RMS_NORM_MUL RMS_NORM(256,4,1,1): 1 x 3.72 us = 3.72 us
RMS_NORM_MUL RMS_NORM(5120,1,1,1): 5 x 3.832 us = 19.16 us
ROPE: 2 x 3.66 us = 7.32 us
SET_ROWS: 2 x 2.98 us = 5.96 us
SIGMOID_MUL SIGMOID: 1 x 1.68 us = 1.68 us
TOP_K K=10 (98304,1,1,1): 1 x 8.8 us = 8.8 us
Total time: 1405.02 us.
----------------
Vulkan Timings:
CONCAT: 1 x 1.68 us = 1.68 us
CONT: 1 x 3.64 us = 3.64 us
FLASH_ATTN_EXT dst(256,24,1,1),  q(256,1,24,1),  k(256,256,4,1),  v(256,256,4,1),  m(256,1,1,1): 1 x 14 us = 14 us (449.39 GFLOPS/s)
GET_ROWS: 3 x 4.853 us = 14.56 us
GLU: 1 x 2.12 us = 2.12 us
MUL_MAT f32 m=256 n=24 k=256: 1 x 1.64 us = 1.64 us (1914.38 GFLOPS/s)
MUL_MAT f32 m=64 n=16 k=64: 1 x 3.64 us = 3.64 us (35.7275 GFLOPS/s)
MUL_MAT f32 m=64 n=96 k=64: 1 x 3.64 us = 3.64 us (214.365 GFLOPS/s)
MUL_MAT_ADD MUL_MAT_VEC q6_K m=5120 n=1 k=17408: 1 x 123.28 us = 123.28 us (1445.92 GFLOPS/s)
MUL_MAT_ADD MUL_MAT_VEC q6_K m=5120 n=1 k=6144: 1 x 53.96 us = 53.96 us (1165.85 GFLOPS/s)
MUL_MAT_VEC f32 m=256 n=4 k=256: 1 x 3.04 us = 3.04 us (172.126 GFLOPS/s)
MUL_MAT_VEC q6_K m=1024 n=1 k=5120: 2 x 6.84 us = 13.68 us (1532.86 GFLOPS/s)
MUL_MAT_VEC q6_K m=12288 n=1 k=5120: 1 x 93.24 us = 93.24 us (1349.39 GFLOPS/s)
MUL_MAT_VEC q6_K m=17408 n=1 k=5120: 2 x 121.42 us = 242.84 us (1467.97 GFLOPS/s)
MUL_MAT_VEC q6_K m=98304 n=1 k=5120: 1 x 671.65 us = 671.65 us (1498.6 GFLOPS/s)
MUL_MAT_VEC q8_0 m=5120 n=1 k=10240: 1 x 100.68 us = 100.68 us (1041.44 GFLOPS/s)
PAD: 1 x 6.36 us = 6.36 us
RMS_NORM_MUL RMS_NORM(256,24,1,1): 1 x 3.68 us = 3.68 us
RMS_NORM_MUL RMS_NORM(256,4,1,1): 1 x 3.64 us = 3.64 us
RMS_NORM_MUL RMS_NORM(5120,1,1,1): 5 x 3.8 us = 19 us
ROPE: 2 x 3.62 us = 7.24 us
SET_ROWS: 2 x 2.96 us = 5.92 us
SIGMOID_MUL SIGMOID: 1 x 1.72 us = 1.72 us
TOP_K K=10 (98304,1,1,1): 1 x 9.2 us = 9.2 us
Total time: 1404.05 us.
----------------
Vulkan Timings:
CONCAT: 1 x 1.68 us = 1.68 us
CONT: 1 x 3.6 us = 3.6 us
FLASH_ATTN_EXT dst(256,24,1,1),  q(256,1,24,1),  k(256,256,4,1),  v(256,256,4,1),  m(256,1,1,1): 1 x 13.76 us = 13.76 us (457.228 GFLOPS/s)
GET_ROWS: 3 x 5.56 us = 16.68 us
GLU: 1 x 1.8 us = 1.8 us
MUL_MAT f32 m=256 n=24 k=256: 1 x 1.6 us = 1.6 us (1962.24 GFLOPS/s)
MUL_MAT f32 m=64 n=16 k=64: 1 x 3.6 us = 3.6 us (36.1244 GFLOPS/s)
MUL_MAT f32 m=64 n=96 k=64: 1 x 3.6 us = 3.6 us (216.747 GFLOPS/s)
MUL_MAT_ADD MUL_MAT_VEC q6_K m=5120 n=1 k=17408: 1 x 123.24 us = 123.24 us (1446.39 GFLOPS/s)
MUL_MAT_ADD MUL_MAT_VEC q6_K m=5120 n=1 k=6144: 1 x 54.04 us = 54.04 us (1164.13 GFLOPS/s)
MUL_MAT_VEC f32 m=256 n=4 k=256: 1 x 3.04 us = 3.04 us (172.126 GFLOPS/s)
MUL_MAT_VEC q6_K m=1024 n=1 k=5120: 2 x 6.8 us = 13.6 us (1541.87 GFLOPS/s)
MUL_MAT_VEC q6_K m=12288 n=1 k=5120: 1 x 93.36 us = 93.36 us (1347.65 GFLOPS/s)
MUL_MAT_VEC q6_K m=17408 n=1 k=5120: 2 x 121.24 us = 242.48 us (1470.15 GFLOPS/s)
MUL_MAT_VEC q6_K m=98304 n=1 k=5120: 1 x 668.99 us = 668.99 us (1504.56 GFLOPS/s)
MUL_MAT_VEC q8_0 m=5120 n=1 k=10240: 1 x 101.64 us = 101.64 us (1031.61 GFLOPS/s)
PAD: 1 x 6.44 us = 6.44 us
RMS_NORM_MUL RMS_NORM(256,24,1,1): 1 x 3.6 us = 3.6 us
RMS_NORM_MUL RMS_NORM(256,4,1,1): 1 x 3.56 us = 3.56 us
RMS_NORM_MUL RMS_NORM(5120,1,1,1): 5 x 3.752 us = 18.76 us
ROPE: 2 x 3.56 us = 7.12 us
SET_ROWS: 2 x 2.92 us = 5.84 us
SIGMOID_MUL SIGMOID: 1 x 1.72 us = 1.72 us
TOP_K K=10 (98304,1,1,1): 1 x 8.84 us = 8.84 us
Total time: 1402.59 us.
----------------
Vulkan Timings:
ADD: 48 x 3.839 us = 184.28 us
CONT: 16 x 3.727 us = 59.64 us
FLASH_ATTN_EXT dst(256,24,5,1),  q(256,5,24,1),  k(256,256,4,1),  v(256,256,4,1),  m(256,5,1,1): 16 x 23.56 us = 376.96 us (1335.2 GFLOPS/s)
GDN_CACHE GATED_DELTA_NET: 48 x 14.516 us = 696.8 us
GDN_CONV_STATE CONCAT: 48 x 3.127 us = 150.12 us
GET_ROWS: 3 x 11.773 us = 35.32 us
GLU: 64 x 2.201 us = 140.92 us
MUL_MAT f32 m=256 n=120 k=256: 16 x 1.7 us = 27.2 us (9234.07 GFLOPS/s)
MUL_MAT f32 m=256 n=20 k=256: 16 x 3.145 us = 50.32 us (831.898 GFLOPS/s)
MUL_MAT f32 m=64 n=480 k=64: 16 x 3.712 us = 59.4 us (1050.89 GFLOPS/s)
MUL_MAT f32 m=64 n=80 k=64: 16 x 3.695 us = 59.12 us (175.978 GFLOPS/s)
MUL_MAT_ADD MUL_MAT_VEC q6_K m=5120 n=5 k=17408: 64 x 129.845 us = 8310.08 us (6864.06 GFLOPS/s)
MUL_MAT_ADD MUL_MAT_VEC q6_K m=5120 n=5 k=6144: 16 x 55.522 us = 888.36 us (5665.22 GFLOPS/s)
MUL_MAT_GROUP MUL_MAT_VEC q6_K m=10240 n=5 k=5120: 47 x 118.164 us = 5553.72 us (4436.51 GFLOPS/s)
MUL_MAT_GROUP MUL_MAT_VEC q6_K m=12288 n=5 k=5120: 16 x 104.612 us = 1673.8 us (6013.47 GFLOPS/s)
MUL_MAT_GROUP MUL_MAT_VEC q6_K m=17408 n=5 k=5120: 64 x 266.511 us = 17056.7 us (3343.96 GFLOPS/s)
MUL_MAT_VEC f32 m=48 n=5 k=5120: 96 x 6.376 us = 612.12 us (385.393 GFLOPS/s)
MUL_MAT_VEC q6_K m=10240 n=5 k=5120: 1 x 80.12 us = 80.12 us (6543.15 GFLOPS/s)
MUL_MAT_VEC q6_K m=248320 n=5 k=5120: 1 x 1687.48 us = 1687.48 us (7533.57 GFLOPS/s)
MUL_MAT_VEC q6_K m=6144 n=5 k=5120: 1 x 50.36 us = 50.36 us (6245.87 GFLOPS/s)
MUL_MAT_VEC q8_0 m=5120 n=5 k=6144: 48 x 60.656 us = 2911.52 us (5185.7 GFLOPS/s)
RMS_NORM_MUL RMS_NORM(256,24,5,1): 16 x 3.832 us = 61.32 us
RMS_NORM_MUL RMS_NORM(256,4,5,1): 16 x 3.625 us = 58 us
RMS_NORM_MUL RMS_NORM(5120,5,1,1): 129 x 4.316 us = 556.88 us
RMS_NORM_MUL_SILU_MUL RMS_NORM(128,48,5,1): 48 x 5.876 us = 282.08 us
RMS_NORM_SCALE RMS_NORM(128,16,5,1): 96 x 2.502 us = 240.24 us
ROPE: 32 x 3.682 us = 117.84 us
SET_ROWS: 32 x 2.902 us = 92.88 us
SIGMOID_MUL SIGMOID: 16 x 3.725 us = 59.6 us
SSM_CONV_SILU SSM_CONV: 48 x 4.839 us = 232.28 us
Total time: 42365.5 us.
----------------
Vulkan Timings:
CONCAT: 1 x 4.08 us = 4.08 us
CONT: 1 x 3.84 us = 3.84 us
FLASH_ATTN_EXT dst(256,24,5,1),  q(256,5,24,1),  k(256,256,4,1),  v(256,256,4,1),  m(256,5,1,1): 1 x 24.16 us = 24.16 us (1302.04 GFLOPS/s)
GET_ROWS: 1 x 7 us = 7 us
GLU: 1 x 1.8 us = 1.8 us
MUL_MAT f32 m=256 n=120 k=256: 1 x 1.76 us = 1.76 us (8919.27 GFLOPS/s)
MUL_MAT f32 m=256 n=20 k=256: 1 x 3.24 us = 3.24 us (807.506 GFLOPS/s)
MUL_MAT f32 m=64 n=480 k=64: 1 x 3.88 us = 3.88 us (1005.53 GFLOPS/s)
MUL_MAT f32 m=64 n=80 k=64: 1 x 3.88 us = 3.88 us (167.588 GFLOPS/s)
MUL_MAT_ADD MUL_MAT_VEC q6_K m=5120 n=5 k=17408: 1 x 155.96 us = 155.96 us (5714.7 GFLOPS/s)
MUL_MAT_ADD MUL_MAT_VEC q6_K m=5120 n=5 k=6144: 1 x 56.8 us = 56.8 us (5537.8 GFLOPS/s)
MUL_MAT_GROUP MUL_MAT_VEC q6_K m=12288 n=5 k=5120: 1 x 130.93 us = 130.93 us (4804.74 GFLOPS/s)
MUL_MAT_GROUP MUL_MAT_VEC q6_K m=17408 n=5 k=5120: 1 x 255.64 us = 255.64 us (3486.16 GFLOPS/s)
MUL_MAT_VEC q8_0 m=5120 n=5 k=10240: 1 x 106.24 us = 106.24 us (4934.7 GFLOPS/s)
RMS_NORM_MUL RMS_NORM(256,24,5,1): 1 x 3.8 us = 3.8 us
RMS_NORM_MUL RMS_NORM(256,4,5,1): 1 x 3.84 us = 3.84 us
RMS_NORM_MUL RMS_NORM(5120,5,1,1): 5 x 9.218 us = 46.09 us
ROPE: 2 x 3.86 us = 7.72 us
SET_ROWS: 2 x 3.02 us = 6.04 us
SIGMOID_MUL SIGMOID: 1 x 3.88 us = 3.88 us
Total time: 830.58 us.
----------------
Vulkan Timings:
CONCAT: 1 x 1.68 us = 1.68 us
CONT: 1 x 3.84 us = 3.84 us
FLASH_ATTN_EXT dst(256,24,1,1),  q(256,1,24,1),  k(256,256,4,1),  v(256,256,4,1),  m(256,1,1,1): 1 x 14.04 us = 14.04 us (448.109 GFLOPS/s)
GET_ROWS: 3 x 5.066 us = 15.2 us
GLU: 1 x 1.64 us = 1.64 us
MUL_MAT f32 m=256 n=24 k=256: 1 x 2.12 us = 2.12 us (1480.94 GFLOPS/s)
MUL_MAT f32 m=64 n=16 k=64: 1 x 1.88 us = 1.88 us (69.1745 GFLOPS/s)
MUL_MAT f32 m=64 n=96 k=64: 1 x 3.52 us = 3.52 us (221.673 GFLOPS/s)
MUL_MAT_ADD MUL_MAT_VEC q6_K m=5120 n=1 k=17408: 1 x 124.24 us = 124.24 us (1434.75 GFLOPS/s)
MUL_MAT_ADD MUL_MAT_VEC q6_K m=5120 n=1 k=6144: 1 x 48.52 us = 48.52 us (1296.57 GFLOPS/s)
MUL_MAT_VEC f32 m=256 n=4 k=256: 1 x 0.76 us = 0.76 us (688.505 GFLOPS/s)
MUL_MAT_VEC q6_K m=1024 n=1 k=5120: 2 x 8.8 us = 17.6 us (1191.45 GFLOPS/s)
MUL_MAT_VEC q6_K m=12288 n=1 k=5120: 1 x 90.24 us = 90.24 us (1394.25 GFLOPS/s)
MUL_MAT_VEC q6_K m=17408 n=1 k=5120: 2 x 121.78 us = 243.56 us (1463.63 GFLOPS/s)
MUL_MAT_VEC q6_K m=98304 n=1 k=5120: 1 x 674.35 us = 674.35 us (1492.6 GFLOPS/s)
MUL_MAT_VEC q8_0 m=5120 n=1 k=10240: 1 x 99 us = 99 us (1059.12 GFLOPS/s)
PAD: 1 x 6.68 us = 6.68 us
RMS_NORM_MUL RMS_NORM(256,24,1,1): 1 x 6.4 us = 6.4 us
RMS_NORM_MUL RMS_NORM(256,4,1,1): 1 x 5.36 us = 5.36 us
RMS_NORM_MUL RMS_NORM(5120,1,1,1): 5 x 4.464 us = 22.32 us
ROPE: 2 x 3.66 us = 7.32 us
SET_ROWS: 2 x 4.24 us = 8.48 us
SIGMOID_MUL SIGMOID: 1 x 1.68 us = 1.68 us
TOP_K K=10 (98304,1,1,1): 1 x 9.56 us = 9.56 us
Total time: 1409.99 us.
----------------
Vulkan Timings:
CONCAT: 1 x 1.72 us = 1.72 us
CONT: 1 x 3.84 us = 3.84 us
FLASH_ATTN_EXT dst(256,24,1,1),  q(256,1,24,1),  k(256,256,4,1),  v(256,256,4,1),  m(256,1,1,1): 1 x 14.24 us = 14.24 us (441.816 GFLOPS/s)
GET_ROWS: 3 x 5.013 us = 15.04 us
GLU: 1 x 2.16 us = 2.16 us
MUL_MAT f32 m=256 n=24 k=256: 1 x 1.68 us = 1.68 us (1868.8 GFLOPS/s)
MUL_MAT f32 m=64 n=16 k=64: 1 x 3.84 us = 3.84 us (33.8667 GFLOPS/s)
MUL_MAT f32 m=64 n=96 k=64: 1 x 3.84 us = 3.84 us (203.2 GFLOPS/s)
MUL_MAT_ADD MUL_MAT_VEC q6_K m=5120 n=1 k=17408: 1 x 123.96 us = 123.96 us (1437.99 GFLOPS/s)
MUL_MAT_ADD MUL_MAT_VEC q6_K m=5120 n=1 k=6144: 1 x 54.4 us = 54.4 us (1156.42 GFLOPS/s)
MUL_MAT_VEC f32 m=256 n=4 k=256: 1 x 3.24 us = 3.24 us (161.501 GFLOPS/s)
MUL_MAT_VEC q6_K m=1024 n=1 k=5120: 2 x 8.76 us = 17.52 us (1196.89 GFLOPS/s)
MUL_MAT_VEC q6_K m=12288 n=1 k=5120: 1 x 85.76 us = 85.76 us (1467.08 GFLOPS/s)
MUL_MAT_VEC q6_K m=17408 n=1 k=5120: 2 x 121.6 us = 243.2 us (1465.79 GFLOPS/s)
MUL_MAT_VEC q6_K m=98304 n=1 k=5120: 1 x 682.44 us = 682.44 us (1474.91 GFLOPS/s)
MUL_MAT_VEC q8_0 m=5120 n=1 k=10240: 1 x 101.08 us = 101.08 us (1037.32 GFLOPS/s)
PAD: 1 x 6.56 us = 6.56 us
RMS_NORM_MUL RMS_NORM(256,24,1,1): 1 x 5.76 us = 5.76 us
RMS_NORM_MUL RMS_NORM(256,4,1,1): 1 x 3.8 us = 3.8 us
RMS_NORM_MUL RMS_NORM(5120,1,1,1): 5 x 3.856 us = 19.28 us
ROPE: 2 x 3.78 us = 7.56 us
SET_ROWS: 2 x 3.04 us = 6.08 us
SIGMOID_MUL SIGMOID: 1 x 1.72 us = 1.72 us
TOP_K K=10 (98304,1,1,1): 1 x 9.12 us = 9.12 us
Total time: 1417.84 us.
----------------
Vulkan Timings:
CONCAT: 1 x 1.68 us = 1.68 us
CONT: 1 x 3.76 us = 3.76 us
FLASH_ATTN_EXT dst(256,24,1,1),  q(256,1,24,1),  k(256,256,4,1),  v(256,256,4,1),  m(256,1,1,1): 1 x 13.92 us = 13.92 us (451.972 GFLOPS/s)
GET_ROWS: 3 x 4.933 us = 14.8 us
GLU: 1 x 1.84 us = 1.84 us
MUL_MAT f32 m=256 n=24 k=256: 1 x 1.68 us = 1.68 us (1868.8 GFLOPS/s)
MUL_MAT f32 m=64 n=16 k=64: 1 x 3.76 us = 3.76 us (34.5872 GFLOPS/s)
MUL_MAT f32 m=64 n=96 k=64: 1 x 3.72 us = 3.72 us (209.755 GFLOPS/s)
MUL_MAT_ADD MUL_MAT_VEC q6_K m=5120 n=1 k=17408: 1 x 123.36 us = 123.36 us (1444.98 GFLOPS/s)
MUL_MAT_ADD MUL_MAT_VEC q6_K m=5120 n=1 k=6144: 1 x 53.68 us = 53.68 us (1171.93 GFLOPS/s)
MUL_MAT_VEC f32 m=256 n=4 k=256: 1 x 3.16 us = 3.16 us (165.59 GFLOPS/s)
MUL_MAT_VEC q6_K m=1024 n=1 k=5120: 2 x 9.96 us = 19.92 us (1052.68 GFLOPS/s)
MUL_MAT_VEC q6_K m=12288 n=1 k=5120: 1 x 86 us = 86 us (1462.99 GFLOPS/s)
MUL_MAT_VEC q6_K m=17408 n=1 k=5120: 2 x 121.06 us = 242.12 us (1472.33 GFLOPS/s)
MUL_MAT_VEC q6_K m=98304 n=1 k=5120: 1 x 671.95 us = 671.95 us (1497.93 GFLOPS/s)
MUL_MAT_VEC q8_0 m=5120 n=1 k=10240: 1 x 101.44 us = 101.44 us (1033.64 GFLOPS/s)
PAD: 1 x 6.68 us = 6.68 us
RMS_NORM_MUL RMS_NORM(256,24,1,1): 1 x 3.8 us = 3.8 us
RMS_NORM_MUL RMS_NORM(256,4,1,1): 1 x 3.8 us = 3.8 us
RMS_NORM_MUL RMS_NORM(5120,1,1,1): 5 x 3.784 us = 18.92 us
ROPE: 2 x 3.76 us = 7.52 us
SET_ROWS: 2 x 2.98 us = 5.96 us
SIGMOID_MUL SIGMOID: 1 x 1.64 us = 1.64 us
TOP_K K=10 (98304,1,1,1): 1 x 9.24 us = 9.24 us
Total time: 1404.35 us.
----------------
Vulkan Timings:
CONCAT: 1 x 1.64 us = 1.64 us
CONT: 1 x 3.72 us = 3.72 us
FLASH_ATTN_EXT dst(256,24,1,1),  q(256,1,24,1),  k(256,256,4,1),  v(256,256,4,1),  m(256,1,1,1): 1 x 13.92 us = 13.92 us (451.972 GFLOPS/s)
GET_ROWS: 3 x 4.986 us = 14.96 us
GLU: 1 x 1.72 us = 1.72 us
MUL_MAT f32 m=256 n=24 k=256: 1 x 1.64 us = 1.64 us (1914.38 GFLOPS/s)
MUL_MAT f32 m=64 n=16 k=64: 1 x 3.76 us = 3.76 us (34.5872 GFLOPS/s)
MUL_MAT f32 m=64 n=96 k=64: 1 x 3.8 us = 3.8 us (205.339 GFLOPS/s)
MUL_MAT_ADD MUL_MAT_VEC q6_K m=5120 n=1 k=17408: 1 x 123.36 us = 123.36 us (1444.98 GFLOPS/s)
MUL_MAT_ADD MUL_MAT_VEC q6_K m=5120 n=1 k=6144: 1 x 53.64 us = 53.64 us (1172.81 GFLOPS/s)
MUL_MAT_VEC f32 m=256 n=4 k=256: 1 x 3.16 us = 3.16 us (165.59 GFLOPS/s)
MUL_MAT_VEC q6_K m=1024 n=1 k=5120: 2 x 10.04 us = 20.08 us (1044.3 GFLOPS/s)
MUL_MAT_VEC q6_K m=12288 n=1 k=5120: 1 x 85.48 us = 85.48 us (1471.89 GFLOPS/s)
MUL_MAT_VEC q6_K m=17408 n=1 k=5120: 2 x 121.24 us = 242.48 us (1470.15 GFLOPS/s)
MUL_MAT_VEC q6_K m=98304 n=1 k=5120: 1 x 673.7 us = 673.7 us (1494.04 GFLOPS/s)
MUL_MAT_VEC q8_0 m=5120 n=1 k=10240: 1 x 101.08 us = 101.08 us (1037.32 GFLOPS/s)
PAD: 1 x 6.52 us = 6.52 us
RMS_NORM_MUL RMS_NORM(256,24,1,1): 1 x 3.8 us = 3.8 us
RMS_NORM_MUL RMS_NORM(256,4,1,1): 1 x 3.76 us = 3.76 us
RMS_NORM_MUL RMS_NORM(5120,1,1,1): 5 x 3.776 us = 18.88 us
ROPE: 2 x 3.7 us = 7.4 us
SET_ROWS: 2 x 2.96 us = 5.92 us
SIGMOID_MUL SIGMOID: 1 x 1.68 us = 1.68 us
TOP_K K=10 (98304,1,1,1): 1 x 9.08 us = 9.08 us
Total time: 1405.18 us.
----------------
Vulkan Timings:
ADD: 48 x 4.102 us = 196.92 us
CONT: 16 x 3.985 us = 63.76 us
FLASH_ATTN_EXT dst(256,24,5,1),  q(256,5,24,1),  k(256,256,4,1),  v(256,256,4,1),  m(256,5,1,1): 16 x 24.215 us = 387.44 us (1299.08 GFLOPS/s)
GDN_CACHE GATED_DELTA_NET: 48 x 13.981 us = 671.12 us
GDN_CONV_STATE CONCAT: 48 x 3.104 us = 149 us
GET_ROWS: 3 x 11.906 us = 35.72 us
GLU: 64 x 2.141 us = 137.04 us
MUL_MAT f32 m=256 n=120 k=256: 16 x 1.757 us = 28.12 us (8931.96 GFLOPS/s)
MUL_MAT f32 m=256 n=20 k=256: 16 x 3.39 us = 54.24 us (771.776 GFLOPS/s)
MUL_MAT f32 m=64 n=480 k=64: 16 x 3.977 us = 63.64 us (980.877 GFLOPS/s)
MUL_MAT f32 m=64 n=80 k=64: 16 x 3.967 us = 63.48 us (163.892 GFLOPS/s)
MUL_MAT_ADD MUL_MAT_VEC q6_K m=5120 n=5 k=17408: 64 x 130.703 us = 8365.04 us (6818.96 GFLOPS/s)
MUL_MAT_ADD MUL_MAT_VEC q6_K m=5120 n=5 k=6144: 16 x 55.98 us = 895.68 us (5618.92 GFLOPS/s)
MUL_MAT_GROUP MUL_MAT_VEC q6_K m=10240 n=5 k=5120: 47 x 118.56 us = 5572.32 us (4421.7 GFLOPS/s)
MUL_MAT_GROUP MUL_MAT_VEC q6_K m=12288 n=5 k=5120: 16 x 104.842 us = 1677.48 us (6000.28 GFLOPS/s)
MUL_MAT_GROUP MUL_MAT_VEC q6_K m=17408 n=5 k=5120: 64 x 267.161 us = 17098.4 us (3335.81 GFLOPS/s)
MUL_MAT_VEC f32 m=48 n=5 k=5120: 96 x 6.831 us = 655.8 us (359.723 GFLOPS/s)
MUL_MAT_VEC q6_K m=10240 n=5 k=5120: 1 x 79.64 us = 79.64 us (6582.58 GFLOPS/s)
MUL_MAT_VEC q6_K m=248320 n=5 k=5120: 1 x 1686.64 us = 1686.64 us (7537.32 GFLOPS/s)
MUL_MAT_VEC q6_K m=6144 n=5 k=5120: 1 x 51.48 us = 51.48 us (6109.99 GFLOPS/s)
MUL_MAT_VEC q8_0 m=5120 n=5 k=6144: 48 x 61.035 us = 2929.68 us (5153.55 GFLOPS/s)
RMS_NORM_MUL RMS_NORM(256,24,5,1): 16 x 4.102 us = 65.64 us
RMS_NORM_MUL RMS_NORM(256,4,5,1): 16 x 3.88 us = 62.08 us
RMS_NORM_MUL RMS_NORM(5120,5,1,1): 129 x 4.525 us = 583.8 us
RMS_NORM_MUL_SILU_MUL RMS_NORM(128,48,5,1): 48 x 6.347 us = 304.68 us
RMS_NORM_SCALE RMS_NORM(128,16,5,1): 96 x 2.63 us = 252.48 us
ROPE: 32 x 3.948 us = 126.36 us
SET_ROWS: 32 x 2.997 us = 95.92 us
SIGMOID_MUL SIGMOID: 16 x 4 us = 64 us
SSM_CONV_SILU SSM_CONV: 48 x 5.117 us = 245.64 us
Total time: 42663.2 us.
----------------
Vulkan Timings:
CONCAT: 1 x 3.8 us = 3.8 us
CONT: 1 x 4.12 us = 4.12 us
FLASH_ATTN_EXT dst(256,24,5,1),  q(256,5,24,1),  k(256,256,4,1),  v(256,256,4,1),  m(256,5,1,1): 1 x 24.68 us = 24.68 us (1274.61 GFLOPS/s)
GET_ROWS: 1 x 7.52 us = 7.52 us
GLU: 1 x 1.84 us = 1.84 us
MUL_MAT f32 m=256 n=120 k=256: 1 x 1.88 us = 1.88 us (8349.96 GFLOPS/s)
MUL_MAT f32 m=256 n=20 k=256: 1 x 3.44 us = 3.44 us (760.558 GFLOPS/s)
MUL_MAT f32 m=64 n=480 k=64: 1 x 4.08 us = 4.08 us (956.235 GFLOPS/s)
MUL_MAT f32 m=64 n=80 k=64: 1 x 4.12 us = 4.12 us (157.825 GFLOPS/s)
MUL_MAT_ADD MUL_MAT_VEC q6_K m=5120 n=5 k=17408: 1 x 156.72 us = 156.72 us (5686.98 GFLOPS/s)
MUL_MAT_ADD MUL_MAT_VEC q6_K m=5120 n=5 k=6144: 1 x 58.52 us = 58.52 us (5375.04 GFLOPS/s)
MUL_MAT_GROUP MUL_MAT_VEC q6_K m=12288 n=5 k=5120: 1 x 130.92 us = 130.92 us (4805.1 GFLOPS/s)
MUL_MAT_GROUP MUL_MAT_VEC q6_K m=17408 n=5 k=5120: 1 x 256.68 us = 256.68 us (3472.04 GFLOPS/s)
MUL_MAT_VEC q8_0 m=5120 n=5 k=10240: 1 x 108.52 us = 108.52 us (4831.02 GFLOPS/s)
RMS_NORM_MUL RMS_NORM(256,24,5,1): 1 x 4 us = 4 us
RMS_NORM_MUL RMS_NORM(256,4,5,1): 1 x 4.04 us = 4.04 us
RMS_NORM_MUL RMS_NORM(5120,5,1,1): 5 x 9.314 us = 46.57 us
ROPE: 2 x 4.08 us = 8.16 us
SET_ROWS: 2 x 3.16 us = 6.32 us
SIGMOID_MUL SIGMOID: 1 x 4.12 us = 4.12 us
Total time: 840.05 us.
----------------
Vulkan Timings:
CONCAT: 1 x 1.76 us = 1.76 us
CONT: 1 x 3.72 us = 3.72 us
FLASH_ATTN_EXT dst(256,24,1,1),  q(256,1,24,1),  k(256,256,4,1),  v(256,256,4,1),  m(256,1,1,1): 1 x 14.08 us = 14.08 us (446.836 GFLOPS/s)
GET_ROWS: 3 x 5.053 us = 15.16 us
GLU: 1 x 1.6 us = 1.6 us
MUL_MAT f32 m=256 n=24 k=256: 1 x 1.56 us = 1.56 us (2012.55 GFLOPS/s)
MUL_MAT f32 m=64 n=16 k=64: 1 x 1.88 us = 1.88 us (69.1745 GFLOPS/s)
MUL_MAT f32 m=64 n=96 k=64: 1 x 3.4 us = 3.4 us (229.496 GFLOPS/s)
MUL_MAT_ADD MUL_MAT_VEC q6_K m=5120 n=1 k=17408: 1 x 124.96 us = 124.96 us (1426.48 GFLOPS/s)
MUL_MAT_ADD MUL_MAT_VEC q6_K m=5120 n=1 k=6144: 1 x 47.96 us = 47.96 us (1311.71 GFLOPS/s)
MUL_MAT_VEC f32 m=256 n=4 k=256: 1 x 3.2 us = 3.2 us (163.52 GFLOPS/s)
MUL_MAT_VEC q6_K m=1024 n=1 k=5120: 2 x 6.84 us = 13.68 us (1532.86 GFLOPS/s)
MUL_MAT_VEC q6_K m=12288 n=1 k=5120: 1 x 98 us = 98 us (1283.85 GFLOPS/s)
MUL_MAT_VEC q6_K m=17408 n=1 k=5120: 2 x 121.8 us = 243.6 us (1463.39 GFLOPS/s)
MUL_MAT_VEC q6_K m=98304 n=1 k=5120: 1 x 674.97 us = 674.97 us (1491.23 GFLOPS/s)
MUL_MAT_VEC q8_0 m=5120 n=1 k=10240: 1 x 99.6 us = 99.6 us (1052.74 GFLOPS/s)
PAD: 1 x 6.52 us = 6.52 us
RMS_NORM_MUL RMS_NORM(256,24,1,1): 1 x 3.36 us = 3.36 us
RMS_NORM_MUL RMS_NORM(256,4,1,1): 1 x 5.12 us = 5.12 us
RMS_NORM_MUL RMS_NORM(5120,1,1,1): 5 x 4.544 us = 22.72 us
ROPE: 2 x 3.5 us = 7 us
SET_ROWS: 2 x 2.96 us = 5.92 us
SIGMOID_MUL SIGMOID: 1 x 1.64 us = 1.64 us
TOP_K K=10 (98304,1,1,1): 1 x 9.16 us = 9.16 us
Total time: 1410.57 us.
----------------
Vulkan Timings:
CONCAT: 1 x 2 us = 2 us
CONT: 1 x 3.72 us = 3.72 us
FLASH_ATTN_EXT dst(256,24,1,1),  q(256,1,24,1),  k(256,256,4,1),  v(256,256,4,1),  m(256,1,1,1): 1 x 14.28 us = 14.28 us (440.578 GFLOPS/s)
GET_ROWS: 3 x 4.946 us = 14.84 us
GLU: 1 x 1.92 us = 1.92 us
MUL_MAT f32 m=256 n=24 k=256: 1 x 1.72 us = 1.72 us (1825.34 GFLOPS/s)
MUL_MAT f32 m=64 n=16 k=64: 1 x 3.72 us = 3.72 us (34.9591 GFLOPS/s)
MUL_MAT f32 m=64 n=96 k=64: 1 x 3.72 us = 3.72 us (209.755 GFLOPS/s)
MUL_MAT_ADD MUL_MAT_VEC q6_K m=5120 n=1 k=17408: 1 x 123.44 us = 123.44 us (1444.04 GFLOPS/s)
MUL_MAT_ADD MUL_MAT_VEC q6_K m=5120 n=1 k=6144: 1 x 54.08 us = 54.08 us (1163.27 GFLOPS/s)
MUL_MAT_VEC f32 m=256 n=4 k=256: 1 x 3.12 us = 3.12 us (167.713 GFLOPS/s)
MUL_MAT_VEC q6_K m=1024 n=1 k=5120: 2 x 6.98 us = 13.96 us (1502.11 GFLOPS/s)
MUL_MAT_VEC q6_K m=12288 n=1 k=5120: 1 x 93.84 us = 93.84 us (1340.76 GFLOPS/s)
MUL_MAT_VEC q6_K m=17408 n=1 k=5120: 2 x 121.86 us = 243.72 us (1462.67 GFLOPS/s)
MUL_MAT_VEC q6_K m=98304 n=1 k=5120: 1 x 673.91 us = 673.91 us (1493.57 GFLOPS/s)
MUL_MAT_VEC q8_0 m=5120 n=1 k=10240: 1 x 102.12 us = 102.12 us (1026.76 GFLOPS/s)
PAD: 1 x 6.44 us = 6.44 us
RMS_NORM_MUL RMS_NORM(256,24,1,1): 1 x 3.72 us = 3.72 us
RMS_NORM_MUL RMS_NORM(256,4,1,1): 1 x 3.68 us = 3.68 us
RMS_NORM_MUL RMS_NORM(5120,1,1,1): 5 x 3.872 us = 19.36 us
ROPE: 2 x 3.7 us = 7.4 us
SET_ROWS: 2 x 3 us = 6 us
SIGMOID_MUL SIGMOID: 1 x 1.68 us = 1.68 us
TOP_K K=10 (98304,1,1,1): 1 x 9.28 us = 9.28 us
Total time: 1411.67 us.
----------------
Vulkan Timings:
CONCAT: 1 x 1.64 us = 1.64 us
CONT: 1 x 3.68 us = 3.68 us
FLASH_ATTN_EXT dst(256,24,1,1),  q(256,1,24,1),  k(256,256,4,1),  v(256,256,4,1),  m(256,1,1,1): 1 x 14.04 us = 14.04 us (448.109 GFLOPS/s)
GET_ROWS: 3 x 4.933 us = 14.8 us
GLU: 1 x 1.88 us = 1.88 us
MUL_MAT f32 m=256 n=24 k=256: 1 x 1.76 us = 1.76 us (1783.85 GFLOPS/s)
MUL_MAT f32 m=64 n=16 k=64: 1 x 3.68 us = 3.68 us (35.3391 GFLOPS/s)
MUL_MAT f32 m=64 n=96 k=64: 1 x 3.68 us = 3.68 us (212.035 GFLOPS/s)
MUL_MAT_ADD MUL_MAT_VEC q6_K m=5120 n=1 k=17408: 1 x 123.6 us = 123.6 us (1442.17 GFLOPS/s)
MUL_MAT_ADD MUL_MAT_VEC q6_K m=5120 n=1 k=6144: 1 x 53.12 us = 53.12 us (1184.29 GFLOPS/s)
MUL_MAT_VEC f32 m=256 n=4 k=256: 1 x 3.04 us = 3.04 us (172.126 GFLOPS/s)
MUL_MAT_VEC q6_K m=1024 n=1 k=5120: 2 x 6.9 us = 13.8 us (1519.53 GFLOPS/s)
MUL_MAT_VEC q6_K m=12288 n=1 k=5120: 1 x 93.84 us = 93.84 us (1340.76 GFLOPS/s)
MUL_MAT_VEC q6_K m=17408 n=1 k=5120: 2 x 121.72 us = 243.44 us (1464.35 GFLOPS/s)
MUL_MAT_VEC q6_K m=98304 n=1 k=5120: 1 x 671.44 us = 671.44 us (1499.07 GFLOPS/s)
MUL_MAT_VEC q8_0 m=5120 n=1 k=10240: 1 x 102.76 us = 102.76 us (1020.36 GFLOPS/s)
PAD: 1 x 6.32 us = 6.32 us
RMS_NORM_MUL RMS_NORM(256,24,1,1): 1 x 3.64 us = 3.64 us
RMS_NORM_MUL RMS_NORM(256,4,1,1): 1 x 3.68 us = 3.68 us
RMS_NORM_MUL RMS_NORM(5120,1,1,1): 5 x 3.784 us = 18.92 us
ROPE: 2 x 3.66 us = 7.32 us
SET_ROWS: 2 x 2.92 us = 5.84 us
SIGMOID_MUL SIGMOID: 1 x 1.68 us = 1.68 us
TOP_K K=10 (98304,1,1,1): 1 x 8.84 us = 8.84 us
Total time: 1406.44 us.
----------------
Vulkan Timings:
CONCAT: 1 x 1.64 us = 1.64 us
CONT: 1 x 3.6 us = 3.6 us
FLASH_ATTN_EXT dst(256,24,1,1),  q(256,1,24,1),  k(256,256,4,1),  v(256,256,4,1),  m(256,1,1,1): 1 x 13.8 us = 13.8 us (455.903 GFLOPS/s)
GET_ROWS: 3 x 4.88 us = 14.64 us
GLU: 1 x 1.88 us = 1.88 us
MUL_MAT f32 m=256 n=24 k=256: 1 x 1.6 us = 1.6 us (1962.24 GFLOPS/s)
MUL_MAT f32 m=64 n=16 k=64: 1 x 3.56 us = 3.56 us (36.5303 GFLOPS/s)
MUL_MAT f32 m=64 n=96 k=64: 1 x 3.64 us = 3.64 us (214.365 GFLOPS/s)
MUL_MAT_ADD MUL_MAT_VEC q6_K m=5120 n=1 k=17408: 1 x 124.04 us = 124.04 us (1437.06 GFLOPS/s)
MUL_MAT_ADD MUL_MAT_VEC q6_K m=5120 n=1 k=6144: 1 x 53.72 us = 53.72 us (1171.06 GFLOPS/s)
MUL_MAT_VEC f32 m=256 n=4 k=256: 1 x 3.04 us = 3.04 us (172.126 GFLOPS/s)
MUL_MAT_VEC q6_K m=1024 n=1 k=5120: 2 x 6.82 us = 13.64 us (1537.35 GFLOPS/s)
MUL_MAT_VEC q6_K m=12288 n=1 k=5120: 1 x 93.2 us = 93.2 us (1349.97 GFLOPS/s)
MUL_MAT_VEC q6_K m=17408 n=1 k=5120: 2 x 121.3 us = 242.6 us (1469.42 GFLOPS/s)
MUL_MAT_VEC q6_K m=98304 n=1 k=5120: 1 x 673.88 us = 673.88 us (1493.64 GFLOPS/s)
MUL_MAT_VEC q8_0 m=5120 n=1 k=10240: 1 x 101.28 us = 101.28 us (1035.27 GFLOPS/s)
PAD: 1 x 6.36 us = 6.36 us
RMS_NORM_MUL RMS_NORM(256,24,1,1): 1 x 3.6 us = 3.6 us
RMS_NORM_MUL RMS_NORM(256,4,1,1): 1 x 3.56 us = 3.56 us
RMS_NORM_MUL RMS_NORM(5120,1,1,1): 5 x 3.752 us = 18.76 us
ROPE: 2 x 3.56 us = 7.12 us
SET_ROWS: 2 x 2.9 us = 5.8 us
SIGMOID_MUL SIGMOID: 1 x 1.68 us = 1.68 us
TOP_K K=10 (98304,1,1,1): 1 x 8.84 us = 8.84 us
Total time: 1405.48 us.
----------------
Vulkan Timings:
ADD: 48 x 3.938 us = 189.04 us
CONT: 16 x 3.837 us = 61.4 us
FLASH_ATTN_EXT dst(256,24,5,1),  q(256,5,24,1),  k(256,256,4,1),  v(256,256,4,1),  m(256,5,1,1): 16 x 23.86 us = 381.76 us (1318.41 GFLOPS/s)
GDN_CACHE GATED_DELTA_NET: 48 x 14.506 us = 696.32 us
GDN_CONV_STATE CONCAT: 48 x 3.23 us = 155.04 us
GET_ROWS: 3 x 11.92 us = 35.76 us
GLU: 64 x 2.225 us = 142.4 us
MUL_MAT f32 m=256 n=120 k=256: 16 x 1.81 us = 28.96 us (8672.88 GFLOPS/s)
MUL_MAT f32 m=256 n=20 k=256: 16 x 2.955 us = 47.28 us (885.387 GFLOPS/s)
MUL_MAT f32 m=64 n=480 k=64: 16 x 3.835 us = 61.36 us (1017.32 GFLOPS/s)
MUL_MAT f32 m=64 n=80 k=64: 16 x 3.815 us = 61.04 us (170.443 GFLOPS/s)
MUL_MAT_ADD MUL_MAT_VEC q6_K m=5120 n=5 k=17408: 64 x 130.345 us = 8342.08 us (6837.73 GFLOPS/s)
MUL_MAT_ADD MUL_MAT_VEC q6_K m=5120 n=5 k=6144: 16 x 55.862 us = 893.8 us (5630.74 GFLOPS/s)
MUL_MAT_GROUP MUL_MAT_VEC q6_K m=10240 n=5 k=5120: 47 x 118.527 us = 5570.8 us (4422.91 GFLOPS/s)
MUL_MAT_GROUP MUL_MAT_VEC q6_K m=12288 n=5 k=5120: 16 x 104.71 us = 1675.36 us (6007.87 GFLOPS/s)
MUL_MAT_GROUP MUL_MAT_VEC q6_K m=17408 n=5 k=5120: 64 x 267.151 us = 17097.7 us (3335.95 GFLOPS/s)
MUL_MAT_VEC f32 m=48 n=5 k=5120: 96 x 6.598 us = 633.44 us (372.421 GFLOPS/s)
MUL_MAT_VEC q6_K m=10240 n=5 k=5120: 1 x 79.72 us = 79.72 us (6575.98 GFLOPS/s)
MUL_MAT_VEC q6_K m=248320 n=5 k=5120: 1 x 1687.52 us = 1687.52 us (7533.39 GFLOPS/s)
MUL_MAT_VEC q6_K m=6144 n=5 k=5120: 1 x 50.48 us = 50.48 us (6231.02 GFLOPS/s)
MUL_MAT_VEC q8_0 m=5120 n=5 k=6144: 48 x 60.994 us = 2927.72 us (5157 GFLOPS/s)
RMS_NORM_MUL RMS_NORM(256,24,5,1): 16 x 3.94 us = 63.04 us
RMS_NORM_MUL RMS_NORM(256,4,5,1): 16 x 3.73 us = 59.68 us
RMS_NORM_MUL RMS_NORM(5120,5,1,1): 129 x 4.444 us = 573.4 us
RMS_NORM_MUL_SILU_MUL RMS_NORM(128,48,5,1): 48 x 6.005 us = 288.28 us
RMS_NORM_SCALE RMS_NORM(128,16,5,1): 96 x 2.506 us = 240.64 us
ROPE: 32 x 3.783 us = 121.08 us
SET_ROWS: 32 x 3.183 us = 101.88 us
SIGMOID_MUL SIGMOID: 16 x 3.857 us = 61.72 us
SSM_CONV_SILU SSM_CONV: 48 x 4.977 us = 238.92 us
Total time: 42567.6 us.
----------------
Vulkan Timings:
CONCAT: 1 x 4 us = 4 us
CONT: 1 x 3.92 us = 3.92 us
FLASH_ATTN_EXT dst(256,24,5,1),  q(256,5,24,1),  k(256,256,4,1),  v(256,256,4,1),  m(256,5,1,1): 1 x 24.48 us = 24.48 us (1285.02 GFLOPS/s)
GET_ROWS: 1 x 7.24 us = 7.24 us
GLU: 1 x 1.84 us = 1.84 us
MUL_MAT f32 m=256 n=120 k=256: 1 x 1.8 us = 1.8 us (8721.07 GFLOPS/s)
MUL_MAT f32 m=256 n=20 k=256: 1 x 3.32 us = 3.32 us (788.048 GFLOPS/s)
MUL_MAT f32 m=64 n=480 k=64: 1 x 3.88 us = 3.88 us (1005.53 GFLOPS/s)
MUL_MAT f32 m=64 n=80 k=64: 1 x 3.92 us = 3.92 us (165.878 GFLOPS/s)
MUL_MAT_ADD MUL_MAT_VEC q6_K m=5120 n=5 k=17408: 1 x 155.23 us = 155.23 us (5741.57 GFLOPS/s)
MUL_MAT_ADD MUL_MAT_VEC q6_K m=5120 n=5 k=6144: 1 x 56.44 us = 56.44 us (5573.13 GFLOPS/s)
MUL_MAT_GROUP MUL_MAT_VEC q6_K m=12288 n=5 k=5120: 1 x 131.15 us = 131.15 us (4796.68 GFLOPS/s)
MUL_MAT_GROUP MUL_MAT_VEC q6_K m=17408 n=5 k=5120: 1 x 256.4 us = 256.4 us (3475.83 GFLOPS/s)
MUL_MAT_VEC q8_0 m=5120 n=5 k=10240: 1 x 106.76 us = 106.76 us (4910.66 GFLOPS/s)
RMS_NORM_MUL RMS_NORM(256,24,5,1): 1 x 3.84 us = 3.84 us
RMS_NORM_MUL RMS_NORM(256,4,5,1): 1 x 3.92 us = 3.92 us
RMS_NORM_MUL RMS_NORM(5120,5,1,1): 5 x 10.226 us = 51.13 us
ROPE: 2 x 3.92 us = 7.84 us
SET_ROWS: 2 x 3.08 us = 6.16 us
SIGMOID_MUL SIGMOID: 1 x 3.92 us = 3.92 us
Total time: 837.19 us.
----------------
Vulkan Timings:
CONCAT: 1 x 1.76 us = 1.76 us
CONT: 1 x 3.8 us = 3.8 us
FLASH_ATTN_EXT dst(256,24,1,1),  q(256,1,24,1),  k(256,256,4,1),  v(256,256,4,1),  m(256,1,1,1): 1 x 14 us = 14 us (449.39 GFLOPS/s)
GET_ROWS: 3 x 5.24 us = 15.72 us
GLU: 1 x 1.64 us = 1.64 us
MUL_MAT f32 m=256 n=24 k=256: 1 x 1.56 us = 1.56 us (2012.55 GFLOPS/s)
MUL_MAT f32 m=64 n=16 k=64: 1 x 1.88 us = 1.88 us (69.1745 GFLOPS/s)
MUL_MAT f32 m=64 n=96 k=64: 1 x 3.56 us = 3.56 us (219.182 GFLOPS/s)
MUL_MAT_ADD MUL_MAT_VEC q6_K m=5120 n=1 k=17408: 1 x 123.44 us = 123.44 us (1444.04 GFLOPS/s)
MUL_MAT_ADD MUL_MAT_VEC q6_K m=5120 n=1 k=6144: 1 x 48.32 us = 48.32 us (1301.93 GFLOPS/s)
MUL_MAT_VEC f32 m=256 n=4 k=256: 1 x 3.32 us = 3.32 us (157.61 GFLOPS/s)
MUL_MAT_VEC q6_K m=1024 n=1 k=5120: 2 x 8.88 us = 17.76 us (1180.71 GFLOPS/s)
MUL_MAT_VEC q6_K m=12288 n=1 k=5120: 1 x 90.28 us = 90.28 us (1393.63 GFLOPS/s)
MUL_MAT_VEC q6_K m=17408 n=1 k=5120: 2 x 121.6 us = 243.2 us (1465.79 GFLOPS/s)
MUL_MAT_VEC q6_K m=98304 n=1 k=5120: 1 x 674.87 us = 674.87 us (1491.45 GFLOPS/s)
MUL_MAT_VEC q8_0 m=5120 n=1 k=10240: 1 x 99.6 us = 99.6 us (1052.74 GFLOPS/s)
PAD: 1 x 6.68 us = 6.68 us
RMS_NORM_MUL RMS_NORM(256,24,1,1): 1 x 6.4 us = 6.4 us
RMS_NORM_MUL RMS_NORM(256,4,1,1): 1 x 5.36 us = 5.36 us
RMS_NORM_MUL RMS_NORM(5120,1,1,1): 5 x 4.208 us = 21.04 us
ROPE: 2 x 3.64 us = 7.28 us
SET_ROWS: 2 x 3 us = 6 us
SIGMOID_MUL SIGMOID: 1 x 1.64 us = 1.64 us
TOP_K K=10 (98304,1,1,1): 1 x 9.24 us = 9.24 us
Total time: 1408.35 us.
----------------
Vulkan Timings:
CONCAT: 1 x 1.68 us = 1.68 us
CONT: 1 x 3.88 us = 3.88 us
FLASH_ATTN_EXT dst(256,24,1,1),  q(256,1,24,1),  k(256,256,4,1),  v(256,256,4,1),  m(256,1,1,1): 1 x 14.16 us = 14.16 us (444.312 GFLOPS/s)
GET_ROWS: 3 x 5.026 us = 15.08 us
GLU: 1 x 1.76 us = 1.76 us
MUL_MAT f32 m=256 n=24 k=256: 1 x 1.68 us = 1.68 us (1868.8 GFLOPS/s)
MUL_MAT f32 m=64 n=16 k=64: 1 x 3.84 us = 3.84 us (33.8667 GFLOPS/s)
MUL_MAT f32 m=64 n=96 k=64: 1 x 3.92 us = 3.92 us (199.053 GFLOPS/s)
MUL_MAT_ADD MUL_MAT_VEC q6_K m=5120 n=1 k=17408: 1 x 123.04 us = 123.04 us (1448.74 GFLOPS/s)
MUL_MAT_ADD MUL_MAT_VEC q6_K m=5120 n=1 k=6144: 1 x 54.08 us = 54.08 us (1163.27 GFLOPS/s)
MUL_MAT_VEC f32 m=256 n=4 k=256: 1 x 3.28 us = 3.28 us (159.532 GFLOPS/s)
MUL_MAT_VEC q6_K m=1024 n=1 k=5120: 2 x 8.92 us = 17.84 us (1175.42 GFLOPS/s)
MUL_MAT_VEC q6_K m=12288 n=1 k=5120: 1 x 86.28 us = 86.28 us (1458.24 GFLOPS/s)
MUL_MAT_VEC q6_K m=17408 n=1 k=5120: 2 x 121.34 us = 242.68 us (1468.93 GFLOPS/s)
MUL_MAT_VEC q6_K m=98304 n=1 k=5120: 1 x 672.88 us = 672.88 us (1495.86 GFLOPS/s)
MUL_MAT_VEC q8_0 m=5120 n=1 k=10240: 1 x 101.2 us = 101.2 us (1036.09 GFLOPS/s)
PAD: 1 x 6.68 us = 6.68 us
RMS_NORM_MUL RMS_NORM(256,24,1,1): 1 x 5.8 us = 5.8 us
RMS_NORM_MUL RMS_NORM(256,4,1,1): 1 x 3.88 us = 3.88 us
RMS_NORM_MUL RMS_NORM(5120,1,1,1): 5 x 3.848 us = 19.24 us
ROPE: 2 x 3.82 us = 7.64 us
SET_ROWS: 2 x 3.08 us = 6.16 us
SIGMOID_MUL SIGMOID: 1 x 1.72 us = 1.72 us
TOP_K K=10 (98304,1,1,1): 1 x 9.2 us = 9.2 us
Total time: 1407.6 us.
----------------
Vulkan Timings:
CONCAT: 1 x 1.72 us = 1.72 us
CONT: 1 x 3.8 us = 3.8 us
FLASH_ATTN_EXT dst(256,24,1,1),  q(256,1,24,1),  k(256,256,4,1),  v(256,256,4,1),  m(256,1,1,1): 1 x 14.04 us = 14.04 us (448.109 GFLOPS/s)
GET_ROWS: 3 x 5.066 us = 15.2 us
GLU: 1 x 1.84 us = 1.84 us
MUL_MAT f32 m=256 n=24 k=256: 1 x 1.68 us = 1.68 us (1868.8 GFLOPS/s)
MUL_MAT f32 m=64 n=16 k=64: 1 x 3.84 us = 3.84 us (33.8667 GFLOPS/s)
MUL_MAT f32 m=64 n=96 k=64: 1 x 3.8 us = 3.8 us (205.339 GFLOPS/s)
MUL_MAT_ADD MUL_MAT_VEC q6_K m=5120 n=1 k=17408: 1 x 124.2 us = 124.2 us (1435.21 GFLOPS/s)
MUL_MAT_ADD MUL_MAT_VEC q6_K m=5120 n=1 k=6144: 1 x 53.56 us = 53.56 us (1174.56 GFLOPS/s)
MUL_MAT_VEC f32 m=256 n=4 k=256: 1 x 3.2 us = 3.2 us (163.52 GFLOPS/s)
MUL_MAT_VEC q6_K m=1024 n=1 k=5120: 2 x 8.98 us = 17.96 us (1167.57 GFLOPS/s)
MUL_MAT_VEC q6_K m=12288 n=1 k=5120: 1 x 85.84 us = 85.84 us (1465.71 GFLOPS/s)
MUL_MAT_VEC q6_K m=17408 n=1 k=5120: 2 x 121.4 us = 242.8 us (1468.21 GFLOPS/s)
MUL_MAT_VEC q6_K m=98304 n=1 k=5120: 1 x 672.71 us = 672.71 us (1496.24 GFLOPS/s)
MUL_MAT_VEC q8_0 m=5120 n=1 k=10240: 1 x 102.6 us = 102.6 us (1021.95 GFLOPS/s)
PAD: 1 x 6.68 us = 6.68 us
RMS_NORM_MUL RMS_NORM(256,24,1,1): 1 x 5.72 us = 5.72 us
RMS_NORM_MUL RMS_NORM(256,4,1,1): 1 x 3.84 us = 3.84 us
RMS_NORM_MUL RMS_NORM(5120,1,1,1): 5 x 3.808 us = 19.04 us
ROPE: 2 x 3.8 us = 7.6 us
SET_ROWS: 2 x 3 us = 6 us
SIGMOID_MUL SIGMOID: 1 x 1.68 us = 1.68 us
TOP_K K=10 (98304,1,1,1): 1 x 9.12 us = 9.12 us
Total time: 1408.47 us.
----------------
Vulkan Timings:
CONCAT: 1 x 1.64 us = 1.64 us
CONT: 1 x 3.76 us = 3.76 us
FLASH_ATTN_EXT dst(256,24,1,1),  q(256,1,24,1),  k(256,256,4,1),  v(256,256,4,1),  m(256,1,1,1): 1 x 13.96 us = 13.96 us (450.677 GFLOPS/s)
GET_ROWS: 3 x 5.013 us = 15.04 us
GLU: 1 x 1.76 us = 1.76 us
MUL_MAT f32 m=256 n=24 k=256: 1 x 1.64 us = 1.64 us (1914.38 GFLOPS/s)
MUL_MAT f32 m=64 n=16 k=64: 1 x 3.76 us = 3.76 us (34.5872 GFLOPS/s)
MUL_MAT f32 m=64 n=96 k=64: 1 x 3.72 us = 3.72 us (209.755 GFLOPS/s)
MUL_MAT_ADD MUL_MAT_VEC q6_K m=5120 n=1 k=17408: 1 x 122.96 us = 122.96 us (1449.68 GFLOPS/s)
MUL_MAT_ADD MUL_MAT_VEC q6_K m=5120 n=1 k=6144: 1 x 53.12 us = 53.12 us (1184.29 GFLOPS/s)
MUL_MAT_VEC f32 m=256 n=4 k=256: 1 x 3.16 us = 3.16 us (165.59 GFLOPS/s)
MUL_MAT_VEC q6_K m=1024 n=1 k=5120: 2 x 8.74 us = 17.48 us (1199.63 GFLOPS/s)
MUL_MAT_VEC q6_K m=12288 n=1 k=5120: 1 x 91.4 us = 91.4 us (1376.55 GFLOPS/s)
MUL_MAT_VEC q6_K m=17408 n=1 k=5120: 2 x 120.94 us = 241.88 us (1473.79 GFLOPS/s)
MUL_MAT_VEC q6_K m=98304 n=1 k=5120: 1 x 671.82 us = 671.82 us (1498.22 GFLOPS/s)
MUL_MAT_VEC q8_0 m=5120 n=1 k=10240: 1 x 102.04 us = 102.04 us (1027.56 GFLOPS/s)
PAD: 1 x 6.44 us = 6.44 us
RMS_NORM_MUL RMS_NORM(256,24,1,1): 1 x 5.64 us = 5.64 us
RMS_NORM_MUL RMS_NORM(256,4,1,1): 1 x 3.8 us = 3.8 us
RMS_NORM_MUL RMS_NORM(5120,1,1,1): 5 x 3.776 us = 18.88 us
ROPE: 2 x 3.74 us = 7.48 us
SET_ROWS: 2 x 2.94 us = 5.88 us
SIGMOID_MUL SIGMOID: 1 x 1.68 us = 1.68 us
TOP_K K=10 (98304,1,1,1): 1 x 9.04 us = 9.04 us
Total time: 1407.98 us.
----------------
Vulkan Timings:
ADD: 48 x 3.961 us = 190.16 us
CONT: 16 x 4.58 us = 73.28 us
FLASH_ATTN_EXT dst(256,24,4,1),  q(256,4,24,1),  k(256,256,4,1),  v(256,256,4,1),  m(256,4,1,1): 16 x 23.87 us = 381.92 us (1054.29 GFLOPS/s)
GDN_CACHE GATED_DELTA_NET: 48 x 12.267 us = 588.84 us
GDN_CONV_STATE CONCAT: 48 x 3.206 us = 153.92 us
GET_ROWS: 3 x 10.16 us = 30.48 us
GLU: 64 x 1.852 us = 118.56 us
MUL_MAT f32 m=256 n=16 k=256: 16 x 3.63 us = 58.08 us (576.599 GFLOPS/s)
MUL_MAT f32 m=256 n=96 k=256: 16 x 1.97 us = 31.52 us (6374.79 GFLOPS/s)
MUL_MAT f32 m=64 n=384 k=64: 16 x 3.695 us = 59.12 us (844.696 GFLOPS/s)
MUL_MAT f32 m=64 n=64 k=64: 16 x 3.827 us = 61.24 us (135.909 GFLOPS/s)
MUL_MAT_ADD MUL_MAT_VEC q6_K m=5120 n=4 k=17408: 64 x 133.536 us = 8546.33 us (5339.45 GFLOPS/s)
MUL_MAT_ADD MUL_MAT_VEC q6_K m=5120 n=4 k=6144: 16 x 55.385 us = 886.16 us (4543.43 GFLOPS/s)
MUL_MAT_VEC f32 m=48 n=4 k=5120: 96 x 5.024 us = 482.32 us (391.286 GFLOPS/s)
MUL_MAT_VEC q6_K m=1024 n=4 k=5120: 32 x 8.843 us = 283 us (4742.21 GFLOPS/s)
MUL_MAT_VEC q6_K m=10240 n=4 k=5120: 48 x 80.54 us = 3865.96 us (5207.17 GFLOPS/s)
MUL_MAT_VEC q6_K m=12288 n=4 k=5120: 16 x 100.855 us = 1613.68 us (4990.01 GFLOPS/s)
MUL_MAT_VEC q6_K m=17408 n=4 k=5120: 128 x 137.53 us = 17603.9 us (5184.04 GFLOPS/s)
MUL_MAT_VEC q6_K m=248320 n=4 k=5120: 1 x 1679.48 us = 1679.48 us (6055.56 GFLOPS/s)
MUL_MAT_VEC q6_K m=6144 n=4 k=5120: 48 x 54.374 us = 2609.96 us (4627.82 GFLOPS/s)
MUL_MAT_VEC q8_0 m=5120 n=4 k=6144: 48 x 64.106 us = 3077.12 us (3925.3 GFLOPS/s)
RMS_NORM_MUL RMS_NORM(256,24,4,1): 16 x 4.14 us = 66.24 us
RMS_NORM_MUL RMS_NORM(256,4,4,1): 16 x 5.637 us = 90.2 us
RMS_NORM_MUL RMS_NORM(5120,4,1,1): 129 x 2.819 us = 363.72 us
RMS_NORM_MUL_SILU_MUL RMS_NORM(128,48,4,1): 48 x 6.521 us = 313.04 us
RMS_NORM_SCALE RMS_NORM(128,16,4,1): 96 x 2.435 us = 233.8 us
ROPE: 32 x 4.366 us = 139.72 us
SET_ROWS: 32 x 3.376 us = 108.04 us
SIGMOID_MUL SIGMOID: 16 x 2.755 us = 44.08 us
SSM_CONV_SILU SSM_CONV: 48 x 5.642 us = 270.84 us
Total time: 44024.7 us.
----------------
Vulkan Timings:
CONCAT: 1 x 3.08 us = 3.08 us
CONT: 1 x 3.8 us = 3.8 us
FLASH_ATTN_EXT dst(256,24,4,1),  q(256,4,24,1),  k(256,256,4,1),  v(256,256,4,1),  m(256,4,1,1): 1 x 21.48 us = 21.48 us (1171.59 GFLOPS/s)
GET_ROWS: 1 x 6.96 us = 6.96 us
GLU: 1 x 1.72 us = 1.72 us
MUL_MAT f32 m=256 n=16 k=256: 1 x 3.16 us = 3.16 us (662.359 GFLOPS/s)
MUL_MAT f32 m=256 n=96 k=256: 1 x 1.84 us = 1.84 us (6825.18 GFLOPS/s)
MUL_MAT f32 m=64 n=384 k=64: 1 x 3.8 us = 3.8 us (821.356 GFLOPS/s)
MUL_MAT f32 m=64 n=64 k=64: 1 x 3.8 us = 3.8 us (136.893 GFLOPS/s)
MUL_MAT_ADD MUL_MAT_VEC q6_K m=5120 n=4 k=17408: 1 x 150.77 us = 150.77 us (4729.13 GFLOPS/s)
MUL_MAT_ADD MUL_MAT_VEC q6_K m=5120 n=4 k=6144: 1 x 60.04 us = 60.04 us (4191.17 GFLOPS/s)
MUL_MAT_VEC q6_K m=1024 n=4 k=5120: 2 x 8.58 us = 17.16 us (4887.99 GFLOPS/s)
MUL_MAT_VEC q6_K m=12288 n=4 k=5120: 1 x 115.23 us = 115.23 us (4367.5 GFLOPS/s)
MUL_MAT_VEC q6_K m=17408 n=4 k=5120: 2 x 128.22 us = 256.44 us (5560.46 GFLOPS/s)
MUL_MAT_VEC q8_0 m=5120 n=4 k=10240: 1 x 105.76 us = 105.76 us (3965.68 GFLOPS/s)
RMS_NORM_MUL RMS_NORM(256,24,4,1): 1 x 3.8 us = 3.8 us
RMS_NORM_MUL RMS_NORM(256,4,4,1): 1 x 3.76 us = 3.76 us
RMS_NORM_MUL RMS_NORM(5120,4,1,1): 5 x 8.932 us = 44.66 us
ROPE: 2 x 3.8 us = 7.6 us
SET_ROWS: 2 x 2.98 us = 5.96 us
SIGMOID_MUL SIGMOID: 1 x 1.68 us = 1.68 us
Total time: 822.5 us.
----------------
Vulkan Timings:
ADD: 48 x 4.457 us = 213.96 us
CONT: 16 x 4.445 us = 71.12 us
FLASH_ATTN_EXT dst(256,24,1,1),  q(256,1,24,1),  k(256,256,4,1),  v(256,256,4,1),  m(256,1,1,1): 16 x 16.362 us = 261.8 us (384.505 GFLOPS/s)
GDN_CACHE GATED_DELTA_NET: 48 x 6.289 us = 301.88 us
GDN_CONV_STATE CONCAT: 48 x 2.645 us = 127 us
GET_ROWS: 3 x 6.986 us = 20.96 us
GLU: 64 x 1.918 us = 122.8 us
MUL_MAT f32 m=256 n=24 k=256: 16 x 1.985 us = 31.76 us (1581.65 GFLOPS/s)
MUL_MAT f32 m=64 n=16 k=64: 16 x 4.597 us = 73.56 us (28.2867 GFLOPS/s)
MUL_MAT f32 m=64 n=96 k=64: 16 x 3.5 us = 56 us (222.939 GFLOPS/s)
MUL_MAT_ADD MUL_MAT_VEC q6_K m=5120 n=1 k=17408: 64 x 123.079 us = 7877.08 us (1448.28 GFLOPS/s)
MUL_MAT_ADD MUL_MAT_VEC q6_K m=5120 n=1 k=6144: 16 x 48.947 us = 783.16 us (1285.24 GFLOPS/s)
MUL_MAT_VEC f32 m=256 n=4 k=256: 16 x 3.767 us = 60.28 us (138.889 GFLOPS/s)
MUL_MAT_VEC f32 m=48 n=1 k=5120: 96 x 3.669 us = 352.28 us (133.931 GFLOPS/s)
MUL_MAT_VEC q6_K m=1024 n=1 k=5120: 32 x 7.413 us = 237.24 us (1414.23 GFLOPS/s)
MUL_MAT_VEC q6_K m=10240 n=1 k=5120: 48 x 73.474 us = 3526.76 us (1427 GFLOPS/s)
MUL_MAT_VEC q6_K m=12288 n=1 k=5120: 16 x 91.995 us = 1471.92 us (1367.65 GFLOPS/s)
MUL_MAT_VEC q6_K m=17408 n=1 k=5120: 128 x 122.826 us = 15721.8 us (1451.16 GFLOPS/s)
MUL_MAT_VEC q6_K m=248320 n=1 k=5120: 1 x 1641.56 us = 1641.56 us (1548.86 GFLOPS/s)
MUL_MAT_VEC q6_K m=6144 n=1 k=5120: 48 x 48.708 us = 2338 us (1291.53 GFLOPS/s)
MUL_MAT_VEC q8_0 m=5120 n=1 k=6144: 48 x 60.3 us = 2894.44 us (1043.26 GFLOPS/s)
RMS_NORM_MUL RMS_NORM(256,24,1,1): 16 x 4.387 us = 70.2 us
RMS_NORM_MUL RMS_NORM(256,4,1,1): 16 x 4.587 us = 73.4 us
RMS_NORM_MUL RMS_NORM(5120,1,1,1): 129 x 2.889 us = 372.76 us
RMS_NORM_MUL_SILU_MUL RMS_NORM(128,48,1,1): 48 x 4.729 us = 227 us
RMS_NORM_SCALE RMS_NORM(128,16,1,1): 96 x 3.314 us = 318.16 us
ROPE: 32 x 4.377 us = 140.08 us
SET_ROWS: 32 x 3.746 us = 119.88 us
SIGMOID_MUL SIGMOID: 16 x 3.245 us = 51.92 us
SSM_CONV_SILU SSM_CONV: 48 x 7.008 us = 336.4 us
Total time: 39895.1 us.
----------------
Vulkan Timings:
CONCAT: 1 x 1.68 us = 1.68 us
CONT: 1 x 3.52 us = 3.52 us
FLASH_ATTN_EXT dst(256,24,1,1),  q(256,1,24,1),  k(256,256,4,1),  v(256,256,4,1),  m(256,1,1,1): 1 x 13.56 us = 13.56 us (463.972 GFLOPS/s)
GET_ROWS: 1 x 6.52 us = 6.52 us
GLU: 1 x 1.6 us = 1.6 us
MUL_MAT f32 m=256 n=24 k=256: 1 x 1.52 us = 1.52 us (2065.52 GFLOPS/s)
MUL_MAT f32 m=64 n=16 k=64: 1 x 1.8 us = 1.8 us (72.2489 GFLOPS/s)
MUL_MAT f32 m=64 n=96 k=64: 1 x 3.24 us = 3.24 us (240.83 GFLOPS/s)
MUL_MAT_ADD MUL_MAT_VEC q6_K m=5120 n=1 k=17408: 1 x 123.12 us = 123.12 us (1447.8 GFLOPS/s)
MUL_MAT_ADD MUL_MAT_VEC q6_K m=5120 n=1 k=6144: 1 x 47.8 us = 47.8 us (1316.1 GFLOPS/s)
MUL_MAT_VEC f32 m=256 n=4 k=256: 1 x 3.04 us = 3.04 us (172.126 GFLOPS/s)
MUL_MAT_VEC q6_K m=1024 n=1 k=5120: 2 x 8.78 us = 17.56 us (1194.16 GFLOPS/s)
MUL_MAT_VEC q6_K m=12288 n=1 k=5120: 1 x 90.04 us = 90.04 us (1397.34 GFLOPS/s)
MUL_MAT_VEC q6_K m=17408 n=1 k=5120: 2 x 121.68 us = 243.36 us (1464.83 GFLOPS/s)
MUL_MAT_VEC q8_0 m=5120 n=1 k=10240: 1 x 98.44 us = 98.44 us (1065.14 GFLOPS/s)
RMS_NORM_MUL RMS_NORM(256,24,1,1): 1 x 5.84 us = 5.84 us
RMS_NORM_MUL RMS_NORM(256,4,1,1): 1 x 4.84 us = 4.84 us
RMS_NORM_MUL RMS_NORM(5120,1,1,1): 5 x 8.656 us = 43.28 us
ROPE: 2 x 3.3 us = 6.6 us
SET_ROWS: 2 x 2.82 us = 5.64 us
SIGMOID_MUL SIGMOID: 1 x 1.64 us = 1.64 us
Total time: 724.64 us.
0.44.163.591 I slot print_timing: id  0 | task 0 | prompt eval time =     236.72 ms /    10 tokens (   23.67 ms per token,    42.24 tokens per second)
0.44.163.594 I slot print_timing: id  0 | task 0 |        eval time =    3788.17 ms /   160 tokens (   23.82 ms per token,    41.97 tokens per second)
0.44.163.595 I slot print_timing: id  0 | task 0 |       total time =    4024.89 ms /   170 tokens
0.44.163.599 I slot print_timing: id  0 | task 0 |    graphs reused =         63
0.44.163.602 I slot print_timing: id  0 | task 0 | draft acceptance = 0.35907 (   93 accepted /   259 generated), mean len =  2.43
0.44.163.630 I slot      release: id  0 | task 0 | stop processing: n_tokens = 169, truncated = 0
0.44.169.150 I srv    operator(): operator(): cleaning up before exit...
