0.00.000.276 I srv  llama_server: initializing ...
WARNING: radv is not a conformant Vulkan implementation, testing use only.
WARNING: radv is not a conformant Vulkan implementation, testing use only.
0.00.042.975 I cmn  common_param: common_params_print_info: verbosity = 3 (adjust with the `-lv N` CLI arg)
0.00.043.055 I srv          init: The UI is disabled
0.00.043.056 I srv          init: Use --ui/--no-ui (or deprecated --webui/--no-webui) to enable/disable
0.00.043.105 W srv  llama_server: security: no API key is set and CORS allows all origins (see https://github.com/ggml-org/llama.cpp/pull/25655)
0.00.044.297 I srv    load_model: loading model '/mnt/8724062a-75f8-4edf-8ca8-b7dd4e77ed30/models/qwen3.8:27b/unsloth/Qwen3.8-27B-Q6_K.gguf'
0.27.436.976 W common_init_result: --spec-draft-vocab without --spec-draft-vocab-file: using specials + lowest token ids
0.28.603.427 I cmn          init: llama threadpool init, n_threads = 8
----------------
Vulkan Timings:
ADD: 48 x 4.926 us = 236.48 us
CONT: 16 x 5.585 us = 89.36 us
FLASH_ATTN_EXT dst(256,24,2,1),  q(256,2,24,1),  k(256,256,4,1),  v(256,256,4,1),  m(256,2,1,1): 16 x 57.066 us = 913.07 us (220.494 GFLOPS/s)
GDN_CACHE GATED_DELTA_NET: 48 x 8.927 us = 428.52 us
GDN_CONV_STATE CONCAT: 48 x 3.605 us = 173.04 us
GET_ROWS: 3 x 19.16 us = 57.48 us
GLU: 64 x 2.021 us = 129.4 us
MUL_MAT f32 m=256 n=48 k=256: 16 x 2.445 us = 39.12 us (2568.17 GFLOPS/s)
MUL_MAT f32 m=64 n=192 k=64: 16 x 4.435 us = 70.96 us (351.877 GFLOPS/s)
MUL_MAT f32 m=64 n=32 k=64: 16 x 4.415 us = 70.64 us (58.9119 GFLOPS/s)
MUL_MAT_ADD MUL_MAT_VEC q6_K m=5120 n=2 k=17408: 64 x 132.984 us = 8511 us (2680.81 GFLOPS/s)
MUL_MAT_ADD MUL_MAT_VEC q6_K m=5120 n=2 k=6144: 16 x 53.065 us = 849.04 us (2371.03 GFLOPS/s)
MUL_MAT_VEC f32 m=256 n=8 k=256: 16 x 4.645 us = 74.32 us (225.302 GFLOPS/s)
MUL_MAT_VEC f32 m=48 n=2 k=5120: 96 x 5.901 us = 566.52 us (166.565 GFLOPS/s)
MUL_MAT_VEC q6_K m=1024 n=2 k=5120: 32 x 9.032 us = 289.04 us (2321.56 GFLOPS/s)
MUL_MAT_VEC q6_K m=10240 n=2 k=5120: 48 x 115.375 us = 5538.04 us (1817.49 GFLOPS/s)
MUL_MAT_VEC q6_K m=12288 n=2 k=5120: 16 x 93.357 us = 1493.72 us (2695.38 GFLOPS/s)
MUL_MAT_VEC q6_K m=17408 n=2 k=5120: 128 x 134.587 us = 17227.2 us (2648.69 GFLOPS/s)
MUL_MAT_VEC q6_K m=248320 n=1 k=5120: 1 x 1644.32 us = 1644.32 us (1546.26 GFLOPS/s)
MUL_MAT_VEC q6_K m=6144 n=2 k=5120: 48 x 66.76 us = 3204.48 us (1884.61 GFLOPS/s)
MUL_MAT_VEC q8_0 m=5120 n=2 k=6144: 48 x 114.68 us = 5504.64 us (1097.13 GFLOPS/s)
RMS_NORM_MUL RMS_NORM(256,24,2,1): 16 x 5.077 us = 81.24 us
RMS_NORM_MUL RMS_NORM(256,4,2,1): 16 x 5.302 us = 84.84 us
RMS_NORM_MUL RMS_NORM(5120,2,1,1): 129 x 4.202 us = 542.08 us
RMS_NORM_MUL_SILU_MUL RMS_NORM(128,48,2,1): 48 x 7.858 us = 377.2 us
RMS_NORM_SCALE RMS_NORM(128,16,2,1): 96 x 2.841 us = 272.76 us
ROPE: 32 x 4.888 us = 156.44 us
SCALE: 96 x 9.345 us = 897.12 us
SET_ROWS: 32 x 3.903 us = 124.92 us
SIGMOID_MUL SIGMOID: 16 x 5.14 us = 82.24 us
SSM_CONV_SILU SSM_CONV: 48 x 7.792 us = 374.04 us
Total time: 50103.3 us.
0.28.667.719 I common_speculative_init_result: creating MTP draft context against the target model '/mnt/8724062a-75f8-4edf-8ca8-b7dd4e77ed30/models/qwen3.8:27b/unsloth/Qwen3.8-27B-Q6_K.gguf'
0.28.680.546 W load_hparams: Qwen-VL models require at minimum 1024 image tokens to function correctly on grounding tasks
0.28.680.549 W load_hparams: if you encounter problems with accuracy, try adding --image-min-tokens 1024
0.28.680.549 W load_hparams: more info: https://github.com/ggml-org/llama.cpp/issues/16842

0.30.770.991 I srv    load_model: loaded multimodal model, '/mnt/8724062a-75f8-4edf-8ca8-b7dd4e77ed30/models/qwen3.8:27b/unsloth/mmproj-F16.gguf'
0.30.771.012 I srv    load_model: initializing, n_slots = 1, n_ctx_slot = 16384, kv_unified = 'false'
0.30.771.135 I spec common_specu: adaptive draft vocab: subset 98304 rows while <= 3 per 256 recent context tokens fall outside it
----------------
Vulkan Timings:
CONCAT: 1 x 1.8 us = 1.8 us
CONT: 1 x 3.88 us = 3.88 us
FLASH_ATTN_EXT dst(256,24,2,1),  q(256,2,24,1),  k(256,256,4,1),  v(256,256,4,1),  m(256,2,1,1): 1 x 187.3 us = 187.3 us (67.1805 GFLOPS/s)
GET_ROWS: 3 x 18.993 us = 56.98 us
GLU: 1 x 1.56 us = 1.56 us
MUL_MAT f32 m=256 n=48 k=256: 1 x 1.56 us = 1.56 us (4025.11 GFLOPS/s)
MUL_MAT f32 m=64 n=192 k=64: 1 x 3.36 us = 3.36 us (464.457 GFLOPS/s)
MUL_MAT f32 m=64 n=32 k=64: 1 x 1.8 us = 1.8 us (144.498 GFLOPS/s)
MUL_MAT_ADD MUL_MAT_VEC q6_K m=5120 n=2 k=17408: 1 x 322.63 us = 322.63 us (1105 GFLOPS/s)
MUL_MAT_ADD MUL_MAT_VEC q6_K m=5120 n=2 k=6144: 1 x 49.44 us = 49.44 us (2544.88 GFLOPS/s)
MUL_MAT_VEC f32 m=256 n=8 k=256: 1 x 3.04 us = 3.04 us (344.253 GFLOPS/s)
MUL_MAT_VEC q6_K m=1024 n=2 k=5120: 2 x 9.34 us = 18.68 us (2245.13 GFLOPS/s)
MUL_MAT_VEC q6_K m=12288 n=2 k=5120: 1 x 88.32 us = 88.32 us (2849.11 GFLOPS/s)
MUL_MAT_VEC q6_K m=17408 n=2 k=5120: 2 x 119.5 us = 239 us (2983.1 GFLOPS/s)
MUL_MAT_VEC q6_K m=248320 n=1 k=5120: 1 x 1642.92 us = 1642.92 us (1547.58 GFLOPS/s)
MUL_MAT_VEC q8_0 m=5120 n=2 k=10240: 1 x 353.03 us = 353.03 us (594.015 GFLOPS/s)
PAD: 1 x 10.64 us = 10.64 us
RMS_NORM_MUL RMS_NORM(256,24,2,1): 1 x 5.4 us = 5.4 us
RMS_NORM_MUL RMS_NORM(256,4,2,1): 1 x 4.88 us = 4.88 us
RMS_NORM_MUL RMS_NORM(5120,2,1,1): 5 x 4.968 us = 24.84 us
ROPE: 2 x 3.36 us = 6.72 us
SET_ROWS: 2 x 2.16 us = 4.32 us
SIGMOID_MUL SIGMOID: 1 x 1.64 us = 1.64 us
TOP_K K=10 (248320,1,1,1): 1 x 671.33 us = 671.33 us
Total time: 3705.07 us.
0.30.811.486 W srv          init: chat template supports preserving reasoning, it is enabled by default (may use more tokens, disable via --no-reasoning-preserve)
0.30.811.518 I srv  llama_server: model loaded
0.30.811.520 I srv  llama_server: listening on http://127.0.0.1:8103
0.35.129.494 I slot get_availabl: id  0 | task -1 | selected slot by LRU, t_last = -1
0.35.129.533 I slot launch_slot_: id  0 | task 0 | processing task, is_child = 0
----------------
Vulkan Timings:
ADD: 48 x 3.302 us = 158.52 us
CONT: 16 x 4.117 us = 65.88 us
FLASH_ATTN_EXT dst(256,24,6,1),  q(256,6,24,1),  k(256,256,4,1),  v(256,256,4,1),  m(256,6,1,1): 16 x 29.265 us = 468.24 us (1289.89 GFLOPS/s)
GDN_CACHE GATED_DELTA_NET: 48 x 15.27 us = 732.96 us
GDN_CONV_STATE CONCAT: 48 x 4.482 us = 215.16 us
GET_ROWS: 1 x 38.8 us = 38.8 us
GLU: 64 x 2.06 us = 131.84 us
MUL_MAT f32 m=256 n=144 k=256: 16 x 1.912 us = 30.6 us (9849.68 GFLOPS/s)
MUL_MAT f32 m=256 n=24 k=256: 16 x 2.035 us = 32.56 us (1542.79 GFLOPS/s)
MUL_MAT f32 m=64 n=576 k=64: 16 x 4.282 us = 68.52 us (1093.22 GFLOPS/s)
MUL_MAT f32 m=64 n=96 k=64: 16 x 2.97 us = 47.52 us (262.723 GFLOPS/s)
MUL_MAT_ADD MUL_MAT_VEC q6_K m=5120 n=6 k=17408: 64 x 248.822 us = 15924.6 us (4298.32 GFLOPS/s)
MUL_MAT_ADD MUL_MAT_VEC q6_K m=5120 n=6 k=6144: 16 x 92.06 us = 1472.96 us (4100.12 GFLOPS/s)
MUL_MAT_VEC f32 m=48 n=6 k=5120: 96 x 6.195 us = 594.76 us (475.97 GFLOPS/s)
MUL_MAT_VEC q6_K m=1024 n=6 k=5120: 32 x 13.596 us = 435.08 us (4626.89 GFLOPS/s)
MUL_MAT_VEC q6_K m=10240 n=6 k=5120: 48 x 188.189 us = 9033.09 us (3342.83 GFLOPS/s)
MUL_MAT_VEC q6_K m=12288 n=6 k=5120: 16 x 173.952 us = 2783.24 us (4339.7 GFLOPS/s)
MUL_MAT_VEC q6_K m=17408 n=6 k=5120: 128 x 226.245 us = 28959.4 us (4726.91 GFLOPS/s)
MUL_MAT_VEC q6_K m=6144 n=6 k=5120: 48 x 95.955 us = 4605.88 us (3933.59 GFLOPS/s)
MUL_MAT_VEC q8_0 m=5120 n=6 k=6144: 48 x 83.433 us = 4004.81 us (4524.04 GFLOPS/s)
RMS_NORM_MUL RMS_NORM(256,24,6,1): 16 x 3.395 us = 54.32 us
RMS_NORM_MUL RMS_NORM(256,4,6,1): 16 x 4.875 us = 78 us
RMS_NORM_MUL RMS_NORM(5120,6,1,1): 129 x 5.83 us = 752.16 us
RMS_NORM_MUL_SILU_MUL RMS_NORM(128,48,6,1): 48 x 6.038 us = 289.84 us
RMS_NORM_SCALE RMS_NORM(128,16,6,1): 96 x 2.62 us = 251.52 us
ROPE: 32 x 4.471 us = 143.08 us
SCALE: 96 x 8.219 us = 789.08 us
SET_ROWS: 32 x 10.373 us = 331.96 us
SIGMOID_MUL SIGMOID: 16 x 4.727 us = 75.64 us
SSM_CONV_SILU SSM_CONV: 48 x 5.824 us = 279.56 us
Total time: 72849.6 us.
----------------
Vulkan Timings:
CONCAT: 1 x 4.68 us = 4.68 us
CONT: 1 x 4.08 us = 4.08 us
FLASH_ATTN_EXT dst(256,24,6,1),  q(256,6,24,1),  k(256,256,4,1),  v(256,256,4,1),  m(256,6,1,1): 1 x 140.53 us = 140.53 us (268.617 GFLOPS/s)
GET_ROWS: 1 x 7.48 us = 7.48 us
GLU: 1 x 1.8 us = 1.8 us
MUL_MAT f32 m=256 n=144 k=256: 1 x 1.72 us = 1.72 us (10952 GFLOPS/s)
MUL_MAT f32 m=256 n=24 k=256: 1 x 0.88 us = 0.88 us (3567.71 GFLOPS/s)
MUL_MAT f32 m=64 n=576 k=64: 1 x 3.16 us = 3.16 us (1481.56 GFLOPS/s)
MUL_MAT f32 m=64 n=96 k=64: 1 x 3.64 us = 3.64 us (214.365 GFLOPS/s)
MUL_MAT_ADD MUL_MAT_VEC q6_K m=5120 n=6 k=17408: 1 x 371.13 us = 371.13 us (2881.78 GFLOPS/s)
MUL_MAT_ADD MUL_MAT_VEC q6_K m=5120 n=6 k=6144: 1 x 79.36 us = 79.36 us (4756.26 GFLOPS/s)
MUL_MAT_VEC q6_K m=1024 n=6 k=5120: 2 x 14.9 us = 29.8 us (4222.04 GFLOPS/s)
MUL_MAT_VEC q6_K m=12288 n=6 k=5120: 1 x 195.29 us = 195.29 us (3865.54 GFLOPS/s)
MUL_MAT_VEC q6_K m=17408 n=6 k=5120: 2 x 198.1 us = 396.2 us (5398.5 GFLOPS/s)
MUL_MAT_VEC q8_0 m=5120 n=6 k=10240: 1 x 240.12 us = 240.12 us (2620 GFLOPS/s)
RMS_NORM_MUL RMS_NORM(256,24,6,1): 1 x 3.92 us = 3.92 us
RMS_NORM_MUL RMS_NORM(256,4,6,1): 1 x 3.36 us = 3.36 us
RMS_NORM_MUL RMS_NORM(5120,6,1,1): 5 x 9.704 us = 48.52 us
ROPE: 2 x 3.48 us = 6.96 us
SET_ROWS: 2 x 3.32 us = 6.64 us
SIGMOID_MUL SIGMOID: 1 x 3.6 us = 3.6 us
Total time: 1552.87 us.
----------------
Vulkan Timings:
ADD: 48 x 4.159 us = 199.64 us
CONT: 16 x 5.055 us = 80.88 us
FLASH_ATTN_EXT dst(256,24,4,1),  q(256,4,24,1),  k(256,256,4,1),  v(256,256,4,1),  m(256,4,1,1): 16 x 24.5 us = 392 us (1027.18 GFLOPS/s)
GDN_CACHE GATED_DELTA_NET: 48 x 14.252 us = 684.12 us
GDN_CONV_STATE CONCAT: 48 x 4.045 us = 194.2 us
GET_ROWS: 3 x 13.56 us = 40.68 us
GLU: 64 x 2.018 us = 129.2 us
MUL_MAT f32 m=256 n=16 k=256: 16 x 3.68 us = 58.88 us (568.765 GFLOPS/s)
MUL_MAT f32 m=256 n=96 k=256: 16 x 2.215 us = 35.44 us (5669.68 GFLOPS/s)
MUL_MAT f32 m=64 n=384 k=64: 16 x 4.592 us = 73.48 us (679.619 GFLOPS/s)
MUL_MAT f32 m=64 n=64 k=64: 16 x 3.747 us = 59.96 us (138.81 GFLOPS/s)
MUL_MAT_ADD MUL_MAT_VEC q6_K m=5120 n=4 k=17408: 64 x 143.452 us = 9180.98 us (4970.35 GFLOPS/s)
MUL_MAT_ADD MUL_MAT_VEC q6_K m=5120 n=4 k=6144: 16 x 58.24 us = 931.84 us (4320.7 GFLOPS/s)
MUL_MAT_VEC f32 m=48 n=4 k=5120: 96 x 8.298 us = 796.64 us (236.902 GFLOPS/s)
MUL_MAT_VEC q6_K m=1024 n=4 k=5120: 32 x 8.922 us = 285.52 us (4700.36 GFLOPS/s)
MUL_MAT_VEC q6_K m=10240 n=4 k=5120: 48 x 89.972 us = 4318.68 us (4661.31 GFLOPS/s)
MUL_MAT_VEC q6_K m=12288 n=4 k=5120: 16 x 108.04 us = 1728.64 us (4658.16 GFLOPS/s)
MUL_MAT_VEC q6_K m=17408 n=4 k=5120: 128 x 152.682 us = 19543.3 us (4669.58 GFLOPS/s)
MUL_MAT_VEC q6_K m=248320 n=1 k=5120: 1 x 1643.92 us = 1643.92 us (1546.64 GFLOPS/s)
MUL_MAT_VEC q6_K m=6144 n=4 k=5120: 48 x 63.715 us = 3058.32 us (3949.36 GFLOPS/s)
MUL_MAT_VEC q8_0 m=5120 n=4 k=6144: 48 x 71.733 us = 3443.2 us (3507.96 GFLOPS/s)
RMS_NORM_MUL RMS_NORM(256,24,4,1): 16 x 3.132 us = 50.12 us
RMS_NORM_MUL RMS_NORM(256,4,4,1): 16 x 4.847 us = 77.56 us
RMS_NORM_MUL RMS_NORM(5120,4,1,1): 129 x 3.383 us = 436.44 us
RMS_NORM_MUL_SILU_MUL RMS_NORM(128,48,4,1): 48 x 6.15 us = 295.24 us
RMS_NORM_SCALE RMS_NORM(128,16,4,1): 96 x 2.338 us = 224.52 us
ROPE: 32 x 5.471 us = 175.08 us
SET_ROWS: 32 x 3.788 us = 121.24 us
SIGMOID_MUL SIGMOID: 16 x 3.46 us = 55.36 us
SSM_CONV_SILU SSM_CONV: 48 x 5.71 us = 274.08 us
Total time: 48589.2 us.
----------------
Vulkan Timings:
CONCAT: 1 x 3.36 us = 3.36 us
CONT: 1 x 3.76 us = 3.76 us
FLASH_ATTN_EXT dst(256,24,4,1),  q(256,4,24,1),  k(256,256,4,1),  v(256,256,4,1),  m(256,4,1,1): 1 x 21.8 us = 21.8 us (1154.4 GFLOPS/s)
GET_ROWS: 1 x 7.12 us = 7.12 us
GLU: 1 x 1.88 us = 1.88 us
MUL_MAT f32 m=256 n=16 k=256: 1 x 3.12 us = 3.12 us (670.851 GFLOPS/s)
MUL_MAT f32 m=256 n=96 k=256: 1 x 1.72 us = 1.72 us (7301.36 GFLOPS/s)
MUL_MAT f32 m=64 n=384 k=64: 1 x 3.4 us = 3.4 us (917.986 GFLOPS/s)
MUL_MAT f32 m=64 n=64 k=64: 1 x 1.88 us = 1.88 us (276.698 GFLOPS/s)
MUL_MAT_ADD MUL_MAT_VEC q6_K m=5120 n=4 k=17408: 1 x 135.32 us = 135.32 us (5269.07 GFLOPS/s)
MUL_MAT_ADD MUL_MAT_VEC q6_K m=5120 n=4 k=6144: 1 x 51.76 us = 51.76 us (4861.63 GFLOPS/s)
MUL_MAT_VEC q6_K m=1024 n=4 k=5120: 2 x 13.64 us = 27.28 us (3074.7 GFLOPS/s)
MUL_MAT_VEC q6_K m=12288 n=4 k=5120: 1 x 92.92 us = 92.92 us (5416.14 GFLOPS/s)
MUL_MAT_VEC q6_K m=17408 n=4 k=5120: 2 x 130.24 us = 260.48 us (5474.22 GFLOPS/s)
MUL_MAT_VEC q8_0 m=5120 n=4 k=10240: 1 x 105.88 us = 105.88 us (3961.18 GFLOPS/s)
RMS_NORM_MUL RMS_NORM(256,24,4,1): 1 x 3.44 us = 3.44 us
RMS_NORM_MUL RMS_NORM(256,4,4,1): 1 x 5 us = 5 us
RMS_NORM_MUL RMS_NORM(5120,4,1,1): 5 x 8.922 us = 44.61 us
ROPE: 2 x 3.5 us = 7 us
SET_ROWS: 2 x 3.06 us = 6.12 us
SIGMOID_MUL SIGMOID: 1 x 1.64 us = 1.64 us
Total time: 789.49 us.
0.35.386.420 I spec        begin: adaptive draft vocab: cumulative draft steps subset 0 / 0 (0.0000), switches 0
----------------
Vulkan Timings:
CONCAT: 1 x 3.64 us = 3.64 us
CONT: 1 x 3.6 us = 3.6 us
FLASH_ATTN_EXT dst(256,24,1,1),  q(256,1,24,1),  k(256,256,4,1),  v(256,256,4,1),  m(256,1,1,1): 1 x 13.48 us = 13.48 us (466.725 GFLOPS/s)
GET_ROWS: 3 x 5.106 us = 15.32 us
GLU: 1 x 1.6 us = 1.6 us
MUL_MAT f32 m=256 n=24 k=256: 1 x 1.48 us = 1.48 us (2121.34 GFLOPS/s)
MUL_MAT f32 m=64 n=16 k=64: 1 x 1.8 us = 1.8 us (72.2489 GFLOPS/s)
MUL_MAT f32 m=64 n=96 k=64: 1 x 3.36 us = 3.36 us (232.229 GFLOPS/s)
MUL_MAT_ADD MUL_MAT_VEC q6_K m=5120 n=1 k=17408: 1 x 123.24 us = 123.24 us (1446.39 GFLOPS/s)
MUL_MAT_ADD MUL_MAT_VEC q6_K m=5120 n=1 k=6144: 1 x 47.88 us = 47.88 us (1313.9 GFLOPS/s)
MUL_MAT_VEC f32 m=256 n=4 k=256: 1 x 3.16 us = 3.16 us (165.59 GFLOPS/s)
MUL_MAT_VEC q6_K m=1024 n=1 k=5120: 2 x 8.84 us = 17.68 us (1186.06 GFLOPS/s)
MUL_MAT_VEC q6_K m=12288 n=1 k=5120: 1 x 553.98 us = 553.98 us (227.114 GFLOPS/s)
MUL_MAT_VEC q6_K m=17408 n=1 k=5120: 2 x 121.4 us = 242.8 us (1468.21 GFLOPS/s)
MUL_MAT_VEC q6_K m=98304 n=1 k=5120: 1 x 677.2 us = 677.2 us (1486.32 GFLOPS/s)
MUL_MAT_VEC q8_0 m=5120 n=1 k=10240: 1 x 656.09 us = 656.09 us (159.814 GFLOPS/s)
PAD: 1 x 7.24 us = 7.24 us
RMS_NORM_MUL RMS_NORM(256,24,1,1): 1 x 5.92 us = 5.92 us
RMS_NORM_MUL RMS_NORM(256,4,1,1): 1 x 5.08 us = 5.08 us
RMS_NORM_MUL RMS_NORM(5120,1,1,1): 5 x 3.8 us = 19 us
ROPE: 2 x 3.46 us = 6.92 us
SET_ROWS: 2 x 2.84 us = 5.68 us
SIGMOID_MUL SIGMOID: 1 x 1.6 us = 1.6 us
TOP_K K=10 (98304,1,1,1): 1 x 9.28 us = 9.28 us
Total time: 2427.03 us.
----------------
Vulkan Timings:
CONCAT: 1 x 1.68 us = 1.68 us
CONT: 1 x 3.76 us = 3.76 us
FLASH_ATTN_EXT dst(256,24,1,1),  q(256,1,24,1),  k(256,256,4,1),  v(256,256,4,1),  m(256,1,1,1): 1 x 14 us = 14 us (449.39 GFLOPS/s)
GET_ROWS: 3 x 4.946 us = 14.84 us
GLU: 1 x 1.88 us = 1.88 us
MUL_MAT f32 m=256 n=24 k=256: 1 x 1.72 us = 1.72 us (1825.34 GFLOPS/s)
MUL_MAT f32 m=64 n=16 k=64: 1 x 3.76 us = 3.76 us (34.5872 GFLOPS/s)
MUL_MAT f32 m=64 n=96 k=64: 1 x 3.8 us = 3.8 us (205.339 GFLOPS/s)
MUL_MAT_ADD MUL_MAT_VEC q6_K m=5120 n=1 k=17408: 1 x 123.28 us = 123.28 us (1445.92 GFLOPS/s)
MUL_MAT_ADD MUL_MAT_VEC q6_K m=5120 n=1 k=6144: 1 x 54.4 us = 54.4 us (1156.42 GFLOPS/s)
MUL_MAT_VEC f32 m=256 n=4 k=256: 1 x 3.16 us = 3.16 us (165.59 GFLOPS/s)
MUL_MAT_VEC q6_K m=1024 n=1 k=5120: 2 x 8.94 us = 17.88 us (1172.79 GFLOPS/s)
MUL_MAT_VEC q6_K m=12288 n=1 k=5120: 1 x 85.24 us = 85.24 us (1476.03 GFLOPS/s)
MUL_MAT_VEC q6_K m=17408 n=1 k=5120: 2 x 121.7 us = 243.4 us (1464.59 GFLOPS/s)
MUL_MAT_VEC q6_K m=98304 n=1 k=5120: 1 x 671.53 us = 671.53 us (1498.87 GFLOPS/s)
MUL_MAT_VEC q8_0 m=5120 n=1 k=10240: 1 x 101 us = 101 us (1038.14 GFLOPS/s)
PAD: 1 x 8.84 us = 8.84 us
RMS_NORM_MUL RMS_NORM(256,24,1,1): 1 x 5.6 us = 5.6 us
RMS_NORM_MUL RMS_NORM(256,4,1,1): 1 x 3.76 us = 3.76 us
RMS_NORM_MUL RMS_NORM(5120,1,1,1): 5 x 3.704 us = 18.52 us
ROPE: 2 x 3.7 us = 7.4 us
SET_ROWS: 2 x 2.98 us = 5.96 us
SIGMOID_MUL SIGMOID: 1 x 1.68 us = 1.68 us
TOP_K K=10 (98304,1,1,1): 1 x 6.76 us = 6.76 us
Total time: 1403.85 us.
----------------
Vulkan Timings:
CONCAT: 1 x 1.72 us = 1.72 us
CONT: 1 x 3.76 us = 3.76 us
FLASH_ATTN_EXT dst(256,24,1,1),  q(256,1,24,1),  k(256,256,4,1),  v(256,256,4,1),  m(256,1,1,1): 1 x 14.04 us = 14.04 us (448.109 GFLOPS/s)
GET_ROWS: 3 x 4.92 us = 14.76 us
GLU: 1 x 1.84 us = 1.84 us
MUL_MAT f32 m=256 n=24 k=256: 1 x 1.64 us = 1.64 us (1914.38 GFLOPS/s)
MUL_MAT f32 m=64 n=16 k=64: 1 x 3.8 us = 3.8 us (34.2232 GFLOPS/s)
MUL_MAT f32 m=64 n=96 k=64: 1 x 3.72 us = 3.72 us (209.755 GFLOPS/s)
MUL_MAT_ADD MUL_MAT_VEC q6_K m=5120 n=1 k=17408: 1 x 124.2 us = 124.2 us (1435.21 GFLOPS/s)
MUL_MAT_ADD MUL_MAT_VEC q6_K m=5120 n=1 k=6144: 1 x 54 us = 54 us (1164.99 GFLOPS/s)
MUL_MAT_VEC f32 m=256 n=4 k=256: 1 x 3.16 us = 3.16 us (165.59 GFLOPS/s)
MUL_MAT_VEC q6_K m=1024 n=1 k=5120: 2 x 8.82 us = 17.64 us (1188.75 GFLOPS/s)
MUL_MAT_VEC q6_K m=12288 n=1 k=5120: 1 x 86 us = 86 us (1462.99 GFLOPS/s)
MUL_MAT_VEC q6_K m=17408 n=1 k=5120: 2 x 121.9 us = 243.8 us (1462.19 GFLOPS/s)
MUL_MAT_VEC q6_K m=98304 n=1 k=5120: 1 x 670.49 us = 670.49 us (1501.19 GFLOPS/s)
MUL_MAT_VEC q8_0 m=5120 n=1 k=10240: 1 x 101.44 us = 101.44 us (1033.64 GFLOPS/s)
PAD: 1 x 6.52 us = 6.52 us
RMS_NORM_MUL RMS_NORM(256,24,1,1): 1 x 5.6 us = 5.6 us
RMS_NORM_MUL RMS_NORM(256,4,1,1): 1 x 3.76 us = 3.76 us
RMS_NORM_MUL RMS_NORM(5120,1,1,1): 5 x 3.728 us = 18.64 us
ROPE: 2 x 3.74 us = 7.48 us
SET_ROWS: 2 x 2.98 us = 5.96 us
SIGMOID_MUL SIGMOID: 1 x 1.68 us = 1.68 us
TOP_K K=10 (98304,1,1,1): 1 x 9.28 us = 9.28 us
Total time: 1404.93 us.
----------------
Vulkan Timings:
CONCAT: 1 x 1.64 us = 1.64 us
CONT: 1 x 3.76 us = 3.76 us
FLASH_ATTN_EXT dst(256,24,1,1),  q(256,1,24,1),  k(256,256,4,1),  v(256,256,4,1),  m(256,1,1,1): 1 x 13.84 us = 13.84 us (454.585 GFLOPS/s)
GET_ROWS: 3 x 4.986 us = 14.96 us
GLU: 1 x 1.84 us = 1.84 us
MUL_MAT f32 m=256 n=24 k=256: 1 x 1.6 us = 1.6 us (1962.24 GFLOPS/s)
MUL_MAT f32 m=64 n=16 k=64: 1 x 3.8 us = 3.8 us (34.2232 GFLOPS/s)
MUL_MAT f32 m=64 n=96 k=64: 1 x 3.76 us = 3.76 us (207.523 GFLOPS/s)
MUL_MAT_ADD MUL_MAT_VEC q6_K m=5120 n=1 k=17408: 1 x 124.44 us = 124.44 us (1432.44 GFLOPS/s)
MUL_MAT_ADD MUL_MAT_VEC q6_K m=5120 n=1 k=6144: 1 x 54 us = 54 us (1164.99 GFLOPS/s)
MUL_MAT_VEC f32 m=256 n=4 k=256: 1 x 3.16 us = 3.16 us (165.59 GFLOPS/s)
MUL_MAT_VEC q6_K m=1024 n=1 k=5120: 2 x 8.78 us = 17.56 us (1194.16 GFLOPS/s)
MUL_MAT_VEC q6_K m=12288 n=1 k=5120: 1 x 85.28 us = 85.28 us (1475.34 GFLOPS/s)
MUL_MAT_VEC q6_K m=17408 n=1 k=5120: 2 x 121.82 us = 243.64 us (1463.15 GFLOPS/s)
MUL_MAT_VEC q6_K m=98304 n=1 k=5120: 1 x 673.41 us = 673.41 us (1494.68 GFLOPS/s)
MUL_MAT_VEC q8_0 m=5120 n=1 k=10240: 1 x 101.04 us = 101.04 us (1037.73 GFLOPS/s)
PAD: 1 x 6.52 us = 6.52 us
RMS_NORM_MUL RMS_NORM(256,24,1,1): 1 x 5.6 us = 5.6 us
RMS_NORM_MUL RMS_NORM(256,4,1,1): 1 x 3.72 us = 3.72 us
RMS_NORM_MUL RMS_NORM(5120,1,1,1): 5 x 3.68 us = 18.4 us
ROPE: 2 x 3.74 us = 7.48 us
SET_ROWS: 2 x 2.96 us = 5.92 us
SIGMOID_MUL SIGMOID: 1 x 1.68 us = 1.68 us
TOP_K K=10 (98304,1,1,1): 1 x 9.08 us = 9.08 us
Total time: 1406.13 us.
----------------
Vulkan Timings:
ADD: 48 x 3.674 us = 176.36 us
CONT: 16 x 4.747 us = 75.96 us
FLASH_ATTN_EXT dst(256,24,5,1),  q(256,5,24,1),  k(256,256,4,1),  v(256,256,4,1),  m(256,5,1,1): 16 x 25.8 us = 412.8 us (1219.27 GFLOPS/s)
GDN_CACHE GATED_DELTA_NET: 48 x 14.993 us = 719.68 us
GDN_CONV_STATE CONCAT: 48 x 3.867 us = 185.64 us
GET_ROWS: 3 x 13.333 us = 40 us
GLU: 64 x 2.773 us = 177.48 us
MUL_MAT f32 m=256 n=120 k=256: 16 x 1.985 us = 31.76 us (7908.27 GFLOPS/s)
MUL_MAT f32 m=256 n=20 k=256: 16 x 4.21 us = 67.36 us (621.454 GFLOPS/s)
MUL_MAT f32 m=64 n=480 k=64: 16 x 4.242 us = 67.88 us (919.609 GFLOPS/s)
MUL_MAT f32 m=64 n=80 k=64: 16 x 4.335 us = 69.36 us (149.998 GFLOPS/s)
MUL_MAT_ADD MUL_MAT_VEC q6_K m=5120 n=5 k=17408: 64 x 240.856 us = 15414.8 us (3700.39 GFLOPS/s)
MUL_MAT_ADD MUL_MAT_VEC q6_K m=5120 n=5 k=6144: 16 x 88.965 us = 1423.44 us (3535.63 GFLOPS/s)
MUL_MAT_VEC f32 m=48 n=5 k=5120: 96 x 5.814 us = 558.2 us (422.62 GFLOPS/s)
MUL_MAT_VEC q6_K m=1024 n=5 k=5120: 32 x 13.741 us = 439.72 us (3815.06 GFLOPS/s)
MUL_MAT_VEC q6_K m=10240 n=5 k=5120: 48 x 129.671 us = 6224.24 us (4042.8 GFLOPS/s)
MUL_MAT_VEC q6_K m=12288 n=5 k=5120: 16 x 165.68 us = 2650.88 us (3796.98 GFLOPS/s)
MUL_MAT_VEC q6_K m=17408 n=5 k=5120: 128 x 212.924 us = 27254.3 us (4185.54 GFLOPS/s)
MUL_MAT_VEC q6_K m=248320 n=5 k=5120: 1 x 2420.08 us = 2420.08 us (5253.03 GFLOPS/s)
MUL_MAT_VEC q6_K m=6144 n=5 k=5120: 48 x 83.38 us = 4002.24 us (3772.39 GFLOPS/s)
MUL_MAT_VEC q8_0 m=5120 n=5 k=6144: 48 x 66.639 us = 3198.68 us (4720.16 GFLOPS/s)
RMS_NORM_MUL RMS_NORM(256,24,5,1): 16 x 3.387 us = 54.2 us
RMS_NORM_MUL RMS_NORM(256,4,5,1): 16 x 4.53 us = 72.48 us
RMS_NORM_MUL RMS_NORM(5120,5,1,1): 129 x 5.49 us = 708.32 us
RMS_NORM_MUL_SILU_MUL RMS_NORM(128,48,5,1): 48 x 6.145 us = 294.96 us
RMS_NORM_SCALE RMS_NORM(128,16,5,1): 96 x 2.545 us = 244.4 us
ROPE: 32 x 5.133 us = 164.28 us
SET_ROWS: 32 x 3.526 us = 112.84 us
SIGMOID_MUL SIGMOID: 16 x 5.05 us = 80.8 us
SSM_CONV_SILU SSM_CONV: 48 x 5.428 us = 260.56 us
Total time: 67603.8 us.
----------------
Vulkan Timings:
CONCAT: 1 x 4.12 us = 4.12 us
CONT: 1 x 3.88 us = 3.88 us
FLASH_ATTN_EXT dst(256,24,5,1),  q(256,5,24,1),  k(256,256,4,1),  v(256,256,4,1),  m(256,5,1,1): 1 x 23.76 us = 23.76 us (1323.96 GFLOPS/s)
GET_ROWS: 1 x 7.48 us = 7.48 us
GLU: 1 x 1.52 us = 1.52 us
MUL_MAT f32 m=256 n=120 k=256: 1 x 1.72 us = 1.72 us (9126.7 GFLOPS/s)
MUL_MAT f32 m=256 n=20 k=256: 1 x 3.24 us = 3.24 us (807.506 GFLOPS/s)
MUL_MAT f32 m=64 n=480 k=64: 1 x 3.88 us = 3.88 us (1005.53 GFLOPS/s)
MUL_MAT f32 m=64 n=80 k=64: 1 x 3.84 us = 3.84 us (169.333 GFLOPS/s)
MUL_MAT_ADD MUL_MAT_VEC q6_K m=5120 n=5 k=17408: 1 x 223.84 us = 223.84 us (3981.7 GFLOPS/s)
MUL_MAT_ADD MUL_MAT_VEC q6_K m=5120 n=5 k=6144: 1 x 86.56 us = 86.56 us (3633.86 GFLOPS/s)
MUL_MAT_VEC q6_K m=1024 n=5 k=5120: 2 x 16.04 us = 32.08 us (3268.31 GFLOPS/s)
MUL_MAT_VEC q6_K m=12288 n=5 k=5120: 1 x 154.03 us = 154.03 us (4084.17 GFLOPS/s)
MUL_MAT_VEC q6_K m=17408 n=5 k=5120: 2 x 183.16 us = 366.32 us (4865.71 GFLOPS/s)
MUL_MAT_VEC q8_0 m=5120 n=5 k=10240: 1 x 105.4 us = 105.4 us (4974.03 GFLOPS/s)
RMS_NORM_MUL RMS_NORM(256,24,5,1): 1 x 3.96 us = 3.96 us
RMS_NORM_MUL RMS_NORM(256,4,5,1): 1 x 3.8 us = 3.8 us
RMS_NORM_MUL RMS_NORM(5120,5,1,1): 5 x 8.884 us = 44.42 us
ROPE: 2 x 3.84 us = 7.68 us
SET_ROWS: 2 x 3.14 us = 6.28 us
SIGMOID_MUL SIGMOID: 1 x 1.72 us = 1.72 us
Total time: 1089.53 us.
----------------
Vulkan Timings:
CONCAT: 1 x 1.6 us = 1.6 us
CONT: 1 x 3.48 us = 3.48 us
FLASH_ATTN_EXT dst(256,24,1,1),  q(256,1,24,1),  k(256,256,4,1),  v(256,256,4,1),  m(256,1,1,1): 1 x 13.48 us = 13.48 us (466.725 GFLOPS/s)
GET_ROWS: 3 x 4.906 us = 14.72 us
GLU: 1 x 1.6 us = 1.6 us
MUL_MAT f32 m=256 n=24 k=256: 1 x 1.6 us = 1.6 us (1962.24 GFLOPS/s)
MUL_MAT f32 m=64 n=16 k=64: 1 x 1.8 us = 1.8 us (72.2489 GFLOPS/s)
MUL_MAT f32 m=64 n=96 k=64: 1 x 3.24 us = 3.24 us (240.83 GFLOPS/s)
MUL_MAT_ADD MUL_MAT_VEC q6_K m=5120 n=1 k=17408: 1 x 129.96 us = 129.96 us (1371.6 GFLOPS/s)
MUL_MAT_ADD MUL_MAT_VEC q6_K m=5120 n=1 k=6144: 1 x 53.64 us = 53.64 us (1172.81 GFLOPS/s)
MUL_MAT_VEC f32 m=256 n=4 k=256: 1 x 3 us = 3 us (174.421 GFLOPS/s)
MUL_MAT_VEC q6_K m=1024 n=1 k=5120: 2 x 6.86 us = 13.72 us (1528.39 GFLOPS/s)
MUL_MAT_VEC q6_K m=12288 n=1 k=5120: 1 x 97.4 us = 97.4 us (1291.75 GFLOPS/s)
MUL_MAT_VEC q6_K m=17408 n=1 k=5120: 2 x 117.76 us = 235.52 us (1513.59 GFLOPS/s)
MUL_MAT_VEC q6_K m=98304 n=1 k=5120: 1 x 673.08 us = 673.08 us (1495.42 GFLOPS/s)
MUL_MAT_VEC q8_0 m=5120 n=1 k=10240: 1 x 94.04 us = 94.04 us (1114.98 GFLOPS/s)
PAD: 1 x 6.4 us = 6.4 us
RMS_NORM_MUL RMS_NORM(256,24,1,1): 1 x 3.2 us = 3.2 us
RMS_NORM_MUL RMS_NORM(256,4,1,1): 1 x 4.88 us = 4.88 us
RMS_NORM_MUL RMS_NORM(5120,1,1,1): 5 x 4.128 us = 20.64 us
ROPE: 2 x 3.34 us = 6.68 us
SET_ROWS: 2 x 2.76 us = 5.52 us
SIGMOID_MUL SIGMOID: 1 x 1.56 us = 1.56 us
TOP_K K=10 (98304,1,1,1): 1 x 8.84 us = 8.84 us
Total time: 1399.6 us.
----------------
Vulkan Timings:
CONCAT: 1 x 1.68 us = 1.68 us
CONT: 1 x 3.68 us = 3.68 us
FLASH_ATTN_EXT dst(256,24,1,1),  q(256,1,24,1),  k(256,256,4,1),  v(256,256,4,1),  m(256,1,1,1): 1 x 14.08 us = 14.08 us (446.836 GFLOPS/s)
GET_ROWS: 3 x 4.88 us = 14.64 us
GLU: 1 x 1.84 us = 1.84 us
MUL_MAT f32 m=256 n=24 k=256: 1 x 1.64 us = 1.64 us (1914.38 GFLOPS/s)
MUL_MAT f32 m=64 n=16 k=64: 1 x 3.56 us = 3.56 us (36.5303 GFLOPS/s)
MUL_MAT f32 m=64 n=96 k=64: 1 x 3.64 us = 3.64 us (214.365 GFLOPS/s)
MUL_MAT_ADD MUL_MAT_VEC q6_K m=5120 n=1 k=17408: 1 x 123.36 us = 123.36 us (1444.98 GFLOPS/s)
MUL_MAT_ADD MUL_MAT_VEC q6_K m=5120 n=1 k=6144: 1 x 53.92 us = 53.92 us (1166.72 GFLOPS/s)
MUL_MAT_VEC f32 m=256 n=4 k=256: 1 x 3 us = 3 us (174.421 GFLOPS/s)
MUL_MAT_VEC q6_K m=1024 n=1 k=5120: 2 x 8.76 us = 17.52 us (1196.89 GFLOPS/s)
MUL_MAT_VEC q6_K m=12288 n=1 k=5120: 1 x 85.48 us = 85.48 us (1471.89 GFLOPS/s)
MUL_MAT_VEC q6_K m=17408 n=1 k=5120: 2 x 121.2 us = 242.4 us (1470.63 GFLOPS/s)
MUL_MAT_VEC q6_K m=98304 n=1 k=5120: 1 x 671.91 us = 671.91 us (1498.02 GFLOPS/s)
MUL_MAT_VEC q8_0 m=5120 n=1 k=10240: 1 x 102.04 us = 102.04 us (1027.56 GFLOPS/s)
PAD: 1 x 6.64 us = 6.64 us
RMS_NORM_MUL RMS_NORM(256,24,1,1): 1 x 5.32 us = 5.32 us
RMS_NORM_MUL RMS_NORM(256,4,1,1): 1 x 3.6 us = 3.6 us
RMS_NORM_MUL RMS_NORM(5120,1,1,1): 5 x 3.768 us = 18.84 us
ROPE: 2 x 3.58 us = 7.16 us
SET_ROWS: 2 x 2.9 us = 5.8 us
SIGMOID_MUL SIGMOID: 1 x 1.72 us = 1.72 us
TOP_K K=10 (98304,1,1,1): 1 x 8.88 us = 8.88 us
Total time: 1402.35 us.
----------------
Vulkan Timings:
CONCAT: 1 x 1.72 us = 1.72 us
CONT: 1 x 3.64 us = 3.64 us
FLASH_ATTN_EXT dst(256,24,1,1),  q(256,1,24,1),  k(256,256,4,1),  v(256,256,4,1),  m(256,1,1,1): 1 x 13.8 us = 13.8 us (455.903 GFLOPS/s)
GET_ROWS: 3 x 4.8 us = 14.4 us
GLU: 1 x 1.8 us = 1.8 us
MUL_MAT f32 m=256 n=24 k=256: 1 x 1.64 us = 1.64 us (1914.38 GFLOPS/s)
MUL_MAT f32 m=64 n=16 k=64: 1 x 3.6 us = 3.6 us (36.1244 GFLOPS/s)
MUL_MAT f32 m=64 n=96 k=64: 1 x 3.6 us = 3.6 us (216.747 GFLOPS/s)
MUL_MAT_ADD MUL_MAT_VEC q6_K m=5120 n=1 k=17408: 1 x 123.92 us = 123.92 us (1438.45 GFLOPS/s)
MUL_MAT_ADD MUL_MAT_VEC q6_K m=5120 n=1 k=6144: 1 x 54.24 us = 54.24 us (1159.83 GFLOPS/s)
MUL_MAT_VEC f32 m=256 n=4 k=256: 1 x 3.04 us = 3.04 us (172.126 GFLOPS/s)
MUL_MAT_VEC q6_K m=1024 n=1 k=5120: 2 x 8.72 us = 17.44 us (1202.38 GFLOPS/s)
MUL_MAT_VEC q6_K m=12288 n=1 k=5120: 1 x 85.48 us = 85.48 us (1471.89 GFLOPS/s)
MUL_MAT_VEC q6_K m=17408 n=1 k=5120: 2 x 121.84 us = 243.68 us (1462.91 GFLOPS/s)
MUL_MAT_VEC q6_K m=98304 n=1 k=5120: 1 x 671.56 us = 671.56 us (1498.8 GFLOPS/s)
MUL_MAT_VEC q8_0 m=5120 n=1 k=10240: 1 x 102.24 us = 102.24 us (1025.55 GFLOPS/s)
PAD: 1 x 6.28 us = 6.28 us
RMS_NORM_MUL RMS_NORM(256,24,1,1): 1 x 5.28 us = 5.28 us
RMS_NORM_MUL RMS_NORM(256,4,1,1): 1 x 3.6 us = 3.6 us
RMS_NORM_MUL RMS_NORM(5120,1,1,1): 5 x 3.72 us = 18.6 us
ROPE: 2 x 3.6 us = 7.2 us
SET_ROWS: 2 x 2.88 us = 5.76 us
SIGMOID_MUL SIGMOID: 1 x 1.64 us = 1.64 us
TOP_K K=10 (98304,1,1,1): 1 x 8.8 us = 8.8 us
Total time: 1402.96 us.
----------------
Vulkan Timings:
CONCAT: 1 x 1.68 us = 1.68 us
CONT: 1 x 3.6 us = 3.6 us
FLASH_ATTN_EXT dst(256,24,1,1),  q(256,1,24,1),  k(256,256,4,1),  v(256,256,4,1),  m(256,1,1,1): 1 x 13.88 us = 13.88 us (453.275 GFLOPS/s)
GET_ROWS: 3 x 4.813 us = 14.44 us
GLU: 1 x 1.88 us = 1.88 us
MUL_MAT f32 m=256 n=24 k=256: 1 x 1.68 us = 1.68 us (1868.8 GFLOPS/s)
MUL_MAT f32 m=64 n=16 k=64: 1 x 3.64 us = 3.64 us (35.7275 GFLOPS/s)
MUL_MAT f32 m=64 n=96 k=64: 1 x 3.6 us = 3.6 us (216.747 GFLOPS/s)
MUL_MAT_ADD MUL_MAT_VEC q6_K m=5120 n=1 k=17408: 1 x 123.2 us = 123.2 us (1446.86 GFLOPS/s)
MUL_MAT_ADD MUL_MAT_VEC q6_K m=5120 n=1 k=6144: 1 x 54.04 us = 54.04 us (1164.13 GFLOPS/s)
MUL_MAT_VEC f32 m=256 n=4 k=256: 1 x 3 us = 3 us (174.421 GFLOPS/s)
MUL_MAT_VEC q6_K m=1024 n=1 k=5120: 2 x 8.88 us = 17.76 us (1180.71 GFLOPS/s)
MUL_MAT_VEC q6_K m=12288 n=1 k=5120: 1 x 85.64 us = 85.64 us (1469.14 GFLOPS/s)
MUL_MAT_VEC q6_K m=17408 n=1 k=5120: 2 x 121.08 us = 242.16 us (1472.09 GFLOPS/s)
MUL_MAT_VEC q6_K m=98304 n=1 k=5120: 1 x 668.6 us = 668.6 us (1505.44 GFLOPS/s)
MUL_MAT_VEC q8_0 m=5120 n=1 k=10240: 1 x 101.04 us = 101.04 us (1037.73 GFLOPS/s)
PAD: 1 x 6.28 us = 6.28 us
RMS_NORM_MUL RMS_NORM(256,24,1,1): 1 x 5.28 us = 5.28 us
RMS_NORM_MUL RMS_NORM(256,4,1,1): 1 x 3.64 us = 3.64 us
RMS_NORM_MUL RMS_NORM(5120,1,1,1): 5 x 3.728 us = 18.64 us
ROPE: 2 x 3.6 us = 7.2 us
SET_ROWS: 2 x 2.88 us = 5.76 us
SIGMOID_MUL SIGMOID: 1 x 1.64 us = 1.64 us
TOP_K K=10 (98304,1,1,1): 1 x 9 us = 9 us
Total time: 1397.28 us.
----------------
Vulkan Timings:
ADD: 48 x 3.832 us = 183.96 us
CONT: 16 x 3.752 us = 60.04 us
FLASH_ATTN_EXT dst(256,24,5,1),  q(256,5,24,1),  k(256,256,4,1),  v(256,256,4,1),  m(256,5,1,1): 16 x 23.357 us = 373.72 us (1346.77 GFLOPS/s)
GDN_CACHE GATED_DELTA_NET: 48 x 14.485 us = 695.28 us
GDN_CONV_STATE CONCAT: 48 x 3.286 us = 157.76 us
GET_ROWS: 3 x 11.146 us = 33.44 us
GLU: 64 x 2.771 us = 177.4 us
MUL_MAT f32 m=256 n=120 k=256: 16 x 1.81 us = 28.96 us (8672.88 GFLOPS/s)
MUL_MAT f32 m=256 n=20 k=256: 16 x 3.447 us = 55.16 us (758.904 GFLOPS/s)
MUL_MAT f32 m=64 n=480 k=64: 16 x 3.625 us = 58 us (1076.26 GFLOPS/s)
MUL_MAT f32 m=64 n=80 k=64: 16 x 3.36 us = 53.76 us (193.524 GFLOPS/s)
MUL_MAT_ADD MUL_MAT_VEC q6_K m=5120 n=5 k=17408: 64 x 207.45 us = 13276.8 us (4296.27 GFLOPS/s)
MUL_MAT_ADD MUL_MAT_VEC q6_K m=5120 n=5 k=6144: 16 x 77.885 us = 1246.16 us (4038.61 GFLOPS/s)
MUL_MAT_VEC f32 m=48 n=5 k=5120: 96 x 4.378 us = 420.36 us (561.201 GFLOPS/s)
MUL_MAT_VEC q6_K m=1024 n=5 k=5120: 32 x 12.221 us = 391.08 us (4289.55 GFLOPS/s)
MUL_MAT_VEC q6_K m=10240 n=5 k=5120: 48 x 110.423 us = 5300.32 us (4747.52 GFLOPS/s)
MUL_MAT_VEC q6_K m=12288 n=5 k=5120: 16 x 141.3 us = 2260.8 us (4452.12 GFLOPS/s)
MUL_MAT_VEC q6_K m=17408 n=5 k=5120: 128 x 183.493 us = 23487.2 us (4856.86 GFLOPS/s)
MUL_MAT_VEC q6_K m=248320 n=5 k=5120: 1 x 2383.84 us = 2383.84 us (5332.88 GFLOPS/s)
MUL_MAT_VEC q6_K m=6144 n=5 k=5120: 48 x 71.239 us = 3419.48 us (4415.3 GFLOPS/s)
MUL_MAT_VEC q8_0 m=5120 n=5 k=6144: 48 x 63.174 us = 3032.36 us (4979.05 GFLOPS/s)
RMS_NORM_MUL RMS_NORM(256,24,5,1): 16 x 3.702 us = 59.24 us
RMS_NORM_MUL RMS_NORM(256,4,5,1): 16 x 3.897 us = 62.36 us
RMS_NORM_MUL RMS_NORM(5120,5,1,1): 129 x 4.287 us = 553.04 us
RMS_NORM_MUL_SILU_MUL RMS_NORM(128,48,5,1): 48 x 5.606 us = 269.12 us
RMS_NORM_SCALE RMS_NORM(128,16,5,1): 96 x 2.542 us = 244.04 us
ROPE: 32 x 3.803 us = 121.72 us
SET_ROWS: 32 x 2.855 us = 91.36 us
SIGMOID_MUL SIGMOID: 16 x 3.662 us = 58.6 us
SSM_CONV_SILU SSM_CONV: 48 x 4.718 us = 226.48 us
Total time: 58781.8 us.
----------------
Vulkan Timings:
CONCAT: 1 x 4.12 us = 4.12 us
CONT: 1 x 3.6 us = 3.6 us
FLASH_ATTN_EXT dst(256,24,5,1),  q(256,5,24,1),  k(256,256,4,1),  v(256,256,4,1),  m(256,5,1,1): 1 x 23.2 us = 23.2 us (1355.92 GFLOPS/s)
GET_ROWS: 1 x 6.56 us = 6.56 us
GLU: 1 x 1.72 us = 1.72 us
MUL_MAT f32 m=256 n=120 k=256: 1 x 1.72 us = 1.72 us (9126.7 GFLOPS/s)
MUL_MAT f32 m=256 n=20 k=256: 1 x 3.04 us = 3.04 us (860.632 GFLOPS/s)
MUL_MAT f32 m=64 n=480 k=64: 1 x 3.64 us = 3.64 us (1071.82 GFLOPS/s)
MUL_MAT f32 m=64 n=80 k=64: 1 x 3.64 us = 3.64 us (178.637 GFLOPS/s)
MUL_MAT_ADD MUL_MAT_VEC q6_K m=5120 n=5 k=17408: 1 x 229.64 us = 229.64 us (3881.14 GFLOPS/s)
MUL_MAT_ADD MUL_MAT_VEC q6_K m=5120 n=5 k=6144: 1 x 85.8 us = 85.8 us (3666.05 GFLOPS/s)
MUL_MAT_VEC q6_K m=1024 n=5 k=5120: 2 x 15.88 us = 31.76 us (3301.24 GFLOPS/s)
MUL_MAT_VEC q6_K m=12288 n=5 k=5120: 1 x 153.04 us = 153.04 us (4110.59 GFLOPS/s)
MUL_MAT_VEC q6_K m=17408 n=5 k=5120: 2 x 181.46 us = 362.92 us (4911.29 GFLOPS/s)
MUL_MAT_VEC q8_0 m=5120 n=5 k=10240: 1 x 104.96 us = 104.96 us (4994.88 GFLOPS/s)
RMS_NORM_MUL RMS_NORM(256,24,5,1): 1 x 3.76 us = 3.76 us
RMS_NORM_MUL RMS_NORM(256,4,5,1): 1 x 3.64 us = 3.64 us
RMS_NORM_MUL RMS_NORM(5120,5,1,1): 5 x 9.172 us = 45.86 us
ROPE: 2 x 3.62 us = 7.24 us
SET_ROWS: 2 x 2.92 us = 5.84 us
SIGMOID_MUL SIGMOID: 1 x 1.68 us = 1.68 us
Total time: 1087.38 us.
----------------
Vulkan Timings:
CONCAT: 1 x 1.72 us = 1.72 us
CONT: 1 x 3.68 us = 3.68 us
FLASH_ATTN_EXT dst(256,24,1,1),  q(256,1,24,1),  k(256,256,4,1),  v(256,256,4,1),  m(256,1,1,1): 1 x 13.72 us = 13.72 us (458.561 GFLOPS/s)
GET_ROWS: 3 x 5.12 us = 15.36 us
GLU: 1 x 1.68 us = 1.68 us
MUL_MAT f32 m=256 n=24 k=256: 1 x 1.56 us = 1.56 us (2012.55 GFLOPS/s)
MUL_MAT f32 m=64 n=16 k=64: 1 x 1.8 us = 1.8 us (72.2489 GFLOPS/s)
MUL_MAT f32 m=64 n=96 k=64: 1 x 3.36 us = 3.36 us (232.229 GFLOPS/s)
MUL_MAT_ADD MUL_MAT_VEC q6_K m=5120 n=1 k=17408: 1 x 129.16 us = 129.16 us (1380.09 GFLOPS/s)
MUL_MAT_ADD MUL_MAT_VEC q6_K m=5120 n=1 k=6144: 1 x 54.2 us = 54.2 us (1160.69 GFLOPS/s)
MUL_MAT_VEC f32 m=256 n=4 k=256: 1 x 3.16 us = 3.16 us (165.59 GFLOPS/s)
MUL_MAT_VEC q6_K m=1024 n=1 k=5120: 2 x 8.88 us = 17.76 us (1180.71 GFLOPS/s)
MUL_MAT_VEC q6_K m=12288 n=1 k=5120: 1 x 90.52 us = 90.52 us (1389.93 GFLOPS/s)
MUL_MAT_VEC q6_K m=17408 n=1 k=5120: 2 x 118.34 us = 236.68 us (1506.17 GFLOPS/s)
MUL_MAT_VEC q6_K m=98304 n=1 k=5120: 1 x 671.49 us = 671.49 us (1498.96 GFLOPS/s)
MUL_MAT_VEC q8_0 m=5120 n=1 k=10240: 1 x 94.08 us = 94.08 us (1114.5 GFLOPS/s)
PAD: 1 x 6.52 us = 6.52 us
RMS_NORM_MUL RMS_NORM(256,24,1,1): 1 x 5.96 us = 5.96 us
RMS_NORM_MUL RMS_NORM(256,4,1,1): 1 x 5.16 us = 5.16 us
RMS_NORM_MUL RMS_NORM(5120,1,1,1): 5 x 4.008 us = 20.04 us
ROPE: 2 x 3.52 us = 7.04 us
SET_ROWS: 2 x 2.84 us = 5.68 us
SIGMOID_MUL SIGMOID: 1 x 1.56 us = 1.56 us
TOP_K K=10 (98304,1,1,1): 1 x 9.04 us = 9.04 us
Total time: 1400.93 us.
----------------
Vulkan Timings:
CONCAT: 1 x 1.64 us = 1.64 us
CONT: 1 x 3.72 us = 3.72 us
FLASH_ATTN_EXT dst(256,24,1,1),  q(256,1,24,1),  k(256,256,4,1),  v(256,256,4,1),  m(256,1,1,1): 1 x 13.76 us = 13.76 us (457.228 GFLOPS/s)
GET_ROWS: 3 x 4.973 us = 14.92 us
GLU: 1 x 1.84 us = 1.84 us
MUL_MAT f32 m=256 n=24 k=256: 1 x 1.64 us = 1.64 us (1914.38 GFLOPS/s)
MUL_MAT f32 m=64 n=16 k=64: 1 x 3.8 us = 3.8 us (34.2232 GFLOPS/s)
MUL_MAT f32 m=64 n=96 k=64: 1 x 3.76 us = 3.76 us (207.523 GFLOPS/s)
MUL_MAT_ADD MUL_MAT_VEC q6_K m=5120 n=1 k=17408: 1 x 124.28 us = 124.28 us (1434.28 GFLOPS/s)
MUL_MAT_ADD MUL_MAT_VEC q6_K m=5120 n=1 k=6144: 1 x 54.32 us = 54.32 us (1158.13 GFLOPS/s)
MUL_MAT_VEC f32 m=256 n=4 k=256: 1 x 3.16 us = 3.16 us (165.59 GFLOPS/s)
MUL_MAT_VEC q6_K m=1024 n=1 k=5120: 2 x 8.78 us = 17.56 us (1194.16 GFLOPS/s)
MUL_MAT_VEC q6_K m=12288 n=1 k=5120: 1 x 85.56 us = 85.56 us (1470.51 GFLOPS/s)
MUL_MAT_VEC q6_K m=17408 n=1 k=5120: 2 x 121.28 us = 242.56 us (1469.66 GFLOPS/s)
MUL_MAT_VEC q6_K m=98304 n=1 k=5120: 1 x 667.72 us = 667.72 us (1507.42 GFLOPS/s)
MUL_MAT_VEC q8_0 m=5120 n=1 k=10240: 1 x 101.68 us = 101.68 us (1031.2 GFLOPS/s)
PAD: 1 x 6.56 us = 6.56 us
RMS_NORM_MUL RMS_NORM(256,24,1,1): 1 x 5.6 us = 5.6 us
RMS_NORM_MUL RMS_NORM(256,4,1,1): 1 x 3.76 us = 3.76 us
RMS_NORM_MUL RMS_NORM(5120,1,1,1): 5 x 3.712 us = 18.56 us
ROPE: 2 x 3.76 us = 7.52 us
SET_ROWS: 2 x 2.96 us = 5.92 us
SIGMOID_MUL SIGMOID: 1 x 1.68 us = 1.68 us
TOP_K K=10 (98304,1,1,1): 1 x 8.76 us = 8.76 us
Total time: 1400.28 us.
----------------
Vulkan Timings:
CONCAT: 1 x 1.64 us = 1.64 us
CONT: 1 x 3.8 us = 3.8 us
FLASH_ATTN_EXT dst(256,24,1,1),  q(256,1,24,1),  k(256,256,4,1),  v(256,256,4,1),  m(256,1,1,1): 1 x 13.76 us = 13.76 us (457.228 GFLOPS/s)
GET_ROWS: 3 x 4.96 us = 14.88 us
GLU: 1 x 1.8 us = 1.8 us
MUL_MAT f32 m=256 n=24 k=256: 1 x 1.64 us = 1.64 us (1914.38 GFLOPS/s)
MUL_MAT f32 m=64 n=16 k=64: 1 x 3.72 us = 3.72 us (34.9591 GFLOPS/s)
MUL_MAT f32 m=64 n=96 k=64: 1 x 3.76 us = 3.76 us (207.523 GFLOPS/s)
MUL_MAT_ADD MUL_MAT_VEC q6_K m=5120 n=1 k=17408: 1 x 123.56 us = 123.56 us (1442.64 GFLOPS/s)
MUL_MAT_ADD MUL_MAT_VEC q6_K m=5120 n=1 k=6144: 1 x 52.8 us = 52.8 us (1191.47 GFLOPS/s)
MUL_MAT_VEC f32 m=256 n=4 k=256: 1 x 3.16 us = 3.16 us (165.59 GFLOPS/s)
MUL_MAT_VEC q6_K m=1024 n=1 k=5120: 2 x 8.84 us = 17.68 us (1186.06 GFLOPS/s)
MUL_MAT_VEC q6_K m=12288 n=1 k=5120: 1 x 85.32 us = 85.32 us (1474.65 GFLOPS/s)
MUL_MAT_VEC q6_K m=17408 n=1 k=5120: 2 x 121.18 us = 242.36 us (1470.87 GFLOPS/s)
MUL_MAT_VEC q6_K m=98304 n=1 k=5120: 1 x 670.21 us = 670.21 us (1501.82 GFLOPS/s)
MUL_MAT_VEC q8_0 m=5120 n=1 k=10240: 1 x 101.28 us = 101.28 us (1035.27 GFLOPS/s)
PAD: 1 x 6.48 us = 6.48 us
RMS_NORM_MUL RMS_NORM(256,24,1,1): 1 x 5.6 us = 5.6 us
RMS_NORM_MUL RMS_NORM(256,4,1,1): 1 x 3.76 us = 3.76 us
RMS_NORM_MUL RMS_NORM(5120,1,1,1): 5 x 3.8 us = 19 us
ROPE: 2 x 3.7 us = 7.4 us
SET_ROWS: 2 x 3 us = 6 us
SIGMOID_MUL SIGMOID: 1 x 2.6 us = 2.6 us
TOP_K K=10 (98304,1,1,1): 1 x 9.04 us = 9.04 us
Total time: 1401.25 us.
----------------
Vulkan Timings:
CONCAT: 1 x 1.68 us = 1.68 us
CONT: 1 x 3.72 us = 3.72 us
FLASH_ATTN_EXT dst(256,24,1,1),  q(256,1,24,1),  k(256,256,4,1),  v(256,256,4,1),  m(256,1,1,1): 1 x 13.84 us = 13.84 us (454.585 GFLOPS/s)
GET_ROWS: 3 x 4.88 us = 14.64 us
GLU: 1 x 1.88 us = 1.88 us
MUL_MAT f32 m=256 n=24 k=256: 1 x 1.64 us = 1.64 us (1914.38 GFLOPS/s)
MUL_MAT f32 m=64 n=16 k=64: 1 x 3.76 us = 3.76 us (34.5872 GFLOPS/s)
MUL_MAT f32 m=64 n=96 k=64: 1 x 3.76 us = 3.76 us (207.523 GFLOPS/s)
MUL_MAT_ADD MUL_MAT_VEC q6_K m=5120 n=1 k=17408: 1 x 123.84 us = 123.84 us (1439.38 GFLOPS/s)
MUL_MAT_ADD MUL_MAT_VEC q6_K m=5120 n=1 k=6144: 1 x 53.4 us = 53.4 us (1178.08 GFLOPS/s)
MUL_MAT_VEC f32 m=256 n=4 k=256: 1 x 3.16 us = 3.16 us (165.59 GFLOPS/s)
MUL_MAT_VEC q6_K m=1024 n=1 k=5120: 2 x 8.72 us = 17.44 us (1202.38 GFLOPS/s)
MUL_MAT_VEC q6_K m=12288 n=1 k=5120: 1 x 86.4 us = 86.4 us (1456.21 GFLOPS/s)
MUL_MAT_VEC q6_K m=17408 n=1 k=5120: 2 x 121.8 us = 243.6 us (1463.39 GFLOPS/s)
MUL_MAT_VEC q6_K m=98304 n=1 k=5120: 1 x 670.97 us = 670.97 us (1500.12 GFLOPS/s)
MUL_MAT_VEC q8_0 m=5120 n=1 k=10240: 1 x 101.96 us = 101.96 us (1028.37 GFLOPS/s)
PAD: 1 x 6.48 us = 6.48 us
RMS_NORM_MUL RMS_NORM(256,24,1,1): 1 x 5.56 us = 5.56 us
RMS_NORM_MUL RMS_NORM(256,4,1,1): 1 x 3.76 us = 3.76 us
RMS_NORM_MUL RMS_NORM(5120,1,1,1): 5 x 3.72 us = 18.6 us
ROPE: 2 x 3.72 us = 7.44 us
SET_ROWS: 2 x 2.96 us = 5.92 us
SIGMOID_MUL SIGMOID: 1 x 1.68 us = 1.68 us
TOP_K K=10 (98304,1,1,1): 1 x 9.08 us = 9.08 us
Total time: 1404.21 us.
----------------
Vulkan Timings:
ADD: 48 x 3.993 us = 191.68 us
CONT: 16 x 3.902 us = 62.44 us
FLASH_ATTN_EXT dst(256,24,5,1),  q(256,5,24,1),  k(256,256,4,1),  v(256,256,4,1),  m(256,5,1,1): 16 x 23.157 us = 370.52 us (1358.41 GFLOPS/s)
GDN_CACHE GATED_DELTA_NET: 48 x 13.727 us = 658.92 us
GDN_CONV_STATE CONCAT: 48 x 3.148 us = 151.12 us
GET_ROWS: 3 x 11.293 us = 33.88 us
GLU: 64 x 2.862 us = 183.2 us
MUL_MAT f32 m=256 n=120 k=256: 16 x 1.82 us = 29.12 us (8625.23 GFLOPS/s)
MUL_MAT f32 m=256 n=20 k=256: 16 x 3.6 us = 57.6 us (726.756 GFLOPS/s)
MUL_MAT f32 m=64 n=480 k=64: 16 x 3.772 us = 60.36 us (1034.18 GFLOPS/s)
MUL_MAT f32 m=64 n=80 k=64: 16 x 3.49 us = 55.84 us (186.315 GFLOPS/s)
MUL_MAT_ADD MUL_MAT_VEC q6_K m=5120 n=5 k=17408: 64 x 207.596 us = 13286.2 us (4293.24 GFLOPS/s)
MUL_MAT_ADD MUL_MAT_VEC q6_K m=5120 n=5 k=6144: 16 x 77.795 us = 1244.72 us (4043.28 GFLOPS/s)
MUL_MAT_VEC f32 m=48 n=5 k=5120: 96 x 4.419 us = 424.28 us (556.016 GFLOPS/s)
MUL_MAT_VEC q6_K m=1024 n=5 k=5120: 32 x 12.297 us = 393.52 us (4262.95 GFLOPS/s)
MUL_MAT_VEC q6_K m=10240 n=5 k=5120: 48 x 110.473 us = 5302.72 us (4745.37 GFLOPS/s)
MUL_MAT_VEC q6_K m=12288 n=5 k=5120: 16 x 141.035 us = 2256.56 us (4460.48 GFLOPS/s)
MUL_MAT_VEC q6_K m=17408 n=5 k=5120: 128 x 183.672 us = 23510.1 us (4852.13 GFLOPS/s)
MUL_MAT_VEC q6_K m=248320 n=5 k=5120: 1 x 2383.12 us = 2383.12 us (5334.5 GFLOPS/s)
MUL_MAT_VEC q6_K m=6144 n=5 k=5120: 48 x 72.165 us = 3463.96 us (4358.6 GFLOPS/s)
MUL_MAT_VEC q8_0 m=5120 n=5 k=6144: 48 x 63.461 us = 3046.16 us (4956.49 GFLOPS/s)
RMS_NORM_MUL RMS_NORM(256,24,5,1): 16 x 3.84 us = 61.44 us
RMS_NORM_MUL RMS_NORM(256,4,5,1): 16 x 4.075 us = 65.2 us
RMS_NORM_MUL RMS_NORM(5120,5,1,1): 129 x 4.358 us = 562.28 us
RMS_NORM_MUL_SILU_MUL RMS_NORM(128,48,5,1): 48 x 5.917 us = 284.04 us
RMS_NORM_SCALE RMS_NORM(128,16,5,1): 96 x 2.593 us = 248.96 us
ROPE: 32 x 3.951 us = 126.44 us
SET_ROWS: 32 x 3.01 us = 96.32 us
SIGMOID_MUL SIGMOID: 16 x 3.8 us = 60.8 us
SSM_CONV_SILU SSM_CONV: 48 x 4.844 us = 232.52 us
Total time: 58904 us.
----------------
Vulkan Timings:
CONCAT: 1 x 3.8 us = 3.8 us
CONT: 1 x 3.8 us = 3.8 us
FLASH_ATTN_EXT dst(256,24,5,1),  q(256,5,24,1),  k(256,256,4,1),  v(256,256,4,1),  m(256,5,1,1): 1 x 23.24 us = 23.24 us (1353.58 GFLOPS/s)
GET_ROWS: 1 x 6.64 us = 6.64 us
GLU: 1 x 1.52 us = 1.52 us
MUL_MAT f32 m=256 n=120 k=256: 1 x 1.72 us = 1.72 us (9126.7 GFLOPS/s)
MUL_MAT f32 m=256 n=20 k=256: 1 x 3.2 us = 3.2 us (817.6 GFLOPS/s)
MUL_MAT f32 m=64 n=480 k=64: 1 x 3.84 us = 3.84 us (1016 GFLOPS/s)
MUL_MAT f32 m=64 n=80 k=64: 1 x 3.72 us = 3.72 us (174.796 GFLOPS/s)
MUL_MAT_ADD MUL_MAT_VEC q6_K m=5120 n=5 k=17408: 1 x 232.12 us = 232.12 us (3839.67 GFLOPS/s)
MUL_MAT_ADD MUL_MAT_VEC q6_K m=5120 n=5 k=6144: 1 x 84.16 us = 84.16 us (3737.49 GFLOPS/s)
MUL_MAT_VEC q6_K m=1024 n=5 k=5120: 2 x 15.98 us = 31.96 us (3280.58 GFLOPS/s)
MUL_MAT_VEC q6_K m=12288 n=5 k=5120: 1 x 152.88 us = 152.88 us (4114.89 GFLOPS/s)
MUL_MAT_VEC q6_K m=17408 n=5 k=5120: 2 x 181.76 us = 363.52 us (4903.18 GFLOPS/s)
MUL_MAT_VEC q8_0 m=5120 n=5 k=10240: 1 x 105.4 us = 105.4 us (4974.03 GFLOPS/s)
RMS_NORM_MUL RMS_NORM(256,24,5,1): 1 x 3.92 us = 3.92 us
RMS_NORM_MUL RMS_NORM(256,4,5,1): 1 x 3.76 us = 3.76 us
RMS_NORM_MUL RMS_NORM(5120,5,1,1): 5 x 8.826 us = 44.13 us
ROPE: 2 x 3.78 us = 7.56 us
SET_ROWS: 2 x 3 us = 6 us
SIGMOID_MUL SIGMOID: 1 x 1.72 us = 1.72 us
Total time: 1088.61 us.
----------------
Vulkan Timings:
CONCAT: 1 x 1.8 us = 1.8 us
CONT: 1 x 3.48 us = 3.48 us
FLASH_ATTN_EXT dst(256,24,1,1),  q(256,1,24,1),  k(256,256,4,1),  v(256,256,4,1),  m(256,1,1,1): 1 x 13.48 us = 13.48 us (466.725 GFLOPS/s)
GET_ROWS: 3 x 4.92 us = 14.76 us
GLU: 1 x 1.56 us = 1.56 us
MUL_MAT f32 m=256 n=24 k=256: 1 x 1.52 us = 1.52 us (2065.52 GFLOPS/s)
MUL_MAT f32 m=64 n=16 k=64: 1 x 1.8 us = 1.8 us (72.2489 GFLOPS/s)
MUL_MAT f32 m=64 n=96 k=64: 1 x 3.24 us = 3.24 us (240.83 GFLOPS/s)
MUL_MAT_ADD MUL_MAT_VEC q6_K m=5120 n=1 k=17408: 1 x 129.64 us = 129.64 us (1374.98 GFLOPS/s)
MUL_MAT_ADD MUL_MAT_VEC q6_K m=5120 n=1 k=6144: 1 x 53.28 us = 53.28 us (1180.73 GFLOPS/s)
MUL_MAT_VEC f32 m=256 n=4 k=256: 1 x 3 us = 3 us (174.421 GFLOPS/s)
MUL_MAT_VEC q6_K m=1024 n=1 k=5120: 2 x 6.8 us = 13.6 us (1541.87 GFLOPS/s)
MUL_MAT_VEC q6_K m=12288 n=1 k=5120: 1 x 97.64 us = 97.64 us (1288.58 GFLOPS/s)
MUL_MAT_VEC q6_K m=17408 n=1 k=5120: 2 x 117.82 us = 235.64 us (1512.82 GFLOPS/s)
MUL_MAT_VEC q6_K m=98304 n=1 k=5120: 1 x 671.6 us = 671.6 us (1498.71 GFLOPS/s)
MUL_MAT_VEC q8_0 m=5120 n=1 k=10240: 1 x 93.84 us = 93.84 us (1117.35 GFLOPS/s)
PAD: 1 x 6.36 us = 6.36 us
RMS_NORM_MUL RMS_NORM(256,24,1,1): 1 x 3.24 us = 3.24 us
RMS_NORM_MUL RMS_NORM(256,4,1,1): 1 x 4.84 us = 4.84 us
RMS_NORM_MUL RMS_NORM(5120,1,1,1): 5 x 4.056 us = 20.28 us
ROPE: 2 x 3.3 us = 6.6 us
SET_ROWS: 2 x 2.8 us = 5.6 us
SIGMOID_MUL SIGMOID: 1 x 1.56 us = 1.56 us
TOP_K K=10 (98304,1,1,1): 1 x 9.12 us = 9.12 us
Total time: 1397.48 us.
----------------
Vulkan Timings:
CONCAT: 1 x 1.68 us = 1.68 us
CONT: 1 x 3.64 us = 3.64 us
FLASH_ATTN_EXT dst(256,24,1,1),  q(256,1,24,1),  k(256,256,4,1),  v(256,256,4,1),  m(256,1,1,1): 1 x 13.8 us = 13.8 us (455.903 GFLOPS/s)
GET_ROWS: 3 x 4.893 us = 14.68 us
GLU: 1 x 1.92 us = 1.92 us
MUL_MAT f32 m=256 n=24 k=256: 1 x 1.68 us = 1.68 us (1868.8 GFLOPS/s)
MUL_MAT f32 m=64 n=16 k=64: 1 x 3.6 us = 3.6 us (36.1244 GFLOPS/s)
MUL_MAT f32 m=64 n=96 k=64: 1 x 3.64 us = 3.64 us (214.365 GFLOPS/s)
MUL_MAT_ADD MUL_MAT_VEC q6_K m=5120 n=1 k=17408: 1 x 123.8 us = 123.8 us (1439.84 GFLOPS/s)
MUL_MAT_ADD MUL_MAT_VEC q6_K m=5120 n=1 k=6144: 1 x 53.96 us = 53.96 us (1165.85 GFLOPS/s)
MUL_MAT_VEC f32 m=256 n=4 k=256: 1 x 3.04 us = 3.04 us (172.126 GFLOPS/s)
MUL_MAT_VEC q6_K m=1024 n=1 k=5120: 2 x 6.88 us = 13.76 us (1523.94 GFLOPS/s)
MUL_MAT_VEC q6_K m=12288 n=1 k=5120: 1 x 94.36 us = 94.36 us (1333.37 GFLOPS/s)
MUL_MAT_VEC q6_K m=17408 n=1 k=5120: 2 x 121.1 us = 242.2 us (1471.85 GFLOPS/s)
MUL_MAT_VEC q6_K m=98304 n=1 k=5120: 1 x 671.7 us = 671.7 us (1498.49 GFLOPS/s)
MUL_MAT_VEC q8_0 m=5120 n=1 k=10240: 1 x 101.52 us = 101.52 us (1032.83 GFLOPS/s)
PAD: 1 x 6.36 us = 6.36 us
RMS_NORM_MUL RMS_NORM(256,24,1,1): 1 x 3.6 us = 3.6 us
RMS_NORM_MUL RMS_NORM(256,4,1,1): 1 x 3.64 us = 3.64 us
RMS_NORM_MUL RMS_NORM(5120,1,1,1): 5 x 3.712 us = 18.56 us
ROPE: 2 x 3.62 us = 7.24 us
SET_ROWS: 2 x 2.92 us = 5.84 us
SIGMOID_MUL SIGMOID: 1 x 1.64 us = 1.64 us
TOP_K K=10 (98304,1,1,1): 1 x 9.08 us = 9.08 us
Total time: 1404.94 us.
----------------
Vulkan Timings:
CONCAT: 1 x 1.64 us = 1.64 us
CONT: 1 x 3.56 us = 3.56 us
FLASH_ATTN_EXT dst(256,24,1,1),  q(256,1,24,1),  k(256,256,4,1),  v(256,256,4,1),  m(256,1,1,1): 1 x 13.76 us = 13.76 us (457.228 GFLOPS/s)
GET_ROWS: 3 x 5.96 us = 17.88 us
GLU: 1 x 1.92 us = 1.92 us
MUL_MAT f32 m=256 n=24 k=256: 1 x 1.72 us = 1.72 us (1825.34 GFLOPS/s)
MUL_MAT f32 m=64 n=16 k=64: 1 x 3.6 us = 3.6 us (36.1244 GFLOPS/s)
MUL_MAT f32 m=64 n=96 k=64: 1 x 3.6 us = 3.6 us (216.747 GFLOPS/s)
MUL_MAT_ADD MUL_MAT_VEC q6_K m=5120 n=1 k=17408: 1 x 123.52 us = 123.52 us (1443.11 GFLOPS/s)
MUL_MAT_ADD MUL_MAT_VEC q6_K m=5120 n=1 k=6144: 1 x 54.16 us = 54.16 us (1161.55 GFLOPS/s)
MUL_MAT_VEC f32 m=256 n=4 k=256: 1 x 3 us = 3 us (174.421 GFLOPS/s)
MUL_MAT_VEC q6_K m=1024 n=1 k=5120: 2 x 8.78 us = 17.56 us (1194.16 GFLOPS/s)
MUL_MAT_VEC q6_K m=12288 n=1 k=5120: 1 x 85.68 us = 85.68 us (1468.45 GFLOPS/s)
MUL_MAT_VEC q6_K m=17408 n=1 k=5120: 2 x 121.36 us = 242.72 us (1468.69 GFLOPS/s)
MUL_MAT_VEC q6_K m=98304 n=1 k=5120: 1 x 679.25 us = 679.25 us (1481.83 GFLOPS/s)
MUL_MAT_VEC q8_0 m=5120 n=1 k=10240: 1 x 101.4 us = 101.4 us (1034.05 GFLOPS/s)
PAD: 1 x 4.92 us = 4.92 us
RMS_NORM_MUL RMS_NORM(256,24,1,1): 1 x 5.28 us = 5.28 us
RMS_NORM_MUL RMS_NORM(256,4,1,1): 1 x 3.6 us = 3.6 us
RMS_NORM_MUL RMS_NORM(5120,1,1,1): 5 x 3.696 us = 18.48 us
ROPE: 2 x 3.58 us = 7.16 us
SET_ROWS: 2 x 2.9 us = 5.8 us
SIGMOID_MUL SIGMOID: 1 x 1.64 us = 1.64 us
TOP_K K=10 (98304,1,1,1): 1 x 9.08 us = 9.08 us
Total time: 1410.93 us.
----------------
Vulkan Timings:
CONCAT: 1 x 1.64 us = 1.64 us
CONT: 1 x 3.6 us = 3.6 us
FLASH_ATTN_EXT dst(256,24,1,1),  q(256,1,24,1),  k(256,256,4,1),  v(256,256,4,1),  m(256,1,1,1): 1 x 13.88 us = 13.88 us (453.275 GFLOPS/s)
GET_ROWS: 3 x 4.853 us = 14.56 us
GLU: 1 x 1.8 us = 1.8 us
MUL_MAT f32 m=256 n=24 k=256: 1 x 1.64 us = 1.64 us (1914.38 GFLOPS/s)
MUL_MAT f32 m=64 n=16 k=64: 1 x 3.6 us = 3.6 us (36.1244 GFLOPS/s)
MUL_MAT f32 m=64 n=96 k=64: 1 x 3.6 us = 3.6 us (216.747 GFLOPS/s)
MUL_MAT_ADD MUL_MAT_VEC q6_K m=5120 n=1 k=17408: 1 x 123.96 us = 123.96 us (1437.99 GFLOPS/s)
MUL_MAT_ADD MUL_MAT_VEC q6_K m=5120 n=1 k=6144: 1 x 54.24 us = 54.24 us (1159.83 GFLOPS/s)
MUL_MAT_VEC f32 m=256 n=4 k=256: 1 x 3 us = 3 us (174.421 GFLOPS/s)
MUL_MAT_VEC q6_K m=1024 n=1 k=5120: 2 x 8.78 us = 17.56 us (1194.16 GFLOPS/s)
MUL_MAT_VEC q6_K m=12288 n=1 k=5120: 1 x 85.64 us = 85.64 us (1469.14 GFLOPS/s)
MUL_MAT_VEC q6_K m=17408 n=1 k=5120: 2 x 121.2 us = 242.4 us (1470.63 GFLOPS/s)
MUL_MAT_VEC q6_K m=98304 n=1 k=5120: 1 x 670.37 us = 670.37 us (1501.46 GFLOPS/s)
MUL_MAT_VEC q8_0 m=5120 n=1 k=10240: 1 x 100.8 us = 100.8 us (1040.2 GFLOPS/s)
PAD: 1 x 6.32 us = 6.32 us
RMS_NORM_MUL RMS_NORM(256,24,1,1): 1 x 5.28 us = 5.28 us
RMS_NORM_MUL RMS_NORM(256,4,1,1): 1 x 3.6 us = 3.6 us
RMS_NORM_MUL RMS_NORM(5120,1,1,1): 5 x 3.72 us = 18.6 us
ROPE: 2 x 3.54 us = 7.08 us
SET_ROWS: 2 x 2.9 us = 5.8 us
SIGMOID_MUL SIGMOID: 1 x 1.68 us = 1.68 us
TOP_K K=10 (98304,1,1,1): 1 x 9.08 us = 9.08 us
Total time: 1399.73 us.
----------------
Vulkan Timings:
ADD: 48 x 3.833 us = 184 us
CONT: 16 x 3.755 us = 60.08 us
FLASH_ATTN_EXT dst(256,24,5,1),  q(256,5,24,1),  k(256,256,4,1),  v(256,256,4,1),  m(256,5,1,1): 16 x 23.277 us = 372.44 us (1351.4 GFLOPS/s)
GDN_CACHE GATED_DELTA_NET: 48 x 14.556 us = 698.72 us
GDN_CONV_STATE CONCAT: 48 x 3.284 us = 157.64 us
GET_ROWS: 3 x 11.266 us = 33.8 us
GLU: 64 x 2.836 us = 181.56 us
MUL_MAT f32 m=256 n=120 k=256: 16 x 1.815 us = 29.04 us (8648.99 GFLOPS/s)
MUL_MAT f32 m=256 n=20 k=256: 16 x 3.442 us = 55.08 us (760.006 GFLOPS/s)
MUL_MAT f32 m=64 n=480 k=64: 16 x 3.625 us = 58 us (1076.26 GFLOPS/s)
MUL_MAT f32 m=64 n=80 k=64: 16 x 3.357 us = 53.72 us (193.668 GFLOPS/s)
MUL_MAT_ADD MUL_MAT_VEC q6_K m=5120 n=5 k=17408: 64 x 207.49 us = 13279.4 us (4295.44 GFLOPS/s)
MUL_MAT_ADD MUL_MAT_VEC q6_K m=5120 n=5 k=6144: 16 x 77.87 us = 1245.92 us (4039.39 GFLOPS/s)
MUL_MAT_VEC f32 m=48 n=5 k=5120: 96 x 4.358 us = 418.44 us (563.776 GFLOPS/s)
MUL_MAT_VEC q6_K m=1024 n=5 k=5120: 32 x 12.218 us = 391 us (4290.43 GFLOPS/s)
MUL_MAT_VEC q6_K m=10240 n=5 k=5120: 48 x 110.371 us = 5297.84 us (4749.74 GFLOPS/s)
MUL_MAT_VEC q6_K m=12288 n=5 k=5120: 16 x 141.28 us = 2260.48 us (4452.75 GFLOPS/s)
MUL_MAT_VEC q6_K m=17408 n=5 k=5120: 128 x 183.769 us = 23522.5 us (4849.56 GFLOPS/s)
MUL_MAT_VEC q6_K m=248320 n=5 k=5120: 1 x 2385.36 us = 2385.36 us (5329.49 GFLOPS/s)
MUL_MAT_VEC q6_K m=6144 n=5 k=5120: 48 x 71.468 us = 3430.48 us (4401.14 GFLOPS/s)
MUL_MAT_VEC q8_0 m=5120 n=5 k=6144: 48 x 63.001 us = 3024.08 us (4992.68 GFLOPS/s)
RMS_NORM_MUL RMS_NORM(256,24,5,1): 16 x 3.692 us = 59.08 us
RMS_NORM_MUL RMS_NORM(256,4,5,1): 16 x 3.89 us = 62.24 us
RMS_NORM_MUL RMS_NORM(5120,5,1,1): 129 x 4.253 us = 548.76 us
RMS_NORM_MUL_SILU_MUL RMS_NORM(128,48,5,1): 48 x 5.595 us = 268.6 us
RMS_NORM_SCALE RMS_NORM(128,16,5,1): 96 x 2.564 us = 246.2 us
ROPE: 32 x 3.798 us = 121.56 us
SET_ROWS: 32 x 2.867 us = 91.76 us
SIGMOID_MUL SIGMOID: 16 x 3.657 us = 58.52 us
SSM_CONV_SILU SSM_CONV: 48 x 4.718 us = 226.48 us
Total time: 58822.8 us.
----------------
Vulkan Timings:
CONCAT: 1 x 4.08 us = 4.08 us
CONT: 1 x 3.64 us = 3.64 us
FLASH_ATTN_EXT dst(256,24,5,1),  q(256,5,24,1),  k(256,256,4,1),  v(256,256,4,1),  m(256,5,1,1): 1 x 23.4 us = 23.4 us (1344.33 GFLOPS/s)
GET_ROWS: 1 x 6.52 us = 6.52 us
GLU: 1 x 1.72 us = 1.72 us
MUL_MAT f32 m=256 n=120 k=256: 1 x 1.64 us = 1.64 us (9571.9 GFLOPS/s)
MUL_MAT f32 m=256 n=20 k=256: 1 x 3.04 us = 3.04 us (860.632 GFLOPS/s)
MUL_MAT f32 m=64 n=480 k=64: 1 x 3.6 us = 3.6 us (1083.73 GFLOPS/s)
MUL_MAT f32 m=64 n=80 k=64: 1 x 3.64 us = 3.64 us (178.637 GFLOPS/s)
MUL_MAT_ADD MUL_MAT_VEC q6_K m=5120 n=5 k=17408: 1 x 234.37 us = 234.37 us (3802.81 GFLOPS/s)
MUL_MAT_ADD MUL_MAT_VEC q6_K m=5120 n=5 k=6144: 1 x 84.48 us = 84.48 us (3723.33 GFLOPS/s)
MUL_MAT_VEC q6_K m=1024 n=5 k=5120: 2 x 15.82 us = 31.64 us (3313.76 GFLOPS/s)
MUL_MAT_VEC q6_K m=12288 n=5 k=5120: 1 x 151.89 us = 151.89 us (4141.71 GFLOPS/s)
MUL_MAT_VEC q6_K m=17408 n=5 k=5120: 2 x 181.86 us = 363.72 us (4900.49 GFLOPS/s)
MUL_MAT_VEC q8_0 m=5120 n=5 k=10240: 1 x 105.4 us = 105.4 us (4974.03 GFLOPS/s)
RMS_NORM_MUL RMS_NORM(256,24,5,1): 1 x 3.8 us = 3.8 us
RMS_NORM_MUL RMS_NORM(256,4,5,1): 1 x 3.64 us = 3.64 us
RMS_NORM_MUL RMS_NORM(5120,5,1,1): 5 x 8.874 us = 44.37 us
ROPE: 2 x 3.62 us = 7.24 us
SET_ROWS: 2 x 2.9 us = 5.8 us
SIGMOID_MUL SIGMOID: 1 x 1.72 us = 1.72 us
Total time: 1089.35 us.
----------------
Vulkan Timings:
CONCAT: 1 x 1.64 us = 1.64 us
CONT: 1 x 3.68 us = 3.68 us
FLASH_ATTN_EXT dst(256,24,1,1),  q(256,1,24,1),  k(256,256,4,1),  v(256,256,4,1),  m(256,1,1,1): 1 x 13.44 us = 13.44 us (468.114 GFLOPS/s)
GET_ROWS: 3 x 5.013 us = 15.04 us
GLU: 1 x 1.56 us = 1.56 us
MUL_MAT f32 m=256 n=24 k=256: 1 x 1.52 us = 1.52 us (2065.52 GFLOPS/s)
MUL_MAT f32 m=64 n=16 k=64: 1 x 1.8 us = 1.8 us (72.2489 GFLOPS/s)
MUL_MAT f32 m=64 n=96 k=64: 1 x 3.36 us = 3.36 us (232.229 GFLOPS/s)
MUL_MAT_ADD MUL_MAT_VEC q6_K m=5120 n=1 k=17408: 1 x 130.36 us = 130.36 us (1367.39 GFLOPS/s)
MUL_MAT_ADD MUL_MAT_VEC q6_K m=5120 n=1 k=6144: 1 x 53.24 us = 53.24 us (1181.62 GFLOPS/s)
MUL_MAT_VEC f32 m=256 n=4 k=256: 1 x 3.16 us = 3.16 us (165.59 GFLOPS/s)
MUL_MAT_VEC q6_K m=1024 n=1 k=5120: 2 x 8.88 us = 17.76 us (1180.71 GFLOPS/s)
MUL_MAT_VEC q6_K m=12288 n=1 k=5120: 1 x 89.72 us = 89.72 us (1402.33 GFLOPS/s)
MUL_MAT_VEC q6_K m=17408 n=1 k=5120: 2 x 118.46 us = 236.92 us (1504.65 GFLOPS/s)
MUL_MAT_VEC q6_K m=98304 n=1 k=5120: 1 x 671.08 us = 671.08 us (1499.87 GFLOPS/s)
MUL_MAT_VEC q8_0 m=5120 n=1 k=10240: 1 x 94.48 us = 94.48 us (1109.78 GFLOPS/s)
PAD: 1 x 6.56 us = 6.56 us
RMS_NORM_MUL RMS_NORM(256,24,1,1): 1 x 6 us = 6 us
RMS_NORM_MUL RMS_NORM(256,4,1,1): 1 x 5.16 us = 5.16 us
RMS_NORM_MUL RMS_NORM(5120,1,1,1): 5 x 4.024 us = 20.12 us
ROPE: 2 x 3.48 us = 6.96 us
SET_ROWS: 2 x 2.96 us = 5.92 us
SIGMOID_MUL SIGMOID: 1 x 1.6 us = 1.6 us
TOP_K K=10 (98304,1,1,1): 1 x 9.4 us = 9.4 us
Total time: 1400.48 us.
----------------
Vulkan Timings:
CONCAT: 1 x 1.92 us = 1.92 us
CONT: 1 x 3.8 us = 3.8 us
FLASH_ATTN_EXT dst(256,24,1,1),  q(256,1,24,1),  k(256,256,4,1),  v(256,256,4,1),  m(256,1,1,1): 1 x 14 us = 14 us (449.39 GFLOPS/s)
GET_ROWS: 3 x 5.013 us = 15.04 us
GLU: 1 x 1.84 us = 1.84 us
MUL_MAT f32 m=256 n=24 k=256: 1 x 1.64 us = 1.64 us (1914.38 GFLOPS/s)
MUL_MAT f32 m=64 n=16 k=64: 1 x 3.8 us = 3.8 us (34.2232 GFLOPS/s)
MUL_MAT f32 m=64 n=96 k=64: 1 x 3.8 us = 3.8 us (205.339 GFLOPS/s)
MUL_MAT_ADD MUL_MAT_VEC q6_K m=5120 n=1 k=17408: 1 x 123.24 us = 123.24 us (1446.39 GFLOPS/s)
MUL_MAT_ADD MUL_MAT_VEC q6_K m=5120 n=1 k=6144: 1 x 53.16 us = 53.16 us (1183.4 GFLOPS/s)
MUL_MAT_VEC f32 m=256 n=4 k=256: 1 x 3.16 us = 3.16 us (165.59 GFLOPS/s)
MUL_MAT_VEC q6_K m=1024 n=1 k=5120: 2 x 8.94 us = 17.88 us (1172.79 GFLOPS/s)
MUL_MAT_VEC q6_K m=12288 n=1 k=5120: 1 x 85.8 us = 85.8 us (1466.4 GFLOPS/s)
MUL_MAT_VEC q6_K m=17408 n=1 k=5120: 2 x 121.34 us = 242.68 us (1468.93 GFLOPS/s)
MUL_MAT_VEC q6_K m=98304 n=1 k=5120: 1 x 671.98 us = 671.98 us (1497.86 GFLOPS/s)
MUL_MAT_VEC q8_0 m=5120 n=1 k=10240: 1 x 102.32 us = 102.32 us (1024.75 GFLOPS/s)
PAD: 1 x 6.52 us = 6.52 us
RMS_NORM_MUL RMS_NORM(256,24,1,1): 1 x 5.56 us = 5.56 us
RMS_NORM_MUL RMS_NORM(256,4,1,1): 1 x 3.76 us = 3.76 us
RMS_NORM_MUL RMS_NORM(5120,1,1,1): 5 x 3.744 us = 18.72 us
ROPE: 2 x 3.7 us = 7.4 us
SET_ROWS: 2 x 2.96 us = 5.92 us
SIGMOID_MUL SIGMOID: 1 x 1.68 us = 1.68 us
TOP_K K=10 (98304,1,1,1): 1 x 8.76 us = 8.76 us
Total time: 1404.38 us.
----------------
Vulkan Timings:
CONCAT: 1 x 1.68 us = 1.68 us
CONT: 1 x 3.72 us = 3.72 us
FLASH_ATTN_EXT dst(256,24,1,1),  q(256,1,24,1),  k(256,256,4,1),  v(256,256,4,1),  m(256,1,1,1): 1 x 13.96 us = 13.96 us (450.677 GFLOPS/s)
GET_ROWS: 3 x 4.973 us = 14.92 us
GLU: 1 x 1.8 us = 1.8 us
MUL_MAT f32 m=256 n=24 k=256: 1 x 1.68 us = 1.68 us (1868.8 GFLOPS/s)
MUL_MAT f32 m=64 n=16 k=64: 1 x 3.76 us = 3.76 us (34.5872 GFLOPS/s)
MUL_MAT f32 m=64 n=96 k=64: 1 x 3.72 us = 3.72 us (209.755 GFLOPS/s)
MUL_MAT_ADD MUL_MAT_VEC q6_K m=5120 n=1 k=17408: 1 x 123.6 us = 123.6 us (1442.17 GFLOPS/s)
MUL_MAT_ADD MUL_MAT_VEC q6_K m=5120 n=1 k=6144: 1 x 53.6 us = 53.6 us (1173.68 GFLOPS/s)
MUL_MAT_VEC f32 m=256 n=4 k=256: 1 x 3.16 us = 3.16 us (165.59 GFLOPS/s)
MUL_MAT_VEC q6_K m=1024 n=1 k=5120: 2 x 8.78 us = 17.56 us (1194.16 GFLOPS/s)
MUL_MAT_VEC q6_K m=12288 n=1 k=5120: 1 x 86.2 us = 86.2 us (1459.59 GFLOPS/s)
MUL_MAT_VEC q6_K m=17408 n=1 k=5120: 2 x 121.12 us = 242.24 us (1471.6 GFLOPS/s)
MUL_MAT_VEC q6_K m=98304 n=1 k=5120: 1 x 673.25 us = 673.25 us (1495.04 GFLOPS/s)
MUL_MAT_VEC q8_0 m=5120 n=1 k=10240: 1 x 102.04 us = 102.04 us (1027.56 GFLOPS/s)
PAD: 1 x 6.44 us = 6.44 us
RMS_NORM_MUL RMS_NORM(256,24,1,1): 1 x 5.6 us = 5.6 us
RMS_NORM_MUL RMS_NORM(256,4,1,1): 1 x 3.8 us = 3.8 us
RMS_NORM_MUL RMS_NORM(5120,1,1,1): 5 x 3.736 us = 18.68 us
ROPE: 2 x 3.72 us = 7.44 us
SET_ROWS: 2 x 2.98 us = 5.96 us
SIGMOID_MUL SIGMOID: 1 x 1.88 us = 1.88 us
TOP_K K=10 (98304,1,1,1): 1 x 9.24 us = 9.24 us
Total time: 1405.93 us.
----------------
Vulkan Timings:
CONCAT: 1 x 1.64 us = 1.64 us
CONT: 1 x 3.76 us = 3.76 us
FLASH_ATTN_EXT dst(256,24,1,1),  q(256,1,24,1),  k(256,256,4,1),  v(256,256,4,1),  m(256,1,1,1): 1 x 13.92 us = 13.92 us (451.972 GFLOPS/s)
GET_ROWS: 3 x 4.893 us = 14.68 us
GLU: 1 x 1.72 us = 1.72 us
MUL_MAT f32 m=256 n=24 k=256: 1 x 1.64 us = 1.64 us (1914.38 GFLOPS/s)
MUL_MAT f32 m=64 n=16 k=64: 1 x 3.76 us = 3.76 us (34.5872 GFLOPS/s)
MUL_MAT f32 m=64 n=96 k=64: 1 x 3.72 us = 3.72 us (209.755 GFLOPS/s)
MUL_MAT_ADD MUL_MAT_VEC q6_K m=5120 n=1 k=17408: 1 x 123.32 us = 123.32 us (1445.45 GFLOPS/s)
MUL_MAT_ADD MUL_MAT_VEC q6_K m=5120 n=1 k=6144: 1 x 53.76 us = 53.76 us (1170.19 GFLOPS/s)
MUL_MAT_VEC f32 m=256 n=4 k=256: 1 x 3.16 us = 3.16 us (165.59 GFLOPS/s)
MUL_MAT_VEC q6_K m=1024 n=1 k=5120: 2 x 8.82 us = 17.64 us (1188.75 GFLOPS/s)
MUL_MAT_VEC q6_K m=12288 n=1 k=5120: 1 x 85.96 us = 85.96 us (1463.67 GFLOPS/s)
MUL_MAT_VEC q6_K m=17408 n=1 k=5120: 2 x 121.38 us = 242.76 us (1468.45 GFLOPS/s)
MUL_MAT_VEC q6_K m=98304 n=1 k=5120: 1 x 672.53 us = 672.53 us (1496.64 GFLOPS/s)
MUL_MAT_VEC q8_0 m=5120 n=1 k=10240: 1 x 101.72 us = 101.72 us (1030.8 GFLOPS/s)
PAD: 1 x 6.52 us = 6.52 us
RMS_NORM_MUL RMS_NORM(256,24,1,1): 1 x 5.6 us = 5.6 us
RMS_NORM_MUL RMS_NORM(256,4,1,1): 1 x 3.76 us = 3.76 us
RMS_NORM_MUL RMS_NORM(5120,1,1,1): 5 x 3.624 us = 18.12 us
ROPE: 2 x 3.72 us = 7.44 us
SET_ROWS: 2 x 2.96 us = 5.92 us
SIGMOID_MUL SIGMOID: 1 x 1.72 us = 1.72 us
TOP_K K=10 (98304,1,1,1): 1 x 9 us = 9 us
Total time: 1403.77 us.
----------------
Vulkan Timings:
ADD: 48 x 3.985 us = 191.28 us
CONT: 16 x 3.91 us = 62.56 us
FLASH_ATTN_EXT dst(256,24,5,1),  q(256,5,24,1),  k(256,256,4,1),  v(256,256,4,1),  m(256,5,1,1): 16 x 23.137 us = 370.2 us (1359.58 GFLOPS/s)
GDN_CACHE GATED_DELTA_NET: 48 x 13.825 us = 663.64 us
GDN_CONV_STATE CONCAT: 48 x 3.145 us = 150.96 us
GET_ROWS: 3 x 11.293 us = 33.88 us
GLU: 64 x 2.898 us = 185.48 us
MUL_MAT f32 m=256 n=120 k=256: 16 x 1.802 us = 28.84 us (8708.97 GFLOPS/s)
MUL_MAT f32 m=256 n=20 k=256: 16 x 3.59 us = 57.44 us (728.78 GFLOPS/s)
MUL_MAT f32 m=64 n=480 k=64: 16 x 3.767 us = 60.28 us (1035.55 GFLOPS/s)
MUL_MAT f32 m=64 n=80 k=64: 16 x 3.485 us = 55.76 us (186.582 GFLOPS/s)
MUL_MAT_ADD MUL_MAT_VEC q6_K m=5120 n=5 k=17408: 64 x 207.994 us = 13311.6 us (4285.04 GFLOPS/s)
MUL_MAT_ADD MUL_MAT_VEC q6_K m=5120 n=5 k=6144: 16 x 77.765 us = 1244.24 us (4044.84 GFLOPS/s)
MUL_MAT_VEC f32 m=48 n=5 k=5120: 96 x 4.418 us = 424.16 us (556.174 GFLOPS/s)
MUL_MAT_VEC q6_K m=1024 n=5 k=5120: 32 x 12.295 us = 393.44 us (4263.82 GFLOPS/s)
MUL_MAT_VEC q6_K m=10240 n=5 k=5120: 48 x 110.561 us = 5306.96 us (4741.58 GFLOPS/s)
MUL_MAT_VEC q6_K m=12288 n=5 k=5120: 16 x 141.232 us = 2259.72 us (4454.25 GFLOPS/s)
MUL_MAT_VEC q6_K m=17408 n=5 k=5120: 128 x 183.786 us = 23524.7 us (4849.12 GFLOPS/s)
MUL_MAT_VEC q6_K m=248320 n=5 k=5120: 1 x 2382.96 us = 2382.96 us (5334.85 GFLOPS/s)
MUL_MAT_VEC q6_K m=6144 n=5 k=5120: 48 x 72.162 us = 3463.8 us (4358.8 GFLOPS/s)
MUL_MAT_VEC q8_0 m=5120 n=5 k=6144: 48 x 63.404 us = 3043.4 us (4960.99 GFLOPS/s)
RMS_NORM_MUL RMS_NORM(256,24,5,1): 16 x 3.85 us = 61.6 us
RMS_NORM_MUL RMS_NORM(256,4,5,1): 16 x 4.075 us = 65.2 us
RMS_NORM_MUL RMS_NORM(5120,5,1,1): 129 x 4.349 us = 561.08 us
RMS_NORM_MUL_SILU_MUL RMS_NORM(128,48,5,1): 48 x 5.92 us = 284.16 us
RMS_NORM_SCALE RMS_NORM(128,16,5,1): 96 x 2.602 us = 249.8 us
ROPE: 32 x 3.952 us = 126.48 us
SET_ROWS: 32 x 2.997 us = 95.92 us
SIGMOID_MUL SIGMOID: 16 x 3.822 us = 61.16 us
SSM_CONV_SILU SSM_CONV: 48 x 4.875 us = 234 us
Total time: 58954.7 us.
----------------
Vulkan Timings:
CONCAT: 1 x 3.88 us = 3.88 us
CONT: 1 x 3.8 us = 3.8 us
FLASH_ATTN_EXT dst(256,24,5,1),  q(256,5,24,1),  k(256,256,4,1),  v(256,256,4,1),  m(256,5,1,1): 1 x 23.28 us = 23.28 us (1351.26 GFLOPS/s)
GET_ROWS: 1 x 6.72 us = 6.72 us
GLU: 1 x 1.72 us = 1.72 us
MUL_MAT f32 m=256 n=120 k=256: 1 x 1.72 us = 1.72 us (9126.7 GFLOPS/s)
MUL_MAT f32 m=256 n=20 k=256: 1 x 3.2 us = 3.2 us (817.6 GFLOPS/s)
MUL_MAT f32 m=64 n=480 k=64: 1 x 3.76 us = 3.76 us (1037.62 GFLOPS/s)
MUL_MAT f32 m=64 n=80 k=64: 1 x 3.8 us = 3.8 us (171.116 GFLOPS/s)
MUL_MAT_ADD MUL_MAT_VEC q6_K m=5120 n=5 k=17408: 1 x 229.64 us = 229.64 us (3881.14 GFLOPS/s)
MUL_MAT_ADD MUL_MAT_VEC q6_K m=5120 n=5 k=6144: 1 x 86.04 us = 86.04 us (3655.83 GFLOPS/s)
MUL_MAT_VEC q6_K m=1024 n=5 k=5120: 2 x 15.92 us = 31.84 us (3292.94 GFLOPS/s)
MUL_MAT_VEC q6_K m=12288 n=5 k=5120: 1 x 153.26 us = 153.26 us (4104.69 GFLOPS/s)
MUL_MAT_VEC q6_K m=17408 n=5 k=5120: 2 x 181.2 us = 362.4 us (4918.34 GFLOPS/s)
MUL_MAT_VEC q8_0 m=5120 n=5 k=10240: 1 x 104.92 us = 104.92 us (4996.78 GFLOPS/s)
RMS_NORM_MUL RMS_NORM(256,24,5,1): 1 x 3.92 us = 3.92 us
RMS_NORM_MUL RMS_NORM(256,4,5,1): 1 x 3.8 us = 3.8 us
RMS_NORM_MUL RMS_NORM(5120,5,1,1): 5 x 8.892 us = 44.46 us
ROPE: 2 x 3.82 us = 7.64 us
SET_ROWS: 2 x 2.98 us = 5.96 us
SIGMOID_MUL SIGMOID: 1 x 1.68 us = 1.68 us
Total time: 1087.44 us.
----------------
Vulkan Timings:
CONCAT: 1 x 1.68 us = 1.68 us
CONT: 1 x 3.48 us = 3.48 us
FLASH_ATTN_EXT dst(256,24,1,1),  q(256,1,24,1),  k(256,256,4,1),  v(256,256,4,1),  m(256,1,1,1): 1 x 13.6 us = 13.6 us (462.607 GFLOPS/s)
GET_ROWS: 3 x 4.946 us = 14.84 us
GLU: 1 x 1.6 us = 1.6 us
MUL_MAT f32 m=256 n=24 k=256: 1 x 1.52 us = 1.52 us (2065.52 GFLOPS/s)
MUL_MAT f32 m=64 n=16 k=64: 1 x 1.8 us = 1.8 us (72.2489 GFLOPS/s)
MUL_MAT f32 m=64 n=96 k=64: 1 x 3.16 us = 3.16 us (246.927 GFLOPS/s)
MUL_MAT_ADD MUL_MAT_VEC q6_K m=5120 n=1 k=17408: 1 x 130.04 us = 130.04 us (1370.75 GFLOPS/s)
MUL_MAT_ADD MUL_MAT_VEC q6_K m=5120 n=1 k=6144: 1 x 53.44 us = 53.44 us (1177.2 GFLOPS/s)
MUL_MAT_VEC f32 m=256 n=4 k=256: 1 x 3 us = 3 us (174.421 GFLOPS/s)
MUL_MAT_VEC q6_K m=1024 n=1 k=5120: 2 x 8.88 us = 17.76 us (1180.71 GFLOPS/s)
MUL_MAT_VEC q6_K m=12288 n=1 k=5120: 1 x 89.72 us = 89.72 us (1402.33 GFLOPS/s)
MUL_MAT_VEC q6_K m=17408 n=1 k=5120: 2 x 118.3 us = 236.6 us (1506.68 GFLOPS/s)
MUL_MAT_VEC q6_K m=98304 n=1 k=5120: 1 x 670.85 us = 670.85 us (1500.39 GFLOPS/s)
MUL_MAT_VEC q8_0 m=5120 n=1 k=10240: 1 x 94.76 us = 94.76 us (1106.51 GFLOPS/s)
PAD: 1 x 6.36 us = 6.36 us
RMS_NORM_MUL RMS_NORM(256,24,1,1): 1 x 5.64 us = 5.64 us
RMS_NORM_MUL RMS_NORM(256,4,1,1): 1 x 4.88 us = 4.88 us
RMS_NORM_MUL RMS_NORM(5120,1,1,1): 5 x 4.024 us = 20.12 us
ROPE: 2 x 3.32 us = 6.64 us
SET_ROWS: 2 x 2.82 us = 5.64 us
SIGMOID_MUL SIGMOID: 1 x 1.52 us = 1.52 us
TOP_K K=10 (98304,1,1,1): 1 x 9.36 us = 9.36 us
Total time: 1398.01 us.
----------------
Vulkan Timings:
CONCAT: 1 x 1.64 us = 1.64 us
CONT: 1 x 3.56 us = 3.56 us
FLASH_ATTN_EXT dst(256,24,1,1),  q(256,1,24,1),  k(256,256,4,1),  v(256,256,4,1),  m(256,1,1,1): 1 x 13.72 us = 13.72 us (458.561 GFLOPS/s)
GET_ROWS: 3 x 4.84 us = 14.52 us
GLU: 1 x 2 us = 2 us
MUL_MAT f32 m=256 n=24 k=256: 1 x 1.64 us = 1.64 us (1914.38 GFLOPS/s)
MUL_MAT f32 m=64 n=16 k=64: 1 x 3.6 us = 3.6 us (36.1244 GFLOPS/s)
MUL_MAT f32 m=64 n=96 k=64: 1 x 3.64 us = 3.64 us (214.365 GFLOPS/s)
MUL_MAT_ADD MUL_MAT_VEC q6_K m=5120 n=1 k=17408: 1 x 122.88 us = 122.88 us (1450.62 GFLOPS/s)
MUL_MAT_ADD MUL_MAT_VEC q6_K m=5120 n=1 k=6144: 1 x 53.6 us = 53.6 us (1173.68 GFLOPS/s)
MUL_MAT_VEC f32 m=256 n=4 k=256: 1 x 3.04 us = 3.04 us (172.126 GFLOPS/s)
MUL_MAT_VEC q6_K m=1024 n=1 k=5120: 2 x 7 us = 14 us (1497.82 GFLOPS/s)
MUL_MAT_VEC q6_K m=12288 n=1 k=5120: 1 x 93.12 us = 93.12 us (1351.13 GFLOPS/s)
MUL_MAT_VEC q6_K m=17408 n=1 k=5120: 2 x 121.24 us = 242.48 us (1470.15 GFLOPS/s)
MUL_MAT_VEC q6_K m=98304 n=1 k=5120: 1 x 671.28 us = 671.28 us (1499.43 GFLOPS/s)
MUL_MAT_VEC q8_0 m=5120 n=1 k=10240: 1 x 101.6 us = 101.6 us (1032.01 GFLOPS/s)
PAD: 1 x 6.4 us = 6.4 us
RMS_NORM_MUL RMS_NORM(256,24,1,1): 1 x 3.64 us = 3.64 us
RMS_NORM_MUL RMS_NORM(256,4,1,1): 1 x 3.64 us = 3.64 us
RMS_NORM_MUL RMS_NORM(5120,1,1,1): 5 x 3.704 us = 18.52 us
ROPE: 2 x 3.6 us = 7.2 us
SET_ROWS: 2 x 2.9 us = 5.8 us
SIGMOID_MUL SIGMOID: 1 x 1.68 us = 1.68 us
TOP_K K=10 (98304,1,1,1): 1 x 9.16 us = 9.16 us
Total time: 1402.36 us.
----------------
Vulkan Timings:
CONCAT: 1 x 1.68 us = 1.68 us
CONT: 1 x 3.6 us = 3.6 us
FLASH_ATTN_EXT dst(256,24,1,1),  q(256,1,24,1),  k(256,256,4,1),  v(256,256,4,1),  m(256,1,1,1): 1 x 13.84 us = 13.84 us (454.585 GFLOPS/s)
GET_ROWS: 3 x 4.853 us = 14.56 us
GLU: 1 x 1.84 us = 1.84 us
MUL_MAT f32 m=256 n=24 k=256: 1 x 1.6 us = 1.6 us (1962.24 GFLOPS/s)
MUL_MAT f32 m=64 n=16 k=64: 1 x 3.6 us = 3.6 us (36.1244 GFLOPS/s)
MUL_MAT f32 m=64 n=96 k=64: 1 x 3.6 us = 3.6 us (216.747 GFLOPS/s)
MUL_MAT_ADD MUL_MAT_VEC q6_K m=5120 n=1 k=17408: 1 x 123.48 us = 123.48 us (1443.58 GFLOPS/s)
MUL_MAT_ADD MUL_MAT_VEC q6_K m=5120 n=1 k=6144: 1 x 53.48 us = 53.48 us (1176.32 GFLOPS/s)
MUL_MAT_VEC f32 m=256 n=4 k=256: 1 x 3 us = 3 us (174.421 GFLOPS/s)
MUL_MAT_VEC q6_K m=1024 n=1 k=5120: 2 x 7 us = 14 us (1497.82 GFLOPS/s)
MUL_MAT_VEC q6_K m=12288 n=1 k=5120: 1 x 93.24 us = 93.24 us (1349.39 GFLOPS/s)
MUL_MAT_VEC q6_K m=17408 n=1 k=5120: 2 x 121.38 us = 242.76 us (1468.45 GFLOPS/s)
MUL_MAT_VEC q6_K m=98304 n=1 k=5120: 1 x 672.75 us = 672.75 us (1496.15 GFLOPS/s)
MUL_MAT_VEC q8_0 m=5120 n=1 k=10240: 1 x 101.92 us = 101.92 us (1028.77 GFLOPS/s)
PAD: 1 x 6.08 us = 6.08 us
RMS_NORM_MUL RMS_NORM(256,24,1,1): 1 x 3.6 us = 3.6 us
RMS_NORM_MUL RMS_NORM(256,4,1,1): 1 x 3.56 us = 3.56 us
RMS_NORM_MUL RMS_NORM(5120,1,1,1): 5 x 3.72 us = 18.6 us
ROPE: 2 x 3.56 us = 7.12 us
SET_ROWS: 2 x 2.92 us = 5.84 us
SIGMOID_MUL SIGMOID: 1 x 1.72 us = 1.72 us
TOP_K K=10 (98304,1,1,1): 1 x 9.12 us = 9.12 us
Total time: 1404.59 us.
----------------
Vulkan Timings:
CONCAT: 1 x 1.68 us = 1.68 us
CONT: 1 x 3.6 us = 3.6 us
FLASH_ATTN_EXT dst(256,24,1,1),  q(256,1,24,1),  k(256,256,4,1),  v(256,256,4,1),  m(256,1,1,1): 1 x 14 us = 14 us (449.39 GFLOPS/s)
GET_ROWS: 3 x 4.866 us = 14.6 us
GLU: 1 x 1.88 us = 1.88 us
MUL_MAT f32 m=256 n=24 k=256: 1 x 1.68 us = 1.68 us (1868.8 GFLOPS/s)
MUL_MAT f32 m=64 n=16 k=64: 1 x 3.6 us = 3.6 us (36.1244 GFLOPS/s)
MUL_MAT f32 m=64 n=96 k=64: 1 x 3.6 us = 3.6 us (216.747 GFLOPS/s)
MUL_MAT_ADD MUL_MAT_VEC q6_K m=5120 n=1 k=17408: 1 x 123.48 us = 123.48 us (1443.58 GFLOPS/s)
MUL_MAT_ADD MUL_MAT_VEC q6_K m=5120 n=1 k=6144: 1 x 59.28 us = 59.28 us (1061.23 GFLOPS/s)
MUL_MAT_VEC f32 m=256 n=4 k=256: 1 x 2.96 us = 2.96 us (176.778 GFLOPS/s)
MUL_MAT_VEC q6_K m=1024 n=1 k=5120: 2 x 9.94 us = 19.88 us (1054.8 GFLOPS/s)
MUL_MAT_VEC q6_K m=12288 n=1 k=5120: 1 x 85.64 us = 85.64 us (1469.14 GFLOPS/s)
MUL_MAT_VEC q6_K m=17408 n=1 k=5120: 2 x 121.84 us = 243.68 us (1462.91 GFLOPS/s)
MUL_MAT_VEC q6_K m=98304 n=1 k=5120: 1 x 669.93 us = 669.93 us (1502.45 GFLOPS/s)
MUL_MAT_VEC q8_0 m=5120 n=1 k=10240: 1 x 100.76 us = 100.76 us (1040.62 GFLOPS/s)
PAD: 1 x 7.08 us = 7.08 us
RMS_NORM_MUL RMS_NORM(256,24,1,1): 1 x 3.6 us = 3.6 us
RMS_NORM_MUL RMS_NORM(256,4,1,1): 1 x 3.6 us = 3.6 us
RMS_NORM_MUL RMS_NORM(5120,1,1,1): 5 x 3.784 us = 18.92 us
ROPE: 2 x 3.58 us = 7.16 us
SET_ROWS: 2 x 2.92 us = 5.84 us
SIGMOID_MUL SIGMOID: 1 x 1.64 us = 1.64 us
TOP_K K=10 (98304,1,1,1): 1 x 9.2 us = 9.2 us
Total time: 1407.29 us.
----------------
Vulkan Timings:
ADD: 48 x 3.843 us = 184.48 us
CONT: 16 x 3.755 us = 60.08 us
FLASH_ATTN_EXT dst(256,24,5,1),  q(256,5,24,1),  k(256,256,4,1),  v(256,256,4,1),  m(256,5,1,1): 16 x 23.285 us = 372.56 us (1350.97 GFLOPS/s)
GDN_CACHE GATED_DELTA_NET: 48 x 14.635 us = 702.52 us
GDN_CONV_STATE CONCAT: 48 x 3.289 us = 157.88 us
GET_ROWS: 3 x 11.24 us = 33.72 us
GLU: 64 x 2.814 us = 180.12 us
MUL_MAT f32 m=256 n=120 k=256: 16 x 1.85 us = 29.6 us (8485.36 GFLOPS/s)
MUL_MAT f32 m=256 n=20 k=256: 16 x 3.297 us = 52.76 us (793.425 GFLOPS/s)
MUL_MAT f32 m=64 n=480 k=64: 16 x 3.625 us = 58 us (1076.26 GFLOPS/s)
MUL_MAT f32 m=64 n=80 k=64: 16 x 3.455 us = 55.28 us (188.203 GFLOPS/s)
MUL_MAT_ADD MUL_MAT_VEC q6_K m=5120 n=5 k=17408: 64 x 206.822 us = 13236.6 us (4309.32 GFLOPS/s)
MUL_MAT_ADD MUL_MAT_VEC q6_K m=5120 n=5 k=6144: 16 x 77.787 us = 1244.6 us (4043.67 GFLOPS/s)
MUL_MAT_VEC f32 m=48 n=5 k=5120: 96 x 4.441 us = 426.4 us (553.252 GFLOPS/s)
MUL_MAT_VEC q6_K m=1024 n=5 k=5120: 32 x 12.17 us = 389.44 us (4307.62 GFLOPS/s)
MUL_MAT_VEC q6_K m=10240 n=5 k=5120: 48 x 110.372 us = 5297.88 us (4749.7 GFLOPS/s)
MUL_MAT_VEC q6_K m=12288 n=5 k=5120: 16 x 141.037 us = 2256.6 us (4460.4 GFLOPS/s)
MUL_MAT_VEC q6_K m=17408 n=5 k=5120: 128 x 183.681 us = 23511.2 us (4851.89 GFLOPS/s)
MUL_MAT_VEC q6_K m=248320 n=5 k=5120: 1 x 2382.32 us = 2382.32 us (5336.29 GFLOPS/s)
MUL_MAT_VEC q6_K m=6144 n=5 k=5120: 48 x 71.453 us = 3429.76 us (4402.06 GFLOPS/s)
MUL_MAT_VEC q8_0 m=5120 n=5 k=6144: 48 x 63.064 us = 3027.08 us (4987.73 GFLOPS/s)
RMS_NORM_MUL RMS_NORM(256,24,5,1): 16 x 3.697 us = 59.16 us
RMS_NORM_MUL RMS_NORM(256,4,5,1): 16 x 3.81 us = 60.96 us
RMS_NORM_MUL RMS_NORM(5120,5,1,1): 129 x 4.284 us = 552.64 us
RMS_NORM_MUL_SILU_MUL RMS_NORM(128,48,5,1): 48 x 5.594 us = 268.52 us
RMS_NORM_SCALE RMS_NORM(128,16,5,1): 96 x 2.492 us = 239.24 us
ROPE: 32 x 3.802 us = 121.68 us
SET_ROWS: 32 x 2.943 us = 94.2 us
SIGMOID_MUL SIGMOID: 16 x 3.65 us = 58.4 us
SSM_CONV_SILU SSM_CONV: 48 x 4.715 us = 226.36 us
Total time: 58770.1 us.
----------------
Vulkan Timings:
CONCAT: 1 x 4.08 us = 4.08 us
CONT: 1 x 3.68 us = 3.68 us
FLASH_ATTN_EXT dst(256,24,5,1),  q(256,5,24,1),  k(256,256,4,1),  v(256,256,4,1),  m(256,5,1,1): 1 x 23.24 us = 23.24 us (1353.58 GFLOPS/s)
GET_ROWS: 1 x 6.56 us = 6.56 us
GLU: 1 x 1.56 us = 1.56 us
MUL_MAT f32 m=256 n=120 k=256: 1 x 1.68 us = 1.68 us (9344 GFLOPS/s)
MUL_MAT f32 m=256 n=20 k=256: 1 x 3.04 us = 3.04 us (860.632 GFLOPS/s)
MUL_MAT f32 m=64 n=480 k=64: 1 x 3.68 us = 3.68 us (1060.17 GFLOPS/s)
MUL_MAT f32 m=64 n=80 k=64: 1 x 3.6 us = 3.6 us (180.622 GFLOPS/s)
MUL_MAT_ADD MUL_MAT_VEC q6_K m=5120 n=5 k=17408: 1 x 230.55 us = 230.55 us (3865.82 GFLOPS/s)
MUL_MAT_ADD MUL_MAT_VEC q6_K m=5120 n=5 k=6144: 1 x 83.52 us = 83.52 us (3766.13 GFLOPS/s)
MUL_MAT_VEC q6_K m=1024 n=5 k=5120: 2 x 15.88 us = 31.76 us (3301.24 GFLOPS/s)
MUL_MAT_VEC q6_K m=12288 n=5 k=5120: 1 x 152.87 us = 152.87 us (4115.16 GFLOPS/s)
MUL_MAT_VEC q6_K m=17408 n=5 k=5120: 2 x 180.64 us = 361.28 us (4933.58 GFLOPS/s)
MUL_MAT_VEC q8_0 m=5120 n=5 k=10240: 1 x 104.36 us = 104.36 us (5023.6 GFLOPS/s)
RMS_NORM_MUL RMS_NORM(256,24,5,1): 1 x 3.72 us = 3.72 us
RMS_NORM_MUL RMS_NORM(256,4,5,1): 1 x 3.6 us = 3.6 us
RMS_NORM_MUL RMS_NORM(5120,5,1,1): 5 x 8.304 us = 41.52 us
ROPE: 2 x 3.62 us = 7.24 us
SET_ROWS: 2 x 2.92 us = 5.84 us
SIGMOID_MUL SIGMOID: 1 x 1.72 us = 1.72 us
Total time: 1079.1 us.
----------------
Vulkan Timings:
CONCAT: 1 x 1.72 us = 1.72 us
CONT: 1 x 3.68 us = 3.68 us
FLASH_ATTN_EXT dst(256,24,1,1),  q(256,1,24,1),  k(256,256,4,1),  v(256,256,4,1),  m(256,1,1,1): 1 x 13.6 us = 13.6 us (462.607 GFLOPS/s)
GET_ROWS: 3 x 5.2 us = 15.6 us
GLU: 1 x 1.56 us = 1.56 us
MUL_MAT f32 m=256 n=24 k=256: 1 x 1.56 us = 1.56 us (2012.55 GFLOPS/s)
MUL_MAT f32 m=64 n=16 k=64: 1 x 1.8 us = 1.8 us (72.2489 GFLOPS/s)
MUL_MAT f32 m=64 n=96 k=64: 1 x 3.36 us = 3.36 us (232.229 GFLOPS/s)
MUL_MAT_ADD MUL_MAT_VEC q6_K m=5120 n=1 k=17408: 1 x 130.48 us = 130.48 us (1366.13 GFLOPS/s)
MUL_MAT_ADD MUL_MAT_VEC q6_K m=5120 n=1 k=6144: 1 x 53.52 us = 53.52 us (1175.44 GFLOPS/s)
MUL_MAT_VEC f32 m=256 n=4 k=256: 1 x 3.16 us = 3.16 us (165.59 GFLOPS/s)
MUL_MAT_VEC q6_K m=1024 n=1 k=5120: 2 x 8.78 us = 17.56 us (1194.16 GFLOPS/s)
MUL_MAT_VEC q6_K m=12288 n=1 k=5120: 1 x 89.52 us = 89.52 us (1405.46 GFLOPS/s)
MUL_MAT_VEC q6_K m=17408 n=1 k=5120: 2 x 118.52 us = 237.04 us (1503.89 GFLOPS/s)
MUL_MAT_VEC q6_K m=98304 n=1 k=5120: 1 x 672.43 us = 672.43 us (1496.86 GFLOPS/s)
MUL_MAT_VEC q8_0 m=5120 n=1 k=10240: 1 x 94.84 us = 94.84 us (1105.57 GFLOPS/s)
PAD: 1 x 6.48 us = 6.48 us
RMS_NORM_MUL RMS_NORM(256,24,1,1): 1 x 6 us = 6 us
RMS_NORM_MUL RMS_NORM(256,4,1,1): 1 x 5.12 us = 5.12 us
RMS_NORM_MUL RMS_NORM(5120,1,1,1): 5 x 4.016 us = 20.08 us
ROPE: 2 x 3.56 us = 7.12 us
SET_ROWS: 2 x 2.88 us = 5.76 us
SIGMOID_MUL SIGMOID: 1 x 1.8 us = 1.8 us
TOP_K K=10 (98304,1,1,1): 1 x 9 us = 9 us
Total time: 1402.79 us.
----------------
Vulkan Timings:
CONCAT: 1 x 1.68 us = 1.68 us
CONT: 1 x 3.76 us = 3.76 us
FLASH_ATTN_EXT dst(256,24,1,1),  q(256,1,24,1),  k(256,256,4,1),  v(256,256,4,1),  m(256,1,1,1): 1 x 13.96 us = 13.96 us (450.677 GFLOPS/s)
GET_ROWS: 3 x 4.92 us = 14.76 us
GLU: 1 x 1.8 us = 1.8 us
MUL_MAT f32 m=256 n=24 k=256: 1 x 1.68 us = 1.68 us (1868.8 GFLOPS/s)
MUL_MAT f32 m=64 n=16 k=64: 1 x 3.8 us = 3.8 us (34.2232 GFLOPS/s)
MUL_MAT f32 m=64 n=96 k=64: 1 x 3.76 us = 3.76 us (207.523 GFLOPS/s)
MUL_MAT_ADD MUL_MAT_VEC q6_K m=5120 n=1 k=17408: 1 x 122.92 us = 122.92 us (1450.15 GFLOPS/s)
MUL_MAT_ADD MUL_MAT_VEC q6_K m=5120 n=1 k=6144: 1 x 54.68 us = 54.68 us (1150.5 GFLOPS/s)
MUL_MAT_VEC f32 m=256 n=4 k=256: 1 x 3.16 us = 3.16 us (165.59 GFLOPS/s)
MUL_MAT_VEC q6_K m=1024 n=1 k=5120: 2 x 8.88 us = 17.76 us (1180.71 GFLOPS/s)
MUL_MAT_VEC q6_K m=12288 n=1 k=5120: 1 x 85.96 us = 85.96 us (1463.67 GFLOPS/s)
MUL_MAT_VEC q6_K m=17408 n=1 k=5120: 2 x 121.32 us = 242.64 us (1469.18 GFLOPS/s)
MUL_MAT_VEC q6_K m=98304 n=1 k=5120: 1 x 671.35 us = 671.35 us (1499.27 GFLOPS/s)
MUL_MAT_VEC q8_0 m=5120 n=1 k=10240: 1 x 101.68 us = 101.68 us (1031.2 GFLOPS/s)
PAD: 1 x 6.56 us = 6.56 us
RMS_NORM_MUL RMS_NORM(256,24,1,1): 1 x 5.6 us = 5.6 us
RMS_NORM_MUL RMS_NORM(256,4,1,1): 1 x 3.76 us = 3.76 us
RMS_NORM_MUL RMS_NORM(5120,1,1,1): 5 x 3.744 us = 18.72 us
ROPE: 2 x 3.74 us = 7.48 us
SET_ROWS: 2 x 2.96 us = 5.92 us
SIGMOID_MUL SIGMOID: 1 x 1.68 us = 1.68 us
TOP_K K=10 (98304,1,1,1): 1 x 8.8 us = 8.8 us
Total time: 1403.87 us.
----------------
Vulkan Timings:
CONCAT: 1 x 1.64 us = 1.64 us
CONT: 1 x 3.76 us = 3.76 us
FLASH_ATTN_EXT dst(256,24,1,1),  q(256,1,24,1),  k(256,256,4,1),  v(256,256,4,1),  m(256,1,1,1): 1 x 13.76 us = 13.76 us (457.228 GFLOPS/s)
GET_ROWS: 3 x 4.906 us = 14.72 us
GLU: 1 x 1.84 us = 1.84 us
MUL_MAT f32 m=256 n=24 k=256: 1 x 1.6 us = 1.6 us (1962.24 GFLOPS/s)
MUL_MAT f32 m=64 n=16 k=64: 1 x 3.8 us = 3.8 us (34.2232 GFLOPS/s)
MUL_MAT f32 m=64 n=96 k=64: 1 x 3.76 us = 3.76 us (207.523 GFLOPS/s)
MUL_MAT_ADD MUL_MAT_VEC q6_K m=5120 n=1 k=17408: 1 x 123.48 us = 123.48 us (1443.58 GFLOPS/s)
MUL_MAT_ADD MUL_MAT_VEC q6_K m=5120 n=1 k=6144: 1 x 53.76 us = 53.76 us (1170.19 GFLOPS/s)
MUL_MAT_VEC f32 m=256 n=4 k=256: 1 x 3.16 us = 3.16 us (165.59 GFLOPS/s)
MUL_MAT_VEC q6_K m=1024 n=1 k=5120: 2 x 8.86 us = 17.72 us (1183.38 GFLOPS/s)
MUL_MAT_VEC q6_K m=12288 n=1 k=5120: 1 x 85.68 us = 85.68 us (1468.45 GFLOPS/s)
MUL_MAT_VEC q6_K m=17408 n=1 k=5120: 2 x 121.56 us = 243.12 us (1466.28 GFLOPS/s)
MUL_MAT_VEC q6_K m=98304 n=1 k=5120: 1 x 671.28 us = 671.28 us (1499.43 GFLOPS/s)
MUL_MAT_VEC q8_0 m=5120 n=1 k=10240: 1 x 101.36 us = 101.36 us (1034.46 GFLOPS/s)
PAD: 1 x 6.44 us = 6.44 us
RMS_NORM_MUL RMS_NORM(256,24,1,1): 1 x 5.64 us = 5.64 us
RMS_NORM_MUL RMS_NORM(256,4,1,1): 1 x 3.76 us = 3.76 us
RMS_NORM_MUL RMS_NORM(5120,1,1,1): 5 x 3.728 us = 18.64 us
ROPE: 2 x 3.72 us = 7.44 us
SET_ROWS: 2 x 2.94 us = 5.88 us
SIGMOID_MUL SIGMOID: 1 x 1.68 us = 1.68 us
TOP_K K=10 (98304,1,1,1): 1 x 9.28 us = 9.28 us
Total time: 1403.2 us.
----------------
Vulkan Timings:
CONCAT: 1 x 1.68 us = 1.68 us
CONT: 1 x 3.76 us = 3.76 us
FLASH_ATTN_EXT dst(256,24,1,1),  q(256,1,24,1),  k(256,256,4,1),  v(256,256,4,1),  m(256,1,1,1): 1 x 13.96 us = 13.96 us (450.677 GFLOPS/s)
GET_ROWS: 3 x 4.88 us = 14.64 us
GLU: 1 x 1.8 us = 1.8 us
MUL_MAT f32 m=256 n=24 k=256: 1 x 1.64 us = 1.64 us (1914.38 GFLOPS/s)
MUL_MAT f32 m=64 n=16 k=64: 1 x 3.72 us = 3.72 us (34.9591 GFLOPS/s)
MUL_MAT f32 m=64 n=96 k=64: 1 x 3.76 us = 3.76 us (207.523 GFLOPS/s)
MUL_MAT_ADD MUL_MAT_VEC q6_K m=5120 n=1 k=17408: 1 x 123.32 us = 123.32 us (1445.45 GFLOPS/s)
MUL_MAT_ADD MUL_MAT_VEC q6_K m=5120 n=1 k=6144: 1 x 54.56 us = 54.56 us (1153.03 GFLOPS/s)
MUL_MAT_VEC f32 m=256 n=4 k=256: 1 x 3.16 us = 3.16 us (165.59 GFLOPS/s)
MUL_MAT_VEC q6_K m=1024 n=1 k=5120: 2 x 8.74 us = 17.48 us (1199.63 GFLOPS/s)
MUL_MAT_VEC q6_K m=12288 n=1 k=5120: 1 x 85.76 us = 85.76 us (1467.08 GFLOPS/s)
MUL_MAT_VEC q6_K m=17408 n=1 k=5120: 2 x 121.72 us = 243.44 us (1464.35 GFLOPS/s)
MUL_MAT_VEC q6_K m=98304 n=1 k=5120: 1 x 671.01 us = 671.01 us (1500.03 GFLOPS/s)
MUL_MAT_VEC q8_0 m=5120 n=1 k=10240: 1 x 101.6 us = 101.6 us (1032.01 GFLOPS/s)
PAD: 1 x 6.48 us = 6.48 us
RMS_NORM_MUL RMS_NORM(256,24,1,1): 1 x 5.56 us = 5.56 us
RMS_NORM_MUL RMS_NORM(256,4,1,1): 1 x 3.72 us = 3.72 us
RMS_NORM_MUL RMS_NORM(5120,1,1,1): 5 x 3.72 us = 18.6 us
ROPE: 2 x 3.72 us = 7.44 us
SET_ROWS: 2 x 2.98 us = 5.96 us
SIGMOID_MUL SIGMOID: 1 x 1.92 us = 1.92 us
TOP_K K=10 (98304,1,1,1): 1 x 9.24 us = 9.24 us
Total time: 1404.21 us.
----------------
Vulkan Timings:
ADD: 48 x 3.987 us = 191.4 us
CONT: 16 x 3.917 us = 62.68 us
FLASH_ATTN_EXT dst(256,24,5,1),  q(256,5,24,1),  k(256,256,4,1),  v(256,256,4,1),  m(256,5,1,1): 16 x 23.307 us = 372.92 us (1349.66 GFLOPS/s)
GDN_CACHE GATED_DELTA_NET: 48 x 13.818 us = 663.28 us
GDN_CONV_STATE CONCAT: 48 x 3.125 us = 150 us
GET_ROWS: 3 x 11.266 us = 33.8 us
GLU: 64 x 2.882 us = 184.48 us
MUL_MAT f32 m=256 n=120 k=256: 16 x 1.82 us = 29.12 us (8625.23 GFLOPS/s)
MUL_MAT f32 m=256 n=20 k=256: 16 x 3.6 us = 57.6 us (726.756 GFLOPS/s)
MUL_MAT f32 m=64 n=480 k=64: 16 x 3.767 us = 60.28 us (1035.55 GFLOPS/s)
MUL_MAT f32 m=64 n=80 k=64: 16 x 3.472 us = 55.56 us (187.254 GFLOPS/s)
MUL_MAT_ADD MUL_MAT_VEC q6_K m=5120 n=5 k=17408: 64 x 207.627 us = 13288.2 us (4292.61 GFLOPS/s)
MUL_MAT_ADD MUL_MAT_VEC q6_K m=5120 n=5 k=6144: 16 x 77.962 us = 1247.4 us (4034.6 GFLOPS/s)
MUL_MAT_VEC f32 m=48 n=5 k=5120: 96 x 4.378 us = 420.32 us (561.255 GFLOPS/s)
MUL_MAT_VEC q6_K m=1024 n=5 k=5120: 32 x 12.322 us = 394.32 us (4254.31 GFLOPS/s)
MUL_MAT_VEC q6_K m=10240 n=5 k=5120: 48 x 110.488 us = 5303.44 us (4744.73 GFLOPS/s)
MUL_MAT_VEC q6_K m=12288 n=5 k=5120: 16 x 141.225 us = 2259.6 us (4454.48 GFLOPS/s)
MUL_MAT_VEC q6_K m=17408 n=5 k=5120: 128 x 183.77 us = 23522.7 us (4849.53 GFLOPS/s)
MUL_MAT_VEC q6_K m=248320 n=5 k=5120: 1 x 2384.56 us = 2384.56 us (5331.27 GFLOPS/s)
MUL_MAT_VEC q6_K m=6144 n=5 k=5120: 48 x 72.203 us = 3465.76 us (4356.34 GFLOPS/s)
MUL_MAT_VEC q8_0 m=5120 n=5 k=6144: 48 x 63.392 us = 3042.84 us (4961.9 GFLOPS/s)
RMS_NORM_MUL RMS_NORM(256,24,5,1): 16 x 3.845 us = 61.52 us
RMS_NORM_MUL RMS_NORM(256,4,5,1): 16 x 4.07 us = 65.12 us
RMS_NORM_MUL RMS_NORM(5120,5,1,1): 129 x 4.366 us = 563.32 us
RMS_NORM_MUL_SILU_MUL RMS_NORM(128,48,5,1): 48 x 5.915 us = 283.92 us
RMS_NORM_SCALE RMS_NORM(128,16,5,1): 96 x 2.616 us = 251.2 us
ROPE: 32 x 3.958 us = 126.68 us
SET_ROWS: 32 x 2.947 us = 94.32 us
SIGMOID_MUL SIGMOID: 16 x 3.807 us = 60.92 us
SSM_CONV_SILU SSM_CONV: 48 x 4.875 us = 234.04 us
Total time: 58931.2 us.
----------------
Vulkan Timings:
CONCAT: 1 x 3.92 us = 3.92 us
CONT: 1 x 3.8 us = 3.8 us
FLASH_ATTN_EXT dst(256,24,5,1),  q(256,5,24,1),  k(256,256,4,1),  v(256,256,4,1),  m(256,5,1,1): 1 x 23.16 us = 23.16 us (1358.26 GFLOPS/s)
GET_ROWS: 1 x 6.72 us = 6.72 us
GLU: 1 x 1.76 us = 1.76 us
MUL_MAT f32 m=256 n=120 k=256: 1 x 1.68 us = 1.68 us (9344 GFLOPS/s)
MUL_MAT f32 m=256 n=20 k=256: 1 x 3.2 us = 3.2 us (817.6 GFLOPS/s)
MUL_MAT f32 m=64 n=480 k=64: 1 x 3.8 us = 3.8 us (1026.69 GFLOPS/s)
MUL_MAT f32 m=64 n=80 k=64: 1 x 3.76 us = 3.76 us (172.936 GFLOPS/s)
MUL_MAT_ADD MUL_MAT_VEC q6_K m=5120 n=5 k=17408: 1 x 230.74 us = 230.74 us (3862.63 GFLOPS/s)
MUL_MAT_ADD MUL_MAT_VEC q6_K m=5120 n=5 k=6144: 1 x 85.88 us = 85.88 us (3662.64 GFLOPS/s)
MUL_MAT_VEC q6_K m=1024 n=5 k=5120: 2 x 15.8 us = 31.6 us (3317.95 GFLOPS/s)
MUL_MAT_VEC q6_K m=12288 n=5 k=5120: 1 x 152.7 us = 152.7 us (4119.74 GFLOPS/s)
MUL_MAT_VEC q6_K m=17408 n=5 k=5120: 2 x 182.34 us = 364.68 us (4887.59 GFLOPS/s)
MUL_MAT_VEC q8_0 m=5120 n=5 k=10240: 1 x 104.96 us = 104.96 us (4994.88 GFLOPS/s)
RMS_NORM_MUL RMS_NORM(256,24,5,1): 1 x 3.92 us = 3.92 us
RMS_NORM_MUL RMS_NORM(256,4,5,1): 1 x 3.76 us = 3.76 us
RMS_NORM_MUL RMS_NORM(5120,5,1,1): 5 x 8.768 us = 43.84 us
ROPE: 2 x 3.78 us = 7.56 us
SET_ROWS: 2 x 2.96 us = 5.92 us
SIGMOID_MUL SIGMOID: 1 x 1.72 us = 1.72 us
Total time: 1089.08 us.
----------------
Vulkan Timings:
CONCAT: 1 x 1.64 us = 1.64 us
CONT: 1 x 3.44 us = 3.44 us
FLASH_ATTN_EXT dst(256,24,1,1),  q(256,1,24,1),  k(256,256,4,1),  v(256,256,4,1),  m(256,1,1,1): 1 x 13.68 us = 13.68 us (459.902 GFLOPS/s)
GET_ROWS: 3 x 4.933 us = 14.8 us
GLU: 1 x 1.6 us = 1.6 us
MUL_MAT f32 m=256 n=24 k=256: 1 x 1.48 us = 1.48 us (2121.34 GFLOPS/s)
MUL_MAT f32 m=64 n=16 k=64: 1 x 1.8 us = 1.8 us (72.2489 GFLOPS/s)
MUL_MAT f32 m=64 n=96 k=64: 1 x 3.16 us = 3.16 us (246.927 GFLOPS/s)
MUL_MAT_ADD MUL_MAT_VEC q6_K m=5120 n=1 k=17408: 1 x 129.88 us = 129.88 us (1372.44 GFLOPS/s)
MUL_MAT_ADD MUL_MAT_VEC q6_K m=5120 n=1 k=6144: 1 x 53.32 us = 53.32 us (1179.85 GFLOPS/s)
MUL_MAT_VEC f32 m=256 n=4 k=256: 1 x 3 us = 3 us (174.421 GFLOPS/s)
MUL_MAT_VEC q6_K m=1024 n=1 k=5120: 2 x 6.72 us = 13.44 us (1560.23 GFLOPS/s)
MUL_MAT_VEC q6_K m=12288 n=1 k=5120: 1 x 97.92 us = 97.92 us (1284.89 GFLOPS/s)
MUL_MAT_VEC q6_K m=17408 n=1 k=5120: 2 x 118.02 us = 236.04 us (1510.26 GFLOPS/s)
MUL_MAT_VEC q6_K m=98304 n=1 k=5120: 1 x 669.3 us = 669.3 us (1503.86 GFLOPS/s)
MUL_MAT_VEC q8_0 m=5120 n=1 k=10240: 1 x 93.88 us = 93.88 us (1116.88 GFLOPS/s)
PAD: 1 x 7.12 us = 7.12 us
RMS_NORM_MUL RMS_NORM(256,24,1,1): 1 x 3.2 us = 3.2 us
RMS_NORM_MUL RMS_NORM(256,4,1,1): 1 x 4.84 us = 4.84 us
RMS_NORM_MUL RMS_NORM(5120,1,1,1): 5 x 4.04 us = 20.2 us
ROPE: 2 x 3.32 us = 6.64 us
SET_ROWS: 2 x 2.78 us = 5.56 us
SIGMOID_MUL SIGMOID: 1 x 1.6 us = 1.6 us
TOP_K K=10 (98304,1,1,1): 1 x 8.88 us = 8.88 us
Total time: 1396.42 us.
----------------
Vulkan Timings:
CONCAT: 1 x 1.68 us = 1.68 us
CONT: 1 x 3.64 us = 3.64 us
FLASH_ATTN_EXT dst(256,24,1,1),  q(256,1,24,1),  k(256,256,4,1),  v(256,256,4,1),  m(256,1,1,1): 1 x 13.88 us = 13.88 us (453.275 GFLOPS/s)
GET_ROWS: 3 x 4.786 us = 14.36 us
GLU: 1 x 1.8 us = 1.8 us
MUL_MAT f32 m=256 n=24 k=256: 1 x 1.6 us = 1.6 us (1962.24 GFLOPS/s)
MUL_MAT f32 m=64 n=16 k=64: 1 x 3.56 us = 3.56 us (36.5303 GFLOPS/s)
MUL_MAT f32 m=64 n=96 k=64: 1 x 3.6 us = 3.6 us (216.747 GFLOPS/s)
MUL_MAT_ADD MUL_MAT_VEC q6_K m=5120 n=1 k=17408: 1 x 124.36 us = 124.36 us (1433.36 GFLOPS/s)
MUL_MAT_ADD MUL_MAT_VEC q6_K m=5120 n=1 k=6144: 1 x 53.4 us = 53.4 us (1178.08 GFLOPS/s)
MUL_MAT_VEC f32 m=256 n=4 k=256: 1 x 3.04 us = 3.04 us (172.126 GFLOPS/s)
MUL_MAT_VEC q6_K m=1024 n=1 k=5120: 2 x 8.78 us = 17.56 us (1194.16 GFLOPS/s)
MUL_MAT_VEC q6_K m=12288 n=1 k=5120: 1 x 86 us = 86 us (1462.99 GFLOPS/s)
MUL_MAT_VEC q6_K m=17408 n=1 k=5120: 2 x 121.14 us = 242.28 us (1471.36 GFLOPS/s)
MUL_MAT_VEC q6_K m=98304 n=1 k=5120: 1 x 671.06 us = 671.06 us (1499.92 GFLOPS/s)
MUL_MAT_VEC q8_0 m=5120 n=1 k=10240: 1 x 100.96 us = 100.96 us (1038.55 GFLOPS/s)
PAD: 1 x 6.4 us = 6.4 us
RMS_NORM_MUL RMS_NORM(256,24,1,1): 1 x 5.28 us = 5.28 us
RMS_NORM_MUL RMS_NORM(256,4,1,1): 1 x 3.6 us = 3.6 us
RMS_NORM_MUL RMS_NORM(5120,1,1,1): 5 x 3.656 us = 18.28 us
ROPE: 2 x 3.56 us = 7.12 us
SET_ROWS: 2 x 2.9 us = 5.8 us
SIGMOID_MUL SIGMOID: 1 x 1.68 us = 1.68 us
TOP_K K=10 (98304,1,1,1): 1 x 9.2 us = 9.2 us
Total time: 1400.14 us.
----------------
Vulkan Timings:
CONCAT: 1 x 1.68 us = 1.68 us
CONT: 1 x 3.6 us = 3.6 us
FLASH_ATTN_EXT dst(256,24,1,1),  q(256,1,24,1),  k(256,256,4,1),  v(256,256,4,1),  m(256,1,1,1): 1 x 13.96 us = 13.96 us (450.677 GFLOPS/s)
GET_ROWS: 3 x 4.8 us = 14.4 us
GLU: 1 x 1.84 us = 1.84 us
MUL_MAT f32 m=256 n=24 k=256: 1 x 1.68 us = 1.68 us (1868.8 GFLOPS/s)
MUL_MAT f32 m=64 n=16 k=64: 1 x 3.64 us = 3.64 us (35.7275 GFLOPS/s)
MUL_MAT f32 m=64 n=96 k=64: 1 x 3.6 us = 3.6 us (216.747 GFLOPS/s)
MUL_MAT_ADD MUL_MAT_VEC q6_K m=5120 n=1 k=17408: 1 x 123.28 us = 123.28 us (1445.92 GFLOPS/s)
MUL_MAT_ADD MUL_MAT_VEC q6_K m=5120 n=1 k=6144: 1 x 53.36 us = 53.36 us (1178.96 GFLOPS/s)
MUL_MAT_VEC f32 m=256 n=4 k=256: 1 x 3 us = 3 us (174.421 GFLOPS/s)
MUL_MAT_VEC q6_K m=1024 n=1 k=5120: 2 x 8.84 us = 17.68 us (1186.06 GFLOPS/s)
MUL_MAT_VEC q6_K m=12288 n=1 k=5120: 1 x 86.04 us = 86.04 us (1462.31 GFLOPS/s)
MUL_MAT_VEC q6_K m=17408 n=1 k=5120: 2 x 121.66 us = 243.32 us (1465.07 GFLOPS/s)
MUL_MAT_VEC q6_K m=98304 n=1 k=5120: 1 x 669.86 us = 669.86 us (1502.6 GFLOPS/s)
MUL_MAT_VEC q8_0 m=5120 n=1 k=10240: 1 x 101.28 us = 101.28 us (1035.27 GFLOPS/s)
PAD: 1 x 6.36 us = 6.36 us
RMS_NORM_MUL RMS_NORM(256,24,1,1): 1 x 5.24 us = 5.24 us
RMS_NORM_MUL RMS_NORM(256,4,1,1): 1 x 3.6 us = 3.6 us
RMS_NORM_MUL RMS_NORM(5120,1,1,1): 5 x 3.728 us = 18.64 us
ROPE: 2 x 3.58 us = 7.16 us
SET_ROWS: 2 x 2.9 us = 5.8 us
SIGMOID_MUL SIGMOID: 1 x 1.64 us = 1.64 us
TOP_K K=10 (98304,1,1,1): 1 x 8.6 us = 8.6 us
Total time: 1399.26 us.
----------------
Vulkan Timings:
CONCAT: 1 x 1.68 us = 1.68 us
CONT: 1 x 3.56 us = 3.56 us
FLASH_ATTN_EXT dst(256,24,1,1),  q(256,1,24,1),  k(256,256,4,1),  v(256,256,4,1),  m(256,1,1,1): 1 x 13.96 us = 13.96 us (450.677 GFLOPS/s)
GET_ROWS: 3 x 4.853 us = 14.56 us
GLU: 1 x 1.8 us = 1.8 us
MUL_MAT f32 m=256 n=24 k=256: 1 x 1.6 us = 1.6 us (1962.24 GFLOPS/s)
MUL_MAT f32 m=64 n=16 k=64: 1 x 3.6 us = 3.6 us (36.1244 GFLOPS/s)
MUL_MAT f32 m=64 n=96 k=64: 1 x 3.56 us = 3.56 us (219.182 GFLOPS/s)
MUL_MAT_ADD MUL_MAT_VEC q6_K m=5120 n=1 k=17408: 1 x 122.88 us = 122.88 us (1450.62 GFLOPS/s)
MUL_MAT_ADD MUL_MAT_VEC q6_K m=5120 n=1 k=6144: 1 x 53.36 us = 53.36 us (1178.96 GFLOPS/s)
MUL_MAT_VEC f32 m=256 n=4 k=256: 1 x 3 us = 3 us (174.421 GFLOPS/s)
MUL_MAT_VEC q6_K m=1024 n=1 k=5120: 2 x 8.92 us = 17.84 us (1175.42 GFLOPS/s)
MUL_MAT_VEC q6_K m=12288 n=1 k=5120: 1 x 86.08 us = 86.08 us (1461.63 GFLOPS/s)
MUL_MAT_VEC q6_K m=17408 n=1 k=5120: 2 x 122.24 us = 244.48 us (1458.12 GFLOPS/s)
MUL_MAT_VEC q6_K m=98304 n=1 k=5120: 1 x 672.08 us = 672.08 us (1497.64 GFLOPS/s)
MUL_MAT_VEC q8_0 m=5120 n=1 k=10240: 1 x 101.44 us = 101.44 us (1033.64 GFLOPS/s)
PAD: 1 x 6.36 us = 6.36 us
RMS_NORM_MUL RMS_NORM(256,24,1,1): 1 x 5.32 us = 5.32 us
RMS_NORM_MUL RMS_NORM(256,4,1,1): 1 x 3.6 us = 3.6 us
RMS_NORM_MUL RMS_NORM(5120,1,1,1): 5 x 3.72 us = 18.6 us
ROPE: 2 x 3.58 us = 7.16 us
SET_ROWS: 2 x 2.88 us = 5.76 us
SIGMOID_MUL SIGMOID: 1 x 1.68 us = 1.68 us
TOP_K K=10 (98304,1,1,1): 1 x 8.64 us = 8.64 us
Total time: 1402.6 us.
----------------
Vulkan Timings:
ADD: 48 x 3.834 us = 184.04 us
CONT: 16 x 3.75 us = 60 us
FLASH_ATTN_EXT dst(256,24,5,1),  q(256,5,24,1),  k(256,256,4,1),  v(256,256,4,1),  m(256,5,1,1): 16 x 23.36 us = 373.76 us (1346.63 GFLOPS/s)
GDN_CACHE GATED_DELTA_NET: 48 x 14.437 us = 693 us
GDN_CONV_STATE CONCAT: 48 x 3.279 us = 157.4 us
GET_ROWS: 3 x 11.533 us = 34.6 us
GLU: 64 x 2.831 us = 181.24 us
MUL_MAT f32 m=256 n=120 k=256: 16 x 1.832 us = 29.32 us (8566.4 GFLOPS/s)
MUL_MAT f32 m=256 n=20 k=256: 16 x 3.292 us = 52.68 us (794.63 GFLOPS/s)
MUL_MAT f32 m=64 n=480 k=64: 16 x 3.62 us = 57.92 us (1077.75 GFLOPS/s)
MUL_MAT f32 m=64 n=80 k=64: 16 x 3.36 us = 53.76 us (193.524 GFLOPS/s)
MUL_MAT_ADD MUL_MAT_VEC q6_K m=5120 n=5 k=17408: 64 x 207.145 us = 13257.3 us (4302.61 GFLOPS/s)
MUL_MAT_ADD MUL_MAT_VEC q6_K m=5120 n=5 k=6144: 16 x 77.665 us = 1242.64 us (4050.05 GFLOPS/s)
MUL_MAT_VEC f32 m=48 n=5 k=5120: 96 x 4.409 us = 423.28 us (557.33 GFLOPS/s)
MUL_MAT_VEC q6_K m=1024 n=5 k=5120: 32 x 12.207 us = 390.64 us (4294.38 GFLOPS/s)
MUL_MAT_VEC q6_K m=10240 n=5 k=5120: 48 x 110.028 us = 5281.36 us (4764.56 GFLOPS/s)
MUL_MAT_VEC q6_K m=12288 n=5 k=5120: 16 x 141.015 us = 2256.24 us (4461.12 GFLOPS/s)
MUL_MAT_VEC q6_K m=17408 n=5 k=5120: 128 x 183.236 us = 23454.3 us (4863.66 GFLOPS/s)
MUL_MAT_VEC q6_K m=248320 n=5 k=5120: 1 x 2380.56 us = 2380.56 us (5340.23 GFLOPS/s)
MUL_MAT_VEC q6_K m=6144 n=5 k=5120: 48 x 71.319 us = 3423.32 us (4410.34 GFLOPS/s)
MUL_MAT_VEC q8_0 m=5120 n=5 k=6144: 48 x 63.219 us = 3034.52 us (4975.5 GFLOPS/s)
RMS_NORM_MUL RMS_NORM(256,24,5,1): 16 x 3.692 us = 59.08 us
RMS_NORM_MUL RMS_NORM(256,4,5,1): 16 x 3.89 us = 62.24 us
RMS_NORM_MUL RMS_NORM(5120,5,1,1): 129 x 4.266 us = 550.44 us
RMS_NORM_MUL_SILU_MUL RMS_NORM(128,48,5,1): 48 x 5.6 us = 268.84 us
RMS_NORM_SCALE RMS_NORM(128,16,5,1): 96 x 2.515 us = 241.44 us
ROPE: 32 x 3.8 us = 121.6 us
SET_ROWS: 32 x 2.883 us = 92.28 us
SIGMOID_MUL SIGMOID: 16 x 3.655 us = 58.48 us
SSM_CONV_SILU SSM_CONV: 48 x 4.716 us = 226.4 us
Total time: 58702.7 us.
----------------
Vulkan Timings:
CONCAT: 1 x 4.12 us = 4.12 us
CONT: 1 x 3.6 us = 3.6 us
FLASH_ATTN_EXT dst(256,24,5,1),  q(256,5,24,1),  k(256,256,4,1),  v(256,256,4,1),  m(256,5,1,1): 1 x 23.16 us = 23.16 us (1358.26 GFLOPS/s)
GET_ROWS: 1 x 6.56 us = 6.56 us
GLU: 1 x 1.48 us = 1.48 us
MUL_MAT f32 m=256 n=120 k=256: 1 x 1.72 us = 1.72 us (9126.7 GFLOPS/s)
MUL_MAT f32 m=256 n=20 k=256: 1 x 3.04 us = 3.04 us (860.632 GFLOPS/s)
MUL_MAT f32 m=64 n=480 k=64: 1 x 3.64 us = 3.64 us (1071.82 GFLOPS/s)
MUL_MAT f32 m=64 n=80 k=64: 1 x 3.64 us = 3.64 us (178.637 GFLOPS/s)
MUL_MAT_ADD MUL_MAT_VEC q6_K m=5120 n=5 k=17408: 1 x 233.44 us = 233.44 us (3817.96 GFLOPS/s)
MUL_MAT_ADD MUL_MAT_VEC q6_K m=5120 n=5 k=6144: 1 x 86.92 us = 86.92 us (3618.81 GFLOPS/s)
MUL_MAT_VEC q6_K m=1024 n=5 k=5120: 2 x 15.84 us = 31.68 us (3309.58 GFLOPS/s)
MUL_MAT_VEC q6_K m=12288 n=5 k=5120: 1 x 153.05 us = 153.05 us (4110.32 GFLOPS/s)
MUL_MAT_VEC q6_K m=17408 n=5 k=5120: 2 x 180.38 us = 360.76 us (4940.69 GFLOPS/s)
MUL_MAT_VEC q8_0 m=5120 n=5 k=10240: 1 x 105 us = 105 us (4992.98 GFLOPS/s)
RMS_NORM_MUL RMS_NORM(256,24,5,1): 1 x 3.76 us = 3.76 us
RMS_NORM_MUL RMS_NORM(256,4,5,1): 1 x 3.64 us = 3.64 us
RMS_NORM_MUL RMS_NORM(5120,5,1,1): 5 x 8.838 us = 44.19 us
ROPE: 2 x 3.66 us = 7.32 us
SET_ROWS: 2 x 2.9 us = 5.8 us
SIGMOID_MUL SIGMOID: 1 x 1.68 us = 1.68 us
Total time: 1088.2 us.
----------------
Vulkan Timings:
CONCAT: 1 x 1.68 us = 1.68 us
CONT: 1 x 3.6 us = 3.6 us
FLASH_ATTN_EXT dst(256,24,1,1),  q(256,1,24,1),  k(256,256,4,1),  v(256,256,4,1),  m(256,1,1,1): 1 x 13.72 us = 13.72 us (458.561 GFLOPS/s)
GET_ROWS: 3 x 5.093 us = 15.28 us
GLU: 1 x 1.68 us = 1.68 us
MUL_MAT f32 m=256 n=24 k=256: 1 x 1.56 us = 1.56 us (2012.55 GFLOPS/s)
MUL_MAT f32 m=64 n=16 k=64: 1 x 1.84 us = 1.84 us (70.6783 GFLOPS/s)
MUL_MAT f32 m=64 n=96 k=64: 1 x 3.36 us = 3.36 us (232.229 GFLOPS/s)
MUL_MAT_ADD MUL_MAT_VEC q6_K m=5120 n=1 k=17408: 1 x 130.24 us = 130.24 us (1368.65 GFLOPS/s)
MUL_MAT_ADD MUL_MAT_VEC q6_K m=5120 n=1 k=6144: 1 x 53 us = 53 us (1186.97 GFLOPS/s)
MUL_MAT_VEC f32 m=256 n=4 k=256: 1 x 3.16 us = 3.16 us (165.59 GFLOPS/s)
MUL_MAT_VEC q6_K m=1024 n=1 k=5120: 2 x 8.94 us = 17.88 us (1172.79 GFLOPS/s)
MUL_MAT_VEC q6_K m=12288 n=1 k=5120: 1 x 89.64 us = 89.64 us (1403.58 GFLOPS/s)
MUL_MAT_VEC q6_K m=17408 n=1 k=5120: 2 x 118.36 us = 236.72 us (1505.92 GFLOPS/s)
MUL_MAT_VEC q6_K m=98304 n=1 k=5120: 1 x 670.75 us = 670.75 us (1500.61 GFLOPS/s)
MUL_MAT_VEC q8_0 m=5120 n=1 k=10240: 1 x 94.96 us = 94.96 us (1104.18 GFLOPS/s)
PAD: 1 x 6.56 us = 6.56 us
RMS_NORM_MUL RMS_NORM(256,24,1,1): 1 x 6.04 us = 6.04 us
RMS_NORM_MUL RMS_NORM(256,4,1,1): 1 x 5.16 us = 5.16 us
RMS_NORM_MUL RMS_NORM(5120,1,1,1): 5 x 3.992 us = 19.96 us
ROPE: 2 x 3.5 us = 7 us
SET_ROWS: 2 x 2.84 us = 5.68 us
SIGMOID_MUL SIGMOID: 1 x 1.52 us = 1.52 us
TOP_K K=10 (98304,1,1,1): 1 x 9.2 us = 9.2 us
Total time: 1400.19 us.
----------------
Vulkan Timings:
CONCAT: 1 x 1.64 us = 1.64 us
CONT: 1 x 3.8 us = 3.8 us
FLASH_ATTN_EXT dst(256,24,1,1),  q(256,1,24,1),  k(256,256,4,1),  v(256,256,4,1),  m(256,1,1,1): 1 x 13.96 us = 13.96 us (450.677 GFLOPS/s)
GET_ROWS: 3 x 4.973 us = 14.92 us
GLU: 1 x 1.68 us = 1.68 us
MUL_MAT f32 m=256 n=24 k=256: 1 x 1.64 us = 1.64 us (1914.38 GFLOPS/s)
MUL_MAT f32 m=64 n=16 k=64: 1 x 3.76 us = 3.76 us (34.5872 GFLOPS/s)
MUL_MAT f32 m=64 n=96 k=64: 1 x 3.76 us = 3.76 us (207.523 GFLOPS/s)
MUL_MAT_ADD MUL_MAT_VEC q6_K m=5120 n=1 k=17408: 1 x 123.16 us = 123.16 us (1447.33 GFLOPS/s)
MUL_MAT_ADD MUL_MAT_VEC q6_K m=5120 n=1 k=6144: 1 x 53.84 us = 53.84 us (1168.45 GFLOPS/s)
MUL_MAT_VEC f32 m=256 n=4 k=256: 1 x 3.16 us = 3.16 us (165.59 GFLOPS/s)
MUL_MAT_VEC q6_K m=1024 n=1 k=5120: 2 x 6.94 us = 13.88 us (1510.77 GFLOPS/s)
MUL_MAT_VEC q6_K m=12288 n=1 k=5120: 1 x 93.6 us = 93.6 us (1344.2 GFLOPS/s)
MUL_MAT_VEC q6_K m=17408 n=1 k=5120: 2 x 121.26 us = 242.52 us (1469.9 GFLOPS/s)
MUL_MAT_VEC q6_K m=98304 n=1 k=5120: 1 x 672.78 us = 672.78 us (1496.08 GFLOPS/s)
MUL_MAT_VEC q8_0 m=5120 n=1 k=10240: 1 x 101.88 us = 101.88 us (1029.18 GFLOPS/s)
PAD: 1 x 6.52 us = 6.52 us
RMS_NORM_MUL RMS_NORM(256,24,1,1): 1 x 3.8 us = 3.8 us
RMS_NORM_MUL RMS_NORM(256,4,1,1): 1 x 3.76 us = 3.76 us
RMS_NORM_MUL RMS_NORM(5120,1,1,1): 5 x 3.712 us = 18.56 us
ROPE: 2 x 3.74 us = 7.48 us
SET_ROWS: 2 x 2.92 us = 5.84 us
SIGMOID_MUL SIGMOID: 1 x 1.72 us = 1.72 us
TOP_K K=10 (98304,1,1,1): 1 x 9.08 us = 9.08 us
Total time: 1406.74 us.
----------------
Vulkan Timings:
CONCAT: 1 x 1.68 us = 1.68 us
CONT: 1 x 3.72 us = 3.72 us
FLASH_ATTN_EXT dst(256,24,1,1),  q(256,1,24,1),  k(256,256,4,1),  v(256,256,4,1),  m(256,1,1,1): 1 x 13.84 us = 13.84 us (454.585 GFLOPS/s)
GET_ROWS: 3 x 4.96 us = 14.88 us
GLU: 1 x 1.84 us = 1.84 us
MUL_MAT f32 m=256 n=24 k=256: 1 x 1.68 us = 1.68 us (1868.8 GFLOPS/s)
MUL_MAT f32 m=64 n=16 k=64: 1 x 3.72 us = 3.72 us (34.9591 GFLOPS/s)
MUL_MAT f32 m=64 n=96 k=64: 1 x 3.76 us = 3.76 us (207.523 GFLOPS/s)
MUL_MAT_ADD MUL_MAT_VEC q6_K m=5120 n=1 k=17408: 1 x 123.52 us = 123.52 us (1443.11 GFLOPS/s)
MUL_MAT_ADD MUL_MAT_VEC q6_K m=5120 n=1 k=6144: 1 x 53.92 us = 53.92 us (1166.72 GFLOPS/s)
MUL_MAT_VEC f32 m=256 n=4 k=256: 1 x 3.16 us = 3.16 us (165.59 GFLOPS/s)
MUL_MAT_VEC q6_K m=1024 n=1 k=5120: 2 x 8.98 us = 17.96 us (1167.57 GFLOPS/s)
MUL_MAT_VEC q6_K m=12288 n=1 k=5120: 1 x 85.64 us = 85.64 us (1469.14 GFLOPS/s)
MUL_MAT_VEC q6_K m=17408 n=1 k=5120: 2 x 121.5 us = 243 us (1467 GFLOPS/s)
MUL_MAT_VEC q6_K m=98304 n=1 k=5120: 1 x 669.72 us = 669.72 us (1502.92 GFLOPS/s)
MUL_MAT_VEC q8_0 m=5120 n=1 k=10240: 1 x 101.4 us = 101.4 us (1034.05 GFLOPS/s)
PAD: 1 x 6.52 us = 6.52 us
RMS_NORM_MUL RMS_NORM(256,24,1,1): 1 x 5.56 us = 5.56 us
RMS_NORM_MUL RMS_NORM(256,4,1,1): 1 x 3.72 us = 3.72 us
RMS_NORM_MUL RMS_NORM(5120,1,1,1): 5 x 3.736 us = 18.68 us
ROPE: 2 x 3.68 us = 7.36 us
SET_ROWS: 2 x 2.96 us = 5.92 us
SIGMOID_MUL SIGMOID: 1 x 1.68 us = 1.68 us
TOP_K K=10 (98304,1,1,1): 1 x 9.04 us = 9.04 us
Total time: 1401.92 us.
----------------
Vulkan Timings:
CONCAT: 1 x 1.72 us = 1.72 us
CONT: 1 x 3.76 us = 3.76 us
FLASH_ATTN_EXT dst(256,24,1,1),  q(256,1,24,1),  k(256,256,4,1),  v(256,256,4,1),  m(256,1,1,1): 1 x 13.72 us = 13.72 us (458.561 GFLOPS/s)
GET_ROWS: 3 x 4.96 us = 14.88 us
GLU: 1 x 1.8 us = 1.8 us
MUL_MAT f32 m=256 n=24 k=256: 1 x 1.68 us = 1.68 us (1868.8 GFLOPS/s)
MUL_MAT f32 m=64 n=16 k=64: 1 x 3.8 us = 3.8 us (34.2232 GFLOPS/s)
MUL_MAT f32 m=64 n=96 k=64: 1 x 3.72 us = 3.72 us (209.755 GFLOPS/s)
MUL_MAT_ADD MUL_MAT_VEC q6_K m=5120 n=1 k=17408: 1 x 123.36 us = 123.36 us (1444.98 GFLOPS/s)
MUL_MAT_ADD MUL_MAT_VEC q6_K m=5120 n=1 k=6144: 1 x 53.72 us = 53.72 us (1171.06 GFLOPS/s)
MUL_MAT_VEC f32 m=256 n=4 k=256: 1 x 3.16 us = 3.16 us (165.59 GFLOPS/s)
MUL_MAT_VEC q6_K m=1024 n=1 k=5120: 2 x 8.94 us = 17.88 us (1172.79 GFLOPS/s)
MUL_MAT_VEC q6_K m=12288 n=1 k=5120: 1 x 85.84 us = 85.84 us (1465.71 GFLOPS/s)
MUL_MAT_VEC q6_K m=17408 n=1 k=5120: 2 x 121.7 us = 243.4 us (1464.59 GFLOPS/s)
MUL_MAT_VEC q6_K m=98304 n=1 k=5120: 1 x 671.04 us = 671.04 us (1499.96 GFLOPS/s)
MUL_MAT_VEC q8_0 m=5120 n=1 k=10240: 1 x 101.28 us = 101.28 us (1035.27 GFLOPS/s)
PAD: 1 x 6.44 us = 6.44 us
RMS_NORM_MUL RMS_NORM(256,24,1,1): 1 x 5.56 us = 5.56 us
RMS_NORM_MUL RMS_NORM(256,4,1,1): 1 x 3.76 us = 3.76 us
RMS_NORM_MUL RMS_NORM(5120,1,1,1): 5 x 3.664 us = 18.32 us
ROPE: 2 x 3.74 us = 7.48 us
SET_ROWS: 2 x 2.94 us = 5.88 us
SIGMOID_MUL SIGMOID: 1 x 1.64 us = 1.64 us
TOP_K K=10 (98304,1,1,1): 1 x 9 us = 9 us
Total time: 1402.84 us.
----------------
Vulkan Timings:
ADD: 48 x 3.989 us = 191.48 us
CONT: 16 x 3.9 us = 62.4 us
FLASH_ATTN_EXT dst(256,24,5,1),  q(256,5,24,1),  k(256,256,4,1),  v(256,256,4,1),  m(256,5,1,1): 16 x 23.3 us = 372.8 us (1350.1 GFLOPS/s)
GDN_CACHE GATED_DELTA_NET: 48 x 13.687 us = 657 us
GDN_CONV_STATE CONCAT: 48 x 3.087 us = 148.2 us
GET_ROWS: 3 x 11.346 us = 34.04 us
GLU: 64 x 2.92 us = 186.92 us
MUL_MAT f32 m=256 n=120 k=256: 16 x 1.805 us = 28.88 us (8696.91 GFLOPS/s)
MUL_MAT f32 m=256 n=20 k=256: 16 x 3.592 us = 57.48 us (728.273 GFLOPS/s)
MUL_MAT f32 m=64 n=480 k=64: 16 x 3.762 us = 60.2 us (1036.93 GFLOPS/s)
MUL_MAT f32 m=64 n=80 k=64: 16 x 3.475 us = 55.6 us (187.119 GFLOPS/s)
MUL_MAT_ADD MUL_MAT_VEC q6_K m=5120 n=5 k=17408: 64 x 207.498 us = 13279.9 us (4295.29 GFLOPS/s)
MUL_MAT_ADD MUL_MAT_VEC q6_K m=5120 n=5 k=6144: 16 x 77.687 us = 1243 us (4048.88 GFLOPS/s)
MUL_MAT_VEC f32 m=48 n=5 k=5120: 96 x 4.38 us = 420.48 us (561.041 GFLOPS/s)
MUL_MAT_VEC q6_K m=1024 n=5 k=5120: 32 x 12.31 us = 393.92 us (4258.63 GFLOPS/s)
MUL_MAT_VEC q6_K m=10240 n=5 k=5120: 48 x 110.32 us = 5295.4 us (4751.93 GFLOPS/s)
MUL_MAT_VEC q6_K m=12288 n=5 k=5120: 16 x 140.865 us = 2253.84 us (4465.87 GFLOPS/s)
MUL_MAT_VEC q6_K m=17408 n=5 k=5120: 128 x 183.378 us = 23472.4 us (4859.91 GFLOPS/s)
MUL_MAT_VEC q6_K m=248320 n=5 k=5120: 1 x 2380.08 us = 2380.08 us (5341.31 GFLOPS/s)
MUL_MAT_VEC q6_K m=6144 n=5 k=5120: 48 x 72.173 us = 3464.32 us (4358.15 GFLOPS/s)
MUL_MAT_VEC q8_0 m=5120 n=5 k=6144: 48 x 63.333 us = 3040 us (4966.53 GFLOPS/s)
RMS_NORM_MUL RMS_NORM(256,24,5,1): 16 x 3.84 us = 61.44 us
RMS_NORM_MUL RMS_NORM(256,4,5,1): 16 x 4.07 us = 65.12 us
RMS_NORM_MUL RMS_NORM(5120,5,1,1): 129 x 4.357 us = 562.08 us
RMS_NORM_MUL_SILU_MUL RMS_NORM(128,48,5,1): 48 x 5.91 us = 283.72 us
RMS_NORM_SCALE RMS_NORM(128,16,5,1): 96 x 2.618 us = 251.4 us
ROPE: 32 x 3.952 us = 126.48 us
SET_ROWS: 32 x 2.938 us = 94.04 us
SIGMOID_MUL SIGMOID: 16 x 3.805 us = 60.88 us
SSM_CONV_SILU SSM_CONV: 48 x 4.837 us = 232.2 us
Total time: 58835.7 us.
----------------
Vulkan Timings:
CONCAT: 1 x 3.88 us = 3.88 us
CONT: 1 x 3.8 us = 3.8 us
FLASH_ATTN_EXT dst(256,24,5,1),  q(256,5,24,1),  k(256,256,4,1),  v(256,256,4,1),  m(256,5,1,1): 1 x 23.32 us = 23.32 us (1348.94 GFLOPS/s)
GET_ROWS: 1 x 6.68 us = 6.68 us
GLU: 1 x 1.56 us = 1.56 us
MUL_MAT f32 m=256 n=120 k=256: 1 x 1.72 us = 1.72 us (9126.7 GFLOPS/s)
MUL_MAT f32 m=256 n=20 k=256: 1 x 3.16 us = 3.16 us (827.949 GFLOPS/s)
MUL_MAT f32 m=64 n=480 k=64: 1 x 3.76 us = 3.76 us (1037.62 GFLOPS/s)
MUL_MAT f32 m=64 n=80 k=64: 1 x 3.72 us = 3.72 us (174.796 GFLOPS/s)
MUL_MAT_ADD MUL_MAT_VEC q6_K m=5120 n=5 k=17408: 1 x 233.88 us = 233.88 us (3810.77 GFLOPS/s)
MUL_MAT_ADD MUL_MAT_VEC q6_K m=5120 n=5 k=6144: 1 x 85.48 us = 85.48 us (3679.78 GFLOPS/s)
MUL_MAT_VEC q6_K m=1024 n=5 k=5120: 2 x 14.94 us = 29.88 us (3508.95 GFLOPS/s)
MUL_MAT_VEC q6_K m=12288 n=5 k=5120: 1 x 152.36 us = 152.36 us (4128.93 GFLOPS/s)
MUL_MAT_VEC q6_K m=17408 n=5 k=5120: 2 x 181.32 us = 362.64 us (4915.08 GFLOPS/s)
MUL_MAT_VEC q8_0 m=5120 n=5 k=10240: 1 x 105.84 us = 105.84 us (4953.35 GFLOPS/s)
RMS_NORM_MUL RMS_NORM(256,24,5,1): 1 x 5.96 us = 5.96 us
RMS_NORM_MUL RMS_NORM(256,4,5,1): 1 x 3.8 us = 3.8 us
RMS_NORM_MUL RMS_NORM(5120,5,1,1): 5 x 8.77 us = 43.85 us
ROPE: 2 x 3.76 us = 7.52 us
SET_ROWS: 2 x 3 us = 6 us
SIGMOID_MUL SIGMOID: 1 x 1.68 us = 1.68 us
Total time: 1090.49 us.
----------------
Vulkan Timings:
CONCAT: 1 x 1.68 us = 1.68 us
CONT: 1 x 3.52 us = 3.52 us
FLASH_ATTN_EXT dst(256,24,1,1),  q(256,1,24,1),  k(256,256,4,1),  v(256,256,4,1),  m(256,1,1,1): 1 x 13.4 us = 13.4 us (469.512 GFLOPS/s)
GET_ROWS: 3 x 4.986 us = 14.96 us
GLU: 1 x 1.6 us = 1.6 us
MUL_MAT f32 m=256 n=24 k=256: 1 x 1.52 us = 1.52 us (2065.52 GFLOPS/s)
MUL_MAT f32 m=64 n=16 k=64: 1 x 1.76 us = 1.76 us (73.8909 GFLOPS/s)
MUL_MAT f32 m=64 n=96 k=64: 1 x 3.24 us = 3.24 us (240.83 GFLOPS/s)
MUL_MAT_ADD MUL_MAT_VEC q6_K m=5120 n=1 k=17408: 1 x 129.88 us = 129.88 us (1372.44 GFLOPS/s)
MUL_MAT_ADD MUL_MAT_VEC q6_K m=5120 n=1 k=6144: 1 x 52.56 us = 52.56 us (1196.91 GFLOPS/s)
MUL_MAT_VEC f32 m=256 n=4 k=256: 1 x 2.96 us = 2.96 us (176.778 GFLOPS/s)
MUL_MAT_VEC q6_K m=1024 n=1 k=5120: 2 x 8.88 us = 17.76 us (1180.71 GFLOPS/s)
MUL_MAT_VEC q6_K m=12288 n=1 k=5120: 1 x 89.88 us = 89.88 us (1399.83 GFLOPS/s)
MUL_MAT_VEC q6_K m=17408 n=1 k=5120: 2 x 118.48 us = 236.96 us (1504.39 GFLOPS/s)
MUL_MAT_VEC q6_K m=98304 n=1 k=5120: 1 x 670.52 us = 670.52 us (1501.13 GFLOPS/s)
MUL_MAT_VEC q8_0 m=5120 n=1 k=10240: 1 x 94.4 us = 94.4 us (1110.73 GFLOPS/s)
PAD: 1 x 6.2 us = 6.2 us
RMS_NORM_MUL RMS_NORM(256,24,1,1): 1 x 5.68 us = 5.68 us
RMS_NORM_MUL RMS_NORM(256,4,1,1): 1 x 4.84 us = 4.84 us
RMS_NORM_MUL RMS_NORM(5120,1,1,1): 5 x 4.048 us = 20.24 us
ROPE: 2 x 3.3 us = 6.6 us
SET_ROWS: 2 x 2.8 us = 5.6 us
SIGMOID_MUL SIGMOID: 1 x 2.52 us = 2.52 us
TOP_K K=10 (98304,1,1,1): 1 x 8.68 us = 8.68 us
Total time: 1396.96 us.
----------------
Vulkan Timings:
CONCAT: 1 x 1.68 us = 1.68 us
CONT: 1 x 3.6 us = 3.6 us
FLASH_ATTN_EXT dst(256,24,1,1),  q(256,1,24,1),  k(256,256,4,1),  v(256,256,4,1),  m(256,1,1,1): 1 x 13.76 us = 13.76 us (457.228 GFLOPS/s)
GET_ROWS: 3 x 5.986 us = 17.96 us
GLU: 1 x 1.8 us = 1.8 us
MUL_MAT f32 m=256 n=24 k=256: 1 x 1.68 us = 1.68 us (1868.8 GFLOPS/s)
MUL_MAT f32 m=64 n=16 k=64: 1 x 3.64 us = 3.64 us (35.7275 GFLOPS/s)
MUL_MAT f32 m=64 n=96 k=64: 1 x 3.56 us = 3.56 us (219.182 GFLOPS/s)
MUL_MAT_ADD MUL_MAT_VEC q6_K m=5120 n=1 k=17408: 1 x 122.84 us = 122.84 us (1451.1 GFLOPS/s)
MUL_MAT_ADD MUL_MAT_VEC q6_K m=5120 n=1 k=6144: 1 x 53.56 us = 53.56 us (1174.56 GFLOPS/s)
MUL_MAT_VEC f32 m=256 n=4 k=256: 1 x 3 us = 3 us (174.421 GFLOPS/s)
MUL_MAT_VEC q6_K m=1024 n=1 k=5120: 2 x 8.82 us = 17.64 us (1188.75 GFLOPS/s)
MUL_MAT_VEC q6_K m=12288 n=1 k=5120: 1 x 85.8 us = 85.8 us (1466.4 GFLOPS/s)
MUL_MAT_VEC q6_K m=17408 n=1 k=5120: 2 x 121.96 us = 243.92 us (1461.47 GFLOPS/s)
MUL_MAT_VEC q6_K m=98304 n=1 k=5120: 1 x 671.04 us = 671.04 us (1499.96 GFLOPS/s)
MUL_MAT_VEC q8_0 m=5120 n=1 k=10240: 1 x 102.44 us = 102.44 us (1023.55 GFLOPS/s)
PAD: 1 x 4.84 us = 4.84 us
RMS_NORM_MUL RMS_NORM(256,24,1,1): 1 x 5.36 us = 5.36 us
RMS_NORM_MUL RMS_NORM(256,4,1,1): 1 x 3.6 us = 3.6 us
RMS_NORM_MUL RMS_NORM(5120,1,1,1): 5 x 3.624 us = 18.12 us
ROPE: 2 x 3.54 us = 7.08 us
SET_ROWS: 2 x 2.9 us = 5.8 us
SIGMOID_MUL SIGMOID: 1 x 1.64 us = 1.64 us
TOP_K K=10 (98304,1,1,1): 1 x 9.2 us = 9.2 us
Total time: 1403.56 us.
----------------
Vulkan Timings:
CONCAT: 1 x 1.64 us = 1.64 us
CONT: 1 x 3.6 us = 3.6 us
FLASH_ATTN_EXT dst(256,24,1,1),  q(256,1,24,1),  k(256,256,4,1),  v(256,256,4,1),  m(256,1,1,1): 1 x 13.88 us = 13.88 us (453.275 GFLOPS/s)
GET_ROWS: 3 x 4.773 us = 14.32 us
GLU: 1 x 1.68 us = 1.68 us
MUL_MAT f32 m=256 n=24 k=256: 1 x 1.6 us = 1.6 us (1962.24 GFLOPS/s)
MUL_MAT f32 m=64 n=16 k=64: 1 x 3.6 us = 3.6 us (36.1244 GFLOPS/s)
MUL_MAT f32 m=64 n=96 k=64: 1 x 3.56 us = 3.56 us (219.182 GFLOPS/s)
MUL_MAT_ADD MUL_MAT_VEC q6_K m=5120 n=1 k=17408: 1 x 122.6 us = 122.6 us (1453.94 GFLOPS/s)
MUL_MAT_ADD MUL_MAT_VEC q6_K m=5120 n=1 k=6144: 1 x 53.48 us = 53.48 us (1176.32 GFLOPS/s)
MUL_MAT_VEC f32 m=256 n=4 k=256: 1 x 3 us = 3 us (174.421 GFLOPS/s)
MUL_MAT_VEC q6_K m=1024 n=1 k=5120: 2 x 9.02 us = 18.04 us (1162.39 GFLOPS/s)
MUL_MAT_VEC q6_K m=12288 n=1 k=5120: 1 x 85.36 us = 85.36 us (1473.96 GFLOPS/s)
MUL_MAT_VEC q6_K m=17408 n=1 k=5120: 2 x 121.36 us = 242.72 us (1468.69 GFLOPS/s)
MUL_MAT_VEC q6_K m=98304 n=1 k=5120: 1 x 670.62 us = 670.62 us (1500.9 GFLOPS/s)
MUL_MAT_VEC q8_0 m=5120 n=1 k=10240: 1 x 101.84 us = 101.84 us (1029.58 GFLOPS/s)
PAD: 1 x 6.28 us = 6.28 us
RMS_NORM_MUL RMS_NORM(256,24,1,1): 1 x 5.28 us = 5.28 us
RMS_NORM_MUL RMS_NORM(256,4,1,1): 1 x 3.64 us = 3.64 us
RMS_NORM_MUL RMS_NORM(5120,1,1,1): 5 x 3.696 us = 18.48 us
ROPE: 2 x 3.58 us = 7.16 us
SET_ROWS: 2 x 2.84 us = 5.68 us
SIGMOID_MUL SIGMOID: 1 x 1.68 us = 1.68 us
TOP_K K=10 (98304,1,1,1): 1 x 9.08 us = 9.08 us
Total time: 1398.82 us.
----------------
Vulkan Timings:
CONCAT: 1 x 1.68 us = 1.68 us
CONT: 1 x 3.6 us = 3.6 us
FLASH_ATTN_EXT dst(256,24,1,1),  q(256,1,24,1),  k(256,256,4,1),  v(256,256,4,1),  m(256,1,1,1): 1 x 13.8 us = 13.8 us (455.903 GFLOPS/s)
GET_ROWS: 3 x 4.813 us = 14.44 us
GLU: 1 x 1.8 us = 1.8 us
MUL_MAT f32 m=256 n=24 k=256: 1 x 1.64 us = 1.64 us (1914.38 GFLOPS/s)
MUL_MAT f32 m=64 n=16 k=64: 1 x 3.56 us = 3.56 us (36.5303 GFLOPS/s)
MUL_MAT f32 m=64 n=96 k=64: 1 x 3.6 us = 3.6 us (216.747 GFLOPS/s)
MUL_MAT_ADD MUL_MAT_VEC q6_K m=5120 n=1 k=17408: 1 x 123.36 us = 123.36 us (1444.98 GFLOPS/s)
MUL_MAT_ADD MUL_MAT_VEC q6_K m=5120 n=1 k=6144: 1 x 53.12 us = 53.12 us (1184.29 GFLOPS/s)
MUL_MAT_VEC f32 m=256 n=4 k=256: 1 x 3 us = 3 us (174.421 GFLOPS/s)
MUL_MAT_VEC q6_K m=1024 n=1 k=5120: 2 x 8.74 us = 17.48 us (1199.63 GFLOPS/s)
MUL_MAT_VEC q6_K m=12288 n=1 k=5120: 1 x 85.36 us = 85.36 us (1473.96 GFLOPS/s)
MUL_MAT_VEC q6_K m=17408 n=1 k=5120: 2 x 121.52 us = 243.04 us (1466.76 GFLOPS/s)
MUL_MAT_VEC q6_K m=98304 n=1 k=5120: 1 x 669.47 us = 669.47 us (1503.48 GFLOPS/s)
MUL_MAT_VEC q8_0 m=5120 n=1 k=10240: 1 x 101.24 us = 101.24 us (1035.68 GFLOPS/s)
PAD: 1 x 6.36 us = 6.36 us
RMS_NORM_MUL RMS_NORM(256,24,1,1): 1 x 5.2 us = 5.2 us
RMS_NORM_MUL RMS_NORM(256,4,1,1): 1 x 3.6 us = 3.6 us
RMS_NORM_MUL RMS_NORM(5120,1,1,1): 5 x 3.704 us = 18.52 us
ROPE: 2 x 3.52 us = 7.04 us
SET_ROWS: 2 x 2.88 us = 5.76 us
SIGMOID_MUL SIGMOID: 1 x 1.72 us = 1.72 us
TOP_K K=10 (98304,1,1,1): 1 x 8.52 us = 8.52 us
Total time: 1396.91 us.
----------------
Vulkan Timings:
ADD: 48 x 3.824 us = 183.56 us
CONT: 16 x 3.755 us = 60.08 us
FLASH_ATTN_EXT dst(256,24,5,1),  q(256,5,24,1),  k(256,256,4,1),  v(256,256,4,1),  m(256,5,1,1): 16 x 23.05 us = 368.8 us (1364.74 GFLOPS/s)
GDN_CACHE GATED_DELTA_NET: 48 x 14.491 us = 695.6 us
GDN_CONV_STATE CONCAT: 48 x 3.243 us = 155.68 us
GET_ROWS: 3 x 11.24 us = 33.72 us
GLU: 64 x 2.861 us = 183.12 us
MUL_MAT f32 m=256 n=120 k=256: 16 x 1.812 us = 29 us (8660.92 GFLOPS/s)
MUL_MAT f32 m=256 n=20 k=256: 16 x 3.442 us = 55.08 us (760.006 GFLOPS/s)
MUL_MAT f32 m=64 n=480 k=64: 16 x 3.625 us = 58 us (1076.26 GFLOPS/s)
MUL_MAT f32 m=64 n=80 k=64: 16 x 3.437 us = 55 us (189.161 GFLOPS/s)
MUL_MAT_ADD MUL_MAT_VEC q6_K m=5120 n=5 k=17408: 64 x 206.931 us = 13243.6 us (4307.04 GFLOPS/s)
MUL_MAT_ADD MUL_MAT_VEC q6_K m=5120 n=5 k=6144: 16 x 78.22 us = 1251.52 us (4021.31 GFLOPS/s)
MUL_MAT_VEC f32 m=48 n=5 k=5120: 96 x 4.376 us = 420.12 us (561.522 GFLOPS/s)
MUL_MAT_VEC q6_K m=1024 n=5 k=5120: 32 x 12.165 us = 389.28 us (4309.39 GFLOPS/s)
MUL_MAT_VEC q6_K m=10240 n=5 k=5120: 48 x 110.048 us = 5282.32 us (4763.7 GFLOPS/s)
MUL_MAT_VEC q6_K m=12288 n=5 k=5120: 16 x 140.587 us = 2249.4 us (4474.68 GFLOPS/s)
MUL_MAT_VEC q6_K m=17408 n=5 k=5120: 128 x 182.966 us = 23419.8 us (4870.84 GFLOPS/s)
MUL_MAT_VEC q6_K m=248320 n=5 k=5120: 1 x 2379.36 us = 2379.36 us (5342.93 GFLOPS/s)
MUL_MAT_VEC q6_K m=6144 n=5 k=5120: 48 x 71.134 us = 3414.44 us (4421.81 GFLOPS/s)
MUL_MAT_VEC q8_0 m=5120 n=5 k=6144: 48 x 63.111 us = 3029.36 us (4983.98 GFLOPS/s)
RMS_NORM_MUL RMS_NORM(256,24,5,1): 16 x 3.685 us = 58.96 us
RMS_NORM_MUL RMS_NORM(256,4,5,1): 16 x 3.787 us = 60.6 us
RMS_NORM_MUL RMS_NORM(5120,5,1,1): 129 x 4.264 us = 550.12 us
RMS_NORM_MUL_SILU_MUL RMS_NORM(128,48,5,1): 48 x 5.586 us = 268.16 us
RMS_NORM_SCALE RMS_NORM(128,16,5,1): 96 x 2.529 us = 242.8 us
ROPE: 32 x 3.788 us = 121.24 us
SET_ROWS: 32 x 2.917 us = 93.36 us
SIGMOID_MUL SIGMOID: 16 x 3.64 us = 58.24 us
SSM_CONV_SILU SSM_CONV: 48 x 4.7 us = 225.64 us
Total time: 58636 us.
----------------
Vulkan Timings:
CONCAT: 1 x 4.08 us = 4.08 us
CONT: 1 x 3.64 us = 3.64 us
FLASH_ATTN_EXT dst(256,24,5,1),  q(256,5,24,1),  k(256,256,4,1),  v(256,256,4,1),  m(256,5,1,1): 1 x 23.04 us = 23.04 us (1365.33 GFLOPS/s)
GET_ROWS: 1 x 6.56 us = 6.56 us
GLU: 1 x 1.48 us = 1.48 us
MUL_MAT f32 m=256 n=120 k=256: 1 x 1.68 us = 1.68 us (9344 GFLOPS/s)
MUL_MAT f32 m=256 n=20 k=256: 1 x 3 us = 3 us (872.107 GFLOPS/s)
MUL_MAT f32 m=64 n=480 k=64: 1 x 3.64 us = 3.64 us (1071.82 GFLOPS/s)
MUL_MAT f32 m=64 n=80 k=64: 1 x 3.6 us = 3.6 us (180.622 GFLOPS/s)
MUL_MAT_ADD MUL_MAT_VEC q6_K m=5120 n=5 k=17408: 1 x 226.32 us = 226.32 us (3938.07 GFLOPS/s)
MUL_MAT_ADD MUL_MAT_VEC q6_K m=5120 n=5 k=6144: 1 x 85.68 us = 85.68 us (3671.19 GFLOPS/s)
MUL_MAT_VEC q6_K m=1024 n=5 k=5120: 2 x 16.08 us = 32.16 us (3260.18 GFLOPS/s)
MUL_MAT_VEC q6_K m=12288 n=5 k=5120: 1 x 152.45 us = 152.45 us (4126.49 GFLOPS/s)
MUL_MAT_VEC q6_K m=17408 n=5 k=5120: 2 x 180.84 us = 361.68 us (4928.13 GFLOPS/s)
MUL_MAT_VEC q8_0 m=5120 n=5 k=10240: 1 x 104.12 us = 104.12 us (5035.17 GFLOPS/s)
RMS_NORM_MUL RMS_NORM(256,24,5,1): 1 x 3.76 us = 3.76 us
RMS_NORM_MUL RMS_NORM(256,4,5,1): 1 x 3.64 us = 3.64 us
RMS_NORM_MUL RMS_NORM(5120,5,1,1): 5 x 8.918 us = 44.59 us
ROPE: 2 x 3.64 us = 7.28 us
SET_ROWS: 2 x 2.92 us = 5.84 us
SIGMOID_MUL SIGMOID: 1 x 1.72 us = 1.72 us
Total time: 1079.96 us.
----------------
Vulkan Timings:
CONCAT: 1 x 1.64 us = 1.64 us
CONT: 1 x 3.64 us = 3.64 us
FLASH_ATTN_EXT dst(256,24,1,1),  q(256,1,24,1),  k(256,256,4,1),  v(256,256,4,1),  m(256,1,1,1): 1 x 13.56 us = 13.56 us (463.972 GFLOPS/s)
GET_ROWS: 3 x 5 us = 15 us
GLU: 1 x 1.64 us = 1.64 us
MUL_MAT f32 m=256 n=24 k=256: 1 x 1.56 us = 1.56 us (2012.55 GFLOPS/s)
MUL_MAT f32 m=64 n=16 k=64: 1 x 1.8 us = 1.8 us (72.2489 GFLOPS/s)
MUL_MAT f32 m=64 n=96 k=64: 1 x 3.4 us = 3.4 us (229.496 GFLOPS/s)
MUL_MAT_ADD MUL_MAT_VEC q6_K m=5120 n=1 k=17408: 1 x 130.36 us = 130.36 us (1367.39 GFLOPS/s)
MUL_MAT_ADD MUL_MAT_VEC q6_K m=5120 n=1 k=6144: 1 x 53.48 us = 53.48 us (1176.32 GFLOPS/s)
MUL_MAT_VEC f32 m=256 n=4 k=256: 1 x 3.12 us = 3.12 us (167.713 GFLOPS/s)
MUL_MAT_VEC q6_K m=1024 n=1 k=5120: 2 x 8.78 us = 17.56 us (1194.16 GFLOPS/s)
MUL_MAT_VEC q6_K m=12288 n=1 k=5120: 1 x 90.2 us = 90.2 us (1394.87 GFLOPS/s)
MUL_MAT_VEC q6_K m=17408 n=1 k=5120: 2 x 118.5 us = 237 us (1504.14 GFLOPS/s)
MUL_MAT_VEC q6_K m=98304 n=1 k=5120: 1 x 669.99 us = 669.99 us (1502.31 GFLOPS/s)
MUL_MAT_VEC q8_0 m=5120 n=1 k=10240: 1 x 94.52 us = 94.52 us (1109.32 GFLOPS/s)
PAD: 1 x 6.52 us = 6.52 us
RMS_NORM_MUL RMS_NORM(256,24,1,1): 1 x 6.04 us = 6.04 us
RMS_NORM_MUL RMS_NORM(256,4,1,1): 1 x 5.12 us = 5.12 us
RMS_NORM_MUL RMS_NORM(5120,1,1,1): 5 x 4.04 us = 20.2 us
ROPE: 2 x 3.46 us = 6.92 us
SET_ROWS: 2 x 2.86 us = 5.72 us
SIGMOID_MUL SIGMOID: 1 x 1.56 us = 1.56 us
TOP_K K=10 (98304,1,1,1): 1 x 9.2 us = 9.2 us
Total time: 1399.75 us.
----------------
Vulkan Timings:
CONCAT: 1 x 1.68 us = 1.68 us
CONT: 1 x 3.76 us = 3.76 us
FLASH_ATTN_EXT dst(256,24,1,1),  q(256,1,24,1),  k(256,256,4,1),  v(256,256,4,1),  m(256,1,1,1): 1 x 13.76 us = 13.76 us (457.228 GFLOPS/s)
GET_ROWS: 3 x 4.96 us = 14.88 us
GLU: 1 x 1.84 us = 1.84 us
MUL_MAT f32 m=256 n=24 k=256: 1 x 1.68 us = 1.68 us (1868.8 GFLOPS/s)
MUL_MAT f32 m=64 n=16 k=64: 1 x 3.72 us = 3.72 us (34.9591 GFLOPS/s)
MUL_MAT f32 m=64 n=96 k=64: 1 x 3.76 us = 3.76 us (207.523 GFLOPS/s)
MUL_MAT_ADD MUL_MAT_VEC q6_K m=5120 n=1 k=17408: 1 x 122.32 us = 122.32 us (1457.27 GFLOPS/s)
MUL_MAT_ADD MUL_MAT_VEC q6_K m=5120 n=1 k=6144: 1 x 53.8 us = 53.8 us (1169.32 GFLOPS/s)
MUL_MAT_VEC f32 m=256 n=4 k=256: 1 x 3.12 us = 3.12 us (167.713 GFLOPS/s)
MUL_MAT_VEC q6_K m=1024 n=1 k=5120: 2 x 8.74 us = 17.48 us (1199.63 GFLOPS/s)
MUL_MAT_VEC q6_K m=12288 n=1 k=5120: 1 x 85.72 us = 85.72 us (1467.77 GFLOPS/s)
MUL_MAT_VEC q6_K m=17408 n=1 k=5120: 2 x 121.58 us = 243.16 us (1466.03 GFLOPS/s)
MUL_MAT_VEC q6_K m=98304 n=1 k=5120: 1 x 670.44 us = 670.44 us (1501.3 GFLOPS/s)
MUL_MAT_VEC q8_0 m=5120 n=1 k=10240: 1 x 102.2 us = 102.2 us (1025.95 GFLOPS/s)
PAD: 1 x 6.48 us = 6.48 us
RMS_NORM_MUL RMS_NORM(256,24,1,1): 1 x 5.56 us = 5.56 us
RMS_NORM_MUL RMS_NORM(256,4,1,1): 1 x 3.76 us = 3.76 us
RMS_NORM_MUL RMS_NORM(5120,1,1,1): 5 x 3.72 us = 18.6 us
ROPE: 2 x 3.72 us = 7.44 us
SET_ROWS: 2 x 2.98 us = 5.96 us
SIGMOID_MUL SIGMOID: 1 x 1.64 us = 1.64 us
TOP_K K=10 (98304,1,1,1): 1 x 9 us = 9 us
Total time: 1401.76 us.
----------------
Vulkan Timings:
CONCAT: 1 x 1.88 us = 1.88 us
CONT: 1 x 3.72 us = 3.72 us
FLASH_ATTN_EXT dst(256,24,1,1),  q(256,1,24,1),  k(256,256,4,1),  v(256,256,4,1),  m(256,1,1,1): 1 x 13.72 us = 13.72 us (458.561 GFLOPS/s)
GET_ROWS: 3 x 4.893 us = 14.68 us
GLU: 1 x 1.88 us = 1.88 us
MUL_MAT f32 m=256 n=24 k=256: 1 x 1.68 us = 1.68 us (1868.8 GFLOPS/s)
MUL_MAT f32 m=64 n=16 k=64: 1 x 3.76 us = 3.76 us (34.5872 GFLOPS/s)
MUL_MAT f32 m=64 n=96 k=64: 1 x 3.72 us = 3.72 us (209.755 GFLOPS/s)
MUL_MAT_ADD MUL_MAT_VEC q6_K m=5120 n=1 k=17408: 1 x 124.4 us = 124.4 us (1432.9 GFLOPS/s)
MUL_MAT_ADD MUL_MAT_VEC q6_K m=5120 n=1 k=6144: 1 x 54.4 us = 54.4 us (1156.42 GFLOPS/s)
MUL_MAT_VEC f32 m=256 n=4 k=256: 1 x 3.12 us = 3.12 us (167.713 GFLOPS/s)
MUL_MAT_VEC q6_K m=1024 n=1 k=5120: 2 x 8.88 us = 17.76 us (1180.71 GFLOPS/s)
MUL_MAT_VEC q6_K m=12288 n=1 k=5120: 1 x 85.6 us = 85.6 us (1469.82 GFLOPS/s)
MUL_MAT_VEC q6_K m=17408 n=1 k=5120: 2 x 121.22 us = 242.44 us (1470.39 GFLOPS/s)
MUL_MAT_VEC q6_K m=98304 n=1 k=5120: 1 x 670.21 us = 670.21 us (1501.82 GFLOPS/s)
MUL_MAT_VEC q8_0 m=5120 n=1 k=10240: 1 x 101.68 us = 101.68 us (1031.2 GFLOPS/s)
PAD: 1 x 6.48 us = 6.48 us
RMS_NORM_MUL RMS_NORM(256,24,1,1): 1 x 5.56 us = 5.56 us
RMS_NORM_MUL RMS_NORM(256,4,1,1): 1 x 3.72 us = 3.72 us
RMS_NORM_MUL RMS_NORM(5120,1,1,1): 5 x 3.672 us = 18.36 us
ROPE: 2 x 3.72 us = 7.44 us
SET_ROWS: 2 x 2.96 us = 5.92 us
SIGMOID_MUL SIGMOID: 1 x 1.68 us = 1.68 us
TOP_K K=10 (98304,1,1,1): 1 x 8.92 us = 8.92 us
Total time: 1402.73 us.
----------------
Vulkan Timings:
CONCAT: 1 x 1.64 us = 1.64 us
CONT: 1 x 3.76 us = 3.76 us
FLASH_ATTN_EXT dst(256,24,1,1),  q(256,1,24,1),  k(256,256,4,1),  v(256,256,4,1),  m(256,1,1,1): 1 x 13.92 us = 13.92 us (451.972 GFLOPS/s)
GET_ROWS: 3 x 4.933 us = 14.8 us
GLU: 1 x 2.16 us = 2.16 us
MUL_MAT f32 m=256 n=24 k=256: 1 x 1.6 us = 1.6 us (1962.24 GFLOPS/s)
MUL_MAT f32 m=64 n=16 k=64: 1 x 3.72 us = 3.72 us (34.9591 GFLOPS/s)
MUL_MAT f32 m=64 n=96 k=64: 1 x 3.72 us = 3.72 us (209.755 GFLOPS/s)
MUL_MAT_ADD MUL_MAT_VEC q6_K m=5120 n=1 k=17408: 1 x 122.68 us = 122.68 us (1452.99 GFLOPS/s)
MUL_MAT_ADD MUL_MAT_VEC q6_K m=5120 n=1 k=6144: 1 x 54.24 us = 54.24 us (1159.83 GFLOPS/s)
MUL_MAT_VEC f32 m=256 n=4 k=256: 1 x 3.16 us = 3.16 us (165.59 GFLOPS/s)
MUL_MAT_VEC q6_K m=1024 n=1 k=5120: 2 x 8.98 us = 17.96 us (1167.57 GFLOPS/s)
MUL_MAT_VEC q6_K m=12288 n=1 k=5120: 1 x 85.44 us = 85.44 us (1472.58 GFLOPS/s)
MUL_MAT_VEC q6_K m=17408 n=1 k=5120: 2 x 121.4 us = 242.8 us (1468.21 GFLOPS/s)
MUL_MAT_VEC q6_K m=98304 n=1 k=5120: 1 x 671.44 us = 671.44 us (1499.07 GFLOPS/s)
MUL_MAT_VEC q8_0 m=5120 n=1 k=10240: 1 x 102.04 us = 102.04 us (1027.56 GFLOPS/s)
PAD: 1 x 6.52 us = 6.52 us
RMS_NORM_MUL RMS_NORM(256,24,1,1): 1 x 5.68 us = 5.68 us
RMS_NORM_MUL RMS_NORM(256,4,1,1): 1 x 3.72 us = 3.72 us
RMS_NORM_MUL RMS_NORM(5120,1,1,1): 5 x 3.68 us = 18.4 us
ROPE: 2 x 3.72 us = 7.44 us
SET_ROWS: 2 x 2.92 us = 5.84 us
SIGMOID_MUL SIGMOID: 1 x 1.68 us = 1.68 us
TOP_K K=10 (98304,1,1,1): 1 x 8.76 us = 8.76 us
Total time: 1403.12 us.
----------------
Vulkan Timings:
ADD: 48 x 3.973 us = 190.72 us
CONT: 16 x 3.902 us = 62.44 us
FLASH_ATTN_EXT dst(256,24,5,1),  q(256,5,24,1),  k(256,256,4,1),  v(256,256,4,1),  m(256,5,1,1): 16 x 23.35 us = 373.6 us (1347.21 GFLOPS/s)
GDN_CACHE GATED_DELTA_NET: 48 x 13.814 us = 663.08 us
GDN_CONV_STATE CONCAT: 48 x 3.142 us = 150.84 us
GET_ROWS: 3 x 11.173 us = 33.52 us
GLU: 64 x 2.865 us = 183.36 us
MUL_MAT f32 m=256 n=120 k=256: 16 x 1.837 us = 29.4 us (8543.09 GFLOPS/s)
MUL_MAT f32 m=256 n=20 k=256: 16 x 3.422 us = 54.76 us (764.447 GFLOPS/s)
MUL_MAT f32 m=64 n=480 k=64: 16 x 3.76 us = 60.16 us (1037.62 GFLOPS/s)
MUL_MAT f32 m=64 n=80 k=64: 16 x 3.47 us = 55.52 us (187.389 GFLOPS/s)
MUL_MAT_ADD MUL_MAT_VEC q6_K m=5120 n=5 k=17408: 64 x 207.065 us = 13252.2 us (4304.26 GFLOPS/s)
MUL_MAT_ADD MUL_MAT_VEC q6_K m=5120 n=5 k=6144: 16 x 77.877 us = 1246.04 us (4039 GFLOPS/s)
MUL_MAT_VEC f32 m=48 n=5 k=5120: 96 x 4.395 us = 422 us (559.02 GFLOPS/s)
MUL_MAT_VEC q6_K m=1024 n=5 k=5120: 32 x 12.24 us = 391.68 us (4282.98 GFLOPS/s)
MUL_MAT_VEC q6_K m=10240 n=5 k=5120: 48 x 110.297 us = 5294.28 us (4752.93 GFLOPS/s)
MUL_MAT_VEC q6_K m=12288 n=5 k=5120: 16 x 141.42 us = 2262.72 us (4448.34 GFLOPS/s)
MUL_MAT_VEC q6_K m=17408 n=5 k=5120: 128 x 183.27 us = 23458.6 us (4862.78 GFLOPS/s)
MUL_MAT_VEC q6_K m=248320 n=5 k=5120: 1 x 2376.4 us = 2376.4 us (5349.58 GFLOPS/s)
MUL_MAT_VEC q6_K m=6144 n=5 k=5120: 48 x 72.1 us = 3460.8 us (4362.58 GFLOPS/s)
MUL_MAT_VEC q8_0 m=5120 n=5 k=6144: 48 x 63.349 us = 3040.76 us (4965.29 GFLOPS/s)
RMS_NORM_MUL RMS_NORM(256,24,5,1): 16 x 3.83 us = 61.28 us
RMS_NORM_MUL RMS_NORM(256,4,5,1): 16 x 4.06 us = 64.96 us
RMS_NORM_MUL RMS_NORM(5120,5,1,1): 129 x 4.351 us = 561.28 us
RMS_NORM_MUL_SILU_MUL RMS_NORM(128,48,5,1): 48 x 5.886 us = 282.56 us
RMS_NORM_SCALE RMS_NORM(128,16,5,1): 96 x 2.592 us = 248.84 us
ROPE: 32 x 3.942 us = 126.16 us
SET_ROWS: 32 x 2.938 us = 94.04 us
SIGMOID_MUL SIGMOID: 16 x 3.805 us = 60.88 us
SSM_CONV_SILU SSM_CONV: 48 x 4.859 us = 233.24 us
Total time: 58796.1 us.
----------------
Vulkan Timings:
CONCAT: 1 x 3.92 us = 3.92 us
CONT: 1 x 3.76 us = 3.76 us
FLASH_ATTN_EXT dst(256,24,5,1),  q(256,5,24,1),  k(256,256,4,1),  v(256,256,4,1),  m(256,5,1,1): 1 x 23.2 us = 23.2 us (1355.92 GFLOPS/s)
GET_ROWS: 1 x 6.72 us = 6.72 us
GLU: 1 x 1.48 us = 1.48 us
MUL_MAT f32 m=256 n=120 k=256: 1 x 1.68 us = 1.68 us (9344 GFLOPS/s)
MUL_MAT f32 m=256 n=20 k=256: 1 x 3.2 us = 3.2 us (817.6 GFLOPS/s)
MUL_MAT f32 m=64 n=480 k=64: 1 x 3.76 us = 3.76 us (1037.62 GFLOPS/s)
MUL_MAT f32 m=64 n=80 k=64: 1 x 3.8 us = 3.8 us (171.116 GFLOPS/s)
MUL_MAT_ADD MUL_MAT_VEC q6_K m=5120 n=5 k=17408: 1 x 239.21 us = 239.21 us (3725.86 GFLOPS/s)
MUL_MAT_ADD MUL_MAT_VEC q6_K m=5120 n=5 k=6144: 1 x 87.36 us = 87.36 us (3600.59 GFLOPS/s)
MUL_MAT_VEC q6_K m=1024 n=5 k=5120: 2 x 15.84 us = 31.68 us (3309.58 GFLOPS/s)
MUL_MAT_VEC q6_K m=12288 n=5 k=5120: 1 x 152.8 us = 152.8 us (4117.04 GFLOPS/s)
MUL_MAT_VEC q6_K m=17408 n=5 k=5120: 2 x 180.52 us = 361.04 us (4936.86 GFLOPS/s)
MUL_MAT_VEC q8_0 m=5120 n=5 k=10240: 1 x 104.68 us = 104.68 us (5008.24 GFLOPS/s)
RMS_NORM_MUL RMS_NORM(256,24,5,1): 1 x 3.92 us = 3.92 us
RMS_NORM_MUL RMS_NORM(256,4,5,1): 1 x 3.8 us = 3.8 us
RMS_NORM_MUL RMS_NORM(5120,5,1,1): 5 x 8.938 us = 44.69 us
ROPE: 2 x 3.78 us = 7.56 us
SET_ROWS: 2 x 2.96 us = 5.92 us
SIGMOID_MUL SIGMOID: 1 x 1.68 us = 1.68 us
Total time: 1095.86 us.
----------------
Vulkan Timings:
CONCAT: 1 x 1.64 us = 1.64 us
CONT: 1 x 3.48 us = 3.48 us
FLASH_ATTN_EXT dst(256,24,1,1),  q(256,1,24,1),  k(256,256,4,1),  v(256,256,4,1),  m(256,1,1,1): 1 x 13.56 us = 13.56 us (463.972 GFLOPS/s)
GET_ROWS: 3 x 8.276 us = 24.83 us
GLU: 1 x 1.68 us = 1.68 us
MUL_MAT f32 m=256 n=24 k=256: 1 x 1.56 us = 1.56 us (2012.55 GFLOPS/s)
MUL_MAT f32 m=64 n=16 k=64: 1 x 1.84 us = 1.84 us (70.6783 GFLOPS/s)
MUL_MAT f32 m=64 n=96 k=64: 1 x 3.16 us = 3.16 us (246.927 GFLOPS/s)
MUL_MAT_ADD MUL_MAT_VEC q6_K m=5120 n=1 k=17408: 1 x 129.32 us = 129.32 us (1378.39 GFLOPS/s)
MUL_MAT_ADD MUL_MAT_VEC q6_K m=5120 n=1 k=6144: 1 x 53.92 us = 53.92 us (1166.72 GFLOPS/s)
MUL_MAT_VEC f32 m=256 n=4 k=256: 1 x 3 us = 3 us (174.421 GFLOPS/s)
MUL_MAT_VEC q6_K m=1024 n=1 k=5120: 2 x 10.02 us = 20.04 us (1046.38 GFLOPS/s)
MUL_MAT_VEC q6_K m=12288 n=1 k=5120: 1 x 89.92 us = 89.92 us (1399.21 GFLOPS/s)
MUL_MAT_VEC q6_K m=17408 n=1 k=5120: 2 x 118.02 us = 236.04 us (1510.26 GFLOPS/s)
MUL_MAT_VEC q6_K m=98304 n=1 k=5120: 1 x 686.31 us = 686.31 us (1466.59 GFLOPS/s)
MUL_MAT_VEC q8_0 m=5120 n=1 k=10240: 1 x 93.8 us = 93.8 us (1117.83 GFLOPS/s)
PAD: 1 x 6.4 us = 6.4 us
RMS_NORM_MUL RMS_NORM(256,24,1,1): 1 x 3.2 us = 3.2 us
RMS_NORM_MUL RMS_NORM(256,4,1,1): 1 x 4.84 us = 4.84 us
RMS_NORM_MUL RMS_NORM(5120,1,1,1): 5 x 4.024 us = 20.12 us
ROPE: 2 x 3.32 us = 6.64 us
SET_ROWS: 2 x 2.8 us = 5.6 us
SIGMOID_MUL SIGMOID: 1 x 1.56 us = 1.56 us
TOP_K K=10 (98304,1,1,1): 1 x 9.12 us = 9.12 us
Total time: 1421.58 us.
----------------
Vulkan Timings:
CONCAT: 1 x 1.68 us = 1.68 us
CONT: 1 x 3.6 us = 3.6 us
FLASH_ATTN_EXT dst(256,24,1,1),  q(256,1,24,1),  k(256,256,4,1),  v(256,256,4,1),  m(256,1,1,1): 1 x 13.76 us = 13.76 us (457.228 GFLOPS/s)
GET_ROWS: 3 x 8.01 us = 24.03 us
GLU: 1 x 1.84 us = 1.84 us
MUL_MAT f32 m=256 n=24 k=256: 1 x 1.6 us = 1.6 us (1962.24 GFLOPS/s)
MUL_MAT f32 m=64 n=16 k=64: 1 x 3.64 us = 3.64 us (35.7275 GFLOPS/s)
MUL_MAT f32 m=64 n=96 k=64: 1 x 3.6 us = 3.6 us (216.747 GFLOPS/s)
MUL_MAT_ADD MUL_MAT_VEC q6_K m=5120 n=1 k=17408: 1 x 123.92 us = 123.92 us (1438.45 GFLOPS/s)
MUL_MAT_ADD MUL_MAT_VEC q6_K m=5120 n=1 k=6144: 1 x 53.16 us = 53.16 us (1183.4 GFLOPS/s)
MUL_MAT_VEC f32 m=256 n=4 k=256: 1 x 3 us = 3 us (174.421 GFLOPS/s)
MUL_MAT_VEC q6_K m=1024 n=1 k=5120: 2 x 8.94 us = 17.88 us (1172.79 GFLOPS/s)
MUL_MAT_VEC q6_K m=12288 n=1 k=5120: 1 x 85.52 us = 85.52 us (1471.2 GFLOPS/s)
MUL_MAT_VEC q6_K m=17408 n=1 k=5120: 2 x 121.08 us = 242.16 us (1472.09 GFLOPS/s)
MUL_MAT_VEC q6_K m=98304 n=1 k=5120: 1 x 687.48 us = 687.48 us (1464.09 GFLOPS/s)
MUL_MAT_VEC q8_0 m=5120 n=1 k=10240: 1 x 102.36 us = 102.36 us (1024.35 GFLOPS/s)
PAD: 1 x 6.4 us = 6.4 us
RMS_NORM_MUL RMS_NORM(256,24,1,1): 1 x 5.28 us = 5.28 us
RMS_NORM_MUL RMS_NORM(256,4,1,1): 1 x 3.56 us = 3.56 us
RMS_NORM_MUL RMS_NORM(5120,1,1,1): 5 x 3.728 us = 18.64 us
ROPE: 2 x 3.56 us = 7.12 us
SET_ROWS: 2 x 2.9 us = 5.8 us
SIGMOID_MUL SIGMOID: 1 x 1.72 us = 1.72 us
TOP_K K=10 (98304,1,1,1): 1 x 9.2 us = 9.2 us
Total time: 1426.95 us.
----------------
Vulkan Timings:
CONCAT: 1 x 1.72 us = 1.72 us
CONT: 1 x 3.56 us = 3.56 us
FLASH_ATTN_EXT dst(256,24,1,1),  q(256,1,24,1),  k(256,256,4,1),  v(256,256,4,1),  m(256,1,1,1): 1 x 14 us = 14 us (449.39 GFLOPS/s)
GET_ROWS: 3 x 7.79 us = 23.37 us
GLU: 1 x 1.72 us = 1.72 us
MUL_MAT f32 m=256 n=24 k=256: 1 x 1.64 us = 1.64 us (1914.38 GFLOPS/s)
MUL_MAT f32 m=64 n=16 k=64: 1 x 3.56 us = 3.56 us (36.5303 GFLOPS/s)
MUL_MAT f32 m=64 n=96 k=64: 1 x 3.6 us = 3.6 us (216.747 GFLOPS/s)
MUL_MAT_ADD MUL_MAT_VEC q6_K m=5120 n=1 k=17408: 1 x 122.64 us = 122.64 us (1453.46 GFLOPS/s)
MUL_MAT_ADD MUL_MAT_VEC q6_K m=5120 n=1 k=6144: 1 x 53.56 us = 53.56 us (1174.56 GFLOPS/s)
MUL_MAT_VEC f32 m=256 n=4 k=256: 1 x 3 us = 3 us (174.421 GFLOPS/s)
MUL_MAT_VEC q6_K m=1024 n=1 k=5120: 2 x 6.82 us = 13.64 us (1537.35 GFLOPS/s)
MUL_MAT_VEC q6_K m=12288 n=1 k=5120: 1 x 93.52 us = 93.52 us (1345.35 GFLOPS/s)
MUL_MAT_VEC q6_K m=17408 n=1 k=5120: 2 x 121.28 us = 242.56 us (1469.66 GFLOPS/s)
MUL_MAT_VEC q6_K m=98304 n=1 k=5120: 1 x 687.2 us = 687.2 us (1464.69 GFLOPS/s)
MUL_MAT_VEC q8_0 m=5120 n=1 k=10240: 1 x 101.24 us = 101.24 us (1035.68 GFLOPS/s)
PAD: 1 x 6.32 us = 6.32 us
RMS_NORM_MUL RMS_NORM(256,24,1,1): 1 x 3.6 us = 3.6 us
RMS_NORM_MUL RMS_NORM(256,4,1,1): 1 x 3.6 us = 3.6 us
RMS_NORM_MUL RMS_NORM(5120,1,1,1): 5 x 3.736 us = 18.68 us
ROPE: 2 x 3.54 us = 7.08 us
SET_ROWS: 2 x 2.88 us = 5.76 us
SIGMOID_MUL SIGMOID: 1 x 1.68 us = 1.68 us
TOP_K K=10 (98304,1,1,1): 1 x 8.76 us = 8.76 us
Total time: 1426.01 us.
----------------
Vulkan Timings:
CONCAT: 1 x 1.68 us = 1.68 us
CONT: 1 x 3.56 us = 3.56 us
FLASH_ATTN_EXT dst(256,24,1,1),  q(256,1,24,1),  k(256,256,4,1),  v(256,256,4,1),  m(256,1,1,1): 1 x 15.68 us = 15.68 us (401.241 GFLOPS/s)
GET_ROWS: 3 x 8.02 us = 24.06 us
GLU: 1 x 1.84 us = 1.84 us
MUL_MAT f32 m=256 n=24 k=256: 1 x 2.24 us = 2.24 us (1401.6 GFLOPS/s)
MUL_MAT f32 m=64 n=16 k=64: 1 x 3.6 us = 3.6 us (36.1244 GFLOPS/s)
MUL_MAT f32 m=64 n=96 k=64: 1 x 3.6 us = 3.6 us (216.747 GFLOPS/s)
MUL_MAT_ADD MUL_MAT_VEC q6_K m=5120 n=1 k=17408: 1 x 123.16 us = 123.16 us (1447.33 GFLOPS/s)
MUL_MAT_ADD MUL_MAT_VEC q6_K m=5120 n=1 k=6144: 1 x 53.52 us = 53.52 us (1175.44 GFLOPS/s)
MUL_MAT_VEC f32 m=256 n=4 k=256: 1 x 0.72 us = 0.72 us (726.756 GFLOPS/s)
MUL_MAT_VEC q6_K m=1024 n=1 k=5120: 2 x 7.02 us = 14.04 us (1493.55 GFLOPS/s)
MUL_MAT_VEC q6_K m=12288 n=1 k=5120: 1 x 93.72 us = 93.72 us (1342.48 GFLOPS/s)
MUL_MAT_VEC q6_K m=17408 n=1 k=5120: 2 x 121.68 us = 243.36 us (1464.83 GFLOPS/s)
MUL_MAT_VEC q6_K m=98304 n=1 k=5120: 1 x 687.41 us = 687.41 us (1464.24 GFLOPS/s)
MUL_MAT_VEC q8_0 m=5120 n=1 k=10240: 1 x 101.76 us = 101.76 us (1030.39 GFLOPS/s)
PAD: 1 x 8.44 us = 8.44 us
RMS_NORM_MUL RMS_NORM(256,24,1,1): 1 x 3.56 us = 3.56 us
RMS_NORM_MUL RMS_NORM(256,4,1,1): 1 x 3.6 us = 3.6 us
RMS_NORM_MUL RMS_NORM(5120,1,1,1): 5 x 3.688 us = 18.44 us
ROPE: 2 x 3.6 us = 7.2 us
SET_ROWS: 2 x 3.06 us = 6.12 us
SIGMOID_MUL SIGMOID: 1 x 1.68 us = 1.68 us
TOP_K K=10 (98304,1,1,1): 1 x 6.84 us = 6.84 us
Total time: 1429.83 us.
----------------
Vulkan Timings:
ADD: 48 x 3.819 us = 183.32 us
CONT: 16 x 3.737 us = 59.8 us
FLASH_ATTN_EXT dst(256,24,5,1),  q(256,5,24,1),  k(256,256,4,1),  v(256,256,4,1),  m(256,5,1,1): 16 x 23.16 us = 370.56 us (1358.26 GFLOPS/s)
GDN_CACHE GATED_DELTA_NET: 48 x 14.667 us = 704.04 us
GDN_CONV_STATE CONCAT: 48 x 3.226 us = 154.88 us
GET_ROWS: 3 x 11.12 us = 33.36 us
GLU: 64 x 2.823 us = 180.68 us
MUL_MAT f32 m=256 n=120 k=256: 16 x 1.812 us = 29 us (8660.92 GFLOPS/s)
MUL_MAT f32 m=256 n=20 k=256: 16 x 3.437 us = 55 us (761.111 GFLOPS/s)
MUL_MAT f32 m=64 n=480 k=64: 16 x 3.605 us = 57.68 us (1082.23 GFLOPS/s)
MUL_MAT f32 m=64 n=80 k=64: 16 x 3.352 us = 53.64 us (193.957 GFLOPS/s)
MUL_MAT_ADD MUL_MAT_VEC q6_K m=5120 n=5 k=17408: 64 x 206.714 us = 13229.7 us (4311.57 GFLOPS/s)
MUL_MAT_ADD MUL_MAT_VEC q6_K m=5120 n=5 k=6144: 16 x 77.277 us = 1236.44 us (4070.36 GFLOPS/s)
MUL_MAT_VEC f32 m=48 n=5 k=5120: 96 x 4.38 us = 420.56 us (560.934 GFLOPS/s)
MUL_MAT_VEC q6_K m=1024 n=5 k=5120: 32 x 12.162 us = 389.2 us (4310.27 GFLOPS/s)
MUL_MAT_VEC q6_K m=10240 n=5 k=5120: 48 x 109.925 us = 5276.44 us (4769 GFLOPS/s)
MUL_MAT_VEC q6_K m=12288 n=5 k=5120: 16 x 140.607 us = 2249.72 us (4474.04 GFLOPS/s)
MUL_MAT_VEC q6_K m=17408 n=5 k=5120: 128 x 183.206 us = 23450.5 us (4864.46 GFLOPS/s)
MUL_MAT_VEC q6_K m=248320 n=5 k=5120: 1 x 2382.44 us = 2382.44 us (5336.02 GFLOPS/s)
MUL_MAT_VEC q6_K m=6144 n=5 k=5120: 48 x 71.227 us = 3418.92 us (4416.02 GFLOPS/s)
MUL_MAT_VEC q8_0 m=5120 n=5 k=6144: 48 x 63.101 us = 3028.88 us (4984.77 GFLOPS/s)
RMS_NORM_MUL RMS_NORM(256,24,5,1): 16 x 3.68 us = 58.88 us
RMS_NORM_MUL RMS_NORM(256,4,5,1): 16 x 3.875 us = 62 us
RMS_NORM_MUL RMS_NORM(5120,5,1,1): 129 x 4.261 us = 549.68 us
RMS_NORM_MUL_SILU_MUL RMS_NORM(128,48,5,1): 48 x 5.584 us = 268.04 us
RMS_NORM_SCALE RMS_NORM(128,16,5,1): 96 x 2.524 us = 242.32 us
ROPE: 32 x 3.788 us = 121.24 us
SET_ROWS: 32 x 2.857 us = 91.44 us
SIGMOID_MUL SIGMOID: 16 x 3.64 us = 58.24 us
SSM_CONV_SILU SSM_CONV: 48 x 4.68 us = 224.64 us
Total time: 58641.2 us.
----------------
Vulkan Timings:
CONCAT: 1 x 4.08 us = 4.08 us
CONT: 1 x 3.64 us = 3.64 us
FLASH_ATTN_EXT dst(256,24,5,1),  q(256,5,24,1),  k(256,256,4,1),  v(256,256,4,1),  m(256,5,1,1): 1 x 23 us = 23 us (1367.71 GFLOPS/s)
GET_ROWS: 1 x 6.36 us = 6.36 us
GLU: 1 x 1.56 us = 1.56 us
MUL_MAT f32 m=256 n=120 k=256: 1 x 1.68 us = 1.68 us (9344 GFLOPS/s)
MUL_MAT f32 m=256 n=20 k=256: 1 x 3.04 us = 3.04 us (860.632 GFLOPS/s)
MUL_MAT f32 m=64 n=480 k=64: 1 x 3.64 us = 3.64 us (1071.82 GFLOPS/s)
MUL_MAT f32 m=64 n=80 k=64: 1 x 3.56 us = 3.56 us (182.652 GFLOPS/s)
MUL_MAT_ADD MUL_MAT_VEC q6_K m=5120 n=5 k=17408: 1 x 245.69 us = 245.69 us (3627.6 GFLOPS/s)
MUL_MAT_ADD MUL_MAT_VEC q6_K m=5120 n=5 k=6144: 1 x 85.2 us = 85.2 us (3691.87 GFLOPS/s)
MUL_MAT_VEC q6_K m=1024 n=5 k=5120: 2 x 16 us = 32 us (3276.48 GFLOPS/s)
MUL_MAT_VEC q6_K m=12288 n=5 k=5120: 1 x 168 us = 168 us (3744.55 GFLOPS/s)
MUL_MAT_VEC q6_K m=17408 n=5 k=5120: 2 x 181.38 us = 362.76 us (4913.46 GFLOPS/s)
MUL_MAT_VEC q8_0 m=5120 n=5 k=10240: 1 x 105 us = 105 us (4992.98 GFLOPS/s)
RMS_NORM_MUL RMS_NORM(256,24,5,1): 1 x 3.72 us = 3.72 us
RMS_NORM_MUL RMS_NORM(256,4,5,1): 1 x 3.6 us = 3.6 us
RMS_NORM_MUL RMS_NORM(5120,5,1,1): 5 x 18.526 us = 92.63 us
ROPE: 2 x 3.62 us = 7.24 us
SET_ROWS: 2 x 2.92 us = 5.84 us
SIGMOID_MUL SIGMOID: 1 x 1.68 us = 1.68 us
Total time: 1163.92 us.
----------------
Vulkan Timings:
CONCAT: 1 x 1.72 us = 1.72 us
CONT: 1 x 3.64 us = 3.64 us
FLASH_ATTN_EXT dst(256,24,1,1),  q(256,1,24,1),  k(256,256,4,1),  v(256,256,4,1),  m(256,1,1,1): 1 x 13.56 us = 13.56 us (463.972 GFLOPS/s)
GET_ROWS: 3 x 8.52 us = 25.56 us
GLU: 1 x 1.6 us = 1.6 us
MUL_MAT f32 m=256 n=24 k=256: 1 x 1.52 us = 1.52 us (2065.52 GFLOPS/s)
MUL_MAT f32 m=64 n=16 k=64: 1 x 1.76 us = 1.76 us (73.8909 GFLOPS/s)
MUL_MAT f32 m=64 n=96 k=64: 1 x 3.32 us = 3.32 us (235.027 GFLOPS/s)
MUL_MAT_ADD MUL_MAT_VEC q6_K m=5120 n=1 k=17408: 1 x 129.2 us = 129.2 us (1379.67 GFLOPS/s)
MUL_MAT_ADD MUL_MAT_VEC q6_K m=5120 n=1 k=6144: 1 x 53.56 us = 53.56 us (1174.56 GFLOPS/s)
MUL_MAT_VEC f32 m=256 n=4 k=256: 1 x 3.16 us = 3.16 us (165.59 GFLOPS/s)
MUL_MAT_VEC q6_K m=1024 n=1 k=5120: 2 x 8.82 us = 17.64 us (1188.75 GFLOPS/s)
MUL_MAT_VEC q6_K m=12288 n=1 k=5120: 1 x 89.72 us = 89.72 us (1402.33 GFLOPS/s)
MUL_MAT_VEC q6_K m=17408 n=1 k=5120: 2 x 117.88 us = 235.76 us (1512.05 GFLOPS/s)
MUL_MAT_VEC q6_K m=98304 n=1 k=5120: 1 x 687.54 us = 687.54 us (1463.97 GFLOPS/s)
MUL_MAT_VEC q8_0 m=5120 n=1 k=10240: 1 x 94.28 us = 94.28 us (1112.14 GFLOPS/s)
PAD: 1 x 6.52 us = 6.52 us
RMS_NORM_MUL RMS_NORM(256,24,1,1): 1 x 5.96 us = 5.96 us
RMS_NORM_MUL RMS_NORM(256,4,1,1): 1 x 5.16 us = 5.16 us
RMS_NORM_MUL RMS_NORM(5120,1,1,1): 5 x 4.008 us = 20.04 us
ROPE: 2 x 3.46 us = 6.92 us
SET_ROWS: 2 x 2.84 us = 5.68 us
SIGMOID_MUL SIGMOID: 1 x 1.56 us = 1.56 us
TOP_K K=10 (98304,1,1,1): 1 x 9 us = 9 us
Total time: 1424.38 us.
----------------
Vulkan Timings:
CONCAT: 1 x 1.68 us = 1.68 us
CONT: 1 x 3.76 us = 3.76 us
FLASH_ATTN_EXT dst(256,24,1,1),  q(256,1,24,1),  k(256,256,4,1),  v(256,256,4,1),  m(256,1,1,1): 1 x 13.96 us = 13.96 us (450.677 GFLOPS/s)
GET_ROWS: 3 x 8.32 us = 24.96 us
GLU: 1 x 1.84 us = 1.84 us
MUL_MAT f32 m=256 n=24 k=256: 1 x 1.72 us = 1.72 us (1825.34 GFLOPS/s)
MUL_MAT f32 m=64 n=16 k=64: 1 x 3.8 us = 3.8 us (34.2232 GFLOPS/s)
MUL_MAT f32 m=64 n=96 k=64: 1 x 3.72 us = 3.72 us (209.755 GFLOPS/s)
MUL_MAT_ADD MUL_MAT_VEC q6_K m=5120 n=1 k=17408: 1 x 123.48 us = 123.48 us (1443.58 GFLOPS/s)
MUL_MAT_ADD MUL_MAT_VEC q6_K m=5120 n=1 k=6144: 1 x 54.12 us = 54.12 us (1162.41 GFLOPS/s)
MUL_MAT_VEC f32 m=256 n=4 k=256: 1 x 3.16 us = 3.16 us (165.59 GFLOPS/s)
MUL_MAT_VEC q6_K m=1024 n=1 k=5120: 2 x 8.84 us = 17.68 us (1186.06 GFLOPS/s)
MUL_MAT_VEC q6_K m=12288 n=1 k=5120: 1 x 85.72 us = 85.72 us (1467.77 GFLOPS/s)
MUL_MAT_VEC q6_K m=17408 n=1 k=5120: 2 x 121.24 us = 242.48 us (1470.15 GFLOPS/s)
MUL_MAT_VEC q6_K m=98304 n=1 k=5120: 1 x 687.77 us = 687.77 us (1463.48 GFLOPS/s)
MUL_MAT_VEC q8_0 m=5120 n=1 k=10240: 1 x 101.76 us = 101.76 us (1030.39 GFLOPS/s)
PAD: 1 x 6.56 us = 6.56 us
RMS_NORM_MUL RMS_NORM(256,24,1,1): 1 x 5.6 us = 5.6 us
RMS_NORM_MUL RMS_NORM(256,4,1,1): 1 x 3.8 us = 3.8 us
RMS_NORM_MUL RMS_NORM(5120,1,1,1): 5 x 3.744 us = 18.72 us
ROPE: 2 x 3.74 us = 7.48 us
SET_ROWS: 2 x 2.92 us = 5.84 us
SIGMOID_MUL SIGMOID: 1 x 1.88 us = 1.88 us
TOP_K K=10 (98304,1,1,1): 1 x 9.24 us = 9.24 us
Total time: 1430.73 us.
----------------
Vulkan Timings:
CONCAT: 1 x 1.6 us = 1.6 us
CONT: 1 x 3.76 us = 3.76 us
FLASH_ATTN_EXT dst(256,24,1,1),  q(256,1,24,1),  k(256,256,4,1),  v(256,256,4,1),  m(256,1,1,1): 1 x 13.76 us = 13.76 us (457.228 GFLOPS/s)
GET_ROWS: 3 x 10.64 us = 31.92 us
GLU: 1 x 1.8 us = 1.8 us
MUL_MAT f32 m=256 n=24 k=256: 1 x 1.64 us = 1.64 us (1914.38 GFLOPS/s)
MUL_MAT f32 m=64 n=16 k=64: 1 x 3.72 us = 3.72 us (34.9591 GFLOPS/s)
MUL_MAT f32 m=64 n=96 k=64: 1 x 3.8 us = 3.8 us (205.339 GFLOPS/s)
MUL_MAT_ADD MUL_MAT_VEC q6_K m=5120 n=1 k=17408: 1 x 123.76 us = 123.76 us (1440.31 GFLOPS/s)
MUL_MAT_ADD MUL_MAT_VEC q6_K m=5120 n=1 k=6144: 1 x 53.76 us = 53.76 us (1170.19 GFLOPS/s)
MUL_MAT_VEC f32 m=256 n=4 k=256: 1 x 3.12 us = 3.12 us (167.713 GFLOPS/s)
MUL_MAT_VEC q6_K m=1024 n=1 k=5120: 2 x 8.82 us = 17.64 us (1188.75 GFLOPS/s)
MUL_MAT_VEC q6_K m=12288 n=1 k=5120: 1 x 85.6 us = 85.6 us (1469.82 GFLOPS/s)
MUL_MAT_VEC q6_K m=17408 n=1 k=5120: 2 x 121.12 us = 242.24 us (1471.6 GFLOPS/s)
MUL_MAT_VEC q6_K m=98304 n=1 k=5120: 1 x 687.84 us = 687.84 us (1463.33 GFLOPS/s)
MUL_MAT_VEC q8_0 m=5120 n=1 k=10240: 1 x 102.2 us = 102.2 us (1025.95 GFLOPS/s)
PAD: 1 x 8.76 us = 8.76 us
RMS_NORM_MUL RMS_NORM(256,24,1,1): 1 x 5.56 us = 5.56 us
RMS_NORM_MUL RMS_NORM(256,4,1,1): 1 x 3.76 us = 3.76 us
RMS_NORM_MUL RMS_NORM(5120,1,1,1): 5 x 3.704 us = 18.52 us
ROPE: 2 x 3.68 us = 7.36 us
SET_ROWS: 2 x 2.94 us = 5.88 us
SIGMOID_MUL SIGMOID: 1 x 1.68 us = 1.68 us
TOP_K K=10 (98304,1,1,1): 1 x 6.88 us = 6.88 us
Total time: 1436.56 us.
----------------
Vulkan Timings:
CONCAT: 1 x 1.68 us = 1.68 us
CONT: 1 x 3.72 us = 3.72 us
FLASH_ATTN_EXT dst(256,24,1,1),  q(256,1,24,1),  k(256,256,4,1),  v(256,256,4,1),  m(256,1,1,1): 1 x 13.84 us = 13.84 us (454.585 GFLOPS/s)
GET_ROWS: 3 x 8.203 us = 24.61 us
GLU: 1 x 1.88 us = 1.88 us
MUL_MAT f32 m=256 n=24 k=256: 1 x 1.64 us = 1.64 us (1914.38 GFLOPS/s)
MUL_MAT f32 m=64 n=16 k=64: 1 x 3.68 us = 3.68 us (35.3391 GFLOPS/s)
MUL_MAT f32 m=64 n=96 k=64: 1 x 3.72 us = 3.72 us (209.755 GFLOPS/s)
MUL_MAT_ADD MUL_MAT_VEC q6_K m=5120 n=1 k=17408: 1 x 123.68 us = 123.68 us (1441.24 GFLOPS/s)
MUL_MAT_ADD MUL_MAT_VEC q6_K m=5120 n=1 k=6144: 1 x 53.64 us = 53.64 us (1172.81 GFLOPS/s)
MUL_MAT_VEC f32 m=256 n=4 k=256: 1 x 3.16 us = 3.16 us (165.59 GFLOPS/s)
MUL_MAT_VEC q6_K m=1024 n=1 k=5120: 2 x 8.82 us = 17.64 us (1188.75 GFLOPS/s)
MUL_MAT_VEC q6_K m=12288 n=1 k=5120: 1 x 86.08 us = 86.08 us (1461.63 GFLOPS/s)
MUL_MAT_VEC q6_K m=17408 n=1 k=5120: 2 x 120.94 us = 241.88 us (1473.79 GFLOPS/s)
MUL_MAT_VEC q6_K m=98304 n=1 k=5120: 1 x 687.91 us = 687.91 us (1463.18 GFLOPS/s)
MUL_MAT_VEC q8_0 m=5120 n=1 k=10240: 1 x 101.72 us = 101.72 us (1030.8 GFLOPS/s)
PAD: 1 x 6.44 us = 6.44 us
RMS_NORM_MUL RMS_NORM(256,24,1,1): 1 x 5.52 us = 5.52 us
RMS_NORM_MUL RMS_NORM(256,4,1,1): 1 x 3.72 us = 3.72 us
RMS_NORM_MUL RMS_NORM(5120,1,1,1): 5 x 3.672 us = 18.36 us
ROPE: 2 x 3.7 us = 7.4 us
SET_ROWS: 2 x 2.94 us = 5.88 us
SIGMOID_MUL SIGMOID: 1 x 1.68 us = 1.68 us
TOP_K K=10 (98304,1,1,1): 1 x 9.16 us = 9.16 us
Total time: 1428.64 us.
----------------
Vulkan Timings:
ADD: 48 x 3.965 us = 190.36 us
CONT: 16 x 3.887 us = 62.2 us
FLASH_ATTN_EXT dst(256,24,5,1),  q(256,5,24,1),  k(256,256,4,1),  v(256,256,4,1),  m(256,5,1,1): 16 x 23.182 us = 370.92 us (1356.94 GFLOPS/s)
GDN_CACHE GATED_DELTA_NET: 48 x 13.845 us = 664.6 us
GDN_CONV_STATE CONCAT: 48 x 3.15 us = 151.24 us
GET_ROWS: 3 x 11.32 us = 33.96 us
GLU: 64 x 2.841 us = 181.84 us
MUL_MAT f32 m=256 n=120 k=256: 16 x 1.835 us = 29.36 us (8554.72 GFLOPS/s)
MUL_MAT f32 m=256 n=20 k=256: 16 x 3.435 us = 54.96 us (761.665 GFLOPS/s)
MUL_MAT f32 m=64 n=480 k=64: 16 x 3.757 us = 60.12 us (1038.31 GFLOPS/s)
MUL_MAT f32 m=64 n=80 k=64: 16 x 3.462 us = 55.4 us (187.795 GFLOPS/s)
MUL_MAT_ADD MUL_MAT_VEC q6_K m=5120 n=5 k=17408: 64 x 206.889 us = 13240.9 us (4307.93 GFLOPS/s)
MUL_MAT_ADD MUL_MAT_VEC q6_K m=5120 n=5 k=6144: 16 x 77.295 us = 1236.72 us (4069.44 GFLOPS/s)
MUL_MAT_VEC f32 m=48 n=5 k=5120: 96 x 4.486 us = 430.68 us (547.754 GFLOPS/s)
MUL_MAT_VEC q6_K m=1024 n=5 k=5120: 32 x 12.148 us = 388.76 us (4315.15 GFLOPS/s)
MUL_MAT_VEC q6_K m=10240 n=5 k=5120: 48 x 110.013 us = 5280.64 us (4765.21 GFLOPS/s)
MUL_MAT_VEC q6_K m=12288 n=5 k=5120: 16 x 140.54 us = 2248.64 us (4476.19 GFLOPS/s)
MUL_MAT_VEC q6_K m=17408 n=5 k=5120: 128 x 183.094 us = 23436.1 us (4867.44 GFLOPS/s)
MUL_MAT_VEC q6_K m=248320 n=5 k=5120: 1 x 2383.2 us = 2383.2 us (5334.32 GFLOPS/s)
MUL_MAT_VEC q6_K m=6144 n=5 k=5120: 48 x 71.955 us = 3453.88 us (4371.32 GFLOPS/s)
MUL_MAT_VEC q8_0 m=5120 n=5 k=6144: 48 x 63.313 us = 3039.04 us (4968.1 GFLOPS/s)
RMS_NORM_MUL RMS_NORM(256,24,5,1): 16 x 3.83 us = 61.28 us
RMS_NORM_MUL RMS_NORM(256,4,5,1): 16 x 4.05 us = 64.8 us
RMS_NORM_MUL RMS_NORM(5120,5,1,1): 129 x 4.323 us = 557.68 us
RMS_NORM_MUL_SILU_MUL RMS_NORM(128,48,5,1): 48 x 5.869 us = 281.72 us
RMS_NORM_SCALE RMS_NORM(128,16,5,1): 96 x 2.514 us = 241.36 us
ROPE: 32 x 3.941 us = 126.12 us
SET_ROWS: 32 x 3.007 us = 96.24 us
SIGMOID_MUL SIGMOID: 16 x 3.79 us = 60.64 us
SSM_CONV_SILU SSM_CONV: 48 x 4.848 us = 232.72 us
Total time: 58716.1 us.
----------------
Vulkan Timings:
CONCAT: 1 x 3.88 us = 3.88 us
CONT: 1 x 3.76 us = 3.76 us
FLASH_ATTN_EXT dst(256,24,5,1),  q(256,5,24,1),  k(256,256,4,1),  v(256,256,4,1),  m(256,5,1,1): 1 x 23 us = 23 us (1367.71 GFLOPS/s)
GET_ROWS: 1 x 6.68 us = 6.68 us
GLU: 1 x 1.52 us = 1.52 us
MUL_MAT f32 m=256 n=120 k=256: 1 x 1.68 us = 1.68 us (9344 GFLOPS/s)
MUL_MAT f32 m=256 n=20 k=256: 1 x 3.12 us = 3.12 us (838.564 GFLOPS/s)
MUL_MAT f32 m=64 n=480 k=64: 1 x 3.8 us = 3.8 us (1026.69 GFLOPS/s)
MUL_MAT f32 m=64 n=80 k=64: 1 x 3.76 us = 3.76 us (172.936 GFLOPS/s)
MUL_MAT_ADD MUL_MAT_VEC q6_K m=5120 n=5 k=17408: 1 x 234.7 us = 234.7 us (3797.46 GFLOPS/s)
MUL_MAT_ADD MUL_MAT_VEC q6_K m=5120 n=5 k=6144: 1 x 85.84 us = 85.84 us (3664.34 GFLOPS/s)
MUL_MAT_VEC q6_K m=1024 n=5 k=5120: 2 x 16.02 us = 32.04 us (3272.39 GFLOPS/s)
MUL_MAT_VEC q6_K m=12288 n=5 k=5120: 1 x 153.71 us = 153.71 us (4092.67 GFLOPS/s)
MUL_MAT_VEC q6_K m=17408 n=5 k=5120: 2 x 180.24 us = 360.48 us (4944.53 GFLOPS/s)
MUL_MAT_VEC q8_0 m=5120 n=5 k=10240: 1 x 105.48 us = 105.48 us (4970.25 GFLOPS/s)
RMS_NORM_MUL RMS_NORM(256,24,5,1): 1 x 3.88 us = 3.88 us
RMS_NORM_MUL RMS_NORM(256,4,5,1): 1 x 3.76 us = 3.76 us
RMS_NORM_MUL RMS_NORM(5120,5,1,1): 5 x 8.944 us = 44.72 us
ROPE: 2 x 3.76 us = 7.52 us
SET_ROWS: 2 x 2.98 us = 5.96 us
SIGMOID_MUL SIGMOID: 1 x 1.72 us = 1.72 us
Total time: 1091.01 us.
----------------
Vulkan Timings:
CONCAT: 1 x 1.6 us = 1.6 us
CONT: 1 x 3.48 us = 3.48 us
FLASH_ATTN_EXT dst(256,24,1,1),  q(256,1,24,1),  k(256,256,4,1),  v(256,256,4,1),  m(256,1,1,1): 1 x 13.48 us = 13.48 us (466.725 GFLOPS/s)
GET_ROWS: 3 x 6.453 us = 19.36 us
GLU: 1 x 1.64 us = 1.64 us
MUL_MAT f32 m=256 n=24 k=256: 1 x 1.56 us = 1.56 us (2012.55 GFLOPS/s)
MUL_MAT f32 m=64 n=16 k=64: 1 x 1.76 us = 1.76 us (73.8909 GFLOPS/s)
MUL_MAT f32 m=64 n=96 k=64: 1 x 3.16 us = 3.16 us (246.927 GFLOPS/s)
MUL_MAT_ADD MUL_MAT_VEC q6_K m=5120 n=1 k=17408: 1 x 130.28 us = 130.28 us (1368.23 GFLOPS/s)
MUL_MAT_ADD MUL_MAT_VEC q6_K m=5120 n=1 k=6144: 1 x 52.96 us = 52.96 us (1187.87 GFLOPS/s)
MUL_MAT_VEC f32 m=256 n=4 k=256: 1 x 2.96 us = 2.96 us (176.778 GFLOPS/s)
MUL_MAT_VEC q6_K m=1024 n=1 k=5120: 2 x 9.04 us = 18.08 us (1159.82 GFLOPS/s)
MUL_MAT_VEC q6_K m=12288 n=1 k=5120: 1 x 90.16 us = 90.16 us (1395.48 GFLOPS/s)
MUL_MAT_VEC q6_K m=17408 n=1 k=5120: 2 x 118.64 us = 237.28 us (1502.36 GFLOPS/s)
MUL_MAT_VEC q6_K m=98304 n=1 k=5120: 1 x 672.09 us = 672.09 us (1497.62 GFLOPS/s)
MUL_MAT_VEC q8_0 m=5120 n=1 k=10240: 1 x 93.72 us = 93.72 us (1118.78 GFLOPS/s)
PAD: 1 x 4.88 us = 4.88 us
RMS_NORM_MUL RMS_NORM(256,24,1,1): 1 x 5.72 us = 5.72 us
RMS_NORM_MUL RMS_NORM(256,4,1,1): 1 x 4.8 us = 4.8 us
RMS_NORM_MUL RMS_NORM(5120,1,1,1): 5 x 4.024 us = 20.12 us
ROPE: 2 x 3.32 us = 6.64 us
SET_ROWS: 2 x 2.8 us = 5.6 us
SIGMOID_MUL SIGMOID: 1 x 1.56 us = 1.56 us
TOP_K K=10 (98304,1,1,1): 1 x 8.76 us = 8.76 us
Total time: 1401.65 us.
----------------
Vulkan Timings:
CONCAT: 1 x 1.64 us = 1.64 us
CONT: 1 x 3.6 us = 3.6 us
FLASH_ATTN_EXT dst(256,24,1,1),  q(256,1,24,1),  k(256,256,4,1),  v(256,256,4,1),  m(256,1,1,1): 1 x 13.92 us = 13.92 us (451.972 GFLOPS/s)
GET_ROWS: 3 x 4.746 us = 14.24 us
GLU: 1 x 1.84 us = 1.84 us
MUL_MAT f32 m=256 n=24 k=256: 1 x 1.68 us = 1.68 us (1868.8 GFLOPS/s)
MUL_MAT f32 m=64 n=16 k=64: 1 x 3.56 us = 3.56 us (36.5303 GFLOPS/s)
MUL_MAT f32 m=64 n=96 k=64: 1 x 3.6 us = 3.6 us (216.747 GFLOPS/s)
MUL_MAT_ADD MUL_MAT_VEC q6_K m=5120 n=1 k=17408: 1 x 123.16 us = 123.16 us (1447.33 GFLOPS/s)
MUL_MAT_ADD MUL_MAT_VEC q6_K m=5120 n=1 k=6144: 1 x 53.44 us = 53.44 us (1177.2 GFLOPS/s)
MUL_MAT_VEC f32 m=256 n=4 k=256: 1 x 2.96 us = 2.96 us (176.778 GFLOPS/s)
MUL_MAT_VEC q6_K m=1024 n=1 k=5120: 2 x 6.76 us = 13.52 us (1551 GFLOPS/s)
MUL_MAT_VEC q6_K m=12288 n=1 k=5120: 1 x 92.96 us = 92.96 us (1353.45 GFLOPS/s)
MUL_MAT_VEC q6_K m=17408 n=1 k=5120: 2 x 121.24 us = 242.48 us (1470.15 GFLOPS/s)
MUL_MAT_VEC q6_K m=98304 n=1 k=5120: 1 x 672.94 us = 672.94 us (1495.73 GFLOPS/s)
MUL_MAT_VEC q8_0 m=5120 n=1 k=10240: 1 x 101.64 us = 101.64 us (1031.61 GFLOPS/s)
PAD: 1 x 6.36 us = 6.36 us
RMS_NORM_MUL RMS_NORM(256,24,1,1): 1 x 3.56 us = 3.56 us
RMS_NORM_MUL RMS_NORM(256,4,1,1): 1 x 3.52 us = 3.52 us
RMS_NORM_MUL RMS_NORM(5120,1,1,1): 5 x 3.72 us = 18.6 us
ROPE: 2 x 3.54 us = 7.08 us
SET_ROWS: 2 x 2.9 us = 5.8 us
SIGMOID_MUL SIGMOID: 1 x 1.88 us = 1.88 us
TOP_K K=10 (98304,1,1,1): 1 x 9.16 us = 9.16 us
Total time: 1403.14 us.
----------------
Vulkan Timings:
CONCAT: 1 x 1.72 us = 1.72 us
CONT: 1 x 3.56 us = 3.56 us
FLASH_ATTN_EXT dst(256,24,1,1),  q(256,1,24,1),  k(256,256,4,1),  v(256,256,4,1),  m(256,1,1,1): 1 x 13.92 us = 13.92 us (451.972 GFLOPS/s)
GET_ROWS: 3 x 4.773 us = 14.32 us
GLU: 1 x 1.8 us = 1.8 us
MUL_MAT f32 m=256 n=24 k=256: 1 x 1.64 us = 1.64 us (1914.38 GFLOPS/s)
MUL_MAT f32 m=64 n=16 k=64: 1 x 3.56 us = 3.56 us (36.5303 GFLOPS/s)
MUL_MAT f32 m=64 n=96 k=64: 1 x 3.56 us = 3.56 us (219.182 GFLOPS/s)
MUL_MAT_ADD MUL_MAT_VEC q6_K m=5120 n=1 k=17408: 1 x 123.44 us = 123.44 us (1444.04 GFLOPS/s)
MUL_MAT_ADD MUL_MAT_VEC q6_K m=5120 n=1 k=6144: 1 x 53.44 us = 53.44 us (1177.2 GFLOPS/s)
MUL_MAT_VEC f32 m=256 n=4 k=256: 1 x 2.96 us = 2.96 us (176.778 GFLOPS/s)
MUL_MAT_VEC q6_K m=1024 n=1 k=5120: 2 x 6.8 us = 13.6 us (1541.87 GFLOPS/s)
MUL_MAT_VEC q6_K m=12288 n=1 k=5120: 1 x 93.6 us = 93.6 us (1344.2 GFLOPS/s)
MUL_MAT_VEC q6_K m=17408 n=1 k=5120: 2 x 121.24 us = 242.48 us (1470.15 GFLOPS/s)
MUL_MAT_VEC q6_K m=98304 n=1 k=5120: 1 x 674.25 us = 674.25 us (1492.82 GFLOPS/s)
MUL_MAT_VEC q8_0 m=5120 n=1 k=10240: 1 x 101.76 us = 101.76 us (1030.39 GFLOPS/s)
PAD: 1 x 6.32 us = 6.32 us
RMS_NORM_MUL RMS_NORM(256,24,1,1): 1 x 3.6 us = 3.6 us
RMS_NORM_MUL RMS_NORM(256,4,1,1): 1 x 3.6 us = 3.6 us
RMS_NORM_MUL RMS_NORM(5120,1,1,1): 5 x 3.72 us = 18.6 us
ROPE: 2 x 3.58 us = 7.16 us
SET_ROWS: 2 x 2.88 us = 5.76 us
SIGMOID_MUL SIGMOID: 1 x 1.64 us = 1.64 us
TOP_K K=10 (98304,1,1,1): 1 x 9 us = 9 us
Total time: 1405.29 us.
----------------
Vulkan Timings:
CONCAT: 1 x 1.64 us = 1.64 us
CONT: 1 x 3.56 us = 3.56 us
FLASH_ATTN_EXT dst(256,24,1,1),  q(256,1,24,1),  k(256,256,4,1),  v(256,256,4,1),  m(256,1,1,1): 1 x 13.64 us = 13.64 us (461.25 GFLOPS/s)
GET_ROWS: 3 x 4.893 us = 14.68 us
GLU: 1 x 1.72 us = 1.72 us
MUL_MAT f32 m=256 n=24 k=256: 1 x 1.6 us = 1.6 us (1962.24 GFLOPS/s)
MUL_MAT f32 m=64 n=16 k=64: 1 x 3.6 us = 3.6 us (36.1244 GFLOPS/s)
MUL_MAT f32 m=64 n=96 k=64: 1 x 3.56 us = 3.56 us (219.182 GFLOPS/s)
MUL_MAT_ADD MUL_MAT_VEC q6_K m=5120 n=1 k=17408: 1 x 123.28 us = 123.28 us (1445.92 GFLOPS/s)
MUL_MAT_ADD MUL_MAT_VEC q6_K m=5120 n=1 k=6144: 1 x 53.4 us = 53.4 us (1178.08 GFLOPS/s)
MUL_MAT_VEC f32 m=256 n=4 k=256: 1 x 2.96 us = 2.96 us (176.778 GFLOPS/s)
MUL_MAT_VEC q6_K m=1024 n=1 k=5120: 2 x 8.68 us = 17.36 us (1207.92 GFLOPS/s)
MUL_MAT_VEC q6_K m=12288 n=1 k=5120: 1 x 85.28 us = 85.28 us (1475.34 GFLOPS/s)
MUL_MAT_VEC q6_K m=17408 n=1 k=5120: 2 x 121.26 us = 242.52 us (1469.9 GFLOPS/s)
MUL_MAT_VEC q6_K m=98304 n=1 k=5120: 1 x 672.63 us = 672.63 us (1496.42 GFLOPS/s)
MUL_MAT_VEC q8_0 m=5120 n=1 k=10240: 1 x 101.76 us = 101.76 us (1030.39 GFLOPS/s)
PAD: 1 x 6.24 us = 6.24 us
RMS_NORM_MUL RMS_NORM(256,24,1,1): 1 x 5.24 us = 5.24 us
RMS_NORM_MUL RMS_NORM(256,4,1,1): 1 x 3.56 us = 3.56 us
RMS_NORM_MUL RMS_NORM(5120,1,1,1): 5 x 3.688 us = 18.44 us
ROPE: 2 x 3.56 us = 7.12 us
SET_ROWS: 2 x 2.86 us = 5.72 us
SIGMOID_MUL SIGMOID: 1 x 1.68 us = 1.68 us
TOP_K K=10 (98304,1,1,1): 1 x 8.68 us = 8.68 us
Total time: 1399.87 us.
----------------
Vulkan Timings:
ADD: 48 x 3.804 us = 182.6 us
CONT: 16 x 3.745 us = 59.92 us
FLASH_ATTN_EXT dst(256,24,5,1),  q(256,5,24,1),  k(256,256,4,1),  v(256,256,4,1),  m(256,5,1,1): 16 x 23.207 us = 371.32 us (1355.48 GFLOPS/s)
GDN_CACHE GATED_DELTA_NET: 48 x 14.744 us = 707.72 us
GDN_CONV_STATE CONCAT: 48 x 3.239 us = 155.48 us
GET_ROWS: 3 x 11.253 us = 33.76 us
GLU: 64 x 2.815 us = 180.16 us
MUL_MAT f32 m=256 n=120 k=256: 16 x 1.792 us = 28.68 us (8757.56 GFLOPS/s)
MUL_MAT f32 m=256 n=20 k=256: 16 x 3.435 us = 54.96 us (761.665 GFLOPS/s)
MUL_MAT f32 m=64 n=480 k=64: 16 x 3.61 us = 57.76 us (1080.73 GFLOPS/s)
MUL_MAT f32 m=64 n=80 k=64: 16 x 3.332 us = 53.32 us (195.121 GFLOPS/s)
MUL_MAT_ADD MUL_MAT_VEC q6_K m=5120 n=5 k=17408: 64 x 206.108 us = 13190.9 us (4324.25 GFLOPS/s)
MUL_MAT_ADD MUL_MAT_VEC q6_K m=5120 n=5 k=6144: 16 x 77.402 us = 1238.44 us (4063.79 GFLOPS/s)
MUL_MAT_VEC f32 m=48 n=5 k=5120: 96 x 4.357 us = 418.28 us (563.992 GFLOPS/s)
MUL_MAT_VEC q6_K m=1024 n=5 k=5120: 32 x 12.23 us = 391.36 us (4286.48 GFLOPS/s)
MUL_MAT_VEC q6_K m=10240 n=5 k=5120: 48 x 109.873 us = 5273.92 us (4771.28 GFLOPS/s)
MUL_MAT_VEC q6_K m=12288 n=5 k=5120: 16 x 140.652 us = 2250.44 us (4472.61 GFLOPS/s)
MUL_MAT_VEC q6_K m=17408 n=5 k=5120: 128 x 183.038 us = 23428.9 us (4868.94 GFLOPS/s)
MUL_MAT_VEC q6_K m=248320 n=5 k=5120: 1 x 2414.92 us = 2414.92 us (5264.25 GFLOPS/s)
MUL_MAT_VEC q6_K m=6144 n=5 k=5120: 48 x 71.135 us = 3414.48 us (4421.76 GFLOPS/s)
MUL_MAT_VEC q8_0 m=5120 n=5 k=6144: 48 x 63.217 us = 3034.44 us (4975.63 GFLOPS/s)
RMS_NORM_MUL RMS_NORM(256,24,5,1): 16 x 3.677 us = 58.84 us
RMS_NORM_MUL RMS_NORM(256,4,5,1): 16 x 3.87 us = 61.92 us
RMS_NORM_MUL RMS_NORM(5120,5,1,1): 129 x 4.267 us = 550.56 us
RMS_NORM_MUL_SILU_MUL RMS_NORM(128,48,5,1): 48 x 5.57 us = 267.4 us
RMS_NORM_SCALE RMS_NORM(128,16,5,1): 96 x 2.531 us = 243 us
ROPE: 32 x 3.776 us = 120.84 us
SET_ROWS: 32 x 2.866 us = 91.72 us
SIGMOID_MUL SIGMOID: 16 x 3.642 us = 58.28 us
SSM_CONV_SILU SSM_CONV: 48 x 4.686 us = 224.96 us
Total time: 58619.3 us.
----------------
Vulkan Timings:
CONCAT: 1 x 4.08 us = 4.08 us
CONT: 1 x 3.68 us = 3.68 us
FLASH_ATTN_EXT dst(256,24,5,1),  q(256,5,24,1),  k(256,256,4,1),  v(256,256,4,1),  m(256,5,1,1): 1 x 23.4 us = 23.4 us (1344.33 GFLOPS/s)
GET_ROWS: 1 x 6.64 us = 6.64 us
GLU: 1 x 1.48 us = 1.48 us
MUL_MAT f32 m=256 n=120 k=256: 1 x 1.72 us = 1.72 us (9126.7 GFLOPS/s)
MUL_MAT f32 m=256 n=20 k=256: 1 x 3.08 us = 3.08 us (849.455 GFLOPS/s)
MUL_MAT f32 m=64 n=480 k=64: 1 x 3.68 us = 3.68 us (1060.17 GFLOPS/s)
MUL_MAT f32 m=64 n=80 k=64: 1 x 3.64 us = 3.64 us (178.637 GFLOPS/s)
MUL_MAT_ADD MUL_MAT_VEC q6_K m=5120 n=5 k=17408: 1 x 232.62 us = 232.62 us (3831.42 GFLOPS/s)
MUL_MAT_ADD MUL_MAT_VEC q6_K m=5120 n=5 k=6144: 1 x 86.56 us = 86.56 us (3633.86 GFLOPS/s)
MUL_MAT_VEC q6_K m=1024 n=5 k=5120: 2 x 16.08 us = 32.16 us (3260.18 GFLOPS/s)
MUL_MAT_VEC q6_K m=12288 n=5 k=5120: 1 x 156.08 us = 156.08 us (4030.52 GFLOPS/s)
MUL_MAT_VEC q6_K m=17408 n=5 k=5120: 2 x 183.06 us = 366.12 us (4868.36 GFLOPS/s)
MUL_MAT_VEC q8_0 m=5120 n=5 k=10240: 1 x 104.88 us = 104.88 us (4998.69 GFLOPS/s)
RMS_NORM_MUL RMS_NORM(256,24,5,1): 1 x 3.8 us = 3.8 us
RMS_NORM_MUL RMS_NORM(256,4,5,1): 1 x 3.68 us = 3.68 us
RMS_NORM_MUL RMS_NORM(5120,5,1,1): 5 x 9.012 us = 45.06 us
ROPE: 2 x 3.68 us = 7.36 us
SET_ROWS: 2 x 2.94 us = 5.88 us
SIGMOID_MUL SIGMOID: 1 x 1.72 us = 1.72 us
Total time: 1097.32 us.
----------------
Vulkan Timings:
CONCAT: 1 x 1.64 us = 1.64 us
CONT: 1 x 3.64 us = 3.64 us
FLASH_ATTN_EXT dst(256,24,1,1),  q(256,1,24,1),  k(256,256,4,1),  v(256,256,4,1),  m(256,1,1,1): 1 x 13.64 us = 13.64 us (461.25 GFLOPS/s)
GET_ROWS: 3 x 5.053 us = 15.16 us
GLU: 1 x 1.68 us = 1.68 us
MUL_MAT f32 m=256 n=24 k=256: 1 x 1.52 us = 1.52 us (2065.52 GFLOPS/s)
MUL_MAT f32 m=64 n=16 k=64: 1 x 1.8 us = 1.8 us (72.2489 GFLOPS/s)
MUL_MAT f32 m=64 n=96 k=64: 1 x 3.32 us = 3.32 us (235.027 GFLOPS/s)
MUL_MAT_ADD MUL_MAT_VEC q6_K m=5120 n=1 k=17408: 1 x 129.88 us = 129.88 us (1372.44 GFLOPS/s)
MUL_MAT_ADD MUL_MAT_VEC q6_K m=5120 n=1 k=6144: 1 x 53.28 us = 53.28 us (1180.73 GFLOPS/s)
MUL_MAT_VEC f32 m=256 n=4 k=256: 1 x 3.12 us = 3.12 us (167.713 GFLOPS/s)
MUL_MAT_VEC q6_K m=1024 n=1 k=5120: 2 x 8.86 us = 17.72 us (1183.38 GFLOPS/s)
MUL_MAT_VEC q6_K m=12288 n=1 k=5120: 1 x 90.04 us = 90.04 us (1397.34 GFLOPS/s)
MUL_MAT_VEC q6_K m=17408 n=1 k=5120: 2 x 118.42 us = 236.84 us (1505.16 GFLOPS/s)
MUL_MAT_VEC q6_K m=98304 n=1 k=5120: 1 x 673.61 us = 673.61 us (1494.24 GFLOPS/s)
MUL_MAT_VEC q8_0 m=5120 n=1 k=10240: 1 x 94.48 us = 94.48 us (1109.78 GFLOPS/s)
PAD: 1 x 6.52 us = 6.52 us
RMS_NORM_MUL RMS_NORM(256,24,1,1): 1 x 6 us = 6 us
RMS_NORM_MUL RMS_NORM(256,4,1,1): 1 x 5.16 us = 5.16 us
RMS_NORM_MUL RMS_NORM(5120,1,1,1): 5 x 3.976 us = 19.88 us
ROPE: 2 x 3.46 us = 6.92 us
SET_ROWS: 2 x 2.8 us = 5.6 us
SIGMOID_MUL SIGMOID: 1 x 1.56 us = 1.56 us
TOP_K K=10 (98304,1,1,1): 1 x 9.12 us = 9.12 us
Total time: 1402.13 us.
----------------
Vulkan Timings:
CONCAT: 1 x 1.64 us = 1.64 us
CONT: 1 x 3.72 us = 3.72 us
FLASH_ATTN_EXT dst(256,24,1,1),  q(256,1,24,1),  k(256,256,4,1),  v(256,256,4,1),  m(256,1,1,1): 1 x 13.84 us = 13.84 us (454.585 GFLOPS/s)
GET_ROWS: 3 x 4.933 us = 14.8 us
GLU: 1 x 1.76 us = 1.76 us
MUL_MAT f32 m=256 n=24 k=256: 1 x 1.6 us = 1.6 us (1962.24 GFLOPS/s)
MUL_MAT f32 m=64 n=16 k=64: 1 x 3.68 us = 3.68 us (35.3391 GFLOPS/s)
MUL_MAT f32 m=64 n=96 k=64: 1 x 3.76 us = 3.76 us (207.523 GFLOPS/s)
MUL_MAT_ADD MUL_MAT_VEC q6_K m=5120 n=1 k=17408: 1 x 122.96 us = 122.96 us (1449.68 GFLOPS/s)
MUL_MAT_ADD MUL_MAT_VEC q6_K m=5120 n=1 k=6144: 1 x 53.4 us = 53.4 us (1178.08 GFLOPS/s)
MUL_MAT_VEC f32 m=256 n=4 k=256: 1 x 3.12 us = 3.12 us (167.713 GFLOPS/s)
MUL_MAT_VEC q6_K m=1024 n=1 k=5120: 2 x 8.88 us = 17.76 us (1180.71 GFLOPS/s)
MUL_MAT_VEC q6_K m=12288 n=1 k=5120: 1 x 85.72 us = 85.72 us (1467.77 GFLOPS/s)
MUL_MAT_VEC q6_K m=17408 n=1 k=5120: 2 x 121.12 us = 242.24 us (1471.6 GFLOPS/s)
MUL_MAT_VEC q6_K m=98304 n=1 k=5120: 1 x 673.7 us = 673.7 us (1494.04 GFLOPS/s)
MUL_MAT_VEC q8_0 m=5120 n=1 k=10240: 1 x 101.88 us = 101.88 us (1029.18 GFLOPS/s)
PAD: 1 x 6.44 us = 6.44 us
RMS_NORM_MUL RMS_NORM(256,24,1,1): 1 x 5.52 us = 5.52 us
RMS_NORM_MUL RMS_NORM(256,4,1,1): 1 x 3.72 us = 3.72 us
RMS_NORM_MUL RMS_NORM(5120,1,1,1): 5 x 3.648 us = 18.24 us
ROPE: 2 x 3.7 us = 7.4 us
SET_ROWS: 2 x 2.92 us = 5.84 us
SIGMOID_MUL SIGMOID: 1 x 1.68 us = 1.68 us
TOP_K K=10 (98304,1,1,1): 1 x 9.2 us = 9.2 us
Total time: 1403.62 us.
----------------
Vulkan Timings:
CONCAT: 1 x 1.68 us = 1.68 us
CONT: 1 x 3.72 us = 3.72 us
FLASH_ATTN_EXT dst(256,24,1,1),  q(256,1,24,1),  k(256,256,4,1),  v(256,256,4,1),  m(256,1,1,1): 1 x 15.64 us = 15.64 us (402.267 GFLOPS/s)
GET_ROWS: 3 x 5.013 us = 15.04 us
GLU: 1 x 1.8 us = 1.8 us
MUL_MAT f32 m=256 n=24 k=256: 1 x 2.2 us = 2.2 us (1427.08 GFLOPS/s)
MUL_MAT f32 m=64 n=16 k=64: 1 x 3.76 us = 3.76 us (34.5872 GFLOPS/s)
MUL_MAT f32 m=64 n=96 k=64: 1 x 3.72 us = 3.72 us (209.755 GFLOPS/s)
MUL_MAT_ADD MUL_MAT_VEC q6_K m=5120 n=1 k=17408: 1 x 123.04 us = 123.04 us (1448.74 GFLOPS/s)
MUL_MAT_ADD MUL_MAT_VEC q6_K m=5120 n=1 k=6144: 1 x 53.6 us = 53.6 us (1173.68 GFLOPS/s)
MUL_MAT_VEC f32 m=256 n=4 k=256: 1 x 0.72 us = 0.72 us (726.756 GFLOPS/s)
MUL_MAT_VEC q6_K m=1024 n=1 k=5120: 2 x 6.96 us = 13.92 us (1506.43 GFLOPS/s)
MUL_MAT_VEC q6_K m=12288 n=1 k=5120: 1 x 93.68 us = 93.68 us (1343.05 GFLOPS/s)
MUL_MAT_VEC q6_K m=17408 n=1 k=5120: 2 x 121.24 us = 242.48 us (1470.15 GFLOPS/s)
MUL_MAT_VEC q6_K m=98304 n=1 k=5120: 1 x 672.91 us = 672.91 us (1495.79 GFLOPS/s)
MUL_MAT_VEC q8_0 m=5120 n=1 k=10240: 1 x 101.36 us = 101.36 us (1034.46 GFLOPS/s)
PAD: 1 x 6.36 us = 6.36 us
RMS_NORM_MUL RMS_NORM(256,24,1,1): 1 x 3.76 us = 3.76 us
RMS_NORM_MUL RMS_NORM(256,4,1,1): 1 x 3.72 us = 3.72 us
RMS_NORM_MUL RMS_NORM(5120,1,1,1): 5 x 3.664 us = 18.32 us
ROPE: 2 x 3.7 us = 7.4 us
SET_ROWS: 2 x 3.14 us = 6.28 us
SIGMOID_MUL SIGMOID: 1 x 1.6 us = 1.6 us
TOP_K K=10 (98304,1,1,1): 1 x 9.24 us = 9.24 us
Total time: 1405.95 us.
----------------
Vulkan Timings:
CONCAT: 1 x 1.6 us = 1.6 us
CONT: 1 x 3.68 us = 3.68 us
FLASH_ATTN_EXT dst(256,24,1,1),  q(256,1,24,1),  k(256,256,4,1),  v(256,256,4,1),  m(256,1,1,1): 1 x 16.24 us = 16.24 us (387.405 GFLOPS/s)
GET_ROWS: 3 x 4.826 us = 14.48 us
GLU: 1 x 1.88 us = 1.88 us
MUL_MAT f32 m=256 n=24 k=256: 1 x 1.68 us = 1.68 us (1868.8 GFLOPS/s)
MUL_MAT f32 m=64 n=16 k=64: 1 x 3.72 us = 3.72 us (34.9591 GFLOPS/s)
MUL_MAT f32 m=64 n=96 k=64: 1 x 3.72 us = 3.72 us (209.755 GFLOPS/s)
MUL_MAT_ADD MUL_MAT_VEC q6_K m=5120 n=1 k=17408: 1 x 124.16 us = 124.16 us (1435.67 GFLOPS/s)
MUL_MAT_ADD MUL_MAT_VEC q6_K m=5120 n=1 k=6144: 1 x 53.76 us = 53.76 us (1170.19 GFLOPS/s)
MUL_MAT_VEC f32 m=256 n=4 k=256: 1 x 3.12 us = 3.12 us (167.713 GFLOPS/s)
MUL_MAT_VEC q6_K m=1024 n=1 k=5120: 2 x 8.72 us = 17.44 us (1202.38 GFLOPS/s)
MUL_MAT_VEC q6_K m=12288 n=1 k=5120: 1 x 85.8 us = 85.8 us (1466.4 GFLOPS/s)
MUL_MAT_VEC q6_K m=17408 n=1 k=5120: 2 x 121.1 us = 242.2 us (1471.85 GFLOPS/s)
MUL_MAT_VEC q6_K m=98304 n=1 k=5120: 1 x 672.35 us = 672.35 us (1497.04 GFLOPS/s)
MUL_MAT_VEC q8_0 m=5120 n=1 k=10240: 1 x 101.32 us = 101.32 us (1034.86 GFLOPS/s)
PAD: 1 x 6.44 us = 6.44 us
RMS_NORM_MUL RMS_NORM(256,24,1,1): 1 x 5.56 us = 5.56 us
RMS_NORM_MUL RMS_NORM(256,4,1,1): 1 x 3.68 us = 3.68 us
RMS_NORM_MUL RMS_NORM(5120,1,1,1): 5 x 3.624 us = 18.12 us
ROPE: 2 x 3.72 us = 7.44 us
SET_ROWS: 2 x 2.04 us = 4.08 us
SIGMOID_MUL SIGMOID: 1 x 1.64 us = 1.64 us
TOP_K K=10 (98304,1,1,1): 1 x 9.2 us = 9.2 us
Total time: 1403.31 us.
----------------
Vulkan Timings:
ADD: 48 x 3.962 us = 190.2 us
CONT: 16 x 3.89 us = 62.24 us
FLASH_ATTN_EXT dst(256,24,5,1),  q(256,5,24,1),  k(256,256,4,1),  v(256,256,4,1),  m(256,5,1,1): 16 x 23.357 us = 373.72 us (1346.77 GFLOPS/s)
GDN_CACHE GATED_DELTA_NET: 48 x 13.689 us = 657.08 us
GDN_CONV_STATE CONCAT: 48 x 3.112 us = 149.4 us
GET_ROWS: 3 x 11.346 us = 34.04 us
GLU: 64 x 2.946 us = 188.56 us
MUL_MAT f32 m=256 n=120 k=256: 16 x 1.825 us = 29.2 us (8601.6 GFLOPS/s)
MUL_MAT f32 m=256 n=20 k=256: 16 x 3.427 us = 54.84 us (763.332 GFLOPS/s)
MUL_MAT f32 m=64 n=480 k=64: 16 x 3.747 us = 59.96 us (1041.08 GFLOPS/s)
MUL_MAT f32 m=64 n=80 k=64: 16 x 3.462 us = 55.4 us (187.795 GFLOPS/s)
MUL_MAT_ADD MUL_MAT_VEC q6_K m=5120 n=5 k=17408: 64 x 206.807 us = 13235.7 us (4309.63 GFLOPS/s)
MUL_MAT_ADD MUL_MAT_VEC q6_K m=5120 n=5 k=6144: 16 x 77.595 us = 1241.52 us (4053.7 GFLOPS/s)
MUL_MAT_VEC f32 m=48 n=5 k=5120: 96 x 4.33 us = 415.76 us (567.41 GFLOPS/s)
MUL_MAT_VEC q6_K m=1024 n=5 k=5120: 32 x 12.196 us = 390.28 us (4298.34 GFLOPS/s)
MUL_MAT_VEC q6_K m=10240 n=5 k=5120: 48 x 110.16 us = 5287.68 us (4758.87 GFLOPS/s)
MUL_MAT_VEC q6_K m=12288 n=5 k=5120: 16 x 140.642 us = 2250.28 us (4472.93 GFLOPS/s)
MUL_MAT_VEC q6_K m=17408 n=5 k=5120: 128 x 183.176 us = 23446.6 us (4865.27 GFLOPS/s)
MUL_MAT_VEC q6_K m=248320 n=5 k=5120: 1 x 2395.84 us = 2395.84 us (5306.17 GFLOPS/s)
MUL_MAT_VEC q6_K m=6144 n=5 k=5120: 48 x 72.041 us = 3458 us (4366.11 GFLOPS/s)
MUL_MAT_VEC q8_0 m=5120 n=5 k=6144: 48 x 63.3 us = 3038.4 us (4969.15 GFLOPS/s)
RMS_NORM_MUL RMS_NORM(256,24,5,1): 16 x 3.835 us = 61.36 us
RMS_NORM_MUL RMS_NORM(256,4,5,1): 16 x 4.062 us = 65 us
RMS_NORM_MUL RMS_NORM(5120,5,1,1): 129 x 4.339 us = 559.84 us
RMS_NORM_MUL_SILU_MUL RMS_NORM(128,48,5,1): 48 x 5.885 us = 282.52 us
RMS_NORM_SCALE RMS_NORM(128,16,5,1): 96 x 2.638 us = 253.32 us
ROPE: 32 x 3.937 us = 126 us
SET_ROWS: 32 x 2.937 us = 94 us
SIGMOID_MUL SIGMOID: 16 x 3.8 us = 60.8 us
SSM_CONV_SILU SSM_CONV: 48 x 4.829 us = 231.8 us
Total time: 58749.3 us.
----------------
Vulkan Timings:
CONCAT: 1 x 3.92 us = 3.92 us
CONT: 1 x 3.76 us = 3.76 us
FLASH_ATTN_EXT dst(256,24,5,1),  q(256,5,24,1),  k(256,256,4,1),  v(256,256,4,1),  m(256,5,1,1): 1 x 23.16 us = 23.16 us (1358.26 GFLOPS/s)
GET_ROWS: 1 x 6.72 us = 6.72 us
GLU: 1 x 1.52 us = 1.52 us
MUL_MAT f32 m=256 n=120 k=256: 1 x 1.72 us = 1.72 us (9126.7 GFLOPS/s)
MUL_MAT f32 m=256 n=20 k=256: 1 x 3.16 us = 3.16 us (827.949 GFLOPS/s)
MUL_MAT f32 m=64 n=480 k=64: 1 x 3.76 us = 3.76 us (1037.62 GFLOPS/s)
MUL_MAT f32 m=64 n=80 k=64: 1 x 3.8 us = 3.8 us (171.116 GFLOPS/s)
MUL_MAT_ADD MUL_MAT_VEC q6_K m=5120 n=5 k=17408: 1 x 233.08 us = 233.08 us (3823.85 GFLOPS/s)
MUL_MAT_ADD MUL_MAT_VEC q6_K m=5120 n=5 k=6144: 1 x 86 us = 86 us (3657.53 GFLOPS/s)
MUL_MAT_VEC q6_K m=1024 n=5 k=5120: 2 x 16.1 us = 32.2 us (3256.13 GFLOPS/s)
MUL_MAT_VEC q6_K m=12288 n=5 k=5120: 1 x 154.8 us = 154.8 us (4063.85 GFLOPS/s)
MUL_MAT_VEC q6_K m=17408 n=5 k=5120: 2 x 180.66 us = 361.32 us (4933.04 GFLOPS/s)
MUL_MAT_VEC q8_0 m=5120 n=5 k=10240: 1 x 107.44 us = 107.44 us (4879.58 GFLOPS/s)
RMS_NORM_MUL RMS_NORM(256,24,5,1): 1 x 3.88 us = 3.88 us
RMS_NORM_MUL RMS_NORM(256,4,5,1): 1 x 3.76 us = 3.76 us
RMS_NORM_MUL RMS_NORM(5120,5,1,1): 5 x 9.412 us = 47.06 us
ROPE: 2 x 3.8 us = 7.6 us
SET_ROWS: 2 x 3 us = 6 us
SIGMOID_MUL SIGMOID: 1 x 1.64 us = 1.64 us
Total time: 1096.3 us.
----------------
Vulkan Timings:
CONCAT: 1 x 1.64 us = 1.64 us
CONT: 1 x 3.48 us = 3.48 us
FLASH_ATTN_EXT dst(256,24,1,1),  q(256,1,24,1),  k(256,256,4,1),  v(256,256,4,1),  m(256,1,1,1): 1 x 13.4 us = 13.4 us (469.512 GFLOPS/s)
GET_ROWS: 3 x 4.84 us = 14.52 us
GLU: 1 x 1.56 us = 1.56 us
MUL_MAT f32 m=256 n=24 k=256: 1 x 1.52 us = 1.52 us (2065.52 GFLOPS/s)
MUL_MAT f32 m=64 n=16 k=64: 1 x 1.76 us = 1.76 us (73.8909 GFLOPS/s)
MUL_MAT f32 m=64 n=96 k=64: 1 x 3.2 us = 3.2 us (243.84 GFLOPS/s)
MUL_MAT_ADD MUL_MAT_VEC q6_K m=5120 n=1 k=17408: 1 x 130.16 us = 130.16 us (1369.49 GFLOPS/s)
MUL_MAT_ADD MUL_MAT_VEC q6_K m=5120 n=1 k=6144: 1 x 53.2 us = 53.2 us (1182.51 GFLOPS/s)
MUL_MAT_VEC f32 m=256 n=4 k=256: 1 x 3 us = 3 us (174.421 GFLOPS/s)
MUL_MAT_VEC q6_K m=1024 n=1 k=5120: 2 x 8.84 us = 17.68 us (1186.06 GFLOPS/s)
MUL_MAT_VEC q6_K m=12288 n=1 k=5120: 1 x 90.48 us = 90.48 us (1390.55 GFLOPS/s)
MUL_MAT_VEC q6_K m=17408 n=1 k=5120: 2 x 118.76 us = 237.52 us (1500.85 GFLOPS/s)
MUL_MAT_VEC q6_K m=98304 n=1 k=5120: 1 x 673.19 us = 673.19 us (1495.17 GFLOPS/s)
MUL_MAT_VEC q8_0 m=5120 n=1 k=10240: 1 x 94.6 us = 94.6 us (1108.38 GFLOPS/s)
PAD: 1 x 6.32 us = 6.32 us
RMS_NORM_MUL RMS_NORM(256,24,1,1): 1 x 5.64 us = 5.64 us
RMS_NORM_MUL RMS_NORM(256,4,1,1): 1 x 4.8 us = 4.8 us
RMS_NORM_MUL RMS_NORM(5120,1,1,1): 5 x 4.056 us = 20.28 us
ROPE: 2 x 3.32 us = 6.64 us
SET_ROWS: 2 x 2.78 us = 5.56 us
SIGMOID_MUL SIGMOID: 1 x 1.48 us = 1.48 us
TOP_K K=10 (98304,1,1,1): 1 x 8.88 us = 8.88 us
Total time: 1400.51 us.
----------------
Vulkan Timings:
CONCAT: 1 x 1.68 us = 1.68 us
CONT: 1 x 3.56 us = 3.56 us
FLASH_ATTN_EXT dst(256,24,1,1),  q(256,1,24,1),  k(256,256,4,1),  v(256,256,4,1),  m(256,1,1,1): 1 x 13.76 us = 13.76 us (457.228 GFLOPS/s)
GET_ROWS: 3 x 4.746 us = 14.24 us
GLU: 1 x 1.88 us = 1.88 us
MUL_MAT f32 m=256 n=24 k=256: 1 x 1.68 us = 1.68 us (1868.8 GFLOPS/s)
MUL_MAT f32 m=64 n=16 k=64: 1 x 3.64 us = 3.64 us (35.7275 GFLOPS/s)
MUL_MAT f32 m=64 n=96 k=64: 1 x 3.6 us = 3.6 us (216.747 GFLOPS/s)
MUL_MAT_ADD MUL_MAT_VEC q6_K m=5120 n=1 k=17408: 1 x 122.4 us = 122.4 us (1456.31 GFLOPS/s)
MUL_MAT_ADD MUL_MAT_VEC q6_K m=5120 n=1 k=6144: 1 x 53.64 us = 53.64 us (1172.81 GFLOPS/s)
MUL_MAT_VEC f32 m=256 n=4 k=256: 1 x 3 us = 3 us (174.421 GFLOPS/s)
MUL_MAT_VEC q6_K m=1024 n=1 k=5120: 2 x 8.92 us = 17.84 us (1175.42 GFLOPS/s)
MUL_MAT_VEC q6_K m=12288 n=1 k=5120: 1 x 85.84 us = 85.84 us (1465.71 GFLOPS/s)
MUL_MAT_VEC q6_K m=17408 n=1 k=5120: 2 x 120.9 us = 241.8 us (1474.28 GFLOPS/s)
MUL_MAT_VEC q6_K m=98304 n=1 k=5120: 1 x 673.65 us = 673.65 us (1494.15 GFLOPS/s)
MUL_MAT_VEC q8_0 m=5120 n=1 k=10240: 1 x 101.52 us = 101.52 us (1032.83 GFLOPS/s)
PAD: 1 x 6.32 us = 6.32 us
RMS_NORM_MUL RMS_NORM(256,24,1,1): 1 x 5.24 us = 5.24 us
RMS_NORM_MUL RMS_NORM(256,4,1,1): 1 x 3.6 us = 3.6 us
RMS_NORM_MUL RMS_NORM(5120,1,1,1): 5 x 3.648 us = 18.24 us
ROPE: 2 x 3.56 us = 7.12 us
SET_ROWS: 2 x 2.84 us = 5.68 us
SIGMOID_MUL SIGMOID: 1 x 1.64 us = 1.64 us
TOP_K K=10 (98304,1,1,1): 1 x 8.92 us = 8.92 us
Total time: 1400.49 us.
----------------
Vulkan Timings:
CONCAT: 1 x 1.64 us = 1.64 us
CONT: 1 x 3.6 us = 3.6 us
FLASH_ATTN_EXT dst(256,24,1,1),  q(256,1,24,1),  k(256,256,4,1),  v(256,256,4,1),  m(256,1,1,1): 1 x 13.76 us = 13.76 us (457.228 GFLOPS/s)
GET_ROWS: 3 x 4.84 us = 14.52 us
GLU: 1 x 1.84 us = 1.84 us
MUL_MAT f32 m=256 n=24 k=256: 1 x 1.6 us = 1.6 us (1962.24 GFLOPS/s)
MUL_MAT f32 m=64 n=16 k=64: 1 x 3.52 us = 3.52 us (36.9455 GFLOPS/s)
MUL_MAT f32 m=64 n=96 k=64: 1 x 3.6 us = 3.6 us (216.747 GFLOPS/s)
MUL_MAT_ADD MUL_MAT_VEC q6_K m=5120 n=1 k=17408: 1 x 124.96 us = 124.96 us (1426.48 GFLOPS/s)
MUL_MAT_ADD MUL_MAT_VEC q6_K m=5120 n=1 k=6144: 1 x 52.72 us = 52.72 us (1193.27 GFLOPS/s)
MUL_MAT_VEC f32 m=256 n=4 k=256: 1 x 3 us = 3 us (174.421 GFLOPS/s)
MUL_MAT_VEC q6_K m=1024 n=1 k=5120: 2 x 6.86 us = 13.72 us (1528.39 GFLOPS/s)
MUL_MAT_VEC q6_K m=12288 n=1 k=5120: 1 x 94.04 us = 94.04 us (1337.91 GFLOPS/s)
MUL_MAT_VEC q6_K m=17408 n=1 k=5120: 2 x 121.72 us = 243.44 us (1464.35 GFLOPS/s)
MUL_MAT_VEC q6_K m=98304 n=1 k=5120: 1 x 673.2 us = 673.2 us (1495.15 GFLOPS/s)
MUL_MAT_VEC q8_0 m=5120 n=1 k=10240: 1 x 100.56 us = 100.56 us (1042.69 GFLOPS/s)
PAD: 1 x 6.48 us = 6.48 us
RMS_NORM_MUL RMS_NORM(256,24,1,1): 1 x 3.64 us = 3.64 us
RMS_NORM_MUL RMS_NORM(256,4,1,1): 1 x 3.56 us = 3.56 us
RMS_NORM_MUL RMS_NORM(5120,1,1,1): 5 x 3.744 us = 18.72 us
ROPE: 2 x 3.56 us = 7.12 us
SET_ROWS: 2 x 2.82 us = 5.64 us
SIGMOID_MUL SIGMOID: 1 x 1.68 us = 1.68 us
TOP_K K=10 (98304,1,1,1): 1 x 8.2 us = 8.2 us
Total time: 1404.76 us.
----------------
Vulkan Timings:
CONCAT: 1 x 1.64 us = 1.64 us
CONT: 1 x 3.56 us = 3.56 us
FLASH_ATTN_EXT dst(256,24,1,1),  q(256,1,24,1),  k(256,256,4,1),  v(256,256,4,1),  m(256,1,1,1): 1 x 13.88 us = 13.88 us (453.275 GFLOPS/s)
GET_ROWS: 3 x 4.826 us = 14.48 us
GLU: 1 x 2.16 us = 2.16 us
MUL_MAT f32 m=256 n=24 k=256: 1 x 1.64 us = 1.64 us (1914.38 GFLOPS/s)
MUL_MAT f32 m=64 n=16 k=64: 1 x 3.56 us = 3.56 us (36.5303 GFLOPS/s)
MUL_MAT f32 m=64 n=96 k=64: 1 x 3.56 us = 3.56 us (219.182 GFLOPS/s)
MUL_MAT_ADD MUL_MAT_VEC q6_K m=5120 n=1 k=17408: 1 x 123.04 us = 123.04 us (1448.74 GFLOPS/s)
MUL_MAT_ADD MUL_MAT_VEC q6_K m=5120 n=1 k=6144: 1 x 54.8 us = 54.8 us (1147.98 GFLOPS/s)
MUL_MAT_VEC f32 m=256 n=4 k=256: 1 x 2.96 us = 2.96 us (176.778 GFLOPS/s)
MUL_MAT_VEC q6_K m=1024 n=1 k=5120: 2 x 8.82 us = 17.64 us (1188.75 GFLOPS/s)
MUL_MAT_VEC q6_K m=12288 n=1 k=5120: 1 x 85.32 us = 85.32 us (1474.65 GFLOPS/s)
MUL_MAT_VEC q6_K m=17408 n=1 k=5120: 2 x 121.2 us = 242.4 us (1470.63 GFLOPS/s)
MUL_MAT_VEC q6_K m=98304 n=1 k=5120: 1 x 672.98 us = 672.98 us (1495.64 GFLOPS/s)
MUL_MAT_VEC q8_0 m=5120 n=1 k=10240: 1 x 101.56 us = 101.56 us (1032.42 GFLOPS/s)
PAD: 1 x 6.32 us = 6.32 us
RMS_NORM_MUL RMS_NORM(256,24,1,1): 1 x 5.24 us = 5.24 us
RMS_NORM_MUL RMS_NORM(256,4,1,1): 1 x 3.52 us = 3.52 us
RMS_NORM_MUL RMS_NORM(5120,1,1,1): 5 x 3.696 us = 18.48 us
ROPE: 2 x 3.52 us = 7.04 us
SET_ROWS: 2 x 2.86 us = 5.72 us
SIGMOID_MUL SIGMOID: 1 x 1.88 us = 1.88 us
TOP_K K=10 (98304,1,1,1): 1 x 8.92 us = 8.92 us
Total time: 1402.3 us.
----------------
Vulkan Timings:
ADD: 48 x 3.81 us = 182.88 us
CONT: 16 x 3.717 us = 59.48 us
FLASH_ATTN_EXT dst(256,24,5,1),  q(256,5,24,1),  k(256,256,4,1),  v(256,256,4,1),  m(256,5,1,1): 16 x 23.267 us = 372.28 us (1351.98 GFLOPS/s)
GDN_CACHE GATED_DELTA_NET: 48 x 14.429 us = 692.6 us
GDN_CONV_STATE CONCAT: 48 x 3.251 us = 156.08 us
GET_ROWS: 3 x 11.253 us = 33.76 us
GLU: 64 x 2.809 us = 179.8 us
MUL_MAT f32 m=256 n=120 k=256: 16 x 1.857 us = 29.72 us (8451.1 GFLOPS/s)
MUL_MAT f32 m=256 n=20 k=256: 16 x 3.147 us = 50.36 us (831.237 GFLOPS/s)
MUL_MAT f32 m=64 n=480 k=64: 16 x 3.602 us = 57.64 us (1082.98 GFLOPS/s)
MUL_MAT f32 m=64 n=80 k=64: 16 x 3.332 us = 53.32 us (195.121 GFLOPS/s)
MUL_MAT_ADD MUL_MAT_VEC q6_K m=5120 n=5 k=17408: 64 x 206.63 us = 13224.4 us (4313.32 GFLOPS/s)
MUL_MAT_ADD MUL_MAT_VEC q6_K m=5120 n=5 k=6144: 16 x 77.212 us = 1235.4 us (4073.79 GFLOPS/s)
MUL_MAT_VEC f32 m=48 n=5 k=5120: 96 x 4.34 us = 416.64 us (566.212 GFLOPS/s)
MUL_MAT_VEC q6_K m=1024 n=5 k=5120: 32 x 12.1 us = 387.2 us (4332.54 GFLOPS/s)
MUL_MAT_VEC q6_K m=10240 n=5 k=5120: 48 x 109.858 us = 5273.2 us (4771.93 GFLOPS/s)
MUL_MAT_VEC q6_K m=12288 n=5 k=5120: 16 x 140.597 us = 2249.56 us (4474.36 GFLOPS/s)
MUL_MAT_VEC q6_K m=17408 n=5 k=5120: 128 x 182.727 us = 23389.1 us (4877.22 GFLOPS/s)
MUL_MAT_VEC q6_K m=248320 n=5 k=5120: 1 x 2399.2 us = 2399.2 us (5298.74 GFLOPS/s)
MUL_MAT_VEC q6_K m=6144 n=5 k=5120: 48 x 71.103 us = 3412.96 us (4423.73 GFLOPS/s)
MUL_MAT_VEC q8_0 m=5120 n=5 k=6144: 48 x 63.192 us = 3033.24 us (4977.6 GFLOPS/s)
RMS_NORM_MUL RMS_NORM(256,24,5,1): 16 x 3.67 us = 58.72 us
RMS_NORM_MUL RMS_NORM(256,4,5,1): 16 x 3.875 us = 62 us
RMS_NORM_MUL RMS_NORM(5120,5,1,1): 129 x 4.24 us = 547.04 us
RMS_NORM_MUL_SILU_MUL RMS_NORM(128,48,5,1): 48 x 5.567 us = 267.24 us
RMS_NORM_SCALE RMS_NORM(128,16,5,1): 96 x 2.548 us = 244.64 us
ROPE: 32 x 3.787 us = 121.2 us
SET_ROWS: 32 x 2.927 us = 93.68 us
SIGMOID_MUL SIGMOID: 16 x 3.627 us = 58.04 us
SSM_CONV_SILU SSM_CONV: 48 x 4.674 us = 224.36 us
Total time: 58565.7 us.
----------------
Vulkan Timings:
CONCAT: 1 x 4.04 us = 4.04 us
CONT: 1 x 3.64 us = 3.64 us
FLASH_ATTN_EXT dst(256,24,5,1),  q(256,5,24,1),  k(256,256,4,1),  v(256,256,4,1),  m(256,5,1,1): 1 x 22.96 us = 22.96 us (1370.09 GFLOPS/s)
GET_ROWS: 1 x 6.56 us = 6.56 us
GLU: 1 x 1.52 us = 1.52 us
MUL_MAT f32 m=256 n=120 k=256: 1 x 1.64 us = 1.64 us (9571.9 GFLOPS/s)
MUL_MAT f32 m=256 n=20 k=256: 1 x 3 us = 3 us (872.107 GFLOPS/s)
MUL_MAT f32 m=64 n=480 k=64: 1 x 3.64 us = 3.64 us (1071.82 GFLOPS/s)
MUL_MAT f32 m=64 n=80 k=64: 1 x 3.56 us = 3.56 us (182.652 GFLOPS/s)
MUL_MAT_ADD MUL_MAT_VEC q6_K m=5120 n=5 k=17408: 1 x 229.43 us = 229.43 us (3884.69 GFLOPS/s)
MUL_MAT_ADD MUL_MAT_VEC q6_K m=5120 n=5 k=6144: 1 x 87.2 us = 87.2 us (3607.19 GFLOPS/s)
MUL_MAT_VEC q6_K m=1024 n=5 k=5120: 2 x 16 us = 32 us (3276.48 GFLOPS/s)
MUL_MAT_VEC q6_K m=12288 n=5 k=5120: 1 x 154.92 us = 154.92 us (4060.7 GFLOPS/s)
MUL_MAT_VEC q6_K m=17408 n=5 k=5120: 2 x 179.66 us = 359.32 us (4960.5 GFLOPS/s)
MUL_MAT_VEC q8_0 m=5120 n=5 k=10240: 1 x 105.28 us = 105.28 us (4979.7 GFLOPS/s)
RMS_NORM_MUL RMS_NORM(256,24,5,1): 1 x 3.72 us = 3.72 us
RMS_NORM_MUL RMS_NORM(256,4,5,1): 1 x 3.56 us = 3.56 us
RMS_NORM_MUL RMS_NORM(5120,5,1,1): 5 x 9.012 us = 45.06 us
ROPE: 2 x 3.58 us = 7.16 us
SET_ROWS: 2 x 2.88 us = 5.76 us
SIGMOID_MUL SIGMOID: 1 x 1.72 us = 1.72 us
Total time: 1085.69 us.
----------------
Vulkan Timings:
CONCAT: 1 x 1.68 us = 1.68 us
CONT: 1 x 3.64 us = 3.64 us
FLASH_ATTN_EXT dst(256,24,1,1),  q(256,1,24,1),  k(256,256,4,1),  v(256,256,4,1),  m(256,1,1,1): 1 x 13.48 us = 13.48 us (466.725 GFLOPS/s)
GET_ROWS: 3 x 5.066 us = 15.2 us
GLU: 1 x 1.64 us = 1.64 us
MUL_MAT f32 m=256 n=24 k=256: 1 x 1.48 us = 1.48 us (2121.34 GFLOPS/s)
MUL_MAT f32 m=64 n=16 k=64: 1 x 1.8 us = 1.8 us (72.2489 GFLOPS/s)
MUL_MAT f32 m=64 n=96 k=64: 1 x 3.4 us = 3.4 us (229.496 GFLOPS/s)
MUL_MAT_ADD MUL_MAT_VEC q6_K m=5120 n=1 k=17408: 1 x 130.44 us = 130.44 us (1366.55 GFLOPS/s)
MUL_MAT_ADD MUL_MAT_VEC q6_K m=5120 n=1 k=6144: 1 x 53.76 us = 53.76 us (1170.19 GFLOPS/s)
MUL_MAT_VEC f32 m=256 n=4 k=256: 1 x 3.16 us = 3.16 us (165.59 GFLOPS/s)
MUL_MAT_VEC q6_K m=1024 n=1 k=5120: 2 x 8.68 us = 17.36 us (1207.92 GFLOPS/s)
MUL_MAT_VEC q6_K m=12288 n=1 k=5120: 1 x 89.76 us = 89.76 us (1401.7 GFLOPS/s)
MUL_MAT_VEC q6_K m=17408 n=1 k=5120: 2 x 118.32 us = 236.64 us (1506.43 GFLOPS/s)
MUL_MAT_VEC q6_K m=98304 n=1 k=5120: 1 x 679.01 us = 679.01 us (1482.36 GFLOPS/s)
MUL_MAT_VEC q8_0 m=5120 n=1 k=10240: 1 x 94.28 us = 94.28 us (1112.14 GFLOPS/s)
PAD: 1 x 6.48 us = 6.48 us
RMS_NORM_MUL RMS_NORM(256,24,1,1): 1 x 5.92 us = 5.92 us
RMS_NORM_MUL RMS_NORM(256,4,1,1): 1 x 5.08 us = 5.08 us
RMS_NORM_MUL RMS_NORM(5120,1,1,1): 5 x 3.944 us = 19.72 us
ROPE: 2 x 3.46 us = 6.92 us
SET_ROWS: 2 x 2.86 us = 5.72 us
SIGMOID_MUL SIGMOID: 1 x 1.56 us = 1.56 us
TOP_K K=10 (98304,1,1,1): 1 x 8.96 us = 8.96 us
Total time: 1407.09 us.
----------------
Vulkan Timings:
CONCAT: 1 x 1.68 us = 1.68 us
CONT: 1 x 3.72 us = 3.72 us
FLASH_ATTN_EXT dst(256,24,1,1),  q(256,1,24,1),  k(256,256,4,1),  v(256,256,4,1),  m(256,1,1,1): 1 x 13.84 us = 13.84 us (454.585 GFLOPS/s)
GET_ROWS: 3 x 4.946 us = 14.84 us
GLU: 1 x 1.84 us = 1.84 us
MUL_MAT f32 m=256 n=24 k=256: 1 x 1.64 us = 1.64 us (1914.38 GFLOPS/s)
MUL_MAT f32 m=64 n=16 k=64: 1 x 3.76 us = 3.76 us (34.5872 GFLOPS/s)
MUL_MAT f32 m=64 n=96 k=64: 1 x 3.68 us = 3.68 us (212.035 GFLOPS/s)
MUL_MAT_ADD MUL_MAT_VEC q6_K m=5120 n=1 k=17408: 1 x 122.76 us = 122.76 us (1452.04 GFLOPS/s)
MUL_MAT_ADD MUL_MAT_VEC q6_K m=5120 n=1 k=6144: 1 x 53.6 us = 53.6 us (1173.68 GFLOPS/s)
MUL_MAT_VEC f32 m=256 n=4 k=256: 1 x 3.12 us = 3.12 us (167.713 GFLOPS/s)
MUL_MAT_VEC q6_K m=1024 n=1 k=5120: 2 x 8.84 us = 17.68 us (1186.06 GFLOPS/s)
MUL_MAT_VEC q6_K m=12288 n=1 k=5120: 1 x 85.48 us = 85.48 us (1471.89 GFLOPS/s)
MUL_MAT_VEC q6_K m=17408 n=1 k=5120: 2 x 121.64 us = 243.28 us (1465.31 GFLOPS/s)
MUL_MAT_VEC q6_K m=98304 n=1 k=5120: 1 x 673.66 us = 673.66 us (1494.13 GFLOPS/s)
MUL_MAT_VEC q8_0 m=5120 n=1 k=10240: 1 x 102.04 us = 102.04 us (1027.56 GFLOPS/s)
PAD: 1 x 6.48 us = 6.48 us
RMS_NORM_MUL RMS_NORM(256,24,1,1): 1 x 5.52 us = 5.52 us
RMS_NORM_MUL RMS_NORM(256,4,1,1): 1 x 3.72 us = 3.72 us
RMS_NORM_MUL RMS_NORM(5120,1,1,1): 5 x 3.68 us = 18.4 us
ROPE: 2 x 3.68 us = 7.36 us
SET_ROWS: 2 x 2.94 us = 5.88 us
SIGMOID_MUL SIGMOID: 1 x 1.64 us = 1.64 us
TOP_K K=10 (98304,1,1,1): 1 x 9 us = 9 us
Total time: 1404.62 us.
----------------
Vulkan Timings:
CONCAT: 1 x 1.64 us = 1.64 us
CONT: 1 x 3.68 us = 3.68 us
FLASH_ATTN_EXT dst(256,24,1,1),  q(256,1,24,1),  k(256,256,4,1),  v(256,256,4,1),  m(256,1,1,1): 1 x 13.84 us = 13.84 us (454.585 GFLOPS/s)
GET_ROWS: 3 x 4.906 us = 14.72 us
GLU: 1 x 1.76 us = 1.76 us
MUL_MAT f32 m=256 n=24 k=256: 1 x 1.6 us = 1.6 us (1962.24 GFLOPS/s)
MUL_MAT f32 m=64 n=16 k=64: 1 x 3.76 us = 3.76 us (34.5872 GFLOPS/s)
MUL_MAT f32 m=64 n=96 k=64: 1 x 3.68 us = 3.68 us (212.035 GFLOPS/s)
MUL_MAT_ADD MUL_MAT_VEC q6_K m=5120 n=1 k=17408: 1 x 123.76 us = 123.76 us (1440.31 GFLOPS/s)
MUL_MAT_ADD MUL_MAT_VEC q6_K m=5120 n=1 k=6144: 1 x 54.04 us = 54.04 us (1164.13 GFLOPS/s)
MUL_MAT_VEC f32 m=256 n=4 k=256: 1 x 3.12 us = 3.12 us (167.713 GFLOPS/s)
MUL_MAT_VEC q6_K m=1024 n=1 k=5120: 2 x 8.92 us = 17.84 us (1175.42 GFLOPS/s)
MUL_MAT_VEC q6_K m=12288 n=1 k=5120: 1 x 85.4 us = 85.4 us (1473.27 GFLOPS/s)
MUL_MAT_VEC q6_K m=17408 n=1 k=5120: 2 x 121.14 us = 242.28 us (1471.36 GFLOPS/s)
MUL_MAT_VEC q6_K m=98304 n=1 k=5120: 1 x 673.66 us = 673.66 us (1494.13 GFLOPS/s)
MUL_MAT_VEC q8_0 m=5120 n=1 k=10240: 1 x 101.36 us = 101.36 us (1034.46 GFLOPS/s)
PAD: 1 x 6.44 us = 6.44 us
RMS_NORM_MUL RMS_NORM(256,24,1,1): 1 x 5.6 us = 5.6 us
RMS_NORM_MUL RMS_NORM(256,4,1,1): 1 x 3.72 us = 3.72 us
RMS_NORM_MUL RMS_NORM(5120,1,1,1): 5 x 3.664 us = 18.32 us
ROPE: 2 x 3.72 us = 7.44 us
SET_ROWS: 2 x 2.94 us = 5.88 us
SIGMOID_MUL SIGMOID: 1 x 1.64 us = 1.64 us
TOP_K K=10 (98304,1,1,1): 1 x 8.96 us = 8.96 us
Total time: 1404.14 us.
----------------
Vulkan Timings:
CONCAT: 1 x 1.64 us = 1.64 us
CONT: 1 x 3.72 us = 3.72 us
FLASH_ATTN_EXT dst(256,24,1,1),  q(256,1,24,1),  k(256,256,4,1),  v(256,256,4,1),  m(256,1,1,1): 1 x 13.76 us = 13.76 us (457.228 GFLOPS/s)
GET_ROWS: 3 x 4.933 us = 14.8 us
GLU: 1 x 1.72 us = 1.72 us
MUL_MAT f32 m=256 n=24 k=256: 1 x 1.68 us = 1.68 us (1868.8 GFLOPS/s)
MUL_MAT f32 m=64 n=16 k=64: 1 x 3.72 us = 3.72 us (34.9591 GFLOPS/s)
MUL_MAT f32 m=64 n=96 k=64: 1 x 3.72 us = 3.72 us (209.755 GFLOPS/s)
MUL_MAT_ADD MUL_MAT_VEC q6_K m=5120 n=1 k=17408: 1 x 122.8 us = 122.8 us (1451.57 GFLOPS/s)
MUL_MAT_ADD MUL_MAT_VEC q6_K m=5120 n=1 k=6144: 1 x 53.16 us = 53.16 us (1183.4 GFLOPS/s)
MUL_MAT_VEC f32 m=256 n=4 k=256: 1 x 3.12 us = 3.12 us (167.713 GFLOPS/s)
MUL_MAT_VEC q6_K m=1024 n=1 k=5120: 2 x 8.92 us = 17.84 us (1175.42 GFLOPS/s)
MUL_MAT_VEC q6_K m=12288 n=1 k=5120: 1 x 85.6 us = 85.6 us (1469.82 GFLOPS/s)
MUL_MAT_VEC q6_K m=17408 n=1 k=5120: 2 x 120.58 us = 241.16 us (1478.19 GFLOPS/s)
MUL_MAT_VEC q6_K m=98304 n=1 k=5120: 1 x 671.48 us = 671.48 us (1498.98 GFLOPS/s)
MUL_MAT_VEC q8_0 m=5120 n=1 k=10240: 1 x 101.52 us = 101.52 us (1032.83 GFLOPS/s)
PAD: 1 x 6.44 us = 6.44 us
RMS_NORM_MUL RMS_NORM(256,24,1,1): 1 x 5.56 us = 5.56 us
RMS_NORM_MUL RMS_NORM(256,4,1,1): 1 x 3.68 us = 3.68 us
RMS_NORM_MUL RMS_NORM(5120,1,1,1): 5 x 3.776 us = 18.88 us
ROPE: 2 x 3.68 us = 7.36 us
SET_ROWS: 2 x 2.92 us = 5.84 us
SIGMOID_MUL SIGMOID: 1 x 1.68 us = 1.68 us
TOP_K K=10 (98304,1,1,1): 1 x 9.16 us = 9.16 us
Total time: 1400.04 us.
----------------
Vulkan Timings:
ADD: 48 x 3.975 us = 190.84 us
CONT: 16 x 3.902 us = 62.44 us
FLASH_ATTN_EXT dst(256,24,5,1),  q(256,5,24,1),  k(256,256,4,1),  v(256,256,4,1),  m(256,5,1,1): 16 x 23.317 us = 373.08 us (1349.08 GFLOPS/s)
GDN_CACHE GATED_DELTA_NET: 48 x 13.898 us = 667.12 us
GDN_CONV_STATE CONCAT: 48 x 3.088 us = 148.24 us
GET_ROWS: 3 x 11.4 us = 34.2 us
GLU: 64 x 2.849 us = 182.36 us
MUL_MAT f32 m=256 n=120 k=256: 16 x 1.81 us = 28.96 us (8672.88 GFLOPS/s)
MUL_MAT f32 m=256 n=20 k=256: 16 x 3.572 us = 57.16 us (732.35 GFLOPS/s)
MUL_MAT f32 m=64 n=480 k=64: 16 x 3.755 us = 60.08 us (1039 GFLOPS/s)
MUL_MAT f32 m=64 n=80 k=64: 16 x 3.472 us = 55.56 us (187.254 GFLOPS/s)
MUL_MAT_ADD MUL_MAT_VEC q6_K m=5120 n=5 k=17408: 64 x 207.416 us = 13274.6 us (4296.98 GFLOPS/s)
MUL_MAT_ADD MUL_MAT_VEC q6_K m=5120 n=5 k=6144: 16 x 77.557 us = 1240.92 us (4055.66 GFLOPS/s)
MUL_MAT_VEC f32 m=48 n=5 k=5120: 96 x 4.326 us = 415.32 us (568.012 GFLOPS/s)
MUL_MAT_VEC q6_K m=1024 n=5 k=5120: 32 x 12.147 us = 388.72 us (4315.59 GFLOPS/s)
MUL_MAT_VEC q6_K m=10240 n=5 k=5120: 48 x 110.19 us = 5289.16 us (4757.54 GFLOPS/s)
MUL_MAT_VEC q6_K m=12288 n=5 k=5120: 16 x 140.677 us = 2250.84 us (4471.82 GFLOPS/s)
MUL_MAT_VEC q6_K m=17408 n=5 k=5120: 128 x 183.184 us = 23447.6 us (4865.07 GFLOPS/s)
MUL_MAT_VEC q6_K m=248320 n=5 k=5120: 1 x 2423.28 us = 2423.28 us (5246.09 GFLOPS/s)
MUL_MAT_VEC q6_K m=6144 n=5 k=5120: 48 x 72.033 us = 3457.6 us (4366.62 GFLOPS/s)
MUL_MAT_VEC q8_0 m=5120 n=5 k=6144: 48 x 63.302 us = 3038.52 us (4968.95 GFLOPS/s)
RMS_NORM_MUL RMS_NORM(256,24,5,1): 16 x 3.98 us = 63.68 us
RMS_NORM_MUL RMS_NORM(256,4,5,1): 16 x 4.07 us = 65.12 us
RMS_NORM_MUL RMS_NORM(5120,5,1,1): 129 x 4.334 us = 559.16 us
RMS_NORM_MUL_SILU_MUL RMS_NORM(128,48,5,1): 48 x 5.885 us = 282.48 us
RMS_NORM_SCALE RMS_NORM(128,16,5,1): 96 x 2.643 us = 253.8 us
ROPE: 32 x 3.948 us = 126.36 us
SET_ROWS: 32 x 2.936 us = 93.96 us
SIGMOID_MUL SIGMOID: 16 x 3.805 us = 60.88 us
SSM_CONV_SILU SSM_CONV: 48 x 4.845 us = 232.56 us
Total time: 58824.6 us.
----------------
Vulkan Timings:
CONCAT: 1 x 3.92 us = 3.92 us
CONT: 1 x 3.88 us = 3.88 us
FLASH_ATTN_EXT dst(256,24,5,1),  q(256,5,24,1),  k(256,256,4,1),  v(256,256,4,1),  m(256,5,1,1): 1 x 23.4 us = 23.4 us (1344.33 GFLOPS/s)
GET_ROWS: 1 x 6.76 us = 6.76 us
GLU: 1 x 1.52 us = 1.52 us
MUL_MAT f32 m=256 n=120 k=256: 1 x 1.68 us = 1.68 us (9344 GFLOPS/s)
MUL_MAT f32 m=256 n=20 k=256: 1 x 3.24 us = 3.24 us (807.506 GFLOPS/s)
MUL_MAT f32 m=64 n=480 k=64: 1 x 3.84 us = 3.84 us (1016 GFLOPS/s)
MUL_MAT f32 m=64 n=80 k=64: 1 x 3.84 us = 3.84 us (169.333 GFLOPS/s)
MUL_MAT_ADD MUL_MAT_VEC q6_K m=5120 n=5 k=17408: 1 x 234.89 us = 234.89 us (3794.39 GFLOPS/s)
MUL_MAT_ADD MUL_MAT_VEC q6_K m=5120 n=5 k=6144: 1 x 86.92 us = 86.92 us (3618.81 GFLOPS/s)
MUL_MAT_VEC q6_K m=1024 n=5 k=5120: 2 x 16.38 us = 32.76 us (3200.47 GFLOPS/s)
MUL_MAT_VEC q6_K m=12288 n=5 k=5120: 1 x 156.12 us = 156.12 us (4029.49 GFLOPS/s)
MUL_MAT_VEC q6_K m=17408 n=5 k=5120: 2 x 181.74 us = 363.48 us (4903.72 GFLOPS/s)
MUL_MAT_VEC q8_0 m=5120 n=5 k=10240: 1 x 105.24 us = 105.24 us (4981.59 GFLOPS/s)
RMS_NORM_MUL RMS_NORM(256,24,5,1): 1 x 3.96 us = 3.96 us
RMS_NORM_MUL RMS_NORM(256,4,5,1): 1 x 3.84 us = 3.84 us
RMS_NORM_MUL RMS_NORM(5120,5,1,1): 5 x 9.074 us = 45.37 us
ROPE: 2 x 3.86 us = 7.72 us
SET_ROWS: 2 x 3 us = 6 us
SIGMOID_MUL SIGMOID: 1 x 1.76 us = 1.76 us
Total time: 1100.14 us.
----------------
Vulkan Timings:
CONCAT: 1 x 1.64 us = 1.64 us
CONT: 1 x 3.4 us = 3.4 us
FLASH_ATTN_EXT dst(256,24,1,1),  q(256,1,24,1),  k(256,256,4,1),  v(256,256,4,1),  m(256,1,1,1): 1 x 13.36 us = 13.36 us (470.917 GFLOPS/s)
GET_ROWS: 3 x 4.906 us = 14.72 us
GLU: 1 x 1.68 us = 1.68 us
MUL_MAT f32 m=256 n=24 k=256: 1 x 1.6 us = 1.6 us (1962.24 GFLOPS/s)
MUL_MAT f32 m=64 n=16 k=64: 1 x 1.8 us = 1.8 us (72.2489 GFLOPS/s)
MUL_MAT f32 m=64 n=96 k=64: 1 x 3.16 us = 3.16 us (246.927 GFLOPS/s)
MUL_MAT_ADD MUL_MAT_VEC q6_K m=5120 n=1 k=17408: 1 x 128.76 us = 128.76 us (1384.38 GFLOPS/s)
MUL_MAT_ADD MUL_MAT_VEC q6_K m=5120 n=1 k=6144: 1 x 53.56 us = 53.56 us (1174.56 GFLOPS/s)
MUL_MAT_VEC f32 m=256 n=4 k=256: 1 x 2.92 us = 2.92 us (179.2 GFLOPS/s)
MUL_MAT_VEC q6_K m=1024 n=1 k=5120: 2 x 6.66 us = 13.32 us (1574.28 GFLOPS/s)
MUL_MAT_VEC q6_K m=12288 n=1 k=5120: 1 x 103.32 us = 103.32 us (1217.74 GFLOPS/s)
MUL_MAT_VEC q6_K m=17408 n=1 k=5120: 2 x 118.32 us = 236.64 us (1506.43 GFLOPS/s)
MUL_MAT_VEC q6_K m=98304 n=1 k=5120: 1 x 673.41 us = 673.41 us (1494.68 GFLOPS/s)
MUL_MAT_VEC q8_0 m=5120 n=1 k=10240: 1 x 93.36 us = 93.36 us (1123.1 GFLOPS/s)
PAD: 1 x 6.36 us = 6.36 us
RMS_NORM_MUL RMS_NORM(256,24,1,1): 1 x 3.16 us = 3.16 us
RMS_NORM_MUL RMS_NORM(256,4,1,1): 1 x 4.8 us = 4.8 us
RMS_NORM_MUL RMS_NORM(5120,1,1,1): 5 x 4.032 us = 20.16 us
ROPE: 2 x 3.28 us = 6.56 us
SET_ROWS: 2 x 2.76 us = 5.52 us
SIGMOID_MUL SIGMOID: 1 x 1.48 us = 1.48 us
TOP_K K=10 (98304,1,1,1): 1 x 8.68 us = 8.68 us
Total time: 1403.37 us.
----------------
Vulkan Timings:
CONCAT: 1 x 1.6 us = 1.6 us
CONT: 1 x 3.6 us = 3.6 us
FLASH_ATTN_EXT dst(256,24,1,1),  q(256,1,24,1),  k(256,256,4,1),  v(256,256,4,1),  m(256,1,1,1): 1 x 13.84 us = 13.84 us (454.585 GFLOPS/s)
GET_ROWS: 3 x 4.946 us = 14.84 us
GLU: 1 x 1.8 us = 1.8 us
MUL_MAT f32 m=256 n=24 k=256: 1 x 1.68 us = 1.68 us (1868.8 GFLOPS/s)
MUL_MAT f32 m=64 n=16 k=64: 1 x 3.56 us = 3.56 us (36.5303 GFLOPS/s)
MUL_MAT f32 m=64 n=96 k=64: 1 x 3.56 us = 3.56 us (219.182 GFLOPS/s)
MUL_MAT_ADD MUL_MAT_VEC q6_K m=5120 n=1 k=17408: 1 x 123.84 us = 123.84 us (1439.38 GFLOPS/s)
MUL_MAT_ADD MUL_MAT_VEC q6_K m=5120 n=1 k=6144: 1 x 53.12 us = 53.12 us (1184.29 GFLOPS/s)
MUL_MAT_VEC f32 m=256 n=4 k=256: 1 x 2.96 us = 2.96 us (176.778 GFLOPS/s)
MUL_MAT_VEC q6_K m=1024 n=1 k=5120: 2 x 8.72 us = 17.44 us (1202.38 GFLOPS/s)
MUL_MAT_VEC q6_K m=12288 n=1 k=5120: 1 x 85.68 us = 85.68 us (1468.45 GFLOPS/s)
MUL_MAT_VEC q6_K m=17408 n=1 k=5120: 2 x 121.42 us = 242.84 us (1467.97 GFLOPS/s)
MUL_MAT_VEC q6_K m=98304 n=1 k=5120: 1 x 671.8 us = 671.8 us (1498.27 GFLOPS/s)
MUL_MAT_VEC q8_0 m=5120 n=1 k=10240: 1 x 102.36 us = 102.36 us (1024.35 GFLOPS/s)
PAD: 1 x 6.32 us = 6.32 us
RMS_NORM_MUL RMS_NORM(256,24,1,1): 1 x 5.24 us = 5.24 us
RMS_NORM_MUL RMS_NORM(256,4,1,1): 1 x 3.56 us = 3.56 us
RMS_NORM_MUL RMS_NORM(5120,1,1,1): 5 x 3.672 us = 18.36 us
ROPE: 2 x 3.54 us = 7.08 us
SET_ROWS: 2 x 2.84 us = 5.68 us
SIGMOID_MUL SIGMOID: 1 x 1.72 us = 1.72 us
TOP_K K=10 (98304,1,1,1): 1 x 8.76 us = 8.76 us
Total time: 1401.24 us.
----------------
Vulkan Timings:
CONCAT: 1 x 1.6 us = 1.6 us
CONT: 1 x 3.56 us = 3.56 us
FLASH_ATTN_EXT dst(256,24,1,1),  q(256,1,24,1),  k(256,256,4,1),  v(256,256,4,1),  m(256,1,1,1): 1 x 13.8 us = 13.8 us (455.903 GFLOPS/s)
GET_ROWS: 3 x 4.813 us = 14.44 us
GLU: 1 x 1.84 us = 1.84 us
MUL_MAT f32 m=256 n=24 k=256: 1 x 1.68 us = 1.68 us (1868.8 GFLOPS/s)
MUL_MAT f32 m=64 n=16 k=64: 1 x 3.56 us = 3.56 us (36.5303 GFLOPS/s)
MUL_MAT f32 m=64 n=96 k=64: 1 x 3.6 us = 3.6 us (216.747 GFLOPS/s)
MUL_MAT_ADD MUL_MAT_VEC q6_K m=5120 n=1 k=17408: 1 x 123.28 us = 123.28 us (1445.92 GFLOPS/s)
MUL_MAT_ADD MUL_MAT_VEC q6_K m=5120 n=1 k=6144: 1 x 53.12 us = 53.12 us (1184.29 GFLOPS/s)
MUL_MAT_VEC f32 m=256 n=4 k=256: 1 x 2.96 us = 2.96 us (176.778 GFLOPS/s)
MUL_MAT_VEC q6_K m=1024 n=1 k=5120: 2 x 8.78 us = 17.56 us (1194.16 GFLOPS/s)
MUL_MAT_VEC q6_K m=12288 n=1 k=5120: 1 x 86.08 us = 86.08 us (1461.63 GFLOPS/s)
MUL_MAT_VEC q6_K m=17408 n=1 k=5120: 2 x 120.88 us = 241.76 us (1474.52 GFLOPS/s)
MUL_MAT_VEC q6_K m=98304 n=1 k=5120: 1 x 672.04 us = 672.04 us (1497.73 GFLOPS/s)
MUL_MAT_VEC q8_0 m=5120 n=1 k=10240: 1 x 101.6 us = 101.6 us (1032.01 GFLOPS/s)
PAD: 1 x 7 us = 7 us
RMS_NORM_MUL RMS_NORM(256,24,1,1): 1 x 5.2 us = 5.2 us
RMS_NORM_MUL RMS_NORM(256,4,1,1): 1 x 3.52 us = 3.52 us
RMS_NORM_MUL RMS_NORM(5120,1,1,1): 5 x 3.696 us = 18.48 us
ROPE: 2 x 3.52 us = 7.04 us
SET_ROWS: 2 x 2.9 us = 5.8 us
SIGMOID_MUL SIGMOID: 1 x 1.64 us = 1.64 us
TOP_K K=10 (98304,1,1,1): 1 x 8.8 us = 8.8 us
Total time: 1399.96 us.
----------------
Vulkan Timings:
CONCAT: 1 x 1.88 us = 1.88 us
CONT: 1 x 3.56 us = 3.56 us
FLASH_ATTN_EXT dst(256,24,1,1),  q(256,1,24,1),  k(256,256,4,1),  v(256,256,4,1),  m(256,1,1,1): 1 x 13.72 us = 13.72 us (458.561 GFLOPS/s)
GET_ROWS: 3 x 4.773 us = 14.32 us
GLU: 1 x 1.88 us = 1.88 us
MUL_MAT f32 m=256 n=24 k=256: 1 x 1.6 us = 1.6 us (1962.24 GFLOPS/s)
MUL_MAT f32 m=64 n=16 k=64: 1 x 3.6 us = 3.6 us (36.1244 GFLOPS/s)
MUL_MAT f32 m=64 n=96 k=64: 1 x 3.56 us = 3.56 us (219.182 GFLOPS/s)
MUL_MAT_ADD MUL_MAT_VEC q6_K m=5120 n=1 k=17408: 1 x 123.36 us = 123.36 us (1444.98 GFLOPS/s)
MUL_MAT_ADD MUL_MAT_VEC q6_K m=5120 n=1 k=6144: 1 x 53.44 us = 53.44 us (1177.2 GFLOPS/s)
MUL_MAT_VEC f32 m=256 n=4 k=256: 1 x 2.96 us = 2.96 us (176.778 GFLOPS/s)
MUL_MAT_VEC q6_K m=1024 n=1 k=5120: 2 x 6.84 us = 13.68 us (1532.86 GFLOPS/s)
MUL_MAT_VEC q6_K m=12288 n=1 k=5120: 1 x 93.48 us = 93.48 us (1345.92 GFLOPS/s)
MUL_MAT_VEC q6_K m=17408 n=1 k=5120: 2 x 121.1 us = 242.2 us (1471.85 GFLOPS/s)
MUL_MAT_VEC q6_K m=98304 n=1 k=5120: 1 x 673.42 us = 673.42 us (1494.66 GFLOPS/s)
MUL_MAT_VEC q8_0 m=5120 n=1 k=10240: 1 x 102.12 us = 102.12 us (1026.76 GFLOPS/s)
PAD: 1 x 6.32 us = 6.32 us
RMS_NORM_MUL RMS_NORM(256,24,1,1): 1 x 3.6 us = 3.6 us
RMS_NORM_MUL RMS_NORM(256,4,1,1): 1 x 3.56 us = 3.56 us
RMS_NORM_MUL RMS_NORM(5120,1,1,1): 5 x 3.68 us = 18.4 us
ROPE: 2 x 3.56 us = 7.12 us
SET_ROWS: 2 x 2.86 us = 5.72 us
SIGMOID_MUL SIGMOID: 1 x 1.6 us = 1.6 us
TOP_K K=10 (98304,1,1,1): 1 x 8.68 us = 8.68 us
Total time: 1403.78 us.
----------------
Vulkan Timings:
ADD: 48 x 3.828 us = 183.76 us
CONT: 16 x 3.755 us = 60.08 us
FLASH_ATTN_EXT dst(256,24,5,1),  q(256,5,24,1),  k(256,256,4,1),  v(256,256,4,1),  m(256,5,1,1): 16 x 23.227 us = 371.64 us (1354.31 GFLOPS/s)
GDN_CACHE GATED_DELTA_NET: 48 x 14.654 us = 703.4 us
GDN_CONV_STATE CONCAT: 48 x 3.277 us = 157.32 us
GET_ROWS: 3 x 11.253 us = 33.76 us
GLU: 64 x 2.82 us = 180.48 us
MUL_MAT f32 m=256 n=120 k=256: 16 x 1.802 us = 28.84 us (8708.97 GFLOPS/s)
MUL_MAT f32 m=256 n=20 k=256: 16 x 3.437 us = 55 us (761.111 GFLOPS/s)
MUL_MAT f32 m=64 n=480 k=64: 16 x 3.612 us = 57.8 us (1079.98 GFLOPS/s)
MUL_MAT f32 m=64 n=80 k=64: 16 x 3.352 us = 53.64 us (193.957 GFLOPS/s)
MUL_MAT_ADD MUL_MAT_VEC q6_K m=5120 n=5 k=17408: 64 x 206.879 us = 13240.3 us (4308.13 GFLOPS/s)
MUL_MAT_ADD MUL_MAT_VEC q6_K m=5120 n=5 k=6144: 16 x 77.577 us = 1241.24 us (4054.62 GFLOPS/s)
MUL_MAT_VEC f32 m=48 n=5 k=5120: 96 x 4.376 us = 420.12 us (561.522 GFLOPS/s)
MUL_MAT_VEC q6_K m=1024 n=5 k=5120: 32 x 12.26 us = 392.32 us (4275.99 GFLOPS/s)
MUL_MAT_VEC q6_K m=10240 n=5 k=5120: 48 x 110.096 us = 5284.64 us (4761.6 GFLOPS/s)
MUL_MAT_VEC q6_K m=12288 n=5 k=5120: 16 x 140.865 us = 2253.84 us (4465.87 GFLOPS/s)
MUL_MAT_VEC q6_K m=17408 n=5 k=5120: 128 x 183.131 us = 23440.8 us (4866.47 GFLOPS/s)
MUL_MAT_VEC q6_K m=248320 n=5 k=5120: 1 x 2416.64 us = 2416.64 us (5260.5 GFLOPS/s)
MUL_MAT_VEC q6_K m=6144 n=5 k=5120: 48 x 71.332 us = 3423.96 us (4409.52 GFLOPS/s)
MUL_MAT_VEC q8_0 m=5120 n=5 k=6144: 48 x 63.095 us = 3028.6 us (4985.23 GFLOPS/s)
RMS_NORM_MUL RMS_NORM(256,24,5,1): 16 x 3.685 us = 58.96 us
RMS_NORM_MUL RMS_NORM(256,4,5,1): 16 x 3.887 us = 62.2 us
RMS_NORM_MUL RMS_NORM(5120,5,1,1): 129 x 4.233 us = 546.16 us
RMS_NORM_MUL_SILU_MUL RMS_NORM(128,48,5,1): 48 x 5.595 us = 268.6 us
RMS_NORM_SCALE RMS_NORM(128,16,5,1): 96 x 2.531 us = 243 us
ROPE: 32 x 3.796 us = 121.48 us
SET_ROWS: 32 x 2.86 us = 91.52 us
SIGMOID_MUL SIGMOID: 16 x 3.64 us = 58.24 us
SSM_CONV_SILU SSM_CONV: 48 x 4.692 us = 225.24 us
Total time: 58703.6 us.
----------------
Vulkan Timings:
CONCAT: 1 x 4.04 us = 4.04 us
CONT: 1 x 3.64 us = 3.64 us
FLASH_ATTN_EXT dst(256,24,5,1),  q(256,5,24,1),  k(256,256,4,1),  v(256,256,4,1),  m(256,5,1,1): 1 x 23.24 us = 23.24 us (1353.58 GFLOPS/s)
GET_ROWS: 1 x 6.52 us = 6.52 us
GLU: 1 x 1.76 us = 1.76 us
MUL_MAT f32 m=256 n=120 k=256: 1 x 1.72 us = 1.72 us (9126.7 GFLOPS/s)
MUL_MAT f32 m=256 n=20 k=256: 1 x 3.04 us = 3.04 us (860.632 GFLOPS/s)
MUL_MAT f32 m=64 n=480 k=64: 1 x 3.64 us = 3.64 us (1071.82 GFLOPS/s)
MUL_MAT f32 m=64 n=80 k=64: 1 x 3.64 us = 3.64 us (178.637 GFLOPS/s)
MUL_MAT_ADD MUL_MAT_VEC q6_K m=5120 n=5 k=17408: 1 x 233.55 us = 233.55 us (3816.16 GFLOPS/s)
MUL_MAT_ADD MUL_MAT_VEC q6_K m=5120 n=5 k=6144: 1 x 84.52 us = 84.52 us (3721.57 GFLOPS/s)
MUL_MAT_VEC q6_K m=1024 n=5 k=5120: 2 x 15.24 us = 30.48 us (3439.87 GFLOPS/s)
MUL_MAT_VEC q6_K m=12288 n=5 k=5120: 1 x 154.25 us = 154.25 us (4078.34 GFLOPS/s)
MUL_MAT_VEC q6_K m=17408 n=5 k=5120: 2 x 181.32 us = 362.64 us (4915.08 GFLOPS/s)
MUL_MAT_VEC q8_0 m=5120 n=5 k=10240: 1 x 105.08 us = 105.08 us (4989.17 GFLOPS/s)
RMS_NORM_MUL RMS_NORM(256,24,5,1): 1 x 5.68 us = 5.68 us
RMS_NORM_MUL RMS_NORM(256,4,5,1): 1 x 3.64 us = 3.64 us
RMS_NORM_MUL RMS_NORM(5120,5,1,1): 5 x 9.006 us = 45.03 us
ROPE: 2 x 3.64 us = 7.28 us
SET_ROWS: 2 x 2.96 us = 5.92 us
SIGMOID_MUL SIGMOID: 1 x 1.72 us = 1.72 us
Total time: 1091.03 us.
----------------
Vulkan Timings:
CONCAT: 1 x 1.68 us = 1.68 us
CONT: 1 x 3.56 us = 3.56 us
FLASH_ATTN_EXT dst(256,24,1,1),  q(256,1,24,1),  k(256,256,4,1),  v(256,256,4,1),  m(256,1,1,1): 1 x 13.52 us = 13.52 us (465.344 GFLOPS/s)
GET_ROWS: 3 x 5.04 us = 15.12 us
GLU: 1 x 1.6 us = 1.6 us
MUL_MAT f32 m=256 n=24 k=256: 1 x 1.56 us = 1.56 us (2012.55 GFLOPS/s)
MUL_MAT f32 m=64 n=16 k=64: 1 x 1.8 us = 1.8 us (72.2489 GFLOPS/s)
MUL_MAT f32 m=64 n=96 k=64: 1 x 3.28 us = 3.28 us (237.893 GFLOPS/s)
MUL_MAT_ADD MUL_MAT_VEC q6_K m=5120 n=1 k=17408: 1 x 129.64 us = 129.64 us (1374.98 GFLOPS/s)
MUL_MAT_ADD MUL_MAT_VEC q6_K m=5120 n=1 k=6144: 1 x 53.16 us = 53.16 us (1183.4 GFLOPS/s)
MUL_MAT_VEC f32 m=256 n=4 k=256: 1 x 3.12 us = 3.12 us (167.713 GFLOPS/s)
MUL_MAT_VEC q6_K m=1024 n=1 k=5120: 2 x 9.02 us = 18.04 us (1162.39 GFLOPS/s)
MUL_MAT_VEC q6_K m=12288 n=1 k=5120: 1 x 89.72 us = 89.72 us (1402.33 GFLOPS/s)
MUL_MAT_VEC q6_K m=17408 n=1 k=5120: 2 x 118.54 us = 237.08 us (1503.63 GFLOPS/s)
MUL_MAT_VEC q6_K m=98304 n=1 k=5120: 1 x 674.04 us = 674.04 us (1493.29 GFLOPS/s)
MUL_MAT_VEC q8_0 m=5120 n=1 k=10240: 1 x 94.36 us = 94.36 us (1111.2 GFLOPS/s)
PAD: 1 x 6.16 us = 6.16 us
RMS_NORM_MUL RMS_NORM(256,24,1,1): 1 x 6 us = 6 us
RMS_NORM_MUL RMS_NORM(256,4,1,1): 1 x 5.12 us = 5.12 us
RMS_NORM_MUL RMS_NORM(5120,1,1,1): 5 x 3.96 us = 19.8 us
ROPE: 2 x 3.46 us = 6.92 us
SET_ROWS: 2 x 2.88 us = 5.76 us
SIGMOID_MUL SIGMOID: 1 x 1.52 us = 1.52 us
TOP_K K=10 (98304,1,1,1): 1 x 8.96 us = 8.96 us
Total time: 1401.52 us.
----------------
Vulkan Timings:
CONCAT: 1 x 1.64 us = 1.64 us
CONT: 1 x 3.68 us = 3.68 us
FLASH_ATTN_EXT dst(256,24,1,1),  q(256,1,24,1),  k(256,256,4,1),  v(256,256,4,1),  m(256,1,1,1): 1 x 16.28 us = 16.28 us (386.453 GFLOPS/s)
GET_ROWS: 3 x 4.92 us = 14.76 us
GLU: 1 x 1.8 us = 1.8 us
MUL_MAT f32 m=256 n=24 k=256: 1 x 1.6 us = 1.6 us (1962.24 GFLOPS/s)
MUL_MAT f32 m=64 n=16 k=64: 1 x 3.72 us = 3.72 us (34.9591 GFLOPS/s)
MUL_MAT f32 m=64 n=96 k=64: 1 x 3.72 us = 3.72 us (209.755 GFLOPS/s)
MUL_MAT_ADD MUL_MAT_VEC q6_K m=5120 n=1 k=17408: 1 x 123.32 us = 123.32 us (1445.45 GFLOPS/s)
MUL_MAT_ADD MUL_MAT_VEC q6_K m=5120 n=1 k=6144: 1 x 53.4 us = 53.4 us (1178.08 GFLOPS/s)
MUL_MAT_VEC f32 m=256 n=4 k=256: 1 x 3.12 us = 3.12 us (167.713 GFLOPS/s)
MUL_MAT_VEC q6_K m=1024 n=1 k=5120: 2 x 8.88 us = 17.76 us (1180.71 GFLOPS/s)
MUL_MAT_VEC q6_K m=12288 n=1 k=5120: 1 x 85.44 us = 85.44 us (1472.58 GFLOPS/s)
MUL_MAT_VEC q6_K m=17408 n=1 k=5120: 2 x 121.02 us = 242.04 us (1472.82 GFLOPS/s)
MUL_MAT_VEC q6_K m=98304 n=1 k=5120: 1 x 672.89 us = 672.89 us (1495.84 GFLOPS/s)
MUL_MAT_VEC q8_0 m=5120 n=1 k=10240: 1 x 101.8 us = 101.8 us (1029.99 GFLOPS/s)
PAD: 1 x 6.52 us = 6.52 us
RMS_NORM_MUL RMS_NORM(256,24,1,1): 1 x 5.52 us = 5.52 us
RMS_NORM_MUL RMS_NORM(256,4,1,1): 1 x 3.72 us = 3.72 us
RMS_NORM_MUL RMS_NORM(5120,1,1,1): 5 x 3.648 us = 18.24 us
ROPE: 2 x 3.68 us = 7.36 us
SET_ROWS: 2 x 2.06 us = 4.12 us
SIGMOID_MUL SIGMOID: 1 x 1.68 us = 1.68 us
TOP_K K=10 (98304,1,1,1): 1 x 8.72 us = 8.72 us
Total time: 1402.85 us.
----------------
Vulkan Timings:
CONCAT: 1 x 1.68 us = 1.68 us
CONT: 1 x 3.72 us = 3.72 us
FLASH_ATTN_EXT dst(256,24,1,1),  q(256,1,24,1),  k(256,256,4,1),  v(256,256,4,1),  m(256,1,1,1): 1 x 13.68 us = 13.68 us (459.902 GFLOPS/s)
GET_ROWS: 3 x 4.92 us = 14.76 us
GLU: 1 x 1.8 us = 1.8 us
MUL_MAT f32 m=256 n=24 k=256: 1 x 1.56 us = 1.56 us (2012.55 GFLOPS/s)
MUL_MAT f32 m=64 n=16 k=64: 1 x 3.68 us = 3.68 us (35.3391 GFLOPS/s)
MUL_MAT f32 m=64 n=96 k=64: 1 x 3.72 us = 3.72 us (209.755 GFLOPS/s)
MUL_MAT_ADD MUL_MAT_VEC q6_K m=5120 n=1 k=17408: 1 x 123.52 us = 123.52 us (1443.11 GFLOPS/s)
MUL_MAT_ADD MUL_MAT_VEC q6_K m=5120 n=1 k=6144: 1 x 54.52 us = 54.52 us (1153.88 GFLOPS/s)
MUL_MAT_VEC f32 m=256 n=4 k=256: 1 x 3.12 us = 3.12 us (167.713 GFLOPS/s)
MUL_MAT_VEC q6_K m=1024 n=1 k=5120: 2 x 8.82 us = 17.64 us (1188.75 GFLOPS/s)
MUL_MAT_VEC q6_K m=12288 n=1 k=5120: 1 x 85.68 us = 85.68 us (1468.45 GFLOPS/s)
MUL_MAT_VEC q6_K m=17408 n=1 k=5120: 2 x 121.32 us = 242.64 us (1469.18 GFLOPS/s)
MUL_MAT_VEC q6_K m=98304 n=1 k=5120: 1 x 673.2 us = 673.2 us (1495.15 GFLOPS/s)
MUL_MAT_VEC q8_0 m=5120 n=1 k=10240: 1 x 101.16 us = 101.16 us (1036.5 GFLOPS/s)
PAD: 1 x 6.44 us = 6.44 us
RMS_NORM_MUL RMS_NORM(256,24,1,1): 1 x 5.52 us = 5.52 us
RMS_NORM_MUL RMS_NORM(256,4,1,1): 1 x 3.68 us = 3.68 us
RMS_NORM_MUL RMS_NORM(5120,1,1,1): 5 x 3.672 us = 18.36 us
ROPE: 2 x 3.66 us = 7.32 us
SET_ROWS: 2 x 2.98 us = 5.96 us
SIGMOID_MUL SIGMOID: 1 x 1.68 us = 1.68 us
TOP_K K=10 (98304,1,1,1): 1 x 8.88 us = 8.88 us
Total time: 1403.92 us.
----------------
Vulkan Timings:
CONCAT: 1 x 1.68 us = 1.68 us
CONT: 1 x 3.68 us = 3.68 us
FLASH_ATTN_EXT dst(256,24,1,1),  q(256,1,24,1),  k(256,256,4,1),  v(256,256,4,1),  m(256,1,1,1): 1 x 13.76 us = 13.76 us (457.228 GFLOPS/s)
GET_ROWS: 3 x 4.906 us = 14.72 us
GLU: 1 x 1.84 us = 1.84 us
MUL_MAT f32 m=256 n=24 k=256: 1 x 1.68 us = 1.68 us (1868.8 GFLOPS/s)
MUL_MAT f32 m=64 n=16 k=64: 1 x 3.72 us = 3.72 us (34.9591 GFLOPS/s)
MUL_MAT f32 m=64 n=96 k=64: 1 x 3.68 us = 3.68 us (212.035 GFLOPS/s)
MUL_MAT_ADD MUL_MAT_VEC q6_K m=5120 n=1 k=17408: 1 x 124.28 us = 124.28 us (1434.28 GFLOPS/s)
MUL_MAT_ADD MUL_MAT_VEC q6_K m=5120 n=1 k=6144: 1 x 54.04 us = 54.04 us (1164.13 GFLOPS/s)
MUL_MAT_VEC f32 m=256 n=4 k=256: 1 x 3.12 us = 3.12 us (167.713 GFLOPS/s)
MUL_MAT_VEC q6_K m=1024 n=1 k=5120: 2 x 8.72 us = 17.44 us (1202.38 GFLOPS/s)
MUL_MAT_VEC q6_K m=12288 n=1 k=5120: 1 x 85.56 us = 85.56 us (1470.51 GFLOPS/s)
MUL_MAT_VEC q6_K m=17408 n=1 k=5120: 2 x 121.12 us = 242.24 us (1471.6 GFLOPS/s)
MUL_MAT_VEC q6_K m=98304 n=1 k=5120: 1 x 672.02 us = 672.02 us (1497.77 GFLOPS/s)
MUL_MAT_VEC q8_0 m=5120 n=1 k=10240: 1 x 100.52 us = 100.52 us (1043.1 GFLOPS/s)
PAD: 1 x 6.4 us = 6.4 us
RMS_NORM_MUL RMS_NORM(256,24,1,1): 1 x 5.52 us = 5.52 us
RMS_NORM_MUL RMS_NORM(256,4,1,1): 1 x 3.72 us = 3.72 us
RMS_NORM_MUL RMS_NORM(5120,1,1,1): 5 x 3.704 us = 18.52 us
ROPE: 2 x 3.7 us = 7.4 us
SET_ROWS: 2 x 2.96 us = 5.92 us
SIGMOID_MUL SIGMOID: 1 x 1.64 us = 1.64 us
TOP_K K=10 (98304,1,1,1): 1 x 8.92 us = 8.92 us
Total time: 1402.02 us.
----------------
Vulkan Timings:
ADD: 48 x 3.967 us = 190.44 us
CONT: 16 x 3.89 us = 62.24 us
FLASH_ATTN_EXT dst(256,24,5,1),  q(256,5,24,1),  k(256,256,4,1),  v(256,256,4,1),  m(256,5,1,1): 16 x 23.267 us = 372.28 us (1351.98 GFLOPS/s)
GDN_CACHE GATED_DELTA_NET: 48 x 13.739 us = 659.48 us
GDN_CONV_STATE CONCAT: 48 x 3.13 us = 150.24 us
GET_ROWS: 3 x 11.44 us = 34.32 us
GLU: 64 x 2.846 us = 182.16 us
MUL_MAT f32 m=256 n=120 k=256: 16 x 1.807 us = 28.92 us (8684.88 GFLOPS/s)
MUL_MAT f32 m=256 n=20 k=256: 16 x 3.572 us = 57.16 us (732.35 GFLOPS/s)
MUL_MAT f32 m=64 n=480 k=64: 16 x 3.752 us = 60.04 us (1039.69 GFLOPS/s)
MUL_MAT f32 m=64 n=80 k=64: 16 x 3.47 us = 55.52 us (187.389 GFLOPS/s)
MUL_MAT_ADD MUL_MAT_VEC q6_K m=5120 n=5 k=17408: 64 x 206.336 us = 13205.6 us (4319.46 GFLOPS/s)
MUL_MAT_ADD MUL_MAT_VEC q6_K m=5120 n=5 k=6144: 16 x 78.162 us = 1250.6 us (4024.27 GFLOPS/s)
MUL_MAT_VEC f32 m=48 n=5 k=5120: 96 x 4.336 us = 416.32 us (566.647 GFLOPS/s)
MUL_MAT_VEC q6_K m=1024 n=5 k=5120: 32 x 12.228 us = 391.32 us (4286.92 GFLOPS/s)
MUL_MAT_VEC q6_K m=10240 n=5 k=5120: 48 x 109.978 us = 5278.96 us (4766.73 GFLOPS/s)
MUL_MAT_VEC q6_K m=12288 n=5 k=5120: 16 x 140.327 us = 2245.24 us (4482.97 GFLOPS/s)
MUL_MAT_VEC q6_K m=17408 n=5 k=5120: 128 x 182.981 us = 23421.6 us (4870.45 GFLOPS/s)
MUL_MAT_VEC q6_K m=248320 n=5 k=5120: 1 x 2419.36 us = 2419.36 us (5254.59 GFLOPS/s)
MUL_MAT_VEC q6_K m=6144 n=5 k=5120: 48 x 71.965 us = 3454.36 us (4370.71 GFLOPS/s)
MUL_MAT_VEC q8_0 m=5120 n=5 k=6144: 48 x 63.321 us = 3039.44 us (4967.45 GFLOPS/s)
RMS_NORM_MUL RMS_NORM(256,24,5,1): 16 x 3.837 us = 61.4 us
RMS_NORM_MUL RMS_NORM(256,4,5,1): 16 x 4.065 us = 65.04 us
RMS_NORM_MUL RMS_NORM(5120,5,1,1): 129 x 4.311 us = 556.12 us
RMS_NORM_MUL_SILU_MUL RMS_NORM(128,48,5,1): 48 x 5.88 us = 282.28 us
RMS_NORM_SCALE RMS_NORM(128,16,5,1): 96 x 2.632 us = 252.72 us
ROPE: 32 x 3.947 us = 126.32 us
SET_ROWS: 32 x 2.928 us = 93.72 us
SIGMOID_MUL SIGMOID: 16 x 3.79 us = 60.64 us
SSM_CONV_SILU SSM_CONV: 48 x 4.824 us = 231.56 us
Total time: 58705.4 us.
----------------
Vulkan Timings:
CONCAT: 1 x 3.84 us = 3.84 us
CONT: 1 x 3.84 us = 3.84 us
FLASH_ATTN_EXT dst(256,24,5,1),  q(256,5,24,1),  k(256,256,4,1),  v(256,256,4,1),  m(256,5,1,1): 1 x 23.36 us = 23.36 us (1346.63 GFLOPS/s)
GET_ROWS: 1 x 6.76 us = 6.76 us
GLU: 1 x 1.52 us = 1.52 us
MUL_MAT f32 m=256 n=120 k=256: 1 x 1.72 us = 1.72 us (9126.7 GFLOPS/s)
MUL_MAT f32 m=256 n=20 k=256: 1 x 3.24 us = 3.24 us (807.506 GFLOPS/s)
MUL_MAT f32 m=64 n=480 k=64: 1 x 3.84 us = 3.84 us (1016 GFLOPS/s)
MUL_MAT f32 m=64 n=80 k=64: 1 x 3.8 us = 3.8 us (171.116 GFLOPS/s)
MUL_MAT_ADD MUL_MAT_VEC q6_K m=5120 n=5 k=17408: 1 x 230.77 us = 230.77 us (3862.13 GFLOPS/s)
MUL_MAT_ADD MUL_MAT_VEC q6_K m=5120 n=5 k=6144: 1 x 86.24 us = 86.24 us (3647.35 GFLOPS/s)
MUL_MAT_VEC q6_K m=1024 n=5 k=5120: 2 x 15.92 us = 31.84 us (3292.94 GFLOPS/s)
MUL_MAT_VEC q6_K m=12288 n=5 k=5120: 1 x 154.95 us = 154.95 us (4059.92 GFLOPS/s)
MUL_MAT_VEC q6_K m=17408 n=5 k=5120: 2 x 180.64 us = 361.28 us (4933.58 GFLOPS/s)
MUL_MAT_VEC q8_0 m=5120 n=5 k=10240: 1 x 105.8 us = 105.8 us (4955.22 GFLOPS/s)
RMS_NORM_MUL RMS_NORM(256,24,5,1): 1 x 3.92 us = 3.92 us
RMS_NORM_MUL RMS_NORM(256,4,5,1): 1 x 3.8 us = 3.8 us
RMS_NORM_MUL RMS_NORM(5120,5,1,1): 5 x 9.064 us = 45.32 us
ROPE: 2 x 3.8 us = 7.6 us
SET_ROWS: 2 x 3 us = 6 us
SIGMOID_MUL SIGMOID: 1 x 1.72 us = 1.72 us
Total time: 1091.16 us.
----------------
Vulkan Timings:
CONCAT: 1 x 1.68 us = 1.68 us
CONT: 1 x 3.48 us = 3.48 us
FLASH_ATTN_EXT dst(256,24,1,1),  q(256,1,24,1),  k(256,256,4,1),  v(256,256,4,1),  m(256,1,1,1): 1 x 13.48 us = 13.48 us (466.725 GFLOPS/s)
GET_ROWS: 3 x 4.946 us = 14.84 us
GLU: 1 x 1.56 us = 1.56 us
MUL_MAT f32 m=256 n=24 k=256: 1 x 1.48 us = 1.48 us (2121.34 GFLOPS/s)
MUL_MAT f32 m=64 n=16 k=64: 1 x 1.8 us = 1.8 us (72.2489 GFLOPS/s)
MUL_MAT f32 m=64 n=96 k=64: 1 x 3.16 us = 3.16 us (246.927 GFLOPS/s)
MUL_MAT_ADD MUL_MAT_VEC q6_K m=5120 n=1 k=17408: 1 x 130.68 us = 130.68 us (1364.04 GFLOPS/s)
MUL_MAT_ADD MUL_MAT_VEC q6_K m=5120 n=1 k=6144: 1 x 53.48 us = 53.48 us (1176.32 GFLOPS/s)
MUL_MAT_VEC f32 m=256 n=4 k=256: 1 x 3 us = 3 us (174.421 GFLOPS/s)
MUL_MAT_VEC q6_K m=1024 n=1 k=5120: 2 x 6.76 us = 13.52 us (1551 GFLOPS/s)
MUL_MAT_VEC q6_K m=12288 n=1 k=5120: 1 x 97.64 us = 97.64 us (1288.58 GFLOPS/s)
MUL_MAT_VEC q6_K m=17408 n=1 k=5120: 2 x 118.2 us = 236.4 us (1507.96 GFLOPS/s)
MUL_MAT_VEC q6_K m=98304 n=1 k=5120: 1 x 671.6 us = 671.6 us (1498.71 GFLOPS/s)
MUL_MAT_VEC q8_0 m=5120 n=1 k=10240: 1 x 93.96 us = 93.96 us (1115.93 GFLOPS/s)
PAD: 1 x 7.04 us = 7.04 us
RMS_NORM_MUL RMS_NORM(256,24,1,1): 1 x 3.16 us = 3.16 us
RMS_NORM_MUL RMS_NORM(256,4,1,1): 1 x 4.76 us = 4.76 us
RMS_NORM_MUL RMS_NORM(5120,1,1,1): 5 x 4.04 us = 20.2 us
ROPE: 2 x 3.26 us = 6.52 us
SET_ROWS: 2 x 2.74 us = 5.48 us
SIGMOID_MUL SIGMOID: 1 x 1.6 us = 1.6 us
TOP_K K=10 (98304,1,1,1): 1 x 8.52 us = 8.52 us
Total time: 1399.04 us.
----------------
Vulkan Timings:
CONCAT: 1 x 1.72 us = 1.72 us
CONT: 1 x 3.6 us = 3.6 us
FLASH_ATTN_EXT dst(256,24,1,1),  q(256,1,24,1),  k(256,256,4,1),  v(256,256,4,1),  m(256,1,1,1): 1 x 13.72 us = 13.72 us (458.561 GFLOPS/s)
GET_ROWS: 3 x 4.853 us = 14.56 us
GLU: 1 x 1.76 us = 1.76 us
MUL_MAT f32 m=256 n=24 k=256: 1 x 1.64 us = 1.64 us (1914.38 GFLOPS/s)
MUL_MAT f32 m=64 n=16 k=64: 1 x 3.56 us = 3.56 us (36.5303 GFLOPS/s)
MUL_MAT f32 m=64 n=96 k=64: 1 x 3.56 us = 3.56 us (219.182 GFLOPS/s)
MUL_MAT_ADD MUL_MAT_VEC q6_K m=5120 n=1 k=17408: 1 x 122.6 us = 122.6 us (1453.94 GFLOPS/s)
MUL_MAT_ADD MUL_MAT_VEC q6_K m=5120 n=1 k=6144: 1 x 53.72 us = 53.72 us (1171.06 GFLOPS/s)
MUL_MAT_VEC f32 m=256 n=4 k=256: 1 x 3 us = 3 us (174.421 GFLOPS/s)
MUL_MAT_VEC q6_K m=1024 n=1 k=5120: 2 x 8.72 us = 17.44 us (1202.38 GFLOPS/s)
MUL_MAT_VEC q6_K m=12288 n=1 k=5120: 1 x 85.8 us = 85.8 us (1466.4 GFLOPS/s)
MUL_MAT_VEC q6_K m=17408 n=1 k=5120: 2 x 121.02 us = 242.04 us (1472.82 GFLOPS/s)
MUL_MAT_VEC q6_K m=98304 n=1 k=5120: 1 x 672.56 us = 672.56 us (1496.57 GFLOPS/s)
MUL_MAT_VEC q8_0 m=5120 n=1 k=10240: 1 x 101.52 us = 101.52 us (1032.83 GFLOPS/s)
PAD: 1 x 6.32 us = 6.32 us
RMS_NORM_MUL RMS_NORM(256,24,1,1): 1 x 5.28 us = 5.28 us
RMS_NORM_MUL RMS_NORM(256,4,1,1): 1 x 3.6 us = 3.6 us
RMS_NORM_MUL RMS_NORM(5120,1,1,1): 5 x 3.664 us = 18.32 us
ROPE: 2 x 3.52 us = 7.04 us
SET_ROWS: 2 x 2.88 us = 5.76 us
SIGMOID_MUL SIGMOID: 1 x 1.64 us = 1.64 us
TOP_K K=10 (98304,1,1,1): 1 x 8.88 us = 8.88 us
Total time: 1399.64 us.
----------------
Vulkan Timings:
CONCAT: 1 x 1.64 us = 1.64 us
CONT: 1 x 3.56 us = 3.56 us
FLASH_ATTN_EXT dst(256,24,1,1),  q(256,1,24,1),  k(256,256,4,1),  v(256,256,4,1),  m(256,1,1,1): 1 x 13.72 us = 13.72 us (458.561 GFLOPS/s)
GET_ROWS: 3 x 6.306 us = 18.92 us
GLU: 1 x 1.8 us = 1.8 us
MUL_MAT f32 m=256 n=24 k=256: 1 x 1.72 us = 1.72 us (1825.34 GFLOPS/s)
MUL_MAT f32 m=64 n=16 k=64: 1 x 3.56 us = 3.56 us (36.5303 GFLOPS/s)
MUL_MAT f32 m=64 n=96 k=64: 1 x 3.56 us = 3.56 us (219.182 GFLOPS/s)
MUL_MAT_ADD MUL_MAT_VEC q6_K m=5120 n=1 k=17408: 1 x 124.36 us = 124.36 us (1433.36 GFLOPS/s)
MUL_MAT_ADD MUL_MAT_VEC q6_K m=5120 n=1 k=6144: 1 x 54.48 us = 54.48 us (1154.73 GFLOPS/s)
MUL_MAT_VEC f32 m=256 n=4 k=256: 1 x 2.96 us = 2.96 us (176.778 GFLOPS/s)
MUL_MAT_VEC q6_K m=1024 n=1 k=5120: 2 x 8.84 us = 17.68 us (1186.06 GFLOPS/s)
MUL_MAT_VEC q6_K m=12288 n=1 k=5120: 1 x 86.16 us = 86.16 us (1460.27 GFLOPS/s)
MUL_MAT_VEC q6_K m=17408 n=1 k=5120: 2 x 121.32 us = 242.64 us (1469.18 GFLOPS/s)
MUL_MAT_VEC q6_K m=98304 n=1 k=5120: 1 x 673.25 us = 673.25 us (1495.04 GFLOPS/s)
MUL_MAT_VEC q8_0 m=5120 n=1 k=10240: 1 x 102.32 us = 102.32 us (1024.75 GFLOPS/s)
PAD: 1 x 5 us = 5 us
RMS_NORM_MUL RMS_NORM(256,24,1,1): 1 x 5.28 us = 5.28 us
RMS_NORM_MUL RMS_NORM(256,4,1,1): 1 x 3.6 us = 3.6 us
RMS_NORM_MUL RMS_NORM(5120,1,1,1): 5 x 3.664 us = 18.32 us
ROPE: 2 x 3.56 us = 7.12 us
SET_ROWS: 2 x 2.9 us = 5.8 us
SIGMOID_MUL SIGMOID: 1 x 1.64 us = 1.64 us
TOP_K K=10 (98304,1,1,1): 1 x 8.96 us = 8.96 us
Total time: 1408.05 us.
----------------
Vulkan Timings:
CONCAT: 1 x 1.64 us = 1.64 us
CONT: 1 x 3.56 us = 3.56 us
FLASH_ATTN_EXT dst(256,24,1,1),  q(256,1,24,1),  k(256,256,4,1),  v(256,256,4,1),  m(256,1,1,1): 1 x 13.76 us = 13.76 us (457.228 GFLOPS/s)
GET_ROWS: 3 x 4.813 us = 14.44 us
GLU: 1 x 1.8 us = 1.8 us
MUL_MAT f32 m=256 n=24 k=256: 1 x 1.6 us = 1.6 us (1962.24 GFLOPS/s)
MUL_MAT f32 m=64 n=16 k=64: 1 x 3.56 us = 3.56 us (36.5303 GFLOPS/s)
MUL_MAT f32 m=64 n=96 k=64: 1 x 3.56 us = 3.56 us (219.182 GFLOPS/s)
MUL_MAT_ADD MUL_MAT_VEC q6_K m=5120 n=1 k=17408: 1 x 123.48 us = 123.48 us (1443.58 GFLOPS/s)
MUL_MAT_ADD MUL_MAT_VEC q6_K m=5120 n=1 k=6144: 1 x 53.52 us = 53.52 us (1175.44 GFLOPS/s)
MUL_MAT_VEC f32 m=256 n=4 k=256: 1 x 2.96 us = 2.96 us (176.778 GFLOPS/s)
MUL_MAT_VEC q6_K m=1024 n=1 k=5120: 2 x 8.78 us = 17.56 us (1194.16 GFLOPS/s)
MUL_MAT_VEC q6_K m=12288 n=1 k=5120: 1 x 85.52 us = 85.52 us (1471.2 GFLOPS/s)
MUL_MAT_VEC q6_K m=17408 n=1 k=5120: 2 x 120.86 us = 241.72 us (1474.77 GFLOPS/s)
MUL_MAT_VEC q6_K m=98304 n=1 k=5120: 1 x 673 us = 673 us (1495.59 GFLOPS/s)
MUL_MAT_VEC q8_0 m=5120 n=1 k=10240: 1 x 101.36 us = 101.36 us (1034.46 GFLOPS/s)
PAD: 1 x 6.28 us = 6.28 us
RMS_NORM_MUL RMS_NORM(256,24,1,1): 1 x 5.24 us = 5.24 us
RMS_NORM_MUL RMS_NORM(256,4,1,1): 1 x 3.52 us = 3.52 us
RMS_NORM_MUL RMS_NORM(5120,1,1,1): 5 x 3.704 us = 18.52 us
ROPE: 2 x 3.5 us = 7 us
SET_ROWS: 2 x 2.88 us = 5.76 us
SIGMOID_MUL SIGMOID: 1 x 1.68 us = 1.68 us
TOP_K K=10 (98304,1,1,1): 1 x 8.56 us = 8.56 us
Total time: 1399.6 us.
----------------
Vulkan Timings:
ADD: 48 x 3.814 us = 183.08 us
CONT: 16 x 3.74 us = 59.84 us
FLASH_ATTN_EXT dst(256,24,5,1),  q(256,5,24,1),  k(256,256,4,1),  v(256,256,4,1),  m(256,5,1,1): 16 x 23.317 us = 373.08 us (1349.08 GFLOPS/s)
GDN_CACHE GATED_DELTA_NET: 48 x 14.535 us = 697.72 us
GDN_CONV_STATE CONCAT: 48 x 3.263 us = 156.64 us
GET_ROWS: 3 x 11.173 us = 33.52 us
GLU: 64 x 2.771 us = 177.4 us
MUL_MAT f32 m=256 n=120 k=256: 16 x 1.83 us = 29.28 us (8578.1 GFLOPS/s)
MUL_MAT f32 m=256 n=20 k=256: 16 x 3.28 us = 52.48 us (797.659 GFLOPS/s)
MUL_MAT f32 m=64 n=480 k=64: 16 x 3.602 us = 57.64 us (1082.98 GFLOPS/s)
MUL_MAT f32 m=64 n=80 k=64: 16 x 3.335 us = 53.36 us (194.975 GFLOPS/s)
MUL_MAT_ADD MUL_MAT_VEC q6_K m=5120 n=5 k=17408: 64 x 206.933 us = 13243.7 us (4307.01 GFLOPS/s)
MUL_MAT_ADD MUL_MAT_VEC q6_K m=5120 n=5 k=6144: 16 x 77.2 us = 1235.2 us (4074.45 GFLOPS/s)
MUL_MAT_VEC f32 m=48 n=5 k=5120: 96 x 4.362 us = 418.84 us (563.238 GFLOPS/s)
MUL_MAT_VEC q6_K m=1024 n=5 k=5120: 32 x 12.101 us = 387.24 us (4332.09 GFLOPS/s)
MUL_MAT_VEC q6_K m=10240 n=5 k=5120: 48 x 109.83 us = 5271.84 us (4773.17 GFLOPS/s)
MUL_MAT_VEC q6_K m=12288 n=5 k=5120: 16 x 140.645 us = 2250.32 us (4472.85 GFLOPS/s)
MUL_MAT_VEC q6_K m=17408 n=5 k=5120: 128 x 183.022 us = 23426.8 us (4869.37 GFLOPS/s)
MUL_MAT_VEC q6_K m=248320 n=5 k=5120: 1 x 2390.04 us = 2390.04 us (5319.05 GFLOPS/s)
MUL_MAT_VEC q6_K m=6144 n=5 k=5120: 48 x 71.185 us = 3416.92 us (4418.61 GFLOPS/s)
MUL_MAT_VEC q8_0 m=5120 n=5 k=6144: 48 x 63.19 us = 3033.12 us (4977.8 GFLOPS/s)
RMS_NORM_MUL RMS_NORM(256,24,5,1): 16 x 3.675 us = 58.8 us
RMS_NORM_MUL RMS_NORM(256,4,5,1): 16 x 3.87 us = 61.92 us
RMS_NORM_MUL RMS_NORM(5120,5,1,1): 129 x 4.252 us = 548.6 us
RMS_NORM_MUL_SILU_MUL RMS_NORM(128,48,5,1): 48 x 5.57 us = 267.36 us
RMS_NORM_SCALE RMS_NORM(128,16,5,1): 96 x 2.528 us = 242.76 us
ROPE: 32 x 3.786 us = 121.16 us
SET_ROWS: 32 x 2.866 us = 91.72 us
SIGMOID_MUL SIGMOID: 16 x 3.642 us = 58.28 us
SSM_CONV_SILU SSM_CONV: 48 x 4.685 us = 224.88 us
Total time: 58623.6 us.
----------------
Vulkan Timings:
CONCAT: 1 x 4.12 us = 4.12 us
CONT: 1 x 3.56 us = 3.56 us
FLASH_ATTN_EXT dst(256,24,5,1),  q(256,5,24,1),  k(256,256,4,1),  v(256,256,4,1),  m(256,5,1,1): 1 x 23.32 us = 23.32 us (1348.94 GFLOPS/s)
GET_ROWS: 1 x 6.76 us = 6.76 us
GLU: 1 x 1.48 us = 1.48 us
MUL_MAT f32 m=256 n=120 k=256: 1 x 1.68 us = 1.68 us (9344 GFLOPS/s)
MUL_MAT f32 m=256 n=20 k=256: 1 x 3 us = 3 us (872.107 GFLOPS/s)
MUL_MAT f32 m=64 n=480 k=64: 1 x 3.64 us = 3.64 us (1071.82 GFLOPS/s)
MUL_MAT f32 m=64 n=80 k=64: 1 x 3.6 us = 3.6 us (180.622 GFLOPS/s)
MUL_MAT_ADD MUL_MAT_VEC q6_K m=5120 n=5 k=17408: 1 x 226.54 us = 226.54 us (3934.25 GFLOPS/s)
MUL_MAT_ADD MUL_MAT_VEC q6_K m=5120 n=5 k=6144: 1 x 84.36 us = 84.36 us (3728.63 GFLOPS/s)
MUL_MAT_VEC q6_K m=1024 n=5 k=5120: 2 x 15.58 us = 31.16 us (3364.81 GFLOPS/s)
MUL_MAT_VEC q6_K m=12288 n=5 k=5120: 1 x 154 us = 154 us (4084.96 GFLOPS/s)
MUL_MAT_VEC q6_K m=17408 n=5 k=5120: 2 x 179.72 us = 359.44 us (4958.84 GFLOPS/s)
MUL_MAT_VEC q8_0 m=5120 n=5 k=10240: 1 x 104.56 us = 104.56 us (5013.99 GFLOPS/s)
RMS_NORM_MUL RMS_NORM(256,24,5,1): 1 x 3.76 us = 3.76 us
RMS_NORM_MUL RMS_NORM(256,4,5,1): 1 x 3.64 us = 3.64 us
RMS_NORM_MUL RMS_NORM(5120,5,1,1): 5 x 9.034 us = 45.17 us
ROPE: 2 x 3.6 us = 7.2 us
SET_ROWS: 2 x 2.88 us = 5.76 us
SIGMOID_MUL SIGMOID: 1 x 1.68 us = 1.68 us
Total time: 1078.43 us.
----------------
Vulkan Timings:
CONCAT: 1 x 1.68 us = 1.68 us
CONT: 1 x 3.6 us = 3.6 us
FLASH_ATTN_EXT dst(256,24,1,1),  q(256,1,24,1),  k(256,256,4,1),  v(256,256,4,1),  m(256,1,1,1): 1 x 13.44 us = 13.44 us (468.114 GFLOPS/s)
GET_ROWS: 3 x 5.026 us = 15.08 us
GLU: 1 x 1.56 us = 1.56 us
MUL_MAT f32 m=256 n=24 k=256: 1 x 1.48 us = 1.48 us (2121.34 GFLOPS/s)
MUL_MAT f32 m=64 n=16 k=64: 1 x 1.8 us = 1.8 us (72.2489 GFLOPS/s)
MUL_MAT f32 m=64 n=96 k=64: 1 x 3.32 us = 3.32 us (235.027 GFLOPS/s)
MUL_MAT_ADD MUL_MAT_VEC q6_K m=5120 n=1 k=17408: 1 x 129.76 us = 129.76 us (1373.71 GFLOPS/s)
MUL_MAT_ADD MUL_MAT_VEC q6_K m=5120 n=1 k=6144: 1 x 53.8 us = 53.8 us (1169.32 GFLOPS/s)
MUL_MAT_VEC f32 m=256 n=4 k=256: 1 x 3.12 us = 3.12 us (167.713 GFLOPS/s)
MUL_MAT_VEC q6_K m=1024 n=1 k=5120: 2 x 8.86 us = 17.72 us (1183.38 GFLOPS/s)
MUL_MAT_VEC q6_K m=12288 n=1 k=5120: 1 x 90.24 us = 90.24 us (1394.25 GFLOPS/s)
MUL_MAT_VEC q6_K m=17408 n=1 k=5120: 2 x 118.06 us = 236.12 us (1509.75 GFLOPS/s)
MUL_MAT_VEC q6_K m=98304 n=1 k=5120: 1 x 673.52 us = 673.52 us (1494.44 GFLOPS/s)
MUL_MAT_VEC q8_0 m=5120 n=1 k=10240: 1 x 94.04 us = 94.04 us (1114.98 GFLOPS/s)
PAD: 1 x 6.52 us = 6.52 us
RMS_NORM_MUL RMS_NORM(256,24,1,1): 1 x 5.92 us = 5.92 us
RMS_NORM_MUL RMS_NORM(256,4,1,1): 1 x 5.08 us = 5.08 us
RMS_NORM_MUL RMS_NORM(5120,1,1,1): 5 x 4.016 us = 20.08 us
ROPE: 2 x 3.46 us = 6.92 us
SET_ROWS: 2 x 2.82 us = 5.64 us
SIGMOID_MUL SIGMOID: 1 x 1.56 us = 1.56 us
TOP_K K=10 (98304,1,1,1): 1 x 8.96 us = 8.96 us
Total time: 1400.96 us.
----------------
Vulkan Timings:
CONCAT: 1 x 1.68 us = 1.68 us
CONT: 1 x 3.72 us = 3.72 us
FLASH_ATTN_EXT dst(256,24,1,1),  q(256,1,24,1),  k(256,256,4,1),  v(256,256,4,1),  m(256,1,1,1): 1 x 13.76 us = 13.76 us (457.228 GFLOPS/s)
GET_ROWS: 3 x 4.893 us = 14.68 us
GLU: 1 x 1.8 us = 1.8 us
MUL_MAT f32 m=256 n=24 k=256: 1 x 1.64 us = 1.64 us (1914.38 GFLOPS/s)
MUL_MAT f32 m=64 n=16 k=64: 1 x 3.72 us = 3.72 us (34.9591 GFLOPS/s)
MUL_MAT f32 m=64 n=96 k=64: 1 x 3.72 us = 3.72 us (209.755 GFLOPS/s)
MUL_MAT_ADD MUL_MAT_VEC q6_K m=5120 n=1 k=17408: 1 x 123.48 us = 123.48 us (1443.58 GFLOPS/s)
MUL_MAT_ADD MUL_MAT_VEC q6_K m=5120 n=1 k=6144: 1 x 53.28 us = 53.28 us (1180.73 GFLOPS/s)
MUL_MAT_VEC f32 m=256 n=4 k=256: 1 x 3.12 us = 3.12 us (167.713 GFLOPS/s)
MUL_MAT_VEC q6_K m=1024 n=1 k=5120: 2 x 8.78 us = 17.56 us (1194.16 GFLOPS/s)
MUL_MAT_VEC q6_K m=12288 n=1 k=5120: 1 x 85.8 us = 85.8 us (1466.4 GFLOPS/s)
MUL_MAT_VEC q6_K m=17408 n=1 k=5120: 2 x 121 us = 242 us (1473.06 GFLOPS/s)
MUL_MAT_VEC q6_K m=98304 n=1 k=5120: 1 x 673.48 us = 673.48 us (1494.53 GFLOPS/s)
MUL_MAT_VEC q8_0 m=5120 n=1 k=10240: 1 x 101.12 us = 101.12 us (1036.91 GFLOPS/s)
PAD: 1 x 6.48 us = 6.48 us
RMS_NORM_MUL RMS_NORM(256,24,1,1): 1 x 5.56 us = 5.56 us
RMS_NORM_MUL RMS_NORM(256,4,1,1): 1 x 3.72 us = 3.72 us
RMS_NORM_MUL RMS_NORM(5120,1,1,1): 5 x 3.712 us = 18.56 us
ROPE: 2 x 3.66 us = 7.32 us
SET_ROWS: 2 x 2.96 us = 5.92 us
SIGMOID_MUL SIGMOID: 1 x 1.68 us = 1.68 us
TOP_K K=10 (98304,1,1,1): 1 x 9.24 us = 9.24 us
Total time: 1403.04 us.
----------------
Vulkan Timings:
CONCAT: 1 x 1.68 us = 1.68 us
CONT: 1 x 3.76 us = 3.76 us
FLASH_ATTN_EXT dst(256,24,1,1),  q(256,1,24,1),  k(256,256,4,1),  v(256,256,4,1),  m(256,1,1,1): 1 x 13.8 us = 13.8 us (455.903 GFLOPS/s)
GET_ROWS: 3 x 4.84 us = 14.52 us
GLU: 1 x 1.88 us = 1.88 us
MUL_MAT f32 m=256 n=24 k=256: 1 x 1.6 us = 1.6 us (1962.24 GFLOPS/s)
MUL_MAT f32 m=64 n=16 k=64: 1 x 3.76 us = 3.76 us (34.5872 GFLOPS/s)
MUL_MAT f32 m=64 n=96 k=64: 1 x 3.72 us = 3.72 us (209.755 GFLOPS/s)
MUL_MAT_ADD MUL_MAT_VEC q6_K m=5120 n=1 k=17408: 1 x 123.52 us = 123.52 us (1443.11 GFLOPS/s)
MUL_MAT_ADD MUL_MAT_VEC q6_K m=5120 n=1 k=6144: 1 x 53.4 us = 53.4 us (1178.08 GFLOPS/s)
MUL_MAT_VEC f32 m=256 n=4 k=256: 1 x 3.16 us = 3.16 us (165.59 GFLOPS/s)
MUL_MAT_VEC q6_K m=1024 n=1 k=5120: 2 x 8.82 us = 17.64 us (1188.75 GFLOPS/s)
MUL_MAT_VEC q6_K m=12288 n=1 k=5120: 1 x 85.84 us = 85.84 us (1465.71 GFLOPS/s)
MUL_MAT_VEC q6_K m=17408 n=1 k=5120: 2 x 121.72 us = 243.44 us (1464.35 GFLOPS/s)
MUL_MAT_VEC q6_K m=98304 n=1 k=5120: 1 x 670.72 us = 670.72 us (1500.68 GFLOPS/s)
MUL_MAT_VEC q8_0 m=5120 n=1 k=10240: 1 x 101.48 us = 101.48 us (1033.23 GFLOPS/s)
PAD: 1 x 6.48 us = 6.48 us
RMS_NORM_MUL RMS_NORM(256,24,1,1): 1 x 5.48 us = 5.48 us
RMS_NORM_MUL RMS_NORM(256,4,1,1): 1 x 3.72 us = 3.72 us
RMS_NORM_MUL RMS_NORM(5120,1,1,1): 5 x 3.664 us = 18.32 us
ROPE: 2 x 3.72 us = 7.44 us
SET_ROWS: 2 x 2.94 us = 5.88 us
SIGMOID_MUL SIGMOID: 1 x 1.64 us = 1.64 us
TOP_K K=10 (98304,1,1,1): 1 x 8.84 us = 8.84 us
Total time: 1401.72 us.
----------------
Vulkan Timings:
CONCAT: 1 x 1.64 us = 1.64 us
CONT: 1 x 3.68 us = 3.68 us
FLASH_ATTN_EXT dst(256,24,1,1),  q(256,1,24,1),  k(256,256,4,1),  v(256,256,4,1),  m(256,1,1,1): 1 x 13.72 us = 13.72 us (458.561 GFLOPS/s)
GET_ROWS: 3 x 4.933 us = 14.8 us
GLU: 1 x 1.84 us = 1.84 us
MUL_MAT f32 m=256 n=24 k=256: 1 x 1.6 us = 1.6 us (1962.24 GFLOPS/s)
MUL_MAT f32 m=64 n=16 k=64: 1 x 3.72 us = 3.72 us (34.9591 GFLOPS/s)
MUL_MAT f32 m=64 n=96 k=64: 1 x 3.72 us = 3.72 us (209.755 GFLOPS/s)
MUL_MAT_ADD MUL_MAT_VEC q6_K m=5120 n=1 k=17408: 1 x 123.84 us = 123.84 us (1439.38 GFLOPS/s)
MUL_MAT_ADD MUL_MAT_VEC q6_K m=5120 n=1 k=6144: 1 x 53.6 us = 53.6 us (1173.68 GFLOPS/s)
MUL_MAT_VEC f32 m=256 n=4 k=256: 1 x 3.12 us = 3.12 us (167.713 GFLOPS/s)
MUL_MAT_VEC q6_K m=1024 n=1 k=5120: 2 x 8.82 us = 17.64 us (1188.75 GFLOPS/s)
MUL_MAT_VEC q6_K m=12288 n=1 k=5120: 1 x 85.44 us = 85.44 us (1472.58 GFLOPS/s)
MUL_MAT_VEC q6_K m=17408 n=1 k=5120: 2 x 122.16 us = 244.32 us (1459.07 GFLOPS/s)
MUL_MAT_VEC q6_K m=98304 n=1 k=5120: 1 x 678.22 us = 678.22 us (1484.08 GFLOPS/s)
MUL_MAT_VEC q8_0 m=5120 n=1 k=10240: 1 x 101.92 us = 101.92 us (1028.77 GFLOPS/s)
PAD: 1 x 6.48 us = 6.48 us
RMS_NORM_MUL RMS_NORM(256,24,1,1): 1 x 5.56 us = 5.56 us
RMS_NORM_MUL RMS_NORM(256,4,1,1): 1 x 3.76 us = 3.76 us
RMS_NORM_MUL RMS_NORM(5120,1,1,1): 5 x 3.68 us = 18.4 us
ROPE: 2 x 3.72 us = 7.44 us
SET_ROWS: 2 x 2.92 us = 5.84 us
SIGMOID_MUL SIGMOID: 1 x 1.64 us = 1.64 us
TOP_K K=10 (98304,1,1,1): 1 x 8.72 us = 8.72 us
Total time: 1410.66 us.
----------------
Vulkan Timings:
ADD: 48 x 3.968 us = 190.48 us
CONT: 16 x 3.91 us = 62.56 us
FLASH_ATTN_EXT dst(256,24,5,1),  q(256,5,24,1),  k(256,256,4,1),  v(256,256,4,1),  m(256,5,1,1): 16 x 23.167 us = 370.68 us (1357.82 GFLOPS/s)
GDN_CACHE GATED_DELTA_NET: 48 x 13.826 us = 663.68 us
GDN_CONV_STATE CONCAT: 48 x 3.138 us = 150.64 us
GET_ROWS: 3 x 11.426 us = 34.28 us
GLU: 64 x 2.826 us = 180.88 us
MUL_MAT f32 m=256 n=120 k=256: 16 x 1.857 us = 29.72 us (8451.1 GFLOPS/s)
MUL_MAT f32 m=256 n=20 k=256: 16 x 3.28 us = 52.48 us (797.659 GFLOPS/s)
MUL_MAT f32 m=64 n=480 k=64: 16 x 3.757 us = 60.12 us (1038.31 GFLOPS/s)
MUL_MAT f32 m=64 n=80 k=64: 16 x 3.465 us = 55.44 us (187.659 GFLOPS/s)
MUL_MAT_ADD MUL_MAT_VEC q6_K m=5120 n=5 k=17408: 64 x 206.752 us = 13232.2 us (4310.78 GFLOPS/s)
MUL_MAT_ADD MUL_MAT_VEC q6_K m=5120 n=5 k=6144: 16 x 77.685 us = 1242.96 us (4049.01 GFLOPS/s)
MUL_MAT_VEC f32 m=48 n=5 k=5120: 96 x 4.358 us = 418.4 us (563.83 GFLOPS/s)
MUL_MAT_VEC q6_K m=1024 n=5 k=5120: 32 x 11.733 us = 375.48 us (4467.77 GFLOPS/s)
MUL_MAT_VEC q6_K m=10240 n=5 k=5120: 48 x 110.119 us = 5285.72 us (4760.63 GFLOPS/s)
MUL_MAT_VEC q6_K m=12288 n=5 k=5120: 16 x 141.682 us = 2266.92 us (4440.1 GFLOPS/s)
MUL_MAT_VEC q6_K m=17408 n=5 k=5120: 128 x 183.224 us = 23452.8 us (4863.99 GFLOPS/s)
MUL_MAT_VEC q6_K m=248320 n=5 k=5120: 1 x 2422 us = 2422 us (5248.86 GFLOPS/s)
MUL_MAT_VEC q6_K m=6144 n=5 k=5120: 48 x 72.083 us = 3460 us (4363.59 GFLOPS/s)
MUL_MAT_VEC q8_0 m=5120 n=5 k=6144: 48 x 63.403 us = 3043.36 us (4961.05 GFLOPS/s)
RMS_NORM_MUL RMS_NORM(256,24,5,1): 16 x 3.837 us = 61.4 us
RMS_NORM_MUL RMS_NORM(256,4,5,1): 16 x 4.07 us = 65.12 us
RMS_NORM_MUL RMS_NORM(5120,5,1,1): 129 x 4.348 us = 560.92 us
RMS_NORM_MUL_SILU_MUL RMS_NORM(128,48,5,1): 48 x 5.893 us = 282.88 us
RMS_NORM_SCALE RMS_NORM(128,16,5,1): 96 x 2.619 us = 251.48 us
ROPE: 32 x 3.941 us = 126.12 us
SET_ROWS: 32 x 3.071 us = 98.28 us
SIGMOID_MUL SIGMOID: 16 x 3.812 us = 61 us
SSM_CONV_SILU SSM_CONV: 48 x 4.85 us = 232.84 us
Total time: 58790.8 us.
----------------
Vulkan Timings:
CONCAT: 1 x 4.12 us = 4.12 us
CONT: 1 x 3.8 us = 3.8 us
FLASH_ATTN_EXT dst(256,24,5,1),  q(256,5,24,1),  k(256,256,4,1),  v(256,256,4,1),  m(256,5,1,1): 1 x 23.4 us = 23.4 us (1344.33 GFLOPS/s)
GET_ROWS: 1 x 6.8 us = 6.8 us
GLU: 1 x 1.48 us = 1.48 us
MUL_MAT f32 m=256 n=120 k=256: 1 x 1.76 us = 1.76 us (8919.27 GFLOPS/s)
MUL_MAT f32 m=256 n=20 k=256: 1 x 3.28 us = 3.28 us (797.659 GFLOPS/s)
MUL_MAT f32 m=64 n=480 k=64: 1 x 3.8 us = 3.8 us (1026.69 GFLOPS/s)
MUL_MAT f32 m=64 n=80 k=64: 1 x 3.8 us = 3.8 us (171.116 GFLOPS/s)
MUL_MAT_ADD MUL_MAT_VEC q6_K m=5120 n=5 k=17408: 1 x 234.74 us = 234.74 us (3796.81 GFLOPS/s)
MUL_MAT_ADD MUL_MAT_VEC q6_K m=5120 n=5 k=6144: 1 x 86.24 us = 86.24 us (3647.35 GFLOPS/s)
MUL_MAT_VEC q6_K m=1024 n=5 k=5120: 2 x 15.14 us = 30.28 us (3462.59 GFLOPS/s)
MUL_MAT_VEC q6_K m=12288 n=5 k=5120: 1 x 156.41 us = 156.41 us (4022.02 GFLOPS/s)
MUL_MAT_VEC q6_K m=17408 n=5 k=5120: 2 x 181.6 us = 363.2 us (4907.5 GFLOPS/s)
MUL_MAT_VEC q8_0 m=5120 n=5 k=10240: 1 x 105.4 us = 105.4 us (4974.03 GFLOPS/s)
RMS_NORM_MUL RMS_NORM(256,24,5,1): 1 x 6.48 us = 6.48 us
RMS_NORM_MUL RMS_NORM(256,4,5,1): 1 x 3.88 us = 3.88 us
RMS_NORM_MUL RMS_NORM(5120,5,1,1): 5 x 9.102 us = 45.51 us
ROPE: 2 x 3.86 us = 7.72 us
SET_ROWS: 2 x 3.04 us = 6.08 us
SIGMOID_MUL SIGMOID: 1 x 1.72 us = 1.72 us
Total time: 1099.9 us.
----------------
Vulkan Timings:
CONCAT: 1 x 1.64 us = 1.64 us
CONT: 1 x 3.48 us = 3.48 us
FLASH_ATTN_EXT dst(256,24,1,1),  q(256,1,24,1),  k(256,256,4,1),  v(256,256,4,1),  m(256,1,1,1): 1 x 13.56 us = 13.56 us (463.972 GFLOPS/s)
GET_ROWS: 3 x 4.866 us = 14.6 us
GLU: 1 x 1.6 us = 1.6 us
MUL_MAT f32 m=256 n=24 k=256: 1 x 1.56 us = 1.56 us (2012.55 GFLOPS/s)
MUL_MAT f32 m=64 n=16 k=64: 1 x 1.8 us = 1.8 us (72.2489 GFLOPS/s)
MUL_MAT f32 m=64 n=96 k=64: 1 x 3.16 us = 3.16 us (246.927 GFLOPS/s)
MUL_MAT_ADD MUL_MAT_VEC q6_K m=5120 n=1 k=17408: 1 x 129.56 us = 129.56 us (1375.83 GFLOPS/s)
MUL_MAT_ADD MUL_MAT_VEC q6_K m=5120 n=1 k=6144: 1 x 53.28 us = 53.28 us (1180.73 GFLOPS/s)
MUL_MAT_VEC f32 m=256 n=4 k=256: 1 x 2.96 us = 2.96 us (176.778 GFLOPS/s)
MUL_MAT_VEC q6_K m=1024 n=1 k=5120: 2 x 6.68 us = 13.36 us (1569.57 GFLOPS/s)
MUL_MAT_VEC q6_K m=12288 n=1 k=5120: 1 x 97.36 us = 97.36 us (1292.28 GFLOPS/s)
MUL_MAT_VEC q6_K m=17408 n=1 k=5120: 2 x 118.68 us = 237.36 us (1501.86 GFLOPS/s)
MUL_MAT_VEC q6_K m=98304 n=1 k=5120: 1 x 672.47 us = 672.47 us (1496.77 GFLOPS/s)
MUL_MAT_VEC q8_0 m=5120 n=1 k=10240: 1 x 93.6 us = 93.6 us (1120.22 GFLOPS/s)
PAD: 1 x 6.32 us = 6.32 us
RMS_NORM_MUL RMS_NORM(256,24,1,1): 1 x 3.16 us = 3.16 us
RMS_NORM_MUL RMS_NORM(256,4,1,1): 1 x 4.84 us = 4.84 us
RMS_NORM_MUL RMS_NORM(5120,1,1,1): 5 x 4.032 us = 20.16 us
ROPE: 2 x 3.3 us = 6.6 us
SET_ROWS: 2 x 2.76 us = 5.52 us
SIGMOID_MUL SIGMOID: 1 x 1.52 us = 1.52 us
TOP_K K=10 (98304,1,1,1): 1 x 8.76 us = 8.76 us
Total time: 1398.23 us.
----------------
Vulkan Timings:
CONCAT: 1 x 1.64 us = 1.64 us
CONT: 1 x 3.52 us = 3.52 us
FLASH_ATTN_EXT dst(256,24,1,1),  q(256,1,24,1),  k(256,256,4,1),  v(256,256,4,1),  m(256,1,1,1): 1 x 13.64 us = 13.64 us (461.25 GFLOPS/s)
GET_ROWS: 3 x 4.813 us = 14.44 us
GLU: 1 x 1.8 us = 1.8 us
MUL_MAT f32 m=256 n=24 k=256: 1 x 1.6 us = 1.6 us (1962.24 GFLOPS/s)
MUL_MAT f32 m=64 n=16 k=64: 1 x 3.56 us = 3.56 us (36.5303 GFLOPS/s)
MUL_MAT f32 m=64 n=96 k=64: 1 x 3.56 us = 3.56 us (219.182 GFLOPS/s)
MUL_MAT_ADD MUL_MAT_VEC q6_K m=5120 n=1 k=17408: 1 x 123.44 us = 123.44 us (1444.04 GFLOPS/s)
MUL_MAT_ADD MUL_MAT_VEC q6_K m=5120 n=1 k=6144: 1 x 53.2 us = 53.2 us (1182.51 GFLOPS/s)
MUL_MAT_VEC f32 m=256 n=4 k=256: 1 x 3 us = 3 us (174.421 GFLOPS/s)
MUL_MAT_VEC q6_K m=1024 n=1 k=5120: 2 x 8.82 us = 17.64 us (1188.75 GFLOPS/s)
MUL_MAT_VEC q6_K m=12288 n=1 k=5120: 1 x 85.6 us = 85.6 us (1469.82 GFLOPS/s)
MUL_MAT_VEC q6_K m=17408 n=1 k=5120: 2 x 121.82 us = 243.64 us (1463.15 GFLOPS/s)
MUL_MAT_VEC q6_K m=98304 n=1 k=5120: 1 x 671.9 us = 671.9 us (1498.04 GFLOPS/s)
MUL_MAT_VEC q8_0 m=5120 n=1 k=10240: 1 x 101.16 us = 101.16 us (1036.5 GFLOPS/s)
PAD: 1 x 6.36 us = 6.36 us
RMS_NORM_MUL RMS_NORM(256,24,1,1): 1 x 5.24 us = 5.24 us
RMS_NORM_MUL RMS_NORM(256,4,1,1): 1 x 3.56 us = 3.56 us
RMS_NORM_MUL RMS_NORM(5120,1,1,1): 5 x 3.688 us = 18.44 us
ROPE: 2 x 3.54 us = 7.08 us
SET_ROWS: 2 x 2.88 us = 5.76 us
SIGMOID_MUL SIGMOID: 1 x 1.64 us = 1.64 us
TOP_K K=10 (98304,1,1,1): 1 x 9.16 us = 9.16 us
Total time: 1400.58 us.
----------------
Vulkan Timings:
CONCAT: 1 x 1.56 us = 1.56 us
CONT: 1 x 3.56 us = 3.56 us
FLASH_ATTN_EXT dst(256,24,1,1),  q(256,1,24,1),  k(256,256,4,1),  v(256,256,4,1),  m(256,1,1,1): 1 x 13.76 us = 13.76 us (457.228 GFLOPS/s)
GET_ROWS: 3 x 4.826 us = 14.48 us
GLU: 1 x 1.72 us = 1.72 us
MUL_MAT f32 m=256 n=24 k=256: 1 x 1.64 us = 1.64 us (1914.38 GFLOPS/s)
MUL_MAT f32 m=64 n=16 k=64: 1 x 3.56 us = 3.56 us (36.5303 GFLOPS/s)
MUL_MAT f32 m=64 n=96 k=64: 1 x 3.6 us = 3.6 us (216.747 GFLOPS/s)
MUL_MAT_ADD MUL_MAT_VEC q6_K m=5120 n=1 k=17408: 1 x 123.12 us = 123.12 us (1447.8 GFLOPS/s)
MUL_MAT_ADD MUL_MAT_VEC q6_K m=5120 n=1 k=6144: 1 x 53.44 us = 53.44 us (1177.2 GFLOPS/s)
MUL_MAT_VEC f32 m=256 n=4 k=256: 1 x 2.96 us = 2.96 us (176.778 GFLOPS/s)
MUL_MAT_VEC q6_K m=1024 n=1 k=5120: 2 x 7.08 us = 14.16 us (1480.89 GFLOPS/s)
MUL_MAT_VEC q6_K m=12288 n=1 k=5120: 1 x 92.96 us = 92.96 us (1353.45 GFLOPS/s)
MUL_MAT_VEC q6_K m=17408 n=1 k=5120: 2 x 121.1 us = 242.2 us (1471.85 GFLOPS/s)
MUL_MAT_VEC q6_K m=98304 n=1 k=5120: 1 x 672.44 us = 672.44 us (1496.84 GFLOPS/s)
MUL_MAT_VEC q8_0 m=5120 n=1 k=10240: 1 x 101.6 us = 101.6 us (1032.01 GFLOPS/s)
PAD: 1 x 6.24 us = 6.24 us
RMS_NORM_MUL RMS_NORM(256,24,1,1): 1 x 3.6 us = 3.6 us
RMS_NORM_MUL RMS_NORM(256,4,1,1): 1 x 3.6 us = 3.6 us
RMS_NORM_MUL RMS_NORM(5120,1,1,1): 5 x 3.704 us = 18.52 us
ROPE: 2 x 3.52 us = 7.04 us
SET_ROWS: 2 x 2.86 us = 5.72 us
SIGMOID_MUL SIGMOID: 1 x 1.68 us = 1.68 us
TOP_K K=10 (98304,1,1,1): 1 x 8.84 us = 8.84 us
Total time: 1402 us.
----------------
Vulkan Timings:
CONCAT: 1 x 1.68 us = 1.68 us
CONT: 1 x 3.6 us = 3.6 us
FLASH_ATTN_EXT dst(256,24,1,1),  q(256,1,24,1),  k(256,256,4,1),  v(256,256,4,1),  m(256,1,1,1): 1 x 13.8 us = 13.8 us (455.903 GFLOPS/s)
GET_ROWS: 3 x 4.826 us = 14.48 us
GLU: 1 x 1.8 us = 1.8 us
MUL_MAT f32 m=256 n=24 k=256: 1 x 1.68 us = 1.68 us (1868.8 GFLOPS/s)
MUL_MAT f32 m=64 n=16 k=64: 1 x 3.56 us = 3.56 us (36.5303 GFLOPS/s)
MUL_MAT f32 m=64 n=96 k=64: 1 x 3.56 us = 3.56 us (219.182 GFLOPS/s)
MUL_MAT_ADD MUL_MAT_VEC q6_K m=5120 n=1 k=17408: 1 x 123.08 us = 123.08 us (1448.27 GFLOPS/s)
MUL_MAT_ADD MUL_MAT_VEC q6_K m=5120 n=1 k=6144: 1 x 53.76 us = 53.76 us (1170.19 GFLOPS/s)
MUL_MAT_VEC f32 m=256 n=4 k=256: 1 x 2.96 us = 2.96 us (176.778 GFLOPS/s)
MUL_MAT_VEC q6_K m=1024 n=1 k=5120: 2 x 8.88 us = 17.76 us (1180.71 GFLOPS/s)
MUL_MAT_VEC q6_K m=12288 n=1 k=5120: 1 x 85.56 us = 85.56 us (1470.51 GFLOPS/s)
MUL_MAT_VEC q6_K m=17408 n=1 k=5120: 2 x 121.84 us = 243.68 us (1462.91 GFLOPS/s)
MUL_MAT_VEC q6_K m=98304 n=1 k=5120: 1 x 671.59 us = 671.59 us (1498.73 GFLOPS/s)
MUL_MAT_VEC q8_0 m=5120 n=1 k=10240: 1 x 101.88 us = 101.88 us (1029.18 GFLOPS/s)
PAD: 1 x 6.96 us = 6.96 us
RMS_NORM_MUL RMS_NORM(256,24,1,1): 1 x 5.2 us = 5.2 us
RMS_NORM_MUL RMS_NORM(256,4,1,1): 1 x 3.6 us = 3.6 us
RMS_NORM_MUL RMS_NORM(5120,1,1,1): 5 x 3.696 us = 18.48 us
ROPE: 2 x 3.56 us = 7.12 us
SET_ROWS: 2 x 2.9 us = 5.8 us
SIGMOID_MUL SIGMOID: 1 x 1.64 us = 1.64 us
TOP_K K=10 (98304,1,1,1): 1 x 9 us = 9 us
Total time: 1402.23 us.
----------------
Vulkan Timings:
ADD: 48 x 3.815 us = 183.16 us
CONT: 16 x 3.74 us = 59.84 us
FLASH_ATTN_EXT dst(256,24,5,1),  q(256,5,24,1),  k(256,256,4,1),  v(256,256,4,1),  m(256,5,1,1): 16 x 23.042 us = 368.68 us (1365.19 GFLOPS/s)
GDN_CACHE GATED_DELTA_NET: 48 x 14.448 us = 693.52 us
GDN_CONV_STATE CONCAT: 48 x 3.261 us = 156.56 us
GET_ROWS: 3 x 11.36 us = 34.08 us
GLU: 64 x 2.774 us = 177.56 us
MUL_MAT f32 m=256 n=120 k=256: 16 x 1.807 us = 28.92 us (8684.88 GFLOPS/s)
MUL_MAT f32 m=256 n=20 k=256: 16 x 3.43 us = 54.88 us (762.776 GFLOPS/s)
MUL_MAT f32 m=64 n=480 k=64: 16 x 3.607 us = 57.72 us (1081.48 GFLOPS/s)
MUL_MAT f32 m=64 n=80 k=64: 16 x 3.35 us = 53.6 us (194.101 GFLOPS/s)
MUL_MAT_ADD MUL_MAT_VEC q6_K m=5120 n=5 k=17408: 64 x 206.791 us = 13234.6 us (4309.97 GFLOPS/s)
MUL_MAT_ADD MUL_MAT_VEC q6_K m=5120 n=5 k=6144: 16 x 77.42 us = 1238.72 us (4062.87 GFLOPS/s)
MUL_MAT_VEC f32 m=48 n=5 k=5120: 96 x 4.332 us = 415.92 us (567.192 GFLOPS/s)
MUL_MAT_VEC q6_K m=1024 n=5 k=5120: 32 x 12.102 us = 387.28 us (4331.64 GFLOPS/s)
MUL_MAT_VEC q6_K m=10240 n=5 k=5120: 48 x 109.96 us = 5278.12 us (4767.49 GFLOPS/s)
MUL_MAT_VEC q6_K m=12288 n=5 k=5120: 16 x 140.205 us = 2243.28 us (4486.89 GFLOPS/s)
MUL_MAT_VEC q6_K m=17408 n=5 k=5120: 128 x 182.822 us = 23401.3 us (4874.68 GFLOPS/s)
MUL_MAT_VEC q6_K m=248320 n=5 k=5120: 1 x 2411.84 us = 2411.84 us (5270.97 GFLOPS/s)
MUL_MAT_VEC q6_K m=6144 n=5 k=5120: 48 x 71.075 us = 3411.6 us (4425.5 GFLOPS/s)
MUL_MAT_VEC q8_0 m=5120 n=5 k=6144: 48 x 63.23 us = 3035.08 us (4974.59 GFLOPS/s)
RMS_NORM_MUL RMS_NORM(256,24,5,1): 16 x 3.675 us = 58.8 us
RMS_NORM_MUL RMS_NORM(256,4,5,1): 16 x 3.87 us = 61.92 us
RMS_NORM_MUL RMS_NORM(5120,5,1,1): 129 x 4.251 us = 548.48 us
RMS_NORM_MUL_SILU_MUL RMS_NORM(128,48,5,1): 48 x 5.57 us = 267.36 us
RMS_NORM_SCALE RMS_NORM(128,16,5,1): 96 x 2.542 us = 244.12 us
ROPE: 32 x 3.788 us = 121.24 us
SET_ROWS: 32 x 2.908 us = 93.08 us
SIGMOID_MUL SIGMOID: 16 x 3.637 us = 58.2 us
SSM_CONV_SILU SSM_CONV: 48 x 4.699 us = 225.56 us
Total time: 58605.1 us.
----------------
Vulkan Timings:
CONCAT: 1 x 4.08 us = 4.08 us
CONT: 1 x 3.64 us = 3.64 us
FLASH_ATTN_EXT dst(256,24,5,1),  q(256,5,24,1),  k(256,256,4,1),  v(256,256,4,1),  m(256,5,1,1): 1 x 23.16 us = 23.16 us (1358.26 GFLOPS/s)
GET_ROWS: 1 x 6.6 us = 6.6 us
GLU: 1 x 1.56 us = 1.56 us
MUL_MAT f32 m=256 n=120 k=256: 1 x 1.72 us = 1.72 us (9126.7 GFLOPS/s)
MUL_MAT f32 m=256 n=20 k=256: 1 x 3.04 us = 3.04 us (860.632 GFLOPS/s)
MUL_MAT f32 m=64 n=480 k=64: 1 x 3.64 us = 3.64 us (1071.82 GFLOPS/s)
MUL_MAT f32 m=64 n=80 k=64: 1 x 3.68 us = 3.68 us (176.696 GFLOPS/s)
MUL_MAT_ADD MUL_MAT_VEC q6_K m=5120 n=5 k=17408: 1 x 229.59 us = 229.59 us (3881.98 GFLOPS/s)
MUL_MAT_ADD MUL_MAT_VEC q6_K m=5120 n=5 k=6144: 1 x 87.04 us = 87.04 us (3613.82 GFLOPS/s)
MUL_MAT_VEC q6_K m=1024 n=5 k=5120: 2 x 16.44 us = 32.88 us (3188.79 GFLOPS/s)
MUL_MAT_VEC q6_K m=12288 n=5 k=5120: 1 x 154.84 us = 154.84 us (4062.8 GFLOPS/s)
MUL_MAT_VEC q6_K m=17408 n=5 k=5120: 2 x 180.66 us = 361.32 us (4933.04 GFLOPS/s)
MUL_MAT_VEC q8_0 m=5120 n=5 k=10240: 1 x 105.88 us = 105.88 us (4951.48 GFLOPS/s)
RMS_NORM_MUL RMS_NORM(256,24,5,1): 1 x 3.76 us = 3.76 us
RMS_NORM_MUL RMS_NORM(256,4,5,1): 1 x 3.64 us = 3.64 us
RMS_NORM_MUL RMS_NORM(5120,5,1,1): 5 x 23.432 us = 117.16 us
ROPE: 2 x 3.68 us = 7.36 us
SET_ROWS: 2 x 2.9 us = 5.8 us
SIGMOID_MUL SIGMOID: 1 x 1.68 us = 1.68 us
Total time: 1162.07 us.
----------------
Vulkan Timings:
CONCAT: 1 x 1.68 us = 1.68 us
CONT: 1 x 3.64 us = 3.64 us
FLASH_ATTN_EXT dst(256,24,1,1),  q(256,1,24,1),  k(256,256,4,1),  v(256,256,4,1),  m(256,1,1,1): 1 x 13.32 us = 13.32 us (472.332 GFLOPS/s)
GET_ROWS: 3 x 5.16 us = 15.48 us
GLU: 1 x 1.56 us = 1.56 us
MUL_MAT f32 m=256 n=24 k=256: 1 x 1.56 us = 1.56 us (2012.55 GFLOPS/s)
MUL_MAT f32 m=64 n=16 k=64: 1 x 1.76 us = 1.76 us (73.8909 GFLOPS/s)
MUL_MAT f32 m=64 n=96 k=64: 1 x 3.36 us = 3.36 us (232.229 GFLOPS/s)
MUL_MAT_ADD MUL_MAT_VEC q6_K m=5120 n=1 k=17408: 1 x 131.12 us = 131.12 us (1359.46 GFLOPS/s)
MUL_MAT_ADD MUL_MAT_VEC q6_K m=5120 n=1 k=6144: 1 x 54 us = 54 us (1164.99 GFLOPS/s)
MUL_MAT_VEC f32 m=256 n=4 k=256: 1 x 3.12 us = 3.12 us (167.713 GFLOPS/s)
MUL_MAT_VEC q6_K m=1024 n=1 k=5120: 2 x 8.78 us = 17.56 us (1194.16 GFLOPS/s)
MUL_MAT_VEC q6_K m=12288 n=1 k=5120: 1 x 89.72 us = 89.72 us (1402.33 GFLOPS/s)
MUL_MAT_VEC q6_K m=17408 n=1 k=5120: 2 x 118.88 us = 237.76 us (1499.33 GFLOPS/s)
MUL_MAT_VEC q6_K m=98304 n=1 k=5120: 1 x 672.83 us = 672.83 us (1495.97 GFLOPS/s)
MUL_MAT_VEC q8_0 m=5120 n=1 k=10240: 1 x 94.08 us = 94.08 us (1114.5 GFLOPS/s)
PAD: 1 x 6.48 us = 6.48 us
RMS_NORM_MUL RMS_NORM(256,24,1,1): 1 x 5.92 us = 5.92 us
RMS_NORM_MUL RMS_NORM(256,4,1,1): 1 x 5.12 us = 5.12 us
RMS_NORM_MUL RMS_NORM(5120,1,1,1): 5 x 4 us = 20 us
ROPE: 2 x 3.44 us = 6.88 us
SET_ROWS: 2 x 2.84 us = 5.68 us
SIGMOID_MUL SIGMOID: 1 x 1.56 us = 1.56 us
TOP_K K=10 (98304,1,1,1): 1 x 8.92 us = 8.92 us
Total time: 1403.11 us.
----------------
Vulkan Timings:
CONCAT: 1 x 1.68 us = 1.68 us
CONT: 1 x 3.72 us = 3.72 us
FLASH_ATTN_EXT dst(256,24,1,1),  q(256,1,24,1),  k(256,256,4,1),  v(256,256,4,1),  m(256,1,1,1): 1 x 13.92 us = 13.92 us (451.972 GFLOPS/s)
GET_ROWS: 3 x 4.946 us = 14.84 us
GLU: 1 x 1.8 us = 1.8 us
MUL_MAT f32 m=256 n=24 k=256: 1 x 1.68 us = 1.68 us (1868.8 GFLOPS/s)
MUL_MAT f32 m=64 n=16 k=64: 1 x 3.76 us = 3.76 us (34.5872 GFLOPS/s)
MUL_MAT f32 m=64 n=96 k=64: 1 x 3.72 us = 3.72 us (209.755 GFLOPS/s)
MUL_MAT_ADD MUL_MAT_VEC q6_K m=5120 n=1 k=17408: 1 x 123.16 us = 123.16 us (1447.33 GFLOPS/s)
MUL_MAT_ADD MUL_MAT_VEC q6_K m=5120 n=1 k=6144: 1 x 54 us = 54 us (1164.99 GFLOPS/s)
MUL_MAT_VEC f32 m=256 n=4 k=256: 1 x 3.12 us = 3.12 us (167.713 GFLOPS/s)
MUL_MAT_VEC q6_K m=1024 n=1 k=5120: 2 x 8.78 us = 17.56 us (1194.16 GFLOPS/s)
MUL_MAT_VEC q6_K m=12288 n=1 k=5120: 1 x 85.48 us = 85.48 us (1471.89 GFLOPS/s)
MUL_MAT_VEC q6_K m=17408 n=1 k=5120: 2 x 121.18 us = 242.36 us (1470.87 GFLOPS/s)
MUL_MAT_VEC q6_K m=98304 n=1 k=5120: 1 x 672.86 us = 672.86 us (1495.91 GFLOPS/s)
MUL_MAT_VEC q8_0 m=5120 n=1 k=10240: 1 x 101.36 us = 101.36 us (1034.46 GFLOPS/s)
PAD: 1 x 7.28 us = 7.28 us
RMS_NORM_MUL RMS_NORM(256,24,1,1): 1 x 5.56 us = 5.56 us
RMS_NORM_MUL RMS_NORM(256,4,1,1): 1 x 3.76 us = 3.76 us
RMS_NORM_MUL RMS_NORM(5120,1,1,1): 5 x 3.704 us = 18.52 us
ROPE: 2 x 3.74 us = 7.48 us
SET_ROWS: 2 x 2.98 us = 5.96 us
SIGMOID_MUL SIGMOID: 1 x 1.6 us = 1.6 us
TOP_K K=10 (98304,1,1,1): 1 x 9.08 us = 9.08 us
Total time: 1404.26 us.
----------------
Vulkan Timings:
CONCAT: 1 x 1.64 us = 1.64 us
CONT: 1 x 3.72 us = 3.72 us
FLASH_ATTN_EXT dst(256,24,1,1),  q(256,1,24,1),  k(256,256,4,1),  v(256,256,4,1),  m(256,1,1,1): 1 x 13.8 us = 13.8 us (455.903 GFLOPS/s)
GET_ROWS: 3 x 4.933 us = 14.8 us
GLU: 1 x 1.72 us = 1.72 us
MUL_MAT f32 m=256 n=24 k=256: 1 x 1.64 us = 1.64 us (1914.38 GFLOPS/s)
MUL_MAT f32 m=64 n=16 k=64: 1 x 3.76 us = 3.76 us (34.5872 GFLOPS/s)
MUL_MAT f32 m=64 n=96 k=64: 1 x 3.76 us = 3.76 us (207.523 GFLOPS/s)
MUL_MAT_ADD MUL_MAT_VEC q6_K m=5120 n=1 k=17408: 1 x 123.6 us = 123.6 us (1442.17 GFLOPS/s)
MUL_MAT_ADD MUL_MAT_VEC q6_K m=5120 n=1 k=6144: 1 x 53.64 us = 53.64 us (1172.81 GFLOPS/s)
MUL_MAT_VEC f32 m=256 n=4 k=256: 1 x 3.12 us = 3.12 us (167.713 GFLOPS/s)
MUL_MAT_VEC q6_K m=1024 n=1 k=5120: 2 x 8.76 us = 17.52 us (1196.89 GFLOPS/s)
MUL_MAT_VEC q6_K m=12288 n=1 k=5120: 1 x 86.04 us = 86.04 us (1462.31 GFLOPS/s)
MUL_MAT_VEC q6_K m=17408 n=1 k=5120: 2 x 121.06 us = 242.12 us (1472.33 GFLOPS/s)
MUL_MAT_VEC q6_K m=98304 n=1 k=5120: 1 x 674.5 us = 674.5 us (1492.27 GFLOPS/s)
MUL_MAT_VEC q8_0 m=5120 n=1 k=10240: 1 x 102.12 us = 102.12 us (1026.76 GFLOPS/s)
PAD: 1 x 6.48 us = 6.48 us
RMS_NORM_MUL RMS_NORM(256,24,1,1): 1 x 5.56 us = 5.56 us
RMS_NORM_MUL RMS_NORM(256,4,1,1): 1 x 3.68 us = 3.68 us
RMS_NORM_MUL RMS_NORM(5120,1,1,1): 5 x 3.728 us = 18.64 us
ROPE: 2 x 3.68 us = 7.36 us
SET_ROWS: 2 x 2.94 us = 5.88 us
SIGMOID_MUL SIGMOID: 1 x 1.68 us = 1.68 us
TOP_K K=10 (98304,1,1,1): 1 x 8.92 us = 8.92 us
Total time: 1405.7 us.
----------------
Vulkan Timings:
CONCAT: 1 x 1.72 us = 1.72 us
CONT: 1 x 3.72 us = 3.72 us
FLASH_ATTN_EXT dst(256,24,1,1),  q(256,1,24,1),  k(256,256,4,1),  v(256,256,4,1),  m(256,1,1,1): 1 x 13.72 us = 13.72 us (458.561 GFLOPS/s)
GET_ROWS: 3 x 4.933 us = 14.8 us
GLU: 1 x 1.8 us = 1.8 us
MUL_MAT f32 m=256 n=24 k=256: 1 x 1.6 us = 1.6 us (1962.24 GFLOPS/s)
MUL_MAT f32 m=64 n=16 k=64: 1 x 3.72 us = 3.72 us (34.9591 GFLOPS/s)
MUL_MAT f32 m=64 n=96 k=64: 1 x 3.72 us = 3.72 us (209.755 GFLOPS/s)
MUL_MAT_ADD MUL_MAT_VEC q6_K m=5120 n=1 k=17408: 1 x 125.16 us = 125.16 us (1424.2 GFLOPS/s)
MUL_MAT_ADD MUL_MAT_VEC q6_K m=5120 n=1 k=6144: 1 x 54.4 us = 54.4 us (1156.42 GFLOPS/s)
MUL_MAT_VEC f32 m=256 n=4 k=256: 1 x 3.12 us = 3.12 us (167.713 GFLOPS/s)
MUL_MAT_VEC q6_K m=1024 n=1 k=5120: 2 x 8.76 us = 17.52 us (1196.89 GFLOPS/s)
MUL_MAT_VEC q6_K m=12288 n=1 k=5120: 1 x 85.96 us = 85.96 us (1463.67 GFLOPS/s)
MUL_MAT_VEC q6_K m=17408 n=1 k=5120: 2 x 121.4 us = 242.8 us (1468.21 GFLOPS/s)
MUL_MAT_VEC q6_K m=98304 n=1 k=5120: 1 x 673.18 us = 673.18 us (1495.19 GFLOPS/s)
MUL_MAT_VEC q8_0 m=5120 n=1 k=10240: 1 x 101.52 us = 101.52 us (1032.83 GFLOPS/s)
PAD: 1 x 6.48 us = 6.48 us
RMS_NORM_MUL RMS_NORM(256,24,1,1): 1 x 5.52 us = 5.52 us
RMS_NORM_MUL RMS_NORM(256,4,1,1): 1 x 3.68 us = 3.68 us
RMS_NORM_MUL RMS_NORM(5120,1,1,1): 5 x 3.704 us = 18.52 us
ROPE: 2 x 3.66 us = 7.32 us
SET_ROWS: 2 x 2.98 us = 5.96 us
SIGMOID_MUL SIGMOID: 1 x 1.68 us = 1.68 us
TOP_K K=10 (98304,1,1,1): 1 x 8.92 us = 8.92 us
Total time: 1406.54 us.
----------------
Vulkan Timings:
ADD: 48 x 3.964 us = 190.28 us
CONT: 16 x 3.89 us = 62.24 us
FLASH_ATTN_EXT dst(256,24,5,1),  q(256,5,24,1),  k(256,256,4,1),  v(256,256,4,1),  m(256,5,1,1): 16 x 23.25 us = 372 us (1353 GFLOPS/s)
GDN_CACHE GATED_DELTA_NET: 48 x 13.725 us = 658.84 us
GDN_CONV_STATE CONCAT: 48 x 3.112 us = 149.4 us
GET_ROWS: 3 x 11.32 us = 33.96 us
GLU: 64 x 2.843 us = 182 us
MUL_MAT f32 m=256 n=120 k=256: 16 x 1.83 us = 29.28 us (8578.1 GFLOPS/s)
MUL_MAT f32 m=256 n=20 k=256: 16 x 3.422 us = 54.76 us (764.447 GFLOPS/s)
MUL_MAT f32 m=64 n=480 k=64: 16 x 3.742 us = 59.88 us (1042.47 GFLOPS/s)
MUL_MAT f32 m=64 n=80 k=64: 16 x 3.46 us = 55.36 us (187.931 GFLOPS/s)
MUL_MAT_ADD MUL_MAT_VEC q6_K m=5120 n=5 k=17408: 64 x 206.623 us = 13223.9 us (4313.48 GFLOPS/s)
MUL_MAT_ADD MUL_MAT_VEC q6_K m=5120 n=5 k=6144: 16 x 77.53 us = 1240.48 us (4057.1 GFLOPS/s)
MUL_MAT_VEC f32 m=48 n=5 k=5120: 96 x 4.397 us = 422.12 us (558.861 GFLOPS/s)
MUL_MAT_VEC q6_K m=1024 n=5 k=5120: 32 x 12.177 us = 389.68 us (4304.96 GFLOPS/s)
MUL_MAT_VEC q6_K m=10240 n=5 k=5120: 48 x 109.937 us = 5277 us (4768.5 GFLOPS/s)
MUL_MAT_VEC q6_K m=12288 n=5 k=5120: 16 x 140.4 us = 2246.4 us (4480.66 GFLOPS/s)
MUL_MAT_VEC q6_K m=17408 n=5 k=5120: 128 x 182.902 us = 23411.5 us (4872.56 GFLOPS/s)
MUL_MAT_VEC q6_K m=248320 n=5 k=5120: 1 x 2399.64 us = 2399.64 us (5297.77 GFLOPS/s)
MUL_MAT_VEC q6_K m=6144 n=5 k=5120: 48 x 72.005 us = 3456.24 us (4368.34 GFLOPS/s)
MUL_MAT_VEC q8_0 m=5120 n=5 k=6144: 48 x 63.301 us = 3038.48 us (4969.02 GFLOPS/s)
RMS_NORM_MUL RMS_NORM(256,24,5,1): 16 x 3.827 us = 61.24 us
RMS_NORM_MUL RMS_NORM(256,4,5,1): 16 x 4.05 us = 64.8 us
RMS_NORM_MUL RMS_NORM(5120,5,1,1): 129 x 4.322 us = 557.56 us
RMS_NORM_MUL_SILU_MUL RMS_NORM(128,48,5,1): 48 x 5.87 us = 281.8 us
RMS_NORM_SCALE RMS_NORM(128,16,5,1): 96 x 2.585 us = 248.24 us
ROPE: 32 x 3.928 us = 125.72 us
SET_ROWS: 32 x 2.981 us = 95.4 us
SIGMOID_MUL SIGMOID: 16 x 3.792 us = 60.68 us
SSM_CONV_SILU SSM_CONV: 48 x 4.826 us = 231.68 us
Total time: 58680.6 us.
----------------
Vulkan Timings:
CONCAT: 1 x 3.84 us = 3.84 us
CONT: 1 x 3.8 us = 3.8 us
FLASH_ATTN_EXT dst(256,24,5,1),  q(256,5,24,1),  k(256,256,4,1),  v(256,256,4,1),  m(256,5,1,1): 1 x 23.08 us = 23.08 us (1362.97 GFLOPS/s)
GET_ROWS: 1 x 6.76 us = 6.76 us
GLU: 1 x 1.52 us = 1.52 us
MUL_MAT f32 m=256 n=120 k=256: 1 x 1.68 us = 1.68 us (9344 GFLOPS/s)
MUL_MAT f32 m=256 n=20 k=256: 1 x 3.2 us = 3.2 us (817.6 GFLOPS/s)
MUL_MAT f32 m=64 n=480 k=64: 1 x 3.84 us = 3.84 us (1016 GFLOPS/s)
MUL_MAT f32 m=64 n=80 k=64: 1 x 3.72 us = 3.72 us (174.796 GFLOPS/s)
MUL_MAT_ADD MUL_MAT_VEC q6_K m=5120 n=5 k=17408: 1 x 228.19 us = 228.19 us (3905.8 GFLOPS/s)
MUL_MAT_ADD MUL_MAT_VEC q6_K m=5120 n=5 k=6144: 1 x 84.88 us = 84.88 us (3705.79 GFLOPS/s)
MUL_MAT_VEC q6_K m=1024 n=5 k=5120: 2 x 15.92 us = 31.84 us (3292.94 GFLOPS/s)
MUL_MAT_VEC q6_K m=12288 n=5 k=5120: 1 x 152.58 us = 152.58 us (4122.98 GFLOPS/s)
MUL_MAT_VEC q6_K m=17408 n=5 k=5120: 2 x 180 us = 360 us (4951.13 GFLOPS/s)
MUL_MAT_VEC q8_0 m=5120 n=5 k=10240: 1 x 105.4 us = 105.4 us (4974.03 GFLOPS/s)
RMS_NORM_MUL RMS_NORM(256,24,5,1): 1 x 3.88 us = 3.88 us
RMS_NORM_MUL RMS_NORM(256,4,5,1): 1 x 3.76 us = 3.76 us
RMS_NORM_MUL RMS_NORM(5120,5,1,1): 5 x 9.048 us = 45.24 us
ROPE: 2 x 3.74 us = 7.48 us
SET_ROWS: 2 x 2.96 us = 5.92 us
SIGMOID_MUL SIGMOID: 1 x 1.72 us = 1.72 us
Total time: 1082.33 us.
----------------
Vulkan Timings:
CONCAT: 1 x 1.6 us = 1.6 us
CONT: 1 x 3.48 us = 3.48 us
FLASH_ATTN_EXT dst(256,24,1,1),  q(256,1,24,1),  k(256,256,4,1),  v(256,256,4,1),  m(256,1,1,1): 1 x 13.52 us = 13.52 us (465.344 GFLOPS/s)
GET_ROWS: 3 x 4.946 us = 14.84 us
GLU: 1 x 1.68 us = 1.68 us
MUL_MAT f32 m=256 n=24 k=256: 1 x 1.52 us = 1.52 us (2065.52 GFLOPS/s)
MUL_MAT f32 m=64 n=16 k=64: 1 x 1.84 us = 1.84 us (70.6783 GFLOPS/s)
MUL_MAT f32 m=64 n=96 k=64: 1 x 3.16 us = 3.16 us (246.927 GFLOPS/s)
MUL_MAT_ADD MUL_MAT_VEC q6_K m=5120 n=1 k=17408: 1 x 129.64 us = 129.64 us (1374.98 GFLOPS/s)
MUL_MAT_ADD MUL_MAT_VEC q6_K m=5120 n=1 k=6144: 1 x 54.6 us = 54.6 us (1152.19 GFLOPS/s)
MUL_MAT_VEC f32 m=256 n=4 k=256: 1 x 3 us = 3 us (174.421 GFLOPS/s)
MUL_MAT_VEC q6_K m=1024 n=1 k=5120: 2 x 6.8 us = 13.6 us (1541.87 GFLOPS/s)
MUL_MAT_VEC q6_K m=12288 n=1 k=5120: 1 x 97.52 us = 97.52 us (1290.16 GFLOPS/s)
MUL_MAT_VEC q6_K m=17408 n=1 k=5120: 2 x 118.64 us = 237.28 us (1502.36 GFLOPS/s)
MUL_MAT_VEC q6_K m=98304 n=1 k=5120: 1 x 673.31 us = 673.31 us (1494.91 GFLOPS/s)
MUL_MAT_VEC q8_0 m=5120 n=1 k=10240: 1 x 93.56 us = 93.56 us (1120.7 GFLOPS/s)
PAD: 1 x 6.36 us = 6.36 us
RMS_NORM_MUL RMS_NORM(256,24,1,1): 1 x 3.2 us = 3.2 us
RMS_NORM_MUL RMS_NORM(256,4,1,1): 1 x 4.84 us = 4.84 us
RMS_NORM_MUL RMS_NORM(5120,1,1,1): 5 x 4.112 us = 20.56 us
ROPE: 2 x 3.28 us = 6.56 us
SET_ROWS: 2 x 2.76 us = 5.52 us
SIGMOID_MUL SIGMOID: 1 x 1.6 us = 1.6 us
TOP_K K=10 (98304,1,1,1): 1 x 8.84 us = 8.84 us
Total time: 1401.63 us.
----------------
Vulkan Timings:
CONCAT: 1 x 1.64 us = 1.64 us
CONT: 1 x 3.6 us = 3.6 us
FLASH_ATTN_EXT dst(256,24,1,1),  q(256,1,24,1),  k(256,256,4,1),  v(256,256,4,1),  m(256,1,1,1): 1 x 13.8 us = 13.8 us (455.903 GFLOPS/s)
GET_ROWS: 3 x 5.506 us = 16.52 us
GLU: 1 x 1.72 us = 1.72 us
MUL_MAT f32 m=256 n=24 k=256: 1 x 1.6 us = 1.6 us (1962.24 GFLOPS/s)
MUL_MAT f32 m=64 n=16 k=64: 1 x 3.6 us = 3.6 us (36.1244 GFLOPS/s)
MUL_MAT f32 m=64 n=96 k=64: 1 x 3.6 us = 3.6 us (216.747 GFLOPS/s)
MUL_MAT_ADD MUL_MAT_VEC q6_K m=5120 n=1 k=17408: 1 x 123.92 us = 123.92 us (1438.45 GFLOPS/s)
MUL_MAT_ADD MUL_MAT_VEC q6_K m=5120 n=1 k=6144: 1 x 54.24 us = 54.24 us (1159.83 GFLOPS/s)
MUL_MAT_VEC f32 m=256 n=4 k=256: 1 x 3 us = 3 us (174.421 GFLOPS/s)
MUL_MAT_VEC q6_K m=1024 n=1 k=5120: 2 x 8.72 us = 17.44 us (1202.38 GFLOPS/s)
MUL_MAT_VEC q6_K m=12288 n=1 k=5120: 1 x 85.04 us = 85.04 us (1479.5 GFLOPS/s)
MUL_MAT_VEC q6_K m=17408 n=1 k=5120: 2 x 121.44 us = 242.88 us (1467.72 GFLOPS/s)
MUL_MAT_VEC q6_K m=98304 n=1 k=5120: 1 x 671.42 us = 671.42 us (1499.11 GFLOPS/s)
MUL_MAT_VEC q8_0 m=5120 n=1 k=10240: 1 x 100.92 us = 100.92 us (1038.97 GFLOPS/s)
PAD: 1 x 6.4 us = 6.4 us
RMS_NORM_MUL RMS_NORM(256,24,1,1): 1 x 5.24 us = 5.24 us
RMS_NORM_MUL RMS_NORM(256,4,1,1): 1 x 3.52 us = 3.52 us
RMS_NORM_MUL RMS_NORM(5120,1,1,1): 5 x 3.76 us = 18.8 us
ROPE: 2 x 3.54 us = 7.08 us
SET_ROWS: 2 x 2.92 us = 5.84 us
SIGMOID_MUL SIGMOID: 1 x 1.68 us = 1.68 us
TOP_K K=10 (98304,1,1,1): 1 x 9.28 us = 9.28 us
Total time: 1402.78 us.
----------------
Vulkan Timings:
CONCAT: 1 x 1.68 us = 1.68 us
CONT: 1 x 3.56 us = 3.56 us
FLASH_ATTN_EXT dst(256,24,1,1),  q(256,1,24,1),  k(256,256,4,1),  v(256,256,4,1),  m(256,1,1,1): 1 x 13.96 us = 13.96 us (450.677 GFLOPS/s)
GET_ROWS: 3 x 4.88 us = 14.64 us
GLU: 1 x 1.76 us = 1.76 us
MUL_MAT f32 m=256 n=24 k=256: 1 x 1.64 us = 1.64 us (1914.38 GFLOPS/s)
MUL_MAT f32 m=64 n=16 k=64: 1 x 3.6 us = 3.6 us (36.1244 GFLOPS/s)
MUL_MAT f32 m=64 n=96 k=64: 1 x 3.56 us = 3.56 us (219.182 GFLOPS/s)
MUL_MAT_ADD MUL_MAT_VEC q6_K m=5120 n=1 k=17408: 1 x 123.12 us = 123.12 us (1447.8 GFLOPS/s)
MUL_MAT_ADD MUL_MAT_VEC q6_K m=5120 n=1 k=6144: 1 x 53.4 us = 53.4 us (1178.08 GFLOPS/s)
MUL_MAT_VEC f32 m=256 n=4 k=256: 1 x 3 us = 3 us (174.421 GFLOPS/s)
MUL_MAT_VEC q6_K m=1024 n=1 k=5120: 2 x 8.78 us = 17.56 us (1194.16 GFLOPS/s)
MUL_MAT_VEC q6_K m=12288 n=1 k=5120: 1 x 85.64 us = 85.64 us (1469.14 GFLOPS/s)
MUL_MAT_VEC q6_K m=17408 n=1 k=5120: 2 x 121.46 us = 242.92 us (1467.48 GFLOPS/s)
MUL_MAT_VEC q6_K m=98304 n=1 k=5120: 1 x 673.6 us = 673.6 us (1494.26 GFLOPS/s)
MUL_MAT_VEC q8_0 m=5120 n=1 k=10240: 1 x 101.32 us = 101.32 us (1034.86 GFLOPS/s)
PAD: 1 x 6.28 us = 6.28 us
RMS_NORM_MUL RMS_NORM(256,24,1,1): 1 x 5.24 us = 5.24 us
RMS_NORM_MUL RMS_NORM(256,4,1,1): 1 x 3.6 us = 3.6 us
RMS_NORM_MUL RMS_NORM(5120,1,1,1): 5 x 3.648 us = 18.24 us
ROPE: 2 x 3.54 us = 7.08 us
SET_ROWS: 2 x 2.86 us = 5.72 us
SIGMOID_MUL SIGMOID: 1 x 1.64 us = 1.64 us
TOP_K K=10 (98304,1,1,1): 1 x 8.72 us = 8.72 us
Total time: 1401.48 us.
----------------
Vulkan Timings:
CONCAT: 1 x 1.64 us = 1.64 us
CONT: 1 x 3.56 us = 3.56 us
FLASH_ATTN_EXT dst(256,24,1,1),  q(256,1,24,1),  k(256,256,4,1),  v(256,256,4,1),  m(256,1,1,1): 1 x 13.8 us = 13.8 us (455.903 GFLOPS/s)
GET_ROWS: 3 x 4.813 us = 14.44 us
GLU: 1 x 1.72 us = 1.72 us
MUL_MAT f32 m=256 n=24 k=256: 1 x 1.6 us = 1.6 us (1962.24 GFLOPS/s)
MUL_MAT f32 m=64 n=16 k=64: 1 x 3.56 us = 3.56 us (36.5303 GFLOPS/s)
MUL_MAT f32 m=64 n=96 k=64: 1 x 3.56 us = 3.56 us (219.182 GFLOPS/s)
MUL_MAT_ADD MUL_MAT_VEC q6_K m=5120 n=1 k=17408: 1 x 123.68 us = 123.68 us (1441.24 GFLOPS/s)
MUL_MAT_ADD MUL_MAT_VEC q6_K m=5120 n=1 k=6144: 1 x 53.76 us = 53.76 us (1170.19 GFLOPS/s)
MUL_MAT_VEC f32 m=256 n=4 k=256: 1 x 3 us = 3 us (174.421 GFLOPS/s)
MUL_MAT_VEC q6_K m=1024 n=1 k=5120: 2 x 6.84 us = 13.68 us (1532.86 GFLOPS/s)
MUL_MAT_VEC q6_K m=12288 n=1 k=5120: 1 x 93.48 us = 93.48 us (1345.92 GFLOPS/s)
MUL_MAT_VEC q6_K m=17408 n=1 k=5120: 2 x 121.44 us = 242.88 us (1467.72 GFLOPS/s)
MUL_MAT_VEC q6_K m=98304 n=1 k=5120: 1 x 673.1 us = 673.1 us (1495.37 GFLOPS/s)
MUL_MAT_VEC q8_0 m=5120 n=1 k=10240: 1 x 102.16 us = 102.16 us (1026.36 GFLOPS/s)
PAD: 1 x 6.4 us = 6.4 us
RMS_NORM_MUL RMS_NORM(256,24,1,1): 1 x 3.64 us = 3.64 us
RMS_NORM_MUL RMS_NORM(256,4,1,1): 1 x 3.6 us = 3.6 us
RMS_NORM_MUL RMS_NORM(5120,1,1,1): 5 x 3.688 us = 18.44 us
ROPE: 2 x 3.56 us = 7.12 us
SET_ROWS: 2 x 2.86 us = 5.72 us
SIGMOID_MUL SIGMOID: 1 x 1.64 us = 1.64 us
TOP_K K=10 (98304,1,1,1): 1 x 8.44 us = 8.44 us
Total time: 1404.62 us.
----------------
Vulkan Timings:
ADD: 48 x 3.806 us = 182.72 us
CONT: 16 x 3.735 us = 59.76 us
FLASH_ATTN_EXT dst(256,24,5,1),  q(256,5,24,1),  k(256,256,4,1),  v(256,256,4,1),  m(256,5,1,1): 16 x 23.03 us = 368.48 us (1365.93 GFLOPS/s)
GDN_CACHE GATED_DELTA_NET: 48 x 14.635 us = 702.52 us
GDN_CONV_STATE CONCAT: 48 x 3.242 us = 155.64 us
GET_ROWS: 3 x 12.013 us = 36.04 us
GLU: 64 x 2.799 us = 179.16 us
MUL_MAT f32 m=256 n=120 k=256: 16 x 1.805 us = 28.88 us (8696.91 GFLOPS/s)
MUL_MAT f32 m=256 n=20 k=256: 16 x 3.417 us = 54.68 us (765.565 GFLOPS/s)
MUL_MAT f32 m=64 n=480 k=64: 16 x 3.612 us = 57.8 us (1079.98 GFLOPS/s)
MUL_MAT f32 m=64 n=80 k=64: 16 x 3.335 us = 53.36 us (194.975 GFLOPS/s)
MUL_MAT_ADD MUL_MAT_VEC q6_K m=5120 n=5 k=17408: 64 x 206.236 us = 13199.1 us (4321.57 GFLOPS/s)
MUL_MAT_ADD MUL_MAT_VEC q6_K m=5120 n=5 k=6144: 16 x 77.57 us = 1241.12 us (4055.01 GFLOPS/s)
MUL_MAT_VEC f32 m=48 n=5 k=5120: 96 x 4.325 us = 415.28 us (568.066 GFLOPS/s)
MUL_MAT_VEC q6_K m=1024 n=5 k=5120: 32 x 12.133 us = 388.28 us (4320.48 GFLOPS/s)
MUL_MAT_VEC q6_K m=10240 n=5 k=5120: 48 x 109.797 us = 5270.28 us (4774.58 GFLOPS/s)
MUL_MAT_VEC q6_K m=12288 n=5 k=5120: 16 x 140.305 us = 2244.88 us (4483.69 GFLOPS/s)
MUL_MAT_VEC q6_K m=17408 n=5 k=5120: 128 x 182.981 us = 23421.7 us (4870.44 GFLOPS/s)
MUL_MAT_VEC q6_K m=248320 n=5 k=5120: 1 x 2383.32 us = 2383.32 us (5334.05 GFLOPS/s)
MUL_MAT_VEC q6_K m=6144 n=5 k=5120: 48 x 71.02 us = 3409 us (4428.87 GFLOPS/s)
MUL_MAT_VEC q8_0 m=5120 n=5 k=6144: 48 x 63.042 us = 3026.04 us (4989.45 GFLOPS/s)
RMS_NORM_MUL RMS_NORM(256,24,5,1): 16 x 3.685 us = 58.96 us
RMS_NORM_MUL RMS_NORM(256,4,5,1): 16 x 3.86 us = 61.76 us
RMS_NORM_MUL RMS_NORM(5120,5,1,1): 129 x 4.25 us = 548.36 us
RMS_NORM_MUL_SILU_MUL RMS_NORM(128,48,5,1): 48 x 5.566 us = 267.2 us
RMS_NORM_SCALE RMS_NORM(128,16,5,1): 96 x 2.548 us = 244.64 us
ROPE: 32 x 3.77 us = 120.64 us
SET_ROWS: 32 x 2.907 us = 93.04 us
SIGMOID_MUL SIGMOID: 16 x 3.635 us = 58.16 us
SSM_CONV_SILU SSM_CONV: 48 x 4.682 us = 224.76 us
Total time: 58555.6 us.
----------------
Vulkan Timings:
CONCAT: 1 x 4.04 us = 4.04 us
CONT: 1 x 3.6 us = 3.6 us
FLASH_ATTN_EXT dst(256,24,5,1),  q(256,5,24,1),  k(256,256,4,1),  v(256,256,4,1),  m(256,5,1,1): 1 x 23.24 us = 23.24 us (1353.58 GFLOPS/s)
GET_ROWS: 1 x 6.72 us = 6.72 us
GLU: 1 x 1.48 us = 1.48 us
MUL_MAT f32 m=256 n=120 k=256: 1 x 1.68 us = 1.68 us (9344 GFLOPS/s)
MUL_MAT f32 m=256 n=20 k=256: 1 x 3 us = 3 us (872.107 GFLOPS/s)
MUL_MAT f32 m=64 n=480 k=64: 1 x 3.64 us = 3.64 us (1071.82 GFLOPS/s)
MUL_MAT f32 m=64 n=80 k=64: 1 x 3.56 us = 3.56 us (182.652 GFLOPS/s)
MUL_MAT_ADD MUL_MAT_VEC q6_K m=5120 n=5 k=17408: 1 x 246.4 us = 246.4 us (3617.14 GFLOPS/s)
MUL_MAT_ADD MUL_MAT_VEC q6_K m=5120 n=5 k=6144: 1 x 84.16 us = 84.16 us (3737.49 GFLOPS/s)
MUL_MAT_VEC q6_K m=1024 n=5 k=5120: 2 x 15.72 us = 31.44 us (3334.84 GFLOPS/s)
MUL_MAT_VEC q6_K m=12288 n=5 k=5120: 1 x 168.95 us = 168.95 us (3723.49 GFLOPS/s)
MUL_MAT_VEC q6_K m=17408 n=5 k=5120: 2 x 179.66 us = 359.32 us (4960.5 GFLOPS/s)
MUL_MAT_VEC q8_0 m=5120 n=5 k=10240: 1 x 104.16 us = 104.16 us (5033.24 GFLOPS/s)
RMS_NORM_MUL RMS_NORM(256,24,5,1): 1 x 3.76 us = 3.76 us
RMS_NORM_MUL RMS_NORM(256,4,5,1): 1 x 3.6 us = 3.6 us
RMS_NORM_MUL RMS_NORM(5120,5,1,1): 5 x 12.634 us = 63.17 us
ROPE: 2 x 3.6 us = 7.2 us
SET_ROWS: 2 x 2.92 us = 5.84 us
SIGMOID_MUL SIGMOID: 1 x 1.64 us = 1.64 us
Total time: 1130.6 us.
----------------
Vulkan Timings:
CONCAT: 1 x 1.64 us = 1.64 us
CONT: 1 x 3.6 us = 3.6 us
FLASH_ATTN_EXT dst(256,24,1,1),  q(256,1,24,1),  k(256,256,4,1),  v(256,256,4,1),  m(256,1,1,1): 1 x 13.4 us = 13.4 us (469.512 GFLOPS/s)
GET_ROWS: 3 x 8.486 us = 25.46 us
GLU: 1 x 1.68 us = 1.68 us
MUL_MAT f32 m=256 n=24 k=256: 1 x 1.52 us = 1.52 us (2065.52 GFLOPS/s)
MUL_MAT f32 m=64 n=16 k=64: 1 x 1.8 us = 1.8 us (72.2489 GFLOPS/s)
MUL_MAT f32 m=64 n=96 k=64: 1 x 3.32 us = 3.32 us (235.027 GFLOPS/s)
MUL_MAT_ADD MUL_MAT_VEC q6_K m=5120 n=1 k=17408: 1 x 130.2 us = 130.2 us (1369.07 GFLOPS/s)
MUL_MAT_ADD MUL_MAT_VEC q6_K m=5120 n=1 k=6144: 1 x 54.12 us = 54.12 us (1162.41 GFLOPS/s)
MUL_MAT_VEC f32 m=256 n=4 k=256: 1 x 3.12 us = 3.12 us (167.713 GFLOPS/s)
MUL_MAT_VEC q6_K m=1024 n=1 k=5120: 2 x 6.8 us = 13.6 us (1541.87 GFLOPS/s)
MUL_MAT_VEC q6_K m=12288 n=1 k=5120: 1 x 97.76 us = 97.76 us (1287 GFLOPS/s)
MUL_MAT_VEC q6_K m=17408 n=1 k=5120: 2 x 118.48 us = 236.96 us (1504.39 GFLOPS/s)
MUL_MAT_VEC q6_K m=98304 n=1 k=5120: 1 x 687.3 us = 687.3 us (1464.48 GFLOPS/s)
MUL_MAT_VEC q8_0 m=5120 n=1 k=10240: 1 x 93.72 us = 93.72 us (1118.78 GFLOPS/s)
PAD: 1 x 6.52 us = 6.52 us
RMS_NORM_MUL RMS_NORM(256,24,1,1): 1 x 3.36 us = 3.36 us
RMS_NORM_MUL RMS_NORM(256,4,1,1): 1 x 5.12 us = 5.12 us
RMS_NORM_MUL RMS_NORM(5120,1,1,1): 5 x 3.96 us = 19.8 us
ROPE: 2 x 3.46 us = 6.92 us
SET_ROWS: 2 x 2.84 us = 5.68 us
SIGMOID_MUL SIGMOID: 1 x 1.56 us = 1.56 us
TOP_K K=10 (98304,1,1,1): 1 x 8.8 us = 8.8 us
Total time: 1426.96 us.
----------------
Vulkan Timings:
CONCAT: 1 x 1.64 us = 1.64 us
CONT: 1 x 3.72 us = 3.72 us
FLASH_ATTN_EXT dst(256,24,1,1),  q(256,1,24,1),  k(256,256,4,1),  v(256,256,4,1),  m(256,1,1,1): 1 x 13.68 us = 13.68 us (459.902 GFLOPS/s)
GET_ROWS: 3 x 8.226 us = 24.68 us
GLU: 1 x 1.84 us = 1.84 us
MUL_MAT f32 m=256 n=24 k=256: 1 x 1.68 us = 1.68 us (1868.8 GFLOPS/s)
MUL_MAT f32 m=64 n=16 k=64: 1 x 3.68 us = 3.68 us (35.3391 GFLOPS/s)
MUL_MAT f32 m=64 n=96 k=64: 1 x 3.72 us = 3.72 us (209.755 GFLOPS/s)
MUL_MAT_ADD MUL_MAT_VEC q6_K m=5120 n=1 k=17408: 1 x 123.8 us = 123.8 us (1439.84 GFLOPS/s)
MUL_MAT_ADD MUL_MAT_VEC q6_K m=5120 n=1 k=6144: 1 x 53.92 us = 53.92 us (1166.72 GFLOPS/s)
MUL_MAT_VEC f32 m=256 n=4 k=256: 1 x 3.12 us = 3.12 us (167.713 GFLOPS/s)
MUL_MAT_VEC q6_K m=1024 n=1 k=5120: 2 x 8.74 us = 17.48 us (1199.63 GFLOPS/s)
MUL_MAT_VEC q6_K m=12288 n=1 k=5120: 1 x 85.36 us = 85.36 us (1473.96 GFLOPS/s)
MUL_MAT_VEC q6_K m=17408 n=1 k=5120: 2 x 121.96 us = 243.92 us (1461.47 GFLOPS/s)
MUL_MAT_VEC q6_K m=98304 n=1 k=5120: 1 x 687.77 us = 687.77 us (1463.48 GFLOPS/s)
MUL_MAT_VEC q8_0 m=5120 n=1 k=10240: 1 x 101.08 us = 101.08 us (1037.32 GFLOPS/s)
PAD: 1 x 6.52 us = 6.52 us
RMS_NORM_MUL RMS_NORM(256,24,1,1): 1 x 5.56 us = 5.56 us
RMS_NORM_MUL RMS_NORM(256,4,1,1): 1 x 3.68 us = 3.68 us
RMS_NORM_MUL RMS_NORM(5120,1,1,1): 5 x 3.648 us = 18.24 us
ROPE: 2 x 3.7 us = 7.4 us
SET_ROWS: 2 x 2.94 us = 5.88 us
SIGMOID_MUL SIGMOID: 1 x 1.68 us = 1.68 us
TOP_K K=10 (98304,1,1,1): 1 x 8.88 us = 8.88 us
Total time: 1428.93 us.
----------------
Vulkan Timings:
CONCAT: 1 x 1.68 us = 1.68 us
CONT: 1 x 3.72 us = 3.72 us
FLASH_ATTN_EXT dst(256,24,1,1),  q(256,1,24,1),  k(256,256,4,1),  v(256,256,4,1),  m(256,1,1,1): 1 x 13.84 us = 13.84 us (454.585 GFLOPS/s)
GET_ROWS: 3 x 8.36 us = 25.08 us
GLU: 1 x 1.84 us = 1.84 us
MUL_MAT f32 m=256 n=24 k=256: 1 x 1.68 us = 1.68 us (1868.8 GFLOPS/s)
MUL_MAT f32 m=64 n=16 k=64: 1 x 3.68 us = 3.68 us (35.3391 GFLOPS/s)
MUL_MAT f32 m=64 n=96 k=64: 1 x 3.72 us = 3.72 us (209.755 GFLOPS/s)
MUL_MAT_ADD MUL_MAT_VEC q6_K m=5120 n=1 k=17408: 1 x 123.52 us = 123.52 us (1443.11 GFLOPS/s)
MUL_MAT_ADD MUL_MAT_VEC q6_K m=5120 n=1 k=6144: 1 x 53.2 us = 53.2 us (1182.51 GFLOPS/s)
MUL_MAT_VEC f32 m=256 n=4 k=256: 1 x 3.12 us = 3.12 us (167.713 GFLOPS/s)
MUL_MAT_VEC q6_K m=1024 n=1 k=5120: 2 x 8.92 us = 17.84 us (1175.42 GFLOPS/s)
MUL_MAT_VEC q6_K m=12288 n=1 k=5120: 1 x 85.16 us = 85.16 us (1477.42 GFLOPS/s)
MUL_MAT_VEC q6_K m=17408 n=1 k=5120: 2 x 121.36 us = 242.72 us (1468.69 GFLOPS/s)
MUL_MAT_VEC q6_K m=98304 n=1 k=5120: 1 x 745 us = 745 us (1351.05 GFLOPS/s)
MUL_MAT_VEC q8_0 m=5120 n=1 k=10240: 1 x 101.96 us = 101.96 us (1028.37 GFLOPS/s)
PAD: 1 x 6.44 us = 6.44 us
RMS_NORM_MUL RMS_NORM(256,24,1,1): 1 x 5.52 us = 5.52 us
RMS_NORM_MUL RMS_NORM(256,4,1,1): 1 x 3.68 us = 3.68 us
RMS_NORM_MUL RMS_NORM(5120,1,1,1): 5 x 3.656 us = 18.28 us
ROPE: 2 x 3.68 us = 7.36 us
SET_ROWS: 2 x 2.98 us = 5.96 us
SIGMOID_MUL SIGMOID: 1 x 1.88 us = 1.88 us
TOP_K K=10 (98304,1,1,1): 1 x 8.96 us = 8.96 us
Total time: 1485.84 us.
----------------
Vulkan Timings:
CONCAT: 1 x 1.68 us = 1.68 us
CONT: 1 x 3.72 us = 3.72 us
FLASH_ATTN_EXT dst(256,24,1,1),  q(256,1,24,1),  k(256,256,4,1),  v(256,256,4,1),  m(256,1,1,1): 1 x 13.68 us = 13.68 us (459.902 GFLOPS/s)
GET_ROWS: 3 x 8.49 us = 25.47 us
GLU: 1 x 1.92 us = 1.92 us
MUL_MAT f32 m=256 n=24 k=256: 1 x 1.64 us = 1.64 us (1914.38 GFLOPS/s)
MUL_MAT f32 m=64 n=16 k=64: 1 x 3.72 us = 3.72 us (34.9591 GFLOPS/s)
MUL_MAT f32 m=64 n=96 k=64: 1 x 3.72 us = 3.72 us (209.755 GFLOPS/s)
MUL_MAT_ADD MUL_MAT_VEC q6_K m=5120 n=1 k=17408: 1 x 123.36 us = 123.36 us (1444.98 GFLOPS/s)
MUL_MAT_ADD MUL_MAT_VEC q6_K m=5120 n=1 k=6144: 1 x 54.2 us = 54.2 us (1160.69 GFLOPS/s)
MUL_MAT_VEC f32 m=256 n=4 k=256: 1 x 3.12 us = 3.12 us (167.713 GFLOPS/s)
MUL_MAT_VEC q6_K m=1024 n=1 k=5120: 2 x 8.66 us = 17.32 us (1210.71 GFLOPS/s)
MUL_MAT_VEC q6_K m=12288 n=1 k=5120: 1 x 85.68 us = 85.68 us (1468.45 GFLOPS/s)
MUL_MAT_VEC q6_K m=17408 n=1 k=5120: 2 x 121.14 us = 242.28 us (1471.36 GFLOPS/s)
MUL_MAT_VEC q6_K m=98304 n=1 k=5120: 1 x 688.26 us = 688.26 us (1462.43 GFLOPS/s)
MUL_MAT_VEC q8_0 m=5120 n=1 k=10240: 1 x 101.36 us = 101.36 us (1034.46 GFLOPS/s)
PAD: 1 x 6.4 us = 6.4 us
RMS_NORM_MUL RMS_NORM(256,24,1,1): 1 x 5.56 us = 5.56 us
RMS_NORM_MUL RMS_NORM(256,4,1,1): 1 x 3.76 us = 3.76 us
RMS_NORM_MUL RMS_NORM(5120,1,1,1): 5 x 3.68 us = 18.4 us
ROPE: 2 x 3.68 us = 7.36 us
SET_ROWS: 2 x 2.98 us = 5.96 us
SIGMOID_MUL SIGMOID: 1 x 1.64 us = 1.64 us
TOP_K K=10 (98304,1,1,1): 1 x 8.72 us = 8.72 us
Total time: 1428.93 us.
----------------
Vulkan Timings:
ADD: 48 x 3.967 us = 190.44 us
CONT: 16 x 3.882 us = 62.12 us
FLASH_ATTN_EXT dst(256,24,5,1),  q(256,5,24,1),  k(256,256,4,1),  v(256,256,4,1),  m(256,5,1,1): 16 x 23.02 us = 368.32 us (1366.52 GFLOPS/s)
GDN_CACHE GATED_DELTA_NET: 48 x 13.751 us = 660.08 us
GDN_CONV_STATE CONCAT: 48 x 3.117 us = 149.64 us
GET_ROWS: 3 x 11.32 us = 33.96 us
GLU: 64 x 2.842 us = 181.92 us
MUL_MAT f32 m=256 n=120 k=256: 16 x 1.8 us = 28.8 us (8721.07 GFLOPS/s)
MUL_MAT f32 m=256 n=20 k=256: 16 x 3.572 us = 57.16 us (732.35 GFLOPS/s)
MUL_MAT f32 m=64 n=480 k=64: 16 x 3.75 us = 60 us (1040.38 GFLOPS/s)
MUL_MAT f32 m=64 n=80 k=64: 16 x 3.562 us = 57 us (182.524 GFLOPS/s)
MUL_MAT_ADD MUL_MAT_VEC q6_K m=5120 n=5 k=17408: 64 x 206.668 us = 13226.8 us (4312.52 GFLOPS/s)
MUL_MAT_ADD MUL_MAT_VEC q6_K m=5120 n=5 k=6144: 16 x 77.845 us = 1245.52 us (4040.69 GFLOPS/s)
MUL_MAT_VEC f32 m=48 n=5 k=5120: 96 x 4.397 us = 422.16 us (558.808 GFLOPS/s)
MUL_MAT_VEC q6_K m=1024 n=5 k=5120: 32 x 12.21 us = 390.72 us (4293.5 GFLOPS/s)
MUL_MAT_VEC q6_K m=10240 n=5 k=5120: 48 x 109.915 us = 5275.92 us (4769.47 GFLOPS/s)
MUL_MAT_VEC q6_K m=12288 n=5 k=5120: 16 x 140.362 us = 2245.8 us (4481.85 GFLOPS/s)
MUL_MAT_VEC q6_K m=17408 n=5 k=5120: 128 x 182.964 us = 23419.4 us (4870.92 GFLOPS/s)
MUL_MAT_VEC q6_K m=248320 n=5 k=5120: 1 x 2385.52 us = 2385.52 us (5329.13 GFLOPS/s)
MUL_MAT_VEC q6_K m=6144 n=5 k=5120: 48 x 71.927 us = 3452.52 us (4373.04 GFLOPS/s)
MUL_MAT_VEC q8_0 m=5120 n=5 k=6144: 48 x 63.26 us = 3036.52 us (4972.23 GFLOPS/s)
RMS_NORM_MUL RMS_NORM(256,24,5,1): 16 x 3.83 us = 61.28 us
RMS_NORM_MUL RMS_NORM(256,4,5,1): 16 x 3.965 us = 63.44 us
RMS_NORM_MUL RMS_NORM(5120,5,1,1): 129 x 4.34 us = 559.96 us
RMS_NORM_MUL_SILU_MUL RMS_NORM(128,48,5,1): 48 x 5.88 us = 282.24 us
RMS_NORM_SCALE RMS_NORM(128,16,5,1): 96 x 2.583 us = 248.04 us
ROPE: 32 x 3.943 us = 126.2 us
SET_ROWS: 32 x 2.988 us = 95.64 us
SIGMOID_MUL SIGMOID: 16 x 3.78 us = 60.48 us
SSM_CONV_SILU SSM_CONV: 48 x 4.826 us = 231.68 us
Total time: 58679.3 us.
----------------
Vulkan Timings:
CONCAT: 1 x 3.92 us = 3.92 us
CONT: 1 x 3.8 us = 3.8 us
FLASH_ATTN_EXT dst(256,24,5,1),  q(256,5,24,1),  k(256,256,4,1),  v(256,256,4,1),  m(256,5,1,1): 1 x 23.2 us = 23.2 us (1355.92 GFLOPS/s)
GET_ROWS: 1 x 6.72 us = 6.72 us
GLU: 1 x 1.52 us = 1.52 us
MUL_MAT f32 m=256 n=120 k=256: 1 x 1.72 us = 1.72 us (9126.7 GFLOPS/s)
MUL_MAT f32 m=256 n=20 k=256: 1 x 3.16 us = 3.16 us (827.949 GFLOPS/s)
MUL_MAT f32 m=64 n=480 k=64: 1 x 3.76 us = 3.76 us (1037.62 GFLOPS/s)
MUL_MAT f32 m=64 n=80 k=64: 1 x 3.76 us = 3.76 us (172.936 GFLOPS/s)
MUL_MAT_ADD MUL_MAT_VEC q6_K m=5120 n=5 k=17408: 1 x 248.65 us = 248.65 us (3584.41 GFLOPS/s)
MUL_MAT_ADD MUL_MAT_VEC q6_K m=5120 n=5 k=6144: 1 x 85.36 us = 85.36 us (3684.95 GFLOPS/s)
MUL_MAT_VEC q6_K m=1024 n=5 k=5120: 2 x 16.4 us = 32.8 us (3196.57 GFLOPS/s)
MUL_MAT_VEC q6_K m=12288 n=5 k=5120: 1 x 170.25 us = 170.25 us (3695.06 GFLOPS/s)
MUL_MAT_VEC q6_K m=17408 n=5 k=5120: 2 x 179.58 us = 359.16 us (4962.7 GFLOPS/s)
MUL_MAT_VEC q8_0 m=5120 n=5 k=10240: 1 x 106.04 us = 106.04 us (4944.01 GFLOPS/s)
RMS_NORM_MUL RMS_NORM(256,24,5,1): 1 x 3.88 us = 3.88 us
RMS_NORM_MUL RMS_NORM(256,4,5,1): 1 x 3.8 us = 3.8 us
RMS_NORM_MUL RMS_NORM(5120,5,1,1): 5 x 12.002 us = 60.01 us
ROPE: 2 x 3.76 us = 7.52 us
SET_ROWS: 2 x 3 us = 6 us
SIGMOID_MUL SIGMOID: 1 x 1.68 us = 1.68 us
Total time: 1136.71 us.
----------------
Vulkan Timings:
CONCAT: 1 x 1.68 us = 1.68 us
CONT: 1 x 3.44 us = 3.44 us
FLASH_ATTN_EXT dst(256,24,1,1),  q(256,1,24,1),  k(256,256,4,1),  v(256,256,4,1),  m(256,1,1,1): 1 x 13.56 us = 13.56 us (463.972 GFLOPS/s)
GET_ROWS: 3 x 8.22 us = 24.66 us
GLU: 1 x 1.6 us = 1.6 us
MUL_MAT f32 m=256 n=24 k=256: 1 x 1.52 us = 1.52 us (2065.52 GFLOPS/s)
MUL_MAT f32 m=64 n=16 k=64: 1 x 1.76 us = 1.76 us (73.8909 GFLOPS/s)
MUL_MAT f32 m=64 n=96 k=64: 1 x 3.16 us = 3.16 us (246.927 GFLOPS/s)
MUL_MAT_ADD MUL_MAT_VEC q6_K m=5120 n=1 k=17408: 1 x 129.08 us = 129.08 us (1380.95 GFLOPS/s)
MUL_MAT_ADD MUL_MAT_VEC q6_K m=5120 n=1 k=6144: 1 x 53.2 us = 53.2 us (1182.51 GFLOPS/s)
MUL_MAT_VEC f32 m=256 n=4 k=256: 1 x 2.96 us = 2.96 us (176.778 GFLOPS/s)
MUL_MAT_VEC q6_K m=1024 n=1 k=5120: 2 x 6.72 us = 13.44 us (1560.23 GFLOPS/s)
MUL_MAT_VEC q6_K m=12288 n=1 k=5120: 1 x 97.68 us = 97.68 us (1288.05 GFLOPS/s)
MUL_MAT_VEC q6_K m=17408 n=1 k=5120: 2 x 118.78 us = 237.56 us (1500.59 GFLOPS/s)
MUL_MAT_VEC q6_K m=98304 n=1 k=5120: 1 x 739.1 us = 739.1 us (1361.84 GFLOPS/s)
MUL_MAT_VEC q8_0 m=5120 n=1 k=10240: 1 x 94.44 us = 94.44 us (1110.25 GFLOPS/s)
PAD: 1 x 7.04 us = 7.04 us
RMS_NORM_MUL RMS_NORM(256,24,1,1): 1 x 3.16 us = 3.16 us
RMS_NORM_MUL RMS_NORM(256,4,1,1): 1 x 4.8 us = 4.8 us
RMS_NORM_MUL RMS_NORM(5120,1,1,1): 5 x 3.992 us = 19.96 us
ROPE: 2 x 3.28 us = 6.56 us
SET_ROWS: 2 x 2.8 us = 5.6 us
SIGMOID_MUL SIGMOID: 1 x 1.56 us = 1.56 us
TOP_K K=10 (98304,1,1,1): 1 x 9.04 us = 9.04 us
Total time: 1476.56 us.
----------------
Vulkan Timings:
CONCAT: 1 x 1.68 us = 1.68 us
CONT: 1 x 3.56 us = 3.56 us
FLASH_ATTN_EXT dst(256,24,1,1),  q(256,1,24,1),  k(256,256,4,1),  v(256,256,4,1),  m(256,1,1,1): 1 x 13.68 us = 13.68 us (459.902 GFLOPS/s)
GET_ROWS: 3 x 8.423 us = 25.27 us
GLU: 1 x 1.8 us = 1.8 us
MUL_MAT f32 m=256 n=24 k=256: 1 x 1.68 us = 1.68 us (1868.8 GFLOPS/s)
MUL_MAT f32 m=64 n=16 k=64: 1 x 3.6 us = 3.6 us (36.1244 GFLOPS/s)
MUL_MAT f32 m=64 n=96 k=64: 1 x 3.56 us = 3.56 us (219.182 GFLOPS/s)
MUL_MAT_ADD MUL_MAT_VEC q6_K m=5120 n=1 k=17408: 1 x 123.36 us = 123.36 us (1444.98 GFLOPS/s)
MUL_MAT_ADD MUL_MAT_VEC q6_K m=5120 n=1 k=6144: 1 x 53.56 us = 53.56 us (1174.56 GFLOPS/s)
MUL_MAT_VEC f32 m=256 n=4 k=256: 1 x 2.96 us = 2.96 us (176.778 GFLOPS/s)
MUL_MAT_VEC q6_K m=1024 n=1 k=5120: 2 x 6.82 us = 13.64 us (1537.35 GFLOPS/s)
MUL_MAT_VEC q6_K m=12288 n=1 k=5120: 1 x 92.92 us = 92.92 us (1354.03 GFLOPS/s)
MUL_MAT_VEC q6_K m=17408 n=1 k=5120: 2 x 121.86 us = 243.72 us (1462.67 GFLOPS/s)
MUL_MAT_VEC q6_K m=98304 n=1 k=5120: 1 x 689.86 us = 689.86 us (1459.04 GFLOPS/s)
MUL_MAT_VEC q8_0 m=5120 n=1 k=10240: 1 x 101.08 us = 101.08 us (1037.32 GFLOPS/s)
PAD: 1 x 6.28 us = 6.28 us
RMS_NORM_MUL RMS_NORM(256,24,1,1): 1 x 3.6 us = 3.6 us
RMS_NORM_MUL RMS_NORM(256,4,1,1): 1 x 3.6 us = 3.6 us
RMS_NORM_MUL RMS_NORM(5120,1,1,1): 5 x 3.672 us = 18.36 us
ROPE: 2 x 3.56 us = 7.12 us
SET_ROWS: 2 x 2.9 us = 5.8 us
SIGMOID_MUL SIGMOID: 1 x 1.64 us = 1.64 us
TOP_K K=10 (98304,1,1,1): 1 x 8.48 us = 8.48 us
Total time: 1430.81 us.
----------------
Vulkan Timings:
CONCAT: 1 x 1.64 us = 1.64 us
CONT: 1 x 3.56 us = 3.56 us
FLASH_ATTN_EXT dst(256,24,1,1),  q(256,1,24,1),  k(256,256,4,1),  v(256,256,4,1),  m(256,1,1,1): 1 x 13.84 us = 13.84 us (454.585 GFLOPS/s)
GET_ROWS: 3 x 8.22 us = 24.66 us
GLU: 1 x 1.84 us = 1.84 us
MUL_MAT f32 m=256 n=24 k=256: 1 x 1.6 us = 1.6 us (1962.24 GFLOPS/s)
MUL_MAT f32 m=64 n=16 k=64: 1 x 3.6 us = 3.6 us (36.1244 GFLOPS/s)
MUL_MAT f32 m=64 n=96 k=64: 1 x 3.52 us = 3.52 us (221.673 GFLOPS/s)
MUL_MAT_ADD MUL_MAT_VEC q6_K m=5120 n=1 k=17408: 1 x 123.04 us = 123.04 us (1448.74 GFLOPS/s)
MUL_MAT_ADD MUL_MAT_VEC q6_K m=5120 n=1 k=6144: 1 x 53.48 us = 53.48 us (1176.32 GFLOPS/s)
MUL_MAT_VEC f32 m=256 n=4 k=256: 1 x 3 us = 3 us (174.421 GFLOPS/s)
MUL_MAT_VEC q6_K m=1024 n=1 k=5120: 2 x 8.86 us = 17.72 us (1183.38 GFLOPS/s)
MUL_MAT_VEC q6_K m=12288 n=1 k=5120: 1 x 85.72 us = 85.72 us (1467.77 GFLOPS/s)
MUL_MAT_VEC q6_K m=17408 n=1 k=5120: 2 x 121.74 us = 243.48 us (1464.11 GFLOPS/s)
MUL_MAT_VEC q6_K m=98304 n=1 k=5120: 1 x 680.2 us = 680.2 us (1479.76 GFLOPS/s)
MUL_MAT_VEC q8_0 m=5120 n=1 k=10240: 1 x 100.84 us = 100.84 us (1039.79 GFLOPS/s)
PAD: 1 x 5.92 us = 5.92 us
RMS_NORM_MUL RMS_NORM(256,24,1,1): 1 x 5.28 us = 5.28 us
RMS_NORM_MUL RMS_NORM(256,4,1,1): 1 x 3.56 us = 3.56 us
RMS_NORM_MUL RMS_NORM(5120,1,1,1): 5 x 3.688 us = 18.44 us
ROPE: 2 x 3.52 us = 7.04 us
SET_ROWS: 2 x 2.86 us = 5.72 us
SIGMOID_MUL SIGMOID: 1 x 1.72 us = 1.72 us
TOP_K K=10 (98304,1,1,1): 1 x 8.96 us = 8.96 us
Total time: 1418.38 us.
----------------
Vulkan Timings:
CONCAT: 1 x 1.64 us = 1.64 us
CONT: 1 x 3.56 us = 3.56 us
FLASH_ATTN_EXT dst(256,24,1,1),  q(256,1,24,1),  k(256,256,4,1),  v(256,256,4,1),  m(256,1,1,1): 1 x 13.68 us = 13.68 us (459.902 GFLOPS/s)
GET_ROWS: 3 x 7.98 us = 23.94 us
GLU: 1 x 1.8 us = 1.8 us
MUL_MAT f32 m=256 n=24 k=256: 1 x 1.6 us = 1.6 us (1962.24 GFLOPS/s)
MUL_MAT f32 m=64 n=16 k=64: 1 x 3.56 us = 3.56 us (36.5303 GFLOPS/s)
MUL_MAT f32 m=64 n=96 k=64: 1 x 3.6 us = 3.6 us (216.747 GFLOPS/s)
MUL_MAT_ADD MUL_MAT_VEC q6_K m=5120 n=1 k=17408: 1 x 123.96 us = 123.96 us (1437.99 GFLOPS/s)
MUL_MAT_ADD MUL_MAT_VEC q6_K m=5120 n=1 k=6144: 1 x 53.28 us = 53.28 us (1180.73 GFLOPS/s)
MUL_MAT_VEC f32 m=256 n=4 k=256: 1 x 3 us = 3 us (174.421 GFLOPS/s)
MUL_MAT_VEC q6_K m=1024 n=1 k=5120: 2 x 8.8 us = 17.6 us (1191.45 GFLOPS/s)
MUL_MAT_VEC q6_K m=12288 n=1 k=5120: 1 x 85.52 us = 85.52 us (1471.2 GFLOPS/s)
MUL_MAT_VEC q6_K m=17408 n=1 k=5120: 2 x 121.74 us = 243.48 us (1464.11 GFLOPS/s)
MUL_MAT_VEC q6_K m=98304 n=1 k=5120: 1 x 685.79 us = 685.79 us (1467.7 GFLOPS/s)
MUL_MAT_VEC q8_0 m=5120 n=1 k=10240: 1 x 100.96 us = 100.96 us (1038.55 GFLOPS/s)
PAD: 1 x 7 us = 7 us
RMS_NORM_MUL RMS_NORM(256,24,1,1): 1 x 5.2 us = 5.2 us
RMS_NORM_MUL RMS_NORM(256,4,1,1): 1 x 3.56 us = 3.56 us
RMS_NORM_MUL RMS_NORM(5120,1,1,1): 5 x 3.656 us = 18.28 us
ROPE: 2 x 3.54 us = 7.08 us
SET_ROWS: 2 x 2.86 us = 5.72 us
SIGMOID_MUL SIGMOID: 1 x 1.68 us = 1.68 us
TOP_K K=10 (98304,1,1,1): 1 x 8.76 us = 8.76 us
Total time: 1424.25 us.
----------------
Vulkan Timings:
ADD: 48 x 3.809 us = 182.84 us
CONT: 16 x 3.732 us = 59.72 us
FLASH_ATTN_EXT dst(256,24,5,1),  q(256,5,24,1),  k(256,256,4,1),  v(256,256,4,1),  m(256,5,1,1): 16 x 23.035 us = 368.56 us (1365.63 GFLOPS/s)
GDN_CACHE GATED_DELTA_NET: 48 x 14.609 us = 701.24 us
GDN_CONV_STATE CONCAT: 48 x 3.247 us = 155.88 us
GET_ROWS: 3 x 11.2 us = 33.6 us
GLU: 64 x 2.773 us = 177.52 us
MUL_MAT f32 m=256 n=120 k=256: 16 x 1.81 us = 28.96 us (8672.88 GFLOPS/s)
MUL_MAT f32 m=256 n=20 k=256: 16 x 3.432 us = 54.92 us (762.22 GFLOPS/s)
MUL_MAT f32 m=64 n=480 k=64: 16 x 3.605 us = 57.68 us (1082.23 GFLOPS/s)
MUL_MAT f32 m=64 n=80 k=64: 16 x 3.337 us = 53.4 us (194.828 GFLOPS/s)
MUL_MAT_ADD MUL_MAT_VEC q6_K m=5120 n=5 k=17408: 64 x 206.845 us = 13238.1 us (4308.84 GFLOPS/s)
MUL_MAT_ADD MUL_MAT_VEC q6_K m=5120 n=5 k=6144: 16 x 77.522 us = 1240.36 us (4057.5 GFLOPS/s)
MUL_MAT_VEC f32 m=48 n=5 k=5120: 96 x 4.335 us = 416.24 us (566.756 GFLOPS/s)
MUL_MAT_VEC q6_K m=1024 n=5 k=5120: 32 x 12.127 us = 388.08 us (4322.71 GFLOPS/s)
MUL_MAT_VEC q6_K m=10240 n=5 k=5120: 48 x 109.845 us = 5272.56 us (4772.51 GFLOPS/s)
MUL_MAT_VEC q6_K m=12288 n=5 k=5120: 16 x 140.34 us = 2245.44 us (4482.57 GFLOPS/s)
MUL_MAT_VEC q6_K m=17408 n=5 k=5120: 128 x 182.745 us = 23391.4 us (4876.75 GFLOPS/s)
MUL_MAT_VEC q6_K m=248320 n=5 k=5120: 1 x 2383.92 us = 2383.92 us (5332.71 GFLOPS/s)
MUL_MAT_VEC q6_K m=6144 n=5 k=5120: 48 x 71.049 us = 3410.36 us (4427.1 GFLOPS/s)
MUL_MAT_VEC q8_0 m=5120 n=5 k=6144: 48 x 63.139 us = 3030.68 us (4981.81 GFLOPS/s)
RMS_NORM_MUL RMS_NORM(256,24,5,1): 16 x 3.675 us = 58.8 us
RMS_NORM_MUL RMS_NORM(256,4,5,1): 16 x 3.865 us = 61.84 us
RMS_NORM_MUL RMS_NORM(5120,5,1,1): 129 x 4.25 us = 548.28 us
RMS_NORM_MUL_SILU_MUL RMS_NORM(128,48,5,1): 48 x 5.565 us = 267.16 us
RMS_NORM_SCALE RMS_NORM(128,16,5,1): 96 x 2.55 us = 244.8 us
ROPE: 32 x 3.77 us = 120.64 us
SET_ROWS: 32 x 2.912 us = 93.2 us
SIGMOID_MUL SIGMOID: 16 x 3.627 us = 58.04 us
SSM_CONV_SILU SSM_CONV: 48 x 4.68 us = 224.68 us
Total time: 58568.9 us.
----------------
Vulkan Timings:
CONCAT: 1 x 4.08 us = 4.08 us
CONT: 1 x 3.64 us = 3.64 us
FLASH_ATTN_EXT dst(256,24,5,1),  q(256,5,24,1),  k(256,256,4,1),  v(256,256,4,1),  m(256,5,1,1): 1 x 23.04 us = 23.04 us (1365.33 GFLOPS/s)
GET_ROWS: 1 x 6.4 us = 6.4 us
GLU: 1 x 1.52 us = 1.52 us
MUL_MAT f32 m=256 n=120 k=256: 1 x 1.68 us = 1.68 us (9344 GFLOPS/s)
MUL_MAT f32 m=256 n=20 k=256: 1 x 3 us = 3 us (872.107 GFLOPS/s)
MUL_MAT f32 m=64 n=480 k=64: 1 x 3.64 us = 3.64 us (1071.82 GFLOPS/s)
MUL_MAT f32 m=64 n=80 k=64: 1 x 3.52 us = 3.52 us (184.727 GFLOPS/s)
MUL_MAT_ADD MUL_MAT_VEC q6_K m=5120 n=5 k=17408: 1 x 247.56 us = 247.56 us (3600.19 GFLOPS/s)
MUL_MAT_ADD MUL_MAT_VEC q6_K m=5120 n=5 k=6144: 1 x 83.56 us = 83.56 us (3764.33 GFLOPS/s)
MUL_MAT_VEC q6_K m=1024 n=5 k=5120: 2 x 15.68 us = 31.36 us (3343.35 GFLOPS/s)
MUL_MAT_VEC q6_K m=12288 n=5 k=5120: 1 x 181.76 us = 181.76 us (3461.07 GFLOPS/s)
MUL_MAT_VEC q6_K m=17408 n=5 k=5120: 2 x 179 us = 358 us (4978.79 GFLOPS/s)
MUL_MAT_VEC q8_0 m=5120 n=5 k=10240: 1 x 106.16 us = 106.16 us (4938.42 GFLOPS/s)
RMS_NORM_MUL RMS_NORM(256,24,5,1): 1 x 3.72 us = 3.72 us
RMS_NORM_MUL RMS_NORM(256,4,5,1): 1 x 3.56 us = 3.56 us
RMS_NORM_MUL RMS_NORM(5120,5,1,1): 5 x 12.714 us = 63.57 us
ROPE: 2 x 3.6 us = 7.2 us
SET_ROWS: 2 x 2.9 us = 5.8 us
SIGMOID_MUL SIGMOID: 1 x 1.72 us = 1.72 us
Total time: 1144.49 us.
----------------
Vulkan Timings:
CONCAT: 1 x 1.64 us = 1.64 us
CONT: 1 x 3.64 us = 3.64 us
FLASH_ATTN_EXT dst(256,24,1,1),  q(256,1,24,1),  k(256,256,4,1),  v(256,256,4,1),  m(256,1,1,1): 1 x 13.56 us = 13.56 us (463.972 GFLOPS/s)
GET_ROWS: 3 x 7.653 us = 22.96 us
GLU: 1 x 1.56 us = 1.56 us
MUL_MAT f32 m=256 n=24 k=256: 1 x 2.04 us = 2.04 us (1539.01 GFLOPS/s)
MUL_MAT f32 m=64 n=16 k=64: 1 x 1.76 us = 1.76 us (73.8909 GFLOPS/s)
MUL_MAT f32 m=64 n=96 k=64: 1 x 3.36 us = 3.36 us (232.229 GFLOPS/s)
MUL_MAT_ADD MUL_MAT_VEC q6_K m=5120 n=1 k=17408: 1 x 129.64 us = 129.64 us (1374.98 GFLOPS/s)
MUL_MAT_ADD MUL_MAT_VEC q6_K m=5120 n=1 k=6144: 1 x 53.16 us = 53.16 us (1183.4 GFLOPS/s)
MUL_MAT_VEC f32 m=256 n=4 k=256: 1 x 0.72 us = 0.72 us (726.756 GFLOPS/s)
MUL_MAT_VEC q6_K m=1024 n=1 k=5120: 2 x 8.76 us = 17.52 us (1196.89 GFLOPS/s)
MUL_MAT_VEC q6_K m=12288 n=1 k=5120: 1 x 90.36 us = 90.36 us (1392.4 GFLOPS/s)
MUL_MAT_VEC q6_K m=17408 n=1 k=5120: 2 x 118.78 us = 237.56 us (1500.59 GFLOPS/s)
MUL_MAT_VEC q6_K m=98304 n=1 k=5120: 1 x 687.41 us = 687.41 us (1464.24 GFLOPS/s)
MUL_MAT_VEC q8_0 m=5120 n=1 k=10240: 1 x 94.6 us = 94.6 us (1108.38 GFLOPS/s)
PAD: 1 x 6.44 us = 6.44 us
RMS_NORM_MUL RMS_NORM(256,24,1,1): 1 x 6 us = 6 us
RMS_NORM_MUL RMS_NORM(256,4,1,1): 1 x 5.08 us = 5.08 us
RMS_NORM_MUL RMS_NORM(5120,1,1,1): 5 x 4 us = 20 us
ROPE: 2 x 3.46 us = 6.92 us
SET_ROWS: 2 x 4.02 us = 8.04 us
SIGMOID_MUL SIGMOID: 1 x 1.56 us = 1.56 us
TOP_K K=10 (98304,1,1,1): 1 x 8.84 us = 8.84 us
Total time: 1424.37 us.
----------------
Vulkan Timings:
CONCAT: 1 x 1.68 us = 1.68 us
CONT: 1 x 3.72 us = 3.72 us
FLASH_ATTN_EXT dst(256,24,1,1),  q(256,1,24,1),  k(256,256,4,1),  v(256,256,4,1),  m(256,1,1,1): 1 x 13.76 us = 13.76 us (457.228 GFLOPS/s)
GET_ROWS: 3 x 7.883 us = 23.65 us
GLU: 1 x 1.8 us = 1.8 us
MUL_MAT f32 m=256 n=24 k=256: 1 x 1.64 us = 1.64 us (1914.38 GFLOPS/s)
MUL_MAT f32 m=64 n=16 k=64: 1 x 3.72 us = 3.72 us (34.9591 GFLOPS/s)
MUL_MAT f32 m=64 n=96 k=64: 1 x 3.72 us = 3.72 us (209.755 GFLOPS/s)
MUL_MAT_ADD MUL_MAT_VEC q6_K m=5120 n=1 k=17408: 1 x 123.32 us = 123.32 us (1445.45 GFLOPS/s)
MUL_MAT_ADD MUL_MAT_VEC q6_K m=5120 n=1 k=6144: 1 x 54.2 us = 54.2 us (1160.69 GFLOPS/s)
MUL_MAT_VEC f32 m=256 n=4 k=256: 1 x 3.16 us = 3.16 us (165.59 GFLOPS/s)
MUL_MAT_VEC q6_K m=1024 n=1 k=5120: 2 x 8.82 us = 17.64 us (1188.75 GFLOPS/s)
MUL_MAT_VEC q6_K m=12288 n=1 k=5120: 1 x 85.4 us = 85.4 us (1473.27 GFLOPS/s)
MUL_MAT_VEC q6_K m=17408 n=1 k=5120: 2 x 120.72 us = 241.44 us (1476.48 GFLOPS/s)
MUL_MAT_VEC q6_K m=98304 n=1 k=5120: 1 x 688.94 us = 688.94 us (1460.99 GFLOPS/s)
MUL_MAT_VEC q8_0 m=5120 n=1 k=10240: 1 x 101.48 us = 101.48 us (1033.23 GFLOPS/s)
PAD: 1 x 6.44 us = 6.44 us
RMS_NORM_MUL RMS_NORM(256,24,1,1): 1 x 5.56 us = 5.56 us
RMS_NORM_MUL RMS_NORM(256,4,1,1): 1 x 3.72 us = 3.72 us
RMS_NORM_MUL RMS_NORM(5120,1,1,1): 5 x 3.704 us = 18.52 us
ROPE: 2 x 3.7 us = 7.4 us
SET_ROWS: 2 x 2.98 us = 5.96 us
SIGMOID_MUL SIGMOID: 1 x 1.68 us = 1.68 us
TOP_K K=10 (98304,1,1,1): 1 x 8.88 us = 8.88 us
Total time: 1427.43 us.
----------------
Vulkan Timings:
CONCAT: 1 x 1.68 us = 1.68 us
CONT: 1 x 3.72 us = 3.72 us
FLASH_ATTN_EXT dst(256,24,1,1),  q(256,1,24,1),  k(256,256,4,1),  v(256,256,4,1),  m(256,1,1,1): 1 x 13.56 us = 13.56 us (463.972 GFLOPS/s)
GET_ROWS: 3 x 8.246 us = 24.74 us
GLU: 1 x 1.76 us = 1.76 us
MUL_MAT f32 m=256 n=24 k=256: 1 x 1.64 us = 1.64 us (1914.38 GFLOPS/s)
MUL_MAT f32 m=64 n=16 k=64: 1 x 3.72 us = 3.72 us (34.9591 GFLOPS/s)
MUL_MAT f32 m=64 n=96 k=64: 1 x 3.68 us = 3.68 us (212.035 GFLOPS/s)
MUL_MAT_ADD MUL_MAT_VEC q6_K m=5120 n=1 k=17408: 1 x 123.52 us = 123.52 us (1443.11 GFLOPS/s)
MUL_MAT_ADD MUL_MAT_VEC q6_K m=5120 n=1 k=6144: 1 x 53.68 us = 53.68 us (1171.93 GFLOPS/s)
MUL_MAT_VEC f32 m=256 n=4 k=256: 1 x 3.16 us = 3.16 us (165.59 GFLOPS/s)
MUL_MAT_VEC q6_K m=1024 n=1 k=5120: 2 x 8.86 us = 17.72 us (1183.38 GFLOPS/s)
MUL_MAT_VEC q6_K m=12288 n=1 k=5120: 1 x 85.48 us = 85.48 us (1471.89 GFLOPS/s)
MUL_MAT_VEC q6_K m=17408 n=1 k=5120: 2 x 121.54 us = 243.08 us (1466.52 GFLOPS/s)
MUL_MAT_VEC q6_K m=98304 n=1 k=5120: 1 x 687.22 us = 687.22 us (1464.65 GFLOPS/s)
MUL_MAT_VEC q8_0 m=5120 n=1 k=10240: 1 x 101.92 us = 101.92 us (1028.77 GFLOPS/s)
PAD: 1 x 6.92 us = 6.92 us
RMS_NORM_MUL RMS_NORM(256,24,1,1): 1 x 5.56 us = 5.56 us
RMS_NORM_MUL RMS_NORM(256,4,1,1): 1 x 3.76 us = 3.76 us
RMS_NORM_MUL RMS_NORM(5120,1,1,1): 5 x 3.672 us = 18.36 us
ROPE: 2 x 3.72 us = 7.44 us
SET_ROWS: 2 x 2.94 us = 5.88 us
SIGMOID_MUL SIGMOID: 1 x 1.64 us = 1.64 us
TOP_K K=10 (98304,1,1,1): 1 x 8.92 us = 8.92 us
Total time: 1428.76 us.
----------------
Vulkan Timings:
CONCAT: 1 x 1.64 us = 1.64 us
CONT: 1 x 3.76 us = 3.76 us
FLASH_ATTN_EXT dst(256,24,1,1),  q(256,1,24,1),  k(256,256,4,1),  v(256,256,4,1),  m(256,1,1,1): 1 x 15.44 us = 15.44 us (407.478 GFLOPS/s)
GET_ROWS: 3 x 8.626 us = 25.88 us
GLU: 1 x 1.72 us = 1.72 us
MUL_MAT f32 m=256 n=24 k=256: 1 x 2.24 us = 2.24 us (1401.6 GFLOPS/s)
MUL_MAT f32 m=64 n=16 k=64: 1 x 3.72 us = 3.72 us (34.9591 GFLOPS/s)
MUL_MAT f32 m=64 n=96 k=64: 1 x 3.72 us = 3.72 us (209.755 GFLOPS/s)
MUL_MAT_ADD MUL_MAT_VEC q6_K m=5120 n=1 k=17408: 1 x 123.36 us = 123.36 us (1444.98 GFLOPS/s)
MUL_MAT_ADD MUL_MAT_VEC q6_K m=5120 n=1 k=6144: 1 x 53.4 us = 53.4 us (1178.08 GFLOPS/s)
MUL_MAT_VEC f32 m=256 n=4 k=256: 1 x 0.72 us = 0.72 us (726.756 GFLOPS/s)
MUL_MAT_VEC q6_K m=1024 n=1 k=5120: 2 x 8.74 us = 17.48 us (1199.63 GFLOPS/s)
MUL_MAT_VEC q6_K m=12288 n=1 k=5120: 1 x 85.44 us = 85.44 us (1472.58 GFLOPS/s)
MUL_MAT_VEC q6_K m=17408 n=1 k=5120: 2 x 120.94 us = 241.88 us (1473.79 GFLOPS/s)
MUL_MAT_VEC q6_K m=98304 n=1 k=5120: 1 x 687.58 us = 687.58 us (1463.88 GFLOPS/s)
MUL_MAT_VEC q8_0 m=5120 n=1 k=10240: 1 x 101.08 us = 101.08 us (1037.32 GFLOPS/s)
PAD: 1 x 6.36 us = 6.36 us
RMS_NORM_MUL RMS_NORM(256,24,1,1): 1 x 5.48 us = 5.48 us
RMS_NORM_MUL RMS_NORM(256,4,1,1): 1 x 3.72 us = 3.72 us
RMS_NORM_MUL RMS_NORM(5120,1,1,1): 5 x 3.704 us = 18.52 us
ROPE: 2 x 3.7 us = 7.4 us
SET_ROWS: 2 x 3.1 us = 6.2 us
SIGMOID_MUL SIGMOID: 1 x 1.68 us = 1.68 us
TOP_K K=10 (98304,1,1,1): 1 x 9.2 us = 9.2 us
Total time: 1427.62 us.
----------------
Vulkan Timings:
ADD: 48 x 3.958 us = 190 us
CONT: 16 x 3.89 us = 62.24 us
FLASH_ATTN_EXT dst(256,24,5,1),  q(256,5,24,1),  k(256,256,4,1),  v(256,256,4,1),  m(256,5,1,1): 16 x 23.04 us = 368.64 us (1365.33 GFLOPS/s)
GDN_CACHE GATED_DELTA_NET: 48 x 13.644 us = 654.92 us
GDN_CONV_STATE CONCAT: 48 x 3.08 us = 147.84 us
GET_ROWS: 3 x 11.346 us = 34.04 us
GLU: 64 x 2.94 us = 188.16 us
MUL_MAT f32 m=256 n=120 k=256: 16 x 1.8 us = 28.8 us (8721.07 GFLOPS/s)
MUL_MAT f32 m=256 n=20 k=256: 16 x 3.567 us = 57.08 us (733.376 GFLOPS/s)
MUL_MAT f32 m=64 n=480 k=64: 16 x 3.75 us = 60 us (1040.38 GFLOPS/s)
MUL_MAT f32 m=64 n=80 k=64: 16 x 3.457 us = 55.32 us (188.067 GFLOPS/s)
MUL_MAT_ADD MUL_MAT_VEC q6_K m=5120 n=5 k=17408: 64 x 206.231 us = 13198.8 us (4321.66 GFLOPS/s)
MUL_MAT_ADD MUL_MAT_VEC q6_K m=5120 n=5 k=6144: 16 x 77.937 us = 1247 us (4035.89 GFLOPS/s)
MUL_MAT_VEC f32 m=48 n=5 k=5120: 96 x 4.349 us = 417.56 us (564.964 GFLOPS/s)
MUL_MAT_VEC q6_K m=1024 n=5 k=5120: 32 x 12.198 us = 390.36 us (4297.46 GFLOPS/s)
MUL_MAT_VEC q6_K m=10240 n=5 k=5120: 48 x 109.89 us = 5274.72 us (4770.56 GFLOPS/s)
MUL_MAT_VEC q6_K m=12288 n=5 k=5120: 16 x 140.367 us = 2245.88 us (4481.69 GFLOPS/s)
MUL_MAT_VEC q6_K m=17408 n=5 k=5120: 128 x 182.871 us = 23407.6 us (4873.38 GFLOPS/s)
MUL_MAT_VEC q6_K m=248320 n=5 k=5120: 1 x 2421.16 us = 2421.16 us (5250.68 GFLOPS/s)
MUL_MAT_VEC q6_K m=6144 n=5 k=5120: 48 x 71.927 us = 3452.52 us (4373.04 GFLOPS/s)
MUL_MAT_VEC q8_0 m=5120 n=5 k=6144: 48 x 63.424 us = 3044.36 us (4959.42 GFLOPS/s)
RMS_NORM_MUL RMS_NORM(256,24,5,1): 16 x 3.817 us = 61.08 us
RMS_NORM_MUL RMS_NORM(256,4,5,1): 16 x 4.047 us = 64.76 us
RMS_NORM_MUL RMS_NORM(5120,5,1,1): 129 x 4.32 us = 557.36 us
RMS_NORM_MUL_SILU_MUL RMS_NORM(128,48,5,1): 48 x 5.87 us = 281.76 us
RMS_NORM_SCALE RMS_NORM(128,16,5,1): 96 x 2.613 us = 250.88 us
ROPE: 32 x 3.928 us = 125.72 us
SET_ROWS: 32 x 2.98 us = 95.36 us
SIGMOID_MUL SIGMOID: 16 x 3.782 us = 60.52 us
SSM_CONV_SILU SSM_CONV: 48 x 4.824 us = 231.56 us
Total time: 58676 us.
----------------
Vulkan Timings:
CONCAT: 1 x 3.92 us = 3.92 us
CONT: 1 x 3.76 us = 3.76 us
FLASH_ATTN_EXT dst(256,24,5,1),  q(256,5,24,1),  k(256,256,4,1),  v(256,256,4,1),  m(256,5,1,1): 1 x 23.2 us = 23.2 us (1355.92 GFLOPS/s)
GET_ROWS: 1 x 6.72 us = 6.72 us
GLU: 1 x 1.52 us = 1.52 us
MUL_MAT f32 m=256 n=120 k=256: 1 x 1.68 us = 1.68 us (9344 GFLOPS/s)
MUL_MAT f32 m=256 n=20 k=256: 1 x 3.2 us = 3.2 us (817.6 GFLOPS/s)
MUL_MAT f32 m=64 n=480 k=64: 1 x 3.8 us = 3.8 us (1026.69 GFLOPS/s)
MUL_MAT f32 m=64 n=80 k=64: 1 x 3.84 us = 3.84 us (169.333 GFLOPS/s)
MUL_MAT_ADD MUL_MAT_VEC q6_K m=5120 n=5 k=17408: 1 x 252.87 us = 252.87 us (3524.59 GFLOPS/s)
MUL_MAT_ADD MUL_MAT_VEC q6_K m=5120 n=5 k=6144: 1 x 85.72 us = 85.72 us (3669.47 GFLOPS/s)
MUL_MAT_VEC q6_K m=1024 n=5 k=5120: 2 x 16.1 us = 32.2 us (3256.13 GFLOPS/s)
MUL_MAT_VEC q6_K m=12288 n=5 k=5120: 1 x 172.16 us = 172.16 us (3654.07 GFLOPS/s)
MUL_MAT_VEC q6_K m=17408 n=5 k=5120: 2 x 182.02 us = 364.04 us (4896.18 GFLOPS/s)
MUL_MAT_VEC q8_0 m=5120 n=5 k=10240: 1 x 105.24 us = 105.24 us (4981.59 GFLOPS/s)
RMS_NORM_MUL RMS_NORM(256,24,5,1): 1 x 3.92 us = 3.92 us
RMS_NORM_MUL RMS_NORM(256,4,5,1): 1 x 3.8 us = 3.8 us
RMS_NORM_MUL RMS_NORM(5120,5,1,1): 5 x 12.392 us = 61.96 us
ROPE: 2 x 3.82 us = 7.64 us
SET_ROWS: 2 x 2.98 us = 5.96 us
SIGMOID_MUL SIGMOID: 1 x 1.68 us = 1.68 us
Total time: 1148.83 us.
----------------
Vulkan Timings:
CONCAT: 1 x 1.64 us = 1.64 us
CONT: 1 x 3.44 us = 3.44 us
FLASH_ATTN_EXT dst(256,24,1,1),  q(256,1,24,1),  k(256,256,4,1),  v(256,256,4,1),  m(256,1,1,1): 1 x 13.4 us = 13.4 us (469.512 GFLOPS/s)
GET_ROWS: 3 x 8.25 us = 24.75 us
GLU: 1 x 1.6 us = 1.6 us
MUL_MAT f32 m=256 n=24 k=256: 1 x 2.04 us = 2.04 us (1539.01 GFLOPS/s)
MUL_MAT f32 m=64 n=16 k=64: 1 x 1.8 us = 1.8 us (72.2489 GFLOPS/s)
MUL_MAT f32 m=64 n=96 k=64: 1 x 3.16 us = 3.16 us (246.927 GFLOPS/s)
MUL_MAT_ADD MUL_MAT_VEC q6_K m=5120 n=1 k=17408: 1 x 130.8 us = 130.8 us (1362.79 GFLOPS/s)
MUL_MAT_ADD MUL_MAT_VEC q6_K m=5120 n=1 k=6144: 1 x 53.56 us = 53.56 us (1174.56 GFLOPS/s)
MUL_MAT_VEC f32 m=256 n=4 k=256: 1 x 0.72 us = 0.72 us (726.756 GFLOPS/s)
MUL_MAT_VEC q6_K m=1024 n=1 k=5120: 2 x 8.72 us = 17.44 us (1202.38 GFLOPS/s)
MUL_MAT_VEC q6_K m=12288 n=1 k=5120: 1 x 89.8 us = 89.8 us (1401.08 GFLOPS/s)
MUL_MAT_VEC q6_K m=17408 n=1 k=5120: 2 x 118.44 us = 236.88 us (1504.9 GFLOPS/s)
MUL_MAT_VEC q6_K m=98304 n=1 k=5120: 1 x 686.64 us = 686.64 us (1465.88 GFLOPS/s)
MUL_MAT_VEC q8_0 m=5120 n=1 k=10240: 1 x 94.84 us = 94.84 us (1105.57 GFLOPS/s)
PAD: 1 x 6.36 us = 6.36 us
RMS_NORM_MUL RMS_NORM(256,24,1,1): 1 x 5.6 us = 5.6 us
RMS_NORM_MUL RMS_NORM(256,4,1,1): 1 x 4.8 us = 4.8 us
RMS_NORM_MUL RMS_NORM(5120,1,1,1): 5 x 3.992 us = 19.96 us
ROPE: 2 x 3.3 us = 6.6 us
SET_ROWS: 2 x 3.92 us = 7.84 us
SIGMOID_MUL SIGMOID: 1 x 1.52 us = 1.52 us
TOP_K K=10 (98304,1,1,1): 1 x 8.92 us = 8.92 us
Total time: 1424.11 us.
----------------
Vulkan Timings:
CONCAT: 1 x 1.84 us = 1.84 us
CONT: 1 x 3.56 us = 3.56 us
FLASH_ATTN_EXT dst(256,24,1,1),  q(256,1,24,1),  k(256,256,4,1),  v(256,256,4,1),  m(256,1,1,1): 1 x 13.8 us = 13.8 us (455.903 GFLOPS/s)
GET_ROWS: 3 x 12.59 us = 37.77 us
GLU: 1 x 1.8 us = 1.8 us
MUL_MAT f32 m=256 n=24 k=256: 1 x 1.68 us = 1.68 us (1868.8 GFLOPS/s)
MUL_MAT f32 m=64 n=16 k=64: 1 x 3.6 us = 3.6 us (36.1244 GFLOPS/s)
MUL_MAT f32 m=64 n=96 k=64: 1 x 3.56 us = 3.56 us (219.182 GFLOPS/s)
MUL_MAT_ADD MUL_MAT_VEC q6_K m=5120 n=1 k=17408: 1 x 123.56 us = 123.56 us (1442.64 GFLOPS/s)
MUL_MAT_ADD MUL_MAT_VEC q6_K m=5120 n=1 k=6144: 1 x 54 us = 54 us (1164.99 GFLOPS/s)
MUL_MAT_VEC f32 m=256 n=4 k=256: 1 x 3 us = 3 us (174.421 GFLOPS/s)
MUL_MAT_VEC q6_K m=1024 n=1 k=5120: 2 x 6.96 us = 13.92 us (1506.43 GFLOPS/s)
MUL_MAT_VEC q6_K m=12288 n=1 k=5120: 1 x 93.12 us = 93.12 us (1351.13 GFLOPS/s)
MUL_MAT_VEC q6_K m=17408 n=1 k=5120: 2 x 121.46 us = 242.92 us (1467.48 GFLOPS/s)
MUL_MAT_VEC q6_K m=98304 n=1 k=5120: 1 x 687.52 us = 687.52 us (1464.01 GFLOPS/s)
MUL_MAT_VEC q8_0 m=5120 n=1 k=10240: 1 x 101.88 us = 101.88 us (1029.18 GFLOPS/s)
PAD: 1 x 4.88 us = 4.88 us
RMS_NORM_MUL RMS_NORM(256,24,1,1): 1 x 3.6 us = 3.6 us
RMS_NORM_MUL RMS_NORM(256,4,1,1): 1 x 3.56 us = 3.56 us
RMS_NORM_MUL RMS_NORM(5120,1,1,1): 5 x 3.672 us = 18.36 us
ROPE: 2 x 3.54 us = 7.08 us
SET_ROWS: 2 x 2.86 us = 5.72 us
SIGMOID_MUL SIGMOID: 1 x 1.68 us = 1.68 us
TOP_K K=10 (98304,1,1,1): 1 x 8.92 us = 8.92 us
Total time: 1441.33 us.
----------------
Vulkan Timings:
CONCAT: 1 x 1.68 us = 1.68 us
CONT: 1 x 3.6 us = 3.6 us
FLASH_ATTN_EXT dst(256,24,1,1),  q(256,1,24,1),  k(256,256,4,1),  v(256,256,4,1),  m(256,1,1,1): 1 x 13.56 us = 13.56 us (463.972 GFLOPS/s)
GET_ROWS: 3 x 8.126 us = 24.38 us
GLU: 1 x 1.84 us = 1.84 us
MUL_MAT f32 m=256 n=24 k=256: 1 x 1.6 us = 1.6 us (1962.24 GFLOPS/s)
MUL_MAT f32 m=64 n=16 k=64: 1 x 3.56 us = 3.56 us (36.5303 GFLOPS/s)
MUL_MAT f32 m=64 n=96 k=64: 1 x 3.6 us = 3.6 us (216.747 GFLOPS/s)
MUL_MAT_ADD MUL_MAT_VEC q6_K m=5120 n=1 k=17408: 1 x 123.44 us = 123.44 us (1444.04 GFLOPS/s)
MUL_MAT_ADD MUL_MAT_VEC q6_K m=5120 n=1 k=6144: 1 x 53.72 us = 53.72 us (1171.06 GFLOPS/s)
MUL_MAT_VEC f32 m=256 n=4 k=256: 1 x 3 us = 3 us (174.421 GFLOPS/s)
MUL_MAT_VEC q6_K m=1024 n=1 k=5120: 2 x 8.72 us = 17.44 us (1202.38 GFLOPS/s)
MUL_MAT_VEC q6_K m=12288 n=1 k=5120: 1 x 85.6 us = 85.6 us (1469.82 GFLOPS/s)
MUL_MAT_VEC q6_K m=17408 n=1 k=5120: 2 x 121.24 us = 242.48 us (1470.15 GFLOPS/s)
MUL_MAT_VEC q6_K m=98304 n=1 k=5120: 1 x 679.14 us = 679.14 us (1482.07 GFLOPS/s)
MUL_MAT_VEC q8_0 m=5120 n=1 k=10240: 1 x 101.36 us = 101.36 us (1034.46 GFLOPS/s)
PAD: 1 x 6.28 us = 6.28 us
RMS_NORM_MUL RMS_NORM(256,24,1,1): 1 x 5.2 us = 5.2 us
RMS_NORM_MUL RMS_NORM(256,4,1,1): 1 x 3.52 us = 3.52 us
RMS_NORM_MUL RMS_NORM(5120,1,1,1): 5 x 3.688 us = 18.44 us
ROPE: 2 x 3.52 us = 7.04 us
SET_ROWS: 2 x 2.86 us = 5.72 us
SIGMOID_MUL SIGMOID: 1 x 1.72 us = 1.72 us
TOP_K K=10 (98304,1,1,1): 1 x 8.64 us = 8.64 us
Total time: 1416.56 us.
----------------
Vulkan Timings:
CONCAT: 1 x 1.64 us = 1.64 us
CONT: 1 x 3.56 us = 3.56 us
FLASH_ATTN_EXT dst(256,24,1,1),  q(256,1,24,1),  k(256,256,4,1),  v(256,256,4,1),  m(256,1,1,1): 1 x 13.72 us = 13.72 us (458.561 GFLOPS/s)
GET_ROWS: 3 x 7.736 us = 23.21 us
GLU: 1 x 1.88 us = 1.88 us
MUL_MAT f32 m=256 n=24 k=256: 1 x 1.64 us = 1.64 us (1914.38 GFLOPS/s)
MUL_MAT f32 m=64 n=16 k=64: 1 x 3.56 us = 3.56 us (36.5303 GFLOPS/s)
MUL_MAT f32 m=64 n=96 k=64: 1 x 3.52 us = 3.52 us (221.673 GFLOPS/s)
MUL_MAT_ADD MUL_MAT_VEC q6_K m=5120 n=1 k=17408: 1 x 122.84 us = 122.84 us (1451.1 GFLOPS/s)
MUL_MAT_ADD MUL_MAT_VEC q6_K m=5120 n=1 k=6144: 1 x 53.36 us = 53.36 us (1178.96 GFLOPS/s)
MUL_MAT_VEC f32 m=256 n=4 k=256: 1 x 2.92 us = 2.92 us (179.2 GFLOPS/s)
MUL_MAT_VEC q6_K m=1024 n=1 k=5120: 2 x 8.78 us = 17.56 us (1194.16 GFLOPS/s)
MUL_MAT_VEC q6_K m=12288 n=1 k=5120: 1 x 85.52 us = 85.52 us (1471.2 GFLOPS/s)
MUL_MAT_VEC q6_K m=17408 n=1 k=5120: 2 x 121.72 us = 243.44 us (1464.35 GFLOPS/s)
MUL_MAT_VEC q6_K m=98304 n=1 k=5120: 1 x 686.6 us = 686.6 us (1465.97 GFLOPS/s)
MUL_MAT_VEC q8_0 m=5120 n=1 k=10240: 1 x 101.84 us = 101.84 us (1029.58 GFLOPS/s)
PAD: 1 x 6.28 us = 6.28 us
RMS_NORM_MUL RMS_NORM(256,24,1,1): 1 x 5.2 us = 5.2 us
RMS_NORM_MUL RMS_NORM(256,4,1,1): 1 x 3.6 us = 3.6 us
RMS_NORM_MUL RMS_NORM(5120,1,1,1): 5 x 3.72 us = 18.6 us
ROPE: 2 x 3.54 us = 7.08 us
SET_ROWS: 2 x 2.88 us = 5.76 us
SIGMOID_MUL SIGMOID: 1 x 1.6 us = 1.6 us
TOP_K K=10 (98304,1,1,1): 1 x 9.28 us = 9.28 us
Total time: 1424.21 us.
----------------
Vulkan Timings:
ADD: 48 x 3.814 us = 183.08 us
CONT: 16 x 3.735 us = 59.76 us
FLASH_ATTN_EXT dst(256,24,5,1),  q(256,5,24,1),  k(256,256,4,1),  v(256,256,4,1),  m(256,5,1,1): 16 x 23.085 us = 369.36 us (1362.67 GFLOPS/s)
GDN_CACHE GATED_DELTA_NET: 48 x 14.482 us = 695.16 us
GDN_CONV_STATE CONCAT: 48 x 3.245 us = 155.8 us
GET_ROWS: 3 x 11.28 us = 33.84 us
GLU: 64 x 2.777 us = 177.76 us
MUL_MAT f32 m=256 n=120 k=256: 16 x 1.8 us = 28.8 us (8721.07 GFLOPS/s)
MUL_MAT f32 m=256 n=20 k=256: 16 x 3.432 us = 54.92 us (762.22 GFLOPS/s)
MUL_MAT f32 m=64 n=480 k=64: 16 x 3.597 us = 57.56 us (1084.49 GFLOPS/s)
MUL_MAT f32 m=64 n=80 k=64: 16 x 3.347 us = 53.56 us (194.246 GFLOPS/s)
MUL_MAT_ADD MUL_MAT_VEC q6_K m=5120 n=5 k=17408: 64 x 206.42 us = 13210.9 us (4317.72 GFLOPS/s)
MUL_MAT_ADD MUL_MAT_VEC q6_K m=5120 n=5 k=6144: 16 x 77.617 us = 1241.88 us (4052.53 GFLOPS/s)
MUL_MAT_VEC f32 m=48 n=5 k=5120: 96 x 4.32 us = 414.8 us (568.724 GFLOPS/s)
MUL_MAT_VEC q6_K m=1024 n=5 k=5120: 32 x 12.14 us = 388.48 us (4318.26 GFLOPS/s)
MUL_MAT_VEC q6_K m=10240 n=5 k=5120: 48 x 109.654 us = 5263.4 us (4780.82 GFLOPS/s)
MUL_MAT_VEC q6_K m=12288 n=5 k=5120: 16 x 140.452 us = 2247.24 us (4478.98 GFLOPS/s)
MUL_MAT_VEC q6_K m=17408 n=5 k=5120: 128 x 182.665 us = 23381.2 us (4878.87 GFLOPS/s)
MUL_MAT_VEC q6_K m=248320 n=5 k=5120: 1 x 2419.72 us = 2419.72 us (5253.81 GFLOPS/s)
MUL_MAT_VEC q6_K m=6144 n=5 k=5120: 48 x 71.186 us = 3416.96 us (4418.55 GFLOPS/s)
MUL_MAT_VEC q8_0 m=5120 n=5 k=6144: 48 x 63.109 us = 3029.24 us (4984.18 GFLOPS/s)
RMS_NORM_MUL RMS_NORM(256,24,5,1): 16 x 3.682 us = 58.92 us
RMS_NORM_MUL RMS_NORM(256,4,5,1): 16 x 3.875 us = 62 us
RMS_NORM_MUL RMS_NORM(5120,5,1,1): 129 x 4.241 us = 547.2 us
RMS_NORM_MUL_SILU_MUL RMS_NORM(128,48,5,1): 48 x 5.586 us = 268.16 us
RMS_NORM_SCALE RMS_NORM(128,16,5,1): 96 x 2.552 us = 245.08 us
ROPE: 32 x 3.788 us = 121.24 us
SET_ROWS: 32 x 2.9 us = 92.8 us
SIGMOID_MUL SIGMOID: 16 x 3.632 us = 58.12 us
SSM_CONV_SILU SSM_CONV: 48 x 4.685 us = 224.92 us
Total time: 58561.8 us.
----------------
Vulkan Timings:
CONCAT: 1 x 4.08 us = 4.08 us
CONT: 1 x 3.68 us = 3.68 us
FLASH_ATTN_EXT dst(256,24,5,1),  q(256,5,24,1),  k(256,256,4,1),  v(256,256,4,1),  m(256,5,1,1): 1 x 23.2 us = 23.2 us (1355.92 GFLOPS/s)
GET_ROWS: 1 x 6.6 us = 6.6 us
GLU: 1 x 1.56 us = 1.56 us
MUL_MAT f32 m=256 n=120 k=256: 1 x 1.72 us = 1.72 us (9126.7 GFLOPS/s)
MUL_MAT f32 m=256 n=20 k=256: 1 x 3.08 us = 3.08 us (849.455 GFLOPS/s)
MUL_MAT f32 m=64 n=480 k=64: 1 x 3.68 us = 3.68 us (1060.17 GFLOPS/s)
MUL_MAT f32 m=64 n=80 k=64: 1 x 3.6 us = 3.6 us (180.622 GFLOPS/s)
MUL_MAT_ADD MUL_MAT_VEC q6_K m=5120 n=5 k=17408: 1 x 234.21 us = 234.21 us (3805.41 GFLOPS/s)
MUL_MAT_ADD MUL_MAT_VEC q6_K m=5120 n=5 k=6144: 1 x 85.4 us = 85.4 us (3683.22 GFLOPS/s)
MUL_MAT_VEC q6_K m=1024 n=5 k=5120: 2 x 15.98 us = 31.96 us (3280.58 GFLOPS/s)
MUL_MAT_VEC q6_K m=12288 n=5 k=5120: 1 x 153.18 us = 153.18 us (4106.83 GFLOPS/s)
MUL_MAT_VEC q6_K m=17408 n=5 k=5120: 2 x 181.52 us = 363.04 us (4909.67 GFLOPS/s)
MUL_MAT_VEC q8_0 m=5120 n=5 k=10240: 1 x 106.68 us = 106.68 us (4914.35 GFLOPS/s)
RMS_NORM_MUL RMS_NORM(256,24,5,1): 1 x 3.72 us = 3.72 us
RMS_NORM_MUL RMS_NORM(256,4,5,1): 1 x 3.6 us = 3.6 us
RMS_NORM_MUL RMS_NORM(5120,5,1,1): 5 x 9.058 us = 45.29 us
ROPE: 2 x 3.66 us = 7.32 us
SET_ROWS: 2 x 2.94 us = 5.88 us
SIGMOID_MUL SIGMOID: 1 x 1.72 us = 1.72 us
Total time: 1093.2 us.
----------------
Vulkan Timings:
CONCAT: 1 x 1.68 us = 1.68 us
CONT: 1 x 3.64 us = 3.64 us
FLASH_ATTN_EXT dst(256,24,1,1),  q(256,1,24,1),  k(256,256,4,1),  v(256,256,4,1),  m(256,1,1,1): 1 x 13.64 us = 13.64 us (461.25 GFLOPS/s)
GET_ROWS: 3 x 5.133 us = 15.4 us
GLU: 1 x 1.56 us = 1.56 us
MUL_MAT f32 m=256 n=24 k=256: 1 x 1.56 us = 1.56 us (2012.55 GFLOPS/s)
MUL_MAT f32 m=64 n=16 k=64: 1 x 1.76 us = 1.76 us (73.8909 GFLOPS/s)
MUL_MAT f32 m=64 n=96 k=64: 1 x 3.28 us = 3.28 us (237.893 GFLOPS/s)
MUL_MAT_ADD MUL_MAT_VEC q6_K m=5120 n=1 k=17408: 1 x 129.64 us = 129.64 us (1374.98 GFLOPS/s)
MUL_MAT_ADD MUL_MAT_VEC q6_K m=5120 n=1 k=6144: 1 x 53.32 us = 53.32 us (1179.85 GFLOPS/s)
MUL_MAT_VEC f32 m=256 n=4 k=256: 1 x 3.16 us = 3.16 us (165.59 GFLOPS/s)
MUL_MAT_VEC q6_K m=1024 n=1 k=5120: 2 x 8.72 us = 17.44 us (1202.38 GFLOPS/s)
MUL_MAT_VEC q6_K m=12288 n=1 k=5120: 1 x 89.76 us = 89.76 us (1401.7 GFLOPS/s)
MUL_MAT_VEC q6_K m=17408 n=1 k=5120: 2 x 118.66 us = 237.32 us (1502.11 GFLOPS/s)
MUL_MAT_VEC q6_K m=98304 n=1 k=5120: 1 x 674.09 us = 674.09 us (1493.18 GFLOPS/s)
MUL_MAT_VEC q8_0 m=5120 n=1 k=10240: 1 x 93.76 us = 93.76 us (1118.31 GFLOPS/s)
PAD: 1 x 6.48 us = 6.48 us
RMS_NORM_MUL RMS_NORM(256,24,1,1): 1 x 5.84 us = 5.84 us
RMS_NORM_MUL RMS_NORM(256,4,1,1): 1 x 5.12 us = 5.12 us
RMS_NORM_MUL RMS_NORM(5120,1,1,1): 5 x 3.936 us = 19.68 us
ROPE: 2 x 3.46 us = 6.92 us
SET_ROWS: 2 x 2.84 us = 5.68 us
SIGMOID_MUL SIGMOID: 1 x 1.52 us = 1.52 us
TOP_K K=10 (98304,1,1,1): 1 x 9.16 us = 9.16 us
Total time: 1401.41 us.
----------------
Vulkan Timings:
CONCAT: 1 x 1.64 us = 1.64 us
CONT: 1 x 3.68 us = 3.68 us
FLASH_ATTN_EXT dst(256,24,1,1),  q(256,1,24,1),  k(256,256,4,1),  v(256,256,4,1),  m(256,1,1,1): 1 x 13.8 us = 13.8 us (455.903 GFLOPS/s)
GET_ROWS: 3 x 4.853 us = 14.56 us
GLU: 1 x 1.84 us = 1.84 us
MUL_MAT f32 m=256 n=24 k=256: 1 x 1.68 us = 1.68 us (1868.8 GFLOPS/s)
MUL_MAT f32 m=64 n=16 k=64: 1 x 3.72 us = 3.72 us (34.9591 GFLOPS/s)
MUL_MAT f32 m=64 n=96 k=64: 1 x 3.72 us = 3.72 us (209.755 GFLOPS/s)
MUL_MAT_ADD MUL_MAT_VEC q6_K m=5120 n=1 k=17408: 1 x 124.28 us = 124.28 us (1434.28 GFLOPS/s)
MUL_MAT_ADD MUL_MAT_VEC q6_K m=5120 n=1 k=6144: 1 x 53.6 us = 53.6 us (1173.68 GFLOPS/s)
MUL_MAT_VEC f32 m=256 n=4 k=256: 1 x 3.12 us = 3.12 us (167.713 GFLOPS/s)
MUL_MAT_VEC q6_K m=1024 n=1 k=5120: 2 x 8.74 us = 17.48 us (1199.63 GFLOPS/s)
MUL_MAT_VEC q6_K m=12288 n=1 k=5120: 1 x 85.52 us = 85.52 us (1471.2 GFLOPS/s)
MUL_MAT_VEC q6_K m=17408 n=1 k=5120: 2 x 121.08 us = 242.16 us (1472.09 GFLOPS/s)
MUL_MAT_VEC q6_K m=98304 n=1 k=5120: 1 x 673.27 us = 673.27 us (1494.99 GFLOPS/s)
MUL_MAT_VEC q8_0 m=5120 n=1 k=10240: 1 x 101.6 us = 101.6 us (1032.01 GFLOPS/s)
PAD: 1 x 6.52 us = 6.52 us
RMS_NORM_MUL RMS_NORM(256,24,1,1): 1 x 5.52 us = 5.52 us
RMS_NORM_MUL RMS_NORM(256,4,1,1): 1 x 3.72 us = 3.72 us
RMS_NORM_MUL RMS_NORM(5120,1,1,1): 5 x 3.672 us = 18.36 us
ROPE: 2 x 3.72 us = 7.44 us
SET_ROWS: 2 x 2.96 us = 5.92 us
SIGMOID_MUL SIGMOID: 1 x 1.64 us = 1.64 us
TOP_K K=10 (98304,1,1,1): 1 x 8.68 us = 8.68 us
Total time: 1403.47 us.
----------------
Vulkan Timings:
CONCAT: 1 x 1.64 us = 1.64 us
CONT: 1 x 3.76 us = 3.76 us
FLASH_ATTN_EXT dst(256,24,1,1),  q(256,1,24,1),  k(256,256,4,1),  v(256,256,4,1),  m(256,1,1,1): 1 x 13.72 us = 13.72 us (458.561 GFLOPS/s)
GET_ROWS: 3 x 4.906 us = 14.72 us
GLU: 1 x 1.84 us = 1.84 us
MUL_MAT f32 m=256 n=24 k=256: 1 x 1.6 us = 1.6 us (1962.24 GFLOPS/s)
MUL_MAT f32 m=64 n=16 k=64: 1 x 3.72 us = 3.72 us (34.9591 GFLOPS/s)
MUL_MAT f32 m=64 n=96 k=64: 1 x 3.72 us = 3.72 us (209.755 GFLOPS/s)
MUL_MAT_ADD MUL_MAT_VEC q6_K m=5120 n=1 k=17408: 1 x 122.6 us = 122.6 us (1453.94 GFLOPS/s)
MUL_MAT_ADD MUL_MAT_VEC q6_K m=5120 n=1 k=6144: 1 x 53.32 us = 53.32 us (1179.85 GFLOPS/s)
MUL_MAT_VEC f32 m=256 n=4 k=256: 1 x 3.12 us = 3.12 us (167.713 GFLOPS/s)
MUL_MAT_VEC q6_K m=1024 n=1 k=5120: 2 x 8.92 us = 17.84 us (1175.42 GFLOPS/s)
MUL_MAT_VEC q6_K m=12288 n=1 k=5120: 1 x 86.04 us = 86.04 us (1462.31 GFLOPS/s)
MUL_MAT_VEC q6_K m=17408 n=1 k=5120: 2 x 121.02 us = 242.04 us (1472.82 GFLOPS/s)
MUL_MAT_VEC q6_K m=98304 n=1 k=5120: 1 x 672.76 us = 672.76 us (1496.13 GFLOPS/s)
MUL_MAT_VEC q8_0 m=5120 n=1 k=10240: 1 x 100.6 us = 100.6 us (1042.27 GFLOPS/s)
PAD: 1 x 6.4 us = 6.4 us
RMS_NORM_MUL RMS_NORM(256,24,1,1): 1 x 5.52 us = 5.52 us
RMS_NORM_MUL RMS_NORM(256,4,1,1): 1 x 3.68 us = 3.68 us
RMS_NORM_MUL RMS_NORM(5120,1,1,1): 5 x 3.624 us = 18.12 us
ROPE: 2 x 3.66 us = 7.32 us
SET_ROWS: 2 x 2.92 us = 5.84 us
SIGMOID_MUL SIGMOID: 1 x 1.68 us = 1.68 us
TOP_K K=10 (98304,1,1,1): 1 x 9.12 us = 9.12 us
Total time: 1400.72 us.
----------------
Vulkan Timings:
CONCAT: 1 x 1.92 us = 1.92 us
CONT: 1 x 3.72 us = 3.72 us
FLASH_ATTN_EXT dst(256,24,1,1),  q(256,1,24,1),  k(256,256,4,1),  v(256,256,4,1),  m(256,1,1,1): 1 x 16.36 us = 16.36 us (384.563 GFLOPS/s)
GET_ROWS: 3 x 4.933 us = 14.8 us
GLU: 1 x 1.84 us = 1.84 us
MUL_MAT f32 m=256 n=24 k=256: 1 x 1.68 us = 1.68 us (1868.8 GFLOPS/s)
MUL_MAT f32 m=64 n=16 k=64: 1 x 3.72 us = 3.72 us (34.9591 GFLOPS/s)
MUL_MAT f32 m=64 n=96 k=64: 1 x 3.72 us = 3.72 us (209.755 GFLOPS/s)
MUL_MAT_ADD MUL_MAT_VEC q6_K m=5120 n=1 k=17408: 1 x 123 us = 123 us (1449.21 GFLOPS/s)
MUL_MAT_ADD MUL_MAT_VEC q6_K m=5120 n=1 k=6144: 1 x 53.52 us = 53.52 us (1175.44 GFLOPS/s)
MUL_MAT_VEC f32 m=256 n=4 k=256: 1 x 3.12 us = 3.12 us (167.713 GFLOPS/s)
MUL_MAT_VEC q6_K m=1024 n=1 k=5120: 2 x 8.72 us = 17.44 us (1202.38 GFLOPS/s)
MUL_MAT_VEC q6_K m=12288 n=1 k=5120: 1 x 86.12 us = 86.12 us (1460.95 GFLOPS/s)
MUL_MAT_VEC q6_K m=17408 n=1 k=5120: 2 x 121.06 us = 242.12 us (1472.33 GFLOPS/s)
MUL_MAT_VEC q6_K m=98304 n=1 k=5120: 1 x 674.26 us = 674.26 us (1492.8 GFLOPS/s)
MUL_MAT_VEC q8_0 m=5120 n=1 k=10240: 1 x 101.92 us = 101.92 us (1028.77 GFLOPS/s)
PAD: 1 x 6.44 us = 6.44 us
RMS_NORM_MUL RMS_NORM(256,24,1,1): 1 x 5.52 us = 5.52 us
RMS_NORM_MUL RMS_NORM(256,4,1,1): 1 x 3.68 us = 3.68 us
RMS_NORM_MUL RMS_NORM(5120,1,1,1): 5 x 3.664 us = 18.32 us
ROPE: 2 x 3.68 us = 7.36 us
SET_ROWS: 2 x 2 us = 4 us
SIGMOID_MUL SIGMOID: 1 x 1.64 us = 1.64 us
TOP_K K=10 (98304,1,1,1): 1 x 8.68 us = 8.68 us
Total time: 1404.9 us.
----------------
Vulkan Timings:
ADD: 48 x 3.979 us = 191 us
CONT: 16 x 3.907 us = 62.52 us
FLASH_ATTN_EXT dst(256,24,5,1),  q(256,5,24,1),  k(256,256,4,1),  v(256,256,4,1),  m(256,5,1,1): 16 x 23.485 us = 375.76 us (1339.46 GFLOPS/s)
GDN_CACHE GATED_DELTA_NET: 48 x 13.71 us = 658.12 us
GDN_CONV_STATE CONCAT: 48 x 3.129 us = 150.2 us
GET_ROWS: 3 x 11.453 us = 34.36 us
GLU: 64 x 2.842 us = 181.92 us
MUL_MAT f32 m=256 n=120 k=256: 16 x 1.81 us = 28.96 us (8672.88 GFLOPS/s)
MUL_MAT f32 m=256 n=20 k=256: 16 x 3.587 us = 57.4 us (729.288 GFLOPS/s)
MUL_MAT f32 m=64 n=480 k=64: 16 x 3.76 us = 60.16 us (1037.62 GFLOPS/s)
MUL_MAT f32 m=64 n=80 k=64: 16 x 3.472 us = 55.56 us (187.254 GFLOPS/s)
MUL_MAT_ADD MUL_MAT_VEC q6_K m=5120 n=5 k=17408: 64 x 207.242 us = 13263.5 us (4300.59 GFLOPS/s)
MUL_MAT_ADD MUL_MAT_VEC q6_K m=5120 n=5 k=6144: 16 x 77.44 us = 1239.04 us (4061.82 GFLOPS/s)
MUL_MAT_VEC f32 m=48 n=5 k=5120: 96 x 4.437 us = 426 us (553.771 GFLOPS/s)
MUL_MAT_VEC q6_K m=1024 n=5 k=5120: 32 x 12.222 us = 391.12 us (4289.11 GFLOPS/s)
MUL_MAT_VEC q6_K m=10240 n=5 k=5120: 48 x 110.207 us = 5289.96 us (4756.82 GFLOPS/s)
MUL_MAT_VEC q6_K m=12288 n=5 k=5120: 16 x 140.657 us = 2250.52 us (4472.45 GFLOPS/s)
MUL_MAT_VEC q6_K m=17408 n=5 k=5120: 128 x 183.322 us = 23465.3 us (4861.38 GFLOPS/s)
MUL_MAT_VEC q6_K m=248320 n=5 k=5120: 1 x 2421.08 us = 2421.08 us (5250.86 GFLOPS/s)
MUL_MAT_VEC q6_K m=6144 n=5 k=5120: 48 x 72.106 us = 3461.12 us (4362.18 GFLOPS/s)
MUL_MAT_VEC q8_0 m=5120 n=5 k=6144: 48 x 63.37 us = 3041.76 us (4963.66 GFLOPS/s)
RMS_NORM_MUL RMS_NORM(256,24,5,1): 16 x 3.837 us = 61.4 us
RMS_NORM_MUL RMS_NORM(256,4,5,1): 16 x 4.072 us = 65.16 us
RMS_NORM_MUL RMS_NORM(5120,5,1,1): 129 x 4.348 us = 560.96 us
RMS_NORM_MUL_SILU_MUL RMS_NORM(128,48,5,1): 48 x 5.895 us = 282.96 us
RMS_NORM_SCALE RMS_NORM(128,16,5,1): 96 x 2.566 us = 246.4 us
ROPE: 32 x 3.947 us = 126.32 us
SET_ROWS: 32 x 2.881 us = 92.2 us
SIGMOID_MUL SIGMOID: 16 x 3.807 us = 60.92 us
SSM_CONV_SILU SSM_CONV: 48 x 4.841 us = 232.4 us
Total time: 58834.1 us.
----------------
Vulkan Timings:
CONCAT: 1 x 3.84 us = 3.84 us
CONT: 1 x 3.84 us = 3.84 us
FLASH_ATTN_EXT dst(256,24,5,1),  q(256,5,24,1),  k(256,256,4,1),  v(256,256,4,1),  m(256,5,1,1): 1 x 23.24 us = 23.24 us (1353.58 GFLOPS/s)
GET_ROWS: 1 x 6.68 us = 6.68 us
GLU: 1 x 1.52 us = 1.52 us
MUL_MAT f32 m=256 n=120 k=256: 1 x 1.68 us = 1.68 us (9344 GFLOPS/s)
MUL_MAT f32 m=256 n=20 k=256: 1 x 3.2 us = 3.2 us (817.6 GFLOPS/s)
MUL_MAT f32 m=64 n=480 k=64: 1 x 3.84 us = 3.84 us (1016 GFLOPS/s)
MUL_MAT f32 m=64 n=80 k=64: 1 x 6.36 us = 6.36 us (102.239 GFLOPS/s)
MUL_MAT_ADD MUL_MAT_VEC q6_K m=5120 n=5 k=17408: 1 x 233.83 us = 233.83 us (3811.59 GFLOPS/s)
MUL_MAT_ADD MUL_MAT_VEC q6_K m=5120 n=5 k=6144: 1 x 85.92 us = 85.92 us (3660.93 GFLOPS/s)
MUL_MAT_VEC q6_K m=1024 n=5 k=5120: 2 x 16.14 us = 32.28 us (3248.06 GFLOPS/s)
MUL_MAT_VEC q6_K m=12288 n=5 k=5120: 1 x 155.42 us = 155.42 us (4047.64 GFLOPS/s)
MUL_MAT_VEC q6_K m=17408 n=5 k=5120: 2 x 182.42 us = 364.84 us (4885.44 GFLOPS/s)
MUL_MAT_VEC q8_0 m=5120 n=5 k=10240: 1 x 105.48 us = 105.48 us (4970.25 GFLOPS/s)
RMS_NORM_MUL RMS_NORM(256,24,5,1): 1 x 3.92 us = 3.92 us
RMS_NORM_MUL RMS_NORM(256,4,5,1): 1 x 3.8 us = 3.8 us
RMS_NORM_MUL RMS_NORM(5120,5,1,1): 5 x 9.178 us = 45.89 us
ROPE: 2 x 3.78 us = 7.56 us
SET_ROWS: 2 x 3.04 us = 6.08 us
SIGMOID_MUL SIGMOID: 1 x 2 us = 2 us
Total time: 1101.22 us.
----------------
Vulkan Timings:
CONCAT: 1 x 1.64 us = 1.64 us
CONT: 1 x 3.48 us = 3.48 us
FLASH_ATTN_EXT dst(256,24,1,1),  q(256,1,24,1),  k(256,256,4,1),  v(256,256,4,1),  m(256,1,1,1): 1 x 13.44 us = 13.44 us (468.114 GFLOPS/s)
GET_ROWS: 3 x 6.546 us = 19.64 us
GLU: 1 x 1.56 us = 1.56 us
MUL_MAT f32 m=256 n=24 k=256: 1 x 1.48 us = 1.48 us (2121.34 GFLOPS/s)
MUL_MAT f32 m=64 n=16 k=64: 1 x 1.8 us = 1.8 us (72.2489 GFLOPS/s)
MUL_MAT f32 m=64 n=96 k=64: 1 x 3.2 us = 3.2 us (243.84 GFLOPS/s)
MUL_MAT_ADD MUL_MAT_VEC q6_K m=5120 n=1 k=17408: 1 x 129.52 us = 129.52 us (1376.26 GFLOPS/s)
MUL_MAT_ADD MUL_MAT_VEC q6_K m=5120 n=1 k=6144: 1 x 53.64 us = 53.64 us (1172.81 GFLOPS/s)
MUL_MAT_VEC f32 m=256 n=4 k=256: 1 x 2.96 us = 2.96 us (176.778 GFLOPS/s)
MUL_MAT_VEC q6_K m=1024 n=1 k=5120: 2 x 8.78 us = 17.56 us (1194.16 GFLOPS/s)
MUL_MAT_VEC q6_K m=12288 n=1 k=5120: 1 x 89.88 us = 89.88 us (1399.83 GFLOPS/s)
MUL_MAT_VEC q6_K m=17408 n=1 k=5120: 2 x 118.56 us = 237.12 us (1503.38 GFLOPS/s)
MUL_MAT_VEC q6_K m=98304 n=1 k=5120: 1 x 672.67 us = 672.67 us (1496.33 GFLOPS/s)
MUL_MAT_VEC q8_0 m=5120 n=1 k=10240: 1 x 93.96 us = 93.96 us (1115.93 GFLOPS/s)
PAD: 1 x 4.88 us = 4.88 us
RMS_NORM_MUL RMS_NORM(256,24,1,1): 1 x 5.64 us = 5.64 us
RMS_NORM_MUL RMS_NORM(256,4,1,1): 1 x 4.8 us = 4.8 us
RMS_NORM_MUL RMS_NORM(5120,1,1,1): 5 x 4.032 us = 20.16 us
ROPE: 2 x 3.3 us = 6.6 us
SET_ROWS: 2 x 2.76 us = 5.52 us
SIGMOID_MUL SIGMOID: 1 x 1.6 us = 1.6 us
TOP_K K=10 (98304,1,1,1): 1 x 8.56 us = 8.56 us
Total time: 1401.31 us.
----------------
Vulkan Timings:
CONCAT: 1 x 1.64 us = 1.64 us
CONT: 1 x 3.56 us = 3.56 us
FLASH_ATTN_EXT dst(256,24,1,1),  q(256,1,24,1),  k(256,256,4,1),  v(256,256,4,1),  m(256,1,1,1): 1 x 13.84 us = 13.84 us (454.585 GFLOPS/s)
GET_ROWS: 3 x 4.826 us = 14.48 us
GLU: 1 x 1.8 us = 1.8 us
MUL_MAT f32 m=256 n=24 k=256: 1 x 1.64 us = 1.64 us (1914.38 GFLOPS/s)
MUL_MAT f32 m=64 n=16 k=64: 1 x 3.56 us = 3.56 us (36.5303 GFLOPS/s)
MUL_MAT f32 m=64 n=96 k=64: 1 x 3.56 us = 3.56 us (219.182 GFLOPS/s)
MUL_MAT_ADD MUL_MAT_VEC q6_K m=5120 n=1 k=17408: 1 x 122.76 us = 122.76 us (1452.04 GFLOPS/s)
MUL_MAT_ADD MUL_MAT_VEC q6_K m=5120 n=1 k=6144: 1 x 53.72 us = 53.72 us (1171.06 GFLOPS/s)
MUL_MAT_VEC f32 m=256 n=4 k=256: 1 x 2.96 us = 2.96 us (176.778 GFLOPS/s)
MUL_MAT_VEC q6_K m=1024 n=1 k=5120: 2 x 6.86 us = 13.72 us (1528.39 GFLOPS/s)
MUL_MAT_VEC q6_K m=12288 n=1 k=5120: 1 x 93.16 us = 93.16 us (1350.55 GFLOPS/s)
MUL_MAT_VEC q6_K m=17408 n=1 k=5120: 2 x 120.96 us = 241.92 us (1473.55 GFLOPS/s)
MUL_MAT_VEC q6_K m=98304 n=1 k=5120: 1 x 671.92 us = 671.92 us (1498 GFLOPS/s)
MUL_MAT_VEC q8_0 m=5120 n=1 k=10240: 1 x 100.88 us = 100.88 us (1039.38 GFLOPS/s)
PAD: 1 x 6.28 us = 6.28 us
RMS_NORM_MUL RMS_NORM(256,24,1,1): 1 x 3.6 us = 3.6 us
RMS_NORM_MUL RMS_NORM(256,4,1,1): 1 x 3.56 us = 3.56 us
RMS_NORM_MUL RMS_NORM(5120,1,1,1): 5 x 3.712 us = 18.56 us
ROPE: 2 x 3.52 us = 7.04 us
SET_ROWS: 2 x 2.9 us = 5.8 us
SIGMOID_MUL SIGMOID: 1 x 1.88 us = 1.88 us
TOP_K K=10 (98304,1,1,1): 1 x 8.76 us = 8.76 us
Total time: 1400.6 us.
----------------
Vulkan Timings:
CONCAT: 1 x 1.68 us = 1.68 us
CONT: 1 x 3.56 us = 3.56 us
FLASH_ATTN_EXT dst(256,24,1,1),  q(256,1,24,1),  k(256,256,4,1),  v(256,256,4,1),  m(256,1,1,1): 1 x 13.64 us = 13.64 us (461.25 GFLOPS/s)
GET_ROWS: 3 x 4.746 us = 14.24 us
GLU: 1 x 1.76 us = 1.76 us
MUL_MAT f32 m=256 n=24 k=256: 1 x 1.64 us = 1.64 us (1914.38 GFLOPS/s)
MUL_MAT f32 m=64 n=16 k=64: 1 x 3.56 us = 3.56 us (36.5303 GFLOPS/s)
MUL_MAT f32 m=64 n=96 k=64: 1 x 3.56 us = 3.56 us (219.182 GFLOPS/s)
MUL_MAT_ADD MUL_MAT_VEC q6_K m=5120 n=1 k=17408: 1 x 123.4 us = 123.4 us (1444.51 GFLOPS/s)
MUL_MAT_ADD MUL_MAT_VEC q6_K m=5120 n=1 k=6144: 1 x 53.8 us = 53.8 us (1169.32 GFLOPS/s)
MUL_MAT_VEC f32 m=256 n=4 k=256: 1 x 2.96 us = 2.96 us (176.778 GFLOPS/s)
MUL_MAT_VEC q6_K m=1024 n=1 k=5120: 2 x 10.02 us = 20.04 us (1046.38 GFLOPS/s)
MUL_MAT_VEC q6_K m=12288 n=1 k=5120: 1 x 85.64 us = 85.64 us (1469.14 GFLOPS/s)
MUL_MAT_VEC q6_K m=17408 n=1 k=5120: 2 x 121.16 us = 242.32 us (1471.12 GFLOPS/s)
MUL_MAT_VEC q6_K m=98304 n=1 k=5120: 1 x 673.65 us = 673.65 us (1494.15 GFLOPS/s)
MUL_MAT_VEC q8_0 m=5120 n=1 k=10240: 1 x 101.2 us = 101.2 us (1036.09 GFLOPS/s)
PAD: 1 x 6.28 us = 6.28 us
RMS_NORM_MUL RMS_NORM(256,24,1,1): 1 x 3.6 us = 3.6 us
RMS_NORM_MUL RMS_NORM(256,4,1,1): 1 x 3.6 us = 3.6 us
RMS_NORM_MUL RMS_NORM(5120,1,1,1): 5 x 3.648 us = 18.24 us
ROPE: 2 x 3.56 us = 7.12 us
SET_ROWS: 2 x 2.92 us = 5.84 us
SIGMOID_MUL SIGMOID: 1 x 1.64 us = 1.64 us
TOP_K K=10 (98304,1,1,1): 1 x 8.92 us = 8.92 us
Total time: 1401.89 us.
----------------
Vulkan Timings:
CONCAT: 1 x 1.64 us = 1.64 us
CONT: 1 x 3.52 us = 3.52 us
FLASH_ATTN_EXT dst(256,24,1,1),  q(256,1,24,1),  k(256,256,4,1),  v(256,256,4,1),  m(256,1,1,1): 1 x 13.72 us = 13.72 us (458.561 GFLOPS/s)
GET_ROWS: 3 x 4.8 us = 14.4 us
GLU: 1 x 1.76 us = 1.76 us
MUL_MAT f32 m=256 n=24 k=256: 1 x 1.6 us = 1.6 us (1962.24 GFLOPS/s)
MUL_MAT f32 m=64 n=16 k=64: 1 x 3.56 us = 3.56 us (36.5303 GFLOPS/s)
MUL_MAT f32 m=64 n=96 k=64: 1 x 3.6 us = 3.6 us (216.747 GFLOPS/s)
MUL_MAT_ADD MUL_MAT_VEC q6_K m=5120 n=1 k=17408: 1 x 123.36 us = 123.36 us (1444.98 GFLOPS/s)
MUL_MAT_ADD MUL_MAT_VEC q6_K m=5120 n=1 k=6144: 1 x 53.32 us = 53.32 us (1179.85 GFLOPS/s)
MUL_MAT_VEC f32 m=256 n=4 k=256: 1 x 2.96 us = 2.96 us (176.778 GFLOPS/s)
MUL_MAT_VEC q6_K m=1024 n=1 k=5120: 2 x 6.82 us = 13.64 us (1537.35 GFLOPS/s)
MUL_MAT_VEC q6_K m=12288 n=1 k=5120: 1 x 93.08 us = 93.08 us (1351.71 GFLOPS/s)
MUL_MAT_VEC q6_K m=17408 n=1 k=5120: 2 x 121.4 us = 242.8 us (1468.21 GFLOPS/s)
MUL_MAT_VEC q6_K m=98304 n=1 k=5120: 1 x 673.32 us = 673.32 us (1494.88 GFLOPS/s)
MUL_MAT_VEC q8_0 m=5120 n=1 k=10240: 1 x 102.04 us = 102.04 us (1027.56 GFLOPS/s)
PAD: 1 x 6.28 us = 6.28 us
RMS_NORM_MUL RMS_NORM(256,24,1,1): 1 x 3.6 us = 3.6 us
RMS_NORM_MUL RMS_NORM(256,4,1,1): 1 x 3.52 us = 3.52 us
RMS_NORM_MUL RMS_NORM(5120,1,1,1): 5 x 3.664 us = 18.32 us
ROPE: 2 x 3.56 us = 7.12 us
SET_ROWS: 2 x 2.86 us = 5.72 us
SIGMOID_MUL SIGMOID: 1 x 1.68 us = 1.68 us
TOP_K K=10 (98304,1,1,1): 1 x 8.52 us = 8.52 us
Total time: 1403.08 us.
----------------
Vulkan Timings:
ADD: 48 x 3.805 us = 182.68 us
CONT: 16 x 3.747 us = 59.96 us
FLASH_ATTN_EXT dst(256,24,5,1),  q(256,5,24,1),  k(256,256,4,1),  v(256,256,4,1),  m(256,5,1,1): 16 x 23.167 us = 370.68 us (1357.82 GFLOPS/s)
GDN_CACHE GATED_DELTA_NET: 48 x 14.685 us = 704.88 us
GDN_CONV_STATE CONCAT: 48 x 3.263 us = 156.64 us
GET_ROWS: 3 x 11.546 us = 34.64 us
GLU: 64 x 2.833 us = 181.32 us
MUL_MAT f32 m=256 n=120 k=256: 16 x 1.822 us = 29.16 us (8613.4 GFLOPS/s)
MUL_MAT f32 m=256 n=20 k=256: 16 x 3.292 us = 52.68 us (794.63 GFLOPS/s)
MUL_MAT f32 m=64 n=480 k=64: 16 x 3.602 us = 57.64 us (1082.98 GFLOPS/s)
MUL_MAT f32 m=64 n=80 k=64: 16 x 3.342 us = 53.48 us (194.537 GFLOPS/s)
MUL_MAT_ADD MUL_MAT_VEC q6_K m=5120 n=5 k=17408: 64 x 206.797 us = 13235 us (4309.84 GFLOPS/s)
MUL_MAT_ADD MUL_MAT_VEC q6_K m=5120 n=5 k=6144: 16 x 77.305 us = 1236.88 us (4068.91 GFLOPS/s)
MUL_MAT_VEC f32 m=48 n=5 k=5120: 96 x 4.332 us = 415.96 us (567.138 GFLOPS/s)
MUL_MAT_VEC q6_K m=1024 n=5 k=5120: 32 x 12.155 us = 388.96 us (4312.93 GFLOPS/s)
MUL_MAT_VEC q6_K m=10240 n=5 k=5120: 48 x 109.901 us = 5275.28 us (4770.05 GFLOPS/s)
MUL_MAT_VEC q6_K m=12288 n=5 k=5120: 16 x 140.63 us = 2250.08 us (4473.33 GFLOPS/s)
MUL_MAT_VEC q6_K m=17408 n=5 k=5120: 128 x 182.994 us = 23423.3 us (4870.1 GFLOPS/s)
MUL_MAT_VEC q6_K m=248320 n=5 k=5120: 1 x 2410.36 us = 2410.36 us (5274.21 GFLOPS/s)
MUL_MAT_VEC q6_K m=6144 n=5 k=5120: 48 x 71.079 us = 3411.8 us (4425.24 GFLOPS/s)
MUL_MAT_VEC q8_0 m=5120 n=5 k=6144: 48 x 63.099 us = 3028.76 us (4984.97 GFLOPS/s)
RMS_NORM_MUL RMS_NORM(256,24,5,1): 16 x 3.675 us = 58.8 us
RMS_NORM_MUL RMS_NORM(256,4,5,1): 16 x 3.875 us = 62 us
RMS_NORM_MUL RMS_NORM(5120,5,1,1): 129 x 4.291 us = 553.56 us
RMS_NORM_MUL_SILU_MUL RMS_NORM(128,48,5,1): 48 x 5.57 us = 267.4 us
RMS_NORM_SCALE RMS_NORM(128,16,5,1): 96 x 2.555 us = 245.32 us
ROPE: 32 x 3.791 us = 121.32 us
SET_ROWS: 32 x 2.912 us = 93.2 us
SIGMOID_MUL SIGMOID: 16 x 3.645 us = 58.32 us
SSM_CONV_SILU SSM_CONV: 48 x 4.685 us = 224.92 us
Total time: 58645 us.
----------------
Vulkan Timings:
CONCAT: 1 x 4.36 us = 4.36 us
CONT: 1 x 3.64 us = 3.64 us
FLASH_ATTN_EXT dst(256,24,5,1),  q(256,5,24,1),  k(256,256,4,1),  v(256,256,4,1),  m(256,5,1,1): 1 x 23.2 us = 23.2 us (1355.92 GFLOPS/s)
GET_ROWS: 1 x 6.64 us = 6.64 us
GLU: 1 x 1.48 us = 1.48 us
MUL_MAT f32 m=256 n=120 k=256: 1 x 1.72 us = 1.72 us (9126.7 GFLOPS/s)
MUL_MAT f32 m=256 n=20 k=256: 1 x 3 us = 3 us (872.107 GFLOPS/s)
MUL_MAT f32 m=64 n=480 k=64: 1 x 3.64 us = 3.64 us (1071.82 GFLOPS/s)
MUL_MAT f32 m=64 n=80 k=64: 1 x 3.6 us = 3.6 us (180.622 GFLOPS/s)
MUL_MAT_ADD MUL_MAT_VEC q6_K m=5120 n=5 k=17408: 1 x 235.1 us = 235.1 us (3791 GFLOPS/s)
MUL_MAT_ADD MUL_MAT_VEC q6_K m=5120 n=5 k=6144: 1 x 85.44 us = 85.44 us (3681.5 GFLOPS/s)
MUL_MAT_VEC q6_K m=1024 n=5 k=5120: 2 x 15.88 us = 31.76 us (3301.24 GFLOPS/s)
MUL_MAT_VEC q6_K m=12288 n=5 k=5120: 1 x 151.88 us = 151.88 us (4141.98 GFLOPS/s)
MUL_MAT_VEC q6_K m=17408 n=5 k=5120: 2 x 180.48 us = 360.96 us (4937.96 GFLOPS/s)
MUL_MAT_VEC q8_0 m=5120 n=5 k=10240: 1 x 106.04 us = 106.04 us (4944.01 GFLOPS/s)
RMS_NORM_MUL RMS_NORM(256,24,5,1): 1 x 3.76 us = 3.76 us
RMS_NORM_MUL RMS_NORM(256,4,5,1): 1 x 3.64 us = 3.64 us
RMS_NORM_MUL RMS_NORM(5120,5,1,1): 5 x 9.286 us = 46.43 us
ROPE: 2 x 3.66 us = 7.32 us
SET_ROWS: 2 x 2.92 us = 5.84 us
SIGMOID_MUL SIGMOID: 1 x 1.68 us = 1.68 us
Total time: 1091.13 us.
----------------
Vulkan Timings:
CONCAT: 1 x 1.68 us = 1.68 us
CONT: 1 x 3.6 us = 3.6 us
FLASH_ATTN_EXT dst(256,24,1,1),  q(256,1,24,1),  k(256,256,4,1),  v(256,256,4,1),  m(256,1,1,1): 1 x 13.6 us = 13.6 us (462.607 GFLOPS/s)
GET_ROWS: 3 x 5.053 us = 15.16 us
GLU: 1 x 1.68 us = 1.68 us
MUL_MAT f32 m=256 n=24 k=256: 1 x 1.44 us = 1.44 us (2180.27 GFLOPS/s)
MUL_MAT f32 m=64 n=16 k=64: 1 x 1.8 us = 1.8 us (72.2489 GFLOPS/s)
MUL_MAT f32 m=64 n=96 k=64: 1 x 3.28 us = 3.28 us (237.893 GFLOPS/s)
MUL_MAT_ADD MUL_MAT_VEC q6_K m=5120 n=1 k=17408: 1 x 129.84 us = 129.84 us (1372.87 GFLOPS/s)
MUL_MAT_ADD MUL_MAT_VEC q6_K m=5120 n=1 k=6144: 1 x 53.36 us = 53.36 us (1178.96 GFLOPS/s)
MUL_MAT_VEC f32 m=256 n=4 k=256: 1 x 3.12 us = 3.12 us (167.713 GFLOPS/s)
MUL_MAT_VEC q6_K m=1024 n=1 k=5120: 2 x 8.88 us = 17.76 us (1180.71 GFLOPS/s)
MUL_MAT_VEC q6_K m=12288 n=1 k=5120: 1 x 90.04 us = 90.04 us (1397.34 GFLOPS/s)
MUL_MAT_VEC q6_K m=17408 n=1 k=5120: 2 x 117.96 us = 235.92 us (1511.03 GFLOPS/s)
MUL_MAT_VEC q6_K m=98304 n=1 k=5120: 1 x 674.35 us = 674.35 us (1492.6 GFLOPS/s)
MUL_MAT_VEC q8_0 m=5120 n=1 k=10240: 1 x 94 us = 94 us (1115.45 GFLOPS/s)
PAD: 1 x 6.52 us = 6.52 us
RMS_NORM_MUL RMS_NORM(256,24,1,1): 1 x 6.04 us = 6.04 us
RMS_NORM_MUL RMS_NORM(256,4,1,1): 1 x 5.12 us = 5.12 us
RMS_NORM_MUL RMS_NORM(5120,1,1,1): 5 x 4.04 us = 20.2 us
ROPE: 2 x 3.46 us = 6.92 us
SET_ROWS: 2 x 2.82 us = 5.64 us
SIGMOID_MUL SIGMOID: 1 x 1.52 us = 1.52 us
TOP_K K=10 (98304,1,1,1): 1 x 9.2 us = 9.2 us
Total time: 1401.79 us.
----------------
Vulkan Timings:
CONCAT: 1 x 1.64 us = 1.64 us
CONT: 1 x 3.76 us = 3.76 us
FLASH_ATTN_EXT dst(256,24,1,1),  q(256,1,24,1),  k(256,256,4,1),  v(256,256,4,1),  m(256,1,1,1): 1 x 13.76 us = 13.76 us (457.228 GFLOPS/s)
GET_ROWS: 3 x 4.893 us = 14.68 us
GLU: 1 x 1.8 us = 1.8 us
MUL_MAT f32 m=256 n=24 k=256: 1 x 1.6 us = 1.6 us (1962.24 GFLOPS/s)
MUL_MAT f32 m=64 n=16 k=64: 1 x 3.76 us = 3.76 us (34.5872 GFLOPS/s)
MUL_MAT f32 m=64 n=96 k=64: 1 x 3.72 us = 3.72 us (209.755 GFLOPS/s)
MUL_MAT_ADD MUL_MAT_VEC q6_K m=5120 n=1 k=17408: 1 x 123.92 us = 123.92 us (1438.45 GFLOPS/s)
MUL_MAT_ADD MUL_MAT_VEC q6_K m=5120 n=1 k=6144: 1 x 52.72 us = 52.72 us (1193.27 GFLOPS/s)
MUL_MAT_VEC f32 m=256 n=4 k=256: 1 x 3.16 us = 3.16 us (165.59 GFLOPS/s)
MUL_MAT_VEC q6_K m=1024 n=1 k=5120: 2 x 9.9 us = 19.8 us (1059.06 GFLOPS/s)
MUL_MAT_VEC q6_K m=12288 n=1 k=5120: 1 x 85.76 us = 85.76 us (1467.08 GFLOPS/s)
MUL_MAT_VEC q6_K m=17408 n=1 k=5120: 2 x 120.96 us = 241.92 us (1473.55 GFLOPS/s)
MUL_MAT_VEC q6_K m=98304 n=1 k=5120: 1 x 673.66 us = 673.66 us (1494.13 GFLOPS/s)
MUL_MAT_VEC q8_0 m=5120 n=1 k=10240: 1 x 102.28 us = 102.28 us (1025.15 GFLOPS/s)
PAD: 1 x 6.44 us = 6.44 us
RMS_NORM_MUL RMS_NORM(256,24,1,1): 1 x 3.76 us = 3.76 us
RMS_NORM_MUL RMS_NORM(256,4,1,1): 1 x 3.76 us = 3.76 us
RMS_NORM_MUL RMS_NORM(5120,1,1,1): 5 x 3.704 us = 18.52 us
ROPE: 2 x 3.74 us = 7.48 us
SET_ROWS: 2 x 2.94 us = 5.88 us
SIGMOID_MUL SIGMOID: 1 x 2.6 us = 2.6 us
TOP_K K=10 (98304,1,1,1): 1 x 9.08 us = 9.08 us
Total time: 1405.46 us.
----------------
Vulkan Timings:
CONCAT: 1 x 1.68 us = 1.68 us
CONT: 1 x 3.76 us = 3.76 us
FLASH_ATTN_EXT dst(256,24,1,1),  q(256,1,24,1),  k(256,256,4,1),  v(256,256,4,1),  m(256,1,1,1): 1 x 13.84 us = 13.84 us (454.585 GFLOPS/s)
GET_ROWS: 3 x 4.946 us = 14.84 us
GLU: 1 x 1.84 us = 1.84 us
MUL_MAT f32 m=256 n=24 k=256: 1 x 1.64 us = 1.64 us (1914.38 GFLOPS/s)
MUL_MAT f32 m=64 n=16 k=64: 1 x 3.68 us = 3.68 us (35.3391 GFLOPS/s)
MUL_MAT f32 m=64 n=96 k=64: 1 x 3.72 us = 3.72 us (209.755 GFLOPS/s)
MUL_MAT_ADD MUL_MAT_VEC q6_K m=5120 n=1 k=17408: 1 x 123.28 us = 123.28 us (1445.92 GFLOPS/s)
MUL_MAT_ADD MUL_MAT_VEC q6_K m=5120 n=1 k=6144: 1 x 53.4 us = 53.4 us (1178.08 GFLOPS/s)
MUL_MAT_VEC f32 m=256 n=4 k=256: 1 x 3.16 us = 3.16 us (165.59 GFLOPS/s)
MUL_MAT_VEC q6_K m=1024 n=1 k=5120: 2 x 8.92 us = 17.84 us (1175.42 GFLOPS/s)
MUL_MAT_VEC q6_K m=12288 n=1 k=5120: 1 x 85.44 us = 85.44 us (1472.58 GFLOPS/s)
MUL_MAT_VEC q6_K m=17408 n=1 k=5120: 2 x 121.94 us = 243.88 us (1461.71 GFLOPS/s)
MUL_MAT_VEC q6_K m=98304 n=1 k=5120: 1 x 674.7 us = 674.7 us (1491.83 GFLOPS/s)
MUL_MAT_VEC q8_0 m=5120 n=1 k=10240: 1 x 102.64 us = 102.64 us (1021.56 GFLOPS/s)
PAD: 1 x 6.48 us = 6.48 us
RMS_NORM_MUL RMS_NORM(256,24,1,1): 1 x 5.52 us = 5.52 us
RMS_NORM_MUL RMS_NORM(256,4,1,1): 1 x 3.72 us = 3.72 us
RMS_NORM_MUL RMS_NORM(5120,1,1,1): 5 x 3.696 us = 18.48 us
ROPE: 2 x 3.68 us = 7.36 us
SET_ROWS: 2 x 2.92 us = 5.84 us
SIGMOID_MUL SIGMOID: 1 x 1.64 us = 1.64 us
TOP_K K=10 (98304,1,1,1): 1 x 8.84 us = 8.84 us
Total time: 1407.22 us.
----------------
Vulkan Timings:
CONCAT: 1 x 1.64 us = 1.64 us
CONT: 1 x 3.68 us = 3.68 us
FLASH_ATTN_EXT dst(256,24,1,1),  q(256,1,24,1),  k(256,256,4,1),  v(256,256,4,1),  m(256,1,1,1): 1 x 13.72 us = 13.72 us (458.561 GFLOPS/s)
GET_ROWS: 3 x 4.92 us = 14.76 us
GLU: 1 x 1.84 us = 1.84 us
MUL_MAT f32 m=256 n=24 k=256: 1 x 1.72 us = 1.72 us (1825.34 GFLOPS/s)
MUL_MAT f32 m=64 n=16 k=64: 1 x 3.72 us = 3.72 us (34.9591 GFLOPS/s)
MUL_MAT f32 m=64 n=96 k=64: 1 x 3.68 us = 3.68 us (212.035 GFLOPS/s)
MUL_MAT_ADD MUL_MAT_VEC q6_K m=5120 n=1 k=17408: 1 x 123.2 us = 123.2 us (1446.86 GFLOPS/s)
MUL_MAT_ADD MUL_MAT_VEC q6_K m=5120 n=1 k=6144: 1 x 53.48 us = 53.48 us (1176.32 GFLOPS/s)
MUL_MAT_VEC f32 m=256 n=4 k=256: 1 x 3.12 us = 3.12 us (167.713 GFLOPS/s)
MUL_MAT_VEC q6_K m=1024 n=1 k=5120: 2 x 8.72 us = 17.44 us (1202.38 GFLOPS/s)
MUL_MAT_VEC q6_K m=12288 n=1 k=5120: 1 x 85.52 us = 85.52 us (1471.2 GFLOPS/s)
MUL_MAT_VEC q6_K m=17408 n=1 k=5120: 2 x 121.4 us = 242.8 us (1468.21 GFLOPS/s)
MUL_MAT_VEC q6_K m=98304 n=1 k=5120: 1 x 673.6 us = 673.6 us (1494.26 GFLOPS/s)
MUL_MAT_VEC q8_0 m=5120 n=1 k=10240: 1 x 101.24 us = 101.24 us (1035.68 GFLOPS/s)
PAD: 1 x 6.44 us = 6.44 us
RMS_NORM_MUL RMS_NORM(256,24,1,1): 1 x 5.52 us = 5.52 us
RMS_NORM_MUL RMS_NORM(256,4,1,1): 1 x 3.72 us = 3.72 us
RMS_NORM_MUL RMS_NORM(5120,1,1,1): 5 x 3.664 us = 18.32 us
ROPE: 2 x 3.74 us = 7.48 us
SET_ROWS: 2 x 2.92 us = 5.84 us
SIGMOID_MUL SIGMOID: 1 x 1.64 us = 1.64 us
TOP_K K=10 (98304,1,1,1): 1 x 9.2 us = 9.2 us
Total time: 1403.32 us.
----------------
Vulkan Timings:
ADD: 48 x 3.97 us = 190.56 us
CONT: 16 x 3.89 us = 62.24 us
FLASH_ATTN_EXT dst(256,24,5,1),  q(256,5,24,1),  k(256,256,4,1),  v(256,256,4,1),  m(256,5,1,1): 16 x 23.227 us = 371.64 us (1354.31 GFLOPS/s)
GDN_CACHE GATED_DELTA_NET: 48 x 13.775 us = 661.2 us
GDN_CONV_STATE CONCAT: 48 x 3.132 us = 150.36 us
GET_ROWS: 3 x 11.466 us = 34.4 us
GLU: 64 x 2.863 us = 183.28 us
MUL_MAT f32 m=256 n=120 k=256: 16 x 1.827 us = 29.24 us (8589.83 GFLOPS/s)
MUL_MAT f32 m=256 n=20 k=256: 16 x 3.43 us = 54.88 us (762.776 GFLOPS/s)
MUL_MAT f32 m=64 n=480 k=64: 16 x 3.755 us = 60.08 us (1039 GFLOPS/s)
MUL_MAT f32 m=64 n=80 k=64: 16 x 3.467 us = 55.48 us (187.524 GFLOPS/s)
MUL_MAT_ADD MUL_MAT_VEC q6_K m=5120 n=5 k=17408: 64 x 207.193 us = 13260.4 us (4301.6 GFLOPS/s)
MUL_MAT_ADD MUL_MAT_VEC q6_K m=5120 n=5 k=6144: 16 x 77.94 us = 1247.04 us (4035.76 GFLOPS/s)
MUL_MAT_VEC f32 m=48 n=5 k=5120: 96 x 4.353 us = 417.92 us (564.478 GFLOPS/s)
MUL_MAT_VEC q6_K m=1024 n=5 k=5120: 32 x 12.23 us = 391.36 us (4286.48 GFLOPS/s)
MUL_MAT_VEC q6_K m=10240 n=5 k=5120: 48 x 110.05 us = 5282.4 us (4763.62 GFLOPS/s)
MUL_MAT_VEC q6_K m=12288 n=5 k=5120: 16 x 140.62 us = 2249.92 us (4473.65 GFLOPS/s)
MUL_MAT_VEC q6_K m=17408 n=5 k=5120: 128 x 183.082 us = 23434.6 us (4867.76 GFLOPS/s)
MUL_MAT_VEC q6_K m=248320 n=5 k=5120: 1 x 2421.48 us = 2421.48 us (5249.99 GFLOPS/s)
MUL_MAT_VEC q6_K m=6144 n=5 k=5120: 48 x 71.969 us = 3454.52 us (4370.51 GFLOPS/s)
MUL_MAT_VEC q8_0 m=5120 n=5 k=6144: 48 x 63.36 us = 3041.28 us (4964.44 GFLOPS/s)
RMS_NORM_MUL RMS_NORM(256,24,5,1): 16 x 3.837 us = 61.4 us
RMS_NORM_MUL RMS_NORM(256,4,5,1): 16 x 4.065 us = 65.04 us
RMS_NORM_MUL RMS_NORM(5120,5,1,1): 129 x 4.328 us = 558.36 us
RMS_NORM_MUL_SILU_MUL RMS_NORM(128,48,5,1): 48 x 5.892 us = 282.84 us
RMS_NORM_SCALE RMS_NORM(128,16,5,1): 96 x 2.613 us = 250.88 us
ROPE: 32 x 3.945 us = 126.24 us
SET_ROWS: 32 x 2.993 us = 95.8 us
SIGMOID_MUL SIGMOID: 16 x 3.802 us = 60.84 us
SSM_CONV_SILU SSM_CONV: 48 x 4.823 us = 231.52 us
Total time: 58787.2 us.
----------------
Vulkan Timings:
CONCAT: 1 x 3.88 us = 3.88 us
CONT: 1 x 3.84 us = 3.84 us
FLASH_ATTN_EXT dst(256,24,5,1),  q(256,5,24,1),  k(256,256,4,1),  v(256,256,4,1),  m(256,5,1,1): 1 x 23.36 us = 23.36 us (1346.63 GFLOPS/s)
GET_ROWS: 1 x 6.72 us = 6.72 us
GLU: 1 x 1.72 us = 1.72 us
MUL_MAT f32 m=256 n=120 k=256: 1 x 1.72 us = 1.72 us (9126.7 GFLOPS/s)
MUL_MAT f32 m=256 n=20 k=256: 1 x 3.24 us = 3.24 us (807.506 GFLOPS/s)
MUL_MAT f32 m=64 n=480 k=64: 1 x 3.84 us = 3.84 us (1016 GFLOPS/s)
MUL_MAT f32 m=64 n=80 k=64: 1 x 3.84 us = 3.84 us (169.333 GFLOPS/s)
MUL_MAT_ADD MUL_MAT_VEC q6_K m=5120 n=5 k=17408: 1 x 232.3 us = 232.3 us (3836.69 GFLOPS/s)
MUL_MAT_ADD MUL_MAT_VEC q6_K m=5120 n=5 k=6144: 1 x 86.36 us = 86.36 us (3642.28 GFLOPS/s)
MUL_MAT_VEC q6_K m=1024 n=5 k=5120: 2 x 16.08 us = 32.16 us (3260.18 GFLOPS/s)
MUL_MAT_VEC q6_K m=12288 n=5 k=5120: 1 x 153.6 us = 153.6 us (4095.6 GFLOPS/s)
MUL_MAT_VEC q6_K m=17408 n=5 k=5120: 2 x 182.26 us = 364.52 us (4889.73 GFLOPS/s)
MUL_MAT_VEC q8_0 m=5120 n=5 k=10240: 1 x 104.84 us = 104.84 us (5000.6 GFLOPS/s)
RMS_NORM_MUL RMS_NORM(256,24,5,1): 1 x 3.92 us = 3.92 us
RMS_NORM_MUL RMS_NORM(256,4,5,1): 1 x 3.8 us = 3.8 us
RMS_NORM_MUL RMS_NORM(5120,5,1,1): 5 x 9.586 us = 47.93 us
ROPE: 2 x 3.82 us = 7.64 us
SET_ROWS: 2 x 3 us = 6 us
SIGMOID_MUL SIGMOID: 1 x 1.72 us = 1.72 us
Total time: 1096.95 us.
----------------
Vulkan Timings:
CONCAT: 1 x 1.68 us = 1.68 us
CONT: 1 x 3.48 us = 3.48 us
FLASH_ATTN_EXT dst(256,24,1,1),  q(256,1,24,1),  k(256,256,4,1),  v(256,256,4,1),  m(256,1,1,1): 1 x 13.56 us = 13.56 us (463.972 GFLOPS/s)
GET_ROWS: 3 x 4.88 us = 14.64 us
GLU: 1 x 1.56 us = 1.56 us
MUL_MAT f32 m=256 n=24 k=256: 1 x 1.56 us = 1.56 us (2012.55 GFLOPS/s)
MUL_MAT f32 m=64 n=16 k=64: 1 x 1.76 us = 1.76 us (73.8909 GFLOPS/s)
MUL_MAT f32 m=64 n=96 k=64: 1 x 3.2 us = 3.2 us (243.84 GFLOPS/s)
MUL_MAT_ADD MUL_MAT_VEC q6_K m=5120 n=1 k=17408: 1 x 130.76 us = 130.76 us (1363.21 GFLOPS/s)
MUL_MAT_ADD MUL_MAT_VEC q6_K m=5120 n=1 k=6144: 1 x 53.32 us = 53.32 us (1179.85 GFLOPS/s)
MUL_MAT_VEC f32 m=256 n=4 k=256: 1 x 2.96 us = 2.96 us (176.778 GFLOPS/s)
MUL_MAT_VEC q6_K m=1024 n=1 k=5120: 2 x 8.88 us = 17.76 us (1180.71 GFLOPS/s)
MUL_MAT_VEC q6_K m=12288 n=1 k=5120: 1 x 89.08 us = 89.08 us (1412.4 GFLOPS/s)
MUL_MAT_VEC q6_K m=17408 n=1 k=5120: 2 x 121.3 us = 242.6 us (1469.42 GFLOPS/s)
MUL_MAT_VEC q6_K m=98304 n=1 k=5120: 1 x 673.12 us = 673.12 us (1495.33 GFLOPS/s)
MUL_MAT_VEC q8_0 m=5120 n=1 k=10240: 1 x 94.76 us = 94.76 us (1106.51 GFLOPS/s)
PAD: 1 x 6.36 us = 6.36 us
RMS_NORM_MUL RMS_NORM(256,24,1,1): 1 x 5.64 us = 5.64 us
RMS_NORM_MUL RMS_NORM(256,4,1,1): 1 x 4.8 us = 4.8 us
RMS_NORM_MUL RMS_NORM(5120,1,1,1): 5 x 3.992 us = 19.96 us
ROPE: 2 x 3.28 us = 6.56 us
SET_ROWS: 2 x 2.8 us = 5.6 us
SIGMOID_MUL SIGMOID: 1 x 1.52 us = 1.52 us
TOP_K K=10 (98304,1,1,1): 1 x 8.76 us = 8.76 us
Total time: 1405 us.
----------------
Vulkan Timings:
CONCAT: 1 x 1.68 us = 1.68 us
CONT: 1 x 3.56 us = 3.56 us
FLASH_ATTN_EXT dst(256,24,1,1),  q(256,1,24,1),  k(256,256,4,1),  v(256,256,4,1),  m(256,1,1,1): 1 x 13.84 us = 13.84 us (454.585 GFLOPS/s)
GET_ROWS: 3 x 4.76 us = 14.28 us
GLU: 1 x 1.8 us = 1.8 us
MUL_MAT f32 m=256 n=24 k=256: 1 x 1.68 us = 1.68 us (1868.8 GFLOPS/s)
MUL_MAT f32 m=64 n=16 k=64: 1 x 3.56 us = 3.56 us (36.5303 GFLOPS/s)
MUL_MAT f32 m=64 n=96 k=64: 1 x 3.56 us = 3.56 us (219.182 GFLOPS/s)
MUL_MAT_ADD MUL_MAT_VEC q6_K m=5120 n=1 k=17408: 1 x 124.36 us = 124.36 us (1433.36 GFLOPS/s)
MUL_MAT_ADD MUL_MAT_VEC q6_K m=5120 n=1 k=6144: 1 x 53.12 us = 53.12 us (1184.29 GFLOPS/s)
MUL_MAT_VEC f32 m=256 n=4 k=256: 1 x 2.96 us = 2.96 us (176.778 GFLOPS/s)
MUL_MAT_VEC q6_K m=1024 n=1 k=5120: 2 x 6.92 us = 13.84 us (1515.14 GFLOPS/s)
MUL_MAT_VEC q6_K m=12288 n=1 k=5120: 1 x 93 us = 93 us (1352.87 GFLOPS/s)
MUL_MAT_VEC q6_K m=17408 n=1 k=5120: 2 x 121.76 us = 243.52 us (1463.87 GFLOPS/s)
MUL_MAT_VEC q6_K m=98304 n=1 k=5120: 1 x 672.59 us = 672.59 us (1496.51 GFLOPS/s)
MUL_MAT_VEC q8_0 m=5120 n=1 k=10240: 1 x 101.24 us = 101.24 us (1035.68 GFLOPS/s)
PAD: 1 x 6.36 us = 6.36 us
RMS_NORM_MUL RMS_NORM(256,24,1,1): 1 x 3.6 us = 3.6 us
RMS_NORM_MUL RMS_NORM(256,4,1,1): 1 x 3.56 us = 3.56 us
RMS_NORM_MUL RMS_NORM(5120,1,1,1): 5 x 3.696 us = 18.48 us
ROPE: 2 x 3.56 us = 7.12 us
SET_ROWS: 2 x 2.86 us = 5.72 us
SIGMOID_MUL SIGMOID: 1 x 1.6 us = 1.6 us
TOP_K K=10 (98304,1,1,1): 1 x 8.72 us = 8.72 us
Total time: 1403.75 us.
----------------
Vulkan Timings:
CONCAT: 1 x 1.84 us = 1.84 us
CONT: 1 x 3.56 us = 3.56 us
FLASH_ATTN_EXT dst(256,24,1,1),  q(256,1,24,1),  k(256,256,4,1),  v(256,256,4,1),  m(256,1,1,1): 1 x 13.68 us = 13.68 us (459.902 GFLOPS/s)
GET_ROWS: 3 x 4.813 us = 14.44 us
GLU: 1 x 1.68 us = 1.68 us
MUL_MAT f32 m=256 n=24 k=256: 1 x 1.68 us = 1.68 us (1868.8 GFLOPS/s)
MUL_MAT f32 m=64 n=16 k=64: 1 x 3.56 us = 3.56 us (36.5303 GFLOPS/s)
MUL_MAT f32 m=64 n=96 k=64: 1 x 3.6 us = 3.6 us (216.747 GFLOPS/s)
MUL_MAT_ADD MUL_MAT_VEC q6_K m=5120 n=1 k=17408: 1 x 124.28 us = 124.28 us (1434.28 GFLOPS/s)
MUL_MAT_ADD MUL_MAT_VEC q6_K m=5120 n=1 k=6144: 1 x 53.68 us = 53.68 us (1171.93 GFLOPS/s)
MUL_MAT_VEC f32 m=256 n=4 k=256: 1 x 3 us = 3 us (174.421 GFLOPS/s)
MUL_MAT_VEC q6_K m=1024 n=1 k=5120: 2 x 6.96 us = 13.92 us (1506.43 GFLOPS/s)
MUL_MAT_VEC q6_K m=12288 n=1 k=5120: 1 x 93.36 us = 93.36 us (1347.65 GFLOPS/s)
MUL_MAT_VEC q6_K m=17408 n=1 k=5120: 2 x 121.42 us = 242.84 us (1467.97 GFLOPS/s)
MUL_MAT_VEC q6_K m=98304 n=1 k=5120: 1 x 673.6 us = 673.6 us (1494.26 GFLOPS/s)
MUL_MAT_VEC q8_0 m=5120 n=1 k=10240: 1 x 102.76 us = 102.76 us (1020.36 GFLOPS/s)
PAD: 1 x 6.28 us = 6.28 us
RMS_NORM_MUL RMS_NORM(256,24,1,1): 1 x 3.64 us = 3.64 us
RMS_NORM_MUL RMS_NORM(256,4,1,1): 1 x 3.52 us = 3.52 us
RMS_NORM_MUL RMS_NORM(5120,1,1,1): 5 x 3.712 us = 18.56 us
ROPE: 2 x 3.54 us = 7.08 us
SET_ROWS: 2 x 2.88 us = 5.76 us
SIGMOID_MUL SIGMOID: 1 x 1.68 us = 1.68 us
TOP_K K=10 (98304,1,1,1): 1 x 8.88 us = 8.88 us
Total time: 1406.88 us.
----------------
Vulkan Timings:
CONCAT: 1 x 1.64 us = 1.64 us
CONT: 1 x 3.6 us = 3.6 us
FLASH_ATTN_EXT dst(256,24,1,1),  q(256,1,24,1),  k(256,256,4,1),  v(256,256,4,1),  m(256,1,1,1): 1 x 13.88 us = 13.88 us (453.275 GFLOPS/s)
GET_ROWS: 3 x 4.746 us = 14.24 us
GLU: 1 x 1.88 us = 1.88 us
MUL_MAT f32 m=256 n=24 k=256: 1 x 1.64 us = 1.64 us (1914.38 GFLOPS/s)
MUL_MAT f32 m=64 n=16 k=64: 1 x 3.56 us = 3.56 us (36.5303 GFLOPS/s)
MUL_MAT f32 m=64 n=96 k=64: 1 x 3.56 us = 3.56 us (219.182 GFLOPS/s)
MUL_MAT_ADD MUL_MAT_VEC q6_K m=5120 n=1 k=17408: 1 x 123.16 us = 123.16 us (1447.33 GFLOPS/s)
MUL_MAT_ADD MUL_MAT_VEC q6_K m=5120 n=1 k=6144: 1 x 54.12 us = 54.12 us (1162.41 GFLOPS/s)
MUL_MAT_VEC f32 m=256 n=4 k=256: 1 x 3 us = 3 us (174.421 GFLOPS/s)
MUL_MAT_VEC q6_K m=1024 n=1 k=5120: 2 x 8.72 us = 17.44 us (1202.38 GFLOPS/s)
MUL_MAT_VEC q6_K m=12288 n=1 k=5120: 1 x 85.76 us = 85.76 us (1467.08 GFLOPS/s)
MUL_MAT_VEC q6_K m=17408 n=1 k=5120: 2 x 121.36 us = 242.72 us (1468.69 GFLOPS/s)
MUL_MAT_VEC q6_K m=98304 n=1 k=5120: 1 x 670.85 us = 670.85 us (1500.39 GFLOPS/s)
MUL_MAT_VEC q8_0 m=5120 n=1 k=10240: 1 x 100.56 us = 100.56 us (1042.69 GFLOPS/s)
PAD: 1 x 6.28 us = 6.28 us
RMS_NORM_MUL RMS_NORM(256,24,1,1): 1 x 5.2 us = 5.2 us
RMS_NORM_MUL RMS_NORM(256,4,1,1): 1 x 3.56 us = 3.56 us
RMS_NORM_MUL RMS_NORM(5120,1,1,1): 5 x 3.648 us = 18.24 us
ROPE: 2 x 3.52 us = 7.04 us
SET_ROWS: 2 x 2.88 us = 5.76 us
SIGMOID_MUL SIGMOID: 1 x 1.92 us = 1.92 us
TOP_K K=10 (98304,1,1,1): 1 x 9 us = 9 us
Total time: 1398.61 us.
----------------
Vulkan Timings:
ADD: 48 x 3.809 us = 182.84 us
CONT: 16 x 3.752 us = 60.04 us
FLASH_ATTN_EXT dst(256,24,5,1),  q(256,5,24,1),  k(256,256,4,1),  v(256,256,4,1),  m(256,5,1,1): 16 x 23.41 us = 374.56 us (1343.75 GFLOPS/s)
GDN_CACHE GATED_DELTA_NET: 48 x 14.621 us = 701.84 us
GDN_CONV_STATE CONCAT: 48 x 3.253 us = 156.16 us
GET_ROWS: 3 x 11.333 us = 34 us
GLU: 64 x 2.795 us = 178.92 us
MUL_MAT f32 m=256 n=120 k=256: 16 x 1.815 us = 29.04 us (8648.99 GFLOPS/s)
MUL_MAT f32 m=256 n=20 k=256: 16 x 3.425 us = 54.8 us (763.889 GFLOPS/s)
MUL_MAT f32 m=64 n=480 k=64: 16 x 3.597 us = 57.56 us (1084.49 GFLOPS/s)
MUL_MAT f32 m=64 n=80 k=64: 16 x 3.345 us = 53.52 us (194.392 GFLOPS/s)
MUL_MAT_ADD MUL_MAT_VEC q6_K m=5120 n=5 k=17408: 64 x 206.943 us = 13244.4 us (4306.79 GFLOPS/s)
MUL_MAT_ADD MUL_MAT_VEC q6_K m=5120 n=5 k=6144: 16 x 77.685 us = 1242.96 us (4049.01 GFLOPS/s)
MUL_MAT_VEC f32 m=48 n=5 k=5120: 96 x 4.326 us = 415.36 us (567.957 GFLOPS/s)
MUL_MAT_VEC q6_K m=1024 n=5 k=5120: 32 x 12.033 us = 385.08 us (4356.39 GFLOPS/s)
MUL_MAT_VEC q6_K m=10240 n=5 k=5120: 48 x 109.777 us = 5269.32 us (4775.45 GFLOPS/s)
MUL_MAT_VEC q6_K m=12288 n=5 k=5120: 16 x 140.787 us = 2252.6 us (4468.32 GFLOPS/s)
MUL_MAT_VEC q6_K m=17408 n=5 k=5120: 128 x 183.03 us = 23428 us (4869.14 GFLOPS/s)
MUL_MAT_VEC q6_K m=248320 n=5 k=5120: 1 x 2411.76 us = 2411.76 us (5271.15 GFLOPS/s)
MUL_MAT_VEC q6_K m=6144 n=5 k=5120: 48 x 71.205 us = 3417.84 us (4417.42 GFLOPS/s)
MUL_MAT_VEC q8_0 m=5120 n=5 k=6144: 48 x 63.05 us = 3026.4 us (4988.85 GFLOPS/s)
RMS_NORM_MUL RMS_NORM(256,24,5,1): 16 x 3.822 us = 61.16 us
RMS_NORM_MUL RMS_NORM(256,4,5,1): 16 x 3.882 us = 62.12 us
RMS_NORM_MUL RMS_NORM(5120,5,1,1): 129 x 4.267 us = 550.48 us
RMS_NORM_MUL_SILU_MUL RMS_NORM(128,48,5,1): 48 x 5.576 us = 267.68 us
RMS_NORM_SCALE RMS_NORM(128,16,5,1): 96 x 2.551 us = 244.92 us
ROPE: 32 x 3.78 us = 120.96 us
SET_ROWS: 32 x 2.817 us = 90.16 us
SIGMOID_MUL SIGMOID: 16 x 3.642 us = 58.28 us
SSM_CONV_SILU SSM_CONV: 48 x 4.705 us = 225.88 us
Total time: 58658.6 us.
----------------
Vulkan Timings:
CONCAT: 1 x 4.04 us = 4.04 us
CONT: 1 x 3.64 us = 3.64 us
FLASH_ATTN_EXT dst(256,24,5,1),  q(256,5,24,1),  k(256,256,4,1),  v(256,256,4,1),  m(256,5,1,1): 1 x 23.16 us = 23.16 us (1358.26 GFLOPS/s)
GET_ROWS: 1 x 6.64 us = 6.64 us
GLU: 1 x 1.52 us = 1.52 us
MUL_MAT f32 m=256 n=120 k=256: 1 x 1.68 us = 1.68 us (9344 GFLOPS/s)
MUL_MAT f32 m=256 n=20 k=256: 1 x 3 us = 3 us (872.107 GFLOPS/s)
MUL_MAT f32 m=64 n=480 k=64: 1 x 3.6 us = 3.6 us (1083.73 GFLOPS/s)
MUL_MAT f32 m=64 n=80 k=64: 1 x 3.6 us = 3.6 us (180.622 GFLOPS/s)
MUL_MAT_ADD MUL_MAT_VEC q6_K m=5120 n=5 k=17408: 1 x 227.57 us = 227.57 us (3916.44 GFLOPS/s)
MUL_MAT_ADD MUL_MAT_VEC q6_K m=5120 n=5 k=6144: 1 x 83.88 us = 83.88 us (3749.97 GFLOPS/s)
MUL_MAT_VEC q6_K m=1024 n=5 k=5120: 2 x 16.02 us = 32.04 us (3272.39 GFLOPS/s)
MUL_MAT_VEC q6_K m=12288 n=5 k=5120: 1 x 151.28 us = 151.28 us (4158.41 GFLOPS/s)
MUL_MAT_VEC q6_K m=17408 n=5 k=5120: 2 x 179.68 us = 359.36 us (4959.94 GFLOPS/s)
MUL_MAT_VEC q8_0 m=5120 n=5 k=10240: 1 x 105.24 us = 105.24 us (4981.59 GFLOPS/s)
RMS_NORM_MUL RMS_NORM(256,24,5,1): 1 x 3.72 us = 3.72 us
RMS_NORM_MUL RMS_NORM(256,4,5,1): 1 x 3.6 us = 3.6 us
RMS_NORM_MUL RMS_NORM(5120,5,1,1): 5 x 9.046 us = 45.23 us
ROPE: 2 x 3.6 us = 7.2 us
SET_ROWS: 2 x 2.88 us = 5.76 us
SIGMOID_MUL SIGMOID: 1 x 1.72 us = 1.72 us
Total time: 1077.48 us.
----------------
Vulkan Timings:
CONCAT: 1 x 2 us = 2 us
CONT: 1 x 3.64 us = 3.64 us
FLASH_ATTN_EXT dst(256,24,1,1),  q(256,1,24,1),  k(256,256,4,1),  v(256,256,4,1),  m(256,1,1,1): 1 x 13.64 us = 13.64 us (461.25 GFLOPS/s)
GET_ROWS: 3 x 5.066 us = 15.2 us
GLU: 1 x 1.56 us = 1.56 us
MUL_MAT f32 m=256 n=24 k=256: 1 x 1.48 us = 1.48 us (2121.34 GFLOPS/s)
MUL_MAT f32 m=64 n=16 k=64: 1 x 1.76 us = 1.76 us (73.8909 GFLOPS/s)
MUL_MAT f32 m=64 n=96 k=64: 1 x 3.36 us = 3.36 us (232.229 GFLOPS/s)
MUL_MAT_ADD MUL_MAT_VEC q6_K m=5120 n=1 k=17408: 1 x 129.48 us = 129.48 us (1376.68 GFLOPS/s)
MUL_MAT_ADD MUL_MAT_VEC q6_K m=5120 n=1 k=6144: 1 x 53.96 us = 53.96 us (1165.85 GFLOPS/s)
MUL_MAT_VEC f32 m=256 n=4 k=256: 1 x 3.16 us = 3.16 us (165.59 GFLOPS/s)
MUL_MAT_VEC q6_K m=1024 n=1 k=5120: 2 x 8.86 us = 17.72 us (1183.38 GFLOPS/s)
MUL_MAT_VEC q6_K m=12288 n=1 k=5120: 1 x 90.52 us = 90.52 us (1389.93 GFLOPS/s)
MUL_MAT_VEC q6_K m=17408 n=1 k=5120: 2 x 118.8 us = 237.6 us (1500.34 GFLOPS/s)
MUL_MAT_VEC q6_K m=98304 n=1 k=5120: 1 x 673.81 us = 673.81 us (1493.8 GFLOPS/s)
MUL_MAT_VEC q8_0 m=5120 n=1 k=10240: 1 x 93.72 us = 93.72 us (1118.78 GFLOPS/s)
PAD: 1 x 6.52 us = 6.52 us
RMS_NORM_MUL RMS_NORM(256,24,1,1): 1 x 5.96 us = 5.96 us
RMS_NORM_MUL RMS_NORM(256,4,1,1): 1 x 5.12 us = 5.12 us
RMS_NORM_MUL RMS_NORM(5120,1,1,1): 5 x 3.96 us = 19.8 us
ROPE: 2 x 3.42 us = 6.84 us
SET_ROWS: 2 x 2.84 us = 5.68 us
SIGMOID_MUL SIGMOID: 1 x 1.8 us = 1.8 us
TOP_K K=10 (98304,1,1,1): 1 x 8.88 us = 8.88 us
Total time: 1403.21 us.
----------------
Vulkan Timings:
CONCAT: 1 x 1.68 us = 1.68 us
CONT: 1 x 3.68 us = 3.68 us
FLASH_ATTN_EXT dst(256,24,1,1),  q(256,1,24,1),  k(256,256,4,1),  v(256,256,4,1),  m(256,1,1,1): 1 x 13.84 us = 13.84 us (454.585 GFLOPS/s)
GET_ROWS: 3 x 4.92 us = 14.76 us
GLU: 1 x 1.88 us = 1.88 us
MUL_MAT f32 m=256 n=24 k=256: 1 x 1.68 us = 1.68 us (1868.8 GFLOPS/s)
MUL_MAT f32 m=64 n=16 k=64: 1 x 3.72 us = 3.72 us (34.9591 GFLOPS/s)
MUL_MAT f32 m=64 n=96 k=64: 1 x 3.72 us = 3.72 us (209.755 GFLOPS/s)
MUL_MAT_ADD MUL_MAT_VEC q6_K m=5120 n=1 k=17408: 1 x 124.28 us = 124.28 us (1434.28 GFLOPS/s)
MUL_MAT_ADD MUL_MAT_VEC q6_K m=5120 n=1 k=6144: 1 x 53.2 us = 53.2 us (1182.51 GFLOPS/s)
MUL_MAT_VEC f32 m=256 n=4 k=256: 1 x 3.16 us = 3.16 us (165.59 GFLOPS/s)
MUL_MAT_VEC q6_K m=1024 n=1 k=5120: 2 x 6.84 us = 13.68 us (1532.86 GFLOPS/s)
MUL_MAT_VEC q6_K m=12288 n=1 k=5120: 1 x 92.88 us = 92.88 us (1354.62 GFLOPS/s)
MUL_MAT_VEC q6_K m=17408 n=1 k=5120: 2 x 121.42 us = 242.84 us (1467.97 GFLOPS/s)
MUL_MAT_VEC q6_K m=98304 n=1 k=5120: 1 x 671.64 us = 671.64 us (1498.62 GFLOPS/s)
MUL_MAT_VEC q8_0 m=5120 n=1 k=10240: 1 x 101.88 us = 101.88 us (1029.18 GFLOPS/s)
PAD: 1 x 7.2 us = 7.2 us
RMS_NORM_MUL RMS_NORM(256,24,1,1): 1 x 3.68 us = 3.68 us
RMS_NORM_MUL RMS_NORM(256,4,1,1): 1 x 3.72 us = 3.72 us
RMS_NORM_MUL RMS_NORM(5120,1,1,1): 5 x 3.68 us = 18.4 us
ROPE: 2 x 3.72 us = 7.44 us
SET_ROWS: 2 x 2.98 us = 5.96 us
SIGMOID_MUL SIGMOID: 1 x 1.64 us = 1.64 us
TOP_K K=10 (98304,1,1,1): 1 x 8.92 us = 8.92 us
Total time: 1405.48 us.
----------------
Vulkan Timings:
CONCAT: 1 x 1.6 us = 1.6 us
CONT: 1 x 3.72 us = 3.72 us
FLASH_ATTN_EXT dst(256,24,1,1),  q(256,1,24,1),  k(256,256,4,1),  v(256,256,4,1),  m(256,1,1,1): 1 x 13.92 us = 13.92 us (451.972 GFLOPS/s)
GET_ROWS: 3 x 4.973 us = 14.92 us
GLU: 1 x 1.8 us = 1.8 us
MUL_MAT f32 m=256 n=24 k=256: 1 x 1.6 us = 1.6 us (1962.24 GFLOPS/s)
MUL_MAT f32 m=64 n=16 k=64: 1 x 3.72 us = 3.72 us (34.9591 GFLOPS/s)
MUL_MAT f32 m=64 n=96 k=64: 1 x 3.68 us = 3.68 us (212.035 GFLOPS/s)
MUL_MAT_ADD MUL_MAT_VEC q6_K m=5120 n=1 k=17408: 1 x 123.12 us = 123.12 us (1447.8 GFLOPS/s)
MUL_MAT_ADD MUL_MAT_VEC q6_K m=5120 n=1 k=6144: 1 x 53.44 us = 53.44 us (1177.2 GFLOPS/s)
MUL_MAT_VEC f32 m=256 n=4 k=256: 1 x 3.12 us = 3.12 us (167.713 GFLOPS/s)
MUL_MAT_VEC q6_K m=1024 n=1 k=5120: 2 x 8.76 us = 17.52 us (1196.89 GFLOPS/s)
MUL_MAT_VEC q6_K m=12288 n=1 k=5120: 1 x 86 us = 86 us (1462.99 GFLOPS/s)
MUL_MAT_VEC q6_K m=17408 n=1 k=5120: 2 x 121.38 us = 242.76 us (1468.45 GFLOPS/s)
MUL_MAT_VEC q6_K m=98304 n=1 k=5120: 1 x 672.46 us = 672.46 us (1496.79 GFLOPS/s)
MUL_MAT_VEC q8_0 m=5120 n=1 k=10240: 1 x 101.8 us = 101.8 us (1029.99 GFLOPS/s)
PAD: 1 x 6.44 us = 6.44 us
RMS_NORM_MUL RMS_NORM(256,24,1,1): 1 x 5.56 us = 5.56 us
RMS_NORM_MUL RMS_NORM(256,4,1,1): 1 x 3.76 us = 3.76 us
RMS_NORM_MUL RMS_NORM(5120,1,1,1): 5 x 3.672 us = 18.36 us
ROPE: 2 x 3.7 us = 7.4 us
SET_ROWS: 2 x 2.94 us = 5.88 us
SIGMOID_MUL SIGMOID: 1 x 1.68 us = 1.68 us
TOP_K K=10 (98304,1,1,1): 1 x 9 us = 9 us
Total time: 1403.26 us.
----------------
Vulkan Timings:
CONCAT: 1 x 1.64 us = 1.64 us
CONT: 1 x 3.76 us = 3.76 us
FLASH_ATTN_EXT dst(256,24,1,1),  q(256,1,24,1),  k(256,256,4,1),  v(256,256,4,1),  m(256,1,1,1): 1 x 13.84 us = 13.84 us (454.585 GFLOPS/s)
GET_ROWS: 3 x 5.68 us = 17.04 us
GLU: 1 x 1.84 us = 1.84 us
MUL_MAT f32 m=256 n=24 k=256: 1 x 1.56 us = 1.56 us (2012.55 GFLOPS/s)
MUL_MAT f32 m=64 n=16 k=64: 1 x 3.72 us = 3.72 us (34.9591 GFLOPS/s)
MUL_MAT f32 m=64 n=96 k=64: 1 x 3.72 us = 3.72 us (209.755 GFLOPS/s)
MUL_MAT_ADD MUL_MAT_VEC q6_K m=5120 n=1 k=17408: 1 x 123.6 us = 123.6 us (1442.17 GFLOPS/s)
MUL_MAT_ADD MUL_MAT_VEC q6_K m=5120 n=1 k=6144: 1 x 53.44 us = 53.44 us (1177.2 GFLOPS/s)
MUL_MAT_VEC f32 m=256 n=4 k=256: 1 x 3.16 us = 3.16 us (165.59 GFLOPS/s)
MUL_MAT_VEC q6_K m=1024 n=1 k=5120: 2 x 8.76 us = 17.52 us (1196.89 GFLOPS/s)
MUL_MAT_VEC q6_K m=12288 n=1 k=5120: 1 x 85.44 us = 85.44 us (1472.58 GFLOPS/s)
MUL_MAT_VEC q6_K m=17408 n=1 k=5120: 2 x 121.54 us = 243.08 us (1466.52 GFLOPS/s)
MUL_MAT_VEC q6_K m=98304 n=1 k=5120: 1 x 670.8 us = 670.8 us (1500.5 GFLOPS/s)
MUL_MAT_VEC q8_0 m=5120 n=1 k=10240: 1 x 101.44 us = 101.44 us (1033.64 GFLOPS/s)
PAD: 1 x 6.4 us = 6.4 us
RMS_NORM_MUL RMS_NORM(256,24,1,1): 1 x 5.52 us = 5.52 us
RMS_NORM_MUL RMS_NORM(256,4,1,1): 1 x 3.68 us = 3.68 us
RMS_NORM_MUL RMS_NORM(5120,1,1,1): 5 x 3.696 us = 18.48 us
ROPE: 2 x 3.7 us = 7.4 us
SET_ROWS: 2 x 2.94 us = 5.88 us
SIGMOID_MUL SIGMOID: 1 x 1.64 us = 1.64 us
TOP_K K=10 (98304,1,1,1): 1 x 9.2 us = 9.2 us
Total time: 1403.8 us.
----------------
Vulkan Timings:
ADD: 48 x 3.964 us = 190.28 us
CONT: 16 x 3.9 us = 62.4 us
FLASH_ATTN_EXT dst(256,24,5,1),  q(256,5,24,1),  k(256,256,4,1),  v(256,256,4,1),  m(256,5,1,1): 16 x 23.547 us = 376.76 us (1335.91 GFLOPS/s)
GDN_CACHE GATED_DELTA_NET: 48 x 13.7 us = 657.64 us
GDN_CONV_STATE CONCAT: 48 x 3.12 us = 149.8 us
GET_ROWS: 3 x 11.866 us = 35.6 us
GLU: 64 x 2.929 us = 187.48 us
MUL_MAT f32 m=256 n=120 k=256: 16 x 1.81 us = 28.96 us (8672.88 GFLOPS/s)
MUL_MAT f32 m=256 n=20 k=256: 16 x 3.582 us = 57.32 us (730.306 GFLOPS/s)
MUL_MAT f32 m=64 n=480 k=64: 16 x 3.76 us = 60.16 us (1037.62 GFLOPS/s)
MUL_MAT f32 m=64 n=80 k=64: 16 x 3.462 us = 55.4 us (187.795 GFLOPS/s)
MUL_MAT_ADD MUL_MAT_VEC q6_K m=5120 n=5 k=17408: 64 x 206.491 us = 13215.4 us (4316.23 GFLOPS/s)
MUL_MAT_ADD MUL_MAT_VEC q6_K m=5120 n=5 k=6144: 16 x 77.717 us = 1243.48 us (4047.31 GFLOPS/s)
MUL_MAT_VEC f32 m=48 n=5 k=5120: 96 x 4.396 us = 422.04 us (558.967 GFLOPS/s)
MUL_MAT_VEC q6_K m=1024 n=5 k=5120: 32 x 12.175 us = 389.6 us (4305.85 GFLOPS/s)
MUL_MAT_VEC q6_K m=10240 n=5 k=5120: 48 x 110.19 us = 5289.12 us (4757.57 GFLOPS/s)
MUL_MAT_VEC q6_K m=12288 n=5 k=5120: 16 x 140.815 us = 2253.04 us (4467.45 GFLOPS/s)
MUL_MAT_VEC q6_K m=17408 n=5 k=5120: 128 x 183.135 us = 23441.3 us (4866.36 GFLOPS/s)
MUL_MAT_VEC q6_K m=248320 n=5 k=5120: 1 x 2415.76 us = 2415.76 us (5262.42 GFLOPS/s)
MUL_MAT_VEC q6_K m=6144 n=5 k=5120: 48 x 72.191 us = 3465.2 us (4357.04 GFLOPS/s)
MUL_MAT_VEC q8_0 m=5120 n=5 k=6144: 48 x 63.315 us = 3039.16 us (4967.91 GFLOPS/s)
RMS_NORM_MUL RMS_NORM(256,24,5,1): 16 x 3.822 us = 61.16 us
RMS_NORM_MUL RMS_NORM(256,4,5,1): 16 x 4.07 us = 65.12 us
RMS_NORM_MUL RMS_NORM(5120,5,1,1): 129 x 4.337 us = 559.52 us
RMS_NORM_MUL_SILU_MUL RMS_NORM(128,48,5,1): 48 x 5.886 us = 282.56 us
RMS_NORM_SCALE RMS_NORM(128,16,5,1): 96 x 2.587 us = 248.36 us
ROPE: 32 x 3.946 us = 126.28 us
SET_ROWS: 32 x 2.817 us = 90.16 us
SIGMOID_MUL SIGMOID: 16 x 3.797 us = 60.76 us
SSM_CONV_SILU SSM_CONV: 48 x 4.841 us = 232.4 us
Total time: 58762.3 us.
----------------
Vulkan Timings:
CONCAT: 1 x 4.08 us = 4.08 us
CONT: 1 x 3.76 us = 3.76 us
FLASH_ATTN_EXT dst(256,24,5,1),  q(256,5,24,1),  k(256,256,4,1),  v(256,256,4,1),  m(256,5,1,1): 1 x 25.76 us = 25.76 us (1221.17 GFLOPS/s)
GET_ROWS: 1 x 6.8 us = 6.8 us
GLU: 1 x 1.48 us = 1.48 us
MUL_MAT f32 m=256 n=120 k=256: 1 x 1.72 us = 1.72 us (9126.7 GFLOPS/s)
MUL_MAT f32 m=256 n=20 k=256: 1 x 3.24 us = 3.24 us (807.506 GFLOPS/s)
MUL_MAT f32 m=64 n=480 k=64: 1 x 3.84 us = 3.84 us (1016 GFLOPS/s)
MUL_MAT f32 m=64 n=80 k=64: 1 x 3.8 us = 3.8 us (171.116 GFLOPS/s)
MUL_MAT_ADD MUL_MAT_VEC q6_K m=5120 n=5 k=17408: 1 x 228.3 us = 228.3 us (3903.92 GFLOPS/s)
MUL_MAT_ADD MUL_MAT_VEC q6_K m=5120 n=5 k=6144: 1 x 85 us = 85 us (3700.56 GFLOPS/s)
MUL_MAT_VEC q6_K m=1024 n=5 k=5120: 2 x 15.82 us = 31.64 us (3313.76 GFLOPS/s)
MUL_MAT_VEC q6_K m=12288 n=5 k=5120: 1 x 156.46 us = 156.46 us (4020.73 GFLOPS/s)
MUL_MAT_VEC q6_K m=17408 n=5 k=5120: 2 x 179.48 us = 358.96 us (4965.47 GFLOPS/s)
MUL_MAT_VEC q8_0 m=5120 n=5 k=10240: 1 x 104.96 us = 104.96 us (4994.88 GFLOPS/s)
RMS_NORM_MUL RMS_NORM(256,24,5,1): 1 x 3.96 us = 3.96 us
RMS_NORM_MUL RMS_NORM(256,4,5,1): 1 x 3.8 us = 3.8 us
RMS_NORM_MUL RMS_NORM(5120,5,1,1): 5 x 9.198 us = 45.99 us
ROPE: 2 x 3.82 us = 7.64 us
SET_ROWS: 2 x 2.12 us = 4.24 us
SIGMOID_MUL SIGMOID: 1 x 1.72 us = 1.72 us
Total time: 1087.15 us.
----------------
Vulkan Timings:
CONCAT: 1 x 1.64 us = 1.64 us
CONT: 1 x 3.44 us = 3.44 us
FLASH_ATTN_EXT dst(256,24,1,1),  q(256,1,24,1),  k(256,256,4,1),  v(256,256,4,1),  m(256,1,1,1): 1 x 13.24 us = 13.24 us (475.185 GFLOPS/s)
GET_ROWS: 3 x 4.946 us = 14.84 us
GLU: 1 x 1.6 us = 1.6 us
MUL_MAT f32 m=256 n=24 k=256: 1 x 1.6 us = 1.6 us (1962.24 GFLOPS/s)
MUL_MAT f32 m=64 n=16 k=64: 1 x 1.8 us = 1.8 us (72.2489 GFLOPS/s)
MUL_MAT f32 m=64 n=96 k=64: 1 x 3.16 us = 3.16 us (246.927 GFLOPS/s)
MUL_MAT_ADD MUL_MAT_VEC q6_K m=5120 n=1 k=17408: 1 x 129.76 us = 129.76 us (1373.71 GFLOPS/s)
MUL_MAT_ADD MUL_MAT_VEC q6_K m=5120 n=1 k=6144: 1 x 53.96 us = 53.96 us (1165.85 GFLOPS/s)
MUL_MAT_VEC f32 m=256 n=4 k=256: 1 x 2.96 us = 2.96 us (176.778 GFLOPS/s)
MUL_MAT_VEC q6_K m=1024 n=1 k=5120: 2 x 8.74 us = 17.48 us (1199.63 GFLOPS/s)
MUL_MAT_VEC q6_K m=12288 n=1 k=5120: 1 x 89.84 us = 89.84 us (1400.45 GFLOPS/s)
MUL_MAT_VEC q6_K m=17408 n=1 k=5120: 2 x 118.5 us = 237 us (1504.14 GFLOPS/s)
MUL_MAT_VEC q6_K m=98304 n=1 k=5120: 1 x 673.16 us = 673.16 us (1495.24 GFLOPS/s)
MUL_MAT_VEC q8_0 m=5120 n=1 k=10240: 1 x 94.2 us = 94.2 us (1113.08 GFLOPS/s)
PAD: 1 x 6.32 us = 6.32 us
RMS_NORM_MUL RMS_NORM(256,24,1,1): 1 x 5.64 us = 5.64 us
RMS_NORM_MUL RMS_NORM(256,4,1,1): 1 x 4.84 us = 4.84 us
RMS_NORM_MUL RMS_NORM(5120,1,1,1): 5 x 4.04 us = 20.2 us
ROPE: 2 x 3.3 us = 6.6 us
SET_ROWS: 2 x 2.78 us = 5.56 us
SIGMOID_MUL SIGMOID: 1 x 1.56 us = 1.56 us
TOP_K K=10 (98304,1,1,1): 1 x 8.72 us = 8.72 us
Total time: 1399.12 us.
----------------
Vulkan Timings:
CONCAT: 1 x 1.68 us = 1.68 us
CONT: 1 x 3.6 us = 3.6 us
FLASH_ATTN_EXT dst(256,24,1,1),  q(256,1,24,1),  k(256,256,4,1),  v(256,256,4,1),  m(256,1,1,1): 1 x 13.92 us = 13.92 us (451.972 GFLOPS/s)
GET_ROWS: 3 x 4.826 us = 14.48 us
GLU: 1 x 1.76 us = 1.76 us
MUL_MAT f32 m=256 n=24 k=256: 1 x 1.6 us = 1.6 us (1962.24 GFLOPS/s)
MUL_MAT f32 m=64 n=16 k=64: 1 x 3.56 us = 3.56 us (36.5303 GFLOPS/s)
MUL_MAT f32 m=64 n=96 k=64: 1 x 3.6 us = 3.6 us (216.747 GFLOPS/s)
MUL_MAT_ADD MUL_MAT_VEC q6_K m=5120 n=1 k=17408: 1 x 123.16 us = 123.16 us (1447.33 GFLOPS/s)
MUL_MAT_ADD MUL_MAT_VEC q6_K m=5120 n=1 k=6144: 1 x 53.96 us = 53.96 us (1165.85 GFLOPS/s)
MUL_MAT_VEC f32 m=256 n=4 k=256: 1 x 3 us = 3 us (174.421 GFLOPS/s)
MUL_MAT_VEC q6_K m=1024 n=1 k=5120: 2 x 6.86 us = 13.72 us (1528.39 GFLOPS/s)
MUL_MAT_VEC q6_K m=12288 n=1 k=5120: 1 x 93.24 us = 93.24 us (1349.39 GFLOPS/s)
MUL_MAT_VEC q6_K m=17408 n=1 k=5120: 2 x 121.74 us = 243.48 us (1464.11 GFLOPS/s)
MUL_MAT_VEC q6_K m=98304 n=1 k=5120: 1 x 679.55 us = 679.55 us (1481.18 GFLOPS/s)
MUL_MAT_VEC q8_0 m=5120 n=1 k=10240: 1 x 101.32 us = 101.32 us (1034.86 GFLOPS/s)
PAD: 1 x 8.48 us = 8.48 us
RMS_NORM_MUL RMS_NORM(256,24,1,1): 1 x 3.6 us = 3.6 us
RMS_NORM_MUL RMS_NORM(256,4,1,1): 1 x 3.56 us = 3.56 us
RMS_NORM_MUL RMS_NORM(5120,1,1,1): 5 x 3.68 us = 18.4 us
ROPE: 2 x 3.56 us = 7.12 us
SET_ROWS: 2 x 2.88 us = 5.76 us
SIGMOID_MUL SIGMOID: 1 x 1.72 us = 1.72 us
TOP_K K=10 (98304,1,1,1): 1 x 6.52 us = 6.52 us
Total time: 1410.79 us.
----------------
Vulkan Timings:
CONCAT: 1 x 1.68 us = 1.68 us
CONT: 1 x 3.56 us = 3.56 us
FLASH_ATTN_EXT dst(256,24,1,1),  q(256,1,24,1),  k(256,256,4,1),  v(256,256,4,1),  m(256,1,1,1): 1 x 13.84 us = 13.84 us (454.585 GFLOPS/s)
GET_ROWS: 3 x 4.813 us = 14.44 us
GLU: 1 x 1.92 us = 1.92 us
MUL_MAT f32 m=256 n=24 k=256: 1 x 1.64 us = 1.64 us (1914.38 GFLOPS/s)
MUL_MAT f32 m=64 n=16 k=64: 1 x 3.56 us = 3.56 us (36.5303 GFLOPS/s)
MUL_MAT f32 m=64 n=96 k=64: 1 x 3.6 us = 3.6 us (216.747 GFLOPS/s)
MUL_MAT_ADD MUL_MAT_VEC q6_K m=5120 n=1 k=17408: 1 x 124.12 us = 124.12 us (1436.13 GFLOPS/s)
MUL_MAT_ADD MUL_MAT_VEC q6_K m=5120 n=1 k=6144: 1 x 53.08 us = 53.08 us (1185.18 GFLOPS/s)
MUL_MAT_VEC f32 m=256 n=4 k=256: 1 x 3 us = 3 us (174.421 GFLOPS/s)
MUL_MAT_VEC q6_K m=1024 n=1 k=5120: 2 x 8.78 us = 17.56 us (1194.16 GFLOPS/s)
MUL_MAT_VEC q6_K m=12288 n=1 k=5120: 1 x 85.96 us = 85.96 us (1463.67 GFLOPS/s)
MUL_MAT_VEC q6_K m=17408 n=1 k=5120: 2 x 121.46 us = 242.92 us (1467.48 GFLOPS/s)
MUL_MAT_VEC q6_K m=98304 n=1 k=5120: 1 x 673.97 us = 673.97 us (1493.44 GFLOPS/s)
MUL_MAT_VEC q8_0 m=5120 n=1 k=10240: 1 x 101.44 us = 101.44 us (1033.64 GFLOPS/s)
PAD: 1 x 6.32 us = 6.32 us
RMS_NORM_MUL RMS_NORM(256,24,1,1): 1 x 5.24 us = 5.24 us
RMS_NORM_MUL RMS_NORM(256,4,1,1): 1 x 3.52 us = 3.52 us
RMS_NORM_MUL RMS_NORM(5120,1,1,1): 5 x 3.728 us = 18.64 us
ROPE: 2 x 3.54 us = 7.08 us
SET_ROWS: 2 x 2.9 us = 5.8 us
SIGMOID_MUL SIGMOID: 1 x 1.6 us = 1.6 us
TOP_K K=10 (98304,1,1,1): 1 x 8.72 us = 8.72 us
Total time: 1403.21 us.
----------------
Vulkan Timings:
CONCAT: 1 x 1.68 us = 1.68 us
CONT: 1 x 3.56 us = 3.56 us
FLASH_ATTN_EXT dst(256,24,1,1),  q(256,1,24,1),  k(256,256,4,1),  v(256,256,4,1),  m(256,1,1,1): 1 x 13.6 us = 13.6 us (462.607 GFLOPS/s)
GET_ROWS: 3 x 4.826 us = 14.48 us
GLU: 1 x 1.8 us = 1.8 us
MUL_MAT f32 m=256 n=24 k=256: 1 x 1.68 us = 1.68 us (1868.8 GFLOPS/s)
MUL_MAT f32 m=64 n=16 k=64: 1 x 3.56 us = 3.56 us (36.5303 GFLOPS/s)
MUL_MAT f32 m=64 n=96 k=64: 1 x 3.56 us = 3.56 us (219.182 GFLOPS/s)
MUL_MAT_ADD MUL_MAT_VEC q6_K m=5120 n=1 k=17408: 1 x 122.76 us = 122.76 us (1452.04 GFLOPS/s)
MUL_MAT_ADD MUL_MAT_VEC q6_K m=5120 n=1 k=6144: 1 x 53.6 us = 53.6 us (1173.68 GFLOPS/s)
MUL_MAT_VEC f32 m=256 n=4 k=256: 1 x 2.96 us = 2.96 us (176.778 GFLOPS/s)
MUL_MAT_VEC q6_K m=1024 n=1 k=5120: 2 x 8.92 us = 17.84 us (1175.42 GFLOPS/s)
MUL_MAT_VEC q6_K m=12288 n=1 k=5120: 1 x 85.28 us = 85.28 us (1475.34 GFLOPS/s)
MUL_MAT_VEC q6_K m=17408 n=1 k=5120: 2 x 121.46 us = 242.92 us (1467.48 GFLOPS/s)
MUL_MAT_VEC q6_K m=98304 n=1 k=5120: 1 x 673.91 us = 673.91 us (1493.57 GFLOPS/s)
MUL_MAT_VEC q8_0 m=5120 n=1 k=10240: 1 x 101.28 us = 101.28 us (1035.27 GFLOPS/s)
PAD: 1 x 6.32 us = 6.32 us
RMS_NORM_MUL RMS_NORM(256,24,1,1): 1 x 5.24 us = 5.24 us
RMS_NORM_MUL RMS_NORM(256,4,1,1): 1 x 3.56 us = 3.56 us
RMS_NORM_MUL RMS_NORM(5120,1,1,1): 5 x 3.656 us = 18.28 us
ROPE: 2 x 3.58 us = 7.16 us
SET_ROWS: 2 x 2.92 us = 5.84 us
SIGMOID_MUL SIGMOID: 1 x 1.64 us = 1.64 us
TOP_K K=10 (98304,1,1,1): 1 x 8.72 us = 8.72 us
Total time: 1401.23 us.
----------------
Vulkan Timings:
ADD: 48 x 3.813 us = 183.04 us
CONT: 16 x 3.732 us = 59.72 us
FLASH_ATTN_EXT dst(256,24,5,1),  q(256,5,24,1),  k(256,256,4,1),  v(256,256,4,1),  m(256,5,1,1): 16 x 23.005 us = 368.08 us (1367.41 GFLOPS/s)
GDN_CACHE GATED_DELTA_NET: 48 x 14.572 us = 699.48 us
GDN_CONV_STATE CONCAT: 48 x 3.25 us = 156.04 us
GET_ROWS: 3 x 11.173 us = 33.52 us
GLU: 64 x 2.812 us = 180 us
MUL_MAT f32 m=256 n=120 k=256: 16 x 1.83 us = 29.28 us (8578.1 GFLOPS/s)
MUL_MAT f32 m=256 n=20 k=256: 16 x 3.28 us = 52.48 us (797.659 GFLOPS/s)
MUL_MAT f32 m=64 n=480 k=64: 16 x 3.605 us = 57.68 us (1082.23 GFLOPS/s)
MUL_MAT f32 m=64 n=80 k=64: 16 x 3.34 us = 53.44 us (194.683 GFLOPS/s)
MUL_MAT_ADD MUL_MAT_VEC q6_K m=5120 n=5 k=17408: 64 x 206.517 us = 13217.1 us (4315.68 GFLOPS/s)
MUL_MAT_ADD MUL_MAT_VEC q6_K m=5120 n=5 k=6144: 16 x 77.492 us = 1239.88 us (4059.07 GFLOPS/s)
MUL_MAT_VEC f32 m=48 n=5 k=5120: 96 x 4.316 us = 414.4 us (569.273 GFLOPS/s)
MUL_MAT_VEC q6_K m=1024 n=5 k=5120: 32 x 12.201 us = 390.44 us (4296.58 GFLOPS/s)
MUL_MAT_VEC q6_K m=10240 n=5 k=5120: 48 x 109.823 us = 5271.52 us (4773.46 GFLOPS/s)
MUL_MAT_VEC q6_K m=12288 n=5 k=5120: 16 x 140.375 us = 2246 us (4481.45 GFLOPS/s)
MUL_MAT_VEC q6_K m=17408 n=5 k=5120: 128 x 182.801 us = 23398.6 us (4875.25 GFLOPS/s)
MUL_MAT_VEC q6_K m=248320 n=5 k=5120: 1 x 2393.72 us = 2393.72 us (5310.87 GFLOPS/s)
MUL_MAT_VEC q6_K m=6144 n=5 k=5120: 48 x 71.084 us = 3412.04 us (4424.92 GFLOPS/s)
MUL_MAT_VEC q8_0 m=5120 n=5 k=6144: 48 x 63.136 us = 3030.56 us (4982.01 GFLOPS/s)
RMS_NORM_MUL RMS_NORM(256,24,5,1): 16 x 3.677 us = 58.84 us
RMS_NORM_MUL RMS_NORM(256,4,5,1): 16 x 3.877 us = 62.04 us
RMS_NORM_MUL RMS_NORM(5120,5,1,1): 129 x 4.251 us = 548.44 us
RMS_NORM_MUL_SILU_MUL RMS_NORM(128,48,5,1): 48 x 5.575 us = 267.64 us
RMS_NORM_SCALE RMS_NORM(128,16,5,1): 96 x 2.571 us = 246.88 us
ROPE: 32 x 3.78 us = 120.96 us
SET_ROWS: 32 x 2.971 us = 95.08 us
SIGMOID_MUL SIGMOID: 16 x 3.632 us = 58.12 us
SSM_CONV_SILU SSM_CONV: 48 x 4.667 us = 224.04 us
Total time: 58569.1 us.
----------------
Vulkan Timings:
CONCAT: 1 x 4.12 us = 4.12 us
CONT: 1 x 3.6 us = 3.6 us
FLASH_ATTN_EXT dst(256,24,5,1),  q(256,5,24,1),  k(256,256,4,1),  v(256,256,4,1),  m(256,5,1,1): 1 x 23.04 us = 23.04 us (1365.33 GFLOPS/s)
GET_ROWS: 1 x 6.44 us = 6.44 us
GLU: 1 x 1.72 us = 1.72 us
MUL_MAT f32 m=256 n=120 k=256: 1 x 1.72 us = 1.72 us (9126.7 GFLOPS/s)
MUL_MAT f32 m=256 n=20 k=256: 1 x 3 us = 3 us (872.107 GFLOPS/s)
MUL_MAT f32 m=64 n=480 k=64: 1 x 3.6 us = 3.6 us (1083.73 GFLOPS/s)
MUL_MAT f32 m=64 n=80 k=64: 1 x 3.6 us = 3.6 us (180.622 GFLOPS/s)
MUL_MAT_ADD MUL_MAT_VEC q6_K m=5120 n=5 k=17408: 1 x 231.93 us = 231.93 us (3842.81 GFLOPS/s)
MUL_MAT_ADD MUL_MAT_VEC q6_K m=5120 n=5 k=6144: 1 x 85.68 us = 85.68 us (3671.19 GFLOPS/s)
MUL_MAT_VEC q6_K m=1024 n=5 k=5120: 2 x 16.12 us = 32.24 us (3252.09 GFLOPS/s)
MUL_MAT_VEC q6_K m=12288 n=5 k=5120: 1 x 154.56 us = 154.56 us (4070.16 GFLOPS/s)
MUL_MAT_VEC q6_K m=17408 n=5 k=5120: 2 x 180.42 us = 360.84 us (4939.6 GFLOPS/s)
MUL_MAT_VEC q8_0 m=5120 n=5 k=10240: 1 x 106.76 us = 106.76 us (4910.66 GFLOPS/s)
RMS_NORM_MUL RMS_NORM(256,24,5,1): 1 x 3.72 us = 3.72 us
RMS_NORM_MUL RMS_NORM(256,4,5,1): 1 x 3.6 us = 3.6 us
RMS_NORM_MUL RMS_NORM(5120,5,1,1): 5 x 8.992 us = 44.96 us
ROPE: 2 x 3.6 us = 7.2 us
SET_ROWS: 2 x 2.92 us = 5.84 us
SIGMOID_MUL SIGMOID: 1 x 1.68 us = 1.68 us
Total time: 1089.85 us.
----------------
Vulkan Timings:
CONCAT: 1 x 1.72 us = 1.72 us
CONT: 1 x 3.64 us = 3.64 us
FLASH_ATTN_EXT dst(256,24,1,1),  q(256,1,24,1),  k(256,256,4,1),  v(256,256,4,1),  m(256,1,1,1): 1 x 16.36 us = 16.36 us (384.563 GFLOPS/s)
GET_ROWS: 3 x 4.986 us = 14.96 us
GLU: 1 x 1.84 us = 1.84 us
MUL_MAT f32 m=256 n=24 k=256: 1 x 1.56 us = 1.56 us (2012.55 GFLOPS/s)
MUL_MAT f32 m=64 n=16 k=64: 1 x 1.8 us = 1.8 us (72.2489 GFLOPS/s)
MUL_MAT f32 m=64 n=96 k=64: 1 x 3.32 us = 3.32 us (235.027 GFLOPS/s)
MUL_MAT_ADD MUL_MAT_VEC q6_K m=5120 n=1 k=17408: 1 x 131.16 us = 131.16 us (1359.05 GFLOPS/s)
MUL_MAT_ADD MUL_MAT_VEC q6_K m=5120 n=1 k=6144: 1 x 53.08 us = 53.08 us (1185.18 GFLOPS/s)
MUL_MAT_VEC f32 m=256 n=4 k=256: 1 x 3.12 us = 3.12 us (167.713 GFLOPS/s)
MUL_MAT_VEC q6_K m=1024 n=1 k=5120: 2 x 8.76 us = 17.52 us (1196.89 GFLOPS/s)
MUL_MAT_VEC q6_K m=12288 n=1 k=5120: 1 x 89.68 us = 89.68 us (1402.95 GFLOPS/s)
MUL_MAT_VEC q6_K m=17408 n=1 k=5120: 2 x 118.1 us = 236.2 us (1509.23 GFLOPS/s)
MUL_MAT_VEC q6_K m=98304 n=1 k=5120: 1 x 674.75 us = 674.75 us (1491.71 GFLOPS/s)
MUL_MAT_VEC q8_0 m=5120 n=1 k=10240: 1 x 93.96 us = 93.96 us (1115.93 GFLOPS/s)
PAD: 1 x 6.48 us = 6.48 us
RMS_NORM_MUL RMS_NORM(256,24,1,1): 1 x 6 us = 6 us
RMS_NORM_MUL RMS_NORM(256,4,1,1): 1 x 5.12 us = 5.12 us
RMS_NORM_MUL RMS_NORM(5120,1,1,1): 5 x 3.936 us = 19.68 us
ROPE: 2 x 3.44 us = 6.88 us
SET_ROWS: 2 x 2 us = 4 us
SIGMOID_MUL SIGMOID: 1 x 1.52 us = 1.52 us
TOP_K K=10 (98304,1,1,1): 1 x 9.4 us = 9.4 us
Total time: 1403.75 us.
----------------
Vulkan Timings:
CONCAT: 1 x 1.64 us = 1.64 us
CONT: 1 x 3.72 us = 3.72 us
FLASH_ATTN_EXT dst(256,24,1,1),  q(256,1,24,1),  k(256,256,4,1),  v(256,256,4,1),  m(256,1,1,1): 1 x 13.8 us = 13.8 us (455.903 GFLOPS/s)
GET_ROWS: 3 x 4.92 us = 14.76 us
GLU: 1 x 1.84 us = 1.84 us
MUL_MAT f32 m=256 n=24 k=256: 1 x 1.6 us = 1.6 us (1962.24 GFLOPS/s)
MUL_MAT f32 m=64 n=16 k=64: 1 x 3.76 us = 3.76 us (34.5872 GFLOPS/s)
MUL_MAT f32 m=64 n=96 k=64: 1 x 3.72 us = 3.72 us (209.755 GFLOPS/s)
MUL_MAT_ADD MUL_MAT_VEC q6_K m=5120 n=1 k=17408: 1 x 123.32 us = 123.32 us (1445.45 GFLOPS/s)
MUL_MAT_ADD MUL_MAT_VEC q6_K m=5120 n=1 k=6144: 1 x 53.96 us = 53.96 us (1165.85 GFLOPS/s)
MUL_MAT_VEC f32 m=256 n=4 k=256: 1 x 3.16 us = 3.16 us (165.59 GFLOPS/s)
MUL_MAT_VEC q6_K m=1024 n=1 k=5120: 2 x 8.78 us = 17.56 us (1194.16 GFLOPS/s)
MUL_MAT_VEC q6_K m=12288 n=1 k=5120: 1 x 85.72 us = 85.72 us (1467.77 GFLOPS/s)
MUL_MAT_VEC q6_K m=17408 n=1 k=5120: 2 x 121.08 us = 242.16 us (1472.09 GFLOPS/s)
MUL_MAT_VEC q6_K m=98304 n=1 k=5120: 1 x 669.96 us = 669.96 us (1502.38 GFLOPS/s)
MUL_MAT_VEC q8_0 m=5120 n=1 k=10240: 1 x 101.28 us = 101.28 us (1035.27 GFLOPS/s)
PAD: 1 x 6.52 us = 6.52 us
RMS_NORM_MUL RMS_NORM(256,24,1,1): 1 x 5.56 us = 5.56 us
RMS_NORM_MUL RMS_NORM(256,4,1,1): 1 x 3.76 us = 3.76 us
RMS_NORM_MUL RMS_NORM(5120,1,1,1): 5 x 3.72 us = 18.6 us
ROPE: 2 x 3.7 us = 7.4 us
SET_ROWS: 2 x 2.94 us = 5.88 us
SIGMOID_MUL SIGMOID: 1 x 1.68 us = 1.68 us
TOP_K K=10 (98304,1,1,1): 1 x 9.32 us = 9.32 us
Total time: 1400.68 us.
----------------
Vulkan Timings:
CONCAT: 1 x 1.64 us = 1.64 us
CONT: 1 x 3.72 us = 3.72 us
FLASH_ATTN_EXT dst(256,24,1,1),  q(256,1,24,1),  k(256,256,4,1),  v(256,256,4,1),  m(256,1,1,1): 1 x 13.76 us = 13.76 us (457.228 GFLOPS/s)
GET_ROWS: 3 x 4.906 us = 14.72 us
GLU: 1 x 1.8 us = 1.8 us
MUL_MAT f32 m=256 n=24 k=256: 1 x 1.6 us = 1.6 us (1962.24 GFLOPS/s)
MUL_MAT f32 m=64 n=16 k=64: 1 x 3.68 us = 3.68 us (35.3391 GFLOPS/s)
MUL_MAT f32 m=64 n=96 k=64: 1 x 3.76 us = 3.76 us (207.523 GFLOPS/s)
MUL_MAT_ADD MUL_MAT_VEC q6_K m=5120 n=1 k=17408: 1 x 122.68 us = 122.68 us (1452.99 GFLOPS/s)
MUL_MAT_ADD MUL_MAT_VEC q6_K m=5120 n=1 k=6144: 1 x 53.56 us = 53.56 us (1174.56 GFLOPS/s)
MUL_MAT_VEC f32 m=256 n=4 k=256: 1 x 3.16 us = 3.16 us (165.59 GFLOPS/s)
MUL_MAT_VEC q6_K m=1024 n=1 k=5120: 2 x 8.98 us = 17.96 us (1167.57 GFLOPS/s)
MUL_MAT_VEC q6_K m=12288 n=1 k=5120: 1 x 85.96 us = 85.96 us (1463.67 GFLOPS/s)
MUL_MAT_VEC q6_K m=17408 n=1 k=5120: 2 x 121.48 us = 242.96 us (1467.24 GFLOPS/s)
MUL_MAT_VEC q6_K m=98304 n=1 k=5120: 1 x 673.29 us = 673.29 us (1494.95 GFLOPS/s)
MUL_MAT_VEC q8_0 m=5120 n=1 k=10240: 1 x 100.68 us = 100.68 us (1041.44 GFLOPS/s)
PAD: 1 x 6.44 us = 6.44 us
RMS_NORM_MUL RMS_NORM(256,24,1,1): 1 x 5.52 us = 5.52 us
RMS_NORM_MUL RMS_NORM(256,4,1,1): 1 x 3.72 us = 3.72 us
RMS_NORM_MUL RMS_NORM(5120,1,1,1): 5 x 3.664 us = 18.32 us
ROPE: 2 x 3.68 us = 7.36 us
SET_ROWS: 2 x 2.96 us = 5.92 us
SIGMOID_MUL SIGMOID: 1 x 1.68 us = 1.68 us
TOP_K K=10 (98304,1,1,1): 1 x 9.16 us = 9.16 us
Total time: 1403.05 us.
----------------
Vulkan Timings:
CONCAT: 1 x 1.68 us = 1.68 us
CONT: 1 x 3.72 us = 3.72 us
FLASH_ATTN_EXT dst(256,24,1,1),  q(256,1,24,1),  k(256,256,4,1),  v(256,256,4,1),  m(256,1,1,1): 1 x 13.84 us = 13.84 us (454.585 GFLOPS/s)
GET_ROWS: 3 x 4.893 us = 14.68 us
GLU: 1 x 1.88 us = 1.88 us
MUL_MAT f32 m=256 n=24 k=256: 1 x 1.64 us = 1.64 us (1914.38 GFLOPS/s)
MUL_MAT f32 m=64 n=16 k=64: 1 x 3.76 us = 3.76 us (34.5872 GFLOPS/s)
MUL_MAT f32 m=64 n=96 k=64: 1 x 3.68 us = 3.68 us (212.035 GFLOPS/s)
MUL_MAT_ADD MUL_MAT_VEC q6_K m=5120 n=1 k=17408: 1 x 124.24 us = 124.24 us (1434.75 GFLOPS/s)
MUL_MAT_ADD MUL_MAT_VEC q6_K m=5120 n=1 k=6144: 1 x 54 us = 54 us (1164.99 GFLOPS/s)
MUL_MAT_VEC f32 m=256 n=4 k=256: 1 x 3.12 us = 3.12 us (167.713 GFLOPS/s)
MUL_MAT_VEC q6_K m=1024 n=1 k=5120: 2 x 8.9 us = 17.8 us (1178.06 GFLOPS/s)
MUL_MAT_VEC q6_K m=12288 n=1 k=5120: 1 x 85.52 us = 85.52 us (1471.2 GFLOPS/s)
MUL_MAT_VEC q6_K m=17408 n=1 k=5120: 2 x 121.12 us = 242.24 us (1471.6 GFLOPS/s)
MUL_MAT_VEC q6_K m=98304 n=1 k=5120: 1 x 672.46 us = 672.46 us (1496.79 GFLOPS/s)
MUL_MAT_VEC q8_0 m=5120 n=1 k=10240: 1 x 101.52 us = 101.52 us (1032.83 GFLOPS/s)
PAD: 1 x 7.12 us = 7.12 us
RMS_NORM_MUL RMS_NORM(256,24,1,1): 1 x 5.52 us = 5.52 us
RMS_NORM_MUL RMS_NORM(256,4,1,1): 1 x 3.76 us = 3.76 us
RMS_NORM_MUL RMS_NORM(5120,1,1,1): 5 x 3.648 us = 18.24 us
ROPE: 2 x 3.68 us = 7.36 us
SET_ROWS: 2 x 2.92 us = 5.84 us
SIGMOID_MUL SIGMOID: 1 x 1.64 us = 1.64 us
TOP_K K=10 (98304,1,1,1): 1 x 8.92 us = 8.92 us
Total time: 1404.18 us.
----------------
Vulkan Timings:
ADD: 48 x 3.97 us = 190.56 us
CONT: 16 x 3.892 us = 62.28 us
FLASH_ATTN_EXT dst(256,24,5,1),  q(256,5,24,1),  k(256,256,4,1),  v(256,256,4,1),  m(256,5,1,1): 16 x 23.097 us = 369.56 us (1361.93 GFLOPS/s)
GDN_CACHE GATED_DELTA_NET: 48 x 13.786 us = 661.76 us
GDN_CONV_STATE CONCAT: 48 x 3.121 us = 149.84 us
GET_ROWS: 3 x 11.426 us = 34.28 us
GLU: 64 x 2.926 us = 187.32 us
MUL_MAT f32 m=256 n=120 k=256: 16 x 1.862 us = 29.8 us (8428.41 GFLOPS/s)
MUL_MAT f32 m=256 n=20 k=256: 16 x 3.27 us = 52.32 us (800.098 GFLOPS/s)
MUL_MAT f32 m=64 n=480 k=64: 16 x 3.745 us = 59.92 us (1041.77 GFLOPS/s)
MUL_MAT f32 m=64 n=80 k=64: 16 x 3.462 us = 55.4 us (187.795 GFLOPS/s)
MUL_MAT_ADD MUL_MAT_VEC q6_K m=5120 n=5 k=17408: 64 x 206.727 us = 13230.6 us (4311.3 GFLOPS/s)
MUL_MAT_ADD MUL_MAT_VEC q6_K m=5120 n=5 k=6144: 16 x 77.497 us = 1239.96 us (4058.8 GFLOPS/s)
MUL_MAT_VEC f32 m=48 n=5 k=5120: 96 x 4.347 us = 417.32 us (565.289 GFLOPS/s)
MUL_MAT_VEC q6_K m=1024 n=5 k=5120: 32 x 12.176 us = 389.64 us (4305.4 GFLOPS/s)
MUL_MAT_VEC q6_K m=10240 n=5 k=5120: 48 x 109.997 us = 5279.88 us (4765.9 GFLOPS/s)
MUL_MAT_VEC q6_K m=12288 n=5 k=5120: 16 x 140.522 us = 2248.36 us (4476.75 GFLOPS/s)
MUL_MAT_VEC q6_K m=17408 n=5 k=5120: 128 x 183.025 us = 23427.3 us (4869.28 GFLOPS/s)
MUL_MAT_VEC q6_K m=248320 n=5 k=5120: 1 x 2412.8 us = 2412.8 us (5268.88 GFLOPS/s)
MUL_MAT_VEC q6_K m=6144 n=5 k=5120: 48 x 72.026 us = 3457.28 us (4367.02 GFLOPS/s)
MUL_MAT_VEC q8_0 m=5120 n=5 k=6144: 48 x 63.272 us = 3037.08 us (4971.31 GFLOPS/s)
RMS_NORM_MUL RMS_NORM(256,24,5,1): 16 x 3.827 us = 61.24 us
RMS_NORM_MUL RMS_NORM(256,4,5,1): 16 x 4.057 us = 64.92 us
RMS_NORM_MUL RMS_NORM(5120,5,1,1): 129 x 4.325 us = 558.04 us
RMS_NORM_MUL_SILU_MUL RMS_NORM(128,48,5,1): 48 x 5.873 us = 281.92 us
RMS_NORM_SCALE RMS_NORM(128,16,5,1): 96 x 2.613 us = 250.92 us
ROPE: 32 x 3.937 us = 126 us
SET_ROWS: 32 x 3.07 us = 98.24 us
SIGMOID_MUL SIGMOID: 16 x 3.787 us = 60.6 us
SSM_CONV_SILU SSM_CONV: 48 x 4.834 us = 232.04 us
Total time: 58727.1 us.
----------------
Vulkan Timings:
CONCAT: 1 x 3.84 us = 3.84 us
CONT: 1 x 3.8 us = 3.8 us
FLASH_ATTN_EXT dst(256,24,5,1),  q(256,5,24,1),  k(256,256,4,1),  v(256,256,4,1),  m(256,5,1,1): 1 x 25.68 us = 25.68 us (1224.97 GFLOPS/s)
GET_ROWS: 1 x 6.96 us = 6.96 us
GLU: 1 x 1.52 us = 1.52 us
MUL_MAT f32 m=256 n=120 k=256: 1 x 1.72 us = 1.72 us (9126.7 GFLOPS/s)
MUL_MAT f32 m=256 n=20 k=256: 1 x 3.16 us = 3.16 us (827.949 GFLOPS/s)
MUL_MAT f32 m=64 n=480 k=64: 1 x 3.8 us = 3.8 us (1026.69 GFLOPS/s)
MUL_MAT f32 m=64 n=80 k=64: 1 x 3.76 us = 3.76 us (172.936 GFLOPS/s)
MUL_MAT_ADD MUL_MAT_VEC q6_K m=5120 n=5 k=17408: 1 x 234.42 us = 234.42 us (3802 GFLOPS/s)
MUL_MAT_ADD MUL_MAT_VEC q6_K m=5120 n=5 k=6144: 1 x 86.4 us = 86.4 us (3640.59 GFLOPS/s)
MUL_MAT_VEC q6_K m=1024 n=5 k=5120: 2 x 15.56 us = 31.12 us (3369.13 GFLOPS/s)
MUL_MAT_VEC q6_K m=12288 n=5 k=5120: 1 x 151.98 us = 151.98 us (4139.26 GFLOPS/s)
MUL_MAT_VEC q6_K m=17408 n=5 k=5120: 2 x 182 us = 364 us (4896.72 GFLOPS/s)
MUL_MAT_VEC q8_0 m=5120 n=5 k=10240: 1 x 105.44 us = 105.44 us (4972.14 GFLOPS/s)
RMS_NORM_MUL RMS_NORM(256,24,5,1): 1 x 3.92 us = 3.92 us
RMS_NORM_MUL RMS_NORM(256,4,5,1): 1 x 3.76 us = 3.76 us
RMS_NORM_MUL RMS_NORM(5120,5,1,1): 5 x 9.604 us = 48.02 us
ROPE: 2 x 3.76 us = 7.52 us
SET_ROWS: 2 x 2.08 us = 4.16 us
SIGMOID_MUL SIGMOID: 1 x 1.72 us = 1.72 us
Total time: 1096.7 us.
----------------
Vulkan Timings:
CONCAT: 1 x 1.68 us = 1.68 us
CONT: 1 x 3.48 us = 3.48 us
FLASH_ATTN_EXT dst(256,24,1,1),  q(256,1,24,1),  k(256,256,4,1),  v(256,256,4,1),  m(256,1,1,1): 1 x 13.44 us = 13.44 us (468.114 GFLOPS/s)
GET_ROWS: 3 x 4.973 us = 14.92 us
GLU: 1 x 1.64 us = 1.64 us
MUL_MAT f32 m=256 n=24 k=256: 1 x 1.52 us = 1.52 us (2065.52 GFLOPS/s)
MUL_MAT f32 m=64 n=16 k=64: 1 x 1.76 us = 1.76 us (73.8909 GFLOPS/s)
MUL_MAT f32 m=64 n=96 k=64: 1 x 3.2 us = 3.2 us (243.84 GFLOPS/s)
MUL_MAT_ADD MUL_MAT_VEC q6_K m=5120 n=1 k=17408: 1 x 131.32 us = 131.32 us (1357.39 GFLOPS/s)
MUL_MAT_ADD MUL_MAT_VEC q6_K m=5120 n=1 k=6144: 1 x 53.16 us = 53.16 us (1183.4 GFLOPS/s)
MUL_MAT_VEC f32 m=256 n=4 k=256: 1 x 3 us = 3 us (174.421 GFLOPS/s)
MUL_MAT_VEC q6_K m=1024 n=1 k=5120: 2 x 6.92 us = 13.84 us (1515.14 GFLOPS/s)
MUL_MAT_VEC q6_K m=12288 n=1 k=5120: 1 x 97.32 us = 97.32 us (1292.82 GFLOPS/s)
MUL_MAT_VEC q6_K m=17408 n=1 k=5120: 2 x 118.5 us = 237 us (1504.14 GFLOPS/s)
MUL_MAT_VEC q6_K m=98304 n=1 k=5120: 1 x 673.93 us = 673.93 us (1493.53 GFLOPS/s)
MUL_MAT_VEC q8_0 m=5120 n=1 k=10240: 1 x 94.08 us = 94.08 us (1114.5 GFLOPS/s)
PAD: 1 x 6.32 us = 6.32 us
RMS_NORM_MUL RMS_NORM(256,24,1,1): 1 x 3.16 us = 3.16 us
RMS_NORM_MUL RMS_NORM(256,4,1,1): 1 x 4.84 us = 4.84 us
RMS_NORM_MUL RMS_NORM(5120,1,1,1): 5 x 4 us = 20 us
ROPE: 2 x 3.28 us = 6.56 us
SET_ROWS: 2 x 2.8 us = 5.6 us
SIGMOID_MUL SIGMOID: 1 x 1.56 us = 1.56 us
TOP_K K=10 (98304,1,1,1): 1 x 8.72 us = 8.72 us
Total time: 1402.05 us.
----------------
Vulkan Timings:
CONCAT: 1 x 1.64 us = 1.64 us
CONT: 1 x 3.64 us = 3.64 us
FLASH_ATTN_EXT dst(256,24,1,1),  q(256,1,24,1),  k(256,256,4,1),  v(256,256,4,1),  m(256,1,1,1): 1 x 13.72 us = 13.72 us (458.561 GFLOPS/s)
GET_ROWS: 3 x 4.946 us = 14.84 us
GLU: 1 x 1.88 us = 1.88 us
MUL_MAT f32 m=256 n=24 k=256: 1 x 1.68 us = 1.68 us (1868.8 GFLOPS/s)
MUL_MAT f32 m=64 n=16 k=64: 1 x 3.6 us = 3.6 us (36.1244 GFLOPS/s)
MUL_MAT f32 m=64 n=96 k=64: 1 x 3.56 us = 3.56 us (219.182 GFLOPS/s)
MUL_MAT_ADD MUL_MAT_VEC q6_K m=5120 n=1 k=17408: 1 x 124.08 us = 124.08 us (1436.6 GFLOPS/s)
MUL_MAT_ADD MUL_MAT_VEC q6_K m=5120 n=1 k=6144: 1 x 53.96 us = 53.96 us (1165.85 GFLOPS/s)
MUL_MAT_VEC f32 m=256 n=4 k=256: 1 x 2.96 us = 2.96 us (176.778 GFLOPS/s)
MUL_MAT_VEC q6_K m=1024 n=1 k=5120: 2 x 6.86 us = 13.72 us (1528.39 GFLOPS/s)
MUL_MAT_VEC q6_K m=12288 n=1 k=5120: 1 x 93.48 us = 93.48 us (1345.92 GFLOPS/s)
MUL_MAT_VEC q6_K m=17408 n=1 k=5120: 2 x 121.3 us = 242.6 us (1469.42 GFLOPS/s)
MUL_MAT_VEC q6_K m=98304 n=1 k=5120: 1 x 672.32 us = 672.32 us (1497.11 GFLOPS/s)
MUL_MAT_VEC q8_0 m=5120 n=1 k=10240: 1 x 101.04 us = 101.04 us (1037.73 GFLOPS/s)
PAD: 1 x 6.36 us = 6.36 us
RMS_NORM_MUL RMS_NORM(256,24,1,1): 1 x 3.6 us = 3.6 us
RMS_NORM_MUL RMS_NORM(256,4,1,1): 1 x 3.6 us = 3.6 us
RMS_NORM_MUL RMS_NORM(5120,1,1,1): 5 x 3.704 us = 18.52 us
ROPE: 2 x 3.56 us = 7.12 us
SET_ROWS: 2 x 2.88 us = 5.76 us
SIGMOID_MUL SIGMOID: 1 x 1.68 us = 1.68 us
TOP_K K=10 (98304,1,1,1): 1 x 8.72 us = 8.72 us
Total time: 1404.08 us.
----------------
Vulkan Timings:
CONCAT: 1 x 1.64 us = 1.64 us
CONT: 1 x 3.56 us = 3.56 us
FLASH_ATTN_EXT dst(256,24,1,1),  q(256,1,24,1),  k(256,256,4,1),  v(256,256,4,1),  m(256,1,1,1): 1 x 15.48 us = 15.48 us (406.425 GFLOPS/s)
GET_ROWS: 3 x 4.853 us = 14.56 us
GLU: 1 x 1.92 us = 1.92 us
MUL_MAT f32 m=256 n=24 k=256: 1 x 2.24 us = 2.24 us (1401.6 GFLOPS/s)
MUL_MAT f32 m=64 n=16 k=64: 1 x 3.56 us = 3.56 us (36.5303 GFLOPS/s)
MUL_MAT f32 m=64 n=96 k=64: 1 x 3.56 us = 3.56 us (219.182 GFLOPS/s)
MUL_MAT_ADD MUL_MAT_VEC q6_K m=5120 n=1 k=17408: 1 x 123.56 us = 123.56 us (1442.64 GFLOPS/s)
MUL_MAT_ADD MUL_MAT_VEC q6_K m=5120 n=1 k=6144: 1 x 53 us = 53 us (1186.97 GFLOPS/s)
MUL_MAT_VEC f32 m=256 n=4 k=256: 1 x 0.72 us = 0.72 us (726.756 GFLOPS/s)
MUL_MAT_VEC q6_K m=1024 n=1 k=5120: 2 x 8.78 us = 17.56 us (1194.16 GFLOPS/s)
MUL_MAT_VEC q6_K m=12288 n=1 k=5120: 1 x 85.6 us = 85.6 us (1469.82 GFLOPS/s)
MUL_MAT_VEC q6_K m=17408 n=1 k=5120: 2 x 121.56 us = 243.12 us (1466.28 GFLOPS/s)
MUL_MAT_VEC q6_K m=98304 n=1 k=5120: 1 x 679.74 us = 679.74 us (1480.76 GFLOPS/s)
MUL_MAT_VEC q8_0 m=5120 n=1 k=10240: 1 x 100.8 us = 100.8 us (1040.2 GFLOPS/s)
PAD: 1 x 8.4 us = 8.4 us
RMS_NORM_MUL RMS_NORM(256,24,1,1): 1 x 5.2 us = 5.2 us
RMS_NORM_MUL RMS_NORM(256,4,1,1): 1 x 3.6 us = 3.6 us
RMS_NORM_MUL RMS_NORM(5120,1,1,1): 5 x 3.664 us = 18.32 us
ROPE: 2 x 3.56 us = 7.12 us
SET_ROWS: 2 x 3.04 us = 6.08 us
SIGMOID_MUL SIGMOID: 1 x 1.64 us = 1.64 us
TOP_K K=10 (98304,1,1,1): 1 x 6.72 us = 6.72 us
Total time: 1407.7 us.
----------------
Vulkan Timings:
CONCAT: 1 x 1.64 us = 1.64 us
CONT: 1 x 3.6 us = 3.6 us
FLASH_ATTN_EXT dst(256,24,1,1),  q(256,1,24,1),  k(256,256,4,1),  v(256,256,4,1),  m(256,1,1,1): 1 x 13.84 us = 13.84 us (454.585 GFLOPS/s)
GET_ROWS: 3 x 4.813 us = 14.44 us
GLU: 1 x 1.8 us = 1.8 us
MUL_MAT f32 m=256 n=24 k=256: 1 x 1.64 us = 1.64 us (1914.38 GFLOPS/s)
MUL_MAT f32 m=64 n=16 k=64: 1 x 3.56 us = 3.56 us (36.5303 GFLOPS/s)
MUL_MAT f32 m=64 n=96 k=64: 1 x 3.6 us = 3.6 us (216.747 GFLOPS/s)
MUL_MAT_ADD MUL_MAT_VEC q6_K m=5120 n=1 k=17408: 1 x 123.4 us = 123.4 us (1444.51 GFLOPS/s)
MUL_MAT_ADD MUL_MAT_VEC q6_K m=5120 n=1 k=6144: 1 x 53.28 us = 53.28 us (1180.73 GFLOPS/s)
MUL_MAT_VEC f32 m=256 n=4 k=256: 1 x 2.96 us = 2.96 us (176.778 GFLOPS/s)
MUL_MAT_VEC q6_K m=1024 n=1 k=5120: 2 x 6.8 us = 13.6 us (1541.87 GFLOPS/s)
MUL_MAT_VEC q6_K m=12288 n=1 k=5120: 1 x 93.8 us = 93.8 us (1341.33 GFLOPS/s)
MUL_MAT_VEC q6_K m=17408 n=1 k=5120: 2 x 121.9 us = 243.8 us (1462.19 GFLOPS/s)
MUL_MAT_VEC q6_K m=98304 n=1 k=5120: 1 x 672.26 us = 672.26 us (1497.24 GFLOPS/s)
MUL_MAT_VEC q8_0 m=5120 n=1 k=10240: 1 x 101.56 us = 101.56 us (1032.42 GFLOPS/s)
PAD: 1 x 6.32 us = 6.32 us
RMS_NORM_MUL RMS_NORM(256,24,1,1): 1 x 3.6 us = 3.6 us
RMS_NORM_MUL RMS_NORM(256,4,1,1): 1 x 3.56 us = 3.56 us
RMS_NORM_MUL RMS_NORM(5120,1,1,1): 5 x 3.68 us = 18.4 us
ROPE: 2 x 3.54 us = 7.08 us
SET_ROWS: 2 x 2.86 us = 5.72 us
SIGMOID_MUL SIGMOID: 1 x 1.68 us = 1.68 us
TOP_K K=10 (98304,1,1,1): 1 x 9.08 us = 9.08 us
Total time: 1404.22 us.
----------------
Vulkan Timings:
ADD: 48 x 3.809 us = 182.84 us
CONT: 16 x 3.742 us = 59.88 us
FLASH_ATTN_EXT dst(256,24,5,1),  q(256,5,24,1),  k(256,256,4,1),  v(256,256,4,1),  m(256,5,1,1): 16 x 23.277 us = 372.44 us (1351.4 GFLOPS/s)
GDN_CACHE GATED_DELTA_NET: 48 x 14.6 us = 700.84 us
GDN_CONV_STATE CONCAT: 48 x 3.254 us = 156.2 us
GET_ROWS: 3 x 11.16 us = 33.48 us
GLU: 64 x 2.781 us = 178 us
MUL_MAT f32 m=256 n=120 k=256: 16 x 1.827 us = 29.24 us (8589.83 GFLOPS/s)
MUL_MAT f32 m=256 n=20 k=256: 16 x 3.285 us = 52.56 us (796.444 GFLOPS/s)
MUL_MAT f32 m=64 n=480 k=64: 16 x 3.615 us = 57.84 us (1079.24 GFLOPS/s)
MUL_MAT f32 m=64 n=80 k=64: 16 x 3.335 us = 53.36 us (194.975 GFLOPS/s)
MUL_MAT_ADD MUL_MAT_VEC q6_K m=5120 n=5 k=17408: 64 x 206.91 us = 13242.2 us (4307.5 GFLOPS/s)
MUL_MAT_ADD MUL_MAT_VEC q6_K m=5120 n=5 k=6144: 16 x 77.412 us = 1238.6 us (4063.26 GFLOPS/s)
MUL_MAT_VEC f32 m=48 n=5 k=5120: 96 x 4.364 us = 418.96 us (563.077 GFLOPS/s)
MUL_MAT_VEC q6_K m=1024 n=5 k=5120: 32 x 12.176 us = 389.64 us (4305.4 GFLOPS/s)
MUL_MAT_VEC q6_K m=10240 n=5 k=5120: 48 x 109.946 us = 5277.44 us (4768.1 GFLOPS/s)
MUL_MAT_VEC q6_K m=12288 n=5 k=5120: 16 x 140.542 us = 2248.68 us (4476.11 GFLOPS/s)
MUL_MAT_VEC q6_K m=17408 n=5 k=5120: 128 x 182.929 us = 23415 us (4871.84 GFLOPS/s)
MUL_MAT_VEC q6_K m=248320 n=5 k=5120: 1 x 2400.56 us = 2400.56 us (5295.74 GFLOPS/s)
MUL_MAT_VEC q6_K m=6144 n=5 k=5120: 48 x 71.277 us = 3421.32 us (4412.92 GFLOPS/s)
MUL_MAT_VEC q8_0 m=5120 n=5 k=6144: 48 x 62.957 us = 3021.96 us (4996.18 GFLOPS/s)
RMS_NORM_MUL RMS_NORM(256,24,5,1): 16 x 3.667 us = 58.68 us
RMS_NORM_MUL RMS_NORM(256,4,5,1): 16 x 3.862 us = 61.8 us
RMS_NORM_MUL RMS_NORM(5120,5,1,1): 129 x 4.259 us = 549.44 us
RMS_NORM_MUL_SILU_MUL RMS_NORM(128,48,5,1): 48 x 5.56 us = 266.88 us
RMS_NORM_SCALE RMS_NORM(128,16,5,1): 96 x 2.526 us = 242.56 us
ROPE: 32 x 3.78 us = 120.96 us
SET_ROWS: 32 x 2.873 us = 91.96 us
SIGMOID_MUL SIGMOID: 16 x 3.645 us = 58.32 us
SSM_CONV_SILU SSM_CONV: 48 x 4.681 us = 224.72 us
Total time: 58626.4 us.
----------------
Vulkan Timings:
CONCAT: 1 x 4.12 us = 4.12 us
CONT: 1 x 3.6 us = 3.6 us
FLASH_ATTN_EXT dst(256,24,5,1),  q(256,5,24,1),  k(256,256,4,1),  v(256,256,4,1),  m(256,5,1,1): 1 x 24.76 us = 24.76 us (1270.49 GFLOPS/s)
GET_ROWS: 1 x 6.64 us = 6.64 us
GLU: 1 x 1.48 us = 1.48 us
MUL_MAT f32 m=256 n=120 k=256: 1 x 2.08 us = 2.08 us (7547.08 GFLOPS/s)
MUL_MAT f32 m=256 n=20 k=256: 1 x 0.72 us = 0.72 us (3633.78 GFLOPS/s)
MUL_MAT f32 m=64 n=480 k=64: 1 x 3.56 us = 3.56 us (1095.91 GFLOPS/s)
MUL_MAT f32 m=64 n=80 k=64: 1 x 3.6 us = 3.6 us (180.622 GFLOPS/s)
MUL_MAT_ADD MUL_MAT_VEC q6_K m=5120 n=5 k=17408: 1 x 232.87 us = 232.87 us (3827.3 GFLOPS/s)
MUL_MAT_ADD MUL_MAT_VEC q6_K m=5120 n=5 k=6144: 1 x 85.8 us = 85.8 us (3666.05 GFLOPS/s)
MUL_MAT_VEC q6_K m=1024 n=5 k=5120: 2 x 15.76 us = 31.52 us (3326.38 GFLOPS/s)
MUL_MAT_VEC q6_K m=12288 n=5 k=5120: 1 x 154.23 us = 154.23 us (4078.87 GFLOPS/s)
MUL_MAT_VEC q6_K m=17408 n=5 k=5120: 2 x 180.28 us = 360.56 us (4943.44 GFLOPS/s)
MUL_MAT_VEC q8_0 m=5120 n=5 k=10240: 1 x 106.84 us = 106.84 us (4906.99 GFLOPS/s)
RMS_NORM_MUL RMS_NORM(256,24,5,1): 1 x 3.76 us = 3.76 us
RMS_NORM_MUL RMS_NORM(256,4,5,1): 1 x 3.6 us = 3.6 us
RMS_NORM_MUL RMS_NORM(5120,5,1,1): 5 x 8.882 us = 44.41 us
ROPE: 2 x 3.62 us = 7.24 us
SET_ROWS: 2 x 3.08 us = 6.16 us
SIGMOID_MUL SIGMOID: 1 x 1.72 us = 1.72 us
Total time: 1089.27 us.
----------------
Vulkan Timings:
CONCAT: 1 x 1.64 us = 1.64 us
CONT: 1 x 3.6 us = 3.6 us
FLASH_ATTN_EXT dst(256,24,1,1),  q(256,1,24,1),  k(256,256,4,1),  v(256,256,4,1),  m(256,1,1,1): 1 x 13.52 us = 13.52 us (465.344 GFLOPS/s)
GET_ROWS: 3 x 5.066 us = 15.2 us
GLU: 1 x 1.56 us = 1.56 us
MUL_MAT f32 m=256 n=24 k=256: 1 x 1.52 us = 1.52 us (2065.52 GFLOPS/s)
MUL_MAT f32 m=64 n=16 k=64: 1 x 1.8 us = 1.8 us (72.2489 GFLOPS/s)
MUL_MAT f32 m=64 n=96 k=64: 1 x 3.36 us = 3.36 us (232.229 GFLOPS/s)
MUL_MAT_ADD MUL_MAT_VEC q6_K m=5120 n=1 k=17408: 1 x 129.88 us = 129.88 us (1372.44 GFLOPS/s)
MUL_MAT_ADD MUL_MAT_VEC q6_K m=5120 n=1 k=6144: 1 x 54.36 us = 54.36 us (1157.27 GFLOPS/s)
MUL_MAT_VEC f32 m=256 n=4 k=256: 1 x 3.12 us = 3.12 us (167.713 GFLOPS/s)
MUL_MAT_VEC q6_K m=1024 n=1 k=5120: 2 x 8.76 us = 17.52 us (1196.89 GFLOPS/s)
MUL_MAT_VEC q6_K m=12288 n=1 k=5120: 1 x 89.92 us = 89.92 us (1399.21 GFLOPS/s)
MUL_MAT_VEC q6_K m=17408 n=1 k=5120: 2 x 118.16 us = 236.32 us (1508.47 GFLOPS/s)
MUL_MAT_VEC q6_K m=98304 n=1 k=5120: 1 x 673.54 us = 673.54 us (1494.39 GFLOPS/s)
MUL_MAT_VEC q8_0 m=5120 n=1 k=10240: 1 x 94.04 us = 94.04 us (1114.98 GFLOPS/s)
PAD: 1 x 6.32 us = 6.32 us
RMS_NORM_MUL RMS_NORM(256,24,1,1): 1 x 6 us = 6 us
RMS_NORM_MUL RMS_NORM(256,4,1,1): 1 x 5.12 us = 5.12 us
RMS_NORM_MUL RMS_NORM(5120,1,1,1): 5 x 4 us = 20 us
ROPE: 2 x 3.44 us = 6.88 us
SET_ROWS: 2 x 2.86 us = 5.72 us
SIGMOID_MUL SIGMOID: 1 x 1.56 us = 1.56 us
TOP_K K=10 (98304,1,1,1): 1 x 9.2 us = 9.2 us
Total time: 1401.7 us.
----------------
Vulkan Timings:
CONCAT: 1 x 1.68 us = 1.68 us
CONT: 1 x 3.72 us = 3.72 us
FLASH_ATTN_EXT dst(256,24,1,1),  q(256,1,24,1),  k(256,256,4,1),  v(256,256,4,1),  m(256,1,1,1): 1 x 13.96 us = 13.96 us (450.677 GFLOPS/s)
GET_ROWS: 3 x 4.946 us = 14.84 us
GLU: 1 x 1.88 us = 1.88 us
MUL_MAT f32 m=256 n=24 k=256: 1 x 1.64 us = 1.64 us (1914.38 GFLOPS/s)
MUL_MAT f32 m=64 n=16 k=64: 1 x 3.76 us = 3.76 us (34.5872 GFLOPS/s)
MUL_MAT f32 m=64 n=96 k=64: 1 x 3.76 us = 3.76 us (207.523 GFLOPS/s)
MUL_MAT_ADD MUL_MAT_VEC q6_K m=5120 n=1 k=17408: 1 x 123.48 us = 123.48 us (1443.58 GFLOPS/s)
MUL_MAT_ADD MUL_MAT_VEC q6_K m=5120 n=1 k=6144: 1 x 53.88 us = 53.88 us (1167.58 GFLOPS/s)
MUL_MAT_VEC f32 m=256 n=4 k=256: 1 x 3.12 us = 3.12 us (167.713 GFLOPS/s)
MUL_MAT_VEC q6_K m=1024 n=1 k=5120: 2 x 8.82 us = 17.64 us (1188.75 GFLOPS/s)
MUL_MAT_VEC q6_K m=12288 n=1 k=5120: 1 x 85.56 us = 85.56 us (1470.51 GFLOPS/s)
MUL_MAT_VEC q6_K m=17408 n=1 k=5120: 2 x 121.3 us = 242.6 us (1469.42 GFLOPS/s)
MUL_MAT_VEC q6_K m=98304 n=1 k=5120: 1 x 674.1 us = 674.1 us (1493.15 GFLOPS/s)
MUL_MAT_VEC q8_0 m=5120 n=1 k=10240: 1 x 101.2 us = 101.2 us (1036.09 GFLOPS/s)
PAD: 1 x 6.52 us = 6.52 us
RMS_NORM_MUL RMS_NORM(256,24,1,1): 1 x 5.56 us = 5.56 us
RMS_NORM_MUL RMS_NORM(256,4,1,1): 1 x 3.68 us = 3.68 us
RMS_NORM_MUL RMS_NORM(5120,1,1,1): 5 x 3.704 us = 18.52 us
ROPE: 2 x 3.68 us = 7.36 us
SET_ROWS: 2 x 2.96 us = 5.92 us
SIGMOID_MUL SIGMOID: 1 x 1.68 us = 1.68 us
TOP_K K=10 (98304,1,1,1): 1 x 9.24 us = 9.24 us
Total time: 1405.3 us.
----------------
Vulkan Timings:
CONCAT: 1 x 1.68 us = 1.68 us
CONT: 1 x 3.72 us = 3.72 us
FLASH_ATTN_EXT dst(256,24,1,1),  q(256,1,24,1),  k(256,256,4,1),  v(256,256,4,1),  m(256,1,1,1): 1 x 13.8 us = 13.8 us (455.903 GFLOPS/s)
GET_ROWS: 3 x 4.92 us = 14.76 us
GLU: 1 x 1.88 us = 1.88 us
MUL_MAT f32 m=256 n=24 k=256: 1 x 1.64 us = 1.64 us (1914.38 GFLOPS/s)
MUL_MAT f32 m=64 n=16 k=64: 1 x 3.76 us = 3.76 us (34.5872 GFLOPS/s)
MUL_MAT f32 m=64 n=96 k=64: 1 x 3.72 us = 3.72 us (209.755 GFLOPS/s)
MUL_MAT_ADD MUL_MAT_VEC q6_K m=5120 n=1 k=17408: 1 x 123.8 us = 123.8 us (1439.84 GFLOPS/s)
MUL_MAT_ADD MUL_MAT_VEC q6_K m=5120 n=1 k=6144: 1 x 53.92 us = 53.92 us (1166.72 GFLOPS/s)
MUL_MAT_VEC f32 m=256 n=4 k=256: 1 x 3.16 us = 3.16 us (165.59 GFLOPS/s)
MUL_MAT_VEC q6_K m=1024 n=1 k=5120: 2 x 8.72 us = 17.44 us (1202.38 GFLOPS/s)
MUL_MAT_VEC q6_K m=12288 n=1 k=5120: 1 x 85.64 us = 85.64 us (1469.14 GFLOPS/s)
MUL_MAT_VEC q6_K m=17408 n=1 k=5120: 2 x 121.78 us = 243.56 us (1463.63 GFLOPS/s)
MUL_MAT_VEC q6_K m=98304 n=1 k=5120: 1 x 669.6 us = 669.6 us (1503.19 GFLOPS/s)
MUL_MAT_VEC q8_0 m=5120 n=1 k=10240: 1 x 101 us = 101 us (1038.14 GFLOPS/s)
PAD: 1 x 6.44 us = 6.44 us
RMS_NORM_MUL RMS_NORM(256,24,1,1): 1 x 5.52 us = 5.52 us
RMS_NORM_MUL RMS_NORM(256,4,1,1): 1 x 3.72 us = 3.72 us
RMS_NORM_MUL RMS_NORM(5120,1,1,1): 5 x 3.64 us = 18.2 us
ROPE: 2 x 3.72 us = 7.44 us
SET_ROWS: 2 x 2.98 us = 5.96 us
SIGMOID_MUL SIGMOID: 1 x 1.6 us = 1.6 us
TOP_K K=10 (98304,1,1,1): 1 x 9 us = 9 us
Total time: 1400.96 us.
----------------
Vulkan Timings:
CONCAT: 1 x 1.6 us = 1.6 us
CONT: 1 x 3.68 us = 3.68 us
FLASH_ATTN_EXT dst(256,24,1,1),  q(256,1,24,1),  k(256,256,4,1),  v(256,256,4,1),  m(256,1,1,1): 1 x 13.84 us = 13.84 us (454.585 GFLOPS/s)
GET_ROWS: 3 x 5.613 us = 16.84 us
GLU: 1 x 1.8 us = 1.8 us
MUL_MAT f32 m=256 n=24 k=256: 1 x 1.6 us = 1.6 us (1962.24 GFLOPS/s)
MUL_MAT f32 m=64 n=16 k=64: 1 x 3.72 us = 3.72 us (34.9591 GFLOPS/s)
MUL_MAT f32 m=64 n=96 k=64: 1 x 3.72 us = 3.72 us (209.755 GFLOPS/s)
MUL_MAT_ADD MUL_MAT_VEC q6_K m=5120 n=1 k=17408: 1 x 124.56 us = 124.56 us (1431.06 GFLOPS/s)
MUL_MAT_ADD MUL_MAT_VEC q6_K m=5120 n=1 k=6144: 1 x 53.36 us = 53.36 us (1178.96 GFLOPS/s)
MUL_MAT_VEC f32 m=256 n=4 k=256: 1 x 3.12 us = 3.12 us (167.713 GFLOPS/s)
MUL_MAT_VEC q6_K m=1024 n=1 k=5120: 2 x 8.72 us = 17.44 us (1202.38 GFLOPS/s)
MUL_MAT_VEC q6_K m=12288 n=1 k=5120: 1 x 85.76 us = 85.76 us (1467.08 GFLOPS/s)
MUL_MAT_VEC q6_K m=17408 n=1 k=5120: 2 x 121.12 us = 242.24 us (1471.6 GFLOPS/s)
MUL_MAT_VEC q6_K m=98304 n=1 k=5120: 1 x 669.65 us = 669.65 us (1503.08 GFLOPS/s)
MUL_MAT_VEC q8_0 m=5120 n=1 k=10240: 1 x 100.76 us = 100.76 us (1040.62 GFLOPS/s)
PAD: 1 x 6.48 us = 6.48 us
RMS_NORM_MUL RMS_NORM(256,24,1,1): 1 x 5.56 us = 5.56 us
RMS_NORM_MUL RMS_NORM(256,4,1,1): 1 x 3.68 us = 3.68 us
RMS_NORM_MUL RMS_NORM(5120,1,1,1): 5 x 3.728 us = 18.64 us
ROPE: 2 x 3.7 us = 7.4 us
SET_ROWS: 2 x 2.94 us = 5.88 us
SIGMOID_MUL SIGMOID: 1 x 1.68 us = 1.68 us
TOP_K K=10 (98304,1,1,1): 1 x 9.12 us = 9.12 us
Total time: 1402.13 us.
----------------
Vulkan Timings:
ADD: 48 x 3.961 us = 190.16 us
CONT: 16 x 3.897 us = 62.36 us
FLASH_ATTN_EXT dst(256,24,5,1),  q(256,5,24,1),  k(256,256,4,1),  v(256,256,4,1),  m(256,5,1,1): 16 x 23.062 us = 369 us (1364 GFLOPS/s)
GDN_CACHE GATED_DELTA_NET: 48 x 13.64 us = 654.76 us
GDN_CONV_STATE CONCAT: 48 x 3.135 us = 150.52 us
GET_ROWS: 3 x 11.306 us = 33.92 us
GLU: 64 x 2.903 us = 185.84 us
MUL_MAT f32 m=256 n=120 k=256: 16 x 1.8 us = 28.8 us (8721.07 GFLOPS/s)
MUL_MAT f32 m=256 n=20 k=256: 16 x 3.577 us = 57.24 us (731.326 GFLOPS/s)
MUL_MAT f32 m=64 n=480 k=64: 16 x 3.76 us = 60.16 us (1037.62 GFLOPS/s)
MUL_MAT f32 m=64 n=80 k=64: 16 x 3.462 us = 55.4 us (187.795 GFLOPS/s)
MUL_MAT_ADD MUL_MAT_VEC q6_K m=5120 n=5 k=17408: 64 x 206.627 us = 13224.2 us (4313.39 GFLOPS/s)
MUL_MAT_ADD MUL_MAT_VEC q6_K m=5120 n=5 k=6144: 16 x 77.76 us = 1244.16 us (4045.1 GFLOPS/s)
MUL_MAT_VEC f32 m=48 n=5 k=5120: 96 x 4.38 us = 420.56 us (560.934 GFLOPS/s)
MUL_MAT_VEC q6_K m=1024 n=5 k=5120: 32 x 12.248 us = 391.96 us (4279.92 GFLOPS/s)
MUL_MAT_VEC q6_K m=10240 n=5 k=5120: 48 x 109.855 us = 5273.04 us (4772.08 GFLOPS/s)
MUL_MAT_VEC q6_K m=12288 n=5 k=5120: 16 x 140.602 us = 2249.64 us (4474.2 GFLOPS/s)
MUL_MAT_VEC q6_K m=17408 n=5 k=5120: 128 x 182.831 us = 23402.4 us (4874.45 GFLOPS/s)
MUL_MAT_VEC q6_K m=248320 n=5 k=5120: 1 x 2412.64 us = 2412.64 us (5269.22 GFLOPS/s)
MUL_MAT_VEC q6_K m=6144 n=5 k=5120: 48 x 71.944 us = 3453.32 us (4372.03 GFLOPS/s)
MUL_MAT_VEC q8_0 m=5120 n=5 k=6144: 48 x 63.369 us = 3041.72 us (4963.73 GFLOPS/s)
RMS_NORM_MUL RMS_NORM(256,24,5,1): 16 x 3.825 us = 61.2 us
RMS_NORM_MUL RMS_NORM(256,4,5,1): 16 x 4.055 us = 64.88 us
RMS_NORM_MUL RMS_NORM(5120,5,1,1): 129 x 4.329 us = 558.48 us
RMS_NORM_MUL_SILU_MUL RMS_NORM(128,48,5,1): 48 x 5.877 us = 282.12 us
RMS_NORM_SCALE RMS_NORM(128,16,5,1): 96 x 2.592 us = 248.92 us
ROPE: 32 x 3.932 us = 125.84 us
SET_ROWS: 32 x 2.976 us = 95.24 us
SIGMOID_MUL SIGMOID: 16 x 3.797 us = 60.76 us
SSM_CONV_SILU SSM_CONV: 48 x 4.835 us = 232.12 us
Total time: 58691.3 us.
----------------
Vulkan Timings:
CONCAT: 1 x 3.88 us = 3.88 us
CONT: 1 x 3.76 us = 3.76 us
FLASH_ATTN_EXT dst(256,24,5,1),  q(256,5,24,1),  k(256,256,4,1),  v(256,256,4,1),  m(256,5,1,1): 1 x 23.24 us = 23.24 us (1353.58 GFLOPS/s)
GET_ROWS: 1 x 6.8 us = 6.8 us
GLU: 1 x 1.72 us = 1.72 us
MUL_MAT f32 m=256 n=120 k=256: 1 x 1.76 us = 1.76 us (8919.27 GFLOPS/s)
MUL_MAT f32 m=256 n=20 k=256: 1 x 3.16 us = 3.16 us (827.949 GFLOPS/s)
MUL_MAT f32 m=64 n=480 k=64: 1 x 3.8 us = 3.8 us (1026.69 GFLOPS/s)
MUL_MAT f32 m=64 n=80 k=64: 1 x 3.8 us = 3.8 us (171.116 GFLOPS/s)
MUL_MAT_ADD MUL_MAT_VEC q6_K m=5120 n=5 k=17408: 1 x 237.07 us = 237.07 us (3759.5 GFLOPS/s)
MUL_MAT_ADD MUL_MAT_VEC q6_K m=5120 n=5 k=6144: 1 x 85.32 us = 85.32 us (3686.68 GFLOPS/s)
MUL_MAT_VEC q6_K m=1024 n=5 k=5120: 2 x 15.84 us = 31.68 us (3309.58 GFLOPS/s)
MUL_MAT_VEC q6_K m=12288 n=5 k=5120: 1 x 151.48 us = 151.48 us (4152.92 GFLOPS/s)
MUL_MAT_VEC q6_K m=17408 n=5 k=5120: 2 x 181.64 us = 363.28 us (4906.42 GFLOPS/s)
MUL_MAT_VEC q8_0 m=5120 n=5 k=10240: 1 x 105.52 us = 105.52 us (4968.37 GFLOPS/s)
RMS_NORM_MUL RMS_NORM(256,24,5,1): 1 x 3.92 us = 3.92 us
RMS_NORM_MUL RMS_NORM(256,4,5,1): 1 x 3.8 us = 3.8 us
RMS_NORM_MUL RMS_NORM(5120,5,1,1): 5 x 9.124 us = 45.62 us
ROPE: 2 x 3.8 us = 7.6 us
SET_ROWS: 2 x 2.98 us = 5.96 us
SIGMOID_MUL SIGMOID: 1 x 1.64 us = 1.64 us
Total time: 1094.81 us.
----------------
Vulkan Timings:
CONCAT: 1 x 1.68 us = 1.68 us
CONT: 1 x 3.44 us = 3.44 us
FLASH_ATTN_EXT dst(256,24,1,1),  q(256,1,24,1),  k(256,256,4,1),  v(256,256,4,1),  m(256,1,1,1): 1 x 13.56 us = 13.56 us (463.972 GFLOPS/s)
GET_ROWS: 3 x 4.88 us = 14.64 us
GLU: 1 x 1.64 us = 1.64 us
MUL_MAT f32 m=256 n=24 k=256: 1 x 1.56 us = 1.56 us (2012.55 GFLOPS/s)
MUL_MAT f32 m=64 n=16 k=64: 1 x 1.8 us = 1.8 us (72.2489 GFLOPS/s)
MUL_MAT f32 m=64 n=96 k=64: 1 x 3.12 us = 3.12 us (250.092 GFLOPS/s)
MUL_MAT_ADD MUL_MAT_VEC q6_K m=5120 n=1 k=17408: 1 x 129.64 us = 129.64 us (1374.98 GFLOPS/s)
MUL_MAT_ADD MUL_MAT_VEC q6_K m=5120 n=1 k=6144: 1 x 53.88 us = 53.88 us (1167.58 GFLOPS/s)
MUL_MAT_VEC f32 m=256 n=4 k=256: 1 x 2.96 us = 2.96 us (176.778 GFLOPS/s)
MUL_MAT_VEC q6_K m=1024 n=1 k=5120: 2 x 8.72 us = 17.44 us (1202.38 GFLOPS/s)
MUL_MAT_VEC q6_K m=12288 n=1 k=5120: 1 x 90.08 us = 90.08 us (1396.72 GFLOPS/s)
MUL_MAT_VEC q6_K m=17408 n=1 k=5120: 2 x 118.36 us = 236.72 us (1505.92 GFLOPS/s)
MUL_MAT_VEC q6_K m=98304 n=1 k=5120: 1 x 673 us = 673 us (1495.59 GFLOPS/s)
MUL_MAT_VEC q8_0 m=5120 n=1 k=10240: 1 x 93.8 us = 93.8 us (1117.83 GFLOPS/s)
PAD: 1 x 6.32 us = 6.32 us
RMS_NORM_MUL RMS_NORM(256,24,1,1): 1 x 5.68 us = 5.68 us
RMS_NORM_MUL RMS_NORM(256,4,1,1): 1 x 4.76 us = 4.76 us
RMS_NORM_MUL RMS_NORM(5120,1,1,1): 5 x 3.984 us = 19.92 us
ROPE: 2 x 3.3 us = 6.6 us
SET_ROWS: 2 x 2.78 us = 5.56 us
SIGMOID_MUL SIGMOID: 1 x 1.52 us = 1.52 us
TOP_K K=10 (98304,1,1,1): 1 x 8.76 us = 8.76 us
Total time: 1398.08 us.
----------------
Vulkan Timings:
CONCAT: 1 x 1.64 us = 1.64 us
CONT: 1 x 3.6 us = 3.6 us
FLASH_ATTN_EXT dst(256,24,1,1),  q(256,1,24,1),  k(256,256,4,1),  v(256,256,4,1),  m(256,1,1,1): 1 x 13.8 us = 13.8 us (455.903 GFLOPS/s)
GET_ROWS: 3 x 4.906 us = 14.72 us
GLU: 1 x 1.8 us = 1.8 us
MUL_MAT f32 m=256 n=24 k=256: 1 x 1.6 us = 1.6 us (1962.24 GFLOPS/s)
MUL_MAT f32 m=64 n=16 k=64: 1 x 3.6 us = 3.6 us (36.1244 GFLOPS/s)
MUL_MAT f32 m=64 n=96 k=64: 1 x 3.6 us = 3.6 us (216.747 GFLOPS/s)
MUL_MAT_ADD MUL_MAT_VEC q6_K m=5120 n=1 k=17408: 1 x 123.28 us = 123.28 us (1445.92 GFLOPS/s)
MUL_MAT_ADD MUL_MAT_VEC q6_K m=5120 n=1 k=6144: 1 x 53.04 us = 53.04 us (1186.08 GFLOPS/s)
MUL_MAT_VEC f32 m=256 n=4 k=256: 1 x 3 us = 3 us (174.421 GFLOPS/s)
MUL_MAT_VEC q6_K m=1024 n=1 k=5120: 2 x 8.92 us = 17.84 us (1175.42 GFLOPS/s)
MUL_MAT_VEC q6_K m=12288 n=1 k=5120: 1 x 85.56 us = 85.56 us (1470.51 GFLOPS/s)
MUL_MAT_VEC q6_K m=17408 n=1 k=5120: 2 x 121.56 us = 243.12 us (1466.28 GFLOPS/s)
MUL_MAT_VEC q6_K m=98304 n=1 k=5120: 1 x 673.21 us = 673.21 us (1495.13 GFLOPS/s)
MUL_MAT_VEC q8_0 m=5120 n=1 k=10240: 1 x 100.68 us = 100.68 us (1041.44 GFLOPS/s)
PAD: 1 x 6.36 us = 6.36 us
RMS_NORM_MUL RMS_NORM(256,24,1,1): 1 x 5.28 us = 5.28 us
RMS_NORM_MUL RMS_NORM(256,4,1,1): 1 x 3.64 us = 3.64 us
RMS_NORM_MUL RMS_NORM(5120,1,1,1): 5 x 3.704 us = 18.52 us
ROPE: 2 x 3.58 us = 7.16 us
SET_ROWS: 2 x 2.86 us = 5.72 us
SIGMOID_MUL SIGMOID: 1 x 1.68 us = 1.68 us
TOP_K K=10 (98304,1,1,1): 1 x 8.88 us = 8.88 us
Total time: 1401.33 us.
----------------
Vulkan Timings:
CONCAT: 1 x 1.68 us = 1.68 us
CONT: 1 x 3.6 us = 3.6 us
FLASH_ATTN_EXT dst(256,24,1,1),  q(256,1,24,1),  k(256,256,4,1),  v(256,256,4,1),  m(256,1,1,1): 1 x 13.72 us = 13.72 us (458.561 GFLOPS/s)
GET_ROWS: 3 x 4.826 us = 14.48 us
GLU: 1 x 1.76 us = 1.76 us
MUL_MAT f32 m=256 n=24 k=256: 1 x 1.6 us = 1.6 us (1962.24 GFLOPS/s)
MUL_MAT f32 m=64 n=16 k=64: 1 x 3.6 us = 3.6 us (36.1244 GFLOPS/s)
MUL_MAT f32 m=64 n=96 k=64: 1 x 3.6 us = 3.6 us (216.747 GFLOPS/s)
MUL_MAT_ADD MUL_MAT_VEC q6_K m=5120 n=1 k=17408: 1 x 122.84 us = 122.84 us (1451.1 GFLOPS/s)
MUL_MAT_ADD MUL_MAT_VEC q6_K m=5120 n=1 k=6144: 1 x 53.64 us = 53.64 us (1172.81 GFLOPS/s)
MUL_MAT_VEC f32 m=256 n=4 k=256: 1 x 2.96 us = 2.96 us (176.778 GFLOPS/s)
MUL_MAT_VEC q6_K m=1024 n=1 k=5120: 2 x 8.88 us = 17.76 us (1180.71 GFLOPS/s)
MUL_MAT_VEC q6_K m=12288 n=1 k=5120: 1 x 85.64 us = 85.64 us (1469.14 GFLOPS/s)
MUL_MAT_VEC q6_K m=17408 n=1 k=5120: 2 x 121.56 us = 243.12 us (1466.28 GFLOPS/s)
MUL_MAT_VEC q6_K m=98304 n=1 k=5120: 1 x 672.54 us = 672.54 us (1496.62 GFLOPS/s)
MUL_MAT_VEC q8_0 m=5120 n=1 k=10240: 1 x 101.56 us = 101.56 us (1032.42 GFLOPS/s)
PAD: 1 x 6.24 us = 6.24 us
RMS_NORM_MUL RMS_NORM(256,24,1,1): 1 x 5.2 us = 5.2 us
RMS_NORM_MUL RMS_NORM(256,4,1,1): 1 x 3.56 us = 3.56 us
RMS_NORM_MUL RMS_NORM(5120,1,1,1): 5 x 3.672 us = 18.36 us
ROPE: 2 x 3.52 us = 7.04 us
SET_ROWS: 2 x 2.86 us = 5.72 us
SIGMOID_MUL SIGMOID: 1 x 1.68 us = 1.68 us
TOP_K K=10 (98304,1,1,1): 1 x 9.08 us = 9.08 us
Total time: 1400.98 us.
----------------
Vulkan Timings:
CONCAT: 1 x 1.72 us = 1.72 us
CONT: 1 x 3.56 us = 3.56 us
FLASH_ATTN_EXT dst(256,24,1,1),  q(256,1,24,1),  k(256,256,4,1),  v(256,256,4,1),  m(256,1,1,1): 1 x 13.88 us = 13.88 us (453.275 GFLOPS/s)
GET_ROWS: 3 x 4.92 us = 14.76 us
GLU: 1 x 1.8 us = 1.8 us
MUL_MAT f32 m=256 n=24 k=256: 1 x 1.64 us = 1.64 us (1914.38 GFLOPS/s)
MUL_MAT f32 m=64 n=16 k=64: 1 x 3.56 us = 3.56 us (36.5303 GFLOPS/s)
MUL_MAT f32 m=64 n=96 k=64: 1 x 3.56 us = 3.56 us (219.182 GFLOPS/s)
MUL_MAT_ADD MUL_MAT_VEC q6_K m=5120 n=1 k=17408: 1 x 124 us = 124 us (1437.52 GFLOPS/s)
MUL_MAT_ADD MUL_MAT_VEC q6_K m=5120 n=1 k=6144: 1 x 53.36 us = 53.36 us (1178.96 GFLOPS/s)
MUL_MAT_VEC f32 m=256 n=4 k=256: 1 x 2.96 us = 2.96 us (176.778 GFLOPS/s)
MUL_MAT_VEC q6_K m=1024 n=1 k=5120: 2 x 8.76 us = 17.52 us (1196.89 GFLOPS/s)
MUL_MAT_VEC q6_K m=12288 n=1 k=5120: 1 x 86.08 us = 86.08 us (1461.63 GFLOPS/s)
MUL_MAT_VEC q6_K m=17408 n=1 k=5120: 2 x 121.3 us = 242.6 us (1469.42 GFLOPS/s)
MUL_MAT_VEC q6_K m=98304 n=1 k=5120: 1 x 672.73 us = 672.73 us (1496.19 GFLOPS/s)
MUL_MAT_VEC q8_0 m=5120 n=1 k=10240: 1 x 101.12 us = 101.12 us (1036.91 GFLOPS/s)
PAD: 1 x 6.28 us = 6.28 us
RMS_NORM_MUL RMS_NORM(256,24,1,1): 1 x 5.24 us = 5.24 us
RMS_NORM_MUL RMS_NORM(256,4,1,1): 1 x 3.56 us = 3.56 us
RMS_NORM_MUL RMS_NORM(5120,1,1,1): 5 x 3.616 us = 18.08 us
ROPE: 2 x 3.54 us = 7.08 us
SET_ROWS: 2 x 2.86 us = 5.72 us
SIGMOID_MUL SIGMOID: 1 x 1.6 us = 1.6 us
TOP_K K=10 (98304,1,1,1): 1 x 9.04 us = 9.04 us
Total time: 1401.45 us.
----------------
Vulkan Timings:
ADD: 48 x 3.808 us = 182.8 us
CONT: 16 x 3.727 us = 59.64 us
FLASH_ATTN_EXT dst(256,24,5,1),  q(256,5,24,1),  k(256,256,4,1),  v(256,256,4,1),  m(256,5,1,1): 16 x 23.275 us = 372.4 us (1351.55 GFLOPS/s)
GDN_CACHE GATED_DELTA_NET: 48 x 14.65 us = 703.2 us
GDN_CONV_STATE CONCAT: 48 x 3.245 us = 155.8 us
GET_ROWS: 3 x 11.226 us = 33.68 us
GLU: 64 x 2.839 us = 181.72 us
MUL_MAT f32 m=256 n=120 k=256: 16 x 1.832 us = 29.32 us (8566.4 GFLOPS/s)
MUL_MAT f32 m=256 n=20 k=256: 16 x 3.28 us = 52.48 us (797.659 GFLOPS/s)
MUL_MAT f32 m=64 n=480 k=64: 16 x 3.6 us = 57.6 us (1083.73 GFLOPS/s)
MUL_MAT f32 m=64 n=80 k=64: 16 x 3.325 us = 53.2 us (195.561 GFLOPS/s)
MUL_MAT_ADD MUL_MAT_VEC q6_K m=5120 n=5 k=17408: 64 x 206.07 us = 13188.5 us (4325.04 GFLOPS/s)
MUL_MAT_ADD MUL_MAT_VEC q6_K m=5120 n=5 k=6144: 16 x 77.385 us = 1238.16 us (4064.71 GFLOPS/s)
MUL_MAT_VEC f32 m=48 n=5 k=5120: 96 x 4.358 us = 418.44 us (563.776 GFLOPS/s)
MUL_MAT_VEC q6_K m=1024 n=5 k=5120: 32 x 12.11 us = 387.52 us (4328.96 GFLOPS/s)
MUL_MAT_VEC q6_K m=10240 n=5 k=5120: 48 x 109.824 us = 5271.56 us (4773.42 GFLOPS/s)
MUL_MAT_VEC q6_K m=12288 n=5 k=5120: 16 x 140.425 us = 2246.8 us (4479.86 GFLOPS/s)
MUL_MAT_VEC q6_K m=17408 n=5 k=5120: 128 x 182.719 us = 23388 us (4877.45 GFLOPS/s)
MUL_MAT_VEC q6_K m=248320 n=5 k=5120: 1 x 2386.8 us = 2386.8 us (5326.27 GFLOPS/s)
MUL_MAT_VEC q6_K m=6144 n=5 k=5120: 48 x 71.157 us = 3415.56 us (4420.36 GFLOPS/s)
MUL_MAT_VEC q8_0 m=5120 n=5 k=6144: 48 x 63.115 us = 3029.52 us (4983.72 GFLOPS/s)
RMS_NORM_MUL RMS_NORM(256,24,5,1): 16 x 3.667 us = 58.68 us
RMS_NORM_MUL RMS_NORM(256,4,5,1): 16 x 3.872 us = 61.96 us
RMS_NORM_MUL RMS_NORM(5120,5,1,1): 129 x 4.275 us = 551.48 us
RMS_NORM_MUL_SILU_MUL RMS_NORM(128,48,5,1): 48 x 5.563 us = 267.04 us
RMS_NORM_SCALE RMS_NORM(128,16,5,1): 96 x 2.52 us = 242 us
ROPE: 32 x 3.776 us = 120.84 us
SET_ROWS: 32 x 2.866 us = 91.72 us
SIGMOID_MUL SIGMOID: 16 x 3.622 us = 57.96 us
SSM_CONV_SILU SSM_CONV: 48 x 4.663 us = 223.84 us
Total time: 58528.3 us.
----------------
Vulkan Timings:
CONCAT: 1 x 4.04 us = 4.04 us
CONT: 1 x 3.68 us = 3.68 us
FLASH_ATTN_EXT dst(256,24,5,1),  q(256,5,24,1),  k(256,256,4,1),  v(256,256,4,1),  m(256,5,1,1): 1 x 23.44 us = 23.44 us (1342.03 GFLOPS/s)
GET_ROWS: 1 x 6.4 us = 6.4 us
GLU: 1 x 1.52 us = 1.52 us
MUL_MAT f32 m=256 n=120 k=256: 1 x 1.68 us = 1.68 us (9344 GFLOPS/s)
MUL_MAT f32 m=256 n=20 k=256: 1 x 3.04 us = 3.04 us (860.632 GFLOPS/s)
MUL_MAT f32 m=64 n=480 k=64: 1 x 3.64 us = 3.64 us (1071.82 GFLOPS/s)
MUL_MAT f32 m=64 n=80 k=64: 1 x 3.56 us = 3.56 us (182.652 GFLOPS/s)
MUL_MAT_ADD MUL_MAT_VEC q6_K m=5120 n=5 k=17408: 1 x 230.52 us = 230.52 us (3866.32 GFLOPS/s)
MUL_MAT_ADD MUL_MAT_VEC q6_K m=5120 n=5 k=6144: 1 x 85.4 us = 85.4 us (3683.22 GFLOPS/s)
MUL_MAT_VEC q6_K m=1024 n=5 k=5120: 2 x 16.08 us = 32.16 us (3260.18 GFLOPS/s)
MUL_MAT_VEC q6_K m=12288 n=5 k=5120: 1 x 152.42 us = 152.42 us (4127.31 GFLOPS/s)
MUL_MAT_VEC q6_K m=17408 n=5 k=5120: 2 x 179.82 us = 359.64 us (4956.08 GFLOPS/s)
MUL_MAT_VEC q8_0 m=5120 n=5 k=10240: 1 x 105.36 us = 105.36 us (4975.91 GFLOPS/s)
RMS_NORM_MUL RMS_NORM(256,24,5,1): 1 x 3.68 us = 3.68 us
RMS_NORM_MUL RMS_NORM(256,4,5,1): 1 x 3.56 us = 3.56 us
RMS_NORM_MUL RMS_NORM(5120,5,1,1): 5 x 12.736 us = 63.68 us
ROPE: 2 x 3.58 us = 7.16 us
SET_ROWS: 2 x 2.9 us = 5.8 us
SIGMOID_MUL SIGMOID: 1 x 1.72 us = 1.72 us
Total time: 1102.1 us.
----------------
Vulkan Timings:
CONCAT: 1 x 1.68 us = 1.68 us
CONT: 1 x 3.64 us = 3.64 us
FLASH_ATTN_EXT dst(256,24,1,1),  q(256,1,24,1),  k(256,256,4,1),  v(256,256,4,1),  m(256,1,1,1): 1 x 13.44 us = 13.44 us (468.114 GFLOPS/s)
GET_ROWS: 3 x 5.066 us = 15.2 us
GLU: 1 x 1.56 us = 1.56 us
MUL_MAT f32 m=256 n=24 k=256: 1 x 1.56 us = 1.56 us (2012.55 GFLOPS/s)
MUL_MAT f32 m=64 n=16 k=64: 1 x 1.76 us = 1.76 us (73.8909 GFLOPS/s)
MUL_MAT f32 m=64 n=96 k=64: 1 x 3.32 us = 3.32 us (235.027 GFLOPS/s)
MUL_MAT_ADD MUL_MAT_VEC q6_K m=5120 n=1 k=17408: 1 x 129.56 us = 129.56 us (1375.83 GFLOPS/s)
MUL_MAT_ADD MUL_MAT_VEC q6_K m=5120 n=1 k=6144: 1 x 53.68 us = 53.68 us (1171.93 GFLOPS/s)
MUL_MAT_VEC f32 m=256 n=4 k=256: 1 x 3.12 us = 3.12 us (167.713 GFLOPS/s)
MUL_MAT_VEC q6_K m=1024 n=1 k=5120: 2 x 8.92 us = 17.84 us (1175.42 GFLOPS/s)
MUL_MAT_VEC q6_K m=12288 n=1 k=5120: 1 x 90.24 us = 90.24 us (1394.25 GFLOPS/s)
MUL_MAT_VEC q6_K m=17408 n=1 k=5120: 2 x 118.48 us = 236.96 us (1504.39 GFLOPS/s)
MUL_MAT_VEC q6_K m=98304 n=1 k=5120: 1 x 672.59 us = 672.59 us (1496.51 GFLOPS/s)
MUL_MAT_VEC q8_0 m=5120 n=1 k=10240: 1 x 93.4 us = 93.4 us (1122.62 GFLOPS/s)
PAD: 1 x 6.48 us = 6.48 us
RMS_NORM_MUL RMS_NORM(256,24,1,1): 1 x 5.96 us = 5.96 us
RMS_NORM_MUL RMS_NORM(256,4,1,1): 1 x 5.08 us = 5.08 us
RMS_NORM_MUL RMS_NORM(5120,1,1,1): 5 x 3.936 us = 19.68 us
ROPE: 2 x 3.46 us = 6.92 us
SET_ROWS: 2 x 2.86 us = 5.72 us
SIGMOID_MUL SIGMOID: 1 x 1.8 us = 1.8 us
TOP_K K=10 (98304,1,1,1): 1 x 9.48 us = 9.48 us
Total time: 1400.67 us.
----------------
Vulkan Timings:
CONCAT: 1 x 1.72 us = 1.72 us
CONT: 1 x 3.72 us = 3.72 us
FLASH_ATTN_EXT dst(256,24,1,1),  q(256,1,24,1),  k(256,256,4,1),  v(256,256,4,1),  m(256,1,1,1): 1 x 13.84 us = 13.84 us (454.585 GFLOPS/s)
GET_ROWS: 3 x 4.866 us = 14.6 us
GLU: 1 x 1.8 us = 1.8 us
MUL_MAT f32 m=256 n=24 k=256: 1 x 1.64 us = 1.64 us (1914.38 GFLOPS/s)
MUL_MAT f32 m=64 n=16 k=64: 1 x 3.76 us = 3.76 us (34.5872 GFLOPS/s)
MUL_MAT f32 m=64 n=96 k=64: 1 x 3.72 us = 3.72 us (209.755 GFLOPS/s)
MUL_MAT_ADD MUL_MAT_VEC q6_K m=5120 n=1 k=17408: 1 x 123.36 us = 123.36 us (1444.98 GFLOPS/s)
MUL_MAT_ADD MUL_MAT_VEC q6_K m=5120 n=1 k=6144: 1 x 53.8 us = 53.8 us (1169.32 GFLOPS/s)
MUL_MAT_VEC f32 m=256 n=4 k=256: 1 x 3.12 us = 3.12 us (167.713 GFLOPS/s)
MUL_MAT_VEC q6_K m=1024 n=1 k=5120: 2 x 8.88 us = 17.76 us (1180.71 GFLOPS/s)
MUL_MAT_VEC q6_K m=12288 n=1 k=5120: 1 x 85.72 us = 85.72 us (1467.77 GFLOPS/s)
MUL_MAT_VEC q6_K m=17408 n=1 k=5120: 2 x 121.42 us = 242.84 us (1467.97 GFLOPS/s)
MUL_MAT_VEC q6_K m=98304 n=1 k=5120: 1 x 673.78 us = 673.78 us (1493.86 GFLOPS/s)
MUL_MAT_VEC q8_0 m=5120 n=1 k=10240: 1 x 101.44 us = 101.44 us (1033.64 GFLOPS/s)
PAD: 1 x 6.48 us = 6.48 us
RMS_NORM_MUL RMS_NORM(256,24,1,1): 1 x 5.52 us = 5.52 us
RMS_NORM_MUL RMS_NORM(256,4,1,1): 1 x 3.76 us = 3.76 us
RMS_NORM_MUL RMS_NORM(5120,1,1,1): 5 x 3.688 us = 18.44 us
ROPE: 2 x 3.72 us = 7.44 us
SET_ROWS: 2 x 2.92 us = 5.84 us
SIGMOID_MUL SIGMOID: 1 x 1.68 us = 1.68 us
TOP_K K=10 (98304,1,1,1): 1 x 8.92 us = 8.92 us
Total time: 1404.7 us.
----------------
Vulkan Timings:
CONCAT: 1 x 1.64 us = 1.64 us
CONT: 1 x 3.68 us = 3.68 us
FLASH_ATTN_EXT dst(256,24,1,1),  q(256,1,24,1),  k(256,256,4,1),  v(256,256,4,1),  m(256,1,1,1): 1 x 13.92 us = 13.92 us (451.972 GFLOPS/s)
GET_ROWS: 3 x 4.946 us = 14.84 us
GLU: 1 x 1.84 us = 1.84 us
MUL_MAT f32 m=256 n=24 k=256: 1 x 1.56 us = 1.56 us (2012.55 GFLOPS/s)
MUL_MAT f32 m=64 n=16 k=64: 1 x 3.76 us = 3.76 us (34.5872 GFLOPS/s)
MUL_MAT f32 m=64 n=96 k=64: 1 x 3.72 us = 3.72 us (209.755 GFLOPS/s)
MUL_MAT_ADD MUL_MAT_VEC q6_K m=5120 n=1 k=17408: 1 x 123.8 us = 123.8 us (1439.84 GFLOPS/s)
MUL_MAT_ADD MUL_MAT_VEC q6_K m=5120 n=1 k=6144: 1 x 53.52 us = 53.52 us (1175.44 GFLOPS/s)
MUL_MAT_VEC f32 m=256 n=4 k=256: 1 x 3.12 us = 3.12 us (167.713 GFLOPS/s)
MUL_MAT_VEC q6_K m=1024 n=1 k=5120: 2 x 8.76 us = 17.52 us (1196.89 GFLOPS/s)
MUL_MAT_VEC q6_K m=12288 n=1 k=5120: 1 x 85.44 us = 85.44 us (1472.58 GFLOPS/s)
MUL_MAT_VEC q6_K m=17408 n=1 k=5120: 2 x 121.34 us = 242.68 us (1468.93 GFLOPS/s)
MUL_MAT_VEC q6_K m=98304 n=1 k=5120: 1 x 673.17 us = 673.17 us (1495.22 GFLOPS/s)
MUL_MAT_VEC q8_0 m=5120 n=1 k=10240: 1 x 101.04 us = 101.04 us (1037.73 GFLOPS/s)
PAD: 1 x 6.44 us = 6.44 us
RMS_NORM_MUL RMS_NORM(256,24,1,1): 1 x 5.56 us = 5.56 us
RMS_NORM_MUL RMS_NORM(256,4,1,1): 1 x 3.68 us = 3.68 us
RMS_NORM_MUL RMS_NORM(5120,1,1,1): 5 x 3.712 us = 18.56 us
ROPE: 2 x 3.7 us = 7.4 us
SET_ROWS: 2 x 2.96 us = 5.92 us
SIGMOID_MUL SIGMOID: 1 x 1.68 us = 1.68 us
TOP_K K=10 (98304,1,1,1): 1 x 9.12 us = 9.12 us
Total time: 1403.61 us.
----------------
Vulkan Timings:
CONCAT: 1 x 1.64 us = 1.64 us
CONT: 1 x 3.72 us = 3.72 us
FLASH_ATTN_EXT dst(256,24,1,1),  q(256,1,24,1),  k(256,256,4,1),  v(256,256,4,1),  m(256,1,1,1): 1 x 13.88 us = 13.88 us (453.275 GFLOPS/s)
GET_ROWS: 3 x 4.933 us = 14.8 us
GLU: 1 x 1.84 us = 1.84 us
MUL_MAT f32 m=256 n=24 k=256: 1 x 1.64 us = 1.64 us (1914.38 GFLOPS/s)
MUL_MAT f32 m=64 n=16 k=64: 1 x 3.72 us = 3.72 us (34.9591 GFLOPS/s)
MUL_MAT f32 m=64 n=96 k=64: 1 x 3.76 us = 3.76 us (207.523 GFLOPS/s)
MUL_MAT_ADD MUL_MAT_VEC q6_K m=5120 n=1 k=17408: 1 x 123.36 us = 123.36 us (1444.98 GFLOPS/s)
MUL_MAT_ADD MUL_MAT_VEC q6_K m=5120 n=1 k=6144: 1 x 53.64 us = 53.64 us (1172.81 GFLOPS/s)
MUL_MAT_VEC f32 m=256 n=4 k=256: 1 x 3.12 us = 3.12 us (167.713 GFLOPS/s)
MUL_MAT_VEC q6_K m=1024 n=1 k=5120: 2 x 8.88 us = 17.76 us (1180.71 GFLOPS/s)
MUL_MAT_VEC q6_K m=12288 n=1 k=5120: 1 x 86 us = 86 us (1462.99 GFLOPS/s)
MUL_MAT_VEC q6_K m=17408 n=1 k=5120: 2 x 121 us = 242 us (1473.06 GFLOPS/s)
MUL_MAT_VEC q6_K m=98304 n=1 k=5120: 1 x 675.78 us = 675.78 us (1489.44 GFLOPS/s)
MUL_MAT_VEC q8_0 m=5120 n=1 k=10240: 1 x 101.68 us = 101.68 us (1031.2 GFLOPS/s)
PAD: 1 x 6.44 us = 6.44 us
RMS_NORM_MUL RMS_NORM(256,24,1,1): 1 x 5.48 us = 5.48 us
RMS_NORM_MUL RMS_NORM(256,4,1,1): 1 x 3.72 us = 3.72 us
RMS_NORM_MUL RMS_NORM(5120,1,1,1): 5 x 3.672 us = 18.36 us
ROPE: 2 x 3.7 us = 7.4 us
SET_ROWS: 2 x 2.94 us = 5.88 us
SIGMOID_MUL SIGMOID: 1 x 1.68 us = 1.68 us
TOP_K K=10 (98304,1,1,1): 1 x 9.44 us = 9.44 us
Total time: 1406.74 us.
----------------
Vulkan Timings:
ADD: 48 x 3.98 us = 191.04 us
CONT: 16 x 3.912 us = 62.6 us
FLASH_ATTN_EXT dst(256,24,5,1),  q(256,5,24,1),  k(256,256,4,1),  v(256,256,4,1),  m(256,5,1,1): 16 x 23.47 us = 375.52 us (1340.32 GFLOPS/s)
GDN_CACHE GATED_DELTA_NET: 48 x 13.737 us = 659.4 us
GDN_CONV_STATE CONCAT: 48 x 3.124 us = 149.96 us
GET_ROWS: 3 x 11.346 us = 34.04 us
GLU: 64 x 2.927 us = 187.36 us
MUL_MAT f32 m=256 n=120 k=256: 16 x 1.81 us = 28.96 us (8672.88 GFLOPS/s)
MUL_MAT f32 m=256 n=20 k=256: 16 x 3.592 us = 57.48 us (728.273 GFLOPS/s)
MUL_MAT f32 m=64 n=480 k=64: 16 x 3.765 us = 60.24 us (1036.24 GFLOPS/s)
MUL_MAT f32 m=64 n=80 k=64: 16 x 3.475 us = 55.6 us (187.119 GFLOPS/s)
MUL_MAT_ADD MUL_MAT_VEC q6_K m=5120 n=5 k=17408: 64 x 207.081 us = 13253.2 us (4303.92 GFLOPS/s)
MUL_MAT_ADD MUL_MAT_VEC q6_K m=5120 n=5 k=6144: 16 x 77.797 us = 1244.76 us (4043.15 GFLOPS/s)
MUL_MAT_VEC f32 m=48 n=5 k=5120: 96 x 4.381 us = 420.64 us (560.828 GFLOPS/s)
MUL_MAT_VEC q6_K m=1024 n=5 k=5120: 32 x 12.222 us = 391.12 us (4289.11 GFLOPS/s)
MUL_MAT_VEC q6_K m=10240 n=5 k=5120: 48 x 110.207 us = 5289.96 us (4756.82 GFLOPS/s)
MUL_MAT_VEC q6_K m=12288 n=5 k=5120: 16 x 140.782 us = 2252.52 us (4468.48 GFLOPS/s)
MUL_MAT_VEC q6_K m=17408 n=5 k=5120: 128 x 183.48 us = 23485.5 us (4857.2 GFLOPS/s)
MUL_MAT_VEC q6_K m=248320 n=5 k=5120: 1 x 2421 us = 2421 us (5251.03 GFLOPS/s)
MUL_MAT_VEC q6_K m=6144 n=5 k=5120: 48 x 72.154 us = 3463.4 us (4359.31 GFLOPS/s)
MUL_MAT_VEC q8_0 m=5120 n=5 k=6144: 48 x 63.461 us = 3046.16 us (4956.49 GFLOPS/s)
RMS_NORM_MUL RMS_NORM(256,24,5,1): 16 x 3.847 us = 61.56 us
RMS_NORM_MUL RMS_NORM(256,4,5,1): 16 x 4.08 us = 65.28 us
RMS_NORM_MUL RMS_NORM(5120,5,1,1): 129 x 4.349 us = 561.12 us
RMS_NORM_MUL_SILU_MUL RMS_NORM(128,48,5,1): 48 x 5.905 us = 283.48 us
RMS_NORM_SCALE RMS_NORM(128,16,5,1): 96 x 2.612 us = 250.84 us
ROPE: 32 x 3.957 us = 126.64 us
SET_ROWS: 32 x 2.877 us = 92.08 us
SIGMOID_MUL SIGMOID: 16 x 3.795 us = 60.72 us
SSM_CONV_SILU SSM_CONV: 48 x 4.851 us = 232.88 us
Total time: 58865.1 us.
----------------
Vulkan Timings:
CONCAT: 1 x 3.92 us = 3.92 us
CONT: 1 x 3.8 us = 3.8 us
FLASH_ATTN_EXT dst(256,24,5,1),  q(256,5,24,1),  k(256,256,4,1),  v(256,256,4,1),  m(256,5,1,1): 1 x 23.68 us = 23.68 us (1328.43 GFLOPS/s)
GET_ROWS: 1 x 6.76 us = 6.76 us
GLU: 1 x 1.72 us = 1.72 us
MUL_MAT f32 m=256 n=120 k=256: 1 x 1.68 us = 1.68 us (9344 GFLOPS/s)
MUL_MAT f32 m=256 n=20 k=256: 1 x 3.2 us = 3.2 us (817.6 GFLOPS/s)
MUL_MAT f32 m=64 n=480 k=64: 1 x 3.84 us = 3.84 us (1016 GFLOPS/s)
MUL_MAT f32 m=64 n=80 k=64: 1 x 3.76 us = 3.76 us (172.936 GFLOPS/s)
MUL_MAT_ADD MUL_MAT_VEC q6_K m=5120 n=5 k=17408: 1 x 234.06 us = 234.06 us (3807.84 GFLOPS/s)
MUL_MAT_ADD MUL_MAT_VEC q6_K m=5120 n=5 k=6144: 1 x 86.16 us = 86.16 us (3650.73 GFLOPS/s)
MUL_MAT_VEC q6_K m=1024 n=5 k=5120: 2 x 16.08 us = 32.16 us (3260.18 GFLOPS/s)
MUL_MAT_VEC q6_K m=12288 n=5 k=5120: 1 x 156.32 us = 156.32 us (4024.34 GFLOPS/s)
MUL_MAT_VEC q6_K m=17408 n=5 k=5120: 2 x 181.94 us = 363.88 us (4898.33 GFLOPS/s)
MUL_MAT_VEC q8_0 m=5120 n=5 k=10240: 1 x 105.64 us = 105.64 us (4962.73 GFLOPS/s)
RMS_NORM_MUL RMS_NORM(256,24,5,1): 1 x 3.96 us = 3.96 us
RMS_NORM_MUL RMS_NORM(256,4,5,1): 1 x 3.8 us = 3.8 us
RMS_NORM_MUL RMS_NORM(5120,5,1,1): 5 x 9.314 us = 46.57 us
ROPE: 2 x 3.8 us = 7.6 us
SET_ROWS: 2 x 3 us = 6 us
SIGMOID_MUL SIGMOID: 1 x 1.72 us = 1.72 us
Total time: 1100.23 us.
----------------
Vulkan Timings:
CONCAT: 1 x 1.6 us = 1.6 us
CONT: 1 x 3.44 us = 3.44 us
FLASH_ATTN_EXT dst(256,24,1,1),  q(256,1,24,1),  k(256,256,4,1),  v(256,256,4,1),  m(256,1,1,1): 1 x 13.4 us = 13.4 us (469.512 GFLOPS/s)
GET_ROWS: 3 x 4.933 us = 14.8 us
GLU: 1 x 1.6 us = 1.6 us
MUL_MAT f32 m=256 n=24 k=256: 1 x 1.48 us = 1.48 us (2121.34 GFLOPS/s)
MUL_MAT f32 m=64 n=16 k=64: 1 x 1.8 us = 1.8 us (72.2489 GFLOPS/s)
MUL_MAT f32 m=64 n=96 k=64: 1 x 3.16 us = 3.16 us (246.927 GFLOPS/s)
MUL_MAT_ADD MUL_MAT_VEC q6_K m=5120 n=1 k=17408: 1 x 130.08 us = 130.08 us (1370.33 GFLOPS/s)
MUL_MAT_ADD MUL_MAT_VEC q6_K m=5120 n=1 k=6144: 1 x 53.16 us = 53.16 us (1183.4 GFLOPS/s)
MUL_MAT_VEC f32 m=256 n=4 k=256: 1 x 2.96 us = 2.96 us (176.778 GFLOPS/s)
MUL_MAT_VEC q6_K m=1024 n=1 k=5120: 2 x 6.74 us = 13.48 us (1555.6 GFLOPS/s)
MUL_MAT_VEC q6_K m=12288 n=1 k=5120: 1 x 97.92 us = 97.92 us (1284.89 GFLOPS/s)
MUL_MAT_VEC q6_K m=17408 n=1 k=5120: 2 x 118.12 us = 236.24 us (1508.98 GFLOPS/s)
MUL_MAT_VEC q6_K m=98304 n=1 k=5120: 1 x 673.9 us = 673.9 us (1493.6 GFLOPS/s)
MUL_MAT_VEC q8_0 m=5120 n=1 k=10240: 1 x 93.28 us = 93.28 us (1124.06 GFLOPS/s)
PAD: 1 x 6.32 us = 6.32 us
RMS_NORM_MUL RMS_NORM(256,24,1,1): 1 x 3.2 us = 3.2 us
RMS_NORM_MUL RMS_NORM(256,4,1,1): 1 x 4.84 us = 4.84 us
RMS_NORM_MUL RMS_NORM(5120,1,1,1): 5 x 4 us = 20 us
ROPE: 2 x 3.26 us = 6.52 us
SET_ROWS: 2 x 2.76 us = 5.52 us
SIGMOID_MUL SIGMOID: 1 x 1.6 us = 1.6 us
TOP_K K=10 (98304,1,1,1): 1 x 8.52 us = 8.52 us
Total time: 1398.82 us.
----------------
Vulkan Timings:
CONCAT: 1 x 1.64 us = 1.64 us
CONT: 1 x 3.56 us = 3.56 us
FLASH_ATTN_EXT dst(256,24,1,1),  q(256,1,24,1),  k(256,256,4,1),  v(256,256,4,1),  m(256,1,1,1): 1 x 13.6 us = 13.6 us (462.607 GFLOPS/s)
GET_ROWS: 3 x 6.946 us = 20.84 us
GLU: 1 x 1.8 us = 1.8 us
MUL_MAT f32 m=256 n=24 k=256: 1 x 1.68 us = 1.68 us (1868.8 GFLOPS/s)
MUL_MAT f32 m=64 n=16 k=64: 1 x 3.56 us = 3.56 us (36.5303 GFLOPS/s)
MUL_MAT f32 m=64 n=96 k=64: 1 x 3.6 us = 3.6 us (216.747 GFLOPS/s)
MUL_MAT_ADD MUL_MAT_VEC q6_K m=5120 n=1 k=17408: 1 x 123 us = 123 us (1449.21 GFLOPS/s)
MUL_MAT_ADD MUL_MAT_VEC q6_K m=5120 n=1 k=6144: 1 x 53.68 us = 53.68 us (1171.93 GFLOPS/s)
MUL_MAT_VEC f32 m=256 n=4 k=256: 1 x 3 us = 3 us (174.421 GFLOPS/s)
MUL_MAT_VEC q6_K m=1024 n=1 k=5120: 2 x 6.98 us = 13.96 us (1502.11 GFLOPS/s)
MUL_MAT_VEC q6_K m=12288 n=1 k=5120: 1 x 94 us = 94 us (1338.48 GFLOPS/s)
MUL_MAT_VEC q6_K m=17408 n=1 k=5120: 2 x 121 us = 242 us (1473.06 GFLOPS/s)
MUL_MAT_VEC q6_K m=98304 n=1 k=5120: 1 x 673.44 us = 673.44 us (1494.62 GFLOPS/s)
MUL_MAT_VEC q8_0 m=5120 n=1 k=10240: 1 x 101.76 us = 101.76 us (1030.39 GFLOPS/s)
PAD: 1 x 4.84 us = 4.84 us
RMS_NORM_MUL RMS_NORM(256,24,1,1): 1 x 3.56 us = 3.56 us
RMS_NORM_MUL RMS_NORM(256,4,1,1): 1 x 3.52 us = 3.52 us
RMS_NORM_MUL RMS_NORM(5120,1,1,1): 5 x 3.72 us = 18.6 us
ROPE: 2 x 3.56 us = 7.12 us
SET_ROWS: 2 x 2.92 us = 5.84 us
SIGMOID_MUL SIGMOID: 1 x 1.64 us = 1.64 us
TOP_K K=10 (98304,1,1,1): 1 x 8.8 us = 8.8 us
Total time: 1409.04 us.
----------------
Vulkan Timings:
CONCAT: 1 x 1.68 us = 1.68 us
CONT: 1 x 3.56 us = 3.56 us
FLASH_ATTN_EXT dst(256,24,1,1),  q(256,1,24,1),  k(256,256,4,1),  v(256,256,4,1),  m(256,1,1,1): 1 x 13.76 us = 13.76 us (457.228 GFLOPS/s)
GET_ROWS: 3 x 6.933 us = 20.8 us
GLU: 1 x 1.88 us = 1.88 us
MUL_MAT f32 m=256 n=24 k=256: 1 x 1.68 us = 1.68 us (1868.8 GFLOPS/s)
MUL_MAT f32 m=64 n=16 k=64: 1 x 3.6 us = 3.6 us (36.1244 GFLOPS/s)
MUL_MAT f32 m=64 n=96 k=64: 1 x 3.56 us = 3.56 us (219.182 GFLOPS/s)
MUL_MAT_ADD MUL_MAT_VEC q6_K m=5120 n=1 k=17408: 1 x 123.8 us = 123.8 us (1439.84 GFLOPS/s)
MUL_MAT_ADD MUL_MAT_VEC q6_K m=5120 n=1 k=6144: 1 x 54.16 us = 54.16 us (1161.55 GFLOPS/s)
MUL_MAT_VEC f32 m=256 n=4 k=256: 1 x 2.96 us = 2.96 us (176.778 GFLOPS/s)
MUL_MAT_VEC q6_K m=1024 n=1 k=5120: 2 x 8.72 us = 17.44 us (1202.38 GFLOPS/s)
MUL_MAT_VEC q6_K m=12288 n=1 k=5120: 1 x 85.4 us = 85.4 us (1473.27 GFLOPS/s)
MUL_MAT_VEC q6_K m=17408 n=1 k=5120: 2 x 121.14 us = 242.28 us (1471.36 GFLOPS/s)
MUL_MAT_VEC q6_K m=98304 n=1 k=5120: 1 x 673.21 us = 673.21 us (1495.13 GFLOPS/s)
MUL_MAT_VEC q8_0 m=5120 n=1 k=10240: 1 x 101.28 us = 101.28 us (1035.27 GFLOPS/s)
PAD: 1 x 5 us = 5 us
RMS_NORM_MUL RMS_NORM(256,24,1,1): 1 x 5.2 us = 5.2 us
RMS_NORM_MUL RMS_NORM(256,4,1,1): 1 x 3.6 us = 3.6 us
RMS_NORM_MUL RMS_NORM(5120,1,1,1): 5 x 3.688 us = 18.44 us
ROPE: 2 x 3.54 us = 7.08 us
SET_ROWS: 2 x 2.9 us = 5.8 us
SIGMOID_MUL SIGMOID: 1 x 1.68 us = 1.68 us
TOP_K K=10 (98304,1,1,1): 1 x 9 us = 9 us
Total time: 1406.85 us.
----------------
Vulkan Timings:
CONCAT: 1 x 1.64 us = 1.64 us
CONT: 1 x 3.52 us = 3.52 us
FLASH_ATTN_EXT dst(256,24,1,1),  q(256,1,24,1),  k(256,256,4,1),  v(256,256,4,1),  m(256,1,1,1): 1 x 13.72 us = 13.72 us (458.561 GFLOPS/s)
GET_ROWS: 3 x 4.8 us = 14.4 us
GLU: 1 x 1.76 us = 1.76 us
MUL_MAT f32 m=256 n=24 k=256: 1 x 1.6 us = 1.6 us (1962.24 GFLOPS/s)
MUL_MAT f32 m=64 n=16 k=64: 1 x 3.6 us = 3.6 us (36.1244 GFLOPS/s)
MUL_MAT f32 m=64 n=96 k=64: 1 x 3.6 us = 3.6 us (216.747 GFLOPS/s)
MUL_MAT_ADD MUL_MAT_VEC q6_K m=5120 n=1 k=17408: 1 x 123.16 us = 123.16 us (1447.33 GFLOPS/s)
MUL_MAT_ADD MUL_MAT_VEC q6_K m=5120 n=1 k=6144: 1 x 53.44 us = 53.44 us (1177.2 GFLOPS/s)
MUL_MAT_VEC f32 m=256 n=4 k=256: 1 x 3 us = 3 us (174.421 GFLOPS/s)
MUL_MAT_VEC q6_K m=1024 n=1 k=5120: 2 x 8.86 us = 17.72 us (1183.38 GFLOPS/s)
MUL_MAT_VEC q6_K m=12288 n=1 k=5120: 1 x 85.08 us = 85.08 us (1478.81 GFLOPS/s)
MUL_MAT_VEC q6_K m=17408 n=1 k=5120: 2 x 121.82 us = 243.64 us (1463.15 GFLOPS/s)
MUL_MAT_VEC q6_K m=98304 n=1 k=5120: 1 x 673.12 us = 673.12 us (1495.33 GFLOPS/s)
MUL_MAT_VEC q8_0 m=5120 n=1 k=10240: 1 x 102.16 us = 102.16 us (1026.36 GFLOPS/s)
PAD: 1 x 6.32 us = 6.32 us
RMS_NORM_MUL RMS_NORM(256,24,1,1): 1 x 5.24 us = 5.24 us
RMS_NORM_MUL RMS_NORM(256,4,1,1): 1 x 3.56 us = 3.56 us
RMS_NORM_MUL RMS_NORM(5120,1,1,1): 5 x 3.76 us = 18.8 us
ROPE: 2 x 3.54 us = 7.08 us
SET_ROWS: 2 x 2.84 us = 5.68 us
SIGMOID_MUL SIGMOID: 1 x 1.64 us = 1.64 us
TOP_K K=10 (98304,1,1,1): 1 x 8.6 us = 8.6 us
Total time: 1402.08 us.
----------------
Vulkan Timings:
ADD: 48 x 3.821 us = 183.44 us
CONT: 16 x 3.757 us = 60.12 us
FLASH_ATTN_EXT dst(256,24,5,1),  q(256,5,24,1),  k(256,256,4,1),  v(256,256,4,1),  m(256,5,1,1): 16 x 23.232 us = 371.72 us (1354.02 GFLOPS/s)
GDN_CACHE GATED_DELTA_NET: 48 x 14.551 us = 698.48 us
GDN_CONV_STATE CONCAT: 48 x 3.299 us = 158.36 us
GET_ROWS: 3 x 11.333 us = 34 us
GLU: 64 x 2.763 us = 176.84 us
MUL_MAT f32 m=256 n=120 k=256: 16 x 1.83 us = 29.28 us (8578.1 GFLOPS/s)
MUL_MAT f32 m=256 n=20 k=256: 16 x 3.297 us = 52.76 us (793.425 GFLOPS/s)
MUL_MAT f32 m=64 n=480 k=64: 16 x 3.625 us = 58 us (1076.26 GFLOPS/s)
MUL_MAT f32 m=64 n=80 k=64: 16 x 3.442 us = 55.08 us (188.886 GFLOPS/s)
MUL_MAT_ADD MUL_MAT_VEC q6_K m=5120 n=5 k=17408: 64 x 207.323 us = 13268.7 us (4298.91 GFLOPS/s)
MUL_MAT_ADD MUL_MAT_VEC q6_K m=5120 n=5 k=6144: 16 x 77.317 us = 1237.08 us (4068.25 GFLOPS/s)
MUL_MAT_VEC f32 m=48 n=5 k=5120: 96 x 4.384 us = 420.92 us (560.455 GFLOPS/s)
MUL_MAT_VEC q6_K m=1024 n=5 k=5120: 32 x 12.172 us = 389.52 us (4306.73 GFLOPS/s)
MUL_MAT_VEC q6_K m=10240 n=5 k=5120: 48 x 110.11 us = 5285.28 us (4761.03 GFLOPS/s)
MUL_MAT_VEC q6_K m=12288 n=5 k=5120: 16 x 140.985 us = 2255.76 us (4462.06 GFLOPS/s)
MUL_MAT_VEC q6_K m=17408 n=5 k=5120: 128 x 183.096 us = 23436.4 us (4867.38 GFLOPS/s)
MUL_MAT_VEC q6_K m=248320 n=5 k=5120: 1 x 2423.16 us = 2423.16 us (5246.35 GFLOPS/s)
MUL_MAT_VEC q6_K m=6144 n=5 k=5120: 48 x 71.266 us = 3420.8 us (4413.59 GFLOPS/s)
MUL_MAT_VEC q8_0 m=5120 n=5 k=6144: 48 x 63.195 us = 3033.4 us (4977.34 GFLOPS/s)
RMS_NORM_MUL RMS_NORM(256,24,5,1): 16 x 3.69 us = 59.04 us
RMS_NORM_MUL RMS_NORM(256,4,5,1): 16 x 3.805 us = 60.88 us
RMS_NORM_MUL RMS_NORM(5120,5,1,1): 129 x 4.261 us = 549.76 us
RMS_NORM_MUL_SILU_MUL RMS_NORM(128,48,5,1): 48 x 5.595 us = 268.6 us
RMS_NORM_SCALE RMS_NORM(128,16,5,1): 96 x 2.535 us = 243.36 us
ROPE: 32 x 3.801 us = 121.64 us
SET_ROWS: 32 x 2.933 us = 93.88 us
SIGMOID_MUL SIGMOID: 16 x 3.655 us = 58.48 us
SSM_CONV_SILU SSM_CONV: 48 x 4.716 us = 226.4 us
Total time: 58731.1 us.
----------------
Vulkan Timings:
CONCAT: 1 x 4.12 us = 4.12 us
CONT: 1 x 3.72 us = 3.72 us
FLASH_ATTN_EXT dst(256,24,5,1),  q(256,5,24,1),  k(256,256,4,1),  v(256,256,4,1),  m(256,5,1,1): 1 x 23.44 us = 23.44 us (1342.03 GFLOPS/s)
GET_ROWS: 1 x 6.68 us = 6.68 us
GLU: 1 x 1.48 us = 1.48 us
MUL_MAT f32 m=256 n=120 k=256: 1 x 1.84 us = 1.84 us (8531.48 GFLOPS/s)
MUL_MAT f32 m=256 n=20 k=256: 1 x 3.08 us = 3.08 us (849.455 GFLOPS/s)
MUL_MAT f32 m=64 n=480 k=64: 1 x 3.72 us = 3.72 us (1048.77 GFLOPS/s)
MUL_MAT f32 m=64 n=80 k=64: 1 x 3.72 us = 3.72 us (174.796 GFLOPS/s)
MUL_MAT_ADD MUL_MAT_VEC q6_K m=5120 n=5 k=17408: 1 x 228.92 us = 228.92 us (3893.34 GFLOPS/s)
MUL_MAT_ADD MUL_MAT_VEC q6_K m=5120 n=5 k=6144: 1 x 86.88 us = 86.88 us (3620.48 GFLOPS/s)
MUL_MAT_VEC q6_K m=1024 n=5 k=5120: 2 x 15.98 us = 31.96 us (3280.58 GFLOPS/s)
MUL_MAT_VEC q6_K m=12288 n=5 k=5120: 1 x 155.69 us = 155.69 us (4040.62 GFLOPS/s)
MUL_MAT_VEC q6_K m=17408 n=5 k=5120: 2 x 182.5 us = 365 us (4883.3 GFLOPS/s)
MUL_MAT_VEC q8_0 m=5120 n=5 k=10240: 1 x 105.56 us = 105.56 us (4966.49 GFLOPS/s)
RMS_NORM_MUL RMS_NORM(256,24,5,1): 1 x 3.84 us = 3.84 us
RMS_NORM_MUL RMS_NORM(256,4,5,1): 1 x 3.68 us = 3.68 us
RMS_NORM_MUL RMS_NORM(5120,5,1,1): 5 x 9.1 us = 45.5 us
ROPE: 2 x 3.7 us = 7.4 us
SET_ROWS: 2 x 3 us = 6 us
SIGMOID_MUL SIGMOID: 1 x 1.72 us = 1.72 us
Total time: 1093.95 us.
----------------
Vulkan Timings:
CONCAT: 1 x 1.64 us = 1.64 us
CONT: 1 x 3.6 us = 3.6 us
FLASH_ATTN_EXT dst(256,24,1,1),  q(256,1,24,1),  k(256,256,4,1),  v(256,256,4,1),  m(256,1,1,1): 1 x 13.48 us = 13.48 us (466.725 GFLOPS/s)
GET_ROWS: 3 x 5.093 us = 15.28 us
GLU: 1 x 1.64 us = 1.64 us
MUL_MAT f32 m=256 n=24 k=256: 1 x 1.56 us = 1.56 us (2012.55 GFLOPS/s)
MUL_MAT f32 m=64 n=16 k=64: 1 x 3.48 us = 3.48 us (37.3701 GFLOPS/s)
MUL_MAT f32 m=64 n=96 k=64: 1 x 3.28 us = 3.28 us (237.893 GFLOPS/s)
MUL_MAT_ADD MUL_MAT_VEC q6_K m=5120 n=1 k=17408: 1 x 129.56 us = 129.56 us (1375.83 GFLOPS/s)
MUL_MAT_ADD MUL_MAT_VEC q6_K m=5120 n=1 k=6144: 1 x 53.24 us = 53.24 us (1181.62 GFLOPS/s)
MUL_MAT_VEC f32 m=256 n=4 k=256: 1 x 3.12 us = 3.12 us (167.713 GFLOPS/s)
MUL_MAT_VEC q6_K m=1024 n=1 k=5120: 2 x 8.88 us = 17.76 us (1180.71 GFLOPS/s)
MUL_MAT_VEC q6_K m=12288 n=1 k=5120: 1 x 89.76 us = 89.76 us (1401.7 GFLOPS/s)
MUL_MAT_VEC q6_K m=17408 n=1 k=5120: 2 x 118.28 us = 236.56 us (1506.94 GFLOPS/s)
MUL_MAT_VEC q6_K m=98304 n=1 k=5120: 1 x 675.78 us = 675.78 us (1489.44 GFLOPS/s)
MUL_MAT_VEC q8_0 m=5120 n=1 k=10240: 1 x 93.96 us = 93.96 us (1115.93 GFLOPS/s)
PAD: 1 x 6.52 us = 6.52 us
RMS_NORM_MUL RMS_NORM(256,24,1,1): 1 x 6 us = 6 us
RMS_NORM_MUL RMS_NORM(256,4,1,1): 1 x 3.6 us = 3.6 us
RMS_NORM_MUL RMS_NORM(5120,1,1,1): 5 x 3.944 us = 19.72 us
ROPE: 2 x 3.44 us = 6.88 us
SET_ROWS: 2 x 2.84 us = 5.68 us
SIGMOID_MUL SIGMOID: 1 x 1.48 us = 1.48 us
TOP_K K=10 (98304,1,1,1): 1 x 9.16 us = 9.16 us
Total time: 1402.74 us.
----------------
Vulkan Timings:
CONCAT: 1 x 1.64 us = 1.64 us
CONT: 1 x 3.8 us = 3.8 us
FLASH_ATTN_EXT dst(256,24,1,1),  q(256,1,24,1),  k(256,256,4,1),  v(256,256,4,1),  m(256,1,1,1): 1 x 13.84 us = 13.84 us (454.585 GFLOPS/s)
GET_ROWS: 3 x 4.866 us = 14.6 us
GLU: 1 x 1.76 us = 1.76 us
MUL_MAT f32 m=256 n=24 k=256: 1 x 1.6 us = 1.6 us (1962.24 GFLOPS/s)
MUL_MAT f32 m=64 n=16 k=64: 1 x 3.72 us = 3.72 us (34.9591 GFLOPS/s)
MUL_MAT f32 m=64 n=96 k=64: 1 x 3.72 us = 3.72 us (209.755 GFLOPS/s)
MUL_MAT_ADD MUL_MAT_VEC q6_K m=5120 n=1 k=17408: 1 x 123.4 us = 123.4 us (1444.51 GFLOPS/s)
MUL_MAT_ADD MUL_MAT_VEC q6_K m=5120 n=1 k=6144: 1 x 53.48 us = 53.48 us (1176.32 GFLOPS/s)
MUL_MAT_VEC f32 m=256 n=4 k=256: 1 x 3.16 us = 3.16 us (165.59 GFLOPS/s)
MUL_MAT_VEC q6_K m=1024 n=1 k=5120: 2 x 8.78 us = 17.56 us (1194.16 GFLOPS/s)
MUL_MAT_VEC q6_K m=12288 n=1 k=5120: 1 x 85.56 us = 85.56 us (1470.51 GFLOPS/s)
MUL_MAT_VEC q6_K m=17408 n=1 k=5120: 2 x 121.82 us = 243.64 us (1463.15 GFLOPS/s)
MUL_MAT_VEC q6_K m=98304 n=1 k=5120: 1 x 674.73 us = 674.73 us (1491.76 GFLOPS/s)
MUL_MAT_VEC q8_0 m=5120 n=1 k=10240: 1 x 102.12 us = 102.12 us (1026.76 GFLOPS/s)
PAD: 1 x 6.52 us = 6.52 us
RMS_NORM_MUL RMS_NORM(256,24,1,1): 1 x 5.52 us = 5.52 us
RMS_NORM_MUL RMS_NORM(256,4,1,1): 1 x 3.72 us = 3.72 us
RMS_NORM_MUL RMS_NORM(5120,1,1,1): 5 x 3.704 us = 18.52 us
ROPE: 2 x 3.68 us = 7.36 us
SET_ROWS: 2 x 2.94 us = 5.88 us
SIGMOID_MUL SIGMOID: 1 x 1.68 us = 1.68 us
TOP_K K=10 (98304,1,1,1): 1 x 8.92 us = 8.92 us
Total time: 1406.45 us.
----------------
Vulkan Timings:
CONCAT: 1 x 1.68 us = 1.68 us
CONT: 1 x 3.76 us = 3.76 us
FLASH_ATTN_EXT dst(256,24,1,1),  q(256,1,24,1),  k(256,256,4,1),  v(256,256,4,1),  m(256,1,1,1): 1 x 14.04 us = 14.04 us (448.109 GFLOPS/s)
GET_ROWS: 3 x 4.933 us = 14.8 us
GLU: 1 x 1.88 us = 1.88 us
MUL_MAT f32 m=256 n=24 k=256: 1 x 1.64 us = 1.64 us (1914.38 GFLOPS/s)
MUL_MAT f32 m=64 n=16 k=64: 1 x 3.68 us = 3.68 us (35.3391 GFLOPS/s)
MUL_MAT f32 m=64 n=96 k=64: 1 x 3.72 us = 3.72 us (209.755 GFLOPS/s)
MUL_MAT_ADD MUL_MAT_VEC q6_K m=5120 n=1 k=17408: 1 x 123.36 us = 123.36 us (1444.98 GFLOPS/s)
MUL_MAT_ADD MUL_MAT_VEC q6_K m=5120 n=1 k=6144: 1 x 54.16 us = 54.16 us (1161.55 GFLOPS/s)
MUL_MAT_VEC f32 m=256 n=4 k=256: 1 x 3.12 us = 3.12 us (167.713 GFLOPS/s)
MUL_MAT_VEC q6_K m=1024 n=1 k=5120: 2 x 8.82 us = 17.64 us (1188.75 GFLOPS/s)
MUL_MAT_VEC q6_K m=12288 n=1 k=5120: 1 x 85.96 us = 85.96 us (1463.67 GFLOPS/s)
MUL_MAT_VEC q6_K m=17408 n=1 k=5120: 2 x 121.08 us = 242.16 us (1472.09 GFLOPS/s)
MUL_MAT_VEC q6_K m=98304 n=1 k=5120: 1 x 673.72 us = 673.72 us (1494 GFLOPS/s)
MUL_MAT_VEC q8_0 m=5120 n=1 k=10240: 1 x 101.52 us = 101.52 us (1032.83 GFLOPS/s)
PAD: 1 x 6.44 us = 6.44 us
RMS_NORM_MUL RMS_NORM(256,24,1,1): 1 x 5.52 us = 5.52 us
RMS_NORM_MUL RMS_NORM(256,4,1,1): 1 x 3.72 us = 3.72 us
RMS_NORM_MUL RMS_NORM(5120,1,1,1): 5 x 3.696 us = 18.48 us
ROPE: 2 x 3.68 us = 7.36 us
SET_ROWS: 2 x 2.9 us = 5.8 us
SIGMOID_MUL SIGMOID: 1 x 1.84 us = 1.84 us
TOP_K K=10 (98304,1,1,1): 1 x 8.92 us = 8.92 us
Total time: 1404.92 us.
----------------
Vulkan Timings:
CONCAT: 1 x 1.68 us = 1.68 us
CONT: 1 x 3.72 us = 3.72 us
FLASH_ATTN_EXT dst(256,24,1,1),  q(256,1,24,1),  k(256,256,4,1),  v(256,256,4,1),  m(256,1,1,1): 1 x 13.8 us = 13.8 us (455.903 GFLOPS/s)
GET_ROWS: 3 x 4.933 us = 14.8 us
GLU: 1 x 1.84 us = 1.84 us
MUL_MAT f32 m=256 n=24 k=256: 1 x 1.68 us = 1.68 us (1868.8 GFLOPS/s)
MUL_MAT f32 m=64 n=16 k=64: 1 x 3.76 us = 3.76 us (34.5872 GFLOPS/s)
MUL_MAT f32 m=64 n=96 k=64: 1 x 3.72 us = 3.72 us (209.755 GFLOPS/s)
MUL_MAT_ADD MUL_MAT_VEC q6_K m=5120 n=1 k=17408: 1 x 123.56 us = 123.56 us (1442.64 GFLOPS/s)
MUL_MAT_ADD MUL_MAT_VEC q6_K m=5120 n=1 k=6144: 1 x 53.32 us = 53.32 us (1179.85 GFLOPS/s)
MUL_MAT_VEC f32 m=256 n=4 k=256: 1 x 3.12 us = 3.12 us (167.713 GFLOPS/s)
MUL_MAT_VEC q6_K m=1024 n=1 k=5120: 2 x 8.78 us = 17.56 us (1194.16 GFLOPS/s)
MUL_MAT_VEC q6_K m=12288 n=1 k=5120: 1 x 85.56 us = 85.56 us (1470.51 GFLOPS/s)
MUL_MAT_VEC q6_K m=17408 n=1 k=5120: 2 x 121.64 us = 243.28 us (1465.31 GFLOPS/s)
MUL_MAT_VEC q6_K m=98304 n=1 k=5120: 1 x 673.13 us = 673.13 us (1495.31 GFLOPS/s)
MUL_MAT_VEC q8_0 m=5120 n=1 k=10240: 1 x 101.4 us = 101.4 us (1034.05 GFLOPS/s)
PAD: 1 x 6.48 us = 6.48 us
RMS_NORM_MUL RMS_NORM(256,24,1,1): 1 x 5.52 us = 5.52 us
RMS_NORM_MUL RMS_NORM(256,4,1,1): 1 x 3.76 us = 3.76 us
RMS_NORM_MUL RMS_NORM(5120,1,1,1): 5 x 3.672 us = 18.36 us
ROPE: 2 x 3.72 us = 7.44 us
SET_ROWS: 2 x 2.94 us = 5.88 us
SIGMOID_MUL SIGMOID: 1 x 1.64 us = 1.64 us
TOP_K K=10 (98304,1,1,1): 1 x 8.88 us = 8.88 us
Total time: 1403.89 us.
----------------
Vulkan Timings:
ADD: 48 x 3.96 us = 190.12 us
CONT: 16 x 3.892 us = 62.28 us
FLASH_ATTN_EXT dst(256,24,5,1),  q(256,5,24,1),  k(256,256,4,1),  v(256,256,4,1),  m(256,5,1,1): 16 x 23.055 us = 368.88 us (1364.45 GFLOPS/s)
GDN_CACHE GATED_DELTA_NET: 48 x 13.867 us = 665.64 us
GDN_CONV_STATE CONCAT: 48 x 3.097 us = 148.68 us
GET_ROWS: 3 x 11.293 us = 33.88 us
GLU: 64 x 2.886 us = 184.72 us
MUL_MAT f32 m=256 n=120 k=256: 16 x 1.8 us = 28.8 us (8721.07 GFLOPS/s)
MUL_MAT f32 m=256 n=20 k=256: 16 x 3.582 us = 57.32 us (730.306 GFLOPS/s)
MUL_MAT f32 m=64 n=480 k=64: 16 x 3.74 us = 59.84 us (1043.17 GFLOPS/s)
MUL_MAT f32 m=64 n=80 k=64: 16 x 3.46 us = 55.36 us (187.931 GFLOPS/s)
MUL_MAT_ADD MUL_MAT_VEC q6_K m=5120 n=5 k=17408: 64 x 206.298 us = 13203.1 us (4320.27 GFLOPS/s)
MUL_MAT_ADD MUL_MAT_VEC q6_K m=5120 n=5 k=6144: 16 x 77.852 us = 1245.64 us (4040.3 GFLOPS/s)
MUL_MAT_VEC f32 m=48 n=5 k=5120: 96 x 4.365 us = 419.08 us (562.915 GFLOPS/s)
MUL_MAT_VEC q6_K m=1024 n=5 k=5120: 32 x 12.196 us = 390.28 us (4298.34 GFLOPS/s)
MUL_MAT_VEC q6_K m=10240 n=5 k=5120: 48 x 110.036 us = 5281.76 us (4764.2 GFLOPS/s)
MUL_MAT_VEC q6_K m=12288 n=5 k=5120: 16 x 140.575 us = 2249.2 us (4475.08 GFLOPS/s)
MUL_MAT_VEC q6_K m=17408 n=5 k=5120: 128 x 183.234 us = 23454 us (4863.72 GFLOPS/s)
MUL_MAT_VEC q6_K m=248320 n=5 k=5120: 1 x 2395.36 us = 2395.36 us (5307.24 GFLOPS/s)
MUL_MAT_VEC q6_K m=6144 n=5 k=5120: 48 x 71.933 us = 3452.8 us (4372.69 GFLOPS/s)
MUL_MAT_VEC q8_0 m=5120 n=5 k=6144: 48 x 63.329 us = 3039.8 us (4966.86 GFLOPS/s)
RMS_NORM_MUL RMS_NORM(256,24,5,1): 16 x 3.832 us = 61.32 us
RMS_NORM_MUL RMS_NORM(256,4,5,1): 16 x 4.052 us = 64.84 us
RMS_NORM_MUL RMS_NORM(5120,5,1,1): 129 x 4.33 us = 558.68 us
RMS_NORM_MUL_SILU_MUL RMS_NORM(128,48,5,1): 48 x 5.881 us = 282.32 us
RMS_NORM_SCALE RMS_NORM(128,16,5,1): 96 x 2.61 us = 250.56 us
ROPE: 32 x 3.95 us = 126.4 us
SET_ROWS: 32 x 2.992 us = 95.76 us
SIGMOID_MUL SIGMOID: 16 x 3.782 us = 60.52 us
SSM_CONV_SILU SSM_CONV: 48 x 4.825 us = 231.64 us
Total time: 58718.6 us.
----------------
Vulkan Timings:
CONCAT: 1 x 3.88 us = 3.88 us
CONT: 1 x 3.8 us = 3.8 us
FLASH_ATTN_EXT dst(256,24,5,1),  q(256,5,24,1),  k(256,256,4,1),  v(256,256,4,1),  m(256,5,1,1): 1 x 23.2 us = 23.2 us (1355.92 GFLOPS/s)
GET_ROWS: 1 x 6.68 us = 6.68 us
GLU: 1 x 1.52 us = 1.52 us
MUL_MAT f32 m=256 n=120 k=256: 1 x 1.72 us = 1.72 us (9126.7 GFLOPS/s)
MUL_MAT f32 m=256 n=20 k=256: 1 x 3.16 us = 3.16 us (827.949 GFLOPS/s)
MUL_MAT f32 m=64 n=480 k=64: 1 x 3.76 us = 3.76 us (1037.62 GFLOPS/s)
MUL_MAT f32 m=64 n=80 k=64: 1 x 3.76 us = 3.76 us (172.936 GFLOPS/s)
MUL_MAT_ADD MUL_MAT_VEC q6_K m=5120 n=5 k=17408: 1 x 238.59 us = 238.59 us (3735.55 GFLOPS/s)
MUL_MAT_ADD MUL_MAT_VEC q6_K m=5120 n=5 k=6144: 1 x 85.32 us = 85.32 us (3686.68 GFLOPS/s)
MUL_MAT_VEC q6_K m=1024 n=5 k=5120: 2 x 15.74 us = 31.48 us (3330.6 GFLOPS/s)
MUL_MAT_VEC q6_K m=12288 n=5 k=5120: 1 x 170.9 us = 170.9 us (3681.01 GFLOPS/s)
MUL_MAT_VEC q6_K m=17408 n=5 k=5120: 2 x 181.4 us = 362.8 us (4912.91 GFLOPS/s)
MUL_MAT_VEC q8_0 m=5120 n=5 k=10240: 1 x 104.76 us = 104.76 us (5004.41 GFLOPS/s)
RMS_NORM_MUL RMS_NORM(256,24,5,1): 1 x 3.88 us = 3.88 us
RMS_NORM_MUL RMS_NORM(256,4,5,1): 1 x 3.8 us = 3.8 us
RMS_NORM_MUL RMS_NORM(5120,5,1,1): 5 x 12.846 us = 64.23 us
ROPE: 2 x 3.76 us = 7.52 us
SET_ROWS: 2 x 2.96 us = 5.92 us
SIGMOID_MUL SIGMOID: 1 x 1.68 us = 1.68 us
Total time: 1132.36 us.
0.38.429.322 I slot print_timing: id  0 | task 0 | n_gen =    102, tg =  33.20 t/s, tg_3s =  33.53 t/s
----------------
Vulkan Timings:
CONCAT: 1 x 1.68 us = 1.68 us
CONT: 1 x 3.48 us = 3.48 us
FLASH_ATTN_EXT dst(256,24,1,1),  q(256,1,24,1),  k(256,256,4,1),  v(256,256,4,1),  m(256,1,1,1): 1 x 13.6 us = 13.6 us (462.607 GFLOPS/s)
GET_ROWS: 3 x 8.93 us = 26.79 us
GLU: 1 x 1.56 us = 1.56 us
MUL_MAT f32 m=256 n=24 k=256: 1 x 1.52 us = 1.52 us (2065.52 GFLOPS/s)
MUL_MAT f32 m=64 n=16 k=64: 1 x 1.8 us = 1.8 us (72.2489 GFLOPS/s)
MUL_MAT f32 m=64 n=96 k=64: 1 x 3.2 us = 3.2 us (243.84 GFLOPS/s)
MUL_MAT_ADD MUL_MAT_VEC q6_K m=5120 n=1 k=17408: 1 x 130.08 us = 130.08 us (1370.33 GFLOPS/s)
MUL_MAT_ADD MUL_MAT_VEC q6_K m=5120 n=1 k=6144: 1 x 53.08 us = 53.08 us (1185.18 GFLOPS/s)
MUL_MAT_VEC f32 m=256 n=4 k=256: 1 x 2.96 us = 2.96 us (176.778 GFLOPS/s)
MUL_MAT_VEC q6_K m=1024 n=1 k=5120: 2 x 8.92 us = 17.84 us (1175.42 GFLOPS/s)
MUL_MAT_VEC q6_K m=12288 n=1 k=5120: 1 x 89.76 us = 89.76 us (1401.7 GFLOPS/s)
MUL_MAT_VEC q6_K m=17408 n=1 k=5120: 2 x 118.64 us = 237.28 us (1502.36 GFLOPS/s)
MUL_MAT_VEC q6_K m=98304 n=1 k=5120: 1 x 688.19 us = 688.19 us (1462.58 GFLOPS/s)
MUL_MAT_VEC q8_0 m=5120 n=1 k=10240: 1 x 93.4 us = 93.4 us (1122.62 GFLOPS/s)
PAD: 1 x 6.36 us = 6.36 us
RMS_NORM_MUL RMS_NORM(256,24,1,1): 1 x 5.64 us = 5.64 us
RMS_NORM_MUL RMS_NORM(256,4,1,1): 1 x 4.8 us = 4.8 us
RMS_NORM_MUL RMS_NORM(5120,1,1,1): 5 x 4.016 us = 20.08 us
ROPE: 2 x 3.26 us = 6.52 us
SET_ROWS: 2 x 2.78 us = 5.56 us
SIGMOID_MUL SIGMOID: 1 x 1.6 us = 1.6 us
TOP_K K=10 (98304,1,1,1): 1 x 8.72 us = 8.72 us
Total time: 1425.5 us.
----------------
Vulkan Timings:
CONCAT: 1 x 1.68 us = 1.68 us
CONT: 1 x 3.6 us = 3.6 us
FLASH_ATTN_EXT dst(256,24,1,1),  q(256,1,24,1),  k(256,256,4,1),  v(256,256,4,1),  m(256,1,1,1): 1 x 13.88 us = 13.88 us (453.275 GFLOPS/s)
GET_ROWS: 3 x 8.4 us = 25.2 us
GLU: 1 x 1.88 us = 1.88 us
MUL_MAT f32 m=256 n=24 k=256: 1 x 1.68 us = 1.68 us (1868.8 GFLOPS/s)
MUL_MAT f32 m=64 n=16 k=64: 1 x 3.64 us = 3.64 us (35.7275 GFLOPS/s)
MUL_MAT f32 m=64 n=96 k=64: 1 x 3.56 us = 3.56 us (219.182 GFLOPS/s)
MUL_MAT_ADD MUL_MAT_VEC q6_K m=5120 n=1 k=17408: 1 x 122.88 us = 122.88 us (1450.62 GFLOPS/s)
MUL_MAT_ADD MUL_MAT_VEC q6_K m=5120 n=1 k=6144: 1 x 52.96 us = 52.96 us (1187.87 GFLOPS/s)
MUL_MAT_VEC f32 m=256 n=4 k=256: 1 x 2.96 us = 2.96 us (176.778 GFLOPS/s)
MUL_MAT_VEC q6_K m=1024 n=1 k=5120: 2 x 8.78 us = 17.56 us (1194.16 GFLOPS/s)
MUL_MAT_VEC q6_K m=12288 n=1 k=5120: 1 x 85.08 us = 85.08 us (1478.81 GFLOPS/s)
MUL_MAT_VEC q6_K m=17408 n=1 k=5120: 2 x 121.14 us = 242.28 us (1471.36 GFLOPS/s)
MUL_MAT_VEC q6_K m=98304 n=1 k=5120: 1 x 687.76 us = 687.76 us (1463.5 GFLOPS/s)
MUL_MAT_VEC q8_0 m=5120 n=1 k=10240: 1 x 101.2 us = 101.2 us (1036.09 GFLOPS/s)
PAD: 1 x 6.36 us = 6.36 us
RMS_NORM_MUL RMS_NORM(256,24,1,1): 1 x 5.2 us = 5.2 us
RMS_NORM_MUL RMS_NORM(256,4,1,1): 1 x 3.6 us = 3.6 us
RMS_NORM_MUL RMS_NORM(5120,1,1,1): 5 x 3.712 us = 18.56 us
ROPE: 2 x 3.56 us = 7.12 us
SET_ROWS: 2 x 2.88 us = 5.76 us
SIGMOID_MUL SIGMOID: 1 x 1.64 us = 1.64 us
TOP_K K=10 (98304,1,1,1): 1 x 8.88 us = 8.88 us
Total time: 1424.92 us.
----------------
Vulkan Timings:
CONCAT: 1 x 1.6 us = 1.6 us
CONT: 1 x 3.56 us = 3.56 us
FLASH_ATTN_EXT dst(256,24,1,1),  q(256,1,24,1),  k(256,256,4,1),  v(256,256,4,1),  m(256,1,1,1): 1 x 13.68 us = 13.68 us (459.902 GFLOPS/s)
GET_ROWS: 3 x 8.28 us = 24.84 us
GLU: 1 x 1.8 us = 1.8 us
MUL_MAT f32 m=256 n=24 k=256: 1 x 1.64 us = 1.64 us (1914.38 GFLOPS/s)
MUL_MAT f32 m=64 n=16 k=64: 1 x 3.6 us = 3.6 us (36.1244 GFLOPS/s)
MUL_MAT f32 m=64 n=96 k=64: 1 x 3.56 us = 3.56 us (219.182 GFLOPS/s)
MUL_MAT_ADD MUL_MAT_VEC q6_K m=5120 n=1 k=17408: 1 x 124.64 us = 124.64 us (1430.14 GFLOPS/s)
MUL_MAT_ADD MUL_MAT_VEC q6_K m=5120 n=1 k=6144: 1 x 53 us = 53 us (1186.97 GFLOPS/s)
MUL_MAT_VEC f32 m=256 n=4 k=256: 1 x 2.96 us = 2.96 us (176.778 GFLOPS/s)
MUL_MAT_VEC q6_K m=1024 n=1 k=5120: 2 x 8.82 us = 17.64 us (1188.75 GFLOPS/s)
MUL_MAT_VEC q6_K m=12288 n=1 k=5120: 1 x 86.28 us = 86.28 us (1458.24 GFLOPS/s)
MUL_MAT_VEC q6_K m=17408 n=1 k=5120: 2 x 121.44 us = 242.88 us (1467.72 GFLOPS/s)
MUL_MAT_VEC q6_K m=98304 n=1 k=5120: 1 x 690.22 us = 690.22 us (1458.28 GFLOPS/s)
MUL_MAT_VEC q8_0 m=5120 n=1 k=10240: 1 x 101.52 us = 101.52 us (1032.83 GFLOPS/s)
PAD: 1 x 6.28 us = 6.28 us
RMS_NORM_MUL RMS_NORM(256,24,1,1): 1 x 5.24 us = 5.24 us
RMS_NORM_MUL RMS_NORM(256,4,1,1): 1 x 3.6 us = 3.6 us
RMS_NORM_MUL RMS_NORM(5120,1,1,1): 5 x 3.664 us = 18.32 us
ROPE: 2 x 3.56 us = 7.12 us
SET_ROWS: 2 x 2.88 us = 5.76 us
SIGMOID_MUL SIGMOID: 1 x 1.68 us = 1.68 us
TOP_K K=10 (98304,1,1,1): 1 x 8.96 us = 8.96 us
Total time: 1430.38 us.
----------------
Vulkan Timings:
CONCAT: 1 x 1.64 us = 1.64 us
CONT: 1 x 3.56 us = 3.56 us
FLASH_ATTN_EXT dst(256,24,1,1),  q(256,1,24,1),  k(256,256,4,1),  v(256,256,4,1),  m(256,1,1,1): 1 x 13.76 us = 13.76 us (457.228 GFLOPS/s)
GET_ROWS: 3 x 4.826 us = 14.48 us
GLU: 1 x 1.84 us = 1.84 us
MUL_MAT f32 m=256 n=24 k=256: 1 x 1.6 us = 1.6 us (1962.24 GFLOPS/s)
MUL_MAT f32 m=64 n=16 k=64: 1 x 3.52 us = 3.52 us (36.9455 GFLOPS/s)
MUL_MAT f32 m=64 n=96 k=64: 1 x 3.6 us = 3.6 us (216.747 GFLOPS/s)
MUL_MAT_ADD MUL_MAT_VEC q6_K m=5120 n=1 k=17408: 1 x 123.04 us = 123.04 us (1448.74 GFLOPS/s)
MUL_MAT_ADD MUL_MAT_VEC q6_K m=5120 n=1 k=6144: 1 x 53.84 us = 53.84 us (1168.45 GFLOPS/s)
MUL_MAT_VEC f32 m=256 n=4 k=256: 1 x 2.96 us = 2.96 us (176.778 GFLOPS/s)
MUL_MAT_VEC q6_K m=1024 n=1 k=5120: 2 x 8.76 us = 17.52 us (1196.89 GFLOPS/s)
MUL_MAT_VEC q6_K m=12288 n=1 k=5120: 1 x 85.32 us = 85.32 us (1474.65 GFLOPS/s)
MUL_MAT_VEC q6_K m=17408 n=1 k=5120: 2 x 121.48 us = 242.96 us (1467.24 GFLOPS/s)
MUL_MAT_VEC q6_K m=98304 n=1 k=5120: 1 x 672.09 us = 672.09 us (1497.62 GFLOPS/s)
MUL_MAT_VEC q8_0 m=5120 n=1 k=10240: 1 x 101 us = 101 us (1038.14 GFLOPS/s)
PAD: 1 x 7.04 us = 7.04 us
RMS_NORM_MUL RMS_NORM(256,24,1,1): 1 x 5.24 us = 5.24 us
RMS_NORM_MUL RMS_NORM(256,4,1,1): 1 x 3.56 us = 3.56 us
RMS_NORM_MUL RMS_NORM(5120,1,1,1): 5 x 3.712 us = 18.56 us
ROPE: 2 x 3.52 us = 7.04 us
SET_ROWS: 2 x 2.88 us = 5.76 us
SIGMOID_MUL SIGMOID: 1 x 1.68 us = 1.68 us
TOP_K K=10 (98304,1,1,1): 1 x 9 us = 9 us
Total time: 1400.61 us.
----------------
Vulkan Timings:
ADD: 48 x 3.808 us = 182.8 us
CONT: 16 x 3.747 us = 59.96 us
FLASH_ATTN_EXT dst(256,24,5,1),  q(256,5,24,1),  k(256,256,4,1),  v(256,256,4,1),  m(256,5,1,1): 16 x 23.345 us = 373.52 us (1347.5 GFLOPS/s)
GDN_CACHE GATED_DELTA_NET: 48 x 14.561 us = 698.96 us
GDN_CONV_STATE CONCAT: 48 x 3.243 us = 155.68 us
GET_ROWS: 3 x 11.36 us = 34.08 us
GLU: 64 x 2.865 us = 183.36 us
MUL_MAT f32 m=256 n=120 k=256: 16 x 1.802 us = 28.84 us (8708.97 GFLOPS/s)
MUL_MAT f32 m=256 n=20 k=256: 16 x 3.417 us = 54.68 us (765.565 GFLOPS/s)
MUL_MAT f32 m=64 n=480 k=64: 16 x 3.615 us = 57.84 us (1079.24 GFLOPS/s)
MUL_MAT f32 m=64 n=80 k=64: 16 x 3.337 us = 53.4 us (194.828 GFLOPS/s)
MUL_MAT_ADD MUL_MAT_VEC q6_K m=5120 n=5 k=17408: 64 x 206.228 us = 13198.6 us (4321.74 GFLOPS/s)
MUL_MAT_ADD MUL_MAT_VEC q6_K m=5120 n=5 k=6144: 16 x 77.505 us = 1240.08 us (4058.41 GFLOPS/s)
MUL_MAT_VEC f32 m=48 n=5 k=5120: 96 x 4.336 us = 416.32 us (566.647 GFLOPS/s)
MUL_MAT_VEC q6_K m=1024 n=5 k=5120: 32 x 12.11 us = 387.52 us (4328.96 GFLOPS/s)
MUL_MAT_VEC q6_K m=10240 n=5 k=5120: 48 x 109.793 us = 5270.08 us (4774.76 GFLOPS/s)
MUL_MAT_VEC q6_K m=12288 n=5 k=5120: 16 x 140.377 us = 2246.04 us (4481.37 GFLOPS/s)
MUL_MAT_VEC q6_K m=17408 n=5 k=5120: 128 x 182.836 us = 23403 us (4874.32 GFLOPS/s)
MUL_MAT_VEC q6_K m=248320 n=5 k=5120: 1 x 2405.88 us = 2405.88 us (5284.03 GFLOPS/s)
MUL_MAT_VEC q6_K m=6144 n=5 k=5120: 48 x 71.223 us = 3418.72 us (4416.28 GFLOPS/s)
MUL_MAT_VEC q8_0 m=5120 n=5 k=6144: 48 x 63.15 us = 3031.2 us (4980.95 GFLOPS/s)
RMS_NORM_MUL RMS_NORM(256,24,5,1): 16 x 3.667 us = 58.68 us
RMS_NORM_MUL RMS_NORM(256,4,5,1): 16 x 3.867 us = 61.88 us
RMS_NORM_MUL RMS_NORM(5120,5,1,1): 129 x 4.25 us = 548.32 us
RMS_NORM_MUL_SILU_MUL RMS_NORM(128,48,5,1): 48 x 5.565 us = 267.16 us
RMS_NORM_SCALE RMS_NORM(128,16,5,1): 96 x 2.549 us = 244.72 us
ROPE: 32 x 3.775 us = 120.8 us
SET_ROWS: 32 x 2.811 us = 89.96 us
SIGMOID_MUL SIGMOID: 16 x 3.63 us = 58.08 us
SSM_CONV_SILU SSM_CONV: 48 x 4.685 us = 224.92 us
Total time: 58575.1 us.
----------------
Vulkan Timings:
CONCAT: 1 x 4.08 us = 4.08 us
CONT: 1 x 3.6 us = 3.6 us
FLASH_ATTN_EXT dst(256,24,5,1),  q(256,5,24,1),  k(256,256,4,1),  v(256,256,4,1),  m(256,5,1,1): 1 x 23 us = 23 us (1367.71 GFLOPS/s)
GET_ROWS: 1 x 6.48 us = 6.48 us
GLU: 1 x 1.48 us = 1.48 us
MUL_MAT f32 m=256 n=120 k=256: 1 x 1.68 us = 1.68 us (9344 GFLOPS/s)
MUL_MAT f32 m=256 n=20 k=256: 1 x 3 us = 3 us (872.107 GFLOPS/s)
MUL_MAT f32 m=64 n=480 k=64: 1 x 3.64 us = 3.64 us (1071.82 GFLOPS/s)
MUL_MAT f32 m=64 n=80 k=64: 1 x 3.56 us = 3.56 us (182.652 GFLOPS/s)
MUL_MAT_ADD MUL_MAT_VEC q6_K m=5120 n=5 k=17408: 1 x 242.14 us = 242.14 us (3680.78 GFLOPS/s)
MUL_MAT_ADD MUL_MAT_VEC q6_K m=5120 n=5 k=6144: 1 x 85.4 us = 85.4 us (3683.22 GFLOPS/s)
MUL_MAT_VEC q6_K m=1024 n=5 k=5120: 2 x 15.66 us = 31.32 us (3347.62 GFLOPS/s)
MUL_MAT_VEC q6_K m=12288 n=5 k=5120: 1 x 155.95 us = 155.95 us (4033.88 GFLOPS/s)
MUL_MAT_VEC q6_K m=17408 n=5 k=5120: 2 x 179.66 us = 359.32 us (4960.5 GFLOPS/s)
MUL_MAT_VEC q8_0 m=5120 n=5 k=10240: 1 x 105.24 us = 105.24 us (4981.59 GFLOPS/s)
RMS_NORM_MUL RMS_NORM(256,24,5,1): 1 x 3.76 us = 3.76 us
RMS_NORM_MUL RMS_NORM(256,4,5,1): 1 x 3.6 us = 3.6 us
RMS_NORM_MUL RMS_NORM(5120,5,1,1): 5 x 12.02 us = 60.1 us
ROPE: 2 x 3.6 us = 7.2 us
SET_ROWS: 2 x 2.9 us = 5.8 us
SIGMOID_MUL SIGMOID: 1 x 1.72 us = 1.72 us
Total time: 1112.07 us.
----------------
Vulkan Timings:
CONCAT: 1 x 1.64 us = 1.64 us
CONT: 1 x 3.64 us = 3.64 us
FLASH_ATTN_EXT dst(256,24,1,1),  q(256,1,24,1),  k(256,256,4,1),  v(256,256,4,1),  m(256,1,1,1): 1 x 13.4 us = 13.4 us (469.512 GFLOPS/s)
GET_ROWS: 3 x 8.426 us = 25.28 us
GLU: 1 x 2.48 us = 2.48 us
MUL_MAT f32 m=256 n=24 k=256: 1 x 1.48 us = 1.48 us (2121.34 GFLOPS/s)
MUL_MAT f32 m=64 n=16 k=64: 1 x 1.76 us = 1.76 us (73.8909 GFLOPS/s)
MUL_MAT f32 m=64 n=96 k=64: 1 x 3.36 us = 3.36 us (232.229 GFLOPS/s)
MUL_MAT_ADD MUL_MAT_VEC q6_K m=5120 n=1 k=17408: 1 x 128.68 us = 128.68 us (1385.24 GFLOPS/s)
MUL_MAT_ADD MUL_MAT_VEC q6_K m=5120 n=1 k=6144: 1 x 53.88 us = 53.88 us (1167.58 GFLOPS/s)
MUL_MAT_VEC f32 m=256 n=4 k=256: 1 x 3.16 us = 3.16 us (165.59 GFLOPS/s)
MUL_MAT_VEC q6_K m=1024 n=1 k=5120: 2 x 8.82 us = 17.64 us (1188.75 GFLOPS/s)
MUL_MAT_VEC q6_K m=12288 n=1 k=5120: 1 x 90.08 us = 90.08 us (1396.72 GFLOPS/s)
MUL_MAT_VEC q6_K m=17408 n=1 k=5120: 2 x 118.58 us = 237.16 us (1503.12 GFLOPS/s)
MUL_MAT_VEC q6_K m=98304 n=1 k=5120: 1 x 688.45 us = 688.45 us (1462.03 GFLOPS/s)
MUL_MAT_VEC q8_0 m=5120 n=1 k=10240: 1 x 93.56 us = 93.56 us (1120.7 GFLOPS/s)
PAD: 1 x 6.52 us = 6.52 us
RMS_NORM_MUL RMS_NORM(256,24,1,1): 1 x 6 us = 6 us
RMS_NORM_MUL RMS_NORM(256,4,1,1): 1 x 5.12 us = 5.12 us
RMS_NORM_MUL RMS_NORM(5120,1,1,1): 5 x 3.928 us = 19.64 us
ROPE: 2 x 3.42 us = 6.84 us
SET_ROWS: 2 x 2.84 us = 5.68 us
SIGMOID_MUL SIGMOID: 1 x 1.56 us = 1.56 us
TOP_K K=10 (98304,1,1,1): 1 x 9.12 us = 9.12 us
Total time: 1426.13 us.
----------------
Vulkan Timings:
CONCAT: 1 x 1.68 us = 1.68 us
CONT: 1 x 3.76 us = 3.76 us
FLASH_ATTN_EXT dst(256,24,1,1),  q(256,1,24,1),  k(256,256,4,1),  v(256,256,4,1),  m(256,1,1,1): 1 x 13.96 us = 13.96 us (450.677 GFLOPS/s)
GET_ROWS: 3 x 8.726 us = 26.18 us
GLU: 1 x 1.84 us = 1.84 us
MUL_MAT f32 m=256 n=24 k=256: 1 x 1.68 us = 1.68 us (1868.8 GFLOPS/s)
MUL_MAT f32 m=64 n=16 k=64: 1 x 3.72 us = 3.72 us (34.9591 GFLOPS/s)
MUL_MAT f32 m=64 n=96 k=64: 1 x 3.76 us = 3.76 us (207.523 GFLOPS/s)
MUL_MAT_ADD MUL_MAT_VEC q6_K m=5120 n=1 k=17408: 1 x 123.64 us = 123.64 us (1441.71 GFLOPS/s)
MUL_MAT_ADD MUL_MAT_VEC q6_K m=5120 n=1 k=6144: 1 x 53.28 us = 53.28 us (1180.73 GFLOPS/s)
MUL_MAT_VEC f32 m=256 n=4 k=256: 1 x 3.16 us = 3.16 us (165.59 GFLOPS/s)
MUL_MAT_VEC q6_K m=1024 n=1 k=5120: 2 x 8.92 us = 17.84 us (1175.42 GFLOPS/s)
MUL_MAT_VEC q6_K m=12288 n=1 k=5120: 1 x 86.08 us = 86.08 us (1461.63 GFLOPS/s)
MUL_MAT_VEC q6_K m=17408 n=1 k=5120: 2 x 121.28 us = 242.56 us (1469.66 GFLOPS/s)
MUL_MAT_VEC q6_K m=98304 n=1 k=5120: 1 x 686.68 us = 686.68 us (1465.8 GFLOPS/s)
MUL_MAT_VEC q8_0 m=5120 n=1 k=10240: 1 x 102.4 us = 102.4 us (1023.95 GFLOPS/s)
PAD: 1 x 6.48 us = 6.48 us
RMS_NORM_MUL RMS_NORM(256,24,1,1): 1 x 5.56 us = 5.56 us
RMS_NORM_MUL RMS_NORM(256,4,1,1): 1 x 3.72 us = 3.72 us
RMS_NORM_MUL RMS_NORM(5120,1,1,1): 5 x 3.728 us = 18.64 us
ROPE: 2 x 3.7 us = 7.4 us
SET_ROWS: 2 x 2.94 us = 5.88 us
SIGMOID_MUL SIGMOID: 1 x 1.64 us = 1.64 us
TOP_K K=10 (98304,1,1,1): 1 x 9.16 us = 9.16 us
Total time: 1430.7 us.
----------------
Vulkan Timings:
CONCAT: 1 x 1.88 us = 1.88 us
CONT: 1 x 3.72 us = 3.72 us
FLASH_ATTN_EXT dst(256,24,1,1),  q(256,1,24,1),  k(256,256,4,1),  v(256,256,4,1),  m(256,1,1,1): 1 x 13.72 us = 13.72 us (458.561 GFLOPS/s)
GET_ROWS: 3 x 8.483 us = 25.45 us
GLU: 1 x 1.88 us = 1.88 us
MUL_MAT f32 m=256 n=24 k=256: 1 x 1.64 us = 1.64 us (1914.38 GFLOPS/s)
MUL_MAT f32 m=64 n=16 k=64: 1 x 3.72 us = 3.72 us (34.9591 GFLOPS/s)
MUL_MAT f32 m=64 n=96 k=64: 1 x 3.68 us = 3.68 us (212.035 GFLOPS/s)
MUL_MAT_ADD MUL_MAT_VEC q6_K m=5120 n=1 k=17408: 1 x 123.72 us = 123.72 us (1440.78 GFLOPS/s)
MUL_MAT_ADD MUL_MAT_VEC q6_K m=5120 n=1 k=6144: 1 x 53.92 us = 53.92 us (1166.72 GFLOPS/s)
MUL_MAT_VEC f32 m=256 n=4 k=256: 1 x 3.12 us = 3.12 us (167.713 GFLOPS/s)
MUL_MAT_VEC q6_K m=1024 n=1 k=5120: 2 x 8.88 us = 17.76 us (1180.71 GFLOPS/s)
MUL_MAT_VEC q6_K m=12288 n=1 k=5120: 1 x 85.44 us = 85.44 us (1472.58 GFLOPS/s)
MUL_MAT_VEC q6_K m=17408 n=1 k=5120: 2 x 121.02 us = 242.04 us (1472.82 GFLOPS/s)
MUL_MAT_VEC q6_K m=98304 n=1 k=5120: 1 x 674.27 us = 674.27 us (1492.78 GFLOPS/s)
MUL_MAT_VEC q8_0 m=5120 n=1 k=10240: 1 x 101.8 us = 101.8 us (1029.99 GFLOPS/s)
PAD: 1 x 8.76 us = 8.76 us
RMS_NORM_MUL RMS_NORM(256,24,1,1): 1 x 5.52 us = 5.52 us
RMS_NORM_MUL RMS_NORM(256,4,1,1): 1 x 3.72 us = 3.72 us
RMS_NORM_MUL RMS_NORM(5120,1,1,1): 5 x 3.688 us = 18.44 us
ROPE: 2 x 3.72 us = 7.44 us
SET_ROWS: 2 x 2.92 us = 5.84 us
SIGMOID_MUL SIGMOID: 1 x 1.64 us = 1.64 us
TOP_K K=10 (98304,1,1,1): 1 x 6.64 us = 6.64 us
Total time: 1415.76 us.
----------------
Vulkan Timings:
CONCAT: 1 x 1.64 us = 1.64 us
CONT: 1 x 3.72 us = 3.72 us
FLASH_ATTN_EXT dst(256,24,1,1),  q(256,1,24,1),  k(256,256,4,1),  v(256,256,4,1),  m(256,1,1,1): 1 x 13.8 us = 13.8 us (455.903 GFLOPS/s)
GET_ROWS: 3 x 4.893 us = 14.68 us
GLU: 1 x 1.8 us = 1.8 us
MUL_MAT f32 m=256 n=24 k=256: 1 x 1.6 us = 1.6 us (1962.24 GFLOPS/s)
MUL_MAT f32 m=64 n=16 k=64: 1 x 3.72 us = 3.72 us (34.9591 GFLOPS/s)
MUL_MAT f32 m=64 n=96 k=64: 1 x 3.72 us = 3.72 us (209.755 GFLOPS/s)
MUL_MAT_ADD MUL_MAT_VEC q6_K m=5120 n=1 k=17408: 1 x 123.88 us = 123.88 us (1438.92 GFLOPS/s)
MUL_MAT_ADD MUL_MAT_VEC q6_K m=5120 n=1 k=6144: 1 x 54.12 us = 54.12 us (1162.41 GFLOPS/s)
MUL_MAT_VEC f32 m=256 n=4 k=256: 1 x 3.12 us = 3.12 us (167.713 GFLOPS/s)
MUL_MAT_VEC q6_K m=1024 n=1 k=5120: 2 x 8.92 us = 17.84 us (1175.42 GFLOPS/s)
MUL_MAT_VEC q6_K m=12288 n=1 k=5120: 1 x 85.52 us = 85.52 us (1471.2 GFLOPS/s)
MUL_MAT_VEC q6_K m=17408 n=1 k=5120: 2 x 121.04 us = 242.08 us (1472.58 GFLOPS/s)
MUL_MAT_VEC q6_K m=98304 n=1 k=5120: 1 x 672.59 us = 672.59 us (1496.51 GFLOPS/s)
MUL_MAT_VEC q8_0 m=5120 n=1 k=10240: 1 x 101.24 us = 101.24 us (1035.68 GFLOPS/s)
PAD: 1 x 6.44 us = 6.44 us
RMS_NORM_MUL RMS_NORM(256,24,1,1): 1 x 5.56 us = 5.56 us
RMS_NORM_MUL RMS_NORM(256,4,1,1): 1 x 3.68 us = 3.68 us
RMS_NORM_MUL RMS_NORM(5120,1,1,1): 5 x 3.712 us = 18.56 us
ROPE: 2 x 3.68 us = 7.36 us
SET_ROWS: 2 x 2.94 us = 5.88 us
SIGMOID_MUL SIGMOID: 1 x 1.68 us = 1.68 us
TOP_K K=10 (98304,1,1,1): 1 x 8.92 us = 8.92 us
Total time: 1403.15 us.
----------------
Vulkan Timings:
ADD: 48 x 3.958 us = 190 us
CONT: 16 x 3.887 us = 62.2 us
FLASH_ATTN_EXT dst(256,24,5,1),  q(256,5,24,1),  k(256,256,4,1),  v(256,256,4,1),  m(256,5,1,1): 16 x 23.192 us = 371.08 us (1356.36 GFLOPS/s)
GDN_CACHE GATED_DELTA_NET: 48 x 13.633 us = 654.4 us
GDN_CONV_STATE CONCAT: 48 x 3.131 us = 150.32 us
GET_ROWS: 3 x 11.346 us = 34.04 us
GLU: 64 x 2.915 us = 186.6 us
MUL_MAT f32 m=256 n=120 k=256: 16 x 1.805 us = 28.88 us (8696.91 GFLOPS/s)
MUL_MAT f32 m=256 n=20 k=256: 16 x 3.575 us = 57.2 us (731.838 GFLOPS/s)
MUL_MAT f32 m=64 n=480 k=64: 16 x 3.762 us = 60.2 us (1036.93 GFLOPS/s)
MUL_MAT f32 m=64 n=80 k=64: 16 x 3.452 us = 55.24 us (188.339 GFLOPS/s)
MUL_MAT_ADD MUL_MAT_VEC q6_K m=5120 n=5 k=17408: 64 x 206.675 us = 13227.2 us (4312.38 GFLOPS/s)
MUL_MAT_ADD MUL_MAT_VEC q6_K m=5120 n=5 k=6144: 16 x 78.017 us = 1248.28 us (4031.75 GFLOPS/s)
MUL_MAT_VEC f32 m=48 n=5 k=5120: 96 x 4.32 us = 414.76 us (568.778 GFLOPS/s)
MUL_MAT_VEC q6_K m=1024 n=5 k=5120: 32 x 12.283 us = 393.08 us (4267.73 GFLOPS/s)
MUL_MAT_VEC q6_K m=10240 n=5 k=5120: 48 x 110.047 us = 5282.28 us (4763.73 GFLOPS/s)
MUL_MAT_VEC q6_K m=12288 n=5 k=5120: 16 x 140.63 us = 2250.08 us (4473.33 GFLOPS/s)
MUL_MAT_VEC q6_K m=17408 n=5 k=5120: 128 x 182.781 us = 23396 us (4875.79 GFLOPS/s)
MUL_MAT_VEC q6_K m=248320 n=5 k=5120: 1 x 2404.04 us = 2404.04 us (5288.07 GFLOPS/s)
MUL_MAT_VEC q6_K m=6144 n=5 k=5120: 48 x 71.911 us = 3451.76 us (4374.01 GFLOPS/s)
MUL_MAT_VEC q8_0 m=5120 n=5 k=6144: 48 x 63.253 us = 3036.16 us (4972.82 GFLOPS/s)
RMS_NORM_MUL RMS_NORM(256,24,5,1): 16 x 3.832 us = 61.32 us
RMS_NORM_MUL RMS_NORM(256,4,5,1): 16 x 4.057 us = 64.92 us
RMS_NORM_MUL RMS_NORM(5120,5,1,1): 129 x 4.333 us = 558.96 us
RMS_NORM_MUL_SILU_MUL RMS_NORM(128,48,5,1): 48 x 5.873 us = 281.92 us
RMS_NORM_SCALE RMS_NORM(128,16,5,1): 96 x 2.633 us = 252.8 us
ROPE: 32 x 3.936 us = 125.96 us
SET_ROWS: 32 x 2.912 us = 93.2 us
SIGMOID_MUL SIGMOID: 16 x 3.782 us = 60.52 us
SSM_CONV_SILU SSM_CONV: 48 x 4.84 us = 232.36 us
Total time: 58685.8 us.
----------------
Vulkan Timings:
CONCAT: 1 x 3.84 us = 3.84 us
CONT: 1 x 3.76 us = 3.76 us
FLASH_ATTN_EXT dst(256,24,5,1),  q(256,5,24,1),  k(256,256,4,1),  v(256,256,4,1),  m(256,5,1,1): 1 x 25 us = 25 us (1258.29 GFLOPS/s)
GET_ROWS: 1 x 6.72 us = 6.72 us
GLU: 1 x 1.48 us = 1.48 us
MUL_MAT f32 m=256 n=120 k=256: 1 x 2.08 us = 2.08 us (7547.08 GFLOPS/s)
MUL_MAT f32 m=256 n=20 k=256: 1 x 0.76 us = 0.76 us (3442.53 GFLOPS/s)
MUL_MAT f32 m=64 n=480 k=64: 1 x 3.76 us = 3.76 us (1037.62 GFLOPS/s)
MUL_MAT f32 m=64 n=80 k=64: 1 x 3.8 us = 3.8 us (171.116 GFLOPS/s)
MUL_MAT_ADD MUL_MAT_VEC q6_K m=5120 n=5 k=17408: 1 x 231.55 us = 231.55 us (3849.12 GFLOPS/s)
MUL_MAT_ADD MUL_MAT_VEC q6_K m=5120 n=5 k=6144: 1 x 86.56 us = 86.56 us (3633.86 GFLOPS/s)
MUL_MAT_VEC q6_K m=1024 n=5 k=5120: 2 x 16.04 us = 32.08 us (3268.31 GFLOPS/s)
MUL_MAT_VEC q6_K m=12288 n=5 k=5120: 1 x 153.87 us = 153.87 us (4088.41 GFLOPS/s)
MUL_MAT_VEC q6_K m=17408 n=5 k=5120: 2 x 181.72 us = 363.44 us (4904.26 GFLOPS/s)
MUL_MAT_VEC q8_0 m=5120 n=5 k=10240: 1 x 106 us = 106 us (4945.87 GFLOPS/s)
RMS_NORM_MUL RMS_NORM(256,24,5,1): 1 x 3.88 us = 3.88 us
RMS_NORM_MUL RMS_NORM(256,4,5,1): 1 x 3.76 us = 3.76 us
RMS_NORM_MUL RMS_NORM(5120,5,1,1): 5 x 8.984 us = 44.92 us
ROPE: 2 x 3.82 us = 7.64 us
SET_ROWS: 2 x 3.16 us = 6.32 us
SIGMOID_MUL SIGMOID: 1 x 1.68 us = 1.68 us
Total time: 1092.9 us.
----------------
Vulkan Timings:
CONCAT: 1 x 1.6 us = 1.6 us
CONT: 1 x 3.44 us = 3.44 us
FLASH_ATTN_EXT dst(256,24,1,1),  q(256,1,24,1),  k(256,256,4,1),  v(256,256,4,1),  m(256,1,1,1): 1 x 13.36 us = 13.36 us (470.917 GFLOPS/s)
GET_ROWS: 3 x 4.88 us = 14.64 us
GLU: 1 x 1.68 us = 1.68 us
MUL_MAT f32 m=256 n=24 k=256: 1 x 1.56 us = 1.56 us (2012.55 GFLOPS/s)
MUL_MAT f32 m=64 n=16 k=64: 1 x 3.36 us = 3.36 us (38.7048 GFLOPS/s)
MUL_MAT f32 m=64 n=96 k=64: 1 x 3.16 us = 3.16 us (246.927 GFLOPS/s)
MUL_MAT_ADD MUL_MAT_VEC q6_K m=5120 n=1 k=17408: 1 x 129.32 us = 129.32 us (1378.39 GFLOPS/s)
MUL_MAT_ADD MUL_MAT_VEC q6_K m=5120 n=1 k=6144: 1 x 53.56 us = 53.56 us (1174.56 GFLOPS/s)
MUL_MAT_VEC f32 m=256 n=4 k=256: 1 x 2.96 us = 2.96 us (176.778 GFLOPS/s)
MUL_MAT_VEC q6_K m=1024 n=1 k=5120: 2 x 8.98 us = 17.96 us (1167.57 GFLOPS/s)
MUL_MAT_VEC q6_K m=12288 n=1 k=5120: 1 x 89.64 us = 89.64 us (1403.58 GFLOPS/s)
MUL_MAT_VEC q6_K m=17408 n=1 k=5120: 2 x 118.32 us = 236.64 us (1506.43 GFLOPS/s)
MUL_MAT_VEC q6_K m=98304 n=1 k=5120: 1 x 671.42 us = 671.42 us (1499.11 GFLOPS/s)
MUL_MAT_VEC q8_0 m=5120 n=1 k=10240: 1 x 94.24 us = 94.24 us (1112.61 GFLOPS/s)
PAD: 1 x 7.04 us = 7.04 us
RMS_NORM_MUL RMS_NORM(256,24,1,1): 1 x 5.68 us = 5.68 us
RMS_NORM_MUL RMS_NORM(256,4,1,1): 1 x 3.44 us = 3.44 us
RMS_NORM_MUL RMS_NORM(5120,1,1,1): 5 x 4 us = 20 us
ROPE: 2 x 3.34 us = 6.68 us
SET_ROWS: 2 x 2.8 us = 5.6 us
SIGMOID_MUL SIGMOID: 1 x 1.56 us = 1.56 us
TOP_K K=10 (98304,1,1,1): 1 x 9.36 us = 9.36 us
Total time: 1397.9 us.
----------------
Vulkan Timings:
CONCAT: 1 x 1.64 us = 1.64 us
CONT: 1 x 3.56 us = 3.56 us
FLASH_ATTN_EXT dst(256,24,1,1),  q(256,1,24,1),  k(256,256,4,1),  v(256,256,4,1),  m(256,1,1,1): 1 x 13.72 us = 13.72 us (458.561 GFLOPS/s)
GET_ROWS: 3 x 4.813 us = 14.44 us
GLU: 1 x 1.84 us = 1.84 us
MUL_MAT f32 m=256 n=24 k=256: 1 x 1.6 us = 1.6 us (1962.24 GFLOPS/s)
MUL_MAT f32 m=64 n=16 k=64: 1 x 3.6 us = 3.6 us (36.1244 GFLOPS/s)
MUL_MAT f32 m=64 n=96 k=64: 1 x 3.56 us = 3.56 us (219.182 GFLOPS/s)
MUL_MAT_ADD MUL_MAT_VEC q6_K m=5120 n=1 k=17408: 1 x 123.56 us = 123.56 us (1442.64 GFLOPS/s)
MUL_MAT_ADD MUL_MAT_VEC q6_K m=5120 n=1 k=6144: 1 x 54.04 us = 54.04 us (1164.13 GFLOPS/s)
MUL_MAT_VEC f32 m=256 n=4 k=256: 1 x 2.96 us = 2.96 us (176.778 GFLOPS/s)
MUL_MAT_VEC q6_K m=1024 n=1 k=5120: 2 x 8.88 us = 17.76 us (1180.71 GFLOPS/s)
MUL_MAT_VEC q6_K m=12288 n=1 k=5120: 1 x 85.52 us = 85.52 us (1471.2 GFLOPS/s)
MUL_MAT_VEC q6_K m=17408 n=1 k=5120: 2 x 121.3 us = 242.6 us (1469.42 GFLOPS/s)
MUL_MAT_VEC q6_K m=98304 n=1 k=5120: 1 x 673.88 us = 673.88 us (1493.64 GFLOPS/s)
MUL_MAT_VEC q8_0 m=5120 n=1 k=10240: 1 x 100.6 us = 100.6 us (1042.27 GFLOPS/s)
PAD: 1 x 6.36 us = 6.36 us
RMS_NORM_MUL RMS_NORM(256,24,1,1): 1 x 5.24 us = 5.24 us
RMS_NORM_MUL RMS_NORM(256,4,1,1): 1 x 3.56 us = 3.56 us
RMS_NORM_MUL RMS_NORM(5120,1,1,1): 5 x 3.744 us = 18.72 us
ROPE: 2 x 3.54 us = 7.08 us
SET_ROWS: 2 x 2.88 us = 5.76 us
SIGMOID_MUL SIGMOID: 1 x 1.72 us = 1.72 us
TOP_K K=10 (98304,1,1,1): 1 x 9.24 us = 9.24 us
Total time: 1402.56 us.
----------------
Vulkan Timings:
CONCAT: 1 x 1.68 us = 1.68 us
CONT: 1 x 3.6 us = 3.6 us
FLASH_ATTN_EXT dst(256,24,1,1),  q(256,1,24,1),  k(256,256,4,1),  v(256,256,4,1),  m(256,1,1,1): 1 x 13.76 us = 13.76 us (457.228 GFLOPS/s)
GET_ROWS: 3 x 5.56 us = 16.68 us
GLU: 1 x 1.76 us = 1.76 us
MUL_MAT f32 m=256 n=24 k=256: 1 x 1.6 us = 1.6 us (1962.24 GFLOPS/s)
MUL_MAT f32 m=64 n=16 k=64: 1 x 3.56 us = 3.56 us (36.5303 GFLOPS/s)
MUL_MAT f32 m=64 n=96 k=64: 1 x 3.6 us = 3.6 us (216.747 GFLOPS/s)
MUL_MAT_ADD MUL_MAT_VEC q6_K m=5120 n=1 k=17408: 1 x 123.8 us = 123.8 us (1439.84 GFLOPS/s)
MUL_MAT_ADD MUL_MAT_VEC q6_K m=5120 n=1 k=6144: 1 x 52.56 us = 52.56 us (1196.91 GFLOPS/s)
MUL_MAT_VEC f32 m=256 n=4 k=256: 1 x 2.96 us = 2.96 us (176.778 GFLOPS/s)
MUL_MAT_VEC q6_K m=1024 n=1 k=5120: 2 x 8.78 us = 17.56 us (1194.16 GFLOPS/s)
MUL_MAT_VEC q6_K m=12288 n=1 k=5120: 1 x 85.44 us = 85.44 us (1472.58 GFLOPS/s)
MUL_MAT_VEC q6_K m=17408 n=1 k=5120: 2 x 121.36 us = 242.72 us (1468.69 GFLOPS/s)
MUL_MAT_VEC q6_K m=98304 n=1 k=5120: 1 x 670.95 us = 670.95 us (1500.16 GFLOPS/s)
MUL_MAT_VEC q8_0 m=5120 n=1 k=10240: 1 x 100.6 us = 100.6 us (1042.27 GFLOPS/s)
PAD: 1 x 6.2 us = 6.2 us
RMS_NORM_MUL RMS_NORM(256,24,1,1): 1 x 5.2 us = 5.2 us
RMS_NORM_MUL RMS_NORM(256,4,1,1): 1 x 3.56 us = 3.56 us
RMS_NORM_MUL RMS_NORM(5120,1,1,1): 5 x 3.648 us = 18.24 us
ROPE: 2 x 3.56 us = 7.12 us
SET_ROWS: 2 x 2.88 us = 5.76 us
SIGMOID_MUL SIGMOID: 1 x 2.6 us = 2.6 us
TOP_K K=10 (98304,1,1,1): 1 x 8.48 us = 8.48 us
Total time: 1399.99 us.
----------------
Vulkan Timings:
CONCAT: 1 x 1.64 us = 1.64 us
CONT: 1 x 3.56 us = 3.56 us
FLASH_ATTN_EXT dst(256,24,1,1),  q(256,1,24,1),  k(256,256,4,1),  v(256,256,4,1),  m(256,1,1,1): 1 x 13.64 us = 13.64 us (461.25 GFLOPS/s)
GET_ROWS: 3 x 4.84 us = 14.52 us
GLU: 1 x 1.92 us = 1.92 us
MUL_MAT f32 m=256 n=24 k=256: 1 x 1.68 us = 1.68 us (1868.8 GFLOPS/s)
MUL_MAT f32 m=64 n=16 k=64: 1 x 3.6 us = 3.6 us (36.1244 GFLOPS/s)
MUL_MAT f32 m=64 n=96 k=64: 1 x 3.56 us = 3.56 us (219.182 GFLOPS/s)
MUL_MAT_ADD MUL_MAT_VEC q6_K m=5120 n=1 k=17408: 1 x 125.08 us = 125.08 us (1425.11 GFLOPS/s)
MUL_MAT_ADD MUL_MAT_VEC q6_K m=5120 n=1 k=6144: 1 x 53.88 us = 53.88 us (1167.58 GFLOPS/s)
MUL_MAT_VEC f32 m=256 n=4 k=256: 1 x 2.96 us = 2.96 us (176.778 GFLOPS/s)
MUL_MAT_VEC q6_K m=1024 n=1 k=5120: 2 x 6.8 us = 13.6 us (1541.87 GFLOPS/s)
MUL_MAT_VEC q6_K m=12288 n=1 k=5120: 1 x 93.92 us = 93.92 us (1339.62 GFLOPS/s)
MUL_MAT_VEC q6_K m=17408 n=1 k=5120: 2 x 121.26 us = 242.52 us (1469.9 GFLOPS/s)
MUL_MAT_VEC q6_K m=98304 n=1 k=5120: 1 x 673.28 us = 673.28 us (1494.97 GFLOPS/s)
MUL_MAT_VEC q8_0 m=5120 n=1 k=10240: 1 x 101.04 us = 101.04 us (1037.73 GFLOPS/s)
PAD: 1 x 6.32 us = 6.32 us
RMS_NORM_MUL RMS_NORM(256,24,1,1): 1 x 3.56 us = 3.56 us
RMS_NORM_MUL RMS_NORM(256,4,1,1): 1 x 3.56 us = 3.56 us
RMS_NORM_MUL RMS_NORM(5120,1,1,1): 5 x 3.624 us = 18.12 us
ROPE: 2 x 3.56 us = 7.12 us
SET_ROWS: 2 x 2.9 us = 5.8 us
SIGMOID_MUL SIGMOID: 1 x 1.64 us = 1.64 us
TOP_K K=10 (98304,1,1,1): 1 x 8.76 us = 8.76 us
Total time: 1405.28 us.
----------------
Vulkan Timings:
ADD: 48 x 3.82 us = 183.4 us
CONT: 16 x 3.745 us = 59.92 us
FLASH_ATTN_EXT dst(256,24,5,1),  q(256,5,24,1),  k(256,256,4,1),  v(256,256,4,1),  m(256,5,1,1): 16 x 23.205 us = 371.28 us (1355.63 GFLOPS/s)
GDN_CACHE GATED_DELTA_NET: 48 x 14.439 us = 693.08 us
GDN_CONV_STATE CONCAT: 48 x 3.264 us = 156.68 us
GET_ROWS: 3 x 11.453 us = 34.36 us
GLU: 64 x 2.766 us = 177.08 us
MUL_MAT f32 m=256 n=120 k=256: 16 x 1.805 us = 28.88 us (8696.91 GFLOPS/s)
MUL_MAT f32 m=256 n=20 k=256: 16 x 3.43 us = 54.88 us (762.776 GFLOPS/s)
MUL_MAT f32 m=64 n=480 k=64: 16 x 3.61 us = 57.76 us (1080.73 GFLOPS/s)
MUL_MAT f32 m=64 n=80 k=64: 16 x 3.437 us = 55 us (189.161 GFLOPS/s)
MUL_MAT_ADD MUL_MAT_VEC q6_K m=5120 n=5 k=17408: 64 x 207.444 us = 13276.4 us (4296.4 GFLOPS/s)
MUL_MAT_ADD MUL_MAT_VEC q6_K m=5120 n=5 k=6144: 16 x 77.91 us = 1246.56 us (4037.31 GFLOPS/s)
MUL_MAT_VEC f32 m=48 n=5 k=5120: 96 x 4.403 us = 422.72 us (558.068 GFLOPS/s)
MUL_MAT_VEC q6_K m=1024 n=5 k=5120: 32 x 12.212 us = 390.8 us (4292.62 GFLOPS/s)
MUL_MAT_VEC q6_K m=10240 n=5 k=5120: 48 x 110.027 us = 5281.32 us (4764.6 GFLOPS/s)
MUL_MAT_VEC q6_K m=12288 n=5 k=5120: 16 x 140.767 us = 2252.28 us (4468.96 GFLOPS/s)
MUL_MAT_VEC q6_K m=17408 n=5 k=5120: 128 x 183.014 us = 23425.8 us (4869.59 GFLOPS/s)
MUL_MAT_VEC q6_K m=248320 n=5 k=5120: 1 x 2421.92 us = 2421.92 us (5249.03 GFLOPS/s)
MUL_MAT_VEC q6_K m=6144 n=5 k=5120: 48 x 71.193 us = 3417.28 us (4418.14 GFLOPS/s)
MUL_MAT_VEC q8_0 m=5120 n=5 k=6144: 48 x 63.03 us = 3025.48 us (4990.37 GFLOPS/s)
RMS_NORM_MUL RMS_NORM(256,24,5,1): 16 x 3.687 us = 59 us
RMS_NORM_MUL RMS_NORM(256,4,5,1): 16 x 3.802 us = 60.84 us
RMS_NORM_MUL RMS_NORM(5120,5,1,1): 129 x 4.239 us = 546.88 us
RMS_NORM_MUL_SILU_MUL RMS_NORM(128,48,5,1): 48 x 5.586 us = 268.16 us
RMS_NORM_SCALE RMS_NORM(128,16,5,1): 96 x 2.511 us = 241.12 us
ROPE: 32 x 3.792 us = 121.36 us
SET_ROWS: 32 x 2.862 us = 91.6 us
SIGMOID_MUL SIGMOID: 16 x 3.647 us = 58.36 us
SSM_CONV_SILU SSM_CONV: 48 x 4.69 us = 225.12 us
Total time: 58705.4 us.
----------------
Vulkan Timings:
CONCAT: 1 x 4.08 us = 4.08 us
CONT: 1 x 3.68 us = 3.68 us
FLASH_ATTN_EXT dst(256,24,5,1),  q(256,5,24,1),  k(256,256,4,1),  v(256,256,4,1),  m(256,5,1,1): 1 x 23.48 us = 23.48 us (1339.75 GFLOPS/s)
GET_ROWS: 1 x 6.44 us = 6.44 us
GLU: 1 x 1.56 us = 1.56 us
MUL_MAT f32 m=256 n=120 k=256: 1 x 1.72 us = 1.72 us (9126.7 GFLOPS/s)
MUL_MAT f32 m=256 n=20 k=256: 1 x 3.04 us = 3.04 us (860.632 GFLOPS/s)
MUL_MAT f32 m=64 n=480 k=64: 1 x 3.68 us = 3.68 us (1060.17 GFLOPS/s)
MUL_MAT f32 m=64 n=80 k=64: 1 x 3.64 us = 3.64 us (178.637 GFLOPS/s)
MUL_MAT_ADD MUL_MAT_VEC q6_K m=5120 n=5 k=17408: 1 x 232.16 us = 232.16 us (3839.01 GFLOPS/s)
MUL_MAT_ADD MUL_MAT_VEC q6_K m=5120 n=5 k=6144: 1 x 87.28 us = 87.28 us (3603.89 GFLOPS/s)
MUL_MAT_VEC q6_K m=1024 n=5 k=5120: 2 x 15.84 us = 31.68 us (3309.58 GFLOPS/s)
MUL_MAT_VEC q6_K m=12288 n=5 k=5120: 1 x 154.83 us = 154.83 us (4063.06 GFLOPS/s)
MUL_MAT_VEC q6_K m=17408 n=5 k=5120: 2 x 183.96 us = 367.92 us (4844.55 GFLOPS/s)
MUL_MAT_VEC q8_0 m=5120 n=5 k=10240: 1 x 104.52 us = 104.52 us (5015.91 GFLOPS/s)
RMS_NORM_MUL RMS_NORM(256,24,5,1): 1 x 3.8 us = 3.8 us
RMS_NORM_MUL RMS_NORM(256,4,5,1): 1 x 3.64 us = 3.64 us
RMS_NORM_MUL RMS_NORM(5120,5,1,1): 5 x 9.166 us = 45.83 us
ROPE: 2 x 3.64 us = 7.28 us
SET_ROWS: 2 x 2.94 us = 5.88 us
SIGMOID_MUL SIGMOID: 1 x 1.68 us = 1.68 us
Total time: 1097.82 us.
----------------
Vulkan Timings:
CONCAT: 1 x 1.72 us = 1.72 us
CONT: 1 x 3.64 us = 3.64 us
FLASH_ATTN_EXT dst(256,24,1,1),  q(256,1,24,1),  k(256,256,4,1),  v(256,256,4,1),  m(256,1,1,1): 1 x 13.52 us = 13.52 us (465.344 GFLOPS/s)
GET_ROWS: 3 x 5.853 us = 17.56 us
GLU: 1 x 1.6 us = 1.6 us
MUL_MAT f32 m=256 n=24 k=256: 1 x 1.56 us = 1.56 us (2012.55 GFLOPS/s)
MUL_MAT f32 m=64 n=16 k=64: 1 x 1.76 us = 1.76 us (73.8909 GFLOPS/s)
MUL_MAT f32 m=64 n=96 k=64: 1 x 3.32 us = 3.32 us (235.027 GFLOPS/s)
MUL_MAT_ADD MUL_MAT_VEC q6_K m=5120 n=1 k=17408: 1 x 130.4 us = 130.4 us (1366.97 GFLOPS/s)
MUL_MAT_ADD MUL_MAT_VEC q6_K m=5120 n=1 k=6144: 1 x 53.64 us = 53.64 us (1172.81 GFLOPS/s)
MUL_MAT_VEC f32 m=256 n=4 k=256: 1 x 3.12 us = 3.12 us (167.713 GFLOPS/s)
MUL_MAT_VEC q6_K m=1024 n=1 k=5120: 2 x 8.92 us = 17.84 us (1175.42 GFLOPS/s)
MUL_MAT_VEC q6_K m=12288 n=1 k=5120: 1 x 89.92 us = 89.92 us (1399.21 GFLOPS/s)
MUL_MAT_VEC q6_K m=17408 n=1 k=5120: 2 x 117.82 us = 235.64 us (1512.82 GFLOPS/s)
MUL_MAT_VEC q6_K m=98304 n=1 k=5120: 1 x 674.58 us = 674.58 us (1492.09 GFLOPS/s)
MUL_MAT_VEC q8_0 m=5120 n=1 k=10240: 1 x 93.6 us = 93.6 us (1120.22 GFLOPS/s)
PAD: 1 x 6.48 us = 6.48 us
RMS_NORM_MUL RMS_NORM(256,24,1,1): 1 x 5.96 us = 5.96 us
RMS_NORM_MUL RMS_NORM(256,4,1,1): 1 x 5.16 us = 5.16 us
RMS_NORM_MUL RMS_NORM(5120,1,1,1): 5 x 3.976 us = 19.88 us
ROPE: 2 x 3.44 us = 6.88 us
SET_ROWS: 2 x 2.82 us = 5.64 us
SIGMOID_MUL SIGMOID: 1 x 1.56 us = 1.56 us
TOP_K K=10 (98304,1,1,1): 1 x 9.2 us = 9.2 us
Total time: 1404.18 us.
----------------
Vulkan Timings:
CONCAT: 1 x 1.64 us = 1.64 us
CONT: 1 x 3.72 us = 3.72 us
FLASH_ATTN_EXT dst(256,24,1,1),  q(256,1,24,1),  k(256,256,4,1),  v(256,256,4,1),  m(256,1,1,1): 1 x 13.6 us = 13.6 us (462.607 GFLOPS/s)
GET_ROWS: 3 x 5.026 us = 15.08 us
GLU: 1 x 1.84 us = 1.84 us
MUL_MAT f32 m=256 n=24 k=256: 1 x 1.72 us = 1.72 us (1825.34 GFLOPS/s)
MUL_MAT f32 m=64 n=16 k=64: 1 x 3.72 us = 3.72 us (34.9591 GFLOPS/s)
MUL_MAT f32 m=64 n=96 k=64: 1 x 3.68 us = 3.68 us (212.035 GFLOPS/s)
MUL_MAT_ADD MUL_MAT_VEC q6_K m=5120 n=1 k=17408: 1 x 123.96 us = 123.96 us (1437.99 GFLOPS/s)
MUL_MAT_ADD MUL_MAT_VEC q6_K m=5120 n=1 k=6144: 1 x 53.92 us = 53.92 us (1166.72 GFLOPS/s)
MUL_MAT_VEC f32 m=256 n=4 k=256: 1 x 3.12 us = 3.12 us (167.713 GFLOPS/s)
MUL_MAT_VEC q6_K m=1024 n=1 k=5120: 2 x 8.78 us = 17.56 us (1194.16 GFLOPS/s)
MUL_MAT_VEC q6_K m=12288 n=1 k=5120: 1 x 85.36 us = 85.36 us (1473.96 GFLOPS/s)
MUL_MAT_VEC q6_K m=17408 n=1 k=5120: 2 x 121.12 us = 242.24 us (1471.6 GFLOPS/s)
MUL_MAT_VEC q6_K m=98304 n=1 k=5120: 1 x 674.41 us = 674.41 us (1492.47 GFLOPS/s)
MUL_MAT_VEC q8_0 m=5120 n=1 k=10240: 1 x 102.44 us = 102.44 us (1023.55 GFLOPS/s)
PAD: 1 x 6.48 us = 6.48 us
RMS_NORM_MUL RMS_NORM(256,24,1,1): 1 x 5.56 us = 5.56 us
RMS_NORM_MUL RMS_NORM(256,4,1,1): 1 x 3.76 us = 3.76 us
RMS_NORM_MUL RMS_NORM(5120,1,1,1): 5 x 3.656 us = 18.28 us
ROPE: 2 x 3.7 us = 7.4 us
SET_ROWS: 2 x 2.92 us = 5.84 us
SIGMOID_MUL SIGMOID: 1 x 1.64 us = 1.64 us
TOP_K K=10 (98304,1,1,1): 1 x 8.96 us = 8.96 us
Total time: 1405.93 us.
----------------
Vulkan Timings:
CONCAT: 1 x 1.64 us = 1.64 us
CONT: 1 x 3.72 us = 3.72 us
FLASH_ATTN_EXT dst(256,24,1,1),  q(256,1,24,1),  k(256,256,4,1),  v(256,256,4,1),  m(256,1,1,1): 1 x 13.88 us = 13.88 us (453.275 GFLOPS/s)
GET_ROWS: 3 x 4.92 us = 14.76 us
GLU: 1 x 1.84 us = 1.84 us
MUL_MAT f32 m=256 n=24 k=256: 1 x 1.6 us = 1.6 us (1962.24 GFLOPS/s)
MUL_MAT f32 m=64 n=16 k=64: 1 x 3.72 us = 3.72 us (34.9591 GFLOPS/s)
MUL_MAT f32 m=64 n=96 k=64: 1 x 3.72 us = 3.72 us (209.755 GFLOPS/s)
MUL_MAT_ADD MUL_MAT_VEC q6_K m=5120 n=1 k=17408: 1 x 124.48 us = 124.48 us (1431.98 GFLOPS/s)
MUL_MAT_ADD MUL_MAT_VEC q6_K m=5120 n=1 k=6144: 1 x 53.48 us = 53.48 us (1176.32 GFLOPS/s)
MUL_MAT_VEC f32 m=256 n=4 k=256: 1 x 3.12 us = 3.12 us (167.713 GFLOPS/s)
MUL_MAT_VEC q6_K m=1024 n=1 k=5120: 2 x 8.72 us = 17.44 us (1202.38 GFLOPS/s)
MUL_MAT_VEC q6_K m=12288 n=1 k=5120: 1 x 85.4 us = 85.4 us (1473.27 GFLOPS/s)
MUL_MAT_VEC q6_K m=17408 n=1 k=5120: 2 x 121.3 us = 242.6 us (1469.42 GFLOPS/s)
MUL_MAT_VEC q6_K m=98304 n=1 k=5120: 1 x 672.75 us = 672.75 us (1496.15 GFLOPS/s)
MUL_MAT_VEC q8_0 m=5120 n=1 k=10240: 1 x 101.2 us = 101.2 us (1036.09 GFLOPS/s)
PAD: 1 x 6.48 us = 6.48 us
RMS_NORM_MUL RMS_NORM(256,24,1,1): 1 x 5.52 us = 5.52 us
RMS_NORM_MUL RMS_NORM(256,4,1,1): 1 x 3.68 us = 3.68 us
RMS_NORM_MUL RMS_NORM(5120,1,1,1): 5 x 3.696 us = 18.48 us
ROPE: 2 x 3.68 us = 7.36 us
SET_ROWS: 2 x 2.94 us = 5.88 us
SIGMOID_MUL SIGMOID: 1 x 1.68 us = 1.68 us
TOP_K K=10 (98304,1,1,1): 1 x 9.12 us = 9.12 us
Total time: 1403.55 us.
----------------
Vulkan Timings:
CONCAT: 1 x 1.68 us = 1.68 us
CONT: 1 x 3.72 us = 3.72 us
FLASH_ATTN_EXT dst(256,24,1,1),  q(256,1,24,1),  k(256,256,4,1),  v(256,256,4,1),  m(256,1,1,1): 1 x 13.92 us = 13.92 us (451.972 GFLOPS/s)
GET_ROWS: 3 x 4.866 us = 14.6 us
GLU: 1 x 1.88 us = 1.88 us
MUL_MAT f32 m=256 n=24 k=256: 1 x 1.68 us = 1.68 us (1868.8 GFLOPS/s)
MUL_MAT f32 m=64 n=16 k=64: 1 x 3.68 us = 3.68 us (35.3391 GFLOPS/s)
MUL_MAT f32 m=64 n=96 k=64: 1 x 3.72 us = 3.72 us (209.755 GFLOPS/s)
MUL_MAT_ADD MUL_MAT_VEC q6_K m=5120 n=1 k=17408: 1 x 123.56 us = 123.56 us (1442.64 GFLOPS/s)
MUL_MAT_ADD MUL_MAT_VEC q6_K m=5120 n=1 k=6144: 1 x 53.88 us = 53.88 us (1167.58 GFLOPS/s)
MUL_MAT_VEC f32 m=256 n=4 k=256: 1 x 3.12 us = 3.12 us (167.713 GFLOPS/s)
MUL_MAT_VEC q6_K m=1024 n=1 k=5120: 2 x 8.84 us = 17.68 us (1186.06 GFLOPS/s)
MUL_MAT_VEC q6_K m=12288 n=1 k=5120: 1 x 85.8 us = 85.8 us (1466.4 GFLOPS/s)
MUL_MAT_VEC q6_K m=17408 n=1 k=5120: 2 x 121.06 us = 242.12 us (1472.33 GFLOPS/s)
MUL_MAT_VEC q6_K m=98304 n=1 k=5120: 1 x 673.48 us = 673.48 us (1494.53 GFLOPS/s)
MUL_MAT_VEC q8_0 m=5120 n=1 k=10240: 1 x 101.24 us = 101.24 us (1035.68 GFLOPS/s)
PAD: 1 x 6.44 us = 6.44 us
RMS_NORM_MUL RMS_NORM(256,24,1,1): 1 x 5.48 us = 5.48 us
RMS_NORM_MUL RMS_NORM(256,4,1,1): 1 x 3.72 us = 3.72 us
RMS_NORM_MUL RMS_NORM(5120,1,1,1): 5 x 3.712 us = 18.56 us
ROPE: 2 x 3.68 us = 7.36 us
SET_ROWS: 2 x 2.96 us = 5.92 us
SIGMOID_MUL SIGMOID: 1 x 1.64 us = 1.64 us
TOP_K K=10 (98304,1,1,1): 1 x 8.92 us = 8.92 us
Total time: 1403.8 us.
----------------
Vulkan Timings:
ADD: 48 x 3.982 us = 191.16 us
CONT: 16 x 3.89 us = 62.24 us
FLASH_ATTN_EXT dst(256,24,5,1),  q(256,5,24,1),  k(256,256,4,1),  v(256,256,4,1),  m(256,5,1,1): 16 x 23.242 us = 371.88 us (1353.44 GFLOPS/s)
GDN_CACHE GATED_DELTA_NET: 48 x 13.822 us = 663.48 us
GDN_CONV_STATE CONCAT: 48 x 3.138 us = 150.64 us
GET_ROWS: 3 x 11.333 us = 34 us
GLU: 64 x 2.886 us = 184.72 us
MUL_MAT f32 m=256 n=120 k=256: 16 x 1.815 us = 29.04 us (8648.99 GFLOPS/s)
MUL_MAT f32 m=256 n=20 k=256: 16 x 3.577 us = 57.24 us (731.326 GFLOPS/s)
MUL_MAT f32 m=64 n=480 k=64: 16 x 3.757 us = 60.12 us (1038.31 GFLOPS/s)
MUL_MAT f32 m=64 n=80 k=64: 16 x 3.48 us = 55.68 us (186.851 GFLOPS/s)
MUL_MAT_ADD MUL_MAT_VEC q6_K m=5120 n=5 k=17408: 64 x 207.11 us = 13255 us (4303.34 GFLOPS/s)
MUL_MAT_ADD MUL_MAT_VEC q6_K m=5120 n=5 k=6144: 16 x 77.485 us = 1239.76 us (4059.46 GFLOPS/s)
MUL_MAT_VEC f32 m=48 n=5 k=5120: 96 x 4.389 us = 421.4 us (559.816 GFLOPS/s)
MUL_MAT_VEC q6_K m=1024 n=5 k=5120: 32 x 12.243 us = 391.8 us (4281.67 GFLOPS/s)
MUL_MAT_VEC q6_K m=10240 n=5 k=5120: 48 x 110.08 us = 5283.88 us (4762.29 GFLOPS/s)
MUL_MAT_VEC q6_K m=12288 n=5 k=5120: 16 x 140.52 us = 2248.32 us (4476.83 GFLOPS/s)
MUL_MAT_VEC q6_K m=17408 n=5 k=5120: 128 x 183.157 us = 23444.2 us (4865.76 GFLOPS/s)
MUL_MAT_VEC q6_K m=248320 n=5 k=5120: 1 x 2416.16 us = 2416.16 us (5261.55 GFLOPS/s)
MUL_MAT_VEC q6_K m=6144 n=5 k=5120: 48 x 71.996 us = 3455.84 us (4368.84 GFLOPS/s)
MUL_MAT_VEC q8_0 m=5120 n=5 k=6144: 48 x 63.288 us = 3037.84 us (4970.07 GFLOPS/s)
RMS_NORM_MUL RMS_NORM(256,24,5,1): 16 x 3.84 us = 61.44 us
RMS_NORM_MUL RMS_NORM(256,4,5,1): 16 x 4.057 us = 64.92 us
RMS_NORM_MUL RMS_NORM(5120,5,1,1): 129 x 4.358 us = 562.24 us
RMS_NORM_MUL_SILU_MUL RMS_NORM(128,48,5,1): 48 x 5.881 us = 282.32 us
RMS_NORM_SCALE RMS_NORM(128,16,5,1): 96 x 2.589 us = 248.6 us
ROPE: 32 x 3.942 us = 126.16 us
SET_ROWS: 32 x 2.933 us = 93.88 us
SIGMOID_MUL SIGMOID: 16 x 3.787 us = 60.6 us
SSM_CONV_SILU SSM_CONV: 48 x 4.838 us = 232.24 us
Total time: 58786.8 us.
----------------
Vulkan Timings:
CONCAT: 1 x 3.88 us = 3.88 us
CONT: 1 x 3.8 us = 3.8 us
FLASH_ATTN_EXT dst(256,24,5,1),  q(256,5,24,1),  k(256,256,4,1),  v(256,256,4,1),  m(256,5,1,1): 1 x 23.28 us = 23.28 us (1351.26 GFLOPS/s)
GET_ROWS: 1 x 6.76 us = 6.76 us
GLU: 1 x 1.56 us = 1.56 us
MUL_MAT f32 m=256 n=120 k=256: 1 x 1.72 us = 1.72 us (9126.7 GFLOPS/s)
MUL_MAT f32 m=256 n=20 k=256: 1 x 3.28 us = 3.28 us (797.659 GFLOPS/s)
MUL_MAT f32 m=64 n=480 k=64: 1 x 3.8 us = 3.8 us (1026.69 GFLOPS/s)
MUL_MAT f32 m=64 n=80 k=64: 1 x 3.8 us = 3.8 us (171.116 GFLOPS/s)
MUL_MAT_ADD MUL_MAT_VEC q6_K m=5120 n=5 k=17408: 1 x 231.27 us = 231.27 us (3853.78 GFLOPS/s)
MUL_MAT_ADD MUL_MAT_VEC q6_K m=5120 n=5 k=6144: 1 x 84.88 us = 84.88 us (3705.79 GFLOPS/s)
MUL_MAT_VEC q6_K m=1024 n=5 k=5120: 2 x 14.84 us = 29.68 us (3532.59 GFLOPS/s)
MUL_MAT_VEC q6_K m=12288 n=5 k=5120: 1 x 156.09 us = 156.09 us (4030.27 GFLOPS/s)
MUL_MAT_VEC q6_K m=17408 n=5 k=5120: 2 x 180.1 us = 360.2 us (4948.38 GFLOPS/s)
MUL_MAT_VEC q8_0 m=5120 n=5 k=10240: 1 x 105.48 us = 105.48 us (4970.25 GFLOPS/s)
RMS_NORM_MUL RMS_NORM(256,24,5,1): 1 x 6.36 us = 6.36 us
RMS_NORM_MUL RMS_NORM(256,4,5,1): 1 x 3.84 us = 3.84 us
RMS_NORM_MUL RMS_NORM(5120,5,1,1): 5 x 9.116 us = 45.58 us
ROPE: 2 x 3.84 us = 7.68 us
SET_ROWS: 2 x 3.04 us = 6.08 us
SIGMOID_MUL SIGMOID: 1 x 1.72 us = 1.72 us
Total time: 1090.74 us.
----------------
Vulkan Timings:
CONCAT: 1 x 1.6 us = 1.6 us
CONT: 1 x 3.48 us = 3.48 us
FLASH_ATTN_EXT dst(256,24,1,1),  q(256,1,24,1),  k(256,256,4,1),  v(256,256,4,1),  m(256,1,1,1): 1 x 13.32 us = 13.32 us (472.332 GFLOPS/s)
GET_ROWS: 3 x 4.92 us = 14.76 us
GLU: 1 x 1.52 us = 1.52 us
MUL_MAT f32 m=256 n=24 k=256: 1 x 1.48 us = 1.48 us (2121.34 GFLOPS/s)
MUL_MAT f32 m=64 n=16 k=64: 1 x 1.8 us = 1.8 us (72.2489 GFLOPS/s)
MUL_MAT f32 m=64 n=96 k=64: 1 x 3.2 us = 3.2 us (243.84 GFLOPS/s)
MUL_MAT_ADD MUL_MAT_VEC q6_K m=5120 n=1 k=17408: 1 x 129.92 us = 129.92 us (1372.02 GFLOPS/s)
MUL_MAT_ADD MUL_MAT_VEC q6_K m=5120 n=1 k=6144: 1 x 53.68 us = 53.68 us (1171.93 GFLOPS/s)
MUL_MAT_VEC f32 m=256 n=4 k=256: 1 x 2.96 us = 2.96 us (176.778 GFLOPS/s)
MUL_MAT_VEC q6_K m=1024 n=1 k=5120: 2 x 6.78 us = 13.56 us (1546.42 GFLOPS/s)
MUL_MAT_VEC q6_K m=12288 n=1 k=5120: 1 x 97.6 us = 97.6 us (1289.11 GFLOPS/s)
MUL_MAT_VEC q6_K m=17408 n=1 k=5120: 2 x 118.44 us = 236.88 us (1504.9 GFLOPS/s)
MUL_MAT_VEC q6_K m=98304 n=1 k=5120: 1 x 673.69 us = 673.69 us (1494.06 GFLOPS/s)
MUL_MAT_VEC q8_0 m=5120 n=1 k=10240: 1 x 93.76 us = 93.76 us (1118.31 GFLOPS/s)
PAD: 1 x 6.36 us = 6.36 us
RMS_NORM_MUL RMS_NORM(256,24,1,1): 1 x 3.16 us = 3.16 us
RMS_NORM_MUL RMS_NORM(256,4,1,1): 1 x 4.8 us = 4.8 us
RMS_NORM_MUL RMS_NORM(5120,1,1,1): 5 x 3.992 us = 19.96 us
ROPE: 2 x 3.3 us = 6.6 us
SET_ROWS: 2 x 2.76 us = 5.52 us
SIGMOID_MUL SIGMOID: 1 x 1.56 us = 1.56 us
TOP_K K=10 (98304,1,1,1): 1 x 8.96 us = 8.96 us
Total time: 1400.13 us.
----------------
Vulkan Timings:
CONCAT: 1 x 1.64 us = 1.64 us
CONT: 1 x 3.6 us = 3.6 us
FLASH_ATTN_EXT dst(256,24,1,1),  q(256,1,24,1),  k(256,256,4,1),  v(256,256,4,1),  m(256,1,1,1): 1 x 13.84 us = 13.84 us (454.585 GFLOPS/s)
GET_ROWS: 3 x 4.813 us = 14.44 us
GLU: 1 x 1.88 us = 1.88 us
MUL_MAT f32 m=256 n=24 k=256: 1 x 1.68 us = 1.68 us (1868.8 GFLOPS/s)
MUL_MAT f32 m=64 n=16 k=64: 1 x 3.56 us = 3.56 us (36.5303 GFLOPS/s)
MUL_MAT f32 m=64 n=96 k=64: 1 x 3.6 us = 3.6 us (216.747 GFLOPS/s)
MUL_MAT_ADD MUL_MAT_VEC q6_K m=5120 n=1 k=17408: 1 x 123.6 us = 123.6 us (1442.17 GFLOPS/s)
MUL_MAT_ADD MUL_MAT_VEC q6_K m=5120 n=1 k=6144: 1 x 54.24 us = 54.24 us (1159.83 GFLOPS/s)
MUL_MAT_VEC f32 m=256 n=4 k=256: 1 x 2.96 us = 2.96 us (176.778 GFLOPS/s)
MUL_MAT_VEC q6_K m=1024 n=1 k=5120: 2 x 8.84 us = 17.68 us (1186.06 GFLOPS/s)
MUL_MAT_VEC q6_K m=12288 n=1 k=5120: 1 x 85.8 us = 85.8 us (1466.4 GFLOPS/s)
MUL_MAT_VEC q6_K m=17408 n=1 k=5120: 2 x 121.4 us = 242.8 us (1468.21 GFLOPS/s)
MUL_MAT_VEC q6_K m=98304 n=1 k=5120: 1 x 673.6 us = 673.6 us (1494.26 GFLOPS/s)
MUL_MAT_VEC q8_0 m=5120 n=1 k=10240: 1 x 101.44 us = 101.44 us (1033.64 GFLOPS/s)
PAD: 1 x 6.32 us = 6.32 us
RMS_NORM_MUL RMS_NORM(256,24,1,1): 1 x 5.2 us = 5.2 us
RMS_NORM_MUL RMS_NORM(256,4,1,1): 1 x 3.52 us = 3.52 us
RMS_NORM_MUL RMS_NORM(5120,1,1,1): 5 x 3.728 us = 18.64 us
ROPE: 2 x 3.52 us = 7.04 us
SET_ROWS: 2 x 2.9 us = 5.8 us
SIGMOID_MUL SIGMOID: 1 x 1.88 us = 1.88 us
TOP_K K=10 (98304,1,1,1): 1 x 8.68 us = 8.68 us
Total time: 1403.44 us.
----------------
Vulkan Timings:
CONCAT: 1 x 1.68 us = 1.68 us
CONT: 1 x 3.56 us = 3.56 us
FLASH_ATTN_EXT dst(256,24,1,1),  q(256,1,24,1),  k(256,256,4,1),  v(256,256,4,1),  m(256,1,1,1): 1 x 13.72 us = 13.72 us (458.561 GFLOPS/s)
GET_ROWS: 3 x 4.773 us = 14.32 us
GLU: 1 x 1.8 us = 1.8 us
MUL_MAT f32 m=256 n=24 k=256: 1 x 1.64 us = 1.64 us (1914.38 GFLOPS/s)
MUL_MAT f32 m=64 n=16 k=64: 1 x 3.6 us = 3.6 us (36.1244 GFLOPS/s)
MUL_MAT f32 m=64 n=96 k=64: 1 x 3.56 us = 3.56 us (219.182 GFLOPS/s)
MUL_MAT_ADD MUL_MAT_VEC q6_K m=5120 n=1 k=17408: 1 x 123.28 us = 123.28 us (1445.92 GFLOPS/s)
MUL_MAT_ADD MUL_MAT_VEC q6_K m=5120 n=1 k=6144: 1 x 53.24 us = 53.24 us (1181.62 GFLOPS/s)
MUL_MAT_VEC f32 m=256 n=4 k=256: 1 x 3 us = 3 us (174.421 GFLOPS/s)
MUL_MAT_VEC q6_K m=1024 n=1 k=5120: 2 x 8.78 us = 17.56 us (1194.16 GFLOPS/s)
MUL_MAT_VEC q6_K m=12288 n=1 k=5120: 1 x 85.52 us = 85.52 us (1471.2 GFLOPS/s)
MUL_MAT_VEC q6_K m=17408 n=1 k=5120: 2 x 121.66 us = 243.32 us (1465.07 GFLOPS/s)
MUL_MAT_VEC q6_K m=98304 n=1 k=5120: 1 x 672.93 us = 672.93 us (1495.75 GFLOPS/s)
MUL_MAT_VEC q8_0 m=5120 n=1 k=10240: 1 x 101 us = 101 us (1038.14 GFLOPS/s)
PAD: 1 x 6.36 us = 6.36 us
RMS_NORM_MUL RMS_NORM(256,24,1,1): 1 x 5.2 us = 5.2 us
RMS_NORM_MUL RMS_NORM(256,4,1,1): 1 x 3.56 us = 3.56 us
RMS_NORM_MUL RMS_NORM(5120,1,1,1): 5 x 3.672 us = 18.36 us
ROPE: 2 x 3.54 us = 7.08 us
SET_ROWS: 2 x 2.88 us = 5.76 us
SIGMOID_MUL SIGMOID: 1 x 1.6 us = 1.6 us
TOP_K K=10 (98304,1,1,1): 1 x 8.96 us = 8.96 us
Total time: 1400.61 us.
----------------
Vulkan Timings:
CONCAT: 1 x 1.64 us = 1.64 us
CONT: 1 x 3.6 us = 3.6 us
FLASH_ATTN_EXT dst(256,24,1,1),  q(256,1,24,1),  k(256,256,4,1),  v(256,256,4,1),  m(256,1,1,1): 1 x 13.68 us = 13.68 us (459.902 GFLOPS/s)
GET_ROWS: 3 x 4.84 us = 14.52 us
GLU: 1 x 1.72 us = 1.72 us
MUL_MAT f32 m=256 n=24 k=256: 1 x 1.68 us = 1.68 us (1868.8 GFLOPS/s)
MUL_MAT f32 m=64 n=16 k=64: 1 x 3.6 us = 3.6 us (36.1244 GFLOPS/s)
MUL_MAT f32 m=64 n=96 k=64: 1 x 3.6 us = 3.6 us (216.747 GFLOPS/s)
MUL_MAT_ADD MUL_MAT_VEC q6_K m=5120 n=1 k=17408: 1 x 123.08 us = 123.08 us (1448.27 GFLOPS/s)
MUL_MAT_ADD MUL_MAT_VEC q6_K m=5120 n=1 k=6144: 1 x 53.32 us = 53.32 us (1179.85 GFLOPS/s)
MUL_MAT_VEC f32 m=256 n=4 k=256: 1 x 2.96 us = 2.96 us (176.778 GFLOPS/s)
MUL_MAT_VEC q6_K m=1024 n=1 k=5120: 2 x 8.74 us = 17.48 us (1199.63 GFLOPS/s)
MUL_MAT_VEC q6_K m=12288 n=1 k=5120: 1 x 85.48 us = 85.48 us (1471.89 GFLOPS/s)
MUL_MAT_VEC q6_K m=17408 n=1 k=5120: 2 x 121.34 us = 242.68 us (1468.93 GFLOPS/s)
MUL_MAT_VEC q6_K m=98304 n=1 k=5120: 1 x 673.45 us = 673.45 us (1494.59 GFLOPS/s)
MUL_MAT_VEC q8_0 m=5120 n=1 k=10240: 1 x 100.76 us = 100.76 us (1040.62 GFLOPS/s)
PAD: 1 x 6.28 us = 6.28 us
RMS_NORM_MUL RMS_NORM(256,24,1,1): 1 x 5.24 us = 5.24 us
RMS_NORM_MUL RMS_NORM(256,4,1,1): 1 x 3.52 us = 3.52 us
RMS_NORM_MUL RMS_NORM(5120,1,1,1): 5 x 3.68 us = 18.4 us
ROPE: 2 x 3.56 us = 7.12 us
SET_ROWS: 2 x 2.88 us = 5.76 us
SIGMOID_MUL SIGMOID: 1 x 1.68 us = 1.68 us
TOP_K K=10 (98304,1,1,1): 1 x 8.68 us = 8.68 us
Total time: 1399.93 us.
----------------
Vulkan Timings:
ADD: 48 x 3.819 us = 183.32 us
CONT: 16 x 3.742 us = 59.88 us
FLASH_ATTN_EXT dst(256,24,5,1),  q(256,5,24,1),  k(256,256,4,1),  v(256,256,4,1),  m(256,5,1,1): 16 x 23.117 us = 369.88 us (1360.76 GFLOPS/s)
GDN_CACHE GATED_DELTA_NET: 48 x 14.722 us = 706.68 us
GDN_CONV_STATE CONCAT: 48 x 3.26 us = 156.48 us
GET_ROWS: 3 x 11.466 us = 34.4 us
GLU: 64 x 2.77 us = 177.32 us
MUL_MAT f32 m=256 n=120 k=256: 16 x 1.822 us = 29.16 us (8613.4 GFLOPS/s)
MUL_MAT f32 m=256 n=20 k=256: 16 x 3.28 us = 52.48 us (797.659 GFLOPS/s)
MUL_MAT f32 m=64 n=480 k=64: 16 x 3.615 us = 57.84 us (1079.24 GFLOPS/s)
MUL_MAT f32 m=64 n=80 k=64: 16 x 3.332 us = 53.32 us (195.121 GFLOPS/s)
MUL_MAT_ADD MUL_MAT_VEC q6_K m=5120 n=5 k=17408: 64 x 206.22 us = 13198.1 us (4321.9 GFLOPS/s)
MUL_MAT_ADD MUL_MAT_VEC q6_K m=5120 n=5 k=6144: 16 x 77.53 us = 1240.48 us (4057.1 GFLOPS/s)
MUL_MAT_VEC f32 m=48 n=5 k=5120: 96 x 4.302 us = 413 us (571.202 GFLOPS/s)
MUL_MAT_VEC q6_K m=1024 n=5 k=5120: 32 x 12.151 us = 388.84 us (4314.26 GFLOPS/s)
MUL_MAT_VEC q6_K m=10240 n=5 k=5120: 48 x 109.959 us = 5278.04 us (4767.56 GFLOPS/s)
MUL_MAT_VEC q6_K m=12288 n=5 k=5120: 16 x 140.615 us = 2249.84 us (4473.81 GFLOPS/s)
MUL_MAT_VEC q6_K m=17408 n=5 k=5120: 128 x 182.974 us = 23420.7 us (4870.64 GFLOPS/s)
MUL_MAT_VEC q6_K m=248320 n=5 k=5120: 1 x 2404.6 us = 2404.6 us (5286.84 GFLOPS/s)
MUL_MAT_VEC q6_K m=6144 n=5 k=5120: 48 x 71.197 us = 3417.48 us (4417.88 GFLOPS/s)
MUL_MAT_VEC q8_0 m=5120 n=5 k=6144: 48 x 63.198 us = 3033.52 us (4977.14 GFLOPS/s)
RMS_NORM_MUL RMS_NORM(256,24,5,1): 16 x 3.685 us = 58.96 us
RMS_NORM_MUL RMS_NORM(256,4,5,1): 16 x 3.87 us = 61.92 us
RMS_NORM_MUL RMS_NORM(5120,5,1,1): 129 x 4.25 us = 548.36 us
RMS_NORM_MUL_SILU_MUL RMS_NORM(128,48,5,1): 48 x 5.566 us = 267.2 us
RMS_NORM_SCALE RMS_NORM(128,16,5,1): 96 x 2.575 us = 247.24 us
ROPE: 32 x 3.78 us = 120.96 us
SET_ROWS: 32 x 2.932 us = 93.84 us
SIGMOID_MUL SIGMOID: 16 x 3.652 us = 58.44 us
SSM_CONV_SILU SSM_CONV: 48 x 4.685 us = 224.88 us
Total time: 58607.2 us.
----------------
Vulkan Timings:
CONCAT: 1 x 4.08 us = 4.08 us
CONT: 1 x 3.6 us = 3.6 us
FLASH_ATTN_EXT dst(256,24,5,1),  q(256,5,24,1),  k(256,256,4,1),  v(256,256,4,1),  m(256,5,1,1): 1 x 23.2 us = 23.2 us (1355.92 GFLOPS/s)
GET_ROWS: 1 x 6.52 us = 6.52 us
GLU: 1 x 1.48 us = 1.48 us
MUL_MAT f32 m=256 n=120 k=256: 1 x 1.72 us = 1.72 us (9126.7 GFLOPS/s)
MUL_MAT f32 m=256 n=20 k=256: 1 x 3 us = 3 us (872.107 GFLOPS/s)
MUL_MAT f32 m=64 n=480 k=64: 1 x 3.64 us = 3.64 us (1071.82 GFLOPS/s)
MUL_MAT f32 m=64 n=80 k=64: 1 x 3.64 us = 3.64 us (178.637 GFLOPS/s)
MUL_MAT_ADD MUL_MAT_VEC q6_K m=5120 n=5 k=17408: 1 x 229.13 us = 229.13 us (3889.77 GFLOPS/s)
MUL_MAT_ADD MUL_MAT_VEC q6_K m=5120 n=5 k=6144: 1 x 85.76 us = 85.76 us (3667.76 GFLOPS/s)
MUL_MAT_VEC q6_K m=1024 n=5 k=5120: 2 x 15.88 us = 31.76 us (3301.24 GFLOPS/s)
MUL_MAT_VEC q6_K m=12288 n=5 k=5120: 1 x 150.28 us = 150.28 us (4186.08 GFLOPS/s)
MUL_MAT_VEC q6_K m=17408 n=5 k=5120: 2 x 181.4 us = 362.8 us (4912.91 GFLOPS/s)
MUL_MAT_VEC q8_0 m=5120 n=5 k=10240: 1 x 104.96 us = 104.96 us (4994.88 GFLOPS/s)
RMS_NORM_MUL RMS_NORM(256,24,5,1): 1 x 3.8 us = 3.8 us
RMS_NORM_MUL RMS_NORM(256,4,5,1): 1 x 3.64 us = 3.64 us
RMS_NORM_MUL RMS_NORM(5120,5,1,1): 5 x 9.4 us = 47 us
ROPE: 2 x 3.62 us = 7.24 us
SET_ROWS: 2 x 2.94 us = 5.88 us
SIGMOID_MUL SIGMOID: 1 x 1.64 us = 1.64 us
Total time: 1084.77 us.
----------------
Vulkan Timings:
CONCAT: 1 x 1.64 us = 1.64 us
CONT: 1 x 3.6 us = 3.6 us
FLASH_ATTN_EXT dst(256,24,1,1),  q(256,1,24,1),  k(256,256,4,1),  v(256,256,4,1),  m(256,1,1,1): 1 x 13.6 us = 13.6 us (462.607 GFLOPS/s)
GET_ROWS: 3 x 5.053 us = 15.16 us
GLU: 1 x 1.68 us = 1.68 us
MUL_MAT f32 m=256 n=24 k=256: 1 x 1.48 us = 1.48 us (2121.34 GFLOPS/s)
MUL_MAT f32 m=64 n=16 k=64: 1 x 1.8 us = 1.8 us (72.2489 GFLOPS/s)
MUL_MAT f32 m=64 n=96 k=64: 1 x 3.32 us = 3.32 us (235.027 GFLOPS/s)
MUL_MAT_ADD MUL_MAT_VEC q6_K m=5120 n=1 k=17408: 1 x 129.68 us = 129.68 us (1374.56 GFLOPS/s)
MUL_MAT_ADD MUL_MAT_VEC q6_K m=5120 n=1 k=6144: 1 x 53.44 us = 53.44 us (1177.2 GFLOPS/s)
MUL_MAT_VEC f32 m=256 n=4 k=256: 1 x 3.12 us = 3.12 us (167.713 GFLOPS/s)
MUL_MAT_VEC q6_K m=1024 n=1 k=5120: 2 x 8.92 us = 17.84 us (1175.42 GFLOPS/s)
MUL_MAT_VEC q6_K m=12288 n=1 k=5120: 1 x 90.24 us = 90.24 us (1394.25 GFLOPS/s)
MUL_MAT_VEC q6_K m=17408 n=1 k=5120: 2 x 118.44 us = 236.88 us (1504.9 GFLOPS/s)
MUL_MAT_VEC q6_K m=98304 n=1 k=5120: 1 x 673.77 us = 673.77 us (1493.88 GFLOPS/s)
MUL_MAT_VEC q8_0 m=5120 n=1 k=10240: 1 x 95.12 us = 95.12 us (1102.32 GFLOPS/s)
PAD: 1 x 6.52 us = 6.52 us
RMS_NORM_MUL RMS_NORM(256,24,1,1): 1 x 6 us = 6 us
RMS_NORM_MUL RMS_NORM(256,4,1,1): 1 x 5.12 us = 5.12 us
RMS_NORM_MUL RMS_NORM(5120,1,1,1): 5 x 4 us = 20 us
ROPE: 2 x 3.5 us = 7 us
SET_ROWS: 2 x 2.84 us = 5.68 us
SIGMOID_MUL SIGMOID: 1 x 1.52 us = 1.52 us
TOP_K K=10 (98304,1,1,1): 1 x 8.84 us = 8.84 us
Total time: 1403.05 us.
----------------
Vulkan Timings:
CONCAT: 1 x 1.64 us = 1.64 us
CONT: 1 x 3.76 us = 3.76 us
FLASH_ATTN_EXT dst(256,24,1,1),  q(256,1,24,1),  k(256,256,4,1),  v(256,256,4,1),  m(256,1,1,1): 1 x 13.72 us = 13.72 us (458.561 GFLOPS/s)
GET_ROWS: 3 x 4.92 us = 14.76 us
GLU: 1 x 1.88 us = 1.88 us
MUL_MAT f32 m=256 n=24 k=256: 1 x 1.6 us = 1.6 us (1962.24 GFLOPS/s)
MUL_MAT f32 m=64 n=16 k=64: 1 x 3.72 us = 3.72 us (34.9591 GFLOPS/s)
MUL_MAT f32 m=64 n=96 k=64: 1 x 3.72 us = 3.72 us (209.755 GFLOPS/s)
MUL_MAT_ADD MUL_MAT_VEC q6_K m=5120 n=1 k=17408: 1 x 123 us = 123 us (1449.21 GFLOPS/s)
MUL_MAT_ADD MUL_MAT_VEC q6_K m=5120 n=1 k=6144: 1 x 54.32 us = 54.32 us (1158.13 GFLOPS/s)
MUL_MAT_VEC f32 m=256 n=4 k=256: 1 x 3.12 us = 3.12 us (167.713 GFLOPS/s)
MUL_MAT_VEC q6_K m=1024 n=1 k=5120: 2 x 8.78 us = 17.56 us (1194.16 GFLOPS/s)
MUL_MAT_VEC q6_K m=12288 n=1 k=5120: 1 x 85.48 us = 85.48 us (1471.89 GFLOPS/s)
MUL_MAT_VEC q6_K m=17408 n=1 k=5120: 2 x 121.4 us = 242.8 us (1468.21 GFLOPS/s)
MUL_MAT_VEC q6_K m=98304 n=1 k=5120: 1 x 673.89 us = 673.89 us (1493.62 GFLOPS/s)
MUL_MAT_VEC q8_0 m=5120 n=1 k=10240: 1 x 102.88 us = 102.88 us (1019.17 GFLOPS/s)
PAD: 1 x 6.44 us = 6.44 us
RMS_NORM_MUL RMS_NORM(256,24,1,1): 1 x 5.56 us = 5.56 us
RMS_NORM_MUL RMS_NORM(256,4,1,1): 1 x 3.72 us = 3.72 us
RMS_NORM_MUL RMS_NORM(5120,1,1,1): 5 x 3.688 us = 18.44 us
ROPE: 2 x 3.68 us = 7.36 us
SET_ROWS: 2 x 2.94 us = 5.88 us
SIGMOID_MUL SIGMOID: 1 x 1.68 us = 1.68 us
TOP_K K=10 (98304,1,1,1): 1 x 9.2 us = 9.2 us
Total time: 1406.13 us.
----------------
Vulkan Timings:
CONCAT: 1 x 1.68 us = 1.68 us
CONT: 1 x 3.76 us = 3.76 us
FLASH_ATTN_EXT dst(256,24,1,1),  q(256,1,24,1),  k(256,256,4,1),  v(256,256,4,1),  m(256,1,1,1): 1 x 13.88 us = 13.88 us (453.275 GFLOPS/s)
GET_ROWS: 3 x 5 us = 15 us
GLU: 1 x 1.8 us = 1.8 us
MUL_MAT f32 m=256 n=24 k=256: 1 x 1.68 us = 1.68 us (1868.8 GFLOPS/s)
MUL_MAT f32 m=64 n=16 k=64: 1 x 3.72 us = 3.72 us (34.9591 GFLOPS/s)
MUL_MAT f32 m=64 n=96 k=64: 1 x 3.68 us = 3.68 us (212.035 GFLOPS/s)
MUL_MAT_ADD MUL_MAT_VEC q6_K m=5120 n=1 k=17408: 1 x 122.6 us = 122.6 us (1453.94 GFLOPS/s)
MUL_MAT_ADD MUL_MAT_VEC q6_K m=5120 n=1 k=6144: 1 x 53.44 us = 53.44 us (1177.2 GFLOPS/s)
MUL_MAT_VEC f32 m=256 n=4 k=256: 1 x 3.16 us = 3.16 us (165.59 GFLOPS/s)
MUL_MAT_VEC q6_K m=1024 n=1 k=5120: 2 x 8.76 us = 17.52 us (1196.89 GFLOPS/s)
MUL_MAT_VEC q6_K m=12288 n=1 k=5120: 1 x 86 us = 86 us (1462.99 GFLOPS/s)
MUL_MAT_VEC q6_K m=17408 n=1 k=5120: 2 x 121.54 us = 243.08 us (1466.52 GFLOPS/s)
MUL_MAT_VEC q6_K m=98304 n=1 k=5120: 1 x 673.41 us = 673.41 us (1494.68 GFLOPS/s)
MUL_MAT_VEC q8_0 m=5120 n=1 k=10240: 1 x 101.36 us = 101.36 us (1034.46 GFLOPS/s)
PAD: 1 x 6.4 us = 6.4 us
RMS_NORM_MUL RMS_NORM(256,24,1,1): 1 x 5.48 us = 5.48 us
RMS_NORM_MUL RMS_NORM(256,4,1,1): 1 x 3.76 us = 3.76 us
RMS_NORM_MUL RMS_NORM(5120,1,1,1): 5 x 3.688 us = 18.44 us
ROPE: 2 x 3.7 us = 7.4 us
SET_ROWS: 2 x 2.96 us = 5.92 us
SIGMOID_MUL SIGMOID: 1 x 1.64 us = 1.64 us
TOP_K K=10 (98304,1,1,1): 1 x 8.92 us = 8.92 us
Total time: 1403.73 us.
----------------
Vulkan Timings:
CONCAT: 1 x 1.64 us = 1.64 us
CONT: 1 x 3.68 us = 3.68 us
FLASH_ATTN_EXT dst(256,24,1,1),  q(256,1,24,1),  k(256,256,4,1),  v(256,256,4,1),  m(256,1,1,1): 1 x 13.8 us = 13.8 us (455.903 GFLOPS/s)
GET_ROWS: 3 x 4.853 us = 14.56 us
GLU: 1 x 1.88 us = 1.88 us
MUL_MAT f32 m=256 n=24 k=256: 1 x 1.72 us = 1.72 us (1825.34 GFLOPS/s)
MUL_MAT f32 m=64 n=16 k=64: 1 x 3.72 us = 3.72 us (34.9591 GFLOPS/s)
MUL_MAT f32 m=64 n=96 k=64: 1 x 3.72 us = 3.72 us (209.755 GFLOPS/s)
MUL_MAT_ADD MUL_MAT_VEC q6_K m=5120 n=1 k=17408: 1 x 123.68 us = 123.68 us (1441.24 GFLOPS/s)
MUL_MAT_ADD MUL_MAT_VEC q6_K m=5120 n=1 k=6144: 1 x 53.28 us = 53.28 us (1180.73 GFLOPS/s)
MUL_MAT_VEC f32 m=256 n=4 k=256: 1 x 3.12 us = 3.12 us (167.713 GFLOPS/s)
MUL_MAT_VEC q6_K m=1024 n=1 k=5120: 2 x 8.82 us = 17.64 us (1188.75 GFLOPS/s)
MUL_MAT_VEC q6_K m=12288 n=1 k=5120: 1 x 85.68 us = 85.68 us (1468.45 GFLOPS/s)
MUL_MAT_VEC q6_K m=17408 n=1 k=5120: 2 x 121.1 us = 242.2 us (1471.85 GFLOPS/s)
MUL_MAT_VEC q6_K m=98304 n=1 k=5120: 1 x 672.31 us = 672.31 us (1497.13 GFLOPS/s)
MUL_MAT_VEC q8_0 m=5120 n=1 k=10240: 1 x 101.08 us = 101.08 us (1037.32 GFLOPS/s)
PAD: 1 x 6.44 us = 6.44 us
RMS_NORM_MUL RMS_NORM(256,24,1,1): 1 x 5.56 us = 5.56 us
RMS_NORM_MUL RMS_NORM(256,4,1,1): 1 x 3.76 us = 3.76 us
RMS_NORM_MUL RMS_NORM(5120,1,1,1): 5 x 3.752 us = 18.76 us
ROPE: 2 x 3.68 us = 7.36 us
SET_ROWS: 2 x 2.94 us = 5.88 us
SIGMOID_MUL SIGMOID: 1 x 1.64 us = 1.64 us
TOP_K K=10 (98304,1,1,1): 1 x 8.92 us = 8.92 us
Total time: 1402.03 us.
----------------
Vulkan Timings:
ADD: 48 x 3.969 us = 190.52 us
CONT: 16 x 3.885 us = 62.16 us
FLASH_ATTN_EXT dst(256,24,5,1),  q(256,5,24,1),  k(256,256,4,1),  v(256,256,4,1),  m(256,5,1,1): 16 x 23.202 us = 371.24 us (1355.77 GFLOPS/s)
GDN_CACHE GATED_DELTA_NET: 48 x 13.775 us = 661.24 us
GDN_CONV_STATE CONCAT: 48 x 3.106 us = 149.12 us
GET_ROWS: 3 x 11.146 us = 33.44 us
GLU: 64 x 2.839 us = 181.72 us
MUL_MAT f32 m=256 n=120 k=256: 16 x 1.792 us = 28.68 us (8757.56 GFLOPS/s)
MUL_MAT f32 m=256 n=20 k=256: 16 x 3.567 us = 57.08 us (733.376 GFLOPS/s)
MUL_MAT f32 m=64 n=480 k=64: 16 x 3.745 us = 59.92 us (1041.77 GFLOPS/s)
MUL_MAT f32 m=64 n=80 k=64: 16 x 3.465 us = 55.44 us (187.659 GFLOPS/s)
MUL_MAT_ADD MUL_MAT_VEC q6_K m=5120 n=5 k=17408: 64 x 206.114 us = 13191.3 us (4324.12 GFLOPS/s)
MUL_MAT_ADD MUL_MAT_VEC q6_K m=5120 n=5 k=6144: 16 x 77.305 us = 1236.88 us (4068.91 GFLOPS/s)
MUL_MAT_VEC f32 m=48 n=5 k=5120: 96 x 4.378 us = 420.32 us (561.255 GFLOPS/s)
MUL_MAT_VEC q6_K m=1024 n=5 k=5120: 32 x 12.232 us = 391.44 us (4285.61 GFLOPS/s)
MUL_MAT_VEC q6_K m=10240 n=5 k=5120: 48 x 109.969 us = 5278.52 us (4767.13 GFLOPS/s)
MUL_MAT_VEC q6_K m=12288 n=5 k=5120: 16 x 140.265 us = 2244.24 us (4484.97 GFLOPS/s)
MUL_MAT_VEC q6_K m=17408 n=5 k=5120: 128 x 183.01 us = 23425.4 us (4869.68 GFLOPS/s)
MUL_MAT_VEC q6_K m=248320 n=5 k=5120: 1 x 2407.36 us = 2407.36 us (5280.78 GFLOPS/s)
MUL_MAT_VEC q6_K m=6144 n=5 k=5120: 48 x 71.939 us = 3453.08 us (4372.33 GFLOPS/s)
MUL_MAT_VEC q8_0 m=5120 n=5 k=6144: 48 x 63.186 us = 3032.96 us (4978.06 GFLOPS/s)
RMS_NORM_MUL RMS_NORM(256,24,5,1): 16 x 3.827 us = 61.24 us
RMS_NORM_MUL RMS_NORM(256,4,5,1): 16 x 4.06 us = 64.96 us
RMS_NORM_MUL RMS_NORM(5120,5,1,1): 129 x 4.333 us = 559.08 us
RMS_NORM_MUL_SILU_MUL RMS_NORM(128,48,5,1): 48 x 5.867 us = 281.64 us
RMS_NORM_SCALE RMS_NORM(128,16,5,1): 96 x 2.585 us = 248.16 us
ROPE: 32 x 3.936 us = 125.96 us
SET_ROWS: 32 x 2.912 us = 93.2 us
SIGMOID_MUL SIGMOID: 16 x 3.785 us = 60.56 us
SSM_CONV_SILU SSM_CONV: 48 x 4.83 us = 231.84 us
Total time: 58658.7 us.
----------------
Vulkan Timings:
CONCAT: 1 x 3.88 us = 3.88 us
CONT: 1 x 3.8 us = 3.8 us
FLASH_ATTN_EXT dst(256,24,5,1),  q(256,5,24,1),  k(256,256,4,1),  v(256,256,4,1),  m(256,5,1,1): 1 x 23.32 us = 23.32 us (1348.94 GFLOPS/s)
GET_ROWS: 1 x 6.68 us = 6.68 us
GLU: 1 x 1.68 us = 1.68 us
MUL_MAT f32 m=256 n=120 k=256: 1 x 1.72 us = 1.72 us (9126.7 GFLOPS/s)
MUL_MAT f32 m=256 n=20 k=256: 1 x 3.2 us = 3.2 us (817.6 GFLOPS/s)
MUL_MAT f32 m=64 n=480 k=64: 1 x 3.76 us = 3.76 us (1037.62 GFLOPS/s)
MUL_MAT f32 m=64 n=80 k=64: 1 x 3.8 us = 3.8 us (171.116 GFLOPS/s)
MUL_MAT_ADD MUL_MAT_VEC q6_K m=5120 n=5 k=17408: 1 x 237.28 us = 237.28 us (3756.17 GFLOPS/s)
MUL_MAT_ADD MUL_MAT_VEC q6_K m=5120 n=5 k=6144: 1 x 86.08 us = 86.08 us (3654.13 GFLOPS/s)
MUL_MAT_VEC q6_K m=1024 n=5 k=5120: 2 x 15.88 us = 31.76 us (3301.24 GFLOPS/s)
MUL_MAT_VEC q6_K m=12288 n=5 k=5120: 1 x 154.44 us = 154.44 us (4073.32 GFLOPS/s)
MUL_MAT_VEC q6_K m=17408 n=5 k=5120: 2 x 181.8 us = 363.6 us (4902.1 GFLOPS/s)
MUL_MAT_VEC q8_0 m=5120 n=5 k=10240: 1 x 106.2 us = 106.2 us (4936.56 GFLOPS/s)
RMS_NORM_MUL RMS_NORM(256,24,5,1): 1 x 3.92 us = 3.92 us
RMS_NORM_MUL RMS_NORM(256,4,5,1): 1 x 3.84 us = 3.84 us
RMS_NORM_MUL RMS_NORM(5120,5,1,1): 5 x 10.028 us = 50.14 us
ROPE: 2 x 3.82 us = 7.64 us
SET_ROWS: 2 x 3.02 us = 6.04 us
SIGMOID_MUL SIGMOID: 1 x 1.68 us = 1.68 us
Total time: 1104.46 us.
----------------
Vulkan Timings:
CONCAT: 1 x 1.68 us = 1.68 us
CONT: 1 x 3.48 us = 3.48 us
FLASH_ATTN_EXT dst(256,24,1,1),  q(256,1,24,1),  k(256,256,4,1),  v(256,256,4,1),  m(256,1,1,1): 1 x 13.6 us = 13.6 us (462.607 GFLOPS/s)
GET_ROWS: 3 x 4.893 us = 14.68 us
GLU: 1 x 1.56 us = 1.56 us
MUL_MAT f32 m=256 n=24 k=256: 1 x 1.56 us = 1.56 us (2012.55 GFLOPS/s)
MUL_MAT f32 m=64 n=16 k=64: 1 x 1.8 us = 1.8 us (72.2489 GFLOPS/s)
MUL_MAT f32 m=64 n=96 k=64: 1 x 3.2 us = 3.2 us (243.84 GFLOPS/s)
MUL_MAT_ADD MUL_MAT_VEC q6_K m=5120 n=1 k=17408: 1 x 130.52 us = 130.52 us (1365.71 GFLOPS/s)
MUL_MAT_ADD MUL_MAT_VEC q6_K m=5120 n=1 k=6144: 1 x 53.04 us = 53.04 us (1186.08 GFLOPS/s)
MUL_MAT_VEC f32 m=256 n=4 k=256: 1 x 2.96 us = 2.96 us (176.778 GFLOPS/s)
MUL_MAT_VEC q6_K m=1024 n=1 k=5120: 2 x 8.78 us = 17.56 us (1194.16 GFLOPS/s)
MUL_MAT_VEC q6_K m=12288 n=1 k=5120: 1 x 89.92 us = 89.92 us (1399.21 GFLOPS/s)
MUL_MAT_VEC q6_K m=17408 n=1 k=5120: 2 x 118.3 us = 236.6 us (1506.68 GFLOPS/s)
MUL_MAT_VEC q6_K m=98304 n=1 k=5120: 1 x 673.35 us = 673.35 us (1494.82 GFLOPS/s)
MUL_MAT_VEC q8_0 m=5120 n=1 k=10240: 1 x 95.16 us = 95.16 us (1101.85 GFLOPS/s)
PAD: 1 x 6.32 us = 6.32 us
RMS_NORM_MUL RMS_NORM(256,24,1,1): 1 x 5.68 us = 5.68 us
RMS_NORM_MUL RMS_NORM(256,4,1,1): 1 x 4.8 us = 4.8 us
RMS_NORM_MUL RMS_NORM(5120,1,1,1): 5 x 3.84 us = 19.2 us
ROPE: 2 x 3.28 us = 6.56 us
SET_ROWS: 2 x 2.78 us = 5.56 us
SIGMOID_MUL SIGMOID: 1 x 1.48 us = 1.48 us
TOP_K K=10 (98304,1,1,1): 1 x 8.76 us = 8.76 us
Total time: 1399.03 us.
----------------
Vulkan Timings:
CONCAT: 1 x 1.68 us = 1.68 us
CONT: 1 x 3.56 us = 3.56 us
FLASH_ATTN_EXT dst(256,24,1,1),  q(256,1,24,1),  k(256,256,4,1),  v(256,256,4,1),  m(256,1,1,1): 1 x 13.72 us = 13.72 us (458.561 GFLOPS/s)
GET_ROWS: 3 x 4.76 us = 14.28 us
GLU: 1 x 1.76 us = 1.76 us
MUL_MAT f32 m=256 n=24 k=256: 1 x 1.68 us = 1.68 us (1868.8 GFLOPS/s)
MUL_MAT f32 m=64 n=16 k=64: 1 x 3.6 us = 3.6 us (36.1244 GFLOPS/s)
MUL_MAT f32 m=64 n=96 k=64: 1 x 3.6 us = 3.6 us (216.747 GFLOPS/s)
MUL_MAT_ADD MUL_MAT_VEC q6_K m=5120 n=1 k=17408: 1 x 123.96 us = 123.96 us (1437.99 GFLOPS/s)
MUL_MAT_ADD MUL_MAT_VEC q6_K m=5120 n=1 k=6144: 1 x 53.4 us = 53.4 us (1178.08 GFLOPS/s)
MUL_MAT_VEC f32 m=256 n=4 k=256: 1 x 3 us = 3 us (174.421 GFLOPS/s)
MUL_MAT_VEC q6_K m=1024 n=1 k=5120: 2 x 8.72 us = 17.44 us (1202.38 GFLOPS/s)
MUL_MAT_VEC q6_K m=12288 n=1 k=5120: 1 x 85.64 us = 85.64 us (1469.14 GFLOPS/s)
MUL_MAT_VEC q6_K m=17408 n=1 k=5120: 2 x 121.5 us = 243 us (1467 GFLOPS/s)
MUL_MAT_VEC q6_K m=98304 n=1 k=5120: 1 x 673.27 us = 673.27 us (1494.99 GFLOPS/s)
MUL_MAT_VEC q8_0 m=5120 n=1 k=10240: 1 x 101.2 us = 101.2 us (1036.09 GFLOPS/s)
PAD: 1 x 6.32 us = 6.32 us
RMS_NORM_MUL RMS_NORM(256,24,1,1): 1 x 5.28 us = 5.28 us
RMS_NORM_MUL RMS_NORM(256,4,1,1): 1 x 3.6 us = 3.6 us
RMS_NORM_MUL RMS_NORM(5120,1,1,1): 5 x 3.656 us = 18.28 us
ROPE: 2 x 3.56 us = 7.12 us
SET_ROWS: 2 x 2.86 us = 5.72 us
SIGMOID_MUL SIGMOID: 1 x 1.64 us = 1.64 us
TOP_K K=10 (98304,1,1,1): 1 x 9.08 us = 9.08 us
Total time: 1401.83 us.
----------------
Vulkan Timings:
CONCAT: 1 x 1.64 us = 1.64 us
CONT: 1 x 3.6 us = 3.6 us
FLASH_ATTN_EXT dst(256,24,1,1),  q(256,1,24,1),  k(256,256,4,1),  v(256,256,4,1),  m(256,1,1,1): 1 x 13.88 us = 13.88 us (453.275 GFLOPS/s)
GET_ROWS: 3 x 4.773 us = 14.32 us
GLU: 1 x 1.84 us = 1.84 us
MUL_MAT f32 m=256 n=24 k=256: 1 x 1.6 us = 1.6 us (1962.24 GFLOPS/s)
MUL_MAT f32 m=64 n=16 k=64: 1 x 3.56 us = 3.56 us (36.5303 GFLOPS/s)
MUL_MAT f32 m=64 n=96 k=64: 1 x 3.6 us = 3.6 us (216.747 GFLOPS/s)
MUL_MAT_ADD MUL_MAT_VEC q6_K m=5120 n=1 k=17408: 1 x 123.32 us = 123.32 us (1445.45 GFLOPS/s)
MUL_MAT_ADD MUL_MAT_VEC q6_K m=5120 n=1 k=6144: 1 x 54.04 us = 54.04 us (1164.13 GFLOPS/s)
MUL_MAT_VEC f32 m=256 n=4 k=256: 1 x 2.96 us = 2.96 us (176.778 GFLOPS/s)
MUL_MAT_VEC q6_K m=1024 n=1 k=5120: 2 x 8.98 us = 17.96 us (1167.57 GFLOPS/s)
MUL_MAT_VEC q6_K m=12288 n=1 k=5120: 1 x 85.36 us = 85.36 us (1473.96 GFLOPS/s)
MUL_MAT_VEC q6_K m=17408 n=1 k=5120: 2 x 121.9 us = 243.8 us (1462.19 GFLOPS/s)
MUL_MAT_VEC q6_K m=98304 n=1 k=5120: 1 x 672 us = 672 us (1497.82 GFLOPS/s)
MUL_MAT_VEC q8_0 m=5120 n=1 k=10240: 1 x 101.64 us = 101.64 us (1031.61 GFLOPS/s)
PAD: 1 x 6.32 us = 6.32 us
RMS_NORM_MUL RMS_NORM(256,24,1,1): 1 x 5.24 us = 5.24 us
RMS_NORM_MUL RMS_NORM(256,4,1,1): 1 x 3.56 us = 3.56 us
RMS_NORM_MUL RMS_NORM(5120,1,1,1): 5 x 3.64 us = 18.2 us
ROPE: 2 x 3.54 us = 7.08 us
SET_ROWS: 2 x 2.84 us = 5.68 us
SIGMOID_MUL SIGMOID: 1 x 1.68 us = 1.68 us
TOP_K K=10 (98304,1,1,1): 1 x 9 us = 9 us
Total time: 1401.88 us.
----------------
Vulkan Timings:
CONCAT: 1 x 1.64 us = 1.64 us
CONT: 1 x 3.56 us = 3.56 us
FLASH_ATTN_EXT dst(256,24,1,1),  q(256,1,24,1),  k(256,256,4,1),  v(256,256,4,1),  m(256,1,1,1): 1 x 13.72 us = 13.72 us (458.561 GFLOPS/s)
GET_ROWS: 3 x 4.8 us = 14.4 us
GLU: 1 x 1.96 us = 1.96 us
MUL_MAT f32 m=256 n=24 k=256: 1 x 1.64 us = 1.64 us (1914.38 GFLOPS/s)
MUL_MAT f32 m=64 n=16 k=64: 1 x 3.56 us = 3.56 us (36.5303 GFLOPS/s)
MUL_MAT f32 m=64 n=96 k=64: 1 x 3.6 us = 3.6 us (216.747 GFLOPS/s)
MUL_MAT_ADD MUL_MAT_VEC q6_K m=5120 n=1 k=17408: 1 x 123.16 us = 123.16 us (1447.33 GFLOPS/s)
MUL_MAT_ADD MUL_MAT_VEC q6_K m=5120 n=1 k=6144: 1 x 53.96 us = 53.96 us (1165.85 GFLOPS/s)
MUL_MAT_VEC f32 m=256 n=4 k=256: 1 x 2.96 us = 2.96 us (176.778 GFLOPS/s)
MUL_MAT_VEC q6_K m=1024 n=1 k=5120: 2 x 6.8 us = 13.6 us (1541.87 GFLOPS/s)
MUL_MAT_VEC q6_K m=12288 n=1 k=5120: 1 x 92.96 us = 92.96 us (1353.45 GFLOPS/s)
MUL_MAT_VEC q6_K m=17408 n=1 k=5120: 2 x 121.38 us = 242.76 us (1468.45 GFLOPS/s)
MUL_MAT_VEC q6_K m=98304 n=1 k=5120: 1 x 672.21 us = 672.21 us (1497.35 GFLOPS/s)
MUL_MAT_VEC q8_0 m=5120 n=1 k=10240: 1 x 102.88 us = 102.88 us (1019.17 GFLOPS/s)
PAD: 1 x 6.32 us = 6.32 us
RMS_NORM_MUL RMS_NORM(256,24,1,1): 1 x 3.56 us = 3.56 us
RMS_NORM_MUL RMS_NORM(256,4,1,1): 1 x 3.56 us = 3.56 us
RMS_NORM_MUL RMS_NORM(5120,1,1,1): 5 x 3.696 us = 18.48 us
ROPE: 2 x 3.54 us = 7.08 us
SET_ROWS: 2 x 2.9 us = 5.8 us
SIGMOID_MUL SIGMOID: 1 x 1.88 us = 1.88 us
TOP_K K=10 (98304,1,1,1): 1 x 8.56 us = 8.56 us
Total time: 1403.81 us.
----------------
Vulkan Timings:
ADD: 48 x 3.824 us = 183.56 us
CONT: 16 x 3.73 us = 59.68 us
FLASH_ATTN_EXT dst(256,24,5,1),  q(256,5,24,1),  k(256,256,4,1),  v(256,256,4,1),  m(256,5,1,1): 16 x 23.265 us = 372.24 us (1352.13 GFLOPS/s)
GDN_CACHE GATED_DELTA_NET: 48 x 14.767 us = 708.84 us
GDN_CONV_STATE CONCAT: 48 x 3.286 us = 157.76 us
GET_ROWS: 3 x 11.253 us = 33.76 us
GLU: 64 x 2.784 us = 178.2 us
MUL_MAT f32 m=256 n=120 k=256: 16 x 1.81 us = 28.96 us (8672.88 GFLOPS/s)
MUL_MAT f32 m=256 n=20 k=256: 16 x 3.432 us = 54.92 us (762.22 GFLOPS/s)
MUL_MAT f32 m=64 n=480 k=64: 16 x 3.602 us = 57.64 us (1082.98 GFLOPS/s)
MUL_MAT f32 m=64 n=80 k=64: 16 x 3.34 us = 53.44 us (194.683 GFLOPS/s)
MUL_MAT_ADD MUL_MAT_VEC q6_K m=5120 n=5 k=17408: 64 x 207.033 us = 13250.1 us (4304.93 GFLOPS/s)
MUL_MAT_ADD MUL_MAT_VEC q6_K m=5120 n=5 k=6144: 16 x 77.375 us = 1238 us (4065.23 GFLOPS/s)
MUL_MAT_VEC f32 m=48 n=5 k=5120: 96 x 4.405 us = 422.92 us (557.804 GFLOPS/s)
MUL_MAT_VEC q6_K m=1024 n=5 k=5120: 32 x 12.122 us = 387.92 us (4324.49 GFLOPS/s)
MUL_MAT_VEC q6_K m=10240 n=5 k=5120: 48 x 109.931 us = 5276.72 us (4768.75 GFLOPS/s)
MUL_MAT_VEC q6_K m=12288 n=5 k=5120: 16 x 140.54 us = 2248.64 us (4476.19 GFLOPS/s)
MUL_MAT_VEC q6_K m=17408 n=5 k=5120: 128 x 183.171 us = 23445.9 us (4865.41 GFLOPS/s)
MUL_MAT_VEC q6_K m=248320 n=5 k=5120: 1 x 2403.56 us = 2403.56 us (5289.13 GFLOPS/s)
MUL_MAT_VEC q6_K m=6144 n=5 k=5120: 48 x 71.028 us = 3409.36 us (4428.4 GFLOPS/s)
MUL_MAT_VEC q8_0 m=5120 n=5 k=6144: 48 x 63.03 us = 3025.48 us (4990.37 GFLOPS/s)
RMS_NORM_MUL RMS_NORM(256,24,5,1): 16 x 3.677 us = 58.84 us
RMS_NORM_MUL RMS_NORM(256,4,5,1): 16 x 3.882 us = 62.12 us
RMS_NORM_MUL RMS_NORM(5120,5,1,1): 129 x 4.252 us = 548.52 us
RMS_NORM_MUL_SILU_MUL RMS_NORM(128,48,5,1): 48 x 5.569 us = 267.32 us
RMS_NORM_SCALE RMS_NORM(128,16,5,1): 96 x 2.505 us = 240.48 us
ROPE: 32 x 3.787 us = 121.2 us
SET_ROWS: 32 x 2.865 us = 91.68 us
SIGMOID_MUL SIGMOID: 16 x 3.64 us = 58.24 us
SSM_CONV_SILU SSM_CONV: 48 x 4.688 us = 225.04 us
Total time: 58671.1 us.
----------------
Vulkan Timings:
CONCAT: 1 x 4.08 us = 4.08 us
CONT: 1 x 3.64 us = 3.64 us
FLASH_ATTN_EXT dst(256,24,5,1),  q(256,5,24,1),  k(256,256,4,1),  v(256,256,4,1),  m(256,5,1,1): 1 x 23.32 us = 23.32 us (1348.94 GFLOPS/s)
GET_ROWS: 1 x 6.6 us = 6.6 us
GLU: 1 x 1.52 us = 1.52 us
MUL_MAT f32 m=256 n=120 k=256: 1 x 1.64 us = 1.64 us (9571.9 GFLOPS/s)
MUL_MAT f32 m=256 n=20 k=256: 1 x 3.04 us = 3.04 us (860.632 GFLOPS/s)
MUL_MAT f32 m=64 n=480 k=64: 1 x 3.68 us = 3.68 us (1060.17 GFLOPS/s)
MUL_MAT f32 m=64 n=80 k=64: 1 x 3.56 us = 3.56 us (182.652 GFLOPS/s)
MUL_MAT_ADD MUL_MAT_VEC q6_K m=5120 n=5 k=17408: 1 x 229.34 us = 229.34 us (3886.21 GFLOPS/s)
MUL_MAT_ADD MUL_MAT_VEC q6_K m=5120 n=5 k=6144: 1 x 85.6 us = 85.6 us (3674.62 GFLOPS/s)
MUL_MAT_VEC q6_K m=1024 n=5 k=5120: 2 x 15.78 us = 31.56 us (3322.16 GFLOPS/s)
MUL_MAT_VEC q6_K m=12288 n=5 k=5120: 1 x 153.25 us = 153.25 us (4104.95 GFLOPS/s)
MUL_MAT_VEC q6_K m=17408 n=5 k=5120: 2 x 180.32 us = 360.64 us (4942.34 GFLOPS/s)
MUL_MAT_VEC q8_0 m=5120 n=5 k=10240: 1 x 104.6 us = 104.6 us (5012.07 GFLOPS/s)
RMS_NORM_MUL RMS_NORM(256,24,5,1): 1 x 3.72 us = 3.72 us
RMS_NORM_MUL RMS_NORM(256,4,5,1): 1 x 3.6 us = 3.6 us
RMS_NORM_MUL RMS_NORM(5120,5,1,1): 5 x 8.938 us = 44.69 us
ROPE: 2 x 3.62 us = 7.24 us
SET_ROWS: 2 x 2.9 us = 5.8 us
SIGMOID_MUL SIGMOID: 1 x 1.72 us = 1.72 us
Total time: 1082.84 us.
----------------
Vulkan Timings:
CONCAT: 1 x 1.68 us = 1.68 us
CONT: 1 x 3.6 us = 3.6 us
FLASH_ATTN_EXT dst(256,24,1,1),  q(256,1,24,1),  k(256,256,4,1),  v(256,256,4,1),  m(256,1,1,1): 1 x 13.68 us = 13.68 us (459.902 GFLOPS/s)
GET_ROWS: 3 x 5.026 us = 15.08 us
GLU: 1 x 1.56 us = 1.56 us
MUL_MAT f32 m=256 n=24 k=256: 1 x 1.52 us = 1.52 us (2065.52 GFLOPS/s)
MUL_MAT f32 m=64 n=16 k=64: 1 x 1.76 us = 1.76 us (73.8909 GFLOPS/s)
MUL_MAT f32 m=64 n=96 k=64: 1 x 3.36 us = 3.36 us (232.229 GFLOPS/s)
MUL_MAT_ADD MUL_MAT_VEC q6_K m=5120 n=1 k=17408: 1 x 129.72 us = 129.72 us (1374.14 GFLOPS/s)
MUL_MAT_ADD MUL_MAT_VEC q6_K m=5120 n=1 k=6144: 1 x 53.72 us = 53.72 us (1171.06 GFLOPS/s)
MUL_MAT_VEC f32 m=256 n=4 k=256: 1 x 3.12 us = 3.12 us (167.713 GFLOPS/s)
MUL_MAT_VEC q6_K m=1024 n=1 k=5120: 2 x 8.78 us = 17.56 us (1194.16 GFLOPS/s)
MUL_MAT_VEC q6_K m=12288 n=1 k=5120: 1 x 89.52 us = 89.52 us (1405.46 GFLOPS/s)
MUL_MAT_VEC q6_K m=17408 n=1 k=5120: 2 x 118.24 us = 236.48 us (1507.45 GFLOPS/s)
MUL_MAT_VEC q6_K m=98304 n=1 k=5120: 1 x 678.8 us = 678.8 us (1482.81 GFLOPS/s)
MUL_MAT_VEC q8_0 m=5120 n=1 k=10240: 1 x 94.2 us = 94.2 us (1113.08 GFLOPS/s)
PAD: 1 x 6.48 us = 6.48 us
RMS_NORM_MUL RMS_NORM(256,24,1,1): 1 x 5.92 us = 5.92 us
RMS_NORM_MUL RMS_NORM(256,4,1,1): 1 x 5.08 us = 5.08 us
RMS_NORM_MUL RMS_NORM(5120,1,1,1): 5 x 3.944 us = 19.72 us
ROPE: 2 x 3.44 us = 6.88 us
SET_ROWS: 2 x 2.82 us = 5.64 us
SIGMOID_MUL SIGMOID: 1 x 1.56 us = 1.56 us
TOP_K K=10 (98304,1,1,1): 1 x 8.96 us = 8.96 us
Total time: 1405.6 us.
----------------
Vulkan Timings:
CONCAT: 1 x 1.68 us = 1.68 us
CONT: 1 x 3.72 us = 3.72 us
FLASH_ATTN_EXT dst(256,24,1,1),  q(256,1,24,1),  k(256,256,4,1),  v(256,256,4,1),  m(256,1,1,1): 1 x 13.64 us = 13.64 us (461.25 GFLOPS/s)
GET_ROWS: 3 x 4.88 us = 14.64 us
GLU: 1 x 1.84 us = 1.84 us
MUL_MAT f32 m=256 n=24 k=256: 1 x 1.68 us = 1.68 us (1868.8 GFLOPS/s)
MUL_MAT f32 m=64 n=16 k=64: 1 x 3.76 us = 3.76 us (34.5872 GFLOPS/s)
MUL_MAT f32 m=64 n=96 k=64: 1 x 3.76 us = 3.76 us (207.523 GFLOPS/s)
MUL_MAT_ADD MUL_MAT_VEC q6_K m=5120 n=1 k=17408: 1 x 123.24 us = 123.24 us (1446.39 GFLOPS/s)
MUL_MAT_ADD MUL_MAT_VEC q6_K m=5120 n=1 k=6144: 1 x 53.28 us = 53.28 us (1180.73 GFLOPS/s)
MUL_MAT_VEC f32 m=256 n=4 k=256: 1 x 3.12 us = 3.12 us (167.713 GFLOPS/s)
MUL_MAT_VEC q6_K m=1024 n=1 k=5120: 2 x 8.84 us = 17.68 us (1186.06 GFLOPS/s)
MUL_MAT_VEC q6_K m=12288 n=1 k=5120: 1 x 85.48 us = 85.48 us (1471.89 GFLOPS/s)
MUL_MAT_VEC q6_K m=17408 n=1 k=5120: 2 x 121.58 us = 243.16 us (1466.03 GFLOPS/s)
MUL_MAT_VEC q6_K m=98304 n=1 k=5120: 1 x 680.09 us = 680.09 us (1480 GFLOPS/s)
MUL_MAT_VEC q8_0 m=5120 n=1 k=10240: 1 x 101.24 us = 101.24 us (1035.68 GFLOPS/s)
PAD: 1 x 6.44 us = 6.44 us
RMS_NORM_MUL RMS_NORM(256,24,1,1): 1 x 5.52 us = 5.52 us
RMS_NORM_MUL RMS_NORM(256,4,1,1): 1 x 3.72 us = 3.72 us
RMS_NORM_MUL RMS_NORM(5120,1,1,1): 5 x 3.664 us = 18.32 us
ROPE: 2 x 3.68 us = 7.36 us
SET_ROWS: 2 x 2.94 us = 5.88 us
SIGMOID_MUL SIGMOID: 1 x 2.52 us = 2.52 us
TOP_K K=10 (98304,1,1,1): 1 x 8.76 us = 8.76 us
Total time: 1410.53 us.
----------------
Vulkan Timings:
CONCAT: 1 x 1.64 us = 1.64 us
CONT: 1 x 3.72 us = 3.72 us
FLASH_ATTN_EXT dst(256,24,1,1),  q(256,1,24,1),  k(256,256,4,1),  v(256,256,4,1),  m(256,1,1,1): 1 x 13.6 us = 13.6 us (462.607 GFLOPS/s)
GET_ROWS: 3 x 4.933 us = 14.8 us
GLU: 1 x 1.8 us = 1.8 us
MUL_MAT f32 m=256 n=24 k=256: 1 x 1.56 us = 1.56 us (2012.55 GFLOPS/s)
MUL_MAT f32 m=64 n=16 k=64: 1 x 3.72 us = 3.72 us (34.9591 GFLOPS/s)
MUL_MAT f32 m=64 n=96 k=64: 1 x 3.68 us = 3.68 us (212.035 GFLOPS/s)
MUL_MAT_ADD MUL_MAT_VEC q6_K m=5120 n=1 k=17408: 1 x 123.04 us = 123.04 us (1448.74 GFLOPS/s)
MUL_MAT_ADD MUL_MAT_VEC q6_K m=5120 n=1 k=6144: 1 x 54.68 us = 54.68 us (1150.5 GFLOPS/s)
MUL_MAT_VEC f32 m=256 n=4 k=256: 1 x 3.12 us = 3.12 us (167.713 GFLOPS/s)
MUL_MAT_VEC q6_K m=1024 n=1 k=5120: 2 x 8.98 us = 17.96 us (1167.57 GFLOPS/s)
MUL_MAT_VEC q6_K m=12288 n=1 k=5120: 1 x 85.6 us = 85.6 us (1469.82 GFLOPS/s)
MUL_MAT_VEC q6_K m=17408 n=1 k=5120: 2 x 121.46 us = 242.92 us (1467.48 GFLOPS/s)
MUL_MAT_VEC q6_K m=98304 n=1 k=5120: 1 x 672.69 us = 672.69 us (1496.28 GFLOPS/s)
MUL_MAT_VEC q8_0 m=5120 n=1 k=10240: 1 x 101.48 us = 101.48 us (1033.23 GFLOPS/s)
PAD: 1 x 6.4 us = 6.4 us
RMS_NORM_MUL RMS_NORM(256,24,1,1): 1 x 5.56 us = 5.56 us
RMS_NORM_MUL RMS_NORM(256,4,1,1): 1 x 3.76 us = 3.76 us
RMS_NORM_MUL RMS_NORM(5120,1,1,1): 5 x 3.632 us = 18.16 us
ROPE: 2 x 3.72 us = 7.44 us
SET_ROWS: 2 x 2.92 us = 5.84 us
SIGMOID_MUL SIGMOID: 1 x 1.64 us = 1.64 us
TOP_K K=10 (98304,1,1,1): 1 x 8.92 us = 8.92 us
Total time: 1403.73 us.
----------------
Vulkan Timings:
CONCAT: 1 x 1.6 us = 1.6 us
CONT: 1 x 3.76 us = 3.76 us
FLASH_ATTN_EXT dst(256,24,1,1),  q(256,1,24,1),  k(256,256,4,1),  v(256,256,4,1),  m(256,1,1,1): 1 x 13.84 us = 13.84 us (454.585 GFLOPS/s)
GET_ROWS: 3 x 4.933 us = 14.8 us
GLU: 1 x 1.76 us = 1.76 us
MUL_MAT f32 m=256 n=24 k=256: 1 x 1.68 us = 1.68 us (1868.8 GFLOPS/s)
MUL_MAT f32 m=64 n=16 k=64: 1 x 3.72 us = 3.72 us (34.9591 GFLOPS/s)
MUL_MAT f32 m=64 n=96 k=64: 1 x 3.72 us = 3.72 us (209.755 GFLOPS/s)
MUL_MAT_ADD MUL_MAT_VEC q6_K m=5120 n=1 k=17408: 1 x 124.64 us = 124.64 us (1430.14 GFLOPS/s)
MUL_MAT_ADD MUL_MAT_VEC q6_K m=5120 n=1 k=6144: 1 x 54.16 us = 54.16 us (1161.55 GFLOPS/s)
MUL_MAT_VEC f32 m=256 n=4 k=256: 1 x 3.12 us = 3.12 us (167.713 GFLOPS/s)
MUL_MAT_VEC q6_K m=1024 n=1 k=5120: 2 x 8.88 us = 17.76 us (1180.71 GFLOPS/s)
MUL_MAT_VEC q6_K m=12288 n=1 k=5120: 1 x 85.6 us = 85.6 us (1469.82 GFLOPS/s)
MUL_MAT_VEC q6_K m=17408 n=1 k=5120: 2 x 121.36 us = 242.72 us (1468.69 GFLOPS/s)
MUL_MAT_VEC q6_K m=98304 n=1 k=5120: 1 x 674.08 us = 674.08 us (1493.2 GFLOPS/s)
MUL_MAT_VEC q8_0 m=5120 n=1 k=10240: 1 x 102.4 us = 102.4 us (1023.95 GFLOPS/s)
PAD: 1 x 6.4 us = 6.4 us
RMS_NORM_MUL RMS_NORM(256,24,1,1): 1 x 5.52 us = 5.52 us
RMS_NORM_MUL RMS_NORM(256,4,1,1): 1 x 3.72 us = 3.72 us
RMS_NORM_MUL RMS_NORM(5120,1,1,1): 5 x 3.696 us = 18.48 us
ROPE: 2 x 3.66 us = 7.32 us
SET_ROWS: 2 x 2.92 us = 5.84 us
SIGMOID_MUL SIGMOID: 1 x 1.68 us = 1.68 us
TOP_K K=10 (98304,1,1,1): 1 x 9.2 us = 9.2 us
Total time: 1407.52 us.
----------------
Vulkan Timings:
ADD: 48 x 3.986 us = 191.36 us
CONT: 16 x 3.92 us = 62.72 us
FLASH_ATTN_EXT dst(256,24,5,1),  q(256,5,24,1),  k(256,256,4,1),  v(256,256,4,1),  m(256,5,1,1): 16 x 23.597 us = 377.56 us (1333.08 GFLOPS/s)
GDN_CACHE GATED_DELTA_NET: 48 x 13.687 us = 657 us
GDN_CONV_STATE CONCAT: 48 x 3.131 us = 150.32 us
GET_ROWS: 3 x 11.253 us = 33.76 us
GLU: 64 x 2.858 us = 182.92 us
MUL_MAT f32 m=256 n=120 k=256: 16 x 1.837 us = 29.4 us (8543.09 GFLOPS/s)
MUL_MAT f32 m=256 n=20 k=256: 16 x 3.442 us = 55.08 us (760.006 GFLOPS/s)
MUL_MAT f32 m=64 n=480 k=64: 16 x 3.757 us = 60.12 us (1038.31 GFLOPS/s)
MUL_MAT f32 m=64 n=80 k=64: 16 x 3.475 us = 55.6 us (187.119 GFLOPS/s)
MUL_MAT_ADD MUL_MAT_VEC q6_K m=5120 n=5 k=17408: 64 x 207.2 us = 13260.8 us (4301.47 GFLOPS/s)
MUL_MAT_ADD MUL_MAT_VEC q6_K m=5120 n=5 k=6144: 16 x 77.95 us = 1247.2 us (4035.24 GFLOPS/s)
MUL_MAT_VEC f32 m=48 n=5 k=5120: 96 x 4.412 us = 423.6 us (556.909 GFLOPS/s)
MUL_MAT_VEC q6_K m=1024 n=5 k=5120: 32 x 12.301 us = 393.64 us (4261.65 GFLOPS/s)
MUL_MAT_VEC q6_K m=10240 n=5 k=5120: 48 x 110.165 us = 5287.92 us (4758.65 GFLOPS/s)
MUL_MAT_VEC q6_K m=12288 n=5 k=5120: 16 x 140.805 us = 2252.88 us (4467.77 GFLOPS/s)
MUL_MAT_VEC q6_K m=17408 n=5 k=5120: 128 x 183.311 us = 23463.8 us (4861.69 GFLOPS/s)
MUL_MAT_VEC q6_K m=248320 n=5 k=5120: 1 x 2418 us = 2418 us (5257.54 GFLOPS/s)
MUL_MAT_VEC q6_K m=6144 n=5 k=5120: 48 x 72.055 us = 3458.64 us (4365.31 GFLOPS/s)
MUL_MAT_VEC q8_0 m=5120 n=5 k=6144: 48 x 63.339 us = 3040.28 us (4966.08 GFLOPS/s)
RMS_NORM_MUL RMS_NORM(256,24,5,1): 16 x 3.835 us = 61.36 us
RMS_NORM_MUL RMS_NORM(256,4,5,1): 16 x 4.077 us = 65.24 us
RMS_NORM_MUL RMS_NORM(5120,5,1,1): 129 x 4.349 us = 561.08 us
RMS_NORM_MUL_SILU_MUL RMS_NORM(128,48,5,1): 48 x 5.895 us = 283 us
RMS_NORM_SCALE RMS_NORM(128,16,5,1): 96 x 2.588 us = 248.52 us
ROPE: 32 x 3.942 us = 126.16 us
SET_ROWS: 32 x 2.892 us = 92.56 us
SIGMOID_MUL SIGMOID: 16 x 3.805 us = 60.88 us
SSM_CONV_SILU SSM_CONV: 48 x 4.852 us = 232.92 us
Total time: 58834.4 us.
----------------
Vulkan Timings:
CONCAT: 1 x 3.88 us = 3.88 us
CONT: 1 x 3.8 us = 3.8 us
FLASH_ATTN_EXT dst(256,24,5,1),  q(256,5,24,1),  k(256,256,4,1),  v(256,256,4,1),  m(256,5,1,1): 1 x 23.24 us = 23.24 us (1353.58 GFLOPS/s)
GET_ROWS: 1 x 6.8 us = 6.8 us
GLU: 1 x 1.48 us = 1.48 us
MUL_MAT f32 m=256 n=120 k=256: 1 x 1.68 us = 1.68 us (9344 GFLOPS/s)
MUL_MAT f32 m=256 n=20 k=256: 1 x 3.2 us = 3.2 us (817.6 GFLOPS/s)
MUL_MAT f32 m=64 n=480 k=64: 1 x 3.84 us = 3.84 us (1016 GFLOPS/s)
MUL_MAT f32 m=64 n=80 k=64: 1 x 3.84 us = 3.84 us (169.333 GFLOPS/s)
MUL_MAT_ADD MUL_MAT_VEC q6_K m=5120 n=5 k=17408: 1 x 232.8 us = 232.8 us (3828.45 GFLOPS/s)
MUL_MAT_ADD MUL_MAT_VEC q6_K m=5120 n=5 k=6144: 1 x 86.4 us = 86.4 us (3640.59 GFLOPS/s)
MUL_MAT_VEC q6_K m=1024 n=5 k=5120: 2 x 15.98 us = 31.96 us (3280.58 GFLOPS/s)
MUL_MAT_VEC q6_K m=12288 n=5 k=5120: 1 x 156.53 us = 156.53 us (4018.94 GFLOPS/s)
MUL_MAT_VEC q6_K m=17408 n=5 k=5120: 2 x 181.12 us = 362.24 us (4920.51 GFLOPS/s)
MUL_MAT_VEC q8_0 m=5120 n=5 k=10240: 1 x 105.96 us = 105.96 us (4947.74 GFLOPS/s)
RMS_NORM_MUL RMS_NORM(256,24,5,1): 1 x 3.96 us = 3.96 us
RMS_NORM_MUL RMS_NORM(256,4,5,1): 1 x 3.8 us = 3.8 us
RMS_NORM_MUL RMS_NORM(5120,5,1,1): 5 x 9.146 us = 45.73 us
ROPE: 2 x 3.8 us = 7.6 us
SET_ROWS: 2 x 3.02 us = 6.04 us
SIGMOID_MUL SIGMOID: 1 x 1.72 us = 1.72 us
Total time: 1096.5 us.
----------------
Vulkan Timings:
CONCAT: 1 x 1.6 us = 1.6 us
CONT: 1 x 3.44 us = 3.44 us
FLASH_ATTN_EXT dst(256,24,1,1),  q(256,1,24,1),  k(256,256,4,1),  v(256,256,4,1),  m(256,1,1,1): 1 x 13.44 us = 13.44 us (468.114 GFLOPS/s)
GET_ROWS: 3 x 4.866 us = 14.6 us
GLU: 1 x 1.68 us = 1.68 us
MUL_MAT f32 m=256 n=24 k=256: 1 x 1.6 us = 1.6 us (1962.24 GFLOPS/s)
MUL_MAT f32 m=64 n=16 k=64: 1 x 3.32 us = 3.32 us (39.1711 GFLOPS/s)
MUL_MAT f32 m=64 n=96 k=64: 1 x 3.12 us = 3.12 us (250.092 GFLOPS/s)
MUL_MAT_ADD MUL_MAT_VEC q6_K m=5120 n=1 k=17408: 1 x 129.4 us = 129.4 us (1377.53 GFLOPS/s)
MUL_MAT_ADD MUL_MAT_VEC q6_K m=5120 n=1 k=6144: 1 x 53.56 us = 53.56 us (1174.56 GFLOPS/s)
MUL_MAT_VEC f32 m=256 n=4 k=256: 1 x 2.96 us = 2.96 us (176.778 GFLOPS/s)
MUL_MAT_VEC q6_K m=1024 n=1 k=5120: 2 x 8.74 us = 17.48 us (1199.63 GFLOPS/s)
MUL_MAT_VEC q6_K m=12288 n=1 k=5120: 1 x 89.16 us = 89.16 us (1411.14 GFLOPS/s)
MUL_MAT_VEC q6_K m=17408 n=1 k=5120: 2 x 118.58 us = 237.16 us (1503.12 GFLOPS/s)
MUL_MAT_VEC q6_K m=98304 n=1 k=5120: 1 x 674.28 us = 674.28 us (1492.75 GFLOPS/s)
MUL_MAT_VEC q8_0 m=5120 n=1 k=10240: 1 x 94.24 us = 94.24 us (1112.61 GFLOPS/s)
PAD: 1 x 6.32 us = 6.32 us
RMS_NORM_MUL RMS_NORM(256,24,1,1): 1 x 5.64 us = 5.64 us
RMS_NORM_MUL RMS_NORM(256,4,1,1): 1 x 3.44 us = 3.44 us
RMS_NORM_MUL RMS_NORM(5120,1,1,1): 5 x 4 us = 20 us
ROPE: 2 x 3.3 us = 6.6 us
SET_ROWS: 2 x 2.76 us = 5.52 us
SIGMOID_MUL SIGMOID: 1 x 1.52 us = 1.52 us
TOP_K K=10 (98304,1,1,1): 1 x 8.84 us = 8.84 us
Total time: 1398.92 us.
----------------
Vulkan Timings:
CONCAT: 1 x 1.84 us = 1.84 us
CONT: 1 x 3.56 us = 3.56 us
FLASH_ATTN_EXT dst(256,24,1,1),  q(256,1,24,1),  k(256,256,4,1),  v(256,256,4,1),  m(256,1,1,1): 1 x 13.84 us = 13.84 us (454.585 GFLOPS/s)
GET_ROWS: 3 x 4.813 us = 14.44 us
GLU: 1 x 1.72 us = 1.72 us
MUL_MAT f32 m=256 n=24 k=256: 1 x 1.6 us = 1.6 us (1962.24 GFLOPS/s)
MUL_MAT f32 m=64 n=16 k=64: 1 x 3.56 us = 3.56 us (36.5303 GFLOPS/s)
MUL_MAT f32 m=64 n=96 k=64: 1 x 3.6 us = 3.6 us (216.747 GFLOPS/s)
MUL_MAT_ADD MUL_MAT_VEC q6_K m=5120 n=1 k=17408: 1 x 123.28 us = 123.28 us (1445.92 GFLOPS/s)
MUL_MAT_ADD MUL_MAT_VEC q6_K m=5120 n=1 k=6144: 1 x 53.92 us = 53.92 us (1166.72 GFLOPS/s)
MUL_MAT_VEC f32 m=256 n=4 k=256: 1 x 2.96 us = 2.96 us (176.778 GFLOPS/s)
MUL_MAT_VEC q6_K m=1024 n=1 k=5120: 2 x 8.88 us = 17.76 us (1180.71 GFLOPS/s)
MUL_MAT_VEC q6_K m=12288 n=1 k=5120: 1 x 85.52 us = 85.52 us (1471.2 GFLOPS/s)
MUL_MAT_VEC q6_K m=17408 n=1 k=5120: 2 x 121.46 us = 242.92 us (1467.48 GFLOPS/s)
MUL_MAT_VEC q6_K m=98304 n=1 k=5120: 1 x 673.29 us = 673.29 us (1494.95 GFLOPS/s)
MUL_MAT_VEC q8_0 m=5120 n=1 k=10240: 1 x 101.88 us = 101.88 us (1029.18 GFLOPS/s)
PAD: 1 x 6.28 us = 6.28 us
RMS_NORM_MUL RMS_NORM(256,24,1,1): 1 x 5.28 us = 5.28 us
RMS_NORM_MUL RMS_NORM(256,4,1,1): 1 x 3.52 us = 3.52 us
RMS_NORM_MUL RMS_NORM(5120,1,1,1): 5 x 3.72 us = 18.6 us
ROPE: 2 x 3.54 us = 7.08 us
SET_ROWS: 2 x 2.9 us = 5.8 us
SIGMOID_MUL SIGMOID: 1 x 1.64 us = 1.64 us
TOP_K K=10 (98304,1,1,1): 1 x 8.96 us = 8.96 us
Total time: 1402.85 us.
----------------
Vulkan Timings:
CONCAT: 1 x 1.64 us = 1.64 us
CONT: 1 x 3.6 us = 3.6 us
FLASH_ATTN_EXT dst(256,24,1,1),  q(256,1,24,1),  k(256,256,4,1),  v(256,256,4,1),  m(256,1,1,1): 1 x 13.88 us = 13.88 us (453.275 GFLOPS/s)
GET_ROWS: 3 x 4.746 us = 14.24 us
GLU: 1 x 2.16 us = 2.16 us
MUL_MAT f32 m=256 n=24 k=256: 1 x 1.68 us = 1.68 us (1868.8 GFLOPS/s)
MUL_MAT f32 m=64 n=16 k=64: 1 x 3.52 us = 3.52 us (36.9455 GFLOPS/s)
MUL_MAT f32 m=64 n=96 k=64: 1 x 3.6 us = 3.6 us (216.747 GFLOPS/s)
MUL_MAT_ADD MUL_MAT_VEC q6_K m=5120 n=1 k=17408: 1 x 123.28 us = 123.28 us (1445.92 GFLOPS/s)
MUL_MAT_ADD MUL_MAT_VEC q6_K m=5120 n=1 k=6144: 1 x 54.04 us = 54.04 us (1164.13 GFLOPS/s)
MUL_MAT_VEC f32 m=256 n=4 k=256: 1 x 2.96 us = 2.96 us (176.778 GFLOPS/s)
MUL_MAT_VEC q6_K m=1024 n=1 k=5120: 2 x 8.74 us = 17.48 us (1199.63 GFLOPS/s)
MUL_MAT_VEC q6_K m=12288 n=1 k=5120: 1 x 85.88 us = 85.88 us (1465.03 GFLOPS/s)
MUL_MAT_VEC q6_K m=17408 n=1 k=5120: 2 x 121.54 us = 243.08 us (1466.52 GFLOPS/s)
MUL_MAT_VEC q6_K m=98304 n=1 k=5120: 1 x 674.25 us = 674.25 us (1492.82 GFLOPS/s)
MUL_MAT_VEC q8_0 m=5120 n=1 k=10240: 1 x 100.88 us = 100.88 us (1039.38 GFLOPS/s)
PAD: 1 x 6.28 us = 6.28 us
RMS_NORM_MUL RMS_NORM(256,24,1,1): 1 x 5.2 us = 5.2 us
RMS_NORM_MUL RMS_NORM(256,4,1,1): 1 x 3.56 us = 3.56 us
RMS_NORM_MUL RMS_NORM(5120,1,1,1): 5 x 3.704 us = 18.52 us
ROPE: 2 x 3.54 us = 7.08 us
SET_ROWS: 2 x 2.88 us = 5.76 us
SIGMOID_MUL SIGMOID: 1 x 1.64 us = 1.64 us
TOP_K K=10 (98304,1,1,1): 1 x 8.52 us = 8.52 us
Total time: 1402.73 us.
----------------
Vulkan Timings:
CONCAT: 1 x 1.68 us = 1.68 us
CONT: 1 x 3.56 us = 3.56 us
FLASH_ATTN_EXT dst(256,24,1,1),  q(256,1,24,1),  k(256,256,4,1),  v(256,256,4,1),  m(256,1,1,1): 1 x 13.72 us = 13.72 us (458.561 GFLOPS/s)
GET_ROWS: 3 x 4.906 us = 14.72 us
GLU: 1 x 1.8 us = 1.8 us
MUL_MAT f32 m=256 n=24 k=256: 1 x 1.64 us = 1.64 us (1914.38 GFLOPS/s)
MUL_MAT f32 m=64 n=16 k=64: 1 x 3.56 us = 3.56 us (36.5303 GFLOPS/s)
MUL_MAT f32 m=64 n=96 k=64: 1 x 3.56 us = 3.56 us (219.182 GFLOPS/s)
MUL_MAT_ADD MUL_MAT_VEC q6_K m=5120 n=1 k=17408: 1 x 124.4 us = 124.4 us (1432.9 GFLOPS/s)
MUL_MAT_ADD MUL_MAT_VEC q6_K m=5120 n=1 k=6144: 1 x 54.08 us = 54.08 us (1163.27 GFLOPS/s)
MUL_MAT_VEC f32 m=256 n=4 k=256: 1 x 3 us = 3 us (174.421 GFLOPS/s)
MUL_MAT_VEC q6_K m=1024 n=1 k=5120: 2 x 6.82 us = 13.64 us (1537.35 GFLOPS/s)
MUL_MAT_VEC q6_K m=12288 n=1 k=5120: 1 x 93.04 us = 93.04 us (1352.29 GFLOPS/s)
MUL_MAT_VEC q6_K m=17408 n=1 k=5120: 2 x 121.22 us = 242.44 us (1470.39 GFLOPS/s)
MUL_MAT_VEC q6_K m=98304 n=1 k=5120: 1 x 673.27 us = 673.27 us (1494.99 GFLOPS/s)
MUL_MAT_VEC q8_0 m=5120 n=1 k=10240: 1 x 101.44 us = 101.44 us (1033.64 GFLOPS/s)
PAD: 1 x 6.28 us = 6.28 us
RMS_NORM_MUL RMS_NORM(256,24,1,1): 1 x 3.6 us = 3.6 us
RMS_NORM_MUL RMS_NORM(256,4,1,1): 1 x 3.6 us = 3.6 us
RMS_NORM_MUL RMS_NORM(5120,1,1,1): 5 x 3.672 us = 18.36 us
ROPE: 2 x 3.56 us = 7.12 us
SET_ROWS: 2 x 2.88 us = 5.76 us
SIGMOID_MUL SIGMOID: 1 x 1.6 us = 1.6 us
TOP_K K=10 (98304,1,1,1): 1 x 8.52 us = 8.52 us
Total time: 1404.39 us.
----------------
Vulkan Timings:
ADD: 48 x 3.828 us = 183.76 us
CONT: 16 x 3.747 us = 59.96 us
FLASH_ATTN_EXT dst(256,24,5,1),  q(256,5,24,1),  k(256,256,4,1),  v(256,256,4,1),  m(256,5,1,1): 16 x 23.352 us = 373.64 us (1347.06 GFLOPS/s)
GDN_CACHE GATED_DELTA_NET: 48 x 14.582 us = 699.96 us
GDN_CONV_STATE CONCAT: 48 x 3.255 us = 156.24 us
GET_ROWS: 3 x 11.333 us = 34 us
GLU: 64 x 2.825 us = 180.84 us
MUL_MAT f32 m=256 n=120 k=256: 16 x 1.832 us = 29.32 us (8566.4 GFLOPS/s)
MUL_MAT f32 m=256 n=20 k=256: 16 x 3.285 us = 52.56 us (796.444 GFLOPS/s)
MUL_MAT f32 m=64 n=480 k=64: 16 x 3.612 us = 57.8 us (1079.98 GFLOPS/s)
MUL_MAT f32 m=64 n=80 k=64: 16 x 3.355 us = 53.68 us (193.812 GFLOPS/s)
MUL_MAT_ADD MUL_MAT_VEC q6_K m=5120 n=5 k=17408: 64 x 207.096 us = 13254.2 us (4303.62 GFLOPS/s)
MUL_MAT_ADD MUL_MAT_VEC q6_K m=5120 n=5 k=6144: 16 x 77.362 us = 1237.8 us (4065.89 GFLOPS/s)
MUL_MAT_VEC f32 m=48 n=5 k=5120: 96 x 4.338 us = 416.48 us (566.43 GFLOPS/s)
MUL_MAT_VEC q6_K m=1024 n=5 k=5120: 32 x 12.243 us = 391.8 us (4281.67 GFLOPS/s)
MUL_MAT_VEC q6_K m=10240 n=5 k=5120: 48 x 110.085 us = 5284.12 us (4762.07 GFLOPS/s)
MUL_MAT_VEC q6_K m=12288 n=5 k=5120: 16 x 140.785 us = 2252.56 us (4468.4 GFLOPS/s)
MUL_MAT_VEC q6_K m=17408 n=5 k=5120: 128 x 183.3 us = 23462.5 us (4861.97 GFLOPS/s)
MUL_MAT_VEC q6_K m=248320 n=5 k=5120: 1 x 2428.12 us = 2428.12 us (5235.63 GFLOPS/s)
MUL_MAT_VEC q6_K m=6144 n=5 k=5120: 48 x 71.278 us = 3421.36 us (4412.87 GFLOPS/s)
MUL_MAT_VEC q8_0 m=5120 n=5 k=6144: 48 x 63.233 us = 3035.2 us (4974.39 GFLOPS/s)
RMS_NORM_MUL RMS_NORM(256,24,5,1): 16 x 3.687 us = 59 us
RMS_NORM_MUL RMS_NORM(256,4,5,1): 16 x 3.88 us = 62.08 us
RMS_NORM_MUL RMS_NORM(5120,5,1,1): 129 x 4.275 us = 551.56 us
RMS_NORM_MUL_SILU_MUL RMS_NORM(128,48,5,1): 48 x 5.587 us = 268.2 us
RMS_NORM_SCALE RMS_NORM(128,16,5,1): 96 x 2.557 us = 245.56 us
ROPE: 32 x 3.793 us = 121.4 us
SET_ROWS: 32 x 2.873 us = 91.96 us
SIGMOID_MUL SIGMOID: 16 x 3.65 us = 58.4 us
SSM_CONV_SILU SSM_CONV: 48 x 4.691 us = 225.2 us
Total time: 58749.2 us.
----------------
Vulkan Timings:
CONCAT: 1 x 4.04 us = 4.04 us
CONT: 1 x 3.72 us = 3.72 us
FLASH_ATTN_EXT dst(256,24,5,1),  q(256,5,24,1),  k(256,256,4,1),  v(256,256,4,1),  m(256,5,1,1): 1 x 23.2 us = 23.2 us (1355.92 GFLOPS/s)
GET_ROWS: 1 x 6.56 us = 6.56 us
GLU: 1 x 1.72 us = 1.72 us
MUL_MAT f32 m=256 n=120 k=256: 1 x 1.76 us = 1.76 us (8919.27 GFLOPS/s)
MUL_MAT f32 m=256 n=20 k=256: 1 x 3.08 us = 3.08 us (849.455 GFLOPS/s)
MUL_MAT f32 m=64 n=480 k=64: 1 x 3.68 us = 3.68 us (1060.17 GFLOPS/s)
MUL_MAT f32 m=64 n=80 k=64: 1 x 3.64 us = 3.64 us (178.637 GFLOPS/s)
MUL_MAT_ADD MUL_MAT_VEC q6_K m=5120 n=5 k=17408: 1 x 234.46 us = 234.46 us (3801.35 GFLOPS/s)
MUL_MAT_ADD MUL_MAT_VEC q6_K m=5120 n=5 k=6144: 1 x 87 us = 87 us (3615.49 GFLOPS/s)
MUL_MAT_VEC q6_K m=1024 n=5 k=5120: 2 x 15.02 us = 30.04 us (3490.26 GFLOPS/s)
MUL_MAT_VEC q6_K m=12288 n=5 k=5120: 1 x 155.44 us = 155.44 us (4047.12 GFLOPS/s)
MUL_MAT_VEC q6_K m=17408 n=5 k=5120: 2 x 181.66 us = 363.32 us (4905.88 GFLOPS/s)
MUL_MAT_VEC q8_0 m=5120 n=5 k=10240: 1 x 104.52 us = 104.52 us (5015.91 GFLOPS/s)
RMS_NORM_MUL RMS_NORM(256,24,5,1): 1 x 5.72 us = 5.72 us
RMS_NORM_MUL RMS_NORM(256,4,5,1): 1 x 3.68 us = 3.68 us
RMS_NORM_MUL RMS_NORM(5120,5,1,1): 5 x 9.068 us = 45.34 us
ROPE: 2 x 3.64 us = 7.28 us
SET_ROWS: 2 x 3.04 us = 6.08 us
SIGMOID_MUL SIGMOID: 1 x 1.72 us = 1.72 us
Total time: 1096 us.
----------------
Vulkan Timings:
CONCAT: 1 x 1.72 us = 1.72 us
CONT: 1 x 3.56 us = 3.56 us
FLASH_ATTN_EXT dst(256,24,1,1),  q(256,1,24,1),  k(256,256,4,1),  v(256,256,4,1),  m(256,1,1,1): 1 x 13.44 us = 13.44 us (468.114 GFLOPS/s)
GET_ROWS: 3 x 4.986 us = 14.96 us
GLU: 1 x 1.92 us = 1.92 us
MUL_MAT f32 m=256 n=24 k=256: 1 x 1.56 us = 1.56 us (2012.55 GFLOPS/s)
MUL_MAT f32 m=64 n=16 k=64: 1 x 1.8 us = 1.8 us (72.2489 GFLOPS/s)
MUL_MAT f32 m=64 n=96 k=64: 1 x 3.32 us = 3.32 us (235.027 GFLOPS/s)
MUL_MAT_ADD MUL_MAT_VEC q6_K m=5120 n=1 k=17408: 1 x 130.96 us = 130.96 us (1361.12 GFLOPS/s)
MUL_MAT_ADD MUL_MAT_VEC q6_K m=5120 n=1 k=6144: 1 x 53.64 us = 53.64 us (1172.81 GFLOPS/s)
MUL_MAT_VEC f32 m=256 n=4 k=256: 1 x 3.12 us = 3.12 us (167.713 GFLOPS/s)
MUL_MAT_VEC q6_K m=1024 n=1 k=5120: 2 x 9.04 us = 18.08 us (1159.82 GFLOPS/s)
MUL_MAT_VEC q6_K m=12288 n=1 k=5120: 1 x 89.72 us = 89.72 us (1402.33 GFLOPS/s)
MUL_MAT_VEC q6_K m=17408 n=1 k=5120: 2 x 118.16 us = 236.32 us (1508.47 GFLOPS/s)
MUL_MAT_VEC q6_K m=98304 n=1 k=5120: 1 x 674.85 us = 674.85 us (1491.49 GFLOPS/s)
MUL_MAT_VEC q8_0 m=5120 n=1 k=10240: 1 x 93.68 us = 93.68 us (1119.26 GFLOPS/s)
PAD: 1 x 6.28 us = 6.28 us
RMS_NORM_MUL RMS_NORM(256,24,1,1): 1 x 6 us = 6 us
RMS_NORM_MUL RMS_NORM(256,4,1,1): 1 x 5.16 us = 5.16 us
RMS_NORM_MUL RMS_NORM(5120,1,1,1): 5 x 3.96 us = 19.8 us
ROPE: 2 x 3.48 us = 6.96 us
SET_ROWS: 2 x 2.84 us = 5.68 us
SIGMOID_MUL SIGMOID: 1 x 1.48 us = 1.48 us
TOP_K K=10 (98304,1,1,1): 1 x 9.2 us = 9.2 us
Total time: 1403.21 us.
----------------
Vulkan Timings:
CONCAT: 1 x 1.6 us = 1.6 us
CONT: 1 x 3.72 us = 3.72 us
FLASH_ATTN_EXT dst(256,24,1,1),  q(256,1,24,1),  k(256,256,4,1),  v(256,256,4,1),  m(256,1,1,1): 1 x 13.72 us = 13.72 us (458.561 GFLOPS/s)
GET_ROWS: 3 x 4.866 us = 14.6 us
GLU: 1 x 1.8 us = 1.8 us
MUL_MAT f32 m=256 n=24 k=256: 1 x 1.68 us = 1.68 us (1868.8 GFLOPS/s)
MUL_MAT f32 m=64 n=16 k=64: 1 x 3.76 us = 3.76 us (34.5872 GFLOPS/s)
MUL_MAT f32 m=64 n=96 k=64: 1 x 3.72 us = 3.72 us (209.755 GFLOPS/s)
MUL_MAT_ADD MUL_MAT_VEC q6_K m=5120 n=1 k=17408: 1 x 123.48 us = 123.48 us (1443.58 GFLOPS/s)
MUL_MAT_ADD MUL_MAT_VEC q6_K m=5120 n=1 k=6144: 1 x 53.32 us = 53.32 us (1179.85 GFLOPS/s)
MUL_MAT_VEC f32 m=256 n=4 k=256: 1 x 3.12 us = 3.12 us (167.713 GFLOPS/s)
MUL_MAT_VEC q6_K m=1024 n=1 k=5120: 2 x 8.84 us = 17.68 us (1186.06 GFLOPS/s)
MUL_MAT_VEC q6_K m=12288 n=1 k=5120: 1 x 85.84 us = 85.84 us (1465.71 GFLOPS/s)
MUL_MAT_VEC q6_K m=17408 n=1 k=5120: 2 x 121.54 us = 243.08 us (1466.52 GFLOPS/s)
MUL_MAT_VEC q6_K m=98304 n=1 k=5120: 1 x 757.32 us = 757.32 us (1329.07 GFLOPS/s)
MUL_MAT_VEC q8_0 m=5120 n=1 k=10240: 1 x 101.2 us = 101.2 us (1036.09 GFLOPS/s)
PAD: 1 x 6.48 us = 6.48 us
RMS_NORM_MUL RMS_NORM(256,24,1,1): 1 x 5.52 us = 5.52 us
RMS_NORM_MUL RMS_NORM(256,4,1,1): 1 x 3.72 us = 3.72 us
RMS_NORM_MUL RMS_NORM(5120,1,1,1): 5 x 3.696 us = 18.48 us
ROPE: 2 x 3.68 us = 7.36 us
SET_ROWS: 2 x 2.92 us = 5.84 us
SIGMOID_MUL SIGMOID: 1 x 1.68 us = 1.68 us
TOP_K K=10 (98304,1,1,1): 1 x 9.2 us = 9.2 us
Total time: 1487.92 us.
----------------
Vulkan Timings:
CONCAT: 1 x 1.68 us = 1.68 us
CONT: 1 x 3.76 us = 3.76 us
FLASH_ATTN_EXT dst(256,24,1,1),  q(256,1,24,1),  k(256,256,4,1),  v(256,256,4,1),  m(256,1,1,1): 1 x 13.96 us = 13.96 us (450.677 GFLOPS/s)
GET_ROWS: 3 x 4.946 us = 14.84 us
GLU: 1 x 1.84 us = 1.84 us
MUL_MAT f32 m=256 n=24 k=256: 1 x 1.6 us = 1.6 us (1962.24 GFLOPS/s)
MUL_MAT f32 m=64 n=16 k=64: 1 x 3.72 us = 3.72 us (34.9591 GFLOPS/s)
MUL_MAT f32 m=64 n=96 k=64: 1 x 3.72 us = 3.72 us (209.755 GFLOPS/s)
MUL_MAT_ADD MUL_MAT_VEC q6_K m=5120 n=1 k=17408: 1 x 124.12 us = 124.12 us (1436.13 GFLOPS/s)
MUL_MAT_ADD MUL_MAT_VEC q6_K m=5120 n=1 k=6144: 1 x 53.84 us = 53.84 us (1168.45 GFLOPS/s)
MUL_MAT_VEC f32 m=256 n=4 k=256: 1 x 3.12 us = 3.12 us (167.713 GFLOPS/s)
MUL_MAT_VEC q6_K m=1024 n=1 k=5120: 2 x 8.66 us = 17.32 us (1210.71 GFLOPS/s)
MUL_MAT_VEC q6_K m=12288 n=1 k=5120: 1 x 85.84 us = 85.84 us (1465.71 GFLOPS/s)
MUL_MAT_VEC q6_K m=17408 n=1 k=5120: 2 x 121.56 us = 243.12 us (1466.28 GFLOPS/s)
MUL_MAT_VEC q6_K m=98304 n=1 k=5120: 1 x 670.52 us = 670.52 us (1501.13 GFLOPS/s)
MUL_MAT_VEC q8_0 m=5120 n=1 k=10240: 1 x 101.08 us = 101.08 us (1037.32 GFLOPS/s)
PAD: 1 x 6.4 us = 6.4 us
RMS_NORM_MUL RMS_NORM(256,24,1,1): 1 x 5.52 us = 5.52 us
RMS_NORM_MUL RMS_NORM(256,4,1,1): 1 x 3.72 us = 3.72 us
RMS_NORM_MUL RMS_NORM(5120,1,1,1): 5 x 3.64 us = 18.2 us
ROPE: 2 x 3.7 us = 7.4 us
SET_ROWS: 2 x 2.94 us = 5.88 us
SIGMOID_MUL SIGMOID: 1 x 1.68 us = 1.68 us
TOP_K K=10 (98304,1,1,1): 1 x 8.92 us = 8.92 us
Total time: 1401.8 us.
----------------
Vulkan Timings:
CONCAT: 1 x 1.68 us = 1.68 us
CONT: 1 x 3.72 us = 3.72 us
FLASH_ATTN_EXT dst(256,24,1,1),  q(256,1,24,1),  k(256,256,4,1),  v(256,256,4,1),  m(256,1,1,1): 1 x 13.72 us = 13.72 us (458.561 GFLOPS/s)
GET_ROWS: 3 x 4.92 us = 14.76 us
GLU: 1 x 1.84 us = 1.84 us
MUL_MAT f32 m=256 n=24 k=256: 1 x 1.64 us = 1.64 us (1914.38 GFLOPS/s)
MUL_MAT f32 m=64 n=16 k=64: 1 x 3.72 us = 3.72 us (34.9591 GFLOPS/s)
MUL_MAT f32 m=64 n=96 k=64: 1 x 3.68 us = 3.68 us (212.035 GFLOPS/s)
MUL_MAT_ADD MUL_MAT_VEC q6_K m=5120 n=1 k=17408: 1 x 124.52 us = 124.52 us (1431.52 GFLOPS/s)
MUL_MAT_ADD MUL_MAT_VEC q6_K m=5120 n=1 k=6144: 1 x 53.6 us = 53.6 us (1173.68 GFLOPS/s)
MUL_MAT_VEC f32 m=256 n=4 k=256: 1 x 3.16 us = 3.16 us (165.59 GFLOPS/s)
MUL_MAT_VEC q6_K m=1024 n=1 k=5120: 2 x 8.78 us = 17.56 us (1194.16 GFLOPS/s)
MUL_MAT_VEC q6_K m=12288 n=1 k=5120: 1 x 85.76 us = 85.76 us (1467.08 GFLOPS/s)
MUL_MAT_VEC q6_K m=17408 n=1 k=5120: 2 x 121.18 us = 242.36 us (1470.87 GFLOPS/s)
MUL_MAT_VEC q6_K m=98304 n=1 k=5120: 1 x 672 us = 672 us (1497.82 GFLOPS/s)
MUL_MAT_VEC q8_0 m=5120 n=1 k=10240: 1 x 101.4 us = 101.4 us (1034.05 GFLOPS/s)
PAD: 1 x 6.48 us = 6.48 us
RMS_NORM_MUL RMS_NORM(256,24,1,1): 1 x 5.52 us = 5.52 us
RMS_NORM_MUL RMS_NORM(256,4,1,1): 1 x 3.76 us = 3.76 us
RMS_NORM_MUL RMS_NORM(5120,1,1,1): 5 x 3.672 us = 18.36 us
ROPE: 2 x 3.7 us = 7.4 us
SET_ROWS: 2 x 3 us = 6 us
SIGMOID_MUL SIGMOID: 1 x 1.64 us = 1.64 us
TOP_K K=10 (98304,1,1,1): 1 x 8.92 us = 8.92 us
Total time: 1403.2 us.
----------------
Vulkan Timings:
ADD: 48 x 3.985 us = 191.32 us
CONT: 16 x 3.895 us = 62.32 us
FLASH_ATTN_EXT dst(256,24,5,1),  q(256,5,24,1),  k(256,256,4,1),  v(256,256,4,1),  m(256,5,1,1): 16 x 23.072 us = 369.16 us (1363.41 GFLOPS/s)
GDN_CACHE GATED_DELTA_NET: 48 x 13.638 us = 654.64 us
GDN_CONV_STATE CONCAT: 48 x 3.115 us = 149.56 us
GET_ROWS: 3 x 11.373 us = 34.12 us
GLU: 64 x 2.906 us = 186.04 us
MUL_MAT f32 m=256 n=120 k=256: 16 x 1.812 us = 29 us (8660.92 GFLOPS/s)
MUL_MAT f32 m=256 n=20 k=256: 16 x 3.575 us = 57.2 us (731.838 GFLOPS/s)
MUL_MAT f32 m=64 n=480 k=64: 16 x 3.742 us = 59.88 us (1042.47 GFLOPS/s)
MUL_MAT f32 m=64 n=80 k=64: 16 x 3.47 us = 55.52 us (187.389 GFLOPS/s)
MUL_MAT_ADD MUL_MAT_VEC q6_K m=5120 n=5 k=17408: 64 x 207.087 us = 13253.6 us (4303.8 GFLOPS/s)
MUL_MAT_ADD MUL_MAT_VEC q6_K m=5120 n=5 k=6144: 16 x 77.982 us = 1247.72 us (4033.56 GFLOPS/s)
MUL_MAT_VEC f32 m=48 n=5 k=5120: 96 x 4.378 us = 420.32 us (561.255 GFLOPS/s)
MUL_MAT_VEC q6_K m=1024 n=5 k=5120: 32 x 11.776 us = 376.84 us (4451.64 GFLOPS/s)
MUL_MAT_VEC q6_K m=10240 n=5 k=5120: 48 x 110.076 us = 5283.68 us (4762.47 GFLOPS/s)
MUL_MAT_VEC q6_K m=12288 n=5 k=5120: 16 x 141.7 us = 2267.2 us (4439.55 GFLOPS/s)
MUL_MAT_VEC q6_K m=17408 n=5 k=5120: 128 x 182.965 us = 23419.6 us (4870.87 GFLOPS/s)
MUL_MAT_VEC q6_K m=248320 n=5 k=5120: 1 x 2415.8 us = 2415.8 us (5262.33 GFLOPS/s)
MUL_MAT_VEC q6_K m=6144 n=5 k=5120: 48 x 71.93 us = 3452.64 us (4372.89 GFLOPS/s)
MUL_MAT_VEC q8_0 m=5120 n=5 k=6144: 48 x 63.335 us = 3040.12 us (4966.34 GFLOPS/s)
RMS_NORM_MUL RMS_NORM(256,24,5,1): 16 x 3.84 us = 61.44 us
RMS_NORM_MUL RMS_NORM(256,4,5,1): 16 x 4.065 us = 65.04 us
RMS_NORM_MUL RMS_NORM(5120,5,1,1): 129 x 4.354 us = 561.76 us
RMS_NORM_MUL_SILU_MUL RMS_NORM(128,48,5,1): 48 x 5.893 us = 282.88 us
RMS_NORM_SCALE RMS_NORM(128,16,5,1): 96 x 2.611 us = 250.68 us
ROPE: 32 x 3.946 us = 126.28 us
SET_ROWS: 32 x 2.982 us = 95.44 us
SIGMOID_MUL SIGMOID: 16 x 3.792 us = 60.68 us
SSM_CONV_SILU SSM_CONV: 48 x 4.839 us = 232.28 us
Total time: 58762.8 us.
----------------
Vulkan Timings:
CONCAT: 1 x 3.84 us = 3.84 us
CONT: 1 x 3.84 us = 3.84 us
FLASH_ATTN_EXT dst(256,24,5,1),  q(256,5,24,1),  k(256,256,4,1),  v(256,256,4,1),  m(256,5,1,1): 1 x 23.36 us = 23.36 us (1346.63 GFLOPS/s)
GET_ROWS: 1 x 6.72 us = 6.72 us
GLU: 1 x 1.76 us = 1.76 us
MUL_MAT f32 m=256 n=120 k=256: 1 x 1.72 us = 1.72 us (9126.7 GFLOPS/s)
MUL_MAT f32 m=256 n=20 k=256: 1 x 3.24 us = 3.24 us (807.506 GFLOPS/s)
MUL_MAT f32 m=64 n=480 k=64: 1 x 3.88 us = 3.88 us (1005.53 GFLOPS/s)
MUL_MAT f32 m=64 n=80 k=64: 1 x 3.8 us = 3.8 us (171.116 GFLOPS/s)
MUL_MAT_ADD MUL_MAT_VEC q6_K m=5120 n=5 k=17408: 1 x 229.55 us = 229.55 us (3882.66 GFLOPS/s)
MUL_MAT_ADD MUL_MAT_VEC q6_K m=5120 n=5 k=6144: 1 x 86.4 us = 86.4 us (3640.59 GFLOPS/s)
MUL_MAT_VEC q6_K m=1024 n=5 k=5120: 2 x 16.08 us = 32.16 us (3260.18 GFLOPS/s)
MUL_MAT_VEC q6_K m=12288 n=5 k=5120: 1 x 178.08 us = 178.08 us (3532.59 GFLOPS/s)
MUL_MAT_VEC q6_K m=17408 n=5 k=5120: 2 x 180.62 us = 361.24 us (4934.13 GFLOPS/s)
MUL_MAT_VEC q8_0 m=5120 n=5 k=10240: 1 x 107.76 us = 107.76 us (4865.09 GFLOPS/s)
RMS_NORM_MUL RMS_NORM(256,24,5,1): 1 x 3.96 us = 3.96 us
RMS_NORM_MUL RMS_NORM(256,4,5,1): 1 x 3.76 us = 3.76 us
RMS_NORM_MUL RMS_NORM(5120,5,1,1): 5 x 9.576 us = 47.88 us
ROPE: 2 x 3.78 us = 7.56 us
SET_ROWS: 2 x 3.02 us = 6.04 us
SIGMOID_MUL SIGMOID: 1 x 1.72 us = 1.72 us
Total time: 1118.27 us.
----------------
Vulkan Timings:
CONCAT: 1 x 1.68 us = 1.68 us
CONT: 1 x 3.48 us = 3.48 us
FLASH_ATTN_EXT dst(256,24,1,1),  q(256,1,24,1),  k(256,256,4,1),  v(256,256,4,1),  m(256,1,1,1): 1 x 13.48 us = 13.48 us (466.725 GFLOPS/s)
GET_ROWS: 3 x 4.92 us = 14.76 us
GLU: 1 x 1.64 us = 1.64 us
MUL_MAT f32 m=256 n=24 k=256: 1 x 1.44 us = 1.44 us (2180.27 GFLOPS/s)
MUL_MAT f32 m=64 n=16 k=64: 1 x 1.76 us = 1.76 us (73.8909 GFLOPS/s)
MUL_MAT f32 m=64 n=96 k=64: 1 x 3.2 us = 3.2 us (243.84 GFLOPS/s)
MUL_MAT_ADD MUL_MAT_VEC q6_K m=5120 n=1 k=17408: 1 x 130.04 us = 130.04 us (1370.75 GFLOPS/s)
MUL_MAT_ADD MUL_MAT_VEC q6_K m=5120 n=1 k=6144: 1 x 52.96 us = 52.96 us (1187.87 GFLOPS/s)
MUL_MAT_VEC f32 m=256 n=4 k=256: 1 x 3 us = 3 us (174.421 GFLOPS/s)
MUL_MAT_VEC q6_K m=1024 n=1 k=5120: 2 x 6.7 us = 13.4 us (1564.89 GFLOPS/s)
MUL_MAT_VEC q6_K m=12288 n=1 k=5120: 1 x 97.28 us = 97.28 us (1293.35 GFLOPS/s)
MUL_MAT_VEC q6_K m=17408 n=1 k=5120: 2 x 118.52 us = 237.04 us (1503.89 GFLOPS/s)
MUL_MAT_VEC q6_K m=98304 n=1 k=5120: 1 x 674 us = 674 us (1493.37 GFLOPS/s)
MUL_MAT_VEC q8_0 m=5120 n=1 k=10240: 1 x 93.76 us = 93.76 us (1118.31 GFLOPS/s)
PAD: 1 x 6.28 us = 6.28 us
RMS_NORM_MUL RMS_NORM(256,24,1,1): 1 x 3.16 us = 3.16 us
RMS_NORM_MUL RMS_NORM(256,4,1,1): 1 x 4.76 us = 4.76 us
RMS_NORM_MUL RMS_NORM(5120,1,1,1): 5 x 3.96 us = 19.8 us
ROPE: 2 x 3.28 us = 6.56 us
SET_ROWS: 2 x 2.78 us = 5.56 us
SIGMOID_MUL SIGMOID: 1 x 1.56 us = 1.56 us
TOP_K K=10 (98304,1,1,1): 1 x 8.72 us = 8.72 us
Total time: 1399.32 us.
----------------
Vulkan Timings:
CONCAT: 1 x 1.68 us = 1.68 us
CONT: 1 x 3.56 us = 3.56 us
FLASH_ATTN_EXT dst(256,24,1,1),  q(256,1,24,1),  k(256,256,4,1),  v(256,256,4,1),  m(256,1,1,1): 1 x 13.68 us = 13.68 us (459.902 GFLOPS/s)
GET_ROWS: 3 x 4.853 us = 14.56 us
GLU: 1 x 1.92 us = 1.92 us
MUL_MAT f32 m=256 n=24 k=256: 1 x 1.64 us = 1.64 us (1914.38 GFLOPS/s)
MUL_MAT f32 m=64 n=16 k=64: 1 x 3.56 us = 3.56 us (36.5303 GFLOPS/s)
MUL_MAT f32 m=64 n=96 k=64: 1 x 3.56 us = 3.56 us (219.182 GFLOPS/s)
MUL_MAT_ADD MUL_MAT_VEC q6_K m=5120 n=1 k=17408: 1 x 123.24 us = 123.24 us (1446.39 GFLOPS/s)
MUL_MAT_ADD MUL_MAT_VEC q6_K m=5120 n=1 k=6144: 1 x 53.12 us = 53.12 us (1184.29 GFLOPS/s)
MUL_MAT_VEC f32 m=256 n=4 k=256: 1 x 3 us = 3 us (174.421 GFLOPS/s)
MUL_MAT_VEC q6_K m=1024 n=1 k=5120: 2 x 8.78 us = 17.56 us (1194.16 GFLOPS/s)
MUL_MAT_VEC q6_K m=12288 n=1 k=5120: 1 x 85.48 us = 85.48 us (1471.89 GFLOPS/s)
MUL_MAT_VEC q6_K m=17408 n=1 k=5120: 2 x 121.34 us = 242.68 us (1468.93 GFLOPS/s)
MUL_MAT_VEC q6_K m=98304 n=1 k=5120: 1 x 672.03 us = 672.03 us (1497.75 GFLOPS/s)
MUL_MAT_VEC q8_0 m=5120 n=1 k=10240: 1 x 101.6 us = 101.6 us (1032.01 GFLOPS/s)
PAD: 1 x 6.36 us = 6.36 us
RMS_NORM_MUL RMS_NORM(256,24,1,1): 1 x 5.24 us = 5.24 us
RMS_NORM_MUL RMS_NORM(256,4,1,1): 1 x 3.56 us = 3.56 us
RMS_NORM_MUL RMS_NORM(5120,1,1,1): 5 x 3.704 us = 18.52 us
ROPE: 2 x 3.54 us = 7.08 us
SET_ROWS: 2 x 2.96 us = 5.92 us
SIGMOID_MUL SIGMOID: 1 x 1.64 us = 1.64 us
TOP_K K=10 (98304,1,1,1): 1 x 9.08 us = 9.08 us
Total time: 1400.27 us.
----------------
Vulkan Timings:
CONCAT: 1 x 1.6 us = 1.6 us
CONT: 1 x 3.56 us = 3.56 us
FLASH_ATTN_EXT dst(256,24,1,1),  q(256,1,24,1),  k(256,256,4,1),  v(256,256,4,1),  m(256,1,1,1): 1 x 13.68 us = 13.68 us (459.902 GFLOPS/s)
GET_ROWS: 3 x 4.84 us = 14.52 us
GLU: 1 x 1.84 us = 1.84 us
MUL_MAT f32 m=256 n=24 k=256: 1 x 1.72 us = 1.72 us (1825.34 GFLOPS/s)
MUL_MAT f32 m=64 n=16 k=64: 1 x 3.6 us = 3.6 us (36.1244 GFLOPS/s)
MUL_MAT f32 m=64 n=96 k=64: 1 x 3.6 us = 3.6 us (216.747 GFLOPS/s)
MUL_MAT_ADD MUL_MAT_VEC q6_K m=5120 n=1 k=17408: 1 x 123.84 us = 123.84 us (1439.38 GFLOPS/s)
MUL_MAT_ADD MUL_MAT_VEC q6_K m=5120 n=1 k=6144: 1 x 53 us = 53 us (1186.97 GFLOPS/s)
MUL_MAT_VEC f32 m=256 n=4 k=256: 1 x 2.96 us = 2.96 us (176.778 GFLOPS/s)
MUL_MAT_VEC q6_K m=1024 n=1 k=5120: 2 x 8.96 us = 17.92 us (1170.17 GFLOPS/s)
MUL_MAT_VEC q6_K m=12288 n=1 k=5120: 1 x 85.6 us = 85.6 us (1469.82 GFLOPS/s)
MUL_MAT_VEC q6_K m=17408 n=1 k=5120: 2 x 121.36 us = 242.72 us (1468.69 GFLOPS/s)
MUL_MAT_VEC q6_K m=98304 n=1 k=5120: 1 x 672.27 us = 672.27 us (1497.22 GFLOPS/s)
MUL_MAT_VEC q8_0 m=5120 n=1 k=10240: 1 x 101.2 us = 101.2 us (1036.09 GFLOPS/s)
PAD: 1 x 6.32 us = 6.32 us
RMS_NORM_MUL RMS_NORM(256,24,1,1): 1 x 5.24 us = 5.24 us
RMS_NORM_MUL RMS_NORM(256,4,1,1): 1 x 3.56 us = 3.56 us
RMS_NORM_MUL RMS_NORM(5120,1,1,1): 5 x 3.688 us = 18.44 us
ROPE: 2 x 3.6 us = 7.2 us
SET_ROWS: 2 x 2.86 us = 5.72 us
SIGMOID_MUL SIGMOID: 1 x 1.64 us = 1.64 us
TOP_K K=10 (98304,1,1,1): 1 x 9.28 us = 9.28 us
Total time: 1401.03 us.
----------------
Vulkan Timings:
CONCAT: 1 x 1.88 us = 1.88 us
CONT: 1 x 3.6 us = 3.6 us
FLASH_ATTN_EXT dst(256,24,1,1),  q(256,1,24,1),  k(256,256,4,1),  v(256,256,4,1),  m(256,1,1,1): 1 x 13.88 us = 13.88 us (453.275 GFLOPS/s)
GET_ROWS: 3 x 4.88 us = 14.64 us
GLU: 1 x 1.84 us = 1.84 us
MUL_MAT f32 m=256 n=24 k=256: 1 x 1.6 us = 1.6 us (1962.24 GFLOPS/s)
MUL_MAT f32 m=64 n=16 k=64: 1 x 3.56 us = 3.56 us (36.5303 GFLOPS/s)
MUL_MAT f32 m=64 n=96 k=64: 1 x 3.6 us = 3.6 us (216.747 GFLOPS/s)
MUL_MAT_ADD MUL_MAT_VEC q6_K m=5120 n=1 k=17408: 1 x 123.12 us = 123.12 us (1447.8 GFLOPS/s)
MUL_MAT_ADD MUL_MAT_VEC q6_K m=5120 n=1 k=6144: 1 x 54.24 us = 54.24 us (1159.83 GFLOPS/s)
MUL_MAT_VEC f32 m=256 n=4 k=256: 1 x 2.96 us = 2.96 us (176.778 GFLOPS/s)
MUL_MAT_VEC q6_K m=1024 n=1 k=5120: 2 x 8.92 us = 17.84 us (1175.42 GFLOPS/s)
MUL_MAT_VEC q6_K m=12288 n=1 k=5120: 1 x 85.32 us = 85.32 us (1474.65 GFLOPS/s)
MUL_MAT_VEC q6_K m=17408 n=1 k=5120: 2 x 121.9 us = 243.8 us (1462.19 GFLOPS/s)
MUL_MAT_VEC q6_K m=98304 n=1 k=5120: 1 x 673.02 us = 673.02 us (1495.55 GFLOPS/s)
MUL_MAT_VEC q8_0 m=5120 n=1 k=10240: 1 x 101.44 us = 101.44 us (1033.64 GFLOPS/s)
PAD: 1 x 6.28 us = 6.28 us
RMS_NORM_MUL RMS_NORM(256,24,1,1): 1 x 5.24 us = 5.24 us
RMS_NORM_MUL RMS_NORM(256,4,1,1): 1 x 3.56 us = 3.56 us
RMS_NORM_MUL RMS_NORM(5120,1,1,1): 5 x 3.672 us = 18.36 us
ROPE: 2 x 3.52 us = 7.04 us
SET_ROWS: 2 x 2.86 us = 5.72 us
SIGMOID_MUL SIGMOID: 1 x 1.72 us = 1.72 us
TOP_K K=10 (98304,1,1,1): 1 x 8.72 us = 8.72 us
Total time: 1402.98 us.
----------------
Vulkan Timings:
ADD: 48 x 3.834 us = 184.04 us
CONT: 16 x 3.757 us = 60.12 us
FLASH_ATTN_EXT dst(256,24,5,1),  q(256,5,24,1),  k(256,256,4,1),  v(256,256,4,1),  m(256,5,1,1): 16 x 23.56 us = 376.96 us (1335.2 GFLOPS/s)
GDN_CACHE GATED_DELTA_NET: 48 x 14.584 us = 700.04 us
GDN_CONV_STATE CONCAT: 48 x 3.306 us = 158.72 us
GET_ROWS: 3 x 11.24 us = 33.72 us
GLU: 64 x 2.861 us = 183.16 us
MUL_MAT f32 m=256 n=120 k=256: 16 x 1.83 us = 29.28 us (8578.1 GFLOPS/s)
MUL_MAT f32 m=256 n=20 k=256: 16 x 3.3 us = 52.8 us (792.824 GFLOPS/s)
MUL_MAT f32 m=64 n=480 k=64: 16 x 3.625 us = 58 us (1076.26 GFLOPS/s)
MUL_MAT f32 m=64 n=80 k=64: 16 x 3.357 us = 53.72 us (193.668 GFLOPS/s)
MUL_MAT_ADD MUL_MAT_VEC q6_K m=5120 n=5 k=17408: 64 x 207.215 us = 13261.8 us (4301.14 GFLOPS/s)
MUL_MAT_ADD MUL_MAT_VEC q6_K m=5120 n=5 k=6144: 16 x 77.892 us = 1246.28 us (4038.22 GFLOPS/s)
MUL_MAT_VEC f32 m=48 n=5 k=5120: 96 x 4.377 us = 420.24 us (561.362 GFLOPS/s)
MUL_MAT_VEC q6_K m=1024 n=5 k=5120: 32 x 12.232 us = 391.44 us (4285.61 GFLOPS/s)
MUL_MAT_VEC q6_K m=10240 n=5 k=5120: 48 x 110.257 us = 5292.36 us (4754.66 GFLOPS/s)
MUL_MAT_VEC q6_K m=12288 n=5 k=5120: 16 x 140.81 us = 2252.96 us (4467.61 GFLOPS/s)
MUL_MAT_VEC q6_K m=17408 n=5 k=5120: 128 x 183.404 us = 23475.7 us (4859.23 GFLOPS/s)
MUL_MAT_VEC q6_K m=248320 n=5 k=5120: 1 x 2421.56 us = 2421.56 us (5249.82 GFLOPS/s)
MUL_MAT_VEC q6_K m=6144 n=5 k=5120: 48 x 71.179 us = 3416.6 us (4419.02 GFLOPS/s)
MUL_MAT_VEC q8_0 m=5120 n=5 k=6144: 48 x 63.226 us = 3034.88 us (4974.91 GFLOPS/s)
RMS_NORM_MUL RMS_NORM(256,24,5,1): 16 x 3.69 us = 59.04 us
RMS_NORM_MUL RMS_NORM(256,4,5,1): 16 x 3.882 us = 62.12 us
RMS_NORM_MUL RMS_NORM(5120,5,1,1): 129 x 4.271 us = 550.96 us
RMS_NORM_MUL_SILU_MUL RMS_NORM(128,48,5,1): 48 x 5.594 us = 268.52 us
RMS_NORM_SCALE RMS_NORM(128,16,5,1): 96 x 2.543 us = 244.16 us
ROPE: 32 x 3.802 us = 121.68 us
SET_ROWS: 32 x 2.831 us = 90.6 us
SIGMOID_MUL SIGMOID: 16 x 3.667 us = 58.68 us
SSM_CONV_SILU SSM_CONV: 48 x 4.705 us = 225.84 us
Total time: 58786 us.
----------------
Vulkan Timings:
CONCAT: 1 x 4.12 us = 4.12 us
CONT: 1 x 3.76 us = 3.76 us
FLASH_ATTN_EXT dst(256,24,5,1),  q(256,5,24,1),  k(256,256,4,1),  v(256,256,4,1),  m(256,5,1,1): 1 x 23.84 us = 23.84 us (1319.52 GFLOPS/s)
GET_ROWS: 1 x 6.64 us = 6.64 us
GLU: 1 x 1.48 us = 1.48 us
MUL_MAT f32 m=256 n=120 k=256: 1 x 1.72 us = 1.72 us (9126.7 GFLOPS/s)
MUL_MAT f32 m=256 n=20 k=256: 1 x 3.12 us = 3.12 us (838.564 GFLOPS/s)
MUL_MAT f32 m=64 n=480 k=64: 1 x 3.76 us = 3.76 us (1037.62 GFLOPS/s)
MUL_MAT f32 m=64 n=80 k=64: 1 x 3.68 us = 3.68 us (176.696 GFLOPS/s)
MUL_MAT_ADD MUL_MAT_VEC q6_K m=5120 n=5 k=17408: 1 x 232.26 us = 232.26 us (3837.35 GFLOPS/s)
MUL_MAT_ADD MUL_MAT_VEC q6_K m=5120 n=5 k=6144: 1 x 85.04 us = 85.04 us (3698.81 GFLOPS/s)
MUL_MAT_VEC q6_K m=1024 n=5 k=5120: 2 x 16.04 us = 32.08 us (3268.31 GFLOPS/s)
MUL_MAT_VEC q6_K m=12288 n=5 k=5120: 1 x 152.89 us = 152.89 us (4114.62 GFLOPS/s)
MUL_MAT_VEC q6_K m=17408 n=5 k=5120: 2 x 180.5 us = 361 us (4937.41 GFLOPS/s)
MUL_MAT_VEC q8_0 m=5120 n=5 k=10240: 1 x 106.76 us = 106.76 us (4910.66 GFLOPS/s)
RMS_NORM_MUL RMS_NORM(256,24,5,1): 1 x 3.84 us = 3.84 us
RMS_NORM_MUL RMS_NORM(256,4,5,1): 1 x 3.72 us = 3.72 us
RMS_NORM_MUL RMS_NORM(5120,5,1,1): 5 x 9.102 us = 45.51 us
ROPE: 2 x 3.72 us = 7.44 us
SET_ROWS: 2 x 2.98 us = 5.96 us
SIGMOID_MUL SIGMOID: 1 x 1.72 us = 1.72 us
Total time: 1090.34 us.
----------------
Vulkan Timings:
CONCAT: 1 x 1.68 us = 1.68 us
CONT: 1 x 3.56 us = 3.56 us
FLASH_ATTN_EXT dst(256,24,1,1),  q(256,1,24,1),  k(256,256,4,1),  v(256,256,4,1),  m(256,1,1,1): 1 x 13.4 us = 13.4 us (469.512 GFLOPS/s)
GET_ROWS: 3 x 5.04 us = 15.12 us
GLU: 1 x 1.64 us = 1.64 us
MUL_MAT f32 m=256 n=24 k=256: 1 x 1.44 us = 1.44 us (2180.27 GFLOPS/s)
MUL_MAT f32 m=64 n=16 k=64: 1 x 3.48 us = 3.48 us (37.3701 GFLOPS/s)
MUL_MAT f32 m=64 n=96 k=64: 1 x 3.36 us = 3.36 us (232.229 GFLOPS/s)
MUL_MAT_ADD MUL_MAT_VEC q6_K m=5120 n=1 k=17408: 1 x 129.92 us = 129.92 us (1372.02 GFLOPS/s)
MUL_MAT_ADD MUL_MAT_VEC q6_K m=5120 n=1 k=6144: 1 x 53.36 us = 53.36 us (1178.96 GFLOPS/s)
MUL_MAT_VEC f32 m=256 n=4 k=256: 1 x 3.16 us = 3.16 us (165.59 GFLOPS/s)
MUL_MAT_VEC q6_K m=1024 n=1 k=5120: 2 x 8.82 us = 17.64 us (1188.75 GFLOPS/s)
MUL_MAT_VEC q6_K m=12288 n=1 k=5120: 1 x 90.04 us = 90.04 us (1397.34 GFLOPS/s)
MUL_MAT_VEC q6_K m=17408 n=1 k=5120: 2 x 118.36 us = 236.72 us (1505.92 GFLOPS/s)
MUL_MAT_VEC q6_K m=98304 n=1 k=5120: 1 x 673.91 us = 673.91 us (1493.57 GFLOPS/s)
MUL_MAT_VEC q8_0 m=5120 n=1 k=10240: 1 x 93.6 us = 93.6 us (1120.22 GFLOPS/s)
PAD: 1 x 6.48 us = 6.48 us
RMS_NORM_MUL RMS_NORM(256,24,1,1): 1 x 6 us = 6 us
RMS_NORM_MUL RMS_NORM(256,4,1,1): 1 x 3.56 us = 3.56 us
RMS_NORM_MUL RMS_NORM(5120,1,1,1): 5 x 3.968 us = 19.84 us
ROPE: 2 x 3.44 us = 6.88 us
SET_ROWS: 2 x 2.82 us = 5.64 us
SIGMOID_MUL SIGMOID: 1 x 1.56 us = 1.56 us
TOP_K K=10 (98304,1,1,1): 1 x 8.84 us = 8.84 us
Total time: 1400.83 us.
----------------
Vulkan Timings:
CONCAT: 1 x 1.68 us = 1.68 us
CONT: 1 x 3.76 us = 3.76 us
FLASH_ATTN_EXT dst(256,24,1,1),  q(256,1,24,1),  k(256,256,4,1),  v(256,256,4,1),  m(256,1,1,1): 1 x 13.76 us = 13.76 us (457.228 GFLOPS/s)
GET_ROWS: 3 x 4.96 us = 14.88 us
GLU: 1 x 1.72 us = 1.72 us
MUL_MAT f32 m=256 n=24 k=256: 1 x 1.64 us = 1.64 us (1914.38 GFLOPS/s)
MUL_MAT f32 m=64 n=16 k=64: 1 x 3.72 us = 3.72 us (34.9591 GFLOPS/s)
MUL_MAT f32 m=64 n=96 k=64: 1 x 3.72 us = 3.72 us (209.755 GFLOPS/s)
MUL_MAT_ADD MUL_MAT_VEC q6_K m=5120 n=1 k=17408: 1 x 123.28 us = 123.28 us (1445.92 GFLOPS/s)
MUL_MAT_ADD MUL_MAT_VEC q6_K m=5120 n=1 k=6144: 1 x 53.48 us = 53.48 us (1176.32 GFLOPS/s)
MUL_MAT_VEC f32 m=256 n=4 k=256: 1 x 3.16 us = 3.16 us (165.59 GFLOPS/s)
MUL_MAT_VEC q6_K m=1024 n=1 k=5120: 2 x 8.78 us = 17.56 us (1194.16 GFLOPS/s)
MUL_MAT_VEC q6_K m=12288 n=1 k=5120: 1 x 85.76 us = 85.76 us (1467.08 GFLOPS/s)
MUL_MAT_VEC q6_K m=17408 n=1 k=5120: 2 x 121.7 us = 243.4 us (1464.59 GFLOPS/s)
MUL_MAT_VEC q6_K m=98304 n=1 k=5120: 1 x 673.82 us = 673.82 us (1493.77 GFLOPS/s)
MUL_MAT_VEC q8_0 m=5120 n=1 k=10240: 1 x 101.84 us = 101.84 us (1029.58 GFLOPS/s)
PAD: 1 x 6.48 us = 6.48 us
RMS_NORM_MUL RMS_NORM(256,24,1,1): 1 x 5.56 us = 5.56 us
RMS_NORM_MUL RMS_NORM(256,4,1,1): 1 x 3.72 us = 3.72 us
RMS_NORM_MUL RMS_NORM(5120,1,1,1): 5 x 3.68 us = 18.4 us
ROPE: 2 x 3.7 us = 7.4 us
SET_ROWS: 2 x 2.96 us = 5.92 us
SIGMOID_MUL SIGMOID: 1 x 1.72 us = 1.72 us
TOP_K K=10 (98304,1,1,1): 1 x 9.24 us = 9.24 us
Total time: 1405.62 us.
----------------
Vulkan Timings:
CONCAT: 1 x 1.68 us = 1.68 us
CONT: 1 x 3.76 us = 3.76 us
FLASH_ATTN_EXT dst(256,24,1,1),  q(256,1,24,1),  k(256,256,4,1),  v(256,256,4,1),  m(256,1,1,1): 1 x 13.8 us = 13.8 us (455.903 GFLOPS/s)
GET_ROWS: 3 x 4.866 us = 14.6 us
GLU: 1 x 1.88 us = 1.88 us
MUL_MAT f32 m=256 n=24 k=256: 1 x 1.64 us = 1.64 us (1914.38 GFLOPS/s)
MUL_MAT f32 m=64 n=16 k=64: 1 x 3.76 us = 3.76 us (34.5872 GFLOPS/s)
MUL_MAT f32 m=64 n=96 k=64: 1 x 3.68 us = 3.68 us (212.035 GFLOPS/s)
MUL_MAT_ADD MUL_MAT_VEC q6_K m=5120 n=1 k=17408: 1 x 122.68 us = 122.68 us (1452.99 GFLOPS/s)
MUL_MAT_ADD MUL_MAT_VEC q6_K m=5120 n=1 k=6144: 1 x 54.4 us = 54.4 us (1156.42 GFLOPS/s)
MUL_MAT_VEC f32 m=256 n=4 k=256: 1 x 3.2 us = 3.2 us (163.52 GFLOPS/s)
MUL_MAT_VEC q6_K m=1024 n=1 k=5120: 2 x 8.78 us = 17.56 us (1194.16 GFLOPS/s)
MUL_MAT_VEC q6_K m=12288 n=1 k=5120: 1 x 85.84 us = 85.84 us (1465.71 GFLOPS/s)
MUL_MAT_VEC q6_K m=17408 n=1 k=5120: 2 x 121.28 us = 242.56 us (1469.66 GFLOPS/s)
MUL_MAT_VEC q6_K m=98304 n=1 k=5120: 1 x 672.95 us = 672.95 us (1495.7 GFLOPS/s)
MUL_MAT_VEC q8_0 m=5120 n=1 k=10240: 1 x 101.8 us = 101.8 us (1029.99 GFLOPS/s)
PAD: 1 x 6.4 us = 6.4 us
RMS_NORM_MUL RMS_NORM(256,24,1,1): 1 x 5.56 us = 5.56 us
RMS_NORM_MUL RMS_NORM(256,4,1,1): 1 x 3.76 us = 3.76 us
RMS_NORM_MUL RMS_NORM(5120,1,1,1): 5 x 3.696 us = 18.48 us
ROPE: 2 x 3.68 us = 7.36 us
SET_ROWS: 2 x 2.96 us = 5.92 us
SIGMOID_MUL SIGMOID: 1 x 1.64 us = 1.64 us
TOP_K K=10 (98304,1,1,1): 1 x 9.24 us = 9.24 us
Total time: 1404.15 us.
----------------
Vulkan Timings:
CONCAT: 1 x 1.64 us = 1.64 us
CONT: 1 x 3.68 us = 3.68 us
FLASH_ATTN_EXT dst(256,24,1,1),  q(256,1,24,1),  k(256,256,4,1),  v(256,256,4,1),  m(256,1,1,1): 1 x 13.6 us = 13.6 us (462.607 GFLOPS/s)
GET_ROWS: 3 x 4.906 us = 14.72 us
GLU: 1 x 1.8 us = 1.8 us
MUL_MAT f32 m=256 n=24 k=256: 1 x 1.68 us = 1.68 us (1868.8 GFLOPS/s)
MUL_MAT f32 m=64 n=16 k=64: 1 x 3.76 us = 3.76 us (34.5872 GFLOPS/s)
MUL_MAT f32 m=64 n=96 k=64: 1 x 3.72 us = 3.72 us (209.755 GFLOPS/s)
MUL_MAT_ADD MUL_MAT_VEC q6_K m=5120 n=1 k=17408: 1 x 124.44 us = 124.44 us (1432.44 GFLOPS/s)
MUL_MAT_ADD MUL_MAT_VEC q6_K m=5120 n=1 k=6144: 1 x 53.8 us = 53.8 us (1169.32 GFLOPS/s)
MUL_MAT_VEC f32 m=256 n=4 k=256: 1 x 3.16 us = 3.16 us (165.59 GFLOPS/s)
MUL_MAT_VEC q6_K m=1024 n=1 k=5120: 2 x 9.9 us = 19.8 us (1059.06 GFLOPS/s)
MUL_MAT_VEC q6_K m=12288 n=1 k=5120: 1 x 85.56 us = 85.56 us (1470.51 GFLOPS/s)
MUL_MAT_VEC q6_K m=17408 n=1 k=5120: 2 x 121.32 us = 242.64 us (1469.18 GFLOPS/s)
MUL_MAT_VEC q6_K m=98304 n=1 k=5120: 1 x 673.55 us = 673.55 us (1494.37 GFLOPS/s)
MUL_MAT_VEC q8_0 m=5120 n=1 k=10240: 1 x 102.08 us = 102.08 us (1027.16 GFLOPS/s)
PAD: 1 x 6.44 us = 6.44 us
RMS_NORM_MUL RMS_NORM(256,24,1,1): 1 x 3.72 us = 3.72 us
RMS_NORM_MUL RMS_NORM(256,4,1,1): 1 x 3.76 us = 3.76 us
RMS_NORM_MUL RMS_NORM(5120,1,1,1): 5 x 3.672 us = 18.36 us
ROPE: 2 x 3.7 us = 7.4 us
SET_ROWS: 2 x 2.94 us = 5.88 us
SIGMOID_MUL SIGMOID: 1 x 1.68 us = 1.68 us
TOP_K K=10 (98304,1,1,1): 1 x 9.32 us = 9.32 us
Total time: 1406.19 us.
----------------
Vulkan Timings:
ADD: 48 x 3.973 us = 190.72 us
CONT: 16 x 3.897 us = 62.36 us
FLASH_ATTN_EXT dst(256,24,5,1),  q(256,5,24,1),  k(256,256,4,1),  v(256,256,4,1),  m(256,5,1,1): 16 x 23.277 us = 372.44 us (1351.4 GFLOPS/s)
GDN_CACHE GATED_DELTA_NET: 48 x 13.787 us = 661.8 us
GDN_CONV_STATE CONCAT: 48 x 3.135 us = 150.48 us
GET_ROWS: 3 x 11.28 us = 33.84 us
GLU: 64 x 2.884 us = 184.6 us
MUL_MAT f32 m=256 n=120 k=256: 16 x 1.82 us = 29.12 us (8625.23 GFLOPS/s)
MUL_MAT f32 m=256 n=20 k=256: 16 x 3.435 us = 54.96 us (761.665 GFLOPS/s)
MUL_MAT f32 m=64 n=480 k=64: 16 x 3.75 us = 60 us (1040.38 GFLOPS/s)
MUL_MAT f32 m=64 n=80 k=64: 16 x 3.467 us = 55.48 us (187.524 GFLOPS/s)
MUL_MAT_ADD MUL_MAT_VEC q6_K m=5120 n=5 k=17408: 64 x 207.13 us = 13256.4 us (4302.91 GFLOPS/s)
MUL_MAT_ADD MUL_MAT_VEC q6_K m=5120 n=5 k=6144: 16 x 77.597 us = 1241.56 us (4053.57 GFLOPS/s)
MUL_MAT_VEC f32 m=48 n=5 k=5120: 96 x 4.459 us = 428.08 us (551.081 GFLOPS/s)
MUL_MAT_VEC q6_K m=1024 n=5 k=5120: 32 x 12.217 us = 390.96 us (4290.87 GFLOPS/s)
MUL_MAT_VEC q6_K m=10240 n=5 k=5120: 48 x 110.071 us = 5283.44 us (4762.69 GFLOPS/s)
MUL_MAT_VEC q6_K m=12288 n=5 k=5120: 16 x 140.742 us = 2251.88 us (4469.75 GFLOPS/s)
MUL_MAT_VEC q6_K m=17408 n=5 k=5120: 128 x 183.249 us = 23455.9 us (4863.34 GFLOPS/s)
MUL_MAT_VEC q6_K m=248320 n=5 k=5120: 1 x 2406.2 us = 2406.2 us (5283.33 GFLOPS/s)
MUL_MAT_VEC q6_K m=6144 n=5 k=5120: 48 x 72.082 us = 3459.96 us (4363.64 GFLOPS/s)
MUL_MAT_VEC q8_0 m=5120 n=5 k=6144: 48 x 63.174 us = 3032.36 us (4979.05 GFLOPS/s)
RMS_NORM_MUL RMS_NORM(256,24,5,1): 16 x 3.837 us = 61.4 us
RMS_NORM_MUL RMS_NORM(256,4,5,1): 16 x 4.062 us = 65 us
RMS_NORM_MUL RMS_NORM(5120,5,1,1): 129 x 4.341 us = 560.08 us
RMS_NORM_MUL_SILU_MUL RMS_NORM(128,48,5,1): 48 x 5.895 us = 282.96 us
RMS_NORM_SCALE RMS_NORM(128,16,5,1): 96 x 2.542 us = 244.12 us
ROPE: 32 x 3.947 us = 126.32 us
SET_ROWS: 32 x 2.986 us = 95.56 us
SIGMOID_MUL SIGMOID: 16 x 3.797 us = 60.76 us
SSM_CONV_SILU SSM_CONV: 48 x 4.835 us = 232.08 us
Total time: 58790.8 us.
----------------
Vulkan Timings:
CONCAT: 1 x 4.12 us = 4.12 us
CONT: 1 x 3.8 us = 3.8 us
FLASH_ATTN_EXT dst(256,24,5,1),  q(256,5,24,1),  k(256,256,4,1),  v(256,256,4,1),  m(256,5,1,1): 1 x 23.12 us = 23.12 us (1360.61 GFLOPS/s)
GET_ROWS: 1 x 4.56 us = 4.56 us
GLU: 1 x 1.44 us = 1.44 us
MUL_MAT f32 m=256 n=120 k=256: 1 x 1.68 us = 1.68 us (9344 GFLOPS/s)
MUL_MAT f32 m=256 n=20 k=256: 1 x 3.2 us = 3.2 us (817.6 GFLOPS/s)
MUL_MAT f32 m=64 n=480 k=64: 1 x 3.76 us = 3.76 us (1037.62 GFLOPS/s)
MUL_MAT f32 m=64 n=80 k=64: 1 x 3.72 us = 3.72 us (174.796 GFLOPS/s)
MUL_MAT_ADD MUL_MAT_VEC q6_K m=5120 n=5 k=17408: 1 x 228.8 us = 228.8 us (3895.38 GFLOPS/s)
MUL_MAT_ADD MUL_MAT_VEC q6_K m=5120 n=5 k=6144: 1 x 84.8 us = 84.8 us (3709.28 GFLOPS/s)
MUL_MAT_VEC q6_K m=1024 n=5 k=5120: 2 x 16.36 us = 32.72 us (3204.38 GFLOPS/s)
MUL_MAT_VEC q6_K m=12288 n=5 k=5120: 1 x 154.19 us = 154.19 us (4079.93 GFLOPS/s)
MUL_MAT_VEC q6_K m=17408 n=5 k=5120: 2 x 180.62 us = 361.24 us (4934.13 GFLOPS/s)
MUL_MAT_VEC q8_0 m=5120 n=5 k=10240: 1 x 106.48 us = 106.48 us (4923.58 GFLOPS/s)
RMS_NORM_MUL RMS_NORM(256,24,5,1): 1 x 3.92 us = 3.92 us
RMS_NORM_MUL RMS_NORM(256,4,5,1): 1 x 3.76 us = 3.76 us
RMS_NORM_MUL RMS_NORM(5120,5,1,1): 5 x 9.554 us = 47.77 us
ROPE: 2 x 3.78 us = 7.56 us
SET_ROWS: 2 x 2.96 us = 5.92 us
SIGMOID_MUL SIGMOID: 1 x 1.68 us = 1.68 us
Total time: 1088.24 us.
----------------
Vulkan Timings:
CONCAT: 1 x 1.64 us = 1.64 us
CONT: 1 x 3.44 us = 3.44 us
FLASH_ATTN_EXT dst(256,24,1,1),  q(256,1,24,1),  k(256,256,4,1),  v(256,256,4,1),  m(256,1,1,1): 1 x 13.68 us = 13.68 us (459.902 GFLOPS/s)
GET_ROWS: 3 x 4.973 us = 14.92 us
GLU: 1 x 1.68 us = 1.68 us
MUL_MAT f32 m=256 n=24 k=256: 1 x 1.56 us = 1.56 us (2012.55 GFLOPS/s)
MUL_MAT f32 m=64 n=16 k=64: 1 x 1.8 us = 1.8 us (72.2489 GFLOPS/s)
MUL_MAT f32 m=64 n=96 k=64: 1 x 3.16 us = 3.16 us (246.927 GFLOPS/s)
MUL_MAT_ADD MUL_MAT_VEC q6_K m=5120 n=1 k=17408: 1 x 131.68 us = 131.68 us (1353.68 GFLOPS/s)
MUL_MAT_ADD MUL_MAT_VEC q6_K m=5120 n=1 k=6144: 1 x 53.84 us = 53.84 us (1168.45 GFLOPS/s)
MUL_MAT_VEC f32 m=256 n=4 k=256: 1 x 2.96 us = 2.96 us (176.778 GFLOPS/s)
MUL_MAT_VEC q6_K m=1024 n=1 k=5120: 2 x 8.88 us = 17.76 us (1180.71 GFLOPS/s)
MUL_MAT_VEC q6_K m=12288 n=1 k=5120: 1 x 90.12 us = 90.12 us (1396.1 GFLOPS/s)
MUL_MAT_VEC q6_K m=17408 n=1 k=5120: 2 x 118.58 us = 237.16 us (1503.12 GFLOPS/s)
MUL_MAT_VEC q6_K m=98304 n=1 k=5120: 1 x 695.84 us = 695.84 us (1446.5 GFLOPS/s)
MUL_MAT_VEC q8_0 m=5120 n=1 k=10240: 1 x 94.08 us = 94.08 us (1114.5 GFLOPS/s)
PAD: 1 x 6.16 us = 6.16 us
RMS_NORM_MUL RMS_NORM(256,24,1,1): 1 x 5.68 us = 5.68 us
RMS_NORM_MUL RMS_NORM(256,4,1,1): 1 x 4.84 us = 4.84 us
RMS_NORM_MUL RMS_NORM(5120,1,1,1): 5 x 3.856 us = 19.28 us
ROPE: 2 x 3.26 us = 6.52 us
SET_ROWS: 2 x 2.78 us = 5.56 us
SIGMOID_MUL SIGMOID: 1 x 1.52 us = 1.52 us
TOP_K K=10 (98304,1,1,1): 1 x 8.88 us = 8.88 us
Total time: 1423.76 us.
----------------
Vulkan Timings:
CONCAT: 1 x 1.64 us = 1.64 us
CONT: 1 x 3.56 us = 3.56 us
FLASH_ATTN_EXT dst(256,24,1,1),  q(256,1,24,1),  k(256,256,4,1),  v(256,256,4,1),  m(256,1,1,1): 1 x 13.76 us = 13.76 us (457.228 GFLOPS/s)
GET_ROWS: 3 x 4.84 us = 14.52 us
GLU: 1 x 1.92 us = 1.92 us
MUL_MAT f32 m=256 n=24 k=256: 1 x 1.6 us = 1.6 us (1962.24 GFLOPS/s)
MUL_MAT f32 m=64 n=16 k=64: 1 x 3.56 us = 3.56 us (36.5303 GFLOPS/s)
MUL_MAT f32 m=64 n=96 k=64: 1 x 3.56 us = 3.56 us (219.182 GFLOPS/s)
MUL_MAT_ADD MUL_MAT_VEC q6_K m=5120 n=1 k=17408: 1 x 123.96 us = 123.96 us (1437.99 GFLOPS/s)
MUL_MAT_ADD MUL_MAT_VEC q6_K m=5120 n=1 k=6144: 1 x 53.12 us = 53.12 us (1184.29 GFLOPS/s)
MUL_MAT_VEC f32 m=256 n=4 k=256: 1 x 3 us = 3 us (174.421 GFLOPS/s)
MUL_MAT_VEC q6_K m=1024 n=1 k=5120: 2 x 8.82 us = 17.64 us (1188.75 GFLOPS/s)
MUL_MAT_VEC q6_K m=12288 n=1 k=5120: 1 x 85.48 us = 85.48 us (1471.89 GFLOPS/s)
MUL_MAT_VEC q6_K m=17408 n=1 k=5120: 2 x 121.58 us = 243.16 us (1466.03 GFLOPS/s)
MUL_MAT_VEC q6_K m=98304 n=1 k=5120: 1 x 673.62 us = 673.62 us (1494.22 GFLOPS/s)
MUL_MAT_VEC q8_0 m=5120 n=1 k=10240: 1 x 101.52 us = 101.52 us (1032.83 GFLOPS/s)
PAD: 1 x 6.36 us = 6.36 us
RMS_NORM_MUL RMS_NORM(256,24,1,1): 1 x 5.2 us = 5.2 us
RMS_NORM_MUL RMS_NORM(256,4,1,1): 1 x 3.6 us = 3.6 us
RMS_NORM_MUL RMS_NORM(5120,1,1,1): 5 x 3.696 us = 18.48 us
ROPE: 2 x 3.56 us = 7.12 us
SET_ROWS: 2 x 2.86 us = 5.72 us
SIGMOID_MUL SIGMOID: 1 x 1.64 us = 1.64 us
TOP_K K=10 (98304,1,1,1): 1 x 8.84 us = 8.84 us
Total time: 1402.58 us.
----------------
Vulkan Timings:
CONCAT: 1 x 1.6 us = 1.6 us
CONT: 1 x 3.6 us = 3.6 us
FLASH_ATTN_EXT dst(256,24,1,1),  q(256,1,24,1),  k(256,256,4,1),  v(256,256,4,1),  m(256,1,1,1): 1 x 13.76 us = 13.76 us (457.228 GFLOPS/s)
GET_ROWS: 3 x 4.84 us = 14.52 us
GLU: 1 x 1.72 us = 1.72 us
MUL_MAT f32 m=256 n=24 k=256: 1 x 1.64 us = 1.64 us (1914.38 GFLOPS/s)
MUL_MAT f32 m=64 n=16 k=64: 1 x 3.56 us = 3.56 us (36.5303 GFLOPS/s)
MUL_MAT f32 m=64 n=96 k=64: 1 x 3.6 us = 3.6 us (216.747 GFLOPS/s)
MUL_MAT_ADD MUL_MAT_VEC q6_K m=5120 n=1 k=17408: 1 x 124.16 us = 124.16 us (1435.67 GFLOPS/s)
MUL_MAT_ADD MUL_MAT_VEC q6_K m=5120 n=1 k=6144: 1 x 53.68 us = 53.68 us (1171.93 GFLOPS/s)
MUL_MAT_VEC f32 m=256 n=4 k=256: 1 x 3 us = 3 us (174.421 GFLOPS/s)
MUL_MAT_VEC q6_K m=1024 n=1 k=5120: 2 x 8.98 us = 17.96 us (1167.57 GFLOPS/s)
MUL_MAT_VEC q6_K m=12288 n=1 k=5120: 1 x 85.56 us = 85.56 us (1470.51 GFLOPS/s)
MUL_MAT_VEC q6_K m=17408 n=1 k=5120: 2 x 121.4 us = 242.8 us (1468.21 GFLOPS/s)
MUL_MAT_VEC q6_K m=98304 n=1 k=5120: 1 x 672.07 us = 672.07 us (1497.66 GFLOPS/s)
MUL_MAT_VEC q8_0 m=5120 n=1 k=10240: 1 x 101.68 us = 101.68 us (1031.2 GFLOPS/s)
PAD: 1 x 6.28 us = 6.28 us
RMS_NORM_MUL RMS_NORM(256,24,1,1): 1 x 5.2 us = 5.2 us
RMS_NORM_MUL RMS_NORM(256,4,1,1): 1 x 3.56 us = 3.56 us
RMS_NORM_MUL RMS_NORM(5120,1,1,1): 5 x 3.752 us = 18.76 us
ROPE: 2 x 3.54 us = 7.08 us
SET_ROWS: 2 x 2.88 us = 5.76 us
SIGMOID_MUL SIGMOID: 1 x 1.68 us = 1.68 us
TOP_K K=10 (98304,1,1,1): 1 x 9.08 us = 9.08 us
Total time: 1402.31 us.
----------------
Vulkan Timings:
CONCAT: 1 x 1.68 us = 1.68 us
CONT: 1 x 3.6 us = 3.6 us
FLASH_ATTN_EXT dst(256,24,1,1),  q(256,1,24,1),  k(256,256,4,1),  v(256,256,4,1),  m(256,1,1,1): 1 x 13.72 us = 13.72 us (458.561 GFLOPS/s)
GET_ROWS: 3 x 4.933 us = 14.8 us
GLU: 1 x 1.84 us = 1.84 us
MUL_MAT f32 m=256 n=24 k=256: 1 x 1.68 us = 1.68 us (1868.8 GFLOPS/s)
MUL_MAT f32 m=64 n=16 k=64: 1 x 3.56 us = 3.56 us (36.5303 GFLOPS/s)
MUL_MAT f32 m=64 n=96 k=64: 1 x 3.56 us = 3.56 us (219.182 GFLOPS/s)
MUL_MAT_ADD MUL_MAT_VEC q6_K m=5120 n=1 k=17408: 1 x 122.84 us = 122.84 us (1451.1 GFLOPS/s)
MUL_MAT_ADD MUL_MAT_VEC q6_K m=5120 n=1 k=6144: 1 x 53.12 us = 53.12 us (1184.29 GFLOPS/s)
MUL_MAT_VEC f32 m=256 n=4 k=256: 1 x 3 us = 3 us (174.421 GFLOPS/s)
MUL_MAT_VEC q6_K m=1024 n=1 k=5120: 2 x 8.82 us = 17.64 us (1188.75 GFLOPS/s)
MUL_MAT_VEC q6_K m=12288 n=1 k=5120: 1 x 85.64 us = 85.64 us (1469.14 GFLOPS/s)
MUL_MAT_VEC q6_K m=17408 n=1 k=5120: 2 x 121.4 us = 242.8 us (1468.21 GFLOPS/s)
MUL_MAT_VEC q6_K m=98304 n=1 k=5120: 1 x 672.91 us = 672.91 us (1495.79 GFLOPS/s)
MUL_MAT_VEC q8_0 m=5120 n=1 k=10240: 1 x 101.88 us = 101.88 us (1029.18 GFLOPS/s)
PAD: 1 x 6 us = 6 us
RMS_NORM_MUL RMS_NORM(256,24,1,1): 1 x 5.24 us = 5.24 us
RMS_NORM_MUL RMS_NORM(256,4,1,1): 1 x 3.6 us = 3.6 us
RMS_NORM_MUL RMS_NORM(5120,1,1,1): 5 x 3.728 us = 18.64 us
ROPE: 2 x 3.54 us = 7.08 us
SET_ROWS: 2 x 2.92 us = 5.84 us
SIGMOID_MUL SIGMOID: 1 x 1.64 us = 1.64 us
TOP_K K=10 (98304,1,1,1): 1 x 9.4 us = 9.4 us
Total time: 1401.71 us.
----------------
Vulkan Timings:
ADD: 48 x 3.825 us = 183.6 us
CONT: 16 x 3.73 us = 59.68 us
FLASH_ATTN_EXT dst(256,24,5,1),  q(256,5,24,1),  k(256,256,4,1),  v(256,256,4,1),  m(256,5,1,1): 16 x 23.092 us = 369.48 us (1362.23 GFLOPS/s)
GDN_CACHE GATED_DELTA_NET: 48 x 14.617 us = 701.64 us
GDN_CONV_STATE CONCAT: 48 x 3.221 us = 154.64 us
GET_ROWS: 3 x 11.133 us = 33.4 us
GLU: 64 x 2.778 us = 177.84 us
MUL_MAT f32 m=256 n=120 k=256: 16 x 1.837 us = 29.4 us (8543.09 GFLOPS/s)
MUL_MAT f32 m=256 n=20 k=256: 16 x 3.277 us = 52.44 us (798.267 GFLOPS/s)
MUL_MAT f32 m=64 n=480 k=64: 16 x 3.597 us = 57.56 us (1084.49 GFLOPS/s)
MUL_MAT f32 m=64 n=80 k=64: 16 x 3.34 us = 53.44 us (194.683 GFLOPS/s)
MUL_MAT_ADD MUL_MAT_VEC q6_K m=5120 n=5 k=17408: 64 x 206.713 us = 13229.7 us (4311.59 GFLOPS/s)
MUL_MAT_ADD MUL_MAT_VEC q6_K m=5120 n=5 k=6144: 16 x 77.65 us = 1242.4 us (4050.83 GFLOPS/s)
MUL_MAT_VEC f32 m=48 n=5 k=5120: 96 x 4.317 us = 414.48 us (569.163 GFLOPS/s)
MUL_MAT_VEC q6_K m=1024 n=5 k=5120: 32 x 12.145 us = 388.64 us (4316.48 GFLOPS/s)
MUL_MAT_VEC q6_K m=10240 n=5 k=5120: 48 x 109.865 us = 5273.52 us (4771.65 GFLOPS/s)
MUL_MAT_VEC q6_K m=12288 n=5 k=5120: 16 x 140.582 us = 2249.32 us (4474.84 GFLOPS/s)
MUL_MAT_VEC q6_K m=17408 n=5 k=5120: 128 x 183.098 us = 23436.6 us (4867.33 GFLOPS/s)
MUL_MAT_VEC q6_K m=248320 n=5 k=5120: 1 x 2373.72 us = 2373.72 us (5355.62 GFLOPS/s)
MUL_MAT_VEC q6_K m=6144 n=5 k=5120: 48 x 71.19 us = 3417.12 us (4418.35 GFLOPS/s)
MUL_MAT_VEC q8_0 m=5120 n=5 k=6144: 48 x 63.135 us = 3030.52 us (4982.07 GFLOPS/s)
RMS_NORM_MUL RMS_NORM(256,24,5,1): 16 x 3.672 us = 58.76 us
RMS_NORM_MUL RMS_NORM(256,4,5,1): 16 x 3.867 us = 61.88 us
RMS_NORM_MUL RMS_NORM(5120,5,1,1): 129 x 4.241 us = 547.12 us
RMS_NORM_MUL_SILU_MUL RMS_NORM(128,48,5,1): 48 x 5.571 us = 267.44 us
RMS_NORM_SCALE RMS_NORM(128,16,5,1): 96 x 2.549 us = 244.72 us
ROPE: 32 x 3.792 us = 121.36 us
SET_ROWS: 32 x 2.93 us = 93.76 us
SIGMOID_MUL SIGMOID: 16 x 3.637 us = 58.2 us
SSM_CONV_SILU SSM_CONV: 48 x 4.682 us = 224.76 us
Total time: 58607.2 us.
----------------
Vulkan Timings:
CONCAT: 1 x 4.08 us = 4.08 us
CONT: 1 x 3.64 us = 3.64 us
FLASH_ATTN_EXT dst(256,24,5,1),  q(256,5,24,1),  k(256,256,4,1),  v(256,256,4,1),  m(256,5,1,1): 1 x 23.16 us = 23.16 us (1358.26 GFLOPS/s)
GET_ROWS: 1 x 6.52 us = 6.52 us
GLU: 1 x 1.52 us = 1.52 us
MUL_MAT f32 m=256 n=120 k=256: 1 x 1.68 us = 1.68 us (9344 GFLOPS/s)
MUL_MAT f32 m=256 n=20 k=256: 1 x 3.04 us = 3.04 us (860.632 GFLOPS/s)
MUL_MAT f32 m=64 n=480 k=64: 1 x 3.64 us = 3.64 us (1071.82 GFLOPS/s)
MUL_MAT f32 m=64 n=80 k=64: 1 x 3.56 us = 3.56 us (182.652 GFLOPS/s)
MUL_MAT_ADD MUL_MAT_VEC q6_K m=5120 n=5 k=17408: 1 x 231.32 us = 231.32 us (3852.95 GFLOPS/s)
MUL_MAT_ADD MUL_MAT_VEC q6_K m=5120 n=5 k=6144: 1 x 84.68 us = 84.68 us (3714.54 GFLOPS/s)
MUL_MAT_VEC q6_K m=1024 n=5 k=5120: 2 x 15.64 us = 31.28 us (3351.9 GFLOPS/s)
MUL_MAT_VEC q6_K m=12288 n=5 k=5120: 1 x 154.48 us = 154.48 us (4072.27 GFLOPS/s)
MUL_MAT_VEC q6_K m=17408 n=5 k=5120: 2 x 180.02 us = 360.04 us (4950.58 GFLOPS/s)
MUL_MAT_VEC q8_0 m=5120 n=5 k=10240: 1 x 104.8 us = 104.8 us (5002.5 GFLOPS/s)
RMS_NORM_MUL RMS_NORM(256,24,5,1): 1 x 3.72 us = 3.72 us
RMS_NORM_MUL RMS_NORM(256,4,5,1): 1 x 3.6 us = 3.6 us
RMS_NORM_MUL RMS_NORM(5120,5,1,1): 5 x 9.006 us = 45.03 us
ROPE: 2 x 3.62 us = 7.24 us
SET_ROWS: 2 x 2.92 us = 5.84 us
SIGMOID_MUL SIGMOID: 1 x 1.72 us = 1.72 us
Total time: 1084.59 us.
----------------
Vulkan Timings:
CONCAT: 1 x 1.72 us = 1.72 us
CONT: 1 x 3.6 us = 3.6 us
FLASH_ATTN_EXT dst(256,24,1,1),  q(256,1,24,1),  k(256,256,4,1),  v(256,256,4,1),  m(256,1,1,1): 1 x 13.44 us = 13.44 us (468.114 GFLOPS/s)
GET_ROWS: 3 x 5.093 us = 15.28 us
GLU: 1 x 1.64 us = 1.64 us
MUL_MAT f32 m=256 n=24 k=256: 1 x 1.52 us = 1.52 us (2065.52 GFLOPS/s)
MUL_MAT f32 m=64 n=16 k=64: 1 x 1.76 us = 1.76 us (73.8909 GFLOPS/s)
MUL_MAT f32 m=64 n=96 k=64: 1 x 3.32 us = 3.32 us (235.027 GFLOPS/s)
MUL_MAT_ADD MUL_MAT_VEC q6_K m=5120 n=1 k=17408: 1 x 131.92 us = 131.92 us (1351.22 GFLOPS/s)
MUL_MAT_ADD MUL_MAT_VEC q6_K m=5120 n=1 k=6144: 1 x 54.16 us = 54.16 us (1161.55 GFLOPS/s)
MUL_MAT_VEC f32 m=256 n=4 k=256: 1 x 3.12 us = 3.12 us (167.713 GFLOPS/s)
MUL_MAT_VEC q6_K m=1024 n=1 k=5120: 2 x 8.68 us = 17.36 us (1207.92 GFLOPS/s)
MUL_MAT_VEC q6_K m=12288 n=1 k=5120: 1 x 89.28 us = 89.28 us (1409.24 GFLOPS/s)
MUL_MAT_VEC q6_K m=17408 n=1 k=5120: 2 x 118.68 us = 237.36 us (1501.86 GFLOPS/s)
MUL_MAT_VEC q6_K m=98304 n=1 k=5120: 1 x 674.22 us = 674.22 us (1492.89 GFLOPS/s)
MUL_MAT_VEC q8_0 m=5120 n=1 k=10240: 1 x 93.92 us = 93.92 us (1116.4 GFLOPS/s)
PAD: 1 x 6.64 us = 6.64 us
RMS_NORM_MUL RMS_NORM(256,24,1,1): 1 x 6 us = 6 us
RMS_NORM_MUL RMS_NORM(256,4,1,1): 1 x 5.08 us = 5.08 us
RMS_NORM_MUL RMS_NORM(5120,1,1,1): 5 x 3.984 us = 19.92 us
ROPE: 2 x 3.44 us = 6.88 us
SET_ROWS: 2 x 2.88 us = 5.76 us
SIGMOID_MUL SIGMOID: 1 x 1.56 us = 1.56 us
TOP_K K=10 (98304,1,1,1): 1 x 9 us = 9 us
Total time: 1404.46 us.
----------------
Vulkan Timings:
CONCAT: 1 x 1.64 us = 1.64 us
CONT: 1 x 3.72 us = 3.72 us
FLASH_ATTN_EXT dst(256,24,1,1),  q(256,1,24,1),  k(256,256,4,1),  v(256,256,4,1),  m(256,1,1,1): 1 x 13.84 us = 13.84 us (454.585 GFLOPS/s)
GET_ROWS: 3 x 4.946 us = 14.84 us
GLU: 1 x 1.76 us = 1.76 us
MUL_MAT f32 m=256 n=24 k=256: 1 x 1.68 us = 1.68 us (1868.8 GFLOPS/s)
MUL_MAT f32 m=64 n=16 k=64: 1 x 3.76 us = 3.76 us (34.5872 GFLOPS/s)
MUL_MAT f32 m=64 n=96 k=64: 1 x 3.72 us = 3.72 us (209.755 GFLOPS/s)
MUL_MAT_ADD MUL_MAT_VEC q6_K m=5120 n=1 k=17408: 1 x 122.96 us = 122.96 us (1449.68 GFLOPS/s)
MUL_MAT_ADD MUL_MAT_VEC q6_K m=5120 n=1 k=6144: 1 x 53.68 us = 53.68 us (1171.93 GFLOPS/s)
MUL_MAT_VEC f32 m=256 n=4 k=256: 1 x 3.16 us = 3.16 us (165.59 GFLOPS/s)
MUL_MAT_VEC q6_K m=1024 n=1 k=5120: 2 x 8.96 us = 17.92 us (1170.17 GFLOPS/s)
MUL_MAT_VEC q6_K m=12288 n=1 k=5120: 1 x 86.44 us = 86.44 us (1455.54 GFLOPS/s)
MUL_MAT_VEC q6_K m=17408 n=1 k=5120: 2 x 121.56 us = 243.12 us (1466.28 GFLOPS/s)
MUL_MAT_VEC q6_K m=98304 n=1 k=5120: 1 x 673.33 us = 673.33 us (1494.86 GFLOPS/s)
MUL_MAT_VEC q8_0 m=5120 n=1 k=10240: 1 x 101.44 us = 101.44 us (1033.64 GFLOPS/s)
PAD: 1 x 6.56 us = 6.56 us
RMS_NORM_MUL RMS_NORM(256,24,1,1): 1 x 5.6 us = 5.6 us
RMS_NORM_MUL RMS_NORM(256,4,1,1): 1 x 3.76 us = 3.76 us
RMS_NORM_MUL RMS_NORM(5120,1,1,1): 5 x 3.688 us = 18.44 us
ROPE: 2 x 3.76 us = 7.52 us
SET_ROWS: 2 x 2.96 us = 5.92 us
SIGMOID_MUL SIGMOID: 1 x 1.64 us = 1.64 us
TOP_K K=10 (98304,1,1,1): 1 x 8.96 us = 8.96 us
Total time: 1405.41 us.
----------------
Vulkan Timings:
CONCAT: 1 x 1.64 us = 1.64 us
CONT: 1 x 3.72 us = 3.72 us
FLASH_ATTN_EXT dst(256,24,1,1),  q(256,1,24,1),  k(256,256,4,1),  v(256,256,4,1),  m(256,1,1,1): 1 x 13.84 us = 13.84 us (454.585 GFLOPS/s)
GET_ROWS: 3 x 4.946 us = 14.84 us
GLU: 1 x 1.72 us = 1.72 us
MUL_MAT f32 m=256 n=24 k=256: 1 x 1.68 us = 1.68 us (1868.8 GFLOPS/s)
MUL_MAT f32 m=64 n=16 k=64: 1 x 3.76 us = 3.76 us (34.5872 GFLOPS/s)
MUL_MAT f32 m=64 n=96 k=64: 1 x 3.76 us = 3.76 us (207.523 GFLOPS/s)
MUL_MAT_ADD MUL_MAT_VEC q6_K m=5120 n=1 k=17408: 1 x 123.32 us = 123.32 us (1445.45 GFLOPS/s)
MUL_MAT_ADD MUL_MAT_VEC q6_K m=5120 n=1 k=6144: 1 x 53.24 us = 53.24 us (1181.62 GFLOPS/s)
MUL_MAT_VEC f32 m=256 n=4 k=256: 1 x 3.12 us = 3.12 us (167.713 GFLOPS/s)
MUL_MAT_VEC q6_K m=1024 n=1 k=5120: 2 x 8.76 us = 17.52 us (1196.89 GFLOPS/s)
MUL_MAT_VEC q6_K m=12288 n=1 k=5120: 1 x 85.4 us = 85.4 us (1473.27 GFLOPS/s)
MUL_MAT_VEC q6_K m=17408 n=1 k=5120: 2 x 121.5 us = 243 us (1467 GFLOPS/s)
MUL_MAT_VEC q6_K m=98304 n=1 k=5120: 1 x 672.85 us = 672.85 us (1495.93 GFLOPS/s)
MUL_MAT_VEC q8_0 m=5120 n=1 k=10240: 1 x 102.4 us = 102.4 us (1023.95 GFLOPS/s)
PAD: 1 x 6.16 us = 6.16 us
RMS_NORM_MUL RMS_NORM(256,24,1,1): 1 x 5.56 us = 5.56 us
RMS_NORM_MUL RMS_NORM(256,4,1,1): 1 x 3.72 us = 3.72 us
RMS_NORM_MUL RMS_NORM(5120,1,1,1): 5 x 3.728 us = 18.64 us
ROPE: 2 x 3.7 us = 7.4 us
SET_ROWS: 2 x 2.94 us = 5.88 us
SIGMOID_MUL SIGMOID: 1 x 1.68 us = 1.68 us
TOP_K K=10 (98304,1,1,1): 1 x 9.08 us = 9.08 us
Total time: 1403.93 us.
----------------
Vulkan Timings:
CONCAT: 1 x 1.68 us = 1.68 us
CONT: 1 x 3.72 us = 3.72 us
FLASH_ATTN_EXT dst(256,24,1,1),  q(256,1,24,1),  k(256,256,4,1),  v(256,256,4,1),  m(256,1,1,1): 1 x 13.72 us = 13.72 us (458.561 GFLOPS/s)
GET_ROWS: 3 x 4.946 us = 14.84 us
GLU: 1 x 1.84 us = 1.84 us
MUL_MAT f32 m=256 n=24 k=256: 1 x 1.64 us = 1.64 us (1914.38 GFLOPS/s)
MUL_MAT f32 m=64 n=16 k=64: 1 x 3.68 us = 3.68 us (35.3391 GFLOPS/s)
MUL_MAT f32 m=64 n=96 k=64: 1 x 3.76 us = 3.76 us (207.523 GFLOPS/s)
MUL_MAT_ADD MUL_MAT_VEC q6_K m=5120 n=1 k=17408: 1 x 123.24 us = 123.24 us (1446.39 GFLOPS/s)
MUL_MAT_ADD MUL_MAT_VEC q6_K m=5120 n=1 k=6144: 1 x 53.08 us = 53.08 us (1185.18 GFLOPS/s)
MUL_MAT_VEC f32 m=256 n=4 k=256: 1 x 3.16 us = 3.16 us (165.59 GFLOPS/s)
MUL_MAT_VEC q6_K m=1024 n=1 k=5120: 2 x 8.74 us = 17.48 us (1199.63 GFLOPS/s)
MUL_MAT_VEC q6_K m=12288 n=1 k=5120: 1 x 85.64 us = 85.64 us (1469.14 GFLOPS/s)
MUL_MAT_VEC q6_K m=17408 n=1 k=5120: 2 x 121.12 us = 242.24 us (1471.6 GFLOPS/s)
MUL_MAT_VEC q6_K m=98304 n=1 k=5120: 1 x 672.88 us = 672.88 us (1495.86 GFLOPS/s)
MUL_MAT_VEC q8_0 m=5120 n=1 k=10240: 1 x 101.68 us = 101.68 us (1031.2 GFLOPS/s)
PAD: 1 x 6.48 us = 6.48 us
RMS_NORM_MUL RMS_NORM(256,24,1,1): 1 x 5.48 us = 5.48 us
RMS_NORM_MUL RMS_NORM(256,4,1,1): 1 x 3.72 us = 3.72 us
RMS_NORM_MUL RMS_NORM(5120,1,1,1): 5 x 3.68 us = 18.4 us
ROPE: 2 x 3.68 us = 7.36 us
SET_ROWS: 2 x 2.98 us = 5.96 us
SIGMOID_MUL SIGMOID: 1 x 1.68 us = 1.68 us
TOP_K K=10 (98304,1,1,1): 1 x 9.2 us = 9.2 us
Total time: 1402.56 us.
----------------
Vulkan Timings:
ADD: 48 x 3.969 us = 190.52 us
CONT: 16 x 3.892 us = 62.28 us
FLASH_ATTN_EXT dst(256,24,5,1),  q(256,5,24,1),  k(256,256,4,1),  v(256,256,4,1),  m(256,5,1,1): 16 x 23.05 us = 368.8 us (1364.74 GFLOPS/s)
GDN_CACHE GATED_DELTA_NET: 48 x 13.915 us = 667.96 us
GDN_CONV_STATE CONCAT: 48 x 3.147 us = 151.08 us
GET_ROWS: 3 x 11.4 us = 34.2 us
GLU: 64 x 2.844 us = 182.04 us
MUL_MAT f32 m=256 n=120 k=256: 16 x 1.805 us = 28.88 us (8696.91 GFLOPS/s)
MUL_MAT f32 m=256 n=20 k=256: 16 x 3.582 us = 57.32 us (730.306 GFLOPS/s)
MUL_MAT f32 m=64 n=480 k=64: 16 x 3.752 us = 60.04 us (1039.69 GFLOPS/s)
MUL_MAT f32 m=64 n=80 k=64: 16 x 3.457 us = 55.32 us (188.067 GFLOPS/s)
MUL_MAT_ADD MUL_MAT_VEC q6_K m=5120 n=5 k=17408: 64 x 207.044 us = 13250.8 us (4304.7 GFLOPS/s)
MUL_MAT_ADD MUL_MAT_VEC q6_K m=5120 n=5 k=6144: 16 x 77.805 us = 1244.88 us (4042.76 GFLOPS/s)
MUL_MAT_VEC f32 m=48 n=5 k=5120: 96 x 4.315 us = 414.24 us (569.492 GFLOPS/s)
MUL_MAT_VEC q6_K m=1024 n=5 k=5120: 32 x 12.146 us = 388.68 us (4316.04 GFLOPS/s)
MUL_MAT_VEC q6_K m=10240 n=5 k=5120: 48 x 110.03 us = 5281.48 us (4764.45 GFLOPS/s)
MUL_MAT_VEC q6_K m=12288 n=5 k=5120: 16 x 140.372 us = 2245.96 us (4481.53 GFLOPS/s)
MUL_MAT_VEC q6_K m=17408 n=5 k=5120: 128 x 183.114 us = 23438.6 us (4866.93 GFLOPS/s)
MUL_MAT_VEC q6_K m=248320 n=5 k=5120: 1 x 2402.16 us = 2402.16 us (5292.21 GFLOPS/s)
MUL_MAT_VEC q6_K m=6144 n=5 k=5120: 48 x 71.919 us = 3452.12 us (4373.55 GFLOPS/s)
MUL_MAT_VEC q8_0 m=5120 n=5 k=6144: 48 x 63.312 us = 3039 us (4968.17 GFLOPS/s)
RMS_NORM_MUL RMS_NORM(256,24,5,1): 16 x 3.825 us = 61.2 us
RMS_NORM_MUL RMS_NORM(256,4,5,1): 16 x 4.06 us = 64.96 us
RMS_NORM_MUL RMS_NORM(5120,5,1,1): 129 x 4.303 us = 555.2 us
RMS_NORM_MUL_SILU_MUL RMS_NORM(128,48,5,1): 48 x 5.871 us = 281.84 us
RMS_NORM_SCALE RMS_NORM(128,16,5,1): 96 x 2.635 us = 253 us
ROPE: 32 x 3.935 us = 125.92 us
SET_ROWS: 32 x 2.978 us = 95.32 us
SIGMOID_MUL SIGMOID: 16 x 3.792 us = 60.68 us
SSM_CONV_SILU SSM_CONV: 48 x 4.84 us = 232.36 us
Total time: 58746.9 us.
----------------
Vulkan Timings:
CONCAT: 1 x 3.92 us = 3.92 us
CONT: 1 x 3.8 us = 3.8 us
FLASH_ATTN_EXT dst(256,24,5,1),  q(256,5,24,1),  k(256,256,4,1),  v(256,256,4,1),  m(256,5,1,1): 1 x 23.24 us = 23.24 us (1353.58 GFLOPS/s)
GET_ROWS: 1 x 6.76 us = 6.76 us
GLU: 1 x 1.52 us = 1.52 us
MUL_MAT f32 m=256 n=120 k=256: 1 x 1.68 us = 1.68 us (9344 GFLOPS/s)
MUL_MAT f32 m=256 n=20 k=256: 1 x 3.16 us = 3.16 us (827.949 GFLOPS/s)
MUL_MAT f32 m=64 n=480 k=64: 1 x 3.8 us = 3.8 us (1026.69 GFLOPS/s)
MUL_MAT f32 m=64 n=80 k=64: 1 x 3.76 us = 3.76 us (172.936 GFLOPS/s)
MUL_MAT_ADD MUL_MAT_VEC q6_K m=5120 n=5 k=17408: 1 x 232.18 us = 232.18 us (3838.68 GFLOPS/s)
MUL_MAT_ADD MUL_MAT_VEC q6_K m=5120 n=5 k=6144: 1 x 85.08 us = 85.08 us (3697.08 GFLOPS/s)
MUL_MAT_VEC q6_K m=1024 n=5 k=5120: 2 x 15.9 us = 31.8 us (3297.09 GFLOPS/s)
MUL_MAT_VEC q6_K m=12288 n=5 k=5120: 1 x 151.32 us = 151.32 us (4157.31 GFLOPS/s)
MUL_MAT_VEC q6_K m=17408 n=5 k=5120: 2 x 180.44 us = 360.88 us (4939.05 GFLOPS/s)
MUL_MAT_VEC q8_0 m=5120 n=5 k=10240: 1 x 104.92 us = 104.92 us (4996.78 GFLOPS/s)
RMS_NORM_MUL RMS_NORM(256,24,5,1): 1 x 3.92 us = 3.92 us
RMS_NORM_MUL RMS_NORM(256,4,5,1): 1 x 3.76 us = 3.76 us
RMS_NORM_MUL RMS_NORM(5120,5,1,1): 5 x 9.024 us = 45.12 us
ROPE: 2 x 3.74 us = 7.48 us
SET_ROWS: 2 x 2.98 us = 5.96 us
SIGMOID_MUL SIGMOID: 1 x 1.72 us = 1.72 us
Total time: 1085.78 us.
----------------
Vulkan Timings:
CONCAT: 1 x 1.6 us = 1.6 us
CONT: 1 x 3.48 us = 3.48 us
FLASH_ATTN_EXT dst(256,24,1,1),  q(256,1,24,1),  k(256,256,4,1),  v(256,256,4,1),  m(256,1,1,1): 1 x 13.44 us = 13.44 us (468.114 GFLOPS/s)
GET_ROWS: 3 x 4.853 us = 14.56 us
GLU: 1 x 1.64 us = 1.64 us
MUL_MAT f32 m=256 n=24 k=256: 1 x 1.48 us = 1.48 us (2121.34 GFLOPS/s)
MUL_MAT f32 m=64 n=16 k=64: 1 x 1.84 us = 1.84 us (70.6783 GFLOPS/s)
MUL_MAT f32 m=64 n=96 k=64: 1 x 3.16 us = 3.16 us (246.927 GFLOPS/s)
MUL_MAT_ADD MUL_MAT_VEC q6_K m=5120 n=1 k=17408: 1 x 129.04 us = 129.04 us (1381.38 GFLOPS/s)
MUL_MAT_ADD MUL_MAT_VEC q6_K m=5120 n=1 k=6144: 1 x 54 us = 54 us (1164.99 GFLOPS/s)
MUL_MAT_VEC f32 m=256 n=4 k=256: 1 x 2.96 us = 2.96 us (176.778 GFLOPS/s)
MUL_MAT_VEC q6_K m=1024 n=1 k=5120: 2 x 10.1 us = 20.2 us (1038.09 GFLOPS/s)
MUL_MAT_VEC q6_K m=12288 n=1 k=5120: 1 x 89.8 us = 89.8 us (1401.08 GFLOPS/s)
MUL_MAT_VEC q6_K m=17408 n=1 k=5120: 2 x 118.26 us = 236.52 us (1507.19 GFLOPS/s)
MUL_MAT_VEC q6_K m=98304 n=1 k=5120: 1 x 674.11 us = 674.11 us (1493.13 GFLOPS/s)
MUL_MAT_VEC q8_0 m=5120 n=1 k=10240: 1 x 93.68 us = 93.68 us (1119.26 GFLOPS/s)
PAD: 1 x 6.32 us = 6.32 us
RMS_NORM_MUL RMS_NORM(256,24,1,1): 1 x 3.24 us = 3.24 us
RMS_NORM_MUL RMS_NORM(256,4,1,1): 1 x 4.8 us = 4.8 us
RMS_NORM_MUL RMS_NORM(5120,1,1,1): 5 x 4.064 us = 20.32 us
ROPE: 2 x 3.3 us = 6.6 us
SET_ROWS: 2 x 2.76 us = 5.52 us
SIGMOID_MUL SIGMOID: 1 x 1.56 us = 1.56 us
TOP_K K=10 (98304,1,1,1): 1 x 9.12 us = 9.12 us
Total time: 1398.99 us.
----------------
Vulkan Timings:
CONCAT: 1 x 1.68 us = 1.68 us
CONT: 1 x 3.6 us = 3.6 us
FLASH_ATTN_EXT dst(256,24,1,1),  q(256,1,24,1),  k(256,256,4,1),  v(256,256,4,1),  m(256,1,1,1): 1 x 13.8 us = 13.8 us (455.903 GFLOPS/s)
GET_ROWS: 3 x 4.826 us = 14.48 us
GLU: 1 x 1.84 us = 1.84 us
MUL_MAT f32 m=256 n=24 k=256: 1 x 1.6 us = 1.6 us (1962.24 GFLOPS/s)
MUL_MAT f32 m=64 n=16 k=64: 1 x 3.56 us = 3.56 us (36.5303 GFLOPS/s)
MUL_MAT f32 m=64 n=96 k=64: 1 x 3.6 us = 3.6 us (216.747 GFLOPS/s)
MUL_MAT_ADD MUL_MAT_VEC q6_K m=5120 n=1 k=17408: 1 x 123 us = 123 us (1449.21 GFLOPS/s)
MUL_MAT_ADD MUL_MAT_VEC q6_K m=5120 n=1 k=6144: 1 x 53.96 us = 53.96 us (1165.85 GFLOPS/s)
MUL_MAT_VEC f32 m=256 n=4 k=256: 1 x 3 us = 3 us (174.421 GFLOPS/s)
MUL_MAT_VEC q6_K m=1024 n=1 k=5120: 2 x 8.78 us = 17.56 us (1194.16 GFLOPS/s)
MUL_MAT_VEC q6_K m=12288 n=1 k=5120: 1 x 85.52 us = 85.52 us (1471.2 GFLOPS/s)
MUL_MAT_VEC q6_K m=17408 n=1 k=5120: 2 x 121.42 us = 242.84 us (1467.97 GFLOPS/s)
MUL_MAT_VEC q6_K m=98304 n=1 k=5120: 1 x 674.63 us = 674.63 us (1491.98 GFLOPS/s)
MUL_MAT_VEC q8_0 m=5120 n=1 k=10240: 1 x 101.12 us = 101.12 us (1036.91 GFLOPS/s)
PAD: 1 x 6.32 us = 6.32 us
RMS_NORM_MUL RMS_NORM(256,24,1,1): 1 x 5.24 us = 5.24 us
RMS_NORM_MUL RMS_NORM(256,4,1,1): 1 x 3.56 us = 3.56 us
RMS_NORM_MUL RMS_NORM(5120,1,1,1): 5 x 3.712 us = 18.56 us
ROPE: 2 x 3.54 us = 7.08 us
SET_ROWS: 2 x 2.88 us = 5.76 us
SIGMOID_MUL SIGMOID: 1 x 1.68 us = 1.68 us
TOP_K K=10 (98304,1,1,1): 1 x 8.76 us = 8.76 us
Total time: 1402.75 us.
----------------
Vulkan Timings:
CONCAT: 1 x 1.68 us = 1.68 us
CONT: 1 x 3.56 us = 3.56 us
FLASH_ATTN_EXT dst(256,24,1,1),  q(256,1,24,1),  k(256,256,4,1),  v(256,256,4,1),  m(256,1,1,1): 1 x 13.88 us = 13.88 us (453.275 GFLOPS/s)
GET_ROWS: 3 x 4.76 us = 14.28 us
GLU: 1 x 1.8 us = 1.8 us
MUL_MAT f32 m=256 n=24 k=256: 1 x 1.64 us = 1.64 us (1914.38 GFLOPS/s)
MUL_MAT f32 m=64 n=16 k=64: 1 x 3.56 us = 3.56 us (36.5303 GFLOPS/s)
MUL_MAT f32 m=64 n=96 k=64: 1 x 3.56 us = 3.56 us (219.182 GFLOPS/s)
MUL_MAT_ADD MUL_MAT_VEC q6_K m=5120 n=1 k=17408: 1 x 123.88 us = 123.88 us (1438.92 GFLOPS/s)
MUL_MAT_ADD MUL_MAT_VEC q6_K m=5120 n=1 k=6144: 1 x 54.08 us = 54.08 us (1163.27 GFLOPS/s)
MUL_MAT_VEC f32 m=256 n=4 k=256: 1 x 3 us = 3 us (174.421 GFLOPS/s)
MUL_MAT_VEC q6_K m=1024 n=1 k=5120: 2 x 8.82 us = 17.64 us (1188.75 GFLOPS/s)
MUL_MAT_VEC q6_K m=12288 n=1 k=5120: 1 x 85.32 us = 85.32 us (1474.65 GFLOPS/s)
MUL_MAT_VEC q6_K m=17408 n=1 k=5120: 2 x 121.6 us = 243.2 us (1465.79 GFLOPS/s)
MUL_MAT_VEC q6_K m=98304 n=1 k=5120: 1 x 671.14 us = 671.14 us (1499.74 GFLOPS/s)
MUL_MAT_VEC q8_0 m=5120 n=1 k=10240: 1 x 102 us = 102 us (1027.97 GFLOPS/s)
PAD: 1 x 7 us = 7 us
RMS_NORM_MUL RMS_NORM(256,24,1,1): 1 x 5.24 us = 5.24 us
RMS_NORM_MUL RMS_NORM(256,4,1,1): 1 x 3.56 us = 3.56 us
RMS_NORM_MUL RMS_NORM(5120,1,1,1): 5 x 3.776 us = 18.88 us
ROPE: 2 x 3.54 us = 7.08 us
SET_ROWS: 2 x 2.9 us = 5.8 us
SIGMOID_MUL SIGMOID: 1 x 1.64 us = 1.64 us
TOP_K K=10 (98304,1,1,1): 1 x 9 us = 9 us
Total time: 1402.42 us.
----------------
Vulkan Timings:
CONCAT: 1 x 1.64 us = 1.64 us
CONT: 1 x 3.56 us = 3.56 us
FLASH_ATTN_EXT dst(256,24,1,1),  q(256,1,24,1),  k(256,256,4,1),  v(256,256,4,1),  m(256,1,1,1): 1 x 13.68 us = 13.68 us (459.902 GFLOPS/s)
GET_ROWS: 3 x 4.826 us = 14.48 us
GLU: 1 x 1.72 us = 1.72 us
MUL_MAT f32 m=256 n=24 k=256: 1 x 1.6 us = 1.6 us (1962.24 GFLOPS/s)
MUL_MAT f32 m=64 n=16 k=64: 1 x 3.56 us = 3.56 us (36.5303 GFLOPS/s)
MUL_MAT f32 m=64 n=96 k=64: 1 x 3.56 us = 3.56 us (219.182 GFLOPS/s)
MUL_MAT_ADD MUL_MAT_VEC q6_K m=5120 n=1 k=17408: 1 x 123.84 us = 123.84 us (1439.38 GFLOPS/s)
MUL_MAT_ADD MUL_MAT_VEC q6_K m=5120 n=1 k=6144: 1 x 53.56 us = 53.56 us (1174.56 GFLOPS/s)
MUL_MAT_VEC f32 m=256 n=4 k=256: 1 x 3 us = 3 us (174.421 GFLOPS/s)
MUL_MAT_VEC q6_K m=1024 n=1 k=5120: 2 x 6.94 us = 13.88 us (1510.77 GFLOPS/s)
MUL_MAT_VEC q6_K m=12288 n=1 k=5120: 1 x 93.76 us = 93.76 us (1341.9 GFLOPS/s)
MUL_MAT_VEC q6_K m=17408 n=1 k=5120: 2 x 120.88 us = 241.76 us (1474.52 GFLOPS/s)
MUL_MAT_VEC q6_K m=98304 n=1 k=5120: 1 x 672.45 us = 672.45 us (1496.82 GFLOPS/s)
MUL_MAT_VEC q8_0 m=5120 n=1 k=10240: 1 x 102.12 us = 102.12 us (1026.76 GFLOPS/s)
PAD: 1 x 6.36 us = 6.36 us
RMS_NORM_MUL RMS_NORM(256,24,1,1): 1 x 3.64 us = 3.64 us
RMS_NORM_MUL RMS_NORM(256,4,1,1): 1 x 3.6 us = 3.6 us
RMS_NORM_MUL RMS_NORM(5120,1,1,1): 5 x 3.672 us = 18.36 us
ROPE: 2 x 3.56 us = 7.12 us
SET_ROWS: 2 x 2.86 us = 5.72 us
SIGMOID_MUL SIGMOID: 1 x 1.64 us = 1.64 us
TOP_K K=10 (98304,1,1,1): 1 x 8.56 us = 8.56 us
Total time: 1403.17 us.
----------------
Vulkan Timings:
ADD: 48 x 3.815 us = 183.12 us
CONT: 16 x 3.745 us = 59.92 us
FLASH_ATTN_EXT dst(256,24,5,1),  q(256,5,24,1),  k(256,256,4,1),  v(256,256,4,1),  m(256,5,1,1): 16 x 23.2 us = 371.2 us (1355.92 GFLOPS/s)
GDN_CACHE GATED_DELTA_NET: 48 x 14.535 us = 697.72 us
GDN_CONV_STATE CONCAT: 48 x 3.291 us = 158 us
GET_ROWS: 3 x 11.253 us = 33.76 us
GLU: 64 x 2.811 us = 179.96 us
MUL_MAT f32 m=256 n=120 k=256: 16 x 1.795 us = 28.72 us (8745.36 GFLOPS/s)
MUL_MAT f32 m=256 n=20 k=256: 16 x 3.427 us = 54.84 us (763.332 GFLOPS/s)
MUL_MAT f32 m=64 n=480 k=64: 16 x 3.61 us = 57.76 us (1080.73 GFLOPS/s)
MUL_MAT f32 m=64 n=80 k=64: 16 x 3.34 us = 53.44 us (194.683 GFLOPS/s)
MUL_MAT_ADD MUL_MAT_VEC q6_K m=5120 n=5 k=17408: 64 x 206.693 us = 13228.4 us (4312 GFLOPS/s)
MUL_MAT_ADD MUL_MAT_VEC q6_K m=5120 n=5 k=6144: 16 x 77.142 us = 1234.28 us (4077.48 GFLOPS/s)
MUL_MAT_VEC f32 m=48 n=5 k=5120: 96 x 4.367 us = 419.32 us (562.593 GFLOPS/s)
MUL_MAT_VEC q6_K m=1024 n=5 k=5120: 32 x 12.146 us = 388.68 us (4316.04 GFLOPS/s)
MUL_MAT_VEC q6_K m=10240 n=5 k=5120: 48 x 109.966 us = 5278.4 us (4767.23 GFLOPS/s)
MUL_MAT_VEC q6_K m=12288 n=5 k=5120: 16 x 140.497 us = 2247.96 us (4477.55 GFLOPS/s)
MUL_MAT_VEC q6_K m=17408 n=5 k=5120: 128 x 182.777 us = 23395.5 us (4875.9 GFLOPS/s)
MUL_MAT_VEC q6_K m=248320 n=5 k=5120: 1 x 2413.6 us = 2413.6 us (5267.13 GFLOPS/s)
MUL_MAT_VEC q6_K m=6144 n=5 k=5120: 48 x 71.05 us = 3410.44 us (4427 GFLOPS/s)
MUL_MAT_VEC q8_0 m=5120 n=5 k=6144: 48 x 63.049 us = 3026.36 us (4988.92 GFLOPS/s)
RMS_NORM_MUL RMS_NORM(256,24,5,1): 16 x 3.687 us = 59 us
RMS_NORM_MUL RMS_NORM(256,4,5,1): 16 x 3.877 us = 62.04 us
RMS_NORM_MUL RMS_NORM(5120,5,1,1): 129 x 4.259 us = 549.48 us
RMS_NORM_MUL_SILU_MUL RMS_NORM(128,48,5,1): 48 x 5.571 us = 267.44 us
RMS_NORM_SCALE RMS_NORM(128,16,5,1): 96 x 2.53 us = 242.88 us
ROPE: 32 x 3.78 us = 120.96 us
SET_ROWS: 32 x 2.858 us = 91.48 us
SIGMOID_MUL SIGMOID: 16 x 3.645 us = 58.32 us
SSM_CONV_SILU SSM_CONV: 48 x 4.687 us = 225 us
Total time: 58598 us.
----------------
Vulkan Timings:
CONCAT: 1 x 4.12 us = 4.12 us
CONT: 1 x 3.6 us = 3.6 us
FLASH_ATTN_EXT dst(256,24,5,1),  q(256,5,24,1),  k(256,256,4,1),  v(256,256,4,1),  m(256,5,1,1): 1 x 23.24 us = 23.24 us (1353.58 GFLOPS/s)
GET_ROWS: 1 x 6.6 us = 6.6 us
GLU: 1 x 1.48 us = 1.48 us
MUL_MAT f32 m=256 n=120 k=256: 1 x 1.72 us = 1.72 us (9126.7 GFLOPS/s)
MUL_MAT f32 m=256 n=20 k=256: 1 x 3.04 us = 3.04 us (860.632 GFLOPS/s)
MUL_MAT f32 m=64 n=480 k=64: 1 x 3.6 us = 3.6 us (1083.73 GFLOPS/s)
MUL_MAT f32 m=64 n=80 k=64: 1 x 3.64 us = 3.64 us (178.637 GFLOPS/s)
MUL_MAT_ADD MUL_MAT_VEC q6_K m=5120 n=5 k=17408: 1 x 231.49 us = 231.49 us (3850.12 GFLOPS/s)
MUL_MAT_ADD MUL_MAT_VEC q6_K m=5120 n=5 k=6144: 1 x 83.32 us = 83.32 us (3775.17 GFLOPS/s)
MUL_MAT_VEC q6_K m=1024 n=5 k=5120: 2 x 15.7 us = 31.4 us (3339.09 GFLOPS/s)
MUL_MAT_VEC q6_K m=12288 n=5 k=5120: 1 x 155.56 us = 155.56 us (4044 GFLOPS/s)
MUL_MAT_VEC q6_K m=17408 n=5 k=5120: 2 x 180.54 us = 361.08 us (4936.32 GFLOPS/s)
MUL_MAT_VEC q8_0 m=5120 n=5 k=10240: 1 x 104.28 us = 104.28 us (5027.45 GFLOPS/s)
RMS_NORM_MUL RMS_NORM(256,24,5,1): 1 x 3.76 us = 3.76 us
RMS_NORM_MUL RMS_NORM(256,4,5,1): 1 x 3.64 us = 3.64 us
RMS_NORM_MUL RMS_NORM(5120,5,1,1): 5 x 8.926 us = 44.63 us
ROPE: 2 x 3.62 us = 7.24 us
SET_ROWS: 2 x 2.88 us = 5.76 us
SIGMOID_MUL SIGMOID: 1 x 1.68 us = 1.68 us
Total time: 1084.88 us.
----------------
Vulkan Timings:
CONCAT: 1 x 1.68 us = 1.68 us
CONT: 1 x 3.64 us = 3.64 us
FLASH_ATTN_EXT dst(256,24,1,1),  q(256,1,24,1),  k(256,256,4,1),  v(256,256,4,1),  m(256,1,1,1): 1 x 13.44 us = 13.44 us (468.114 GFLOPS/s)
GET_ROWS: 3 x 4.986 us = 14.96 us
GLU: 1 x 1.6 us = 1.6 us
MUL_MAT f32 m=256 n=24 k=256: 1 x 1.52 us = 1.52 us (2065.52 GFLOPS/s)
MUL_MAT f32 m=64 n=16 k=64: 1 x 1.8 us = 1.8 us (72.2489 GFLOPS/s)
MUL_MAT f32 m=64 n=96 k=64: 1 x 3.32 us = 3.32 us (235.027 GFLOPS/s)
MUL_MAT_ADD MUL_MAT_VEC q6_K m=5120 n=1 k=17408: 1 x 129.8 us = 129.8 us (1373.29 GFLOPS/s)
MUL_MAT_ADD MUL_MAT_VEC q6_K m=5120 n=1 k=6144: 1 x 53.52 us = 53.52 us (1175.44 GFLOPS/s)
MUL_MAT_VEC f32 m=256 n=4 k=256: 1 x 3.16 us = 3.16 us (165.59 GFLOPS/s)
MUL_MAT_VEC q6_K m=1024 n=1 k=5120: 2 x 8.84 us = 17.68 us (1186.06 GFLOPS/s)
MUL_MAT_VEC q6_K m=12288 n=1 k=5120: 1 x 90.4 us = 90.4 us (1391.78 GFLOPS/s)
MUL_MAT_VEC q6_K m=17408 n=1 k=5120: 2 x 119.08 us = 238.16 us (1496.81 GFLOPS/s)
MUL_MAT_VEC q6_K m=98304 n=1 k=5120: 1 x 674.38 us = 674.38 us (1492.53 GFLOPS/s)
MUL_MAT_VEC q8_0 m=5120 n=1 k=10240: 1 x 94.04 us = 94.04 us (1114.98 GFLOPS/s)
PAD: 1 x 6.52 us = 6.52 us
RMS_NORM_MUL RMS_NORM(256,24,1,1): 1 x 5.96 us = 5.96 us
RMS_NORM_MUL RMS_NORM(256,4,1,1): 1 x 5.12 us = 5.12 us
RMS_NORM_MUL RMS_NORM(5120,1,1,1): 5 x 4 us = 20 us
ROPE: 2 x 3.44 us = 6.88 us
SET_ROWS: 2 x 2.86 us = 5.72 us
SIGMOID_MUL SIGMOID: 1 x 1.52 us = 1.52 us
TOP_K K=10 (98304,1,1,1): 1 x 9.12 us = 9.12 us
Total time: 1403.94 us.
----------------
Vulkan Timings:
CONCAT: 1 x 1.64 us = 1.64 us
CONT: 1 x 3.72 us = 3.72 us
FLASH_ATTN_EXT dst(256,24,1,1),  q(256,1,24,1),  k(256,256,4,1),  v(256,256,4,1),  m(256,1,1,1): 1 x 13.84 us = 13.84 us (454.585 GFLOPS/s)
GET_ROWS: 3 x 4.946 us = 14.84 us
GLU: 1 x 1.84 us = 1.84 us
MUL_MAT f32 m=256 n=24 k=256: 1 x 1.68 us = 1.68 us (1868.8 GFLOPS/s)
MUL_MAT f32 m=64 n=16 k=64: 1 x 3.72 us = 3.72 us (34.9591 GFLOPS/s)
MUL_MAT f32 m=64 n=96 k=64: 1 x 3.72 us = 3.72 us (209.755 GFLOPS/s)
MUL_MAT_ADD MUL_MAT_VEC q6_K m=5120 n=1 k=17408: 1 x 123.08 us = 123.08 us (1448.27 GFLOPS/s)
MUL_MAT_ADD MUL_MAT_VEC q6_K m=5120 n=1 k=6144: 1 x 54.4 us = 54.4 us (1156.42 GFLOPS/s)
MUL_MAT_VEC f32 m=256 n=4 k=256: 1 x 3.12 us = 3.12 us (167.713 GFLOPS/s)
MUL_MAT_VEC q6_K m=1024 n=1 k=5120: 2 x 8.74 us = 17.48 us (1199.63 GFLOPS/s)
MUL_MAT_VEC q6_K m=12288 n=1 k=5120: 1 x 85.88 us = 85.88 us (1465.03 GFLOPS/s)
MUL_MAT_VEC q6_K m=17408 n=1 k=5120: 2 x 121.64 us = 243.28 us (1465.31 GFLOPS/s)
MUL_MAT_VEC q6_K m=98304 n=1 k=5120: 1 x 672.83 us = 672.83 us (1495.97 GFLOPS/s)
MUL_MAT_VEC q8_0 m=5120 n=1 k=10240: 1 x 100.8 us = 100.8 us (1040.2 GFLOPS/s)
PAD: 1 x 6.48 us = 6.48 us
RMS_NORM_MUL RMS_NORM(256,24,1,1): 1 x 5.56 us = 5.56 us
RMS_NORM_MUL RMS_NORM(256,4,1,1): 1 x 3.68 us = 3.68 us
RMS_NORM_MUL RMS_NORM(5120,1,1,1): 5 x 3.672 us = 18.36 us
ROPE: 2 x 3.7 us = 7.4 us
SET_ROWS: 2 x 2.96 us = 5.92 us
SIGMOID_MUL SIGMOID: 1 x 1.68 us = 1.68 us
TOP_K K=10 (98304,1,1,1): 1 x 9 us = 9 us
Total time: 1403.95 us.
----------------
Vulkan Timings:
CONCAT: 1 x 1.64 us = 1.64 us
CONT: 1 x 3.72 us = 3.72 us
FLASH_ATTN_EXT dst(256,24,1,1),  q(256,1,24,1),  k(256,256,4,1),  v(256,256,4,1),  m(256,1,1,1): 1 x 13.76 us = 13.76 us (457.228 GFLOPS/s)
GET_ROWS: 3 x 4.933 us = 14.8 us
GLU: 1 x 1.88 us = 1.88 us
MUL_MAT f32 m=256 n=24 k=256: 1 x 1.64 us = 1.64 us (1914.38 GFLOPS/s)
MUL_MAT f32 m=64 n=16 k=64: 1 x 3.72 us = 3.72 us (34.9591 GFLOPS/s)
MUL_MAT f32 m=64 n=96 k=64: 1 x 3.76 us = 3.76 us (207.523 GFLOPS/s)
MUL_MAT_ADD MUL_MAT_VEC q6_K m=5120 n=1 k=17408: 1 x 123.32 us = 123.32 us (1445.45 GFLOPS/s)
MUL_MAT_ADD MUL_MAT_VEC q6_K m=5120 n=1 k=6144: 1 x 54.76 us = 54.76 us (1148.82 GFLOPS/s)
MUL_MAT_VEC f32 m=256 n=4 k=256: 1 x 3.16 us = 3.16 us (165.59 GFLOPS/s)
MUL_MAT_VEC q6_K m=1024 n=1 k=5120: 2 x 8.72 us = 17.44 us (1202.38 GFLOPS/s)
MUL_MAT_VEC q6_K m=12288 n=1 k=5120: 1 x 85.4 us = 85.4 us (1473.27 GFLOPS/s)
MUL_MAT_VEC q6_K m=17408 n=1 k=5120: 2 x 121.28 us = 242.56 us (1469.66 GFLOPS/s)
MUL_MAT_VEC q6_K m=98304 n=1 k=5120: 1 x 672.42 us = 672.42 us (1496.88 GFLOPS/s)
MUL_MAT_VEC q8_0 m=5120 n=1 k=10240: 1 x 101.28 us = 101.28 us (1035.27 GFLOPS/s)
PAD: 1 x 6.4 us = 6.4 us
RMS_NORM_MUL RMS_NORM(256,24,1,1): 1 x 5.64 us = 5.64 us
RMS_NORM_MUL RMS_NORM(256,4,1,1): 1 x 3.72 us = 3.72 us
RMS_NORM_MUL RMS_NORM(5120,1,1,1): 5 x 3.64 us = 18.2 us
ROPE: 2 x 3.72 us = 7.44 us
SET_ROWS: 2 x 2.96 us = 5.92 us
SIGMOID_MUL SIGMOID: 1 x 1.92 us = 1.92 us
TOP_K K=10 (98304,1,1,1): 1 x 8.88 us = 8.88 us
Total time: 1403.38 us.
----------------
Vulkan Timings:
CONCAT: 1 x 1.68 us = 1.68 us
CONT: 1 x 3.76 us = 3.76 us
FLASH_ATTN_EXT dst(256,24,1,1),  q(256,1,24,1),  k(256,256,4,1),  v(256,256,4,1),  m(256,1,1,1): 1 x 14.04 us = 14.04 us (448.109 GFLOPS/s)
GET_ROWS: 3 x 5.72 us = 17.16 us
GLU: 1 x 1.88 us = 1.88 us
MUL_MAT f32 m=256 n=24 k=256: 1 x 1.6 us = 1.6 us (1962.24 GFLOPS/s)
MUL_MAT f32 m=64 n=16 k=64: 1 x 3.76 us = 3.76 us (34.5872 GFLOPS/s)
MUL_MAT f32 m=64 n=96 k=64: 1 x 3.68 us = 3.68 us (212.035 GFLOPS/s)
MUL_MAT_ADD MUL_MAT_VEC q6_K m=5120 n=1 k=17408: 1 x 123.4 us = 123.4 us (1444.51 GFLOPS/s)
MUL_MAT_ADD MUL_MAT_VEC q6_K m=5120 n=1 k=6144: 1 x 53.48 us = 53.48 us (1176.32 GFLOPS/s)
MUL_MAT_VEC f32 m=256 n=4 k=256: 1 x 3.12 us = 3.12 us (167.713 GFLOPS/s)
MUL_MAT_VEC q6_K m=1024 n=1 k=5120: 2 x 8.84 us = 17.68 us (1186.06 GFLOPS/s)
MUL_MAT_VEC q6_K m=12288 n=1 k=5120: 1 x 85.52 us = 85.52 us (1471.2 GFLOPS/s)
MUL_MAT_VEC q6_K m=17408 n=1 k=5120: 2 x 121.16 us = 242.32 us (1471.12 GFLOPS/s)
MUL_MAT_VEC q6_K m=98304 n=1 k=5120: 1 x 670.2 us = 670.2 us (1501.84 GFLOPS/s)
MUL_MAT_VEC q8_0 m=5120 n=1 k=10240: 1 x 101.88 us = 101.88 us (1029.18 GFLOPS/s)
PAD: 1 x 8.68 us = 8.68 us
RMS_NORM_MUL RMS_NORM(256,24,1,1): 1 x 5.52 us = 5.52 us
RMS_NORM_MUL RMS_NORM(256,4,1,1): 1 x 3.76 us = 3.76 us
RMS_NORM_MUL RMS_NORM(5120,1,1,1): 5 x 3.656 us = 18.28 us
ROPE: 2 x 3.7 us = 7.4 us
SET_ROWS: 2 x 2.94 us = 5.88 us
SIGMOID_MUL SIGMOID: 1 x 1.64 us = 1.64 us
TOP_K K=10 (98304,1,1,1): 1 x 6.68 us = 6.68 us
Total time: 1403 us.
----------------
Vulkan Timings:
ADD: 48 x 3.964 us = 190.28 us
CONT: 16 x 3.89 us = 62.24 us
FLASH_ATTN_EXT dst(256,24,5,1),  q(256,5,24,1),  k(256,256,4,1),  v(256,256,4,1),  m(256,5,1,1): 16 x 23.257 us = 372.12 us (1352.56 GFLOPS/s)
GDN_CACHE GATED_DELTA_NET: 48 x 13.892 us = 666.84 us
GDN_CONV_STATE CONCAT: 48 x 3.127 us = 150.12 us
GET_ROWS: 3 x 11.373 us = 34.12 us
GLU: 64 x 2.93 us = 187.52 us
MUL_MAT f32 m=256 n=120 k=256: 16 x 1.797 us = 28.76 us (8733.2 GFLOPS/s)
MUL_MAT f32 m=256 n=20 k=256: 16 x 3.587 us = 57.4 us (729.288 GFLOPS/s)
MUL_MAT f32 m=64 n=480 k=64: 16 x 3.75 us = 60 us (1040.38 GFLOPS/s)
MUL_MAT f32 m=64 n=80 k=64: 16 x 3.462 us = 55.4 us (187.795 GFLOPS/s)
MUL_MAT_ADD MUL_MAT_VEC q6_K m=5120 n=5 k=17408: 64 x 206.518 us = 13217.2 us (4315.67 GFLOPS/s)
MUL_MAT_ADD MUL_MAT_VEC q6_K m=5120 n=5 k=6144: 16 x 77.585 us = 1241.36 us (4054.23 GFLOPS/s)
MUL_MAT_VEC f32 m=48 n=5 k=5120: 96 x 4.422 us = 424.52 us (555.702 GFLOPS/s)
MUL_MAT_VEC q6_K m=1024 n=5 k=5120: 32 x 12.223 us = 391.16 us (4288.67 GFLOPS/s)
MUL_MAT_VEC q6_K m=10240 n=5 k=5120: 48 x 110.004 us = 5280.2 us (4765.61 GFLOPS/s)
MUL_MAT_VEC q6_K m=12288 n=5 k=5120: 16 x 140.552 us = 2248.84 us (4475.79 GFLOPS/s)
MUL_MAT_VEC q6_K m=17408 n=5 k=5120: 128 x 183.063 us = 23432.1 us (4868.27 GFLOPS/s)
MUL_MAT_VEC q6_K m=248320 n=5 k=5120: 1 x 2419.72 us = 2419.72 us (5253.81 GFLOPS/s)
MUL_MAT_VEC q6_K m=6144 n=5 k=5120: 48 x 71.999 us = 3455.96 us (4368.69 GFLOPS/s)
MUL_MAT_VEC q8_0 m=5120 n=5 k=6144: 48 x 63.264 us = 3036.68 us (4971.96 GFLOPS/s)
RMS_NORM_MUL RMS_NORM(256,24,5,1): 16 x 3.83 us = 61.28 us
RMS_NORM_MUL RMS_NORM(256,4,5,1): 16 x 4.062 us = 65 us
RMS_NORM_MUL RMS_NORM(5120,5,1,1): 129 x 4.324 us = 557.88 us
RMS_NORM_MUL_SILU_MUL RMS_NORM(128,48,5,1): 48 x 5.884 us = 282.44 us
RMS_NORM_SCALE RMS_NORM(128,16,5,1): 96 x 2.565 us = 246.24 us
ROPE: 32 x 3.945 us = 126.24 us
SET_ROWS: 32 x 2.916 us = 93.32 us
SIGMOID_MUL SIGMOID: 16 x 3.79 us = 60.64 us
SSM_CONV_SILU SSM_CONV: 48 x 4.834 us = 232.04 us
Total time: 58737.6 us.
----------------
Vulkan Timings:
CONCAT: 1 x 3.88 us = 3.88 us
CONT: 1 x 3.84 us = 3.84 us
FLASH_ATTN_EXT dst(256,24,5,1),  q(256,5,24,1),  k(256,256,4,1),  v(256,256,4,1),  m(256,5,1,1): 1 x 23.36 us = 23.36 us (1346.63 GFLOPS/s)
GET_ROWS: 1 x 6.72 us = 6.72 us
GLU: 1 x 1.76 us = 1.76 us
MUL_MAT f32 m=256 n=120 k=256: 1 x 1.76 us = 1.76 us (8919.27 GFLOPS/s)
MUL_MAT f32 m=256 n=20 k=256: 1 x 3.2 us = 3.2 us (817.6 GFLOPS/s)
MUL_MAT f32 m=64 n=480 k=64: 1 x 3.84 us = 3.84 us (1016 GFLOPS/s)
MUL_MAT f32 m=64 n=80 k=64: 1 x 3.8 us = 3.8 us (171.116 GFLOPS/s)
MUL_MAT_ADD MUL_MAT_VEC q6_K m=5120 n=5 k=17408: 1 x 234.65 us = 234.65 us (3798.27 GFLOPS/s)
MUL_MAT_ADD MUL_MAT_VEC q6_K m=5120 n=5 k=6144: 1 x 86.76 us = 86.76 us (3625.49 GFLOPS/s)
MUL_MAT_VEC q6_K m=1024 n=5 k=5120: 2 x 16.24 us = 32.48 us (3228.06 GFLOPS/s)
MUL_MAT_VEC q6_K m=12288 n=5 k=5120: 1 x 155.18 us = 155.18 us (4053.9 GFLOPS/s)
MUL_MAT_VEC q6_K m=17408 n=5 k=5120: 2 x 181.54 us = 363.08 us (4909.13 GFLOPS/s)
MUL_MAT_VEC q8_0 m=5120 n=5 k=10240: 1 x 105 us = 105 us (4992.98 GFLOPS/s)
RMS_NORM_MUL RMS_NORM(256,24,5,1): 1 x 3.96 us = 3.96 us
RMS_NORM_MUL RMS_NORM(256,4,5,1): 1 x 3.8 us = 3.8 us
RMS_NORM_MUL RMS_NORM(5120,5,1,1): 5 x 9.13 us = 45.65 us
ROPE: 2 x 3.82 us = 7.64 us
SET_ROWS: 2 x 3.04 us = 6.08 us
SIGMOID_MUL SIGMOID: 1 x 1.68 us = 1.68 us
Total time: 1098.12 us.
----------------
Vulkan Timings:
CONCAT: 1 x 1.68 us = 1.68 us
CONT: 1 x 3.44 us = 3.44 us
FLASH_ATTN_EXT dst(256,24,1,1),  q(256,1,24,1),  k(256,256,4,1),  v(256,256,4,1),  m(256,1,1,1): 1 x 13.48 us = 13.48 us (466.725 GFLOPS/s)
GET_ROWS: 3 x 4.933 us = 14.8 us
GLU: 1 x 1.64 us = 1.64 us
MUL_MAT f32 m=256 n=24 k=256: 1 x 1.52 us = 1.52 us (2065.52 GFLOPS/s)
MUL_MAT f32 m=64 n=16 k=64: 1 x 1.76 us = 1.76 us (73.8909 GFLOPS/s)
MUL_MAT f32 m=64 n=96 k=64: 1 x 3.2 us = 3.2 us (243.84 GFLOPS/s)
MUL_MAT_ADD MUL_MAT_VEC q6_K m=5120 n=1 k=17408: 1 x 130.44 us = 130.44 us (1366.55 GFLOPS/s)
MUL_MAT_ADD MUL_MAT_VEC q6_K m=5120 n=1 k=6144: 1 x 53.32 us = 53.32 us (1179.85 GFLOPS/s)
MUL_MAT_VEC f32 m=256 n=4 k=256: 1 x 2.96 us = 2.96 us (176.778 GFLOPS/s)
MUL_MAT_VEC q6_K m=1024 n=1 k=5120: 2 x 8.78 us = 17.56 us (1194.16 GFLOPS/s)
MUL_MAT_VEC q6_K m=12288 n=1 k=5120: 1 x 90 us = 90 us (1397.96 GFLOPS/s)
MUL_MAT_VEC q6_K m=17408 n=1 k=5120: 2 x 117.9 us = 235.8 us (1511.79 GFLOPS/s)
MUL_MAT_VEC q6_K m=98304 n=1 k=5120: 1 x 673.23 us = 673.23 us (1495.08 GFLOPS/s)
MUL_MAT_VEC q8_0 m=5120 n=1 k=10240: 1 x 93.96 us = 93.96 us (1115.93 GFLOPS/s)
PAD: 1 x 6.32 us = 6.32 us
RMS_NORM_MUL RMS_NORM(256,24,1,1): 1 x 5.64 us = 5.64 us
RMS_NORM_MUL RMS_NORM(256,4,1,1): 1 x 4.8 us = 4.8 us
RMS_NORM_MUL RMS_NORM(5120,1,1,1): 5 x 3.984 us = 19.92 us
ROPE: 2 x 3.28 us = 6.56 us
SET_ROWS: 2 x 2.82 us = 5.64 us
SIGMOID_MUL SIGMOID: 1 x 1.56 us = 1.56 us
TOP_K K=10 (98304,1,1,1): 1 x 8.68 us = 8.68 us
Total time: 1397.91 us.
----------------
Vulkan Timings:
CONCAT: 1 x 1.64 us = 1.64 us
CONT: 1 x 3.56 us = 3.56 us
FLASH_ATTN_EXT dst(256,24,1,1),  q(256,1,24,1),  k(256,256,4,1),  v(256,256,4,1),  m(256,1,1,1): 1 x 13.68 us = 13.68 us (459.902 GFLOPS/s)
GET_ROWS: 3 x 4.8 us = 14.4 us
GLU: 1 x 1.76 us = 1.76 us
MUL_MAT f32 m=256 n=24 k=256: 1 x 1.68 us = 1.68 us (1868.8 GFLOPS/s)
MUL_MAT f32 m=64 n=16 k=64: 1 x 3.56 us = 3.56 us (36.5303 GFLOPS/s)
MUL_MAT f32 m=64 n=96 k=64: 1 x 3.52 us = 3.52 us (221.673 GFLOPS/s)
MUL_MAT_ADD MUL_MAT_VEC q6_K m=5120 n=1 k=17408: 1 x 123.64 us = 123.64 us (1441.71 GFLOPS/s)
MUL_MAT_ADD MUL_MAT_VEC q6_K m=5120 n=1 k=6144: 1 x 53.28 us = 53.28 us (1180.73 GFLOPS/s)
MUL_MAT_VEC f32 m=256 n=4 k=256: 1 x 2.96 us = 2.96 us (176.778 GFLOPS/s)
MUL_MAT_VEC q6_K m=1024 n=1 k=5120: 2 x 10.02 us = 20.04 us (1046.38 GFLOPS/s)
MUL_MAT_VEC q6_K m=12288 n=1 k=5120: 1 x 85.84 us = 85.84 us (1465.71 GFLOPS/s)
MUL_MAT_VEC q6_K m=17408 n=1 k=5120: 2 x 121.48 us = 242.96 us (1467.24 GFLOPS/s)
MUL_MAT_VEC q6_K m=98304 n=1 k=5120: 1 x 673.21 us = 673.21 us (1495.13 GFLOPS/s)
MUL_MAT_VEC q8_0 m=5120 n=1 k=10240: 1 x 101.2 us = 101.2 us (1036.09 GFLOPS/s)
PAD: 1 x 6.36 us = 6.36 us
RMS_NORM_MUL RMS_NORM(256,24,1,1): 1 x 3.56 us = 3.56 us
RMS_NORM_MUL RMS_NORM(256,4,1,1): 1 x 3.56 us = 3.56 us
RMS_NORM_MUL RMS_NORM(5120,1,1,1): 5 x 3.696 us = 18.48 us
ROPE: 2 x 3.56 us = 7.12 us
SET_ROWS: 2 x 2.9 us = 5.8 us
SIGMOID_MUL SIGMOID: 1 x 1.64 us = 1.64 us
TOP_K K=10 (98304,1,1,1): 1 x 8.72 us = 8.72 us
Total time: 1402.17 us.
----------------
Vulkan Timings:
CONCAT: 1 x 1.64 us = 1.64 us
CONT: 1 x 3.56 us = 3.56 us
FLASH_ATTN_EXT dst(256,24,1,1),  q(256,1,24,1),  k(256,256,4,1),  v(256,256,4,1),  m(256,1,1,1): 1 x 13.84 us = 13.84 us (454.585 GFLOPS/s)
GET_ROWS: 3 x 4.826 us = 14.48 us
GLU: 1 x 1.76 us = 1.76 us
MUL_MAT f32 m=256 n=24 k=256: 1 x 1.6 us = 1.6 us (1962.24 GFLOPS/s)
MUL_MAT f32 m=64 n=16 k=64: 1 x 3.56 us = 3.56 us (36.5303 GFLOPS/s)
MUL_MAT f32 m=64 n=96 k=64: 1 x 3.56 us = 3.56 us (219.182 GFLOPS/s)
MUL_MAT_ADD MUL_MAT_VEC q6_K m=5120 n=1 k=17408: 1 x 123.04 us = 123.04 us (1448.74 GFLOPS/s)
MUL_MAT_ADD MUL_MAT_VEC q6_K m=5120 n=1 k=6144: 1 x 52.92 us = 52.92 us (1188.76 GFLOPS/s)
MUL_MAT_VEC f32 m=256 n=4 k=256: 1 x 2.96 us = 2.96 us (176.778 GFLOPS/s)
MUL_MAT_VEC q6_K m=1024 n=1 k=5120: 2 x 6.82 us = 13.64 us (1537.35 GFLOPS/s)
MUL_MAT_VEC q6_K m=12288 n=1 k=5120: 1 x 93.16 us = 93.16 us (1350.55 GFLOPS/s)
MUL_MAT_VEC q6_K m=17408 n=1 k=5120: 2 x 121.56 us = 243.12 us (1466.28 GFLOPS/s)
MUL_MAT_VEC q6_K m=98304 n=1 k=5120: 1 x 672.19 us = 672.19 us (1497.4 GFLOPS/s)
MUL_MAT_VEC q8_0 m=5120 n=1 k=10240: 1 x 101.16 us = 101.16 us (1036.5 GFLOPS/s)
PAD: 1 x 6.32 us = 6.32 us
RMS_NORM_MUL RMS_NORM(256,24,1,1): 1 x 3.6 us = 3.6 us
RMS_NORM_MUL RMS_NORM(256,4,1,1): 1 x 3.6 us = 3.6 us
RMS_NORM_MUL RMS_NORM(5120,1,1,1): 5 x 3.688 us = 18.44 us
ROPE: 2 x 3.56 us = 7.12 us
SET_ROWS: 2 x 2.86 us = 5.72 us
SIGMOID_MUL SIGMOID: 1 x 1.68 us = 1.68 us
TOP_K K=10 (98304,1,1,1): 1 x 8.88 us = 8.88 us
Total time: 1401.55 us.
----------------
Vulkan Timings:
CONCAT: 1 x 1.64 us = 1.64 us
CONT: 1 x 3.56 us = 3.56 us
FLASH_ATTN_EXT dst(256,24,1,1),  q(256,1,24,1),  k(256,256,4,1),  v(256,256,4,1),  m(256,1,1,1): 1 x 13.76 us = 13.76 us (457.228 GFLOPS/s)
GET_ROWS: 3 x 4.826 us = 14.48 us
GLU: 1 x 1.72 us = 1.72 us
MUL_MAT f32 m=256 n=24 k=256: 1 x 1.68 us = 1.68 us (1868.8 GFLOPS/s)
MUL_MAT f32 m=64 n=16 k=64: 1 x 3.56 us = 3.56 us (36.5303 GFLOPS/s)
MUL_MAT f32 m=64 n=96 k=64: 1 x 3.6 us = 3.6 us (216.747 GFLOPS/s)
MUL_MAT_ADD MUL_MAT_VEC q6_K m=5120 n=1 k=17408: 1 x 122.6 us = 122.6 us (1453.94 GFLOPS/s)
MUL_MAT_ADD MUL_MAT_VEC q6_K m=5120 n=1 k=6144: 1 x 53.64 us = 53.64 us (1172.81 GFLOPS/s)
MUL_MAT_VEC f32 m=256 n=4 k=256: 1 x 2.96 us = 2.96 us (176.778 GFLOPS/s)
MUL_MAT_VEC q6_K m=1024 n=1 k=5120: 2 x 9.82 us = 19.64 us (1067.69 GFLOPS/s)
MUL_MAT_VEC q6_K m=12288 n=1 k=5120: 1 x 85.2 us = 85.2 us (1476.72 GFLOPS/s)
MUL_MAT_VEC q6_K m=17408 n=1 k=5120: 2 x 121.52 us = 243.04 us (1466.76 GFLOPS/s)
MUL_MAT_VEC q6_K m=98304 n=1 k=5120: 1 x 671.73 us = 671.73 us (1498.42 GFLOPS/s)
MUL_MAT_VEC q8_0 m=5120 n=1 k=10240: 1 x 101.64 us = 101.64 us (1031.61 GFLOPS/s)
PAD: 1 x 6.28 us = 6.28 us
RMS_NORM_MUL RMS_NORM(256,24,1,1): 1 x 3.6 us = 3.6 us
RMS_NORM_MUL RMS_NORM(256,4,1,1): 1 x 3.56 us = 3.56 us
RMS_NORM_MUL RMS_NORM(5120,1,1,1): 5 x 3.696 us = 18.48 us
ROPE: 2 x 3.54 us = 7.08 us
SET_ROWS: 2 x 2.9 us = 5.8 us
SIGMOID_MUL SIGMOID: 1 x 1.68 us = 1.68 us
TOP_K K=10 (98304,1,1,1): 1 x 9.04 us = 9.04 us
Total time: 1399.97 us.
----------------
Vulkan Timings:
ADD: 48 x 3.824 us = 183.56 us
CONT: 16 x 3.74 us = 59.84 us
FLASH_ATTN_EXT dst(256,24,5,1),  q(256,5,24,1),  k(256,256,4,1),  v(256,256,4,1),  m(256,5,1,1): 16 x 23.405 us = 374.48 us (1344.04 GFLOPS/s)
GDN_CACHE GATED_DELTA_NET: 48 x 14.539 us = 697.88 us
GDN_CONV_STATE CONCAT: 48 x 3.24 us = 155.52 us
GET_ROWS: 3 x 11.346 us = 34.04 us
GLU: 64 x 2.81 us = 179.84 us
MUL_MAT f32 m=256 n=120 k=256: 16 x 1.8 us = 28.8 us (8721.07 GFLOPS/s)
MUL_MAT f32 m=256 n=20 k=256: 16 x 3.432 us = 54.92 us (762.22 GFLOPS/s)
MUL_MAT f32 m=64 n=480 k=64: 16 x 3.612 us = 57.8 us (1079.98 GFLOPS/s)
MUL_MAT f32 m=64 n=80 k=64: 16 x 3.345 us = 53.52 us (194.392 GFLOPS/s)
MUL_MAT_ADD MUL_MAT_VEC q6_K m=5120 n=5 k=17408: 64 x 207.409 us = 13274.2 us (4297.12 GFLOPS/s)
MUL_MAT_ADD MUL_MAT_VEC q6_K m=5120 n=5 k=6144: 16 x 77.38 us = 1238.08 us (4064.97 GFLOPS/s)
MUL_MAT_VEC f32 m=48 n=5 k=5120: 96 x 4.332 us = 415.88 us (567.247 GFLOPS/s)
MUL_MAT_VEC q6_K m=1024 n=5 k=5120: 32 x 12.132 us = 388.24 us (4320.93 GFLOPS/s)
MUL_MAT_VEC q6_K m=10240 n=5 k=5120: 48 x 109.971 us = 5278.64 us (4767.02 GFLOPS/s)
MUL_MAT_VEC q6_K m=12288 n=5 k=5120: 16 x 140.73 us = 2251.68 us (4470.15 GFLOPS/s)
MUL_MAT_VEC q6_K m=17408 n=5 k=5120: 128 x 182.881 us = 23408.8 us (4873.12 GFLOPS/s)
MUL_MAT_VEC q6_K m=248320 n=5 k=5120: 1 x 2422.8 us = 2422.8 us (5247.13 GFLOPS/s)
MUL_MAT_VEC q6_K m=6144 n=5 k=5120: 48 x 71.104 us = 3413 us (4423.68 GFLOPS/s)
MUL_MAT_VEC q8_0 m=5120 n=5 k=6144: 48 x 63.122 us = 3029.88 us (4983.12 GFLOPS/s)
RMS_NORM_MUL RMS_NORM(256,24,5,1): 16 x 3.687 us = 59 us
RMS_NORM_MUL RMS_NORM(256,4,5,1): 16 x 3.88 us = 62.08 us
RMS_NORM_MUL RMS_NORM(5120,5,1,1): 129 x 4.264 us = 550.16 us
RMS_NORM_MUL_SILU_MUL RMS_NORM(128,48,5,1): 48 x 5.577 us = 267.72 us
RMS_NORM_SCALE RMS_NORM(128,16,5,1): 96 x 2.552 us = 245.04 us
ROPE: 32 x 3.786 us = 121.16 us
SET_ROWS: 32 x 2.825 us = 90.4 us
SIGMOID_MUL SIGMOID: 16 x 3.645 us = 58.32 us
SSM_CONV_SILU SSM_CONV: 48 x 4.68 us = 224.68 us
Total time: 58680 us.
----------------
Vulkan Timings:
CONCAT: 1 x 4.04 us = 4.04 us
CONT: 1 x 3.68 us = 3.68 us
FLASH_ATTN_EXT dst(256,24,5,1),  q(256,5,24,1),  k(256,256,4,1),  v(256,256,4,1),  m(256,5,1,1): 1 x 23.52 us = 23.52 us (1337.47 GFLOPS/s)
GET_ROWS: 1 x 6.56 us = 6.56 us
GLU: 1 x 1.52 us = 1.52 us
MUL_MAT f32 m=256 n=120 k=256: 1 x 1.68 us = 1.68 us (9344 GFLOPS/s)
MUL_MAT f32 m=256 n=20 k=256: 1 x 3.08 us = 3.08 us (849.455 GFLOPS/s)
MUL_MAT f32 m=64 n=480 k=64: 1 x 3.72 us = 3.72 us (1048.77 GFLOPS/s)
MUL_MAT f32 m=64 n=80 k=64: 1 x 3.64 us = 3.64 us (178.637 GFLOPS/s)
MUL_MAT_ADD MUL_MAT_VEC q6_K m=5120 n=5 k=17408: 1 x 229.77 us = 229.77 us (3878.94 GFLOPS/s)
MUL_MAT_ADD MUL_MAT_VEC q6_K m=5120 n=5 k=6144: 1 x 86.56 us = 86.56 us (3633.86 GFLOPS/s)
MUL_MAT_VEC q6_K m=1024 n=5 k=5120: 2 x 16.22 us = 32.44 us (3232.04 GFLOPS/s)
MUL_MAT_VEC q6_K m=12288 n=5 k=5120: 1 x 153.36 us = 153.36 us (4102.01 GFLOPS/s)
MUL_MAT_VEC q6_K m=17408 n=5 k=5120: 2 x 180.98 us = 361.96 us (4924.32 GFLOPS/s)
MUL_MAT_VEC q8_0 m=5120 n=5 k=10240: 1 x 106.6 us = 106.6 us (4918.03 GFLOPS/s)
RMS_NORM_MUL RMS_NORM(256,24,5,1): 1 x 3.8 us = 3.8 us
RMS_NORM_MUL RMS_NORM(256,4,5,1): 1 x 3.64 us = 3.64 us
RMS_NORM_MUL RMS_NORM(5120,5,1,1): 5 x 9.168 us = 45.84 us
ROPE: 2 x 3.64 us = 7.28 us
SET_ROWS: 2 x 2.92 us = 5.84 us
SIGMOID_MUL SIGMOID: 1 x 1.76 us = 1.76 us
Total time: 1090.29 us.
----------------
Vulkan Timings:
CONCAT: 1 x 1.68 us = 1.68 us
CONT: 1 x 3.64 us = 3.64 us
FLASH_ATTN_EXT dst(256,24,1,1),  q(256,1,24,1),  k(256,256,4,1),  v(256,256,4,1),  m(256,1,1,1): 1 x 13.44 us = 13.44 us (468.114 GFLOPS/s)
GET_ROWS: 3 x 5.773 us = 17.32 us
GLU: 1 x 1.6 us = 1.6 us
MUL_MAT f32 m=256 n=24 k=256: 1 x 1.52 us = 1.52 us (2065.52 GFLOPS/s)
MUL_MAT f32 m=64 n=16 k=64: 1 x 1.76 us = 1.76 us (73.8909 GFLOPS/s)
MUL_MAT f32 m=64 n=96 k=64: 1 x 3.36 us = 3.36 us (232.229 GFLOPS/s)
MUL_MAT_ADD MUL_MAT_VEC q6_K m=5120 n=1 k=17408: 1 x 129.24 us = 129.24 us (1379.24 GFLOPS/s)
MUL_MAT_ADD MUL_MAT_VEC q6_K m=5120 n=1 k=6144: 1 x 53.52 us = 53.52 us (1175.44 GFLOPS/s)
MUL_MAT_VEC f32 m=256 n=4 k=256: 1 x 3.12 us = 3.12 us (167.713 GFLOPS/s)
MUL_MAT_VEC q6_K m=1024 n=1 k=5120: 2 x 8.78 us = 17.56 us (1194.16 GFLOPS/s)
MUL_MAT_VEC q6_K m=12288 n=1 k=5120: 1 x 89.72 us = 89.72 us (1402.33 GFLOPS/s)
MUL_MAT_VEC q6_K m=17408 n=1 k=5120: 2 x 118.46 us = 236.92 us (1504.65 GFLOPS/s)
MUL_MAT_VEC q6_K m=98304 n=1 k=5120: 1 x 670.94 us = 670.94 us (1500.19 GFLOPS/s)
MUL_MAT_VEC q8_0 m=5120 n=1 k=10240: 1 x 93.68 us = 93.68 us (1119.26 GFLOPS/s)
PAD: 1 x 6.48 us = 6.48 us
RMS_NORM_MUL RMS_NORM(256,24,1,1): 1 x 5.96 us = 5.96 us
RMS_NORM_MUL RMS_NORM(256,4,1,1): 1 x 5.08 us = 5.08 us
RMS_NORM_MUL RMS_NORM(5120,1,1,1): 5 x 3.944 us = 19.72 us
ROPE: 2 x 3.44 us = 6.88 us
SET_ROWS: 2 x 2.84 us = 5.68 us
SIGMOID_MUL SIGMOID: 1 x 1.52 us = 1.52 us
TOP_K K=10 (98304,1,1,1): 1 x 9 us = 9 us
Total time: 1399.34 us.
----------------
Vulkan Timings:
CONCAT: 1 x 1.64 us = 1.64 us
CONT: 1 x 3.76 us = 3.76 us
FLASH_ATTN_EXT dst(256,24,1,1),  q(256,1,24,1),  k(256,256,4,1),  v(256,256,4,1),  m(256,1,1,1): 1 x 16.28 us = 16.28 us (386.453 GFLOPS/s)
GET_ROWS: 3 x 4.853 us = 14.56 us
GLU: 1 x 1.88 us = 1.88 us
MUL_MAT f32 m=256 n=24 k=256: 1 x 1.64 us = 1.64 us (1914.38 GFLOPS/s)
MUL_MAT f32 m=64 n=16 k=64: 1 x 3.72 us = 3.72 us (34.9591 GFLOPS/s)
MUL_MAT f32 m=64 n=96 k=64: 1 x 3.76 us = 3.76 us (207.523 GFLOPS/s)
MUL_MAT_ADD MUL_MAT_VEC q6_K m=5120 n=1 k=17408: 1 x 123.2 us = 123.2 us (1446.86 GFLOPS/s)
MUL_MAT_ADD MUL_MAT_VEC q6_K m=5120 n=1 k=6144: 1 x 53.48 us = 53.48 us (1176.32 GFLOPS/s)
MUL_MAT_VEC f32 m=256 n=4 k=256: 1 x 3.12 us = 3.12 us (167.713 GFLOPS/s)
MUL_MAT_VEC q6_K m=1024 n=1 k=5120: 2 x 7.04 us = 14.08 us (1489.31 GFLOPS/s)
MUL_MAT_VEC q6_K m=12288 n=1 k=5120: 1 x 92.8 us = 92.8 us (1355.78 GFLOPS/s)
MUL_MAT_VEC q6_K m=17408 n=1 k=5120: 2 x 121.6 us = 243.2 us (1465.79 GFLOPS/s)
MUL_MAT_VEC q6_K m=98304 n=1 k=5120: 1 x 672.52 us = 672.52 us (1496.66 GFLOPS/s)
MUL_MAT_VEC q8_0 m=5120 n=1 k=10240: 1 x 101.6 us = 101.6 us (1032.01 GFLOPS/s)
PAD: 1 x 6.48 us = 6.48 us
RMS_NORM_MUL RMS_NORM(256,24,1,1): 1 x 3.72 us = 3.72 us
RMS_NORM_MUL RMS_NORM(256,4,1,1): 1 x 3.72 us = 3.72 us
RMS_NORM_MUL RMS_NORM(5120,1,1,1): 5 x 3.64 us = 18.2 us
ROPE: 2 x 3.7 us = 7.4 us
SET_ROWS: 2 x 2.06 us = 4.12 us
SIGMOID_MUL SIGMOID: 1 x 1.64 us = 1.64 us
TOP_K K=10 (98304,1,1,1): 1 x 8.88 us = 8.88 us
Total time: 1405.4 us.
----------------
Vulkan Timings:
CONCAT: 1 x 1.68 us = 1.68 us
CONT: 1 x 3.68 us = 3.68 us
FLASH_ATTN_EXT dst(256,24,1,1),  q(256,1,24,1),  k(256,256,4,1),  v(256,256,4,1),  m(256,1,1,1): 1 x 13.8 us = 13.8 us (455.903 GFLOPS/s)
GET_ROWS: 3 x 4.92 us = 14.76 us
GLU: 1 x 1.88 us = 1.88 us
MUL_MAT f32 m=256 n=24 k=256: 1 x 1.68 us = 1.68 us (1868.8 GFLOPS/s)
MUL_MAT f32 m=64 n=16 k=64: 1 x 3.72 us = 3.72 us (34.9591 GFLOPS/s)
MUL_MAT f32 m=64 n=96 k=64: 1 x 3.68 us = 3.68 us (212.035 GFLOPS/s)
MUL_MAT_ADD MUL_MAT_VEC q6_K m=5120 n=1 k=17408: 1 x 123.44 us = 123.44 us (1444.04 GFLOPS/s)
MUL_MAT_ADD MUL_MAT_VEC q6_K m=5120 n=1 k=6144: 1 x 53.44 us = 53.44 us (1177.2 GFLOPS/s)
MUL_MAT_VEC f32 m=256 n=4 k=256: 1 x 3.12 us = 3.12 us (167.713 GFLOPS/s)
MUL_MAT_VEC q6_K m=1024 n=1 k=5120: 2 x 8.82 us = 17.64 us (1188.75 GFLOPS/s)
MUL_MAT_VEC q6_K m=12288 n=1 k=5120: 1 x 85.16 us = 85.16 us (1477.42 GFLOPS/s)
MUL_MAT_VEC q6_K m=17408 n=1 k=5120: 2 x 121.46 us = 242.92 us (1467.48 GFLOPS/s)
MUL_MAT_VEC q6_K m=98304 n=1 k=5120: 1 x 673.35 us = 673.35 us (1494.82 GFLOPS/s)
MUL_MAT_VEC q8_0 m=5120 n=1 k=10240: 1 x 101.8 us = 101.8 us (1029.99 GFLOPS/s)
PAD: 1 x 6.48 us = 6.48 us
RMS_NORM_MUL RMS_NORM(256,24,1,1): 1 x 5.56 us = 5.56 us
RMS_NORM_MUL RMS_NORM(256,4,1,1): 1 x 3.72 us = 3.72 us
RMS_NORM_MUL RMS_NORM(5120,1,1,1): 5 x 3.664 us = 18.32 us
ROPE: 2 x 3.72 us = 7.44 us
SET_ROWS: 2 x 2.94 us = 5.88 us
SIGMOID_MUL SIGMOID: 1 x 1.64 us = 1.64 us
TOP_K K=10 (98304,1,1,1): 1 x 8.96 us = 8.96 us
Total time: 1403.75 us.
----------------
Vulkan Timings:
CONCAT: 1 x 1.64 us = 1.64 us
CONT: 1 x 3.72 us = 3.72 us
FLASH_ATTN_EXT dst(256,24,1,1),  q(256,1,24,1),  k(256,256,4,1),  v(256,256,4,1),  m(256,1,1,1): 1 x 13.84 us = 13.84 us (454.585 GFLOPS/s)
GET_ROWS: 3 x 4.933 us = 14.8 us
GLU: 1 x 1.8 us = 1.8 us
MUL_MAT f32 m=256 n=24 k=256: 1 x 1.68 us = 1.68 us (1868.8 GFLOPS/s)
MUL_MAT f32 m=64 n=16 k=64: 1 x 3.72 us = 3.72 us (34.9591 GFLOPS/s)
MUL_MAT f32 m=64 n=96 k=64: 1 x 3.72 us = 3.72 us (209.755 GFLOPS/s)
MUL_MAT_ADD MUL_MAT_VEC q6_K m=5120 n=1 k=17408: 1 x 123 us = 123 us (1449.21 GFLOPS/s)
MUL_MAT_ADD MUL_MAT_VEC q6_K m=5120 n=1 k=6144: 1 x 53.52 us = 53.52 us (1175.44 GFLOPS/s)
MUL_MAT_VEC f32 m=256 n=4 k=256: 1 x 3.12 us = 3.12 us (167.713 GFLOPS/s)
MUL_MAT_VEC q6_K m=1024 n=1 k=5120: 2 x 6.92 us = 13.84 us (1515.14 GFLOPS/s)
MUL_MAT_VEC q6_K m=12288 n=1 k=5120: 1 x 93 us = 93 us (1352.87 GFLOPS/s)
MUL_MAT_VEC q6_K m=17408 n=1 k=5120: 2 x 121.44 us = 242.88 us (1467.72 GFLOPS/s)
MUL_MAT_VEC q6_K m=98304 n=1 k=5120: 1 x 673.7 us = 673.7 us (1494.04 GFLOPS/s)
MUL_MAT_VEC q8_0 m=5120 n=1 k=10240: 1 x 101.48 us = 101.48 us (1033.23 GFLOPS/s)
PAD: 1 x 6.48 us = 6.48 us
RMS_NORM_MUL RMS_NORM(256,24,1,1): 1 x 3.76 us = 3.76 us
RMS_NORM_MUL RMS_NORM(256,4,1,1): 1 x 3.68 us = 3.68 us
RMS_NORM_MUL RMS_NORM(5120,1,1,1): 5 x 3.712 us = 18.56 us
ROPE: 2 x 3.7 us = 7.4 us
SET_ROWS: 2 x 2.92 us = 5.84 us
SIGMOID_MUL SIGMOID: 1 x 1.68 us = 1.68 us
TOP_K K=10 (98304,1,1,1): 1 x 9 us = 9 us
Total time: 1405.86 us.
----------------
Vulkan Timings:
ADD: 48 x 3.987 us = 191.4 us
CONT: 16 x 3.91 us = 62.56 us
FLASH_ATTN_EXT dst(256,24,5,1),  q(256,5,24,1),  k(256,256,4,1),  v(256,256,4,1),  m(256,5,1,1): 16 x 23.685 us = 378.96 us (1328.15 GFLOPS/s)
GDN_CACHE GATED_DELTA_NET: 48 x 13.826 us = 663.68 us
GDN_CONV_STATE CONCAT: 48 x 3.125 us = 150 us
GET_ROWS: 3 x 11.413 us = 34.24 us
GLU: 64 x 2.94 us = 188.2 us
MUL_MAT f32 m=256 n=120 k=256: 16 x 1.867 us = 29.88 us (8405.85 GFLOPS/s)
MUL_MAT f32 m=256 n=20 k=256: 16 x 3.287 us = 52.6 us (795.839 GFLOPS/s)
MUL_MAT f32 m=64 n=480 k=64: 16 x 3.775 us = 60.4 us (1033.49 GFLOPS/s)
MUL_MAT f32 m=64 n=80 k=64: 16 x 3.472 us = 55.56 us (187.254 GFLOPS/s)
MUL_MAT_ADD MUL_MAT_VEC q6_K m=5120 n=5 k=17408: 64 x 207.111 us = 13255.1 us (4303.31 GFLOPS/s)
MUL_MAT_ADD MUL_MAT_VEC q6_K m=5120 n=5 k=6144: 16 x 77.562 us = 1241 us (4055.4 GFLOPS/s)
MUL_MAT_VEC f32 m=48 n=5 k=5120: 96 x 4.413 us = 423.72 us (556.751 GFLOPS/s)
MUL_MAT_VEC q6_K m=1024 n=5 k=5120: 32 x 12.287 us = 393.2 us (4266.42 GFLOPS/s)
MUL_MAT_VEC q6_K m=10240 n=5 k=5120: 48 x 110.235 us = 5291.28 us (4755.63 GFLOPS/s)
MUL_MAT_VEC q6_K m=12288 n=5 k=5120: 16 x 140.855 us = 2253.68 us (4466.18 GFLOPS/s)
MUL_MAT_VEC q6_K m=17408 n=5 k=5120: 128 x 183.27 us = 23458.6 us (4862.78 GFLOPS/s)
MUL_MAT_VEC q6_K m=248320 n=5 k=5120: 1 x 2387.2 us = 2387.2 us (5325.38 GFLOPS/s)
MUL_MAT_VEC q6_K m=6144 n=5 k=5120: 48 x 72.228 us = 3466.96 us (4354.83 GFLOPS/s)
MUL_MAT_VEC q8_0 m=5120 n=5 k=6144: 48 x 63.467 us = 3046.44 us (4956.04 GFLOPS/s)
RMS_NORM_MUL RMS_NORM(256,24,5,1): 16 x 3.842 us = 61.48 us
RMS_NORM_MUL RMS_NORM(256,4,5,1): 16 x 4.08 us = 65.28 us
RMS_NORM_MUL RMS_NORM(5120,5,1,1): 129 x 4.356 us = 561.96 us
RMS_NORM_MUL_SILU_MUL RMS_NORM(128,48,5,1): 48 x 5.897 us = 283.08 us
RMS_NORM_SCALE RMS_NORM(128,16,5,1): 96 x 2.596 us = 249.28 us
ROPE: 32 x 3.95 us = 126.4 us
SET_ROWS: 32 x 2.895 us = 92.64 us
SIGMOID_MUL SIGMOID: 16 x 3.81 us = 60.96 us
SSM_CONV_SILU SSM_CONV: 48 x 4.865 us = 233.56 us
Total time: 58819.3 us.
----------------
Vulkan Timings:
CONCAT: 1 x 3.88 us = 3.88 us
CONT: 1 x 3.76 us = 3.76 us
FLASH_ATTN_EXT dst(256,24,5,1),  q(256,5,24,1),  k(256,256,4,1),  v(256,256,4,1),  m(256,5,1,1): 1 x 23.16 us = 23.16 us (1358.26 GFLOPS/s)
GET_ROWS: 1 x 6.72 us = 6.72 us
GLU: 1 x 1.48 us = 1.48 us
MUL_MAT f32 m=256 n=120 k=256: 1 x 1.64 us = 1.64 us (9571.9 GFLOPS/s)
MUL_MAT f32 m=256 n=20 k=256: 1 x 3.16 us = 3.16 us (827.949 GFLOPS/s)
MUL_MAT f32 m=64 n=480 k=64: 1 x 3.72 us = 3.72 us (1048.77 GFLOPS/s)
MUL_MAT f32 m=64 n=80 k=64: 1 x 3.76 us = 3.76 us (172.936 GFLOPS/s)
MUL_MAT_ADD MUL_MAT_VEC q6_K m=5120 n=5 k=17408: 1 x 234.86 us = 234.86 us (3794.87 GFLOPS/s)
MUL_MAT_ADD MUL_MAT_VEC q6_K m=5120 n=5 k=6144: 1 x 84.12 us = 84.12 us (3739.27 GFLOPS/s)
MUL_MAT_VEC q6_K m=1024 n=5 k=5120: 2 x 15.68 us = 31.36 us (3343.35 GFLOPS/s)
MUL_MAT_VEC q6_K m=12288 n=5 k=5120: 1 x 231.52 us = 231.52 us (2717.19 GFLOPS/s)
MUL_MAT_VEC q6_K m=17408 n=5 k=5120: 2 x 180.36 us = 360.72 us (4941.24 GFLOPS/s)
MUL_MAT_VEC q8_0 m=5120 n=5 k=10240: 1 x 105.92 us = 105.92 us (4949.61 GFLOPS/s)
RMS_NORM_MUL RMS_NORM(256,24,5,1): 1 x 3.92 us = 3.92 us
RMS_NORM_MUL RMS_NORM(256,4,5,1): 1 x 3.8 us = 3.8 us
RMS_NORM_MUL RMS_NORM(5120,5,1,1): 5 x 9.142 us = 45.71 us
ROPE: 2 x 3.78 us = 7.56 us
SET_ROWS: 2 x 2.94 us = 5.88 us
SIGMOID_MUL SIGMOID: 1 x 1.68 us = 1.68 us
Total time: 1168.33 us.
----------------
Vulkan Timings:
CONCAT: 1 x 1.6 us = 1.6 us
CONT: 1 x 3.4 us = 3.4 us
FLASH_ATTN_EXT dst(256,24,1,1),  q(256,1,24,1),  k(256,256,4,1),  v(256,256,4,1),  m(256,1,1,1): 1 x 13.48 us = 13.48 us (466.725 GFLOPS/s)
GET_ROWS: 3 x 4.893 us = 14.68 us
GLU: 1 x 1.68 us = 1.68 us
MUL_MAT f32 m=256 n=24 k=256: 1 x 1.52 us = 1.52 us (2065.52 GFLOPS/s)
MUL_MAT f32 m=64 n=16 k=64: 1 x 1.8 us = 1.8 us (72.2489 GFLOPS/s)
MUL_MAT f32 m=64 n=96 k=64: 1 x 3.16 us = 3.16 us (246.927 GFLOPS/s)
MUL_MAT_ADD MUL_MAT_VEC q6_K m=5120 n=1 k=17408: 1 x 130.32 us = 130.32 us (1367.81 GFLOPS/s)
MUL_MAT_ADD MUL_MAT_VEC q6_K m=5120 n=1 k=6144: 1 x 53.56 us = 53.56 us (1174.56 GFLOPS/s)
MUL_MAT_VEC f32 m=256 n=4 k=256: 1 x 3 us = 3 us (174.421 GFLOPS/s)
MUL_MAT_VEC q6_K m=1024 n=1 k=5120: 2 x 8.78 us = 17.56 us (1194.16 GFLOPS/s)
MUL_MAT_VEC q6_K m=12288 n=1 k=5120: 1 x 89.84 us = 89.84 us (1400.45 GFLOPS/s)
MUL_MAT_VEC q6_K m=17408 n=1 k=5120: 2 x 118.58 us = 237.16 us (1503.12 GFLOPS/s)
MUL_MAT_VEC q6_K m=98304 n=1 k=5120: 1 x 674.66 us = 674.66 us (1491.91 GFLOPS/s)
MUL_MAT_VEC q8_0 m=5120 n=1 k=10240: 1 x 93.2 us = 93.2 us (1125.03 GFLOPS/s)
PAD: 1 x 6.04 us = 6.04 us
RMS_NORM_MUL RMS_NORM(256,24,1,1): 1 x 5.6 us = 5.6 us
RMS_NORM_MUL RMS_NORM(256,4,1,1): 1 x 4.8 us = 4.8 us
RMS_NORM_MUL RMS_NORM(5120,1,1,1): 5 x 3.992 us = 19.96 us
ROPE: 2 x 3.3 us = 6.6 us
SET_ROWS: 2 x 2.74 us = 5.48 us
SIGMOID_MUL SIGMOID: 1 x 1.52 us = 1.52 us
TOP_K K=10 (98304,1,1,1): 1 x 8.48 us = 8.48 us
Total time: 1399.1 us.
----------------
Vulkan Timings:
CONCAT: 1 x 1.6 us = 1.6 us
CONT: 1 x 3.52 us = 3.52 us
FLASH_ATTN_EXT dst(256,24,1,1),  q(256,1,24,1),  k(256,256,4,1),  v(256,256,4,1),  m(256,1,1,1): 1 x 13.96 us = 13.96 us (450.677 GFLOPS/s)
GET_ROWS: 3 x 4.853 us = 14.56 us
GLU: 1 x 1.72 us = 1.72 us
MUL_MAT f32 m=256 n=24 k=256: 1 x 1.6 us = 1.6 us (1962.24 GFLOPS/s)
MUL_MAT f32 m=64 n=16 k=64: 1 x 3.6 us = 3.6 us (36.1244 GFLOPS/s)
MUL_MAT f32 m=64 n=96 k=64: 1 x 3.6 us = 3.6 us (216.747 GFLOPS/s)
MUL_MAT_ADD MUL_MAT_VEC q6_K m=5120 n=1 k=17408: 1 x 124.68 us = 124.68 us (1429.68 GFLOPS/s)
MUL_MAT_ADD MUL_MAT_VEC q6_K m=5120 n=1 k=6144: 1 x 53.48 us = 53.48 us (1176.32 GFLOPS/s)
MUL_MAT_VEC f32 m=256 n=4 k=256: 1 x 3 us = 3 us (174.421 GFLOPS/s)
MUL_MAT_VEC q6_K m=1024 n=1 k=5120: 2 x 8.74 us = 17.48 us (1199.63 GFLOPS/s)
MUL_MAT_VEC q6_K m=12288 n=1 k=5120: 1 x 85.92 us = 85.92 us (1464.35 GFLOPS/s)
MUL_MAT_VEC q6_K m=17408 n=1 k=5120: 2 x 121.42 us = 242.84 us (1467.97 GFLOPS/s)
MUL_MAT_VEC q6_K m=98304 n=1 k=5120: 1 x 673.41 us = 673.41 us (1494.68 GFLOPS/s)
MUL_MAT_VEC q8_0 m=5120 n=1 k=10240: 1 x 101.28 us = 101.28 us (1035.27 GFLOPS/s)
PAD: 1 x 6.32 us = 6.32 us
RMS_NORM_MUL RMS_NORM(256,24,1,1): 1 x 5.28 us = 5.28 us
RMS_NORM_MUL RMS_NORM(256,4,1,1): 1 x 3.56 us = 3.56 us
RMS_NORM_MUL RMS_NORM(5120,1,1,1): 5 x 3.696 us = 18.48 us
ROPE: 2 x 3.54 us = 7.08 us
SET_ROWS: 2 x 2.86 us = 5.72 us
SIGMOID_MUL SIGMOID: 1 x 1.68 us = 1.68 us
TOP_K K=10 (98304,1,1,1): 1 x 8.96 us = 8.96 us
Total time: 1403.33 us.
----------------
Vulkan Timings:
CONCAT: 1 x 1.68 us = 1.68 us
CONT: 1 x 3.6 us = 3.6 us
FLASH_ATTN_EXT dst(256,24,1,1),  q(256,1,24,1),  k(256,256,4,1),  v(256,256,4,1),  m(256,1,1,1): 1 x 13.88 us = 13.88 us (453.275 GFLOPS/s)
GET_ROWS: 3 x 4.826 us = 14.48 us
GLU: 1 x 1.76 us = 1.76 us
MUL_MAT f32 m=256 n=24 k=256: 1 x 1.64 us = 1.64 us (1914.38 GFLOPS/s)
MUL_MAT f32 m=64 n=16 k=64: 1 x 3.52 us = 3.52 us (36.9455 GFLOPS/s)
MUL_MAT f32 m=64 n=96 k=64: 1 x 3.6 us = 3.6 us (216.747 GFLOPS/s)
MUL_MAT_ADD MUL_MAT_VEC q6_K m=5120 n=1 k=17408: 1 x 123.04 us = 123.04 us (1448.74 GFLOPS/s)
MUL_MAT_ADD MUL_MAT_VEC q6_K m=5120 n=1 k=6144: 1 x 53.4 us = 53.4 us (1178.08 GFLOPS/s)
MUL_MAT_VEC f32 m=256 n=4 k=256: 1 x 2.96 us = 2.96 us (176.778 GFLOPS/s)
MUL_MAT_VEC q6_K m=1024 n=1 k=5120: 2 x 9.08 us = 18.16 us (1154.71 GFLOPS/s)
MUL_MAT_VEC q6_K m=12288 n=1 k=5120: 1 x 85.2 us = 85.2 us (1476.72 GFLOPS/s)
MUL_MAT_VEC q6_K m=17408 n=1 k=5120: 2 x 121.5 us = 243 us (1467 GFLOPS/s)
MUL_MAT_VEC q6_K m=98304 n=1 k=5120: 1 x 673.31 us = 673.31 us (1494.91 GFLOPS/s)
MUL_MAT_VEC q8_0 m=5120 n=1 k=10240: 1 x 100.96 us = 100.96 us (1038.55 GFLOPS/s)
PAD: 1 x 6.32 us = 6.32 us
RMS_NORM_MUL RMS_NORM(256,24,1,1): 1 x 5.2 us = 5.2 us
RMS_NORM_MUL RMS_NORM(256,4,1,1): 1 x 3.56 us = 3.56 us
RMS_NORM_MUL RMS_NORM(5120,1,1,1): 5 x 3.688 us = 18.44 us
ROPE: 2 x 3.54 us = 7.08 us
SET_ROWS: 2 x 2.9 us = 5.8 us
SIGMOID_MUL SIGMOID: 1 x 1.68 us = 1.68 us
TOP_K K=10 (98304,1,1,1): 1 x 8.72 us = 8.72 us
Total time: 1400.99 us.
----------------
Vulkan Timings:
CONCAT: 1 x 1.88 us = 1.88 us
CONT: 1 x 3.56 us = 3.56 us
FLASH_ATTN_EXT dst(256,24,1,1),  q(256,1,24,1),  k(256,256,4,1),  v(256,256,4,1),  m(256,1,1,1): 1 x 13.72 us = 13.72 us (458.561 GFLOPS/s)
GET_ROWS: 3 x 4.76 us = 14.28 us
GLU: 1 x 1.88 us = 1.88 us
MUL_MAT f32 m=256 n=24 k=256: 1 x 1.64 us = 1.64 us (1914.38 GFLOPS/s)
MUL_MAT f32 m=64 n=16 k=64: 1 x 3.56 us = 3.56 us (36.5303 GFLOPS/s)
MUL_MAT f32 m=64 n=96 k=64: 1 x 3.56 us = 3.56 us (219.182 GFLOPS/s)
MUL_MAT_ADD MUL_MAT_VEC q6_K m=5120 n=1 k=17408: 1 x 123.08 us = 123.08 us (1448.27 GFLOPS/s)
MUL_MAT_ADD MUL_MAT_VEC q6_K m=5120 n=1 k=6144: 1 x 53.24 us = 53.24 us (1181.62 GFLOPS/s)
MUL_MAT_VEC f32 m=256 n=4 k=256: 1 x 2.96 us = 2.96 us (176.778 GFLOPS/s)
MUL_MAT_VEC q6_K m=1024 n=1 k=5120: 2 x 6.96 us = 13.92 us (1506.43 GFLOPS/s)
MUL_MAT_VEC q6_K m=12288 n=1 k=5120: 1 x 93.56 us = 93.56 us (1344.77 GFLOPS/s)
MUL_MAT_VEC q6_K m=17408 n=1 k=5120: 2 x 121.14 us = 242.28 us (1471.36 GFLOPS/s)
MUL_MAT_VEC q6_K m=98304 n=1 k=5120: 1 x 672.06 us = 672.06 us (1497.69 GFLOPS/s)
MUL_MAT_VEC q8_0 m=5120 n=1 k=10240: 1 x 102.24 us = 102.24 us (1025.55 GFLOPS/s)
PAD: 1 x 6.32 us = 6.32 us
RMS_NORM_MUL RMS_NORM(256,24,1,1): 1 x 3.6 us = 3.6 us
RMS_NORM_MUL RMS_NORM(256,4,1,1): 1 x 3.56 us = 3.56 us
RMS_NORM_MUL RMS_NORM(5120,1,1,1): 5 x 3.656 us = 18.28 us
ROPE: 2 x 3.58 us = 7.16 us
SET_ROWS: 2 x 2.86 us = 5.72 us
SIGMOID_MUL SIGMOID: 1 x 1.64 us = 1.64 us
TOP_K K=10 (98304,1,1,1): 1 x 8.68 us = 8.68 us
Total time: 1402.38 us.
----------------
Vulkan Timings:
ADD: 48 x 3.827 us = 183.72 us
CONT: 16 x 3.732 us = 59.72 us
FLASH_ATTN_EXT dst(256,24,5,1),  q(256,5,24,1),  k(256,256,4,1),  v(256,256,4,1),  m(256,5,1,1): 16 x 23.06 us = 368.96 us (1364.15 GFLOPS/s)
GDN_CACHE GATED_DELTA_NET: 48 x 14.674 us = 704.36 us
GDN_CONV_STATE CONCAT: 48 x 3.33 us = 159.88 us
GET_ROWS: 3 x 11.24 us = 33.72 us
GLU: 64 x 2.824 us = 180.76 us
MUL_MAT f32 m=256 n=120 k=256: 16 x 1.812 us = 29 us (8660.92 GFLOPS/s)
MUL_MAT f32 m=256 n=20 k=256: 16 x 3.422 us = 54.76 us (764.447 GFLOPS/s)
MUL_MAT f32 m=64 n=480 k=64: 16 x 3.625 us = 58 us (1076.26 GFLOPS/s)
MUL_MAT f32 m=64 n=80 k=64: 16 x 3.45 us = 55.2 us (188.475 GFLOPS/s)
MUL_MAT_ADD MUL_MAT_VEC q6_K m=5120 n=5 k=17408: 64 x 206.024 us = 13185.6 us (4326.01 GFLOPS/s)
MUL_MAT_ADD MUL_MAT_VEC q6_K m=5120 n=5 k=6144: 16 x 77.81 us = 1244.96 us (4042.5 GFLOPS/s)
MUL_MAT_VEC f32 m=48 n=5 k=5120: 96 x 4.33 us = 415.76 us (567.41 GFLOPS/s)
MUL_MAT_VEC q6_K m=1024 n=5 k=5120: 32 x 11.663 us = 373.24 us (4494.58 GFLOPS/s)
MUL_MAT_VEC q6_K m=10240 n=5 k=5120: 48 x 109.834 us = 5272.04 us (4772.98 GFLOPS/s)
MUL_MAT_VEC q6_K m=12288 n=5 k=5120: 16 x 141.32 us = 2261.12 us (4451.49 GFLOPS/s)
MUL_MAT_VEC q6_K m=17408 n=5 k=5120: 128 x 182.875 us = 23408 us (4873.29 GFLOPS/s)
MUL_MAT_VEC q6_K m=248320 n=5 k=5120: 1 x 2387.52 us = 2387.52 us (5324.66 GFLOPS/s)
MUL_MAT_VEC q6_K m=6144 n=5 k=5120: 48 x 70.892 us = 3402.84 us (4436.89 GFLOPS/s)
MUL_MAT_VEC q8_0 m=5120 n=5 k=6144: 48 x 63.025 us = 3025.24 us (4990.77 GFLOPS/s)
RMS_NORM_MUL RMS_NORM(256,24,5,1): 16 x 3.702 us = 59.24 us
RMS_NORM_MUL RMS_NORM(256,4,5,1): 16 x 3.795 us = 60.72 us
RMS_NORM_MUL RMS_NORM(5120,5,1,1): 129 x 4.238 us = 546.8 us
RMS_NORM_MUL_SILU_MUL RMS_NORM(128,48,5,1): 48 x 5.558 us = 266.8 us
RMS_NORM_SCALE RMS_NORM(128,16,5,1): 96 x 2.525 us = 242.44 us
ROPE: 32 x 3.793 us = 121.4 us
SET_ROWS: 32 x 2.908 us = 93.08 us
SIGMOID_MUL SIGMOID: 16 x 3.635 us = 58.16 us
SSM_CONV_SILU SSM_CONV: 48 x 4.654 us = 223.4 us
Total time: 58536.4 us.
----------------
Vulkan Timings:
CONCAT: 1 x 4 us = 4 us
CONT: 1 x 3.64 us = 3.64 us
FLASH_ATTN_EXT dst(256,24,5,1),  q(256,5,24,1),  k(256,256,4,1),  v(256,256,4,1),  m(256,5,1,1): 1 x 23.04 us = 23.04 us (1365.33 GFLOPS/s)
GET_ROWS: 1 x 6.52 us = 6.52 us
GLU: 1 x 1.52 us = 1.52 us
MUL_MAT f32 m=256 n=120 k=256: 1 x 1.72 us = 1.72 us (9126.7 GFLOPS/s)
MUL_MAT f32 m=256 n=20 k=256: 1 x 3 us = 3 us (872.107 GFLOPS/s)
MUL_MAT f32 m=64 n=480 k=64: 1 x 3.68 us = 3.68 us (1060.17 GFLOPS/s)
MUL_MAT f32 m=64 n=80 k=64: 1 x 3.56 us = 3.56 us (182.652 GFLOPS/s)
MUL_MAT_ADD MUL_MAT_VEC q6_K m=5120 n=5 k=17408: 1 x 227.88 us = 227.88 us (3911.11 GFLOPS/s)
MUL_MAT_ADD MUL_MAT_VEC q6_K m=5120 n=5 k=6144: 1 x 83.88 us = 83.88 us (3749.97 GFLOPS/s)
MUL_MAT_VEC q6_K m=1024 n=5 k=5120: 2 x 15.84 us = 31.68 us (3309.58 GFLOPS/s)
MUL_MAT_VEC q6_K m=12288 n=5 k=5120: 1 x 152.97 us = 152.97 us (4112.47 GFLOPS/s)
MUL_MAT_VEC q6_K m=17408 n=5 k=5120: 2 x 179.88 us = 359.76 us (4954.43 GFLOPS/s)
MUL_MAT_VEC q8_0 m=5120 n=5 k=10240: 1 x 105.28 us = 105.28 us (4979.7 GFLOPS/s)
RMS_NORM_MUL RMS_NORM(256,24,5,1): 1 x 3.72 us = 3.72 us
RMS_NORM_MUL RMS_NORM(256,4,5,1): 1 x 3.56 us = 3.56 us
RMS_NORM_MUL RMS_NORM(5120,5,1,1): 5 x 9.03 us = 45.15 us
ROPE: 2 x 3.6 us = 7.2 us
SET_ROWS: 2 x 2.94 us = 5.88 us
SIGMOID_MUL SIGMOID: 1 x 1.68 us = 1.68 us
Total time: 1079.32 us.
----------------
Vulkan Timings:
CONCAT: 1 x 1.68 us = 1.68 us
CONT: 1 x 3.64 us = 3.64 us
FLASH_ATTN_EXT dst(256,24,1,1),  q(256,1,24,1),  k(256,256,4,1),  v(256,256,4,1),  m(256,1,1,1): 1 x 13.52 us = 13.52 us (465.344 GFLOPS/s)
GET_ROWS: 3 x 5.053 us = 15.16 us
GLU: 1 x 1.6 us = 1.6 us
MUL_MAT f32 m=256 n=24 k=256: 1 x 1.56 us = 1.56 us (2012.55 GFLOPS/s)
MUL_MAT f32 m=64 n=16 k=64: 1 x 1.76 us = 1.76 us (73.8909 GFLOPS/s)
MUL_MAT f32 m=64 n=96 k=64: 1 x 3.28 us = 3.28 us (237.893 GFLOPS/s)
MUL_MAT_ADD MUL_MAT_VEC q6_K m=5120 n=1 k=17408: 1 x 129.56 us = 129.56 us (1375.83 GFLOPS/s)
MUL_MAT_ADD MUL_MAT_VEC q6_K m=5120 n=1 k=6144: 1 x 53.64 us = 53.64 us (1172.81 GFLOPS/s)
MUL_MAT_VEC f32 m=256 n=4 k=256: 1 x 3.16 us = 3.16 us (165.59 GFLOPS/s)
MUL_MAT_VEC q6_K m=1024 n=1 k=5120: 2 x 8.86 us = 17.72 us (1183.38 GFLOPS/s)
MUL_MAT_VEC q6_K m=12288 n=1 k=5120: 1 x 90.2 us = 90.2 us (1394.87 GFLOPS/s)
MUL_MAT_VEC q6_K m=17408 n=1 k=5120: 2 x 118.26 us = 236.52 us (1507.19 GFLOPS/s)
MUL_MAT_VEC q6_K m=98304 n=1 k=5120: 1 x 672.5 us = 672.5 us (1496.71 GFLOPS/s)
MUL_MAT_VEC q8_0 m=5120 n=1 k=10240: 1 x 95.16 us = 95.16 us (1101.85 GFLOPS/s)
PAD: 1 x 6.48 us = 6.48 us
RMS_NORM_MUL RMS_NORM(256,24,1,1): 1 x 5.96 us = 5.96 us
RMS_NORM_MUL RMS_NORM(256,4,1,1): 1 x 5.12 us = 5.12 us
RMS_NORM_MUL RMS_NORM(5120,1,1,1): 5 x 4 us = 20 us
ROPE: 2 x 3.44 us = 6.88 us
SET_ROWS: 2 x 2.84 us = 5.68 us
SIGMOID_MUL SIGMOID: 1 x 1.52 us = 1.52 us
TOP_K K=10 (98304,1,1,1): 1 x 9.2 us = 9.2 us
Total time: 1401.5 us.
----------------
Vulkan Timings:
CONCAT: 1 x 1.6 us = 1.6 us
CONT: 1 x 3.72 us = 3.72 us
FLASH_ATTN_EXT dst(256,24,1,1),  q(256,1,24,1),  k(256,256,4,1),  v(256,256,4,1),  m(256,1,1,1): 1 x 13.88 us = 13.88 us (453.275 GFLOPS/s)
GET_ROWS: 3 x 5.626 us = 16.88 us
GLU: 1 x 1.88 us = 1.88 us
MUL_MAT f32 m=256 n=24 k=256: 1 x 1.64 us = 1.64 us (1914.38 GFLOPS/s)
MUL_MAT f32 m=64 n=16 k=64: 1 x 3.76 us = 3.76 us (34.5872 GFLOPS/s)
MUL_MAT f32 m=64 n=96 k=64: 1 x 3.72 us = 3.72 us (209.755 GFLOPS/s)
MUL_MAT_ADD MUL_MAT_VEC q6_K m=5120 n=1 k=17408: 1 x 122.88 us = 122.88 us (1450.62 GFLOPS/s)
MUL_MAT_ADD MUL_MAT_VEC q6_K m=5120 n=1 k=6144: 1 x 53.68 us = 53.68 us (1171.93 GFLOPS/s)
MUL_MAT_VEC f32 m=256 n=4 k=256: 1 x 3.12 us = 3.12 us (167.713 GFLOPS/s)
MUL_MAT_VEC q6_K m=1024 n=1 k=5120: 2 x 8.88 us = 17.76 us (1180.71 GFLOPS/s)
MUL_MAT_VEC q6_K m=12288 n=1 k=5120: 1 x 85.64 us = 85.64 us (1469.14 GFLOPS/s)
MUL_MAT_VEC q6_K m=17408 n=1 k=5120: 2 x 121.16 us = 242.32 us (1471.12 GFLOPS/s)
MUL_MAT_VEC q6_K m=98304 n=1 k=5120: 1 x 669.47 us = 669.47 us (1503.48 GFLOPS/s)
MUL_MAT_VEC q8_0 m=5120 n=1 k=10240: 1 x 101.44 us = 101.44 us (1033.64 GFLOPS/s)
PAD: 1 x 6.48 us = 6.48 us
RMS_NORM_MUL RMS_NORM(256,24,1,1): 1 x 5.56 us = 5.56 us
RMS_NORM_MUL RMS_NORM(256,4,1,1): 1 x 3.72 us = 3.72 us
RMS_NORM_MUL RMS_NORM(5120,1,1,1): 5 x 3.696 us = 18.48 us
ROPE: 2 x 3.7 us = 7.4 us
SET_ROWS: 2 x 2.94 us = 5.88 us
SIGMOID_MUL SIGMOID: 1 x 1.64 us = 1.64 us
TOP_K K=10 (98304,1,1,1): 1 x 9 us = 9 us
Total time: 1401.55 us.
----------------
Vulkan Timings:
CONCAT: 1 x 1.64 us = 1.64 us
CONT: 1 x 3.72 us = 3.72 us
FLASH_ATTN_EXT dst(256,24,1,1),  q(256,1,24,1),  k(256,256,4,1),  v(256,256,4,1),  m(256,1,1,1): 1 x 13.72 us = 13.72 us (458.561 GFLOPS/s)
GET_ROWS: 3 x 4.933 us = 14.8 us
GLU: 1 x 1.76 us = 1.76 us
MUL_MAT f32 m=256 n=24 k=256: 1 x 1.6 us = 1.6 us (1962.24 GFLOPS/s)
MUL_MAT f32 m=64 n=16 k=64: 1 x 3.68 us = 3.68 us (35.3391 GFLOPS/s)
MUL_MAT f32 m=64 n=96 k=64: 1 x 3.76 us = 3.76 us (207.523 GFLOPS/s)
MUL_MAT_ADD MUL_MAT_VEC q6_K m=5120 n=1 k=17408: 1 x 124.76 us = 124.76 us (1428.77 GFLOPS/s)
MUL_MAT_ADD MUL_MAT_VEC q6_K m=5120 n=1 k=6144: 1 x 54.64 us = 54.64 us (1151.34 GFLOPS/s)
MUL_MAT_VEC f32 m=256 n=4 k=256: 1 x 3.12 us = 3.12 us (167.713 GFLOPS/s)
MUL_MAT_VEC q6_K m=1024 n=1 k=5120: 2 x 8.82 us = 17.64 us (1188.75 GFLOPS/s)
MUL_MAT_VEC q6_K m=12288 n=1 k=5120: 1 x 85.6 us = 85.6 us (1469.82 GFLOPS/s)
MUL_MAT_VEC q6_K m=17408 n=1 k=5120: 2 x 121.14 us = 242.28 us (1471.36 GFLOPS/s)
MUL_MAT_VEC q6_K m=98304 n=1 k=5120: 1 x 673.4 us = 673.4 us (1494.71 GFLOPS/s)
MUL_MAT_VEC q8_0 m=5120 n=1 k=10240: 1 x 101.76 us = 101.76 us (1030.39 GFLOPS/s)
PAD: 1 x 6.44 us = 6.44 us
RMS_NORM_MUL RMS_NORM(256,24,1,1): 1 x 5.56 us = 5.56 us
RMS_NORM_MUL RMS_NORM(256,4,1,1): 1 x 3.68 us = 3.68 us
RMS_NORM_MUL RMS_NORM(5120,1,1,1): 5 x 3.664 us = 18.32 us
ROPE: 2 x 3.68 us = 7.36 us
SET_ROWS: 2 x 2.94 us = 5.88 us
SIGMOID_MUL SIGMOID: 1 x 1.88 us = 1.88 us
TOP_K K=10 (98304,1,1,1): 1 x 8.88 us = 8.88 us
Total time: 1405.88 us.
----------------
Vulkan Timings:
CONCAT: 1 x 1.68 us = 1.68 us
CONT: 1 x 3.76 us = 3.76 us
FLASH_ATTN_EXT dst(256,24,1,1),  q(256,1,24,1),  k(256,256,4,1),  v(256,256,4,1),  m(256,1,1,1): 1 x 13.84 us = 13.84 us (454.585 GFLOPS/s)
GET_ROWS: 3 x 4.92 us = 14.76 us
GLU: 1 x 1.88 us = 1.88 us
MUL_MAT f32 m=256 n=24 k=256: 1 x 1.68 us = 1.68 us (1868.8 GFLOPS/s)
MUL_MAT f32 m=64 n=16 k=64: 1 x 3.68 us = 3.68 us (35.3391 GFLOPS/s)
MUL_MAT f32 m=64 n=96 k=64: 1 x 3.72 us = 3.72 us (209.755 GFLOPS/s)
MUL_MAT_ADD MUL_MAT_VEC q6_K m=5120 n=1 k=17408: 1 x 123.36 us = 123.36 us (1444.98 GFLOPS/s)
MUL_MAT_ADD MUL_MAT_VEC q6_K m=5120 n=1 k=6144: 1 x 53.72 us = 53.72 us (1171.06 GFLOPS/s)
MUL_MAT_VEC f32 m=256 n=4 k=256: 1 x 3.12 us = 3.12 us (167.713 GFLOPS/s)
MUL_MAT_VEC q6_K m=1024 n=1 k=5120: 2 x 8.94 us = 17.88 us (1172.79 GFLOPS/s)
MUL_MAT_VEC q6_K m=12288 n=1 k=5120: 1 x 85.48 us = 85.48 us (1471.89 GFLOPS/s)
MUL_MAT_VEC q6_K m=17408 n=1 k=5120: 2 x 121.48 us = 242.96 us (1467.24 GFLOPS/s)
MUL_MAT_VEC q6_K m=98304 n=1 k=5120: 1 x 675.09 us = 675.09 us (1490.96 GFLOPS/s)
MUL_MAT_VEC q8_0 m=5120 n=1 k=10240: 1 x 101.48 us = 101.48 us (1033.23 GFLOPS/s)
PAD: 1 x 6.44 us = 6.44 us
RMS_NORM_MUL RMS_NORM(256,24,1,1): 1 x 5.48 us = 5.48 us
RMS_NORM_MUL RMS_NORM(256,4,1,1): 1 x 3.72 us = 3.72 us
RMS_NORM_MUL RMS_NORM(5120,1,1,1): 5 x 3.672 us = 18.36 us
ROPE: 2 x 3.7 us = 7.4 us
SET_ROWS: 2 x 2.94 us = 5.88 us
SIGMOID_MUL SIGMOID: 1 x 1.64 us = 1.64 us
TOP_K K=10 (98304,1,1,1): 1 x 8.8 us = 8.8 us
Total time: 1405.81 us.
----------------
Vulkan Timings:
ADD: 48 x 3.993 us = 191.68 us
CONT: 16 x 3.897 us = 62.36 us
FLASH_ATTN_EXT dst(256,24,5,1),  q(256,5,24,1),  k(256,256,4,1),  v(256,256,4,1),  m(256,5,1,1): 16 x 23.075 us = 369.2 us (1363.26 GFLOPS/s)
GDN_CACHE GATED_DELTA_NET: 48 x 13.749 us = 659.96 us
GDN_CONV_STATE CONCAT: 48 x 3.125 us = 150.04 us
GET_ROWS: 3 x 11.373 us = 34.12 us
GLU: 64 x 2.928 us = 187.4 us
MUL_MAT f32 m=256 n=120 k=256: 16 x 1.812 us = 29 us (8660.92 GFLOPS/s)
MUL_MAT f32 m=256 n=20 k=256: 16 x 3.587 us = 57.4 us (729.288 GFLOPS/s)
MUL_MAT f32 m=64 n=480 k=64: 16 x 3.745 us = 59.92 us (1041.77 GFLOPS/s)
MUL_MAT f32 m=64 n=80 k=64: 16 x 3.457 us = 55.32 us (188.067 GFLOPS/s)
MUL_MAT_ADD MUL_MAT_VEC q6_K m=5120 n=5 k=17408: 64 x 207.083 us = 13253.3 us (4303.89 GFLOPS/s)
MUL_MAT_ADD MUL_MAT_VEC q6_K m=5120 n=5 k=6144: 16 x 77.83 us = 1245.28 us (4041.46 GFLOPS/s)
MUL_MAT_VEC f32 m=48 n=5 k=5120: 96 x 4.387 us = 421.2 us (560.082 GFLOPS/s)
MUL_MAT_VEC q6_K m=1024 n=5 k=5120: 32 x 12.143 us = 388.6 us (4316.93 GFLOPS/s)
MUL_MAT_VEC q6_K m=10240 n=5 k=5120: 48 x 110.141 us = 5286.8 us (4759.66 GFLOPS/s)
MUL_MAT_VEC q6_K m=12288 n=5 k=5120: 16 x 140.585 us = 2249.36 us (4474.76 GFLOPS/s)
MUL_MAT_VEC q6_K m=17408 n=5 k=5120: 128 x 183.216 us = 23451.7 us (4864.21 GFLOPS/s)
MUL_MAT_VEC q6_K m=248320 n=5 k=5120: 1 x 2388.68 us = 2388.68 us (5322.08 GFLOPS/s)
MUL_MAT_VEC q6_K m=6144 n=5 k=5120: 48 x 71.981 us = 3455.12 us (4369.75 GFLOPS/s)
MUL_MAT_VEC q8_0 m=5120 n=5 k=6144: 48 x 63.386 us = 3042.56 us (4962.36 GFLOPS/s)
RMS_NORM_MUL RMS_NORM(256,24,5,1): 16 x 3.992 us = 63.88 us
RMS_NORM_MUL RMS_NORM(256,4,5,1): 16 x 4.062 us = 65 us
RMS_NORM_MUL RMS_NORM(5120,5,1,1): 129 x 4.331 us = 558.8 us
RMS_NORM_MUL_SILU_MUL RMS_NORM(128,48,5,1): 48 x 5.885 us = 282.48 us
RMS_NORM_SCALE RMS_NORM(128,16,5,1): 96 x 2.587 us = 248.4 us
ROPE: 32 x 3.941 us = 126.12 us
SET_ROWS: 32 x 2.99 us = 95.68 us
SIGMOID_MUL SIGMOID: 16 x 3.807 us = 60.92 us
SSM_CONV_SILU SSM_CONV: 48 x 4.849 us = 232.76 us
Total time: 58773 us.
----------------
Vulkan Timings:
CONCAT: 1 x 3.88 us = 3.88 us
CONT: 1 x 3.8 us = 3.8 us
FLASH_ATTN_EXT dst(256,24,5,1),  q(256,5,24,1),  k(256,256,4,1),  v(256,256,4,1),  m(256,5,1,1): 1 x 23.04 us = 23.04 us (1365.33 GFLOPS/s)
GET_ROWS: 1 x 6.72 us = 6.72 us
GLU: 1 x 1.72 us = 1.72 us
MUL_MAT f32 m=256 n=120 k=256: 1 x 1.72 us = 1.72 us (9126.7 GFLOPS/s)
MUL_MAT f32 m=256 n=20 k=256: 1 x 3.16 us = 3.16 us (827.949 GFLOPS/s)
MUL_MAT f32 m=64 n=480 k=64: 1 x 3.76 us = 3.76 us (1037.62 GFLOPS/s)
MUL_MAT f32 m=64 n=80 k=64: 1 x 3.72 us = 3.72 us (174.796 GFLOPS/s)
MUL_MAT_ADD MUL_MAT_VEC q6_K m=5120 n=5 k=17408: 1 x 235.61 us = 235.61 us (3782.79 GFLOPS/s)
MUL_MAT_ADD MUL_MAT_VEC q6_K m=5120 n=5 k=6144: 1 x 83.84 us = 83.84 us (3751.76 GFLOPS/s)
MUL_MAT_VEC q6_K m=1024 n=5 k=5120: 2 x 16.28 us = 32.56 us (3220.13 GFLOPS/s)
MUL_MAT_VEC q6_K m=12288 n=5 k=5120: 1 x 152.27 us = 152.27 us (4131.37 GFLOPS/s)
MUL_MAT_VEC q6_K m=17408 n=5 k=5120: 2 x 180.58 us = 361.16 us (4935.22 GFLOPS/s)
MUL_MAT_VEC q8_0 m=5120 n=5 k=10240: 1 x 106.04 us = 106.04 us (4944.01 GFLOPS/s)
RMS_NORM_MUL RMS_NORM(256,24,5,1): 1 x 3.92 us = 3.92 us
RMS_NORM_MUL RMS_NORM(256,4,5,1): 1 x 3.72 us = 3.72 us
RMS_NORM_MUL RMS_NORM(5120,5,1,1): 5 x 9.066 us = 45.33 us
ROPE: 2 x 3.74 us = 7.48 us
SET_ROWS: 2 x 3 us = 6 us
SIGMOID_MUL SIGMOID: 1 x 1.72 us = 1.72 us
Total time: 1091.17 us.
----------------
Vulkan Timings:
CONCAT: 1 x 1.6 us = 1.6 us
CONT: 1 x 3.48 us = 3.48 us
FLASH_ATTN_EXT dst(256,24,1,1),  q(256,1,24,1),  k(256,256,4,1),  v(256,256,4,1),  m(256,1,1,1): 1 x 13.48 us = 13.48 us (466.725 GFLOPS/s)
GET_ROWS: 3 x 4.946 us = 14.84 us
GLU: 1 x 1.56 us = 1.56 us
MUL_MAT f32 m=256 n=24 k=256: 1 x 1.48 us = 1.48 us (2121.34 GFLOPS/s)
MUL_MAT f32 m=64 n=16 k=64: 1 x 1.76 us = 1.76 us (73.8909 GFLOPS/s)
MUL_MAT f32 m=64 n=96 k=64: 1 x 3.2 us = 3.2 us (243.84 GFLOPS/s)
MUL_MAT_ADD MUL_MAT_VEC q6_K m=5120 n=1 k=17408: 1 x 130.6 us = 130.6 us (1364.88 GFLOPS/s)
MUL_MAT_ADD MUL_MAT_VEC q6_K m=5120 n=1 k=6144: 1 x 53.48 us = 53.48 us (1176.32 GFLOPS/s)
MUL_MAT_VEC f32 m=256 n=4 k=256: 1 x 3 us = 3 us (174.421 GFLOPS/s)
MUL_MAT_VEC q6_K m=1024 n=1 k=5120: 2 x 8.8 us = 17.6 us (1191.45 GFLOPS/s)
MUL_MAT_VEC q6_K m=12288 n=1 k=5120: 1 x 89.76 us = 89.76 us (1401.7 GFLOPS/s)
MUL_MAT_VEC q6_K m=17408 n=1 k=5120: 2 x 118.46 us = 236.92 us (1504.65 GFLOPS/s)
MUL_MAT_VEC q6_K m=98304 n=1 k=5120: 1 x 673.36 us = 673.36 us (1494.79 GFLOPS/s)
MUL_MAT_VEC q8_0 m=5120 n=1 k=10240: 1 x 93.52 us = 93.52 us (1121.18 GFLOPS/s)
PAD: 1 x 6.4 us = 6.4 us
RMS_NORM_MUL RMS_NORM(256,24,1,1): 1 x 5.68 us = 5.68 us
RMS_NORM_MUL RMS_NORM(256,4,1,1): 1 x 4.8 us = 4.8 us
RMS_NORM_MUL RMS_NORM(5120,1,1,1): 5 x 4 us = 20 us
ROPE: 2 x 3.3 us = 6.6 us
SET_ROWS: 2 x 2.78 us = 5.56 us
SIGMOID_MUL SIGMOID: 1 x 1.6 us = 1.6 us
TOP_K K=10 (98304,1,1,1): 1 x 9.2 us = 9.2 us
Total time: 1399.48 us.
----------------
Vulkan Timings:
CONCAT: 1 x 1.68 us = 1.68 us
CONT: 1 x 3.6 us = 3.6 us
FLASH_ATTN_EXT dst(256,24,1,1),  q(256,1,24,1),  k(256,256,4,1),  v(256,256,4,1),  m(256,1,1,1): 1 x 13.72 us = 13.72 us (458.561 GFLOPS/s)
GET_ROWS: 3 x 4.84 us = 14.52 us
GLU: 1 x 1.88 us = 1.88 us
MUL_MAT f32 m=256 n=24 k=256: 1 x 1.68 us = 1.68 us (1868.8 GFLOPS/s)
MUL_MAT f32 m=64 n=16 k=64: 1 x 3.6 us = 3.6 us (36.1244 GFLOPS/s)
MUL_MAT f32 m=64 n=96 k=64: 1 x 3.6 us = 3.6 us (216.747 GFLOPS/s)
MUL_MAT_ADD MUL_MAT_VEC q6_K m=5120 n=1 k=17408: 1 x 123.28 us = 123.28 us (1445.92 GFLOPS/s)
MUL_MAT_ADD MUL_MAT_VEC q6_K m=5120 n=1 k=6144: 1 x 53.48 us = 53.48 us (1176.32 GFLOPS/s)
MUL_MAT_VEC f32 m=256 n=4 k=256: 1 x 3 us = 3 us (174.421 GFLOPS/s)
MUL_MAT_VEC q6_K m=1024 n=1 k=5120: 2 x 8.88 us = 17.76 us (1180.71 GFLOPS/s)
MUL_MAT_VEC q6_K m=12288 n=1 k=5120: 1 x 85.48 us = 85.48 us (1471.89 GFLOPS/s)
MUL_MAT_VEC q6_K m=17408 n=1 k=5120: 2 x 121.42 us = 242.84 us (1467.97 GFLOPS/s)
MUL_MAT_VEC q6_K m=98304 n=1 k=5120: 1 x 673.01 us = 673.01 us (1495.57 GFLOPS/s)
MUL_MAT_VEC q8_0 m=5120 n=1 k=10240: 1 x 102.08 us = 102.08 us (1027.16 GFLOPS/s)
PAD: 1 x 6.36 us = 6.36 us
RMS_NORM_MUL RMS_NORM(256,24,1,1): 1 x 5.2 us = 5.2 us
RMS_NORM_MUL RMS_NORM(256,4,1,1): 1 x 3.56 us = 3.56 us
RMS_NORM_MUL RMS_NORM(5120,1,1,1): 5 x 3.72 us = 18.6 us
ROPE: 2 x 3.54 us = 7.08 us
SET_ROWS: 2 x 2.86 us = 5.72 us
SIGMOID_MUL SIGMOID: 1 x 1.68 us = 1.68 us
TOP_K K=10 (98304,1,1,1): 1 x 8.52 us = 8.52 us
Total time: 1401.93 us.
----------------
Vulkan Timings:
CONCAT: 1 x 1.64 us = 1.64 us
CONT: 1 x 3.56 us = 3.56 us
FLASH_ATTN_EXT dst(256,24,1,1),  q(256,1,24,1),  k(256,256,4,1),  v(256,256,4,1),  m(256,1,1,1): 1 x 13.68 us = 13.68 us (459.902 GFLOPS/s)
GET_ROWS: 3 x 4.786 us = 14.36 us
GLU: 1 x 1.88 us = 1.88 us
MUL_MAT f32 m=256 n=24 k=256: 1 x 1.68 us = 1.68 us (1868.8 GFLOPS/s)
MUL_MAT f32 m=64 n=16 k=64: 1 x 3.56 us = 3.56 us (36.5303 GFLOPS/s)
MUL_MAT f32 m=64 n=96 k=64: 1 x 3.56 us = 3.56 us (219.182 GFLOPS/s)
MUL_MAT_ADD MUL_MAT_VEC q6_K m=5120 n=1 k=17408: 1 x 123.2 us = 123.2 us (1446.86 GFLOPS/s)
MUL_MAT_ADD MUL_MAT_VEC q6_K m=5120 n=1 k=6144: 1 x 54.12 us = 54.12 us (1162.41 GFLOPS/s)
MUL_MAT_VEC f32 m=256 n=4 k=256: 1 x 3 us = 3 us (174.421 GFLOPS/s)
MUL_MAT_VEC q6_K m=1024 n=1 k=5120: 2 x 6.96 us = 13.92 us (1506.43 GFLOPS/s)
MUL_MAT_VEC q6_K m=12288 n=1 k=5120: 1 x 92.68 us = 92.68 us (1357.54 GFLOPS/s)
MUL_MAT_VEC q6_K m=17408 n=1 k=5120: 2 x 121.62 us = 243.24 us (1465.55 GFLOPS/s)
MUL_MAT_VEC q6_K m=98304 n=1 k=5120: 1 x 671.78 us = 671.78 us (1498.31 GFLOPS/s)
MUL_MAT_VEC q8_0 m=5120 n=1 k=10240: 1 x 102.52 us = 102.52 us (1022.75 GFLOPS/s)
PAD: 1 x 6.04 us = 6.04 us
RMS_NORM_MUL RMS_NORM(256,24,1,1): 1 x 3.6 us = 3.6 us
RMS_NORM_MUL RMS_NORM(256,4,1,1): 1 x 3.64 us = 3.64 us
RMS_NORM_MUL RMS_NORM(5120,1,1,1): 5 x 3.776 us = 18.88 us
ROPE: 2 x 3.58 us = 7.16 us
SET_ROWS: 2 x 2.9 us = 5.8 us
SIGMOID_MUL SIGMOID: 1 x 1.64 us = 1.64 us
TOP_K K=10 (98304,1,1,1): 1 x 9.04 us = 9.04 us
Total time: 1404.18 us.
----------------
Vulkan Timings:
CONCAT: 1 x 1.64 us = 1.64 us
CONT: 1 x 3.52 us = 3.52 us
FLASH_ATTN_EXT dst(256,24,1,1),  q(256,1,24,1),  k(256,256,4,1),  v(256,256,4,1),  m(256,1,1,1): 1 x 13.72 us = 13.72 us (458.561 GFLOPS/s)
GET_ROWS: 3 x 4.826 us = 14.48 us
GLU: 1 x 1.84 us = 1.84 us
MUL_MAT f32 m=256 n=24 k=256: 1 x 1.6 us = 1.6 us (1962.24 GFLOPS/s)
MUL_MAT f32 m=64 n=16 k=64: 1 x 3.56 us = 3.56 us (36.5303 GFLOPS/s)
MUL_MAT f32 m=64 n=96 k=64: 1 x 3.6 us = 3.6 us (216.747 GFLOPS/s)
MUL_MAT_ADD MUL_MAT_VEC q6_K m=5120 n=1 k=17408: 1 x 123.28 us = 123.28 us (1445.92 GFLOPS/s)
MUL_MAT_ADD MUL_MAT_VEC q6_K m=5120 n=1 k=6144: 1 x 53.44 us = 53.44 us (1177.2 GFLOPS/s)
MUL_MAT_VEC f32 m=256 n=4 k=256: 1 x 3 us = 3 us (174.421 GFLOPS/s)
MUL_MAT_VEC q6_K m=1024 n=1 k=5120: 2 x 8.92 us = 17.84 us (1175.42 GFLOPS/s)
MUL_MAT_VEC q6_K m=12288 n=1 k=5120: 1 x 85.8 us = 85.8 us (1466.4 GFLOPS/s)
MUL_MAT_VEC q6_K m=17408 n=1 k=5120: 2 x 121.34 us = 242.68 us (1468.93 GFLOPS/s)
MUL_MAT_VEC q6_K m=98304 n=1 k=5120: 1 x 672.45 us = 672.45 us (1496.82 GFLOPS/s)
MUL_MAT_VEC q8_0 m=5120 n=1 k=10240: 1 x 101.56 us = 101.56 us (1032.42 GFLOPS/s)
PAD: 1 x 7.08 us = 7.08 us
RMS_NORM_MUL RMS_NORM(256,24,1,1): 1 x 5.24 us = 5.24 us
RMS_NORM_MUL RMS_NORM(256,4,1,1): 1 x 3.56 us = 3.56 us
RMS_NORM_MUL RMS_NORM(5120,1,1,1): 5 x 3.696 us = 18.48 us
ROPE: 2 x 3.54 us = 7.08 us
SET_ROWS: 2 x 2.86 us = 5.72 us
SIGMOID_MUL SIGMOID: 1 x 1.72 us = 1.72 us
TOP_K K=10 (98304,1,1,1): 1 x 8.68 us = 8.68 us
Total time: 1401.57 us.
----------------
Vulkan Timings:
ADD: 48 x 3.83 us = 183.88 us
CONT: 16 x 3.752 us = 60.04 us
FLASH_ATTN_EXT dst(256,24,5,1),  q(256,5,24,1),  k(256,256,4,1),  v(256,256,4,1),  m(256,5,1,1): 16 x 23.385 us = 374.16 us (1345.19 GFLOPS/s)
GDN_CACHE GATED_DELTA_NET: 48 x 14.6 us = 700.84 us
GDN_CONV_STATE CONCAT: 48 x 3.274 us = 157.16 us
GET_ROWS: 3 x 11.293 us = 33.88 us
GLU: 64 x 2.822 us = 180.64 us
MUL_MAT f32 m=256 n=120 k=256: 16 x 1.832 us = 29.32 us (8566.4 GFLOPS/s)
MUL_MAT f32 m=256 n=20 k=256: 16 x 3.292 us = 52.68 us (794.63 GFLOPS/s)
MUL_MAT f32 m=64 n=480 k=64: 16 x 3.635 us = 58.16 us (1073.3 GFLOPS/s)
MUL_MAT f32 m=64 n=80 k=64: 16 x 3.445 us = 55.12 us (188.749 GFLOPS/s)
MUL_MAT_ADD MUL_MAT_VEC q6_K m=5120 n=5 k=17408: 64 x 207.148 us = 13257.5 us (4302.53 GFLOPS/s)
MUL_MAT_ADD MUL_MAT_VEC q6_K m=5120 n=5 k=6144: 16 x 77.572 us = 1241.16 us (4054.88 GFLOPS/s)
MUL_MAT_VEC f32 m=48 n=5 k=5120: 96 x 4.358 us = 418.44 us (563.776 GFLOPS/s)
MUL_MAT_VEC q6_K m=1024 n=5 k=5120: 32 x 12.212 us = 390.8 us (4292.62 GFLOPS/s)
MUL_MAT_VEC q6_K m=10240 n=5 k=5120: 48 x 110.155 us = 5287.44 us (4759.08 GFLOPS/s)
MUL_MAT_VEC q6_K m=12288 n=5 k=5120: 16 x 140.885 us = 2254.16 us (4465.23 GFLOPS/s)
MUL_MAT_VEC q6_K m=17408 n=5 k=5120: 128 x 183.399 us = 23475.1 us (4859.36 GFLOPS/s)
MUL_MAT_VEC q6_K m=248320 n=5 k=5120: 1 x 2421.24 us = 2421.24 us (5250.51 GFLOPS/s)
MUL_MAT_VEC q6_K m=6144 n=5 k=5120: 48 x 71.337 us = 3424.2 us (4409.21 GFLOPS/s)
MUL_MAT_VEC q8_0 m=5120 n=5 k=6144: 48 x 63.236 us = 3035.36 us (4974.13 GFLOPS/s)
RMS_NORM_MUL RMS_NORM(256,24,5,1): 16 x 3.687 us = 59 us
RMS_NORM_MUL RMS_NORM(256,4,5,1): 16 x 3.792 us = 60.68 us
RMS_NORM_MUL RMS_NORM(5120,5,1,1): 129 x 4.262 us = 549.84 us
RMS_NORM_MUL_SILU_MUL RMS_NORM(128,48,5,1): 48 x 5.589 us = 268.28 us
RMS_NORM_SCALE RMS_NORM(128,16,5,1): 96 x 2.562 us = 246 us
ROPE: 32 x 3.792 us = 121.36 us
SET_ROWS: 32 x 2.876 us = 92.04 us
SIGMOID_MUL SIGMOID: 16 x 3.655 us = 58.48 us
SSM_CONV_SILU SSM_CONV: 48 x 4.698 us = 225.52 us
Total time: 58772.5 us.
----------------
Vulkan Timings:
CONCAT: 1 x 4.08 us = 4.08 us
CONT: 1 x 3.64 us = 3.64 us
FLASH_ATTN_EXT dst(256,24,5,1),  q(256,5,24,1),  k(256,256,4,1),  v(256,256,4,1),  m(256,5,1,1): 1 x 23.24 us = 23.24 us (1353.58 GFLOPS/s)
GET_ROWS: 1 x 6.6 us = 6.6 us
GLU: 1 x 1.52 us = 1.52 us
MUL_MAT f32 m=256 n=120 k=256: 1 x 1.76 us = 1.76 us (8919.27 GFLOPS/s)
MUL_MAT f32 m=256 n=20 k=256: 1 x 3.04 us = 3.04 us (860.632 GFLOPS/s)
MUL_MAT f32 m=64 n=480 k=64: 1 x 3.68 us = 3.68 us (1060.17 GFLOPS/s)
MUL_MAT f32 m=64 n=80 k=64: 1 x 3.68 us = 3.68 us (176.696 GFLOPS/s)
MUL_MAT_ADD MUL_MAT_VEC q6_K m=5120 n=5 k=17408: 1 x 228.54 us = 228.54 us (3899.82 GFLOPS/s)
MUL_MAT_ADD MUL_MAT_VEC q6_K m=5120 n=5 k=6144: 1 x 86.64 us = 86.64 us (3630.51 GFLOPS/s)
MUL_MAT_VEC q6_K m=1024 n=5 k=5120: 2 x 15.04 us = 30.08 us (3485.62 GFLOPS/s)
MUL_MAT_VEC q6_K m=12288 n=5 k=5120: 1 x 154.88 us = 154.88 us (4061.75 GFLOPS/s)
MUL_MAT_VEC q6_K m=17408 n=5 k=5120: 2 x 182.18 us = 364.36 us (4891.88 GFLOPS/s)
MUL_MAT_VEC q8_0 m=5120 n=5 k=10240: 1 x 105.96 us = 105.96 us (4947.74 GFLOPS/s)
RMS_NORM_MUL RMS_NORM(256,24,5,1): 1 x 6.04 us = 6.04 us
RMS_NORM_MUL RMS_NORM(256,4,5,1): 1 x 3.68 us = 3.68 us
RMS_NORM_MUL RMS_NORM(5120,5,1,1): 5 x 8.988 us = 44.94 us
ROPE: 2 x 3.64 us = 7.28 us
SET_ROWS: 2 x 2.94 us = 5.88 us
SIGMOID_MUL SIGMOID: 1 x 1.68 us = 1.68 us
Total time: 1091.2 us.
----------------
Vulkan Timings:
CONCAT: 1 x 1.68 us = 1.68 us
CONT: 1 x 3.56 us = 3.56 us
FLASH_ATTN_EXT dst(256,24,1,1),  q(256,1,24,1),  k(256,256,4,1),  v(256,256,4,1),  m(256,1,1,1): 1 x 13.6 us = 13.6 us (462.607 GFLOPS/s)
GET_ROWS: 3 x 5.04 us = 15.12 us
GLU: 1 x 1.68 us = 1.68 us
MUL_MAT f32 m=256 n=24 k=256: 1 x 1.48 us = 1.48 us (2121.34 GFLOPS/s)
MUL_MAT f32 m=64 n=16 k=64: 1 x 1.8 us = 1.8 us (72.2489 GFLOPS/s)
MUL_MAT f32 m=64 n=96 k=64: 1 x 3.32 us = 3.32 us (235.027 GFLOPS/s)
MUL_MAT_ADD MUL_MAT_VEC q6_K m=5120 n=1 k=17408: 1 x 129.84 us = 129.84 us (1372.87 GFLOPS/s)
MUL_MAT_ADD MUL_MAT_VEC q6_K m=5120 n=1 k=6144: 1 x 53.92 us = 53.92 us (1166.72 GFLOPS/s)
MUL_MAT_VEC f32 m=256 n=4 k=256: 1 x 3.16 us = 3.16 us (165.59 GFLOPS/s)
MUL_MAT_VEC q6_K m=1024 n=1 k=5120: 2 x 8.78 us = 17.56 us (1194.16 GFLOPS/s)
MUL_MAT_VEC q6_K m=12288 n=1 k=5120: 1 x 89.12 us = 89.12 us (1411.77 GFLOPS/s)
MUL_MAT_VEC q6_K m=17408 n=1 k=5120: 2 x 118.36 us = 236.72 us (1505.92 GFLOPS/s)
MUL_MAT_VEC q6_K m=98304 n=1 k=5120: 1 x 673.55 us = 673.55 us (1494.37 GFLOPS/s)
MUL_MAT_VEC q8_0 m=5120 n=1 k=10240: 1 x 94.12 us = 94.12 us (1114.03 GFLOPS/s)
PAD: 1 x 6.52 us = 6.52 us
RMS_NORM_MUL RMS_NORM(256,24,1,1): 1 x 6 us = 6 us
RMS_NORM_MUL RMS_NORM(256,4,1,1): 1 x 5.08 us = 5.08 us
RMS_NORM_MUL RMS_NORM(5120,1,1,1): 5 x 3.984 us = 19.92 us
ROPE: 2 x 3.46 us = 6.92 us
SET_ROWS: 2 x 2.84 us = 5.68 us
SIGMOID_MUL SIGMOID: 1 x 1.52 us = 1.52 us
TOP_K K=10 (98304,1,1,1): 1 x 9.2 us = 9.2 us
Total time: 1401.07 us.
----------------
Vulkan Timings:
CONCAT: 1 x 1.6 us = 1.6 us
CONT: 1 x 3.72 us = 3.72 us
FLASH_ATTN_EXT dst(256,24,1,1),  q(256,1,24,1),  k(256,256,4,1),  v(256,256,4,1),  m(256,1,1,1): 1 x 13.88 us = 13.88 us (453.275 GFLOPS/s)
GET_ROWS: 3 x 4.933 us = 14.8 us
GLU: 1 x 1.84 us = 1.84 us
MUL_MAT f32 m=256 n=24 k=256: 1 x 1.6 us = 1.6 us (1962.24 GFLOPS/s)
MUL_MAT f32 m=64 n=16 k=64: 1 x 3.76 us = 3.76 us (34.5872 GFLOPS/s)
MUL_MAT f32 m=64 n=96 k=64: 1 x 3.76 us = 3.76 us (207.523 GFLOPS/s)
MUL_MAT_ADD MUL_MAT_VEC q6_K m=5120 n=1 k=17408: 1 x 124.56 us = 124.56 us (1431.06 GFLOPS/s)
MUL_MAT_ADD MUL_MAT_VEC q6_K m=5120 n=1 k=6144: 1 x 53.44 us = 53.44 us (1177.2 GFLOPS/s)
MUL_MAT_VEC f32 m=256 n=4 k=256: 1 x 3.16 us = 3.16 us (165.59 GFLOPS/s)
MUL_MAT_VEC q6_K m=1024 n=1 k=5120: 2 x 9.94 us = 19.88 us (1054.8 GFLOPS/s)
MUL_MAT_VEC q6_K m=12288 n=1 k=5120: 1 x 85.6 us = 85.6 us (1469.82 GFLOPS/s)
MUL_MAT_VEC q6_K m=17408 n=1 k=5120: 2 x 121.56 us = 243.12 us (1466.28 GFLOPS/s)
MUL_MAT_VEC q6_K m=98304 n=1 k=5120: 1 x 673.03 us = 673.03 us (1495.53 GFLOPS/s)
MUL_MAT_VEC q8_0 m=5120 n=1 k=10240: 1 x 101.24 us = 101.24 us (1035.68 GFLOPS/s)
PAD: 1 x 6.48 us = 6.48 us
RMS_NORM_MUL RMS_NORM(256,24,1,1): 1 x 3.76 us = 3.76 us
RMS_NORM_MUL RMS_NORM(256,4,1,1): 1 x 3.72 us = 3.72 us
RMS_NORM_MUL RMS_NORM(5120,1,1,1): 5 x 3.656 us = 18.28 us
ROPE: 2 x 3.72 us = 7.44 us
SET_ROWS: 2 x 2.92 us = 5.84 us
SIGMOID_MUL SIGMOID: 1 x 1.68 us = 1.68 us
TOP_K K=10 (98304,1,1,1): 1 x 8.96 us = 8.96 us
Total time: 1405.15 us.
----------------
Vulkan Timings:
CONCAT: 1 x 1.68 us = 1.68 us
CONT: 1 x 3.76 us = 3.76 us
FLASH_ATTN_EXT dst(256,24,1,1),  q(256,1,24,1),  k(256,256,4,1),  v(256,256,4,1),  m(256,1,1,1): 1 x 13.84 us = 13.84 us (454.585 GFLOPS/s)
GET_ROWS: 3 x 4.96 us = 14.88 us
GLU: 1 x 1.8 us = 1.8 us
MUL_MAT f32 m=256 n=24 k=256: 1 x 1.64 us = 1.64 us (1914.38 GFLOPS/s)
MUL_MAT f32 m=64 n=16 k=64: 1 x 3.72 us = 3.72 us (34.9591 GFLOPS/s)
MUL_MAT f32 m=64 n=96 k=64: 1 x 3.68 us = 3.68 us (212.035 GFLOPS/s)
MUL_MAT_ADD MUL_MAT_VEC q6_K m=5120 n=1 k=17408: 1 x 124.12 us = 124.12 us (1436.13 GFLOPS/s)
MUL_MAT_ADD MUL_MAT_VEC q6_K m=5120 n=1 k=6144: 1 x 53.28 us = 53.28 us (1180.73 GFLOPS/s)
MUL_MAT_VEC f32 m=256 n=4 k=256: 1 x 3.12 us = 3.12 us (167.713 GFLOPS/s)
MUL_MAT_VEC q6_K m=1024 n=1 k=5120: 2 x 8.72 us = 17.44 us (1202.38 GFLOPS/s)
MUL_MAT_VEC q6_K m=12288 n=1 k=5120: 1 x 85.48 us = 85.48 us (1471.89 GFLOPS/s)
MUL_MAT_VEC q6_K m=17408 n=1 k=5120: 2 x 121.56 us = 243.12 us (1466.28 GFLOPS/s)
MUL_MAT_VEC q6_K m=98304 n=1 k=5120: 1 x 672.41 us = 672.41 us (1496.91 GFLOPS/s)
MUL_MAT_VEC q8_0 m=5120 n=1 k=10240: 1 x 101.2 us = 101.2 us (1036.09 GFLOPS/s)
PAD: 1 x 7.16 us = 7.16 us
RMS_NORM_MUL RMS_NORM(256,24,1,1): 1 x 5.52 us = 5.52 us
RMS_NORM_MUL RMS_NORM(256,4,1,1): 1 x 3.72 us = 3.72 us
RMS_NORM_MUL RMS_NORM(5120,1,1,1): 5 x 3.672 us = 18.36 us
ROPE: 2 x 3.68 us = 7.36 us
SET_ROWS: 2 x 2.96 us = 5.92 us
SIGMOID_MUL SIGMOID: 1 x 1.64 us = 1.64 us
TOP_K K=10 (98304,1,1,1): 1 x 9.24 us = 9.24 us
Total time: 1404.09 us.
----------------
Vulkan Timings:
CONCAT: 1 x 2.56 us = 2.56 us
CONT: 1 x 3.72 us = 3.72 us
FLASH_ATTN_EXT dst(256,24,1,1),  q(256,1,24,1),  k(256,256,4,1),  v(256,256,4,1),  m(256,1,1,1): 1 x 13.6 us = 13.6 us (462.607 GFLOPS/s)
GET_ROWS: 3 x 4.893 us = 14.68 us
GLU: 1 x 1.76 us = 1.76 us
MUL_MAT f32 m=256 n=24 k=256: 1 x 1.72 us = 1.72 us (1825.34 GFLOPS/s)
MUL_MAT f32 m=64 n=16 k=64: 1 x 3.76 us = 3.76 us (34.5872 GFLOPS/s)
MUL_MAT f32 m=64 n=96 k=64: 1 x 3.68 us = 3.68 us (212.035 GFLOPS/s)
MUL_MAT_ADD MUL_MAT_VEC q6_K m=5120 n=1 k=17408: 1 x 122.88 us = 122.88 us (1450.62 GFLOPS/s)
MUL_MAT_ADD MUL_MAT_VEC q6_K m=5120 n=1 k=6144: 1 x 53.48 us = 53.48 us (1176.32 GFLOPS/s)
MUL_MAT_VEC f32 m=256 n=4 k=256: 1 x 3.12 us = 3.12 us (167.713 GFLOPS/s)
MUL_MAT_VEC q6_K m=1024 n=1 k=5120: 2 x 8.68 us = 17.36 us (1207.92 GFLOPS/s)
MUL_MAT_VEC q6_K m=12288 n=1 k=5120: 1 x 85.44 us = 85.44 us (1472.58 GFLOPS/s)
MUL_MAT_VEC q6_K m=17408 n=1 k=5120: 2 x 121.42 us = 242.84 us (1467.97 GFLOPS/s)
MUL_MAT_VEC q6_K m=98304 n=1 k=5120: 1 x 673.87 us = 673.87 us (1493.66 GFLOPS/s)
MUL_MAT_VEC q8_0 m=5120 n=1 k=10240: 1 x 100.96 us = 100.96 us (1038.55 GFLOPS/s)
PAD: 1 x 6.44 us = 6.44 us
RMS_NORM_MUL RMS_NORM(256,24,1,1): 1 x 5.56 us = 5.56 us
RMS_NORM_MUL RMS_NORM(256,4,1,1): 1 x 3.72 us = 3.72 us
RMS_NORM_MUL RMS_NORM(5120,1,1,1): 5 x 3.688 us = 18.44 us
ROPE: 2 x 3.7 us = 7.4 us
SET_ROWS: 2 x 2.92 us = 5.84 us
SIGMOID_MUL SIGMOID: 1 x 1.64 us = 1.64 us
TOP_K K=10 (98304,1,1,1): 1 x 8.96 us = 8.96 us
Total time: 1403.43 us.
----------------
Vulkan Timings:
ADD: 48 x 3.985 us = 191.28 us
CONT: 16 x 3.902 us = 62.44 us
FLASH_ATTN_EXT dst(256,24,5,1),  q(256,5,24,1),  k(256,256,4,1),  v(256,256,4,1),  m(256,5,1,1): 16 x 23.137 us = 370.2 us (1359.58 GFLOPS/s)
GDN_CACHE GATED_DELTA_NET: 48 x 13.717 us = 658.44 us
GDN_CONV_STATE CONCAT: 48 x 3.15 us = 151.2 us
GET_ROWS: 3 x 11.306 us = 33.92 us
GLU: 64 x 2.857 us = 182.88 us
MUL_MAT f32 m=256 n=120 k=256: 16 x 1.802 us = 28.84 us (8708.97 GFLOPS/s)
MUL_MAT f32 m=256 n=20 k=256: 16 x 3.595 us = 57.52 us (727.766 GFLOPS/s)
MUL_MAT f32 m=64 n=480 k=64: 16 x 3.762 us = 60.2 us (1036.93 GFLOPS/s)
MUL_MAT f32 m=64 n=80 k=64: 16 x 3.48 us = 55.68 us (186.851 GFLOPS/s)
MUL_MAT_ADD MUL_MAT_VEC q6_K m=5120 n=5 k=17408: 64 x 207.821 us = 13300.6 us (4288.61 GFLOPS/s)
MUL_MAT_ADD MUL_MAT_VEC q6_K m=5120 n=5 k=6144: 16 x 77.845 us = 1245.52 us (4040.69 GFLOPS/s)
MUL_MAT_VEC f32 m=48 n=5 k=5120: 96 x 4.435 us = 425.76 us (554.083 GFLOPS/s)
MUL_MAT_VEC q6_K m=1024 n=5 k=5120: 32 x 12.291 us = 393.32 us (4265.12 GFLOPS/s)
MUL_MAT_VEC q6_K m=10240 n=5 k=5120: 48 x 110.188 us = 5289.04 us (4757.64 GFLOPS/s)
MUL_MAT_VEC q6_K m=12288 n=5 k=5120: 16 x 140.99 us = 2255.84 us (4461.91 GFLOPS/s)
MUL_MAT_VEC q6_K m=17408 n=5 k=5120: 128 x 183.502 us = 23488.3 us (4856.62 GFLOPS/s)
MUL_MAT_VEC q6_K m=248320 n=5 k=5120: 1 x 2398.8 us = 2398.8 us (5299.63 GFLOPS/s)
MUL_MAT_VEC q6_K m=6144 n=5 k=5120: 48 x 72.19 us = 3465.16 us (4357.09 GFLOPS/s)
MUL_MAT_VEC q8_0 m=5120 n=5 k=6144: 48 x 63.347 us = 3040.68 us (4965.42 GFLOPS/s)
RMS_NORM_MUL RMS_NORM(256,24,5,1): 16 x 3.845 us = 61.52 us
RMS_NORM_MUL RMS_NORM(256,4,5,1): 16 x 4.07 us = 65.12 us
RMS_NORM_MUL RMS_NORM(5120,5,1,1): 129 x 4.333 us = 559.08 us
RMS_NORM_MUL_SILU_MUL RMS_NORM(128,48,5,1): 48 x 5.913 us = 283.84 us
RMS_NORM_SCALE RMS_NORM(128,16,5,1): 96 x 2.574 us = 247.12 us
ROPE: 32 x 3.953 us = 126.52 us
SET_ROWS: 32 x 2.99 us = 95.68 us
SIGMOID_MUL SIGMOID: 16 x 3.815 us = 61.04 us
SSM_CONV_SILU SSM_CONV: 48 x 4.86 us = 233.32 us
Total time: 58888.8 us.
----------------
Vulkan Timings:
CONCAT: 1 x 3.92 us = 3.92 us
CONT: 1 x 3.8 us = 3.8 us
FLASH_ATTN_EXT dst(256,24,5,1),  q(256,5,24,1),  k(256,256,4,1),  v(256,256,4,1),  m(256,5,1,1): 1 x 23.16 us = 23.16 us (1358.26 GFLOPS/s)
GET_ROWS: 1 x 6.68 us = 6.68 us
GLU: 1 x 1.48 us = 1.48 us
MUL_MAT f32 m=256 n=120 k=256: 1 x 1.72 us = 1.72 us (9126.7 GFLOPS/s)
MUL_MAT f32 m=256 n=20 k=256: 1 x 3.16 us = 3.16 us (827.949 GFLOPS/s)
MUL_MAT f32 m=64 n=480 k=64: 1 x 3.76 us = 3.76 us (1037.62 GFLOPS/s)
MUL_MAT f32 m=64 n=80 k=64: 1 x 3.8 us = 3.8 us (171.116 GFLOPS/s)
MUL_MAT_ADD MUL_MAT_VEC q6_K m=5120 n=5 k=17408: 1 x 232.96 us = 232.96 us (3825.82 GFLOPS/s)
MUL_MAT_ADD MUL_MAT_VEC q6_K m=5120 n=5 k=6144: 1 x 84.44 us = 84.44 us (3725.1 GFLOPS/s)
MUL_MAT_VEC q6_K m=1024 n=5 k=5120: 2 x 15.78 us = 31.56 us (3322.16 GFLOPS/s)
MUL_MAT_VEC q6_K m=12288 n=5 k=5120: 1 x 154.33 us = 154.33 us (4076.23 GFLOPS/s)
MUL_MAT_VEC q6_K m=17408 n=5 k=5120: 2 x 180.94 us = 361.88 us (4925.4 GFLOPS/s)
MUL_MAT_VEC q8_0 m=5120 n=5 k=10240: 1 x 104.96 us = 104.96 us (4994.88 GFLOPS/s)
RMS_NORM_MUL RMS_NORM(256,24,5,1): 1 x 3.88 us = 3.88 us
RMS_NORM_MUL RMS_NORM(256,4,5,1): 1 x 3.76 us = 3.76 us
RMS_NORM_MUL RMS_NORM(5120,5,1,1): 5 x 9.09 us = 45.45 us
ROPE: 2 x 3.82 us = 7.64 us
SET_ROWS: 2 x 3 us = 6 us
SIGMOID_MUL SIGMOID: 1 x 2.6 us = 2.6 us
Total time: 1090.94 us.
----------------
Vulkan Timings:
CONCAT: 1 x 1.64 us = 1.64 us
CONT: 1 x 3.48 us = 3.48 us
FLASH_ATTN_EXT dst(256,24,1,1),  q(256,1,24,1),  k(256,256,4,1),  v(256,256,4,1),  m(256,1,1,1): 1 x 13.44 us = 13.44 us (468.114 GFLOPS/s)
GET_ROWS: 3 x 4.973 us = 14.92 us
GLU: 1 x 1.64 us = 1.64 us
MUL_MAT f32 m=256 n=24 k=256: 1 x 1.56 us = 1.56 us (2012.55 GFLOPS/s)
MUL_MAT f32 m=64 n=16 k=64: 1 x 1.76 us = 1.76 us (73.8909 GFLOPS/s)
MUL_MAT f32 m=64 n=96 k=64: 1 x 3.2 us = 3.2 us (243.84 GFLOPS/s)
MUL_MAT_ADD MUL_MAT_VEC q6_K m=5120 n=1 k=17408: 1 x 129.68 us = 129.68 us (1374.56 GFLOPS/s)
MUL_MAT_ADD MUL_MAT_VEC q6_K m=5120 n=1 k=6144: 1 x 53.48 us = 53.48 us (1176.32 GFLOPS/s)
MUL_MAT_VEC f32 m=256 n=4 k=256: 1 x 2.96 us = 2.96 us (176.778 GFLOPS/s)
MUL_MAT_VEC q6_K m=1024 n=1 k=5120: 2 x 8.74 us = 17.48 us (1199.63 GFLOPS/s)
MUL_MAT_VEC q6_K m=12288 n=1 k=5120: 1 x 90.32 us = 90.32 us (1393.01 GFLOPS/s)
MUL_MAT_VEC q6_K m=17408 n=1 k=5120: 2 x 118.68 us = 237.36 us (1501.86 GFLOPS/s)
MUL_MAT_VEC q6_K m=98304 n=1 k=5120: 1 x 673.24 us = 673.24 us (1495.06 GFLOPS/s)
MUL_MAT_VEC q8_0 m=5120 n=1 k=10240: 1 x 94.88 us = 94.88 us (1105.11 GFLOPS/s)
PAD: 1 x 6 us = 6 us
RMS_NORM_MUL RMS_NORM(256,24,1,1): 1 x 5.64 us = 5.64 us
RMS_NORM_MUL RMS_NORM(256,4,1,1): 1 x 4.8 us = 4.8 us
RMS_NORM_MUL RMS_NORM(5120,1,1,1): 5 x 4.024 us = 20.12 us
ROPE: 2 x 3.32 us = 6.64 us
SET_ROWS: 2 x 2.8 us = 5.6 us
SIGMOID_MUL SIGMOID: 1 x 1.52 us = 1.52 us
TOP_K K=10 (98304,1,1,1): 1 x 8.68 us = 8.68 us
Total time: 1400.04 us.
----------------
Vulkan Timings:
CONCAT: 1 x 1.68 us = 1.68 us
CONT: 1 x 3.56 us = 3.56 us
FLASH_ATTN_EXT dst(256,24,1,1),  q(256,1,24,1),  k(256,256,4,1),  v(256,256,4,1),  m(256,1,1,1): 1 x 13.68 us = 13.68 us (459.902 GFLOPS/s)
GET_ROWS: 3 x 4.76 us = 14.28 us
GLU: 1 x 1.8 us = 1.8 us
MUL_MAT f32 m=256 n=24 k=256: 1 x 1.64 us = 1.64 us (1914.38 GFLOPS/s)
MUL_MAT f32 m=64 n=16 k=64: 1 x 3.6 us = 3.6 us (36.1244 GFLOPS/s)
MUL_MAT f32 m=64 n=96 k=64: 1 x 3.56 us = 3.56 us (219.182 GFLOPS/s)
MUL_MAT_ADD MUL_MAT_VEC q6_K m=5120 n=1 k=17408: 1 x 123.68 us = 123.68 us (1441.24 GFLOPS/s)
MUL_MAT_ADD MUL_MAT_VEC q6_K m=5120 n=1 k=6144: 1 x 53.36 us = 53.36 us (1178.96 GFLOPS/s)
MUL_MAT_VEC f32 m=256 n=4 k=256: 1 x 2.96 us = 2.96 us (176.778 GFLOPS/s)
MUL_MAT_VEC q6_K m=1024 n=1 k=5120: 2 x 9.96 us = 19.92 us (1052.68 GFLOPS/s)
MUL_MAT_VEC q6_K m=12288 n=1 k=5120: 1 x 85.64 us = 85.64 us (1469.14 GFLOPS/s)
MUL_MAT_VEC q6_K m=17408 n=1 k=5120: 2 x 121.06 us = 242.12 us (1472.33 GFLOPS/s)
MUL_MAT_VEC q6_K m=98304 n=1 k=5120: 1 x 673.3 us = 673.3 us (1494.93 GFLOPS/s)
MUL_MAT_VEC q8_0 m=5120 n=1 k=10240: 1 x 101.4 us = 101.4 us (1034.05 GFLOPS/s)
PAD: 1 x 6.36 us = 6.36 us
RMS_NORM_MUL RMS_NORM(256,24,1,1): 1 x 3.6 us = 3.6 us
RMS_NORM_MUL RMS_NORM(256,4,1,1): 1 x 3.56 us = 3.56 us
RMS_NORM_MUL RMS_NORM(5120,1,1,1): 5 x 3.656 us = 18.28 us
ROPE: 2 x 3.58 us = 7.16 us
SET_ROWS: 2 x 2.88 us = 5.76 us
SIGMOID_MUL SIGMOID: 1 x 1.64 us = 1.64 us
TOP_K K=10 (98304,1,1,1): 1 x 9 us = 9 us
Total time: 1401.54 us.
----------------
Vulkan Timings:
CONCAT: 1 x 1.6 us = 1.6 us
CONT: 1 x 3.6 us = 3.6 us
FLASH_ATTN_EXT dst(256,24,1,1),  q(256,1,24,1),  k(256,256,4,1),  v(256,256,4,1),  m(256,1,1,1): 1 x 13.84 us = 13.84 us (454.585 GFLOPS/s)
GET_ROWS: 3 x 4.853 us = 14.56 us
GLU: 1 x 1.76 us = 1.76 us
MUL_MAT f32 m=256 n=24 k=256: 1 x 1.6 us = 1.6 us (1962.24 GFLOPS/s)
MUL_MAT f32 m=64 n=16 k=64: 1 x 3.6 us = 3.6 us (36.1244 GFLOPS/s)
MUL_MAT f32 m=64 n=96 k=64: 1 x 3.6 us = 3.6 us (216.747 GFLOPS/s)
MUL_MAT_ADD MUL_MAT_VEC q6_K m=5120 n=1 k=17408: 1 x 123.2 us = 123.2 us (1446.86 GFLOPS/s)
MUL_MAT_ADD MUL_MAT_VEC q6_K m=5120 n=1 k=6144: 1 x 54.52 us = 54.52 us (1153.88 GFLOPS/s)
MUL_MAT_VEC f32 m=256 n=4 k=256: 1 x 2.96 us = 2.96 us (176.778 GFLOPS/s)
MUL_MAT_VEC q6_K m=1024 n=1 k=5120: 2 x 8.82 us = 17.64 us (1188.75 GFLOPS/s)
MUL_MAT_VEC q6_K m=12288 n=1 k=5120: 1 x 85.64 us = 85.64 us (1469.14 GFLOPS/s)
MUL_MAT_VEC q6_K m=17408 n=1 k=5120: 2 x 120.96 us = 241.92 us (1473.55 GFLOPS/s)
MUL_MAT_VEC q6_K m=98304 n=1 k=5120: 1 x 672.69 us = 672.69 us (1496.28 GFLOPS/s)
MUL_MAT_VEC q8_0 m=5120 n=1 k=10240: 1 x 102.04 us = 102.04 us (1027.56 GFLOPS/s)
PAD: 1 x 6.32 us = 6.32 us
RMS_NORM_MUL RMS_NORM(256,24,1,1): 1 x 5.24 us = 5.24 us
RMS_NORM_MUL RMS_NORM(256,4,1,1): 1 x 3.56 us = 3.56 us
RMS_NORM_MUL RMS_NORM(5120,1,1,1): 5 x 3.68 us = 18.4 us
ROPE: 2 x 3.56 us = 7.12 us
SET_ROWS: 2 x 2.86 us = 5.72 us
SIGMOID_MUL SIGMOID: 1 x 1.68 us = 1.68 us
TOP_K K=10 (98304,1,1,1): 1 x 8.68 us = 8.68 us
Total time: 1401.49 us.
----------------
Vulkan Timings:
CONCAT: 1 x 1.64 us = 1.64 us
CONT: 1 x 3.6 us = 3.6 us
FLASH_ATTN_EXT dst(256,24,1,1),  q(256,1,24,1),  k(256,256,4,1),  v(256,256,4,1),  m(256,1,1,1): 1 x 13.8 us = 13.8 us (455.903 GFLOPS/s)
GET_ROWS: 3 x 4.746 us = 14.24 us
GLU: 1 x 1.8 us = 1.8 us
MUL_MAT f32 m=256 n=24 k=256: 1 x 1.68 us = 1.68 us (1868.8 GFLOPS/s)
MUL_MAT f32 m=64 n=16 k=64: 1 x 3.56 us = 3.56 us (36.5303 GFLOPS/s)
MUL_MAT f32 m=64 n=96 k=64: 1 x 3.6 us = 3.6 us (216.747 GFLOPS/s)
MUL_MAT_ADD MUL_MAT_VEC q6_K m=5120 n=1 k=17408: 1 x 124.96 us = 124.96 us (1426.48 GFLOPS/s)
MUL_MAT_ADD MUL_MAT_VEC q6_K m=5120 n=1 k=6144: 1 x 53.32 us = 53.32 us (1179.85 GFLOPS/s)
MUL_MAT_VEC f32 m=256 n=4 k=256: 1 x 2.96 us = 2.96 us (176.778 GFLOPS/s)
MUL_MAT_VEC q6_K m=1024 n=1 k=5120: 2 x 8.68 us = 17.36 us (1207.92 GFLOPS/s)
MUL_MAT_VEC q6_K m=12288 n=1 k=5120: 1 x 85.92 us = 85.92 us (1464.35 GFLOPS/s)
MUL_MAT_VEC q6_K m=17408 n=1 k=5120: 2 x 121.6 us = 243.2 us (1465.79 GFLOPS/s)
MUL_MAT_VEC q6_K m=98304 n=1 k=5120: 1 x 672.23 us = 672.23 us (1497.31 GFLOPS/s)
MUL_MAT_VEC q8_0 m=5120 n=1 k=10240: 1 x 101.76 us = 101.76 us (1030.39 GFLOPS/s)
PAD: 1 x 7 us = 7 us
RMS_NORM_MUL RMS_NORM(256,24,1,1): 1 x 5.2 us = 5.2 us
RMS_NORM_MUL RMS_NORM(256,4,1,1): 1 x 3.56 us = 3.56 us
RMS_NORM_MUL RMS_NORM(5120,1,1,1): 5 x 3.688 us = 18.44 us
ROPE: 2 x 3.54 us = 7.08 us
SET_ROWS: 2 x 2.9 us = 5.8 us
SIGMOID_MUL SIGMOID: 1 x 1.88 us = 1.88 us
TOP_K K=10 (98304,1,1,1): 1 x 8.64 us = 8.64 us
Total time: 1403.23 us.
----------------
Vulkan Timings:
ADD: 48 x 3.831 us = 183.92 us
CONT: 16 x 3.767 us = 60.28 us
FLASH_ATTN_EXT dst(256,24,5,1),  q(256,5,24,1),  k(256,256,4,1),  v(256,256,4,1),  m(256,5,1,1): 16 x 23.09 us = 369.44 us (1362.38 GFLOPS/s)
GDN_CACHE GATED_DELTA_NET: 48 x 14.555 us = 698.68 us
GDN_CONV_STATE CONCAT: 48 x 3.26 us = 156.48 us
GET_ROWS: 3 x 11.293 us = 33.88 us
GLU: 64 x 2.865 us = 183.4 us
MUL_MAT f32 m=256 n=120 k=256: 16 x 1.822 us = 29.16 us (8613.4 GFLOPS/s)
MUL_MAT f32 m=256 n=20 k=256: 16 x 3.44 us = 55.04 us (760.558 GFLOPS/s)
MUL_MAT f32 m=64 n=480 k=64: 16 x 3.615 us = 57.84 us (1079.24 GFLOPS/s)
MUL_MAT f32 m=64 n=80 k=64: 16 x 3.342 us = 53.48 us (194.537 GFLOPS/s)
MUL_MAT_ADD MUL_MAT_VEC q6_K m=5120 n=5 k=17408: 64 x 206.98 us = 13246.7 us (4306.04 GFLOPS/s)
MUL_MAT_ADD MUL_MAT_VEC q6_K m=5120 n=5 k=6144: 16 x 77.275 us = 1236.4 us (4070.49 GFLOPS/s)
MUL_MAT_VEC f32 m=48 n=5 k=5120: 96 x 4.315 us = 414.32 us (569.383 GFLOPS/s)
MUL_MAT_VEC q6_K m=1024 n=5 k=5120: 32 x 12.162 us = 389.2 us (4310.27 GFLOPS/s)
MUL_MAT_VEC q6_K m=10240 n=5 k=5120: 48 x 110.251 us = 5292.08 us (4754.91 GFLOPS/s)
MUL_MAT_VEC q6_K m=12288 n=5 k=5120: 16 x 141.047 us = 2256.76 us (4460.09 GFLOPS/s)
MUL_MAT_VEC q6_K m=17408 n=5 k=5120: 128 x 183.21 us = 23450.9 us (4864.38 GFLOPS/s)
MUL_MAT_VEC q6_K m=248320 n=5 k=5120: 1 x 2425.56 us = 2425.56 us (5241.16 GFLOPS/s)
MUL_MAT_VEC q6_K m=6144 n=5 k=5120: 48 x 71.205 us = 3417.84 us (4417.42 GFLOPS/s)
MUL_MAT_VEC q8_0 m=5120 n=5 k=6144: 48 x 63.121 us = 3029.84 us (4983.19 GFLOPS/s)
RMS_NORM_MUL RMS_NORM(256,24,5,1): 16 x 3.69 us = 59.04 us
RMS_NORM_MUL RMS_NORM(256,4,5,1): 16 x 3.887 us = 62.2 us
RMS_NORM_MUL RMS_NORM(5120,5,1,1): 129 x 4.272 us = 551.16 us
RMS_NORM_MUL_SILU_MUL RMS_NORM(128,48,5,1): 48 x 5.593 us = 268.48 us
RMS_NORM_SCALE RMS_NORM(128,16,5,1): 96 x 2.573 us = 247.08 us
ROPE: 32 x 3.795 us = 121.44 us
SET_ROWS: 32 x 2.911 us = 93.16 us
SIGMOID_MUL SIGMOID: 16 x 3.642 us = 58.28 us
SSM_CONV_SILU SSM_CONV: 48 x 4.7 us = 225.6 us
Total time: 58727.6 us.
----------------
Vulkan Timings:
CONCAT: 1 x 4.08 us = 4.08 us
CONT: 1 x 3.68 us = 3.68 us
FLASH_ATTN_EXT dst(256,24,5,1),  q(256,5,24,1),  k(256,256,4,1),  v(256,256,4,1),  m(256,5,1,1): 1 x 23.44 us = 23.44 us (1342.03 GFLOPS/s)
GET_ROWS: 1 x 6.6 us = 6.6 us
GLU: 1 x 1.56 us = 1.56 us
MUL_MAT f32 m=256 n=120 k=256: 1 x 1.72 us = 1.72 us (9126.7 GFLOPS/s)
MUL_MAT f32 m=256 n=20 k=256: 1 x 3.08 us = 3.08 us (849.455 GFLOPS/s)
MUL_MAT f32 m=64 n=480 k=64: 1 x 3.72 us = 3.72 us (1048.77 GFLOPS/s)
MUL_MAT f32 m=64 n=80 k=64: 1 x 3.64 us = 3.64 us (178.637 GFLOPS/s)
MUL_MAT_ADD MUL_MAT_VEC q6_K m=5120 n=5 k=17408: 1 x 230.64 us = 230.64 us (3864.31 GFLOPS/s)
MUL_MAT_ADD MUL_MAT_VEC q6_K m=5120 n=5 k=6144: 1 x 86.08 us = 86.08 us (3654.13 GFLOPS/s)
MUL_MAT_VEC q6_K m=1024 n=5 k=5120: 2 x 16.04 us = 32.08 us (3268.31 GFLOPS/s)
MUL_MAT_VEC q6_K m=12288 n=5 k=5120: 1 x 155.82 us = 155.82 us (4037.25 GFLOPS/s)
MUL_MAT_VEC q6_K m=17408 n=5 k=5120: 2 x 180.3 us = 360.6 us (4942.89 GFLOPS/s)
MUL_MAT_VEC q8_0 m=5120 n=5 k=10240: 1 x 105.64 us = 105.64 us (4962.73 GFLOPS/s)
RMS_NORM_MUL RMS_NORM(256,24,5,1): 1 x 3.8 us = 3.8 us
RMS_NORM_MUL RMS_NORM(256,4,5,1): 1 x 3.68 us = 3.68 us
RMS_NORM_MUL RMS_NORM(5120,5,1,1): 5 x 9.158 us = 45.79 us
ROPE: 2 x 3.66 us = 7.32 us
SET_ROWS: 2 x 2.96 us = 5.92 us
SIGMOID_MUL SIGMOID: 1 x 1.72 us = 1.72 us
Total time: 1090.61 us.
----------------
Vulkan Timings:
CONCAT: 1 x 1.72 us = 1.72 us
CONT: 1 x 3.64 us = 3.64 us
FLASH_ATTN_EXT dst(256,24,1,1),  q(256,1,24,1),  k(256,256,4,1),  v(256,256,4,1),  m(256,1,1,1): 1 x 13.44 us = 13.44 us (468.114 GFLOPS/s)
GET_ROWS: 3 x 5.76 us = 17.28 us
GLU: 1 x 1.56 us = 1.56 us
MUL_MAT f32 m=256 n=24 k=256: 1 x 1.48 us = 1.48 us (2121.34 GFLOPS/s)
MUL_MAT f32 m=64 n=16 k=64: 1 x 1.76 us = 1.76 us (73.8909 GFLOPS/s)
MUL_MAT f32 m=64 n=96 k=64: 1 x 3.36 us = 3.36 us (232.229 GFLOPS/s)
MUL_MAT_ADD MUL_MAT_VEC q6_K m=5120 n=1 k=17408: 1 x 130.24 us = 130.24 us (1368.65 GFLOPS/s)
MUL_MAT_ADD MUL_MAT_VEC q6_K m=5120 n=1 k=6144: 1 x 53.6 us = 53.6 us (1173.68 GFLOPS/s)
MUL_MAT_VEC f32 m=256 n=4 k=256: 1 x 3.16 us = 3.16 us (165.59 GFLOPS/s)
MUL_MAT_VEC q6_K m=1024 n=1 k=5120: 2 x 8.86 us = 17.72 us (1183.38 GFLOPS/s)
MUL_MAT_VEC q6_K m=12288 n=1 k=5120: 1 x 90.24 us = 90.24 us (1394.25 GFLOPS/s)
MUL_MAT_VEC q6_K m=17408 n=1 k=5120: 2 x 118.5 us = 237 us (1504.14 GFLOPS/s)
MUL_MAT_VEC q6_K m=98304 n=1 k=5120: 1 x 672.79 us = 672.79 us (1496.06 GFLOPS/s)
MUL_MAT_VEC q8_0 m=5120 n=1 k=10240: 1 x 94.16 us = 94.16 us (1113.56 GFLOPS/s)
PAD: 1 x 6.48 us = 6.48 us
RMS_NORM_MUL RMS_NORM(256,24,1,1): 1 x 5.96 us = 5.96 us
RMS_NORM_MUL RMS_NORM(256,4,1,1): 1 x 5.08 us = 5.08 us
RMS_NORM_MUL RMS_NORM(5120,1,1,1): 5 x 4.04 us = 20.2 us
ROPE: 2 x 3.46 us = 6.92 us
SET_ROWS: 2 x 2.82 us = 5.64 us
SIGMOID_MUL SIGMOID: 1 x 1.56 us = 1.56 us
TOP_K K=10 (98304,1,1,1): 1 x 8.72 us = 8.72 us
Total time: 1403.71 us.
----------------
Vulkan Timings:
CONCAT: 1 x 1.68 us = 1.68 us
CONT: 1 x 3.72 us = 3.72 us
FLASH_ATTN_EXT dst(256,24,1,1),  q(256,1,24,1),  k(256,256,4,1),  v(256,256,4,1),  m(256,1,1,1): 1 x 13.72 us = 13.72 us (458.561 GFLOPS/s)
GET_ROWS: 3 x 5.04 us = 15.12 us
GLU: 1 x 1.88 us = 1.88 us
MUL_MAT f32 m=256 n=24 k=256: 1 x 1.68 us = 1.68 us (1868.8 GFLOPS/s)
MUL_MAT f32 m=64 n=16 k=64: 1 x 3.76 us = 3.76 us (34.5872 GFLOPS/s)
MUL_MAT f32 m=64 n=96 k=64: 1 x 3.72 us = 3.72 us (209.755 GFLOPS/s)
MUL_MAT_ADD MUL_MAT_VEC q6_K m=5120 n=1 k=17408: 1 x 124.2 us = 124.2 us (1435.21 GFLOPS/s)
MUL_MAT_ADD MUL_MAT_VEC q6_K m=5120 n=1 k=6144: 1 x 53.4 us = 53.4 us (1178.08 GFLOPS/s)
MUL_MAT_VEC f32 m=256 n=4 k=256: 1 x 3.16 us = 3.16 us (165.59 GFLOPS/s)
MUL_MAT_VEC q6_K m=1024 n=1 k=5120: 2 x 8.94 us = 17.88 us (1172.79 GFLOPS/s)
MUL_MAT_VEC q6_K m=12288 n=1 k=5120: 1 x 85.8 us = 85.8 us (1466.4 GFLOPS/s)
MUL_MAT_VEC q6_K m=17408 n=1 k=5120: 2 x 121.54 us = 243.08 us (1466.52 GFLOPS/s)
MUL_MAT_VEC q6_K m=98304 n=1 k=5120: 1 x 672.38 us = 672.38 us (1496.97 GFLOPS/s)
MUL_MAT_VEC q8_0 m=5120 n=1 k=10240: 1 x 101.28 us = 101.28 us (1035.27 GFLOPS/s)
PAD: 1 x 6.44 us = 6.44 us
RMS_NORM_MUL RMS_NORM(256,24,1,1): 1 x 5.52 us = 5.52 us
RMS_NORM_MUL RMS_NORM(256,4,1,1): 1 x 3.76 us = 3.76 us
RMS_NORM_MUL RMS_NORM(5120,1,1,1): 5 x 3.704 us = 18.52 us
ROPE: 2 x 3.7 us = 7.4 us
SET_ROWS: 2 x 2.98 us = 5.96 us
SIGMOID_MUL SIGMOID: 1 x 1.6 us = 1.6 us
TOP_K K=10 (98304,1,1,1): 1 x 8.88 us = 8.88 us
Total time: 1404.54 us.
----------------
Vulkan Timings:
CONCAT: 1 x 1.64 us = 1.64 us
CONT: 1 x 3.72 us = 3.72 us
FLASH_ATTN_EXT dst(256,24,1,1),  q(256,1,24,1),  k(256,256,4,1),  v(256,256,4,1),  m(256,1,1,1): 1 x 13.92 us = 13.92 us (451.972 GFLOPS/s)
GET_ROWS: 3 x 4.96 us = 14.88 us
GLU: 1 x 1.8 us = 1.8 us
MUL_MAT f32 m=256 n=24 k=256: 1 x 1.6 us = 1.6 us (1962.24 GFLOPS/s)
MUL_MAT f32 m=64 n=16 k=64: 1 x 3.72 us = 3.72 us (34.9591 GFLOPS/s)
MUL_MAT f32 m=64 n=96 k=64: 1 x 3.72 us = 3.72 us (209.755 GFLOPS/s)
MUL_MAT_ADD MUL_MAT_VEC q6_K m=5120 n=1 k=17408: 1 x 124 us = 124 us (1437.52 GFLOPS/s)
MUL_MAT_ADD MUL_MAT_VEC q6_K m=5120 n=1 k=6144: 1 x 53.56 us = 53.56 us (1174.56 GFLOPS/s)
MUL_MAT_VEC f32 m=256 n=4 k=256: 1 x 3.16 us = 3.16 us (165.59 GFLOPS/s)
MUL_MAT_VEC q6_K m=1024 n=1 k=5120: 2 x 8.78 us = 17.56 us (1194.16 GFLOPS/s)
MUL_MAT_VEC q6_K m=12288 n=1 k=5120: 1 x 85.24 us = 85.24 us (1476.03 GFLOPS/s)
MUL_MAT_VEC q6_K m=17408 n=1 k=5120: 2 x 121.16 us = 242.32 us (1471.12 GFLOPS/s)
MUL_MAT_VEC q6_K m=98304 n=1 k=5120: 1 x 672.59 us = 672.59 us (1496.51 GFLOPS/s)
MUL_MAT_VEC q8_0 m=5120 n=1 k=10240: 1 x 102.04 us = 102.04 us (1027.56 GFLOPS/s)
PAD: 1 x 6.44 us = 6.44 us
RMS_NORM_MUL RMS_NORM(256,24,1,1): 1 x 5.56 us = 5.56 us
RMS_NORM_MUL RMS_NORM(256,4,1,1): 1 x 3.72 us = 3.72 us
RMS_NORM_MUL RMS_NORM(5120,1,1,1): 5 x 3.704 us = 18.52 us
ROPE: 2 x 3.72 us = 7.44 us
SET_ROWS: 2 x 2.94 us = 5.88 us
SIGMOID_MUL SIGMOID: 1 x 1.64 us = 1.64 us
TOP_K K=10 (98304,1,1,1): 1 x 9.12 us = 9.12 us
Total time: 1403.79 us.
----------------
Vulkan Timings:
CONCAT: 1 x 1.64 us = 1.64 us
CONT: 1 x 3.76 us = 3.76 us
FLASH_ATTN_EXT dst(256,24,1,1),  q(256,1,24,1),  k(256,256,4,1),  v(256,256,4,1),  m(256,1,1,1): 1 x 13.92 us = 13.92 us (451.972 GFLOPS/s)
GET_ROWS: 3 x 4.893 us = 14.68 us
GLU: 1 x 1.84 us = 1.84 us
MUL_MAT f32 m=256 n=24 k=256: 1 x 1.6 us = 1.6 us (1962.24 GFLOPS/s)
MUL_MAT f32 m=64 n=16 k=64: 1 x 3.72 us = 3.72 us (34.9591 GFLOPS/s)
MUL_MAT f32 m=64 n=96 k=64: 1 x 3.72 us = 3.72 us (209.755 GFLOPS/s)
MUL_MAT_ADD MUL_MAT_VEC q6_K m=5120 n=1 k=17408: 1 x 122.8 us = 122.8 us (1451.57 GFLOPS/s)
MUL_MAT_ADD MUL_MAT_VEC q6_K m=5120 n=1 k=6144: 1 x 53.4 us = 53.4 us (1178.08 GFLOPS/s)
MUL_MAT_VEC f32 m=256 n=4 k=256: 1 x 3.12 us = 3.12 us (167.713 GFLOPS/s)
MUL_MAT_VEC q6_K m=1024 n=1 k=5120: 2 x 8.88 us = 17.76 us (1180.71 GFLOPS/s)
MUL_MAT_VEC q6_K m=12288 n=1 k=5120: 1 x 85.68 us = 85.68 us (1468.45 GFLOPS/s)
MUL_MAT_VEC q6_K m=17408 n=1 k=5120: 2 x 121.22 us = 242.44 us (1470.39 GFLOPS/s)
MUL_MAT_VEC q6_K m=98304 n=1 k=5120: 1 x 673.63 us = 673.63 us (1494.2 GFLOPS/s)
MUL_MAT_VEC q8_0 m=5120 n=1 k=10240: 1 x 101.28 us = 101.28 us (1035.27 GFLOPS/s)
PAD: 1 x 6.48 us = 6.48 us
RMS_NORM_MUL RMS_NORM(256,24,1,1): 1 x 5.52 us = 5.52 us
RMS_NORM_MUL RMS_NORM(256,4,1,1): 1 x 3.68 us = 3.68 us
RMS_NORM_MUL RMS_NORM(5120,1,1,1): 5 x 3.664 us = 18.32 us
ROPE: 2 x 3.68 us = 7.36 us
SET_ROWS: 2 x 2.96 us = 5.92 us
SIGMOID_MUL SIGMOID: 1 x 1.68 us = 1.68 us
TOP_K K=10 (98304,1,1,1): 1 x 8.92 us = 8.92 us
Total time: 1402.87 us.
----------------
Vulkan Timings:
ADD: 48 x 3.85 us = 184.8 us
CONT: 16 x 3.955 us = 63.28 us
FLASH_ATTN_EXT dst(256,24,4,1),  q(256,4,24,1),  k(256,256,4,1),  v(256,256,4,1),  m(256,4,1,1): 16 x 24.01 us = 384.16 us (1048.14 GFLOPS/s)
GDN_CACHE GATED_DELTA_NET: 48 x 12.174 us = 584.36 us
GDN_CONV_STATE CONCAT: 48 x 3.444 us = 165.32 us
GET_ROWS: 3 x 10.04 us = 30.12 us
GLU: 64 x 1.827 us = 116.96 us
MUL_MAT f32 m=256 n=16 k=256: 16 x 3.707 us = 59.32 us (564.546 GFLOPS/s)
MUL_MAT f32 m=256 n=96 k=256: 16 x 1.952 us = 31.24 us (6431.93 GFLOPS/s)
MUL_MAT f32 m=64 n=384 k=64: 16 x 4.39 us = 70.24 us (710.969 GFLOPS/s)
MUL_MAT f32 m=64 n=64 k=64: 16 x 3.322 us = 53.16 us (156.566 GFLOPS/s)
MUL_MAT_ADD MUL_MAT_VEC q6_K m=5120 n=4 k=17408: 64 x 131.794 us = 8434.84 us (5410.03 GFLOPS/s)
MUL_MAT_ADD MUL_MAT_VEC q6_K m=5120 n=4 k=6144: 16 x 54.947 us = 879.16 us (4579.6 GFLOPS/s)
MUL_MAT_VEC f32 m=48 n=4 k=5120: 96 x 4.971 us = 477.24 us (395.451 GFLOPS/s)
MUL_MAT_VEC q6_K m=1024 n=4 k=5120: 32 x 8.536 us = 273.16 us (4913.04 GFLOPS/s)
MUL_MAT_VEC q6_K m=10240 n=4 k=5120: 48 x 79.831 us = 3831.92 us (5253.42 GFLOPS/s)
MUL_MAT_VEC q6_K m=12288 n=4 k=5120: 16 x 99.86 us = 1597.76 us (5039.73 GFLOPS/s)
MUL_MAT_VEC q6_K m=17408 n=4 k=5120: 128 x 136.186 us = 17431.9 us (5235.19 GFLOPS/s)
MUL_MAT_VEC q6_K m=248320 n=4 k=5120: 1 x 1676.24 us = 1676.24 us (6067.27 GFLOPS/s)
MUL_MAT_VEC q6_K m=6144 n=4 k=5120: 48 x 53.845 us = 2584.56 us (4673.3 GFLOPS/s)
MUL_MAT_VEC q8_0 m=5120 n=4 k=6144: 48 x 64.324 us = 3087.56 us (3912.03 GFLOPS/s)
RMS_NORM_MUL RMS_NORM(256,24,4,1): 16 x 3.397 us = 54.36 us
RMS_NORM_MUL RMS_NORM(256,4,4,1): 16 x 4.607 us = 73.72 us
RMS_NORM_MUL RMS_NORM(5120,4,1,1): 129 x 2.662 us = 343.44 us
RMS_NORM_MUL_SILU_MUL RMS_NORM(128,48,4,1): 48 x 6.138 us = 294.64 us
RMS_NORM_SCALE RMS_NORM(128,16,4,1): 96 x 2.381 us = 228.64 us
ROPE: 32 x 5.012 us = 160.4 us
SET_ROWS: 32 x 3.241 us = 103.72 us
SIGMOID_MUL SIGMOID: 16 x 2.257 us = 36.12 us
SSM_CONV_SILU SSM_CONV: 48 x 5.518 us = 264.88 us
Total time: 43577.2 us.
----------------
Vulkan Timings:
CONCAT: 1 x 3.32 us = 3.32 us
CONT: 1 x 3.84 us = 3.84 us
FLASH_ATTN_EXT dst(256,24,4,1),  q(256,4,24,1),  k(256,256,4,1),  v(256,256,4,1),  m(256,4,1,1): 1 x 21.56 us = 21.56 us (1167.25 GFLOPS/s)
GET_ROWS: 1 x 6.92 us = 6.92 us
GLU: 1 x 1.8 us = 1.8 us
MUL_MAT f32 m=256 n=16 k=256: 1 x 3.24 us = 3.24 us (646.005 GFLOPS/s)
MUL_MAT f32 m=256 n=96 k=256: 1 x 1.8 us = 1.8 us (6976.85 GFLOPS/s)
MUL_MAT f32 m=64 n=384 k=64: 1 x 3.88 us = 3.88 us (804.421 GFLOPS/s)
MUL_MAT f32 m=64 n=64 k=64: 1 x 3.84 us = 3.84 us (135.467 GFLOPS/s)
MUL_MAT_ADD MUL_MAT_VEC q6_K m=5120 n=4 k=17408: 1 x 152.02 us = 152.02 us (4690.25 GFLOPS/s)
MUL_MAT_ADD MUL_MAT_VEC q6_K m=5120 n=4 k=6144: 1 x 59.36 us = 59.36 us (4239.18 GFLOPS/s)
MUL_MAT_VEC q6_K m=1024 n=4 k=5120: 2 x 8.34 us = 16.68 us (5028.65 GFLOPS/s)
MUL_MAT_VEC q6_K m=12288 n=4 k=5120: 1 x 114.12 us = 114.12 us (4409.98 GFLOPS/s)
MUL_MAT_VEC q6_K m=17408 n=4 k=5120: 2 x 128.96 us = 257.92 us (5528.55 GFLOPS/s)
MUL_MAT_VEC q8_0 m=5120 n=4 k=10240: 1 x 106.08 us = 106.08 us (3953.71 GFLOPS/s)
RMS_NORM_MUL RMS_NORM(256,24,4,1): 1 x 3.88 us = 3.88 us
RMS_NORM_MUL RMS_NORM(256,4,4,1): 1 x 3.8 us = 3.8 us
RMS_NORM_MUL RMS_NORM(5120,4,1,1): 5 x 8.822 us = 44.11 us
ROPE: 2 x 3.82 us = 7.64 us
SET_ROWS: 2 x 3.14 us = 6.28 us
SIGMOID_MUL SIGMOID: 1 x 1.76 us = 1.76 us
Total time: 823.85 us.
----------------
Vulkan Timings:
ADD: 48 x 4.479 us = 215 us
CONT: 16 x 4.705 us = 75.28 us
FLASH_ATTN_EXT dst(256,24,1,1),  q(256,1,24,1),  k(256,256,4,1),  v(256,256,4,1),  m(256,1,1,1): 16 x 15.842 us = 253.48 us (397.125 GFLOPS/s)
GDN_CACHE GATED_DELTA_NET: 48 x 6.211 us = 298.16 us
GDN_CONV_STATE CONCAT: 48 x 2.7 us = 129.6 us
GET_ROWS: 3 x 7.426 us = 22.28 us
GLU: 64 x 1.898 us = 121.48 us
MUL_MAT f32 m=256 n=24 k=256: 16 x 1.932 us = 30.92 us (1624.62 GFLOPS/s)
MUL_MAT f32 m=64 n=16 k=64: 16 x 4.485 us = 71.76 us (28.9962 GFLOPS/s)
MUL_MAT f32 m=64 n=96 k=64: 16 x 3.655 us = 58.48 us (213.485 GFLOPS/s)
MUL_MAT_ADD MUL_MAT_VEC q6_K m=5120 n=1 k=17408: 64 x 122.747 us = 7855.84 us (1452.19 GFLOPS/s)
MUL_MAT_ADD MUL_MAT_VEC q6_K m=5120 n=1 k=6144: 16 x 48.697 us = 779.16 us (1291.84 GFLOPS/s)
MUL_MAT_VEC f32 m=256 n=4 k=256: 16 x 3.672 us = 58.76 us (142.482 GFLOPS/s)
MUL_MAT_VEC f32 m=48 n=1 k=5120: 96 x 3.528 us = 338.76 us (139.277 GFLOPS/s)
MUL_MAT_VEC q6_K m=1024 n=1 k=5120: 32 x 7.315 us = 234.08 us (1433.32 GFLOPS/s)
MUL_MAT_VEC q6_K m=10240 n=1 k=5120: 48 x 73.386 us = 3522.56 us (1428.7 GFLOPS/s)
MUL_MAT_VEC q6_K m=12288 n=1 k=5120: 16 x 91.745 us = 1467.92 us (1371.38 GFLOPS/s)
MUL_MAT_VEC q6_K m=17408 n=1 k=5120: 128 x 122.668 us = 15701.6 us (1453.03 GFLOPS/s)
MUL_MAT_VEC q6_K m=248320 n=1 k=5120: 1 x 1643.12 us = 1643.12 us (1547.39 GFLOPS/s)
MUL_MAT_VEC q6_K m=6144 n=1 k=5120: 48 x 48.645 us = 2334.96 us (1293.21 GFLOPS/s)
MUL_MAT_VEC q8_0 m=5120 n=1 k=6144: 48 x 59.805 us = 2870.64 us (1051.91 GFLOPS/s)
RMS_NORM_MUL RMS_NORM(256,24,1,1): 16 x 4.265 us = 68.24 us
RMS_NORM_MUL RMS_NORM(256,4,1,1): 16 x 4.5 us = 72 us
RMS_NORM_MUL RMS_NORM(5120,1,1,1): 129 x 2.781 us = 358.76 us
RMS_NORM_MUL_SILU_MUL RMS_NORM(128,48,1,1): 48 x 4.651 us = 223.28 us
RMS_NORM_SCALE RMS_NORM(128,16,1,1): 96 x 3.236 us = 310.72 us
ROPE: 32 x 4.262 us = 136.4 us
SET_ROWS: 32 x 3.591 us = 114.92 us
SIGMOID_MUL SIGMOID: 16 x 3.055 us = 48.88 us
SSM_CONV_SILU SSM_CONV: 48 x 7.023 us = 337.12 us
Total time: 39754.1 us.
----------------
Vulkan Timings:
CONCAT: 1 x 1.68 us = 1.68 us
CONT: 1 x 3.48 us = 3.48 us
FLASH_ATTN_EXT dst(256,24,1,1),  q(256,1,24,1),  k(256,256,4,1),  v(256,256,4,1),  m(256,1,1,1): 1 x 13.52 us = 13.52 us (465.344 GFLOPS/s)
GET_ROWS: 1 x 6.28 us = 6.28 us
GLU: 1 x 1.68 us = 1.68 us
MUL_MAT f32 m=256 n=24 k=256: 1 x 1.52 us = 1.52 us (2065.52 GFLOPS/s)
MUL_MAT f32 m=64 n=16 k=64: 1 x 1.8 us = 1.8 us (72.2489 GFLOPS/s)
MUL_MAT f32 m=64 n=96 k=64: 1 x 3.24 us = 3.24 us (240.83 GFLOPS/s)
MUL_MAT_ADD MUL_MAT_VEC q6_K m=5120 n=1 k=17408: 1 x 123.28 us = 123.28 us (1445.92 GFLOPS/s)
MUL_MAT_ADD MUL_MAT_VEC q6_K m=5120 n=1 k=6144: 1 x 48.36 us = 48.36 us (1300.86 GFLOPS/s)
MUL_MAT_VEC f32 m=256 n=4 k=256: 1 x 3 us = 3 us (174.421 GFLOPS/s)
MUL_MAT_VEC q6_K m=1024 n=1 k=5120: 2 x 8.68 us = 17.36 us (1207.92 GFLOPS/s)
MUL_MAT_VEC q6_K m=12288 n=1 k=5120: 1 x 90.04 us = 90.04 us (1397.34 GFLOPS/s)
MUL_MAT_VEC q6_K m=17408 n=1 k=5120: 2 x 121.64 us = 243.28 us (1465.31 GFLOPS/s)
MUL_MAT_VEC q8_0 m=5120 n=1 k=10240: 1 x 99.92 us = 99.92 us (1049.36 GFLOPS/s)
RMS_NORM_MUL RMS_NORM(256,24,1,1): 1 x 5.4 us = 5.4 us
RMS_NORM_MUL RMS_NORM(256,4,1,1): 1 x 4.8 us = 4.8 us
RMS_NORM_MUL RMS_NORM(5120,1,1,1): 5 x 8.244 us = 41.22 us
ROPE: 2 x 3.28 us = 6.56 us
SET_ROWS: 2 x 2.78 us = 5.56 us
SIGMOID_MUL SIGMOID: 1 x 1.6 us = 1.6 us
Total time: 723.58 us.
0.40.232.599 I slot print_timing: id  0 | task 0 | prompt eval time =     257.34 ms /    10 tokens (   25.73 ms per token,    38.86 tokens per second)
0.40.232.602 I slot print_timing: id  0 | task 0 |        eval time =    4845.70 ms /   160 tokens (   30.48 ms per token,    32.81 tokens per second)
0.40.232.603 I slot print_timing: id  0 | task 0 |       total time =    5103.04 ms /   170 tokens
0.40.232.606 I slot print_timing: id  0 | task 0 |    graphs reused =         63
0.40.232.610 I slot print_timing: id  0 | task 0 | draft acceptance = 0.35907 (   93 accepted /   259 generated), mean len =  2.43
0.40.232.638 I slot      release: id  0 | task 0 | stop processing: n_tokens = 169, truncated = 0
0.40.237.953 I srv    operator(): operator(): cleaning up before exit...
