0.00.000.257 I srv  llama_server: initializing ...
WARNING: radv is not a conformant Vulkan implementation, testing use only.
WARNING: radv is not a conformant Vulkan implementation, testing use only.
0.00.042.897 I cmn  common_param: common_params_print_info: verbosity = 3 (adjust with the `-lv N` CLI arg)
0.00.042.989 I srv          init: The UI is disabled
0.00.042.991 I srv          init: Use --ui/--no-ui (or deprecated --webui/--no-webui) to enable/disable
0.00.043.040 W srv  llama_server: security: no API key is set and CORS allows all origins (see https://github.com/ggml-org/llama.cpp/pull/25655)
0.00.044.231 I srv    load_model: loading model '/mnt/8724062a-75f8-4edf-8ca8-b7dd4e77ed30/models/qwen3.8:27b/unsloth/Qwen3.8-27B-Q6_K.gguf'
0.10.169.550 W common_init_result: --spec-draft-vocab without --spec-draft-vocab-file: using specials + lowest token ids
0.11.296.630 I cmn          init: llama threadpool init, n_threads = 8
----------------
Vulkan Timings:
ADD: 48 x 5.345 us = 256.56 us
CONCAT: 48 x 3.212 us = 154.2 us
CONT: 16 x 5.285 us = 84.56 us
CPY: 240 x 3.67 us = 880.8 us
FLASH_ATTN_EXT dst(256,24,2,1),  q(256,2,24,1),  k(256,256,4,1),  v(256,256,4,1),  m(256,2,1,1): 16 x 57.915 us = 926.65 us (217.263 GFLOPS/s)
GDN_CACHE GATED_DELTA_NET: 48 x 10.011 us = 480.56 us
GET_ROWS: 50 x 8.983 us = 449.16 us
GLU: 64 x 2.189 us = 140.12 us
MUL_MAT f32 m=256 n=48 k=256: 16 x 2.437 us = 39 us (2576.07 GFLOPS/s)
MUL_MAT f32 m=64 n=192 k=64: 16 x 4.032 us = 64.52 us (387 GFLOPS/s)
MUL_MAT f32 m=64 n=32 k=64: 16 x 4.152 us = 66.44 us (62.636 GFLOPS/s)
MUL_MAT_ADD MUL_MAT_VEC q6_K m=5120 n=2 k=17408: 64 x 141.621 us = 9063.77 us (2517.31 GFLOPS/s)
MUL_MAT_ADD MUL_MAT_VEC q6_K m=5120 n=2 k=6144: 16 x 53.38 us = 854.08 us (2357.04 GFLOPS/s)
MUL_MAT_VEC f32 m=256 n=8 k=256: 16 x 3.572 us = 57.16 us (292.94 GFLOPS/s)
MUL_MAT_VEC f32 m=48 n=2 k=5120: 96 x 4.829 us = 463.64 us (203.526 GFLOPS/s)
MUL_MAT_VEC q6_K m=1024 n=2 k=5120: 32 x 10.478 us = 335.32 us (2001.14 GFLOPS/s)
MUL_MAT_VEC q6_K m=10240 n=2 k=5120: 48 x 116.959 us = 5614.04 us (1792.89 GFLOPS/s)
MUL_MAT_VEC q6_K m=12288 n=2 k=5120: 16 x 92.09 us = 1473.44 us (2732.48 GFLOPS/s)
MUL_MAT_VEC q6_K m=17408 n=2 k=5120: 128 x 139.9 us = 17907.3 us (2548.1 GFLOPS/s)
MUL_MAT_VEC q6_K m=248320 n=1 k=5120: 1 x 1643.76 us = 1643.76 us (1546.79 GFLOPS/s)
MUL_MAT_VEC q6_K m=6144 n=2 k=5120: 48 x 64.274 us = 3085.16 us (1957.5 GFLOPS/s)
MUL_MAT_VEC q8_0 m=5120 n=2 k=6144: 48 x 144.901 us = 6955.27 us (868.307 GFLOPS/s)
RMS_NORM_MUL RMS_NORM(256,24,2,1): 16 x 4.107 us = 65.72 us
RMS_NORM_MUL RMS_NORM(256,4,2,1): 16 x 5.15 us = 82.4 us
RMS_NORM_MUL RMS_NORM(5120,2,1,1): 129 x 4.466 us = 576.2 us
RMS_NORM_MUL_SILU_MUL RMS_NORM(128,48,2,1): 48 x 7.278 us = 349.36 us
RMS_NORM_SCALE RMS_NORM(128,16,2,1): 96 x 3.16 us = 303.36 us
ROPE: 32 x 5.05 us = 161.6 us
SCALE: 96 x 8.357 us = 802.28 us
SET_ROWS: 32 x 3.748 us = 119.96 us
SIGMOID_MUL SIGMOID: 16 x 5.537 us = 88.6 us
SSM_CONV_SILU SSM_CONV: 48 x 6.022 us = 289.08 us
Total time: 53834.1 us.
0.11.373.989 I common_speculative_init_result: creating MTP draft context against the target model '/mnt/8724062a-75f8-4edf-8ca8-b7dd4e77ed30/models/qwen3.8:27b/unsloth/Qwen3.8-27B-Q6_K.gguf'
0.11.385.431 I srv    load_model: initializing, n_slots = 1, n_ctx_slot = 16384, kv_unified = 'false'
0.11.385.720 I spec common_specu: adaptive draft vocab: subset 98304 rows while <= 3 per 256 recent context tokens fall outside it
----------------
Vulkan Timings:
CONCAT: 1 x 2.32 us = 2.32 us
CONT: 1 x 9.4 us = 9.4 us
FLASH_ATTN_EXT dst(256,24,2,1),  q(256,2,24,1),  k(256,256,4,1),  v(256,256,4,1),  m(256,2,1,1): 1 x 189.5 us = 189.5 us (66.4006 GFLOPS/s)
GET_ROWS: 2 x 17.26 us = 34.52 us
GLU: 1 x 2.64 us = 2.64 us
MUL_MAT f32 m=256 n=48 k=256: 1 x 2.48 us = 2.48 us (2531.92 GFLOPS/s)
MUL_MAT f32 m=64 n=192 k=64: 1 x 2.04 us = 2.04 us (764.988 GFLOPS/s)
MUL_MAT f32 m=64 n=32 k=64: 1 x 5.64 us = 5.64 us (46.1163 GFLOPS/s)
MUL_MAT_ADD MUL_MAT_VEC q6_K m=5120 n=2 k=17408: 1 x 157.88 us = 157.88 us (2258.08 GFLOPS/s)
MUL_MAT_ADD MUL_MAT_VEC q6_K m=5120 n=2 k=6144: 1 x 58.04 us = 58.04 us (2167.8 GFLOPS/s)
MUL_MAT_VEC f32 m=256 n=8 k=256: 1 x 4.8 us = 4.8 us (218.027 GFLOPS/s)
MUL_MAT_VEC q6_K m=1024 n=2 k=5120: 2 x 12.16 us = 24.32 us (1724.46 GFLOPS/s)
MUL_MAT_VEC q6_K m=12288 n=2 k=5120: 1 x 107.92 us = 107.92 us (2331.67 GFLOPS/s)
MUL_MAT_VEC q6_K m=17408 n=2 k=5120: 2 x 135.9 us = 271.8 us (2623.11 GFLOPS/s)
MUL_MAT_VEC q6_K m=248320 n=1 k=5120: 1 x 1964.36 us = 1964.36 us (1294.34 GFLOPS/s)
MUL_MAT_VEC q8_0 m=5120 n=2 k=10240: 1 x 361.47 us = 361.47 us (580.145 GFLOPS/s)
PAD: 1 x 16.44 us = 16.44 us
RMS_NORM_MUL RMS_NORM(256,24,2,1): 1 x 5.64 us = 5.64 us
RMS_NORM_MUL RMS_NORM(256,4,2,1): 1 x 5.52 us = 5.52 us
RMS_NORM_MUL RMS_NORM(5120,2,1,1): 5 x 8.624 us = 43.12 us
ROPE: 2 x 5.56 us = 11.12 us
SET_ROWS: 2 x 2.78 us = 5.56 us
SIGMOID_MUL SIGMOID: 1 x 5.6 us = 5.6 us
TOP_K K=10 (248320,1,1,1): 1 x 1047.25 us = 1047.25 us
Total time: 4339.38 us.
0.11.420.219 W srv          init: chat template supports preserving reasoning, it is enabled by default (may use more tokens, disable via --no-reasoning-preserve)
0.11.420.263 I srv  llama_server: model loaded
0.11.420.269 I srv  llama_server: listening on http://127.0.0.1:8103
0.15.198.848 I slot get_availabl: id  0 | task -1 | selected slot by LRU, t_last = -1
0.15.198.879 I slot launch_slot_: id  0 | task 0 | processing task, is_child = 0
----------------
Vulkan Timings:
ADD: 48 x 4.254 us = 204.2 us
CONCAT: 48 x 2.7 us = 129.6 us
CONT: 16 x 4.542 us = 72.68 us
CPY: 240 x 3.668 us = 880.32 us
FLASH_ATTN_EXT dst(256,24,6,1),  q(256,6,24,1),  k(256,256,4,1),  v(256,256,4,1),  m(256,6,1,1): 16 x 31.2 us = 499.21 us (1209.87 GFLOPS/s)
GDN_CACHE GATED_DELTA_NET: 48 x 16.419 us = 788.12 us
GET_ROWS: 48 x 4.22 us = 202.6 us
GLU: 64 x 1.995 us = 127.72 us
MUL_MAT f32 m=256 n=144 k=256: 16 x 2.797 us = 44.76 us (6733.69 GFLOPS/s)
MUL_MAT f32 m=256 n=24 k=256: 16 x 2.47 us = 39.52 us (1271.09 GFLOPS/s)
MUL_MAT f32 m=64 n=576 k=64: 16 x 4.48 us = 71.68 us (1045.03 GFLOPS/s)
MUL_MAT f32 m=64 n=96 k=64: 16 x 3.725 us = 59.6 us (209.473 GFLOPS/s)
MUL_MAT_ADD MUL_MAT_VEC q6_K m=5120 n=6 k=17408: 64 x 169.917 us = 10874.7 us (6294.33 GFLOPS/s)
MUL_MAT_ADD MUL_MAT_VEC q6_K m=5120 n=6 k=6144: 16 x 69.037 us = 1104.6 us (5467.41 GFLOPS/s)
MUL_MAT_VEC f32 m=48 n=6 k=5120: 96 x 5.692 us = 546.44 us (518.058 GFLOPS/s)
MUL_MAT_VEC q6_K m=1024 n=6 k=5120: 32 x 11.613 us = 371.64 us (5416.72 GFLOPS/s)
MUL_MAT_VEC q6_K m=10240 n=6 k=5120: 48 x 121.547 us = 5834.28 us (5175.62 GFLOPS/s)
MUL_MAT_VEC q6_K m=12288 n=6 k=5120: 16 x 123.575 us = 1977.2 us (6108.85 GFLOPS/s)
MUL_MAT_VEC q6_K m=17408 n=6 k=5120: 128 x 174.477 us = 22333.1 us (6129.4 GFLOPS/s)
MUL_MAT_VEC q6_K m=6144 n=6 k=5120: 48 x 74.81 us = 3590.92 us (5045.4 GFLOPS/s)
MUL_MAT_VEC q8_0 m=5120 n=6 k=6144: 48 x 101.933 us = 4892.79 us (3702.98 GFLOPS/s)
RMS_NORM_MUL RMS_NORM(256,24,6,1): 16 x 4.042 us = 64.68 us
RMS_NORM_MUL RMS_NORM(256,4,6,1): 16 x 5.085 us = 81.36 us
RMS_NORM_MUL RMS_NORM(5120,6,1,1): 129 x 4.269 us = 550.76 us
RMS_NORM_MUL_SILU_MUL RMS_NORM(128,48,6,1): 48 x 6.276 us = 301.28 us
RMS_NORM_SCALE RMS_NORM(128,16,6,1): 96 x 2.699 us = 259.12 us
ROPE: 32 x 4.658 us = 149.08 us
SCALE: 96 x 7.779 us = 746.84 us
SET_ROWS: 32 x 3.862 us = 123.6 us
SIGMOID_MUL SIGMOID: 16 x 4.96 us = 79.36 us
SSM_CONV_SILU SSM_CONV: 48 x 6.048 us = 290.32 us
Total time: 57292.1 us.
----------------
Vulkan Timings:
CONCAT: 1 x 3.92 us = 3.92 us
CONT: 1 x 4 us = 4 us
FLASH_ATTN_EXT dst(256,24,6,1),  q(256,6,24,1),  k(256,256,4,1),  v(256,256,4,1),  m(256,6,1,1): 1 x 138.42 us = 138.42 us (272.712 GFLOPS/s)
GLU: 1 x 1.56 us = 1.56 us
MUL_MAT f32 m=256 n=144 k=256: 1 x 1.72 us = 1.72 us (10952 GFLOPS/s)
MUL_MAT f32 m=256 n=24 k=256: 1 x 0.88 us = 0.88 us (3567.71 GFLOPS/s)
MUL_MAT f32 m=64 n=576 k=64: 1 x 3.2 us = 3.2 us (1463.04 GFLOPS/s)
MUL_MAT f32 m=64 n=96 k=64: 1 x 3.48 us = 3.48 us (224.221 GFLOPS/s)
MUL_MAT_ADD MUL_MAT_VEC q6_K m=5120 n=6 k=17408: 1 x 159.44 us = 159.44 us (6707.96 GFLOPS/s)
MUL_MAT_ADD MUL_MAT_VEC q6_K m=5120 n=6 k=6144: 1 x 56.08 us = 56.08 us (6730.68 GFLOPS/s)
MUL_MAT_VEC q6_K m=1024 n=6 k=5120: 2 x 10 us = 20 us (6290.84 GFLOPS/s)
MUL_MAT_VEC q6_K m=12288 n=6 k=5120: 1 x 127.3 us = 127.3 us (5930.09 GFLOPS/s)
MUL_MAT_VEC q6_K m=17408 n=6 k=5120: 2 x 144.6 us = 289.2 us (7395.87 GFLOPS/s)
MUL_MAT_VEC q8_0 m=5120 n=6 k=10240: 1 x 236.99 us = 236.99 us (2654.61 GFLOPS/s)
RMS_NORM_MUL RMS_NORM(256,24,6,1): 1 x 5.24 us = 5.24 us
RMS_NORM_MUL RMS_NORM(256,4,6,1): 1 x 3.16 us = 3.16 us
RMS_NORM_MUL RMS_NORM(5120,6,1,1): 5 x 8.296 us = 41.48 us
ROPE: 2 x 3.34 us = 6.68 us
SET_ROWS: 2 x 3.82 us = 7.64 us
SIGMOID_MUL SIGMOID: 1 x 1.52 us = 1.52 us
Total time: 1111.91 us.
----------------
Vulkan Timings:
ADD: 48 x 3.385 us = 162.52 us
CONCAT: 48 x 2.887 us = 138.6 us
CONT: 16 x 4.942 us = 79.08 us
CPY: 240 x 3.133 us = 752.12 us
FLASH_ATTN_EXT dst(256,24,4,1),  q(256,4,24,1),  k(256,256,4,1),  v(256,256,4,1),  m(256,4,1,1): 16 x 22.997 us = 367.96 us (1094.29 GFLOPS/s)
GDN_CACHE GATED_DELTA_NET: 48 x 13.619 us = 653.72 us
GET_ROWS: 50 x 9.515 us = 475.76 us
GLU: 64 x 1.996 us = 127.8 us
MUL_MAT f32 m=256 n=16 k=256: 16 x 3.217 us = 51.48 us (650.522 GFLOPS/s)
MUL_MAT f32 m=256 n=96 k=256: 16 x 2.2 us = 35.2 us (5708.33 GFLOPS/s)
MUL_MAT f32 m=64 n=384 k=64: 16 x 4.53 us = 72.48 us (688.996 GFLOPS/s)
MUL_MAT f32 m=64 n=64 k=64: 16 x 4.3 us = 68.8 us (120.975 GFLOPS/s)
MUL_MAT_ADD MUL_MAT_VEC q6_K m=5120 n=4 k=17408: 64 x 148.076 us = 9476.88 us (4815.16 GFLOPS/s)
MUL_MAT_ADD MUL_MAT_VEC q6_K m=5120 n=4 k=6144: 16 x 58.89 us = 942.24 us (4273.01 GFLOPS/s)
MUL_MAT_VEC f32 m=48 n=4 k=5120: 96 x 5.101 us = 489.76 us (385.342 GFLOPS/s)
MUL_MAT_VEC q6_K m=1024 n=4 k=5120: 32 x 9.238 us = 295.64 us (4539.46 GFLOPS/s)
MUL_MAT_VEC q6_K m=10240 n=4 k=5120: 48 x 89.615 us = 4301.56 us (4679.86 GFLOPS/s)
MUL_MAT_VEC q6_K m=12288 n=4 k=5120: 16 x 106.647 us = 1706.36 us (4718.98 GFLOPS/s)
MUL_MAT_VEC q6_K m=17408 n=4 k=5120: 128 x 149.406 us = 19124 us (4771.97 GFLOPS/s)
MUL_MAT_VEC q6_K m=248320 n=1 k=5120: 1 x 1644.2 us = 1644.2 us (1546.37 GFLOPS/s)
MUL_MAT_VEC q6_K m=6144 n=4 k=5120: 48 x 63.525 us = 3049.24 us (3961.12 GFLOPS/s)
MUL_MAT_VEC q8_0 m=5120 n=4 k=6144: 48 x 74.885 us = 3594.48 us (3360.32 GFLOPS/s)
RMS_NORM_MUL RMS_NORM(256,24,4,1): 16 x 3.115 us = 49.84 us
RMS_NORM_MUL RMS_NORM(256,4,4,1): 16 x 5.74 us = 91.84 us
RMS_NORM_MUL RMS_NORM(5120,4,1,1): 129 x 5.657 us = 729.8 us
RMS_NORM_MUL_SILU_MUL RMS_NORM(128,48,4,1): 48 x 6.245 us = 299.8 us
RMS_NORM_SCALE RMS_NORM(128,16,4,1): 96 x 2.342 us = 224.92 us
ROPE: 32 x 5.32 us = 170.24 us
SET_ROWS: 32 x 4.042 us = 129.36 us
SIGMOID_MUL SIGMOID: 16 x 3.055 us = 48.88 us
SSM_CONV_SILU SSM_CONV: 48 x 5.95 us = 285.64 us
Total time: 49640.2 us.
----------------
Vulkan Timings:
CONCAT: 1 x 4 us = 4 us
CONT: 1 x 3.64 us = 3.64 us
FLASH_ATTN_EXT dst(256,24,4,1),  q(256,4,24,1),  k(256,256,4,1),  v(256,256,4,1),  m(256,4,1,1): 1 x 20.04 us = 20.04 us (1255.78 GFLOPS/s)
GLU: 1 x 1.84 us = 1.84 us
MUL_MAT f32 m=256 n=16 k=256: 1 x 3.08 us = 3.08 us (679.564 GFLOPS/s)
MUL_MAT f32 m=256 n=96 k=256: 1 x 1.72 us = 1.72 us (7301.36 GFLOPS/s)
MUL_MAT f32 m=64 n=384 k=64: 1 x 3.32 us = 3.32 us (940.106 GFLOPS/s)
MUL_MAT f32 m=64 n=64 k=64: 1 x 1.88 us = 1.88 us (276.698 GFLOPS/s)
MUL_MAT_ADD MUL_MAT_VEC q6_K m=5120 n=4 k=17408: 1 x 135.64 us = 135.64 us (5256.64 GFLOPS/s)
MUL_MAT_ADD MUL_MAT_VEC q6_K m=5120 n=4 k=6144: 1 x 52.8 us = 52.8 us (4765.87 GFLOPS/s)
MUL_MAT_VEC q6_K m=1024 n=4 k=5120: 2 x 14.04 us = 28.08 us (2987.1 GFLOPS/s)
MUL_MAT_VEC q6_K m=12288 n=4 k=5120: 1 x 91.92 us = 91.92 us (5475.06 GFLOPS/s)
MUL_MAT_VEC q6_K m=17408 n=4 k=5120: 2 x 129.8 us = 259.6 us (5492.77 GFLOPS/s)
MUL_MAT_VEC q8_0 m=5120 n=4 k=10240: 1 x 105.48 us = 105.48 us (3976.2 GFLOPS/s)
RMS_NORM_MUL RMS_NORM(256,24,4,1): 1 x 3.36 us = 3.36 us
RMS_NORM_MUL RMS_NORM(256,4,4,1): 1 x 4.96 us = 4.96 us
RMS_NORM_MUL RMS_NORM(5120,4,1,1): 5 x 8.016 us = 40.08 us
ROPE: 2 x 3.4 us = 6.8 us
SET_ROWS: 2 x 2.6 us = 5.2 us
SIGMOID_MUL SIGMOID: 1 x 1.6 us = 1.6 us
Total time: 775.04 us.
0.15.452.359 I spec        begin: adaptive draft vocab: cumulative draft steps subset 0 / 0 (0.0000), switches 0
----------------
Vulkan Timings:
CONCAT: 1 x 3.6 us = 3.6 us
CONT: 1 x 3.52 us = 3.52 us
FLASH_ATTN_EXT dst(256,24,1,1),  q(256,1,24,1),  k(256,256,4,1),  v(256,256,4,1),  m(256,1,1,1): 1 x 15.32 us = 15.32 us (410.669 GFLOPS/s)
GET_ROWS: 2 x 4.22 us = 8.44 us
GLU: 1 x 1.64 us = 1.64 us
MUL_MAT f32 m=256 n=24 k=256: 1 x 1.52 us = 1.52 us (2065.52 GFLOPS/s)
MUL_MAT f32 m=64 n=16 k=64: 1 x 1.8 us = 1.8 us (72.2489 GFLOPS/s)
MUL_MAT f32 m=64 n=96 k=64: 1 x 3.24 us = 3.24 us (240.83 GFLOPS/s)
MUL_MAT_ADD MUL_MAT_VEC q6_K m=5120 n=1 k=17408: 1 x 123.24 us = 123.24 us (1446.39 GFLOPS/s)
MUL_MAT_ADD MUL_MAT_VEC q6_K m=5120 n=1 k=6144: 1 x 45.36 us = 45.36 us (1386.89 GFLOPS/s)
MUL_MAT_VEC f32 m=256 n=4 k=256: 1 x 3 us = 3 us (174.421 GFLOPS/s)
MUL_MAT_VEC q6_K m=1024 n=1 k=5120: 2 x 9.36 us = 18.72 us (1120.16 GFLOPS/s)
MUL_MAT_VEC q6_K m=12288 n=1 k=5120: 1 x 510.32 us = 510.32 us (246.545 GFLOPS/s)
MUL_MAT_VEC q6_K m=17408 n=1 k=5120: 2 x 121.3 us = 242.6 us (1469.42 GFLOPS/s)
MUL_MAT_VEC q6_K m=98304 n=1 k=5120: 1 x 670.33 us = 670.33 us (1501.55 GFLOPS/s)
MUL_MAT_VEC q8_0 m=5120 n=1 k=10240: 1 x 717.64 us = 717.64 us (146.107 GFLOPS/s)
PAD: 1 x 7.08 us = 7.08 us
RMS_NORM_MUL RMS_NORM(256,24,1,1): 1 x 3.24 us = 3.24 us
RMS_NORM_MUL RMS_NORM(256,4,1,1): 1 x 4.88 us = 4.88 us
RMS_NORM_MUL RMS_NORM(5120,1,1,1): 5 x 4.736 us = 23.68 us
ROPE: 2 x 3.32 us = 6.64 us
SET_ROWS: 2 x 1.82 us = 3.64 us
SIGMOID_MUL SIGMOID: 1 x 1.6 us = 1.6 us
TOP_K K=10 (98304,1,1,1): 1 x 8.8 us = 8.8 us
Total time: 2429.85 us.
----------------
Vulkan Timings:
CONCAT: 1 x 3.76 us = 3.76 us
CONT: 1 x 3.6 us = 3.6 us
FLASH_ATTN_EXT dst(256,24,1,1),  q(256,1,24,1),  k(256,256,4,1),  v(256,256,4,1),  m(256,1,1,1): 1 x 12.92 us = 12.92 us (486.955 GFLOPS/s)
GET_ROWS: 2 x 4.16 us = 8.32 us
GLU: 1 x 1.88 us = 1.88 us
MUL_MAT f32 m=256 n=24 k=256: 1 x 1.68 us = 1.68 us (1868.8 GFLOPS/s)
MUL_MAT f32 m=64 n=16 k=64: 1 x 3.6 us = 3.6 us (36.1244 GFLOPS/s)
MUL_MAT f32 m=64 n=96 k=64: 1 x 3.64 us = 3.64 us (214.365 GFLOPS/s)
MUL_MAT_ADD MUL_MAT_VEC q6_K m=5120 n=1 k=17408: 1 x 123.52 us = 123.52 us (1443.11 GFLOPS/s)
MUL_MAT_ADD MUL_MAT_VEC q6_K m=5120 n=1 k=6144: 1 x 54.72 us = 54.72 us (1149.66 GFLOPS/s)
MUL_MAT_VEC f32 m=256 n=4 k=256: 1 x 3.04 us = 3.04 us (172.126 GFLOPS/s)
MUL_MAT_VEC q6_K m=1024 n=1 k=5120: 2 x 9.36 us = 18.72 us (1120.16 GFLOPS/s)
MUL_MAT_VEC q6_K m=12288 n=1 k=5120: 1 x 86.04 us = 86.04 us (1462.31 GFLOPS/s)
MUL_MAT_VEC q6_K m=17408 n=1 k=5120: 2 x 121.2 us = 242.4 us (1470.63 GFLOPS/s)
MUL_MAT_VEC q6_K m=98304 n=1 k=5120: 1 x 671.39 us = 671.39 us (1499.18 GFLOPS/s)
MUL_MAT_VEC q8_0 m=5120 n=1 k=10240: 1 x 106.52 us = 106.52 us (984.345 GFLOPS/s)
PAD: 1 x 6.36 us = 6.36 us
RMS_NORM_MUL RMS_NORM(256,24,1,1): 1 x 3.6 us = 3.6 us
RMS_NORM_MUL RMS_NORM(256,4,1,1): 1 x 3.56 us = 3.56 us
RMS_NORM_MUL RMS_NORM(5120,1,1,1): 5 x 3.728 us = 18.64 us
ROPE: 2 x 3.56 us = 7.12 us
SET_ROWS: 2 x 2.64 us = 5.28 us
SIGMOID_MUL SIGMOID: 1 x 1.68 us = 1.68 us
TOP_K K=10 (98304,1,1,1): 1 x 8.88 us = 8.88 us
Total time: 1400.87 us.
----------------
Vulkan Timings:
CONCAT: 1 x 4 us = 4 us
CONT: 1 x 3.6 us = 3.6 us
FLASH_ATTN_EXT dst(256,24,1,1),  q(256,1,24,1),  k(256,256,4,1),  v(256,256,4,1),  m(256,1,1,1): 1 x 12.76 us = 12.76 us (493.061 GFLOPS/s)
GET_ROWS: 2 x 4.18 us = 8.36 us
GLU: 1 x 1.84 us = 1.84 us
MUL_MAT f32 m=256 n=24 k=256: 1 x 1.64 us = 1.64 us (1914.38 GFLOPS/s)
MUL_MAT f32 m=64 n=16 k=64: 1 x 3.6 us = 3.6 us (36.1244 GFLOPS/s)
MUL_MAT f32 m=64 n=96 k=64: 1 x 3.56 us = 3.56 us (219.182 GFLOPS/s)
MUL_MAT_ADD MUL_MAT_VEC q6_K m=5120 n=1 k=17408: 1 x 123.68 us = 123.68 us (1441.24 GFLOPS/s)
MUL_MAT_ADD MUL_MAT_VEC q6_K m=5120 n=1 k=6144: 1 x 53.56 us = 53.56 us (1174.56 GFLOPS/s)
MUL_MAT_VEC f32 m=256 n=4 k=256: 1 x 3.04 us = 3.04 us (172.126 GFLOPS/s)
MUL_MAT_VEC q6_K m=1024 n=1 k=5120: 2 x 9.24 us = 18.48 us (1134.71 GFLOPS/s)
MUL_MAT_VEC q6_K m=12288 n=1 k=5120: 1 x 85.68 us = 85.68 us (1468.45 GFLOPS/s)
MUL_MAT_VEC q6_K m=17408 n=1 k=5120: 2 x 121.24 us = 242.48 us (1470.15 GFLOPS/s)
MUL_MAT_VEC q6_K m=98304 n=1 k=5120: 1 x 672 us = 672 us (1497.82 GFLOPS/s)
MUL_MAT_VEC q8_0 m=5120 n=1 k=10240: 1 x 102.12 us = 102.12 us (1026.76 GFLOPS/s)
PAD: 1 x 6.32 us = 6.32 us
RMS_NORM_MUL RMS_NORM(256,24,1,1): 1 x 3.6 us = 3.6 us
RMS_NORM_MUL RMS_NORM(256,4,1,1): 1 x 3.6 us = 3.6 us
RMS_NORM_MUL RMS_NORM(5120,1,1,1): 5 x 3.736 us = 18.68 us
ROPE: 2 x 3.6 us = 7.2 us
SET_ROWS: 2 x 2.64 us = 5.28 us
SIGMOID_MUL SIGMOID: 1 x 1.68 us = 1.68 us
TOP_K K=10 (98304,1,1,1): 1 x 9.12 us = 9.12 us
Total time: 1395.88 us.
----------------
Vulkan Timings:
CONCAT: 1 x 3.72 us = 3.72 us
CONT: 1 x 3.64 us = 3.64 us
FLASH_ATTN_EXT dst(256,24,1,1),  q(256,1,24,1),  k(256,256,4,1),  v(256,256,4,1),  m(256,1,1,1): 1 x 12.64 us = 12.64 us (497.742 GFLOPS/s)
GET_ROWS: 2 x 4.24 us = 8.48 us
GLU: 1 x 1.8 us = 1.8 us
MUL_MAT f32 m=256 n=24 k=256: 1 x 1.64 us = 1.64 us (1914.38 GFLOPS/s)
MUL_MAT f32 m=64 n=16 k=64: 1 x 3.6 us = 3.6 us (36.1244 GFLOPS/s)
MUL_MAT f32 m=64 n=96 k=64: 1 x 3.6 us = 3.6 us (216.747 GFLOPS/s)
MUL_MAT_ADD MUL_MAT_VEC q6_K m=5120 n=1 k=17408: 1 x 123.28 us = 123.28 us (1445.92 GFLOPS/s)
MUL_MAT_ADD MUL_MAT_VEC q6_K m=5120 n=1 k=6144: 1 x 53.64 us = 53.64 us (1172.81 GFLOPS/s)
MUL_MAT_VEC f32 m=256 n=4 k=256: 1 x 3.04 us = 3.04 us (172.126 GFLOPS/s)
MUL_MAT_VEC q6_K m=1024 n=1 k=5120: 2 x 9.16 us = 18.32 us (1144.62 GFLOPS/s)
MUL_MAT_VEC q6_K m=12288 n=1 k=5120: 1 x 85.96 us = 85.96 us (1463.67 GFLOPS/s)
MUL_MAT_VEC q6_K m=17408 n=1 k=5120: 2 x 121.46 us = 242.92 us (1467.48 GFLOPS/s)
MUL_MAT_VEC q6_K m=98304 n=1 k=5120: 1 x 669.88 us = 669.88 us (1502.56 GFLOPS/s)
MUL_MAT_VEC q8_0 m=5120 n=1 k=10240: 1 x 101.64 us = 101.64 us (1031.61 GFLOPS/s)
PAD: 1 x 6.08 us = 6.08 us
RMS_NORM_MUL RMS_NORM(256,24,1,1): 1 x 3.6 us = 3.6 us
RMS_NORM_MUL RMS_NORM(256,4,1,1): 1 x 3.6 us = 3.6 us
RMS_NORM_MUL RMS_NORM(5120,1,1,1): 5 x 3.728 us = 18.64 us
ROPE: 2 x 3.54 us = 7.08 us
SET_ROWS: 2 x 2.64 us = 5.28 us
SIGMOID_MUL SIGMOID: 1 x 1.68 us = 1.68 us
TOP_K K=10 (98304,1,1,1): 1 x 9.04 us = 9.04 us
Total time: 1392.8 us.
----------------
Vulkan Timings:
ADD: 48 x 3.288 us = 157.84 us
CONCAT: 48 x 2.565 us = 123.16 us
CONT: 16 x 4.285 us = 68.56 us
CPY: 240 x 3.182 us = 763.88 us
FLASH_ATTN_EXT dst(256,24,5,1),  q(256,5,24,1),  k(256,256,4,1),  v(256,256,4,1),  m(256,5,1,1): 16 x 23.942 us = 383.08 us (1313.87 GFLOPS/s)
GDN_CACHE GATED_DELTA_NET: 48 x 15.066 us = 723.2 us
GET_ROWS: 50 x 26.515 us = 1325.76 us
GLU: 64 x 2.241 us = 143.44 us
MUL_MAT f32 m=256 n=120 k=256: 16 x 2.22 us = 35.52 us (7071.14 GFLOPS/s)
MUL_MAT f32 m=256 n=20 k=256: 16 x 4.132 us = 66.12 us (633.108 GFLOPS/s)
MUL_MAT f32 m=64 n=480 k=64: 16 x 4.837 us = 77.4 us (806.499 GFLOPS/s)
MUL_MAT f32 m=64 n=80 k=64: 16 x 3.422 us = 54.76 us (189.99 GFLOPS/s)
MUL_MAT_ADD MUL_MAT_VEC q6_K m=5120 n=5 k=17408: 64 x 160.137 us = 10248.8 us (5565.62 GFLOPS/s)
MUL_MAT_ADD MUL_MAT_VEC q6_K m=5120 n=5 k=6144: 16 x 64.127 us = 1026.04 us (4905.03 GFLOPS/s)
MUL_MAT_VEC f32 m=48 n=5 k=5120: 96 x 4.964 us = 476.6 us (494.978 GFLOPS/s)
MUL_MAT_VEC q6_K m=1024 n=5 k=5120: 32 x 11.362 us = 363.6 us (4613.75 GFLOPS/s)
MUL_MAT_VEC q6_K m=10240 n=5 k=5120: 48 x 95.4 us = 4579.2 us (5495.14 GFLOPS/s)
MUL_MAT_VEC q6_K m=12288 n=5 k=5120: 16 x 121.015 us = 1936.24 us (5198.4 GFLOPS/s)
MUL_MAT_VEC q6_K m=17408 n=5 k=5120: 128 x 160.79 us = 20581.2 us (5542.64 GFLOPS/s)
MUL_MAT_VEC q6_K m=248320 n=5 k=5120: 1 x 1743.88 us = 1743.88 us (7289.92 GFLOPS/s)
MUL_MAT_VEC q6_K m=6144 n=5 k=5120: 48 x 62.691 us = 3009.2 us (5017.29 GFLOPS/s)
MUL_MAT_VEC q8_0 m=5120 n=5 k=6144: 48 x 71.388 us = 3426.64 us (4406.14 GFLOPS/s)
RMS_NORM_MUL RMS_NORM(256,24,5,1): 16 x 3.707 us = 59.32 us
RMS_NORM_MUL RMS_NORM(256,4,5,1): 16 x 5.242 us = 83.88 us
RMS_NORM_MUL RMS_NORM(5120,5,1,1): 129 x 3.962 us = 511.16 us
RMS_NORM_MUL_SILU_MUL RMS_NORM(128,48,5,1): 48 x 5.845 us = 280.6 us
RMS_NORM_SCALE RMS_NORM(128,16,5,1): 96 x 2.717 us = 260.92 us
ROPE: 32 x 5.233 us = 167.48 us
SET_ROWS: 32 x 3.396 us = 108.68 us
SIGMOID_MUL SIGMOID: 16 x 3.277 us = 52.44 us
SSM_CONV_SILU SSM_CONV: 48 x 5.87 us = 281.76 us
Total time: 53120.3 us.
----------------
Vulkan Timings:
CONCAT: 1 x 1.96 us = 1.96 us
CONT: 1 x 3.68 us = 3.68 us
FLASH_ATTN_EXT dst(256,24,5,1),  q(256,5,24,1),  k(256,256,4,1),  v(256,256,4,1),  m(256,5,1,1): 1 x 21.16 us = 21.16 us (1486.64 GFLOPS/s)
GLU: 1 x 1.76 us = 1.76 us
MUL_MAT f32 m=256 n=120 k=256: 1 x 1.72 us = 1.72 us (9126.7 GFLOPS/s)
MUL_MAT f32 m=256 n=20 k=256: 1 x 3.08 us = 3.08 us (849.455 GFLOPS/s)
MUL_MAT f32 m=64 n=480 k=64: 1 x 3.68 us = 3.68 us (1060.17 GFLOPS/s)
MUL_MAT f32 m=64 n=80 k=64: 1 x 3.68 us = 3.68 us (176.696 GFLOPS/s)
MUL_MAT_ADD MUL_MAT_VEC q6_K m=5120 n=5 k=17408: 1 x 155 us = 155 us (5750.09 GFLOPS/s)
MUL_MAT_ADD MUL_MAT_VEC q6_K m=5120 n=5 k=6144: 1 x 60.92 us = 60.92 us (5163.28 GFLOPS/s)
MUL_MAT_VEC q6_K m=1024 n=5 k=5120: 2 x 10.88 us = 21.76 us (4818.35 GFLOPS/s)
MUL_MAT_VEC q6_K m=12288 n=5 k=5120: 1 x 116.29 us = 116.29 us (5409.62 GFLOPS/s)
MUL_MAT_VEC q6_K m=17408 n=5 k=5120: 2 x 133.24 us = 266.48 us (6688.7 GFLOPS/s)
MUL_MAT_VEC q8_0 m=5120 n=5 k=10240: 1 x 106.6 us = 106.6 us (4918.03 GFLOPS/s)
RMS_NORM_MUL RMS_NORM(256,24,5,1): 1 x 3.76 us = 3.76 us
RMS_NORM_MUL RMS_NORM(256,4,5,1): 1 x 3.68 us = 3.68 us
RMS_NORM_MUL RMS_NORM(5120,5,1,1): 5 x 8.332 us = 41.66 us
ROPE: 2 x 3.68 us = 7.36 us
SET_ROWS: 2 x 2.76 us = 5.52 us
SIGMOID_MUL SIGMOID: 1 x 1.72 us = 1.72 us
Total time: 831.47 us.
----------------
Vulkan Timings:
CONCAT: 1 x 3.68 us = 3.68 us
CONT: 1 x 3.52 us = 3.52 us
FLASH_ATTN_EXT dst(256,24,1,1),  q(256,1,24,1),  k(256,256,4,1),  v(256,256,4,1),  m(256,1,1,1): 1 x 12.4 us = 12.4 us (507.375 GFLOPS/s)
GET_ROWS: 2 x 4.42 us = 8.84 us
GLU: 1 x 1.68 us = 1.68 us
MUL_MAT f32 m=256 n=24 k=256: 1 x 1.56 us = 1.56 us (2012.55 GFLOPS/s)
MUL_MAT f32 m=64 n=16 k=64: 1 x 1.8 us = 1.8 us (72.2489 GFLOPS/s)
MUL_MAT f32 m=64 n=96 k=64: 1 x 3.16 us = 3.16 us (246.927 GFLOPS/s)
MUL_MAT_ADD MUL_MAT_VEC q6_K m=5120 n=1 k=17408: 1 x 130.4 us = 130.4 us (1366.97 GFLOPS/s)
MUL_MAT_ADD MUL_MAT_VEC q6_K m=5120 n=1 k=6144: 1 x 53.72 us = 53.72 us (1171.06 GFLOPS/s)
MUL_MAT_VEC f32 m=256 n=4 k=256: 1 x 3 us = 3 us (174.421 GFLOPS/s)
MUL_MAT_VEC q6_K m=1024 n=1 k=5120: 2 x 9.2 us = 18.4 us (1139.65 GFLOPS/s)
MUL_MAT_VEC q6_K m=12288 n=1 k=5120: 1 x 89.92 us = 89.92 us (1399.21 GFLOPS/s)
MUL_MAT_VEC q6_K m=17408 n=1 k=5120: 2 x 118.14 us = 236.28 us (1508.72 GFLOPS/s)
MUL_MAT_VEC q6_K m=98304 n=1 k=5120: 1 x 670.51 us = 670.51 us (1501.15 GFLOPS/s)
MUL_MAT_VEC q8_0 m=5120 n=1 k=10240: 1 x 93.96 us = 93.96 us (1115.93 GFLOPS/s)
PAD: 1 x 6.52 us = 6.52 us
RMS_NORM_MUL RMS_NORM(256,24,1,1): 1 x 3.2 us = 3.2 us
RMS_NORM_MUL RMS_NORM(256,4,1,1): 1 x 4.8 us = 4.8 us
RMS_NORM_MUL RMS_NORM(5120,1,1,1): 5 x 4.064 us = 20.32 us
ROPE: 2 x 3.32 us = 6.64 us
SET_ROWS: 2 x 2.6 us = 5.2 us
SIGMOID_MUL SIGMOID: 1 x 1.52 us = 1.52 us
TOP_K K=10 (98304,1,1,1): 1 x 8.64 us = 8.64 us
Total time: 1389.67 us.
----------------
Vulkan Timings:
CONCAT: 1 x 3.72 us = 3.72 us
CONT: 1 x 3.6 us = 3.6 us
FLASH_ATTN_EXT dst(256,24,1,1),  q(256,1,24,1),  k(256,256,4,1),  v(256,256,4,1),  m(256,1,1,1): 1 x 12.8 us = 12.8 us (491.52 GFLOPS/s)
GET_ROWS: 2 x 4.32 us = 8.64 us
GLU: 1 x 1.8 us = 1.8 us
MUL_MAT f32 m=256 n=24 k=256: 1 x 1.64 us = 1.64 us (1914.38 GFLOPS/s)
MUL_MAT f32 m=64 n=16 k=64: 1 x 3.68 us = 3.68 us (35.3391 GFLOPS/s)
MUL_MAT f32 m=64 n=96 k=64: 1 x 3.64 us = 3.64 us (214.365 GFLOPS/s)
MUL_MAT_ADD MUL_MAT_VEC q6_K m=5120 n=1 k=17408: 1 x 123.88 us = 123.88 us (1438.92 GFLOPS/s)
MUL_MAT_ADD MUL_MAT_VEC q6_K m=5120 n=1 k=6144: 1 x 53.4 us = 53.4 us (1178.08 GFLOPS/s)
MUL_MAT_VEC f32 m=256 n=4 k=256: 1 x 3.04 us = 3.04 us (172.126 GFLOPS/s)
MUL_MAT_VEC q6_K m=1024 n=1 k=5120: 2 x 9.08 us = 18.16 us (1154.71 GFLOPS/s)
MUL_MAT_VEC q6_K m=12288 n=1 k=5120: 1 x 85.84 us = 85.84 us (1465.71 GFLOPS/s)
MUL_MAT_VEC q6_K m=17408 n=1 k=5120: 2 x 121.22 us = 242.44 us (1470.39 GFLOPS/s)
MUL_MAT_VEC q6_K m=98304 n=1 k=5120: 1 x 669.95 us = 669.95 us (1502.4 GFLOPS/s)
MUL_MAT_VEC q8_0 m=5120 n=1 k=10240: 1 x 101.4 us = 101.4 us (1034.05 GFLOPS/s)
PAD: 1 x 6.56 us = 6.56 us
RMS_NORM_MUL RMS_NORM(256,24,1,1): 1 x 3.64 us = 3.64 us
RMS_NORM_MUL RMS_NORM(256,4,1,1): 1 x 3.6 us = 3.6 us
RMS_NORM_MUL RMS_NORM(5120,1,1,1): 5 x 3.704 us = 18.52 us
ROPE: 2 x 3.6 us = 7.2 us
SET_ROWS: 2 x 2.62 us = 5.24 us
SIGMOID_MUL SIGMOID: 1 x 1.68 us = 1.68 us
TOP_K K=10 (98304,1,1,1): 1 x 8.76 us = 8.76 us
Total time: 1392.83 us.
----------------
Vulkan Timings:
CONCAT: 1 x 4.72 us = 4.72 us
CONT: 1 x 3.64 us = 3.64 us
FLASH_ATTN_EXT dst(256,24,1,1),  q(256,1,24,1),  k(256,256,4,1),  v(256,256,4,1),  m(256,1,1,1): 1 x 12.96 us = 12.96 us (485.452 GFLOPS/s)
GET_ROWS: 2 x 4.18 us = 8.36 us
GLU: 1 x 1.84 us = 1.84 us
MUL_MAT f32 m=256 n=24 k=256: 1 x 1.6 us = 1.6 us (1962.24 GFLOPS/s)
MUL_MAT f32 m=64 n=16 k=64: 1 x 3.6 us = 3.6 us (36.1244 GFLOPS/s)
MUL_MAT f32 m=64 n=96 k=64: 1 x 3.64 us = 3.64 us (214.365 GFLOPS/s)
MUL_MAT_ADD MUL_MAT_VEC q6_K m=5120 n=1 k=17408: 1 x 124.32 us = 124.32 us (1433.82 GFLOPS/s)
MUL_MAT_ADD MUL_MAT_VEC q6_K m=5120 n=1 k=6144: 1 x 53.44 us = 53.44 us (1177.2 GFLOPS/s)
MUL_MAT_VEC f32 m=256 n=4 k=256: 1 x 3.04 us = 3.04 us (172.126 GFLOPS/s)
MUL_MAT_VEC q6_K m=1024 n=1 k=5120: 2 x 9.26 us = 18.52 us (1132.26 GFLOPS/s)
MUL_MAT_VEC q6_K m=12288 n=1 k=5120: 1 x 85.44 us = 85.44 us (1472.58 GFLOPS/s)
MUL_MAT_VEC q6_K m=17408 n=1 k=5120: 2 x 121.62 us = 243.24 us (1465.55 GFLOPS/s)
MUL_MAT_VEC q6_K m=98304 n=1 k=5120: 1 x 670.23 us = 670.23 us (1501.77 GFLOPS/s)
MUL_MAT_VEC q8_0 m=5120 n=1 k=10240: 1 x 100.52 us = 100.52 us (1043.1 GFLOPS/s)
PAD: 1 x 6.36 us = 6.36 us
RMS_NORM_MUL RMS_NORM(256,24,1,1): 1 x 3.6 us = 3.6 us
RMS_NORM_MUL RMS_NORM(256,4,1,1): 1 x 3.6 us = 3.6 us
RMS_NORM_MUL RMS_NORM(5120,1,1,1): 5 x 3.736 us = 18.68 us
ROPE: 2 x 3.56 us = 7.12 us
SET_ROWS: 2 x 2.62 us = 5.24 us
SIGMOID_MUL SIGMOID: 1 x 1.68 us = 1.68 us
TOP_K K=10 (98304,1,1,1): 1 x 9.12 us = 9.12 us
Total time: 1394.51 us.
----------------
Vulkan Timings:
CONCAT: 1 x 3.8 us = 3.8 us
CONT: 1 x 3.6 us = 3.6 us
FLASH_ATTN_EXT dst(256,24,1,1),  q(256,1,24,1),  k(256,256,4,1),  v(256,256,4,1),  m(256,1,1,1): 1 x 15.2 us = 15.2 us (413.912 GFLOPS/s)
GET_ROWS: 2 x 4.2 us = 8.4 us
GLU: 1 x 1.8 us = 1.8 us
MUL_MAT f32 m=256 n=24 k=256: 1 x 1.68 us = 1.68 us (1868.8 GFLOPS/s)
MUL_MAT f32 m=64 n=16 k=64: 1 x 3.6 us = 3.6 us (36.1244 GFLOPS/s)
MUL_MAT f32 m=64 n=96 k=64: 1 x 3.56 us = 3.56 us (219.182 GFLOPS/s)
MUL_MAT_ADD MUL_MAT_VEC q6_K m=5120 n=1 k=17408: 1 x 123.92 us = 123.92 us (1438.45 GFLOPS/s)
MUL_MAT_ADD MUL_MAT_VEC q6_K m=5120 n=1 k=6144: 1 x 53.48 us = 53.48 us (1176.32 GFLOPS/s)
MUL_MAT_VEC f32 m=256 n=4 k=256: 1 x 3 us = 3 us (174.421 GFLOPS/s)
MUL_MAT_VEC q6_K m=1024 n=1 k=5120: 2 x 9.08 us = 18.16 us (1154.71 GFLOPS/s)
MUL_MAT_VEC q6_K m=12288 n=1 k=5120: 1 x 85.32 us = 85.32 us (1474.65 GFLOPS/s)
MUL_MAT_VEC q6_K m=17408 n=1 k=5120: 2 x 121.14 us = 242.28 us (1471.36 GFLOPS/s)
MUL_MAT_VEC q6_K m=98304 n=1 k=5120: 1 x 669.84 us = 669.84 us (1502.65 GFLOPS/s)
MUL_MAT_VEC q8_0 m=5120 n=1 k=10240: 1 x 100.88 us = 100.88 us (1039.38 GFLOPS/s)
PAD: 1 x 6.32 us = 6.32 us
RMS_NORM_MUL RMS_NORM(256,24,1,1): 1 x 3.56 us = 3.56 us
RMS_NORM_MUL RMS_NORM(256,4,1,1): 1 x 3.56 us = 3.56 us
RMS_NORM_MUL RMS_NORM(5120,1,1,1): 5 x 3.696 us = 18.48 us
ROPE: 2 x 3.6 us = 7.2 us
SET_ROWS: 2 x 1.82 us = 3.64 us
SIGMOID_MUL SIGMOID: 1 x 1.68 us = 1.68 us
TOP_K K=10 (98304,1,1,1): 1 x 9.04 us = 9.04 us
Total time: 1392 us.
----------------
Vulkan Timings:
ADD: 48 x 3.785 us = 181.72 us
CONCAT: 48 x 2.402 us = 115.32 us
CONT: 16 x 3.842 us = 61.48 us
CPY: 240 x 2.229 us = 535.16 us
FLASH_ATTN_EXT dst(256,24,5,1),  q(256,5,24,1),  k(256,256,4,1),  v(256,256,4,1),  m(256,5,1,1): 16 x 21.042 us = 336.68 us (1494.94 GFLOPS/s)
GDN_CACHE GATED_DELTA_NET: 48 x 13.861 us = 665.36 us
GET_ROWS: 50 x 25.357 us = 1267.88 us
GLU: 64 x 1.841 us = 117.88 us
MUL_MAT f32 m=256 n=120 k=256: 16 x 1.842 us = 29.48 us (8519.9 GFLOPS/s)
MUL_MAT f32 m=256 n=20 k=256: 16 x 3 us = 48 us (872.107 GFLOPS/s)
MUL_MAT f32 m=64 n=480 k=64: 16 x 3.647 us = 58.36 us (1069.62 GFLOPS/s)
MUL_MAT f32 m=64 n=80 k=64: 16 x 3.202 us = 51.24 us (203.041 GFLOPS/s)
MUL_MAT_ADD MUL_MAT_VEC q6_K m=5120 n=5 k=17408: 64 x 136.783 us = 8754.16 us (6515.86 GFLOPS/s)
MUL_MAT_ADD MUL_MAT_VEC q6_K m=5120 n=5 k=6144: 16 x 55.802 us = 892.84 us (5636.79 GFLOPS/s)
MUL_MAT_VEC f32 m=48 n=5 k=5120: 96 x 3.492 us = 335.28 us (703.611 GFLOPS/s)
MUL_MAT_VEC q6_K m=1024 n=5 k=5120: 32 x 10.245 us = 327.84 us (5117 GFLOPS/s)
MUL_MAT_VEC q6_K m=10240 n=5 k=5120: 48 x 81.48 us = 3911.08 us (6433.87 GFLOPS/s)
MUL_MAT_VEC q6_K m=12288 n=5 k=5120: 16 x 102.31 us = 1636.96 us (6148.8 GFLOPS/s)
MUL_MAT_VEC q6_K m=17408 n=5 k=5120: 128 x 142.18 us = 18199.1 us (6268.12 GFLOPS/s)
MUL_MAT_VEC q6_K m=248320 n=5 k=5120: 1 x 1739 us = 1739 us (7310.38 GFLOPS/s)
MUL_MAT_VEC q6_K m=6144 n=5 k=5120: 48 x 53.797 us = 2582.28 us (5846.78 GFLOPS/s)
MUL_MAT_VEC q8_0 m=5120 n=5 k=6144: 48 x 63.205 us = 3033.88 us (4976.55 GFLOPS/s)
RMS_NORM_MUL RMS_NORM(256,24,5,1): 16 x 4.105 us = 65.68 us
RMS_NORM_MUL RMS_NORM(256,4,5,1): 16 x 4.527 us = 72.44 us
RMS_NORM_MUL RMS_NORM(5120,5,1,1): 129 x 2.71 us = 349.68 us
RMS_NORM_MUL_SILU_MUL RMS_NORM(128,48,5,1): 48 x 5.711 us = 274.16 us
RMS_NORM_SCALE RMS_NORM(128,16,5,1): 96 x 2.68 us = 257.28 us
ROPE: 32 x 3.872 us = 123.92 us
SET_ROWS: 32 x 3.068 us = 98.2 us
SIGMOID_MUL SIGMOID: 16 x 1.702 us = 27.24 us
SSM_CONV_SILU SSM_CONV: 48 x 5.741 us = 275.6 us
Total time: 46425.2 us.
----------------
Vulkan Timings:
CONCAT: 1 x 3.96 us = 3.96 us
CONT: 1 x 3.64 us = 3.64 us
FLASH_ATTN_EXT dst(256,24,5,1),  q(256,5,24,1),  k(256,256,4,1),  v(256,256,4,1),  m(256,5,1,1): 1 x 20.84 us = 20.84 us (1509.47 GFLOPS/s)
GLU: 1 x 1.68 us = 1.68 us
MUL_MAT f32 m=256 n=120 k=256: 1 x 1.68 us = 1.68 us (9344 GFLOPS/s)
MUL_MAT f32 m=256 n=20 k=256: 1 x 3.04 us = 3.04 us (860.632 GFLOPS/s)
MUL_MAT f32 m=64 n=480 k=64: 1 x 3.64 us = 3.64 us (1071.82 GFLOPS/s)
MUL_MAT f32 m=64 n=80 k=64: 1 x 3.64 us = 3.64 us (178.637 GFLOPS/s)
MUL_MAT_ADD MUL_MAT_VEC q6_K m=5120 n=5 k=17408: 1 x 154.65 us = 154.65 us (5763.1 GFLOPS/s)
MUL_MAT_ADD MUL_MAT_VEC q6_K m=5120 n=5 k=6144: 1 x 61.36 us = 61.36 us (5126.26 GFLOPS/s)
MUL_MAT_VEC q6_K m=1024 n=5 k=5120: 2 x 10.82 us = 21.64 us (4845.07 GFLOPS/s)
MUL_MAT_VEC q6_K m=12288 n=5 k=5120: 1 x 114.98 us = 114.98 us (5471.25 GFLOPS/s)
MUL_MAT_VEC q6_K m=17408 n=5 k=5120: 2 x 134.02 us = 268.04 us (6649.77 GFLOPS/s)
MUL_MAT_VEC q8_0 m=5120 n=5 k=10240: 1 x 104.28 us = 104.28 us (5027.45 GFLOPS/s)
RMS_NORM_MUL RMS_NORM(256,24,5,1): 1 x 3.8 us = 3.8 us
RMS_NORM_MUL RMS_NORM(256,4,5,1): 1 x 3.6 us = 3.6 us
RMS_NORM_MUL RMS_NORM(5120,5,1,1): 5 x 7.552 us = 37.76 us
ROPE: 2 x 3.62 us = 7.24 us
SET_ROWS: 2 x 2.62 us = 5.24 us
SIGMOID_MUL SIGMOID: 1 x 1.72 us = 1.72 us
Total time: 826.43 us.
----------------
Vulkan Timings:
CONCAT: 1 x 3.64 us = 3.64 us
CONT: 1 x 3.48 us = 3.48 us
FLASH_ATTN_EXT dst(256,24,1,1),  q(256,1,24,1),  k(256,256,4,1),  v(256,256,4,1),  m(256,1,1,1): 1 x 12.48 us = 12.48 us (504.123 GFLOPS/s)
GET_ROWS: 2 x 4.3 us = 8.6 us
GLU: 1 x 1.64 us = 1.64 us
MUL_MAT f32 m=256 n=24 k=256: 1 x 1.48 us = 1.48 us (2121.34 GFLOPS/s)
MUL_MAT f32 m=64 n=16 k=64: 1 x 1.8 us = 1.8 us (72.2489 GFLOPS/s)
MUL_MAT f32 m=64 n=96 k=64: 1 x 3.16 us = 3.16 us (246.927 GFLOPS/s)
MUL_MAT_ADD MUL_MAT_VEC q6_K m=5120 n=1 k=17408: 1 x 129.44 us = 129.44 us (1377.11 GFLOPS/s)
MUL_MAT_ADD MUL_MAT_VEC q6_K m=5120 n=1 k=6144: 1 x 53.56 us = 53.56 us (1174.56 GFLOPS/s)
MUL_MAT_VEC f32 m=256 n=4 k=256: 1 x 3.04 us = 3.04 us (172.126 GFLOPS/s)
MUL_MAT_VEC q6_K m=1024 n=1 k=5120: 2 x 9.3 us = 18.6 us (1127.39 GFLOPS/s)
MUL_MAT_VEC q6_K m=12288 n=1 k=5120: 1 x 89.76 us = 89.76 us (1401.7 GFLOPS/s)
MUL_MAT_VEC q6_K m=17408 n=1 k=5120: 2 x 118.28 us = 236.56 us (1506.94 GFLOPS/s)
MUL_MAT_VEC q6_K m=98304 n=1 k=5120: 1 x 676.87 us = 676.87 us (1487.04 GFLOPS/s)
MUL_MAT_VEC q8_0 m=5120 n=1 k=10240: 1 x 91 us = 91 us (1152.23 GFLOPS/s)
PAD: 1 x 6.36 us = 6.36 us
RMS_NORM_MUL RMS_NORM(256,24,1,1): 1 x 3.24 us = 3.24 us
RMS_NORM_MUL RMS_NORM(256,4,1,1): 1 x 4.84 us = 4.84 us
RMS_NORM_MUL RMS_NORM(5120,1,1,1): 5 x 4.392 us = 21.96 us
ROPE: 2 x 3.32 us = 6.64 us
SET_ROWS: 2 x 2.58 us = 5.16 us
SIGMOID_MUL SIGMOID: 1 x 1.56 us = 1.56 us
TOP_K K=10 (98304,1,1,1): 1 x 9.2 us = 9.2 us
Total time: 1394.07 us.
----------------
Vulkan Timings:
CONCAT: 1 x 3.72 us = 3.72 us
CONT: 1 x 3.6 us = 3.6 us
FLASH_ATTN_EXT dst(256,24,1,1),  q(256,1,24,1),  k(256,256,4,1),  v(256,256,4,1),  m(256,1,1,1): 1 x 12.92 us = 12.92 us (486.955 GFLOPS/s)
GET_ROWS: 2 x 4.2 us = 8.4 us
GLU: 1 x 1.72 us = 1.72 us
MUL_MAT f32 m=256 n=24 k=256: 1 x 1.64 us = 1.64 us (1914.38 GFLOPS/s)
MUL_MAT f32 m=64 n=16 k=64: 1 x 3.64 us = 3.64 us (35.7275 GFLOPS/s)
MUL_MAT f32 m=64 n=96 k=64: 1 x 3.64 us = 3.64 us (214.365 GFLOPS/s)
MUL_MAT_ADD MUL_MAT_VEC q6_K m=5120 n=1 k=17408: 1 x 122.96 us = 122.96 us (1449.68 GFLOPS/s)
MUL_MAT_ADD MUL_MAT_VEC q6_K m=5120 n=1 k=6144: 1 x 53.96 us = 53.96 us (1165.85 GFLOPS/s)
MUL_MAT_VEC f32 m=256 n=4 k=256: 1 x 3.04 us = 3.04 us (172.126 GFLOPS/s)
MUL_MAT_VEC q6_K m=1024 n=1 k=5120: 2 x 8.32 us = 16.64 us (1260.18 GFLOPS/s)
MUL_MAT_VEC q6_K m=12288 n=1 k=5120: 1 x 85.6 us = 85.6 us (1469.82 GFLOPS/s)
MUL_MAT_VEC q6_K m=17408 n=1 k=5120: 2 x 121.26 us = 242.52 us (1469.9 GFLOPS/s)
MUL_MAT_VEC q6_K m=98304 n=1 k=5120: 1 x 670.59 us = 670.59 us (1500.97 GFLOPS/s)
MUL_MAT_VEC q8_0 m=5120 n=1 k=10240: 1 x 100.84 us = 100.84 us (1039.79 GFLOPS/s)
PAD: 1 x 6.32 us = 6.32 us
RMS_NORM_MUL RMS_NORM(256,24,1,1): 1 x 5.4 us = 5.4 us
RMS_NORM_MUL RMS_NORM(256,4,1,1): 1 x 3.56 us = 3.56 us
RMS_NORM_MUL RMS_NORM(5120,1,1,1): 5 x 3.768 us = 18.84 us
ROPE: 2 x 3.54 us = 7.08 us
SET_ROWS: 2 x 2.64 us = 5.28 us
SIGMOID_MUL SIGMOID: 1 x 1.68 us = 1.68 us
TOP_K K=10 (98304,1,1,1): 1 x 8.64 us = 8.64 us
Total time: 1392.23 us.
----------------
Vulkan Timings:
CONCAT: 1 x 3.76 us = 3.76 us
CONT: 1 x 3.64 us = 3.64 us
FLASH_ATTN_EXT dst(256,24,1,1),  q(256,1,24,1),  k(256,256,4,1),  v(256,256,4,1),  m(256,1,1,1): 1 x 12.72 us = 12.72 us (494.611 GFLOPS/s)
GET_ROWS: 2 x 4.18 us = 8.36 us
GLU: 1 x 1.8 us = 1.8 us
MUL_MAT f32 m=256 n=24 k=256: 1 x 1.68 us = 1.68 us (1868.8 GFLOPS/s)
MUL_MAT f32 m=64 n=16 k=64: 1 x 3.6 us = 3.6 us (36.1244 GFLOPS/s)
MUL_MAT f32 m=64 n=96 k=64: 1 x 3.56 us = 3.56 us (219.182 GFLOPS/s)
MUL_MAT_ADD MUL_MAT_VEC q6_K m=5120 n=1 k=17408: 1 x 124.84 us = 124.84 us (1427.85 GFLOPS/s)
MUL_MAT_ADD MUL_MAT_VEC q6_K m=5120 n=1 k=6144: 1 x 55.32 us = 55.32 us (1137.19 GFLOPS/s)
MUL_MAT_VEC f32 m=256 n=4 k=256: 1 x 3 us = 3 us (174.421 GFLOPS/s)
MUL_MAT_VEC q6_K m=1024 n=1 k=5120: 2 x 9.12 us = 18.24 us (1149.64 GFLOPS/s)
MUL_MAT_VEC q6_K m=12288 n=1 k=5120: 1 x 85.84 us = 85.84 us (1465.71 GFLOPS/s)
MUL_MAT_VEC q6_K m=17408 n=1 k=5120: 2 x 121.54 us = 243.08 us (1466.52 GFLOPS/s)
MUL_MAT_VEC q6_K m=98304 n=1 k=5120: 1 x 670.57 us = 670.57 us (1501.01 GFLOPS/s)
MUL_MAT_VEC q8_0 m=5120 n=1 k=10240: 1 x 101.4 us = 101.4 us (1034.05 GFLOPS/s)
PAD: 1 x 7.04 us = 7.04 us
RMS_NORM_MUL RMS_NORM(256,24,1,1): 1 x 3.56 us = 3.56 us
RMS_NORM_MUL RMS_NORM(256,4,1,1): 1 x 3.64 us = 3.64 us
RMS_NORM_MUL RMS_NORM(5120,1,1,1): 5 x 3.72 us = 18.6 us
ROPE: 2 x 3.62 us = 7.24 us
SET_ROWS: 2 x 2.68 us = 5.36 us
SIGMOID_MUL SIGMOID: 1 x 1.68 us = 1.68 us
TOP_K K=10 (98304,1,1,1): 1 x 8.6 us = 8.6 us
Total time: 1397.13 us.
----------------
Vulkan Timings:
CONCAT: 1 x 3.72 us = 3.72 us
CONT: 1 x 3.6 us = 3.6 us
FLASH_ATTN_EXT dst(256,24,1,1),  q(256,1,24,1),  k(256,256,4,1),  v(256,256,4,1),  m(256,1,1,1): 1 x 12.68 us = 12.68 us (496.172 GFLOPS/s)
GET_ROWS: 2 x 4.18 us = 8.36 us
GLU: 1 x 1.72 us = 1.72 us
MUL_MAT f32 m=256 n=24 k=256: 1 x 1.64 us = 1.64 us (1914.38 GFLOPS/s)
MUL_MAT f32 m=64 n=16 k=64: 1 x 3.64 us = 3.64 us (35.7275 GFLOPS/s)
MUL_MAT f32 m=64 n=96 k=64: 1 x 3.64 us = 3.64 us (214.365 GFLOPS/s)
MUL_MAT_ADD MUL_MAT_VEC q6_K m=5120 n=1 k=17408: 1 x 124.52 us = 124.52 us (1431.52 GFLOPS/s)
MUL_MAT_ADD MUL_MAT_VEC q6_K m=5120 n=1 k=6144: 1 x 53.8 us = 53.8 us (1169.32 GFLOPS/s)
MUL_MAT_VEC f32 m=256 n=4 k=256: 1 x 3 us = 3 us (174.421 GFLOPS/s)
MUL_MAT_VEC q6_K m=1024 n=1 k=5120: 2 x 9.14 us = 18.28 us (1147.13 GFLOPS/s)
MUL_MAT_VEC q6_K m=12288 n=1 k=5120: 1 x 85.56 us = 85.56 us (1470.51 GFLOPS/s)
MUL_MAT_VEC q6_K m=17408 n=1 k=5120: 2 x 121.06 us = 242.12 us (1472.33 GFLOPS/s)
MUL_MAT_VEC q6_K m=98304 n=1 k=5120: 1 x 672.73 us = 672.73 us (1496.19 GFLOPS/s)
MUL_MAT_VEC q8_0 m=5120 n=1 k=10240: 1 x 100.44 us = 100.44 us (1043.93 GFLOPS/s)
PAD: 1 x 6.28 us = 6.28 us
RMS_NORM_MUL RMS_NORM(256,24,1,1): 1 x 3.64 us = 3.64 us
RMS_NORM_MUL RMS_NORM(256,4,1,1): 1 x 3.56 us = 3.56 us
RMS_NORM_MUL RMS_NORM(5120,1,1,1): 5 x 3.736 us = 18.68 us
ROPE: 2 x 3.56 us = 7.12 us
SET_ROWS: 2 x 2.62 us = 5.24 us
SIGMOID_MUL SIGMOID: 1 x 1.72 us = 1.72 us
TOP_K K=10 (98304,1,1,1): 1 x 9.04 us = 9.04 us
Total time: 1394.73 us.
----------------
Vulkan Timings:
ADD: 48 x 3.745 us = 179.8 us
CONCAT: 48 x 2.38 us = 114.24 us
CONT: 16 x 3.81 us = 60.96 us
CPY: 240 x 2.236 us = 536.84 us
FLASH_ATTN_EXT dst(256,24,5,1),  q(256,5,24,1),  k(256,256,4,1),  v(256,256,4,1),  m(256,5,1,1): 16 x 20.81 us = 332.96 us (1511.64 GFLOPS/s)
GDN_CACHE GATED_DELTA_NET: 48 x 13.986 us = 671.36 us
GET_ROWS: 50 x 25.076 us = 1253.8 us
GLU: 64 x 1.836 us = 117.56 us
MUL_MAT f32 m=256 n=120 k=256: 16 x 1.785 us = 28.56 us (8794.35 GFLOPS/s)
MUL_MAT f32 m=256 n=20 k=256: 16 x 3.1 us = 49.6 us (843.974 GFLOPS/s)
MUL_MAT f32 m=64 n=480 k=64: 16 x 3.6 us = 57.6 us (1083.73 GFLOPS/s)
MUL_MAT f32 m=64 n=80 k=64: 16 x 3.157 us = 50.52 us (205.935 GFLOPS/s)
MUL_MAT_ADD MUL_MAT_VEC q6_K m=5120 n=5 k=17408: 64 x 136.131 us = 8712.4 us (6547.09 GFLOPS/s)
MUL_MAT_ADD MUL_MAT_VEC q6_K m=5120 n=5 k=6144: 16 x 55.62 us = 889.92 us (5655.29 GFLOPS/s)
MUL_MAT_VEC f32 m=48 n=5 k=5120: 96 x 3.315 us = 318.32 us (741.099 GFLOPS/s)
MUL_MAT_VEC q6_K m=1024 n=5 k=5120: 32 x 9.507 us = 304.24 us (5513.93 GFLOPS/s)
MUL_MAT_VEC q6_K m=10240 n=5 k=5120: 48 x 81.261 us = 3900.56 us (6451.22 GFLOPS/s)
MUL_MAT_VEC q6_K m=12288 n=5 k=5120: 16 x 103.27 us = 1652.32 us (6091.64 GFLOPS/s)
MUL_MAT_VEC q6_K m=17408 n=5 k=5120: 128 x 142.109 us = 18190 us (6271.23 GFLOPS/s)
MUL_MAT_VEC q6_K m=248320 n=5 k=5120: 1 x 1743 us = 1743 us (7293.6 GFLOPS/s)
MUL_MAT_VEC q6_K m=6144 n=5 k=5120: 48 x 53.655 us = 2575.44 us (5862.31 GFLOPS/s)
MUL_MAT_VEC q8_0 m=5120 n=5 k=6144: 48 x 63.026 us = 3025.28 us (4990.7 GFLOPS/s)
RMS_NORM_MUL RMS_NORM(256,24,5,1): 16 x 4.035 us = 64.56 us
RMS_NORM_MUL RMS_NORM(256,4,5,1): 16 x 4.452 us = 71.24 us
RMS_NORM_MUL RMS_NORM(5120,5,1,1): 129 x 2.697 us = 348 us
RMS_NORM_MUL_SILU_MUL RMS_NORM(128,48,5,1): 48 x 5.653 us = 271.36 us
RMS_NORM_SCALE RMS_NORM(128,16,5,1): 96 x 2.695 us = 258.72 us
ROPE: 32 x 3.823 us = 122.36 us
SET_ROWS: 32 x 2.963 us = 94.84 us
SIGMOID_MUL SIGMOID: 16 x 1.672 us = 26.76 us
SSM_CONV_SILU SSM_CONV: 48 x 5.703 us = 273.76 us
Total time: 46296.9 us.
----------------
Vulkan Timings:
CONCAT: 1 x 4.2 us = 4.2 us
CONT: 1 x 3.44 us = 3.44 us
FLASH_ATTN_EXT dst(256,24,5,1),  q(256,5,24,1),  k(256,256,4,1),  v(256,256,4,1),  m(256,5,1,1): 1 x 21 us = 21 us (1497.97 GFLOPS/s)
GLU: 1 x 1.8 us = 1.8 us
MUL_MAT f32 m=256 n=120 k=256: 1 x 1.56 us = 1.56 us (10062.8 GFLOPS/s)
MUL_MAT f32 m=256 n=20 k=256: 1 x 2.92 us = 2.92 us (896 GFLOPS/s)
MUL_MAT f32 m=64 n=480 k=64: 1 x 3.32 us = 3.32 us (1175.13 GFLOPS/s)
MUL_MAT f32 m=64 n=80 k=64: 1 x 3.28 us = 3.28 us (198.244 GFLOPS/s)
MUL_MAT_ADD MUL_MAT_VEC q6_K m=5120 n=5 k=17408: 1 x 155.06 us = 155.06 us (5747.87 GFLOPS/s)
MUL_MAT_ADD MUL_MAT_VEC q6_K m=5120 n=5 k=6144: 1 x 60.28 us = 60.28 us (5218.1 GFLOPS/s)
MUL_MAT_VEC q6_K m=1024 n=5 k=5120: 2 x 10.68 us = 21.36 us (4908.58 GFLOPS/s)
MUL_MAT_VEC q6_K m=12288 n=5 k=5120: 1 x 115.93 us = 115.93 us (5426.41 GFLOPS/s)
MUL_MAT_VEC q6_K m=17408 n=5 k=5120: 2 x 133.4 us = 266.8 us (6680.68 GFLOPS/s)
MUL_MAT_VEC q8_0 m=5120 n=5 k=10240: 1 x 105.8 us = 105.8 us (4955.22 GFLOPS/s)
RMS_NORM_MUL RMS_NORM(256,24,5,1): 1 x 3.44 us = 3.44 us
RMS_NORM_MUL RMS_NORM(256,4,5,1): 1 x 3.4 us = 3.4 us
RMS_NORM_MUL RMS_NORM(5120,5,1,1): 5 x 7.51 us = 37.55 us
ROPE: 2 x 3.38 us = 6.76 us
SET_ROWS: 2 x 2.46 us = 4.92 us
SIGMOID_MUL SIGMOID: 1 x 1.6 us = 1.6 us
Total time: 824.42 us.
----------------
Vulkan Timings:
CONCAT: 1 x 3.68 us = 3.68 us
CONT: 1 x 3.28 us = 3.28 us
FLASH_ATTN_EXT dst(256,24,1,1),  q(256,1,24,1),  k(256,256,4,1),  v(256,256,4,1),  m(256,1,1,1): 1 x 14.44 us = 14.44 us (435.696 GFLOPS/s)
GET_ROWS: 2 x 4.22 us = 8.44 us
GLU: 1 x 1.64 us = 1.64 us
MUL_MAT f32 m=256 n=24 k=256: 1 x 1.52 us = 1.52 us (2065.52 GFLOPS/s)
MUL_MAT f32 m=64 n=16 k=64: 1 x 1.8 us = 1.8 us (72.2489 GFLOPS/s)
MUL_MAT f32 m=64 n=96 k=64: 1 x 3.44 us = 3.44 us (226.828 GFLOPS/s)
MUL_MAT_ADD MUL_MAT_VEC q6_K m=5120 n=1 k=17408: 1 x 129.84 us = 129.84 us (1372.87 GFLOPS/s)
MUL_MAT_ADD MUL_MAT_VEC q6_K m=5120 n=1 k=6144: 1 x 54.12 us = 54.12 us (1162.41 GFLOPS/s)
MUL_MAT_VEC f32 m=256 n=4 k=256: 1 x 2.92 us = 2.92 us (179.2 GFLOPS/s)
MUL_MAT_VEC q6_K m=1024 n=1 k=5120: 2 x 9.16 us = 18.32 us (1144.62 GFLOPS/s)
MUL_MAT_VEC q6_K m=12288 n=1 k=5120: 1 x 89.68 us = 89.68 us (1402.95 GFLOPS/s)
MUL_MAT_VEC q6_K m=17408 n=1 k=5120: 2 x 118.22 us = 236.44 us (1507.7 GFLOPS/s)
MUL_MAT_VEC q6_K m=98304 n=1 k=5120: 1 x 672.49 us = 672.49 us (1496.73 GFLOPS/s)
MUL_MAT_VEC q8_0 m=5120 n=1 k=10240: 1 x 93.4 us = 93.4 us (1122.62 GFLOPS/s)
PAD: 1 x 8.52 us = 8.52 us
RMS_NORM_MUL RMS_NORM(256,24,1,1): 1 x 3.28 us = 3.28 us
RMS_NORM_MUL RMS_NORM(256,4,1,1): 1 x 4.8 us = 4.8 us
RMS_NORM_MUL RMS_NORM(5120,1,1,1): 5 x 4.016 us = 20.08 us
ROPE: 2 x 3.28 us = 6.56 us
SET_ROWS: 2 x 1.74 us = 3.48 us
SIGMOID_MUL SIGMOID: 1 x 1.6 us = 1.6 us
TOP_K K=10 (98304,1,1,1): 1 x 6.56 us = 6.56 us
Total time: 1390.33 us.
----------------
Vulkan Timings:
CONCAT: 1 x 3.8 us = 3.8 us
CONT: 1 x 3.64 us = 3.64 us
FLASH_ATTN_EXT dst(256,24,1,1),  q(256,1,24,1),  k(256,256,4,1),  v(256,256,4,1),  m(256,1,1,1): 1 x 12.72 us = 12.72 us (494.611 GFLOPS/s)
GET_ROWS: 2 x 4.18 us = 8.36 us
GLU: 1 x 1.88 us = 1.88 us
MUL_MAT f32 m=256 n=24 k=256: 1 x 1.68 us = 1.68 us (1868.8 GFLOPS/s)
MUL_MAT f32 m=64 n=16 k=64: 1 x 3.64 us = 3.64 us (35.7275 GFLOPS/s)
MUL_MAT f32 m=64 n=96 k=64: 1 x 3.56 us = 3.56 us (219.182 GFLOPS/s)
MUL_MAT_ADD MUL_MAT_VEC q6_K m=5120 n=1 k=17408: 1 x 123.2 us = 123.2 us (1446.86 GFLOPS/s)
MUL_MAT_ADD MUL_MAT_VEC q6_K m=5120 n=1 k=6144: 1 x 53.88 us = 53.88 us (1167.58 GFLOPS/s)
MUL_MAT_VEC f32 m=256 n=4 k=256: 1 x 3.04 us = 3.04 us (172.126 GFLOPS/s)
MUL_MAT_VEC q6_K m=1024 n=1 k=5120: 2 x 6.04 us = 12.08 us (1735.88 GFLOPS/s)
MUL_MAT_VEC q6_K m=12288 n=1 k=5120: 1 x 93.16 us = 93.16 us (1350.55 GFLOPS/s)
MUL_MAT_VEC q6_K m=17408 n=1 k=5120: 2 x 120.94 us = 241.88 us (1473.79 GFLOPS/s)
MUL_MAT_VEC q6_K m=98304 n=1 k=5120: 1 x 671.1 us = 671.1 us (1499.83 GFLOPS/s)
MUL_MAT_VEC q8_0 m=5120 n=1 k=10240: 1 x 101.56 us = 101.56 us (1032.42 GFLOPS/s)
PAD: 1 x 6.32 us = 6.32 us
RMS_NORM_MUL RMS_NORM(256,24,1,1): 1 x 3.6 us = 3.6 us
RMS_NORM_MUL RMS_NORM(256,4,1,1): 1 x 3.6 us = 3.6 us
RMS_NORM_MUL RMS_NORM(5120,1,1,1): 5 x 3.76 us = 18.8 us
ROPE: 2 x 3.58 us = 7.16 us
SET_ROWS: 2 x 2.62 us = 5.24 us
SIGMOID_MUL SIGMOID: 1 x 1.64 us = 1.64 us
TOP_K K=10 (98304,1,1,1): 1 x 8.88 us = 8.88 us
Total time: 1394.42 us.
----------------
Vulkan Timings:
CONCAT: 1 x 3.72 us = 3.72 us
CONT: 1 x 3.64 us = 3.64 us
FLASH_ATTN_EXT dst(256,24,1,1),  q(256,1,24,1),  k(256,256,4,1),  v(256,256,4,1),  m(256,1,1,1): 1 x 12.64 us = 12.64 us (497.742 GFLOPS/s)
GET_ROWS: 2 x 4.18 us = 8.36 us
GLU: 1 x 1.76 us = 1.76 us
MUL_MAT f32 m=256 n=24 k=256: 1 x 1.64 us = 1.64 us (1914.38 GFLOPS/s)
MUL_MAT f32 m=64 n=16 k=64: 1 x 3.64 us = 3.64 us (35.7275 GFLOPS/s)
MUL_MAT f32 m=64 n=96 k=64: 1 x 3.6 us = 3.6 us (216.747 GFLOPS/s)
MUL_MAT_ADD MUL_MAT_VEC q6_K m=5120 n=1 k=17408: 1 x 124 us = 124 us (1437.52 GFLOPS/s)
MUL_MAT_ADD MUL_MAT_VEC q6_K m=5120 n=1 k=6144: 1 x 51.04 us = 51.04 us (1232.55 GFLOPS/s)
MUL_MAT_VEC f32 m=256 n=4 k=256: 1 x 3 us = 3 us (174.421 GFLOPS/s)
MUL_MAT_VEC q6_K m=1024 n=1 k=5120: 2 x 9.04 us = 18.08 us (1159.82 GFLOPS/s)
MUL_MAT_VEC q6_K m=12288 n=1 k=5120: 1 x 85.68 us = 85.68 us (1468.45 GFLOPS/s)
MUL_MAT_VEC q6_K m=17408 n=1 k=5120: 2 x 121.36 us = 242.72 us (1468.69 GFLOPS/s)
MUL_MAT_VEC q6_K m=98304 n=1 k=5120: 1 x 669.96 us = 669.96 us (1502.38 GFLOPS/s)
MUL_MAT_VEC q8_0 m=5120 n=1 k=10240: 1 x 101.64 us = 101.64 us (1031.61 GFLOPS/s)
PAD: 1 x 6.28 us = 6.28 us
RMS_NORM_MUL RMS_NORM(256,24,1,1): 1 x 3.64 us = 3.64 us
RMS_NORM_MUL RMS_NORM(256,4,1,1): 1 x 3.6 us = 3.6 us
RMS_NORM_MUL RMS_NORM(5120,1,1,1): 5 x 4.368 us = 21.84 us
ROPE: 2 x 3.58 us = 7.16 us
SET_ROWS: 2 x 2.64 us = 5.28 us
SIGMOID_MUL SIGMOID: 1 x 1.72 us = 1.72 us
TOP_K K=10 (98304,1,1,1): 1 x 8.96 us = 8.96 us
Total time: 1393.6 us.
----------------
Vulkan Timings:
CONCAT: 1 x 3.72 us = 3.72 us
CONT: 1 x 3.64 us = 3.64 us
FLASH_ATTN_EXT dst(256,24,1,1),  q(256,1,24,1),  k(256,256,4,1),  v(256,256,4,1),  m(256,1,1,1): 1 x 12.84 us = 12.84 us (489.989 GFLOPS/s)
GET_ROWS: 2 x 4.2 us = 8.4 us
GLU: 1 x 1.88 us = 1.88 us
MUL_MAT f32 m=256 n=24 k=256: 1 x 1.68 us = 1.68 us (1868.8 GFLOPS/s)
MUL_MAT f32 m=64 n=16 k=64: 1 x 3.6 us = 3.6 us (36.1244 GFLOPS/s)
MUL_MAT f32 m=64 n=96 k=64: 1 x 3.6 us = 3.6 us (216.747 GFLOPS/s)
MUL_MAT_ADD MUL_MAT_VEC q6_K m=5120 n=1 k=17408: 1 x 123.32 us = 123.32 us (1445.45 GFLOPS/s)
MUL_MAT_ADD MUL_MAT_VEC q6_K m=5120 n=1 k=6144: 1 x 53.88 us = 53.88 us (1167.58 GFLOPS/s)
MUL_MAT_VEC f32 m=256 n=4 k=256: 1 x 3 us = 3 us (174.421 GFLOPS/s)
MUL_MAT_VEC q6_K m=1024 n=1 k=5120: 2 x 9.16 us = 18.32 us (1144.62 GFLOPS/s)
MUL_MAT_VEC q6_K m=12288 n=1 k=5120: 1 x 85.84 us = 85.84 us (1465.71 GFLOPS/s)
MUL_MAT_VEC q6_K m=17408 n=1 k=5120: 2 x 121 us = 242 us (1473.06 GFLOPS/s)
MUL_MAT_VEC q6_K m=98304 n=1 k=5120: 1 x 670.17 us = 670.17 us (1501.91 GFLOPS/s)
MUL_MAT_VEC q8_0 m=5120 n=1 k=10240: 1 x 100.92 us = 100.92 us (1038.97 GFLOPS/s)
PAD: 1 x 6.28 us = 6.28 us
RMS_NORM_MUL RMS_NORM(256,24,1,1): 1 x 3.6 us = 3.6 us
RMS_NORM_MUL RMS_NORM(256,4,1,1): 1 x 3.56 us = 3.56 us
RMS_NORM_MUL RMS_NORM(5120,1,1,1): 5 x 3.712 us = 18.56 us
ROPE: 2 x 3.54 us = 7.08 us
SET_ROWS: 2 x 2.64 us = 5.28 us
SIGMOID_MUL SIGMOID: 1 x 1.92 us = 1.92 us
TOP_K K=10 (98304,1,1,1): 1 x 9.04 us = 9.04 us
Total time: 1392.13 us.
----------------
Vulkan Timings:
ADD: 48 x 3.778 us = 181.36 us
CONCAT: 48 x 2.444 us = 117.32 us
CONT: 16 x 3.842 us = 61.48 us
CPY: 240 x 2.219 us = 532.76 us
FLASH_ATTN_EXT dst(256,24,5,1),  q(256,5,24,1),  k(256,256,4,1),  v(256,256,4,1),  m(256,5,1,1): 16 x 21.472 us = 343.56 us (1465 GFLOPS/s)
GDN_CACHE GATED_DELTA_NET: 48 x 14.012 us = 672.6 us
GET_ROWS: 50 x 26.186 us = 1309.32 us
GLU: 64 x 1.851 us = 118.48 us
MUL_MAT f32 m=256 n=120 k=256: 16 x 1.835 us = 29.36 us (8554.72 GFLOPS/s)
MUL_MAT f32 m=256 n=20 k=256: 16 x 2.987 us = 47.8 us (875.756 GFLOPS/s)
MUL_MAT f32 m=64 n=480 k=64: 16 x 3.635 us = 58.16 us (1073.3 GFLOPS/s)
MUL_MAT f32 m=64 n=80 k=64: 16 x 3.182 us = 50.92 us (204.317 GFLOPS/s)
MUL_MAT_ADD MUL_MAT_VEC q6_K m=5120 n=5 k=17408: 64 x 136.425 us = 8731.24 us (6532.97 GFLOPS/s)
MUL_MAT_ADD MUL_MAT_VEC q6_K m=5120 n=5 k=6144: 16 x 55.71 us = 891.36 us (5646.15 GFLOPS/s)
MUL_MAT_VEC f32 m=48 n=5 k=5120: 96 x 3.427 us = 329.08 us (716.867 GFLOPS/s)
MUL_MAT_VEC q6_K m=1024 n=5 k=5120: 32 x 9.327 us = 298.48 us (5620.34 GFLOPS/s)
MUL_MAT_VEC q6_K m=10240 n=5 k=5120: 48 x 81.162 us = 3895.8 us (6459.1 GFLOPS/s)
MUL_MAT_VEC q6_K m=12288 n=5 k=5120: 16 x 104.207 us = 1667.32 us (6036.84 GFLOPS/s)
MUL_MAT_VEC q6_K m=17408 n=5 k=5120: 128 x 142.445 us = 18233 us (6256.44 GFLOPS/s)
MUL_MAT_VEC q6_K m=248320 n=5 k=5120: 1 x 1747.44 us = 1747.44 us (7275.07 GFLOPS/s)
MUL_MAT_VEC q6_K m=6144 n=5 k=5120: 48 x 53.819 us = 2583.32 us (5844.42 GFLOPS/s)
MUL_MAT_VEC q8_0 m=5120 n=5 k=6144: 48 x 63.206 us = 3033.92 us (4976.49 GFLOPS/s)
RMS_NORM_MUL RMS_NORM(256,24,5,1): 16 x 3.815 us = 61.04 us
RMS_NORM_MUL RMS_NORM(256,4,5,1): 16 x 4.5 us = 72 us
RMS_NORM_MUL RMS_NORM(5120,5,1,1): 129 x 2.677 us = 345.44 us
RMS_NORM_MUL_SILU_MUL RMS_NORM(128,48,5,1): 48 x 5.685 us = 272.88 us
RMS_NORM_SCALE RMS_NORM(128,16,5,1): 96 x 2.662 us = 255.6 us
ROPE: 32 x 3.838 us = 122.84 us
SET_ROWS: 32 x 2.912 us = 93.2 us
SIGMOID_MUL SIGMOID: 16 x 1.697 us = 27.16 us
SSM_CONV_SILU SSM_CONV: 48 x 5.715 us = 274.36 us
Total time: 46458.6 us.
----------------
Vulkan Timings:
CONCAT: 1 x 2 us = 2 us
CONT: 1 x 3.76 us = 3.76 us
FLASH_ATTN_EXT dst(256,24,5,1),  q(256,5,24,1),  k(256,256,4,1),  v(256,256,4,1),  m(256,5,1,1): 1 x 21.08 us = 21.08 us (1492.28 GFLOPS/s)
GLU: 1 x 1.52 us = 1.52 us
MUL_MAT f32 m=256 n=120 k=256: 1 x 1.76 us = 1.76 us (8919.27 GFLOPS/s)
MUL_MAT f32 m=256 n=20 k=256: 1 x 3.12 us = 3.12 us (838.564 GFLOPS/s)
MUL_MAT f32 m=64 n=480 k=64: 1 x 3.72 us = 3.72 us (1048.77 GFLOPS/s)
MUL_MAT f32 m=64 n=80 k=64: 1 x 3.72 us = 3.72 us (174.796 GFLOPS/s)
MUL_MAT_ADD MUL_MAT_VEC q6_K m=5120 n=5 k=17408: 1 x 156.31 us = 156.31 us (5701.9 GFLOPS/s)
MUL_MAT_ADD MUL_MAT_VEC q6_K m=5120 n=5 k=6144: 1 x 60.92 us = 60.92 us (5163.28 GFLOPS/s)
MUL_MAT_VEC q6_K m=1024 n=5 k=5120: 2 x 11.18 us = 22.36 us (4689.06 GFLOPS/s)
MUL_MAT_VEC q6_K m=12288 n=5 k=5120: 1 x 117.44 us = 117.44 us (5356.64 GFLOPS/s)
MUL_MAT_VEC q6_K m=17408 n=5 k=5120: 2 x 133.58 us = 267.16 us (6671.68 GFLOPS/s)
MUL_MAT_VEC q8_0 m=5120 n=5 k=10240: 1 x 106.84 us = 106.84 us (4906.99 GFLOPS/s)
RMS_NORM_MUL RMS_NORM(256,24,5,1): 1 x 3.88 us = 3.88 us
RMS_NORM_MUL RMS_NORM(256,4,5,1): 1 x 3.76 us = 3.76 us
RMS_NORM_MUL RMS_NORM(5120,5,1,1): 5 x 8.04 us = 40.2 us
ROPE: 2 x 3.76 us = 7.52 us
SET_ROWS: 2 x 2.7 us = 5.4 us
SIGMOID_MUL SIGMOID: 1 x 1.72 us = 1.72 us
Total time: 834.19 us.
----------------
Vulkan Timings:
CONCAT: 1 x 3.64 us = 3.64 us
CONT: 1 x 3.52 us = 3.52 us
FLASH_ATTN_EXT dst(256,24,1,1),  q(256,1,24,1),  k(256,256,4,1),  v(256,256,4,1),  m(256,1,1,1): 1 x 12.56 us = 12.56 us (500.912 GFLOPS/s)
GET_ROWS: 2 x 4.2 us = 8.4 us
GLU: 1 x 1.68 us = 1.68 us
MUL_MAT f32 m=256 n=24 k=256: 1 x 1.56 us = 1.56 us (2012.55 GFLOPS/s)
MUL_MAT f32 m=64 n=16 k=64: 1 x 1.84 us = 1.84 us (70.6783 GFLOPS/s)
MUL_MAT f32 m=64 n=96 k=64: 1 x 3.24 us = 3.24 us (240.83 GFLOPS/s)
MUL_MAT_ADD MUL_MAT_VEC q6_K m=5120 n=1 k=17408: 1 x 129.56 us = 129.56 us (1375.83 GFLOPS/s)
MUL_MAT_ADD MUL_MAT_VEC q6_K m=5120 n=1 k=6144: 1 x 53.92 us = 53.92 us (1166.72 GFLOPS/s)
MUL_MAT_VEC f32 m=256 n=4 k=256: 1 x 3.04 us = 3.04 us (172.126 GFLOPS/s)
MUL_MAT_VEC q6_K m=1024 n=1 k=5120: 2 x 9.3 us = 18.6 us (1127.39 GFLOPS/s)
MUL_MAT_VEC q6_K m=12288 n=1 k=5120: 1 x 90.36 us = 90.36 us (1392.4 GFLOPS/s)
MUL_MAT_VEC q6_K m=17408 n=1 k=5120: 2 x 118 us = 236 us (1510.51 GFLOPS/s)
MUL_MAT_VEC q6_K m=98304 n=1 k=5120: 1 x 670.72 us = 670.72 us (1500.68 GFLOPS/s)
MUL_MAT_VEC q8_0 m=5120 n=1 k=10240: 1 x 93.64 us = 93.64 us (1119.74 GFLOPS/s)
PAD: 1 x 6.36 us = 6.36 us
RMS_NORM_MUL RMS_NORM(256,24,1,1): 1 x 3.16 us = 3.16 us
RMS_NORM_MUL RMS_NORM(256,4,1,1): 1 x 4.84 us = 4.84 us
RMS_NORM_MUL RMS_NORM(5120,1,1,1): 5 x 4.104 us = 20.52 us
ROPE: 2 x 3.36 us = 6.72 us
SET_ROWS: 2 x 2.62 us = 5.24 us
SIGMOID_MUL SIGMOID: 1 x 1.52 us = 1.52 us
TOP_K K=10 (98304,1,1,1): 1 x 8.92 us = 8.92 us
Total time: 1389.56 us.
----------------
Vulkan Timings:
CONCAT: 1 x 3.72 us = 3.72 us
CONT: 1 x 3.6 us = 3.6 us
FLASH_ATTN_EXT dst(256,24,1,1),  q(256,1,24,1),  k(256,256,4,1),  v(256,256,4,1),  m(256,1,1,1): 1 x 12.88 us = 12.88 us (488.467 GFLOPS/s)
GET_ROWS: 2 x 4.28 us = 8.56 us
GLU: 1 x 1.8 us = 1.8 us
MUL_MAT f32 m=256 n=24 k=256: 1 x 1.64 us = 1.64 us (1914.38 GFLOPS/s)
MUL_MAT f32 m=64 n=16 k=64: 1 x 3.6 us = 3.6 us (36.1244 GFLOPS/s)
MUL_MAT f32 m=64 n=96 k=64: 1 x 3.64 us = 3.64 us (214.365 GFLOPS/s)
MUL_MAT_ADD MUL_MAT_VEC q6_K m=5120 n=1 k=17408: 1 x 122.64 us = 122.64 us (1453.46 GFLOPS/s)
MUL_MAT_ADD MUL_MAT_VEC q6_K m=5120 n=1 k=6144: 1 x 54.4 us = 54.4 us (1156.42 GFLOPS/s)
MUL_MAT_VEC f32 m=256 n=4 k=256: 1 x 3 us = 3 us (174.421 GFLOPS/s)
MUL_MAT_VEC q6_K m=1024 n=1 k=5120: 2 x 9.04 us = 18.08 us (1159.82 GFLOPS/s)
MUL_MAT_VEC q6_K m=12288 n=1 k=5120: 1 x 85.68 us = 85.68 us (1468.45 GFLOPS/s)
MUL_MAT_VEC q6_K m=17408 n=1 k=5120: 2 x 121.46 us = 242.92 us (1467.48 GFLOPS/s)
MUL_MAT_VEC q6_K m=98304 n=1 k=5120: 1 x 669.62 us = 669.62 us (1503.14 GFLOPS/s)
MUL_MAT_VEC q8_0 m=5120 n=1 k=10240: 1 x 101.72 us = 101.72 us (1030.8 GFLOPS/s)
PAD: 1 x 6.4 us = 6.4 us
RMS_NORM_MUL RMS_NORM(256,24,1,1): 1 x 3.64 us = 3.64 us
RMS_NORM_MUL RMS_NORM(256,4,1,1): 1 x 3.6 us = 3.6 us
RMS_NORM_MUL RMS_NORM(5120,1,1,1): 5 x 3.728 us = 18.64 us
ROPE: 2 x 3.58 us = 7.16 us
SET_ROWS: 2 x 2.62 us = 5.24 us
SIGMOID_MUL SIGMOID: 1 x 1.72 us = 1.72 us
TOP_K K=10 (98304,1,1,1): 1 x 8.68 us = 8.68 us
Total time: 1392.58 us.
----------------
Vulkan Timings:
CONCAT: 1 x 3.8 us = 3.8 us
CONT: 1 x 3.6 us = 3.6 us
FLASH_ATTN_EXT dst(256,24,1,1),  q(256,1,24,1),  k(256,256,4,1),  v(256,256,4,1),  m(256,1,1,1): 1 x 12.88 us = 12.88 us (488.467 GFLOPS/s)
GET_ROWS: 2 x 4.2 us = 8.4 us
GLU: 1 x 1.84 us = 1.84 us
MUL_MAT f32 m=256 n=24 k=256: 1 x 1.64 us = 1.64 us (1914.38 GFLOPS/s)
MUL_MAT f32 m=64 n=16 k=64: 1 x 3.6 us = 3.6 us (36.1244 GFLOPS/s)
MUL_MAT f32 m=64 n=96 k=64: 1 x 3.6 us = 3.6 us (216.747 GFLOPS/s)
MUL_MAT_ADD MUL_MAT_VEC q6_K m=5120 n=1 k=17408: 1 x 123.08 us = 123.08 us (1448.27 GFLOPS/s)
MUL_MAT_ADD MUL_MAT_VEC q6_K m=5120 n=1 k=6144: 1 x 50.68 us = 50.68 us (1241.31 GFLOPS/s)
MUL_MAT_VEC f32 m=256 n=4 k=256: 1 x 3.04 us = 3.04 us (172.126 GFLOPS/s)
MUL_MAT_VEC q6_K m=1024 n=1 k=5120: 2 x 9.08 us = 18.16 us (1154.71 GFLOPS/s)
MUL_MAT_VEC q6_K m=12288 n=1 k=5120: 1 x 85.52 us = 85.52 us (1471.2 GFLOPS/s)
MUL_MAT_VEC q6_K m=17408 n=1 k=5120: 2 x 121.58 us = 243.16 us (1466.03 GFLOPS/s)
MUL_MAT_VEC q6_K m=98304 n=1 k=5120: 1 x 669.11 us = 669.11 us (1504.29 GFLOPS/s)
MUL_MAT_VEC q8_0 m=5120 n=1 k=10240: 1 x 100.64 us = 100.64 us (1041.86 GFLOPS/s)
PAD: 1 x 7.04 us = 7.04 us
RMS_NORM_MUL RMS_NORM(256,24,1,1): 1 x 3.6 us = 3.6 us
RMS_NORM_MUL RMS_NORM(256,4,1,1): 1 x 3.6 us = 3.6 us
RMS_NORM_MUL RMS_NORM(5120,1,1,1): 5 x 4.24 us = 21.2 us
ROPE: 2 x 3.54 us = 7.08 us
SET_ROWS: 2 x 2.68 us = 5.36 us
SIGMOID_MUL SIGMOID: 1 x 1.68 us = 1.68 us
TOP_K K=10 (98304,1,1,1): 1 x 8.8 us = 8.8 us
Total time: 1391.11 us.
----------------
Vulkan Timings:
CONCAT: 1 x 3.76 us = 3.76 us
CONT: 1 x 3.6 us = 3.6 us
FLASH_ATTN_EXT dst(256,24,1,1),  q(256,1,24,1),  k(256,256,4,1),  v(256,256,4,1),  m(256,1,1,1): 1 x 12.84 us = 12.84 us (489.989 GFLOPS/s)
GET_ROWS: 2 x 4.14 us = 8.28 us
GLU: 1 x 1.88 us = 1.88 us
MUL_MAT f32 m=256 n=24 k=256: 1 x 1.68 us = 1.68 us (1868.8 GFLOPS/s)
MUL_MAT f32 m=64 n=16 k=64: 1 x 3.64 us = 3.64 us (35.7275 GFLOPS/s)
MUL_MAT f32 m=64 n=96 k=64: 1 x 3.6 us = 3.6 us (216.747 GFLOPS/s)
MUL_MAT_ADD MUL_MAT_VEC q6_K m=5120 n=1 k=17408: 1 x 123.28 us = 123.28 us (1445.92 GFLOPS/s)
MUL_MAT_ADD MUL_MAT_VEC q6_K m=5120 n=1 k=6144: 1 x 53.68 us = 53.68 us (1171.93 GFLOPS/s)
MUL_MAT_VEC f32 m=256 n=4 k=256: 1 x 3.04 us = 3.04 us (172.126 GFLOPS/s)
MUL_MAT_VEC q6_K m=1024 n=1 k=5120: 2 x 9.02 us = 18.04 us (1162.39 GFLOPS/s)
MUL_MAT_VEC q6_K m=12288 n=1 k=5120: 1 x 85.28 us = 85.28 us (1475.34 GFLOPS/s)
MUL_MAT_VEC q6_K m=17408 n=1 k=5120: 2 x 120.96 us = 241.92 us (1473.55 GFLOPS/s)
MUL_MAT_VEC q6_K m=98304 n=1 k=5120: 1 x 674.15 us = 674.15 us (1493.04 GFLOPS/s)
MUL_MAT_VEC q8_0 m=5120 n=1 k=10240: 1 x 101.4 us = 101.4 us (1034.05 GFLOPS/s)
PAD: 1 x 6.2 us = 6.2 us
RMS_NORM_MUL RMS_NORM(256,24,1,1): 1 x 3.64 us = 3.64 us
RMS_NORM_MUL RMS_NORM(256,4,1,1): 1 x 3.64 us = 3.64 us
RMS_NORM_MUL RMS_NORM(5120,1,1,1): 5 x 3.776 us = 18.88 us
ROPE: 2 x 3.6 us = 7.2 us
SET_ROWS: 2 x 2.62 us = 5.24 us
SIGMOID_MUL SIGMOID: 1 x 1.68 us = 1.68 us
TOP_K K=10 (98304,1,1,1): 1 x 9 us = 9 us
Total time: 1395.55 us.
----------------
Vulkan Timings:
ADD: 48 x 3.798 us = 182.32 us
CONCAT: 48 x 2.406 us = 115.52 us
CONT: 16 x 3.867 us = 61.88 us
CPY: 240 x 2.262 us = 543 us
FLASH_ATTN_EXT dst(256,24,5,1),  q(256,5,24,1),  k(256,256,4,1),  v(256,256,4,1),  m(256,5,1,1): 16 x 21.037 us = 336.6 us (1495.3 GFLOPS/s)
GDN_CACHE GATED_DELTA_NET: 48 x 13.849 us = 664.76 us
GET_ROWS: 50 x 26.736 us = 1336.84 us
GLU: 64 x 1.842 us = 117.92 us
MUL_MAT f32 m=256 n=120 k=256: 16 x 1.837 us = 29.4 us (8543.09 GFLOPS/s)
MUL_MAT f32 m=256 n=20 k=256: 16 x 3.15 us = 50.4 us (830.578 GFLOPS/s)
MUL_MAT f32 m=64 n=480 k=64: 16 x 3.672 us = 58.76 us (1062.34 GFLOPS/s)
MUL_MAT f32 m=64 n=80 k=64: 16 x 3.222 us = 51.56 us (201.781 GFLOPS/s)
MUL_MAT_ADD MUL_MAT_VEC q6_K m=5120 n=5 k=17408: 64 x 136.424 us = 8731.16 us (6533.03 GFLOPS/s)
MUL_MAT_ADD MUL_MAT_VEC q6_K m=5120 n=5 k=6144: 16 x 55.785 us = 892.56 us (5638.56 GFLOPS/s)
MUL_MAT_VEC f32 m=48 n=5 k=5120: 96 x 3.387 us = 325.24 us (725.331 GFLOPS/s)
MUL_MAT_VEC q6_K m=1024 n=5 k=5120: 32 x 9.091 us = 290.92 us (5766.39 GFLOPS/s)
MUL_MAT_VEC q6_K m=10240 n=5 k=5120: 48 x 81.46 us = 3910.12 us (6435.45 GFLOPS/s)
MUL_MAT_VEC q6_K m=12288 n=5 k=5120: 16 x 105.465 us = 1687.44 us (5964.86 GFLOPS/s)
MUL_MAT_VEC q6_K m=17408 n=5 k=5120: 128 x 142.574 us = 18249.6 us (6250.78 GFLOPS/s)
MUL_MAT_VEC q6_K m=248320 n=5 k=5120: 1 x 1750.28 us = 1750.28 us (7263.26 GFLOPS/s)
MUL_MAT_VEC q6_K m=6144 n=5 k=5120: 48 x 54.01 us = 2592.52 us (5823.69 GFLOPS/s)
MUL_MAT_VEC q8_0 m=5120 n=5 k=6144: 48 x 63.321 us = 3039.44 us (4967.45 GFLOPS/s)
RMS_NORM_MUL RMS_NORM(256,24,5,1): 16 x 3.737 us = 59.8 us
RMS_NORM_MUL RMS_NORM(256,4,5,1): 16 x 4.542 us = 72.68 us
RMS_NORM_MUL RMS_NORM(5120,5,1,1): 129 x 2.701 us = 348.44 us
RMS_NORM_MUL_SILU_MUL RMS_NORM(128,48,5,1): 48 x 5.721 us = 274.64 us
RMS_NORM_SCALE RMS_NORM(128,16,5,1): 96 x 2.695 us = 258.8 us
ROPE: 32 x 3.89 us = 124.48 us
SET_ROWS: 32 x 3.022 us = 96.72 us
SIGMOID_MUL SIGMOID: 16 x 1.72 us = 27.52 us
SSM_CONV_SILU SSM_CONV: 48 x 5.705 us = 273.88 us
Total time: 46555.2 us.
----------------
Vulkan Timings:
CONCAT: 1 x 1.96 us = 1.96 us
CONT: 1 x 3.8 us = 3.8 us
FLASH_ATTN_EXT dst(256,24,5,1),  q(256,5,24,1),  k(256,256,4,1),  v(256,256,4,1),  m(256,5,1,1): 1 x 21.08 us = 21.08 us (1492.28 GFLOPS/s)
GLU: 1 x 1.56 us = 1.56 us
MUL_MAT f32 m=256 n=120 k=256: 1 x 1.72 us = 1.72 us (9126.7 GFLOPS/s)
MUL_MAT f32 m=256 n=20 k=256: 1 x 3.16 us = 3.16 us (827.949 GFLOPS/s)
MUL_MAT f32 m=64 n=480 k=64: 1 x 3.8 us = 3.8 us (1026.69 GFLOPS/s)
MUL_MAT f32 m=64 n=80 k=64: 1 x 3.72 us = 3.72 us (174.796 GFLOPS/s)
MUL_MAT_ADD MUL_MAT_VEC q6_K m=5120 n=5 k=17408: 1 x 177.44 us = 177.44 us (5022.9 GFLOPS/s)
MUL_MAT_ADD MUL_MAT_VEC q6_K m=5120 n=5 k=6144: 1 x 61.4 us = 61.4 us (5122.92 GFLOPS/s)
MUL_MAT_VEC q6_K m=1024 n=5 k=5120: 2 x 11.26 us = 22.52 us (4655.74 GFLOPS/s)
MUL_MAT_VEC q6_K m=12288 n=5 k=5120: 1 x 118.16 us = 118.16 us (5324 GFLOPS/s)
MUL_MAT_VEC q6_K m=17408 n=5 k=5120: 2 x 134.2 us = 268.4 us (6640.85 GFLOPS/s)
MUL_MAT_VEC q8_0 m=5120 n=5 k=10240: 1 x 106.72 us = 106.72 us (4912.5 GFLOPS/s)
RMS_NORM_MUL RMS_NORM(256,24,5,1): 1 x 3.92 us = 3.92 us
RMS_NORM_MUL RMS_NORM(256,4,5,1): 1 x 3.72 us = 3.72 us
RMS_NORM_MUL RMS_NORM(5120,5,1,1): 5 x 8.084 us = 40.42 us
ROPE: 2 x 3.76 us = 7.52 us
SET_ROWS: 2 x 2.7 us = 5.4 us
SIGMOID_MUL SIGMOID: 1 x 1.8 us = 1.8 us
Total time: 858.22 us.
----------------
Vulkan Timings:
CONCAT: 1 x 3.6 us = 3.6 us
CONT: 1 x 3.48 us = 3.48 us
FLASH_ATTN_EXT dst(256,24,1,1),  q(256,1,24,1),  k(256,256,4,1),  v(256,256,4,1),  m(256,1,1,1): 1 x 12.52 us = 12.52 us (502.512 GFLOPS/s)
GET_ROWS: 2 x 4.18 us = 8.36 us
GLU: 1 x 1.64 us = 1.64 us
MUL_MAT f32 m=256 n=24 k=256: 1 x 1.52 us = 1.52 us (2065.52 GFLOPS/s)
MUL_MAT f32 m=64 n=16 k=64: 1 x 1.84 us = 1.84 us (70.6783 GFLOPS/s)
MUL_MAT f32 m=64 n=96 k=64: 1 x 3.24 us = 3.24 us (240.83 GFLOPS/s)
MUL_MAT_ADD MUL_MAT_VEC q6_K m=5120 n=1 k=17408: 1 x 131 us = 131 us (1360.71 GFLOPS/s)
MUL_MAT_ADD MUL_MAT_VEC q6_K m=5120 n=1 k=6144: 1 x 53.12 us = 53.12 us (1184.29 GFLOPS/s)
MUL_MAT_VEC f32 m=256 n=4 k=256: 1 x 3.04 us = 3.04 us (172.126 GFLOPS/s)
MUL_MAT_VEC q6_K m=1024 n=1 k=5120: 2 x 8.22 us = 16.44 us (1275.52 GFLOPS/s)
MUL_MAT_VEC q6_K m=12288 n=1 k=5120: 1 x 90.32 us = 90.32 us (1393.01 GFLOPS/s)
MUL_MAT_VEC q6_K m=17408 n=1 k=5120: 2 x 118.28 us = 236.56 us (1506.94 GFLOPS/s)
MUL_MAT_VEC q6_K m=98304 n=1 k=5120: 1 x 671.48 us = 671.48 us (1498.98 GFLOPS/s)
MUL_MAT_VEC q8_0 m=5120 n=1 k=10240: 1 x 91.72 us = 91.72 us (1143.18 GFLOPS/s)
PAD: 1 x 6.36 us = 6.36 us
RMS_NORM_MUL RMS_NORM(256,24,1,1): 1 x 5.8 us = 5.8 us
RMS_NORM_MUL RMS_NORM(256,4,1,1): 1 x 4.84 us = 4.84 us
RMS_NORM_MUL RMS_NORM(5120,1,1,1): 5 x 4.408 us = 22.04 us
ROPE: 2 x 3.3 us = 6.6 us
SET_ROWS: 2 x 2.6 us = 5.2 us
SIGMOID_MUL SIGMOID: 1 x 1.56 us = 1.56 us
TOP_K K=10 (98304,1,1,1): 1 x 9.24 us = 9.24 us
Total time: 1391.52 us.
----------------
Vulkan Timings:
CONCAT: 1 x 3.88 us = 3.88 us
CONT: 1 x 3.64 us = 3.64 us
FLASH_ATTN_EXT dst(256,24,1,1),  q(256,1,24,1),  k(256,256,4,1),  v(256,256,4,1),  m(256,1,1,1): 1 x 12.76 us = 12.76 us (493.061 GFLOPS/s)
GET_ROWS: 2 x 4.32 us = 8.64 us
GLU: 1 x 1.8 us = 1.8 us
MUL_MAT f32 m=256 n=24 k=256: 1 x 1.68 us = 1.68 us (1868.8 GFLOPS/s)
MUL_MAT f32 m=64 n=16 k=64: 1 x 3.6 us = 3.6 us (36.1244 GFLOPS/s)
MUL_MAT f32 m=64 n=96 k=64: 1 x 3.6 us = 3.6 us (216.747 GFLOPS/s)
MUL_MAT_ADD MUL_MAT_VEC q6_K m=5120 n=1 k=17408: 1 x 123.12 us = 123.12 us (1447.8 GFLOPS/s)
MUL_MAT_ADD MUL_MAT_VEC q6_K m=5120 n=1 k=6144: 1 x 53.88 us = 53.88 us (1167.58 GFLOPS/s)
MUL_MAT_VEC f32 m=256 n=4 k=256: 1 x 3.04 us = 3.04 us (172.126 GFLOPS/s)
MUL_MAT_VEC q6_K m=1024 n=1 k=5120: 2 x 9.1 us = 18.2 us (1152.17 GFLOPS/s)
MUL_MAT_VEC q6_K m=12288 n=1 k=5120: 1 x 85.6 us = 85.6 us (1469.82 GFLOPS/s)
MUL_MAT_VEC q6_K m=17408 n=1 k=5120: 2 x 121.18 us = 242.36 us (1470.87 GFLOPS/s)
MUL_MAT_VEC q6_K m=98304 n=1 k=5120: 1 x 675.32 us = 675.32 us (1490.46 GFLOPS/s)
MUL_MAT_VEC q8_0 m=5120 n=1 k=10240: 1 x 101.48 us = 101.48 us (1033.23 GFLOPS/s)
PAD: 1 x 6.36 us = 6.36 us
RMS_NORM_MUL RMS_NORM(256,24,1,1): 1 x 3.6 us = 3.6 us
RMS_NORM_MUL RMS_NORM(256,4,1,1): 1 x 3.56 us = 3.56 us
RMS_NORM_MUL RMS_NORM(5120,1,1,1): 5 x 3.752 us = 18.76 us
ROPE: 2 x 3.56 us = 7.12 us
SET_ROWS: 2 x 2.66 us = 5.32 us
SIGMOID_MUL SIGMOID: 1 x 1.92 us = 1.92 us
TOP_K K=10 (98304,1,1,1): 1 x 8.84 us = 8.84 us
Total time: 1398.08 us.
----------------
Vulkan Timings:
CONCAT: 1 x 3.76 us = 3.76 us
CONT: 1 x 3.6 us = 3.6 us
FLASH_ATTN_EXT dst(256,24,1,1),  q(256,1,24,1),  k(256,256,4,1),  v(256,256,4,1),  m(256,1,1,1): 1 x 14.6 us = 14.6 us (430.922 GFLOPS/s)
GET_ROWS: 2 x 4.2 us = 8.4 us
GLU: 1 x 1.88 us = 1.88 us
MUL_MAT f32 m=256 n=24 k=256: 1 x 2.24 us = 2.24 us (1401.6 GFLOPS/s)
MUL_MAT f32 m=64 n=16 k=64: 1 x 3.64 us = 3.64 us (35.7275 GFLOPS/s)
MUL_MAT f32 m=64 n=96 k=64: 1 x 3.6 us = 3.6 us (216.747 GFLOPS/s)
MUL_MAT_ADD MUL_MAT_VEC q6_K m=5120 n=1 k=17408: 1 x 124.2 us = 124.2 us (1435.21 GFLOPS/s)
MUL_MAT_ADD MUL_MAT_VEC q6_K m=5120 n=1 k=6144: 1 x 54.4 us = 54.4 us (1156.42 GFLOPS/s)
MUL_MAT_VEC f32 m=256 n=4 k=256: 1 x 0.72 us = 0.72 us (726.756 GFLOPS/s)
MUL_MAT_VEC q6_K m=1024 n=1 k=5120: 2 x 9.14 us = 18.28 us (1147.13 GFLOPS/s)
MUL_MAT_VEC q6_K m=12288 n=1 k=5120: 1 x 85.88 us = 85.88 us (1465.03 GFLOPS/s)
MUL_MAT_VEC q6_K m=17408 n=1 k=5120: 2 x 121.74 us = 243.48 us (1464.11 GFLOPS/s)
MUL_MAT_VEC q6_K m=98304 n=1 k=5120: 1 x 669.72 us = 669.72 us (1502.92 GFLOPS/s)
MUL_MAT_VEC q8_0 m=5120 n=1 k=10240: 1 x 101.44 us = 101.44 us (1033.64 GFLOPS/s)
PAD: 1 x 6.28 us = 6.28 us
RMS_NORM_MUL RMS_NORM(256,24,1,1): 1 x 3.64 us = 3.64 us
RMS_NORM_MUL RMS_NORM(256,4,1,1): 1 x 3.6 us = 3.6 us
RMS_NORM_MUL RMS_NORM(5120,1,1,1): 5 x 3.696 us = 18.48 us
ROPE: 2 x 3.58 us = 7.16 us
SET_ROWS: 2 x 2.84 us = 5.68 us
SIGMOID_MUL SIGMOID: 1 x 1.64 us = 1.64 us
TOP_K K=10 (98304,1,1,1): 1 x 9.32 us = 9.32 us
Total time: 1395.64 us.
----------------
Vulkan Timings:
CONCAT: 1 x 3.76 us = 3.76 us
CONT: 1 x 3.6 us = 3.6 us
FLASH_ATTN_EXT dst(256,24,1,1),  q(256,1,24,1),  k(256,256,4,1),  v(256,256,4,1),  m(256,1,1,1): 1 x 13.04 us = 13.04 us (482.474 GFLOPS/s)
GET_ROWS: 2 x 4.16 us = 8.32 us
GLU: 1 x 1.8 us = 1.8 us
MUL_MAT f32 m=256 n=24 k=256: 1 x 1.64 us = 1.64 us (1914.38 GFLOPS/s)
MUL_MAT f32 m=64 n=16 k=64: 1 x 3.6 us = 3.6 us (36.1244 GFLOPS/s)
MUL_MAT f32 m=64 n=96 k=64: 1 x 3.64 us = 3.64 us (214.365 GFLOPS/s)
MUL_MAT_ADD MUL_MAT_VEC q6_K m=5120 n=1 k=17408: 1 x 123.92 us = 123.92 us (1438.45 GFLOPS/s)
MUL_MAT_ADD MUL_MAT_VEC q6_K m=5120 n=1 k=6144: 1 x 53.68 us = 53.68 us (1171.93 GFLOPS/s)
MUL_MAT_VEC f32 m=256 n=4 k=256: 1 x 3 us = 3 us (174.421 GFLOPS/s)
MUL_MAT_VEC q6_K m=1024 n=1 k=5120: 2 x 9.08 us = 18.16 us (1154.71 GFLOPS/s)
MUL_MAT_VEC q6_K m=12288 n=1 k=5120: 1 x 85.84 us = 85.84 us (1465.71 GFLOPS/s)
MUL_MAT_VEC q6_K m=17408 n=1 k=5120: 2 x 121.2 us = 242.4 us (1470.63 GFLOPS/s)
MUL_MAT_VEC q6_K m=98304 n=1 k=5120: 1 x 669.33 us = 669.33 us (1503.79 GFLOPS/s)
MUL_MAT_VEC q8_0 m=5120 n=1 k=10240: 1 x 101.24 us = 101.24 us (1035.68 GFLOPS/s)
PAD: 1 x 6.32 us = 6.32 us
RMS_NORM_MUL RMS_NORM(256,24,1,1): 1 x 3.64 us = 3.64 us
RMS_NORM_MUL RMS_NORM(256,4,1,1): 1 x 3.6 us = 3.6 us
RMS_NORM_MUL RMS_NORM(5120,1,1,1): 5 x 3.736 us = 18.68 us
ROPE: 2 x 5.4 us = 10.8 us
SET_ROWS: 2 x 2.66 us = 5.32 us
SIGMOID_MUL SIGMOID: 1 x 1.68 us = 1.68 us
TOP_K K=10 (98304,1,1,1): 1 x 9 us = 9 us
Total time: 1396.01 us.
----------------
Vulkan Timings:
ADD: 48 x 3.818 us = 183.28 us
CONCAT: 48 x 2.551 us = 122.48 us
CONT: 16 x 3.89 us = 62.24 us
CPY: 240 x 2.282 us = 547.68 us
FLASH_ATTN_EXT dst(256,24,5,1),  q(256,5,24,1),  k(256,256,4,1),  v(256,256,4,1),  m(256,5,1,1): 16 x 21.38 us = 342.08 us (1471.34 GFLOPS/s)
GDN_CACHE GATED_DELTA_NET: 48 x 13.793 us = 662.08 us
GET_ROWS: 50 x 27.252 us = 1362.64 us
GLU: 64 x 1.848 us = 118.32 us
MUL_MAT f32 m=256 n=120 k=256: 16 x 1.84 us = 29.44 us (8531.48 GFLOPS/s)
MUL_MAT f32 m=256 n=20 k=256: 16 x 3.177 us = 50.84 us (823.389 GFLOPS/s)
MUL_MAT f32 m=64 n=480 k=64: 16 x 3.675 us = 58.8 us (1061.62 GFLOPS/s)
MUL_MAT f32 m=64 n=80 k=64: 16 x 3.247 us = 51.96 us (200.228 GFLOPS/s)
MUL_MAT_ADD MUL_MAT_VEC q6_K m=5120 n=5 k=17408: 64 x 136.915 us = 8762.56 us (6509.62 GFLOPS/s)
MUL_MAT_ADD MUL_MAT_VEC q6_K m=5120 n=5 k=6144: 16 x 56.062 us = 897 us (5610.65 GFLOPS/s)
MUL_MAT_VEC f32 m=48 n=5 k=5120: 96 x 3.46 us = 332.24 us (710.049 GFLOPS/s)
MUL_MAT_VEC q6_K m=1024 n=5 k=5120: 32 x 10.618 us = 339.8 us (4936.9 GFLOPS/s)
MUL_MAT_VEC q6_K m=10240 n=5 k=5120: 48 x 81.525 us = 3913.24 us (6430.32 GFLOPS/s)
MUL_MAT_VEC q6_K m=12288 n=5 k=5120: 16 x 100.83 us = 1613.28 us (6239.06 GFLOPS/s)
MUL_MAT_VEC q6_K m=17408 n=5 k=5120: 128 x 142.603 us = 18253.3 us (6249.5 GFLOPS/s)
MUL_MAT_VEC q6_K m=248320 n=5 k=5120: 1 x 1757.6 us = 1757.6 us (7233.01 GFLOPS/s)
MUL_MAT_VEC q6_K m=6144 n=5 k=5120: 48 x 54.203 us = 2601.76 us (5803 GFLOPS/s)
MUL_MAT_VEC q8_0 m=5120 n=5 k=6144: 48 x 63.172 us = 3032.28 us (4979.18 GFLOPS/s)
RMS_NORM_MUL RMS_NORM(256,24,5,1): 16 x 4.557 us = 72.92 us
RMS_NORM_MUL RMS_NORM(256,4,5,1): 16 x 4.575 us = 73.2 us
RMS_NORM_MUL RMS_NORM(5120,5,1,1): 129 x 2.721 us = 351.12 us
RMS_NORM_MUL_SILU_MUL RMS_NORM(128,48,5,1): 48 x 5.766 us = 276.8 us
RMS_NORM_SCALE RMS_NORM(128,16,5,1): 96 x 2.687 us = 258 us
ROPE: 32 x 3.913 us = 125.24 us
SET_ROWS: 32 x 2.97 us = 95.04 us
SIGMOID_MUL SIGMOID: 16 x 1.712 us = 27.4 us
SSM_CONV_SILU SSM_CONV: 48 x 5.597 us = 268.68 us
Total time: 46643.3 us.
----------------
Vulkan Timings:
CONCAT: 1 x 2.04 us = 2.04 us
CONT: 1 x 4 us = 4 us
FLASH_ATTN_EXT dst(256,24,5,1),  q(256,5,24,1),  k(256,256,4,1),  v(256,256,4,1),  m(256,5,1,1): 1 x 24.76 us = 24.76 us (1270.49 GFLOPS/s)
GLU: 1 x 1.6 us = 1.6 us
MUL_MAT f32 m=256 n=120 k=256: 1 x 1.88 us = 1.88 us (8349.96 GFLOPS/s)
MUL_MAT f32 m=256 n=20 k=256: 1 x 3.32 us = 3.32 us (788.048 GFLOPS/s)
MUL_MAT f32 m=64 n=480 k=64: 1 x 4 us = 4 us (975.36 GFLOPS/s)
MUL_MAT f32 m=64 n=80 k=64: 1 x 3.92 us = 3.92 us (165.878 GFLOPS/s)
MUL_MAT_ADD MUL_MAT_VEC q6_K m=5120 n=5 k=17408: 1 x 158.51 us = 158.51 us (5622.76 GFLOPS/s)
MUL_MAT_ADD MUL_MAT_VEC q6_K m=5120 n=5 k=6144: 1 x 63.44 us = 63.44 us (4958.18 GFLOPS/s)
MUL_MAT_VEC q6_K m=1024 n=5 k=5120: 2 x 11.76 us = 23.52 us (4457.8 GFLOPS/s)
MUL_MAT_VEC q6_K m=12288 n=5 k=5120: 1 x 123 us = 123 us (5114.51 GFLOPS/s)
MUL_MAT_VEC q6_K m=17408 n=5 k=5120: 2 x 135.28 us = 270.56 us (6587.84 GFLOPS/s)
MUL_MAT_VEC q8_0 m=5120 n=5 k=10240: 1 x 107.92 us = 107.92 us (4857.88 GFLOPS/s)
RMS_NORM_MUL RMS_NORM(256,24,5,1): 1 x 4.08 us = 4.08 us
RMS_NORM_MUL RMS_NORM(256,4,5,1): 1 x 3.92 us = 3.92 us
RMS_NORM_MUL RMS_NORM(5120,5,1,1): 5 x 8.286 us = 41.43 us
ROPE: 2 x 3.94 us = 7.88 us
SET_ROWS: 2 x 1.96 us = 3.92 us
SIGMOID_MUL SIGMOID: 1 x 1.88 us = 1.88 us
Total time: 855.58 us.
----------------
Vulkan Timings:
CONCAT: 1 x 3.8 us = 3.8 us
CONT: 1 x 3.64 us = 3.64 us
FLASH_ATTN_EXT dst(256,24,1,1),  q(256,1,24,1),  k(256,256,4,1),  v(256,256,4,1),  m(256,1,1,1): 1 x 12.68 us = 12.68 us (496.172 GFLOPS/s)
GET_ROWS: 2 x 4.28 us = 8.56 us
GLU: 1 x 1.68 us = 1.68 us
MUL_MAT f32 m=256 n=24 k=256: 1 x 1.6 us = 1.6 us (1962.24 GFLOPS/s)
MUL_MAT f32 m=64 n=16 k=64: 1 x 1.88 us = 1.88 us (69.1745 GFLOPS/s)
MUL_MAT f32 m=64 n=96 k=64: 1 x 3.28 us = 3.28 us (237.893 GFLOPS/s)
MUL_MAT_ADD MUL_MAT_VEC q6_K m=5120 n=1 k=17408: 1 x 131.2 us = 131.2 us (1358.63 GFLOPS/s)
MUL_MAT_ADD MUL_MAT_VEC q6_K m=5120 n=1 k=6144: 1 x 53.88 us = 53.88 us (1167.58 GFLOPS/s)
MUL_MAT_VEC f32 m=256 n=4 k=256: 1 x 3.12 us = 3.12 us (167.713 GFLOPS/s)
MUL_MAT_VEC q6_K m=1024 n=1 k=5120: 2 x 9.34 us = 18.68 us (1122.56 GFLOPS/s)
MUL_MAT_VEC q6_K m=12288 n=1 k=5120: 1 x 90.24 us = 90.24 us (1394.25 GFLOPS/s)
MUL_MAT_VEC q6_K m=17408 n=1 k=5120: 2 x 118.26 us = 236.52 us (1507.19 GFLOPS/s)
MUL_MAT_VEC q6_K m=98304 n=1 k=5120: 1 x 667.56 us = 667.56 us (1507.78 GFLOPS/s)
MUL_MAT_VEC q8_0 m=5120 n=1 k=10240: 1 x 93.52 us = 93.52 us (1121.18 GFLOPS/s)
PAD: 1 x 6.44 us = 6.44 us
RMS_NORM_MUL RMS_NORM(256,24,1,1): 1 x 3.28 us = 3.28 us
RMS_NORM_MUL RMS_NORM(256,4,1,1): 1 x 4.96 us = 4.96 us
RMS_NORM_MUL RMS_NORM(5120,1,1,1): 5 x 4.272 us = 21.36 us
ROPE: 2 x 3.38 us = 6.76 us
SET_ROWS: 2 x 2.7 us = 5.4 us
SIGMOID_MUL SIGMOID: 1 x 1.6 us = 1.6 us
TOP_K K=10 (98304,1,1,1): 1 x 9.12 us = 9.12 us
Total time: 1390.76 us.
----------------
Vulkan Timings:
CONCAT: 1 x 3.76 us = 3.76 us
CONT: 1 x 3.68 us = 3.68 us
FLASH_ATTN_EXT dst(256,24,1,1),  q(256,1,24,1),  k(256,256,4,1),  v(256,256,4,1),  m(256,1,1,1): 1 x 12.92 us = 12.92 us (486.955 GFLOPS/s)
GET_ROWS: 2 x 4.2 us = 8.4 us
GLU: 1 x 1.84 us = 1.84 us
MUL_MAT f32 m=256 n=24 k=256: 1 x 1.72 us = 1.72 us (1825.34 GFLOPS/s)
MUL_MAT f32 m=64 n=16 k=64: 1 x 3.64 us = 3.64 us (35.7275 GFLOPS/s)
MUL_MAT f32 m=64 n=96 k=64: 1 x 3.64 us = 3.64 us (214.365 GFLOPS/s)
MUL_MAT_ADD MUL_MAT_VEC q6_K m=5120 n=1 k=17408: 1 x 123.44 us = 123.44 us (1444.04 GFLOPS/s)
MUL_MAT_ADD MUL_MAT_VEC q6_K m=5120 n=1 k=6144: 1 x 54.4 us = 54.4 us (1156.42 GFLOPS/s)
MUL_MAT_VEC f32 m=256 n=4 k=256: 1 x 3.08 us = 3.08 us (169.891 GFLOPS/s)
MUL_MAT_VEC q6_K m=1024 n=1 k=5120: 2 x 9.22 us = 18.44 us (1137.17 GFLOPS/s)
MUL_MAT_VEC q6_K m=12288 n=1 k=5120: 1 x 85.6 us = 85.6 us (1469.82 GFLOPS/s)
MUL_MAT_VEC q6_K m=17408 n=1 k=5120: 2 x 121.18 us = 242.36 us (1470.87 GFLOPS/s)
MUL_MAT_VEC q6_K m=98304 n=1 k=5120: 1 x 669.63 us = 669.63 us (1503.12 GFLOPS/s)
MUL_MAT_VEC q8_0 m=5120 n=1 k=10240: 1 x 101.2 us = 101.2 us (1036.09 GFLOPS/s)
PAD: 1 x 7.16 us = 7.16 us
RMS_NORM_MUL RMS_NORM(256,24,1,1): 1 x 3.68 us = 3.68 us
RMS_NORM_MUL RMS_NORM(256,4,1,1): 1 x 3.68 us = 3.68 us
RMS_NORM_MUL RMS_NORM(5120,1,1,1): 5 x 3.728 us = 18.64 us
ROPE: 2 x 3.64 us = 7.28 us
SET_ROWS: 2 x 2.62 us = 5.24 us
SIGMOID_MUL SIGMOID: 1 x 1.68 us = 1.68 us
TOP_K K=10 (98304,1,1,1): 1 x 8.8 us = 8.8 us
Total time: 1393.91 us.
----------------
Vulkan Timings:
CONCAT: 1 x 3.96 us = 3.96 us
CONT: 1 x 3.64 us = 3.64 us
FLASH_ATTN_EXT dst(256,24,1,1),  q(256,1,24,1),  k(256,256,4,1),  v(256,256,4,1),  m(256,1,1,1): 1 x 12.92 us = 12.92 us (486.955 GFLOPS/s)
GET_ROWS: 2 x 4.26 us = 8.52 us
GLU: 1 x 1.84 us = 1.84 us
MUL_MAT f32 m=256 n=24 k=256: 1 x 1.6 us = 1.6 us (1962.24 GFLOPS/s)
MUL_MAT f32 m=64 n=16 k=64: 1 x 3.64 us = 3.64 us (35.7275 GFLOPS/s)
MUL_MAT f32 m=64 n=96 k=64: 1 x 3.6 us = 3.6 us (216.747 GFLOPS/s)
MUL_MAT_ADD MUL_MAT_VEC q6_K m=5120 n=1 k=17408: 1 x 124.84 us = 124.84 us (1427.85 GFLOPS/s)
MUL_MAT_ADD MUL_MAT_VEC q6_K m=5120 n=1 k=6144: 1 x 54.24 us = 54.24 us (1159.83 GFLOPS/s)
MUL_MAT_VEC f32 m=256 n=4 k=256: 1 x 3.08 us = 3.08 us (169.891 GFLOPS/s)
MUL_MAT_VEC q6_K m=1024 n=1 k=5120: 2 x 9.32 us = 18.64 us (1124.97 GFLOPS/s)
MUL_MAT_VEC q6_K m=12288 n=1 k=5120: 1 x 85.8 us = 85.8 us (1466.4 GFLOPS/s)
MUL_MAT_VEC q6_K m=17408 n=1 k=5120: 2 x 121.06 us = 242.12 us (1472.33 GFLOPS/s)
MUL_MAT_VEC q6_K m=98304 n=1 k=5120: 1 x 672.63 us = 672.63 us (1496.42 GFLOPS/s)
MUL_MAT_VEC q8_0 m=5120 n=1 k=10240: 1 x 101.44 us = 101.44 us (1033.64 GFLOPS/s)
PAD: 1 x 6.08 us = 6.08 us
RMS_NORM_MUL RMS_NORM(256,24,1,1): 1 x 3.6 us = 3.6 us
RMS_NORM_MUL RMS_NORM(256,4,1,1): 1 x 3.56 us = 3.56 us
RMS_NORM_MUL RMS_NORM(5120,1,1,1): 5 x 3.72 us = 18.6 us
ROPE: 2 x 3.56 us = 7.12 us
SET_ROWS: 2 x 2.62 us = 5.24 us
SIGMOID_MUL SIGMOID: 1 x 1.72 us = 1.72 us
TOP_K K=10 (98304,1,1,1): 1 x 8.72 us = 8.72 us
Total time: 1397.15 us.
----------------
Vulkan Timings:
CONCAT: 1 x 3.76 us = 3.76 us
CONT: 1 x 3.64 us = 3.64 us
FLASH_ATTN_EXT dst(256,24,1,1),  q(256,1,24,1),  k(256,256,4,1),  v(256,256,4,1),  m(256,1,1,1): 1 x 12.92 us = 12.92 us (486.955 GFLOPS/s)
GET_ROWS: 2 x 5.3 us = 10.6 us
GLU: 1 x 1.8 us = 1.8 us
MUL_MAT f32 m=256 n=24 k=256: 1 x 1.64 us = 1.64 us (1914.38 GFLOPS/s)
MUL_MAT f32 m=64 n=16 k=64: 1 x 3.6 us = 3.6 us (36.1244 GFLOPS/s)
MUL_MAT f32 m=64 n=96 k=64: 1 x 3.6 us = 3.6 us (216.747 GFLOPS/s)
MUL_MAT_ADD MUL_MAT_VEC q6_K m=5120 n=1 k=17408: 1 x 123.56 us = 123.56 us (1442.64 GFLOPS/s)
MUL_MAT_ADD MUL_MAT_VEC q6_K m=5120 n=1 k=6144: 1 x 54.72 us = 54.72 us (1149.66 GFLOPS/s)
MUL_MAT_VEC f32 m=256 n=4 k=256: 1 x 3.04 us = 3.04 us (172.126 GFLOPS/s)
MUL_MAT_VEC q6_K m=1024 n=1 k=5120: 2 x 9.08 us = 18.16 us (1154.71 GFLOPS/s)
MUL_MAT_VEC q6_K m=12288 n=1 k=5120: 1 x 85.88 us = 85.88 us (1465.03 GFLOPS/s)
MUL_MAT_VEC q6_K m=17408 n=1 k=5120: 2 x 121.66 us = 243.32 us (1465.07 GFLOPS/s)
MUL_MAT_VEC q6_K m=98304 n=1 k=5120: 1 x 671.06 us = 671.06 us (1499.92 GFLOPS/s)
MUL_MAT_VEC q8_0 m=5120 n=1 k=10240: 1 x 101.28 us = 101.28 us (1035.27 GFLOPS/s)
PAD: 1 x 6.28 us = 6.28 us
RMS_NORM_MUL RMS_NORM(256,24,1,1): 1 x 3.6 us = 3.6 us
RMS_NORM_MUL RMS_NORM(256,4,1,1): 1 x 3.64 us = 3.64 us
RMS_NORM_MUL RMS_NORM(5120,1,1,1): 5 x 3.744 us = 18.72 us
ROPE: 2 x 3.58 us = 7.16 us
SET_ROWS: 2 x 2.62 us = 5.24 us
SIGMOID_MUL SIGMOID: 1 x 1.64 us = 1.64 us
TOP_K K=10 (98304,1,1,1): 1 x 9.2 us = 9.2 us
Total time: 1398.06 us.
----------------
Vulkan Timings:
ADD: 48 x 3.815 us = 183.12 us
CONCAT: 48 x 2.464 us = 118.28 us
CONT: 16 x 3.862 us = 61.8 us
CPY: 240 x 2.261 us = 542.84 us
FLASH_ATTN_EXT dst(256,24,5,1),  q(256,5,24,1),  k(256,256,4,1),  v(256,256,4,1),  m(256,5,1,1): 16 x 21.547 us = 344.76 us (1459.9 GFLOPS/s)
GDN_CACHE GATED_DELTA_NET: 48 x 13.9 us = 667.24 us
GET_ROWS: 50 x 26.89 us = 1344.52 us
GLU: 64 x 1.861 us = 119.16 us
MUL_MAT f32 m=256 n=120 k=256: 16 x 1.855 us = 29.68 us (8462.49 GFLOPS/s)
MUL_MAT f32 m=256 n=20 k=256: 16 x 3.002 us = 48.04 us (871.381 GFLOPS/s)
MUL_MAT f32 m=64 n=480 k=64: 16 x 3.652 us = 58.44 us (1068.16 GFLOPS/s)
MUL_MAT f32 m=64 n=80 k=64: 16 x 3.235 us = 51.76 us (201.002 GFLOPS/s)
MUL_MAT_ADD MUL_MAT_VEC q6_K m=5120 n=5 k=17408: 64 x 136.783 us = 8754.16 us (6515.86 GFLOPS/s)
MUL_MAT_ADD MUL_MAT_VEC q6_K m=5120 n=5 k=6144: 16 x 55.957 us = 895.32 us (5621.18 GFLOPS/s)
MUL_MAT_VEC f32 m=48 n=5 k=5120: 96 x 3.453 us = 331.52 us (711.591 GFLOPS/s)
MUL_MAT_VEC q6_K m=1024 n=5 k=5120: 32 x 9.236 us = 295.56 us (5675.86 GFLOPS/s)
MUL_MAT_VEC q6_K m=10240 n=5 k=5120: 48 x 81.656 us = 3919.52 us (6420.01 GFLOPS/s)
MUL_MAT_VEC q6_K m=12288 n=5 k=5120: 16 x 105.325 us = 1685.2 us (5972.79 GFLOPS/s)
MUL_MAT_VEC q6_K m=17408 n=5 k=5120: 128 x 142.571 us = 18249.2 us (6250.9 GFLOPS/s)
MUL_MAT_VEC q6_K m=248320 n=5 k=5120: 1 x 1749.64 us = 1749.64 us (7265.92 GFLOPS/s)
MUL_MAT_VEC q6_K m=6144 n=5 k=5120: 48 x 53.994 us = 2591.72 us (5825.48 GFLOPS/s)
MUL_MAT_VEC q8_0 m=5120 n=5 k=6144: 48 x 63.19 us = 3033.12 us (4977.8 GFLOPS/s)
RMS_NORM_MUL RMS_NORM(256,24,5,1): 16 x 3.74 us = 59.84 us
RMS_NORM_MUL RMS_NORM(256,4,5,1): 16 x 4.547 us = 72.76 us
RMS_NORM_MUL RMS_NORM(5120,5,1,1): 129 x 2.716 us = 350.4 us
RMS_NORM_MUL_SILU_MUL RMS_NORM(128,48,5,1): 48 x 5.748 us = 275.92 us
RMS_NORM_SCALE RMS_NORM(128,16,5,1): 96 x 2.658 us = 255.2 us
ROPE: 32 x 3.903 us = 124.92 us
SET_ROWS: 32 x 2.928 us = 93.72 us
SIGMOID_MUL SIGMOID: 16 x 1.697 us = 27.16 us
SSM_CONV_SILU SSM_CONV: 48 x 5.75 us = 276 us
Total time: 46610.5 us.
----------------
Vulkan Timings:
CONCAT: 1 x 2.04 us = 2.04 us
CONT: 1 x 3.84 us = 3.84 us
FLASH_ATTN_EXT dst(256,24,5,1),  q(256,5,24,1),  k(256,256,4,1),  v(256,256,4,1),  m(256,5,1,1): 1 x 21.36 us = 21.36 us (1472.72 GFLOPS/s)
GLU: 1 x 1.56 us = 1.56 us
MUL_MAT f32 m=256 n=120 k=256: 1 x 1.8 us = 1.8 us (8721.07 GFLOPS/s)
MUL_MAT f32 m=256 n=20 k=256: 1 x 3.16 us = 3.16 us (827.949 GFLOPS/s)
MUL_MAT f32 m=64 n=480 k=64: 1 x 3.8 us = 3.8 us (1026.69 GFLOPS/s)
MUL_MAT f32 m=64 n=80 k=64: 1 x 3.8 us = 3.8 us (171.116 GFLOPS/s)
MUL_MAT_ADD MUL_MAT_VEC q6_K m=5120 n=5 k=17408: 1 x 157.14 us = 157.14 us (5671.78 GFLOPS/s)
MUL_MAT_ADD MUL_MAT_VEC q6_K m=5120 n=5 k=6144: 1 x 62.56 us = 62.56 us (5027.93 GFLOPS/s)
MUL_MAT_VEC q6_K m=1024 n=5 k=5120: 2 x 11.36 us = 22.72 us (4614.76 GFLOPS/s)
MUL_MAT_VEC q6_K m=12288 n=5 k=5120: 1 x 117.58 us = 117.58 us (5350.27 GFLOPS/s)
MUL_MAT_VEC q6_K m=17408 n=5 k=5120: 2 x 134.62 us = 269.24 us (6620.13 GFLOPS/s)
MUL_MAT_VEC q8_0 m=5120 n=5 k=10240: 1 x 107.96 us = 107.96 us (4856.08 GFLOPS/s)
RMS_NORM_MUL RMS_NORM(256,24,5,1): 1 x 3.96 us = 3.96 us
RMS_NORM_MUL RMS_NORM(256,4,5,1): 1 x 3.8 us = 3.8 us
RMS_NORM_MUL RMS_NORM(5120,5,1,1): 5 x 8.184 us = 40.92 us
ROPE: 2 x 3.84 us = 7.68 us
SET_ROWS: 2 x 2.74 us = 5.48 us
SIGMOID_MUL SIGMOID: 1 x 1.84 us = 1.84 us
Total time: 842.24 us.
----------------
Vulkan Timings:
CONCAT: 1 x 3.72 us = 3.72 us
CONT: 1 x 3.6 us = 3.6 us
FLASH_ATTN_EXT dst(256,24,1,1),  q(256,1,24,1),  k(256,256,4,1),  v(256,256,4,1),  m(256,1,1,1): 1 x 12.64 us = 12.64 us (497.742 GFLOPS/s)
GET_ROWS: 2 x 4.22 us = 8.44 us
GLU: 1 x 1.72 us = 1.72 us
MUL_MAT f32 m=256 n=24 k=256: 1 x 1.6 us = 1.6 us (1962.24 GFLOPS/s)
MUL_MAT f32 m=64 n=16 k=64: 1 x 1.88 us = 1.88 us (69.1745 GFLOPS/s)
MUL_MAT f32 m=64 n=96 k=64: 1 x 3.24 us = 3.24 us (240.83 GFLOPS/s)
MUL_MAT_ADD MUL_MAT_VEC q6_K m=5120 n=1 k=17408: 1 x 129.44 us = 129.44 us (1377.11 GFLOPS/s)
MUL_MAT_ADD MUL_MAT_VEC q6_K m=5120 n=1 k=6144: 1 x 53.92 us = 53.92 us (1166.72 GFLOPS/s)
MUL_MAT_VEC f32 m=256 n=4 k=256: 1 x 3.08 us = 3.08 us (169.891 GFLOPS/s)
MUL_MAT_VEC q6_K m=1024 n=1 k=5120: 2 x 9.48 us = 18.96 us (1105.98 GFLOPS/s)
MUL_MAT_VEC q6_K m=12288 n=1 k=5120: 1 x 89.88 us = 89.88 us (1399.83 GFLOPS/s)
MUL_MAT_VEC q6_K m=17408 n=1 k=5120: 2 x 118.16 us = 236.32 us (1508.47 GFLOPS/s)
MUL_MAT_VEC q6_K m=98304 n=1 k=5120: 1 x 674.6 us = 674.6 us (1492.05 GFLOPS/s)
MUL_MAT_VEC q8_0 m=5120 n=1 k=10240: 1 x 91.32 us = 91.32 us (1148.19 GFLOPS/s)
PAD: 1 x 6.36 us = 6.36 us
RMS_NORM_MUL RMS_NORM(256,24,1,1): 1 x 3.28 us = 3.28 us
RMS_NORM_MUL RMS_NORM(256,4,1,1): 1 x 4.96 us = 4.96 us
RMS_NORM_MUL RMS_NORM(5120,1,1,1): 5 x 4.424 us = 22.12 us
ROPE: 2 x 3.42 us = 6.84 us
SET_ROWS: 2 x 2.62 us = 5.24 us
SIGMOID_MUL SIGMOID: 1 x 1.56 us = 1.56 us
TOP_K K=10 (98304,1,1,1): 1 x 9.16 us = 9.16 us
Total time: 1393.88 us.
----------------
Vulkan Timings:
CONCAT: 1 x 3.72 us = 3.72 us
CONT: 1 x 3.64 us = 3.64 us
FLASH_ATTN_EXT dst(256,24,1,1),  q(256,1,24,1),  k(256,256,4,1),  v(256,256,4,1),  m(256,1,1,1): 1 x 13.04 us = 13.04 us (482.474 GFLOPS/s)
GET_ROWS: 2 x 4.16 us = 8.32 us
GLU: 1 x 1.72 us = 1.72 us
MUL_MAT f32 m=256 n=24 k=256: 1 x 1.64 us = 1.64 us (1914.38 GFLOPS/s)
MUL_MAT f32 m=64 n=16 k=64: 1 x 3.56 us = 3.56 us (36.5303 GFLOPS/s)
MUL_MAT f32 m=64 n=96 k=64: 1 x 3.6 us = 3.6 us (216.747 GFLOPS/s)
MUL_MAT_ADD MUL_MAT_VEC q6_K m=5120 n=1 k=17408: 1 x 123.68 us = 123.68 us (1441.24 GFLOPS/s)
MUL_MAT_ADD MUL_MAT_VEC q6_K m=5120 n=1 k=6144: 1 x 54.4 us = 54.4 us (1156.42 GFLOPS/s)
MUL_MAT_VEC f32 m=256 n=4 k=256: 1 x 3 us = 3 us (174.421 GFLOPS/s)
MUL_MAT_VEC q6_K m=1024 n=1 k=5120: 2 x 9.28 us = 18.56 us (1129.82 GFLOPS/s)
MUL_MAT_VEC q6_K m=12288 n=1 k=5120: 1 x 85.88 us = 85.88 us (1465.03 GFLOPS/s)
MUL_MAT_VEC q6_K m=17408 n=1 k=5120: 2 x 121.36 us = 242.72 us (1468.69 GFLOPS/s)
MUL_MAT_VEC q6_K m=98304 n=1 k=5120: 1 x 674.59 us = 674.59 us (1492.07 GFLOPS/s)
MUL_MAT_VEC q8_0 m=5120 n=1 k=10240: 1 x 100.96 us = 100.96 us (1038.55 GFLOPS/s)
PAD: 1 x 6.36 us = 6.36 us
RMS_NORM_MUL RMS_NORM(256,24,1,1): 1 x 3.64 us = 3.64 us
RMS_NORM_MUL RMS_NORM(256,4,1,1): 1 x 3.6 us = 3.6 us
RMS_NORM_MUL RMS_NORM(5120,1,1,1): 5 x 3.704 us = 18.52 us
ROPE: 2 x 3.54 us = 7.08 us
SET_ROWS: 2 x 2.62 us = 5.24 us
SIGMOID_MUL SIGMOID: 1 x 1.68 us = 1.68 us
TOP_K K=10 (98304,1,1,1): 1 x 9.04 us = 9.04 us
Total time: 1398.19 us.
----------------
Vulkan Timings:
CONCAT: 1 x 3.8 us = 3.8 us
CONT: 1 x 3.64 us = 3.64 us
FLASH_ATTN_EXT dst(256,24,1,1),  q(256,1,24,1),  k(256,256,4,1),  v(256,256,4,1),  m(256,1,1,1): 1 x 12.8 us = 12.8 us (491.52 GFLOPS/s)
GET_ROWS: 2 x 4.3 us = 8.6 us
GLU: 1 x 2.08 us = 2.08 us
MUL_MAT f32 m=256 n=24 k=256: 1 x 1.68 us = 1.68 us (1868.8 GFLOPS/s)
MUL_MAT f32 m=64 n=16 k=64: 1 x 3.56 us = 3.56 us (36.5303 GFLOPS/s)
MUL_MAT f32 m=64 n=96 k=64: 1 x 3.56 us = 3.56 us (219.182 GFLOPS/s)
MUL_MAT_ADD MUL_MAT_VEC q6_K m=5120 n=1 k=17408: 1 x 123.28 us = 123.28 us (1445.92 GFLOPS/s)
MUL_MAT_ADD MUL_MAT_VEC q6_K m=5120 n=1 k=6144: 1 x 53.4 us = 53.4 us (1178.08 GFLOPS/s)
MUL_MAT_VEC f32 m=256 n=4 k=256: 1 x 3.04 us = 3.04 us (172.126 GFLOPS/s)
MUL_MAT_VEC q6_K m=1024 n=1 k=5120: 2 x 9.08 us = 18.16 us (1154.71 GFLOPS/s)
MUL_MAT_VEC q6_K m=12288 n=1 k=5120: 1 x 85.6 us = 85.6 us (1469.82 GFLOPS/s)
MUL_MAT_VEC q6_K m=17408 n=1 k=5120: 2 x 121.1 us = 242.2 us (1471.85 GFLOPS/s)
MUL_MAT_VEC q6_K m=98304 n=1 k=5120: 1 x 676.39 us = 676.39 us (1488.1 GFLOPS/s)
MUL_MAT_VEC q8_0 m=5120 n=1 k=10240: 1 x 101.6 us = 101.6 us (1032.01 GFLOPS/s)
PAD: 1 x 6.32 us = 6.32 us
RMS_NORM_MUL RMS_NORM(256,24,1,1): 1 x 3.6 us = 3.6 us
RMS_NORM_MUL RMS_NORM(256,4,1,1): 1 x 3.6 us = 3.6 us
RMS_NORM_MUL RMS_NORM(5120,1,1,1): 5 x 3.736 us = 18.68 us
ROPE: 2 x 3.58 us = 7.16 us
SET_ROWS: 2 x 2.66 us = 5.32 us
SIGMOID_MUL SIGMOID: 1 x 1.68 us = 1.68 us
TOP_K K=10 (98304,1,1,1): 1 x 9 us = 9 us
Total time: 1398.75 us.
----------------
Vulkan Timings:
CONCAT: 1 x 4.68 us = 4.68 us
CONT: 1 x 3.6 us = 3.6 us
FLASH_ATTN_EXT dst(256,24,1,1),  q(256,1,24,1),  k(256,256,4,1),  v(256,256,4,1),  m(256,1,1,1): 1 x 14.48 us = 14.48 us (434.493 GFLOPS/s)
GET_ROWS: 2 x 4.32 us = 8.64 us
GLU: 1 x 1.84 us = 1.84 us
MUL_MAT f32 m=256 n=24 k=256: 1 x 2.2 us = 2.2 us (1427.08 GFLOPS/s)
MUL_MAT f32 m=64 n=16 k=64: 1 x 3.64 us = 3.64 us (35.7275 GFLOPS/s)
MUL_MAT f32 m=64 n=96 k=64: 1 x 3.56 us = 3.56 us (219.182 GFLOPS/s)
MUL_MAT_ADD MUL_MAT_VEC q6_K m=5120 n=1 k=17408: 1 x 122.92 us = 122.92 us (1450.15 GFLOPS/s)
MUL_MAT_ADD MUL_MAT_VEC q6_K m=5120 n=1 k=6144: 1 x 53.92 us = 53.92 us (1166.72 GFLOPS/s)
MUL_MAT_VEC f32 m=256 n=4 k=256: 1 x 0.72 us = 0.72 us (726.756 GFLOPS/s)
MUL_MAT_VEC q6_K m=1024 n=1 k=5120: 2 x 9.02 us = 18.04 us (1162.39 GFLOPS/s)
MUL_MAT_VEC q6_K m=12288 n=1 k=5120: 1 x 86.2 us = 86.2 us (1459.59 GFLOPS/s)
MUL_MAT_VEC q6_K m=17408 n=1 k=5120: 2 x 121.28 us = 242.56 us (1469.66 GFLOPS/s)
MUL_MAT_VEC q6_K m=98304 n=1 k=5120: 1 x 677.08 us = 677.08 us (1486.58 GFLOPS/s)
MUL_MAT_VEC q8_0 m=5120 n=1 k=10240: 1 x 100.12 us = 100.12 us (1047.27 GFLOPS/s)
PAD: 1 x 6.52 us = 6.52 us
RMS_NORM_MUL RMS_NORM(256,24,1,1): 1 x 3.64 us = 3.64 us
RMS_NORM_MUL RMS_NORM(256,4,1,1): 1 x 3.56 us = 3.56 us
RMS_NORM_MUL RMS_NORM(5120,1,1,1): 5 x 3.696 us = 18.48 us
ROPE: 2 x 3.6 us = 7.2 us
SET_ROWS: 2 x 2.84 us = 5.68 us
SIGMOID_MUL SIGMOID: 1 x 1.68 us = 1.68 us
TOP_K K=10 (98304,1,1,1): 1 x 8.36 us = 8.36 us
Total time: 1399.32 us.
----------------
Vulkan Timings:
ADD: 48 x 3.83 us = 183.84 us
CONCAT: 48 x 2.574 us = 123.56 us
CONT: 16 x 3.912 us = 62.6 us
CPY: 240 x 2.274 us = 545.96 us
FLASH_ATTN_EXT dst(256,24,5,1),  q(256,5,24,1),  k(256,256,4,1),  v(256,256,4,1),  m(256,5,1,1): 16 x 21.405 us = 342.48 us (1469.62 GFLOPS/s)
GDN_CACHE GATED_DELTA_NET: 48 x 13.815 us = 663.12 us
GET_ROWS: 50 x 27.254 us = 1362.72 us
GLU: 64 x 1.861 us = 119.12 us
MUL_MAT f32 m=256 n=120 k=256: 16 x 1.862 us = 29.8 us (8428.41 GFLOPS/s)
MUL_MAT f32 m=256 n=20 k=256: 16 x 3.052 us = 48.84 us (857.107 GFLOPS/s)
MUL_MAT f32 m=64 n=480 k=64: 16 x 3.692 us = 59.08 us (1056.58 GFLOPS/s)
MUL_MAT f32 m=64 n=80 k=64: 16 x 3.257 us = 52.12 us (199.613 GFLOPS/s)
MUL_MAT_ADD MUL_MAT_VEC q6_K m=5120 n=5 k=17408: 64 x 137.041 us = 8770.68 us (6503.59 GFLOPS/s)
MUL_MAT_ADD MUL_MAT_VEC q6_K m=5120 n=5 k=6144: 16 x 55.9 us = 894.4 us (5626.96 GFLOPS/s)
MUL_MAT_VEC f32 m=48 n=5 k=5120: 96 x 3.425 us = 328.88 us (717.303 GFLOPS/s)
MUL_MAT_VEC q6_K m=1024 n=5 k=5120: 32 x 9.311 us = 297.96 us (5630.14 GFLOPS/s)
MUL_MAT_VEC q6_K m=10240 n=5 k=5120: 48 x 81.604 us = 3917 us (6424.14 GFLOPS/s)
MUL_MAT_VEC q6_K m=12288 n=5 k=5120: 16 x 105.527 us = 1688.44 us (5961.33 GFLOPS/s)
MUL_MAT_VEC q6_K m=17408 n=5 k=5120: 128 x 142.398 us = 18227 us (6258.5 GFLOPS/s)
MUL_MAT_VEC q6_K m=248320 n=5 k=5120: 1 x 1758.08 us = 1758.08 us (7231.04 GFLOPS/s)
MUL_MAT_VEC q6_K m=6144 n=5 k=5120: 48 x 54.15 us = 2599.2 us (5808.72 GFLOPS/s)
MUL_MAT_VEC q8_0 m=5120 n=5 k=6144: 48 x 63.342 us = 3040.44 us (4965.82 GFLOPS/s)
RMS_NORM_MUL RMS_NORM(256,24,5,1): 16 x 3.777 us = 60.44 us
RMS_NORM_MUL RMS_NORM(256,4,5,1): 16 x 4.587 us = 73.4 us
RMS_NORM_MUL RMS_NORM(5120,5,1,1): 129 x 2.705 us = 349 us
RMS_NORM_MUL_SILU_MUL RMS_NORM(128,48,5,1): 48 x 5.794 us = 278.12 us
RMS_NORM_SCALE RMS_NORM(128,16,5,1): 96 x 2.73 us = 262.12 us
ROPE: 32 x 3.932 us = 125.84 us
SET_ROWS: 32 x 3.048 us = 97.56 us
SIGMOID_MUL SIGMOID: 16 x 1.715 us = 27.44 us
SSM_CONV_SILU SSM_CONV: 48 x 5.71 us = 274.12 us
Total time: 46663.4 us.
----------------
Vulkan Timings:
CONCAT: 1 x 2.04 us = 2.04 us
CONT: 1 x 3.8 us = 3.8 us
FLASH_ATTN_EXT dst(256,24,5,1),  q(256,5,24,1),  k(256,256,4,1),  v(256,256,4,1),  m(256,5,1,1): 1 x 21.64 us = 21.64 us (1453.66 GFLOPS/s)
GLU: 1 x 1.64 us = 1.64 us
MUL_MAT f32 m=256 n=120 k=256: 1 x 1.76 us = 1.76 us (8919.27 GFLOPS/s)
MUL_MAT f32 m=256 n=20 k=256: 1 x 3.16 us = 3.16 us (827.949 GFLOPS/s)
MUL_MAT f32 m=64 n=480 k=64: 1 x 3.84 us = 3.84 us (1016 GFLOPS/s)
MUL_MAT f32 m=64 n=80 k=64: 1 x 3.88 us = 3.88 us (167.588 GFLOPS/s)
MUL_MAT_ADD MUL_MAT_VEC q6_K m=5120 n=5 k=17408: 1 x 159.1 us = 159.1 us (5601.91 GFLOPS/s)
MUL_MAT_ADD MUL_MAT_VEC q6_K m=5120 n=5 k=6144: 1 x 61.96 us = 61.96 us (5076.62 GFLOPS/s)
MUL_MAT_VEC q6_K m=1024 n=5 k=5120: 2 x 11.6 us = 23.2 us (4519.28 GFLOPS/s)
MUL_MAT_VEC q6_K m=12288 n=5 k=5120: 1 x 119.88 us = 119.88 us (5247.62 GFLOPS/s)
MUL_MAT_VEC q6_K m=17408 n=5 k=5120: 2 x 135 us = 270 us (6601.5 GFLOPS/s)
MUL_MAT_VEC q8_0 m=5120 n=5 k=10240: 1 x 106.2 us = 106.2 us (4936.56 GFLOPS/s)
RMS_NORM_MUL RMS_NORM(256,24,5,1): 1 x 4 us = 4 us
RMS_NORM_MUL RMS_NORM(256,4,5,1): 1 x 3.8 us = 3.8 us
RMS_NORM_MUL RMS_NORM(5120,5,1,1): 5 x 8.3 us = 41.5 us
ROPE: 2 x 3.84 us = 7.68 us
SET_ROWS: 2 x 2.76 us = 5.52 us
SIGMOID_MUL SIGMOID: 1 x 1.84 us = 1.84 us
Total time: 846.44 us.
----------------
Vulkan Timings:
CONCAT: 1 x 3.68 us = 3.68 us
CONT: 1 x 3.56 us = 3.56 us
FLASH_ATTN_EXT dst(256,24,1,1),  q(256,1,24,1),  k(256,256,4,1),  v(256,256,4,1),  m(256,1,1,1): 1 x 12.68 us = 12.68 us (496.172 GFLOPS/s)
GET_ROWS: 2 x 4.3 us = 8.6 us
GLU: 1 x 1.6 us = 1.6 us
MUL_MAT f32 m=256 n=24 k=256: 1 x 1.48 us = 1.48 us (2121.34 GFLOPS/s)
MUL_MAT f32 m=64 n=16 k=64: 1 x 1.8 us = 1.8 us (72.2489 GFLOPS/s)
MUL_MAT f32 m=64 n=96 k=64: 1 x 3.24 us = 3.24 us (240.83 GFLOPS/s)
MUL_MAT_ADD MUL_MAT_VEC q6_K m=5120 n=1 k=17408: 1 x 130 us = 130 us (1371.18 GFLOPS/s)
MUL_MAT_ADD MUL_MAT_VEC q6_K m=5120 n=1 k=6144: 1 x 53.96 us = 53.96 us (1165.85 GFLOPS/s)
MUL_MAT_VEC f32 m=256 n=4 k=256: 1 x 3.08 us = 3.08 us (169.891 GFLOPS/s)
MUL_MAT_VEC q6_K m=1024 n=1 k=5120: 2 x 9.38 us = 18.76 us (1117.78 GFLOPS/s)
MUL_MAT_VEC q6_K m=12288 n=1 k=5120: 1 x 90.64 us = 90.64 us (1388.09 GFLOPS/s)
MUL_MAT_VEC q6_K m=17408 n=1 k=5120: 2 x 118 us = 236 us (1510.51 GFLOPS/s)
MUL_MAT_VEC q6_K m=98304 n=1 k=5120: 1 x 669.49 us = 669.49 us (1503.43 GFLOPS/s)
MUL_MAT_VEC q8_0 m=5120 n=1 k=10240: 1 x 93.44 us = 93.44 us (1122.14 GFLOPS/s)
PAD: 1 x 7.08 us = 7.08 us
RMS_NORM_MUL RMS_NORM(256,24,1,1): 1 x 3.24 us = 3.24 us
RMS_NORM_MUL RMS_NORM(256,4,1,1): 1 x 4.88 us = 4.88 us
RMS_NORM_MUL RMS_NORM(5120,1,1,1): 5 x 4.136 us = 20.68 us
ROPE: 2 x 3.34 us = 6.68 us
SET_ROWS: 2 x 2.6 us = 5.2 us
SIGMOID_MUL SIGMOID: 1 x 1.88 us = 1.88 us
TOP_K K=10 (98304,1,1,1): 1 x 8.76 us = 8.76 us
Total time: 1390.41 us.
----------------
Vulkan Timings:
CONCAT: 1 x 3.76 us = 3.76 us
CONT: 1 x 3.6 us = 3.6 us
FLASH_ATTN_EXT dst(256,24,1,1),  q(256,1,24,1),  k(256,256,4,1),  v(256,256,4,1),  m(256,1,1,1): 1 x 12.84 us = 12.84 us (489.989 GFLOPS/s)
GET_ROWS: 2 x 5.4 us = 10.8 us
GLU: 1 x 2 us = 2 us
MUL_MAT f32 m=256 n=24 k=256: 1 x 1.64 us = 1.64 us (1914.38 GFLOPS/s)
MUL_MAT f32 m=64 n=16 k=64: 1 x 3.56 us = 3.56 us (36.5303 GFLOPS/s)
MUL_MAT f32 m=64 n=96 k=64: 1 x 3.56 us = 3.56 us (219.182 GFLOPS/s)
MUL_MAT_ADD MUL_MAT_VEC q6_K m=5120 n=1 k=17408: 1 x 123.16 us = 123.16 us (1447.33 GFLOPS/s)
MUL_MAT_ADD MUL_MAT_VEC q6_K m=5120 n=1 k=6144: 1 x 54.64 us = 54.64 us (1151.34 GFLOPS/s)
MUL_MAT_VEC f32 m=256 n=4 k=256: 1 x 3.04 us = 3.04 us (172.126 GFLOPS/s)
MUL_MAT_VEC q6_K m=1024 n=1 k=5120: 2 x 9.28 us = 18.56 us (1129.82 GFLOPS/s)
MUL_MAT_VEC q6_K m=12288 n=1 k=5120: 1 x 86.64 us = 86.64 us (1452.18 GFLOPS/s)
MUL_MAT_VEC q6_K m=17408 n=1 k=5120: 2 x 121.5 us = 243 us (1467 GFLOPS/s)
MUL_MAT_VEC q6_K m=98304 n=1 k=5120: 1 x 667.59 us = 667.59 us (1507.71 GFLOPS/s)
MUL_MAT_VEC q8_0 m=5120 n=1 k=10240: 1 x 100.56 us = 100.56 us (1042.69 GFLOPS/s)
PAD: 1 x 6.32 us = 6.32 us
RMS_NORM_MUL RMS_NORM(256,24,1,1): 1 x 3.6 us = 3.6 us
RMS_NORM_MUL RMS_NORM(256,4,1,1): 1 x 3.6 us = 3.6 us
RMS_NORM_MUL RMS_NORM(5120,1,1,1): 5 x 3.76 us = 18.8 us
ROPE: 2 x 3.56 us = 7.12 us
SET_ROWS: 2 x 2.64 us = 5.28 us
SIGMOID_MUL SIGMOID: 1 x 1.88 us = 1.88 us
TOP_K K=10 (98304,1,1,1): 1 x 8.88 us = 8.88 us
Total time: 1394.43 us.
----------------
Vulkan Timings:
CONCAT: 1 x 3.72 us = 3.72 us
CONT: 1 x 3.6 us = 3.6 us
FLASH_ATTN_EXT dst(256,24,1,1),  q(256,1,24,1),  k(256,256,4,1),  v(256,256,4,1),  m(256,1,1,1): 1 x 13 us = 13 us (483.958 GFLOPS/s)
GET_ROWS: 2 x 4.34 us = 8.68 us
GLU: 1 x 1.84 us = 1.84 us
MUL_MAT f32 m=256 n=24 k=256: 1 x 1.6 us = 1.6 us (1962.24 GFLOPS/s)
MUL_MAT f32 m=64 n=16 k=64: 1 x 3.64 us = 3.64 us (35.7275 GFLOPS/s)
MUL_MAT f32 m=64 n=96 k=64: 1 x 3.6 us = 3.6 us (216.747 GFLOPS/s)
MUL_MAT_ADD MUL_MAT_VEC q6_K m=5120 n=1 k=17408: 1 x 123.4 us = 123.4 us (1444.51 GFLOPS/s)
MUL_MAT_ADD MUL_MAT_VEC q6_K m=5120 n=1 k=6144: 1 x 53.76 us = 53.76 us (1170.19 GFLOPS/s)
MUL_MAT_VEC f32 m=256 n=4 k=256: 1 x 3.04 us = 3.04 us (172.126 GFLOPS/s)
MUL_MAT_VEC q6_K m=1024 n=1 k=5120: 2 x 9.34 us = 18.68 us (1122.56 GFLOPS/s)
MUL_MAT_VEC q6_K m=12288 n=1 k=5120: 1 x 85.32 us = 85.32 us (1474.65 GFLOPS/s)
MUL_MAT_VEC q6_K m=17408 n=1 k=5120: 2 x 121.14 us = 242.28 us (1471.36 GFLOPS/s)
MUL_MAT_VEC q6_K m=98304 n=1 k=5120: 1 x 671.74 us = 671.74 us (1498.4 GFLOPS/s)
MUL_MAT_VEC q8_0 m=5120 n=1 k=10240: 1 x 102.08 us = 102.08 us (1027.16 GFLOPS/s)
PAD: 1 x 6.32 us = 6.32 us
RMS_NORM_MUL RMS_NORM(256,24,1,1): 1 x 3.64 us = 3.64 us
RMS_NORM_MUL RMS_NORM(256,4,1,1): 1 x 3.6 us = 3.6 us
RMS_NORM_MUL RMS_NORM(5120,1,1,1): 5 x 3.728 us = 18.64 us
ROPE: 2 x 3.62 us = 7.24 us
SET_ROWS: 2 x 2.64 us = 5.28 us
SIGMOID_MUL SIGMOID: 1 x 1.68 us = 1.68 us
TOP_K K=10 (98304,1,1,1): 1 x 9 us = 9 us
Total time: 1395.38 us.
----------------
Vulkan Timings:
CONCAT: 1 x 3.76 us = 3.76 us
CONT: 1 x 3.64 us = 3.64 us
FLASH_ATTN_EXT dst(256,24,1,1),  q(256,1,24,1),  k(256,256,4,1),  v(256,256,4,1),  m(256,1,1,1): 1 x 13.04 us = 13.04 us (482.474 GFLOPS/s)
GET_ROWS: 2 x 6 us = 12 us
GLU: 1 x 1.84 us = 1.84 us
MUL_MAT f32 m=256 n=24 k=256: 1 x 1.68 us = 1.68 us (1868.8 GFLOPS/s)
MUL_MAT f32 m=64 n=16 k=64: 1 x 3.6 us = 3.6 us (36.1244 GFLOPS/s)
MUL_MAT f32 m=64 n=96 k=64: 1 x 3.64 us = 3.64 us (214.365 GFLOPS/s)
MUL_MAT_ADD MUL_MAT_VEC q6_K m=5120 n=1 k=17408: 1 x 123.44 us = 123.44 us (1444.04 GFLOPS/s)
MUL_MAT_ADD MUL_MAT_VEC q6_K m=5120 n=1 k=6144: 1 x 53.44 us = 53.44 us (1177.2 GFLOPS/s)
MUL_MAT_VEC f32 m=256 n=4 k=256: 1 x 3.04 us = 3.04 us (172.126 GFLOPS/s)
MUL_MAT_VEC q6_K m=1024 n=1 k=5120: 2 x 9.22 us = 18.44 us (1137.17 GFLOPS/s)
MUL_MAT_VEC q6_K m=12288 n=1 k=5120: 1 x 85.6 us = 85.6 us (1469.82 GFLOPS/s)
MUL_MAT_VEC q6_K m=17408 n=1 k=5120: 2 x 121.1 us = 242.2 us (1471.85 GFLOPS/s)
MUL_MAT_VEC q6_K m=98304 n=1 k=5120: 1 x 669.94 us = 669.94 us (1502.43 GFLOPS/s)
MUL_MAT_VEC q8_0 m=5120 n=1 k=10240: 1 x 101.04 us = 101.04 us (1037.73 GFLOPS/s)
PAD: 1 x 5 us = 5 us
RMS_NORM_MUL RMS_NORM(256,24,1,1): 1 x 3.6 us = 3.6 us
RMS_NORM_MUL RMS_NORM(256,4,1,1): 1 x 3.6 us = 3.6 us
RMS_NORM_MUL RMS_NORM(5120,1,1,1): 5 x 3.76 us = 18.8 us
ROPE: 2 x 3.56 us = 7.12 us
SET_ROWS: 2 x 2.66 us = 5.32 us
SIGMOID_MUL SIGMOID: 1 x 1.72 us = 1.72 us
TOP_K K=10 (98304,1,1,1): 1 x 8.88 us = 8.88 us
Total time: 1394.38 us.
----------------
Vulkan Timings:
ADD: 48 x 3.816 us = 183.2 us
CONCAT: 48 x 2.467 us = 118.44 us
CONT: 16 x 3.877 us = 62.04 us
CPY: 240 x 2.258 us = 542.04 us
FLASH_ATTN_EXT dst(256,24,5,1),  q(256,5,24,1),  k(256,256,4,1),  v(256,256,4,1),  m(256,5,1,1): 16 x 21.177 us = 338.84 us (1485.41 GFLOPS/s)
GDN_CACHE GATED_DELTA_NET: 48 x 13.862 us = 665.4 us
GET_ROWS: 50 x 26.987 us = 1349.36 us
GLU: 64 x 1.866 us = 119.48 us
MUL_MAT f32 m=256 n=120 k=256: 16 x 1.827 us = 29.24 us (8589.83 GFLOPS/s)
MUL_MAT f32 m=256 n=20 k=256: 16 x 3.157 us = 50.52 us (828.605 GFLOPS/s)
MUL_MAT f32 m=64 n=480 k=64: 16 x 3.677 us = 58.84 us (1060.89 GFLOPS/s)
MUL_MAT f32 m=64 n=80 k=64: 16 x 3.217 us = 51.48 us (202.095 GFLOPS/s)
MUL_MAT_ADD MUL_MAT_VEC q6_K m=5120 n=5 k=17408: 64 x 136.632 us = 8744.48 us (6523.07 GFLOPS/s)
MUL_MAT_ADD MUL_MAT_VEC q6_K m=5120 n=5 k=6144: 16 x 56.02 us = 896.32 us (5614.91 GFLOPS/s)
MUL_MAT_VEC f32 m=48 n=5 k=5120: 96 x 3.435 us = 329.84 us (715.215 GFLOPS/s)
MUL_MAT_VEC q6_K m=1024 n=5 k=5120: 32 x 9.595 us = 307.04 us (5463.65 GFLOPS/s)
MUL_MAT_VEC q6_K m=10240 n=5 k=5120: 48 x 81.426 us = 3908.48 us (6438.15 GFLOPS/s)
MUL_MAT_VEC q6_K m=12288 n=5 k=5120: 16 x 103.697 us = 1659.16 us (6066.53 GFLOPS/s)
MUL_MAT_VEC q6_K m=17408 n=5 k=5120: 128 x 142.588 us = 18251.4 us (6250.16 GFLOPS/s)
MUL_MAT_VEC q6_K m=248320 n=5 k=5120: 1 x 1750.24 us = 1750.24 us (7263.43 GFLOPS/s)
MUL_MAT_VEC q6_K m=6144 n=5 k=5120: 48 x 53.855 us = 2585.08 us (5840.45 GFLOPS/s)
MUL_MAT_VEC q8_0 m=5120 n=5 k=6144: 48 x 63.208 us = 3034 us (4976.36 GFLOPS/s)
RMS_NORM_MUL RMS_NORM(256,24,5,1): 16 x 4.177 us = 66.84 us
RMS_NORM_MUL RMS_NORM(256,4,5,1): 16 x 4.552 us = 72.84 us
RMS_NORM_MUL RMS_NORM(5120,5,1,1): 129 x 2.711 us = 349.8 us
RMS_NORM_MUL_SILU_MUL RMS_NORM(128,48,5,1): 48 x 5.755 us = 276.28 us
RMS_NORM_SCALE RMS_NORM(128,16,5,1): 96 x 2.706 us = 259.84 us
ROPE: 32 x 3.888 us = 124.44 us
SET_ROWS: 32 x 3.037 us = 97.2 us
SIGMOID_MUL SIGMOID: 16 x 1.697 us = 27.16 us
SSM_CONV_SILU SSM_CONV: 48 x 5.728 us = 274.96 us
Total time: 46584.2 us.
----------------
Vulkan Timings:
CONCAT: 1 x 2.04 us = 2.04 us
CONT: 1 x 3.84 us = 3.84 us
FLASH_ATTN_EXT dst(256,24,5,1),  q(256,5,24,1),  k(256,256,4,1),  v(256,256,4,1),  m(256,5,1,1): 1 x 21.36 us = 21.36 us (1472.72 GFLOPS/s)
GLU: 1 x 1.84 us = 1.84 us
MUL_MAT f32 m=256 n=120 k=256: 1 x 1.8 us = 1.8 us (8721.07 GFLOPS/s)
MUL_MAT f32 m=256 n=20 k=256: 1 x 3.16 us = 3.16 us (827.949 GFLOPS/s)
MUL_MAT f32 m=64 n=480 k=64: 1 x 3.76 us = 3.76 us (1037.62 GFLOPS/s)
MUL_MAT f32 m=64 n=80 k=64: 1 x 3.8 us = 3.8 us (171.116 GFLOPS/s)
MUL_MAT_ADD MUL_MAT_VEC q6_K m=5120 n=5 k=17408: 1 x 156.88 us = 156.88 us (5681.18 GFLOPS/s)
MUL_MAT_ADD MUL_MAT_VEC q6_K m=5120 n=5 k=6144: 1 x 61.6 us = 61.6 us (5106.29 GFLOPS/s)
MUL_MAT_VEC q6_K m=1024 n=5 k=5120: 2 x 11.46 us = 22.92 us (4574.49 GFLOPS/s)
MUL_MAT_VEC q6_K m=12288 n=5 k=5120: 1 x 114.72 us = 114.72 us (5483.65 GFLOPS/s)
MUL_MAT_VEC q6_K m=17408 n=5 k=5120: 2 x 134.6 us = 269.2 us (6621.12 GFLOPS/s)
MUL_MAT_VEC q8_0 m=5120 n=5 k=10240: 1 x 108 us = 108 us (4854.28 GFLOPS/s)
RMS_NORM_MUL RMS_NORM(256,24,5,1): 1 x 3.96 us = 3.96 us
RMS_NORM_MUL RMS_NORM(256,4,5,1): 1 x 3.8 us = 3.8 us
RMS_NORM_MUL RMS_NORM(5120,5,1,1): 5 x 8.214 us = 41.07 us
ROPE: 2 x 3.8 us = 7.6 us
SET_ROWS: 2 x 2.74 us = 5.48 us
SIGMOID_MUL SIGMOID: 1 x 1.8 us = 1.8 us
Total time: 838.63 us.
----------------
Vulkan Timings:
CONCAT: 1 x 3.8 us = 3.8 us
CONT: 1 x 3.64 us = 3.64 us
FLASH_ATTN_EXT dst(256,24,1,1),  q(256,1,24,1),  k(256,256,4,1),  v(256,256,4,1),  m(256,1,1,1): 1 x 12.92 us = 12.92 us (486.955 GFLOPS/s)
GET_ROWS: 2 x 4.3 us = 8.6 us
GLU: 1 x 1.64 us = 1.64 us
MUL_MAT f32 m=256 n=24 k=256: 1 x 1.6 us = 1.6 us (1962.24 GFLOPS/s)
MUL_MAT f32 m=64 n=16 k=64: 1 x 1.88 us = 1.88 us (69.1745 GFLOPS/s)
MUL_MAT f32 m=64 n=96 k=64: 1 x 3.28 us = 3.28 us (237.893 GFLOPS/s)
MUL_MAT_ADD MUL_MAT_VEC q6_K m=5120 n=1 k=17408: 1 x 130.48 us = 130.48 us (1366.13 GFLOPS/s)
MUL_MAT_ADD MUL_MAT_VEC q6_K m=5120 n=1 k=6144: 1 x 54.08 us = 54.08 us (1163.27 GFLOPS/s)
MUL_MAT_VEC f32 m=256 n=4 k=256: 1 x 3.12 us = 3.12 us (167.713 GFLOPS/s)
MUL_MAT_VEC q6_K m=1024 n=1 k=5120: 2 x 9.28 us = 18.56 us (1129.82 GFLOPS/s)
MUL_MAT_VEC q6_K m=12288 n=1 k=5120: 1 x 90.88 us = 90.88 us (1384.43 GFLOPS/s)
MUL_MAT_VEC q6_K m=17408 n=1 k=5120: 2 x 117.74 us = 235.48 us (1513.85 GFLOPS/s)
MUL_MAT_VEC q6_K m=98304 n=1 k=5120: 1 x 670.39 us = 670.39 us (1501.42 GFLOPS/s)
MUL_MAT_VEC q8_0 m=5120 n=1 k=10240: 1 x 93.44 us = 93.44 us (1122.14 GFLOPS/s)
PAD: 1 x 6.28 us = 6.28 us
RMS_NORM_MUL RMS_NORM(256,24,1,1): 1 x 3.28 us = 3.28 us
RMS_NORM_MUL RMS_NORM(256,4,1,1): 1 x 4.96 us = 4.96 us
RMS_NORM_MUL RMS_NORM(5120,1,1,1): 5 x 4.224 us = 21.12 us
ROPE: 2 x 3.4 us = 6.8 us
SET_ROWS: 2 x 2.7 us = 5.4 us
SIGMOID_MUL SIGMOID: 1 x 1.84 us = 1.84 us
TOP_K K=10 (98304,1,1,1): 1 x 9.08 us = 9.08 us
Total time: 1392.55 us.
----------------
Vulkan Timings:
CONCAT: 1 x 3.76 us = 3.76 us
CONT: 1 x 3.56 us = 3.56 us
FLASH_ATTN_EXT dst(256,24,1,1),  q(256,1,24,1),  k(256,256,4,1),  v(256,256,4,1),  m(256,1,1,1): 1 x 12.76 us = 12.76 us (493.061 GFLOPS/s)
GET_ROWS: 2 x 4.3 us = 8.6 us
GLU: 1 x 2 us = 2 us
MUL_MAT f32 m=256 n=24 k=256: 1 x 1.6 us = 1.6 us (1962.24 GFLOPS/s)
MUL_MAT f32 m=64 n=16 k=64: 1 x 3.6 us = 3.6 us (36.1244 GFLOPS/s)
MUL_MAT f32 m=64 n=96 k=64: 1 x 3.6 us = 3.6 us (216.747 GFLOPS/s)
MUL_MAT_ADD MUL_MAT_VEC q6_K m=5120 n=1 k=17408: 1 x 123.76 us = 123.76 us (1440.31 GFLOPS/s)
MUL_MAT_ADD MUL_MAT_VEC q6_K m=5120 n=1 k=6144: 1 x 53.8 us = 53.8 us (1169.32 GFLOPS/s)
MUL_MAT_VEC f32 m=256 n=4 k=256: 1 x 3.04 us = 3.04 us (172.126 GFLOPS/s)
MUL_MAT_VEC q6_K m=1024 n=1 k=5120: 2 x 9.06 us = 18.12 us (1157.26 GFLOPS/s)
MUL_MAT_VEC q6_K m=12288 n=1 k=5120: 1 x 86.4 us = 86.4 us (1456.21 GFLOPS/s)
MUL_MAT_VEC q6_K m=17408 n=1 k=5120: 2 x 121.34 us = 242.68 us (1468.93 GFLOPS/s)
MUL_MAT_VEC q6_K m=98304 n=1 k=5120: 1 x 671.29 us = 671.29 us (1499.4 GFLOPS/s)
MUL_MAT_VEC q8_0 m=5120 n=1 k=10240: 1 x 101.04 us = 101.04 us (1037.73 GFLOPS/s)
PAD: 1 x 6.36 us = 6.36 us
RMS_NORM_MUL RMS_NORM(256,24,1,1): 1 x 3.64 us = 3.64 us
RMS_NORM_MUL RMS_NORM(256,4,1,1): 1 x 3.6 us = 3.6 us
RMS_NORM_MUL RMS_NORM(5120,1,1,1): 5 x 3.68 us = 18.4 us
ROPE: 2 x 3.56 us = 7.12 us
SET_ROWS: 2 x 2.66 us = 5.32 us
SIGMOID_MUL SIGMOID: 1 x 1.64 us = 1.64 us
TOP_K K=10 (98304,1,1,1): 1 x 8.88 us = 8.88 us
Total time: 1394.57 us.
----------------
Vulkan Timings:
CONCAT: 1 x 3.76 us = 3.76 us
CONT: 1 x 3.64 us = 3.64 us
FLASH_ATTN_EXT dst(256,24,1,1),  q(256,1,24,1),  k(256,256,4,1),  v(256,256,4,1),  m(256,1,1,1): 1 x 12.88 us = 12.88 us (488.467 GFLOPS/s)
GET_ROWS: 2 x 4.16 us = 8.32 us
GLU: 1 x 1.72 us = 1.72 us
MUL_MAT f32 m=256 n=24 k=256: 1 x 1.64 us = 1.64 us (1914.38 GFLOPS/s)
MUL_MAT f32 m=64 n=16 k=64: 1 x 3.6 us = 3.6 us (36.1244 GFLOPS/s)
MUL_MAT f32 m=64 n=96 k=64: 1 x 3.6 us = 3.6 us (216.747 GFLOPS/s)
MUL_MAT_ADD MUL_MAT_VEC q6_K m=5120 n=1 k=17408: 1 x 123.48 us = 123.48 us (1443.58 GFLOPS/s)
MUL_MAT_ADD MUL_MAT_VEC q6_K m=5120 n=1 k=6144: 1 x 54.16 us = 54.16 us (1161.55 GFLOPS/s)
MUL_MAT_VEC f32 m=256 n=4 k=256: 1 x 3.04 us = 3.04 us (172.126 GFLOPS/s)
MUL_MAT_VEC q6_K m=1024 n=1 k=5120: 2 x 9.1 us = 18.2 us (1152.17 GFLOPS/s)
MUL_MAT_VEC q6_K m=12288 n=1 k=5120: 1 x 86.48 us = 86.48 us (1454.87 GFLOPS/s)
MUL_MAT_VEC q6_K m=17408 n=1 k=5120: 2 x 121.4 us = 242.8 us (1468.21 GFLOPS/s)
MUL_MAT_VEC q6_K m=98304 n=1 k=5120: 1 x 672.4 us = 672.4 us (1496.93 GFLOPS/s)
MUL_MAT_VEC q8_0 m=5120 n=1 k=10240: 1 x 101.04 us = 101.04 us (1037.73 GFLOPS/s)
PAD: 1 x 6.32 us = 6.32 us
RMS_NORM_MUL RMS_NORM(256,24,1,1): 1 x 3.6 us = 3.6 us
RMS_NORM_MUL RMS_NORM(256,4,1,1): 1 x 3.6 us = 3.6 us
RMS_NORM_MUL RMS_NORM(5120,1,1,1): 5 x 3.728 us = 18.64 us
ROPE: 2 x 3.56 us = 7.12 us
SET_ROWS: 2 x 2.64 us = 5.28 us
SIGMOID_MUL SIGMOID: 1 x 1.72 us = 1.72 us
TOP_K K=10 (98304,1,1,1): 1 x 8.68 us = 8.68 us
Total time: 1395.72 us.
----------------
Vulkan Timings:
CONCAT: 1 x 3.72 us = 3.72 us
CONT: 1 x 3.6 us = 3.6 us
FLASH_ATTN_EXT dst(256,24,1,1),  q(256,1,24,1),  k(256,256,4,1),  v(256,256,4,1),  m(256,1,1,1): 1 x 12.92 us = 12.92 us (486.955 GFLOPS/s)
GET_ROWS: 2 x 4.18 us = 8.36 us
GLU: 1 x 1.84 us = 1.84 us
MUL_MAT f32 m=256 n=24 k=256: 1 x 1.68 us = 1.68 us (1868.8 GFLOPS/s)
MUL_MAT f32 m=64 n=16 k=64: 1 x 3.64 us = 3.64 us (35.7275 GFLOPS/s)
MUL_MAT f32 m=64 n=96 k=64: 1 x 3.6 us = 3.6 us (216.747 GFLOPS/s)
MUL_MAT_ADD MUL_MAT_VEC q6_K m=5120 n=1 k=17408: 1 x 124.2 us = 124.2 us (1435.21 GFLOPS/s)
MUL_MAT_ADD MUL_MAT_VEC q6_K m=5120 n=1 k=6144: 1 x 53.44 us = 53.44 us (1177.2 GFLOPS/s)
MUL_MAT_VEC f32 m=256 n=4 k=256: 1 x 3.04 us = 3.04 us (172.126 GFLOPS/s)
MUL_MAT_VEC q6_K m=1024 n=1 k=5120: 2 x 9.12 us = 18.24 us (1149.64 GFLOPS/s)
MUL_MAT_VEC q6_K m=12288 n=1 k=5120: 1 x 85.6 us = 85.6 us (1469.82 GFLOPS/s)
MUL_MAT_VEC q6_K m=17408 n=1 k=5120: 2 x 121.46 us = 242.92 us (1467.48 GFLOPS/s)
MUL_MAT_VEC q6_K m=98304 n=1 k=5120: 1 x 670 us = 670 us (1502.29 GFLOPS/s)
MUL_MAT_VEC q8_0 m=5120 n=1 k=10240: 1 x 101 us = 101 us (1038.14 GFLOPS/s)
PAD: 1 x 6.36 us = 6.36 us
RMS_NORM_MUL RMS_NORM(256,24,1,1): 1 x 3.6 us = 3.6 us
RMS_NORM_MUL RMS_NORM(256,4,1,1): 1 x 3.64 us = 3.64 us
RMS_NORM_MUL RMS_NORM(5120,1,1,1): 5 x 3.752 us = 18.76 us
ROPE: 2 x 3.6 us = 7.2 us
SET_ROWS: 2 x 2.64 us = 5.28 us
SIGMOID_MUL SIGMOID: 1 x 2.6 us = 2.6 us
TOP_K K=10 (98304,1,1,1): 1 x 8.88 us = 8.88 us
Total time: 1394.12 us.
----------------
Vulkan Timings:
ADD: 48 x 3.8 us = 182.4 us
CONCAT: 48 x 2.511 us = 120.56 us
CONT: 16 x 3.872 us = 61.96 us
CPY: 240 x 2.225 us = 534.12 us
FLASH_ATTN_EXT dst(256,24,5,1),  q(256,5,24,1),  k(256,256,4,1),  v(256,256,4,1),  m(256,5,1,1): 16 x 21.19 us = 339.04 us (1484.53 GFLOPS/s)
GDN_CACHE GATED_DELTA_NET: 48 x 13.91 us = 667.68 us
GET_ROWS: 50 x 26.843 us = 1342.16 us
GLU: 64 x 1.842 us = 117.92 us
MUL_MAT f32 m=256 n=120 k=256: 16 x 1.827 us = 29.24 us (8589.83 GFLOPS/s)
MUL_MAT f32 m=256 n=20 k=256: 16 x 3.162 us = 50.6 us (827.295 GFLOPS/s)
MUL_MAT f32 m=64 n=480 k=64: 16 x 3.662 us = 58.6 us (1065.24 GFLOPS/s)
MUL_MAT f32 m=64 n=80 k=64: 16 x 3.237 us = 51.8 us (200.846 GFLOPS/s)
MUL_MAT_ADD MUL_MAT_VEC q6_K m=5120 n=5 k=17408: 64 x 136.748 us = 8751.88 us (6517.56 GFLOPS/s)
MUL_MAT_ADD MUL_MAT_VEC q6_K m=5120 n=5 k=6144: 16 x 55.95 us = 895.2 us (5621.93 GFLOPS/s)
MUL_MAT_VEC f32 m=48 n=5 k=5120: 96 x 3.458 us = 332 us (710.562 GFLOPS/s)
MUL_MAT_VEC q6_K m=1024 n=5 k=5120: 32 x 9.92 us = 317.44 us (5284.65 GFLOPS/s)
MUL_MAT_VEC q6_K m=10240 n=5 k=5120: 48 x 81.435 us = 3908.92 us (6437.42 GFLOPS/s)
MUL_MAT_VEC q6_K m=12288 n=5 k=5120: 16 x 103.16 us = 1650.56 us (6098.14 GFLOPS/s)
MUL_MAT_VEC q6_K m=17408 n=5 k=5120: 128 x 142.297 us = 18214.1 us (6262.94 GFLOPS/s)
MUL_MAT_VEC q6_K m=248320 n=5 k=5120: 1 x 1751.32 us = 1751.32 us (7258.95 GFLOPS/s)
MUL_MAT_VEC q6_K m=6144 n=5 k=5120: 48 x 53.906 us = 2587.52 us (5834.94 GFLOPS/s)
MUL_MAT_VEC q8_0 m=5120 n=5 k=6144: 48 x 63.177 us = 3032.52 us (4978.79 GFLOPS/s)
RMS_NORM_MUL RMS_NORM(256,24,5,1): 16 x 4 us = 64 us
RMS_NORM_MUL RMS_NORM(256,4,5,1): 16 x 4.575 us = 73.2 us
RMS_NORM_MUL RMS_NORM(5120,5,1,1): 129 x 2.724 us = 351.48 us
RMS_NORM_MUL_SILU_MUL RMS_NORM(128,48,5,1): 48 x 5.741 us = 275.6 us
RMS_NORM_SCALE RMS_NORM(128,16,5,1): 96 x 2.725 us = 261.6 us
ROPE: 32 x 3.898 us = 124.76 us
SET_ROWS: 32 x 3.023 us = 96.76 us
SIGMOID_MUL SIGMOID: 16 x 1.707 us = 27.32 us
SSM_CONV_SILU SSM_CONV: 48 x 5.737 us = 275.4 us
Total time: 46547.7 us.
----------------
Vulkan Timings:
CONCAT: 1 x 2 us = 2 us
CONT: 1 x 3.8 us = 3.8 us
FLASH_ATTN_EXT dst(256,24,5,1),  q(256,5,24,1),  k(256,256,4,1),  v(256,256,4,1),  m(256,5,1,1): 1 x 21.48 us = 21.48 us (1464.49 GFLOPS/s)
GLU: 1 x 1.56 us = 1.56 us
MUL_MAT f32 m=256 n=120 k=256: 1 x 1.76 us = 1.76 us (8919.27 GFLOPS/s)
MUL_MAT f32 m=256 n=20 k=256: 1 x 3.2 us = 3.2 us (817.6 GFLOPS/s)
MUL_MAT f32 m=64 n=480 k=64: 1 x 3.8 us = 3.8 us (1026.69 GFLOPS/s)
MUL_MAT f32 m=64 n=80 k=64: 1 x 3.8 us = 3.8 us (171.116 GFLOPS/s)
MUL_MAT_ADD MUL_MAT_VEC q6_K m=5120 n=5 k=17408: 1 x 157.83 us = 157.83 us (5646.99 GFLOPS/s)
MUL_MAT_ADD MUL_MAT_VEC q6_K m=5120 n=5 k=6144: 1 x 62.04 us = 62.04 us (5070.07 GFLOPS/s)
MUL_MAT_VEC q6_K m=1024 n=5 k=5120: 2 x 11.22 us = 22.44 us (4672.34 GFLOPS/s)
MUL_MAT_VEC q6_K m=12288 n=5 k=5120: 1 x 118.77 us = 118.77 us (5296.66 GFLOPS/s)
MUL_MAT_VEC q6_K m=17408 n=5 k=5120: 2 x 134.66 us = 269.32 us (6618.17 GFLOPS/s)
MUL_MAT_VEC q8_0 m=5120 n=5 k=10240: 1 x 105.6 us = 105.6 us (4964.61 GFLOPS/s)
RMS_NORM_MUL RMS_NORM(256,24,5,1): 1 x 3.92 us = 3.92 us
RMS_NORM_MUL RMS_NORM(256,4,5,1): 1 x 3.8 us = 3.8 us
RMS_NORM_MUL RMS_NORM(5120,5,1,1): 5 x 8.134 us = 40.67 us
ROPE: 2 x 3.82 us = 7.64 us
SET_ROWS: 2 x 2.72 us = 5.44 us
SIGMOID_MUL SIGMOID: 1 x 1.84 us = 1.84 us
Total time: 840.71 us.
----------------
Vulkan Timings:
CONCAT: 1 x 3.64 us = 3.64 us
CONT: 1 x 3.56 us = 3.56 us
FLASH_ATTN_EXT dst(256,24,1,1),  q(256,1,24,1),  k(256,256,4,1),  v(256,256,4,1),  m(256,1,1,1): 1 x 12.72 us = 12.72 us (494.611 GFLOPS/s)
GET_ROWS: 2 x 4.28 us = 8.56 us
GLU: 1 x 1.6 us = 1.6 us
MUL_MAT f32 m=256 n=24 k=256: 1 x 1.56 us = 1.56 us (2012.55 GFLOPS/s)
MUL_MAT f32 m=64 n=16 k=64: 1 x 1.84 us = 1.84 us (70.6783 GFLOPS/s)
MUL_MAT f32 m=64 n=96 k=64: 1 x 3.24 us = 3.24 us (240.83 GFLOPS/s)
MUL_MAT_ADD MUL_MAT_VEC q6_K m=5120 n=1 k=17408: 1 x 130.72 us = 130.72 us (1363.62 GFLOPS/s)
MUL_MAT_ADD MUL_MAT_VEC q6_K m=5120 n=1 k=6144: 1 x 53.8 us = 53.8 us (1169.32 GFLOPS/s)
MUL_MAT_VEC f32 m=256 n=4 k=256: 1 x 3.04 us = 3.04 us (172.126 GFLOPS/s)
MUL_MAT_VEC q6_K m=1024 n=1 k=5120: 2 x 9.34 us = 18.68 us (1122.56 GFLOPS/s)
MUL_MAT_VEC q6_K m=12288 n=1 k=5120: 1 x 89.92 us = 89.92 us (1399.21 GFLOPS/s)
MUL_MAT_VEC q6_K m=17408 n=1 k=5120: 2 x 118.24 us = 236.48 us (1507.45 GFLOPS/s)
MUL_MAT_VEC q6_K m=98304 n=1 k=5120: 1 x 669.66 us = 669.66 us (1503.05 GFLOPS/s)
MUL_MAT_VEC q8_0 m=5120 n=1 k=10240: 1 x 91.48 us = 91.48 us (1146.18 GFLOPS/s)
PAD: 1 x 6.36 us = 6.36 us
RMS_NORM_MUL RMS_NORM(256,24,1,1): 1 x 3.28 us = 3.28 us
RMS_NORM_MUL RMS_NORM(256,4,1,1): 1 x 4.96 us = 4.96 us
RMS_NORM_MUL RMS_NORM(5120,1,1,1): 5 x 4.408 us = 22.04 us
ROPE: 2 x 3.38 us = 6.76 us
SET_ROWS: 2 x 2.62 us = 5.24 us
SIGMOID_MUL SIGMOID: 1 x 1.6 us = 1.6 us
TOP_K K=10 (98304,1,1,1): 1 x 8.68 us = 8.68 us
Total time: 1389.42 us.
----------------
Vulkan Timings:
CONCAT: 1 x 3.76 us = 3.76 us
CONT: 1 x 3.64 us = 3.64 us
FLASH_ATTN_EXT dst(256,24,1,1),  q(256,1,24,1),  k(256,256,4,1),  v(256,256,4,1),  m(256,1,1,1): 1 x 12.88 us = 12.88 us (488.467 GFLOPS/s)
GET_ROWS: 2 x 4.16 us = 8.32 us
GLU: 1 x 1.84 us = 1.84 us
MUL_MAT f32 m=256 n=24 k=256: 1 x 1.68 us = 1.68 us (1868.8 GFLOPS/s)
MUL_MAT f32 m=64 n=16 k=64: 1 x 3.6 us = 3.6 us (36.1244 GFLOPS/s)
MUL_MAT f32 m=64 n=96 k=64: 1 x 3.6 us = 3.6 us (216.747 GFLOPS/s)
MUL_MAT_ADD MUL_MAT_VEC q6_K m=5120 n=1 k=17408: 1 x 123.24 us = 123.24 us (1446.39 GFLOPS/s)
MUL_MAT_ADD MUL_MAT_VEC q6_K m=5120 n=1 k=6144: 1 x 54.8 us = 54.8 us (1147.98 GFLOPS/s)
MUL_MAT_VEC f32 m=256 n=4 k=256: 1 x 3 us = 3 us (174.421 GFLOPS/s)
MUL_MAT_VEC q6_K m=1024 n=1 k=5120: 2 x 9.16 us = 18.32 us (1144.62 GFLOPS/s)
MUL_MAT_VEC q6_K m=12288 n=1 k=5120: 1 x 85.84 us = 85.84 us (1465.71 GFLOPS/s)
MUL_MAT_VEC q6_K m=17408 n=1 k=5120: 2 x 121.2 us = 242.4 us (1470.63 GFLOPS/s)
MUL_MAT_VEC q6_K m=98304 n=1 k=5120: 1 x 671.25 us = 671.25 us (1499.49 GFLOPS/s)
MUL_MAT_VEC q8_0 m=5120 n=1 k=10240: 1 x 101.76 us = 101.76 us (1030.39 GFLOPS/s)
PAD: 1 x 8.44 us = 8.44 us
RMS_NORM_MUL RMS_NORM(256,24,1,1): 1 x 3.6 us = 3.6 us
RMS_NORM_MUL RMS_NORM(256,4,1,1): 1 x 3.56 us = 3.56 us
RMS_NORM_MUL RMS_NORM(5120,1,1,1): 5 x 3.68 us = 18.4 us
ROPE: 2 x 3.54 us = 7.08 us
SET_ROWS: 2 x 2.64 us = 5.28 us
SIGMOID_MUL SIGMOID: 1 x 1.68 us = 1.68 us
TOP_K K=10 (98304,1,1,1): 1 x 6.56 us = 6.56 us
Total time: 1394.53 us.
----------------
Vulkan Timings:
CONCAT: 1 x 3.8 us = 3.8 us
CONT: 1 x 3.56 us = 3.56 us
FLASH_ATTN_EXT dst(256,24,1,1),  q(256,1,24,1),  k(256,256,4,1),  v(256,256,4,1),  m(256,1,1,1): 1 x 12.68 us = 12.68 us (496.172 GFLOPS/s)
GET_ROWS: 2 x 4.28 us = 8.56 us
GLU: 1 x 1.8 us = 1.8 us
MUL_MAT f32 m=256 n=24 k=256: 1 x 1.64 us = 1.64 us (1914.38 GFLOPS/s)
MUL_MAT f32 m=64 n=16 k=64: 1 x 3.6 us = 3.6 us (36.1244 GFLOPS/s)
MUL_MAT f32 m=64 n=96 k=64: 1 x 3.6 us = 3.6 us (216.747 GFLOPS/s)
MUL_MAT_ADD MUL_MAT_VEC q6_K m=5120 n=1 k=17408: 1 x 123.2 us = 123.2 us (1446.86 GFLOPS/s)
MUL_MAT_ADD MUL_MAT_VEC q6_K m=5120 n=1 k=6144: 1 x 53.48 us = 53.48 us (1176.32 GFLOPS/s)
MUL_MAT_VEC f32 m=256 n=4 k=256: 1 x 3 us = 3 us (174.421 GFLOPS/s)
MUL_MAT_VEC q6_K m=1024 n=1 k=5120: 2 x 5.96 us = 11.92 us (1759.18 GFLOPS/s)
MUL_MAT_VEC q6_K m=12288 n=1 k=5120: 1 x 93.2 us = 93.2 us (1349.97 GFLOPS/s)
MUL_MAT_VEC q6_K m=17408 n=1 k=5120: 2 x 121.16 us = 242.32 us (1471.12 GFLOPS/s)
MUL_MAT_VEC q6_K m=98304 n=1 k=5120: 1 x 671.28 us = 671.28 us (1499.43 GFLOPS/s)
MUL_MAT_VEC q8_0 m=5120 n=1 k=10240: 1 x 101.24 us = 101.24 us (1035.68 GFLOPS/s)
PAD: 1 x 6.28 us = 6.28 us
RMS_NORM_MUL RMS_NORM(256,24,1,1): 1 x 3.6 us = 3.6 us
RMS_NORM_MUL RMS_NORM(256,4,1,1): 1 x 3.56 us = 3.56 us
RMS_NORM_MUL RMS_NORM(5120,1,1,1): 5 x 3.752 us = 18.76 us
ROPE: 2 x 3.6 us = 7.2 us
SET_ROWS: 2 x 2.64 us = 5.28 us
SIGMOID_MUL SIGMOID: 1 x 1.64 us = 1.64 us
TOP_K K=10 (98304,1,1,1): 1 x 8.8 us = 8.8 us
Total time: 1394 us.
----------------
Vulkan Timings:
CONCAT: 1 x 3.72 us = 3.72 us
CONT: 1 x 3.64 us = 3.64 us
FLASH_ATTN_EXT dst(256,24,1,1),  q(256,1,24,1),  k(256,256,4,1),  v(256,256,4,1),  m(256,1,1,1): 1 x 14.68 us = 14.68 us (428.573 GFLOPS/s)
GET_ROWS: 2 x 4.2 us = 8.4 us
GLU: 1 x 1.88 us = 1.88 us
MUL_MAT f32 m=256 n=24 k=256: 1 x 2.2 us = 2.2 us (1427.08 GFLOPS/s)
MUL_MAT f32 m=64 n=16 k=64: 1 x 3.64 us = 3.64 us (35.7275 GFLOPS/s)
MUL_MAT f32 m=64 n=96 k=64: 1 x 3.64 us = 3.64 us (214.365 GFLOPS/s)
MUL_MAT_ADD MUL_MAT_VEC q6_K m=5120 n=1 k=17408: 1 x 123.52 us = 123.52 us (1443.11 GFLOPS/s)
MUL_MAT_ADD MUL_MAT_VEC q6_K m=5120 n=1 k=6144: 1 x 53.72 us = 53.72 us (1171.06 GFLOPS/s)
MUL_MAT_VEC f32 m=256 n=4 k=256: 1 x 0.76 us = 0.76 us (688.505 GFLOPS/s)
MUL_MAT_VEC q6_K m=1024 n=1 k=5120: 2 x 5.9 us = 11.8 us (1777.07 GFLOPS/s)
MUL_MAT_VEC q6_K m=12288 n=1 k=5120: 1 x 93 us = 93 us (1352.87 GFLOPS/s)
MUL_MAT_VEC q6_K m=17408 n=1 k=5120: 2 x 121.5 us = 243 us (1467 GFLOPS/s)
MUL_MAT_VEC q6_K m=98304 n=1 k=5120: 1 x 670.33 us = 670.33 us (1501.55 GFLOPS/s)
MUL_MAT_VEC q8_0 m=5120 n=1 k=10240: 1 x 101.56 us = 101.56 us (1032.42 GFLOPS/s)
PAD: 1 x 6.28 us = 6.28 us
RMS_NORM_MUL RMS_NORM(256,24,1,1): 1 x 3.64 us = 3.64 us
RMS_NORM_MUL RMS_NORM(256,4,1,1): 1 x 3.6 us = 3.6 us
RMS_NORM_MUL RMS_NORM(5120,1,1,1): 5 x 3.752 us = 18.76 us
ROPE: 2 x 3.58 us = 7.16 us
SET_ROWS: 2 x 2.8 us = 5.6 us
SIGMOID_MUL SIGMOID: 1 x 1.68 us = 1.68 us
TOP_K K=10 (98304,1,1,1): 1 x 8.64 us = 8.64 us
Total time: 1394.85 us.
----------------
Vulkan Timings:
ADD: 48 x 3.836 us = 184.16 us
CONCAT: 48 x 2.429 us = 116.6 us
CONT: 16 x 3.912 us = 62.6 us
CPY: 240 x 2.326 us = 558.24 us
FLASH_ATTN_EXT dst(256,24,5,1),  q(256,5,24,1),  k(256,256,4,1),  v(256,256,4,1),  m(256,5,1,1): 16 x 21.28 us = 340.48 us (1478.26 GFLOPS/s)
GDN_CACHE GATED_DELTA_NET: 48 x 13.848 us = 664.72 us
GET_ROWS: 50 x 27.397 us = 1369.88 us
GLU: 64 x 1.872 us = 119.84 us
MUL_MAT f32 m=256 n=120 k=256: 16 x 1.847 us = 29.56 us (8496.84 GFLOPS/s)
MUL_MAT f32 m=256 n=20 k=256: 16 x 3.19 us = 51.04 us (820.163 GFLOPS/s)
MUL_MAT f32 m=64 n=480 k=64: 16 x 3.697 us = 59.16 us (1055.16 GFLOPS/s)
MUL_MAT f32 m=64 n=80 k=64: 16 x 3.26 us = 52.16 us (199.46 GFLOPS/s)
MUL_MAT_ADD MUL_MAT_VEC q6_K m=5120 n=5 k=17408: 64 x 136.956 us = 8765.2 us (6507.65 GFLOPS/s)
MUL_MAT_ADD MUL_MAT_VEC q6_K m=5120 n=5 k=6144: 16 x 56.145 us = 898.32 us (5602.41 GFLOPS/s)
MUL_MAT_VEC f32 m=48 n=5 k=5120: 96 x 3.424 us = 328.76 us (717.565 GFLOPS/s)
MUL_MAT_VEC q6_K m=1024 n=5 k=5120: 32 x 9.168 us = 293.4 us (5717.65 GFLOPS/s)
MUL_MAT_VEC q6_K m=10240 n=5 k=5120: 48 x 81.61 us = 3917.32 us (6423.62 GFLOPS/s)
MUL_MAT_VEC q6_K m=12288 n=5 k=5120: 16 x 105.735 us = 1691.76 us (5949.63 GFLOPS/s)
MUL_MAT_VEC q6_K m=17408 n=5 k=5120: 128 x 142.865 us = 18286.8 us (6238.06 GFLOPS/s)
MUL_MAT_VEC q6_K m=248320 n=5 k=5120: 1 x 1777.12 us = 1777.12 us (7153.56 GFLOPS/s)
MUL_MAT_VEC q6_K m=6144 n=5 k=5120: 48 x 54.264 us = 2604.68 us (5796.5 GFLOPS/s)
MUL_MAT_VEC q8_0 m=5120 n=5 k=6144: 48 x 63.418 us = 3044.08 us (4959.88 GFLOPS/s)
RMS_NORM_MUL RMS_NORM(256,24,5,1): 16 x 3.787 us = 60.6 us
RMS_NORM_MUL RMS_NORM(256,4,5,1): 16 x 4.592 us = 73.48 us
RMS_NORM_MUL RMS_NORM(5120,5,1,1): 129 x 2.733 us = 352.64 us
RMS_NORM_MUL_SILU_MUL RMS_NORM(128,48,5,1): 48 x 5.798 us = 278.32 us
RMS_NORM_SCALE RMS_NORM(128,16,5,1): 96 x 2.745 us = 263.52 us
ROPE: 32 x 3.936 us = 125.96 us
SET_ROWS: 32 x 3.036 us = 97.16 us
SIGMOID_MUL SIGMOID: 16 x 1.732 us = 27.72 us
SSM_CONV_SILU SSM_CONV: 48 x 5.588 us = 268.24 us
Total time: 46763.5 us.
----------------
Vulkan Timings:
CONCAT: 1 x 2 us = 2 us
CONT: 1 x 3.88 us = 3.88 us
FLASH_ATTN_EXT dst(256,24,5,1),  q(256,5,24,1),  k(256,256,4,1),  v(256,256,4,1),  m(256,5,1,1): 1 x 21.88 us = 21.88 us (1437.72 GFLOPS/s)
GLU: 1 x 1.6 us = 1.6 us
MUL_MAT f32 m=256 n=120 k=256: 1 x 1.8 us = 1.8 us (8721.07 GFLOPS/s)
MUL_MAT f32 m=256 n=20 k=256: 1 x 3.24 us = 3.24 us (807.506 GFLOPS/s)
MUL_MAT f32 m=64 n=480 k=64: 1 x 3.92 us = 3.92 us (995.265 GFLOPS/s)
MUL_MAT f32 m=64 n=80 k=64: 1 x 3.8 us = 3.8 us (171.116 GFLOPS/s)
MUL_MAT_ADD MUL_MAT_VEC q6_K m=5120 n=5 k=17408: 1 x 158.43 us = 158.43 us (5625.6 GFLOPS/s)
MUL_MAT_ADD MUL_MAT_VEC q6_K m=5120 n=5 k=6144: 1 x 62.16 us = 62.16 us (5060.28 GFLOPS/s)
MUL_MAT_VEC q6_K m=1024 n=5 k=5120: 2 x 11.42 us = 22.84 us (4590.51 GFLOPS/s)
MUL_MAT_VEC q6_K m=12288 n=5 k=5120: 1 x 119.68 us = 119.68 us (5256.39 GFLOPS/s)
MUL_MAT_VEC q6_K m=17408 n=5 k=5120: 2 x 135.32 us = 270.64 us (6585.89 GFLOPS/s)
MUL_MAT_VEC q8_0 m=5120 n=5 k=10240: 1 x 105.92 us = 105.92 us (4949.61 GFLOPS/s)
RMS_NORM_MUL RMS_NORM(256,24,5,1): 1 x 4 us = 4 us
RMS_NORM_MUL RMS_NORM(256,4,5,1): 1 x 3.84 us = 3.84 us
RMS_NORM_MUL RMS_NORM(5120,5,1,1): 5 x 8.072 us = 40.36 us
ROPE: 2 x 3.84 us = 7.68 us
SET_ROWS: 2 x 2.82 us = 5.64 us
SIGMOID_MUL SIGMOID: 1 x 1.88 us = 1.88 us
Total time: 845.19 us.
----------------
Vulkan Timings:
CONCAT: 1 x 3.72 us = 3.72 us
CONT: 1 x 3.6 us = 3.6 us
FLASH_ATTN_EXT dst(256,24,1,1),  q(256,1,24,1),  k(256,256,4,1),  v(256,256,4,1),  m(256,1,1,1): 1 x 12.88 us = 12.88 us (488.467 GFLOPS/s)
GET_ROWS: 2 x 4.18 us = 8.36 us
GLU: 1 x 1.56 us = 1.56 us
MUL_MAT f32 m=256 n=24 k=256: 1 x 1.56 us = 1.56 us (2012.55 GFLOPS/s)
MUL_MAT f32 m=64 n=16 k=64: 1 x 1.84 us = 1.84 us (70.6783 GFLOPS/s)
MUL_MAT f32 m=64 n=96 k=64: 1 x 3.32 us = 3.32 us (235.027 GFLOPS/s)
MUL_MAT_ADD MUL_MAT_VEC q6_K m=5120 n=1 k=17408: 1 x 130.16 us = 130.16 us (1369.49 GFLOPS/s)
MUL_MAT_ADD MUL_MAT_VEC q6_K m=5120 n=1 k=6144: 1 x 53.76 us = 53.76 us (1170.19 GFLOPS/s)
MUL_MAT_VEC f32 m=256 n=4 k=256: 1 x 3.12 us = 3.12 us (167.713 GFLOPS/s)
MUL_MAT_VEC q6_K m=1024 n=1 k=5120: 2 x 9.3 us = 18.6 us (1127.39 GFLOPS/s)
MUL_MAT_VEC q6_K m=12288 n=1 k=5120: 1 x 90.16 us = 90.16 us (1395.48 GFLOPS/s)
MUL_MAT_VEC q6_K m=17408 n=1 k=5120: 2 x 117.8 us = 235.6 us (1513.08 GFLOPS/s)
MUL_MAT_VEC q6_K m=98304 n=1 k=5120: 1 x 670.58 us = 670.58 us (1500.99 GFLOPS/s)
MUL_MAT_VEC q8_0 m=5120 n=1 k=10240: 1 x 92.64 us = 92.64 us (1131.83 GFLOPS/s)
PAD: 1 x 6.28 us = 6.28 us
RMS_NORM_MUL RMS_NORM(256,24,1,1): 1 x 3.32 us = 3.32 us
RMS_NORM_MUL RMS_NORM(256,4,1,1): 1 x 4.96 us = 4.96 us
RMS_NORM_MUL RMS_NORM(5120,1,1,1): 5 x 4.48 us = 22.4 us
ROPE: 2 x 3.4 us = 6.8 us
SET_ROWS: 2 x 2.68 us = 5.36 us
SIGMOID_MUL SIGMOID: 1 x 1.6 us = 1.6 us
TOP_K K=10 (98304,1,1,1): 1 x 8.88 us = 8.88 us
Total time: 1391.06 us.
----------------
Vulkan Timings:
CONCAT: 1 x 3.76 us = 3.76 us
CONT: 1 x 3.6 us = 3.6 us
FLASH_ATTN_EXT dst(256,24,1,1),  q(256,1,24,1),  k(256,256,4,1),  v(256,256,4,1),  m(256,1,1,1): 1 x 12.84 us = 12.84 us (489.989 GFLOPS/s)
GET_ROWS: 2 x 4.28 us = 8.56 us
GLU: 1 x 1.88 us = 1.88 us
MUL_MAT f32 m=256 n=24 k=256: 1 x 1.68 us = 1.68 us (1868.8 GFLOPS/s)
MUL_MAT f32 m=64 n=16 k=64: 1 x 3.6 us = 3.6 us (36.1244 GFLOPS/s)
MUL_MAT f32 m=64 n=96 k=64: 1 x 3.56 us = 3.56 us (219.182 GFLOPS/s)
MUL_MAT_ADD MUL_MAT_VEC q6_K m=5120 n=1 k=17408: 1 x 122.88 us = 122.88 us (1450.62 GFLOPS/s)
MUL_MAT_ADD MUL_MAT_VEC q6_K m=5120 n=1 k=6144: 1 x 54.64 us = 54.64 us (1151.34 GFLOPS/s)
MUL_MAT_VEC f32 m=256 n=4 k=256: 1 x 3.04 us = 3.04 us (172.126 GFLOPS/s)
MUL_MAT_VEC q6_K m=1024 n=1 k=5120: 2 x 9.06 us = 18.12 us (1157.26 GFLOPS/s)
MUL_MAT_VEC q6_K m=12288 n=1 k=5120: 1 x 85.48 us = 85.48 us (1471.89 GFLOPS/s)
MUL_MAT_VEC q6_K m=17408 n=1 k=5120: 2 x 121.18 us = 242.36 us (1470.87 GFLOPS/s)
MUL_MAT_VEC q6_K m=98304 n=1 k=5120: 1 x 670.86 us = 670.86 us (1500.36 GFLOPS/s)
MUL_MAT_VEC q8_0 m=5120 n=1 k=10240: 1 x 101.04 us = 101.04 us (1037.73 GFLOPS/s)
PAD: 1 x 6.24 us = 6.24 us
RMS_NORM_MUL RMS_NORM(256,24,1,1): 1 x 3.6 us = 3.6 us
RMS_NORM_MUL RMS_NORM(256,4,1,1): 1 x 3.6 us = 3.6 us
RMS_NORM_MUL RMS_NORM(5120,1,1,1): 5 x 3.736 us = 18.68 us
ROPE: 2 x 3.6 us = 7.2 us
SET_ROWS: 2 x 2.64 us = 5.28 us
SIGMOID_MUL SIGMOID: 1 x 1.68 us = 1.68 us
TOP_K K=10 (98304,1,1,1): 1 x 9.36 us = 9.36 us
Total time: 1393.54 us.
----------------
Vulkan Timings:
CONCAT: 1 x 3.72 us = 3.72 us
CONT: 1 x 3.6 us = 3.6 us
FLASH_ATTN_EXT dst(256,24,1,1),  q(256,1,24,1),  k(256,256,4,1),  v(256,256,4,1),  m(256,1,1,1): 1 x 12.88 us = 12.88 us (488.467 GFLOPS/s)
GET_ROWS: 2 x 4.16 us = 8.32 us
GLU: 1 x 1.76 us = 1.76 us
MUL_MAT f32 m=256 n=24 k=256: 1 x 1.64 us = 1.64 us (1914.38 GFLOPS/s)
MUL_MAT f32 m=64 n=16 k=64: 1 x 3.64 us = 3.64 us (35.7275 GFLOPS/s)
MUL_MAT f32 m=64 n=96 k=64: 1 x 3.6 us = 3.6 us (216.747 GFLOPS/s)
MUL_MAT_ADD MUL_MAT_VEC q6_K m=5120 n=1 k=17408: 1 x 124.32 us = 124.32 us (1433.82 GFLOPS/s)
MUL_MAT_ADD MUL_MAT_VEC q6_K m=5120 n=1 k=6144: 1 x 53.52 us = 53.52 us (1175.44 GFLOPS/s)
MUL_MAT_VEC f32 m=256 n=4 k=256: 1 x 3 us = 3 us (174.421 GFLOPS/s)
MUL_MAT_VEC q6_K m=1024 n=1 k=5120: 2 x 9.08 us = 18.16 us (1154.71 GFLOPS/s)
MUL_MAT_VEC q6_K m=12288 n=1 k=5120: 1 x 85.44 us = 85.44 us (1472.58 GFLOPS/s)
MUL_MAT_VEC q6_K m=17408 n=1 k=5120: 2 x 121.3 us = 242.6 us (1469.42 GFLOPS/s)
MUL_MAT_VEC q6_K m=98304 n=1 k=5120: 1 x 671.47 us = 671.47 us (1499 GFLOPS/s)
MUL_MAT_VEC q8_0 m=5120 n=1 k=10240: 1 x 101.52 us = 101.52 us (1032.83 GFLOPS/s)
PAD: 1 x 6.32 us = 6.32 us
RMS_NORM_MUL RMS_NORM(256,24,1,1): 1 x 3.6 us = 3.6 us
RMS_NORM_MUL RMS_NORM(256,4,1,1): 1 x 3.56 us = 3.56 us
RMS_NORM_MUL RMS_NORM(5120,1,1,1): 5 x 3.728 us = 18.64 us
ROPE: 2 x 3.58 us = 7.16 us
SET_ROWS: 2 x 2.64 us = 5.28 us
SIGMOID_MUL SIGMOID: 1 x 1.72 us = 1.72 us
TOP_K K=10 (98304,1,1,1): 1 x 8.96 us = 8.96 us
Total time: 1394.43 us.
----------------
Vulkan Timings:
CONCAT: 1 x 3.8 us = 3.8 us
CONT: 1 x 3.64 us = 3.64 us
FLASH_ATTN_EXT dst(256,24,1,1),  q(256,1,24,1),  k(256,256,4,1),  v(256,256,4,1),  m(256,1,1,1): 1 x 12.8 us = 12.8 us (491.52 GFLOPS/s)
GET_ROWS: 2 x 6.04 us = 12.08 us
GLU: 1 x 1.88 us = 1.88 us
MUL_MAT f32 m=256 n=24 k=256: 1 x 1.68 us = 1.68 us (1868.8 GFLOPS/s)
MUL_MAT f32 m=64 n=16 k=64: 1 x 3.6 us = 3.6 us (36.1244 GFLOPS/s)
MUL_MAT f32 m=64 n=96 k=64: 1 x 3.64 us = 3.64 us (214.365 GFLOPS/s)
MUL_MAT_ADD MUL_MAT_VEC q6_K m=5120 n=1 k=17408: 1 x 123.68 us = 123.68 us (1441.24 GFLOPS/s)
MUL_MAT_ADD MUL_MAT_VEC q6_K m=5120 n=1 k=6144: 1 x 54.2 us = 54.2 us (1160.69 GFLOPS/s)
MUL_MAT_VEC f32 m=256 n=4 k=256: 1 x 3.04 us = 3.04 us (172.126 GFLOPS/s)
MUL_MAT_VEC q6_K m=1024 n=1 k=5120: 2 x 9.18 us = 18.36 us (1142.13 GFLOPS/s)
MUL_MAT_VEC q6_K m=12288 n=1 k=5120: 1 x 86.32 us = 86.32 us (1457.56 GFLOPS/s)
MUL_MAT_VEC q6_K m=17408 n=1 k=5120: 2 x 121.26 us = 242.52 us (1469.9 GFLOPS/s)
MUL_MAT_VEC q6_K m=98304 n=1 k=5120: 1 x 669.21 us = 669.21 us (1504.06 GFLOPS/s)
MUL_MAT_VEC q8_0 m=5120 n=1 k=10240: 1 x 101.08 us = 101.08 us (1037.32 GFLOPS/s)
PAD: 1 x 4.88 us = 4.88 us
RMS_NORM_MUL RMS_NORM(256,24,1,1): 1 x 3.6 us = 3.6 us
RMS_NORM_MUL RMS_NORM(256,4,1,1): 1 x 3.6 us = 3.6 us
RMS_NORM_MUL RMS_NORM(5120,1,1,1): 5 x 3.752 us = 18.76 us
ROPE: 2 x 3.56 us = 7.12 us
SET_ROWS: 2 x 2.66 us = 5.32 us
SIGMOID_MUL SIGMOID: 1 x 1.68 us = 1.68 us
TOP_K K=10 (98304,1,1,1): 1 x 9.16 us = 9.16 us
Total time: 1395.65 us.
----------------
Vulkan Timings:
ADD: 48 x 3.831 us = 183.92 us
CONCAT: 48 x 2.424 us = 116.36 us
CONT: 16 x 3.895 us = 62.32 us
CPY: 240 x 2.278 us = 546.88 us
FLASH_ATTN_EXT dst(256,24,5,1),  q(256,5,24,1),  k(256,256,4,1),  v(256,256,4,1),  m(256,5,1,1): 16 x 21.24 us = 339.84 us (1481.04 GFLOPS/s)
GDN_CACHE GATED_DELTA_NET: 48 x 13.875 us = 666.04 us
GET_ROWS: 50 x 27.038 us = 1351.92 us
GLU: 64 x 1.87 us = 119.72 us
MUL_MAT f32 m=256 n=120 k=256: 16 x 1.86 us = 29.76 us (8439.74 GFLOPS/s)
MUL_MAT f32 m=256 n=20 k=256: 16 x 3.037 us = 48.6 us (861.34 GFLOPS/s)
MUL_MAT f32 m=64 n=480 k=64: 16 x 3.672 us = 58.76 us (1062.34 GFLOPS/s)
MUL_MAT f32 m=64 n=80 k=64: 16 x 3.235 us = 51.76 us (201.002 GFLOPS/s)
MUL_MAT_ADD MUL_MAT_VEC q6_K m=5120 n=5 k=17408: 64 x 136.941 us = 8764.24 us (6508.37 GFLOPS/s)
MUL_MAT_ADD MUL_MAT_VEC q6_K m=5120 n=5 k=6144: 16 x 56.047 us = 896.76 us (5612.15 GFLOPS/s)
MUL_MAT_VEC f32 m=48 n=5 k=5120: 96 x 3.454 us = 331.6 us (711.419 GFLOPS/s)
MUL_MAT_VEC q6_K m=1024 n=5 k=5120: 32 x 9.438 us = 302.04 us (5554.09 GFLOPS/s)
MUL_MAT_VEC q6_K m=10240 n=5 k=5120: 48 x 81.553 us = 3914.56 us (6428.15 GFLOPS/s)
MUL_MAT_VEC q6_K m=12288 n=5 k=5120: 16 x 104.987 us = 1679.8 us (5991.99 GFLOPS/s)
MUL_MAT_VEC q6_K m=17408 n=5 k=5120: 128 x 142.737 us = 18270.4 us (6243.66 GFLOPS/s)
MUL_MAT_VEC q6_K m=248320 n=5 k=5120: 1 x 1751.24 us = 1751.24 us (7259.28 GFLOPS/s)
MUL_MAT_VEC q6_K m=6144 n=5 k=5120: 48 x 54.104 us = 2597 us (5813.64 GFLOPS/s)
MUL_MAT_VEC q8_0 m=5120 n=5 k=6144: 48 x 63.288 us = 3037.84 us (4970.07 GFLOPS/s)
RMS_NORM_MUL RMS_NORM(256,24,5,1): 16 x 3.922 us = 62.76 us
RMS_NORM_MUL RMS_NORM(256,4,5,1): 16 x 4.58 us = 73.28 us
RMS_NORM_MUL RMS_NORM(5120,5,1,1): 129 x 2.695 us = 347.72 us
RMS_NORM_MUL_SILU_MUL RMS_NORM(128,48,5,1): 48 x 5.774 us = 277.16 us
RMS_NORM_SCALE RMS_NORM(128,16,5,1): 96 x 2.695 us = 258.72 us
ROPE: 32 x 3.917 us = 125.36 us
SET_ROWS: 32 x 3.105 us = 99.36 us
SIGMOID_MUL SIGMOID: 16 x 1.707 us = 27.32 us
SSM_CONV_SILU SSM_CONV: 48 x 5.76 us = 276.48 us
Total time: 46669.5 us.
----------------
Vulkan Timings:
CONCAT: 1 x 2 us = 2 us
CONT: 1 x 3.88 us = 3.88 us
FLASH_ATTN_EXT dst(256,24,5,1),  q(256,5,24,1),  k(256,256,4,1),  v(256,256,4,1),  m(256,5,1,1): 1 x 21.72 us = 21.72 us (1448.31 GFLOPS/s)
GLU: 1 x 1.52 us = 1.52 us
MUL_MAT f32 m=256 n=120 k=256: 1 x 1.8 us = 1.8 us (8721.07 GFLOPS/s)
MUL_MAT f32 m=256 n=20 k=256: 1 x 3.2 us = 3.2 us (817.6 GFLOPS/s)
MUL_MAT f32 m=64 n=480 k=64: 1 x 3.84 us = 3.84 us (1016 GFLOPS/s)
MUL_MAT f32 m=64 n=80 k=64: 1 x 3.88 us = 3.88 us (167.588 GFLOPS/s)
MUL_MAT_ADD MUL_MAT_VEC q6_K m=5120 n=5 k=17408: 1 x 156.92 us = 156.92 us (5679.73 GFLOPS/s)
MUL_MAT_ADD MUL_MAT_VEC q6_K m=5120 n=5 k=6144: 1 x 61.64 us = 61.64 us (5102.97 GFLOPS/s)
MUL_MAT_VEC q6_K m=1024 n=5 k=5120: 2 x 11.4 us = 22.8 us (4598.57 GFLOPS/s)
MUL_MAT_VEC q6_K m=12288 n=5 k=5120: 1 x 119.02 us = 119.02 us (5285.53 GFLOPS/s)
MUL_MAT_VEC q6_K m=17408 n=5 k=5120: 2 x 134.94 us = 269.88 us (6604.44 GFLOPS/s)
MUL_MAT_VEC q8_0 m=5120 n=5 k=10240: 1 x 106.84 us = 106.84 us (4906.99 GFLOPS/s)
RMS_NORM_MUL RMS_NORM(256,24,5,1): 1 x 4 us = 4 us
RMS_NORM_MUL RMS_NORM(256,4,5,1): 1 x 3.88 us = 3.88 us
RMS_NORM_MUL RMS_NORM(5120,5,1,1): 5 x 8.212 us = 41.06 us
ROPE: 2 x 3.86 us = 7.72 us
SET_ROWS: 2 x 2.74 us = 5.48 us
SIGMOID_MUL SIGMOID: 1 x 1.8 us = 1.8 us
Total time: 842.88 us.
----------------
Vulkan Timings:
CONCAT: 1 x 3.72 us = 3.72 us
CONT: 1 x 3.52 us = 3.52 us
FLASH_ATTN_EXT dst(256,24,1,1),  q(256,1,24,1),  k(256,256,4,1),  v(256,256,4,1),  m(256,1,1,1): 1 x 12.76 us = 12.76 us (493.061 GFLOPS/s)
GET_ROWS: 2 x 4.3 us = 8.6 us
GLU: 1 x 1.64 us = 1.64 us
MUL_MAT f32 m=256 n=24 k=256: 1 x 1.56 us = 1.56 us (2012.55 GFLOPS/s)
MUL_MAT f32 m=64 n=16 k=64: 1 x 1.84 us = 1.84 us (70.6783 GFLOPS/s)
MUL_MAT f32 m=64 n=96 k=64: 1 x 3.24 us = 3.24 us (240.83 GFLOPS/s)
MUL_MAT_ADD MUL_MAT_VEC q6_K m=5120 n=1 k=17408: 1 x 130 us = 130 us (1371.18 GFLOPS/s)
MUL_MAT_ADD MUL_MAT_VEC q6_K m=5120 n=1 k=6144: 1 x 54.56 us = 54.56 us (1153.03 GFLOPS/s)
MUL_MAT_VEC f32 m=256 n=4 k=256: 1 x 3.08 us = 3.08 us (169.891 GFLOPS/s)
MUL_MAT_VEC q6_K m=1024 n=1 k=5120: 2 x 9.5 us = 19 us (1103.66 GFLOPS/s)
MUL_MAT_VEC q6_K m=12288 n=1 k=5120: 1 x 90 us = 90 us (1397.96 GFLOPS/s)
MUL_MAT_VEC q6_K m=17408 n=1 k=5120: 2 x 117.98 us = 235.96 us (1510.77 GFLOPS/s)
MUL_MAT_VEC q6_K m=98304 n=1 k=5120: 1 x 672.79 us = 672.79 us (1496.06 GFLOPS/s)
MUL_MAT_VEC q8_0 m=5120 n=1 k=10240: 1 x 91.92 us = 91.92 us (1140.69 GFLOPS/s)
PAD: 1 x 6.28 us = 6.28 us
RMS_NORM_MUL RMS_NORM(256,24,1,1): 1 x 3.24 us = 3.24 us
RMS_NORM_MUL RMS_NORM(256,4,1,1): 1 x 4.92 us = 4.92 us
RMS_NORM_MUL RMS_NORM(5120,1,1,1): 5 x 4.4 us = 22 us
ROPE: 2 x 3.38 us = 6.76 us
SET_ROWS: 2 x 2.64 us = 5.28 us
SIGMOID_MUL SIGMOID: 1 x 1.56 us = 1.56 us
TOP_K K=10 (98304,1,1,1): 1 x 8.76 us = 8.76 us
Total time: 1392.99 us.
----------------
Vulkan Timings:
CONCAT: 1 x 3.68 us = 3.68 us
CONT: 1 x 3.6 us = 3.6 us
FLASH_ATTN_EXT dst(256,24,1,1),  q(256,1,24,1),  k(256,256,4,1),  v(256,256,4,1),  m(256,1,1,1): 1 x 12.68 us = 12.68 us (496.172 GFLOPS/s)
GET_ROWS: 2 x 4.18 us = 8.36 us
GLU: 1 x 1.72 us = 1.72 us
MUL_MAT f32 m=256 n=24 k=256: 1 x 1.6 us = 1.6 us (1962.24 GFLOPS/s)
MUL_MAT f32 m=64 n=16 k=64: 1 x 3.6 us = 3.6 us (36.1244 GFLOPS/s)
MUL_MAT f32 m=64 n=96 k=64: 1 x 3.6 us = 3.6 us (216.747 GFLOPS/s)
MUL_MAT_ADD MUL_MAT_VEC q6_K m=5120 n=1 k=17408: 1 x 123.6 us = 123.6 us (1442.17 GFLOPS/s)
MUL_MAT_ADD MUL_MAT_VEC q6_K m=5120 n=1 k=6144: 1 x 54.32 us = 54.32 us (1158.13 GFLOPS/s)
MUL_MAT_VEC f32 m=256 n=4 k=256: 1 x 3.04 us = 3.04 us (172.126 GFLOPS/s)
MUL_MAT_VEC q6_K m=1024 n=1 k=5120: 2 x 9.2 us = 18.4 us (1139.65 GFLOPS/s)
MUL_MAT_VEC q6_K m=12288 n=1 k=5120: 1 x 85.4 us = 85.4 us (1473.27 GFLOPS/s)
MUL_MAT_VEC q6_K m=17408 n=1 k=5120: 2 x 121 us = 242 us (1473.06 GFLOPS/s)
MUL_MAT_VEC q6_K m=98304 n=1 k=5120: 1 x 673.42 us = 673.42 us (1494.66 GFLOPS/s)
MUL_MAT_VEC q8_0 m=5120 n=1 k=10240: 1 x 101.6 us = 101.6 us (1032.01 GFLOPS/s)
PAD: 1 x 6.4 us = 6.4 us
RMS_NORM_MUL RMS_NORM(256,24,1,1): 1 x 3.64 us = 3.64 us
RMS_NORM_MUL RMS_NORM(256,4,1,1): 1 x 3.56 us = 3.56 us
RMS_NORM_MUL RMS_NORM(5120,1,1,1): 5 x 3.728 us = 18.64 us
ROPE: 2 x 3.58 us = 7.16 us
SET_ROWS: 2 x 2.62 us = 5.24 us
SIGMOID_MUL SIGMOID: 1 x 1.68 us = 1.68 us
TOP_K K=10 (98304,1,1,1): 1 x 8.72 us = 8.72 us
Total time: 1395.66 us.
----------------
Vulkan Timings:
CONCAT: 1 x 3.76 us = 3.76 us
CONT: 1 x 3.64 us = 3.64 us
FLASH_ATTN_EXT dst(256,24,1,1),  q(256,1,24,1),  k(256,256,4,1),  v(256,256,4,1),  m(256,1,1,1): 1 x 12.92 us = 12.92 us (486.955 GFLOPS/s)
GET_ROWS: 2 x 5.92 us = 11.84 us
GLU: 1 x 1.76 us = 1.76 us
MUL_MAT f32 m=256 n=24 k=256: 1 x 1.68 us = 1.68 us (1868.8 GFLOPS/s)
MUL_MAT f32 m=64 n=16 k=64: 1 x 3.6 us = 3.6 us (36.1244 GFLOPS/s)
MUL_MAT f32 m=64 n=96 k=64: 1 x 3.6 us = 3.6 us (216.747 GFLOPS/s)
MUL_MAT_ADD MUL_MAT_VEC q6_K m=5120 n=1 k=17408: 1 x 124.36 us = 124.36 us (1433.36 GFLOPS/s)
MUL_MAT_ADD MUL_MAT_VEC q6_K m=5120 n=1 k=6144: 1 x 53.84 us = 53.84 us (1168.45 GFLOPS/s)
MUL_MAT_VEC f32 m=256 n=4 k=256: 1 x 3 us = 3 us (174.421 GFLOPS/s)
MUL_MAT_VEC q6_K m=1024 n=1 k=5120: 2 x 9.2 us = 18.4 us (1139.65 GFLOPS/s)
MUL_MAT_VEC q6_K m=12288 n=1 k=5120: 1 x 85.76 us = 85.76 us (1467.08 GFLOPS/s)
MUL_MAT_VEC q6_K m=17408 n=1 k=5120: 2 x 121.58 us = 243.16 us (1466.03 GFLOPS/s)
MUL_MAT_VEC q6_K m=98304 n=1 k=5120: 1 x 670.37 us = 670.37 us (1501.46 GFLOPS/s)
MUL_MAT_VEC q8_0 m=5120 n=1 k=10240: 1 x 101.68 us = 101.68 us (1031.2 GFLOPS/s)
PAD: 1 x 4.84 us = 4.84 us
RMS_NORM_MUL RMS_NORM(256,24,1,1): 1 x 3.6 us = 3.6 us
RMS_NORM_MUL RMS_NORM(256,4,1,1): 1 x 3.56 us = 3.56 us
RMS_NORM_MUL RMS_NORM(5120,1,1,1): 5 x 3.752 us = 18.76 us
ROPE: 2 x 3.54 us = 7.08 us
SET_ROWS: 2 x 2.64 us = 5.28 us
SIGMOID_MUL SIGMOID: 1 x 1.92 us = 1.92 us
TOP_K K=10 (98304,1,1,1): 1 x 9.36 us = 9.36 us
Total time: 1397.77 us.
----------------
Vulkan Timings:
CONCAT: 1 x 3.76 us = 3.76 us
CONT: 1 x 3.6 us = 3.6 us
FLASH_ATTN_EXT dst(256,24,1,1),  q(256,1,24,1),  k(256,256,4,1),  v(256,256,4,1),  m(256,1,1,1): 1 x 12.96 us = 12.96 us (485.452 GFLOPS/s)
GET_ROWS: 2 x 4.18 us = 8.36 us
GLU: 1 x 1.88 us = 1.88 us
MUL_MAT f32 m=256 n=24 k=256: 1 x 1.68 us = 1.68 us (1868.8 GFLOPS/s)
MUL_MAT f32 m=64 n=16 k=64: 1 x 3.64 us = 3.64 us (35.7275 GFLOPS/s)
MUL_MAT f32 m=64 n=96 k=64: 1 x 3.64 us = 3.64 us (214.365 GFLOPS/s)
MUL_MAT_ADD MUL_MAT_VEC q6_K m=5120 n=1 k=17408: 1 x 123.24 us = 123.24 us (1446.39 GFLOPS/s)
MUL_MAT_ADD MUL_MAT_VEC q6_K m=5120 n=1 k=6144: 1 x 53.88 us = 53.88 us (1167.58 GFLOPS/s)
MUL_MAT_VEC f32 m=256 n=4 k=256: 1 x 3.04 us = 3.04 us (172.126 GFLOPS/s)
MUL_MAT_VEC q6_K m=1024 n=1 k=5120: 2 x 9.14 us = 18.28 us (1147.13 GFLOPS/s)
MUL_MAT_VEC q6_K m=12288 n=1 k=5120: 1 x 85.16 us = 85.16 us (1477.42 GFLOPS/s)
MUL_MAT_VEC q6_K m=17408 n=1 k=5120: 2 x 121.2 us = 242.4 us (1470.63 GFLOPS/s)
MUL_MAT_VEC q6_K m=98304 n=1 k=5120: 1 x 673.11 us = 673.11 us (1495.35 GFLOPS/s)
MUL_MAT_VEC q8_0 m=5120 n=1 k=10240: 1 x 101.36 us = 101.36 us (1034.46 GFLOPS/s)
PAD: 1 x 6.36 us = 6.36 us
RMS_NORM_MUL RMS_NORM(256,24,1,1): 1 x 3.64 us = 3.64 us
RMS_NORM_MUL RMS_NORM(256,4,1,1): 1 x 3.64 us = 3.64 us
RMS_NORM_MUL RMS_NORM(5120,1,1,1): 5 x 3.736 us = 18.68 us
ROPE: 2 x 3.6 us = 7.2 us
SET_ROWS: 2 x 2.66 us = 5.32 us
SIGMOID_MUL SIGMOID: 1 x 1.64 us = 1.64 us
TOP_K K=10 (98304,1,1,1): 1 x 9.08 us = 9.08 us
Total time: 1395.55 us.
----------------
Vulkan Timings:
ADD: 48 x 3.815 us = 183.12 us
CONCAT: 48 x 2.513 us = 120.64 us
CONT: 16 x 3.877 us = 62.04 us
CPY: 240 x 2.258 us = 542.04 us
FLASH_ATTN_EXT dst(256,24,5,1),  q(256,5,24,1),  k(256,256,4,1),  v(256,256,4,1),  m(256,5,1,1): 16 x 21.335 us = 341.36 us (1474.44 GFLOPS/s)
GDN_CACHE GATED_DELTA_NET: 48 x 14.012 us = 672.6 us
GET_ROWS: 50 x 26.877 us = 1343.88 us
GLU: 64 x 1.847 us = 118.24 us
MUL_MAT f32 m=256 n=120 k=256: 16 x 1.85 us = 29.6 us (8485.36 GFLOPS/s)
MUL_MAT f32 m=256 n=20 k=256: 16 x 3.022 us = 48.36 us (865.615 GFLOPS/s)
MUL_MAT f32 m=64 n=480 k=64: 16 x 3.665 us = 58.64 us (1064.51 GFLOPS/s)
MUL_MAT f32 m=64 n=80 k=64: 16 x 3.232 us = 51.72 us (201.157 GFLOPS/s)
MUL_MAT_ADD MUL_MAT_VEC q6_K m=5120 n=5 k=17408: 64 x 136.564 us = 8740.12 us (6526.33 GFLOPS/s)
MUL_MAT_ADD MUL_MAT_VEC q6_K m=5120 n=5 k=6144: 16 x 55.97 us = 895.52 us (5619.92 GFLOPS/s)
MUL_MAT_VEC f32 m=48 n=5 k=5120: 96 x 3.441 us = 330.4 us (714.003 GFLOPS/s)
MUL_MAT_VEC q6_K m=1024 n=5 k=5120: 32 x 9.762 us = 312.4 us (5369.9 GFLOPS/s)
MUL_MAT_VEC q6_K m=10240 n=5 k=5120: 48 x 81.486 us = 3911.36 us (6433.41 GFLOPS/s)
MUL_MAT_VEC q6_K m=12288 n=5 k=5120: 16 x 103.19 us = 1651.04 us (6096.37 GFLOPS/s)
MUL_MAT_VEC q6_K m=17408 n=5 k=5120: 128 x 142.653 us = 18259.6 us (6247.33 GFLOPS/s)
MUL_MAT_VEC q6_K m=248320 n=5 k=5120: 1 x 1752.72 us = 1752.72 us (7253.15 GFLOPS/s)
MUL_MAT_VEC q6_K m=6144 n=5 k=5120: 48 x 53.835 us = 2584.08 us (5842.71 GFLOPS/s)
MUL_MAT_VEC q8_0 m=5120 n=5 k=6144: 48 x 63.245 us = 3035.8 us (4973.41 GFLOPS/s)
RMS_NORM_MUL RMS_NORM(256,24,5,1): 16 x 4.16 us = 66.56 us
RMS_NORM_MUL RMS_NORM(256,4,5,1): 16 x 4.562 us = 73 us
RMS_NORM_MUL RMS_NORM(5120,5,1,1): 129 x 2.706 us = 349.16 us
RMS_NORM_MUL_SILU_MUL RMS_NORM(128,48,5,1): 48 x 5.76 us = 276.52 us
RMS_NORM_SCALE RMS_NORM(128,16,5,1): 96 x 2.715 us = 260.68 us
ROPE: 32 x 3.893 us = 124.6 us
SET_ROWS: 32 x 3.058 us = 97.88 us
SIGMOID_MUL SIGMOID: 16 x 1.715 us = 27.44 us
SSM_CONV_SILU SSM_CONV: 48 x 5.736 us = 275.36 us
Total time: 46596.5 us.
----------------
Vulkan Timings:
CONCAT: 1 x 2 us = 2 us
CONT: 1 x 3.88 us = 3.88 us
FLASH_ATTN_EXT dst(256,24,5,1),  q(256,5,24,1),  k(256,256,4,1),  v(256,256,4,1),  m(256,5,1,1): 1 x 21.28 us = 21.28 us (1478.26 GFLOPS/s)
GLU: 1 x 1.84 us = 1.84 us
MUL_MAT f32 m=256 n=120 k=256: 1 x 1.76 us = 1.76 us (8919.27 GFLOPS/s)
MUL_MAT f32 m=256 n=20 k=256: 1 x 3.24 us = 3.24 us (807.506 GFLOPS/s)
MUL_MAT f32 m=64 n=480 k=64: 1 x 3.92 us = 3.92 us (995.265 GFLOPS/s)
MUL_MAT f32 m=64 n=80 k=64: 1 x 3.84 us = 3.84 us (169.333 GFLOPS/s)
MUL_MAT_ADD MUL_MAT_VEC q6_K m=5120 n=5 k=17408: 1 x 156.18 us = 156.18 us (5706.65 GFLOPS/s)
MUL_MAT_ADD MUL_MAT_VEC q6_K m=5120 n=5 k=6144: 1 x 61.88 us = 61.88 us (5083.18 GFLOPS/s)
MUL_MAT_VEC q6_K m=1024 n=5 k=5120: 2 x 11.4 us = 22.8 us (4598.57 GFLOPS/s)
MUL_MAT_VEC q6_K m=12288 n=5 k=5120: 1 x 119.11 us = 119.11 us (5281.54 GFLOPS/s)
MUL_MAT_VEC q6_K m=17408 n=5 k=5120: 2 x 135.02 us = 270.04 us (6600.52 GFLOPS/s)
MUL_MAT_VEC q8_0 m=5120 n=5 k=10240: 1 x 105.32 us = 105.32 us (4977.8 GFLOPS/s)
RMS_NORM_MUL RMS_NORM(256,24,5,1): 1 x 4 us = 4 us
RMS_NORM_MUL RMS_NORM(256,4,5,1): 1 x 3.84 us = 3.84 us
RMS_NORM_MUL RMS_NORM(5120,5,1,1): 5 x 8.08 us = 40.4 us
ROPE: 2 x 3.86 us = 7.72 us
SET_ROWS: 2 x 2.78 us = 5.56 us
SIGMOID_MUL SIGMOID: 1 x 1.84 us = 1.84 us
Total time: 840.45 us.
----------------
Vulkan Timings:
CONCAT: 1 x 3.64 us = 3.64 us
CONT: 1 x 3.52 us = 3.52 us
FLASH_ATTN_EXT dst(256,24,1,1),  q(256,1,24,1),  k(256,256,4,1),  v(256,256,4,1),  m(256,1,1,1): 1 x 12.48 us = 12.48 us (504.123 GFLOPS/s)
GET_ROWS: 2 x 4.3 us = 8.6 us
GLU: 1 x 1.56 us = 1.56 us
MUL_MAT f32 m=256 n=24 k=256: 1 x 1.48 us = 1.48 us (2121.34 GFLOPS/s)
MUL_MAT f32 m=64 n=16 k=64: 1 x 1.84 us = 1.84 us (70.6783 GFLOPS/s)
MUL_MAT f32 m=64 n=96 k=64: 1 x 3.24 us = 3.24 us (240.83 GFLOPS/s)
MUL_MAT_ADD MUL_MAT_VEC q6_K m=5120 n=1 k=17408: 1 x 129.96 us = 129.96 us (1371.6 GFLOPS/s)
MUL_MAT_ADD MUL_MAT_VEC q6_K m=5120 n=1 k=6144: 1 x 53.6 us = 53.6 us (1173.68 GFLOPS/s)
MUL_MAT_VEC f32 m=256 n=4 k=256: 1 x 3.08 us = 3.08 us (169.891 GFLOPS/s)
MUL_MAT_VEC q6_K m=1024 n=1 k=5120: 2 x 9.26 us = 18.52 us (1132.26 GFLOPS/s)
MUL_MAT_VEC q6_K m=12288 n=1 k=5120: 1 x 90.04 us = 90.04 us (1397.34 GFLOPS/s)
MUL_MAT_VEC q6_K m=17408 n=1 k=5120: 2 x 118.14 us = 236.28 us (1508.72 GFLOPS/s)
MUL_MAT_VEC q6_K m=98304 n=1 k=5120: 1 x 671.87 us = 671.87 us (1498.11 GFLOPS/s)
MUL_MAT_VEC q8_0 m=5120 n=1 k=10240: 1 x 91.88 us = 91.88 us (1141.19 GFLOPS/s)
PAD: 1 x 6.36 us = 6.36 us
RMS_NORM_MUL RMS_NORM(256,24,1,1): 1 x 3.24 us = 3.24 us
RMS_NORM_MUL RMS_NORM(256,4,1,1): 1 x 4.84 us = 4.84 us
RMS_NORM_MUL RMS_NORM(5120,1,1,1): 5 x 4.4 us = 22 us
ROPE: 2 x 3.34 us = 6.68 us
SET_ROWS: 2 x 2.62 us = 5.24 us
SIGMOID_MUL SIGMOID: 1 x 1.6 us = 1.6 us
TOP_K K=10 (98304,1,1,1): 1 x 8.84 us = 8.84 us
Total time: 1390.39 us.
----------------
Vulkan Timings:
CONCAT: 1 x 3.8 us = 3.8 us
CONT: 1 x 3.64 us = 3.64 us
FLASH_ATTN_EXT dst(256,24,1,1),  q(256,1,24,1),  k(256,256,4,1),  v(256,256,4,1),  m(256,1,1,1): 1 x 12.76 us = 12.76 us (493.061 GFLOPS/s)
GET_ROWS: 2 x 4.3 us = 8.6 us
GLU: 1 x 1.88 us = 1.88 us
MUL_MAT f32 m=256 n=24 k=256: 1 x 1.64 us = 1.64 us (1914.38 GFLOPS/s)
MUL_MAT f32 m=64 n=16 k=64: 1 x 3.6 us = 3.6 us (36.1244 GFLOPS/s)
MUL_MAT f32 m=64 n=96 k=64: 1 x 3.56 us = 3.56 us (219.182 GFLOPS/s)
MUL_MAT_ADD MUL_MAT_VEC q6_K m=5120 n=1 k=17408: 1 x 122.96 us = 122.96 us (1449.68 GFLOPS/s)
MUL_MAT_ADD MUL_MAT_VEC q6_K m=5120 n=1 k=6144: 1 x 51.08 us = 51.08 us (1231.59 GFLOPS/s)
MUL_MAT_VEC f32 m=256 n=4 k=256: 1 x 3.04 us = 3.04 us (172.126 GFLOPS/s)
MUL_MAT_VEC q6_K m=1024 n=1 k=5120: 2 x 9.06 us = 18.12 us (1157.26 GFLOPS/s)
MUL_MAT_VEC q6_K m=12288 n=1 k=5120: 1 x 85 us = 85 us (1480.2 GFLOPS/s)
MUL_MAT_VEC q6_K m=17408 n=1 k=5120: 2 x 121.7 us = 243.4 us (1464.59 GFLOPS/s)
MUL_MAT_VEC q6_K m=98304 n=1 k=5120: 1 x 671.34 us = 671.34 us (1499.29 GFLOPS/s)
MUL_MAT_VEC q8_0 m=5120 n=1 k=10240: 1 x 100.92 us = 100.92 us (1038.97 GFLOPS/s)
PAD: 1 x 6.4 us = 6.4 us
RMS_NORM_MUL RMS_NORM(256,24,1,1): 1 x 3.6 us = 3.6 us
RMS_NORM_MUL RMS_NORM(256,4,1,1): 1 x 3.56 us = 3.56 us
RMS_NORM_MUL RMS_NORM(5120,1,1,1): 5 x 4.256 us = 21.28 us
ROPE: 2 x 3.58 us = 7.16 us
SET_ROWS: 2 x 2.64 us = 5.28 us
SIGMOID_MUL SIGMOID: 1 x 1.68 us = 1.68 us
TOP_K K=10 (98304,1,1,1): 1 x 9.32 us = 9.32 us
Total time: 1393.62 us.
----------------
Vulkan Timings:
CONCAT: 1 x 3.76 us = 3.76 us
CONT: 1 x 3.6 us = 3.6 us
FLASH_ATTN_EXT dst(256,24,1,1),  q(256,1,24,1),  k(256,256,4,1),  v(256,256,4,1),  m(256,1,1,1): 1 x 12.92 us = 12.92 us (486.955 GFLOPS/s)
GET_ROWS: 2 x 5.94 us = 11.88 us
GLU: 1 x 1.88 us = 1.88 us
MUL_MAT f32 m=256 n=24 k=256: 1 x 1.68 us = 1.68 us (1868.8 GFLOPS/s)
MUL_MAT f32 m=64 n=16 k=64: 1 x 3.64 us = 3.64 us (35.7275 GFLOPS/s)
MUL_MAT f32 m=64 n=96 k=64: 1 x 3.64 us = 3.64 us (214.365 GFLOPS/s)
MUL_MAT_ADD MUL_MAT_VEC q6_K m=5120 n=1 k=17408: 1 x 122.8 us = 122.8 us (1451.57 GFLOPS/s)
MUL_MAT_ADD MUL_MAT_VEC q6_K m=5120 n=1 k=6144: 1 x 51.44 us = 51.44 us (1222.97 GFLOPS/s)
MUL_MAT_VEC f32 m=256 n=4 k=256: 1 x 3.04 us = 3.04 us (172.126 GFLOPS/s)
MUL_MAT_VEC q6_K m=1024 n=1 k=5120: 2 x 9.16 us = 18.32 us (1144.62 GFLOPS/s)
MUL_MAT_VEC q6_K m=12288 n=1 k=5120: 1 x 86 us = 86 us (1462.99 GFLOPS/s)
MUL_MAT_VEC q6_K m=17408 n=1 k=5120: 2 x 121.46 us = 242.92 us (1467.48 GFLOPS/s)
MUL_MAT_VEC q6_K m=98304 n=1 k=5120: 1 x 669.67 us = 669.67 us (1503.03 GFLOPS/s)
MUL_MAT_VEC q8_0 m=5120 n=1 k=10240: 1 x 101.2 us = 101.2 us (1036.09 GFLOPS/s)
PAD: 1 x 5.08 us = 5.08 us
RMS_NORM_MUL RMS_NORM(256,24,1,1): 1 x 3.64 us = 3.64 us
RMS_NORM_MUL RMS_NORM(256,4,1,1): 1 x 3.64 us = 3.64 us
RMS_NORM_MUL RMS_NORM(5120,1,1,1): 5 x 4.256 us = 21.28 us
ROPE: 2 x 3.62 us = 7.24 us
SET_ROWS: 2 x 2.66 us = 5.32 us
SIGMOID_MUL SIGMOID: 1 x 1.68 us = 1.68 us
TOP_K K=10 (98304,1,1,1): 1 x 8.64 us = 8.64 us
Total time: 1394.91 us.
----------------
Vulkan Timings:
CONCAT: 1 x 3.8 us = 3.8 us
CONT: 1 x 3.64 us = 3.64 us
FLASH_ATTN_EXT dst(256,24,1,1),  q(256,1,24,1),  k(256,256,4,1),  v(256,256,4,1),  m(256,1,1,1): 1 x 12.8 us = 12.8 us (491.52 GFLOPS/s)
GET_ROWS: 2 x 4.28 us = 8.56 us
GLU: 1 x 1.8 us = 1.8 us
MUL_MAT f32 m=256 n=24 k=256: 1 x 1.6 us = 1.6 us (1962.24 GFLOPS/s)
MUL_MAT f32 m=64 n=16 k=64: 1 x 3.6 us = 3.6 us (36.1244 GFLOPS/s)
MUL_MAT f32 m=64 n=96 k=64: 1 x 3.64 us = 3.64 us (214.365 GFLOPS/s)
MUL_MAT_ADD MUL_MAT_VEC q6_K m=5120 n=1 k=17408: 1 x 123.4 us = 123.4 us (1444.51 GFLOPS/s)
MUL_MAT_ADD MUL_MAT_VEC q6_K m=5120 n=1 k=6144: 1 x 53.48 us = 53.48 us (1176.32 GFLOPS/s)
MUL_MAT_VEC f32 m=256 n=4 k=256: 1 x 3.04 us = 3.04 us (172.126 GFLOPS/s)
MUL_MAT_VEC q6_K m=1024 n=1 k=5120: 2 x 9.08 us = 18.16 us (1154.71 GFLOPS/s)
MUL_MAT_VEC q6_K m=12288 n=1 k=5120: 1 x 86.32 us = 86.32 us (1457.56 GFLOPS/s)
MUL_MAT_VEC q6_K m=17408 n=1 k=5120: 2 x 121.04 us = 242.08 us (1472.58 GFLOPS/s)
MUL_MAT_VEC q6_K m=98304 n=1 k=5120: 1 x 672.81 us = 672.81 us (1496.02 GFLOPS/s)
MUL_MAT_VEC q8_0 m=5120 n=1 k=10240: 1 x 101.52 us = 101.52 us (1032.83 GFLOPS/s)
PAD: 1 x 6.4 us = 6.4 us
RMS_NORM_MUL RMS_NORM(256,24,1,1): 1 x 3.6 us = 3.6 us
RMS_NORM_MUL RMS_NORM(256,4,1,1): 1 x 3.6 us = 3.6 us
RMS_NORM_MUL RMS_NORM(5120,1,1,1): 5 x 3.672 us = 18.36 us
ROPE: 2 x 3.58 us = 7.16 us
SET_ROWS: 2 x 2.66 us = 5.32 us
SIGMOID_MUL SIGMOID: 1 x 1.72 us = 1.72 us
TOP_K K=10 (98304,1,1,1): 1 x 9.12 us = 9.12 us
Total time: 1395.53 us.
----------------
Vulkan Timings:
ADD: 48 x 3.901 us = 187.28 us
CONCAT: 48 x 2.533 us = 121.6 us
CONT: 16 x 3.912 us = 62.6 us
CPY: 240 x 2.258 us = 542 us
FLASH_ATTN_EXT dst(256,24,5,1),  q(256,5,24,1),  k(256,256,4,1),  v(256,256,4,1),  m(256,5,1,1): 16 x 21.295 us = 340.72 us (1477.21 GFLOPS/s)
GDN_CACHE GATED_DELTA_NET: 48 x 13.964 us = 670.28 us
GET_ROWS: 50 x 27.316 us = 1365.8 us
GLU: 64 x 1.86 us = 119.08 us
MUL_MAT f32 m=256 n=120 k=256: 16 x 1.832 us = 29.32 us (8566.4 GFLOPS/s)
MUL_MAT f32 m=256 n=20 k=256: 16 x 3.187 us = 51 us (820.806 GFLOPS/s)
MUL_MAT f32 m=64 n=480 k=64: 16 x 3.695 us = 59.12 us (1055.87 GFLOPS/s)
MUL_MAT f32 m=64 n=80 k=64: 16 x 3.337 us = 53.4 us (194.828 GFLOPS/s)
MUL_MAT_ADD MUL_MAT_VEC q6_K m=5120 n=5 k=17408: 64 x 136.866 us = 8759.44 us (6511.93 GFLOPS/s)
MUL_MAT_ADD MUL_MAT_VEC q6_K m=5120 n=5 k=6144: 16 x 56.002 us = 896.04 us (5616.66 GFLOPS/s)
MUL_MAT_VEC f32 m=48 n=5 k=5120: 96 x 3.548 us = 340.68 us (692.458 GFLOPS/s)
MUL_MAT_VEC q6_K m=1024 n=5 k=5120: 32 x 10.15 us = 324.8 us (5164.89 GFLOPS/s)
MUL_MAT_VEC q6_K m=10240 n=5 k=5120: 48 x 81.608 us = 3917.2 us (6423.81 GFLOPS/s)
MUL_MAT_VEC q6_K m=12288 n=5 k=5120: 16 x 102.507 us = 1640.12 us (6136.96 GFLOPS/s)
MUL_MAT_VEC q6_K m=17408 n=5 k=5120: 128 x 142.779 us = 18275.8 us (6241.82 GFLOPS/s)
MUL_MAT_VEC q6_K m=248320 n=5 k=5120: 1 x 1758.92 us = 1758.92 us (7227.58 GFLOPS/s)
MUL_MAT_VEC q6_K m=6144 n=5 k=5120: 48 x 54.075 us = 2595.6 us (5816.77 GFLOPS/s)
MUL_MAT_VEC q8_0 m=5120 n=5 k=6144: 48 x 63.215 us = 3034.32 us (4975.83 GFLOPS/s)
RMS_NORM_MUL RMS_NORM(256,24,5,1): 16 x 4.297 us = 68.76 us
RMS_NORM_MUL RMS_NORM(256,4,5,1): 16 x 4.495 us = 71.92 us
RMS_NORM_MUL RMS_NORM(5120,5,1,1): 129 x 2.737 us = 353.12 us
RMS_NORM_MUL_SILU_MUL RMS_NORM(128,48,5,1): 48 x 5.792 us = 278.04 us
RMS_NORM_SCALE RMS_NORM(128,16,5,1): 96 x 2.699 us = 259.12 us
ROPE: 32 x 3.927 us = 125.68 us
SET_ROWS: 32 x 3.05 us = 97.6 us
SIGMOID_MUL SIGMOID: 16 x 1.73 us = 27.68 us
SSM_CONV_SILU SSM_CONV: 48 x 5.781 us = 277.52 us
Total time: 46704.5 us.
----------------
Vulkan Timings:
CONCAT: 1 x 1.96 us = 1.96 us
CONT: 1 x 3.92 us = 3.92 us
FLASH_ATTN_EXT dst(256,24,5,1),  q(256,5,24,1),  k(256,256,4,1),  v(256,256,4,1),  m(256,5,1,1): 1 x 21.92 us = 21.92 us (1435.09 GFLOPS/s)
GLU: 1 x 1.64 us = 1.64 us
MUL_MAT f32 m=256 n=120 k=256: 1 x 1.84 us = 1.84 us (8531.48 GFLOPS/s)
MUL_MAT f32 m=256 n=20 k=256: 1 x 3.28 us = 3.28 us (797.659 GFLOPS/s)
MUL_MAT f32 m=64 n=480 k=64: 1 x 3.92 us = 3.92 us (995.265 GFLOPS/s)
MUL_MAT f32 m=64 n=80 k=64: 1 x 3.84 us = 3.84 us (169.333 GFLOPS/s)
MUL_MAT_ADD MUL_MAT_VEC q6_K m=5120 n=5 k=17408: 1 x 155 us = 155 us (5750.09 GFLOPS/s)
MUL_MAT_ADD MUL_MAT_VEC q6_K m=5120 n=5 k=6144: 1 x 62 us = 62 us (5073.34 GFLOPS/s)
MUL_MAT_VEC q6_K m=1024 n=5 k=5120: 2 x 11.52 us = 23.04 us (4550.67 GFLOPS/s)
MUL_MAT_VEC q6_K m=12288 n=5 k=5120: 1 x 119.07 us = 119.07 us (5283.31 GFLOPS/s)
MUL_MAT_VEC q6_K m=17408 n=5 k=5120: 2 x 135.66 us = 271.32 us (6569.38 GFLOPS/s)
MUL_MAT_VEC q8_0 m=5120 n=5 k=10240: 1 x 106.28 us = 106.28 us (4932.84 GFLOPS/s)
RMS_NORM_MUL RMS_NORM(256,24,5,1): 1 x 4 us = 4 us
RMS_NORM_MUL RMS_NORM(256,4,5,1): 1 x 3.88 us = 3.88 us
RMS_NORM_MUL RMS_NORM(5120,5,1,1): 5 x 8.08 us = 40.4 us
ROPE: 2 x 3.86 us = 7.72 us
SET_ROWS: 2 x 2.8 us = 5.6 us
SIGMOID_MUL SIGMOID: 1 x 1.8 us = 1.8 us
Total time: 842.43 us.
----------------
Vulkan Timings:
CONCAT: 1 x 3.72 us = 3.72 us
CONT: 1 x 3.64 us = 3.64 us
FLASH_ATTN_EXT dst(256,24,1,1),  q(256,1,24,1),  k(256,256,4,1),  v(256,256,4,1),  m(256,1,1,1): 1 x 13 us = 13 us (483.958 GFLOPS/s)
GET_ROWS: 2 x 4.24 us = 8.48 us
GLU: 1 x 1.72 us = 1.72 us
MUL_MAT f32 m=256 n=24 k=256: 1 x 1.6 us = 1.6 us (1962.24 GFLOPS/s)
MUL_MAT f32 m=64 n=16 k=64: 1 x 1.84 us = 1.84 us (70.6783 GFLOPS/s)
MUL_MAT f32 m=64 n=96 k=64: 1 x 3.28 us = 3.28 us (237.893 GFLOPS/s)
MUL_MAT_ADD MUL_MAT_VEC q6_K m=5120 n=1 k=17408: 1 x 129.72 us = 129.72 us (1374.14 GFLOPS/s)
MUL_MAT_ADD MUL_MAT_VEC q6_K m=5120 n=1 k=6144: 1 x 53.84 us = 53.84 us (1168.45 GFLOPS/s)
MUL_MAT_VEC f32 m=256 n=4 k=256: 1 x 3.12 us = 3.12 us (167.713 GFLOPS/s)
MUL_MAT_VEC q6_K m=1024 n=1 k=5120: 2 x 9.36 us = 18.72 us (1120.16 GFLOPS/s)
MUL_MAT_VEC q6_K m=12288 n=1 k=5120: 1 x 90.36 us = 90.36 us (1392.4 GFLOPS/s)
MUL_MAT_VEC q6_K m=17408 n=1 k=5120: 2 x 118.36 us = 236.72 us (1505.92 GFLOPS/s)
MUL_MAT_VEC q6_K m=98304 n=1 k=5120: 1 x 669.04 us = 669.04 us (1504.45 GFLOPS/s)
MUL_MAT_VEC q8_0 m=5120 n=1 k=10240: 1 x 91.44 us = 91.44 us (1146.68 GFLOPS/s)
PAD: 1 x 7.16 us = 7.16 us
RMS_NORM_MUL RMS_NORM(256,24,1,1): 1 x 3.32 us = 3.32 us
RMS_NORM_MUL RMS_NORM(256,4,1,1): 1 x 4.96 us = 4.96 us
RMS_NORM_MUL RMS_NORM(5120,1,1,1): 5 x 4.496 us = 22.48 us
ROPE: 2 x 3.38 us = 6.76 us
SET_ROWS: 2 x 2.66 us = 5.32 us
SIGMOID_MUL SIGMOID: 1 x 1.64 us = 1.64 us
TOP_K K=10 (98304,1,1,1): 1 x 9.36 us = 9.36 us
Total time: 1391.24 us.
----------------
Vulkan Timings:
CONCAT: 1 x 3.76 us = 3.76 us
CONT: 1 x 3.6 us = 3.6 us
FLASH_ATTN_EXT dst(256,24,1,1),  q(256,1,24,1),  k(256,256,4,1),  v(256,256,4,1),  m(256,1,1,1): 1 x 12.68 us = 12.68 us (496.172 GFLOPS/s)
GET_ROWS: 2 x 4.2 us = 8.4 us
GLU: 1 x 1.88 us = 1.88 us
MUL_MAT f32 m=256 n=24 k=256: 1 x 1.68 us = 1.68 us (1868.8 GFLOPS/s)
MUL_MAT f32 m=64 n=16 k=64: 1 x 3.6 us = 3.6 us (36.1244 GFLOPS/s)
MUL_MAT f32 m=64 n=96 k=64: 1 x 3.56 us = 3.56 us (219.182 GFLOPS/s)
MUL_MAT_ADD MUL_MAT_VEC q6_K m=5120 n=1 k=17408: 1 x 122.76 us = 122.76 us (1452.04 GFLOPS/s)
MUL_MAT_ADD MUL_MAT_VEC q6_K m=5120 n=1 k=6144: 1 x 53.72 us = 53.72 us (1171.06 GFLOPS/s)
MUL_MAT_VEC f32 m=256 n=4 k=256: 1 x 3 us = 3 us (174.421 GFLOPS/s)
MUL_MAT_VEC q6_K m=1024 n=1 k=5120: 2 x 9.08 us = 18.16 us (1154.71 GFLOPS/s)
MUL_MAT_VEC q6_K m=12288 n=1 k=5120: 1 x 85.8 us = 85.8 us (1466.4 GFLOPS/s)
MUL_MAT_VEC q6_K m=17408 n=1 k=5120: 2 x 121.18 us = 242.36 us (1470.87 GFLOPS/s)
MUL_MAT_VEC q6_K m=98304 n=1 k=5120: 1 x 670.61 us = 670.61 us (1500.92 GFLOPS/s)
MUL_MAT_VEC q8_0 m=5120 n=1 k=10240: 1 x 101.72 us = 101.72 us (1030.8 GFLOPS/s)
PAD: 1 x 7.04 us = 7.04 us
RMS_NORM_MUL RMS_NORM(256,24,1,1): 1 x 3.6 us = 3.6 us
RMS_NORM_MUL RMS_NORM(256,4,1,1): 1 x 3.6 us = 3.6 us
RMS_NORM_MUL RMS_NORM(5120,1,1,1): 5 x 3.72 us = 18.6 us
ROPE: 2 x 3.58 us = 7.16 us
SET_ROWS: 2 x 2.64 us = 5.28 us
SIGMOID_MUL SIGMOID: 1 x 1.64 us = 1.64 us
TOP_K K=10 (98304,1,1,1): 1 x 8.76 us = 8.76 us
Total time: 1392.97 us.
----------------
Vulkan Timings:
CONCAT: 1 x 3.68 us = 3.68 us
CONT: 1 x 3.64 us = 3.64 us
FLASH_ATTN_EXT dst(256,24,1,1),  q(256,1,24,1),  k(256,256,4,1),  v(256,256,4,1),  m(256,1,1,1): 1 x 13 us = 13 us (483.958 GFLOPS/s)
GET_ROWS: 2 x 4.32 us = 8.64 us
GLU: 1 x 1.8 us = 1.8 us
MUL_MAT f32 m=256 n=24 k=256: 1 x 1.64 us = 1.64 us (1914.38 GFLOPS/s)
MUL_MAT f32 m=64 n=16 k=64: 1 x 3.6 us = 3.6 us (36.1244 GFLOPS/s)
MUL_MAT f32 m=64 n=96 k=64: 1 x 3.6 us = 3.6 us (216.747 GFLOPS/s)
MUL_MAT_ADD MUL_MAT_VEC q6_K m=5120 n=1 k=17408: 1 x 123.28 us = 123.28 us (1445.92 GFLOPS/s)
MUL_MAT_ADD MUL_MAT_VEC q6_K m=5120 n=1 k=6144: 1 x 53.84 us = 53.84 us (1168.45 GFLOPS/s)
MUL_MAT_VEC f32 m=256 n=4 k=256: 1 x 3 us = 3 us (174.421 GFLOPS/s)
MUL_MAT_VEC q6_K m=1024 n=1 k=5120: 2 x 9.14 us = 18.28 us (1147.13 GFLOPS/s)
MUL_MAT_VEC q6_K m=12288 n=1 k=5120: 1 x 85.52 us = 85.52 us (1471.2 GFLOPS/s)
MUL_MAT_VEC q6_K m=17408 n=1 k=5120: 2 x 121.3 us = 242.6 us (1469.42 GFLOPS/s)
MUL_MAT_VEC q6_K m=98304 n=1 k=5120: 1 x 671.3 us = 671.3 us (1499.38 GFLOPS/s)
MUL_MAT_VEC q8_0 m=5120 n=1 k=10240: 1 x 101 us = 101 us (1038.14 GFLOPS/s)
PAD: 1 x 6.4 us = 6.4 us
RMS_NORM_MUL RMS_NORM(256,24,1,1): 1 x 3.64 us = 3.64 us
RMS_NORM_MUL RMS_NORM(256,4,1,1): 1 x 3.6 us = 3.6 us
RMS_NORM_MUL RMS_NORM(5120,1,1,1): 5 x 3.736 us = 18.68 us
ROPE: 2 x 3.56 us = 7.12 us
SET_ROWS: 2 x 2.64 us = 5.28 us
SIGMOID_MUL SIGMOID: 1 x 1.68 us = 1.68 us
TOP_K K=10 (98304,1,1,1): 1 x 9.12 us = 9.12 us
Total time: 1393.94 us.
----------------
Vulkan Timings:
CONCAT: 1 x 3.76 us = 3.76 us
CONT: 1 x 3.64 us = 3.64 us
FLASH_ATTN_EXT dst(256,24,1,1),  q(256,1,24,1),  k(256,256,4,1),  v(256,256,4,1),  m(256,1,1,1): 1 x 12.8 us = 12.8 us (491.52 GFLOPS/s)
GET_ROWS: 2 x 4.32 us = 8.64 us
GLU: 1 x 1.88 us = 1.88 us
MUL_MAT f32 m=256 n=24 k=256: 1 x 1.72 us = 1.72 us (1825.34 GFLOPS/s)
MUL_MAT f32 m=64 n=16 k=64: 1 x 3.6 us = 3.6 us (36.1244 GFLOPS/s)
MUL_MAT f32 m=64 n=96 k=64: 1 x 3.6 us = 3.6 us (216.747 GFLOPS/s)
MUL_MAT_ADD MUL_MAT_VEC q6_K m=5120 n=1 k=17408: 1 x 123.52 us = 123.52 us (1443.11 GFLOPS/s)
MUL_MAT_ADD MUL_MAT_VEC q6_K m=5120 n=1 k=6144: 1 x 53.76 us = 53.76 us (1170.19 GFLOPS/s)
MUL_MAT_VEC f32 m=256 n=4 k=256: 1 x 3 us = 3 us (174.421 GFLOPS/s)
MUL_MAT_VEC q6_K m=1024 n=1 k=5120: 2 x 8.36 us = 16.72 us (1254.16 GFLOPS/s)
MUL_MAT_VEC q6_K m=12288 n=1 k=5120: 1 x 85.8 us = 85.8 us (1466.4 GFLOPS/s)
MUL_MAT_VEC q6_K m=17408 n=1 k=5120: 2 x 121.04 us = 242.08 us (1472.58 GFLOPS/s)
MUL_MAT_VEC q6_K m=98304 n=1 k=5120: 1 x 672.7 us = 672.7 us (1496.26 GFLOPS/s)
MUL_MAT_VEC q8_0 m=5120 n=1 k=10240: 1 x 101.72 us = 101.72 us (1030.8 GFLOPS/s)
PAD: 1 x 6.32 us = 6.32 us
RMS_NORM_MUL RMS_NORM(256,24,1,1): 1 x 5.4 us = 5.4 us
RMS_NORM_MUL RMS_NORM(256,4,1,1): 1 x 3.64 us = 3.64 us
RMS_NORM_MUL RMS_NORM(5120,1,1,1): 5 x 3.72 us = 18.6 us
ROPE: 2 x 3.56 us = 7.12 us
SET_ROWS: 2 x 2.66 us = 5.32 us
SIGMOID_MUL SIGMOID: 1 x 1.68 us = 1.68 us
TOP_K K=10 (98304,1,1,1): 1 x 8.88 us = 8.88 us
Total time: 1395.9 us.
----------------
Vulkan Timings:
ADD: 48 x 3.824 us = 183.56 us
CONCAT: 48 x 2.526 us = 121.28 us
CONT: 16 x 3.9 us = 62.4 us
CPY: 240 x 2.257 us = 541.8 us
FLASH_ATTN_EXT dst(256,24,5,1),  q(256,5,24,1),  k(256,256,4,1),  v(256,256,4,1),  m(256,5,1,1): 16 x 21.277 us = 340.44 us (1478.43 GFLOPS/s)
GDN_CACHE GATED_DELTA_NET: 48 x 13.847 us = 664.68 us
GET_ROWS: 50 x 27.1 us = 1355.04 us
GLU: 64 x 1.856 us = 118.8 us
MUL_MAT f32 m=256 n=120 k=256: 16 x 1.837 us = 29.4 us (8543.09 GFLOPS/s)
MUL_MAT f32 m=256 n=20 k=256: 16 x 3.177 us = 50.84 us (823.389 GFLOPS/s)
MUL_MAT f32 m=64 n=480 k=64: 16 x 3.685 us = 58.96 us (1058.74 GFLOPS/s)
MUL_MAT f32 m=64 n=80 k=64: 16 x 3.245 us = 51.92 us (200.382 GFLOPS/s)
MUL_MAT_ADD MUL_MAT_VEC q6_K m=5120 n=5 k=17408: 64 x 136.609 us = 8743 us (6524.18 GFLOPS/s)
MUL_MAT_ADD MUL_MAT_VEC q6_K m=5120 n=5 k=6144: 16 x 56.145 us = 898.32 us (5602.41 GFLOPS/s)
MUL_MAT_VEC f32 m=48 n=5 k=5120: 96 x 3.505 us = 336.52 us (701.018 GFLOPS/s)
MUL_MAT_VEC q6_K m=1024 n=5 k=5120: 32 x 9.908 us = 317.08 us (5290.65 GFLOPS/s)
MUL_MAT_VEC q6_K m=10240 n=5 k=5120: 48 x 81.74 us = 3923.56 us (6413.4 GFLOPS/s)
MUL_MAT_VEC q6_K m=12288 n=5 k=5120: 16 x 103.42 us = 1654.72 us (6082.81 GFLOPS/s)
MUL_MAT_VEC q6_K m=17408 n=5 k=5120: 128 x 142.53 us = 18243.9 us (6252.71 GFLOPS/s)
MUL_MAT_VEC q6_K m=248320 n=5 k=5120: 1 x 1760.32 us = 1760.32 us (7221.84 GFLOPS/s)
MUL_MAT_VEC q6_K m=6144 n=5 k=5120: 48 x 54.158 us = 2599.6 us (5807.82 GFLOPS/s)
MUL_MAT_VEC q8_0 m=5120 n=5 k=6144: 48 x 63.172 us = 3032.28 us (4979.18 GFLOPS/s)
RMS_NORM_MUL RMS_NORM(256,24,5,1): 16 x 4.162 us = 66.6 us
RMS_NORM_MUL RMS_NORM(256,4,5,1): 16 x 4.575 us = 73.2 us
RMS_NORM_MUL RMS_NORM(5120,5,1,1): 129 x 2.73 us = 352.28 us
RMS_NORM_MUL_SILU_MUL RMS_NORM(128,48,5,1): 48 x 5.842 us = 280.44 us
RMS_NORM_SCALE RMS_NORM(128,16,5,1): 96 x 2.669 us = 256.28 us
ROPE: 32 x 3.921 us = 125.48 us
SET_ROWS: 32 x 3.066 us = 98.12 us
SIGMOID_MUL SIGMOID: 16 x 1.727 us = 27.64 us
SSM_CONV_SILU SSM_CONV: 48 x 5.764 us = 276.68 us
Total time: 46645.2 us.
----------------
Vulkan Timings:
CONCAT: 1 x 2.08 us = 2.08 us
CONT: 1 x 3.92 us = 3.92 us
FLASH_ATTN_EXT dst(256,24,5,1),  q(256,5,24,1),  k(256,256,4,1),  v(256,256,4,1),  m(256,5,1,1): 1 x 21.76 us = 21.76 us (1445.65 GFLOPS/s)
GLU: 1 x 1.6 us = 1.6 us
MUL_MAT f32 m=256 n=120 k=256: 1 x 1.8 us = 1.8 us (8721.07 GFLOPS/s)
MUL_MAT f32 m=256 n=20 k=256: 1 x 3.24 us = 3.24 us (807.506 GFLOPS/s)
MUL_MAT f32 m=64 n=480 k=64: 1 x 3.88 us = 3.88 us (1005.53 GFLOPS/s)
MUL_MAT f32 m=64 n=80 k=64: 1 x 3.88 us = 3.88 us (167.588 GFLOPS/s)
MUL_MAT_ADD MUL_MAT_VEC q6_K m=5120 n=5 k=17408: 1 x 157.79 us = 157.79 us (5648.42 GFLOPS/s)
MUL_MAT_ADD MUL_MAT_VEC q6_K m=5120 n=5 k=6144: 1 x 61.8 us = 61.8 us (5089.76 GFLOPS/s)
MUL_MAT_VEC q6_K m=1024 n=5 k=5120: 2 x 11.58 us = 23.16 us (4527.09 GFLOPS/s)
MUL_MAT_VEC q6_K m=12288 n=5 k=5120: 1 x 117.69 us = 117.69 us (5345.26 GFLOPS/s)
MUL_MAT_VEC q6_K m=17408 n=5 k=5120: 2 x 134.54 us = 269.08 us (6624.07 GFLOPS/s)
MUL_MAT_VEC q8_0 m=5120 n=5 k=10240: 1 x 106.68 us = 106.68 us (4914.35 GFLOPS/s)
RMS_NORM_MUL RMS_NORM(256,24,5,1): 1 x 4 us = 4 us
RMS_NORM_MUL RMS_NORM(256,4,5,1): 1 x 3.92 us = 3.92 us
RMS_NORM_MUL RMS_NORM(5120,5,1,1): 5 x 8.074 us = 40.37 us
ROPE: 2 x 3.88 us = 7.76 us
SET_ROWS: 2 x 2.78 us = 5.56 us
SIGMOID_MUL SIGMOID: 1 x 1.8 us = 1.8 us
Total time: 841.77 us.
----------------
Vulkan Timings:
CONCAT: 1 x 3.76 us = 3.76 us
CONT: 1 x 3.64 us = 3.64 us
FLASH_ATTN_EXT dst(256,24,1,1),  q(256,1,24,1),  k(256,256,4,1),  v(256,256,4,1),  m(256,1,1,1): 1 x 13.04 us = 13.04 us (482.474 GFLOPS/s)
GET_ROWS: 2 x 4.26 us = 8.52 us
GLU: 1 x 1.68 us = 1.68 us
MUL_MAT f32 m=256 n=24 k=256: 1 x 1.6 us = 1.6 us (1962.24 GFLOPS/s)
MUL_MAT f32 m=64 n=16 k=64: 1 x 1.92 us = 1.92 us (67.7333 GFLOPS/s)
MUL_MAT f32 m=64 n=96 k=64: 1 x 3.32 us = 3.32 us (235.027 GFLOPS/s)
MUL_MAT_ADD MUL_MAT_VEC q6_K m=5120 n=1 k=17408: 1 x 130 us = 130 us (1371.18 GFLOPS/s)
MUL_MAT_ADD MUL_MAT_VEC q6_K m=5120 n=1 k=6144: 1 x 54.4 us = 54.4 us (1156.42 GFLOPS/s)
MUL_MAT_VEC f32 m=256 n=4 k=256: 1 x 3.16 us = 3.16 us (165.59 GFLOPS/s)
MUL_MAT_VEC q6_K m=1024 n=1 k=5120: 2 x 9.36 us = 18.72 us (1120.16 GFLOPS/s)
MUL_MAT_VEC q6_K m=12288 n=1 k=5120: 1 x 90.6 us = 90.6 us (1388.71 GFLOPS/s)
MUL_MAT_VEC q6_K m=17408 n=1 k=5120: 2 x 118.68 us = 237.36 us (1501.86 GFLOPS/s)
MUL_MAT_VEC q6_K m=98304 n=1 k=5120: 1 x 672.26 us = 672.26 us (1497.24 GFLOPS/s)
MUL_MAT_VEC q8_0 m=5120 n=1 k=10240: 1 x 91.2 us = 91.2 us (1149.7 GFLOPS/s)
PAD: 1 x 6.44 us = 6.44 us
RMS_NORM_MUL RMS_NORM(256,24,1,1): 1 x 3.36 us = 3.36 us
RMS_NORM_MUL RMS_NORM(256,4,1,1): 1 x 5.04 us = 5.04 us
RMS_NORM_MUL RMS_NORM(5120,1,1,1): 5 x 4.504 us = 22.52 us
ROPE: 2 x 3.44 us = 6.88 us
SET_ROWS: 2 x 2.66 us = 5.32 us
SIGMOID_MUL SIGMOID: 1 x 1.56 us = 1.56 us
TOP_K K=10 (98304,1,1,1): 1 x 8.92 us = 8.92 us
Total time: 1395.22 us.
----------------
Vulkan Timings:
CONCAT: 1 x 3.8 us = 3.8 us
CONT: 1 x 3.64 us = 3.64 us
FLASH_ATTN_EXT dst(256,24,1,1),  q(256,1,24,1),  k(256,256,4,1),  v(256,256,4,1),  m(256,1,1,1): 1 x 13.04 us = 13.04 us (482.474 GFLOPS/s)
GET_ROWS: 2 x 4.18 us = 8.36 us
GLU: 1 x 1.8 us = 1.8 us
MUL_MAT f32 m=256 n=24 k=256: 1 x 1.6 us = 1.6 us (1962.24 GFLOPS/s)
MUL_MAT f32 m=64 n=16 k=64: 1 x 3.6 us = 3.6 us (36.1244 GFLOPS/s)
MUL_MAT f32 m=64 n=96 k=64: 1 x 3.64 us = 3.64 us (214.365 GFLOPS/s)
MUL_MAT_ADD MUL_MAT_VEC q6_K m=5120 n=1 k=17408: 1 x 123.72 us = 123.72 us (1440.78 GFLOPS/s)
MUL_MAT_ADD MUL_MAT_VEC q6_K m=5120 n=1 k=6144: 1 x 54.4 us = 54.4 us (1156.42 GFLOPS/s)
MUL_MAT_VEC f32 m=256 n=4 k=256: 1 x 3.08 us = 3.08 us (169.891 GFLOPS/s)
MUL_MAT_VEC q6_K m=1024 n=1 k=5120: 2 x 9.08 us = 18.16 us (1154.71 GFLOPS/s)
MUL_MAT_VEC q6_K m=12288 n=1 k=5120: 1 x 85.8 us = 85.8 us (1466.4 GFLOPS/s)
MUL_MAT_VEC q6_K m=17408 n=1 k=5120: 2 x 121.52 us = 243.04 us (1466.76 GFLOPS/s)
MUL_MAT_VEC q6_K m=98304 n=1 k=5120: 1 x 670.69 us = 670.69 us (1500.74 GFLOPS/s)
MUL_MAT_VEC q8_0 m=5120 n=1 k=10240: 1 x 102.44 us = 102.44 us (1023.55 GFLOPS/s)
PAD: 1 x 6.36 us = 6.36 us
RMS_NORM_MUL RMS_NORM(256,24,1,1): 1 x 3.64 us = 3.64 us
RMS_NORM_MUL RMS_NORM(256,4,1,1): 1 x 3.6 us = 3.6 us
RMS_NORM_MUL RMS_NORM(5120,1,1,1): 5 x 3.72 us = 18.6 us
ROPE: 2 x 3.6 us = 7.2 us
SET_ROWS: 2 x 2.64 us = 5.28 us
SIGMOID_MUL SIGMOID: 1 x 1.72 us = 1.72 us
TOP_K K=10 (98304,1,1,1): 1 x 8.84 us = 8.84 us
Total time: 1396.05 us.
----------------
Vulkan Timings:
CONCAT: 1 x 3.72 us = 3.72 us
CONT: 1 x 3.64 us = 3.64 us
FLASH_ATTN_EXT dst(256,24,1,1),  q(256,1,24,1),  k(256,256,4,1),  v(256,256,4,1),  m(256,1,1,1): 1 x 12.92 us = 12.92 us (486.955 GFLOPS/s)
GET_ROWS: 2 x 4.2 us = 8.4 us
GLU: 1 x 1.92 us = 1.92 us
MUL_MAT f32 m=256 n=24 k=256: 1 x 1.64 us = 1.64 us (1914.38 GFLOPS/s)
MUL_MAT f32 m=64 n=16 k=64: 1 x 3.6 us = 3.6 us (36.1244 GFLOPS/s)
MUL_MAT f32 m=64 n=96 k=64: 1 x 3.6 us = 3.6 us (216.747 GFLOPS/s)
MUL_MAT_ADD MUL_MAT_VEC q6_K m=5120 n=1 k=17408: 1 x 123.04 us = 123.04 us (1448.74 GFLOPS/s)
MUL_MAT_ADD MUL_MAT_VEC q6_K m=5120 n=1 k=6144: 1 x 53.52 us = 53.52 us (1175.44 GFLOPS/s)
MUL_MAT_VEC f32 m=256 n=4 k=256: 1 x 3.04 us = 3.04 us (172.126 GFLOPS/s)
MUL_MAT_VEC q6_K m=1024 n=1 k=5120: 2 x 9.08 us = 18.16 us (1154.71 GFLOPS/s)
MUL_MAT_VEC q6_K m=12288 n=1 k=5120: 1 x 86.12 us = 86.12 us (1460.95 GFLOPS/s)
MUL_MAT_VEC q6_K m=17408 n=1 k=5120: 2 x 121.32 us = 242.64 us (1469.18 GFLOPS/s)
MUL_MAT_VEC q6_K m=98304 n=1 k=5120: 1 x 670.1 us = 670.1 us (1502.07 GFLOPS/s)
MUL_MAT_VEC q8_0 m=5120 n=1 k=10240: 1 x 100.84 us = 100.84 us (1039.79 GFLOPS/s)
PAD: 1 x 6.32 us = 6.32 us
RMS_NORM_MUL RMS_NORM(256,24,1,1): 1 x 3.6 us = 3.6 us
RMS_NORM_MUL RMS_NORM(256,4,1,1): 1 x 3.6 us = 3.6 us
RMS_NORM_MUL RMS_NORM(5120,1,1,1): 5 x 3.744 us = 18.72 us
ROPE: 2 x 3.58 us = 7.16 us
SET_ROWS: 2 x 2.66 us = 5.32 us
SIGMOID_MUL SIGMOID: 1 x 1.64 us = 1.64 us
TOP_K K=10 (98304,1,1,1): 1 x 8.64 us = 8.64 us
Total time: 1391.9 us.
----------------
Vulkan Timings:
CONCAT: 1 x 3.72 us = 3.72 us
CONT: 1 x 3.64 us = 3.64 us
FLASH_ATTN_EXT dst(256,24,1,1),  q(256,1,24,1),  k(256,256,4,1),  v(256,256,4,1),  m(256,1,1,1): 1 x 12.88 us = 12.88 us (488.467 GFLOPS/s)
GET_ROWS: 2 x 4.26 us = 8.52 us
GLU: 1 x 1.8 us = 1.8 us
MUL_MAT f32 m=256 n=24 k=256: 1 x 1.64 us = 1.64 us (1914.38 GFLOPS/s)
MUL_MAT f32 m=64 n=16 k=64: 1 x 3.64 us = 3.64 us (35.7275 GFLOPS/s)
MUL_MAT f32 m=64 n=96 k=64: 1 x 3.6 us = 3.6 us (216.747 GFLOPS/s)
MUL_MAT_ADD MUL_MAT_VEC q6_K m=5120 n=1 k=17408: 1 x 123.28 us = 123.28 us (1445.92 GFLOPS/s)
MUL_MAT_ADD MUL_MAT_VEC q6_K m=5120 n=1 k=6144: 1 x 53.76 us = 53.76 us (1170.19 GFLOPS/s)
MUL_MAT_VEC f32 m=256 n=4 k=256: 1 x 3.04 us = 3.04 us (172.126 GFLOPS/s)
MUL_MAT_VEC q6_K m=1024 n=1 k=5120: 2 x 9.04 us = 18.08 us (1159.82 GFLOPS/s)
MUL_MAT_VEC q6_K m=12288 n=1 k=5120: 1 x 85.84 us = 85.84 us (1465.71 GFLOPS/s)
MUL_MAT_VEC q6_K m=17408 n=1 k=5120: 2 x 121.32 us = 242.64 us (1469.18 GFLOPS/s)
MUL_MAT_VEC q6_K m=98304 n=1 k=5120: 1 x 673.27 us = 673.27 us (1494.99 GFLOPS/s)
MUL_MAT_VEC q8_0 m=5120 n=1 k=10240: 1 x 101.2 us = 101.2 us (1036.09 GFLOPS/s)
PAD: 1 x 8.48 us = 8.48 us
RMS_NORM_MUL RMS_NORM(256,24,1,1): 1 x 3.64 us = 3.64 us
RMS_NORM_MUL RMS_NORM(256,4,1,1): 1 x 3.64 us = 3.64 us
RMS_NORM_MUL RMS_NORM(5120,1,1,1): 5 x 3.744 us = 18.72 us
ROPE: 2 x 3.62 us = 7.24 us
SET_ROWS: 2 x 2.64 us = 5.28 us
SIGMOID_MUL SIGMOID: 1 x 1.68 us = 1.68 us
TOP_K K=10 (98304,1,1,1): 1 x 6.52 us = 6.52 us
Total time: 1395.75 us.
----------------
Vulkan Timings:
ADD: 48 x 3.814 us = 183.08 us
CONCAT: 48 x 2.475 us = 118.8 us
CONT: 16 x 3.895 us = 62.32 us
CPY: 240 x 2.267 us = 544.12 us
FLASH_ATTN_EXT dst(256,24,5,1),  q(256,5,24,1),  k(256,256,4,1),  v(256,256,4,1),  m(256,5,1,1): 16 x 21.2 us = 339.2 us (1483.83 GFLOPS/s)
GDN_CACHE GATED_DELTA_NET: 48 x 13.855 us = 665.08 us
GET_ROWS: 50 x 27.066 us = 1353.32 us
GLU: 64 x 1.856 us = 118.84 us
MUL_MAT f32 m=256 n=120 k=256: 16 x 1.845 us = 29.52 us (8508.36 GFLOPS/s)
MUL_MAT f32 m=256 n=20 k=256: 16 x 3.17 us = 50.72 us (825.338 GFLOPS/s)
MUL_MAT f32 m=64 n=480 k=64: 16 x 3.687 us = 59 us (1058.02 GFLOPS/s)
MUL_MAT f32 m=64 n=80 k=64: 16 x 3.252 us = 52.04 us (199.92 GFLOPS/s)
MUL_MAT_ADD MUL_MAT_VEC q6_K m=5120 n=5 k=17408: 64 x 136.778 us = 8753.84 us (6516.1 GFLOPS/s)
MUL_MAT_ADD MUL_MAT_VEC q6_K m=5120 n=5 k=6144: 16 x 55.885 us = 894.16 us (5628.47 GFLOPS/s)
MUL_MAT_VEC f32 m=48 n=5 k=5120: 96 x 3.483 us = 334.4 us (705.462 GFLOPS/s)
MUL_MAT_VEC q6_K m=1024 n=5 k=5120: 32 x 9.738 us = 311.64 us (5383 GFLOPS/s)
MUL_MAT_VEC q6_K m=10240 n=5 k=5120: 48 x 81.635 us = 3918.48 us (6421.72 GFLOPS/s)
MUL_MAT_VEC q6_K m=12288 n=5 k=5120: 16 x 103.85 us = 1661.6 us (6057.62 GFLOPS/s)
MUL_MAT_VEC q6_K m=17408 n=5 k=5120: 128 x 142.325 us = 18217.6 us (6261.74 GFLOPS/s)
MUL_MAT_VEC q6_K m=248320 n=5 k=5120: 1 x 1764.56 us = 1764.56 us (7204.48 GFLOPS/s)
MUL_MAT_VEC q6_K m=6144 n=5 k=5120: 48 x 54 us = 2592 us (5824.85 GFLOPS/s)
MUL_MAT_VEC q8_0 m=5120 n=5 k=6144: 48 x 63.238 us = 3035.44 us (4974 GFLOPS/s)
RMS_NORM_MUL RMS_NORM(256,24,5,1): 16 x 4.07 us = 65.12 us
RMS_NORM_MUL RMS_NORM(256,4,5,1): 16 x 4.585 us = 73.36 us
RMS_NORM_MUL RMS_NORM(5120,5,1,1): 129 x 2.702 us = 348.68 us
RMS_NORM_MUL_SILU_MUL RMS_NORM(128,48,5,1): 48 x 5.777 us = 277.32 us
RMS_NORM_SCALE RMS_NORM(128,16,5,1): 96 x 2.71 us = 260.24 us
ROPE: 32 x 3.92 us = 125.44 us
SET_ROWS: 32 x 3.033 us = 97.08 us
SIGMOID_MUL SIGMOID: 16 x 1.697 us = 27.16 us
SSM_CONV_SILU SSM_CONV: 48 x 5.646 us = 271.04 us
Total time: 46605.2 us.
----------------
Vulkan Timings:
CONCAT: 1 x 2 us = 2 us
CONT: 1 x 3.84 us = 3.84 us
FLASH_ATTN_EXT dst(256,24,5,1),  q(256,5,24,1),  k(256,256,4,1),  v(256,256,4,1),  m(256,5,1,1): 1 x 22.08 us = 22.08 us (1424.7 GFLOPS/s)
GLU: 1 x 1.64 us = 1.64 us
MUL_MAT f32 m=256 n=120 k=256: 1 x 1.76 us = 1.76 us (8919.27 GFLOPS/s)
MUL_MAT f32 m=256 n=20 k=256: 1 x 3.24 us = 3.24 us (807.506 GFLOPS/s)
MUL_MAT f32 m=64 n=480 k=64: 1 x 3.88 us = 3.88 us (1005.53 GFLOPS/s)
MUL_MAT f32 m=64 n=80 k=64: 1 x 3.88 us = 3.88 us (167.588 GFLOPS/s)
MUL_MAT_ADD MUL_MAT_VEC q6_K m=5120 n=5 k=17408: 1 x 157.06 us = 157.06 us (5674.67 GFLOPS/s)
MUL_MAT_ADD MUL_MAT_VEC q6_K m=5120 n=5 k=6144: 1 x 61.68 us = 61.68 us (5099.66 GFLOPS/s)
MUL_MAT_VEC q6_K m=1024 n=5 k=5120: 2 x 11.46 us = 22.92 us (4574.49 GFLOPS/s)
MUL_MAT_VEC q6_K m=12288 n=5 k=5120: 1 x 118.81 us = 118.81 us (5294.88 GFLOPS/s)
MUL_MAT_VEC q6_K m=17408 n=5 k=5120: 2 x 135 us = 270 us (6601.5 GFLOPS/s)
MUL_MAT_VEC q8_0 m=5120 n=5 k=10240: 1 x 106.12 us = 106.12 us (4940.28 GFLOPS/s)
RMS_NORM_MUL RMS_NORM(256,24,5,1): 1 x 4 us = 4 us
RMS_NORM_MUL RMS_NORM(256,4,5,1): 1 x 3.84 us = 3.84 us
RMS_NORM_MUL RMS_NORM(5120,5,1,1): 5 x 12.232 us = 61.16 us
ROPE: 2 x 3.86 us = 7.72 us
SET_ROWS: 2 x 2.8 us = 5.6 us
SIGMOID_MUL SIGMOID: 1 x 1.84 us = 1.84 us
Total time: 863.07 us.
----------------
Vulkan Timings:
CONCAT: 1 x 3.64 us = 3.64 us
CONT: 1 x 3.56 us = 3.56 us
FLASH_ATTN_EXT dst(256,24,1,1),  q(256,1,24,1),  k(256,256,4,1),  v(256,256,4,1),  m(256,1,1,1): 1 x 12.6 us = 12.6 us (499.322 GFLOPS/s)
GET_ROWS: 2 x 5.36 us = 10.72 us
GLU: 1 x 1.6 us = 1.6 us
MUL_MAT f32 m=256 n=24 k=256: 1 x 1.52 us = 1.52 us (2065.52 GFLOPS/s)
MUL_MAT f32 m=64 n=16 k=64: 1 x 1.84 us = 1.84 us (70.6783 GFLOPS/s)
MUL_MAT f32 m=64 n=96 k=64: 1 x 3.24 us = 3.24 us (240.83 GFLOPS/s)
MUL_MAT_ADD MUL_MAT_VEC q6_K m=5120 n=1 k=17408: 1 x 130.28 us = 130.28 us (1368.23 GFLOPS/s)
MUL_MAT_ADD MUL_MAT_VEC q6_K m=5120 n=1 k=6144: 1 x 53.36 us = 53.36 us (1178.96 GFLOPS/s)
MUL_MAT_VEC f32 m=256 n=4 k=256: 1 x 3.08 us = 3.08 us (169.891 GFLOPS/s)
MUL_MAT_VEC q6_K m=1024 n=1 k=5120: 2 x 9.24 us = 18.48 us (1134.71 GFLOPS/s)
MUL_MAT_VEC q6_K m=12288 n=1 k=5120: 1 x 90.24 us = 90.24 us (1394.25 GFLOPS/s)
MUL_MAT_VEC q6_K m=17408 n=1 k=5120: 2 x 118.38 us = 236.76 us (1505.66 GFLOPS/s)
MUL_MAT_VEC q6_K m=98304 n=1 k=5120: 1 x 672.55 us = 672.55 us (1496.59 GFLOPS/s)
MUL_MAT_VEC q8_0 m=5120 n=1 k=10240: 1 x 93 us = 93 us (1127.45 GFLOPS/s)
PAD: 1 x 6.4 us = 6.4 us
RMS_NORM_MUL RMS_NORM(256,24,1,1): 1 x 3.24 us = 3.24 us
RMS_NORM_MUL RMS_NORM(256,4,1,1): 1 x 4.88 us = 4.88 us
RMS_NORM_MUL RMS_NORM(5120,1,1,1): 5 x 4.168 us = 20.84 us
ROPE: 2 x 3.36 us = 6.72 us
SET_ROWS: 2 x 2.62 us = 5.24 us
SIGMOID_MUL SIGMOID: 1 x 1.56 us = 1.56 us
TOP_K K=10 (98304,1,1,1): 1 x 9.08 us = 9.08 us
Total time: 1394.43 us.
----------------
Vulkan Timings:
CONCAT: 1 x 3.76 us = 3.76 us
CONT: 1 x 3.64 us = 3.64 us
FLASH_ATTN_EXT dst(256,24,1,1),  q(256,1,24,1),  k(256,256,4,1),  v(256,256,4,1),  m(256,1,1,1): 1 x 12.8 us = 12.8 us (491.52 GFLOPS/s)
GET_ROWS: 2 x 4.32 us = 8.64 us
GLU: 1 x 1.84 us = 1.84 us
MUL_MAT f32 m=256 n=24 k=256: 1 x 1.64 us = 1.64 us (1914.38 GFLOPS/s)
MUL_MAT f32 m=64 n=16 k=64: 1 x 3.6 us = 3.6 us (36.1244 GFLOPS/s)
MUL_MAT f32 m=64 n=96 k=64: 1 x 3.6 us = 3.6 us (216.747 GFLOPS/s)
MUL_MAT_ADD MUL_MAT_VEC q6_K m=5120 n=1 k=17408: 1 x 123.32 us = 123.32 us (1445.45 GFLOPS/s)
MUL_MAT_ADD MUL_MAT_VEC q6_K m=5120 n=1 k=6144: 1 x 53.96 us = 53.96 us (1165.85 GFLOPS/s)
MUL_MAT_VEC f32 m=256 n=4 k=256: 1 x 3.04 us = 3.04 us (172.126 GFLOPS/s)
MUL_MAT_VEC q6_K m=1024 n=1 k=5120: 2 x 9.1 us = 18.2 us (1152.17 GFLOPS/s)
MUL_MAT_VEC q6_K m=12288 n=1 k=5120: 1 x 85.64 us = 85.64 us (1469.14 GFLOPS/s)
MUL_MAT_VEC q6_K m=17408 n=1 k=5120: 2 x 120.96 us = 241.92 us (1473.55 GFLOPS/s)
MUL_MAT_VEC q6_K m=98304 n=1 k=5120: 1 x 671.67 us = 671.67 us (1498.56 GFLOPS/s)
MUL_MAT_VEC q8_0 m=5120 n=1 k=10240: 1 x 100.96 us = 100.96 us (1038.55 GFLOPS/s)
PAD: 1 x 6.32 us = 6.32 us
RMS_NORM_MUL RMS_NORM(256,24,1,1): 1 x 3.6 us = 3.6 us
RMS_NORM_MUL RMS_NORM(256,4,1,1): 1 x 3.6 us = 3.6 us
RMS_NORM_MUL RMS_NORM(5120,1,1,1): 5 x 3.68 us = 18.4 us
ROPE: 2 x 3.58 us = 7.16 us
SET_ROWS: 2 x 2.64 us = 5.28 us
SIGMOID_MUL SIGMOID: 1 x 1.68 us = 1.68 us
TOP_K K=10 (98304,1,1,1): 1 x 9 us = 9 us
Total time: 1393.27 us.
----------------
Vulkan Timings:
CONCAT: 1 x 3.72 us = 3.72 us
CONT: 1 x 3.6 us = 3.6 us
FLASH_ATTN_EXT dst(256,24,1,1),  q(256,1,24,1),  k(256,256,4,1),  v(256,256,4,1),  m(256,1,1,1): 1 x 12.88 us = 12.88 us (488.467 GFLOPS/s)
GET_ROWS: 2 x 4.3 us = 8.6 us
GLU: 1 x 1.84 us = 1.84 us
MUL_MAT f32 m=256 n=24 k=256: 1 x 1.6 us = 1.6 us (1962.24 GFLOPS/s)
MUL_MAT f32 m=64 n=16 k=64: 1 x 3.64 us = 3.64 us (35.7275 GFLOPS/s)
MUL_MAT f32 m=64 n=96 k=64: 1 x 3.6 us = 3.6 us (216.747 GFLOPS/s)
MUL_MAT_ADD MUL_MAT_VEC q6_K m=5120 n=1 k=17408: 1 x 123.24 us = 123.24 us (1446.39 GFLOPS/s)
MUL_MAT_ADD MUL_MAT_VEC q6_K m=5120 n=1 k=6144: 1 x 54.68 us = 54.68 us (1150.5 GFLOPS/s)
MUL_MAT_VEC f32 m=256 n=4 k=256: 1 x 3.04 us = 3.04 us (172.126 GFLOPS/s)
MUL_MAT_VEC q6_K m=1024 n=1 k=5120: 2 x 9.04 us = 18.08 us (1159.82 GFLOPS/s)
MUL_MAT_VEC q6_K m=12288 n=1 k=5120: 1 x 85.68 us = 85.68 us (1468.45 GFLOPS/s)
MUL_MAT_VEC q6_K m=17408 n=1 k=5120: 2 x 121.26 us = 242.52 us (1469.9 GFLOPS/s)
MUL_MAT_VEC q6_K m=98304 n=1 k=5120: 1 x 671.55 us = 671.55 us (1498.82 GFLOPS/s)
MUL_MAT_VEC q8_0 m=5120 n=1 k=10240: 1 x 101.52 us = 101.52 us (1032.83 GFLOPS/s)
PAD: 1 x 6.32 us = 6.32 us
RMS_NORM_MUL RMS_NORM(256,24,1,1): 1 x 3.6 us = 3.6 us
RMS_NORM_MUL RMS_NORM(256,4,1,1): 1 x 3.6 us = 3.6 us
RMS_NORM_MUL RMS_NORM(5120,1,1,1): 5 x 3.72 us = 18.6 us
ROPE: 2 x 3.62 us = 7.24 us
SET_ROWS: 2 x 2.64 us = 5.28 us
SIGMOID_MUL SIGMOID: 1 x 1.68 us = 1.68 us
TOP_K K=10 (98304,1,1,1): 1 x 9.4 us = 9.4 us
Total time: 1395.51 us.
----------------
Vulkan Timings:
CONCAT: 1 x 3.76 us = 3.76 us
CONT: 1 x 3.64 us = 3.64 us
FLASH_ATTN_EXT dst(256,24,1,1),  q(256,1,24,1),  k(256,256,4,1),  v(256,256,4,1),  m(256,1,1,1): 1 x 14.56 us = 14.56 us (432.105 GFLOPS/s)
GET_ROWS: 2 x 4.18 us = 8.36 us
GLU: 1 x 1.72 us = 1.72 us
MUL_MAT f32 m=256 n=24 k=256: 1 x 2.24 us = 2.24 us (1401.6 GFLOPS/s)
MUL_MAT f32 m=64 n=16 k=64: 1 x 3.64 us = 3.64 us (35.7275 GFLOPS/s)
MUL_MAT f32 m=64 n=96 k=64: 1 x 3.64 us = 3.64 us (214.365 GFLOPS/s)
MUL_MAT_ADD MUL_MAT_VEC q6_K m=5120 n=1 k=17408: 1 x 122.84 us = 122.84 us (1451.1 GFLOPS/s)
MUL_MAT_ADD MUL_MAT_VEC q6_K m=5120 n=1 k=6144: 1 x 53.4 us = 53.4 us (1178.08 GFLOPS/s)
MUL_MAT_VEC f32 m=256 n=4 k=256: 1 x 0.72 us = 0.72 us (726.756 GFLOPS/s)
MUL_MAT_VEC q6_K m=1024 n=1 k=5120: 2 x 5.96 us = 11.92 us (1759.18 GFLOPS/s)
MUL_MAT_VEC q6_K m=12288 n=1 k=5120: 1 x 92.84 us = 92.84 us (1355.2 GFLOPS/s)
MUL_MAT_VEC q6_K m=17408 n=1 k=5120: 2 x 121.4 us = 242.8 us (1468.21 GFLOPS/s)
MUL_MAT_VEC q6_K m=98304 n=1 k=5120: 1 x 670.34 us = 670.34 us (1501.53 GFLOPS/s)
MUL_MAT_VEC q8_0 m=5120 n=1 k=10240: 1 x 101.12 us = 101.12 us (1036.91 GFLOPS/s)
PAD: 1 x 6.28 us = 6.28 us
RMS_NORM_MUL RMS_NORM(256,24,1,1): 1 x 3.6 us = 3.6 us
RMS_NORM_MUL RMS_NORM(256,4,1,1): 1 x 3.6 us = 3.6 us
RMS_NORM_MUL RMS_NORM(5120,1,1,1): 5 x 3.72 us = 18.6 us
ROPE: 2 x 3.58 us = 7.16 us
SET_ROWS: 2 x 2.84 us = 5.68 us
SIGMOID_MUL SIGMOID: 1 x 1.72 us = 1.72 us
TOP_K K=10 (98304,1,1,1): 1 x 9.16 us = 9.16 us
Total time: 1393.34 us.
----------------
Vulkan Timings:
ADD: 48 x 3.825 us = 183.64 us
CONCAT: 48 x 2.466 us = 118.4 us
CONT: 16 x 3.887 us = 62.2 us
CPY: 240 x 2.291 us = 549.88 us
FLASH_ATTN_EXT dst(256,24,5,1),  q(256,5,24,1),  k(256,256,4,1),  v(256,256,4,1),  m(256,5,1,1): 16 x 21.392 us = 342.28 us (1470.48 GFLOPS/s)
GDN_CACHE GATED_DELTA_NET: 48 x 13.99 us = 671.52 us
GET_ROWS: 50 x 27.216 us = 1360.84 us
GLU: 64 x 1.873 us = 119.88 us
MUL_MAT f32 m=256 n=120 k=256: 16 x 1.837 us = 29.4 us (8543.09 GFLOPS/s)
MUL_MAT f32 m=256 n=20 k=256: 16 x 3.167 us = 50.68 us (825.989 GFLOPS/s)
MUL_MAT f32 m=64 n=480 k=64: 16 x 3.672 us = 58.76 us (1062.34 GFLOPS/s)
MUL_MAT f32 m=64 n=80 k=64: 16 x 3.242 us = 51.88 us (200.537 GFLOPS/s)
MUL_MAT_ADD MUL_MAT_VEC q6_K m=5120 n=5 k=17408: 64 x 136.832 us = 8757.28 us (6513.54 GFLOPS/s)
MUL_MAT_ADD MUL_MAT_VEC q6_K m=5120 n=5 k=6144: 16 x 55.867 us = 893.88 us (5630.24 GFLOPS/s)
MUL_MAT_VEC f32 m=48 n=5 k=5120: 96 x 3.493 us = 335.4 us (703.359 GFLOPS/s)
MUL_MAT_VEC q6_K m=1024 n=5 k=5120: 32 x 9.808 us = 313.88 us (5344.58 GFLOPS/s)
MUL_MAT_VEC q6_K m=10240 n=5 k=5120: 48 x 81.412 us = 3907.8 us (6439.27 GFLOPS/s)
MUL_MAT_VEC q6_K m=12288 n=5 k=5120: 16 x 103.05 us = 1648.8 us (6104.65 GFLOPS/s)
MUL_MAT_VEC q6_K m=17408 n=5 k=5120: 128 x 142.749 us = 18271.9 us (6243.14 GFLOPS/s)
MUL_MAT_VEC q6_K m=248320 n=5 k=5120: 1 x 1755.6 us = 1755.6 us (7241.25 GFLOPS/s)
MUL_MAT_VEC q6_K m=6144 n=5 k=5120: 48 x 53.91 us = 2587.72 us (5834.49 GFLOPS/s)
MUL_MAT_VEC q8_0 m=5120 n=5 k=6144: 48 x 63.245 us = 3035.76 us (4973.47 GFLOPS/s)
RMS_NORM_MUL RMS_NORM(256,24,5,1): 16 x 4.177 us = 66.84 us
RMS_NORM_MUL RMS_NORM(256,4,5,1): 16 x 4.565 us = 73.04 us
RMS_NORM_MUL RMS_NORM(5120,5,1,1): 129 x 2.711 us = 349.72 us
RMS_NORM_MUL_SILU_MUL RMS_NORM(128,48,5,1): 48 x 5.77 us = 276.96 us
RMS_NORM_SCALE RMS_NORM(128,16,5,1): 96 x 2.689 us = 258.2 us
ROPE: 32 x 3.912 us = 125.2 us
SET_ROWS: 32 x 2.986 us = 95.56 us
SIGMOID_MUL SIGMOID: 16 x 1.7 us = 27.2 us
SSM_CONV_SILU SSM_CONV: 48 x 5.575 us = 267.6 us
Total time: 46647.7 us.
----------------
Vulkan Timings:
CONCAT: 1 x 2.04 us = 2.04 us
CONT: 1 x 3.88 us = 3.88 us
FLASH_ATTN_EXT dst(256,24,5,1),  q(256,5,24,1),  k(256,256,4,1),  v(256,256,4,1),  m(256,5,1,1): 1 x 21.76 us = 21.76 us (1445.65 GFLOPS/s)
GLU: 1 x 1.8 us = 1.8 us
MUL_MAT f32 m=256 n=120 k=256: 1 x 1.8 us = 1.8 us (8721.07 GFLOPS/s)
MUL_MAT f32 m=256 n=20 k=256: 1 x 3.24 us = 3.24 us (807.506 GFLOPS/s)
MUL_MAT f32 m=64 n=480 k=64: 1 x 3.88 us = 3.88 us (1005.53 GFLOPS/s)
MUL_MAT f32 m=64 n=80 k=64: 1 x 3.88 us = 3.88 us (167.588 GFLOPS/s)
MUL_MAT_ADD MUL_MAT_VEC q6_K m=5120 n=5 k=17408: 1 x 156.08 us = 156.08 us (5710.3 GFLOPS/s)
MUL_MAT_ADD MUL_MAT_VEC q6_K m=5120 n=5 k=6144: 1 x 61.28 us = 61.28 us (5132.95 GFLOPS/s)
MUL_MAT_VEC q6_K m=1024 n=5 k=5120: 2 x 11.78 us = 23.56 us (4450.23 GFLOPS/s)
MUL_MAT_VEC q6_K m=12288 n=5 k=5120: 1 x 119.12 us = 119.12 us (5281.1 GFLOPS/s)
MUL_MAT_VEC q6_K m=17408 n=5 k=5120: 2 x 135.32 us = 270.64 us (6585.89 GFLOPS/s)
MUL_MAT_VEC q8_0 m=5120 n=5 k=10240: 1 x 107.92 us = 107.92 us (4857.88 GFLOPS/s)
RMS_NORM_MUL RMS_NORM(256,24,5,1): 1 x 3.96 us = 3.96 us
RMS_NORM_MUL RMS_NORM(256,4,5,1): 1 x 3.88 us = 3.88 us
RMS_NORM_MUL RMS_NORM(5120,5,1,1): 5 x 8.08 us = 40.4 us
ROPE: 2 x 3.88 us = 7.76 us
SET_ROWS: 2 x 2.8 us = 5.6 us
SIGMOID_MUL SIGMOID: 1 x 1.84 us = 1.84 us
Total time: 844.32 us.
----------------
Vulkan Timings:
CONCAT: 1 x 3.76 us = 3.76 us
CONT: 1 x 3.6 us = 3.6 us
FLASH_ATTN_EXT dst(256,24,1,1),  q(256,1,24,1),  k(256,256,4,1),  v(256,256,4,1),  m(256,1,1,1): 1 x 12.76 us = 12.76 us (493.061 GFLOPS/s)
GET_ROWS: 2 x 4.24 us = 8.48 us
GLU: 1 x 1.64 us = 1.64 us
MUL_MAT f32 m=256 n=24 k=256: 1 x 1.6 us = 1.6 us (1962.24 GFLOPS/s)
MUL_MAT f32 m=64 n=16 k=64: 1 x 1.84 us = 1.84 us (70.6783 GFLOPS/s)
MUL_MAT f32 m=64 n=96 k=64: 1 x 3.28 us = 3.28 us (237.893 GFLOPS/s)
MUL_MAT_ADD MUL_MAT_VEC q6_K m=5120 n=1 k=17408: 1 x 131.12 us = 131.12 us (1359.46 GFLOPS/s)
MUL_MAT_ADD MUL_MAT_VEC q6_K m=5120 n=1 k=6144: 1 x 54.12 us = 54.12 us (1162.41 GFLOPS/s)
MUL_MAT_VEC f32 m=256 n=4 k=256: 1 x 3.12 us = 3.12 us (167.713 GFLOPS/s)
MUL_MAT_VEC q6_K m=1024 n=1 k=5120: 2 x 9.28 us = 18.56 us (1129.82 GFLOPS/s)
MUL_MAT_VEC q6_K m=12288 n=1 k=5120: 1 x 90.52 us = 90.52 us (1389.93 GFLOPS/s)
MUL_MAT_VEC q6_K m=17408 n=1 k=5120: 2 x 118.02 us = 236.04 us (1510.26 GFLOPS/s)
MUL_MAT_VEC q6_K m=98304 n=1 k=5120: 1 x 672.99 us = 672.99 us (1495.62 GFLOPS/s)
MUL_MAT_VEC q8_0 m=5120 n=1 k=10240: 1 x 93.08 us = 93.08 us (1126.48 GFLOPS/s)
PAD: 1 x 6.36 us = 6.36 us
RMS_NORM_MUL RMS_NORM(256,24,1,1): 1 x 3.28 us = 3.28 us
RMS_NORM_MUL RMS_NORM(256,4,1,1): 1 x 5 us = 5 us
RMS_NORM_MUL RMS_NORM(5120,1,1,1): 5 x 4.144 us = 20.72 us
ROPE: 2 x 3.4 us = 6.8 us
SET_ROWS: 2 x 2.66 us = 5.32 us
SIGMOID_MUL SIGMOID: 1 x 1.56 us = 1.56 us
TOP_K K=10 (98304,1,1,1): 1 x 9.24 us = 9.24 us
Total time: 1394.79 us.
----------------
Vulkan Timings:
CONCAT: 1 x 3.72 us = 3.72 us
CONT: 1 x 3.64 us = 3.64 us
FLASH_ATTN_EXT dst(256,24,1,1),  q(256,1,24,1),  k(256,256,4,1),  v(256,256,4,1),  m(256,1,1,1): 1 x 12.96 us = 12.96 us (485.452 GFLOPS/s)
GET_ROWS: 2 x 4.28 us = 8.56 us
GLU: 1 x 1.8 us = 1.8 us
MUL_MAT f32 m=256 n=24 k=256: 1 x 1.64 us = 1.64 us (1914.38 GFLOPS/s)
MUL_MAT f32 m=64 n=16 k=64: 1 x 3.68 us = 3.68 us (35.3391 GFLOPS/s)
MUL_MAT f32 m=64 n=96 k=64: 1 x 3.6 us = 3.6 us (216.747 GFLOPS/s)
MUL_MAT_ADD MUL_MAT_VEC q6_K m=5120 n=1 k=17408: 1 x 123.44 us = 123.44 us (1444.04 GFLOPS/s)
MUL_MAT_ADD MUL_MAT_VEC q6_K m=5120 n=1 k=6144: 1 x 54.72 us = 54.72 us (1149.66 GFLOPS/s)
MUL_MAT_VEC f32 m=256 n=4 k=256: 1 x 3 us = 3 us (174.421 GFLOPS/s)
MUL_MAT_VEC q6_K m=1024 n=1 k=5120: 2 x 9.04 us = 18.08 us (1159.82 GFLOPS/s)
MUL_MAT_VEC q6_K m=12288 n=1 k=5120: 1 x 85.72 us = 85.72 us (1467.77 GFLOPS/s)
MUL_MAT_VEC q6_K m=17408 n=1 k=5120: 2 x 121.3 us = 242.6 us (1469.42 GFLOPS/s)
MUL_MAT_VEC q6_K m=98304 n=1 k=5120: 1 x 670.8 us = 670.8 us (1500.5 GFLOPS/s)
MUL_MAT_VEC q8_0 m=5120 n=1 k=10240: 1 x 101.24 us = 101.24 us (1035.68 GFLOPS/s)
PAD: 1 x 6.32 us = 6.32 us
RMS_NORM_MUL RMS_NORM(256,24,1,1): 1 x 3.64 us = 3.64 us
RMS_NORM_MUL RMS_NORM(256,4,1,1): 1 x 3.64 us = 3.64 us
RMS_NORM_MUL RMS_NORM(5120,1,1,1): 5 x 3.712 us = 18.56 us
ROPE: 2 x 3.6 us = 7.2 us
SET_ROWS: 2 x 2.62 us = 5.24 us
SIGMOID_MUL SIGMOID: 1 x 1.68 us = 1.68 us
TOP_K K=10 (98304,1,1,1): 1 x 8.8 us = 8.8 us
Total time: 1394.28 us.
----------------
Vulkan Timings:
CONCAT: 1 x 3.76 us = 3.76 us
CONT: 1 x 3.64 us = 3.64 us
FLASH_ATTN_EXT dst(256,24,1,1),  q(256,1,24,1),  k(256,256,4,1),  v(256,256,4,1),  m(256,1,1,1): 1 x 12.72 us = 12.72 us (494.611 GFLOPS/s)
GET_ROWS: 2 x 4.26 us = 8.52 us
GLU: 1 x 1.84 us = 1.84 us
MUL_MAT f32 m=256 n=24 k=256: 1 x 1.6 us = 1.6 us (1962.24 GFLOPS/s)
MUL_MAT f32 m=64 n=16 k=64: 1 x 3.56 us = 3.56 us (36.5303 GFLOPS/s)
MUL_MAT f32 m=64 n=96 k=64: 1 x 3.6 us = 3.6 us (216.747 GFLOPS/s)
MUL_MAT_ADD MUL_MAT_VEC q6_K m=5120 n=1 k=17408: 1 x 124.24 us = 124.24 us (1434.75 GFLOPS/s)
MUL_MAT_ADD MUL_MAT_VEC q6_K m=5120 n=1 k=6144: 1 x 54.4 us = 54.4 us (1156.42 GFLOPS/s)
MUL_MAT_VEC f32 m=256 n=4 k=256: 1 x 3.04 us = 3.04 us (172.126 GFLOPS/s)
MUL_MAT_VEC q6_K m=1024 n=1 k=5120: 2 x 9.14 us = 18.28 us (1147.13 GFLOPS/s)
MUL_MAT_VEC q6_K m=12288 n=1 k=5120: 1 x 85.64 us = 85.64 us (1469.14 GFLOPS/s)
MUL_MAT_VEC q6_K m=17408 n=1 k=5120: 2 x 121.16 us = 242.32 us (1471.12 GFLOPS/s)
MUL_MAT_VEC q6_K m=98304 n=1 k=5120: 1 x 672.38 us = 672.38 us (1496.97 GFLOPS/s)
MUL_MAT_VEC q8_0 m=5120 n=1 k=10240: 1 x 100.56 us = 100.56 us (1042.69 GFLOPS/s)
PAD: 1 x 6.32 us = 6.32 us
RMS_NORM_MUL RMS_NORM(256,24,1,1): 1 x 3.6 us = 3.6 us
RMS_NORM_MUL RMS_NORM(256,4,1,1): 1 x 3.56 us = 3.56 us
RMS_NORM_MUL RMS_NORM(5120,1,1,1): 5 x 3.72 us = 18.6 us
ROPE: 2 x 3.56 us = 7.12 us
SET_ROWS: 2 x 2.64 us = 5.28 us
SIGMOID_MUL SIGMOID: 1 x 1.72 us = 1.72 us
TOP_K K=10 (98304,1,1,1): 1 x 9 us = 9 us
Total time: 1395.3 us.
----------------
Vulkan Timings:
CONCAT: 1 x 3.8 us = 3.8 us
CONT: 1 x 3.64 us = 3.64 us
FLASH_ATTN_EXT dst(256,24,1,1),  q(256,1,24,1),  k(256,256,4,1),  v(256,256,4,1),  m(256,1,1,1): 1 x 12.72 us = 12.72 us (494.611 GFLOPS/s)
GET_ROWS: 2 x 5.34 us = 10.68 us
GLU: 1 x 1.88 us = 1.88 us
MUL_MAT f32 m=256 n=24 k=256: 1 x 1.68 us = 1.68 us (1868.8 GFLOPS/s)
MUL_MAT f32 m=64 n=16 k=64: 1 x 3.64 us = 3.64 us (35.7275 GFLOPS/s)
MUL_MAT f32 m=64 n=96 k=64: 1 x 3.6 us = 3.6 us (216.747 GFLOPS/s)
MUL_MAT_ADD MUL_MAT_VEC q6_K m=5120 n=1 k=17408: 1 x 123.2 us = 123.2 us (1446.86 GFLOPS/s)
MUL_MAT_ADD MUL_MAT_VEC q6_K m=5120 n=1 k=6144: 1 x 54.48 us = 54.48 us (1154.73 GFLOPS/s)
MUL_MAT_VEC f32 m=256 n=4 k=256: 1 x 3.04 us = 3.04 us (172.126 GFLOPS/s)
MUL_MAT_VEC q6_K m=1024 n=1 k=5120: 2 x 9.26 us = 18.52 us (1132.26 GFLOPS/s)
MUL_MAT_VEC q6_K m=12288 n=1 k=5120: 1 x 85.8 us = 85.8 us (1466.4 GFLOPS/s)
MUL_MAT_VEC q6_K m=17408 n=1 k=5120: 2 x 121.34 us = 242.68 us (1468.93 GFLOPS/s)
MUL_MAT_VEC q6_K m=98304 n=1 k=5120: 1 x 670.59 us = 670.59 us (1500.97 GFLOPS/s)
MUL_MAT_VEC q8_0 m=5120 n=1 k=10240: 1 x 101.24 us = 101.24 us (1035.68 GFLOPS/s)
PAD: 1 x 8.44 us = 8.44 us
RMS_NORM_MUL RMS_NORM(256,24,1,1): 1 x 3.6 us = 3.6 us
RMS_NORM_MUL RMS_NORM(256,4,1,1): 1 x 3.6 us = 3.6 us
RMS_NORM_MUL RMS_NORM(5120,1,1,1): 5 x 3.752 us = 18.76 us
ROPE: 2 x 3.58 us = 7.16 us
SET_ROWS: 2 x 2.64 us = 5.28 us
SIGMOID_MUL SIGMOID: 1 x 1.88 us = 1.88 us
TOP_K K=10 (98304,1,1,1): 1 x 6.52 us = 6.52 us
Total time: 1396.43 us.
----------------
Vulkan Timings:
ADD: 48 x 3.827 us = 183.72 us
CONCAT: 48 x 2.562 us = 123 us
CONT: 16 x 3.897 us = 62.36 us
CPY: 240 x 2.233 us = 535.92 us
FLASH_ATTN_EXT dst(256,24,5,1),  q(256,5,24,1),  k(256,256,4,1),  v(256,256,4,1),  m(256,5,1,1): 16 x 21.217 us = 339.48 us (1482.61 GFLOPS/s)
GDN_CACHE GATED_DELTA_NET: 48 x 13.932 us = 668.76 us
GET_ROWS: 50 x 27.195 us = 1359.76 us
GLU: 64 x 1.87 us = 119.72 us
MUL_MAT f32 m=256 n=120 k=256: 16 x 1.832 us = 29.32 us (8566.4 GFLOPS/s)
MUL_MAT f32 m=256 n=20 k=256: 16 x 3.18 us = 50.88 us (822.742 GFLOPS/s)
MUL_MAT f32 m=64 n=480 k=64: 16 x 3.682 us = 58.92 us (1059.45 GFLOPS/s)
MUL_MAT f32 m=64 n=80 k=64: 16 x 3.25 us = 52 us (200.074 GFLOPS/s)
MUL_MAT_ADD MUL_MAT_VEC q6_K m=5120 n=5 k=17408: 64 x 136.841 us = 8757.84 us (6513.12 GFLOPS/s)
MUL_MAT_ADD MUL_MAT_VEC q6_K m=5120 n=5 k=6144: 16 x 55.987 us = 895.8 us (5618.17 GFLOPS/s)
MUL_MAT_VEC f32 m=48 n=5 k=5120: 96 x 3.441 us = 330.36 us (714.089 GFLOPS/s)
MUL_MAT_VEC q6_K m=1024 n=5 k=5120: 32 x 10.275 us = 328.8 us (5102.06 GFLOPS/s)
MUL_MAT_VEC q6_K m=10240 n=5 k=5120: 48 x 81.642 us = 3918.84 us (6421.13 GFLOPS/s)
MUL_MAT_VEC q6_K m=12288 n=5 k=5120: 16 x 101.727 us = 1627.64 us (6184.01 GFLOPS/s)
MUL_MAT_VEC q6_K m=17408 n=5 k=5120: 128 x 142.55 us = 18246.4 us (6251.86 GFLOPS/s)
MUL_MAT_VEC q6_K m=248320 n=5 k=5120: 1 x 1760 us = 1760 us (7223.15 GFLOPS/s)
MUL_MAT_VEC q6_K m=6144 n=5 k=5120: 48 x 54.044 us = 2594.12 us (5820.09 GFLOPS/s)
MUL_MAT_VEC q8_0 m=5120 n=5 k=6144: 48 x 63.408 us = 3043.6 us (4960.66 GFLOPS/s)
RMS_NORM_MUL RMS_NORM(256,24,5,1): 16 x 4.42 us = 70.72 us
RMS_NORM_MUL RMS_NORM(256,4,5,1): 16 x 4.582 us = 73.32 us
RMS_NORM_MUL RMS_NORM(5120,5,1,1): 129 x 2.707 us = 349.24 us
RMS_NORM_MUL_SILU_MUL RMS_NORM(128,48,5,1): 48 x 5.777 us = 277.32 us
RMS_NORM_SCALE RMS_NORM(128,16,5,1): 96 x 2.714 us = 260.6 us
ROPE: 32 x 3.912 us = 125.2 us
SET_ROWS: 32 x 3.038 us = 97.24 us
SIGMOID_MUL SIGMOID: 16 x 1.725 us = 27.6 us
SSM_CONV_SILU SSM_CONV: 48 x 5.827 us = 279.72 us
Total time: 46648.2 us.
----------------
Vulkan Timings:
CONCAT: 1 x 2 us = 2 us
CONT: 1 x 3.96 us = 3.96 us
FLASH_ATTN_EXT dst(256,24,5,1),  q(256,5,24,1),  k(256,256,4,1),  v(256,256,4,1),  m(256,5,1,1): 1 x 22.04 us = 22.04 us (1427.28 GFLOPS/s)
GLU: 1 x 4.04 us = 4.04 us
MUL_MAT f32 m=256 n=120 k=256: 1 x 1.84 us = 1.84 us (8531.48 GFLOPS/s)
MUL_MAT f32 m=256 n=20 k=256: 1 x 3.28 us = 3.28 us (797.659 GFLOPS/s)
MUL_MAT f32 m=64 n=480 k=64: 1 x 3.92 us = 3.92 us (995.265 GFLOPS/s)
MUL_MAT f32 m=64 n=80 k=64: 1 x 3.92 us = 3.92 us (165.878 GFLOPS/s)
MUL_MAT_ADD MUL_MAT_VEC q6_K m=5120 n=5 k=17408: 1 x 156.47 us = 156.47 us (5696.07 GFLOPS/s)
MUL_MAT_ADD MUL_MAT_VEC q6_K m=5120 n=5 k=6144: 1 x 62 us = 62 us (5073.34 GFLOPS/s)
MUL_MAT_VEC q6_K m=1024 n=5 k=5120: 2 x 11.52 us = 23.04 us (4550.67 GFLOPS/s)
MUL_MAT_VEC q6_K m=12288 n=5 k=5120: 1 x 119.63 us = 119.63 us (5258.58 GFLOPS/s)
MUL_MAT_VEC q6_K m=17408 n=5 k=5120: 2 x 135.14 us = 270.28 us (6594.66 GFLOPS/s)
MUL_MAT_VEC q8_0 m=5120 n=5 k=10240: 1 x 106.76 us = 106.76 us (4910.66 GFLOPS/s)
RMS_NORM_MUL RMS_NORM(256,24,5,1): 1 x 4.04 us = 4.04 us
RMS_NORM_MUL RMS_NORM(256,4,5,1): 1 x 3.92 us = 3.92 us
RMS_NORM_MUL RMS_NORM(5120,5,1,1): 5 x 8.186 us = 40.93 us
ROPE: 2 x 3.9 us = 7.8 us
SET_ROWS: 2 x 2.82 us = 5.64 us
SIGMOID_MUL SIGMOID: 1 x 1.88 us = 1.88 us
Total time: 847.39 us.
----------------
Vulkan Timings:
CONCAT: 1 x 3.72 us = 3.72 us
CONT: 1 x 3.64 us = 3.64 us
FLASH_ATTN_EXT dst(256,24,1,1),  q(256,1,24,1),  k(256,256,4,1),  v(256,256,4,1),  m(256,1,1,1): 1 x 13 us = 13 us (483.958 GFLOPS/s)
GET_ROWS: 2 x 4.36 us = 8.72 us
GLU: 1 x 1.72 us = 1.72 us
MUL_MAT f32 m=256 n=24 k=256: 1 x 1.56 us = 1.56 us (2012.55 GFLOPS/s)
MUL_MAT f32 m=64 n=16 k=64: 1 x 1.88 us = 1.88 us (69.1745 GFLOPS/s)
MUL_MAT f32 m=64 n=96 k=64: 1 x 3.28 us = 3.28 us (237.893 GFLOPS/s)
MUL_MAT_ADD MUL_MAT_VEC q6_K m=5120 n=1 k=17408: 1 x 131 us = 131 us (1360.71 GFLOPS/s)
MUL_MAT_ADD MUL_MAT_VEC q6_K m=5120 n=1 k=6144: 1 x 54.44 us = 54.44 us (1155.57 GFLOPS/s)
MUL_MAT_VEC f32 m=256 n=4 k=256: 1 x 3.12 us = 3.12 us (167.713 GFLOPS/s)
MUL_MAT_VEC q6_K m=1024 n=1 k=5120: 2 x 9.32 us = 18.64 us (1124.97 GFLOPS/s)
MUL_MAT_VEC q6_K m=12288 n=1 k=5120: 1 x 90.28 us = 90.28 us (1393.63 GFLOPS/s)
MUL_MAT_VEC q6_K m=17408 n=1 k=5120: 2 x 118.18 us = 236.36 us (1508.21 GFLOPS/s)
MUL_MAT_VEC q6_K m=98304 n=1 k=5120: 1 x 671.62 us = 671.62 us (1498.67 GFLOPS/s)
MUL_MAT_VEC q8_0 m=5120 n=1 k=10240: 1 x 92 us = 92 us (1139.7 GFLOPS/s)
PAD: 1 x 6.08 us = 6.08 us
RMS_NORM_MUL RMS_NORM(256,24,1,1): 1 x 3.32 us = 3.32 us
RMS_NORM_MUL RMS_NORM(256,4,1,1): 1 x 5.04 us = 5.04 us
RMS_NORM_MUL RMS_NORM(5120,1,1,1): 5 x 4.496 us = 22.48 us
ROPE: 2 x 3.46 us = 6.92 us
SET_ROWS: 2 x 2.66 us = 5.32 us
SIGMOID_MUL SIGMOID: 1 x 1.6 us = 1.6 us
TOP_K K=10 (98304,1,1,1): 1 x 9.16 us = 9.16 us
Total time: 1394.9 us.
----------------
Vulkan Timings:
CONCAT: 1 x 3.76 us = 3.76 us
CONT: 1 x 3.64 us = 3.64 us
FLASH_ATTN_EXT dst(256,24,1,1),  q(256,1,24,1),  k(256,256,4,1),  v(256,256,4,1),  m(256,1,1,1): 1 x 12.96 us = 12.96 us (485.452 GFLOPS/s)
GET_ROWS: 2 x 4.18 us = 8.36 us
GLU: 1 x 1.8 us = 1.8 us
MUL_MAT f32 m=256 n=24 k=256: 1 x 1.64 us = 1.64 us (1914.38 GFLOPS/s)
MUL_MAT f32 m=64 n=16 k=64: 1 x 3.68 us = 3.68 us (35.3391 GFLOPS/s)
MUL_MAT f32 m=64 n=96 k=64: 1 x 3.68 us = 3.68 us (212.035 GFLOPS/s)
MUL_MAT_ADD MUL_MAT_VEC q6_K m=5120 n=1 k=17408: 1 x 123.12 us = 123.12 us (1447.8 GFLOPS/s)
MUL_MAT_ADD MUL_MAT_VEC q6_K m=5120 n=1 k=6144: 1 x 53.72 us = 53.72 us (1171.06 GFLOPS/s)
MUL_MAT_VEC f32 m=256 n=4 k=256: 1 x 3.04 us = 3.04 us (172.126 GFLOPS/s)
MUL_MAT_VEC q6_K m=1024 n=1 k=5120: 2 x 9.22 us = 18.44 us (1137.17 GFLOPS/s)
MUL_MAT_VEC q6_K m=12288 n=1 k=5120: 1 x 85.68 us = 85.68 us (1468.45 GFLOPS/s)
MUL_MAT_VEC q6_K m=17408 n=1 k=5120: 2 x 121.74 us = 243.48 us (1464.11 GFLOPS/s)
MUL_MAT_VEC q6_K m=98304 n=1 k=5120: 1 x 673.59 us = 673.59 us (1494.28 GFLOPS/s)
MUL_MAT_VEC q8_0 m=5120 n=1 k=10240: 1 x 101.44 us = 101.44 us (1033.64 GFLOPS/s)
PAD: 1 x 6.32 us = 6.32 us
RMS_NORM_MUL RMS_NORM(256,24,1,1): 1 x 3.6 us = 3.6 us
RMS_NORM_MUL RMS_NORM(256,4,1,1): 1 x 3.6 us = 3.6 us
RMS_NORM_MUL RMS_NORM(5120,1,1,1): 5 x 3.728 us = 18.64 us
ROPE: 2 x 3.58 us = 7.16 us
SET_ROWS: 2 x 2.66 us = 5.32 us
SIGMOID_MUL SIGMOID: 1 x 1.68 us = 1.68 us
TOP_K K=10 (98304,1,1,1): 1 x 8.6 us = 8.6 us
Total time: 1396.95 us.
----------------
Vulkan Timings:
CONCAT: 1 x 3.76 us = 3.76 us
CONT: 1 x 3.6 us = 3.6 us
FLASH_ATTN_EXT dst(256,24,1,1),  q(256,1,24,1),  k(256,256,4,1),  v(256,256,4,1),  m(256,1,1,1): 1 x 15.2 us = 15.2 us (413.912 GFLOPS/s)
GET_ROWS: 2 x 4.18 us = 8.36 us
GLU: 1 x 1.84 us = 1.84 us
MUL_MAT f32 m=256 n=24 k=256: 1 x 1.68 us = 1.68 us (1868.8 GFLOPS/s)
MUL_MAT f32 m=64 n=16 k=64: 1 x 3.64 us = 3.64 us (35.7275 GFLOPS/s)
MUL_MAT f32 m=64 n=96 k=64: 1 x 3.6 us = 3.6 us (216.747 GFLOPS/s)
MUL_MAT_ADD MUL_MAT_VEC q6_K m=5120 n=1 k=17408: 1 x 124.32 us = 124.32 us (1433.82 GFLOPS/s)
MUL_MAT_ADD MUL_MAT_VEC q6_K m=5120 n=1 k=6144: 1 x 53.68 us = 53.68 us (1171.93 GFLOPS/s)
MUL_MAT_VEC f32 m=256 n=4 k=256: 1 x 3.04 us = 3.04 us (172.126 GFLOPS/s)
MUL_MAT_VEC q6_K m=1024 n=1 k=5120: 2 x 9.04 us = 18.08 us (1159.82 GFLOPS/s)
MUL_MAT_VEC q6_K m=12288 n=1 k=5120: 1 x 85.72 us = 85.72 us (1467.77 GFLOPS/s)
MUL_MAT_VEC q6_K m=17408 n=1 k=5120: 2 x 121.3 us = 242.6 us (1469.42 GFLOPS/s)
MUL_MAT_VEC q6_K m=98304 n=1 k=5120: 1 x 675.08 us = 675.08 us (1490.99 GFLOPS/s)
MUL_MAT_VEC q8_0 m=5120 n=1 k=10240: 1 x 100.96 us = 100.96 us (1038.55 GFLOPS/s)
PAD: 1 x 6.28 us = 6.28 us
RMS_NORM_MUL RMS_NORM(256,24,1,1): 1 x 3.6 us = 3.6 us
RMS_NORM_MUL RMS_NORM(256,4,1,1): 1 x 3.6 us = 3.6 us
RMS_NORM_MUL RMS_NORM(5120,1,1,1): 5 x 3.712 us = 18.56 us
ROPE: 2 x 3.58 us = 7.16 us
SET_ROWS: 2 x 1.82 us = 3.64 us
SIGMOID_MUL SIGMOID: 1 x 1.64 us = 1.64 us
TOP_K K=10 (98304,1,1,1): 1 x 8.96 us = 8.96 us
Total time: 1398.6 us.
----------------
Vulkan Timings:
CONCAT: 1 x 3.72 us = 3.72 us
CONT: 1 x 3.64 us = 3.64 us
FLASH_ATTN_EXT dst(256,24,1,1),  q(256,1,24,1),  k(256,256,4,1),  v(256,256,4,1),  m(256,1,1,1): 1 x 12.88 us = 12.88 us (488.467 GFLOPS/s)
GET_ROWS: 2 x 4.2 us = 8.4 us
GLU: 1 x 1.76 us = 1.76 us
MUL_MAT f32 m=256 n=24 k=256: 1 x 1.6 us = 1.6 us (1962.24 GFLOPS/s)
MUL_MAT f32 m=64 n=16 k=64: 1 x 3.64 us = 3.64 us (35.7275 GFLOPS/s)
MUL_MAT f32 m=64 n=96 k=64: 1 x 3.64 us = 3.64 us (214.365 GFLOPS/s)
MUL_MAT_ADD MUL_MAT_VEC q6_K m=5120 n=1 k=17408: 1 x 123.76 us = 123.76 us (1440.31 GFLOPS/s)
MUL_MAT_ADD MUL_MAT_VEC q6_K m=5120 n=1 k=6144: 1 x 53.56 us = 53.56 us (1174.56 GFLOPS/s)
MUL_MAT_VEC f32 m=256 n=4 k=256: 1 x 3 us = 3 us (174.421 GFLOPS/s)
MUL_MAT_VEC q6_K m=1024 n=1 k=5120: 2 x 9.14 us = 18.28 us (1147.13 GFLOPS/s)
MUL_MAT_VEC q6_K m=12288 n=1 k=5120: 1 x 85.88 us = 85.88 us (1465.03 GFLOPS/s)
MUL_MAT_VEC q6_K m=17408 n=1 k=5120: 2 x 121.02 us = 242.04 us (1472.82 GFLOPS/s)
MUL_MAT_VEC q6_K m=98304 n=1 k=5120: 1 x 674 us = 674 us (1493.37 GFLOPS/s)
MUL_MAT_VEC q8_0 m=5120 n=1 k=10240: 1 x 101.44 us = 101.44 us (1033.64 GFLOPS/s)
PAD: 1 x 6.32 us = 6.32 us
RMS_NORM_MUL RMS_NORM(256,24,1,1): 1 x 3.64 us = 3.64 us
RMS_NORM_MUL RMS_NORM(256,4,1,1): 1 x 3.6 us = 3.6 us
RMS_NORM_MUL RMS_NORM(5120,1,1,1): 5 x 3.72 us = 18.6 us
ROPE: 2 x 3.58 us = 7.16 us
SET_ROWS: 2 x 2.62 us = 5.24 us
SIGMOID_MUL SIGMOID: 1 x 1.72 us = 1.72 us
TOP_K K=10 (98304,1,1,1): 1 x 8.88 us = 8.88 us
Total time: 1396.4 us.
----------------
Vulkan Timings:
ADD: 48 x 3.824 us = 183.56 us
CONCAT: 48 x 2.566 us = 123.2 us
CONT: 16 x 3.895 us = 62.32 us
CPY: 240 x 2.231 us = 535.64 us
FLASH_ATTN_EXT dst(256,24,5,1),  q(256,5,24,1),  k(256,256,4,1),  v(256,256,4,1),  m(256,5,1,1): 16 x 21.332 us = 341.32 us (1474.62 GFLOPS/s)
GDN_CACHE GATED_DELTA_NET: 48 x 13.945 us = 669.4 us
GET_ROWS: 50 x 27.018 us = 1350.92 us
GLU: 64 x 1.852 us = 118.56 us
MUL_MAT f32 m=256 n=120 k=256: 16 x 1.86 us = 29.76 us (8439.74 GFLOPS/s)
MUL_MAT f32 m=256 n=20 k=256: 16 x 3.025 us = 48.4 us (864.899 GFLOPS/s)
MUL_MAT f32 m=64 n=480 k=64: 16 x 3.69 us = 59.04 us (1057.3 GFLOPS/s)
MUL_MAT f32 m=64 n=80 k=64: 16 x 3.335 us = 53.36 us (194.975 GFLOPS/s)
MUL_MAT_ADD MUL_MAT_VEC q6_K m=5120 n=5 k=17408: 64 x 136.86 us = 8759.08 us (6512.2 GFLOPS/s)
MUL_MAT_ADD MUL_MAT_VEC q6_K m=5120 n=5 k=6144: 16 x 56.182 us = 898.92 us (5598.67 GFLOPS/s)
MUL_MAT_VEC f32 m=48 n=5 k=5120: 96 x 3.505 us = 336.48 us (701.101 GFLOPS/s)
MUL_MAT_VEC q6_K m=1024 n=5 k=5120: 32 x 9.436 us = 301.96 us (5555.56 GFLOPS/s)
MUL_MAT_VEC q6_K m=10240 n=5 k=5120: 48 x 81.773 us = 3925.12 us (6410.85 GFLOPS/s)
MUL_MAT_VEC q6_K m=12288 n=5 k=5120: 16 x 105.295 us = 1684.72 us (5974.49 GFLOPS/s)
MUL_MAT_VEC q6_K m=17408 n=5 k=5120: 128 x 142.61 us = 18254.2 us (6249.19 GFLOPS/s)
MUL_MAT_VEC q6_K m=248320 n=5 k=5120: 1 x 1754.84 us = 1754.84 us (7244.39 GFLOPS/s)
MUL_MAT_VEC q6_K m=6144 n=5 k=5120: 48 x 54.102 us = 2596.92 us (5813.82 GFLOPS/s)
MUL_MAT_VEC q8_0 m=5120 n=5 k=6144: 48 x 63.291 us = 3038 us (4969.8 GFLOPS/s)
RMS_NORM_MUL RMS_NORM(256,24,5,1): 16 x 3.77 us = 60.32 us
RMS_NORM_MUL RMS_NORM(256,4,5,1): 16 x 4.487 us = 71.8 us
RMS_NORM_MUL RMS_NORM(5120,5,1,1): 129 x 2.729 us = 352.12 us
RMS_NORM_MUL_SILU_MUL RMS_NORM(128,48,5,1): 48 x 5.775 us = 277.2 us
RMS_NORM_SCALE RMS_NORM(128,16,5,1): 96 x 2.724 us = 261.56 us
ROPE: 32 x 3.907 us = 125.04 us
SET_ROWS: 32 x 3.058 us = 97.88 us
SIGMOID_MUL SIGMOID: 16 x 1.705 us = 27.28 us
SSM_CONV_SILU SSM_CONV: 48 x 5.754 us = 276.2 us
Total time: 46675.1 us.
----------------
Vulkan Timings:
CONCAT: 1 x 1.96 us = 1.96 us
CONT: 1 x 3.84 us = 3.84 us
FLASH_ATTN_EXT dst(256,24,5,1),  q(256,5,24,1),  k(256,256,4,1),  v(256,256,4,1),  m(256,5,1,1): 1 x 21.84 us = 21.84 us (1440.35 GFLOPS/s)
GLU: 1 x 1.64 us = 1.64 us
MUL_MAT f32 m=256 n=120 k=256: 1 x 1.8 us = 1.8 us (8721.07 GFLOPS/s)
MUL_MAT f32 m=256 n=20 k=256: 1 x 3.24 us = 3.24 us (807.506 GFLOPS/s)
MUL_MAT f32 m=64 n=480 k=64: 1 x 3.84 us = 3.84 us (1016 GFLOPS/s)
MUL_MAT f32 m=64 n=80 k=64: 1 x 3.88 us = 3.88 us (167.588 GFLOPS/s)
MUL_MAT_ADD MUL_MAT_VEC q6_K m=5120 n=5 k=17408: 1 x 156.97 us = 156.97 us (5677.93 GFLOPS/s)
MUL_MAT_ADD MUL_MAT_VEC q6_K m=5120 n=5 k=6144: 1 x 61.44 us = 61.44 us (5119.58 GFLOPS/s)
MUL_MAT_VEC q6_K m=1024 n=5 k=5120: 2 x 11.38 us = 22.76 us (4606.65 GFLOPS/s)
MUL_MAT_VEC q6_K m=12288 n=5 k=5120: 1 x 121.68 us = 121.68 us (5169.99 GFLOPS/s)
MUL_MAT_VEC q6_K m=17408 n=5 k=5120: 2 x 134.88 us = 269.76 us (6607.37 GFLOPS/s)
MUL_MAT_VEC q8_0 m=5120 n=5 k=10240: 1 x 106.64 us = 106.64 us (4916.19 GFLOPS/s)
RMS_NORM_MUL RMS_NORM(256,24,5,1): 1 x 4 us = 4 us
RMS_NORM_MUL RMS_NORM(256,4,5,1): 1 x 3.88 us = 3.88 us
RMS_NORM_MUL RMS_NORM(5120,5,1,1): 5 x 12.202 us = 61.01 us
ROPE: 2 x 3.88 us = 7.76 us
SET_ROWS: 2 x 2.78 us = 5.56 us
SIGMOID_MUL SIGMOID: 1 x 1.84 us = 1.84 us
Total time: 865.34 us.
----------------
Vulkan Timings:
CONCAT: 1 x 3.72 us = 3.72 us
CONT: 1 x 3.64 us = 3.64 us
FLASH_ATTN_EXT dst(256,24,1,1),  q(256,1,24,1),  k(256,256,4,1),  v(256,256,4,1),  m(256,1,1,1): 1 x 12.84 us = 12.84 us (489.989 GFLOPS/s)
GET_ROWS: 2 x 4.3 us = 8.6 us
GLU: 1 x 1.68 us = 1.68 us
MUL_MAT f32 m=256 n=24 k=256: 1 x 1.52 us = 1.52 us (2065.52 GFLOPS/s)
MUL_MAT f32 m=64 n=16 k=64: 1 x 1.88 us = 1.88 us (69.1745 GFLOPS/s)
MUL_MAT f32 m=64 n=96 k=64: 1 x 3.32 us = 3.32 us (235.027 GFLOPS/s)
MUL_MAT_ADD MUL_MAT_VEC q6_K m=5120 n=1 k=17408: 1 x 130.76 us = 130.76 us (1363.21 GFLOPS/s)
MUL_MAT_ADD MUL_MAT_VEC q6_K m=5120 n=1 k=6144: 1 x 53.96 us = 53.96 us (1165.85 GFLOPS/s)
MUL_MAT_VEC f32 m=256 n=4 k=256: 1 x 3.12 us = 3.12 us (167.713 GFLOPS/s)
MUL_MAT_VEC q6_K m=1024 n=1 k=5120: 2 x 9.42 us = 18.84 us (1113.03 GFLOPS/s)
MUL_MAT_VEC q6_K m=12288 n=1 k=5120: 1 x 90.8 us = 90.8 us (1385.65 GFLOPS/s)
MUL_MAT_VEC q6_K m=17408 n=1 k=5120: 2 x 118.22 us = 236.44 us (1507.7 GFLOPS/s)
MUL_MAT_VEC q6_K m=98304 n=1 k=5120: 1 x 674.09 us = 674.09 us (1493.18 GFLOPS/s)
MUL_MAT_VEC q8_0 m=5120 n=1 k=10240: 1 x 91.36 us = 91.36 us (1147.68 GFLOPS/s)
PAD: 1 x 6.28 us = 6.28 us
RMS_NORM_MUL RMS_NORM(256,24,1,1): 1 x 3.28 us = 3.28 us
RMS_NORM_MUL RMS_NORM(256,4,1,1): 1 x 4.92 us = 4.92 us
RMS_NORM_MUL RMS_NORM(5120,1,1,1): 5 x 4.432 us = 22.16 us
ROPE: 2 x 3.38 us = 6.76 us
SET_ROWS: 2 x 2.66 us = 5.32 us
SIGMOID_MUL SIGMOID: 1 x 1.6 us = 1.6 us
TOP_K K=10 (98304,1,1,1): 1 x 8.92 us = 8.92 us
Total time: 1395.81 us.
----------------
Vulkan Timings:
CONCAT: 1 x 3.76 us = 3.76 us
CONT: 1 x 3.6 us = 3.6 us
FLASH_ATTN_EXT dst(256,24,1,1),  q(256,1,24,1),  k(256,256,4,1),  v(256,256,4,1),  m(256,1,1,1): 1 x 12.92 us = 12.92 us (486.955 GFLOPS/s)
GET_ROWS: 2 x 4.16 us = 8.32 us
GLU: 1 x 1.8 us = 1.8 us
MUL_MAT f32 m=256 n=24 k=256: 1 x 1.64 us = 1.64 us (1914.38 GFLOPS/s)
MUL_MAT f32 m=64 n=16 k=64: 1 x 3.64 us = 3.64 us (35.7275 GFLOPS/s)
MUL_MAT f32 m=64 n=96 k=64: 1 x 3.56 us = 3.56 us (219.182 GFLOPS/s)
MUL_MAT_ADD MUL_MAT_VEC q6_K m=5120 n=1 k=17408: 1 x 122.72 us = 122.72 us (1452.52 GFLOPS/s)
MUL_MAT_ADD MUL_MAT_VEC q6_K m=5120 n=1 k=6144: 1 x 53.24 us = 53.24 us (1181.62 GFLOPS/s)
MUL_MAT_VEC f32 m=256 n=4 k=256: 1 x 3.04 us = 3.04 us (172.126 GFLOPS/s)
MUL_MAT_VEC q6_K m=1024 n=1 k=5120: 2 x 9.2 us = 18.4 us (1139.65 GFLOPS/s)
MUL_MAT_VEC q6_K m=12288 n=1 k=5120: 1 x 85.48 us = 85.48 us (1471.89 GFLOPS/s)
MUL_MAT_VEC q6_K m=17408 n=1 k=5120: 2 x 121.58 us = 243.16 us (1466.03 GFLOPS/s)
MUL_MAT_VEC q6_K m=98304 n=1 k=5120: 1 x 673.29 us = 673.29 us (1494.95 GFLOPS/s)
MUL_MAT_VEC q8_0 m=5120 n=1 k=10240: 1 x 101.08 us = 101.08 us (1037.32 GFLOPS/s)
PAD: 1 x 6.28 us = 6.28 us
RMS_NORM_MUL RMS_NORM(256,24,1,1): 1 x 3.64 us = 3.64 us
RMS_NORM_MUL RMS_NORM(256,4,1,1): 1 x 3.6 us = 3.6 us
RMS_NORM_MUL RMS_NORM(5120,1,1,1): 5 x 3.768 us = 18.84 us
ROPE: 2 x 3.58 us = 7.16 us
SET_ROWS: 2 x 2.64 us = 5.28 us
SIGMOID_MUL SIGMOID: 1 x 1.64 us = 1.64 us
TOP_K K=10 (98304,1,1,1): 1 x 8.84 us = 8.84 us
Total time: 1394.93 us.
----------------
Vulkan Timings:
CONCAT: 1 x 3.76 us = 3.76 us
CONT: 1 x 3.6 us = 3.6 us
FLASH_ATTN_EXT dst(256,24,1,1),  q(256,1,24,1),  k(256,256,4,1),  v(256,256,4,1),  m(256,1,1,1): 1 x 12.8 us = 12.8 us (491.52 GFLOPS/s)
GET_ROWS: 2 x 4.18 us = 8.36 us
GLU: 1 x 1.72 us = 1.72 us
MUL_MAT f32 m=256 n=24 k=256: 1 x 1.64 us = 1.64 us (1914.38 GFLOPS/s)
MUL_MAT f32 m=64 n=16 k=64: 1 x 3.64 us = 3.64 us (35.7275 GFLOPS/s)
MUL_MAT f32 m=64 n=96 k=64: 1 x 3.6 us = 3.6 us (216.747 GFLOPS/s)
MUL_MAT_ADD MUL_MAT_VEC q6_K m=5120 n=1 k=17408: 1 x 122.32 us = 122.32 us (1457.27 GFLOPS/s)
MUL_MAT_ADD MUL_MAT_VEC q6_K m=5120 n=1 k=6144: 1 x 53.96 us = 53.96 us (1165.85 GFLOPS/s)
MUL_MAT_VEC f32 m=256 n=4 k=256: 1 x 3.04 us = 3.04 us (172.126 GFLOPS/s)
MUL_MAT_VEC q6_K m=1024 n=1 k=5120: 2 x 9.2 us = 18.4 us (1139.65 GFLOPS/s)
MUL_MAT_VEC q6_K m=12288 n=1 k=5120: 1 x 85.6 us = 85.6 us (1469.82 GFLOPS/s)
MUL_MAT_VEC q6_K m=17408 n=1 k=5120: 2 x 121.32 us = 242.64 us (1469.18 GFLOPS/s)
MUL_MAT_VEC q6_K m=98304 n=1 k=5120: 1 x 674.52 us = 674.52 us (1492.22 GFLOPS/s)
MUL_MAT_VEC q8_0 m=5120 n=1 k=10240: 1 x 101.36 us = 101.36 us (1034.46 GFLOPS/s)
PAD: 1 x 6.32 us = 6.32 us
RMS_NORM_MUL RMS_NORM(256,24,1,1): 1 x 3.64 us = 3.64 us
RMS_NORM_MUL RMS_NORM(256,4,1,1): 1 x 3.56 us = 3.56 us
RMS_NORM_MUL RMS_NORM(5120,1,1,1): 5 x 3.728 us = 18.64 us
ROPE: 2 x 3.58 us = 7.16 us
SET_ROWS: 2 x 2.64 us = 5.28 us
SIGMOID_MUL SIGMOID: 1 x 1.72 us = 1.72 us
TOP_K K=10 (98304,1,1,1): 1 x 9.08 us = 9.08 us
Total time: 1396.36 us.
----------------
Vulkan Timings:
CONCAT: 1 x 3.8 us = 3.8 us
CONT: 1 x 3.64 us = 3.64 us
FLASH_ATTN_EXT dst(256,24,1,1),  q(256,1,24,1),  k(256,256,4,1),  v(256,256,4,1),  m(256,1,1,1): 1 x 12.88 us = 12.88 us (488.467 GFLOPS/s)
GET_ROWS: 2 x 4.18 us = 8.36 us
GLU: 1 x 1.8 us = 1.8 us
MUL_MAT f32 m=256 n=24 k=256: 1 x 1.68 us = 1.68 us (1868.8 GFLOPS/s)
MUL_MAT f32 m=64 n=16 k=64: 1 x 3.6 us = 3.6 us (36.1244 GFLOPS/s)
MUL_MAT f32 m=64 n=96 k=64: 1 x 3.64 us = 3.64 us (214.365 GFLOPS/s)
MUL_MAT_ADD MUL_MAT_VEC q6_K m=5120 n=1 k=17408: 1 x 122.84 us = 122.84 us (1451.1 GFLOPS/s)
MUL_MAT_ADD MUL_MAT_VEC q6_K m=5120 n=1 k=6144: 1 x 53.36 us = 53.36 us (1178.96 GFLOPS/s)
MUL_MAT_VEC f32 m=256 n=4 k=256: 1 x 3 us = 3 us (174.421 GFLOPS/s)
MUL_MAT_VEC q6_K m=1024 n=1 k=5120: 2 x 9.24 us = 18.48 us (1134.71 GFLOPS/s)
MUL_MAT_VEC q6_K m=12288 n=1 k=5120: 1 x 85.48 us = 85.48 us (1471.89 GFLOPS/s)
MUL_MAT_VEC q6_K m=17408 n=1 k=5120: 2 x 121.26 us = 242.52 us (1469.9 GFLOPS/s)
MUL_MAT_VEC q6_K m=98304 n=1 k=5120: 1 x 673.72 us = 673.72 us (1494 GFLOPS/s)
MUL_MAT_VEC q8_0 m=5120 n=1 k=10240: 1 x 100.92 us = 100.92 us (1038.97 GFLOPS/s)
PAD: 1 x 6.28 us = 6.28 us
RMS_NORM_MUL RMS_NORM(256,24,1,1): 1 x 3.6 us = 3.6 us
RMS_NORM_MUL RMS_NORM(256,4,1,1): 1 x 3.6 us = 3.6 us
RMS_NORM_MUL RMS_NORM(5120,1,1,1): 5 x 3.712 us = 18.56 us
ROPE: 2 x 3.56 us = 7.12 us
SET_ROWS: 2 x 2.66 us = 5.32 us
SIGMOID_MUL SIGMOID: 1 x 1.68 us = 1.68 us
TOP_K K=10 (98304,1,1,1): 1 x 8.6 us = 8.6 us
Total time: 1394.48 us.
----------------
Vulkan Timings:
ADD: 48 x 3.824 us = 183.56 us
CONCAT: 48 x 2.473 us = 118.72 us
CONT: 16 x 3.897 us = 62.36 us
CPY: 240 x 2.259 us = 542.24 us
FLASH_ATTN_EXT dst(256,24,5,1),  q(256,5,24,1),  k(256,256,4,1),  v(256,256,4,1),  m(256,5,1,1): 16 x 21.432 us = 342.92 us (1467.74 GFLOPS/s)
GDN_CACHE GATED_DELTA_NET: 48 x 13.88 us = 666.24 us
GET_ROWS: 50 x 27.122 us = 1356.12 us
GLU: 64 x 1.861 us = 119.12 us
MUL_MAT f32 m=256 n=120 k=256: 16 x 1.83 us = 29.28 us (8578.1 GFLOPS/s)
MUL_MAT f32 m=256 n=20 k=256: 16 x 3.177 us = 50.84 us (823.389 GFLOPS/s)
MUL_MAT f32 m=64 n=480 k=64: 16 x 3.692 us = 59.08 us (1056.58 GFLOPS/s)
MUL_MAT f32 m=64 n=80 k=64: 16 x 3.24 us = 51.84 us (200.691 GFLOPS/s)
MUL_MAT_ADD MUL_MAT_VEC q6_K m=5120 n=5 k=17408: 64 x 136.875 us = 8760.04 us (6511.49 GFLOPS/s)
MUL_MAT_ADD MUL_MAT_VEC q6_K m=5120 n=5 k=6144: 16 x 56.01 us = 896.16 us (5615.91 GFLOPS/s)
MUL_MAT_VEC f32 m=48 n=5 k=5120: 96 x 3.412 us = 327.6 us (720.105 GFLOPS/s)
MUL_MAT_VEC q6_K m=1024 n=5 k=5120: 32 x 10.018 us = 320.6 us (5232.56 GFLOPS/s)
MUL_MAT_VEC q6_K m=10240 n=5 k=5120: 48 x 81.709 us = 3922.04 us (6415.89 GFLOPS/s)
MUL_MAT_VEC q6_K m=12288 n=5 k=5120: 16 x 103.41 us = 1654.56 us (6083.4 GFLOPS/s)
MUL_MAT_VEC q6_K m=17408 n=5 k=5120: 128 x 142.629 us = 18256.5 us (6248.39 GFLOPS/s)
MUL_MAT_VEC q6_K m=248320 n=5 k=5120: 1 x 1754.76 us = 1754.76 us (7244.72 GFLOPS/s)
MUL_MAT_VEC q6_K m=6144 n=5 k=5120: 48 x 54.16 us = 2599.72 us (5807.56 GFLOPS/s)
MUL_MAT_VEC q8_0 m=5120 n=5 k=6144: 48 x 63.292 us = 3038.04 us (4969.74 GFLOPS/s)
RMS_NORM_MUL RMS_NORM(256,24,5,1): 16 x 4.147 us = 66.36 us
RMS_NORM_MUL RMS_NORM(256,4,5,1): 16 x 4.575 us = 73.2 us
RMS_NORM_MUL RMS_NORM(5120,5,1,1): 129 x 2.706 us = 349.08 us
RMS_NORM_MUL_SILU_MUL RMS_NORM(128,48,5,1): 48 x 5.768 us = 276.88 us
RMS_NORM_SCALE RMS_NORM(128,16,5,1): 96 x 2.74 us = 263.08 us
ROPE: 32 x 3.911 us = 125.16 us
SET_ROWS: 32 x 3.005 us = 96.16 us
SIGMOID_MUL SIGMOID: 16 x 1.707 us = 27.32 us
SSM_CONV_SILU SSM_CONV: 48 x 5.805 us = 278.68 us
Total time: 46668.3 us.
----------------
Vulkan Timings:
CONCAT: 1 x 2.04 us = 2.04 us
CONT: 1 x 3.84 us = 3.84 us
FLASH_ATTN_EXT dst(256,24,5,1),  q(256,5,24,1),  k(256,256,4,1),  v(256,256,4,1),  m(256,5,1,1): 1 x 21.68 us = 21.68 us (1450.98 GFLOPS/s)
GLU: 1 x 1.56 us = 1.56 us
MUL_MAT f32 m=256 n=120 k=256: 1 x 1.84 us = 1.84 us (8531.48 GFLOPS/s)
MUL_MAT f32 m=256 n=20 k=256: 1 x 3.24 us = 3.24 us (807.506 GFLOPS/s)
MUL_MAT f32 m=64 n=480 k=64: 1 x 3.8 us = 3.8 us (1026.69 GFLOPS/s)
MUL_MAT f32 m=64 n=80 k=64: 1 x 3.84 us = 3.84 us (169.333 GFLOPS/s)
MUL_MAT_ADD MUL_MAT_VEC q6_K m=5120 n=5 k=17408: 1 x 156.17 us = 156.17 us (5707.01 GFLOPS/s)
MUL_MAT_ADD MUL_MAT_VEC q6_K m=5120 n=5 k=6144: 1 x 62.2 us = 62.2 us (5057.03 GFLOPS/s)
MUL_MAT_VEC q6_K m=1024 n=5 k=5120: 2 x 11.58 us = 23.16 us (4527.09 GFLOPS/s)
MUL_MAT_VEC q6_K m=12288 n=5 k=5120: 1 x 120.68 us = 120.68 us (5212.83 GFLOPS/s)
MUL_MAT_VEC q6_K m=17408 n=5 k=5120: 2 x 134.96 us = 269.92 us (6603.46 GFLOPS/s)
MUL_MAT_VEC q8_0 m=5120 n=5 k=10240: 1 x 106.32 us = 106.32 us (4930.99 GFLOPS/s)
RMS_NORM_MUL RMS_NORM(256,24,5,1): 1 x 4 us = 4 us
RMS_NORM_MUL RMS_NORM(256,4,5,1): 1 x 3.92 us = 3.92 us
RMS_NORM_MUL RMS_NORM(5120,5,1,1): 5 x 8.16 us = 40.8 us
ROPE: 2 x 3.94 us = 7.88 us
SET_ROWS: 2 x 2.82 us = 5.64 us
SIGMOID_MUL SIGMOID: 1 x 1.84 us = 1.84 us
Total time: 844.37 us.
----------------
Vulkan Timings:
CONCAT: 1 x 3.72 us = 3.72 us
CONT: 1 x 3.56 us = 3.56 us
FLASH_ATTN_EXT dst(256,24,1,1),  q(256,1,24,1),  k(256,256,4,1),  v(256,256,4,1),  m(256,1,1,1): 1 x 12.8 us = 12.8 us (491.52 GFLOPS/s)
GET_ROWS: 2 x 4.18 us = 8.36 us
GLU: 1 x 1.68 us = 1.68 us
MUL_MAT f32 m=256 n=24 k=256: 1 x 1.56 us = 1.56 us (2012.55 GFLOPS/s)
MUL_MAT f32 m=64 n=16 k=64: 1 x 1.84 us = 1.84 us (70.6783 GFLOPS/s)
MUL_MAT f32 m=64 n=96 k=64: 1 x 3.24 us = 3.24 us (240.83 GFLOPS/s)
MUL_MAT_ADD MUL_MAT_VEC q6_K m=5120 n=1 k=17408: 1 x 129.84 us = 129.84 us (1372.87 GFLOPS/s)
MUL_MAT_ADD MUL_MAT_VEC q6_K m=5120 n=1 k=6144: 1 x 54.6 us = 54.6 us (1152.19 GFLOPS/s)
MUL_MAT_VEC f32 m=256 n=4 k=256: 1 x 3.08 us = 3.08 us (169.891 GFLOPS/s)
MUL_MAT_VEC q6_K m=1024 n=1 k=5120: 2 x 9.3 us = 18.6 us (1127.39 GFLOPS/s)
MUL_MAT_VEC q6_K m=12288 n=1 k=5120: 1 x 90.12 us = 90.12 us (1396.1 GFLOPS/s)
MUL_MAT_VEC q6_K m=17408 n=1 k=5120: 2 x 118.26 us = 236.52 us (1507.19 GFLOPS/s)
MUL_MAT_VEC q6_K m=98304 n=1 k=5120: 1 x 671.69 us = 671.69 us (1498.51 GFLOPS/s)
MUL_MAT_VEC q8_0 m=5120 n=1 k=10240: 1 x 91.56 us = 91.56 us (1145.18 GFLOPS/s)
PAD: 1 x 7.04 us = 7.04 us
RMS_NORM_MUL RMS_NORM(256,24,1,1): 1 x 3.24 us = 3.24 us
RMS_NORM_MUL RMS_NORM(256,4,1,1): 1 x 4.92 us = 4.92 us
RMS_NORM_MUL RMS_NORM(5120,1,1,1): 5 x 4.464 us = 22.32 us
ROPE: 2 x 3.38 us = 6.76 us
SET_ROWS: 2 x 2.6 us = 5.2 us
SIGMOID_MUL SIGMOID: 1 x 1.56 us = 1.56 us
TOP_K K=10 (98304,1,1,1): 1 x 9.12 us = 9.12 us
Total time: 1392.93 us.
----------------
Vulkan Timings:
CONCAT: 1 x 3.72 us = 3.72 us
CONT: 1 x 3.6 us = 3.6 us
FLASH_ATTN_EXT dst(256,24,1,1),  q(256,1,24,1),  k(256,256,4,1),  v(256,256,4,1),  m(256,1,1,1): 1 x 12.76 us = 12.76 us (493.061 GFLOPS/s)
GET_ROWS: 2 x 4.26 us = 8.52 us
GLU: 1 x 1.76 us = 1.76 us
MUL_MAT f32 m=256 n=24 k=256: 1 x 1.6 us = 1.6 us (1962.24 GFLOPS/s)
MUL_MAT f32 m=64 n=16 k=64: 1 x 3.64 us = 3.64 us (35.7275 GFLOPS/s)
MUL_MAT f32 m=64 n=96 k=64: 1 x 3.6 us = 3.6 us (216.747 GFLOPS/s)
MUL_MAT_ADD MUL_MAT_VEC q6_K m=5120 n=1 k=17408: 1 x 123.2 us = 123.2 us (1446.86 GFLOPS/s)
MUL_MAT_ADD MUL_MAT_VEC q6_K m=5120 n=1 k=6144: 1 x 55 us = 55 us (1143.81 GFLOPS/s)
MUL_MAT_VEC f32 m=256 n=4 k=256: 1 x 3.04 us = 3.04 us (172.126 GFLOPS/s)
MUL_MAT_VEC q6_K m=1024 n=1 k=5120: 2 x 9.14 us = 18.28 us (1147.13 GFLOPS/s)
MUL_MAT_VEC q6_K m=12288 n=1 k=5120: 1 x 85.44 us = 85.44 us (1472.58 GFLOPS/s)
MUL_MAT_VEC q6_K m=17408 n=1 k=5120: 2 x 121.28 us = 242.56 us (1469.66 GFLOPS/s)
MUL_MAT_VEC q6_K m=98304 n=1 k=5120: 1 x 673.63 us = 673.63 us (1494.2 GFLOPS/s)
MUL_MAT_VEC q8_0 m=5120 n=1 k=10240: 1 x 101.2 us = 101.2 us (1036.09 GFLOPS/s)
PAD: 1 x 6.36 us = 6.36 us
RMS_NORM_MUL RMS_NORM(256,24,1,1): 1 x 3.6 us = 3.6 us
RMS_NORM_MUL RMS_NORM(256,4,1,1): 1 x 3.56 us = 3.56 us
RMS_NORM_MUL RMS_NORM(5120,1,1,1): 5 x 3.704 us = 18.52 us
ROPE: 2 x 3.56 us = 7.12 us
SET_ROWS: 2 x 2.6 us = 5.2 us
SIGMOID_MUL SIGMOID: 1 x 1.72 us = 1.72 us
TOP_K K=10 (98304,1,1,1): 1 x 8.76 us = 8.76 us
Total time: 1396.39 us.
----------------
Vulkan Timings:
CONCAT: 1 x 3.76 us = 3.76 us
CONT: 1 x 3.64 us = 3.64 us
FLASH_ATTN_EXT dst(256,24,1,1),  q(256,1,24,1),  k(256,256,4,1),  v(256,256,4,1),  m(256,1,1,1): 1 x 12.68 us = 12.68 us (496.172 GFLOPS/s)
GET_ROWS: 2 x 4.3 us = 8.6 us
GLU: 1 x 1.8 us = 1.8 us
MUL_MAT f32 m=256 n=24 k=256: 1 x 1.64 us = 1.64 us (1914.38 GFLOPS/s)
MUL_MAT f32 m=64 n=16 k=64: 1 x 3.6 us = 3.6 us (36.1244 GFLOPS/s)
MUL_MAT f32 m=64 n=96 k=64: 1 x 3.64 us = 3.64 us (214.365 GFLOPS/s)
MUL_MAT_ADD MUL_MAT_VEC q6_K m=5120 n=1 k=17408: 1 x 123.52 us = 123.52 us (1443.11 GFLOPS/s)
MUL_MAT_ADD MUL_MAT_VEC q6_K m=5120 n=1 k=6144: 1 x 54.32 us = 54.32 us (1158.13 GFLOPS/s)
MUL_MAT_VEC f32 m=256 n=4 k=256: 1 x 3.04 us = 3.04 us (172.126 GFLOPS/s)
MUL_MAT_VEC q6_K m=1024 n=1 k=5120: 2 x 9.06 us = 18.12 us (1157.26 GFLOPS/s)
MUL_MAT_VEC q6_K m=12288 n=1 k=5120: 1 x 85.52 us = 85.52 us (1471.2 GFLOPS/s)
MUL_MAT_VEC q6_K m=17408 n=1 k=5120: 2 x 121.04 us = 242.08 us (1472.58 GFLOPS/s)
MUL_MAT_VEC q6_K m=98304 n=1 k=5120: 1 x 673.75 us = 673.75 us (1493.93 GFLOPS/s)
MUL_MAT_VEC q8_0 m=5120 n=1 k=10240: 1 x 101 us = 101 us (1038.14 GFLOPS/s)
PAD: 1 x 5.96 us = 5.96 us
RMS_NORM_MUL RMS_NORM(256,24,1,1): 1 x 3.6 us = 3.6 us
RMS_NORM_MUL RMS_NORM(256,4,1,1): 1 x 3.6 us = 3.6 us
RMS_NORM_MUL RMS_NORM(5120,1,1,1): 5 x 3.728 us = 18.64 us
ROPE: 2 x 3.58 us = 7.16 us
SET_ROWS: 2 x 2.64 us = 5.28 us
SIGMOID_MUL SIGMOID: 1 x 1.68 us = 1.68 us
TOP_K K=10 (98304,1,1,1): 1 x 8.8 us = 8.8 us
Total time: 1395.43 us.
----------------
Vulkan Timings:
CONCAT: 1 x 3.64 us = 3.64 us
CONT: 1 x 3.6 us = 3.6 us
FLASH_ATTN_EXT dst(256,24,1,1),  q(256,1,24,1),  k(256,256,4,1),  v(256,256,4,1),  m(256,1,1,1): 1 x 12.72 us = 12.72 us (494.611 GFLOPS/s)
GET_ROWS: 2 x 4.3 us = 8.6 us
GLU: 1 x 1.88 us = 1.88 us
MUL_MAT f32 m=256 n=24 k=256: 1 x 1.68 us = 1.68 us (1868.8 GFLOPS/s)
MUL_MAT f32 m=64 n=16 k=64: 1 x 3.64 us = 3.64 us (35.7275 GFLOPS/s)
MUL_MAT f32 m=64 n=96 k=64: 1 x 3.6 us = 3.6 us (216.747 GFLOPS/s)
MUL_MAT_ADD MUL_MAT_VEC q6_K m=5120 n=1 k=17408: 1 x 124.2 us = 124.2 us (1435.21 GFLOPS/s)
MUL_MAT_ADD MUL_MAT_VEC q6_K m=5120 n=1 k=6144: 1 x 53.88 us = 53.88 us (1167.58 GFLOPS/s)
MUL_MAT_VEC f32 m=256 n=4 k=256: 1 x 3.04 us = 3.04 us (172.126 GFLOPS/s)
MUL_MAT_VEC q6_K m=1024 n=1 k=5120: 2 x 9.06 us = 18.12 us (1157.26 GFLOPS/s)
MUL_MAT_VEC q6_K m=12288 n=1 k=5120: 1 x 85.84 us = 85.84 us (1465.71 GFLOPS/s)
MUL_MAT_VEC q6_K m=17408 n=1 k=5120: 2 x 121.36 us = 242.72 us (1468.69 GFLOPS/s)
MUL_MAT_VEC q6_K m=98304 n=1 k=5120: 1 x 674.05 us = 674.05 us (1493.26 GFLOPS/s)
MUL_MAT_VEC q8_0 m=5120 n=1 k=10240: 1 x 101.52 us = 101.52 us (1032.83 GFLOPS/s)
PAD: 1 x 6.2 us = 6.2 us
RMS_NORM_MUL RMS_NORM(256,24,1,1): 1 x 3.64 us = 3.64 us
RMS_NORM_MUL RMS_NORM(256,4,1,1): 1 x 3.6 us = 3.6 us
RMS_NORM_MUL RMS_NORM(5120,1,1,1): 5 x 3.632 us = 18.16 us
ROPE: 2 x 3.6 us = 7.2 us
SET_ROWS: 2 x 2.62 us = 5.24 us
SIGMOID_MUL SIGMOID: 1 x 1.68 us = 1.68 us
TOP_K K=10 (98304,1,1,1): 1 x 8.68 us = 8.68 us
Total time: 1397.13 us.
----------------
Vulkan Timings:
ADD: 48 x 3.823 us = 183.52 us
CONCAT: 48 x 2.469 us = 118.52 us
CONT: 16 x 3.892 us = 62.28 us
CPY: 240 x 2.262 us = 542.88 us
FLASH_ATTN_EXT dst(256,24,5,1),  q(256,5,24,1),  k(256,256,4,1),  v(256,256,4,1),  m(256,5,1,1): 16 x 21.227 us = 339.64 us (1481.91 GFLOPS/s)
GDN_CACHE GATED_DELTA_NET: 48 x 13.915 us = 667.92 us
GET_ROWS: 50 x 27.058 us = 1352.92 us
GLU: 64 x 1.856 us = 118.84 us
MUL_MAT f32 m=256 n=120 k=256: 16 x 1.85 us = 29.6 us (8485.36 GFLOPS/s)
MUL_MAT f32 m=256 n=20 k=256: 16 x 3.177 us = 50.84 us (823.389 GFLOPS/s)
MUL_MAT f32 m=64 n=480 k=64: 16 x 3.68 us = 58.88 us (1060.17 GFLOPS/s)
MUL_MAT f32 m=64 n=80 k=64: 16 x 3.25 us = 52 us (200.074 GFLOPS/s)
MUL_MAT_ADD MUL_MAT_VEC q6_K m=5120 n=5 k=17408: 64 x 136.754 us = 8752.28 us (6517.26 GFLOPS/s)
MUL_MAT_ADD MUL_MAT_VEC q6_K m=5120 n=5 k=6144: 16 x 56.047 us = 896.76 us (5612.15 GFLOPS/s)
MUL_MAT_VEC f32 m=48 n=5 k=5120: 96 x 3.403 us = 326.76 us (721.957 GFLOPS/s)
MUL_MAT_VEC q6_K m=1024 n=5 k=5120: 32 x 9.466 us = 302.92 us (5537.96 GFLOPS/s)
MUL_MAT_VEC q6_K m=10240 n=5 k=5120: 48 x 81.46 us = 3910.12 us (6435.45 GFLOPS/s)
MUL_MAT_VEC q6_K m=12288 n=5 k=5120: 16 x 105.225 us = 1683.6 us (5978.47 GFLOPS/s)
MUL_MAT_VEC q6_K m=17408 n=5 k=5120: 128 x 142.749 us = 18271.9 us (6243.13 GFLOPS/s)
MUL_MAT_VEC q6_K m=248320 n=5 k=5120: 1 x 1761.12 us = 1761.12 us (7218.56 GFLOPS/s)
MUL_MAT_VEC q6_K m=6144 n=5 k=5120: 48 x 54.16 us = 2599.68 us (5807.65 GFLOPS/s)
MUL_MAT_VEC q8_0 m=5120 n=5 k=6144: 48 x 63.247 us = 3035.88 us (4973.27 GFLOPS/s)
RMS_NORM_MUL RMS_NORM(256,24,5,1): 16 x 3.887 us = 62.2 us
RMS_NORM_MUL RMS_NORM(256,4,5,1): 16 x 4.585 us = 73.36 us
RMS_NORM_MUL RMS_NORM(5120,5,1,1): 129 x 2.73 us = 352.28 us
RMS_NORM_MUL_SILU_MUL RMS_NORM(128,48,5,1): 48 x 5.77 us = 277 us
RMS_NORM_SCALE RMS_NORM(128,16,5,1): 96 x 2.737 us = 262.84 us
ROPE: 32 x 3.92 us = 125.44 us
SET_ROWS: 32 x 3.041 us = 97.32 us
SIGMOID_MUL SIGMOID: 16 x 1.725 us = 27.6 us
SSM_CONV_SILU SSM_CONV: 48 x 5.736 us = 275.36 us
Total time: 46672.3 us.
----------------
Vulkan Timings:
CONCAT: 1 x 2.04 us = 2.04 us
CONT: 1 x 3.88 us = 3.88 us
FLASH_ATTN_EXT dst(256,24,5,1),  q(256,5,24,1),  k(256,256,4,1),  v(256,256,4,1),  m(256,5,1,1): 1 x 21.8 us = 21.8 us (1442.99 GFLOPS/s)
GLU: 1 x 1.56 us = 1.56 us
MUL_MAT f32 m=256 n=120 k=256: 1 x 1.76 us = 1.76 us (8919.27 GFLOPS/s)
MUL_MAT f32 m=256 n=20 k=256: 1 x 3.2 us = 3.2 us (817.6 GFLOPS/s)
MUL_MAT f32 m=64 n=480 k=64: 1 x 3.84 us = 3.84 us (1016 GFLOPS/s)
MUL_MAT f32 m=64 n=80 k=64: 1 x 3.8 us = 3.8 us (171.116 GFLOPS/s)
MUL_MAT_ADD MUL_MAT_VEC q6_K m=5120 n=5 k=17408: 1 x 158.05 us = 158.05 us (5639.13 GFLOPS/s)
MUL_MAT_ADD MUL_MAT_VEC q6_K m=5120 n=5 k=6144: 1 x 62.32 us = 62.32 us (5047.29 GFLOPS/s)
MUL_MAT_VEC q6_K m=1024 n=5 k=5120: 2 x 11.34 us = 22.68 us (4622.9 GFLOPS/s)
MUL_MAT_VEC q6_K m=12288 n=5 k=5120: 1 x 121.47 us = 121.47 us (5178.93 GFLOPS/s)
MUL_MAT_VEC q6_K m=17408 n=5 k=5120: 2 x 134.8 us = 269.6 us (6611.29 GFLOPS/s)
MUL_MAT_VEC q8_0 m=5120 n=5 k=10240: 1 x 106.04 us = 106.04 us (4944.01 GFLOPS/s)
RMS_NORM_MUL RMS_NORM(256,24,5,1): 1 x 3.96 us = 3.96 us
RMS_NORM_MUL RMS_NORM(256,4,5,1): 1 x 3.8 us = 3.8 us
RMS_NORM_MUL RMS_NORM(5120,5,1,1): 5 x 8.348 us = 41.74 us
ROPE: 2 x 3.82 us = 7.64 us
SET_ROWS: 2 x 2.74 us = 5.48 us
SIGMOID_MUL SIGMOID: 1 x 2.12 us = 2.12 us
Total time: 846.78 us.
----------------
Vulkan Timings:
CONCAT: 1 x 3.72 us = 3.72 us
CONT: 1 x 3.64 us = 3.64 us
FLASH_ATTN_EXT dst(256,24,1,1),  q(256,1,24,1),  k(256,256,4,1),  v(256,256,4,1),  m(256,1,1,1): 1 x 12.88 us = 12.88 us (488.467 GFLOPS/s)
GET_ROWS: 2 x 4.24 us = 8.48 us
GLU: 1 x 1.68 us = 1.68 us
MUL_MAT f32 m=256 n=24 k=256: 1 x 1.6 us = 1.6 us (1962.24 GFLOPS/s)
MUL_MAT f32 m=64 n=16 k=64: 1 x 1.92 us = 1.92 us (67.7333 GFLOPS/s)
MUL_MAT f32 m=64 n=96 k=64: 1 x 3.36 us = 3.36 us (232.229 GFLOPS/s)
MUL_MAT_ADD MUL_MAT_VEC q6_K m=5120 n=1 k=17408: 1 x 131.48 us = 131.48 us (1355.74 GFLOPS/s)
MUL_MAT_ADD MUL_MAT_VEC q6_K m=5120 n=1 k=6144: 1 x 54.68 us = 54.68 us (1150.5 GFLOPS/s)
MUL_MAT_VEC f32 m=256 n=4 k=256: 1 x 3.12 us = 3.12 us (167.713 GFLOPS/s)
MUL_MAT_VEC q6_K m=1024 n=1 k=5120: 2 x 9.46 us = 18.92 us (1108.32 GFLOPS/s)
MUL_MAT_VEC q6_K m=12288 n=1 k=5120: 1 x 90.16 us = 90.16 us (1395.48 GFLOPS/s)
MUL_MAT_VEC q6_K m=17408 n=1 k=5120: 2 x 118.16 us = 236.32 us (1508.47 GFLOPS/s)
MUL_MAT_VEC q6_K m=98304 n=1 k=5120: 1 x 673.79 us = 673.79 us (1493.84 GFLOPS/s)
MUL_MAT_VEC q8_0 m=5120 n=1 k=10240: 1 x 93.24 us = 93.24 us (1124.54 GFLOPS/s)
PAD: 1 x 6.4 us = 6.4 us
RMS_NORM_MUL RMS_NORM(256,24,1,1): 1 x 3.36 us = 3.36 us
RMS_NORM_MUL RMS_NORM(256,4,1,1): 1 x 5 us = 5 us
RMS_NORM_MUL RMS_NORM(5120,1,1,1): 5 x 4.256 us = 21.28 us
ROPE: 2 x 3.44 us = 6.88 us
SET_ROWS: 2 x 2.66 us = 5.32 us
SIGMOID_MUL SIGMOID: 1 x 1.6 us = 1.6 us
TOP_K K=10 (98304,1,1,1): 1 x 9.24 us = 9.24 us
Total time: 1398.07 us.
----------------
Vulkan Timings:
CONCAT: 1 x 3.76 us = 3.76 us
CONT: 1 x 3.68 us = 3.68 us
FLASH_ATTN_EXT dst(256,24,1,1),  q(256,1,24,1),  k(256,256,4,1),  v(256,256,4,1),  m(256,1,1,1): 1 x 14.56 us = 14.56 us (432.105 GFLOPS/s)
GET_ROWS: 2 x 4.16 us = 8.32 us
GLU: 1 x 1.76 us = 1.76 us
MUL_MAT f32 m=256 n=24 k=256: 1 x 2.28 us = 2.28 us (1377.01 GFLOPS/s)
MUL_MAT f32 m=64 n=16 k=64: 1 x 3.64 us = 3.64 us (35.7275 GFLOPS/s)
MUL_MAT f32 m=64 n=96 k=64: 1 x 3.64 us = 3.64 us (214.365 GFLOPS/s)
MUL_MAT_ADD MUL_MAT_VEC q6_K m=5120 n=1 k=17408: 1 x 123.48 us = 123.48 us (1443.58 GFLOPS/s)
MUL_MAT_ADD MUL_MAT_VEC q6_K m=5120 n=1 k=6144: 1 x 55.36 us = 55.36 us (1136.37 GFLOPS/s)
MUL_MAT_VEC f32 m=256 n=4 k=256: 1 x 0.72 us = 0.72 us (726.756 GFLOPS/s)
MUL_MAT_VEC q6_K m=1024 n=1 k=5120: 2 x 9.1 us = 18.2 us (1152.17 GFLOPS/s)
MUL_MAT_VEC q6_K m=12288 n=1 k=5120: 1 x 85.48 us = 85.48 us (1471.89 GFLOPS/s)
MUL_MAT_VEC q6_K m=17408 n=1 k=5120: 2 x 121.1 us = 242.2 us (1471.85 GFLOPS/s)
MUL_MAT_VEC q6_K m=98304 n=1 k=5120: 1 x 674.27 us = 674.27 us (1492.78 GFLOPS/s)
MUL_MAT_VEC q8_0 m=5120 n=1 k=10240: 1 x 100.64 us = 100.64 us (1041.86 GFLOPS/s)
PAD: 1 x 6.24 us = 6.24 us
RMS_NORM_MUL RMS_NORM(256,24,1,1): 1 x 3.6 us = 3.6 us
RMS_NORM_MUL RMS_NORM(256,4,1,1): 1 x 3.6 us = 3.6 us
RMS_NORM_MUL RMS_NORM(5120,1,1,1): 5 x 3.736 us = 18.68 us
ROPE: 2 x 3.56 us = 7.12 us
SET_ROWS: 2 x 2.84 us = 5.68 us
SIGMOID_MUL SIGMOID: 1 x 1.68 us = 1.68 us
TOP_K K=10 (98304,1,1,1): 1 x 9.12 us = 9.12 us
Total time: 1397.71 us.
----------------
Vulkan Timings:
CONCAT: 1 x 3.72 us = 3.72 us
CONT: 1 x 3.6 us = 3.6 us
FLASH_ATTN_EXT dst(256,24,1,1),  q(256,1,24,1),  k(256,256,4,1),  v(256,256,4,1),  m(256,1,1,1): 1 x 12.88 us = 12.88 us (488.467 GFLOPS/s)
GET_ROWS: 2 x 4.2 us = 8.4 us
GLU: 1 x 1.88 us = 1.88 us
MUL_MAT f32 m=256 n=24 k=256: 1 x 1.64 us = 1.64 us (1914.38 GFLOPS/s)
MUL_MAT f32 m=64 n=16 k=64: 1 x 3.64 us = 3.64 us (35.7275 GFLOPS/s)
MUL_MAT f32 m=64 n=96 k=64: 1 x 3.56 us = 3.56 us (219.182 GFLOPS/s)
MUL_MAT_ADD MUL_MAT_VEC q6_K m=5120 n=1 k=17408: 1 x 123 us = 123 us (1449.21 GFLOPS/s)
MUL_MAT_ADD MUL_MAT_VEC q6_K m=5120 n=1 k=6144: 1 x 53.92 us = 53.92 us (1166.72 GFLOPS/s)
MUL_MAT_VEC f32 m=256 n=4 k=256: 1 x 3 us = 3 us (174.421 GFLOPS/s)
MUL_MAT_VEC q6_K m=1024 n=1 k=5120: 2 x 9.08 us = 18.16 us (1154.71 GFLOPS/s)
MUL_MAT_VEC q6_K m=12288 n=1 k=5120: 1 x 85.56 us = 85.56 us (1470.51 GFLOPS/s)
MUL_MAT_VEC q6_K m=17408 n=1 k=5120: 2 x 121.32 us = 242.64 us (1469.18 GFLOPS/s)
MUL_MAT_VEC q6_K m=98304 n=1 k=5120: 1 x 674.64 us = 674.64 us (1491.96 GFLOPS/s)
MUL_MAT_VEC q8_0 m=5120 n=1 k=10240: 1 x 101.24 us = 101.24 us (1035.68 GFLOPS/s)
PAD: 1 x 6.32 us = 6.32 us
RMS_NORM_MUL RMS_NORM(256,24,1,1): 1 x 3.64 us = 3.64 us
RMS_NORM_MUL RMS_NORM(256,4,1,1): 1 x 3.56 us = 3.56 us
RMS_NORM_MUL RMS_NORM(5120,1,1,1): 5 x 3.712 us = 18.56 us
ROPE: 2 x 3.6 us = 7.2 us
SET_ROWS: 2 x 2.62 us = 5.24 us
SIGMOID_MUL SIGMOID: 1 x 1.68 us = 1.68 us
TOP_K K=10 (98304,1,1,1): 1 x 8.56 us = 8.56 us
Total time: 1396.24 us.
----------------
Vulkan Timings:
CONCAT: 1 x 3.72 us = 3.72 us
CONT: 1 x 3.64 us = 3.64 us
FLASH_ATTN_EXT dst(256,24,1,1),  q(256,1,24,1),  k(256,256,4,1),  v(256,256,4,1),  m(256,1,1,1): 1 x 12.84 us = 12.84 us (489.989 GFLOPS/s)
GET_ROWS: 2 x 4.3 us = 8.6 us
GLU: 1 x 1.76 us = 1.76 us
MUL_MAT f32 m=256 n=24 k=256: 1 x 1.64 us = 1.64 us (1914.38 GFLOPS/s)
MUL_MAT f32 m=64 n=16 k=64: 1 x 3.64 us = 3.64 us (35.7275 GFLOPS/s)
MUL_MAT f32 m=64 n=96 k=64: 1 x 3.6 us = 3.6 us (216.747 GFLOPS/s)
MUL_MAT_ADD MUL_MAT_VEC q6_K m=5120 n=1 k=17408: 1 x 123.32 us = 123.32 us (1445.45 GFLOPS/s)
MUL_MAT_ADD MUL_MAT_VEC q6_K m=5120 n=1 k=6144: 1 x 53.88 us = 53.88 us (1167.58 GFLOPS/s)
MUL_MAT_VEC f32 m=256 n=4 k=256: 1 x 3 us = 3 us (174.421 GFLOPS/s)
MUL_MAT_VEC q6_K m=1024 n=1 k=5120: 2 x 9.02 us = 18.04 us (1162.39 GFLOPS/s)
MUL_MAT_VEC q6_K m=12288 n=1 k=5120: 1 x 85.28 us = 85.28 us (1475.34 GFLOPS/s)
MUL_MAT_VEC q6_K m=17408 n=1 k=5120: 2 x 121.36 us = 242.72 us (1468.69 GFLOPS/s)
MUL_MAT_VEC q6_K m=98304 n=1 k=5120: 1 x 673.38 us = 673.38 us (1494.75 GFLOPS/s)
MUL_MAT_VEC q8_0 m=5120 n=1 k=10240: 1 x 101.6 us = 101.6 us (1032.01 GFLOPS/s)
PAD: 1 x 6.32 us = 6.32 us
RMS_NORM_MUL RMS_NORM(256,24,1,1): 1 x 3.64 us = 3.64 us
RMS_NORM_MUL RMS_NORM(256,4,1,1): 1 x 3.56 us = 3.56 us
RMS_NORM_MUL RMS_NORM(5120,1,1,1): 5 x 3.76 us = 18.8 us
ROPE: 2 x 3.56 us = 7.12 us
SET_ROWS: 2 x 2.68 us = 5.36 us
SIGMOID_MUL SIGMOID: 1 x 1.72 us = 1.72 us
TOP_K K=10 (98304,1,1,1): 1 x 8.88 us = 8.88 us
Total time: 1396.06 us.
----------------
Vulkan Timings:
ADD: 48 x 3.813 us = 183.04 us
CONCAT: 48 x 2.515 us = 120.72 us
CONT: 16 x 3.88 us = 62.08 us
CPY: 240 x 2.278 us = 546.8 us
FLASH_ATTN_EXT dst(256,24,5,1),  q(256,5,24,1),  k(256,256,4,1),  v(256,256,4,1),  m(256,5,1,1): 16 x 21.33 us = 341.28 us (1474.79 GFLOPS/s)
GDN_CACHE GATED_DELTA_NET: 48 x 13.88 us = 666.24 us
GET_ROWS: 50 x 26.994 us = 1349.72 us
GLU: 64 x 1.845 us = 118.08 us
MUL_MAT f32 m=256 n=120 k=256: 16 x 1.832 us = 29.32 us (8566.4 GFLOPS/s)
MUL_MAT f32 m=256 n=20 k=256: 16 x 3.17 us = 50.72 us (825.338 GFLOPS/s)
MUL_MAT f32 m=64 n=480 k=64: 16 x 3.662 us = 58.6 us (1065.24 GFLOPS/s)
MUL_MAT f32 m=64 n=80 k=64: 16 x 3.242 us = 51.88 us (200.537 GFLOPS/s)
MUL_MAT_ADD MUL_MAT_VEC q6_K m=5120 n=5 k=17408: 64 x 136.651 us = 8745.68 us (6522.18 GFLOPS/s)
MUL_MAT_ADD MUL_MAT_VEC q6_K m=5120 n=5 k=6144: 16 x 55.972 us = 895.56 us (5619.67 GFLOPS/s)
MUL_MAT_VEC f32 m=48 n=5 k=5120: 96 x 3.472 us = 333.36 us (707.663 GFLOPS/s)
MUL_MAT_VEC q6_K m=1024 n=5 k=5120: 32 x 9.386 us = 300.36 us (5585.16 GFLOPS/s)
MUL_MAT_VEC q6_K m=10240 n=5 k=5120: 48 x 81.384 us = 3906.44 us (6441.51 GFLOPS/s)
MUL_MAT_VEC q6_K m=12288 n=5 k=5120: 16 x 105.292 us = 1684.68 us (5974.63 GFLOPS/s)
MUL_MAT_VEC q6_K m=17408 n=5 k=5120: 128 x 142.282 us = 18212.1 us (6263.63 GFLOPS/s)
MUL_MAT_VEC q6_K m=248320 n=5 k=5120: 1 x 1755 us = 1755 us (7243.73 GFLOPS/s)
MUL_MAT_VEC q6_K m=6144 n=5 k=5120: 48 x 54.045 us = 2594.16 us (5820 GFLOPS/s)
MUL_MAT_VEC q8_0 m=5120 n=5 k=6144: 48 x 63.219 us = 3034.52 us (4975.5 GFLOPS/s)
RMS_NORM_MUL RMS_NORM(256,24,5,1): 16 x 3.772 us = 60.36 us
RMS_NORM_MUL RMS_NORM(256,4,5,1): 16 x 4.567 us = 73.08 us
RMS_NORM_MUL RMS_NORM(5120,5,1,1): 129 x 2.707 us = 349.32 us
RMS_NORM_MUL_SILU_MUL RMS_NORM(128,48,5,1): 48 x 5.755 us = 276.28 us
RMS_NORM_SCALE RMS_NORM(128,16,5,1): 96 x 2.66 us = 255.36 us
ROPE: 32 x 3.912 us = 125.2 us
SET_ROWS: 32 x 2.982 us = 95.44 us
SIGMOID_MUL SIGMOID: 16 x 1.705 us = 27.28 us
SSM_CONV_SILU SSM_CONV: 48 x 5.611 us = 269.36 us
Total time: 46572 us.
----------------
Vulkan Timings:
CONCAT: 1 x 2 us = 2 us
CONT: 1 x 3.84 us = 3.84 us
FLASH_ATTN_EXT dst(256,24,5,1),  q(256,5,24,1),  k(256,256,4,1),  v(256,256,4,1),  m(256,5,1,1): 1 x 21.48 us = 21.48 us (1464.49 GFLOPS/s)
GLU: 1 x 1.6 us = 1.6 us
MUL_MAT f32 m=256 n=120 k=256: 1 x 1.76 us = 1.76 us (8919.27 GFLOPS/s)
MUL_MAT f32 m=256 n=20 k=256: 1 x 3.2 us = 3.2 us (817.6 GFLOPS/s)
MUL_MAT f32 m=64 n=480 k=64: 1 x 3.84 us = 3.84 us (1016 GFLOPS/s)
MUL_MAT f32 m=64 n=80 k=64: 1 x 3.76 us = 3.76 us (172.936 GFLOPS/s)
MUL_MAT_ADD MUL_MAT_VEC q6_K m=5120 n=5 k=17408: 1 x 157.76 us = 157.76 us (5649.49 GFLOPS/s)
MUL_MAT_ADD MUL_MAT_VEC q6_K m=5120 n=5 k=6144: 1 x 61.64 us = 61.64 us (5102.97 GFLOPS/s)
MUL_MAT_VEC q6_K m=1024 n=5 k=5120: 2 x 11.34 us = 22.68 us (4622.9 GFLOPS/s)
MUL_MAT_VEC q6_K m=12288 n=5 k=5120: 1 x 121.42 us = 121.42 us (5181.06 GFLOPS/s)
MUL_MAT_VEC q6_K m=17408 n=5 k=5120: 2 x 134.52 us = 269.04 us (6625.06 GFLOPS/s)
MUL_MAT_VEC q8_0 m=5120 n=5 k=10240: 1 x 105.48 us = 105.48 us (4970.25 GFLOPS/s)
RMS_NORM_MUL RMS_NORM(256,24,5,1): 1 x 3.92 us = 3.92 us
RMS_NORM_MUL RMS_NORM(256,4,5,1): 1 x 3.76 us = 3.76 us
RMS_NORM_MUL RMS_NORM(5120,5,1,1): 5 x 8.322 us = 41.61 us
ROPE: 2 x 3.82 us = 7.64 us
SET_ROWS: 2 x 2.74 us = 5.48 us
SIGMOID_MUL SIGMOID: 1 x 1.84 us = 1.84 us
Total time: 843.75 us.
----------------
Vulkan Timings:
CONCAT: 1 x 3.72 us = 3.72 us
CONT: 1 x 3.6 us = 3.6 us
FLASH_ATTN_EXT dst(256,24,1,1),  q(256,1,24,1),  k(256,256,4,1),  v(256,256,4,1),  m(256,1,1,1): 1 x 12.6 us = 12.6 us (499.322 GFLOPS/s)
GET_ROWS: 2 x 4.32 us = 8.64 us
GLU: 1 x 1.6 us = 1.6 us
MUL_MAT f32 m=256 n=24 k=256: 1 x 1.56 us = 1.56 us (2012.55 GFLOPS/s)
MUL_MAT f32 m=64 n=16 k=64: 1 x 1.84 us = 1.84 us (70.6783 GFLOPS/s)
MUL_MAT f32 m=64 n=96 k=64: 1 x 3.24 us = 3.24 us (240.83 GFLOPS/s)
MUL_MAT_ADD MUL_MAT_VEC q6_K m=5120 n=1 k=17408: 1 x 129.84 us = 129.84 us (1372.87 GFLOPS/s)
MUL_MAT_ADD MUL_MAT_VEC q6_K m=5120 n=1 k=6144: 1 x 53.88 us = 53.88 us (1167.58 GFLOPS/s)
MUL_MAT_VEC f32 m=256 n=4 k=256: 1 x 3.08 us = 3.08 us (169.891 GFLOPS/s)
MUL_MAT_VEC q6_K m=1024 n=1 k=5120: 2 x 9.32 us = 18.64 us (1124.97 GFLOPS/s)
MUL_MAT_VEC q6_K m=12288 n=1 k=5120: 1 x 90.4 us = 90.4 us (1391.78 GFLOPS/s)
MUL_MAT_VEC q6_K m=17408 n=1 k=5120: 2 x 118.02 us = 236.04 us (1510.26 GFLOPS/s)
MUL_MAT_VEC q6_K m=98304 n=1 k=5120: 1 x 672 us = 672 us (1497.82 GFLOPS/s)
MUL_MAT_VEC q8_0 m=5120 n=1 k=10240: 1 x 93.68 us = 93.68 us (1119.26 GFLOPS/s)
PAD: 1 x 6.32 us = 6.32 us
RMS_NORM_MUL RMS_NORM(256,24,1,1): 1 x 3.24 us = 3.24 us
RMS_NORM_MUL RMS_NORM(256,4,1,1): 1 x 4.88 us = 4.88 us
RMS_NORM_MUL RMS_NORM(5120,1,1,1): 5 x 3.968 us = 19.84 us
ROPE: 2 x 3.36 us = 6.72 us
SET_ROWS: 2 x 2.64 us = 5.28 us
SIGMOID_MUL SIGMOID: 1 x 1.56 us = 1.56 us
TOP_K K=10 (98304,1,1,1): 1 x 9.04 us = 9.04 us
Total time: 1391.24 us.
----------------
Vulkan Timings:
CONCAT: 1 x 3.72 us = 3.72 us
CONT: 1 x 3.64 us = 3.64 us
FLASH_ATTN_EXT dst(256,24,1,1),  q(256,1,24,1),  k(256,256,4,1),  v(256,256,4,1),  m(256,1,1,1): 1 x 12.88 us = 12.88 us (488.467 GFLOPS/s)
GET_ROWS: 2 x 4.2 us = 8.4 us
GLU: 1 x 1.8 us = 1.8 us
MUL_MAT f32 m=256 n=24 k=256: 1 x 1.64 us = 1.64 us (1914.38 GFLOPS/s)
MUL_MAT f32 m=64 n=16 k=64: 1 x 3.64 us = 3.64 us (35.7275 GFLOPS/s)
MUL_MAT f32 m=64 n=96 k=64: 1 x 3.6 us = 3.6 us (216.747 GFLOPS/s)
MUL_MAT_ADD MUL_MAT_VEC q6_K m=5120 n=1 k=17408: 1 x 123.6 us = 123.6 us (1442.17 GFLOPS/s)
MUL_MAT_ADD MUL_MAT_VEC q6_K m=5120 n=1 k=6144: 1 x 53.64 us = 53.64 us (1172.81 GFLOPS/s)
MUL_MAT_VEC f32 m=256 n=4 k=256: 1 x 3.04 us = 3.04 us (172.126 GFLOPS/s)
MUL_MAT_VEC q6_K m=1024 n=1 k=5120: 2 x 9.06 us = 18.12 us (1157.26 GFLOPS/s)
MUL_MAT_VEC q6_K m=12288 n=1 k=5120: 1 x 85.68 us = 85.68 us (1468.45 GFLOPS/s)
MUL_MAT_VEC q6_K m=17408 n=1 k=5120: 2 x 121.18 us = 242.36 us (1470.87 GFLOPS/s)
MUL_MAT_VEC q6_K m=98304 n=1 k=5120: 1 x 672.57 us = 672.57 us (1496.55 GFLOPS/s)
MUL_MAT_VEC q8_0 m=5120 n=1 k=10240: 1 x 101.32 us = 101.32 us (1034.86 GFLOPS/s)
PAD: 1 x 6.32 us = 6.32 us
RMS_NORM_MUL RMS_NORM(256,24,1,1): 1 x 3.64 us = 3.64 us
RMS_NORM_MUL RMS_NORM(256,4,1,1): 1 x 3.6 us = 3.6 us
RMS_NORM_MUL RMS_NORM(5120,1,1,1): 5 x 3.704 us = 18.52 us
ROPE: 2 x 3.62 us = 7.24 us
SET_ROWS: 2 x 2.62 us = 5.24 us
SIGMOID_MUL SIGMOID: 1 x 1.64 us = 1.64 us
TOP_K K=10 (98304,1,1,1): 1 x 8.92 us = 8.92 us
Total time: 1394.77 us.
----------------
Vulkan Timings:
CONCAT: 1 x 3.76 us = 3.76 us
CONT: 1 x 3.68 us = 3.68 us
FLASH_ATTN_EXT dst(256,24,1,1),  q(256,1,24,1),  k(256,256,4,1),  v(256,256,4,1),  m(256,1,1,1): 1 x 12.92 us = 12.92 us (486.955 GFLOPS/s)
GET_ROWS: 2 x 4.2 us = 8.4 us
GLU: 1 x 1.8 us = 1.8 us
MUL_MAT f32 m=256 n=24 k=256: 1 x 1.68 us = 1.68 us (1868.8 GFLOPS/s)
MUL_MAT f32 m=64 n=16 k=64: 1 x 3.64 us = 3.64 us (35.7275 GFLOPS/s)
MUL_MAT f32 m=64 n=96 k=64: 1 x 3.64 us = 3.64 us (214.365 GFLOPS/s)
MUL_MAT_ADD MUL_MAT_VEC q6_K m=5120 n=1 k=17408: 1 x 123.28 us = 123.28 us (1445.92 GFLOPS/s)
MUL_MAT_ADD MUL_MAT_VEC q6_K m=5120 n=1 k=6144: 1 x 54.76 us = 54.76 us (1148.82 GFLOPS/s)
MUL_MAT_VEC f32 m=256 n=4 k=256: 1 x 3 us = 3 us (174.421 GFLOPS/s)
MUL_MAT_VEC q6_K m=1024 n=1 k=5120: 2 x 9.14 us = 18.28 us (1147.13 GFLOPS/s)
MUL_MAT_VEC q6_K m=12288 n=1 k=5120: 1 x 85.88 us = 85.88 us (1465.03 GFLOPS/s)
MUL_MAT_VEC q6_K m=17408 n=1 k=5120: 2 x 121.24 us = 242.48 us (1470.15 GFLOPS/s)
MUL_MAT_VEC q6_K m=98304 n=1 k=5120: 1 x 675.92 us = 675.92 us (1489.13 GFLOPS/s)
MUL_MAT_VEC q8_0 m=5120 n=1 k=10240: 1 x 101.6 us = 101.6 us (1032.01 GFLOPS/s)
PAD: 1 x 6.28 us = 6.28 us
RMS_NORM_MUL RMS_NORM(256,24,1,1): 1 x 3.64 us = 3.64 us
RMS_NORM_MUL RMS_NORM(256,4,1,1): 1 x 3.6 us = 3.6 us
RMS_NORM_MUL RMS_NORM(5120,1,1,1): 5 x 3.736 us = 18.68 us
ROPE: 2 x 3.58 us = 7.16 us
SET_ROWS: 2 x 2.64 us = 5.28 us
SIGMOID_MUL SIGMOID: 1 x 1.72 us = 1.72 us
TOP_K K=10 (98304,1,1,1): 1 x 9.08 us = 9.08 us
Total time: 1400.16 us.
----------------
Vulkan Timings:
CONCAT: 1 x 3.8 us = 3.8 us
CONT: 1 x 3.64 us = 3.64 us
FLASH_ATTN_EXT dst(256,24,1,1),  q(256,1,24,1),  k(256,256,4,1),  v(256,256,4,1),  m(256,1,1,1): 1 x 12.72 us = 12.72 us (494.611 GFLOPS/s)
GET_ROWS: 2 x 4.4 us = 8.8 us
GLU: 1 x 1.88 us = 1.88 us
MUL_MAT f32 m=256 n=24 k=256: 1 x 1.64 us = 1.64 us (1914.38 GFLOPS/s)
MUL_MAT f32 m=64 n=16 k=64: 1 x 3.6 us = 3.6 us (36.1244 GFLOPS/s)
MUL_MAT f32 m=64 n=96 k=64: 1 x 3.56 us = 3.56 us (219.182 GFLOPS/s)
MUL_MAT_ADD MUL_MAT_VEC q6_K m=5120 n=1 k=17408: 1 x 123.32 us = 123.32 us (1445.45 GFLOPS/s)
MUL_MAT_ADD MUL_MAT_VEC q6_K m=5120 n=1 k=6144: 1 x 50.76 us = 50.76 us (1239.35 GFLOPS/s)
MUL_MAT_VEC f32 m=256 n=4 k=256: 1 x 3.04 us = 3.04 us (172.126 GFLOPS/s)
MUL_MAT_VEC q6_K m=1024 n=1 k=5120: 2 x 9.06 us = 18.12 us (1157.26 GFLOPS/s)
MUL_MAT_VEC q6_K m=12288 n=1 k=5120: 1 x 85.64 us = 85.64 us (1469.14 GFLOPS/s)
MUL_MAT_VEC q6_K m=17408 n=1 k=5120: 2 x 121.12 us = 242.24 us (1471.6 GFLOPS/s)
MUL_MAT_VEC q6_K m=98304 n=1 k=5120: 1 x 675.04 us = 675.04 us (1491.07 GFLOPS/s)
MUL_MAT_VEC q8_0 m=5120 n=1 k=10240: 1 x 100.88 us = 100.88 us (1039.38 GFLOPS/s)
PAD: 1 x 6.28 us = 6.28 us
RMS_NORM_MUL RMS_NORM(256,24,1,1): 1 x 3.6 us = 3.6 us
RMS_NORM_MUL RMS_NORM(256,4,1,1): 1 x 3.6 us = 3.6 us
RMS_NORM_MUL RMS_NORM(5120,1,1,1): 5 x 4.312 us = 21.56 us
ROPE: 2 x 3.58 us = 7.16 us
SET_ROWS: 2 x 2.66 us = 5.32 us
SIGMOID_MUL SIGMOID: 1 x 1.68 us = 1.68 us
TOP_K K=10 (98304,1,1,1): 1 x 8.96 us = 8.96 us
Total time: 1396.84 us.
----------------
Vulkan Timings:
ADD: 48 x 3.834 us = 184.04 us
CONCAT: 48 x 2.52 us = 121 us
CONT: 16 x 3.895 us = 62.32 us
CPY: 240 x 2.224 us = 533.8 us
FLASH_ATTN_EXT dst(256,24,5,1),  q(256,5,24,1),  k(256,256,4,1),  v(256,256,4,1),  m(256,5,1,1): 16 x 21.255 us = 340.08 us (1479.99 GFLOPS/s)
GDN_CACHE GATED_DELTA_NET: 48 x 13.812 us = 663 us
GET_ROWS: 50 x 27.328 us = 1366.44 us
GLU: 64 x 1.872 us = 119.84 us
MUL_MAT f32 m=256 n=120 k=256: 16 x 1.84 us = 29.44 us (8531.48 GFLOPS/s)
MUL_MAT f32 m=256 n=20 k=256: 16 x 3.182 us = 50.92 us (822.096 GFLOPS/s)
MUL_MAT f32 m=64 n=480 k=64: 16 x 3.682 us = 58.92 us (1059.45 GFLOPS/s)
MUL_MAT f32 m=64 n=80 k=64: 16 x 3.247 us = 51.96 us (200.228 GFLOPS/s)
MUL_MAT_ADD MUL_MAT_VEC q6_K m=5120 n=5 k=17408: 64 x 136.846 us = 8758.16 us (6512.89 GFLOPS/s)
MUL_MAT_ADD MUL_MAT_VEC q6_K m=5120 n=5 k=6144: 16 x 55.975 us = 895.6 us (5619.42 GFLOPS/s)
MUL_MAT_VEC f32 m=48 n=5 k=5120: 96 x 3.513 us = 337.28 us (699.438 GFLOPS/s)
MUL_MAT_VEC q6_K m=1024 n=5 k=5120: 32 x 9.761 us = 312.36 us (5370.59 GFLOPS/s)
MUL_MAT_VEC q6_K m=10240 n=5 k=5120: 48 x 81.724 us = 3922.76 us (6414.71 GFLOPS/s)
MUL_MAT_VEC q6_K m=12288 n=5 k=5120: 16 x 104.2 us = 1667.2 us (6037.28 GFLOPS/s)
MUL_MAT_VEC q6_K m=17408 n=5 k=5120: 128 x 142.622 us = 18255.7 us (6248.67 GFLOPS/s)
MUL_MAT_VEC q6_K m=248320 n=5 k=5120: 1 x 1762.44 us = 1762.44 us (7213.15 GFLOPS/s)
MUL_MAT_VEC q6_K m=6144 n=5 k=5120: 48 x 54.165 us = 2599.96 us (5807.02 GFLOPS/s)
MUL_MAT_VEC q8_0 m=5120 n=5 k=6144: 48 x 63.33 us = 3039.84 us (4966.8 GFLOPS/s)
RMS_NORM_MUL RMS_NORM(256,24,5,1): 16 x 3.907 us = 62.52 us
RMS_NORM_MUL RMS_NORM(256,4,5,1): 16 x 4.572 us = 73.16 us
RMS_NORM_MUL RMS_NORM(5120,5,1,1): 129 x 2.701 us = 348.48 us
RMS_NORM_MUL_SILU_MUL RMS_NORM(128,48,5,1): 48 x 5.779 us = 277.4 us
RMS_NORM_SCALE RMS_NORM(128,16,5,1): 96 x 2.719 us = 261.08 us
ROPE: 32 x 3.923 us = 125.56 us
SET_ROWS: 32 x 3.046 us = 97.48 us
SIGMOID_MUL SIGMOID: 16 x 1.7 us = 27.2 us
SSM_CONV_SILU SSM_CONV: 48 x 5.854 us = 281 us
Total time: 46687 us.
----------------
Vulkan Timings:
CONCAT: 1 x 2.04 us = 2.04 us
CONT: 1 x 3.88 us = 3.88 us
FLASH_ATTN_EXT dst(256,24,5,1),  q(256,5,24,1),  k(256,256,4,1),  v(256,256,4,1),  m(256,5,1,1): 1 x 21.88 us = 21.88 us (1437.72 GFLOPS/s)
GLU: 1 x 1.56 us = 1.56 us
MUL_MAT f32 m=256 n=120 k=256: 1 x 1.8 us = 1.8 us (8721.07 GFLOPS/s)
MUL_MAT f32 m=256 n=20 k=256: 1 x 3.28 us = 3.28 us (797.659 GFLOPS/s)
MUL_MAT f32 m=64 n=480 k=64: 1 x 3.92 us = 3.92 us (995.265 GFLOPS/s)
MUL_MAT f32 m=64 n=80 k=64: 1 x 3.88 us = 3.88 us (167.588 GFLOPS/s)
MUL_MAT_ADD MUL_MAT_VEC q6_K m=5120 n=5 k=17408: 1 x 157.52 us = 157.52 us (5658.1 GFLOPS/s)
MUL_MAT_ADD MUL_MAT_VEC q6_K m=5120 n=5 k=6144: 1 x 61.84 us = 61.84 us (5086.47 GFLOPS/s)
MUL_MAT_VEC q6_K m=1024 n=5 k=5120: 2 x 11.58 us = 23.16 us (4527.09 GFLOPS/s)
MUL_MAT_VEC q6_K m=12288 n=5 k=5120: 1 x 118.08 us = 118.08 us (5327.61 GFLOPS/s)
MUL_MAT_VEC q6_K m=17408 n=5 k=5120: 2 x 134.9 us = 269.8 us (6606.39 GFLOPS/s)
MUL_MAT_VEC q8_0 m=5120 n=5 k=10240: 1 x 106.64 us = 106.64 us (4916.19 GFLOPS/s)
RMS_NORM_MUL RMS_NORM(256,24,5,1): 1 x 4.04 us = 4.04 us
RMS_NORM_MUL RMS_NORM(256,4,5,1): 1 x 3.92 us = 3.92 us
RMS_NORM_MUL RMS_NORM(5120,5,1,1): 5 x 8.118 us = 40.59 us
ROPE: 2 x 3.9 us = 7.8 us
SET_ROWS: 2 x 2.78 us = 5.56 us
SIGMOID_MUL SIGMOID: 1 x 1.84 us = 1.84 us
Total time: 843.03 us.
----------------
Vulkan Timings:
CONCAT: 1 x 3.72 us = 3.72 us
CONT: 1 x 3.6 us = 3.6 us
FLASH_ATTN_EXT dst(256,24,1,1),  q(256,1,24,1),  k(256,256,4,1),  v(256,256,4,1),  m(256,1,1,1): 1 x 12.64 us = 12.64 us (497.742 GFLOPS/s)
GET_ROWS: 2 x 4.26 us = 8.52 us
GLU: 1 x 1.68 us = 1.68 us
MUL_MAT f32 m=256 n=24 k=256: 1 x 1.6 us = 1.6 us (1962.24 GFLOPS/s)
MUL_MAT f32 m=64 n=16 k=64: 1 x 1.88 us = 1.88 us (69.1745 GFLOPS/s)
MUL_MAT f32 m=64 n=96 k=64: 1 x 3.28 us = 3.28 us (237.893 GFLOPS/s)
MUL_MAT_ADD MUL_MAT_VEC q6_K m=5120 n=1 k=17408: 1 x 130.36 us = 130.36 us (1367.39 GFLOPS/s)
MUL_MAT_ADD MUL_MAT_VEC q6_K m=5120 n=1 k=6144: 1 x 54.44 us = 54.44 us (1155.57 GFLOPS/s)
MUL_MAT_VEC f32 m=256 n=4 k=256: 1 x 3.12 us = 3.12 us (167.713 GFLOPS/s)
MUL_MAT_VEC q6_K m=1024 n=1 k=5120: 2 x 9.48 us = 18.96 us (1105.98 GFLOPS/s)
MUL_MAT_VEC q6_K m=12288 n=1 k=5120: 1 x 90.68 us = 90.68 us (1387.48 GFLOPS/s)
MUL_MAT_VEC q6_K m=17408 n=1 k=5120: 2 x 118.06 us = 236.12 us (1509.75 GFLOPS/s)
MUL_MAT_VEC q6_K m=98304 n=1 k=5120: 1 x 674.98 us = 674.98 us (1491.21 GFLOPS/s)
MUL_MAT_VEC q8_0 m=5120 n=1 k=10240: 1 x 92.68 us = 92.68 us (1131.34 GFLOPS/s)
PAD: 1 x 6.4 us = 6.4 us
RMS_NORM_MUL RMS_NORM(256,24,1,1): 1 x 3.28 us = 3.28 us
RMS_NORM_MUL RMS_NORM(256,4,1,1): 1 x 5 us = 5 us
RMS_NORM_MUL RMS_NORM(5120,1,1,1): 5 x 4.056 us = 20.28 us
ROPE: 2 x 3.44 us = 6.88 us
SET_ROWS: 2 x 2.66 us = 5.32 us
SIGMOID_MUL SIGMOID: 1 x 1.56 us = 1.56 us
TOP_K K=10 (98304,1,1,1): 1 x 9.36 us = 9.36 us
Total time: 1396.34 us.
----------------
Vulkan Timings:
CONCAT: 1 x 3.76 us = 3.76 us
CONT: 1 x 3.68 us = 3.68 us
FLASH_ATTN_EXT dst(256,24,1,1),  q(256,1,24,1),  k(256,256,4,1),  v(256,256,4,1),  m(256,1,1,1): 1 x 12.88 us = 12.88 us (488.467 GFLOPS/s)
GET_ROWS: 2 x 4.4 us = 8.8 us
GLU: 1 x 1.8 us = 1.8 us
MUL_MAT f32 m=256 n=24 k=256: 1 x 1.64 us = 1.64 us (1914.38 GFLOPS/s)
MUL_MAT f32 m=64 n=16 k=64: 1 x 3.64 us = 3.64 us (35.7275 GFLOPS/s)
MUL_MAT f32 m=64 n=96 k=64: 1 x 3.64 us = 3.64 us (214.365 GFLOPS/s)
MUL_MAT_ADD MUL_MAT_VEC q6_K m=5120 n=1 k=17408: 1 x 123.36 us = 123.36 us (1444.98 GFLOPS/s)
MUL_MAT_ADD MUL_MAT_VEC q6_K m=5120 n=1 k=6144: 1 x 53.92 us = 53.92 us (1166.72 GFLOPS/s)
MUL_MAT_VEC f32 m=256 n=4 k=256: 1 x 3.04 us = 3.04 us (172.126 GFLOPS/s)
MUL_MAT_VEC q6_K m=1024 n=1 k=5120: 2 x 9.28 us = 18.56 us (1129.82 GFLOPS/s)
MUL_MAT_VEC q6_K m=12288 n=1 k=5120: 1 x 85.76 us = 85.76 us (1467.08 GFLOPS/s)
MUL_MAT_VEC q6_K m=17408 n=1 k=5120: 2 x 121.36 us = 242.72 us (1468.69 GFLOPS/s)
MUL_MAT_VEC q6_K m=98304 n=1 k=5120: 1 x 671.55 us = 671.55 us (1498.82 GFLOPS/s)
MUL_MAT_VEC q8_0 m=5120 n=1 k=10240: 1 x 101.4 us = 101.4 us (1034.05 GFLOPS/s)
PAD: 1 x 6.32 us = 6.32 us
RMS_NORM_MUL RMS_NORM(256,24,1,1): 1 x 3.6 us = 3.6 us
RMS_NORM_MUL RMS_NORM(256,4,1,1): 1 x 3.6 us = 3.6 us
RMS_NORM_MUL RMS_NORM(5120,1,1,1): 5 x 3.744 us = 18.72 us
ROPE: 2 x 3.58 us = 7.16 us
SET_ROWS: 2 x 2.62 us = 5.24 us
SIGMOID_MUL SIGMOID: 1 x 1.68 us = 1.68 us
TOP_K K=10 (98304,1,1,1): 1 x 9.04 us = 9.04 us
Total time: 1395.51 us.
----------------
Vulkan Timings:
CONCAT: 1 x 3.76 us = 3.76 us
CONT: 1 x 3.6 us = 3.6 us
FLASH_ATTN_EXT dst(256,24,1,1),  q(256,1,24,1),  k(256,256,4,1),  v(256,256,4,1),  m(256,1,1,1): 1 x 13 us = 13 us (483.958 GFLOPS/s)
GET_ROWS: 2 x 4.16 us = 8.32 us
GLU: 1 x 1.88 us = 1.88 us
MUL_MAT f32 m=256 n=24 k=256: 1 x 1.72 us = 1.72 us (1825.34 GFLOPS/s)
MUL_MAT f32 m=64 n=16 k=64: 1 x 3.6 us = 3.6 us (36.1244 GFLOPS/s)
MUL_MAT f32 m=64 n=96 k=64: 1 x 3.6 us = 3.6 us (216.747 GFLOPS/s)
MUL_MAT_ADD MUL_MAT_VEC q6_K m=5120 n=1 k=17408: 1 x 124 us = 124 us (1437.52 GFLOPS/s)
MUL_MAT_ADD MUL_MAT_VEC q6_K m=5120 n=1 k=6144: 1 x 53.6 us = 53.6 us (1173.68 GFLOPS/s)
MUL_MAT_VEC f32 m=256 n=4 k=256: 1 x 3 us = 3 us (174.421 GFLOPS/s)
MUL_MAT_VEC q6_K m=1024 n=1 k=5120: 2 x 9.14 us = 18.28 us (1147.13 GFLOPS/s)
MUL_MAT_VEC q6_K m=12288 n=1 k=5120: 1 x 85.4 us = 85.4 us (1473.27 GFLOPS/s)
MUL_MAT_VEC q6_K m=17408 n=1 k=5120: 2 x 121.22 us = 242.44 us (1470.39 GFLOPS/s)
MUL_MAT_VEC q6_K m=98304 n=1 k=5120: 1 x 671.18 us = 671.18 us (1499.65 GFLOPS/s)
MUL_MAT_VEC q8_0 m=5120 n=1 k=10240: 1 x 101.64 us = 101.64 us (1031.61 GFLOPS/s)
PAD: 1 x 6.32 us = 6.32 us
RMS_NORM_MUL RMS_NORM(256,24,1,1): 1 x 3.56 us = 3.56 us
RMS_NORM_MUL RMS_NORM(256,4,1,1): 1 x 3.64 us = 3.64 us
RMS_NORM_MUL RMS_NORM(5120,1,1,1): 5 x 3.704 us = 18.52 us
ROPE: 2 x 3.56 us = 7.12 us
SET_ROWS: 2 x 2.64 us = 5.28 us
SIGMOID_MUL SIGMOID: 1 x 1.68 us = 1.68 us
TOP_K K=10 (98304,1,1,1): 1 x 9.12 us = 9.12 us
Total time: 1394.26 us.
----------------
Vulkan Timings:
CONCAT: 1 x 3.76 us = 3.76 us
CONT: 1 x 3.6 us = 3.6 us
FLASH_ATTN_EXT dst(256,24,1,1),  q(256,1,24,1),  k(256,256,4,1),  v(256,256,4,1),  m(256,1,1,1): 1 x 14.52 us = 14.52 us (433.296 GFLOPS/s)
GET_ROWS: 2 x 4.3 us = 8.6 us
GLU: 1 x 1.72 us = 1.72 us
MUL_MAT f32 m=256 n=24 k=256: 1 x 2.2 us = 2.2 us (1427.08 GFLOPS/s)
MUL_MAT f32 m=64 n=16 k=64: 1 x 3.6 us = 3.6 us (36.1244 GFLOPS/s)
MUL_MAT f32 m=64 n=96 k=64: 1 x 3.6 us = 3.6 us (216.747 GFLOPS/s)
MUL_MAT_ADD MUL_MAT_VEC q6_K m=5120 n=1 k=17408: 1 x 124.28 us = 124.28 us (1434.28 GFLOPS/s)
MUL_MAT_ADD MUL_MAT_VEC q6_K m=5120 n=1 k=6144: 1 x 53.48 us = 53.48 us (1176.32 GFLOPS/s)
MUL_MAT_VEC f32 m=256 n=4 k=256: 1 x 0.76 us = 0.76 us (688.505 GFLOPS/s)
MUL_MAT_VEC q6_K m=1024 n=1 k=5120: 2 x 9.2 us = 18.4 us (1139.65 GFLOPS/s)
MUL_MAT_VEC q6_K m=12288 n=1 k=5120: 1 x 85.48 us = 85.48 us (1471.89 GFLOPS/s)
MUL_MAT_VEC q6_K m=17408 n=1 k=5120: 2 x 121.22 us = 242.44 us (1470.39 GFLOPS/s)
MUL_MAT_VEC q6_K m=98304 n=1 k=5120: 1 x 669.81 us = 669.81 us (1502.72 GFLOPS/s)
MUL_MAT_VEC q8_0 m=5120 n=1 k=10240: 1 x 101.2 us = 101.2 us (1036.09 GFLOPS/s)
PAD: 1 x 6.36 us = 6.36 us
RMS_NORM_MUL RMS_NORM(256,24,1,1): 1 x 3.6 us = 3.6 us
RMS_NORM_MUL RMS_NORM(256,4,1,1): 1 x 3.6 us = 3.6 us
RMS_NORM_MUL RMS_NORM(5120,1,1,1): 5 x 3.776 us = 18.88 us
ROPE: 2 x 3.58 us = 7.16 us
SET_ROWS: 2 x 2.8 us = 5.6 us
SIGMOID_MUL SIGMOID: 1 x 1.64 us = 1.64 us
TOP_K K=10 (98304,1,1,1): 1 x 8.84 us = 8.84 us
Total time: 1393.13 us.
----------------
Vulkan Timings:
ADD: 48 x 3.823 us = 183.52 us
CONCAT: 48 x 2.515 us = 120.76 us
CONT: 16 x 3.875 us = 62 us
CPY: 240 x 2.249 us = 539.76 us
FLASH_ATTN_EXT dst(256,24,5,1),  q(256,5,24,1),  k(256,256,4,1),  v(256,256,4,1),  m(256,5,1,1): 16 x 21.245 us = 339.92 us (1480.69 GFLOPS/s)
GDN_CACHE GATED_DELTA_NET: 48 x 13.887 us = 666.6 us
GET_ROWS: 50 x 27.23 us = 1361.52 us
GLU: 64 x 1.856 us = 118.8 us
MUL_MAT f32 m=256 n=120 k=256: 16 x 1.827 us = 29.24 us (8589.83 GFLOPS/s)
MUL_MAT f32 m=256 n=20 k=256: 16 x 3.167 us = 50.68 us (825.989 GFLOPS/s)
MUL_MAT f32 m=64 n=480 k=64: 16 x 3.67 us = 58.72 us (1063.06 GFLOPS/s)
MUL_MAT f32 m=64 n=80 k=64: 16 x 3.24 us = 51.84 us (200.691 GFLOPS/s)
MUL_MAT_ADD MUL_MAT_VEC q6_K m=5120 n=5 k=17408: 64 x 136.951 us = 8764.92 us (6507.86 GFLOPS/s)
MUL_MAT_ADD MUL_MAT_VEC q6_K m=5120 n=5 k=6144: 16 x 55.837 us = 893.4 us (5633.26 GFLOPS/s)
MUL_MAT_VEC f32 m=48 n=5 k=5120: 96 x 3.509 us = 336.88 us (700.269 GFLOPS/s)
MUL_MAT_VEC q6_K m=1024 n=5 k=5120: 32 x 9.741 us = 311.72 us (5381.62 GFLOPS/s)
MUL_MAT_VEC q6_K m=10240 n=5 k=5120: 48 x 81.415 us = 3907.92 us (6439.07 GFLOPS/s)
MUL_MAT_VEC q6_K m=12288 n=5 k=5120: 16 x 103.96 us = 1663.36 us (6051.21 GFLOPS/s)
MUL_MAT_VEC q6_K m=17408 n=5 k=5120: 128 x 142.695 us = 18265 us (6245.49 GFLOPS/s)
MUL_MAT_VEC q6_K m=248320 n=5 k=5120: 1 x 1756.36 us = 1756.36 us (7238.12 GFLOPS/s)
MUL_MAT_VEC q6_K m=6144 n=5 k=5120: 48 x 54.239 us = 2603.48 us (5799.17 GFLOPS/s)
MUL_MAT_VEC q8_0 m=5120 n=5 k=6144: 48 x 63.243 us = 3035.68 us (4973.6 GFLOPS/s)
RMS_NORM_MUL RMS_NORM(256,24,5,1): 16 x 4.02 us = 64.32 us
RMS_NORM_MUL RMS_NORM(256,4,5,1): 16 x 4.565 us = 73.04 us
RMS_NORM_MUL RMS_NORM(5120,5,1,1): 129 x 2.71 us = 349.68 us
RMS_NORM_MUL_SILU_MUL RMS_NORM(128,48,5,1): 48 x 5.77 us = 277 us
RMS_NORM_SCALE RMS_NORM(128,16,5,1): 96 x 2.668 us = 256.16 us
ROPE: 32 x 3.902 us = 124.88 us
SET_ROWS: 32 x 3.025 us = 96.8 us
SIGMOID_MUL SIGMOID: 16 x 1.732 us = 27.72 us
SSM_CONV_SILU SSM_CONV: 48 x 5.74 us = 275.56 us
Total time: 46667.2 us.
----------------
Vulkan Timings:
CONCAT: 1 x 4.2 us = 4.2 us
CONT: 1 x 3.92 us = 3.92 us
FLASH_ATTN_EXT dst(256,24,5,1),  q(256,5,24,1),  k(256,256,4,1),  v(256,256,4,1),  m(256,5,1,1): 1 x 21.88 us = 21.88 us (1437.72 GFLOPS/s)
GLU: 1 x 1.6 us = 1.6 us
MUL_MAT f32 m=256 n=120 k=256: 1 x 1.8 us = 1.8 us (8721.07 GFLOPS/s)
MUL_MAT f32 m=256 n=20 k=256: 1 x 3.24 us = 3.24 us (807.506 GFLOPS/s)
MUL_MAT f32 m=64 n=480 k=64: 1 x 3.88 us = 3.88 us (1005.53 GFLOPS/s)
MUL_MAT f32 m=64 n=80 k=64: 1 x 3.84 us = 3.84 us (169.333 GFLOPS/s)
MUL_MAT_ADD MUL_MAT_VEC q6_K m=5120 n=5 k=17408: 1 x 156.09 us = 156.09 us (5709.94 GFLOPS/s)
MUL_MAT_ADD MUL_MAT_VEC q6_K m=5120 n=5 k=6144: 1 x 62.04 us = 62.04 us (5070.07 GFLOPS/s)
MUL_MAT_VEC q6_K m=1024 n=5 k=5120: 2 x 11.44 us = 22.88 us (4582.49 GFLOPS/s)
MUL_MAT_VEC q6_K m=12288 n=5 k=5120: 1 x 117.31 us = 117.31 us (5362.58 GFLOPS/s)
MUL_MAT_VEC q6_K m=17408 n=5 k=5120: 2 x 134.6 us = 269.2 us (6621.12 GFLOPS/s)
MUL_MAT_VEC q8_0 m=5120 n=5 k=10240: 1 x 106.96 us = 106.96 us (4901.48 GFLOPS/s)
RMS_NORM_MUL RMS_NORM(256,24,5,1): 1 x 4 us = 4 us
RMS_NORM_MUL RMS_NORM(256,4,5,1): 1 x 3.84 us = 3.84 us
RMS_NORM_MUL RMS_NORM(5120,5,1,1): 5 x 7.588 us = 37.94 us
ROPE: 2 x 3.88 us = 7.76 us
SET_ROWS: 2 x 2.78 us = 5.56 us
SIGMOID_MUL SIGMOID: 1 x 1.88 us = 1.88 us
Total time: 839.82 us.
----------------
Vulkan Timings:
CONCAT: 1 x 4.04 us = 4.04 us
CONT: 1 x 3.6 us = 3.6 us
FLASH_ATTN_EXT dst(256,24,1,1),  q(256,1,24,1),  k(256,256,4,1),  v(256,256,4,1),  m(256,1,1,1): 1 x 12.68 us = 12.68 us (496.172 GFLOPS/s)
GET_ROWS: 2 x 4.22 us = 8.44 us
GLU: 1 x 1.68 us = 1.68 us
MUL_MAT f32 m=256 n=24 k=256: 1 x 1.52 us = 1.52 us (2065.52 GFLOPS/s)
MUL_MAT f32 m=64 n=16 k=64: 1 x 1.84 us = 1.84 us (70.6783 GFLOPS/s)
MUL_MAT f32 m=64 n=96 k=64: 1 x 3.32 us = 3.32 us (235.027 GFLOPS/s)
MUL_MAT_ADD MUL_MAT_VEC q6_K m=5120 n=1 k=17408: 1 x 130.76 us = 130.76 us (1363.21 GFLOPS/s)
MUL_MAT_ADD MUL_MAT_VEC q6_K m=5120 n=1 k=6144: 1 x 53.8 us = 53.8 us (1169.32 GFLOPS/s)
MUL_MAT_VEC f32 m=256 n=4 k=256: 1 x 3.16 us = 3.16 us (165.59 GFLOPS/s)
MUL_MAT_VEC q6_K m=1024 n=1 k=5120: 2 x 9.28 us = 18.56 us (1129.82 GFLOPS/s)
MUL_MAT_VEC q6_K m=12288 n=1 k=5120: 1 x 90.52 us = 90.52 us (1389.93 GFLOPS/s)
MUL_MAT_VEC q6_K m=17408 n=1 k=5120: 2 x 117.9 us = 235.8 us (1511.79 GFLOPS/s)
MUL_MAT_VEC q6_K m=98304 n=1 k=5120: 1 x 669.5 us = 669.5 us (1503.41 GFLOPS/s)
MUL_MAT_VEC q8_0 m=5120 n=1 k=10240: 1 x 91.48 us = 91.48 us (1146.18 GFLOPS/s)
PAD: 1 x 6.44 us = 6.44 us
RMS_NORM_MUL RMS_NORM(256,24,1,1): 1 x 3.32 us = 3.32 us
RMS_NORM_MUL RMS_NORM(256,4,1,1): 1 x 5 us = 5 us
RMS_NORM_MUL RMS_NORM(5120,1,1,1): 5 x 4.536 us = 22.68 us
ROPE: 2 x 3.38 us = 6.76 us
SET_ROWS: 2 x 2.66 us = 5.32 us
SIGMOID_MUL SIGMOID: 1 x 1.64 us = 1.64 us
TOP_K K=10 (98304,1,1,1): 1 x 9.2 us = 9.2 us
Total time: 1391.06 us.
----------------
Vulkan Timings:
CONCAT: 1 x 3.76 us = 3.76 us
CONT: 1 x 3.6 us = 3.6 us
FLASH_ATTN_EXT dst(256,24,1,1),  q(256,1,24,1),  k(256,256,4,1),  v(256,256,4,1),  m(256,1,1,1): 1 x 12.76 us = 12.76 us (493.061 GFLOPS/s)
GET_ROWS: 2 x 4.4 us = 8.8 us
GLU: 1 x 1.8 us = 1.8 us
MUL_MAT f32 m=256 n=24 k=256: 1 x 1.64 us = 1.64 us (1914.38 GFLOPS/s)
MUL_MAT f32 m=64 n=16 k=64: 1 x 3.6 us = 3.6 us (36.1244 GFLOPS/s)
MUL_MAT f32 m=64 n=96 k=64: 1 x 3.56 us = 3.56 us (219.182 GFLOPS/s)
MUL_MAT_ADD MUL_MAT_VEC q6_K m=5120 n=1 k=17408: 1 x 124.84 us = 124.84 us (1427.85 GFLOPS/s)
MUL_MAT_ADD MUL_MAT_VEC q6_K m=5120 n=1 k=6144: 1 x 54.16 us = 54.16 us (1161.55 GFLOPS/s)
MUL_MAT_VEC f32 m=256 n=4 k=256: 1 x 3.04 us = 3.04 us (172.126 GFLOPS/s)
MUL_MAT_VEC q6_K m=1024 n=1 k=5120: 2 x 9.22 us = 18.44 us (1137.17 GFLOPS/s)
MUL_MAT_VEC q6_K m=12288 n=1 k=5120: 1 x 85.64 us = 85.64 us (1469.14 GFLOPS/s)
MUL_MAT_VEC q6_K m=17408 n=1 k=5120: 2 x 121.44 us = 242.88 us (1467.72 GFLOPS/s)
MUL_MAT_VEC q6_K m=98304 n=1 k=5120: 1 x 670.77 us = 670.77 us (1500.57 GFLOPS/s)
MUL_MAT_VEC q8_0 m=5120 n=1 k=10240: 1 x 100.8 us = 100.8 us (1040.2 GFLOPS/s)
PAD: 1 x 6.36 us = 6.36 us
RMS_NORM_MUL RMS_NORM(256,24,1,1): 1 x 3.6 us = 3.6 us
RMS_NORM_MUL RMS_NORM(256,4,1,1): 1 x 3.6 us = 3.6 us
RMS_NORM_MUL RMS_NORM(5120,1,1,1): 5 x 3.76 us = 18.8 us
ROPE: 2 x 3.56 us = 7.12 us
SET_ROWS: 2 x 2.64 us = 5.28 us
SIGMOID_MUL SIGMOID: 1 x 1.64 us = 1.64 us
TOP_K K=10 (98304,1,1,1): 1 x 8.84 us = 8.84 us
Total time: 1395.33 us.
----------------
Vulkan Timings:
CONCAT: 1 x 3.72 us = 3.72 us
CONT: 1 x 3.6 us = 3.6 us
FLASH_ATTN_EXT dst(256,24,1,1),  q(256,1,24,1),  k(256,256,4,1),  v(256,256,4,1),  m(256,1,1,1): 1 x 12.88 us = 12.88 us (488.467 GFLOPS/s)
GET_ROWS: 2 x 4.32 us = 8.64 us
GLU: 1 x 1.8 us = 1.8 us
MUL_MAT f32 m=256 n=24 k=256: 1 x 1.64 us = 1.64 us (1914.38 GFLOPS/s)
MUL_MAT f32 m=64 n=16 k=64: 1 x 3.6 us = 3.6 us (36.1244 GFLOPS/s)
MUL_MAT f32 m=64 n=96 k=64: 1 x 3.6 us = 3.6 us (216.747 GFLOPS/s)
MUL_MAT_ADD MUL_MAT_VEC q6_K m=5120 n=1 k=17408: 1 x 124.04 us = 124.04 us (1437.06 GFLOPS/s)
MUL_MAT_ADD MUL_MAT_VEC q6_K m=5120 n=1 k=6144: 1 x 54.08 us = 54.08 us (1163.27 GFLOPS/s)
MUL_MAT_VEC f32 m=256 n=4 k=256: 1 x 3 us = 3 us (174.421 GFLOPS/s)
MUL_MAT_VEC q6_K m=1024 n=1 k=5120: 2 x 9.04 us = 18.08 us (1159.82 GFLOPS/s)
MUL_MAT_VEC q6_K m=12288 n=1 k=5120: 1 x 85.44 us = 85.44 us (1472.58 GFLOPS/s)
MUL_MAT_VEC q6_K m=17408 n=1 k=5120: 2 x 121.36 us = 242.72 us (1468.69 GFLOPS/s)
MUL_MAT_VEC q6_K m=98304 n=1 k=5120: 1 x 670.26 us = 670.26 us (1501.71 GFLOPS/s)
MUL_MAT_VEC q8_0 m=5120 n=1 k=10240: 1 x 100.96 us = 100.96 us (1038.55 GFLOPS/s)
PAD: 1 x 6.32 us = 6.32 us
RMS_NORM_MUL RMS_NORM(256,24,1,1): 1 x 3.64 us = 3.64 us
RMS_NORM_MUL RMS_NORM(256,4,1,1): 1 x 3.64 us = 3.64 us
RMS_NORM_MUL RMS_NORM(5120,1,1,1): 5 x 3.696 us = 18.48 us
ROPE: 2 x 3.58 us = 7.16 us
SET_ROWS: 2 x 2.64 us = 5.28 us
SIGMOID_MUL SIGMOID: 1 x 1.68 us = 1.68 us
TOP_K K=10 (98304,1,1,1): 1 x 8.84 us = 8.84 us
Total time: 1393.1 us.
----------------
Vulkan Timings:
CONCAT: 1 x 3.76 us = 3.76 us
CONT: 1 x 3.64 us = 3.64 us
FLASH_ATTN_EXT dst(256,24,1,1),  q(256,1,24,1),  k(256,256,4,1),  v(256,256,4,1),  m(256,1,1,1): 1 x 13.04 us = 13.04 us (482.474 GFLOPS/s)
GET_ROWS: 2 x 4.3 us = 8.6 us
GLU: 1 x 1.96 us = 1.96 us
MUL_MAT f32 m=256 n=24 k=256: 1 x 1.6 us = 1.6 us (1962.24 GFLOPS/s)
MUL_MAT f32 m=64 n=16 k=64: 1 x 3.6 us = 3.6 us (36.1244 GFLOPS/s)
MUL_MAT f32 m=64 n=96 k=64: 1 x 3.64 us = 3.64 us (214.365 GFLOPS/s)
MUL_MAT_ADD MUL_MAT_VEC q6_K m=5120 n=1 k=17408: 1 x 123.6 us = 123.6 us (1442.17 GFLOPS/s)
MUL_MAT_ADD MUL_MAT_VEC q6_K m=5120 n=1 k=6144: 1 x 53.88 us = 53.88 us (1167.58 GFLOPS/s)
MUL_MAT_VEC f32 m=256 n=4 k=256: 1 x 3.04 us = 3.04 us (172.126 GFLOPS/s)
MUL_MAT_VEC q6_K m=1024 n=1 k=5120: 2 x 9.18 us = 18.36 us (1142.13 GFLOPS/s)
MUL_MAT_VEC q6_K m=12288 n=1 k=5120: 1 x 85.48 us = 85.48 us (1471.89 GFLOPS/s)
MUL_MAT_VEC q6_K m=17408 n=1 k=5120: 2 x 121.8 us = 243.6 us (1463.39 GFLOPS/s)
MUL_MAT_VEC q6_K m=98304 n=1 k=5120: 1 x 671.57 us = 671.57 us (1498.78 GFLOPS/s)
MUL_MAT_VEC q8_0 m=5120 n=1 k=10240: 1 x 101.16 us = 101.16 us (1036.5 GFLOPS/s)
PAD: 1 x 6.12 us = 6.12 us
RMS_NORM_MUL RMS_NORM(256,24,1,1): 1 x 3.64 us = 3.64 us
RMS_NORM_MUL RMS_NORM(256,4,1,1): 1 x 3.6 us = 3.6 us
RMS_NORM_MUL RMS_NORM(5120,1,1,1): 5 x 3.784 us = 18.92 us
ROPE: 2 x 3.58 us = 7.16 us
SET_ROWS: 2 x 2.68 us = 5.36 us
SIGMOID_MUL SIGMOID: 1 x 1.72 us = 1.72 us
TOP_K K=10 (98304,1,1,1): 1 x 8.96 us = 8.96 us
Total time: 1396.01 us.
----------------
Vulkan Timings:
ADD: 48 x 3.833 us = 184 us
CONCAT: 48 x 2.473 us = 118.72 us
CONT: 16 x 3.9 us = 62.4 us
CPY: 240 x 2.263 us = 543.2 us
FLASH_ATTN_EXT dst(256,24,5,1),  q(256,5,24,1),  k(256,256,4,1),  v(256,256,4,1),  m(256,5,1,1): 16 x 21.402 us = 342.44 us (1469.79 GFLOPS/s)
GDN_CACHE GATED_DELTA_NET: 48 x 13.925 us = 668.4 us
GET_ROWS: 50 x 27.124 us = 1356.2 us
GLU: 64 x 1.866 us = 119.44 us
MUL_MAT f32 m=256 n=120 k=256: 16 x 1.835 us = 29.36 us (8554.72 GFLOPS/s)
MUL_MAT f32 m=256 n=20 k=256: 16 x 3.18 us = 50.88 us (822.742 GFLOPS/s)
MUL_MAT f32 m=64 n=480 k=64: 16 x 3.692 us = 59.08 us (1056.58 GFLOPS/s)
MUL_MAT f32 m=64 n=80 k=64: 16 x 3.23 us = 51.68 us (201.313 GFLOPS/s)
MUL_MAT_ADD MUL_MAT_VEC q6_K m=5120 n=5 k=17408: 64 x 136.745 us = 8751.72 us (6517.68 GFLOPS/s)
MUL_MAT_ADD MUL_MAT_VEC q6_K m=5120 n=5 k=6144: 16 x 56.015 us = 896.24 us (5615.41 GFLOPS/s)
MUL_MAT_VEC f32 m=48 n=5 k=5120: 96 x 3.447 us = 330.92 us (712.881 GFLOPS/s)
MUL_MAT_VEC q6_K m=1024 n=5 k=5120: 32 x 9.796 us = 313.48 us (5351.4 GFLOPS/s)
MUL_MAT_VEC q6_K m=10240 n=5 k=5120: 48 x 81.68 us = 3920.68 us (6418.11 GFLOPS/s)
MUL_MAT_VEC q6_K m=12288 n=5 k=5120: 16 x 103.925 us = 1662.8 us (6053.25 GFLOPS/s)
MUL_MAT_VEC q6_K m=17408 n=5 k=5120: 128 x 142.631 us = 18256.8 us (6248.28 GFLOPS/s)
MUL_MAT_VEC q6_K m=248320 n=5 k=5120: 1 x 1756.56 us = 1756.56 us (7237.29 GFLOPS/s)
MUL_MAT_VEC q6_K m=6144 n=5 k=5120: 48 x 54.08 us = 2595.84 us (5816.24 GFLOPS/s)
MUL_MAT_VEC q8_0 m=5120 n=5 k=6144: 48 x 63.29 us = 3037.92 us (4969.94 GFLOPS/s)
RMS_NORM_MUL RMS_NORM(256,24,5,1): 16 x 4.022 us = 64.36 us
RMS_NORM_MUL RMS_NORM(256,4,5,1): 16 x 4.57 us = 73.12 us
RMS_NORM_MUL RMS_NORM(5120,5,1,1): 129 x 2.716 us = 350.4 us
RMS_NORM_MUL_SILU_MUL RMS_NORM(128,48,5,1): 48 x 5.781 us = 277.52 us
RMS_NORM_SCALE RMS_NORM(128,16,5,1): 96 x 2.718 us = 260.96 us
ROPE: 32 x 3.913 us = 125.24 us
SET_ROWS: 32 x 2.988 us = 95.64 us
SIGMOID_MUL SIGMOID: 16 x 1.727 us = 27.64 us
SSM_CONV_SILU SSM_CONV: 48 x 5.789 us = 277.88 us
Total time: 46661.6 us.
----------------
Vulkan Timings:
CONCAT: 1 x 2.08 us = 2.08 us
CONT: 1 x 3.84 us = 3.84 us
FLASH_ATTN_EXT dst(256,24,5,1),  q(256,5,24,1),  k(256,256,4,1),  v(256,256,4,1),  m(256,5,1,1): 1 x 21.48 us = 21.48 us (1464.49 GFLOPS/s)
GLU: 1 x 1.6 us = 1.6 us
MUL_MAT f32 m=256 n=120 k=256: 1 x 1.8 us = 1.8 us (8721.07 GFLOPS/s)
MUL_MAT f32 m=256 n=20 k=256: 1 x 3.2 us = 3.2 us (817.6 GFLOPS/s)
MUL_MAT f32 m=64 n=480 k=64: 1 x 3.8 us = 3.8 us (1026.69 GFLOPS/s)
MUL_MAT f32 m=64 n=80 k=64: 1 x 3.8 us = 3.8 us (171.116 GFLOPS/s)
MUL_MAT_ADD MUL_MAT_VEC q6_K m=5120 n=5 k=17408: 1 x 179.68 us = 179.68 us (4960.28 GFLOPS/s)
MUL_MAT_ADD MUL_MAT_VEC q6_K m=5120 n=5 k=6144: 1 x 61.52 us = 61.52 us (5112.93 GFLOPS/s)
MUL_MAT_VEC q6_K m=1024 n=5 k=5120: 2 x 11.5 us = 23 us (4558.58 GFLOPS/s)
MUL_MAT_VEC q6_K m=12288 n=5 k=5120: 1 x 114.36 us = 114.36 us (5500.91 GFLOPS/s)
MUL_MAT_VEC q6_K m=17408 n=5 k=5120: 2 x 134.26 us = 268.52 us (6637.89 GFLOPS/s)
MUL_MAT_VEC q8_0 m=5120 n=5 k=10240: 1 x 106.52 us = 106.52 us (4921.73 GFLOPS/s)
RMS_NORM_MUL RMS_NORM(256,24,5,1): 1 x 3.92 us = 3.92 us
RMS_NORM_MUL RMS_NORM(256,4,5,1): 1 x 3.8 us = 3.8 us
RMS_NORM_MUL RMS_NORM(5120,5,1,1): 5 x 8.24 us = 41.2 us
ROPE: 2 x 3.82 us = 7.64 us
SET_ROWS: 2 x 2.74 us = 5.48 us
SIGMOID_MUL SIGMOID: 1 x 1.84 us = 1.84 us
Total time: 859.08 us.
----------------
Vulkan Timings:
CONCAT: 1 x 3.68 us = 3.68 us
CONT: 1 x 3.56 us = 3.56 us
FLASH_ATTN_EXT dst(256,24,1,1),  q(256,1,24,1),  k(256,256,4,1),  v(256,256,4,1),  m(256,1,1,1): 1 x 15.44 us = 15.44 us (407.478 GFLOPS/s)
GET_ROWS: 2 x 4.18 us = 8.36 us
GLU: 1 x 1.68 us = 1.68 us
MUL_MAT f32 m=256 n=24 k=256: 1 x 1.56 us = 1.56 us (2012.55 GFLOPS/s)
MUL_MAT f32 m=64 n=16 k=64: 1 x 1.8 us = 1.8 us (72.2489 GFLOPS/s)
MUL_MAT f32 m=64 n=96 k=64: 1 x 3.24 us = 3.24 us (240.83 GFLOPS/s)
MUL_MAT_ADD MUL_MAT_VEC q6_K m=5120 n=1 k=17408: 1 x 130.08 us = 130.08 us (1370.33 GFLOPS/s)
MUL_MAT_ADD MUL_MAT_VEC q6_K m=5120 n=1 k=6144: 1 x 54.04 us = 54.04 us (1164.13 GFLOPS/s)
MUL_MAT_VEC f32 m=256 n=4 k=256: 1 x 3.08 us = 3.08 us (169.891 GFLOPS/s)
MUL_MAT_VEC q6_K m=1024 n=1 k=5120: 2 x 9.42 us = 18.84 us (1113.03 GFLOPS/s)
MUL_MAT_VEC q6_K m=12288 n=1 k=5120: 1 x 90 us = 90 us (1397.96 GFLOPS/s)
MUL_MAT_VEC q6_K m=17408 n=1 k=5120: 2 x 118.02 us = 236.04 us (1510.26 GFLOPS/s)
MUL_MAT_VEC q6_K m=98304 n=1 k=5120: 1 x 675.29 us = 675.29 us (1490.52 GFLOPS/s)
MUL_MAT_VEC q8_0 m=5120 n=1 k=10240: 1 x 92.96 us = 92.96 us (1127.93 GFLOPS/s)
PAD: 1 x 6.32 us = 6.32 us
RMS_NORM_MUL RMS_NORM(256,24,1,1): 1 x 3.24 us = 3.24 us
RMS_NORM_MUL RMS_NORM(256,4,1,1): 1 x 4.92 us = 4.92 us
RMS_NORM_MUL RMS_NORM(5120,1,1,1): 5 x 4.136 us = 20.68 us
ROPE: 2 x 3.42 us = 6.84 us
SET_ROWS: 2 x 1.82 us = 3.64 us
SIGMOID_MUL SIGMOID: 1 x 1.56 us = 1.56 us
TOP_K K=10 (98304,1,1,1): 1 x 8.92 us = 8.92 us
Total time: 1395.77 us.
----------------
Vulkan Timings:
CONCAT: 1 x 3.72 us = 3.72 us
CONT: 1 x 3.64 us = 3.64 us
FLASH_ATTN_EXT dst(256,24,1,1),  q(256,1,24,1),  k(256,256,4,1),  v(256,256,4,1),  m(256,1,1,1): 1 x 12.84 us = 12.84 us (489.989 GFLOPS/s)
GET_ROWS: 2 x 4.3 us = 8.6 us
GLU: 1 x 1.76 us = 1.76 us
MUL_MAT f32 m=256 n=24 k=256: 1 x 1.6 us = 1.6 us (1962.24 GFLOPS/s)
MUL_MAT f32 m=64 n=16 k=64: 1 x 3.6 us = 3.6 us (36.1244 GFLOPS/s)
MUL_MAT f32 m=64 n=96 k=64: 1 x 3.56 us = 3.56 us (219.182 GFLOPS/s)
MUL_MAT_ADD MUL_MAT_VEC q6_K m=5120 n=1 k=17408: 1 x 124.92 us = 124.92 us (1426.94 GFLOPS/s)
MUL_MAT_ADD MUL_MAT_VEC q6_K m=5120 n=1 k=6144: 1 x 53.96 us = 53.96 us (1165.85 GFLOPS/s)
MUL_MAT_VEC f32 m=256 n=4 k=256: 1 x 3.04 us = 3.04 us (172.126 GFLOPS/s)
MUL_MAT_VEC q6_K m=1024 n=1 k=5120: 2 x 9.16 us = 18.32 us (1144.62 GFLOPS/s)
MUL_MAT_VEC q6_K m=12288 n=1 k=5120: 1 x 85.76 us = 85.76 us (1467.08 GFLOPS/s)
MUL_MAT_VEC q6_K m=17408 n=1 k=5120: 2 x 121.3 us = 242.6 us (1469.42 GFLOPS/s)
MUL_MAT_VEC q6_K m=98304 n=1 k=5120: 1 x 672.55 us = 672.55 us (1496.59 GFLOPS/s)
MUL_MAT_VEC q8_0 m=5120 n=1 k=10240: 1 x 101.04 us = 101.04 us (1037.73 GFLOPS/s)
PAD: 1 x 6.36 us = 6.36 us
RMS_NORM_MUL RMS_NORM(256,24,1,1): 1 x 3.64 us = 3.64 us
RMS_NORM_MUL RMS_NORM(256,4,1,1): 1 x 3.6 us = 3.6 us
RMS_NORM_MUL RMS_NORM(5120,1,1,1): 5 x 3.76 us = 18.8 us
ROPE: 2 x 3.6 us = 7.2 us
SET_ROWS: 2 x 2.62 us = 5.24 us
SIGMOID_MUL SIGMOID: 1 x 1.68 us = 1.68 us
TOP_K K=10 (98304,1,1,1): 1 x 8.72 us = 8.72 us
Total time: 1396.75 us.
----------------
Vulkan Timings:
CONCAT: 1 x 3.76 us = 3.76 us
CONT: 1 x 3.64 us = 3.64 us
FLASH_ATTN_EXT dst(256,24,1,1),  q(256,1,24,1),  k(256,256,4,1),  v(256,256,4,1),  m(256,1,1,1): 1 x 12.84 us = 12.84 us (489.989 GFLOPS/s)
GET_ROWS: 2 x 4.2 us = 8.4 us
GLU: 1 x 1.72 us = 1.72 us
MUL_MAT f32 m=256 n=24 k=256: 1 x 1.64 us = 1.64 us (1914.38 GFLOPS/s)
MUL_MAT f32 m=64 n=16 k=64: 1 x 3.6 us = 3.6 us (36.1244 GFLOPS/s)
MUL_MAT f32 m=64 n=96 k=64: 1 x 3.64 us = 3.64 us (214.365 GFLOPS/s)
MUL_MAT_ADD MUL_MAT_VEC q6_K m=5120 n=1 k=17408: 1 x 123.44 us = 123.44 us (1444.04 GFLOPS/s)
MUL_MAT_ADD MUL_MAT_VEC q6_K m=5120 n=1 k=6144: 1 x 53.76 us = 53.76 us (1170.19 GFLOPS/s)
MUL_MAT_VEC f32 m=256 n=4 k=256: 1 x 3.04 us = 3.04 us (172.126 GFLOPS/s)
MUL_MAT_VEC q6_K m=1024 n=1 k=5120: 2 x 9.06 us = 18.12 us (1157.26 GFLOPS/s)
MUL_MAT_VEC q6_K m=12288 n=1 k=5120: 1 x 86.32 us = 86.32 us (1457.56 GFLOPS/s)
MUL_MAT_VEC q6_K m=17408 n=1 k=5120: 2 x 121.2 us = 242.4 us (1470.63 GFLOPS/s)
MUL_MAT_VEC q6_K m=98304 n=1 k=5120: 1 x 673.64 us = 673.64 us (1494.17 GFLOPS/s)
MUL_MAT_VEC q8_0 m=5120 n=1 k=10240: 1 x 100.64 us = 100.64 us (1041.86 GFLOPS/s)
PAD: 1 x 6.2 us = 6.2 us
RMS_NORM_MUL RMS_NORM(256,24,1,1): 1 x 3.6 us = 3.6 us
RMS_NORM_MUL RMS_NORM(256,4,1,1): 1 x 3.6 us = 3.6 us
RMS_NORM_MUL RMS_NORM(5120,1,1,1): 5 x 3.768 us = 18.84 us
ROPE: 2 x 3.6 us = 7.2 us
SET_ROWS: 2 x 2.68 us = 5.36 us
SIGMOID_MUL SIGMOID: 1 x 1.68 us = 1.68 us
TOP_K K=10 (98304,1,1,1): 1 x 8.84 us = 8.84 us
Total time: 1395.92 us.
----------------
Vulkan Timings:
CONCAT: 1 x 3.76 us = 3.76 us
CONT: 1 x 3.64 us = 3.64 us
FLASH_ATTN_EXT dst(256,24,1,1),  q(256,1,24,1),  k(256,256,4,1),  v(256,256,4,1),  m(256,1,1,1): 1 x 12.92 us = 12.92 us (486.955 GFLOPS/s)
GET_ROWS: 2 x 4.2 us = 8.4 us
GLU: 1 x 1.76 us = 1.76 us
MUL_MAT f32 m=256 n=24 k=256: 1 x 1.68 us = 1.68 us (1868.8 GFLOPS/s)
MUL_MAT f32 m=64 n=16 k=64: 1 x 3.68 us = 3.68 us (35.3391 GFLOPS/s)
MUL_MAT f32 m=64 n=96 k=64: 1 x 3.64 us = 3.64 us (214.365 GFLOPS/s)
MUL_MAT_ADD MUL_MAT_VEC q6_K m=5120 n=1 k=17408: 1 x 122.72 us = 122.72 us (1452.52 GFLOPS/s)
MUL_MAT_ADD MUL_MAT_VEC q6_K m=5120 n=1 k=6144: 1 x 54.44 us = 54.44 us (1155.57 GFLOPS/s)
MUL_MAT_VEC f32 m=256 n=4 k=256: 1 x 3.04 us = 3.04 us (172.126 GFLOPS/s)
MUL_MAT_VEC q6_K m=1024 n=1 k=5120: 2 x 8.34 us = 16.68 us (1257.16 GFLOPS/s)
MUL_MAT_VEC q6_K m=12288 n=1 k=5120: 1 x 85.52 us = 85.52 us (1471.2 GFLOPS/s)
MUL_MAT_VEC q6_K m=17408 n=1 k=5120: 2 x 120.88 us = 241.76 us (1474.52 GFLOPS/s)
MUL_MAT_VEC q6_K m=98304 n=1 k=5120: 1 x 673.07 us = 673.07 us (1495.44 GFLOPS/s)
MUL_MAT_VEC q8_0 m=5120 n=1 k=10240: 1 x 101.16 us = 101.16 us (1036.5 GFLOPS/s)
PAD: 1 x 6.36 us = 6.36 us
RMS_NORM_MUL RMS_NORM(256,24,1,1): 1 x 5.36 us = 5.36 us
RMS_NORM_MUL RMS_NORM(256,4,1,1): 1 x 3.64 us = 3.64 us
RMS_NORM_MUL RMS_NORM(5120,1,1,1): 5 x 3.856 us = 19.28 us
ROPE: 2 x 3.62 us = 7.24 us
SET_ROWS: 2 x 2.62 us = 5.24 us
SIGMOID_MUL SIGMOID: 1 x 1.68 us = 1.68 us
TOP_K K=10 (98304,1,1,1): 1 x 9 us = 9 us
Total time: 1395.67 us.
----------------
Vulkan Timings:
ADD: 48 x 3.825 us = 183.64 us
CONCAT: 48 x 2.479 us = 119 us
CONT: 16 x 3.895 us = 62.32 us
CPY: 240 x 2.26 us = 542.6 us
FLASH_ATTN_EXT dst(256,24,5,1),  q(256,5,24,1),  k(256,256,4,1),  v(256,256,4,1),  m(256,5,1,1): 16 x 21.56 us = 344.96 us (1459.06 GFLOPS/s)
GDN_CACHE GATED_DELTA_NET: 48 x 13.864 us = 665.48 us
GET_ROWS: 50 x 27.238 us = 1361.92 us
GLU: 64 x 1.855 us = 118.76 us
MUL_MAT f32 m=256 n=120 k=256: 16 x 1.875 us = 30 us (8372.22 GFLOPS/s)
MUL_MAT f32 m=256 n=20 k=256: 16 x 3.01 us = 48.16 us (869.209 GFLOPS/s)
MUL_MAT f32 m=64 n=480 k=64: 16 x 3.685 us = 58.96 us (1058.74 GFLOPS/s)
MUL_MAT f32 m=64 n=80 k=64: 16 x 3.257 us = 52.12 us (199.613 GFLOPS/s)
MUL_MAT_ADD MUL_MAT_VEC q6_K m=5120 n=5 k=17408: 64 x 136.914 us = 8762.52 us (6509.65 GFLOPS/s)
MUL_MAT_ADD MUL_MAT_VEC q6_K m=5120 n=5 k=6144: 16 x 55.972 us = 895.56 us (5619.67 GFLOPS/s)
MUL_MAT_VEC f32 m=48 n=5 k=5120: 96 x 3.479 us = 334.04 us (706.222 GFLOPS/s)
MUL_MAT_VEC q6_K m=1024 n=5 k=5120: 32 x 9.677 us = 309.68 us (5417.07 GFLOPS/s)
MUL_MAT_VEC q6_K m=10240 n=5 k=5120: 48 x 81.581 us = 3915.92 us (6425.91 GFLOPS/s)
MUL_MAT_VEC q6_K m=12288 n=5 k=5120: 16 x 104.445 us = 1671.12 us (6023.11 GFLOPS/s)
MUL_MAT_VEC q6_K m=17408 n=5 k=5120: 128 x 142.603 us = 18253.2 us (6249.53 GFLOPS/s)
MUL_MAT_VEC q6_K m=248320 n=5 k=5120: 1 x 1758.8 us = 1758.8 us (7228.08 GFLOPS/s)
MUL_MAT_VEC q6_K m=6144 n=5 k=5120: 48 x 54.07 us = 2595.4 us (5817.22 GFLOPS/s)
MUL_MAT_VEC q8_0 m=5120 n=5 k=6144: 48 x 63.352 us = 3040.92 us (4965.03 GFLOPS/s)
RMS_NORM_MUL RMS_NORM(256,24,5,1): 16 x 4.06 us = 64.96 us
RMS_NORM_MUL RMS_NORM(256,4,5,1): 16 x 4.577 us = 73.24 us
RMS_NORM_MUL RMS_NORM(5120,5,1,1): 129 x 2.726 us = 351.68 us
RMS_NORM_MUL_SILU_MUL RMS_NORM(128,48,5,1): 48 x 5.782 us = 277.56 us
RMS_NORM_SCALE RMS_NORM(128,16,5,1): 96 x 2.686 us = 257.88 us
ROPE: 32 x 3.913 us = 125.24 us
SET_ROWS: 32 x 3.012 us = 96.4 us
SIGMOID_MUL SIGMOID: 16 x 1.715 us = 27.44 us
SSM_CONV_SILU SSM_CONV: 48 x 5.76 us = 276.48 us
Total time: 46676 us.
----------------
Vulkan Timings:
CONCAT: 1 x 2.08 us = 2.08 us
CONT: 1 x 3.92 us = 3.92 us
FLASH_ATTN_EXT dst(256,24,5,1),  q(256,5,24,1),  k(256,256,4,1),  v(256,256,4,1),  m(256,5,1,1): 1 x 22.24 us = 22.24 us (1414.45 GFLOPS/s)
GLU: 1 x 1.6 us = 1.6 us
MUL_MAT f32 m=256 n=120 k=256: 1 x 1.8 us = 1.8 us (8721.07 GFLOPS/s)
MUL_MAT f32 m=256 n=20 k=256: 1 x 3.24 us = 3.24 us (807.506 GFLOPS/s)
MUL_MAT f32 m=64 n=480 k=64: 1 x 3.88 us = 3.88 us (1005.53 GFLOPS/s)
MUL_MAT f32 m=64 n=80 k=64: 1 x 3.88 us = 3.88 us (167.588 GFLOPS/s)
MUL_MAT_ADD MUL_MAT_VEC q6_K m=5120 n=5 k=17408: 1 x 157.16 us = 157.16 us (5671.06 GFLOPS/s)
MUL_MAT_ADD MUL_MAT_VEC q6_K m=5120 n=5 k=6144: 1 x 62.16 us = 62.16 us (5060.28 GFLOPS/s)
MUL_MAT_VEC q6_K m=1024 n=5 k=5120: 2 x 11.56 us = 23.12 us (4534.92 GFLOPS/s)
MUL_MAT_VEC q6_K m=12288 n=5 k=5120: 1 x 122.61 us = 122.61 us (5130.77 GFLOPS/s)
MUL_MAT_VEC q6_K m=17408 n=5 k=5120: 2 x 134.82 us = 269.64 us (6610.31 GFLOPS/s)
MUL_MAT_VEC q8_0 m=5120 n=5 k=10240: 1 x 107.52 us = 107.52 us (4875.95 GFLOPS/s)
RMS_NORM_MUL RMS_NORM(256,24,5,1): 1 x 4 us = 4 us
RMS_NORM_MUL RMS_NORM(256,4,5,1): 1 x 3.88 us = 3.88 us
RMS_NORM_MUL RMS_NORM(5120,5,1,1): 5 x 8.148 us = 40.74 us
ROPE: 2 x 3.88 us = 7.76 us
SET_ROWS: 2 x 2.8 us = 5.6 us
SIGMOID_MUL SIGMOID: 1 x 1.88 us = 1.88 us
Total time: 848.71 us.
----------------
Vulkan Timings:
CONCAT: 1 x 3.84 us = 3.84 us
CONT: 1 x 3.64 us = 3.64 us
FLASH_ATTN_EXT dst(256,24,1,1),  q(256,1,24,1),  k(256,256,4,1),  v(256,256,4,1),  m(256,1,1,1): 1 x 13.04 us = 13.04 us (482.474 GFLOPS/s)
GET_ROWS: 2 x 4.36 us = 8.72 us
GLU: 1 x 1.72 us = 1.72 us
MUL_MAT f32 m=256 n=24 k=256: 1 x 1.56 us = 1.56 us (2012.55 GFLOPS/s)
MUL_MAT f32 m=64 n=16 k=64: 1 x 1.92 us = 1.92 us (67.7333 GFLOPS/s)
MUL_MAT f32 m=64 n=96 k=64: 1 x 3.32 us = 3.32 us (235.027 GFLOPS/s)
MUL_MAT_ADD MUL_MAT_VEC q6_K m=5120 n=1 k=17408: 1 x 130.8 us = 130.8 us (1362.79 GFLOPS/s)
MUL_MAT_ADD MUL_MAT_VEC q6_K m=5120 n=1 k=6144: 1 x 54.24 us = 54.24 us (1159.83 GFLOPS/s)
MUL_MAT_VEC f32 m=256 n=4 k=256: 1 x 3.12 us = 3.12 us (167.713 GFLOPS/s)
MUL_MAT_VEC q6_K m=1024 n=1 k=5120: 2 x 9.4 us = 18.8 us (1115.4 GFLOPS/s)
MUL_MAT_VEC q6_K m=12288 n=1 k=5120: 1 x 90.36 us = 90.36 us (1392.4 GFLOPS/s)
MUL_MAT_VEC q6_K m=17408 n=1 k=5120: 2 x 118.24 us = 236.48 us (1507.45 GFLOPS/s)
MUL_MAT_VEC q6_K m=98304 n=1 k=5120: 1 x 673.29 us = 673.29 us (1494.95 GFLOPS/s)
MUL_MAT_VEC q8_0 m=5120 n=1 k=10240: 1 x 92.04 us = 92.04 us (1139.21 GFLOPS/s)
PAD: 1 x 6.44 us = 6.44 us
RMS_NORM_MUL RMS_NORM(256,24,1,1): 1 x 3.32 us = 3.32 us
RMS_NORM_MUL RMS_NORM(256,4,1,1): 1 x 5.04 us = 5.04 us
RMS_NORM_MUL RMS_NORM(5120,1,1,1): 5 x 4.52 us = 22.6 us
ROPE: 2 x 3.48 us = 6.96 us
SET_ROWS: 2 x 2.66 us = 5.32 us
SIGMOID_MUL SIGMOID: 1 x 1.6 us = 1.6 us
TOP_K K=10 (98304,1,1,1): 1 x 9.04 us = 9.04 us
Total time: 1397.21 us.
----------------
Vulkan Timings:
CONCAT: 1 x 3.76 us = 3.76 us
CONT: 1 x 3.68 us = 3.68 us
FLASH_ATTN_EXT dst(256,24,1,1),  q(256,1,24,1),  k(256,256,4,1),  v(256,256,4,1),  m(256,1,1,1): 1 x 12.96 us = 12.96 us (485.452 GFLOPS/s)
GET_ROWS: 2 x 4.14 us = 8.28 us
GLU: 1 x 1.84 us = 1.84 us
MUL_MAT f32 m=256 n=24 k=256: 1 x 1.6 us = 1.6 us (1962.24 GFLOPS/s)
MUL_MAT f32 m=64 n=16 k=64: 1 x 3.6 us = 3.6 us (36.1244 GFLOPS/s)
MUL_MAT f32 m=64 n=96 k=64: 1 x 3.64 us = 3.64 us (214.365 GFLOPS/s)
MUL_MAT_ADD MUL_MAT_VEC q6_K m=5120 n=1 k=17408: 1 x 122.8 us = 122.8 us (1451.57 GFLOPS/s)
MUL_MAT_ADD MUL_MAT_VEC q6_K m=5120 n=1 k=6144: 1 x 55.44 us = 55.44 us (1134.73 GFLOPS/s)
MUL_MAT_VEC f32 m=256 n=4 k=256: 1 x 3.04 us = 3.04 us (172.126 GFLOPS/s)
MUL_MAT_VEC q6_K m=1024 n=1 k=5120: 2 x 9.16 us = 18.32 us (1144.62 GFLOPS/s)
MUL_MAT_VEC q6_K m=12288 n=1 k=5120: 1 x 85.96 us = 85.96 us (1463.67 GFLOPS/s)
MUL_MAT_VEC q6_K m=17408 n=1 k=5120: 2 x 121.06 us = 242.12 us (1472.33 GFLOPS/s)
MUL_MAT_VEC q6_K m=98304 n=1 k=5120: 1 x 674.66 us = 674.66 us (1491.91 GFLOPS/s)
MUL_MAT_VEC q8_0 m=5120 n=1 k=10240: 1 x 101.04 us = 101.04 us (1037.73 GFLOPS/s)
PAD: 1 x 6.28 us = 6.28 us
RMS_NORM_MUL RMS_NORM(256,24,1,1): 1 x 3.6 us = 3.6 us
RMS_NORM_MUL RMS_NORM(256,4,1,1): 1 x 3.6 us = 3.6 us
RMS_NORM_MUL RMS_NORM(5120,1,1,1): 5 x 3.744 us = 18.72 us
ROPE: 2 x 3.6 us = 7.2 us
SET_ROWS: 2 x 2.68 us = 5.36 us
SIGMOID_MUL SIGMOID: 1 x 1.72 us = 1.72 us
TOP_K K=10 (98304,1,1,1): 1 x 9 us = 9 us
Total time: 1398.22 us.
----------------
Vulkan Timings:
CONCAT: 1 x 3.76 us = 3.76 us
CONT: 1 x 3.6 us = 3.6 us
FLASH_ATTN_EXT dst(256,24,1,1),  q(256,1,24,1),  k(256,256,4,1),  v(256,256,4,1),  m(256,1,1,1): 1 x 12.88 us = 12.88 us (488.467 GFLOPS/s)
GET_ROWS: 2 x 4.3 us = 8.6 us
GLU: 1 x 1.88 us = 1.88 us
MUL_MAT f32 m=256 n=24 k=256: 1 x 1.64 us = 1.64 us (1914.38 GFLOPS/s)
MUL_MAT f32 m=64 n=16 k=64: 1 x 3.6 us = 3.6 us (36.1244 GFLOPS/s)
MUL_MAT f32 m=64 n=96 k=64: 1 x 3.6 us = 3.6 us (216.747 GFLOPS/s)
MUL_MAT_ADD MUL_MAT_VEC q6_K m=5120 n=1 k=17408: 1 x 123.84 us = 123.84 us (1439.38 GFLOPS/s)
MUL_MAT_ADD MUL_MAT_VEC q6_K m=5120 n=1 k=6144: 1 x 54.2 us = 54.2 us (1160.69 GFLOPS/s)
MUL_MAT_VEC f32 m=256 n=4 k=256: 1 x 3 us = 3 us (174.421 GFLOPS/s)
MUL_MAT_VEC q6_K m=1024 n=1 k=5120: 2 x 9.16 us = 18.32 us (1144.62 GFLOPS/s)
MUL_MAT_VEC q6_K m=12288 n=1 k=5120: 1 x 85.6 us = 85.6 us (1469.82 GFLOPS/s)
MUL_MAT_VEC q6_K m=17408 n=1 k=5120: 2 x 121.48 us = 242.96 us (1467.24 GFLOPS/s)
MUL_MAT_VEC q6_K m=98304 n=1 k=5120: 1 x 672.65 us = 672.65 us (1496.37 GFLOPS/s)
MUL_MAT_VEC q8_0 m=5120 n=1 k=10240: 1 x 103.08 us = 103.08 us (1017.2 GFLOPS/s)
PAD: 1 x 6.28 us = 6.28 us
RMS_NORM_MUL RMS_NORM(256,24,1,1): 1 x 3.64 us = 3.64 us
RMS_NORM_MUL RMS_NORM(256,4,1,1): 1 x 3.6 us = 3.6 us
RMS_NORM_MUL RMS_NORM(5120,1,1,1): 5 x 3.712 us = 18.56 us
ROPE: 2 x 3.58 us = 7.16 us
SET_ROWS: 2 x 2.62 us = 5.24 us
SIGMOID_MUL SIGMOID: 1 x 1.64 us = 1.64 us
TOP_K K=10 (98304,1,1,1): 1 x 8.8 us = 8.8 us
Total time: 1398.13 us.
----------------
Vulkan Timings:
CONCAT: 1 x 3.68 us = 3.68 us
CONT: 1 x 3.6 us = 3.6 us
FLASH_ATTN_EXT dst(256,24,1,1),  q(256,1,24,1),  k(256,256,4,1),  v(256,256,4,1),  m(256,1,1,1): 1 x 12.84 us = 12.84 us (489.989 GFLOPS/s)
GET_ROWS: 2 x 4.16 us = 8.32 us
GLU: 1 x 1.72 us = 1.72 us
MUL_MAT f32 m=256 n=24 k=256: 1 x 1.64 us = 1.64 us (1914.38 GFLOPS/s)
MUL_MAT f32 m=64 n=16 k=64: 1 x 3.64 us = 3.64 us (35.7275 GFLOPS/s)
MUL_MAT f32 m=64 n=96 k=64: 1 x 3.64 us = 3.64 us (214.365 GFLOPS/s)
MUL_MAT_ADD MUL_MAT_VEC q6_K m=5120 n=1 k=17408: 1 x 122.96 us = 122.96 us (1449.68 GFLOPS/s)
MUL_MAT_ADD MUL_MAT_VEC q6_K m=5120 n=1 k=6144: 1 x 53.92 us = 53.92 us (1166.72 GFLOPS/s)
MUL_MAT_VEC f32 m=256 n=4 k=256: 1 x 3.04 us = 3.04 us (172.126 GFLOPS/s)
MUL_MAT_VEC q6_K m=1024 n=1 k=5120: 2 x 9.08 us = 18.16 us (1154.71 GFLOPS/s)
MUL_MAT_VEC q6_K m=12288 n=1 k=5120: 1 x 85.64 us = 85.64 us (1469.14 GFLOPS/s)
MUL_MAT_VEC q6_K m=17408 n=1 k=5120: 2 x 121.02 us = 242.04 us (1472.82 GFLOPS/s)
MUL_MAT_VEC q6_K m=98304 n=1 k=5120: 1 x 673.4 us = 673.4 us (1494.71 GFLOPS/s)
MUL_MAT_VEC q8_0 m=5120 n=1 k=10240: 1 x 101.88 us = 101.88 us (1029.18 GFLOPS/s)
PAD: 1 x 6.44 us = 6.44 us
RMS_NORM_MUL RMS_NORM(256,24,1,1): 1 x 3.64 us = 3.64 us
RMS_NORM_MUL RMS_NORM(256,4,1,1): 1 x 3.6 us = 3.6 us
RMS_NORM_MUL RMS_NORM(5120,1,1,1): 5 x 3.744 us = 18.72 us
ROPE: 2 x 3.56 us = 7.12 us
SET_ROWS: 2 x 2.64 us = 5.28 us
SIGMOID_MUL SIGMOID: 1 x 1.68 us = 1.68 us
TOP_K K=10 (98304,1,1,1): 1 x 8.2 us = 8.2 us
Total time: 1394.8 us.
----------------
Vulkan Timings:
ADD: 48 x 3.832 us = 183.96 us
CONCAT: 48 x 2.523 us = 121.12 us
CONT: 16 x 3.902 us = 62.44 us
CPY: 240 x 2.306 us = 553.6 us
FLASH_ATTN_EXT dst(256,24,5,1),  q(256,5,24,1),  k(256,256,4,1),  v(256,256,4,1),  m(256,5,1,1): 16 x 21.767 us = 348.28 us (1445.15 GFLOPS/s)
GDN_CACHE GATED_DELTA_NET: 48 x 13.877 us = 666.12 us
GET_ROWS: 50 x 27.319 us = 1365.96 us
GLU: 64 x 1.861 us = 119.12 us
MUL_MAT f32 m=256 n=120 k=256: 16 x 1.875 us = 30 us (8372.22 GFLOPS/s)
MUL_MAT f32 m=256 n=20 k=256: 16 x 3.042 us = 48.68 us (859.924 GFLOPS/s)
MUL_MAT f32 m=64 n=480 k=64: 16 x 3.69 us = 59.04 us (1057.3 GFLOPS/s)
MUL_MAT f32 m=64 n=80 k=64: 16 x 3.27 us = 52.32 us (198.85 GFLOPS/s)
MUL_MAT_ADD MUL_MAT_VEC q6_K m=5120 n=5 k=17408: 64 x 136.931 us = 8763.6 us (6508.84 GFLOPS/s)
MUL_MAT_ADD MUL_MAT_VEC q6_K m=5120 n=5 k=6144: 16 x 56.142 us = 898.28 us (5602.66 GFLOPS/s)
MUL_MAT_VEC f32 m=48 n=5 k=5120: 96 x 3.452 us = 331.44 us (711.762 GFLOPS/s)
MUL_MAT_VEC q6_K m=1024 n=5 k=5120: 32 x 9.631 us = 308.2 us (5443.08 GFLOPS/s)
MUL_MAT_VEC q6_K m=10240 n=5 k=5120: 48 x 81.793 us = 3926.08 us (6409.29 GFLOPS/s)
MUL_MAT_VEC q6_K m=12288 n=5 k=5120: 16 x 104.15 us = 1666.4 us (6040.17 GFLOPS/s)
MUL_MAT_VEC q6_K m=17408 n=5 k=5120: 128 x 142.68 us = 18263.2 us (6246.12 GFLOPS/s)
MUL_MAT_VEC q6_K m=248320 n=5 k=5120: 1 x 1756.56 us = 1756.56 us (7237.29 GFLOPS/s)
MUL_MAT_VEC q6_K m=6144 n=5 k=5120: 48 x 54.091 us = 2596.4 us (5814.98 GFLOPS/s)
MUL_MAT_VEC q8_0 m=5120 n=5 k=6144: 48 x 63.363 us = 3041.44 us (4964.18 GFLOPS/s)
RMS_NORM_MUL RMS_NORM(256,24,5,1): 16 x 4.05 us = 64.8 us
RMS_NORM_MUL RMS_NORM(256,4,5,1): 16 x 4.595 us = 73.52 us
RMS_NORM_MUL RMS_NORM(5120,5,1,1): 129 x 2.736 us = 352.96 us
RMS_NORM_MUL_SILU_MUL RMS_NORM(128,48,5,1): 48 x 5.796 us = 278.24 us
RMS_NORM_SCALE RMS_NORM(128,16,5,1): 96 x 2.701 us = 259.32 us
ROPE: 32 x 3.935 us = 125.92 us
SET_ROWS: 32 x 2.961 us = 94.76 us
SIGMOID_MUL SIGMOID: 16 x 1.73 us = 27.68 us
SSM_CONV_SILU SSM_CONV: 48 x 5.571 us = 267.44 us
Total time: 46706.8 us.
----------------
Vulkan Timings:
CONCAT: 1 x 2.04 us = 2.04 us
CONT: 1 x 3.92 us = 3.92 us
FLASH_ATTN_EXT dst(256,24,5,1),  q(256,5,24,1),  k(256,256,4,1),  v(256,256,4,1),  m(256,5,1,1): 1 x 22.04 us = 22.04 us (1427.28 GFLOPS/s)
GLU: 1 x 1.6 us = 1.6 us
MUL_MAT f32 m=256 n=120 k=256: 1 x 1.8 us = 1.8 us (8721.07 GFLOPS/s)
MUL_MAT f32 m=256 n=20 k=256: 1 x 3.28 us = 3.28 us (797.659 GFLOPS/s)
MUL_MAT f32 m=64 n=480 k=64: 1 x 3.92 us = 3.92 us (995.265 GFLOPS/s)
MUL_MAT f32 m=64 n=80 k=64: 1 x 3.84 us = 3.84 us (169.333 GFLOPS/s)
MUL_MAT_ADD MUL_MAT_VEC q6_K m=5120 n=5 k=17408: 1 x 158.9 us = 158.9 us (5608.96 GFLOPS/s)
MUL_MAT_ADD MUL_MAT_VEC q6_K m=5120 n=5 k=6144: 1 x 62.64 us = 62.64 us (5021.51 GFLOPS/s)
MUL_MAT_VEC q6_K m=1024 n=5 k=5120: 2 x 11.48 us = 22.96 us (4566.52 GFLOPS/s)
MUL_MAT_VEC q6_K m=12288 n=5 k=5120: 1 x 119.87 us = 119.87 us (5248.05 GFLOPS/s)
MUL_MAT_VEC q6_K m=17408 n=5 k=5120: 2 x 135.26 us = 270.52 us (6588.81 GFLOPS/s)
MUL_MAT_VEC q8_0 m=5120 n=5 k=10240: 1 x 106.4 us = 106.4 us (4927.28 GFLOPS/s)
RMS_NORM_MUL RMS_NORM(256,24,5,1): 1 x 4 us = 4 us
RMS_NORM_MUL RMS_NORM(256,4,5,1): 1 x 3.84 us = 3.84 us
RMS_NORM_MUL RMS_NORM(5120,5,1,1): 5 x 8.082 us = 40.41 us
ROPE: 2 x 3.86 us = 7.72 us
SET_ROWS: 2 x 2.8 us = 5.6 us
SIGMOID_MUL SIGMOID: 1 x 1.88 us = 1.88 us
Total time: 847.18 us.
----------------
Vulkan Timings:
CONCAT: 1 x 3.76 us = 3.76 us
CONT: 1 x 3.64 us = 3.64 us
FLASH_ATTN_EXT dst(256,24,1,1),  q(256,1,24,1),  k(256,256,4,1),  v(256,256,4,1),  m(256,1,1,1): 1 x 12.76 us = 12.76 us (493.061 GFLOPS/s)
GET_ROWS: 2 x 4.26 us = 8.52 us
GLU: 1 x 1.6 us = 1.6 us
MUL_MAT f32 m=256 n=24 k=256: 1 x 1.6 us = 1.6 us (1962.24 GFLOPS/s)
MUL_MAT f32 m=64 n=16 k=64: 1 x 1.84 us = 1.84 us (70.6783 GFLOPS/s)
MUL_MAT f32 m=64 n=96 k=64: 1 x 3.36 us = 3.36 us (232.229 GFLOPS/s)
MUL_MAT_ADD MUL_MAT_VEC q6_K m=5120 n=1 k=17408: 1 x 130.72 us = 130.72 us (1363.62 GFLOPS/s)
MUL_MAT_ADD MUL_MAT_VEC q6_K m=5120 n=1 k=6144: 1 x 54.2 us = 54.2 us (1160.69 GFLOPS/s)
MUL_MAT_VEC f32 m=256 n=4 k=256: 1 x 3.12 us = 3.12 us (167.713 GFLOPS/s)
MUL_MAT_VEC q6_K m=1024 n=1 k=5120: 2 x 9.3 us = 18.6 us (1127.39 GFLOPS/s)
MUL_MAT_VEC q6_K m=12288 n=1 k=5120: 1 x 90.76 us = 90.76 us (1386.26 GFLOPS/s)
MUL_MAT_VEC q6_K m=17408 n=1 k=5120: 2 x 118.4 us = 236.8 us (1505.41 GFLOPS/s)
MUL_MAT_VEC q6_K m=98304 n=1 k=5120: 1 x 667.28 us = 667.28 us (1508.41 GFLOPS/s)
MUL_MAT_VEC q8_0 m=5120 n=1 k=10240: 1 x 91.64 us = 91.64 us (1144.18 GFLOPS/s)
PAD: 1 x 6.4 us = 6.4 us
RMS_NORM_MUL RMS_NORM(256,24,1,1): 1 x 3.28 us = 3.28 us
RMS_NORM_MUL RMS_NORM(256,4,1,1): 1 x 5 us = 5 us
RMS_NORM_MUL RMS_NORM(5120,1,1,1): 5 x 4.52 us = 22.6 us
ROPE: 2 x 3.44 us = 6.88 us
SET_ROWS: 2 x 2.68 us = 5.36 us
SIGMOID_MUL SIGMOID: 1 x 1.6 us = 1.6 us
TOP_K K=10 (98304,1,1,1): 1 x 9.24 us = 9.24 us
Total time: 1390.56 us.
----------------
Vulkan Timings:
CONCAT: 1 x 3.8 us = 3.8 us
CONT: 1 x 3.64 us = 3.64 us
FLASH_ATTN_EXT dst(256,24,1,1),  q(256,1,24,1),  k(256,256,4,1),  v(256,256,4,1),  m(256,1,1,1): 1 x 12.96 us = 12.96 us (485.452 GFLOPS/s)
GET_ROWS: 2 x 4.16 us = 8.32 us
GLU: 1 x 1.84 us = 1.84 us
MUL_MAT f32 m=256 n=24 k=256: 1 x 1.72 us = 1.72 us (1825.34 GFLOPS/s)
MUL_MAT f32 m=64 n=16 k=64: 1 x 3.64 us = 3.64 us (35.7275 GFLOPS/s)
MUL_MAT f32 m=64 n=96 k=64: 1 x 3.64 us = 3.64 us (214.365 GFLOPS/s)
MUL_MAT_ADD MUL_MAT_VEC q6_K m=5120 n=1 k=17408: 1 x 123.08 us = 123.08 us (1448.27 GFLOPS/s)
MUL_MAT_ADD MUL_MAT_VEC q6_K m=5120 n=1 k=6144: 1 x 53.84 us = 53.84 us (1168.45 GFLOPS/s)
MUL_MAT_VEC f32 m=256 n=4 k=256: 1 x 3.04 us = 3.04 us (172.126 GFLOPS/s)
MUL_MAT_VEC q6_K m=1024 n=1 k=5120: 2 x 9.18 us = 18.36 us (1142.13 GFLOPS/s)
MUL_MAT_VEC q6_K m=12288 n=1 k=5120: 1 x 85.96 us = 85.96 us (1463.67 GFLOPS/s)
MUL_MAT_VEC q6_K m=17408 n=1 k=5120: 2 x 121.34 us = 242.68 us (1468.93 GFLOPS/s)
MUL_MAT_VEC q6_K m=98304 n=1 k=5120: 1 x 669.04 us = 669.04 us (1504.45 GFLOPS/s)
MUL_MAT_VEC q8_0 m=5120 n=1 k=10240: 1 x 101.04 us = 101.04 us (1037.73 GFLOPS/s)
PAD: 1 x 6.36 us = 6.36 us
RMS_NORM_MUL RMS_NORM(256,24,1,1): 1 x 3.6 us = 3.6 us
RMS_NORM_MUL RMS_NORM(256,4,1,1): 1 x 3.64 us = 3.64 us
RMS_NORM_MUL RMS_NORM(5120,1,1,1): 5 x 3.72 us = 18.6 us
ROPE: 2 x 3.6 us = 7.2 us
SET_ROWS: 2 x 2.66 us = 5.32 us
SIGMOID_MUL SIGMOID: 1 x 1.68 us = 1.68 us
TOP_K K=10 (98304,1,1,1): 1 x 9.04 us = 9.04 us
Total time: 1392.04 us.
----------------
Vulkan Timings:
CONCAT: 1 x 3.72 us = 3.72 us
CONT: 1 x 3.6 us = 3.6 us
FLASH_ATTN_EXT dst(256,24,1,1),  q(256,1,24,1),  k(256,256,4,1),  v(256,256,4,1),  m(256,1,1,1): 1 x 12.92 us = 12.92 us (486.955 GFLOPS/s)
GET_ROWS: 2 x 4.26 us = 8.52 us
GLU: 1 x 2.08 us = 2.08 us
MUL_MAT f32 m=256 n=24 k=256: 1 x 1.68 us = 1.68 us (1868.8 GFLOPS/s)
MUL_MAT f32 m=64 n=16 k=64: 1 x 3.6 us = 3.6 us (36.1244 GFLOPS/s)
MUL_MAT f32 m=64 n=96 k=64: 1 x 3.64 us = 3.64 us (214.365 GFLOPS/s)
MUL_MAT_ADD MUL_MAT_VEC q6_K m=5120 n=1 k=17408: 1 x 125.44 us = 125.44 us (1421.02 GFLOPS/s)
MUL_MAT_ADD MUL_MAT_VEC q6_K m=5120 n=1 k=6144: 1 x 53.84 us = 53.84 us (1168.45 GFLOPS/s)
MUL_MAT_VEC f32 m=256 n=4 k=256: 1 x 3 us = 3 us (174.421 GFLOPS/s)
MUL_MAT_VEC q6_K m=1024 n=1 k=5120: 2 x 9.1 us = 18.2 us (1152.17 GFLOPS/s)
MUL_MAT_VEC q6_K m=12288 n=1 k=5120: 1 x 86.24 us = 86.24 us (1458.92 GFLOPS/s)
MUL_MAT_VEC q6_K m=17408 n=1 k=5120: 2 x 121.5 us = 243 us (1467 GFLOPS/s)
MUL_MAT_VEC q6_K m=98304 n=1 k=5120: 1 x 666.72 us = 666.72 us (1509.68 GFLOPS/s)
MUL_MAT_VEC q8_0 m=5120 n=1 k=10240: 1 x 101.32 us = 101.32 us (1034.86 GFLOPS/s)
PAD: 1 x 6.28 us = 6.28 us
RMS_NORM_MUL RMS_NORM(256,24,1,1): 1 x 3.6 us = 3.6 us
RMS_NORM_MUL RMS_NORM(256,4,1,1): 1 x 3.6 us = 3.6 us
RMS_NORM_MUL RMS_NORM(5120,1,1,1): 5 x 3.696 us = 18.48 us
ROPE: 2 x 3.56 us = 7.12 us
SET_ROWS: 2 x 2.6 us = 5.2 us
SIGMOID_MUL SIGMOID: 1 x 1.68 us = 1.68 us
TOP_K K=10 (98304,1,1,1): 1 x 9.28 us = 9.28 us
Total time: 1392.76 us.
----------------
Vulkan Timings:
CONCAT: 1 x 3.76 us = 3.76 us
CONT: 1 x 3.64 us = 3.64 us
FLASH_ATTN_EXT dst(256,24,1,1),  q(256,1,24,1),  k(256,256,4,1),  v(256,256,4,1),  m(256,1,1,1): 1 x 12.92 us = 12.92 us (486.955 GFLOPS/s)
GET_ROWS: 2 x 4.2 us = 8.4 us
GLU: 1 x 1.8 us = 1.8 us
MUL_MAT f32 m=256 n=24 k=256: 1 x 1.64 us = 1.64 us (1914.38 GFLOPS/s)
MUL_MAT f32 m=64 n=16 k=64: 1 x 3.64 us = 3.64 us (35.7275 GFLOPS/s)
MUL_MAT f32 m=64 n=96 k=64: 1 x 3.6 us = 3.6 us (216.747 GFLOPS/s)
MUL_MAT_ADD MUL_MAT_VEC q6_K m=5120 n=1 k=17408: 1 x 123.64 us = 123.64 us (1441.71 GFLOPS/s)
MUL_MAT_ADD MUL_MAT_VEC q6_K m=5120 n=1 k=6144: 1 x 53.96 us = 53.96 us (1165.85 GFLOPS/s)
MUL_MAT_VEC f32 m=256 n=4 k=256: 1 x 3.04 us = 3.04 us (172.126 GFLOPS/s)
MUL_MAT_VEC q6_K m=1024 n=1 k=5120: 2 x 9.08 us = 18.16 us (1154.71 GFLOPS/s)
MUL_MAT_VEC q6_K m=12288 n=1 k=5120: 1 x 85.72 us = 85.72 us (1467.77 GFLOPS/s)
MUL_MAT_VEC q6_K m=17408 n=1 k=5120: 2 x 121.48 us = 242.96 us (1467.24 GFLOPS/s)
MUL_MAT_VEC q6_K m=98304 n=1 k=5120: 1 x 671.35 us = 671.35 us (1499.27 GFLOPS/s)
MUL_MAT_VEC q8_0 m=5120 n=1 k=10240: 1 x 101.24 us = 101.24 us (1035.68 GFLOPS/s)
PAD: 1 x 6.24 us = 6.24 us
RMS_NORM_MUL RMS_NORM(256,24,1,1): 1 x 3.6 us = 3.6 us
RMS_NORM_MUL RMS_NORM(256,4,1,1): 1 x 3.56 us = 3.56 us
RMS_NORM_MUL RMS_NORM(5120,1,1,1): 5 x 3.752 us = 18.76 us
ROPE: 2 x 3.56 us = 7.12 us
SET_ROWS: 2 x 2.62 us = 5.24 us
SIGMOID_MUL SIGMOID: 1 x 1.68 us = 1.68 us
TOP_K K=10 (98304,1,1,1): 1 x 9.12 us = 9.12 us
Total time: 1394.79 us.
----------------
Vulkan Timings:
ADD: 48 x 3.836 us = 184.16 us
CONCAT: 48 x 2.628 us = 126.16 us
CONT: 16 x 3.89 us = 62.24 us
CPY: 240 x 2.256 us = 541.64 us
FLASH_ATTN_EXT dst(256,24,5,1),  q(256,5,24,1),  k(256,256,4,1),  v(256,256,4,1),  m(256,5,1,1): 16 x 21.302 us = 340.84 us (1476.69 GFLOPS/s)
GDN_CACHE GATED_DELTA_NET: 48 x 13.792 us = 662.04 us
GET_ROWS: 50 x 27.397 us = 1369.88 us
GLU: 64 x 1.863 us = 119.24 us
MUL_MAT f32 m=256 n=120 k=256: 16 x 1.86 us = 29.76 us (8439.74 GFLOPS/s)
MUL_MAT f32 m=256 n=20 k=256: 16 x 3.047 us = 48.76 us (858.514 GFLOPS/s)
MUL_MAT f32 m=64 n=480 k=64: 16 x 3.69 us = 59.04 us (1057.3 GFLOPS/s)
MUL_MAT f32 m=64 n=80 k=64: 16 x 3.26 us = 52.16 us (199.46 GFLOPS/s)
MUL_MAT_ADD MUL_MAT_VEC q6_K m=5120 n=5 k=17408: 64 x 136.936 us = 8763.92 us (6508.61 GFLOPS/s)
MUL_MAT_ADD MUL_MAT_VEC q6_K m=5120 n=5 k=6144: 16 x 56.16 us = 898.56 us (5600.91 GFLOPS/s)
MUL_MAT_VEC f32 m=48 n=5 k=5120: 96 x 3.446 us = 330.88 us (712.967 GFLOPS/s)
MUL_MAT_VEC q6_K m=1024 n=5 k=5120: 32 x 9.621 us = 307.88 us (5448.74 GFLOPS/s)
MUL_MAT_VEC q6_K m=10240 n=5 k=5120: 48 x 81.659 us = 3919.64 us (6419.82 GFLOPS/s)
MUL_MAT_VEC q6_K m=12288 n=5 k=5120: 16 x 104.09 us = 1665.44 us (6043.66 GFLOPS/s)
MUL_MAT_VEC q6_K m=17408 n=5 k=5120: 128 x 142.34 us = 18219.5 us (6261.08 GFLOPS/s)
MUL_MAT_VEC q6_K m=248320 n=5 k=5120: 1 x 1760.88 us = 1760.88 us (7219.54 GFLOPS/s)
MUL_MAT_VEC q6_K m=6144 n=5 k=5120: 48 x 54.195 us = 2601.4 us (5803.81 GFLOPS/s)
MUL_MAT_VEC q8_0 m=5120 n=5 k=6144: 48 x 63.22 us = 3034.56 us (4975.44 GFLOPS/s)
RMS_NORM_MUL RMS_NORM(256,24,5,1): 16 x 4.077 us = 65.24 us
RMS_NORM_MUL RMS_NORM(256,4,5,1): 16 x 4.58 us = 73.28 us
RMS_NORM_MUL RMS_NORM(5120,5,1,1): 129 x 2.716 us = 350.44 us
RMS_NORM_MUL_SILU_MUL RMS_NORM(128,48,5,1): 48 x 5.788 us = 277.84 us
RMS_NORM_SCALE RMS_NORM(128,16,5,1): 96 x 2.718 us = 260.96 us
ROPE: 32 x 3.926 us = 125.64 us
SET_ROWS: 32 x 3.101 us = 99.24 us
SIGMOID_MUL SIGMOID: 16 x 1.697 us = 27.16 us
SSM_CONV_SILU SSM_CONV: 48 x 5.655 us = 271.48 us
Total time: 46649.9 us.
----------------
Vulkan Timings:
CONCAT: 1 x 2.04 us = 2.04 us
CONT: 1 x 3.88 us = 3.88 us
FLASH_ATTN_EXT dst(256,24,5,1),  q(256,5,24,1),  k(256,256,4,1),  v(256,256,4,1),  m(256,5,1,1): 1 x 22 us = 22 us (1429.88 GFLOPS/s)
GLU: 1 x 1.56 us = 1.56 us
MUL_MAT f32 m=256 n=120 k=256: 1 x 1.92 us = 1.92 us (8176 GFLOPS/s)
MUL_MAT f32 m=256 n=20 k=256: 1 x 3.24 us = 3.24 us (807.506 GFLOPS/s)
MUL_MAT f32 m=64 n=480 k=64: 1 x 3.88 us = 3.88 us (1005.53 GFLOPS/s)
MUL_MAT f32 m=64 n=80 k=64: 1 x 3.92 us = 3.92 us (165.878 GFLOPS/s)
MUL_MAT_ADD MUL_MAT_VEC q6_K m=5120 n=5 k=17408: 1 x 156.99 us = 156.99 us (5677.2 GFLOPS/s)
MUL_MAT_ADD MUL_MAT_VEC q6_K m=5120 n=5 k=6144: 1 x 62.92 us = 62.92 us (4999.16 GFLOPS/s)
MUL_MAT_VEC q6_K m=1024 n=5 k=5120: 2 x 11.46 us = 22.92 us (4574.49 GFLOPS/s)
MUL_MAT_VEC q6_K m=12288 n=5 k=5120: 1 x 118.17 us = 118.17 us (5323.55 GFLOPS/s)
MUL_MAT_VEC q6_K m=17408 n=5 k=5120: 2 x 135.62 us = 271.24 us (6571.32 GFLOPS/s)
MUL_MAT_VEC q8_0 m=5120 n=5 k=10240: 1 x 106.52 us = 106.52 us (4921.73 GFLOPS/s)
RMS_NORM_MUL RMS_NORM(256,24,5,1): 1 x 4.04 us = 4.04 us
RMS_NORM_MUL RMS_NORM(256,4,5,1): 1 x 3.88 us = 3.88 us
RMS_NORM_MUL RMS_NORM(5120,5,1,1): 5 x 8.146 us = 40.73 us
ROPE: 2 x 3.92 us = 7.84 us
SET_ROWS: 2 x 2.82 us = 5.64 us
SIGMOID_MUL SIGMOID: 1 x 1.84 us = 1.84 us
Total time: 845.17 us.
----------------
Vulkan Timings:
CONCAT: 1 x 3.76 us = 3.76 us
CONT: 1 x 3.6 us = 3.6 us
FLASH_ATTN_EXT dst(256,24,1,1),  q(256,1,24,1),  k(256,256,4,1),  v(256,256,4,1),  m(256,1,1,1): 1 x 12.92 us = 12.92 us (486.955 GFLOPS/s)
GET_ROWS: 2 x 4.34 us = 8.68 us
GLU: 1 x 1.76 us = 1.76 us
MUL_MAT f32 m=256 n=24 k=256: 1 x 1.6 us = 1.6 us (1962.24 GFLOPS/s)
MUL_MAT f32 m=64 n=16 k=64: 1 x 1.88 us = 1.88 us (69.1745 GFLOPS/s)
MUL_MAT f32 m=64 n=96 k=64: 1 x 3.28 us = 3.28 us (237.893 GFLOPS/s)
MUL_MAT_ADD MUL_MAT_VEC q6_K m=5120 n=1 k=17408: 1 x 130.36 us = 130.36 us (1367.39 GFLOPS/s)
MUL_MAT_ADD MUL_MAT_VEC q6_K m=5120 n=1 k=6144: 1 x 54.12 us = 54.12 us (1162.41 GFLOPS/s)
MUL_MAT_VEC f32 m=256 n=4 k=256: 1 x 3.12 us = 3.12 us (167.713 GFLOPS/s)
MUL_MAT_VEC q6_K m=1024 n=1 k=5120: 2 x 9.32 us = 18.64 us (1124.97 GFLOPS/s)
MUL_MAT_VEC q6_K m=12288 n=1 k=5120: 1 x 90.72 us = 90.72 us (1386.87 GFLOPS/s)
MUL_MAT_VEC q6_K m=17408 n=1 k=5120: 2 x 118.1 us = 236.2 us (1509.23 GFLOPS/s)
MUL_MAT_VEC q6_K m=98304 n=1 k=5120: 1 x 670.39 us = 670.39 us (1501.42 GFLOPS/s)
MUL_MAT_VEC q8_0 m=5120 n=1 k=10240: 1 x 91.56 us = 91.56 us (1145.18 GFLOPS/s)
PAD: 1 x 6.4 us = 6.4 us
RMS_NORM_MUL RMS_NORM(256,24,1,1): 1 x 3.28 us = 3.28 us
RMS_NORM_MUL RMS_NORM(256,4,1,1): 1 x 5 us = 5 us
RMS_NORM_MUL RMS_NORM(5120,1,1,1): 5 x 4.536 us = 22.68 us
ROPE: 2 x 3.44 us = 6.88 us
SET_ROWS: 2 x 2.64 us = 5.28 us
SIGMOID_MUL SIGMOID: 1 x 1.56 us = 1.56 us
TOP_K K=10 (98304,1,1,1): 1 x 9.24 us = 9.24 us
Total time: 1392.91 us.
----------------
Vulkan Timings:
CONCAT: 1 x 3.72 us = 3.72 us
CONT: 1 x 3.6 us = 3.6 us
FLASH_ATTN_EXT dst(256,24,1,1),  q(256,1,24,1),  k(256,256,4,1),  v(256,256,4,1),  m(256,1,1,1): 1 x 15.4 us = 15.4 us (408.536 GFLOPS/s)
GET_ROWS: 2 x 4.16 us = 8.32 us
GLU: 1 x 1.72 us = 1.72 us
MUL_MAT f32 m=256 n=24 k=256: 1 x 1.6 us = 1.6 us (1962.24 GFLOPS/s)
MUL_MAT f32 m=64 n=16 k=64: 1 x 3.64 us = 3.64 us (35.7275 GFLOPS/s)
MUL_MAT f32 m=64 n=96 k=64: 1 x 3.6 us = 3.6 us (216.747 GFLOPS/s)
MUL_MAT_ADD MUL_MAT_VEC q6_K m=5120 n=1 k=17408: 1 x 123.04 us = 123.04 us (1448.74 GFLOPS/s)
MUL_MAT_ADD MUL_MAT_VEC q6_K m=5120 n=1 k=6144: 1 x 53.68 us = 53.68 us (1171.93 GFLOPS/s)
MUL_MAT_VEC f32 m=256 n=4 k=256: 1 x 3.04 us = 3.04 us (172.126 GFLOPS/s)
MUL_MAT_VEC q6_K m=1024 n=1 k=5120: 2 x 9.04 us = 18.08 us (1159.82 GFLOPS/s)
MUL_MAT_VEC q6_K m=12288 n=1 k=5120: 1 x 85.72 us = 85.72 us (1467.77 GFLOPS/s)
MUL_MAT_VEC q6_K m=17408 n=1 k=5120: 2 x 121.34 us = 242.68 us (1468.93 GFLOPS/s)
MUL_MAT_VEC q6_K m=98304 n=1 k=5120: 1 x 670.56 us = 670.56 us (1501.04 GFLOPS/s)
MUL_MAT_VEC q8_0 m=5120 n=1 k=10240: 1 x 101.24 us = 101.24 us (1035.68 GFLOPS/s)
PAD: 1 x 6.36 us = 6.36 us
RMS_NORM_MUL RMS_NORM(256,24,1,1): 1 x 3.64 us = 3.64 us
RMS_NORM_MUL RMS_NORM(256,4,1,1): 1 x 3.56 us = 3.56 us
RMS_NORM_MUL RMS_NORM(5120,1,1,1): 5 x 3.76 us = 18.8 us
ROPE: 2 x 3.6 us = 7.2 us
SET_ROWS: 2 x 1.82 us = 3.64 us
SIGMOID_MUL SIGMOID: 1 x 1.72 us = 1.72 us
TOP_K K=10 (98304,1,1,1): 1 x 8.88 us = 8.88 us
Total time: 1393.44 us.
----------------
Vulkan Timings:
CONCAT: 1 x 3.76 us = 3.76 us
CONT: 1 x 3.64 us = 3.64 us
FLASH_ATTN_EXT dst(256,24,1,1),  q(256,1,24,1),  k(256,256,4,1),  v(256,256,4,1),  m(256,1,1,1): 1 x 14.64 us = 14.64 us (429.744 GFLOPS/s)
GET_ROWS: 2 x 4.2 us = 8.4 us
GLU: 1 x 1.8 us = 1.8 us
MUL_MAT f32 m=256 n=24 k=256: 1 x 2.2 us = 2.2 us (1427.08 GFLOPS/s)
MUL_MAT f32 m=64 n=16 k=64: 1 x 3.6 us = 3.6 us (36.1244 GFLOPS/s)
MUL_MAT f32 m=64 n=96 k=64: 1 x 3.64 us = 3.64 us (214.365 GFLOPS/s)
MUL_MAT_ADD MUL_MAT_VEC q6_K m=5120 n=1 k=17408: 1 x 123.4 us = 123.4 us (1444.51 GFLOPS/s)
MUL_MAT_ADD MUL_MAT_VEC q6_K m=5120 n=1 k=6144: 1 x 54.44 us = 54.44 us (1155.57 GFLOPS/s)
MUL_MAT_VEC f32 m=256 n=4 k=256: 1 x 0.76 us = 0.76 us (688.505 GFLOPS/s)
MUL_MAT_VEC q6_K m=1024 n=1 k=5120: 2 x 5.9 us = 11.8 us (1777.07 GFLOPS/s)
MUL_MAT_VEC q6_K m=12288 n=1 k=5120: 1 x 93.08 us = 93.08 us (1351.71 GFLOPS/s)
MUL_MAT_VEC q6_K m=17408 n=1 k=5120: 2 x 121.76 us = 243.52 us (1463.87 GFLOPS/s)
MUL_MAT_VEC q6_K m=98304 n=1 k=5120: 1 x 669.4 us = 669.4 us (1503.64 GFLOPS/s)
MUL_MAT_VEC q8_0 m=5120 n=1 k=10240: 1 x 101.24 us = 101.24 us (1035.68 GFLOPS/s)
PAD: 1 x 6.36 us = 6.36 us
RMS_NORM_MUL RMS_NORM(256,24,1,1): 1 x 3.6 us = 3.6 us
RMS_NORM_MUL RMS_NORM(256,4,1,1): 1 x 3.6 us = 3.6 us
RMS_NORM_MUL RMS_NORM(5120,1,1,1): 5 x 3.792 us = 18.96 us
ROPE: 2 x 3.56 us = 7.12 us
SET_ROWS: 2 x 2.84 us = 5.68 us
SIGMOID_MUL SIGMOID: 1 x 1.68 us = 1.68 us
TOP_K K=10 (98304,1,1,1): 1 x 9.08 us = 9.08 us
Total time: 1395.4 us.
----------------
Vulkan Timings:
CONCAT: 1 x 4 us = 4 us
CONT: 1 x 3.6 us = 3.6 us
FLASH_ATTN_EXT dst(256,24,1,1),  q(256,1,24,1),  k(256,256,4,1),  v(256,256,4,1),  m(256,1,1,1): 1 x 12.8 us = 12.8 us (491.52 GFLOPS/s)
GET_ROWS: 2 x 4.34 us = 8.68 us
GLU: 1 x 1.88 us = 1.88 us
MUL_MAT f32 m=256 n=24 k=256: 1 x 1.68 us = 1.68 us (1868.8 GFLOPS/s)
MUL_MAT f32 m=64 n=16 k=64: 1 x 3.64 us = 3.64 us (35.7275 GFLOPS/s)
MUL_MAT f32 m=64 n=96 k=64: 1 x 3.6 us = 3.6 us (216.747 GFLOPS/s)
MUL_MAT_ADD MUL_MAT_VEC q6_K m=5120 n=1 k=17408: 1 x 124.36 us = 124.36 us (1433.36 GFLOPS/s)
MUL_MAT_ADD MUL_MAT_VEC q6_K m=5120 n=1 k=6144: 1 x 53.64 us = 53.64 us (1172.81 GFLOPS/s)
MUL_MAT_VEC f32 m=256 n=4 k=256: 1 x 3 us = 3 us (174.421 GFLOPS/s)
MUL_MAT_VEC q6_K m=1024 n=1 k=5120: 2 x 9.14 us = 18.28 us (1147.13 GFLOPS/s)
MUL_MAT_VEC q6_K m=12288 n=1 k=5120: 1 x 85.8 us = 85.8 us (1466.4 GFLOPS/s)
MUL_MAT_VEC q6_K m=17408 n=1 k=5120: 2 x 121.42 us = 242.84 us (1467.97 GFLOPS/s)
MUL_MAT_VEC q6_K m=98304 n=1 k=5120: 1 x 669.96 us = 669.96 us (1502.38 GFLOPS/s)
MUL_MAT_VEC q8_0 m=5120 n=1 k=10240: 1 x 101.8 us = 101.8 us (1029.99 GFLOPS/s)
PAD: 1 x 6.32 us = 6.32 us
RMS_NORM_MUL RMS_NORM(256,24,1,1): 1 x 3.64 us = 3.64 us
RMS_NORM_MUL RMS_NORM(256,4,1,1): 1 x 3.56 us = 3.56 us
RMS_NORM_MUL RMS_NORM(5120,1,1,1): 5 x 3.704 us = 18.52 us
ROPE: 2 x 3.6 us = 7.2 us
SET_ROWS: 2 x 2.7 us = 5.4 us
SIGMOID_MUL SIGMOID: 1 x 1.64 us = 1.64 us
TOP_K K=10 (98304,1,1,1): 1 x 8.64 us = 8.64 us
Total time: 1394.48 us.
----------------
Vulkan Timings:
ADD: 48 x 3.846 us = 184.64 us
CONCAT: 48 x 2.521 us = 121.04 us
CONT: 16 x 3.91 us = 62.56 us
CPY: 240 x 2.267 us = 544.16 us
FLASH_ATTN_EXT dst(256,24,5,1),  q(256,5,24,1),  k(256,256,4,1),  v(256,256,4,1),  m(256,5,1,1): 16 x 21.645 us = 346.32 us (1453.33 GFLOPS/s)
GDN_CACHE GATED_DELTA_NET: 48 x 13.88 us = 666.24 us
GET_ROWS: 50 x 27.427 us = 1371.36 us
GLU: 64 x 1.881 us = 120.44 us
MUL_MAT f32 m=256 n=120 k=256: 16 x 1.835 us = 29.36 us (8554.72 GFLOPS/s)
MUL_MAT f32 m=256 n=20 k=256: 16 x 3.192 us = 51.08 us (819.521 GFLOPS/s)
MUL_MAT f32 m=64 n=480 k=64: 16 x 3.69 us = 59.04 us (1057.3 GFLOPS/s)
MUL_MAT f32 m=64 n=80 k=64: 16 x 3.265 us = 52.24 us (199.155 GFLOPS/s)
MUL_MAT_ADD MUL_MAT_VEC q6_K m=5120 n=5 k=17408: 64 x 137.02 us = 8769.28 us (6504.63 GFLOPS/s)
MUL_MAT_ADD MUL_MAT_VEC q6_K m=5120 n=5 k=6144: 16 x 55.95 us = 895.2 us (5621.93 GFLOPS/s)
MUL_MAT_VEC f32 m=48 n=5 k=5120: 96 x 3.427 us = 329.08 us (716.867 GFLOPS/s)
MUL_MAT_VEC q6_K m=1024 n=5 k=5120: 32 x 9.415 us = 301.28 us (5568.1 GFLOPS/s)
MUL_MAT_VEC q6_K m=10240 n=5 k=5120: 48 x 81.55 us = 3914.4 us (6428.41 GFLOPS/s)
MUL_MAT_VEC q6_K m=12288 n=5 k=5120: 16 x 104.942 us = 1679.08 us (5994.56 GFLOPS/s)
MUL_MAT_VEC q6_K m=17408 n=5 k=5120: 128 x 142.733 us = 18269.9 us (6243.81 GFLOPS/s)
MUL_MAT_VEC q6_K m=248320 n=5 k=5120: 1 x 1775.16 us = 1775.16 us (7161.46 GFLOPS/s)
MUL_MAT_VEC q6_K m=6144 n=5 k=5120: 48 x 54.005 us = 2592.28 us (5824.22 GFLOPS/s)
MUL_MAT_VEC q8_0 m=5120 n=5 k=6144: 48 x 63.393 us = 3042.88 us (4961.83 GFLOPS/s)
RMS_NORM_MUL RMS_NORM(256,24,5,1): 16 x 3.925 us = 62.8 us
RMS_NORM_MUL RMS_NORM(256,4,5,1): 16 x 4.587 us = 73.4 us
RMS_NORM_MUL RMS_NORM(5120,5,1,1): 129 x 2.713 us = 350.08 us
RMS_NORM_MUL_SILU_MUL RMS_NORM(128,48,5,1): 48 x 5.804 us = 278.6 us
RMS_NORM_SCALE RMS_NORM(128,16,5,1): 96 x 2.741 us = 263.16 us
ROPE: 32 x 3.93 us = 125.76 us
SET_ROWS: 32 x 2.945 us = 94.24 us
SIGMOID_MUL SIGMOID: 16 x 1.712 us = 27.4 us
SSM_CONV_SILU SSM_CONV: 48 x 5.775 us = 277.24 us
Total time: 46729.7 us.
----------------
Vulkan Timings:
CONCAT: 1 x 2 us = 2 us
CONT: 1 x 3.84 us = 3.84 us
FLASH_ATTN_EXT dst(256,24,5,1),  q(256,5,24,1),  k(256,256,4,1),  v(256,256,4,1),  m(256,5,1,1): 1 x 21.36 us = 21.36 us (1472.72 GFLOPS/s)
GLU: 1 x 1.6 us = 1.6 us
MUL_MAT f32 m=256 n=120 k=256: 1 x 1.76 us = 1.76 us (8919.27 GFLOPS/s)
MUL_MAT f32 m=256 n=20 k=256: 1 x 3.24 us = 3.24 us (807.506 GFLOPS/s)
MUL_MAT f32 m=64 n=480 k=64: 1 x 3.88 us = 3.88 us (1005.53 GFLOPS/s)
MUL_MAT f32 m=64 n=80 k=64: 1 x 3.8 us = 3.8 us (171.116 GFLOPS/s)
MUL_MAT_ADD MUL_MAT_VEC q6_K m=5120 n=5 k=17408: 1 x 157.46 us = 157.46 us (5660.26 GFLOPS/s)
MUL_MAT_ADD MUL_MAT_VEC q6_K m=5120 n=5 k=6144: 1 x 62.52 us = 62.52 us (5031.15 GFLOPS/s)
MUL_MAT_VEC q6_K m=1024 n=5 k=5120: 2 x 11.58 us = 23.16 us (4527.09 GFLOPS/s)
MUL_MAT_VEC q6_K m=12288 n=5 k=5120: 1 x 117.96 us = 117.96 us (5333.03 GFLOPS/s)
MUL_MAT_VEC q6_K m=17408 n=5 k=5120: 2 x 135.16 us = 270.32 us (6593.69 GFLOPS/s)
MUL_MAT_VEC q8_0 m=5120 n=5 k=10240: 1 x 108.28 us = 108.28 us (4841.73 GFLOPS/s)
RMS_NORM_MUL RMS_NORM(256,24,5,1): 1 x 4 us = 4 us
RMS_NORM_MUL RMS_NORM(256,4,5,1): 1 x 3.84 us = 3.84 us
RMS_NORM_MUL RMS_NORM(5120,5,1,1): 5 x 8.274 us = 41.37 us
ROPE: 2 x 3.84 us = 7.68 us
SET_ROWS: 2 x 2.78 us = 5.56 us
SIGMOID_MUL SIGMOID: 1 x 2.08 us = 2.08 us
Total time: 845.71 us.
----------------
Vulkan Timings:
CONCAT: 1 x 3.64 us = 3.64 us
CONT: 1 x 3.48 us = 3.48 us
FLASH_ATTN_EXT dst(256,24,1,1),  q(256,1,24,1),  k(256,256,4,1),  v(256,256,4,1),  m(256,1,1,1): 1 x 12.44 us = 12.44 us (505.744 GFLOPS/s)
GET_ROWS: 2 x 4.32 us = 8.64 us
GLU: 1 x 1.6 us = 1.6 us
MUL_MAT f32 m=256 n=24 k=256: 1 x 1.48 us = 1.48 us (2121.34 GFLOPS/s)
MUL_MAT f32 m=64 n=16 k=64: 1 x 1.8 us = 1.8 us (72.2489 GFLOPS/s)
MUL_MAT f32 m=64 n=96 k=64: 1 x 3.24 us = 3.24 us (240.83 GFLOPS/s)
MUL_MAT_ADD MUL_MAT_VEC q6_K m=5120 n=1 k=17408: 1 x 129.88 us = 129.88 us (1372.44 GFLOPS/s)
MUL_MAT_ADD MUL_MAT_VEC q6_K m=5120 n=1 k=6144: 1 x 53.68 us = 53.68 us (1171.93 GFLOPS/s)
MUL_MAT_VEC f32 m=256 n=4 k=256: 1 x 3.04 us = 3.04 us (172.126 GFLOPS/s)
MUL_MAT_VEC q6_K m=1024 n=1 k=5120: 2 x 9.3 us = 18.6 us (1127.39 GFLOPS/s)
MUL_MAT_VEC q6_K m=12288 n=1 k=5120: 1 x 90.2 us = 90.2 us (1394.87 GFLOPS/s)
MUL_MAT_VEC q6_K m=17408 n=1 k=5120: 2 x 118.14 us = 236.28 us (1508.72 GFLOPS/s)
MUL_MAT_VEC q6_K m=98304 n=1 k=5120: 1 x 671.08 us = 671.08 us (1499.87 GFLOPS/s)
MUL_MAT_VEC q8_0 m=5120 n=1 k=10240: 1 x 91.6 us = 91.6 us (1144.68 GFLOPS/s)
PAD: 1 x 6.32 us = 6.32 us
RMS_NORM_MUL RMS_NORM(256,24,1,1): 1 x 3.24 us = 3.24 us
RMS_NORM_MUL RMS_NORM(256,4,1,1): 1 x 4.84 us = 4.84 us
RMS_NORM_MUL RMS_NORM(5120,1,1,1): 5 x 4.376 us = 21.88 us
ROPE: 2 x 3.3 us = 6.6 us
SET_ROWS: 2 x 2.6 us = 5.2 us
SIGMOID_MUL SIGMOID: 1 x 1.56 us = 1.56 us
TOP_K K=10 (98304,1,1,1): 1 x 9.12 us = 9.12 us
Total time: 1389.44 us.
----------------
Vulkan Timings:
CONCAT: 1 x 4.04 us = 4.04 us
CONT: 1 x 3.64 us = 3.64 us
FLASH_ATTN_EXT dst(256,24,1,1),  q(256,1,24,1),  k(256,256,4,1),  v(256,256,4,1),  m(256,1,1,1): 1 x 12.8 us = 12.8 us (491.52 GFLOPS/s)
GET_ROWS: 2 x 4.22 us = 8.44 us
GLU: 1 x 1.8 us = 1.8 us
MUL_MAT f32 m=256 n=24 k=256: 1 x 1.64 us = 1.64 us (1914.38 GFLOPS/s)
MUL_MAT f32 m=64 n=16 k=64: 1 x 3.6 us = 3.6 us (36.1244 GFLOPS/s)
MUL_MAT f32 m=64 n=96 k=64: 1 x 3.6 us = 3.6 us (216.747 GFLOPS/s)
MUL_MAT_ADD MUL_MAT_VEC q6_K m=5120 n=1 k=17408: 1 x 123.36 us = 123.36 us (1444.98 GFLOPS/s)
MUL_MAT_ADD MUL_MAT_VEC q6_K m=5120 n=1 k=6144: 1 x 54.56 us = 54.56 us (1153.03 GFLOPS/s)
MUL_MAT_VEC f32 m=256 n=4 k=256: 1 x 3.04 us = 3.04 us (172.126 GFLOPS/s)
MUL_MAT_VEC q6_K m=1024 n=1 k=5120: 2 x 9.12 us = 18.24 us (1149.64 GFLOPS/s)
MUL_MAT_VEC q6_K m=12288 n=1 k=5120: 1 x 85.68 us = 85.68 us (1468.45 GFLOPS/s)
MUL_MAT_VEC q6_K m=17408 n=1 k=5120: 2 x 121.22 us = 242.44 us (1470.39 GFLOPS/s)
MUL_MAT_VEC q6_K m=98304 n=1 k=5120: 1 x 670.05 us = 670.05 us (1502.18 GFLOPS/s)
MUL_MAT_VEC q8_0 m=5120 n=1 k=10240: 1 x 101.16 us = 101.16 us (1036.5 GFLOPS/s)
PAD: 1 x 6.28 us = 6.28 us
RMS_NORM_MUL RMS_NORM(256,24,1,1): 1 x 3.6 us = 3.6 us
RMS_NORM_MUL RMS_NORM(256,4,1,1): 1 x 3.56 us = 3.56 us
RMS_NORM_MUL RMS_NORM(5120,1,1,1): 5 x 3.736 us = 18.68 us
ROPE: 2 x 3.6 us = 7.2 us
SET_ROWS: 2 x 2.68 us = 5.36 us
SIGMOID_MUL SIGMOID: 1 x 1.68 us = 1.68 us
TOP_K K=10 (98304,1,1,1): 1 x 8.64 us = 8.64 us
Total time: 1393.09 us.
----------------
Vulkan Timings:
CONCAT: 1 x 3.76 us = 3.76 us
CONT: 1 x 3.64 us = 3.64 us
FLASH_ATTN_EXT dst(256,24,1,1),  q(256,1,24,1),  k(256,256,4,1),  v(256,256,4,1),  m(256,1,1,1): 1 x 14.6 us = 14.6 us (430.922 GFLOPS/s)
GET_ROWS: 2 x 4.3 us = 8.6 us
GLU: 1 x 1.84 us = 1.84 us
MUL_MAT f32 m=256 n=24 k=256: 1 x 2.28 us = 2.28 us (1377.01 GFLOPS/s)
MUL_MAT f32 m=64 n=16 k=64: 1 x 3.64 us = 3.64 us (35.7275 GFLOPS/s)
MUL_MAT f32 m=64 n=96 k=64: 1 x 3.6 us = 3.6 us (216.747 GFLOPS/s)
MUL_MAT_ADD MUL_MAT_VEC q6_K m=5120 n=1 k=17408: 1 x 123.68 us = 123.68 us (1441.24 GFLOPS/s)
MUL_MAT_ADD MUL_MAT_VEC q6_K m=5120 n=1 k=6144: 1 x 54.36 us = 54.36 us (1157.27 GFLOPS/s)
MUL_MAT_VEC f32 m=256 n=4 k=256: 1 x 0.72 us = 0.72 us (726.756 GFLOPS/s)
MUL_MAT_VEC q6_K m=1024 n=1 k=5120: 2 x 9.22 us = 18.44 us (1137.17 GFLOPS/s)
MUL_MAT_VEC q6_K m=12288 n=1 k=5120: 1 x 85.32 us = 85.32 us (1474.65 GFLOPS/s)
MUL_MAT_VEC q6_K m=17408 n=1 k=5120: 2 x 121.48 us = 242.96 us (1467.24 GFLOPS/s)
MUL_MAT_VEC q6_K m=98304 n=1 k=5120: 1 x 676.56 us = 676.56 us (1487.72 GFLOPS/s)
MUL_MAT_VEC q8_0 m=5120 n=1 k=10240: 1 x 101.44 us = 101.44 us (1033.64 GFLOPS/s)
PAD: 1 x 6.52 us = 6.52 us
RMS_NORM_MUL RMS_NORM(256,24,1,1): 1 x 3.64 us = 3.64 us
RMS_NORM_MUL RMS_NORM(256,4,1,1): 1 x 3.64 us = 3.64 us
RMS_NORM_MUL RMS_NORM(5120,1,1,1): 5 x 3.752 us = 18.76 us
ROPE: 2 x 3.64 us = 7.28 us
SET_ROWS: 2 x 2.88 us = 5.76 us
SIGMOID_MUL SIGMOID: 1 x 1.68 us = 1.68 us
TOP_K K=10 (98304,1,1,1): 1 x 8.72 us = 8.72 us
Total time: 1401.44 us.
----------------
Vulkan Timings:
CONCAT: 1 x 3.92 us = 3.92 us
CONT: 1 x 3.84 us = 3.84 us
FLASH_ATTN_EXT dst(256,24,1,1),  q(256,1,24,1),  k(256,256,4,1),  v(256,256,4,1),  m(256,1,1,1): 1 x 13.56 us = 13.56 us (463.972 GFLOPS/s)
GET_ROWS: 2 x 4.72 us = 9.44 us
GLU: 1 x 1.88 us = 1.88 us
MUL_MAT f32 m=256 n=24 k=256: 1 x 1.68 us = 1.68 us (1868.8 GFLOPS/s)
MUL_MAT f32 m=64 n=16 k=64: 1 x 3.76 us = 3.76 us (34.5872 GFLOPS/s)
MUL_MAT f32 m=64 n=96 k=64: 1 x 3.76 us = 3.76 us (207.523 GFLOPS/s)
MUL_MAT_ADD MUL_MAT_VEC q6_K m=5120 n=1 k=17408: 1 x 124.64 us = 124.64 us (1430.14 GFLOPS/s)
MUL_MAT_ADD MUL_MAT_VEC q6_K m=5120 n=1 k=6144: 1 x 53.92 us = 53.92 us (1166.72 GFLOPS/s)
MUL_MAT_VEC f32 m=256 n=4 k=256: 1 x 3.16 us = 3.16 us (165.59 GFLOPS/s)
MUL_MAT_VEC q6_K m=1024 n=1 k=5120: 2 x 9.28 us = 18.56 us (1129.82 GFLOPS/s)
MUL_MAT_VEC q6_K m=12288 n=1 k=5120: 1 x 91.44 us = 91.44 us (1375.95 GFLOPS/s)
MUL_MAT_VEC q6_K m=17408 n=1 k=5120: 2 x 121.68 us = 243.36 us (1464.83 GFLOPS/s)
MUL_MAT_VEC q6_K m=98304 n=1 k=5120: 1 x 671.82 us = 671.82 us (1498.22 GFLOPS/s)
MUL_MAT_VEC q8_0 m=5120 n=1 k=10240: 1 x 102.44 us = 102.44 us (1023.55 GFLOPS/s)
PAD: 1 x 6.8 us = 6.8 us
RMS_NORM_MUL RMS_NORM(256,24,1,1): 1 x 3.76 us = 3.76 us
RMS_NORM_MUL RMS_NORM(256,4,1,1): 1 x 3.72 us = 3.72 us
RMS_NORM_MUL RMS_NORM(5120,1,1,1): 5 x 3.928 us = 19.64 us
ROPE: 2 x 3.76 us = 7.52 us
SET_ROWS: 2 x 2.74 us = 5.48 us
SIGMOID_MUL SIGMOID: 1 x 1.8 us = 1.8 us
TOP_K K=10 (98304,1,1,1): 1 x 9.92 us = 9.92 us
Total time: 1409.82 us.
----------------
Vulkan Timings:
ADD: 48 x 3.741 us = 179.6 us
CONCAT: 48 x 2.52 us = 120.96 us
CONT: 16 x 3.97 us = 63.52 us
CPY: 240 x 2.528 us = 606.72 us
FLASH_ATTN_EXT dst(256,24,5,1),  q(256,5,24,1),  k(256,256,4,1),  v(256,256,4,1),  m(256,5,1,1): 16 x 22.052 us = 352.84 us (1426.47 GFLOPS/s)
GDN_CACHE GATED_DELTA_NET: 48 x 14.211 us = 682.16 us
GET_ROWS: 50 x 26.113 us = 1305.68 us
GLU: 64 x 1.936 us = 123.92 us
MUL_MAT f32 m=256 n=120 k=256: 16 x 1.925 us = 30.8 us (8154.76 GFLOPS/s)
MUL_MAT f32 m=256 n=20 k=256: 16 x 2.985 us = 47.76 us (876.489 GFLOPS/s)
MUL_MAT f32 m=64 n=480 k=64: 16 x 4.332 us = 69.32 us (900.505 GFLOPS/s)
MUL_MAT f32 m=64 n=80 k=64: 16 x 3.777 us = 60.44 us (172.135 GFLOPS/s)
MUL_MAT_ADD MUL_MAT_VEC q6_K m=5120 n=5 k=17408: 64 x 144.005 us = 9216.36 us (6189.09 GFLOPS/s)
MUL_MAT_ADD MUL_MAT_VEC q6_K m=5120 n=5 k=6144: 16 x 58.602 us = 937.64 us (5367.47 GFLOPS/s)
MUL_MAT_VEC f32 m=48 n=5 k=5120: 96 x 3.893 us = 373.76 us (631.171 GFLOPS/s)
MUL_MAT_VEC q6_K m=1024 n=5 k=5120: 32 x 10.341 us = 330.92 us (5069.38 GFLOPS/s)
MUL_MAT_VEC q6_K m=10240 n=5 k=5120: 48 x 85.388 us = 4098.64 us (6139.44 GFLOPS/s)
MUL_MAT_VEC q6_K m=12288 n=5 k=5120: 16 x 108.645 us = 1738.32 us (5790.27 GFLOPS/s)
MUL_MAT_VEC q6_K m=17408 n=5 k=5120: 128 x 148.066 us = 18952.6 us (6018.92 GFLOPS/s)
MUL_MAT_VEC q6_K m=248320 n=5 k=5120: 1 x 1752.28 us = 1752.28 us (7254.97 GFLOPS/s)
MUL_MAT_VEC q6_K m=6144 n=5 k=5120: 48 x 56.564 us = 2715.08 us (5560.8 GFLOPS/s)
MUL_MAT_VEC q8_0 m=5120 n=5 k=6144: 48 x 63.939 us = 3069.08 us (4919.48 GFLOPS/s)
RMS_NORM_MUL RMS_NORM(256,24,5,1): 16 x 3.73 us = 59.68 us
RMS_NORM_MUL RMS_NORM(256,4,5,1): 16 x 4.467 us = 71.48 us
RMS_NORM_MUL RMS_NORM(5120,5,1,1): 129 x 2.999 us = 386.88 us
RMS_NORM_MUL_SILU_MUL RMS_NORM(128,48,5,1): 48 x 6.142 us = 294.84 us
RMS_NORM_SCALE RMS_NORM(128,16,5,1): 96 x 2.669 us = 256.24 us
ROPE: 32 x 4.355 us = 139.36 us
SET_ROWS: 32 x 3.357 us = 107.44 us
SIGMOID_MUL SIGMOID: 16 x 2 us = 32 us
SSM_CONV_SILU SSM_CONV: 48 x 5.773 us = 277.12 us
Total time: 48453.4 us.
----------------
Vulkan Timings:
CONCAT: 1 x 3.96 us = 3.96 us
CONT: 1 x 3.64 us = 3.64 us
FLASH_ATTN_EXT dst(256,24,5,1),  q(256,5,24,1),  k(256,256,4,1),  v(256,256,4,1),  m(256,5,1,1): 1 x 21 us = 21 us (1497.97 GFLOPS/s)
GLU: 1 x 1.52 us = 1.52 us
MUL_MAT f32 m=256 n=120 k=256: 1 x 1.72 us = 1.72 us (9126.7 GFLOPS/s)
MUL_MAT f32 m=256 n=20 k=256: 1 x 3.04 us = 3.04 us (860.632 GFLOPS/s)
MUL_MAT f32 m=64 n=480 k=64: 1 x 3.68 us = 3.68 us (1060.17 GFLOPS/s)
MUL_MAT f32 m=64 n=80 k=64: 1 x 3.64 us = 3.64 us (178.637 GFLOPS/s)
MUL_MAT_ADD MUL_MAT_VEC q6_K m=5120 n=5 k=17408: 1 x 156.47 us = 156.47 us (5696.07 GFLOPS/s)
MUL_MAT_ADD MUL_MAT_VEC q6_K m=5120 n=5 k=6144: 1 x 60.92 us = 60.92 us (5163.28 GFLOPS/s)
MUL_MAT_VEC q6_K m=1024 n=5 k=5120: 2 x 11 us = 22 us (4765.79 GFLOPS/s)
MUL_MAT_VEC q6_K m=12288 n=5 k=5120: 1 x 116.45 us = 116.45 us (5402.18 GFLOPS/s)
MUL_MAT_VEC q6_K m=17408 n=5 k=5120: 2 x 133.04 us = 266.08 us (6698.76 GFLOPS/s)
MUL_MAT_VEC q8_0 m=5120 n=5 k=10240: 1 x 105.84 us = 105.84 us (4953.35 GFLOPS/s)
RMS_NORM_MUL RMS_NORM(256,24,5,1): 1 x 3.76 us = 3.76 us
RMS_NORM_MUL RMS_NORM(256,4,5,1): 1 x 3.6 us = 3.6 us
RMS_NORM_MUL RMS_NORM(5120,5,1,1): 5 x 7.644 us = 38.22 us
ROPE: 2 x 3.64 us = 7.28 us
SET_ROWS: 2 x 2.62 us = 5.24 us
SIGMOID_MUL SIGMOID: 1 x 1.64 us = 1.64 us
Total time: 829.7 us.
----------------
Vulkan Timings:
CONCAT: 1 x 3.64 us = 3.64 us
CONT: 1 x 3.52 us = 3.52 us
FLASH_ATTN_EXT dst(256,24,1,1),  q(256,1,24,1),  k(256,256,4,1),  v(256,256,4,1),  m(256,1,1,1): 1 x 12.52 us = 12.52 us (502.512 GFLOPS/s)
GET_ROWS: 2 x 4.3 us = 8.6 us
GLU: 1 x 1.56 us = 1.56 us
MUL_MAT f32 m=256 n=24 k=256: 1 x 1.6 us = 1.6 us (1962.24 GFLOPS/s)
MUL_MAT f32 m=64 n=16 k=64: 1 x 1.8 us = 1.8 us (72.2489 GFLOPS/s)
MUL_MAT f32 m=64 n=96 k=64: 1 x 3.24 us = 3.24 us (240.83 GFLOPS/s)
MUL_MAT_ADD MUL_MAT_VEC q6_K m=5120 n=1 k=17408: 1 x 130.04 us = 130.04 us (1370.75 GFLOPS/s)
MUL_MAT_ADD MUL_MAT_VEC q6_K m=5120 n=1 k=6144: 1 x 54.28 us = 54.28 us (1158.98 GFLOPS/s)
MUL_MAT_VEC f32 m=256 n=4 k=256: 1 x 3.04 us = 3.04 us (172.126 GFLOPS/s)
MUL_MAT_VEC q6_K m=1024 n=1 k=5120: 2 x 9.24 us = 18.48 us (1134.71 GFLOPS/s)
MUL_MAT_VEC q6_K m=12288 n=1 k=5120: 1 x 90.2 us = 90.2 us (1394.87 GFLOPS/s)
MUL_MAT_VEC q6_K m=17408 n=1 k=5120: 2 x 118.04 us = 236.08 us (1510 GFLOPS/s)
MUL_MAT_VEC q6_K m=98304 n=1 k=5120: 1 x 671.8 us = 671.8 us (1498.27 GFLOPS/s)
MUL_MAT_VEC q8_0 m=5120 n=1 k=10240: 1 x 91.72 us = 91.72 us (1143.18 GFLOPS/s)
PAD: 1 x 6.24 us = 6.24 us
RMS_NORM_MUL RMS_NORM(256,24,1,1): 1 x 3.2 us = 3.2 us
RMS_NORM_MUL RMS_NORM(256,4,1,1): 1 x 4.84 us = 4.84 us
RMS_NORM_MUL RMS_NORM(5120,1,1,1): 5 x 4.384 us = 21.92 us
ROPE: 2 x 3.3 us = 6.6 us
SET_ROWS: 2 x 2.6 us = 5.2 us
SIGMOID_MUL SIGMOID: 1 x 1.8 us = 1.8 us
TOP_K K=10 (98304,1,1,1): 1 x 8.8 us = 8.8 us
Total time: 1390.72 us.
----------------
Vulkan Timings:
CONCAT: 1 x 1.68 us = 1.68 us
CONT: 1 x 3.6 us = 3.6 us
FLASH_ATTN_EXT dst(256,24,1,1),  q(256,1,24,1),  k(256,256,4,1),  v(256,256,4,1),  m(256,1,1,1): 1 x 13.04 us = 13.04 us (482.474 GFLOPS/s)
GET_ROWS: 2 x 4.2 us = 8.4 us
GLU: 1 x 2.12 us = 2.12 us
MUL_MAT f32 m=256 n=24 k=256: 1 x 1.64 us = 1.64 us (1914.38 GFLOPS/s)
MUL_MAT f32 m=64 n=16 k=64: 1 x 3.64 us = 3.64 us (35.7275 GFLOPS/s)
MUL_MAT f32 m=64 n=96 k=64: 1 x 3.6 us = 3.6 us (216.747 GFLOPS/s)
MUL_MAT_ADD MUL_MAT_VEC q6_K m=5120 n=1 k=17408: 1 x 123.36 us = 123.36 us (1444.98 GFLOPS/s)
MUL_MAT_ADD MUL_MAT_VEC q6_K m=5120 n=1 k=6144: 1 x 53.64 us = 53.64 us (1172.81 GFLOPS/s)
MUL_MAT_VEC f32 m=256 n=4 k=256: 1 x 3.04 us = 3.04 us (172.126 GFLOPS/s)
MUL_MAT_VEC q6_K m=1024 n=1 k=5120: 2 x 9.14 us = 18.28 us (1147.13 GFLOPS/s)
MUL_MAT_VEC q6_K m=12288 n=1 k=5120: 1 x 85.64 us = 85.64 us (1469.14 GFLOPS/s)
MUL_MAT_VEC q6_K m=17408 n=1 k=5120: 2 x 121.44 us = 242.88 us (1467.72 GFLOPS/s)
MUL_MAT_VEC q6_K m=98304 n=1 k=5120: 1 x 673.21 us = 673.21 us (1495.13 GFLOPS/s)
MUL_MAT_VEC q8_0 m=5120 n=1 k=10240: 1 x 101.28 us = 101.28 us (1035.27 GFLOPS/s)
PAD: 1 x 6.36 us = 6.36 us
RMS_NORM_MUL RMS_NORM(256,24,1,1): 1 x 3.64 us = 3.64 us
RMS_NORM_MUL RMS_NORM(256,4,1,1): 1 x 3.6 us = 3.6 us
RMS_NORM_MUL RMS_NORM(5120,1,1,1): 5 x 4.152 us = 20.76 us
ROPE: 2 x 3.62 us = 7.24 us
SET_ROWS: 2 x 2.64 us = 5.28 us
SIGMOID_MUL SIGMOID: 1 x 1.68 us = 1.68 us
TOP_K K=10 (98304,1,1,1): 1 x 8.76 us = 8.76 us
Total time: 1396.37 us.
----------------
Vulkan Timings:
CONCAT: 1 x 3.72 us = 3.72 us
CONT: 1 x 3.64 us = 3.64 us
FLASH_ATTN_EXT dst(256,24,1,1),  q(256,1,24,1),  k(256,256,4,1),  v(256,256,4,1),  m(256,1,1,1): 1 x 12.84 us = 12.84 us (489.989 GFLOPS/s)
GET_ROWS: 2 x 4.18 us = 8.36 us
GLU: 1 x 1.8 us = 1.8 us
MUL_MAT f32 m=256 n=24 k=256: 1 x 1.64 us = 1.64 us (1914.38 GFLOPS/s)
MUL_MAT f32 m=64 n=16 k=64: 1 x 3.6 us = 3.6 us (36.1244 GFLOPS/s)
MUL_MAT f32 m=64 n=96 k=64: 1 x 3.6 us = 3.6 us (216.747 GFLOPS/s)
MUL_MAT_ADD MUL_MAT_VEC q6_K m=5120 n=1 k=17408: 1 x 123.72 us = 123.72 us (1440.78 GFLOPS/s)
MUL_MAT_ADD MUL_MAT_VEC q6_K m=5120 n=1 k=6144: 1 x 53.36 us = 53.36 us (1178.96 GFLOPS/s)
MUL_MAT_VEC f32 m=256 n=4 k=256: 1 x 3.04 us = 3.04 us (172.126 GFLOPS/s)
MUL_MAT_VEC q6_K m=1024 n=1 k=5120: 2 x 9.3 us = 18.6 us (1127.39 GFLOPS/s)
MUL_MAT_VEC q6_K m=12288 n=1 k=5120: 1 x 85.8 us = 85.8 us (1466.4 GFLOPS/s)
MUL_MAT_VEC q6_K m=17408 n=1 k=5120: 2 x 121.32 us = 242.64 us (1469.18 GFLOPS/s)
MUL_MAT_VEC q6_K m=98304 n=1 k=5120: 1 x 672.38 us = 672.38 us (1496.97 GFLOPS/s)
MUL_MAT_VEC q8_0 m=5120 n=1 k=10240: 1 x 101.88 us = 101.88 us (1029.18 GFLOPS/s)
PAD: 1 x 6.32 us = 6.32 us
RMS_NORM_MUL RMS_NORM(256,24,1,1): 1 x 3.6 us = 3.6 us
RMS_NORM_MUL RMS_NORM(256,4,1,1): 1 x 3.6 us = 3.6 us
RMS_NORM_MUL RMS_NORM(5120,1,1,1): 5 x 3.736 us = 18.68 us
ROPE: 2 x 3.56 us = 7.12 us
SET_ROWS: 2 x 2.66 us = 5.32 us
SIGMOID_MUL SIGMOID: 1 x 1.72 us = 1.72 us
TOP_K K=10 (98304,1,1,1): 1 x 8.6 us = 8.6 us
Total time: 1395.58 us.
----------------
Vulkan Timings:
CONCAT: 1 x 3.76 us = 3.76 us
CONT: 1 x 3.64 us = 3.64 us
FLASH_ATTN_EXT dst(256,24,1,1),  q(256,1,24,1),  k(256,256,4,1),  v(256,256,4,1),  m(256,1,1,1): 1 x 15.08 us = 15.08 us (417.205 GFLOPS/s)
GET_ROWS: 2 x 4.16 us = 8.32 us
GLU: 1 x 1.8 us = 1.8 us
MUL_MAT f32 m=256 n=24 k=256: 1 x 1.68 us = 1.68 us (1868.8 GFLOPS/s)
MUL_MAT f32 m=64 n=16 k=64: 1 x 3.6 us = 3.6 us (36.1244 GFLOPS/s)
MUL_MAT f32 m=64 n=96 k=64: 1 x 3.6 us = 3.6 us (216.747 GFLOPS/s)
MUL_MAT_ADD MUL_MAT_VEC q6_K m=5120 n=1 k=17408: 1 x 123.76 us = 123.76 us (1440.31 GFLOPS/s)
MUL_MAT_ADD MUL_MAT_VEC q6_K m=5120 n=1 k=6144: 1 x 53.56 us = 53.56 us (1174.56 GFLOPS/s)
MUL_MAT_VEC f32 m=256 n=4 k=256: 1 x 3 us = 3 us (174.421 GFLOPS/s)
MUL_MAT_VEC q6_K m=1024 n=1 k=5120: 2 x 9.04 us = 18.08 us (1159.82 GFLOPS/s)
MUL_MAT_VEC q6_K m=12288 n=1 k=5120: 1 x 86.64 us = 86.64 us (1452.18 GFLOPS/s)
MUL_MAT_VEC q6_K m=17408 n=1 k=5120: 2 x 121.58 us = 243.16 us (1466.03 GFLOPS/s)
MUL_MAT_VEC q6_K m=98304 n=1 k=5120: 1 x 670.82 us = 670.82 us (1500.45 GFLOPS/s)
MUL_MAT_VEC q8_0 m=5120 n=1 k=10240: 1 x 101.04 us = 101.04 us (1037.73 GFLOPS/s)
PAD: 1 x 6.32 us = 6.32 us
RMS_NORM_MUL RMS_NORM(256,24,1,1): 1 x 3.6 us = 3.6 us
RMS_NORM_MUL RMS_NORM(256,4,1,1): 1 x 3.64 us = 3.64 us
RMS_NORM_MUL RMS_NORM(5120,1,1,1): 5 x 3.696 us = 18.48 us
ROPE: 2 x 3.58 us = 7.16 us
SET_ROWS: 2 x 1.82 us = 3.64 us
SIGMOID_MUL SIGMOID: 1 x 1.68 us = 1.68 us
TOP_K K=10 (98304,1,1,1): 1 x 8.88 us = 8.88 us
Total time: 1394.94 us.
----------------
Vulkan Timings:
ADD: 48 x 3.795 us = 182.2 us
CONCAT: 48 x 2.503 us = 120.16 us
CONT: 16 x 3.862 us = 61.8 us
CPY: 240 x 2.232 us = 535.76 us
FLASH_ATTN_EXT dst(256,24,5,1),  q(256,5,24,1),  k(256,256,4,1),  v(256,256,4,1),  m(256,5,1,1): 16 x 21.685 us = 346.96 us (1450.65 GFLOPS/s)
GDN_CACHE GATED_DELTA_NET: 48 x 13.873 us = 665.92 us
GET_ROWS: 50 x 26.734 us = 1336.72 us
GLU: 64 x 1.857 us = 118.88 us
MUL_MAT f32 m=256 n=120 k=256: 16 x 1.887 us = 30.2 us (8316.78 GFLOPS/s)
MUL_MAT f32 m=256 n=20 k=256: 16 x 2.842 us = 45.48 us (920.429 GFLOPS/s)
MUL_MAT f32 m=64 n=480 k=64: 16 x 3.66 us = 58.56 us (1065.97 GFLOPS/s)
MUL_MAT f32 m=64 n=80 k=64: 16 x 3.212 us = 51.4 us (202.409 GFLOPS/s)
MUL_MAT_ADD MUL_MAT_VEC q6_K m=5120 n=5 k=17408: 64 x 136.608 us = 8742.96 us (6524.21 GFLOPS/s)
MUL_MAT_ADD MUL_MAT_VEC q6_K m=5120 n=5 k=6144: 16 x 56.177 us = 898.84 us (5599.17 GFLOPS/s)
MUL_MAT_VEC f32 m=48 n=5 k=5120: 96 x 3.422 us = 328.6 us (717.914 GFLOPS/s)
MUL_MAT_VEC q6_K m=1024 n=5 k=5120: 32 x 9.14 us = 292.48 us (5735.63 GFLOPS/s)
MUL_MAT_VEC q6_K m=10240 n=5 k=5120: 48 x 81.145 us = 3895 us (6460.43 GFLOPS/s)
MUL_MAT_VEC q6_K m=12288 n=5 k=5120: 16 x 105.207 us = 1683.32 us (5979.46 GFLOPS/s)
MUL_MAT_VEC q6_K m=17408 n=5 k=5120: 128 x 142.425 us = 18230.5 us (6257.32 GFLOPS/s)
MUL_MAT_VEC q6_K m=248320 n=5 k=5120: 1 x 1752.92 us = 1752.92 us (7252.32 GFLOPS/s)
MUL_MAT_VEC q6_K m=6144 n=5 k=5120: 48 x 54.012 us = 2592.6 us (5823.51 GFLOPS/s)
MUL_MAT_VEC q8_0 m=5120 n=5 k=6144: 48 x 63.28 us = 3037.44 us (4970.72 GFLOPS/s)
RMS_NORM_MUL RMS_NORM(256,24,5,1): 16 x 3.725 us = 59.6 us
RMS_NORM_MUL RMS_NORM(256,4,5,1): 16 x 4.532 us = 72.52 us
RMS_NORM_MUL RMS_NORM(5120,5,1,1): 129 x 2.717 us = 350.6 us
RMS_NORM_MUL_SILU_MUL RMS_NORM(128,48,5,1): 48 x 5.724 us = 274.76 us
RMS_NORM_SCALE RMS_NORM(128,16,5,1): 96 x 2.677 us = 257.04 us
ROPE: 32 x 3.878 us = 124.12 us
SET_ROWS: 32 x 3.046 us = 97.48 us
SIGMOID_MUL SIGMOID: 16 x 1.707 us = 27.32 us
SSM_CONV_SILU SSM_CONV: 48 x 5.76 us = 276.48 us
Total time: 46548.6 us.
----------------
Vulkan Timings:
CONCAT: 1 x 2.04 us = 2.04 us
CONT: 1 x 3.8 us = 3.8 us
FLASH_ATTN_EXT dst(256,24,5,1),  q(256,5,24,1),  k(256,256,4,1),  v(256,256,4,1),  m(256,5,1,1): 1 x 21.36 us = 21.36 us (1472.72 GFLOPS/s)
GLU: 1 x 1.56 us = 1.56 us
MUL_MAT f32 m=256 n=120 k=256: 1 x 1.76 us = 1.76 us (8919.27 GFLOPS/s)
MUL_MAT f32 m=256 n=20 k=256: 1 x 3.24 us = 3.24 us (807.506 GFLOPS/s)
MUL_MAT f32 m=64 n=480 k=64: 1 x 3.84 us = 3.84 us (1016 GFLOPS/s)
MUL_MAT f32 m=64 n=80 k=64: 1 x 3.84 us = 3.84 us (169.333 GFLOPS/s)
MUL_MAT_ADD MUL_MAT_VEC q6_K m=5120 n=5 k=17408: 1 x 156.25 us = 156.25 us (5704.09 GFLOPS/s)
MUL_MAT_ADD MUL_MAT_VEC q6_K m=5120 n=5 k=6144: 1 x 62.2 us = 62.2 us (5057.03 GFLOPS/s)
MUL_MAT_VEC q6_K m=1024 n=5 k=5120: 2 x 11.2 us = 22.4 us (4680.69 GFLOPS/s)
MUL_MAT_VEC q6_K m=12288 n=5 k=5120: 1 x 117.82 us = 117.82 us (5339.37 GFLOPS/s)
MUL_MAT_VEC q6_K m=17408 n=5 k=5120: 2 x 133.96 us = 267.92 us (6652.75 GFLOPS/s)
MUL_MAT_VEC q8_0 m=5120 n=5 k=10240: 1 x 105.2 us = 105.2 us (4983.48 GFLOPS/s)
RMS_NORM_MUL RMS_NORM(256,24,5,1): 1 x 4 us = 4 us
RMS_NORM_MUL RMS_NORM(256,4,5,1): 1 x 3.8 us = 3.8 us
RMS_NORM_MUL RMS_NORM(5120,5,1,1): 5 x 12.528 us = 62.64 us
ROPE: 2 x 3.84 us = 7.68 us
SET_ROWS: 2 x 2.76 us = 5.52 us
SIGMOID_MUL SIGMOID: 1 x 1.84 us = 1.84 us
Total time: 858.71 us.
----------------
Vulkan Timings:
CONCAT: 1 x 3.84 us = 3.84 us
CONT: 1 x 3.52 us = 3.52 us
FLASH_ATTN_EXT dst(256,24,1,1),  q(256,1,24,1),  k(256,256,4,1),  v(256,256,4,1),  m(256,1,1,1): 1 x 12.56 us = 12.56 us (500.912 GFLOPS/s)
GET_ROWS: 2 x 4.18 us = 8.36 us
GLU: 1 x 1.68 us = 1.68 us
MUL_MAT f32 m=256 n=24 k=256: 1 x 1.56 us = 1.56 us (2012.55 GFLOPS/s)
MUL_MAT f32 m=64 n=16 k=64: 1 x 1.84 us = 1.84 us (70.6783 GFLOPS/s)
MUL_MAT f32 m=64 n=96 k=64: 1 x 3.24 us = 3.24 us (240.83 GFLOPS/s)
MUL_MAT_ADD MUL_MAT_VEC q6_K m=5120 n=1 k=17408: 1 x 130.28 us = 130.28 us (1368.23 GFLOPS/s)
MUL_MAT_ADD MUL_MAT_VEC q6_K m=5120 n=1 k=6144: 1 x 53.48 us = 53.48 us (1176.32 GFLOPS/s)
MUL_MAT_VEC f32 m=256 n=4 k=256: 1 x 3.04 us = 3.04 us (172.126 GFLOPS/s)
MUL_MAT_VEC q6_K m=1024 n=1 k=5120: 2 x 9.26 us = 18.52 us (1132.26 GFLOPS/s)
MUL_MAT_VEC q6_K m=12288 n=1 k=5120: 1 x 89.6 us = 89.6 us (1404.21 GFLOPS/s)
MUL_MAT_VEC q6_K m=17408 n=1 k=5120: 2 x 118.08 us = 236.16 us (1509.49 GFLOPS/s)
MUL_MAT_VEC q6_K m=98304 n=1 k=5120: 1 x 671.39 us = 671.39 us (1499.18 GFLOPS/s)
MUL_MAT_VEC q8_0 m=5120 n=1 k=10240: 1 x 91.04 us = 91.04 us (1151.72 GFLOPS/s)
PAD: 1 x 6.32 us = 6.32 us
RMS_NORM_MUL RMS_NORM(256,24,1,1): 1 x 3.24 us = 3.24 us
RMS_NORM_MUL RMS_NORM(256,4,1,1): 1 x 4.92 us = 4.92 us
RMS_NORM_MUL RMS_NORM(5120,1,1,1): 5 x 4.424 us = 22.12 us
ROPE: 2 x 3.36 us = 6.72 us
SET_ROWS: 2 x 2.6 us = 5.2 us
SIGMOID_MUL SIGMOID: 1 x 1.56 us = 1.56 us
TOP_K K=10 (98304,1,1,1): 1 x 8.76 us = 8.76 us
Total time: 1388.95 us.
----------------
Vulkan Timings:
CONCAT: 1 x 3.76 us = 3.76 us
CONT: 1 x 3.64 us = 3.64 us
FLASH_ATTN_EXT dst(256,24,1,1),  q(256,1,24,1),  k(256,256,4,1),  v(256,256,4,1),  m(256,1,1,1): 1 x 12.76 us = 12.76 us (493.061 GFLOPS/s)
GET_ROWS: 2 x 4.28 us = 8.56 us
GLU: 1 x 1.76 us = 1.76 us
MUL_MAT f32 m=256 n=24 k=256: 1 x 1.6 us = 1.6 us (1962.24 GFLOPS/s)
MUL_MAT f32 m=64 n=16 k=64: 1 x 3.56 us = 3.56 us (36.5303 GFLOPS/s)
MUL_MAT f32 m=64 n=96 k=64: 1 x 3.6 us = 3.6 us (216.747 GFLOPS/s)
MUL_MAT_ADD MUL_MAT_VEC q6_K m=5120 n=1 k=17408: 1 x 122.72 us = 122.72 us (1452.52 GFLOPS/s)
MUL_MAT_ADD MUL_MAT_VEC q6_K m=5120 n=1 k=6144: 1 x 54 us = 54 us (1164.99 GFLOPS/s)
MUL_MAT_VEC f32 m=256 n=4 k=256: 1 x 3 us = 3 us (174.421 GFLOPS/s)
MUL_MAT_VEC q6_K m=1024 n=1 k=5120: 2 x 9.08 us = 18.16 us (1154.71 GFLOPS/s)
MUL_MAT_VEC q6_K m=12288 n=1 k=5120: 1 x 85.76 us = 85.76 us (1467.08 GFLOPS/s)
MUL_MAT_VEC q6_K m=17408 n=1 k=5120: 2 x 121.34 us = 242.68 us (1468.93 GFLOPS/s)
MUL_MAT_VEC q6_K m=98304 n=1 k=5120: 1 x 670.62 us = 670.62 us (1500.9 GFLOPS/s)
MUL_MAT_VEC q8_0 m=5120 n=1 k=10240: 1 x 100.96 us = 100.96 us (1038.55 GFLOPS/s)
PAD: 1 x 6.36 us = 6.36 us
RMS_NORM_MUL RMS_NORM(256,24,1,1): 1 x 3.6 us = 3.6 us
RMS_NORM_MUL RMS_NORM(256,4,1,1): 1 x 3.56 us = 3.56 us
RMS_NORM_MUL RMS_NORM(5120,1,1,1): 5 x 3.744 us = 18.72 us
ROPE: 2 x 3.56 us = 7.12 us
SET_ROWS: 2 x 2.64 us = 5.28 us
SIGMOID_MUL SIGMOID: 1 x 1.68 us = 1.68 us
TOP_K K=10 (98304,1,1,1): 1 x 8.84 us = 8.84 us
Total time: 1392.3 us.
----------------
Vulkan Timings:
CONCAT: 1 x 3.8 us = 3.8 us
CONT: 1 x 3.64 us = 3.64 us
FLASH_ATTN_EXT dst(256,24,1,1),  q(256,1,24,1),  k(256,256,4,1),  v(256,256,4,1),  m(256,1,1,1): 1 x 12.76 us = 12.76 us (493.061 GFLOPS/s)
GET_ROWS: 2 x 4.32 us = 8.64 us
GLU: 1 x 1.8 us = 1.8 us
MUL_MAT f32 m=256 n=24 k=256: 1 x 1.64 us = 1.64 us (1914.38 GFLOPS/s)
MUL_MAT f32 m=64 n=16 k=64: 1 x 3.6 us = 3.6 us (36.1244 GFLOPS/s)
MUL_MAT f32 m=64 n=96 k=64: 1 x 3.56 us = 3.56 us (219.182 GFLOPS/s)
MUL_MAT_ADD MUL_MAT_VEC q6_K m=5120 n=1 k=17408: 1 x 123.32 us = 123.32 us (1445.45 GFLOPS/s)
MUL_MAT_ADD MUL_MAT_VEC q6_K m=5120 n=1 k=6144: 1 x 53.88 us = 53.88 us (1167.58 GFLOPS/s)
MUL_MAT_VEC f32 m=256 n=4 k=256: 1 x 3.04 us = 3.04 us (172.126 GFLOPS/s)
MUL_MAT_VEC q6_K m=1024 n=1 k=5120: 2 x 9.24 us = 18.48 us (1134.71 GFLOPS/s)
MUL_MAT_VEC q6_K m=12288 n=1 k=5120: 1 x 85.52 us = 85.52 us (1471.2 GFLOPS/s)
MUL_MAT_VEC q6_K m=17408 n=1 k=5120: 2 x 121.14 us = 242.28 us (1471.36 GFLOPS/s)
MUL_MAT_VEC q6_K m=98304 n=1 k=5120: 1 x 671.3 us = 671.3 us (1499.38 GFLOPS/s)
MUL_MAT_VEC q8_0 m=5120 n=1 k=10240: 1 x 101.88 us = 101.88 us (1029.18 GFLOPS/s)
PAD: 1 x 8.48 us = 8.48 us
RMS_NORM_MUL RMS_NORM(256,24,1,1): 1 x 3.64 us = 3.64 us
RMS_NORM_MUL RMS_NORM(256,4,1,1): 1 x 3.6 us = 3.6 us
RMS_NORM_MUL RMS_NORM(5120,1,1,1): 5 x 3.76 us = 18.8 us
ROPE: 2 x 3.58 us = 7.16 us
SET_ROWS: 2 x 2.64 us = 5.28 us
SIGMOID_MUL SIGMOID: 1 x 1.92 us = 1.92 us
TOP_K K=10 (98304,1,1,1): 1 x 6.44 us = 6.44 us
Total time: 1394.46 us.
----------------
Vulkan Timings:
CONCAT: 1 x 3.72 us = 3.72 us
CONT: 1 x 3.64 us = 3.64 us
FLASH_ATTN_EXT dst(256,24,1,1),  q(256,1,24,1),  k(256,256,4,1),  v(256,256,4,1),  m(256,1,1,1): 1 x 13.04 us = 13.04 us (482.474 GFLOPS/s)
GET_ROWS: 2 x 6.2 us = 12.4 us
GLU: 1 x 1.72 us = 1.72 us
MUL_MAT f32 m=256 n=24 k=256: 1 x 1.64 us = 1.64 us (1914.38 GFLOPS/s)
MUL_MAT f32 m=64 n=16 k=64: 1 x 3.64 us = 3.64 us (35.7275 GFLOPS/s)
MUL_MAT f32 m=64 n=96 k=64: 1 x 3.6 us = 3.6 us (216.747 GFLOPS/s)
MUL_MAT_ADD MUL_MAT_VEC q6_K m=5120 n=1 k=17408: 1 x 123.68 us = 123.68 us (1441.24 GFLOPS/s)
MUL_MAT_ADD MUL_MAT_VEC q6_K m=5120 n=1 k=6144: 1 x 54.48 us = 54.48 us (1154.73 GFLOPS/s)
MUL_MAT_VEC f32 m=256 n=4 k=256: 1 x 3.04 us = 3.04 us (172.126 GFLOPS/s)
MUL_MAT_VEC q6_K m=1024 n=1 k=5120: 2 x 9.3 us = 18.6 us (1127.39 GFLOPS/s)
MUL_MAT_VEC q6_K m=12288 n=1 k=5120: 1 x 85.36 us = 85.36 us (1473.96 GFLOPS/s)
MUL_MAT_VEC q6_K m=17408 n=1 k=5120: 2 x 121.68 us = 243.36 us (1464.83 GFLOPS/s)
MUL_MAT_VEC q6_K m=98304 n=1 k=5120: 1 x 668.16 us = 668.16 us (1506.43 GFLOPS/s)
MUL_MAT_VEC q8_0 m=5120 n=1 k=10240: 1 x 101.36 us = 101.36 us (1034.46 GFLOPS/s)
PAD: 1 x 5.04 us = 5.04 us
RMS_NORM_MUL RMS_NORM(256,24,1,1): 1 x 3.64 us = 3.64 us
RMS_NORM_MUL RMS_NORM(256,4,1,1): 1 x 3.64 us = 3.64 us
RMS_NORM_MUL RMS_NORM(5120,1,1,1): 5 x 3.752 us = 18.76 us
ROPE: 2 x 3.6 us = 7.2 us
SET_ROWS: 2 x 2.64 us = 5.28 us
SIGMOID_MUL SIGMOID: 1 x 1.68 us = 1.68 us
TOP_K K=10 (98304,1,1,1): 1 x 8.92 us = 8.92 us
Total time: 1395.6 us.
----------------
Vulkan Timings:
ADD: 48 x 3.816 us = 183.2 us
CONCAT: 48 x 2.514 us = 120.68 us
CONT: 16 x 3.885 us = 62.16 us
CPY: 240 x 2.261 us = 542.72 us
FLASH_ATTN_EXT dst(256,24,5,1),  q(256,5,24,1),  k(256,256,4,1),  v(256,256,4,1),  m(256,5,1,1): 16 x 21.192 us = 339.08 us (1484.36 GFLOPS/s)
GDN_CACHE GATED_DELTA_NET: 48 x 13.973 us = 670.72 us
GET_ROWS: 50 x 27.1 us = 1355 us
GLU: 64 x 1.863 us = 119.24 us
MUL_MAT f32 m=256 n=120 k=256: 16 x 1.827 us = 29.24 us (8589.83 GFLOPS/s)
MUL_MAT f32 m=256 n=20 k=256: 16 x 3.18 us = 50.88 us (822.742 GFLOPS/s)
MUL_MAT f32 m=64 n=480 k=64: 16 x 3.675 us = 58.8 us (1061.62 GFLOPS/s)
MUL_MAT f32 m=64 n=80 k=64: 16 x 3.247 us = 51.96 us (200.228 GFLOPS/s)
MUL_MAT_ADD MUL_MAT_VEC q6_K m=5120 n=5 k=17408: 64 x 136.998 us = 8767.88 us (6505.67 GFLOPS/s)
MUL_MAT_ADD MUL_MAT_VEC q6_K m=5120 n=5 k=6144: 16 x 55.967 us = 895.48 us (5620.18 GFLOPS/s)
MUL_MAT_VEC f32 m=48 n=5 k=5120: 96 x 3.502 us = 336.24 us (701.602 GFLOPS/s)
MUL_MAT_VEC q6_K m=1024 n=5 k=5120: 32 x 9.666 us = 309.32 us (5423.37 GFLOPS/s)
MUL_MAT_VEC q6_K m=10240 n=5 k=5120: 48 x 81.431 us = 3908.72 us (6437.75 GFLOPS/s)
MUL_MAT_VEC q6_K m=12288 n=5 k=5120: 16 x 104.722 us = 1675.56 us (6007.15 GFLOPS/s)
MUL_MAT_VEC q6_K m=17408 n=5 k=5120: 128 x 142.682 us = 18263.4 us (6246.04 GFLOPS/s)
MUL_MAT_VEC q6_K m=248320 n=5 k=5120: 1 x 1753.24 us = 1753.24 us (7251 GFLOPS/s)
MUL_MAT_VEC q6_K m=6144 n=5 k=5120: 48 x 54.118 us = 2597.68 us (5812.12 GFLOPS/s)
MUL_MAT_VEC q8_0 m=5120 n=5 k=6144: 48 x 63.272 us = 3037.08 us (4971.31 GFLOPS/s)
RMS_NORM_MUL RMS_NORM(256,24,5,1): 16 x 3.877 us = 62.04 us
RMS_NORM_MUL RMS_NORM(256,4,5,1): 16 x 4.577 us = 73.24 us
RMS_NORM_MUL RMS_NORM(5120,5,1,1): 129 x 2.732 us = 352.52 us
RMS_NORM_MUL_SILU_MUL RMS_NORM(128,48,5,1): 48 x 5.768 us = 276.88 us
RMS_NORM_SCALE RMS_NORM(128,16,5,1): 96 x 2.694 us = 258.64 us
ROPE: 32 x 3.916 us = 125.32 us
SET_ROWS: 32 x 3.033 us = 97.08 us
SIGMOID_MUL SIGMOID: 16 x 1.727 us = 27.64 us
SSM_CONV_SILU SSM_CONV: 48 x 5.635 us = 270.52 us
Total time: 46672.2 us.
----------------
Vulkan Timings:
CONCAT: 1 x 2 us = 2 us
CONT: 1 x 3.92 us = 3.92 us
FLASH_ATTN_EXT dst(256,24,5,1),  q(256,5,24,1),  k(256,256,4,1),  v(256,256,4,1),  m(256,5,1,1): 1 x 21.56 us = 21.56 us (1459.06 GFLOPS/s)
GLU: 1 x 1.6 us = 1.6 us
MUL_MAT f32 m=256 n=120 k=256: 1 x 1.76 us = 1.76 us (8919.27 GFLOPS/s)
MUL_MAT f32 m=256 n=20 k=256: 1 x 3.24 us = 3.24 us (807.506 GFLOPS/s)
MUL_MAT f32 m=64 n=480 k=64: 1 x 3.88 us = 3.88 us (1005.53 GFLOPS/s)
MUL_MAT f32 m=64 n=80 k=64: 1 x 3.8 us = 3.8 us (171.116 GFLOPS/s)
MUL_MAT_ADD MUL_MAT_VEC q6_K m=5120 n=5 k=17408: 1 x 158.77 us = 158.77 us (5613.55 GFLOPS/s)
MUL_MAT_ADD MUL_MAT_VEC q6_K m=5120 n=5 k=6144: 1 x 63.24 us = 63.24 us (4973.86 GFLOPS/s)
MUL_MAT_VEC q6_K m=1024 n=5 k=5120: 2 x 11.36 us = 22.72 us (4614.76 GFLOPS/s)
MUL_MAT_VEC q6_K m=12288 n=5 k=5120: 1 x 121.32 us = 121.32 us (5185.33 GFLOPS/s)
MUL_MAT_VEC q6_K m=17408 n=5 k=5120: 2 x 134.4 us = 268.8 us (6630.97 GFLOPS/s)
MUL_MAT_VEC q8_0 m=5120 n=5 k=10240: 1 x 106.96 us = 106.96 us (4901.48 GFLOPS/s)
RMS_NORM_MUL RMS_NORM(256,24,5,1): 1 x 3.92 us = 3.92 us
RMS_NORM_MUL RMS_NORM(256,4,5,1): 1 x 3.84 us = 3.84 us
RMS_NORM_MUL RMS_NORM(5120,5,1,1): 5 x 8.234 us = 41.17 us
ROPE: 2 x 3.82 us = 7.64 us
SET_ROWS: 2 x 2.78 us = 5.56 us
SIGMOID_MUL SIGMOID: 1 x 1.88 us = 1.88 us
Total time: 847.58 us.
----------------
Vulkan Timings:
CONCAT: 1 x 3.64 us = 3.64 us
CONT: 1 x 3.56 us = 3.56 us
FLASH_ATTN_EXT dst(256,24,1,1),  q(256,1,24,1),  k(256,256,4,1),  v(256,256,4,1),  m(256,1,1,1): 1 x 12.8 us = 12.8 us (491.52 GFLOPS/s)
GET_ROWS: 2 x 4.32 us = 8.64 us
GLU: 1 x 1.64 us = 1.64 us
MUL_MAT f32 m=256 n=24 k=256: 1 x 1.56 us = 1.56 us (2012.55 GFLOPS/s)
MUL_MAT f32 m=64 n=16 k=64: 1 x 1.84 us = 1.84 us (70.6783 GFLOPS/s)
MUL_MAT f32 m=64 n=96 k=64: 1 x 3.28 us = 3.28 us (237.893 GFLOPS/s)
MUL_MAT_ADD MUL_MAT_VEC q6_K m=5120 n=1 k=17408: 1 x 129.92 us = 129.92 us (1372.02 GFLOPS/s)
MUL_MAT_ADD MUL_MAT_VEC q6_K m=5120 n=1 k=6144: 1 x 55 us = 55 us (1143.81 GFLOPS/s)
MUL_MAT_VEC f32 m=256 n=4 k=256: 1 x 3.08 us = 3.08 us (169.891 GFLOPS/s)
MUL_MAT_VEC q6_K m=1024 n=1 k=5120: 2 x 9.44 us = 18.88 us (1110.67 GFLOPS/s)
MUL_MAT_VEC q6_K m=12288 n=1 k=5120: 1 x 90.76 us = 90.76 us (1386.26 GFLOPS/s)
MUL_MAT_VEC q6_K m=17408 n=1 k=5120: 2 x 118.26 us = 236.52 us (1507.19 GFLOPS/s)
MUL_MAT_VEC q6_K m=98304 n=1 k=5120: 1 x 674.51 us = 674.51 us (1492.25 GFLOPS/s)
MUL_MAT_VEC q8_0 m=5120 n=1 k=10240: 1 x 92.8 us = 92.8 us (1129.88 GFLOPS/s)
PAD: 1 x 6.32 us = 6.32 us
RMS_NORM_MUL RMS_NORM(256,24,1,1): 1 x 3.32 us = 3.32 us
RMS_NORM_MUL RMS_NORM(256,4,1,1): 1 x 4.96 us = 4.96 us
RMS_NORM_MUL RMS_NORM(5120,1,1,1): 5 x 4.016 us = 20.08 us
ROPE: 2 x 3.38 us = 6.76 us
SET_ROWS: 2 x 2.64 us = 5.28 us
SIGMOID_MUL SIGMOID: 1 x 1.6 us = 1.6 us
TOP_K K=10 (98304,1,1,1): 1 x 9.36 us = 9.36 us
Total time: 1396.11 us.
----------------
Vulkan Timings:
CONCAT: 1 x 3.76 us = 3.76 us
CONT: 1 x 3.6 us = 3.6 us
FLASH_ATTN_EXT dst(256,24,1,1),  q(256,1,24,1),  k(256,256,4,1),  v(256,256,4,1),  m(256,1,1,1): 1 x 14.6 us = 14.6 us (430.922 GFLOPS/s)
GET_ROWS: 2 x 4.24 us = 8.48 us
GLU: 1 x 1.88 us = 1.88 us
MUL_MAT f32 m=256 n=24 k=256: 1 x 2.2 us = 2.2 us (1427.08 GFLOPS/s)
MUL_MAT f32 m=64 n=16 k=64: 1 x 3.56 us = 3.56 us (36.5303 GFLOPS/s)
MUL_MAT f32 m=64 n=96 k=64: 1 x 3.6 us = 3.6 us (216.747 GFLOPS/s)
MUL_MAT_ADD MUL_MAT_VEC q6_K m=5120 n=1 k=17408: 1 x 124.28 us = 124.28 us (1434.28 GFLOPS/s)
MUL_MAT_ADD MUL_MAT_VEC q6_K m=5120 n=1 k=6144: 1 x 54.6 us = 54.6 us (1152.19 GFLOPS/s)
MUL_MAT_VEC f32 m=256 n=4 k=256: 1 x 0.72 us = 0.72 us (726.756 GFLOPS/s)
MUL_MAT_VEC q6_K m=1024 n=1 k=5120: 2 x 5.94 us = 11.88 us (1765.11 GFLOPS/s)
MUL_MAT_VEC q6_K m=12288 n=1 k=5120: 1 x 92.8 us = 92.8 us (1355.78 GFLOPS/s)
MUL_MAT_VEC q6_K m=17408 n=1 k=5120: 2 x 121.28 us = 242.56 us (1469.66 GFLOPS/s)
MUL_MAT_VEC q6_K m=98304 n=1 k=5120: 1 x 675.81 us = 675.81 us (1489.38 GFLOPS/s)
MUL_MAT_VEC q8_0 m=5120 n=1 k=10240: 1 x 101.16 us = 101.16 us (1036.5 GFLOPS/s)
PAD: 1 x 6.32 us = 6.32 us
RMS_NORM_MUL RMS_NORM(256,24,1,1): 1 x 3.6 us = 3.6 us
RMS_NORM_MUL RMS_NORM(256,4,1,1): 1 x 3.6 us = 3.6 us
RMS_NORM_MUL RMS_NORM(5120,1,1,1): 5 x 3.752 us = 18.76 us
ROPE: 2 x 3.58 us = 7.16 us
SET_ROWS: 2 x 2.84 us = 5.68 us
SIGMOID_MUL SIGMOID: 1 x 1.64 us = 1.64 us
TOP_K K=10 (98304,1,1,1): 1 x 8.92 us = 8.92 us
Total time: 1401.17 us.
----------------
Vulkan Timings:
CONCAT: 1 x 3.76 us = 3.76 us
CONT: 1 x 3.6 us = 3.6 us
FLASH_ATTN_EXT dst(256,24,1,1),  q(256,1,24,1),  k(256,256,4,1),  v(256,256,4,1),  m(256,1,1,1): 1 x 14.52 us = 14.52 us (433.296 GFLOPS/s)
GET_ROWS: 2 x 6.02 us = 12.04 us
GLU: 1 x 1.76 us = 1.76 us
MUL_MAT f32 m=256 n=24 k=256: 1 x 2.2 us = 2.2 us (1427.08 GFLOPS/s)
MUL_MAT f32 m=64 n=16 k=64: 1 x 3.6 us = 3.6 us (36.1244 GFLOPS/s)
MUL_MAT f32 m=64 n=96 k=64: 1 x 3.56 us = 3.56 us (219.182 GFLOPS/s)
MUL_MAT_ADD MUL_MAT_VEC q6_K m=5120 n=1 k=17408: 1 x 123.28 us = 123.28 us (1445.92 GFLOPS/s)
MUL_MAT_ADD MUL_MAT_VEC q6_K m=5120 n=1 k=6144: 1 x 54.2 us = 54.2 us (1160.69 GFLOPS/s)
MUL_MAT_VEC f32 m=256 n=4 k=256: 1 x 0.72 us = 0.72 us (726.756 GFLOPS/s)
MUL_MAT_VEC q6_K m=1024 n=1 k=5120: 2 x 5.9 us = 11.8 us (1777.07 GFLOPS/s)
MUL_MAT_VEC q6_K m=12288 n=1 k=5120: 1 x 93.04 us = 93.04 us (1352.29 GFLOPS/s)
MUL_MAT_VEC q6_K m=17408 n=1 k=5120: 2 x 121.18 us = 242.36 us (1470.87 GFLOPS/s)
MUL_MAT_VEC q6_K m=98304 n=1 k=5120: 1 x 674.59 us = 674.59 us (1492.07 GFLOPS/s)
MUL_MAT_VEC q8_0 m=5120 n=1 k=10240: 1 x 100.96 us = 100.96 us (1038.55 GFLOPS/s)
PAD: 1 x 5 us = 5 us
RMS_NORM_MUL RMS_NORM(256,24,1,1): 1 x 3.6 us = 3.6 us
RMS_NORM_MUL RMS_NORM(256,4,1,1): 1 x 3.6 us = 3.6 us
RMS_NORM_MUL RMS_NORM(5120,1,1,1): 5 x 3.72 us = 18.6 us
ROPE: 2 x 3.6 us = 7.2 us
SET_ROWS: 2 x 2.82 us = 5.64 us
SIGMOID_MUL SIGMOID: 1 x 1.68 us = 1.68 us
TOP_K K=10 (98304,1,1,1): 1 x 9.16 us = 9.16 us
Total time: 1400.47 us.
----------------
Vulkan Timings:
CONCAT: 1 x 3.76 us = 3.76 us
CONT: 1 x 3.64 us = 3.64 us
FLASH_ATTN_EXT dst(256,24,1,1),  q(256,1,24,1),  k(256,256,4,1),  v(256,256,4,1),  m(256,1,1,1): 1 x 12.72 us = 12.72 us (494.611 GFLOPS/s)
GET_ROWS: 2 x 4.2 us = 8.4 us
GLU: 1 x 1.8 us = 1.8 us
MUL_MAT f32 m=256 n=24 k=256: 1 x 1.64 us = 1.64 us (1914.38 GFLOPS/s)
MUL_MAT f32 m=64 n=16 k=64: 1 x 3.6 us = 3.6 us (36.1244 GFLOPS/s)
MUL_MAT f32 m=64 n=96 k=64: 1 x 3.64 us = 3.64 us (214.365 GFLOPS/s)
MUL_MAT_ADD MUL_MAT_VEC q6_K m=5120 n=1 k=17408: 1 x 123.56 us = 123.56 us (1442.64 GFLOPS/s)
MUL_MAT_ADD MUL_MAT_VEC q6_K m=5120 n=1 k=6144: 1 x 54.36 us = 54.36 us (1157.27 GFLOPS/s)
MUL_MAT_VEC f32 m=256 n=4 k=256: 1 x 3.04 us = 3.04 us (172.126 GFLOPS/s)
MUL_MAT_VEC q6_K m=1024 n=1 k=5120: 2 x 9.2 us = 18.4 us (1139.65 GFLOPS/s)
MUL_MAT_VEC q6_K m=12288 n=1 k=5120: 1 x 85.76 us = 85.76 us (1467.08 GFLOPS/s)
MUL_MAT_VEC q6_K m=17408 n=1 k=5120: 2 x 121.48 us = 242.96 us (1467.24 GFLOPS/s)
MUL_MAT_VEC q6_K m=98304 n=1 k=5120: 1 x 673.51 us = 673.51 us (1494.46 GFLOPS/s)
MUL_MAT_VEC q8_0 m=5120 n=1 k=10240: 1 x 101.48 us = 101.48 us (1033.23 GFLOPS/s)
PAD: 1 x 6.32 us = 6.32 us
RMS_NORM_MUL RMS_NORM(256,24,1,1): 1 x 3.64 us = 3.64 us
RMS_NORM_MUL RMS_NORM(256,4,1,1): 1 x 3.6 us = 3.6 us
RMS_NORM_MUL RMS_NORM(5120,1,1,1): 5 x 3.72 us = 18.6 us
ROPE: 2 x 3.58 us = 7.16 us
SET_ROWS: 2 x 2.72 us = 5.44 us
SIGMOID_MUL SIGMOID: 1 x 1.92 us = 1.92 us
TOP_K K=10 (98304,1,1,1): 1 x 9.44 us = 9.44 us
Total time: 1398.39 us.
----------------
Vulkan Timings:
ADD: 48 x 3.843 us = 184.48 us
CONCAT: 48 x 2.44 us = 117.16 us
CONT: 16 x 3.907 us = 62.52 us
CPY: 240 x 2.335 us = 560.52 us
FLASH_ATTN_EXT dst(256,24,5,1),  q(256,5,24,1),  k(256,256,4,1),  v(256,256,4,1),  m(256,5,1,1): 16 x 21.282 us = 340.52 us (1478.08 GFLOPS/s)
GDN_CACHE GATED_DELTA_NET: 48 x 13.85 us = 664.84 us
GET_ROWS: 50 x 27.168 us = 1358.4 us
GLU: 64 x 1.867 us = 119.52 us
MUL_MAT f32 m=256 n=120 k=256: 16 x 1.842 us = 29.48 us (8519.9 GFLOPS/s)
MUL_MAT f32 m=256 n=20 k=256: 16 x 3.197 us = 51.16 us (818.239 GFLOPS/s)
MUL_MAT f32 m=64 n=480 k=64: 16 x 3.702 us = 59.24 us (1053.73 GFLOPS/s)
MUL_MAT f32 m=64 n=80 k=64: 16 x 3.26 us = 52.16 us (199.46 GFLOPS/s)
MUL_MAT_ADD MUL_MAT_VEC q6_K m=5120 n=5 k=17408: 64 x 136.951 us = 8764.92 us (6507.86 GFLOPS/s)
MUL_MAT_ADD MUL_MAT_VEC q6_K m=5120 n=5 k=6144: 16 x 56.26 us = 900.16 us (5590.96 GFLOPS/s)
MUL_MAT_VEC f32 m=48 n=5 k=5120: 96 x 3.418 us = 328.16 us (718.877 GFLOPS/s)
MUL_MAT_VEC q6_K m=1024 n=5 k=5120: 32 x 10.007 us = 320.24 us (5238.44 GFLOPS/s)
MUL_MAT_VEC q6_K m=10240 n=5 k=5120: 48 x 81.616 us = 3917.6 us (6423.16 GFLOPS/s)
MUL_MAT_VEC q6_K m=12288 n=5 k=5120: 16 x 103.34 us = 1653.44 us (6087.52 GFLOPS/s)
MUL_MAT_VEC q6_K m=17408 n=5 k=5120: 128 x 142.759 us = 18273.2 us (6242.68 GFLOPS/s)
MUL_MAT_VEC q6_K m=248320 n=5 k=5120: 1 x 1759.32 us = 1759.32 us (7225.94 GFLOPS/s)
MUL_MAT_VEC q6_K m=6144 n=5 k=5120: 48 x 54.07 us = 2595.4 us (5817.22 GFLOPS/s)
MUL_MAT_VEC q8_0 m=5120 n=5 k=6144: 48 x 63.175 us = 3032.44 us (4978.92 GFLOPS/s)
RMS_NORM_MUL RMS_NORM(256,24,5,1): 16 x 4.195 us = 67.12 us
RMS_NORM_MUL RMS_NORM(256,4,5,1): 16 x 4.602 us = 73.64 us
RMS_NORM_MUL RMS_NORM(5120,5,1,1): 129 x 2.728 us = 352 us
RMS_NORM_MUL_SILU_MUL RMS_NORM(128,48,5,1): 48 x 5.807 us = 278.76 us
RMS_NORM_SCALE RMS_NORM(128,16,5,1): 96 x 2.725 us = 261.6 us
ROPE: 32 x 3.935 us = 125.92 us
SET_ROWS: 32 x 3.06 us = 97.92 us
SIGMOID_MUL SIGMOID: 16 x 1.717 us = 27.48 us
SSM_CONV_SILU SSM_CONV: 48 x 5.537 us = 265.8 us
Total time: 46695.2 us.
----------------
Vulkan Timings:
CONCAT: 1 x 2.04 us = 2.04 us
CONT: 1 x 3.88 us = 3.88 us
FLASH_ATTN_EXT dst(256,24,5,1),  q(256,5,24,1),  k(256,256,4,1),  v(256,256,4,1),  m(256,5,1,1): 1 x 21.72 us = 21.72 us (1448.31 GFLOPS/s)
GLU: 1 x 4.04 us = 4.04 us
MUL_MAT f32 m=256 n=120 k=256: 1 x 1.8 us = 1.8 us (8721.07 GFLOPS/s)
MUL_MAT f32 m=256 n=20 k=256: 1 x 3.2 us = 3.2 us (817.6 GFLOPS/s)
MUL_MAT f32 m=64 n=480 k=64: 1 x 3.8 us = 3.8 us (1026.69 GFLOPS/s)
MUL_MAT f32 m=64 n=80 k=64: 1 x 3.84 us = 3.84 us (169.333 GFLOPS/s)
MUL_MAT_ADD MUL_MAT_VEC q6_K m=5120 n=5 k=17408: 1 x 154.96 us = 154.96 us (5751.57 GFLOPS/s)
MUL_MAT_ADD MUL_MAT_VEC q6_K m=5120 n=5 k=6144: 1 x 62.24 us = 62.24 us (5053.78 GFLOPS/s)
MUL_MAT_VEC q6_K m=1024 n=5 k=5120: 2 x 11.48 us = 22.96 us (4566.52 GFLOPS/s)
MUL_MAT_VEC q6_K m=12288 n=5 k=5120: 1 x 123.39 us = 123.39 us (5098.34 GFLOPS/s)
MUL_MAT_VEC q6_K m=17408 n=5 k=5120: 2 x 134.82 us = 269.64 us (6610.31 GFLOPS/s)
MUL_MAT_VEC q8_0 m=5120 n=5 k=10240: 1 x 107 us = 107 us (4899.65 GFLOPS/s)
RMS_NORM_MUL RMS_NORM(256,24,5,1): 1 x 3.96 us = 3.96 us
RMS_NORM_MUL RMS_NORM(256,4,5,1): 1 x 3.84 us = 3.84 us
RMS_NORM_MUL RMS_NORM(5120,5,1,1): 5 x 8.274 us = 41.37 us
ROPE: 2 x 3.82 us = 7.64 us
SET_ROWS: 2 x 2.76 us = 5.52 us
SIGMOID_MUL SIGMOID: 1 x 1.84 us = 1.84 us
Total time: 848.68 us.
----------------
Vulkan Timings:
CONCAT: 1 x 3.8 us = 3.8 us
CONT: 1 x 3.56 us = 3.56 us
FLASH_ATTN_EXT dst(256,24,1,1),  q(256,1,24,1),  k(256,256,4,1),  v(256,256,4,1),  m(256,1,1,1): 1 x 12.48 us = 12.48 us (504.123 GFLOPS/s)
GET_ROWS: 2 x 4.22 us = 8.44 us
GLU: 1 x 1.72 us = 1.72 us
MUL_MAT f32 m=256 n=24 k=256: 1 x 1.6 us = 1.6 us (1962.24 GFLOPS/s)
MUL_MAT f32 m=64 n=16 k=64: 1 x 1.84 us = 1.84 us (70.6783 GFLOPS/s)
MUL_MAT f32 m=64 n=96 k=64: 1 x 3.24 us = 3.24 us (240.83 GFLOPS/s)
MUL_MAT_ADD MUL_MAT_VEC q6_K m=5120 n=1 k=17408: 1 x 131.08 us = 131.08 us (1359.88 GFLOPS/s)
MUL_MAT_ADD MUL_MAT_VEC q6_K m=5120 n=1 k=6144: 1 x 53.72 us = 53.72 us (1171.06 GFLOPS/s)
MUL_MAT_VEC f32 m=256 n=4 k=256: 1 x 3.08 us = 3.08 us (169.891 GFLOPS/s)
MUL_MAT_VEC q6_K m=1024 n=1 k=5120: 2 x 6.24 us = 12.48 us (1680.25 GFLOPS/s)
MUL_MAT_VEC q6_K m=12288 n=1 k=5120: 1 x 97.96 us = 97.96 us (1284.37 GFLOPS/s)
MUL_MAT_VEC q6_K m=17408 n=1 k=5120: 2 x 118.18 us = 236.36 us (1508.21 GFLOPS/s)
MUL_MAT_VEC q6_K m=98304 n=1 k=5120: 1 x 672.47 us = 672.47 us (1496.77 GFLOPS/s)
MUL_MAT_VEC q8_0 m=5120 n=1 k=10240: 1 x 91.52 us = 91.52 us (1145.68 GFLOPS/s)
PAD: 1 x 6.36 us = 6.36 us
RMS_NORM_MUL RMS_NORM(256,24,1,1): 1 x 3.32 us = 3.32 us
RMS_NORM_MUL RMS_NORM(256,4,1,1): 1 x 5 us = 5 us
RMS_NORM_MUL RMS_NORM(5120,1,1,1): 5 x 4.512 us = 22.56 us
ROPE: 2 x 3.44 us = 6.88 us
SET_ROWS: 2 x 2.66 us = 5.32 us
SIGMOID_MUL SIGMOID: 1 x 1.56 us = 1.56 us
TOP_K K=10 (98304,1,1,1): 1 x 9 us = 9 us
Total time: 1395.35 us.
----------------
Vulkan Timings:
CONCAT: 1 x 3.72 us = 3.72 us
CONT: 1 x 3.64 us = 3.64 us
FLASH_ATTN_EXT dst(256,24,1,1),  q(256,1,24,1),  k(256,256,4,1),  v(256,256,4,1),  m(256,1,1,1): 1 x 12.8 us = 12.8 us (491.52 GFLOPS/s)
GET_ROWS: 2 x 4.24 us = 8.48 us
GLU: 1 x 1.8 us = 1.8 us
MUL_MAT f32 m=256 n=24 k=256: 1 x 1.64 us = 1.64 us (1914.38 GFLOPS/s)
MUL_MAT f32 m=64 n=16 k=64: 1 x 3.64 us = 3.64 us (35.7275 GFLOPS/s)
MUL_MAT f32 m=64 n=96 k=64: 1 x 3.6 us = 3.6 us (216.747 GFLOPS/s)
MUL_MAT_ADD MUL_MAT_VEC q6_K m=5120 n=1 k=17408: 1 x 122.52 us = 122.52 us (1454.89 GFLOPS/s)
MUL_MAT_ADD MUL_MAT_VEC q6_K m=5120 n=1 k=6144: 1 x 54.44 us = 54.44 us (1155.57 GFLOPS/s)
MUL_MAT_VEC f32 m=256 n=4 k=256: 1 x 3.04 us = 3.04 us (172.126 GFLOPS/s)
MUL_MAT_VEC q6_K m=1024 n=1 k=5120: 2 x 9.08 us = 18.16 us (1154.71 GFLOPS/s)
MUL_MAT_VEC q6_K m=12288 n=1 k=5120: 1 x 85.52 us = 85.52 us (1471.2 GFLOPS/s)
MUL_MAT_VEC q6_K m=17408 n=1 k=5120: 2 x 121.56 us = 243.12 us (1466.28 GFLOPS/s)
MUL_MAT_VEC q6_K m=98304 n=1 k=5120: 1 x 675.34 us = 675.34 us (1490.41 GFLOPS/s)
MUL_MAT_VEC q8_0 m=5120 n=1 k=10240: 1 x 101.28 us = 101.28 us (1035.27 GFLOPS/s)
PAD: 1 x 8.44 us = 8.44 us
RMS_NORM_MUL RMS_NORM(256,24,1,1): 1 x 3.64 us = 3.64 us
RMS_NORM_MUL RMS_NORM(256,4,1,1): 1 x 3.64 us = 3.64 us
RMS_NORM_MUL RMS_NORM(5120,1,1,1): 5 x 3.68 us = 18.4 us
ROPE: 2 x 3.6 us = 7.2 us
SET_ROWS: 2 x 2.66 us = 5.32 us
SIGMOID_MUL SIGMOID: 1 x 1.68 us = 1.68 us
TOP_K K=10 (98304,1,1,1): 1 x 6.48 us = 6.48 us
Total time: 1397.54 us.
----------------
Vulkan Timings:
CONCAT: 1 x 3.72 us = 3.72 us
CONT: 1 x 3.64 us = 3.64 us
FLASH_ATTN_EXT dst(256,24,1,1),  q(256,1,24,1),  k(256,256,4,1),  v(256,256,4,1),  m(256,1,1,1): 1 x 12.96 us = 12.96 us (485.452 GFLOPS/s)
GET_ROWS: 2 x 4.28 us = 8.56 us
GLU: 1 x 1.8 us = 1.8 us
MUL_MAT f32 m=256 n=24 k=256: 1 x 1.64 us = 1.64 us (1914.38 GFLOPS/s)
MUL_MAT f32 m=64 n=16 k=64: 1 x 3.56 us = 3.56 us (36.5303 GFLOPS/s)
MUL_MAT f32 m=64 n=96 k=64: 1 x 3.6 us = 3.6 us (216.747 GFLOPS/s)
MUL_MAT_ADD MUL_MAT_VEC q6_K m=5120 n=1 k=17408: 1 x 123.08 us = 123.08 us (1448.27 GFLOPS/s)
MUL_MAT_ADD MUL_MAT_VEC q6_K m=5120 n=1 k=6144: 1 x 54.8 us = 54.8 us (1147.98 GFLOPS/s)
MUL_MAT_VEC f32 m=256 n=4 k=256: 1 x 3 us = 3 us (174.421 GFLOPS/s)
MUL_MAT_VEC q6_K m=1024 n=1 k=5120: 2 x 9.02 us = 18.04 us (1162.39 GFLOPS/s)
MUL_MAT_VEC q6_K m=12288 n=1 k=5120: 1 x 86.04 us = 86.04 us (1462.31 GFLOPS/s)
MUL_MAT_VEC q6_K m=17408 n=1 k=5120: 2 x 121.4 us = 242.8 us (1468.21 GFLOPS/s)
MUL_MAT_VEC q6_K m=98304 n=1 k=5120: 1 x 675.52 us = 675.52 us (1490.01 GFLOPS/s)
MUL_MAT_VEC q8_0 m=5120 n=1 k=10240: 1 x 101.32 us = 101.32 us (1034.86 GFLOPS/s)
PAD: 1 x 6.36 us = 6.36 us
RMS_NORM_MUL RMS_NORM(256,24,1,1): 1 x 3.6 us = 3.6 us
RMS_NORM_MUL RMS_NORM(256,4,1,1): 1 x 3.6 us = 3.6 us
RMS_NORM_MUL RMS_NORM(5120,1,1,1): 5 x 3.736 us = 18.68 us
ROPE: 2 x 3.54 us = 7.08 us
SET_ROWS: 2 x 2.68 us = 5.36 us
SIGMOID_MUL SIGMOID: 1 x 1.72 us = 1.72 us
TOP_K K=10 (98304,1,1,1): 1 x 9.04 us = 9.04 us
Total time: 1399.52 us.
----------------
Vulkan Timings:
CONCAT: 1 x 3.84 us = 3.84 us
CONT: 1 x 3.6 us = 3.6 us
FLASH_ATTN_EXT dst(256,24,1,1),  q(256,1,24,1),  k(256,256,4,1),  v(256,256,4,1),  m(256,1,1,1): 1 x 12.84 us = 12.84 us (489.989 GFLOPS/s)
GET_ROWS: 2 x 4.18 us = 8.36 us
GLU: 1 x 1.8 us = 1.8 us
MUL_MAT f32 m=256 n=24 k=256: 1 x 1.76 us = 1.76 us (1783.85 GFLOPS/s)
MUL_MAT f32 m=64 n=16 k=64: 1 x 3.64 us = 3.64 us (35.7275 GFLOPS/s)
MUL_MAT f32 m=64 n=96 k=64: 1 x 3.64 us = 3.64 us (214.365 GFLOPS/s)
MUL_MAT_ADD MUL_MAT_VEC q6_K m=5120 n=1 k=17408: 1 x 123.12 us = 123.12 us (1447.8 GFLOPS/s)
MUL_MAT_ADD MUL_MAT_VEC q6_K m=5120 n=1 k=6144: 1 x 53.44 us = 53.44 us (1177.2 GFLOPS/s)
MUL_MAT_VEC f32 m=256 n=4 k=256: 1 x 3.04 us = 3.04 us (172.126 GFLOPS/s)
MUL_MAT_VEC q6_K m=1024 n=1 k=5120: 2 x 5.94 us = 11.88 us (1765.11 GFLOPS/s)
MUL_MAT_VEC q6_K m=12288 n=1 k=5120: 1 x 93.56 us = 93.56 us (1344.77 GFLOPS/s)
MUL_MAT_VEC q6_K m=17408 n=1 k=5120: 2 x 121.38 us = 242.76 us (1468.45 GFLOPS/s)
MUL_MAT_VEC q6_K m=98304 n=1 k=5120: 1 x 674.12 us = 674.12 us (1493.11 GFLOPS/s)
MUL_MAT_VEC q8_0 m=5120 n=1 k=10240: 1 x 101.24 us = 101.24 us (1035.68 GFLOPS/s)
PAD: 1 x 6.32 us = 6.32 us
RMS_NORM_MUL RMS_NORM(256,24,1,1): 1 x 3.6 us = 3.6 us
RMS_NORM_MUL RMS_NORM(256,4,1,1): 1 x 3.6 us = 3.6 us
RMS_NORM_MUL RMS_NORM(5120,1,1,1): 5 x 3.76 us = 18.8 us
ROPE: 2 x 3.62 us = 7.24 us
SET_ROWS: 2 x 2.64 us = 5.28 us
SIGMOID_MUL SIGMOID: 1 x 1.64 us = 1.64 us
TOP_K K=10 (98304,1,1,1): 1 x 8.8 us = 8.8 us
Total time: 1397.92 us.
----------------
Vulkan Timings:
ADD: 48 x 3.818 us = 183.28 us
CONCAT: 48 x 2.617 us = 125.64 us
CONT: 16 x 3.89 us = 62.24 us
CPY: 240 x 2.239 us = 537.56 us
FLASH_ATTN_EXT dst(256,24,5,1),  q(256,5,24,1),  k(256,256,4,1),  v(256,256,4,1),  m(256,5,1,1): 16 x 21.21 us = 339.36 us (1483.13 GFLOPS/s)
GDN_CACHE GATED_DELTA_NET: 48 x 13.91 us = 667.72 us
GET_ROWS: 50 x 26.999 us = 1349.96 us
GLU: 64 x 1.858 us = 118.92 us
MUL_MAT f32 m=256 n=120 k=256: 16 x 1.817 us = 29.08 us (8637.09 GFLOPS/s)
MUL_MAT f32 m=256 n=20 k=256: 16 x 3.18 us = 50.88 us (822.742 GFLOPS/s)
MUL_MAT f32 m=64 n=480 k=64: 16 x 3.667 us = 58.68 us (1063.79 GFLOPS/s)
MUL_MAT f32 m=64 n=80 k=64: 16 x 3.237 us = 51.8 us (200.846 GFLOPS/s)
MUL_MAT_ADD MUL_MAT_VEC q6_K m=5120 n=5 k=17408: 64 x 136.875 us = 8760.04 us (6511.49 GFLOPS/s)
MUL_MAT_ADD MUL_MAT_VEC q6_K m=5120 n=5 k=6144: 16 x 55.915 us = 894.64 us (5625.45 GFLOPS/s)
MUL_MAT_VEC f32 m=48 n=5 k=5120: 96 x 3.432 us = 329.52 us (715.91 GFLOPS/s)
MUL_MAT_VEC q6_K m=1024 n=5 k=5120: 32 x 9.397 us = 300.72 us (5578.47 GFLOPS/s)
MUL_MAT_VEC q6_K m=10240 n=5 k=5120: 48 x 81.484 us = 3911.24 us (6433.6 GFLOPS/s)
MUL_MAT_VEC q6_K m=12288 n=5 k=5120: 16 x 104.737 us = 1675.8 us (6006.29 GFLOPS/s)
MUL_MAT_VEC q6_K m=17408 n=5 k=5120: 128 x 142.582 us = 18250.5 us (6250.45 GFLOPS/s)
MUL_MAT_VEC q6_K m=248320 n=5 k=5120: 1 x 1763.96 us = 1763.96 us (7206.93 GFLOPS/s)
MUL_MAT_VEC q6_K m=6144 n=5 k=5120: 48 x 54.164 us = 2599.88 us (5807.2 GFLOPS/s)
MUL_MAT_VEC q8_0 m=5120 n=5 k=6144: 48 x 63.225 us = 3034.84 us (4974.98 GFLOPS/s)
RMS_NORM_MUL RMS_NORM(256,24,5,1): 16 x 3.88 us = 62.08 us
RMS_NORM_MUL RMS_NORM(256,4,5,1): 16 x 4.575 us = 73.2 us
RMS_NORM_MUL RMS_NORM(5120,5,1,1): 129 x 2.702 us = 348.56 us
RMS_NORM_MUL_SILU_MUL RMS_NORM(128,48,5,1): 48 x 5.77 us = 277 us
RMS_NORM_SCALE RMS_NORM(128,16,5,1): 96 x 2.688 us = 258.12 us
ROPE: 32 x 3.908 us = 125.08 us
SET_ROWS: 32 x 3.046 us = 97.48 us
SIGMOID_MUL SIGMOID: 16 x 1.69 us = 27.04 us
SSM_CONV_SILU SSM_CONV: 48 x 5.747 us = 275.88 us
Total time: 46640.7 us.
----------------
Vulkan Timings:
CONCAT: 1 x 4.28 us = 4.28 us
CONT: 1 x 3.84 us = 3.84 us
FLASH_ATTN_EXT dst(256,24,5,1),  q(256,5,24,1),  k(256,256,4,1),  v(256,256,4,1),  m(256,5,1,1): 1 x 21.4 us = 21.4 us (1469.97 GFLOPS/s)
GLU: 1 x 1.56 us = 1.56 us
MUL_MAT f32 m=256 n=120 k=256: 1 x 1.76 us = 1.76 us (8919.27 GFLOPS/s)
MUL_MAT f32 m=256 n=20 k=256: 1 x 3.2 us = 3.2 us (817.6 GFLOPS/s)
MUL_MAT f32 m=64 n=480 k=64: 1 x 3.8 us = 3.8 us (1026.69 GFLOPS/s)
MUL_MAT f32 m=64 n=80 k=64: 1 x 3.84 us = 3.84 us (169.333 GFLOPS/s)
MUL_MAT_ADD MUL_MAT_VEC q6_K m=5120 n=5 k=17408: 1 x 157.53 us = 157.53 us (5657.74 GFLOPS/s)
MUL_MAT_ADD MUL_MAT_VEC q6_K m=5120 n=5 k=6144: 1 x 61.44 us = 61.44 us (5119.58 GFLOPS/s)
MUL_MAT_VEC q6_K m=1024 n=5 k=5120: 2 x 11.44 us = 22.88 us (4582.49 GFLOPS/s)
MUL_MAT_VEC q6_K m=12288 n=5 k=5120: 1 x 114.92 us = 114.92 us (5474.11 GFLOPS/s)
MUL_MAT_VEC q6_K m=17408 n=5 k=5120: 2 x 134.72 us = 269.44 us (6615.22 GFLOPS/s)
MUL_MAT_VEC q8_0 m=5120 n=5 k=10240: 1 x 107.04 us = 107.04 us (4897.82 GFLOPS/s)
RMS_NORM_MUL RMS_NORM(256,24,5,1): 1 x 3.96 us = 3.96 us
RMS_NORM_MUL RMS_NORM(256,4,5,1): 1 x 3.84 us = 3.84 us
RMS_NORM_MUL RMS_NORM(5120,5,1,1): 5 x 7.778 us = 38.89 us
ROPE: 2 x 3.82 us = 7.64 us
SET_ROWS: 2 x 2.74 us = 5.48 us
SIGMOID_MUL SIGMOID: 1 x 1.88 us = 1.88 us
Total time: 838.62 us.
----------------
Vulkan Timings:
CONCAT: 1 x 3.88 us = 3.88 us
CONT: 1 x 3.52 us = 3.52 us
FLASH_ATTN_EXT dst(256,24,1,1),  q(256,1,24,1),  k(256,256,4,1),  v(256,256,4,1),  m(256,1,1,1): 1 x 12.72 us = 12.72 us (494.611 GFLOPS/s)
GET_ROWS: 2 x 4.3 us = 8.6 us
GLU: 1 x 1.72 us = 1.72 us
MUL_MAT f32 m=256 n=24 k=256: 1 x 1.52 us = 1.52 us (2065.52 GFLOPS/s)
MUL_MAT f32 m=64 n=16 k=64: 1 x 1.84 us = 1.84 us (70.6783 GFLOPS/s)
MUL_MAT f32 m=64 n=96 k=64: 1 x 3.24 us = 3.24 us (240.83 GFLOPS/s)
MUL_MAT_ADD MUL_MAT_VEC q6_K m=5120 n=1 k=17408: 1 x 129.28 us = 129.28 us (1378.81 GFLOPS/s)
MUL_MAT_ADD MUL_MAT_VEC q6_K m=5120 n=1 k=6144: 1 x 54.08 us = 54.08 us (1163.27 GFLOPS/s)
MUL_MAT_VEC f32 m=256 n=4 k=256: 1 x 3.08 us = 3.08 us (169.891 GFLOPS/s)
MUL_MAT_VEC q6_K m=1024 n=1 k=5120: 2 x 9.3 us = 18.6 us (1127.39 GFLOPS/s)
MUL_MAT_VEC q6_K m=12288 n=1 k=5120: 1 x 89.8 us = 89.8 us (1401.08 GFLOPS/s)
MUL_MAT_VEC q6_K m=17408 n=1 k=5120: 2 x 118.62 us = 237.24 us (1502.62 GFLOPS/s)
MUL_MAT_VEC q6_K m=98304 n=1 k=5120: 1 x 669.35 us = 669.35 us (1503.75 GFLOPS/s)
MUL_MAT_VEC q8_0 m=5120 n=1 k=10240: 1 x 91.08 us = 91.08 us (1151.21 GFLOPS/s)
PAD: 1 x 7.08 us = 7.08 us
RMS_NORM_MUL RMS_NORM(256,24,1,1): 1 x 3.24 us = 3.24 us
RMS_NORM_MUL RMS_NORM(256,4,1,1): 1 x 4.92 us = 4.92 us
RMS_NORM_MUL RMS_NORM(5120,1,1,1): 5 x 4.44 us = 22.2 us
ROPE: 2 x 3.38 us = 6.76 us
SET_ROWS: 2 x 2.62 us = 5.24 us
SIGMOID_MUL SIGMOID: 1 x 1.56 us = 1.56 us
TOP_K K=10 (98304,1,1,1): 1 x 9.16 us = 9.16 us
Total time: 1389.71 us.
----------------
Vulkan Timings:
CONCAT: 1 x 3.76 us = 3.76 us
CONT: 1 x 3.64 us = 3.64 us
FLASH_ATTN_EXT dst(256,24,1,1),  q(256,1,24,1),  k(256,256,4,1),  v(256,256,4,1),  m(256,1,1,1): 1 x 12.76 us = 12.76 us (493.061 GFLOPS/s)
GET_ROWS: 2 x 4.22 us = 8.44 us
GLU: 1 x 1.72 us = 1.72 us
MUL_MAT f32 m=256 n=24 k=256: 1 x 1.6 us = 1.6 us (1962.24 GFLOPS/s)
MUL_MAT f32 m=64 n=16 k=64: 1 x 3.6 us = 3.6 us (36.1244 GFLOPS/s)
MUL_MAT f32 m=64 n=96 k=64: 1 x 3.64 us = 3.64 us (214.365 GFLOPS/s)
MUL_MAT_ADD MUL_MAT_VEC q6_K m=5120 n=1 k=17408: 1 x 124.32 us = 124.32 us (1433.82 GFLOPS/s)
MUL_MAT_ADD MUL_MAT_VEC q6_K m=5120 n=1 k=6144: 1 x 53.76 us = 53.76 us (1170.19 GFLOPS/s)
MUL_MAT_VEC f32 m=256 n=4 k=256: 1 x 3.04 us = 3.04 us (172.126 GFLOPS/s)
MUL_MAT_VEC q6_K m=1024 n=1 k=5120: 2 x 9.08 us = 18.16 us (1154.71 GFLOPS/s)
MUL_MAT_VEC q6_K m=12288 n=1 k=5120: 1 x 85.68 us = 85.68 us (1468.45 GFLOPS/s)
MUL_MAT_VEC q6_K m=17408 n=1 k=5120: 2 x 121.28 us = 242.56 us (1469.66 GFLOPS/s)
MUL_MAT_VEC q6_K m=98304 n=1 k=5120: 1 x 671.24 us = 671.24 us (1499.52 GFLOPS/s)
MUL_MAT_VEC q8_0 m=5120 n=1 k=10240: 1 x 101.28 us = 101.28 us (1035.27 GFLOPS/s)
PAD: 1 x 6.36 us = 6.36 us
RMS_NORM_MUL RMS_NORM(256,24,1,1): 1 x 3.6 us = 3.6 us
RMS_NORM_MUL RMS_NORM(256,4,1,1): 1 x 3.6 us = 3.6 us
RMS_NORM_MUL RMS_NORM(5120,1,1,1): 5 x 3.776 us = 18.88 us
ROPE: 2 x 3.58 us = 7.16 us
SET_ROWS: 2 x 2.64 us = 5.28 us
SIGMOID_MUL SIGMOID: 1 x 1.68 us = 1.68 us
TOP_K K=10 (98304,1,1,1): 1 x 8.72 us = 8.72 us
Total time: 1394.48 us.
----------------
Vulkan Timings:
CONCAT: 1 x 3.8 us = 3.8 us
CONT: 1 x 3.6 us = 3.6 us
FLASH_ATTN_EXT dst(256,24,1,1),  q(256,1,24,1),  k(256,256,4,1),  v(256,256,4,1),  m(256,1,1,1): 1 x 12.84 us = 12.84 us (489.989 GFLOPS/s)
GET_ROWS: 2 x 4.22 us = 8.44 us
GLU: 1 x 1.8 us = 1.8 us
MUL_MAT f32 m=256 n=24 k=256: 1 x 1.68 us = 1.68 us (1868.8 GFLOPS/s)
MUL_MAT f32 m=64 n=16 k=64: 1 x 3.64 us = 3.64 us (35.7275 GFLOPS/s)
MUL_MAT f32 m=64 n=96 k=64: 1 x 3.6 us = 3.6 us (216.747 GFLOPS/s)
MUL_MAT_ADD MUL_MAT_VEC q6_K m=5120 n=1 k=17408: 1 x 123.48 us = 123.48 us (1443.58 GFLOPS/s)
MUL_MAT_ADD MUL_MAT_VEC q6_K m=5120 n=1 k=6144: 1 x 53.8 us = 53.8 us (1169.32 GFLOPS/s)
MUL_MAT_VEC f32 m=256 n=4 k=256: 1 x 3.04 us = 3.04 us (172.126 GFLOPS/s)
MUL_MAT_VEC q6_K m=1024 n=1 k=5120: 2 x 9.1 us = 18.2 us (1152.17 GFLOPS/s)
MUL_MAT_VEC q6_K m=12288 n=1 k=5120: 1 x 85.36 us = 85.36 us (1473.96 GFLOPS/s)
MUL_MAT_VEC q6_K m=17408 n=1 k=5120: 2 x 121.44 us = 242.88 us (1467.72 GFLOPS/s)
MUL_MAT_VEC q6_K m=98304 n=1 k=5120: 1 x 670.68 us = 670.68 us (1500.77 GFLOPS/s)
MUL_MAT_VEC q8_0 m=5120 n=1 k=10240: 1 x 101.32 us = 101.32 us (1034.86 GFLOPS/s)
PAD: 1 x 6.32 us = 6.32 us
RMS_NORM_MUL RMS_NORM(256,24,1,1): 1 x 3.6 us = 3.6 us
RMS_NORM_MUL RMS_NORM(256,4,1,1): 1 x 3.6 us = 3.6 us
RMS_NORM_MUL RMS_NORM(5120,1,1,1): 5 x 3.704 us = 18.52 us
ROPE: 2 x 3.62 us = 7.24 us
SET_ROWS: 2 x 2.68 us = 5.36 us
SIGMOID_MUL SIGMOID: 1 x 1.68 us = 1.68 us
TOP_K K=10 (98304,1,1,1): 1 x 9.36 us = 9.36 us
Total time: 1393.84 us.
----------------
Vulkan Timings:
CONCAT: 1 x 4.68 us = 4.68 us
CONT: 1 x 3.6 us = 3.6 us
FLASH_ATTN_EXT dst(256,24,1,1),  q(256,1,24,1),  k(256,256,4,1),  v(256,256,4,1),  m(256,1,1,1): 1 x 14.6 us = 14.6 us (430.922 GFLOPS/s)
GET_ROWS: 2 x 4.18 us = 8.36 us
GLU: 1 x 1.84 us = 1.84 us
MUL_MAT f32 m=256 n=24 k=256: 1 x 2.24 us = 2.24 us (1401.6 GFLOPS/s)
MUL_MAT f32 m=64 n=16 k=64: 1 x 3.64 us = 3.64 us (35.7275 GFLOPS/s)
MUL_MAT f32 m=64 n=96 k=64: 1 x 3.64 us = 3.64 us (214.365 GFLOPS/s)
MUL_MAT_ADD MUL_MAT_VEC q6_K m=5120 n=1 k=17408: 1 x 123.88 us = 123.88 us (1438.92 GFLOPS/s)
MUL_MAT_ADD MUL_MAT_VEC q6_K m=5120 n=1 k=6144: 1 x 51.56 us = 51.56 us (1220.12 GFLOPS/s)
MUL_MAT_VEC f32 m=256 n=4 k=256: 1 x 0.72 us = 0.72 us (726.756 GFLOPS/s)
MUL_MAT_VEC q6_K m=1024 n=1 k=5120: 2 x 9.06 us = 18.12 us (1157.26 GFLOPS/s)
MUL_MAT_VEC q6_K m=12288 n=1 k=5120: 1 x 85.28 us = 85.28 us (1475.34 GFLOPS/s)
MUL_MAT_VEC q6_K m=17408 n=1 k=5120: 2 x 121.64 us = 243.28 us (1465.31 GFLOPS/s)
MUL_MAT_VEC q6_K m=98304 n=1 k=5120: 1 x 672.64 us = 672.64 us (1496.39 GFLOPS/s)
MUL_MAT_VEC q8_0 m=5120 n=1 k=10240: 1 x 100.4 us = 100.4 us (1044.35 GFLOPS/s)
PAD: 1 x 6.36 us = 6.36 us
RMS_NORM_MUL RMS_NORM(256,24,1,1): 1 x 3.6 us = 3.6 us
RMS_NORM_MUL RMS_NORM(256,4,1,1): 1 x 3.56 us = 3.56 us
RMS_NORM_MUL RMS_NORM(5120,1,1,1): 5 x 4.256 us = 21.28 us
ROPE: 2 x 3.6 us = 7.2 us
SET_ROWS: 2 x 2.84 us = 5.68 us
SIGMOID_MUL SIGMOID: 1 x 1.72 us = 1.72 us
TOP_K K=10 (98304,1,1,1): 1 x 8.76 us = 8.76 us
Total time: 1396.64 us.
----------------
Vulkan Timings:
ADD: 48 x 3.822 us = 183.48 us
CONCAT: 48 x 2.42 us = 116.16 us
CONT: 16 x 3.882 us = 62.12 us
CPY: 240 x 2.296 us = 551.24 us
FLASH_ATTN_EXT dst(256,24,5,1),  q(256,5,24,1),  k(256,256,4,1),  v(256,256,4,1),  m(256,5,1,1): 16 x 21.382 us = 342.12 us (1471.17 GFLOPS/s)
GDN_CACHE GATED_DELTA_NET: 48 x 13.945 us = 669.36 us
GET_ROWS: 50 x 27.065 us = 1353.28 us
GLU: 64 x 1.851 us = 118.52 us
MUL_MAT f32 m=256 n=120 k=256: 16 x 1.822 us = 29.16 us (8613.4 GFLOPS/s)
MUL_MAT f32 m=256 n=20 k=256: 16 x 3.172 us = 50.76 us (824.687 GFLOPS/s)
MUL_MAT f32 m=64 n=480 k=64: 16 x 3.682 us = 58.92 us (1059.45 GFLOPS/s)
MUL_MAT f32 m=64 n=80 k=64: 16 x 3.235 us = 51.76 us (201.002 GFLOPS/s)
MUL_MAT_ADD MUL_MAT_VEC q6_K m=5120 n=5 k=17408: 64 x 136.751 us = 8752.08 us (6517.41 GFLOPS/s)
MUL_MAT_ADD MUL_MAT_VEC q6_K m=5120 n=5 k=6144: 16 x 56.14 us = 898.24 us (5602.91 GFLOPS/s)
MUL_MAT_VEC f32 m=48 n=5 k=5120: 96 x 3.472 us = 333.4 us (707.578 GFLOPS/s)
MUL_MAT_VEC q6_K m=1024 n=5 k=5120: 32 x 9.48 us = 303.36 us (5529.92 GFLOPS/s)
MUL_MAT_VEC q6_K m=10240 n=5 k=5120: 48 x 81.423 us = 3908.32 us (6438.41 GFLOPS/s)
MUL_MAT_VEC q6_K m=12288 n=5 k=5120: 16 x 104.957 us = 1679.32 us (5993.7 GFLOPS/s)
MUL_MAT_VEC q6_K m=17408 n=5 k=5120: 128 x 142.7 us = 18265.7 us (6245.26 GFLOPS/s)
MUL_MAT_VEC q6_K m=248320 n=5 k=5120: 1 x 1754.52 us = 1754.52 us (7245.71 GFLOPS/s)
MUL_MAT_VEC q6_K m=6144 n=5 k=5120: 48 x 54.1 us = 2596.8 us (5814.09 GFLOPS/s)
MUL_MAT_VEC q8_0 m=5120 n=5 k=6144: 48 x 63.383 us = 3042.4 us (4962.62 GFLOPS/s)
RMS_NORM_MUL RMS_NORM(256,24,5,1): 16 x 3.91 us = 62.56 us
RMS_NORM_MUL RMS_NORM(256,4,5,1): 16 x 4.557 us = 72.92 us
RMS_NORM_MUL RMS_NORM(5120,5,1,1): 129 x 2.708 us = 349.36 us
RMS_NORM_MUL_SILU_MUL RMS_NORM(128,48,5,1): 48 x 5.767 us = 276.84 us
RMS_NORM_SCALE RMS_NORM(128,16,5,1): 96 x 2.669 us = 256.28 us
ROPE: 32 x 3.905 us = 124.96 us
SET_ROWS: 32 x 2.985 us = 95.52 us
SIGMOID_MUL SIGMOID: 16 x 1.71 us = 27.36 us
SSM_CONV_SILU SSM_CONV: 48 x 5.748 us = 275.92 us
Total time: 46662.7 us.
----------------
Vulkan Timings:
CONCAT: 1 x 1.96 us = 1.96 us
CONT: 1 x 3.88 us = 3.88 us
FLASH_ATTN_EXT dst(256,24,5,1),  q(256,5,24,1),  k(256,256,4,1),  v(256,256,4,1),  m(256,5,1,1): 1 x 21.8 us = 21.8 us (1442.99 GFLOPS/s)
GLU: 1 x 1.64 us = 1.64 us
MUL_MAT f32 m=256 n=120 k=256: 1 x 1.8 us = 1.8 us (8721.07 GFLOPS/s)
MUL_MAT f32 m=256 n=20 k=256: 1 x 3.24 us = 3.24 us (807.506 GFLOPS/s)
MUL_MAT f32 m=64 n=480 k=64: 1 x 3.88 us = 3.88 us (1005.53 GFLOPS/s)
MUL_MAT f32 m=64 n=80 k=64: 1 x 3.84 us = 3.84 us (169.333 GFLOPS/s)
MUL_MAT_ADD MUL_MAT_VEC q6_K m=5120 n=5 k=17408: 1 x 158.22 us = 158.22 us (5633.07 GFLOPS/s)
MUL_MAT_ADD MUL_MAT_VEC q6_K m=5120 n=5 k=6144: 1 x 62 us = 62 us (5073.34 GFLOPS/s)
MUL_MAT_VEC q6_K m=1024 n=5 k=5120: 2 x 11.42 us = 22.84 us (4590.51 GFLOPS/s)
MUL_MAT_VEC q6_K m=12288 n=5 k=5120: 1 x 117.45 us = 117.45 us (5356.19 GFLOPS/s)
MUL_MAT_VEC q6_K m=17408 n=5 k=5120: 2 x 135.2 us = 270.4 us (6591.73 GFLOPS/s)
MUL_MAT_VEC q8_0 m=5120 n=5 k=10240: 1 x 106.56 us = 106.56 us (4919.88 GFLOPS/s)
RMS_NORM_MUL RMS_NORM(256,24,5,1): 1 x 4 us = 4 us
RMS_NORM_MUL RMS_NORM(256,4,5,1): 1 x 3.84 us = 3.84 us
RMS_NORM_MUL RMS_NORM(5120,5,1,1): 5 x 8.092 us = 40.46 us
ROPE: 2 x 3.86 us = 7.72 us
SET_ROWS: 2 x 2.78 us = 5.56 us
SIGMOID_MUL SIGMOID: 1 x 1.84 us = 1.84 us
Total time: 842.93 us.
----------------
Vulkan Timings:
CONCAT: 1 x 3.68 us = 3.68 us
CONT: 1 x 3.56 us = 3.56 us
FLASH_ATTN_EXT dst(256,24,1,1),  q(256,1,24,1),  k(256,256,4,1),  v(256,256,4,1),  m(256,1,1,1): 1 x 12.56 us = 12.56 us (500.912 GFLOPS/s)
GET_ROWS: 2 x 4.28 us = 8.56 us
GLU: 1 x 1.8 us = 1.8 us
MUL_MAT f32 m=256 n=24 k=256: 1 x 1.52 us = 1.52 us (2065.52 GFLOPS/s)
MUL_MAT f32 m=64 n=16 k=64: 1 x 1.84 us = 1.84 us (70.6783 GFLOPS/s)
MUL_MAT f32 m=64 n=96 k=64: 1 x 3.24 us = 3.24 us (240.83 GFLOPS/s)
MUL_MAT_ADD MUL_MAT_VEC q6_K m=5120 n=1 k=17408: 1 x 130.56 us = 130.56 us (1365.29 GFLOPS/s)
MUL_MAT_ADD MUL_MAT_VEC q6_K m=5120 n=1 k=6144: 1 x 54.68 us = 54.68 us (1150.5 GFLOPS/s)
MUL_MAT_VEC f32 m=256 n=4 k=256: 1 x 3.04 us = 3.04 us (172.126 GFLOPS/s)
MUL_MAT_VEC q6_K m=1024 n=1 k=5120: 2 x 9.3 us = 18.6 us (1127.39 GFLOPS/s)
MUL_MAT_VEC q6_K m=12288 n=1 k=5120: 1 x 89.96 us = 89.96 us (1398.59 GFLOPS/s)
MUL_MAT_VEC q6_K m=17408 n=1 k=5120: 2 x 118.06 us = 236.12 us (1509.75 GFLOPS/s)
MUL_MAT_VEC q6_K m=98304 n=1 k=5120: 1 x 667.96 us = 667.96 us (1506.88 GFLOPS/s)
MUL_MAT_VEC q8_0 m=5120 n=1 k=10240: 1 x 93.12 us = 93.12 us (1125.99 GFLOPS/s)
PAD: 1 x 8.48 us = 8.48 us
RMS_NORM_MUL RMS_NORM(256,24,1,1): 1 x 3.24 us = 3.24 us
RMS_NORM_MUL RMS_NORM(256,4,1,1): 1 x 4.84 us = 4.84 us
RMS_NORM_MUL RMS_NORM(5120,1,1,1): 5 x 4.12 us = 20.6 us
ROPE: 2 x 3.28 us = 6.56 us
SET_ROWS: 2 x 2.64 us = 5.28 us
SIGMOID_MUL SIGMOID: 1 x 1.6 us = 1.6 us
TOP_K K=10 (98304,1,1,1): 1 x 6.44 us = 6.44 us
Total time: 1387.84 us.
----------------
Vulkan Timings:
CONCAT: 1 x 3.76 us = 3.76 us
CONT: 1 x 3.6 us = 3.6 us
FLASH_ATTN_EXT dst(256,24,1,1),  q(256,1,24,1),  k(256,256,4,1),  v(256,256,4,1),  m(256,1,1,1): 1 x 12.8 us = 12.8 us (491.52 GFLOPS/s)
GET_ROWS: 2 x 4.2 us = 8.4 us
GLU: 1 x 1.8 us = 1.8 us
MUL_MAT f32 m=256 n=24 k=256: 1 x 1.64 us = 1.64 us (1914.38 GFLOPS/s)
MUL_MAT f32 m=64 n=16 k=64: 1 x 3.6 us = 3.6 us (36.1244 GFLOPS/s)
MUL_MAT f32 m=64 n=96 k=64: 1 x 3.56 us = 3.56 us (219.182 GFLOPS/s)
MUL_MAT_ADD MUL_MAT_VEC q6_K m=5120 n=1 k=17408: 1 x 123.64 us = 123.64 us (1441.71 GFLOPS/s)
MUL_MAT_ADD MUL_MAT_VEC q6_K m=5120 n=1 k=6144: 1 x 53.68 us = 53.68 us (1171.93 GFLOPS/s)
MUL_MAT_VEC f32 m=256 n=4 k=256: 1 x 3 us = 3 us (174.421 GFLOPS/s)
MUL_MAT_VEC q6_K m=1024 n=1 k=5120: 2 x 9.14 us = 18.28 us (1147.13 GFLOPS/s)
MUL_MAT_VEC q6_K m=12288 n=1 k=5120: 1 x 85.24 us = 85.24 us (1476.03 GFLOPS/s)
MUL_MAT_VEC q6_K m=17408 n=1 k=5120: 2 x 121.56 us = 243.12 us (1466.28 GFLOPS/s)
MUL_MAT_VEC q6_K m=98304 n=1 k=5120: 1 x 669.9 us = 669.9 us (1502.51 GFLOPS/s)
MUL_MAT_VEC q8_0 m=5120 n=1 k=10240: 1 x 101.52 us = 101.52 us (1032.83 GFLOPS/s)
PAD: 1 x 6.36 us = 6.36 us
RMS_NORM_MUL RMS_NORM(256,24,1,1): 1 x 3.64 us = 3.64 us
RMS_NORM_MUL RMS_NORM(256,4,1,1): 1 x 3.6 us = 3.6 us
RMS_NORM_MUL RMS_NORM(5120,1,1,1): 5 x 3.768 us = 18.84 us
ROPE: 2 x 3.6 us = 7.2 us
SET_ROWS: 2 x 2.66 us = 5.32 us
SIGMOID_MUL SIGMOID: 1 x 1.64 us = 1.64 us
TOP_K K=10 (98304,1,1,1): 1 x 9 us = 9 us
Total time: 1393.14 us.
----------------
Vulkan Timings:
CONCAT: 1 x 3.72 us = 3.72 us
CONT: 1 x 3.6 us = 3.6 us
FLASH_ATTN_EXT dst(256,24,1,1),  q(256,1,24,1),  k(256,256,4,1),  v(256,256,4,1),  m(256,1,1,1): 1 x 12.84 us = 12.84 us (489.989 GFLOPS/s)
GET_ROWS: 2 x 4.18 us = 8.36 us
GLU: 1 x 1.72 us = 1.72 us
MUL_MAT f32 m=256 n=24 k=256: 1 x 1.64 us = 1.64 us (1914.38 GFLOPS/s)
MUL_MAT f32 m=64 n=16 k=64: 1 x 3.68 us = 3.68 us (35.3391 GFLOPS/s)
MUL_MAT f32 m=64 n=96 k=64: 1 x 3.64 us = 3.64 us (214.365 GFLOPS/s)
MUL_MAT_ADD MUL_MAT_VEC q6_K m=5120 n=1 k=17408: 1 x 123.64 us = 123.64 us (1441.71 GFLOPS/s)
MUL_MAT_ADD MUL_MAT_VEC q6_K m=5120 n=1 k=6144: 1 x 53.4 us = 53.4 us (1178.08 GFLOPS/s)
MUL_MAT_VEC f32 m=256 n=4 k=256: 1 x 3.04 us = 3.04 us (172.126 GFLOPS/s)
MUL_MAT_VEC q6_K m=1024 n=1 k=5120: 2 x 9.16 us = 18.32 us (1144.62 GFLOPS/s)
MUL_MAT_VEC q6_K m=12288 n=1 k=5120: 1 x 85.72 us = 85.72 us (1467.77 GFLOPS/s)
MUL_MAT_VEC q6_K m=17408 n=1 k=5120: 2 x 121.2 us = 242.4 us (1470.63 GFLOPS/s)
MUL_MAT_VEC q6_K m=98304 n=1 k=5120: 1 x 672.86 us = 672.86 us (1495.91 GFLOPS/s)
MUL_MAT_VEC q8_0 m=5120 n=1 k=10240: 1 x 101.16 us = 101.16 us (1036.5 GFLOPS/s)
PAD: 1 x 6.28 us = 6.28 us
RMS_NORM_MUL RMS_NORM(256,24,1,1): 1 x 3.68 us = 3.68 us
RMS_NORM_MUL RMS_NORM(256,4,1,1): 1 x 3.56 us = 3.56 us
RMS_NORM_MUL RMS_NORM(5120,1,1,1): 5 x 3.736 us = 18.68 us
ROPE: 2 x 3.58 us = 7.16 us
SET_ROWS: 2 x 2.66 us = 5.32 us
SIGMOID_MUL SIGMOID: 1 x 1.68 us = 1.68 us
TOP_K K=10 (98304,1,1,1): 1 x 8.96 us = 8.96 us
Total time: 1395.06 us.
----------------
Vulkan Timings:
CONCAT: 1 x 3.8 us = 3.8 us
CONT: 1 x 3.64 us = 3.64 us
FLASH_ATTN_EXT dst(256,24,1,1),  q(256,1,24,1),  k(256,256,4,1),  v(256,256,4,1),  m(256,1,1,1): 1 x 15.2 us = 15.2 us (413.912 GFLOPS/s)
GET_ROWS: 2 x 4.2 us = 8.4 us
GLU: 1 x 1.88 us = 1.88 us
MUL_MAT f32 m=256 n=24 k=256: 1 x 1.72 us = 1.72 us (1825.34 GFLOPS/s)
MUL_MAT f32 m=64 n=16 k=64: 1 x 3.6 us = 3.6 us (36.1244 GFLOPS/s)
MUL_MAT f32 m=64 n=96 k=64: 1 x 3.64 us = 3.64 us (214.365 GFLOPS/s)
MUL_MAT_ADD MUL_MAT_VEC q6_K m=5120 n=1 k=17408: 1 x 123.32 us = 123.32 us (1445.45 GFLOPS/s)
MUL_MAT_ADD MUL_MAT_VEC q6_K m=5120 n=1 k=6144: 1 x 53.76 us = 53.76 us (1170.19 GFLOPS/s)
MUL_MAT_VEC f32 m=256 n=4 k=256: 1 x 3 us = 3 us (174.421 GFLOPS/s)
MUL_MAT_VEC q6_K m=1024 n=1 k=5120: 2 x 9.1 us = 18.2 us (1152.17 GFLOPS/s)
MUL_MAT_VEC q6_K m=12288 n=1 k=5120: 1 x 85.88 us = 85.88 us (1465.03 GFLOPS/s)
MUL_MAT_VEC q6_K m=17408 n=1 k=5120: 2 x 120.92 us = 241.84 us (1474.04 GFLOPS/s)
MUL_MAT_VEC q6_K m=98304 n=1 k=5120: 1 x 668.41 us = 668.41 us (1505.86 GFLOPS/s)
MUL_MAT_VEC q8_0 m=5120 n=1 k=10240: 1 x 101.48 us = 101.48 us (1033.23 GFLOPS/s)
PAD: 1 x 7.08 us = 7.08 us
RMS_NORM_MUL RMS_NORM(256,24,1,1): 1 x 3.6 us = 3.6 us
RMS_NORM_MUL RMS_NORM(256,4,1,1): 1 x 3.56 us = 3.56 us
RMS_NORM_MUL RMS_NORM(5120,1,1,1): 5 x 3.736 us = 18.68 us
ROPE: 2 x 3.58 us = 7.16 us
SET_ROWS: 2 x 1.84 us = 3.68 us
SIGMOID_MUL SIGMOID: 1 x 1.72 us = 1.72 us
TOP_K K=10 (98304,1,1,1): 1 x 8.92 us = 8.92 us
Total time: 1392.17 us.
----------------
Vulkan Timings:
ADD: 48 x 3.836 us = 184.16 us
CONCAT: 48 x 2.691 us = 129.2 us
CONT: 16 x 3.912 us = 62.6 us
CPY: 240 x 2.265 us = 543.68 us
FLASH_ATTN_EXT dst(256,24,5,1),  q(256,5,24,1),  k(256,256,4,1),  v(256,256,4,1),  m(256,5,1,1): 16 x 21.4 us = 342.4 us (1469.97 GFLOPS/s)
GDN_CACHE GATED_DELTA_NET: 48 x 13.966 us = 670.4 us
GET_ROWS: 50 x 27.125 us = 1356.28 us
GLU: 64 x 1.865 us = 119.4 us
MUL_MAT f32 m=256 n=120 k=256: 16 x 1.9 us = 30.4 us (8262.06 GFLOPS/s)
MUL_MAT f32 m=256 n=20 k=256: 16 x 2.872 us = 45.96 us (910.816 GFLOPS/s)
MUL_MAT f32 m=64 n=480 k=64: 16 x 3.692 us = 59.08 us (1056.58 GFLOPS/s)
MUL_MAT f32 m=64 n=80 k=64: 16 x 3.25 us = 52 us (200.074 GFLOPS/s)
MUL_MAT_ADD MUL_MAT_VEC q6_K m=5120 n=5 k=17408: 64 x 136.836 us = 8757.56 us (6513.33 GFLOPS/s)
MUL_MAT_ADD MUL_MAT_VEC q6_K m=5120 n=5 k=6144: 16 x 56.157 us = 898.52 us (5601.16 GFLOPS/s)
MUL_MAT_VEC f32 m=48 n=5 k=5120: 96 x 3.373 us = 323.84 us (728.466 GFLOPS/s)
MUL_MAT_VEC q6_K m=1024 n=5 k=5120: 32 x 9.547 us = 305.52 us (5490.83 GFLOPS/s)
MUL_MAT_VEC q6_K m=10240 n=5 k=5120: 48 x 81.38 us = 3906.24 us (6441.84 GFLOPS/s)
MUL_MAT_VEC q6_K m=12288 n=5 k=5120: 16 x 104.982 us = 1679.72 us (5992.28 GFLOPS/s)
MUL_MAT_VEC q6_K m=17408 n=5 k=5120: 128 x 142.83 us = 18282.3 us (6239.58 GFLOPS/s)
MUL_MAT_VEC q6_K m=248320 n=5 k=5120: 1 x 1759.8 us = 1759.8 us (7223.97 GFLOPS/s)
MUL_MAT_VEC q6_K m=6144 n=5 k=5120: 48 x 54.124 us = 2597.96 us (5811.49 GFLOPS/s)
MUL_MAT_VEC q8_0 m=5120 n=5 k=6144: 48 x 63.285 us = 3037.72 us (4970.26 GFLOPS/s)
RMS_NORM_MUL RMS_NORM(256,24,5,1): 16 x 3.87 us = 61.92 us
RMS_NORM_MUL RMS_NORM(256,4,5,1): 16 x 4.587 us = 73.4 us
RMS_NORM_MUL RMS_NORM(5120,5,1,1): 129 x 2.721 us = 351.08 us
RMS_NORM_MUL_SILU_MUL RMS_NORM(128,48,5,1): 48 x 5.783 us = 277.6 us
RMS_NORM_SCALE RMS_NORM(128,16,5,1): 96 x 2.743 us = 263.36 us
ROPE: 32 x 3.918 us = 125.4 us
SET_ROWS: 32 x 3.131 us = 100.2 us
SIGMOID_MUL SIGMOID: 16 x 1.717 us = 27.48 us
SSM_CONV_SILU SSM_CONV: 48 x 5.805 us = 278.64 us
Total time: 46703.8 us.
----------------
Vulkan Timings:
CONCAT: 1 x 2.04 us = 2.04 us
CONT: 1 x 3.88 us = 3.88 us
FLASH_ATTN_EXT dst(256,24,5,1),  q(256,5,24,1),  k(256,256,4,1),  v(256,256,4,1),  m(256,5,1,1): 1 x 21.72 us = 21.72 us (1448.31 GFLOPS/s)
GLU: 1 x 1.56 us = 1.56 us
MUL_MAT f32 m=256 n=120 k=256: 1 x 1.8 us = 1.8 us (8721.07 GFLOPS/s)
MUL_MAT f32 m=256 n=20 k=256: 1 x 3.24 us = 3.24 us (807.506 GFLOPS/s)
MUL_MAT f32 m=64 n=480 k=64: 1 x 3.88 us = 3.88 us (1005.53 GFLOPS/s)
MUL_MAT f32 m=64 n=80 k=64: 1 x 3.88 us = 3.88 us (167.588 GFLOPS/s)
MUL_MAT_ADD MUL_MAT_VEC q6_K m=5120 n=5 k=17408: 1 x 156.77 us = 156.77 us (5685.17 GFLOPS/s)
MUL_MAT_ADD MUL_MAT_VEC q6_K m=5120 n=5 k=6144: 1 x 62.56 us = 62.56 us (5027.93 GFLOPS/s)
MUL_MAT_VEC q6_K m=1024 n=5 k=5120: 2 x 11.38 us = 22.76 us (4606.65 GFLOPS/s)
MUL_MAT_VEC q6_K m=12288 n=5 k=5120: 1 x 118.61 us = 118.61 us (5303.8 GFLOPS/s)
MUL_MAT_VEC q6_K m=17408 n=5 k=5120: 2 x 134.78 us = 269.56 us (6612.28 GFLOPS/s)
MUL_MAT_VEC q8_0 m=5120 n=5 k=10240: 1 x 106.88 us = 106.88 us (4905.15 GFLOPS/s)
RMS_NORM_MUL RMS_NORM(256,24,5,1): 1 x 4 us = 4 us
RMS_NORM_MUL RMS_NORM(256,4,5,1): 1 x 3.84 us = 3.84 us
RMS_NORM_MUL RMS_NORM(5120,5,1,1): 5 x 8.048 us = 40.24 us
ROPE: 2 x 3.88 us = 7.76 us
SET_ROWS: 2 x 2.8 us = 5.6 us
SIGMOID_MUL SIGMOID: 1 x 1.8 us = 1.8 us
Total time: 842.38 us.
----------------
Vulkan Timings:
CONCAT: 1 x 3.72 us = 3.72 us
CONT: 1 x 3.56 us = 3.56 us
FLASH_ATTN_EXT dst(256,24,1,1),  q(256,1,24,1),  k(256,256,4,1),  v(256,256,4,1),  m(256,1,1,1): 1 x 12.8 us = 12.8 us (491.52 GFLOPS/s)
GET_ROWS: 2 x 4.18 us = 8.36 us
GLU: 1 x 1.64 us = 1.64 us
MUL_MAT f32 m=256 n=24 k=256: 1 x 1.64 us = 1.64 us (1914.38 GFLOPS/s)
MUL_MAT f32 m=64 n=16 k=64: 1 x 1.88 us = 1.88 us (69.1745 GFLOPS/s)
MUL_MAT f32 m=64 n=96 k=64: 1 x 3.28 us = 3.28 us (237.893 GFLOPS/s)
MUL_MAT_ADD MUL_MAT_VEC q6_K m=5120 n=1 k=17408: 1 x 130.44 us = 130.44 us (1366.55 GFLOPS/s)
MUL_MAT_ADD MUL_MAT_VEC q6_K m=5120 n=1 k=6144: 1 x 54.24 us = 54.24 us (1159.83 GFLOPS/s)
MUL_MAT_VEC f32 m=256 n=4 k=256: 1 x 3.12 us = 3.12 us (167.713 GFLOPS/s)
MUL_MAT_VEC q6_K m=1024 n=1 k=5120: 2 x 9.4 us = 18.8 us (1115.4 GFLOPS/s)
MUL_MAT_VEC q6_K m=12288 n=1 k=5120: 1 x 90.24 us = 90.24 us (1394.25 GFLOPS/s)
MUL_MAT_VEC q6_K m=17408 n=1 k=5120: 2 x 118.26 us = 236.52 us (1507.19 GFLOPS/s)
MUL_MAT_VEC q6_K m=98304 n=1 k=5120: 1 x 670.07 us = 670.07 us (1502.13 GFLOPS/s)
MUL_MAT_VEC q8_0 m=5120 n=1 k=10240: 1 x 91.32 us = 91.32 us (1148.19 GFLOPS/s)
PAD: 1 x 6.4 us = 6.4 us
RMS_NORM_MUL RMS_NORM(256,24,1,1): 1 x 3.24 us = 3.24 us
RMS_NORM_MUL RMS_NORM(256,4,1,1): 1 x 4.96 us = 4.96 us
RMS_NORM_MUL RMS_NORM(5120,1,1,1): 5 x 4.432 us = 22.16 us
ROPE: 2 x 3.4 us = 6.8 us
SET_ROWS: 2 x 2.66 us = 5.32 us
SIGMOID_MUL SIGMOID: 1 x 1.6 us = 1.6 us
TOP_K K=10 (98304,1,1,1): 1 x 8.92 us = 8.92 us
Total time: 1391.03 us.
----------------
Vulkan Timings:
CONCAT: 1 x 3.76 us = 3.76 us
CONT: 1 x 3.6 us = 3.6 us
FLASH_ATTN_EXT dst(256,24,1,1),  q(256,1,24,1),  k(256,256,4,1),  v(256,256,4,1),  m(256,1,1,1): 1 x 12.76 us = 12.76 us (493.061 GFLOPS/s)
GET_ROWS: 2 x 4.28 us = 8.56 us
GLU: 1 x 2.08 us = 2.08 us
MUL_MAT f32 m=256 n=24 k=256: 1 x 1.6 us = 1.6 us (1962.24 GFLOPS/s)
MUL_MAT f32 m=64 n=16 k=64: 1 x 3.6 us = 3.6 us (36.1244 GFLOPS/s)
MUL_MAT f32 m=64 n=96 k=64: 1 x 3.6 us = 3.6 us (216.747 GFLOPS/s)
MUL_MAT_ADD MUL_MAT_VEC q6_K m=5120 n=1 k=17408: 1 x 123 us = 123 us (1449.21 GFLOPS/s)
MUL_MAT_ADD MUL_MAT_VEC q6_K m=5120 n=1 k=6144: 1 x 53.44 us = 53.44 us (1177.2 GFLOPS/s)
MUL_MAT_VEC f32 m=256 n=4 k=256: 1 x 3 us = 3 us (174.421 GFLOPS/s)
MUL_MAT_VEC q6_K m=1024 n=1 k=5120: 2 x 9.32 us = 18.64 us (1124.97 GFLOPS/s)
MUL_MAT_VEC q6_K m=12288 n=1 k=5120: 1 x 85.8 us = 85.8 us (1466.4 GFLOPS/s)
MUL_MAT_VEC q6_K m=17408 n=1 k=5120: 2 x 121.06 us = 242.12 us (1472.33 GFLOPS/s)
MUL_MAT_VEC q6_K m=98304 n=1 k=5120: 1 x 672.33 us = 672.33 us (1497.08 GFLOPS/s)
MUL_MAT_VEC q8_0 m=5120 n=1 k=10240: 1 x 101.08 us = 101.08 us (1037.32 GFLOPS/s)
PAD: 1 x 6.36 us = 6.36 us
RMS_NORM_MUL RMS_NORM(256,24,1,1): 1 x 3.6 us = 3.6 us
RMS_NORM_MUL RMS_NORM(256,4,1,1): 1 x 3.6 us = 3.6 us
RMS_NORM_MUL RMS_NORM(5120,1,1,1): 5 x 3.704 us = 18.52 us
ROPE: 2 x 3.58 us = 7.16 us
SET_ROWS: 2 x 2.62 us = 5.24 us
SIGMOID_MUL SIGMOID: 1 x 1.72 us = 1.72 us
TOP_K K=10 (98304,1,1,1): 1 x 8.88 us = 8.88 us
Total time: 1394.05 us.
----------------
Vulkan Timings:
CONCAT: 1 x 3.76 us = 3.76 us
CONT: 1 x 3.64 us = 3.64 us
FLASH_ATTN_EXT dst(256,24,1,1),  q(256,1,24,1),  k(256,256,4,1),  v(256,256,4,1),  m(256,1,1,1): 1 x 12.8 us = 12.8 us (491.52 GFLOPS/s)
GET_ROWS: 2 x 4.3 us = 8.6 us
GLU: 1 x 1.88 us = 1.88 us
MUL_MAT f32 m=256 n=24 k=256: 1 x 1.64 us = 1.64 us (1914.38 GFLOPS/s)
MUL_MAT f32 m=64 n=16 k=64: 1 x 3.6 us = 3.6 us (36.1244 GFLOPS/s)
MUL_MAT f32 m=64 n=96 k=64: 1 x 3.56 us = 3.56 us (219.182 GFLOPS/s)
MUL_MAT_ADD MUL_MAT_VEC q6_K m=5120 n=1 k=17408: 1 x 123.72 us = 123.72 us (1440.78 GFLOPS/s)
MUL_MAT_ADD MUL_MAT_VEC q6_K m=5120 n=1 k=6144: 1 x 53.48 us = 53.48 us (1176.32 GFLOPS/s)
MUL_MAT_VEC f32 m=256 n=4 k=256: 1 x 3 us = 3 us (174.421 GFLOPS/s)
MUL_MAT_VEC q6_K m=1024 n=1 k=5120: 2 x 9.22 us = 18.44 us (1137.17 GFLOPS/s)
MUL_MAT_VEC q6_K m=12288 n=1 k=5120: 1 x 85.96 us = 85.96 us (1463.67 GFLOPS/s)
MUL_MAT_VEC q6_K m=17408 n=1 k=5120: 2 x 121.3 us = 242.6 us (1469.42 GFLOPS/s)
MUL_MAT_VEC q6_K m=98304 n=1 k=5120: 1 x 670.01 us = 670.01 us (1502.27 GFLOPS/s)
MUL_MAT_VEC q8_0 m=5120 n=1 k=10240: 1 x 101.2 us = 101.2 us (1036.09 GFLOPS/s)
PAD: 1 x 6.28 us = 6.28 us
RMS_NORM_MUL RMS_NORM(256,24,1,1): 1 x 3.6 us = 3.6 us
RMS_NORM_MUL RMS_NORM(256,4,1,1): 1 x 3.56 us = 3.56 us
RMS_NORM_MUL RMS_NORM(5120,1,1,1): 5 x 3.704 us = 18.52 us
ROPE: 2 x 3.56 us = 7.12 us
SET_ROWS: 2 x 2.68 us = 5.36 us
SIGMOID_MUL SIGMOID: 1 x 1.68 us = 1.68 us
TOP_K K=10 (98304,1,1,1): 1 x 8.84 us = 8.84 us
Total time: 1392.85 us.
----------------
Vulkan Timings:
CONCAT: 1 x 3.76 us = 3.76 us
CONT: 1 x 3.64 us = 3.64 us
FLASH_ATTN_EXT dst(256,24,1,1),  q(256,1,24,1),  k(256,256,4,1),  v(256,256,4,1),  m(256,1,1,1): 1 x 12.92 us = 12.92 us (486.955 GFLOPS/s)
GET_ROWS: 2 x 4.28 us = 8.56 us
GLU: 1 x 1.8 us = 1.8 us
MUL_MAT f32 m=256 n=24 k=256: 1 x 1.68 us = 1.68 us (1868.8 GFLOPS/s)
MUL_MAT f32 m=64 n=16 k=64: 1 x 3.64 us = 3.64 us (35.7275 GFLOPS/s)
MUL_MAT f32 m=64 n=96 k=64: 1 x 3.6 us = 3.6 us (216.747 GFLOPS/s)
MUL_MAT_ADD MUL_MAT_VEC q6_K m=5120 n=1 k=17408: 1 x 123.24 us = 123.24 us (1446.39 GFLOPS/s)
MUL_MAT_ADD MUL_MAT_VEC q6_K m=5120 n=1 k=6144: 1 x 54.28 us = 54.28 us (1158.98 GFLOPS/s)
MUL_MAT_VEC f32 m=256 n=4 k=256: 1 x 3 us = 3 us (174.421 GFLOPS/s)
MUL_MAT_VEC q6_K m=1024 n=1 k=5120: 2 x 9.1 us = 18.2 us (1152.17 GFLOPS/s)
MUL_MAT_VEC q6_K m=12288 n=1 k=5120: 1 x 85.72 us = 85.72 us (1467.77 GFLOPS/s)
MUL_MAT_VEC q6_K m=17408 n=1 k=5120: 2 x 121.48 us = 242.96 us (1467.24 GFLOPS/s)
MUL_MAT_VEC q6_K m=98304 n=1 k=5120: 1 x 670.24 us = 670.24 us (1501.75 GFLOPS/s)
MUL_MAT_VEC q8_0 m=5120 n=1 k=10240: 1 x 100.96 us = 100.96 us (1038.55 GFLOPS/s)
PAD: 1 x 6.32 us = 6.32 us
RMS_NORM_MUL RMS_NORM(256,24,1,1): 1 x 3.64 us = 3.64 us
RMS_NORM_MUL RMS_NORM(256,4,1,1): 1 x 3.64 us = 3.64 us
RMS_NORM_MUL RMS_NORM(5120,1,1,1): 5 x 3.728 us = 18.64 us
ROPE: 2 x 3.6 us = 7.2 us
SET_ROWS: 2 x 2.64 us = 5.28 us
SIGMOID_MUL SIGMOID: 1 x 1.68 us = 1.68 us
TOP_K K=10 (98304,1,1,1): 1 x 8.96 us = 8.96 us
Total time: 1393.56 us.
----------------
Vulkan Timings:
ADD: 48 x 3.831 us = 183.92 us
CONCAT: 48 x 2.491 us = 119.6 us
CONT: 16 x 3.917 us = 62.68 us
CPY: 240 x 2.281 us = 547.48 us
FLASH_ATTN_EXT dst(256,24,5,1),  q(256,5,24,1),  k(256,256,4,1),  v(256,256,4,1),  m(256,5,1,1): 16 x 21.537 us = 344.6 us (1460.58 GFLOPS/s)
GDN_CACHE GATED_DELTA_NET: 48 x 13.863 us = 665.44 us
GET_ROWS: 50 x 27.332 us = 1366.6 us
GLU: 64 x 1.865 us = 119.36 us
MUL_MAT f32 m=256 n=120 k=256: 16 x 1.855 us = 29.68 us (8462.49 GFLOPS/s)
MUL_MAT f32 m=256 n=20 k=256: 16 x 3.197 us = 51.16 us (818.239 GFLOPS/s)
MUL_MAT f32 m=64 n=480 k=64: 16 x 3.702 us = 59.24 us (1053.73 GFLOPS/s)
MUL_MAT f32 m=64 n=80 k=64: 16 x 3.267 us = 52.28 us (199.002 GFLOPS/s)
MUL_MAT_ADD MUL_MAT_VEC q6_K m=5120 n=5 k=17408: 64 x 136.969 us = 8766.04 us (6507.03 GFLOPS/s)
MUL_MAT_ADD MUL_MAT_VEC q6_K m=5120 n=5 k=6144: 16 x 56.227 us = 899.64 us (5594.19 GFLOPS/s)
MUL_MAT_VEC f32 m=48 n=5 k=5120: 96 x 3.486 us = 334.72 us (704.788 GFLOPS/s)
MUL_MAT_VEC q6_K m=1024 n=5 k=5120: 32 x 9.755 us = 312.16 us (5374.03 GFLOPS/s)
MUL_MAT_VEC q6_K m=10240 n=5 k=5120: 48 x 81.32 us = 3903.4 us (6446.53 GFLOPS/s)
MUL_MAT_VEC q6_K m=12288 n=5 k=5120: 16 x 104.025 us = 1664.4 us (6047.43 GFLOPS/s)
MUL_MAT_VEC q6_K m=17408 n=5 k=5120: 128 x 142.403 us = 18227.6 us (6258.29 GFLOPS/s)
MUL_MAT_VEC q6_K m=248320 n=5 k=5120: 1 x 1760.48 us = 1760.48 us (7221.18 GFLOPS/s)
MUL_MAT_VEC q6_K m=6144 n=5 k=5120: 48 x 54.104 us = 2597 us (5813.64 GFLOPS/s)
MUL_MAT_VEC q8_0 m=5120 n=5 k=6144: 48 x 63.272 us = 3037.08 us (4971.31 GFLOPS/s)
RMS_NORM_MUL RMS_NORM(256,24,5,1): 16 x 4.05 us = 64.8 us
RMS_NORM_MUL RMS_NORM(256,4,5,1): 16 x 4.607 us = 73.72 us
RMS_NORM_MUL RMS_NORM(5120,5,1,1): 129 x 2.743 us = 353.96 us
RMS_NORM_MUL_SILU_MUL RMS_NORM(128,48,5,1): 48 x 5.8 us = 278.4 us
RMS_NORM_SCALE RMS_NORM(128,16,5,1): 96 x 2.678 us = 257.12 us
ROPE: 32 x 3.94 us = 126.08 us
SET_ROWS: 32 x 3.005 us = 96.16 us
SIGMOID_MUL SIGMOID: 16 x 1.732 us = 27.72 us
SSM_CONV_SILU SSM_CONV: 48 x 5.78 us = 277.48 us
Total time: 46660 us.
----------------
Vulkan Timings:
CONCAT: 1 x 4.24 us = 4.24 us
CONT: 1 x 3.92 us = 3.92 us
FLASH_ATTN_EXT dst(256,24,5,1),  q(256,5,24,1),  k(256,256,4,1),  v(256,256,4,1),  m(256,5,1,1): 1 x 22.08 us = 22.08 us (1424.7 GFLOPS/s)
GLU: 1 x 1.64 us = 1.64 us
MUL_MAT f32 m=256 n=120 k=256: 1 x 1.76 us = 1.76 us (8919.27 GFLOPS/s)
MUL_MAT f32 m=256 n=20 k=256: 1 x 3.24 us = 3.24 us (807.506 GFLOPS/s)
MUL_MAT f32 m=64 n=480 k=64: 1 x 3.92 us = 3.92 us (995.265 GFLOPS/s)
MUL_MAT f32 m=64 n=80 k=64: 1 x 3.88 us = 3.88 us (167.588 GFLOPS/s)
MUL_MAT_ADD MUL_MAT_VEC q6_K m=5120 n=5 k=17408: 1 x 155.16 us = 155.16 us (5744.16 GFLOPS/s)
MUL_MAT_ADD MUL_MAT_VEC q6_K m=5120 n=5 k=6144: 1 x 61.88 us = 61.88 us (5083.18 GFLOPS/s)
MUL_MAT_VEC q6_K m=1024 n=5 k=5120: 2 x 11.36 us = 22.72 us (4614.76 GFLOPS/s)
MUL_MAT_VEC q6_K m=12288 n=5 k=5120: 1 x 118.88 us = 118.88 us (5291.76 GFLOPS/s)
MUL_MAT_VEC q6_K m=17408 n=5 k=5120: 2 x 135 us = 270 us (6601.5 GFLOPS/s)
MUL_MAT_VEC q8_0 m=5120 n=5 k=10240: 1 x 107.16 us = 107.16 us (4892.33 GFLOPS/s)
RMS_NORM_MUL RMS_NORM(256,24,5,1): 1 x 4.04 us = 4.04 us
RMS_NORM_MUL RMS_NORM(256,4,5,1): 1 x 3.88 us = 3.88 us
RMS_NORM_MUL RMS_NORM(5120,5,1,1): 5 x 7.848 us = 39.24 us
ROPE: 2 x 3.88 us = 7.76 us
SET_ROWS: 2 x 2.78 us = 5.56 us
SIGMOID_MUL SIGMOID: 1 x 1.88 us = 1.88 us
Total time: 842.84 us.
----------------
Vulkan Timings:
CONCAT: 1 x 3.72 us = 3.72 us
CONT: 1 x 3.64 us = 3.64 us
FLASH_ATTN_EXT dst(256,24,1,1),  q(256,1,24,1),  k(256,256,4,1),  v(256,256,4,1),  m(256,1,1,1): 1 x 12.84 us = 12.84 us (489.989 GFLOPS/s)
GET_ROWS: 2 x 4.24 us = 8.48 us
GLU: 1 x 1.72 us = 1.72 us
MUL_MAT f32 m=256 n=24 k=256: 1 x 1.56 us = 1.56 us (2012.55 GFLOPS/s)
MUL_MAT f32 m=64 n=16 k=64: 1 x 1.92 us = 1.92 us (67.7333 GFLOPS/s)
MUL_MAT f32 m=64 n=96 k=64: 1 x 3.32 us = 3.32 us (235.027 GFLOPS/s)
MUL_MAT_ADD MUL_MAT_VEC q6_K m=5120 n=1 k=17408: 1 x 130.44 us = 130.44 us (1366.55 GFLOPS/s)
MUL_MAT_ADD MUL_MAT_VEC q6_K m=5120 n=1 k=6144: 1 x 53.72 us = 53.72 us (1171.06 GFLOPS/s)
MUL_MAT_VEC f32 m=256 n=4 k=256: 1 x 3.16 us = 3.16 us (165.59 GFLOPS/s)
MUL_MAT_VEC q6_K m=1024 n=1 k=5120: 2 x 9.48 us = 18.96 us (1105.98 GFLOPS/s)
MUL_MAT_VEC q6_K m=12288 n=1 k=5120: 1 x 90.84 us = 90.84 us (1385.04 GFLOPS/s)
MUL_MAT_VEC q6_K m=17408 n=1 k=5120: 2 x 118.36 us = 236.72 us (1505.92 GFLOPS/s)
MUL_MAT_VEC q6_K m=98304 n=1 k=5120: 1 x 670.53 us = 670.53 us (1501.1 GFLOPS/s)
MUL_MAT_VEC q8_0 m=5120 n=1 k=10240: 1 x 93.32 us = 93.32 us (1123.58 GFLOPS/s)
PAD: 1 x 6.44 us = 6.44 us
RMS_NORM_MUL RMS_NORM(256,24,1,1): 1 x 3.32 us = 3.32 us
RMS_NORM_MUL RMS_NORM(256,4,1,1): 1 x 5.04 us = 5.04 us
RMS_NORM_MUL RMS_NORM(5120,1,1,1): 5 x 4.192 us = 20.96 us
ROPE: 2 x 3.44 us = 6.88 us
SET_ROWS: 2 x 2.68 us = 5.36 us
SIGMOID_MUL SIGMOID: 1 x 1.64 us = 1.64 us
TOP_K K=10 (98304,1,1,1): 1 x 9.16 us = 9.16 us
Total time: 1393.69 us.
----------------
Vulkan Timings:
CONCAT: 1 x 3.8 us = 3.8 us
CONT: 1 x 3.64 us = 3.64 us
FLASH_ATTN_EXT dst(256,24,1,1),  q(256,1,24,1),  k(256,256,4,1),  v(256,256,4,1),  m(256,1,1,1): 1 x 12.96 us = 12.96 us (485.452 GFLOPS/s)
GET_ROWS: 2 x 4.18 us = 8.36 us
GLU: 1 x 1.8 us = 1.8 us
MUL_MAT f32 m=256 n=24 k=256: 1 x 1.68 us = 1.68 us (1868.8 GFLOPS/s)
MUL_MAT f32 m=64 n=16 k=64: 1 x 3.6 us = 3.6 us (36.1244 GFLOPS/s)
MUL_MAT f32 m=64 n=96 k=64: 1 x 3.64 us = 3.64 us (214.365 GFLOPS/s)
MUL_MAT_ADD MUL_MAT_VEC q6_K m=5120 n=1 k=17408: 1 x 123.36 us = 123.36 us (1444.98 GFLOPS/s)
MUL_MAT_ADD MUL_MAT_VEC q6_K m=5120 n=1 k=6144: 1 x 54.16 us = 54.16 us (1161.55 GFLOPS/s)
MUL_MAT_VEC f32 m=256 n=4 k=256: 1 x 3.04 us = 3.04 us (172.126 GFLOPS/s)
MUL_MAT_VEC q6_K m=1024 n=1 k=5120: 2 x 9.3 us = 18.6 us (1127.39 GFLOPS/s)
MUL_MAT_VEC q6_K m=12288 n=1 k=5120: 1 x 85.56 us = 85.56 us (1470.51 GFLOPS/s)
MUL_MAT_VEC q6_K m=17408 n=1 k=5120: 2 x 121.24 us = 242.48 us (1470.15 GFLOPS/s)
MUL_MAT_VEC q6_K m=98304 n=1 k=5120: 1 x 671.63 us = 671.63 us (1498.64 GFLOPS/s)
MUL_MAT_VEC q8_0 m=5120 n=1 k=10240: 1 x 101.4 us = 101.4 us (1034.05 GFLOPS/s)
PAD: 1 x 6.4 us = 6.4 us
RMS_NORM_MUL RMS_NORM(256,24,1,1): 1 x 3.6 us = 3.6 us
RMS_NORM_MUL RMS_NORM(256,4,1,1): 1 x 3.6 us = 3.6 us
RMS_NORM_MUL RMS_NORM(5120,1,1,1): 5 x 3.768 us = 18.84 us
ROPE: 2 x 3.58 us = 7.16 us
SET_ROWS: 2 x 2.68 us = 5.36 us
SIGMOID_MUL SIGMOID: 1 x 1.72 us = 1.72 us
TOP_K K=10 (98304,1,1,1): 1 x 9 us = 9 us
Total time: 1395.39 us.
----------------
Vulkan Timings:
CONCAT: 1 x 4 us = 4 us
CONT: 1 x 3.6 us = 3.6 us
FLASH_ATTN_EXT dst(256,24,1,1),  q(256,1,24,1),  k(256,256,4,1),  v(256,256,4,1),  m(256,1,1,1): 1 x 12.8 us = 12.8 us (491.52 GFLOPS/s)
GET_ROWS: 2 x 4.32 us = 8.64 us
GLU: 1 x 1.8 us = 1.8 us
MUL_MAT f32 m=256 n=24 k=256: 1 x 1.64 us = 1.64 us (1914.38 GFLOPS/s)
MUL_MAT f32 m=64 n=16 k=64: 1 x 3.6 us = 3.6 us (36.1244 GFLOPS/s)
MUL_MAT f32 m=64 n=96 k=64: 1 x 3.6 us = 3.6 us (216.747 GFLOPS/s)
MUL_MAT_ADD MUL_MAT_VEC q6_K m=5120 n=1 k=17408: 1 x 122.68 us = 122.68 us (1452.99 GFLOPS/s)
MUL_MAT_ADD MUL_MAT_VEC q6_K m=5120 n=1 k=6144: 1 x 54.4 us = 54.4 us (1156.42 GFLOPS/s)
MUL_MAT_VEC f32 m=256 n=4 k=256: 1 x 3.04 us = 3.04 us (172.126 GFLOPS/s)
MUL_MAT_VEC q6_K m=1024 n=1 k=5120: 2 x 9.06 us = 18.12 us (1157.26 GFLOPS/s)
MUL_MAT_VEC q6_K m=12288 n=1 k=5120: 1 x 86 us = 86 us (1462.99 GFLOPS/s)
MUL_MAT_VEC q6_K m=17408 n=1 k=5120: 2 x 121.14 us = 242.28 us (1471.36 GFLOPS/s)
MUL_MAT_VEC q6_K m=98304 n=1 k=5120: 1 x 672.35 us = 672.35 us (1497.04 GFLOPS/s)
MUL_MAT_VEC q8_0 m=5120 n=1 k=10240: 1 x 101.24 us = 101.24 us (1035.68 GFLOPS/s)
PAD: 1 x 6.36 us = 6.36 us
RMS_NORM_MUL RMS_NORM(256,24,1,1): 1 x 3.6 us = 3.6 us
RMS_NORM_MUL RMS_NORM(256,4,1,1): 1 x 3.6 us = 3.6 us
RMS_NORM_MUL RMS_NORM(5120,1,1,1): 5 x 3.704 us = 18.52 us
ROPE: 2 x 3.6 us = 7.2 us
SET_ROWS: 2 x 2.6 us = 5.2 us
SIGMOID_MUL SIGMOID: 1 x 1.64 us = 1.64 us
TOP_K K=10 (98304,1,1,1): 1 x 9.08 us = 9.08 us
Total time: 1394.99 us.
----------------
Vulkan Timings:
CONCAT: 1 x 3.76 us = 3.76 us
CONT: 1 x 3.64 us = 3.64 us
FLASH_ATTN_EXT dst(256,24,1,1),  q(256,1,24,1),  k(256,256,4,1),  v(256,256,4,1),  m(256,1,1,1): 1 x 12.76 us = 12.76 us (493.061 GFLOPS/s)
GET_ROWS: 2 x 4.2 us = 8.4 us
GLU: 1 x 1.76 us = 1.76 us
MUL_MAT f32 m=256 n=24 k=256: 1 x 1.64 us = 1.64 us (1914.38 GFLOPS/s)
MUL_MAT f32 m=64 n=16 k=64: 1 x 3.6 us = 3.6 us (36.1244 GFLOPS/s)
MUL_MAT f32 m=64 n=96 k=64: 1 x 3.6 us = 3.6 us (216.747 GFLOPS/s)
MUL_MAT_ADD MUL_MAT_VEC q6_K m=5120 n=1 k=17408: 1 x 124.28 us = 124.28 us (1434.28 GFLOPS/s)
MUL_MAT_ADD MUL_MAT_VEC q6_K m=5120 n=1 k=6144: 1 x 53.16 us = 53.16 us (1183.4 GFLOPS/s)
MUL_MAT_VEC f32 m=256 n=4 k=256: 1 x 3.04 us = 3.04 us (172.126 GFLOPS/s)
MUL_MAT_VEC q6_K m=1024 n=1 k=5120: 2 x 9.22 us = 18.44 us (1137.17 GFLOPS/s)
MUL_MAT_VEC q6_K m=12288 n=1 k=5120: 1 x 85.36 us = 85.36 us (1473.96 GFLOPS/s)
MUL_MAT_VEC q6_K m=17408 n=1 k=5120: 2 x 121.04 us = 242.08 us (1472.58 GFLOPS/s)
MUL_MAT_VEC q6_K m=98304 n=1 k=5120: 1 x 670.17 us = 670.17 us (1501.91 GFLOPS/s)
MUL_MAT_VEC q8_0 m=5120 n=1 k=10240: 1 x 100.84 us = 100.84 us (1039.79 GFLOPS/s)
PAD: 1 x 6.36 us = 6.36 us
RMS_NORM_MUL RMS_NORM(256,24,1,1): 1 x 3.64 us = 3.64 us
RMS_NORM_MUL RMS_NORM(256,4,1,1): 1 x 3.6 us = 3.6 us
RMS_NORM_MUL RMS_NORM(5120,1,1,1): 5 x 3.76 us = 18.8 us
ROPE: 2 x 3.58 us = 7.16 us
SET_ROWS: 2 x 2.66 us = 5.32 us
SIGMOID_MUL SIGMOID: 1 x 1.72 us = 1.72 us
TOP_K K=10 (98304,1,1,1): 1 x 8.8 us = 8.8 us
Total time: 1391.93 us.
----------------
Vulkan Timings:
ADD: 48 x 3.835 us = 184.12 us
CONCAT: 48 x 2.528 us = 121.36 us
CONT: 16 x 3.912 us = 62.6 us
CPY: 240 x 2.293 us = 550.32 us
FLASH_ATTN_EXT dst(256,24,5,1),  q(256,5,24,1),  k(256,256,4,1),  v(256,256,4,1),  m(256,5,1,1): 16 x 21.405 us = 342.48 us (1469.62 GFLOPS/s)
GDN_CACHE GATED_DELTA_NET: 48 x 13.859 us = 665.24 us
GET_ROWS: 50 x 27.36 us = 1368.04 us
GLU: 64 x 1.863 us = 119.28 us
MUL_MAT f32 m=256 n=120 k=256: 16 x 1.877 us = 30.04 us (8361.08 GFLOPS/s)
MUL_MAT f32 m=256 n=20 k=256: 16 x 3.04 us = 48.64 us (860.632 GFLOPS/s)
MUL_MAT f32 m=64 n=480 k=64: 16 x 3.7 us = 59.2 us (1054.44 GFLOPS/s)
MUL_MAT f32 m=64 n=80 k=64: 16 x 3.26 us = 52.16 us (199.46 GFLOPS/s)
MUL_MAT_ADD MUL_MAT_VEC q6_K m=5120 n=5 k=17408: 64 x 136.965 us = 8765.76 us (6507.24 GFLOPS/s)
MUL_MAT_ADD MUL_MAT_VEC q6_K m=5120 n=5 k=6144: 16 x 55.93 us = 894.88 us (5623.94 GFLOPS/s)
MUL_MAT_VEC f32 m=48 n=5 k=5120: 96 x 3.474 us = 333.56 us (707.239 GFLOPS/s)
MUL_MAT_VEC q6_K m=1024 n=5 k=5120: 32 x 9.716 us = 310.92 us (5395.46 GFLOPS/s)
MUL_MAT_VEC q6_K m=10240 n=5 k=5120: 48 x 81.563 us = 3915.04 us (6427.36 GFLOPS/s)
MUL_MAT_VEC q6_K m=12288 n=5 k=5120: 16 x 103.992 us = 1663.88 us (6049.32 GFLOPS/s)
MUL_MAT_VEC q6_K m=17408 n=5 k=5120: 128 x 142.734 us = 18270 us (6243.78 GFLOPS/s)
MUL_MAT_VEC q6_K m=248320 n=5 k=5120: 1 x 1755.96 us = 1755.96 us (7239.77 GFLOPS/s)
MUL_MAT_VEC q6_K m=6144 n=5 k=5120: 48 x 54.138 us = 2598.64 us (5809.97 GFLOPS/s)
MUL_MAT_VEC q8_0 m=5120 n=5 k=6144: 48 x 63.305 us = 3038.68 us (4968.69 GFLOPS/s)
RMS_NORM_MUL RMS_NORM(256,24,5,1): 16 x 4.197 us = 67.16 us
RMS_NORM_MUL RMS_NORM(256,4,5,1): 16 x 4.6 us = 73.6 us
RMS_NORM_MUL RMS_NORM(5120,5,1,1): 129 x 2.697 us = 347.96 us
RMS_NORM_MUL_SILU_MUL RMS_NORM(128,48,5,1): 48 x 5.794 us = 278.12 us
RMS_NORM_SCALE RMS_NORM(128,16,5,1): 96 x 2.698 us = 259.08 us
ROPE: 32 x 4.01 us = 128.32 us
SET_ROWS: 32 x 3.053 us = 97.72 us
SIGMOID_MUL SIGMOID: 16 x 1.727 us = 27.64 us
SSM_CONV_SILU SSM_CONV: 48 x 5.65 us = 271.2 us
Total time: 46701.6 us.
----------------
Vulkan Timings:
CONCAT: 1 x 2.04 us = 2.04 us
CONT: 1 x 3.88 us = 3.88 us
FLASH_ATTN_EXT dst(256,24,5,1),  q(256,5,24,1),  k(256,256,4,1),  v(256,256,4,1),  m(256,5,1,1): 1 x 21.96 us = 21.96 us (1432.48 GFLOPS/s)
GLU: 1 x 1.64 us = 1.64 us
MUL_MAT f32 m=256 n=120 k=256: 1 x 1.8 us = 1.8 us (8721.07 GFLOPS/s)
MUL_MAT f32 m=256 n=20 k=256: 1 x 3.2 us = 3.2 us (817.6 GFLOPS/s)
MUL_MAT f32 m=64 n=480 k=64: 1 x 3.88 us = 3.88 us (1005.53 GFLOPS/s)
MUL_MAT f32 m=64 n=80 k=64: 1 x 3.84 us = 3.84 us (169.333 GFLOPS/s)
MUL_MAT_ADD MUL_MAT_VEC q6_K m=5120 n=5 k=17408: 1 x 158.04 us = 158.04 us (5639.48 GFLOPS/s)
MUL_MAT_ADD MUL_MAT_VEC q6_K m=5120 n=5 k=6144: 1 x 61.88 us = 61.88 us (5083.18 GFLOPS/s)
MUL_MAT_VEC q6_K m=1024 n=5 k=5120: 2 x 11.2 us = 22.4 us (4680.69 GFLOPS/s)
MUL_MAT_VEC q6_K m=12288 n=5 k=5120: 1 x 121.8 us = 121.8 us (5164.89 GFLOPS/s)
MUL_MAT_VEC q6_K m=17408 n=5 k=5120: 2 x 134.22 us = 268.44 us (6639.86 GFLOPS/s)
MUL_MAT_VEC q8_0 m=5120 n=5 k=10240: 1 x 106.8 us = 106.8 us (4908.82 GFLOPS/s)
RMS_NORM_MUL RMS_NORM(256,24,5,1): 1 x 3.96 us = 3.96 us
RMS_NORM_MUL RMS_NORM(256,4,5,1): 1 x 3.84 us = 3.84 us
RMS_NORM_MUL RMS_NORM(5120,5,1,1): 5 x 8.264 us = 41.32 us
ROPE: 2 x 3.86 us = 7.72 us
SET_ROWS: 2 x 2.78 us = 5.56 us
SIGMOID_MUL SIGMOID: 1 x 1.84 us = 1.84 us
Total time: 845.84 us.
----------------
Vulkan Timings:
CONCAT: 1 x 3.8 us = 3.8 us
CONT: 1 x 3.6 us = 3.6 us
FLASH_ATTN_EXT dst(256,24,1,1),  q(256,1,24,1),  k(256,256,4,1),  v(256,256,4,1),  m(256,1,1,1): 1 x 12.76 us = 12.76 us (493.061 GFLOPS/s)
GET_ROWS: 2 x 4.24 us = 8.48 us
GLU: 1 x 1.96 us = 1.96 us
MUL_MAT f32 m=256 n=24 k=256: 1 x 1.56 us = 1.56 us (2012.55 GFLOPS/s)
MUL_MAT f32 m=64 n=16 k=64: 1 x 1.84 us = 1.84 us (70.6783 GFLOPS/s)
MUL_MAT f32 m=64 n=96 k=64: 1 x 3.32 us = 3.32 us (235.027 GFLOPS/s)
MUL_MAT_ADD MUL_MAT_VEC q6_K m=5120 n=1 k=17408: 1 x 131.64 us = 131.64 us (1354.09 GFLOPS/s)
MUL_MAT_ADD MUL_MAT_VEC q6_K m=5120 n=1 k=6144: 1 x 53.68 us = 53.68 us (1171.93 GFLOPS/s)
MUL_MAT_VEC f32 m=256 n=4 k=256: 1 x 3.12 us = 3.12 us (167.713 GFLOPS/s)
MUL_MAT_VEC q6_K m=1024 n=1 k=5120: 2 x 9.5 us = 19 us (1103.66 GFLOPS/s)
MUL_MAT_VEC q6_K m=12288 n=1 k=5120: 1 x 90.56 us = 90.56 us (1389.32 GFLOPS/s)
MUL_MAT_VEC q6_K m=17408 n=1 k=5120: 2 x 118.22 us = 236.44 us (1507.7 GFLOPS/s)
MUL_MAT_VEC q6_K m=98304 n=1 k=5120: 1 x 673.46 us = 673.46 us (1494.57 GFLOPS/s)
MUL_MAT_VEC q8_0 m=5120 n=1 k=10240: 1 x 91.36 us = 91.36 us (1147.68 GFLOPS/s)
PAD: 1 x 6.4 us = 6.4 us
RMS_NORM_MUL RMS_NORM(256,24,1,1): 1 x 3.32 us = 3.32 us
RMS_NORM_MUL RMS_NORM(256,4,1,1): 1 x 4.96 us = 4.96 us
RMS_NORM_MUL RMS_NORM(5120,1,1,1): 5 x 4.504 us = 22.52 us
ROPE: 2 x 3.4 us = 6.8 us
SET_ROWS: 2 x 2.64 us = 5.28 us
SIGMOID_MUL SIGMOID: 1 x 1.6 us = 1.6 us
TOP_K K=10 (98304,1,1,1): 1 x 9.04 us = 9.04 us
Total time: 1396.5 us.
----------------
Vulkan Timings:
CONCAT: 1 x 3.8 us = 3.8 us
CONT: 1 x 3.64 us = 3.64 us
FLASH_ATTN_EXT dst(256,24,1,1),  q(256,1,24,1),  k(256,256,4,1),  v(256,256,4,1),  m(256,1,1,1): 1 x 12.84 us = 12.84 us (489.989 GFLOPS/s)
GET_ROWS: 2 x 4.28 us = 8.56 us
GLU: 1 x 1.96 us = 1.96 us
MUL_MAT f32 m=256 n=24 k=256: 1 x 1.72 us = 1.72 us (1825.34 GFLOPS/s)
MUL_MAT f32 m=64 n=16 k=64: 1 x 3.64 us = 3.64 us (35.7275 GFLOPS/s)
MUL_MAT f32 m=64 n=96 k=64: 1 x 3.6 us = 3.6 us (216.747 GFLOPS/s)
MUL_MAT_ADD MUL_MAT_VEC q6_K m=5120 n=1 k=17408: 1 x 123.72 us = 123.72 us (1440.78 GFLOPS/s)
MUL_MAT_ADD MUL_MAT_VEC q6_K m=5120 n=1 k=6144: 1 x 54.04 us = 54.04 us (1164.13 GFLOPS/s)
MUL_MAT_VEC f32 m=256 n=4 k=256: 1 x 3.04 us = 3.04 us (172.126 GFLOPS/s)
MUL_MAT_VEC q6_K m=1024 n=1 k=5120: 2 x 9.16 us = 18.32 us (1144.62 GFLOPS/s)
MUL_MAT_VEC q6_K m=12288 n=1 k=5120: 1 x 86.28 us = 86.28 us (1458.24 GFLOPS/s)
MUL_MAT_VEC q6_K m=17408 n=1 k=5120: 2 x 121.26 us = 242.52 us (1469.9 GFLOPS/s)
MUL_MAT_VEC q6_K m=98304 n=1 k=5120: 1 x 673.79 us = 673.79 us (1493.84 GFLOPS/s)
MUL_MAT_VEC q8_0 m=5120 n=1 k=10240: 1 x 101.72 us = 101.72 us (1030.8 GFLOPS/s)
PAD: 1 x 6.2 us = 6.2 us
RMS_NORM_MUL RMS_NORM(256,24,1,1): 1 x 3.68 us = 3.68 us
RMS_NORM_MUL RMS_NORM(256,4,1,1): 1 x 3.64 us = 3.64 us
RMS_NORM_MUL RMS_NORM(5120,1,1,1): 5 x 3.688 us = 18.44 us
ROPE: 2 x 3.62 us = 7.24 us
SET_ROWS: 2 x 2.66 us = 5.32 us
SIGMOID_MUL SIGMOID: 1 x 1.68 us = 1.68 us
TOP_K K=10 (98304,1,1,1): 1 x 8.84 us = 8.84 us
Total time: 1398.23 us.
----------------
Vulkan Timings:
CONCAT: 1 x 3.76 us = 3.76 us
CONT: 1 x 3.64 us = 3.64 us
FLASH_ATTN_EXT dst(256,24,1,1),  q(256,1,24,1),  k(256,256,4,1),  v(256,256,4,1),  m(256,1,1,1): 1 x 12.8 us = 12.8 us (491.52 GFLOPS/s)
GET_ROWS: 2 x 4.26 us = 8.52 us
GLU: 1 x 1.8 us = 1.8 us
MUL_MAT f32 m=256 n=24 k=256: 1 x 1.72 us = 1.72 us (1825.34 GFLOPS/s)
MUL_MAT f32 m=64 n=16 k=64: 1 x 3.56 us = 3.56 us (36.5303 GFLOPS/s)
MUL_MAT f32 m=64 n=96 k=64: 1 x 3.6 us = 3.6 us (216.747 GFLOPS/s)
MUL_MAT_ADD MUL_MAT_VEC q6_K m=5120 n=1 k=17408: 1 x 125.36 us = 125.36 us (1421.93 GFLOPS/s)
MUL_MAT_ADD MUL_MAT_VEC q6_K m=5120 n=1 k=6144: 1 x 54.92 us = 54.92 us (1145.47 GFLOPS/s)
MUL_MAT_VEC f32 m=256 n=4 k=256: 1 x 3 us = 3 us (174.421 GFLOPS/s)
MUL_MAT_VEC q6_K m=1024 n=1 k=5120: 2 x 9.12 us = 18.24 us (1149.64 GFLOPS/s)
MUL_MAT_VEC q6_K m=12288 n=1 k=5120: 1 x 85.96 us = 85.96 us (1463.67 GFLOPS/s)
MUL_MAT_VEC q6_K m=17408 n=1 k=5120: 2 x 120.84 us = 241.68 us (1475.01 GFLOPS/s)
MUL_MAT_VEC q6_K m=98304 n=1 k=5120: 1 x 674.22 us = 674.22 us (1492.89 GFLOPS/s)
MUL_MAT_VEC q8_0 m=5120 n=1 k=10240: 1 x 101.16 us = 101.16 us (1036.5 GFLOPS/s)
PAD: 1 x 6.32 us = 6.32 us
RMS_NORM_MUL RMS_NORM(256,24,1,1): 1 x 3.64 us = 3.64 us
RMS_NORM_MUL RMS_NORM(256,4,1,1): 1 x 3.6 us = 3.6 us
RMS_NORM_MUL RMS_NORM(5120,1,1,1): 5 x 3.76 us = 18.8 us
ROPE: 2 x 3.54 us = 7.08 us
SET_ROWS: 2 x 2.64 us = 5.28 us
SIGMOID_MUL SIGMOID: 1 x 1.72 us = 1.72 us
TOP_K K=10 (98304,1,1,1): 1 x 8.84 us = 8.84 us
Total time: 1399.22 us.
----------------
Vulkan Timings:
CONCAT: 1 x 3.8 us = 3.8 us
CONT: 1 x 3.64 us = 3.64 us
FLASH_ATTN_EXT dst(256,24,1,1),  q(256,1,24,1),  k(256,256,4,1),  v(256,256,4,1),  m(256,1,1,1): 1 x 12.92 us = 12.92 us (486.955 GFLOPS/s)
GET_ROWS: 2 x 4.32 us = 8.64 us
GLU: 1 x 1.8 us = 1.8 us
MUL_MAT f32 m=256 n=24 k=256: 1 x 1.68 us = 1.68 us (1868.8 GFLOPS/s)
MUL_MAT f32 m=64 n=16 k=64: 1 x 3.6 us = 3.6 us (36.1244 GFLOPS/s)
MUL_MAT f32 m=64 n=96 k=64: 1 x 3.56 us = 3.56 us (219.182 GFLOPS/s)
MUL_MAT_ADD MUL_MAT_VEC q6_K m=5120 n=1 k=17408: 1 x 123.12 us = 123.12 us (1447.8 GFLOPS/s)
MUL_MAT_ADD MUL_MAT_VEC q6_K m=5120 n=1 k=6144: 1 x 53.84 us = 53.84 us (1168.45 GFLOPS/s)
MUL_MAT_VEC f32 m=256 n=4 k=256: 1 x 3 us = 3 us (174.421 GFLOPS/s)
MUL_MAT_VEC q6_K m=1024 n=1 k=5120: 2 x 9.1 us = 18.2 us (1152.17 GFLOPS/s)
MUL_MAT_VEC q6_K m=12288 n=1 k=5120: 1 x 85.4 us = 85.4 us (1473.27 GFLOPS/s)
MUL_MAT_VEC q6_K m=17408 n=1 k=5120: 2 x 121.14 us = 242.28 us (1471.36 GFLOPS/s)
MUL_MAT_VEC q6_K m=98304 n=1 k=5120: 1 x 670.63 us = 670.63 us (1500.88 GFLOPS/s)
MUL_MAT_VEC q8_0 m=5120 n=1 k=10240: 1 x 101.64 us = 101.64 us (1031.61 GFLOPS/s)
PAD: 1 x 6.36 us = 6.36 us
RMS_NORM_MUL RMS_NORM(256,24,1,1): 1 x 3.6 us = 3.6 us
RMS_NORM_MUL RMS_NORM(256,4,1,1): 1 x 3.6 us = 3.6 us
RMS_NORM_MUL RMS_NORM(5120,1,1,1): 5 x 3.72 us = 18.6 us
ROPE: 2 x 3.58 us = 7.16 us
SET_ROWS: 2 x 2.66 us = 5.32 us
SIGMOID_MUL SIGMOID: 1 x 1.68 us = 1.68 us
TOP_K K=10 (98304,1,1,1): 1 x 8.84 us = 8.84 us
Total time: 1392.91 us.
----------------
Vulkan Timings:
ADD: 48 x 3.835 us = 184.08 us
CONCAT: 48 x 2.567 us = 123.24 us
CONT: 16 x 3.897 us = 62.36 us
CPY: 240 x 2.256 us = 541.6 us
FLASH_ATTN_EXT dst(256,24,5,1),  q(256,5,24,1),  k(256,256,4,1),  v(256,256,4,1),  m(256,5,1,1): 16 x 21.61 us = 345.76 us (1455.68 GFLOPS/s)
GDN_CACHE GATED_DELTA_NET: 48 x 13.864 us = 665.48 us
GET_ROWS: 50 x 27.176 us = 1358.84 us
GLU: 64 x 1.856 us = 118.84 us
MUL_MAT f32 m=256 n=120 k=256: 16 x 1.845 us = 29.52 us (8508.36 GFLOPS/s)
MUL_MAT f32 m=256 n=20 k=256: 16 x 3.19 us = 51.04 us (820.163 GFLOPS/s)
MUL_MAT f32 m=64 n=480 k=64: 16 x 3.692 us = 59.08 us (1056.58 GFLOPS/s)
MUL_MAT f32 m=64 n=80 k=64: 16 x 3.257 us = 52.12 us (199.613 GFLOPS/s)
MUL_MAT_ADD MUL_MAT_VEC q6_K m=5120 n=5 k=17408: 64 x 137.065 us = 8772.16 us (6502.49 GFLOPS/s)
MUL_MAT_ADD MUL_MAT_VEC q6_K m=5120 n=5 k=6144: 16 x 56.032 us = 896.52 us (5613.66 GFLOPS/s)
MUL_MAT_VEC f32 m=48 n=5 k=5120: 96 x 3.515 us = 337.48 us (699.024 GFLOPS/s)
MUL_MAT_VEC q6_K m=1024 n=5 k=5120: 32 x 9.848 us = 315.16 us (5322.88 GFLOPS/s)
MUL_MAT_VEC q6_K m=10240 n=5 k=5120: 48 x 81.613 us = 3917.44 us (6423.42 GFLOPS/s)
MUL_MAT_VEC q6_K m=12288 n=5 k=5120: 16 x 104.137 us = 1666.2 us (6040.9 GFLOPS/s)
MUL_MAT_VEC q6_K m=17408 n=5 k=5120: 128 x 142.662 us = 18260.8 us (6246.94 GFLOPS/s)
MUL_MAT_VEC q6_K m=248320 n=5 k=5120: 1 x 1755.44 us = 1755.44 us (7241.91 GFLOPS/s)
MUL_MAT_VEC q6_K m=6144 n=5 k=5120: 48 x 54.21 us = 2602.12 us (5802.2 GFLOPS/s)
MUL_MAT_VEC q8_0 m=5120 n=5 k=6144: 48 x 63.262 us = 3036.6 us (4972.1 GFLOPS/s)
RMS_NORM_MUL RMS_NORM(256,24,5,1): 16 x 3.892 us = 62.28 us
RMS_NORM_MUL RMS_NORM(256,4,5,1): 16 x 4.582 us = 73.32 us
RMS_NORM_MUL RMS_NORM(5120,5,1,1): 129 x 2.715 us = 350.24 us
RMS_NORM_MUL_SILU_MUL RMS_NORM(128,48,5,1): 48 x 5.789 us = 277.88 us
RMS_NORM_SCALE RMS_NORM(128,16,5,1): 96 x 2.648 us = 254.28 us
ROPE: 32 x 3.926 us = 125.64 us
SET_ROWS: 32 x 2.952 us = 94.48 us
SIGMOID_MUL SIGMOID: 16 x 1.717 us = 27.48 us
SSM_CONV_SILU SSM_CONV: 48 x 5.805 us = 278.68 us
Total time: 46696.1 us.
----------------
Vulkan Timings:
CONCAT: 1 x 2 us = 2 us
CONT: 1 x 3.88 us = 3.88 us
FLASH_ATTN_EXT dst(256,24,5,1),  q(256,5,24,1),  k(256,256,4,1),  v(256,256,4,1),  m(256,5,1,1): 1 x 21.88 us = 21.88 us (1437.72 GFLOPS/s)
GLU: 1 x 1.56 us = 1.56 us
MUL_MAT f32 m=256 n=120 k=256: 1 x 1.88 us = 1.88 us (8349.96 GFLOPS/s)
MUL_MAT f32 m=256 n=20 k=256: 1 x 3.24 us = 3.24 us (807.506 GFLOPS/s)
MUL_MAT f32 m=64 n=480 k=64: 1 x 3.88 us = 3.88 us (1005.53 GFLOPS/s)
MUL_MAT f32 m=64 n=80 k=64: 1 x 3.88 us = 3.88 us (167.588 GFLOPS/s)
MUL_MAT_ADD MUL_MAT_VEC q6_K m=5120 n=5 k=17408: 1 x 156.21 us = 156.21 us (5705.55 GFLOPS/s)
MUL_MAT_ADD MUL_MAT_VEC q6_K m=5120 n=5 k=6144: 1 x 61.96 us = 61.96 us (5076.62 GFLOPS/s)
MUL_MAT_VEC q6_K m=1024 n=5 k=5120: 2 x 11.56 us = 23.12 us (4534.92 GFLOPS/s)
MUL_MAT_VEC q6_K m=12288 n=5 k=5120: 1 x 117.7 us = 117.7 us (5344.81 GFLOPS/s)
MUL_MAT_VEC q6_K m=17408 n=5 k=5120: 2 x 134.38 us = 268.76 us (6631.96 GFLOPS/s)
MUL_MAT_VEC q8_0 m=5120 n=5 k=10240: 1 x 106.92 us = 106.92 us (4903.31 GFLOPS/s)
RMS_NORM_MUL RMS_NORM(256,24,5,1): 1 x 4 us = 4 us
RMS_NORM_MUL RMS_NORM(256,4,5,1): 1 x 3.92 us = 3.92 us
RMS_NORM_MUL RMS_NORM(5120,5,1,1): 5 x 8.02 us = 40.1 us
ROPE: 2 x 3.9 us = 7.8 us
SET_ROWS: 2 x 2.78 us = 5.56 us
SIGMOID_MUL SIGMOID: 1 x 1.84 us = 1.84 us
Total time: 840.09 us.
----------------
Vulkan Timings:
CONCAT: 1 x 3.72 us = 3.72 us
CONT: 1 x 3.6 us = 3.6 us
FLASH_ATTN_EXT dst(256,24,1,1),  q(256,1,24,1),  k(256,256,4,1),  v(256,256,4,1),  m(256,1,1,1): 1 x 12.72 us = 12.72 us (494.611 GFLOPS/s)
GET_ROWS: 2 x 4.22 us = 8.44 us
GLU: 1 x 1.64 us = 1.64 us
MUL_MAT f32 m=256 n=24 k=256: 1 x 1.56 us = 1.56 us (2012.55 GFLOPS/s)
MUL_MAT f32 m=64 n=16 k=64: 1 x 1.92 us = 1.92 us (67.7333 GFLOPS/s)
MUL_MAT f32 m=64 n=96 k=64: 1 x 3.28 us = 3.28 us (237.893 GFLOPS/s)
MUL_MAT_ADD MUL_MAT_VEC q6_K m=5120 n=1 k=17408: 1 x 130.6 us = 130.6 us (1364.88 GFLOPS/s)
MUL_MAT_ADD MUL_MAT_VEC q6_K m=5120 n=1 k=6144: 1 x 51.4 us = 51.4 us (1223.92 GFLOPS/s)
MUL_MAT_VEC f32 m=256 n=4 k=256: 1 x 3.12 us = 3.12 us (167.713 GFLOPS/s)
MUL_MAT_VEC q6_K m=1024 n=1 k=5120: 2 x 9.42 us = 18.84 us (1113.03 GFLOPS/s)
MUL_MAT_VEC q6_K m=12288 n=1 k=5120: 1 x 90.28 us = 90.28 us (1393.63 GFLOPS/s)
MUL_MAT_VEC q6_K m=17408 n=1 k=5120: 2 x 118.06 us = 236.12 us (1509.75 GFLOPS/s)
MUL_MAT_VEC q6_K m=98304 n=1 k=5120: 1 x 669.84 us = 669.84 us (1502.65 GFLOPS/s)
MUL_MAT_VEC q8_0 m=5120 n=1 k=10240: 1 x 91.24 us = 91.24 us (1149.19 GFLOPS/s)
PAD: 1 x 7.16 us = 7.16 us
RMS_NORM_MUL RMS_NORM(256,24,1,1): 1 x 3.28 us = 3.28 us
RMS_NORM_MUL RMS_NORM(256,4,1,1): 1 x 5 us = 5 us
RMS_NORM_MUL RMS_NORM(5120,1,1,1): 5 x 5.008 us = 25.04 us
ROPE: 2 x 3.42 us = 6.84 us
SET_ROWS: 2 x 2.68 us = 5.36 us
SIGMOID_MUL SIGMOID: 1 x 1.56 us = 1.56 us
TOP_K K=10 (98304,1,1,1): 1 x 9.12 us = 9.12 us
Total time: 1391.68 us.
----------------
Vulkan Timings:
CONCAT: 1 x 3.76 us = 3.76 us
CONT: 1 x 3.64 us = 3.64 us
FLASH_ATTN_EXT dst(256,24,1,1),  q(256,1,24,1),  k(256,256,4,1),  v(256,256,4,1),  m(256,1,1,1): 1 x 12.76 us = 12.76 us (493.061 GFLOPS/s)
GET_ROWS: 2 x 4.28 us = 8.56 us
GLU: 1 x 1.72 us = 1.72 us
MUL_MAT f32 m=256 n=24 k=256: 1 x 1.64 us = 1.64 us (1914.38 GFLOPS/s)
MUL_MAT f32 m=64 n=16 k=64: 1 x 3.6 us = 3.6 us (36.1244 GFLOPS/s)
MUL_MAT f32 m=64 n=96 k=64: 1 x 3.6 us = 3.6 us (216.747 GFLOPS/s)
MUL_MAT_ADD MUL_MAT_VEC q6_K m=5120 n=1 k=17408: 1 x 122.88 us = 122.88 us (1450.62 GFLOPS/s)
MUL_MAT_ADD MUL_MAT_VEC q6_K m=5120 n=1 k=6144: 1 x 53.76 us = 53.76 us (1170.19 GFLOPS/s)
MUL_MAT_VEC f32 m=256 n=4 k=256: 1 x 3.04 us = 3.04 us (172.126 GFLOPS/s)
MUL_MAT_VEC q6_K m=1024 n=1 k=5120: 2 x 9.24 us = 18.48 us (1134.71 GFLOPS/s)
MUL_MAT_VEC q6_K m=12288 n=1 k=5120: 1 x 85.6 us = 85.6 us (1469.82 GFLOPS/s)
MUL_MAT_VEC q6_K m=17408 n=1 k=5120: 2 x 121.1 us = 242.2 us (1471.85 GFLOPS/s)
MUL_MAT_VEC q6_K m=98304 n=1 k=5120: 1 x 669.88 us = 669.88 us (1502.56 GFLOPS/s)
MUL_MAT_VEC q8_0 m=5120 n=1 k=10240: 1 x 101.64 us = 101.64 us (1031.61 GFLOPS/s)
PAD: 1 x 6.44 us = 6.44 us
RMS_NORM_MUL RMS_NORM(256,24,1,1): 1 x 3.64 us = 3.64 us
RMS_NORM_MUL RMS_NORM(256,4,1,1): 1 x 3.56 us = 3.56 us
RMS_NORM_MUL RMS_NORM(5120,1,1,1): 5 x 3.76 us = 18.8 us
ROPE: 2 x 3.56 us = 7.12 us
SET_ROWS: 2 x 2.66 us = 5.32 us
SIGMOID_MUL SIGMOID: 1 x 1.68 us = 1.68 us
TOP_K K=10 (98304,1,1,1): 1 x 8.44 us = 8.44 us
Total time: 1391.76 us.
----------------
Vulkan Timings:
CONCAT: 1 x 1.72 us = 1.72 us
CONT: 1 x 3.64 us = 3.64 us
FLASH_ATTN_EXT dst(256,24,1,1),  q(256,1,24,1),  k(256,256,4,1),  v(256,256,4,1),  m(256,1,1,1): 1 x 12.84 us = 12.84 us (489.989 GFLOPS/s)
GET_ROWS: 2 x 4.32 us = 8.64 us
GLU: 1 x 1.76 us = 1.76 us
MUL_MAT f32 m=256 n=24 k=256: 1 x 1.68 us = 1.68 us (1868.8 GFLOPS/s)
MUL_MAT f32 m=64 n=16 k=64: 1 x 3.56 us = 3.56 us (36.5303 GFLOPS/s)
MUL_MAT f32 m=64 n=96 k=64: 1 x 3.6 us = 3.6 us (216.747 GFLOPS/s)
MUL_MAT_ADD MUL_MAT_VEC q6_K m=5120 n=1 k=17408: 1 x 122.68 us = 122.68 us (1452.99 GFLOPS/s)
MUL_MAT_ADD MUL_MAT_VEC q6_K m=5120 n=1 k=6144: 1 x 54.4 us = 54.4 us (1156.42 GFLOPS/s)
MUL_MAT_VEC f32 m=256 n=4 k=256: 1 x 3.04 us = 3.04 us (172.126 GFLOPS/s)
MUL_MAT_VEC q6_K m=1024 n=1 k=5120: 2 x 9.2 us = 18.4 us (1139.65 GFLOPS/s)
MUL_MAT_VEC q6_K m=12288 n=1 k=5120: 1 x 85.56 us = 85.56 us (1470.51 GFLOPS/s)
MUL_MAT_VEC q6_K m=17408 n=1 k=5120: 2 x 121.18 us = 242.36 us (1470.87 GFLOPS/s)
MUL_MAT_VEC q6_K m=98304 n=1 k=5120: 1 x 671.26 us = 671.26 us (1499.47 GFLOPS/s)
MUL_MAT_VEC q8_0 m=5120 n=1 k=10240: 1 x 101.04 us = 101.04 us (1037.73 GFLOPS/s)
PAD: 1 x 6.36 us = 6.36 us
RMS_NORM_MUL RMS_NORM(256,24,1,1): 1 x 3.6 us = 3.6 us
RMS_NORM_MUL RMS_NORM(256,4,1,1): 1 x 3.64 us = 3.64 us
RMS_NORM_MUL RMS_NORM(5120,1,1,1): 5 x 4.184 us = 20.92 us
ROPE: 2 x 3.56 us = 7.12 us
SET_ROWS: 2 x 2.66 us = 5.32 us
SIGMOID_MUL SIGMOID: 1 x 1.64 us = 1.64 us
TOP_K K=10 (98304,1,1,1): 1 x 9.08 us = 9.08 us
Total time: 1393.86 us.
----------------
Vulkan Timings:
CONCAT: 1 x 4 us = 4 us
CONT: 1 x 3.64 us = 3.64 us
FLASH_ATTN_EXT dst(256,24,1,1),  q(256,1,24,1),  k(256,256,4,1),  v(256,256,4,1),  m(256,1,1,1): 1 x 12.84 us = 12.84 us (489.989 GFLOPS/s)
GET_ROWS: 2 x 4.32 us = 8.64 us
GLU: 1 x 1.84 us = 1.84 us
MUL_MAT f32 m=256 n=24 k=256: 1 x 1.64 us = 1.64 us (1914.38 GFLOPS/s)
MUL_MAT f32 m=64 n=16 k=64: 1 x 3.64 us = 3.64 us (35.7275 GFLOPS/s)
MUL_MAT f32 m=64 n=96 k=64: 1 x 3.6 us = 3.6 us (216.747 GFLOPS/s)
MUL_MAT_ADD MUL_MAT_VEC q6_K m=5120 n=1 k=17408: 1 x 123.48 us = 123.48 us (1443.58 GFLOPS/s)
MUL_MAT_ADD MUL_MAT_VEC q6_K m=5120 n=1 k=6144: 1 x 53.6 us = 53.6 us (1173.68 GFLOPS/s)
MUL_MAT_VEC f32 m=256 n=4 k=256: 1 x 3.04 us = 3.04 us (172.126 GFLOPS/s)
MUL_MAT_VEC q6_K m=1024 n=1 k=5120: 2 x 9.2 us = 18.4 us (1139.65 GFLOPS/s)
MUL_MAT_VEC q6_K m=12288 n=1 k=5120: 1 x 85.96 us = 85.96 us (1463.67 GFLOPS/s)
MUL_MAT_VEC q6_K m=17408 n=1 k=5120: 2 x 121.56 us = 243.12 us (1466.28 GFLOPS/s)
MUL_MAT_VEC q6_K m=98304 n=1 k=5120: 1 x 672.23 us = 672.23 us (1497.31 GFLOPS/s)
MUL_MAT_VEC q8_0 m=5120 n=1 k=10240: 1 x 101.36 us = 101.36 us (1034.46 GFLOPS/s)
PAD: 1 x 6.32 us = 6.32 us
RMS_NORM_MUL RMS_NORM(256,24,1,1): 1 x 3.64 us = 3.64 us
RMS_NORM_MUL RMS_NORM(256,4,1,1): 1 x 3.6 us = 3.6 us
RMS_NORM_MUL RMS_NORM(5120,1,1,1): 5 x 3.744 us = 18.72 us
ROPE: 2 x 3.62 us = 7.24 us
SET_ROWS: 2 x 2.64 us = 5.28 us
SIGMOID_MUL SIGMOID: 1 x 1.68 us = 1.68 us
TOP_K K=10 (98304,1,1,1): 1 x 8.72 us = 8.72 us
Total time: 1396.23 us.
----------------
Vulkan Timings:
ADD: 48 x 3.821 us = 183.44 us
CONCAT: 48 x 2.569 us = 123.32 us
CONT: 16 x 3.897 us = 62.36 us
CPY: 240 x 2.25 us = 540.12 us
FLASH_ATTN_EXT dst(256,24,5,1),  q(256,5,24,1),  k(256,256,4,1),  v(256,256,4,1),  m(256,5,1,1): 16 x 21.235 us = 339.76 us (1481.39 GFLOPS/s)
GDN_CACHE GATED_DELTA_NET: 48 x 13.891 us = 666.8 us
GET_ROWS: 50 x 27.244 us = 1362.2 us
GLU: 64 x 1.864 us = 119.32 us
MUL_MAT f32 m=256 n=120 k=256: 16 x 1.822 us = 29.16 us (8613.4 GFLOPS/s)
MUL_MAT f32 m=256 n=20 k=256: 16 x 3.177 us = 50.84 us (823.389 GFLOPS/s)
MUL_MAT f32 m=64 n=480 k=64: 16 x 3.677 us = 58.84 us (1060.89 GFLOPS/s)
MUL_MAT f32 m=64 n=80 k=64: 16 x 3.245 us = 51.92 us (200.382 GFLOPS/s)
MUL_MAT_ADD MUL_MAT_VEC q6_K m=5120 n=5 k=17408: 64 x 136.808 us = 8755.72 us (6514.7 GFLOPS/s)
MUL_MAT_ADD MUL_MAT_VEC q6_K m=5120 n=5 k=6144: 16 x 55.867 us = 893.88 us (5630.24 GFLOPS/s)
MUL_MAT_VEC f32 m=48 n=5 k=5120: 96 x 3.469 us = 333.04 us (708.343 GFLOPS/s)
MUL_MAT_VEC q6_K m=1024 n=5 k=5120: 32 x 9.702 us = 310.48 us (5403.11 GFLOPS/s)
MUL_MAT_VEC q6_K m=10240 n=5 k=5120: 48 x 81.59 us = 3916.36 us (6425.19 GFLOPS/s)
MUL_MAT_VEC q6_K m=12288 n=5 k=5120: 16 x 104.067 us = 1665.08 us (6044.96 GFLOPS/s)
MUL_MAT_VEC q6_K m=17408 n=5 k=5120: 128 x 142.407 us = 18228.1 us (6258.13 GFLOPS/s)
MUL_MAT_VEC q6_K m=248320 n=5 k=5120: 1 x 1762.64 us = 1762.64 us (7212.33 GFLOPS/s)
MUL_MAT_VEC q6_K m=6144 n=5 k=5120: 48 x 53.975 us = 2590.8 us (5827.55 GFLOPS/s)
MUL_MAT_VEC q8_0 m=5120 n=5 k=6144: 48 x 63.315 us = 3039.16 us (4967.91 GFLOPS/s)
RMS_NORM_MUL RMS_NORM(256,24,5,1): 16 x 4.027 us = 64.44 us
RMS_NORM_MUL RMS_NORM(256,4,5,1): 16 x 4.575 us = 73.2 us
RMS_NORM_MUL RMS_NORM(5120,5,1,1): 129 x 2.726 us = 351.72 us
RMS_NORM_MUL_SILU_MUL RMS_NORM(128,48,5,1): 48 x 5.782 us = 277.56 us
RMS_NORM_SCALE RMS_NORM(128,16,5,1): 96 x 2.698 us = 259.04 us
ROPE: 32 x 3.911 us = 125.16 us
SET_ROWS: 32 x 3.032 us = 97.04 us
SIGMOID_MUL SIGMOID: 16 x 1.725 us = 27.6 us
SSM_CONV_SILU SSM_CONV: 48 x 5.701 us = 273.68 us
Total time: 46632.8 us.
----------------
Vulkan Timings:
CONCAT: 1 x 1.96 us = 1.96 us
CONT: 1 x 3.88 us = 3.88 us
FLASH_ATTN_EXT dst(256,24,5,1),  q(256,5,24,1),  k(256,256,4,1),  v(256,256,4,1),  m(256,5,1,1): 1 x 21.44 us = 21.44 us (1467.22 GFLOPS/s)
GLU: 1 x 1.64 us = 1.64 us
MUL_MAT f32 m=256 n=120 k=256: 1 x 1.8 us = 1.8 us (8721.07 GFLOPS/s)
MUL_MAT f32 m=256 n=20 k=256: 1 x 3.24 us = 3.24 us (807.506 GFLOPS/s)
MUL_MAT f32 m=64 n=480 k=64: 1 x 3.88 us = 3.88 us (1005.53 GFLOPS/s)
MUL_MAT f32 m=64 n=80 k=64: 1 x 3.8 us = 3.8 us (171.116 GFLOPS/s)
MUL_MAT_ADD MUL_MAT_VEC q6_K m=5120 n=5 k=17408: 1 x 158.55 us = 158.55 us (5621.34 GFLOPS/s)
MUL_MAT_ADD MUL_MAT_VEC q6_K m=5120 n=5 k=6144: 1 x 62.72 us = 62.72 us (5015.1 GFLOPS/s)
MUL_MAT_VEC q6_K m=1024 n=5 k=5120: 2 x 11.48 us = 22.96 us (4566.52 GFLOPS/s)
MUL_MAT_VEC q6_K m=12288 n=5 k=5120: 1 x 118.43 us = 118.43 us (5311.86 GFLOPS/s)
MUL_MAT_VEC q6_K m=17408 n=5 k=5120: 2 x 135.42 us = 270.84 us (6581.03 GFLOPS/s)
MUL_MAT_VEC q8_0 m=5120 n=5 k=10240: 1 x 104.92 us = 104.92 us (4996.78 GFLOPS/s)
RMS_NORM_MUL RMS_NORM(256,24,5,1): 1 x 4 us = 4 us
RMS_NORM_MUL RMS_NORM(256,4,5,1): 1 x 3.84 us = 3.84 us
RMS_NORM_MUL RMS_NORM(5120,5,1,1): 5 x 8.344 us = 41.72 us
ROPE: 2 x 3.86 us = 7.72 us
SET_ROWS: 2 x 2.76 us = 5.52 us
SIGMOID_MUL SIGMOID: 1 x 1.88 us = 1.88 us
Total time: 844.74 us.
----------------
Vulkan Timings:
CONCAT: 1 x 3.72 us = 3.72 us
CONT: 1 x 3.52 us = 3.52 us
FLASH_ATTN_EXT dst(256,24,1,1),  q(256,1,24,1),  k(256,256,4,1),  v(256,256,4,1),  m(256,1,1,1): 1 x 12.56 us = 12.56 us (500.912 GFLOPS/s)
GET_ROWS: 2 x 5.34 us = 10.68 us
GLU: 1 x 1.56 us = 1.56 us
MUL_MAT f32 m=256 n=24 k=256: 1 x 2.08 us = 2.08 us (1509.42 GFLOPS/s)
MUL_MAT f32 m=64 n=16 k=64: 1 x 1.8 us = 1.8 us (72.2489 GFLOPS/s)
MUL_MAT f32 m=64 n=96 k=64: 1 x 3.24 us = 3.24 us (240.83 GFLOPS/s)
MUL_MAT_ADD MUL_MAT_VEC q6_K m=5120 n=1 k=17408: 1 x 129.68 us = 129.68 us (1374.56 GFLOPS/s)
MUL_MAT_ADD MUL_MAT_VEC q6_K m=5120 n=1 k=6144: 1 x 54.04 us = 54.04 us (1164.13 GFLOPS/s)
MUL_MAT_VEC f32 m=256 n=4 k=256: 1 x 0.76 us = 0.76 us (688.505 GFLOPS/s)
MUL_MAT_VEC q6_K m=1024 n=1 k=5120: 2 x 9.3 us = 18.6 us (1127.39 GFLOPS/s)
MUL_MAT_VEC q6_K m=12288 n=1 k=5120: 1 x 89.88 us = 89.88 us (1399.83 GFLOPS/s)
MUL_MAT_VEC q6_K m=17408 n=1 k=5120: 2 x 118.1 us = 236.2 us (1509.23 GFLOPS/s)
MUL_MAT_VEC q6_K m=98304 n=1 k=5120: 1 x 672.85 us = 672.85 us (1495.93 GFLOPS/s)
MUL_MAT_VEC q8_0 m=5120 n=1 k=10240: 1 x 92.68 us = 92.68 us (1131.34 GFLOPS/s)
PAD: 1 x 6.48 us = 6.48 us
RMS_NORM_MUL RMS_NORM(256,24,1,1): 1 x 3.2 us = 3.2 us
RMS_NORM_MUL RMS_NORM(256,4,1,1): 1 x 4.84 us = 4.84 us
RMS_NORM_MUL RMS_NORM(5120,1,1,1): 5 x 4.464 us = 22.32 us
ROPE: 2 x 3.32 us = 6.64 us
SET_ROWS: 2 x 3.76 us = 7.52 us
SIGMOID_MUL SIGMOID: 1 x 1.6 us = 1.6 us
TOP_K K=10 (98304,1,1,1): 1 x 8.52 us = 8.52 us
Total time: 1394.97 us.
----------------
Vulkan Timings:
CONCAT: 1 x 3.76 us = 3.76 us
CONT: 1 x 3.64 us = 3.64 us
FLASH_ATTN_EXT dst(256,24,1,1),  q(256,1,24,1),  k(256,256,4,1),  v(256,256,4,1),  m(256,1,1,1): 1 x 12.88 us = 12.88 us (488.467 GFLOPS/s)
GET_ROWS: 2 x 4.2 us = 8.4 us
GLU: 1 x 1.88 us = 1.88 us
MUL_MAT f32 m=256 n=24 k=256: 1 x 1.64 us = 1.64 us (1914.38 GFLOPS/s)
MUL_MAT f32 m=64 n=16 k=64: 1 x 3.6 us = 3.6 us (36.1244 GFLOPS/s)
MUL_MAT f32 m=64 n=96 k=64: 1 x 3.56 us = 3.56 us (219.182 GFLOPS/s)
MUL_MAT_ADD MUL_MAT_VEC q6_K m=5120 n=1 k=17408: 1 x 123.84 us = 123.84 us (1439.38 GFLOPS/s)
MUL_MAT_ADD MUL_MAT_VEC q6_K m=5120 n=1 k=6144: 1 x 53.36 us = 53.36 us (1178.96 GFLOPS/s)
MUL_MAT_VEC f32 m=256 n=4 k=256: 1 x 3.04 us = 3.04 us (172.126 GFLOPS/s)
MUL_MAT_VEC q6_K m=1024 n=1 k=5120: 2 x 9.24 us = 18.48 us (1134.71 GFLOPS/s)
MUL_MAT_VEC q6_K m=12288 n=1 k=5120: 1 x 85.4 us = 85.4 us (1473.27 GFLOPS/s)
MUL_MAT_VEC q6_K m=17408 n=1 k=5120: 2 x 121.16 us = 242.32 us (1471.12 GFLOPS/s)
MUL_MAT_VEC q6_K m=98304 n=1 k=5120: 1 x 670.24 us = 670.24 us (1501.75 GFLOPS/s)
MUL_MAT_VEC q8_0 m=5120 n=1 k=10240: 1 x 101.2 us = 101.2 us (1036.09 GFLOPS/s)
PAD: 1 x 6.36 us = 6.36 us
RMS_NORM_MUL RMS_NORM(256,24,1,1): 1 x 3.6 us = 3.6 us
RMS_NORM_MUL RMS_NORM(256,4,1,1): 1 x 3.6 us = 3.6 us
RMS_NORM_MUL RMS_NORM(5120,1,1,1): 5 x 3.76 us = 18.8 us
ROPE: 2 x 3.58 us = 7.16 us
SET_ROWS: 2 x 2.62 us = 5.24 us
SIGMOID_MUL SIGMOID: 1 x 1.68 us = 1.68 us
TOP_K K=10 (98304,1,1,1): 1 x 8.84 us = 8.84 us
Total time: 1392.52 us.
----------------
Vulkan Timings:
CONCAT: 1 x 3.76 us = 3.76 us
CONT: 1 x 3.6 us = 3.6 us
FLASH_ATTN_EXT dst(256,24,1,1),  q(256,1,24,1),  k(256,256,4,1),  v(256,256,4,1),  m(256,1,1,1): 1 x 12.8 us = 12.8 us (491.52 GFLOPS/s)
GET_ROWS: 2 x 4.3 us = 8.6 us
GLU: 1 x 1.84 us = 1.84 us
MUL_MAT f32 m=256 n=24 k=256: 1 x 1.64 us = 1.64 us (1914.38 GFLOPS/s)
MUL_MAT f32 m=64 n=16 k=64: 1 x 3.64 us = 3.64 us (35.7275 GFLOPS/s)
MUL_MAT f32 m=64 n=96 k=64: 1 x 3.64 us = 3.64 us (214.365 GFLOPS/s)
MUL_MAT_ADD MUL_MAT_VEC q6_K m=5120 n=1 k=17408: 1 x 122.72 us = 122.72 us (1452.52 GFLOPS/s)
MUL_MAT_ADD MUL_MAT_VEC q6_K m=5120 n=1 k=6144: 1 x 53.88 us = 53.88 us (1167.58 GFLOPS/s)
MUL_MAT_VEC f32 m=256 n=4 k=256: 1 x 3.04 us = 3.04 us (172.126 GFLOPS/s)
MUL_MAT_VEC q6_K m=1024 n=1 k=5120: 2 x 9.04 us = 18.08 us (1159.82 GFLOPS/s)
MUL_MAT_VEC q6_K m=12288 n=1 k=5120: 1 x 85.52 us = 85.52 us (1471.2 GFLOPS/s)
MUL_MAT_VEC q6_K m=17408 n=1 k=5120: 2 x 121.3 us = 242.6 us (1469.42 GFLOPS/s)
MUL_MAT_VEC q6_K m=98304 n=1 k=5120: 1 x 671.62 us = 671.62 us (1498.67 GFLOPS/s)
MUL_MAT_VEC q8_0 m=5120 n=1 k=10240: 1 x 101.44 us = 101.44 us (1033.64 GFLOPS/s)
PAD: 1 x 6.32 us = 6.32 us
RMS_NORM_MUL RMS_NORM(256,24,1,1): 1 x 3.6 us = 3.6 us
RMS_NORM_MUL RMS_NORM(256,4,1,1): 1 x 3.6 us = 3.6 us
RMS_NORM_MUL RMS_NORM(5120,1,1,1): 5 x 3.72 us = 18.6 us
ROPE: 2 x 3.62 us = 7.24 us
SET_ROWS: 2 x 2.66 us = 5.32 us
SIGMOID_MUL SIGMOID: 1 x 1.68 us = 1.68 us
TOP_K K=10 (98304,1,1,1): 1 x 8.84 us = 8.84 us
Total time: 1393.62 us.
----------------
Vulkan Timings:
CONCAT: 1 x 3.76 us = 3.76 us
CONT: 1 x 3.6 us = 3.6 us
FLASH_ATTN_EXT dst(256,24,1,1),  q(256,1,24,1),  k(256,256,4,1),  v(256,256,4,1),  m(256,1,1,1): 1 x 12.88 us = 12.88 us (488.467 GFLOPS/s)
GET_ROWS: 2 x 6.3 us = 12.6 us
GLU: 1 x 1.84 us = 1.84 us
MUL_MAT f32 m=256 n=24 k=256: 1 x 1.6 us = 1.6 us (1962.24 GFLOPS/s)
MUL_MAT f32 m=64 n=16 k=64: 1 x 3.56 us = 3.56 us (36.5303 GFLOPS/s)
MUL_MAT f32 m=64 n=96 k=64: 1 x 3.64 us = 3.64 us (214.365 GFLOPS/s)
MUL_MAT_ADD MUL_MAT_VEC q6_K m=5120 n=1 k=17408: 1 x 123.48 us = 123.48 us (1443.58 GFLOPS/s)
MUL_MAT_ADD MUL_MAT_VEC q6_K m=5120 n=1 k=6144: 1 x 54.16 us = 54.16 us (1161.55 GFLOPS/s)
MUL_MAT_VEC f32 m=256 n=4 k=256: 1 x 3.04 us = 3.04 us (172.126 GFLOPS/s)
MUL_MAT_VEC q6_K m=1024 n=1 k=5120: 2 x 9.06 us = 18.12 us (1157.26 GFLOPS/s)
MUL_MAT_VEC q6_K m=12288 n=1 k=5120: 1 x 85.56 us = 85.56 us (1470.51 GFLOPS/s)
MUL_MAT_VEC q6_K m=17408 n=1 k=5120: 2 x 121.22 us = 242.44 us (1470.39 GFLOPS/s)
MUL_MAT_VEC q6_K m=98304 n=1 k=5120: 1 x 669.63 us = 669.63 us (1503.12 GFLOPS/s)
MUL_MAT_VEC q8_0 m=5120 n=1 k=10240: 1 x 101.44 us = 101.44 us (1033.64 GFLOPS/s)
PAD: 1 x 4.88 us = 4.88 us
RMS_NORM_MUL RMS_NORM(256,24,1,1): 1 x 3.6 us = 3.6 us
RMS_NORM_MUL RMS_NORM(256,4,1,1): 1 x 3.56 us = 3.56 us
RMS_NORM_MUL RMS_NORM(5120,1,1,1): 5 x 3.736 us = 18.68 us
ROPE: 2 x 3.56 us = 7.12 us
SET_ROWS: 2 x 2.68 us = 5.36 us
SIGMOID_MUL SIGMOID: 1 x 1.68 us = 1.68 us
TOP_K K=10 (98304,1,1,1): 1 x 9.04 us = 9.04 us
Total time: 1395.27 us.
----------------
Vulkan Timings:
ADD: 48 x 3.835 us = 184.12 us
CONCAT: 48 x 2.434 us = 116.84 us
CONT: 16 x 3.907 us = 62.52 us
CPY: 240 x 2.239 us = 537.52 us
FLASH_ATTN_EXT dst(256,24,5,1),  q(256,5,24,1),  k(256,256,4,1),  v(256,256,4,1),  m(256,5,1,1): 16 x 21.462 us = 343.4 us (1465.69 GFLOPS/s)
GDN_CACHE GATED_DELTA_NET: 48 x 14.05 us = 674.44 us
GET_ROWS: 50 x 27.195 us = 1359.76 us
GLU: 64 x 1.868 us = 119.6 us
MUL_MAT f32 m=256 n=120 k=256: 16 x 1.832 us = 29.32 us (8566.4 GFLOPS/s)
MUL_MAT f32 m=256 n=20 k=256: 16 x 3.195 us = 51.12 us (818.879 GFLOPS/s)
MUL_MAT f32 m=64 n=480 k=64: 16 x 3.695 us = 59.12 us (1055.87 GFLOPS/s)
MUL_MAT f32 m=64 n=80 k=64: 16 x 3.245 us = 51.92 us (200.382 GFLOPS/s)
MUL_MAT_ADD MUL_MAT_VEC q6_K m=5120 n=5 k=17408: 64 x 136.956 us = 8765.2 us (6507.65 GFLOPS/s)
MUL_MAT_ADD MUL_MAT_VEC q6_K m=5120 n=5 k=6144: 16 x 56.005 us = 896.08 us (5616.41 GFLOPS/s)
MUL_MAT_VEC f32 m=48 n=5 k=5120: 96 x 3.573 us = 343.08 us (687.614 GFLOPS/s)
MUL_MAT_VEC q6_K m=1024 n=5 k=5120: 32 x 9.731 us = 311.4 us (5387.15 GFLOPS/s)
MUL_MAT_VEC q6_K m=10240 n=5 k=5120: 48 x 81.492 us = 3911.64 us (6432.95 GFLOPS/s)
MUL_MAT_VEC q6_K m=12288 n=5 k=5120: 16 x 104.265 us = 1668.24 us (6033.51 GFLOPS/s)
MUL_MAT_VEC q6_K m=17408 n=5 k=5120: 128 x 142.896 us = 18290.7 us (6236.71 GFLOPS/s)
MUL_MAT_VEC q6_K m=248320 n=5 k=5120: 1 x 1761.36 us = 1761.36 us (7217.57 GFLOPS/s)
MUL_MAT_VEC q6_K m=6144 n=5 k=5120: 48 x 54.149 us = 2599.16 us (5808.81 GFLOPS/s)
MUL_MAT_VEC q8_0 m=5120 n=5 k=6144: 48 x 63.163 us = 3031.84 us (4979.9 GFLOPS/s)
RMS_NORM_MUL RMS_NORM(256,24,5,1): 16 x 4.06 us = 64.96 us
RMS_NORM_MUL RMS_NORM(256,4,5,1): 16 x 4.58 us = 73.28 us
RMS_NORM_MUL RMS_NORM(5120,5,1,1): 129 x 2.728 us = 351.96 us
RMS_NORM_MUL_SILU_MUL RMS_NORM(128,48,5,1): 48 x 5.795 us = 278.16 us
RMS_NORM_SCALE RMS_NORM(128,16,5,1): 96 x 2.719 us = 261.08 us
ROPE: 32 x 3.915 us = 125.28 us
SET_ROWS: 32 x 2.997 us = 95.92 us
SIGMOID_MUL SIGMOID: 16 x 1.732 us = 27.72 us
SSM_CONV_SILU SSM_CONV: 48 x 5.779 us = 277.4 us
Total time: 46724.2 us.
----------------
Vulkan Timings:
CONCAT: 1 x 2.04 us = 2.04 us
CONT: 1 x 3.84 us = 3.84 us
FLASH_ATTN_EXT dst(256,24,5,1),  q(256,5,24,1),  k(256,256,4,1),  v(256,256,4,1),  m(256,5,1,1): 1 x 21.64 us = 21.64 us (1453.66 GFLOPS/s)
GLU: 1 x 1.64 us = 1.64 us
MUL_MAT f32 m=256 n=120 k=256: 1 x 1.84 us = 1.84 us (8531.48 GFLOPS/s)
MUL_MAT f32 m=256 n=20 k=256: 1 x 3.24 us = 3.24 us (807.506 GFLOPS/s)
MUL_MAT f32 m=64 n=480 k=64: 1 x 3.88 us = 3.88 us (1005.53 GFLOPS/s)
MUL_MAT f32 m=64 n=80 k=64: 1 x 3.84 us = 3.84 us (169.333 GFLOPS/s)
MUL_MAT_ADD MUL_MAT_VEC q6_K m=5120 n=5 k=17408: 1 x 159.66 us = 159.66 us (5582.26 GFLOPS/s)
MUL_MAT_ADD MUL_MAT_VEC q6_K m=5120 n=5 k=6144: 1 x 61.76 us = 61.76 us (5093.06 GFLOPS/s)
MUL_MAT_VEC q6_K m=1024 n=5 k=5120: 2 x 11.44 us = 22.88 us (4582.49 GFLOPS/s)
MUL_MAT_VEC q6_K m=12288 n=5 k=5120: 1 x 118.74 us = 118.74 us (5298 GFLOPS/s)
MUL_MAT_VEC q6_K m=17408 n=5 k=5120: 2 x 135.24 us = 270.48 us (6589.79 GFLOPS/s)
MUL_MAT_VEC q8_0 m=5120 n=5 k=10240: 1 x 107.04 us = 107.04 us (4897.82 GFLOPS/s)
RMS_NORM_MUL RMS_NORM(256,24,5,1): 1 x 4 us = 4 us
RMS_NORM_MUL RMS_NORM(256,4,5,1): 1 x 3.84 us = 3.84 us
RMS_NORM_MUL RMS_NORM(5120,5,1,1): 5 x 8.12 us = 40.6 us
ROPE: 2 x 3.84 us = 7.68 us
SET_ROWS: 2 x 2.78 us = 5.56 us
SIGMOID_MUL SIGMOID: 1 x 1.8 us = 1.8 us
Total time: 846 us.
----------------
Vulkan Timings:
CONCAT: 1 x 3.72 us = 3.72 us
CONT: 1 x 3.64 us = 3.64 us
FLASH_ATTN_EXT dst(256,24,1,1),  q(256,1,24,1),  k(256,256,4,1),  v(256,256,4,1),  m(256,1,1,1): 1 x 12.88 us = 12.88 us (488.467 GFLOPS/s)
GET_ROWS: 2 x 4.34 us = 8.68 us
GLU: 1 x 1.72 us = 1.72 us
MUL_MAT f32 m=256 n=24 k=256: 1 x 1.6 us = 1.6 us (1962.24 GFLOPS/s)
MUL_MAT f32 m=64 n=16 k=64: 1 x 1.84 us = 1.84 us (70.6783 GFLOPS/s)
MUL_MAT f32 m=64 n=96 k=64: 1 x 3.28 us = 3.28 us (237.893 GFLOPS/s)
MUL_MAT_ADD MUL_MAT_VEC q6_K m=5120 n=1 k=17408: 1 x 130.08 us = 130.08 us (1370.33 GFLOPS/s)
MUL_MAT_ADD MUL_MAT_VEC q6_K m=5120 n=1 k=6144: 1 x 53.8 us = 53.8 us (1169.32 GFLOPS/s)
MUL_MAT_VEC f32 m=256 n=4 k=256: 1 x 3.08 us = 3.08 us (169.891 GFLOPS/s)
MUL_MAT_VEC q6_K m=1024 n=1 k=5120: 2 x 9.42 us = 18.84 us (1113.03 GFLOPS/s)
MUL_MAT_VEC q6_K m=12288 n=1 k=5120: 1 x 90.28 us = 90.28 us (1393.63 GFLOPS/s)
MUL_MAT_VEC q6_K m=17408 n=1 k=5120: 2 x 118.02 us = 236.04 us (1510.26 GFLOPS/s)
MUL_MAT_VEC q6_K m=98304 n=1 k=5120: 1 x 673.55 us = 673.55 us (1494.37 GFLOPS/s)
MUL_MAT_VEC q8_0 m=5120 n=1 k=10240: 1 x 91.56 us = 91.56 us (1145.18 GFLOPS/s)
PAD: 1 x 6.36 us = 6.36 us
RMS_NORM_MUL RMS_NORM(256,24,1,1): 1 x 3.24 us = 3.24 us
RMS_NORM_MUL RMS_NORM(256,4,1,1): 1 x 4.96 us = 4.96 us
RMS_NORM_MUL RMS_NORM(5120,1,1,1): 5 x 4.432 us = 22.16 us
ROPE: 2 x 3.42 us = 6.84 us
SET_ROWS: 2 x 2.64 us = 5.28 us
SIGMOID_MUL SIGMOID: 1 x 1.56 us = 1.56 us
TOP_K K=10 (98304,1,1,1): 1 x 9.08 us = 9.08 us
Total time: 1394.07 us.
----------------
Vulkan Timings:
CONCAT: 1 x 3.72 us = 3.72 us
CONT: 1 x 3.6 us = 3.6 us
FLASH_ATTN_EXT dst(256,24,1,1),  q(256,1,24,1),  k(256,256,4,1),  v(256,256,4,1),  m(256,1,1,1): 1 x 12.96 us = 12.96 us (485.452 GFLOPS/s)
GET_ROWS: 2 x 4.32 us = 8.64 us
GLU: 1 x 1.84 us = 1.84 us
MUL_MAT f32 m=256 n=24 k=256: 1 x 1.64 us = 1.64 us (1914.38 GFLOPS/s)
MUL_MAT f32 m=64 n=16 k=64: 1 x 3.6 us = 3.6 us (36.1244 GFLOPS/s)
MUL_MAT f32 m=64 n=96 k=64: 1 x 3.56 us = 3.56 us (219.182 GFLOPS/s)
MUL_MAT_ADD MUL_MAT_VEC q6_K m=5120 n=1 k=17408: 1 x 123.4 us = 123.4 us (1444.51 GFLOPS/s)
MUL_MAT_ADD MUL_MAT_VEC q6_K m=5120 n=1 k=6144: 1 x 53.84 us = 53.84 us (1168.45 GFLOPS/s)
MUL_MAT_VEC f32 m=256 n=4 k=256: 1 x 2.96 us = 2.96 us (176.778 GFLOPS/s)
MUL_MAT_VEC q6_K m=1024 n=1 k=5120: 2 x 9.42 us = 18.84 us (1113.03 GFLOPS/s)
MUL_MAT_VEC q6_K m=12288 n=1 k=5120: 1 x 85.64 us = 85.64 us (1469.14 GFLOPS/s)
MUL_MAT_VEC q6_K m=17408 n=1 k=5120: 2 x 121.9 us = 243.8 us (1462.19 GFLOPS/s)
MUL_MAT_VEC q6_K m=98304 n=1 k=5120: 1 x 672.2 us = 672.2 us (1497.37 GFLOPS/s)
MUL_MAT_VEC q8_0 m=5120 n=1 k=10240: 1 x 101.4 us = 101.4 us (1034.05 GFLOPS/s)
PAD: 1 x 6.28 us = 6.28 us
RMS_NORM_MUL RMS_NORM(256,24,1,1): 1 x 3.64 us = 3.64 us
RMS_NORM_MUL RMS_NORM(256,4,1,1): 1 x 3.6 us = 3.6 us
RMS_NORM_MUL RMS_NORM(5120,1,1,1): 5 x 3.696 us = 18.48 us
ROPE: 2 x 3.58 us = 7.16 us
SET_ROWS: 2 x 2.62 us = 5.24 us
SIGMOID_MUL SIGMOID: 1 x 1.68 us = 1.68 us
TOP_K K=10 (98304,1,1,1): 1 x 9.04 us = 9.04 us
Total time: 1396.76 us.
----------------
Vulkan Timings:
CONCAT: 1 x 3.72 us = 3.72 us
CONT: 1 x 3.64 us = 3.64 us
FLASH_ATTN_EXT dst(256,24,1,1),  q(256,1,24,1),  k(256,256,4,1),  v(256,256,4,1),  m(256,1,1,1): 1 x 12.84 us = 12.84 us (489.989 GFLOPS/s)
GET_ROWS: 2 x 4.18 us = 8.36 us
GLU: 1 x 1.68 us = 1.68 us
MUL_MAT f32 m=256 n=24 k=256: 1 x 1.64 us = 1.64 us (1914.38 GFLOPS/s)
MUL_MAT f32 m=64 n=16 k=64: 1 x 3.6 us = 3.6 us (36.1244 GFLOPS/s)
MUL_MAT f32 m=64 n=96 k=64: 1 x 3.6 us = 3.6 us (216.747 GFLOPS/s)
MUL_MAT_ADD MUL_MAT_VEC q6_K m=5120 n=1 k=17408: 1 x 124 us = 124 us (1437.52 GFLOPS/s)
MUL_MAT_ADD MUL_MAT_VEC q6_K m=5120 n=1 k=6144: 1 x 54.08 us = 54.08 us (1163.27 GFLOPS/s)
MUL_MAT_VEC f32 m=256 n=4 k=256: 1 x 3 us = 3 us (174.421 GFLOPS/s)
MUL_MAT_VEC q6_K m=1024 n=1 k=5120: 2 x 9.06 us = 18.12 us (1157.26 GFLOPS/s)
MUL_MAT_VEC q6_K m=12288 n=1 k=5120: 1 x 86.16 us = 86.16 us (1460.27 GFLOPS/s)
MUL_MAT_VEC q6_K m=17408 n=1 k=5120: 2 x 121.16 us = 242.32 us (1471.12 GFLOPS/s)
MUL_MAT_VEC q6_K m=98304 n=1 k=5120: 1 x 669.9 us = 669.9 us (1502.51 GFLOPS/s)
MUL_MAT_VEC q8_0 m=5120 n=1 k=10240: 1 x 100.76 us = 100.76 us (1040.62 GFLOPS/s)
PAD: 1 x 6.24 us = 6.24 us
RMS_NORM_MUL RMS_NORM(256,24,1,1): 1 x 3.6 us = 3.6 us
RMS_NORM_MUL RMS_NORM(256,4,1,1): 1 x 3.56 us = 3.56 us
RMS_NORM_MUL RMS_NORM(5120,1,1,1): 5 x 3.736 us = 18.68 us
ROPE: 2 x 3.56 us = 7.12 us
SET_ROWS: 2 x 2.64 us = 5.28 us
SIGMOID_MUL SIGMOID: 1 x 1.68 us = 1.68 us
TOP_K K=10 (98304,1,1,1): 1 x 8.8 us = 8.8 us
Total time: 1392.38 us.
----------------
Vulkan Timings:
CONCAT: 1 x 3.72 us = 3.72 us
CONT: 1 x 3.64 us = 3.64 us
FLASH_ATTN_EXT dst(256,24,1,1),  q(256,1,24,1),  k(256,256,4,1),  v(256,256,4,1),  m(256,1,1,1): 1 x 12.84 us = 12.84 us (489.989 GFLOPS/s)
GET_ROWS: 2 x 4.3 us = 8.6 us
GLU: 1 x 1.88 us = 1.88 us
MUL_MAT f32 m=256 n=24 k=256: 1 x 1.68 us = 1.68 us (1868.8 GFLOPS/s)
MUL_MAT f32 m=64 n=16 k=64: 1 x 3.64 us = 3.64 us (35.7275 GFLOPS/s)
MUL_MAT f32 m=64 n=96 k=64: 1 x 3.6 us = 3.6 us (216.747 GFLOPS/s)
MUL_MAT_ADD MUL_MAT_VEC q6_K m=5120 n=1 k=17408: 1 x 123.04 us = 123.04 us (1448.74 GFLOPS/s)
MUL_MAT_ADD MUL_MAT_VEC q6_K m=5120 n=1 k=6144: 1 x 54.12 us = 54.12 us (1162.41 GFLOPS/s)
MUL_MAT_VEC f32 m=256 n=4 k=256: 1 x 3 us = 3 us (174.421 GFLOPS/s)
MUL_MAT_VEC q6_K m=1024 n=1 k=5120: 2 x 9.2 us = 18.4 us (1139.65 GFLOPS/s)
MUL_MAT_VEC q6_K m=12288 n=1 k=5120: 1 x 85.68 us = 85.68 us (1468.45 GFLOPS/s)
MUL_MAT_VEC q6_K m=17408 n=1 k=5120: 2 x 121.9 us = 243.8 us (1462.19 GFLOPS/s)
MUL_MAT_VEC q6_K m=98304 n=1 k=5120: 1 x 670.5 us = 670.5 us (1501.17 GFLOPS/s)
MUL_MAT_VEC q8_0 m=5120 n=1 k=10240: 1 x 100.36 us = 100.36 us (1044.76 GFLOPS/s)
PAD: 1 x 6.32 us = 6.32 us
RMS_NORM_MUL RMS_NORM(256,24,1,1): 1 x 3.6 us = 3.6 us
RMS_NORM_MUL RMS_NORM(256,4,1,1): 1 x 3.6 us = 3.6 us
RMS_NORM_MUL RMS_NORM(5120,1,1,1): 5 x 3.68 us = 18.4 us
ROPE: 2 x 3.62 us = 7.24 us
SET_ROWS: 2 x 2.66 us = 5.32 us
SIGMOID_MUL SIGMOID: 1 x 1.64 us = 1.64 us
TOP_K K=10 (98304,1,1,1): 1 x 8.76 us = 8.76 us
Total time: 1393.38 us.
----------------
Vulkan Timings:
ADD: 48 x 3.846 us = 184.64 us
CONCAT: 48 x 2.493 us = 119.68 us
CONT: 16 x 3.93 us = 62.88 us
CPY: 240 x 2.267 us = 544.24 us
FLASH_ATTN_EXT dst(256,24,5,1),  q(256,5,24,1),  k(256,256,4,1),  v(256,256,4,1),  m(256,5,1,1): 16 x 21.675 us = 346.8 us (1451.32 GFLOPS/s)
GDN_CACHE GATED_DELTA_NET: 48 x 13.868 us = 665.68 us
GET_ROWS: 50 x 27.241 us = 1362.08 us
GLU: 64 x 1.873 us = 119.92 us
MUL_MAT f32 m=256 n=120 k=256: 16 x 1.882 us = 30.12 us (8338.87 GFLOPS/s)
MUL_MAT f32 m=256 n=20 k=256: 16 x 3.05 us = 48.8 us (857.81 GFLOPS/s)
MUL_MAT f32 m=64 n=480 k=64: 16 x 3.732 us = 59.72 us (1045.26 GFLOPS/s)
MUL_MAT f32 m=64 n=80 k=64: 16 x 3.287 us = 52.6 us (197.792 GFLOPS/s)
MUL_MAT_ADD MUL_MAT_VEC q6_K m=5120 n=5 k=17408: 64 x 137.199 us = 8780.76 us (6496.12 GFLOPS/s)
MUL_MAT_ADD MUL_MAT_VEC q6_K m=5120 n=5 k=6144: 16 x 56.262 us = 900.2 us (5590.71 GFLOPS/s)
MUL_MAT_VEC f32 m=48 n=5 k=5120: 96 x 3.593 us = 344.96 us (683.866 GFLOPS/s)
MUL_MAT_VEC q6_K m=1024 n=5 k=5120: 32 x 9.408 us = 301.08 us (5571.8 GFLOPS/s)
MUL_MAT_VEC q6_K m=10240 n=5 k=5120: 48 x 81.84 us = 3928.32 us (6405.63 GFLOPS/s)
MUL_MAT_VEC q6_K m=12288 n=5 k=5120: 16 x 105.137 us = 1682.2 us (5983.44 GFLOPS/s)
MUL_MAT_VEC q6_K m=17408 n=5 k=5120: 128 x 142.836 us = 18283 us (6239.33 GFLOPS/s)
MUL_MAT_VEC q6_K m=248320 n=5 k=5120: 1 x 1760.6 us = 1760.6 us (7220.69 GFLOPS/s)
MUL_MAT_VEC q6_K m=6144 n=5 k=5120: 48 x 54.343 us = 2608.48 us (5788.05 GFLOPS/s)
MUL_MAT_VEC q8_0 m=5120 n=5 k=6144: 48 x 63.388 us = 3042.64 us (4962.23 GFLOPS/s)
RMS_NORM_MUL RMS_NORM(256,24,5,1): 16 x 3.91 us = 62.56 us
RMS_NORM_MUL RMS_NORM(256,4,5,1): 16 x 4.615 us = 73.84 us
RMS_NORM_MUL RMS_NORM(5120,5,1,1): 129 x 2.729 us = 352.16 us
RMS_NORM_MUL_SILU_MUL RMS_NORM(128,48,5,1): 48 x 5.824 us = 279.56 us
RMS_NORM_SCALE RMS_NORM(128,16,5,1): 96 x 2.666 us = 255.96 us
ROPE: 32 x 3.947 us = 126.32 us
SET_ROWS: 32 x 3.053 us = 97.72 us
SIGMOID_MUL SIGMOID: 16 x 1.715 us = 27.44 us
SSM_CONV_SILU SSM_CONV: 48 x 5.845 us = 280.6 us
Total time: 46785.6 us.
----------------
Vulkan Timings:
CONCAT: 1 x 2.08 us = 2.08 us
CONT: 1 x 3.92 us = 3.92 us
FLASH_ATTN_EXT dst(256,24,5,1),  q(256,5,24,1),  k(256,256,4,1),  v(256,256,4,1),  m(256,5,1,1): 1 x 21.8 us = 21.8 us (1442.99 GFLOPS/s)
GLU: 1 x 1.6 us = 1.6 us
MUL_MAT f32 m=256 n=120 k=256: 1 x 1.8 us = 1.8 us (8721.07 GFLOPS/s)
MUL_MAT f32 m=256 n=20 k=256: 1 x 3.28 us = 3.28 us (797.659 GFLOPS/s)
MUL_MAT f32 m=64 n=480 k=64: 1 x 3.88 us = 3.88 us (1005.53 GFLOPS/s)
MUL_MAT f32 m=64 n=80 k=64: 1 x 3.92 us = 3.92 us (165.878 GFLOPS/s)
MUL_MAT_ADD MUL_MAT_VEC q6_K m=5120 n=5 k=17408: 1 x 158.46 us = 158.46 us (5624.54 GFLOPS/s)
MUL_MAT_ADD MUL_MAT_VEC q6_K m=5120 n=5 k=6144: 1 x 61.52 us = 61.52 us (5112.93 GFLOPS/s)
MUL_MAT_VEC q6_K m=1024 n=5 k=5120: 2 x 11.6 us = 23.2 us (4519.28 GFLOPS/s)
MUL_MAT_VEC q6_K m=12288 n=5 k=5120: 1 x 121.83 us = 121.83 us (5163.62 GFLOPS/s)
MUL_MAT_VEC q6_K m=17408 n=5 k=5120: 2 x 135.34 us = 270.68 us (6584.92 GFLOPS/s)
MUL_MAT_VEC q8_0 m=5120 n=5 k=10240: 1 x 107.2 us = 107.2 us (4890.51 GFLOPS/s)
RMS_NORM_MUL RMS_NORM(256,24,5,1): 1 x 4 us = 4 us
RMS_NORM_MUL RMS_NORM(256,4,5,1): 1 x 3.88 us = 3.88 us
RMS_NORM_MUL RMS_NORM(5120,5,1,1): 5 x 8.11 us = 40.55 us
ROPE: 2 x 3.86 us = 7.72 us
SET_ROWS: 2 x 2.8 us = 5.6 us
SIGMOID_MUL SIGMOID: 1 x 1.88 us = 1.88 us
Total time: 848.8 us.
----------------
Vulkan Timings:
CONCAT: 1 x 3.76 us = 3.76 us
CONT: 1 x 3.6 us = 3.6 us
FLASH_ATTN_EXT dst(256,24,1,1),  q(256,1,24,1),  k(256,256,4,1),  v(256,256,4,1),  m(256,1,1,1): 1 x 12.8 us = 12.8 us (491.52 GFLOPS/s)
GET_ROWS: 2 x 4.34 us = 8.68 us
GLU: 1 x 1.72 us = 1.72 us
MUL_MAT f32 m=256 n=24 k=256: 1 x 2.16 us = 2.16 us (1453.51 GFLOPS/s)
MUL_MAT f32 m=64 n=16 k=64: 1 x 1.88 us = 1.88 us (69.1745 GFLOPS/s)
MUL_MAT f32 m=64 n=96 k=64: 1 x 3.32 us = 3.32 us (235.027 GFLOPS/s)
MUL_MAT_ADD MUL_MAT_VEC q6_K m=5120 n=1 k=17408: 1 x 130.92 us = 130.92 us (1361.54 GFLOPS/s)
MUL_MAT_ADD MUL_MAT_VEC q6_K m=5120 n=1 k=6144: 1 x 54.24 us = 54.24 us (1159.83 GFLOPS/s)
MUL_MAT_VEC f32 m=256 n=4 k=256: 1 x 0.76 us = 0.76 us (688.505 GFLOPS/s)
MUL_MAT_VEC q6_K m=1024 n=1 k=5120: 2 x 9.4 us = 18.8 us (1115.4 GFLOPS/s)
MUL_MAT_VEC q6_K m=12288 n=1 k=5120: 1 x 90.64 us = 90.64 us (1388.09 GFLOPS/s)
MUL_MAT_VEC q6_K m=17408 n=1 k=5120: 2 x 118.02 us = 236.04 us (1510.26 GFLOPS/s)
MUL_MAT_VEC q6_K m=98304 n=1 k=5120: 1 x 676.51 us = 676.51 us (1487.83 GFLOPS/s)
MUL_MAT_VEC q8_0 m=5120 n=1 k=10240: 1 x 91.88 us = 91.88 us (1141.19 GFLOPS/s)
PAD: 1 x 7.16 us = 7.16 us
RMS_NORM_MUL RMS_NORM(256,24,1,1): 1 x 3.32 us = 3.32 us
RMS_NORM_MUL RMS_NORM(256,4,1,1): 1 x 5 us = 5 us
RMS_NORM_MUL RMS_NORM(5120,1,1,1): 5 x 4.544 us = 22.72 us
ROPE: 2 x 3.42 us = 6.84 us
SET_ROWS: 2 x 3.8 us = 7.6 us
SIGMOID_MUL SIGMOID: 1 x 1.6 us = 1.6 us
TOP_K K=10 (98304,1,1,1): 1 x 9.16 us = 9.16 us
Total time: 1401.11 us.
----------------
Vulkan Timings:
CONCAT: 1 x 3.8 us = 3.8 us
CONT: 1 x 3.68 us = 3.68 us
FLASH_ATTN_EXT dst(256,24,1,1),  q(256,1,24,1),  k(256,256,4,1),  v(256,256,4,1),  m(256,1,1,1): 1 x 13.04 us = 13.04 us (482.474 GFLOPS/s)
GET_ROWS: 2 x 4.26 us = 8.52 us
GLU: 1 x 1.76 us = 1.76 us
MUL_MAT f32 m=256 n=24 k=256: 1 x 1.6 us = 1.6 us (1962.24 GFLOPS/s)
MUL_MAT f32 m=64 n=16 k=64: 1 x 3.64 us = 3.64 us (35.7275 GFLOPS/s)
MUL_MAT f32 m=64 n=96 k=64: 1 x 3.68 us = 3.68 us (212.035 GFLOPS/s)
MUL_MAT_ADD MUL_MAT_VEC q6_K m=5120 n=1 k=17408: 1 x 124.4 us = 124.4 us (1432.9 GFLOPS/s)
MUL_MAT_ADD MUL_MAT_VEC q6_K m=5120 n=1 k=6144: 1 x 53.84 us = 53.84 us (1168.45 GFLOPS/s)
MUL_MAT_VEC f32 m=256 n=4 k=256: 1 x 3.04 us = 3.04 us (172.126 GFLOPS/s)
MUL_MAT_VEC q6_K m=1024 n=1 k=5120: 2 x 9.14 us = 18.28 us (1147.13 GFLOPS/s)
MUL_MAT_VEC q6_K m=12288 n=1 k=5120: 1 x 85.52 us = 85.52 us (1471.2 GFLOPS/s)
MUL_MAT_VEC q6_K m=17408 n=1 k=5120: 2 x 121.06 us = 242.12 us (1472.33 GFLOPS/s)
MUL_MAT_VEC q6_K m=98304 n=1 k=5120: 1 x 673.62 us = 673.62 us (1494.22 GFLOPS/s)
MUL_MAT_VEC q8_0 m=5120 n=1 k=10240: 1 x 100.52 us = 100.52 us (1043.1 GFLOPS/s)
PAD: 1 x 6.32 us = 6.32 us
RMS_NORM_MUL RMS_NORM(256,24,1,1): 1 x 3.64 us = 3.64 us
RMS_NORM_MUL RMS_NORM(256,4,1,1): 1 x 3.64 us = 3.64 us
RMS_NORM_MUL RMS_NORM(5120,1,1,1): 5 x 3.744 us = 18.72 us
ROPE: 2 x 3.6 us = 7.2 us
SET_ROWS: 2 x 2.7 us = 5.4 us
SIGMOID_MUL SIGMOID: 1 x 1.72 us = 1.72 us
TOP_K K=10 (98304,1,1,1): 1 x 8.88 us = 8.88 us
Total time: 1396.58 us.
----------------
Vulkan Timings:
CONCAT: 1 x 3.76 us = 3.76 us
CONT: 1 x 3.6 us = 3.6 us
FLASH_ATTN_EXT dst(256,24,1,1),  q(256,1,24,1),  k(256,256,4,1),  v(256,256,4,1),  m(256,1,1,1): 1 x 12.76 us = 12.76 us (493.061 GFLOPS/s)
GET_ROWS: 2 x 5.28 us = 10.56 us
GLU: 1 x 1.8 us = 1.8 us
MUL_MAT f32 m=256 n=24 k=256: 1 x 1.64 us = 1.64 us (1914.38 GFLOPS/s)
MUL_MAT f32 m=64 n=16 k=64: 1 x 3.64 us = 3.64 us (35.7275 GFLOPS/s)
MUL_MAT f32 m=64 n=96 k=64: 1 x 3.56 us = 3.56 us (219.182 GFLOPS/s)
MUL_MAT_ADD MUL_MAT_VEC q6_K m=5120 n=1 k=17408: 1 x 123.92 us = 123.92 us (1438.45 GFLOPS/s)
MUL_MAT_ADD MUL_MAT_VEC q6_K m=5120 n=1 k=6144: 1 x 53.6 us = 53.6 us (1173.68 GFLOPS/s)
MUL_MAT_VEC f32 m=256 n=4 k=256: 1 x 3.04 us = 3.04 us (172.126 GFLOPS/s)
MUL_MAT_VEC q6_K m=1024 n=1 k=5120: 2 x 9.14 us = 18.28 us (1147.13 GFLOPS/s)
MUL_MAT_VEC q6_K m=12288 n=1 k=5120: 1 x 85.4 us = 85.4 us (1473.27 GFLOPS/s)
MUL_MAT_VEC q6_K m=17408 n=1 k=5120: 2 x 121.42 us = 242.84 us (1467.97 GFLOPS/s)
MUL_MAT_VEC q6_K m=98304 n=1 k=5120: 1 x 668.88 us = 668.88 us (1504.81 GFLOPS/s)
MUL_MAT_VEC q8_0 m=5120 n=1 k=10240: 1 x 100.68 us = 100.68 us (1041.44 GFLOPS/s)
PAD: 1 x 6.28 us = 6.28 us
RMS_NORM_MUL RMS_NORM(256,24,1,1): 1 x 3.6 us = 3.6 us
RMS_NORM_MUL RMS_NORM(256,4,1,1): 1 x 3.56 us = 3.56 us
RMS_NORM_MUL RMS_NORM(5120,1,1,1): 5 x 3.688 us = 18.44 us
ROPE: 2 x 3.6 us = 7.2 us
SET_ROWS: 2 x 2.64 us = 5.28 us
SIGMOID_MUL SIGMOID: 1 x 1.64 us = 1.64 us
TOP_K K=10 (98304,1,1,1): 1 x 8.88 us = 8.88 us
Total time: 1392.84 us.
----------------
Vulkan Timings:
CONCAT: 1 x 3.72 us = 3.72 us
CONT: 1 x 3.6 us = 3.6 us
FLASH_ATTN_EXT dst(256,24,1,1),  q(256,1,24,1),  k(256,256,4,1),  v(256,256,4,1),  m(256,1,1,1): 1 x 12.72 us = 12.72 us (494.611 GFLOPS/s)
GET_ROWS: 2 x 4.2 us = 8.4 us
GLU: 1 x 1.72 us = 1.72 us
MUL_MAT f32 m=256 n=24 k=256: 1 x 1.64 us = 1.64 us (1914.38 GFLOPS/s)
MUL_MAT f32 m=64 n=16 k=64: 1 x 3.6 us = 3.6 us (36.1244 GFLOPS/s)
MUL_MAT f32 m=64 n=96 k=64: 1 x 3.64 us = 3.64 us (214.365 GFLOPS/s)
MUL_MAT_ADD MUL_MAT_VEC q6_K m=5120 n=1 k=17408: 1 x 122.96 us = 122.96 us (1449.68 GFLOPS/s)
MUL_MAT_ADD MUL_MAT_VEC q6_K m=5120 n=1 k=6144: 1 x 53.6 us = 53.6 us (1173.68 GFLOPS/s)
MUL_MAT_VEC f32 m=256 n=4 k=256: 1 x 3 us = 3 us (174.421 GFLOPS/s)
MUL_MAT_VEC q6_K m=1024 n=1 k=5120: 2 x 9.06 us = 18.12 us (1157.26 GFLOPS/s)
MUL_MAT_VEC q6_K m=12288 n=1 k=5120: 1 x 85.6 us = 85.6 us (1469.82 GFLOPS/s)
MUL_MAT_VEC q6_K m=17408 n=1 k=5120: 2 x 121.14 us = 242.28 us (1471.36 GFLOPS/s)
MUL_MAT_VEC q6_K m=98304 n=1 k=5120: 1 x 672.85 us = 672.85 us (1495.93 GFLOPS/s)
MUL_MAT_VEC q8_0 m=5120 n=1 k=10240: 1 x 102.56 us = 102.56 us (1022.35 GFLOPS/s)
PAD: 1 x 6.32 us = 6.32 us
RMS_NORM_MUL RMS_NORM(256,24,1,1): 1 x 3.64 us = 3.64 us
RMS_NORM_MUL RMS_NORM(256,4,1,1): 1 x 3.6 us = 3.6 us
RMS_NORM_MUL RMS_NORM(5120,1,1,1): 5 x 3.688 us = 18.44 us
ROPE: 2 x 3.6 us = 7.2 us
SET_ROWS: 2 x 2.64 us = 5.28 us
SIGMOID_MUL SIGMOID: 1 x 1.68 us = 1.68 us
TOP_K K=10 (98304,1,1,1): 1 x 8.72 us = 8.72 us
Total time: 1394.89 us.
----------------
Vulkan Timings:
ADD: 48 x 3.843 us = 184.48 us
CONCAT: 48 x 2.52 us = 120.96 us
CONT: 16 x 3.912 us = 62.6 us
CPY: 240 x 2.297 us = 551.28 us
FLASH_ATTN_EXT dst(256,24,5,1),  q(256,5,24,1),  k(256,256,4,1),  v(256,256,4,1),  m(256,5,1,1): 16 x 21.51 us = 344.16 us (1462.45 GFLOPS/s)
GDN_CACHE GATED_DELTA_NET: 48 x 13.864 us = 665.48 us
GET_ROWS: 50 x 27.339 us = 1366.96 us
GLU: 64 x 1.868 us = 119.6 us
MUL_MAT f32 m=256 n=120 k=256: 16 x 1.85 us = 29.6 us (8485.36 GFLOPS/s)
MUL_MAT f32 m=256 n=20 k=256: 16 x 3.2 us = 51.2 us (817.6 GFLOPS/s)
MUL_MAT f32 m=64 n=480 k=64: 16 x 3.695 us = 59.12 us (1055.87 GFLOPS/s)
MUL_MAT f32 m=64 n=80 k=64: 16 x 3.28 us = 52.48 us (198.244 GFLOPS/s)
MUL_MAT_ADD MUL_MAT_VEC q6_K m=5120 n=5 k=17408: 64 x 137.058 us = 8771.72 us (6502.82 GFLOPS/s)
MUL_MAT_ADD MUL_MAT_VEC q6_K m=5120 n=5 k=6144: 16 x 56.097 us = 897.56 us (5607.15 GFLOPS/s)
MUL_MAT_VEC f32 m=48 n=5 k=5120: 96 x 3.465 us = 332.68 us (709.11 GFLOPS/s)
MUL_MAT_VEC q6_K m=1024 n=5 k=5120: 32 x 9.541 us = 305.32 us (5494.42 GFLOPS/s)
MUL_MAT_VEC q6_K m=10240 n=5 k=5120: 48 x 81.593 us = 3916.48 us (6425 GFLOPS/s)
MUL_MAT_VEC q6_K m=12288 n=5 k=5120: 16 x 105.147 us = 1682.36 us (5982.87 GFLOPS/s)
MUL_MAT_VEC q6_K m=17408 n=5 k=5120: 128 x 142.533 us = 18244.2 us (6252.6 GFLOPS/s)
MUL_MAT_VEC q6_K m=248320 n=5 k=5120: 1 x 1766.24 us = 1766.24 us (7197.63 GFLOPS/s)
MUL_MAT_VEC q6_K m=6144 n=5 k=5120: 48 x 54.236 us = 2603.36 us (5799.44 GFLOPS/s)
MUL_MAT_VEC q8_0 m=5120 n=5 k=6144: 48 x 63.294 us = 3038.12 us (4969.61 GFLOPS/s)
RMS_NORM_MUL RMS_NORM(256,24,5,1): 16 x 3.922 us = 62.76 us
RMS_NORM_MUL RMS_NORM(256,4,5,1): 16 x 4.597 us = 73.56 us
RMS_NORM_MUL RMS_NORM(5120,5,1,1): 129 x 2.722 us = 351.16 us
RMS_NORM_MUL_SILU_MUL RMS_NORM(128,48,5,1): 48 x 5.802 us = 278.52 us
RMS_NORM_SCALE RMS_NORM(128,16,5,1): 96 x 2.722 us = 261.32 us
ROPE: 32 x 3.94 us = 126.08 us
SET_ROWS: 32 x 2.997 us = 95.92 us
SIGMOID_MUL SIGMOID: 16 x 1.727 us = 27.64 us
SSM_CONV_SILU SSM_CONV: 48 x 5.584 us = 268.04 us
Total time: 46711 us.
----------------
Vulkan Timings:
CONCAT: 1 x 2 us = 2 us
CONT: 1 x 3.92 us = 3.92 us
FLASH_ATTN_EXT dst(256,24,5,1),  q(256,5,24,1),  k(256,256,4,1),  v(256,256,4,1),  m(256,5,1,1): 1 x 21.92 us = 21.92 us (1435.09 GFLOPS/s)
GLU: 1 x 1.6 us = 1.6 us
MUL_MAT f32 m=256 n=120 k=256: 1 x 1.88 us = 1.88 us (8349.96 GFLOPS/s)
MUL_MAT f32 m=256 n=20 k=256: 1 x 3.28 us = 3.28 us (797.659 GFLOPS/s)
MUL_MAT f32 m=64 n=480 k=64: 1 x 3.92 us = 3.92 us (995.265 GFLOPS/s)
MUL_MAT f32 m=64 n=80 k=64: 1 x 3.84 us = 3.84 us (169.333 GFLOPS/s)
MUL_MAT_ADD MUL_MAT_VEC q6_K m=5120 n=5 k=17408: 1 x 157.89 us = 157.89 us (5644.84 GFLOPS/s)
MUL_MAT_ADD MUL_MAT_VEC q6_K m=5120 n=5 k=6144: 1 x 62.08 us = 62.08 us (5066.8 GFLOPS/s)
MUL_MAT_VEC q6_K m=1024 n=5 k=5120: 2 x 11.48 us = 22.96 us (4566.52 GFLOPS/s)
MUL_MAT_VEC q6_K m=12288 n=5 k=5120: 1 x 118.18 us = 118.18 us (5323.1 GFLOPS/s)
MUL_MAT_VEC q6_K m=17408 n=5 k=5120: 2 x 135.26 us = 270.52 us (6588.81 GFLOPS/s)
MUL_MAT_VEC q8_0 m=5120 n=5 k=10240: 1 x 107.92 us = 107.92 us (4857.88 GFLOPS/s)
RMS_NORM_MUL RMS_NORM(256,24,5,1): 1 x 3.96 us = 3.96 us
RMS_NORM_MUL RMS_NORM(256,4,5,1): 1 x 3.84 us = 3.84 us
RMS_NORM_MUL RMS_NORM(5120,5,1,1): 5 x 8.212 us = 41.06 us
ROPE: 2 x 3.84 us = 7.68 us
SET_ROWS: 2 x 2.78 us = 5.56 us
SIGMOID_MUL SIGMOID: 1 x 1.88 us = 1.88 us
Total time: 845.89 us.
----------------
Vulkan Timings:
CONCAT: 1 x 3.84 us = 3.84 us
CONT: 1 x 3.68 us = 3.68 us
FLASH_ATTN_EXT dst(256,24,1,1),  q(256,1,24,1),  k(256,256,4,1),  v(256,256,4,1),  m(256,1,1,1): 1 x 13.16 us = 13.16 us (478.074 GFLOPS/s)
GET_ROWS: 2 x 4.34 us = 8.68 us
GLU: 1 x 1.6 us = 1.6 us
MUL_MAT f32 m=256 n=24 k=256: 1 x 1.6 us = 1.6 us (1962.24 GFLOPS/s)
MUL_MAT f32 m=64 n=16 k=64: 1 x 1.88 us = 1.88 us (69.1745 GFLOPS/s)
MUL_MAT f32 m=64 n=96 k=64: 1 x 3.4 us = 3.4 us (229.496 GFLOPS/s)
MUL_MAT_ADD MUL_MAT_VEC q6_K m=5120 n=1 k=17408: 1 x 130.8 us = 130.8 us (1362.79 GFLOPS/s)
MUL_MAT_ADD MUL_MAT_VEC q6_K m=5120 n=1 k=6144: 1 x 54.44 us = 54.44 us (1155.57 GFLOPS/s)
MUL_MAT_VEC f32 m=256 n=4 k=256: 1 x 3.2 us = 3.2 us (163.52 GFLOPS/s)
MUL_MAT_VEC q6_K m=1024 n=1 k=5120: 2 x 9.4 us = 18.8 us (1115.4 GFLOPS/s)
MUL_MAT_VEC q6_K m=12288 n=1 k=5120: 1 x 90.8 us = 90.8 us (1385.65 GFLOPS/s)
MUL_MAT_VEC q6_K m=17408 n=1 k=5120: 2 x 118.22 us = 236.44 us (1507.7 GFLOPS/s)
MUL_MAT_VEC q6_K m=98304 n=1 k=5120: 1 x 669.9 us = 669.9 us (1502.51 GFLOPS/s)
MUL_MAT_VEC q8_0 m=5120 n=1 k=10240: 1 x 91.08 us = 91.08 us (1151.21 GFLOPS/s)
PAD: 1 x 6.44 us = 6.44 us
RMS_NORM_MUL RMS_NORM(256,24,1,1): 1 x 3.32 us = 3.32 us
RMS_NORM_MUL RMS_NORM(256,4,1,1): 1 x 5.04 us = 5.04 us
RMS_NORM_MUL RMS_NORM(5120,1,1,1): 5 x 4.608 us = 23.04 us
ROPE: 2 x 3.48 us = 6.96 us
SET_ROWS: 2 x 2.72 us = 5.44 us
SIGMOID_MUL SIGMOID: 1 x 1.64 us = 1.64 us
TOP_K K=10 (98304,1,1,1): 1 x 9 us = 9 us
Total time: 1394.18 us.
----------------
Vulkan Timings:
CONCAT: 1 x 3.8 us = 3.8 us
CONT: 1 x 3.68 us = 3.68 us
FLASH_ATTN_EXT dst(256,24,1,1),  q(256,1,24,1),  k(256,256,4,1),  v(256,256,4,1),  m(256,1,1,1): 1 x 12.96 us = 12.96 us (485.452 GFLOPS/s)
GET_ROWS: 2 x 4.2 us = 8.4 us
GLU: 1 x 1.8 us = 1.8 us
MUL_MAT f32 m=256 n=24 k=256: 1 x 1.72 us = 1.72 us (1825.34 GFLOPS/s)
MUL_MAT f32 m=64 n=16 k=64: 1 x 3.72 us = 3.72 us (34.9591 GFLOPS/s)
MUL_MAT f32 m=64 n=96 k=64: 1 x 3.64 us = 3.64 us (214.365 GFLOPS/s)
MUL_MAT_ADD MUL_MAT_VEC q6_K m=5120 n=1 k=17408: 1 x 123.6 us = 123.6 us (1442.17 GFLOPS/s)
MUL_MAT_ADD MUL_MAT_VEC q6_K m=5120 n=1 k=6144: 1 x 54.16 us = 54.16 us (1161.55 GFLOPS/s)
MUL_MAT_VEC f32 m=256 n=4 k=256: 1 x 3.08 us = 3.08 us (169.891 GFLOPS/s)
MUL_MAT_VEC q6_K m=1024 n=1 k=5120: 2 x 9.18 us = 18.36 us (1142.13 GFLOPS/s)
MUL_MAT_VEC q6_K m=12288 n=1 k=5120: 1 x 85.72 us = 85.72 us (1467.77 GFLOPS/s)
MUL_MAT_VEC q6_K m=17408 n=1 k=5120: 2 x 121.2 us = 242.4 us (1470.63 GFLOPS/s)
MUL_MAT_VEC q6_K m=98304 n=1 k=5120: 1 x 671.44 us = 671.44 us (1499.07 GFLOPS/s)
MUL_MAT_VEC q8_0 m=5120 n=1 k=10240: 1 x 101.96 us = 101.96 us (1028.37 GFLOPS/s)
PAD: 1 x 6.36 us = 6.36 us
RMS_NORM_MUL RMS_NORM(256,24,1,1): 1 x 3.68 us = 3.68 us
RMS_NORM_MUL RMS_NORM(256,4,1,1): 1 x 3.68 us = 3.68 us
RMS_NORM_MUL RMS_NORM(5120,1,1,1): 5 x 3.768 us = 18.84 us
ROPE: 2 x 3.66 us = 7.32 us
SET_ROWS: 2 x 2.66 us = 5.32 us
SIGMOID_MUL SIGMOID: 1 x 1.72 us = 1.72 us
TOP_K K=10 (98304,1,1,1): 1 x 9.04 us = 9.04 us
Total time: 1396.4 us.
----------------
Vulkan Timings:
CONCAT: 1 x 3.72 us = 3.72 us
CONT: 1 x 3.6 us = 3.6 us
FLASH_ATTN_EXT dst(256,24,1,1),  q(256,1,24,1),  k(256,256,4,1),  v(256,256,4,1),  m(256,1,1,1): 1 x 12.64 us = 12.64 us (497.742 GFLOPS/s)
GET_ROWS: 2 x 4.18 us = 8.36 us
GLU: 1 x 1.72 us = 1.72 us
MUL_MAT f32 m=256 n=24 k=256: 1 x 1.6 us = 1.6 us (1962.24 GFLOPS/s)
MUL_MAT f32 m=64 n=16 k=64: 1 x 3.64 us = 3.64 us (35.7275 GFLOPS/s)
MUL_MAT f32 m=64 n=96 k=64: 1 x 3.64 us = 3.64 us (214.365 GFLOPS/s)
MUL_MAT_ADD MUL_MAT_VEC q6_K m=5120 n=1 k=17408: 1 x 123.64 us = 123.64 us (1441.71 GFLOPS/s)
MUL_MAT_ADD MUL_MAT_VEC q6_K m=5120 n=1 k=6144: 1 x 54.08 us = 54.08 us (1163.27 GFLOPS/s)
MUL_MAT_VEC f32 m=256 n=4 k=256: 1 x 3 us = 3 us (174.421 GFLOPS/s)
MUL_MAT_VEC q6_K m=1024 n=1 k=5120: 2 x 9.2 us = 18.4 us (1139.65 GFLOPS/s)
MUL_MAT_VEC q6_K m=12288 n=1 k=5120: 1 x 85.48 us = 85.48 us (1471.89 GFLOPS/s)
MUL_MAT_VEC q6_K m=17408 n=1 k=5120: 2 x 121.34 us = 242.68 us (1468.93 GFLOPS/s)
MUL_MAT_VEC q6_K m=98304 n=1 k=5120: 1 x 673.13 us = 673.13 us (1495.31 GFLOPS/s)
MUL_MAT_VEC q8_0 m=5120 n=1 k=10240: 1 x 101.6 us = 101.6 us (1032.01 GFLOPS/s)
PAD: 1 x 6.28 us = 6.28 us
RMS_NORM_MUL RMS_NORM(256,24,1,1): 1 x 3.64 us = 3.64 us
RMS_NORM_MUL RMS_NORM(256,4,1,1): 1 x 3.56 us = 3.56 us
RMS_NORM_MUL RMS_NORM(5120,1,1,1): 5 x 3.744 us = 18.72 us
ROPE: 2 x 3.56 us = 7.12 us
SET_ROWS: 2 x 2.62 us = 5.24 us
SIGMOID_MUL SIGMOID: 1 x 1.72 us = 1.72 us
TOP_K K=10 (98304,1,1,1): 1 x 8.88 us = 8.88 us
Total time: 1396.09 us.
----------------
Vulkan Timings:
CONCAT: 1 x 3.8 us = 3.8 us
CONT: 1 x 3.6 us = 3.6 us
FLASH_ATTN_EXT dst(256,24,1,1),  q(256,1,24,1),  k(256,256,4,1),  v(256,256,4,1),  m(256,1,1,1): 1 x 12.8 us = 12.8 us (491.52 GFLOPS/s)
GET_ROWS: 2 x 4.2 us = 8.4 us
GLU: 1 x 1.92 us = 1.92 us
MUL_MAT f32 m=256 n=24 k=256: 1 x 1.64 us = 1.64 us (1914.38 GFLOPS/s)
MUL_MAT f32 m=64 n=16 k=64: 1 x 3.6 us = 3.6 us (36.1244 GFLOPS/s)
MUL_MAT f32 m=64 n=96 k=64: 1 x 3.6 us = 3.6 us (216.747 GFLOPS/s)
MUL_MAT_ADD MUL_MAT_VEC q6_K m=5120 n=1 k=17408: 1 x 123.48 us = 123.48 us (1443.58 GFLOPS/s)
MUL_MAT_ADD MUL_MAT_VEC q6_K m=5120 n=1 k=6144: 1 x 53.36 us = 53.36 us (1178.96 GFLOPS/s)
MUL_MAT_VEC f32 m=256 n=4 k=256: 1 x 3.04 us = 3.04 us (172.126 GFLOPS/s)
MUL_MAT_VEC q6_K m=1024 n=1 k=5120: 2 x 9.24 us = 18.48 us (1134.71 GFLOPS/s)
MUL_MAT_VEC q6_K m=12288 n=1 k=5120: 1 x 85.44 us = 85.44 us (1472.58 GFLOPS/s)
MUL_MAT_VEC q6_K m=17408 n=1 k=5120: 2 x 121.28 us = 242.56 us (1469.66 GFLOPS/s)
MUL_MAT_VEC q6_K m=98304 n=1 k=5120: 1 x 669.31 us = 669.31 us (1503.84 GFLOPS/s)
MUL_MAT_VEC q8_0 m=5120 n=1 k=10240: 1 x 101.48 us = 101.48 us (1033.23 GFLOPS/s)
PAD: 1 x 6.32 us = 6.32 us
RMS_NORM_MUL RMS_NORM(256,24,1,1): 1 x 3.56 us = 3.56 us
RMS_NORM_MUL RMS_NORM(256,4,1,1): 1 x 3.56 us = 3.56 us
RMS_NORM_MUL RMS_NORM(5120,1,1,1): 5 x 3.696 us = 18.48 us
ROPE: 2 x 3.58 us = 7.16 us
SET_ROWS: 2 x 2.64 us = 5.28 us
SIGMOID_MUL SIGMOID: 1 x 1.72 us = 1.72 us
TOP_K K=10 (98304,1,1,1): 1 x 8.68 us = 8.68 us
Total time: 1391.27 us.
----------------
Vulkan Timings:
ADD: 48 x 3.851 us = 184.88 us
CONCAT: 48 x 2.585 us = 124.08 us
CONT: 16 x 3.915 us = 62.64 us
CPY: 240 x 2.272 us = 545.48 us
FLASH_ATTN_EXT dst(256,24,5,1),  q(256,5,24,1),  k(256,256,4,1),  v(256,256,4,1),  m(256,5,1,1): 16 x 21.325 us = 341.2 us (1475.14 GFLOPS/s)
GDN_CACHE GATED_DELTA_NET: 48 x 13.804 us = 662.6 us
GET_ROWS: 50 x 27.34 us = 1367.04 us
GLU: 64 x 1.861 us = 119.12 us
MUL_MAT f32 m=256 n=120 k=256: 16 x 1.855 us = 29.68 us (8462.49 GFLOPS/s)
MUL_MAT f32 m=256 n=20 k=256: 16 x 3.2 us = 51.2 us (817.6 GFLOPS/s)
MUL_MAT f32 m=64 n=480 k=64: 16 x 3.697 us = 59.16 us (1055.16 GFLOPS/s)
MUL_MAT f32 m=64 n=80 k=64: 16 x 3.365 us = 53.84 us (193.236 GFLOPS/s)
MUL_MAT_ADD MUL_MAT_VEC q6_K m=5120 n=5 k=17408: 64 x 136.979 us = 8766.68 us (6506.56 GFLOPS/s)
MUL_MAT_ADD MUL_MAT_VEC q6_K m=5120 n=5 k=6144: 16 x 56.02 us = 896.32 us (5614.91 GFLOPS/s)
MUL_MAT_VEC f32 m=48 n=5 k=5120: 96 x 3.415 us = 327.92 us (719.403 GFLOPS/s)
MUL_MAT_VEC q6_K m=1024 n=5 k=5120: 32 x 9.457 us = 302.64 us (5543.08 GFLOPS/s)
MUL_MAT_VEC q6_K m=10240 n=5 k=5120: 48 x 81.507 us = 3912.36 us (6431.76 GFLOPS/s)
MUL_MAT_VEC q6_K m=12288 n=5 k=5120: 16 x 104.95 us = 1679.2 us (5994.13 GFLOPS/s)
MUL_MAT_VEC q6_K m=17408 n=5 k=5120: 128 x 142.546 us = 18245.9 us (6252.02 GFLOPS/s)
MUL_MAT_VEC q6_K m=248320 n=5 k=5120: 1 x 1764.24 us = 1764.24 us (7205.79 GFLOPS/s)
MUL_MAT_VEC q6_K m=6144 n=5 k=5120: 48 x 54.121 us = 2597.84 us (5811.76 GFLOPS/s)
MUL_MAT_VEC q8_0 m=5120 n=5 k=6144: 48 x 63.247 us = 3035.88 us (4973.27 GFLOPS/s)
RMS_NORM_MUL RMS_NORM(256,24,5,1): 16 x 3.912 us = 62.6 us
RMS_NORM_MUL RMS_NORM(256,4,5,1): 16 x 4.517 us = 72.28 us
RMS_NORM_MUL RMS_NORM(5120,5,1,1): 129 x 2.744 us = 354.04 us
RMS_NORM_MUL_SILU_MUL RMS_NORM(128,48,5,1): 48 x 5.82 us = 279.4 us
RMS_NORM_SCALE RMS_NORM(128,16,5,1): 96 x 2.727 us = 261.88 us
ROPE: 32 x 3.937 us = 126 us
SET_ROWS: 32 x 3.052 us = 97.68 us
SIGMOID_MUL SIGMOID: 16 x 1.707 us = 27.32 us
SSM_CONV_SILU SSM_CONV: 48 x 5.683 us = 272.8 us
Total time: 46683.9 us.
----------------
Vulkan Timings:
CONCAT: 1 x 2.04 us = 2.04 us
CONT: 1 x 3.96 us = 3.96 us
FLASH_ATTN_EXT dst(256,24,5,1),  q(256,5,24,1),  k(256,256,4,1),  v(256,256,4,1),  m(256,5,1,1): 1 x 22.04 us = 22.04 us (1427.28 GFLOPS/s)
GLU: 1 x 1.56 us = 1.56 us
MUL_MAT f32 m=256 n=120 k=256: 1 x 1.84 us = 1.84 us (8531.48 GFLOPS/s)
MUL_MAT f32 m=256 n=20 k=256: 1 x 3.32 us = 3.32 us (788.048 GFLOPS/s)
MUL_MAT f32 m=64 n=480 k=64: 1 x 3.92 us = 3.92 us (995.265 GFLOPS/s)
MUL_MAT f32 m=64 n=80 k=64: 1 x 3.92 us = 3.92 us (165.878 GFLOPS/s)
MUL_MAT_ADD MUL_MAT_VEC q6_K m=5120 n=5 k=17408: 1 x 156.37 us = 156.37 us (5699.71 GFLOPS/s)
MUL_MAT_ADD MUL_MAT_VEC q6_K m=5120 n=5 k=6144: 1 x 62.32 us = 62.32 us (5047.29 GFLOPS/s)
MUL_MAT_VEC q6_K m=1024 n=5 k=5120: 2 x 11.78 us = 23.56 us (4450.23 GFLOPS/s)
MUL_MAT_VEC q6_K m=12288 n=5 k=5120: 1 x 120.01 us = 120.01 us (5241.93 GFLOPS/s)
MUL_MAT_VEC q6_K m=17408 n=5 k=5120: 2 x 134.98 us = 269.96 us (6602.48 GFLOPS/s)
MUL_MAT_VEC q8_0 m=5120 n=5 k=10240: 1 x 105.64 us = 105.64 us (4962.73 GFLOPS/s)
RMS_NORM_MUL RMS_NORM(256,24,5,1): 1 x 4.08 us = 4.08 us
RMS_NORM_MUL RMS_NORM(256,4,5,1): 1 x 3.92 us = 3.92 us
RMS_NORM_MUL RMS_NORM(5120,5,1,1): 5 x 8.112 us = 40.56 us
ROPE: 2 x 3.92 us = 7.84 us
SET_ROWS: 2 x 2.84 us = 5.68 us
SIGMOID_MUL SIGMOID: 1 x 1.88 us = 1.88 us
Total time: 844.42 us.
----------------
Vulkan Timings:
CONCAT: 1 x 3.76 us = 3.76 us
CONT: 1 x 3.6 us = 3.6 us
FLASH_ATTN_EXT dst(256,24,1,1),  q(256,1,24,1),  k(256,256,4,1),  v(256,256,4,1),  m(256,1,1,1): 1 x 13.08 us = 13.08 us (480.998 GFLOPS/s)
GET_ROWS: 2 x 4.28 us = 8.56 us
GLU: 1 x 1.64 us = 1.64 us
MUL_MAT f32 m=256 n=24 k=256: 1 x 1.6 us = 1.6 us (1962.24 GFLOPS/s)
MUL_MAT f32 m=64 n=16 k=64: 1 x 1.92 us = 1.92 us (67.7333 GFLOPS/s)
MUL_MAT f32 m=64 n=96 k=64: 1 x 3.32 us = 3.32 us (235.027 GFLOPS/s)
MUL_MAT_ADD MUL_MAT_VEC q6_K m=5120 n=1 k=17408: 1 x 130.12 us = 130.12 us (1369.91 GFLOPS/s)
MUL_MAT_ADD MUL_MAT_VEC q6_K m=5120 n=1 k=6144: 1 x 54.28 us = 54.28 us (1158.98 GFLOPS/s)
MUL_MAT_VEC f32 m=256 n=4 k=256: 1 x 3.12 us = 3.12 us (167.713 GFLOPS/s)
MUL_MAT_VEC q6_K m=1024 n=1 k=5120: 2 x 9.36 us = 18.72 us (1120.16 GFLOPS/s)
MUL_MAT_VEC q6_K m=12288 n=1 k=5120: 1 x 90.64 us = 90.64 us (1388.09 GFLOPS/s)
MUL_MAT_VEC q6_K m=17408 n=1 k=5120: 2 x 117.98 us = 235.96 us (1510.77 GFLOPS/s)
MUL_MAT_VEC q6_K m=98304 n=1 k=5120: 1 x 671.15 us = 671.15 us (1499.72 GFLOPS/s)
MUL_MAT_VEC q8_0 m=5120 n=1 k=10240: 1 x 91.6 us = 91.6 us (1144.68 GFLOPS/s)
PAD: 1 x 6.4 us = 6.4 us
RMS_NORM_MUL RMS_NORM(256,24,1,1): 1 x 3.36 us = 3.36 us
RMS_NORM_MUL RMS_NORM(256,4,1,1): 1 x 5 us = 5 us
RMS_NORM_MUL RMS_NORM(5120,1,1,1): 5 x 4.536 us = 22.68 us
ROPE: 2 x 3.46 us = 6.92 us
SET_ROWS: 2 x 2.7 us = 5.4 us
SIGMOID_MUL SIGMOID: 1 x 1.6 us = 1.6 us
TOP_K K=10 (98304,1,1,1): 1 x 9.24 us = 9.24 us
Total time: 1393.67 us.
----------------
Vulkan Timings:
CONCAT: 1 x 3.72 us = 3.72 us
CONT: 1 x 3.68 us = 3.68 us
FLASH_ATTN_EXT dst(256,24,1,1),  q(256,1,24,1),  k(256,256,4,1),  v(256,256,4,1),  m(256,1,1,1): 1 x 13.04 us = 13.04 us (482.474 GFLOPS/s)
GET_ROWS: 2 x 4.16 us = 8.32 us
GLU: 1 x 1.76 us = 1.76 us
MUL_MAT f32 m=256 n=24 k=256: 1 x 1.68 us = 1.68 us (1868.8 GFLOPS/s)
MUL_MAT f32 m=64 n=16 k=64: 1 x 3.68 us = 3.68 us (35.3391 GFLOPS/s)
MUL_MAT f32 m=64 n=96 k=64: 1 x 3.64 us = 3.64 us (214.365 GFLOPS/s)
MUL_MAT_ADD MUL_MAT_VEC q6_K m=5120 n=1 k=17408: 1 x 123.2 us = 123.2 us (1446.86 GFLOPS/s)
MUL_MAT_ADD MUL_MAT_VEC q6_K m=5120 n=1 k=6144: 1 x 54.6 us = 54.6 us (1152.19 GFLOPS/s)
MUL_MAT_VEC f32 m=256 n=4 k=256: 1 x 3.04 us = 3.04 us (172.126 GFLOPS/s)
MUL_MAT_VEC q6_K m=1024 n=1 k=5120: 2 x 6.02 us = 12.04 us (1741.65 GFLOPS/s)
MUL_MAT_VEC q6_K m=12288 n=1 k=5120: 1 x 92.96 us = 92.96 us (1353.45 GFLOPS/s)
MUL_MAT_VEC q6_K m=17408 n=1 k=5120: 2 x 121.54 us = 243.08 us (1466.52 GFLOPS/s)
MUL_MAT_VEC q6_K m=98304 n=1 k=5120: 1 x 674.24 us = 674.24 us (1492.84 GFLOPS/s)
MUL_MAT_VEC q8_0 m=5120 n=1 k=10240: 1 x 101.72 us = 101.72 us (1030.8 GFLOPS/s)
PAD: 1 x 6.4 us = 6.4 us
RMS_NORM_MUL RMS_NORM(256,24,1,1): 1 x 3.68 us = 3.68 us
RMS_NORM_MUL RMS_NORM(256,4,1,1): 1 x 3.64 us = 3.64 us
RMS_NORM_MUL RMS_NORM(5120,1,1,1): 5 x 3.712 us = 18.56 us
ROPE: 2 x 3.64 us = 7.28 us
SET_ROWS: 2 x 2.64 us = 5.28 us
SIGMOID_MUL SIGMOID: 1 x 1.72 us = 1.72 us
TOP_K K=10 (98304,1,1,1): 1 x 8.6 us = 8.6 us
Total time: 1399.56 us.
----------------
Vulkan Timings:
CONCAT: 1 x 3.72 us = 3.72 us
CONT: 1 x 3.64 us = 3.64 us
FLASH_ATTN_EXT dst(256,24,1,1),  q(256,1,24,1),  k(256,256,4,1),  v(256,256,4,1),  m(256,1,1,1): 1 x 12.84 us = 12.84 us (489.989 GFLOPS/s)
GET_ROWS: 2 x 4.18 us = 8.36 us
GLU: 1 x 1.76 us = 1.76 us
MUL_MAT f32 m=256 n=24 k=256: 1 x 1.68 us = 1.68 us (1868.8 GFLOPS/s)
MUL_MAT f32 m=64 n=16 k=64: 1 x 3.6 us = 3.6 us (36.1244 GFLOPS/s)
MUL_MAT f32 m=64 n=96 k=64: 1 x 3.64 us = 3.64 us (214.365 GFLOPS/s)
MUL_MAT_ADD MUL_MAT_VEC q6_K m=5120 n=1 k=17408: 1 x 123.36 us = 123.36 us (1444.98 GFLOPS/s)
MUL_MAT_ADD MUL_MAT_VEC q6_K m=5120 n=1 k=6144: 1 x 54.48 us = 54.48 us (1154.73 GFLOPS/s)
MUL_MAT_VEC f32 m=256 n=4 k=256: 1 x 3.04 us = 3.04 us (172.126 GFLOPS/s)
MUL_MAT_VEC q6_K m=1024 n=1 k=5120: 2 x 9.04 us = 18.08 us (1159.82 GFLOPS/s)
MUL_MAT_VEC q6_K m=12288 n=1 k=5120: 1 x 85.52 us = 85.52 us (1471.2 GFLOPS/s)
MUL_MAT_VEC q6_K m=17408 n=1 k=5120: 2 x 121.18 us = 242.36 us (1470.87 GFLOPS/s)
MUL_MAT_VEC q6_K m=98304 n=1 k=5120: 1 x 673.27 us = 673.27 us (1494.99 GFLOPS/s)
MUL_MAT_VEC q8_0 m=5120 n=1 k=10240: 1 x 102.12 us = 102.12 us (1026.76 GFLOPS/s)
PAD: 1 x 6.28 us = 6.28 us
RMS_NORM_MUL RMS_NORM(256,24,1,1): 1 x 3.6 us = 3.6 us
RMS_NORM_MUL RMS_NORM(256,4,1,1): 1 x 3.6 us = 3.6 us
RMS_NORM_MUL RMS_NORM(5120,1,1,1): 5 x 3.68 us = 18.4 us
ROPE: 2 x 3.52 us = 7.04 us
SET_ROWS: 2 x 2.64 us = 5.28 us
SIGMOID_MUL SIGMOID: 1 x 1.68 us = 1.68 us
TOP_K K=10 (98304,1,1,1): 1 x 8.8 us = 8.8 us
Total time: 1396.15 us.
----------------
Vulkan Timings:
CONCAT: 1 x 3.8 us = 3.8 us
CONT: 1 x 3.6 us = 3.6 us
FLASH_ATTN_EXT dst(256,24,1,1),  q(256,1,24,1),  k(256,256,4,1),  v(256,256,4,1),  m(256,1,1,1): 1 x 14.4 us = 14.4 us (436.907 GFLOPS/s)
GET_ROWS: 2 x 4.18 us = 8.36 us
GLU: 1 x 1.88 us = 1.88 us
MUL_MAT f32 m=256 n=24 k=256: 1 x 2.24 us = 2.24 us (1401.6 GFLOPS/s)
MUL_MAT f32 m=64 n=16 k=64: 1 x 3.6 us = 3.6 us (36.1244 GFLOPS/s)
MUL_MAT f32 m=64 n=96 k=64: 1 x 3.56 us = 3.56 us (219.182 GFLOPS/s)
MUL_MAT_ADD MUL_MAT_VEC q6_K m=5120 n=1 k=17408: 1 x 122.96 us = 122.96 us (1449.68 GFLOPS/s)
MUL_MAT_ADD MUL_MAT_VEC q6_K m=5120 n=1 k=6144: 1 x 53.76 us = 53.76 us (1170.19 GFLOPS/s)
MUL_MAT_VEC f32 m=256 n=4 k=256: 1 x 0.72 us = 0.72 us (726.756 GFLOPS/s)
MUL_MAT_VEC q6_K m=1024 n=1 k=5120: 2 x 9.16 us = 18.32 us (1144.62 GFLOPS/s)
MUL_MAT_VEC q6_K m=12288 n=1 k=5120: 1 x 85.36 us = 85.36 us (1473.96 GFLOPS/s)
MUL_MAT_VEC q6_K m=17408 n=1 k=5120: 2 x 121.48 us = 242.96 us (1467.24 GFLOPS/s)
MUL_MAT_VEC q6_K m=98304 n=1 k=5120: 1 x 673.09 us = 673.09 us (1495.39 GFLOPS/s)
MUL_MAT_VEC q8_0 m=5120 n=1 k=10240: 1 x 100.8 us = 100.8 us (1040.2 GFLOPS/s)
PAD: 1 x 6.36 us = 6.36 us
RMS_NORM_MUL RMS_NORM(256,24,1,1): 1 x 3.6 us = 3.6 us
RMS_NORM_MUL RMS_NORM(256,4,1,1): 1 x 3.6 us = 3.6 us
RMS_NORM_MUL RMS_NORM(5120,1,1,1): 5 x 3.744 us = 18.72 us
ROPE: 2 x 3.58 us = 7.16 us
SET_ROWS: 2 x 2.82 us = 5.64 us
SIGMOID_MUL SIGMOID: 1 x 1.64 us = 1.64 us
TOP_K K=10 (98304,1,1,1): 1 x 9 us = 9 us
Total time: 1395.13 us.
----------------
Vulkan Timings:
ADD: 48 x 3.845 us = 184.56 us
CONCAT: 48 x 2.435 us = 116.92 us
CONT: 16 x 3.91 us = 62.56 us
CPY: 240 x 2.288 us = 549.32 us
FLASH_ATTN_EXT dst(256,24,5,1),  q(256,5,24,1),  k(256,256,4,1),  v(256,256,4,1),  m(256,5,1,1): 16 x 21.445 us = 343.12 us (1466.88 GFLOPS/s)
GDN_CACHE GATED_DELTA_NET: 48 x 13.9 us = 667.24 us
GET_ROWS: 50 x 27.125 us = 1356.28 us
GLU: 64 x 1.859 us = 119 us
MUL_MAT f32 m=256 n=120 k=256: 16 x 1.865 us = 29.84 us (8417.12 GFLOPS/s)
MUL_MAT f32 m=256 n=20 k=256: 16 x 3.042 us = 48.68 us (859.924 GFLOPS/s)
MUL_MAT f32 m=64 n=480 k=64: 16 x 3.695 us = 59.12 us (1055.87 GFLOPS/s)
MUL_MAT f32 m=64 n=80 k=64: 16 x 3.267 us = 52.28 us (199.002 GFLOPS/s)
MUL_MAT_ADD MUL_MAT_VEC q6_K m=5120 n=5 k=17408: 64 x 137.19 us = 8780.16 us (6496.57 GFLOPS/s)
MUL_MAT_ADD MUL_MAT_VEC q6_K m=5120 n=5 k=6144: 16 x 56.022 us = 896.36 us (5614.66 GFLOPS/s)
MUL_MAT_VEC f32 m=48 n=5 k=5120: 96 x 3.483 us = 334.4 us (705.462 GFLOPS/s)
MUL_MAT_VEC q6_K m=1024 n=5 k=5120: 32 x 9.781 us = 313 us (5359.61 GFLOPS/s)
MUL_MAT_VEC q6_K m=10240 n=5 k=5120: 48 x 81.736 us = 3923.36 us (6413.73 GFLOPS/s)
MUL_MAT_VEC q6_K m=12288 n=5 k=5120: 16 x 104.585 us = 1673.36 us (6015.05 GFLOPS/s)
MUL_MAT_VEC q6_K m=17408 n=5 k=5120: 128 x 142.696 us = 18265.2 us (6245.42 GFLOPS/s)
MUL_MAT_VEC q6_K m=248320 n=5 k=5120: 1 x 1755.32 us = 1755.32 us (7242.41 GFLOPS/s)
MUL_MAT_VEC q6_K m=6144 n=5 k=5120: 48 x 54.196 us = 2601.44 us (5803.72 GFLOPS/s)
MUL_MAT_VEC q8_0 m=5120 n=5 k=6144: 48 x 63.34 us = 3040.32 us (4966.01 GFLOPS/s)
RMS_NORM_MUL RMS_NORM(256,24,5,1): 16 x 4.07 us = 65.12 us
RMS_NORM_MUL RMS_NORM(256,4,5,1): 16 x 4.587 us = 73.4 us
RMS_NORM_MUL RMS_NORM(5120,5,1,1): 129 x 2.729 us = 352.16 us
RMS_NORM_MUL_SILU_MUL RMS_NORM(128,48,5,1): 48 x 5.8 us = 278.44 us
RMS_NORM_SCALE RMS_NORM(128,16,5,1): 96 x 2.703 us = 259.52 us
ROPE: 32 x 3.931 us = 125.8 us
SET_ROWS: 32 x 3.061 us = 97.96 us
SIGMOID_MUL SIGMOID: 16 x 1.717 us = 27.48 us
SSM_CONV_SILU SSM_CONV: 48 x 5.776 us = 277.28 us
Total time: 46729 us.
----------------
Vulkan Timings:
CONCAT: 1 x 1.96 us = 1.96 us
CONT: 1 x 3.84 us = 3.84 us
FLASH_ATTN_EXT dst(256,24,5,1),  q(256,5,24,1),  k(256,256,4,1),  v(256,256,4,1),  m(256,5,1,1): 1 x 21.72 us = 21.72 us (1448.31 GFLOPS/s)
GLU: 1 x 1.6 us = 1.6 us
MUL_MAT f32 m=256 n=120 k=256: 1 x 1.76 us = 1.76 us (8919.27 GFLOPS/s)
MUL_MAT f32 m=256 n=20 k=256: 1 x 3.2 us = 3.2 us (817.6 GFLOPS/s)
MUL_MAT f32 m=64 n=480 k=64: 1 x 3.88 us = 3.88 us (1005.53 GFLOPS/s)
MUL_MAT f32 m=64 n=80 k=64: 1 x 3.8 us = 3.8 us (171.116 GFLOPS/s)
MUL_MAT_ADD MUL_MAT_VEC q6_K m=5120 n=5 k=17408: 1 x 157.73 us = 157.73 us (5650.57 GFLOPS/s)
MUL_MAT_ADD MUL_MAT_VEC q6_K m=5120 n=5 k=6144: 1 x 62.2 us = 62.2 us (5057.03 GFLOPS/s)
MUL_MAT_VEC q6_K m=1024 n=5 k=5120: 2 x 11.48 us = 22.96 us (4566.52 GFLOPS/s)
MUL_MAT_VEC q6_K m=12288 n=5 k=5120: 1 x 121.77 us = 121.77 us (5166.17 GFLOPS/s)
MUL_MAT_VEC q6_K m=17408 n=5 k=5120: 2 x 134.78 us = 269.56 us (6612.28 GFLOPS/s)
MUL_MAT_VEC q8_0 m=5120 n=5 k=10240: 1 x 106.48 us = 106.48 us (4923.58 GFLOPS/s)
RMS_NORM_MUL RMS_NORM(256,24,5,1): 1 x 4 us = 4 us
RMS_NORM_MUL RMS_NORM(256,4,5,1): 1 x 3.84 us = 3.84 us
RMS_NORM_MUL RMS_NORM(5120,5,1,1): 5 x 8.26 us = 41.3 us
ROPE: 2 x 3.86 us = 7.72 us
SET_ROWS: 2 x 2.76 us = 5.52 us
SIGMOID_MUL SIGMOID: 1 x 1.8 us = 1.8 us
Total time: 846.64 us.
----------------
Vulkan Timings:
CONCAT: 1 x 3.68 us = 3.68 us
CONT: 1 x 3.56 us = 3.56 us
FLASH_ATTN_EXT dst(256,24,1,1),  q(256,1,24,1),  k(256,256,4,1),  v(256,256,4,1),  m(256,1,1,1): 1 x 12.6 us = 12.6 us (499.322 GFLOPS/s)
GET_ROWS: 2 x 4.3 us = 8.6 us
GLU: 1 x 1.64 us = 1.64 us
MUL_MAT f32 m=256 n=24 k=256: 1 x 1.52 us = 1.52 us (2065.52 GFLOPS/s)
MUL_MAT f32 m=64 n=16 k=64: 1 x 1.88 us = 1.88 us (69.1745 GFLOPS/s)
MUL_MAT f32 m=64 n=96 k=64: 1 x 3.28 us = 3.28 us (237.893 GFLOPS/s)
MUL_MAT_ADD MUL_MAT_VEC q6_K m=5120 n=1 k=17408: 1 x 130.56 us = 130.56 us (1365.29 GFLOPS/s)
MUL_MAT_ADD MUL_MAT_VEC q6_K m=5120 n=1 k=6144: 1 x 54.72 us = 54.72 us (1149.66 GFLOPS/s)
MUL_MAT_VEC f32 m=256 n=4 k=256: 1 x 3.12 us = 3.12 us (167.713 GFLOPS/s)
MUL_MAT_VEC q6_K m=1024 n=1 k=5120: 2 x 9.26 us = 18.52 us (1132.26 GFLOPS/s)
MUL_MAT_VEC q6_K m=12288 n=1 k=5120: 1 x 90.52 us = 90.52 us (1389.93 GFLOPS/s)
MUL_MAT_VEC q6_K m=17408 n=1 k=5120: 2 x 118.28 us = 236.56 us (1506.94 GFLOPS/s)
MUL_MAT_VEC q6_K m=98304 n=1 k=5120: 1 x 671.44 us = 671.44 us (1499.07 GFLOPS/s)
MUL_MAT_VEC q8_0 m=5120 n=1 k=10240: 1 x 92.2 us = 92.2 us (1137.23 GFLOPS/s)
PAD: 1 x 6.4 us = 6.4 us
RMS_NORM_MUL RMS_NORM(256,24,1,1): 1 x 3.24 us = 3.24 us
RMS_NORM_MUL RMS_NORM(256,4,1,1): 1 x 4.92 us = 4.92 us
RMS_NORM_MUL RMS_NORM(5120,1,1,1): 5 x 4.456 us = 22.28 us
ROPE: 2 x 3.4 us = 6.8 us
SET_ROWS: 2 x 2.64 us = 5.28 us
SIGMOID_MUL SIGMOID: 1 x 1.6 us = 1.6 us
TOP_K K=10 (98304,1,1,1): 1 x 9.04 us = 9.04 us
Total time: 1393.96 us.
----------------
Vulkan Timings:
CONCAT: 1 x 3.76 us = 3.76 us
CONT: 1 x 3.64 us = 3.64 us
FLASH_ATTN_EXT dst(256,24,1,1),  q(256,1,24,1),  k(256,256,4,1),  v(256,256,4,1),  m(256,1,1,1): 1 x 12.76 us = 12.76 us (493.061 GFLOPS/s)
GET_ROWS: 2 x 4.3 us = 8.6 us
GLU: 1 x 1.84 us = 1.84 us
MUL_MAT f32 m=256 n=24 k=256: 1 x 1.68 us = 1.68 us (1868.8 GFLOPS/s)
MUL_MAT f32 m=64 n=16 k=64: 1 x 3.6 us = 3.6 us (36.1244 GFLOPS/s)
MUL_MAT f32 m=64 n=96 k=64: 1 x 3.6 us = 3.6 us (216.747 GFLOPS/s)
MUL_MAT_ADD MUL_MAT_VEC q6_K m=5120 n=1 k=17408: 1 x 124.88 us = 124.88 us (1427.39 GFLOPS/s)
MUL_MAT_ADD MUL_MAT_VEC q6_K m=5120 n=1 k=6144: 1 x 54.28 us = 54.28 us (1158.98 GFLOPS/s)
MUL_MAT_VEC f32 m=256 n=4 k=256: 1 x 3 us = 3 us (174.421 GFLOPS/s)
MUL_MAT_VEC q6_K m=1024 n=1 k=5120: 2 x 9.26 us = 18.52 us (1132.26 GFLOPS/s)
MUL_MAT_VEC q6_K m=12288 n=1 k=5120: 1 x 85.96 us = 85.96 us (1463.67 GFLOPS/s)
MUL_MAT_VEC q6_K m=17408 n=1 k=5120: 2 x 121.6 us = 243.2 us (1465.79 GFLOPS/s)
MUL_MAT_VEC q6_K m=98304 n=1 k=5120: 1 x 668.88 us = 668.88 us (1504.81 GFLOPS/s)
MUL_MAT_VEC q8_0 m=5120 n=1 k=10240: 1 x 101.28 us = 101.28 us (1035.27 GFLOPS/s)
PAD: 1 x 6.36 us = 6.36 us
RMS_NORM_MUL RMS_NORM(256,24,1,1): 1 x 3.6 us = 3.6 us
RMS_NORM_MUL RMS_NORM(256,4,1,1): 1 x 3.6 us = 3.6 us
RMS_NORM_MUL RMS_NORM(5120,1,1,1): 5 x 3.68 us = 18.4 us
ROPE: 2 x 3.54 us = 7.08 us
SET_ROWS: 2 x 2.66 us = 5.32 us
SIGMOID_MUL SIGMOID: 1 x 1.64 us = 1.64 us
TOP_K K=10 (98304,1,1,1): 1 x 8.68 us = 8.68 us
Total time: 1394.16 us.
----------------
Vulkan Timings:
CONCAT: 1 x 3.76 us = 3.76 us
CONT: 1 x 3.64 us = 3.64 us
FLASH_ATTN_EXT dst(256,24,1,1),  q(256,1,24,1),  k(256,256,4,1),  v(256,256,4,1),  m(256,1,1,1): 1 x 12.72 us = 12.72 us (494.611 GFLOPS/s)
GET_ROWS: 2 x 4.18 us = 8.36 us
GLU: 1 x 1.88 us = 1.88 us
MUL_MAT f32 m=256 n=24 k=256: 1 x 1.68 us = 1.68 us (1868.8 GFLOPS/s)
MUL_MAT f32 m=64 n=16 k=64: 1 x 3.64 us = 3.64 us (35.7275 GFLOPS/s)
MUL_MAT f32 m=64 n=96 k=64: 1 x 3.6 us = 3.6 us (216.747 GFLOPS/s)
MUL_MAT_ADD MUL_MAT_VEC q6_K m=5120 n=1 k=17408: 1 x 124.76 us = 124.76 us (1428.77 GFLOPS/s)
MUL_MAT_ADD MUL_MAT_VEC q6_K m=5120 n=1 k=6144: 1 x 53.76 us = 53.76 us (1170.19 GFLOPS/s)
MUL_MAT_VEC f32 m=256 n=4 k=256: 1 x 3 us = 3 us (174.421 GFLOPS/s)
MUL_MAT_VEC q6_K m=1024 n=1 k=5120: 2 x 9.2 us = 18.4 us (1139.65 GFLOPS/s)
MUL_MAT_VEC q6_K m=12288 n=1 k=5120: 1 x 85.88 us = 85.88 us (1465.03 GFLOPS/s)
MUL_MAT_VEC q6_K m=17408 n=1 k=5120: 2 x 121.72 us = 243.44 us (1464.35 GFLOPS/s)
MUL_MAT_VEC q6_K m=98304 n=1 k=5120: 1 x 671.21 us = 671.21 us (1499.58 GFLOPS/s)
MUL_MAT_VEC q8_0 m=5120 n=1 k=10240: 1 x 101.12 us = 101.12 us (1036.91 GFLOPS/s)
PAD: 1 x 6.32 us = 6.32 us
RMS_NORM_MUL RMS_NORM(256,24,1,1): 1 x 3.6 us = 3.6 us
RMS_NORM_MUL RMS_NORM(256,4,1,1): 1 x 3.6 us = 3.6 us
RMS_NORM_MUL RMS_NORM(5120,1,1,1): 5 x 3.72 us = 18.6 us
ROPE: 2 x 3.62 us = 7.24 us
SET_ROWS: 2 x 2.64 us = 5.28 us
SIGMOID_MUL SIGMOID: 1 x 1.68 us = 1.68 us
TOP_K K=10 (98304,1,1,1): 1 x 9 us = 9 us
Total time: 1396.17 us.
----------------
Vulkan Timings:
CONCAT: 1 x 3.76 us = 3.76 us
CONT: 1 x 3.64 us = 3.64 us
FLASH_ATTN_EXT dst(256,24,1,1),  q(256,1,24,1),  k(256,256,4,1),  v(256,256,4,1),  m(256,1,1,1): 1 x 12.96 us = 12.96 us (485.452 GFLOPS/s)
GET_ROWS: 2 x 4.2 us = 8.4 us
GLU: 1 x 1.76 us = 1.76 us
MUL_MAT f32 m=256 n=24 k=256: 1 x 1.64 us = 1.64 us (1914.38 GFLOPS/s)
MUL_MAT f32 m=64 n=16 k=64: 1 x 3.64 us = 3.64 us (35.7275 GFLOPS/s)
MUL_MAT f32 m=64 n=96 k=64: 1 x 3.68 us = 3.68 us (212.035 GFLOPS/s)
MUL_MAT_ADD MUL_MAT_VEC q6_K m=5120 n=1 k=17408: 1 x 124.8 us = 124.8 us (1428.31 GFLOPS/s)
MUL_MAT_ADD MUL_MAT_VEC q6_K m=5120 n=1 k=6144: 1 x 54.32 us = 54.32 us (1158.13 GFLOPS/s)
MUL_MAT_VEC f32 m=256 n=4 k=256: 1 x 3.04 us = 3.04 us (172.126 GFLOPS/s)
MUL_MAT_VEC q6_K m=1024 n=1 k=5120: 2 x 9.2 us = 18.4 us (1139.65 GFLOPS/s)
MUL_MAT_VEC q6_K m=12288 n=1 k=5120: 1 x 85.28 us = 85.28 us (1475.34 GFLOPS/s)
MUL_MAT_VEC q6_K m=17408 n=1 k=5120: 2 x 121.36 us = 242.72 us (1468.69 GFLOPS/s)
MUL_MAT_VEC q6_K m=98304 n=1 k=5120: 1 x 669.62 us = 669.62 us (1503.14 GFLOPS/s)
MUL_MAT_VEC q8_0 m=5120 n=1 k=10240: 1 x 102.16 us = 102.16 us (1026.36 GFLOPS/s)
PAD: 1 x 7.04 us = 7.04 us
RMS_NORM_MUL RMS_NORM(256,24,1,1): 1 x 3.6 us = 3.6 us
RMS_NORM_MUL RMS_NORM(256,4,1,1): 1 x 3.6 us = 3.6 us
RMS_NORM_MUL RMS_NORM(5120,1,1,1): 5 x 3.752 us = 18.76 us
ROPE: 2 x 3.58 us = 7.16 us
SET_ROWS: 2 x 2.62 us = 5.24 us
SIGMOID_MUL SIGMOID: 1 x 1.72 us = 1.72 us
TOP_K K=10 (98304,1,1,1): 1 x 9.08 us = 9.08 us
Total time: 1396.02 us.
----------------
Vulkan Timings:
ADD: 48 x 3.83 us = 183.88 us
CONCAT: 48 x 2.47 us = 118.56 us
CONT: 16 x 3.895 us = 62.32 us
CPY: 240 x 2.272 us = 545.48 us
FLASH_ATTN_EXT dst(256,24,5,1),  q(256,5,24,1),  k(256,256,4,1),  v(256,256,4,1),  m(256,5,1,1): 16 x 21.215 us = 339.44 us (1482.78 GFLOPS/s)
GDN_CACHE GATED_DELTA_NET: 48 x 13.98 us = 671.08 us
GET_ROWS: 50 x 27.3 us = 1365.04 us
GLU: 64 x 1.866 us = 119.48 us
MUL_MAT f32 m=256 n=120 k=256: 16 x 1.82 us = 29.12 us (8625.23 GFLOPS/s)
MUL_MAT f32 m=256 n=20 k=256: 16 x 3.177 us = 50.84 us (823.389 GFLOPS/s)
MUL_MAT f32 m=64 n=480 k=64: 16 x 3.687 us = 59 us (1058.02 GFLOPS/s)
MUL_MAT f32 m=64 n=80 k=64: 16 x 3.24 us = 51.84 us (200.691 GFLOPS/s)
MUL_MAT_ADD MUL_MAT_VEC q6_K m=5120 n=5 k=17408: 64 x 136.841 us = 8757.84 us (6513.12 GFLOPS/s)
MUL_MAT_ADD MUL_MAT_VEC q6_K m=5120 n=5 k=6144: 16 x 56.022 us = 896.36 us (5614.66 GFLOPS/s)
MUL_MAT_VEC f32 m=48 n=5 k=5120: 96 x 3.476 us = 333.76 us (706.815 GFLOPS/s)
MUL_MAT_VEC q6_K m=1024 n=5 k=5120: 32 x 9.82 us = 314.24 us (5338.46 GFLOPS/s)
MUL_MAT_VEC q6_K m=10240 n=5 k=5120: 48 x 81.829 us = 3927.8 us (6406.48 GFLOPS/s)
MUL_MAT_VEC q6_K m=12288 n=5 k=5120: 16 x 104.037 us = 1664.6 us (6046.71 GFLOPS/s)
MUL_MAT_VEC q6_K m=17408 n=5 k=5120: 128 x 142.75 us = 18272.1 us (6243.07 GFLOPS/s)
MUL_MAT_VEC q6_K m=248320 n=5 k=5120: 1 x 1756.8 us = 1756.8 us (7236.31 GFLOPS/s)
MUL_MAT_VEC q6_K m=6144 n=5 k=5120: 48 x 54.118 us = 2597.68 us (5812.12 GFLOPS/s)
MUL_MAT_VEC q8_0 m=5120 n=5 k=6144: 48 x 63.384 us = 3042.44 us (4962.55 GFLOPS/s)
RMS_NORM_MUL RMS_NORM(256,24,5,1): 16 x 4.02 us = 64.32 us
RMS_NORM_MUL RMS_NORM(256,4,5,1): 16 x 4.562 us = 73 us
RMS_NORM_MUL RMS_NORM(5120,5,1,1): 129 x 2.707 us = 349.28 us
RMS_NORM_MUL_SILU_MUL RMS_NORM(128,48,5,1): 48 x 5.777 us = 277.32 us
RMS_NORM_SCALE RMS_NORM(128,16,5,1): 96 x 2.693 us = 258.56 us
ROPE: 32 x 3.911 us = 125.16 us
SET_ROWS: 32 x 3.055 us = 97.76 us
SIGMOID_MUL SIGMOID: 16 x 1.722 us = 27.56 us
SSM_CONV_SILU SSM_CONV: 48 x 5.715 us = 274.36 us
Total time: 46707 us.
----------------
Vulkan Timings:
CONCAT: 1 x 2 us = 2 us
CONT: 1 x 3.88 us = 3.88 us
FLASH_ATTN_EXT dst(256,24,5,1),  q(256,5,24,1),  k(256,256,4,1),  v(256,256,4,1),  m(256,5,1,1): 1 x 21.56 us = 21.56 us (1459.06 GFLOPS/s)
GLU: 1 x 1.64 us = 1.64 us
MUL_MAT f32 m=256 n=120 k=256: 1 x 1.8 us = 1.8 us (8721.07 GFLOPS/s)
MUL_MAT f32 m=256 n=20 k=256: 1 x 3.24 us = 3.24 us (807.506 GFLOPS/s)
MUL_MAT f32 m=64 n=480 k=64: 1 x 3.88 us = 3.88 us (1005.53 GFLOPS/s)
MUL_MAT f32 m=64 n=80 k=64: 1 x 3.84 us = 3.84 us (169.333 GFLOPS/s)
MUL_MAT_ADD MUL_MAT_VEC q6_K m=5120 n=5 k=17408: 1 x 157.9 us = 157.9 us (5644.48 GFLOPS/s)
MUL_MAT_ADD MUL_MAT_VEC q6_K m=5120 n=5 k=6144: 1 x 62.48 us = 62.48 us (5034.37 GFLOPS/s)
MUL_MAT_VEC q6_K m=1024 n=5 k=5120: 2 x 11.42 us = 22.84 us (4590.51 GFLOPS/s)
MUL_MAT_VEC q6_K m=12288 n=5 k=5120: 1 x 118.09 us = 118.09 us (5327.16 GFLOPS/s)
MUL_MAT_VEC q6_K m=17408 n=5 k=5120: 2 x 135.44 us = 270.88 us (6580.05 GFLOPS/s)
MUL_MAT_VEC q8_0 m=5120 n=5 k=10240: 1 x 107.32 us = 107.32 us (4885.04 GFLOPS/s)
RMS_NORM_MUL RMS_NORM(256,24,5,1): 1 x 4 us = 4 us
RMS_NORM_MUL RMS_NORM(256,4,5,1): 1 x 3.88 us = 3.88 us
RMS_NORM_MUL RMS_NORM(5120,5,1,1): 5 x 8.174 us = 40.87 us
ROPE: 2 x 3.86 us = 7.72 us
SET_ROWS: 2 x 2.8 us = 5.6 us
SIGMOID_MUL SIGMOID: 1 x 2 us = 2 us
Total time: 845.42 us.
0.18.454.126 I slot print_timing: id  0 | task 0 | n_gen =    114, tg =  37.67 t/s, tg_3s =  38.00 t/s
----------------
Vulkan Timings:
CONCAT: 1 x 3.68 us = 3.68 us
CONT: 1 x 3.56 us = 3.56 us
FLASH_ATTN_EXT dst(256,24,1,1),  q(256,1,24,1),  k(256,256,4,1),  v(256,256,4,1),  m(256,1,1,1): 1 x 12.6 us = 12.6 us (499.322 GFLOPS/s)
GET_ROWS: 2 x 5.96 us = 11.92 us
GLU: 1 x 1.64 us = 1.64 us
MUL_MAT f32 m=256 n=24 k=256: 1 x 1.56 us = 1.56 us (2012.55 GFLOPS/s)
MUL_MAT f32 m=64 n=16 k=64: 1 x 3.28 us = 3.28 us (39.6488 GFLOPS/s)
MUL_MAT f32 m=64 n=96 k=64: 1 x 3.28 us = 3.28 us (237.893 GFLOPS/s)
MUL_MAT_ADD MUL_MAT_VEC q6_K m=5120 n=1 k=17408: 1 x 131.24 us = 131.24 us (1358.22 GFLOPS/s)
MUL_MAT_ADD MUL_MAT_VEC q6_K m=5120 n=1 k=6144: 1 x 53.56 us = 53.56 us (1174.56 GFLOPS/s)
MUL_MAT_VEC f32 m=256 n=4 k=256: 1 x 3.04 us = 3.04 us (172.126 GFLOPS/s)
MUL_MAT_VEC q6_K m=1024 n=1 k=5120: 2 x 9.24 us = 18.48 us (1134.71 GFLOPS/s)
MUL_MAT_VEC q6_K m=12288 n=1 k=5120: 1 x 89.8 us = 89.8 us (1401.08 GFLOPS/s)
MUL_MAT_VEC q6_K m=17408 n=1 k=5120: 2 x 118.16 us = 236.32 us (1508.47 GFLOPS/s)
MUL_MAT_VEC q6_K m=98304 n=1 k=5120: 1 x 671.39 us = 671.39 us (1499.18 GFLOPS/s)
MUL_MAT_VEC q8_0 m=5120 n=1 k=10240: 1 x 92.76 us = 92.76 us (1130.36 GFLOPS/s)
PAD: 1 x 7 us = 7 us
RMS_NORM_MUL RMS_NORM(256,24,1,1): 1 x 3.24 us = 3.24 us
RMS_NORM_MUL RMS_NORM(256,4,1,1): 1 x 3.48 us = 3.48 us
RMS_NORM_MUL RMS_NORM(5120,1,1,1): 5 x 3.952 us = 19.76 us
ROPE: 2 x 3.3 us = 6.6 us
SET_ROWS: 2 x 2.62 us = 5.24 us
SIGMOID_MUL SIGMOID: 1 x 1.56 us = 1.56 us
TOP_K K=10 (98304,1,1,1): 1 x 6.48 us = 6.48 us
Total time: 1391.47 us.
----------------
Vulkan Timings:
CONCAT: 1 x 3.96 us = 3.96 us
CONT: 1 x 3.6 us = 3.6 us
FLASH_ATTN_EXT dst(256,24,1,1),  q(256,1,24,1),  k(256,256,4,1),  v(256,256,4,1),  m(256,1,1,1): 1 x 12.92 us = 12.92 us (486.955 GFLOPS/s)
GET_ROWS: 2 x 4.32 us = 8.64 us
GLU: 1 x 1.8 us = 1.8 us
MUL_MAT f32 m=256 n=24 k=256: 1 x 1.64 us = 1.64 us (1914.38 GFLOPS/s)
MUL_MAT f32 m=64 n=16 k=64: 1 x 3.64 us = 3.64 us (35.7275 GFLOPS/s)
MUL_MAT f32 m=64 n=96 k=64: 1 x 3.56 us = 3.56 us (219.182 GFLOPS/s)
MUL_MAT_ADD MUL_MAT_VEC q6_K m=5120 n=1 k=17408: 1 x 123 us = 123 us (1449.21 GFLOPS/s)
MUL_MAT_ADD MUL_MAT_VEC q6_K m=5120 n=1 k=6144: 1 x 53.4 us = 53.4 us (1178.08 GFLOPS/s)
MUL_MAT_VEC f32 m=256 n=4 k=256: 1 x 3.04 us = 3.04 us (172.126 GFLOPS/s)
MUL_MAT_VEC q6_K m=1024 n=1 k=5120: 2 x 9.2 us = 18.4 us (1139.65 GFLOPS/s)
MUL_MAT_VEC q6_K m=12288 n=1 k=5120: 1 x 85.96 us = 85.96 us (1463.67 GFLOPS/s)
MUL_MAT_VEC q6_K m=17408 n=1 k=5120: 2 x 121.26 us = 242.52 us (1469.9 GFLOPS/s)
MUL_MAT_VEC q6_K m=98304 n=1 k=5120: 1 x 669.71 us = 669.71 us (1502.94 GFLOPS/s)
MUL_MAT_VEC q8_0 m=5120 n=1 k=10240: 1 x 101.16 us = 101.16 us (1036.5 GFLOPS/s)
PAD: 1 x 6.36 us = 6.36 us
RMS_NORM_MUL RMS_NORM(256,24,1,1): 1 x 3.6 us = 3.6 us
RMS_NORM_MUL RMS_NORM(256,4,1,1): 1 x 3.6 us = 3.6 us
RMS_NORM_MUL RMS_NORM(5120,1,1,1): 5 x 3.736 us = 18.68 us
ROPE: 2 x 3.6 us = 7.2 us
SET_ROWS: 2 x 2.66 us = 5.32 us
SIGMOID_MUL SIGMOID: 1 x 1.64 us = 1.64 us
TOP_K K=10 (98304,1,1,1): 1 x 8.8 us = 8.8 us
Total time: 1392.15 us.
----------------
Vulkan Timings:
CONCAT: 1 x 1.64 us = 1.64 us
CONT: 1 x 3.68 us = 3.68 us
FLASH_ATTN_EXT dst(256,24,1,1),  q(256,1,24,1),  k(256,256,4,1),  v(256,256,4,1),  m(256,1,1,1): 1 x 12.76 us = 12.76 us (493.061 GFLOPS/s)
GET_ROWS: 2 x 5.94 us = 11.88 us
GLU: 1 x 1.88 us = 1.88 us
MUL_MAT f32 m=256 n=24 k=256: 1 x 1.64 us = 1.64 us (1914.38 GFLOPS/s)
MUL_MAT f32 m=64 n=16 k=64: 1 x 3.64 us = 3.64 us (35.7275 GFLOPS/s)
MUL_MAT f32 m=64 n=96 k=64: 1 x 3.64 us = 3.64 us (214.365 GFLOPS/s)
MUL_MAT_ADD MUL_MAT_VEC q6_K m=5120 n=1 k=17408: 1 x 123.12 us = 123.12 us (1447.8 GFLOPS/s)
MUL_MAT_ADD MUL_MAT_VEC q6_K m=5120 n=1 k=6144: 1 x 50.76 us = 50.76 us (1239.35 GFLOPS/s)
MUL_MAT_VEC f32 m=256 n=4 k=256: 1 x 3 us = 3 us (174.421 GFLOPS/s)
MUL_MAT_VEC q6_K m=1024 n=1 k=5120: 2 x 9.1 us = 18.2 us (1152.17 GFLOPS/s)
MUL_MAT_VEC q6_K m=12288 n=1 k=5120: 1 x 86.04 us = 86.04 us (1462.31 GFLOPS/s)
MUL_MAT_VEC q6_K m=17408 n=1 k=5120: 2 x 121.78 us = 243.56 us (1463.63 GFLOPS/s)
MUL_MAT_VEC q6_K m=98304 n=1 k=5120: 1 x 672.44 us = 672.44 us (1496.84 GFLOPS/s)
MUL_MAT_VEC q8_0 m=5120 n=1 k=10240: 1 x 100.92 us = 100.92 us (1038.97 GFLOPS/s)
PAD: 1 x 4.92 us = 4.92 us
RMS_NORM_MUL RMS_NORM(256,24,1,1): 1 x 3.64 us = 3.64 us
RMS_NORM_MUL RMS_NORM(256,4,1,1): 1 x 3.6 us = 3.6 us
RMS_NORM_MUL RMS_NORM(5120,1,1,1): 5 x 4.736 us = 23.68 us
ROPE: 2 x 3.58 us = 7.16 us
SET_ROWS: 2 x 2.68 us = 5.36 us
SIGMOID_MUL SIGMOID: 1 x 1.68 us = 1.68 us
TOP_K K=10 (98304,1,1,1): 1 x 9.16 us = 9.16 us
Total time: 1398 us.
----------------
Vulkan Timings:
CONCAT: 1 x 3.72 us = 3.72 us
CONT: 1 x 3.64 us = 3.64 us
FLASH_ATTN_EXT dst(256,24,1,1),  q(256,1,24,1),  k(256,256,4,1),  v(256,256,4,1),  m(256,1,1,1): 1 x 12.96 us = 12.96 us (485.452 GFLOPS/s)
GET_ROWS: 2 x 4.3 us = 8.6 us
GLU: 1 x 1.8 us = 1.8 us
MUL_MAT f32 m=256 n=24 k=256: 1 x 1.72 us = 1.72 us (1825.34 GFLOPS/s)
MUL_MAT f32 m=64 n=16 k=64: 1 x 3.6 us = 3.6 us (36.1244 GFLOPS/s)
MUL_MAT f32 m=64 n=96 k=64: 1 x 3.6 us = 3.6 us (216.747 GFLOPS/s)
MUL_MAT_ADD MUL_MAT_VEC q6_K m=5120 n=1 k=17408: 1 x 123.52 us = 123.52 us (1443.11 GFLOPS/s)
MUL_MAT_ADD MUL_MAT_VEC q6_K m=5120 n=1 k=6144: 1 x 53.96 us = 53.96 us (1165.85 GFLOPS/s)
MUL_MAT_VEC f32 m=256 n=4 k=256: 1 x 3.04 us = 3.04 us (172.126 GFLOPS/s)
MUL_MAT_VEC q6_K m=1024 n=1 k=5120: 2 x 9.24 us = 18.48 us (1134.71 GFLOPS/s)
MUL_MAT_VEC q6_K m=12288 n=1 k=5120: 1 x 85.68 us = 85.68 us (1468.45 GFLOPS/s)
MUL_MAT_VEC q6_K m=17408 n=1 k=5120: 2 x 121.1 us = 242.2 us (1471.85 GFLOPS/s)
MUL_MAT_VEC q6_K m=98304 n=1 k=5120: 1 x 669.38 us = 669.38 us (1503.68 GFLOPS/s)
MUL_MAT_VEC q8_0 m=5120 n=1 k=10240: 1 x 101.12 us = 101.12 us (1036.91 GFLOPS/s)
PAD: 1 x 6.32 us = 6.32 us
RMS_NORM_MUL RMS_NORM(256,24,1,1): 1 x 3.6 us = 3.6 us
RMS_NORM_MUL RMS_NORM(256,4,1,1): 1 x 3.64 us = 3.64 us
RMS_NORM_MUL RMS_NORM(5120,1,1,1): 5 x 3.792 us = 18.96 us
ROPE: 2 x 3.6 us = 7.2 us
SET_ROWS: 2 x 2.66 us = 5.32 us
SIGMOID_MUL SIGMOID: 1 x 1.68 us = 1.68 us
TOP_K K=10 (98304,1,1,1): 1 x 8.88 us = 8.88 us
Total time: 1392.62 us.
----------------
Vulkan Timings:
ADD: 48 x 3.802 us = 182.52 us
CONCAT: 48 x 2.418 us = 116.08 us
CONT: 16 x 3.895 us = 62.32 us
CPY: 240 x 2.259 us = 542.36 us
FLASH_ATTN_EXT dst(256,24,5,1),  q(256,5,24,1),  k(256,256,4,1),  v(256,256,4,1),  m(256,5,1,1): 16 x 21.222 us = 339.56 us (1482.26 GFLOPS/s)
GDN_CACHE GATED_DELTA_NET: 48 x 14.044 us = 674.12 us
GET_ROWS: 50 x 26.759 us = 1337.96 us
GLU: 64 x 1.86 us = 119.04 us
MUL_MAT f32 m=256 n=120 k=256: 16 x 1.84 us = 29.44 us (8531.48 GFLOPS/s)
MUL_MAT f32 m=256 n=20 k=256: 16 x 3.17 us = 50.72 us (825.338 GFLOPS/s)
MUL_MAT f32 m=64 n=480 k=64: 16 x 3.682 us = 58.92 us (1059.45 GFLOPS/s)
MUL_MAT f32 m=64 n=80 k=64: 16 x 3.24 us = 51.84 us (200.691 GFLOPS/s)
MUL_MAT_ADD MUL_MAT_VEC q6_K m=5120 n=5 k=17408: 64 x 136.975 us = 8766.4 us (6506.76 GFLOPS/s)
MUL_MAT_ADD MUL_MAT_VEC q6_K m=5120 n=5 k=6144: 16 x 56.05 us = 896.8 us (5611.9 GFLOPS/s)
MUL_MAT_VEC f32 m=48 n=5 k=5120: 96 x 3.374 us = 323.92 us (728.286 GFLOPS/s)
MUL_MAT_VEC q6_K m=1024 n=5 k=5120: 32 x 9.662 us = 309.2 us (5425.48 GFLOPS/s)
MUL_MAT_VEC q6_K m=10240 n=5 k=5120: 48 x 81.668 us = 3920.08 us (6419.1 GFLOPS/s)
MUL_MAT_VEC q6_K m=12288 n=5 k=5120: 16 x 104.242 us = 1667.88 us (6034.81 GFLOPS/s)
MUL_MAT_VEC q6_K m=17408 n=5 k=5120: 128 x 142.725 us = 18268.9 us (6244.17 GFLOPS/s)
MUL_MAT_VEC q6_K m=248320 n=5 k=5120: 1 x 1753.36 us = 1753.36 us (7250.5 GFLOPS/s)
MUL_MAT_VEC q6_K m=6144 n=5 k=5120: 48 x 53.984 us = 2591.24 us (5826.56 GFLOPS/s)
MUL_MAT_VEC q8_0 m=5120 n=5 k=6144: 48 x 63.343 us = 3040.48 us (4965.75 GFLOPS/s)
RMS_NORM_MUL RMS_NORM(256,24,5,1): 16 x 3.985 us = 63.76 us
RMS_NORM_MUL RMS_NORM(256,4,5,1): 16 x 4.572 us = 73.16 us
RMS_NORM_MUL RMS_NORM(5120,5,1,1): 129 x 2.702 us = 348.56 us
RMS_NORM_MUL_SILU_MUL RMS_NORM(128,48,5,1): 48 x 5.756 us = 276.32 us
RMS_NORM_SCALE RMS_NORM(128,16,5,1): 96 x 2.73 us = 262.12 us
ROPE: 32 x 3.902 us = 124.88 us
SET_ROWS: 32 x 3.05 us = 97.6 us
SIGMOID_MUL SIGMOID: 16 x 1.74 us = 27.84 us
SSM_CONV_SILU SSM_CONV: 48 x 5.79 us = 277.92 us
Total time: 46655.3 us.
----------------
Vulkan Timings:
CONCAT: 1 x 2.04 us = 2.04 us
CONT: 1 x 3.84 us = 3.84 us
FLASH_ATTN_EXT dst(256,24,5,1),  q(256,5,24,1),  k(256,256,4,1),  v(256,256,4,1),  m(256,5,1,1): 1 x 21.36 us = 21.36 us (1472.72 GFLOPS/s)
GLU: 1 x 1.56 us = 1.56 us
MUL_MAT f32 m=256 n=120 k=256: 1 x 1.8 us = 1.8 us (8721.07 GFLOPS/s)
MUL_MAT f32 m=256 n=20 k=256: 1 x 3.2 us = 3.2 us (817.6 GFLOPS/s)
MUL_MAT f32 m=64 n=480 k=64: 1 x 3.84 us = 3.84 us (1016 GFLOPS/s)
MUL_MAT f32 m=64 n=80 k=64: 1 x 3.8 us = 3.8 us (171.116 GFLOPS/s)
MUL_MAT_ADD MUL_MAT_VEC q6_K m=5120 n=5 k=17408: 1 x 156.79 us = 156.79 us (5684.44 GFLOPS/s)
MUL_MAT_ADD MUL_MAT_VEC q6_K m=5120 n=5 k=6144: 1 x 62.16 us = 62.16 us (5060.28 GFLOPS/s)
MUL_MAT_VEC q6_K m=1024 n=5 k=5120: 2 x 11.38 us = 22.76 us (4606.65 GFLOPS/s)
MUL_MAT_VEC q6_K m=12288 n=5 k=5120: 1 x 118.19 us = 118.19 us (5322.65 GFLOPS/s)
MUL_MAT_VEC q6_K m=17408 n=5 k=5120: 2 x 134.42 us = 268.84 us (6629.98 GFLOPS/s)
MUL_MAT_VEC q8_0 m=5120 n=5 k=10240: 1 x 106.56 us = 106.56 us (4919.88 GFLOPS/s)
RMS_NORM_MUL RMS_NORM(256,24,5,1): 1 x 3.92 us = 3.92 us
RMS_NORM_MUL RMS_NORM(256,4,5,1): 1 x 3.8 us = 3.8 us
RMS_NORM_MUL RMS_NORM(5120,5,1,1): 5 x 7.998 us = 39.99 us
ROPE: 2 x 3.82 us = 7.64 us
SET_ROWS: 2 x 2.74 us = 5.48 us
SIGMOID_MUL SIGMOID: 1 x 1.84 us = 1.84 us
Total time: 839.41 us.
----------------
Vulkan Timings:
CONCAT: 1 x 3.64 us = 3.64 us
CONT: 1 x 3.56 us = 3.56 us
FLASH_ATTN_EXT dst(256,24,1,1),  q(256,1,24,1),  k(256,256,4,1),  v(256,256,4,1),  m(256,1,1,1): 1 x 12.76 us = 12.76 us (493.061 GFLOPS/s)
GET_ROWS: 2 x 4.16 us = 8.32 us
GLU: 1 x 1.68 us = 1.68 us
MUL_MAT f32 m=256 n=24 k=256: 1 x 1.56 us = 1.56 us (2012.55 GFLOPS/s)
MUL_MAT f32 m=64 n=16 k=64: 1 x 1.88 us = 1.88 us (69.1745 GFLOPS/s)
MUL_MAT f32 m=64 n=96 k=64: 1 x 3.24 us = 3.24 us (240.83 GFLOPS/s)
MUL_MAT_ADD MUL_MAT_VEC q6_K m=5120 n=1 k=17408: 1 x 129.68 us = 129.68 us (1374.56 GFLOPS/s)
MUL_MAT_ADD MUL_MAT_VEC q6_K m=5120 n=1 k=6144: 1 x 53.6 us = 53.6 us (1173.68 GFLOPS/s)
MUL_MAT_VEC f32 m=256 n=4 k=256: 1 x 3.08 us = 3.08 us (169.891 GFLOPS/s)
MUL_MAT_VEC q6_K m=1024 n=1 k=5120: 2 x 9.24 us = 18.48 us (1134.71 GFLOPS/s)
MUL_MAT_VEC q6_K m=12288 n=1 k=5120: 1 x 90.12 us = 90.12 us (1396.1 GFLOPS/s)
MUL_MAT_VEC q6_K m=17408 n=1 k=5120: 2 x 119.02 us = 238.04 us (1497.57 GFLOPS/s)
MUL_MAT_VEC q6_K m=98304 n=1 k=5120: 1 x 669.47 us = 669.47 us (1503.48 GFLOPS/s)
MUL_MAT_VEC q8_0 m=5120 n=1 k=10240: 1 x 91.8 us = 91.8 us (1142.18 GFLOPS/s)
PAD: 1 x 6.32 us = 6.32 us
RMS_NORM_MUL RMS_NORM(256,24,1,1): 1 x 3.28 us = 3.28 us
RMS_NORM_MUL RMS_NORM(256,4,1,1): 1 x 4.96 us = 4.96 us
RMS_NORM_MUL RMS_NORM(5120,1,1,1): 5 x 4.4 us = 22 us
ROPE: 2 x 3.38 us = 6.76 us
SET_ROWS: 2 x 2.64 us = 5.28 us
SIGMOID_MUL SIGMOID: 1 x 1.6 us = 1.6 us
TOP_K K=10 (98304,1,1,1): 1 x 8.68 us = 8.68 us
Total time: 1389.79 us.
----------------
Vulkan Timings:
CONCAT: 1 x 3.72 us = 3.72 us
CONT: 1 x 3.64 us = 3.64 us
FLASH_ATTN_EXT dst(256,24,1,1),  q(256,1,24,1),  k(256,256,4,1),  v(256,256,4,1),  m(256,1,1,1): 1 x 12.76 us = 12.76 us (493.061 GFLOPS/s)
GET_ROWS: 2 x 5.94 us = 11.88 us
GLU: 1 x 1.84 us = 1.84 us
MUL_MAT f32 m=256 n=24 k=256: 1 x 1.6 us = 1.6 us (1962.24 GFLOPS/s)
MUL_MAT f32 m=64 n=16 k=64: 1 x 3.56 us = 3.56 us (36.5303 GFLOPS/s)
MUL_MAT f32 m=64 n=96 k=64: 1 x 3.6 us = 3.6 us (216.747 GFLOPS/s)
MUL_MAT_ADD MUL_MAT_VEC q6_K m=5120 n=1 k=17408: 1 x 123.52 us = 123.52 us (1443.11 GFLOPS/s)
MUL_MAT_ADD MUL_MAT_VEC q6_K m=5120 n=1 k=6144: 1 x 54.08 us = 54.08 us (1163.27 GFLOPS/s)
MUL_MAT_VEC f32 m=256 n=4 k=256: 1 x 3.04 us = 3.04 us (172.126 GFLOPS/s)
MUL_MAT_VEC q6_K m=1024 n=1 k=5120: 2 x 9.06 us = 18.12 us (1157.26 GFLOPS/s)
MUL_MAT_VEC q6_K m=12288 n=1 k=5120: 1 x 85.68 us = 85.68 us (1468.45 GFLOPS/s)
MUL_MAT_VEC q6_K m=17408 n=1 k=5120: 2 x 121.52 us = 243.04 us (1466.76 GFLOPS/s)
MUL_MAT_VEC q6_K m=98304 n=1 k=5120: 1 x 671.34 us = 671.34 us (1499.29 GFLOPS/s)
MUL_MAT_VEC q8_0 m=5120 n=1 k=10240: 1 x 100.92 us = 100.92 us (1038.97 GFLOPS/s)
PAD: 1 x 4.92 us = 4.92 us
RMS_NORM_MUL RMS_NORM(256,24,1,1): 1 x 3.6 us = 3.6 us
RMS_NORM_MUL RMS_NORM(256,4,1,1): 1 x 3.6 us = 3.6 us
RMS_NORM_MUL RMS_NORM(5120,1,1,1): 5 x 3.704 us = 18.52 us
ROPE: 2 x 3.54 us = 7.08 us
SET_ROWS: 2 x 2.62 us = 5.24 us
SIGMOID_MUL SIGMOID: 1 x 1.72 us = 1.72 us
TOP_K K=10 (98304,1,1,1): 1 x 8.96 us = 8.96 us
Total time: 1395.98 us.
----------------
Vulkan Timings:
CONCAT: 1 x 3.72 us = 3.72 us
CONT: 1 x 3.64 us = 3.64 us
FLASH_ATTN_EXT dst(256,24,1,1),  q(256,1,24,1),  k(256,256,4,1),  v(256,256,4,1),  m(256,1,1,1): 1 x 13 us = 13 us (483.958 GFLOPS/s)
GET_ROWS: 2 x 4.3 us = 8.6 us
GLU: 1 x 1.88 us = 1.88 us
MUL_MAT f32 m=256 n=24 k=256: 1 x 1.68 us = 1.68 us (1868.8 GFLOPS/s)
MUL_MAT f32 m=64 n=16 k=64: 1 x 3.64 us = 3.64 us (35.7275 GFLOPS/s)
MUL_MAT f32 m=64 n=96 k=64: 1 x 3.56 us = 3.56 us (219.182 GFLOPS/s)
MUL_MAT_ADD MUL_MAT_VEC q6_K m=5120 n=1 k=17408: 1 x 122.6 us = 122.6 us (1453.94 GFLOPS/s)
MUL_MAT_ADD MUL_MAT_VEC q6_K m=5120 n=1 k=6144: 1 x 53.24 us = 53.24 us (1181.62 GFLOPS/s)
MUL_MAT_VEC f32 m=256 n=4 k=256: 1 x 3 us = 3 us (174.421 GFLOPS/s)
MUL_MAT_VEC q6_K m=1024 n=1 k=5120: 2 x 9.16 us = 18.32 us (1144.62 GFLOPS/s)
MUL_MAT_VEC q6_K m=12288 n=1 k=5120: 1 x 85.56 us = 85.56 us (1470.51 GFLOPS/s)
MUL_MAT_VEC q6_K m=17408 n=1 k=5120: 2 x 121.44 us = 242.88 us (1467.72 GFLOPS/s)
MUL_MAT_VEC q6_K m=98304 n=1 k=5120: 1 x 674.48 us = 674.48 us (1492.31 GFLOPS/s)
MUL_MAT_VEC q8_0 m=5120 n=1 k=10240: 1 x 101.24 us = 101.24 us (1035.68 GFLOPS/s)
PAD: 1 x 6.28 us = 6.28 us
RMS_NORM_MUL RMS_NORM(256,24,1,1): 1 x 3.6 us = 3.6 us
RMS_NORM_MUL RMS_NORM(256,4,1,1): 1 x 3.6 us = 3.6 us
RMS_NORM_MUL RMS_NORM(5120,1,1,1): 5 x 3.728 us = 18.64 us
ROPE: 2 x 3.56 us = 7.12 us
SET_ROWS: 2 x 2.62 us = 5.24 us
SIGMOID_MUL SIGMOID: 1 x 1.64 us = 1.64 us
TOP_K K=10 (98304,1,1,1): 1 x 9.32 us = 9.32 us
Total time: 1396.48 us.
----------------
Vulkan Timings:
CONCAT: 1 x 3.76 us = 3.76 us
CONT: 1 x 3.6 us = 3.6 us
FLASH_ATTN_EXT dst(256,24,1,1),  q(256,1,24,1),  k(256,256,4,1),  v(256,256,4,1),  m(256,1,1,1): 1 x 12.72 us = 12.72 us (494.611 GFLOPS/s)
GET_ROWS: 2 x 4.28 us = 8.56 us
GLU: 1 x 1.72 us = 1.72 us
MUL_MAT f32 m=256 n=24 k=256: 1 x 1.64 us = 1.64 us (1914.38 GFLOPS/s)
MUL_MAT f32 m=64 n=16 k=64: 1 x 3.64 us = 3.64 us (35.7275 GFLOPS/s)
MUL_MAT f32 m=64 n=96 k=64: 1 x 3.64 us = 3.64 us (214.365 GFLOPS/s)
MUL_MAT_ADD MUL_MAT_VEC q6_K m=5120 n=1 k=17408: 1 x 124.56 us = 124.56 us (1431.06 GFLOPS/s)
MUL_MAT_ADD MUL_MAT_VEC q6_K m=5120 n=1 k=6144: 1 x 53.8 us = 53.8 us (1169.32 GFLOPS/s)
MUL_MAT_VEC f32 m=256 n=4 k=256: 1 x 3.04 us = 3.04 us (172.126 GFLOPS/s)
MUL_MAT_VEC q6_K m=1024 n=1 k=5120: 2 x 9.14 us = 18.28 us (1147.13 GFLOPS/s)
MUL_MAT_VEC q6_K m=12288 n=1 k=5120: 1 x 85.04 us = 85.04 us (1479.5 GFLOPS/s)
MUL_MAT_VEC q6_K m=17408 n=1 k=5120: 2 x 121.16 us = 242.32 us (1471.12 GFLOPS/s)
MUL_MAT_VEC q6_K m=98304 n=1 k=5120: 1 x 673.36 us = 673.36 us (1494.79 GFLOPS/s)
MUL_MAT_VEC q8_0 m=5120 n=1 k=10240: 1 x 101.16 us = 101.16 us (1036.5 GFLOPS/s)
PAD: 1 x 6.44 us = 6.44 us
RMS_NORM_MUL RMS_NORM(256,24,1,1): 1 x 3.64 us = 3.64 us
RMS_NORM_MUL RMS_NORM(256,4,1,1): 1 x 3.6 us = 3.6 us
RMS_NORM_MUL RMS_NORM(5120,1,1,1): 5 x 3.808 us = 19.04 us
ROPE: 2 x 3.62 us = 7.24 us
SET_ROWS: 2 x 2.68 us = 5.36 us
SIGMOID_MUL SIGMOID: 1 x 1.68 us = 1.68 us
TOP_K K=10 (98304,1,1,1): 1 x 8.28 us = 8.28 us
Total time: 1396.12 us.
----------------
Vulkan Timings:
ADD: 48 x 3.806 us = 182.72 us
CONCAT: 48 x 2.519 us = 120.92 us
CONT: 16 x 3.885 us = 62.16 us
CPY: 240 x 2.288 us = 549.12 us
FLASH_ATTN_EXT dst(256,24,5,1),  q(256,5,24,1),  k(256,256,4,1),  v(256,256,4,1),  m(256,5,1,1): 16 x 21.297 us = 340.76 us (1477.04 GFLOPS/s)
GDN_CACHE GATED_DELTA_NET: 48 x 13.948 us = 669.52 us
GET_ROWS: 50 x 26.963 us = 1348.16 us
GLU: 64 x 1.858 us = 118.92 us
MUL_MAT f32 m=256 n=120 k=256: 16 x 1.867 us = 29.88 us (8405.85 GFLOPS/s)
MUL_MAT f32 m=256 n=20 k=256: 16 x 3.027 us = 48.44 us (864.185 GFLOPS/s)
MUL_MAT f32 m=64 n=480 k=64: 16 x 3.672 us = 58.76 us (1062.34 GFLOPS/s)
MUL_MAT f32 m=64 n=80 k=64: 16 x 3.247 us = 51.96 us (200.228 GFLOPS/s)
MUL_MAT_ADD MUL_MAT_VEC q6_K m=5120 n=5 k=17408: 64 x 136.726 us = 8750.48 us (6518.6 GFLOPS/s)
MUL_MAT_ADD MUL_MAT_VEC q6_K m=5120 n=5 k=6144: 16 x 55.93 us = 894.88 us (5623.94 GFLOPS/s)
MUL_MAT_VEC f32 m=48 n=5 k=5120: 96 x 3.471 us = 333.28 us (707.833 GFLOPS/s)
MUL_MAT_VEC q6_K m=1024 n=5 k=5120: 32 x 9.666 us = 309.32 us (5423.37 GFLOPS/s)
MUL_MAT_VEC q6_K m=10240 n=5 k=5120: 48 x 81.559 us = 3914.84 us (6427.69 GFLOPS/s)
MUL_MAT_VEC q6_K m=12288 n=5 k=5120: 16 x 104.04 us = 1664.64 us (6046.56 GFLOPS/s)
MUL_MAT_VEC q6_K m=17408 n=5 k=5120: 128 x 142.676 us = 18262.6 us (6246.33 GFLOPS/s)
MUL_MAT_VEC q6_K m=248320 n=5 k=5120: 1 x 1753.52 us = 1753.52 us (7249.84 GFLOPS/s)
MUL_MAT_VEC q6_K m=6144 n=5 k=5120: 48 x 54.086 us = 2596.16 us (5815.52 GFLOPS/s)
MUL_MAT_VEC q8_0 m=5120 n=5 k=6144: 48 x 63.338 us = 3040.24 us (4966.14 GFLOPS/s)
RMS_NORM_MUL RMS_NORM(256,24,5,1): 16 x 4.027 us = 64.44 us
RMS_NORM_MUL RMS_NORM(256,4,5,1): 16 x 4.59 us = 73.44 us
RMS_NORM_MUL RMS_NORM(5120,5,1,1): 129 x 2.719 us = 350.84 us
RMS_NORM_MUL_SILU_MUL RMS_NORM(128,48,5,1): 48 x 5.763 us = 276.64 us
RMS_NORM_SCALE RMS_NORM(128,16,5,1): 96 x 2.662 us = 255.56 us
ROPE: 32 x 3.903 us = 124.92 us
SET_ROWS: 32 x 3.037 us = 97.2 us
SIGMOID_MUL SIGMOID: 16 x 1.697 us = 27.16 us
SSM_CONV_SILU SSM_CONV: 48 x 5.614 us = 269.48 us
Total time: 46640.9 us.
----------------
Vulkan Timings:
CONCAT: 1 x 1.96 us = 1.96 us
CONT: 1 x 3.84 us = 3.84 us
FLASH_ATTN_EXT dst(256,24,5,1),  q(256,5,24,1),  k(256,256,4,1),  v(256,256,4,1),  m(256,5,1,1): 1 x 21.72 us = 21.72 us (1448.31 GFLOPS/s)
GLU: 1 x 1.64 us = 1.64 us
MUL_MAT f32 m=256 n=120 k=256: 1 x 1.72 us = 1.72 us (9126.7 GFLOPS/s)
MUL_MAT f32 m=256 n=20 k=256: 1 x 3.2 us = 3.2 us (817.6 GFLOPS/s)
MUL_MAT f32 m=64 n=480 k=64: 1 x 3.88 us = 3.88 us (1005.53 GFLOPS/s)
MUL_MAT f32 m=64 n=80 k=64: 1 x 3.8 us = 3.8 us (171.116 GFLOPS/s)
MUL_MAT_ADD MUL_MAT_VEC q6_K m=5120 n=5 k=17408: 1 x 157.88 us = 157.88 us (5645.2 GFLOPS/s)
MUL_MAT_ADD MUL_MAT_VEC q6_K m=5120 n=5 k=6144: 1 x 61.28 us = 61.28 us (5132.95 GFLOPS/s)
MUL_MAT_VEC q6_K m=1024 n=5 k=5120: 2 x 11.42 us = 22.84 us (4590.51 GFLOPS/s)
MUL_MAT_VEC q6_K m=12288 n=5 k=5120: 1 x 118.96 us = 118.96 us (5288.2 GFLOPS/s)
MUL_MAT_VEC q6_K m=17408 n=5 k=5120: 2 x 134.6 us = 269.2 us (6621.12 GFLOPS/s)
MUL_MAT_VEC q8_0 m=5120 n=5 k=10240: 1 x 106.16 us = 106.16 us (4938.42 GFLOPS/s)
RMS_NORM_MUL RMS_NORM(256,24,5,1): 1 x 3.96 us = 3.96 us
RMS_NORM_MUL RMS_NORM(256,4,5,1): 1 x 3.76 us = 3.76 us
RMS_NORM_MUL RMS_NORM(5120,5,1,1): 5 x 8.446 us = 42.23 us
ROPE: 2 x 3.78 us = 7.56 us
SET_ROWS: 2 x 2.74 us = 5.48 us
SIGMOID_MUL SIGMOID: 1 x 1.84 us = 1.84 us
Total time: 842.91 us.
----------------
Vulkan Timings:
CONCAT: 1 x 3.72 us = 3.72 us
CONT: 1 x 3.56 us = 3.56 us
FLASH_ATTN_EXT dst(256,24,1,1),  q(256,1,24,1),  k(256,256,4,1),  v(256,256,4,1),  m(256,1,1,1): 1 x 12.6 us = 12.6 us (499.322 GFLOPS/s)
GET_ROWS: 2 x 4.2 us = 8.4 us
GLU: 1 x 1.56 us = 1.56 us
MUL_MAT f32 m=256 n=24 k=256: 1 x 1.52 us = 1.52 us (2065.52 GFLOPS/s)
MUL_MAT f32 m=64 n=16 k=64: 1 x 1.8 us = 1.8 us (72.2489 GFLOPS/s)
MUL_MAT f32 m=64 n=96 k=64: 1 x 3.28 us = 3.28 us (237.893 GFLOPS/s)
MUL_MAT_ADD MUL_MAT_VEC q6_K m=5120 n=1 k=17408: 1 x 130.76 us = 130.76 us (1363.21 GFLOPS/s)
MUL_MAT_ADD MUL_MAT_VEC q6_K m=5120 n=1 k=6144: 1 x 53.6 us = 53.6 us (1173.68 GFLOPS/s)
MUL_MAT_VEC f32 m=256 n=4 k=256: 1 x 3.08 us = 3.08 us (169.891 GFLOPS/s)
MUL_MAT_VEC q6_K m=1024 n=1 k=5120: 2 x 9.28 us = 18.56 us (1129.82 GFLOPS/s)
MUL_MAT_VEC q6_K m=12288 n=1 k=5120: 1 x 90.84 us = 90.84 us (1385.04 GFLOPS/s)
MUL_MAT_VEC q6_K m=17408 n=1 k=5120: 2 x 118.08 us = 236.16 us (1509.49 GFLOPS/s)
MUL_MAT_VEC q6_K m=98304 n=1 k=5120: 1 x 671.97 us = 671.97 us (1497.89 GFLOPS/s)
MUL_MAT_VEC q8_0 m=5120 n=1 k=10240: 1 x 91.36 us = 91.36 us (1147.68 GFLOPS/s)
PAD: 1 x 6.36 us = 6.36 us
RMS_NORM_MUL RMS_NORM(256,24,1,1): 1 x 3.24 us = 3.24 us
RMS_NORM_MUL RMS_NORM(256,4,1,1): 1 x 4.92 us = 4.92 us
RMS_NORM_MUL RMS_NORM(5120,1,1,1): 5 x 4.376 us = 21.88 us
ROPE: 2 x 3.38 us = 6.76 us
SET_ROWS: 2 x 2.62 us = 5.24 us
SIGMOID_MUL SIGMOID: 1 x 1.6 us = 1.6 us
TOP_K K=10 (98304,1,1,1): 1 x 9.16 us = 9.16 us
Total time: 1391.93 us.
----------------
Vulkan Timings:
CONCAT: 1 x 3.8 us = 3.8 us
CONT: 1 x 3.64 us = 3.64 us
FLASH_ATTN_EXT dst(256,24,1,1),  q(256,1,24,1),  k(256,256,4,1),  v(256,256,4,1),  m(256,1,1,1): 1 x 12.92 us = 12.92 us (486.955 GFLOPS/s)
GET_ROWS: 2 x 4.2 us = 8.4 us
GLU: 1 x 1.76 us = 1.76 us
MUL_MAT f32 m=256 n=24 k=256: 1 x 1.68 us = 1.68 us (1868.8 GFLOPS/s)
MUL_MAT f32 m=64 n=16 k=64: 1 x 3.6 us = 3.6 us (36.1244 GFLOPS/s)
MUL_MAT f32 m=64 n=96 k=64: 1 x 3.6 us = 3.6 us (216.747 GFLOPS/s)
MUL_MAT_ADD MUL_MAT_VEC q6_K m=5120 n=1 k=17408: 1 x 123.44 us = 123.44 us (1444.04 GFLOPS/s)
MUL_MAT_ADD MUL_MAT_VEC q6_K m=5120 n=1 k=6144: 1 x 54.24 us = 54.24 us (1159.83 GFLOPS/s)
MUL_MAT_VEC f32 m=256 n=4 k=256: 1 x 3.04 us = 3.04 us (172.126 GFLOPS/s)
MUL_MAT_VEC q6_K m=1024 n=1 k=5120: 2 x 9.24 us = 18.48 us (1134.71 GFLOPS/s)
MUL_MAT_VEC q6_K m=12288 n=1 k=5120: 1 x 85.92 us = 85.92 us (1464.35 GFLOPS/s)
MUL_MAT_VEC q6_K m=17408 n=1 k=5120: 2 x 121.5 us = 243 us (1467 GFLOPS/s)
MUL_MAT_VEC q6_K m=98304 n=1 k=5120: 1 x 671.36 us = 671.36 us (1499.25 GFLOPS/s)
MUL_MAT_VEC q8_0 m=5120 n=1 k=10240: 1 x 101.68 us = 101.68 us (1031.2 GFLOPS/s)
PAD: 1 x 6.4 us = 6.4 us
RMS_NORM_MUL RMS_NORM(256,24,1,1): 1 x 3.56 us = 3.56 us
RMS_NORM_MUL RMS_NORM(256,4,1,1): 1 x 3.64 us = 3.64 us
RMS_NORM_MUL RMS_NORM(5120,1,1,1): 5 x 3.688 us = 18.44 us
ROPE: 2 x 3.58 us = 7.16 us
SET_ROWS: 2 x 2.64 us = 5.28 us
SIGMOID_MUL SIGMOID: 1 x 1.68 us = 1.68 us
TOP_K K=10 (98304,1,1,1): 1 x 8.6 us = 8.6 us
Total time: 1395.32 us.
----------------
Vulkan Timings:
CONCAT: 1 x 3.72 us = 3.72 us
CONT: 1 x 3.6 us = 3.6 us
FLASH_ATTN_EXT dst(256,24,1,1),  q(256,1,24,1),  k(256,256,4,1),  v(256,256,4,1),  m(256,1,1,1): 1 x 12.96 us = 12.96 us (485.452 GFLOPS/s)
GET_ROWS: 2 x 4.28 us = 8.56 us
GLU: 1 x 1.76 us = 1.76 us
MUL_MAT f32 m=256 n=24 k=256: 1 x 1.6 us = 1.6 us (1962.24 GFLOPS/s)
MUL_MAT f32 m=64 n=16 k=64: 1 x 3.64 us = 3.64 us (35.7275 GFLOPS/s)
MUL_MAT f32 m=64 n=96 k=64: 1 x 3.6 us = 3.6 us (216.747 GFLOPS/s)
MUL_MAT_ADD MUL_MAT_VEC q6_K m=5120 n=1 k=17408: 1 x 123.52 us = 123.52 us (1443.11 GFLOPS/s)
MUL_MAT_ADD MUL_MAT_VEC q6_K m=5120 n=1 k=6144: 1 x 54.16 us = 54.16 us (1161.55 GFLOPS/s)
MUL_MAT_VEC f32 m=256 n=4 k=256: 1 x 3.04 us = 3.04 us (172.126 GFLOPS/s)
MUL_MAT_VEC q6_K m=1024 n=1 k=5120: 2 x 9.16 us = 18.32 us (1144.62 GFLOPS/s)
MUL_MAT_VEC q6_K m=12288 n=1 k=5120: 1 x 85.52 us = 85.52 us (1471.2 GFLOPS/s)
MUL_MAT_VEC q6_K m=17408 n=1 k=5120: 2 x 121.24 us = 242.48 us (1470.15 GFLOPS/s)
MUL_MAT_VEC q6_K m=98304 n=1 k=5120: 1 x 671.42 us = 671.42 us (1499.11 GFLOPS/s)
MUL_MAT_VEC q8_0 m=5120 n=1 k=10240: 1 x 100.88 us = 100.88 us (1039.38 GFLOPS/s)
PAD: 1 x 6.32 us = 6.32 us
RMS_NORM_MUL RMS_NORM(256,24,1,1): 1 x 3.6 us = 3.6 us
RMS_NORM_MUL RMS_NORM(256,4,1,1): 1 x 3.6 us = 3.6 us
RMS_NORM_MUL RMS_NORM(5120,1,1,1): 5 x 3.712 us = 18.56 us
ROPE: 2 x 3.58 us = 7.16 us
SET_ROWS: 2 x 2.62 us = 5.24 us
SIGMOID_MUL SIGMOID: 1 x 1.68 us = 1.68 us
TOP_K K=10 (98304,1,1,1): 1 x 9.04 us = 9.04 us
Total time: 1393.98 us.
----------------
Vulkan Timings:
CONCAT: 1 x 3.76 us = 3.76 us
CONT: 1 x 3.64 us = 3.64 us
FLASH_ATTN_EXT dst(256,24,1,1),  q(256,1,24,1),  k(256,256,4,1),  v(256,256,4,1),  m(256,1,1,1): 1 x 12.76 us = 12.76 us (493.061 GFLOPS/s)
GET_ROWS: 2 x 4.16 us = 8.32 us
GLU: 1 x 1.8 us = 1.8 us
MUL_MAT f32 m=256 n=24 k=256: 1 x 1.64 us = 1.64 us (1914.38 GFLOPS/s)
MUL_MAT f32 m=64 n=16 k=64: 1 x 3.6 us = 3.6 us (36.1244 GFLOPS/s)
MUL_MAT f32 m=64 n=96 k=64: 1 x 3.6 us = 3.6 us (216.747 GFLOPS/s)
MUL_MAT_ADD MUL_MAT_VEC q6_K m=5120 n=1 k=17408: 1 x 123.08 us = 123.08 us (1448.27 GFLOPS/s)
MUL_MAT_ADD MUL_MAT_VEC q6_K m=5120 n=1 k=6144: 1 x 53.92 us = 53.92 us (1166.72 GFLOPS/s)
MUL_MAT_VEC f32 m=256 n=4 k=256: 1 x 3.04 us = 3.04 us (172.126 GFLOPS/s)
MUL_MAT_VEC q6_K m=1024 n=1 k=5120: 2 x 9.08 us = 18.16 us (1154.71 GFLOPS/s)
MUL_MAT_VEC q6_K m=12288 n=1 k=5120: 1 x 85.68 us = 85.68 us (1468.45 GFLOPS/s)
MUL_MAT_VEC q6_K m=17408 n=1 k=5120: 2 x 121.2 us = 242.4 us (1470.63 GFLOPS/s)
MUL_MAT_VEC q6_K m=98304 n=1 k=5120: 1 x 671.31 us = 671.31 us (1499.36 GFLOPS/s)
MUL_MAT_VEC q8_0 m=5120 n=1 k=10240: 1 x 100.88 us = 100.88 us (1039.38 GFLOPS/s)
PAD: 1 x 6.36 us = 6.36 us
RMS_NORM_MUL RMS_NORM(256,24,1,1): 1 x 3.56 us = 3.56 us
RMS_NORM_MUL RMS_NORM(256,4,1,1): 1 x 3.6 us = 3.6 us
RMS_NORM_MUL RMS_NORM(5120,1,1,1): 5 x 3.672 us = 18.36 us
ROPE: 2 x 3.56 us = 7.12 us
SET_ROWS: 2 x 2.64 us = 5.28 us
SIGMOID_MUL SIGMOID: 1 x 1.68 us = 1.68 us
TOP_K K=10 (98304,1,1,1): 1 x 8.84 us = 8.84 us
Total time: 1392.39 us.
----------------
Vulkan Timings:
ADD: 48 x 3.832 us = 183.96 us
CONCAT: 48 x 2.575 us = 123.64 us
CONT: 16 x 3.915 us = 62.64 us
CPY: 240 x 2.263 us = 543.16 us
FLASH_ATTN_EXT dst(256,24,5,1),  q(256,5,24,1),  k(256,256,4,1),  v(256,256,4,1),  m(256,5,1,1): 16 x 21.345 us = 341.52 us (1473.75 GFLOPS/s)
GDN_CACHE GATED_DELTA_NET: 48 x 13.812 us = 663 us
GET_ROWS: 50 x 27.415 us = 1370.76 us
GLU: 64 x 1.862 us = 119.2 us
MUL_MAT f32 m=256 n=120 k=256: 16 x 1.84 us = 29.44 us (8531.48 GFLOPS/s)
MUL_MAT f32 m=256 n=20 k=256: 16 x 3.202 us = 51.24 us (816.962 GFLOPS/s)
MUL_MAT f32 m=64 n=480 k=64: 16 x 3.697 us = 59.16 us (1055.16 GFLOPS/s)
MUL_MAT f32 m=64 n=80 k=64: 16 x 3.275 us = 52.4 us (198.547 GFLOPS/s)
MUL_MAT_ADD MUL_MAT_VEC q6_K m=5120 n=5 k=17408: 64 x 137.13 us = 8776.36 us (6499.38 GFLOPS/s)
MUL_MAT_ADD MUL_MAT_VEC q6_K m=5120 n=5 k=6144: 16 x 56.227 us = 899.64 us (5594.19 GFLOPS/s)
MUL_MAT_VEC f32 m=48 n=5 k=5120: 96 x 3.519 us = 337.84 us (698.279 GFLOPS/s)
MUL_MAT_VEC q6_K m=1024 n=5 k=5120: 32 x 9.79 us = 313.28 us (5354.82 GFLOPS/s)
MUL_MAT_VEC q6_K m=10240 n=5 k=5120: 48 x 81.737 us = 3923.4 us (6413.66 GFLOPS/s)
MUL_MAT_VEC q6_K m=12288 n=5 k=5120: 16 x 104.16 us = 1666.56 us (6039.59 GFLOPS/s)
MUL_MAT_VEC q6_K m=17408 n=5 k=5120: 128 x 142.437 us = 18232 us (6256.8 GFLOPS/s)
MUL_MAT_VEC q6_K m=248320 n=5 k=5120: 1 x 1761.24 us = 1761.24 us (7218.06 GFLOPS/s)
MUL_MAT_VEC q6_K m=6144 n=5 k=5120: 48 x 54.293 us = 2606.08 us (5793.38 GFLOPS/s)
MUL_MAT_VEC q8_0 m=5120 n=5 k=6144: 48 x 63.257 us = 3036.36 us (4972.49 GFLOPS/s)
RMS_NORM_MUL RMS_NORM(256,24,5,1): 16 x 4.065 us = 65.04 us
RMS_NORM_MUL RMS_NORM(256,4,5,1): 16 x 4.607 us = 73.72 us
RMS_NORM_MUL RMS_NORM(5120,5,1,1): 129 x 2.732 us = 352.52 us
RMS_NORM_MUL_SILU_MUL RMS_NORM(128,48,5,1): 48 x 5.809 us = 278.84 us
RMS_NORM_SCALE RMS_NORM(128,16,5,1): 96 x 2.705 us = 259.72 us
ROPE: 32 x 3.948 us = 126.36 us
SET_ROWS: 32 x 3.07 us = 98.24 us
SIGMOID_MUL SIGMOID: 16 x 1.702 us = 27.24 us
SSM_CONV_SILU SSM_CONV: 48 x 5.678 us = 272.56 us
Total time: 46707.1 us.
----------------
Vulkan Timings:
CONCAT: 1 x 2.08 us = 2.08 us
CONT: 1 x 3.92 us = 3.92 us
FLASH_ATTN_EXT dst(256,24,5,1),  q(256,5,24,1),  k(256,256,4,1),  v(256,256,4,1),  m(256,5,1,1): 1 x 21.6 us = 21.6 us (1456.36 GFLOPS/s)
GLU: 1 x 1.6 us = 1.6 us
MUL_MAT f32 m=256 n=120 k=256: 1 x 1.88 us = 1.88 us (8349.96 GFLOPS/s)
MUL_MAT f32 m=256 n=20 k=256: 1 x 3.28 us = 3.28 us (797.659 GFLOPS/s)
MUL_MAT f32 m=64 n=480 k=64: 1 x 3.88 us = 3.88 us (1005.53 GFLOPS/s)
MUL_MAT f32 m=64 n=80 k=64: 1 x 3.92 us = 3.92 us (165.878 GFLOPS/s)
MUL_MAT_ADD MUL_MAT_VEC q6_K m=5120 n=5 k=17408: 1 x 157.8 us = 157.8 us (5648.06 GFLOPS/s)
MUL_MAT_ADD MUL_MAT_VEC q6_K m=5120 n=5 k=6144: 1 x 62.08 us = 62.08 us (5066.8 GFLOPS/s)
MUL_MAT_VEC q6_K m=1024 n=5 k=5120: 2 x 11.58 us = 23.16 us (4527.09 GFLOPS/s)
MUL_MAT_VEC q6_K m=12288 n=5 k=5120: 1 x 117.86 us = 117.86 us (5337.55 GFLOPS/s)
MUL_MAT_VEC q6_K m=17408 n=5 k=5120: 2 x 135.32 us = 270.64 us (6585.89 GFLOPS/s)
MUL_MAT_VEC q8_0 m=5120 n=5 k=10240: 1 x 106.48 us = 106.48 us (4923.58 GFLOPS/s)
RMS_NORM_MUL RMS_NORM(256,24,5,1): 1 x 3.96 us = 3.96 us
RMS_NORM_MUL RMS_NORM(256,4,5,1): 1 x 3.92 us = 3.92 us
RMS_NORM_MUL RMS_NORM(5120,5,1,1): 5 x 8.118 us = 40.59 us
ROPE: 2 x 3.88 us = 7.76 us
SET_ROWS: 2 x 2.8 us = 5.6 us
SIGMOID_MUL SIGMOID: 1 x 1.88 us = 1.88 us
Total time: 843.89 us.
----------------
Vulkan Timings:
CONCAT: 1 x 3.76 us = 3.76 us
CONT: 1 x 3.6 us = 3.6 us
FLASH_ATTN_EXT dst(256,24,1,1),  q(256,1,24,1),  k(256,256,4,1),  v(256,256,4,1),  m(256,1,1,1): 1 x 12.84 us = 12.84 us (489.989 GFLOPS/s)
GET_ROWS: 2 x 4.22 us = 8.44 us
GLU: 1 x 1.64 us = 1.64 us
MUL_MAT f32 m=256 n=24 k=256: 1 x 1.56 us = 1.56 us (2012.55 GFLOPS/s)
MUL_MAT f32 m=64 n=16 k=64: 1 x 1.88 us = 1.88 us (69.1745 GFLOPS/s)
MUL_MAT f32 m=64 n=96 k=64: 1 x 3.32 us = 3.32 us (235.027 GFLOPS/s)
MUL_MAT_ADD MUL_MAT_VEC q6_K m=5120 n=1 k=17408: 1 x 129.92 us = 129.92 us (1372.02 GFLOPS/s)
MUL_MAT_ADD MUL_MAT_VEC q6_K m=5120 n=1 k=6144: 1 x 54.08 us = 54.08 us (1163.27 GFLOPS/s)
MUL_MAT_VEC f32 m=256 n=4 k=256: 1 x 3.16 us = 3.16 us (165.59 GFLOPS/s)
MUL_MAT_VEC q6_K m=1024 n=1 k=5120: 2 x 9.38 us = 18.76 us (1117.78 GFLOPS/s)
MUL_MAT_VEC q6_K m=12288 n=1 k=5120: 1 x 90.2 us = 90.2 us (1394.87 GFLOPS/s)
MUL_MAT_VEC q6_K m=17408 n=1 k=5120: 2 x 117.94 us = 235.88 us (1511.28 GFLOPS/s)
MUL_MAT_VEC q6_K m=98304 n=1 k=5120: 1 x 671.4 us = 671.4 us (1499.16 GFLOPS/s)
MUL_MAT_VEC q8_0 m=5120 n=1 k=10240: 1 x 91.44 us = 91.44 us (1146.68 GFLOPS/s)
PAD: 1 x 6.4 us = 6.4 us
RMS_NORM_MUL RMS_NORM(256,24,1,1): 1 x 3.32 us = 3.32 us
RMS_NORM_MUL RMS_NORM(256,4,1,1): 1 x 5 us = 5 us
RMS_NORM_MUL RMS_NORM(5120,1,1,1): 5 x 4.496 us = 22.48 us
ROPE: 2 x 3.42 us = 6.84 us
SET_ROWS: 2 x 2.68 us = 5.36 us
SIGMOID_MUL SIGMOID: 1 x 1.56 us = 1.56 us
TOP_K K=10 (98304,1,1,1): 1 x 9 us = 9 us
Total time: 1391.84 us.
----------------
Vulkan Timings:
CONCAT: 1 x 3.72 us = 3.72 us
CONT: 1 x 3.6 us = 3.6 us
FLASH_ATTN_EXT dst(256,24,1,1),  q(256,1,24,1),  k(256,256,4,1),  v(256,256,4,1),  m(256,1,1,1): 1 x 12.96 us = 12.96 us (485.452 GFLOPS/s)
GET_ROWS: 2 x 4.28 us = 8.56 us
GLU: 1 x 1.88 us = 1.88 us
MUL_MAT f32 m=256 n=24 k=256: 1 x 1.64 us = 1.64 us (1914.38 GFLOPS/s)
MUL_MAT f32 m=64 n=16 k=64: 1 x 3.64 us = 3.64 us (35.7275 GFLOPS/s)
MUL_MAT f32 m=64 n=96 k=64: 1 x 3.6 us = 3.6 us (216.747 GFLOPS/s)
MUL_MAT_ADD MUL_MAT_VEC q6_K m=5120 n=1 k=17408: 1 x 123.24 us = 123.24 us (1446.39 GFLOPS/s)
MUL_MAT_ADD MUL_MAT_VEC q6_K m=5120 n=1 k=6144: 1 x 53.8 us = 53.8 us (1169.32 GFLOPS/s)
MUL_MAT_VEC f32 m=256 n=4 k=256: 1 x 3.04 us = 3.04 us (172.126 GFLOPS/s)
MUL_MAT_VEC q6_K m=1024 n=1 k=5120: 2 x 9.34 us = 18.68 us (1122.56 GFLOPS/s)
MUL_MAT_VEC q6_K m=12288 n=1 k=5120: 1 x 85.88 us = 85.88 us (1465.03 GFLOPS/s)
MUL_MAT_VEC q6_K m=17408 n=1 k=5120: 2 x 121.32 us = 242.64 us (1469.18 GFLOPS/s)
MUL_MAT_VEC q6_K m=98304 n=1 k=5120: 1 x 671.82 us = 671.82 us (1498.22 GFLOPS/s)
MUL_MAT_VEC q8_0 m=5120 n=1 k=10240: 1 x 101.6 us = 101.6 us (1032.01 GFLOPS/s)
PAD: 1 x 6.32 us = 6.32 us
RMS_NORM_MUL RMS_NORM(256,24,1,1): 1 x 3.64 us = 3.64 us
RMS_NORM_MUL RMS_NORM(256,4,1,1): 1 x 3.6 us = 3.6 us
RMS_NORM_MUL RMS_NORM(5120,1,1,1): 5 x 3.68 us = 18.4 us
ROPE: 2 x 3.58 us = 7.16 us
SET_ROWS: 2 x 2.66 us = 5.32 us
SIGMOID_MUL SIGMOID: 1 x 1.68 us = 1.68 us
TOP_K K=10 (98304,1,1,1): 1 x 8.72 us = 8.72 us
Total time: 1395.14 us.
----------------
Vulkan Timings:
CONCAT: 1 x 3.72 us = 3.72 us
CONT: 1 x 3.64 us = 3.64 us
FLASH_ATTN_EXT dst(256,24,1,1),  q(256,1,24,1),  k(256,256,4,1),  v(256,256,4,1),  m(256,1,1,1): 1 x 12.76 us = 12.76 us (493.061 GFLOPS/s)
GET_ROWS: 2 x 5.88 us = 11.76 us
GLU: 1 x 1.76 us = 1.76 us
MUL_MAT f32 m=256 n=24 k=256: 1 x 1.6 us = 1.6 us (1962.24 GFLOPS/s)
MUL_MAT f32 m=64 n=16 k=64: 1 x 3.6 us = 3.6 us (36.1244 GFLOPS/s)
MUL_MAT f32 m=64 n=96 k=64: 1 x 3.64 us = 3.64 us (214.365 GFLOPS/s)
MUL_MAT_ADD MUL_MAT_VEC q6_K m=5120 n=1 k=17408: 1 x 123.28 us = 123.28 us (1445.92 GFLOPS/s)
MUL_MAT_ADD MUL_MAT_VEC q6_K m=5120 n=1 k=6144: 1 x 53.84 us = 53.84 us (1168.45 GFLOPS/s)
MUL_MAT_VEC f32 m=256 n=4 k=256: 1 x 3.04 us = 3.04 us (172.126 GFLOPS/s)
MUL_MAT_VEC q6_K m=1024 n=1 k=5120: 2 x 9.22 us = 18.44 us (1137.17 GFLOPS/s)
MUL_MAT_VEC q6_K m=12288 n=1 k=5120: 1 x 85.36 us = 85.36 us (1473.96 GFLOPS/s)
MUL_MAT_VEC q6_K m=17408 n=1 k=5120: 2 x 121.5 us = 243 us (1467 GFLOPS/s)
MUL_MAT_VEC q6_K m=98304 n=1 k=5120: 1 x 670.64 us = 670.64 us (1500.86 GFLOPS/s)
MUL_MAT_VEC q8_0 m=5120 n=1 k=10240: 1 x 101.4 us = 101.4 us (1034.05 GFLOPS/s)
PAD: 1 x 4.88 us = 4.88 us
RMS_NORM_MUL RMS_NORM(256,24,1,1): 1 x 3.6 us = 3.6 us
RMS_NORM_MUL RMS_NORM(256,4,1,1): 1 x 3.56 us = 3.56 us
RMS_NORM_MUL RMS_NORM(5120,1,1,1): 5 x 3.736 us = 18.68 us
ROPE: 2 x 3.56 us = 7.12 us
SET_ROWS: 2 x 2.66 us = 5.32 us
SIGMOID_MUL SIGMOID: 1 x 1.72 us = 1.72 us
TOP_K K=10 (98304,1,1,1): 1 x 8.88 us = 8.88 us
Total time: 1395.24 us.
----------------
Vulkan Timings:
CONCAT: 1 x 3.8 us = 3.8 us
CONT: 1 x 3.6 us = 3.6 us
FLASH_ATTN_EXT dst(256,24,1,1),  q(256,1,24,1),  k(256,256,4,1),  v(256,256,4,1),  m(256,1,1,1): 1 x 12.76 us = 12.76 us (493.061 GFLOPS/s)
GET_ROWS: 2 x 4.2 us = 8.4 us
GLU: 1 x 1.88 us = 1.88 us
MUL_MAT f32 m=256 n=24 k=256: 1 x 1.68 us = 1.68 us (1868.8 GFLOPS/s)
MUL_MAT f32 m=64 n=16 k=64: 1 x 3.6 us = 3.6 us (36.1244 GFLOPS/s)
MUL_MAT f32 m=64 n=96 k=64: 1 x 3.56 us = 3.56 us (219.182 GFLOPS/s)
MUL_MAT_ADD MUL_MAT_VEC q6_K m=5120 n=1 k=17408: 1 x 125.48 us = 125.48 us (1420.57 GFLOPS/s)
MUL_MAT_ADD MUL_MAT_VEC q6_K m=5120 n=1 k=6144: 1 x 53.8 us = 53.8 us (1169.32 GFLOPS/s)
MUL_MAT_VEC f32 m=256 n=4 k=256: 1 x 3.04 us = 3.04 us (172.126 GFLOPS/s)
MUL_MAT_VEC q6_K m=1024 n=1 k=5120: 2 x 9.14 us = 18.28 us (1147.13 GFLOPS/s)
MUL_MAT_VEC q6_K m=12288 n=1 k=5120: 1 x 85.92 us = 85.92 us (1464.35 GFLOPS/s)
MUL_MAT_VEC q6_K m=17408 n=1 k=5120: 2 x 121.56 us = 243.12 us (1466.28 GFLOPS/s)
MUL_MAT_VEC q6_K m=98304 n=1 k=5120: 1 x 670.67 us = 670.67 us (1500.79 GFLOPS/s)
MUL_MAT_VEC q8_0 m=5120 n=1 k=10240: 1 x 101.76 us = 101.76 us (1030.39 GFLOPS/s)
PAD: 1 x 6.32 us = 6.32 us
RMS_NORM_MUL RMS_NORM(256,24,1,1): 1 x 3.64 us = 3.64 us
RMS_NORM_MUL RMS_NORM(256,4,1,1): 1 x 3.64 us = 3.64 us
RMS_NORM_MUL RMS_NORM(5120,1,1,1): 5 x 3.704 us = 18.52 us
ROPE: 2 x 3.58 us = 7.16 us
SET_ROWS: 2 x 2.68 us = 5.36 us
SIGMOID_MUL SIGMOID: 1 x 1.68 us = 1.68 us
TOP_K K=10 (98304,1,1,1): 1 x 8.92 us = 8.92 us
Total time: 1396.59 us.
----------------
Vulkan Timings:
ADD: 48 x 3.825 us = 183.6 us
CONCAT: 48 x 2.467 us = 118.44 us
CONT: 16 x 3.895 us = 62.32 us
CPY: 240 x 2.251 us = 540.44 us
FLASH_ATTN_EXT dst(256,24,5,1),  q(256,5,24,1),  k(256,256,4,1),  v(256,256,4,1),  m(256,5,1,1): 16 x 21.462 us = 343.4 us (1465.69 GFLOPS/s)
GDN_CACHE GATED_DELTA_NET: 48 x 13.917 us = 668.04 us
GET_ROWS: 50 x 27.18 us = 1359 us
GLU: 64 x 1.856 us = 118.84 us
MUL_MAT f32 m=256 n=120 k=256: 16 x 1.832 us = 29.32 us (8566.4 GFLOPS/s)
MUL_MAT f32 m=256 n=20 k=256: 16 x 3.177 us = 50.84 us (823.389 GFLOPS/s)
MUL_MAT f32 m=64 n=480 k=64: 16 x 3.68 us = 58.88 us (1060.17 GFLOPS/s)
MUL_MAT f32 m=64 n=80 k=64: 16 x 3.265 us = 52.24 us (199.155 GFLOPS/s)
MUL_MAT_ADD MUL_MAT_VEC q6_K m=5120 n=5 k=17408: 64 x 137.085 us = 8773.48 us (6501.51 GFLOPS/s)
MUL_MAT_ADD MUL_MAT_VEC q6_K m=5120 n=5 k=6144: 16 x 56.035 us = 896.56 us (5613.41 GFLOPS/s)
MUL_MAT_VEC f32 m=48 n=5 k=5120: 96 x 3.509 us = 336.92 us (700.186 GFLOPS/s)
MUL_MAT_VEC q6_K m=1024 n=5 k=5120: 32 x 9.743 us = 311.8 us (5380.24 GFLOPS/s)
MUL_MAT_VEC q6_K m=10240 n=5 k=5120: 48 x 81.711 us = 3922.16 us (6415.69 GFLOPS/s)
MUL_MAT_VEC q6_K m=12288 n=5 k=5120: 16 x 104.322 us = 1669.16 us (6030.19 GFLOPS/s)
MUL_MAT_VEC q6_K m=17408 n=5 k=5120: 128 x 142.873 us = 18287.8 us (6237.72 GFLOPS/s)
MUL_MAT_VEC q6_K m=248320 n=5 k=5120: 1 x 1755.6 us = 1755.6 us (7241.25 GFLOPS/s)
MUL_MAT_VEC q6_K m=6144 n=5 k=5120: 48 x 54.203 us = 2601.76 us (5803 GFLOPS/s)
MUL_MAT_VEC q8_0 m=5120 n=5 k=6144: 48 x 63.267 us = 3036.84 us (4971.7 GFLOPS/s)
RMS_NORM_MUL RMS_NORM(256,24,5,1): 16 x 4.035 us = 64.56 us
RMS_NORM_MUL RMS_NORM(256,4,5,1): 16 x 4.59 us = 73.44 us
RMS_NORM_MUL RMS_NORM(5120,5,1,1): 129 x 2.679 us = 345.68 us
RMS_NORM_MUL_SILU_MUL RMS_NORM(128,48,5,1): 48 x 5.787 us = 277.8 us
RMS_NORM_SCALE RMS_NORM(128,16,5,1): 96 x 2.749 us = 263.92 us
ROPE: 32 x 3.918 us = 125.4 us
SET_ROWS: 32 x 2.997 us = 95.92 us
SIGMOID_MUL SIGMOID: 16 x 1.705 us = 27.28 us
SSM_CONV_SILU SSM_CONV: 48 x 5.823 us = 279.52 us
Total time: 46730.9 us.
----------------
Vulkan Timings:
CONCAT: 1 x 2.04 us = 2.04 us
CONT: 1 x 3.84 us = 3.84 us
FLASH_ATTN_EXT dst(256,24,5,1),  q(256,5,24,1),  k(256,256,4,1),  v(256,256,4,1),  m(256,5,1,1): 1 x 22.16 us = 22.16 us (1419.55 GFLOPS/s)
GLU: 1 x 1.56 us = 1.56 us
MUL_MAT f32 m=256 n=120 k=256: 1 x 1.8 us = 1.8 us (8721.07 GFLOPS/s)
MUL_MAT f32 m=256 n=20 k=256: 1 x 3.28 us = 3.28 us (797.659 GFLOPS/s)
MUL_MAT f32 m=64 n=480 k=64: 1 x 3.84 us = 3.84 us (1016 GFLOPS/s)
MUL_MAT f32 m=64 n=80 k=64: 1 x 3.96 us = 3.96 us (164.202 GFLOPS/s)
MUL_MAT_ADD MUL_MAT_VEC q6_K m=5120 n=5 k=17408: 1 x 156.12 us = 156.12 us (5708.84 GFLOPS/s)
MUL_MAT_ADD MUL_MAT_VEC q6_K m=5120 n=5 k=6144: 1 x 62.08 us = 62.08 us (5066.8 GFLOPS/s)
MUL_MAT_VEC q6_K m=1024 n=5 k=5120: 2 x 11.56 us = 23.12 us (4534.92 GFLOPS/s)
MUL_MAT_VEC q6_K m=12288 n=5 k=5120: 1 x 118.29 us = 118.29 us (5318.15 GFLOPS/s)
MUL_MAT_VEC q6_K m=17408 n=5 k=5120: 2 x 134.38 us = 268.76 us (6631.96 GFLOPS/s)
MUL_MAT_VEC q8_0 m=5120 n=5 k=10240: 1 x 106.28 us = 106.28 us (4932.84 GFLOPS/s)
RMS_NORM_MUL RMS_NORM(256,24,5,1): 1 x 4.04 us = 4.04 us
RMS_NORM_MUL RMS_NORM(256,4,5,1): 1 x 3.88 us = 3.88 us
RMS_NORM_MUL RMS_NORM(5120,5,1,1): 5 x 12.416 us = 62.08 us
ROPE: 2 x 3.94 us = 7.88 us
SET_ROWS: 2 x 2.82 us = 5.64 us
SIGMOID_MUL SIGMOID: 1 x 1.88 us = 1.88 us
Total time: 862.53 us.
----------------
Vulkan Timings:
CONCAT: 1 x 3.72 us = 3.72 us
CONT: 1 x 3.6 us = 3.6 us
FLASH_ATTN_EXT dst(256,24,1,1),  q(256,1,24,1),  k(256,256,4,1),  v(256,256,4,1),  m(256,1,1,1): 1 x 12.88 us = 12.88 us (488.467 GFLOPS/s)
GET_ROWS: 2 x 4.36 us = 8.72 us
GLU: 1 x 1.72 us = 1.72 us
MUL_MAT f32 m=256 n=24 k=256: 1 x 1.56 us = 1.56 us (2012.55 GFLOPS/s)
MUL_MAT f32 m=64 n=16 k=64: 1 x 1.88 us = 1.88 us (69.1745 GFLOPS/s)
MUL_MAT f32 m=64 n=96 k=64: 1 x 3.32 us = 3.32 us (235.027 GFLOPS/s)
MUL_MAT_ADD MUL_MAT_VEC q6_K m=5120 n=1 k=17408: 1 x 129.48 us = 129.48 us (1376.68 GFLOPS/s)
MUL_MAT_ADD MUL_MAT_VEC q6_K m=5120 n=1 k=6144: 1 x 54 us = 54 us (1164.99 GFLOPS/s)
MUL_MAT_VEC f32 m=256 n=4 k=256: 1 x 3.12 us = 3.12 us (167.713 GFLOPS/s)
MUL_MAT_VEC q6_K m=1024 n=1 k=5120: 2 x 9.38 us = 18.76 us (1117.78 GFLOPS/s)
MUL_MAT_VEC q6_K m=12288 n=1 k=5120: 1 x 90.4 us = 90.4 us (1391.78 GFLOPS/s)
MUL_MAT_VEC q6_K m=17408 n=1 k=5120: 2 x 118.26 us = 236.52 us (1507.19 GFLOPS/s)
MUL_MAT_VEC q6_K m=98304 n=1 k=5120: 1 x 671.47 us = 671.47 us (1499 GFLOPS/s)
MUL_MAT_VEC q8_0 m=5120 n=1 k=10240: 1 x 91.4 us = 91.4 us (1147.18 GFLOPS/s)
PAD: 1 x 6.44 us = 6.44 us
RMS_NORM_MUL RMS_NORM(256,24,1,1): 1 x 3.28 us = 3.28 us
RMS_NORM_MUL RMS_NORM(256,4,1,1): 1 x 4.96 us = 4.96 us
RMS_NORM_MUL RMS_NORM(5120,1,1,1): 5 x 4.296 us = 21.48 us
ROPE: 2 x 3.44 us = 6.88 us
SET_ROWS: 2 x 2.66 us = 5.32 us
SIGMOID_MUL SIGMOID: 1 x 1.56 us = 1.56 us
TOP_K K=10 (98304,1,1,1): 1 x 9 us = 9 us
Total time: 1391.47 us.
----------------
Vulkan Timings:
CONCAT: 1 x 3.76 us = 3.76 us
CONT: 1 x 3.64 us = 3.64 us
FLASH_ATTN_EXT dst(256,24,1,1),  q(256,1,24,1),  k(256,256,4,1),  v(256,256,4,1),  m(256,1,1,1): 1 x 13.08 us = 13.08 us (480.998 GFLOPS/s)
GET_ROWS: 2 x 4.3 us = 8.6 us
GLU: 1 x 1.72 us = 1.72 us
MUL_MAT f32 m=256 n=24 k=256: 1 x 1.64 us = 1.64 us (1914.38 GFLOPS/s)
MUL_MAT f32 m=64 n=16 k=64: 1 x 3.64 us = 3.64 us (35.7275 GFLOPS/s)
MUL_MAT f32 m=64 n=96 k=64: 1 x 3.64 us = 3.64 us (214.365 GFLOPS/s)
MUL_MAT_ADD MUL_MAT_VEC q6_K m=5120 n=1 k=17408: 1 x 125.2 us = 125.2 us (1423.74 GFLOPS/s)
MUL_MAT_ADD MUL_MAT_VEC q6_K m=5120 n=1 k=6144: 1 x 54.48 us = 54.48 us (1154.73 GFLOPS/s)
MUL_MAT_VEC f32 m=256 n=4 k=256: 1 x 3.04 us = 3.04 us (172.126 GFLOPS/s)
MUL_MAT_VEC q6_K m=1024 n=1 k=5120: 2 x 9.06 us = 18.12 us (1157.26 GFLOPS/s)
MUL_MAT_VEC q6_K m=12288 n=1 k=5120: 1 x 85.4 us = 85.4 us (1473.27 GFLOPS/s)
MUL_MAT_VEC q6_K m=17408 n=1 k=5120: 2 x 124.16 us = 248.32 us (1435.57 GFLOPS/s)
MUL_MAT_VEC q6_K m=98304 n=1 k=5120: 1 x 672.21 us = 672.21 us (1497.35 GFLOPS/s)
MUL_MAT_VEC q8_0 m=5120 n=1 k=10240: 1 x 101.44 us = 101.44 us (1033.64 GFLOPS/s)
PAD: 1 x 6.28 us = 6.28 us
RMS_NORM_MUL RMS_NORM(256,24,1,1): 1 x 3.6 us = 3.6 us
RMS_NORM_MUL RMS_NORM(256,4,1,1): 1 x 3.6 us = 3.6 us
RMS_NORM_MUL RMS_NORM(5120,1,1,1): 5 x 3.752 us = 18.76 us
ROPE: 2 x 3.6 us = 7.2 us
SET_ROWS: 2 x 2.66 us = 5.32 us
SIGMOID_MUL SIGMOID: 1 x 1.72 us = 1.72 us
TOP_K K=10 (98304,1,1,1): 1 x 9.08 us = 9.08 us
Total time: 1403.49 us.
----------------
Vulkan Timings:
CONCAT: 1 x 3.76 us = 3.76 us
CONT: 1 x 3.6 us = 3.6 us
FLASH_ATTN_EXT dst(256,24,1,1),  q(256,1,24,1),  k(256,256,4,1),  v(256,256,4,1),  m(256,1,1,1): 1 x 12.8 us = 12.8 us (491.52 GFLOPS/s)
GET_ROWS: 2 x 4.2 us = 8.4 us
GLU: 1 x 1.84 us = 1.84 us
MUL_MAT f32 m=256 n=24 k=256: 1 x 1.68 us = 1.68 us (1868.8 GFLOPS/s)
MUL_MAT f32 m=64 n=16 k=64: 1 x 3.64 us = 3.64 us (35.7275 GFLOPS/s)
MUL_MAT f32 m=64 n=96 k=64: 1 x 3.6 us = 3.6 us (216.747 GFLOPS/s)
MUL_MAT_ADD MUL_MAT_VEC q6_K m=5120 n=1 k=17408: 1 x 124.08 us = 124.08 us (1436.6 GFLOPS/s)
MUL_MAT_ADD MUL_MAT_VEC q6_K m=5120 n=1 k=6144: 1 x 54.16 us = 54.16 us (1161.55 GFLOPS/s)
MUL_MAT_VEC f32 m=256 n=4 k=256: 1 x 3.04 us = 3.04 us (172.126 GFLOPS/s)
MUL_MAT_VEC q6_K m=1024 n=1 k=5120: 2 x 9.08 us = 18.16 us (1154.71 GFLOPS/s)
MUL_MAT_VEC q6_K m=12288 n=1 k=5120: 1 x 85.8 us = 85.8 us (1466.4 GFLOPS/s)
MUL_MAT_VEC q6_K m=17408 n=1 k=5120: 2 x 121.16 us = 242.32 us (1471.12 GFLOPS/s)
MUL_MAT_VEC q6_K m=98304 n=1 k=5120: 1 x 670.82 us = 670.82 us (1500.45 GFLOPS/s)
MUL_MAT_VEC q8_0 m=5120 n=1 k=10240: 1 x 100.96 us = 100.96 us (1038.55 GFLOPS/s)
PAD: 1 x 6.32 us = 6.32 us
RMS_NORM_MUL RMS_NORM(256,24,1,1): 1 x 3.6 us = 3.6 us
RMS_NORM_MUL RMS_NORM(256,4,1,1): 1 x 3.6 us = 3.6 us
RMS_NORM_MUL RMS_NORM(5120,1,1,1): 5 x 3.704 us = 18.52 us
ROPE: 2 x 3.58 us = 7.16 us
SET_ROWS: 2 x 2.66 us = 5.32 us
SIGMOID_MUL SIGMOID: 1 x 1.68 us = 1.68 us
TOP_K K=10 (98304,1,1,1): 1 x 9 us = 9 us
Total time: 1393.86 us.
----------------
Vulkan Timings:
CONCAT: 1 x 3.76 us = 3.76 us
CONT: 1 x 3.64 us = 3.64 us
FLASH_ATTN_EXT dst(256,24,1,1),  q(256,1,24,1),  k(256,256,4,1),  v(256,256,4,1),  m(256,1,1,1): 1 x 12.92 us = 12.92 us (486.955 GFLOPS/s)
GET_ROWS: 2 x 4.3 us = 8.6 us
GLU: 1 x 1.84 us = 1.84 us
MUL_MAT f32 m=256 n=24 k=256: 1 x 1.68 us = 1.68 us (1868.8 GFLOPS/s)
MUL_MAT f32 m=64 n=16 k=64: 1 x 3.64 us = 3.64 us (35.7275 GFLOPS/s)
MUL_MAT f32 m=64 n=96 k=64: 1 x 3.64 us = 3.64 us (214.365 GFLOPS/s)
MUL_MAT_ADD MUL_MAT_VEC q6_K m=5120 n=1 k=17408: 1 x 122.96 us = 122.96 us (1449.68 GFLOPS/s)
MUL_MAT_ADD MUL_MAT_VEC q6_K m=5120 n=1 k=6144: 1 x 53.88 us = 53.88 us (1167.58 GFLOPS/s)
MUL_MAT_VEC f32 m=256 n=4 k=256: 1 x 3.04 us = 3.04 us (172.126 GFLOPS/s)
MUL_MAT_VEC q6_K m=1024 n=1 k=5120: 2 x 6 us = 12 us (1747.46 GFLOPS/s)
MUL_MAT_VEC q6_K m=12288 n=1 k=5120: 1 x 92.76 us = 92.76 us (1356.37 GFLOPS/s)
MUL_MAT_VEC q6_K m=17408 n=1 k=5120: 2 x 121.34 us = 242.68 us (1468.93 GFLOPS/s)
MUL_MAT_VEC q6_K m=98304 n=1 k=5120: 1 x 670.64 us = 670.64 us (1500.86 GFLOPS/s)
MUL_MAT_VEC q8_0 m=5120 n=1 k=10240: 1 x 101.08 us = 101.08 us (1037.32 GFLOPS/s)
PAD: 1 x 6.36 us = 6.36 us
RMS_NORM_MUL RMS_NORM(256,24,1,1): 1 x 3.64 us = 3.64 us
RMS_NORM_MUL RMS_NORM(256,4,1,1): 1 x 3.64 us = 3.64 us
RMS_NORM_MUL RMS_NORM(5120,1,1,1): 5 x 3.8 us = 19 us
ROPE: 2 x 3.6 us = 7.2 us
SET_ROWS: 2 x 2.64 us = 5.28 us
SIGMOID_MUL SIGMOID: 1 x 1.72 us = 1.72 us
TOP_K K=10 (98304,1,1,1): 1 x 9.28 us = 9.28 us
Total time: 1394.88 us.
----------------
Vulkan Timings:
ADD: 48 x 3.828 us = 183.76 us
CONCAT: 48 x 2.435 us = 116.92 us
CONT: 16 x 3.917 us = 62.68 us
CPY: 240 x 2.271 us = 545.24 us
FLASH_ATTN_EXT dst(256,24,5,1),  q(256,5,24,1),  k(256,256,4,1),  v(256,256,4,1),  m(256,5,1,1): 16 x 21.487 us = 343.8 us (1463.98 GFLOPS/s)
GDN_CACHE GATED_DELTA_NET: 48 x 13.83 us = 663.88 us
GET_ROWS: 50 x 27.421 us = 1371.08 us
GLU: 64 x 1.867 us = 119.52 us
MUL_MAT f32 m=256 n=120 k=256: 16 x 1.86 us = 29.76 us (8439.74 GFLOPS/s)
MUL_MAT f32 m=256 n=20 k=256: 16 x 3.042 us = 48.68 us (859.924 GFLOPS/s)
MUL_MAT f32 m=64 n=480 k=64: 16 x 3.697 us = 59.16 us (1055.16 GFLOPS/s)
MUL_MAT f32 m=64 n=80 k=64: 16 x 3.44 us = 55.04 us (189.023 GFLOPS/s)
MUL_MAT_ADD MUL_MAT_VEC q6_K m=5120 n=5 k=17408: 64 x 137.288 us = 8786.48 us (6491.89 GFLOPS/s)
MUL_MAT_ADD MUL_MAT_VEC q6_K m=5120 n=5 k=6144: 16 x 55.957 us = 895.32 us (5621.18 GFLOPS/s)
MUL_MAT_VEC f32 m=48 n=5 k=5120: 96 x 3.518 us = 337.76 us (698.444 GFLOPS/s)
MUL_MAT_VEC q6_K m=1024 n=5 k=5120: 32 x 9.735 us = 311.52 us (5385.07 GFLOPS/s)
MUL_MAT_VEC q6_K m=10240 n=5 k=5120: 48 x 81.68 us = 3920.68 us (6418.11 GFLOPS/s)
MUL_MAT_VEC q6_K m=12288 n=5 k=5120: 16 x 104.175 us = 1666.8 us (6038.72 GFLOPS/s)
MUL_MAT_VEC q6_K m=17408 n=5 k=5120: 128 x 142.438 us = 18232.1 us (6256.77 GFLOPS/s)
MUL_MAT_VEC q6_K m=248320 n=5 k=5120: 1 x 1769.92 us = 1769.92 us (7182.66 GFLOPS/s)
MUL_MAT_VEC q6_K m=6144 n=5 k=5120: 48 x 54.189 us = 2601.08 us (5804.52 GFLOPS/s)
MUL_MAT_VEC q8_0 m=5120 n=5 k=6144: 48 x 63.401 us = 3043.28 us (4961.18 GFLOPS/s)
RMS_NORM_MUL RMS_NORM(256,24,5,1): 16 x 4.05 us = 64.8 us
RMS_NORM_MUL RMS_NORM(256,4,5,1): 16 x 4.44 us = 71.04 us
RMS_NORM_MUL RMS_NORM(5120,5,1,1): 129 x 2.747 us = 354.48 us
RMS_NORM_MUL_SILU_MUL RMS_NORM(128,48,5,1): 48 x 5.806 us = 278.72 us
RMS_NORM_SCALE RMS_NORM(128,16,5,1): 96 x 2.707 us = 259.88 us
ROPE: 32 x 3.931 us = 125.8 us
SET_ROWS: 32 x 3.078 us = 98.52 us
SIGMOID_MUL SIGMOID: 16 x 1.712 us = 27.4 us
SSM_CONV_SILU SSM_CONV: 48 x 5.778 us = 277.36 us
Total time: 46722.4 us.
----------------
Vulkan Timings:
CONCAT: 1 x 2 us = 2 us
CONT: 1 x 3.92 us = 3.92 us
FLASH_ATTN_EXT dst(256,24,5,1),  q(256,5,24,1),  k(256,256,4,1),  v(256,256,4,1),  m(256,5,1,1): 1 x 22.24 us = 22.24 us (1414.45 GFLOPS/s)
GLU: 1 x 1.64 us = 1.64 us
MUL_MAT f32 m=256 n=120 k=256: 1 x 1.8 us = 1.8 us (8721.07 GFLOPS/s)
MUL_MAT f32 m=256 n=20 k=256: 1 x 3.28 us = 3.28 us (797.659 GFLOPS/s)
MUL_MAT f32 m=64 n=480 k=64: 1 x 3.96 us = 3.96 us (985.212 GFLOPS/s)
MUL_MAT f32 m=64 n=80 k=64: 1 x 3.88 us = 3.88 us (167.588 GFLOPS/s)
MUL_MAT_ADD MUL_MAT_VEC q6_K m=5120 n=5 k=17408: 1 x 157.36 us = 157.36 us (5663.85 GFLOPS/s)
MUL_MAT_ADD MUL_MAT_VEC q6_K m=5120 n=5 k=6144: 1 x 61.96 us = 61.96 us (5076.62 GFLOPS/s)
MUL_MAT_VEC q6_K m=1024 n=5 k=5120: 2 x 11.54 us = 23.08 us (4542.78 GFLOPS/s)
MUL_MAT_VEC q6_K m=12288 n=5 k=5120: 1 x 118.06 us = 118.06 us (5328.51 GFLOPS/s)
MUL_MAT_VEC q6_K m=17408 n=5 k=5120: 2 x 135.32 us = 270.64 us (6585.89 GFLOPS/s)
MUL_MAT_VEC q8_0 m=5120 n=5 k=10240: 1 x 108.08 us = 108.08 us (4850.69 GFLOPS/s)
RMS_NORM_MUL RMS_NORM(256,24,5,1): 1 x 4.04 us = 4.04 us
RMS_NORM_MUL RMS_NORM(256,4,5,1): 1 x 3.88 us = 3.88 us
RMS_NORM_MUL RMS_NORM(5120,5,1,1): 5 x 8.07 us = 40.35 us
ROPE: 2 x 3.92 us = 7.84 us
SET_ROWS: 2 x 2.84 us = 5.68 us
SIGMOID_MUL SIGMOID: 1 x 1.88 us = 1.88 us
Total time: 845.57 us.
----------------
Vulkan Timings:
CONCAT: 1 x 3.84 us = 3.84 us
CONT: 1 x 3.68 us = 3.68 us
FLASH_ATTN_EXT dst(256,24,1,1),  q(256,1,24,1),  k(256,256,4,1),  v(256,256,4,1),  m(256,1,1,1): 1 x 12.96 us = 12.96 us (485.452 GFLOPS/s)
GET_ROWS: 2 x 4.24 us = 8.48 us
GLU: 1 x 1.64 us = 1.64 us
MUL_MAT f32 m=256 n=24 k=256: 1 x 1.52 us = 1.52 us (2065.52 GFLOPS/s)
MUL_MAT f32 m=64 n=16 k=64: 1 x 1.88 us = 1.88 us (69.1745 GFLOPS/s)
MUL_MAT f32 m=64 n=96 k=64: 1 x 3.32 us = 3.32 us (235.027 GFLOPS/s)
MUL_MAT_ADD MUL_MAT_VEC q6_K m=5120 n=1 k=17408: 1 x 130.92 us = 130.92 us (1361.54 GFLOPS/s)
MUL_MAT_ADD MUL_MAT_VEC q6_K m=5120 n=1 k=6144: 1 x 54.96 us = 54.96 us (1144.64 GFLOPS/s)
MUL_MAT_VEC f32 m=256 n=4 k=256: 1 x 3.16 us = 3.16 us (165.59 GFLOPS/s)
MUL_MAT_VEC q6_K m=1024 n=1 k=5120: 2 x 9.4 us = 18.8 us (1115.4 GFLOPS/s)
MUL_MAT_VEC q6_K m=12288 n=1 k=5120: 1 x 90.08 us = 90.08 us (1396.72 GFLOPS/s)
MUL_MAT_VEC q6_K m=17408 n=1 k=5120: 2 x 118.06 us = 236.12 us (1509.75 GFLOPS/s)
MUL_MAT_VEC q6_K m=98304 n=1 k=5120: 1 x 671.74 us = 671.74 us (1498.4 GFLOPS/s)
MUL_MAT_VEC q8_0 m=5120 n=1 k=10240: 1 x 93.04 us = 93.04 us (1126.96 GFLOPS/s)
PAD: 1 x 6.52 us = 6.52 us
RMS_NORM_MUL RMS_NORM(256,24,1,1): 1 x 3.32 us = 3.32 us
RMS_NORM_MUL RMS_NORM(256,4,1,1): 1 x 5 us = 5 us
RMS_NORM_MUL RMS_NORM(5120,1,1,1): 5 x 4.216 us = 21.08 us
ROPE: 2 x 3.44 us = 6.88 us
SET_ROWS: 2 x 2.72 us = 5.44 us
SIGMOID_MUL SIGMOID: 1 x 1.64 us = 1.64 us
TOP_K K=10 (98304,1,1,1): 1 x 9.04 us = 9.04 us
Total time: 1395.06 us.
----------------
Vulkan Timings:
CONCAT: 1 x 3.84 us = 3.84 us
CONT: 1 x 3.6 us = 3.6 us
FLASH_ATTN_EXT dst(256,24,1,1),  q(256,1,24,1),  k(256,256,4,1),  v(256,256,4,1),  m(256,1,1,1): 1 x 12.88 us = 12.88 us (488.467 GFLOPS/s)
GET_ROWS: 2 x 4.22 us = 8.44 us
GLU: 1 x 1.8 us = 1.8 us
MUL_MAT f32 m=256 n=24 k=256: 1 x 1.68 us = 1.68 us (1868.8 GFLOPS/s)
MUL_MAT f32 m=64 n=16 k=64: 1 x 3.64 us = 3.64 us (35.7275 GFLOPS/s)
MUL_MAT f32 m=64 n=96 k=64: 1 x 3.6 us = 3.6 us (216.747 GFLOPS/s)
MUL_MAT_ADD MUL_MAT_VEC q6_K m=5120 n=1 k=17408: 1 x 123.96 us = 123.96 us (1437.99 GFLOPS/s)
MUL_MAT_ADD MUL_MAT_VEC q6_K m=5120 n=1 k=6144: 1 x 53.64 us = 53.64 us (1172.81 GFLOPS/s)
MUL_MAT_VEC f32 m=256 n=4 k=256: 1 x 3.04 us = 3.04 us (172.126 GFLOPS/s)
MUL_MAT_VEC q6_K m=1024 n=1 k=5120: 2 x 9.22 us = 18.44 us (1137.17 GFLOPS/s)
MUL_MAT_VEC q6_K m=12288 n=1 k=5120: 1 x 85.68 us = 85.68 us (1468.45 GFLOPS/s)
MUL_MAT_VEC q6_K m=17408 n=1 k=5120: 2 x 121.12 us = 242.24 us (1471.6 GFLOPS/s)
MUL_MAT_VEC q6_K m=98304 n=1 k=5120: 1 x 670.4 us = 670.4 us (1501.39 GFLOPS/s)
MUL_MAT_VEC q8_0 m=5120 n=1 k=10240: 1 x 100.96 us = 100.96 us (1038.55 GFLOPS/s)
PAD: 1 x 6.32 us = 6.32 us
RMS_NORM_MUL RMS_NORM(256,24,1,1): 1 x 3.64 us = 3.64 us
RMS_NORM_MUL RMS_NORM(256,4,1,1): 1 x 3.64 us = 3.64 us
RMS_NORM_MUL RMS_NORM(5120,1,1,1): 5 x 3.728 us = 18.64 us
ROPE: 2 x 3.62 us = 7.24 us
SET_ROWS: 2 x 2.66 us = 5.32 us
SIGMOID_MUL SIGMOID: 1 x 1.68 us = 1.68 us
TOP_K K=10 (98304,1,1,1): 1 x 8.8 us = 8.8 us
Total time: 1393.12 us.
----------------
Vulkan Timings:
CONCAT: 1 x 3.68 us = 3.68 us
CONT: 1 x 3.6 us = 3.6 us
FLASH_ATTN_EXT dst(256,24,1,1),  q(256,1,24,1),  k(256,256,4,1),  v(256,256,4,1),  m(256,1,1,1): 1 x 12.96 us = 12.96 us (485.452 GFLOPS/s)
GET_ROWS: 2 x 4.18 us = 8.36 us
GLU: 1 x 1.72 us = 1.72 us
MUL_MAT f32 m=256 n=24 k=256: 1 x 1.64 us = 1.64 us (1914.38 GFLOPS/s)
MUL_MAT f32 m=64 n=16 k=64: 1 x 3.64 us = 3.64 us (35.7275 GFLOPS/s)
MUL_MAT f32 m=64 n=96 k=64: 1 x 3.6 us = 3.6 us (216.747 GFLOPS/s)
MUL_MAT_ADD MUL_MAT_VEC q6_K m=5120 n=1 k=17408: 1 x 123.6 us = 123.6 us (1442.17 GFLOPS/s)
MUL_MAT_ADD MUL_MAT_VEC q6_K m=5120 n=1 k=6144: 1 x 53.56 us = 53.56 us (1174.56 GFLOPS/s)
MUL_MAT_VEC f32 m=256 n=4 k=256: 1 x 3.04 us = 3.04 us (172.126 GFLOPS/s)
MUL_MAT_VEC q6_K m=1024 n=1 k=5120: 2 x 9.22 us = 18.44 us (1137.17 GFLOPS/s)
MUL_MAT_VEC q6_K m=12288 n=1 k=5120: 1 x 86.16 us = 86.16 us (1460.27 GFLOPS/s)
MUL_MAT_VEC q6_K m=17408 n=1 k=5120: 2 x 121.1 us = 242.2 us (1471.85 GFLOPS/s)
MUL_MAT_VEC q6_K m=98304 n=1 k=5120: 1 x 674.46 us = 674.46 us (1492.36 GFLOPS/s)
MUL_MAT_VEC q8_0 m=5120 n=1 k=10240: 1 x 102.32 us = 102.32 us (1024.75 GFLOPS/s)
PAD: 1 x 6.28 us = 6.28 us
RMS_NORM_MUL RMS_NORM(256,24,1,1): 1 x 3.6 us = 3.6 us
RMS_NORM_MUL RMS_NORM(256,4,1,1): 1 x 3.56 us = 3.56 us
RMS_NORM_MUL RMS_NORM(5120,1,1,1): 5 x 3.688 us = 18.44 us
ROPE: 2 x 3.58 us = 7.16 us
SET_ROWS: 2 x 2.62 us = 5.24 us
SIGMOID_MUL SIGMOID: 1 x 1.68 us = 1.68 us
TOP_K K=10 (98304,1,1,1): 1 x 9.04 us = 9.04 us
Total time: 1397.98 us.
----------------
Vulkan Timings:
CONCAT: 1 x 3.8 us = 3.8 us
CONT: 1 x 3.64 us = 3.64 us
FLASH_ATTN_EXT dst(256,24,1,1),  q(256,1,24,1),  k(256,256,4,1),  v(256,256,4,1),  m(256,1,1,1): 1 x 12.92 us = 12.92 us (486.955 GFLOPS/s)
GET_ROWS: 2 x 4.18 us = 8.36 us
GLU: 1 x 1.76 us = 1.76 us
MUL_MAT f32 m=256 n=24 k=256: 1 x 1.8 us = 1.8 us (1744.21 GFLOPS/s)
MUL_MAT f32 m=64 n=16 k=64: 1 x 3.6 us = 3.6 us (36.1244 GFLOPS/s)
MUL_MAT f32 m=64 n=96 k=64: 1 x 3.64 us = 3.64 us (214.365 GFLOPS/s)
MUL_MAT_ADD MUL_MAT_VEC q6_K m=5120 n=1 k=17408: 1 x 122.76 us = 122.76 us (1452.04 GFLOPS/s)
MUL_MAT_ADD MUL_MAT_VEC q6_K m=5120 n=1 k=6144: 1 x 50.8 us = 50.8 us (1238.37 GFLOPS/s)
MUL_MAT_VEC f32 m=256 n=4 k=256: 1 x 3.04 us = 3.04 us (172.126 GFLOPS/s)
MUL_MAT_VEC q6_K m=1024 n=1 k=5120: 2 x 9.06 us = 18.12 us (1157.26 GFLOPS/s)
MUL_MAT_VEC q6_K m=12288 n=1 k=5120: 1 x 85.36 us = 85.36 us (1473.96 GFLOPS/s)
MUL_MAT_VEC q6_K m=17408 n=1 k=5120: 2 x 121.14 us = 242.28 us (1471.36 GFLOPS/s)
MUL_MAT_VEC q6_K m=98304 n=1 k=5120: 1 x 673.66 us = 673.66 us (1494.13 GFLOPS/s)
MUL_MAT_VEC q8_0 m=5120 n=1 k=10240: 1 x 101.92 us = 101.92 us (1028.77 GFLOPS/s)
PAD: 1 x 6.36 us = 6.36 us
RMS_NORM_MUL RMS_NORM(256,24,1,1): 1 x 3.56 us = 3.56 us
RMS_NORM_MUL RMS_NORM(256,4,1,1): 1 x 3.56 us = 3.56 us
RMS_NORM_MUL RMS_NORM(5120,1,1,1): 5 x 4.28 us = 21.4 us
ROPE: 2 x 3.56 us = 7.12 us
SET_ROWS: 2 x 2.64 us = 5.28 us
SIGMOID_MUL SIGMOID: 1 x 1.68 us = 1.68 us
TOP_K K=10 (98304,1,1,1): 1 x 8.6 us = 8.6 us
Total time: 1395.02 us.
----------------
Vulkan Timings:
ADD: 48 x 3.815 us = 183.16 us
CONCAT: 48 x 2.517 us = 120.84 us
CONT: 16 x 3.89 us = 62.24 us
CPY: 240 x 2.263 us = 543.32 us
FLASH_ATTN_EXT dst(256,24,5,1),  q(256,5,24,1),  k(256,256,4,1),  v(256,256,4,1),  m(256,5,1,1): 16 x 21.222 us = 339.56 us (1482.26 GFLOPS/s)
GDN_CACHE GATED_DELTA_NET: 48 x 13.901 us = 667.28 us
GET_ROWS: 50 x 27.006 us = 1350.32 us
GLU: 64 x 1.87 us = 119.68 us
MUL_MAT f32 m=256 n=120 k=256: 16 x 1.83 us = 29.28 us (8578.1 GFLOPS/s)
MUL_MAT f32 m=256 n=20 k=256: 16 x 3.182 us = 50.92 us (822.096 GFLOPS/s)
MUL_MAT f32 m=64 n=480 k=64: 16 x 3.692 us = 59.08 us (1056.58 GFLOPS/s)
MUL_MAT f32 m=64 n=80 k=64: 16 x 3.242 us = 51.88 us (200.537 GFLOPS/s)
MUL_MAT_ADD MUL_MAT_VEC q6_K m=5120 n=5 k=17408: 64 x 136.88 us = 8760.36 us (6511.25 GFLOPS/s)
MUL_MAT_ADD MUL_MAT_VEC q6_K m=5120 n=5 k=6144: 16 x 55.95 us = 895.2 us (5621.93 GFLOPS/s)
MUL_MAT_VEC f32 m=48 n=5 k=5120: 96 x 3.44 us = 330.24 us (714.349 GFLOPS/s)
MUL_MAT_VEC q6_K m=1024 n=5 k=5120: 32 x 9.73 us = 311.36 us (5387.84 GFLOPS/s)
MUL_MAT_VEC q6_K m=10240 n=5 k=5120: 48 x 81.673 us = 3920.32 us (6418.7 GFLOPS/s)
MUL_MAT_VEC q6_K m=12288 n=5 k=5120: 16 x 103.897 us = 1662.36 us (6054.85 GFLOPS/s)
MUL_MAT_VEC q6_K m=17408 n=5 k=5120: 128 x 142.514 us = 18241.8 us (6253.42 GFLOPS/s)
MUL_MAT_VEC q6_K m=248320 n=5 k=5120: 1 x 1755.4 us = 1755.4 us (7242.08 GFLOPS/s)
MUL_MAT_VEC q6_K m=6144 n=5 k=5120: 48 x 54.084 us = 2596.04 us (5815.79 GFLOPS/s)
MUL_MAT_VEC q8_0 m=5120 n=5 k=6144: 48 x 63.309 us = 3038.84 us (4968.43 GFLOPS/s)
RMS_NORM_MUL RMS_NORM(256,24,5,1): 16 x 3.995 us = 63.92 us
RMS_NORM_MUL RMS_NORM(256,4,5,1): 16 x 4.582 us = 73.32 us
RMS_NORM_MUL RMS_NORM(5120,5,1,1): 129 x 2.724 us = 351.48 us
RMS_NORM_MUL_SILU_MUL RMS_NORM(128,48,5,1): 48 x 5.77 us = 277 us
RMS_NORM_SCALE RMS_NORM(128,16,5,1): 96 x 2.686 us = 257.92 us
ROPE: 32 x 3.901 us = 124.84 us
SET_ROWS: 32 x 3.058 us = 97.88 us
SIGMOID_MUL SIGMOID: 16 x 1.71 us = 27.36 us
SSM_CONV_SILU SSM_CONV: 48 x 5.885 us = 282.48 us
Total time: 46645.7 us.
----------------
Vulkan Timings:
CONCAT: 1 x 2.08 us = 2.08 us
CONT: 1 x 3.84 us = 3.84 us
FLASH_ATTN_EXT dst(256,24,5,1),  q(256,5,24,1),  k(256,256,4,1),  v(256,256,4,1),  m(256,5,1,1): 1 x 21.84 us = 21.84 us (1440.35 GFLOPS/s)
GLU: 1 x 1.56 us = 1.56 us
MUL_MAT f32 m=256 n=120 k=256: 1 x 1.76 us = 1.76 us (8919.27 GFLOPS/s)
MUL_MAT f32 m=256 n=20 k=256: 1 x 3.24 us = 3.24 us (807.506 GFLOPS/s)
MUL_MAT f32 m=64 n=480 k=64: 1 x 3.8 us = 3.8 us (1026.69 GFLOPS/s)
MUL_MAT f32 m=64 n=80 k=64: 1 x 3.84 us = 3.84 us (169.333 GFLOPS/s)
MUL_MAT_ADD MUL_MAT_VEC q6_K m=5120 n=5 k=17408: 1 x 156.12 us = 156.12 us (5708.84 GFLOPS/s)
MUL_MAT_ADD MUL_MAT_VEC q6_K m=5120 n=5 k=6144: 1 x 61.44 us = 61.44 us (5119.58 GFLOPS/s)
MUL_MAT_VEC q6_K m=1024 n=5 k=5120: 2 x 10.38 us = 20.76 us (5050.45 GFLOPS/s)
MUL_MAT_VEC q6_K m=12288 n=5 k=5120: 1 x 119.46 us = 119.46 us (5266.07 GFLOPS/s)
MUL_MAT_VEC q6_K m=17408 n=5 k=5120: 2 x 134.94 us = 269.88 us (6604.44 GFLOPS/s)
MUL_MAT_VEC q8_0 m=5120 n=5 k=10240: 1 x 107.08 us = 107.08 us (4895.99 GFLOPS/s)
RMS_NORM_MUL RMS_NORM(256,24,5,1): 1 x 5.96 us = 5.96 us
RMS_NORM_MUL RMS_NORM(256,4,5,1): 1 x 3.8 us = 3.8 us
RMS_NORM_MUL RMS_NORM(5120,5,1,1): 5 x 8.148 us = 40.74 us
ROPE: 2 x 3.84 us = 7.68 us
SET_ROWS: 2 x 2.74 us = 5.48 us
SIGMOID_MUL SIGMOID: 1 x 1.84 us = 1.84 us
Total time: 842.2 us.
----------------
Vulkan Timings:
CONCAT: 1 x 4.04 us = 4.04 us
CONT: 1 x 3.56 us = 3.56 us
FLASH_ATTN_EXT dst(256,24,1,1),  q(256,1,24,1),  k(256,256,4,1),  v(256,256,4,1),  m(256,1,1,1): 1 x 12.76 us = 12.76 us (493.061 GFLOPS/s)
GET_ROWS: 2 x 4.2 us = 8.4 us
GLU: 1 x 1.68 us = 1.68 us
MUL_MAT f32 m=256 n=24 k=256: 1 x 1.6 us = 1.6 us (1962.24 GFLOPS/s)
MUL_MAT f32 m=64 n=16 k=64: 1 x 1.88 us = 1.88 us (69.1745 GFLOPS/s)
MUL_MAT f32 m=64 n=96 k=64: 1 x 3.28 us = 3.28 us (237.893 GFLOPS/s)
MUL_MAT_ADD MUL_MAT_VEC q6_K m=5120 n=1 k=17408: 1 x 129.44 us = 129.44 us (1377.11 GFLOPS/s)
MUL_MAT_ADD MUL_MAT_VEC q6_K m=5120 n=1 k=6144: 1 x 53.88 us = 53.88 us (1167.58 GFLOPS/s)
MUL_MAT_VEC f32 m=256 n=4 k=256: 1 x 3.08 us = 3.08 us (169.891 GFLOPS/s)
MUL_MAT_VEC q6_K m=1024 n=1 k=5120: 2 x 6.2 us = 12.4 us (1691.09 GFLOPS/s)
MUL_MAT_VEC q6_K m=12288 n=1 k=5120: 1 x 98.36 us = 98.36 us (1279.15 GFLOPS/s)
MUL_MAT_VEC q6_K m=17408 n=1 k=5120: 2 x 118.08 us = 236.16 us (1509.49 GFLOPS/s)
MUL_MAT_VEC q6_K m=98304 n=1 k=5120: 1 x 671.69 us = 671.69 us (1498.51 GFLOPS/s)
MUL_MAT_VEC q8_0 m=5120 n=1 k=10240: 1 x 92.52 us = 92.52 us (1133.3 GFLOPS/s)
PAD: 1 x 6.36 us = 6.36 us
RMS_NORM_MUL RMS_NORM(256,24,1,1): 1 x 3.24 us = 3.24 us
RMS_NORM_MUL RMS_NORM(256,4,1,1): 1 x 4.96 us = 4.96 us
RMS_NORM_MUL RMS_NORM(5120,1,1,1): 5 x 4.128 us = 20.64 us
ROPE: 2 x 3.42 us = 6.84 us
SET_ROWS: 2 x 2.66 us = 5.32 us
SIGMOID_MUL SIGMOID: 1 x 1.6 us = 1.6 us
TOP_K K=10 (98304,1,1,1): 1 x 8.88 us = 8.88 us
Total time: 1392.57 us.
----------------
Vulkan Timings:
CONCAT: 1 x 3.72 us = 3.72 us
CONT: 1 x 3.56 us = 3.56 us
FLASH_ATTN_EXT dst(256,24,1,1),  q(256,1,24,1),  k(256,256,4,1),  v(256,256,4,1),  m(256,1,1,1): 1 x 12.8 us = 12.8 us (491.52 GFLOPS/s)
GET_ROWS: 2 x 4.3 us = 8.6 us
GLU: 1 x 1.76 us = 1.76 us
MUL_MAT f32 m=256 n=24 k=256: 1 x 1.6 us = 1.6 us (1962.24 GFLOPS/s)
MUL_MAT f32 m=64 n=16 k=64: 1 x 3.64 us = 3.64 us (35.7275 GFLOPS/s)
MUL_MAT f32 m=64 n=96 k=64: 1 x 3.64 us = 3.64 us (214.365 GFLOPS/s)
MUL_MAT_ADD MUL_MAT_VEC q6_K m=5120 n=1 k=17408: 1 x 122.92 us = 122.92 us (1450.15 GFLOPS/s)
MUL_MAT_ADD MUL_MAT_VEC q6_K m=5120 n=1 k=6144: 1 x 53.72 us = 53.72 us (1171.06 GFLOPS/s)
MUL_MAT_VEC f32 m=256 n=4 k=256: 1 x 3.04 us = 3.04 us (172.126 GFLOPS/s)
MUL_MAT_VEC q6_K m=1024 n=1 k=5120: 2 x 9.06 us = 18.12 us (1157.26 GFLOPS/s)
MUL_MAT_VEC q6_K m=12288 n=1 k=5120: 1 x 85.8 us = 85.8 us (1466.4 GFLOPS/s)
MUL_MAT_VEC q6_K m=17408 n=1 k=5120: 2 x 121.38 us = 242.76 us (1468.45 GFLOPS/s)
MUL_MAT_VEC q6_K m=98304 n=1 k=5120: 1 x 728.68 us = 728.68 us (1381.31 GFLOPS/s)
MUL_MAT_VEC q8_0 m=5120 n=1 k=10240: 1 x 101.16 us = 101.16 us (1036.5 GFLOPS/s)
PAD: 1 x 6.32 us = 6.32 us
RMS_NORM_MUL RMS_NORM(256,24,1,1): 1 x 3.6 us = 3.6 us
RMS_NORM_MUL RMS_NORM(256,4,1,1): 1 x 3.52 us = 3.52 us
RMS_NORM_MUL RMS_NORM(5120,1,1,1): 5 x 3.72 us = 18.6 us
ROPE: 2 x 3.56 us = 7.12 us
SET_ROWS: 2 x 2.64 us = 5.28 us
SIGMOID_MUL SIGMOID: 1 x 1.68 us = 1.68 us
TOP_K K=10 (98304,1,1,1): 1 x 9.04 us = 9.04 us
Total time: 1450.68 us.
----------------
Vulkan Timings:
CONCAT: 1 x 3.76 us = 3.76 us
CONT: 1 x 3.6 us = 3.6 us
FLASH_ATTN_EXT dst(256,24,1,1),  q(256,1,24,1),  k(256,256,4,1),  v(256,256,4,1),  m(256,1,1,1): 1 x 13.04 us = 13.04 us (482.474 GFLOPS/s)
GET_ROWS: 2 x 4.3 us = 8.6 us
GLU: 1 x 1.92 us = 1.92 us
MUL_MAT f32 m=256 n=24 k=256: 1 x 1.64 us = 1.64 us (1914.38 GFLOPS/s)
MUL_MAT f32 m=64 n=16 k=64: 1 x 3.6 us = 3.6 us (36.1244 GFLOPS/s)
MUL_MAT f32 m=64 n=96 k=64: 1 x 3.6 us = 3.6 us (216.747 GFLOPS/s)
MUL_MAT_ADD MUL_MAT_VEC q6_K m=5120 n=1 k=17408: 1 x 123.24 us = 123.24 us (1446.39 GFLOPS/s)
MUL_MAT_ADD MUL_MAT_VEC q6_K m=5120 n=1 k=6144: 1 x 54 us = 54 us (1164.99 GFLOPS/s)
MUL_MAT_VEC f32 m=256 n=4 k=256: 1 x 3.04 us = 3.04 us (172.126 GFLOPS/s)
MUL_MAT_VEC q6_K m=1024 n=1 k=5120: 2 x 9.24 us = 18.48 us (1134.71 GFLOPS/s)
MUL_MAT_VEC q6_K m=12288 n=1 k=5120: 1 x 85.84 us = 85.84 us (1465.71 GFLOPS/s)
MUL_MAT_VEC q6_K m=17408 n=1 k=5120: 2 x 121.06 us = 242.12 us (1472.33 GFLOPS/s)
MUL_MAT_VEC q6_K m=98304 n=1 k=5120: 1 x 670.55 us = 670.55 us (1501.06 GFLOPS/s)
MUL_MAT_VEC q8_0 m=5120 n=1 k=10240: 1 x 100.92 us = 100.92 us (1038.97 GFLOPS/s)
PAD: 1 x 6.32 us = 6.32 us
RMS_NORM_MUL RMS_NORM(256,24,1,1): 1 x 3.6 us = 3.6 us
RMS_NORM_MUL RMS_NORM(256,4,1,1): 1 x 3.56 us = 3.56 us
RMS_NORM_MUL RMS_NORM(5120,1,1,1): 5 x 3.728 us = 18.64 us
ROPE: 2 x 3.56 us = 7.12 us
SET_ROWS: 2 x 2.64 us = 5.28 us
SIGMOID_MUL SIGMOID: 1 x 1.68 us = 1.68 us
TOP_K K=10 (98304,1,1,1): 1 x 9 us = 9 us
Total time: 1393.15 us.
----------------
Vulkan Timings:
CONCAT: 1 x 3.76 us = 3.76 us
CONT: 1 x 3.56 us = 3.56 us
FLASH_ATTN_EXT dst(256,24,1,1),  q(256,1,24,1),  k(256,256,4,1),  v(256,256,4,1),  m(256,1,1,1): 1 x 12.8 us = 12.8 us (491.52 GFLOPS/s)
GET_ROWS: 2 x 4.3 us = 8.6 us
GLU: 1 x 1.8 us = 1.8 us
MUL_MAT f32 m=256 n=24 k=256: 1 x 1.68 us = 1.68 us (1868.8 GFLOPS/s)
MUL_MAT f32 m=64 n=16 k=64: 1 x 3.64 us = 3.64 us (35.7275 GFLOPS/s)
MUL_MAT f32 m=64 n=96 k=64: 1 x 3.6 us = 3.6 us (216.747 GFLOPS/s)
MUL_MAT_ADD MUL_MAT_VEC q6_K m=5120 n=1 k=17408: 1 x 123.16 us = 123.16 us (1447.33 GFLOPS/s)
MUL_MAT_ADD MUL_MAT_VEC q6_K m=5120 n=1 k=6144: 1 x 54.76 us = 54.76 us (1148.82 GFLOPS/s)
MUL_MAT_VEC f32 m=256 n=4 k=256: 1 x 3.04 us = 3.04 us (172.126 GFLOPS/s)
MUL_MAT_VEC q6_K m=1024 n=1 k=5120: 2 x 9.06 us = 18.12 us (1157.26 GFLOPS/s)
MUL_MAT_VEC q6_K m=12288 n=1 k=5120: 1 x 85.88 us = 85.88 us (1465.03 GFLOPS/s)
MUL_MAT_VEC q6_K m=17408 n=1 k=5120: 2 x 120.94 us = 241.88 us (1473.79 GFLOPS/s)
MUL_MAT_VEC q6_K m=98304 n=1 k=5120: 1 x 673.05 us = 673.05 us (1495.48 GFLOPS/s)
MUL_MAT_VEC q8_0 m=5120 n=1 k=10240: 1 x 102.48 us = 102.48 us (1023.15 GFLOPS/s)
PAD: 1 x 7.12 us = 7.12 us
RMS_NORM_MUL RMS_NORM(256,24,1,1): 1 x 3.64 us = 3.64 us
RMS_NORM_MUL RMS_NORM(256,4,1,1): 1 x 3.6 us = 3.6 us
RMS_NORM_MUL RMS_NORM(5120,1,1,1): 5 x 3.76 us = 18.8 us
ROPE: 2 x 3.6 us = 7.2 us
SET_ROWS: 2 x 2.66 us = 5.32 us
SIGMOID_MUL SIGMOID: 1 x 1.68 us = 1.68 us
TOP_K K=10 (98304,1,1,1): 1 x 9.12 us = 9.12 us
Total time: 1398.29 us.
----------------
Vulkan Timings:
ADD: 48 x 3.824 us = 183.56 us
CONCAT: 48 x 2.483 us = 119.2 us
CONT: 16 x 3.902 us = 62.44 us
CPY: 240 x 2.247 us = 539.44 us
FLASH_ATTN_EXT dst(256,24,5,1),  q(256,5,24,1),  k(256,256,4,1),  v(256,256,4,1),  m(256,5,1,1): 16 x 21.4 us = 342.4 us (1469.97 GFLOPS/s)
GDN_CACHE GATED_DELTA_NET: 48 x 13.959 us = 670.04 us
GET_ROWS: 50 x 27.211 us = 1360.56 us
GLU: 64 x 1.861 us = 119.16 us
MUL_MAT f32 m=256 n=120 k=256: 16 x 1.875 us = 30 us (8372.22 GFLOPS/s)
MUL_MAT f32 m=256 n=20 k=256: 16 x 3.042 us = 48.68 us (859.924 GFLOPS/s)
MUL_MAT f32 m=64 n=480 k=64: 16 x 3.692 us = 59.08 us (1056.58 GFLOPS/s)
MUL_MAT f32 m=64 n=80 k=64: 16 x 3.262 us = 52.2 us (199.307 GFLOPS/s)
MUL_MAT_ADD MUL_MAT_VEC q6_K m=5120 n=5 k=17408: 64 x 136.849 us = 8758.36 us (6512.74 GFLOPS/s)
MUL_MAT_ADD MUL_MAT_VEC q6_K m=5120 n=5 k=6144: 16 x 56.07 us = 897.12 us (5609.9 GFLOPS/s)
MUL_MAT_VEC f32 m=48 n=5 k=5120: 96 x 3.508 us = 336.8 us (700.435 GFLOPS/s)
MUL_MAT_VEC q6_K m=1024 n=5 k=5120: 32 x 10.001 us = 320.04 us (5241.71 GFLOPS/s)
MUL_MAT_VEC q6_K m=10240 n=5 k=5120: 48 x 81.68 us = 3920.64 us (6418.18 GFLOPS/s)
MUL_MAT_VEC q6_K m=12288 n=5 k=5120: 16 x 103.392 us = 1654.28 us (6084.43 GFLOPS/s)
MUL_MAT_VEC q6_K m=17408 n=5 k=5120: 128 x 142.854 us = 18285.4 us (6238.53 GFLOPS/s)
MUL_MAT_VEC q6_K m=248320 n=5 k=5120: 1 x 1761.12 us = 1761.12 us (7218.56 GFLOPS/s)
MUL_MAT_VEC q6_K m=6144 n=5 k=5120: 48 x 54.11 us = 2597.32 us (5812.92 GFLOPS/s)
MUL_MAT_VEC q8_0 m=5120 n=5 k=6144: 48 x 63.287 us = 3037.8 us (4970.13 GFLOPS/s)
RMS_NORM_MUL RMS_NORM(256,24,5,1): 16 x 4.19 us = 67.04 us
RMS_NORM_MUL RMS_NORM(256,4,5,1): 16 x 4.587 us = 73.4 us
RMS_NORM_MUL RMS_NORM(5120,5,1,1): 129 x 2.711 us = 349.84 us
RMS_NORM_MUL_SILU_MUL RMS_NORM(128,48,5,1): 48 x 5.784 us = 277.64 us
RMS_NORM_SCALE RMS_NORM(128,16,5,1): 96 x 2.714 us = 260.56 us
ROPE: 32 x 3.928 us = 125.72 us
SET_ROWS: 32 x 3.067 us = 98.16 us
SIGMOID_MUL SIGMOID: 16 x 1.717 us = 27.48 us
SSM_CONV_SILU SSM_CONV: 48 x 5.768 us = 276.88 us
Total time: 46712.4 us.
----------------
Vulkan Timings:
CONCAT: 1 x 2 us = 2 us
CONT: 1 x 3.92 us = 3.92 us
FLASH_ATTN_EXT dst(256,24,5,1),  q(256,5,24,1),  k(256,256,4,1),  v(256,256,4,1),  m(256,5,1,1): 1 x 21.8 us = 21.8 us (1442.99 GFLOPS/s)
GLU: 1 x 1.64 us = 1.64 us
MUL_MAT f32 m=256 n=120 k=256: 1 x 1.72 us = 1.72 us (9126.7 GFLOPS/s)
MUL_MAT f32 m=256 n=20 k=256: 1 x 3.24 us = 3.24 us (807.506 GFLOPS/s)
MUL_MAT f32 m=64 n=480 k=64: 1 x 3.88 us = 3.88 us (1005.53 GFLOPS/s)
MUL_MAT f32 m=64 n=80 k=64: 1 x 3.8 us = 3.8 us (171.116 GFLOPS/s)
MUL_MAT_ADD MUL_MAT_VEC q6_K m=5120 n=5 k=17408: 1 x 159.12 us = 159.12 us (5601.21 GFLOPS/s)
MUL_MAT_ADD MUL_MAT_VEC q6_K m=5120 n=5 k=6144: 1 x 62.2 us = 62.2 us (5057.03 GFLOPS/s)
MUL_MAT_VEC q6_K m=1024 n=5 k=5120: 2 x 11.5 us = 23 us (4558.58 GFLOPS/s)
MUL_MAT_VEC q6_K m=12288 n=5 k=5120: 1 x 121.43 us = 121.43 us (5180.63 GFLOPS/s)
MUL_MAT_VEC q6_K m=17408 n=5 k=5120: 2 x 135.68 us = 271.36 us (6568.42 GFLOPS/s)
MUL_MAT_VEC q8_0 m=5120 n=5 k=10240: 1 x 106.8 us = 106.8 us (4908.82 GFLOPS/s)
RMS_NORM_MUL RMS_NORM(256,24,5,1): 1 x 3.96 us = 3.96 us
RMS_NORM_MUL RMS_NORM(256,4,5,1): 1 x 3.8 us = 3.8 us
RMS_NORM_MUL RMS_NORM(5120,5,1,1): 5 x 8.276 us = 41.38 us
ROPE: 2 x 3.84 us = 7.68 us
SET_ROWS: 2 x 2.76 us = 5.52 us
SIGMOID_MUL SIGMOID: 1 x 1.88 us = 1.88 us
Total time: 850.13 us.
----------------
Vulkan Timings:
CONCAT: 1 x 3.68 us = 3.68 us
CONT: 1 x 3.56 us = 3.56 us
FLASH_ATTN_EXT dst(256,24,1,1),  q(256,1,24,1),  k(256,256,4,1),  v(256,256,4,1),  m(256,1,1,1): 1 x 12.72 us = 12.72 us (494.611 GFLOPS/s)
GET_ROWS: 2 x 4.22 us = 8.44 us
GLU: 1 x 1.68 us = 1.68 us
MUL_MAT f32 m=256 n=24 k=256: 1 x 1.56 us = 1.56 us (2012.55 GFLOPS/s)
MUL_MAT f32 m=64 n=16 k=64: 1 x 1.88 us = 1.88 us (69.1745 GFLOPS/s)
MUL_MAT f32 m=64 n=96 k=64: 1 x 3.28 us = 3.28 us (237.893 GFLOPS/s)
MUL_MAT_ADD MUL_MAT_VEC q6_K m=5120 n=1 k=17408: 1 x 130.48 us = 130.48 us (1366.13 GFLOPS/s)
MUL_MAT_ADD MUL_MAT_VEC q6_K m=5120 n=1 k=6144: 1 x 53.32 us = 53.32 us (1179.85 GFLOPS/s)
MUL_MAT_VEC f32 m=256 n=4 k=256: 1 x 3.08 us = 3.08 us (169.891 GFLOPS/s)
MUL_MAT_VEC q6_K m=1024 n=1 k=5120: 2 x 9.28 us = 18.56 us (1129.82 GFLOPS/s)
MUL_MAT_VEC q6_K m=12288 n=1 k=5120: 1 x 90 us = 90 us (1397.96 GFLOPS/s)
MUL_MAT_VEC q6_K m=17408 n=1 k=5120: 2 x 118.5 us = 237 us (1504.14 GFLOPS/s)
MUL_MAT_VEC q6_K m=98304 n=1 k=5120: 1 x 671.64 us = 671.64 us (1498.62 GFLOPS/s)
MUL_MAT_VEC q8_0 m=5120 n=1 k=10240: 1 x 93.12 us = 93.12 us (1125.99 GFLOPS/s)
PAD: 1 x 6.36 us = 6.36 us
RMS_NORM_MUL RMS_NORM(256,24,1,1): 1 x 3.28 us = 3.28 us
RMS_NORM_MUL RMS_NORM(256,4,1,1): 1 x 4.96 us = 4.96 us
RMS_NORM_MUL RMS_NORM(5120,1,1,1): 5 x 4.184 us = 20.92 us
ROPE: 2 x 3.38 us = 6.76 us
SET_ROWS: 2 x 2.6 us = 5.2 us
SIGMOID_MUL SIGMOID: 1 x 1.64 us = 1.64 us
TOP_K K=10 (98304,1,1,1): 1 x 8.8 us = 8.8 us
Total time: 1391.92 us.
----------------
Vulkan Timings:
CONCAT: 1 x 3.72 us = 3.72 us
CONT: 1 x 3.64 us = 3.64 us
FLASH_ATTN_EXT dst(256,24,1,1),  q(256,1,24,1),  k(256,256,4,1),  v(256,256,4,1),  m(256,1,1,1): 1 x 12.72 us = 12.72 us (494.611 GFLOPS/s)
GET_ROWS: 2 x 4.18 us = 8.36 us
GLU: 1 x 1.8 us = 1.8 us
MUL_MAT f32 m=256 n=24 k=256: 1 x 1.68 us = 1.68 us (1868.8 GFLOPS/s)
MUL_MAT f32 m=64 n=16 k=64: 1 x 3.6 us = 3.6 us (36.1244 GFLOPS/s)
MUL_MAT f32 m=64 n=96 k=64: 1 x 3.64 us = 3.64 us (214.365 GFLOPS/s)
MUL_MAT_ADD MUL_MAT_VEC q6_K m=5120 n=1 k=17408: 1 x 123.36 us = 123.36 us (1444.98 GFLOPS/s)
MUL_MAT_ADD MUL_MAT_VEC q6_K m=5120 n=1 k=6144: 1 x 53.92 us = 53.92 us (1166.72 GFLOPS/s)
MUL_MAT_VEC f32 m=256 n=4 k=256: 1 x 3 us = 3 us (174.421 GFLOPS/s)
MUL_MAT_VEC q6_K m=1024 n=1 k=5120: 2 x 8.28 us = 16.56 us (1266.27 GFLOPS/s)
MUL_MAT_VEC q6_K m=12288 n=1 k=5120: 1 x 85.88 us = 85.88 us (1465.03 GFLOPS/s)
MUL_MAT_VEC q6_K m=17408 n=1 k=5120: 2 x 121.34 us = 242.68 us (1468.93 GFLOPS/s)
MUL_MAT_VEC q6_K m=98304 n=1 k=5120: 1 x 673.01 us = 673.01 us (1495.57 GFLOPS/s)
MUL_MAT_VEC q8_0 m=5120 n=1 k=10240: 1 x 101.96 us = 101.96 us (1028.37 GFLOPS/s)
PAD: 1 x 6.36 us = 6.36 us
RMS_NORM_MUL RMS_NORM(256,24,1,1): 1 x 5.36 us = 5.36 us
RMS_NORM_MUL RMS_NORM(256,4,1,1): 1 x 3.56 us = 3.56 us
RMS_NORM_MUL RMS_NORM(5120,1,1,1): 5 x 3.728 us = 18.64 us
ROPE: 2 x 3.56 us = 7.12 us
SET_ROWS: 2 x 2.64 us = 5.28 us
SIGMOID_MUL SIGMOID: 1 x 1.92 us = 1.92 us
TOP_K K=10 (98304,1,1,1): 1 x 8.8 us = 8.8 us
Total time: 1396.57 us.
----------------
Vulkan Timings:
CONCAT: 1 x 3.8 us = 3.8 us
CONT: 1 x 3.6 us = 3.6 us
FLASH_ATTN_EXT dst(256,24,1,1),  q(256,1,24,1),  k(256,256,4,1),  v(256,256,4,1),  m(256,1,1,1): 1 x 12.84 us = 12.84 us (489.989 GFLOPS/s)
GET_ROWS: 2 x 4.22 us = 8.44 us
GLU: 1 x 1.92 us = 1.92 us
MUL_MAT f32 m=256 n=24 k=256: 1 x 1.64 us = 1.64 us (1914.38 GFLOPS/s)
MUL_MAT f32 m=64 n=16 k=64: 1 x 3.6 us = 3.6 us (36.1244 GFLOPS/s)
MUL_MAT f32 m=64 n=96 k=64: 1 x 3.56 us = 3.56 us (219.182 GFLOPS/s)
MUL_MAT_ADD MUL_MAT_VEC q6_K m=5120 n=1 k=17408: 1 x 123.04 us = 123.04 us (1448.74 GFLOPS/s)
MUL_MAT_ADD MUL_MAT_VEC q6_K m=5120 n=1 k=6144: 1 x 54.4 us = 54.4 us (1156.42 GFLOPS/s)
MUL_MAT_VEC f32 m=256 n=4 k=256: 1 x 3.04 us = 3.04 us (172.126 GFLOPS/s)
MUL_MAT_VEC q6_K m=1024 n=1 k=5120: 2 x 9.22 us = 18.44 us (1137.17 GFLOPS/s)
MUL_MAT_VEC q6_K m=12288 n=1 k=5120: 1 x 86.36 us = 86.36 us (1456.89 GFLOPS/s)
MUL_MAT_VEC q6_K m=17408 n=1 k=5120: 2 x 121.06 us = 242.12 us (1472.33 GFLOPS/s)
MUL_MAT_VEC q6_K m=98304 n=1 k=5120: 1 x 669.73 us = 669.73 us (1502.9 GFLOPS/s)
MUL_MAT_VEC q8_0 m=5120 n=1 k=10240: 1 x 101.16 us = 101.16 us (1036.5 GFLOPS/s)
PAD: 1 x 6.36 us = 6.36 us
RMS_NORM_MUL RMS_NORM(256,24,1,1): 1 x 3.6 us = 3.6 us
RMS_NORM_MUL RMS_NORM(256,4,1,1): 1 x 3.6 us = 3.6 us
RMS_NORM_MUL RMS_NORM(5120,1,1,1): 5 x 3.736 us = 18.68 us
ROPE: 2 x 3.6 us = 7.2 us
SET_ROWS: 2 x 2.64 us = 5.28 us
SIGMOID_MUL SIGMOID: 1 x 1.64 us = 1.64 us
TOP_K K=10 (98304,1,1,1): 1 x 9.08 us = 9.08 us
Total time: 1393.13 us.
----------------
Vulkan Timings:
CONCAT: 1 x 3.76 us = 3.76 us
CONT: 1 x 3.64 us = 3.64 us
FLASH_ATTN_EXT dst(256,24,1,1),  q(256,1,24,1),  k(256,256,4,1),  v(256,256,4,1),  m(256,1,1,1): 1 x 12.88 us = 12.88 us (488.467 GFLOPS/s)
GET_ROWS: 2 x 4.28 us = 8.56 us
GLU: 1 x 1.8 us = 1.8 us
MUL_MAT f32 m=256 n=24 k=256: 1 x 1.64 us = 1.64 us (1914.38 GFLOPS/s)
MUL_MAT f32 m=64 n=16 k=64: 1 x 3.64 us = 3.64 us (35.7275 GFLOPS/s)
MUL_MAT f32 m=64 n=96 k=64: 1 x 3.6 us = 3.6 us (216.747 GFLOPS/s)
MUL_MAT_ADD MUL_MAT_VEC q6_K m=5120 n=1 k=17408: 1 x 123.36 us = 123.36 us (1444.98 GFLOPS/s)
MUL_MAT_ADD MUL_MAT_VEC q6_K m=5120 n=1 k=6144: 1 x 53.28 us = 53.28 us (1180.73 GFLOPS/s)
MUL_MAT_VEC f32 m=256 n=4 k=256: 1 x 3.04 us = 3.04 us (172.126 GFLOPS/s)
MUL_MAT_VEC q6_K m=1024 n=1 k=5120: 2 x 9.16 us = 18.32 us (1144.62 GFLOPS/s)
MUL_MAT_VEC q6_K m=12288 n=1 k=5120: 1 x 85.52 us = 85.52 us (1471.2 GFLOPS/s)
MUL_MAT_VEC q6_K m=17408 n=1 k=5120: 2 x 121.46 us = 242.92 us (1467.48 GFLOPS/s)
MUL_MAT_VEC q6_K m=98304 n=1 k=5120: 1 x 677.24 us = 677.24 us (1486.23 GFLOPS/s)
MUL_MAT_VEC q8_0 m=5120 n=1 k=10240: 1 x 100.92 us = 100.92 us (1038.97 GFLOPS/s)
PAD: 1 x 6.36 us = 6.36 us
RMS_NORM_MUL RMS_NORM(256,24,1,1): 1 x 3.64 us = 3.64 us
RMS_NORM_MUL RMS_NORM(256,4,1,1): 1 x 3.6 us = 3.6 us
RMS_NORM_MUL RMS_NORM(5120,1,1,1): 5 x 3.76 us = 18.8 us
ROPE: 2 x 3.56 us = 7.12 us
SET_ROWS: 2 x 2.66 us = 5.32 us
SIGMOID_MUL SIGMOID: 1 x 1.72 us = 1.72 us
TOP_K K=10 (98304,1,1,1): 1 x 8.8 us = 8.8 us
Total time: 1399.48 us.
----------------
Vulkan Timings:
ADD: 48 x 3.834 us = 184.04 us
CONCAT: 48 x 2.53 us = 121.44 us
CONT: 16 x 3.91 us = 62.56 us
CPY: 240 x 2.273 us = 545.68 us
FLASH_ATTN_EXT dst(256,24,5,1),  q(256,5,24,1),  k(256,256,4,1),  v(256,256,4,1),  m(256,5,1,1): 16 x 21.605 us = 345.68 us (1456.02 GFLOPS/s)
GDN_CACHE GATED_DELTA_NET: 48 x 14.019 us = 672.92 us
GET_ROWS: 50 x 27.489 us = 1374.48 us
GLU: 64 x 1.866 us = 119.48 us
MUL_MAT f32 m=256 n=120 k=256: 16 x 1.875 us = 30 us (8372.22 GFLOPS/s)
MUL_MAT f32 m=256 n=20 k=256: 16 x 3.035 us = 48.56 us (862.049 GFLOPS/s)
MUL_MAT f32 m=64 n=480 k=64: 16 x 3.695 us = 59.12 us (1055.87 GFLOPS/s)
MUL_MAT f32 m=64 n=80 k=64: 16 x 3.357 us = 53.72 us (193.668 GFLOPS/s)
MUL_MAT_ADD MUL_MAT_VEC q6_K m=5120 n=5 k=17408: 64 x 136.985 us = 8767.08 us (6506.26 GFLOPS/s)
MUL_MAT_ADD MUL_MAT_VEC q6_K m=5120 n=5 k=6144: 16 x 56.11 us = 897.76 us (5605.9 GFLOPS/s)
MUL_MAT_VEC f32 m=48 n=5 k=5120: 96 x 3.432 us = 329.48 us (715.997 GFLOPS/s)
MUL_MAT_VEC q6_K m=1024 n=5 k=5120: 32 x 9.716 us = 310.92 us (5395.46 GFLOPS/s)
MUL_MAT_VEC q6_K m=10240 n=5 k=5120: 48 x 81.794 us = 3926.12 us (6409.22 GFLOPS/s)
MUL_MAT_VEC q6_K m=12288 n=5 k=5120: 16 x 104.027 us = 1664.44 us (6047.29 GFLOPS/s)
MUL_MAT_VEC q6_K m=17408 n=5 k=5120: 128 x 142.872 us = 18287.7 us (6237.75 GFLOPS/s)
MUL_MAT_VEC q6_K m=248320 n=5 k=5120: 1 x 1770.52 us = 1770.52 us (7180.23 GFLOPS/s)
MUL_MAT_VEC q6_K m=6144 n=5 k=5120: 48 x 54.12 us = 2597.76 us (5811.94 GFLOPS/s)
MUL_MAT_VEC q8_0 m=5120 n=5 k=6144: 48 x 63.23 us = 3035.04 us (4974.65 GFLOPS/s)
RMS_NORM_MUL RMS_NORM(256,24,5,1): 16 x 4.06 us = 64.96 us
RMS_NORM_MUL RMS_NORM(256,4,5,1): 16 x 4.517 us = 72.28 us
RMS_NORM_MUL RMS_NORM(5120,5,1,1): 129 x 2.719 us = 350.8 us
RMS_NORM_MUL_SILU_MUL RMS_NORM(128,48,5,1): 48 x 5.805 us = 278.68 us
RMS_NORM_SCALE RMS_NORM(128,16,5,1): 96 x 2.748 us = 263.88 us
ROPE: 32 x 3.935 us = 125.92 us
SET_ROWS: 32 x 3.011 us = 96.36 us
SIGMOID_MUL SIGMOID: 16 x 1.717 us = 27.48 us
SSM_CONV_SILU SSM_CONV: 48 x 5.689 us = 273.08 us
Total time: 46757.9 us.
----------------
Vulkan Timings:
CONCAT: 1 x 2.08 us = 2.08 us
CONT: 1 x 3.96 us = 3.96 us
FLASH_ATTN_EXT dst(256,24,5,1),  q(256,5,24,1),  k(256,256,4,1),  v(256,256,4,1),  m(256,5,1,1): 1 x 22.4 us = 22.4 us (1404.34 GFLOPS/s)
GLU: 1 x 1.64 us = 1.64 us
MUL_MAT f32 m=256 n=120 k=256: 1 x 1.84 us = 1.84 us (8531.48 GFLOPS/s)
MUL_MAT f32 m=256 n=20 k=256: 1 x 3.28 us = 3.28 us (797.659 GFLOPS/s)
MUL_MAT f32 m=64 n=480 k=64: 1 x 3.96 us = 3.96 us (985.212 GFLOPS/s)
MUL_MAT f32 m=64 n=80 k=64: 1 x 3.92 us = 3.92 us (165.878 GFLOPS/s)
MUL_MAT_ADD MUL_MAT_VEC q6_K m=5120 n=5 k=17408: 1 x 159.31 us = 159.31 us (5594.53 GFLOPS/s)
MUL_MAT_ADD MUL_MAT_VEC q6_K m=5120 n=5 k=6144: 1 x 62 us = 62 us (5073.34 GFLOPS/s)
MUL_MAT_VEC q6_K m=1024 n=5 k=5120: 2 x 11.72 us = 23.44 us (4473.01 GFLOPS/s)
MUL_MAT_VEC q6_K m=12288 n=5 k=5120: 1 x 119.45 us = 119.45 us (5266.51 GFLOPS/s)
MUL_MAT_VEC q6_K m=17408 n=5 k=5120: 2 x 135.9 us = 271.8 us (6557.78 GFLOPS/s)
MUL_MAT_VEC q8_0 m=5120 n=5 k=10240: 1 x 107.2 us = 107.2 us (4890.51 GFLOPS/s)
RMS_NORM_MUL RMS_NORM(256,24,5,1): 1 x 4.04 us = 4.04 us
RMS_NORM_MUL RMS_NORM(256,4,5,1): 1 x 3.88 us = 3.88 us
RMS_NORM_MUL RMS_NORM(5120,5,1,1): 5 x 8.394 us = 41.97 us
ROPE: 2 x 3.94 us = 7.88 us
SET_ROWS: 2 x 2.82 us = 5.64 us
SIGMOID_MUL SIGMOID: 1 x 1.84 us = 1.84 us
Total time: 851.53 us.
----------------
Vulkan Timings:
CONCAT: 1 x 4.12 us = 4.12 us
CONT: 1 x 3.64 us = 3.64 us
FLASH_ATTN_EXT dst(256,24,1,1),  q(256,1,24,1),  k(256,256,4,1),  v(256,256,4,1),  m(256,1,1,1): 1 x 13.24 us = 13.24 us (475.185 GFLOPS/s)
GET_ROWS: 2 x 4.34 us = 8.68 us
GLU: 1 x 1.68 us = 1.68 us
MUL_MAT f32 m=256 n=24 k=256: 1 x 1.6 us = 1.6 us (1962.24 GFLOPS/s)
MUL_MAT f32 m=64 n=16 k=64: 1 x 1.88 us = 1.88 us (69.1745 GFLOPS/s)
MUL_MAT f32 m=64 n=96 k=64: 1 x 3.32 us = 3.32 us (235.027 GFLOPS/s)
MUL_MAT_ADD MUL_MAT_VEC q6_K m=5120 n=1 k=17408: 1 x 130.04 us = 130.04 us (1370.75 GFLOPS/s)
MUL_MAT_ADD MUL_MAT_VEC q6_K m=5120 n=1 k=6144: 1 x 54.52 us = 54.52 us (1153.88 GFLOPS/s)
MUL_MAT_VEC f32 m=256 n=4 k=256: 1 x 3.12 us = 3.12 us (167.713 GFLOPS/s)
MUL_MAT_VEC q6_K m=1024 n=1 k=5120: 2 x 9.48 us = 18.96 us (1105.98 GFLOPS/s)
MUL_MAT_VEC q6_K m=12288 n=1 k=5120: 1 x 90.4 us = 90.4 us (1391.78 GFLOPS/s)
MUL_MAT_VEC q6_K m=17408 n=1 k=5120: 2 x 117.96 us = 235.92 us (1511.03 GFLOPS/s)
MUL_MAT_VEC q6_K m=98304 n=1 k=5120: 1 x 674.67 us = 674.67 us (1491.89 GFLOPS/s)
MUL_MAT_VEC q8_0 m=5120 n=1 k=10240: 1 x 91.6 us = 91.6 us (1144.68 GFLOPS/s)
PAD: 1 x 6.48 us = 6.48 us
RMS_NORM_MUL RMS_NORM(256,24,1,1): 1 x 3.32 us = 3.32 us
RMS_NORM_MUL RMS_NORM(256,4,1,1): 1 x 4.96 us = 4.96 us
RMS_NORM_MUL RMS_NORM(5120,1,1,1): 5 x 4.584 us = 22.92 us
ROPE: 2 x 3.44 us = 6.88 us
SET_ROWS: 2 x 2.68 us = 5.36 us
SIGMOID_MUL SIGMOID: 1 x 1.84 us = 1.84 us
TOP_K K=10 (98304,1,1,1): 1 x 9.32 us = 9.32 us
Total time: 1398.47 us.
----------------
Vulkan Timings:
CONCAT: 1 x 3.8 us = 3.8 us
CONT: 1 x 3.6 us = 3.6 us
FLASH_ATTN_EXT dst(256,24,1,1),  q(256,1,24,1),  k(256,256,4,1),  v(256,256,4,1),  m(256,1,1,1): 1 x 12.84 us = 12.84 us (489.989 GFLOPS/s)
GET_ROWS: 2 x 4.18 us = 8.36 us
GLU: 1 x 1.76 us = 1.76 us
MUL_MAT f32 m=256 n=24 k=256: 1 x 1.72 us = 1.72 us (1825.34 GFLOPS/s)
MUL_MAT f32 m=64 n=16 k=64: 1 x 3.72 us = 3.72 us (34.9591 GFLOPS/s)
MUL_MAT f32 m=64 n=96 k=64: 1 x 3.64 us = 3.64 us (214.365 GFLOPS/s)
MUL_MAT_ADD MUL_MAT_VEC q6_K m=5120 n=1 k=17408: 1 x 124.44 us = 124.44 us (1432.44 GFLOPS/s)
MUL_MAT_ADD MUL_MAT_VEC q6_K m=5120 n=1 k=6144: 1 x 54.24 us = 54.24 us (1159.83 GFLOPS/s)
MUL_MAT_VEC f32 m=256 n=4 k=256: 1 x 3.12 us = 3.12 us (167.713 GFLOPS/s)
MUL_MAT_VEC q6_K m=1024 n=1 k=5120: 2 x 9.26 us = 18.52 us (1132.26 GFLOPS/s)
MUL_MAT_VEC q6_K m=12288 n=1 k=5120: 1 x 86.16 us = 86.16 us (1460.27 GFLOPS/s)
MUL_MAT_VEC q6_K m=17408 n=1 k=5120: 2 x 121.64 us = 243.28 us (1465.31 GFLOPS/s)
MUL_MAT_VEC q6_K m=98304 n=1 k=5120: 1 x 672.05 us = 672.05 us (1497.71 GFLOPS/s)
MUL_MAT_VEC q8_0 m=5120 n=1 k=10240: 1 x 101.56 us = 101.56 us (1032.42 GFLOPS/s)
PAD: 1 x 6.36 us = 6.36 us
RMS_NORM_MUL RMS_NORM(256,24,1,1): 1 x 3.76 us = 3.76 us
RMS_NORM_MUL RMS_NORM(256,4,1,1): 1 x 3.72 us = 3.72 us
RMS_NORM_MUL RMS_NORM(5120,1,1,1): 5 x 3.776 us = 18.88 us
ROPE: 2 x 3.68 us = 7.36 us
SET_ROWS: 2 x 2.7 us = 5.4 us
SIGMOID_MUL SIGMOID: 1 x 1.68 us = 1.68 us
TOP_K K=10 (98304,1,1,1): 1 x 8.8 us = 8.8 us
Total time: 1398.77 us.
----------------
Vulkan Timings:
CONCAT: 1 x 3.76 us = 3.76 us
CONT: 1 x 3.64 us = 3.64 us
FLASH_ATTN_EXT dst(256,24,1,1),  q(256,1,24,1),  k(256,256,4,1),  v(256,256,4,1),  m(256,1,1,1): 1 x 12.68 us = 12.68 us (496.172 GFLOPS/s)
GET_ROWS: 2 x 4.28 us = 8.56 us
GLU: 1 x 1.72 us = 1.72 us
MUL_MAT f32 m=256 n=24 k=256: 1 x 1.64 us = 1.64 us (1914.38 GFLOPS/s)
MUL_MAT f32 m=64 n=16 k=64: 1 x 3.6 us = 3.6 us (36.1244 GFLOPS/s)
MUL_MAT f32 m=64 n=96 k=64: 1 x 3.64 us = 3.64 us (214.365 GFLOPS/s)
MUL_MAT_ADD MUL_MAT_VEC q6_K m=5120 n=1 k=17408: 1 x 123.64 us = 123.64 us (1441.71 GFLOPS/s)
MUL_MAT_ADD MUL_MAT_VEC q6_K m=5120 n=1 k=6144: 1 x 53.4 us = 53.4 us (1178.08 GFLOPS/s)
MUL_MAT_VEC f32 m=256 n=4 k=256: 1 x 3 us = 3 us (174.421 GFLOPS/s)
MUL_MAT_VEC q6_K m=1024 n=1 k=5120: 2 x 9.06 us = 18.12 us (1157.26 GFLOPS/s)
MUL_MAT_VEC q6_K m=12288 n=1 k=5120: 1 x 85.56 us = 85.56 us (1470.51 GFLOPS/s)
MUL_MAT_VEC q6_K m=17408 n=1 k=5120: 2 x 121.14 us = 242.28 us (1471.36 GFLOPS/s)
MUL_MAT_VEC q6_K m=98304 n=1 k=5120: 1 x 674.32 us = 674.32 us (1492.67 GFLOPS/s)
MUL_MAT_VEC q8_0 m=5120 n=1 k=10240: 1 x 101.04 us = 101.04 us (1037.73 GFLOPS/s)
PAD: 1 x 6.28 us = 6.28 us
RMS_NORM_MUL RMS_NORM(256,24,1,1): 1 x 3.6 us = 3.6 us
RMS_NORM_MUL RMS_NORM(256,4,1,1): 1 x 3.56 us = 3.56 us
RMS_NORM_MUL RMS_NORM(5120,1,1,1): 5 x 3.768 us = 18.84 us
ROPE: 2 x 3.54 us = 7.08 us
SET_ROWS: 2 x 2.6 us = 5.2 us
SIGMOID_MUL SIGMOID: 1 x 1.72 us = 1.72 us
TOP_K K=10 (98304,1,1,1): 1 x 8.76 us = 8.76 us
Total time: 1395.64 us.
----------------
Vulkan Timings:
CONCAT: 1 x 3.8 us = 3.8 us
CONT: 1 x 3.6 us = 3.6 us
FLASH_ATTN_EXT dst(256,24,1,1),  q(256,1,24,1),  k(256,256,4,1),  v(256,256,4,1),  m(256,1,1,1): 1 x 14.4 us = 14.4 us (436.907 GFLOPS/s)
GET_ROWS: 2 x 5.46 us = 10.92 us
GLU: 1 x 1.88 us = 1.88 us
MUL_MAT f32 m=256 n=24 k=256: 1 x 2.24 us = 2.24 us (1401.6 GFLOPS/s)
MUL_MAT f32 m=64 n=16 k=64: 1 x 3.6 us = 3.6 us (36.1244 GFLOPS/s)
MUL_MAT f32 m=64 n=96 k=64: 1 x 3.6 us = 3.6 us (216.747 GFLOPS/s)
MUL_MAT_ADD MUL_MAT_VEC q6_K m=5120 n=1 k=17408: 1 x 122.96 us = 122.96 us (1449.68 GFLOPS/s)
MUL_MAT_ADD MUL_MAT_VEC q6_K m=5120 n=1 k=6144: 1 x 54.12 us = 54.12 us (1162.41 GFLOPS/s)
MUL_MAT_VEC f32 m=256 n=4 k=256: 1 x 0.72 us = 0.72 us (726.756 GFLOPS/s)
MUL_MAT_VEC q6_K m=1024 n=1 k=5120: 2 x 5.9 us = 11.8 us (1777.07 GFLOPS/s)
MUL_MAT_VEC q6_K m=12288 n=1 k=5120: 1 x 92.88 us = 92.88 us (1354.62 GFLOPS/s)
MUL_MAT_VEC q6_K m=17408 n=1 k=5120: 2 x 121.32 us = 242.64 us (1469.18 GFLOPS/s)
MUL_MAT_VEC q6_K m=98304 n=1 k=5120: 1 x 671.44 us = 671.44 us (1499.07 GFLOPS/s)
MUL_MAT_VEC q8_0 m=5120 n=1 k=10240: 1 x 101.44 us = 101.44 us (1033.64 GFLOPS/s)
PAD: 1 x 6.36 us = 6.36 us
RMS_NORM_MUL RMS_NORM(256,24,1,1): 1 x 3.56 us = 3.56 us
RMS_NORM_MUL RMS_NORM(256,4,1,1): 1 x 3.64 us = 3.64 us
RMS_NORM_MUL RMS_NORM(5120,1,1,1): 5 x 3.8 us = 19 us
ROPE: 2 x 3.58 us = 7.16 us
SET_ROWS: 2 x 2.86 us = 5.72 us
SIGMOID_MUL SIGMOID: 1 x 1.68 us = 1.68 us
TOP_K K=10 (98304,1,1,1): 1 x 9.36 us = 9.36 us
Total time: 1398.52 us.
----------------
Vulkan Timings:
ADD: 48 x 3.846 us = 184.64 us
CONCAT: 48 x 2.527 us = 121.32 us
CONT: 16 x 3.915 us = 62.64 us
CPY: 240 x 2.317 us = 556.28 us
FLASH_ATTN_EXT dst(256,24,5,1),  q(256,5,24,1),  k(256,256,4,1),  v(256,256,4,1),  m(256,5,1,1): 16 x 21.63 us = 346.08 us (1454.34 GFLOPS/s)
GDN_CACHE GATED_DELTA_NET: 48 x 13.88 us = 666.28 us
GET_ROWS: 50 x 27.452 us = 1372.64 us
GLU: 64 x 1.867 us = 119.52 us
MUL_MAT f32 m=256 n=120 k=256: 16 x 1.87 us = 29.92 us (8394.61 GFLOPS/s)
MUL_MAT f32 m=256 n=20 k=256: 16 x 3.06 us = 48.96 us (855.007 GFLOPS/s)
MUL_MAT f32 m=64 n=480 k=64: 16 x 3.697 us = 59.16 us (1055.16 GFLOPS/s)
MUL_MAT f32 m=64 n=80 k=64: 16 x 3.277 us = 52.44 us (198.395 GFLOPS/s)
MUL_MAT_ADD MUL_MAT_VEC q6_K m=5120 n=5 k=17408: 64 x 137.22 us = 8782.12 us (6495.12 GFLOPS/s)
MUL_MAT_ADD MUL_MAT_VEC q6_K m=5120 n=5 k=6144: 16 x 56.427 us = 902.84 us (5574.36 GFLOPS/s)
MUL_MAT_VEC f32 m=48 n=5 k=5120: 96 x 3.529 us = 338.8 us (696.3 GFLOPS/s)
MUL_MAT_VEC q6_K m=1024 n=5 k=5120: 32 x 9.73 us = 311.36 us (5387.84 GFLOPS/s)
MUL_MAT_VEC q6_K m=10240 n=5 k=5120: 48 x 81.82 us = 3927.4 us (6407.13 GFLOPS/s)
MUL_MAT_VEC q6_K m=12288 n=5 k=5120: 16 x 104.24 us = 1667.84 us (6034.96 GFLOPS/s)
MUL_MAT_VEC q6_K m=17408 n=5 k=5120: 128 x 142.928 us = 18294.8 us (6235.32 GFLOPS/s)
MUL_MAT_VEC q6_K m=248320 n=5 k=5120: 1 x 1764.2 us = 1764.2 us (7205.95 GFLOPS/s)
MUL_MAT_VEC q6_K m=6144 n=5 k=5120: 48 x 54.313 us = 2607.04 us (5791.25 GFLOPS/s)
MUL_MAT_VEC q8_0 m=5120 n=5 k=6144: 48 x 63.32 us = 3039.4 us (4967.52 GFLOPS/s)
RMS_NORM_MUL RMS_NORM(256,24,5,1): 16 x 4.222 us = 67.56 us
RMS_NORM_MUL RMS_NORM(256,4,5,1): 16 x 4.605 us = 73.68 us
RMS_NORM_MUL RMS_NORM(5120,5,1,1): 129 x 2.742 us = 353.8 us
RMS_NORM_MUL_SILU_MUL RMS_NORM(128,48,5,1): 48 x 5.815 us = 279.16 us
RMS_NORM_SCALE RMS_NORM(128,16,5,1): 96 x 2.68 us = 257.32 us
ROPE: 32 x 3.943 us = 126.2 us
SET_ROWS: 32 x 3.021 us = 96.68 us
SIGMOID_MUL SIGMOID: 16 x 1.72 us = 27.52 us
SSM_CONV_SILU SSM_CONV: 48 x 5.625 us = 270 us
Total time: 46807.6 us.
----------------
Vulkan Timings:
CONCAT: 1 x 2.04 us = 2.04 us
CONT: 1 x 3.92 us = 3.92 us
FLASH_ATTN_EXT dst(256,24,5,1),  q(256,5,24,1),  k(256,256,4,1),  v(256,256,4,1),  m(256,5,1,1): 1 x 22 us = 22 us (1429.88 GFLOPS/s)
GLU: 1 x 1.6 us = 1.6 us
MUL_MAT f32 m=256 n=120 k=256: 1 x 1.84 us = 1.84 us (8531.48 GFLOPS/s)
MUL_MAT f32 m=256 n=20 k=256: 1 x 3.28 us = 3.28 us (797.659 GFLOPS/s)
MUL_MAT f32 m=64 n=480 k=64: 1 x 3.92 us = 3.92 us (995.265 GFLOPS/s)
MUL_MAT f32 m=64 n=80 k=64: 1 x 3.92 us = 3.92 us (165.878 GFLOPS/s)
MUL_MAT_ADD MUL_MAT_VEC q6_K m=5120 n=5 k=17408: 1 x 155 us = 155 us (5750.09 GFLOPS/s)
MUL_MAT_ADD MUL_MAT_VEC q6_K m=5120 n=5 k=6144: 1 x 63.4 us = 63.4 us (4961.31 GFLOPS/s)
MUL_MAT_VEC q6_K m=1024 n=5 k=5120: 2 x 11.9 us = 23.8 us (4405.35 GFLOPS/s)
MUL_MAT_VEC q6_K m=12288 n=5 k=5120: 1 x 118.99 us = 118.99 us (5286.87 GFLOPS/s)
MUL_MAT_VEC q6_K m=17408 n=5 k=5120: 2 x 135.88 us = 271.76 us (6558.75 GFLOPS/s)
MUL_MAT_VEC q8_0 m=5120 n=5 k=10240: 1 x 108.64 us = 108.64 us (4825.68 GFLOPS/s)
RMS_NORM_MUL RMS_NORM(256,24,5,1): 1 x 4.04 us = 4.04 us
RMS_NORM_MUL RMS_NORM(256,4,5,1): 1 x 3.92 us = 3.92 us
RMS_NORM_MUL RMS_NORM(5120,5,1,1): 5 x 8.108 us = 40.54 us
ROPE: 2 x 3.94 us = 7.88 us
SET_ROWS: 2 x 2.82 us = 5.64 us
SIGMOID_MUL SIGMOID: 1 x 1.84 us = 1.84 us
Total time: 847.97 us.
----------------
Vulkan Timings:
CONCAT: 1 x 3.76 us = 3.76 us
CONT: 1 x 3.6 us = 3.6 us
FLASH_ATTN_EXT dst(256,24,1,1),  q(256,1,24,1),  k(256,256,4,1),  v(256,256,4,1),  m(256,1,1,1): 1 x 12.84 us = 12.84 us (489.989 GFLOPS/s)
GET_ROWS: 2 x 4.28 us = 8.56 us
GLU: 1 x 1.68 us = 1.68 us
MUL_MAT f32 m=256 n=24 k=256: 1 x 1.56 us = 1.56 us (2012.55 GFLOPS/s)
MUL_MAT f32 m=64 n=16 k=64: 1 x 1.88 us = 1.88 us (69.1745 GFLOPS/s)
MUL_MAT f32 m=64 n=96 k=64: 1 x 3.28 us = 3.28 us (237.893 GFLOPS/s)
MUL_MAT_ADD MUL_MAT_VEC q6_K m=5120 n=1 k=17408: 1 x 132.76 us = 132.76 us (1342.67 GFLOPS/s)
MUL_MAT_ADD MUL_MAT_VEC q6_K m=5120 n=1 k=6144: 1 x 54.12 us = 54.12 us (1162.41 GFLOPS/s)
MUL_MAT_VEC f32 m=256 n=4 k=256: 1 x 3.16 us = 3.16 us (165.59 GFLOPS/s)
MUL_MAT_VEC q6_K m=1024 n=1 k=5120: 2 x 9.32 us = 18.64 us (1124.97 GFLOPS/s)
MUL_MAT_VEC q6_K m=12288 n=1 k=5120: 1 x 90.12 us = 90.12 us (1396.1 GFLOPS/s)
MUL_MAT_VEC q6_K m=17408 n=1 k=5120: 2 x 118.24 us = 236.48 us (1507.45 GFLOPS/s)
MUL_MAT_VEC q6_K m=98304 n=1 k=5120: 1 x 669.24 us = 669.24 us (1504 GFLOPS/s)
MUL_MAT_VEC q8_0 m=5120 n=1 k=10240: 1 x 91.56 us = 91.56 us (1145.18 GFLOPS/s)
PAD: 1 x 6.08 us = 6.08 us
RMS_NORM_MUL RMS_NORM(256,24,1,1): 1 x 3.32 us = 3.32 us
RMS_NORM_MUL RMS_NORM(256,4,1,1): 1 x 5 us = 5 us
RMS_NORM_MUL RMS_NORM(5120,1,1,1): 5 x 4.488 us = 22.44 us
ROPE: 2 x 3.46 us = 6.92 us
SET_ROWS: 2 x 2.68 us = 5.36 us
SIGMOID_MUL SIGMOID: 1 x 1.56 us = 1.56 us
TOP_K K=10 (98304,1,1,1): 1 x 9.24 us = 9.24 us
Total time: 1393.16 us.
----------------
Vulkan Timings:
CONCAT: 1 x 3.76 us = 3.76 us
CONT: 1 x 3.64 us = 3.64 us
FLASH_ATTN_EXT dst(256,24,1,1),  q(256,1,24,1),  k(256,256,4,1),  v(256,256,4,1),  m(256,1,1,1): 1 x 12.92 us = 12.92 us (486.955 GFLOPS/s)
GET_ROWS: 2 x 5.26 us = 10.52 us
GLU: 1 x 1.8 us = 1.8 us
MUL_MAT f32 m=256 n=24 k=256: 1 x 1.64 us = 1.64 us (1914.38 GFLOPS/s)
MUL_MAT f32 m=64 n=16 k=64: 1 x 3.6 us = 3.6 us (36.1244 GFLOPS/s)
MUL_MAT f32 m=64 n=96 k=64: 1 x 3.64 us = 3.64 us (214.365 GFLOPS/s)
MUL_MAT_ADD MUL_MAT_VEC q6_K m=5120 n=1 k=17408: 1 x 124.52 us = 124.52 us (1431.52 GFLOPS/s)
MUL_MAT_ADD MUL_MAT_VEC q6_K m=5120 n=1 k=6144: 1 x 55.04 us = 55.04 us (1142.98 GFLOPS/s)
MUL_MAT_VEC f32 m=256 n=4 k=256: 1 x 3.04 us = 3.04 us (172.126 GFLOPS/s)
MUL_MAT_VEC q6_K m=1024 n=1 k=5120: 2 x 9.18 us = 18.36 us (1142.13 GFLOPS/s)
MUL_MAT_VEC q6_K m=12288 n=1 k=5120: 1 x 85.64 us = 85.64 us (1469.14 GFLOPS/s)
MUL_MAT_VEC q6_K m=17408 n=1 k=5120: 2 x 121.12 us = 242.24 us (1471.6 GFLOPS/s)
MUL_MAT_VEC q6_K m=98304 n=1 k=5120: 1 x 671.3 us = 671.3 us (1499.38 GFLOPS/s)
MUL_MAT_VEC q8_0 m=5120 n=1 k=10240: 1 x 101.8 us = 101.8 us (1029.99 GFLOPS/s)
PAD: 1 x 7.12 us = 7.12 us
RMS_NORM_MUL RMS_NORM(256,24,1,1): 1 x 3.6 us = 3.6 us
RMS_NORM_MUL RMS_NORM(256,4,1,1): 1 x 3.6 us = 3.6 us
RMS_NORM_MUL RMS_NORM(5120,1,1,1): 5 x 3.792 us = 18.96 us
ROPE: 2 x 3.6 us = 7.2 us
SET_ROWS: 2 x 2.64 us = 5.28 us
SIGMOID_MUL SIGMOID: 1 x 1.72 us = 1.72 us
TOP_K K=10 (98304,1,1,1): 1 x 8.84 us = 8.84 us
Total time: 1399.78 us.
----------------
Vulkan Timings:
CONCAT: 1 x 3.76 us = 3.76 us
CONT: 1 x 3.6 us = 3.6 us
FLASH_ATTN_EXT dst(256,24,1,1),  q(256,1,24,1),  k(256,256,4,1),  v(256,256,4,1),  m(256,1,1,1): 1 x 12.92 us = 12.92 us (486.955 GFLOPS/s)
GET_ROWS: 2 x 4.32 us = 8.64 us
GLU: 1 x 1.76 us = 1.76 us
MUL_MAT f32 m=256 n=24 k=256: 1 x 1.68 us = 1.68 us (1868.8 GFLOPS/s)
MUL_MAT f32 m=64 n=16 k=64: 1 x 3.56 us = 3.56 us (36.5303 GFLOPS/s)
MUL_MAT f32 m=64 n=96 k=64: 1 x 3.6 us = 3.6 us (216.747 GFLOPS/s)
MUL_MAT_ADD MUL_MAT_VEC q6_K m=5120 n=1 k=17408: 1 x 123.52 us = 123.52 us (1443.11 GFLOPS/s)
MUL_MAT_ADD MUL_MAT_VEC q6_K m=5120 n=1 k=6144: 1 x 53.84 us = 53.84 us (1168.45 GFLOPS/s)
MUL_MAT_VEC f32 m=256 n=4 k=256: 1 x 3.04 us = 3.04 us (172.126 GFLOPS/s)
MUL_MAT_VEC q6_K m=1024 n=1 k=5120: 2 x 5.9 us = 11.8 us (1777.07 GFLOPS/s)
MUL_MAT_VEC q6_K m=12288 n=1 k=5120: 1 x 94 us = 94 us (1338.48 GFLOPS/s)
MUL_MAT_VEC q6_K m=17408 n=1 k=5120: 2 x 121.64 us = 243.28 us (1465.31 GFLOPS/s)
MUL_MAT_VEC q6_K m=98304 n=1 k=5120: 1 x 668.51 us = 668.51 us (1505.64 GFLOPS/s)
MUL_MAT_VEC q8_0 m=5120 n=1 k=10240: 1 x 101.2 us = 101.2 us (1036.09 GFLOPS/s)
PAD: 1 x 7.04 us = 7.04 us
RMS_NORM_MUL RMS_NORM(256,24,1,1): 1 x 3.6 us = 3.6 us
RMS_NORM_MUL RMS_NORM(256,4,1,1): 1 x 3.64 us = 3.64 us
RMS_NORM_MUL RMS_NORM(5120,1,1,1): 5 x 3.744 us = 18.72 us
ROPE: 2 x 3.58 us = 7.16 us
SET_ROWS: 2 x 2.68 us = 5.36 us
SIGMOID_MUL SIGMOID: 1 x 1.68 us = 1.68 us
TOP_K K=10 (98304,1,1,1): 1 x 8.96 us = 8.96 us
Total time: 1394.87 us.
----------------
Vulkan Timings:
CONCAT: 1 x 3.72 us = 3.72 us
CONT: 1 x 3.6 us = 3.6 us
FLASH_ATTN_EXT dst(256,24,1,1),  q(256,1,24,1),  k(256,256,4,1),  v(256,256,4,1),  m(256,1,1,1): 1 x 12.76 us = 12.76 us (493.061 GFLOPS/s)
GET_ROWS: 2 x 4.3 us = 8.6 us
GLU: 1 x 1.84 us = 1.84 us
MUL_MAT f32 m=256 n=24 k=256: 1 x 1.64 us = 1.64 us (1914.38 GFLOPS/s)
MUL_MAT f32 m=64 n=16 k=64: 1 x 3.64 us = 3.64 us (35.7275 GFLOPS/s)
MUL_MAT f32 m=64 n=96 k=64: 1 x 3.6 us = 3.6 us (216.747 GFLOPS/s)
MUL_MAT_ADD MUL_MAT_VEC q6_K m=5120 n=1 k=17408: 1 x 122.8 us = 122.8 us (1451.57 GFLOPS/s)
MUL_MAT_ADD MUL_MAT_VEC q6_K m=5120 n=1 k=6144: 1 x 53.88 us = 53.88 us (1167.58 GFLOPS/s)
MUL_MAT_VEC f32 m=256 n=4 k=256: 1 x 3.04 us = 3.04 us (172.126 GFLOPS/s)
MUL_MAT_VEC q6_K m=1024 n=1 k=5120: 2 x 9.06 us = 18.12 us (1157.26 GFLOPS/s)
MUL_MAT_VEC q6_K m=12288 n=1 k=5120: 1 x 85.44 us = 85.44 us (1472.58 GFLOPS/s)
MUL_MAT_VEC q6_K m=17408 n=1 k=5120: 2 x 120.98 us = 241.96 us (1473.31 GFLOPS/s)
MUL_MAT_VEC q6_K m=98304 n=1 k=5120: 1 x 672.85 us = 672.85 us (1495.93 GFLOPS/s)
MUL_MAT_VEC q8_0 m=5120 n=1 k=10240: 1 x 101.12 us = 101.12 us (1036.91 GFLOPS/s)
PAD: 1 x 6.28 us = 6.28 us
RMS_NORM_MUL RMS_NORM(256,24,1,1): 1 x 3.64 us = 3.64 us
RMS_NORM_MUL RMS_NORM(256,4,1,1): 1 x 3.64 us = 3.64 us
RMS_NORM_MUL RMS_NORM(5120,1,1,1): 5 x 3.792 us = 18.96 us
ROPE: 2 x 3.58 us = 7.16 us
SET_ROWS: 2 x 2.64 us = 5.28 us
SIGMOID_MUL SIGMOID: 1 x 1.68 us = 1.68 us
TOP_K K=10 (98304,1,1,1): 1 x 8.8 us = 8.8 us
Total time: 1394.05 us.
----------------
Vulkan Timings:
ADD: 48 x 3.835 us = 184.12 us
CONCAT: 48 x 2.475 us = 118.8 us
CONT: 16 x 3.91 us = 62.56 us
CPY: 240 x 2.287 us = 549 us
FLASH_ATTN_EXT dst(256,24,5,1),  q(256,5,24,1),  k(256,256,4,1),  v(256,256,4,1),  m(256,5,1,1): 16 x 21.332 us = 341.32 us (1474.62 GFLOPS/s)
GDN_CACHE GATED_DELTA_NET: 48 x 13.803 us = 662.56 us
GET_ROWS: 50 x 27.311 us = 1365.56 us
GLU: 64 x 1.876 us = 120.12 us
MUL_MAT f32 m=256 n=120 k=256: 16 x 1.825 us = 29.2 us (8601.6 GFLOPS/s)
MUL_MAT f32 m=256 n=20 k=256: 16 x 3.197 us = 51.16 us (818.239 GFLOPS/s)
MUL_MAT f32 m=64 n=480 k=64: 16 x 3.695 us = 59.12 us (1055.87 GFLOPS/s)
MUL_MAT f32 m=64 n=80 k=64: 16 x 3.267 us = 52.28 us (199.002 GFLOPS/s)
MUL_MAT_ADD MUL_MAT_VEC q6_K m=5120 n=5 k=17408: 64 x 137.093 us = 8774 us (6501.13 GFLOPS/s)
MUL_MAT_ADD MUL_MAT_VEC q6_K m=5120 n=5 k=6144: 16 x 56.077 us = 897.24 us (5609.15 GFLOPS/s)
MUL_MAT_VEC f32 m=48 n=5 k=5120: 96 x 3.525 us = 338.4 us (697.123 GFLOPS/s)
MUL_MAT_VEC q6_K m=1024 n=5 k=5120: 32 x 9.462 us = 302.8 us (5540.15 GFLOPS/s)
MUL_MAT_VEC q6_K m=10240 n=5 k=5120: 48 x 81.639 us = 3918.68 us (6421.39 GFLOPS/s)
MUL_MAT_VEC q6_K m=12288 n=5 k=5120: 16 x 104.87 us = 1677.92 us (5998.7 GFLOPS/s)
MUL_MAT_VEC q6_K m=17408 n=5 k=5120: 128 x 142.482 us = 18237.7 us (6254.83 GFLOPS/s)
MUL_MAT_VEC q6_K m=248320 n=5 k=5120: 1 x 1756.64 us = 1756.64 us (7236.97 GFLOPS/s)
MUL_MAT_VEC q6_K m=6144 n=5 k=5120: 48 x 54.17 us = 2600.16 us (5806.57 GFLOPS/s)
MUL_MAT_VEC q8_0 m=5120 n=5 k=6144: 48 x 63.338 us = 3040.24 us (4966.14 GFLOPS/s)
RMS_NORM_MUL RMS_NORM(256,24,5,1): 16 x 3.932 us = 62.92 us
RMS_NORM_MUL RMS_NORM(256,4,5,1): 16 x 4.61 us = 73.76 us
RMS_NORM_MUL RMS_NORM(5120,5,1,1): 129 x 2.736 us = 352.96 us
RMS_NORM_MUL_SILU_MUL RMS_NORM(128,48,5,1): 48 x 5.799 us = 278.36 us
RMS_NORM_SCALE RMS_NORM(128,16,5,1): 96 x 2.71 us = 260.16 us
ROPE: 32 x 3.925 us = 125.6 us
SET_ROWS: 32 x 3.043 us = 97.4 us
SIGMOID_MUL SIGMOID: 16 x 1.707 us = 27.32 us
SSM_CONV_SILU SSM_CONV: 48 x 5.676 us = 272.48 us
Total time: 46690.6 us.
----------------
Vulkan Timings:
CONCAT: 1 x 2 us = 2 us
CONT: 1 x 3.84 us = 3.84 us
FLASH_ATTN_EXT dst(256,24,5,1),  q(256,5,24,1),  k(256,256,4,1),  v(256,256,4,1),  m(256,5,1,1): 1 x 21.64 us = 21.64 us (1453.66 GFLOPS/s)
GLU: 1 x 1.64 us = 1.64 us
MUL_MAT f32 m=256 n=120 k=256: 1 x 1.76 us = 1.76 us (8919.27 GFLOPS/s)
MUL_MAT f32 m=256 n=20 k=256: 1 x 3.24 us = 3.24 us (807.506 GFLOPS/s)
MUL_MAT f32 m=64 n=480 k=64: 1 x 3.88 us = 3.88 us (1005.53 GFLOPS/s)
MUL_MAT f32 m=64 n=80 k=64: 1 x 3.84 us = 3.84 us (169.333 GFLOPS/s)
MUL_MAT_ADD MUL_MAT_VEC q6_K m=5120 n=5 k=17408: 1 x 156.86 us = 156.86 us (5681.91 GFLOPS/s)
MUL_MAT_ADD MUL_MAT_VEC q6_K m=5120 n=5 k=6144: 1 x 61.32 us = 61.32 us (5129.6 GFLOPS/s)
MUL_MAT_VEC q6_K m=1024 n=5 k=5120: 2 x 11.32 us = 22.64 us (4631.07 GFLOPS/s)
MUL_MAT_VEC q6_K m=12288 n=5 k=5120: 1 x 118.62 us = 118.62 us (5303.36 GFLOPS/s)
MUL_MAT_VEC q6_K m=17408 n=5 k=5120: 2 x 135.14 us = 270.28 us (6594.66 GFLOPS/s)
MUL_MAT_VEC q8_0 m=5120 n=5 k=10240: 1 x 106.4 us = 106.4 us (4927.28 GFLOPS/s)
RMS_NORM_MUL RMS_NORM(256,24,5,1): 1 x 3.96 us = 3.96 us
RMS_NORM_MUL RMS_NORM(256,4,5,1): 1 x 3.8 us = 3.8 us
RMS_NORM_MUL RMS_NORM(5120,5,1,1): 5 x 8.09 us = 40.45 us
ROPE: 2 x 3.82 us = 7.64 us
SET_ROWS: 2 x 2.76 us = 5.52 us
SIGMOID_MUL SIGMOID: 1 x 1.84 us = 1.84 us
Total time: 841.17 us.
----------------
Vulkan Timings:
CONCAT: 1 x 3.68 us = 3.68 us
CONT: 1 x 3.6 us = 3.6 us
FLASH_ATTN_EXT dst(256,24,1,1),  q(256,1,24,1),  k(256,256,4,1),  v(256,256,4,1),  m(256,1,1,1): 1 x 12.64 us = 12.64 us (497.742 GFLOPS/s)
GET_ROWS: 2 x 4.3 us = 8.6 us
GLU: 1 x 1.6 us = 1.6 us
MUL_MAT f32 m=256 n=24 k=256: 1 x 1.48 us = 1.48 us (2121.34 GFLOPS/s)
MUL_MAT f32 m=64 n=16 k=64: 1 x 1.84 us = 1.84 us (70.6783 GFLOPS/s)
MUL_MAT f32 m=64 n=96 k=64: 1 x 3.28 us = 3.28 us (237.893 GFLOPS/s)
MUL_MAT_ADD MUL_MAT_VEC q6_K m=5120 n=1 k=17408: 1 x 130.52 us = 130.52 us (1365.71 GFLOPS/s)
MUL_MAT_ADD MUL_MAT_VEC q6_K m=5120 n=1 k=6144: 1 x 53.8 us = 53.8 us (1169.32 GFLOPS/s)
MUL_MAT_VEC f32 m=256 n=4 k=256: 1 x 3.08 us = 3.08 us (169.891 GFLOPS/s)
MUL_MAT_VEC q6_K m=1024 n=1 k=5120: 2 x 9.38 us = 18.76 us (1117.78 GFLOPS/s)
MUL_MAT_VEC q6_K m=12288 n=1 k=5120: 1 x 89.92 us = 89.92 us (1399.21 GFLOPS/s)
MUL_MAT_VEC q6_K m=17408 n=1 k=5120: 2 x 118.36 us = 236.72 us (1505.92 GFLOPS/s)
MUL_MAT_VEC q6_K m=98304 n=1 k=5120: 1 x 668.6 us = 668.6 us (1505.44 GFLOPS/s)
MUL_MAT_VEC q8_0 m=5120 n=1 k=10240: 1 x 92.96 us = 92.96 us (1127.93 GFLOPS/s)
PAD: 1 x 6.4 us = 6.4 us
RMS_NORM_MUL RMS_NORM(256,24,1,1): 1 x 3.28 us = 3.28 us
RMS_NORM_MUL RMS_NORM(256,4,1,1): 1 x 4.92 us = 4.92 us
RMS_NORM_MUL RMS_NORM(5120,1,1,1): 5 x 4.208 us = 21.04 us
ROPE: 2 x 3.36 us = 6.72 us
SET_ROWS: 2 x 2.6 us = 5.2 us
SIGMOID_MUL SIGMOID: 1 x 1.6 us = 1.6 us
TOP_K K=10 (98304,1,1,1): 1 x 9.16 us = 9.16 us
Total time: 1389.4 us.
----------------
Vulkan Timings:
CONCAT: 1 x 3.8 us = 3.8 us
CONT: 1 x 3.64 us = 3.64 us
FLASH_ATTN_EXT dst(256,24,1,1),  q(256,1,24,1),  k(256,256,4,1),  v(256,256,4,1),  m(256,1,1,1): 1 x 12.92 us = 12.92 us (486.955 GFLOPS/s)
GET_ROWS: 2 x 4.32 us = 8.64 us
GLU: 1 x 1.8 us = 1.8 us
MUL_MAT f32 m=256 n=24 k=256: 1 x 1.64 us = 1.64 us (1914.38 GFLOPS/s)
MUL_MAT f32 m=64 n=16 k=64: 1 x 3.64 us = 3.64 us (35.7275 GFLOPS/s)
MUL_MAT f32 m=64 n=96 k=64: 1 x 3.64 us = 3.64 us (214.365 GFLOPS/s)
MUL_MAT_ADD MUL_MAT_VEC q6_K m=5120 n=1 k=17408: 1 x 123.4 us = 123.4 us (1444.51 GFLOPS/s)
MUL_MAT_ADD MUL_MAT_VEC q6_K m=5120 n=1 k=6144: 1 x 53.8 us = 53.8 us (1169.32 GFLOPS/s)
MUL_MAT_VEC f32 m=256 n=4 k=256: 1 x 3.08 us = 3.08 us (169.891 GFLOPS/s)
MUL_MAT_VEC q6_K m=1024 n=1 k=5120: 2 x 9.12 us = 18.24 us (1149.64 GFLOPS/s)
MUL_MAT_VEC q6_K m=12288 n=1 k=5120: 1 x 85.88 us = 85.88 us (1465.03 GFLOPS/s)
MUL_MAT_VEC q6_K m=17408 n=1 k=5120: 2 x 121.44 us = 242.88 us (1467.72 GFLOPS/s)
MUL_MAT_VEC q6_K m=98304 n=1 k=5120: 1 x 671.81 us = 671.81 us (1498.24 GFLOPS/s)
MUL_MAT_VEC q8_0 m=5120 n=1 k=10240: 1 x 101.92 us = 101.92 us (1028.77 GFLOPS/s)
PAD: 1 x 6.04 us = 6.04 us
RMS_NORM_MUL RMS_NORM(256,24,1,1): 1 x 3.6 us = 3.6 us
RMS_NORM_MUL RMS_NORM(256,4,1,1): 1 x 3.6 us = 3.6 us
RMS_NORM_MUL RMS_NORM(5120,1,1,1): 5 x 3.752 us = 18.76 us
ROPE: 2 x 3.6 us = 7.2 us
SET_ROWS: 2 x 2.7 us = 5.4 us
SIGMOID_MUL SIGMOID: 1 x 1.68 us = 1.68 us
TOP_K K=10 (98304,1,1,1): 1 x 9.32 us = 9.32 us
Total time: 1396.33 us.
----------------
Vulkan Timings:
CONCAT: 1 x 3.76 us = 3.76 us
CONT: 1 x 3.64 us = 3.64 us
FLASH_ATTN_EXT dst(256,24,1,1),  q(256,1,24,1),  k(256,256,4,1),  v(256,256,4,1),  m(256,1,1,1): 1 x 12.92 us = 12.92 us (486.955 GFLOPS/s)
GET_ROWS: 2 x 4.26 us = 8.52 us
GLU: 1 x 1.8 us = 1.8 us
MUL_MAT f32 m=256 n=24 k=256: 1 x 1.64 us = 1.64 us (1914.38 GFLOPS/s)
MUL_MAT f32 m=64 n=16 k=64: 1 x 3.6 us = 3.6 us (36.1244 GFLOPS/s)
MUL_MAT f32 m=64 n=96 k=64: 1 x 3.6 us = 3.6 us (216.747 GFLOPS/s)
MUL_MAT_ADD MUL_MAT_VEC q6_K m=5120 n=1 k=17408: 1 x 123.4 us = 123.4 us (1444.51 GFLOPS/s)
MUL_MAT_ADD MUL_MAT_VEC q6_K m=5120 n=1 k=6144: 1 x 54.24 us = 54.24 us (1159.83 GFLOPS/s)
MUL_MAT_VEC f32 m=256 n=4 k=256: 1 x 3.04 us = 3.04 us (172.126 GFLOPS/s)
MUL_MAT_VEC q6_K m=1024 n=1 k=5120: 2 x 9.18 us = 18.36 us (1142.13 GFLOPS/s)
MUL_MAT_VEC q6_K m=12288 n=1 k=5120: 1 x 86.16 us = 86.16 us (1460.27 GFLOPS/s)
MUL_MAT_VEC q6_K m=17408 n=1 k=5120: 2 x 121.16 us = 242.32 us (1471.12 GFLOPS/s)
MUL_MAT_VEC q6_K m=98304 n=1 k=5120: 1 x 672.22 us = 672.22 us (1497.33 GFLOPS/s)
MUL_MAT_VEC q8_0 m=5120 n=1 k=10240: 1 x 102.04 us = 102.04 us (1027.56 GFLOPS/s)
PAD: 1 x 6.28 us = 6.28 us
RMS_NORM_MUL RMS_NORM(256,24,1,1): 1 x 3.64 us = 3.64 us
RMS_NORM_MUL RMS_NORM(256,4,1,1): 1 x 3.64 us = 3.64 us
RMS_NORM_MUL RMS_NORM(5120,1,1,1): 5 x 3.704 us = 18.52 us
ROPE: 2 x 3.6 us = 7.2 us
SET_ROWS: 2 x 2.66 us = 5.32 us
SIGMOID_MUL SIGMOID: 1 x 1.68 us = 1.68 us
TOP_K K=10 (98304,1,1,1): 1 x 8.92 us = 8.92 us
Total time: 1396.46 us.
----------------
Vulkan Timings:
CONCAT: 1 x 3.72 us = 3.72 us
CONT: 1 x 3.6 us = 3.6 us
FLASH_ATTN_EXT dst(256,24,1,1),  q(256,1,24,1),  k(256,256,4,1),  v(256,256,4,1),  m(256,1,1,1): 1 x 12.76 us = 12.76 us (493.061 GFLOPS/s)
GET_ROWS: 2 x 4.26 us = 8.52 us
GLU: 1 x 1.96 us = 1.96 us
MUL_MAT f32 m=256 n=24 k=256: 1 x 1.6 us = 1.6 us (1962.24 GFLOPS/s)
MUL_MAT f32 m=64 n=16 k=64: 1 x 3.56 us = 3.56 us (36.5303 GFLOPS/s)
MUL_MAT f32 m=64 n=96 k=64: 1 x 3.64 us = 3.64 us (214.365 GFLOPS/s)
MUL_MAT_ADD MUL_MAT_VEC q6_K m=5120 n=1 k=17408: 1 x 122.92 us = 122.92 us (1450.15 GFLOPS/s)
MUL_MAT_ADD MUL_MAT_VEC q6_K m=5120 n=1 k=6144: 1 x 53.84 us = 53.84 us (1168.45 GFLOPS/s)
MUL_MAT_VEC f32 m=256 n=4 k=256: 1 x 3.04 us = 3.04 us (172.126 GFLOPS/s)
MUL_MAT_VEC q6_K m=1024 n=1 k=5120: 2 x 9.26 us = 18.52 us (1132.26 GFLOPS/s)
MUL_MAT_VEC q6_K m=12288 n=1 k=5120: 1 x 85.4 us = 85.4 us (1473.27 GFLOPS/s)
MUL_MAT_VEC q6_K m=17408 n=1 k=5120: 2 x 121.26 us = 242.52 us (1469.9 GFLOPS/s)
MUL_MAT_VEC q6_K m=98304 n=1 k=5120: 1 x 670.76 us = 670.76 us (1500.59 GFLOPS/s)
MUL_MAT_VEC q8_0 m=5120 n=1 k=10240: 1 x 101.08 us = 101.08 us (1037.32 GFLOPS/s)
PAD: 1 x 6.28 us = 6.28 us
RMS_NORM_MUL RMS_NORM(256,24,1,1): 1 x 3.6 us = 3.6 us
RMS_NORM_MUL RMS_NORM(256,4,1,1): 1 x 3.6 us = 3.6 us
RMS_NORM_MUL RMS_NORM(5120,1,1,1): 5 x 3.752 us = 18.76 us
ROPE: 2 x 3.56 us = 7.12 us
SET_ROWS: 2 x 2.7 us = 5.4 us
SIGMOID_MUL SIGMOID: 1 x 1.72 us = 1.72 us
TOP_K K=10 (98304,1,1,1): 1 x 8.84 us = 8.84 us
Total time: 1392.76 us.
----------------
Vulkan Timings:
ADD: 48 x 3.836 us = 184.16 us
CONCAT: 48 x 2.481 us = 119.12 us
CONT: 16 x 3.915 us = 62.64 us
CPY: 240 x 2.283 us = 547.92 us
FLASH_ATTN_EXT dst(256,24,5,1),  q(256,5,24,1),  k(256,256,4,1),  v(256,256,4,1),  m(256,5,1,1): 16 x 21.53 us = 344.48 us (1461.09 GFLOPS/s)
GDN_CACHE GATED_DELTA_NET: 48 x 13.849 us = 664.76 us
GET_ROWS: 50 x 27.389 us = 1369.48 us
GLU: 64 x 1.865 us = 119.4 us
MUL_MAT f32 m=256 n=120 k=256: 16 x 1.837 us = 29.4 us (8543.09 GFLOPS/s)
MUL_MAT f32 m=256 n=20 k=256: 16 x 3.2 us = 51.2 us (817.6 GFLOPS/s)
MUL_MAT f32 m=64 n=480 k=64: 16 x 3.705 us = 59.28 us (1053.02 GFLOPS/s)
MUL_MAT f32 m=64 n=80 k=64: 16 x 3.265 us = 52.24 us (199.155 GFLOPS/s)
MUL_MAT_ADD MUL_MAT_VEC q6_K m=5120 n=5 k=17408: 64 x 137.237 us = 8783.2 us (6494.32 GFLOPS/s)
MUL_MAT_ADD MUL_MAT_VEC q6_K m=5120 n=5 k=6144: 16 x 56.13 us = 898.08 us (5603.91 GFLOPS/s)
MUL_MAT_VEC f32 m=48 n=5 k=5120: 96 x 3.427 us = 329.08 us (716.867 GFLOPS/s)
MUL_MAT_VEC q6_K m=1024 n=5 k=5120: 32 x 9.843 us = 315 us (5325.58 GFLOPS/s)
MUL_MAT_VEC q6_K m=10240 n=5 k=5120: 48 x 81.625 us = 3918 us (6422.5 GFLOPS/s)
MUL_MAT_VEC q6_K m=12288 n=5 k=5120: 16 x 104.212 us = 1667.4 us (6036.55 GFLOPS/s)
MUL_MAT_VEC q6_K m=17408 n=5 k=5120: 128 x 142.952 us = 18298 us (6234.24 GFLOPS/s)
MUL_MAT_VEC q6_K m=248320 n=5 k=5120: 1 x 1771.6 us = 1771.6 us (7175.85 GFLOPS/s)
MUL_MAT_VEC q6_K m=6144 n=5 k=5120: 48 x 54.383 us = 2610.4 us (5783.8 GFLOPS/s)
MUL_MAT_VEC q8_0 m=5120 n=5 k=6144: 48 x 63.26 us = 3036.52 us (4972.23 GFLOPS/s)
RMS_NORM_MUL RMS_NORM(256,24,5,1): 16 x 4.01 us = 64.16 us
RMS_NORM_MUL RMS_NORM(256,4,5,1): 16 x 4.597 us = 73.56 us
RMS_NORM_MUL RMS_NORM(5120,5,1,1): 129 x 2.732 us = 352.52 us
RMS_NORM_MUL_SILU_MUL RMS_NORM(128,48,5,1): 48 x 5.806 us = 278.72 us
RMS_NORM_SCALE RMS_NORM(128,16,5,1): 96 x 2.73 us = 262.12 us
ROPE: 32 x 3.926 us = 125.64 us
SET_ROWS: 32 x 2.987 us = 95.6 us
SIGMOID_MUL SIGMOID: 16 x 1.732 us = 27.72 us
SSM_CONV_SILU SSM_CONV: 48 x 5.803 us = 278.56 us
Total time: 46789.9 us.
----------------
Vulkan Timings:
CONCAT: 1 x 2.08 us = 2.08 us
CONT: 1 x 3.8 us = 3.8 us
FLASH_ATTN_EXT dst(256,24,5,1),  q(256,5,24,1),  k(256,256,4,1),  v(256,256,4,1),  m(256,5,1,1): 1 x 21.72 us = 21.72 us (1448.31 GFLOPS/s)
GLU: 1 x 1.84 us = 1.84 us
MUL_MAT f32 m=256 n=120 k=256: 1 x 1.8 us = 1.8 us (8721.07 GFLOPS/s)
MUL_MAT f32 m=256 n=20 k=256: 1 x 3.2 us = 3.2 us (817.6 GFLOPS/s)
MUL_MAT f32 m=64 n=480 k=64: 1 x 3.8 us = 3.8 us (1026.69 GFLOPS/s)
MUL_MAT f32 m=64 n=80 k=64: 1 x 3.88 us = 3.88 us (167.588 GFLOPS/s)
MUL_MAT_ADD MUL_MAT_VEC q6_K m=5120 n=5 k=17408: 1 x 157.6 us = 157.6 us (5655.23 GFLOPS/s)
MUL_MAT_ADD MUL_MAT_VEC q6_K m=5120 n=5 k=6144: 1 x 62.36 us = 62.36 us (5044.05 GFLOPS/s)
MUL_MAT_VEC q6_K m=1024 n=5 k=5120: 2 x 11.5 us = 23 us (4558.58 GFLOPS/s)
MUL_MAT_VEC q6_K m=12288 n=5 k=5120: 1 x 118.32 us = 118.32 us (5316.8 GFLOPS/s)
MUL_MAT_VEC q6_K m=17408 n=5 k=5120: 2 x 134.56 us = 269.12 us (6623.09 GFLOPS/s)
MUL_MAT_VEC q8_0 m=5120 n=5 k=10240: 1 x 107.08 us = 107.08 us (4895.99 GFLOPS/s)
RMS_NORM_MUL RMS_NORM(256,24,5,1): 1 x 4 us = 4 us
RMS_NORM_MUL RMS_NORM(256,4,5,1): 1 x 3.88 us = 3.88 us
RMS_NORM_MUL RMS_NORM(5120,5,1,1): 5 x 9.972 us = 49.86 us
ROPE: 2 x 3.82 us = 7.64 us
SET_ROWS: 2 x 2.78 us = 5.56 us
SIGMOID_MUL SIGMOID: 1 x 1.84 us = 1.84 us
Total time: 852.38 us.
----------------
Vulkan Timings:
CONCAT: 1 x 3.76 us = 3.76 us
CONT: 1 x 3.6 us = 3.6 us
FLASH_ATTN_EXT dst(256,24,1,1),  q(256,1,24,1),  k(256,256,4,1),  v(256,256,4,1),  m(256,1,1,1): 1 x 12.8 us = 12.8 us (491.52 GFLOPS/s)
GET_ROWS: 2 x 4.22 us = 8.44 us
GLU: 1 x 1.68 us = 1.68 us
MUL_MAT f32 m=256 n=24 k=256: 1 x 1.6 us = 1.6 us (1962.24 GFLOPS/s)
MUL_MAT f32 m=64 n=16 k=64: 1 x 1.88 us = 1.88 us (69.1745 GFLOPS/s)
MUL_MAT f32 m=64 n=96 k=64: 1 x 3.28 us = 3.28 us (237.893 GFLOPS/s)
MUL_MAT_ADD MUL_MAT_VEC q6_K m=5120 n=1 k=17408: 1 x 130.2 us = 130.2 us (1369.07 GFLOPS/s)
MUL_MAT_ADD MUL_MAT_VEC q6_K m=5120 n=1 k=6144: 1 x 53.8 us = 53.8 us (1169.32 GFLOPS/s)
MUL_MAT_VEC f32 m=256 n=4 k=256: 1 x 3.16 us = 3.16 us (165.59 GFLOPS/s)
MUL_MAT_VEC q6_K m=1024 n=1 k=5120: 2 x 9.44 us = 18.88 us (1110.67 GFLOPS/s)
MUL_MAT_VEC q6_K m=12288 n=1 k=5120: 1 x 90.64 us = 90.64 us (1388.09 GFLOPS/s)
MUL_MAT_VEC q6_K m=17408 n=1 k=5120: 2 x 118.02 us = 236.04 us (1510.26 GFLOPS/s)
MUL_MAT_VEC q6_K m=98304 n=1 k=5120: 1 x 675.13 us = 675.13 us (1490.88 GFLOPS/s)
MUL_MAT_VEC q8_0 m=5120 n=1 k=10240: 1 x 91.56 us = 91.56 us (1145.18 GFLOPS/s)
PAD: 1 x 6.4 us = 6.4 us
RMS_NORM_MUL RMS_NORM(256,24,1,1): 1 x 3.28 us = 3.28 us
RMS_NORM_MUL RMS_NORM(256,4,1,1): 1 x 4.96 us = 4.96 us
RMS_NORM_MUL RMS_NORM(5120,1,1,1): 5 x 4.544 us = 22.72 us
ROPE: 2 x 3.4 us = 6.8 us
SET_ROWS: 2 x 2.72 us = 5.44 us
SIGMOID_MUL SIGMOID: 1 x 1.6 us = 1.6 us
TOP_K K=10 (98304,1,1,1): 1 x 8.88 us = 8.88 us
Total time: 1396.53 us.
----------------
Vulkan Timings:
CONCAT: 1 x 3.76 us = 3.76 us
CONT: 1 x 3.6 us = 3.6 us
FLASH_ATTN_EXT dst(256,24,1,1),  q(256,1,24,1),  k(256,256,4,1),  v(256,256,4,1),  m(256,1,1,1): 1 x 12.72 us = 12.72 us (494.611 GFLOPS/s)
GET_ROWS: 2 x 4.3 us = 8.6 us
GLU: 1 x 1.8 us = 1.8 us
MUL_MAT f32 m=256 n=24 k=256: 1 x 1.6 us = 1.6 us (1962.24 GFLOPS/s)
MUL_MAT f32 m=64 n=16 k=64: 1 x 3.64 us = 3.64 us (35.7275 GFLOPS/s)
MUL_MAT f32 m=64 n=96 k=64: 1 x 3.56 us = 3.56 us (219.182 GFLOPS/s)
MUL_MAT_ADD MUL_MAT_VEC q6_K m=5120 n=1 k=17408: 1 x 123.84 us = 123.84 us (1439.38 GFLOPS/s)
MUL_MAT_ADD MUL_MAT_VEC q6_K m=5120 n=1 k=6144: 1 x 54 us = 54 us (1164.99 GFLOPS/s)
MUL_MAT_VEC f32 m=256 n=4 k=256: 1 x 3.04 us = 3.04 us (172.126 GFLOPS/s)
MUL_MAT_VEC q6_K m=1024 n=1 k=5120: 2 x 9.1 us = 18.2 us (1152.17 GFLOPS/s)
MUL_MAT_VEC q6_K m=12288 n=1 k=5120: 1 x 85.52 us = 85.52 us (1471.2 GFLOPS/s)
MUL_MAT_VEC q6_K m=17408 n=1 k=5120: 2 x 121.2 us = 242.4 us (1470.63 GFLOPS/s)
MUL_MAT_VEC q6_K m=98304 n=1 k=5120: 1 x 672.89 us = 672.89 us (1495.84 GFLOPS/s)
MUL_MAT_VEC q8_0 m=5120 n=1 k=10240: 1 x 101.12 us = 101.12 us (1036.91 GFLOPS/s)
PAD: 1 x 7.12 us = 7.12 us
RMS_NORM_MUL RMS_NORM(256,24,1,1): 1 x 3.64 us = 3.64 us
RMS_NORM_MUL RMS_NORM(256,4,1,1): 1 x 3.56 us = 3.56 us
RMS_NORM_MUL RMS_NORM(5120,1,1,1): 5 x 3.744 us = 18.72 us
ROPE: 2 x 3.58 us = 7.16 us
SET_ROWS: 2 x 2.66 us = 5.32 us
SIGMOID_MUL SIGMOID: 1 x 1.68 us = 1.68 us
TOP_K K=10 (98304,1,1,1): 1 x 9 us = 9 us
Total time: 1396.49 us.
----------------
Vulkan Timings:
CONCAT: 1 x 3.72 us = 3.72 us
CONT: 1 x 3.64 us = 3.64 us
FLASH_ATTN_EXT dst(256,24,1,1),  q(256,1,24,1),  k(256,256,4,1),  v(256,256,4,1),  m(256,1,1,1): 1 x 12.72 us = 12.72 us (494.611 GFLOPS/s)
GET_ROWS: 2 x 4.32 us = 8.64 us
GLU: 1 x 1.8 us = 1.8 us
MUL_MAT f32 m=256 n=24 k=256: 1 x 1.64 us = 1.64 us (1914.38 GFLOPS/s)
MUL_MAT f32 m=64 n=16 k=64: 1 x 3.6 us = 3.6 us (36.1244 GFLOPS/s)
MUL_MAT f32 m=64 n=96 k=64: 1 x 3.6 us = 3.6 us (216.747 GFLOPS/s)
MUL_MAT_ADD MUL_MAT_VEC q6_K m=5120 n=1 k=17408: 1 x 123.32 us = 123.32 us (1445.45 GFLOPS/s)
MUL_MAT_ADD MUL_MAT_VEC q6_K m=5120 n=1 k=6144: 1 x 54.08 us = 54.08 us (1163.27 GFLOPS/s)
MUL_MAT_VEC f32 m=256 n=4 k=256: 1 x 3.04 us = 3.04 us (172.126 GFLOPS/s)
MUL_MAT_VEC q6_K m=1024 n=1 k=5120: 2 x 9.24 us = 18.48 us (1134.71 GFLOPS/s)
MUL_MAT_VEC q6_K m=12288 n=1 k=5120: 1 x 85.24 us = 85.24 us (1476.03 GFLOPS/s)
MUL_MAT_VEC q6_K m=17408 n=1 k=5120: 2 x 121.22 us = 242.44 us (1470.39 GFLOPS/s)
MUL_MAT_VEC q6_K m=98304 n=1 k=5120: 1 x 671.64 us = 671.64 us (1498.62 GFLOPS/s)
MUL_MAT_VEC q8_0 m=5120 n=1 k=10240: 1 x 101.36 us = 101.36 us (1034.46 GFLOPS/s)
PAD: 1 x 6.24 us = 6.24 us
RMS_NORM_MUL RMS_NORM(256,24,1,1): 1 x 3.6 us = 3.6 us
RMS_NORM_MUL RMS_NORM(256,4,1,1): 1 x 3.56 us = 3.56 us
RMS_NORM_MUL RMS_NORM(5120,1,1,1): 5 x 3.76 us = 18.8 us
ROPE: 2 x 3.56 us = 7.12 us
SET_ROWS: 2 x 2.66 us = 5.32 us
SIGMOID_MUL SIGMOID: 1 x 1.72 us = 1.72 us
TOP_K K=10 (98304,1,1,1): 1 x 9 us = 9 us
Total time: 1394.32 us.
----------------
Vulkan Timings:
CONCAT: 1 x 3.76 us = 3.76 us
CONT: 1 x 3.6 us = 3.6 us
FLASH_ATTN_EXT dst(256,24,1,1),  q(256,1,24,1),  k(256,256,4,1),  v(256,256,4,1),  m(256,1,1,1): 1 x 12.88 us = 12.88 us (488.467 GFLOPS/s)
GET_ROWS: 2 x 4.2 us = 8.4 us
GLU: 1 x 1.76 us = 1.76 us
MUL_MAT f32 m=256 n=24 k=256: 1 x 1.68 us = 1.68 us (1868.8 GFLOPS/s)
MUL_MAT f32 m=64 n=16 k=64: 1 x 3.64 us = 3.64 us (35.7275 GFLOPS/s)
MUL_MAT f32 m=64 n=96 k=64: 1 x 3.6 us = 3.6 us (216.747 GFLOPS/s)
MUL_MAT_ADD MUL_MAT_VEC q6_K m=5120 n=1 k=17408: 1 x 123.24 us = 123.24 us (1446.39 GFLOPS/s)
MUL_MAT_ADD MUL_MAT_VEC q6_K m=5120 n=1 k=6144: 1 x 54.44 us = 54.44 us (1155.57 GFLOPS/s)
MUL_MAT_VEC f32 m=256 n=4 k=256: 1 x 3.04 us = 3.04 us (172.126 GFLOPS/s)
MUL_MAT_VEC q6_K m=1024 n=1 k=5120: 2 x 5.9 us = 11.8 us (1777.07 GFLOPS/s)
MUL_MAT_VEC q6_K m=12288 n=1 k=5120: 1 x 93.12 us = 93.12 us (1351.13 GFLOPS/s)
MUL_MAT_VEC q6_K m=17408 n=1 k=5120: 2 x 121.08 us = 242.16 us (1472.09 GFLOPS/s)
MUL_MAT_VEC q6_K m=98304 n=1 k=5120: 1 x 673.53 us = 673.53 us (1494.42 GFLOPS/s)
MUL_MAT_VEC q8_0 m=5120 n=1 k=10240: 1 x 101.4 us = 101.4 us (1034.05 GFLOPS/s)
PAD: 1 x 6.4 us = 6.4 us
RMS_NORM_MUL RMS_NORM(256,24,1,1): 1 x 3.6 us = 3.6 us
RMS_NORM_MUL RMS_NORM(256,4,1,1): 1 x 3.64 us = 3.64 us
RMS_NORM_MUL RMS_NORM(5120,1,1,1): 5 x 3.704 us = 18.52 us
ROPE: 2 x 3.62 us = 7.24 us
SET_ROWS: 2 x 2.68 us = 5.36 us
SIGMOID_MUL SIGMOID: 1 x 1.68 us = 1.68 us
TOP_K K=10 (98304,1,1,1): 1 x 9.04 us = 9.04 us
Total time: 1397.53 us.
----------------
Vulkan Timings:
ADD: 48 x 3.834 us = 184.04 us
CONCAT: 48 x 2.489 us = 119.48 us
CONT: 16 x 3.925 us = 62.8 us
CPY: 240 x 2.247 us = 539.28 us
FLASH_ATTN_EXT dst(256,24,5,1),  q(256,5,24,1),  k(256,256,4,1),  v(256,256,4,1),  m(256,5,1,1): 16 x 21.395 us = 342.32 us (1470.31 GFLOPS/s)
GDN_CACHE GATED_DELTA_NET: 48 x 13.876 us = 666.08 us
GET_ROWS: 50 x 27.419 us = 1370.96 us
GLU: 64 x 1.86 us = 119.08 us
MUL_MAT f32 m=256 n=120 k=256: 16 x 1.84 us = 29.44 us (8531.48 GFLOPS/s)
MUL_MAT f32 m=256 n=20 k=256: 16 x 3.197 us = 51.16 us (818.239 GFLOPS/s)
MUL_MAT f32 m=64 n=480 k=64: 16 x 3.707 us = 59.32 us (1052.31 GFLOPS/s)
MUL_MAT f32 m=64 n=80 k=64: 16 x 3.29 us = 52.64 us (197.641 GFLOPS/s)
MUL_MAT_ADD MUL_MAT_VEC q6_K m=5120 n=5 k=17408: 64 x 137.301 us = 8787.28 us (6491.3 GFLOPS/s)
MUL_MAT_ADD MUL_MAT_VEC q6_K m=5120 n=5 k=6144: 16 x 56.025 us = 896.4 us (5614.41 GFLOPS/s)
MUL_MAT_VEC f32 m=48 n=5 k=5120: 96 x 3.563 us = 342.08 us (689.624 GFLOPS/s)
MUL_MAT_VEC q6_K m=1024 n=5 k=5120: 32 x 9.738 us = 311.64 us (5383 GFLOPS/s)
MUL_MAT_VEC q6_K m=10240 n=5 k=5120: 48 x 81.67 us = 3920.16 us (6418.96 GFLOPS/s)
MUL_MAT_VEC q6_K m=12288 n=5 k=5120: 16 x 104.542 us = 1672.68 us (6017.5 GFLOPS/s)
MUL_MAT_VEC q6_K m=17408 n=5 k=5120: 128 x 142.455 us = 18234.3 us (6256.01 GFLOPS/s)
MUL_MAT_VEC q6_K m=248320 n=5 k=5120: 1 x 1759.32 us = 1759.32 us (7225.94 GFLOPS/s)
MUL_MAT_VEC q6_K m=6144 n=5 k=5120: 48 x 54.297 us = 2606.28 us (5792.94 GFLOPS/s)
MUL_MAT_VEC q8_0 m=5120 n=5 k=6144: 48 x 63.348 us = 3040.72 us (4965.36 GFLOPS/s)
RMS_NORM_MUL RMS_NORM(256,24,5,1): 16 x 4.09 us = 65.44 us
RMS_NORM_MUL RMS_NORM(256,4,5,1): 16 x 4.62 us = 73.92 us
RMS_NORM_MUL RMS_NORM(5120,5,1,1): 129 x 2.728 us = 351.96 us
RMS_NORM_MUL_SILU_MUL RMS_NORM(128,48,5,1): 48 x 5.821 us = 279.44 us
RMS_NORM_SCALE RMS_NORM(128,16,5,1): 96 x 2.703 us = 259.56 us
ROPE: 32 x 3.953 us = 126.52 us
SET_ROWS: 32 x 3.063 us = 98.04 us
SIGMOID_MUL SIGMOID: 16 x 1.722 us = 27.56 us
SSM_CONV_SILU SSM_CONV: 48 x 5.842 us = 280.44 us
Total time: 46730.3 us.
----------------
Vulkan Timings:
CONCAT: 1 x 2.08 us = 2.08 us
CONT: 1 x 3.84 us = 3.84 us
FLASH_ATTN_EXT dst(256,24,5,1),  q(256,5,24,1),  k(256,256,4,1),  v(256,256,4,1),  m(256,5,1,1): 1 x 21.84 us = 21.84 us (1440.35 GFLOPS/s)
GLU: 1 x 1.6 us = 1.6 us
MUL_MAT f32 m=256 n=120 k=256: 1 x 1.72 us = 1.72 us (9126.7 GFLOPS/s)
MUL_MAT f32 m=256 n=20 k=256: 1 x 3.24 us = 3.24 us (807.506 GFLOPS/s)
MUL_MAT f32 m=64 n=480 k=64: 1 x 3.84 us = 3.84 us (1016 GFLOPS/s)
MUL_MAT f32 m=64 n=80 k=64: 1 x 3.88 us = 3.88 us (167.588 GFLOPS/s)
MUL_MAT_ADD MUL_MAT_VEC q6_K m=5120 n=5 k=17408: 1 x 157.5 us = 157.5 us (5658.82 GFLOPS/s)
MUL_MAT_ADD MUL_MAT_VEC q6_K m=5120 n=5 k=6144: 1 x 61.64 us = 61.64 us (5102.97 GFLOPS/s)
MUL_MAT_VEC q6_K m=1024 n=5 k=5120: 2 x 11.4 us = 22.8 us (4598.57 GFLOPS/s)
MUL_MAT_VEC q6_K m=12288 n=5 k=5120: 1 x 121.61 us = 121.61 us (5172.96 GFLOPS/s)
MUL_MAT_VEC q6_K m=17408 n=5 k=5120: 2 x 134.96 us = 269.92 us (6603.46 GFLOPS/s)
MUL_MAT_VEC q8_0 m=5120 n=5 k=10240: 1 x 108.16 us = 108.16 us (4847.1 GFLOPS/s)
RMS_NORM_MUL RMS_NORM(256,24,5,1): 1 x 4.04 us = 4.04 us
RMS_NORM_MUL RMS_NORM(256,4,5,1): 1 x 3.84 us = 3.84 us
RMS_NORM_MUL RMS_NORM(5120,5,1,1): 5 x 8.25 us = 41.25 us
ROPE: 2 x 3.86 us = 7.72 us
SET_ROWS: 2 x 2.78 us = 5.56 us
SIGMOID_MUL SIGMOID: 1 x 1.88 us = 1.88 us
Total time: 847.96 us.
----------------
Vulkan Timings:
CONCAT: 1 x 3.72 us = 3.72 us
CONT: 1 x 3.6 us = 3.6 us
FLASH_ATTN_EXT dst(256,24,1,1),  q(256,1,24,1),  k(256,256,4,1),  v(256,256,4,1),  m(256,1,1,1): 1 x 12.88 us = 12.88 us (488.467 GFLOPS/s)
GET_ROWS: 2 x 4.34 us = 8.68 us
GLU: 1 x 1.6 us = 1.6 us
MUL_MAT f32 m=256 n=24 k=256: 1 x 1.56 us = 1.56 us (2012.55 GFLOPS/s)
MUL_MAT f32 m=64 n=16 k=64: 1 x 1.88 us = 1.88 us (69.1745 GFLOPS/s)
MUL_MAT f32 m=64 n=96 k=64: 1 x 3.24 us = 3.24 us (240.83 GFLOPS/s)
MUL_MAT_ADD MUL_MAT_VEC q6_K m=5120 n=1 k=17408: 1 x 130.84 us = 130.84 us (1362.37 GFLOPS/s)
MUL_MAT_ADD MUL_MAT_VEC q6_K m=5120 n=1 k=6144: 1 x 53.64 us = 53.64 us (1172.81 GFLOPS/s)
MUL_MAT_VEC f32 m=256 n=4 k=256: 1 x 3.08 us = 3.08 us (169.891 GFLOPS/s)
MUL_MAT_VEC q6_K m=1024 n=1 k=5120: 2 x 9.36 us = 18.72 us (1120.16 GFLOPS/s)
MUL_MAT_VEC q6_K m=12288 n=1 k=5120: 1 x 90.12 us = 90.12 us (1396.1 GFLOPS/s)
MUL_MAT_VEC q6_K m=17408 n=1 k=5120: 2 x 118.26 us = 236.52 us (1507.19 GFLOPS/s)
MUL_MAT_VEC q6_K m=98304 n=1 k=5120: 1 x 698.24 us = 698.24 us (1441.53 GFLOPS/s)
MUL_MAT_VEC q8_0 m=5120 n=1 k=10240: 1 x 93.12 us = 93.12 us (1125.99 GFLOPS/s)
PAD: 1 x 6.36 us = 6.36 us
RMS_NORM_MUL RMS_NORM(256,24,1,1): 1 x 3.28 us = 3.28 us
RMS_NORM_MUL RMS_NORM(256,4,1,1): 1 x 4.96 us = 4.96 us
RMS_NORM_MUL RMS_NORM(5120,1,1,1): 5 x 4.088 us = 20.44 us
ROPE: 2 x 3.4 us = 6.8 us
SET_ROWS: 2 x 2.66 us = 5.32 us
SIGMOID_MUL SIGMOID: 1 x 1.6 us = 1.6 us
TOP_K K=10 (98304,1,1,1): 1 x 8.92 us = 8.92 us
Total time: 1419.12 us.
----------------
Vulkan Timings:
CONCAT: 1 x 3.8 us = 3.8 us
CONT: 1 x 3.64 us = 3.64 us
FLASH_ATTN_EXT dst(256,24,1,1),  q(256,1,24,1),  k(256,256,4,1),  v(256,256,4,1),  m(256,1,1,1): 1 x 12.92 us = 12.92 us (486.955 GFLOPS/s)
GET_ROWS: 2 x 4.16 us = 8.32 us
GLU: 1 x 1.76 us = 1.76 us
MUL_MAT f32 m=256 n=24 k=256: 1 x 1.64 us = 1.64 us (1914.38 GFLOPS/s)
MUL_MAT f32 m=64 n=16 k=64: 1 x 3.6 us = 3.6 us (36.1244 GFLOPS/s)
MUL_MAT f32 m=64 n=96 k=64: 1 x 3.68 us = 3.68 us (212.035 GFLOPS/s)
MUL_MAT_ADD MUL_MAT_VEC q6_K m=5120 n=1 k=17408: 1 x 124.04 us = 124.04 us (1437.06 GFLOPS/s)
MUL_MAT_ADD MUL_MAT_VEC q6_K m=5120 n=1 k=6144: 1 x 53.84 us = 53.84 us (1168.45 GFLOPS/s)
MUL_MAT_VEC f32 m=256 n=4 k=256: 1 x 3.04 us = 3.04 us (172.126 GFLOPS/s)
MUL_MAT_VEC q6_K m=1024 n=1 k=5120: 2 x 9.14 us = 18.28 us (1147.13 GFLOPS/s)
MUL_MAT_VEC q6_K m=12288 n=1 k=5120: 1 x 85.48 us = 85.48 us (1471.89 GFLOPS/s)
MUL_MAT_VEC q6_K m=17408 n=1 k=5120: 2 x 121.36 us = 242.72 us (1468.69 GFLOPS/s)
MUL_MAT_VEC q6_K m=98304 n=1 k=5120: 1 x 674.56 us = 674.56 us (1492.14 GFLOPS/s)
MUL_MAT_VEC q8_0 m=5120 n=1 k=10240: 1 x 101.92 us = 101.92 us (1028.77 GFLOPS/s)
PAD: 1 x 6.32 us = 6.32 us
RMS_NORM_MUL RMS_NORM(256,24,1,1): 1 x 3.6 us = 3.6 us
RMS_NORM_MUL RMS_NORM(256,4,1,1): 1 x 3.6 us = 3.6 us
RMS_NORM_MUL RMS_NORM(5120,1,1,1): 5 x 3.736 us = 18.68 us
ROPE: 2 x 3.6 us = 7.2 us
SET_ROWS: 2 x 2.68 us = 5.36 us
SIGMOID_MUL SIGMOID: 1 x 1.72 us = 1.72 us
TOP_K K=10 (98304,1,1,1): 1 x 8.76 us = 8.76 us
Total time: 1398.48 us.
----------------
Vulkan Timings:
CONCAT: 1 x 3.76 us = 3.76 us
CONT: 1 x 3.6 us = 3.6 us
FLASH_ATTN_EXT dst(256,24,1,1),  q(256,1,24,1),  k(256,256,4,1),  v(256,256,4,1),  m(256,1,1,1): 1 x 12.76 us = 12.76 us (493.061 GFLOPS/s)
GET_ROWS: 2 x 4.28 us = 8.56 us
GLU: 1 x 1.76 us = 1.76 us
MUL_MAT f32 m=256 n=24 k=256: 1 x 1.64 us = 1.64 us (1914.38 GFLOPS/s)
MUL_MAT f32 m=64 n=16 k=64: 1 x 3.64 us = 3.64 us (35.7275 GFLOPS/s)
MUL_MAT f32 m=64 n=96 k=64: 1 x 3.6 us = 3.6 us (216.747 GFLOPS/s)
MUL_MAT_ADD MUL_MAT_VEC q6_K m=5120 n=1 k=17408: 1 x 123.32 us = 123.32 us (1445.45 GFLOPS/s)
MUL_MAT_ADD MUL_MAT_VEC q6_K m=5120 n=1 k=6144: 1 x 53.76 us = 53.76 us (1170.19 GFLOPS/s)
MUL_MAT_VEC f32 m=256 n=4 k=256: 1 x 3.04 us = 3.04 us (172.126 GFLOPS/s)
MUL_MAT_VEC q6_K m=1024 n=1 k=5120: 2 x 9.42 us = 18.84 us (1113.03 GFLOPS/s)
MUL_MAT_VEC q6_K m=12288 n=1 k=5120: 1 x 85.76 us = 85.76 us (1467.08 GFLOPS/s)
MUL_MAT_VEC q6_K m=17408 n=1 k=5120: 2 x 121.04 us = 242.08 us (1472.58 GFLOPS/s)
MUL_MAT_VEC q6_K m=98304 n=1 k=5120: 1 x 670.76 us = 670.76 us (1500.59 GFLOPS/s)
MUL_MAT_VEC q8_0 m=5120 n=1 k=10240: 1 x 100.92 us = 100.92 us (1038.97 GFLOPS/s)
PAD: 1 x 6.36 us = 6.36 us
RMS_NORM_MUL RMS_NORM(256,24,1,1): 1 x 3.6 us = 3.6 us
RMS_NORM_MUL RMS_NORM(256,4,1,1): 1 x 3.6 us = 3.6 us
RMS_NORM_MUL RMS_NORM(5120,1,1,1): 5 x 3.72 us = 18.6 us
ROPE: 2 x 3.6 us = 7.2 us
SET_ROWS: 2 x 2.62 us = 5.24 us
SIGMOID_MUL SIGMOID: 1 x 1.64 us = 1.64 us
TOP_K K=10 (98304,1,1,1): 1 x 8.68 us = 8.68 us
Total time: 1392.72 us.
----------------
Vulkan Timings:
CONCAT: 1 x 4.64 us = 4.64 us
CONT: 1 x 3.64 us = 3.64 us
FLASH_ATTN_EXT dst(256,24,1,1),  q(256,1,24,1),  k(256,256,4,1),  v(256,256,4,1),  m(256,1,1,1): 1 x 12.84 us = 12.84 us (489.989 GFLOPS/s)
GET_ROWS: 2 x 5.94 us = 11.88 us
GLU: 1 x 1.68 us = 1.68 us
MUL_MAT f32 m=256 n=24 k=256: 1 x 1.64 us = 1.64 us (1914.38 GFLOPS/s)
MUL_MAT f32 m=64 n=16 k=64: 1 x 3.64 us = 3.64 us (35.7275 GFLOPS/s)
MUL_MAT f32 m=64 n=96 k=64: 1 x 3.56 us = 3.56 us (219.182 GFLOPS/s)
MUL_MAT_ADD MUL_MAT_VEC q6_K m=5120 n=1 k=17408: 1 x 122.64 us = 122.64 us (1453.46 GFLOPS/s)
MUL_MAT_ADD MUL_MAT_VEC q6_K m=5120 n=1 k=6144: 1 x 53.92 us = 53.92 us (1166.72 GFLOPS/s)
MUL_MAT_VEC f32 m=256 n=4 k=256: 1 x 3.04 us = 3.04 us (172.126 GFLOPS/s)
MUL_MAT_VEC q6_K m=1024 n=1 k=5120: 2 x 9.22 us = 18.44 us (1137.17 GFLOPS/s)
MUL_MAT_VEC q6_K m=12288 n=1 k=5120: 1 x 85.72 us = 85.72 us (1467.77 GFLOPS/s)
MUL_MAT_VEC q6_K m=17408 n=1 k=5120: 2 x 121.06 us = 242.12 us (1472.33 GFLOPS/s)
MUL_MAT_VEC q6_K m=98304 n=1 k=5120: 1 x 675.25 us = 675.25 us (1490.61 GFLOPS/s)
MUL_MAT_VEC q8_0 m=5120 n=1 k=10240: 1 x 100.12 us = 100.12 us (1047.27 GFLOPS/s)
PAD: 1 x 4.96 us = 4.96 us
RMS_NORM_MUL RMS_NORM(256,24,1,1): 1 x 3.64 us = 3.64 us
RMS_NORM_MUL RMS_NORM(256,4,1,1): 1 x 3.56 us = 3.56 us
RMS_NORM_MUL RMS_NORM(5120,1,1,1): 5 x 3.728 us = 18.64 us
ROPE: 2 x 3.58 us = 7.16 us
SET_ROWS: 2 x 2.62 us = 5.24 us
SIGMOID_MUL SIGMOID: 1 x 1.72 us = 1.72 us
TOP_K K=10 (98304,1,1,1): 1 x 8.72 us = 8.72 us
Total time: 1398.41 us.
----------------
Vulkan Timings:
ADD: 48 x 3.813 us = 183.04 us
CONCAT: 48 x 2.471 us = 118.64 us
CONT: 16 x 3.892 us = 62.28 us
CPY: 240 x 2.307 us = 553.88 us
FLASH_ATTN_EXT dst(256,24,5,1),  q(256,5,24,1),  k(256,256,4,1),  v(256,256,4,1),  m(256,5,1,1): 16 x 21.367 us = 341.88 us (1472.2 GFLOPS/s)
GDN_CACHE GATED_DELTA_NET: 48 x 13.893 us = 666.88 us
GET_ROWS: 50 x 27.036 us = 1351.8 us
GLU: 64 x 1.865 us = 119.36 us
MUL_MAT f32 m=256 n=120 k=256: 16 x 1.897 us = 30.36 us (8272.95 GFLOPS/s)
MUL_MAT f32 m=256 n=20 k=256: 16 x 2.887 us = 46.2 us (906.085 GFLOPS/s)
MUL_MAT f32 m=64 n=480 k=64: 16 x 3.69 us = 59.04 us (1057.3 GFLOPS/s)
MUL_MAT f32 m=64 n=80 k=64: 16 x 3.26 us = 52.16 us (199.46 GFLOPS/s)
MUL_MAT_ADD MUL_MAT_VEC q6_K m=5120 n=5 k=17408: 64 x 136.939 us = 8764.12 us (6508.46 GFLOPS/s)
MUL_MAT_ADD MUL_MAT_VEC q6_K m=5120 n=5 k=6144: 16 x 56.032 us = 896.52 us (5613.66 GFLOPS/s)
MUL_MAT_VEC f32 m=48 n=5 k=5120: 96 x 3.422 us = 328.52 us (718.089 GFLOPS/s)
MUL_MAT_VEC q6_K m=1024 n=5 k=5120: 32 x 9.423 us = 301.56 us (5562.93 GFLOPS/s)
MUL_MAT_VEC q6_K m=10240 n=5 k=5120: 48 x 81.75 us = 3924 us (6412.68 GFLOPS/s)
MUL_MAT_VEC q6_K m=12288 n=5 k=5120: 16 x 105.005 us = 1680.08 us (5990.99 GFLOPS/s)
MUL_MAT_VEC q6_K m=17408 n=5 k=5120: 128 x 142.719 us = 18268.1 us (6244.43 GFLOPS/s)
MUL_MAT_VEC q6_K m=248320 n=5 k=5120: 1 x 1758.72 us = 1758.72 us (7228.41 GFLOPS/s)
MUL_MAT_VEC q6_K m=6144 n=5 k=5120: 48 x 54.071 us = 2595.44 us (5817.13 GFLOPS/s)
MUL_MAT_VEC q8_0 m=5120 n=5 k=6144: 48 x 63.22 us = 3034.6 us (4975.37 GFLOPS/s)
RMS_NORM_MUL RMS_NORM(256,24,5,1): 16 x 4.037 us = 64.6 us
RMS_NORM_MUL RMS_NORM(256,4,5,1): 16 x 4.597 us = 73.56 us
RMS_NORM_MUL RMS_NORM(5120,5,1,1): 129 x 2.724 us = 351.4 us
RMS_NORM_MUL_SILU_MUL RMS_NORM(128,48,5,1): 48 x 5.773 us = 277.12 us
RMS_NORM_SCALE RMS_NORM(128,16,5,1): 96 x 2.716 us = 260.76 us
ROPE: 32 x 3.921 us = 125.48 us
SET_ROWS: 32 x 3.13 us = 100.16 us
SIGMOID_MUL SIGMOID: 16 x 1.722 us = 27.56 us
SSM_CONV_SILU SSM_CONV: 48 x 5.56 us = 266.92 us
Total time: 46684.8 us.
----------------
Vulkan Timings:
CONCAT: 1 x 2 us = 2 us
CONT: 1 x 3.92 us = 3.92 us
FLASH_ATTN_EXT dst(256,24,5,1),  q(256,5,24,1),  k(256,256,4,1),  v(256,256,4,1),  m(256,5,1,1): 1 x 21.88 us = 21.88 us (1437.72 GFLOPS/s)
GLU: 1 x 1.64 us = 1.64 us
MUL_MAT f32 m=256 n=120 k=256: 1 x 1.8 us = 1.8 us (8721.07 GFLOPS/s)
MUL_MAT f32 m=256 n=20 k=256: 1 x 3.24 us = 3.24 us (807.506 GFLOPS/s)
MUL_MAT f32 m=64 n=480 k=64: 1 x 3.88 us = 3.88 us (1005.53 GFLOPS/s)
MUL_MAT f32 m=64 n=80 k=64: 1 x 3.84 us = 3.84 us (169.333 GFLOPS/s)
MUL_MAT_ADD MUL_MAT_VEC q6_K m=5120 n=5 k=17408: 1 x 158.1 us = 158.1 us (5637.34 GFLOPS/s)
MUL_MAT_ADD MUL_MAT_VEC q6_K m=5120 n=5 k=6144: 1 x 62.12 us = 62.12 us (5063.54 GFLOPS/s)
MUL_MAT_VEC q6_K m=1024 n=5 k=5120: 2 x 11.34 us = 22.68 us (4622.9 GFLOPS/s)
MUL_MAT_VEC q6_K m=12288 n=5 k=5120: 1 x 120.44 us = 120.44 us (5223.22 GFLOPS/s)
MUL_MAT_VEC q6_K m=17408 n=5 k=5120: 2 x 135.04 us = 270.08 us (6599.55 GFLOPS/s)
MUL_MAT_VEC q8_0 m=5120 n=5 k=10240: 1 x 105.2 us = 105.2 us (4983.48 GFLOPS/s)
RMS_NORM_MUL RMS_NORM(256,24,5,1): 1 x 3.96 us = 3.96 us
RMS_NORM_MUL RMS_NORM(256,4,5,1): 1 x 3.8 us = 3.8 us
RMS_NORM_MUL RMS_NORM(5120,5,1,1): 5 x 8.188 us = 40.94 us
ROPE: 2 x 3.8 us = 7.6 us
SET_ROWS: 2 x 2.8 us = 5.6 us
SIGMOID_MUL SIGMOID: 1 x 1.88 us = 1.88 us
Total time: 844.6 us.
----------------
Vulkan Timings:
CONCAT: 1 x 3.72 us = 3.72 us
CONT: 1 x 3.6 us = 3.6 us
FLASH_ATTN_EXT dst(256,24,1,1),  q(256,1,24,1),  k(256,256,4,1),  v(256,256,4,1),  m(256,1,1,1): 1 x 12.76 us = 12.76 us (493.061 GFLOPS/s)
GET_ROWS: 2 x 4.2 us = 8.4 us
GLU: 1 x 1.6 us = 1.6 us
MUL_MAT f32 m=256 n=24 k=256: 1 x 1.56 us = 1.56 us (2012.55 GFLOPS/s)
MUL_MAT f32 m=64 n=16 k=64: 1 x 1.84 us = 1.84 us (70.6783 GFLOPS/s)
MUL_MAT f32 m=64 n=96 k=64: 1 x 3.24 us = 3.24 us (240.83 GFLOPS/s)
MUL_MAT_ADD MUL_MAT_VEC q6_K m=5120 n=1 k=17408: 1 x 130.4 us = 130.4 us (1366.97 GFLOPS/s)
MUL_MAT_ADD MUL_MAT_VEC q6_K m=5120 n=1 k=6144: 1 x 54 us = 54 us (1164.99 GFLOPS/s)
MUL_MAT_VEC f32 m=256 n=4 k=256: 1 x 3.08 us = 3.08 us (169.891 GFLOPS/s)
MUL_MAT_VEC q6_K m=1024 n=1 k=5120: 2 x 9.34 us = 18.68 us (1122.56 GFLOPS/s)
MUL_MAT_VEC q6_K m=12288 n=1 k=5120: 1 x 90.48 us = 90.48 us (1390.55 GFLOPS/s)
MUL_MAT_VEC q6_K m=17408 n=1 k=5120: 2 x 118.6 us = 237.2 us (1502.87 GFLOPS/s)
MUL_MAT_VEC q6_K m=98304 n=1 k=5120: 1 x 673.19 us = 673.19 us (1495.17 GFLOPS/s)
MUL_MAT_VEC q8_0 m=5120 n=1 k=10240: 1 x 93.72 us = 93.72 us (1118.78 GFLOPS/s)
PAD: 1 x 6.36 us = 6.36 us
RMS_NORM_MUL RMS_NORM(256,24,1,1): 1 x 3.24 us = 3.24 us
RMS_NORM_MUL RMS_NORM(256,4,1,1): 1 x 4.92 us = 4.92 us
RMS_NORM_MUL RMS_NORM(5120,1,1,1): 5 x 4.112 us = 20.56 us
ROPE: 2 x 3.36 us = 6.72 us
SET_ROWS: 2 x 2.6 us = 5.2 us
SIGMOID_MUL SIGMOID: 1 x 1.6 us = 1.6 us
TOP_K K=10 (98304,1,1,1): 1 x 8.56 us = 8.56 us
Total time: 1394.63 us.
----------------
Vulkan Timings:
CONCAT: 1 x 1.68 us = 1.68 us
CONT: 1 x 3.6 us = 3.6 us
FLASH_ATTN_EXT dst(256,24,1,1),  q(256,1,24,1),  k(256,256,4,1),  v(256,256,4,1),  m(256,1,1,1): 1 x 12.84 us = 12.84 us (489.989 GFLOPS/s)
GET_ROWS: 2 x 4.18 us = 8.36 us
GLU: 1 x 1.76 us = 1.76 us
MUL_MAT f32 m=256 n=24 k=256: 1 x 1.68 us = 1.68 us (1868.8 GFLOPS/s)
MUL_MAT f32 m=64 n=16 k=64: 1 x 3.64 us = 3.64 us (35.7275 GFLOPS/s)
MUL_MAT f32 m=64 n=96 k=64: 1 x 3.6 us = 3.6 us (216.747 GFLOPS/s)
MUL_MAT_ADD MUL_MAT_VEC q6_K m=5120 n=1 k=17408: 1 x 124.72 us = 124.72 us (1429.22 GFLOPS/s)
MUL_MAT_ADD MUL_MAT_VEC q6_K m=5120 n=1 k=6144: 1 x 54.68 us = 54.68 us (1150.5 GFLOPS/s)
MUL_MAT_VEC f32 m=256 n=4 k=256: 1 x 3.04 us = 3.04 us (172.126 GFLOPS/s)
MUL_MAT_VEC q6_K m=1024 n=1 k=5120: 2 x 9.16 us = 18.32 us (1144.62 GFLOPS/s)
MUL_MAT_VEC q6_K m=12288 n=1 k=5120: 1 x 85.64 us = 85.64 us (1469.14 GFLOPS/s)
MUL_MAT_VEC q6_K m=17408 n=1 k=5120: 2 x 121.16 us = 242.32 us (1471.12 GFLOPS/s)
MUL_MAT_VEC q6_K m=98304 n=1 k=5120: 1 x 673.27 us = 673.27 us (1494.99 GFLOPS/s)
MUL_MAT_VEC q8_0 m=5120 n=1 k=10240: 1 x 100.92 us = 100.92 us (1038.97 GFLOPS/s)
PAD: 1 x 6.24 us = 6.24 us
RMS_NORM_MUL RMS_NORM(256,24,1,1): 1 x 3.6 us = 3.6 us
RMS_NORM_MUL RMS_NORM(256,4,1,1): 1 x 3.6 us = 3.6 us
RMS_NORM_MUL RMS_NORM(5120,1,1,1): 5 x 4.192 us = 20.96 us
ROPE: 2 x 3.58 us = 7.16 us
SET_ROWS: 2 x 2.62 us = 5.24 us
SIGMOID_MUL SIGMOID: 1 x 1.64 us = 1.64 us
TOP_K K=10 (98304,1,1,1): 1 x 9.08 us = 9.08 us
Total time: 1397.59 us.
----------------
Vulkan Timings:
CONCAT: 1 x 3.72 us = 3.72 us
CONT: 1 x 3.6 us = 3.6 us
FLASH_ATTN_EXT dst(256,24,1,1),  q(256,1,24,1),  k(256,256,4,1),  v(256,256,4,1),  m(256,1,1,1): 1 x 12.88 us = 12.88 us (488.467 GFLOPS/s)
GET_ROWS: 2 x 4.2 us = 8.4 us
GLU: 1 x 1.8 us = 1.8 us
MUL_MAT f32 m=256 n=24 k=256: 1 x 1.68 us = 1.68 us (1868.8 GFLOPS/s)
MUL_MAT f32 m=64 n=16 k=64: 1 x 3.6 us = 3.6 us (36.1244 GFLOPS/s)
MUL_MAT f32 m=64 n=96 k=64: 1 x 3.6 us = 3.6 us (216.747 GFLOPS/s)
MUL_MAT_ADD MUL_MAT_VEC q6_K m=5120 n=1 k=17408: 1 x 123.56 us = 123.56 us (1442.64 GFLOPS/s)
MUL_MAT_ADD MUL_MAT_VEC q6_K m=5120 n=1 k=6144: 1 x 54.36 us = 54.36 us (1157.27 GFLOPS/s)
MUL_MAT_VEC f32 m=256 n=4 k=256: 1 x 3 us = 3 us (174.421 GFLOPS/s)
MUL_MAT_VEC q6_K m=1024 n=1 k=5120: 2 x 9.24 us = 18.48 us (1134.71 GFLOPS/s)
MUL_MAT_VEC q6_K m=12288 n=1 k=5120: 1 x 85.52 us = 85.52 us (1471.2 GFLOPS/s)
MUL_MAT_VEC q6_K m=17408 n=1 k=5120: 2 x 121.54 us = 243.08 us (1466.52 GFLOPS/s)
MUL_MAT_VEC q6_K m=98304 n=1 k=5120: 1 x 673.52 us = 673.52 us (1494.44 GFLOPS/s)
MUL_MAT_VEC q8_0 m=5120 n=1 k=10240: 1 x 101.64 us = 101.64 us (1031.61 GFLOPS/s)
PAD: 1 x 6.36 us = 6.36 us
RMS_NORM_MUL RMS_NORM(256,24,1,1): 1 x 3.6 us = 3.6 us
RMS_NORM_MUL RMS_NORM(256,4,1,1): 1 x 3.56 us = 3.56 us
RMS_NORM_MUL RMS_NORM(5120,1,1,1): 5 x 3.728 us = 18.64 us
ROPE: 2 x 3.58 us = 7.16 us
SET_ROWS: 2 x 2.66 us = 5.32 us
SIGMOID_MUL SIGMOID: 1 x 1.72 us = 1.72 us
TOP_K K=10 (98304,1,1,1): 1 x 8.88 us = 8.88 us
Total time: 1397.68 us.
----------------
Vulkan Timings:
CONCAT: 1 x 3.76 us = 3.76 us
CONT: 1 x 3.64 us = 3.64 us
FLASH_ATTN_EXT dst(256,24,1,1),  q(256,1,24,1),  k(256,256,4,1),  v(256,256,4,1),  m(256,1,1,1): 1 x 12.72 us = 12.72 us (494.611 GFLOPS/s)
GET_ROWS: 2 x 4.42 us = 8.84 us
GLU: 1 x 1.8 us = 1.8 us
MUL_MAT f32 m=256 n=24 k=256: 1 x 1.64 us = 1.64 us (1914.38 GFLOPS/s)
MUL_MAT f32 m=64 n=16 k=64: 1 x 3.64 us = 3.64 us (35.7275 GFLOPS/s)
MUL_MAT f32 m=64 n=96 k=64: 1 x 3.6 us = 3.6 us (216.747 GFLOPS/s)
MUL_MAT_ADD MUL_MAT_VEC q6_K m=5120 n=1 k=17408: 1 x 123.64 us = 123.64 us (1441.71 GFLOPS/s)
MUL_MAT_ADD MUL_MAT_VEC q6_K m=5120 n=1 k=6144: 1 x 53.48 us = 53.48 us (1176.32 GFLOPS/s)
MUL_MAT_VEC f32 m=256 n=4 k=256: 1 x 3.08 us = 3.08 us (169.891 GFLOPS/s)
MUL_MAT_VEC q6_K m=1024 n=1 k=5120: 2 x 9.12 us = 18.24 us (1149.64 GFLOPS/s)
MUL_MAT_VEC q6_K m=12288 n=1 k=5120: 1 x 85.44 us = 85.44 us (1472.58 GFLOPS/s)
MUL_MAT_VEC q6_K m=17408 n=1 k=5120: 2 x 121.24 us = 242.48 us (1470.15 GFLOPS/s)
MUL_MAT_VEC q6_K m=98304 n=1 k=5120: 1 x 672.89 us = 672.89 us (1495.84 GFLOPS/s)
MUL_MAT_VEC q8_0 m=5120 n=1 k=10240: 1 x 101.72 us = 101.72 us (1030.8 GFLOPS/s)
PAD: 1 x 6.36 us = 6.36 us
RMS_NORM_MUL RMS_NORM(256,24,1,1): 1 x 3.6 us = 3.6 us
RMS_NORM_MUL RMS_NORM(256,4,1,1): 1 x 3.56 us = 3.56 us
RMS_NORM_MUL RMS_NORM(5120,1,1,1): 5 x 3.776 us = 18.88 us
ROPE: 2 x 3.58 us = 7.16 us
SET_ROWS: 2 x 2.66 us = 5.32 us
SIGMOID_MUL SIGMOID: 1 x 1.68 us = 1.68 us
TOP_K K=10 (98304,1,1,1): 1 x 8.84 us = 8.84 us
Total time: 1396.01 us.
----------------
Vulkan Timings:
ADD: 48 x 3.833 us = 184 us
CONCAT: 48 x 2.539 us = 121.88 us
CONT: 16 x 3.895 us = 62.32 us
CPY: 240 x 2.273 us = 545.72 us
FLASH_ATTN_EXT dst(256,24,5,1),  q(256,5,24,1),  k(256,256,4,1),  v(256,256,4,1),  m(256,5,1,1): 16 x 21.305 us = 340.88 us (1476.52 GFLOPS/s)
GDN_CACHE GATED_DELTA_NET: 48 x 14.006 us = 672.32 us
GET_ROWS: 50 x 27.315 us = 1365.76 us
GLU: 64 x 1.865 us = 119.4 us
MUL_MAT f32 m=256 n=120 k=256: 16 x 1.842 us = 29.48 us (8519.9 GFLOPS/s)
MUL_MAT f32 m=256 n=20 k=256: 16 x 3.18 us = 50.88 us (822.742 GFLOPS/s)
MUL_MAT f32 m=64 n=480 k=64: 16 x 3.71 us = 59.36 us (1051.6 GFLOPS/s)
MUL_MAT f32 m=64 n=80 k=64: 16 x 3.46 us = 55.36 us (187.931 GFLOPS/s)
MUL_MAT_ADD MUL_MAT_VEC q6_K m=5120 n=5 k=17408: 64 x 136.849 us = 8758.36 us (6512.74 GFLOPS/s)
MUL_MAT_ADD MUL_MAT_VEC q6_K m=5120 n=5 k=6144: 16 x 55.797 us = 892.76 us (5637.3 GFLOPS/s)
MUL_MAT_VEC f32 m=48 n=5 k=5120: 96 x 3.499 us = 335.96 us (702.186 GFLOPS/s)
MUL_MAT_VEC q6_K m=1024 n=5 k=5120: 32 x 9.547 us = 305.52 us (5490.83 GFLOPS/s)
MUL_MAT_VEC q6_K m=10240 n=5 k=5120: 48 x 81.783 us = 3925.6 us (6410.07 GFLOPS/s)
MUL_MAT_VEC q6_K m=12288 n=5 k=5120: 16 x 104.125 us = 1666 us (6041.62 GFLOPS/s)
MUL_MAT_VEC q6_K m=17408 n=5 k=5120: 128 x 142.767 us = 18274.3 us (6242.32 GFLOPS/s)
MUL_MAT_VEC q6_K m=248320 n=5 k=5120: 1 x 1755.36 us = 1755.36 us (7242.24 GFLOPS/s)
MUL_MAT_VEC q6_K m=6144 n=5 k=5120: 48 x 54.172 us = 2600.28 us (5806.31 GFLOPS/s)
MUL_MAT_VEC q8_0 m=5120 n=5 k=6144: 48 x 63.314 us = 3039.08 us (4968.04 GFLOPS/s)
RMS_NORM_MUL RMS_NORM(256,24,5,1): 16 x 4.065 us = 65.04 us
RMS_NORM_MUL RMS_NORM(256,4,5,1): 16 x 4.427 us = 70.84 us
RMS_NORM_MUL RMS_NORM(5120,5,1,1): 129 x 2.712 us = 349.88 us
RMS_NORM_MUL_SILU_MUL RMS_NORM(128,48,5,1): 48 x 5.783 us = 277.6 us
RMS_NORM_SCALE RMS_NORM(128,16,5,1): 96 x 2.72 us = 261.2 us
ROPE: 32 x 3.941 us = 126.12 us
SET_ROWS: 32 x 3.048 us = 97.56 us
SIGMOID_MUL SIGMOID: 16 x 1.727 us = 27.64 us
SSM_CONV_SILU SSM_CONV: 48 x 5.627 us = 270.12 us
Total time: 46706.6 us.
----------------
Vulkan Timings:
CONCAT: 1 x 2 us = 2 us
CONT: 1 x 3.84 us = 3.84 us
FLASH_ATTN_EXT dst(256,24,5,1),  q(256,5,24,1),  k(256,256,4,1),  v(256,256,4,1),  m(256,5,1,1): 1 x 23.72 us = 23.72 us (1326.19 GFLOPS/s)
GLU: 1 x 1.56 us = 1.56 us
MUL_MAT f32 m=256 n=120 k=256: 1 x 1.8 us = 1.8 us (8721.07 GFLOPS/s)
MUL_MAT f32 m=256 n=20 k=256: 1 x 3.2 us = 3.2 us (817.6 GFLOPS/s)
MUL_MAT f32 m=64 n=480 k=64: 1 x 3.8 us = 3.8 us (1026.69 GFLOPS/s)
MUL_MAT f32 m=64 n=80 k=64: 1 x 3.84 us = 3.84 us (169.333 GFLOPS/s)
MUL_MAT_ADD MUL_MAT_VEC q6_K m=5120 n=5 k=17408: 1 x 156.74 us = 156.74 us (5686.26 GFLOPS/s)
MUL_MAT_ADD MUL_MAT_VEC q6_K m=5120 n=5 k=6144: 1 x 61.4 us = 61.4 us (5122.92 GFLOPS/s)
MUL_MAT_VEC q6_K m=1024 n=5 k=5120: 2 x 11.62 us = 23.24 us (4511.5 GFLOPS/s)
MUL_MAT_VEC q6_K m=12288 n=5 k=5120: 1 x 121.98 us = 121.98 us (5157.27 GFLOPS/s)
MUL_MAT_VEC q6_K m=17408 n=5 k=5120: 2 x 135.04 us = 270.08 us (6599.55 GFLOPS/s)
MUL_MAT_VEC q8_0 m=5120 n=5 k=10240: 1 x 106.2 us = 106.2 us (4936.56 GFLOPS/s)
RMS_NORM_MUL RMS_NORM(256,24,5,1): 1 x 3.96 us = 3.96 us
RMS_NORM_MUL RMS_NORM(256,4,5,1): 1 x 3.84 us = 3.84 us
RMS_NORM_MUL RMS_NORM(5120,5,1,1): 5 x 8.448 us = 42.24 us
ROPE: 2 x 3.86 us = 7.72 us
SET_ROWS: 2 x 1.88 us = 3.76 us
SIGMOID_MUL SIGMOID: 1 x 1.8 us = 1.8 us
Total time: 846.72 us.
----------------
Vulkan Timings:
CONCAT: 1 x 3.76 us = 3.76 us
CONT: 1 x 3.52 us = 3.52 us
FLASH_ATTN_EXT dst(256,24,1,1),  q(256,1,24,1),  k(256,256,4,1),  v(256,256,4,1),  m(256,1,1,1): 1 x 12.76 us = 12.76 us (493.061 GFLOPS/s)
GET_ROWS: 2 x 4.2 us = 8.4 us
GLU: 1 x 1.72 us = 1.72 us
MUL_MAT f32 m=256 n=24 k=256: 1 x 1.56 us = 1.56 us (2012.55 GFLOPS/s)
MUL_MAT f32 m=64 n=16 k=64: 1 x 1.88 us = 1.88 us (69.1745 GFLOPS/s)
MUL_MAT f32 m=64 n=96 k=64: 1 x 3.24 us = 3.24 us (240.83 GFLOPS/s)
MUL_MAT_ADD MUL_MAT_VEC q6_K m=5120 n=1 k=17408: 1 x 130.8 us = 130.8 us (1362.79 GFLOPS/s)
MUL_MAT_ADD MUL_MAT_VEC q6_K m=5120 n=1 k=6144: 1 x 53.68 us = 53.68 us (1171.93 GFLOPS/s)
MUL_MAT_VEC f32 m=256 n=4 k=256: 1 x 3.08 us = 3.08 us (169.891 GFLOPS/s)
MUL_MAT_VEC q6_K m=1024 n=1 k=5120: 2 x 9.32 us = 18.64 us (1124.97 GFLOPS/s)
MUL_MAT_VEC q6_K m=12288 n=1 k=5120: 1 x 90.56 us = 90.56 us (1389.32 GFLOPS/s)
MUL_MAT_VEC q6_K m=17408 n=1 k=5120: 2 x 117.9 us = 235.8 us (1511.79 GFLOPS/s)
MUL_MAT_VEC q6_K m=98304 n=1 k=5120: 1 x 674.7 us = 674.7 us (1491.83 GFLOPS/s)
MUL_MAT_VEC q8_0 m=5120 n=1 k=10240: 1 x 91.64 us = 91.64 us (1144.18 GFLOPS/s)
PAD: 1 x 6.36 us = 6.36 us
RMS_NORM_MUL RMS_NORM(256,24,1,1): 1 x 3.2 us = 3.2 us
RMS_NORM_MUL RMS_NORM(256,4,1,1): 1 x 4.88 us = 4.88 us
RMS_NORM_MUL RMS_NORM(5120,1,1,1): 5 x 4.44 us = 22.2 us
ROPE: 2 x 3.36 us = 6.72 us
SET_ROWS: 2 x 2.6 us = 5.2 us
SIGMOID_MUL SIGMOID: 1 x 1.56 us = 1.56 us
TOP_K K=10 (98304,1,1,1): 1 x 9.08 us = 9.08 us
Total time: 1394.94 us.
----------------
Vulkan Timings:
CONCAT: 1 x 3.72 us = 3.72 us
CONT: 1 x 3.64 us = 3.64 us
FLASH_ATTN_EXT dst(256,24,1,1),  q(256,1,24,1),  k(256,256,4,1),  v(256,256,4,1),  m(256,1,1,1): 1 x 13.08 us = 13.08 us (480.998 GFLOPS/s)
GET_ROWS: 2 x 4.16 us = 8.32 us
GLU: 1 x 1.8 us = 1.8 us
MUL_MAT f32 m=256 n=24 k=256: 1 x 1.64 us = 1.64 us (1914.38 GFLOPS/s)
MUL_MAT f32 m=64 n=16 k=64: 1 x 3.64 us = 3.64 us (35.7275 GFLOPS/s)
MUL_MAT f32 m=64 n=96 k=64: 1 x 3.64 us = 3.64 us (214.365 GFLOPS/s)
MUL_MAT_ADD MUL_MAT_VEC q6_K m=5120 n=1 k=17408: 1 x 122.96 us = 122.96 us (1449.68 GFLOPS/s)
MUL_MAT_ADD MUL_MAT_VEC q6_K m=5120 n=1 k=6144: 1 x 53.16 us = 53.16 us (1183.4 GFLOPS/s)
MUL_MAT_VEC f32 m=256 n=4 k=256: 1 x 3 us = 3 us (174.421 GFLOPS/s)
MUL_MAT_VEC q6_K m=1024 n=1 k=5120: 2 x 9.12 us = 18.24 us (1149.64 GFLOPS/s)
MUL_MAT_VEC q6_K m=12288 n=1 k=5120: 1 x 85.36 us = 85.36 us (1473.96 GFLOPS/s)
MUL_MAT_VEC q6_K m=17408 n=1 k=5120: 2 x 120.98 us = 241.96 us (1473.31 GFLOPS/s)
MUL_MAT_VEC q6_K m=98304 n=1 k=5120: 1 x 673.54 us = 673.54 us (1494.39 GFLOPS/s)
MUL_MAT_VEC q8_0 m=5120 n=1 k=10240: 1 x 102.08 us = 102.08 us (1027.16 GFLOPS/s)
PAD: 1 x 6.36 us = 6.36 us
RMS_NORM_MUL RMS_NORM(256,24,1,1): 1 x 3.64 us = 3.64 us
RMS_NORM_MUL RMS_NORM(256,4,1,1): 1 x 3.6 us = 3.6 us
RMS_NORM_MUL RMS_NORM(5120,1,1,1): 5 x 3.712 us = 18.56 us
ROPE: 2 x 3.58 us = 7.16 us
SET_ROWS: 2 x 2.62 us = 5.24 us
SIGMOID_MUL SIGMOID: 1 x 1.68 us = 1.68 us
TOP_K K=10 (98304,1,1,1): 1 x 8.8 us = 8.8 us
Total time: 1394.82 us.
----------------
Vulkan Timings:
CONCAT: 1 x 3.76 us = 3.76 us
CONT: 1 x 3.64 us = 3.64 us
FLASH_ATTN_EXT dst(256,24,1,1),  q(256,1,24,1),  k(256,256,4,1),  v(256,256,4,1),  m(256,1,1,1): 1 x 12.8 us = 12.8 us (491.52 GFLOPS/s)
GET_ROWS: 2 x 4.18 us = 8.36 us
GLU: 1 x 1.88 us = 1.88 us
MUL_MAT f32 m=256 n=24 k=256: 1 x 1.72 us = 1.72 us (1825.34 GFLOPS/s)
MUL_MAT f32 m=64 n=16 k=64: 1 x 3.6 us = 3.6 us (36.1244 GFLOPS/s)
MUL_MAT f32 m=64 n=96 k=64: 1 x 3.64 us = 3.64 us (214.365 GFLOPS/s)
MUL_MAT_ADD MUL_MAT_VEC q6_K m=5120 n=1 k=17408: 1 x 123.08 us = 123.08 us (1448.27 GFLOPS/s)
MUL_MAT_ADD MUL_MAT_VEC q6_K m=5120 n=1 k=6144: 1 x 53.96 us = 53.96 us (1165.85 GFLOPS/s)
MUL_MAT_VEC f32 m=256 n=4 k=256: 1 x 3 us = 3 us (174.421 GFLOPS/s)
MUL_MAT_VEC q6_K m=1024 n=1 k=5120: 2 x 9.22 us = 18.44 us (1137.17 GFLOPS/s)
MUL_MAT_VEC q6_K m=12288 n=1 k=5120: 1 x 85.56 us = 85.56 us (1470.51 GFLOPS/s)
MUL_MAT_VEC q6_K m=17408 n=1 k=5120: 2 x 121.06 us = 242.12 us (1472.33 GFLOPS/s)
MUL_MAT_VEC q6_K m=98304 n=1 k=5120: 1 x 673.75 us = 673.75 us (1493.93 GFLOPS/s)
MUL_MAT_VEC q8_0 m=5120 n=1 k=10240: 1 x 101.24 us = 101.24 us (1035.68 GFLOPS/s)
PAD: 1 x 6.36 us = 6.36 us
RMS_NORM_MUL RMS_NORM(256,24,1,1): 1 x 3.56 us = 3.56 us
RMS_NORM_MUL RMS_NORM(256,4,1,1): 1 x 3.56 us = 3.56 us
RMS_NORM_MUL RMS_NORM(5120,1,1,1): 5 x 3.744 us = 18.72 us
ROPE: 2 x 3.56 us = 7.12 us
SET_ROWS: 2 x 2.66 us = 5.32 us
SIGMOID_MUL SIGMOID: 1 x 1.72 us = 1.72 us
TOP_K K=10 (98304,1,1,1): 1 x 8.76 us = 8.76 us
Total time: 1395.67 us.
----------------
Vulkan Timings:
CONCAT: 1 x 3.8 us = 3.8 us
CONT: 1 x 3.6 us = 3.6 us
FLASH_ATTN_EXT dst(256,24,1,1),  q(256,1,24,1),  k(256,256,4,1),  v(256,256,4,1),  m(256,1,1,1): 1 x 14.6 us = 14.6 us (430.922 GFLOPS/s)
GET_ROWS: 2 x 4.16 us = 8.32 us
GLU: 1 x 1.88 us = 1.88 us
MUL_MAT f32 m=256 n=24 k=256: 1 x 2.2 us = 2.2 us (1427.08 GFLOPS/s)
MUL_MAT f32 m=64 n=16 k=64: 1 x 3.6 us = 3.6 us (36.1244 GFLOPS/s)
MUL_MAT f32 m=64 n=96 k=64: 1 x 3.56 us = 3.56 us (219.182 GFLOPS/s)
MUL_MAT_ADD MUL_MAT_VEC q6_K m=5120 n=1 k=17408: 1 x 123.12 us = 123.12 us (1447.8 GFLOPS/s)
MUL_MAT_ADD MUL_MAT_VEC q6_K m=5120 n=1 k=6144: 1 x 55.12 us = 55.12 us (1141.32 GFLOPS/s)
MUL_MAT_VEC f32 m=256 n=4 k=256: 1 x 0.72 us = 0.72 us (726.756 GFLOPS/s)
MUL_MAT_VEC q6_K m=1024 n=1 k=5120: 2 x 5.92 us = 11.84 us (1771.07 GFLOPS/s)
MUL_MAT_VEC q6_K m=12288 n=1 k=5120: 1 x 92.92 us = 92.92 us (1354.03 GFLOPS/s)
MUL_MAT_VEC q6_K m=17408 n=1 k=5120: 2 x 121.24 us = 242.48 us (1470.15 GFLOPS/s)
MUL_MAT_VEC q6_K m=98304 n=1 k=5120: 1 x 681.83 us = 681.83 us (1476.23 GFLOPS/s)
MUL_MAT_VEC q8_0 m=5120 n=1 k=10240: 1 x 100.96 us = 100.96 us (1038.55 GFLOPS/s)
PAD: 1 x 6.4 us = 6.4 us
RMS_NORM_MUL RMS_NORM(256,24,1,1): 1 x 3.64 us = 3.64 us
RMS_NORM_MUL RMS_NORM(256,4,1,1): 1 x 3.6 us = 3.6 us
RMS_NORM_MUL RMS_NORM(5120,1,1,1): 5 x 3.776 us = 18.88 us
ROPE: 2 x 3.6 us = 7.2 us
SET_ROWS: 2 x 2.84 us = 5.68 us
SIGMOID_MUL SIGMOID: 1 x 1.64 us = 1.64 us
TOP_K K=10 (98304,1,1,1): 1 x 8.56 us = 8.56 us
Total time: 1406.15 us.
----------------
Vulkan Timings:
ADD: 48 x 3.817 us = 183.24 us
CONCAT: 48 x 2.469 us = 118.52 us
CONT: 16 x 3.887 us = 62.2 us
CPY: 240 x 2.253 us = 540.84 us
FLASH_ATTN_EXT dst(256,24,5,1),  q(256,5,24,1),  k(256,256,4,1),  v(256,256,4,1),  m(256,5,1,1): 16 x 21.242 us = 339.88 us (1480.87 GFLOPS/s)
GDN_CACHE GATED_DELTA_NET: 48 x 13.829 us = 663.8 us
GET_ROWS: 50 x 27.274 us = 1363.72 us
GLU: 64 x 1.87 us = 119.72 us
MUL_MAT f32 m=256 n=120 k=256: 16 x 1.822 us = 29.16 us (8613.4 GFLOPS/s)
MUL_MAT f32 m=256 n=20 k=256: 16 x 3.182 us = 50.92 us (822.096 GFLOPS/s)
MUL_MAT f32 m=64 n=480 k=64: 16 x 3.675 us = 58.8 us (1061.62 GFLOPS/s)
MUL_MAT f32 m=64 n=80 k=64: 16 x 3.257 us = 52.12 us (199.613 GFLOPS/s)
MUL_MAT_ADD MUL_MAT_VEC q6_K m=5120 n=5 k=17408: 64 x 136.886 us = 8760.76 us (6510.95 GFLOPS/s)
MUL_MAT_ADD MUL_MAT_VEC q6_K m=5120 n=5 k=6144: 16 x 55.99 us = 895.84 us (5617.92 GFLOPS/s)
MUL_MAT_VEC f32 m=48 n=5 k=5120: 96 x 3.542 us = 340.12 us (693.598 GFLOPS/s)
MUL_MAT_VEC q6_K m=1024 n=5 k=5120: 32 x 9.471 us = 303.08 us (5535.03 GFLOPS/s)
MUL_MAT_VEC q6_K m=10240 n=5 k=5120: 48 x 81.712 us = 3922.2 us (6415.63 GFLOPS/s)
MUL_MAT_VEC q6_K m=12288 n=5 k=5120: 16 x 104.987 us = 1679.8 us (5991.99 GFLOPS/s)
MUL_MAT_VEC q6_K m=17408 n=5 k=5120: 128 x 142.671 us = 18261.9 us (6246.55 GFLOPS/s)
MUL_MAT_VEC q6_K m=248320 n=5 k=5120: 1 x 1776.76 us = 1776.76 us (7155.01 GFLOPS/s)
MUL_MAT_VEC q6_K m=6144 n=5 k=5120: 48 x 54.147 us = 2599.08 us (5808.99 GFLOPS/s)
MUL_MAT_VEC q8_0 m=5120 n=5 k=6144: 48 x 63.241 us = 3035.6 us (4973.73 GFLOPS/s)
RMS_NORM_MUL RMS_NORM(256,24,5,1): 16 x 3.912 us = 62.6 us
RMS_NORM_MUL RMS_NORM(256,4,5,1): 16 x 4.577 us = 73.24 us
RMS_NORM_MUL RMS_NORM(5120,5,1,1): 129 x 2.733 us = 352.68 us
RMS_NORM_MUL_SILU_MUL RMS_NORM(128,48,5,1): 48 x 5.775 us = 277.2 us
RMS_NORM_SCALE RMS_NORM(128,16,5,1): 96 x 2.696 us = 258.88 us
ROPE: 32 x 3.922 us = 125.52 us
SET_ROWS: 32 x 3.022 us = 96.72 us
SIGMOID_MUL SIGMOID: 16 x 1.707 us = 27.32 us
SSM_CONV_SILU SSM_CONV: 48 x 5.75 us = 276.04 us
Total time: 46708.3 us.
----------------
Vulkan Timings:
CONCAT: 1 x 2 us = 2 us
CONT: 1 x 3.96 us = 3.96 us
FLASH_ATTN_EXT dst(256,24,5,1),  q(256,5,24,1),  k(256,256,4,1),  v(256,256,4,1),  m(256,5,1,1): 1 x 21.84 us = 21.84 us (1440.35 GFLOPS/s)
GLU: 1 x 1.6 us = 1.6 us
MUL_MAT f32 m=256 n=120 k=256: 1 x 1.8 us = 1.8 us (8721.07 GFLOPS/s)
MUL_MAT f32 m=256 n=20 k=256: 1 x 3.32 us = 3.32 us (788.048 GFLOPS/s)
MUL_MAT f32 m=64 n=480 k=64: 1 x 3.96 us = 3.96 us (985.212 GFLOPS/s)
MUL_MAT f32 m=64 n=80 k=64: 1 x 3.96 us = 3.96 us (164.202 GFLOPS/s)
MUL_MAT_ADD MUL_MAT_VEC q6_K m=5120 n=5 k=17408: 1 x 159.13 us = 159.13 us (5600.85 GFLOPS/s)
MUL_MAT_ADD MUL_MAT_VEC q6_K m=5120 n=5 k=6144: 1 x 62.8 us = 62.8 us (5008.71 GFLOPS/s)
MUL_MAT_VEC q6_K m=1024 n=5 k=5120: 2 x 11.78 us = 23.56 us (4450.23 GFLOPS/s)
MUL_MAT_VEC q6_K m=12288 n=5 k=5120: 1 x 119.51 us = 119.51 us (5263.86 GFLOPS/s)
MUL_MAT_VEC q6_K m=17408 n=5 k=5120: 2 x 136.72 us = 273.44 us (6518.45 GFLOPS/s)
MUL_MAT_VEC q8_0 m=5120 n=5 k=10240: 1 x 107.12 us = 107.12 us (4894.16 GFLOPS/s)
RMS_NORM_MUL RMS_NORM(256,24,5,1): 1 x 4.12 us = 4.12 us
RMS_NORM_MUL RMS_NORM(256,4,5,1): 1 x 3.92 us = 3.92 us
RMS_NORM_MUL RMS_NORM(5120,5,1,1): 5 x 8.282 us = 41.41 us
ROPE: 2 x 3.94 us = 7.88 us
SET_ROWS: 2 x 2.84 us = 5.68 us
SIGMOID_MUL SIGMOID: 1 x 1.88 us = 1.88 us
Total time: 852.89 us.
----------------
Vulkan Timings:
CONCAT: 1 x 3.72 us = 3.72 us
CONT: 1 x 3.64 us = 3.64 us
FLASH_ATTN_EXT dst(256,24,1,1),  q(256,1,24,1),  k(256,256,4,1),  v(256,256,4,1),  m(256,1,1,1): 1 x 13.04 us = 13.04 us (482.474 GFLOPS/s)
GET_ROWS: 2 x 4.36 us = 8.72 us
GLU: 1 x 1.76 us = 1.76 us
MUL_MAT f32 m=256 n=24 k=256: 1 x 1.6 us = 1.6 us (1962.24 GFLOPS/s)
MUL_MAT f32 m=64 n=16 k=64: 1 x 1.92 us = 1.92 us (67.7333 GFLOPS/s)
MUL_MAT f32 m=64 n=96 k=64: 1 x 3.32 us = 3.32 us (235.027 GFLOPS/s)
MUL_MAT_ADD MUL_MAT_VEC q6_K m=5120 n=1 k=17408: 1 x 130.04 us = 130.04 us (1370.75 GFLOPS/s)
MUL_MAT_ADD MUL_MAT_VEC q6_K m=5120 n=1 k=6144: 1 x 54.44 us = 54.44 us (1155.57 GFLOPS/s)
MUL_MAT_VEC f32 m=256 n=4 k=256: 1 x 3.16 us = 3.16 us (165.59 GFLOPS/s)
MUL_MAT_VEC q6_K m=1024 n=1 k=5120: 2 x 9.3 us = 18.6 us (1127.39 GFLOPS/s)
MUL_MAT_VEC q6_K m=12288 n=1 k=5120: 1 x 90.24 us = 90.24 us (1394.25 GFLOPS/s)
MUL_MAT_VEC q6_K m=17408 n=1 k=5120: 2 x 118.62 us = 237.24 us (1502.62 GFLOPS/s)
MUL_MAT_VEC q6_K m=98304 n=1 k=5120: 1 x 672.03 us = 672.03 us (1497.75 GFLOPS/s)
MUL_MAT_VEC q8_0 m=5120 n=1 k=10240: 1 x 92.24 us = 92.24 us (1136.74 GFLOPS/s)
PAD: 1 x 6.52 us = 6.52 us
RMS_NORM_MUL RMS_NORM(256,24,1,1): 1 x 3.36 us = 3.36 us
RMS_NORM_MUL RMS_NORM(256,4,1,1): 1 x 5 us = 5 us
RMS_NORM_MUL RMS_NORM(5120,1,1,1): 5 x 4.528 us = 22.64 us
ROPE: 2 x 3.44 us = 6.88 us
SET_ROWS: 2 x 2.68 us = 5.36 us
SIGMOID_MUL SIGMOID: 1 x 1.68 us = 1.68 us
TOP_K K=10 (98304,1,1,1): 1 x 9.12 us = 9.12 us
Total time: 1396.27 us.
----------------
Vulkan Timings:
CONCAT: 1 x 3.8 us = 3.8 us
CONT: 1 x 3.64 us = 3.64 us
FLASH_ATTN_EXT dst(256,24,1,1),  q(256,1,24,1),  k(256,256,4,1),  v(256,256,4,1),  m(256,1,1,1): 1 x 12.96 us = 12.96 us (485.452 GFLOPS/s)
GET_ROWS: 2 x 4.18 us = 8.36 us
GLU: 1 x 1.92 us = 1.92 us
MUL_MAT f32 m=256 n=24 k=256: 1 x 1.68 us = 1.68 us (1868.8 GFLOPS/s)
MUL_MAT f32 m=64 n=16 k=64: 1 x 3.68 us = 3.68 us (35.3391 GFLOPS/s)
MUL_MAT f32 m=64 n=96 k=64: 1 x 3.68 us = 3.68 us (212.035 GFLOPS/s)
MUL_MAT_ADD MUL_MAT_VEC q6_K m=5120 n=1 k=17408: 1 x 123.28 us = 123.28 us (1445.92 GFLOPS/s)
MUL_MAT_ADD MUL_MAT_VEC q6_K m=5120 n=1 k=6144: 1 x 54.28 us = 54.28 us (1158.98 GFLOPS/s)
MUL_MAT_VEC f32 m=256 n=4 k=256: 1 x 3.04 us = 3.04 us (172.126 GFLOPS/s)
MUL_MAT_VEC q6_K m=1024 n=1 k=5120: 2 x 9.16 us = 18.32 us (1144.62 GFLOPS/s)
MUL_MAT_VEC q6_K m=12288 n=1 k=5120: 1 x 86.28 us = 86.28 us (1458.24 GFLOPS/s)
MUL_MAT_VEC q6_K m=17408 n=1 k=5120: 2 x 121.76 us = 243.52 us (1463.87 GFLOPS/s)
MUL_MAT_VEC q6_K m=98304 n=1 k=5120: 1 x 673.96 us = 673.96 us (1493.46 GFLOPS/s)
MUL_MAT_VEC q8_0 m=5120 n=1 k=10240: 1 x 101.4 us = 101.4 us (1034.05 GFLOPS/s)
PAD: 1 x 6.36 us = 6.36 us
RMS_NORM_MUL RMS_NORM(256,24,1,1): 1 x 3.64 us = 3.64 us
RMS_NORM_MUL RMS_NORM(256,4,1,1): 1 x 3.64 us = 3.64 us
RMS_NORM_MUL RMS_NORM(5120,1,1,1): 5 x 3.768 us = 18.84 us
ROPE: 2 x 3.6 us = 7.2 us
SET_ROWS: 2 x 2.66 us = 5.32 us
SIGMOID_MUL SIGMOID: 1 x 1.72 us = 1.72 us
TOP_K K=10 (98304,1,1,1): 1 x 8.6 us = 8.6 us
Total time: 1399.12 us.
----------------
Vulkan Timings:
CONCAT: 1 x 3.76 us = 3.76 us
CONT: 1 x 3.64 us = 3.64 us
FLASH_ATTN_EXT dst(256,24,1,1),  q(256,1,24,1),  k(256,256,4,1),  v(256,256,4,1),  m(256,1,1,1): 1 x 12.84 us = 12.84 us (489.989 GFLOPS/s)
GET_ROWS: 2 x 4.16 us = 8.32 us
GLU: 1 x 1.76 us = 1.76 us
MUL_MAT f32 m=256 n=24 k=256: 1 x 1.72 us = 1.72 us (1825.34 GFLOPS/s)
MUL_MAT f32 m=64 n=16 k=64: 1 x 3.64 us = 3.64 us (35.7275 GFLOPS/s)
MUL_MAT f32 m=64 n=96 k=64: 1 x 3.6 us = 3.6 us (216.747 GFLOPS/s)
MUL_MAT_ADD MUL_MAT_VEC q6_K m=5120 n=1 k=17408: 1 x 123.52 us = 123.52 us (1443.11 GFLOPS/s)
MUL_MAT_ADD MUL_MAT_VEC q6_K m=5120 n=1 k=6144: 1 x 53.88 us = 53.88 us (1167.58 GFLOPS/s)
MUL_MAT_VEC f32 m=256 n=4 k=256: 1 x 3 us = 3 us (174.421 GFLOPS/s)
MUL_MAT_VEC q6_K m=1024 n=1 k=5120: 2 x 9.26 us = 18.52 us (1132.26 GFLOPS/s)
MUL_MAT_VEC q6_K m=12288 n=1 k=5120: 1 x 86.92 us = 86.92 us (1447.5 GFLOPS/s)
MUL_MAT_VEC q6_K m=17408 n=1 k=5120: 2 x 121.38 us = 242.76 us (1468.45 GFLOPS/s)
MUL_MAT_VEC q6_K m=98304 n=1 k=5120: 1 x 671.48 us = 671.48 us (1498.98 GFLOPS/s)
MUL_MAT_VEC q8_0 m=5120 n=1 k=10240: 1 x 101.68 us = 101.68 us (1031.2 GFLOPS/s)
PAD: 1 x 6.36 us = 6.36 us
RMS_NORM_MUL RMS_NORM(256,24,1,1): 1 x 3.6 us = 3.6 us
RMS_NORM_MUL RMS_NORM(256,4,1,1): 1 x 3.6 us = 3.6 us
RMS_NORM_MUL RMS_NORM(5120,1,1,1): 5 x 3.712 us = 18.56 us
ROPE: 2 x 3.6 us = 7.2 us
SET_ROWS: 2 x 2.64 us = 5.28 us
SIGMOID_MUL SIGMOID: 1 x 1.68 us = 1.68 us
TOP_K K=10 (98304,1,1,1): 1 x 8.76 us = 8.76 us
Total time: 1396.08 us.
----------------
Vulkan Timings:
CONCAT: 1 x 3.76 us = 3.76 us
CONT: 1 x 3.64 us = 3.64 us
FLASH_ATTN_EXT dst(256,24,1,1),  q(256,1,24,1),  k(256,256,4,1),  v(256,256,4,1),  m(256,1,1,1): 1 x 15.28 us = 15.28 us (411.745 GFLOPS/s)
GET_ROWS: 2 x 4.18 us = 8.36 us
GLU: 1 x 1.76 us = 1.76 us
MUL_MAT f32 m=256 n=24 k=256: 1 x 1.6 us = 1.6 us (1962.24 GFLOPS/s)
MUL_MAT f32 m=64 n=16 k=64: 1 x 3.6 us = 3.6 us (36.1244 GFLOPS/s)
MUL_MAT f32 m=64 n=96 k=64: 1 x 3.64 us = 3.64 us (214.365 GFLOPS/s)
MUL_MAT_ADD MUL_MAT_VEC q6_K m=5120 n=1 k=17408: 1 x 123.44 us = 123.44 us (1444.04 GFLOPS/s)
MUL_MAT_ADD MUL_MAT_VEC q6_K m=5120 n=1 k=6144: 1 x 53.64 us = 53.64 us (1172.81 GFLOPS/s)
MUL_MAT_VEC f32 m=256 n=4 k=256: 1 x 3.04 us = 3.04 us (172.126 GFLOPS/s)
MUL_MAT_VEC q6_K m=1024 n=1 k=5120: 2 x 9.3 us = 18.6 us (1127.39 GFLOPS/s)
MUL_MAT_VEC q6_K m=12288 n=1 k=5120: 1 x 85.96 us = 85.96 us (1463.67 GFLOPS/s)
MUL_MAT_VEC q6_K m=17408 n=1 k=5120: 2 x 121.32 us = 242.64 us (1469.18 GFLOPS/s)
MUL_MAT_VEC q6_K m=98304 n=1 k=5120: 1 x 671.25 us = 671.25 us (1499.49 GFLOPS/s)
MUL_MAT_VEC q8_0 m=5120 n=1 k=10240: 1 x 100.88 us = 100.88 us (1039.38 GFLOPS/s)
PAD: 1 x 6.32 us = 6.32 us
RMS_NORM_MUL RMS_NORM(256,24,1,1): 1 x 3.64 us = 3.64 us
RMS_NORM_MUL RMS_NORM(256,4,1,1): 1 x 3.6 us = 3.6 us
RMS_NORM_MUL RMS_NORM(5120,1,1,1): 5 x 3.736 us = 18.68 us
ROPE: 2 x 3.56 us = 7.12 us
SET_ROWS: 2 x 1.82 us = 3.64 us
SIGMOID_MUL SIGMOID: 1 x 1.72 us = 1.72 us
TOP_K K=10 (98304,1,1,1): 1 x 8.68 us = 8.68 us
Total time: 1394.49 us.
----------------
Vulkan Timings:
ADD: 48 x 3.829 us = 183.8 us
CONCAT: 48 x 2.475 us = 118.84 us
CONT: 16 x 3.912 us = 62.6 us
CPY: 240 x 2.286 us = 548.72 us
FLASH_ATTN_EXT dst(256,24,5,1),  q(256,5,24,1),  k(256,256,4,1),  v(256,256,4,1),  m(256,5,1,1): 16 x 21.645 us = 346.32 us (1453.33 GFLOPS/s)
GDN_CACHE GATED_DELTA_NET: 48 x 13.902 us = 667.32 us
GET_ROWS: 50 x 27.481 us = 1374.08 us
GLU: 64 x 1.856 us = 118.84 us
MUL_MAT f32 m=256 n=120 k=256: 16 x 1.83 us = 29.28 us (8578.1 GFLOPS/s)
MUL_MAT f32 m=256 n=20 k=256: 16 x 3.197 us = 51.16 us (818.239 GFLOPS/s)
MUL_MAT f32 m=64 n=480 k=64: 16 x 3.702 us = 59.24 us (1053.73 GFLOPS/s)
MUL_MAT f32 m=64 n=80 k=64: 16 x 3.245 us = 51.92 us (200.382 GFLOPS/s)
MUL_MAT_ADD MUL_MAT_VEC q6_K m=5120 n=5 k=17408: 64 x 136.947 us = 8764.64 us (6508.07 GFLOPS/s)
MUL_MAT_ADD MUL_MAT_VEC q6_K m=5120 n=5 k=6144: 16 x 56.012 us = 896.2 us (5615.66 GFLOPS/s)
MUL_MAT_VEC f32 m=48 n=5 k=5120: 96 x 3.469 us = 333.08 us (708.258 GFLOPS/s)
MUL_MAT_VEC q6_K m=1024 n=5 k=5120: 32 x 10.227 us = 327.28 us (5125.76 GFLOPS/s)
MUL_MAT_VEC q6_K m=10240 n=5 k=5120: 48 x 81.615 us = 3917.56 us (6423.22 GFLOPS/s)
MUL_MAT_VEC q6_K m=12288 n=5 k=5120: 16 x 102.7 us = 1643.2 us (6125.45 GFLOPS/s)
MUL_MAT_VEC q6_K m=17408 n=5 k=5120: 128 x 142.689 us = 18264.3 us (6245.74 GFLOPS/s)
MUL_MAT_VEC q6_K m=248320 n=5 k=5120: 1 x 1760.4 us = 1760.4 us (7221.51 GFLOPS/s)
MUL_MAT_VEC q6_K m=6144 n=5 k=5120: 48 x 54.147 us = 2599.08 us (5808.99 GFLOPS/s)
MUL_MAT_VEC q8_0 m=5120 n=5 k=6144: 48 x 63.332 us = 3039.96 us (4966.6 GFLOPS/s)
RMS_NORM_MUL RMS_NORM(256,24,5,1): 16 x 4.252 us = 68.04 us
RMS_NORM_MUL RMS_NORM(256,4,5,1): 16 x 4.585 us = 73.36 us
RMS_NORM_MUL RMS_NORM(5120,5,1,1): 129 x 2.709 us = 349.56 us
RMS_NORM_MUL_SILU_MUL RMS_NORM(128,48,5,1): 48 x 5.8 us = 278.44 us
RMS_NORM_SCALE RMS_NORM(128,16,5,1): 96 x 2.725 us = 261.68 us
ROPE: 32 x 3.923 us = 125.56 us
SET_ROWS: 32 x 2.95 us = 94.4 us
SIGMOID_MUL SIGMOID: 16 x 1.707 us = 27.32 us
SSM_CONV_SILU SSM_CONV: 48 x 5.77 us = 276.96 us
Total time: 46713.1 us.
----------------
Vulkan Timings:
CONCAT: 1 x 2 us = 2 us
CONT: 1 x 3.96 us = 3.96 us
FLASH_ATTN_EXT dst(256,24,5,1),  q(256,5,24,1),  k(256,256,4,1),  v(256,256,4,1),  m(256,5,1,1): 1 x 22.4 us = 22.4 us (1404.34 GFLOPS/s)
GLU: 1 x 1.64 us = 1.64 us
MUL_MAT f32 m=256 n=120 k=256: 1 x 1.8 us = 1.8 us (8721.07 GFLOPS/s)
MUL_MAT f32 m=256 n=20 k=256: 1 x 3.32 us = 3.32 us (788.048 GFLOPS/s)
MUL_MAT f32 m=64 n=480 k=64: 1 x 3.92 us = 3.92 us (995.265 GFLOPS/s)
MUL_MAT f32 m=64 n=80 k=64: 1 x 3.92 us = 3.92 us (165.878 GFLOPS/s)
MUL_MAT_ADD MUL_MAT_VEC q6_K m=5120 n=5 k=17408: 1 x 165.01 us = 165.01 us (5401.27 GFLOPS/s)
MUL_MAT_ADD MUL_MAT_VEC q6_K m=5120 n=5 k=6144: 1 x 62.72 us = 62.72 us (5015.1 GFLOPS/s)
MUL_MAT_VEC q6_K m=1024 n=5 k=5120: 2 x 11.76 us = 23.52 us (4457.8 GFLOPS/s)
MUL_MAT_VEC q6_K m=12288 n=5 k=5120: 1 x 118.86 us = 118.86 us (5292.65 GFLOPS/s)
MUL_MAT_VEC q6_K m=17408 n=5 k=5120: 2 x 135 us = 270 us (6601.5 GFLOPS/s)
MUL_MAT_VEC q8_0 m=5120 n=5 k=10240: 1 x 106.32 us = 106.32 us (4930.99 GFLOPS/s)
RMS_NORM_MUL RMS_NORM(256,24,5,1): 1 x 4.04 us = 4.04 us
RMS_NORM_MUL RMS_NORM(256,4,5,1): 1 x 3.92 us = 3.92 us
RMS_NORM_MUL RMS_NORM(5120,5,1,1): 5 x 8.75 us = 43.75 us
ROPE: 2 x 3.94 us = 7.88 us
SET_ROWS: 2 x 2.82 us = 5.64 us
SIGMOID_MUL SIGMOID: 1 x 1.84 us = 1.84 us
Total time: 856.46 us.
----------------
Vulkan Timings:
CONCAT: 1 x 3.8 us = 3.8 us
CONT: 1 x 3.68 us = 3.68 us
FLASH_ATTN_EXT dst(256,24,1,1),  q(256,1,24,1),  k(256,256,4,1),  v(256,256,4,1),  m(256,1,1,1): 1 x 13 us = 13 us (483.958 GFLOPS/s)
GET_ROWS: 2 x 4.36 us = 8.72 us
GLU: 1 x 1.68 us = 1.68 us
MUL_MAT f32 m=256 n=24 k=256: 1 x 1.6 us = 1.6 us (1962.24 GFLOPS/s)
MUL_MAT f32 m=64 n=16 k=64: 1 x 1.84 us = 1.84 us (70.6783 GFLOPS/s)
MUL_MAT f32 m=64 n=96 k=64: 1 x 3.4 us = 3.4 us (229.496 GFLOPS/s)
MUL_MAT_ADD MUL_MAT_VEC q6_K m=5120 n=1 k=17408: 1 x 131.6 us = 131.6 us (1354.5 GFLOPS/s)
MUL_MAT_ADD MUL_MAT_VEC q6_K m=5120 n=1 k=6144: 1 x 53.88 us = 53.88 us (1167.58 GFLOPS/s)
MUL_MAT_VEC f32 m=256 n=4 k=256: 1 x 3.16 us = 3.16 us (165.59 GFLOPS/s)
MUL_MAT_VEC q6_K m=1024 n=1 k=5120: 2 x 9.54 us = 19.08 us (1099.03 GFLOPS/s)
MUL_MAT_VEC q6_K m=12288 n=1 k=5120: 1 x 90.76 us = 90.76 us (1386.26 GFLOPS/s)
MUL_MAT_VEC q6_K m=17408 n=1 k=5120: 2 x 118.2 us = 236.4 us (1507.96 GFLOPS/s)
MUL_MAT_VEC q6_K m=98304 n=1 k=5120: 1 x 670.19 us = 670.19 us (1501.86 GFLOPS/s)
MUL_MAT_VEC q8_0 m=5120 n=1 k=10240: 1 x 92.04 us = 92.04 us (1139.21 GFLOPS/s)
PAD: 1 x 6.4 us = 6.4 us
RMS_NORM_MUL RMS_NORM(256,24,1,1): 1 x 3.32 us = 3.32 us
RMS_NORM_MUL RMS_NORM(256,4,1,1): 1 x 5.04 us = 5.04 us
RMS_NORM_MUL RMS_NORM(5120,1,1,1): 5 x 4.504 us = 22.52 us
ROPE: 2 x 3.44 us = 6.88 us
SET_ROWS: 2 x 2.74 us = 5.48 us
SIGMOID_MUL SIGMOID: 1 x 1.64 us = 1.64 us
TOP_K K=10 (98304,1,1,1): 1 x 9.48 us = 9.48 us
Total time: 1395.59 us.
----------------
Vulkan Timings:
CONCAT: 1 x 3.8 us = 3.8 us
CONT: 1 x 3.6 us = 3.6 us
FLASH_ATTN_EXT dst(256,24,1,1),  q(256,1,24,1),  k(256,256,4,1),  v(256,256,4,1),  m(256,1,1,1): 1 x 12.84 us = 12.84 us (489.989 GFLOPS/s)
GET_ROWS: 2 x 4.16 us = 8.32 us
GLU: 1 x 1.88 us = 1.88 us
MUL_MAT f32 m=256 n=24 k=256: 1 x 1.68 us = 1.68 us (1868.8 GFLOPS/s)
MUL_MAT f32 m=64 n=16 k=64: 1 x 3.64 us = 3.64 us (35.7275 GFLOPS/s)
MUL_MAT f32 m=64 n=96 k=64: 1 x 3.64 us = 3.64 us (214.365 GFLOPS/s)
MUL_MAT_ADD MUL_MAT_VEC q6_K m=5120 n=1 k=17408: 1 x 124 us = 124 us (1437.52 GFLOPS/s)
MUL_MAT_ADD MUL_MAT_VEC q6_K m=5120 n=1 k=6144: 1 x 53.76 us = 53.76 us (1170.19 GFLOPS/s)
MUL_MAT_VEC f32 m=256 n=4 k=256: 1 x 3.04 us = 3.04 us (172.126 GFLOPS/s)
MUL_MAT_VEC q6_K m=1024 n=1 k=5120: 2 x 9.22 us = 18.44 us (1137.17 GFLOPS/s)
MUL_MAT_VEC q6_K m=12288 n=1 k=5120: 1 x 85.68 us = 85.68 us (1468.45 GFLOPS/s)
MUL_MAT_VEC q6_K m=17408 n=1 k=5120: 2 x 121.24 us = 242.48 us (1470.15 GFLOPS/s)
MUL_MAT_VEC q6_K m=98304 n=1 k=5120: 1 x 670.44 us = 670.44 us (1501.3 GFLOPS/s)
MUL_MAT_VEC q8_0 m=5120 n=1 k=10240: 1 x 101.84 us = 101.84 us (1029.58 GFLOPS/s)
PAD: 1 x 6.48 us = 6.48 us
RMS_NORM_MUL RMS_NORM(256,24,1,1): 1 x 3.64 us = 3.64 us
RMS_NORM_MUL RMS_NORM(256,4,1,1): 1 x 3.64 us = 3.64 us
RMS_NORM_MUL RMS_NORM(5120,1,1,1): 5 x 3.76 us = 18.8 us
ROPE: 2 x 3.6 us = 7.2 us
SET_ROWS: 2 x 2.68 us = 5.36 us
SIGMOID_MUL SIGMOID: 1 x 1.64 us = 1.64 us
TOP_K K=10 (98304,1,1,1): 1 x 8.4 us = 8.4 us
Total time: 1394.24 us.
----------------
Vulkan Timings:
CONCAT: 1 x 3.72 us = 3.72 us
CONT: 1 x 3.64 us = 3.64 us
FLASH_ATTN_EXT dst(256,24,1,1),  q(256,1,24,1),  k(256,256,4,1),  v(256,256,4,1),  m(256,1,1,1): 1 x 12.72 us = 12.72 us (494.611 GFLOPS/s)
GET_ROWS: 2 x 4.18 us = 8.36 us
GLU: 1 x 1.76 us = 1.76 us
MUL_MAT f32 m=256 n=24 k=256: 1 x 1.64 us = 1.64 us (1914.38 GFLOPS/s)
MUL_MAT f32 m=64 n=16 k=64: 1 x 3.64 us = 3.64 us (35.7275 GFLOPS/s)
MUL_MAT f32 m=64 n=96 k=64: 1 x 3.64 us = 3.64 us (214.365 GFLOPS/s)
MUL_MAT_ADD MUL_MAT_VEC q6_K m=5120 n=1 k=17408: 1 x 122.56 us = 122.56 us (1454.41 GFLOPS/s)
MUL_MAT_ADD MUL_MAT_VEC q6_K m=5120 n=1 k=6144: 1 x 54.04 us = 54.04 us (1164.13 GFLOPS/s)
MUL_MAT_VEC f32 m=256 n=4 k=256: 1 x 3.04 us = 3.04 us (172.126 GFLOPS/s)
MUL_MAT_VEC q6_K m=1024 n=1 k=5120: 2 x 9.06 us = 18.12 us (1157.26 GFLOPS/s)
MUL_MAT_VEC q6_K m=12288 n=1 k=5120: 1 x 85.88 us = 85.88 us (1465.03 GFLOPS/s)
MUL_MAT_VEC q6_K m=17408 n=1 k=5120: 2 x 120.94 us = 241.88 us (1473.79 GFLOPS/s)
MUL_MAT_VEC q6_K m=98304 n=1 k=5120: 1 x 671.74 us = 671.74 us (1498.4 GFLOPS/s)
MUL_MAT_VEC q8_0 m=5120 n=1 k=10240: 1 x 101.12 us = 101.12 us (1036.91 GFLOPS/s)
PAD: 1 x 6.32 us = 6.32 us
RMS_NORM_MUL RMS_NORM(256,24,1,1): 1 x 3.64 us = 3.64 us
RMS_NORM_MUL RMS_NORM(256,4,1,1): 1 x 3.56 us = 3.56 us
RMS_NORM_MUL RMS_NORM(5120,1,1,1): 5 x 3.728 us = 18.64 us
ROPE: 2 x 3.56 us = 7.12 us
SET_ROWS: 2 x 2.64 us = 5.28 us
SIGMOID_MUL SIGMOID: 1 x 1.68 us = 1.68 us
TOP_K K=10 (98304,1,1,1): 1 x 8.84 us = 8.84 us
Total time: 1392.58 us.
----------------
Vulkan Timings:
CONCAT: 1 x 3.76 us = 3.76 us
CONT: 1 x 3.64 us = 3.64 us
FLASH_ATTN_EXT dst(256,24,1,1),  q(256,1,24,1),  k(256,256,4,1),  v(256,256,4,1),  m(256,1,1,1): 1 x 12.72 us = 12.72 us (494.611 GFLOPS/s)
GET_ROWS: 2 x 4.32 us = 8.64 us
GLU: 1 x 1.76 us = 1.76 us
MUL_MAT f32 m=256 n=24 k=256: 1 x 1.68 us = 1.68 us (1868.8 GFLOPS/s)
MUL_MAT f32 m=64 n=16 k=64: 1 x 3.6 us = 3.6 us (36.1244 GFLOPS/s)
MUL_MAT f32 m=64 n=96 k=64: 1 x 3.6 us = 3.6 us (216.747 GFLOPS/s)
MUL_MAT_ADD MUL_MAT_VEC q6_K m=5120 n=1 k=17408: 1 x 123.52 us = 123.52 us (1443.11 GFLOPS/s)
MUL_MAT_ADD MUL_MAT_VEC q6_K m=5120 n=1 k=6144: 1 x 53.56 us = 53.56 us (1174.56 GFLOPS/s)
MUL_MAT_VEC f32 m=256 n=4 k=256: 1 x 3.04 us = 3.04 us (172.126 GFLOPS/s)
MUL_MAT_VEC q6_K m=1024 n=1 k=5120: 2 x 9.06 us = 18.12 us (1157.26 GFLOPS/s)
MUL_MAT_VEC q6_K m=12288 n=1 k=5120: 1 x 85.36 us = 85.36 us (1473.96 GFLOPS/s)
MUL_MAT_VEC q6_K m=17408 n=1 k=5120: 2 x 121.24 us = 242.48 us (1470.15 GFLOPS/s)
MUL_MAT_VEC q6_K m=98304 n=1 k=5120: 1 x 670.83 us = 670.83 us (1500.43 GFLOPS/s)
MUL_MAT_VEC q8_0 m=5120 n=1 k=10240: 1 x 101.08 us = 101.08 us (1037.32 GFLOPS/s)
PAD: 1 x 6.32 us = 6.32 us
RMS_NORM_MUL RMS_NORM(256,24,1,1): 1 x 3.56 us = 3.56 us
RMS_NORM_MUL RMS_NORM(256,4,1,1): 1 x 3.64 us = 3.64 us
RMS_NORM_MUL RMS_NORM(5120,1,1,1): 5 x 3.744 us = 18.72 us
ROPE: 2 x 3.58 us = 7.16 us
SET_ROWS: 2 x 2.68 us = 5.36 us
SIGMOID_MUL SIGMOID: 1 x 1.72 us = 1.72 us
TOP_K K=10 (98304,1,1,1): 1 x 8.88 us = 8.88 us
Total time: 1392.75 us.
----------------
Vulkan Timings:
ADD: 48 x 3.84 us = 184.32 us
CONCAT: 48 x 2.505 us = 120.24 us
CONT: 16 x 3.915 us = 62.64 us
CPY: 240 x 2.244 us = 538.72 us
FLASH_ATTN_EXT dst(256,24,5,1),  q(256,5,24,1),  k(256,256,4,1),  v(256,256,4,1),  m(256,5,1,1): 16 x 21.475 us = 343.6 us (1464.83 GFLOPS/s)
GDN_CACHE GATED_DELTA_NET: 48 x 13.899 us = 667.16 us
GET_ROWS: 50 x 27.34 us = 1367 us
GLU: 64 x 1.87 us = 119.72 us
MUL_MAT f32 m=256 n=120 k=256: 16 x 1.882 us = 30.12 us (8338.87 GFLOPS/s)
MUL_MAT f32 m=256 n=20 k=256: 16 x 3.057 us = 48.92 us (855.706 GFLOPS/s)
MUL_MAT f32 m=64 n=480 k=64: 16 x 3.722 us = 59.56 us (1048.07 GFLOPS/s)
MUL_MAT f32 m=64 n=80 k=64: 16 x 3.27 us = 52.32 us (198.85 GFLOPS/s)
MUL_MAT_ADD MUL_MAT_VEC q6_K m=5120 n=5 k=17408: 64 x 137.167 us = 8778.72 us (6497.63 GFLOPS/s)
MUL_MAT_ADD MUL_MAT_VEC q6_K m=5120 n=5 k=6144: 16 x 56.12 us = 897.92 us (5604.9 GFLOPS/s)
MUL_MAT_VEC f32 m=48 n=5 k=5120: 96 x 3.561 us = 341.88 us (690.027 GFLOPS/s)
MUL_MAT_VEC q6_K m=1024 n=5 k=5120: 32 x 9.508 us = 304.28 us (5513.2 GFLOPS/s)
MUL_MAT_VEC q6_K m=10240 n=5 k=5120: 48 x 81.688 us = 3921.04 us (6417.52 GFLOPS/s)
MUL_MAT_VEC q6_K m=12288 n=5 k=5120: 16 x 105.015 us = 1680.24 us (5990.42 GFLOPS/s)
MUL_MAT_VEC q6_K m=17408 n=5 k=5120: 128 x 142.884 us = 18289.2 us (6237.24 GFLOPS/s)
MUL_MAT_VEC q6_K m=248320 n=5 k=5120: 1 x 1771.84 us = 1771.84 us (7174.88 GFLOPS/s)
MUL_MAT_VEC q6_K m=6144 n=5 k=5120: 48 x 54.311 us = 2606.96 us (5791.43 GFLOPS/s)
MUL_MAT_VEC q8_0 m=5120 n=5 k=6144: 48 x 63.211 us = 3034.16 us (4976.09 GFLOPS/s)
RMS_NORM_MUL RMS_NORM(256,24,5,1): 16 x 3.932 us = 62.92 us
RMS_NORM_MUL RMS_NORM(256,4,5,1): 16 x 4.605 us = 73.68 us
RMS_NORM_MUL RMS_NORM(5120,5,1,1): 129 x 2.724 us = 351.48 us
RMS_NORM_MUL_SILU_MUL RMS_NORM(128,48,5,1): 48 x 5.82 us = 279.4 us
RMS_NORM_SCALE RMS_NORM(128,16,5,1): 96 x 2.703 us = 259.56 us
ROPE: 32 x 3.938 us = 126.04 us
SET_ROWS: 32 x 3.08 us = 98.56 us
SIGMOID_MUL SIGMOID: 16 x 1.737 us = 27.8 us
SSM_CONV_SILU SSM_CONV: 48 x 5.834 us = 280.04 us
Total time: 46780 us.
----------------
Vulkan Timings:
CONCAT: 1 x 2.12 us = 2.12 us
CONT: 1 x 3.84 us = 3.84 us
FLASH_ATTN_EXT dst(256,24,5,1),  q(256,5,24,1),  k(256,256,4,1),  v(256,256,4,1),  m(256,5,1,1): 1 x 21.72 us = 21.72 us (1448.31 GFLOPS/s)
GLU: 1 x 1.6 us = 1.6 us
MUL_MAT f32 m=256 n=120 k=256: 1 x 1.76 us = 1.76 us (8919.27 GFLOPS/s)
MUL_MAT f32 m=256 n=20 k=256: 1 x 3.24 us = 3.24 us (807.506 GFLOPS/s)
MUL_MAT f32 m=64 n=480 k=64: 1 x 3.84 us = 3.84 us (1016 GFLOPS/s)
MUL_MAT f32 m=64 n=80 k=64: 1 x 3.88 us = 3.88 us (167.588 GFLOPS/s)
MUL_MAT_ADD MUL_MAT_VEC q6_K m=5120 n=5 k=17408: 1 x 158.18 us = 158.18 us (5634.49 GFLOPS/s)
MUL_MAT_ADD MUL_MAT_VEC q6_K m=5120 n=5 k=6144: 1 x 61.56 us = 61.56 us (5109.6 GFLOPS/s)
MUL_MAT_VEC q6_K m=1024 n=5 k=5120: 2 x 11.48 us = 22.96 us (4566.52 GFLOPS/s)
MUL_MAT_VEC q6_K m=12288 n=5 k=5120: 1 x 121.37 us = 121.37 us (5183.19 GFLOPS/s)
MUL_MAT_VEC q6_K m=17408 n=5 k=5120: 2 x 135.5 us = 271 us (6577.14 GFLOPS/s)
MUL_MAT_VEC q8_0 m=5120 n=5 k=10240: 1 x 106.28 us = 106.28 us (4932.84 GFLOPS/s)
RMS_NORM_MUL RMS_NORM(256,24,5,1): 1 x 4 us = 4 us
RMS_NORM_MUL RMS_NORM(256,4,5,1): 1 x 3.84 us = 3.84 us
RMS_NORM_MUL RMS_NORM(5120,5,1,1): 5 x 8.288 us = 41.44 us
ROPE: 2 x 3.86 us = 7.72 us
SET_ROWS: 2 x 2.78 us = 5.56 us
SIGMOID_MUL SIGMOID: 1 x 1.8 us = 1.8 us
Total time: 847.71 us.
----------------
Vulkan Timings:
CONCAT: 1 x 3.68 us = 3.68 us
CONT: 1 x 3.56 us = 3.56 us
FLASH_ATTN_EXT dst(256,24,1,1),  q(256,1,24,1),  k(256,256,4,1),  v(256,256,4,1),  m(256,1,1,1): 1 x 12.64 us = 12.64 us (497.742 GFLOPS/s)
GET_ROWS: 2 x 4.36 us = 8.72 us
GLU: 1 x 1.68 us = 1.68 us
MUL_MAT f32 m=256 n=24 k=256: 1 x 1.6 us = 1.6 us (1962.24 GFLOPS/s)
MUL_MAT f32 m=64 n=16 k=64: 1 x 1.88 us = 1.88 us (69.1745 GFLOPS/s)
MUL_MAT f32 m=64 n=96 k=64: 1 x 3.24 us = 3.24 us (240.83 GFLOPS/s)
MUL_MAT_ADD MUL_MAT_VEC q6_K m=5120 n=1 k=17408: 1 x 129.4 us = 129.4 us (1377.53 GFLOPS/s)
MUL_MAT_ADD MUL_MAT_VEC q6_K m=5120 n=1 k=6144: 1 x 54.6 us = 54.6 us (1152.19 GFLOPS/s)
MUL_MAT_VEC f32 m=256 n=4 k=256: 1 x 3.08 us = 3.08 us (169.891 GFLOPS/s)
MUL_MAT_VEC q6_K m=1024 n=1 k=5120: 2 x 9.28 us = 18.56 us (1129.82 GFLOPS/s)
MUL_MAT_VEC q6_K m=12288 n=1 k=5120: 1 x 90.24 us = 90.24 us (1394.25 GFLOPS/s)
MUL_MAT_VEC q6_K m=17408 n=1 k=5120: 2 x 118.1 us = 236.2 us (1509.23 GFLOPS/s)
MUL_MAT_VEC q6_K m=98304 n=1 k=5120: 1 x 674.07 us = 674.07 us (1493.22 GFLOPS/s)
MUL_MAT_VEC q8_0 m=5120 n=1 k=10240: 1 x 91.48 us = 91.48 us (1146.18 GFLOPS/s)
PAD: 1 x 7.12 us = 7.12 us
RMS_NORM_MUL RMS_NORM(256,24,1,1): 1 x 3.32 us = 3.32 us
RMS_NORM_MUL RMS_NORM(256,4,1,1): 1 x 4.96 us = 4.96 us
RMS_NORM_MUL RMS_NORM(5120,1,1,1): 5 x 4.448 us = 22.24 us
ROPE: 2 x 3.38 us = 6.76 us
SET_ROWS: 2 x 2.66 us = 5.32 us
SIGMOID_MUL SIGMOID: 1 x 1.6 us = 1.6 us
TOP_K K=10 (98304,1,1,1): 1 x 8.84 us = 8.84 us
Total time: 1394.79 us.
----------------
Vulkan Timings:
CONCAT: 1 x 3.8 us = 3.8 us
CONT: 1 x 3.68 us = 3.68 us
FLASH_ATTN_EXT dst(256,24,1,1),  q(256,1,24,1),  k(256,256,4,1),  v(256,256,4,1),  m(256,1,1,1): 1 x 12.92 us = 12.92 us (486.955 GFLOPS/s)
GET_ROWS: 2 x 4.16 us = 8.32 us
GLU: 1 x 1.72 us = 1.72 us
MUL_MAT f32 m=256 n=24 k=256: 1 x 1.64 us = 1.64 us (1914.38 GFLOPS/s)
MUL_MAT f32 m=64 n=16 k=64: 1 x 3.64 us = 3.64 us (35.7275 GFLOPS/s)
MUL_MAT f32 m=64 n=96 k=64: 1 x 3.64 us = 3.64 us (214.365 GFLOPS/s)
MUL_MAT_ADD MUL_MAT_VEC q6_K m=5120 n=1 k=17408: 1 x 123.88 us = 123.88 us (1438.92 GFLOPS/s)
MUL_MAT_ADD MUL_MAT_VEC q6_K m=5120 n=1 k=6144: 1 x 54.12 us = 54.12 us (1162.41 GFLOPS/s)
MUL_MAT_VEC f32 m=256 n=4 k=256: 1 x 3.04 us = 3.04 us (172.126 GFLOPS/s)
MUL_MAT_VEC q6_K m=1024 n=1 k=5120: 2 x 9.04 us = 18.08 us (1159.82 GFLOPS/s)
MUL_MAT_VEC q6_K m=12288 n=1 k=5120: 1 x 85.32 us = 85.32 us (1474.65 GFLOPS/s)
MUL_MAT_VEC q6_K m=17408 n=1 k=5120: 2 x 121.66 us = 243.32 us (1465.07 GFLOPS/s)
MUL_MAT_VEC q6_K m=98304 n=1 k=5120: 1 x 673.45 us = 673.45 us (1494.59 GFLOPS/s)
MUL_MAT_VEC q8_0 m=5120 n=1 k=10240: 1 x 101.68 us = 101.68 us (1031.2 GFLOPS/s)
PAD: 1 x 6.2 us = 6.2 us
RMS_NORM_MUL RMS_NORM(256,24,1,1): 1 x 3.64 us = 3.64 us
RMS_NORM_MUL RMS_NORM(256,4,1,1): 1 x 3.6 us = 3.6 us
RMS_NORM_MUL RMS_NORM(5120,1,1,1): 5 x 3.768 us = 18.84 us
ROPE: 2 x 3.6 us = 7.2 us
SET_ROWS: 2 x 2.64 us = 5.28 us
SIGMOID_MUL SIGMOID: 1 x 1.76 us = 1.76 us
TOP_K K=10 (98304,1,1,1): 1 x 8.88 us = 8.88 us
Total time: 1397.65 us.
----------------
Vulkan Timings:
CONCAT: 1 x 3.8 us = 3.8 us
CONT: 1 x 3.64 us = 3.64 us
FLASH_ATTN_EXT dst(256,24,1,1),  q(256,1,24,1),  k(256,256,4,1),  v(256,256,4,1),  m(256,1,1,1): 1 x 12.64 us = 12.64 us (497.742 GFLOPS/s)
GET_ROWS: 2 x 4.4 us = 8.8 us
GLU: 1 x 1.8 us = 1.8 us
MUL_MAT f32 m=256 n=24 k=256: 1 x 1.68 us = 1.68 us (1868.8 GFLOPS/s)
MUL_MAT f32 m=64 n=16 k=64: 1 x 3.56 us = 3.56 us (36.5303 GFLOPS/s)
MUL_MAT f32 m=64 n=96 k=64: 1 x 3.6 us = 3.6 us (216.747 GFLOPS/s)
MUL_MAT_ADD MUL_MAT_VEC q6_K m=5120 n=1 k=17408: 1 x 122.96 us = 122.96 us (1449.68 GFLOPS/s)
MUL_MAT_ADD MUL_MAT_VEC q6_K m=5120 n=1 k=6144: 1 x 53.36 us = 53.36 us (1178.96 GFLOPS/s)
MUL_MAT_VEC f32 m=256 n=4 k=256: 1 x 3 us = 3 us (174.421 GFLOPS/s)
MUL_MAT_VEC q6_K m=1024 n=1 k=5120: 2 x 9.08 us = 18.16 us (1154.71 GFLOPS/s)
MUL_MAT_VEC q6_K m=12288 n=1 k=5120: 1 x 85.24 us = 85.24 us (1476.03 GFLOPS/s)
MUL_MAT_VEC q6_K m=17408 n=1 k=5120: 2 x 121.24 us = 242.48 us (1470.15 GFLOPS/s)
MUL_MAT_VEC q6_K m=98304 n=1 k=5120: 1 x 673.41 us = 673.41 us (1494.68 GFLOPS/s)
MUL_MAT_VEC q8_0 m=5120 n=1 k=10240: 1 x 101.16 us = 101.16 us (1036.5 GFLOPS/s)
PAD: 1 x 6.32 us = 6.32 us
RMS_NORM_MUL RMS_NORM(256,24,1,1): 1 x 3.6 us = 3.6 us
RMS_NORM_MUL RMS_NORM(256,4,1,1): 1 x 3.64 us = 3.64 us
RMS_NORM_MUL RMS_NORM(5120,1,1,1): 5 x 3.736 us = 18.68 us
ROPE: 2 x 3.56 us = 7.12 us
SET_ROWS: 2 x 2.68 us = 5.36 us
SIGMOID_MUL SIGMOID: 1 x 1.64 us = 1.64 us
TOP_K K=10 (98304,1,1,1): 1 x 8.6 us = 8.6 us
Total time: 1394.25 us.
----------------
Vulkan Timings:
CONCAT: 1 x 3.96 us = 3.96 us
CONT: 1 x 3.6 us = 3.6 us
FLASH_ATTN_EXT dst(256,24,1,1),  q(256,1,24,1),  k(256,256,4,1),  v(256,256,4,1),  m(256,1,1,1): 1 x 12.84 us = 12.84 us (489.989 GFLOPS/s)
GET_ROWS: 2 x 4.28 us = 8.56 us
GLU: 1 x 1.72 us = 1.72 us
MUL_MAT f32 m=256 n=24 k=256: 1 x 1.6 us = 1.6 us (1962.24 GFLOPS/s)
MUL_MAT f32 m=64 n=16 k=64: 1 x 3.6 us = 3.6 us (36.1244 GFLOPS/s)
MUL_MAT f32 m=64 n=96 k=64: 1 x 3.56 us = 3.56 us (219.182 GFLOPS/s)
MUL_MAT_ADD MUL_MAT_VEC q6_K m=5120 n=1 k=17408: 1 x 123.4 us = 123.4 us (1444.51 GFLOPS/s)
MUL_MAT_ADD MUL_MAT_VEC q6_K m=5120 n=1 k=6144: 1 x 53.44 us = 53.44 us (1177.2 GFLOPS/s)
MUL_MAT_VEC f32 m=256 n=4 k=256: 1 x 3.04 us = 3.04 us (172.126 GFLOPS/s)
MUL_MAT_VEC q6_K m=1024 n=1 k=5120: 2 x 9.16 us = 18.32 us (1144.62 GFLOPS/s)
MUL_MAT_VEC q6_K m=12288 n=1 k=5120: 1 x 85.6 us = 85.6 us (1469.82 GFLOPS/s)
MUL_MAT_VEC q6_K m=17408 n=1 k=5120: 2 x 121.3 us = 242.6 us (1469.42 GFLOPS/s)
MUL_MAT_VEC q6_K m=98304 n=1 k=5120: 1 x 672.76 us = 672.76 us (1496.13 GFLOPS/s)
MUL_MAT_VEC q8_0 m=5120 n=1 k=10240: 1 x 100.88 us = 100.88 us (1039.38 GFLOPS/s)
PAD: 1 x 8.44 us = 8.44 us
RMS_NORM_MUL RMS_NORM(256,24,1,1): 1 x 3.64 us = 3.64 us
RMS_NORM_MUL RMS_NORM(256,4,1,1): 1 x 3.6 us = 3.6 us
RMS_NORM_MUL RMS_NORM(5120,1,1,1): 5 x 3.752 us = 18.76 us
ROPE: 2 x 3.62 us = 7.24 us
SET_ROWS: 2 x 2.64 us = 5.28 us
SIGMOID_MUL SIGMOID: 1 x 1.68 us = 1.68 us
TOP_K K=10 (98304,1,1,1): 1 x 6.28 us = 6.28 us
Total time: 1394.4 us.
----------------
Vulkan Timings:
ADD: 48 x 3.832 us = 183.96 us
CONCAT: 48 x 2.435 us = 116.88 us
CONT: 16 x 3.907 us = 62.52 us
CPY: 240 x 2.292 us = 550.28 us
FLASH_ATTN_EXT dst(256,24,5,1),  q(256,5,24,1),  k(256,256,4,1),  v(256,256,4,1),  m(256,5,1,1): 16 x 21.407 us = 342.52 us (1469.45 GFLOPS/s)
GDN_CACHE GATED_DELTA_NET: 48 x 13.924 us = 668.36 us
GET_ROWS: 50 x 27.32 us = 1366 us
GLU: 64 x 1.863 us = 119.28 us
MUL_MAT f32 m=256 n=120 k=256: 16 x 1.85 us = 29.6 us (8485.36 GFLOPS/s)
MUL_MAT f32 m=256 n=20 k=256: 16 x 3.192 us = 51.08 us (819.521 GFLOPS/s)
MUL_MAT f32 m=64 n=480 k=64: 16 x 3.7 us = 59.2 us (1054.44 GFLOPS/s)
MUL_MAT f32 m=64 n=80 k=64: 16 x 3.36 us = 53.76 us (193.524 GFLOPS/s)
MUL_MAT_ADD MUL_MAT_VEC q6_K m=5120 n=5 k=17408: 64 x 137.085 us = 8773.48 us (6501.51 GFLOPS/s)
MUL_MAT_ADD MUL_MAT_VEC q6_K m=5120 n=5 k=6144: 16 x 56.027 us = 896.44 us (5614.16 GFLOPS/s)
MUL_MAT_VEC f32 m=48 n=5 k=5120: 96 x 3.481 us = 334.2 us (705.884 GFLOPS/s)
MUL_MAT_VEC q6_K m=1024 n=5 k=5120: 32 x 9.923 us = 317.56 us (5282.65 GFLOPS/s)
MUL_MAT_VEC q6_K m=10240 n=5 k=5120: 48 x 81.576 us = 3915.68 us (6426.31 GFLOPS/s)
MUL_MAT_VEC q6_K m=12288 n=5 k=5120: 16 x 103.442 us = 1655.08 us (6081.49 GFLOPS/s)
MUL_MAT_VEC q6_K m=17408 n=5 k=5120: 128 x 142.814 us = 18280.2 us (6240.29 GFLOPS/s)
MUL_MAT_VEC q6_K m=248320 n=5 k=5120: 1 x 1762.4 us = 1762.4 us (7213.31 GFLOPS/s)
MUL_MAT_VEC q6_K m=6144 n=5 k=5120: 48 x 54.276 us = 2605.28 us (5795.16 GFLOPS/s)
MUL_MAT_VEC q8_0 m=5120 n=5 k=6144: 48 x 63.316 us = 3039.2 us (4967.84 GFLOPS/s)
RMS_NORM_MUL RMS_NORM(256,24,5,1): 16 x 4.175 us = 66.8 us
RMS_NORM_MUL RMS_NORM(256,4,5,1): 16 x 4.517 us = 72.28 us
RMS_NORM_MUL RMS_NORM(5120,5,1,1): 129 x 2.726 us = 351.68 us
RMS_NORM_MUL_SILU_MUL RMS_NORM(128,48,5,1): 48 x 5.805 us = 278.64 us
RMS_NORM_SCALE RMS_NORM(128,16,5,1): 96 x 2.724 us = 261.52 us
ROPE: 32 x 3.932 us = 125.84 us
SET_ROWS: 32 x 2.993 us = 95.8 us
SIGMOID_MUL SIGMOID: 16 x 1.712 us = 27.4 us
SSM_CONV_SILU SSM_CONV: 48 x 5.67 us = 272.16 us
Total time: 46735.1 us.
----------------
Vulkan Timings:
CONCAT: 1 x 2 us = 2 us
CONT: 1 x 3.88 us = 3.88 us
FLASH_ATTN_EXT dst(256,24,5,1),  q(256,5,24,1),  k(256,256,4,1),  v(256,256,4,1),  m(256,5,1,1): 1 x 21.56 us = 21.56 us (1459.06 GFLOPS/s)
GLU: 1 x 1.6 us = 1.6 us
MUL_MAT f32 m=256 n=120 k=256: 1 x 1.76 us = 1.76 us (8919.27 GFLOPS/s)
MUL_MAT f32 m=256 n=20 k=256: 1 x 3.24 us = 3.24 us (807.506 GFLOPS/s)
MUL_MAT f32 m=64 n=480 k=64: 1 x 3.92 us = 3.92 us (995.265 GFLOPS/s)
MUL_MAT f32 m=64 n=80 k=64: 1 x 3.84 us = 3.84 us (169.333 GFLOPS/s)
MUL_MAT_ADD MUL_MAT_VEC q6_K m=5120 n=5 k=17408: 1 x 157.54 us = 157.54 us (5657.38 GFLOPS/s)
MUL_MAT_ADD MUL_MAT_VEC q6_K m=5120 n=5 k=6144: 1 x 62.56 us = 62.56 us (5027.93 GFLOPS/s)
MUL_MAT_VEC q6_K m=1024 n=5 k=5120: 2 x 11.88 us = 23.76 us (4412.77 GFLOPS/s)
MUL_MAT_VEC q6_K m=12288 n=5 k=5120: 1 x 122.53 us = 122.53 us (5134.12 GFLOPS/s)
MUL_MAT_VEC q6_K m=17408 n=5 k=5120: 2 x 134.96 us = 269.92 us (6603.46 GFLOPS/s)
MUL_MAT_VEC q8_0 m=5120 n=5 k=10240: 1 x 107.72 us = 107.72 us (4866.9 GFLOPS/s)
RMS_NORM_MUL RMS_NORM(256,24,5,1): 1 x 4 us = 4 us
RMS_NORM_MUL RMS_NORM(256,4,5,1): 1 x 3.8 us = 3.8 us
RMS_NORM_MUL RMS_NORM(5120,5,1,1): 5 x 9.072 us = 45.36 us
ROPE: 2 x 3.86 us = 7.72 us
SET_ROWS: 2 x 2.78 us = 5.56 us
SIGMOID_MUL SIGMOID: 1 x 1.88 us = 1.88 us
Total time: 854.15 us.
----------------
Vulkan Timings:
CONCAT: 1 x 3.72 us = 3.72 us
CONT: 1 x 3.64 us = 3.64 us
FLASH_ATTN_EXT dst(256,24,1,1),  q(256,1,24,1),  k(256,256,4,1),  v(256,256,4,1),  m(256,1,1,1): 1 x 13.16 us = 13.16 us (478.074 GFLOPS/s)
GET_ROWS: 2 x 4.26 us = 8.52 us
GLU: 1 x 1.68 us = 1.68 us
MUL_MAT f32 m=256 n=24 k=256: 1 x 1.56 us = 1.56 us (2012.55 GFLOPS/s)
MUL_MAT f32 m=64 n=16 k=64: 1 x 1.88 us = 1.88 us (69.1745 GFLOPS/s)
MUL_MAT f32 m=64 n=96 k=64: 1 x 3.28 us = 3.28 us (237.893 GFLOPS/s)
MUL_MAT_ADD MUL_MAT_VEC q6_K m=5120 n=1 k=17408: 1 x 130.12 us = 130.12 us (1369.91 GFLOPS/s)
MUL_MAT_ADD MUL_MAT_VEC q6_K m=5120 n=1 k=6144: 1 x 54.04 us = 54.04 us (1164.13 GFLOPS/s)
MUL_MAT_VEC f32 m=256 n=4 k=256: 1 x 3.08 us = 3.08 us (169.891 GFLOPS/s)
MUL_MAT_VEC q6_K m=1024 n=1 k=5120: 2 x 9.54 us = 19.08 us (1099.03 GFLOPS/s)
MUL_MAT_VEC q6_K m=12288 n=1 k=5120: 1 x 90.88 us = 90.88 us (1384.43 GFLOPS/s)
MUL_MAT_VEC q6_K m=17408 n=1 k=5120: 2 x 118.28 us = 236.56 us (1506.94 GFLOPS/s)
MUL_MAT_VEC q6_K m=98304 n=1 k=5120: 1 x 674 us = 674 us (1493.37 GFLOPS/s)
MUL_MAT_VEC q8_0 m=5120 n=1 k=10240: 1 x 91.52 us = 91.52 us (1145.68 GFLOPS/s)
PAD: 1 x 6.4 us = 6.4 us
RMS_NORM_MUL RMS_NORM(256,24,1,1): 1 x 3.28 us = 3.28 us
RMS_NORM_MUL RMS_NORM(256,4,1,1): 1 x 4.96 us = 4.96 us
RMS_NORM_MUL RMS_NORM(5120,1,1,1): 5 x 4.552 us = 22.76 us
ROPE: 2 x 3.4 us = 6.8 us
SET_ROWS: 2 x 2.66 us = 5.32 us
SIGMOID_MUL SIGMOID: 1 x 1.64 us = 1.64 us
TOP_K K=10 (98304,1,1,1): 1 x 8.76 us = 8.76 us
Total time: 1396.64 us.
----------------
Vulkan Timings:
CONCAT: 1 x 3.8 us = 3.8 us
CONT: 1 x 3.68 us = 3.68 us
FLASH_ATTN_EXT dst(256,24,1,1),  q(256,1,24,1),  k(256,256,4,1),  v(256,256,4,1),  m(256,1,1,1): 1 x 13.08 us = 13.08 us (480.998 GFLOPS/s)
GET_ROWS: 2 x 4.16 us = 8.32 us
GLU: 1 x 1.88 us = 1.88 us
MUL_MAT f32 m=256 n=24 k=256: 1 x 1.72 us = 1.72 us (1825.34 GFLOPS/s)
MUL_MAT f32 m=64 n=16 k=64: 1 x 3.64 us = 3.64 us (35.7275 GFLOPS/s)
MUL_MAT f32 m=64 n=96 k=64: 1 x 3.64 us = 3.64 us (214.365 GFLOPS/s)
MUL_MAT_ADD MUL_MAT_VEC q6_K m=5120 n=1 k=17408: 1 x 123.68 us = 123.68 us (1441.24 GFLOPS/s)
MUL_MAT_ADD MUL_MAT_VEC q6_K m=5120 n=1 k=6144: 1 x 53.52 us = 53.52 us (1175.44 GFLOPS/s)
MUL_MAT_VEC f32 m=256 n=4 k=256: 1 x 3.04 us = 3.04 us (172.126 GFLOPS/s)
MUL_MAT_VEC q6_K m=1024 n=1 k=5120: 2 x 9.06 us = 18.12 us (1157.26 GFLOPS/s)
MUL_MAT_VEC q6_K m=12288 n=1 k=5120: 1 x 91.16 us = 91.16 us (1380.18 GFLOPS/s)
MUL_MAT_VEC q6_K m=17408 n=1 k=5120: 2 x 121.42 us = 242.84 us (1467.97 GFLOPS/s)
MUL_MAT_VEC q6_K m=98304 n=1 k=5120: 1 x 675.05 us = 675.05 us (1491.05 GFLOPS/s)
MUL_MAT_VEC q8_0 m=5120 n=1 k=10240: 1 x 101.76 us = 101.76 us (1030.39 GFLOPS/s)
PAD: 1 x 6.4 us = 6.4 us
RMS_NORM_MUL RMS_NORM(256,24,1,1): 1 x 3.64 us = 3.64 us
RMS_NORM_MUL RMS_NORM(256,4,1,1): 1 x 3.68 us = 3.68 us
RMS_NORM_MUL RMS_NORM(5120,1,1,1): 5 x 3.72 us = 18.6 us
ROPE: 2 x 3.62 us = 7.24 us
SET_ROWS: 2 x 2.7 us = 5.4 us
SIGMOID_MUL SIGMOID: 1 x 1.72 us = 1.72 us
TOP_K K=10 (98304,1,1,1): 1 x 8.8 us = 8.8 us
Total time: 1404.41 us.
----------------
Vulkan Timings:
CONCAT: 1 x 3.76 us = 3.76 us
CONT: 1 x 3.6 us = 3.6 us
FLASH_ATTN_EXT dst(256,24,1,1),  q(256,1,24,1),  k(256,256,4,1),  v(256,256,4,1),  m(256,1,1,1): 1 x 12.84 us = 12.84 us (489.989 GFLOPS/s)
GET_ROWS: 2 x 4.3 us = 8.6 us
GLU: 1 x 1.72 us = 1.72 us
MUL_MAT f32 m=256 n=24 k=256: 1 x 1.6 us = 1.6 us (1962.24 GFLOPS/s)
MUL_MAT f32 m=64 n=16 k=64: 1 x 3.6 us = 3.6 us (36.1244 GFLOPS/s)
MUL_MAT f32 m=64 n=96 k=64: 1 x 3.56 us = 3.56 us (219.182 GFLOPS/s)
MUL_MAT_ADD MUL_MAT_VEC q6_K m=5120 n=1 k=17408: 1 x 123.28 us = 123.28 us (1445.92 GFLOPS/s)
MUL_MAT_ADD MUL_MAT_VEC q6_K m=5120 n=1 k=6144: 1 x 53.52 us = 53.52 us (1175.44 GFLOPS/s)
MUL_MAT_VEC f32 m=256 n=4 k=256: 1 x 3.04 us = 3.04 us (172.126 GFLOPS/s)
MUL_MAT_VEC q6_K m=1024 n=1 k=5120: 2 x 9.1 us = 18.2 us (1152.17 GFLOPS/s)
MUL_MAT_VEC q6_K m=12288 n=1 k=5120: 1 x 86 us = 86 us (1462.99 GFLOPS/s)
MUL_MAT_VEC q6_K m=17408 n=1 k=5120: 2 x 121.34 us = 242.68 us (1468.93 GFLOPS/s)
MUL_MAT_VEC q6_K m=98304 n=1 k=5120: 1 x 700.16 us = 700.16 us (1437.58 GFLOPS/s)
MUL_MAT_VEC q8_0 m=5120 n=1 k=10240: 1 x 101.36 us = 101.36 us (1034.46 GFLOPS/s)
PAD: 1 x 6.28 us = 6.28 us
RMS_NORM_MUL RMS_NORM(256,24,1,1): 1 x 3.64 us = 3.64 us
RMS_NORM_MUL RMS_NORM(256,4,1,1): 1 x 3.68 us = 3.68 us
RMS_NORM_MUL RMS_NORM(5120,1,1,1): 5 x 3.728 us = 18.64 us
ROPE: 2 x 3.56 us = 7.12 us
SET_ROWS: 2 x 2.62 us = 5.24 us
SIGMOID_MUL SIGMOID: 1 x 1.68 us = 1.68 us
TOP_K K=10 (98304,1,1,1): 1 x 8.56 us = 8.56 us
Total time: 1422.36 us.
----------------
Vulkan Timings:
CONCAT: 1 x 3.72 us = 3.72 us
CONT: 1 x 3.64 us = 3.64 us
FLASH_ATTN_EXT dst(256,24,1,1),  q(256,1,24,1),  k(256,256,4,1),  v(256,256,4,1),  m(256,1,1,1): 1 x 12.92 us = 12.92 us (486.955 GFLOPS/s)
GET_ROWS: 2 x 5.86 us = 11.72 us
GLU: 1 x 1.72 us = 1.72 us
MUL_MAT f32 m=256 n=24 k=256: 1 x 1.6 us = 1.6 us (1962.24 GFLOPS/s)
MUL_MAT f32 m=64 n=16 k=64: 1 x 3.64 us = 3.64 us (35.7275 GFLOPS/s)
MUL_MAT f32 m=64 n=96 k=64: 1 x 3.64 us = 3.64 us (214.365 GFLOPS/s)
MUL_MAT_ADD MUL_MAT_VEC q6_K m=5120 n=1 k=17408: 1 x 123.44 us = 123.44 us (1444.04 GFLOPS/s)
MUL_MAT_ADD MUL_MAT_VEC q6_K m=5120 n=1 k=6144: 1 x 54.08 us = 54.08 us (1163.27 GFLOPS/s)
MUL_MAT_VEC f32 m=256 n=4 k=256: 1 x 3.04 us = 3.04 us (172.126 GFLOPS/s)
MUL_MAT_VEC q6_K m=1024 n=1 k=5120: 2 x 9.14 us = 18.28 us (1147.13 GFLOPS/s)
MUL_MAT_VEC q6_K m=12288 n=1 k=5120: 1 x 85.64 us = 85.64 us (1469.14 GFLOPS/s)
MUL_MAT_VEC q6_K m=17408 n=1 k=5120: 2 x 120.84 us = 241.68 us (1475.01 GFLOPS/s)
MUL_MAT_VEC q6_K m=98304 n=1 k=5120: 1 x 673.67 us = 673.67 us (1494.11 GFLOPS/s)
MUL_MAT_VEC q8_0 m=5120 n=1 k=10240: 1 x 100.52 us = 100.52 us (1043.1 GFLOPS/s)
PAD: 1 x 4.88 us = 4.88 us
RMS_NORM_MUL RMS_NORM(256,24,1,1): 1 x 3.6 us = 3.6 us
RMS_NORM_MUL RMS_NORM(256,4,1,1): 1 x 3.56 us = 3.56 us
RMS_NORM_MUL RMS_NORM(5120,1,1,1): 5 x 3.752 us = 18.76 us
ROPE: 2 x 3.58 us = 7.16 us
SET_ROWS: 2 x 2.6 us = 5.2 us
SIGMOID_MUL SIGMOID: 1 x 1.68 us = 1.68 us
TOP_K K=10 (98304,1,1,1): 1 x 8.8 us = 8.8 us
Total time: 1396.59 us.
----------------
Vulkan Timings:
ADD: 48 x 3.315 us = 159.16 us
CONCAT: 48 x 2.804 us = 134.6 us
CONT: 16 x 4.575 us = 73.2 us
CPY: 240 x 2.992 us = 718.16 us
FLASH_ATTN_EXT dst(256,24,4,1),  q(256,4,24,1),  k(256,256,4,1),  v(256,256,4,1),  m(256,4,1,1): 16 x 22.67 us = 362.72 us (1110.09 GFLOPS/s)
GDN_CACHE GATED_DELTA_NET: 48 x 12.774 us = 613.16 us
GET_ROWS: 50 x 22.005 us = 1100.28 us
GLU: 64 x 1.913 us = 122.44 us
MUL_MAT f32 m=256 n=16 k=256: 16 x 3.925 us = 62.8 us (533.263 GFLOPS/s)
MUL_MAT f32 m=256 n=96 k=256: 16 x 2.18 us = 34.88 us (5760.7 GFLOPS/s)
MUL_MAT f32 m=64 n=384 k=64: 16 x 4.625 us = 74 us (674.844 GFLOPS/s)
MUL_MAT f32 m=64 n=64 k=64: 16 x 3.84 us = 61.44 us (135.467 GFLOPS/s)
MUL_MAT_ADD MUL_MAT_VEC q6_K m=5120 n=4 k=17408: 64 x 137.208 us = 8781.36 us (5196.54 GFLOPS/s)
MUL_MAT_ADD MUL_MAT_VEC q6_K m=5120 n=4 k=6144: 16 x 56.91 us = 910.56 us (4421.68 GFLOPS/s)
MUL_MAT_VEC f32 m=48 n=4 k=5120: 96 x 4.376 us = 420.12 us (449.217 GFLOPS/s)
MUL_MAT_VEC q6_K m=1024 n=4 k=5120: 32 x 9.655 us = 308.96 us (4343.75 GFLOPS/s)
MUL_MAT_VEC q6_K m=10240 n=4 k=5120: 48 x 82.709 us = 3970.04 us (5070.65 GFLOPS/s)
MUL_MAT_VEC q6_K m=12288 n=4 k=5120: 16 x 100.27 us = 1604.32 us (5019.12 GFLOPS/s)
MUL_MAT_VEC q6_K m=17408 n=4 k=5120: 128 x 140.597 us = 17996.4 us (5070.96 GFLOPS/s)
MUL_MAT_VEC q6_K m=248320 n=4 k=5120: 1 x 1679.08 us = 1679.08 us (6057 GFLOPS/s)
MUL_MAT_VEC q6_K m=6144 n=4 k=5120: 48 x 54.438 us = 2613.04 us (4622.36 GFLOPS/s)
MUL_MAT_VEC q8_0 m=5120 n=4 k=6144: 48 x 64.751 us = 3108.08 us (3886.2 GFLOPS/s)
RMS_NORM_MUL RMS_NORM(256,24,4,1): 16 x 3.59 us = 57.44 us
RMS_NORM_MUL RMS_NORM(256,4,4,1): 16 x 5.255 us = 84.08 us
RMS_NORM_MUL RMS_NORM(5120,4,1,1): 129 x 3.843 us = 495.76 us
RMS_NORM_MUL_SILU_MUL RMS_NORM(128,48,4,1): 48 x 5.939 us = 285.08 us
RMS_NORM_SCALE RMS_NORM(128,16,4,1): 96 x 2.491 us = 239.16 us
ROPE: 32 x 4.908 us = 157.08 us
SET_ROWS: 32 x 3.101 us = 99.24 us
SIGMOID_MUL SIGMOID: 16 x 2.787 us = 44.6 us
SSM_CONV_SILU SSM_CONV: 48 x 5.454 us = 261.8 us
Total time: 46633.1 us.
----------------
Vulkan Timings:
CONCAT: 1 x 4.04 us = 4.04 us
CONT: 1 x 3.72 us = 3.72 us
FLASH_ATTN_EXT dst(256,24,4,1),  q(256,4,24,1),  k(256,256,4,1),  v(256,256,4,1),  m(256,4,1,1): 1 x 20.04 us = 20.04 us (1255.78 GFLOPS/s)
GLU: 1 x 1.76 us = 1.76 us
MUL_MAT f32 m=256 n=16 k=256: 1 x 3.08 us = 3.08 us (679.564 GFLOPS/s)
MUL_MAT f32 m=256 n=96 k=256: 1 x 1.84 us = 1.84 us (6825.18 GFLOPS/s)
MUL_MAT f32 m=64 n=384 k=64: 1 x 3.72 us = 3.72 us (839.019 GFLOPS/s)
MUL_MAT f32 m=64 n=64 k=64: 1 x 3.68 us = 3.68 us (141.357 GFLOPS/s)
MUL_MAT_ADD MUL_MAT_VEC q6_K m=5120 n=4 k=17408: 1 x 149.69 us = 149.69 us (4763.25 GFLOPS/s)
MUL_MAT_ADD MUL_MAT_VEC q6_K m=5120 n=4 k=6144: 1 x 60.8 us = 60.8 us (4138.78 GFLOPS/s)
MUL_MAT_VEC q6_K m=1024 n=4 k=5120: 2 x 8.34 us = 16.68 us (5028.65 GFLOPS/s)
MUL_MAT_VEC q6_K m=12288 n=4 k=5120: 1 x 120.49 us = 120.49 us (4176.84 GFLOPS/s)
MUL_MAT_VEC q6_K m=17408 n=4 k=5120: 2 x 128.08 us = 256.16 us (5566.54 GFLOPS/s)
MUL_MAT_VEC q8_0 m=5120 n=4 k=10240: 1 x 105.16 us = 105.16 us (3988.3 GFLOPS/s)
RMS_NORM_MUL RMS_NORM(256,24,4,1): 1 x 3.72 us = 3.72 us
RMS_NORM_MUL RMS_NORM(256,4,4,1): 1 x 3.72 us = 3.72 us
RMS_NORM_MUL RMS_NORM(5120,4,1,1): 5 x 7.666 us = 38.33 us
ROPE: 2 x 3.7 us = 7.4 us
SET_ROWS: 2 x 2.68 us = 5.36 us
SIGMOID_MUL SIGMOID: 1 x 1.72 us = 1.72 us
Total time: 811.11 us.
----------------
Vulkan Timings:
ADD: 48 x 3.695 us = 177.4 us
CONCAT: 48 x 3.289 us = 157.88 us
CONT: 16 x 5.66 us = 90.56 us
CPY: 240 x 2.827 us = 678.68 us
FLASH_ATTN_EXT dst(256,24,1,1),  q(256,1,24,1),  k(256,256,4,1),  v(256,256,4,1),  m(256,1,1,1): 16 x 14.93 us = 238.88 us (421.397 GFLOPS/s)
GDN_CACHE GATED_DELTA_NET: 48 x 7.475 us = 358.8 us
GET_ROWS: 50 x 8.528 us = 426.4 us
GLU: 64 x 2.138 us = 136.88 us
MUL_MAT f32 m=256 n=24 k=256: 16 x 1.95 us = 31.2 us (1610.04 GFLOPS/s)
MUL_MAT f32 m=64 n=16 k=64: 16 x 4.117 us = 65.88 us (31.5842 GFLOPS/s)
MUL_MAT f32 m=64 n=96 k=64: 16 x 3.475 us = 55.6 us (224.543 GFLOPS/s)
MUL_MAT_ADD MUL_MAT_VEC q6_K m=5120 n=1 k=17408: 64 x 123.462 us = 7901.57 us (1443.79 GFLOPS/s)
MUL_MAT_ADD MUL_MAT_VEC q6_K m=5120 n=1 k=6144: 16 x 49.14 us = 786.24 us (1280.21 GFLOPS/s)
MUL_MAT_VEC f32 m=256 n=4 k=256: 16 x 3.812 us = 61 us (137.25 GFLOPS/s)
MUL_MAT_VEC f32 m=48 n=1 k=5120: 96 x 3.269 us = 313.84 us (150.336 GFLOPS/s)
MUL_MAT_VEC q6_K m=1024 n=1 k=5120: 32 x 9.351 us = 299.24 us (1121.21 GFLOPS/s)
MUL_MAT_VEC q6_K m=10240 n=1 k=5120: 48 x 73.18 us = 3512.68 us (1432.72 GFLOPS/s)
MUL_MAT_VEC q6_K m=12288 n=1 k=5120: 16 x 86.265 us = 1380.24 us (1458.49 GFLOPS/s)
MUL_MAT_VEC q6_K m=17408 n=1 k=5120: 128 x 122.715 us = 15707.5 us (1452.48 GFLOPS/s)
MUL_MAT_VEC q6_K m=248320 n=1 k=5120: 1 x 1641.24 us = 1641.24 us (1549.16 GFLOPS/s)
MUL_MAT_VEC q6_K m=6144 n=1 k=5120: 48 x 46.923 us = 2252.32 us (1340.66 GFLOPS/s)
MUL_MAT_VEC q8_0 m=5120 n=1 k=6144: 48 x 59.6 us = 2860.8 us (1055.53 GFLOPS/s)
RMS_NORM_MUL RMS_NORM(256,24,1,1): 16 x 4.28 us = 68.48 us
RMS_NORM_MUL RMS_NORM(256,4,1,1): 16 x 4.957 us = 79.32 us
RMS_NORM_MUL RMS_NORM(5120,1,1,1): 129 x 3.665 us = 472.88 us
RMS_NORM_MUL_SILU_MUL RMS_NORM(128,48,1,1): 48 x 4.674 us = 224.36 us
RMS_NORM_SCALE RMS_NORM(128,16,1,1): 96 x 3.885 us = 373.04 us
ROPE: 32 x 4.332 us = 138.64 us
SET_ROWS: 32 x 3.283 us = 105.08 us
SIGMOID_MUL SIGMOID: 16 x 2.782 us = 44.52 us
SSM_CONV_SILU SSM_CONV: 48 x 5.745 us = 275.76 us
Total time: 40916.9 us.
----------------
Vulkan Timings:
CONCAT: 1 x 3.8 us = 3.8 us
CONT: 1 x 3.52 us = 3.52 us
FLASH_ATTN_EXT dst(256,24,1,1),  q(256,1,24,1),  k(256,256,4,1),  v(256,256,4,1),  m(256,1,1,1): 1 x 12.52 us = 12.52 us (502.512 GFLOPS/s)
GLU: 1 x 1.68 us = 1.68 us
MUL_MAT f32 m=256 n=24 k=256: 1 x 1.56 us = 1.56 us (2012.55 GFLOPS/s)
MUL_MAT f32 m=64 n=16 k=64: 1 x 1.8 us = 1.8 us (72.2489 GFLOPS/s)
MUL_MAT f32 m=64 n=96 k=64: 1 x 3.24 us = 3.24 us (240.83 GFLOPS/s)
MUL_MAT_ADD MUL_MAT_VEC q6_K m=5120 n=1 k=17408: 1 x 123.64 us = 123.64 us (1441.71 GFLOPS/s)
MUL_MAT_ADD MUL_MAT_VEC q6_K m=5120 n=1 k=6144: 1 x 47.92 us = 47.92 us (1312.8 GFLOPS/s)
MUL_MAT_VEC f32 m=256 n=4 k=256: 1 x 3.04 us = 3.04 us (172.126 GFLOPS/s)
MUL_MAT_VEC q6_K m=1024 n=1 k=5120: 2 x 9.06 us = 18.12 us (1157.26 GFLOPS/s)
MUL_MAT_VEC q6_K m=12288 n=1 k=5120: 1 x 90.44 us = 90.44 us (1391.16 GFLOPS/s)
MUL_MAT_VEC q6_K m=17408 n=1 k=5120: 2 x 121.64 us = 243.28 us (1465.31 GFLOPS/s)
MUL_MAT_VEC q8_0 m=5120 n=1 k=10240: 1 x 97.52 us = 97.52 us (1075.19 GFLOPS/s)
RMS_NORM_MUL RMS_NORM(256,24,1,1): 1 x 3.2 us = 3.2 us
RMS_NORM_MUL RMS_NORM(256,4,1,1): 1 x 4.92 us = 4.92 us
RMS_NORM_MUL RMS_NORM(5120,1,1,1): 5 x 8.624 us = 43.12 us
ROPE: 2 x 3.32 us = 6.64 us
SET_ROWS: 2 x 2.62 us = 5.24 us
SIGMOID_MUL SIGMOID: 1 x 1.6 us = 1.6 us
Total time: 716.8 us.
0.19.737.503 I slot print_timing: id  0 | task 0 | prompt eval time =     255.15 ms /    10 tokens (   25.51 ms per token,    39.19 tokens per second)
0.19.737.506 I slot print_timing: id  0 | task 0 |        eval time =    4283.46 ms /   160 tokens (   26.94 ms per token,    37.12 tokens per second)
0.19.737.507 I slot print_timing: id  0 | task 0 |       total time =    4538.60 ms /   170 tokens
0.19.737.510 I slot print_timing: id  0 | task 0 |    graphs reused =         63
0.19.737.513 I slot print_timing: id  0 | task 0 | draft acceptance = 0.35907 (   93 accepted /   259 generated), mean len =  2.43
0.19.737.542 I slot      release: id  0 | task 0 | stop processing: n_tokens = 169, truncated = 0
0.19.743.555 I srv    operator(): operator(): cleaning up before exit...
