0.00.000.305 I srv  llama_server: initializing ...
WARNING: radv is not a conformant Vulkan implementation, testing use only.
WARNING: radv is not a conformant Vulkan implementation, testing use only.
0.00.067.083 I cmn  common_param: common_params_print_info: verbosity = 3 (adjust with the `-lv N` CLI arg)
0.00.067.170 I srv          init: The UI is disabled
0.00.067.171 I srv          init: Use --ui/--no-ui (or deprecated --webui/--no-webui) to enable/disable
0.00.067.225 W srv  llama_server: security: no API key is set and CORS allows all origins (see https://github.com/ggml-org/llama.cpp/pull/25655)
0.00.068.427 I srv    load_model: loading model '/mnt/8724062a-75f8-4edf-8ca8-b7dd4e77ed30/models/qwen3.8:27b/unsloth/Qwen3.8-27B-Q6_K.gguf'
0.06.169.835 W common_init_result: --spec-draft-vocab without --spec-draft-vocab-file: using specials + lowest token ids
0.07.196.364 I cmn          init: llama threadpool init, n_threads = 8
----------------
Vulkan Timings:
ADD: 48 x 5.262 us = 252.6 us
CONCAT: 48 x 3.21 us = 154.12 us
CONT: 16 x 5.707 us = 91.32 us
CPY: 240 x 3.67 us = 880.92 us
FLASH_ATTN_EXT dst(256,24,2,1),  q(256,2,24,1),  k(256,256,4,1),  v(256,256,4,1),  m(256,2,1,1): 16 x 68.599 us = 1097.59 us (183.426 GFLOPS/s)
GDN_CACHE GATED_DELTA_NET: 48 x 9.758 us = 468.4 us
GET_ROWS: 50 x 8.789 us = 439.48 us
GLU: 64 x 2.176 us = 139.28 us
MUL_MAT f32 m=256 n=48 k=256: 16 x 2.357 us = 37.72 us (2663.49 GFLOPS/s)
MUL_MAT f32 m=64 n=192 k=64: 16 x 3.657 us = 58.52 us (426.678 GFLOPS/s)
MUL_MAT f32 m=64 n=32 k=64: 16 x 3.872 us = 61.96 us (67.1649 GFLOPS/s)
MUL_MAT_ADD MUL_MAT_VEC q6_K m=5120 n=2 k=17408: 64 x 137.781 us = 8818.04 us (2587.46 GFLOPS/s)
MUL_MAT_ADD MUL_MAT_VEC q6_K m=5120 n=2 k=6144: 16 x 53.07 us = 849.12 us (2370.81 GFLOPS/s)
MUL_MAT_VEC f32 m=256 n=8 k=256: 16 x 4.082 us = 65.32 us (256.345 GFLOPS/s)
MUL_MAT_VEC f32 m=48 n=2 k=5120: 96 x 4.715 us = 452.68 us (208.453 GFLOPS/s)
MUL_MAT_VEC q6_K m=1024 n=2 k=5120: 32 x 10.41 us = 333.12 us (2014.36 GFLOPS/s)
MUL_MAT_VEC q6_K m=10240 n=2 k=5120: 48 x 116.549 us = 5594.36 us (1799.2 GFLOPS/s)
MUL_MAT_VEC q6_K m=12288 n=2 k=5120: 16 x 92.025 us = 1472.4 us (2734.41 GFLOPS/s)
MUL_MAT_VEC q6_K m=17408 n=2 k=5120: 128 x 141.164 us = 18069 us (2525.3 GFLOPS/s)
MUL_MAT_VEC q6_K m=248320 n=1 k=5120: 1 x 1645.08 us = 1645.08 us (1545.55 GFLOPS/s)
MUL_MAT_VEC q6_K m=6144 n=2 k=5120: 48 x 69.176 us = 3320.48 us (1818.78 GFLOPS/s)
MUL_MAT_VEC q8_0 m=5120 n=2 k=6144: 48 x 165.425 us = 7940.44 us (760.576 GFLOPS/s)
RMS_NORM_MUL RMS_NORM(256,24,2,1): 16 x 3.87 us = 61.92 us
RMS_NORM_MUL RMS_NORM(256,4,2,1): 16 x 5.247 us = 83.96 us
RMS_NORM_MUL RMS_NORM(5120,2,1,1): 129 x 6.195 us = 799.2 us
RMS_NORM_MUL_SILU_MUL RMS_NORM(128,48,2,1): 48 x 7.272 us = 349.08 us
RMS_NORM_SCALE RMS_NORM(128,16,2,1): 96 x 3.177 us = 305.04 us
ROPE: 32 x 5.143 us = 164.6 us
SCALE: 96 x 8.395 us = 806 us
SET_ROWS: 32 x 3.49 us = 111.68 us
SIGMOID_MUL SIGMOID: 16 x 5.677 us = 90.84 us
SSM_CONV_SILU SSM_CONV: 48 x 6.248 us = 299.92 us
Total time: 55314.2 us.
0.07.277.092 I common_speculative_init_result: creating MTP draft context against the target model '/mnt/8724062a-75f8-4edf-8ca8-b7dd4e77ed30/models/qwen3.8:27b/unsloth/Qwen3.8-27B-Q6_K.gguf'
0.07.289.632 I srv    load_model: initializing, n_slots = 1, n_ctx_slot = 16384, kv_unified = 'false'
0.07.289.804 I spec common_specu: adaptive draft vocab: subset 98304 rows while <= 3 per 256 recent context tokens fall outside it
----------------
Vulkan Timings:
CONCAT: 1 x 2.48 us = 2.48 us
CONT: 1 x 10 us = 10 us
FLASH_ATTN_EXT dst(256,24,2,1),  q(256,2,24,1),  k(256,256,4,1),  v(256,256,4,1),  m(256,2,1,1): 1 x 185.84 us = 185.84 us (67.7083 GFLOPS/s)
GET_ROWS: 2 x 19.26 us = 38.52 us
GLU: 1 x 2.4 us = 2.4 us
MUL_MAT f32 m=256 n=48 k=256: 1 x 2.52 us = 2.52 us (2491.73 GFLOPS/s)
MUL_MAT f32 m=64 n=192 k=64: 1 x 5.6 us = 5.6 us (278.674 GFLOPS/s)
MUL_MAT f32 m=64 n=32 k=64: 1 x 5.8 us = 5.8 us (44.8441 GFLOPS/s)
MUL_MAT_ADD MUL_MAT_VEC q6_K m=5120 n=2 k=17408: 1 x 183.72 us = 183.72 us (1940.48 GFLOPS/s)
MUL_MAT_ADD MUL_MAT_VEC q6_K m=5120 n=2 k=6144: 1 x 71.12 us = 71.12 us (1769.11 GFLOPS/s)
MUL_MAT_VEC f32 m=256 n=8 k=256: 1 x 5 us = 5 us (209.306 GFLOPS/s)
MUL_MAT_VEC q6_K m=1024 n=2 k=5120: 2 x 14.34 us = 28.68 us (1462.31 GFLOPS/s)
MUL_MAT_VEC q6_K m=12288 n=2 k=5120: 1 x 134.84 us = 134.84 us (1866.16 GFLOPS/s)
MUL_MAT_VEC q6_K m=17408 n=2 k=5120: 2 x 172.14 us = 344.28 us (2070.88 GFLOPS/s)
MUL_MAT_VEC q6_K m=248320 n=1 k=5120: 1 x 2443.36 us = 2443.36 us (1040.6 GFLOPS/s)
MUL_MAT_VEC q8_0 m=5120 n=2 k=10240: 1 x 381.59 us = 381.59 us (549.556 GFLOPS/s)
PAD: 1 x 16.64 us = 16.64 us
RMS_NORM_MUL RMS_NORM(256,24,2,1): 1 x 5.92 us = 5.92 us
RMS_NORM_MUL RMS_NORM(256,4,2,1): 1 x 5.6 us = 5.6 us
RMS_NORM_MUL RMS_NORM(5120,2,1,1): 5 x 7.312 us = 36.56 us
ROPE: 2 x 5.74 us = 11.48 us
SET_ROWS: 2 x 2.92 us = 5.84 us
SIGMOID_MUL SIGMOID: 1 x 2.16 us = 2.16 us
TOP_K K=10 (248320,1,1,1): 1 x 782.03 us = 782.03 us
Total time: 4711.98 us.
0.07.326.952 W srv          init: chat template supports preserving reasoning, it is enabled by default (may use more tokens, disable via --no-reasoning-preserve)
0.07.326.991 I srv  llama_server: model loaded
0.07.326.995 I srv  llama_server: listening on http://127.0.0.1:8103
0.10.040.941 I slot get_availabl: id  0 | task -1 | selected slot by LRU, t_last = -1
0.10.040.970 I slot launch_slot_: id  0 | task 0 | processing task, is_child = 0
----------------
Vulkan Timings:
ADD: 48 x 4.247 us = 203.88 us
CONCAT: 48 x 2.794 us = 134.12 us
CONT: 16 x 4.797 us = 76.76 us
CPY: 240 x 3.76 us = 902.4 us
FLASH_ATTN_EXT dst(256,24,6,1),  q(256,6,24,1),  k(256,256,4,1),  v(256,256,4,1),  m(256,6,1,1): 16 x 35.946 us = 575.15 us (1050.13 GFLOPS/s)
GDN_CACHE GATED_DELTA_NET: 48 x 16.765 us = 804.76 us
GET_ROWS: 48 x 4.49 us = 215.52 us
GLU: 64 x 2.146 us = 137.4 us
MUL_MAT f32 m=256 n=144 k=256: 16 x 2.78 us = 44.48 us (6776.08 GFLOPS/s)
MUL_MAT f32 m=256 n=24 k=256: 16 x 2.68 us = 42.88 us (1171.49 GFLOPS/s)
MUL_MAT f32 m=64 n=576 k=64: 16 x 4.617 us = 73.88 us (1013.91 GFLOPS/s)
MUL_MAT f32 m=64 n=96 k=64: 16 x 3.72 us = 59.52 us (209.755 GFLOPS/s)
MUL_MAT_ADD MUL_MAT_VEC q6_K m=5120 n=6 k=17408: 64 x 165.002 us = 10560.1 us (6481.83 GFLOPS/s)
MUL_MAT_ADD MUL_MAT_VEC q6_K m=5120 n=6 k=6144: 16 x 65.137 us = 1042.2 us (5794.77 GFLOPS/s)
MUL_MAT_VEC f32 m=48 n=6 k=5120: 96 x 5.921 us = 568.44 us (498.008 GFLOPS/s)
MUL_MAT_VEC q6_K m=1024 n=6 k=5120: 32 x 11.253 us = 360.12 us (5590 GFLOPS/s)
MUL_MAT_VEC q6_K m=10240 n=6 k=5120: 48 x 1056.87 us = 50729.8 us (595.233 GFLOPS/s)
MUL_MAT_VEC q6_K m=12288 n=6 k=5120: 16 x 124.845 us = 1997.52 us (6046.71 GFLOPS/s)
MUL_MAT_VEC q6_K m=17408 n=6 k=5120: 128 x 177.289 us = 22693.1 us (6032.18 GFLOPS/s)
MUL_MAT_VEC q6_K m=6144 n=6 k=5120: 48 x 80.158 us = 3847.6 us (4708.81 GFLOPS/s)
MUL_MAT_VEC q8_0 m=5120 n=6 k=6144: 48 x 90.875 us = 4362.02 us (4153.56 GFLOPS/s)
RMS_NORM_MUL RMS_NORM(256,24,6,1): 16 x 3.142 us = 50.28 us
RMS_NORM_MUL RMS_NORM(256,4,6,1): 16 x 5.31 us = 84.96 us
RMS_NORM_MUL RMS_NORM(5120,6,1,1): 129 x 6.805 us = 877.88 us
RMS_NORM_MUL_SILU_MUL RMS_NORM(128,48,6,1): 48 x 6.363 us = 305.44 us
RMS_NORM_SCALE RMS_NORM(128,16,6,1): 96 x 2.629 us = 252.44 us
ROPE: 32 x 4.852 us = 155.28 us
SCALE: 96 x 8.028 us = 770.76 us
SET_ROWS: 32 x 3.911 us = 125.16 us
SIGMOID_MUL SIGMOID: 16 x 5.207 us = 83.32 us
SSM_CONV_SILU SSM_CONV: 48 x 6.35 us = 304.84 us
Total time: 102442 us.
----------------
Vulkan Timings:
CONCAT: 1 x 3.96 us = 3.96 us
CONT: 1 x 3.72 us = 3.72 us
FLASH_ATTN_EXT dst(256,24,6,1),  q(256,6,24,1),  k(256,256,4,1),  v(256,256,4,1),  m(256,6,1,1): 1 x 150.94 us = 150.94 us (250.091 GFLOPS/s)
GLU: 1 x 1.8 us = 1.8 us
MUL_MAT f32 m=256 n=144 k=256: 1 x 1.6 us = 1.6 us (11773.4 GFLOPS/s)
MUL_MAT f32 m=256 n=24 k=256: 1 x 2.84 us = 2.84 us (1105.49 GFLOPS/s)
MUL_MAT f32 m=64 n=576 k=64: 1 x 3.36 us = 3.36 us (1393.37 GFLOPS/s)
MUL_MAT f32 m=64 n=96 k=64: 1 x 3.2 us = 3.2 us (243.84 GFLOPS/s)
MUL_MAT_ADD MUL_MAT_VEC q6_K m=5120 n=6 k=17408: 1 x 303.8 us = 303.8 us (3520.46 GFLOPS/s)
MUL_MAT_ADD MUL_MAT_VEC q6_K m=5120 n=6 k=6144: 1 x 56.28 us = 56.28 us (6706.76 GFLOPS/s)
MUL_MAT_VEC q6_K m=1024 n=6 k=5120: 2 x 15.14 us = 30.28 us (4155.11 GFLOPS/s)
MUL_MAT_VEC q6_K m=12288 n=6 k=5120: 1 x 123.6 us = 123.6 us (6107.61 GFLOPS/s)
MUL_MAT_VEC q6_K m=17408 n=6 k=5120: 2 x 140.22 us = 280.44 us (7626.89 GFLOPS/s)
MUL_MAT_VEC q8_0 m=5120 n=6 k=10240: 1 x 237.61 us = 237.61 us (2647.68 GFLOPS/s)
RMS_NORM_MUL RMS_NORM(256,24,6,1): 1 x 3.44 us = 3.44 us
RMS_NORM_MUL RMS_NORM(256,4,6,1): 1 x 3.44 us = 3.44 us
RMS_NORM_MUL RMS_NORM(5120,6,1,1): 5 x 8.254 us = 41.27 us
ROPE: 2 x 3.38 us = 6.76 us
SET_ROWS: 2 x 1.9 us = 3.8 us
SIGMOID_MUL SIGMOID: 1 x 3.28 us = 3.28 us
Total time: 1265.42 us.
----------------
Vulkan Timings:
ADD: 48 x 3.442 us = 165.24 us
CONCAT: 48 x 2.832 us = 135.96 us
CONT: 16 x 4.957 us = 79.32 us
CPY: 240 x 3.266 us = 784 us
FLASH_ATTN_EXT dst(256,24,4,1),  q(256,4,24,1),  k(256,256,4,1),  v(256,256,4,1),  m(256,4,1,1): 16 x 22.655 us = 362.48 us (1110.83 GFLOPS/s)
GDN_CACHE GATED_DELTA_NET: 48 x 13.795 us = 662.16 us
GET_ROWS: 50 x 9.592 us = 479.64 us
GLU: 64 x 2.006 us = 128.44 us
MUL_MAT f32 m=256 n=16 k=256: 16 x 3.992 us = 63.88 us (524.247 GFLOPS/s)
MUL_MAT f32 m=256 n=96 k=256: 16 x 2.19 us = 35.04 us (5734.4 GFLOPS/s)
MUL_MAT f32 m=64 n=384 k=64: 16 x 4.557 us = 72.92 us (684.839 GFLOPS/s)
MUL_MAT f32 m=64 n=64 k=64: 16 x 4.297 us = 68.76 us (121.045 GFLOPS/s)
MUL_MAT_ADD MUL_MAT_VEC q6_K m=5120 n=4 k=17408: 64 x 144.741 us = 9263.44 us (4926.11 GFLOPS/s)
MUL_MAT_ADD MUL_MAT_VEC q6_K m=5120 n=4 k=6144: 16 x 59.22 us = 947.52 us (4249.2 GFLOPS/s)
MUL_MAT_VEC f32 m=48 n=4 k=5120: 96 x 4.888 us = 469.32 us (402.125 GFLOPS/s)
MUL_MAT_VEC q6_K m=1024 n=4 k=5120: 32 x 9.476 us = 303.24 us (4425.69 GFLOPS/s)
MUL_MAT_VEC q6_K m=10240 n=4 k=5120: 48 x 89.486 us = 4295.36 us (4686.61 GFLOPS/s)
MUL_MAT_VEC q6_K m=12288 n=4 k=5120: 16 x 107.07 us = 1713.12 us (4700.36 GFLOPS/s)
MUL_MAT_VEC q6_K m=17408 n=4 k=5120: 128 x 154.769 us = 19810.5 us (4606.6 GFLOPS/s)
MUL_MAT_VEC q6_K m=248320 n=1 k=5120: 1 x 1644 us = 1644 us (1546.56 GFLOPS/s)
MUL_MAT_VEC q6_K m=6144 n=4 k=5120: 48 x 62.84 us = 3016.32 us (4004.35 GFLOPS/s)
MUL_MAT_VEC q8_0 m=5120 n=4 k=6144: 48 x 75.63 us = 3630.28 us (3327.18 GFLOPS/s)
RMS_NORM_MUL RMS_NORM(256,24,4,1): 16 x 3.322 us = 53.16 us
RMS_NORM_MUL RMS_NORM(256,4,4,1): 16 x 5.752 us = 92.04 us
RMS_NORM_MUL RMS_NORM(5120,4,1,1): 129 x 4.258 us = 549.36 us
RMS_NORM_MUL_SILU_MUL RMS_NORM(128,48,4,1): 48 x 6.132 us = 294.36 us
RMS_NORM_SCALE RMS_NORM(128,16,4,1): 96 x 2.4 us = 230.44 us
ROPE: 32 x 5.102 us = 163.28 us
SET_ROWS: 32 x 3.823 us = 122.36 us
SIGMOID_MUL SIGMOID: 16 x 3.292 us = 52.68 us
SSM_CONV_SILU SSM_CONV: 48 x 5.78 us = 277.44 us
Total time: 49966.1 us.
----------------
Vulkan Timings:
CONCAT: 1 x 4 us = 4 us
CONT: 1 x 3.64 us = 3.64 us
FLASH_ATTN_EXT dst(256,24,4,1),  q(256,4,24,1),  k(256,256,4,1),  v(256,256,4,1),  m(256,4,1,1): 1 x 19.92 us = 19.92 us (1263.34 GFLOPS/s)
GLU: 1 x 1.84 us = 1.84 us
MUL_MAT f32 m=256 n=16 k=256: 1 x 3.04 us = 3.04 us (688.505 GFLOPS/s)
MUL_MAT f32 m=256 n=96 k=256: 1 x 1.72 us = 1.72 us (7301.36 GFLOPS/s)
MUL_MAT f32 m=64 n=384 k=64: 1 x 3.28 us = 3.28 us (951.571 GFLOPS/s)
MUL_MAT f32 m=64 n=64 k=64: 1 x 1.88 us = 1.88 us (276.698 GFLOPS/s)
MUL_MAT_ADD MUL_MAT_VEC q6_K m=5120 n=4 k=17408: 1 x 135 us = 135 us (5281.56 GFLOPS/s)
MUL_MAT_ADD MUL_MAT_VEC q6_K m=5120 n=4 k=6144: 1 x 52.6 us = 52.6 us (4783.99 GFLOPS/s)
MUL_MAT_VEC q6_K m=1024 n=4 k=5120: 2 x 14 us = 28 us (2995.64 GFLOPS/s)
MUL_MAT_VEC q6_K m=12288 n=4 k=5120: 1 x 91.56 us = 91.56 us (5496.59 GFLOPS/s)
MUL_MAT_VEC q6_K m=17408 n=4 k=5120: 2 x 129.98 us = 259.96 us (5485.17 GFLOPS/s)
MUL_MAT_VEC q8_0 m=5120 n=4 k=10240: 1 x 105.36 us = 105.36 us (3980.73 GFLOPS/s)
RMS_NORM_MUL RMS_NORM(256,24,4,1): 1 x 3.4 us = 3.4 us
RMS_NORM_MUL RMS_NORM(256,4,4,1): 1 x 4.92 us = 4.92 us
RMS_NORM_MUL RMS_NORM(5120,4,1,1): 5 x 12.92 us = 64.6 us
ROPE: 2 x 3.42 us = 6.84 us
SET_ROWS: 2 x 2.6 us = 5.2 us
SIGMOID_MUL SIGMOID: 1 x 1.56 us = 1.56 us
Total time: 798.32 us.
0.10.347.334 I spec        begin: adaptive draft vocab: cumulative draft steps subset 0 / 0 (0.0000), switches 0
----------------
Vulkan Timings:
CONCAT: 1 x 3.64 us = 3.64 us
CONT: 1 x 3.56 us = 3.56 us
FLASH_ATTN_EXT dst(256,24,1,1),  q(256,1,24,1),  k(256,256,4,1),  v(256,256,4,1),  m(256,1,1,1): 1 x 12.44 us = 12.44 us (505.744 GFLOPS/s)
GET_ROWS: 2 x 9.255 us = 18.51 us
GLU: 1 x 1.56 us = 1.56 us
MUL_MAT f32 m=256 n=24 k=256: 1 x 1.48 us = 1.48 us (2121.34 GFLOPS/s)
MUL_MAT f32 m=64 n=16 k=64: 1 x 1.8 us = 1.8 us (72.2489 GFLOPS/s)
MUL_MAT f32 m=64 n=96 k=64: 1 x 3.2 us = 3.2 us (243.84 GFLOPS/s)
MUL_MAT_ADD MUL_MAT_VEC q6_K m=5120 n=1 k=17408: 1 x 123.4 us = 123.4 us (1444.51 GFLOPS/s)
MUL_MAT_ADD MUL_MAT_VEC q6_K m=5120 n=1 k=6144: 1 x 45.08 us = 45.08 us (1395.51 GFLOPS/s)
MUL_MAT_VEC f32 m=256 n=4 k=256: 1 x 3 us = 3 us (174.421 GFLOPS/s)
MUL_MAT_VEC q6_K m=1024 n=1 k=5120: 2 x 9.18 us = 18.36 us (1142.13 GFLOPS/s)
MUL_MAT_VEC q6_K m=12288 n=1 k=5120: 1 x 511.96 us = 511.96 us (245.755 GFLOPS/s)
MUL_MAT_VEC q6_K m=17408 n=1 k=5120: 2 x 121.3 us = 242.6 us (1469.42 GFLOPS/s)
MUL_MAT_VEC q6_K m=98304 n=1 k=5120: 1 x 689.47 us = 689.47 us (1459.87 GFLOPS/s)
MUL_MAT_VEC q8_0 m=5120 n=1 k=10240: 1 x 744.62 us = 744.62 us (140.813 GFLOPS/s)
PAD: 1 x 7.08 us = 7.08 us
RMS_NORM_MUL RMS_NORM(256,24,1,1): 1 x 3.2 us = 3.2 us
RMS_NORM_MUL RMS_NORM(256,4,1,1): 1 x 4.8 us = 4.8 us
RMS_NORM_MUL RMS_NORM(5120,1,1,1): 5 x 4.408 us = 22.04 us
ROPE: 2 x 3.3 us = 6.6 us
SET_ROWS: 2 x 2.62 us = 5.24 us
SIGMOID_MUL SIGMOID: 1 x 1.64 us = 1.64 us
TOP_K K=10 (98304,1,1,1): 1 x 9.08 us = 9.08 us
Total time: 2484.36 us.
----------------
Vulkan Timings:
CONCAT: 1 x 3.8 us = 3.8 us
CONT: 1 x 3.64 us = 3.64 us
FLASH_ATTN_EXT dst(256,24,1,1),  q(256,1,24,1),  k(256,256,4,1),  v(256,256,4,1),  m(256,1,1,1): 1 x 12.88 us = 12.88 us (488.467 GFLOPS/s)
GET_ROWS: 2 x 9.275 us = 18.55 us
GLU: 1 x 1.92 us = 1.92 us
MUL_MAT f32 m=256 n=24 k=256: 1 x 1.64 us = 1.64 us (1914.38 GFLOPS/s)
MUL_MAT f32 m=64 n=16 k=64: 1 x 3.64 us = 3.64 us (35.7275 GFLOPS/s)
MUL_MAT f32 m=64 n=96 k=64: 1 x 3.6 us = 3.6 us (216.747 GFLOPS/s)
MUL_MAT_ADD MUL_MAT_VEC q6_K m=5120 n=1 k=17408: 1 x 123.96 us = 123.96 us (1437.99 GFLOPS/s)
MUL_MAT_ADD MUL_MAT_VEC q6_K m=5120 n=1 k=6144: 1 x 54.2 us = 54.2 us (1160.69 GFLOPS/s)
MUL_MAT_VEC f32 m=256 n=4 k=256: 1 x 3.04 us = 3.04 us (172.126 GFLOPS/s)
MUL_MAT_VEC q6_K m=1024 n=1 k=5120: 2 x 9.12 us = 18.24 us (1149.64 GFLOPS/s)
MUL_MAT_VEC q6_K m=12288 n=1 k=5120: 1 x 85.72 us = 85.72 us (1467.77 GFLOPS/s)
MUL_MAT_VEC q6_K m=17408 n=1 k=5120: 2 x 121.22 us = 242.44 us (1470.39 GFLOPS/s)
MUL_MAT_VEC q6_K m=98304 n=1 k=5120: 1 x 689.52 us = 689.52 us (1459.76 GFLOPS/s)
MUL_MAT_VEC q8_0 m=5120 n=1 k=10240: 1 x 101.24 us = 101.24 us (1035.68 GFLOPS/s)
PAD: 1 x 6.44 us = 6.44 us
RMS_NORM_MUL RMS_NORM(256,24,1,1): 1 x 3.6 us = 3.6 us
RMS_NORM_MUL RMS_NORM(256,4,1,1): 1 x 3.6 us = 3.6 us
RMS_NORM_MUL RMS_NORM(5120,1,1,1): 5 x 3.76 us = 18.8 us
ROPE: 2 x 3.6 us = 7.2 us
SET_ROWS: 2 x 2.62 us = 5.24 us
SIGMOID_MUL SIGMOID: 1 x 1.68 us = 1.68 us
TOP_K K=10 (98304,1,1,1): 1 x 9.2 us = 9.2 us
Total time: 1423.79 us.
----------------
Vulkan Timings:
CONCAT: 1 x 4.04 us = 4.04 us
CONT: 1 x 3.96 us = 3.96 us
FLASH_ATTN_EXT dst(256,24,1,1),  q(256,1,24,1),  k(256,256,4,1),  v(256,256,4,1),  m(256,1,1,1): 1 x 14.2 us = 14.2 us (443.06 GFLOPS/s)
GET_ROWS: 2 x 7.44 us = 14.88 us
GLU: 1 x 1.88 us = 1.88 us
MUL_MAT f32 m=256 n=24 k=256: 1 x 1.76 us = 1.76 us (1783.85 GFLOPS/s)
MUL_MAT f32 m=64 n=16 k=64: 1 x 4 us = 4 us (32.512 GFLOPS/s)
MUL_MAT f32 m=64 n=96 k=64: 1 x 3.92 us = 3.92 us (199.053 GFLOPS/s)
MUL_MAT_ADD MUL_MAT_VEC q6_K m=5120 n=1 k=17408: 1 x 124.36 us = 124.36 us (1433.36 GFLOPS/s)
MUL_MAT_ADD MUL_MAT_VEC q6_K m=5120 n=1 k=6144: 1 x 55.56 us = 55.56 us (1132.28 GFLOPS/s)
MUL_MAT_VEC f32 m=256 n=4 k=256: 1 x 3.32 us = 3.32 us (157.61 GFLOPS/s)
MUL_MAT_VEC q6_K m=1024 n=1 k=5120: 2 x 9.34 us = 18.68 us (1122.56 GFLOPS/s)
MUL_MAT_VEC q6_K m=12288 n=1 k=5120: 1 x 85.92 us = 85.92 us (1464.35 GFLOPS/s)
MUL_MAT_VEC q6_K m=17408 n=1 k=5120: 2 x 122.38 us = 244.76 us (1456.45 GFLOPS/s)
MUL_MAT_VEC q6_K m=98304 n=1 k=5120: 1 x 689.81 us = 689.81 us (1459.15 GFLOPS/s)
MUL_MAT_VEC q8_0 m=5120 n=1 k=10240: 1 x 102.8 us = 102.8 us (1019.97 GFLOPS/s)
PAD: 1 x 7.08 us = 7.08 us
RMS_NORM_MUL RMS_NORM(256,24,1,1): 1 x 3.96 us = 3.96 us
RMS_NORM_MUL RMS_NORM(256,4,1,1): 1 x 3.96 us = 3.96 us
RMS_NORM_MUL RMS_NORM(5120,1,1,1): 5 x 4.064 us = 20.32 us
ROPE: 2 x 3.92 us = 7.84 us
SET_ROWS: 2 x 2.86 us = 5.72 us
SIGMOID_MUL SIGMOID: 1 x 1.84 us = 1.84 us
TOP_K K=10 (98304,1,1,1): 1 x 10.44 us = 10.44 us
Total time: 1435.01 us.
----------------
Vulkan Timings:
CONCAT: 1 x 2.04 us = 2.04 us
CONT: 1 x 4.48 us = 4.48 us
FLASH_ATTN_EXT dst(256,24,1,1),  q(256,1,24,1),  k(256,256,4,1),  v(256,256,4,1),  m(256,1,1,1): 1 x 17.04 us = 17.04 us (369.217 GFLOPS/s)
GET_ROWS: 2 x 13.065 us = 26.13 us
GLU: 1 x 2.04 us = 2.04 us
MUL_MAT f32 m=256 n=24 k=256: 1 x 1.96 us = 1.96 us (1601.83 GFLOPS/s)
MUL_MAT f32 m=64 n=16 k=64: 1 x 4.44 us = 4.44 us (29.2901 GFLOPS/s)
MUL_MAT f32 m=64 n=96 k=64: 1 x 4.48 us = 4.48 us (174.171 GFLOPS/s)
MUL_MAT_ADD MUL_MAT_VEC q6_K m=5120 n=1 k=17408: 1 x 126.2 us = 126.2 us (1412.46 GFLOPS/s)
MUL_MAT_ADD MUL_MAT_VEC q6_K m=5120 n=1 k=6144: 1 x 56.4 us = 56.4 us (1115.42 GFLOPS/s)
MUL_MAT_VEC f32 m=256 n=4 k=256: 1 x 3.8 us = 3.8 us (137.701 GFLOPS/s)
MUL_MAT_VEC q6_K m=1024 n=1 k=5120: 2 x 9.8 us = 19.6 us (1069.87 GFLOPS/s)
MUL_MAT_VEC q6_K m=12288 n=1 k=5120: 1 x 86.24 us = 86.24 us (1458.92 GFLOPS/s)
MUL_MAT_VEC q6_K m=17408 n=1 k=5120: 2 x 122.54 us = 245.08 us (1454.55 GFLOPS/s)
MUL_MAT_VEC q6_K m=98304 n=1 k=5120: 1 x 672 us = 672 us (1497.82 GFLOPS/s)
MUL_MAT_VEC q8_0 m=5120 n=1 k=10240: 1 x 104.36 us = 104.36 us (1004.72 GFLOPS/s)
PAD: 1 x 8.76 us = 8.76 us
RMS_NORM_MUL RMS_NORM(256,24,1,1): 1 x 4.48 us = 4.48 us
RMS_NORM_MUL RMS_NORM(256,4,1,1): 1 x 4.44 us = 4.44 us
RMS_NORM_MUL RMS_NORM(5120,1,1,1): 5 x 4.952 us = 24.76 us
ROPE: 2 x 4.42 us = 8.84 us
SET_ROWS: 2 x 3.26 us = 6.52 us
SIGMOID_MUL SIGMOID: 1 x 2.12 us = 2.12 us
TOP_K K=10 (98304,1,1,1): 1 x 12.08 us = 12.08 us
Total time: 1448.29 us.
----------------
Vulkan Timings:
ADD: 48 x 3.503 us = 168.16 us
CONCAT: 48 x 2.849 us = 136.76 us
CONT: 16 x 5.037 us = 80.6 us
CPY: 240 x 3.445 us = 826.92 us
FLASH_ATTN_EXT dst(256,24,5,1),  q(256,5,24,1),  k(256,256,4,1),  v(256,256,4,1),  m(256,5,1,1): 16 x 25.622 us = 409.96 us (1227.72 GFLOPS/s)
GDN_CACHE GATED_DELTA_NET: 48 x 16.358 us = 785.2 us
GET_ROWS: 50 x 27.265 us = 1363.28 us
GLU: 64 x 3.023 us = 193.52 us
MUL_MAT f32 m=256 n=120 k=256: 16 x 3.5 us = 56 us (4485.12 GFLOPS/s)
MUL_MAT f32 m=256 n=20 k=256: 16 x 4.182 us = 66.92 us (625.54 GFLOPS/s)
MUL_MAT f32 m=64 n=480 k=64: 16 x 4.97 us = 79.52 us (784.998 GFLOPS/s)
MUL_MAT f32 m=64 n=80 k=64: 16 x 4.047 us = 64.76 us (160.652 GFLOPS/s)
MUL_MAT_ADD MUL_MAT_VEC q6_K m=5120 n=5 k=17408: 64 x 166.588 us = 10661.7 us (5350.09 GFLOPS/s)
MUL_MAT_ADD MUL_MAT_VEC q6_K m=5120 n=5 k=6144: 16 x 65.21 us = 1043.36 us (4823.6 GFLOPS/s)
MUL_MAT_VEC f32 m=48 n=5 k=5120: 96 x 5.825 us = 559.2 us (421.864 GFLOPS/s)
MUL_MAT_VEC q6_K m=1024 n=5 k=5120: 32 x 11.998 us = 383.96 us (4369.1 GFLOPS/s)
MUL_MAT_VEC q6_K m=10240 n=5 k=5120: 48 x 107.065 us = 5139.16 us (4896.4 GFLOPS/s)
MUL_MAT_VEC q6_K m=12288 n=5 k=5120: 16 x 125.672 us = 2010.76 us (5005.74 GFLOPS/s)
MUL_MAT_VEC q6_K m=17408 n=5 k=5120: 128 x 179.198 us = 22937.4 us (4973.26 GFLOPS/s)
MUL_MAT_VEC q6_K m=248320 n=5 k=5120: 1 x 1775.2 us = 1775.2 us (7161.3 GFLOPS/s)
MUL_MAT_VEC q6_K m=6144 n=5 k=5120: 48 x 73.756 us = 3540.32 us (4264.59 GFLOPS/s)
MUL_MAT_VEC q8_0 m=5120 n=5 k=6144: 48 x 72.59 us = 3484.32 us (4333.2 GFLOPS/s)
RMS_NORM_MUL RMS_NORM(256,24,5,1): 16 x 3.347 us = 53.56 us
RMS_NORM_MUL RMS_NORM(256,4,5,1): 16 x 5.657 us = 90.52 us
RMS_NORM_MUL RMS_NORM(5120,5,1,1): 129 x 8.642 us = 1114.92 us
RMS_NORM_MUL_SILU_MUL RMS_NORM(128,48,5,1): 48 x 6.386 us = 306.56 us
RMS_NORM_SCALE RMS_NORM(128,16,5,1): 96 x 2.891 us = 277.56 us
ROPE: 32 x 5.201 us = 166.44 us
SET_ROWS: 32 x 3.695 us = 118.24 us
SIGMOID_MUL SIGMOID: 16 x 5.525 us = 88.4 us
SSM_CONV_SILU SSM_CONV: 48 x 6.463 us = 310.24 us
Total time: 58293.4 us.
----------------
Vulkan Timings:
CONCAT: 1 x 1.96 us = 1.96 us
CONT: 1 x 3.76 us = 3.76 us
FLASH_ATTN_EXT dst(256,24,5,1),  q(256,5,24,1),  k(256,256,4,1),  v(256,256,4,1),  m(256,5,1,1): 1 x 22.84 us = 22.84 us (1377.29 GFLOPS/s)
GLU: 1 x 1.56 us = 1.56 us
MUL_MAT f32 m=256 n=120 k=256: 1 x 2.2 us = 2.2 us (7135.42 GFLOPS/s)
MUL_MAT f32 m=256 n=20 k=256: 1 x 0.76 us = 0.76 us (3442.53 GFLOPS/s)
MUL_MAT f32 m=64 n=480 k=64: 1 x 3.76 us = 3.76 us (1037.62 GFLOPS/s)
MUL_MAT f32 m=64 n=80 k=64: 1 x 3.72 us = 3.72 us (174.796 GFLOPS/s)
MUL_MAT_ADD MUL_MAT_VEC q6_K m=5120 n=5 k=17408: 1 x 174.75 us = 174.75 us (5100.22 GFLOPS/s)
MUL_MAT_ADD MUL_MAT_VEC q6_K m=5120 n=5 k=6144: 1 x 62.76 us = 62.76 us (5011.91 GFLOPS/s)
MUL_MAT_VEC q6_K m=1024 n=5 k=5120: 2 x 9.22 us = 18.44 us (5685.87 GFLOPS/s)
MUL_MAT_VEC q6_K m=12288 n=5 k=5120: 1 x 122.32 us = 122.32 us (5142.94 GFLOPS/s)
MUL_MAT_VEC q6_K m=17408 n=5 k=5120: 2 x 136.96 us = 273.92 us (6507.03 GFLOPS/s)
MUL_MAT_VEC q8_0 m=5120 n=5 k=10240: 1 x 105.76 us = 105.76 us (4957.1 GFLOPS/s)
RMS_NORM_MUL RMS_NORM(256,24,5,1): 1 x 3.88 us = 3.88 us
RMS_NORM_MUL RMS_NORM(256,4,5,1): 1 x 3.72 us = 3.72 us
RMS_NORM_MUL RMS_NORM(5120,5,1,1): 5 x 12.822 us = 64.11 us
ROPE: 2 x 3.76 us = 7.52 us
SET_ROWS: 2 x 3.04 us = 6.08 us
SIGMOID_MUL SIGMOID: 1 x 1.72 us = 1.72 us
Total time: 885.54 us.
----------------
Vulkan Timings:
CONCAT: 1 x 3.6 us = 3.6 us
CONT: 1 x 3.48 us = 3.48 us
FLASH_ATTN_EXT dst(256,24,1,1),  q(256,1,24,1),  k(256,256,4,1),  v(256,256,4,1),  m(256,1,1,1): 1 x 12.6 us = 12.6 us (499.322 GFLOPS/s)
GET_ROWS: 2 x 9.95 us = 19.9 us
GLU: 1 x 1.6 us = 1.6 us
MUL_MAT f32 m=256 n=24 k=256: 1 x 1.56 us = 1.56 us (2012.55 GFLOPS/s)
MUL_MAT f32 m=64 n=16 k=64: 1 x 1.84 us = 1.84 us (70.6783 GFLOPS/s)
MUL_MAT f32 m=64 n=96 k=64: 1 x 3.2 us = 3.2 us (243.84 GFLOPS/s)
MUL_MAT_ADD MUL_MAT_VEC q6_K m=5120 n=1 k=17408: 1 x 130.44 us = 130.44 us (1366.55 GFLOPS/s)
MUL_MAT_ADD MUL_MAT_VEC q6_K m=5120 n=1 k=6144: 1 x 53.88 us = 53.88 us (1167.58 GFLOPS/s)
MUL_MAT_VEC f32 m=256 n=4 k=256: 1 x 3 us = 3 us (174.421 GFLOPS/s)
MUL_MAT_VEC q6_K m=1024 n=1 k=5120: 2 x 9.28 us = 18.56 us (1129.82 GFLOPS/s)
MUL_MAT_VEC q6_K m=12288 n=1 k=5120: 1 x 89.88 us = 89.88 us (1399.83 GFLOPS/s)
MUL_MAT_VEC q6_K m=17408 n=1 k=5120: 2 x 117.9 us = 235.8 us (1511.79 GFLOPS/s)
MUL_MAT_VEC q6_K m=98304 n=1 k=5120: 1 x 672.55 us = 672.55 us (1496.59 GFLOPS/s)
MUL_MAT_VEC q8_0 m=5120 n=1 k=10240: 1 x 91.8 us = 91.8 us (1142.18 GFLOPS/s)
PAD: 1 x 6.36 us = 6.36 us
RMS_NORM_MUL RMS_NORM(256,24,1,1): 1 x 3.16 us = 3.16 us
RMS_NORM_MUL RMS_NORM(256,4,1,1): 1 x 4.84 us = 4.84 us
RMS_NORM_MUL RMS_NORM(5120,1,1,1): 5 x 4.36 us = 21.8 us
ROPE: 2 x 3.32 us = 6.64 us
SET_ROWS: 2 x 2.6 us = 5.2 us
SIGMOID_MUL SIGMOID: 1 x 1.52 us = 1.52 us
TOP_K K=10 (98304,1,1,1): 1 x 8.72 us = 8.72 us
Total time: 1401.93 us.
----------------
Vulkan Timings:
CONCAT: 1 x 3.76 us = 3.76 us
CONT: 1 x 3.6 us = 3.6 us
FLASH_ATTN_EXT dst(256,24,1,1),  q(256,1,24,1),  k(256,256,4,1),  v(256,256,4,1),  m(256,1,1,1): 1 x 12.76 us = 12.76 us (493.061 GFLOPS/s)
GET_ROWS: 2 x 10.155 us = 20.31 us
GLU: 1 x 1.8 us = 1.8 us
MUL_MAT f32 m=256 n=24 k=256: 1 x 1.6 us = 1.6 us (1962.24 GFLOPS/s)
MUL_MAT f32 m=64 n=16 k=64: 1 x 3.6 us = 3.6 us (36.1244 GFLOPS/s)
MUL_MAT f32 m=64 n=96 k=64: 1 x 3.6 us = 3.6 us (216.747 GFLOPS/s)
MUL_MAT_ADD MUL_MAT_VEC q6_K m=5120 n=1 k=17408: 1 x 123.16 us = 123.16 us (1447.33 GFLOPS/s)
MUL_MAT_ADD MUL_MAT_VEC q6_K m=5120 n=1 k=6144: 1 x 53.8 us = 53.8 us (1169.32 GFLOPS/s)
MUL_MAT_VEC f32 m=256 n=4 k=256: 1 x 3 us = 3 us (174.421 GFLOPS/s)
MUL_MAT_VEC q6_K m=1024 n=1 k=5120: 2 x 9.28 us = 18.56 us (1129.82 GFLOPS/s)
MUL_MAT_VEC q6_K m=12288 n=1 k=5120: 1 x 86 us = 86 us (1462.99 GFLOPS/s)
MUL_MAT_VEC q6_K m=17408 n=1 k=5120: 2 x 121.44 us = 242.88 us (1467.72 GFLOPS/s)
MUL_MAT_VEC q6_K m=98304 n=1 k=5120: 1 x 673.55 us = 673.55 us (1494.37 GFLOPS/s)
MUL_MAT_VEC q8_0 m=5120 n=1 k=10240: 1 x 101.44 us = 101.44 us (1033.64 GFLOPS/s)
PAD: 1 x 6.32 us = 6.32 us
RMS_NORM_MUL RMS_NORM(256,24,1,1): 1 x 3.6 us = 3.6 us
RMS_NORM_MUL RMS_NORM(256,4,1,1): 1 x 3.56 us = 3.56 us
RMS_NORM_MUL RMS_NORM(5120,1,1,1): 5 x 3.744 us = 18.72 us
ROPE: 2 x 3.58 us = 7.16 us
SET_ROWS: 2 x 2.62 us = 5.24 us
SIGMOID_MUL SIGMOID: 1 x 1.72 us = 1.72 us
TOP_K K=10 (98304,1,1,1): 1 x 8.96 us = 8.96 us
Total time: 1408.7 us.
----------------
Vulkan Timings:
CONCAT: 1 x 3.76 us = 3.76 us
CONT: 1 x 3.64 us = 3.64 us
FLASH_ATTN_EXT dst(256,24,1,1),  q(256,1,24,1),  k(256,256,4,1),  v(256,256,4,1),  m(256,1,1,1): 1 x 12.92 us = 12.92 us (486.955 GFLOPS/s)
GET_ROWS: 2 x 9.905 us = 19.81 us
GLU: 1 x 1.84 us = 1.84 us
MUL_MAT f32 m=256 n=24 k=256: 1 x 1.64 us = 1.64 us (1914.38 GFLOPS/s)
MUL_MAT f32 m=64 n=16 k=64: 1 x 3.6 us = 3.6 us (36.1244 GFLOPS/s)
MUL_MAT f32 m=64 n=96 k=64: 1 x 3.64 us = 3.64 us (214.365 GFLOPS/s)
MUL_MAT_ADD MUL_MAT_VEC q6_K m=5120 n=1 k=17408: 1 x 123.68 us = 123.68 us (1441.24 GFLOPS/s)
MUL_MAT_ADD MUL_MAT_VEC q6_K m=5120 n=1 k=6144: 1 x 53.84 us = 53.84 us (1168.45 GFLOPS/s)
MUL_MAT_VEC f32 m=256 n=4 k=256: 1 x 3.04 us = 3.04 us (172.126 GFLOPS/s)
MUL_MAT_VEC q6_K m=1024 n=1 k=5120: 2 x 9.12 us = 18.24 us (1149.64 GFLOPS/s)
MUL_MAT_VEC q6_K m=12288 n=1 k=5120: 1 x 85.48 us = 85.48 us (1471.89 GFLOPS/s)
MUL_MAT_VEC q6_K m=17408 n=1 k=5120: 2 x 121.06 us = 242.12 us (1472.33 GFLOPS/s)
MUL_MAT_VEC q6_K m=98304 n=1 k=5120: 1 x 689.71 us = 689.71 us (1459.36 GFLOPS/s)
MUL_MAT_VEC q8_0 m=5120 n=1 k=10240: 1 x 101.72 us = 101.72 us (1030.8 GFLOPS/s)
PAD: 1 x 6.32 us = 6.32 us
RMS_NORM_MUL RMS_NORM(256,24,1,1): 1 x 3.6 us = 3.6 us
RMS_NORM_MUL RMS_NORM(256,4,1,1): 1 x 3.56 us = 3.56 us
RMS_NORM_MUL RMS_NORM(5120,1,1,1): 5 x 3.744 us = 18.72 us
ROPE: 2 x 3.6 us = 7.2 us
SET_ROWS: 2 x 2.66 us = 5.32 us
SIGMOID_MUL SIGMOID: 1 x 1.68 us = 1.68 us
TOP_K K=10 (98304,1,1,1): 1 x 8.8 us = 8.8 us
Total time: 1423.88 us.
----------------
Vulkan Timings:
CONCAT: 1 x 3.76 us = 3.76 us
CONT: 1 x 3.6 us = 3.6 us
FLASH_ATTN_EXT dst(256,24,1,1),  q(256,1,24,1),  k(256,256,4,1),  v(256,256,4,1),  m(256,1,1,1): 1 x 12.88 us = 12.88 us (488.467 GFLOPS/s)
GET_ROWS: 2 x 9.775 us = 19.55 us
GLU: 1 x 1.76 us = 1.76 us
MUL_MAT f32 m=256 n=24 k=256: 1 x 1.68 us = 1.68 us (1868.8 GFLOPS/s)
MUL_MAT f32 m=64 n=16 k=64: 1 x 3.64 us = 3.64 us (35.7275 GFLOPS/s)
MUL_MAT f32 m=64 n=96 k=64: 1 x 3.6 us = 3.6 us (216.747 GFLOPS/s)
MUL_MAT_ADD MUL_MAT_VEC q6_K m=5120 n=1 k=17408: 1 x 123.12 us = 123.12 us (1447.8 GFLOPS/s)
MUL_MAT_ADD MUL_MAT_VEC q6_K m=5120 n=1 k=6144: 1 x 53.76 us = 53.76 us (1170.19 GFLOPS/s)
MUL_MAT_VEC f32 m=256 n=4 k=256: 1 x 3 us = 3 us (174.421 GFLOPS/s)
MUL_MAT_VEC q6_K m=1024 n=1 k=5120: 2 x 9.18 us = 18.36 us (1142.13 GFLOPS/s)
MUL_MAT_VEC q6_K m=12288 n=1 k=5120: 1 x 86.08 us = 86.08 us (1461.63 GFLOPS/s)
MUL_MAT_VEC q6_K m=17408 n=1 k=5120: 2 x 121.14 us = 242.28 us (1471.36 GFLOPS/s)
MUL_MAT_VEC q6_K m=98304 n=1 k=5120: 1 x 673.97 us = 673.97 us (1493.44 GFLOPS/s)
MUL_MAT_VEC q8_0 m=5120 n=1 k=10240: 1 x 101.24 us = 101.24 us (1035.68 GFLOPS/s)
PAD: 1 x 6.36 us = 6.36 us
RMS_NORM_MUL RMS_NORM(256,24,1,1): 1 x 3.6 us = 3.6 us
RMS_NORM_MUL RMS_NORM(256,4,1,1): 1 x 3.6 us = 3.6 us
RMS_NORM_MUL RMS_NORM(5120,1,1,1): 5 x 3.664 us = 18.32 us
ROPE: 2 x 3.6 us = 7.2 us
SET_ROWS: 2 x 2.66 us = 5.32 us
SIGMOID_MUL SIGMOID: 1 x 1.64 us = 1.64 us
TOP_K K=10 (98304,1,1,1): 1 x 9.12 us = 9.12 us
Total time: 1407.44 us.
----------------
Vulkan Timings:
ADD: 48 x 3.798 us = 182.32 us
CONCAT: 48 x 2.481 us = 119.12 us
CONT: 16 x 3.905 us = 62.48 us
CPY: 240 x 2.274 us = 545.8 us
FLASH_ATTN_EXT dst(256,24,5,1),  q(256,5,24,1),  k(256,256,4,1),  v(256,256,4,1),  m(256,5,1,1): 16 x 21.202 us = 339.24 us (1483.66 GFLOPS/s)
GDN_CACHE GATED_DELTA_NET: 48 x 13.885 us = 666.48 us
GET_ROWS: 50 x 25.613 us = 1280.68 us
GLU: 64 x 2.9 us = 185.64 us
MUL_MAT f32 m=256 n=120 k=256: 16 x 1.852 us = 29.64 us (8473.91 GFLOPS/s)
MUL_MAT f32 m=256 n=20 k=256: 16 x 3.167 us = 50.68 us (825.989 GFLOPS/s)
MUL_MAT f32 m=64 n=480 k=64: 16 x 3.702 us = 59.24 us (1053.73 GFLOPS/s)
MUL_MAT f32 m=64 n=80 k=64: 16 x 3.325 us = 53.2 us (195.561 GFLOPS/s)
MUL_MAT_ADD MUL_MAT_VEC q6_K m=5120 n=5 k=17408: 64 x 131.158 us = 8394.12 us (6795.34 GFLOPS/s)
MUL_MAT_ADD MUL_MAT_VEC q6_K m=5120 n=5 k=6144: 16 x 55.365 us = 885.84 us (5681.34 GFLOPS/s)
MUL_MAT_VEC f32 m=48 n=5 k=5120: 96 x 3.487 us = 334.84 us (704.535 GFLOPS/s)
MUL_MAT_VEC q6_K m=1024 n=5 k=5120: 32 x 11.131 us = 356.2 us (4709.6 GFLOPS/s)
MUL_MAT_VEC q6_K m=10240 n=5 k=5120: 48 x 82.395 us = 3955 us (6362.42 GFLOPS/s)
MUL_MAT_VEC q6_K m=12288 n=5 k=5120: 16 x 95.56 us = 1528.96 us (6583.13 GFLOPS/s)
MUL_MAT_VEC q6_K m=17408 n=5 k=5120: 128 x 141.301 us = 18086.6 us (6307.11 GFLOPS/s)
MUL_MAT_VEC q6_K m=248320 n=5 k=5120: 1 x 1766.64 us = 1766.64 us (7196 GFLOPS/s)
MUL_MAT_VEC q6_K m=6144 n=5 k=5120: 48 x 53.83 us = 2583.88 us (5843.16 GFLOPS/s)
MUL_MAT_VEC q8_0 m=5120 n=5 k=6144: 48 x 63.203 us = 3033.76 us (4976.75 GFLOPS/s)
RMS_NORM_MUL RMS_NORM(256,24,5,1): 16 x 3.955 us = 63.28 us
RMS_NORM_MUL RMS_NORM(256,4,5,1): 16 x 4.492 us = 71.88 us
RMS_NORM_MUL RMS_NORM(5120,5,1,1): 129 x 4.63 us = 597.28 us
RMS_NORM_MUL_SILU_MUL RMS_NORM(128,48,5,1): 48 x 5.767 us = 276.84 us
RMS_NORM_SCALE RMS_NORM(128,16,5,1): 96 x 2.738 us = 262.88 us
ROPE: 32 x 3.931 us = 125.8 us
SET_ROWS: 32 x 3.012 us = 96.4 us
SIGMOID_MUL SIGMOID: 16 x 3.762 us = 60.2 us
SSM_CONV_SILU SSM_CONV: 48 x 5.718 us = 274.48 us
Total time: 46329.4 us.
----------------
Vulkan Timings:
CONCAT: 1 x 3.92 us = 3.92 us
CONT: 1 x 3.68 us = 3.68 us
FLASH_ATTN_EXT dst(256,24,5,1),  q(256,5,24,1),  k(256,256,4,1),  v(256,256,4,1),  m(256,5,1,1): 1 x 20.4 us = 20.4 us (1542.02 GFLOPS/s)
GLU: 1 x 1.76 us = 1.76 us
MUL_MAT f32 m=256 n=120 k=256: 1 x 1.68 us = 1.68 us (9344 GFLOPS/s)
MUL_MAT f32 m=256 n=20 k=256: 1 x 3.04 us = 3.04 us (860.632 GFLOPS/s)
MUL_MAT f32 m=64 n=480 k=64: 1 x 3.64 us = 3.64 us (1071.82 GFLOPS/s)
MUL_MAT f32 m=64 n=80 k=64: 1 x 3.56 us = 3.56 us (182.652 GFLOPS/s)
MUL_MAT_ADD MUL_MAT_VEC q6_K m=5120 n=5 k=17408: 1 x 172.6 us = 172.6 us (5163.75 GFLOPS/s)
MUL_MAT_ADD MUL_MAT_VEC q6_K m=5120 n=5 k=6144: 1 x 61.64 us = 61.64 us (5102.97 GFLOPS/s)
MUL_MAT_VEC q6_K m=1024 n=5 k=5120: 2 x 9.06 us = 18.12 us (5786.28 GFLOPS/s)
MUL_MAT_VEC q6_K m=12288 n=5 k=5120: 1 x 122.73 us = 122.73 us (5125.76 GFLOPS/s)
MUL_MAT_VEC q6_K m=17408 n=5 k=5120: 2 x 135.76 us = 271.52 us (6564.54 GFLOPS/s)
MUL_MAT_VEC q8_0 m=5120 n=5 k=10240: 1 x 105.32 us = 105.32 us (4977.8 GFLOPS/s)
RMS_NORM_MUL RMS_NORM(256,24,5,1): 1 x 3.76 us = 3.76 us
RMS_NORM_MUL RMS_NORM(256,4,5,1): 1 x 3.6 us = 3.6 us
RMS_NORM_MUL RMS_NORM(5120,5,1,1): 5 x 10.622 us = 53.11 us
ROPE: 2 x 3.6 us = 7.2 us
SET_ROWS: 2 x 2.64 us = 5.28 us
SIGMOID_MUL SIGMOID: 1 x 1.76 us = 1.76 us
Total time: 868.32 us.
----------------
Vulkan Timings:
CONCAT: 1 x 3.64 us = 3.64 us
CONT: 1 x 3.52 us = 3.52 us
FLASH_ATTN_EXT dst(256,24,1,1),  q(256,1,24,1),  k(256,256,4,1),  v(256,256,4,1),  m(256,1,1,1): 1 x 12.52 us = 12.52 us (502.512 GFLOPS/s)
GET_ROWS: 2 x 9.83 us = 19.66 us
GLU: 1 x 1.64 us = 1.64 us
MUL_MAT f32 m=256 n=24 k=256: 1 x 1.52 us = 1.52 us (2065.52 GFLOPS/s)
MUL_MAT f32 m=64 n=16 k=64: 1 x 1.8 us = 1.8 us (72.2489 GFLOPS/s)
MUL_MAT f32 m=64 n=96 k=64: 1 x 3.16 us = 3.16 us (246.927 GFLOPS/s)
MUL_MAT_ADD MUL_MAT_VEC q6_K m=5120 n=1 k=17408: 1 x 129.56 us = 129.56 us (1375.83 GFLOPS/s)
MUL_MAT_ADD MUL_MAT_VEC q6_K m=5120 n=1 k=6144: 1 x 53.92 us = 53.92 us (1166.72 GFLOPS/s)
MUL_MAT_VEC f32 m=256 n=4 k=256: 1 x 3.04 us = 3.04 us (172.126 GFLOPS/s)
MUL_MAT_VEC q6_K m=1024 n=1 k=5120: 2 x 9.38 us = 18.76 us (1117.78 GFLOPS/s)
MUL_MAT_VEC q6_K m=12288 n=1 k=5120: 1 x 89.16 us = 89.16 us (1411.14 GFLOPS/s)
MUL_MAT_VEC q6_K m=17408 n=1 k=5120: 2 x 117.86 us = 235.72 us (1512.31 GFLOPS/s)
MUL_MAT_VEC q6_K m=98304 n=1 k=5120: 1 x 687.7 us = 687.7 us (1463.62 GFLOPS/s)
MUL_MAT_VEC q8_0 m=5120 n=1 k=10240: 1 x 93.64 us = 93.64 us (1119.74 GFLOPS/s)
PAD: 1 x 6.32 us = 6.32 us
RMS_NORM_MUL RMS_NORM(256,24,1,1): 1 x 3.2 us = 3.2 us
RMS_NORM_MUL RMS_NORM(256,4,1,1): 1 x 4.84 us = 4.84 us
RMS_NORM_MUL RMS_NORM(5120,1,1,1): 5 x 4.2 us = 21 us
ROPE: 2 x 3.3 us = 6.6 us
SET_ROWS: 2 x 2.6 us = 5.2 us
SIGMOID_MUL SIGMOID: 1 x 1.6 us = 1.6 us
TOP_K K=10 (98304,1,1,1): 1 x 8.88 us = 8.88 us
Total time: 1416.6 us.
----------------
Vulkan Timings:
CONCAT: 1 x 3.76 us = 3.76 us
CONT: 1 x 3.64 us = 3.64 us
FLASH_ATTN_EXT dst(256,24,1,1),  q(256,1,24,1),  k(256,256,4,1),  v(256,256,4,1),  m(256,1,1,1): 1 x 12.8 us = 12.8 us (491.52 GFLOPS/s)
GET_ROWS: 2 x 16.34 us = 32.68 us
GLU: 1 x 1.76 us = 1.76 us
MUL_MAT f32 m=256 n=24 k=256: 1 x 1.68 us = 1.68 us (1868.8 GFLOPS/s)
MUL_MAT f32 m=64 n=16 k=64: 1 x 3.6 us = 3.6 us (36.1244 GFLOPS/s)
MUL_MAT f32 m=64 n=96 k=64: 1 x 3.6 us = 3.6 us (216.747 GFLOPS/s)
MUL_MAT_ADD MUL_MAT_VEC q6_K m=5120 n=1 k=17408: 1 x 123.6 us = 123.6 us (1442.17 GFLOPS/s)
MUL_MAT_ADD MUL_MAT_VEC q6_K m=5120 n=1 k=6144: 1 x 54.24 us = 54.24 us (1159.83 GFLOPS/s)
MUL_MAT_VEC f32 m=256 n=4 k=256: 1 x 3.04 us = 3.04 us (172.126 GFLOPS/s)
MUL_MAT_VEC q6_K m=1024 n=1 k=5120: 2 x 9.08 us = 18.16 us (1154.71 GFLOPS/s)
MUL_MAT_VEC q6_K m=12288 n=1 k=5120: 1 x 85.8 us = 85.8 us (1466.4 GFLOPS/s)
MUL_MAT_VEC q6_K m=17408 n=1 k=5120: 2 x 121.42 us = 242.84 us (1467.97 GFLOPS/s)
MUL_MAT_VEC q6_K m=98304 n=1 k=5120: 1 x 690.01 us = 690.01 us (1458.72 GFLOPS/s)
MUL_MAT_VEC q8_0 m=5120 n=1 k=10240: 1 x 100.72 us = 100.72 us (1041.03 GFLOPS/s)
PAD: 1 x 4.88 us = 4.88 us
RMS_NORM_MUL RMS_NORM(256,24,1,1): 1 x 3.6 us = 3.6 us
RMS_NORM_MUL RMS_NORM(256,4,1,1): 1 x 3.56 us = 3.56 us
RMS_NORM_MUL RMS_NORM(5120,1,1,1): 5 x 3.728 us = 18.64 us
ROPE: 2 x 3.54 us = 7.08 us
SET_ROWS: 2 x 2.68 us = 5.36 us
SIGMOID_MUL SIGMOID: 1 x 1.92 us = 1.92 us
TOP_K K=10 (98304,1,1,1): 1 x 8.6 us = 8.6 us
Total time: 1435.57 us.
----------------
Vulkan Timings:
CONCAT: 1 x 3.8 us = 3.8 us
CONT: 1 x 3.6 us = 3.6 us
FLASH_ATTN_EXT dst(256,24,1,1),  q(256,1,24,1),  k(256,256,4,1),  v(256,256,4,1),  m(256,1,1,1): 1 x 12.96 us = 12.96 us (485.452 GFLOPS/s)
GET_ROWS: 2 x 10.65 us = 21.3 us
GLU: 1 x 1.8 us = 1.8 us
MUL_MAT f32 m=256 n=24 k=256: 1 x 1.64 us = 1.64 us (1914.38 GFLOPS/s)
MUL_MAT f32 m=64 n=16 k=64: 1 x 3.64 us = 3.64 us (35.7275 GFLOPS/s)
MUL_MAT f32 m=64 n=96 k=64: 1 x 3.56 us = 3.56 us (219.182 GFLOPS/s)
MUL_MAT_ADD MUL_MAT_VEC q6_K m=5120 n=1 k=17408: 1 x 123.12 us = 123.12 us (1447.8 GFLOPS/s)
MUL_MAT_ADD MUL_MAT_VEC q6_K m=5120 n=1 k=6144: 1 x 53.56 us = 53.56 us (1174.56 GFLOPS/s)
MUL_MAT_VEC f32 m=256 n=4 k=256: 1 x 3.04 us = 3.04 us (172.126 GFLOPS/s)
MUL_MAT_VEC q6_K m=1024 n=1 k=5120: 2 x 6.06 us = 12.12 us (1730.15 GFLOPS/s)
MUL_MAT_VEC q6_K m=12288 n=1 k=5120: 1 x 92.96 us = 92.96 us (1353.45 GFLOPS/s)
MUL_MAT_VEC q6_K m=17408 n=1 k=5120: 2 x 121.16 us = 242.32 us (1471.12 GFLOPS/s)
MUL_MAT_VEC q6_K m=98304 n=1 k=5120: 1 x 674.35 us = 674.35 us (1492.6 GFLOPS/s)
MUL_MAT_VEC q8_0 m=5120 n=1 k=10240: 1 x 101.52 us = 101.52 us (1032.83 GFLOPS/s)
PAD: 1 x 6.36 us = 6.36 us
RMS_NORM_MUL RMS_NORM(256,24,1,1): 1 x 3.6 us = 3.6 us
RMS_NORM_MUL RMS_NORM(256,4,1,1): 1 x 3.56 us = 3.56 us
RMS_NORM_MUL RMS_NORM(5120,1,1,1): 5 x 3.776 us = 18.88 us
ROPE: 2 x 3.58 us = 7.16 us
SET_ROWS: 2 x 2.64 us = 5.28 us
SIGMOID_MUL SIGMOID: 1 x 1.64 us = 1.64 us
TOP_K K=10 (98304,1,1,1): 1 x 8.84 us = 8.84 us
Total time: 1410.61 us.
----------------
Vulkan Timings:
CONCAT: 1 x 3.68 us = 3.68 us
CONT: 1 x 3.6 us = 3.6 us
FLASH_ATTN_EXT dst(256,24,1,1),  q(256,1,24,1),  k(256,256,4,1),  v(256,256,4,1),  m(256,1,1,1): 1 x 14.64 us = 14.64 us (429.744 GFLOPS/s)
GET_ROWS: 2 x 4.3 us = 8.6 us
GLU: 1 x 1.72 us = 1.72 us
MUL_MAT f32 m=256 n=24 k=256: 1 x 2.2 us = 2.2 us (1427.08 GFLOPS/s)
MUL_MAT f32 m=64 n=16 k=64: 1 x 3.6 us = 3.6 us (36.1244 GFLOPS/s)
MUL_MAT f32 m=64 n=96 k=64: 1 x 3.64 us = 3.64 us (214.365 GFLOPS/s)
MUL_MAT_ADD MUL_MAT_VEC q6_K m=5120 n=1 k=17408: 1 x 123.6 us = 123.6 us (1442.17 GFLOPS/s)
MUL_MAT_ADD MUL_MAT_VEC q6_K m=5120 n=1 k=6144: 1 x 54.16 us = 54.16 us (1161.55 GFLOPS/s)
MUL_MAT_VEC f32 m=256 n=4 k=256: 1 x 0.72 us = 0.72 us (726.756 GFLOPS/s)
MUL_MAT_VEC q6_K m=1024 n=1 k=5120: 2 x 9.3 us = 18.6 us (1127.39 GFLOPS/s)
MUL_MAT_VEC q6_K m=12288 n=1 k=5120: 1 x 85.76 us = 85.76 us (1467.08 GFLOPS/s)
MUL_MAT_VEC q6_K m=17408 n=1 k=5120: 2 x 121.58 us = 243.16 us (1466.03 GFLOPS/s)
MUL_MAT_VEC q6_K m=98304 n=1 k=5120: 1 x 721.45 us = 721.45 us (1395.16 GFLOPS/s)
MUL_MAT_VEC q8_0 m=5120 n=1 k=10240: 1 x 101.64 us = 101.64 us (1031.61 GFLOPS/s)
PAD: 1 x 6.28 us = 6.28 us
RMS_NORM_MUL RMS_NORM(256,24,1,1): 1 x 3.6 us = 3.6 us
RMS_NORM_MUL RMS_NORM(256,4,1,1): 1 x 3.56 us = 3.56 us
RMS_NORM_MUL RMS_NORM(5120,1,1,1): 5 x 3.712 us = 18.56 us
ROPE: 2 x 3.56 us = 7.12 us
SET_ROWS: 2 x 2.78 us = 5.56 us
SIGMOID_MUL SIGMOID: 1 x 1.68 us = 1.68 us
TOP_K K=10 (98304,1,1,1): 1 x 8.92 us = 8.92 us
Total time: 1446.05 us.
----------------
Vulkan Timings:
ADD: 48 x 3.739 us = 179.48 us
CONCAT: 48 x 2.439 us = 117.08 us
CONT: 16 x 3.822 us = 61.16 us
CPY: 240 x 2.224 us = 533.88 us
FLASH_ATTN_EXT dst(256,24,5,1),  q(256,5,24,1),  k(256,256,4,1),  v(256,256,4,1),  m(256,5,1,1): 16 x 20.825 us = 333.2 us (1510.55 GFLOPS/s)
GDN_CACHE GATED_DELTA_NET: 48 x 14.103 us = 676.96 us
GET_ROWS: 50 x 24.861 us = 1243.08 us
GLU: 64 x 2.96 us = 189.44 us
MUL_MAT f32 m=256 n=120 k=256: 16 x 1.817 us = 29.08 us (8637.09 GFLOPS/s)
MUL_MAT f32 m=256 n=20 k=256: 16 x 3.095 us = 49.52 us (845.338 GFLOPS/s)
MUL_MAT f32 m=64 n=480 k=64: 16 x 3.62 us = 57.92 us (1077.75 GFLOPS/s)
MUL_MAT f32 m=64 n=80 k=64: 16 x 3.27 us = 52.32 us (198.85 GFLOPS/s)
MUL_MAT_ADD MUL_MAT_VEC q6_K m=5120 n=5 k=17408: 64 x 130.334 us = 8341.4 us (6838.29 GFLOPS/s)
MUL_MAT_ADD MUL_MAT_VEC q6_K m=5120 n=5 k=6144: 16 x 55.192 us = 883.08 us (5699.09 GFLOPS/s)
MUL_MAT_VEC f32 m=48 n=5 k=5120: 96 x 3.375 us = 324 us (728.107 GFLOPS/s)
MUL_MAT_VEC q6_K m=1024 n=5 k=5120: 32 x 10.723 us = 343.16 us (4888.56 GFLOPS/s)
MUL_MAT_VEC q6_K m=10240 n=5 k=5120: 48 x 82.017 us = 3936.84 us (6391.77 GFLOPS/s)
MUL_MAT_VEC q6_K m=12288 n=5 k=5120: 16 x 95.405 us = 1526.48 us (6593.83 GFLOPS/s)
MUL_MAT_VEC q6_K m=17408 n=5 k=5120: 128 x 140.813 us = 18024.1 us (6328.96 GFLOPS/s)
MUL_MAT_VEC q6_K m=248320 n=5 k=5120: 1 x 1765.8 us = 1765.8 us (7199.42 GFLOPS/s)
MUL_MAT_VEC q6_K m=6144 n=5 k=5120: 48 x 53.406 us = 2563.52 us (5889.57 GFLOPS/s)
MUL_MAT_VEC q8_0 m=5120 n=5 k=6144: 48 x 62.976 us = 3022.88 us (4994.66 GFLOPS/s)
RMS_NORM_MUL RMS_NORM(256,24,5,1): 16 x 3.817 us = 61.08 us
RMS_NORM_MUL RMS_NORM(256,4,5,1): 16 x 4.397 us = 70.36 us
RMS_NORM_MUL RMS_NORM(5120,5,1,1): 129 x 4.518 us = 582.92 us
RMS_NORM_MUL_SILU_MUL RMS_NORM(128,48,5,1): 48 x 5.634 us = 270.44 us
RMS_NORM_SCALE RMS_NORM(128,16,5,1): 96 x 2.699 us = 259.16 us
ROPE: 32 x 3.84 us = 122.88 us
SET_ROWS: 32 x 2.938 us = 94.04 us
SIGMOID_MUL SIGMOID: 16 x 3.67 us = 58.72 us
SSM_CONV_SILU SSM_CONV: 48 x 5.69 us = 273.12 us
Total time: 46047.1 us.
----------------
Vulkan Timings:
CONCAT: 1 x 3.96 us = 3.96 us
CONT: 1 x 3.72 us = 3.72 us
FLASH_ATTN_EXT dst(256,24,5,1),  q(256,5,24,1),  k(256,256,4,1),  v(256,256,4,1),  m(256,5,1,1): 1 x 20.76 us = 20.76 us (1515.28 GFLOPS/s)
GLU: 1 x 1.52 us = 1.52 us
MUL_MAT f32 m=256 n=120 k=256: 1 x 1.72 us = 1.72 us (9126.7 GFLOPS/s)
MUL_MAT f32 m=256 n=20 k=256: 1 x 3.04 us = 3.04 us (860.632 GFLOPS/s)
MUL_MAT f32 m=64 n=480 k=64: 1 x 3.68 us = 3.68 us (1060.17 GFLOPS/s)
MUL_MAT f32 m=64 n=80 k=64: 1 x 3.6 us = 3.6 us (180.622 GFLOPS/s)
MUL_MAT_ADD MUL_MAT_VEC q6_K m=5120 n=5 k=17408: 1 x 155.98 us = 155.98 us (5713.96 GFLOPS/s)
MUL_MAT_ADD MUL_MAT_VEC q6_K m=5120 n=5 k=6144: 1 x 62.96 us = 62.96 us (4995.98 GFLOPS/s)
MUL_MAT_VEC q6_K m=1024 n=5 k=5120: 2 x 8.38 us = 16.76 us (6255.81 GFLOPS/s)
MUL_MAT_VEC q6_K m=12288 n=5 k=5120: 1 x 121.71 us = 121.71 us (5168.71 GFLOPS/s)
MUL_MAT_VEC q6_K m=17408 n=5 k=5120: 2 x 136.94 us = 273.88 us (6507.98 GFLOPS/s)
MUL_MAT_VEC q8_0 m=5120 n=5 k=10240: 1 x 105.96 us = 105.96 us (4947.74 GFLOPS/s)
RMS_NORM_MUL RMS_NORM(256,24,5,1): 1 x 5.68 us = 5.68 us
RMS_NORM_MUL RMS_NORM(256,4,5,1): 1 x 3.6 us = 3.6 us
RMS_NORM_MUL RMS_NORM(5120,5,1,1): 5 x 8.366 us = 41.83 us
ROPE: 2 x 3.64 us = 7.28 us
SET_ROWS: 2 x 2.66 us = 5.32 us
SIGMOID_MUL SIGMOID: 1 x 2.6 us = 2.6 us
Total time: 845.56 us.
----------------
Vulkan Timings:
CONCAT: 1 x 3.68 us = 3.68 us
CONT: 1 x 3.52 us = 3.52 us
FLASH_ATTN_EXT dst(256,24,1,1),  q(256,1,24,1),  k(256,256,4,1),  v(256,256,4,1),  m(256,1,1,1): 1 x 12.6 us = 12.6 us (499.322 GFLOPS/s)
GET_ROWS: 2 x 4.18 us = 8.36 us
GLU: 1 x 1.56 us = 1.56 us
MUL_MAT f32 m=256 n=24 k=256: 1 x 2.08 us = 2.08 us (1509.42 GFLOPS/s)
MUL_MAT f32 m=64 n=16 k=64: 1 x 1.8 us = 1.8 us (72.2489 GFLOPS/s)
MUL_MAT f32 m=64 n=96 k=64: 1 x 3.2 us = 3.2 us (243.84 GFLOPS/s)
MUL_MAT_ADD MUL_MAT_VEC q6_K m=5120 n=1 k=17408: 1 x 130.08 us = 130.08 us (1370.33 GFLOPS/s)
MUL_MAT_ADD MUL_MAT_VEC q6_K m=5120 n=1 k=6144: 1 x 53.16 us = 53.16 us (1183.4 GFLOPS/s)
MUL_MAT_VEC f32 m=256 n=4 k=256: 1 x 0.76 us = 0.76 us (688.505 GFLOPS/s)
MUL_MAT_VEC q6_K m=1024 n=1 k=5120: 2 x 9.48 us = 18.96 us (1105.98 GFLOPS/s)
MUL_MAT_VEC q6_K m=12288 n=1 k=5120: 1 x 89.92 us = 89.92 us (1399.21 GFLOPS/s)
MUL_MAT_VEC q6_K m=17408 n=1 k=5120: 2 x 118.16 us = 236.32 us (1508.47 GFLOPS/s)
MUL_MAT_VEC q6_K m=98304 n=1 k=5120: 1 x 672.46 us = 672.46 us (1496.79 GFLOPS/s)
MUL_MAT_VEC q8_0 m=5120 n=1 k=10240: 1 x 91.64 us = 91.64 us (1144.18 GFLOPS/s)
PAD: 1 x 6.32 us = 6.32 us
RMS_NORM_MUL RMS_NORM(256,24,1,1): 1 x 3.2 us = 3.2 us
RMS_NORM_MUL RMS_NORM(256,4,1,1): 1 x 4.84 us = 4.84 us
RMS_NORM_MUL RMS_NORM(5120,1,1,1): 5 x 4.376 us = 21.88 us
ROPE: 2 x 3.32 us = 6.64 us
SET_ROWS: 2 x 3.72 us = 7.44 us
SIGMOID_MUL SIGMOID: 1 x 1.56 us = 1.56 us
TOP_K K=10 (98304,1,1,1): 1 x 9.08 us = 9.08 us
Total time: 1391.06 us.
----------------
Vulkan Timings:
CONCAT: 1 x 3.72 us = 3.72 us
CONT: 1 x 3.56 us = 3.56 us
FLASH_ATTN_EXT dst(256,24,1,1),  q(256,1,24,1),  k(256,256,4,1),  v(256,256,4,1),  m(256,1,1,1): 1 x 12.88 us = 12.88 us (488.467 GFLOPS/s)
GET_ROWS: 2 x 4.18 us = 8.36 us
GLU: 1 x 1.8 us = 1.8 us
MUL_MAT f32 m=256 n=24 k=256: 1 x 1.68 us = 1.68 us (1868.8 GFLOPS/s)
MUL_MAT f32 m=64 n=16 k=64: 1 x 3.64 us = 3.64 us (35.7275 GFLOPS/s)
MUL_MAT f32 m=64 n=96 k=64: 1 x 3.6 us = 3.6 us (216.747 GFLOPS/s)
MUL_MAT_ADD MUL_MAT_VEC q6_K m=5120 n=1 k=17408: 1 x 124.84 us = 124.84 us (1427.85 GFLOPS/s)
MUL_MAT_ADD MUL_MAT_VEC q6_K m=5120 n=1 k=6144: 1 x 53.68 us = 53.68 us (1171.93 GFLOPS/s)
MUL_MAT_VEC f32 m=256 n=4 k=256: 1 x 3.04 us = 3.04 us (172.126 GFLOPS/s)
MUL_MAT_VEC q6_K m=1024 n=1 k=5120: 2 x 9.08 us = 18.16 us (1154.71 GFLOPS/s)
MUL_MAT_VEC q6_K m=12288 n=1 k=5120: 1 x 85.48 us = 85.48 us (1471.89 GFLOPS/s)
MUL_MAT_VEC q6_K m=17408 n=1 k=5120: 2 x 121.14 us = 242.28 us (1471.36 GFLOPS/s)
MUL_MAT_VEC q6_K m=98304 n=1 k=5120: 1 x 672.7 us = 672.7 us (1496.26 GFLOPS/s)
MUL_MAT_VEC q8_0 m=5120 n=1 k=10240: 1 x 100.52 us = 100.52 us (1043.1 GFLOPS/s)
PAD: 1 x 7.08 us = 7.08 us
RMS_NORM_MUL RMS_NORM(256,24,1,1): 1 x 3.6 us = 3.6 us
RMS_NORM_MUL RMS_NORM(256,4,1,1): 1 x 3.6 us = 3.6 us
RMS_NORM_MUL RMS_NORM(5120,1,1,1): 5 x 3.712 us = 18.56 us
ROPE: 2 x 3.6 us = 7.2 us
SET_ROWS: 2 x 2.66 us = 5.32 us
SIGMOID_MUL SIGMOID: 1 x 1.68 us = 1.68 us
TOP_K K=10 (98304,1,1,1): 1 x 9.04 us = 9.04 us
Total time: 1396.02 us.
----------------
Vulkan Timings:
CONCAT: 1 x 3.72 us = 3.72 us
CONT: 1 x 3.6 us = 3.6 us
FLASH_ATTN_EXT dst(256,24,1,1),  q(256,1,24,1),  k(256,256,4,1),  v(256,256,4,1),  m(256,1,1,1): 1 x 12.88 us = 12.88 us (488.467 GFLOPS/s)
GET_ROWS: 2 x 4.16 us = 8.32 us
GLU: 1 x 1.84 us = 1.84 us
MUL_MAT f32 m=256 n=24 k=256: 1 x 1.64 us = 1.64 us (1914.38 GFLOPS/s)
MUL_MAT f32 m=64 n=16 k=64: 1 x 3.6 us = 3.6 us (36.1244 GFLOPS/s)
MUL_MAT f32 m=64 n=96 k=64: 1 x 3.64 us = 3.64 us (214.365 GFLOPS/s)
MUL_MAT_ADD MUL_MAT_VEC q6_K m=5120 n=1 k=17408: 1 x 122.28 us = 122.28 us (1457.74 GFLOPS/s)
MUL_MAT_ADD MUL_MAT_VEC q6_K m=5120 n=1 k=6144: 1 x 51.28 us = 51.28 us (1226.78 GFLOPS/s)
MUL_MAT_VEC f32 m=256 n=4 k=256: 1 x 3 us = 3 us (174.421 GFLOPS/s)
MUL_MAT_VEC q6_K m=1024 n=1 k=5120: 2 x 9.28 us = 18.56 us (1129.82 GFLOPS/s)
MUL_MAT_VEC q6_K m=12288 n=1 k=5120: 1 x 85.68 us = 85.68 us (1468.45 GFLOPS/s)
MUL_MAT_VEC q6_K m=17408 n=1 k=5120: 2 x 121.06 us = 242.12 us (1472.33 GFLOPS/s)
MUL_MAT_VEC q6_K m=98304 n=1 k=5120: 1 x 673.64 us = 673.64 us (1494.17 GFLOPS/s)
MUL_MAT_VEC q8_0 m=5120 n=1 k=10240: 1 x 101.32 us = 101.32 us (1034.86 GFLOPS/s)
PAD: 1 x 6.32 us = 6.32 us
RMS_NORM_MUL RMS_NORM(256,24,1,1): 1 x 3.6 us = 3.6 us
RMS_NORM_MUL RMS_NORM(256,4,1,1): 1 x 3.56 us = 3.56 us
RMS_NORM_MUL RMS_NORM(5120,1,1,1): 5 x 4.248 us = 21.24 us
ROPE: 2 x 3.52 us = 7.04 us
SET_ROWS: 2 x 2.64 us = 5.28 us
SIGMOID_MUL SIGMOID: 1 x 1.72 us = 1.72 us
TOP_K K=10 (98304,1,1,1): 1 x 9.04 us = 9.04 us
Total time: 1394.92 us.
----------------
Vulkan Timings:
CONCAT: 1 x 3.76 us = 3.76 us
CONT: 1 x 3.6 us = 3.6 us
FLASH_ATTN_EXT dst(256,24,1,1),  q(256,1,24,1),  k(256,256,4,1),  v(256,256,4,1),  m(256,1,1,1): 1 x 12.84 us = 12.84 us (489.989 GFLOPS/s)
GET_ROWS: 2 x 4.42 us = 8.84 us
GLU: 1 x 1.92 us = 1.92 us
MUL_MAT f32 m=256 n=24 k=256: 1 x 1.68 us = 1.68 us (1868.8 GFLOPS/s)
MUL_MAT f32 m=64 n=16 k=64: 1 x 3.6 us = 3.6 us (36.1244 GFLOPS/s)
MUL_MAT f32 m=64 n=96 k=64: 1 x 3.6 us = 3.6 us (216.747 GFLOPS/s)
MUL_MAT_ADD MUL_MAT_VEC q6_K m=5120 n=1 k=17408: 1 x 123.24 us = 123.24 us (1446.39 GFLOPS/s)
MUL_MAT_ADD MUL_MAT_VEC q6_K m=5120 n=1 k=6144: 1 x 53.76 us = 53.76 us (1170.19 GFLOPS/s)
MUL_MAT_VEC f32 m=256 n=4 k=256: 1 x 3 us = 3 us (174.421 GFLOPS/s)
MUL_MAT_VEC q6_K m=1024 n=1 k=5120: 2 x 9.2 us = 18.4 us (1139.65 GFLOPS/s)
MUL_MAT_VEC q6_K m=12288 n=1 k=5120: 1 x 85.92 us = 85.92 us (1464.35 GFLOPS/s)
MUL_MAT_VEC q6_K m=17408 n=1 k=5120: 2 x 121.34 us = 242.68 us (1468.93 GFLOPS/s)
MUL_MAT_VEC q6_K m=98304 n=1 k=5120: 1 x 672.27 us = 672.27 us (1497.22 GFLOPS/s)
MUL_MAT_VEC q8_0 m=5120 n=1 k=10240: 1 x 101.4 us = 101.4 us (1034.05 GFLOPS/s)
PAD: 1 x 6.28 us = 6.28 us
RMS_NORM_MUL RMS_NORM(256,24,1,1): 1 x 3.6 us = 3.6 us
RMS_NORM_MUL RMS_NORM(256,4,1,1): 1 x 3.6 us = 3.6 us
RMS_NORM_MUL RMS_NORM(5120,1,1,1): 5 x 3.784 us = 18.92 us
ROPE: 2 x 3.58 us = 7.16 us
SET_ROWS: 2 x 2.64 us = 5.28 us
SIGMOID_MUL SIGMOID: 1 x 1.64 us = 1.64 us
TOP_K K=10 (98304,1,1,1): 1 x 9.04 us = 9.04 us
Total time: 1396.03 us.
----------------
Vulkan Timings:
ADD: 48 x 3.747 us = 179.88 us
CONCAT: 48 x 2.439 us = 117.08 us
CONT: 16 x 3.825 us = 61.2 us
CPY: 240 x 2.258 us = 542 us
FLASH_ATTN_EXT dst(256,24,5,1),  q(256,5,24,1),  k(256,256,4,1),  v(256,256,4,1),  m(256,5,1,1): 16 x 20.895 us = 334.32 us (1505.49 GFLOPS/s)
GDN_CACHE GATED_DELTA_NET: 48 x 13.958 us = 670 us
GET_ROWS: 50 x 24.736 us = 1236.8 us
GLU: 64 x 3.007 us = 192.48 us
MUL_MAT f32 m=256 n=120 k=256: 16 x 1.817 us = 29.08 us (8637.09 GFLOPS/s)
MUL_MAT f32 m=256 n=20 k=256: 16 x 3.12 us = 49.92 us (838.564 GFLOPS/s)
MUL_MAT f32 m=64 n=480 k=64: 16 x 3.627 us = 58.04 us (1075.52 GFLOPS/s)
MUL_MAT f32 m=64 n=80 k=64: 16 x 3.37 us = 53.92 us (192.95 GFLOPS/s)
MUL_MAT_ADD MUL_MAT_VEC q6_K m=5120 n=5 k=17408: 64 x 130.662 us = 8362.4 us (6821.12 GFLOPS/s)
MUL_MAT_ADD MUL_MAT_VEC q6_K m=5120 n=5 k=6144: 16 x 55.14 us = 882.24 us (5704.52 GFLOPS/s)
MUL_MAT_VEC f32 m=48 n=5 k=5120: 96 x 3.405 us = 326.92 us (721.603 GFLOPS/s)
MUL_MAT_VEC q6_K m=1024 n=5 k=5120: 32 x 10.231 us = 327.4 us (5123.88 GFLOPS/s)
MUL_MAT_VEC q6_K m=10240 n=5 k=5120: 48 x 82.064 us = 3939.08 us (6388.13 GFLOPS/s)
MUL_MAT_VEC q6_K m=12288 n=5 k=5120: 16 x 96.995 us = 1551.92 us (6485.74 GFLOPS/s)
MUL_MAT_VEC q6_K m=17408 n=5 k=5120: 128 x 141.07 us = 18057.1 us (6317.41 GFLOPS/s)
MUL_MAT_VEC q6_K m=248320 n=5 k=5120: 1 x 1765.56 us = 1765.56 us (7200.4 GFLOPS/s)
MUL_MAT_VEC q6_K m=6144 n=5 k=5120: 48 x 53.529 us = 2569.4 us (5876.09 GFLOPS/s)
MUL_MAT_VEC q8_0 m=5120 n=5 k=6144: 48 x 63.21 us = 3034.08 us (4976.23 GFLOPS/s)
RMS_NORM_MUL RMS_NORM(256,24,5,1): 16 x 3.822 us = 61.16 us
RMS_NORM_MUL RMS_NORM(256,4,5,1): 16 x 4.325 us = 69.2 us
RMS_NORM_MUL RMS_NORM(5120,5,1,1): 129 x 4.543 us = 586.08 us
RMS_NORM_MUL_SILU_MUL RMS_NORM(128,48,5,1): 48 x 5.668 us = 272.08 us
RMS_NORM_SCALE RMS_NORM(128,16,5,1): 96 x 2.68 us = 257.36 us
ROPE: 32 x 3.851 us = 123.24 us
SET_ROWS: 32 x 2.946 us = 94.28 us
SIGMOID_MUL SIGMOID: 16 x 3.675 us = 58.8 us
SSM_CONV_SILU SSM_CONV: 48 x 5.66 us = 271.72 us
Total time: 46134.7 us.
----------------
Vulkan Timings:
CONCAT: 1 x 4 us = 4 us
CONT: 1 x 3.64 us = 3.64 us
FLASH_ATTN_EXT dst(256,24,5,1),  q(256,5,24,1),  k(256,256,4,1),  v(256,256,4,1),  m(256,5,1,1): 1 x 20.64 us = 20.64 us (1524.09 GFLOPS/s)
GLU: 1 x 1.48 us = 1.48 us
MUL_MAT f32 m=256 n=120 k=256: 1 x 1.72 us = 1.72 us (9126.7 GFLOPS/s)
MUL_MAT f32 m=256 n=20 k=256: 1 x 3.04 us = 3.04 us (860.632 GFLOPS/s)
MUL_MAT f32 m=64 n=480 k=64: 1 x 3.64 us = 3.64 us (1071.82 GFLOPS/s)
MUL_MAT f32 m=64 n=80 k=64: 1 x 3.64 us = 3.64 us (178.637 GFLOPS/s)
MUL_MAT_ADD MUL_MAT_VEC q6_K m=5120 n=5 k=17408: 1 x 158.23 us = 158.23 us (5632.71 GFLOPS/s)
MUL_MAT_ADD MUL_MAT_VEC q6_K m=5120 n=5 k=6144: 1 x 62.56 us = 62.56 us (5027.93 GFLOPS/s)
MUL_MAT_VEC q6_K m=1024 n=5 k=5120: 2 x 9.2 us = 18.4 us (5698.23 GFLOPS/s)
MUL_MAT_VEC q6_K m=12288 n=5 k=5120: 1 x 122.32 us = 122.32 us (5142.94 GFLOPS/s)
MUL_MAT_VEC q6_K m=17408 n=5 k=5120: 2 x 136.46 us = 272.92 us (6530.87 GFLOPS/s)
MUL_MAT_VEC q8_0 m=5120 n=5 k=10240: 1 x 105.64 us = 105.64 us (4962.73 GFLOPS/s)
RMS_NORM_MUL RMS_NORM(256,24,5,1): 1 x 3.8 us = 3.8 us
RMS_NORM_MUL RMS_NORM(256,4,5,1): 1 x 3.68 us = 3.68 us
RMS_NORM_MUL RMS_NORM(5120,5,1,1): 5 x 8.514 us = 42.57 us
ROPE: 2 x 3.66 us = 7.32 us
SET_ROWS: 2 x 2.66 us = 5.32 us
SIGMOID_MUL SIGMOID: 1 x 1.68 us = 1.68 us
Total time: 846.24 us.
----------------
Vulkan Timings:
CONCAT: 1 x 3.64 us = 3.64 us
CONT: 1 x 3.48 us = 3.48 us
FLASH_ATTN_EXT dst(256,24,1,1),  q(256,1,24,1),  k(256,256,4,1),  v(256,256,4,1),  m(256,1,1,1): 1 x 12.44 us = 12.44 us (505.744 GFLOPS/s)
GET_ROWS: 2 x 4.18 us = 8.36 us
GLU: 1 x 1.72 us = 1.72 us
MUL_MAT f32 m=256 n=24 k=256: 1 x 1.56 us = 1.56 us (2012.55 GFLOPS/s)
MUL_MAT f32 m=64 n=16 k=64: 1 x 1.8 us = 1.8 us (72.2489 GFLOPS/s)
MUL_MAT f32 m=64 n=96 k=64: 1 x 3.2 us = 3.2 us (243.84 GFLOPS/s)
MUL_MAT_ADD MUL_MAT_VEC q6_K m=5120 n=1 k=17408: 1 x 131.4 us = 131.4 us (1356.57 GFLOPS/s)
MUL_MAT_ADD MUL_MAT_VEC q6_K m=5120 n=1 k=6144: 1 x 53.76 us = 53.76 us (1170.19 GFLOPS/s)
MUL_MAT_VEC f32 m=256 n=4 k=256: 1 x 3.04 us = 3.04 us (172.126 GFLOPS/s)
MUL_MAT_VEC q6_K m=1024 n=1 k=5120: 2 x 9.22 us = 18.44 us (1137.17 GFLOPS/s)
MUL_MAT_VEC q6_K m=12288 n=1 k=5120: 1 x 90.48 us = 90.48 us (1390.55 GFLOPS/s)
MUL_MAT_VEC q6_K m=17408 n=1 k=5120: 2 x 118.12 us = 236.24 us (1508.98 GFLOPS/s)
MUL_MAT_VEC q6_K m=98304 n=1 k=5120: 1 x 673.88 us = 673.88 us (1493.64 GFLOPS/s)
MUL_MAT_VEC q8_0 m=5120 n=1 k=10240: 1 x 91.6 us = 91.6 us (1144.68 GFLOPS/s)
PAD: 1 x 6.32 us = 6.32 us
RMS_NORM_MUL RMS_NORM(256,24,1,1): 1 x 3.2 us = 3.2 us
RMS_NORM_MUL RMS_NORM(256,4,1,1): 1 x 4.88 us = 4.88 us
RMS_NORM_MUL RMS_NORM(5120,1,1,1): 5 x 4.232 us = 21.16 us
ROPE: 2 x 3.34 us = 6.68 us
SET_ROWS: 2 x 2.6 us = 5.2 us
SIGMOID_MUL SIGMOID: 1 x 1.52 us = 1.52 us
TOP_K K=10 (98304,1,1,1): 1 x 9.24 us = 9.24 us
Total time: 1393.24 us.
----------------
Vulkan Timings:
CONCAT: 1 x 3.72 us = 3.72 us
CONT: 1 x 3.64 us = 3.64 us
FLASH_ATTN_EXT dst(256,24,1,1),  q(256,1,24,1),  k(256,256,4,1),  v(256,256,4,1),  m(256,1,1,1): 1 x 13.04 us = 13.04 us (482.474 GFLOPS/s)
GET_ROWS: 2 x 4.16 us = 8.32 us
GLU: 1 x 1.8 us = 1.8 us
MUL_MAT f32 m=256 n=24 k=256: 1 x 1.64 us = 1.64 us (1914.38 GFLOPS/s)
MUL_MAT f32 m=64 n=16 k=64: 1 x 3.6 us = 3.6 us (36.1244 GFLOPS/s)
MUL_MAT f32 m=64 n=96 k=64: 1 x 3.6 us = 3.6 us (216.747 GFLOPS/s)
MUL_MAT_ADD MUL_MAT_VEC q6_K m=5120 n=1 k=17408: 1 x 123.64 us = 123.64 us (1441.71 GFLOPS/s)
MUL_MAT_ADD MUL_MAT_VEC q6_K m=5120 n=1 k=6144: 1 x 54.2 us = 54.2 us (1160.69 GFLOPS/s)
MUL_MAT_VEC f32 m=256 n=4 k=256: 1 x 3 us = 3 us (174.421 GFLOPS/s)
MUL_MAT_VEC q6_K m=1024 n=1 k=5120: 2 x 9.22 us = 18.44 us (1137.17 GFLOPS/s)
MUL_MAT_VEC q6_K m=12288 n=1 k=5120: 1 x 85.44 us = 85.44 us (1472.58 GFLOPS/s)
MUL_MAT_VEC q6_K m=17408 n=1 k=5120: 2 x 121.24 us = 242.48 us (1470.15 GFLOPS/s)
MUL_MAT_VEC q6_K m=98304 n=1 k=5120: 1 x 676.44 us = 676.44 us (1487.99 GFLOPS/s)
MUL_MAT_VEC q8_0 m=5120 n=1 k=10240: 1 x 100.84 us = 100.84 us (1039.79 GFLOPS/s)
PAD: 1 x 6.36 us = 6.36 us
RMS_NORM_MUL RMS_NORM(256,24,1,1): 1 x 3.6 us = 3.6 us
RMS_NORM_MUL RMS_NORM(256,4,1,1): 1 x 3.6 us = 3.6 us
RMS_NORM_MUL RMS_NORM(5120,1,1,1): 5 x 3.736 us = 18.68 us
ROPE: 2 x 3.58 us = 7.16 us
SET_ROWS: 2 x 2.62 us = 5.24 us
SIGMOID_MUL SIGMOID: 1 x 1.72 us = 1.72 us
TOP_K K=10 (98304,1,1,1): 1 x 8.64 us = 8.64 us
Total time: 1398.84 us.
----------------
Vulkan Timings:
CONCAT: 1 x 3.76 us = 3.76 us
CONT: 1 x 3.6 us = 3.6 us
FLASH_ATTN_EXT dst(256,24,1,1),  q(256,1,24,1),  k(256,256,4,1),  v(256,256,4,1),  m(256,1,1,1): 1 x 12.88 us = 12.88 us (488.467 GFLOPS/s)
GET_ROWS: 2 x 4.16 us = 8.32 us
GLU: 1 x 1.8 us = 1.8 us
MUL_MAT f32 m=256 n=24 k=256: 1 x 1.68 us = 1.68 us (1868.8 GFLOPS/s)
MUL_MAT f32 m=64 n=16 k=64: 1 x 3.56 us = 3.56 us (36.5303 GFLOPS/s)
MUL_MAT f32 m=64 n=96 k=64: 1 x 3.6 us = 3.6 us (216.747 GFLOPS/s)
MUL_MAT_ADD MUL_MAT_VEC q6_K m=5120 n=1 k=17408: 1 x 123 us = 123 us (1449.21 GFLOPS/s)
MUL_MAT_ADD MUL_MAT_VEC q6_K m=5120 n=1 k=6144: 1 x 53.56 us = 53.56 us (1174.56 GFLOPS/s)
MUL_MAT_VEC f32 m=256 n=4 k=256: 1 x 3.04 us = 3.04 us (172.126 GFLOPS/s)
MUL_MAT_VEC q6_K m=1024 n=1 k=5120: 2 x 9.26 us = 18.52 us (1132.26 GFLOPS/s)
MUL_MAT_VEC q6_K m=12288 n=1 k=5120: 1 x 85.88 us = 85.88 us (1465.03 GFLOPS/s)
MUL_MAT_VEC q6_K m=17408 n=1 k=5120: 2 x 121.52 us = 243.04 us (1466.76 GFLOPS/s)
MUL_MAT_VEC q6_K m=98304 n=1 k=5120: 1 x 674.2 us = 674.2 us (1492.93 GFLOPS/s)
MUL_MAT_VEC q8_0 m=5120 n=1 k=10240: 1 x 101.32 us = 101.32 us (1034.86 GFLOPS/s)
PAD: 1 x 6.32 us = 6.32 us
RMS_NORM_MUL RMS_NORM(256,24,1,1): 1 x 3.56 us = 3.56 us
RMS_NORM_MUL RMS_NORM(256,4,1,1): 1 x 3.6 us = 3.6 us
RMS_NORM_MUL RMS_NORM(5120,1,1,1): 5 x 3.672 us = 18.36 us
ROPE: 2 x 3.56 us = 7.12 us
SET_ROWS: 2 x 2.68 us = 5.36 us
SIGMOID_MUL SIGMOID: 1 x 1.64 us = 1.64 us
TOP_K K=10 (98304,1,1,1): 1 x 9.12 us = 9.12 us
Total time: 1396.84 us.
----------------
Vulkan Timings:
CONCAT: 1 x 3.72 us = 3.72 us
CONT: 1 x 3.6 us = 3.6 us
FLASH_ATTN_EXT dst(256,24,1,1),  q(256,1,24,1),  k(256,256,4,1),  v(256,256,4,1),  m(256,1,1,1): 1 x 12.88 us = 12.88 us (488.467 GFLOPS/s)
GET_ROWS: 2 x 4.3 us = 8.6 us
GLU: 1 x 1.72 us = 1.72 us
MUL_MAT f32 m=256 n=24 k=256: 1 x 1.6 us = 1.6 us (1962.24 GFLOPS/s)
MUL_MAT f32 m=64 n=16 k=64: 1 x 3.64 us = 3.64 us (35.7275 GFLOPS/s)
MUL_MAT f32 m=64 n=96 k=64: 1 x 3.56 us = 3.56 us (219.182 GFLOPS/s)
MUL_MAT_ADD MUL_MAT_VEC q6_K m=5120 n=1 k=17408: 1 x 123.6 us = 123.6 us (1442.17 GFLOPS/s)
MUL_MAT_ADD MUL_MAT_VEC q6_K m=5120 n=1 k=6144: 1 x 54.16 us = 54.16 us (1161.55 GFLOPS/s)
MUL_MAT_VEC f32 m=256 n=4 k=256: 1 x 3 us = 3 us (174.421 GFLOPS/s)
MUL_MAT_VEC q6_K m=1024 n=1 k=5120: 2 x 9.24 us = 18.48 us (1134.71 GFLOPS/s)
MUL_MAT_VEC q6_K m=12288 n=1 k=5120: 1 x 85.48 us = 85.48 us (1471.89 GFLOPS/s)
MUL_MAT_VEC q6_K m=17408 n=1 k=5120: 2 x 121.12 us = 242.24 us (1471.6 GFLOPS/s)
MUL_MAT_VEC q6_K m=98304 n=1 k=5120: 1 x 676.99 us = 676.99 us (1486.78 GFLOPS/s)
MUL_MAT_VEC q8_0 m=5120 n=1 k=10240: 1 x 101.52 us = 101.52 us (1032.83 GFLOPS/s)
PAD: 1 x 6.32 us = 6.32 us
RMS_NORM_MUL RMS_NORM(256,24,1,1): 1 x 3.64 us = 3.64 us
RMS_NORM_MUL RMS_NORM(256,4,1,1): 1 x 3.56 us = 3.56 us
RMS_NORM_MUL RMS_NORM(5120,1,1,1): 5 x 3.672 us = 18.36 us
ROPE: 2 x 3.58 us = 7.16 us
SET_ROWS: 2 x 2.6 us = 5.2 us
SIGMOID_MUL SIGMOID: 1 x 1.68 us = 1.68 us
TOP_K K=10 (98304,1,1,1): 1 x 8.8 us = 8.8 us
Total time: 1399.51 us.
----------------
Vulkan Timings:
ADD: 48 x 3.736 us = 179.36 us
CONCAT: 48 x 2.522 us = 121.08 us
CONT: 16 x 3.807 us = 60.92 us
CPY: 240 x 2.201 us = 528.24 us
FLASH_ATTN_EXT dst(256,24,5,1),  q(256,5,24,1),  k(256,256,4,1),  v(256,256,4,1),  m(256,5,1,1): 16 x 21.055 us = 336.88 us (1494.05 GFLOPS/s)
GDN_CACHE GATED_DELTA_NET: 48 x 13.944 us = 669.32 us
GET_ROWS: 50 x 24.657 us = 1232.88 us
GLU: 64 x 2.916 us = 186.68 us
MUL_MAT f32 m=256 n=120 k=256: 16 x 1.86 us = 29.76 us (8439.74 GFLOPS/s)
MUL_MAT f32 m=256 n=20 k=256: 16 x 2.792 us = 44.68 us (936.91 GFLOPS/s)
MUL_MAT f32 m=64 n=480 k=64: 16 x 3.605 us = 57.68 us (1082.23 GFLOPS/s)
MUL_MAT f32 m=64 n=80 k=64: 16 x 3.265 us = 52.24 us (199.155 GFLOPS/s)
MUL_MAT_ADD MUL_MAT_VEC q6_K m=5120 n=5 k=17408: 64 x 130.438 us = 8348.08 us (6832.82 GFLOPS/s)
MUL_MAT_ADD MUL_MAT_VEC q6_K m=5120 n=5 k=6144: 16 x 55.07 us = 881.12 us (5711.77 GFLOPS/s)
MUL_MAT_VEC f32 m=48 n=5 k=5120: 96 x 3.444 us = 330.64 us (713.485 GFLOPS/s)
MUL_MAT_VEC q6_K m=1024 n=5 k=5120: 32 x 11.04 us = 353.28 us (4748.52 GFLOPS/s)
MUL_MAT_VEC q6_K m=10240 n=5 k=5120: 48 x 81.85 us = 3928.8 us (6404.85 GFLOPS/s)
MUL_MAT_VEC q6_K m=12288 n=5 k=5120: 16 x 94.867 us = 1517.88 us (6631.19 GFLOPS/s)
MUL_MAT_VEC q6_K m=17408 n=5 k=5120: 128 x 140.911 us = 18036.7 us (6324.55 GFLOPS/s)
MUL_MAT_VEC q6_K m=248320 n=5 k=5120: 1 x 1766.84 us = 1766.84 us (7195.19 GFLOPS/s)
MUL_MAT_VEC q6_K m=6144 n=5 k=5120: 48 x 53.301 us = 2558.48 us (5901.17 GFLOPS/s)
MUL_MAT_VEC q8_0 m=5120 n=5 k=6144: 48 x 62.989 us = 3023.48 us (4993.67 GFLOPS/s)
RMS_NORM_MUL RMS_NORM(256,24,5,1): 16 x 3.707 us = 59.32 us
RMS_NORM_MUL RMS_NORM(256,4,5,1): 16 x 4.377 us = 70.04 us
RMS_NORM_MUL RMS_NORM(5120,5,1,1): 129 x 4.504 us = 581.04 us
RMS_NORM_MUL_SILU_MUL RMS_NORM(128,48,5,1): 48 x 5.624 us = 269.96 us
RMS_NORM_SCALE RMS_NORM(128,16,5,1): 96 x 2.655 us = 254.96 us
ROPE: 32 x 3.825 us = 122.4 us
SET_ROWS: 32 x 2.946 us = 94.28 us
SIGMOID_MUL SIGMOID: 16 x 3.665 us = 58.64 us
SSM_CONV_SILU SSM_CONV: 48 x 5.665 us = 271.92 us
Total time: 46027.6 us.
----------------
Vulkan Timings:
CONCAT: 1 x 3.96 us = 3.96 us
CONT: 1 x 3.64 us = 3.64 us
FLASH_ATTN_EXT dst(256,24,5,1),  q(256,5,24,1),  k(256,256,4,1),  v(256,256,4,1),  m(256,5,1,1): 1 x 20.64 us = 20.64 us (1524.09 GFLOPS/s)
GLU: 1 x 1.56 us = 1.56 us
MUL_MAT f32 m=256 n=120 k=256: 1 x 1.68 us = 1.68 us (9344 GFLOPS/s)
MUL_MAT f32 m=256 n=20 k=256: 1 x 3.04 us = 3.04 us (860.632 GFLOPS/s)
MUL_MAT f32 m=64 n=480 k=64: 1 x 3.68 us = 3.68 us (1060.17 GFLOPS/s)
MUL_MAT f32 m=64 n=80 k=64: 1 x 3.6 us = 3.6 us (180.622 GFLOPS/s)
MUL_MAT_ADD MUL_MAT_VEC q6_K m=5120 n=5 k=17408: 1 x 158.61 us = 158.61 us (5619.22 GFLOPS/s)
MUL_MAT_ADD MUL_MAT_VEC q6_K m=5120 n=5 k=6144: 1 x 60.92 us = 60.92 us (5163.28 GFLOPS/s)
MUL_MAT_VEC q6_K m=1024 n=5 k=5120: 2 x 9.16 us = 18.32 us (5723.11 GFLOPS/s)
MUL_MAT_VEC q6_K m=12288 n=5 k=5120: 1 x 127.1 us = 127.1 us (4949.52 GFLOPS/s)
MUL_MAT_VEC q6_K m=17408 n=5 k=5120: 2 x 136.02 us = 272.04 us (6552 GFLOPS/s)
MUL_MAT_VEC q8_0 m=5120 n=5 k=10240: 1 x 104.8 us = 104.8 us (5002.5 GFLOPS/s)
RMS_NORM_MUL RMS_NORM(256,24,5,1): 1 x 3.76 us = 3.76 us
RMS_NORM_MUL RMS_NORM(256,4,5,1): 1 x 3.6 us = 3.6 us
RMS_NORM_MUL RMS_NORM(5120,5,1,1): 5 x 8.672 us = 43.36 us
ROPE: 2 x 3.62 us = 7.24 us
SET_ROWS: 2 x 2.66 us = 5.32 us
SIGMOID_MUL SIGMOID: 1 x 1.72 us = 1.72 us
Total time: 848.59 us.
----------------
Vulkan Timings:
CONCAT: 1 x 3.6 us = 3.6 us
CONT: 1 x 3.56 us = 3.56 us
FLASH_ATTN_EXT dst(256,24,1,1),  q(256,1,24,1),  k(256,256,4,1),  v(256,256,4,1),  m(256,1,1,1): 1 x 12.48 us = 12.48 us (504.123 GFLOPS/s)
GET_ROWS: 2 x 5.94 us = 11.88 us
GLU: 1 x 1.6 us = 1.6 us
MUL_MAT f32 m=256 n=24 k=256: 1 x 1.48 us = 1.48 us (2121.34 GFLOPS/s)
MUL_MAT f32 m=64 n=16 k=64: 1 x 3.28 us = 3.28 us (39.6488 GFLOPS/s)
MUL_MAT f32 m=64 n=96 k=64: 1 x 3.24 us = 3.24 us (240.83 GFLOPS/s)
MUL_MAT_ADD MUL_MAT_VEC q6_K m=5120 n=1 k=17408: 1 x 130.96 us = 130.96 us (1361.12 GFLOPS/s)
MUL_MAT_ADD MUL_MAT_VEC q6_K m=5120 n=1 k=6144: 1 x 55.6 us = 55.6 us (1131.46 GFLOPS/s)
MUL_MAT_VEC f32 m=256 n=4 k=256: 1 x 3.04 us = 3.04 us (172.126 GFLOPS/s)
MUL_MAT_VEC q6_K m=1024 n=1 k=5120: 2 x 9.3 us = 18.6 us (1127.39 GFLOPS/s)
MUL_MAT_VEC q6_K m=12288 n=1 k=5120: 1 x 90.12 us = 90.12 us (1396.1 GFLOPS/s)
MUL_MAT_VEC q6_K m=17408 n=1 k=5120: 2 x 118.08 us = 236.16 us (1509.49 GFLOPS/s)
MUL_MAT_VEC q6_K m=98304 n=1 k=5120: 1 x 682.86 us = 682.86 us (1474 GFLOPS/s)
MUL_MAT_VEC q8_0 m=5120 n=1 k=10240: 1 x 91.4 us = 91.4 us (1147.18 GFLOPS/s)
PAD: 1 x 6.36 us = 6.36 us
RMS_NORM_MUL RMS_NORM(256,24,1,1): 1 x 3.24 us = 3.24 us
RMS_NORM_MUL RMS_NORM(256,4,1,1): 1 x 3.44 us = 3.44 us
RMS_NORM_MUL RMS_NORM(5120,1,1,1): 5 x 4.216 us = 21.08 us
ROPE: 2 x 3.32 us = 6.64 us
SET_ROWS: 2 x 2.62 us = 5.24 us
SIGMOID_MUL SIGMOID: 1 x 1.84 us = 1.84 us
TOP_K K=10 (98304,1,1,1): 1 x 9.36 us = 9.36 us
Total time: 1407.06 us.
----------------
Vulkan Timings:
CONCAT: 1 x 3.76 us = 3.76 us
CONT: 1 x 3.64 us = 3.64 us
FLASH_ATTN_EXT dst(256,24,1,1),  q(256,1,24,1),  k(256,256,4,1),  v(256,256,4,1),  m(256,1,1,1): 1 x 12.8 us = 12.8 us (491.52 GFLOPS/s)
GET_ROWS: 2 x 4.42 us = 8.84 us
GLU: 1 x 1.88 us = 1.88 us
MUL_MAT f32 m=256 n=24 k=256: 1 x 1.64 us = 1.64 us (1914.38 GFLOPS/s)
MUL_MAT f32 m=64 n=16 k=64: 1 x 3.64 us = 3.64 us (35.7275 GFLOPS/s)
MUL_MAT f32 m=64 n=96 k=64: 1 x 3.6 us = 3.6 us (216.747 GFLOPS/s)
MUL_MAT_ADD MUL_MAT_VEC q6_K m=5120 n=1 k=17408: 1 x 124 us = 124 us (1437.52 GFLOPS/s)
MUL_MAT_ADD MUL_MAT_VEC q6_K m=5120 n=1 k=6144: 1 x 54.56 us = 54.56 us (1153.03 GFLOPS/s)
MUL_MAT_VEC f32 m=256 n=4 k=256: 1 x 3.04 us = 3.04 us (172.126 GFLOPS/s)
MUL_MAT_VEC q6_K m=1024 n=1 k=5120: 2 x 8.36 us = 16.72 us (1254.16 GFLOPS/s)
MUL_MAT_VEC q6_K m=12288 n=1 k=5120: 1 x 85.92 us = 85.92 us (1464.35 GFLOPS/s)
MUL_MAT_VEC q6_K m=17408 n=1 k=5120: 2 x 121.34 us = 242.68 us (1468.93 GFLOPS/s)
MUL_MAT_VEC q6_K m=98304 n=1 k=5120: 1 x 682.91 us = 682.91 us (1473.89 GFLOPS/s)
MUL_MAT_VEC q8_0 m=5120 n=1 k=10240: 1 x 101.44 us = 101.44 us (1033.64 GFLOPS/s)
PAD: 1 x 6.36 us = 6.36 us
RMS_NORM_MUL RMS_NORM(256,24,1,1): 1 x 5.4 us = 5.4 us
RMS_NORM_MUL RMS_NORM(256,4,1,1): 1 x 3.56 us = 3.56 us
RMS_NORM_MUL RMS_NORM(5120,1,1,1): 5 x 3.728 us = 18.64 us
ROPE: 2 x 3.58 us = 7.16 us
SET_ROWS: 2 x 2.64 us = 5.28 us
SIGMOID_MUL SIGMOID: 1 x 1.64 us = 1.64 us
TOP_K K=10 (98304,1,1,1): 1 x 9.08 us = 9.08 us
Total time: 1408.19 us.
----------------
Vulkan Timings:
CONCAT: 1 x 3.72 us = 3.72 us
CONT: 1 x 3.6 us = 3.6 us
FLASH_ATTN_EXT dst(256,24,1,1),  q(256,1,24,1),  k(256,256,4,1),  v(256,256,4,1),  m(256,1,1,1): 1 x 12.76 us = 12.76 us (493.061 GFLOPS/s)
GET_ROWS: 2 x 6.1 us = 12.2 us
GLU: 1 x 1.76 us = 1.76 us
MUL_MAT f32 m=256 n=24 k=256: 1 x 1.64 us = 1.64 us (1914.38 GFLOPS/s)
MUL_MAT f32 m=64 n=16 k=64: 1 x 3.64 us = 3.64 us (35.7275 GFLOPS/s)
MUL_MAT f32 m=64 n=96 k=64: 1 x 3.64 us = 3.64 us (214.365 GFLOPS/s)
MUL_MAT_ADD MUL_MAT_VEC q6_K m=5120 n=1 k=17408: 1 x 122.84 us = 122.84 us (1451.1 GFLOPS/s)
MUL_MAT_ADD MUL_MAT_VEC q6_K m=5120 n=1 k=6144: 1 x 54.08 us = 54.08 us (1163.27 GFLOPS/s)
MUL_MAT_VEC f32 m=256 n=4 k=256: 1 x 3.04 us = 3.04 us (172.126 GFLOPS/s)
MUL_MAT_VEC q6_K m=1024 n=1 k=5120: 2 x 9.1 us = 18.2 us (1152.17 GFLOPS/s)
MUL_MAT_VEC q6_K m=12288 n=1 k=5120: 1 x 85.76 us = 85.76 us (1467.08 GFLOPS/s)
MUL_MAT_VEC q6_K m=17408 n=1 k=5120: 2 x 121.26 us = 242.52 us (1469.9 GFLOPS/s)
MUL_MAT_VEC q6_K m=98304 n=1 k=5120: 1 x 684.93 us = 684.93 us (1469.54 GFLOPS/s)
MUL_MAT_VEC q8_0 m=5120 n=1 k=10240: 1 x 101.04 us = 101.04 us (1037.73 GFLOPS/s)
PAD: 1 x 6.32 us = 6.32 us
RMS_NORM_MUL RMS_NORM(256,24,1,1): 1 x 3.64 us = 3.64 us
RMS_NORM_MUL RMS_NORM(256,4,1,1): 1 x 3.64 us = 3.64 us
RMS_NORM_MUL RMS_NORM(5120,1,1,1): 5 x 3.744 us = 18.72 us
ROPE: 2 x 3.56 us = 7.12 us
SET_ROWS: 2 x 2.64 us = 5.28 us
SIGMOID_MUL SIGMOID: 1 x 1.68 us = 1.68 us
TOP_K K=10 (98304,1,1,1): 1 x 9 us = 9 us
Total time: 1410.77 us.
----------------
Vulkan Timings:
CONCAT: 1 x 3.72 us = 3.72 us
CONT: 1 x 3.64 us = 3.64 us
FLASH_ATTN_EXT dst(256,24,1,1),  q(256,1,24,1),  k(256,256,4,1),  v(256,256,4,1),  m(256,1,1,1): 1 x 12.92 us = 12.92 us (486.955 GFLOPS/s)
GET_ROWS: 2 x 7.12 us = 14.24 us
GLU: 1 x 1.76 us = 1.76 us
MUL_MAT f32 m=256 n=24 k=256: 1 x 1.6 us = 1.6 us (1962.24 GFLOPS/s)
MUL_MAT f32 m=64 n=16 k=64: 1 x 3.6 us = 3.6 us (36.1244 GFLOPS/s)
MUL_MAT f32 m=64 n=96 k=64: 1 x 3.6 us = 3.6 us (216.747 GFLOPS/s)
MUL_MAT_ADD MUL_MAT_VEC q6_K m=5120 n=1 k=17408: 1 x 123.12 us = 123.12 us (1447.8 GFLOPS/s)
MUL_MAT_ADD MUL_MAT_VEC q6_K m=5120 n=1 k=6144: 1 x 54.04 us = 54.04 us (1164.13 GFLOPS/s)
MUL_MAT_VEC f32 m=256 n=4 k=256: 1 x 3.04 us = 3.04 us (172.126 GFLOPS/s)
MUL_MAT_VEC q6_K m=1024 n=1 k=5120: 2 x 9.08 us = 18.16 us (1154.71 GFLOPS/s)
MUL_MAT_VEC q6_K m=12288 n=1 k=5120: 1 x 85.52 us = 85.52 us (1471.2 GFLOPS/s)
MUL_MAT_VEC q6_K m=17408 n=1 k=5120: 2 x 121.1 us = 242.2 us (1471.85 GFLOPS/s)
MUL_MAT_VEC q6_K m=98304 n=1 k=5120: 1 x 682.03 us = 682.03 us (1475.79 GFLOPS/s)
MUL_MAT_VEC q8_0 m=5120 n=1 k=10240: 1 x 101.88 us = 101.88 us (1029.18 GFLOPS/s)
PAD: 1 x 6.32 us = 6.32 us
RMS_NORM_MUL RMS_NORM(256,24,1,1): 1 x 3.56 us = 3.56 us
RMS_NORM_MUL RMS_NORM(256,4,1,1): 1 x 3.56 us = 3.56 us
RMS_NORM_MUL RMS_NORM(5120,1,1,1): 5 x 3.704 us = 18.52 us
ROPE: 2 x 3.56 us = 7.12 us
SET_ROWS: 2 x 2.66 us = 5.32 us
SIGMOID_MUL SIGMOID: 1 x 1.96 us = 1.96 us
TOP_K K=10 (98304,1,1,1): 1 x 9.04 us = 9.04 us
Total time: 1410.47 us.
----------------
Vulkan Timings:
ADD: 48 x 3.705 us = 177.88 us
CONCAT: 48 x 2.381 us = 114.32 us
CONT: 16 x 3.807 us = 60.92 us
CPY: 240 x 2.218 us = 532.44 us
FLASH_ATTN_EXT dst(256,24,5,1),  q(256,5,24,1),  k(256,256,4,1),  v(256,256,4,1),  m(256,5,1,1): 16 x 20.947 us = 335.16 us (1501.72 GFLOPS/s)
GDN_CACHE GATED_DELTA_NET: 48 x 13.993 us = 671.68 us
GET_ROWS: 50 x 25.318 us = 1265.92 us
GLU: 64 x 2.996 us = 191.76 us
MUL_MAT f32 m=256 n=120 k=256: 16 x 1.797 us = 28.76 us (8733.2 GFLOPS/s)
MUL_MAT f32 m=256 n=20 k=256: 16 x 3.092 us = 49.48 us (846.021 GFLOPS/s)
MUL_MAT f32 m=64 n=480 k=64: 16 x 3.61 us = 57.76 us (1080.73 GFLOPS/s)
MUL_MAT f32 m=64 n=80 k=64: 16 x 3.257 us = 52.12 us (199.613 GFLOPS/s)
MUL_MAT_ADD MUL_MAT_VEC q6_K m=5120 n=5 k=17408: 64 x 130.496 us = 8351.8 us (6829.77 GFLOPS/s)
MUL_MAT_ADD MUL_MAT_VEC q6_K m=5120 n=5 k=6144: 16 x 55.275 us = 884.4 us (5690.59 GFLOPS/s)
MUL_MAT_VEC f32 m=48 n=5 k=5120: 96 x 3.435 us = 329.84 us (715.215 GFLOPS/s)
MUL_MAT_VEC q6_K m=1024 n=5 k=5120: 32 x 10.505 us = 336.16 us (4990.36 GFLOPS/s)
MUL_MAT_VEC q6_K m=10240 n=5 k=5120: 48 x 81.76 us = 3924.48 us (6411.9 GFLOPS/s)
MUL_MAT_VEC q6_K m=12288 n=5 k=5120: 16 x 95.957 us = 1535.32 us (6555.86 GFLOPS/s)
MUL_MAT_VEC q6_K m=17408 n=5 k=5120: 128 x 140.826 us = 18025.8 us (6328.37 GFLOPS/s)
MUL_MAT_VEC q6_K m=248320 n=5 k=5120: 1 x 1771.16 us = 1771.16 us (7177.64 GFLOPS/s)
MUL_MAT_VEC q6_K m=6144 n=5 k=5120: 48 x 53.36 us = 2561.32 us (5894.62 GFLOPS/s)
MUL_MAT_VEC q8_0 m=5120 n=5 k=6144: 48 x 62.859 us = 3017.24 us (5004 GFLOPS/s)
RMS_NORM_MUL RMS_NORM(256,24,5,1): 16 x 3.685 us = 58.96 us
RMS_NORM_MUL RMS_NORM(256,4,5,1): 16 x 4.375 us = 70 us
RMS_NORM_MUL RMS_NORM(5120,5,1,1): 129 x 4.485 us = 578.68 us
RMS_NORM_MUL_SILU_MUL RMS_NORM(128,48,5,1): 48 x 5.605 us = 269.04 us
RMS_NORM_SCALE RMS_NORM(128,16,5,1): 96 x 2.641 us = 253.56 us
ROPE: 32 x 3.818 us = 122.2 us
SET_ROWS: 32 x 2.881 us = 92.2 us
SIGMOID_MUL SIGMOID: 16 x 3.665 us = 58.64 us
SSM_CONV_SILU SSM_CONV: 48 x 5.7 us = 273.6 us
Total time: 46052.6 us.
----------------
Vulkan Timings:
CONCAT: 1 x 4.04 us = 4.04 us
CONT: 1 x 3.6 us = 3.6 us
FLASH_ATTN_EXT dst(256,24,5,1),  q(256,5,24,1),  k(256,256,4,1),  v(256,256,4,1),  m(256,5,1,1): 1 x 20.96 us = 20.96 us (1500.82 GFLOPS/s)
GLU: 1 x 1.72 us = 1.72 us
MUL_MAT f32 m=256 n=120 k=256: 1 x 1.72 us = 1.72 us (9126.7 GFLOPS/s)
MUL_MAT f32 m=256 n=20 k=256: 1 x 3.04 us = 3.04 us (860.632 GFLOPS/s)
MUL_MAT f32 m=64 n=480 k=64: 1 x 3.64 us = 3.64 us (1071.82 GFLOPS/s)
MUL_MAT f32 m=64 n=80 k=64: 1 x 3.64 us = 3.64 us (178.637 GFLOPS/s)
MUL_MAT_ADD MUL_MAT_VEC q6_K m=5120 n=5 k=17408: 1 x 154.34 us = 154.34 us (5774.68 GFLOPS/s)
MUL_MAT_ADD MUL_MAT_VEC q6_K m=5120 n=5 k=6144: 1 x 62.12 us = 62.12 us (5063.54 GFLOPS/s)
MUL_MAT_VEC q6_K m=1024 n=5 k=5120: 2 x 9.32 us = 18.64 us (5624.86 GFLOPS/s)
MUL_MAT_VEC q6_K m=12288 n=5 k=5120: 1 x 112.52 us = 112.52 us (5590.87 GFLOPS/s)
MUL_MAT_VEC q6_K m=17408 n=5 k=5120: 2 x 135.7 us = 271.4 us (6567.45 GFLOPS/s)
MUL_MAT_VEC q8_0 m=5120 n=5 k=10240: 1 x 122.96 us = 122.96 us (4263.68 GFLOPS/s)
RMS_NORM_MUL RMS_NORM(256,24,5,1): 1 x 3.76 us = 3.76 us
RMS_NORM_MUL RMS_NORM(256,4,5,1): 1 x 3.6 us = 3.6 us
RMS_NORM_MUL RMS_NORM(5120,5,1,1): 5 x 8.334 us = 41.67 us
ROPE: 2 x 3.62 us = 7.24 us
SET_ROWS: 2 x 2.66 us = 5.32 us
SIGMOID_MUL SIGMOID: 1 x 1.68 us = 1.68 us
Total time: 847.61 us.
----------------
Vulkan Timings:
CONCAT: 1 x 3.64 us = 3.64 us
CONT: 1 x 3.52 us = 3.52 us
FLASH_ATTN_EXT dst(256,24,1,1),  q(256,1,24,1),  k(256,256,4,1),  v(256,256,4,1),  m(256,1,1,1): 1 x 12.72 us = 12.72 us (494.611 GFLOPS/s)
GET_ROWS: 2 x 4.34 us = 8.68 us
GLU: 1 x 1.6 us = 1.6 us
MUL_MAT f32 m=256 n=24 k=256: 1 x 1.56 us = 1.56 us (2012.55 GFLOPS/s)
MUL_MAT f32 m=64 n=16 k=64: 1 x 1.8 us = 1.8 us (72.2489 GFLOPS/s)
MUL_MAT f32 m=64 n=96 k=64: 1 x 3.16 us = 3.16 us (246.927 GFLOPS/s)
MUL_MAT_ADD MUL_MAT_VEC q6_K m=5120 n=1 k=17408: 1 x 129.84 us = 129.84 us (1372.87 GFLOPS/s)
MUL_MAT_ADD MUL_MAT_VEC q6_K m=5120 n=1 k=6144: 1 x 53.4 us = 53.4 us (1178.08 GFLOPS/s)
MUL_MAT_VEC f32 m=256 n=4 k=256: 1 x 3.04 us = 3.04 us (172.126 GFLOPS/s)
MUL_MAT_VEC q6_K m=1024 n=1 k=5120: 2 x 9.22 us = 18.44 us (1137.17 GFLOPS/s)
MUL_MAT_VEC q6_K m=12288 n=1 k=5120: 1 x 90.16 us = 90.16 us (1395.48 GFLOPS/s)
MUL_MAT_VEC q6_K m=17408 n=1 k=5120: 2 x 118.28 us = 236.56 us (1506.94 GFLOPS/s)
MUL_MAT_VEC q6_K m=98304 n=1 k=5120: 1 x 674.22 us = 674.22 us (1492.89 GFLOPS/s)
MUL_MAT_VEC q8_0 m=5120 n=1 k=10240: 1 x 92.92 us = 92.92 us (1128.42 GFLOPS/s)
PAD: 1 x 6.36 us = 6.36 us
RMS_NORM_MUL RMS_NORM(256,24,1,1): 1 x 3.2 us = 3.2 us
RMS_NORM_MUL RMS_NORM(256,4,1,1): 1 x 4.84 us = 4.84 us
RMS_NORM_MUL RMS_NORM(5120,1,1,1): 5 x 4.056 us = 20.28 us
ROPE: 2 x 3.3 us = 6.6 us
SET_ROWS: 2 x 2.6 us = 5.2 us
SIGMOID_MUL SIGMOID: 1 x 1.56 us = 1.56 us
TOP_K K=10 (98304,1,1,1): 1 x 8.76 us = 8.76 us
Total time: 1392.06 us.
----------------
Vulkan Timings:
CONCAT: 1 x 3.76 us = 3.76 us
CONT: 1 x 3.6 us = 3.6 us
FLASH_ATTN_EXT dst(256,24,1,1),  q(256,1,24,1),  k(256,256,4,1),  v(256,256,4,1),  m(256,1,1,1): 1 x 12.88 us = 12.88 us (488.467 GFLOPS/s)
GET_ROWS: 2 x 4.3 us = 8.6 us
GLU: 1 x 1.8 us = 1.8 us
MUL_MAT f32 m=256 n=24 k=256: 1 x 1.6 us = 1.6 us (1962.24 GFLOPS/s)
MUL_MAT f32 m=64 n=16 k=64: 1 x 3.6 us = 3.6 us (36.1244 GFLOPS/s)
MUL_MAT f32 m=64 n=96 k=64: 1 x 3.6 us = 3.6 us (216.747 GFLOPS/s)
MUL_MAT_ADD MUL_MAT_VEC q6_K m=5120 n=1 k=17408: 1 x 123.24 us = 123.24 us (1446.39 GFLOPS/s)
MUL_MAT_ADD MUL_MAT_VEC q6_K m=5120 n=1 k=6144: 1 x 54.08 us = 54.08 us (1163.27 GFLOPS/s)
MUL_MAT_VEC f32 m=256 n=4 k=256: 1 x 3.04 us = 3.04 us (172.126 GFLOPS/s)
MUL_MAT_VEC q6_K m=1024 n=1 k=5120: 2 x 9.04 us = 18.08 us (1159.82 GFLOPS/s)
MUL_MAT_VEC q6_K m=12288 n=1 k=5120: 1 x 85.36 us = 85.36 us (1473.96 GFLOPS/s)
MUL_MAT_VEC q6_K m=17408 n=1 k=5120: 2 x 121.74 us = 243.48 us (1464.11 GFLOPS/s)
MUL_MAT_VEC q6_K m=98304 n=1 k=5120: 1 x 672.81 us = 672.81 us (1496.02 GFLOPS/s)
MUL_MAT_VEC q8_0 m=5120 n=1 k=10240: 1 x 101.76 us = 101.76 us (1030.39 GFLOPS/s)
PAD: 1 x 6.32 us = 6.32 us
RMS_NORM_MUL RMS_NORM(256,24,1,1): 1 x 3.64 us = 3.64 us
RMS_NORM_MUL RMS_NORM(256,4,1,1): 1 x 3.64 us = 3.64 us
RMS_NORM_MUL RMS_NORM(5120,1,1,1): 5 x 3.736 us = 18.68 us
ROPE: 2 x 3.58 us = 7.16 us
SET_ROWS: 2 x 2.66 us = 5.32 us
SIGMOID_MUL SIGMOID: 1 x 1.64 us = 1.64 us
TOP_K K=10 (98304,1,1,1): 1 x 8.56 us = 8.56 us
Total time: 1396.25 us.
----------------
Vulkan Timings:
CONCAT: 1 x 3.72 us = 3.72 us
CONT: 1 x 3.64 us = 3.64 us
FLASH_ATTN_EXT dst(256,24,1,1),  q(256,1,24,1),  k(256,256,4,1),  v(256,256,4,1),  m(256,1,1,1): 1 x 12.88 us = 12.88 us (488.467 GFLOPS/s)
GET_ROWS: 2 x 4.18 us = 8.36 us
GLU: 1 x 1.72 us = 1.72 us
MUL_MAT f32 m=256 n=24 k=256: 1 x 1.6 us = 1.6 us (1962.24 GFLOPS/s)
MUL_MAT f32 m=64 n=16 k=64: 1 x 3.6 us = 3.6 us (36.1244 GFLOPS/s)
MUL_MAT f32 m=64 n=96 k=64: 1 x 3.64 us = 3.64 us (214.365 GFLOPS/s)
MUL_MAT_ADD MUL_MAT_VEC q6_K m=5120 n=1 k=17408: 1 x 123.48 us = 123.48 us (1443.58 GFLOPS/s)
MUL_MAT_ADD MUL_MAT_VEC q6_K m=5120 n=1 k=6144: 1 x 54.2 us = 54.2 us (1160.69 GFLOPS/s)
MUL_MAT_VEC f32 m=256 n=4 k=256: 1 x 3.04 us = 3.04 us (172.126 GFLOPS/s)
MUL_MAT_VEC q6_K m=1024 n=1 k=5120: 2 x 9.14 us = 18.28 us (1147.13 GFLOPS/s)
MUL_MAT_VEC q6_K m=12288 n=1 k=5120: 1 x 86.16 us = 86.16 us (1460.27 GFLOPS/s)
MUL_MAT_VEC q6_K m=17408 n=1 k=5120: 2 x 121.5 us = 243 us (1467 GFLOPS/s)
MUL_MAT_VEC q6_K m=98304 n=1 k=5120: 1 x 672.98 us = 672.98 us (1495.64 GFLOPS/s)
MUL_MAT_VEC q8_0 m=5120 n=1 k=10240: 1 x 101.08 us = 101.08 us (1037.32 GFLOPS/s)
PAD: 1 x 6.24 us = 6.24 us
RMS_NORM_MUL RMS_NORM(256,24,1,1): 1 x 3.56 us = 3.56 us
RMS_NORM_MUL RMS_NORM(256,4,1,1): 1 x 3.6 us = 3.6 us
RMS_NORM_MUL RMS_NORM(5120,1,1,1): 5 x 3.712 us = 18.56 us
ROPE: 2 x 3.58 us = 7.16 us
SET_ROWS: 2 x 2.62 us = 5.24 us
SIGMOID_MUL SIGMOID: 1 x 1.68 us = 1.68 us
TOP_K K=10 (98304,1,1,1): 1 x 9.08 us = 9.08 us
Total time: 1396.5 us.
----------------
Vulkan Timings:
CONCAT: 1 x 3.72 us = 3.72 us
CONT: 1 x 3.6 us = 3.6 us
FLASH_ATTN_EXT dst(256,24,1,1),  q(256,1,24,1),  k(256,256,4,1),  v(256,256,4,1),  m(256,1,1,1): 1 x 12.8 us = 12.8 us (491.52 GFLOPS/s)
GET_ROWS: 2 x 4.16 us = 8.32 us
GLU: 1 x 1.8 us = 1.8 us
MUL_MAT f32 m=256 n=24 k=256: 1 x 1.68 us = 1.68 us (1868.8 GFLOPS/s)
MUL_MAT f32 m=64 n=16 k=64: 1 x 3.64 us = 3.64 us (35.7275 GFLOPS/s)
MUL_MAT f32 m=64 n=96 k=64: 1 x 3.6 us = 3.6 us (216.747 GFLOPS/s)
MUL_MAT_ADD MUL_MAT_VEC q6_K m=5120 n=1 k=17408: 1 x 122.6 us = 122.6 us (1453.94 GFLOPS/s)
MUL_MAT_ADD MUL_MAT_VEC q6_K m=5120 n=1 k=6144: 1 x 54.08 us = 54.08 us (1163.27 GFLOPS/s)
MUL_MAT_VEC f32 m=256 n=4 k=256: 1 x 3.04 us = 3.04 us (172.126 GFLOPS/s)
MUL_MAT_VEC q6_K m=1024 n=1 k=5120: 2 x 9.08 us = 18.16 us (1154.71 GFLOPS/s)
MUL_MAT_VEC q6_K m=12288 n=1 k=5120: 1 x 85.48 us = 85.48 us (1471.89 GFLOPS/s)
MUL_MAT_VEC q6_K m=17408 n=1 k=5120: 2 x 121.2 us = 242.4 us (1470.63 GFLOPS/s)
MUL_MAT_VEC q6_K m=98304 n=1 k=5120: 1 x 674.12 us = 674.12 us (1493.11 GFLOPS/s)
MUL_MAT_VEC q8_0 m=5120 n=1 k=10240: 1 x 100.84 us = 100.84 us (1039.79 GFLOPS/s)
PAD: 1 x 6.28 us = 6.28 us
RMS_NORM_MUL RMS_NORM(256,24,1,1): 1 x 3.6 us = 3.6 us
RMS_NORM_MUL RMS_NORM(256,4,1,1): 1 x 3.6 us = 3.6 us
RMS_NORM_MUL RMS_NORM(5120,1,1,1): 5 x 3.768 us = 18.84 us
ROPE: 2 x 3.6 us = 7.2 us
SET_ROWS: 2 x 2.64 us = 5.28 us
SIGMOID_MUL SIGMOID: 1 x 1.68 us = 1.68 us
TOP_K K=10 (98304,1,1,1): 1 x 9 us = 9 us
Total time: 1395.36 us.
----------------
Vulkan Timings:
ADD: 48 x 3.73 us = 179.04 us
CONCAT: 48 x 2.49 us = 119.56 us
CONT: 16 x 3.82 us = 61.12 us
CPY: 240 x 2.2 us = 528 us
FLASH_ATTN_EXT dst(256,24,5,1),  q(256,5,24,1),  k(256,256,4,1),  v(256,256,4,1),  m(256,5,1,1): 16 x 21.26 us = 340.16 us (1479.65 GFLOPS/s)
GDN_CACHE GATED_DELTA_NET: 48 x 13.901 us = 667.28 us
GET_ROWS: 50 x 26.158 us = 1307.92 us
GLU: 64 x 2.923 us = 187.08 us
MUL_MAT f32 m=256 n=120 k=256: 16 x 1.837 us = 29.4 us (8543.09 GFLOPS/s)
MUL_MAT f32 m=256 n=20 k=256: 16 x 2.962 us = 47.4 us (883.146 GFLOPS/s)
MUL_MAT f32 m=64 n=480 k=64: 16 x 3.635 us = 58.16 us (1073.3 GFLOPS/s)
MUL_MAT f32 m=64 n=80 k=64: 16 x 3.275 us = 52.4 us (198.547 GFLOPS/s)
MUL_MAT_ADD MUL_MAT_VEC q6_K m=5120 n=5 k=17408: 64 x 130.334 us = 8341.4 us (6838.29 GFLOPS/s)
MUL_MAT_ADD MUL_MAT_VEC q6_K m=5120 n=5 k=6144: 16 x 55.17 us = 882.72 us (5701.42 GFLOPS/s)
MUL_MAT_VEC f32 m=48 n=5 k=5120: 96 x 3.539 us = 339.76 us (694.333 GFLOPS/s)
MUL_MAT_VEC q6_K m=1024 n=5 k=5120: 32 x 10.946 us = 350.28 us (4789.19 GFLOPS/s)
MUL_MAT_VEC q6_K m=10240 n=5 k=5120: 48 x 81.751 us = 3924.08 us (6412.55 GFLOPS/s)
MUL_MAT_VEC q6_K m=12288 n=5 k=5120: 16 x 94.707 us = 1515.32 us (6642.39 GFLOPS/s)
MUL_MAT_VEC q6_K m=17408 n=5 k=5120: 128 x 140.841 us = 18027.7 us (6327.71 GFLOPS/s)
MUL_MAT_VEC q6_K m=248320 n=5 k=5120: 1 x 1771.24 us = 1771.24 us (7177.31 GFLOPS/s)
MUL_MAT_VEC q6_K m=6144 n=5 k=5120: 48 x 53.338 us = 2560.24 us (5897.11 GFLOPS/s)
MUL_MAT_VEC q8_0 m=5120 n=5 k=6144: 48 x 62.9 us = 3019.24 us (5000.68 GFLOPS/s)
RMS_NORM_MUL RMS_NORM(256,24,5,1): 16 x 3.807 us = 60.92 us
RMS_NORM_MUL RMS_NORM(256,4,5,1): 16 x 4.385 us = 70.16 us
RMS_NORM_MUL RMS_NORM(5120,5,1,1): 129 x 4.541 us = 585.88 us
RMS_NORM_MUL_SILU_MUL RMS_NORM(128,48,5,1): 48 x 5.623 us = 269.92 us
RMS_NORM_SCALE RMS_NORM(128,16,5,1): 96 x 2.597 us = 249.36 us
ROPE: 32 x 3.841 us = 122.92 us
SET_ROWS: 32 x 2.842 us = 90.96 us
SIGMOID_MUL SIGMOID: 16 x 3.68 us = 58.88 us
SSM_CONV_SILU SSM_CONV: 48 x 5.67 us = 272.2 us
Total time: 46090.7 us.
----------------
Vulkan Timings:
CONCAT: 1 x 1.96 us = 1.96 us
CONT: 1 x 3.68 us = 3.68 us
FLASH_ATTN_EXT dst(256,24,5,1),  q(256,5,24,1),  k(256,256,4,1),  v(256,256,4,1),  m(256,5,1,1): 1 x 20.92 us = 20.92 us (1503.69 GFLOPS/s)
GLU: 1 x 1.52 us = 1.52 us
MUL_MAT f32 m=256 n=120 k=256: 1 x 1.68 us = 1.68 us (9344 GFLOPS/s)
MUL_MAT f32 m=256 n=20 k=256: 1 x 3.08 us = 3.08 us (849.455 GFLOPS/s)
MUL_MAT f32 m=64 n=480 k=64: 1 x 3.68 us = 3.68 us (1060.17 GFLOPS/s)
MUL_MAT f32 m=64 n=80 k=64: 1 x 3.68 us = 3.68 us (176.696 GFLOPS/s)
MUL_MAT_ADD MUL_MAT_VEC q6_K m=5120 n=5 k=17408: 1 x 155.18 us = 155.18 us (5743.42 GFLOPS/s)
MUL_MAT_ADD MUL_MAT_VEC q6_K m=5120 n=5 k=6144: 1 x 62.08 us = 62.08 us (5066.8 GFLOPS/s)
MUL_MAT_VEC q6_K m=1024 n=5 k=5120: 2 x 9.06 us = 18.12 us (5786.28 GFLOPS/s)
MUL_MAT_VEC q6_K m=12288 n=5 k=5120: 1 x 122.95 us = 122.95 us (5116.59 GFLOPS/s)
MUL_MAT_VEC q6_K m=17408 n=5 k=5120: 2 x 135.48 us = 270.96 us (6578.11 GFLOPS/s)
MUL_MAT_VEC q8_0 m=5120 n=5 k=10240: 1 x 105.64 us = 105.64 us (4962.73 GFLOPS/s)
RMS_NORM_MUL RMS_NORM(256,24,5,1): 1 x 3.84 us = 3.84 us
RMS_NORM_MUL RMS_NORM(256,4,5,1): 1 x 3.72 us = 3.72 us
RMS_NORM_MUL RMS_NORM(5120,5,1,1): 5 x 8.394 us = 41.97 us
ROPE: 2 x 3.68 us = 7.36 us
SET_ROWS: 2 x 2.68 us = 5.36 us
SIGMOID_MUL SIGMOID: 1 x 1.76 us = 1.76 us
Total time: 839.14 us.
----------------
Vulkan Timings:
CONCAT: 1 x 3.6 us = 3.6 us
CONT: 1 x 3.48 us = 3.48 us
FLASH_ATTN_EXT dst(256,24,1,1),  q(256,1,24,1),  k(256,256,4,1),  v(256,256,4,1),  m(256,1,1,1): 1 x 12.64 us = 12.64 us (497.742 GFLOPS/s)
GET_ROWS: 2 x 4.24 us = 8.48 us
GLU: 1 x 1.6 us = 1.6 us
MUL_MAT f32 m=256 n=24 k=256: 1 x 1.52 us = 1.52 us (2065.52 GFLOPS/s)
MUL_MAT f32 m=64 n=16 k=64: 1 x 1.8 us = 1.8 us (72.2489 GFLOPS/s)
MUL_MAT f32 m=64 n=96 k=64: 1 x 3.16 us = 3.16 us (246.927 GFLOPS/s)
MUL_MAT_ADD MUL_MAT_VEC q6_K m=5120 n=1 k=17408: 1 x 129.52 us = 129.52 us (1376.26 GFLOPS/s)
MUL_MAT_ADD MUL_MAT_VEC q6_K m=5120 n=1 k=6144: 1 x 54.16 us = 54.16 us (1161.55 GFLOPS/s)
MUL_MAT_VEC f32 m=256 n=4 k=256: 1 x 3.04 us = 3.04 us (172.126 GFLOPS/s)
MUL_MAT_VEC q6_K m=1024 n=1 k=5120: 2 x 9.36 us = 18.72 us (1120.16 GFLOPS/s)
MUL_MAT_VEC q6_K m=12288 n=1 k=5120: 1 x 89.72 us = 89.72 us (1402.33 GFLOPS/s)
MUL_MAT_VEC q6_K m=17408 n=1 k=5120: 2 x 118.14 us = 236.28 us (1508.72 GFLOPS/s)
MUL_MAT_VEC q6_K m=98304 n=1 k=5120: 1 x 673.28 us = 673.28 us (1494.97 GFLOPS/s)
MUL_MAT_VEC q8_0 m=5120 n=1 k=10240: 1 x 92.24 us = 92.24 us (1136.74 GFLOPS/s)
PAD: 1 x 6.4 us = 6.4 us
RMS_NORM_MUL RMS_NORM(256,24,1,1): 1 x 3.2 us = 3.2 us
RMS_NORM_MUL RMS_NORM(256,4,1,1): 1 x 4.84 us = 4.84 us
RMS_NORM_MUL RMS_NORM(5120,1,1,1): 5 x 4.152 us = 20.76 us
ROPE: 2 x 3.32 us = 6.64 us
SET_ROWS: 2 x 2.56 us = 5.12 us
SIGMOID_MUL SIGMOID: 1 x 1.56 us = 1.56 us
TOP_K K=10 (98304,1,1,1): 1 x 8.84 us = 8.84 us
Total time: 1390.6 us.
----------------
Vulkan Timings:
CONCAT: 1 x 4 us = 4 us
CONT: 1 x 3.68 us = 3.68 us
FLASH_ATTN_EXT dst(256,24,1,1),  q(256,1,24,1),  k(256,256,4,1),  v(256,256,4,1),  m(256,1,1,1): 1 x 12.88 us = 12.88 us (488.467 GFLOPS/s)
GET_ROWS: 2 x 4.28 us = 8.56 us
GLU: 1 x 1.8 us = 1.8 us
MUL_MAT f32 m=256 n=24 k=256: 1 x 1.6 us = 1.6 us (1962.24 GFLOPS/s)
MUL_MAT f32 m=64 n=16 k=64: 1 x 3.6 us = 3.6 us (36.1244 GFLOPS/s)
MUL_MAT f32 m=64 n=96 k=64: 1 x 3.6 us = 3.6 us (216.747 GFLOPS/s)
MUL_MAT_ADD MUL_MAT_VEC q6_K m=5120 n=1 k=17408: 1 x 123.44 us = 123.44 us (1444.04 GFLOPS/s)
MUL_MAT_ADD MUL_MAT_VEC q6_K m=5120 n=1 k=6144: 1 x 53.48 us = 53.48 us (1176.32 GFLOPS/s)
MUL_MAT_VEC f32 m=256 n=4 k=256: 1 x 3 us = 3 us (174.421 GFLOPS/s)
MUL_MAT_VEC q6_K m=1024 n=1 k=5120: 2 x 9.06 us = 18.12 us (1157.26 GFLOPS/s)
MUL_MAT_VEC q6_K m=12288 n=1 k=5120: 1 x 85.64 us = 85.64 us (1469.14 GFLOPS/s)
MUL_MAT_VEC q6_K m=17408 n=1 k=5120: 2 x 121.02 us = 242.04 us (1472.82 GFLOPS/s)
MUL_MAT_VEC q6_K m=98304 n=1 k=5120: 1 x 673.33 us = 673.33 us (1494.86 GFLOPS/s)
MUL_MAT_VEC q8_0 m=5120 n=1 k=10240: 1 x 101 us = 101 us (1038.14 GFLOPS/s)
PAD: 1 x 6.2 us = 6.2 us
RMS_NORM_MUL RMS_NORM(256,24,1,1): 1 x 3.6 us = 3.6 us
RMS_NORM_MUL RMS_NORM(256,4,1,1): 1 x 3.56 us = 3.56 us
RMS_NORM_MUL RMS_NORM(5120,1,1,1): 5 x 3.768 us = 18.84 us
ROPE: 2 x 3.56 us = 7.12 us
SET_ROWS: 2 x 2.62 us = 5.24 us
SIGMOID_MUL SIGMOID: 1 x 1.72 us = 1.72 us
TOP_K K=10 (98304,1,1,1): 1 x 9 us = 9 us
Total time: 1395.05 us.
----------------
Vulkan Timings:
CONCAT: 1 x 3.8 us = 3.8 us
CONT: 1 x 3.64 us = 3.64 us
FLASH_ATTN_EXT dst(256,24,1,1),  q(256,1,24,1),  k(256,256,4,1),  v(256,256,4,1),  m(256,1,1,1): 1 x 12.96 us = 12.96 us (485.452 GFLOPS/s)
GET_ROWS: 2 x 4.18 us = 8.36 us
GLU: 1 x 1.8 us = 1.8 us
MUL_MAT f32 m=256 n=24 k=256: 1 x 1.64 us = 1.64 us (1914.38 GFLOPS/s)
MUL_MAT f32 m=64 n=16 k=64: 1 x 3.6 us = 3.6 us (36.1244 GFLOPS/s)
MUL_MAT f32 m=64 n=96 k=64: 1 x 3.56 us = 3.56 us (219.182 GFLOPS/s)
MUL_MAT_ADD MUL_MAT_VEC q6_K m=5120 n=1 k=17408: 1 x 123.2 us = 123.2 us (1446.86 GFLOPS/s)
MUL_MAT_ADD MUL_MAT_VEC q6_K m=5120 n=1 k=6144: 1 x 54.12 us = 54.12 us (1162.41 GFLOPS/s)
MUL_MAT_VEC f32 m=256 n=4 k=256: 1 x 3.04 us = 3.04 us (172.126 GFLOPS/s)
MUL_MAT_VEC q6_K m=1024 n=1 k=5120: 2 x 9.26 us = 18.52 us (1132.26 GFLOPS/s)
MUL_MAT_VEC q6_K m=12288 n=1 k=5120: 1 x 85.92 us = 85.92 us (1464.35 GFLOPS/s)
MUL_MAT_VEC q6_K m=17408 n=1 k=5120: 2 x 121.38 us = 242.76 us (1468.45 GFLOPS/s)
MUL_MAT_VEC q6_K m=98304 n=1 k=5120: 1 x 674.01 us = 674.01 us (1493.35 GFLOPS/s)
MUL_MAT_VEC q8_0 m=5120 n=1 k=10240: 1 x 101.6 us = 101.6 us (1032.01 GFLOPS/s)
PAD: 1 x 6.32 us = 6.32 us
RMS_NORM_MUL RMS_NORM(256,24,1,1): 1 x 3.64 us = 3.64 us
RMS_NORM_MUL RMS_NORM(256,4,1,1): 1 x 3.6 us = 3.6 us
RMS_NORM_MUL RMS_NORM(5120,1,1,1): 5 x 3.712 us = 18.56 us
ROPE: 2 x 3.6 us = 7.2 us
SET_ROWS: 2 x 2.66 us = 5.32 us
SIGMOID_MUL SIGMOID: 1 x 1.68 us = 1.68 us
TOP_K K=10 (98304,1,1,1): 1 x 8.68 us = 8.68 us
Total time: 1397.53 us.
----------------
Vulkan Timings:
CONCAT: 1 x 3.72 us = 3.72 us
CONT: 1 x 3.6 us = 3.6 us
FLASH_ATTN_EXT dst(256,24,1,1),  q(256,1,24,1),  k(256,256,4,1),  v(256,256,4,1),  m(256,1,1,1): 1 x 12.76 us = 12.76 us (493.061 GFLOPS/s)
GET_ROWS: 2 x 4.18 us = 8.36 us
GLU: 1 x 1.8 us = 1.8 us
MUL_MAT f32 m=256 n=24 k=256: 1 x 1.6 us = 1.6 us (1962.24 GFLOPS/s)
MUL_MAT f32 m=64 n=16 k=64: 1 x 3.64 us = 3.64 us (35.7275 GFLOPS/s)
MUL_MAT f32 m=64 n=96 k=64: 1 x 3.6 us = 3.6 us (216.747 GFLOPS/s)
MUL_MAT_ADD MUL_MAT_VEC q6_K m=5120 n=1 k=17408: 1 x 123.04 us = 123.04 us (1448.74 GFLOPS/s)
MUL_MAT_ADD MUL_MAT_VEC q6_K m=5120 n=1 k=6144: 1 x 53.76 us = 53.76 us (1170.19 GFLOPS/s)
MUL_MAT_VEC f32 m=256 n=4 k=256: 1 x 3.04 us = 3.04 us (172.126 GFLOPS/s)
MUL_MAT_VEC q6_K m=1024 n=1 k=5120: 2 x 9.18 us = 18.36 us (1142.13 GFLOPS/s)
MUL_MAT_VEC q6_K m=12288 n=1 k=5120: 1 x 85.48 us = 85.48 us (1471.89 GFLOPS/s)
MUL_MAT_VEC q6_K m=17408 n=1 k=5120: 2 x 121.14 us = 242.28 us (1471.36 GFLOPS/s)
MUL_MAT_VEC q6_K m=98304 n=1 k=5120: 1 x 674.17 us = 674.17 us (1493 GFLOPS/s)
MUL_MAT_VEC q8_0 m=5120 n=1 k=10240: 1 x 101.4 us = 101.4 us (1034.05 GFLOPS/s)
PAD: 1 x 6.36 us = 6.36 us
RMS_NORM_MUL RMS_NORM(256,24,1,1): 1 x 3.64 us = 3.64 us
RMS_NORM_MUL RMS_NORM(256,4,1,1): 1 x 3.56 us = 3.56 us
RMS_NORM_MUL RMS_NORM(5120,1,1,1): 5 x 3.728 us = 18.64 us
ROPE: 2 x 3.58 us = 7.16 us
SET_ROWS: 2 x 2.64 us = 5.28 us
SIGMOID_MUL SIGMOID: 1 x 1.68 us = 1.68 us
TOP_K K=10 (98304,1,1,1): 1 x 8.56 us = 8.56 us
Total time: 1395.49 us.
----------------
Vulkan Timings:
ADD: 48 x 3.72 us = 178.6 us
CONCAT: 48 x 2.481 us = 119.12 us
CONT: 16 x 3.825 us = 61.2 us
CPY: 240 x 2.218 us = 532.36 us
FLASH_ATTN_EXT dst(256,24,5,1),  q(256,5,24,1),  k(256,256,4,1),  v(256,256,4,1),  m(256,5,1,1): 16 x 20.895 us = 334.32 us (1505.49 GFLOPS/s)
GDN_CACHE GATED_DELTA_NET: 48 x 13.883 us = 666.4 us
GET_ROWS: 50 x 26.103 us = 1305.16 us
GLU: 64 x 2.929 us = 187.48 us
MUL_MAT f32 m=256 n=120 k=256: 16 x 1.842 us = 29.48 us (8519.9 GFLOPS/s)
MUL_MAT f32 m=256 n=20 k=256: 16 x 2.965 us = 47.44 us (882.401 GFLOPS/s)
MUL_MAT f32 m=64 n=480 k=64: 16 x 3.627 us = 58.04 us (1075.52 GFLOPS/s)
MUL_MAT f32 m=64 n=80 k=64: 16 x 3.285 us = 52.56 us (197.942 GFLOPS/s)
MUL_MAT_ADD MUL_MAT_VEC q6_K m=5120 n=5 k=17408: 64 x 130.498 us = 8351.88 us (6829.71 GFLOPS/s)
MUL_MAT_ADD MUL_MAT_VEC q6_K m=5120 n=5 k=6144: 16 x 54.997 us = 879.96 us (5719.3 GFLOPS/s)
MUL_MAT_VEC f32 m=48 n=5 k=5120: 96 x 3.423 us = 328.68 us (717.739 GFLOPS/s)
MUL_MAT_VEC q6_K m=1024 n=5 k=5120: 32 x 11.055 us = 353.76 us (4742.08 GFLOPS/s)
MUL_MAT_VEC q6_K m=10240 n=5 k=5120: 48 x 81.83 us = 3927.88 us (6406.35 GFLOPS/s)
MUL_MAT_VEC q6_K m=12288 n=5 k=5120: 16 x 94.787 us = 1516.6 us (6636.78 GFLOPS/s)
MUL_MAT_VEC q6_K m=17408 n=5 k=5120: 128 x 140.516 us = 17986.1 us (6342.33 GFLOPS/s)
MUL_MAT_VEC q6_K m=248320 n=5 k=5120: 1 x 1769.52 us = 1769.52 us (7184.29 GFLOPS/s)
MUL_MAT_VEC q6_K m=6144 n=5 k=5120: 48 x 53.411 us = 2563.76 us (5889.01 GFLOPS/s)
MUL_MAT_VEC q8_0 m=5120 n=5 k=6144: 48 x 62.992 us = 3023.64 us (4993.41 GFLOPS/s)
RMS_NORM_MUL RMS_NORM(256,24,5,1): 16 x 3.725 us = 59.6 us
RMS_NORM_MUL RMS_NORM(256,4,5,1): 16 x 4.41 us = 70.56 us
RMS_NORM_MUL RMS_NORM(5120,5,1,1): 129 x 4.509 us = 581.76 us
RMS_NORM_MUL_SILU_MUL RMS_NORM(128,48,5,1): 48 x 5.642 us = 270.84 us
RMS_NORM_SCALE RMS_NORM(128,16,5,1): 96 x 2.649 us = 254.32 us
ROPE: 32 x 3.853 us = 123.32 us
SET_ROWS: 32 x 3.007 us = 96.24 us
SIGMOID_MUL SIGMOID: 16 x 3.687 us = 59 us
SSM_CONV_SILU SSM_CONV: 48 x 5.691 us = 273.2 us
Total time: 46062.8 us.
----------------
Vulkan Timings:
CONCAT: 1 x 1.92 us = 1.92 us
CONT: 1 x 3.72 us = 3.72 us
FLASH_ATTN_EXT dst(256,24,5,1),  q(256,5,24,1),  k(256,256,4,1),  v(256,256,4,1),  m(256,5,1,1): 1 x 20.92 us = 20.92 us (1503.69 GFLOPS/s)
GLU: 1 x 1.52 us = 1.52 us
MUL_MAT f32 m=256 n=120 k=256: 1 x 1.68 us = 1.68 us (9344 GFLOPS/s)
MUL_MAT f32 m=256 n=20 k=256: 1 x 3.08 us = 3.08 us (849.455 GFLOPS/s)
MUL_MAT f32 m=64 n=480 k=64: 1 x 3.68 us = 3.68 us (1060.17 GFLOPS/s)
MUL_MAT f32 m=64 n=80 k=64: 1 x 3.64 us = 3.64 us (178.637 GFLOPS/s)
MUL_MAT_ADD MUL_MAT_VEC q6_K m=5120 n=5 k=17408: 1 x 154.56 us = 154.56 us (5766.46 GFLOPS/s)
MUL_MAT_ADD MUL_MAT_VEC q6_K m=5120 n=5 k=6144: 1 x 61.72 us = 61.72 us (5096.36 GFLOPS/s)
MUL_MAT_VEC q6_K m=1024 n=5 k=5120: 2 x 8.86 us = 17.72 us (5916.89 GFLOPS/s)
MUL_MAT_VEC q6_K m=12288 n=5 k=5120: 1 x 125.31 us = 125.31 us (5020.22 GFLOPS/s)
MUL_MAT_VEC q6_K m=17408 n=5 k=5120: 2 x 135.66 us = 271.32 us (6569.38 GFLOPS/s)
MUL_MAT_VEC q8_0 m=5120 n=5 k=10240: 1 x 106.24 us = 106.24 us (4934.7 GFLOPS/s)
RMS_NORM_MUL RMS_NORM(256,24,5,1): 1 x 3.76 us = 3.76 us
RMS_NORM_MUL RMS_NORM(256,4,5,1): 1 x 3.64 us = 3.64 us
RMS_NORM_MUL RMS_NORM(5120,5,1,1): 5 x 8.55 us = 42.75 us
ROPE: 2 x 3.64 us = 7.28 us
SET_ROWS: 2 x 2.68 us = 5.36 us
SIGMOID_MUL SIGMOID: 1 x 1.76 us = 1.76 us
Total time: 841.58 us.
----------------
Vulkan Timings:
CONCAT: 1 x 3.68 us = 3.68 us
CONT: 1 x 3.52 us = 3.52 us
FLASH_ATTN_EXT dst(256,24,1,1),  q(256,1,24,1),  k(256,256,4,1),  v(256,256,4,1),  m(256,1,1,1): 1 x 12.64 us = 12.64 us (497.742 GFLOPS/s)
GET_ROWS: 2 x 4.18 us = 8.36 us
GLU: 1 x 1.56 us = 1.56 us
MUL_MAT f32 m=256 n=24 k=256: 1 x 2.04 us = 2.04 us (1539.01 GFLOPS/s)
MUL_MAT f32 m=64 n=16 k=64: 1 x 1.8 us = 1.8 us (72.2489 GFLOPS/s)
MUL_MAT f32 m=64 n=96 k=64: 1 x 3.24 us = 3.24 us (240.83 GFLOPS/s)
MUL_MAT_ADD MUL_MAT_VEC q6_K m=5120 n=1 k=17408: 1 x 129.76 us = 129.76 us (1373.71 GFLOPS/s)
MUL_MAT_ADD MUL_MAT_VEC q6_K m=5120 n=1 k=6144: 1 x 53.64 us = 53.64 us (1172.81 GFLOPS/s)
MUL_MAT_VEC f32 m=256 n=4 k=256: 1 x 0.76 us = 0.76 us (688.505 GFLOPS/s)
MUL_MAT_VEC q6_K m=1024 n=1 k=5120: 2 x 8.32 us = 16.64 us (1260.18 GFLOPS/s)
MUL_MAT_VEC q6_K m=12288 n=1 k=5120: 1 x 90 us = 90 us (1397.96 GFLOPS/s)
MUL_MAT_VEC q6_K m=17408 n=1 k=5120: 2 x 117.94 us = 235.88 us (1511.28 GFLOPS/s)
MUL_MAT_VEC q6_K m=98304 n=1 k=5120: 1 x 672.42 us = 672.42 us (1496.88 GFLOPS/s)
MUL_MAT_VEC q8_0 m=5120 n=1 k=10240: 1 x 93.56 us = 93.56 us (1120.7 GFLOPS/s)
PAD: 1 x 6.76 us = 6.76 us
RMS_NORM_MUL RMS_NORM(256,24,1,1): 1 x 5.76 us = 5.76 us
RMS_NORM_MUL RMS_NORM(256,4,1,1): 1 x 4.8 us = 4.8 us
RMS_NORM_MUL RMS_NORM(5120,1,1,1): 5 x 4.088 us = 20.44 us
ROPE: 2 x 3.32 us = 6.64 us
SET_ROWS: 2 x 3.68 us = 7.36 us
SIGMOID_MUL SIGMOID: 1 x 1.56 us = 1.56 us
TOP_K K=10 (98304,1,1,1): 1 x 9.04 us = 9.04 us
Total time: 1391.86 us.
----------------
Vulkan Timings:
CONCAT: 1 x 3.72 us = 3.72 us
CONT: 1 x 3.6 us = 3.6 us
FLASH_ATTN_EXT dst(256,24,1,1),  q(256,1,24,1),  k(256,256,4,1),  v(256,256,4,1),  m(256,1,1,1): 1 x 15.32 us = 15.32 us (410.669 GFLOPS/s)
GET_ROWS: 2 x 4.18 us = 8.36 us
GLU: 1 x 1.88 us = 1.88 us
MUL_MAT f32 m=256 n=24 k=256: 1 x 1.68 us = 1.68 us (1868.8 GFLOPS/s)
MUL_MAT f32 m=64 n=16 k=64: 1 x 3.64 us = 3.64 us (35.7275 GFLOPS/s)
MUL_MAT f32 m=64 n=96 k=64: 1 x 3.56 us = 3.56 us (219.182 GFLOPS/s)
MUL_MAT_ADD MUL_MAT_VEC q6_K m=5120 n=1 k=17408: 1 x 122.44 us = 122.44 us (1455.84 GFLOPS/s)
MUL_MAT_ADD MUL_MAT_VEC q6_K m=5120 n=1 k=6144: 1 x 54.52 us = 54.52 us (1153.88 GFLOPS/s)
MUL_MAT_VEC f32 m=256 n=4 k=256: 1 x 3 us = 3 us (174.421 GFLOPS/s)
MUL_MAT_VEC q6_K m=1024 n=1 k=5120: 2 x 9.14 us = 18.28 us (1147.13 GFLOPS/s)
MUL_MAT_VEC q6_K m=12288 n=1 k=5120: 1 x 85.48 us = 85.48 us (1471.89 GFLOPS/s)
MUL_MAT_VEC q6_K m=17408 n=1 k=5120: 2 x 121.3 us = 242.6 us (1469.42 GFLOPS/s)
MUL_MAT_VEC q6_K m=98304 n=1 k=5120: 1 x 674.36 us = 674.36 us (1492.58 GFLOPS/s)
MUL_MAT_VEC q8_0 m=5120 n=1 k=10240: 1 x 101.36 us = 101.36 us (1034.46 GFLOPS/s)
PAD: 1 x 6.32 us = 6.32 us
RMS_NORM_MUL RMS_NORM(256,24,1,1): 1 x 3.6 us = 3.6 us
RMS_NORM_MUL RMS_NORM(256,4,1,1): 1 x 3.6 us = 3.6 us
RMS_NORM_MUL RMS_NORM(5120,1,1,1): 5 x 3.696 us = 18.48 us
ROPE: 2 x 3.58 us = 7.16 us
SET_ROWS: 2 x 1.8 us = 3.6 us
SIGMOID_MUL SIGMOID: 1 x 1.64 us = 1.64 us
TOP_K K=10 (98304,1,1,1): 1 x 8.92 us = 8.92 us
Total time: 1397.12 us.
----------------
Vulkan Timings:
CONCAT: 1 x 3.76 us = 3.76 us
CONT: 1 x 3.6 us = 3.6 us
FLASH_ATTN_EXT dst(256,24,1,1),  q(256,1,24,1),  k(256,256,4,1),  v(256,256,4,1),  m(256,1,1,1): 1 x 12.88 us = 12.88 us (488.467 GFLOPS/s)
GET_ROWS: 2 x 4.32 us = 8.64 us
GLU: 1 x 1.72 us = 1.72 us
MUL_MAT f32 m=256 n=24 k=256: 1 x 1.6 us = 1.6 us (1962.24 GFLOPS/s)
MUL_MAT f32 m=64 n=16 k=64: 1 x 3.64 us = 3.64 us (35.7275 GFLOPS/s)
MUL_MAT f32 m=64 n=96 k=64: 1 x 3.6 us = 3.6 us (216.747 GFLOPS/s)
MUL_MAT_ADD MUL_MAT_VEC q6_K m=5120 n=1 k=17408: 1 x 123.28 us = 123.28 us (1445.92 GFLOPS/s)
MUL_MAT_ADD MUL_MAT_VEC q6_K m=5120 n=1 k=6144: 1 x 51.04 us = 51.04 us (1232.55 GFLOPS/s)
MUL_MAT_VEC f32 m=256 n=4 k=256: 1 x 3.04 us = 3.04 us (172.126 GFLOPS/s)
MUL_MAT_VEC q6_K m=1024 n=1 k=5120: 2 x 9.26 us = 18.52 us (1132.26 GFLOPS/s)
MUL_MAT_VEC q6_K m=12288 n=1 k=5120: 1 x 86.2 us = 86.2 us (1459.59 GFLOPS/s)
MUL_MAT_VEC q6_K m=17408 n=1 k=5120: 2 x 121.36 us = 242.72 us (1468.69 GFLOPS/s)
MUL_MAT_VEC q6_K m=98304 n=1 k=5120: 1 x 732.44 us = 732.44 us (1374.22 GFLOPS/s)
MUL_MAT_VEC q8_0 m=5120 n=1 k=10240: 1 x 101.28 us = 101.28 us (1035.27 GFLOPS/s)
PAD: 1 x 6.32 us = 6.32 us
RMS_NORM_MUL RMS_NORM(256,24,1,1): 1 x 3.6 us = 3.6 us
RMS_NORM_MUL RMS_NORM(256,4,1,1): 1 x 3.56 us = 3.56 us
RMS_NORM_MUL RMS_NORM(5120,1,1,1): 5 x 4.216 us = 21.08 us
ROPE: 2 x 3.58 us = 7.16 us
SET_ROWS: 2 x 2.62 us = 5.24 us
SIGMOID_MUL SIGMOID: 1 x 1.72 us = 1.72 us
TOP_K K=10 (98304,1,1,1): 1 x 8.76 us = 8.76 us
Total time: 1455.4 us.
----------------
Vulkan Timings:
CONCAT: 1 x 3.76 us = 3.76 us
CONT: 1 x 3.64 us = 3.64 us
FLASH_ATTN_EXT dst(256,24,1,1),  q(256,1,24,1),  k(256,256,4,1),  v(256,256,4,1),  m(256,1,1,1): 1 x 12.76 us = 12.76 us (493.061 GFLOPS/s)
GET_ROWS: 2 x 4.3 us = 8.6 us
GLU: 1 x 1.88 us = 1.88 us
MUL_MAT f32 m=256 n=24 k=256: 1 x 1.68 us = 1.68 us (1868.8 GFLOPS/s)
MUL_MAT f32 m=64 n=16 k=64: 1 x 3.6 us = 3.6 us (36.1244 GFLOPS/s)
MUL_MAT f32 m=64 n=96 k=64: 1 x 3.6 us = 3.6 us (216.747 GFLOPS/s)
MUL_MAT_ADD MUL_MAT_VEC q6_K m=5120 n=1 k=17408: 1 x 124.92 us = 124.92 us (1426.94 GFLOPS/s)
MUL_MAT_ADD MUL_MAT_VEC q6_K m=5120 n=1 k=6144: 1 x 53.88 us = 53.88 us (1167.58 GFLOPS/s)
MUL_MAT_VEC f32 m=256 n=4 k=256: 1 x 3 us = 3 us (174.421 GFLOPS/s)
MUL_MAT_VEC q6_K m=1024 n=1 k=5120: 2 x 9.06 us = 18.12 us (1157.26 GFLOPS/s)
MUL_MAT_VEC q6_K m=12288 n=1 k=5120: 1 x 85.36 us = 85.36 us (1473.96 GFLOPS/s)
MUL_MAT_VEC q6_K m=17408 n=1 k=5120: 2 x 121.64 us = 243.28 us (1465.31 GFLOPS/s)
MUL_MAT_VEC q6_K m=98304 n=1 k=5120: 1 x 674.47 us = 674.47 us (1492.33 GFLOPS/s)
MUL_MAT_VEC q8_0 m=5120 n=1 k=10240: 1 x 101.04 us = 101.04 us (1037.73 GFLOPS/s)
PAD: 1 x 6.4 us = 6.4 us
RMS_NORM_MUL RMS_NORM(256,24,1,1): 1 x 3.6 us = 3.6 us
RMS_NORM_MUL RMS_NORM(256,4,1,1): 1 x 3.56 us = 3.56 us
RMS_NORM_MUL RMS_NORM(5120,1,1,1): 5 x 3.688 us = 18.44 us
ROPE: 2 x 3.56 us = 7.12 us
SET_ROWS: 2 x 2.64 us = 5.28 us
SIGMOID_MUL SIGMOID: 1 x 1.64 us = 1.64 us
TOP_K K=10 (98304,1,1,1): 1 x 8.4 us = 8.4 us
Total time: 1398.03 us.
----------------
Vulkan Timings:
ADD: 48 x 3.749 us = 179.96 us
CONCAT: 48 x 2.438 us = 117.04 us
CONT: 16 x 3.84 us = 61.44 us
CPY: 240 x 2.22 us = 533 us
FLASH_ATTN_EXT dst(256,24,5,1),  q(256,5,24,1),  k(256,256,4,1),  v(256,256,4,1),  m(256,5,1,1): 16 x 21.117 us = 337.88 us (1489.63 GFLOPS/s)
GDN_CACHE GATED_DELTA_NET: 48 x 13.907 us = 667.56 us
GET_ROWS: 50 x 26.383 us = 1319.16 us
GLU: 64 x 2.894 us = 185.24 us
MUL_MAT f32 m=256 n=120 k=256: 16 x 1.81 us = 28.96 us (8672.88 GFLOPS/s)
MUL_MAT f32 m=256 n=20 k=256: 16 x 3.125 us = 50 us (837.222 GFLOPS/s)
MUL_MAT f32 m=64 n=480 k=64: 16 x 3.637 us = 58.2 us (1072.56 GFLOPS/s)
MUL_MAT f32 m=64 n=80 k=64: 16 x 3.295 us = 52.72 us (197.341 GFLOPS/s)
MUL_MAT_ADD MUL_MAT_VEC q6_K m=5120 n=5 k=17408: 64 x 130.81 us = 8371.84 us (6813.42 GFLOPS/s)
MUL_MAT_ADD MUL_MAT_VEC q6_K m=5120 n=5 k=6144: 16 x 55.33 us = 885.28 us (5684.93 GFLOPS/s)
MUL_MAT_VEC f32 m=48 n=5 k=5120: 96 x 3.472 us = 333.36 us (707.663 GFLOPS/s)
MUL_MAT_VEC q6_K m=1024 n=5 k=5120: 32 x 11.027 us = 352.88 us (4753.9 GFLOPS/s)
MUL_MAT_VEC q6_K m=10240 n=5 k=5120: 48 x 81.948 us = 3933.52 us (6397.16 GFLOPS/s)
MUL_MAT_VEC q6_K m=12288 n=5 k=5120: 16 x 94.892 us = 1518.28 us (6629.44 GFLOPS/s)
MUL_MAT_VEC q6_K m=17408 n=5 k=5120: 128 x 140.967 us = 18043.8 us (6322.04 GFLOPS/s)
MUL_MAT_VEC q6_K m=248320 n=5 k=5120: 1 x 1773.12 us = 1773.12 us (7169.7 GFLOPS/s)
MUL_MAT_VEC q6_K m=6144 n=5 k=5120: 48 x 53.536 us = 2569.76 us (5875.26 GFLOPS/s)
MUL_MAT_VEC q8_0 m=5120 n=5 k=6144: 48 x 63.022 us = 3025.08 us (4991.03 GFLOPS/s)
RMS_NORM_MUL RMS_NORM(256,24,5,1): 16 x 3.84 us = 61.44 us
RMS_NORM_MUL RMS_NORM(256,4,5,1): 16 x 4.415 us = 70.64 us
RMS_NORM_MUL RMS_NORM(5120,5,1,1): 129 x 4.524 us = 583.64 us
RMS_NORM_MUL_SILU_MUL RMS_NORM(128,48,5,1): 48 x 5.658 us = 271.6 us
RMS_NORM_SCALE RMS_NORM(128,16,5,1): 96 x 2.657 us = 255.16 us
ROPE: 32 x 3.862 us = 123.6 us
SET_ROWS: 32 x 2.897 us = 92.72 us
SIGMOID_MUL SIGMOID: 16 x 3.677 us = 58.84 us
SSM_CONV_SILU SSM_CONV: 48 x 5.696 us = 273.44 us
Total time: 46189.2 us.
----------------
Vulkan Timings:
CONCAT: 1 x 1.96 us = 1.96 us
CONT: 1 x 3.72 us = 3.72 us
FLASH_ATTN_EXT dst(256,24,5,1),  q(256,5,24,1),  k(256,256,4,1),  v(256,256,4,1),  m(256,5,1,1): 1 x 20.96 us = 20.96 us (1500.82 GFLOPS/s)
GLU: 1 x 1.52 us = 1.52 us
MUL_MAT f32 m=256 n=120 k=256: 1 x 1.72 us = 1.72 us (9126.7 GFLOPS/s)
MUL_MAT f32 m=256 n=20 k=256: 1 x 3.16 us = 3.16 us (827.949 GFLOPS/s)
MUL_MAT f32 m=64 n=480 k=64: 1 x 3.76 us = 3.76 us (1037.62 GFLOPS/s)
MUL_MAT f32 m=64 n=80 k=64: 1 x 3.72 us = 3.72 us (174.796 GFLOPS/s)
MUL_MAT_ADD MUL_MAT_VEC q6_K m=5120 n=5 k=17408: 1 x 159.75 us = 159.75 us (5579.12 GFLOPS/s)
MUL_MAT_ADD MUL_MAT_VEC q6_K m=5120 n=5 k=6144: 1 x 63.64 us = 63.64 us (4942.6 GFLOPS/s)
MUL_MAT_VEC q6_K m=1024 n=5 k=5120: 2 x 9.48 us = 18.96 us (5529.92 GFLOPS/s)
MUL_MAT_VEC q6_K m=12288 n=5 k=5120: 1 x 123.78 us = 123.78 us (5082.28 GFLOPS/s)
MUL_MAT_VEC q6_K m=17408 n=5 k=5120: 2 x 136.22 us = 272.44 us (6542.38 GFLOPS/s)
MUL_MAT_VEC q8_0 m=5120 n=5 k=10240: 1 x 105.92 us = 105.92 us (4949.61 GFLOPS/s)
RMS_NORM_MUL RMS_NORM(256,24,5,1): 1 x 3.92 us = 3.92 us
RMS_NORM_MUL RMS_NORM(256,4,5,1): 1 x 3.76 us = 3.76 us
RMS_NORM_MUL RMS_NORM(5120,5,1,1): 5 x 9.036 us = 45.18 us
ROPE: 2 x 3.74 us = 7.48 us
SET_ROWS: 2 x 2.74 us = 5.48 us
SIGMOID_MUL SIGMOID: 1 x 1.72 us = 1.72 us
Total time: 852.55 us.
----------------
Vulkan Timings:
CONCAT: 1 x 3.76 us = 3.76 us
CONT: 1 x 3.48 us = 3.48 us
FLASH_ATTN_EXT dst(256,24,1,1),  q(256,1,24,1),  k(256,256,4,1),  v(256,256,4,1),  m(256,1,1,1): 1 x 12.36 us = 12.36 us (509.017 GFLOPS/s)
GET_ROWS: 2 x 4.28 us = 8.56 us
GLU: 1 x 1.64 us = 1.64 us
MUL_MAT f32 m=256 n=24 k=256: 1 x 1.56 us = 1.56 us (2012.55 GFLOPS/s)
MUL_MAT f32 m=64 n=16 k=64: 1 x 1.84 us = 1.84 us (70.6783 GFLOPS/s)
MUL_MAT f32 m=64 n=96 k=64: 1 x 3.16 us = 3.16 us (246.927 GFLOPS/s)
MUL_MAT_ADD MUL_MAT_VEC q6_K m=5120 n=1 k=17408: 1 x 129.52 us = 129.52 us (1376.26 GFLOPS/s)
MUL_MAT_ADD MUL_MAT_VEC q6_K m=5120 n=1 k=6144: 1 x 53.48 us = 53.48 us (1176.32 GFLOPS/s)
MUL_MAT_VEC f32 m=256 n=4 k=256: 1 x 3 us = 3 us (174.421 GFLOPS/s)
MUL_MAT_VEC q6_K m=1024 n=1 k=5120: 2 x 9.24 us = 18.48 us (1134.71 GFLOPS/s)
MUL_MAT_VEC q6_K m=12288 n=1 k=5120: 1 x 89.48 us = 89.48 us (1406.09 GFLOPS/s)
MUL_MAT_VEC q6_K m=17408 n=1 k=5120: 2 x 118.08 us = 236.16 us (1509.49 GFLOPS/s)
MUL_MAT_VEC q6_K m=98304 n=1 k=5120: 1 x 671.35 us = 671.35 us (1499.27 GFLOPS/s)
MUL_MAT_VEC q8_0 m=5120 n=1 k=10240: 1 x 92.44 us = 92.44 us (1134.28 GFLOPS/s)
PAD: 1 x 7.08 us = 7.08 us
RMS_NORM_MUL RMS_NORM(256,24,1,1): 1 x 3.16 us = 3.16 us
RMS_NORM_MUL RMS_NORM(256,4,1,1): 1 x 4.8 us = 4.8 us
RMS_NORM_MUL RMS_NORM(5120,1,1,1): 5 x 4.064 us = 20.32 us
ROPE: 2 x 3.3 us = 6.6 us
SET_ROWS: 2 x 2.6 us = 5.2 us
SIGMOID_MUL SIGMOID: 1 x 1.48 us = 1.48 us
TOP_K K=10 (98304,1,1,1): 1 x 8.72 us = 8.72 us
Total time: 1387.63 us.
----------------
Vulkan Timings:
CONCAT: 1 x 3.72 us = 3.72 us
CONT: 1 x 3.6 us = 3.6 us
FLASH_ATTN_EXT dst(256,24,1,1),  q(256,1,24,1),  k(256,256,4,1),  v(256,256,4,1),  m(256,1,1,1): 1 x 15.28 us = 15.28 us (411.745 GFLOPS/s)
GET_ROWS: 2 x 4.18 us = 8.36 us
GLU: 1 x 1.8 us = 1.8 us
MUL_MAT f32 m=256 n=24 k=256: 1 x 1.6 us = 1.6 us (1962.24 GFLOPS/s)
MUL_MAT f32 m=64 n=16 k=64: 1 x 3.64 us = 3.64 us (35.7275 GFLOPS/s)
MUL_MAT f32 m=64 n=96 k=64: 1 x 3.64 us = 3.64 us (214.365 GFLOPS/s)
MUL_MAT_ADD MUL_MAT_VEC q6_K m=5120 n=1 k=17408: 1 x 124.12 us = 124.12 us (1436.13 GFLOPS/s)
MUL_MAT_ADD MUL_MAT_VEC q6_K m=5120 n=1 k=6144: 1 x 53.64 us = 53.64 us (1172.81 GFLOPS/s)
MUL_MAT_VEC f32 m=256 n=4 k=256: 1 x 3.04 us = 3.04 us (172.126 GFLOPS/s)
MUL_MAT_VEC q6_K m=1024 n=1 k=5120: 2 x 9.14 us = 18.28 us (1147.13 GFLOPS/s)
MUL_MAT_VEC q6_K m=12288 n=1 k=5120: 1 x 85.84 us = 85.84 us (1465.71 GFLOPS/s)
MUL_MAT_VEC q6_K m=17408 n=1 k=5120: 2 x 121.32 us = 242.64 us (1469.18 GFLOPS/s)
MUL_MAT_VEC q6_K m=98304 n=1 k=5120: 1 x 672.98 us = 672.98 us (1495.64 GFLOPS/s)
MUL_MAT_VEC q8_0 m=5120 n=1 k=10240: 1 x 101.16 us = 101.16 us (1036.5 GFLOPS/s)
PAD: 1 x 6.32 us = 6.32 us
RMS_NORM_MUL RMS_NORM(256,24,1,1): 1 x 3.6 us = 3.6 us
RMS_NORM_MUL RMS_NORM(256,4,1,1): 1 x 3.6 us = 3.6 us
RMS_NORM_MUL RMS_NORM(5120,1,1,1): 5 x 3.72 us = 18.6 us
ROPE: 2 x 3.6 us = 7.2 us
SET_ROWS: 2 x 1.78 us = 3.56 us
SIGMOID_MUL SIGMOID: 1 x 1.68 us = 1.68 us
TOP_K K=10 (98304,1,1,1): 1 x 9.28 us = 9.28 us
Total time: 1397.18 us.
----------------
Vulkan Timings:
CONCAT: 1 x 3.76 us = 3.76 us
CONT: 1 x 3.64 us = 3.64 us
FLASH_ATTN_EXT dst(256,24,1,1),  q(256,1,24,1),  k(256,256,4,1),  v(256,256,4,1),  m(256,1,1,1): 1 x 12.8 us = 12.8 us (491.52 GFLOPS/s)
GET_ROWS: 2 x 4.18 us = 8.36 us
GLU: 1 x 1.76 us = 1.76 us
MUL_MAT f32 m=256 n=24 k=256: 1 x 1.68 us = 1.68 us (1868.8 GFLOPS/s)
MUL_MAT f32 m=64 n=16 k=64: 1 x 3.64 us = 3.64 us (35.7275 GFLOPS/s)
MUL_MAT f32 m=64 n=96 k=64: 1 x 3.64 us = 3.64 us (214.365 GFLOPS/s)
MUL_MAT_ADD MUL_MAT_VEC q6_K m=5120 n=1 k=17408: 1 x 123.72 us = 123.72 us (1440.78 GFLOPS/s)
MUL_MAT_ADD MUL_MAT_VEC q6_K m=5120 n=1 k=6144: 1 x 55.04 us = 55.04 us (1142.98 GFLOPS/s)
MUL_MAT_VEC f32 m=256 n=4 k=256: 1 x 3.04 us = 3.04 us (172.126 GFLOPS/s)
MUL_MAT_VEC q6_K m=1024 n=1 k=5120: 2 x 9.12 us = 18.24 us (1149.64 GFLOPS/s)
MUL_MAT_VEC q6_K m=12288 n=1 k=5120: 1 x 85.68 us = 85.68 us (1468.45 GFLOPS/s)
MUL_MAT_VEC q6_K m=17408 n=1 k=5120: 2 x 121.3 us = 242.6 us (1469.42 GFLOPS/s)
MUL_MAT_VEC q6_K m=98304 n=1 k=5120: 1 x 673.45 us = 673.45 us (1494.59 GFLOPS/s)
MUL_MAT_VEC q8_0 m=5120 n=1 k=10240: 1 x 101.4 us = 101.4 us (1034.05 GFLOPS/s)
PAD: 1 x 6.28 us = 6.28 us
RMS_NORM_MUL RMS_NORM(256,24,1,1): 1 x 3.6 us = 3.6 us
RMS_NORM_MUL RMS_NORM(256,4,1,1): 1 x 3.56 us = 3.56 us
RMS_NORM_MUL RMS_NORM(5120,1,1,1): 5 x 3.76 us = 18.8 us
ROPE: 2 x 3.56 us = 7.12 us
SET_ROWS: 2 x 2.68 us = 5.36 us
SIGMOID_MUL SIGMOID: 1 x 1.92 us = 1.92 us
TOP_K K=10 (98304,1,1,1): 1 x 9.08 us = 9.08 us
Total time: 1398.17 us.
----------------
Vulkan Timings:
CONCAT: 1 x 3.76 us = 3.76 us
CONT: 1 x 3.6 us = 3.6 us
FLASH_ATTN_EXT dst(256,24,1,1),  q(256,1,24,1),  k(256,256,4,1),  v(256,256,4,1),  m(256,1,1,1): 1 x 12.8 us = 12.8 us (491.52 GFLOPS/s)
GET_ROWS: 2 x 4.32 us = 8.64 us
GLU: 1 x 1.92 us = 1.92 us
MUL_MAT f32 m=256 n=24 k=256: 1 x 1.64 us = 1.64 us (1914.38 GFLOPS/s)
MUL_MAT f32 m=64 n=16 k=64: 1 x 3.6 us = 3.6 us (36.1244 GFLOPS/s)
MUL_MAT f32 m=64 n=96 k=64: 1 x 3.56 us = 3.56 us (219.182 GFLOPS/s)
MUL_MAT_ADD MUL_MAT_VEC q6_K m=5120 n=1 k=17408: 1 x 123.76 us = 123.76 us (1440.31 GFLOPS/s)
MUL_MAT_ADD MUL_MAT_VEC q6_K m=5120 n=1 k=6144: 1 x 54.32 us = 54.32 us (1158.13 GFLOPS/s)
MUL_MAT_VEC f32 m=256 n=4 k=256: 1 x 3.04 us = 3.04 us (172.126 GFLOPS/s)
MUL_MAT_VEC q6_K m=1024 n=1 k=5120: 2 x 9.16 us = 18.32 us (1144.62 GFLOPS/s)
MUL_MAT_VEC q6_K m=12288 n=1 k=5120: 1 x 85.64 us = 85.64 us (1469.14 GFLOPS/s)
MUL_MAT_VEC q6_K m=17408 n=1 k=5120: 2 x 121.68 us = 243.36 us (1464.83 GFLOPS/s)
MUL_MAT_VEC q6_K m=98304 n=1 k=5120: 1 x 673.49 us = 673.49 us (1494.51 GFLOPS/s)
MUL_MAT_VEC q8_0 m=5120 n=1 k=10240: 1 x 100.88 us = 100.88 us (1039.38 GFLOPS/s)
PAD: 1 x 6.32 us = 6.32 us
RMS_NORM_MUL RMS_NORM(256,24,1,1): 1 x 3.64 us = 3.64 us
RMS_NORM_MUL RMS_NORM(256,4,1,1): 1 x 3.6 us = 3.6 us
RMS_NORM_MUL RMS_NORM(5120,1,1,1): 5 x 3.688 us = 18.44 us
ROPE: 2 x 3.56 us = 7.12 us
SET_ROWS: 2 x 2.64 us = 5.28 us
SIGMOID_MUL SIGMOID: 1 x 1.64 us = 1.64 us
TOP_K K=10 (98304,1,1,1): 1 x 8.56 us = 8.56 us
Total time: 1396.93 us.
----------------
Vulkan Timings:
ADD: 48 x 3.777 us = 181.32 us
CONCAT: 48 x 2.457 us = 117.96 us
CONT: 16 x 3.865 us = 61.84 us
CPY: 240 x 2.233 us = 536.04 us
FLASH_ATTN_EXT dst(256,24,5,1),  q(256,5,24,1),  k(256,256,4,1),  v(256,256,4,1),  m(256,5,1,1): 16 x 21.185 us = 338.96 us (1484.88 GFLOPS/s)
GDN_CACHE GATED_DELTA_NET: 48 x 13.901 us = 667.28 us
GET_ROWS: 50 x 26.544 us = 1327.2 us
GLU: 64 x 2.873 us = 183.92 us
MUL_MAT f32 m=256 n=120 k=256: 16 x 1.827 us = 29.24 us (8589.83 GFLOPS/s)
MUL_MAT f32 m=256 n=20 k=256: 16 x 3.137 us = 50.2 us (833.887 GFLOPS/s)
MUL_MAT f32 m=64 n=480 k=64: 16 x 3.657 us = 58.52 us (1066.7 GFLOPS/s)
MUL_MAT f32 m=64 n=80 k=64: 16 x 3.317 us = 53.08 us (196.003 GFLOPS/s)
MUL_MAT_ADD MUL_MAT_VEC q6_K m=5120 n=5 k=17408: 64 x 130.748 us = 8367.88 us (6816.65 GFLOPS/s)
MUL_MAT_ADD MUL_MAT_VEC q6_K m=5120 n=5 k=6144: 16 x 55.127 us = 882.04 us (5705.81 GFLOPS/s)
MUL_MAT_VEC f32 m=48 n=5 k=5120: 96 x 3.422 us = 328.52 us (718.089 GFLOPS/s)
MUL_MAT_VEC q6_K m=1024 n=5 k=5120: 32 x 10.978 us = 351.32 us (4775.01 GFLOPS/s)
MUL_MAT_VEC q6_K m=10240 n=5 k=5120: 48 x 82.051 us = 3938.48 us (6389.11 GFLOPS/s)
MUL_MAT_VEC q6_K m=12288 n=5 k=5120: 16 x 94.975 us = 1519.6 us (6623.68 GFLOPS/s)
MUL_MAT_VEC q6_K m=17408 n=5 k=5120: 128 x 140.738 us = 18014.6 us (6332.32 GFLOPS/s)
MUL_MAT_VEC q6_K m=248320 n=5 k=5120: 1 x 1776.04 us = 1776.04 us (7157.91 GFLOPS/s)
MUL_MAT_VEC q6_K m=6144 n=5 k=5120: 48 x 53.589 us = 2572.28 us (5869.51 GFLOPS/s)
MUL_MAT_VEC q8_0 m=5120 n=5 k=6144: 48 x 63.064 us = 3027.08 us (4987.73 GFLOPS/s)
RMS_NORM_MUL RMS_NORM(256,24,5,1): 16 x 3.975 us = 63.6 us
RMS_NORM_MUL RMS_NORM(256,4,5,1): 16 x 4.442 us = 71.08 us
RMS_NORM_MUL RMS_NORM(5120,5,1,1): 129 x 4.577 us = 590.56 us
RMS_NORM_MUL_SILU_MUL RMS_NORM(128,48,5,1): 48 x 5.69 us = 273.12 us
RMS_NORM_SCALE RMS_NORM(128,16,5,1): 96 x 2.715 us = 260.72 us
ROPE: 32 x 3.883 us = 124.28 us
SET_ROWS: 32 x 2.918 us = 93.4 us
SIGMOID_MUL SIGMOID: 16 x 3.717 us = 59.48 us
SSM_CONV_SILU SSM_CONV: 48 x 5.744 us = 275.72 us
Total time: 46195.3 us.
----------------
Vulkan Timings:
CONCAT: 1 x 1.88 us = 1.88 us
CONT: 1 x 3.76 us = 3.76 us
FLASH_ATTN_EXT dst(256,24,5,1),  q(256,5,24,1),  k(256,256,4,1),  v(256,256,4,1),  m(256,5,1,1): 1 x 23.4 us = 23.4 us (1344.33 GFLOPS/s)
GLU: 1 x 1.56 us = 1.56 us
MUL_MAT f32 m=256 n=120 k=256: 1 x 1.84 us = 1.84 us (8531.48 GFLOPS/s)
MUL_MAT f32 m=256 n=20 k=256: 1 x 3.08 us = 3.08 us (849.455 GFLOPS/s)
MUL_MAT f32 m=64 n=480 k=64: 1 x 3.76 us = 3.76 us (1037.62 GFLOPS/s)
MUL_MAT f32 m=64 n=80 k=64: 1 x 3.72 us = 3.72 us (174.796 GFLOPS/s)
MUL_MAT_ADD MUL_MAT_VEC q6_K m=5120 n=5 k=17408: 1 x 156.61 us = 156.61 us (5690.98 GFLOPS/s)
MUL_MAT_ADD MUL_MAT_VEC q6_K m=5120 n=5 k=6144: 1 x 60.96 us = 60.96 us (5159.9 GFLOPS/s)
MUL_MAT_VEC q6_K m=1024 n=5 k=5120: 2 x 9.52 us = 19.04 us (5506.69 GFLOPS/s)
MUL_MAT_VEC q6_K m=12288 n=5 k=5120: 1 x 126.95 us = 126.95 us (4955.37 GFLOPS/s)
MUL_MAT_VEC q6_K m=17408 n=5 k=5120: 2 x 136.96 us = 273.92 us (6507.03 GFLOPS/s)
MUL_MAT_VEC q8_0 m=5120 n=5 k=10240: 1 x 105 us = 105 us (4992.98 GFLOPS/s)
RMS_NORM_MUL RMS_NORM(256,24,5,1): 1 x 3.88 us = 3.88 us
RMS_NORM_MUL RMS_NORM(256,4,5,1): 1 x 3.72 us = 3.72 us
RMS_NORM_MUL RMS_NORM(5120,5,1,1): 5 x 8.62 us = 43.1 us
ROPE: 2 x 3.72 us = 7.44 us
SET_ROWS: 2 x 1.9 us = 3.8 us
SIGMOID_MUL SIGMOID: 1 x 1.76 us = 1.76 us
Total time: 849.18 us.
----------------
Vulkan Timings:
CONCAT: 1 x 3.64 us = 3.64 us
CONT: 1 x 3.48 us = 3.48 us
FLASH_ATTN_EXT dst(256,24,1,1),  q(256,1,24,1),  k(256,256,4,1),  v(256,256,4,1),  m(256,1,1,1): 1 x 12.64 us = 12.64 us (497.742 GFLOPS/s)
GET_ROWS: 2 x 4.28 us = 8.56 us
GLU: 1 x 1.68 us = 1.68 us
MUL_MAT f32 m=256 n=24 k=256: 1 x 1.48 us = 1.48 us (2121.34 GFLOPS/s)
MUL_MAT f32 m=64 n=16 k=64: 1 x 1.84 us = 1.84 us (70.6783 GFLOPS/s)
MUL_MAT f32 m=64 n=96 k=64: 1 x 3.2 us = 3.2 us (243.84 GFLOPS/s)
MUL_MAT_ADD MUL_MAT_VEC q6_K m=5120 n=1 k=17408: 1 x 130.88 us = 130.88 us (1361.96 GFLOPS/s)
MUL_MAT_ADD MUL_MAT_VEC q6_K m=5120 n=1 k=6144: 1 x 53.76 us = 53.76 us (1170.19 GFLOPS/s)
MUL_MAT_VEC f32 m=256 n=4 k=256: 1 x 3 us = 3 us (174.421 GFLOPS/s)
MUL_MAT_VEC q6_K m=1024 n=1 k=5120: 2 x 9.42 us = 18.84 us (1113.03 GFLOPS/s)
MUL_MAT_VEC q6_K m=12288 n=1 k=5120: 1 x 89.84 us = 89.84 us (1400.45 GFLOPS/s)
MUL_MAT_VEC q6_K m=17408 n=1 k=5120: 2 x 117.74 us = 235.48 us (1513.85 GFLOPS/s)
MUL_MAT_VEC q6_K m=98304 n=1 k=5120: 1 x 673.83 us = 673.83 us (1493.75 GFLOPS/s)
MUL_MAT_VEC q8_0 m=5120 n=1 k=10240: 1 x 91.84 us = 91.84 us (1141.69 GFLOPS/s)
PAD: 1 x 6.36 us = 6.36 us
RMS_NORM_MUL RMS_NORM(256,24,1,1): 1 x 3.16 us = 3.16 us
RMS_NORM_MUL RMS_NORM(256,4,1,1): 1 x 4.76 us = 4.76 us
RMS_NORM_MUL RMS_NORM(5120,1,1,1): 5 x 4.352 us = 21.76 us
ROPE: 2 x 3.3 us = 6.6 us
SET_ROWS: 2 x 2.58 us = 5.16 us
SIGMOID_MUL SIGMOID: 1 x 1.56 us = 1.56 us
TOP_K K=10 (98304,1,1,1): 1 x 8.96 us = 8.96 us
Total time: 1392.31 us.
----------------
Vulkan Timings:
CONCAT: 1 x 3.8 us = 3.8 us
CONT: 1 x 3.6 us = 3.6 us
FLASH_ATTN_EXT dst(256,24,1,1),  q(256,1,24,1),  k(256,256,4,1),  v(256,256,4,1),  m(256,1,1,1): 1 x 12.8 us = 12.8 us (491.52 GFLOPS/s)
GET_ROWS: 2 x 4.3 us = 8.6 us
GLU: 1 x 1.92 us = 1.92 us
MUL_MAT f32 m=256 n=24 k=256: 1 x 1.68 us = 1.68 us (1868.8 GFLOPS/s)
MUL_MAT f32 m=64 n=16 k=64: 1 x 3.6 us = 3.6 us (36.1244 GFLOPS/s)
MUL_MAT f32 m=64 n=96 k=64: 1 x 3.6 us = 3.6 us (216.747 GFLOPS/s)
MUL_MAT_ADD MUL_MAT_VEC q6_K m=5120 n=1 k=17408: 1 x 124.16 us = 124.16 us (1435.67 GFLOPS/s)
MUL_MAT_ADD MUL_MAT_VEC q6_K m=5120 n=1 k=6144: 1 x 53.6 us = 53.6 us (1173.68 GFLOPS/s)
MUL_MAT_VEC f32 m=256 n=4 k=256: 1 x 3.04 us = 3.04 us (172.126 GFLOPS/s)
MUL_MAT_VEC q6_K m=1024 n=1 k=5120: 2 x 8.3 us = 16.6 us (1263.22 GFLOPS/s)
MUL_MAT_VEC q6_K m=12288 n=1 k=5120: 1 x 85.88 us = 85.88 us (1465.03 GFLOPS/s)
MUL_MAT_VEC q6_K m=17408 n=1 k=5120: 2 x 121.5 us = 243 us (1467 GFLOPS/s)
MUL_MAT_VEC q6_K m=98304 n=1 k=5120: 1 x 674.42 us = 674.42 us (1492.44 GFLOPS/s)
MUL_MAT_VEC q8_0 m=5120 n=1 k=10240: 1 x 101 us = 101 us (1038.14 GFLOPS/s)
PAD: 1 x 6.28 us = 6.28 us
RMS_NORM_MUL RMS_NORM(256,24,1,1): 1 x 5.32 us = 5.32 us
RMS_NORM_MUL RMS_NORM(256,4,1,1): 1 x 3.56 us = 3.56 us
RMS_NORM_MUL RMS_NORM(5120,1,1,1): 5 x 3.744 us = 18.72 us
ROPE: 2 x 3.56 us = 7.12 us
SET_ROWS: 2 x 2.66 us = 5.32 us
SIGMOID_MUL SIGMOID: 1 x 1.68 us = 1.68 us
TOP_K K=10 (98304,1,1,1): 1 x 8.76 us = 8.76 us
Total time: 1398.06 us.
----------------
Vulkan Timings:
CONCAT: 1 x 3.76 us = 3.76 us
CONT: 1 x 3.6 us = 3.6 us
FLASH_ATTN_EXT dst(256,24,1,1),  q(256,1,24,1),  k(256,256,4,1),  v(256,256,4,1),  m(256,1,1,1): 1 x 13.04 us = 13.04 us (482.474 GFLOPS/s)
GET_ROWS: 2 x 6.18 us = 12.36 us
GLU: 1 x 1.8 us = 1.8 us
MUL_MAT f32 m=256 n=24 k=256: 1 x 1.68 us = 1.68 us (1868.8 GFLOPS/s)
MUL_MAT f32 m=64 n=16 k=64: 1 x 3.64 us = 3.64 us (35.7275 GFLOPS/s)
MUL_MAT f32 m=64 n=96 k=64: 1 x 3.56 us = 3.56 us (219.182 GFLOPS/s)
MUL_MAT_ADD MUL_MAT_VEC q6_K m=5120 n=1 k=17408: 1 x 123.68 us = 123.68 us (1441.24 GFLOPS/s)
MUL_MAT_ADD MUL_MAT_VEC q6_K m=5120 n=1 k=6144: 1 x 54.08 us = 54.08 us (1163.27 GFLOPS/s)
MUL_MAT_VEC f32 m=256 n=4 k=256: 1 x 3.04 us = 3.04 us (172.126 GFLOPS/s)
MUL_MAT_VEC q6_K m=1024 n=1 k=5120: 2 x 9.02 us = 18.04 us (1162.39 GFLOPS/s)
MUL_MAT_VEC q6_K m=12288 n=1 k=5120: 1 x 85.56 us = 85.56 us (1470.51 GFLOPS/s)
MUL_MAT_VEC q6_K m=17408 n=1 k=5120: 2 x 121.12 us = 242.24 us (1471.6 GFLOPS/s)
MUL_MAT_VEC q6_K m=98304 n=1 k=5120: 1 x 672.54 us = 672.54 us (1496.62 GFLOPS/s)
MUL_MAT_VEC q8_0 m=5120 n=1 k=10240: 1 x 100.92 us = 100.92 us (1038.97 GFLOPS/s)
PAD: 1 x 4.88 us = 4.88 us
RMS_NORM_MUL RMS_NORM(256,24,1,1): 1 x 3.64 us = 3.64 us
RMS_NORM_MUL RMS_NORM(256,4,1,1): 1 x 3.6 us = 3.6 us
RMS_NORM_MUL RMS_NORM(5120,1,1,1): 5 x 3.696 us = 18.48 us
ROPE: 2 x 3.58 us = 7.16 us
SET_ROWS: 2 x 2.62 us = 5.24 us
SIGMOID_MUL SIGMOID: 1 x 1.68 us = 1.68 us
TOP_K K=10 (98304,1,1,1): 1 x 8.76 us = 8.76 us
Total time: 1396.98 us.
----------------
Vulkan Timings:
CONCAT: 1 x 3.72 us = 3.72 us
CONT: 1 x 3.64 us = 3.64 us
FLASH_ATTN_EXT dst(256,24,1,1),  q(256,1,24,1),  k(256,256,4,1),  v(256,256,4,1),  m(256,1,1,1): 1 x 12.92 us = 12.92 us (486.955 GFLOPS/s)
GET_ROWS: 2 x 4.28 us = 8.56 us
GLU: 1 x 1.84 us = 1.84 us
MUL_MAT f32 m=256 n=24 k=256: 1 x 1.64 us = 1.64 us (1914.38 GFLOPS/s)
MUL_MAT f32 m=64 n=16 k=64: 1 x 3.6 us = 3.6 us (36.1244 GFLOPS/s)
MUL_MAT f32 m=64 n=96 k=64: 1 x 3.6 us = 3.6 us (216.747 GFLOPS/s)
MUL_MAT_ADD MUL_MAT_VEC q6_K m=5120 n=1 k=17408: 1 x 123.64 us = 123.64 us (1441.71 GFLOPS/s)
MUL_MAT_ADD MUL_MAT_VEC q6_K m=5120 n=1 k=6144: 1 x 54.4 us = 54.4 us (1156.42 GFLOPS/s)
MUL_MAT_VEC f32 m=256 n=4 k=256: 1 x 3 us = 3 us (174.421 GFLOPS/s)
MUL_MAT_VEC q6_K m=1024 n=1 k=5120: 2 x 9.14 us = 18.28 us (1147.13 GFLOPS/s)
MUL_MAT_VEC q6_K m=12288 n=1 k=5120: 1 x 85.48 us = 85.48 us (1471.89 GFLOPS/s)
MUL_MAT_VEC q6_K m=17408 n=1 k=5120: 2 x 121.42 us = 242.84 us (1467.97 GFLOPS/s)
MUL_MAT_VEC q6_K m=98304 n=1 k=5120: 1 x 672.89 us = 672.89 us (1495.84 GFLOPS/s)
MUL_MAT_VEC q8_0 m=5120 n=1 k=10240: 1 x 100.8 us = 100.8 us (1040.2 GFLOPS/s)
PAD: 1 x 6.36 us = 6.36 us
RMS_NORM_MUL RMS_NORM(256,24,1,1): 1 x 3.64 us = 3.64 us
RMS_NORM_MUL RMS_NORM(256,4,1,1): 1 x 3.56 us = 3.56 us
RMS_NORM_MUL RMS_NORM(5120,1,1,1): 5 x 3.792 us = 18.96 us
ROPE: 2 x 3.54 us = 7.08 us
SET_ROWS: 2 x 2.64 us = 5.28 us
SIGMOID_MUL SIGMOID: 1 x 1.72 us = 1.72 us
TOP_K K=10 (98304,1,1,1): 1 x 8.56 us = 8.56 us
Total time: 1396.01 us.
----------------
Vulkan Timings:
ADD: 48 x 3.75 us = 180 us
CONCAT: 48 x 2.485 us = 119.32 us
CONT: 16 x 3.835 us = 61.36 us
CPY: 240 x 2.226 us = 534.44 us
FLASH_ATTN_EXT dst(256,24,5,1),  q(256,5,24,1),  k(256,256,4,1),  v(256,256,4,1),  m(256,5,1,1): 16 x 21.045 us = 336.72 us (1494.76 GFLOPS/s)
GDN_CACHE GATED_DELTA_NET: 48 x 13.97 us = 670.56 us
GET_ROWS: 50 x 25.983 us = 1299.16 us
GLU: 64 x 2.97 us = 190.12 us
MUL_MAT f32 m=256 n=120 k=256: 16 x 1.805 us = 28.88 us (8696.91 GFLOPS/s)
MUL_MAT f32 m=256 n=20 k=256: 16 x 3.107 us = 49.72 us (841.937 GFLOPS/s)
MUL_MAT f32 m=64 n=480 k=64: 16 x 3.63 us = 58.08 us (1074.78 GFLOPS/s)
MUL_MAT f32 m=64 n=80 k=64: 16 x 3.267 us = 52.28 us (199.002 GFLOPS/s)
MUL_MAT_ADD MUL_MAT_VEC q6_K m=5120 n=5 k=17408: 64 x 130.525 us = 8353.64 us (6828.27 GFLOPS/s)
MUL_MAT_ADD MUL_MAT_VEC q6_K m=5120 n=5 k=6144: 16 x 55.112 us = 881.8 us (5707.37 GFLOPS/s)
MUL_MAT_VEC f32 m=48 n=5 k=5120: 96 x 3.414 us = 327.8 us (719.666 GFLOPS/s)
MUL_MAT_VEC q6_K m=1024 n=5 k=5120: 32 x 10.956 us = 350.6 us (4784.82 GFLOPS/s)
MUL_MAT_VEC q6_K m=10240 n=5 k=5120: 48 x 81.967 us = 3934.44 us (6395.67 GFLOPS/s)
MUL_MAT_VEC q6_K m=12288 n=5 k=5120: 16 x 94.972 us = 1519.56 us (6623.86 GFLOPS/s)
MUL_MAT_VEC q6_K m=17408 n=5 k=5120: 128 x 140.99 us = 18046.8 us (6321.02 GFLOPS/s)
MUL_MAT_VEC q6_K m=248320 n=5 k=5120: 1 x 1773.72 us = 1773.72 us (7167.28 GFLOPS/s)
MUL_MAT_VEC q6_K m=6144 n=5 k=5120: 48 x 53.468 us = 2566.48 us (5882.77 GFLOPS/s)
MUL_MAT_VEC q8_0 m=5120 n=5 k=6144: 48 x 62.943 us = 3021.28 us (4997.31 GFLOPS/s)
RMS_NORM_MUL RMS_NORM(256,24,5,1): 16 x 3.937 us = 63 us
RMS_NORM_MUL RMS_NORM(256,4,5,1): 16 x 4.405 us = 70.48 us
RMS_NORM_MUL RMS_NORM(5120,5,1,1): 129 x 4.53 us = 584.48 us
RMS_NORM_MUL_SILU_MUL RMS_NORM(128,48,5,1): 48 x 5.641 us = 270.8 us
RMS_NORM_SCALE RMS_NORM(128,16,5,1): 96 x 2.672 us = 256.56 us
ROPE: 32 x 3.838 us = 122.84 us
SET_ROWS: 32 x 2.877 us = 92.08 us
SIGMOID_MUL SIGMOID: 16 x 3.685 us = 58.96 us
SSM_CONV_SILU SSM_CONV: 48 x 5.7 us = 273.64 us
Total time: 46149.6 us.
----------------
Vulkan Timings:
CONCAT: 1 x 4.04 us = 4.04 us
CONT: 1 x 3.72 us = 3.72 us
FLASH_ATTN_EXT dst(256,24,5,1),  q(256,5,24,1),  k(256,256,4,1),  v(256,256,4,1),  m(256,5,1,1): 1 x 22.28 us = 22.28 us (1411.91 GFLOPS/s)
GLU: 1 x 1.76 us = 1.76 us
MUL_MAT f32 m=256 n=120 k=256: 1 x 2.2 us = 2.2 us (7135.42 GFLOPS/s)
MUL_MAT f32 m=256 n=20 k=256: 1 x 0.76 us = 0.76 us (3442.53 GFLOPS/s)
MUL_MAT f32 m=64 n=480 k=64: 1 x 3.68 us = 3.68 us (1060.17 GFLOPS/s)
MUL_MAT f32 m=64 n=80 k=64: 1 x 3.64 us = 3.64 us (178.637 GFLOPS/s)
MUL_MAT_ADD MUL_MAT_VEC q6_K m=5120 n=5 k=17408: 1 x 154.95 us = 154.95 us (5751.95 GFLOPS/s)
MUL_MAT_ADD MUL_MAT_VEC q6_K m=5120 n=5 k=6144: 1 x 61.68 us = 61.68 us (5099.66 GFLOPS/s)
MUL_MAT_VEC q6_K m=1024 n=5 k=5120: 2 x 9.08 us = 18.16 us (5773.53 GFLOPS/s)
MUL_MAT_VEC q6_K m=12288 n=5 k=5120: 1 x 123.25 us = 123.25 us (5104.13 GFLOPS/s)
MUL_MAT_VEC q6_K m=17408 n=5 k=5120: 2 x 135.62 us = 271.24 us (6571.32 GFLOPS/s)
MUL_MAT_VEC q8_0 m=5120 n=5 k=10240: 1 x 106.68 us = 106.68 us (4914.35 GFLOPS/s)
RMS_NORM_MUL RMS_NORM(256,24,5,1): 1 x 3.76 us = 3.76 us
RMS_NORM_MUL RMS_NORM(256,4,5,1): 1 x 3.6 us = 3.6 us
RMS_NORM_MUL RMS_NORM(5120,5,1,1): 5 x 8.154 us = 40.77 us
ROPE: 2 x 3.66 us = 7.32 us
SET_ROWS: 2 x 2.86 us = 5.72 us
SIGMOID_MUL SIGMOID: 1 x 1.72 us = 1.72 us
Total time: 840.93 us.
----------------
Vulkan Timings:
CONCAT: 1 x 3.76 us = 3.76 us
CONT: 1 x 3.52 us = 3.52 us
FLASH_ATTN_EXT dst(256,24,1,1),  q(256,1,24,1),  k(256,256,4,1),  v(256,256,4,1),  m(256,1,1,1): 1 x 12.48 us = 12.48 us (504.123 GFLOPS/s)
GET_ROWS: 2 x 4.28 us = 8.56 us
GLU: 1 x 1.64 us = 1.64 us
MUL_MAT f32 m=256 n=24 k=256: 1 x 1.56 us = 1.56 us (2012.55 GFLOPS/s)
MUL_MAT f32 m=64 n=16 k=64: 1 x 1.76 us = 1.76 us (73.8909 GFLOPS/s)
MUL_MAT f32 m=64 n=96 k=64: 1 x 3.2 us = 3.2 us (243.84 GFLOPS/s)
MUL_MAT_ADD MUL_MAT_VEC q6_K m=5120 n=1 k=17408: 1 x 129.92 us = 129.92 us (1372.02 GFLOPS/s)
MUL_MAT_ADD MUL_MAT_VEC q6_K m=5120 n=1 k=6144: 1 x 54.6 us = 54.6 us (1152.19 GFLOPS/s)
MUL_MAT_VEC f32 m=256 n=4 k=256: 1 x 3 us = 3 us (174.421 GFLOPS/s)
MUL_MAT_VEC q6_K m=1024 n=1 k=5120: 2 x 9.48 us = 18.96 us (1105.98 GFLOPS/s)
MUL_MAT_VEC q6_K m=12288 n=1 k=5120: 1 x 89.92 us = 89.92 us (1399.21 GFLOPS/s)
MUL_MAT_VEC q6_K m=17408 n=1 k=5120: 2 x 117.86 us = 235.72 us (1512.31 GFLOPS/s)
MUL_MAT_VEC q6_K m=98304 n=1 k=5120: 1 x 672.61 us = 672.61 us (1496.46 GFLOPS/s)
MUL_MAT_VEC q8_0 m=5120 n=1 k=10240: 1 x 91.96 us = 91.96 us (1140.2 GFLOPS/s)
PAD: 1 x 6.32 us = 6.32 us
RMS_NORM_MUL RMS_NORM(256,24,1,1): 1 x 3.16 us = 3.16 us
RMS_NORM_MUL RMS_NORM(256,4,1,1): 1 x 4.8 us = 4.8 us
RMS_NORM_MUL RMS_NORM(5120,1,1,1): 5 x 4.208 us = 21.04 us
ROPE: 2 x 3.3 us = 6.6 us
SET_ROWS: 2 x 2.62 us = 5.24 us
SIGMOID_MUL SIGMOID: 1 x 1.8 us = 1.8 us
TOP_K K=10 (98304,1,1,1): 1 x 9.08 us = 9.08 us
Total time: 1391.21 us.
----------------
Vulkan Timings:
CONCAT: 1 x 3.96 us = 3.96 us
CONT: 1 x 3.6 us = 3.6 us
FLASH_ATTN_EXT dst(256,24,1,1),  q(256,1,24,1),  k(256,256,4,1),  v(256,256,4,1),  m(256,1,1,1): 1 x 12.8 us = 12.8 us (491.52 GFLOPS/s)
GET_ROWS: 2 x 4.3 us = 8.6 us
GLU: 1 x 1.8 us = 1.8 us
MUL_MAT f32 m=256 n=24 k=256: 1 x 1.64 us = 1.64 us (1914.38 GFLOPS/s)
MUL_MAT f32 m=64 n=16 k=64: 1 x 3.6 us = 3.6 us (36.1244 GFLOPS/s)
MUL_MAT f32 m=64 n=96 k=64: 1 x 3.56 us = 3.56 us (219.182 GFLOPS/s)
MUL_MAT_ADD MUL_MAT_VEC q6_K m=5120 n=1 k=17408: 1 x 123.12 us = 123.12 us (1447.8 GFLOPS/s)
MUL_MAT_ADD MUL_MAT_VEC q6_K m=5120 n=1 k=6144: 1 x 53.2 us = 53.2 us (1182.51 GFLOPS/s)
MUL_MAT_VEC f32 m=256 n=4 k=256: 1 x 3.04 us = 3.04 us (172.126 GFLOPS/s)
MUL_MAT_VEC q6_K m=1024 n=1 k=5120: 2 x 9.34 us = 18.68 us (1122.56 GFLOPS/s)
MUL_MAT_VEC q6_K m=12288 n=1 k=5120: 1 x 85.56 us = 85.56 us (1470.51 GFLOPS/s)
MUL_MAT_VEC q6_K m=17408 n=1 k=5120: 2 x 121.14 us = 242.28 us (1471.36 GFLOPS/s)
MUL_MAT_VEC q6_K m=98304 n=1 k=5120: 1 x 673.94 us = 673.94 us (1493.51 GFLOPS/s)
MUL_MAT_VEC q8_0 m=5120 n=1 k=10240: 1 x 101.72 us = 101.72 us (1030.8 GFLOPS/s)
PAD: 1 x 6.32 us = 6.32 us
RMS_NORM_MUL RMS_NORM(256,24,1,1): 1 x 3.6 us = 3.6 us
RMS_NORM_MUL RMS_NORM(256,4,1,1): 1 x 3.6 us = 3.6 us
RMS_NORM_MUL RMS_NORM(5120,1,1,1): 5 x 3.744 us = 18.72 us
ROPE: 2 x 3.58 us = 7.16 us
SET_ROWS: 2 x 2.62 us = 5.24 us
SIGMOID_MUL SIGMOID: 1 x 1.64 us = 1.64 us
TOP_K K=10 (98304,1,1,1): 1 x 8.8 us = 8.8 us
Total time: 1396.18 us.
----------------
Vulkan Timings:
CONCAT: 1 x 3.76 us = 3.76 us
CONT: 1 x 3.64 us = 3.64 us
FLASH_ATTN_EXT dst(256,24,1,1),  q(256,1,24,1),  k(256,256,4,1),  v(256,256,4,1),  m(256,1,1,1): 1 x 12.88 us = 12.88 us (488.467 GFLOPS/s)
GET_ROWS: 2 x 4.16 us = 8.32 us
GLU: 1 x 1.68 us = 1.68 us
MUL_MAT f32 m=256 n=24 k=256: 1 x 1.6 us = 1.6 us (1962.24 GFLOPS/s)
MUL_MAT f32 m=64 n=16 k=64: 1 x 3.6 us = 3.6 us (36.1244 GFLOPS/s)
MUL_MAT f32 m=64 n=96 k=64: 1 x 3.6 us = 3.6 us (216.747 GFLOPS/s)
MUL_MAT_ADD MUL_MAT_VEC q6_K m=5120 n=1 k=17408: 1 x 123.2 us = 123.2 us (1446.86 GFLOPS/s)
MUL_MAT_ADD MUL_MAT_VEC q6_K m=5120 n=1 k=6144: 1 x 54 us = 54 us (1164.99 GFLOPS/s)
MUL_MAT_VEC f32 m=256 n=4 k=256: 1 x 3.08 us = 3.08 us (169.891 GFLOPS/s)
MUL_MAT_VEC q6_K m=1024 n=1 k=5120: 2 x 9.1 us = 18.2 us (1152.17 GFLOPS/s)
MUL_MAT_VEC q6_K m=12288 n=1 k=5120: 1 x 85.48 us = 85.48 us (1471.89 GFLOPS/s)
MUL_MAT_VEC q6_K m=17408 n=1 k=5120: 2 x 121.14 us = 242.28 us (1471.36 GFLOPS/s)
MUL_MAT_VEC q6_K m=98304 n=1 k=5120: 1 x 675.5 us = 675.5 us (1490.06 GFLOPS/s)
MUL_MAT_VEC q8_0 m=5120 n=1 k=10240: 1 x 101.68 us = 101.68 us (1031.2 GFLOPS/s)
PAD: 1 x 6.36 us = 6.36 us
RMS_NORM_MUL RMS_NORM(256,24,1,1): 1 x 3.64 us = 3.64 us
RMS_NORM_MUL RMS_NORM(256,4,1,1): 1 x 3.6 us = 3.6 us
RMS_NORM_MUL RMS_NORM(5120,1,1,1): 5 x 3.704 us = 18.52 us
ROPE: 2 x 3.56 us = 7.12 us
SET_ROWS: 2 x 2.68 us = 5.36 us
SIGMOID_MUL SIGMOID: 1 x 1.72 us = 1.72 us
TOP_K K=10 (98304,1,1,1): 1 x 8.76 us = 8.76 us
Total time: 1397.58 us.
----------------
Vulkan Timings:
CONCAT: 1 x 3.72 us = 3.72 us
CONT: 1 x 3.64 us = 3.64 us
FLASH_ATTN_EXT dst(256,24,1,1),  q(256,1,24,1),  k(256,256,4,1),  v(256,256,4,1),  m(256,1,1,1): 1 x 12.96 us = 12.96 us (485.452 GFLOPS/s)
GET_ROWS: 2 x 4.32 us = 8.64 us
GLU: 1 x 1.76 us = 1.76 us
MUL_MAT f32 m=256 n=24 k=256: 1 x 1.68 us = 1.68 us (1868.8 GFLOPS/s)
MUL_MAT f32 m=64 n=16 k=64: 1 x 3.6 us = 3.6 us (36.1244 GFLOPS/s)
MUL_MAT f32 m=64 n=96 k=64: 1 x 3.6 us = 3.6 us (216.747 GFLOPS/s)
MUL_MAT_ADD MUL_MAT_VEC q6_K m=5120 n=1 k=17408: 1 x 122.88 us = 122.88 us (1450.62 GFLOPS/s)
MUL_MAT_ADD MUL_MAT_VEC q6_K m=5120 n=1 k=6144: 1 x 54.88 us = 54.88 us (1146.31 GFLOPS/s)
MUL_MAT_VEC f32 m=256 n=4 k=256: 1 x 3 us = 3 us (174.421 GFLOPS/s)
MUL_MAT_VEC q6_K m=1024 n=1 k=5120: 2 x 9.12 us = 18.24 us (1149.64 GFLOPS/s)
MUL_MAT_VEC q6_K m=12288 n=1 k=5120: 1 x 85.44 us = 85.44 us (1472.58 GFLOPS/s)
MUL_MAT_VEC q6_K m=17408 n=1 k=5120: 2 x 121.24 us = 242.48 us (1470.15 GFLOPS/s)
MUL_MAT_VEC q6_K m=98304 n=1 k=5120: 1 x 673.98 us = 673.98 us (1493.42 GFLOPS/s)
MUL_MAT_VEC q8_0 m=5120 n=1 k=10240: 1 x 101.12 us = 101.12 us (1036.91 GFLOPS/s)
PAD: 1 x 6.28 us = 6.28 us
RMS_NORM_MUL RMS_NORM(256,24,1,1): 1 x 3.6 us = 3.6 us
RMS_NORM_MUL RMS_NORM(256,4,1,1): 1 x 3.6 us = 3.6 us
RMS_NORM_MUL RMS_NORM(5120,1,1,1): 5 x 3.696 us = 18.48 us
ROPE: 2 x 3.58 us = 7.16 us
SET_ROWS: 2 x 2.64 us = 5.28 us
SIGMOID_MUL SIGMOID: 1 x 1.68 us = 1.68 us
TOP_K K=10 (98304,1,1,1): 1 x 9.12 us = 9.12 us
Total time: 1396.82 us.
----------------
Vulkan Timings:
ADD: 48 x 3.76 us = 180.48 us
CONCAT: 48 x 2.388 us = 114.64 us
CONT: 16 x 3.837 us = 61.4 us
CPY: 240 x 2.247 us = 539.36 us
FLASH_ATTN_EXT dst(256,24,5,1),  q(256,5,24,1),  k(256,256,4,1),  v(256,256,4,1),  m(256,5,1,1): 16 x 20.945 us = 335.12 us (1501.9 GFLOPS/s)
GDN_CACHE GATED_DELTA_NET: 48 x 13.882 us = 666.36 us
GET_ROWS: 50 x 25.948 us = 1297.44 us
GLU: 64 x 2.925 us = 187.24 us
MUL_MAT f32 m=256 n=120 k=256: 16 x 1.825 us = 29.2 us (8601.6 GFLOPS/s)
MUL_MAT f32 m=256 n=20 k=256: 16 x 3.117 us = 49.88 us (839.237 GFLOPS/s)
MUL_MAT f32 m=64 n=480 k=64: 16 x 3.637 us = 58.2 us (1072.56 GFLOPS/s)
MUL_MAT f32 m=64 n=80 k=64: 16 x 3.28 us = 52.48 us (198.244 GFLOPS/s)
MUL_MAT_ADD MUL_MAT_VEC q6_K m=5120 n=5 k=17408: 64 x 130.5 us = 8352 us (6829.61 GFLOPS/s)
MUL_MAT_ADD MUL_MAT_VEC q6_K m=5120 n=5 k=6144: 16 x 55.272 us = 884.36 us (5690.84 GFLOPS/s)
MUL_MAT_VEC f32 m=48 n=5 k=5120: 96 x 3.49 us = 335.04 us (704.115 GFLOPS/s)
MUL_MAT_VEC q6_K m=1024 n=5 k=5120: 32 x 10.927 us = 349.68 us (4797.41 GFLOPS/s)
MUL_MAT_VEC q6_K m=10240 n=5 k=5120: 48 x 81.93 us = 3932.64 us (6398.59 GFLOPS/s)
MUL_MAT_VEC q6_K m=12288 n=5 k=5120: 16 x 95.25 us = 1524 us (6604.56 GFLOPS/s)
MUL_MAT_VEC q6_K m=17408 n=5 k=5120: 128 x 141.077 us = 18057.9 us (6317.13 GFLOPS/s)
MUL_MAT_VEC q6_K m=248320 n=5 k=5120: 1 x 1768.08 us = 1768.08 us (7190.14 GFLOPS/s)
MUL_MAT_VEC q6_K m=6144 n=5 k=5120: 48 x 53.448 us = 2565.52 us (5884.97 GFLOPS/s)
MUL_MAT_VEC q8_0 m=5120 n=5 k=6144: 48 x 63.041 us = 3026 us (4989.51 GFLOPS/s)
RMS_NORM_MUL RMS_NORM(256,24,5,1): 16 x 4.127 us = 66.04 us
RMS_NORM_MUL RMS_NORM(256,4,5,1): 16 x 4.425 us = 70.8 us
RMS_NORM_MUL RMS_NORM(5120,5,1,1): 129 x 4.579 us = 590.76 us
RMS_NORM_MUL_SILU_MUL RMS_NORM(128,48,5,1): 48 x 5.644 us = 270.92 us
RMS_NORM_SCALE RMS_NORM(128,16,5,1): 96 x 2.625 us = 252.04 us
ROPE: 32 x 3.858 us = 123.48 us
SET_ROWS: 32 x 2.945 us = 94.24 us
SIGMOID_MUL SIGMOID: 16 x 3.692 us = 59.08 us
SSM_CONV_SILU SSM_CONV: 48 x 5.707 us = 273.96 us
Total time: 46168.3 us.
----------------
Vulkan Timings:
CONCAT: 1 x 4 us = 4 us
CONT: 1 x 3.64 us = 3.64 us
FLASH_ATTN_EXT dst(256,24,5,1),  q(256,5,24,1),  k(256,256,4,1),  v(256,256,4,1),  m(256,5,1,1): 1 x 20.76 us = 20.76 us (1515.28 GFLOPS/s)
GLU: 1 x 1.52 us = 1.52 us
MUL_MAT f32 m=256 n=120 k=256: 1 x 1.68 us = 1.68 us (9344 GFLOPS/s)
MUL_MAT f32 m=256 n=20 k=256: 1 x 3.08 us = 3.08 us (849.455 GFLOPS/s)
MUL_MAT f32 m=64 n=480 k=64: 1 x 3.68 us = 3.68 us (1060.17 GFLOPS/s)
MUL_MAT f32 m=64 n=80 k=64: 1 x 3.64 us = 3.64 us (178.637 GFLOPS/s)
MUL_MAT_ADD MUL_MAT_VEC q6_K m=5120 n=5 k=17408: 1 x 154.64 us = 154.64 us (5763.48 GFLOPS/s)
MUL_MAT_ADD MUL_MAT_VEC q6_K m=5120 n=5 k=6144: 1 x 61.92 us = 61.92 us (5079.9 GFLOPS/s)
MUL_MAT_VEC q6_K m=1024 n=5 k=5120: 2 x 9.24 us = 18.48 us (5673.56 GFLOPS/s)
MUL_MAT_VEC q6_K m=12288 n=5 k=5120: 1 x 122.25 us = 122.25 us (5145.88 GFLOPS/s)
MUL_MAT_VEC q6_K m=17408 n=5 k=5120: 2 x 136.32 us = 272.64 us (6537.58 GFLOPS/s)
MUL_MAT_VEC q8_0 m=5120 n=5 k=10240: 1 x 107.36 us = 107.36 us (4883.22 GFLOPS/s)
RMS_NORM_MUL RMS_NORM(256,24,5,1): 1 x 3.8 us = 3.8 us
RMS_NORM_MUL RMS_NORM(256,4,5,1): 1 x 3.64 us = 3.64 us
RMS_NORM_MUL RMS_NORM(5120,5,1,1): 5 x 8.888 us = 44.44 us
ROPE: 2 x 3.7 us = 7.4 us
SET_ROWS: 2 x 2.68 us = 5.36 us
SIGMOID_MUL SIGMOID: 1 x 1.72 us = 1.72 us
Total time: 845.65 us.
----------------
Vulkan Timings:
CONCAT: 1 x 3.6 us = 3.6 us
CONT: 1 x 3.52 us = 3.52 us
FLASH_ATTN_EXT dst(256,24,1,1),  q(256,1,24,1),  k(256,256,4,1),  v(256,256,4,1),  m(256,1,1,1): 1 x 12.52 us = 12.52 us (502.512 GFLOPS/s)
GET_ROWS: 2 x 4.28 us = 8.56 us
GLU: 1 x 1.68 us = 1.68 us
MUL_MAT f32 m=256 n=24 k=256: 1 x 1.56 us = 1.56 us (2012.55 GFLOPS/s)
MUL_MAT f32 m=64 n=16 k=64: 1 x 1.84 us = 1.84 us (70.6783 GFLOPS/s)
MUL_MAT f32 m=64 n=96 k=64: 1 x 3.2 us = 3.2 us (243.84 GFLOPS/s)
MUL_MAT_ADD MUL_MAT_VEC q6_K m=5120 n=1 k=17408: 1 x 130.48 us = 130.48 us (1366.13 GFLOPS/s)
MUL_MAT_ADD MUL_MAT_VEC q6_K m=5120 n=1 k=6144: 1 x 53.36 us = 53.36 us (1178.96 GFLOPS/s)
MUL_MAT_VEC f32 m=256 n=4 k=256: 1 x 3 us = 3 us (174.421 GFLOPS/s)
MUL_MAT_VEC q6_K m=1024 n=1 k=5120: 2 x 9.28 us = 18.56 us (1129.82 GFLOPS/s)
MUL_MAT_VEC q6_K m=12288 n=1 k=5120: 1 x 90.24 us = 90.24 us (1394.25 GFLOPS/s)
MUL_MAT_VEC q6_K m=17408 n=1 k=5120: 2 x 117.98 us = 235.96 us (1510.77 GFLOPS/s)
MUL_MAT_VEC q6_K m=98304 n=1 k=5120: 1 x 674.14 us = 674.14 us (1493.06 GFLOPS/s)
MUL_MAT_VEC q8_0 m=5120 n=1 k=10240: 1 x 91.68 us = 91.68 us (1143.68 GFLOPS/s)
PAD: 1 x 6.36 us = 6.36 us
RMS_NORM_MUL RMS_NORM(256,24,1,1): 1 x 3.2 us = 3.2 us
RMS_NORM_MUL RMS_NORM(256,4,1,1): 1 x 4.88 us = 4.88 us
RMS_NORM_MUL RMS_NORM(5120,1,1,1): 5 x 4.368 us = 21.84 us
ROPE: 2 x 3.32 us = 6.64 us
SET_ROWS: 2 x 2.58 us = 5.16 us
SIGMOID_MUL SIGMOID: 1 x 1.56 us = 1.56 us
TOP_K K=10 (98304,1,1,1): 1 x 8.84 us = 8.84 us
Total time: 1392.38 us.
----------------
Vulkan Timings:
CONCAT: 1 x 3.72 us = 3.72 us
CONT: 1 x 3.64 us = 3.64 us
FLASH_ATTN_EXT dst(256,24,1,1),  q(256,1,24,1),  k(256,256,4,1),  v(256,256,4,1),  m(256,1,1,1): 1 x 12.84 us = 12.84 us (489.989 GFLOPS/s)
GET_ROWS: 2 x 4.26 us = 8.52 us
GLU: 1 x 1.76 us = 1.76 us
MUL_MAT f32 m=256 n=24 k=256: 1 x 1.68 us = 1.68 us (1868.8 GFLOPS/s)
MUL_MAT f32 m=64 n=16 k=64: 1 x 3.6 us = 3.6 us (36.1244 GFLOPS/s)
MUL_MAT f32 m=64 n=96 k=64: 1 x 3.6 us = 3.6 us (216.747 GFLOPS/s)
MUL_MAT_ADD MUL_MAT_VEC q6_K m=5120 n=1 k=17408: 1 x 123.68 us = 123.68 us (1441.24 GFLOPS/s)
MUL_MAT_ADD MUL_MAT_VEC q6_K m=5120 n=1 k=6144: 1 x 54.24 us = 54.24 us (1159.83 GFLOPS/s)
MUL_MAT_VEC f32 m=256 n=4 k=256: 1 x 3.04 us = 3.04 us (172.126 GFLOPS/s)
MUL_MAT_VEC q6_K m=1024 n=1 k=5120: 2 x 9.1 us = 18.2 us (1152.17 GFLOPS/s)
MUL_MAT_VEC q6_K m=12288 n=1 k=5120: 1 x 85.72 us = 85.72 us (1467.77 GFLOPS/s)
MUL_MAT_VEC q6_K m=17408 n=1 k=5120: 2 x 121.28 us = 242.56 us (1469.66 GFLOPS/s)
MUL_MAT_VEC q6_K m=98304 n=1 k=5120: 1 x 675.79 us = 675.79 us (1489.42 GFLOPS/s)
MUL_MAT_VEC q8_0 m=5120 n=1 k=10240: 1 x 101.48 us = 101.48 us (1033.23 GFLOPS/s)
PAD: 1 x 6.4 us = 6.4 us
RMS_NORM_MUL RMS_NORM(256,24,1,1): 1 x 3.64 us = 3.64 us
RMS_NORM_MUL RMS_NORM(256,4,1,1): 1 x 3.56 us = 3.56 us
RMS_NORM_MUL RMS_NORM(5120,1,1,1): 5 x 3.736 us = 18.68 us
ROPE: 2 x 3.52 us = 7.04 us
SET_ROWS: 2 x 2.62 us = 5.24 us
SIGMOID_MUL SIGMOID: 1 x 1.72 us = 1.72 us
TOP_K K=10 (98304,1,1,1): 1 x 9.08 us = 9.08 us
Total time: 1399.43 us.
----------------
Vulkan Timings:
CONCAT: 1 x 3.72 us = 3.72 us
CONT: 1 x 3.6 us = 3.6 us
FLASH_ATTN_EXT dst(256,24,1,1),  q(256,1,24,1),  k(256,256,4,1),  v(256,256,4,1),  m(256,1,1,1): 1 x 13.12 us = 13.12 us (479.532 GFLOPS/s)
GET_ROWS: 2 x 4.32 us = 8.64 us
GLU: 1 x 1.88 us = 1.88 us
MUL_MAT f32 m=256 n=24 k=256: 1 x 1.64 us = 1.64 us (1914.38 GFLOPS/s)
MUL_MAT f32 m=64 n=16 k=64: 1 x 3.64 us = 3.64 us (35.7275 GFLOPS/s)
MUL_MAT f32 m=64 n=96 k=64: 1 x 3.6 us = 3.6 us (216.747 GFLOPS/s)
MUL_MAT_ADD MUL_MAT_VEC q6_K m=5120 n=1 k=17408: 1 x 123.88 us = 123.88 us (1438.92 GFLOPS/s)
MUL_MAT_ADD MUL_MAT_VEC q6_K m=5120 n=1 k=6144: 1 x 53.64 us = 53.64 us (1172.81 GFLOPS/s)
MUL_MAT_VEC f32 m=256 n=4 k=256: 1 x 3.04 us = 3.04 us (172.126 GFLOPS/s)
MUL_MAT_VEC q6_K m=1024 n=1 k=5120: 2 x 9.08 us = 18.16 us (1154.71 GFLOPS/s)
MUL_MAT_VEC q6_K m=12288 n=1 k=5120: 1 x 86.6 us = 86.6 us (1452.85 GFLOPS/s)
MUL_MAT_VEC q6_K m=17408 n=1 k=5120: 2 x 121.12 us = 242.24 us (1471.6 GFLOPS/s)
MUL_MAT_VEC q6_K m=98304 n=1 k=5120: 1 x 673.38 us = 673.38 us (1494.75 GFLOPS/s)
MUL_MAT_VEC q8_0 m=5120 n=1 k=10240: 1 x 101.72 us = 101.72 us (1030.8 GFLOPS/s)
PAD: 1 x 6.24 us = 6.24 us
RMS_NORM_MUL RMS_NORM(256,24,1,1): 1 x 3.6 us = 3.6 us
RMS_NORM_MUL RMS_NORM(256,4,1,1): 1 x 3.6 us = 3.6 us
RMS_NORM_MUL RMS_NORM(5120,1,1,1): 5 x 3.664 us = 18.32 us
ROPE: 2 x 3.56 us = 7.12 us
SET_ROWS: 2 x 2.6 us = 5.2 us
SIGMOID_MUL SIGMOID: 1 x 1.64 us = 1.64 us
TOP_K K=10 (98304,1,1,1): 1 x 9 us = 9 us
Total time: 1397.22 us.
----------------
Vulkan Timings:
CONCAT: 1 x 3.72 us = 3.72 us
CONT: 1 x 3.64 us = 3.64 us
FLASH_ATTN_EXT dst(256,24,1,1),  q(256,1,24,1),  k(256,256,4,1),  v(256,256,4,1),  m(256,1,1,1): 1 x 13 us = 13 us (483.958 GFLOPS/s)
GET_ROWS: 2 x 4.3 us = 8.6 us
GLU: 1 x 1.8 us = 1.8 us
MUL_MAT f32 m=256 n=24 k=256: 1 x 1.64 us = 1.64 us (1914.38 GFLOPS/s)
MUL_MAT f32 m=64 n=16 k=64: 1 x 3.64 us = 3.64 us (35.7275 GFLOPS/s)
MUL_MAT f32 m=64 n=96 k=64: 1 x 3.64 us = 3.64 us (214.365 GFLOPS/s)
MUL_MAT_ADD MUL_MAT_VEC q6_K m=5120 n=1 k=17408: 1 x 123.36 us = 123.36 us (1444.98 GFLOPS/s)
MUL_MAT_ADD MUL_MAT_VEC q6_K m=5120 n=1 k=6144: 1 x 54.64 us = 54.64 us (1151.34 GFLOPS/s)
MUL_MAT_VEC f32 m=256 n=4 k=256: 1 x 3 us = 3 us (174.421 GFLOPS/s)
MUL_MAT_VEC q6_K m=1024 n=1 k=5120: 2 x 9.02 us = 18.04 us (1162.39 GFLOPS/s)
MUL_MAT_VEC q6_K m=12288 n=1 k=5120: 1 x 85.64 us = 85.64 us (1469.14 GFLOPS/s)
MUL_MAT_VEC q6_K m=17408 n=1 k=5120: 2 x 121.32 us = 242.64 us (1469.18 GFLOPS/s)
MUL_MAT_VEC q6_K m=98304 n=1 k=5120: 1 x 673.85 us = 673.85 us (1493.71 GFLOPS/s)
MUL_MAT_VEC q8_0 m=5120 n=1 k=10240: 1 x 101.48 us = 101.48 us (1033.23 GFLOPS/s)
PAD: 1 x 6.36 us = 6.36 us
RMS_NORM_MUL RMS_NORM(256,24,1,1): 1 x 3.64 us = 3.64 us
RMS_NORM_MUL RMS_NORM(256,4,1,1): 1 x 3.64 us = 3.64 us
RMS_NORM_MUL RMS_NORM(5120,1,1,1): 5 x 3.712 us = 18.56 us
ROPE: 2 x 3.6 us = 7.2 us
SET_ROWS: 2 x 2.62 us = 5.24 us
SIGMOID_MUL SIGMOID: 1 x 1.68 us = 1.68 us
TOP_K K=10 (98304,1,1,1): 1 x 8.96 us = 8.96 us
Total time: 1397.61 us.
----------------
Vulkan Timings:
ADD: 48 x 3.758 us = 180.4 us
CONCAT: 48 x 2.437 us = 117 us
CONT: 16 x 3.822 us = 61.16 us
CPY: 240 x 2.217 us = 532.08 us
FLASH_ATTN_EXT dst(256,24,5,1),  q(256,5,24,1),  k(256,256,4,1),  v(256,256,4,1),  m(256,5,1,1): 16 x 20.937 us = 335 us (1502.44 GFLOPS/s)
GDN_CACHE GATED_DELTA_NET: 48 x 13.952 us = 669.72 us
GET_ROWS: 50 x 26.08 us = 1304 us
GLU: 64 x 2.925 us = 187.2 us
MUL_MAT f32 m=256 n=120 k=256: 16 x 1.827 us = 29.24 us (8589.83 GFLOPS/s)
MUL_MAT f32 m=256 n=20 k=256: 16 x 3.117 us = 49.88 us (839.237 GFLOPS/s)
MUL_MAT f32 m=64 n=480 k=64: 16 x 3.635 us = 58.16 us (1073.3 GFLOPS/s)
MUL_MAT f32 m=64 n=80 k=64: 16 x 3.285 us = 52.56 us (197.942 GFLOPS/s)
MUL_MAT_ADD MUL_MAT_VEC q6_K m=5120 n=5 k=17408: 64 x 130.436 us = 8347.96 us (6832.91 GFLOPS/s)
MUL_MAT_ADD MUL_MAT_VEC q6_K m=5120 n=5 k=6144: 16 x 55.035 us = 880.56 us (5715.4 GFLOPS/s)
MUL_MAT_VEC f32 m=48 n=5 k=5120: 96 x 3.418 us = 328.2 us (718.789 GFLOPS/s)
MUL_MAT_VEC q6_K m=1024 n=5 k=5120: 32 x 11.075 us = 354.4 us (4733.52 GFLOPS/s)
MUL_MAT_VEC q6_K m=10240 n=5 k=5120: 48 x 81.915 us = 3931.92 us (6399.77 GFLOPS/s)
MUL_MAT_VEC q6_K m=12288 n=5 k=5120: 16 x 94.92 us = 1518.72 us (6627.52 GFLOPS/s)
MUL_MAT_VEC q6_K m=17408 n=5 k=5120: 128 x 141.062 us = 18056 us (6317.8 GFLOPS/s)
MUL_MAT_VEC q6_K m=248320 n=5 k=5120: 1 x 1772.24 us = 1772.24 us (7173.26 GFLOPS/s)
MUL_MAT_VEC q6_K m=6144 n=5 k=5120: 48 x 53.435 us = 2564.92 us (5886.35 GFLOPS/s)
MUL_MAT_VEC q8_0 m=5120 n=5 k=6144: 48 x 62.953 us = 3021.76 us (4996.51 GFLOPS/s)
RMS_NORM_MUL RMS_NORM(256,24,5,1): 16 x 3.72 us = 59.52 us
RMS_NORM_MUL RMS_NORM(256,4,5,1): 16 x 4.417 us = 70.68 us
RMS_NORM_MUL RMS_NORM(5120,5,1,1): 129 x 4.532 us = 584.72 us
RMS_NORM_MUL_SILU_MUL RMS_NORM(128,48,5,1): 48 x 5.653 us = 271.36 us
RMS_NORM_SCALE RMS_NORM(128,16,5,1): 96 x 2.676 us = 256.92 us
ROPE: 32 x 3.85 us = 123.2 us
SET_ROWS: 32 x 2.946 us = 94.28 us
SIGMOID_MUL SIGMOID: 16 x 3.685 us = 58.96 us
SSM_CONV_SILU SSM_CONV: 48 x 5.694 us = 273.32 us
Total time: 46146 us.
----------------
Vulkan Timings:
CONCAT: 1 x 4.08 us = 4.08 us
CONT: 1 x 3.72 us = 3.72 us
FLASH_ATTN_EXT dst(256,24,5,1),  q(256,5,24,1),  k(256,256,4,1),  v(256,256,4,1),  m(256,5,1,1): 1 x 20.68 us = 20.68 us (1521.15 GFLOPS/s)
GLU: 1 x 1.56 us = 1.56 us
MUL_MAT f32 m=256 n=120 k=256: 1 x 1.68 us = 1.68 us (9344 GFLOPS/s)
MUL_MAT f32 m=256 n=20 k=256: 1 x 3.04 us = 3.04 us (860.632 GFLOPS/s)
MUL_MAT f32 m=64 n=480 k=64: 1 x 3.68 us = 3.68 us (1060.17 GFLOPS/s)
MUL_MAT f32 m=64 n=80 k=64: 1 x 3.6 us = 3.6 us (180.622 GFLOPS/s)
MUL_MAT_ADD MUL_MAT_VEC q6_K m=5120 n=5 k=17408: 1 x 156.4 us = 156.4 us (5698.62 GFLOPS/s)
MUL_MAT_ADD MUL_MAT_VEC q6_K m=5120 n=5 k=6144: 1 x 62.56 us = 62.56 us (5027.93 GFLOPS/s)
MUL_MAT_VEC q6_K m=1024 n=5 k=5120: 2 x 9.02 us = 18.04 us (5811.94 GFLOPS/s)
MUL_MAT_VEC q6_K m=12288 n=5 k=5120: 1 x 121.96 us = 121.96 us (5158.12 GFLOPS/s)
MUL_MAT_VEC q6_K m=17408 n=5 k=5120: 2 x 136.02 us = 272.04 us (6552 GFLOPS/s)
MUL_MAT_VEC q8_0 m=5120 n=5 k=10240: 1 x 105.96 us = 105.96 us (4947.74 GFLOPS/s)
RMS_NORM_MUL RMS_NORM(256,24,5,1): 1 x 3.76 us = 3.76 us
RMS_NORM_MUL RMS_NORM(256,4,5,1): 1 x 3.64 us = 3.64 us
RMS_NORM_MUL RMS_NORM(5120,5,1,1): 5 x 8.144 us = 40.72 us
ROPE: 2 x 3.64 us = 7.28 us
SET_ROWS: 2 x 2.68 us = 5.36 us
SIGMOID_MUL SIGMOID: 1 x 1.76 us = 1.76 us
Total time: 841.52 us.
----------------
Vulkan Timings:
CONCAT: 1 x 3.56 us = 3.56 us
CONT: 1 x 3.48 us = 3.48 us
FLASH_ATTN_EXT dst(256,24,1,1),  q(256,1,24,1),  k(256,256,4,1),  v(256,256,4,1),  m(256,1,1,1): 1 x 12.64 us = 12.64 us (497.742 GFLOPS/s)
GET_ROWS: 2 x 4.18 us = 8.36 us
GLU: 1 x 1.64 us = 1.64 us
MUL_MAT f32 m=256 n=24 k=256: 1 x 1.52 us = 1.52 us (2065.52 GFLOPS/s)
MUL_MAT f32 m=64 n=16 k=64: 1 x 1.76 us = 1.76 us (73.8909 GFLOPS/s)
MUL_MAT f32 m=64 n=96 k=64: 1 x 3.2 us = 3.2 us (243.84 GFLOPS/s)
MUL_MAT_ADD MUL_MAT_VEC q6_K m=5120 n=1 k=17408: 1 x 130.2 us = 130.2 us (1369.07 GFLOPS/s)
MUL_MAT_ADD MUL_MAT_VEC q6_K m=5120 n=1 k=6144: 1 x 53.12 us = 53.12 us (1184.29 GFLOPS/s)
MUL_MAT_VEC f32 m=256 n=4 k=256: 1 x 3 us = 3 us (174.421 GFLOPS/s)
MUL_MAT_VEC q6_K m=1024 n=1 k=5120: 2 x 9.28 us = 18.56 us (1129.82 GFLOPS/s)
MUL_MAT_VEC q6_K m=12288 n=1 k=5120: 1 x 89.84 us = 89.84 us (1400.45 GFLOPS/s)
MUL_MAT_VEC q6_K m=17408 n=1 k=5120: 2 x 118.26 us = 236.52 us (1507.19 GFLOPS/s)
MUL_MAT_VEC q6_K m=98304 n=1 k=5120: 1 x 671.39 us = 671.39 us (1499.18 GFLOPS/s)
MUL_MAT_VEC q8_0 m=5120 n=1 k=10240: 1 x 92.68 us = 92.68 us (1131.34 GFLOPS/s)
PAD: 1 x 6.4 us = 6.4 us
RMS_NORM_MUL RMS_NORM(256,24,1,1): 1 x 3.2 us = 3.2 us
RMS_NORM_MUL RMS_NORM(256,4,1,1): 1 x 4.8 us = 4.8 us
RMS_NORM_MUL RMS_NORM(5120,1,1,1): 5 x 4.072 us = 20.36 us
ROPE: 2 x 3.32 us = 6.64 us
SET_ROWS: 2 x 2.62 us = 5.24 us
SIGMOID_MUL SIGMOID: 1 x 1.56 us = 1.56 us
TOP_K K=10 (98304,1,1,1): 1 x 8.8 us = 8.8 us
Total time: 1388.47 us.
----------------
Vulkan Timings:
CONCAT: 1 x 3.76 us = 3.76 us
CONT: 1 x 3.64 us = 3.64 us
FLASH_ATTN_EXT dst(256,24,1,1),  q(256,1,24,1),  k(256,256,4,1),  v(256,256,4,1),  m(256,1,1,1): 1 x 12.88 us = 12.88 us (488.467 GFLOPS/s)
GET_ROWS: 2 x 4.32 us = 8.64 us
GLU: 1 x 1.88 us = 1.88 us
MUL_MAT f32 m=256 n=24 k=256: 1 x 1.64 us = 1.64 us (1914.38 GFLOPS/s)
MUL_MAT f32 m=64 n=16 k=64: 1 x 3.6 us = 3.6 us (36.1244 GFLOPS/s)
MUL_MAT f32 m=64 n=96 k=64: 1 x 3.6 us = 3.6 us (216.747 GFLOPS/s)
MUL_MAT_ADD MUL_MAT_VEC q6_K m=5120 n=1 k=17408: 1 x 123.36 us = 123.36 us (1444.98 GFLOPS/s)
MUL_MAT_ADD MUL_MAT_VEC q6_K m=5120 n=1 k=6144: 1 x 55.12 us = 55.12 us (1141.32 GFLOPS/s)
MUL_MAT_VEC f32 m=256 n=4 k=256: 1 x 3.04 us = 3.04 us (172.126 GFLOPS/s)
MUL_MAT_VEC q6_K m=1024 n=1 k=5120: 2 x 9.26 us = 18.52 us (1132.26 GFLOPS/s)
MUL_MAT_VEC q6_K m=12288 n=1 k=5120: 1 x 85.92 us = 85.92 us (1464.35 GFLOPS/s)
MUL_MAT_VEC q6_K m=17408 n=1 k=5120: 2 x 121.1 us = 242.2 us (1471.85 GFLOPS/s)
MUL_MAT_VEC q6_K m=98304 n=1 k=5120: 1 x 674.06 us = 674.06 us (1493.24 GFLOPS/s)
MUL_MAT_VEC q8_0 m=5120 n=1 k=10240: 1 x 101.16 us = 101.16 us (1036.5 GFLOPS/s)
PAD: 1 x 6.28 us = 6.28 us
RMS_NORM_MUL RMS_NORM(256,24,1,1): 1 x 3.6 us = 3.6 us
RMS_NORM_MUL RMS_NORM(256,4,1,1): 1 x 3.64 us = 3.64 us
RMS_NORM_MUL RMS_NORM(5120,1,1,1): 5 x 3.72 us = 18.6 us
ROPE: 2 x 3.58 us = 7.16 us
SET_ROWS: 2 x 2.64 us = 5.28 us
SIGMOID_MUL SIGMOID: 1 x 1.68 us = 1.68 us
TOP_K K=10 (98304,1,1,1): 1 x 9.24 us = 9.24 us
Total time: 1398.5 us.
----------------
Vulkan Timings:
CONCAT: 1 x 3.76 us = 3.76 us
CONT: 1 x 3.6 us = 3.6 us
FLASH_ATTN_EXT dst(256,24,1,1),  q(256,1,24,1),  k(256,256,4,1),  v(256,256,4,1),  m(256,1,1,1): 1 x 13 us = 13 us (483.958 GFLOPS/s)
GET_ROWS: 2 x 4.28 us = 8.56 us
GLU: 1 x 1.84 us = 1.84 us
MUL_MAT f32 m=256 n=24 k=256: 1 x 1.68 us = 1.68 us (1868.8 GFLOPS/s)
MUL_MAT f32 m=64 n=16 k=64: 1 x 3.64 us = 3.64 us (35.7275 GFLOPS/s)
MUL_MAT f32 m=64 n=96 k=64: 1 x 3.56 us = 3.56 us (219.182 GFLOPS/s)
MUL_MAT_ADD MUL_MAT_VEC q6_K m=5120 n=1 k=17408: 1 x 123.72 us = 123.72 us (1440.78 GFLOPS/s)
MUL_MAT_ADD MUL_MAT_VEC q6_K m=5120 n=1 k=6144: 1 x 53.88 us = 53.88 us (1167.58 GFLOPS/s)
MUL_MAT_VEC f32 m=256 n=4 k=256: 1 x 3 us = 3 us (174.421 GFLOPS/s)
MUL_MAT_VEC q6_K m=1024 n=1 k=5120: 2 x 9.14 us = 18.28 us (1147.13 GFLOPS/s)
MUL_MAT_VEC q6_K m=12288 n=1 k=5120: 1 x 86.04 us = 86.04 us (1462.31 GFLOPS/s)
MUL_MAT_VEC q6_K m=17408 n=1 k=5120: 2 x 121.58 us = 243.16 us (1466.03 GFLOPS/s)
MUL_MAT_VEC q6_K m=98304 n=1 k=5120: 1 x 674.04 us = 674.04 us (1493.29 GFLOPS/s)
MUL_MAT_VEC q8_0 m=5120 n=1 k=10240: 1 x 100.88 us = 100.88 us (1039.38 GFLOPS/s)
PAD: 1 x 6.32 us = 6.32 us
RMS_NORM_MUL RMS_NORM(256,24,1,1): 1 x 3.6 us = 3.6 us
RMS_NORM_MUL RMS_NORM(256,4,1,1): 1 x 3.56 us = 3.56 us
RMS_NORM_MUL RMS_NORM(5120,1,1,1): 5 x 3.704 us = 18.52 us
ROPE: 2 x 3.6 us = 7.2 us
SET_ROWS: 2 x 2.68 us = 5.36 us
SIGMOID_MUL SIGMOID: 1 x 1.68 us = 1.68 us
TOP_K K=10 (98304,1,1,1): 1 x 9.08 us = 9.08 us
Total time: 1397.96 us.
----------------
Vulkan Timings:
CONCAT: 1 x 3.72 us = 3.72 us
CONT: 1 x 3.6 us = 3.6 us
FLASH_ATTN_EXT dst(256,24,1,1),  q(256,1,24,1),  k(256,256,4,1),  v(256,256,4,1),  m(256,1,1,1): 1 x 12.96 us = 12.96 us (485.452 GFLOPS/s)
GET_ROWS: 2 x 4.16 us = 8.32 us
GLU: 1 x 1.76 us = 1.76 us
MUL_MAT f32 m=256 n=24 k=256: 1 x 1.68 us = 1.68 us (1868.8 GFLOPS/s)
MUL_MAT f32 m=64 n=16 k=64: 1 x 3.6 us = 3.6 us (36.1244 GFLOPS/s)
MUL_MAT f32 m=64 n=96 k=64: 1 x 3.6 us = 3.6 us (216.747 GFLOPS/s)
MUL_MAT_ADD MUL_MAT_VEC q6_K m=5120 n=1 k=17408: 1 x 123.88 us = 123.88 us (1438.92 GFLOPS/s)
MUL_MAT_ADD MUL_MAT_VEC q6_K m=5120 n=1 k=6144: 1 x 53.8 us = 53.8 us (1169.32 GFLOPS/s)
MUL_MAT_VEC f32 m=256 n=4 k=256: 1 x 3.04 us = 3.04 us (172.126 GFLOPS/s)
MUL_MAT_VEC q6_K m=1024 n=1 k=5120: 2 x 8.2 us = 16.4 us (1278.63 GFLOPS/s)
MUL_MAT_VEC q6_K m=12288 n=1 k=5120: 1 x 86.08 us = 86.08 us (1461.63 GFLOPS/s)
MUL_MAT_VEC q6_K m=17408 n=1 k=5120: 2 x 121.32 us = 242.64 us (1469.18 GFLOPS/s)
MUL_MAT_VEC q6_K m=98304 n=1 k=5120: 1 x 673.55 us = 673.55 us (1494.37 GFLOPS/s)
MUL_MAT_VEC q8_0 m=5120 n=1 k=10240: 1 x 101.56 us = 101.56 us (1032.42 GFLOPS/s)
PAD: 1 x 6.28 us = 6.28 us
RMS_NORM_MUL RMS_NORM(256,24,1,1): 1 x 5.28 us = 5.28 us
RMS_NORM_MUL RMS_NORM(256,4,1,1): 1 x 3.56 us = 3.56 us
RMS_NORM_MUL RMS_NORM(5120,1,1,1): 5 x 3.704 us = 18.52 us
ROPE: 2 x 3.56 us = 7.12 us
SET_ROWS: 2 x 2.64 us = 5.28 us
SIGMOID_MUL SIGMOID: 1 x 1.72 us = 1.72 us
TOP_K K=10 (98304,1,1,1): 1 x 8.72 us = 8.72 us
Total time: 1396.67 us.
----------------
Vulkan Timings:
ADD: 48 x 3.787 us = 181.8 us
CONCAT: 48 x 2.443 us = 117.28 us
CONT: 16 x 3.85 us = 61.6 us
CPY: 240 x 2.255 us = 541.4 us
FLASH_ATTN_EXT dst(256,24,5,1),  q(256,5,24,1),  k(256,256,4,1),  v(256,256,4,1),  m(256,5,1,1): 16 x 21.085 us = 337.36 us (1491.93 GFLOPS/s)
GDN_CACHE GATED_DELTA_NET: 48 x 13.997 us = 671.88 us
GET_ROWS: 50 x 25.825 us = 1291.28 us
GLU: 64 x 2.809 us = 179.8 us
MUL_MAT f32 m=256 n=120 k=256: 16 x 1.83 us = 29.28 us (8578.1 GFLOPS/s)
MUL_MAT f32 m=256 n=20 k=256: 16 x 3.137 us = 50.2 us (833.887 GFLOPS/s)
MUL_MAT f32 m=64 n=480 k=64: 16 x 3.665 us = 58.64 us (1064.51 GFLOPS/s)
MUL_MAT f32 m=64 n=80 k=64: 16 x 3.302 us = 52.84 us (196.893 GFLOPS/s)
MUL_MAT_ADD MUL_MAT_VEC q6_K m=5120 n=5 k=17408: 64 x 130.98 us = 8382.76 us (6804.55 GFLOPS/s)
MUL_MAT_ADD MUL_MAT_VEC q6_K m=5120 n=5 k=6144: 16 x 55.055 us = 880.88 us (5713.33 GFLOPS/s)
MUL_MAT_VEC f32 m=48 n=5 k=5120: 96 x 3.452 us = 331.4 us (711.848 GFLOPS/s)
MUL_MAT_VEC q6_K m=1024 n=5 k=5120: 32 x 10.817 us = 346.16 us (4846.19 GFLOPS/s)
MUL_MAT_VEC q6_K m=10240 n=5 k=5120: 48 x 82.166 us = 3944 us (6380.16 GFLOPS/s)
MUL_MAT_VEC q6_K m=12288 n=5 k=5120: 16 x 95.917 us = 1534.68 us (6558.6 GFLOPS/s)
MUL_MAT_VEC q6_K m=17408 n=5 k=5120: 128 x 141.401 us = 18099.4 us (6302.62 GFLOPS/s)
MUL_MAT_VEC q6_K m=248320 n=5 k=5120: 1 x 1773.04 us = 1773.04 us (7170.03 GFLOPS/s)
MUL_MAT_VEC q6_K m=6144 n=5 k=5120: 48 x 53.689 us = 2577.08 us (5858.58 GFLOPS/s)
MUL_MAT_VEC q8_0 m=5120 n=5 k=6144: 48 x 63.083 us = 3028 us (4986.22 GFLOPS/s)
RMS_NORM_MUL RMS_NORM(256,24,5,1): 16 x 3.92 us = 62.72 us
RMS_NORM_MUL RMS_NORM(256,4,5,1): 16 x 4.447 us = 71.16 us
RMS_NORM_MUL RMS_NORM(5120,5,1,1): 129 x 4.562 us = 588.56 us
RMS_NORM_MUL_SILU_MUL RMS_NORM(128,48,5,1): 48 x 5.697 us = 273.48 us
RMS_NORM_SCALE RMS_NORM(128,16,5,1): 96 x 2.69 us = 258.28 us
ROPE: 32 x 3.877 us = 124.08 us
SET_ROWS: 32 x 2.96 us = 94.72 us
SIGMOID_MUL SIGMOID: 16 x 3.702 us = 59.24 us
SSM_CONV_SILU SSM_CONV: 48 x 5.643 us = 270.88 us
Total time: 46273.9 us.
----------------
Vulkan Timings:
CONCAT: 1 x 4 us = 4 us
CONT: 1 x 3.68 us = 3.68 us
FLASH_ATTN_EXT dst(256,24,5,1),  q(256,5,24,1),  k(256,256,4,1),  v(256,256,4,1),  m(256,5,1,1): 1 x 20.68 us = 20.68 us (1521.15 GFLOPS/s)
GLU: 1 x 1.76 us = 1.76 us
MUL_MAT f32 m=256 n=120 k=256: 1 x 1.76 us = 1.76 us (8919.27 GFLOPS/s)
MUL_MAT f32 m=256 n=20 k=256: 1 x 3.04 us = 3.04 us (860.632 GFLOPS/s)
MUL_MAT f32 m=64 n=480 k=64: 1 x 3.64 us = 3.64 us (1071.82 GFLOPS/s)
MUL_MAT f32 m=64 n=80 k=64: 1 x 3.68 us = 3.68 us (176.696 GFLOPS/s)
MUL_MAT_ADD MUL_MAT_VEC q6_K m=5120 n=5 k=17408: 1 x 156.79 us = 156.79 us (5684.44 GFLOPS/s)
MUL_MAT_ADD MUL_MAT_VEC q6_K m=5120 n=5 k=6144: 1 x 61.92 us = 61.92 us (5079.9 GFLOPS/s)
MUL_MAT_VEC q6_K m=1024 n=5 k=5120: 2 x 9.12 us = 18.24 us (5748.21 GFLOPS/s)
MUL_MAT_VEC q6_K m=12288 n=5 k=5120: 1 x 123.44 us = 123.44 us (5096.27 GFLOPS/s)
MUL_MAT_VEC q6_K m=17408 n=5 k=5120: 2 x 136.26 us = 272.52 us (6540.46 GFLOPS/s)
MUL_MAT_VEC q8_0 m=5120 n=5 k=10240: 1 x 105.48 us = 105.48 us (4970.25 GFLOPS/s)
RMS_NORM_MUL RMS_NORM(256,24,5,1): 1 x 3.8 us = 3.8 us
RMS_NORM_MUL RMS_NORM(256,4,5,1): 1 x 3.64 us = 3.64 us
RMS_NORM_MUL RMS_NORM(5120,5,1,1): 5 x 8.42 us = 42.1 us
ROPE: 2 x 3.66 us = 7.32 us
SET_ROWS: 2 x 2.72 us = 5.44 us
SIGMOID_MUL SIGMOID: 1 x 1.72 us = 1.72 us
Total time: 844.65 us.
----------------
Vulkan Timings:
CONCAT: 1 x 3.88 us = 3.88 us
CONT: 1 x 3.52 us = 3.52 us
FLASH_ATTN_EXT dst(256,24,1,1),  q(256,1,24,1),  k(256,256,4,1),  v(256,256,4,1),  m(256,1,1,1): 1 x 12.4 us = 12.4 us (507.375 GFLOPS/s)
GET_ROWS: 2 x 4.18 us = 8.36 us
GLU: 1 x 1.72 us = 1.72 us
MUL_MAT f32 m=256 n=24 k=256: 1 x 1.52 us = 1.52 us (2065.52 GFLOPS/s)
MUL_MAT f32 m=64 n=16 k=64: 1 x 1.8 us = 1.8 us (72.2489 GFLOPS/s)
MUL_MAT f32 m=64 n=96 k=64: 1 x 3.16 us = 3.16 us (246.927 GFLOPS/s)
MUL_MAT_ADD MUL_MAT_VEC q6_K m=5120 n=1 k=17408: 1 x 129.72 us = 129.72 us (1374.14 GFLOPS/s)
MUL_MAT_ADD MUL_MAT_VEC q6_K m=5120 n=1 k=6144: 1 x 54.64 us = 54.64 us (1151.34 GFLOPS/s)
MUL_MAT_VEC f32 m=256 n=4 k=256: 1 x 3.04 us = 3.04 us (172.126 GFLOPS/s)
MUL_MAT_VEC q6_K m=1024 n=1 k=5120: 2 x 9.32 us = 18.64 us (1124.97 GFLOPS/s)
MUL_MAT_VEC q6_K m=12288 n=1 k=5120: 1 x 90 us = 90 us (1397.96 GFLOPS/s)
MUL_MAT_VEC q6_K m=17408 n=1 k=5120: 2 x 117.96 us = 235.92 us (1511.03 GFLOPS/s)
MUL_MAT_VEC q6_K m=98304 n=1 k=5120: 1 x 672.81 us = 672.81 us (1496.02 GFLOPS/s)
MUL_MAT_VEC q8_0 m=5120 n=1 k=10240: 1 x 91.56 us = 91.56 us (1145.18 GFLOPS/s)
PAD: 1 x 6.36 us = 6.36 us
RMS_NORM_MUL RMS_NORM(256,24,1,1): 1 x 3.16 us = 3.16 us
RMS_NORM_MUL RMS_NORM(256,4,1,1): 1 x 4.84 us = 4.84 us
RMS_NORM_MUL RMS_NORM(5120,1,1,1): 5 x 4.336 us = 21.68 us
ROPE: 2 x 3.32 us = 6.64 us
SET_ROWS: 2 x 2.58 us = 5.16 us
SIGMOID_MUL SIGMOID: 1 x 1.52 us = 1.52 us
TOP_K K=10 (98304,1,1,1): 1 x 8.92 us = 8.92 us
Total time: 1390.97 us.
----------------
Vulkan Timings:
CONCAT: 1 x 3.72 us = 3.72 us
CONT: 1 x 3.6 us = 3.6 us
FLASH_ATTN_EXT dst(256,24,1,1),  q(256,1,24,1),  k(256,256,4,1),  v(256,256,4,1),  m(256,1,1,1): 1 x 12.92 us = 12.92 us (486.955 GFLOPS/s)
GET_ROWS: 2 x 6.04 us = 12.08 us
GLU: 1 x 1.76 us = 1.76 us
MUL_MAT f32 m=256 n=24 k=256: 1 x 1.6 us = 1.6 us (1962.24 GFLOPS/s)
MUL_MAT f32 m=64 n=16 k=64: 1 x 3.64 us = 3.64 us (35.7275 GFLOPS/s)
MUL_MAT f32 m=64 n=96 k=64: 1 x 3.6 us = 3.6 us (216.747 GFLOPS/s)
MUL_MAT_ADD MUL_MAT_VEC q6_K m=5120 n=1 k=17408: 1 x 122.72 us = 122.72 us (1452.52 GFLOPS/s)
MUL_MAT_ADD MUL_MAT_VEC q6_K m=5120 n=1 k=6144: 1 x 54 us = 54 us (1164.99 GFLOPS/s)
MUL_MAT_VEC f32 m=256 n=4 k=256: 1 x 3.04 us = 3.04 us (172.126 GFLOPS/s)
MUL_MAT_VEC q6_K m=1024 n=1 k=5120: 2 x 9.1 us = 18.2 us (1152.17 GFLOPS/s)
MUL_MAT_VEC q6_K m=12288 n=1 k=5120: 1 x 85.4 us = 85.4 us (1473.27 GFLOPS/s)
MUL_MAT_VEC q6_K m=17408 n=1 k=5120: 2 x 121.2 us = 242.4 us (1470.63 GFLOPS/s)
MUL_MAT_VEC q6_K m=98304 n=1 k=5120: 1 x 683.33 us = 683.33 us (1472.98 GFLOPS/s)
MUL_MAT_VEC q8_0 m=5120 n=1 k=10240: 1 x 100.84 us = 100.84 us (1039.79 GFLOPS/s)
PAD: 1 x 6.28 us = 6.28 us
RMS_NORM_MUL RMS_NORM(256,24,1,1): 1 x 3.6 us = 3.6 us
RMS_NORM_MUL RMS_NORM(256,4,1,1): 1 x 3.64 us = 3.64 us
RMS_NORM_MUL RMS_NORM(5120,1,1,1): 5 x 3.712 us = 18.56 us
ROPE: 2 x 3.62 us = 7.24 us
SET_ROWS: 2 x 2.62 us = 5.24 us
SIGMOID_MUL SIGMOID: 1 x 1.96 us = 1.96 us
TOP_K K=10 (98304,1,1,1): 1 x 9.08 us = 9.08 us
Total time: 1408.45 us.
----------------
Vulkan Timings:
CONCAT: 1 x 3.76 us = 3.76 us
CONT: 1 x 3.6 us = 3.6 us
FLASH_ATTN_EXT dst(256,24,1,1),  q(256,1,24,1),  k(256,256,4,1),  v(256,256,4,1),  m(256,1,1,1): 1 x 12.88 us = 12.88 us (488.467 GFLOPS/s)
GET_ROWS: 2 x 6.62 us = 13.24 us
GLU: 1 x 1.76 us = 1.76 us
MUL_MAT f32 m=256 n=24 k=256: 1 x 1.6 us = 1.6 us (1962.24 GFLOPS/s)
MUL_MAT f32 m=64 n=16 k=64: 1 x 3.56 us = 3.56 us (36.5303 GFLOPS/s)
MUL_MAT f32 m=64 n=96 k=64: 1 x 3.64 us = 3.64 us (214.365 GFLOPS/s)
MUL_MAT_ADD MUL_MAT_VEC q6_K m=5120 n=1 k=17408: 1 x 125.04 us = 125.04 us (1425.57 GFLOPS/s)
MUL_MAT_ADD MUL_MAT_VEC q6_K m=5120 n=1 k=6144: 1 x 53.52 us = 53.52 us (1175.44 GFLOPS/s)
MUL_MAT_VEC f32 m=256 n=4 k=256: 1 x 3.04 us = 3.04 us (172.126 GFLOPS/s)
MUL_MAT_VEC q6_K m=1024 n=1 k=5120: 2 x 9.22 us = 18.44 us (1137.17 GFLOPS/s)
MUL_MAT_VEC q6_K m=12288 n=1 k=5120: 1 x 85.48 us = 85.48 us (1471.89 GFLOPS/s)
MUL_MAT_VEC q6_K m=17408 n=1 k=5120: 2 x 121.14 us = 242.28 us (1471.36 GFLOPS/s)
MUL_MAT_VEC q6_K m=98304 n=1 k=5120: 1 x 674.75 us = 674.75 us (1491.71 GFLOPS/s)
MUL_MAT_VEC q8_0 m=5120 n=1 k=10240: 1 x 101.56 us = 101.56 us (1032.42 GFLOPS/s)
PAD: 1 x 4.92 us = 4.92 us
RMS_NORM_MUL RMS_NORM(256,24,1,1): 1 x 3.68 us = 3.68 us
RMS_NORM_MUL RMS_NORM(256,4,1,1): 1 x 3.56 us = 3.56 us
RMS_NORM_MUL RMS_NORM(5120,1,1,1): 5 x 3.68 us = 18.4 us
ROPE: 2 x 3.56 us = 7.12 us
SET_ROWS: 2 x 2.7 us = 5.4 us
SIGMOID_MUL SIGMOID: 1 x 1.72 us = 1.72 us
TOP_K K=10 (98304,1,1,1): 1 x 9.08 us = 9.08 us
Total time: 1402.03 us.
----------------
Vulkan Timings:
CONCAT: 1 x 3.8 us = 3.8 us
CONT: 1 x 3.6 us = 3.6 us
FLASH_ATTN_EXT dst(256,24,1,1),  q(256,1,24,1),  k(256,256,4,1),  v(256,256,4,1),  m(256,1,1,1): 1 x 14.64 us = 14.64 us (429.744 GFLOPS/s)
GET_ROWS: 2 x 7.54 us = 15.08 us
GLU: 1 x 1.88 us = 1.88 us
MUL_MAT f32 m=256 n=24 k=256: 1 x 2.24 us = 2.24 us (1401.6 GFLOPS/s)
MUL_MAT f32 m=64 n=16 k=64: 1 x 3.64 us = 3.64 us (35.7275 GFLOPS/s)
MUL_MAT f32 m=64 n=96 k=64: 1 x 3.56 us = 3.56 us (219.182 GFLOPS/s)
MUL_MAT_ADD MUL_MAT_VEC q6_K m=5120 n=1 k=17408: 1 x 123.28 us = 123.28 us (1445.92 GFLOPS/s)
MUL_MAT_ADD MUL_MAT_VEC q6_K m=5120 n=1 k=6144: 1 x 53.64 us = 53.64 us (1172.81 GFLOPS/s)
MUL_MAT_VEC f32 m=256 n=4 k=256: 1 x 0.76 us = 0.76 us (688.505 GFLOPS/s)
MUL_MAT_VEC q6_K m=1024 n=1 k=5120: 2 x 5.9 us = 11.8 us (1777.07 GFLOPS/s)
MUL_MAT_VEC q6_K m=12288 n=1 k=5120: 1 x 93.28 us = 93.28 us (1348.81 GFLOPS/s)
MUL_MAT_VEC q6_K m=17408 n=1 k=5120: 2 x 121.3 us = 242.6 us (1469.42 GFLOPS/s)
MUL_MAT_VEC q6_K m=98304 n=1 k=5120: 1 x 672.56 us = 672.56 us (1496.57 GFLOPS/s)
MUL_MAT_VEC q8_0 m=5120 n=1 k=10240: 1 x 101.4 us = 101.4 us (1034.05 GFLOPS/s)
PAD: 1 x 4.88 us = 4.88 us
RMS_NORM_MUL RMS_NORM(256,24,1,1): 1 x 3.6 us = 3.6 us
RMS_NORM_MUL RMS_NORM(256,4,1,1): 1 x 3.6 us = 3.6 us
RMS_NORM_MUL RMS_NORM(5120,1,1,1): 5 x 3.736 us = 18.68 us
ROPE: 2 x 3.58 us = 7.16 us
SET_ROWS: 2 x 2.82 us = 5.64 us
SIGMOID_MUL SIGMOID: 1 x 1.68 us = 1.68 us
TOP_K K=10 (98304,1,1,1): 1 x 9.12 us = 9.12 us
Total time: 1402.12 us.
----------------
Vulkan Timings:
ADD: 48 x 3.849 us = 184.76 us
CONCAT: 48 x 2.473 us = 118.72 us
CONT: 16 x 3.897 us = 62.36 us
CPY: 240 x 2.338 us = 561.32 us
FLASH_ATTN_EXT dst(256,24,5,1),  q(256,5,24,1),  k(256,256,4,1),  v(256,256,4,1),  m(256,5,1,1): 16 x 21.59 us = 345.44 us (1457.03 GFLOPS/s)
GDN_CACHE GATED_DELTA_NET: 48 x 14.015 us = 672.72 us
GET_ROWS: 50 x 25.683 us = 1284.16 us
GLU: 64 x 2.822 us = 180.64 us
MUL_MAT f32 m=256 n=120 k=256: 16 x 1.867 us = 29.88 us (8405.85 GFLOPS/s)
MUL_MAT f32 m=256 n=20 k=256: 16 x 3.035 us = 48.56 us (862.049 GFLOPS/s)
MUL_MAT f32 m=64 n=480 k=64: 16 x 3.707 us = 59.32 us (1052.31 GFLOPS/s)
MUL_MAT f32 m=64 n=80 k=64: 16 x 3.422 us = 54.76 us (189.99 GFLOPS/s)
MUL_MAT_ADD MUL_MAT_VEC q6_K m=5120 n=5 k=17408: 64 x 131.657 us = 8426.08 us (6769.56 GFLOPS/s)
MUL_MAT_ADD MUL_MAT_VEC q6_K m=5120 n=5 k=6144: 16 x 55.387 us = 886.2 us (5679.03 GFLOPS/s)
MUL_MAT_VEC f32 m=48 n=5 k=5120: 96 x 3.558 us = 341.64 us (690.512 GFLOPS/s)
MUL_MAT_VEC q6_K m=1024 n=5 k=5120: 32 x 10.713 us = 342.84 us (4893.12 GFLOPS/s)
MUL_MAT_VEC q6_K m=10240 n=5 k=5120: 48 x 82.535 us = 3961.72 us (6351.63 GFLOPS/s)
MUL_MAT_VEC q6_K m=12288 n=5 k=5120: 16 x 96.67 us = 1546.72 us (6507.54 GFLOPS/s)
MUL_MAT_VEC q6_K m=17408 n=5 k=5120: 128 x 141.888 us = 18161.8 us (6281 GFLOPS/s)
MUL_MAT_VEC q6_K m=248320 n=5 k=5120: 1 x 1774.24 us = 1774.24 us (7165.18 GFLOPS/s)
MUL_MAT_VEC q6_K m=6144 n=5 k=5120: 48 x 53.947 us = 2589.48 us (5830.52 GFLOPS/s)
MUL_MAT_VEC q8_0 m=5120 n=5 k=6144: 48 x 63.137 us = 3030.6 us (4981.94 GFLOPS/s)
RMS_NORM_MUL RMS_NORM(256,24,5,1): 16 x 3.8 us = 60.8 us
RMS_NORM_MUL RMS_NORM(256,4,5,1): 16 x 4.43 us = 70.88 us
RMS_NORM_MUL RMS_NORM(5120,5,1,1): 129 x 4.65 us = 599.92 us
RMS_NORM_MUL_SILU_MUL RMS_NORM(128,48,5,1): 48 x 5.793 us = 278.08 us
RMS_NORM_SCALE RMS_NORM(128,16,5,1): 96 x 2.689 us = 258.2 us
ROPE: 32 x 3.922 us = 125.52 us
SET_ROWS: 32 x 2.968 us = 95 us
SIGMOID_MUL SIGMOID: 16 x 3.755 us = 60.08 us
SSM_CONV_SILU SSM_CONV: 48 x 5.664 us = 271.88 us
Total time: 46484.3 us.
----------------
Vulkan Timings:
CONCAT: 1 x 4 us = 4 us
CONT: 1 x 3.72 us = 3.72 us
FLASH_ATTN_EXT dst(256,24,5,1),  q(256,5,24,1),  k(256,256,4,1),  v(256,256,4,1),  m(256,5,1,1): 1 x 20.56 us = 20.56 us (1530.02 GFLOPS/s)
GLU: 1 x 1.48 us = 1.48 us
MUL_MAT f32 m=256 n=120 k=256: 1 x 1.68 us = 1.68 us (9344 GFLOPS/s)
MUL_MAT f32 m=256 n=20 k=256: 1 x 3.08 us = 3.08 us (849.455 GFLOPS/s)
MUL_MAT f32 m=64 n=480 k=64: 1 x 3.68 us = 3.68 us (1060.17 GFLOPS/s)
MUL_MAT f32 m=64 n=80 k=64: 1 x 3.68 us = 3.68 us (176.696 GFLOPS/s)
MUL_MAT_ADD MUL_MAT_VEC q6_K m=5120 n=5 k=17408: 1 x 155.34 us = 155.34 us (5737.5 GFLOPS/s)
MUL_MAT_ADD MUL_MAT_VEC q6_K m=5120 n=5 k=6144: 1 x 61.68 us = 61.68 us (5099.66 GFLOPS/s)
MUL_MAT_VEC q6_K m=1024 n=5 k=5120: 2 x 9.04 us = 18.08 us (5799.08 GFLOPS/s)
MUL_MAT_VEC q6_K m=12288 n=5 k=5120: 1 x 120.72 us = 120.72 us (5211.1 GFLOPS/s)
MUL_MAT_VEC q6_K m=17408 n=5 k=5120: 2 x 135.5 us = 271 us (6577.14 GFLOPS/s)
MUL_MAT_VEC q8_0 m=5120 n=5 k=10240: 1 x 104.64 us = 104.64 us (5010.15 GFLOPS/s)
RMS_NORM_MUL RMS_NORM(256,24,5,1): 1 x 3.8 us = 3.8 us
RMS_NORM_MUL RMS_NORM(256,4,5,1): 1 x 3.68 us = 3.68 us
RMS_NORM_MUL RMS_NORM(5120,5,1,1): 5 x 12.232 us = 61.16 us
ROPE: 2 x 3.66 us = 7.32 us
SET_ROWS: 2 x 2.7 us = 5.4 us
SIGMOID_MUL SIGMOID: 1 x 1.72 us = 1.72 us
Total time: 856.42 us.
----------------
Vulkan Timings:
CONCAT: 1 x 3.68 us = 3.68 us
CONT: 1 x 3.44 us = 3.44 us
FLASH_ATTN_EXT dst(256,24,1,1),  q(256,1,24,1),  k(256,256,4,1),  v(256,256,4,1),  m(256,1,1,1): 1 x 12.4 us = 12.4 us (507.375 GFLOPS/s)
GET_ROWS: 2 x 5.32 us = 10.64 us
GLU: 1 x 1.64 us = 1.64 us
MUL_MAT f32 m=256 n=24 k=256: 1 x 1.48 us = 1.48 us (2121.34 GFLOPS/s)
MUL_MAT f32 m=64 n=16 k=64: 1 x 1.8 us = 1.8 us (72.2489 GFLOPS/s)
MUL_MAT f32 m=64 n=96 k=64: 1 x 3.2 us = 3.2 us (243.84 GFLOPS/s)
MUL_MAT_ADD MUL_MAT_VEC q6_K m=5120 n=1 k=17408: 1 x 129.96 us = 129.96 us (1371.6 GFLOPS/s)
MUL_MAT_ADD MUL_MAT_VEC q6_K m=5120 n=1 k=6144: 1 x 54.56 us = 54.56 us (1153.03 GFLOPS/s)
MUL_MAT_VEC f32 m=256 n=4 k=256: 1 x 3.04 us = 3.04 us (172.126 GFLOPS/s)
MUL_MAT_VEC q6_K m=1024 n=1 k=5120: 2 x 9.2 us = 18.4 us (1139.65 GFLOPS/s)
MUL_MAT_VEC q6_K m=12288 n=1 k=5120: 1 x 90 us = 90 us (1397.96 GFLOPS/s)
MUL_MAT_VEC q6_K m=17408 n=1 k=5120: 2 x 117.82 us = 235.64 us (1512.82 GFLOPS/s)
MUL_MAT_VEC q6_K m=98304 n=1 k=5120: 1 x 673.48 us = 673.48 us (1494.53 GFLOPS/s)
MUL_MAT_VEC q8_0 m=5120 n=1 k=10240: 1 x 91.72 us = 91.72 us (1143.18 GFLOPS/s)
PAD: 1 x 6.24 us = 6.24 us
RMS_NORM_MUL RMS_NORM(256,24,1,1): 1 x 3.16 us = 3.16 us
RMS_NORM_MUL RMS_NORM(256,4,1,1): 1 x 4.84 us = 4.84 us
RMS_NORM_MUL RMS_NORM(5120,1,1,1): 5 x 4.328 us = 21.64 us
ROPE: 2 x 3.32 us = 6.64 us
SET_ROWS: 2 x 2.6 us = 5.2 us
SIGMOID_MUL SIGMOID: 1 x 1.52 us = 1.52 us
TOP_K K=10 (98304,1,1,1): 1 x 8.96 us = 8.96 us
Total time: 1393.28 us.
----------------
Vulkan Timings:
CONCAT: 1 x 3.76 us = 3.76 us
CONT: 1 x 3.6 us = 3.6 us
FLASH_ATTN_EXT dst(256,24,1,1),  q(256,1,24,1),  k(256,256,4,1),  v(256,256,4,1),  m(256,1,1,1): 1 x 12.88 us = 12.88 us (488.467 GFLOPS/s)
GET_ROWS: 2 x 4.2 us = 8.4 us
GLU: 1 x 1.72 us = 1.72 us
MUL_MAT f32 m=256 n=24 k=256: 1 x 1.64 us = 1.64 us (1914.38 GFLOPS/s)
MUL_MAT f32 m=64 n=16 k=64: 1 x 3.6 us = 3.6 us (36.1244 GFLOPS/s)
MUL_MAT f32 m=64 n=96 k=64: 1 x 3.64 us = 3.64 us (214.365 GFLOPS/s)
MUL_MAT_ADD MUL_MAT_VEC q6_K m=5120 n=1 k=17408: 1 x 123.4 us = 123.4 us (1444.51 GFLOPS/s)
MUL_MAT_ADD MUL_MAT_VEC q6_K m=5120 n=1 k=6144: 1 x 54.08 us = 54.08 us (1163.27 GFLOPS/s)
MUL_MAT_VEC f32 m=256 n=4 k=256: 1 x 3.04 us = 3.04 us (172.126 GFLOPS/s)
MUL_MAT_VEC q6_K m=1024 n=1 k=5120: 2 x 9.16 us = 18.32 us (1144.62 GFLOPS/s)
MUL_MAT_VEC q6_K m=12288 n=1 k=5120: 1 x 86 us = 86 us (1462.99 GFLOPS/s)
MUL_MAT_VEC q6_K m=17408 n=1 k=5120: 2 x 121.14 us = 242.28 us (1471.36 GFLOPS/s)
MUL_MAT_VEC q6_K m=98304 n=1 k=5120: 1 x 673.85 us = 673.85 us (1493.71 GFLOPS/s)
MUL_MAT_VEC q8_0 m=5120 n=1 k=10240: 1 x 101.32 us = 101.32 us (1034.86 GFLOPS/s)
PAD: 1 x 6.36 us = 6.36 us
RMS_NORM_MUL RMS_NORM(256,24,1,1): 1 x 3.6 us = 3.6 us
RMS_NORM_MUL RMS_NORM(256,4,1,1): 1 x 3.56 us = 3.56 us
RMS_NORM_MUL RMS_NORM(5120,1,1,1): 5 x 3.744 us = 18.72 us
ROPE: 2 x 3.58 us = 7.16 us
SET_ROWS: 2 x 2.66 us = 5.32 us
SIGMOID_MUL SIGMOID: 1 x 1.72 us = 1.72 us
TOP_K K=10 (98304,1,1,1): 1 x 9.12 us = 9.12 us
Total time: 1397.09 us.
----------------
Vulkan Timings:
CONCAT: 1 x 3.76 us = 3.76 us
CONT: 1 x 3.6 us = 3.6 us
FLASH_ATTN_EXT dst(256,24,1,1),  q(256,1,24,1),  k(256,256,4,1),  v(256,256,4,1),  m(256,1,1,1): 1 x 12.88 us = 12.88 us (488.467 GFLOPS/s)
GET_ROWS: 2 x 4.28 us = 8.56 us
GLU: 1 x 1.76 us = 1.76 us
MUL_MAT f32 m=256 n=24 k=256: 1 x 1.68 us = 1.68 us (1868.8 GFLOPS/s)
MUL_MAT f32 m=64 n=16 k=64: 1 x 3.64 us = 3.64 us (35.7275 GFLOPS/s)
MUL_MAT f32 m=64 n=96 k=64: 1 x 3.64 us = 3.64 us (214.365 GFLOPS/s)
MUL_MAT_ADD MUL_MAT_VEC q6_K m=5120 n=1 k=17408: 1 x 123.96 us = 123.96 us (1437.99 GFLOPS/s)
MUL_MAT_ADD MUL_MAT_VEC q6_K m=5120 n=1 k=6144: 1 x 54 us = 54 us (1164.99 GFLOPS/s)
MUL_MAT_VEC f32 m=256 n=4 k=256: 1 x 3.04 us = 3.04 us (172.126 GFLOPS/s)
MUL_MAT_VEC q6_K m=1024 n=1 k=5120: 2 x 9.06 us = 18.12 us (1157.26 GFLOPS/s)
MUL_MAT_VEC q6_K m=12288 n=1 k=5120: 1 x 86.04 us = 86.04 us (1462.31 GFLOPS/s)
MUL_MAT_VEC q6_K m=17408 n=1 k=5120: 2 x 121.36 us = 242.72 us (1468.69 GFLOPS/s)
MUL_MAT_VEC q6_K m=98304 n=1 k=5120: 1 x 674.6 us = 674.6 us (1492.05 GFLOPS/s)
MUL_MAT_VEC q8_0 m=5120 n=1 k=10240: 1 x 101.16 us = 101.16 us (1036.5 GFLOPS/s)
PAD: 1 x 6.24 us = 6.24 us
RMS_NORM_MUL RMS_NORM(256,24,1,1): 1 x 3.6 us = 3.6 us
RMS_NORM_MUL RMS_NORM(256,4,1,1): 1 x 3.64 us = 3.64 us
RMS_NORM_MUL RMS_NORM(5120,1,1,1): 5 x 3.752 us = 18.76 us
ROPE: 2 x 3.62 us = 7.24 us
SET_ROWS: 2 x 2.64 us = 5.28 us
SIGMOID_MUL SIGMOID: 1 x 1.68 us = 1.68 us
TOP_K K=10 (98304,1,1,1): 1 x 8.64 us = 8.64 us
Total time: 1398.24 us.
----------------
Vulkan Timings:
CONCAT: 1 x 3.76 us = 3.76 us
CONT: 1 x 3.6 us = 3.6 us
FLASH_ATTN_EXT dst(256,24,1,1),  q(256,1,24,1),  k(256,256,4,1),  v(256,256,4,1),  m(256,1,1,1): 1 x 12.76 us = 12.76 us (493.061 GFLOPS/s)
GET_ROWS: 2 x 4.28 us = 8.56 us
GLU: 1 x 1.76 us = 1.76 us
MUL_MAT f32 m=256 n=24 k=256: 1 x 1.6 us = 1.6 us (1962.24 GFLOPS/s)
MUL_MAT f32 m=64 n=16 k=64: 1 x 3.64 us = 3.64 us (35.7275 GFLOPS/s)
MUL_MAT f32 m=64 n=96 k=64: 1 x 3.64 us = 3.64 us (214.365 GFLOPS/s)
MUL_MAT_ADD MUL_MAT_VEC q6_K m=5120 n=1 k=17408: 1 x 123.68 us = 123.68 us (1441.24 GFLOPS/s)
MUL_MAT_ADD MUL_MAT_VEC q6_K m=5120 n=1 k=6144: 1 x 53.6 us = 53.6 us (1173.68 GFLOPS/s)
MUL_MAT_VEC f32 m=256 n=4 k=256: 1 x 3.04 us = 3.04 us (172.126 GFLOPS/s)
MUL_MAT_VEC q6_K m=1024 n=1 k=5120: 2 x 9.16 us = 18.32 us (1144.62 GFLOPS/s)
MUL_MAT_VEC q6_K m=12288 n=1 k=5120: 1 x 85.56 us = 85.56 us (1470.51 GFLOPS/s)
MUL_MAT_VEC q6_K m=17408 n=1 k=5120: 2 x 121.28 us = 242.56 us (1469.66 GFLOPS/s)
MUL_MAT_VEC q6_K m=98304 n=1 k=5120: 1 x 677.57 us = 677.57 us (1485.51 GFLOPS/s)
MUL_MAT_VEC q8_0 m=5120 n=1 k=10240: 1 x 101.4 us = 101.4 us (1034.05 GFLOPS/s)
PAD: 1 x 6.12 us = 6.12 us
RMS_NORM_MUL RMS_NORM(256,24,1,1): 1 x 3.6 us = 3.6 us
RMS_NORM_MUL RMS_NORM(256,4,1,1): 1 x 3.56 us = 3.56 us
RMS_NORM_MUL RMS_NORM(5120,1,1,1): 5 x 3.752 us = 18.76 us
ROPE: 2 x 3.56 us = 7.12 us
SET_ROWS: 2 x 2.64 us = 5.28 us
SIGMOID_MUL SIGMOID: 1 x 1.72 us = 1.72 us
TOP_K K=10 (98304,1,1,1): 1 x 9 us = 9 us
Total time: 1400.21 us.
----------------
Vulkan Timings:
ADD: 48 x 3.746 us = 179.84 us
CONCAT: 48 x 2.44 us = 117.16 us
CONT: 16 x 3.822 us = 61.16 us
CPY: 240 x 2.235 us = 536.56 us
FLASH_ATTN_EXT dst(256,24,5,1),  q(256,5,24,1),  k(256,256,4,1),  v(256,256,4,1),  m(256,5,1,1): 16 x 20.835 us = 333.36 us (1509.83 GFLOPS/s)
GDN_CACHE GATED_DELTA_NET: 48 x 13.805 us = 662.64 us
GET_ROWS: 50 x 25.943 us = 1297.16 us
GLU: 64 x 2.923 us = 187.12 us
MUL_MAT f32 m=256 n=120 k=256: 16 x 1.79 us = 28.64 us (8769.79 GFLOPS/s)
MUL_MAT f32 m=256 n=20 k=256: 16 x 3.115 us = 49.84 us (839.91 GFLOPS/s)
MUL_MAT f32 m=64 n=480 k=64: 16 x 3.627 us = 58.04 us (1075.52 GFLOPS/s)
MUL_MAT f32 m=64 n=80 k=64: 16 x 3.28 us = 52.48 us (198.244 GFLOPS/s)
MUL_MAT_ADD MUL_MAT_VEC q6_K m=5120 n=5 k=17408: 64 x 130.456 us = 8349.24 us (6831.87 GFLOPS/s)
MUL_MAT_ADD MUL_MAT_VEC q6_K m=5120 n=5 k=6144: 16 x 55.17 us = 882.72 us (5701.42 GFLOPS/s)
MUL_MAT_VEC f32 m=48 n=5 k=5120: 96 x 3.352 us = 321.88 us (732.902 GFLOPS/s)
MUL_MAT_VEC q6_K m=1024 n=5 k=5120: 32 x 11.001 us = 352.04 us (4765.25 GFLOPS/s)
MUL_MAT_VEC q6_K m=10240 n=5 k=5120: 48 x 81.856 us = 3929.12 us (6404.33 GFLOPS/s)
MUL_MAT_VEC q6_K m=12288 n=5 k=5120: 16 x 94.95 us = 1519.2 us (6625.43 GFLOPS/s)
MUL_MAT_VEC q6_K m=17408 n=5 k=5120: 128 x 140.553 us = 17990.8 us (6340.67 GFLOPS/s)
MUL_MAT_VEC q6_K m=248320 n=5 k=5120: 1 x 1766.56 us = 1766.56 us (7196.33 GFLOPS/s)
MUL_MAT_VEC q6_K m=6144 n=5 k=5120: 48 x 53.415 us = 2563.96 us (5888.56 GFLOPS/s)
MUL_MAT_VEC q8_0 m=5120 n=5 k=6144: 48 x 62.95 us = 3021.6 us (4996.78 GFLOPS/s)
RMS_NORM_MUL RMS_NORM(256,24,5,1): 16 x 3.825 us = 61.2 us
RMS_NORM_MUL RMS_NORM(256,4,5,1): 16 x 4.395 us = 70.32 us
RMS_NORM_MUL RMS_NORM(5120,5,1,1): 129 x 4.514 us = 582.36 us
RMS_NORM_MUL_SILU_MUL RMS_NORM(128,48,5,1): 48 x 5.643 us = 270.88 us
RMS_NORM_SCALE RMS_NORM(128,16,5,1): 96 x 2.706 us = 259.8 us
ROPE: 32 x 3.837 us = 122.8 us
SET_ROWS: 32 x 2.951 us = 94.44 us
SIGMOID_MUL SIGMOID: 16 x 3.677 us = 58.84 us
SSM_CONV_SILU SSM_CONV: 48 x 5.664 us = 271.88 us
Total time: 46053.7 us.
----------------
Vulkan Timings:
CONCAT: 1 x 4 us = 4 us
CONT: 1 x 3.68 us = 3.68 us
FLASH_ATTN_EXT dst(256,24,5,1),  q(256,5,24,1),  k(256,256,4,1),  v(256,256,4,1),  m(256,5,1,1): 1 x 20.68 us = 20.68 us (1521.15 GFLOPS/s)
GLU: 1 x 1.56 us = 1.56 us
MUL_MAT f32 m=256 n=120 k=256: 1 x 1.72 us = 1.72 us (9126.7 GFLOPS/s)
MUL_MAT f32 m=256 n=20 k=256: 1 x 3.08 us = 3.08 us (849.455 GFLOPS/s)
MUL_MAT f32 m=64 n=480 k=64: 1 x 3.68 us = 3.68 us (1060.17 GFLOPS/s)
MUL_MAT f32 m=64 n=80 k=64: 1 x 3.64 us = 3.64 us (178.637 GFLOPS/s)
MUL_MAT_ADD MUL_MAT_VEC q6_K m=5120 n=5 k=17408: 1 x 156.98 us = 156.98 us (5677.56 GFLOPS/s)
MUL_MAT_ADD MUL_MAT_VEC q6_K m=5120 n=5 k=6144: 1 x 62.08 us = 62.08 us (5066.8 GFLOPS/s)
MUL_MAT_VEC q6_K m=1024 n=5 k=5120: 2 x 9.04 us = 18.08 us (5799.08 GFLOPS/s)
MUL_MAT_VEC q6_K m=12288 n=5 k=5120: 1 x 123.14 us = 123.14 us (5108.69 GFLOPS/s)
MUL_MAT_VEC q6_K m=17408 n=5 k=5120: 2 x 135.6 us = 271.2 us (6572.29 GFLOPS/s)
MUL_MAT_VEC q8_0 m=5120 n=5 k=10240: 1 x 105.88 us = 105.88 us (4951.48 GFLOPS/s)
RMS_NORM_MUL RMS_NORM(256,24,5,1): 1 x 3.8 us = 3.8 us
RMS_NORM_MUL RMS_NORM(256,4,5,1): 1 x 3.64 us = 3.64 us
RMS_NORM_MUL RMS_NORM(5120,5,1,1): 5 x 8.78 us = 43.9 us
ROPE: 2 x 3.68 us = 7.36 us
SET_ROWS: 2 x 2.7 us = 5.4 us
SIGMOID_MUL SIGMOID: 1 x 1.76 us = 1.76 us
Total time: 845.26 us.
----------------
Vulkan Timings:
CONCAT: 1 x 3.64 us = 3.64 us
CONT: 1 x 3.52 us = 3.52 us
FLASH_ATTN_EXT dst(256,24,1,1),  q(256,1,24,1),  k(256,256,4,1),  v(256,256,4,1),  m(256,1,1,1): 1 x 12.44 us = 12.44 us (505.744 GFLOPS/s)
GET_ROWS: 2 x 4.26 us = 8.52 us
GLU: 1 x 1.64 us = 1.64 us
MUL_MAT f32 m=256 n=24 k=256: 1 x 1.56 us = 1.56 us (2012.55 GFLOPS/s)
MUL_MAT f32 m=64 n=16 k=64: 1 x 1.8 us = 1.8 us (72.2489 GFLOPS/s)
MUL_MAT f32 m=64 n=96 k=64: 1 x 3.2 us = 3.2 us (243.84 GFLOPS/s)
MUL_MAT_ADD MUL_MAT_VEC q6_K m=5120 n=1 k=17408: 1 x 130.28 us = 130.28 us (1368.23 GFLOPS/s)
MUL_MAT_ADD MUL_MAT_VEC q6_K m=5120 n=1 k=6144: 1 x 54.68 us = 54.68 us (1150.5 GFLOPS/s)
MUL_MAT_VEC f32 m=256 n=4 k=256: 1 x 3 us = 3 us (174.421 GFLOPS/s)
MUL_MAT_VEC q6_K m=1024 n=1 k=5120: 2 x 8.3 us = 16.6 us (1263.22 GFLOPS/s)
MUL_MAT_VEC q6_K m=12288 n=1 k=5120: 1 x 90.12 us = 90.12 us (1396.1 GFLOPS/s)
MUL_MAT_VEC q6_K m=17408 n=1 k=5120: 2 x 118 us = 236 us (1510.51 GFLOPS/s)
MUL_MAT_VEC q6_K m=98304 n=1 k=5120: 1 x 672.59 us = 672.59 us (1496.51 GFLOPS/s)
MUL_MAT_VEC q8_0 m=5120 n=1 k=10240: 1 x 91.84 us = 91.84 us (1141.69 GFLOPS/s)
PAD: 1 x 6.28 us = 6.28 us
RMS_NORM_MUL RMS_NORM(256,24,1,1): 1 x 5.76 us = 5.76 us
RMS_NORM_MUL RMS_NORM(256,4,1,1): 1 x 4.8 us = 4.8 us
RMS_NORM_MUL RMS_NORM(5120,1,1,1): 5 x 4.392 us = 21.96 us
ROPE: 2 x 3.28 us = 6.56 us
SET_ROWS: 2 x 2.58 us = 5.16 us
SIGMOID_MUL SIGMOID: 1 x 1.6 us = 1.6 us
TOP_K K=10 (98304,1,1,1): 1 x 8.96 us = 8.96 us
Total time: 1392.51 us.
----------------
Vulkan Timings:
CONCAT: 1 x 3.76 us = 3.76 us
CONT: 1 x 3.6 us = 3.6 us
FLASH_ATTN_EXT dst(256,24,1,1),  q(256,1,24,1),  k(256,256,4,1),  v(256,256,4,1),  m(256,1,1,1): 1 x 12.92 us = 12.92 us (486.955 GFLOPS/s)
GET_ROWS: 2 x 4.16 us = 8.32 us
GLU: 1 x 1.8 us = 1.8 us
MUL_MAT f32 m=256 n=24 k=256: 1 x 1.64 us = 1.64 us (1914.38 GFLOPS/s)
MUL_MAT f32 m=64 n=16 k=64: 1 x 3.64 us = 3.64 us (35.7275 GFLOPS/s)
MUL_MAT f32 m=64 n=96 k=64: 1 x 3.56 us = 3.56 us (219.182 GFLOPS/s)
MUL_MAT_ADD MUL_MAT_VEC q6_K m=5120 n=1 k=17408: 1 x 123.56 us = 123.56 us (1442.64 GFLOPS/s)
MUL_MAT_ADD MUL_MAT_VEC q6_K m=5120 n=1 k=6144: 1 x 54.2 us = 54.2 us (1160.69 GFLOPS/s)
MUL_MAT_VEC f32 m=256 n=4 k=256: 1 x 3.04 us = 3.04 us (172.126 GFLOPS/s)
MUL_MAT_VEC q6_K m=1024 n=1 k=5120: 2 x 9.18 us = 18.36 us (1142.13 GFLOPS/s)
MUL_MAT_VEC q6_K m=12288 n=1 k=5120: 1 x 86.16 us = 86.16 us (1460.27 GFLOPS/s)
MUL_MAT_VEC q6_K m=17408 n=1 k=5120: 2 x 121.42 us = 242.84 us (1467.97 GFLOPS/s)
MUL_MAT_VEC q6_K m=98304 n=1 k=5120: 1 x 674.01 us = 674.01 us (1493.35 GFLOPS/s)
MUL_MAT_VEC q8_0 m=5120 n=1 k=10240: 1 x 100.96 us = 100.96 us (1038.55 GFLOPS/s)
PAD: 1 x 6.32 us = 6.32 us
RMS_NORM_MUL RMS_NORM(256,24,1,1): 1 x 3.6 us = 3.6 us
RMS_NORM_MUL RMS_NORM(256,4,1,1): 1 x 3.6 us = 3.6 us
RMS_NORM_MUL RMS_NORM(5120,1,1,1): 5 x 3.72 us = 18.6 us
ROPE: 2 x 3.58 us = 7.16 us
SET_ROWS: 2 x 2.64 us = 5.28 us
SIGMOID_MUL SIGMOID: 1 x 1.68 us = 1.68 us
TOP_K K=10 (98304,1,1,1): 1 x 8.84 us = 8.84 us
Total time: 1397.45 us.
----------------
Vulkan Timings:
CONCAT: 1 x 3.76 us = 3.76 us
CONT: 1 x 3.6 us = 3.6 us
FLASH_ATTN_EXT dst(256,24,1,1),  q(256,1,24,1),  k(256,256,4,1),  v(256,256,4,1),  m(256,1,1,1): 1 x 12.88 us = 12.88 us (488.467 GFLOPS/s)
GET_ROWS: 2 x 4.18 us = 8.36 us
GLU: 1 x 1.84 us = 1.84 us
MUL_MAT f32 m=256 n=24 k=256: 1 x 1.64 us = 1.64 us (1914.38 GFLOPS/s)
MUL_MAT f32 m=64 n=16 k=64: 1 x 3.6 us = 3.6 us (36.1244 GFLOPS/s)
MUL_MAT f32 m=64 n=96 k=64: 1 x 3.6 us = 3.6 us (216.747 GFLOPS/s)
MUL_MAT_ADD MUL_MAT_VEC q6_K m=5120 n=1 k=17408: 1 x 123.4 us = 123.4 us (1444.51 GFLOPS/s)
MUL_MAT_ADD MUL_MAT_VEC q6_K m=5120 n=1 k=6144: 1 x 53.84 us = 53.84 us (1168.45 GFLOPS/s)
MUL_MAT_VEC f32 m=256 n=4 k=256: 1 x 3.04 us = 3.04 us (172.126 GFLOPS/s)
MUL_MAT_VEC q6_K m=1024 n=1 k=5120: 2 x 9.14 us = 18.28 us (1147.13 GFLOPS/s)
MUL_MAT_VEC q6_K m=12288 n=1 k=5120: 1 x 85.68 us = 85.68 us (1468.45 GFLOPS/s)
MUL_MAT_VEC q6_K m=17408 n=1 k=5120: 2 x 121.04 us = 242.08 us (1472.58 GFLOPS/s)
MUL_MAT_VEC q6_K m=98304 n=1 k=5120: 1 x 671.48 us = 671.48 us (1498.98 GFLOPS/s)
MUL_MAT_VEC q8_0 m=5120 n=1 k=10240: 1 x 101.52 us = 101.52 us (1032.83 GFLOPS/s)
PAD: 1 x 6.32 us = 6.32 us
RMS_NORM_MUL RMS_NORM(256,24,1,1): 1 x 3.64 us = 3.64 us
RMS_NORM_MUL RMS_NORM(256,4,1,1): 1 x 3.56 us = 3.56 us
RMS_NORM_MUL RMS_NORM(5120,1,1,1): 5 x 3.728 us = 18.64 us
ROPE: 2 x 3.58 us = 7.16 us
SET_ROWS: 2 x 2.64 us = 5.28 us
SIGMOID_MUL SIGMOID: 1 x 1.72 us = 1.72 us
TOP_K K=10 (98304,1,1,1): 1 x 8.84 us = 8.84 us
Total time: 1393.76 us.
----------------
Vulkan Timings:
CONCAT: 1 x 3.76 us = 3.76 us
CONT: 1 x 3.64 us = 3.64 us
FLASH_ATTN_EXT dst(256,24,1,1),  q(256,1,24,1),  k(256,256,4,1),  v(256,256,4,1),  m(256,1,1,1): 1 x 12.96 us = 12.96 us (485.452 GFLOPS/s)
GET_ROWS: 2 x 8 us = 16 us
GLU: 1 x 1.76 us = 1.76 us
MUL_MAT f32 m=256 n=24 k=256: 1 x 1.68 us = 1.68 us (1868.8 GFLOPS/s)
MUL_MAT f32 m=64 n=16 k=64: 1 x 3.56 us = 3.56 us (36.5303 GFLOPS/s)
MUL_MAT f32 m=64 n=96 k=64: 1 x 3.6 us = 3.6 us (216.747 GFLOPS/s)
MUL_MAT_ADD MUL_MAT_VEC q6_K m=5120 n=1 k=17408: 1 x 123.68 us = 123.68 us (1441.24 GFLOPS/s)
MUL_MAT_ADD MUL_MAT_VEC q6_K m=5120 n=1 k=6144: 1 x 54.84 us = 54.84 us (1147.15 GFLOPS/s)
MUL_MAT_VEC f32 m=256 n=4 k=256: 1 x 3.04 us = 3.04 us (172.126 GFLOPS/s)
MUL_MAT_VEC q6_K m=1024 n=1 k=5120: 2 x 9.18 us = 18.36 us (1142.13 GFLOPS/s)
MUL_MAT_VEC q6_K m=12288 n=1 k=5120: 1 x 85.56 us = 85.56 us (1470.51 GFLOPS/s)
MUL_MAT_VEC q6_K m=17408 n=1 k=5120: 2 x 121.04 us = 242.08 us (1472.58 GFLOPS/s)
MUL_MAT_VEC q6_K m=98304 n=1 k=5120: 1 x 673.34 us = 673.34 us (1494.84 GFLOPS/s)
MUL_MAT_VEC q8_0 m=5120 n=1 k=10240: 1 x 101.24 us = 101.24 us (1035.68 GFLOPS/s)
PAD: 1 x 4.88 us = 4.88 us
RMS_NORM_MUL RMS_NORM(256,24,1,1): 1 x 3.56 us = 3.56 us
RMS_NORM_MUL RMS_NORM(256,4,1,1): 1 x 3.6 us = 3.6 us
RMS_NORM_MUL RMS_NORM(5120,1,1,1): 5 x 3.704 us = 18.52 us
ROPE: 2 x 3.54 us = 7.08 us
SET_ROWS: 2 x 2.64 us = 5.28 us
SIGMOID_MUL SIGMOID: 1 x 1.92 us = 1.92 us
TOP_K K=10 (98304,1,1,1): 1 x 9.16 us = 9.16 us
Total time: 1403.1 us.
----------------
Vulkan Timings:
ADD: 48 x 3.76 us = 180.52 us
CONCAT: 48 x 2.4 us = 115.2 us
CONT: 16 x 3.835 us = 61.36 us
CPY: 240 x 2.249 us = 539.92 us
FLASH_ATTN_EXT dst(256,24,5,1),  q(256,5,24,1),  k(256,256,4,1),  v(256,256,4,1),  m(256,5,1,1): 16 x 21.067 us = 337.08 us (1493.17 GFLOPS/s)
GDN_CACHE GATED_DELTA_NET: 48 x 13.919 us = 668.12 us
GET_ROWS: 50 x 26.23 us = 1311.52 us
GLU: 64 x 2.923 us = 187.08 us
MUL_MAT f32 m=256 n=120 k=256: 16 x 1.817 us = 29.08 us (8637.09 GFLOPS/s)
MUL_MAT f32 m=256 n=20 k=256: 16 x 3.107 us = 49.72 us (841.937 GFLOPS/s)
MUL_MAT f32 m=64 n=480 k=64: 16 x 3.635 us = 58.16 us (1073.3 GFLOPS/s)
MUL_MAT f32 m=64 n=80 k=64: 16 x 3.277 us = 52.44 us (198.395 GFLOPS/s)
MUL_MAT_ADD MUL_MAT_VEC q6_K m=5120 n=5 k=17408: 64 x 130.505 us = 8352.32 us (6829.35 GFLOPS/s)
MUL_MAT_ADD MUL_MAT_VEC q6_K m=5120 n=5 k=6144: 16 x 54.94 us = 879.04 us (5725.29 GFLOPS/s)
MUL_MAT_VEC f32 m=48 n=5 k=5120: 96 x 3.452 us = 331.4 us (711.848 GFLOPS/s)
MUL_MAT_VEC q6_K m=1024 n=5 k=5120: 32 x 11.092 us = 354.96 us (4726.05 GFLOPS/s)
MUL_MAT_VEC q6_K m=10240 n=5 k=5120: 48 x 81.997 us = 3935.88 us (6393.33 GFLOPS/s)
MUL_MAT_VEC q6_K m=12288 n=5 k=5120: 16 x 95.007 us = 1520.12 us (6621.42 GFLOPS/s)
MUL_MAT_VEC q6_K m=17408 n=5 k=5120: 128 x 141.069 us = 18056.8 us (6317.49 GFLOPS/s)
MUL_MAT_VEC q6_K m=248320 n=5 k=5120: 1 x 1775.32 us = 1775.32 us (7160.82 GFLOPS/s)
MUL_MAT_VEC q6_K m=6144 n=5 k=5120: 48 x 53.47 us = 2566.56 us (5882.59 GFLOPS/s)
MUL_MAT_VEC q8_0 m=5120 n=5 k=6144: 48 x 63.02 us = 3025 us (4991.16 GFLOPS/s)
RMS_NORM_MUL RMS_NORM(256,24,5,1): 16 x 3.712 us = 59.4 us
RMS_NORM_MUL RMS_NORM(256,4,5,1): 16 x 4.41 us = 70.56 us
RMS_NORM_MUL RMS_NORM(5120,5,1,1): 129 x 4.589 us = 592.04 us
RMS_NORM_MUL_SILU_MUL RMS_NORM(128,48,5,1): 48 x 5.644 us = 270.92 us
RMS_NORM_SCALE RMS_NORM(128,16,5,1): 96 x 2.626 us = 252.16 us
ROPE: 32 x 3.848 us = 123.16 us
SET_ROWS: 32 x 2.912 us = 93.2 us
SIGMOID_MUL SIGMOID: 16 x 3.695 us = 59.12 us
SSM_CONV_SILU SSM_CONV: 48 x 5.706 us = 273.92 us
Total time: 46182.1 us.
----------------
Vulkan Timings:
CONCAT: 1 x 1.96 us = 1.96 us
CONT: 1 x 3.68 us = 3.68 us
FLASH_ATTN_EXT dst(256,24,5,1),  q(256,5,24,1),  k(256,256,4,1),  v(256,256,4,1),  m(256,5,1,1): 1 x 20.8 us = 20.8 us (1512.37 GFLOPS/s)
GLU: 1 x 1.52 us = 1.52 us
MUL_MAT f32 m=256 n=120 k=256: 1 x 1.76 us = 1.76 us (8919.27 GFLOPS/s)
MUL_MAT f32 m=256 n=20 k=256: 1 x 3.12 us = 3.12 us (838.564 GFLOPS/s)
MUL_MAT f32 m=64 n=480 k=64: 1 x 3.68 us = 3.68 us (1060.17 GFLOPS/s)
MUL_MAT f32 m=64 n=80 k=64: 1 x 3.72 us = 3.72 us (174.796 GFLOPS/s)
MUL_MAT_ADD MUL_MAT_VEC q6_K m=5120 n=5 k=17408: 1 x 154.16 us = 154.16 us (5781.42 GFLOPS/s)
MUL_MAT_ADD MUL_MAT_VEC q6_K m=5120 n=5 k=6144: 1 x 61.96 us = 61.96 us (5076.62 GFLOPS/s)
MUL_MAT_VEC q6_K m=1024 n=5 k=5120: 2 x 9.08 us = 18.16 us (5773.53 GFLOPS/s)
MUL_MAT_VEC q6_K m=12288 n=5 k=5120: 1 x 120.9 us = 120.9 us (5203.34 GFLOPS/s)
MUL_MAT_VEC q6_K m=17408 n=5 k=5120: 2 x 135.74 us = 271.48 us (6565.51 GFLOPS/s)
MUL_MAT_VEC q8_0 m=5120 n=5 k=10240: 1 x 106.24 us = 106.24 us (4934.7 GFLOPS/s)
RMS_NORM_MUL RMS_NORM(256,24,5,1): 1 x 3.88 us = 3.88 us
RMS_NORM_MUL RMS_NORM(256,4,5,1): 1 x 3.72 us = 3.72 us
RMS_NORM_MUL RMS_NORM(5120,5,1,1): 5 x 8.438 us = 42.19 us
ROPE: 2 x 3.76 us = 7.52 us
SET_ROWS: 2 x 2.7 us = 5.4 us
SIGMOID_MUL SIGMOID: 1 x 1.68 us = 1.68 us
Total time: 837.53 us.
----------------
Vulkan Timings:
CONCAT: 1 x 3.64 us = 3.64 us
CONT: 1 x 3.52 us = 3.52 us
FLASH_ATTN_EXT dst(256,24,1,1),  q(256,1,24,1),  k(256,256,4,1),  v(256,256,4,1),  m(256,1,1,1): 1 x 12.44 us = 12.44 us (505.744 GFLOPS/s)
GET_ROWS: 2 x 4.26 us = 8.52 us
GLU: 1 x 1.6 us = 1.6 us
MUL_MAT f32 m=256 n=24 k=256: 1 x 1.56 us = 1.56 us (2012.55 GFLOPS/s)
MUL_MAT f32 m=64 n=16 k=64: 1 x 1.84 us = 1.84 us (70.6783 GFLOPS/s)
MUL_MAT f32 m=64 n=96 k=64: 1 x 3.2 us = 3.2 us (243.84 GFLOPS/s)
MUL_MAT_ADD MUL_MAT_VEC q6_K m=5120 n=1 k=17408: 1 x 129.72 us = 129.72 us (1374.14 GFLOPS/s)
MUL_MAT_ADD MUL_MAT_VEC q6_K m=5120 n=1 k=6144: 1 x 54.16 us = 54.16 us (1161.55 GFLOPS/s)
MUL_MAT_VEC f32 m=256 n=4 k=256: 1 x 3.04 us = 3.04 us (172.126 GFLOPS/s)
MUL_MAT_VEC q6_K m=1024 n=1 k=5120: 2 x 9.32 us = 18.64 us (1124.97 GFLOPS/s)
MUL_MAT_VEC q6_K m=12288 n=1 k=5120: 1 x 89.96 us = 89.96 us (1398.59 GFLOPS/s)
MUL_MAT_VEC q6_K m=17408 n=1 k=5120: 2 x 118.64 us = 237.28 us (1502.36 GFLOPS/s)
MUL_MAT_VEC q6_K m=98304 n=1 k=5120: 1 x 670.02 us = 670.02 us (1502.25 GFLOPS/s)
MUL_MAT_VEC q8_0 m=5120 n=1 k=10240: 1 x 91.72 us = 91.72 us (1143.18 GFLOPS/s)
PAD: 1 x 6.32 us = 6.32 us
RMS_NORM_MUL RMS_NORM(256,24,1,1): 1 x 3.2 us = 3.2 us
RMS_NORM_MUL RMS_NORM(256,4,1,1): 1 x 4.92 us = 4.92 us
RMS_NORM_MUL RMS_NORM(5120,1,1,1): 5 x 4.328 us = 21.64 us
ROPE: 2 x 3.34 us = 6.68 us
SET_ROWS: 2 x 2.58 us = 5.16 us
SIGMOID_MUL SIGMOID: 1 x 1.56 us = 1.56 us
TOP_K K=10 (98304,1,1,1): 1 x 8.8 us = 8.8 us
Total time: 1389.14 us.
----------------
Vulkan Timings:
CONCAT: 1 x 3.76 us = 3.76 us
CONT: 1 x 3.6 us = 3.6 us
FLASH_ATTN_EXT dst(256,24,1,1),  q(256,1,24,1),  k(256,256,4,1),  v(256,256,4,1),  m(256,1,1,1): 1 x 12.92 us = 12.92 us (486.955 GFLOPS/s)
GET_ROWS: 2 x 4.3 us = 8.6 us
GLU: 1 x 1.8 us = 1.8 us
MUL_MAT f32 m=256 n=24 k=256: 1 x 1.6 us = 1.6 us (1962.24 GFLOPS/s)
MUL_MAT f32 m=64 n=16 k=64: 1 x 3.6 us = 3.6 us (36.1244 GFLOPS/s)
MUL_MAT f32 m=64 n=96 k=64: 1 x 3.64 us = 3.64 us (214.365 GFLOPS/s)
MUL_MAT_ADD MUL_MAT_VEC q6_K m=5120 n=1 k=17408: 1 x 123.08 us = 123.08 us (1448.27 GFLOPS/s)
MUL_MAT_ADD MUL_MAT_VEC q6_K m=5120 n=1 k=6144: 1 x 53.64 us = 53.64 us (1172.81 GFLOPS/s)
MUL_MAT_VEC f32 m=256 n=4 k=256: 1 x 3.04 us = 3.04 us (172.126 GFLOPS/s)
MUL_MAT_VEC q6_K m=1024 n=1 k=5120: 2 x 9.22 us = 18.44 us (1137.17 GFLOPS/s)
MUL_MAT_VEC q6_K m=12288 n=1 k=5120: 1 x 86.12 us = 86.12 us (1460.95 GFLOPS/s)
MUL_MAT_VEC q6_K m=17408 n=1 k=5120: 2 x 121.18 us = 242.36 us (1470.87 GFLOPS/s)
MUL_MAT_VEC q6_K m=98304 n=1 k=5120: 1 x 669.04 us = 669.04 us (1504.45 GFLOPS/s)
MUL_MAT_VEC q8_0 m=5120 n=1 k=10240: 1 x 101.56 us = 101.56 us (1032.42 GFLOPS/s)
PAD: 1 x 6.36 us = 6.36 us
RMS_NORM_MUL RMS_NORM(256,24,1,1): 1 x 3.6 us = 3.6 us
RMS_NORM_MUL RMS_NORM(256,4,1,1): 1 x 3.6 us = 3.6 us
RMS_NORM_MUL RMS_NORM(5120,1,1,1): 5 x 3.824 us = 19.12 us
ROPE: 2 x 3.56 us = 7.12 us
SET_ROWS: 2 x 2.6 us = 5.2 us
SIGMOID_MUL SIGMOID: 1 x 1.72 us = 1.72 us
TOP_K K=10 (98304,1,1,1): 1 x 8.8 us = 8.8 us
Total time: 1392.32 us.
----------------
Vulkan Timings:
CONCAT: 1 x 3.8 us = 3.8 us
CONT: 1 x 3.6 us = 3.6 us
FLASH_ATTN_EXT dst(256,24,1,1),  q(256,1,24,1),  k(256,256,4,1),  v(256,256,4,1),  m(256,1,1,1): 1 x 12.8 us = 12.8 us (491.52 GFLOPS/s)
GET_ROWS: 2 x 5.98 us = 11.96 us
GLU: 1 x 1.76 us = 1.76 us
MUL_MAT f32 m=256 n=24 k=256: 1 x 1.64 us = 1.64 us (1914.38 GFLOPS/s)
MUL_MAT f32 m=64 n=16 k=64: 1 x 3.6 us = 3.6 us (36.1244 GFLOPS/s)
MUL_MAT f32 m=64 n=96 k=64: 1 x 3.64 us = 3.64 us (214.365 GFLOPS/s)
MUL_MAT_ADD MUL_MAT_VEC q6_K m=5120 n=1 k=17408: 1 x 124.04 us = 124.04 us (1437.06 GFLOPS/s)
MUL_MAT_ADD MUL_MAT_VEC q6_K m=5120 n=1 k=6144: 1 x 53.16 us = 53.16 us (1183.4 GFLOPS/s)
MUL_MAT_VEC f32 m=256 n=4 k=256: 1 x 3.04 us = 3.04 us (172.126 GFLOPS/s)
MUL_MAT_VEC q6_K m=1024 n=1 k=5120: 2 x 9.06 us = 18.12 us (1157.26 GFLOPS/s)
MUL_MAT_VEC q6_K m=12288 n=1 k=5120: 1 x 85.56 us = 85.56 us (1470.51 GFLOPS/s)
MUL_MAT_VEC q6_K m=17408 n=1 k=5120: 2 x 121.14 us = 242.28 us (1471.36 GFLOPS/s)
MUL_MAT_VEC q6_K m=98304 n=1 k=5120: 1 x 669.76 us = 669.76 us (1502.83 GFLOPS/s)
MUL_MAT_VEC q8_0 m=5120 n=1 k=10240: 1 x 101.32 us = 101.32 us (1034.86 GFLOPS/s)
PAD: 1 x 5 us = 5 us
RMS_NORM_MUL RMS_NORM(256,24,1,1): 1 x 3.6 us = 3.6 us
RMS_NORM_MUL RMS_NORM(256,4,1,1): 1 x 3.56 us = 3.56 us
RMS_NORM_MUL RMS_NORM(5120,1,1,1): 5 x 3.752 us = 18.76 us
ROPE: 2 x 3.58 us = 7.16 us
SET_ROWS: 2 x 2.68 us = 5.36 us
SIGMOID_MUL SIGMOID: 1 x 1.68 us = 1.68 us
TOP_K K=10 (98304,1,1,1): 1 x 8.84 us = 8.84 us
Total time: 1394.04 us.
----------------
Vulkan Timings:
CONCAT: 1 x 3.76 us = 3.76 us
CONT: 1 x 3.6 us = 3.6 us
FLASH_ATTN_EXT dst(256,24,1,1),  q(256,1,24,1),  k(256,256,4,1),  v(256,256,4,1),  m(256,1,1,1): 1 x 13.12 us = 13.12 us (479.532 GFLOPS/s)
GET_ROWS: 2 x 4.2 us = 8.4 us
GLU: 1 x 1.8 us = 1.8 us
MUL_MAT f32 m=256 n=24 k=256: 1 x 1.64 us = 1.64 us (1914.38 GFLOPS/s)
MUL_MAT f32 m=64 n=16 k=64: 1 x 3.64 us = 3.64 us (35.7275 GFLOPS/s)
MUL_MAT f32 m=64 n=96 k=64: 1 x 3.56 us = 3.56 us (219.182 GFLOPS/s)
MUL_MAT_ADD MUL_MAT_VEC q6_K m=5120 n=1 k=17408: 1 x 123.48 us = 123.48 us (1443.58 GFLOPS/s)
MUL_MAT_ADD MUL_MAT_VEC q6_K m=5120 n=1 k=6144: 1 x 53.88 us = 53.88 us (1167.58 GFLOPS/s)
MUL_MAT_VEC f32 m=256 n=4 k=256: 1 x 3.04 us = 3.04 us (172.126 GFLOPS/s)
MUL_MAT_VEC q6_K m=1024 n=1 k=5120: 2 x 9.06 us = 18.12 us (1157.26 GFLOPS/s)
MUL_MAT_VEC q6_K m=12288 n=1 k=5120: 1 x 86.08 us = 86.08 us (1461.63 GFLOPS/s)
MUL_MAT_VEC q6_K m=17408 n=1 k=5120: 2 x 121.46 us = 242.92 us (1467.48 GFLOPS/s)
MUL_MAT_VEC q6_K m=98304 n=1 k=5120: 1 x 670.38 us = 670.38 us (1501.44 GFLOPS/s)
MUL_MAT_VEC q8_0 m=5120 n=1 k=10240: 1 x 100.84 us = 100.84 us (1039.79 GFLOPS/s)
PAD: 1 x 6.36 us = 6.36 us
RMS_NORM_MUL RMS_NORM(256,24,1,1): 1 x 3.64 us = 3.64 us
RMS_NORM_MUL RMS_NORM(256,4,1,1): 1 x 3.56 us = 3.56 us
RMS_NORM_MUL RMS_NORM(5120,1,1,1): 5 x 3.728 us = 18.64 us
ROPE: 2 x 3.6 us = 7.2 us
SET_ROWS: 2 x 2.62 us = 5.24 us
SIGMOID_MUL SIGMOID: 1 x 1.64 us = 1.64 us
TOP_K K=10 (98304,1,1,1): 1 x 8.92 us = 8.92 us
Total time: 1393.46 us.
----------------
Vulkan Timings:
ADD: 48 x 3.749 us = 179.96 us
CONCAT: 48 x 2.395 us = 114.96 us
CONT: 16 x 3.817 us = 61.08 us
CPY: 240 x 2.234 us = 536.36 us
FLASH_ATTN_EXT dst(256,24,5,1),  q(256,5,24,1),  k(256,256,4,1),  v(256,256,4,1),  m(256,5,1,1): 16 x 21.227 us = 339.64 us (1481.91 GFLOPS/s)
GDN_CACHE GATED_DELTA_NET: 48 x 13.894 us = 666.92 us
GET_ROWS: 50 x 26.109 us = 1305.48 us
GLU: 64 x 2.982 us = 190.88 us
MUL_MAT f32 m=256 n=120 k=256: 16 x 1.915 us = 30.64 us (8197.35 GFLOPS/s)
MUL_MAT f32 m=256 n=20 k=256: 16 x 2.662 us = 42.6 us (982.655 GFLOPS/s)
MUL_MAT f32 m=64 n=480 k=64: 16 x 3.665 us = 58.64 us (1064.51 GFLOPS/s)
MUL_MAT f32 m=64 n=80 k=64: 16 x 3.392 us = 54.28 us (191.67 GFLOPS/s)
MUL_MAT_ADD MUL_MAT_VEC q6_K m=5120 n=5 k=17408: 64 x 130.264 us = 8336.92 us (6841.96 GFLOPS/s)
MUL_MAT_ADD MUL_MAT_VEC q6_K m=5120 n=5 k=6144: 16 x 55.02 us = 880.32 us (5716.96 GFLOPS/s)
MUL_MAT_VEC f32 m=48 n=5 k=5120: 96 x 3.437 us = 329.96 us (714.955 GFLOPS/s)
MUL_MAT_VEC q6_K m=1024 n=5 k=5120: 32 x 10.711 us = 342.76 us (4894.26 GFLOPS/s)
MUL_MAT_VEC q6_K m=10240 n=5 k=5120: 48 x 81.944 us = 3933.32 us (6397.49 GFLOPS/s)
MUL_MAT_VEC q6_K m=12288 n=5 k=5120: 16 x 95.38 us = 1526.08 us (6595.56 GFLOPS/s)
MUL_MAT_VEC q6_K m=17408 n=5 k=5120: 128 x 140.838 us = 18027.4 us (6327.82 GFLOPS/s)
MUL_MAT_VEC q6_K m=248320 n=5 k=5120: 1 x 1772.12 us = 1772.12 us (7173.75 GFLOPS/s)
MUL_MAT_VEC q6_K m=6144 n=5 k=5120: 48 x 53.376 us = 2562.08 us (5892.88 GFLOPS/s)
MUL_MAT_VEC q8_0 m=5120 n=5 k=6144: 48 x 62.982 us = 3023.16 us (4994.2 GFLOPS/s)
RMS_NORM_MUL RMS_NORM(256,24,5,1): 16 x 3.855 us = 61.68 us
RMS_NORM_MUL RMS_NORM(256,4,5,1): 16 x 4.332 us = 69.32 us
RMS_NORM_MUL RMS_NORM(5120,5,1,1): 129 x 4.521 us = 583.28 us
RMS_NORM_MUL_SILU_MUL RMS_NORM(128,48,5,1): 48 x 5.622 us = 269.88 us
RMS_NORM_SCALE RMS_NORM(128,16,5,1): 96 x 2.696 us = 258.84 us
ROPE: 32 x 3.861 us = 123.56 us
SET_ROWS: 32 x 2.987 us = 95.6 us
SIGMOID_MUL SIGMOID: 16 x 3.677 us = 58.84 us
SSM_CONV_SILU SSM_CONV: 48 x 5.629 us = 270.2 us
Total time: 46106.7 us.
----------------
Vulkan Timings:
CONCAT: 1 x 1.92 us = 1.92 us
CONT: 1 x 3.76 us = 3.76 us
FLASH_ATTN_EXT dst(256,24,5,1),  q(256,5,24,1),  k(256,256,4,1),  v(256,256,4,1),  m(256,5,1,1): 1 x 21.08 us = 21.08 us (1492.28 GFLOPS/s)
GLU: 1 x 1.56 us = 1.56 us
MUL_MAT f32 m=256 n=120 k=256: 1 x 1.68 us = 1.68 us (9344 GFLOPS/s)
MUL_MAT f32 m=256 n=20 k=256: 1 x 3.12 us = 3.12 us (838.564 GFLOPS/s)
MUL_MAT f32 m=64 n=480 k=64: 1 x 3.76 us = 3.76 us (1037.62 GFLOPS/s)
MUL_MAT f32 m=64 n=80 k=64: 1 x 3.72 us = 3.72 us (174.796 GFLOPS/s)
MUL_MAT_ADD MUL_MAT_VEC q6_K m=5120 n=5 k=17408: 1 x 154.62 us = 154.62 us (5764.22 GFLOPS/s)
MUL_MAT_ADD MUL_MAT_VEC q6_K m=5120 n=5 k=6144: 1 x 62.4 us = 62.4 us (5040.82 GFLOPS/s)
MUL_MAT_VEC q6_K m=1024 n=5 k=5120: 2 x 9.1 us = 18.2 us (5760.84 GFLOPS/s)
MUL_MAT_VEC q6_K m=12288 n=5 k=5120: 1 x 124.65 us = 124.65 us (5046.8 GFLOPS/s)
MUL_MAT_VEC q6_K m=17408 n=5 k=5120: 2 x 136.46 us = 272.92 us (6530.87 GFLOPS/s)
MUL_MAT_VEC q8_0 m=5120 n=5 k=10240: 1 x 105.28 us = 105.28 us (4979.7 GFLOPS/s)
RMS_NORM_MUL RMS_NORM(256,24,5,1): 1 x 3.88 us = 3.88 us
RMS_NORM_MUL RMS_NORM(256,4,5,1): 1 x 3.72 us = 3.72 us
RMS_NORM_MUL RMS_NORM(5120,5,1,1): 5 x 8.662 us = 43.31 us
ROPE: 2 x 3.74 us = 7.48 us
SET_ROWS: 2 x 2.7 us = 5.4 us
SIGMOID_MUL SIGMOID: 1 x 1.8 us = 1.8 us
Total time: 844.26 us.
----------------
Vulkan Timings:
CONCAT: 1 x 1.44 us = 1.44 us
CONT: 1 x 3.48 us = 3.48 us
FLASH_ATTN_EXT dst(256,24,1,1),  q(256,1,24,1),  k(256,256,4,1),  v(256,256,4,1),  m(256,1,1,1): 1 x 12.48 us = 12.48 us (504.123 GFLOPS/s)
GET_ROWS: 2 x 4.28 us = 8.56 us
GLU: 1 x 1.64 us = 1.64 us
MUL_MAT f32 m=256 n=24 k=256: 1 x 1.48 us = 1.48 us (2121.34 GFLOPS/s)
MUL_MAT f32 m=64 n=16 k=64: 1 x 1.84 us = 1.84 us (70.6783 GFLOPS/s)
MUL_MAT f32 m=64 n=96 k=64: 1 x 3.2 us = 3.2 us (243.84 GFLOPS/s)
MUL_MAT_ADD MUL_MAT_VEC q6_K m=5120 n=1 k=17408: 1 x 130.76 us = 130.76 us (1363.21 GFLOPS/s)
MUL_MAT_ADD MUL_MAT_VEC q6_K m=5120 n=1 k=6144: 1 x 54.36 us = 54.36 us (1157.27 GFLOPS/s)
MUL_MAT_VEC f32 m=256 n=4 k=256: 1 x 3.04 us = 3.04 us (172.126 GFLOPS/s)
MUL_MAT_VEC q6_K m=1024 n=1 k=5120: 2 x 9.32 us = 18.64 us (1124.97 GFLOPS/s)
MUL_MAT_VEC q6_K m=12288 n=1 k=5120: 1 x 90.16 us = 90.16 us (1395.48 GFLOPS/s)
MUL_MAT_VEC q6_K m=17408 n=1 k=5120: 2 x 118.22 us = 236.44 us (1507.7 GFLOPS/s)
MUL_MAT_VEC q6_K m=98304 n=1 k=5120: 1 x 671.41 us = 671.41 us (1499.14 GFLOPS/s)
MUL_MAT_VEC q8_0 m=5120 n=1 k=10240: 1 x 92.72 us = 92.72 us (1130.85 GFLOPS/s)
PAD: 1 x 8.48 us = 8.48 us
RMS_NORM_MUL RMS_NORM(256,24,1,1): 1 x 3.2 us = 3.2 us
RMS_NORM_MUL RMS_NORM(256,4,1,1): 1 x 4.84 us = 4.84 us
RMS_NORM_MUL RMS_NORM(5120,1,1,1): 5 x 4.536 us = 22.68 us
ROPE: 2 x 3.3 us = 6.6 us
SET_ROWS: 2 x 2.58 us = 5.16 us
SIGMOID_MUL SIGMOID: 1 x 1.6 us = 1.6 us
TOP_K K=10 (98304,1,1,1): 1 x 6.4 us = 6.4 us
Total time: 1390.61 us.
----------------
Vulkan Timings:
CONCAT: 1 x 3.76 us = 3.76 us
CONT: 1 x 3.64 us = 3.64 us
FLASH_ATTN_EXT dst(256,24,1,1),  q(256,1,24,1),  k(256,256,4,1),  v(256,256,4,1),  m(256,1,1,1): 1 x 12.92 us = 12.92 us (486.955 GFLOPS/s)
GET_ROWS: 2 x 4.16 us = 8.32 us
GLU: 1 x 1.88 us = 1.88 us
MUL_MAT f32 m=256 n=24 k=256: 1 x 1.68 us = 1.68 us (1868.8 GFLOPS/s)
MUL_MAT f32 m=64 n=16 k=64: 1 x 3.6 us = 3.6 us (36.1244 GFLOPS/s)
MUL_MAT f32 m=64 n=96 k=64: 1 x 3.64 us = 3.64 us (214.365 GFLOPS/s)
MUL_MAT_ADD MUL_MAT_VEC q6_K m=5120 n=1 k=17408: 1 x 123.68 us = 123.68 us (1441.24 GFLOPS/s)
MUL_MAT_ADD MUL_MAT_VEC q6_K m=5120 n=1 k=6144: 1 x 53.88 us = 53.88 us (1167.58 GFLOPS/s)
MUL_MAT_VEC f32 m=256 n=4 k=256: 1 x 3 us = 3 us (174.421 GFLOPS/s)
MUL_MAT_VEC q6_K m=1024 n=1 k=5120: 2 x 9.14 us = 18.28 us (1147.13 GFLOPS/s)
MUL_MAT_VEC q6_K m=12288 n=1 k=5120: 1 x 85.68 us = 85.68 us (1468.45 GFLOPS/s)
MUL_MAT_VEC q6_K m=17408 n=1 k=5120: 2 x 121.54 us = 243.08 us (1466.52 GFLOPS/s)
MUL_MAT_VEC q6_K m=98304 n=1 k=5120: 1 x 672.25 us = 672.25 us (1497.26 GFLOPS/s)
MUL_MAT_VEC q8_0 m=5120 n=1 k=10240: 1 x 101.08 us = 101.08 us (1037.32 GFLOPS/s)
PAD: 1 x 6.32 us = 6.32 us
RMS_NORM_MUL RMS_NORM(256,24,1,1): 1 x 3.6 us = 3.6 us
RMS_NORM_MUL RMS_NORM(256,4,1,1): 1 x 3.6 us = 3.6 us
RMS_NORM_MUL RMS_NORM(5120,1,1,1): 5 x 3.744 us = 18.72 us
ROPE: 2 x 3.56 us = 7.12 us
SET_ROWS: 2 x 2.66 us = 5.32 us
SIGMOID_MUL SIGMOID: 1 x 1.68 us = 1.68 us
TOP_K K=10 (98304,1,1,1): 1 x 8.52 us = 8.52 us
Total time: 1395.25 us.
----------------
Vulkan Timings:
CONCAT: 1 x 1.92 us = 1.92 us
CONT: 1 x 3.6 us = 3.6 us
FLASH_ATTN_EXT dst(256,24,1,1),  q(256,1,24,1),  k(256,256,4,1),  v(256,256,4,1),  m(256,1,1,1): 1 x 15.16 us = 15.16 us (415.004 GFLOPS/s)
GET_ROWS: 2 x 4.22 us = 8.44 us
GLU: 1 x 1.92 us = 1.92 us
MUL_MAT f32 m=256 n=24 k=256: 1 x 1.64 us = 1.64 us (1914.38 GFLOPS/s)
MUL_MAT f32 m=64 n=16 k=64: 1 x 3.64 us = 3.64 us (35.7275 GFLOPS/s)
MUL_MAT f32 m=64 n=96 k=64: 1 x 3.6 us = 3.6 us (216.747 GFLOPS/s)
MUL_MAT_ADD MUL_MAT_VEC q6_K m=5120 n=1 k=17408: 1 x 123.6 us = 123.6 us (1442.17 GFLOPS/s)
MUL_MAT_ADD MUL_MAT_VEC q6_K m=5120 n=1 k=6144: 1 x 53.76 us = 53.76 us (1170.19 GFLOPS/s)
MUL_MAT_VEC f32 m=256 n=4 k=256: 1 x 3 us = 3 us (174.421 GFLOPS/s)
MUL_MAT_VEC q6_K m=1024 n=1 k=5120: 2 x 8.96 us = 17.92 us (1170.17 GFLOPS/s)
MUL_MAT_VEC q6_K m=12288 n=1 k=5120: 1 x 85.44 us = 85.44 us (1472.58 GFLOPS/s)
MUL_MAT_VEC q6_K m=17408 n=1 k=5120: 2 x 121.58 us = 243.16 us (1466.03 GFLOPS/s)
MUL_MAT_VEC q6_K m=98304 n=1 k=5120: 1 x 670.84 us = 670.84 us (1500.41 GFLOPS/s)
MUL_MAT_VEC q8_0 m=5120 n=1 k=10240: 1 x 100.6 us = 100.6 us (1042.27 GFLOPS/s)
PAD: 1 x 6.36 us = 6.36 us
RMS_NORM_MUL RMS_NORM(256,24,1,1): 1 x 3.6 us = 3.6 us
RMS_NORM_MUL RMS_NORM(256,4,1,1): 1 x 3.6 us = 3.6 us
RMS_NORM_MUL RMS_NORM(5120,1,1,1): 5 x 4.184 us = 20.92 us
ROPE: 2 x 3.6 us = 7.2 us
SET_ROWS: 2 x 1.82 us = 3.64 us
SIGMOID_MUL SIGMOID: 1 x 1.64 us = 1.64 us
TOP_K K=10 (98304,1,1,1): 1 x 8.72 us = 8.72 us
Total time: 1393.92 us.
----------------
Vulkan Timings:
CONCAT: 1 x 3.72 us = 3.72 us
CONT: 1 x 3.64 us = 3.64 us
FLASH_ATTN_EXT dst(256,24,1,1),  q(256,1,24,1),  k(256,256,4,1),  v(256,256,4,1),  m(256,1,1,1): 1 x 12.8 us = 12.8 us (491.52 GFLOPS/s)
GET_ROWS: 2 x 4.2 us = 8.4 us
GLU: 1 x 1.8 us = 1.8 us
MUL_MAT f32 m=256 n=24 k=256: 1 x 1.64 us = 1.64 us (1914.38 GFLOPS/s)
MUL_MAT f32 m=64 n=16 k=64: 1 x 3.6 us = 3.6 us (36.1244 GFLOPS/s)
MUL_MAT f32 m=64 n=96 k=64: 1 x 3.6 us = 3.6 us (216.747 GFLOPS/s)
MUL_MAT_ADD MUL_MAT_VEC q6_K m=5120 n=1 k=17408: 1 x 123.8 us = 123.8 us (1439.84 GFLOPS/s)
MUL_MAT_ADD MUL_MAT_VEC q6_K m=5120 n=1 k=6144: 1 x 54.16 us = 54.16 us (1161.55 GFLOPS/s)
MUL_MAT_VEC f32 m=256 n=4 k=256: 1 x 3 us = 3 us (174.421 GFLOPS/s)
MUL_MAT_VEC q6_K m=1024 n=1 k=5120: 2 x 9.24 us = 18.48 us (1134.71 GFLOPS/s)
MUL_MAT_VEC q6_K m=12288 n=1 k=5120: 1 x 86.24 us = 86.24 us (1458.92 GFLOPS/s)
MUL_MAT_VEC q6_K m=17408 n=1 k=5120: 2 x 121.38 us = 242.76 us (1468.45 GFLOPS/s)
MUL_MAT_VEC q6_K m=98304 n=1 k=5120: 1 x 670.77 us = 670.77 us (1500.57 GFLOPS/s)
MUL_MAT_VEC q8_0 m=5120 n=1 k=10240: 1 x 101.8 us = 101.8 us (1029.99 GFLOPS/s)
PAD: 1 x 6.36 us = 6.36 us
RMS_NORM_MUL RMS_NORM(256,24,1,1): 1 x 3.64 us = 3.64 us
RMS_NORM_MUL RMS_NORM(256,4,1,1): 1 x 3.6 us = 3.6 us
RMS_NORM_MUL RMS_NORM(5120,1,1,1): 5 x 3.744 us = 18.72 us
ROPE: 2 x 3.56 us = 7.12 us
SET_ROWS: 2 x 2.66 us = 5.32 us
SIGMOID_MUL SIGMOID: 1 x 1.72 us = 1.72 us
TOP_K K=10 (98304,1,1,1): 1 x 8.84 us = 8.84 us
Total time: 1395.53 us.
----------------
Vulkan Timings:
ADD: 48 x 3.749 us = 179.96 us
CONCAT: 48 x 2.485 us = 119.32 us
CONT: 16 x 3.817 us = 61.08 us
CPY: 240 x 2.195 us = 526.8 us
FLASH_ATTN_EXT dst(256,24,5,1),  q(256,5,24,1),  k(256,256,4,1),  v(256,256,4,1),  m(256,5,1,1): 16 x 20.9 us = 334.4 us (1505.13 GFLOPS/s)
GDN_CACHE GATED_DELTA_NET: 48 x 13.929 us = 668.6 us
GET_ROWS: 50 x 25.993 us = 1299.68 us
GLU: 64 x 2.968 us = 189.96 us
MUL_MAT f32 m=256 n=120 k=256: 16 x 1.815 us = 29.04 us (8648.99 GFLOPS/s)
MUL_MAT f32 m=256 n=20 k=256: 16 x 3.11 us = 49.76 us (841.26 GFLOPS/s)
MUL_MAT f32 m=64 n=480 k=64: 16 x 3.64 us = 58.24 us (1071.82 GFLOPS/s)
MUL_MAT f32 m=64 n=80 k=64: 16 x 3.285 us = 52.56 us (197.942 GFLOPS/s)
MUL_MAT_ADD MUL_MAT_VEC q6_K m=5120 n=5 k=17408: 64 x 130.292 us = 8338.72 us (6840.49 GFLOPS/s)
MUL_MAT_ADD MUL_MAT_VEC q6_K m=5120 n=5 k=6144: 16 x 54.952 us = 879.24 us (5723.98 GFLOPS/s)
MUL_MAT_VEC f32 m=48 n=5 k=5120: 96 x 3.466 us = 332.76 us (708.939 GFLOPS/s)
MUL_MAT_VEC q6_K m=1024 n=5 k=5120: 32 x 11.038 us = 353.24 us (4749.06 GFLOPS/s)
MUL_MAT_VEC q6_K m=10240 n=5 k=5120: 48 x 81.859 us = 3929.24 us (6404.13 GFLOPS/s)
MUL_MAT_VEC q6_K m=12288 n=5 k=5120: 16 x 94.912 us = 1518.6 us (6628.04 GFLOPS/s)
MUL_MAT_VEC q6_K m=17408 n=5 k=5120: 128 x 140.916 us = 18037.4 us (6324.31 GFLOPS/s)
MUL_MAT_VEC q6_K m=248320 n=5 k=5120: 1 x 1773 us = 1773 us (7170.19 GFLOPS/s)
MUL_MAT_VEC q6_K m=6144 n=5 k=5120: 48 x 53.48 us = 2567.04 us (5881.49 GFLOPS/s)
MUL_MAT_VEC q8_0 m=5120 n=5 k=6144: 48 x 62.984 us = 3023.24 us (4994.07 GFLOPS/s)
RMS_NORM_MUL RMS_NORM(256,24,5,1): 16 x 3.722 us = 59.56 us
RMS_NORM_MUL RMS_NORM(256,4,5,1): 16 x 4.405 us = 70.48 us
RMS_NORM_MUL RMS_NORM(5120,5,1,1): 129 x 4.538 us = 585.44 us
RMS_NORM_MUL_SILU_MUL RMS_NORM(128,48,5,1): 48 x 5.64 us = 270.72 us
RMS_NORM_SCALE RMS_NORM(128,16,5,1): 96 x 2.654 us = 254.8 us
ROPE: 32 x 3.843 us = 123 us
SET_ROWS: 32 x 2.943 us = 94.2 us
SIGMOID_MUL SIGMOID: 16 x 3.672 us = 58.76 us
SSM_CONV_SILU SSM_CONV: 48 x 5.675 us = 272.44 us
Total time: 46111.2 us.
----------------
Vulkan Timings:
CONCAT: 1 x 1.92 us = 1.92 us
CONT: 1 x 3.76 us = 3.76 us
FLASH_ATTN_EXT dst(256,24,5,1),  q(256,5,24,1),  k(256,256,4,1),  v(256,256,4,1),  m(256,5,1,1): 1 x 20.88 us = 20.88 us (1506.57 GFLOPS/s)
GLU: 1 x 1.56 us = 1.56 us
MUL_MAT f32 m=256 n=120 k=256: 1 x 1.76 us = 1.76 us (8919.27 GFLOPS/s)
MUL_MAT f32 m=256 n=20 k=256: 1 x 3.12 us = 3.12 us (838.564 GFLOPS/s)
MUL_MAT f32 m=64 n=480 k=64: 1 x 3.76 us = 3.76 us (1037.62 GFLOPS/s)
MUL_MAT f32 m=64 n=80 k=64: 1 x 3.68 us = 3.68 us (176.696 GFLOPS/s)
MUL_MAT_ADD MUL_MAT_VEC q6_K m=5120 n=5 k=17408: 1 x 155.65 us = 155.65 us (5726.08 GFLOPS/s)
MUL_MAT_ADD MUL_MAT_VEC q6_K m=5120 n=5 k=6144: 1 x 62.4 us = 62.4 us (5040.82 GFLOPS/s)
MUL_MAT_VEC q6_K m=1024 n=5 k=5120: 2 x 9.08 us = 18.16 us (5773.53 GFLOPS/s)
MUL_MAT_VEC q6_K m=12288 n=5 k=5120: 1 x 126.93 us = 126.93 us (4956.15 GFLOPS/s)
MUL_MAT_VEC q6_K m=17408 n=5 k=5120: 2 x 136.02 us = 272.04 us (6552 GFLOPS/s)
MUL_MAT_VEC q8_0 m=5120 n=5 k=10240: 1 x 105.6 us = 105.6 us (4964.61 GFLOPS/s)
RMS_NORM_MUL RMS_NORM(256,24,5,1): 1 x 3.84 us = 3.84 us
RMS_NORM_MUL RMS_NORM(256,4,5,1): 1 x 3.68 us = 3.68 us
RMS_NORM_MUL RMS_NORM(5120,5,1,1): 5 x 8.644 us = 43.22 us
ROPE: 2 x 3.7 us = 7.4 us
SET_ROWS: 2 x 2.72 us = 5.44 us
SIGMOID_MUL SIGMOID: 1 x 1.72 us = 1.72 us
Total time: 846.52 us.
----------------
Vulkan Timings:
CONCAT: 1 x 3.68 us = 3.68 us
CONT: 1 x 3.52 us = 3.52 us
FLASH_ATTN_EXT dst(256,24,1,1),  q(256,1,24,1),  k(256,256,4,1),  v(256,256,4,1),  m(256,1,1,1): 1 x 12.48 us = 12.48 us (504.123 GFLOPS/s)
GET_ROWS: 2 x 4.3 us = 8.6 us
GLU: 1 x 1.64 us = 1.64 us
MUL_MAT f32 m=256 n=24 k=256: 1 x 1.52 us = 1.52 us (2065.52 GFLOPS/s)
MUL_MAT f32 m=64 n=16 k=64: 1 x 1.8 us = 1.8 us (72.2489 GFLOPS/s)
MUL_MAT f32 m=64 n=96 k=64: 1 x 3.16 us = 3.16 us (246.927 GFLOPS/s)
MUL_MAT_ADD MUL_MAT_VEC q6_K m=5120 n=1 k=17408: 1 x 130.76 us = 130.76 us (1363.21 GFLOPS/s)
MUL_MAT_ADD MUL_MAT_VEC q6_K m=5120 n=1 k=6144: 1 x 54.36 us = 54.36 us (1157.27 GFLOPS/s)
MUL_MAT_VEC f32 m=256 n=4 k=256: 1 x 3.04 us = 3.04 us (172.126 GFLOPS/s)
MUL_MAT_VEC q6_K m=1024 n=1 k=5120: 2 x 9.2 us = 18.4 us (1139.65 GFLOPS/s)
MUL_MAT_VEC q6_K m=12288 n=1 k=5120: 1 x 90.56 us = 90.56 us (1389.32 GFLOPS/s)
MUL_MAT_VEC q6_K m=17408 n=1 k=5120: 2 x 117.82 us = 235.64 us (1512.82 GFLOPS/s)
MUL_MAT_VEC q6_K m=98304 n=1 k=5120: 1 x 673.52 us = 673.52 us (1494.44 GFLOPS/s)
MUL_MAT_VEC q8_0 m=5120 n=1 k=10240: 1 x 91.48 us = 91.48 us (1146.18 GFLOPS/s)
PAD: 1 x 6 us = 6 us
RMS_NORM_MUL RMS_NORM(256,24,1,1): 1 x 3.16 us = 3.16 us
RMS_NORM_MUL RMS_NORM(256,4,1,1): 1 x 4.8 us = 4.8 us
RMS_NORM_MUL RMS_NORM(5120,1,1,1): 5 x 4.392 us = 21.96 us
ROPE: 2 x 3.3 us = 6.6 us
SET_ROWS: 2 x 2.6 us = 5.2 us
SIGMOID_MUL SIGMOID: 1 x 1.56 us = 1.56 us
TOP_K K=10 (98304,1,1,1): 1 x 8.56 us = 8.56 us
Total time: 1392 us.
----------------
Vulkan Timings:
CONCAT: 1 x 4 us = 4 us
CONT: 1 x 3.6 us = 3.6 us
FLASH_ATTN_EXT dst(256,24,1,1),  q(256,1,24,1),  k(256,256,4,1),  v(256,256,4,1),  m(256,1,1,1): 1 x 12.88 us = 12.88 us (488.467 GFLOPS/s)
GET_ROWS: 2 x 4.28 us = 8.56 us
GLU: 1 x 1.88 us = 1.88 us
MUL_MAT f32 m=256 n=24 k=256: 1 x 1.68 us = 1.68 us (1868.8 GFLOPS/s)
MUL_MAT f32 m=64 n=16 k=64: 1 x 3.6 us = 3.6 us (36.1244 GFLOPS/s)
MUL_MAT f32 m=64 n=96 k=64: 1 x 3.56 us = 3.56 us (219.182 GFLOPS/s)
MUL_MAT_ADD MUL_MAT_VEC q6_K m=5120 n=1 k=17408: 1 x 123.36 us = 123.36 us (1444.98 GFLOPS/s)
MUL_MAT_ADD MUL_MAT_VEC q6_K m=5120 n=1 k=6144: 1 x 53.48 us = 53.48 us (1176.32 GFLOPS/s)
MUL_MAT_VEC f32 m=256 n=4 k=256: 1 x 3.04 us = 3.04 us (172.126 GFLOPS/s)
MUL_MAT_VEC q6_K m=1024 n=1 k=5120: 2 x 9.22 us = 18.44 us (1137.17 GFLOPS/s)
MUL_MAT_VEC q6_K m=12288 n=1 k=5120: 1 x 85.6 us = 85.6 us (1469.82 GFLOPS/s)
MUL_MAT_VEC q6_K m=17408 n=1 k=5120: 2 x 121.2 us = 242.4 us (1470.63 GFLOPS/s)
MUL_MAT_VEC q6_K m=98304 n=1 k=5120: 1 x 674.26 us = 674.26 us (1492.8 GFLOPS/s)
MUL_MAT_VEC q8_0 m=5120 n=1 k=10240: 1 x 101.88 us = 101.88 us (1029.18 GFLOPS/s)
PAD: 1 x 6.04 us = 6.04 us
RMS_NORM_MUL RMS_NORM(256,24,1,1): 1 x 3.64 us = 3.64 us
RMS_NORM_MUL RMS_NORM(256,4,1,1): 1 x 3.6 us = 3.6 us
RMS_NORM_MUL RMS_NORM(5120,1,1,1): 5 x 3.688 us = 18.44 us
ROPE: 2 x 3.58 us = 7.16 us
SET_ROWS: 2 x 2.68 us = 5.36 us
SIGMOID_MUL SIGMOID: 1 x 1.68 us = 1.68 us
TOP_K K=10 (98304,1,1,1): 1 x 8.92 us = 8.92 us
Total time: 1397.06 us.
----------------
Vulkan Timings:
CONCAT: 1 x 4.68 us = 4.68 us
CONT: 1 x 3.64 us = 3.64 us
FLASH_ATTN_EXT dst(256,24,1,1),  q(256,1,24,1),  k(256,256,4,1),  v(256,256,4,1),  m(256,1,1,1): 1 x 13.04 us = 13.04 us (482.474 GFLOPS/s)
GET_ROWS: 2 x 4.26 us = 8.52 us
GLU: 1 x 1.76 us = 1.76 us
MUL_MAT f32 m=256 n=24 k=256: 1 x 1.6 us = 1.6 us (1962.24 GFLOPS/s)
MUL_MAT f32 m=64 n=16 k=64: 1 x 3.56 us = 3.56 us (36.5303 GFLOPS/s)
MUL_MAT f32 m=64 n=96 k=64: 1 x 3.6 us = 3.6 us (216.747 GFLOPS/s)
MUL_MAT_ADD MUL_MAT_VEC q6_K m=5120 n=1 k=17408: 1 x 123 us = 123 us (1449.21 GFLOPS/s)
MUL_MAT_ADD MUL_MAT_VEC q6_K m=5120 n=1 k=6144: 1 x 54.08 us = 54.08 us (1163.27 GFLOPS/s)
MUL_MAT_VEC f32 m=256 n=4 k=256: 1 x 3.04 us = 3.04 us (172.126 GFLOPS/s)
MUL_MAT_VEC q6_K m=1024 n=1 k=5120: 2 x 9.04 us = 18.08 us (1159.82 GFLOPS/s)
MUL_MAT_VEC q6_K m=12288 n=1 k=5120: 1 x 85.32 us = 85.32 us (1474.65 GFLOPS/s)
MUL_MAT_VEC q6_K m=17408 n=1 k=5120: 2 x 120.98 us = 241.96 us (1473.31 GFLOPS/s)
MUL_MAT_VEC q6_K m=98304 n=1 k=5120: 1 x 674.31 us = 674.31 us (1492.69 GFLOPS/s)
MUL_MAT_VEC q8_0 m=5120 n=1 k=10240: 1 x 100.36 us = 100.36 us (1044.76 GFLOPS/s)
PAD: 1 x 6.28 us = 6.28 us
RMS_NORM_MUL RMS_NORM(256,24,1,1): 1 x 3.6 us = 3.6 us
RMS_NORM_MUL RMS_NORM(256,4,1,1): 1 x 3.56 us = 3.56 us
RMS_NORM_MUL RMS_NORM(5120,1,1,1): 5 x 3.736 us = 18.68 us
ROPE: 2 x 3.58 us = 7.16 us
SET_ROWS: 2 x 2.62 us = 5.24 us
SIGMOID_MUL SIGMOID: 1 x 1.72 us = 1.72 us
TOP_K K=10 (98304,1,1,1): 1 x 9.2 us = 9.2 us
Total time: 1395.99 us.
----------------
Vulkan Timings:
CONCAT: 1 x 3.76 us = 3.76 us
CONT: 1 x 3.6 us = 3.6 us
FLASH_ATTN_EXT dst(256,24,1,1),  q(256,1,24,1),  k(256,256,4,1),  v(256,256,4,1),  m(256,1,1,1): 1 x 12.76 us = 12.76 us (493.061 GFLOPS/s)
GET_ROWS: 2 x 4.4 us = 8.8 us
GLU: 1 x 1.8 us = 1.8 us
MUL_MAT f32 m=256 n=24 k=256: 1 x 1.68 us = 1.68 us (1868.8 GFLOPS/s)
MUL_MAT f32 m=64 n=16 k=64: 1 x 3.6 us = 3.6 us (36.1244 GFLOPS/s)
MUL_MAT f32 m=64 n=96 k=64: 1 x 3.6 us = 3.6 us (216.747 GFLOPS/s)
MUL_MAT_ADD MUL_MAT_VEC q6_K m=5120 n=1 k=17408: 1 x 123.88 us = 123.88 us (1438.92 GFLOPS/s)
MUL_MAT_ADD MUL_MAT_VEC q6_K m=5120 n=1 k=6144: 1 x 54.08 us = 54.08 us (1163.27 GFLOPS/s)
MUL_MAT_VEC f32 m=256 n=4 k=256: 1 x 3 us = 3 us (174.421 GFLOPS/s)
MUL_MAT_VEC q6_K m=1024 n=1 k=5120: 2 x 9.16 us = 18.32 us (1144.62 GFLOPS/s)
MUL_MAT_VEC q6_K m=12288 n=1 k=5120: 1 x 85.32 us = 85.32 us (1474.65 GFLOPS/s)
MUL_MAT_VEC q6_K m=17408 n=1 k=5120: 2 x 121.68 us = 243.36 us (1464.83 GFLOPS/s)
MUL_MAT_VEC q6_K m=98304 n=1 k=5120: 1 x 673.57 us = 673.57 us (1494.33 GFLOPS/s)
MUL_MAT_VEC q8_0 m=5120 n=1 k=10240: 1 x 101.2 us = 101.2 us (1036.09 GFLOPS/s)
PAD: 1 x 6.28 us = 6.28 us
RMS_NORM_MUL RMS_NORM(256,24,1,1): 1 x 3.6 us = 3.6 us
RMS_NORM_MUL RMS_NORM(256,4,1,1): 1 x 3.6 us = 3.6 us
RMS_NORM_MUL RMS_NORM(5120,1,1,1): 5 x 3.688 us = 18.44 us
ROPE: 2 x 3.56 us = 7.12 us
SET_ROWS: 2 x 2.64 us = 5.28 us
SIGMOID_MUL SIGMOID: 1 x 1.64 us = 1.64 us
TOP_K K=10 (98304,1,1,1): 1 x 8.52 us = 8.52 us
Total time: 1396.81 us.
----------------
Vulkan Timings:
ADD: 48 x 3.752 us = 180.12 us
CONCAT: 48 x 2.483 us = 119.2 us
CONT: 16 x 3.812 us = 61 us
CPY: 240 x 2.228 us = 534.8 us
FLASH_ATTN_EXT dst(256,24,5,1),  q(256,5,24,1),  k(256,256,4,1),  v(256,256,4,1),  m(256,5,1,1): 16 x 20.877 us = 334.04 us (1506.76 GFLOPS/s)
GDN_CACHE GATED_DELTA_NET: 48 x 13.839 us = 664.28 us
GET_ROWS: 50 x 25.934 us = 1296.72 us
GLU: 64 x 2.885 us = 184.68 us
MUL_MAT f32 m=256 n=120 k=256: 16 x 1.82 us = 29.12 us (8625.23 GFLOPS/s)
MUL_MAT f32 m=256 n=20 k=256: 16 x 3.107 us = 49.72 us (841.937 GFLOPS/s)
MUL_MAT f32 m=64 n=480 k=64: 16 x 3.63 us = 58.08 us (1074.78 GFLOPS/s)
MUL_MAT f32 m=64 n=80 k=64: 16 x 3.285 us = 52.56 us (197.942 GFLOPS/s)
MUL_MAT_ADD MUL_MAT_VEC q6_K m=5120 n=5 k=17408: 64 x 130.568 us = 8356.36 us (6826.05 GFLOPS/s)
MUL_MAT_ADD MUL_MAT_VEC q6_K m=5120 n=5 k=6144: 16 x 55.207 us = 883.32 us (5697.54 GFLOPS/s)
MUL_MAT_VEC f32 m=48 n=5 k=5120: 96 x 3.417 us = 328.08 us (719.052 GFLOPS/s)
MUL_MAT_VEC q6_K m=1024 n=5 k=5120: 32 x 11.061 us = 353.96 us (4739.4 GFLOPS/s)
MUL_MAT_VEC q6_K m=10240 n=5 k=5120: 48 x 81.848 us = 3928.72 us (6404.98 GFLOPS/s)
MUL_MAT_VEC q6_K m=12288 n=5 k=5120: 16 x 94.845 us = 1517.52 us (6632.76 GFLOPS/s)
MUL_MAT_VEC q6_K m=17408 n=5 k=5120: 128 x 140.849 us = 18028.7 us (6327.36 GFLOPS/s)
MUL_MAT_VEC q6_K m=248320 n=5 k=5120: 1 x 1773.04 us = 1773.04 us (7170.03 GFLOPS/s)
MUL_MAT_VEC q6_K m=6144 n=5 k=5120: 48 x 53.473 us = 2566.72 us (5882.22 GFLOPS/s)
MUL_MAT_VEC q8_0 m=5120 n=5 k=6144: 48 x 63.057 us = 3026.76 us (4988.26 GFLOPS/s)
RMS_NORM_MUL RMS_NORM(256,24,5,1): 16 x 3.715 us = 59.44 us
RMS_NORM_MUL RMS_NORM(256,4,5,1): 16 x 4.4 us = 70.4 us
RMS_NORM_MUL RMS_NORM(5120,5,1,1): 129 x 4.53 us = 584.44 us
RMS_NORM_MUL_SILU_MUL RMS_NORM(128,48,5,1): 48 x 5.629 us = 270.2 us
RMS_NORM_SCALE RMS_NORM(128,16,5,1): 96 x 2.65 us = 254.48 us
ROPE: 32 x 3.851 us = 123.24 us
SET_ROWS: 32 x 2.957 us = 94.64 us
SIGMOID_MUL SIGMOID: 16 x 3.68 us = 58.88 us
SSM_CONV_SILU SSM_CONV: 48 x 5.711 us = 274.16 us
Total time: 46117.4 us.
----------------
Vulkan Timings:
CONCAT: 1 x 1.96 us = 1.96 us
CONT: 1 x 3.68 us = 3.68 us
FLASH_ATTN_EXT dst(256,24,5,1),  q(256,5,24,1),  k(256,256,4,1),  v(256,256,4,1),  m(256,5,1,1): 1 x 20.92 us = 20.92 us (1503.69 GFLOPS/s)
GLU: 1 x 1.48 us = 1.48 us
MUL_MAT f32 m=256 n=120 k=256: 1 x 1.76 us = 1.76 us (8919.27 GFLOPS/s)
MUL_MAT f32 m=256 n=20 k=256: 1 x 3.08 us = 3.08 us (849.455 GFLOPS/s)
MUL_MAT f32 m=64 n=480 k=64: 1 x 3.68 us = 3.68 us (1060.17 GFLOPS/s)
MUL_MAT f32 m=64 n=80 k=64: 1 x 3.68 us = 3.68 us (176.696 GFLOPS/s)
MUL_MAT_ADD MUL_MAT_VEC q6_K m=5120 n=5 k=17408: 1 x 154.2 us = 154.2 us (5779.92 GFLOPS/s)
MUL_MAT_ADD MUL_MAT_VEC q6_K m=5120 n=5 k=6144: 1 x 61.56 us = 61.56 us (5109.6 GFLOPS/s)
MUL_MAT_VEC q6_K m=1024 n=5 k=5120: 2 x 9.42 us = 18.84 us (5565.15 GFLOPS/s)
MUL_MAT_VEC q6_K m=12288 n=5 k=5120: 1 x 121.33 us = 121.33 us (5184.9 GFLOPS/s)
MUL_MAT_VEC q6_K m=17408 n=5 k=5120: 2 x 135.84 us = 271.68 us (6560.68 GFLOPS/s)
MUL_MAT_VEC q8_0 m=5120 n=5 k=10240: 1 x 105.44 us = 105.44 us (4972.14 GFLOPS/s)
RMS_NORM_MUL RMS_NORM(256,24,5,1): 1 x 3.84 us = 3.84 us
RMS_NORM_MUL RMS_NORM(256,4,5,1): 1 x 3.68 us = 3.68 us
RMS_NORM_MUL RMS_NORM(5120,5,1,1): 5 x 8.594 us = 42.97 us
ROPE: 2 x 3.68 us = 7.36 us
SET_ROWS: 2 x 2.68 us = 5.36 us
SIGMOID_MUL SIGMOID: 1 x 1.72 us = 1.72 us
Total time: 838.22 us.
----------------
Vulkan Timings:
CONCAT: 1 x 3.64 us = 3.64 us
CONT: 1 x 3.48 us = 3.48 us
FLASH_ATTN_EXT dst(256,24,1,1),  q(256,1,24,1),  k(256,256,4,1),  v(256,256,4,1),  m(256,1,1,1): 1 x 12.52 us = 12.52 us (502.512 GFLOPS/s)
GET_ROWS: 2 x 5.4 us = 10.8 us
GLU: 1 x 1.68 us = 1.68 us
MUL_MAT f32 m=256 n=24 k=256: 1 x 2.16 us = 2.16 us (1453.51 GFLOPS/s)
MUL_MAT f32 m=64 n=16 k=64: 1 x 1.84 us = 1.84 us (70.6783 GFLOPS/s)
MUL_MAT f32 m=64 n=96 k=64: 1 x 3.2 us = 3.2 us (243.84 GFLOPS/s)
MUL_MAT_ADD MUL_MAT_VEC q6_K m=5120 n=1 k=17408: 1 x 130.76 us = 130.76 us (1363.21 GFLOPS/s)
MUL_MAT_ADD MUL_MAT_VEC q6_K m=5120 n=1 k=6144: 1 x 54.6 us = 54.6 us (1152.19 GFLOPS/s)
MUL_MAT_VEC f32 m=256 n=4 k=256: 1 x 0.72 us = 0.72 us (726.756 GFLOPS/s)
MUL_MAT_VEC q6_K m=1024 n=1 k=5120: 2 x 9.32 us = 18.64 us (1124.97 GFLOPS/s)
MUL_MAT_VEC q6_K m=12288 n=1 k=5120: 1 x 89.52 us = 89.52 us (1405.46 GFLOPS/s)
MUL_MAT_VEC q6_K m=17408 n=1 k=5120: 2 x 117.86 us = 235.72 us (1512.31 GFLOPS/s)
MUL_MAT_VEC q6_K m=98304 n=1 k=5120: 1 x 672.7 us = 672.7 us (1496.26 GFLOPS/s)
MUL_MAT_VEC q8_0 m=5120 n=1 k=10240: 1 x 92.44 us = 92.44 us (1134.28 GFLOPS/s)
PAD: 1 x 6.36 us = 6.36 us
RMS_NORM_MUL RMS_NORM(256,24,1,1): 1 x 3.16 us = 3.16 us
RMS_NORM_MUL RMS_NORM(256,4,1,1): 1 x 4.84 us = 4.84 us
RMS_NORM_MUL RMS_NORM(5120,1,1,1): 5 x 4.376 us = 21.88 us
ROPE: 2 x 3.3 us = 6.6 us
SET_ROWS: 2 x 3.74 us = 7.48 us
SIGMOID_MUL SIGMOID: 1 x 1.52 us = 1.52 us
TOP_K K=10 (98304,1,1,1): 1 x 8.88 us = 8.88 us
Total time: 1395.14 us.
----------------
Vulkan Timings:
CONCAT: 1 x 3.72 us = 3.72 us
CONT: 1 x 3.64 us = 3.64 us
FLASH_ATTN_EXT dst(256,24,1,1),  q(256,1,24,1),  k(256,256,4,1),  v(256,256,4,1),  m(256,1,1,1): 1 x 12.92 us = 12.92 us (486.955 GFLOPS/s)
GET_ROWS: 2 x 4.18 us = 8.36 us
GLU: 1 x 1.72 us = 1.72 us
MUL_MAT f32 m=256 n=24 k=256: 1 x 1.64 us = 1.64 us (1914.38 GFLOPS/s)
MUL_MAT f32 m=64 n=16 k=64: 1 x 3.6 us = 3.6 us (36.1244 GFLOPS/s)
MUL_MAT f32 m=64 n=96 k=64: 1 x 3.6 us = 3.6 us (216.747 GFLOPS/s)
MUL_MAT_ADD MUL_MAT_VEC q6_K m=5120 n=1 k=17408: 1 x 123.6 us = 123.6 us (1442.17 GFLOPS/s)
MUL_MAT_ADD MUL_MAT_VEC q6_K m=5120 n=1 k=6144: 1 x 54.04 us = 54.04 us (1164.13 GFLOPS/s)
MUL_MAT_VEC f32 m=256 n=4 k=256: 1 x 3.04 us = 3.04 us (172.126 GFLOPS/s)
MUL_MAT_VEC q6_K m=1024 n=1 k=5120: 2 x 9.12 us = 18.24 us (1149.64 GFLOPS/s)
MUL_MAT_VEC q6_K m=12288 n=1 k=5120: 1 x 85.88 us = 85.88 us (1465.03 GFLOPS/s)
MUL_MAT_VEC q6_K m=17408 n=1 k=5120: 2 x 121.12 us = 242.24 us (1471.6 GFLOPS/s)
MUL_MAT_VEC q6_K m=98304 n=1 k=5120: 1 x 671.76 us = 671.76 us (1498.35 GFLOPS/s)
MUL_MAT_VEC q8_0 m=5120 n=1 k=10240: 1 x 101.4 us = 101.4 us (1034.05 GFLOPS/s)
PAD: 1 x 6.4 us = 6.4 us
RMS_NORM_MUL RMS_NORM(256,24,1,1): 1 x 3.6 us = 3.6 us
RMS_NORM_MUL RMS_NORM(256,4,1,1): 1 x 3.6 us = 3.6 us
RMS_NORM_MUL RMS_NORM(5120,1,1,1): 5 x 3.736 us = 18.68 us
ROPE: 2 x 3.58 us = 7.16 us
SET_ROWS: 2 x 2.66 us = 5.32 us
SIGMOID_MUL SIGMOID: 1 x 1.72 us = 1.72 us
TOP_K K=10 (98304,1,1,1): 1 x 8.96 us = 8.96 us
Total time: 1394.84 us.
----------------
Vulkan Timings:
CONCAT: 1 x 3.76 us = 3.76 us
CONT: 1 x 3.64 us = 3.64 us
FLASH_ATTN_EXT dst(256,24,1,1),  q(256,1,24,1),  k(256,256,4,1),  v(256,256,4,1),  m(256,1,1,1): 1 x 12.76 us = 12.76 us (493.061 GFLOPS/s)
GET_ROWS: 2 x 4.2 us = 8.4 us
GLU: 1 x 1.8 us = 1.8 us
MUL_MAT f32 m=256 n=24 k=256: 1 x 1.68 us = 1.68 us (1868.8 GFLOPS/s)
MUL_MAT f32 m=64 n=16 k=64: 1 x 3.56 us = 3.56 us (36.5303 GFLOPS/s)
MUL_MAT f32 m=64 n=96 k=64: 1 x 3.6 us = 3.6 us (216.747 GFLOPS/s)
MUL_MAT_ADD MUL_MAT_VEC q6_K m=5120 n=1 k=17408: 1 x 122.48 us = 122.48 us (1455.36 GFLOPS/s)
MUL_MAT_ADD MUL_MAT_VEC q6_K m=5120 n=1 k=6144: 1 x 53.6 us = 53.6 us (1173.68 GFLOPS/s)
MUL_MAT_VEC f32 m=256 n=4 k=256: 1 x 3.04 us = 3.04 us (172.126 GFLOPS/s)
MUL_MAT_VEC q6_K m=1024 n=1 k=5120: 2 x 9.08 us = 18.16 us (1154.71 GFLOPS/s)
MUL_MAT_VEC q6_K m=12288 n=1 k=5120: 1 x 85.52 us = 85.52 us (1471.2 GFLOPS/s)
MUL_MAT_VEC q6_K m=17408 n=1 k=5120: 2 x 120.82 us = 241.64 us (1475.26 GFLOPS/s)
MUL_MAT_VEC q6_K m=98304 n=1 k=5120: 1 x 670.74 us = 670.74 us (1500.63 GFLOPS/s)
MUL_MAT_VEC q8_0 m=5120 n=1 k=10240: 1 x 101.24 us = 101.24 us (1035.68 GFLOPS/s)
PAD: 1 x 6.32 us = 6.32 us
RMS_NORM_MUL RMS_NORM(256,24,1,1): 1 x 3.6 us = 3.6 us
RMS_NORM_MUL RMS_NORM(256,4,1,1): 1 x 3.64 us = 3.64 us
RMS_NORM_MUL RMS_NORM(5120,1,1,1): 5 x 3.744 us = 18.72 us
ROPE: 2 x 3.58 us = 7.16 us
SET_ROWS: 2 x 2.68 us = 5.36 us
SIGMOID_MUL SIGMOID: 1 x 1.68 us = 1.68 us
TOP_K K=10 (98304,1,1,1): 1 x 8.84 us = 8.84 us
Total time: 1390.94 us.
----------------
Vulkan Timings:
CONCAT: 1 x 3.76 us = 3.76 us
CONT: 1 x 3.6 us = 3.6 us
FLASH_ATTN_EXT dst(256,24,1,1),  q(256,1,24,1),  k(256,256,4,1),  v(256,256,4,1),  m(256,1,1,1): 1 x 12.92 us = 12.92 us (486.955 GFLOPS/s)
GET_ROWS: 2 x 4.3 us = 8.6 us
GLU: 1 x 1.84 us = 1.84 us
MUL_MAT f32 m=256 n=24 k=256: 1 x 1.64 us = 1.64 us (1914.38 GFLOPS/s)
MUL_MAT f32 m=64 n=16 k=64: 1 x 3.64 us = 3.64 us (35.7275 GFLOPS/s)
MUL_MAT f32 m=64 n=96 k=64: 1 x 3.6 us = 3.6 us (216.747 GFLOPS/s)
MUL_MAT_ADD MUL_MAT_VEC q6_K m=5120 n=1 k=17408: 1 x 123.8 us = 123.8 us (1439.84 GFLOPS/s)
MUL_MAT_ADD MUL_MAT_VEC q6_K m=5120 n=1 k=6144: 1 x 53.64 us = 53.64 us (1172.81 GFLOPS/s)
MUL_MAT_VEC f32 m=256 n=4 k=256: 1 x 3 us = 3 us (174.421 GFLOPS/s)
MUL_MAT_VEC q6_K m=1024 n=1 k=5120: 2 x 9.26 us = 18.52 us (1132.26 GFLOPS/s)
MUL_MAT_VEC q6_K m=12288 n=1 k=5120: 1 x 85.92 us = 85.92 us (1464.35 GFLOPS/s)
MUL_MAT_VEC q6_K m=17408 n=1 k=5120: 2 x 121.24 us = 242.48 us (1470.15 GFLOPS/s)
MUL_MAT_VEC q6_K m=98304 n=1 k=5120: 1 x 673.17 us = 673.17 us (1495.22 GFLOPS/s)
MUL_MAT_VEC q8_0 m=5120 n=1 k=10240: 1 x 101.64 us = 101.64 us (1031.61 GFLOPS/s)
PAD: 1 x 6 us = 6 us
RMS_NORM_MUL RMS_NORM(256,24,1,1): 1 x 3.6 us = 3.6 us
RMS_NORM_MUL RMS_NORM(256,4,1,1): 1 x 3.6 us = 3.6 us
RMS_NORM_MUL RMS_NORM(5120,1,1,1): 5 x 3.688 us = 18.44 us
ROPE: 2 x 3.58 us = 7.16 us
SET_ROWS: 2 x 2.62 us = 5.24 us
SIGMOID_MUL SIGMOID: 1 x 1.64 us = 1.64 us
TOP_K K=10 (98304,1,1,1): 1 x 8.6 us = 8.6 us
Total time: 1396.05 us.
----------------
Vulkan Timings:
ADD: 48 x 3.771 us = 181.04 us
CONCAT: 48 x 2.485 us = 119.28 us
CONT: 16 x 3.842 us = 61.48 us
CPY: 240 x 2.238 us = 537.24 us
FLASH_ATTN_EXT dst(256,24,5,1),  q(256,5,24,1),  k(256,256,4,1),  v(256,256,4,1),  m(256,5,1,1): 16 x 21.107 us = 337.72 us (1490.34 GFLOPS/s)
GDN_CACHE GATED_DELTA_NET: 48 x 13.997 us = 671.88 us
GET_ROWS: 50 x 26.369 us = 1318.48 us
GLU: 64 x 2.938 us = 188.04 us
MUL_MAT f32 m=256 n=120 k=256: 16 x 1.807 us = 28.92 us (8684.88 GFLOPS/s)
MUL_MAT f32 m=256 n=20 k=256: 16 x 3.117 us = 49.88 us (839.237 GFLOPS/s)
MUL_MAT f32 m=64 n=480 k=64: 16 x 3.637 us = 58.2 us (1072.56 GFLOPS/s)
MUL_MAT f32 m=64 n=80 k=64: 16 x 3.305 us = 52.88 us (196.744 GFLOPS/s)
MUL_MAT_ADD MUL_MAT_VEC q6_K m=5120 n=5 k=17408: 64 x 130.44 us = 8348.2 us (6832.72 GFLOPS/s)
MUL_MAT_ADD MUL_MAT_VEC q6_K m=5120 n=5 k=6144: 16 x 55.257 us = 884.12 us (5692.39 GFLOPS/s)
MUL_MAT_VEC f32 m=48 n=5 k=5120: 96 x 3.415 us = 327.84 us (719.578 GFLOPS/s)
MUL_MAT_VEC q6_K m=1024 n=5 k=5120: 32 x 10.97 us = 351.04 us (4778.82 GFLOPS/s)
MUL_MAT_VEC q6_K m=10240 n=5 k=5120: 48 x 81.755 us = 3924.28 us (6412.23 GFLOPS/s)
MUL_MAT_VEC q6_K m=12288 n=5 k=5120: 16 x 94.97 us = 1519.52 us (6624.03 GFLOPS/s)
MUL_MAT_VEC q6_K m=17408 n=5 k=5120: 128 x 140.952 us = 18041.9 us (6322.72 GFLOPS/s)
MUL_MAT_VEC q6_K m=248320 n=5 k=5120: 1 x 1777.76 us = 1777.76 us (7150.99 GFLOPS/s)
MUL_MAT_VEC q6_K m=6144 n=5 k=5120: 48 x 53.582 us = 2571.96 us (5870.24 GFLOPS/s)
MUL_MAT_VEC q8_0 m=5120 n=5 k=6144: 48 x 62.986 us = 3023.36 us (4993.87 GFLOPS/s)
RMS_NORM_MUL RMS_NORM(256,24,5,1): 16 x 3.982 us = 63.72 us
RMS_NORM_MUL RMS_NORM(256,4,5,1): 16 x 4.42 us = 70.72 us
RMS_NORM_MUL RMS_NORM(5120,5,1,1): 129 x 4.54 us = 585.76 us
RMS_NORM_MUL_SILU_MUL RMS_NORM(128,48,5,1): 48 x 5.657 us = 271.56 us
RMS_NORM_SCALE RMS_NORM(128,16,5,1): 96 x 2.705 us = 259.68 us
ROPE: 32 x 3.857 us = 123.44 us
SET_ROWS: 32 x 2.907 us = 93.04 us
SIGMOID_MUL SIGMOID: 16 x 3.695 us = 59.12 us
SSM_CONV_SILU SSM_CONV: 48 x 5.679 us = 272.6 us
Total time: 46174.7 us.
----------------
Vulkan Timings:
CONCAT: 1 x 4.08 us = 4.08 us
CONT: 1 x 3.76 us = 3.76 us
FLASH_ATTN_EXT dst(256,24,5,1),  q(256,5,24,1),  k(256,256,4,1),  v(256,256,4,1),  m(256,5,1,1): 1 x 21.32 us = 21.32 us (1475.48 GFLOPS/s)
GLU: 1 x 1.6 us = 1.6 us
MUL_MAT f32 m=256 n=120 k=256: 1 x 1.72 us = 1.72 us (9126.7 GFLOPS/s)
MUL_MAT f32 m=256 n=20 k=256: 1 x 3.16 us = 3.16 us (827.949 GFLOPS/s)
MUL_MAT f32 m=64 n=480 k=64: 1 x 3.8 us = 3.8 us (1026.69 GFLOPS/s)
MUL_MAT f32 m=64 n=80 k=64: 1 x 3.76 us = 3.76 us (172.936 GFLOPS/s)
MUL_MAT_ADD MUL_MAT_VEC q6_K m=5120 n=5 k=17408: 1 x 154.32 us = 154.32 us (5775.43 GFLOPS/s)
MUL_MAT_ADD MUL_MAT_VEC q6_K m=5120 n=5 k=6144: 1 x 62.4 us = 62.4 us (5040.82 GFLOPS/s)
MUL_MAT_VEC q6_K m=1024 n=5 k=5120: 2 x 9.34 us = 18.68 us (5612.81 GFLOPS/s)
MUL_MAT_VEC q6_K m=12288 n=5 k=5120: 1 x 122.63 us = 122.63 us (5129.94 GFLOPS/s)
MUL_MAT_VEC q6_K m=17408 n=5 k=5120: 2 x 136.06 us = 272.12 us (6550.07 GFLOPS/s)
MUL_MAT_VEC q8_0 m=5120 n=5 k=10240: 1 x 107.92 us = 107.92 us (4857.88 GFLOPS/s)
RMS_NORM_MUL RMS_NORM(256,24,5,1): 1 x 3.88 us = 3.88 us
RMS_NORM_MUL RMS_NORM(256,4,5,1): 1 x 3.72 us = 3.72 us
RMS_NORM_MUL RMS_NORM(5120,5,1,1): 5 x 8.198 us = 40.99 us
ROPE: 2 x 3.76 us = 7.52 us
SET_ROWS: 2 x 2.76 us = 5.52 us
SIGMOID_MUL SIGMOID: 1 x 1.72 us = 1.72 us
Total time: 844.62 us.
----------------
Vulkan Timings:
CONCAT: 1 x 3.6 us = 3.6 us
CONT: 1 x 3.52 us = 3.52 us
FLASH_ATTN_EXT dst(256,24,1,1),  q(256,1,24,1),  k(256,256,4,1),  v(256,256,4,1),  m(256,1,1,1): 1 x 12.56 us = 12.56 us (500.912 GFLOPS/s)
GET_ROWS: 2 x 4.26 us = 8.52 us
GLU: 1 x 1.64 us = 1.64 us
MUL_MAT f32 m=256 n=24 k=256: 1 x 1.48 us = 1.48 us (2121.34 GFLOPS/s)
MUL_MAT f32 m=64 n=16 k=64: 1 x 1.8 us = 1.8 us (72.2489 GFLOPS/s)
MUL_MAT f32 m=64 n=96 k=64: 1 x 3.24 us = 3.24 us (240.83 GFLOPS/s)
MUL_MAT_ADD MUL_MAT_VEC q6_K m=5120 n=1 k=17408: 1 x 130.6 us = 130.6 us (1364.88 GFLOPS/s)
MUL_MAT_ADD MUL_MAT_VEC q6_K m=5120 n=1 k=6144: 1 x 53.96 us = 53.96 us (1165.85 GFLOPS/s)
MUL_MAT_VEC f32 m=256 n=4 k=256: 1 x 3 us = 3 us (174.421 GFLOPS/s)
MUL_MAT_VEC q6_K m=1024 n=1 k=5120: 2 x 9.3 us = 18.6 us (1127.39 GFLOPS/s)
MUL_MAT_VEC q6_K m=12288 n=1 k=5120: 1 x 90.32 us = 90.32 us (1393.01 GFLOPS/s)
MUL_MAT_VEC q6_K m=17408 n=1 k=5120: 2 x 117.94 us = 235.88 us (1511.28 GFLOPS/s)
MUL_MAT_VEC q6_K m=98304 n=1 k=5120: 1 x 670.2 us = 670.2 us (1501.84 GFLOPS/s)
MUL_MAT_VEC q8_0 m=5120 n=1 k=10240: 1 x 93 us = 93 us (1127.45 GFLOPS/s)
PAD: 1 x 7.08 us = 7.08 us
RMS_NORM_MUL RMS_NORM(256,24,1,1): 1 x 3.2 us = 3.2 us
RMS_NORM_MUL RMS_NORM(256,4,1,1): 1 x 4.84 us = 4.84 us
RMS_NORM_MUL RMS_NORM(5120,1,1,1): 5 x 4.04 us = 20.2 us
ROPE: 2 x 3.28 us = 6.56 us
SET_ROWS: 2 x 2.56 us = 5.12 us
SIGMOID_MUL SIGMOID: 1 x 1.56 us = 1.56 us
TOP_K K=10 (98304,1,1,1): 1 x 8.84 us = 8.84 us
Total time: 1389.32 us.
----------------
Vulkan Timings:
CONCAT: 1 x 3.76 us = 3.76 us
CONT: 1 x 3.64 us = 3.64 us
FLASH_ATTN_EXT dst(256,24,1,1),  q(256,1,24,1),  k(256,256,4,1),  v(256,256,4,1),  m(256,1,1,1): 1 x 12.96 us = 12.96 us (485.452 GFLOPS/s)
GET_ROWS: 2 x 4.28 us = 8.56 us
GLU: 1 x 1.84 us = 1.84 us
MUL_MAT f32 m=256 n=24 k=256: 1 x 1.64 us = 1.64 us (1914.38 GFLOPS/s)
MUL_MAT f32 m=64 n=16 k=64: 1 x 3.6 us = 3.6 us (36.1244 GFLOPS/s)
MUL_MAT f32 m=64 n=96 k=64: 1 x 3.6 us = 3.6 us (216.747 GFLOPS/s)
MUL_MAT_ADD MUL_MAT_VEC q6_K m=5120 n=1 k=17408: 1 x 123.12 us = 123.12 us (1447.8 GFLOPS/s)
MUL_MAT_ADD MUL_MAT_VEC q6_K m=5120 n=1 k=6144: 1 x 53.52 us = 53.52 us (1175.44 GFLOPS/s)
MUL_MAT_VEC f32 m=256 n=4 k=256: 1 x 3.08 us = 3.08 us (169.891 GFLOPS/s)
MUL_MAT_VEC q6_K m=1024 n=1 k=5120: 2 x 9.04 us = 18.08 us (1159.82 GFLOPS/s)
MUL_MAT_VEC q6_K m=12288 n=1 k=5120: 1 x 85.4 us = 85.4 us (1473.27 GFLOPS/s)
MUL_MAT_VEC q6_K m=17408 n=1 k=5120: 2 x 121.1 us = 242.2 us (1471.85 GFLOPS/s)
MUL_MAT_VEC q6_K m=98304 n=1 k=5120: 1 x 676.1 us = 676.1 us (1488.74 GFLOPS/s)
MUL_MAT_VEC q8_0 m=5120 n=1 k=10240: 1 x 101.16 us = 101.16 us (1036.5 GFLOPS/s)
PAD: 1 x 6.32 us = 6.32 us
RMS_NORM_MUL RMS_NORM(256,24,1,1): 1 x 3.6 us = 3.6 us
RMS_NORM_MUL RMS_NORM(256,4,1,1): 1 x 3.64 us = 3.64 us
RMS_NORM_MUL RMS_NORM(5120,1,1,1): 5 x 3.728 us = 18.64 us
ROPE: 2 x 3.58 us = 7.16 us
SET_ROWS: 2 x 2.62 us = 5.24 us
SIGMOID_MUL SIGMOID: 1 x 1.64 us = 1.64 us
TOP_K K=10 (98304,1,1,1): 1 x 9.16 us = 9.16 us
Total time: 1397.66 us.
----------------
Vulkan Timings:
CONCAT: 1 x 3.72 us = 3.72 us
CONT: 1 x 3.6 us = 3.6 us
FLASH_ATTN_EXT dst(256,24,1,1),  q(256,1,24,1),  k(256,256,4,1),  v(256,256,4,1),  m(256,1,1,1): 1 x 14.52 us = 14.52 us (433.296 GFLOPS/s)
GET_ROWS: 2 x 4.26 us = 8.52 us
GLU: 1 x 1.84 us = 1.84 us
MUL_MAT f32 m=256 n=24 k=256: 1 x 2.2 us = 2.2 us (1427.08 GFLOPS/s)
MUL_MAT f32 m=64 n=16 k=64: 1 x 3.64 us = 3.64 us (35.7275 GFLOPS/s)
MUL_MAT f32 m=64 n=96 k=64: 1 x 3.6 us = 3.6 us (216.747 GFLOPS/s)
MUL_MAT_ADD MUL_MAT_VEC q6_K m=5120 n=1 k=17408: 1 x 124.2 us = 124.2 us (1435.21 GFLOPS/s)
MUL_MAT_ADD MUL_MAT_VEC q6_K m=5120 n=1 k=6144: 1 x 54.56 us = 54.56 us (1153.03 GFLOPS/s)
MUL_MAT_VEC f32 m=256 n=4 k=256: 1 x 0.76 us = 0.76 us (688.505 GFLOPS/s)
MUL_MAT_VEC q6_K m=1024 n=1 k=5120: 2 x 9.32 us = 18.64 us (1124.97 GFLOPS/s)
MUL_MAT_VEC q6_K m=12288 n=1 k=5120: 1 x 85.56 us = 85.56 us (1470.51 GFLOPS/s)
MUL_MAT_VEC q6_K m=17408 n=1 k=5120: 2 x 120.96 us = 241.92 us (1473.55 GFLOPS/s)
MUL_MAT_VEC q6_K m=98304 n=1 k=5120: 1 x 670.29 us = 670.29 us (1501.64 GFLOPS/s)
MUL_MAT_VEC q8_0 m=5120 n=1 k=10240: 1 x 101.4 us = 101.4 us (1034.05 GFLOPS/s)
PAD: 1 x 6.32 us = 6.32 us
RMS_NORM_MUL RMS_NORM(256,24,1,1): 1 x 3.64 us = 3.64 us
RMS_NORM_MUL RMS_NORM(256,4,1,1): 1 x 3.64 us = 3.64 us
RMS_NORM_MUL RMS_NORM(5120,1,1,1): 5 x 3.736 us = 18.68 us
ROPE: 2 x 3.6 us = 7.2 us
SET_ROWS: 2 x 2.84 us = 5.68 us
SIGMOID_MUL SIGMOID: 1 x 1.68 us = 1.68 us
TOP_K K=10 (98304,1,1,1): 1 x 8.88 us = 8.88 us
Total time: 1394.69 us.
----------------
Vulkan Timings:
CONCAT: 1 x 3.76 us = 3.76 us
CONT: 1 x 3.64 us = 3.64 us
FLASH_ATTN_EXT dst(256,24,1,1),  q(256,1,24,1),  k(256,256,4,1),  v(256,256,4,1),  m(256,1,1,1): 1 x 12.92 us = 12.92 us (486.955 GFLOPS/s)
GET_ROWS: 2 x 4.14 us = 8.28 us
GLU: 1 x 1.84 us = 1.84 us
MUL_MAT f32 m=256 n=24 k=256: 1 x 1.6 us = 1.6 us (1962.24 GFLOPS/s)
MUL_MAT f32 m=64 n=16 k=64: 1 x 3.6 us = 3.6 us (36.1244 GFLOPS/s)
MUL_MAT f32 m=64 n=96 k=64: 1 x 3.6 us = 3.6 us (216.747 GFLOPS/s)
MUL_MAT_ADD MUL_MAT_VEC q6_K m=5120 n=1 k=17408: 1 x 123.56 us = 123.56 us (1442.64 GFLOPS/s)
MUL_MAT_ADD MUL_MAT_VEC q6_K m=5120 n=1 k=6144: 1 x 53.68 us = 53.68 us (1171.93 GFLOPS/s)
MUL_MAT_VEC f32 m=256 n=4 k=256: 1 x 3 us = 3 us (174.421 GFLOPS/s)
MUL_MAT_VEC q6_K m=1024 n=1 k=5120: 2 x 9.06 us = 18.12 us (1157.26 GFLOPS/s)
MUL_MAT_VEC q6_K m=12288 n=1 k=5120: 1 x 85.8 us = 85.8 us (1466.4 GFLOPS/s)
MUL_MAT_VEC q6_K m=17408 n=1 k=5120: 2 x 121.52 us = 243.04 us (1466.76 GFLOPS/s)
MUL_MAT_VEC q6_K m=98304 n=1 k=5120: 1 x 671.01 us = 671.01 us (1500.03 GFLOPS/s)
MUL_MAT_VEC q8_0 m=5120 n=1 k=10240: 1 x 101.12 us = 101.12 us (1036.91 GFLOPS/s)
PAD: 1 x 6.28 us = 6.28 us
RMS_NORM_MUL RMS_NORM(256,24,1,1): 1 x 3.6 us = 3.6 us
RMS_NORM_MUL RMS_NORM(256,4,1,1): 1 x 3.56 us = 3.56 us
RMS_NORM_MUL RMS_NORM(5120,1,1,1): 5 x 3.696 us = 18.48 us
ROPE: 2 x 3.54 us = 7.08 us
SET_ROWS: 2 x 2.66 us = 5.32 us
SIGMOID_MUL SIGMOID: 1 x 1.72 us = 1.72 us
TOP_K K=10 (98304,1,1,1): 1 x 9.04 us = 9.04 us
Total time: 1393.65 us.
----------------
Vulkan Timings:
ADD: 48 x 3.777 us = 181.32 us
CONCAT: 48 x 2.41 us = 115.68 us
CONT: 16 x 3.847 us = 61.56 us
CPY: 240 x 2.242 us = 538.16 us
FLASH_ATTN_EXT dst(256,24,5,1),  q(256,5,24,1),  k(256,256,4,1),  v(256,256,4,1),  m(256,5,1,1): 16 x 21.235 us = 339.76 us (1481.39 GFLOPS/s)
GDN_CACHE GATED_DELTA_NET: 48 x 13.885 us = 666.52 us
GET_ROWS: 50 x 26.634 us = 1331.72 us
GLU: 64 x 2.91 us = 186.28 us
MUL_MAT f32 m=256 n=120 k=256: 16 x 1.817 us = 29.08 us (8637.09 GFLOPS/s)
MUL_MAT f32 m=256 n=20 k=256: 16 x 3.13 us = 50.08 us (835.885 GFLOPS/s)
MUL_MAT f32 m=64 n=480 k=64: 16 x 3.662 us = 58.6 us (1065.24 GFLOPS/s)
MUL_MAT f32 m=64 n=80 k=64: 16 x 3.302 us = 52.84 us (196.893 GFLOPS/s)
MUL_MAT_ADD MUL_MAT_VEC q6_K m=5120 n=5 k=17408: 64 x 130.541 us = 8354.64 us (6827.45 GFLOPS/s)
MUL_MAT_ADD MUL_MAT_VEC q6_K m=5120 n=5 k=6144: 16 x 55.39 us = 886.24 us (5678.77 GFLOPS/s)
MUL_MAT_VEC f32 m=48 n=5 k=5120: 96 x 3.405 us = 326.92 us (721.603 GFLOPS/s)
MUL_MAT_VEC q6_K m=1024 n=5 k=5120: 32 x 11.097 us = 355.12 us (4723.92 GFLOPS/s)
MUL_MAT_VEC q6_K m=10240 n=5 k=5120: 48 x 81.86 us = 3929.28 us (6404.07 GFLOPS/s)
MUL_MAT_VEC q6_K m=12288 n=5 k=5120: 16 x 94.91 us = 1518.56 us (6628.22 GFLOPS/s)
MUL_MAT_VEC q6_K m=17408 n=5 k=5120: 128 x 140.681 us = 18007.2 us (6334.89 GFLOPS/s)
MUL_MAT_VEC q6_K m=248320 n=5 k=5120: 1 x 1783.04 us = 1783.04 us (7129.81 GFLOPS/s)
MUL_MAT_VEC q6_K m=6144 n=5 k=5120: 48 x 53.486 us = 2567.36 us (5880.76 GFLOPS/s)
MUL_MAT_VEC q8_0 m=5120 n=5 k=6144: 48 x 63.04 us = 3025.92 us (4989.64 GFLOPS/s)
RMS_NORM_MUL RMS_NORM(256,24,5,1): 16 x 3.735 us = 59.76 us
RMS_NORM_MUL RMS_NORM(256,4,5,1): 16 x 4.44 us = 71.04 us
RMS_NORM_MUL RMS_NORM(5120,5,1,1): 129 x 4.565 us = 588.96 us
RMS_NORM_MUL_SILU_MUL RMS_NORM(128,48,5,1): 48 x 5.672 us = 272.28 us
RMS_NORM_SCALE RMS_NORM(128,16,5,1): 96 x 2.709 us = 260.12 us
ROPE: 32 x 3.866 us = 123.72 us
SET_ROWS: 32 x 2.907 us = 93.04 us
SIGMOID_MUL SIGMOID: 16 x 3.715 us = 59.44 us
SSM_CONV_SILU SSM_CONV: 48 x 5.722 us = 274.68 us
Total time: 46169 us.
----------------
Vulkan Timings:
CONCAT: 1 x 4.08 us = 4.08 us
CONT: 1 x 3.72 us = 3.72 us
FLASH_ATTN_EXT dst(256,24,5,1),  q(256,5,24,1),  k(256,256,4,1),  v(256,256,4,1),  m(256,5,1,1): 1 x 20.96 us = 20.96 us (1500.82 GFLOPS/s)
GLU: 1 x 1.8 us = 1.8 us
MUL_MAT f32 m=256 n=120 k=256: 1 x 1.72 us = 1.72 us (9126.7 GFLOPS/s)
MUL_MAT f32 m=256 n=20 k=256: 1 x 3.12 us = 3.12 us (838.564 GFLOPS/s)
MUL_MAT f32 m=64 n=480 k=64: 1 x 3.72 us = 3.72 us (1048.77 GFLOPS/s)
MUL_MAT f32 m=64 n=80 k=64: 1 x 3.72 us = 3.72 us (174.796 GFLOPS/s)
MUL_MAT_ADD MUL_MAT_VEC q6_K m=5120 n=5 k=17408: 1 x 152.08 us = 152.08 us (5860.49 GFLOPS/s)
MUL_MAT_ADD MUL_MAT_VEC q6_K m=5120 n=5 k=6144: 1 x 61.88 us = 61.88 us (5083.18 GFLOPS/s)
MUL_MAT_VEC q6_K m=1024 n=5 k=5120: 2 x 9.5 us = 19 us (5518.28 GFLOPS/s)
MUL_MAT_VEC q6_K m=12288 n=5 k=5120: 1 x 120.98 us = 120.98 us (5199.9 GFLOPS/s)
MUL_MAT_VEC q6_K m=17408 n=5 k=5120: 2 x 136.92 us = 273.84 us (6508.93 GFLOPS/s)
MUL_MAT_VEC q8_0 m=5120 n=5 k=10240: 1 x 105.72 us = 105.72 us (4958.97 GFLOPS/s)
RMS_NORM_MUL RMS_NORM(256,24,5,1): 1 x 3.84 us = 3.84 us
RMS_NORM_MUL RMS_NORM(256,4,5,1): 1 x 3.72 us = 3.72 us
RMS_NORM_MUL RMS_NORM(5120,5,1,1): 5 x 8.062 us = 40.31 us
ROPE: 2 x 3.74 us = 7.48 us
SET_ROWS: 2 x 2.72 us = 5.44 us
SIGMOID_MUL SIGMOID: 1 x 1.72 us = 1.72 us
Total time: 838.85 us.
----------------
Vulkan Timings:
CONCAT: 1 x 3.64 us = 3.64 us
CONT: 1 x 3.52 us = 3.52 us
FLASH_ATTN_EXT dst(256,24,1,1),  q(256,1,24,1),  k(256,256,4,1),  v(256,256,4,1),  m(256,1,1,1): 1 x 12.52 us = 12.52 us (502.512 GFLOPS/s)
GET_ROWS: 2 x 4.18 us = 8.36 us
GLU: 1 x 1.68 us = 1.68 us
MUL_MAT f32 m=256 n=24 k=256: 1 x 2.16 us = 2.16 us (1453.51 GFLOPS/s)
MUL_MAT f32 m=64 n=16 k=64: 1 x 1.76 us = 1.76 us (73.8909 GFLOPS/s)
MUL_MAT f32 m=64 n=96 k=64: 1 x 3.2 us = 3.2 us (243.84 GFLOPS/s)
MUL_MAT_ADD MUL_MAT_VEC q6_K m=5120 n=1 k=17408: 1 x 129.24 us = 129.24 us (1379.24 GFLOPS/s)
MUL_MAT_ADD MUL_MAT_VEC q6_K m=5120 n=1 k=6144: 1 x 53.88 us = 53.88 us (1167.58 GFLOPS/s)
MUL_MAT_VEC f32 m=256 n=4 k=256: 1 x 0.76 us = 0.76 us (688.505 GFLOPS/s)
MUL_MAT_VEC q6_K m=1024 n=1 k=5120: 2 x 9.3 us = 18.6 us (1127.39 GFLOPS/s)
MUL_MAT_VEC q6_K m=12288 n=1 k=5120: 1 x 89.56 us = 89.56 us (1404.83 GFLOPS/s)
MUL_MAT_VEC q6_K m=17408 n=1 k=5120: 2 x 117.88 us = 235.76 us (1512.05 GFLOPS/s)
MUL_MAT_VEC q6_K m=98304 n=1 k=5120: 1 x 673.36 us = 673.36 us (1494.79 GFLOPS/s)
MUL_MAT_VEC q8_0 m=5120 n=1 k=10240: 1 x 94.04 us = 94.04 us (1114.98 GFLOPS/s)
PAD: 1 x 6.36 us = 6.36 us
RMS_NORM_MUL RMS_NORM(256,24,1,1): 1 x 3.16 us = 3.16 us
RMS_NORM_MUL RMS_NORM(256,4,1,1): 1 x 4.88 us = 4.88 us
RMS_NORM_MUL RMS_NORM(5120,1,1,1): 5 x 4.032 us = 20.16 us
ROPE: 2 x 3.34 us = 6.68 us
SET_ROWS: 2 x 3.68 us = 7.36 us
SIGMOID_MUL SIGMOID: 1 x 1.56 us = 1.56 us
TOP_K K=10 (98304,1,1,1): 1 x 8.68 us = 8.68 us
Total time: 1390.88 us.
----------------
Vulkan Timings:
CONCAT: 1 x 3.72 us = 3.72 us
CONT: 1 x 3.6 us = 3.6 us
FLASH_ATTN_EXT dst(256,24,1,1),  q(256,1,24,1),  k(256,256,4,1),  v(256,256,4,1),  m(256,1,1,1): 1 x 13 us = 13 us (483.958 GFLOPS/s)
GET_ROWS: 2 x 4.3 us = 8.6 us
GLU: 1 x 1.8 us = 1.8 us
MUL_MAT f32 m=256 n=24 k=256: 1 x 1.6 us = 1.6 us (1962.24 GFLOPS/s)
MUL_MAT f32 m=64 n=16 k=64: 1 x 3.64 us = 3.64 us (35.7275 GFLOPS/s)
MUL_MAT f32 m=64 n=96 k=64: 1 x 3.6 us = 3.6 us (216.747 GFLOPS/s)
MUL_MAT_ADD MUL_MAT_VEC q6_K m=5120 n=1 k=17408: 1 x 123.72 us = 123.72 us (1440.78 GFLOPS/s)
MUL_MAT_ADD MUL_MAT_VEC q6_K m=5120 n=1 k=6144: 1 x 53.68 us = 53.68 us (1171.93 GFLOPS/s)
MUL_MAT_VEC f32 m=256 n=4 k=256: 1 x 3.04 us = 3.04 us (172.126 GFLOPS/s)
MUL_MAT_VEC q6_K m=1024 n=1 k=5120: 2 x 9.24 us = 18.48 us (1134.71 GFLOPS/s)
MUL_MAT_VEC q6_K m=12288 n=1 k=5120: 1 x 85.96 us = 85.96 us (1463.67 GFLOPS/s)
MUL_MAT_VEC q6_K m=17408 n=1 k=5120: 2 x 121.28 us = 242.56 us (1469.66 GFLOPS/s)
MUL_MAT_VEC q6_K m=98304 n=1 k=5120: 1 x 671.4 us = 671.4 us (1499.16 GFLOPS/s)
MUL_MAT_VEC q8_0 m=5120 n=1 k=10240: 1 x 101.68 us = 101.68 us (1031.2 GFLOPS/s)
PAD: 1 x 7.24 us = 7.24 us
RMS_NORM_MUL RMS_NORM(256,24,1,1): 1 x 3.6 us = 3.6 us
RMS_NORM_MUL RMS_NORM(256,4,1,1): 1 x 3.6 us = 3.6 us
RMS_NORM_MUL RMS_NORM(5120,1,1,1): 5 x 3.736 us = 18.68 us
ROPE: 2 x 3.62 us = 7.24 us
SET_ROWS: 2 x 2.62 us = 5.24 us
SIGMOID_MUL SIGMOID: 1 x 1.68 us = 1.68 us
TOP_K K=10 (98304,1,1,1): 1 x 8.96 us = 8.96 us
Total time: 1396.32 us.
----------------
Vulkan Timings:
CONCAT: 1 x 3.76 us = 3.76 us
CONT: 1 x 3.64 us = 3.64 us
FLASH_ATTN_EXT dst(256,24,1,1),  q(256,1,24,1),  k(256,256,4,1),  v(256,256,4,1),  m(256,1,1,1): 1 x 12.8 us = 12.8 us (491.52 GFLOPS/s)
GET_ROWS: 2 x 7.36 us = 14.72 us
GLU: 1 x 1.76 us = 1.76 us
MUL_MAT f32 m=256 n=24 k=256: 1 x 1.6 us = 1.6 us (1962.24 GFLOPS/s)
MUL_MAT f32 m=64 n=16 k=64: 1 x 3.6 us = 3.6 us (36.1244 GFLOPS/s)
MUL_MAT f32 m=64 n=96 k=64: 1 x 3.6 us = 3.6 us (216.747 GFLOPS/s)
MUL_MAT_ADD MUL_MAT_VEC q6_K m=5120 n=1 k=17408: 1 x 122.8 us = 122.8 us (1451.57 GFLOPS/s)
MUL_MAT_ADD MUL_MAT_VEC q6_K m=5120 n=1 k=6144: 1 x 53.88 us = 53.88 us (1167.58 GFLOPS/s)
MUL_MAT_VEC f32 m=256 n=4 k=256: 1 x 3.04 us = 3.04 us (172.126 GFLOPS/s)
MUL_MAT_VEC q6_K m=1024 n=1 k=5120: 2 x 9.28 us = 18.56 us (1129.82 GFLOPS/s)
MUL_MAT_VEC q6_K m=12288 n=1 k=5120: 1 x 85.8 us = 85.8 us (1466.4 GFLOPS/s)
MUL_MAT_VEC q6_K m=17408 n=1 k=5120: 2 x 121.24 us = 242.48 us (1470.15 GFLOPS/s)
MUL_MAT_VEC q6_K m=98304 n=1 k=5120: 1 x 672.8 us = 672.8 us (1496.04 GFLOPS/s)
MUL_MAT_VEC q8_0 m=5120 n=1 k=10240: 1 x 101.12 us = 101.12 us (1036.91 GFLOPS/s)
PAD: 1 x 5.04 us = 5.04 us
RMS_NORM_MUL RMS_NORM(256,24,1,1): 1 x 3.6 us = 3.6 us
RMS_NORM_MUL RMS_NORM(256,4,1,1): 1 x 3.6 us = 3.6 us
RMS_NORM_MUL RMS_NORM(5120,1,1,1): 5 x 3.72 us = 18.6 us
ROPE: 2 x 3.56 us = 7.12 us
SET_ROWS: 2 x 2.66 us = 5.32 us
SIGMOID_MUL SIGMOID: 1 x 1.68 us = 1.68 us
TOP_K K=10 (98304,1,1,1): 1 x 8.88 us = 8.88 us
Total time: 1399.8 us.
----------------
Vulkan Timings:
CONCAT: 1 x 3.76 us = 3.76 us
CONT: 1 x 3.6 us = 3.6 us
FLASH_ATTN_EXT dst(256,24,1,1),  q(256,1,24,1),  k(256,256,4,1),  v(256,256,4,1),  m(256,1,1,1): 1 x 12.96 us = 12.96 us (485.452 GFLOPS/s)
GET_ROWS: 2 x 4.16 us = 8.32 us
GLU: 1 x 1.8 us = 1.8 us
MUL_MAT f32 m=256 n=24 k=256: 1 x 1.68 us = 1.68 us (1868.8 GFLOPS/s)
MUL_MAT f32 m=64 n=16 k=64: 1 x 3.64 us = 3.64 us (35.7275 GFLOPS/s)
MUL_MAT f32 m=64 n=96 k=64: 1 x 3.56 us = 3.56 us (219.182 GFLOPS/s)
MUL_MAT_ADD MUL_MAT_VEC q6_K m=5120 n=1 k=17408: 1 x 123.84 us = 123.84 us (1439.38 GFLOPS/s)
MUL_MAT_ADD MUL_MAT_VEC q6_K m=5120 n=1 k=6144: 1 x 53.48 us = 53.48 us (1176.32 GFLOPS/s)
MUL_MAT_VEC f32 m=256 n=4 k=256: 1 x 3.04 us = 3.04 us (172.126 GFLOPS/s)
MUL_MAT_VEC q6_K m=1024 n=1 k=5120: 2 x 9.1 us = 18.2 us (1152.17 GFLOPS/s)
MUL_MAT_VEC q6_K m=12288 n=1 k=5120: 1 x 85.32 us = 85.32 us (1474.65 GFLOPS/s)
MUL_MAT_VEC q6_K m=17408 n=1 k=5120: 2 x 120.96 us = 241.92 us (1473.55 GFLOPS/s)
MUL_MAT_VEC q6_K m=98304 n=1 k=5120: 1 x 672.68 us = 672.68 us (1496.31 GFLOPS/s)
MUL_MAT_VEC q8_0 m=5120 n=1 k=10240: 1 x 101.28 us = 101.28 us (1035.27 GFLOPS/s)
PAD: 1 x 6.32 us = 6.32 us
RMS_NORM_MUL RMS_NORM(256,24,1,1): 1 x 3.6 us = 3.6 us
RMS_NORM_MUL RMS_NORM(256,4,1,1): 1 x 3.6 us = 3.6 us
RMS_NORM_MUL RMS_NORM(5120,1,1,1): 5 x 3.672 us = 18.36 us
ROPE: 2 x 3.58 us = 7.16 us
SET_ROWS: 2 x 2.66 us = 5.32 us
SIGMOID_MUL SIGMOID: 1 x 1.68 us = 1.68 us
TOP_K K=10 (98304,1,1,1): 1 x 8.88 us = 8.88 us
Total time: 1394 us.
----------------
Vulkan Timings:
ADD: 48 x 3.775 us = 181.2 us
CONCAT: 48 x 2.456 us = 117.92 us
CONT: 16 x 3.845 us = 61.52 us
CPY: 240 x 2.23 us = 535.2 us
FLASH_ATTN_EXT dst(256,24,5,1),  q(256,5,24,1),  k(256,256,4,1),  v(256,256,4,1),  m(256,5,1,1): 16 x 21.037 us = 336.6 us (1495.3 GFLOPS/s)
GDN_CACHE GATED_DELTA_NET: 48 x 13.939 us = 669.08 us
GET_ROWS: 50 x 26.383 us = 1319.16 us
GLU: 64 x 2.936 us = 187.96 us
MUL_MAT f32 m=256 n=120 k=256: 16 x 1.862 us = 29.8 us (8428.41 GFLOPS/s)
MUL_MAT f32 m=256 n=20 k=256: 16 x 2.985 us = 47.76 us (876.489 GFLOPS/s)
MUL_MAT f32 m=64 n=480 k=64: 16 x 3.66 us = 58.56 us (1065.97 GFLOPS/s)
MUL_MAT f32 m=64 n=80 k=64: 16 x 3.397 us = 54.36 us (191.388 GFLOPS/s)
MUL_MAT_ADD MUL_MAT_VEC q6_K m=5120 n=5 k=17408: 64 x 130.483 us = 8350.92 us (6830.49 GFLOPS/s)
MUL_MAT_ADD MUL_MAT_VEC q6_K m=5120 n=5 k=6144: 16 x 55.237 us = 883.8 us (5694.45 GFLOPS/s)
MUL_MAT_VEC f32 m=48 n=5 k=5120: 96 x 3.484 us = 334.48 us (705.293 GFLOPS/s)
MUL_MAT_VEC q6_K m=1024 n=5 k=5120: 32 x 10.831 us = 346.6 us (4840.04 GFLOPS/s)
MUL_MAT_VEC q6_K m=10240 n=5 k=5120: 48 x 82.127 us = 3942.12 us (6383.21 GFLOPS/s)
MUL_MAT_VEC q6_K m=12288 n=5 k=5120: 16 x 95.547 us = 1528.76 us (6583.99 GFLOPS/s)
MUL_MAT_VEC q6_K m=17408 n=5 k=5120: 128 x 140.999 us = 18047.9 us (6320.61 GFLOPS/s)
MUL_MAT_VEC q6_K m=248320 n=5 k=5120: 1 x 1773.08 us = 1773.08 us (7169.86 GFLOPS/s)
MUL_MAT_VEC q6_K m=6144 n=5 k=5120: 48 x 53.756 us = 2580.32 us (5851.22 GFLOPS/s)
MUL_MAT_VEC q8_0 m=5120 n=5 k=6144: 48 x 63.118 us = 3029.68 us (4983.45 GFLOPS/s)
RMS_NORM_MUL RMS_NORM(256,24,5,1): 16 x 3.742 us = 59.88 us
RMS_NORM_MUL RMS_NORM(256,4,5,1): 16 x 4.357 us = 69.72 us
RMS_NORM_MUL RMS_NORM(5120,5,1,1): 129 x 4.549 us = 586.84 us
RMS_NORM_MUL_SILU_MUL RMS_NORM(128,48,5,1): 48 x 5.683 us = 272.8 us
RMS_NORM_SCALE RMS_NORM(128,16,5,1): 96 x 2.687 us = 258.04 us
ROPE: 32 x 3.871 us = 123.88 us
SET_ROWS: 32 x 3.032 us = 97.04 us
SIGMOID_MUL SIGMOID: 16 x 3.702 us = 59.24 us
SSM_CONV_SILU SSM_CONV: 48 x 5.672 us = 272.28 us
Total time: 46216.5 us.
----------------
Vulkan Timings:
CONCAT: 1 x 2 us = 2 us
CONT: 1 x 3.72 us = 3.72 us
FLASH_ATTN_EXT dst(256,24,5,1),  q(256,5,24,1),  k(256,256,4,1),  v(256,256,4,1),  m(256,5,1,1): 1 x 20.8 us = 20.8 us (1512.37 GFLOPS/s)
GLU: 1 x 1.52 us = 1.52 us
MUL_MAT f32 m=256 n=120 k=256: 1 x 1.68 us = 1.68 us (9344 GFLOPS/s)
MUL_MAT f32 m=256 n=20 k=256: 1 x 3.12 us = 3.12 us (838.564 GFLOPS/s)
MUL_MAT f32 m=64 n=480 k=64: 1 x 3.72 us = 3.72 us (1048.77 GFLOPS/s)
MUL_MAT f32 m=64 n=80 k=64: 1 x 3.72 us = 3.72 us (174.796 GFLOPS/s)
MUL_MAT_ADD MUL_MAT_VEC q6_K m=5120 n=5 k=17408: 1 x 157.27 us = 157.27 us (5667.09 GFLOPS/s)
MUL_MAT_ADD MUL_MAT_VEC q6_K m=5120 n=5 k=6144: 1 x 62.12 us = 62.12 us (5063.54 GFLOPS/s)
MUL_MAT_VEC q6_K m=1024 n=5 k=5120: 2 x 9.34 us = 18.68 us (5612.81 GFLOPS/s)
MUL_MAT_VEC q6_K m=12288 n=5 k=5120: 1 x 126.38 us = 126.38 us (4977.72 GFLOPS/s)
MUL_MAT_VEC q6_K m=17408 n=5 k=5120: 2 x 136.18 us = 272.36 us (6544.3 GFLOPS/s)
MUL_MAT_VEC q8_0 m=5120 n=5 k=10240: 1 x 107.32 us = 107.32 us (4885.04 GFLOPS/s)
RMS_NORM_MUL RMS_NORM(256,24,5,1): 1 x 3.84 us = 3.84 us
RMS_NORM_MUL RMS_NORM(256,4,5,1): 1 x 3.68 us = 3.68 us
RMS_NORM_MUL RMS_NORM(5120,5,1,1): 5 x 8.72 us = 43.6 us
ROPE: 2 x 3.72 us = 7.44 us
SET_ROWS: 2 x 2.72 us = 5.44 us
SIGMOID_MUL SIGMOID: 1 x 1.8 us = 1.8 us
Total time: 850.21 us.
----------------
Vulkan Timings:
CONCAT: 1 x 3.6 us = 3.6 us
CONT: 1 x 3.48 us = 3.48 us
FLASH_ATTN_EXT dst(256,24,1,1),  q(256,1,24,1),  k(256,256,4,1),  v(256,256,4,1),  m(256,1,1,1): 1 x 12.56 us = 12.56 us (500.912 GFLOPS/s)
GET_ROWS: 2 x 5.32 us = 10.64 us
GLU: 1 x 1.6 us = 1.6 us
MUL_MAT f32 m=256 n=24 k=256: 1 x 2.08 us = 2.08 us (1509.42 GFLOPS/s)
MUL_MAT f32 m=64 n=16 k=64: 1 x 1.84 us = 1.84 us (70.6783 GFLOPS/s)
MUL_MAT f32 m=64 n=96 k=64: 1 x 3.2 us = 3.2 us (243.84 GFLOPS/s)
MUL_MAT_ADD MUL_MAT_VEC q6_K m=5120 n=1 k=17408: 1 x 130.12 us = 130.12 us (1369.91 GFLOPS/s)
MUL_MAT_ADD MUL_MAT_VEC q6_K m=5120 n=1 k=6144: 1 x 54.6 us = 54.6 us (1152.19 GFLOPS/s)
MUL_MAT_VEC f32 m=256 n=4 k=256: 1 x 0.72 us = 0.72 us (726.756 GFLOPS/s)
MUL_MAT_VEC q6_K m=1024 n=1 k=5120: 2 x 9.26 us = 18.52 us (1132.26 GFLOPS/s)
MUL_MAT_VEC q6_K m=12288 n=1 k=5120: 1 x 89.88 us = 89.88 us (1399.83 GFLOPS/s)
MUL_MAT_VEC q6_K m=17408 n=1 k=5120: 2 x 118.04 us = 236.08 us (1510 GFLOPS/s)
MUL_MAT_VEC q6_K m=98304 n=1 k=5120: 1 x 672.38 us = 672.38 us (1496.97 GFLOPS/s)
MUL_MAT_VEC q8_0 m=5120 n=1 k=10240: 1 x 94.32 us = 94.32 us (1111.67 GFLOPS/s)
PAD: 1 x 6.28 us = 6.28 us
RMS_NORM_MUL RMS_NORM(256,24,1,1): 1 x 3.2 us = 3.2 us
RMS_NORM_MUL RMS_NORM(256,4,1,1): 1 x 4.8 us = 4.8 us
RMS_NORM_MUL RMS_NORM(5120,1,1,1): 5 x 4.048 us = 20.24 us
ROPE: 2 x 3.34 us = 6.68 us
SET_ROWS: 2 x 3.68 us = 7.36 us
SIGMOID_MUL SIGMOID: 1 x 1.56 us = 1.56 us
TOP_K K=10 (98304,1,1,1): 1 x 8.88 us = 8.88 us
Total time: 1394.62 us.
----------------
Vulkan Timings:
CONCAT: 1 x 3.92 us = 3.92 us
CONT: 1 x 3.64 us = 3.64 us
FLASH_ATTN_EXT dst(256,24,1,1),  q(256,1,24,1),  k(256,256,4,1),  v(256,256,4,1),  m(256,1,1,1): 1 x 13.12 us = 13.12 us (479.532 GFLOPS/s)
GET_ROWS: 2 x 4.16 us = 8.32 us
GLU: 1 x 1.8 us = 1.8 us
MUL_MAT f32 m=256 n=24 k=256: 1 x 1.6 us = 1.6 us (1962.24 GFLOPS/s)
MUL_MAT f32 m=64 n=16 k=64: 1 x 3.6 us = 3.6 us (36.1244 GFLOPS/s)
MUL_MAT f32 m=64 n=96 k=64: 1 x 3.6 us = 3.6 us (216.747 GFLOPS/s)
MUL_MAT_ADD MUL_MAT_VEC q6_K m=5120 n=1 k=17408: 1 x 122.8 us = 122.8 us (1451.57 GFLOPS/s)
MUL_MAT_ADD MUL_MAT_VEC q6_K m=5120 n=1 k=6144: 1 x 53.16 us = 53.16 us (1183.4 GFLOPS/s)
MUL_MAT_VEC f32 m=256 n=4 k=256: 1 x 3.04 us = 3.04 us (172.126 GFLOPS/s)
MUL_MAT_VEC q6_K m=1024 n=1 k=5120: 2 x 9.32 us = 18.64 us (1124.97 GFLOPS/s)
MUL_MAT_VEC q6_K m=12288 n=1 k=5120: 1 x 85.8 us = 85.8 us (1466.4 GFLOPS/s)
MUL_MAT_VEC q6_K m=17408 n=1 k=5120: 2 x 121.26 us = 242.52 us (1469.9 GFLOPS/s)
MUL_MAT_VEC q6_K m=98304 n=1 k=5120: 1 x 670.83 us = 670.83 us (1500.43 GFLOPS/s)
MUL_MAT_VEC q8_0 m=5120 n=1 k=10240: 1 x 101.8 us = 101.8 us (1029.99 GFLOPS/s)
PAD: 1 x 6.28 us = 6.28 us
RMS_NORM_MUL RMS_NORM(256,24,1,1): 1 x 3.6 us = 3.6 us
RMS_NORM_MUL RMS_NORM(256,4,1,1): 1 x 3.56 us = 3.56 us
RMS_NORM_MUL RMS_NORM(5120,1,1,1): 5 x 3.784 us = 18.92 us
ROPE: 2 x 3.56 us = 7.12 us
SET_ROWS: 2 x 2.64 us = 5.28 us
SIGMOID_MUL SIGMOID: 1 x 1.72 us = 1.72 us
TOP_K K=10 (98304,1,1,1): 1 x 9.32 us = 9.32 us
Total time: 1393.99 us.
----------------
Vulkan Timings:
CONCAT: 1 x 3.8 us = 3.8 us
CONT: 1 x 3.56 us = 3.56 us
FLASH_ATTN_EXT dst(256,24,1,1),  q(256,1,24,1),  k(256,256,4,1),  v(256,256,4,1),  m(256,1,1,1): 1 x 13.08 us = 13.08 us (480.998 GFLOPS/s)
GET_ROWS: 2 x 4.2 us = 8.4 us
GLU: 1 x 1.8 us = 1.8 us
MUL_MAT f32 m=256 n=24 k=256: 1 x 1.64 us = 1.64 us (1914.38 GFLOPS/s)
MUL_MAT f32 m=64 n=16 k=64: 1 x 3.64 us = 3.64 us (35.7275 GFLOPS/s)
MUL_MAT f32 m=64 n=96 k=64: 1 x 3.6 us = 3.6 us (216.747 GFLOPS/s)
MUL_MAT_ADD MUL_MAT_VEC q6_K m=5120 n=1 k=17408: 1 x 123.24 us = 123.24 us (1446.39 GFLOPS/s)
MUL_MAT_ADD MUL_MAT_VEC q6_K m=5120 n=1 k=6144: 1 x 53.36 us = 53.36 us (1178.96 GFLOPS/s)
MUL_MAT_VEC f32 m=256 n=4 k=256: 1 x 3.04 us = 3.04 us (172.126 GFLOPS/s)
MUL_MAT_VEC q6_K m=1024 n=1 k=5120: 2 x 9.12 us = 18.24 us (1149.64 GFLOPS/s)
MUL_MAT_VEC q6_K m=12288 n=1 k=5120: 1 x 85.48 us = 85.48 us (1471.89 GFLOPS/s)
MUL_MAT_VEC q6_K m=17408 n=1 k=5120: 2 x 121.12 us = 242.24 us (1471.6 GFLOPS/s)
MUL_MAT_VEC q6_K m=98304 n=1 k=5120: 1 x 669.75 us = 669.75 us (1502.85 GFLOPS/s)
MUL_MAT_VEC q8_0 m=5120 n=1 k=10240: 1 x 102.16 us = 102.16 us (1026.36 GFLOPS/s)
PAD: 1 x 6.28 us = 6.28 us
RMS_NORM_MUL RMS_NORM(256,24,1,1): 1 x 3.6 us = 3.6 us
RMS_NORM_MUL RMS_NORM(256,4,1,1): 1 x 3.6 us = 3.6 us
RMS_NORM_MUL RMS_NORM(5120,1,1,1): 5 x 3.696 us = 18.48 us
ROPE: 2 x 3.58 us = 7.16 us
SET_ROWS: 2 x 2.66 us = 5.32 us
SIGMOID_MUL SIGMOID: 1 x 1.64 us = 1.64 us
TOP_K K=10 (98304,1,1,1): 1 x 8.8 us = 8.8 us
Total time: 1391.91 us.
----------------
Vulkan Timings:
CONCAT: 1 x 3.76 us = 3.76 us
CONT: 1 x 3.6 us = 3.6 us
FLASH_ATTN_EXT dst(256,24,1,1),  q(256,1,24,1),  k(256,256,4,1),  v(256,256,4,1),  m(256,1,1,1): 1 x 13.04 us = 13.04 us (482.474 GFLOPS/s)
GET_ROWS: 2 x 4.3 us = 8.6 us
GLU: 1 x 1.72 us = 1.72 us
MUL_MAT f32 m=256 n=24 k=256: 1 x 1.64 us = 1.64 us (1914.38 GFLOPS/s)
MUL_MAT f32 m=64 n=16 k=64: 1 x 3.64 us = 3.64 us (35.7275 GFLOPS/s)
MUL_MAT f32 m=64 n=96 k=64: 1 x 3.64 us = 3.64 us (214.365 GFLOPS/s)
MUL_MAT_ADD MUL_MAT_VEC q6_K m=5120 n=1 k=17408: 1 x 123.72 us = 123.72 us (1440.78 GFLOPS/s)
MUL_MAT_ADD MUL_MAT_VEC q6_K m=5120 n=1 k=6144: 1 x 53.4 us = 53.4 us (1178.08 GFLOPS/s)
MUL_MAT_VEC f32 m=256 n=4 k=256: 1 x 3.04 us = 3.04 us (172.126 GFLOPS/s)
MUL_MAT_VEC q6_K m=1024 n=1 k=5120: 2 x 9.04 us = 18.08 us (1159.82 GFLOPS/s)
MUL_MAT_VEC q6_K m=12288 n=1 k=5120: 1 x 85.64 us = 85.64 us (1469.14 GFLOPS/s)
MUL_MAT_VEC q6_K m=17408 n=1 k=5120: 2 x 121.26 us = 242.52 us (1469.9 GFLOPS/s)
MUL_MAT_VEC q6_K m=98304 n=1 k=5120: 1 x 669.73 us = 669.73 us (1502.9 GFLOPS/s)
MUL_MAT_VEC q8_0 m=5120 n=1 k=10240: 1 x 101.32 us = 101.32 us (1034.86 GFLOPS/s)
PAD: 1 x 6.32 us = 6.32 us
RMS_NORM_MUL RMS_NORM(256,24,1,1): 1 x 3.6 us = 3.6 us
RMS_NORM_MUL RMS_NORM(256,4,1,1): 1 x 3.56 us = 3.56 us
RMS_NORM_MUL RMS_NORM(5120,1,1,1): 5 x 3.712 us = 18.56 us
ROPE: 2 x 3.58 us = 7.16 us
SET_ROWS: 2 x 2.62 us = 5.24 us
SIGMOID_MUL SIGMOID: 1 x 1.68 us = 1.68 us
TOP_K K=10 (98304,1,1,1): 1 x 8.84 us = 8.84 us
Total time: 1392.05 us.
----------------
Vulkan Timings:
ADD: 48 x 3.745 us = 179.8 us
CONCAT: 48 x 2.43 us = 116.68 us
CONT: 16 x 3.822 us = 61.16 us
CPY: 240 x 2.236 us = 536.8 us
FLASH_ATTN_EXT dst(256,24,5,1),  q(256,5,24,1),  k(256,256,4,1),  v(256,256,4,1),  m(256,5,1,1): 16 x 21.187 us = 339 us (1484.71 GFLOPS/s)
GDN_CACHE GATED_DELTA_NET: 48 x 14.069 us = 675.32 us
GET_ROWS: 50 x 25.672 us = 1283.64 us
GLU: 64 x 3.022 us = 193.44 us
MUL_MAT f32 m=256 n=120 k=256: 16 x 1.86 us = 29.76 us (8439.74 GFLOPS/s)
MUL_MAT f32 m=256 n=20 k=256: 16 x 2.952 us = 47.24 us (886.137 GFLOPS/s)
MUL_MAT f32 m=64 n=480 k=64: 16 x 3.625 us = 58 us (1076.26 GFLOPS/s)
MUL_MAT f32 m=64 n=80 k=64: 16 x 3.28 us = 52.48 us (198.244 GFLOPS/s)
MUL_MAT_ADD MUL_MAT_VEC q6_K m=5120 n=5 k=17408: 64 x 130.192 us = 8332.32 us (6845.74 GFLOPS/s)
MUL_MAT_ADD MUL_MAT_VEC q6_K m=5120 n=5 k=6144: 16 x 55.052 us = 880.84 us (5713.59 GFLOPS/s)
MUL_MAT_VEC f32 m=48 n=5 k=5120: 96 x 3.425 us = 328.84 us (717.39 GFLOPS/s)
MUL_MAT_VEC q6_K m=1024 n=5 k=5120: 32 x 10.983 us = 351.48 us (4772.84 GFLOPS/s)
MUL_MAT_VEC q6_K m=10240 n=5 k=5120: 48 x 81.978 us = 3934.96 us (6394.82 GFLOPS/s)
MUL_MAT_VEC q6_K m=12288 n=5 k=5120: 16 x 94.925 us = 1518.8 us (6627.17 GFLOPS/s)
MUL_MAT_VEC q6_K m=17408 n=5 k=5120: 128 x 141.052 us = 18054.7 us (6318.23 GFLOPS/s)
MUL_MAT_VEC q6_K m=248320 n=5 k=5120: 1 x 1776.64 us = 1776.64 us (7155.5 GFLOPS/s)
MUL_MAT_VEC q6_K m=6144 n=5 k=5120: 48 x 53.513 us = 2568.64 us (5877.83 GFLOPS/s)
MUL_MAT_VEC q8_0 m=5120 n=5 k=6144: 48 x 62.992 us = 3023.64 us (4993.41 GFLOPS/s)
RMS_NORM_MUL RMS_NORM(256,24,5,1): 16 x 3.832 us = 61.32 us
RMS_NORM_MUL RMS_NORM(256,4,5,1): 16 x 4.402 us = 70.44 us
RMS_NORM_MUL RMS_NORM(5120,5,1,1): 129 x 4.545 us = 586.4 us
RMS_NORM_MUL_SILU_MUL RMS_NORM(128,48,5,1): 48 x 5.64 us = 270.76 us
RMS_NORM_SCALE RMS_NORM(128,16,5,1): 96 x 2.65 us = 254.44 us
ROPE: 32 x 3.846 us = 123.08 us
SET_ROWS: 32 x 2.908 us = 93.08 us
SIGMOID_MUL SIGMOID: 16 x 3.682 us = 58.92 us
SSM_CONV_SILU SSM_CONV: 48 x 5.64 us = 270.76 us
Total time: 46133.4 us.
----------------
Vulkan Timings:
CONCAT: 1 x 1.92 us = 1.92 us
CONT: 1 x 3.68 us = 3.68 us
FLASH_ATTN_EXT dst(256,24,5,1),  q(256,5,24,1),  k(256,256,4,1),  v(256,256,4,1),  m(256,5,1,1): 1 x 20.52 us = 20.52 us (1533.01 GFLOPS/s)
GLU: 1 x 1.52 us = 1.52 us
MUL_MAT f32 m=256 n=120 k=256: 1 x 1.68 us = 1.68 us (9344 GFLOPS/s)
MUL_MAT f32 m=256 n=20 k=256: 1 x 3.04 us = 3.04 us (860.632 GFLOPS/s)
MUL_MAT f32 m=64 n=480 k=64: 1 x 3.68 us = 3.68 us (1060.17 GFLOPS/s)
MUL_MAT f32 m=64 n=80 k=64: 1 x 3.56 us = 3.56 us (182.652 GFLOPS/s)
MUL_MAT_ADD MUL_MAT_VEC q6_K m=5120 n=5 k=17408: 1 x 154.79 us = 154.79 us (5757.89 GFLOPS/s)
MUL_MAT_ADD MUL_MAT_VEC q6_K m=5120 n=5 k=6144: 1 x 61.2 us = 61.2 us (5139.66 GFLOPS/s)
MUL_MAT_VEC q6_K m=1024 n=5 k=5120: 2 x 9.08 us = 18.16 us (5773.53 GFLOPS/s)
MUL_MAT_VEC q6_K m=12288 n=5 k=5120: 1 x 118.24 us = 118.24 us (5320.4 GFLOPS/s)
MUL_MAT_VEC q6_K m=17408 n=5 k=5120: 2 x 136.32 us = 272.64 us (6537.58 GFLOPS/s)
MUL_MAT_VEC q8_0 m=5120 n=5 k=10240: 1 x 107.12 us = 107.12 us (4894.16 GFLOPS/s)
RMS_NORM_MUL RMS_NORM(256,24,5,1): 1 x 3.72 us = 3.72 us
RMS_NORM_MUL RMS_NORM(256,4,5,1): 1 x 3.6 us = 3.6 us
RMS_NORM_MUL RMS_NORM(5120,5,1,1): 5 x 8.448 us = 42.24 us
ROPE: 2 x 3.62 us = 7.24 us
SET_ROWS: 2 x 2.68 us = 5.36 us
SIGMOID_MUL SIGMOID: 1 x 1.76 us = 1.76 us
Total time: 835.67 us.
----------------
Vulkan Timings:
CONCAT: 1 x 3.64 us = 3.64 us
CONT: 1 x 3.52 us = 3.52 us
FLASH_ATTN_EXT dst(256,24,1,1),  q(256,1,24,1),  k(256,256,4,1),  v(256,256,4,1),  m(256,1,1,1): 1 x 12.48 us = 12.48 us (504.123 GFLOPS/s)
GET_ROWS: 2 x 4.2 us = 8.4 us
GLU: 1 x 1.64 us = 1.64 us
MUL_MAT f32 m=256 n=24 k=256: 1 x 1.52 us = 1.52 us (2065.52 GFLOPS/s)
MUL_MAT f32 m=64 n=16 k=64: 1 x 1.8 us = 1.8 us (72.2489 GFLOPS/s)
MUL_MAT f32 m=64 n=96 k=64: 1 x 3.2 us = 3.2 us (243.84 GFLOPS/s)
MUL_MAT_ADD MUL_MAT_VEC q6_K m=5120 n=1 k=17408: 1 x 130.28 us = 130.28 us (1368.23 GFLOPS/s)
MUL_MAT_ADD MUL_MAT_VEC q6_K m=5120 n=1 k=6144: 1 x 54.08 us = 54.08 us (1163.27 GFLOPS/s)
MUL_MAT_VEC f32 m=256 n=4 k=256: 1 x 3 us = 3 us (174.421 GFLOPS/s)
MUL_MAT_VEC q6_K m=1024 n=1 k=5120: 2 x 9.18 us = 18.36 us (1142.13 GFLOPS/s)
MUL_MAT_VEC q6_K m=12288 n=1 k=5120: 1 x 90.2 us = 90.2 us (1394.87 GFLOPS/s)
MUL_MAT_VEC q6_K m=17408 n=1 k=5120: 2 x 117.8 us = 235.6 us (1513.08 GFLOPS/s)
MUL_MAT_VEC q6_K m=98304 n=1 k=5120: 1 x 669.6 us = 669.6 us (1503.19 GFLOPS/s)
MUL_MAT_VEC q8_0 m=5120 n=1 k=10240: 1 x 92.52 us = 92.52 us (1133.3 GFLOPS/s)
PAD: 1 x 6.32 us = 6.32 us
RMS_NORM_MUL RMS_NORM(256,24,1,1): 1 x 3.16 us = 3.16 us
RMS_NORM_MUL RMS_NORM(256,4,1,1): 1 x 4.8 us = 4.8 us
RMS_NORM_MUL RMS_NORM(5120,1,1,1): 5 x 4.376 us = 21.88 us
ROPE: 2 x 3.32 us = 6.64 us
SET_ROWS: 2 x 2.6 us = 5.2 us
SIGMOID_MUL SIGMOID: 1 x 1.56 us = 1.56 us
TOP_K K=10 (98304,1,1,1): 1 x 8.68 us = 8.68 us
Total time: 1388.08 us.
----------------
Vulkan Timings:
CONCAT: 1 x 3.76 us = 3.76 us
CONT: 1 x 3.6 us = 3.6 us
FLASH_ATTN_EXT dst(256,24,1,1),  q(256,1,24,1),  k(256,256,4,1),  v(256,256,4,1),  m(256,1,1,1): 1 x 12.8 us = 12.8 us (491.52 GFLOPS/s)
GET_ROWS: 2 x 4.28 us = 8.56 us
GLU: 1 x 1.88 us = 1.88 us
MUL_MAT f32 m=256 n=24 k=256: 1 x 1.72 us = 1.72 us (1825.34 GFLOPS/s)
MUL_MAT f32 m=64 n=16 k=64: 1 x 3.64 us = 3.64 us (35.7275 GFLOPS/s)
MUL_MAT f32 m=64 n=96 k=64: 1 x 3.6 us = 3.6 us (216.747 GFLOPS/s)
MUL_MAT_ADD MUL_MAT_VEC q6_K m=5120 n=1 k=17408: 1 x 122.68 us = 122.68 us (1452.99 GFLOPS/s)
MUL_MAT_ADD MUL_MAT_VEC q6_K m=5120 n=1 k=6144: 1 x 53.76 us = 53.76 us (1170.19 GFLOPS/s)
MUL_MAT_VEC f32 m=256 n=4 k=256: 1 x 3 us = 3 us (174.421 GFLOPS/s)
MUL_MAT_VEC q6_K m=1024 n=1 k=5120: 2 x 9.16 us = 18.32 us (1144.62 GFLOPS/s)
MUL_MAT_VEC q6_K m=12288 n=1 k=5120: 1 x 85.72 us = 85.72 us (1467.77 GFLOPS/s)
MUL_MAT_VEC q6_K m=17408 n=1 k=5120: 2 x 121.24 us = 242.48 us (1470.15 GFLOPS/s)
MUL_MAT_VEC q6_K m=98304 n=1 k=5120: 1 x 670.08 us = 670.08 us (1502.11 GFLOPS/s)
MUL_MAT_VEC q8_0 m=5120 n=1 k=10240: 1 x 101.28 us = 101.28 us (1035.27 GFLOPS/s)
PAD: 1 x 6.36 us = 6.36 us
RMS_NORM_MUL RMS_NORM(256,24,1,1): 1 x 3.6 us = 3.6 us
RMS_NORM_MUL RMS_NORM(256,4,1,1): 1 x 3.64 us = 3.64 us
RMS_NORM_MUL RMS_NORM(5120,1,1,1): 5 x 3.728 us = 18.64 us
ROPE: 2 x 3.6 us = 7.2 us
SET_ROWS: 2 x 2.64 us = 5.28 us
SIGMOID_MUL SIGMOID: 1 x 1.68 us = 1.68 us
TOP_K K=10 (98304,1,1,1): 1 x 8.8 us = 8.8 us
Total time: 1392.08 us.
----------------
Vulkan Timings:
CONCAT: 1 x 3.8 us = 3.8 us
CONT: 1 x 3.36 us = 3.36 us
FLASH_ATTN_EXT dst(256,24,1,1),  q(256,1,24,1),  k(256,256,4,1),  v(256,256,4,1),  m(256,1,1,1): 1 x 15.32 us = 15.32 us (410.669 GFLOPS/s)
GET_ROWS: 2 x 4.18 us = 8.36 us
GLU: 1 x 1.84 us = 1.84 us
MUL_MAT f32 m=256 n=24 k=256: 1 x 2.08 us = 2.08 us (1509.42 GFLOPS/s)
MUL_MAT f32 m=64 n=16 k=64: 1 x 3.44 us = 3.44 us (37.8047 GFLOPS/s)
MUL_MAT f32 m=64 n=96 k=64: 1 x 3.32 us = 3.32 us (235.027 GFLOPS/s)
MUL_MAT_ADD MUL_MAT_VEC q6_K m=5120 n=1 k=17408: 1 x 123.72 us = 123.72 us (1440.78 GFLOPS/s)
MUL_MAT_ADD MUL_MAT_VEC q6_K m=5120 n=1 k=6144: 1 x 53.56 us = 53.56 us (1174.56 GFLOPS/s)
MUL_MAT_VEC f32 m=256 n=4 k=256: 1 x 0.76 us = 0.76 us (688.505 GFLOPS/s)
MUL_MAT_VEC q6_K m=1024 n=1 k=5120: 2 x 5.72 us = 11.44 us (1833 GFLOPS/s)
MUL_MAT_VEC q6_K m=12288 n=1 k=5120: 1 x 92.84 us = 92.84 us (1355.2 GFLOPS/s)
MUL_MAT_VEC q6_K m=17408 n=1 k=5120: 2 x 121.36 us = 242.72 us (1468.69 GFLOPS/s)
MUL_MAT_VEC q6_K m=98304 n=1 k=5120: 1 x 671.05 us = 671.05 us (1499.94 GFLOPS/s)
MUL_MAT_VEC q8_0 m=5120 n=1 k=10240: 1 x 107.88 us = 107.88 us (971.936 GFLOPS/s)
PAD: 1 x 6.44 us = 6.44 us
RMS_NORM_MUL RMS_NORM(256,24,1,1): 1 x 3.44 us = 3.44 us
RMS_NORM_MUL RMS_NORM(256,4,1,1): 1 x 3.24 us = 3.24 us
RMS_NORM_MUL RMS_NORM(5120,1,1,1): 5 x 3.736 us = 18.68 us
ROPE: 2 x 3.34 us = 6.68 us
SET_ROWS: 2 x 2.74 us = 5.48 us
SIGMOID_MUL SIGMOID: 1 x 1.6 us = 1.6 us
TOP_K K=10 (98304,1,1,1): 1 x 8.76 us = 8.76 us
Total time: 1399.81 us.
----------------
Vulkan Timings:
CONCAT: 1 x 3.8 us = 3.8 us
CONT: 1 x 3.6 us = 3.6 us
FLASH_ATTN_EXT dst(256,24,1,1),  q(256,1,24,1),  k(256,256,4,1),  v(256,256,4,1),  m(256,1,1,1): 1 x 14.68 us = 14.68 us (428.573 GFLOPS/s)
GET_ROWS: 2 x 4.28 us = 8.56 us
GLU: 1 x 1.84 us = 1.84 us
MUL_MAT f32 m=256 n=24 k=256: 1 x 2.24 us = 2.24 us (1401.6 GFLOPS/s)
MUL_MAT f32 m=64 n=16 k=64: 1 x 3.6 us = 3.6 us (36.1244 GFLOPS/s)
MUL_MAT f32 m=64 n=96 k=64: 1 x 3.64 us = 3.64 us (214.365 GFLOPS/s)
MUL_MAT_ADD MUL_MAT_VEC q6_K m=5120 n=1 k=17408: 1 x 123.4 us = 123.4 us (1444.51 GFLOPS/s)
MUL_MAT_ADD MUL_MAT_VEC q6_K m=5120 n=1 k=6144: 1 x 53.96 us = 53.96 us (1165.85 GFLOPS/s)
MUL_MAT_VEC f32 m=256 n=4 k=256: 1 x 0.76 us = 0.76 us (688.505 GFLOPS/s)
MUL_MAT_VEC q6_K m=1024 n=1 k=5120: 2 x 9.06 us = 18.12 us (1157.26 GFLOPS/s)
MUL_MAT_VEC q6_K m=12288 n=1 k=5120: 1 x 85.32 us = 85.32 us (1474.65 GFLOPS/s)
MUL_MAT_VEC q6_K m=17408 n=1 k=5120: 2 x 121.76 us = 243.52 us (1463.87 GFLOPS/s)
MUL_MAT_VEC q6_K m=98304 n=1 k=5120: 1 x 675.2 us = 675.2 us (1490.72 GFLOPS/s)
MUL_MAT_VEC q8_0 m=5120 n=1 k=10240: 1 x 101 us = 101 us (1038.14 GFLOPS/s)
PAD: 1 x 6.32 us = 6.32 us
RMS_NORM_MUL RMS_NORM(256,24,1,1): 1 x 3.56 us = 3.56 us
RMS_NORM_MUL RMS_NORM(256,4,1,1): 1 x 3.6 us = 3.6 us
RMS_NORM_MUL RMS_NORM(5120,1,1,1): 5 x 3.72 us = 18.6 us
ROPE: 2 x 3.56 us = 7.12 us
SET_ROWS: 2 x 2.84 us = 5.68 us
SIGMOID_MUL SIGMOID: 1 x 1.68 us = 1.68 us
TOP_K K=10 (98304,1,1,1): 1 x 8.56 us = 8.56 us
Total time: 1398.36 us.
----------------
Vulkan Timings:
ADD: 48 x 3.769 us = 180.92 us
CONCAT: 48 x 2.45 us = 117.64 us
CONT: 16 x 3.835 us = 61.36 us
CPY: 240 x 2.232 us = 535.8 us
FLASH_ATTN_EXT dst(256,24,5,1),  q(256,5,24,1),  k(256,256,4,1),  v(256,256,4,1),  m(256,5,1,1): 16 x 21.137 us = 338.2 us (1488.22 GFLOPS/s)
GDN_CACHE GATED_DELTA_NET: 48 x 13.813 us = 663.04 us
GET_ROWS: 50 x 26.247 us = 1312.36 us
GLU: 64 x 3.021 us = 193.4 us
MUL_MAT f32 m=256 n=120 k=256: 16 x 1.847 us = 29.56 us (8496.84 GFLOPS/s)
MUL_MAT f32 m=256 n=20 k=256: 16 x 2.977 us = 47.64 us (878.697 GFLOPS/s)
MUL_MAT f32 m=64 n=480 k=64: 16 x 3.632 us = 58.12 us (1074.04 GFLOPS/s)
MUL_MAT f32 m=64 n=80 k=64: 16 x 3.292 us = 52.68 us (197.491 GFLOPS/s)
MUL_MAT_ADD MUL_MAT_VEC q6_K m=5120 n=5 k=17408: 64 x 130.437 us = 8348 us (6832.88 GFLOPS/s)
MUL_MAT_ADD MUL_MAT_VEC q6_K m=5120 n=5 k=6144: 16 x 55.185 us = 882.96 us (5699.87 GFLOPS/s)
MUL_MAT_VEC f32 m=48 n=5 k=5120: 96 x 3.436 us = 329.88 us (715.128 GFLOPS/s)
MUL_MAT_VEC q6_K m=1024 n=5 k=5120: 32 x 11.041 us = 353.32 us (4747.98 GFLOPS/s)
MUL_MAT_VEC q6_K m=10240 n=5 k=5120: 48 x 82.042 us = 3938.04 us (6389.82 GFLOPS/s)
MUL_MAT_VEC q6_K m=12288 n=5 k=5120: 16 x 95.142 us = 1522.28 us (6612.02 GFLOPS/s)
MUL_MAT_VEC q6_K m=17408 n=5 k=5120: 128 x 140.968 us = 18044 us (6322 GFLOPS/s)
MUL_MAT_VEC q6_K m=248320 n=5 k=5120: 1 x 1773.88 us = 1773.88 us (7166.63 GFLOPS/s)
MUL_MAT_VEC q6_K m=6144 n=5 k=5120: 48 x 53.505 us = 2568.24 us (5878.74 GFLOPS/s)
MUL_MAT_VEC q8_0 m=5120 n=5 k=6144: 48 x 63.02 us = 3024.96 us (4991.23 GFLOPS/s)
RMS_NORM_MUL RMS_NORM(256,24,5,1): 16 x 3.877 us = 62.04 us
RMS_NORM_MUL RMS_NORM(256,4,5,1): 16 x 4.42 us = 70.72 us
RMS_NORM_MUL RMS_NORM(5120,5,1,1): 129 x 4.549 us = 586.84 us
RMS_NORM_MUL_SILU_MUL RMS_NORM(128,48,5,1): 48 x 5.657 us = 271.56 us
RMS_NORM_SCALE RMS_NORM(128,16,5,1): 96 x 2.681 us = 257.44 us
ROPE: 32 x 3.855 us = 123.36 us
SET_ROWS: 32 x 2.977 us = 95.28 us
SIGMOID_MUL SIGMOID: 16 x 3.692 us = 59.08 us
SSM_CONV_SILU SSM_CONV: 48 x 5.677 us = 272.52 us
Total time: 46175.1 us.
----------------
Vulkan Timings:
CONCAT: 1 x 1.96 us = 1.96 us
CONT: 1 x 3.8 us = 3.8 us
FLASH_ATTN_EXT dst(256,24,5,1),  q(256,5,24,1),  k(256,256,4,1),  v(256,256,4,1),  m(256,5,1,1): 1 x 23.92 us = 23.92 us (1315.1 GFLOPS/s)
GLU: 1 x 1.52 us = 1.52 us
MUL_MAT f32 m=256 n=120 k=256: 1 x 1.8 us = 1.8 us (8721.07 GFLOPS/s)
MUL_MAT f32 m=256 n=20 k=256: 1 x 3.16 us = 3.16 us (827.949 GFLOPS/s)
MUL_MAT f32 m=64 n=480 k=64: 1 x 3.8 us = 3.8 us (1026.69 GFLOPS/s)
MUL_MAT f32 m=64 n=80 k=64: 1 x 3.76 us = 3.76 us (172.936 GFLOPS/s)
MUL_MAT_ADD MUL_MAT_VEC q6_K m=5120 n=5 k=17408: 1 x 155.38 us = 155.38 us (5736.03 GFLOPS/s)
MUL_MAT_ADD MUL_MAT_VEC q6_K m=5120 n=5 k=6144: 1 x 64.12 us = 64.12 us (4905.6 GFLOPS/s)
MUL_MAT_VEC q6_K m=1024 n=5 k=5120: 2 x 9.24 us = 18.48 us (5673.56 GFLOPS/s)
MUL_MAT_VEC q6_K m=12288 n=5 k=5120: 1 x 122.16 us = 122.16 us (5149.67 GFLOPS/s)
MUL_MAT_VEC q6_K m=17408 n=5 k=5120: 2 x 136.82 us = 273.64 us (6513.69 GFLOPS/s)
MUL_MAT_VEC q8_0 m=5120 n=5 k=10240: 1 x 105.28 us = 105.28 us (4979.7 GFLOPS/s)
RMS_NORM_MUL RMS_NORM(256,24,5,1): 1 x 3.92 us = 3.92 us
RMS_NORM_MUL RMS_NORM(256,4,5,1): 1 x 3.8 us = 3.8 us
RMS_NORM_MUL RMS_NORM(5120,5,1,1): 5 x 8.76 us = 43.8 us
ROPE: 2 x 3.8 us = 7.6 us
SET_ROWS: 2 x 1.92 us = 3.84 us
SIGMOID_MUL SIGMOID: 1 x 1.84 us = 1.84 us
Total time: 847.58 us.
----------------
Vulkan Timings:
CONCAT: 1 x 3.68 us = 3.68 us
CONT: 1 x 3.52 us = 3.52 us
FLASH_ATTN_EXT dst(256,24,1,1),  q(256,1,24,1),  k(256,256,4,1),  v(256,256,4,1),  m(256,1,1,1): 1 x 12.56 us = 12.56 us (500.912 GFLOPS/s)
GET_ROWS: 2 x 4.3 us = 8.6 us
GLU: 1 x 1.72 us = 1.72 us
MUL_MAT f32 m=256 n=24 k=256: 1 x 1.56 us = 1.56 us (2012.55 GFLOPS/s)
MUL_MAT f32 m=64 n=16 k=64: 1 x 1.84 us = 1.84 us (70.6783 GFLOPS/s)
MUL_MAT f32 m=64 n=96 k=64: 1 x 3.2 us = 3.2 us (243.84 GFLOPS/s)
MUL_MAT_ADD MUL_MAT_VEC q6_K m=5120 n=1 k=17408: 1 x 129.84 us = 129.84 us (1372.87 GFLOPS/s)
MUL_MAT_ADD MUL_MAT_VEC q6_K m=5120 n=1 k=6144: 1 x 53.48 us = 53.48 us (1176.32 GFLOPS/s)
MUL_MAT_VEC f32 m=256 n=4 k=256: 1 x 3.04 us = 3.04 us (172.126 GFLOPS/s)
MUL_MAT_VEC q6_K m=1024 n=1 k=5120: 2 x 9.26 us = 18.52 us (1132.26 GFLOPS/s)
MUL_MAT_VEC q6_K m=12288 n=1 k=5120: 1 x 90.28 us = 90.28 us (1393.63 GFLOPS/s)
MUL_MAT_VEC q6_K m=17408 n=1 k=5120: 2 x 118.16 us = 236.32 us (1508.47 GFLOPS/s)
MUL_MAT_VEC q6_K m=98304 n=1 k=5120: 1 x 671.28 us = 671.28 us (1499.43 GFLOPS/s)
MUL_MAT_VEC q8_0 m=5120 n=1 k=10240: 1 x 91.2 us = 91.2 us (1149.7 GFLOPS/s)
PAD: 1 x 6.28 us = 6.28 us
RMS_NORM_MUL RMS_NORM(256,24,1,1): 1 x 3.28 us = 3.28 us
RMS_NORM_MUL RMS_NORM(256,4,1,1): 1 x 4.88 us = 4.88 us
RMS_NORM_MUL RMS_NORM(5120,1,1,1): 5 x 4.4 us = 22 us
ROPE: 2 x 3.36 us = 6.72 us
SET_ROWS: 2 x 2.6 us = 5.2 us
SIGMOID_MUL SIGMOID: 1 x 1.56 us = 1.56 us
TOP_K K=10 (98304,1,1,1): 1 x 9.04 us = 9.04 us
Total time: 1389.6 us.
----------------
Vulkan Timings:
CONCAT: 1 x 3.68 us = 3.68 us
CONT: 1 x 3.56 us = 3.56 us
FLASH_ATTN_EXT dst(256,24,1,1),  q(256,1,24,1),  k(256,256,4,1),  v(256,256,4,1),  m(256,1,1,1): 1 x 12.84 us = 12.84 us (489.989 GFLOPS/s)
GET_ROWS: 2 x 4.16 us = 8.32 us
GLU: 1 x 1.8 us = 1.8 us
MUL_MAT f32 m=256 n=24 k=256: 1 x 1.68 us = 1.68 us (1868.8 GFLOPS/s)
MUL_MAT f32 m=64 n=16 k=64: 1 x 3.6 us = 3.6 us (36.1244 GFLOPS/s)
MUL_MAT f32 m=64 n=96 k=64: 1 x 3.6 us = 3.6 us (216.747 GFLOPS/s)
MUL_MAT_ADD MUL_MAT_VEC q6_K m=5120 n=1 k=17408: 1 x 123.6 us = 123.6 us (1442.17 GFLOPS/s)
MUL_MAT_ADD MUL_MAT_VEC q6_K m=5120 n=1 k=6144: 1 x 53.68 us = 53.68 us (1171.93 GFLOPS/s)
MUL_MAT_VEC f32 m=256 n=4 k=256: 1 x 3 us = 3 us (174.421 GFLOPS/s)
MUL_MAT_VEC q6_K m=1024 n=1 k=5120: 2 x 9 us = 18 us (1164.97 GFLOPS/s)
MUL_MAT_VEC q6_K m=12288 n=1 k=5120: 1 x 85.72 us = 85.72 us (1467.77 GFLOPS/s)
MUL_MAT_VEC q6_K m=17408 n=1 k=5120: 2 x 120.98 us = 241.96 us (1473.31 GFLOPS/s)
MUL_MAT_VEC q6_K m=98304 n=1 k=5120: 1 x 669.94 us = 669.94 us (1502.43 GFLOPS/s)
MUL_MAT_VEC q8_0 m=5120 n=1 k=10240: 1 x 101.68 us = 101.68 us (1031.2 GFLOPS/s)
PAD: 1 x 6.28 us = 6.28 us
RMS_NORM_MUL RMS_NORM(256,24,1,1): 1 x 3.64 us = 3.64 us
RMS_NORM_MUL RMS_NORM(256,4,1,1): 1 x 3.56 us = 3.56 us
RMS_NORM_MUL RMS_NORM(5120,1,1,1): 5 x 3.688 us = 18.44 us
ROPE: 2 x 3.56 us = 7.12 us
SET_ROWS: 2 x 2.62 us = 5.24 us
SIGMOID_MUL SIGMOID: 1 x 1.68 us = 1.68 us
TOP_K K=10 (98304,1,1,1): 1 x 8.6 us = 8.6 us
Total time: 1391.22 us.
----------------
Vulkan Timings:
CONCAT: 1 x 3.72 us = 3.72 us
CONT: 1 x 3.6 us = 3.6 us
FLASH_ATTN_EXT dst(256,24,1,1),  q(256,1,24,1),  k(256,256,4,1),  v(256,256,4,1),  m(256,1,1,1): 1 x 15.24 us = 15.24 us (412.825 GFLOPS/s)
GET_ROWS: 2 x 4.26 us = 8.52 us
GLU: 1 x 1.84 us = 1.84 us
MUL_MAT f32 m=256 n=24 k=256: 1 x 1.64 us = 1.64 us (1914.38 GFLOPS/s)
MUL_MAT f32 m=64 n=16 k=64: 1 x 3.6 us = 3.6 us (36.1244 GFLOPS/s)
MUL_MAT f32 m=64 n=96 k=64: 1 x 3.6 us = 3.6 us (216.747 GFLOPS/s)
MUL_MAT_ADD MUL_MAT_VEC q6_K m=5120 n=1 k=17408: 1 x 122.52 us = 122.52 us (1454.89 GFLOPS/s)
MUL_MAT_ADD MUL_MAT_VEC q6_K m=5120 n=1 k=6144: 1 x 54.8 us = 54.8 us (1147.98 GFLOPS/s)
MUL_MAT_VEC f32 m=256 n=4 k=256: 1 x 3.04 us = 3.04 us (172.126 GFLOPS/s)
MUL_MAT_VEC q6_K m=1024 n=1 k=5120: 2 x 9.08 us = 18.16 us (1154.71 GFLOPS/s)
MUL_MAT_VEC q6_K m=12288 n=1 k=5120: 1 x 85.8 us = 85.8 us (1466.4 GFLOPS/s)
MUL_MAT_VEC q6_K m=17408 n=1 k=5120: 2 x 121.22 us = 242.44 us (1470.39 GFLOPS/s)
MUL_MAT_VEC q6_K m=98304 n=1 k=5120: 1 x 671.63 us = 671.63 us (1498.64 GFLOPS/s)
MUL_MAT_VEC q8_0 m=5120 n=1 k=10240: 1 x 101.12 us = 101.12 us (1036.91 GFLOPS/s)
PAD: 1 x 6.28 us = 6.28 us
RMS_NORM_MUL RMS_NORM(256,24,1,1): 1 x 3.6 us = 3.6 us
RMS_NORM_MUL RMS_NORM(256,4,1,1): 1 x 3.56 us = 3.56 us
RMS_NORM_MUL RMS_NORM(5120,1,1,1): 5 x 3.768 us = 18.84 us
ROPE: 2 x 3.54 us = 7.08 us
SET_ROWS: 2 x 1.8 us = 3.6 us
SIGMOID_MUL SIGMOID: 1 x 1.72 us = 1.72 us
TOP_K K=10 (98304,1,1,1): 1 x 9.04 us = 9.04 us
Total time: 1394.99 us.
----------------
Vulkan Timings:
CONCAT: 1 x 4 us = 4 us
CONT: 1 x 3.6 us = 3.6 us
FLASH_ATTN_EXT dst(256,24,1,1),  q(256,1,24,1),  k(256,256,4,1),  v(256,256,4,1),  m(256,1,1,1): 1 x 12.76 us = 12.76 us (493.061 GFLOPS/s)
GET_ROWS: 2 x 4.2 us = 8.4 us
GLU: 1 x 1.88 us = 1.88 us
MUL_MAT f32 m=256 n=24 k=256: 1 x 1.64 us = 1.64 us (1914.38 GFLOPS/s)
MUL_MAT f32 m=64 n=16 k=64: 1 x 3.68 us = 3.68 us (35.3391 GFLOPS/s)
MUL_MAT f32 m=64 n=96 k=64: 1 x 3.56 us = 3.56 us (219.182 GFLOPS/s)
MUL_MAT_ADD MUL_MAT_VEC q6_K m=5120 n=1 k=17408: 1 x 123.44 us = 123.44 us (1444.04 GFLOPS/s)
MUL_MAT_ADD MUL_MAT_VEC q6_K m=5120 n=1 k=6144: 1 x 53.84 us = 53.84 us (1168.45 GFLOPS/s)
MUL_MAT_VEC f32 m=256 n=4 k=256: 1 x 3.04 us = 3.04 us (172.126 GFLOPS/s)
MUL_MAT_VEC q6_K m=1024 n=1 k=5120: 2 x 9.36 us = 18.72 us (1120.16 GFLOPS/s)
MUL_MAT_VEC q6_K m=12288 n=1 k=5120: 1 x 85.6 us = 85.6 us (1469.82 GFLOPS/s)
MUL_MAT_VEC q6_K m=17408 n=1 k=5120: 2 x 121.08 us = 242.16 us (1472.09 GFLOPS/s)
MUL_MAT_VEC q6_K m=98304 n=1 k=5120: 1 x 671.26 us = 671.26 us (1499.47 GFLOPS/s)
MUL_MAT_VEC q8_0 m=5120 n=1 k=10240: 1 x 102.04 us = 102.04 us (1027.56 GFLOPS/s)
PAD: 1 x 6.32 us = 6.32 us
RMS_NORM_MUL RMS_NORM(256,24,1,1): 1 x 3.6 us = 3.6 us
RMS_NORM_MUL RMS_NORM(256,4,1,1): 1 x 3.6 us = 3.6 us
RMS_NORM_MUL RMS_NORM(5120,1,1,1): 5 x 3.712 us = 18.56 us
ROPE: 2 x 3.6 us = 7.2 us
SET_ROWS: 2 x 2.62 us = 5.24 us
SIGMOID_MUL SIGMOID: 1 x 1.64 us = 1.64 us
TOP_K K=10 (98304,1,1,1): 1 x 8.8 us = 8.8 us
Total time: 1394.58 us.
----------------
Vulkan Timings:
ADD: 48 x 3.76 us = 180.48 us
CONCAT: 48 x 2.396 us = 115.04 us
CONT: 16 x 3.822 us = 61.16 us
CPY: 240 x 2.251 us = 540.36 us
FLASH_ATTN_EXT dst(256,24,5,1),  q(256,5,24,1),  k(256,256,4,1),  v(256,256,4,1),  m(256,5,1,1): 16 x 21.31 us = 340.96 us (1476.17 GFLOPS/s)
GDN_CACHE GATED_DELTA_NET: 48 x 13.883 us = 666.4 us
GET_ROWS: 50 x 26.298 us = 1314.92 us
GLU: 64 x 2.905 us = 185.96 us
MUL_MAT f32 m=256 n=120 k=256: 16 x 1.835 us = 29.36 us (8554.72 GFLOPS/s)
MUL_MAT f32 m=256 n=20 k=256: 16 x 2.967 us = 47.48 us (881.658 GFLOPS/s)
MUL_MAT f32 m=64 n=480 k=64: 16 x 3.635 us = 58.16 us (1073.3 GFLOPS/s)
MUL_MAT f32 m=64 n=80 k=64: 16 x 3.28 us = 52.48 us (198.244 GFLOPS/s)
MUL_MAT_ADD MUL_MAT_VEC q6_K m=5120 n=5 k=17408: 64 x 130.462 us = 8349.6 us (6831.57 GFLOPS/s)
MUL_MAT_ADD MUL_MAT_VEC q6_K m=5120 n=5 k=6144: 16 x 55.387 us = 886.2 us (5679.03 GFLOPS/s)
MUL_MAT_VEC f32 m=48 n=5 k=5120: 96 x 3.377 us = 324.24 us (727.568 GFLOPS/s)
MUL_MAT_VEC q6_K m=1024 n=5 k=5120: 32 x 10.84 us = 346.88 us (4836.13 GFLOPS/s)
MUL_MAT_VEC q6_K m=10240 n=5 k=5120: 48 x 81.93 us = 3932.64 us (6398.59 GFLOPS/s)
MUL_MAT_VEC q6_K m=12288 n=5 k=5120: 16 x 95.38 us = 1526.08 us (6595.56 GFLOPS/s)
MUL_MAT_VEC q6_K m=17408 n=5 k=5120: 128 x 140.938 us = 18040.1 us (6323.35 GFLOPS/s)
MUL_MAT_VEC q6_K m=248320 n=5 k=5120: 1 x 1773.08 us = 1773.08 us (7169.86 GFLOPS/s)
MUL_MAT_VEC q6_K m=6144 n=5 k=5120: 48 x 53.463 us = 2566.24 us (5883.32 GFLOPS/s)
MUL_MAT_VEC q8_0 m=5120 n=5 k=6144: 48 x 63.15 us = 3031.24 us (4980.89 GFLOPS/s)
RMS_NORM_MUL RMS_NORM(256,24,5,1): 16 x 3.725 us = 59.6 us
RMS_NORM_MUL RMS_NORM(256,4,5,1): 16 x 4.41 us = 70.56 us
RMS_NORM_MUL RMS_NORM(5120,5,1,1): 129 x 4.52 us = 583.08 us
RMS_NORM_MUL_SILU_MUL RMS_NORM(128,48,5,1): 48 x 5.65 us = 271.24 us
RMS_NORM_SCALE RMS_NORM(128,16,5,1): 96 x 2.706 us = 259.8 us
ROPE: 32 x 3.855 us = 123.36 us
SET_ROWS: 32 x 2.903 us = 92.92 us
SIGMOID_MUL SIGMOID: 16 x 3.685 us = 58.96 us
SSM_CONV_SILU SSM_CONV: 48 x 5.73 us = 275.08 us
Total time: 46163.7 us.
----------------
Vulkan Timings:
CONCAT: 1 x 1.92 us = 1.92 us
CONT: 1 x 3.72 us = 3.72 us
FLASH_ATTN_EXT dst(256,24,5,1),  q(256,5,24,1),  k(256,256,4,1),  v(256,256,4,1),  m(256,5,1,1): 1 x 21.04 us = 21.04 us (1495.12 GFLOPS/s)
GLU: 1 x 1.8 us = 1.8 us
MUL_MAT f32 m=256 n=120 k=256: 1 x 1.68 us = 1.68 us (9344 GFLOPS/s)
MUL_MAT f32 m=256 n=20 k=256: 1 x 3.12 us = 3.12 us (838.564 GFLOPS/s)
MUL_MAT f32 m=64 n=480 k=64: 1 x 3.72 us = 3.72 us (1048.77 GFLOPS/s)
MUL_MAT f32 m=64 n=80 k=64: 1 x 3.68 us = 3.68 us (176.696 GFLOPS/s)
MUL_MAT_ADD MUL_MAT_VEC q6_K m=5120 n=5 k=17408: 1 x 155.5 us = 155.5 us (5731.6 GFLOPS/s)
MUL_MAT_ADD MUL_MAT_VEC q6_K m=5120 n=5 k=6144: 1 x 62.8 us = 62.8 us (5008.71 GFLOPS/s)
MUL_MAT_VEC q6_K m=1024 n=5 k=5120: 2 x 9.1 us = 18.2 us (5760.84 GFLOPS/s)
MUL_MAT_VEC q6_K m=12288 n=5 k=5120: 1 x 121.08 us = 121.08 us (5195.61 GFLOPS/s)
MUL_MAT_VEC q6_K m=17408 n=5 k=5120: 2 x 136 us = 272 us (6552.96 GFLOPS/s)
MUL_MAT_VEC q8_0 m=5120 n=5 k=10240: 1 x 106.2 us = 106.2 us (4936.56 GFLOPS/s)
RMS_NORM_MUL RMS_NORM(256,24,5,1): 1 x 3.84 us = 3.84 us
RMS_NORM_MUL RMS_NORM(256,4,5,1): 1 x 3.64 us = 3.64 us
RMS_NORM_MUL RMS_NORM(5120,5,1,1): 5 x 8.55 us = 42.75 us
ROPE: 2 x 3.72 us = 7.44 us
SET_ROWS: 2 x 2.7 us = 5.4 us
SIGMOID_MUL SIGMOID: 1 x 1.8 us = 1.8 us
Total time: 841.33 us.
----------------
Vulkan Timings:
CONCAT: 1 x 3.6 us = 3.6 us
CONT: 1 x 3.44 us = 3.44 us
FLASH_ATTN_EXT dst(256,24,1,1),  q(256,1,24,1),  k(256,256,4,1),  v(256,256,4,1),  m(256,1,1,1): 1 x 12.68 us = 12.68 us (496.172 GFLOPS/s)
GET_ROWS: 2 x 4.28 us = 8.56 us
GLU: 1 x 1.64 us = 1.64 us
MUL_MAT f32 m=256 n=24 k=256: 1 x 1.48 us = 1.48 us (2121.34 GFLOPS/s)
MUL_MAT f32 m=64 n=16 k=64: 1 x 1.84 us = 1.84 us (70.6783 GFLOPS/s)
MUL_MAT f32 m=64 n=96 k=64: 1 x 3.24 us = 3.24 us (240.83 GFLOPS/s)
MUL_MAT_ADD MUL_MAT_VEC q6_K m=5120 n=1 k=17408: 1 x 131.16 us = 131.16 us (1359.05 GFLOPS/s)
MUL_MAT_ADD MUL_MAT_VEC q6_K m=5120 n=1 k=6144: 1 x 53.04 us = 53.04 us (1186.08 GFLOPS/s)
MUL_MAT_VEC f32 m=256 n=4 k=256: 1 x 3 us = 3 us (174.421 GFLOPS/s)
MUL_MAT_VEC q6_K m=1024 n=1 k=5120: 2 x 9.26 us = 18.52 us (1132.26 GFLOPS/s)
MUL_MAT_VEC q6_K m=12288 n=1 k=5120: 1 x 89.36 us = 89.36 us (1407.98 GFLOPS/s)
MUL_MAT_VEC q6_K m=17408 n=1 k=5120: 2 x 118.02 us = 236.04 us (1510.26 GFLOPS/s)
MUL_MAT_VEC q6_K m=98304 n=1 k=5120: 1 x 671.8 us = 671.8 us (1498.27 GFLOPS/s)
MUL_MAT_VEC q8_0 m=5120 n=1 k=10240: 1 x 91.72 us = 91.72 us (1143.18 GFLOPS/s)
PAD: 1 x 6.36 us = 6.36 us
RMS_NORM_MUL RMS_NORM(256,24,1,1): 1 x 3.2 us = 3.2 us
RMS_NORM_MUL RMS_NORM(256,4,1,1): 1 x 4.8 us = 4.8 us
RMS_NORM_MUL RMS_NORM(5120,1,1,1): 5 x 4.216 us = 21.08 us
ROPE: 2 x 3.3 us = 6.6 us
SET_ROWS: 2 x 2.56 us = 5.12 us
SIGMOID_MUL SIGMOID: 1 x 1.6 us = 1.6 us
TOP_K K=10 (98304,1,1,1): 1 x 8.64 us = 8.64 us
Total time: 1388.52 us.
----------------
Vulkan Timings:
CONCAT: 1 x 3.76 us = 3.76 us
CONT: 1 x 3.64 us = 3.64 us
FLASH_ATTN_EXT dst(256,24,1,1),  q(256,1,24,1),  k(256,256,4,1),  v(256,256,4,1),  m(256,1,1,1): 1 x 12.76 us = 12.76 us (493.061 GFLOPS/s)
GET_ROWS: 2 x 4.32 us = 8.64 us
GLU: 1 x 1.88 us = 1.88 us
MUL_MAT f32 m=256 n=24 k=256: 1 x 1.64 us = 1.64 us (1914.38 GFLOPS/s)
MUL_MAT f32 m=64 n=16 k=64: 1 x 3.6 us = 3.6 us (36.1244 GFLOPS/s)
MUL_MAT f32 m=64 n=96 k=64: 1 x 3.6 us = 3.6 us (216.747 GFLOPS/s)
MUL_MAT_ADD MUL_MAT_VEC q6_K m=5120 n=1 k=17408: 1 x 122.72 us = 122.72 us (1452.52 GFLOPS/s)
MUL_MAT_ADD MUL_MAT_VEC q6_K m=5120 n=1 k=6144: 1 x 54 us = 54 us (1164.99 GFLOPS/s)
MUL_MAT_VEC f32 m=256 n=4 k=256: 1 x 3 us = 3 us (174.421 GFLOPS/s)
MUL_MAT_VEC q6_K m=1024 n=1 k=5120: 2 x 9.12 us = 18.24 us (1149.64 GFLOPS/s)
MUL_MAT_VEC q6_K m=12288 n=1 k=5120: 1 x 85.52 us = 85.52 us (1471.2 GFLOPS/s)
MUL_MAT_VEC q6_K m=17408 n=1 k=5120: 2 x 121.28 us = 242.56 us (1469.66 GFLOPS/s)
MUL_MAT_VEC q6_K m=98304 n=1 k=5120: 1 x 672.49 us = 672.49 us (1496.73 GFLOPS/s)
MUL_MAT_VEC q8_0 m=5120 n=1 k=10240: 1 x 101.64 us = 101.64 us (1031.61 GFLOPS/s)
PAD: 1 x 6.28 us = 6.28 us
RMS_NORM_MUL RMS_NORM(256,24,1,1): 1 x 3.6 us = 3.6 us
RMS_NORM_MUL RMS_NORM(256,4,1,1): 1 x 3.56 us = 3.56 us
RMS_NORM_MUL RMS_NORM(5120,1,1,1): 5 x 3.76 us = 18.8 us
ROPE: 2 x 3.56 us = 7.12 us
SET_ROWS: 2 x 2.64 us = 5.28 us
SIGMOID_MUL SIGMOID: 1 x 1.68 us = 1.68 us
TOP_K K=10 (98304,1,1,1): 1 x 8.72 us = 8.72 us
Total time: 1394.73 us.
----------------
Vulkan Timings:
CONCAT: 1 x 3.76 us = 3.76 us
CONT: 1 x 3.6 us = 3.6 us
FLASH_ATTN_EXT dst(256,24,1,1),  q(256,1,24,1),  k(256,256,4,1),  v(256,256,4,1),  m(256,1,1,1): 1 x 13.08 us = 13.08 us (480.998 GFLOPS/s)
GET_ROWS: 2 x 4.18 us = 8.36 us
GLU: 1 x 1.76 us = 1.76 us
MUL_MAT f32 m=256 n=24 k=256: 1 x 1.68 us = 1.68 us (1868.8 GFLOPS/s)
MUL_MAT f32 m=64 n=16 k=64: 1 x 3.64 us = 3.64 us (35.7275 GFLOPS/s)
MUL_MAT f32 m=64 n=96 k=64: 1 x 3.6 us = 3.6 us (216.747 GFLOPS/s)
MUL_MAT_ADD MUL_MAT_VEC q6_K m=5120 n=1 k=17408: 1 x 123.76 us = 123.76 us (1440.31 GFLOPS/s)
MUL_MAT_ADD MUL_MAT_VEC q6_K m=5120 n=1 k=6144: 1 x 54 us = 54 us (1164.99 GFLOPS/s)
MUL_MAT_VEC f32 m=256 n=4 k=256: 1 x 3.04 us = 3.04 us (172.126 GFLOPS/s)
MUL_MAT_VEC q6_K m=1024 n=1 k=5120: 2 x 9.18 us = 18.36 us (1142.13 GFLOPS/s)
MUL_MAT_VEC q6_K m=12288 n=1 k=5120: 1 x 85.68 us = 85.68 us (1468.45 GFLOPS/s)
MUL_MAT_VEC q6_K m=17408 n=1 k=5120: 2 x 121.64 us = 243.28 us (1465.31 GFLOPS/s)
MUL_MAT_VEC q6_K m=98304 n=1 k=5120: 1 x 671.37 us = 671.37 us (1499.22 GFLOPS/s)
MUL_MAT_VEC q8_0 m=5120 n=1 k=10240: 1 x 100.88 us = 100.88 us (1039.38 GFLOPS/s)
PAD: 1 x 7.08 us = 7.08 us
RMS_NORM_MUL RMS_NORM(256,24,1,1): 1 x 3.64 us = 3.64 us
RMS_NORM_MUL RMS_NORM(256,4,1,1): 1 x 3.64 us = 3.64 us
RMS_NORM_MUL RMS_NORM(5120,1,1,1): 5 x 3.728 us = 18.64 us
ROPE: 2 x 3.6 us = 7.2 us
SET_ROWS: 2 x 2.64 us = 5.28 us
SIGMOID_MUL SIGMOID: 1 x 1.68 us = 1.68 us
TOP_K K=10 (98304,1,1,1): 1 x 8.92 us = 8.92 us
Total time: 1395.93 us.
----------------
Vulkan Timings:
CONCAT: 1 x 3.76 us = 3.76 us
CONT: 1 x 3.64 us = 3.64 us
FLASH_ATTN_EXT dst(256,24,1,1),  q(256,1,24,1),  k(256,256,4,1),  v(256,256,4,1),  m(256,1,1,1): 1 x 12.76 us = 12.76 us (493.061 GFLOPS/s)
GET_ROWS: 2 x 4.28 us = 8.56 us
GLU: 1 x 1.76 us = 1.76 us
MUL_MAT f32 m=256 n=24 k=256: 1 x 1.6 us = 1.6 us (1962.24 GFLOPS/s)
MUL_MAT f32 m=64 n=16 k=64: 1 x 3.6 us = 3.6 us (36.1244 GFLOPS/s)
MUL_MAT f32 m=64 n=96 k=64: 1 x 3.6 us = 3.6 us (216.747 GFLOPS/s)
MUL_MAT_ADD MUL_MAT_VEC q6_K m=5120 n=1 k=17408: 1 x 123.32 us = 123.32 us (1445.45 GFLOPS/s)
MUL_MAT_ADD MUL_MAT_VEC q6_K m=5120 n=1 k=6144: 1 x 53.12 us = 53.12 us (1184.29 GFLOPS/s)
MUL_MAT_VEC f32 m=256 n=4 k=256: 1 x 3.04 us = 3.04 us (172.126 GFLOPS/s)
MUL_MAT_VEC q6_K m=1024 n=1 k=5120: 2 x 9.04 us = 18.08 us (1159.82 GFLOPS/s)
MUL_MAT_VEC q6_K m=12288 n=1 k=5120: 1 x 86 us = 86 us (1462.99 GFLOPS/s)
MUL_MAT_VEC q6_K m=17408 n=1 k=5120: 2 x 120.94 us = 241.88 us (1473.79 GFLOPS/s)
MUL_MAT_VEC q6_K m=98304 n=1 k=5120: 1 x 670.25 us = 670.25 us (1501.73 GFLOPS/s)
MUL_MAT_VEC q8_0 m=5120 n=1 k=10240: 1 x 101.08 us = 101.08 us (1037.32 GFLOPS/s)
PAD: 1 x 6.32 us = 6.32 us
RMS_NORM_MUL RMS_NORM(256,24,1,1): 1 x 3.6 us = 3.6 us
RMS_NORM_MUL RMS_NORM(256,4,1,1): 1 x 3.56 us = 3.56 us
RMS_NORM_MUL RMS_NORM(5120,1,1,1): 5 x 3.728 us = 18.64 us
ROPE: 2 x 3.56 us = 7.12 us
SET_ROWS: 2 x 2.64 us = 5.28 us
SIGMOID_MUL SIGMOID: 1 x 1.72 us = 1.72 us
TOP_K K=10 (98304,1,1,1): 1 x 9.08 us = 9.08 us
Total time: 1391.37 us.
----------------
Vulkan Timings:
ADD: 48 x 3.77 us = 180.96 us
CONCAT: 48 x 2.45 us = 117.64 us
CONT: 16 x 3.84 us = 61.44 us
CPY: 240 x 2.223 us = 533.72 us
FLASH_ATTN_EXT dst(256,24,5,1),  q(256,5,24,1),  k(256,256,4,1),  v(256,256,4,1),  m(256,5,1,1): 16 x 20.947 us = 335.16 us (1501.72 GFLOPS/s)
GDN_CACHE GATED_DELTA_NET: 48 x 13.924 us = 668.36 us
GET_ROWS: 50 x 26.244 us = 1312.24 us
GLU: 64 x 2.974 us = 190.36 us
MUL_MAT f32 m=256 n=120 k=256: 16 x 1.81 us = 28.96 us (8672.88 GFLOPS/s)
MUL_MAT f32 m=256 n=20 k=256: 16 x 3.12 us = 49.92 us (838.564 GFLOPS/s)
MUL_MAT f32 m=64 n=480 k=64: 16 x 3.655 us = 58.48 us (1067.43 GFLOPS/s)
MUL_MAT f32 m=64 n=80 k=64: 16 x 3.28 us = 52.48 us (198.244 GFLOPS/s)
MUL_MAT_ADD MUL_MAT_VEC q6_K m=5120 n=5 k=17408: 64 x 130.391 us = 8345.04 us (6835.31 GFLOPS/s)
MUL_MAT_ADD MUL_MAT_VEC q6_K m=5120 n=5 k=6144: 16 x 55.305 us = 884.88 us (5687.5 GFLOPS/s)
MUL_MAT_VEC f32 m=48 n=5 k=5120: 96 x 3.448 us = 331.08 us (712.536 GFLOPS/s)
MUL_MAT_VEC q6_K m=1024 n=5 k=5120: 32 x 10.795 us = 345.44 us (4856.29 GFLOPS/s)
MUL_MAT_VEC q6_K m=10240 n=5 k=5120: 48 x 82.035 us = 3937.72 us (6390.34 GFLOPS/s)
MUL_MAT_VEC q6_K m=12288 n=5 k=5120: 16 x 95.735 us = 1531.76 us (6571.1 GFLOPS/s)
MUL_MAT_VEC q6_K m=17408 n=5 k=5120: 128 x 140.988 us = 18046.5 us (6321.12 GFLOPS/s)
MUL_MAT_VEC q6_K m=248320 n=5 k=5120: 1 x 1772 us = 1772 us (7174.23 GFLOPS/s)
MUL_MAT_VEC q6_K m=6144 n=5 k=5120: 48 x 53.449 us = 2565.56 us (5884.88 GFLOPS/s)
MUL_MAT_VEC q8_0 m=5120 n=5 k=6144: 48 x 63.021 us = 3025.04 us (4991.1 GFLOPS/s)
RMS_NORM_MUL RMS_NORM(256,24,5,1): 16 x 3.835 us = 61.36 us
RMS_NORM_MUL RMS_NORM(256,4,5,1): 16 x 4.412 us = 70.6 us
RMS_NORM_MUL RMS_NORM(5120,5,1,1): 129 x 4.548 us = 586.76 us
RMS_NORM_MUL_SILU_MUL RMS_NORM(128,48,5,1): 48 x 5.656 us = 271.52 us
RMS_NORM_SCALE RMS_NORM(128,16,5,1): 96 x 2.683 us = 257.64 us
ROPE: 32 x 3.848 us = 123.16 us
SET_ROWS: 32 x 2.955 us = 94.56 us
SIGMOID_MUL SIGMOID: 16 x 3.702 us = 59.24 us
SSM_CONV_SILU SSM_CONV: 48 x 5.725 us = 274.84 us
Total time: 46174.4 us.
----------------
Vulkan Timings:
CONCAT: 1 x 4.04 us = 4.04 us
CONT: 1 x 3.76 us = 3.76 us
FLASH_ATTN_EXT dst(256,24,5,1),  q(256,5,24,1),  k(256,256,4,1),  v(256,256,4,1),  m(256,5,1,1): 1 x 20.84 us = 20.84 us (1509.47 GFLOPS/s)
GLU: 1 x 1.6 us = 1.6 us
MUL_MAT f32 m=256 n=120 k=256: 1 x 1.76 us = 1.76 us (8919.27 GFLOPS/s)
MUL_MAT f32 m=256 n=20 k=256: 1 x 3.12 us = 3.12 us (838.564 GFLOPS/s)
MUL_MAT f32 m=64 n=480 k=64: 1 x 3.72 us = 3.72 us (1048.77 GFLOPS/s)
MUL_MAT f32 m=64 n=80 k=64: 1 x 3.68 us = 3.68 us (176.696 GFLOPS/s)
MUL_MAT_ADD MUL_MAT_VEC q6_K m=5120 n=5 k=17408: 1 x 155.01 us = 155.01 us (5749.72 GFLOPS/s)
MUL_MAT_ADD MUL_MAT_VEC q6_K m=5120 n=5 k=6144: 1 x 62.4 us = 62.4 us (5040.82 GFLOPS/s)
MUL_MAT_VEC q6_K m=1024 n=5 k=5120: 2 x 9.52 us = 19.04 us (5506.69 GFLOPS/s)
MUL_MAT_VEC q6_K m=12288 n=5 k=5120: 1 x 121.83 us = 121.83 us (5163.62 GFLOPS/s)
MUL_MAT_VEC q6_K m=17408 n=5 k=5120: 2 x 135.68 us = 271.36 us (6568.42 GFLOPS/s)
MUL_MAT_VEC q8_0 m=5120 n=5 k=10240: 1 x 105.96 us = 105.96 us (4947.74 GFLOPS/s)
RMS_NORM_MUL RMS_NORM(256,24,5,1): 1 x 3.8 us = 3.8 us
RMS_NORM_MUL RMS_NORM(256,4,5,1): 1 x 3.68 us = 3.68 us
RMS_NORM_MUL RMS_NORM(5120,5,1,1): 5 x 8.26 us = 41.3 us
ROPE: 2 x 3.7 us = 7.4 us
SET_ROWS: 2 x 2.68 us = 5.36 us
SIGMOID_MUL SIGMOID: 1 x 1.72 us = 1.72 us
Total time: 841.38 us.
----------------
Vulkan Timings:
CONCAT: 1 x 3.64 us = 3.64 us
CONT: 1 x 3.52 us = 3.52 us
FLASH_ATTN_EXT dst(256,24,1,1),  q(256,1,24,1),  k(256,256,4,1),  v(256,256,4,1),  m(256,1,1,1): 1 x 12.56 us = 12.56 us (500.912 GFLOPS/s)
GET_ROWS: 2 x 4.18 us = 8.36 us
GLU: 1 x 1.6 us = 1.6 us
MUL_MAT f32 m=256 n=24 k=256: 1 x 1.56 us = 1.56 us (2012.55 GFLOPS/s)
MUL_MAT f32 m=64 n=16 k=64: 1 x 1.76 us = 1.76 us (73.8909 GFLOPS/s)
MUL_MAT f32 m=64 n=96 k=64: 1 x 3.2 us = 3.2 us (243.84 GFLOPS/s)
MUL_MAT_ADD MUL_MAT_VEC q6_K m=5120 n=1 k=17408: 1 x 130.12 us = 130.12 us (1369.91 GFLOPS/s)
MUL_MAT_ADD MUL_MAT_VEC q6_K m=5120 n=1 k=6144: 1 x 54.08 us = 54.08 us (1163.27 GFLOPS/s)
MUL_MAT_VEC f32 m=256 n=4 k=256: 1 x 3 us = 3 us (174.421 GFLOPS/s)
MUL_MAT_VEC q6_K m=1024 n=1 k=5120: 2 x 9.24 us = 18.48 us (1134.71 GFLOPS/s)
MUL_MAT_VEC q6_K m=12288 n=1 k=5120: 1 x 89.72 us = 89.72 us (1402.33 GFLOPS/s)
MUL_MAT_VEC q6_K m=17408 n=1 k=5120: 2 x 118.14 us = 236.28 us (1508.72 GFLOPS/s)
MUL_MAT_VEC q6_K m=98304 n=1 k=5120: 1 x 671.39 us = 671.39 us (1499.18 GFLOPS/s)
MUL_MAT_VEC q8_0 m=5120 n=1 k=10240: 1 x 91.32 us = 91.32 us (1148.19 GFLOPS/s)
PAD: 1 x 6.32 us = 6.32 us
RMS_NORM_MUL RMS_NORM(256,24,1,1): 1 x 3.16 us = 3.16 us
RMS_NORM_MUL RMS_NORM(256,4,1,1): 1 x 4.8 us = 4.8 us
RMS_NORM_MUL RMS_NORM(5120,1,1,1): 5 x 4.392 us = 21.96 us
ROPE: 2 x 3.28 us = 6.56 us
SET_ROWS: 2 x 2.62 us = 5.24 us
SIGMOID_MUL SIGMOID: 1 x 1.8 us = 1.8 us
TOP_K K=10 (98304,1,1,1): 1 x 9 us = 9 us
Total time: 1389.43 us.
----------------
Vulkan Timings:
CONCAT: 1 x 3.96 us = 3.96 us
CONT: 1 x 3.6 us = 3.6 us
FLASH_ATTN_EXT dst(256,24,1,1),  q(256,1,24,1),  k(256,256,4,1),  v(256,256,4,1),  m(256,1,1,1): 1 x 13 us = 13 us (483.958 GFLOPS/s)
GET_ROWS: 2 x 4.2 us = 8.4 us
GLU: 1 x 1.88 us = 1.88 us
MUL_MAT f32 m=256 n=24 k=256: 1 x 1.68 us = 1.68 us (1868.8 GFLOPS/s)
MUL_MAT f32 m=64 n=16 k=64: 1 x 3.6 us = 3.6 us (36.1244 GFLOPS/s)
MUL_MAT f32 m=64 n=96 k=64: 1 x 3.56 us = 3.56 us (219.182 GFLOPS/s)
MUL_MAT_ADD MUL_MAT_VEC q6_K m=5120 n=1 k=17408: 1 x 123.88 us = 123.88 us (1438.92 GFLOPS/s)
MUL_MAT_ADD MUL_MAT_VEC q6_K m=5120 n=1 k=6144: 1 x 53.48 us = 53.48 us (1176.32 GFLOPS/s)
MUL_MAT_VEC f32 m=256 n=4 k=256: 1 x 3 us = 3 us (174.421 GFLOPS/s)
MUL_MAT_VEC q6_K m=1024 n=1 k=5120: 2 x 9.14 us = 18.28 us (1147.13 GFLOPS/s)
MUL_MAT_VEC q6_K m=12288 n=1 k=5120: 1 x 85.92 us = 85.92 us (1464.35 GFLOPS/s)
MUL_MAT_VEC q6_K m=17408 n=1 k=5120: 2 x 121.02 us = 242.04 us (1472.82 GFLOPS/s)
MUL_MAT_VEC q6_K m=98304 n=1 k=5120: 1 x 670.18 us = 670.18 us (1501.89 GFLOPS/s)
MUL_MAT_VEC q8_0 m=5120 n=1 k=10240: 1 x 101.52 us = 101.52 us (1032.83 GFLOPS/s)
PAD: 1 x 6.36 us = 6.36 us
RMS_NORM_MUL RMS_NORM(256,24,1,1): 1 x 3.6 us = 3.6 us
RMS_NORM_MUL RMS_NORM(256,4,1,1): 1 x 3.64 us = 3.64 us
RMS_NORM_MUL RMS_NORM(5120,1,1,1): 5 x 3.76 us = 18.8 us
ROPE: 2 x 3.58 us = 7.16 us
SET_ROWS: 2 x 2.62 us = 5.24 us
SIGMOID_MUL SIGMOID: 1 x 1.64 us = 1.64 us
TOP_K K=10 (98304,1,1,1): 1 x 8.96 us = 8.96 us
Total time: 1393.38 us.
----------------
Vulkan Timings:
CONCAT: 1 x 3.72 us = 3.72 us
CONT: 1 x 3.64 us = 3.64 us
FLASH_ATTN_EXT dst(256,24,1,1),  q(256,1,24,1),  k(256,256,4,1),  v(256,256,4,1),  m(256,1,1,1): 1 x 12.96 us = 12.96 us (485.452 GFLOPS/s)
GET_ROWS: 2 x 4.18 us = 8.36 us
GLU: 1 x 1.72 us = 1.72 us
MUL_MAT f32 m=256 n=24 k=256: 1 x 1.64 us = 1.64 us (1914.38 GFLOPS/s)
MUL_MAT f32 m=64 n=16 k=64: 1 x 3.64 us = 3.64 us (35.7275 GFLOPS/s)
MUL_MAT f32 m=64 n=96 k=64: 1 x 3.6 us = 3.6 us (216.747 GFLOPS/s)
MUL_MAT_ADD MUL_MAT_VEC q6_K m=5120 n=1 k=17408: 1 x 123.88 us = 123.88 us (1438.92 GFLOPS/s)
MUL_MAT_ADD MUL_MAT_VEC q6_K m=5120 n=1 k=6144: 1 x 54.08 us = 54.08 us (1163.27 GFLOPS/s)
MUL_MAT_VEC f32 m=256 n=4 k=256: 1 x 3.04 us = 3.04 us (172.126 GFLOPS/s)
MUL_MAT_VEC q6_K m=1024 n=1 k=5120: 2 x 9.06 us = 18.12 us (1157.26 GFLOPS/s)
MUL_MAT_VEC q6_K m=12288 n=1 k=5120: 1 x 85.56 us = 85.56 us (1470.51 GFLOPS/s)
MUL_MAT_VEC q6_K m=17408 n=1 k=5120: 2 x 121.12 us = 242.24 us (1471.6 GFLOPS/s)
MUL_MAT_VEC q6_K m=98304 n=1 k=5120: 1 x 670.01 us = 670.01 us (1502.27 GFLOPS/s)
MUL_MAT_VEC q8_0 m=5120 n=1 k=10240: 1 x 100.76 us = 100.76 us (1040.62 GFLOPS/s)
PAD: 1 x 6.32 us = 6.32 us
RMS_NORM_MUL RMS_NORM(256,24,1,1): 1 x 3.6 us = 3.6 us
RMS_NORM_MUL RMS_NORM(256,4,1,1): 1 x 3.6 us = 3.6 us
RMS_NORM_MUL RMS_NORM(5120,1,1,1): 5 x 3.736 us = 18.68 us
ROPE: 2 x 3.56 us = 7.12 us
SET_ROWS: 2 x 2.64 us = 5.28 us
SIGMOID_MUL SIGMOID: 1 x 1.72 us = 1.72 us
TOP_K K=10 (98304,1,1,1): 1 x 8.76 us = 8.76 us
Total time: 1392.05 us.
----------------
Vulkan Timings:
CONCAT: 1 x 3.76 us = 3.76 us
CONT: 1 x 3.64 us = 3.64 us
FLASH_ATTN_EXT dst(256,24,1,1),  q(256,1,24,1),  k(256,256,4,1),  v(256,256,4,1),  m(256,1,1,1): 1 x 12.92 us = 12.92 us (486.955 GFLOPS/s)
GET_ROWS: 2 x 4.42 us = 8.84 us
GLU: 1 x 1.88 us = 1.88 us
MUL_MAT f32 m=256 n=24 k=256: 1 x 1.68 us = 1.68 us (1868.8 GFLOPS/s)
MUL_MAT f32 m=64 n=16 k=64: 1 x 3.6 us = 3.6 us (36.1244 GFLOPS/s)
MUL_MAT f32 m=64 n=96 k=64: 1 x 3.6 us = 3.6 us (216.747 GFLOPS/s)
MUL_MAT_ADD MUL_MAT_VEC q6_K m=5120 n=1 k=17408: 1 x 123.28 us = 123.28 us (1445.92 GFLOPS/s)
MUL_MAT_ADD MUL_MAT_VEC q6_K m=5120 n=1 k=6144: 1 x 54.6 us = 54.6 us (1152.19 GFLOPS/s)
MUL_MAT_VEC f32 m=256 n=4 k=256: 1 x 3.04 us = 3.04 us (172.126 GFLOPS/s)
MUL_MAT_VEC q6_K m=1024 n=1 k=5120: 2 x 9.16 us = 18.32 us (1144.62 GFLOPS/s)
MUL_MAT_VEC q6_K m=12288 n=1 k=5120: 1 x 85.4 us = 85.4 us (1473.27 GFLOPS/s)
MUL_MAT_VEC q6_K m=17408 n=1 k=5120: 2 x 121.46 us = 242.92 us (1467.48 GFLOPS/s)
MUL_MAT_VEC q6_K m=98304 n=1 k=5120: 1 x 670.52 us = 670.52 us (1501.13 GFLOPS/s)
MUL_MAT_VEC q8_0 m=5120 n=1 k=10240: 1 x 102.44 us = 102.44 us (1023.55 GFLOPS/s)
PAD: 1 x 7.08 us = 7.08 us
RMS_NORM_MUL RMS_NORM(256,24,1,1): 1 x 3.56 us = 3.56 us
RMS_NORM_MUL RMS_NORM(256,4,1,1): 1 x 3.64 us = 3.64 us
RMS_NORM_MUL RMS_NORM(5120,1,1,1): 5 x 3.72 us = 18.6 us
ROPE: 2 x 3.58 us = 7.16 us
SET_ROWS: 2 x 2.64 us = 5.28 us
SIGMOID_MUL SIGMOID: 1 x 1.68 us = 1.68 us
TOP_K K=10 (98304,1,1,1): 1 x 9.28 us = 9.28 us
Total time: 1396.72 us.
----------------
Vulkan Timings:
ADD: 48 x 3.785 us = 181.68 us
CONCAT: 48 x 2.425 us = 116.44 us
CONT: 16 x 3.872 us = 61.96 us
CPY: 240 x 2.254 us = 541.12 us
FLASH_ATTN_EXT dst(256,24,5,1),  q(256,5,24,1),  k(256,256,4,1),  v(256,256,4,1),  m(256,5,1,1): 16 x 21.105 us = 337.68 us (1490.51 GFLOPS/s)
GDN_CACHE GATED_DELTA_NET: 48 x 13.842 us = 664.44 us
GET_ROWS: 50 x 26.675 us = 1333.76 us
GLU: 64 x 2.684 us = 171.8 us
MUL_MAT f32 m=256 n=120 k=256: 16 x 1.83 us = 29.28 us (8578.1 GFLOPS/s)
MUL_MAT f32 m=256 n=20 k=256: 16 x 3.152 us = 50.44 us (829.919 GFLOPS/s)
MUL_MAT f32 m=64 n=480 k=64: 16 x 3.687 us = 59 us (1058.02 GFLOPS/s)
MUL_MAT f32 m=64 n=80 k=64: 16 x 3.427 us = 54.84 us (189.713 GFLOPS/s)
MUL_MAT_ADD MUL_MAT_VEC q6_K m=5120 n=5 k=17408: 64 x 131.055 us = 8387.52 us (6800.69 GFLOPS/s)
MUL_MAT_ADD MUL_MAT_VEC q6_K m=5120 n=5 k=6144: 16 x 55.187 us = 883 us (5699.61 GFLOPS/s)
MUL_MAT_VEC f32 m=48 n=5 k=5120: 96 x 3.519 us = 337.88 us (698.196 GFLOPS/s)
MUL_MAT_VEC q6_K m=1024 n=5 k=5120: 32 x 11.108 us = 355.48 us (4719.13 GFLOPS/s)
MUL_MAT_VEC q6_K m=10240 n=5 k=5120: 48 x 82.05 us = 3938.4 us (6389.24 GFLOPS/s)
MUL_MAT_VEC q6_K m=12288 n=5 k=5120: 16 x 95.215 us = 1523.44 us (6606.99 GFLOPS/s)
MUL_MAT_VEC q6_K m=17408 n=5 k=5120: 128 x 140.903 us = 18035.6 us (6324.93 GFLOPS/s)
MUL_MAT_VEC q6_K m=248320 n=5 k=5120: 1 x 1786.24 us = 1786.24 us (7117.04 GFLOPS/s)
MUL_MAT_VEC q6_K m=6144 n=5 k=5120: 48 x 53.685 us = 2576.88 us (5859.03 GFLOPS/s)
MUL_MAT_VEC q8_0 m=5120 n=5 k=6144: 48 x 63.136 us = 3030.56 us (4982.01 GFLOPS/s)
RMS_NORM_MUL RMS_NORM(256,24,5,1): 16 x 3.885 us = 62.16 us
RMS_NORM_MUL RMS_NORM(256,4,5,1): 16 x 4.38 us = 70.08 us
RMS_NORM_MUL RMS_NORM(5120,5,1,1): 129 x 4.571 us = 589.72 us
RMS_NORM_MUL_SILU_MUL RMS_NORM(128,48,5,1): 48 x 5.706 us = 273.92 us
RMS_NORM_SCALE RMS_NORM(128,16,5,1): 96 x 2.627 us = 252.2 us
ROPE: 32 x 3.893 us = 124.6 us
SET_ROWS: 32 x 3.005 us = 96.16 us
SIGMOID_MUL SIGMOID: 16 x 3.74 us = 59.84 us
SSM_CONV_SILU SSM_CONV: 48 x 5.763 us = 276.64 us
Total time: 46262.8 us.
----------------
Vulkan Timings:
CONCAT: 1 x 1.96 us = 1.96 us
CONT: 1 x 3.76 us = 3.76 us
FLASH_ATTN_EXT dst(256,24,5,1),  q(256,5,24,1),  k(256,256,4,1),  v(256,256,4,1),  m(256,5,1,1): 1 x 21.2 us = 21.2 us (1483.83 GFLOPS/s)
GLU: 1 x 1.56 us = 1.56 us
MUL_MAT f32 m=256 n=120 k=256: 1 x 1.72 us = 1.72 us (9126.7 GFLOPS/s)
MUL_MAT f32 m=256 n=20 k=256: 1 x 3.16 us = 3.16 us (827.949 GFLOPS/s)
MUL_MAT f32 m=64 n=480 k=64: 1 x 3.76 us = 3.76 us (1037.62 GFLOPS/s)
MUL_MAT f32 m=64 n=80 k=64: 1 x 3.76 us = 3.76 us (172.936 GFLOPS/s)
MUL_MAT_ADD MUL_MAT_VEC q6_K m=5120 n=5 k=17408: 1 x 154.72 us = 154.72 us (5760.5 GFLOPS/s)
MUL_MAT_ADD MUL_MAT_VEC q6_K m=5120 n=5 k=6144: 1 x 62.6 us = 62.6 us (5024.72 GFLOPS/s)
MUL_MAT_VEC q6_K m=1024 n=5 k=5120: 2 x 9.48 us = 18.96 us (5529.92 GFLOPS/s)
MUL_MAT_VEC q6_K m=12288 n=5 k=5120: 1 x 123.06 us = 123.06 us (5112.01 GFLOPS/s)
MUL_MAT_VEC q6_K m=17408 n=5 k=5120: 2 x 136.6 us = 273.2 us (6524.18 GFLOPS/s)
MUL_MAT_VEC q8_0 m=5120 n=5 k=10240: 1 x 105.44 us = 105.44 us (4972.14 GFLOPS/s)
RMS_NORM_MUL RMS_NORM(256,24,5,1): 1 x 3.92 us = 3.92 us
RMS_NORM_MUL RMS_NORM(256,4,5,1): 1 x 3.76 us = 3.76 us
RMS_NORM_MUL RMS_NORM(5120,5,1,1): 5 x 8.544 us = 42.72 us
ROPE: 2 x 3.78 us = 7.56 us
SET_ROWS: 2 x 2.76 us = 5.52 us
SIGMOID_MUL SIGMOID: 1 x 1.76 us = 1.76 us
Total time: 844.1 us.
----------------
Vulkan Timings:
CONCAT: 1 x 3.72 us = 3.72 us
CONT: 1 x 3.48 us = 3.48 us
FLASH_ATTN_EXT dst(256,24,1,1),  q(256,1,24,1),  k(256,256,4,1),  v(256,256,4,1),  m(256,1,1,1): 1 x 12.64 us = 12.64 us (497.742 GFLOPS/s)
GET_ROWS: 2 x 4.18 us = 8.36 us
GLU: 1 x 1.68 us = 1.68 us
MUL_MAT f32 m=256 n=24 k=256: 1 x 1.56 us = 1.56 us (2012.55 GFLOPS/s)
MUL_MAT f32 m=64 n=16 k=64: 1 x 1.84 us = 1.84 us (70.6783 GFLOPS/s)
MUL_MAT f32 m=64 n=96 k=64: 1 x 3.2 us = 3.2 us (243.84 GFLOPS/s)
MUL_MAT_ADD MUL_MAT_VEC q6_K m=5120 n=1 k=17408: 1 x 129.88 us = 129.88 us (1372.44 GFLOPS/s)
MUL_MAT_ADD MUL_MAT_VEC q6_K m=5120 n=1 k=6144: 1 x 53.44 us = 53.44 us (1177.2 GFLOPS/s)
MUL_MAT_VEC f32 m=256 n=4 k=256: 1 x 3.08 us = 3.08 us (169.891 GFLOPS/s)
MUL_MAT_VEC q6_K m=1024 n=1 k=5120: 2 x 8.38 us = 16.76 us (1251.16 GFLOPS/s)
MUL_MAT_VEC q6_K m=12288 n=1 k=5120: 1 x 89.96 us = 89.96 us (1398.59 GFLOPS/s)
MUL_MAT_VEC q6_K m=17408 n=1 k=5120: 2 x 118.3 us = 236.6 us (1506.68 GFLOPS/s)
MUL_MAT_VEC q6_K m=98304 n=1 k=5120: 1 x 674.21 us = 674.21 us (1492.91 GFLOPS/s)
MUL_MAT_VEC q8_0 m=5120 n=1 k=10240: 1 x 91.44 us = 91.44 us (1146.68 GFLOPS/s)
PAD: 1 x 6.32 us = 6.32 us
RMS_NORM_MUL RMS_NORM(256,24,1,1): 1 x 5.88 us = 5.88 us
RMS_NORM_MUL RMS_NORM(256,4,1,1): 1 x 4.96 us = 4.96 us
RMS_NORM_MUL RMS_NORM(5120,1,1,1): 5 x 4.376 us = 21.88 us
ROPE: 2 x 3.36 us = 6.72 us
SET_ROWS: 2 x 2.6 us = 5.2 us
SIGMOID_MUL SIGMOID: 1 x 1.56 us = 1.56 us
TOP_K K=10 (98304,1,1,1): 1 x 9.04 us = 9.04 us
Total time: 1393.41 us.
----------------
Vulkan Timings:
CONCAT: 1 x 3.76 us = 3.76 us
CONT: 1 x 3.64 us = 3.64 us
FLASH_ATTN_EXT dst(256,24,1,1),  q(256,1,24,1),  k(256,256,4,1),  v(256,256,4,1),  m(256,1,1,1): 1 x 12.8 us = 12.8 us (491.52 GFLOPS/s)
GET_ROWS: 2 x 4.16 us = 8.32 us
GLU: 1 x 1.84 us = 1.84 us
MUL_MAT f32 m=256 n=24 k=256: 1 x 1.6 us = 1.6 us (1962.24 GFLOPS/s)
MUL_MAT f32 m=64 n=16 k=64: 1 x 3.6 us = 3.6 us (36.1244 GFLOPS/s)
MUL_MAT f32 m=64 n=96 k=64: 1 x 3.6 us = 3.6 us (216.747 GFLOPS/s)
MUL_MAT_ADD MUL_MAT_VEC q6_K m=5120 n=1 k=17408: 1 x 123.72 us = 123.72 us (1440.78 GFLOPS/s)
MUL_MAT_ADD MUL_MAT_VEC q6_K m=5120 n=1 k=6144: 1 x 54.12 us = 54.12 us (1162.41 GFLOPS/s)
MUL_MAT_VEC f32 m=256 n=4 k=256: 1 x 3.04 us = 3.04 us (172.126 GFLOPS/s)
MUL_MAT_VEC q6_K m=1024 n=1 k=5120: 2 x 9.08 us = 18.16 us (1154.71 GFLOPS/s)
MUL_MAT_VEC q6_K m=12288 n=1 k=5120: 1 x 85.84 us = 85.84 us (1465.71 GFLOPS/s)
MUL_MAT_VEC q6_K m=17408 n=1 k=5120: 2 x 121.28 us = 242.56 us (1469.66 GFLOPS/s)
MUL_MAT_VEC q6_K m=98304 n=1 k=5120: 1 x 673.23 us = 673.23 us (1495.08 GFLOPS/s)
MUL_MAT_VEC q8_0 m=5120 n=1 k=10240: 1 x 100.72 us = 100.72 us (1041.03 GFLOPS/s)
PAD: 1 x 6.44 us = 6.44 us
RMS_NORM_MUL RMS_NORM(256,24,1,1): 1 x 3.6 us = 3.6 us
RMS_NORM_MUL RMS_NORM(256,4,1,1): 1 x 3.56 us = 3.56 us
RMS_NORM_MUL RMS_NORM(5120,1,1,1): 5 x 3.768 us = 18.84 us
ROPE: 2 x 3.56 us = 7.12 us
SET_ROWS: 2 x 2.62 us = 5.24 us
SIGMOID_MUL SIGMOID: 1 x 1.72 us = 1.72 us
TOP_K K=10 (98304,1,1,1): 1 x 8.16 us = 8.16 us
Total time: 1395.23 us.
----------------
Vulkan Timings:
CONCAT: 1 x 3.8 us = 3.8 us
CONT: 1 x 3.64 us = 3.64 us
FLASH_ATTN_EXT dst(256,24,1,1),  q(256,1,24,1),  k(256,256,4,1),  v(256,256,4,1),  m(256,1,1,1): 1 x 12.8 us = 12.8 us (491.52 GFLOPS/s)
GET_ROWS: 2 x 4.38 us = 8.76 us
GLU: 1 x 1.8 us = 1.8 us
MUL_MAT f32 m=256 n=24 k=256: 1 x 1.68 us = 1.68 us (1868.8 GFLOPS/s)
MUL_MAT f32 m=64 n=16 k=64: 1 x 3.6 us = 3.6 us (36.1244 GFLOPS/s)
MUL_MAT f32 m=64 n=96 k=64: 1 x 3.56 us = 3.56 us (219.182 GFLOPS/s)
MUL_MAT_ADD MUL_MAT_VEC q6_K m=5120 n=1 k=17408: 1 x 123.16 us = 123.16 us (1447.33 GFLOPS/s)
MUL_MAT_ADD MUL_MAT_VEC q6_K m=5120 n=1 k=6144: 1 x 53.28 us = 53.28 us (1180.73 GFLOPS/s)
MUL_MAT_VEC f32 m=256 n=4 k=256: 1 x 3.04 us = 3.04 us (172.126 GFLOPS/s)
MUL_MAT_VEC q6_K m=1024 n=1 k=5120: 2 x 9.02 us = 18.04 us (1162.39 GFLOPS/s)
MUL_MAT_VEC q6_K m=12288 n=1 k=5120: 1 x 85.68 us = 85.68 us (1468.45 GFLOPS/s)
MUL_MAT_VEC q6_K m=17408 n=1 k=5120: 2 x 121.06 us = 242.12 us (1472.33 GFLOPS/s)
MUL_MAT_VEC q6_K m=98304 n=1 k=5120: 1 x 674.5 us = 674.5 us (1492.27 GFLOPS/s)
MUL_MAT_VEC q8_0 m=5120 n=1 k=10240: 1 x 101.12 us = 101.12 us (1036.91 GFLOPS/s)
PAD: 1 x 6.32 us = 6.32 us
RMS_NORM_MUL RMS_NORM(256,24,1,1): 1 x 3.6 us = 3.6 us
RMS_NORM_MUL RMS_NORM(256,4,1,1): 1 x 3.64 us = 3.64 us
RMS_NORM_MUL RMS_NORM(5120,1,1,1): 5 x 3.712 us = 18.56 us
ROPE: 2 x 3.54 us = 7.08 us
SET_ROWS: 2 x 2.66 us = 5.32 us
SIGMOID_MUL SIGMOID: 1 x 1.68 us = 1.68 us
TOP_K K=10 (98304,1,1,1): 1 x 9.04 us = 9.04 us
Total time: 1395.82 us.
----------------
Vulkan Timings:
CONCAT: 1 x 4.6 us = 4.6 us
CONT: 1 x 3.6 us = 3.6 us
FLASH_ATTN_EXT dst(256,24,1,1),  q(256,1,24,1),  k(256,256,4,1),  v(256,256,4,1),  m(256,1,1,1): 1 x 12.92 us = 12.92 us (486.955 GFLOPS/s)
GET_ROWS: 2 x 4.26 us = 8.52 us
GLU: 1 x 1.72 us = 1.72 us
MUL_MAT f32 m=256 n=24 k=256: 1 x 1.64 us = 1.64 us (1914.38 GFLOPS/s)
MUL_MAT f32 m=64 n=16 k=64: 1 x 3.64 us = 3.64 us (35.7275 GFLOPS/s)
MUL_MAT f32 m=64 n=96 k=64: 1 x 3.64 us = 3.64 us (214.365 GFLOPS/s)
MUL_MAT_ADD MUL_MAT_VEC q6_K m=5120 n=1 k=17408: 1 x 122.84 us = 122.84 us (1451.1 GFLOPS/s)
MUL_MAT_ADD MUL_MAT_VEC q6_K m=5120 n=1 k=6144: 1 x 53.96 us = 53.96 us (1165.85 GFLOPS/s)
MUL_MAT_VEC f32 m=256 n=4 k=256: 1 x 3 us = 3 us (174.421 GFLOPS/s)
MUL_MAT_VEC q6_K m=1024 n=1 k=5120: 2 x 9.06 us = 18.12 us (1157.26 GFLOPS/s)
MUL_MAT_VEC q6_K m=12288 n=1 k=5120: 1 x 85.44 us = 85.44 us (1472.58 GFLOPS/s)
MUL_MAT_VEC q6_K m=17408 n=1 k=5120: 2 x 121.78 us = 243.56 us (1463.63 GFLOPS/s)
MUL_MAT_VEC q6_K m=98304 n=1 k=5120: 1 x 674.41 us = 674.41 us (1492.47 GFLOPS/s)
MUL_MAT_VEC q8_0 m=5120 n=1 k=10240: 1 x 101.04 us = 101.04 us (1037.73 GFLOPS/s)
PAD: 1 x 6.28 us = 6.28 us
RMS_NORM_MUL RMS_NORM(256,24,1,1): 1 x 3.6 us = 3.6 us
RMS_NORM_MUL RMS_NORM(256,4,1,1): 1 x 3.6 us = 3.6 us
RMS_NORM_MUL RMS_NORM(5120,1,1,1): 5 x 3.752 us = 18.76 us
ROPE: 2 x 3.62 us = 7.24 us
SET_ROWS: 2 x 2.62 us = 5.24 us
SIGMOID_MUL SIGMOID: 1 x 1.64 us = 1.64 us
TOP_K K=10 (98304,1,1,1): 1 x 8.6 us = 8.6 us
Total time: 1397.61 us.
----------------
Vulkan Timings:
ADD: 48 x 3.79 us = 181.96 us
CONCAT: 48 x 2.512 us = 120.6 us
CONT: 16 x 3.867 us = 61.88 us
CPY: 240 x 2.253 us = 540.84 us
FLASH_ATTN_EXT dst(256,24,5,1),  q(256,5,24,1),  k(256,256,4,1),  v(256,256,4,1),  m(256,5,1,1): 16 x 21.475 us = 343.6 us (1464.83 GFLOPS/s)
GDN_CACHE GATED_DELTA_NET: 48 x 13.891 us = 666.8 us
GET_ROWS: 50 x 26.546 us = 1327.32 us
GLU: 64 x 2.956 us = 189.2 us
MUL_MAT f32 m=256 n=120 k=256: 16 x 1.895 us = 30.32 us (8283.86 GFLOPS/s)
MUL_MAT f32 m=256 n=20 k=256: 16 x 2.85 us = 45.6 us (918.007 GFLOPS/s)
MUL_MAT f32 m=64 n=480 k=64: 16 x 3.672 us = 58.76 us (1062.34 GFLOPS/s)
MUL_MAT f32 m=64 n=80 k=64: 16 x 3.327 us = 53.24 us (195.414 GFLOPS/s)
MUL_MAT_ADD MUL_MAT_VEC q6_K m=5120 n=5 k=17408: 64 x 130.676 us = 8363.28 us (6820.4 GFLOPS/s)
MUL_MAT_ADD MUL_MAT_VEC q6_K m=5120 n=5 k=6144: 16 x 55.185 us = 882.96 us (5699.87 GFLOPS/s)
MUL_MAT_VEC f32 m=48 n=5 k=5120: 96 x 3.468 us = 333 us (708.428 GFLOPS/s)
MUL_MAT_VEC q6_K m=1024 n=5 k=5120: 32 x 10.877 us = 348.08 us (4819.46 GFLOPS/s)
MUL_MAT_VEC q6_K m=10240 n=5 k=5120: 48 x 82.001 us = 3936.08 us (6393 GFLOPS/s)
MUL_MAT_VEC q6_K m=12288 n=5 k=5120: 16 x 95.64 us = 1530.24 us (6577.63 GFLOPS/s)
MUL_MAT_VEC q6_K m=17408 n=5 k=5120: 128 x 141.093 us = 18059.9 us (6316.41 GFLOPS/s)
MUL_MAT_VEC q6_K m=248320 n=5 k=5120: 1 x 1776.16 us = 1776.16 us (7157.43 GFLOPS/s)
MUL_MAT_VEC q6_K m=6144 n=5 k=5120: 48 x 53.628 us = 2574.16 us (5865.22 GFLOPS/s)
MUL_MAT_VEC q8_0 m=5120 n=5 k=6144: 48 x 63.159 us = 3031.64 us (4980.23 GFLOPS/s)
RMS_NORM_MUL RMS_NORM(256,24,5,1): 16 x 3.772 us = 60.36 us
RMS_NORM_MUL RMS_NORM(256,4,5,1): 16 x 4.47 us = 71.52 us
RMS_NORM_MUL RMS_NORM(5120,5,1,1): 129 x 4.587 us = 591.84 us
RMS_NORM_MUL_SILU_MUL RMS_NORM(128,48,5,1): 48 x 5.701 us = 273.68 us
RMS_NORM_SCALE RMS_NORM(128,16,5,1): 96 x 2.726 us = 261.76 us
ROPE: 32 x 3.9 us = 124.8 us
SET_ROWS: 32 x 2.951 us = 94.44 us
SIGMOID_MUL SIGMOID: 16 x 3.735 us = 59.76 us
SSM_CONV_SILU SSM_CONV: 48 x 5.599 us = 268.76 us
Total time: 46262.6 us.
----------------
Vulkan Timings:
CONCAT: 1 x 1.96 us = 1.96 us
CONT: 1 x 3.8 us = 3.8 us
FLASH_ATTN_EXT dst(256,24,5,1),  q(256,5,24,1),  k(256,256,4,1),  v(256,256,4,1),  m(256,5,1,1): 1 x 21.24 us = 21.24 us (1481.04 GFLOPS/s)
GLU: 1 x 1.56 us = 1.56 us
MUL_MAT f32 m=256 n=120 k=256: 1 x 1.72 us = 1.72 us (9126.7 GFLOPS/s)
MUL_MAT f32 m=256 n=20 k=256: 1 x 3.16 us = 3.16 us (827.949 GFLOPS/s)
MUL_MAT f32 m=64 n=480 k=64: 1 x 3.8 us = 3.8 us (1026.69 GFLOPS/s)
MUL_MAT f32 m=64 n=80 k=64: 1 x 3.68 us = 3.68 us (176.696 GFLOPS/s)
MUL_MAT_ADD MUL_MAT_VEC q6_K m=5120 n=5 k=17408: 1 x 229.52 us = 229.52 us (3883.16 GFLOPS/s)
MUL_MAT_ADD MUL_MAT_VEC q6_K m=5120 n=5 k=6144: 1 x 62.4 us = 62.4 us (5040.82 GFLOPS/s)
MUL_MAT_VEC q6_K m=1024 n=5 k=5120: 2 x 8.86 us = 17.72 us (5916.89 GFLOPS/s)
MUL_MAT_VEC q6_K m=12288 n=5 k=5120: 1 x 125.3 us = 125.3 us (5020.62 GFLOPS/s)
MUL_MAT_VEC q6_K m=17408 n=5 k=5120: 2 x 136.84 us = 273.68 us (6512.73 GFLOPS/s)
MUL_MAT_VEC q8_0 m=5120 n=5 k=10240: 1 x 106.8 us = 106.8 us (4908.82 GFLOPS/s)
RMS_NORM_MUL RMS_NORM(256,24,5,1): 1 x 3.84 us = 3.84 us
RMS_NORM_MUL RMS_NORM(256,4,5,1): 1 x 3.72 us = 3.72 us
RMS_NORM_MUL RMS_NORM(5120,5,1,1): 5 x 8.748 us = 43.74 us
ROPE: 2 x 3.72 us = 7.44 us
SET_ROWS: 2 x 2.72 us = 5.44 us
SIGMOID_MUL SIGMOID: 1 x 1.8 us = 1.8 us
Total time: 922.32 us.
----------------
Vulkan Timings:
CONCAT: 1 x 3.64 us = 3.64 us
CONT: 1 x 3.48 us = 3.48 us
FLASH_ATTN_EXT dst(256,24,1,1),  q(256,1,24,1),  k(256,256,4,1),  v(256,256,4,1),  m(256,1,1,1): 1 x 12.56 us = 12.56 us (500.912 GFLOPS/s)
GET_ROWS: 2 x 4.28 us = 8.56 us
GLU: 1 x 1.56 us = 1.56 us
MUL_MAT f32 m=256 n=24 k=256: 1 x 1.52 us = 1.52 us (2065.52 GFLOPS/s)
MUL_MAT f32 m=64 n=16 k=64: 1 x 1.8 us = 1.8 us (72.2489 GFLOPS/s)
MUL_MAT f32 m=64 n=96 k=64: 1 x 3.24 us = 3.24 us (240.83 GFLOPS/s)
MUL_MAT_ADD MUL_MAT_VEC q6_K m=5120 n=1 k=17408: 1 x 129.92 us = 129.92 us (1372.02 GFLOPS/s)
MUL_MAT_ADD MUL_MAT_VEC q6_K m=5120 n=1 k=6144: 1 x 53.96 us = 53.96 us (1165.85 GFLOPS/s)
MUL_MAT_VEC f32 m=256 n=4 k=256: 1 x 3.04 us = 3.04 us (172.126 GFLOPS/s)
MUL_MAT_VEC q6_K m=1024 n=1 k=5120: 2 x 6.12 us = 12.24 us (1713.19 GFLOPS/s)
MUL_MAT_VEC q6_K m=12288 n=1 k=5120: 1 x 97.68 us = 97.68 us (1288.05 GFLOPS/s)
MUL_MAT_VEC q6_K m=17408 n=1 k=5120: 2 x 118.2 us = 236.4 us (1507.96 GFLOPS/s)
MUL_MAT_VEC q6_K m=98304 n=1 k=5120: 1 x 674.56 us = 674.56 us (1492.14 GFLOPS/s)
MUL_MAT_VEC q8_0 m=5120 n=1 k=10240: 1 x 94.6 us = 94.6 us (1108.38 GFLOPS/s)
PAD: 1 x 6.16 us = 6.16 us
RMS_NORM_MUL RMS_NORM(256,24,1,1): 1 x 3.2 us = 3.2 us
RMS_NORM_MUL RMS_NORM(256,4,1,1): 1 x 4.84 us = 4.84 us
RMS_NORM_MUL RMS_NORM(5120,1,1,1): 5 x 4.112 us = 20.56 us
ROPE: 2 x 3.3 us = 6.6 us
SET_ROWS: 2 x 2.58 us = 5.16 us
SIGMOID_MUL SIGMOID: 1 x 1.56 us = 1.56 us
TOP_K K=10 (98304,1,1,1): 1 x 8.56 us = 8.56 us
Total time: 1395.4 us.
----------------
Vulkan Timings:
CONCAT: 1 x 3.76 us = 3.76 us
CONT: 1 x 3.64 us = 3.64 us
FLASH_ATTN_EXT dst(256,24,1,1),  q(256,1,24,1),  k(256,256,4,1),  v(256,256,4,1),  m(256,1,1,1): 1 x 12.92 us = 12.92 us (486.955 GFLOPS/s)
GET_ROWS: 2 x 6.34 us = 12.68 us
GLU: 1 x 1.88 us = 1.88 us
MUL_MAT f32 m=256 n=24 k=256: 1 x 1.68 us = 1.68 us (1868.8 GFLOPS/s)
MUL_MAT f32 m=64 n=16 k=64: 1 x 3.6 us = 3.6 us (36.1244 GFLOPS/s)
MUL_MAT f32 m=64 n=96 k=64: 1 x 3.64 us = 3.64 us (214.365 GFLOPS/s)
MUL_MAT_ADD MUL_MAT_VEC q6_K m=5120 n=1 k=17408: 1 x 124.32 us = 124.32 us (1433.82 GFLOPS/s)
MUL_MAT_ADD MUL_MAT_VEC q6_K m=5120 n=1 k=6144: 1 x 53.8 us = 53.8 us (1169.32 GFLOPS/s)
MUL_MAT_VEC f32 m=256 n=4 k=256: 1 x 3.04 us = 3.04 us (172.126 GFLOPS/s)
MUL_MAT_VEC q6_K m=1024 n=1 k=5120: 2 x 9.18 us = 18.36 us (1142.13 GFLOPS/s)
MUL_MAT_VEC q6_K m=12288 n=1 k=5120: 1 x 86.44 us = 86.44 us (1455.54 GFLOPS/s)
MUL_MAT_VEC q6_K m=17408 n=1 k=5120: 2 x 121.58 us = 243.16 us (1466.03 GFLOPS/s)
MUL_MAT_VEC q6_K m=98304 n=1 k=5120: 1 x 694.4 us = 694.4 us (1449.5 GFLOPS/s)
MUL_MAT_VEC q8_0 m=5120 n=1 k=10240: 1 x 102.04 us = 102.04 us (1027.56 GFLOPS/s)
PAD: 1 x 5 us = 5 us
RMS_NORM_MUL RMS_NORM(256,24,1,1): 1 x 3.56 us = 3.56 us
RMS_NORM_MUL RMS_NORM(256,4,1,1): 1 x 3.64 us = 3.64 us
RMS_NORM_MUL RMS_NORM(5120,1,1,1): 5 x 3.752 us = 18.76 us
ROPE: 2 x 3.6 us = 7.2 us
SET_ROWS: 2 x 2.64 us = 5.28 us
SIGMOID_MUL SIGMOID: 1 x 1.68 us = 1.68 us
TOP_K K=10 (98304,1,1,1): 1 x 8.84 us = 8.84 us
Total time: 1423.32 us.
----------------
Vulkan Timings:
CONCAT: 1 x 3.76 us = 3.76 us
CONT: 1 x 3.6 us = 3.6 us
FLASH_ATTN_EXT dst(256,24,1,1),  q(256,1,24,1),  k(256,256,4,1),  v(256,256,4,1),  m(256,1,1,1): 1 x 12.92 us = 12.92 us (486.955 GFLOPS/s)
GET_ROWS: 2 x 4.28 us = 8.56 us
GLU: 1 x 1.84 us = 1.84 us
MUL_MAT f32 m=256 n=24 k=256: 1 x 1.64 us = 1.64 us (1914.38 GFLOPS/s)
MUL_MAT f32 m=64 n=16 k=64: 1 x 3.64 us = 3.64 us (35.7275 GFLOPS/s)
MUL_MAT f32 m=64 n=96 k=64: 1 x 3.64 us = 3.64 us (214.365 GFLOPS/s)
MUL_MAT_ADD MUL_MAT_VEC q6_K m=5120 n=1 k=17408: 1 x 124.6 us = 124.6 us (1430.6 GFLOPS/s)
MUL_MAT_ADD MUL_MAT_VEC q6_K m=5120 n=1 k=6144: 1 x 53.6 us = 53.6 us (1173.68 GFLOPS/s)
MUL_MAT_VEC f32 m=256 n=4 k=256: 1 x 3.04 us = 3.04 us (172.126 GFLOPS/s)
MUL_MAT_VEC q6_K m=1024 n=1 k=5120: 2 x 8.44 us = 16.88 us (1242.27 GFLOPS/s)
MUL_MAT_VEC q6_K m=12288 n=1 k=5120: 1 x 85.4 us = 85.4 us (1473.27 GFLOPS/s)
MUL_MAT_VEC q6_K m=17408 n=1 k=5120: 2 x 121 us = 242 us (1473.06 GFLOPS/s)
MUL_MAT_VEC q6_K m=98304 n=1 k=5120: 1 x 672.89 us = 672.89 us (1495.84 GFLOPS/s)
MUL_MAT_VEC q8_0 m=5120 n=1 k=10240: 1 x 101.48 us = 101.48 us (1033.23 GFLOPS/s)
PAD: 1 x 6.36 us = 6.36 us
RMS_NORM_MUL RMS_NORM(256,24,1,1): 1 x 5.36 us = 5.36 us
RMS_NORM_MUL RMS_NORM(256,4,1,1): 1 x 3.6 us = 3.6 us
RMS_NORM_MUL RMS_NORM(5120,1,1,1): 5 x 3.68 us = 18.4 us
ROPE: 2 x 3.6 us = 7.2 us
SET_ROWS: 2 x 2.62 us = 5.24 us
SIGMOID_MUL SIGMOID: 1 x 1.68 us = 1.68 us
TOP_K K=10 (98304,1,1,1): 1 x 8.96 us = 8.96 us
Total time: 1396.29 us.
----------------
Vulkan Timings:
CONCAT: 1 x 3.72 us = 3.72 us
CONT: 1 x 3.64 us = 3.64 us
FLASH_ATTN_EXT dst(256,24,1,1),  q(256,1,24,1),  k(256,256,4,1),  v(256,256,4,1),  m(256,1,1,1): 1 x 12.96 us = 12.96 us (485.452 GFLOPS/s)
GET_ROWS: 2 x 4.2 us = 8.4 us
GLU: 1 x 1.84 us = 1.84 us
MUL_MAT f32 m=256 n=24 k=256: 1 x 1.64 us = 1.64 us (1914.38 GFLOPS/s)
MUL_MAT f32 m=64 n=16 k=64: 1 x 3.6 us = 3.6 us (36.1244 GFLOPS/s)
MUL_MAT f32 m=64 n=96 k=64: 1 x 3.64 us = 3.64 us (214.365 GFLOPS/s)
MUL_MAT_ADD MUL_MAT_VEC q6_K m=5120 n=1 k=17408: 1 x 123.76 us = 123.76 us (1440.31 GFLOPS/s)
MUL_MAT_ADD MUL_MAT_VEC q6_K m=5120 n=1 k=6144: 1 x 54.04 us = 54.04 us (1164.13 GFLOPS/s)
MUL_MAT_VEC f32 m=256 n=4 k=256: 1 x 3 us = 3 us (174.421 GFLOPS/s)
MUL_MAT_VEC q6_K m=1024 n=1 k=5120: 2 x 9.24 us = 18.48 us (1134.71 GFLOPS/s)
MUL_MAT_VEC q6_K m=12288 n=1 k=5120: 1 x 85.6 us = 85.6 us (1469.82 GFLOPS/s)
MUL_MAT_VEC q6_K m=17408 n=1 k=5120: 2 x 121.36 us = 242.72 us (1468.69 GFLOPS/s)
MUL_MAT_VEC q6_K m=98304 n=1 k=5120: 1 x 674.06 us = 674.06 us (1493.24 GFLOPS/s)
MUL_MAT_VEC q8_0 m=5120 n=1 k=10240: 1 x 101.2 us = 101.2 us (1036.09 GFLOPS/s)
PAD: 1 x 6.28 us = 6.28 us
RMS_NORM_MUL RMS_NORM(256,24,1,1): 1 x 3.6 us = 3.6 us
RMS_NORM_MUL RMS_NORM(256,4,1,1): 1 x 3.56 us = 3.56 us
RMS_NORM_MUL RMS_NORM(5120,1,1,1): 5 x 3.776 us = 18.88 us
ROPE: 2 x 3.58 us = 7.16 us
SET_ROWS: 2 x 2.64 us = 5.28 us
SIGMOID_MUL SIGMOID: 1 x 1.68 us = 1.68 us
TOP_K K=10 (98304,1,1,1): 1 x 8.56 us = 8.56 us
Total time: 1397.3 us.
----------------
Vulkan Timings:
ADD: 48 x 3.763 us = 180.64 us
CONCAT: 48 x 2.438 us = 117.04 us
CONT: 16 x 3.827 us = 61.24 us
CPY: 240 x 2.217 us = 532.08 us
FLASH_ATTN_EXT dst(256,24,5,1),  q(256,5,24,1),  k(256,256,4,1),  v(256,256,4,1),  m(256,5,1,1): 16 x 21.192 us = 339.08 us (1484.36 GFLOPS/s)
GDN_CACHE GATED_DELTA_NET: 48 x 14.007 us = 672.36 us
GET_ROWS: 50 x 25.859 us = 1292.96 us
GLU: 64 x 2.958 us = 189.36 us
MUL_MAT f32 m=256 n=120 k=256: 16 x 1.875 us = 30 us (8372.22 GFLOPS/s)
MUL_MAT f32 m=256 n=20 k=256: 16 x 2.817 us = 45.08 us (928.596 GFLOPS/s)
MUL_MAT f32 m=64 n=480 k=64: 16 x 3.64 us = 58.24 us (1071.82 GFLOPS/s)
MUL_MAT f32 m=64 n=80 k=64: 16 x 3.285 us = 52.56 us (197.942 GFLOPS/s)
MUL_MAT_ADD MUL_MAT_VEC q6_K m=5120 n=5 k=17408: 64 x 130.496 us = 8351.76 us (6829.81 GFLOPS/s)
MUL_MAT_ADD MUL_MAT_VEC q6_K m=5120 n=5 k=6144: 16 x 54.992 us = 879.88 us (5719.82 GFLOPS/s)
MUL_MAT_VEC f32 m=48 n=5 k=5120: 96 x 3.472 us = 333.4 us (707.578 GFLOPS/s)
MUL_MAT_VEC q6_K m=1024 n=5 k=5120: 32 x 10.77 us = 344.64 us (4867.57 GFLOPS/s)
MUL_MAT_VEC q6_K m=10240 n=5 k=5120: 48 x 81.977 us = 3934.92 us (6394.89 GFLOPS/s)
MUL_MAT_VEC q6_K m=12288 n=5 k=5120: 16 x 95.577 us = 1529.24 us (6581.93 GFLOPS/s)
MUL_MAT_VEC q6_K m=17408 n=5 k=5120: 128 x 141.182 us = 18071.4 us (6312.42 GFLOPS/s)
MUL_MAT_VEC q6_K m=248320 n=5 k=5120: 1 x 1776.8 us = 1776.8 us (7154.85 GFLOPS/s)
MUL_MAT_VEC q6_K m=6144 n=5 k=5120: 48 x 53.448 us = 2565.52 us (5884.97 GFLOPS/s)
MUL_MAT_VEC q8_0 m=5120 n=5 k=6144: 48 x 63.075 us = 3027.6 us (4986.88 GFLOPS/s)
RMS_NORM_MUL RMS_NORM(256,24,5,1): 16 x 3.725 us = 59.6 us
RMS_NORM_MUL RMS_NORM(256,4,5,1): 16 x 4.412 us = 70.6 us
RMS_NORM_MUL RMS_NORM(5120,5,1,1): 129 x 4.543 us = 586.08 us
RMS_NORM_MUL_SILU_MUL RMS_NORM(128,48,5,1): 48 x 5.653 us = 271.36 us
RMS_NORM_SCALE RMS_NORM(128,16,5,1): 96 x 2.677 us = 257 us
ROPE: 32 x 3.851 us = 123.24 us
SET_ROWS: 32 x 2.99 us = 95.68 us
SIGMOID_MUL SIGMOID: 16 x 3.677 us = 58.84 us
SSM_CONV_SILU SSM_CONV: 48 x 5.65 us = 271.2 us
Total time: 46179.4 us.
----------------
Vulkan Timings:
CONCAT: 1 x 4 us = 4 us
CONT: 1 x 3.72 us = 3.72 us
FLASH_ATTN_EXT dst(256,24,5,1),  q(256,5,24,1),  k(256,256,4,1),  v(256,256,4,1),  m(256,5,1,1): 1 x 21.04 us = 21.04 us (1495.12 GFLOPS/s)
GLU: 1 x 1.72 us = 1.72 us
MUL_MAT f32 m=256 n=120 k=256: 1 x 1.76 us = 1.76 us (8919.27 GFLOPS/s)
MUL_MAT f32 m=256 n=20 k=256: 1 x 3.08 us = 3.08 us (849.455 GFLOPS/s)
MUL_MAT f32 m=64 n=480 k=64: 1 x 3.68 us = 3.68 us (1060.17 GFLOPS/s)
MUL_MAT f32 m=64 n=80 k=64: 1 x 3.68 us = 3.68 us (176.696 GFLOPS/s)
MUL_MAT_ADD MUL_MAT_VEC q6_K m=5120 n=5 k=17408: 1 x 155.34 us = 155.34 us (5737.5 GFLOPS/s)
MUL_MAT_ADD MUL_MAT_VEC q6_K m=5120 n=5 k=6144: 1 x 61.92 us = 61.92 us (5079.9 GFLOPS/s)
MUL_MAT_VEC q6_K m=1024 n=5 k=5120: 2 x 8.98 us = 17.96 us (5837.83 GFLOPS/s)
MUL_MAT_VEC q6_K m=12288 n=5 k=5120: 1 x 123.43 us = 123.43 us (5096.69 GFLOPS/s)
MUL_MAT_VEC q6_K m=17408 n=5 k=5120: 2 x 135.82 us = 271.64 us (6561.64 GFLOPS/s)
MUL_MAT_VEC q8_0 m=5120 n=5 k=10240: 1 x 106.36 us = 106.36 us (4929.13 GFLOPS/s)
RMS_NORM_MUL RMS_NORM(256,24,5,1): 1 x 3.84 us = 3.84 us
RMS_NORM_MUL RMS_NORM(256,4,5,1): 1 x 3.72 us = 3.72 us
RMS_NORM_MUL RMS_NORM(5120,5,1,1): 5 x 8.258 us = 41.29 us
ROPE: 2 x 3.66 us = 7.32 us
SET_ROWS: 2 x 2.68 us = 5.36 us
SIGMOID_MUL SIGMOID: 1 x 1.72 us = 1.72 us
Total time: 842.58 us.
----------------
Vulkan Timings:
CONCAT: 1 x 1.56 us = 1.56 us
CONT: 1 x 3.48 us = 3.48 us
FLASH_ATTN_EXT dst(256,24,1,1),  q(256,1,24,1),  k(256,256,4,1),  v(256,256,4,1),  m(256,1,1,1): 1 x 12.68 us = 12.68 us (496.172 GFLOPS/s)
GET_ROWS: 2 x 4.44 us = 8.88 us
GLU: 1 x 1.68 us = 1.68 us
MUL_MAT f32 m=256 n=24 k=256: 1 x 1.52 us = 1.52 us (2065.52 GFLOPS/s)
MUL_MAT f32 m=64 n=16 k=64: 1 x 1.76 us = 1.76 us (73.8909 GFLOPS/s)
MUL_MAT f32 m=64 n=96 k=64: 1 x 3.2 us = 3.2 us (243.84 GFLOPS/s)
MUL_MAT_ADD MUL_MAT_VEC q6_K m=5120 n=1 k=17408: 1 x 129.6 us = 129.6 us (1375.41 GFLOPS/s)
MUL_MAT_ADD MUL_MAT_VEC q6_K m=5120 n=1 k=6144: 1 x 54.32 us = 54.32 us (1158.13 GFLOPS/s)
MUL_MAT_VEC f32 m=256 n=4 k=256: 1 x 3.04 us = 3.04 us (172.126 GFLOPS/s)
MUL_MAT_VEC q6_K m=1024 n=1 k=5120: 2 x 9.22 us = 18.44 us (1137.17 GFLOPS/s)
MUL_MAT_VEC q6_K m=12288 n=1 k=5120: 1 x 89.6 us = 89.6 us (1404.21 GFLOPS/s)
MUL_MAT_VEC q6_K m=17408 n=1 k=5120: 2 x 118.3 us = 236.6 us (1506.68 GFLOPS/s)
MUL_MAT_VEC q6_K m=98304 n=1 k=5120: 1 x 673.4 us = 673.4 us (1494.71 GFLOPS/s)
MUL_MAT_VEC q8_0 m=5120 n=1 k=10240: 1 x 91.36 us = 91.36 us (1147.68 GFLOPS/s)
PAD: 1 x 6.32 us = 6.32 us
RMS_NORM_MUL RMS_NORM(256,24,1,1): 1 x 3.16 us = 3.16 us
RMS_NORM_MUL RMS_NORM(256,4,1,1): 1 x 4.84 us = 4.84 us
RMS_NORM_MUL RMS_NORM(5120,1,1,1): 5 x 4.752 us = 23.76 us
ROPE: 2 x 3.32 us = 6.64 us
SET_ROWS: 2 x 2.62 us = 5.24 us
SIGMOID_MUL SIGMOID: 1 x 1.48 us = 1.48 us
TOP_K K=10 (98304,1,1,1): 1 x 9 us = 9 us
Total time: 1391.56 us.
----------------
Vulkan Timings:
CONCAT: 1 x 3.76 us = 3.76 us
CONT: 1 x 3.6 us = 3.6 us
FLASH_ATTN_EXT dst(256,24,1,1),  q(256,1,24,1),  k(256,256,4,1),  v(256,256,4,1),  m(256,1,1,1): 1 x 13.04 us = 13.04 us (482.474 GFLOPS/s)
GET_ROWS: 2 x 4.36 us = 8.72 us
GLU: 1 x 2 us = 2 us
MUL_MAT f32 m=256 n=24 k=256: 1 x 1.64 us = 1.64 us (1914.38 GFLOPS/s)
MUL_MAT f32 m=64 n=16 k=64: 1 x 3.64 us = 3.64 us (35.7275 GFLOPS/s)
MUL_MAT f32 m=64 n=96 k=64: 1 x 3.6 us = 3.6 us (216.747 GFLOPS/s)
MUL_MAT_ADD MUL_MAT_VEC q6_K m=5120 n=1 k=17408: 1 x 123.4 us = 123.4 us (1444.51 GFLOPS/s)
MUL_MAT_ADD MUL_MAT_VEC q6_K m=5120 n=1 k=6144: 1 x 53.96 us = 53.96 us (1165.85 GFLOPS/s)
MUL_MAT_VEC f32 m=256 n=4 k=256: 1 x 3.04 us = 3.04 us (172.126 GFLOPS/s)
MUL_MAT_VEC q6_K m=1024 n=1 k=5120: 2 x 9.14 us = 18.28 us (1147.13 GFLOPS/s)
MUL_MAT_VEC q6_K m=12288 n=1 k=5120: 1 x 85.48 us = 85.48 us (1471.89 GFLOPS/s)
MUL_MAT_VEC q6_K m=17408 n=1 k=5120: 2 x 121.2 us = 242.4 us (1470.63 GFLOPS/s)
MUL_MAT_VEC q6_K m=98304 n=1 k=5120: 1 x 673.72 us = 673.72 us (1494 GFLOPS/s)
MUL_MAT_VEC q8_0 m=5120 n=1 k=10240: 1 x 101 us = 101 us (1038.14 GFLOPS/s)
PAD: 1 x 6.32 us = 6.32 us
RMS_NORM_MUL RMS_NORM(256,24,1,1): 1 x 3.6 us = 3.6 us
RMS_NORM_MUL RMS_NORM(256,4,1,1): 1 x 3.6 us = 3.6 us
RMS_NORM_MUL RMS_NORM(5120,1,1,1): 5 x 3.776 us = 18.88 us
ROPE: 2 x 3.62 us = 7.24 us
SET_ROWS: 2 x 2.68 us = 5.36 us
SIGMOID_MUL SIGMOID: 1 x 1.68 us = 1.68 us
TOP_K K=10 (98304,1,1,1): 1 x 9.04 us = 9.04 us
Total time: 1397 us.
----------------
Vulkan Timings:
CONCAT: 1 x 3.76 us = 3.76 us
CONT: 1 x 3.68 us = 3.68 us
FLASH_ATTN_EXT dst(256,24,1,1),  q(256,1,24,1),  k(256,256,4,1),  v(256,256,4,1),  m(256,1,1,1): 1 x 12.92 us = 12.92 us (486.955 GFLOPS/s)
GET_ROWS: 2 x 4.18 us = 8.36 us
GLU: 1 x 1.72 us = 1.72 us
MUL_MAT f32 m=256 n=24 k=256: 1 x 1.64 us = 1.64 us (1914.38 GFLOPS/s)
MUL_MAT f32 m=64 n=16 k=64: 1 x 3.6 us = 3.6 us (36.1244 GFLOPS/s)
MUL_MAT f32 m=64 n=96 k=64: 1 x 3.64 us = 3.64 us (214.365 GFLOPS/s)
MUL_MAT_ADD MUL_MAT_VEC q6_K m=5120 n=1 k=17408: 1 x 123.36 us = 123.36 us (1444.98 GFLOPS/s)
MUL_MAT_ADD MUL_MAT_VEC q6_K m=5120 n=1 k=6144: 1 x 54.04 us = 54.04 us (1164.13 GFLOPS/s)
MUL_MAT_VEC f32 m=256 n=4 k=256: 1 x 3 us = 3 us (174.421 GFLOPS/s)
MUL_MAT_VEC q6_K m=1024 n=1 k=5120: 2 x 9.1 us = 18.2 us (1152.17 GFLOPS/s)
MUL_MAT_VEC q6_K m=12288 n=1 k=5120: 1 x 85.72 us = 85.72 us (1467.77 GFLOPS/s)
MUL_MAT_VEC q6_K m=17408 n=1 k=5120: 2 x 120.88 us = 241.76 us (1474.52 GFLOPS/s)
MUL_MAT_VEC q6_K m=98304 n=1 k=5120: 1 x 673.71 us = 673.71 us (1494.02 GFLOPS/s)
MUL_MAT_VEC q8_0 m=5120 n=1 k=10240: 1 x 101.08 us = 101.08 us (1037.32 GFLOPS/s)
PAD: 1 x 6.36 us = 6.36 us
RMS_NORM_MUL RMS_NORM(256,24,1,1): 1 x 3.56 us = 3.56 us
RMS_NORM_MUL RMS_NORM(256,4,1,1): 1 x 3.6 us = 3.6 us
RMS_NORM_MUL RMS_NORM(5120,1,1,1): 5 x 3.744 us = 18.72 us
ROPE: 2 x 3.58 us = 7.16 us
SET_ROWS: 2 x 2.66 us = 5.32 us
SIGMOID_MUL SIGMOID: 1 x 1.72 us = 1.72 us
TOP_K K=10 (98304,1,1,1): 1 x 8.68 us = 8.68 us
Total time: 1395.31 us.
----------------
Vulkan Timings:
CONCAT: 1 x 3.8 us = 3.8 us
CONT: 1 x 3.6 us = 3.6 us
FLASH_ATTN_EXT dst(256,24,1,1),  q(256,1,24,1),  k(256,256,4,1),  v(256,256,4,1),  m(256,1,1,1): 1 x 12.96 us = 12.96 us (485.452 GFLOPS/s)
GET_ROWS: 2 x 4.2 us = 8.4 us
GLU: 1 x 1.8 us = 1.8 us
MUL_MAT f32 m=256 n=24 k=256: 1 x 1.64 us = 1.64 us (1914.38 GFLOPS/s)
MUL_MAT f32 m=64 n=16 k=64: 1 x 3.64 us = 3.64 us (35.7275 GFLOPS/s)
MUL_MAT f32 m=64 n=96 k=64: 1 x 3.56 us = 3.56 us (219.182 GFLOPS/s)
MUL_MAT_ADD MUL_MAT_VEC q6_K m=5120 n=1 k=17408: 1 x 123 us = 123 us (1449.21 GFLOPS/s)
MUL_MAT_ADD MUL_MAT_VEC q6_K m=5120 n=1 k=6144: 1 x 53.96 us = 53.96 us (1165.85 GFLOPS/s)
MUL_MAT_VEC f32 m=256 n=4 k=256: 1 x 3.04 us = 3.04 us (172.126 GFLOPS/s)
MUL_MAT_VEC q6_K m=1024 n=1 k=5120: 2 x 8.38 us = 16.76 us (1251.16 GFLOPS/s)
MUL_MAT_VEC q6_K m=12288 n=1 k=5120: 1 x 85.72 us = 85.72 us (1467.77 GFLOPS/s)
MUL_MAT_VEC q6_K m=17408 n=1 k=5120: 2 x 121.12 us = 242.24 us (1471.6 GFLOPS/s)
MUL_MAT_VEC q6_K m=98304 n=1 k=5120: 1 x 674.22 us = 674.22 us (1492.89 GFLOPS/s)
MUL_MAT_VEC q8_0 m=5120 n=1 k=10240: 1 x 100.84 us = 100.84 us (1039.79 GFLOPS/s)
PAD: 1 x 6.28 us = 6.28 us
RMS_NORM_MUL RMS_NORM(256,24,1,1): 1 x 5.36 us = 5.36 us
RMS_NORM_MUL RMS_NORM(256,4,1,1): 1 x 3.6 us = 3.6 us
RMS_NORM_MUL RMS_NORM(5120,1,1,1): 5 x 3.768 us = 18.84 us
ROPE: 2 x 3.56 us = 7.12 us
SET_ROWS: 2 x 2.66 us = 5.32 us
SIGMOID_MUL SIGMOID: 1 x 1.64 us = 1.64 us
TOP_K K=10 (98304,1,1,1): 1 x 9.04 us = 9.04 us
Total time: 1396.38 us.
----------------
Vulkan Timings:
ADD: 48 x 3.756 us = 180.32 us
CONCAT: 48 x 2.489 us = 119.48 us
CONT: 16 x 3.825 us = 61.2 us
CPY: 240 x 2.2 us = 528.16 us
FLASH_ATTN_EXT dst(256,24,5,1),  q(256,5,24,1),  k(256,256,4,1),  v(256,256,4,1),  m(256,5,1,1): 16 x 21.077 us = 337.24 us (1492.46 GFLOPS/s)
GDN_CACHE GATED_DELTA_NET: 48 x 13.945 us = 669.4 us
GET_ROWS: 50 x 25.897 us = 1294.88 us
GLU: 64 x 3.001 us = 192.12 us
MUL_MAT f32 m=256 n=120 k=256: 16 x 1.84 us = 29.44 us (8531.48 GFLOPS/s)
MUL_MAT f32 m=256 n=20 k=256: 16 x 2.967 us = 47.48 us (881.658 GFLOPS/s)
MUL_MAT f32 m=64 n=480 k=64: 16 x 3.625 us = 58 us (1076.26 GFLOPS/s)
MUL_MAT f32 m=64 n=80 k=64: 16 x 3.282 us = 52.52 us (198.093 GFLOPS/s)
MUL_MAT_ADD MUL_MAT_VEC q6_K m=5120 n=5 k=17408: 64 x 130.428 us = 8347.44 us (6833.34 GFLOPS/s)
MUL_MAT_ADD MUL_MAT_VEC q6_K m=5120 n=5 k=6144: 16 x 55.182 us = 882.92 us (5700.13 GFLOPS/s)
MUL_MAT_VEC f32 m=48 n=5 k=5120: 96 x 3.43 us = 329.28 us (716.431 GFLOPS/s)
MUL_MAT_VEC q6_K m=1024 n=5 k=5120: 32 x 11.05 us = 353.6 us (4744.22 GFLOPS/s)
MUL_MAT_VEC q6_K m=10240 n=5 k=5120: 48 x 81.915 us = 3931.92 us (6399.77 GFLOPS/s)
MUL_MAT_VEC q6_K m=12288 n=5 k=5120: 16 x 95.03 us = 1520.48 us (6619.85 GFLOPS/s)
MUL_MAT_VEC q6_K m=17408 n=5 k=5120: 128 x 140.99 us = 18046.8 us (6321.02 GFLOPS/s)
MUL_MAT_VEC q6_K m=248320 n=5 k=5120: 1 x 1775.12 us = 1775.12 us (7161.62 GFLOPS/s)
MUL_MAT_VEC q6_K m=6144 n=5 k=5120: 48 x 53.492 us = 2567.64 us (5880.12 GFLOPS/s)
MUL_MAT_VEC q8_0 m=5120 n=5 k=6144: 48 x 63 us = 3024 us (4992.81 GFLOPS/s)
RMS_NORM_MUL RMS_NORM(256,24,5,1): 16 x 3.717 us = 59.48 us
RMS_NORM_MUL RMS_NORM(256,4,5,1): 16 x 4.407 us = 70.52 us
RMS_NORM_MUL RMS_NORM(5120,5,1,1): 129 x 4.55 us = 587 us
RMS_NORM_MUL_SILU_MUL RMS_NORM(128,48,5,1): 48 x 5.646 us = 271.04 us
RMS_NORM_SCALE RMS_NORM(128,16,5,1): 96 x 2.702 us = 259.48 us
ROPE: 32 x 3.852 us = 123.28 us
SET_ROWS: 32 x 2.956 us = 94.6 us
SIGMOID_MUL SIGMOID: 16 x 3.687 us = 59 us
SSM_CONV_SILU SSM_CONV: 48 x 5.685 us = 272.92 us
Total time: 46146.7 us.
----------------
Vulkan Timings:
CONCAT: 1 x 1.88 us = 1.88 us
CONT: 1 x 3.68 us = 3.68 us
FLASH_ATTN_EXT dst(256,24,5,1),  q(256,5,24,1),  k(256,256,4,1),  v(256,256,4,1),  m(256,5,1,1): 1 x 20.56 us = 20.56 us (1530.02 GFLOPS/s)
GLU: 1 x 1.48 us = 1.48 us
MUL_MAT f32 m=256 n=120 k=256: 1 x 1.68 us = 1.68 us (9344 GFLOPS/s)
MUL_MAT f32 m=256 n=20 k=256: 1 x 3.08 us = 3.08 us (849.455 GFLOPS/s)
MUL_MAT f32 m=64 n=480 k=64: 1 x 3.68 us = 3.68 us (1060.17 GFLOPS/s)
MUL_MAT f32 m=64 n=80 k=64: 1 x 3.68 us = 3.68 us (176.696 GFLOPS/s)
MUL_MAT_ADD MUL_MAT_VEC q6_K m=5120 n=5 k=17408: 1 x 156.4 us = 156.4 us (5698.62 GFLOPS/s)
MUL_MAT_ADD MUL_MAT_VEC q6_K m=5120 n=5 k=6144: 1 x 61.4 us = 61.4 us (5122.92 GFLOPS/s)
MUL_MAT_VEC q6_K m=1024 n=5 k=5120: 2 x 9.24 us = 18.48 us (5673.56 GFLOPS/s)
MUL_MAT_VEC q6_K m=12288 n=5 k=5120: 1 x 124.74 us = 124.74 us (5043.16 GFLOPS/s)
MUL_MAT_VEC q6_K m=17408 n=5 k=5120: 2 x 136.18 us = 272.36 us (6544.3 GFLOPS/s)
MUL_MAT_VEC q8_0 m=5120 n=5 k=10240: 1 x 106.6 us = 106.6 us (4918.03 GFLOPS/s)
RMS_NORM_MUL RMS_NORM(256,24,5,1): 1 x 3.84 us = 3.84 us
RMS_NORM_MUL RMS_NORM(256,4,5,1): 1 x 3.68 us = 3.68 us
RMS_NORM_MUL RMS_NORM(5120,5,1,1): 5 x 8.648 us = 43.24 us
ROPE: 2 x 3.7 us = 7.4 us
SET_ROWS: 2 x 2.68 us = 5.36 us
SIGMOID_MUL SIGMOID: 1 x 1.72 us = 1.72 us
Total time: 844.94 us.
----------------
Vulkan Timings:
CONCAT: 1 x 3.64 us = 3.64 us
CONT: 1 x 3.44 us = 3.44 us
FLASH_ATTN_EXT dst(256,24,1,1),  q(256,1,24,1),  k(256,256,4,1),  v(256,256,4,1),  m(256,1,1,1): 1 x 12.6 us = 12.6 us (499.322 GFLOPS/s)
GET_ROWS: 2 x 4.26 us = 8.52 us
GLU: 1 x 1.68 us = 1.68 us
MUL_MAT f32 m=256 n=24 k=256: 1 x 1.48 us = 1.48 us (2121.34 GFLOPS/s)
MUL_MAT f32 m=64 n=16 k=64: 1 x 1.8 us = 1.8 us (72.2489 GFLOPS/s)
MUL_MAT f32 m=64 n=96 k=64: 1 x 3.2 us = 3.2 us (243.84 GFLOPS/s)
MUL_MAT_ADD MUL_MAT_VEC q6_K m=5120 n=1 k=17408: 1 x 129.8 us = 129.8 us (1373.29 GFLOPS/s)
MUL_MAT_ADD MUL_MAT_VEC q6_K m=5120 n=1 k=6144: 1 x 53.8 us = 53.8 us (1169.32 GFLOPS/s)
MUL_MAT_VEC f32 m=256 n=4 k=256: 1 x 3 us = 3 us (174.421 GFLOPS/s)
MUL_MAT_VEC q6_K m=1024 n=1 k=5120: 2 x 8.3 us = 16.6 us (1263.22 GFLOPS/s)
MUL_MAT_VEC q6_K m=12288 n=1 k=5120: 1 x 90.52 us = 90.52 us (1389.93 GFLOPS/s)
MUL_MAT_VEC q6_K m=17408 n=1 k=5120: 2 x 118.16 us = 236.32 us (1508.47 GFLOPS/s)
MUL_MAT_VEC q6_K m=98304 n=1 k=5120: 1 x 675.29 us = 675.29 us (1490.52 GFLOPS/s)
MUL_MAT_VEC q8_0 m=5120 n=1 k=10240: 1 x 92.88 us = 92.88 us (1128.9 GFLOPS/s)
PAD: 1 x 6.32 us = 6.32 us
RMS_NORM_MUL RMS_NORM(256,24,1,1): 1 x 5.76 us = 5.76 us
RMS_NORM_MUL RMS_NORM(256,4,1,1): 1 x 4.84 us = 4.84 us
RMS_NORM_MUL RMS_NORM(5120,1,1,1): 5 x 4.12 us = 20.6 us
ROPE: 2 x 3.34 us = 6.68 us
SET_ROWS: 2 x 2.58 us = 5.16 us
SIGMOID_MUL SIGMOID: 1 x 1.52 us = 1.52 us
TOP_K K=10 (98304,1,1,1): 1 x 8.88 us = 8.88 us
Total time: 1394.33 us.
----------------
Vulkan Timings:
CONCAT: 1 x 3.72 us = 3.72 us
CONT: 1 x 3.64 us = 3.64 us
FLASH_ATTN_EXT dst(256,24,1,1),  q(256,1,24,1),  k(256,256,4,1),  v(256,256,4,1),  m(256,1,1,1): 1 x 12.8 us = 12.8 us (491.52 GFLOPS/s)
GET_ROWS: 2 x 5.86 us = 11.72 us
GLU: 1 x 1.84 us = 1.84 us
MUL_MAT f32 m=256 n=24 k=256: 1 x 1.64 us = 1.64 us (1914.38 GFLOPS/s)
MUL_MAT f32 m=64 n=16 k=64: 1 x 3.6 us = 3.6 us (36.1244 GFLOPS/s)
MUL_MAT f32 m=64 n=96 k=64: 1 x 3.64 us = 3.64 us (214.365 GFLOPS/s)
MUL_MAT_ADD MUL_MAT_VEC q6_K m=5120 n=1 k=17408: 1 x 123.16 us = 123.16 us (1447.33 GFLOPS/s)
MUL_MAT_ADD MUL_MAT_VEC q6_K m=5120 n=1 k=6144: 1 x 53.68 us = 53.68 us (1171.93 GFLOPS/s)
MUL_MAT_VEC f32 m=256 n=4 k=256: 1 x 3 us = 3 us (174.421 GFLOPS/s)
MUL_MAT_VEC q6_K m=1024 n=1 k=5120: 2 x 9.06 us = 18.12 us (1157.26 GFLOPS/s)
MUL_MAT_VEC q6_K m=12288 n=1 k=5120: 1 x 85.52 us = 85.52 us (1471.2 GFLOPS/s)
MUL_MAT_VEC q6_K m=17408 n=1 k=5120: 2 x 121.48 us = 242.96 us (1467.24 GFLOPS/s)
MUL_MAT_VEC q6_K m=98304 n=1 k=5120: 1 x 672.79 us = 672.79 us (1496.06 GFLOPS/s)
MUL_MAT_VEC q8_0 m=5120 n=1 k=10240: 1 x 101.96 us = 101.96 us (1028.37 GFLOPS/s)
PAD: 1 x 4.92 us = 4.92 us
RMS_NORM_MUL RMS_NORM(256,24,1,1): 1 x 3.6 us = 3.6 us
RMS_NORM_MUL RMS_NORM(256,4,1,1): 1 x 3.6 us = 3.6 us
RMS_NORM_MUL RMS_NORM(5120,1,1,1): 5 x 3.696 us = 18.48 us
ROPE: 2 x 3.6 us = 7.2 us
SET_ROWS: 2 x 2.64 us = 5.28 us
SIGMOID_MUL SIGMOID: 1 x 1.72 us = 1.72 us
TOP_K K=10 (98304,1,1,1): 1 x 8.44 us = 8.44 us
Total time: 1397.03 us.
----------------
Vulkan Timings:
CONCAT: 1 x 3.76 us = 3.76 us
CONT: 1 x 3.6 us = 3.6 us
FLASH_ATTN_EXT dst(256,24,1,1),  q(256,1,24,1),  k(256,256,4,1),  v(256,256,4,1),  m(256,1,1,1): 1 x 12.92 us = 12.92 us (486.955 GFLOPS/s)
GET_ROWS: 2 x 4.2 us = 8.4 us
GLU: 1 x 1.8 us = 1.8 us
MUL_MAT f32 m=256 n=24 k=256: 1 x 1.72 us = 1.72 us (1825.34 GFLOPS/s)
MUL_MAT f32 m=64 n=16 k=64: 1 x 3.68 us = 3.68 us (35.3391 GFLOPS/s)
MUL_MAT f32 m=64 n=96 k=64: 1 x 3.64 us = 3.64 us (214.365 GFLOPS/s)
MUL_MAT_ADD MUL_MAT_VEC q6_K m=5120 n=1 k=17408: 1 x 122.6 us = 122.6 us (1453.94 GFLOPS/s)
MUL_MAT_ADD MUL_MAT_VEC q6_K m=5120 n=1 k=6144: 1 x 53.72 us = 53.72 us (1171.06 GFLOPS/s)
MUL_MAT_VEC f32 m=256 n=4 k=256: 1 x 3 us = 3 us (174.421 GFLOPS/s)
MUL_MAT_VEC q6_K m=1024 n=1 k=5120: 2 x 9.1 us = 18.2 us (1152.17 GFLOPS/s)
MUL_MAT_VEC q6_K m=12288 n=1 k=5120: 1 x 85.92 us = 85.92 us (1464.35 GFLOPS/s)
MUL_MAT_VEC q6_K m=17408 n=1 k=5120: 2 x 121.38 us = 242.76 us (1468.45 GFLOPS/s)
MUL_MAT_VEC q6_K m=98304 n=1 k=5120: 1 x 673.78 us = 673.78 us (1493.86 GFLOPS/s)
MUL_MAT_VEC q8_0 m=5120 n=1 k=10240: 1 x 100.96 us = 100.96 us (1038.55 GFLOPS/s)
PAD: 1 x 6.28 us = 6.28 us
RMS_NORM_MUL RMS_NORM(256,24,1,1): 1 x 3.6 us = 3.6 us
RMS_NORM_MUL RMS_NORM(256,4,1,1): 1 x 3.64 us = 3.64 us
RMS_NORM_MUL RMS_NORM(5120,1,1,1): 5 x 3.704 us = 18.52 us
ROPE: 2 x 3.58 us = 7.16 us
SET_ROWS: 2 x 2.66 us = 5.32 us
SIGMOID_MUL SIGMOID: 1 x 1.64 us = 1.64 us
TOP_K K=10 (98304,1,1,1): 1 x 8.84 us = 8.84 us
Total time: 1395.46 us.
----------------
Vulkan Timings:
CONCAT: 1 x 3.72 us = 3.72 us
CONT: 1 x 3.6 us = 3.6 us
FLASH_ATTN_EXT dst(256,24,1,1),  q(256,1,24,1),  k(256,256,4,1),  v(256,256,4,1),  m(256,1,1,1): 1 x 12.88 us = 12.88 us (488.467 GFLOPS/s)
GET_ROWS: 2 x 4.3 us = 8.6 us
GLU: 1 x 1.76 us = 1.76 us
MUL_MAT f32 m=256 n=24 k=256: 1 x 1.6 us = 1.6 us (1962.24 GFLOPS/s)
MUL_MAT f32 m=64 n=16 k=64: 1 x 3.64 us = 3.64 us (35.7275 GFLOPS/s)
MUL_MAT f32 m=64 n=96 k=64: 1 x 3.64 us = 3.64 us (214.365 GFLOPS/s)
MUL_MAT_ADD MUL_MAT_VEC q6_K m=5120 n=1 k=17408: 1 x 123.4 us = 123.4 us (1444.51 GFLOPS/s)
MUL_MAT_ADD MUL_MAT_VEC q6_K m=5120 n=1 k=6144: 1 x 54.28 us = 54.28 us (1158.98 GFLOPS/s)
MUL_MAT_VEC f32 m=256 n=4 k=256: 1 x 3.04 us = 3.04 us (172.126 GFLOPS/s)
MUL_MAT_VEC q6_K m=1024 n=1 k=5120: 2 x 9.12 us = 18.24 us (1149.64 GFLOPS/s)
MUL_MAT_VEC q6_K m=12288 n=1 k=5120: 1 x 86.12 us = 86.12 us (1460.95 GFLOPS/s)
MUL_MAT_VEC q6_K m=17408 n=1 k=5120: 2 x 121.3 us = 242.6 us (1469.42 GFLOPS/s)
MUL_MAT_VEC q6_K m=98304 n=1 k=5120: 1 x 673.29 us = 673.29 us (1494.95 GFLOPS/s)
MUL_MAT_VEC q8_0 m=5120 n=1 k=10240: 1 x 101.56 us = 101.56 us (1032.42 GFLOPS/s)
PAD: 1 x 6.32 us = 6.32 us
RMS_NORM_MUL RMS_NORM(256,24,1,1): 1 x 3.6 us = 3.6 us
RMS_NORM_MUL RMS_NORM(256,4,1,1): 1 x 3.56 us = 3.56 us
RMS_NORM_MUL RMS_NORM(5120,1,1,1): 5 x 3.784 us = 18.92 us
ROPE: 2 x 3.58 us = 7.16 us
SET_ROWS: 2 x 2.6 us = 5.2 us
SIGMOID_MUL SIGMOID: 1 x 1.68 us = 1.68 us
TOP_K K=10 (98304,1,1,1): 1 x 9 us = 9 us
Total time: 1397.41 us.
----------------
Vulkan Timings:
ADD: 48 x 3.788 us = 181.84 us
CONCAT: 48 x 2.554 us = 122.6 us
CONT: 16 x 3.862 us = 61.8 us
CPY: 240 x 2.217 us = 532.2 us
FLASH_ATTN_EXT dst(256,24,5,1),  q(256,5,24,1),  k(256,256,4,1),  v(256,256,4,1),  m(256,5,1,1): 16 x 21.067 us = 337.08 us (1493.17 GFLOPS/s)
GDN_CACHE GATED_DELTA_NET: 48 x 13.98 us = 671.04 us
GET_ROWS: 50 x 26.607 us = 1330.36 us
GLU: 64 x 2.993 us = 191.56 us
MUL_MAT f32 m=256 n=120 k=256: 16 x 1.815 us = 29.04 us (8648.99 GFLOPS/s)
MUL_MAT f32 m=256 n=20 k=256: 16 x 3.147 us = 50.36 us (831.237 GFLOPS/s)
MUL_MAT f32 m=64 n=480 k=64: 16 x 3.672 us = 58.76 us (1062.34 GFLOPS/s)
MUL_MAT f32 m=64 n=80 k=64: 16 x 3.315 us = 53.04 us (196.151 GFLOPS/s)
MUL_MAT_ADD MUL_MAT_VEC q6_K m=5120 n=5 k=17408: 64 x 130.528 us = 8353.84 us (6828.1 GFLOPS/s)
MUL_MAT_ADD MUL_MAT_VEC q6_K m=5120 n=5 k=6144: 16 x 55.305 us = 884.88 us (5687.5 GFLOPS/s)
MUL_MAT_VEC f32 m=48 n=5 k=5120: 96 x 3.455 us = 331.72 us (711.162 GFLOPS/s)
MUL_MAT_VEC q6_K m=1024 n=5 k=5120: 32 x 10.812 us = 346 us (4848.43 GFLOPS/s)
MUL_MAT_VEC q6_K m=10240 n=5 k=5120: 48 x 82.044 us = 3938.12 us (6389.69 GFLOPS/s)
MUL_MAT_VEC q6_K m=12288 n=5 k=5120: 16 x 95.755 us = 1532.08 us (6569.73 GFLOPS/s)
MUL_MAT_VEC q6_K m=17408 n=5 k=5120: 128 x 141.21 us = 18075 us (6311.16 GFLOPS/s)
MUL_MAT_VEC q6_K m=248320 n=5 k=5120: 1 x 1782.84 us = 1782.84 us (7130.61 GFLOPS/s)
MUL_MAT_VEC q6_K m=6144 n=5 k=5120: 48 x 53.47 us = 2566.56 us (5882.59 GFLOPS/s)
MUL_MAT_VEC q8_0 m=5120 n=5 k=6144: 48 x 63.081 us = 3027.92 us (4986.35 GFLOPS/s)
RMS_NORM_MUL RMS_NORM(256,24,5,1): 16 x 3.755 us = 60.08 us
RMS_NORM_MUL RMS_NORM(256,4,5,1): 16 x 4.445 us = 71.12 us
RMS_NORM_MUL RMS_NORM(5120,5,1,1): 129 x 4.575 us = 590.28 us
RMS_NORM_MUL_SILU_MUL RMS_NORM(128,48,5,1): 48 x 5.702 us = 273.72 us
RMS_NORM_SCALE RMS_NORM(128,16,5,1): 96 x 2.698 us = 259.04 us
ROPE: 32 x 3.895 us = 124.64 us
SET_ROWS: 32 x 2.976 us = 95.24 us
SIGMOID_MUL SIGMOID: 16 x 3.72 us = 59.52 us
SSM_CONV_SILU SSM_CONV: 48 x 5.735 us = 275.32 us
Total time: 46267.6 us.
----------------
Vulkan Timings:
CONCAT: 1 x 4.04 us = 4.04 us
CONT: 1 x 3.76 us = 3.76 us
FLASH_ATTN_EXT dst(256,24,5,1),  q(256,5,24,1),  k(256,256,4,1),  v(256,256,4,1),  m(256,5,1,1): 1 x 21.2 us = 21.2 us (1483.83 GFLOPS/s)
GLU: 1 x 1.6 us = 1.6 us
MUL_MAT f32 m=256 n=120 k=256: 1 x 1.72 us = 1.72 us (9126.7 GFLOPS/s)
MUL_MAT f32 m=256 n=20 k=256: 1 x 3.16 us = 3.16 us (827.949 GFLOPS/s)
MUL_MAT f32 m=64 n=480 k=64: 1 x 3.72 us = 3.72 us (1048.77 GFLOPS/s)
MUL_MAT f32 m=64 n=80 k=64: 1 x 3.72 us = 3.72 us (174.796 GFLOPS/s)
MUL_MAT_ADD MUL_MAT_VEC q6_K m=5120 n=5 k=17408: 1 x 157.88 us = 157.88 us (5645.2 GFLOPS/s)
MUL_MAT_ADD MUL_MAT_VEC q6_K m=5120 n=5 k=6144: 1 x 62.24 us = 62.24 us (5053.78 GFLOPS/s)
MUL_MAT_VEC q6_K m=1024 n=5 k=5120: 2 x 9.22 us = 18.44 us (5685.87 GFLOPS/s)
MUL_MAT_VEC q6_K m=12288 n=5 k=5120: 1 x 124.55 us = 124.55 us (5050.86 GFLOPS/s)
MUL_MAT_VEC q6_K m=17408 n=5 k=5120: 2 x 136.32 us = 272.64 us (6537.58 GFLOPS/s)
MUL_MAT_VEC q8_0 m=5120 n=5 k=10240: 1 x 105.88 us = 105.88 us (4951.48 GFLOPS/s)
RMS_NORM_MUL RMS_NORM(256,24,5,1): 1 x 3.84 us = 3.84 us
RMS_NORM_MUL RMS_NORM(256,4,5,1): 1 x 3.68 us = 3.68 us
RMS_NORM_MUL RMS_NORM(5120,5,1,1): 5 x 8.7 us = 43.5 us
ROPE: 2 x 3.72 us = 7.44 us
SET_ROWS: 2 x 2.72 us = 5.44 us
SIGMOID_MUL SIGMOID: 1 x 1.8 us = 1.8 us
Total time: 850.25 us.
----------------
Vulkan Timings:
CONCAT: 1 x 3.72 us = 3.72 us
CONT: 1 x 3.48 us = 3.48 us
FLASH_ATTN_EXT dst(256,24,1,1),  q(256,1,24,1),  k(256,256,4,1),  v(256,256,4,1),  m(256,1,1,1): 1 x 12.52 us = 12.52 us (502.512 GFLOPS/s)
GET_ROWS: 2 x 5.4 us = 10.8 us
GLU: 1 x 1.56 us = 1.56 us
MUL_MAT f32 m=256 n=24 k=256: 1 x 1.52 us = 1.52 us (2065.52 GFLOPS/s)
MUL_MAT f32 m=64 n=16 k=64: 1 x 1.76 us = 1.76 us (73.8909 GFLOPS/s)
MUL_MAT f32 m=64 n=96 k=64: 1 x 3.24 us = 3.24 us (240.83 GFLOPS/s)
MUL_MAT_ADD MUL_MAT_VEC q6_K m=5120 n=1 k=17408: 1 x 130.12 us = 130.12 us (1369.91 GFLOPS/s)
MUL_MAT_ADD MUL_MAT_VEC q6_K m=5120 n=1 k=6144: 1 x 54.2 us = 54.2 us (1160.69 GFLOPS/s)
MUL_MAT_VEC f32 m=256 n=4 k=256: 1 x 3 us = 3 us (174.421 GFLOPS/s)
MUL_MAT_VEC q6_K m=1024 n=1 k=5120: 2 x 9.24 us = 18.48 us (1134.71 GFLOPS/s)
MUL_MAT_VEC q6_K m=12288 n=1 k=5120: 1 x 89.88 us = 89.88 us (1399.83 GFLOPS/s)
MUL_MAT_VEC q6_K m=17408 n=1 k=5120: 2 x 117.84 us = 235.68 us (1512.56 GFLOPS/s)
MUL_MAT_VEC q6_K m=98304 n=1 k=5120: 1 x 669.12 us = 669.12 us (1504.27 GFLOPS/s)
MUL_MAT_VEC q8_0 m=5120 n=1 k=10240: 1 x 91.52 us = 91.52 us (1145.68 GFLOPS/s)
PAD: 1 x 6.36 us = 6.36 us
RMS_NORM_MUL RMS_NORM(256,24,1,1): 1 x 3.16 us = 3.16 us
RMS_NORM_MUL RMS_NORM(256,4,1,1): 1 x 4.8 us = 4.8 us
RMS_NORM_MUL RMS_NORM(5120,1,1,1): 5 x 4.36 us = 21.8 us
ROPE: 2 x 3.3 us = 6.6 us
SET_ROWS: 2 x 2.62 us = 5.24 us
SIGMOID_MUL SIGMOID: 1 x 1.56 us = 1.56 us
TOP_K K=10 (98304,1,1,1): 1 x 8.88 us = 8.88 us
Total time: 1389 us.
----------------
Vulkan Timings:
CONCAT: 1 x 3.8 us = 3.8 us
CONT: 1 x 3.6 us = 3.6 us
FLASH_ATTN_EXT dst(256,24,1,1),  q(256,1,24,1),  k(256,256,4,1),  v(256,256,4,1),  m(256,1,1,1): 1 x 12.96 us = 12.96 us (485.452 GFLOPS/s)
GET_ROWS: 2 x 4.3 us = 8.6 us
GLU: 1 x 1.76 us = 1.76 us
MUL_MAT f32 m=256 n=24 k=256: 1 x 1.64 us = 1.64 us (1914.38 GFLOPS/s)
MUL_MAT f32 m=64 n=16 k=64: 1 x 3.6 us = 3.6 us (36.1244 GFLOPS/s)
MUL_MAT f32 m=64 n=96 k=64: 1 x 3.56 us = 3.56 us (219.182 GFLOPS/s)
MUL_MAT_ADD MUL_MAT_VEC q6_K m=5120 n=1 k=17408: 1 x 123.56 us = 123.56 us (1442.64 GFLOPS/s)
MUL_MAT_ADD MUL_MAT_VEC q6_K m=5120 n=1 k=6144: 1 x 53.56 us = 53.56 us (1174.56 GFLOPS/s)
MUL_MAT_VEC f32 m=256 n=4 k=256: 1 x 3.04 us = 3.04 us (172.126 GFLOPS/s)
MUL_MAT_VEC q6_K m=1024 n=1 k=5120: 2 x 9.04 us = 18.08 us (1159.82 GFLOPS/s)
MUL_MAT_VEC q6_K m=12288 n=1 k=5120: 1 x 85.92 us = 85.92 us (1464.35 GFLOPS/s)
MUL_MAT_VEC q6_K m=17408 n=1 k=5120: 2 x 121.66 us = 243.32 us (1465.07 GFLOPS/s)
MUL_MAT_VEC q6_K m=98304 n=1 k=5120: 1 x 673.31 us = 673.31 us (1494.91 GFLOPS/s)
MUL_MAT_VEC q8_0 m=5120 n=1 k=10240: 1 x 100.96 us = 100.96 us (1038.55 GFLOPS/s)
PAD: 1 x 6.28 us = 6.28 us
RMS_NORM_MUL RMS_NORM(256,24,1,1): 1 x 3.6 us = 3.6 us
RMS_NORM_MUL RMS_NORM(256,4,1,1): 1 x 3.6 us = 3.6 us
RMS_NORM_MUL RMS_NORM(5120,1,1,1): 5 x 3.696 us = 18.48 us
ROPE: 2 x 3.58 us = 7.16 us
SET_ROWS: 2 x 2.64 us = 5.28 us
SIGMOID_MUL SIGMOID: 1 x 1.64 us = 1.64 us
TOP_K K=10 (98304,1,1,1): 1 x 8.8 us = 8.8 us
Total time: 1396.11 us.
----------------
Vulkan Timings:
CONCAT: 1 x 3.72 us = 3.72 us
CONT: 1 x 3.6 us = 3.6 us
FLASH_ATTN_EXT dst(256,24,1,1),  q(256,1,24,1),  k(256,256,4,1),  v(256,256,4,1),  m(256,1,1,1): 1 x 12.76 us = 12.76 us (493.061 GFLOPS/s)
GET_ROWS: 2 x 4.2 us = 8.4 us
GLU: 1 x 1.8 us = 1.8 us
MUL_MAT f32 m=256 n=24 k=256: 1 x 1.6 us = 1.6 us (1962.24 GFLOPS/s)
MUL_MAT f32 m=64 n=16 k=64: 1 x 3.64 us = 3.64 us (35.7275 GFLOPS/s)
MUL_MAT f32 m=64 n=96 k=64: 1 x 3.64 us = 3.64 us (214.365 GFLOPS/s)
MUL_MAT_ADD MUL_MAT_VEC q6_K m=5120 n=1 k=17408: 1 x 123.28 us = 123.28 us (1445.92 GFLOPS/s)
MUL_MAT_ADD MUL_MAT_VEC q6_K m=5120 n=1 k=6144: 1 x 53.56 us = 53.56 us (1174.56 GFLOPS/s)
MUL_MAT_VEC f32 m=256 n=4 k=256: 1 x 3.04 us = 3.04 us (172.126 GFLOPS/s)
MUL_MAT_VEC q6_K m=1024 n=1 k=5120: 2 x 9.2 us = 18.4 us (1139.65 GFLOPS/s)
MUL_MAT_VEC q6_K m=12288 n=1 k=5120: 1 x 86.32 us = 86.32 us (1457.56 GFLOPS/s)
MUL_MAT_VEC q6_K m=17408 n=1 k=5120: 2 x 120.92 us = 241.84 us (1474.04 GFLOPS/s)
MUL_MAT_VEC q6_K m=98304 n=1 k=5120: 1 x 672.58 us = 672.58 us (1496.53 GFLOPS/s)
MUL_MAT_VEC q8_0 m=5120 n=1 k=10240: 1 x 101.6 us = 101.6 us (1032.01 GFLOPS/s)
PAD: 1 x 7.08 us = 7.08 us
RMS_NORM_MUL RMS_NORM(256,24,1,1): 1 x 3.64 us = 3.64 us
RMS_NORM_MUL RMS_NORM(256,4,1,1): 1 x 3.6 us = 3.6 us
RMS_NORM_MUL RMS_NORM(5120,1,1,1): 5 x 3.688 us = 18.44 us
ROPE: 2 x 3.6 us = 7.2 us
SET_ROWS: 2 x 2.64 us = 5.28 us
SIGMOID_MUL SIGMOID: 1 x 1.68 us = 1.68 us
TOP_K K=10 (98304,1,1,1): 1 x 8.92 us = 8.92 us
Total time: 1395.62 us.
----------------
Vulkan Timings:
CONCAT: 1 x 3.76 us = 3.76 us
CONT: 1 x 3.64 us = 3.64 us
FLASH_ATTN_EXT dst(256,24,1,1),  q(256,1,24,1),  k(256,256,4,1),  v(256,256,4,1),  m(256,1,1,1): 1 x 12.92 us = 12.92 us (486.955 GFLOPS/s)
GET_ROWS: 2 x 4.28 us = 8.56 us
GLU: 1 x 1.88 us = 1.88 us
MUL_MAT f32 m=256 n=24 k=256: 1 x 1.72 us = 1.72 us (1825.34 GFLOPS/s)
MUL_MAT f32 m=64 n=16 k=64: 1 x 3.56 us = 3.56 us (36.5303 GFLOPS/s)
MUL_MAT f32 m=64 n=96 k=64: 1 x 3.64 us = 3.64 us (214.365 GFLOPS/s)
MUL_MAT_ADD MUL_MAT_VEC q6_K m=5120 n=1 k=17408: 1 x 125.08 us = 125.08 us (1425.11 GFLOPS/s)
MUL_MAT_ADD MUL_MAT_VEC q6_K m=5120 n=1 k=6144: 1 x 53.96 us = 53.96 us (1165.85 GFLOPS/s)
MUL_MAT_VEC f32 m=256 n=4 k=256: 1 x 3 us = 3 us (174.421 GFLOPS/s)
MUL_MAT_VEC q6_K m=1024 n=1 k=5120: 2 x 9.04 us = 18.08 us (1159.82 GFLOPS/s)
MUL_MAT_VEC q6_K m=12288 n=1 k=5120: 1 x 85.36 us = 85.36 us (1473.96 GFLOPS/s)
MUL_MAT_VEC q6_K m=17408 n=1 k=5120: 2 x 121.1 us = 242.2 us (1471.85 GFLOPS/s)
MUL_MAT_VEC q6_K m=98304 n=1 k=5120: 1 x 673.69 us = 673.69 us (1494.06 GFLOPS/s)
MUL_MAT_VEC q8_0 m=5120 n=1 k=10240: 1 x 101.72 us = 101.72 us (1030.8 GFLOPS/s)
PAD: 1 x 6.32 us = 6.32 us
RMS_NORM_MUL RMS_NORM(256,24,1,1): 1 x 3.6 us = 3.6 us
RMS_NORM_MUL RMS_NORM(256,4,1,1): 1 x 3.56 us = 3.56 us
RMS_NORM_MUL RMS_NORM(5120,1,1,1): 5 x 3.752 us = 18.76 us
ROPE: 2 x 3.56 us = 7.12 us
SET_ROWS: 2 x 2.68 us = 5.36 us
SIGMOID_MUL SIGMOID: 1 x 1.68 us = 1.68 us
TOP_K K=10 (98304,1,1,1): 1 x 9.04 us = 9.04 us
Total time: 1398.21 us.
----------------
Vulkan Timings:
ADD: 48 x 3.762 us = 180.6 us
CONCAT: 48 x 2.457 us = 117.96 us
CONT: 16 x 3.84 us = 61.44 us
CPY: 240 x 2.246 us = 539.16 us
FLASH_ATTN_EXT dst(256,24,5,1),  q(256,5,24,1),  k(256,256,4,1),  v(256,256,4,1),  m(256,5,1,1): 16 x 21.002 us = 336.04 us (1497.79 GFLOPS/s)
GDN_CACHE GATED_DELTA_NET: 48 x 13.848 us = 664.72 us
GET_ROWS: 50 x 26.48 us = 1324.04 us
GLU: 64 x 2.821 us = 180.56 us
MUL_MAT f32 m=256 n=120 k=256: 16 x 1.845 us = 29.52 us (8508.36 GFLOPS/s)
MUL_MAT f32 m=256 n=20 k=256: 16 x 2.977 us = 47.64 us (878.697 GFLOPS/s)
MUL_MAT f32 m=64 n=480 k=64: 16 x 3.652 us = 58.44 us (1068.16 GFLOPS/s)
MUL_MAT f32 m=64 n=80 k=64: 16 x 3.287 us = 52.6 us (197.792 GFLOPS/s)
MUL_MAT_ADD MUL_MAT_VEC q6_K m=5120 n=5 k=17408: 64 x 130.494 us = 8351.64 us (6829.9 GFLOPS/s)
MUL_MAT_ADD MUL_MAT_VEC q6_K m=5120 n=5 k=6144: 16 x 55.302 us = 884.84 us (5687.76 GFLOPS/s)
MUL_MAT_VEC f32 m=48 n=5 k=5120: 96 x 3.402 us = 326.68 us (722.133 GFLOPS/s)
MUL_MAT_VEC q6_K m=1024 n=5 k=5120: 32 x 10.81 us = 345.92 us (4849.55 GFLOPS/s)
MUL_MAT_VEC q6_K m=10240 n=5 k=5120: 48 x 81.975 us = 3934.8 us (6395.08 GFLOPS/s)
MUL_MAT_VEC q6_K m=12288 n=5 k=5120: 16 x 95.58 us = 1529.28 us (6581.76 GFLOPS/s)
MUL_MAT_VEC q6_K m=17408 n=5 k=5120: 128 x 140.871 us = 18031.6 us (6326.33 GFLOPS/s)
MUL_MAT_VEC q6_K m=248320 n=5 k=5120: 1 x 1774.84 us = 1774.84 us (7162.75 GFLOPS/s)
MUL_MAT_VEC q6_K m=6144 n=5 k=5120: 48 x 53.45 us = 2565.64 us (5884.7 GFLOPS/s)
MUL_MAT_VEC q8_0 m=5120 n=5 k=6144: 48 x 62.962 us = 3022.2 us (4995.79 GFLOPS/s)
RMS_NORM_MUL RMS_NORM(256,24,5,1): 16 x 3.725 us = 59.6 us
RMS_NORM_MUL RMS_NORM(256,4,5,1): 16 x 4.417 us = 70.68 us
RMS_NORM_MUL RMS_NORM(5120,5,1,1): 129 x 4.541 us = 585.84 us
RMS_NORM_MUL_SILU_MUL RMS_NORM(128,48,5,1): 48 x 5.663 us = 271.84 us
RMS_NORM_SCALE RMS_NORM(128,16,5,1): 96 x 2.704 us = 259.64 us
ROPE: 32 x 3.86 us = 123.52 us
SET_ROWS: 32 x 3.037 us = 97.2 us
SIGMOID_MUL SIGMOID: 16 x 3.702 us = 59.24 us
SSM_CONV_SILU SSM_CONV: 48 x 5.677 us = 272.52 us
Total time: 46160.2 us.
----------------
Vulkan Timings:
CONCAT: 1 x 2.24 us = 2.24 us
CONT: 1 x 3.68 us = 3.68 us
FLASH_ATTN_EXT dst(256,24,5,1),  q(256,5,24,1),  k(256,256,4,1),  v(256,256,4,1),  m(256,5,1,1): 1 x 20.68 us = 20.68 us (1521.15 GFLOPS/s)
GLU: 1 x 1.56 us = 1.56 us
MUL_MAT f32 m=256 n=120 k=256: 1 x 1.76 us = 1.76 us (8919.27 GFLOPS/s)
MUL_MAT f32 m=256 n=20 k=256: 1 x 3.08 us = 3.08 us (849.455 GFLOPS/s)
MUL_MAT f32 m=64 n=480 k=64: 1 x 3.72 us = 3.72 us (1048.77 GFLOPS/s)
MUL_MAT f32 m=64 n=80 k=64: 1 x 3.68 us = 3.68 us (176.696 GFLOPS/s)
MUL_MAT_ADD MUL_MAT_VEC q6_K m=5120 n=5 k=17408: 1 x 155.35 us = 155.35 us (5737.14 GFLOPS/s)
MUL_MAT_ADD MUL_MAT_VEC q6_K m=5120 n=5 k=6144: 1 x 62 us = 62 us (5073.34 GFLOPS/s)
MUL_MAT_VEC q6_K m=1024 n=5 k=5120: 2 x 9.22 us = 18.44 us (5685.87 GFLOPS/s)
MUL_MAT_VEC q6_K m=12288 n=5 k=5120: 1 x 120.2 us = 120.2 us (5233.65 GFLOPS/s)
MUL_MAT_VEC q6_K m=17408 n=5 k=5120: 2 x 136.66 us = 273.32 us (6521.31 GFLOPS/s)
MUL_MAT_VEC q8_0 m=5120 n=5 k=10240: 1 x 108.48 us = 108.48 us (4832.8 GFLOPS/s)
RMS_NORM_MUL RMS_NORM(256,24,5,1): 1 x 3.84 us = 3.84 us
RMS_NORM_MUL RMS_NORM(256,4,5,1): 1 x 3.68 us = 3.68 us
RMS_NORM_MUL RMS_NORM(5120,5,1,1): 5 x 8.602 us = 43.01 us
ROPE: 2 x 3.68 us = 7.36 us
SET_ROWS: 2 x 2.74 us = 5.48 us
SIGMOID_MUL SIGMOID: 1 x 1.72 us = 1.72 us
Total time: 843.28 us.
----------------
Vulkan Timings:
CONCAT: 1 x 3.64 us = 3.64 us
CONT: 1 x 3.48 us = 3.48 us
FLASH_ATTN_EXT dst(256,24,1,1),  q(256,1,24,1),  k(256,256,4,1),  v(256,256,4,1),  m(256,1,1,1): 1 x 12.52 us = 12.52 us (502.512 GFLOPS/s)
GET_ROWS: 2 x 4.18 us = 8.36 us
GLU: 1 x 1.6 us = 1.6 us
MUL_MAT f32 m=256 n=24 k=256: 1 x 1.52 us = 1.52 us (2065.52 GFLOPS/s)
MUL_MAT f32 m=64 n=16 k=64: 1 x 1.84 us = 1.84 us (70.6783 GFLOPS/s)
MUL_MAT f32 m=64 n=96 k=64: 1 x 3.2 us = 3.2 us (243.84 GFLOPS/s)
MUL_MAT_ADD MUL_MAT_VEC q6_K m=5120 n=1 k=17408: 1 x 129.68 us = 129.68 us (1374.56 GFLOPS/s)
MUL_MAT_ADD MUL_MAT_VEC q6_K m=5120 n=1 k=6144: 1 x 53.24 us = 53.24 us (1181.62 GFLOPS/s)
MUL_MAT_VEC f32 m=256 n=4 k=256: 1 x 3.04 us = 3.04 us (172.126 GFLOPS/s)
MUL_MAT_VEC q6_K m=1024 n=1 k=5120: 2 x 6.14 us = 12.28 us (1707.61 GFLOPS/s)
MUL_MAT_VEC q6_K m=12288 n=1 k=5120: 1 x 98 us = 98 us (1283.85 GFLOPS/s)
MUL_MAT_VEC q6_K m=17408 n=1 k=5120: 2 x 117.86 us = 235.72 us (1512.31 GFLOPS/s)
MUL_MAT_VEC q6_K m=98304 n=1 k=5120: 1 x 668.04 us = 668.04 us (1506.7 GFLOPS/s)
MUL_MAT_VEC q8_0 m=5120 n=1 k=10240: 1 x 92 us = 92 us (1139.7 GFLOPS/s)
PAD: 1 x 6.32 us = 6.32 us
RMS_NORM_MUL RMS_NORM(256,24,1,1): 1 x 3.16 us = 3.16 us
RMS_NORM_MUL RMS_NORM(256,4,1,1): 1 x 4.8 us = 4.8 us
RMS_NORM_MUL RMS_NORM(5120,1,1,1): 5 x 4.384 us = 21.92 us
ROPE: 2 x 3.32 us = 6.64 us
SET_ROWS: 2 x 2.58 us = 5.16 us
SIGMOID_MUL SIGMOID: 1 x 1.52 us = 1.52 us
TOP_K K=10 (98304,1,1,1): 1 x 8.72 us = 8.72 us
Total time: 1386.4 us.
----------------
Vulkan Timings:
CONCAT: 1 x 3.76 us = 3.76 us
CONT: 1 x 3.6 us = 3.6 us
FLASH_ATTN_EXT dst(256,24,1,1),  q(256,1,24,1),  k(256,256,4,1),  v(256,256,4,1),  m(256,1,1,1): 1 x 12.68 us = 12.68 us (496.172 GFLOPS/s)
GET_ROWS: 2 x 4.3 us = 8.6 us
GLU: 1 x 1.84 us = 1.84 us
MUL_MAT f32 m=256 n=24 k=256: 1 x 1.64 us = 1.64 us (1914.38 GFLOPS/s)
MUL_MAT f32 m=64 n=16 k=64: 1 x 3.6 us = 3.6 us (36.1244 GFLOPS/s)
MUL_MAT f32 m=64 n=96 k=64: 1 x 3.6 us = 3.6 us (216.747 GFLOPS/s)
MUL_MAT_ADD MUL_MAT_VEC q6_K m=5120 n=1 k=17408: 1 x 122.6 us = 122.6 us (1453.94 GFLOPS/s)
MUL_MAT_ADD MUL_MAT_VEC q6_K m=5120 n=1 k=6144: 1 x 54.64 us = 54.64 us (1151.34 GFLOPS/s)
MUL_MAT_VEC f32 m=256 n=4 k=256: 1 x 3.04 us = 3.04 us (172.126 GFLOPS/s)
MUL_MAT_VEC q6_K m=1024 n=1 k=5120: 2 x 9.22 us = 18.44 us (1137.17 GFLOPS/s)
MUL_MAT_VEC q6_K m=12288 n=1 k=5120: 1 x 86.04 us = 86.04 us (1462.31 GFLOPS/s)
MUL_MAT_VEC q6_K m=17408 n=1 k=5120: 2 x 121.44 us = 242.88 us (1467.72 GFLOPS/s)
MUL_MAT_VEC q6_K m=98304 n=1 k=5120: 1 x 673.96 us = 673.96 us (1493.46 GFLOPS/s)
MUL_MAT_VEC q8_0 m=5120 n=1 k=10240: 1 x 102.6 us = 102.6 us (1021.95 GFLOPS/s)
PAD: 1 x 6.32 us = 6.32 us
RMS_NORM_MUL RMS_NORM(256,24,1,1): 1 x 3.6 us = 3.6 us
RMS_NORM_MUL RMS_NORM(256,4,1,1): 1 x 3.56 us = 3.56 us
RMS_NORM_MUL RMS_NORM(5120,1,1,1): 5 x 3.672 us = 18.36 us
ROPE: 2 x 3.56 us = 7.12 us
SET_ROWS: 2 x 2.62 us = 5.24 us
SIGMOID_MUL SIGMOID: 1 x 1.72 us = 1.72 us
TOP_K K=10 (98304,1,1,1): 1 x 8.84 us = 8.84 us
Total time: 1398.28 us.
----------------
Vulkan Timings:
CONCAT: 1 x 3.76 us = 3.76 us
CONT: 1 x 3.64 us = 3.64 us
FLASH_ATTN_EXT dst(256,24,1,1),  q(256,1,24,1),  k(256,256,4,1),  v(256,256,4,1),  m(256,1,1,1): 1 x 12.76 us = 12.76 us (493.061 GFLOPS/s)
GET_ROWS: 2 x 4.2 us = 8.4 us
GLU: 1 x 1.8 us = 1.8 us
MUL_MAT f32 m=256 n=24 k=256: 1 x 1.64 us = 1.64 us (1914.38 GFLOPS/s)
MUL_MAT f32 m=64 n=16 k=64: 1 x 3.64 us = 3.64 us (35.7275 GFLOPS/s)
MUL_MAT f32 m=64 n=96 k=64: 1 x 3.64 us = 3.64 us (214.365 GFLOPS/s)
MUL_MAT_ADD MUL_MAT_VEC q6_K m=5120 n=1 k=17408: 1 x 123.24 us = 123.24 us (1446.39 GFLOPS/s)
MUL_MAT_ADD MUL_MAT_VEC q6_K m=5120 n=1 k=6144: 1 x 53.96 us = 53.96 us (1165.85 GFLOPS/s)
MUL_MAT_VEC f32 m=256 n=4 k=256: 1 x 3.04 us = 3.04 us (172.126 GFLOPS/s)
MUL_MAT_VEC q6_K m=1024 n=1 k=5120: 2 x 9.12 us = 18.24 us (1149.64 GFLOPS/s)
MUL_MAT_VEC q6_K m=12288 n=1 k=5120: 1 x 84.92 us = 84.92 us (1481.59 GFLOPS/s)
MUL_MAT_VEC q6_K m=17408 n=1 k=5120: 2 x 121.3 us = 242.6 us (1469.42 GFLOPS/s)
MUL_MAT_VEC q6_K m=98304 n=1 k=5120: 1 x 674.28 us = 674.28 us (1492.75 GFLOPS/s)
MUL_MAT_VEC q8_0 m=5120 n=1 k=10240: 1 x 101.48 us = 101.48 us (1033.23 GFLOPS/s)
PAD: 1 x 8.44 us = 8.44 us
RMS_NORM_MUL RMS_NORM(256,24,1,1): 1 x 3.6 us = 3.6 us
RMS_NORM_MUL RMS_NORM(256,4,1,1): 1 x 3.6 us = 3.6 us
RMS_NORM_MUL RMS_NORM(5120,1,1,1): 5 x 3.856 us = 19.28 us
ROPE: 2 x 3.56 us = 7.12 us
SET_ROWS: 2 x 2.64 us = 5.28 us
SIGMOID_MUL SIGMOID: 1 x 1.68 us = 1.68 us
TOP_K K=10 (98304,1,1,1): 1 x 6.4 us = 6.4 us
Total time: 1396.44 us.
----------------
Vulkan Timings:
CONCAT: 1 x 3.76 us = 3.76 us
CONT: 1 x 3.6 us = 3.6 us
FLASH_ATTN_EXT dst(256,24,1,1),  q(256,1,24,1),  k(256,256,4,1),  v(256,256,4,1),  m(256,1,1,1): 1 x 13.16 us = 13.16 us (478.074 GFLOPS/s)
GET_ROWS: 2 x 4.18 us = 8.36 us
GLU: 1 x 1.88 us = 1.88 us
MUL_MAT f32 m=256 n=24 k=256: 1 x 1.68 us = 1.68 us (1868.8 GFLOPS/s)
MUL_MAT f32 m=64 n=16 k=64: 1 x 3.64 us = 3.64 us (35.7275 GFLOPS/s)
MUL_MAT f32 m=64 n=96 k=64: 1 x 3.6 us = 3.6 us (216.747 GFLOPS/s)
MUL_MAT_ADD MUL_MAT_VEC q6_K m=5120 n=1 k=17408: 1 x 123.24 us = 123.24 us (1446.39 GFLOPS/s)
MUL_MAT_ADD MUL_MAT_VEC q6_K m=5120 n=1 k=6144: 1 x 54.08 us = 54.08 us (1163.27 GFLOPS/s)
MUL_MAT_VEC f32 m=256 n=4 k=256: 1 x 3 us = 3 us (174.421 GFLOPS/s)
MUL_MAT_VEC q6_K m=1024 n=1 k=5120: 2 x 9.12 us = 18.24 us (1149.64 GFLOPS/s)
MUL_MAT_VEC q6_K m=12288 n=1 k=5120: 1 x 86.2 us = 86.2 us (1459.59 GFLOPS/s)
MUL_MAT_VEC q6_K m=17408 n=1 k=5120: 2 x 121.1 us = 242.2 us (1471.85 GFLOPS/s)
MUL_MAT_VEC q6_K m=98304 n=1 k=5120: 1 x 674.48 us = 674.48 us (1492.31 GFLOPS/s)
MUL_MAT_VEC q8_0 m=5120 n=1 k=10240: 1 x 101.08 us = 101.08 us (1037.32 GFLOPS/s)
PAD: 1 x 6.36 us = 6.36 us
RMS_NORM_MUL RMS_NORM(256,24,1,1): 1 x 3.64 us = 3.64 us
RMS_NORM_MUL RMS_NORM(256,4,1,1): 1 x 3.6 us = 3.6 us
RMS_NORM_MUL RMS_NORM(5120,1,1,1): 5 x 3.688 us = 18.44 us
ROPE: 2 x 3.62 us = 7.24 us
SET_ROWS: 2 x 2.64 us = 5.28 us
SIGMOID_MUL SIGMOID: 1 x 1.64 us = 1.64 us
TOP_K K=10 (98304,1,1,1): 1 x 8.76 us = 8.76 us
Total time: 1397.16 us.
----------------
Vulkan Timings:
ADD: 48 x 3.766 us = 180.8 us
CONCAT: 48 x 2.454 us = 117.8 us
CONT: 16 x 3.842 us = 61.48 us
CPY: 240 x 2.233 us = 536.08 us
FLASH_ATTN_EXT dst(256,24,5,1),  q(256,5,24,1),  k(256,256,4,1),  v(256,256,4,1),  m(256,5,1,1): 16 x 21.137 us = 338.2 us (1488.22 GFLOPS/s)
GDN_CACHE GATED_DELTA_NET: 48 x 13.898 us = 667.12 us
GET_ROWS: 50 x 26.495 us = 1324.76 us
GLU: 64 x 2.935 us = 187.88 us
MUL_MAT f32 m=256 n=120 k=256: 16 x 1.83 us = 29.28 us (8578.1 GFLOPS/s)
MUL_MAT f32 m=256 n=20 k=256: 16 x 3.125 us = 50 us (837.222 GFLOPS/s)
MUL_MAT f32 m=64 n=480 k=64: 16 x 3.645 us = 58.32 us (1070.35 GFLOPS/s)
MUL_MAT f32 m=64 n=80 k=64: 16 x 3.395 us = 54.32 us (191.529 GFLOPS/s)
MUL_MAT_ADD MUL_MAT_VEC q6_K m=5120 n=5 k=17408: 64 x 130.496 us = 8351.76 us (6829.81 GFLOPS/s)
MUL_MAT_ADD MUL_MAT_VEC q6_K m=5120 n=5 k=6144: 16 x 55.132 us = 882.12 us (5705.3 GFLOPS/s)
MUL_MAT_VEC f32 m=48 n=5 k=5120: 96 x 3.422 us = 328.56 us (718.001 GFLOPS/s)
MUL_MAT_VEC q6_K m=1024 n=5 k=5120: 32 x 10.937 us = 350 us (4793.02 GFLOPS/s)
MUL_MAT_VEC q6_K m=10240 n=5 k=5120: 48 x 81.96 us = 3934.12 us (6396.19 GFLOPS/s)
MUL_MAT_VEC q6_K m=12288 n=5 k=5120: 16 x 95.077 us = 1521.24 us (6616.54 GFLOPS/s)
MUL_MAT_VEC q6_K m=17408 n=5 k=5120: 128 x 140.929 us = 18039 us (6323.75 GFLOPS/s)
MUL_MAT_VEC q6_K m=248320 n=5 k=5120: 1 x 1773.04 us = 1773.04 us (7170.03 GFLOPS/s)
MUL_MAT_VEC q6_K m=6144 n=5 k=5120: 48 x 53.534 us = 2569.64 us (5875.54 GFLOPS/s)
MUL_MAT_VEC q8_0 m=5120 n=5 k=6144: 48 x 63.037 us = 3025.8 us (4989.84 GFLOPS/s)
RMS_NORM_MUL RMS_NORM(256,24,5,1): 16 x 3.957 us = 63.32 us
RMS_NORM_MUL RMS_NORM(256,4,5,1): 16 x 4.342 us = 69.48 us
RMS_NORM_MUL RMS_NORM(5120,5,1,1): 129 x 4.571 us = 589.76 us
RMS_NORM_MUL_SILU_MUL RMS_NORM(128,48,5,1): 48 x 5.671 us = 272.24 us
RMS_NORM_SCALE RMS_NORM(128,16,5,1): 96 x 2.672 us = 256.56 us
ROPE: 32 x 3.876 us = 124.04 us
SET_ROWS: 32 x 2.908 us = 93.08 us
SIGMOID_MUL SIGMOID: 16 x 3.702 us = 59.24 us
SSM_CONV_SILU SSM_CONV: 48 x 5.717 us = 274.44 us
Total time: 46183.4 us.
----------------
Vulkan Timings:
CONCAT: 1 x 1.92 us = 1.92 us
CONT: 1 x 3.8 us = 3.8 us
FLASH_ATTN_EXT dst(256,24,5,1),  q(256,5,24,1),  k(256,256,4,1),  v(256,256,4,1),  m(256,5,1,1): 1 x 21.04 us = 21.04 us (1495.12 GFLOPS/s)
GLU: 1 x 1.56 us = 1.56 us
MUL_MAT f32 m=256 n=120 k=256: 1 x 1.68 us = 1.68 us (9344 GFLOPS/s)
MUL_MAT f32 m=256 n=20 k=256: 1 x 3.16 us = 3.16 us (827.949 GFLOPS/s)
MUL_MAT f32 m=64 n=480 k=64: 1 x 3.8 us = 3.8 us (1026.69 GFLOPS/s)
MUL_MAT f32 m=64 n=80 k=64: 1 x 3.72 us = 3.72 us (174.796 GFLOPS/s)
MUL_MAT_ADD MUL_MAT_VEC q6_K m=5120 n=5 k=17408: 1 x 154.62 us = 154.62 us (5764.22 GFLOPS/s)
MUL_MAT_ADD MUL_MAT_VEC q6_K m=5120 n=5 k=6144: 1 x 62.92 us = 62.92 us (4999.16 GFLOPS/s)
MUL_MAT_VEC q6_K m=1024 n=5 k=5120: 2 x 9.4 us = 18.8 us (5576.99 GFLOPS/s)
MUL_MAT_VEC q6_K m=12288 n=5 k=5120: 1 x 127.67 us = 127.67 us (4927.42 GFLOPS/s)
MUL_MAT_VEC q6_K m=17408 n=5 k=5120: 2 x 136.36 us = 272.72 us (6535.66 GFLOPS/s)
MUL_MAT_VEC q8_0 m=5120 n=5 k=10240: 1 x 106.36 us = 106.36 us (4929.13 GFLOPS/s)
RMS_NORM_MUL RMS_NORM(256,24,5,1): 1 x 3.92 us = 3.92 us
RMS_NORM_MUL RMS_NORM(256,4,5,1): 1 x 3.72 us = 3.72 us
RMS_NORM_MUL RMS_NORM(5120,5,1,1): 5 x 8.702 us = 43.51 us
ROPE: 2 x 3.74 us = 7.48 us
SET_ROWS: 2 x 2.74 us = 5.48 us
SIGMOID_MUL SIGMOID: 1 x 1.88 us = 1.88 us
Total time: 849.76 us.
----------------
Vulkan Timings:
CONCAT: 1 x 3.64 us = 3.64 us
CONT: 1 x 3.48 us = 3.48 us
FLASH_ATTN_EXT dst(256,24,1,1),  q(256,1,24,1),  k(256,256,4,1),  v(256,256,4,1),  m(256,1,1,1): 1 x 12.52 us = 12.52 us (502.512 GFLOPS/s)
GET_ROWS: 2 x 4.2 us = 8.4 us
GLU: 1 x 1.56 us = 1.56 us
MUL_MAT f32 m=256 n=24 k=256: 1 x 1.6 us = 1.6 us (1962.24 GFLOPS/s)
MUL_MAT f32 m=64 n=16 k=64: 1 x 1.84 us = 1.84 us (70.6783 GFLOPS/s)
MUL_MAT f32 m=64 n=96 k=64: 1 x 3.2 us = 3.2 us (243.84 GFLOPS/s)
MUL_MAT_ADD MUL_MAT_VEC q6_K m=5120 n=1 k=17408: 1 x 130 us = 130 us (1371.18 GFLOPS/s)
MUL_MAT_ADD MUL_MAT_VEC q6_K m=5120 n=1 k=6144: 1 x 53.8 us = 53.8 us (1169.32 GFLOPS/s)
MUL_MAT_VEC f32 m=256 n=4 k=256: 1 x 3 us = 3 us (174.421 GFLOPS/s)
MUL_MAT_VEC q6_K m=1024 n=1 k=5120: 2 x 9.22 us = 18.44 us (1137.17 GFLOPS/s)
MUL_MAT_VEC q6_K m=12288 n=1 k=5120: 1 x 90.44 us = 90.44 us (1391.16 GFLOPS/s)
MUL_MAT_VEC q6_K m=17408 n=1 k=5120: 2 x 117.8 us = 235.6 us (1513.08 GFLOPS/s)
MUL_MAT_VEC q6_K m=98304 n=1 k=5120: 1 x 672.89 us = 672.89 us (1495.84 GFLOPS/s)
MUL_MAT_VEC q8_0 m=5120 n=1 k=10240: 1 x 92.08 us = 92.08 us (1138.71 GFLOPS/s)
PAD: 1 x 6.36 us = 6.36 us
RMS_NORM_MUL RMS_NORM(256,24,1,1): 1 x 3.2 us = 3.2 us
RMS_NORM_MUL RMS_NORM(256,4,1,1): 1 x 4.84 us = 4.84 us
RMS_NORM_MUL RMS_NORM(5120,1,1,1): 5 x 4.384 us = 21.92 us
ROPE: 2 x 3.3 us = 6.6 us
SET_ROWS: 2 x 2.6 us = 5.2 us
SIGMOID_MUL SIGMOID: 1 x 1.6 us = 1.6 us
TOP_K K=10 (98304,1,1,1): 1 x 9.24 us = 9.24 us
Total time: 1391.45 us.
----------------
Vulkan Timings:
CONCAT: 1 x 3.76 us = 3.76 us
CONT: 1 x 3.64 us = 3.64 us
FLASH_ATTN_EXT dst(256,24,1,1),  q(256,1,24,1),  k(256,256,4,1),  v(256,256,4,1),  m(256,1,1,1): 1 x 12.92 us = 12.92 us (486.955 GFLOPS/s)
GET_ROWS: 2 x 5.3 us = 10.6 us
GLU: 1 x 1.88 us = 1.88 us
MUL_MAT f32 m=256 n=24 k=256: 1 x 1.68 us = 1.68 us (1868.8 GFLOPS/s)
MUL_MAT f32 m=64 n=16 k=64: 1 x 3.6 us = 3.6 us (36.1244 GFLOPS/s)
MUL_MAT f32 m=64 n=96 k=64: 1 x 3.64 us = 3.64 us (214.365 GFLOPS/s)
MUL_MAT_ADD MUL_MAT_VEC q6_K m=5120 n=1 k=17408: 1 x 124.48 us = 124.48 us (1431.98 GFLOPS/s)
MUL_MAT_ADD MUL_MAT_VEC q6_K m=5120 n=1 k=6144: 1 x 54.12 us = 54.12 us (1162.41 GFLOPS/s)
MUL_MAT_VEC f32 m=256 n=4 k=256: 1 x 3.04 us = 3.04 us (172.126 GFLOPS/s)
MUL_MAT_VEC q6_K m=1024 n=1 k=5120: 2 x 9.26 us = 18.52 us (1132.26 GFLOPS/s)
MUL_MAT_VEC q6_K m=12288 n=1 k=5120: 1 x 86.24 us = 86.24 us (1458.92 GFLOPS/s)
MUL_MAT_VEC q6_K m=17408 n=1 k=5120: 2 x 121.34 us = 242.68 us (1468.93 GFLOPS/s)
MUL_MAT_VEC q6_K m=98304 n=1 k=5120: 1 x 671.71 us = 671.71 us (1498.47 GFLOPS/s)
MUL_MAT_VEC q8_0 m=5120 n=1 k=10240: 1 x 101.24 us = 101.24 us (1035.68 GFLOPS/s)
PAD: 1 x 6.36 us = 6.36 us
RMS_NORM_MUL RMS_NORM(256,24,1,1): 1 x 3.6 us = 3.6 us
RMS_NORM_MUL RMS_NORM(256,4,1,1): 1 x 3.6 us = 3.6 us
RMS_NORM_MUL RMS_NORM(5120,1,1,1): 5 x 3.728 us = 18.64 us
ROPE: 2 x 3.58 us = 7.16 us
SET_ROWS: 2 x 2.62 us = 5.24 us
SIGMOID_MUL SIGMOID: 1 x 1.72 us = 1.72 us
TOP_K K=10 (98304,1,1,1): 1 x 9.24 us = 9.24 us
Total time: 1399.31 us.
----------------
Vulkan Timings:
CONCAT: 1 x 3.8 us = 3.8 us
CONT: 1 x 3.64 us = 3.64 us
FLASH_ATTN_EXT dst(256,24,1,1),  q(256,1,24,1),  k(256,256,4,1),  v(256,256,4,1),  m(256,1,1,1): 1 x 13.2 us = 13.2 us (476.625 GFLOPS/s)
GET_ROWS: 2 x 4.22 us = 8.44 us
GLU: 1 x 1.8 us = 1.8 us
MUL_MAT f32 m=256 n=24 k=256: 1 x 1.68 us = 1.68 us (1868.8 GFLOPS/s)
MUL_MAT f32 m=64 n=16 k=64: 1 x 3.64 us = 3.64 us (35.7275 GFLOPS/s)
MUL_MAT f32 m=64 n=96 k=64: 1 x 3.6 us = 3.6 us (216.747 GFLOPS/s)
MUL_MAT_ADD MUL_MAT_VEC q6_K m=5120 n=1 k=17408: 1 x 124 us = 124 us (1437.52 GFLOPS/s)
MUL_MAT_ADD MUL_MAT_VEC q6_K m=5120 n=1 k=6144: 1 x 53.56 us = 53.56 us (1174.56 GFLOPS/s)
MUL_MAT_VEC f32 m=256 n=4 k=256: 1 x 3 us = 3 us (174.421 GFLOPS/s)
MUL_MAT_VEC q6_K m=1024 n=1 k=5120: 2 x 9.16 us = 18.32 us (1144.62 GFLOPS/s)
MUL_MAT_VEC q6_K m=12288 n=1 k=5120: 1 x 86.04 us = 86.04 us (1462.31 GFLOPS/s)
MUL_MAT_VEC q6_K m=17408 n=1 k=5120: 2 x 121.5 us = 243 us (1467 GFLOPS/s)
MUL_MAT_VEC q6_K m=98304 n=1 k=5120: 1 x 674.9 us = 674.9 us (1491.38 GFLOPS/s)
MUL_MAT_VEC q8_0 m=5120 n=1 k=10240: 1 x 101.08 us = 101.08 us (1037.32 GFLOPS/s)
PAD: 1 x 6.32 us = 6.32 us
RMS_NORM_MUL RMS_NORM(256,24,1,1): 1 x 3.64 us = 3.64 us
RMS_NORM_MUL RMS_NORM(256,4,1,1): 1 x 3.64 us = 3.64 us
RMS_NORM_MUL RMS_NORM(5120,1,1,1): 5 x 3.776 us = 18.88 us
ROPE: 2 x 3.58 us = 7.16 us
SET_ROWS: 2 x 2.62 us = 5.24 us
SIGMOID_MUL SIGMOID: 1 x 1.64 us = 1.64 us
TOP_K K=10 (98304,1,1,1): 1 x 9.04 us = 9.04 us
Total time: 1399.26 us.
----------------
Vulkan Timings:
CONCAT: 1 x 3.72 us = 3.72 us
CONT: 1 x 3.64 us = 3.64 us
FLASH_ATTN_EXT dst(256,24,1,1),  q(256,1,24,1),  k(256,256,4,1),  v(256,256,4,1),  m(256,1,1,1): 1 x 12.96 us = 12.96 us (485.452 GFLOPS/s)
GET_ROWS: 2 x 4.18 us = 8.36 us
GLU: 1 x 1.8 us = 1.8 us
MUL_MAT f32 m=256 n=24 k=256: 1 x 1.64 us = 1.64 us (1914.38 GFLOPS/s)
MUL_MAT f32 m=64 n=16 k=64: 1 x 3.6 us = 3.6 us (36.1244 GFLOPS/s)
MUL_MAT f32 m=64 n=96 k=64: 1 x 3.6 us = 3.6 us (216.747 GFLOPS/s)
MUL_MAT_ADD MUL_MAT_VEC q6_K m=5120 n=1 k=17408: 1 x 123.16 us = 123.16 us (1447.33 GFLOPS/s)
MUL_MAT_ADD MUL_MAT_VEC q6_K m=5120 n=1 k=6144: 1 x 53.48 us = 53.48 us (1176.32 GFLOPS/s)
MUL_MAT_VEC f32 m=256 n=4 k=256: 1 x 3 us = 3 us (174.421 GFLOPS/s)
MUL_MAT_VEC q6_K m=1024 n=1 k=5120: 2 x 9.14 us = 18.28 us (1147.13 GFLOPS/s)
MUL_MAT_VEC q6_K m=12288 n=1 k=5120: 1 x 85.96 us = 85.96 us (1463.67 GFLOPS/s)
MUL_MAT_VEC q6_K m=17408 n=1 k=5120: 2 x 121.26 us = 242.52 us (1469.9 GFLOPS/s)
MUL_MAT_VEC q6_K m=98304 n=1 k=5120: 1 x 671.74 us = 671.74 us (1498.4 GFLOPS/s)
MUL_MAT_VEC q8_0 m=5120 n=1 k=10240: 1 x 101.32 us = 101.32 us (1034.86 GFLOPS/s)
PAD: 1 x 7.08 us = 7.08 us
RMS_NORM_MUL RMS_NORM(256,24,1,1): 1 x 3.64 us = 3.64 us
RMS_NORM_MUL RMS_NORM(256,4,1,1): 1 x 3.6 us = 3.6 us
RMS_NORM_MUL RMS_NORM(5120,1,1,1): 5 x 3.76 us = 18.8 us
ROPE: 2 x 3.56 us = 7.12 us
SET_ROWS: 2 x 2.66 us = 5.32 us
SIGMOID_MUL SIGMOID: 1 x 1.72 us = 1.72 us
TOP_K K=10 (98304,1,1,1): 1 x 8.8 us = 8.8 us
Total time: 1394.86 us.
----------------
Vulkan Timings:
ADD: 48 x 3.753 us = 180.16 us
CONCAT: 48 x 2.48 us = 119.08 us
CONT: 16 x 3.815 us = 61.04 us
CPY: 240 x 2.212 us = 530.88 us
FLASH_ATTN_EXT dst(256,24,5,1),  q(256,5,24,1),  k(256,256,4,1),  v(256,256,4,1),  m(256,5,1,1): 16 x 20.917 us = 334.68 us (1503.87 GFLOPS/s)
GDN_CACHE GATED_DELTA_NET: 48 x 13.992 us = 671.64 us
GET_ROWS: 50 x 25.808 us = 1290.4 us
GLU: 64 x 2.998 us = 191.88 us
MUL_MAT f32 m=256 n=120 k=256: 16 x 1.812 us = 29 us (8660.92 GFLOPS/s)
MUL_MAT f32 m=256 n=20 k=256: 16 x 3.11 us = 49.76 us (841.26 GFLOPS/s)
MUL_MAT f32 m=64 n=480 k=64: 16 x 3.622 us = 57.96 us (1077 GFLOPS/s)
MUL_MAT f32 m=64 n=80 k=64: 16 x 3.287 us = 52.6 us (197.792 GFLOPS/s)
MUL_MAT_ADD MUL_MAT_VEC q6_K m=5120 n=5 k=17408: 64 x 130.349 us = 8342.36 us (6837.5 GFLOPS/s)
MUL_MAT_ADD MUL_MAT_VEC q6_K m=5120 n=5 k=6144: 16 x 55.055 us = 880.88 us (5713.33 GFLOPS/s)
MUL_MAT_VEC f32 m=48 n=5 k=5120: 96 x 3.412 us = 327.56 us (720.193 GFLOPS/s)
MUL_MAT_VEC q6_K m=1024 n=5 k=5120: 32 x 10.592 us = 338.96 us (4949.13 GFLOPS/s)
MUL_MAT_VEC q6_K m=10240 n=5 k=5120: 48 x 81.894 us = 3930.92 us (6401.39 GFLOPS/s)
MUL_MAT_VEC q6_K m=12288 n=5 k=5120: 16 x 96.297 us = 1540.76 us (6532.72 GFLOPS/s)
MUL_MAT_VEC q6_K m=17408 n=5 k=5120: 128 x 140.997 us = 18047.7 us (6320.68 GFLOPS/s)
MUL_MAT_VEC q6_K m=248320 n=5 k=5120: 1 x 1776.2 us = 1776.2 us (7157.27 GFLOPS/s)
MUL_MAT_VEC q6_K m=6144 n=5 k=5120: 48 x 53.491 us = 2567.6 us (5880.21 GFLOPS/s)
MUL_MAT_VEC q8_0 m=5120 n=5 k=6144: 48 x 62.871 us = 3017.84 us (5003 GFLOPS/s)
RMS_NORM_MUL RMS_NORM(256,24,5,1): 16 x 3.725 us = 59.6 us
RMS_NORM_MUL RMS_NORM(256,4,5,1): 16 x 4.402 us = 70.44 us
RMS_NORM_MUL RMS_NORM(5120,5,1,1): 129 x 4.512 us = 582.08 us
RMS_NORM_MUL_SILU_MUL RMS_NORM(128,48,5,1): 48 x 5.635 us = 270.48 us
RMS_NORM_SCALE RMS_NORM(128,16,5,1): 96 x 2.652 us = 254.64 us
ROPE: 32 x 3.843 us = 123 us
SET_ROWS: 32 x 2.942 us = 94.16 us
SIGMOID_MUL SIGMOID: 16 x 3.672 us = 58.76 us
SSM_CONV_SILU SSM_CONV: 48 x 5.685 us = 272.88 us
Total time: 46125.9 us.
----------------
Vulkan Timings:
CONCAT: 1 x 4 us = 4 us
CONT: 1 x 3.72 us = 3.72 us
FLASH_ATTN_EXT dst(256,24,5,1),  q(256,5,24,1),  k(256,256,4,1),  v(256,256,4,1),  m(256,5,1,1): 1 x 20.84 us = 20.84 us (1509.47 GFLOPS/s)
GLU: 1 x 1.52 us = 1.52 us
MUL_MAT f32 m=256 n=120 k=256: 1 x 1.76 us = 1.76 us (8919.27 GFLOPS/s)
MUL_MAT f32 m=256 n=20 k=256: 1 x 3.08 us = 3.08 us (849.455 GFLOPS/s)
MUL_MAT f32 m=64 n=480 k=64: 1 x 3.72 us = 3.72 us (1048.77 GFLOPS/s)
MUL_MAT f32 m=64 n=80 k=64: 1 x 3.64 us = 3.64 us (178.637 GFLOPS/s)
MUL_MAT_ADD MUL_MAT_VEC q6_K m=5120 n=5 k=17408: 1 x 153.86 us = 153.86 us (5792.69 GFLOPS/s)
MUL_MAT_ADD MUL_MAT_VEC q6_K m=5120 n=5 k=6144: 1 x 62.08 us = 62.08 us (5066.8 GFLOPS/s)
MUL_MAT_VEC q6_K m=1024 n=5 k=5120: 2 x 9.34 us = 18.68 us (5612.81 GFLOPS/s)
MUL_MAT_VEC q6_K m=12288 n=5 k=5120: 1 x 118.64 us = 118.64 us (5302.46 GFLOPS/s)
MUL_MAT_VEC q6_K m=17408 n=5 k=5120: 2 x 136 us = 272 us (6552.96 GFLOPS/s)
MUL_MAT_VEC q8_0 m=5120 n=5 k=10240: 1 x 106.12 us = 106.12 us (4940.28 GFLOPS/s)
RMS_NORM_MUL RMS_NORM(256,24,5,1): 1 x 3.76 us = 3.76 us
RMS_NORM_MUL RMS_NORM(256,4,5,1): 1 x 3.64 us = 3.64 us
RMS_NORM_MUL RMS_NORM(5120,5,1,1): 5 x 8.152 us = 40.76 us
ROPE: 2 x 3.66 us = 7.32 us
SET_ROWS: 2 x 2.68 us = 5.36 us
SIGMOID_MUL SIGMOID: 1 x 1.72 us = 1.72 us
Total time: 836.22 us.
----------------
Vulkan Timings:
CONCAT: 1 x 4 us = 4 us
CONT: 1 x 3.56 us = 3.56 us
FLASH_ATTN_EXT dst(256,24,1,1),  q(256,1,24,1),  k(256,256,4,1),  v(256,256,4,1),  m(256,1,1,1): 1 x 12.48 us = 12.48 us (504.123 GFLOPS/s)
GET_ROWS: 2 x 4.34 us = 8.68 us
GLU: 1 x 1.56 us = 1.56 us
MUL_MAT f32 m=256 n=24 k=256: 1 x 1.56 us = 1.56 us (2012.55 GFLOPS/s)
MUL_MAT f32 m=64 n=16 k=64: 1 x 1.8 us = 1.8 us (72.2489 GFLOPS/s)
MUL_MAT f32 m=64 n=96 k=64: 1 x 3.2 us = 3.2 us (243.84 GFLOPS/s)
MUL_MAT_ADD MUL_MAT_VEC q6_K m=5120 n=1 k=17408: 1 x 131.4 us = 131.4 us (1356.57 GFLOPS/s)
MUL_MAT_ADD MUL_MAT_VEC q6_K m=5120 n=1 k=6144: 1 x 53.88 us = 53.88 us (1167.58 GFLOPS/s)
MUL_MAT_VEC f32 m=256 n=4 k=256: 1 x 3 us = 3 us (174.421 GFLOPS/s)
MUL_MAT_VEC q6_K m=1024 n=1 k=5120: 2 x 9.32 us = 18.64 us (1124.97 GFLOPS/s)
MUL_MAT_VEC q6_K m=12288 n=1 k=5120: 1 x 90.48 us = 90.48 us (1390.55 GFLOPS/s)
MUL_MAT_VEC q6_K m=17408 n=1 k=5120: 2 x 118.14 us = 236.28 us (1508.72 GFLOPS/s)
MUL_MAT_VEC q6_K m=98304 n=1 k=5120: 1 x 671.79 us = 671.79 us (1498.29 GFLOPS/s)
MUL_MAT_VEC q8_0 m=5120 n=1 k=10240: 1 x 91.32 us = 91.32 us (1148.19 GFLOPS/s)
PAD: 1 x 6.28 us = 6.28 us
RMS_NORM_MUL RMS_NORM(256,24,1,1): 1 x 3.2 us = 3.2 us
RMS_NORM_MUL RMS_NORM(256,4,1,1): 1 x 4.84 us = 4.84 us
RMS_NORM_MUL RMS_NORM(5120,1,1,1): 5 x 4.368 us = 21.84 us
ROPE: 2 x 3.32 us = 6.64 us
SET_ROWS: 2 x 2.6 us = 5.2 us
SIGMOID_MUL SIGMOID: 1 x 1.56 us = 1.56 us
TOP_K K=10 (98304,1,1,1): 1 x 8.84 us = 8.84 us
Total time: 1392.03 us.
----------------
Vulkan Timings:
CONCAT: 1 x 3.76 us = 3.76 us
CONT: 1 x 3.6 us = 3.6 us
FLASH_ATTN_EXT dst(256,24,1,1),  q(256,1,24,1),  k(256,256,4,1),  v(256,256,4,1),  m(256,1,1,1): 1 x 13.12 us = 13.12 us (479.532 GFLOPS/s)
GET_ROWS: 2 x 4.18 us = 8.36 us
GLU: 1 x 1.8 us = 1.8 us
MUL_MAT f32 m=256 n=24 k=256: 1 x 1.68 us = 1.68 us (1868.8 GFLOPS/s)
MUL_MAT f32 m=64 n=16 k=64: 1 x 3.64 us = 3.64 us (35.7275 GFLOPS/s)
MUL_MAT f32 m=64 n=96 k=64: 1 x 3.6 us = 3.6 us (216.747 GFLOPS/s)
MUL_MAT_ADD MUL_MAT_VEC q6_K m=5120 n=1 k=17408: 1 x 122.8 us = 122.8 us (1451.57 GFLOPS/s)
MUL_MAT_ADD MUL_MAT_VEC q6_K m=5120 n=1 k=6144: 1 x 50.88 us = 50.88 us (1236.43 GFLOPS/s)
MUL_MAT_VEC f32 m=256 n=4 k=256: 1 x 3.08 us = 3.08 us (169.891 GFLOPS/s)
MUL_MAT_VEC q6_K m=1024 n=1 k=5120: 2 x 9.28 us = 18.56 us (1129.82 GFLOPS/s)
MUL_MAT_VEC q6_K m=12288 n=1 k=5120: 1 x 85.76 us = 85.76 us (1467.08 GFLOPS/s)
MUL_MAT_VEC q6_K m=17408 n=1 k=5120: 2 x 121.24 us = 242.48 us (1470.15 GFLOPS/s)
MUL_MAT_VEC q6_K m=98304 n=1 k=5120: 1 x 669.72 us = 669.72 us (1502.92 GFLOPS/s)
MUL_MAT_VEC q8_0 m=5120 n=1 k=10240: 1 x 101.68 us = 101.68 us (1031.2 GFLOPS/s)
PAD: 1 x 6.36 us = 6.36 us
RMS_NORM_MUL RMS_NORM(256,24,1,1): 1 x 3.6 us = 3.6 us
RMS_NORM_MUL RMS_NORM(256,4,1,1): 1 x 3.6 us = 3.6 us
RMS_NORM_MUL RMS_NORM(5120,1,1,1): 5 x 4.256 us = 21.28 us
ROPE: 2 x 3.62 us = 7.24 us
SET_ROWS: 2 x 2.64 us = 5.28 us
SIGMOID_MUL SIGMOID: 1 x 1.68 us = 1.68 us
TOP_K K=10 (98304,1,1,1): 1 x 8.92 us = 8.92 us
Total time: 1392.48 us.
----------------
Vulkan Timings:
CONCAT: 1 x 3.76 us = 3.76 us
CONT: 1 x 3.64 us = 3.64 us
FLASH_ATTN_EXT dst(256,24,1,1),  q(256,1,24,1),  k(256,256,4,1),  v(256,256,4,1),  m(256,1,1,1): 1 x 13.04 us = 13.04 us (482.474 GFLOPS/s)
GET_ROWS: 2 x 4.18 us = 8.36 us
GLU: 1 x 1.84 us = 1.84 us
MUL_MAT f32 m=256 n=24 k=256: 1 x 1.6 us = 1.6 us (1962.24 GFLOPS/s)
MUL_MAT f32 m=64 n=16 k=64: 1 x 3.6 us = 3.6 us (36.1244 GFLOPS/s)
MUL_MAT f32 m=64 n=96 k=64: 1 x 3.64 us = 3.64 us (214.365 GFLOPS/s)
MUL_MAT_ADD MUL_MAT_VEC q6_K m=5120 n=1 k=17408: 1 x 123.64 us = 123.64 us (1441.71 GFLOPS/s)
MUL_MAT_ADD MUL_MAT_VEC q6_K m=5120 n=1 k=6144: 1 x 53.44 us = 53.44 us (1177.2 GFLOPS/s)
MUL_MAT_VEC f32 m=256 n=4 k=256: 1 x 3.04 us = 3.04 us (172.126 GFLOPS/s)
MUL_MAT_VEC q6_K m=1024 n=1 k=5120: 2 x 9.02 us = 18.04 us (1162.39 GFLOPS/s)
MUL_MAT_VEC q6_K m=12288 n=1 k=5120: 1 x 85.84 us = 85.84 us (1465.71 GFLOPS/s)
MUL_MAT_VEC q6_K m=17408 n=1 k=5120: 2 x 121.5 us = 243 us (1467 GFLOPS/s)
MUL_MAT_VEC q6_K m=98304 n=1 k=5120: 1 x 669.55 us = 669.55 us (1503.3 GFLOPS/s)
MUL_MAT_VEC q8_0 m=5120 n=1 k=10240: 1 x 100.88 us = 100.88 us (1039.38 GFLOPS/s)
PAD: 1 x 6.4 us = 6.4 us
RMS_NORM_MUL RMS_NORM(256,24,1,1): 1 x 3.64 us = 3.64 us
RMS_NORM_MUL RMS_NORM(256,4,1,1): 1 x 3.6 us = 3.6 us
RMS_NORM_MUL RMS_NORM(5120,1,1,1): 5 x 3.736 us = 18.68 us
ROPE: 2 x 3.54 us = 7.08 us
SET_ROWS: 2 x 2.68 us = 5.36 us
SIGMOID_MUL SIGMOID: 1 x 1.72 us = 1.72 us
TOP_K K=10 (98304,1,1,1): 1 x 9 us = 9 us
Total time: 1392.39 us.
----------------
Vulkan Timings:
CONCAT: 1 x 3.76 us = 3.76 us
CONT: 1 x 3.64 us = 3.64 us
FLASH_ATTN_EXT dst(256,24,1,1),  q(256,1,24,1),  k(256,256,4,1),  v(256,256,4,1),  m(256,1,1,1): 1 x 12.72 us = 12.72 us (494.611 GFLOPS/s)
GET_ROWS: 2 x 4.32 us = 8.64 us
GLU: 1 x 1.88 us = 1.88 us
MUL_MAT f32 m=256 n=24 k=256: 1 x 1.68 us = 1.68 us (1868.8 GFLOPS/s)
MUL_MAT f32 m=64 n=16 k=64: 1 x 3.56 us = 3.56 us (36.5303 GFLOPS/s)
MUL_MAT f32 m=64 n=96 k=64: 1 x 3.6 us = 3.6 us (216.747 GFLOPS/s)
MUL_MAT_ADD MUL_MAT_VEC q6_K m=5120 n=1 k=17408: 1 x 123.16 us = 123.16 us (1447.33 GFLOPS/s)
MUL_MAT_ADD MUL_MAT_VEC q6_K m=5120 n=1 k=6144: 1 x 53.48 us = 53.48 us (1176.32 GFLOPS/s)
MUL_MAT_VEC f32 m=256 n=4 k=256: 1 x 3 us = 3 us (174.421 GFLOPS/s)
MUL_MAT_VEC q6_K m=1024 n=1 k=5120: 2 x 9.08 us = 18.16 us (1154.71 GFLOPS/s)
MUL_MAT_VEC q6_K m=12288 n=1 k=5120: 1 x 85.48 us = 85.48 us (1471.89 GFLOPS/s)
MUL_MAT_VEC q6_K m=17408 n=1 k=5120: 2 x 121.16 us = 242.32 us (1471.12 GFLOPS/s)
MUL_MAT_VEC q6_K m=98304 n=1 k=5120: 1 x 671.45 us = 671.45 us (1499.05 GFLOPS/s)
MUL_MAT_VEC q8_0 m=5120 n=1 k=10240: 1 x 101.4 us = 101.4 us (1034.05 GFLOPS/s)
PAD: 1 x 6.28 us = 6.28 us
RMS_NORM_MUL RMS_NORM(256,24,1,1): 1 x 3.6 us = 3.6 us
RMS_NORM_MUL RMS_NORM(256,4,1,1): 1 x 3.64 us = 3.64 us
RMS_NORM_MUL RMS_NORM(5120,1,1,1): 5 x 3.704 us = 18.52 us
ROPE: 2 x 3.56 us = 7.12 us
SET_ROWS: 2 x 2.64 us = 5.28 us
SIGMOID_MUL SIGMOID: 1 x 1.64 us = 1.64 us
TOP_K K=10 (98304,1,1,1): 1 x 9.08 us = 9.08 us
Total time: 1393.09 us.
----------------
Vulkan Timings:
ADD: 48 x 3.755 us = 180.24 us
CONCAT: 48 x 2.425 us = 116.44 us
CONT: 16 x 3.815 us = 61.04 us
CPY: 240 x 2.243 us = 538.52 us
FLASH_ATTN_EXT dst(256,24,5,1),  q(256,5,24,1),  k(256,256,4,1),  v(256,256,4,1),  m(256,5,1,1): 16 x 20.92 us = 334.72 us (1503.69 GFLOPS/s)
GDN_CACHE GATED_DELTA_NET: 48 x 13.959 us = 670.04 us
GET_ROWS: 50 x 25.821 us = 1291.08 us
GLU: 64 x 2.885 us = 184.68 us
MUL_MAT f32 m=256 n=120 k=256: 16 x 1.812 us = 29 us (8660.92 GFLOPS/s)
MUL_MAT f32 m=256 n=20 k=256: 16 x 3.112 us = 49.8 us (840.585 GFLOPS/s)
MUL_MAT f32 m=64 n=480 k=64: 16 x 3.615 us = 57.84 us (1079.24 GFLOPS/s)
MUL_MAT f32 m=64 n=80 k=64: 16 x 3.285 us = 52.56 us (197.942 GFLOPS/s)
MUL_MAT_ADD MUL_MAT_VEC q6_K m=5120 n=5 k=17408: 64 x 130.623 us = 8359.92 us (6823.14 GFLOPS/s)
MUL_MAT_ADD MUL_MAT_VEC q6_K m=5120 n=5 k=6144: 16 x 55.14 us = 882.24 us (5704.52 GFLOPS/s)
MUL_MAT_VEC f32 m=48 n=5 k=5120: 96 x 3.397 us = 326.2 us (723.196 GFLOPS/s)
MUL_MAT_VEC q6_K m=1024 n=5 k=5120: 32 x 10.988 us = 351.64 us (4770.67 GFLOPS/s)
MUL_MAT_VEC q6_K m=10240 n=5 k=5120: 48 x 81.953 us = 3933.76 us (6396.77 GFLOPS/s)
MUL_MAT_VEC q6_K m=12288 n=5 k=5120: 16 x 95.177 us = 1522.84 us (6609.59 GFLOPS/s)
MUL_MAT_VEC q6_K m=17408 n=5 k=5120: 128 x 141.112 us = 18062.4 us (6315.55 GFLOPS/s)
MUL_MAT_VEC q6_K m=248320 n=5 k=5120: 1 x 1769.68 us = 1769.68 us (7183.64 GFLOPS/s)
MUL_MAT_VEC q6_K m=6144 n=5 k=5120: 48 x 53.571 us = 2571.44 us (5871.43 GFLOPS/s)
MUL_MAT_VEC q8_0 m=5120 n=5 k=6144: 48 x 63.024 us = 3025.16 us (4990.9 GFLOPS/s)
RMS_NORM_MUL RMS_NORM(256,24,5,1): 16 x 3.815 us = 61.04 us
RMS_NORM_MUL RMS_NORM(256,4,5,1): 16 x 4.417 us = 70.68 us
RMS_NORM_MUL RMS_NORM(5120,5,1,1): 129 x 4.53 us = 584.48 us
RMS_NORM_MUL_SILU_MUL RMS_NORM(128,48,5,1): 48 x 5.637 us = 270.6 us
RMS_NORM_SCALE RMS_NORM(128,16,5,1): 96 x 2.672 us = 256.56 us
ROPE: 32 x 3.846 us = 123.08 us
SET_ROWS: 32 x 2.94 us = 94.08 us
SIGMOID_MUL SIGMOID: 16 x 3.662 us = 58.6 us
SSM_CONV_SILU SSM_CONV: 48 x 5.681 us = 272.72 us
Total time: 46163.1 us.
----------------
Vulkan Timings:
CONCAT: 1 x 4.52 us = 4.52 us
CONT: 1 x 3.64 us = 3.64 us
FLASH_ATTN_EXT dst(256,24,5,1),  q(256,5,24,1),  k(256,256,4,1),  v(256,256,4,1),  m(256,5,1,1): 1 x 20.76 us = 20.76 us (1515.28 GFLOPS/s)
GLU: 1 x 1.52 us = 1.52 us
MUL_MAT f32 m=256 n=120 k=256: 1 x 1.72 us = 1.72 us (9126.7 GFLOPS/s)
MUL_MAT f32 m=256 n=20 k=256: 1 x 3.04 us = 3.04 us (860.632 GFLOPS/s)
MUL_MAT f32 m=64 n=480 k=64: 1 x 3.68 us = 3.68 us (1060.17 GFLOPS/s)
MUL_MAT f32 m=64 n=80 k=64: 1 x 3.64 us = 3.64 us (178.637 GFLOPS/s)
MUL_MAT_ADD MUL_MAT_VEC q6_K m=5120 n=5 k=17408: 1 x 154.46 us = 154.46 us (5770.19 GFLOPS/s)
MUL_MAT_ADD MUL_MAT_VEC q6_K m=5120 n=5 k=6144: 1 x 61.44 us = 61.44 us (5119.58 GFLOPS/s)
MUL_MAT_VEC q6_K m=1024 n=5 k=5120: 2 x 9.06 us = 18.12 us (5786.28 GFLOPS/s)
MUL_MAT_VEC q6_K m=12288 n=5 k=5120: 1 x 121.35 us = 121.35 us (5184.05 GFLOPS/s)
MUL_MAT_VEC q6_K m=17408 n=5 k=5120: 2 x 135.66 us = 271.32 us (6569.38 GFLOPS/s)
MUL_MAT_VEC q8_0 m=5120 n=5 k=10240: 1 x 107.24 us = 107.24 us (4888.68 GFLOPS/s)
RMS_NORM_MUL RMS_NORM(256,24,5,1): 1 x 3.84 us = 3.84 us
RMS_NORM_MUL RMS_NORM(256,4,5,1): 1 x 3.68 us = 3.68 us
RMS_NORM_MUL RMS_NORM(5120,5,1,1): 5 x 8.242 us = 41.21 us
ROPE: 2 x 3.66 us = 7.32 us
SET_ROWS: 2 x 2.68 us = 5.36 us
SIGMOID_MUL SIGMOID: 1 x 1.68 us = 1.68 us
Total time: 839.54 us.
----------------
Vulkan Timings:
CONCAT: 1 x 3.64 us = 3.64 us
CONT: 1 x 3.48 us = 3.48 us
FLASH_ATTN_EXT dst(256,24,1,1),  q(256,1,24,1),  k(256,256,4,1),  v(256,256,4,1),  m(256,1,1,1): 1 x 12.52 us = 12.52 us (502.512 GFLOPS/s)
GET_ROWS: 2 x 5.34 us = 10.68 us
GLU: 1 x 1.72 us = 1.72 us
MUL_MAT f32 m=256 n=24 k=256: 1 x 1.56 us = 1.56 us (2012.55 GFLOPS/s)
MUL_MAT f32 m=64 n=16 k=64: 1 x 1.84 us = 1.84 us (70.6783 GFLOPS/s)
MUL_MAT f32 m=64 n=96 k=64: 1 x 3.16 us = 3.16 us (246.927 GFLOPS/s)
MUL_MAT_ADD MUL_MAT_VEC q6_K m=5120 n=1 k=17408: 1 x 129.88 us = 129.88 us (1372.44 GFLOPS/s)
MUL_MAT_ADD MUL_MAT_VEC q6_K m=5120 n=1 k=6144: 1 x 53.16 us = 53.16 us (1183.4 GFLOPS/s)
MUL_MAT_VEC f32 m=256 n=4 k=256: 1 x 3 us = 3 us (174.421 GFLOPS/s)
MUL_MAT_VEC q6_K m=1024 n=1 k=5120: 2 x 9.26 us = 18.52 us (1132.26 GFLOPS/s)
MUL_MAT_VEC q6_K m=12288 n=1 k=5120: 1 x 89.36 us = 89.36 us (1407.98 GFLOPS/s)
MUL_MAT_VEC q6_K m=17408 n=1 k=5120: 2 x 117.98 us = 235.96 us (1510.77 GFLOPS/s)
MUL_MAT_VEC q6_K m=98304 n=1 k=5120: 1 x 672.6 us = 672.6 us (1496.48 GFLOPS/s)
MUL_MAT_VEC q8_0 m=5120 n=1 k=10240: 1 x 91.72 us = 91.72 us (1143.18 GFLOPS/s)
PAD: 1 x 8.44 us = 8.44 us
RMS_NORM_MUL RMS_NORM(256,24,1,1): 1 x 3.2 us = 3.2 us
RMS_NORM_MUL RMS_NORM(256,4,1,1): 1 x 4.8 us = 4.8 us
RMS_NORM_MUL RMS_NORM(5120,1,1,1): 5 x 4.464 us = 22.32 us
ROPE: 2 x 3.32 us = 6.64 us
SET_ROWS: 2 x 2.6 us = 5.2 us
SIGMOID_MUL SIGMOID: 1 x 1.52 us = 1.52 us
TOP_K K=10 (98304,1,1,1): 1 x 6.68 us = 6.68 us
Total time: 1391.6 us.
----------------
Vulkan Timings:
CONCAT: 1 x 3.72 us = 3.72 us
CONT: 1 x 3.64 us = 3.64 us
FLASH_ATTN_EXT dst(256,24,1,1),  q(256,1,24,1),  k(256,256,4,1),  v(256,256,4,1),  m(256,1,1,1): 1 x 12.8 us = 12.8 us (491.52 GFLOPS/s)
GET_ROWS: 2 x 4.2 us = 8.4 us
GLU: 1 x 1.8 us = 1.8 us
MUL_MAT f32 m=256 n=24 k=256: 1 x 1.6 us = 1.6 us (1962.24 GFLOPS/s)
MUL_MAT f32 m=64 n=16 k=64: 1 x 3.6 us = 3.6 us (36.1244 GFLOPS/s)
MUL_MAT f32 m=64 n=96 k=64: 1 x 3.6 us = 3.6 us (216.747 GFLOPS/s)
MUL_MAT_ADD MUL_MAT_VEC q6_K m=5120 n=1 k=17408: 1 x 123.64 us = 123.64 us (1441.71 GFLOPS/s)
MUL_MAT_ADD MUL_MAT_VEC q6_K m=5120 n=1 k=6144: 1 x 53.56 us = 53.56 us (1174.56 GFLOPS/s)
MUL_MAT_VEC f32 m=256 n=4 k=256: 1 x 3.04 us = 3.04 us (172.126 GFLOPS/s)
MUL_MAT_VEC q6_K m=1024 n=1 k=5120: 2 x 9.18 us = 18.36 us (1142.13 GFLOPS/s)
MUL_MAT_VEC q6_K m=12288 n=1 k=5120: 1 x 85.76 us = 85.76 us (1467.08 GFLOPS/s)
MUL_MAT_VEC q6_K m=17408 n=1 k=5120: 2 x 121.14 us = 242.28 us (1471.36 GFLOPS/s)
MUL_MAT_VEC q6_K m=98304 n=1 k=5120: 1 x 669.89 us = 669.89 us (1502.54 GFLOPS/s)
MUL_MAT_VEC q8_0 m=5120 n=1 k=10240: 1 x 101.2 us = 101.2 us (1036.09 GFLOPS/s)
PAD: 1 x 6.32 us = 6.32 us
RMS_NORM_MUL RMS_NORM(256,24,1,1): 1 x 3.64 us = 3.64 us
RMS_NORM_MUL RMS_NORM(256,4,1,1): 1 x 3.6 us = 3.6 us
RMS_NORM_MUL RMS_NORM(5120,1,1,1): 5 x 3.776 us = 18.88 us
ROPE: 2 x 3.58 us = 7.16 us
SET_ROWS: 2 x 2.66 us = 5.32 us
SIGMOID_MUL SIGMOID: 1 x 1.72 us = 1.72 us
TOP_K K=10 (98304,1,1,1): 1 x 9.12 us = 9.12 us
Total time: 1392.65 us.
----------------
Vulkan Timings:
CONCAT: 1 x 3.8 us = 3.8 us
CONT: 1 x 3.64 us = 3.64 us
FLASH_ATTN_EXT dst(256,24,1,1),  q(256,1,24,1),  k(256,256,4,1),  v(256,256,4,1),  m(256,1,1,1): 1 x 14.48 us = 14.48 us (434.493 GFLOPS/s)
GET_ROWS: 2 x 4.32 us = 8.64 us
GLU: 1 x 1.8 us = 1.8 us
MUL_MAT f32 m=256 n=24 k=256: 1 x 2.28 us = 2.28 us (1377.01 GFLOPS/s)
MUL_MAT f32 m=64 n=16 k=64: 1 x 3.56 us = 3.56 us (36.5303 GFLOPS/s)
MUL_MAT f32 m=64 n=96 k=64: 1 x 3.56 us = 3.56 us (219.182 GFLOPS/s)
MUL_MAT_ADD MUL_MAT_VEC q6_K m=5120 n=1 k=17408: 1 x 123.16 us = 123.16 us (1447.33 GFLOPS/s)
MUL_MAT_ADD MUL_MAT_VEC q6_K m=5120 n=1 k=6144: 1 x 54.96 us = 54.96 us (1144.64 GFLOPS/s)
MUL_MAT_VEC f32 m=256 n=4 k=256: 1 x 0.72 us = 0.72 us (726.756 GFLOPS/s)
MUL_MAT_VEC q6_K m=1024 n=1 k=5120: 2 x 9.12 us = 18.24 us (1149.64 GFLOPS/s)
MUL_MAT_VEC q6_K m=12288 n=1 k=5120: 1 x 85.36 us = 85.36 us (1473.96 GFLOPS/s)
MUL_MAT_VEC q6_K m=17408 n=1 k=5120: 2 x 121.18 us = 242.36 us (1470.87 GFLOPS/s)
MUL_MAT_VEC q6_K m=98304 n=1 k=5120: 1 x 669.71 us = 669.71 us (1502.94 GFLOPS/s)
MUL_MAT_VEC q8_0 m=5120 n=1 k=10240: 1 x 101.52 us = 101.52 us (1032.83 GFLOPS/s)
PAD: 1 x 6.32 us = 6.32 us
RMS_NORM_MUL RMS_NORM(256,24,1,1): 1 x 3.6 us = 3.6 us
RMS_NORM_MUL RMS_NORM(256,4,1,1): 1 x 3.64 us = 3.64 us
RMS_NORM_MUL RMS_NORM(5120,1,1,1): 5 x 3.672 us = 18.36 us
ROPE: 2 x 3.56 us = 7.12 us
SET_ROWS: 2 x 2.84 us = 5.68 us
SIGMOID_MUL SIGMOID: 1 x 1.68 us = 1.68 us
TOP_K K=10 (98304,1,1,1): 1 x 9 us = 9 us
Total time: 1393.19 us.
----------------
Vulkan Timings:
CONCAT: 1 x 3.72 us = 3.72 us
CONT: 1 x 3.6 us = 3.6 us
FLASH_ATTN_EXT dst(256,24,1,1),  q(256,1,24,1),  k(256,256,4,1),  v(256,256,4,1),  m(256,1,1,1): 1 x 13.24 us = 13.24 us (475.185 GFLOPS/s)
GET_ROWS: 2 x 4.26 us = 8.52 us
GLU: 1 x 1.8 us = 1.8 us
MUL_MAT f32 m=256 n=24 k=256: 1 x 1.6 us = 1.6 us (1962.24 GFLOPS/s)
MUL_MAT f32 m=64 n=16 k=64: 1 x 3.64 us = 3.64 us (35.7275 GFLOPS/s)
MUL_MAT f32 m=64 n=96 k=64: 1 x 3.6 us = 3.6 us (216.747 GFLOPS/s)
MUL_MAT_ADD MUL_MAT_VEC q6_K m=5120 n=1 k=17408: 1 x 123.92 us = 123.92 us (1438.45 GFLOPS/s)
MUL_MAT_ADD MUL_MAT_VEC q6_K m=5120 n=1 k=6144: 1 x 53.48 us = 53.48 us (1176.32 GFLOPS/s)
MUL_MAT_VEC f32 m=256 n=4 k=256: 1 x 3.04 us = 3.04 us (172.126 GFLOPS/s)
MUL_MAT_VEC q6_K m=1024 n=1 k=5120: 2 x 9.06 us = 18.12 us (1157.26 GFLOPS/s)
MUL_MAT_VEC q6_K m=12288 n=1 k=5120: 1 x 85.72 us = 85.72 us (1467.77 GFLOPS/s)
MUL_MAT_VEC q6_K m=17408 n=1 k=5120: 2 x 121.24 us = 242.48 us (1470.15 GFLOPS/s)
MUL_MAT_VEC q6_K m=98304 n=1 k=5120: 1 x 670.19 us = 670.19 us (1501.86 GFLOPS/s)
MUL_MAT_VEC q8_0 m=5120 n=1 k=10240: 1 x 100.68 us = 100.68 us (1041.44 GFLOPS/s)
PAD: 1 x 6.36 us = 6.36 us
RMS_NORM_MUL RMS_NORM(256,24,1,1): 1 x 3.6 us = 3.6 us
RMS_NORM_MUL RMS_NORM(256,4,1,1): 1 x 3.6 us = 3.6 us
RMS_NORM_MUL RMS_NORM(5120,1,1,1): 5 x 3.736 us = 18.68 us
ROPE: 2 x 3.6 us = 7.2 us
SET_ROWS: 2 x 2.62 us = 5.24 us
SIGMOID_MUL SIGMOID: 1 x 1.68 us = 1.68 us
TOP_K K=10 (98304,1,1,1): 1 x 8.96 us = 8.96 us
Total time: 1392.67 us.
----------------
Vulkan Timings:
ADD: 48 x 3.769 us = 180.92 us
CONCAT: 48 x 2.399 us = 115.16 us
CONT: 16 x 3.855 us = 61.68 us
CPY: 240 x 2.246 us = 539.04 us
FLASH_ATTN_EXT dst(256,24,5,1),  q(256,5,24,1),  k(256,256,4,1),  v(256,256,4,1),  m(256,5,1,1): 16 x 21.16 us = 338.56 us (1486.64 GFLOPS/s)
GDN_CACHE GATED_DELTA_NET: 48 x 13.782 us = 661.56 us
GET_ROWS: 50 x 25.904 us = 1295.24 us
GLU: 64 x 3.028 us = 193.84 us
MUL_MAT f32 m=256 n=120 k=256: 16 x 1.845 us = 29.52 us (8508.36 GFLOPS/s)
MUL_MAT f32 m=256 n=20 k=256: 16 x 2.972 us = 47.56 us (880.175 GFLOPS/s)
MUL_MAT f32 m=64 n=480 k=64: 16 x 3.672 us = 58.76 us (1062.34 GFLOPS/s)
MUL_MAT f32 m=64 n=80 k=64: 16 x 3.392 us = 54.28 us (191.67 GFLOPS/s)
MUL_MAT_ADD MUL_MAT_VEC q6_K m=5120 n=5 k=17408: 64 x 130.454 us = 8349.08 us (6832 GFLOPS/s)
MUL_MAT_ADD MUL_MAT_VEC q6_K m=5120 n=5 k=6144: 16 x 55.202 us = 883.24 us (5698.06 GFLOPS/s)
MUL_MAT_VEC f32 m=48 n=5 k=5120: 96 x 3.616 us = 347.16 us (679.533 GFLOPS/s)
MUL_MAT_VEC q6_K m=1024 n=5 k=5120: 32 x 10.3 us = 329.6 us (5089.68 GFLOPS/s)
MUL_MAT_VEC q6_K m=10240 n=5 k=5120: 48 x 82.04 us = 3937.92 us (6390.01 GFLOPS/s)
MUL_MAT_VEC q6_K m=12288 n=5 k=5120: 16 x 96.742 us = 1547.88 us (6502.67 GFLOPS/s)
MUL_MAT_VEC q6_K m=17408 n=5 k=5120: 128 x 140.819 us = 18024.9 us (6328.68 GFLOPS/s)
MUL_MAT_VEC q6_K m=248320 n=5 k=5120: 1 x 1776 us = 1776 us (7158.08 GFLOPS/s)
MUL_MAT_VEC q6_K m=6144 n=5 k=5120: 48 x 53.567 us = 2571.24 us (5871.88 GFLOPS/s)
MUL_MAT_VEC q8_0 m=5120 n=5 k=6144: 48 x 62.986 us = 3023.36 us (4993.87 GFLOPS/s)
RMS_NORM_MUL RMS_NORM(256,24,5,1): 16 x 3.745 us = 59.92 us
RMS_NORM_MUL RMS_NORM(256,4,5,1): 16 x 4.337 us = 69.4 us
RMS_NORM_MUL RMS_NORM(5120,5,1,1): 129 x 4.568 us = 589.32 us
RMS_NORM_MUL_SILU_MUL RMS_NORM(128,48,5,1): 48 x 5.653 us = 271.36 us
RMS_NORM_SCALE RMS_NORM(128,16,5,1): 96 x 2.593 us = 249 us
ROPE: 32 x 3.866 us = 123.72 us
SET_ROWS: 32 x 2.957 us = 94.64 us
SIGMOID_MUL SIGMOID: 16 x 3.692 us = 59.08 us
SSM_CONV_SILU SSM_CONV: 48 x 5.667 us = 272.04 us
Total time: 46155 us.
----------------
Vulkan Timings:
CONCAT: 1 x 4.08 us = 4.08 us
CONT: 1 x 3.68 us = 3.68 us
FLASH_ATTN_EXT dst(256,24,5,1),  q(256,5,24,1),  k(256,256,4,1),  v(256,256,4,1),  m(256,5,1,1): 1 x 20.8 us = 20.8 us (1512.37 GFLOPS/s)
GLU: 1 x 1.56 us = 1.56 us
MUL_MAT f32 m=256 n=120 k=256: 1 x 1.68 us = 1.68 us (9344 GFLOPS/s)
MUL_MAT f32 m=256 n=20 k=256: 1 x 3.04 us = 3.04 us (860.632 GFLOPS/s)
MUL_MAT f32 m=64 n=480 k=64: 1 x 3.68 us = 3.68 us (1060.17 GFLOPS/s)
MUL_MAT f32 m=64 n=80 k=64: 1 x 3.64 us = 3.64 us (178.637 GFLOPS/s)
MUL_MAT_ADD MUL_MAT_VEC q6_K m=5120 n=5 k=17408: 1 x 154.97 us = 154.97 us (5751.2 GFLOPS/s)
MUL_MAT_ADD MUL_MAT_VEC q6_K m=5120 n=5 k=6144: 1 x 62.32 us = 62.32 us (5047.29 GFLOPS/s)
MUL_MAT_VEC q6_K m=1024 n=5 k=5120: 2 x 9.18 us = 18.36 us (5710.64 GFLOPS/s)
MUL_MAT_VEC q6_K m=12288 n=5 k=5120: 1 x 120.96 us = 120.96 us (5200.76 GFLOPS/s)
MUL_MAT_VEC q6_K m=17408 n=5 k=5120: 2 x 136.5 us = 273 us (6528.96 GFLOPS/s)
MUL_MAT_VEC q8_0 m=5120 n=5 k=10240: 1 x 105.28 us = 105.28 us (4979.7 GFLOPS/s)
RMS_NORM_MUL RMS_NORM(256,24,5,1): 1 x 3.76 us = 3.76 us
RMS_NORM_MUL RMS_NORM(256,4,5,1): 1 x 3.6 us = 3.6 us
RMS_NORM_MUL RMS_NORM(5120,5,1,1): 5 x 8.178 us = 40.89 us
ROPE: 2 x 3.66 us = 7.32 us
SET_ROWS: 2 x 2.68 us = 5.36 us
SIGMOID_MUL SIGMOID: 1 x 1.72 us = 1.72 us
Total time: 839.7 us.
----------------
Vulkan Timings:
CONCAT: 1 x 3.68 us = 3.68 us
CONT: 1 x 3.52 us = 3.52 us
FLASH_ATTN_EXT dst(256,24,1,1),  q(256,1,24,1),  k(256,256,4,1),  v(256,256,4,1),  m(256,1,1,1): 1 x 12.88 us = 12.88 us (488.467 GFLOPS/s)
GET_ROWS: 2 x 4.28 us = 8.56 us
GLU: 1 x 1.64 us = 1.64 us
MUL_MAT f32 m=256 n=24 k=256: 1 x 1.52 us = 1.52 us (2065.52 GFLOPS/s)
MUL_MAT f32 m=64 n=16 k=64: 1 x 1.8 us = 1.8 us (72.2489 GFLOPS/s)
MUL_MAT f32 m=64 n=96 k=64: 1 x 3.24 us = 3.24 us (240.83 GFLOPS/s)
MUL_MAT_ADD MUL_MAT_VEC q6_K m=5120 n=1 k=17408: 1 x 129.72 us = 129.72 us (1374.14 GFLOPS/s)
MUL_MAT_ADD MUL_MAT_VEC q6_K m=5120 n=1 k=6144: 1 x 54.64 us = 54.64 us (1151.34 GFLOPS/s)
MUL_MAT_VEC f32 m=256 n=4 k=256: 1 x 3 us = 3 us (174.421 GFLOPS/s)
MUL_MAT_VEC q6_K m=1024 n=1 k=5120: 2 x 9.24 us = 18.48 us (1134.71 GFLOPS/s)
MUL_MAT_VEC q6_K m=12288 n=1 k=5120: 1 x 90.32 us = 90.32 us (1393.01 GFLOPS/s)
MUL_MAT_VEC q6_K m=17408 n=1 k=5120: 2 x 117.88 us = 235.76 us (1512.05 GFLOPS/s)
MUL_MAT_VEC q6_K m=98304 n=1 k=5120: 1 x 670.63 us = 670.63 us (1500.88 GFLOPS/s)
MUL_MAT_VEC q8_0 m=5120 n=1 k=10240: 1 x 91.08 us = 91.08 us (1151.21 GFLOPS/s)
PAD: 1 x 6.28 us = 6.28 us
RMS_NORM_MUL RMS_NORM(256,24,1,1): 1 x 3.24 us = 3.24 us
RMS_NORM_MUL RMS_NORM(256,4,1,1): 1 x 4.8 us = 4.8 us
RMS_NORM_MUL RMS_NORM(5120,1,1,1): 5 x 4.36 us = 21.8 us
ROPE: 2 x 3.28 us = 6.56 us
SET_ROWS: 2 x 2.56 us = 5.12 us
SIGMOID_MUL SIGMOID: 1 x 1.6 us = 1.6 us
TOP_K K=10 (98304,1,1,1): 1 x 8.68 us = 8.68 us
Total time: 1388.55 us.
----------------
Vulkan Timings:
CONCAT: 1 x 3.76 us = 3.76 us
CONT: 1 x 3.6 us = 3.6 us
FLASH_ATTN_EXT dst(256,24,1,1),  q(256,1,24,1),  k(256,256,4,1),  v(256,256,4,1),  m(256,1,1,1): 1 x 12.88 us = 12.88 us (488.467 GFLOPS/s)
GET_ROWS: 2 x 4.32 us = 8.64 us
GLU: 1 x 1.8 us = 1.8 us
MUL_MAT f32 m=256 n=24 k=256: 1 x 1.64 us = 1.64 us (1914.38 GFLOPS/s)
MUL_MAT f32 m=64 n=16 k=64: 1 x 3.6 us = 3.6 us (36.1244 GFLOPS/s)
MUL_MAT f32 m=64 n=96 k=64: 1 x 3.6 us = 3.6 us (216.747 GFLOPS/s)
MUL_MAT_ADD MUL_MAT_VEC q6_K m=5120 n=1 k=17408: 1 x 124.76 us = 124.76 us (1428.77 GFLOPS/s)
MUL_MAT_ADD MUL_MAT_VEC q6_K m=5120 n=1 k=6144: 1 x 54.52 us = 54.52 us (1153.88 GFLOPS/s)
MUL_MAT_VEC f32 m=256 n=4 k=256: 1 x 3.04 us = 3.04 us (172.126 GFLOPS/s)
MUL_MAT_VEC q6_K m=1024 n=1 k=5120: 2 x 9.18 us = 18.36 us (1142.13 GFLOPS/s)
MUL_MAT_VEC q6_K m=12288 n=1 k=5120: 1 x 85.48 us = 85.48 us (1471.89 GFLOPS/s)
MUL_MAT_VEC q6_K m=17408 n=1 k=5120: 2 x 121.92 us = 243.84 us (1461.95 GFLOPS/s)
MUL_MAT_VEC q6_K m=98304 n=1 k=5120: 1 x 670 us = 670 us (1502.29 GFLOPS/s)
MUL_MAT_VEC q8_0 m=5120 n=1 k=10240: 1 x 101.04 us = 101.04 us (1037.73 GFLOPS/s)
PAD: 1 x 6.32 us = 6.32 us
RMS_NORM_MUL RMS_NORM(256,24,1,1): 1 x 3.6 us = 3.6 us
RMS_NORM_MUL RMS_NORM(256,4,1,1): 1 x 3.6 us = 3.6 us
RMS_NORM_MUL RMS_NORM(5120,1,1,1): 5 x 3.768 us = 18.84 us
ROPE: 2 x 3.58 us = 7.16 us
SET_ROWS: 2 x 2.68 us = 5.36 us
SIGMOID_MUL SIGMOID: 1 x 1.64 us = 1.64 us
TOP_K K=10 (98304,1,1,1): 1 x 9 us = 9 us
Total time: 1396.08 us.
----------------
Vulkan Timings:
CONCAT: 1 x 3.72 us = 3.72 us
CONT: 1 x 3.6 us = 3.6 us
FLASH_ATTN_EXT dst(256,24,1,1),  q(256,1,24,1),  k(256,256,4,1),  v(256,256,4,1),  m(256,1,1,1): 1 x 12.8 us = 12.8 us (491.52 GFLOPS/s)
GET_ROWS: 2 x 4.28 us = 8.56 us
GLU: 1 x 1.8 us = 1.8 us
MUL_MAT f32 m=256 n=24 k=256: 1 x 1.64 us = 1.64 us (1914.38 GFLOPS/s)
MUL_MAT f32 m=64 n=16 k=64: 1 x 3.64 us = 3.64 us (35.7275 GFLOPS/s)
MUL_MAT f32 m=64 n=96 k=64: 1 x 3.6 us = 3.6 us (216.747 GFLOPS/s)
MUL_MAT_ADD MUL_MAT_VEC q6_K m=5120 n=1 k=17408: 1 x 123.8 us = 123.8 us (1439.84 GFLOPS/s)
MUL_MAT_ADD MUL_MAT_VEC q6_K m=5120 n=1 k=6144: 1 x 54.12 us = 54.12 us (1162.41 GFLOPS/s)
MUL_MAT_VEC f32 m=256 n=4 k=256: 1 x 3 us = 3 us (174.421 GFLOPS/s)
MUL_MAT_VEC q6_K m=1024 n=1 k=5120: 2 x 9.2 us = 18.4 us (1139.65 GFLOPS/s)
MUL_MAT_VEC q6_K m=12288 n=1 k=5120: 1 x 85.88 us = 85.88 us (1465.03 GFLOPS/s)
MUL_MAT_VEC q6_K m=17408 n=1 k=5120: 2 x 121.38 us = 242.76 us (1468.45 GFLOPS/s)
MUL_MAT_VEC q6_K m=98304 n=1 k=5120: 1 x 672.22 us = 672.22 us (1497.33 GFLOPS/s)
MUL_MAT_VEC q8_0 m=5120 n=1 k=10240: 1 x 100.92 us = 100.92 us (1038.97 GFLOPS/s)
PAD: 1 x 6.32 us = 6.32 us
RMS_NORM_MUL RMS_NORM(256,24,1,1): 1 x 3.6 us = 3.6 us
RMS_NORM_MUL RMS_NORM(256,4,1,1): 1 x 3.6 us = 3.6 us
RMS_NORM_MUL RMS_NORM(5120,1,1,1): 5 x 3.728 us = 18.64 us
ROPE: 2 x 3.6 us = 7.2 us
SET_ROWS: 2 x 2.66 us = 5.32 us
SIGMOID_MUL SIGMOID: 1 x 1.68 us = 1.68 us
TOP_K K=10 (98304,1,1,1): 1 x 9.12 us = 9.12 us
Total time: 1395.94 us.
----------------
Vulkan Timings:
CONCAT: 1 x 3.8 us = 3.8 us
CONT: 1 x 3.64 us = 3.64 us
FLASH_ATTN_EXT dst(256,24,1,1),  q(256,1,24,1),  k(256,256,4,1),  v(256,256,4,1),  m(256,1,1,1): 1 x 12.88 us = 12.88 us (488.467 GFLOPS/s)
GET_ROWS: 2 x 4.16 us = 8.32 us
GLU: 1 x 1.72 us = 1.72 us
MUL_MAT f32 m=256 n=24 k=256: 1 x 1.6 us = 1.6 us (1962.24 GFLOPS/s)
MUL_MAT f32 m=64 n=16 k=64: 1 x 3.6 us = 3.6 us (36.1244 GFLOPS/s)
MUL_MAT f32 m=64 n=96 k=64: 1 x 3.64 us = 3.64 us (214.365 GFLOPS/s)
MUL_MAT_ADD MUL_MAT_VEC q6_K m=5120 n=1 k=17408: 1 x 122.8 us = 122.8 us (1451.57 GFLOPS/s)
MUL_MAT_ADD MUL_MAT_VEC q6_K m=5120 n=1 k=6144: 1 x 54 us = 54 us (1164.99 GFLOPS/s)
MUL_MAT_VEC f32 m=256 n=4 k=256: 1 x 3.04 us = 3.04 us (172.126 GFLOPS/s)
MUL_MAT_VEC q6_K m=1024 n=1 k=5120: 2 x 9.24 us = 18.48 us (1134.71 GFLOPS/s)
MUL_MAT_VEC q6_K m=12288 n=1 k=5120: 1 x 85.96 us = 85.96 us (1463.67 GFLOPS/s)
MUL_MAT_VEC q6_K m=17408 n=1 k=5120: 2 x 121.46 us = 242.92 us (1467.48 GFLOPS/s)
MUL_MAT_VEC q6_K m=98304 n=1 k=5120: 1 x 668.88 us = 668.88 us (1504.81 GFLOPS/s)
MUL_MAT_VEC q8_0 m=5120 n=1 k=10240: 1 x 101.68 us = 101.68 us (1031.2 GFLOPS/s)
PAD: 1 x 6.28 us = 6.28 us
RMS_NORM_MUL RMS_NORM(256,24,1,1): 1 x 3.6 us = 3.6 us
RMS_NORM_MUL RMS_NORM(256,4,1,1): 1 x 3.56 us = 3.56 us
RMS_NORM_MUL RMS_NORM(5120,1,1,1): 5 x 3.736 us = 18.68 us
ROPE: 2 x 3.56 us = 7.12 us
SET_ROWS: 2 x 2.66 us = 5.32 us
SIGMOID_MUL SIGMOID: 1 x 1.68 us = 1.68 us
TOP_K K=10 (98304,1,1,1): 1 x 9.08 us = 9.08 us
Total time: 1392.28 us.
----------------
Vulkan Timings:
ADD: 48 x 3.772 us = 181.08 us
CONCAT: 48 x 2.403 us = 115.36 us
CONT: 16 x 3.857 us = 61.72 us
CPY: 240 x 2.26 us = 542.4 us
FLASH_ATTN_EXT dst(256,24,5,1),  q(256,5,24,1),  k(256,256,4,1),  v(256,256,4,1),  m(256,5,1,1): 16 x 21.07 us = 337.12 us (1492.99 GFLOPS/s)
GDN_CACHE GATED_DELTA_NET: 48 x 13.838 us = 664.24 us
GET_ROWS: 50 x 26.224 us = 1311.24 us
GLU: 64 x 2.98 us = 190.72 us
MUL_MAT f32 m=256 n=120 k=256: 16 x 1.825 us = 29.2 us (8601.6 GFLOPS/s)
MUL_MAT f32 m=256 n=20 k=256: 16 x 3.127 us = 50.04 us (836.553 GFLOPS/s)
MUL_MAT f32 m=64 n=480 k=64: 16 x 3.662 us = 58.6 us (1065.24 GFLOPS/s)
MUL_MAT f32 m=64 n=80 k=64: 16 x 3.3 us = 52.8 us (197.042 GFLOPS/s)
MUL_MAT_ADD MUL_MAT_VEC q6_K m=5120 n=5 k=17408: 64 x 130.786 us = 8370.32 us (6814.66 GFLOPS/s)
MUL_MAT_ADD MUL_MAT_VEC q6_K m=5120 n=5 k=6144: 16 x 55.272 us = 884.36 us (5690.84 GFLOPS/s)
MUL_MAT_VEC f32 m=48 n=5 k=5120: 96 x 3.407 us = 327.16 us (721.074 GFLOPS/s)
MUL_MAT_VEC q6_K m=1024 n=5 k=5120: 32 x 10.86 us = 347.52 us (4827.23 GFLOPS/s)
MUL_MAT_VEC q6_K m=10240 n=5 k=5120: 48 x 82.115 us = 3941.56 us (6384.11 GFLOPS/s)
MUL_MAT_VEC q6_K m=12288 n=5 k=5120: 16 x 95.635 us = 1530.16 us (6577.97 GFLOPS/s)
MUL_MAT_VEC q6_K m=17408 n=5 k=5120: 128 x 141.092 us = 18059.8 us (6316.46 GFLOPS/s)
MUL_MAT_VEC q6_K m=248320 n=5 k=5120: 1 x 1775.4 us = 1775.4 us (7160.49 GFLOPS/s)
MUL_MAT_VEC q6_K m=6144 n=5 k=5120: 48 x 53.626 us = 2574.08 us (5865.4 GFLOPS/s)
MUL_MAT_VEC q8_0 m=5120 n=5 k=6144: 48 x 62.979 us = 3023 us (4994.46 GFLOPS/s)
RMS_NORM_MUL RMS_NORM(256,24,5,1): 16 x 3.742 us = 59.88 us
RMS_NORM_MUL RMS_NORM(256,4,5,1): 16 x 4.437 us = 71 us
RMS_NORM_MUL RMS_NORM(5120,5,1,1): 129 x 4.575 us = 590.2 us
RMS_NORM_MUL_SILU_MUL RMS_NORM(128,48,5,1): 48 x 5.682 us = 272.76 us
RMS_NORM_SCALE RMS_NORM(128,16,5,1): 96 x 2.688 us = 258.08 us
ROPE: 32 x 3.867 us = 123.76 us
SET_ROWS: 32 x 2.97 us = 95.04 us
SIGMOID_MUL SIGMOID: 16 x 3.712 us = 59.4 us
SSM_CONV_SILU SSM_CONV: 48 x 5.743 us = 275.68 us
Total time: 46233.7 us.
----------------
Vulkan Timings:
CONCAT: 1 x 4.04 us = 4.04 us
CONT: 1 x 3.72 us = 3.72 us
FLASH_ATTN_EXT dst(256,24,5,1),  q(256,5,24,1),  k(256,256,4,1),  v(256,256,4,1),  m(256,5,1,1): 1 x 20.8 us = 20.8 us (1512.37 GFLOPS/s)
GLU: 1 x 1.8 us = 1.8 us
MUL_MAT f32 m=256 n=120 k=256: 1 x 1.72 us = 1.72 us (9126.7 GFLOPS/s)
MUL_MAT f32 m=256 n=20 k=256: 1 x 3.12 us = 3.12 us (838.564 GFLOPS/s)
MUL_MAT f32 m=64 n=480 k=64: 1 x 3.72 us = 3.72 us (1048.77 GFLOPS/s)
MUL_MAT f32 m=64 n=80 k=64: 1 x 3.72 us = 3.72 us (174.796 GFLOPS/s)
MUL_MAT_ADD MUL_MAT_VEC q6_K m=5120 n=5 k=17408: 1 x 151.72 us = 151.72 us (5874.4 GFLOPS/s)
MUL_MAT_ADD MUL_MAT_VEC q6_K m=5120 n=5 k=6144: 1 x 63.24 us = 63.24 us (4973.86 GFLOPS/s)
MUL_MAT_VEC q6_K m=1024 n=5 k=5120: 2 x 9.48 us = 18.96 us (5529.92 GFLOPS/s)
MUL_MAT_VEC q6_K m=12288 n=5 k=5120: 1 x 120.7 us = 120.7 us (5211.96 GFLOPS/s)
MUL_MAT_VEC q6_K m=17408 n=5 k=5120: 2 x 136.42 us = 272.84 us (6532.79 GFLOPS/s)
MUL_MAT_VEC q8_0 m=5120 n=5 k=10240: 1 x 105.68 us = 105.68 us (4960.85 GFLOPS/s)
RMS_NORM_MUL RMS_NORM(256,24,5,1): 1 x 3.84 us = 3.84 us
RMS_NORM_MUL RMS_NORM(256,4,5,1): 1 x 3.72 us = 3.72 us
RMS_NORM_MUL RMS_NORM(5120,5,1,1): 5 x 8.278 us = 41.39 us
ROPE: 2 x 3.72 us = 7.44 us
SET_ROWS: 2 x 2.74 us = 5.48 us
SIGMOID_MUL SIGMOID: 1 x 1.72 us = 1.72 us
Total time: 839.37 us.
----------------
Vulkan Timings:
CONCAT: 1 x 3.64 us = 3.64 us
CONT: 1 x 3.52 us = 3.52 us
FLASH_ATTN_EXT dst(256,24,1,1),  q(256,1,24,1),  k(256,256,4,1),  v(256,256,4,1),  m(256,1,1,1): 1 x 12.56 us = 12.56 us (500.912 GFLOPS/s)
GET_ROWS: 2 x 4.32 us = 8.64 us
GLU: 1 x 1.6 us = 1.6 us
MUL_MAT f32 m=256 n=24 k=256: 1 x 1.56 us = 1.56 us (2012.55 GFLOPS/s)
MUL_MAT f32 m=64 n=16 k=64: 1 x 1.76 us = 1.76 us (73.8909 GFLOPS/s)
MUL_MAT f32 m=64 n=96 k=64: 1 x 3.16 us = 3.16 us (246.927 GFLOPS/s)
MUL_MAT_ADD MUL_MAT_VEC q6_K m=5120 n=1 k=17408: 1 x 130.52 us = 130.52 us (1365.71 GFLOPS/s)
MUL_MAT_ADD MUL_MAT_VEC q6_K m=5120 n=1 k=6144: 1 x 53.68 us = 53.68 us (1171.93 GFLOPS/s)
MUL_MAT_VEC f32 m=256 n=4 k=256: 1 x 3 us = 3 us (174.421 GFLOPS/s)
MUL_MAT_VEC q6_K m=1024 n=1 k=5120: 2 x 9.4 us = 18.8 us (1115.4 GFLOPS/s)
MUL_MAT_VEC q6_K m=12288 n=1 k=5120: 1 x 91.24 us = 91.24 us (1378.97 GFLOPS/s)
MUL_MAT_VEC q6_K m=17408 n=1 k=5120: 2 x 117.82 us = 235.64 us (1512.82 GFLOPS/s)
MUL_MAT_VEC q6_K m=98304 n=1 k=5120: 1 x 671.99 us = 671.99 us (1497.84 GFLOPS/s)
MUL_MAT_VEC q8_0 m=5120 n=1 k=10240: 1 x 91.8 us = 91.8 us (1142.18 GFLOPS/s)
PAD: 1 x 6.36 us = 6.36 us
RMS_NORM_MUL RMS_NORM(256,24,1,1): 1 x 3.2 us = 3.2 us
RMS_NORM_MUL RMS_NORM(256,4,1,1): 1 x 4.84 us = 4.84 us
RMS_NORM_MUL RMS_NORM(5120,1,1,1): 5 x 4.328 us = 21.64 us
ROPE: 2 x 3.32 us = 6.64 us
SET_ROWS: 2 x 2.58 us = 5.16 us
SIGMOID_MUL SIGMOID: 1 x 1.56 us = 1.56 us
TOP_K K=10 (98304,1,1,1): 1 x 9.4 us = 9.4 us
Total time: 1391.91 us.
----------------
Vulkan Timings:
CONCAT: 1 x 3.72 us = 3.72 us
CONT: 1 x 3.6 us = 3.6 us
FLASH_ATTN_EXT dst(256,24,1,1),  q(256,1,24,1),  k(256,256,4,1),  v(256,256,4,1),  m(256,1,1,1): 1 x 12.76 us = 12.76 us (493.061 GFLOPS/s)
GET_ROWS: 2 x 4.32 us = 8.64 us
GLU: 1 x 1.88 us = 1.88 us
MUL_MAT f32 m=256 n=24 k=256: 1 x 1.64 us = 1.64 us (1914.38 GFLOPS/s)
MUL_MAT f32 m=64 n=16 k=64: 1 x 3.6 us = 3.6 us (36.1244 GFLOPS/s)
MUL_MAT f32 m=64 n=96 k=64: 1 x 3.6 us = 3.6 us (216.747 GFLOPS/s)
MUL_MAT_ADD MUL_MAT_VEC q6_K m=5120 n=1 k=17408: 1 x 123.12 us = 123.12 us (1447.8 GFLOPS/s)
MUL_MAT_ADD MUL_MAT_VEC q6_K m=5120 n=1 k=6144: 1 x 53.52 us = 53.52 us (1175.44 GFLOPS/s)
MUL_MAT_VEC f32 m=256 n=4 k=256: 1 x 3.04 us = 3.04 us (172.126 GFLOPS/s)
MUL_MAT_VEC q6_K m=1024 n=1 k=5120: 2 x 9.24 us = 18.48 us (1134.71 GFLOPS/s)
MUL_MAT_VEC q6_K m=12288 n=1 k=5120: 1 x 85.6 us = 85.6 us (1469.82 GFLOPS/s)
MUL_MAT_VEC q6_K m=17408 n=1 k=5120: 2 x 121.22 us = 242.44 us (1470.39 GFLOPS/s)
MUL_MAT_VEC q6_K m=98304 n=1 k=5120: 1 x 674.17 us = 674.17 us (1493 GFLOPS/s)
MUL_MAT_VEC q8_0 m=5120 n=1 k=10240: 1 x 100.56 us = 100.56 us (1042.69 GFLOPS/s)
PAD: 1 x 7.2 us = 7.2 us
RMS_NORM_MUL RMS_NORM(256,24,1,1): 1 x 3.64 us = 3.64 us
RMS_NORM_MUL RMS_NORM(256,4,1,1): 1 x 3.64 us = 3.64 us
RMS_NORM_MUL RMS_NORM(5120,1,1,1): 5 x 3.688 us = 18.44 us
ROPE: 2 x 3.58 us = 7.16 us
SET_ROWS: 2 x 2.64 us = 5.28 us
SIGMOID_MUL SIGMOID: 1 x 1.68 us = 1.68 us
TOP_K K=10 (98304,1,1,1): 1 x 9.04 us = 9.04 us
Total time: 1396.45 us.
----------------
Vulkan Timings:
CONCAT: 1 x 3.76 us = 3.76 us
CONT: 1 x 3.64 us = 3.64 us
FLASH_ATTN_EXT dst(256,24,1,1),  q(256,1,24,1),  k(256,256,4,1),  v(256,256,4,1),  m(256,1,1,1): 1 x 12.96 us = 12.96 us (485.452 GFLOPS/s)
GET_ROWS: 2 x 4.3 us = 8.6 us
GLU: 1 x 1.72 us = 1.72 us
MUL_MAT f32 m=256 n=24 k=256: 1 x 1.64 us = 1.64 us (1914.38 GFLOPS/s)
MUL_MAT f32 m=64 n=16 k=64: 1 x 3.64 us = 3.64 us (35.7275 GFLOPS/s)
MUL_MAT f32 m=64 n=96 k=64: 1 x 3.64 us = 3.64 us (214.365 GFLOPS/s)
MUL_MAT_ADD MUL_MAT_VEC q6_K m=5120 n=1 k=17408: 1 x 125.08 us = 125.08 us (1425.11 GFLOPS/s)
MUL_MAT_ADD MUL_MAT_VEC q6_K m=5120 n=1 k=6144: 1 x 54.88 us = 54.88 us (1146.31 GFLOPS/s)
MUL_MAT_VEC f32 m=256 n=4 k=256: 1 x 3.04 us = 3.04 us (172.126 GFLOPS/s)
MUL_MAT_VEC q6_K m=1024 n=1 k=5120: 2 x 9.24 us = 18.48 us (1134.71 GFLOPS/s)
MUL_MAT_VEC q6_K m=12288 n=1 k=5120: 1 x 85.6 us = 85.6 us (1469.82 GFLOPS/s)
MUL_MAT_VEC q6_K m=17408 n=1 k=5120: 2 x 121.18 us = 242.36 us (1470.87 GFLOPS/s)
MUL_MAT_VEC q6_K m=98304 n=1 k=5120: 1 x 669.91 us = 669.91 us (1502.49 GFLOPS/s)
MUL_MAT_VEC q8_0 m=5120 n=1 k=10240: 1 x 101.04 us = 101.04 us (1037.73 GFLOPS/s)
PAD: 1 x 6.32 us = 6.32 us
RMS_NORM_MUL RMS_NORM(256,24,1,1): 1 x 3.6 us = 3.6 us
RMS_NORM_MUL RMS_NORM(256,4,1,1): 1 x 3.56 us = 3.56 us
RMS_NORM_MUL RMS_NORM(5120,1,1,1): 5 x 3.72 us = 18.6 us
ROPE: 2 x 3.58 us = 7.16 us
SET_ROWS: 2 x 2.68 us = 5.36 us
SIGMOID_MUL SIGMOID: 1 x 1.68 us = 1.68 us
TOP_K K=10 (98304,1,1,1): 1 x 9 us = 9 us
Total time: 1395.27 us.
----------------
Vulkan Timings:
CONCAT: 1 x 3.76 us = 3.76 us
CONT: 1 x 3.64 us = 3.64 us
FLASH_ATTN_EXT dst(256,24,1,1),  q(256,1,24,1),  k(256,256,4,1),  v(256,256,4,1),  m(256,1,1,1): 1 x 12.76 us = 12.76 us (493.061 GFLOPS/s)
GET_ROWS: 2 x 4.18 us = 8.36 us
GLU: 1 x 1.84 us = 1.84 us
MUL_MAT f32 m=256 n=24 k=256: 1 x 1.76 us = 1.76 us (1783.85 GFLOPS/s)
MUL_MAT f32 m=64 n=16 k=64: 1 x 3.64 us = 3.64 us (35.7275 GFLOPS/s)
MUL_MAT f32 m=64 n=96 k=64: 1 x 3.6 us = 3.6 us (216.747 GFLOPS/s)
MUL_MAT_ADD MUL_MAT_VEC q6_K m=5120 n=1 k=17408: 1 x 123.32 us = 123.32 us (1445.45 GFLOPS/s)
MUL_MAT_ADD MUL_MAT_VEC q6_K m=5120 n=1 k=6144: 1 x 51.52 us = 51.52 us (1221.07 GFLOPS/s)
MUL_MAT_VEC f32 m=256 n=4 k=256: 1 x 3.04 us = 3.04 us (172.126 GFLOPS/s)
MUL_MAT_VEC q6_K m=1024 n=1 k=5120: 2 x 9.28 us = 18.56 us (1129.82 GFLOPS/s)
MUL_MAT_VEC q6_K m=12288 n=1 k=5120: 1 x 85.88 us = 85.88 us (1465.03 GFLOPS/s)
MUL_MAT_VEC q6_K m=17408 n=1 k=5120: 2 x 121.28 us = 242.56 us (1469.66 GFLOPS/s)
MUL_MAT_VEC q6_K m=98304 n=1 k=5120: 1 x 671.36 us = 671.36 us (1499.25 GFLOPS/s)
MUL_MAT_VEC q8_0 m=5120 n=1 k=10240: 1 x 101.08 us = 101.08 us (1037.32 GFLOPS/s)
PAD: 1 x 6.32 us = 6.32 us
RMS_NORM_MUL RMS_NORM(256,24,1,1): 1 x 3.56 us = 3.56 us
RMS_NORM_MUL RMS_NORM(256,4,1,1): 1 x 3.64 us = 3.64 us
RMS_NORM_MUL RMS_NORM(5120,1,1,1): 5 x 4.288 us = 21.44 us
ROPE: 2 x 3.62 us = 7.24 us
SET_ROWS: 2 x 2.66 us = 5.32 us
SIGMOID_MUL SIGMOID: 1 x 1.68 us = 1.68 us
TOP_K K=10 (98304,1,1,1): 1 x 9.32 us = 9.32 us
Total time: 1395.2 us.
----------------
Vulkan Timings:
ADD: 48 x 3.77 us = 181 us
CONCAT: 48 x 2.402 us = 115.32 us
CONT: 16 x 3.842 us = 61.48 us
CPY: 240 x 2.233 us = 536 us
FLASH_ATTN_EXT dst(256,24,5,1),  q(256,5,24,1),  k(256,256,4,1),  v(256,256,4,1),  m(256,5,1,1): 16 x 21.127 us = 338.04 us (1488.93 GFLOPS/s)
GDN_CACHE GATED_DELTA_NET: 48 x 13.904 us = 667.4 us
GET_ROWS: 50 x 26.003 us = 1300.16 us
GLU: 64 x 2.976 us = 190.52 us
MUL_MAT f32 m=256 n=120 k=256: 16 x 1.827 us = 29.24 us (8589.83 GFLOPS/s)
MUL_MAT f32 m=256 n=20 k=256: 16 x 3.127 us = 50.04 us (836.553 GFLOPS/s)
MUL_MAT f32 m=64 n=480 k=64: 16 x 3.65 us = 58.4 us (1068.89 GFLOPS/s)
MUL_MAT f32 m=64 n=80 k=64: 16 x 3.295 us = 52.72 us (197.341 GFLOPS/s)
MUL_MAT_ADD MUL_MAT_VEC q6_K m=5120 n=5 k=17408: 64 x 130.674 us = 8363.16 us (6820.5 GFLOPS/s)
MUL_MAT_ADD MUL_MAT_VEC q6_K m=5120 n=5 k=6144: 16 x 55.19 us = 883.04 us (5699.35 GFLOPS/s)
MUL_MAT_VEC f32 m=48 n=5 k=5120: 96 x 3.545 us = 340.32 us (693.19 GFLOPS/s)
MUL_MAT_VEC q6_K m=1024 n=5 k=5120: 32 x 11.166 us = 357.32 us (4694.83 GFLOPS/s)
MUL_MAT_VEC q6_K m=10240 n=5 k=5120: 48 x 82.11 us = 3941.28 us (6384.57 GFLOPS/s)
MUL_MAT_VEC q6_K m=12288 n=5 k=5120: 16 x 95.155 us = 1522.48 us (6611.15 GFLOPS/s)
MUL_MAT_VEC q6_K m=17408 n=5 k=5120: 128 x 141.189 us = 18072.3 us (6312.09 GFLOPS/s)
MUL_MAT_VEC q6_K m=248320 n=5 k=5120: 1 x 1778.04 us = 1778.04 us (7149.86 GFLOPS/s)
MUL_MAT_VEC q6_K m=6144 n=5 k=5120: 48 x 53.605 us = 2573.04 us (5867.78 GFLOPS/s)
MUL_MAT_VEC q8_0 m=5120 n=5 k=6144: 48 x 62.942 us = 3021.24 us (4997.37 GFLOPS/s)
RMS_NORM_MUL RMS_NORM(256,24,5,1): 16 x 3.727 us = 59.64 us
RMS_NORM_MUL RMS_NORM(256,4,5,1): 16 x 4.432 us = 70.92 us
RMS_NORM_MUL RMS_NORM(5120,5,1,1): 129 x 4.582 us = 591.12 us
RMS_NORM_MUL_SILU_MUL RMS_NORM(128,48,5,1): 48 x 5.672 us = 272.28 us
RMS_NORM_SCALE RMS_NORM(128,16,5,1): 96 x 2.652 us = 254.68 us
ROPE: 32 x 3.868 us = 123.8 us
SET_ROWS: 32 x 2.92 us = 93.44 us
SIGMOID_MUL SIGMOID: 16 x 3.705 us = 59.28 us
SSM_CONV_SILU SSM_CONV: 48 x 5.708 us = 274 us
Total time: 46231.7 us.
----------------
Vulkan Timings:
CONCAT: 1 x 1.96 us = 1.96 us
CONT: 1 x 3.72 us = 3.72 us
FLASH_ATTN_EXT dst(256,24,5,1),  q(256,5,24,1),  k(256,256,4,1),  v(256,256,4,1),  m(256,5,1,1): 1 x 20.8 us = 20.8 us (1512.37 GFLOPS/s)
GLU: 1 x 1.48 us = 1.48 us
MUL_MAT f32 m=256 n=120 k=256: 1 x 1.68 us = 1.68 us (9344 GFLOPS/s)
MUL_MAT f32 m=256 n=20 k=256: 1 x 3.08 us = 3.08 us (849.455 GFLOPS/s)
MUL_MAT f32 m=64 n=480 k=64: 1 x 3.68 us = 3.68 us (1060.17 GFLOPS/s)
MUL_MAT f32 m=64 n=80 k=64: 1 x 3.68 us = 3.68 us (176.696 GFLOPS/s)
MUL_MAT_ADD MUL_MAT_VEC q6_K m=5120 n=5 k=17408: 1 x 154.98 us = 154.98 us (5750.83 GFLOPS/s)
MUL_MAT_ADD MUL_MAT_VEC q6_K m=5120 n=5 k=6144: 1 x 62.04 us = 62.04 us (5070.07 GFLOPS/s)
MUL_MAT_VEC q6_K m=1024 n=5 k=5120: 2 x 9.26 us = 18.52 us (5661.3 GFLOPS/s)
MUL_MAT_VEC q6_K m=12288 n=5 k=5120: 1 x 120.4 us = 120.4 us (5224.95 GFLOPS/s)
MUL_MAT_VEC q6_K m=17408 n=5 k=5120: 2 x 136.28 us = 272.56 us (6539.5 GFLOPS/s)
MUL_MAT_VEC q8_0 m=5120 n=5 k=10240: 1 x 105.32 us = 105.32 us (4977.8 GFLOPS/s)
RMS_NORM_MUL RMS_NORM(256,24,5,1): 1 x 3.84 us = 3.84 us
RMS_NORM_MUL RMS_NORM(256,4,5,1): 1 x 3.68 us = 3.68 us
RMS_NORM_MUL RMS_NORM(5120,5,1,1): 5 x 8.59 us = 42.95 us
ROPE: 2 x 3.7 us = 7.4 us
SET_ROWS: 2 x 2.7 us = 5.4 us
SIGMOID_MUL SIGMOID: 1 x 1.8 us = 1.8 us
Total time: 838.97 us.
----------------
Vulkan Timings:
CONCAT: 1 x 3.56 us = 3.56 us
CONT: 1 x 3.52 us = 3.52 us
FLASH_ATTN_EXT dst(256,24,1,1),  q(256,1,24,1),  k(256,256,4,1),  v(256,256,4,1),  m(256,1,1,1): 1 x 12.56 us = 12.56 us (500.912 GFLOPS/s)
GET_ROWS: 2 x 4.26 us = 8.52 us
GLU: 1 x 1.68 us = 1.68 us
MUL_MAT f32 m=256 n=24 k=256: 1 x 1.52 us = 1.52 us (2065.52 GFLOPS/s)
MUL_MAT f32 m=64 n=16 k=64: 1 x 1.84 us = 1.84 us (70.6783 GFLOPS/s)
MUL_MAT f32 m=64 n=96 k=64: 1 x 3.16 us = 3.16 us (246.927 GFLOPS/s)
MUL_MAT_ADD MUL_MAT_VEC q6_K m=5120 n=1 k=17408: 1 x 130.32 us = 130.32 us (1367.81 GFLOPS/s)
MUL_MAT_ADD MUL_MAT_VEC q6_K m=5120 n=1 k=6144: 1 x 54.64 us = 54.64 us (1151.34 GFLOPS/s)
MUL_MAT_VEC f32 m=256 n=4 k=256: 1 x 3.04 us = 3.04 us (172.126 GFLOPS/s)
MUL_MAT_VEC q6_K m=1024 n=1 k=5120: 2 x 9.34 us = 18.68 us (1122.56 GFLOPS/s)
MUL_MAT_VEC q6_K m=12288 n=1 k=5120: 1 x 90.36 us = 90.36 us (1392.4 GFLOPS/s)
MUL_MAT_VEC q6_K m=17408 n=1 k=5120: 2 x 118.7 us = 237.4 us (1501.6 GFLOPS/s)
MUL_MAT_VEC q6_K m=98304 n=1 k=5120: 1 x 670.86 us = 670.86 us (1500.36 GFLOPS/s)
MUL_MAT_VEC q8_0 m=5120 n=1 k=10240: 1 x 92.04 us = 92.04 us (1139.21 GFLOPS/s)
PAD: 1 x 6.4 us = 6.4 us
RMS_NORM_MUL RMS_NORM(256,24,1,1): 1 x 3.24 us = 3.24 us
RMS_NORM_MUL RMS_NORM(256,4,1,1): 1 x 4.84 us = 4.84 us
RMS_NORM_MUL RMS_NORM(5120,1,1,1): 5 x 4.368 us = 21.84 us
ROPE: 2 x 3.32 us = 6.64 us
SET_ROWS: 2 x 2.56 us = 5.12 us
SIGMOID_MUL SIGMOID: 1 x 1.56 us = 1.56 us
TOP_K K=10 (98304,1,1,1): 1 x 8.24 us = 8.24 us
Total time: 1391.58 us.
----------------
Vulkan Timings:
CONCAT: 1 x 3.76 us = 3.76 us
CONT: 1 x 3.64 us = 3.64 us
FLASH_ATTN_EXT dst(256,24,1,1),  q(256,1,24,1),  k(256,256,4,1),  v(256,256,4,1),  m(256,1,1,1): 1 x 12.88 us = 12.88 us (488.467 GFLOPS/s)
GET_ROWS: 2 x 5.34 us = 10.68 us
GLU: 1 x 1.84 us = 1.84 us
MUL_MAT f32 m=256 n=24 k=256: 1 x 1.6 us = 1.6 us (1962.24 GFLOPS/s)
MUL_MAT f32 m=64 n=16 k=64: 1 x 3.6 us = 3.6 us (36.1244 GFLOPS/s)
MUL_MAT f32 m=64 n=96 k=64: 1 x 3.64 us = 3.64 us (214.365 GFLOPS/s)
MUL_MAT_ADD MUL_MAT_VEC q6_K m=5120 n=1 k=17408: 1 x 122.52 us = 122.52 us (1454.89 GFLOPS/s)
MUL_MAT_ADD MUL_MAT_VEC q6_K m=5120 n=1 k=6144: 1 x 51 us = 51 us (1233.52 GFLOPS/s)
MUL_MAT_VEC f32 m=256 n=4 k=256: 1 x 3.04 us = 3.04 us (172.126 GFLOPS/s)
MUL_MAT_VEC q6_K m=1024 n=1 k=5120: 2 x 9.26 us = 18.52 us (1132.26 GFLOPS/s)
MUL_MAT_VEC q6_K m=12288 n=1 k=5120: 1 x 85.6 us = 85.6 us (1469.82 GFLOPS/s)
MUL_MAT_VEC q6_K m=17408 n=1 k=5120: 2 x 121.24 us = 242.48 us (1470.15 GFLOPS/s)
MUL_MAT_VEC q6_K m=98304 n=1 k=5120: 1 x 671.03 us = 671.03 us (1499.98 GFLOPS/s)
MUL_MAT_VEC q8_0 m=5120 n=1 k=10240: 1 x 100.96 us = 100.96 us (1038.55 GFLOPS/s)
PAD: 1 x 6.44 us = 6.44 us
RMS_NORM_MUL RMS_NORM(256,24,1,1): 1 x 3.56 us = 3.56 us
RMS_NORM_MUL RMS_NORM(256,4,1,1): 1 x 3.56 us = 3.56 us
RMS_NORM_MUL RMS_NORM(5120,1,1,1): 5 x 4.304 us = 21.52 us
ROPE: 2 x 3.58 us = 7.16 us
SET_ROWS: 2 x 2.66 us = 5.32 us
SIGMOID_MUL SIGMOID: 1 x 1.68 us = 1.68 us
TOP_K K=10 (98304,1,1,1): 1 x 8.52 us = 8.52 us
Total time: 1394.55 us.
----------------
Vulkan Timings:
CONCAT: 1 x 3.8 us = 3.8 us
CONT: 1 x 3.64 us = 3.64 us
FLASH_ATTN_EXT dst(256,24,1,1),  q(256,1,24,1),  k(256,256,4,1),  v(256,256,4,1),  m(256,1,1,1): 1 x 12.8 us = 12.8 us (491.52 GFLOPS/s)
GET_ROWS: 2 x 4.28 us = 8.56 us
GLU: 1 x 1.8 us = 1.8 us
MUL_MAT f32 m=256 n=24 k=256: 1 x 1.64 us = 1.64 us (1914.38 GFLOPS/s)
MUL_MAT f32 m=64 n=16 k=64: 1 x 3.64 us = 3.64 us (35.7275 GFLOPS/s)
MUL_MAT f32 m=64 n=96 k=64: 1 x 3.6 us = 3.6 us (216.747 GFLOPS/s)
MUL_MAT_ADD MUL_MAT_VEC q6_K m=5120 n=1 k=17408: 1 x 123.72 us = 123.72 us (1440.78 GFLOPS/s)
MUL_MAT_ADD MUL_MAT_VEC q6_K m=5120 n=1 k=6144: 1 x 53.84 us = 53.84 us (1168.45 GFLOPS/s)
MUL_MAT_VEC f32 m=256 n=4 k=256: 1 x 3.04 us = 3.04 us (172.126 GFLOPS/s)
MUL_MAT_VEC q6_K m=1024 n=1 k=5120: 2 x 8.28 us = 16.56 us (1266.27 GFLOPS/s)
MUL_MAT_VEC q6_K m=12288 n=1 k=5120: 1 x 85.48 us = 85.48 us (1471.89 GFLOPS/s)
MUL_MAT_VEC q6_K m=17408 n=1 k=5120: 2 x 121 us = 242 us (1473.06 GFLOPS/s)
MUL_MAT_VEC q6_K m=98304 n=1 k=5120: 1 x 670.26 us = 670.26 us (1501.71 GFLOPS/s)
MUL_MAT_VEC q8_0 m=5120 n=1 k=10240: 1 x 100.88 us = 100.88 us (1039.38 GFLOPS/s)
PAD: 1 x 6.28 us = 6.28 us
RMS_NORM_MUL RMS_NORM(256,24,1,1): 1 x 5.4 us = 5.4 us
RMS_NORM_MUL RMS_NORM(256,4,1,1): 1 x 3.64 us = 3.64 us
RMS_NORM_MUL RMS_NORM(5120,1,1,1): 5 x 3.728 us = 18.64 us
ROPE: 2 x 3.6 us = 7.2 us
SET_ROWS: 2 x 2.68 us = 5.36 us
SIGMOID_MUL SIGMOID: 1 x 1.64 us = 1.64 us
TOP_K K=10 (98304,1,1,1): 1 x 9.04 us = 9.04 us
Total time: 1392.46 us.
----------------
Vulkan Timings:
CONCAT: 1 x 3.72 us = 3.72 us
CONT: 1 x 3.6 us = 3.6 us
FLASH_ATTN_EXT dst(256,24,1,1),  q(256,1,24,1),  k(256,256,4,1),  v(256,256,4,1),  m(256,1,1,1): 1 x 12.96 us = 12.96 us (485.452 GFLOPS/s)
GET_ROWS: 2 x 4.22 us = 8.44 us
GLU: 1 x 1.72 us = 1.72 us
MUL_MAT f32 m=256 n=24 k=256: 1 x 1.64 us = 1.64 us (1914.38 GFLOPS/s)
MUL_MAT f32 m=64 n=16 k=64: 1 x 3.6 us = 3.6 us (36.1244 GFLOPS/s)
MUL_MAT f32 m=64 n=96 k=64: 1 x 3.6 us = 3.6 us (216.747 GFLOPS/s)
MUL_MAT_ADD MUL_MAT_VEC q6_K m=5120 n=1 k=17408: 1 x 123.08 us = 123.08 us (1448.27 GFLOPS/s)
MUL_MAT_ADD MUL_MAT_VEC q6_K m=5120 n=1 k=6144: 1 x 53.76 us = 53.76 us (1170.19 GFLOPS/s)
MUL_MAT_VEC f32 m=256 n=4 k=256: 1 x 3.04 us = 3.04 us (172.126 GFLOPS/s)
MUL_MAT_VEC q6_K m=1024 n=1 k=5120: 2 x 9.06 us = 18.12 us (1157.26 GFLOPS/s)
MUL_MAT_VEC q6_K m=12288 n=1 k=5120: 1 x 85.64 us = 85.64 us (1469.14 GFLOPS/s)
MUL_MAT_VEC q6_K m=17408 n=1 k=5120: 2 x 121.42 us = 242.84 us (1467.97 GFLOPS/s)
MUL_MAT_VEC q6_K m=98304 n=1 k=5120: 1 x 674.19 us = 674.19 us (1492.95 GFLOPS/s)
MUL_MAT_VEC q8_0 m=5120 n=1 k=10240: 1 x 101.28 us = 101.28 us (1035.27 GFLOPS/s)
PAD: 1 x 6.48 us = 6.48 us
RMS_NORM_MUL RMS_NORM(256,24,1,1): 1 x 3.64 us = 3.64 us
RMS_NORM_MUL RMS_NORM(256,4,1,1): 1 x 3.6 us = 3.6 us
RMS_NORM_MUL RMS_NORM(5120,1,1,1): 5 x 3.712 us = 18.56 us
ROPE: 2 x 3.58 us = 7.16 us
SET_ROWS: 2 x 2.64 us = 5.28 us
SIGMOID_MUL SIGMOID: 1 x 1.72 us = 1.72 us
TOP_K K=10 (98304,1,1,1): 1 x 8.16 us = 8.16 us
Total time: 1395.83 us.
----------------
Vulkan Timings:
ADD: 48 x 3.752 us = 180.12 us
CONCAT: 48 x 2.441 us = 117.2 us
CONT: 16 x 3.832 us = 61.32 us
CPY: 240 x 2.218 us = 532.32 us
FLASH_ATTN_EXT dst(256,24,5,1),  q(256,5,24,1),  k(256,256,4,1),  v(256,256,4,1),  m(256,5,1,1): 16 x 20.957 us = 335.32 us (1501 GFLOPS/s)
GDN_CACHE GATED_DELTA_NET: 48 x 13.845 us = 664.56 us
GET_ROWS: 50 x 25.876 us = 1293.84 us
GLU: 64 x 3.005 us = 192.32 us
MUL_MAT f32 m=256 n=120 k=256: 16 x 1.827 us = 29.24 us (8589.83 GFLOPS/s)
MUL_MAT f32 m=256 n=20 k=256: 16 x 3.11 us = 49.76 us (841.26 GFLOPS/s)
MUL_MAT f32 m=64 n=480 k=64: 16 x 3.637 us = 58.2 us (1072.56 GFLOPS/s)
MUL_MAT f32 m=64 n=80 k=64: 16 x 3.297 us = 52.76 us (197.192 GFLOPS/s)
MUL_MAT_ADD MUL_MAT_VEC q6_K m=5120 n=5 k=17408: 64 x 130.432 us = 8347.68 us (6833.14 GFLOPS/s)
MUL_MAT_ADD MUL_MAT_VEC q6_K m=5120 n=5 k=6144: 16 x 55.055 us = 880.88 us (5713.33 GFLOPS/s)
MUL_MAT_VEC f32 m=48 n=5 k=5120: 96 x 3.585 us = 344.24 us (685.297 GFLOPS/s)
MUL_MAT_VEC q6_K m=1024 n=5 k=5120: 32 x 10.938 us = 350.04 us (4792.47 GFLOPS/s)
MUL_MAT_VEC q6_K m=10240 n=5 k=5120: 48 x 82.001 us = 3936.08 us (6393 GFLOPS/s)
MUL_MAT_VEC q6_K m=12288 n=5 k=5120: 16 x 94.922 us = 1518.76 us (6627.35 GFLOPS/s)
MUL_MAT_VEC q6_K m=17408 n=5 k=5120: 128 x 140.582 us = 17994.6 us (6339.34 GFLOPS/s)
MUL_MAT_VEC q6_K m=248320 n=5 k=5120: 1 x 1775.6 us = 1775.6 us (7159.69 GFLOPS/s)
MUL_MAT_VEC q6_K m=6144 n=5 k=5120: 48 x 53.451 us = 2565.68 us (5884.61 GFLOPS/s)
MUL_MAT_VEC q8_0 m=5120 n=5 k=6144: 48 x 63.04 us = 3025.92 us (4989.64 GFLOPS/s)
RMS_NORM_MUL RMS_NORM(256,24,5,1): 16 x 3.975 us = 63.6 us
RMS_NORM_MUL RMS_NORM(256,4,5,1): 16 x 4.417 us = 70.68 us
RMS_NORM_MUL RMS_NORM(5120,5,1,1): 129 x 4.529 us = 584.36 us
RMS_NORM_MUL_SILU_MUL RMS_NORM(128,48,5,1): 48 x 5.653 us = 271.36 us
RMS_NORM_SCALE RMS_NORM(128,16,5,1): 96 x 2.585 us = 248.24 us
ROPE: 32 x 3.852 us = 123.28 us
SET_ROWS: 32 x 2.948 us = 94.36 us
SIGMOID_MUL SIGMOID: 16 x 3.685 us = 58.96 us
SSM_CONV_SILU SSM_CONV: 48 x 5.657 us = 271.56 us
Total time: 46092.8 us.
----------------
Vulkan Timings:
CONCAT: 1 x 4 us = 4 us
CONT: 1 x 3.72 us = 3.72 us
FLASH_ATTN_EXT dst(256,24,5,1),  q(256,5,24,1),  k(256,256,4,1),  v(256,256,4,1),  m(256,5,1,1): 1 x 22.6 us = 22.6 us (1391.92 GFLOPS/s)
GLU: 1 x 1.56 us = 1.56 us
MUL_MAT f32 m=256 n=120 k=256: 1 x 2.16 us = 2.16 us (7267.56 GFLOPS/s)
MUL_MAT f32 m=256 n=20 k=256: 1 x 0.76 us = 0.76 us (3442.53 GFLOPS/s)
MUL_MAT f32 m=64 n=480 k=64: 1 x 3.72 us = 3.72 us (1048.77 GFLOPS/s)
MUL_MAT f32 m=64 n=80 k=64: 1 x 3.64 us = 3.64 us (178.637 GFLOPS/s)
MUL_MAT_ADD MUL_MAT_VEC q6_K m=5120 n=5 k=17408: 1 x 154.23 us = 154.23 us (5778.8 GFLOPS/s)
MUL_MAT_ADD MUL_MAT_VEC q6_K m=5120 n=5 k=6144: 1 x 61.96 us = 61.96 us (5076.62 GFLOPS/s)
MUL_MAT_VEC q6_K m=1024 n=5 k=5120: 2 x 9.22 us = 18.44 us (5685.87 GFLOPS/s)
MUL_MAT_VEC q6_K m=12288 n=5 k=5120: 1 x 120.96 us = 120.96 us (5200.76 GFLOPS/s)
MUL_MAT_VEC q6_K m=17408 n=5 k=5120: 2 x 136.04 us = 272.08 us (6551.03 GFLOPS/s)
MUL_MAT_VEC q8_0 m=5120 n=5 k=10240: 1 x 106.32 us = 106.32 us (4930.99 GFLOPS/s)
RMS_NORM_MUL RMS_NORM(256,24,5,1): 1 x 3.76 us = 3.76 us
RMS_NORM_MUL RMS_NORM(256,4,5,1): 1 x 3.6 us = 3.6 us
RMS_NORM_MUL RMS_NORM(5120,5,1,1): 5 x 8.052 us = 40.26 us
ROPE: 2 x 3.64 us = 7.28 us
SET_ROWS: 2 x 2.88 us = 5.76 us
SIGMOID_MUL SIGMOID: 1 x 1.76 us = 1.76 us
Total time: 838.57 us.
----------------
Vulkan Timings:
CONCAT: 1 x 3.68 us = 3.68 us
CONT: 1 x 3.52 us = 3.52 us
FLASH_ATTN_EXT dst(256,24,1,1),  q(256,1,24,1),  k(256,256,4,1),  v(256,256,4,1),  m(256,1,1,1): 1 x 12.52 us = 12.52 us (502.512 GFLOPS/s)
GET_ROWS: 2 x 4.3 us = 8.6 us
GLU: 1 x 1.64 us = 1.64 us
MUL_MAT f32 m=256 n=24 k=256: 1 x 1.52 us = 1.52 us (2065.52 GFLOPS/s)
MUL_MAT f32 m=64 n=16 k=64: 1 x 1.84 us = 1.84 us (70.6783 GFLOPS/s)
MUL_MAT f32 m=64 n=96 k=64: 1 x 3.2 us = 3.2 us (243.84 GFLOPS/s)
MUL_MAT_ADD MUL_MAT_VEC q6_K m=5120 n=1 k=17408: 1 x 130.36 us = 130.36 us (1367.39 GFLOPS/s)
MUL_MAT_ADD MUL_MAT_VEC q6_K m=5120 n=1 k=6144: 1 x 53.36 us = 53.36 us (1178.96 GFLOPS/s)
MUL_MAT_VEC f32 m=256 n=4 k=256: 1 x 3.04 us = 3.04 us (172.126 GFLOPS/s)
MUL_MAT_VEC q6_K m=1024 n=1 k=5120: 2 x 9.22 us = 18.44 us (1137.17 GFLOPS/s)
MUL_MAT_VEC q6_K m=12288 n=1 k=5120: 1 x 89.96 us = 89.96 us (1398.59 GFLOPS/s)
MUL_MAT_VEC q6_K m=17408 n=1 k=5120: 2 x 118.12 us = 236.24 us (1508.98 GFLOPS/s)
MUL_MAT_VEC q6_K m=98304 n=1 k=5120: 1 x 674.28 us = 674.28 us (1492.75 GFLOPS/s)
MUL_MAT_VEC q8_0 m=5120 n=1 k=10240: 1 x 94 us = 94 us (1115.45 GFLOPS/s)
PAD: 1 x 6.32 us = 6.32 us
RMS_NORM_MUL RMS_NORM(256,24,1,1): 1 x 3.2 us = 3.2 us
RMS_NORM_MUL RMS_NORM(256,4,1,1): 1 x 4.8 us = 4.8 us
RMS_NORM_MUL RMS_NORM(5120,1,1,1): 5 x 4.088 us = 20.44 us
ROPE: 2 x 3.32 us = 6.64 us
SET_ROWS: 2 x 2.6 us = 5.2 us
SIGMOID_MUL SIGMOID: 1 x 1.6 us = 1.6 us
TOP_K K=10 (98304,1,1,1): 1 x 9 us = 9 us
Total time: 1393.4 us.
----------------
Vulkan Timings:
CONCAT: 1 x 3.8 us = 3.8 us
CONT: 1 x 3.64 us = 3.64 us
FLASH_ATTN_EXT dst(256,24,1,1),  q(256,1,24,1),  k(256,256,4,1),  v(256,256,4,1),  m(256,1,1,1): 1 x 12.92 us = 12.92 us (486.955 GFLOPS/s)
GET_ROWS: 2 x 4.28 us = 8.56 us
GLU: 1 x 1.88 us = 1.88 us
MUL_MAT f32 m=256 n=24 k=256: 1 x 1.68 us = 1.68 us (1868.8 GFLOPS/s)
MUL_MAT f32 m=64 n=16 k=64: 1 x 3.64 us = 3.64 us (35.7275 GFLOPS/s)
MUL_MAT f32 m=64 n=96 k=64: 1 x 3.6 us = 3.6 us (216.747 GFLOPS/s)
MUL_MAT_ADD MUL_MAT_VEC q6_K m=5120 n=1 k=17408: 1 x 124.2 us = 124.2 us (1435.21 GFLOPS/s)
MUL_MAT_ADD MUL_MAT_VEC q6_K m=5120 n=1 k=6144: 1 x 53.2 us = 53.2 us (1182.51 GFLOPS/s)
MUL_MAT_VEC f32 m=256 n=4 k=256: 1 x 3.04 us = 3.04 us (172.126 GFLOPS/s)
MUL_MAT_VEC q6_K m=1024 n=1 k=5120: 2 x 9.12 us = 18.24 us (1149.64 GFLOPS/s)
MUL_MAT_VEC q6_K m=12288 n=1 k=5120: 1 x 85.12 us = 85.12 us (1478.11 GFLOPS/s)
MUL_MAT_VEC q6_K m=17408 n=1 k=5120: 2 x 121.62 us = 243.24 us (1465.55 GFLOPS/s)
MUL_MAT_VEC q6_K m=98304 n=1 k=5120: 1 x 672.17 us = 672.17 us (1497.44 GFLOPS/s)
MUL_MAT_VEC q8_0 m=5120 n=1 k=10240: 1 x 101.16 us = 101.16 us (1036.5 GFLOPS/s)
PAD: 1 x 6.32 us = 6.32 us
RMS_NORM_MUL RMS_NORM(256,24,1,1): 1 x 3.6 us = 3.6 us
RMS_NORM_MUL RMS_NORM(256,4,1,1): 1 x 3.64 us = 3.64 us
RMS_NORM_MUL RMS_NORM(5120,1,1,1): 5 x 3.76 us = 18.8 us
ROPE: 2 x 3.6 us = 7.2 us
SET_ROWS: 2 x 2.66 us = 5.32 us
SIGMOID_MUL SIGMOID: 1 x 1.64 us = 1.64 us
TOP_K K=10 (98304,1,1,1): 1 x 8.96 us = 8.96 us
Total time: 1395.57 us.
----------------
Vulkan Timings:
CONCAT: 1 x 3.76 us = 3.76 us
CONT: 1 x 3.6 us = 3.6 us
FLASH_ATTN_EXT dst(256,24,1,1),  q(256,1,24,1),  k(256,256,4,1),  v(256,256,4,1),  m(256,1,1,1): 1 x 12.88 us = 12.88 us (488.467 GFLOPS/s)
GET_ROWS: 2 x 4.32 us = 8.64 us
GLU: 1 x 1.76 us = 1.76 us
MUL_MAT f32 m=256 n=24 k=256: 1 x 1.6 us = 1.6 us (1962.24 GFLOPS/s)
MUL_MAT f32 m=64 n=16 k=64: 1 x 3.64 us = 3.64 us (35.7275 GFLOPS/s)
MUL_MAT f32 m=64 n=96 k=64: 1 x 3.6 us = 3.6 us (216.747 GFLOPS/s)
MUL_MAT_ADD MUL_MAT_VEC q6_K m=5120 n=1 k=17408: 1 x 123.24 us = 123.24 us (1446.39 GFLOPS/s)
MUL_MAT_ADD MUL_MAT_VEC q6_K m=5120 n=1 k=6144: 1 x 54.12 us = 54.12 us (1162.41 GFLOPS/s)
MUL_MAT_VEC f32 m=256 n=4 k=256: 1 x 3.04 us = 3.04 us (172.126 GFLOPS/s)
MUL_MAT_VEC q6_K m=1024 n=1 k=5120: 2 x 9.08 us = 18.16 us (1154.71 GFLOPS/s)
MUL_MAT_VEC q6_K m=12288 n=1 k=5120: 1 x 86.28 us = 86.28 us (1458.24 GFLOPS/s)
MUL_MAT_VEC q6_K m=17408 n=1 k=5120: 2 x 121.26 us = 242.52 us (1469.9 GFLOPS/s)
MUL_MAT_VEC q6_K m=98304 n=1 k=5120: 1 x 670.04 us = 670.04 us (1502.2 GFLOPS/s)
MUL_MAT_VEC q8_0 m=5120 n=1 k=10240: 1 x 101.64 us = 101.64 us (1031.61 GFLOPS/s)
PAD: 1 x 6.04 us = 6.04 us
RMS_NORM_MUL RMS_NORM(256,24,1,1): 1 x 3.6 us = 3.6 us
RMS_NORM_MUL RMS_NORM(256,4,1,1): 1 x 3.6 us = 3.6 us
RMS_NORM_MUL RMS_NORM(5120,1,1,1): 5 x 3.68 us = 18.4 us
ROPE: 2 x 3.56 us = 7.12 us
SET_ROWS: 2 x 2.6 us = 5.2 us
SIGMOID_MUL SIGMOID: 1 x 1.96 us = 1.96 us
TOP_K K=10 (98304,1,1,1): 1 x 8.84 us = 8.84 us
Total time: 1393.28 us.
----------------
Vulkan Timings:
CONCAT: 1 x 3.76 us = 3.76 us
CONT: 1 x 3.6 us = 3.6 us
FLASH_ATTN_EXT dst(256,24,1,1),  q(256,1,24,1),  k(256,256,4,1),  v(256,256,4,1),  m(256,1,1,1): 1 x 13.12 us = 13.12 us (479.532 GFLOPS/s)
GET_ROWS: 2 x 4.3 us = 8.6 us
GLU: 1 x 1.88 us = 1.88 us
MUL_MAT f32 m=256 n=24 k=256: 1 x 1.64 us = 1.64 us (1914.38 GFLOPS/s)
MUL_MAT f32 m=64 n=16 k=64: 1 x 3.6 us = 3.6 us (36.1244 GFLOPS/s)
MUL_MAT f32 m=64 n=96 k=64: 1 x 3.6 us = 3.6 us (216.747 GFLOPS/s)
MUL_MAT_ADD MUL_MAT_VEC q6_K m=5120 n=1 k=17408: 1 x 123.44 us = 123.44 us (1444.04 GFLOPS/s)
MUL_MAT_ADD MUL_MAT_VEC q6_K m=5120 n=1 k=6144: 1 x 53.6 us = 53.6 us (1173.68 GFLOPS/s)
MUL_MAT_VEC f32 m=256 n=4 k=256: 1 x 3.04 us = 3.04 us (172.126 GFLOPS/s)
MUL_MAT_VEC q6_K m=1024 n=1 k=5120: 2 x 6.06 us = 12.12 us (1730.15 GFLOPS/s)
MUL_MAT_VEC q6_K m=12288 n=1 k=5120: 1 x 93.36 us = 93.36 us (1347.65 GFLOPS/s)
MUL_MAT_VEC q6_K m=17408 n=1 k=5120: 2 x 121.56 us = 243.12 us (1466.28 GFLOPS/s)
MUL_MAT_VEC q6_K m=98304 n=1 k=5120: 1 x 671.41 us = 671.41 us (1499.14 GFLOPS/s)
MUL_MAT_VEC q8_0 m=5120 n=1 k=10240: 1 x 101.12 us = 101.12 us (1036.91 GFLOPS/s)
PAD: 1 x 6.32 us = 6.32 us
RMS_NORM_MUL RMS_NORM(256,24,1,1): 1 x 3.64 us = 3.64 us
RMS_NORM_MUL RMS_NORM(256,4,1,1): 1 x 3.6 us = 3.6 us
RMS_NORM_MUL RMS_NORM(5120,1,1,1): 5 x 3.728 us = 18.64 us
ROPE: 2 x 3.54 us = 7.08 us
SET_ROWS: 2 x 2.66 us = 5.32 us
SIGMOID_MUL SIGMOID: 1 x 2.6 us = 2.6 us
TOP_K K=10 (98304,1,1,1): 1 x 8.76 us = 8.76 us
Total time: 1396.97 us.
----------------
Vulkan Timings:
ADD: 48 x 3.752 us = 180.12 us
CONCAT: 48 x 2.384 us = 114.44 us
CONT: 16 x 3.812 us = 61 us
CPY: 240 x 2.245 us = 538.8 us
FLASH_ATTN_EXT dst(256,24,5,1),  q(256,5,24,1),  k(256,256,4,1),  v(256,256,4,1),  m(256,5,1,1): 16 x 20.855 us = 333.68 us (1508.38 GFLOPS/s)
GDN_CACHE GATED_DELTA_NET: 48 x 13.979 us = 671 us
GET_ROWS: 50 x 25.301 us = 1265.08 us
GLU: 64 x 2.921 us = 187 us
MUL_MAT f32 m=256 n=120 k=256: 16 x 1.807 us = 28.92 us (8684.88 GFLOPS/s)
MUL_MAT f32 m=256 n=20 k=256: 16 x 3.105 us = 49.68 us (842.615 GFLOPS/s)
MUL_MAT f32 m=64 n=480 k=64: 16 x 3.625 us = 58 us (1076.26 GFLOPS/s)
MUL_MAT f32 m=64 n=80 k=64: 16 x 3.272 us = 52.36 us (198.698 GFLOPS/s)
MUL_MAT_ADD MUL_MAT_VEC q6_K m=5120 n=5 k=17408: 64 x 130.548 us = 8355.12 us (6827.06 GFLOPS/s)
MUL_MAT_ADD MUL_MAT_VEC q6_K m=5120 n=5 k=6144: 16 x 55.23 us = 883.68 us (5695.22 GFLOPS/s)
MUL_MAT_VEC f32 m=48 n=5 k=5120: 96 x 3.475 us = 333.68 us (706.984 GFLOPS/s)
MUL_MAT_VEC q6_K m=1024 n=5 k=5120: 32 x 11.091 us = 354.92 us (4726.58 GFLOPS/s)
MUL_MAT_VEC q6_K m=10240 n=5 k=5120: 48 x 81.969 us = 3934.52 us (6395.54 GFLOPS/s)
MUL_MAT_VEC q6_K m=12288 n=5 k=5120: 16 x 94.94 us = 1519.04 us (6626.12 GFLOPS/s)
MUL_MAT_VEC q6_K m=17408 n=5 k=5120: 128 x 141.064 us = 18056.3 us (6317.69 GFLOPS/s)
MUL_MAT_VEC q6_K m=248320 n=5 k=5120: 1 x 1771.52 us = 1771.52 us (7176.18 GFLOPS/s)
MUL_MAT_VEC q6_K m=6144 n=5 k=5120: 48 x 53.505 us = 2568.24 us (5878.74 GFLOPS/s)
MUL_MAT_VEC q8_0 m=5120 n=5 k=6144: 48 x 63.01 us = 3024.52 us (4991.95 GFLOPS/s)
RMS_NORM_MUL RMS_NORM(256,24,5,1): 16 x 3.71 us = 59.36 us
RMS_NORM_MUL RMS_NORM(256,4,5,1): 16 x 4.407 us = 70.52 us
RMS_NORM_MUL RMS_NORM(5120,5,1,1): 129 x 4.516 us = 582.6 us
RMS_NORM_MUL_SILU_MUL RMS_NORM(128,48,5,1): 48 x 5.635 us = 270.48 us
RMS_NORM_SCALE RMS_NORM(128,16,5,1): 96 x 2.653 us = 254.72 us
ROPE: 32 x 3.841 us = 122.92 us
SET_ROWS: 32 x 2.938 us = 94.04 us
SIGMOID_MUL SIGMOID: 16 x 3.66 us = 58.56 us
SSM_CONV_SILU SSM_CONV: 48 x 5.629 us = 270.2 us
Total time: 46125 us.
----------------
Vulkan Timings:
CONCAT: 1 x 4.24 us = 4.24 us
CONT: 1 x 3.44 us = 3.44 us
FLASH_ATTN_EXT dst(256,24,5,1),  q(256,5,24,1),  k(256,256,4,1),  v(256,256,4,1),  m(256,5,1,1): 1 x 20.84 us = 20.84 us (1509.47 GFLOPS/s)
GLU: 1 x 1.48 us = 1.48 us
MUL_MAT f32 m=256 n=120 k=256: 1 x 1.64 us = 1.64 us (9571.9 GFLOPS/s)
MUL_MAT f32 m=256 n=20 k=256: 1 x 2.92 us = 2.92 us (896 GFLOPS/s)
MUL_MAT f32 m=64 n=480 k=64: 1 x 3.32 us = 3.32 us (1175.13 GFLOPS/s)
MUL_MAT f32 m=64 n=80 k=64: 1 x 3.32 us = 3.32 us (195.855 GFLOPS/s)
MUL_MAT_ADD MUL_MAT_VEC q6_K m=5120 n=5 k=17408: 1 x 154.83 us = 154.83 us (5756.4 GFLOPS/s)
MUL_MAT_ADD MUL_MAT_VEC q6_K m=5120 n=5 k=6144: 1 x 62.16 us = 62.16 us (5060.28 GFLOPS/s)
MUL_MAT_VEC q6_K m=1024 n=5 k=5120: 2 x 8.26 us = 16.52 us (6346.69 GFLOPS/s)
MUL_MAT_VEC q6_K m=12288 n=5 k=5120: 1 x 119.87 us = 119.87 us (5248.05 GFLOPS/s)
MUL_MAT_VEC q6_K m=17408 n=5 k=5120: 2 x 136.3 us = 272.6 us (6538.54 GFLOPS/s)
MUL_MAT_VEC q8_0 m=5120 n=5 k=10240: 1 x 105.64 us = 105.64 us (4962.73 GFLOPS/s)
RMS_NORM_MUL RMS_NORM(256,24,5,1): 1 x 5.84 us = 5.84 us
RMS_NORM_MUL RMS_NORM(256,4,5,1): 1 x 3.4 us = 3.4 us
RMS_NORM_MUL RMS_NORM(5120,5,1,1): 5 x 8.1 us = 40.5 us
ROPE: 2 x 3.4 us = 6.8 us
SET_ROWS: 2 x 2.5 us = 5 us
SIGMOID_MUL SIGMOID: 1 x 1.6 us = 1.6 us
Total time: 835.96 us.
----------------
Vulkan Timings:
CONCAT: 1 x 3.68 us = 3.68 us
CONT: 1 x 3.48 us = 3.48 us
FLASH_ATTN_EXT dst(256,24,1,1),  q(256,1,24,1),  k(256,256,4,1),  v(256,256,4,1),  m(256,1,1,1): 1 x 12.8 us = 12.8 us (491.52 GFLOPS/s)
GET_ROWS: 2 x 4.2 us = 8.4 us
GLU: 1 x 1.64 us = 1.64 us
MUL_MAT f32 m=256 n=24 k=256: 1 x 1.56 us = 1.56 us (2012.55 GFLOPS/s)
MUL_MAT f32 m=64 n=16 k=64: 1 x 1.84 us = 1.84 us (70.6783 GFLOPS/s)
MUL_MAT f32 m=64 n=96 k=64: 1 x 3.2 us = 3.2 us (243.84 GFLOPS/s)
MUL_MAT_ADD MUL_MAT_VEC q6_K m=5120 n=1 k=17408: 1 x 130.52 us = 130.52 us (1365.71 GFLOPS/s)
MUL_MAT_ADD MUL_MAT_VEC q6_K m=5120 n=1 k=6144: 1 x 53.76 us = 53.76 us (1170.19 GFLOPS/s)
MUL_MAT_VEC f32 m=256 n=4 k=256: 1 x 3 us = 3 us (174.421 GFLOPS/s)
MUL_MAT_VEC q6_K m=1024 n=1 k=5120: 2 x 9.24 us = 18.48 us (1134.71 GFLOPS/s)
MUL_MAT_VEC q6_K m=12288 n=1 k=5120: 1 x 90.24 us = 90.24 us (1394.25 GFLOPS/s)
MUL_MAT_VEC q6_K m=17408 n=1 k=5120: 2 x 118.26 us = 236.52 us (1507.19 GFLOPS/s)
MUL_MAT_VEC q6_K m=98304 n=1 k=5120: 1 x 671.89 us = 671.89 us (1498.06 GFLOPS/s)
MUL_MAT_VEC q8_0 m=5120 n=1 k=10240: 1 x 93.4 us = 93.4 us (1122.62 GFLOPS/s)
PAD: 1 x 6.32 us = 6.32 us
RMS_NORM_MUL RMS_NORM(256,24,1,1): 1 x 3.2 us = 3.2 us
RMS_NORM_MUL RMS_NORM(256,4,1,1): 1 x 4.84 us = 4.84 us
RMS_NORM_MUL RMS_NORM(5120,1,1,1): 5 x 4.088 us = 20.44 us
ROPE: 2 x 3.34 us = 6.68 us
SET_ROWS: 2 x 2.58 us = 5.16 us
SIGMOID_MUL SIGMOID: 1 x 1.52 us = 1.52 us
TOP_K K=10 (98304,1,1,1): 1 x 8.84 us = 8.84 us
Total time: 1391.41 us.
----------------
Vulkan Timings:
CONCAT: 1 x 3.72 us = 3.72 us
CONT: 1 x 3.6 us = 3.6 us
FLASH_ATTN_EXT dst(256,24,1,1),  q(256,1,24,1),  k(256,256,4,1),  v(256,256,4,1),  m(256,1,1,1): 1 x 14.8 us = 14.8 us (425.098 GFLOPS/s)
GET_ROWS: 2 x 4.2 us = 8.4 us
GLU: 1 x 1.8 us = 1.8 us
MUL_MAT f32 m=256 n=24 k=256: 1 x 2.2 us = 2.2 us (1427.08 GFLOPS/s)
MUL_MAT f32 m=64 n=16 k=64: 1 x 3.68 us = 3.68 us (35.3391 GFLOPS/s)
MUL_MAT f32 m=64 n=96 k=64: 1 x 3.64 us = 3.64 us (214.365 GFLOPS/s)
MUL_MAT_ADD MUL_MAT_VEC q6_K m=5120 n=1 k=17408: 1 x 124 us = 124 us (1437.52 GFLOPS/s)
MUL_MAT_ADD MUL_MAT_VEC q6_K m=5120 n=1 k=6144: 1 x 54.6 us = 54.6 us (1152.19 GFLOPS/s)
MUL_MAT_VEC f32 m=256 n=4 k=256: 1 x 0.72 us = 0.72 us (726.756 GFLOPS/s)
MUL_MAT_VEC q6_K m=1024 n=1 k=5120: 2 x 5.88 us = 11.76 us (1783.12 GFLOPS/s)
MUL_MAT_VEC q6_K m=12288 n=1 k=5120: 1 x 93.32 us = 93.32 us (1348.23 GFLOPS/s)
MUL_MAT_VEC q6_K m=17408 n=1 k=5120: 2 x 121.26 us = 242.52 us (1469.9 GFLOPS/s)
MUL_MAT_VEC q6_K m=98304 n=1 k=5120: 1 x 671.89 us = 671.89 us (1498.06 GFLOPS/s)
MUL_MAT_VEC q8_0 m=5120 n=1 k=10240: 1 x 101.24 us = 101.24 us (1035.68 GFLOPS/s)
PAD: 1 x 6.28 us = 6.28 us
RMS_NORM_MUL RMS_NORM(256,24,1,1): 1 x 3.64 us = 3.64 us
RMS_NORM_MUL RMS_NORM(256,4,1,1): 1 x 3.56 us = 3.56 us
RMS_NORM_MUL RMS_NORM(5120,1,1,1): 5 x 3.744 us = 18.72 us
ROPE: 2 x 3.6 us = 7.2 us
SET_ROWS: 2 x 2.82 us = 5.64 us
SIGMOID_MUL SIGMOID: 1 x 1.72 us = 1.72 us
TOP_K K=10 (98304,1,1,1): 1 x 8.8 us = 8.8 us
Total time: 1397.45 us.
----------------
Vulkan Timings:
CONCAT: 1 x 3.76 us = 3.76 us
CONT: 1 x 3.64 us = 3.64 us
FLASH_ATTN_EXT dst(256,24,1,1),  q(256,1,24,1),  k(256,256,4,1),  v(256,256,4,1),  m(256,1,1,1): 1 x 12.96 us = 12.96 us (485.452 GFLOPS/s)
GET_ROWS: 2 x 4.18 us = 8.36 us
GLU: 1 x 1.88 us = 1.88 us
MUL_MAT f32 m=256 n=24 k=256: 1 x 1.64 us = 1.64 us (1914.38 GFLOPS/s)
MUL_MAT f32 m=64 n=16 k=64: 1 x 3.6 us = 3.6 us (36.1244 GFLOPS/s)
MUL_MAT f32 m=64 n=96 k=64: 1 x 3.64 us = 3.64 us (214.365 GFLOPS/s)
MUL_MAT_ADD MUL_MAT_VEC q6_K m=5120 n=1 k=17408: 1 x 123.04 us = 123.04 us (1448.74 GFLOPS/s)
MUL_MAT_ADD MUL_MAT_VEC q6_K m=5120 n=1 k=6144: 1 x 54 us = 54 us (1164.99 GFLOPS/s)
MUL_MAT_VEC f32 m=256 n=4 k=256: 1 x 3.04 us = 3.04 us (172.126 GFLOPS/s)
MUL_MAT_VEC q6_K m=1024 n=1 k=5120: 2 x 9.14 us = 18.28 us (1147.13 GFLOPS/s)
MUL_MAT_VEC q6_K m=12288 n=1 k=5120: 1 x 85.4 us = 85.4 us (1473.27 GFLOPS/s)
MUL_MAT_VEC q6_K m=17408 n=1 k=5120: 2 x 121.06 us = 242.12 us (1472.33 GFLOPS/s)
MUL_MAT_VEC q6_K m=98304 n=1 k=5120: 1 x 671.73 us = 671.73 us (1498.42 GFLOPS/s)
MUL_MAT_VEC q8_0 m=5120 n=1 k=10240: 1 x 101.84 us = 101.84 us (1029.58 GFLOPS/s)
PAD: 1 x 6.28 us = 6.28 us
RMS_NORM_MUL RMS_NORM(256,24,1,1): 1 x 3.6 us = 3.6 us
RMS_NORM_MUL RMS_NORM(256,4,1,1): 1 x 3.6 us = 3.6 us
RMS_NORM_MUL RMS_NORM(5120,1,1,1): 5 x 3.728 us = 18.64 us
ROPE: 2 x 3.58 us = 7.16 us
SET_ROWS: 2 x 2.64 us = 5.28 us
SIGMOID_MUL SIGMOID: 1 x 1.68 us = 1.68 us
TOP_K K=10 (98304,1,1,1): 1 x 9 us = 9 us
Total time: 1394.17 us.
----------------
Vulkan Timings:
CONCAT: 1 x 4 us = 4 us
CONT: 1 x 3.6 us = 3.6 us
FLASH_ATTN_EXT dst(256,24,1,1),  q(256,1,24,1),  k(256,256,4,1),  v(256,256,4,1),  m(256,1,1,1): 1 x 13.04 us = 13.04 us (482.474 GFLOPS/s)
GET_ROWS: 2 x 4.3 us = 8.6 us
GLU: 1 x 2.08 us = 2.08 us
MUL_MAT f32 m=256 n=24 k=256: 1 x 1.64 us = 1.64 us (1914.38 GFLOPS/s)
MUL_MAT f32 m=64 n=16 k=64: 1 x 3.6 us = 3.6 us (36.1244 GFLOPS/s)
MUL_MAT f32 m=64 n=96 k=64: 1 x 3.56 us = 3.56 us (219.182 GFLOPS/s)
MUL_MAT_ADD MUL_MAT_VEC q6_K m=5120 n=1 k=17408: 1 x 123.32 us = 123.32 us (1445.45 GFLOPS/s)
MUL_MAT_ADD MUL_MAT_VEC q6_K m=5120 n=1 k=6144: 1 x 50.88 us = 50.88 us (1236.43 GFLOPS/s)
MUL_MAT_VEC f32 m=256 n=4 k=256: 1 x 3.04 us = 3.04 us (172.126 GFLOPS/s)
MUL_MAT_VEC q6_K m=1024 n=1 k=5120: 2 x 9.08 us = 18.16 us (1154.71 GFLOPS/s)
MUL_MAT_VEC q6_K m=12288 n=1 k=5120: 1 x 85.72 us = 85.72 us (1467.77 GFLOPS/s)
MUL_MAT_VEC q6_K m=17408 n=1 k=5120: 2 x 124.16 us = 248.32 us (1435.57 GFLOPS/s)
MUL_MAT_VEC q6_K m=98304 n=1 k=5120: 1 x 671.89 us = 671.89 us (1498.06 GFLOPS/s)
MUL_MAT_VEC q8_0 m=5120 n=1 k=10240: 1 x 101.32 us = 101.32 us (1034.86 GFLOPS/s)
PAD: 1 x 6.32 us = 6.32 us
RMS_NORM_MUL RMS_NORM(256,24,1,1): 1 x 3.6 us = 3.6 us
RMS_NORM_MUL RMS_NORM(256,4,1,1): 1 x 3.6 us = 3.6 us
RMS_NORM_MUL RMS_NORM(5120,1,1,1): 5 x 4.312 us = 21.56 us
ROPE: 2 x 3.6 us = 7.2 us
SET_ROWS: 2 x 2.66 us = 5.32 us
SIGMOID_MUL SIGMOID: 1 x 1.68 us = 1.68 us
TOP_K K=10 (98304,1,1,1): 1 x 9.12 us = 9.12 us
Total time: 1401.17 us.
----------------
Vulkan Timings:
ADD: 48 x 3.776 us = 181.28 us
CONCAT: 48 x 2.55 us = 122.4 us
CONT: 16 x 3.845 us = 61.52 us
CPY: 240 x 2.22 us = 532.92 us
FLASH_ATTN_EXT dst(256,24,5,1),  q(256,5,24,1),  k(256,256,4,1),  v(256,256,4,1),  m(256,5,1,1): 16 x 21.217 us = 339.48 us (1482.61 GFLOPS/s)
GDN_CACHE GATED_DELTA_NET: 48 x 13.988 us = 671.44 us
GET_ROWS: 50 x 26.09 us = 1304.52 us
GLU: 64 x 2.941 us = 188.24 us
MUL_MAT f32 m=256 n=120 k=256: 16 x 1.842 us = 29.48 us (8519.9 GFLOPS/s)
MUL_MAT f32 m=256 n=20 k=256: 16 x 2.987 us = 47.8 us (875.756 GFLOPS/s)
MUL_MAT f32 m=64 n=480 k=64: 16 x 3.65 us = 58.4 us (1068.89 GFLOPS/s)
MUL_MAT f32 m=64 n=80 k=64: 16 x 3.397 us = 54.36 us (191.388 GFLOPS/s)
MUL_MAT_ADD MUL_MAT_VEC q6_K m=5120 n=5 k=17408: 64 x 130.571 us = 8356.6 us (6825.85 GFLOPS/s)
MUL_MAT_ADD MUL_MAT_VEC q6_K m=5120 n=5 k=6144: 16 x 55.105 us = 881.68 us (5708.14 GFLOPS/s)
MUL_MAT_VEC f32 m=48 n=5 k=5120: 96 x 3.418 us = 328.16 us (718.877 GFLOPS/s)
MUL_MAT_VEC q6_K m=1024 n=5 k=5120: 32 x 11.113 us = 355.64 us (4717.01 GFLOPS/s)
MUL_MAT_VEC q6_K m=10240 n=5 k=5120: 48 x 82.018 us = 3936.88 us (6391.7 GFLOPS/s)
MUL_MAT_VEC q6_K m=12288 n=5 k=5120: 16 x 94.952 us = 1519.24 us (6625.25 GFLOPS/s)
MUL_MAT_VEC q6_K m=17408 n=5 k=5120: 128 x 140.997 us = 18047.6 us (6320.71 GFLOPS/s)
MUL_MAT_VEC q6_K m=248320 n=5 k=5120: 1 x 1772.68 us = 1772.68 us (7171.48 GFLOPS/s)
MUL_MAT_VEC q6_K m=6144 n=5 k=5120: 48 x 53.49 us = 2567.56 us (5880.3 GFLOPS/s)
MUL_MAT_VEC q8_0 m=5120 n=5 k=6144: 48 x 63.069 us = 3027.32 us (4987.34 GFLOPS/s)
RMS_NORM_MUL RMS_NORM(256,24,5,1): 16 x 3.74 us = 59.84 us
RMS_NORM_MUL RMS_NORM(256,4,5,1): 16 x 4.355 us = 69.68 us
RMS_NORM_MUL RMS_NORM(5120,5,1,1): 129 x 4.565 us = 589 us
RMS_NORM_MUL_SILU_MUL RMS_NORM(128,48,5,1): 48 x 5.667 us = 272.04 us
RMS_NORM_SCALE RMS_NORM(128,16,5,1): 96 x 2.685 us = 257.84 us
ROPE: 32 x 3.871 us = 123.88 us
SET_ROWS: 32 x 2.976 us = 95.24 us
SIGMOID_MUL SIGMOID: 16 x 3.702 us = 59.24 us
SSM_CONV_SILU SSM_CONV: 48 x 5.718 us = 274.48 us
Total time: 46186.5 us.
----------------
Vulkan Timings:
CONCAT: 1 x 1.92 us = 1.92 us
CONT: 1 x 3.6 us = 3.6 us
FLASH_ATTN_EXT dst(256,24,5,1),  q(256,5,24,1),  k(256,256,4,1),  v(256,256,4,1),  m(256,5,1,1): 1 x 21.32 us = 21.32 us (1475.48 GFLOPS/s)
GLU: 1 x 1.56 us = 1.56 us
MUL_MAT f32 m=256 n=120 k=256: 1 x 1.64 us = 1.64 us (9571.9 GFLOPS/s)
MUL_MAT f32 m=256 n=20 k=256: 1 x 3.04 us = 3.04 us (860.632 GFLOPS/s)
MUL_MAT f32 m=64 n=480 k=64: 1 x 3.48 us = 3.48 us (1121.1 GFLOPS/s)
MUL_MAT f32 m=64 n=80 k=64: 1 x 3.4 us = 3.4 us (191.247 GFLOPS/s)
MUL_MAT_ADD MUL_MAT_VEC q6_K m=5120 n=5 k=17408: 1 x 157.42 us = 157.42 us (5661.69 GFLOPS/s)
MUL_MAT_ADD MUL_MAT_VEC q6_K m=5120 n=5 k=6144: 1 x 63.48 us = 63.48 us (4955.06 GFLOPS/s)
MUL_MAT_VEC q6_K m=1024 n=5 k=5120: 2 x 9.26 us = 18.52 us (5661.3 GFLOPS/s)
MUL_MAT_VEC q6_K m=12288 n=5 k=5120: 1 x 122.42 us = 122.42 us (5138.74 GFLOPS/s)
MUL_MAT_VEC q6_K m=17408 n=5 k=5120: 2 x 136.44 us = 272.88 us (6531.83 GFLOPS/s)
MUL_MAT_VEC q8_0 m=5120 n=5 k=10240: 1 x 113.6 us = 113.6 us (4614.99 GFLOPS/s)
RMS_NORM_MUL RMS_NORM(256,24,5,1): 1 x 3.56 us = 3.56 us
RMS_NORM_MUL RMS_NORM(256,4,5,1): 1 x 3.56 us = 3.56 us
RMS_NORM_MUL RMS_NORM(5120,5,1,1): 5 x 8.932 us = 44.66 us
ROPE: 2 x 3.5 us = 7 us
SET_ROWS: 2 x 2.6 us = 5.2 us
SIGMOID_MUL SIGMOID: 1 x 1.64 us = 1.64 us
Total time: 853.9 us.
----------------
Vulkan Timings:
CONCAT: 1 x 3.8 us = 3.8 us
CONT: 1 x 3.48 us = 3.48 us
FLASH_ATTN_EXT dst(256,24,1,1),  q(256,1,24,1),  k(256,256,4,1),  v(256,256,4,1),  m(256,1,1,1): 1 x 12.4 us = 12.4 us (507.375 GFLOPS/s)
GET_ROWS: 2 x 4.28 us = 8.56 us
GLU: 1 x 1.6 us = 1.6 us
MUL_MAT f32 m=256 n=24 k=256: 1 x 1.48 us = 1.48 us (2121.34 GFLOPS/s)
MUL_MAT f32 m=64 n=16 k=64: 1 x 1.8 us = 1.8 us (72.2489 GFLOPS/s)
MUL_MAT f32 m=64 n=96 k=64: 1 x 3.24 us = 3.24 us (240.83 GFLOPS/s)
MUL_MAT_ADD MUL_MAT_VEC q6_K m=5120 n=1 k=17408: 1 x 131.12 us = 131.12 us (1359.46 GFLOPS/s)
MUL_MAT_ADD MUL_MAT_VEC q6_K m=5120 n=1 k=6144: 1 x 54.16 us = 54.16 us (1161.55 GFLOPS/s)
MUL_MAT_VEC f32 m=256 n=4 k=256: 1 x 3 us = 3 us (174.421 GFLOPS/s)
MUL_MAT_VEC q6_K m=1024 n=1 k=5120: 2 x 9.3 us = 18.6 us (1127.39 GFLOPS/s)
MUL_MAT_VEC q6_K m=12288 n=1 k=5120: 1 x 89.68 us = 89.68 us (1402.95 GFLOPS/s)
MUL_MAT_VEC q6_K m=17408 n=1 k=5120: 2 x 117.54 us = 235.08 us (1516.42 GFLOPS/s)
MUL_MAT_VEC q6_K m=98304 n=1 k=5120: 1 x 671.49 us = 671.49 us (1498.96 GFLOPS/s)
MUL_MAT_VEC q8_0 m=5120 n=1 k=10240: 1 x 91.36 us = 91.36 us (1147.68 GFLOPS/s)
PAD: 1 x 6.28 us = 6.28 us
RMS_NORM_MUL RMS_NORM(256,24,1,1): 1 x 3.2 us = 3.2 us
RMS_NORM_MUL RMS_NORM(256,4,1,1): 1 x 4.84 us = 4.84 us
RMS_NORM_MUL RMS_NORM(5120,1,1,1): 5 x 4.248 us = 21.24 us
ROPE: 2 x 3.32 us = 6.64 us
SET_ROWS: 2 x 2.58 us = 5.16 us
SIGMOID_MUL SIGMOID: 1 x 1.6 us = 1.6 us
TOP_K K=10 (98304,1,1,1): 1 x 9 us = 9 us
Total time: 1388.81 us.
----------------
Vulkan Timings:
CONCAT: 1 x 3.76 us = 3.76 us
CONT: 1 x 3.6 us = 3.6 us
FLASH_ATTN_EXT dst(256,24,1,1),  q(256,1,24,1),  k(256,256,4,1),  v(256,256,4,1),  m(256,1,1,1): 1 x 12.72 us = 12.72 us (494.611 GFLOPS/s)
GET_ROWS: 2 x 4.2 us = 8.4 us
GLU: 1 x 1.88 us = 1.88 us
MUL_MAT f32 m=256 n=24 k=256: 1 x 1.64 us = 1.64 us (1914.38 GFLOPS/s)
MUL_MAT f32 m=64 n=16 k=64: 1 x 3.6 us = 3.6 us (36.1244 GFLOPS/s)
MUL_MAT f32 m=64 n=96 k=64: 1 x 3.64 us = 3.64 us (214.365 GFLOPS/s)
MUL_MAT_ADD MUL_MAT_VEC q6_K m=5120 n=1 k=17408: 1 x 123.68 us = 123.68 us (1441.24 GFLOPS/s)
MUL_MAT_ADD MUL_MAT_VEC q6_K m=5120 n=1 k=6144: 1 x 53.84 us = 53.84 us (1168.45 GFLOPS/s)
MUL_MAT_VEC f32 m=256 n=4 k=256: 1 x 3.04 us = 3.04 us (172.126 GFLOPS/s)
MUL_MAT_VEC q6_K m=1024 n=1 k=5120: 2 x 9.28 us = 18.56 us (1129.82 GFLOPS/s)
MUL_MAT_VEC q6_K m=12288 n=1 k=5120: 1 x 85.96 us = 85.96 us (1463.67 GFLOPS/s)
MUL_MAT_VEC q6_K m=17408 n=1 k=5120: 2 x 121.36 us = 242.72 us (1468.69 GFLOPS/s)
MUL_MAT_VEC q6_K m=98304 n=1 k=5120: 1 x 669.83 us = 669.83 us (1502.67 GFLOPS/s)
MUL_MAT_VEC q8_0 m=5120 n=1 k=10240: 1 x 102.32 us = 102.32 us (1024.75 GFLOPS/s)
PAD: 1 x 6.32 us = 6.32 us
RMS_NORM_MUL RMS_NORM(256,24,1,1): 1 x 3.6 us = 3.6 us
RMS_NORM_MUL RMS_NORM(256,4,1,1): 1 x 3.6 us = 3.6 us
RMS_NORM_MUL RMS_NORM(5120,1,1,1): 5 x 3.736 us = 18.68 us
ROPE: 2 x 3.54 us = 7.08 us
SET_ROWS: 2 x 2.66 us = 5.32 us
SIGMOID_MUL SIGMOID: 1 x 1.68 us = 1.68 us
TOP_K K=10 (98304,1,1,1): 1 x 9.04 us = 9.04 us
Total time: 1394.51 us.
----------------
Vulkan Timings:
CONCAT: 1 x 3.76 us = 3.76 us
CONT: 1 x 3.6 us = 3.6 us
FLASH_ATTN_EXT dst(256,24,1,1),  q(256,1,24,1),  k(256,256,4,1),  v(256,256,4,1),  m(256,1,1,1): 1 x 13.12 us = 13.12 us (479.532 GFLOPS/s)
GET_ROWS: 2 x 4.18 us = 8.36 us
GLU: 1 x 1.76 us = 1.76 us
MUL_MAT f32 m=256 n=24 k=256: 1 x 1.68 us = 1.68 us (1868.8 GFLOPS/s)
MUL_MAT f32 m=64 n=16 k=64: 1 x 3.64 us = 3.64 us (35.7275 GFLOPS/s)
MUL_MAT f32 m=64 n=96 k=64: 1 x 3.6 us = 3.6 us (216.747 GFLOPS/s)
MUL_MAT_ADD MUL_MAT_VEC q6_K m=5120 n=1 k=17408: 1 x 123.08 us = 123.08 us (1448.27 GFLOPS/s)
MUL_MAT_ADD MUL_MAT_VEC q6_K m=5120 n=1 k=6144: 1 x 54.32 us = 54.32 us (1158.13 GFLOPS/s)
MUL_MAT_VEC f32 m=256 n=4 k=256: 1 x 3.04 us = 3.04 us (172.126 GFLOPS/s)
MUL_MAT_VEC q6_K m=1024 n=1 k=5120: 2 x 9.2 us = 18.4 us (1139.65 GFLOPS/s)
MUL_MAT_VEC q6_K m=12288 n=1 k=5120: 1 x 85.92 us = 85.92 us (1464.35 GFLOPS/s)
MUL_MAT_VEC q6_K m=17408 n=1 k=5120: 2 x 121.36 us = 242.72 us (1468.69 GFLOPS/s)
MUL_MAT_VEC q6_K m=98304 n=1 k=5120: 1 x 672.11 us = 672.11 us (1497.57 GFLOPS/s)
MUL_MAT_VEC q8_0 m=5120 n=1 k=10240: 1 x 101.32 us = 101.32 us (1034.86 GFLOPS/s)
PAD: 1 x 6.4 us = 6.4 us
RMS_NORM_MUL RMS_NORM(256,24,1,1): 1 x 3.64 us = 3.64 us
RMS_NORM_MUL RMS_NORM(256,4,1,1): 1 x 3.6 us = 3.6 us
RMS_NORM_MUL RMS_NORM(5120,1,1,1): 5 x 3.696 us = 18.48 us
ROPE: 2 x 3.62 us = 7.24 us
SET_ROWS: 2 x 2.66 us = 5.32 us
SIGMOID_MUL SIGMOID: 1 x 1.68 us = 1.68 us
TOP_K K=10 (98304,1,1,1): 1 x 8.76 us = 8.76 us
Total time: 1395.55 us.
----------------
Vulkan Timings:
CONCAT: 1 x 3.76 us = 3.76 us
CONT: 1 x 3.64 us = 3.64 us
FLASH_ATTN_EXT dst(256,24,1,1),  q(256,1,24,1),  k(256,256,4,1),  v(256,256,4,1),  m(256,1,1,1): 1 x 12.84 us = 12.84 us (489.989 GFLOPS/s)
GET_ROWS: 2 x 4.24 us = 8.48 us
GLU: 1 x 1.84 us = 1.84 us
MUL_MAT f32 m=256 n=24 k=256: 1 x 1.6 us = 1.6 us (1962.24 GFLOPS/s)
MUL_MAT f32 m=64 n=16 k=64: 1 x 3.56 us = 3.56 us (36.5303 GFLOPS/s)
MUL_MAT f32 m=64 n=96 k=64: 1 x 3.64 us = 3.64 us (214.365 GFLOPS/s)
MUL_MAT_ADD MUL_MAT_VEC q6_K m=5120 n=1 k=17408: 1 x 123.04 us = 123.04 us (1448.74 GFLOPS/s)
MUL_MAT_ADD MUL_MAT_VEC q6_K m=5120 n=1 k=6144: 1 x 55.12 us = 55.12 us (1141.32 GFLOPS/s)
MUL_MAT_VEC f32 m=256 n=4 k=256: 1 x 3.04 us = 3.04 us (172.126 GFLOPS/s)
MUL_MAT_VEC q6_K m=1024 n=1 k=5120: 2 x 9.06 us = 18.12 us (1157.26 GFLOPS/s)
MUL_MAT_VEC q6_K m=12288 n=1 k=5120: 1 x 85.24 us = 85.24 us (1476.03 GFLOPS/s)
MUL_MAT_VEC q6_K m=17408 n=1 k=5120: 2 x 121.36 us = 242.72 us (1468.69 GFLOPS/s)
MUL_MAT_VEC q6_K m=98304 n=1 k=5120: 1 x 669.84 us = 669.84 us (1502.65 GFLOPS/s)
MUL_MAT_VEC q8_0 m=5120 n=1 k=10240: 1 x 101 us = 101 us (1038.14 GFLOPS/s)
PAD: 1 x 6.32 us = 6.32 us
RMS_NORM_MUL RMS_NORM(256,24,1,1): 1 x 3.6 us = 3.6 us
RMS_NORM_MUL RMS_NORM(256,4,1,1): 1 x 3.6 us = 3.6 us
RMS_NORM_MUL RMS_NORM(5120,1,1,1): 5 x 3.664 us = 18.32 us
ROPE: 2 x 3.56 us = 7.12 us
SET_ROWS: 2 x 2.66 us = 5.32 us
SIGMOID_MUL SIGMOID: 1 x 1.68 us = 1.68 us
TOP_K K=10 (98304,1,1,1): 1 x 8.8 us = 8.8 us
Total time: 1392.24 us.
----------------
Vulkan Timings:
ADD: 48 x 3.752 us = 180.12 us
CONCAT: 48 x 2.542 us = 122.04 us
CONT: 16 x 3.83 us = 61.28 us
CPY: 240 x 2.216 us = 531.96 us
FLASH_ATTN_EXT dst(256,24,5,1),  q(256,5,24,1),  k(256,256,4,1),  v(256,256,4,1),  m(256,5,1,1): 16 x 20.93 us = 334.88 us (1502.98 GFLOPS/s)
GDN_CACHE GATED_DELTA_NET: 48 x 13.9 us = 667.2 us
GET_ROWS: 50 x 26.149 us = 1307.48 us
GLU: 64 x 2.929 us = 187.48 us
MUL_MAT f32 m=256 n=120 k=256: 16 x 1.805 us = 28.88 us (8696.91 GFLOPS/s)
MUL_MAT f32 m=256 n=20 k=256: 16 x 3.115 us = 49.84 us (839.91 GFLOPS/s)
MUL_MAT f32 m=64 n=480 k=64: 16 x 3.64 us = 58.24 us (1071.82 GFLOPS/s)
MUL_MAT f32 m=64 n=80 k=64: 16 x 3.285 us = 52.56 us (197.942 GFLOPS/s)
MUL_MAT_ADD MUL_MAT_VEC q6_K m=5120 n=5 k=17408: 64 x 130.378 us = 8344.24 us (6835.96 GFLOPS/s)
MUL_MAT_ADD MUL_MAT_VEC q6_K m=5120 n=5 k=6144: 16 x 55.257 us = 884.12 us (5692.39 GFLOPS/s)
MUL_MAT_VEC f32 m=48 n=5 k=5120: 96 x 3.431 us = 329.44 us (716.084 GFLOPS/s)
MUL_MAT_VEC q6_K m=1024 n=5 k=5120: 32 x 10.833 us = 346.68 us (4838.92 GFLOPS/s)
MUL_MAT_VEC q6_K m=10240 n=5 k=5120: 48 x 81.87 us = 3929.8 us (6403.22 GFLOPS/s)
MUL_MAT_VEC q6_K m=12288 n=5 k=5120: 16 x 95.46 us = 1527.36 us (6590.03 GFLOPS/s)
MUL_MAT_VEC q6_K m=17408 n=5 k=5120: 128 x 140.636 us = 18001.5 us (6336.91 GFLOPS/s)
MUL_MAT_VEC q6_K m=248320 n=5 k=5120: 1 x 1774.72 us = 1774.72 us (7163.24 GFLOPS/s)
MUL_MAT_VEC q6_K m=6144 n=5 k=5120: 48 x 53.439 us = 2565.08 us (5885.98 GFLOPS/s)
MUL_MAT_VEC q8_0 m=5120 n=5 k=6144: 48 x 63.035 us = 3025.72 us (4989.97 GFLOPS/s)
RMS_NORM_MUL RMS_NORM(256,24,5,1): 16 x 3.72 us = 59.52 us
RMS_NORM_MUL RMS_NORM(256,4,5,1): 16 x 4.4 us = 70.4 us
RMS_NORM_MUL RMS_NORM(5120,5,1,1): 129 x 4.541 us = 585.88 us
RMS_NORM_MUL_SILU_MUL RMS_NORM(128,48,5,1): 48 x 5.649 us = 271.16 us
RMS_NORM_SCALE RMS_NORM(128,16,5,1): 96 x 2.657 us = 255.16 us
ROPE: 32 x 3.845 us = 123.04 us
SET_ROWS: 32 x 2.952 us = 94.48 us
SIGMOID_MUL SIGMOID: 16 x 3.687 us = 59 us
SSM_CONV_SILU SSM_CONV: 48 x 5.705 us = 273.84 us
Total time: 46103.1 us.
----------------
Vulkan Timings:
CONCAT: 1 x 4 us = 4 us
CONT: 1 x 3.72 us = 3.72 us
FLASH_ATTN_EXT dst(256,24,5,1),  q(256,5,24,1),  k(256,256,4,1),  v(256,256,4,1),  m(256,5,1,1): 1 x 20.96 us = 20.96 us (1500.82 GFLOPS/s)
GLU: 1 x 1.56 us = 1.56 us
MUL_MAT f32 m=256 n=120 k=256: 1 x 1.76 us = 1.76 us (8919.27 GFLOPS/s)
MUL_MAT f32 m=256 n=20 k=256: 1 x 3.08 us = 3.08 us (849.455 GFLOPS/s)
MUL_MAT f32 m=64 n=480 k=64: 1 x 3.72 us = 3.72 us (1048.77 GFLOPS/s)
MUL_MAT f32 m=64 n=80 k=64: 1 x 3.68 us = 3.68 us (176.696 GFLOPS/s)
MUL_MAT_ADD MUL_MAT_VEC q6_K m=5120 n=5 k=17408: 1 x 155.4 us = 155.4 us (5735.29 GFLOPS/s)
MUL_MAT_ADD MUL_MAT_VEC q6_K m=5120 n=5 k=6144: 1 x 61.6 us = 61.6 us (5106.29 GFLOPS/s)
MUL_MAT_VEC q6_K m=1024 n=5 k=5120: 2 x 9.24 us = 18.48 us (5673.56 GFLOPS/s)
MUL_MAT_VEC q6_K m=12288 n=5 k=5120: 1 x 120.19 us = 120.19 us (5234.08 GFLOPS/s)
MUL_MAT_VEC q6_K m=17408 n=5 k=5120: 2 x 135.84 us = 271.68 us (6560.68 GFLOPS/s)
MUL_MAT_VEC q8_0 m=5120 n=5 k=10240: 1 x 105.12 us = 105.12 us (4987.28 GFLOPS/s)
RMS_NORM_MUL RMS_NORM(256,24,5,1): 1 x 3.8 us = 3.8 us
RMS_NORM_MUL RMS_NORM(256,4,5,1): 1 x 3.68 us = 3.68 us
RMS_NORM_MUL RMS_NORM(5120,5,1,1): 5 x 8.126 us = 40.63 us
ROPE: 2 x 3.66 us = 7.32 us
SET_ROWS: 2 x 2.7 us = 5.4 us
SIGMOID_MUL SIGMOID: 1 x 1.72 us = 1.72 us
Total time: 837.5 us.
----------------
Vulkan Timings:
CONCAT: 1 x 3.64 us = 3.64 us
CONT: 1 x 3.52 us = 3.52 us
FLASH_ATTN_EXT dst(256,24,1,1),  q(256,1,24,1),  k(256,256,4,1),  v(256,256,4,1),  m(256,1,1,1): 1 x 12.64 us = 12.64 us (497.742 GFLOPS/s)
GET_ROWS: 2 x 4.16 us = 8.32 us
GLU: 1 x 1.64 us = 1.64 us
MUL_MAT f32 m=256 n=24 k=256: 1 x 1.56 us = 1.56 us (2012.55 GFLOPS/s)
MUL_MAT f32 m=64 n=16 k=64: 1 x 1.8 us = 1.8 us (72.2489 GFLOPS/s)
MUL_MAT f32 m=64 n=96 k=64: 1 x 3.24 us = 3.24 us (240.83 GFLOPS/s)
MUL_MAT_ADD MUL_MAT_VEC q6_K m=5120 n=1 k=17408: 1 x 130 us = 130 us (1371.18 GFLOPS/s)
MUL_MAT_ADD MUL_MAT_VEC q6_K m=5120 n=1 k=6144: 1 x 53.56 us = 53.56 us (1174.56 GFLOPS/s)
MUL_MAT_VEC f32 m=256 n=4 k=256: 1 x 3.04 us = 3.04 us (172.126 GFLOPS/s)
MUL_MAT_VEC q6_K m=1024 n=1 k=5120: 2 x 9.34 us = 18.68 us (1122.56 GFLOPS/s)
MUL_MAT_VEC q6_K m=12288 n=1 k=5120: 1 x 89.24 us = 89.24 us (1409.87 GFLOPS/s)
MUL_MAT_VEC q6_K m=17408 n=1 k=5120: 2 x 117.98 us = 235.96 us (1510.77 GFLOPS/s)
MUL_MAT_VEC q6_K m=98304 n=1 k=5120: 1 x 672.13 us = 672.13 us (1497.53 GFLOPS/s)
MUL_MAT_VEC q8_0 m=5120 n=1 k=10240: 1 x 93.24 us = 93.24 us (1124.54 GFLOPS/s)
PAD: 1 x 6.28 us = 6.28 us
RMS_NORM_MUL RMS_NORM(256,24,1,1): 1 x 3.2 us = 3.2 us
RMS_NORM_MUL RMS_NORM(256,4,1,1): 1 x 4.8 us = 4.8 us
RMS_NORM_MUL RMS_NORM(5120,1,1,1): 5 x 4.064 us = 20.32 us
ROPE: 2 x 3.28 us = 6.56 us
SET_ROWS: 2 x 2.56 us = 5.12 us
SIGMOID_MUL SIGMOID: 1 x 1.56 us = 1.56 us
TOP_K K=10 (98304,1,1,1): 1 x 9.32 us = 9.32 us
Total time: 1389.37 us.
----------------
Vulkan Timings:
CONCAT: 1 x 3.76 us = 3.76 us
CONT: 1 x 3.6 us = 3.6 us
FLASH_ATTN_EXT dst(256,24,1,1),  q(256,1,24,1),  k(256,256,4,1),  v(256,256,4,1),  m(256,1,1,1): 1 x 12.76 us = 12.76 us (493.061 GFLOPS/s)
GET_ROWS: 2 x 4.22 us = 8.44 us
GLU: 1 x 1.88 us = 1.88 us
MUL_MAT f32 m=256 n=24 k=256: 1 x 1.64 us = 1.64 us (1914.38 GFLOPS/s)
MUL_MAT f32 m=64 n=16 k=64: 1 x 3.6 us = 3.6 us (36.1244 GFLOPS/s)
MUL_MAT f32 m=64 n=96 k=64: 1 x 3.56 us = 3.56 us (219.182 GFLOPS/s)
MUL_MAT_ADD MUL_MAT_VEC q6_K m=5120 n=1 k=17408: 1 x 123.12 us = 123.12 us (1447.8 GFLOPS/s)
MUL_MAT_ADD MUL_MAT_VEC q6_K m=5120 n=1 k=6144: 1 x 54.08 us = 54.08 us (1163.27 GFLOPS/s)
MUL_MAT_VEC f32 m=256 n=4 k=256: 1 x 3 us = 3 us (174.421 GFLOPS/s)
MUL_MAT_VEC q6_K m=1024 n=1 k=5120: 2 x 9.16 us = 18.32 us (1144.62 GFLOPS/s)
MUL_MAT_VEC q6_K m=12288 n=1 k=5120: 1 x 86.16 us = 86.16 us (1460.27 GFLOPS/s)
MUL_MAT_VEC q6_K m=17408 n=1 k=5120: 2 x 121.72 us = 243.44 us (1464.35 GFLOPS/s)
MUL_MAT_VEC q6_K m=98304 n=1 k=5120: 1 x 672.31 us = 672.31 us (1497.13 GFLOPS/s)
MUL_MAT_VEC q8_0 m=5120 n=1 k=10240: 1 x 101.2 us = 101.2 us (1036.09 GFLOPS/s)
PAD: 1 x 7.08 us = 7.08 us
RMS_NORM_MUL RMS_NORM(256,24,1,1): 1 x 3.64 us = 3.64 us
RMS_NORM_MUL RMS_NORM(256,4,1,1): 1 x 3.6 us = 3.6 us
RMS_NORM_MUL RMS_NORM(5120,1,1,1): 5 x 3.72 us = 18.6 us
ROPE: 2 x 3.58 us = 7.16 us
SET_ROWS: 2 x 2.62 us = 5.24 us
SIGMOID_MUL SIGMOID: 1 x 1.68 us = 1.68 us
TOP_K K=10 (98304,1,1,1): 1 x 9.24 us = 9.24 us
Total time: 1397.11 us.
----------------
Vulkan Timings:
CONCAT: 1 x 3.72 us = 3.72 us
CONT: 1 x 3.64 us = 3.64 us
FLASH_ATTN_EXT dst(256,24,1,1),  q(256,1,24,1),  k(256,256,4,1),  v(256,256,4,1),  m(256,1,1,1): 1 x 12.96 us = 12.96 us (485.452 GFLOPS/s)
GET_ROWS: 2 x 4.2 us = 8.4 us
GLU: 1 x 1.72 us = 1.72 us
MUL_MAT f32 m=256 n=24 k=256: 1 x 1.64 us = 1.64 us (1914.38 GFLOPS/s)
MUL_MAT f32 m=64 n=16 k=64: 1 x 3.64 us = 3.64 us (35.7275 GFLOPS/s)
MUL_MAT f32 m=64 n=96 k=64: 1 x 3.64 us = 3.64 us (214.365 GFLOPS/s)
MUL_MAT_ADD MUL_MAT_VEC q6_K m=5120 n=1 k=17408: 1 x 123.56 us = 123.56 us (1442.64 GFLOPS/s)
MUL_MAT_ADD MUL_MAT_VEC q6_K m=5120 n=1 k=6144: 1 x 53.96 us = 53.96 us (1165.85 GFLOPS/s)
MUL_MAT_VEC f32 m=256 n=4 k=256: 1 x 3.04 us = 3.04 us (172.126 GFLOPS/s)
MUL_MAT_VEC q6_K m=1024 n=1 k=5120: 2 x 9.3 us = 18.6 us (1127.39 GFLOPS/s)
MUL_MAT_VEC q6_K m=12288 n=1 k=5120: 1 x 85.88 us = 85.88 us (1465.03 GFLOPS/s)
MUL_MAT_VEC q6_K m=17408 n=1 k=5120: 2 x 121.18 us = 242.36 us (1470.87 GFLOPS/s)
MUL_MAT_VEC q6_K m=98304 n=1 k=5120: 1 x 671.28 us = 671.28 us (1499.43 GFLOPS/s)
MUL_MAT_VEC q8_0 m=5120 n=1 k=10240: 1 x 100.96 us = 100.96 us (1038.55 GFLOPS/s)
PAD: 1 x 6.32 us = 6.32 us
RMS_NORM_MUL RMS_NORM(256,24,1,1): 1 x 3.64 us = 3.64 us
RMS_NORM_MUL RMS_NORM(256,4,1,1): 1 x 3.6 us = 3.6 us
RMS_NORM_MUL RMS_NORM(5120,1,1,1): 5 x 3.712 us = 18.56 us
ROPE: 2 x 3.6 us = 7.2 us
SET_ROWS: 2 x 2.64 us = 5.28 us
SIGMOID_MUL SIGMOID: 1 x 1.72 us = 1.72 us
TOP_K K=10 (98304,1,1,1): 1 x 8.6 us = 8.6 us
Total time: 1393.92 us.
----------------
Vulkan Timings:
CONCAT: 1 x 3.8 us = 3.8 us
CONT: 1 x 3.64 us = 3.64 us
FLASH_ATTN_EXT dst(256,24,1,1),  q(256,1,24,1),  k(256,256,4,1),  v(256,256,4,1),  m(256,1,1,1): 1 x 12.84 us = 12.84 us (489.989 GFLOPS/s)
GET_ROWS: 2 x 5.5 us = 11 us
GLU: 1 x 1.88 us = 1.88 us
MUL_MAT f32 m=256 n=24 k=256: 1 x 1.72 us = 1.72 us (1825.34 GFLOPS/s)
MUL_MAT f32 m=64 n=16 k=64: 1 x 3.64 us = 3.64 us (35.7275 GFLOPS/s)
MUL_MAT f32 m=64 n=96 k=64: 1 x 3.6 us = 3.6 us (216.747 GFLOPS/s)
MUL_MAT_ADD MUL_MAT_VEC q6_K m=5120 n=1 k=17408: 1 x 123.2 us = 123.2 us (1446.86 GFLOPS/s)
MUL_MAT_ADD MUL_MAT_VEC q6_K m=5120 n=1 k=6144: 1 x 54.76 us = 54.76 us (1148.82 GFLOPS/s)
MUL_MAT_VEC f32 m=256 n=4 k=256: 1 x 3 us = 3 us (174.421 GFLOPS/s)
MUL_MAT_VEC q6_K m=1024 n=1 k=5120: 2 x 9.12 us = 18.24 us (1149.64 GFLOPS/s)
MUL_MAT_VEC q6_K m=12288 n=1 k=5120: 1 x 85.28 us = 85.28 us (1475.34 GFLOPS/s)
MUL_MAT_VEC q6_K m=17408 n=1 k=5120: 2 x 121.36 us = 242.72 us (1468.69 GFLOPS/s)
MUL_MAT_VEC q6_K m=98304 n=1 k=5120: 1 x 673.12 us = 673.12 us (1495.33 GFLOPS/s)
MUL_MAT_VEC q8_0 m=5120 n=1 k=10240: 1 x 101.2 us = 101.2 us (1036.09 GFLOPS/s)
PAD: 1 x 6.32 us = 6.32 us
RMS_NORM_MUL RMS_NORM(256,24,1,1): 1 x 3.6 us = 3.6 us
RMS_NORM_MUL RMS_NORM(256,4,1,1): 1 x 3.6 us = 3.6 us
RMS_NORM_MUL RMS_NORM(5120,1,1,1): 5 x 3.696 us = 18.48 us
ROPE: 2 x 3.58 us = 7.16 us
SET_ROWS: 2 x 2.68 us = 5.36 us
SIGMOID_MUL SIGMOID: 1 x 1.68 us = 1.68 us
TOP_K K=10 (98304,1,1,1): 1 x 8.84 us = 8.84 us
Total time: 1398.68 us.
----------------
Vulkan Timings:
ADD: 48 x 3.797 us = 182.28 us
CONCAT: 48 x 2.47 us = 118.56 us
CONT: 16 x 3.882 us = 62.12 us
CPY: 240 x 2.254 us = 541 us
FLASH_ATTN_EXT dst(256,24,5,1),  q(256,5,24,1),  k(256,256,4,1),  v(256,256,4,1),  m(256,5,1,1): 16 x 21.155 us = 338.48 us (1486.99 GFLOPS/s)
GDN_CACHE GATED_DELTA_NET: 48 x 13.745 us = 659.76 us
GET_ROWS: 50 x 26.72 us = 1336 us
GLU: 64 x 2.891 us = 185.08 us
MUL_MAT f32 m=256 n=120 k=256: 16 x 1.84 us = 29.44 us (8531.48 GFLOPS/s)
MUL_MAT f32 m=256 n=20 k=256: 16 x 3.147 us = 50.36 us (831.237 GFLOPS/s)
MUL_MAT f32 m=64 n=480 k=64: 16 x 3.685 us = 58.96 us (1058.74 GFLOPS/s)
MUL_MAT f32 m=64 n=80 k=64: 16 x 3.332 us = 53.32 us (195.121 GFLOPS/s)
MUL_MAT_ADD MUL_MAT_VEC q6_K m=5120 n=5 k=17408: 64 x 130.626 us = 8360.12 us (6822.98 GFLOPS/s)
MUL_MAT_ADD MUL_MAT_VEC q6_K m=5120 n=5 k=6144: 16 x 55.017 us = 880.28 us (5717.22 GFLOPS/s)
MUL_MAT_VEC f32 m=48 n=5 k=5120: 96 x 3.529 us = 338.8 us (696.3 GFLOPS/s)
MUL_MAT_VEC q6_K m=1024 n=5 k=5120: 32 x 10.858 us = 347.48 us (4827.78 GFLOPS/s)
MUL_MAT_VEC q6_K m=10240 n=5 k=5120: 48 x 82.028 us = 3937.36 us (6390.92 GFLOPS/s)
MUL_MAT_VEC q6_K m=12288 n=5 k=5120: 16 x 95.807 us = 1532.92 us (6566.13 GFLOPS/s)
MUL_MAT_VEC q6_K m=17408 n=5 k=5120: 128 x 140.822 us = 18025.2 us (6328.57 GFLOPS/s)
MUL_MAT_VEC q6_K m=248320 n=5 k=5120: 1 x 1785.68 us = 1785.68 us (7119.27 GFLOPS/s)
MUL_MAT_VEC q6_K m=6144 n=5 k=5120: 48 x 53.477 us = 2566.92 us (5881.76 GFLOPS/s)
MUL_MAT_VEC q8_0 m=5120 n=5 k=6144: 48 x 63.101 us = 3028.88 us (4984.77 GFLOPS/s)
RMS_NORM_MUL RMS_NORM(256,24,5,1): 16 x 3.767 us = 60.28 us
RMS_NORM_MUL RMS_NORM(256,4,5,1): 16 x 4.46 us = 71.36 us
RMS_NORM_MUL RMS_NORM(5120,5,1,1): 129 x 4.602 us = 593.68 us
RMS_NORM_MUL_SILU_MUL RMS_NORM(128,48,5,1): 48 x 5.71 us = 274.12 us
RMS_NORM_SCALE RMS_NORM(128,16,5,1): 96 x 2.623 us = 251.88 us
ROPE: 32 x 3.902 us = 124.88 us
SET_ROWS: 32 x 2.998 us = 95.96 us
SIGMOID_MUL SIGMOID: 16 x 3.75 us = 60 us
SSM_CONV_SILU SSM_CONV: 48 x 5.768 us = 276.88 us
Total time: 46228.1 us.
----------------
Vulkan Timings:
CONCAT: 1 x 1.96 us = 1.96 us
CONT: 1 x 3.76 us = 3.76 us
FLASH_ATTN_EXT dst(256,24,5,1),  q(256,5,24,1),  k(256,256,4,1),  v(256,256,4,1),  m(256,5,1,1): 1 x 21.2 us = 21.2 us (1483.83 GFLOPS/s)
GLU: 1 x 1.56 us = 1.56 us
MUL_MAT f32 m=256 n=120 k=256: 1 x 1.76 us = 1.76 us (8919.27 GFLOPS/s)
MUL_MAT f32 m=256 n=20 k=256: 1 x 3.16 us = 3.16 us (827.949 GFLOPS/s)
MUL_MAT f32 m=64 n=480 k=64: 1 x 3.76 us = 3.76 us (1037.62 GFLOPS/s)
MUL_MAT f32 m=64 n=80 k=64: 1 x 3.8 us = 3.8 us (171.116 GFLOPS/s)
MUL_MAT_ADD MUL_MAT_VEC q6_K m=5120 n=5 k=17408: 1 x 155.1 us = 155.1 us (5746.38 GFLOPS/s)
MUL_MAT_ADD MUL_MAT_VEC q6_K m=5120 n=5 k=6144: 1 x 63.04 us = 63.04 us (4989.64 GFLOPS/s)
MUL_MAT_VEC q6_K m=1024 n=5 k=5120: 2 x 9.44 us = 18.88 us (5553.36 GFLOPS/s)
MUL_MAT_VEC q6_K m=12288 n=5 k=5120: 1 x 120.44 us = 120.44 us (5223.22 GFLOPS/s)
MUL_MAT_VEC q6_K m=17408 n=5 k=5120: 2 x 137.72 us = 275.44 us (6471.12 GFLOPS/s)
MUL_MAT_VEC q8_0 m=5120 n=5 k=10240: 1 x 105.6 us = 105.6 us (4964.61 GFLOPS/s)
RMS_NORM_MUL RMS_NORM(256,24,5,1): 1 x 3.92 us = 3.92 us
RMS_NORM_MUL RMS_NORM(256,4,5,1): 1 x 3.76 us = 3.76 us
RMS_NORM_MUL RMS_NORM(5120,5,1,1): 5 x 8.65 us = 43.25 us
ROPE: 2 x 3.78 us = 7.56 us
SET_ROWS: 2 x 2.76 us = 5.52 us
SIGMOID_MUL SIGMOID: 1 x 1.76 us = 1.76 us
Total time: 845.23 us.
----------------
Vulkan Timings:
CONCAT: 1 x 3.6 us = 3.6 us
CONT: 1 x 3.52 us = 3.52 us
FLASH_ATTN_EXT dst(256,24,1,1),  q(256,1,24,1),  k(256,256,4,1),  v(256,256,4,1),  m(256,1,1,1): 1 x 12.72 us = 12.72 us (494.611 GFLOPS/s)
GET_ROWS: 2 x 4.28 us = 8.56 us
GLU: 1 x 1.68 us = 1.68 us
MUL_MAT f32 m=256 n=24 k=256: 1 x 1.56 us = 1.56 us (2012.55 GFLOPS/s)
MUL_MAT f32 m=64 n=16 k=64: 1 x 1.84 us = 1.84 us (70.6783 GFLOPS/s)
MUL_MAT f32 m=64 n=96 k=64: 1 x 3.24 us = 3.24 us (240.83 GFLOPS/s)
MUL_MAT_ADD MUL_MAT_VEC q6_K m=5120 n=1 k=17408: 1 x 129.96 us = 129.96 us (1371.6 GFLOPS/s)
MUL_MAT_ADD MUL_MAT_VEC q6_K m=5120 n=1 k=6144: 1 x 53.64 us = 53.64 us (1172.81 GFLOPS/s)
MUL_MAT_VEC f32 m=256 n=4 k=256: 1 x 3.04 us = 3.04 us (172.126 GFLOPS/s)
MUL_MAT_VEC q6_K m=1024 n=1 k=5120: 2 x 9.22 us = 18.44 us (1137.17 GFLOPS/s)
MUL_MAT_VEC q6_K m=12288 n=1 k=5120: 1 x 90.2 us = 90.2 us (1394.87 GFLOPS/s)
MUL_MAT_VEC q6_K m=17408 n=1 k=5120: 2 x 118.28 us = 236.56 us (1506.94 GFLOPS/s)
MUL_MAT_VEC q6_K m=98304 n=1 k=5120: 1 x 667.48 us = 667.48 us (1507.96 GFLOPS/s)
MUL_MAT_VEC q8_0 m=5120 n=1 k=10240: 1 x 91.44 us = 91.44 us (1146.68 GFLOPS/s)
PAD: 1 x 6.4 us = 6.4 us
RMS_NORM_MUL RMS_NORM(256,24,1,1): 1 x 3.24 us = 3.24 us
RMS_NORM_MUL RMS_NORM(256,4,1,1): 1 x 4.92 us = 4.92 us
RMS_NORM_MUL RMS_NORM(5120,1,1,1): 5 x 4.416 us = 22.08 us
ROPE: 2 x 3.34 us = 6.68 us
SET_ROWS: 2 x 2.58 us = 5.16 us
SIGMOID_MUL SIGMOID: 1 x 1.56 us = 1.56 us
TOP_K K=10 (98304,1,1,1): 1 x 9.04 us = 9.04 us
Total time: 1386.56 us.
----------------
Vulkan Timings:
CONCAT: 1 x 3.76 us = 3.76 us
CONT: 1 x 3.64 us = 3.64 us
FLASH_ATTN_EXT dst(256,24,1,1),  q(256,1,24,1),  k(256,256,4,1),  v(256,256,4,1),  m(256,1,1,1): 1 x 12.76 us = 12.76 us (493.061 GFLOPS/s)
GET_ROWS: 2 x 4.26 us = 8.52 us
GLU: 1 x 1.84 us = 1.84 us
MUL_MAT f32 m=256 n=24 k=256: 1 x 1.64 us = 1.64 us (1914.38 GFLOPS/s)
MUL_MAT f32 m=64 n=16 k=64: 1 x 3.6 us = 3.6 us (36.1244 GFLOPS/s)
MUL_MAT f32 m=64 n=96 k=64: 1 x 3.6 us = 3.6 us (216.747 GFLOPS/s)
MUL_MAT_ADD MUL_MAT_VEC q6_K m=5120 n=1 k=17408: 1 x 123.28 us = 123.28 us (1445.92 GFLOPS/s)
MUL_MAT_ADD MUL_MAT_VEC q6_K m=5120 n=1 k=6144: 1 x 53.56 us = 53.56 us (1174.56 GFLOPS/s)
MUL_MAT_VEC f32 m=256 n=4 k=256: 1 x 3 us = 3 us (174.421 GFLOPS/s)
MUL_MAT_VEC q6_K m=1024 n=1 k=5120: 2 x 9.08 us = 18.16 us (1154.71 GFLOPS/s)
MUL_MAT_VEC q6_K m=12288 n=1 k=5120: 1 x 85.64 us = 85.64 us (1469.14 GFLOPS/s)
MUL_MAT_VEC q6_K m=17408 n=1 k=5120: 2 x 121.28 us = 242.56 us (1469.66 GFLOPS/s)
MUL_MAT_VEC q6_K m=98304 n=1 k=5120: 1 x 674.18 us = 674.18 us (1492.98 GFLOPS/s)
MUL_MAT_VEC q8_0 m=5120 n=1 k=10240: 1 x 101.48 us = 101.48 us (1033.23 GFLOPS/s)
PAD: 1 x 6.32 us = 6.32 us
RMS_NORM_MUL RMS_NORM(256,24,1,1): 1 x 3.64 us = 3.64 us
RMS_NORM_MUL RMS_NORM(256,4,1,1): 1 x 3.56 us = 3.56 us
RMS_NORM_MUL RMS_NORM(5120,1,1,1): 5 x 3.752 us = 18.76 us
ROPE: 2 x 3.54 us = 7.08 us
SET_ROWS: 2 x 2.62 us = 5.24 us
SIGMOID_MUL SIGMOID: 1 x 1.72 us = 1.72 us
TOP_K K=10 (98304,1,1,1): 1 x 8.84 us = 8.84 us
Total time: 1396.38 us.
----------------
Vulkan Timings:
CONCAT: 1 x 3.8 us = 3.8 us
CONT: 1 x 3.68 us = 3.68 us
FLASH_ATTN_EXT dst(256,24,1,1),  q(256,1,24,1),  k(256,256,4,1),  v(256,256,4,1),  m(256,1,1,1): 1 x 12.92 us = 12.92 us (486.955 GFLOPS/s)
GET_ROWS: 2 x 4.3 us = 8.6 us
GLU: 1 x 1.92 us = 1.92 us
MUL_MAT f32 m=256 n=24 k=256: 1 x 1.64 us = 1.64 us (1914.38 GFLOPS/s)
MUL_MAT f32 m=64 n=16 k=64: 1 x 3.6 us = 3.6 us (36.1244 GFLOPS/s)
MUL_MAT f32 m=64 n=96 k=64: 1 x 3.56 us = 3.56 us (219.182 GFLOPS/s)
MUL_MAT_ADD MUL_MAT_VEC q6_K m=5120 n=1 k=17408: 1 x 123.56 us = 123.56 us (1442.64 GFLOPS/s)
MUL_MAT_ADD MUL_MAT_VEC q6_K m=5120 n=1 k=6144: 1 x 53.8 us = 53.8 us (1169.32 GFLOPS/s)
MUL_MAT_VEC f32 m=256 n=4 k=256: 1 x 3.04 us = 3.04 us (172.126 GFLOPS/s)
MUL_MAT_VEC q6_K m=1024 n=1 k=5120: 2 x 9.2 us = 18.4 us (1139.65 GFLOPS/s)
MUL_MAT_VEC q6_K m=12288 n=1 k=5120: 1 x 85.4 us = 85.4 us (1473.27 GFLOPS/s)
MUL_MAT_VEC q6_K m=17408 n=1 k=5120: 2 x 121.08 us = 242.16 us (1472.09 GFLOPS/s)
MUL_MAT_VEC q6_K m=98304 n=1 k=5120: 1 x 669.54 us = 669.54 us (1503.32 GFLOPS/s)
MUL_MAT_VEC q8_0 m=5120 n=1 k=10240: 1 x 101.24 us = 101.24 us (1035.68 GFLOPS/s)
PAD: 1 x 6.28 us = 6.28 us
RMS_NORM_MUL RMS_NORM(256,24,1,1): 1 x 3.6 us = 3.6 us
RMS_NORM_MUL RMS_NORM(256,4,1,1): 1 x 3.64 us = 3.64 us
RMS_NORM_MUL RMS_NORM(5120,1,1,1): 5 x 3.728 us = 18.64 us
ROPE: 2 x 3.6 us = 7.2 us
SET_ROWS: 2 x 2.62 us = 5.24 us
SIGMOID_MUL SIGMOID: 1 x 1.64 us = 1.64 us
TOP_K K=10 (98304,1,1,1): 1 x 9.04 us = 9.04 us
Total time: 1392.14 us.
----------------
Vulkan Timings:
CONCAT: 1 x 3.72 us = 3.72 us
CONT: 1 x 3.6 us = 3.6 us
FLASH_ATTN_EXT dst(256,24,1,1),  q(256,1,24,1),  k(256,256,4,1),  v(256,256,4,1),  m(256,1,1,1): 1 x 13.04 us = 13.04 us (482.474 GFLOPS/s)
GET_ROWS: 2 x 4.26 us = 8.52 us
GLU: 1 x 1.72 us = 1.72 us
MUL_MAT f32 m=256 n=24 k=256: 1 x 1.64 us = 1.64 us (1914.38 GFLOPS/s)
MUL_MAT f32 m=64 n=16 k=64: 1 x 3.64 us = 3.64 us (35.7275 GFLOPS/s)
MUL_MAT f32 m=64 n=96 k=64: 1 x 3.6 us = 3.6 us (216.747 GFLOPS/s)
MUL_MAT_ADD MUL_MAT_VEC q6_K m=5120 n=1 k=17408: 1 x 123.52 us = 123.52 us (1443.11 GFLOPS/s)
MUL_MAT_ADD MUL_MAT_VEC q6_K m=5120 n=1 k=6144: 1 x 53.8 us = 53.8 us (1169.32 GFLOPS/s)
MUL_MAT_VEC f32 m=256 n=4 k=256: 1 x 3 us = 3 us (174.421 GFLOPS/s)
MUL_MAT_VEC q6_K m=1024 n=1 k=5120: 2 x 9.22 us = 18.44 us (1137.17 GFLOPS/s)
MUL_MAT_VEC q6_K m=12288 n=1 k=5120: 1 x 85.96 us = 85.96 us (1463.67 GFLOPS/s)
MUL_MAT_VEC q6_K m=17408 n=1 k=5120: 2 x 121.24 us = 242.48 us (1470.15 GFLOPS/s)
MUL_MAT_VEC q6_K m=98304 n=1 k=5120: 1 x 670.88 us = 670.88 us (1500.32 GFLOPS/s)
MUL_MAT_VEC q8_0 m=5120 n=1 k=10240: 1 x 101.96 us = 101.96 us (1028.37 GFLOPS/s)
PAD: 1 x 6.32 us = 6.32 us
RMS_NORM_MUL RMS_NORM(256,24,1,1): 1 x 3.64 us = 3.64 us
RMS_NORM_MUL RMS_NORM(256,4,1,1): 1 x 3.64 us = 3.64 us
RMS_NORM_MUL RMS_NORM(5120,1,1,1): 5 x 3.768 us = 18.84 us
ROPE: 2 x 3.62 us = 7.24 us
SET_ROWS: 2 x 2.66 us = 5.32 us
SIGMOID_MUL SIGMOID: 1 x 1.68 us = 1.68 us
TOP_K K=10 (98304,1,1,1): 1 x 8.76 us = 8.76 us
Total time: 1394.96 us.
----------------
Vulkan Timings:
ADD: 48 x 3.752 us = 180.12 us
CONCAT: 48 x 2.445 us = 117.36 us
CONT: 16 x 3.827 us = 61.24 us
CPY: 240 x 2.24 us = 537.72 us
FLASH_ATTN_EXT dst(256,24,5,1),  q(256,5,24,1),  k(256,256,4,1),  v(256,256,4,1),  m(256,5,1,1): 16 x 21.057 us = 336.92 us (1493.88 GFLOPS/s)
GDN_CACHE GATED_DELTA_NET: 48 x 13.831 us = 663.92 us
GET_ROWS: 50 x 26.216 us = 1310.8 us
GLU: 64 x 2.957 us = 189.28 us
MUL_MAT f32 m=256 n=120 k=256: 16 x 1.825 us = 29.2 us (8601.6 GFLOPS/s)
MUL_MAT f32 m=256 n=20 k=256: 16 x 3.115 us = 49.84 us (839.91 GFLOPS/s)
MUL_MAT f32 m=64 n=480 k=64: 16 x 3.642 us = 58.28 us (1071.09 GFLOPS/s)
MUL_MAT f32 m=64 n=80 k=64: 16 x 3.39 us = 54.24 us (191.811 GFLOPS/s)
MUL_MAT_ADD MUL_MAT_VEC q6_K m=5120 n=5 k=17408: 64 x 130.426 us = 8347.28 us (6833.47 GFLOPS/s)
MUL_MAT_ADD MUL_MAT_VEC q6_K m=5120 n=5 k=6144: 16 x 54.965 us = 879.44 us (5722.68 GFLOPS/s)
MUL_MAT_VEC f32 m=48 n=5 k=5120: 96 x 3.445 us = 330.72 us (713.312 GFLOPS/s)
MUL_MAT_VEC q6_K m=1024 n=5 k=5120: 32 x 10.72 us = 343.04 us (4890.27 GFLOPS/s)
MUL_MAT_VEC q6_K m=10240 n=5 k=5120: 48 x 81.936 us = 3932.96 us (6398.07 GFLOPS/s)
MUL_MAT_VEC q6_K m=12288 n=5 k=5120: 16 x 95.927 us = 1534.84 us (6557.91 GFLOPS/s)
MUL_MAT_VEC q6_K m=17408 n=5 k=5120: 128 x 140.855 us = 18029.5 us (6327.06 GFLOPS/s)
MUL_MAT_VEC q6_K m=248320 n=5 k=5120: 1 x 1775.28 us = 1775.28 us (7160.98 GFLOPS/s)
MUL_MAT_VEC q6_K m=6144 n=5 k=5120: 48 x 53.465 us = 2566.36 us (5883.05 GFLOPS/s)
MUL_MAT_VEC q8_0 m=5120 n=5 k=6144: 48 x 63.044 us = 3026.12 us (4989.31 GFLOPS/s)
RMS_NORM_MUL RMS_NORM(256,24,5,1): 16 x 3.845 us = 61.52 us
RMS_NORM_MUL RMS_NORM(256,4,5,1): 16 x 4.325 us = 69.2 us
RMS_NORM_MUL RMS_NORM(5120,5,1,1): 129 x 4.533 us = 584.8 us
RMS_NORM_MUL_SILU_MUL RMS_NORM(128,48,5,1): 48 x 5.651 us = 271.28 us
RMS_NORM_SCALE RMS_NORM(128,16,5,1): 96 x 2.63 us = 252.56 us
ROPE: 32 x 3.858 us = 123.48 us
SET_ROWS: 32 x 2.901 us = 92.84 us
SIGMOID_MUL SIGMOID: 16 x 3.687 us = 59 us
SSM_CONV_SILU SSM_CONV: 48 x 5.685 us = 272.88 us
Total time: 46142 us.
----------------
Vulkan Timings:
CONCAT: 1 x 4.04 us = 4.04 us
CONT: 1 x 3.76 us = 3.76 us
FLASH_ATTN_EXT dst(256,24,5,1),  q(256,5,24,1),  k(256,256,4,1),  v(256,256,4,1),  m(256,5,1,1): 1 x 20.84 us = 20.84 us (1509.47 GFLOPS/s)
GLU: 1 x 1.56 us = 1.56 us
MUL_MAT f32 m=256 n=120 k=256: 1 x 1.72 us = 1.72 us (9126.7 GFLOPS/s)
MUL_MAT f32 m=256 n=20 k=256: 1 x 3.08 us = 3.08 us (849.455 GFLOPS/s)
MUL_MAT f32 m=64 n=480 k=64: 1 x 3.72 us = 3.72 us (1048.77 GFLOPS/s)
MUL_MAT f32 m=64 n=80 k=64: 1 x 3.68 us = 3.68 us (176.696 GFLOPS/s)
MUL_MAT_ADD MUL_MAT_VEC q6_K m=5120 n=5 k=17408: 1 x 156.03 us = 156.03 us (5712.13 GFLOPS/s)
MUL_MAT_ADD MUL_MAT_VEC q6_K m=5120 n=5 k=6144: 1 x 61.2 us = 61.2 us (5139.66 GFLOPS/s)
MUL_MAT_VEC q6_K m=1024 n=5 k=5120: 2 x 9.28 us = 18.56 us (5649.1 GFLOPS/s)
MUL_MAT_VEC q6_K m=12288 n=5 k=5120: 1 x 122.32 us = 122.32 us (5142.94 GFLOPS/s)
MUL_MAT_VEC q6_K m=17408 n=5 k=5120: 2 x 136.36 us = 272.72 us (6535.66 GFLOPS/s)
MUL_MAT_VEC q8_0 m=5120 n=5 k=10240: 1 x 106.4 us = 106.4 us (4927.28 GFLOPS/s)
RMS_NORM_MUL RMS_NORM(256,24,5,1): 1 x 3.8 us = 3.8 us
RMS_NORM_MUL RMS_NORM(256,4,5,1): 1 x 3.68 us = 3.68 us
RMS_NORM_MUL RMS_NORM(5120,5,1,1): 5 x 8.34 us = 41.7 us
ROPE: 2 x 3.68 us = 7.36 us
SET_ROWS: 2 x 2.68 us = 5.36 us
SIGMOID_MUL SIGMOID: 1 x 1.8 us = 1.8 us
Total time: 843.33 us.
----------------
Vulkan Timings:
CONCAT: 1 x 3.6 us = 3.6 us
CONT: 1 x 3.52 us = 3.52 us
FLASH_ATTN_EXT dst(256,24,1,1),  q(256,1,24,1),  k(256,256,4,1),  v(256,256,4,1),  m(256,1,1,1): 1 x 12.56 us = 12.56 us (500.912 GFLOPS/s)
GET_ROWS: 2 x 4.18 us = 8.36 us
GLU: 1 x 1.64 us = 1.64 us
MUL_MAT f32 m=256 n=24 k=256: 1 x 1.52 us = 1.52 us (2065.52 GFLOPS/s)
MUL_MAT f32 m=64 n=16 k=64: 1 x 1.8 us = 1.8 us (72.2489 GFLOPS/s)
MUL_MAT f32 m=64 n=96 k=64: 1 x 3.2 us = 3.2 us (243.84 GFLOPS/s)
MUL_MAT_ADD MUL_MAT_VEC q6_K m=5120 n=1 k=17408: 1 x 129.88 us = 129.88 us (1372.44 GFLOPS/s)
MUL_MAT_ADD MUL_MAT_VEC q6_K m=5120 n=1 k=6144: 1 x 54.2 us = 54.2 us (1160.69 GFLOPS/s)
MUL_MAT_VEC f32 m=256 n=4 k=256: 1 x 3 us = 3 us (174.421 GFLOPS/s)
MUL_MAT_VEC q6_K m=1024 n=1 k=5120: 2 x 9.24 us = 18.48 us (1134.71 GFLOPS/s)
MUL_MAT_VEC q6_K m=12288 n=1 k=5120: 1 x 89.8 us = 89.8 us (1401.08 GFLOPS/s)
MUL_MAT_VEC q6_K m=17408 n=1 k=5120: 2 x 118.3 us = 236.6 us (1506.68 GFLOPS/s)
MUL_MAT_VEC q6_K m=98304 n=1 k=5120: 1 x 669.99 us = 669.99 us (1502.31 GFLOPS/s)
MUL_MAT_VEC q8_0 m=5120 n=1 k=10240: 1 x 91.48 us = 91.48 us (1146.18 GFLOPS/s)
PAD: 1 x 6.36 us = 6.36 us
RMS_NORM_MUL RMS_NORM(256,24,1,1): 1 x 3.24 us = 3.24 us
RMS_NORM_MUL RMS_NORM(256,4,1,1): 1 x 4.84 us = 4.84 us
RMS_NORM_MUL RMS_NORM(5120,1,1,1): 5 x 4.344 us = 21.72 us
ROPE: 2 x 3.3 us = 6.6 us
SET_ROWS: 2 x 2.58 us = 5.16 us
SIGMOID_MUL SIGMOID: 1 x 1.56 us = 1.56 us
TOP_K K=10 (98304,1,1,1): 1 x 9 us = 9 us
Total time: 1388.11 us.
----------------
Vulkan Timings:
CONCAT: 1 x 3.76 us = 3.76 us
CONT: 1 x 3.64 us = 3.64 us
FLASH_ATTN_EXT dst(256,24,1,1),  q(256,1,24,1),  k(256,256,4,1),  v(256,256,4,1),  m(256,1,1,1): 1 x 12.8 us = 12.8 us (491.52 GFLOPS/s)
GET_ROWS: 2 x 4.2 us = 8.4 us
GLU: 1 x 1.84 us = 1.84 us
MUL_MAT f32 m=256 n=24 k=256: 1 x 1.68 us = 1.68 us (1868.8 GFLOPS/s)
MUL_MAT f32 m=64 n=16 k=64: 1 x 3.56 us = 3.56 us (36.5303 GFLOPS/s)
MUL_MAT f32 m=64 n=96 k=64: 1 x 3.6 us = 3.6 us (216.747 GFLOPS/s)
MUL_MAT_ADD MUL_MAT_VEC q6_K m=5120 n=1 k=17408: 1 x 123.24 us = 123.24 us (1446.39 GFLOPS/s)
MUL_MAT_ADD MUL_MAT_VEC q6_K m=5120 n=1 k=6144: 1 x 53.88 us = 53.88 us (1167.58 GFLOPS/s)
MUL_MAT_VEC f32 m=256 n=4 k=256: 1 x 3.04 us = 3.04 us (172.126 GFLOPS/s)
MUL_MAT_VEC q6_K m=1024 n=1 k=5120: 2 x 9.06 us = 18.12 us (1157.26 GFLOPS/s)
MUL_MAT_VEC q6_K m=12288 n=1 k=5120: 1 x 86 us = 86 us (1462.99 GFLOPS/s)
MUL_MAT_VEC q6_K m=17408 n=1 k=5120: 2 x 121.5 us = 243 us (1467 GFLOPS/s)
MUL_MAT_VEC q6_K m=98304 n=1 k=5120: 1 x 672.03 us = 672.03 us (1497.75 GFLOPS/s)
MUL_MAT_VEC q8_0 m=5120 n=1 k=10240: 1 x 101.08 us = 101.08 us (1037.32 GFLOPS/s)
PAD: 1 x 6.32 us = 6.32 us
RMS_NORM_MUL RMS_NORM(256,24,1,1): 1 x 3.56 us = 3.56 us
RMS_NORM_MUL RMS_NORM(256,4,1,1): 1 x 3.6 us = 3.6 us
RMS_NORM_MUL RMS_NORM(5120,1,1,1): 5 x 3.688 us = 18.44 us
ROPE: 2 x 3.6 us = 7.2 us
SET_ROWS: 2 x 2.66 us = 5.32 us
SIGMOID_MUL SIGMOID: 1 x 1.68 us = 1.68 us
TOP_K K=10 (98304,1,1,1): 1 x 8.76 us = 8.76 us
Total time: 1394.55 us.
----------------
Vulkan Timings:
CONCAT: 1 x 3.76 us = 3.76 us
CONT: 1 x 3.64 us = 3.64 us
FLASH_ATTN_EXT dst(256,24,1,1),  q(256,1,24,1),  k(256,256,4,1),  v(256,256,4,1),  m(256,1,1,1): 1 x 12.72 us = 12.72 us (494.611 GFLOPS/s)
GET_ROWS: 2 x 4.28 us = 8.56 us
GLU: 1 x 1.76 us = 1.76 us
MUL_MAT f32 m=256 n=24 k=256: 1 x 1.72 us = 1.72 us (1825.34 GFLOPS/s)
MUL_MAT f32 m=64 n=16 k=64: 1 x 3.64 us = 3.64 us (35.7275 GFLOPS/s)
MUL_MAT f32 m=64 n=96 k=64: 1 x 3.6 us = 3.6 us (216.747 GFLOPS/s)
MUL_MAT_ADD MUL_MAT_VEC q6_K m=5120 n=1 k=17408: 1 x 123.08 us = 123.08 us (1448.27 GFLOPS/s)
MUL_MAT_ADD MUL_MAT_VEC q6_K m=5120 n=1 k=6144: 1 x 53.84 us = 53.84 us (1168.45 GFLOPS/s)
MUL_MAT_VEC f32 m=256 n=4 k=256: 1 x 3.04 us = 3.04 us (172.126 GFLOPS/s)
MUL_MAT_VEC q6_K m=1024 n=1 k=5120: 2 x 9.3 us = 18.6 us (1127.39 GFLOPS/s)
MUL_MAT_VEC q6_K m=12288 n=1 k=5120: 1 x 85.88 us = 85.88 us (1465.03 GFLOPS/s)
MUL_MAT_VEC q6_K m=17408 n=1 k=5120: 2 x 121.36 us = 242.72 us (1468.69 GFLOPS/s)
MUL_MAT_VEC q6_K m=98304 n=1 k=5120: 1 x 671.49 us = 671.49 us (1498.96 GFLOPS/s)
MUL_MAT_VEC q8_0 m=5120 n=1 k=10240: 1 x 101.52 us = 101.52 us (1032.83 GFLOPS/s)
PAD: 1 x 7.12 us = 7.12 us
RMS_NORM_MUL RMS_NORM(256,24,1,1): 1 x 3.64 us = 3.64 us
RMS_NORM_MUL RMS_NORM(256,4,1,1): 1 x 3.6 us = 3.6 us
RMS_NORM_MUL RMS_NORM(5120,1,1,1): 5 x 3.704 us = 18.52 us
ROPE: 2 x 3.58 us = 7.16 us
SET_ROWS: 2 x 2.64 us = 5.28 us
SIGMOID_MUL SIGMOID: 1 x 1.68 us = 1.68 us
TOP_K K=10 (98304,1,1,1): 1 x 9.04 us = 9.04 us
Total time: 1395.61 us.
----------------
Vulkan Timings:
CONCAT: 1 x 3.76 us = 3.76 us
CONT: 1 x 3.64 us = 3.64 us
FLASH_ATTN_EXT dst(256,24,1,1),  q(256,1,24,1),  k(256,256,4,1),  v(256,256,4,1),  m(256,1,1,1): 1 x 12.84 us = 12.84 us (489.989 GFLOPS/s)
GET_ROWS: 2 x 4.2 us = 8.4 us
GLU: 1 x 1.8 us = 1.8 us
MUL_MAT f32 m=256 n=24 k=256: 1 x 1.64 us = 1.64 us (1914.38 GFLOPS/s)
MUL_MAT f32 m=64 n=16 k=64: 1 x 3.64 us = 3.64 us (35.7275 GFLOPS/s)
MUL_MAT f32 m=64 n=96 k=64: 1 x 3.6 us = 3.6 us (216.747 GFLOPS/s)
MUL_MAT_ADD MUL_MAT_VEC q6_K m=5120 n=1 k=17408: 1 x 123.28 us = 123.28 us (1445.92 GFLOPS/s)
MUL_MAT_ADD MUL_MAT_VEC q6_K m=5120 n=1 k=6144: 1 x 54.04 us = 54.04 us (1164.13 GFLOPS/s)
MUL_MAT_VEC f32 m=256 n=4 k=256: 1 x 3.04 us = 3.04 us (172.126 GFLOPS/s)
MUL_MAT_VEC q6_K m=1024 n=1 k=5120: 2 x 9.04 us = 18.08 us (1159.82 GFLOPS/s)
MUL_MAT_VEC q6_K m=12288 n=1 k=5120: 1 x 85.96 us = 85.96 us (1463.67 GFLOPS/s)
MUL_MAT_VEC q6_K m=17408 n=1 k=5120: 2 x 121.58 us = 243.16 us (1466.03 GFLOPS/s)
MUL_MAT_VEC q6_K m=98304 n=1 k=5120: 1 x 672.76 us = 672.76 us (1496.13 GFLOPS/s)
MUL_MAT_VEC q8_0 m=5120 n=1 k=10240: 1 x 101.04 us = 101.04 us (1037.73 GFLOPS/s)
PAD: 1 x 6.28 us = 6.28 us
RMS_NORM_MUL RMS_NORM(256,24,1,1): 1 x 3.6 us = 3.6 us
RMS_NORM_MUL RMS_NORM(256,4,1,1): 1 x 3.6 us = 3.6 us
RMS_NORM_MUL RMS_NORM(5120,1,1,1): 5 x 3.728 us = 18.64 us
ROPE: 2 x 3.56 us = 7.12 us
SET_ROWS: 2 x 2.62 us = 5.24 us
SIGMOID_MUL SIGMOID: 1 x 1.72 us = 1.72 us
TOP_K K=10 (98304,1,1,1): 1 x 8.72 us = 8.72 us
Total time: 1395.6 us.
----------------
Vulkan Timings:
ADD: 48 x 3.78 us = 181.48 us
CONCAT: 48 x 2.498 us = 119.92 us
CONT: 16 x 3.852 us = 61.64 us
CPY: 240 x 2.226 us = 534.28 us
FLASH_ATTN_EXT dst(256,24,5,1),  q(256,5,24,1),  k(256,256,4,1),  v(256,256,4,1),  m(256,5,1,1): 16 x 21.045 us = 336.72 us (1494.76 GFLOPS/s)
GDN_CACHE GATED_DELTA_NET: 48 x 13.988 us = 671.44 us
GET_ROWS: 50 x 26.46 us = 1323.04 us
GLU: 64 x 2.957 us = 189.28 us
MUL_MAT f32 m=256 n=120 k=256: 16 x 1.83 us = 29.28 us (8578.1 GFLOPS/s)
MUL_MAT f32 m=256 n=20 k=256: 16 x 3.14 us = 50.24 us (833.223 GFLOPS/s)
MUL_MAT f32 m=64 n=480 k=64: 16 x 3.66 us = 58.56 us (1065.97 GFLOPS/s)
MUL_MAT f32 m=64 n=80 k=64: 16 x 3.322 us = 53.16 us (195.708 GFLOPS/s)
MUL_MAT_ADD MUL_MAT_VEC q6_K m=5120 n=5 k=17408: 64 x 130.603 us = 8358.64 us (6824.18 GFLOPS/s)
MUL_MAT_ADD MUL_MAT_VEC q6_K m=5120 n=5 k=6144: 16 x 55.392 us = 886.28 us (5678.52 GFLOPS/s)
MUL_MAT_VEC f32 m=48 n=5 k=5120: 96 x 3.415 us = 327.88 us (719.491 GFLOPS/s)
MUL_MAT_VEC q6_K m=1024 n=5 k=5120: 32 x 11.052 us = 353.68 us (4743.15 GFLOPS/s)
MUL_MAT_VEC q6_K m=10240 n=5 k=5120: 48 x 82.026 us = 3937.28 us (6391.05 GFLOPS/s)
MUL_MAT_VEC q6_K m=12288 n=5 k=5120: 16 x 94.93 us = 1518.88 us (6626.82 GFLOPS/s)
MUL_MAT_VEC q6_K m=17408 n=5 k=5120: 128 x 141.154 us = 18067.8 us (6313.66 GFLOPS/s)
MUL_MAT_VEC q6_K m=248320 n=5 k=5120: 1 x 1777.36 us = 1777.36 us (7152.6 GFLOPS/s)
MUL_MAT_VEC q6_K m=6144 n=5 k=5120: 48 x 53.499 us = 2567.96 us (5879.38 GFLOPS/s)
MUL_MAT_VEC q8_0 m=5120 n=5 k=6144: 48 x 63.131 us = 3030.32 us (4982.4 GFLOPS/s)
RMS_NORM_MUL RMS_NORM(256,24,5,1): 16 x 3.892 us = 62.28 us
RMS_NORM_MUL RMS_NORM(256,4,5,1): 16 x 4.455 us = 71.28 us
RMS_NORM_MUL RMS_NORM(5120,5,1,1): 129 x 4.569 us = 589.52 us
RMS_NORM_MUL_SILU_MUL RMS_NORM(128,48,5,1): 48 x 5.695 us = 273.36 us
RMS_NORM_SCALE RMS_NORM(128,16,5,1): 96 x 2.686 us = 257.88 us
ROPE: 32 x 3.88 us = 124.16 us
SET_ROWS: 32 x 2.97 us = 95.04 us
SIGMOID_MUL SIGMOID: 16 x 3.702 us = 59.24 us
SSM_CONV_SILU SSM_CONV: 48 x 5.732 us = 275.16 us
Total time: 46243 us.
----------------
Vulkan Timings:
CONCAT: 1 x 1.96 us = 1.96 us
CONT: 1 x 3.76 us = 3.76 us
FLASH_ATTN_EXT dst(256,24,5,1),  q(256,5,24,1),  k(256,256,4,1),  v(256,256,4,1),  m(256,5,1,1): 1 x 21.2 us = 21.2 us (1483.83 GFLOPS/s)
GLU: 1 x 1.8 us = 1.8 us
MUL_MAT f32 m=256 n=120 k=256: 1 x 1.76 us = 1.76 us (8919.27 GFLOPS/s)
MUL_MAT f32 m=256 n=20 k=256: 1 x 3.16 us = 3.16 us (827.949 GFLOPS/s)
MUL_MAT f32 m=64 n=480 k=64: 1 x 3.76 us = 3.76 us (1037.62 GFLOPS/s)
MUL_MAT f32 m=64 n=80 k=64: 1 x 3.72 us = 3.72 us (174.796 GFLOPS/s)
MUL_MAT_ADD MUL_MAT_VEC q6_K m=5120 n=5 k=17408: 1 x 156.92 us = 156.92 us (5679.73 GFLOPS/s)
MUL_MAT_ADD MUL_MAT_VEC q6_K m=5120 n=5 k=6144: 1 x 63.76 us = 63.76 us (4933.3 GFLOPS/s)
MUL_MAT_VEC q6_K m=1024 n=5 k=5120: 2 x 9.28 us = 18.56 us (5649.1 GFLOPS/s)
MUL_MAT_VEC q6_K m=12288 n=5 k=5120: 1 x 122.46 us = 122.46 us (5137.06 GFLOPS/s)
MUL_MAT_VEC q6_K m=17408 n=5 k=5120: 2 x 136.4 us = 272.8 us (6533.74 GFLOPS/s)
MUL_MAT_VEC q8_0 m=5120 n=5 k=10240: 1 x 106.8 us = 106.8 us (4908.82 GFLOPS/s)
RMS_NORM_MUL RMS_NORM(256,24,5,1): 1 x 3.84 us = 3.84 us
RMS_NORM_MUL RMS_NORM(256,4,5,1): 1 x 3.76 us = 3.76 us
RMS_NORM_MUL RMS_NORM(5120,5,1,1): 5 x 8.478 us = 42.39 us
ROPE: 2 x 3.72 us = 7.44 us
SET_ROWS: 2 x 2.76 us = 5.52 us
SIGMOID_MUL SIGMOID: 1 x 1.76 us = 1.76 us
Total time: 847.13 us.
0.13.392.301 I slot print_timing: id  0 | task 0 | n_gen =    114, tg =  37.13 t/s, tg_3s =  37.46 t/s
----------------
Vulkan Timings:
CONCAT: 1 x 3.68 us = 3.68 us
CONT: 1 x 3.52 us = 3.52 us
FLASH_ATTN_EXT dst(256,24,1,1),  q(256,1,24,1),  k(256,256,4,1),  v(256,256,4,1),  m(256,1,1,1): 1 x 15.24 us = 15.24 us (412.825 GFLOPS/s)
GET_ROWS: 2 x 4.2 us = 8.4 us
GLU: 1 x 1.6 us = 1.6 us
MUL_MAT f32 m=256 n=24 k=256: 1 x 1.56 us = 1.56 us (2012.55 GFLOPS/s)
MUL_MAT f32 m=64 n=16 k=64: 1 x 1.8 us = 1.8 us (72.2489 GFLOPS/s)
MUL_MAT f32 m=64 n=96 k=64: 1 x 3.2 us = 3.2 us (243.84 GFLOPS/s)
MUL_MAT_ADD MUL_MAT_VEC q6_K m=5120 n=1 k=17408: 1 x 129.96 us = 129.96 us (1371.6 GFLOPS/s)
MUL_MAT_ADD MUL_MAT_VEC q6_K m=5120 n=1 k=6144: 1 x 54.16 us = 54.16 us (1161.55 GFLOPS/s)
MUL_MAT_VEC f32 m=256 n=4 k=256: 1 x 3 us = 3 us (174.421 GFLOPS/s)
MUL_MAT_VEC q6_K m=1024 n=1 k=5120: 2 x 9.26 us = 18.52 us (1132.26 GFLOPS/s)
MUL_MAT_VEC q6_K m=12288 n=1 k=5120: 1 x 90 us = 90 us (1397.96 GFLOPS/s)
MUL_MAT_VEC q6_K m=17408 n=1 k=5120: 2 x 117.78 us = 235.56 us (1513.33 GFLOPS/s)
MUL_MAT_VEC q6_K m=98304 n=1 k=5120: 1 x 671.01 us = 671.01 us (1500.03 GFLOPS/s)
MUL_MAT_VEC q8_0 m=5120 n=1 k=10240: 1 x 91.6 us = 91.6 us (1144.68 GFLOPS/s)
PAD: 1 x 6.32 us = 6.32 us
RMS_NORM_MUL RMS_NORM(256,24,1,1): 1 x 3.2 us = 3.2 us
RMS_NORM_MUL RMS_NORM(256,4,1,1): 1 x 4.88 us = 4.88 us
RMS_NORM_MUL RMS_NORM(5120,1,1,1): 5 x 4.424 us = 22.12 us
ROPE: 2 x 3.38 us = 6.76 us
SET_ROWS: 2 x 1.8 us = 3.6 us
SIGMOID_MUL SIGMOID: 1 x 1.52 us = 1.52 us
TOP_K K=10 (98304,1,1,1): 1 x 8.64 us = 8.64 us
Total time: 1389.85 us.
----------------
Vulkan Timings:
CONCAT: 1 x 3.72 us = 3.72 us
CONT: 1 x 3.6 us = 3.6 us
FLASH_ATTN_EXT dst(256,24,1,1),  q(256,1,24,1),  k(256,256,4,1),  v(256,256,4,1),  m(256,1,1,1): 1 x 12.8 us = 12.8 us (491.52 GFLOPS/s)
GET_ROWS: 2 x 4.28 us = 8.56 us
GLU: 1 x 1.72 us = 1.72 us
MUL_MAT f32 m=256 n=24 k=256: 1 x 1.64 us = 1.64 us (1914.38 GFLOPS/s)
MUL_MAT f32 m=64 n=16 k=64: 1 x 3.6 us = 3.6 us (36.1244 GFLOPS/s)
MUL_MAT f32 m=64 n=96 k=64: 1 x 3.6 us = 3.6 us (216.747 GFLOPS/s)
MUL_MAT_ADD MUL_MAT_VEC q6_K m=5120 n=1 k=17408: 1 x 123.56 us = 123.56 us (1442.64 GFLOPS/s)
MUL_MAT_ADD MUL_MAT_VEC q6_K m=5120 n=1 k=6144: 1 x 54.04 us = 54.04 us (1164.13 GFLOPS/s)
MUL_MAT_VEC f32 m=256 n=4 k=256: 1 x 3 us = 3 us (174.421 GFLOPS/s)
MUL_MAT_VEC q6_K m=1024 n=1 k=5120: 2 x 9.28 us = 18.56 us (1129.82 GFLOPS/s)
MUL_MAT_VEC q6_K m=12288 n=1 k=5120: 1 x 85.84 us = 85.84 us (1465.71 GFLOPS/s)
MUL_MAT_VEC q6_K m=17408 n=1 k=5120: 2 x 121.78 us = 243.56 us (1463.63 GFLOPS/s)
MUL_MAT_VEC q6_K m=98304 n=1 k=5120: 1 x 672.56 us = 672.56 us (1496.57 GFLOPS/s)
MUL_MAT_VEC q8_0 m=5120 n=1 k=10240: 1 x 100.72 us = 100.72 us (1041.03 GFLOPS/s)
PAD: 1 x 6.36 us = 6.36 us
RMS_NORM_MUL RMS_NORM(256,24,1,1): 1 x 3.64 us = 3.64 us
RMS_NORM_MUL RMS_NORM(256,4,1,1): 1 x 3.64 us = 3.64 us
RMS_NORM_MUL RMS_NORM(5120,1,1,1): 5 x 3.728 us = 18.64 us
ROPE: 2 x 3.62 us = 7.24 us
SET_ROWS: 2 x 2.68 us = 5.36 us
SIGMOID_MUL SIGMOID: 1 x 1.68 us = 1.68 us
TOP_K K=10 (98304,1,1,1): 1 x 9.24 us = 9.24 us
Total time: 1396.88 us.
----------------
Vulkan Timings:
CONCAT: 1 x 3.68 us = 3.68 us
CONT: 1 x 3.64 us = 3.64 us
FLASH_ATTN_EXT dst(256,24,1,1),  q(256,1,24,1),  k(256,256,4,1),  v(256,256,4,1),  m(256,1,1,1): 1 x 12.96 us = 12.96 us (485.452 GFLOPS/s)
GET_ROWS: 2 x 4.28 us = 8.56 us
GLU: 1 x 1.84 us = 1.84 us
MUL_MAT f32 m=256 n=24 k=256: 1 x 1.6 us = 1.6 us (1962.24 GFLOPS/s)
MUL_MAT f32 m=64 n=16 k=64: 1 x 3.6 us = 3.6 us (36.1244 GFLOPS/s)
MUL_MAT f32 m=64 n=96 k=64: 1 x 3.64 us = 3.64 us (214.365 GFLOPS/s)
MUL_MAT_ADD MUL_MAT_VEC q6_K m=5120 n=1 k=17408: 1 x 123.2 us = 123.2 us (1446.86 GFLOPS/s)
MUL_MAT_ADD MUL_MAT_VEC q6_K m=5120 n=1 k=6144: 1 x 54.08 us = 54.08 us (1163.27 GFLOPS/s)
MUL_MAT_VEC f32 m=256 n=4 k=256: 1 x 3.04 us = 3.04 us (172.126 GFLOPS/s)
MUL_MAT_VEC q6_K m=1024 n=1 k=5120: 2 x 9.16 us = 18.32 us (1144.62 GFLOPS/s)
MUL_MAT_VEC q6_K m=12288 n=1 k=5120: 1 x 85.44 us = 85.44 us (1472.58 GFLOPS/s)
MUL_MAT_VEC q6_K m=17408 n=1 k=5120: 2 x 121.16 us = 242.32 us (1471.12 GFLOPS/s)
MUL_MAT_VEC q6_K m=98304 n=1 k=5120: 1 x 671.72 us = 671.72 us (1498.44 GFLOPS/s)
MUL_MAT_VEC q8_0 m=5120 n=1 k=10240: 1 x 101.36 us = 101.36 us (1034.46 GFLOPS/s)
PAD: 1 x 6.16 us = 6.16 us
RMS_NORM_MUL RMS_NORM(256,24,1,1): 1 x 3.6 us = 3.6 us
RMS_NORM_MUL RMS_NORM(256,4,1,1): 1 x 3.56 us = 3.56 us
RMS_NORM_MUL RMS_NORM(5120,1,1,1): 5 x 3.728 us = 18.64 us
ROPE: 2 x 3.56 us = 7.12 us
SET_ROWS: 2 x 2.64 us = 5.28 us
SIGMOID_MUL SIGMOID: 1 x 1.68 us = 1.68 us
TOP_K K=10 (98304,1,1,1): 1 x 8.44 us = 8.44 us
Total time: 1393.48 us.
----------------
Vulkan Timings:
CONCAT: 1 x 3.76 us = 3.76 us
CONT: 1 x 3.6 us = 3.6 us
FLASH_ATTN_EXT dst(256,24,1,1),  q(256,1,24,1),  k(256,256,4,1),  v(256,256,4,1),  m(256,1,1,1): 1 x 12.84 us = 12.84 us (489.989 GFLOPS/s)
GET_ROWS: 2 x 4.16 us = 8.32 us
GLU: 1 x 1.84 us = 1.84 us
MUL_MAT f32 m=256 n=24 k=256: 1 x 1.68 us = 1.68 us (1868.8 GFLOPS/s)
MUL_MAT f32 m=64 n=16 k=64: 1 x 3.6 us = 3.6 us (36.1244 GFLOPS/s)
MUL_MAT f32 m=64 n=96 k=64: 1 x 3.56 us = 3.56 us (219.182 GFLOPS/s)
MUL_MAT_ADD MUL_MAT_VEC q6_K m=5120 n=1 k=17408: 1 x 123.44 us = 123.44 us (1444.04 GFLOPS/s)
MUL_MAT_ADD MUL_MAT_VEC q6_K m=5120 n=1 k=6144: 1 x 54.8 us = 54.8 us (1147.98 GFLOPS/s)
MUL_MAT_VEC f32 m=256 n=4 k=256: 1 x 3 us = 3 us (174.421 GFLOPS/s)
MUL_MAT_VEC q6_K m=1024 n=1 k=5120: 2 x 9.24 us = 18.48 us (1134.71 GFLOPS/s)
MUL_MAT_VEC q6_K m=12288 n=1 k=5120: 1 x 85.32 us = 85.32 us (1474.65 GFLOPS/s)
MUL_MAT_VEC q6_K m=17408 n=1 k=5120: 2 x 121.02 us = 242.04 us (1472.82 GFLOPS/s)
MUL_MAT_VEC q6_K m=98304 n=1 k=5120: 1 x 672.11 us = 672.11 us (1497.57 GFLOPS/s)
MUL_MAT_VEC q8_0 m=5120 n=1 k=10240: 1 x 102 us = 102 us (1027.97 GFLOPS/s)
PAD: 1 x 6.28 us = 6.28 us
RMS_NORM_MUL RMS_NORM(256,24,1,1): 1 x 3.56 us = 3.56 us
RMS_NORM_MUL RMS_NORM(256,4,1,1): 1 x 3.6 us = 3.6 us
RMS_NORM_MUL RMS_NORM(5120,1,1,1): 5 x 3.664 us = 18.32 us
ROPE: 2 x 3.58 us = 7.16 us
SET_ROWS: 2 x 2.66 us = 5.32 us
SIGMOID_MUL SIGMOID: 1 x 1.64 us = 1.64 us
TOP_K K=10 (98304,1,1,1): 1 x 8.8 us = 8.8 us
Total time: 1395.07 us.
----------------
Vulkan Timings:
ADD: 48 x 3.77 us = 180.96 us
CONCAT: 48 x 2.495 us = 119.8 us
CONT: 16 x 3.837 us = 61.4 us
CPY: 240 x 2.227 us = 534.64 us
FLASH_ATTN_EXT dst(256,24,5,1),  q(256,5,24,1),  k(256,256,4,1),  v(256,256,4,1),  m(256,5,1,1): 16 x 20.97 us = 335.52 us (1500.11 GFLOPS/s)
GDN_CACHE GATED_DELTA_NET: 48 x 13.994 us = 671.72 us
GET_ROWS: 50 x 25.764 us = 1288.24 us
GLU: 64 x 2.935 us = 187.84 us
MUL_MAT f32 m=256 n=120 k=256: 16 x 1.812 us = 29 us (8660.92 GFLOPS/s)
MUL_MAT f32 m=256 n=20 k=256: 16 x 3.125 us = 50 us (837.222 GFLOPS/s)
MUL_MAT f32 m=64 n=480 k=64: 16 x 3.645 us = 58.32 us (1070.35 GFLOPS/s)
MUL_MAT f32 m=64 n=80 k=64: 16 x 3.28 us = 52.48 us (198.244 GFLOPS/s)
MUL_MAT_ADD MUL_MAT_VEC q6_K m=5120 n=5 k=17408: 64 x 130.481 us = 8350.8 us (6830.59 GFLOPS/s)
MUL_MAT_ADD MUL_MAT_VEC q6_K m=5120 n=5 k=6144: 16 x 55.197 us = 883.16 us (5698.58 GFLOPS/s)
MUL_MAT_VEC f32 m=48 n=5 k=5120: 96 x 3.505 us = 336.56 us (700.935 GFLOPS/s)
MUL_MAT_VEC q6_K m=1024 n=5 k=5120: 32 x 11.117 us = 355.76 us (4715.42 GFLOPS/s)
MUL_MAT_VEC q6_K m=10240 n=5 k=5120: 48 x 82.147 us = 3943.08 us (6381.65 GFLOPS/s)
MUL_MAT_VEC q6_K m=12288 n=5 k=5120: 16 x 95.257 us = 1524.12 us (6604.04 GFLOPS/s)
MUL_MAT_VEC q6_K m=17408 n=5 k=5120: 128 x 141.432 us = 18103.4 us (6301.26 GFLOPS/s)
MUL_MAT_VEC q6_K m=248320 n=5 k=5120: 1 x 1772.36 us = 1772.36 us (7172.78 GFLOPS/s)
MUL_MAT_VEC q6_K m=6144 n=5 k=5120: 48 x 53.768 us = 2580.88 us (5849.95 GFLOPS/s)
MUL_MAT_VEC q8_0 m=5120 n=5 k=6144: 48 x 63.092 us = 3028.44 us (4985.49 GFLOPS/s)
RMS_NORM_MUL RMS_NORM(256,24,5,1): 16 x 3.727 us = 59.64 us
RMS_NORM_MUL RMS_NORM(256,4,5,1): 16 x 4.43 us = 70.88 us
RMS_NORM_MUL RMS_NORM(5120,5,1,1): 129 x 4.573 us = 589.92 us
RMS_NORM_MUL_SILU_MUL RMS_NORM(128,48,5,1): 48 x 5.684 us = 272.84 us
RMS_NORM_SCALE RMS_NORM(128,16,5,1): 96 x 2.691 us = 258.36 us
ROPE: 32 x 3.865 us = 123.68 us
SET_ROWS: 32 x 2.952 us = 94.48 us
SIGMOID_MUL SIGMOID: 16 x 3.695 us = 59.12 us
SSM_CONV_SILU SSM_CONV: 48 x 5.639 us = 270.68 us
Total time: 46248 us.
----------------
Vulkan Timings:
CONCAT: 1 x 4 us = 4 us
CONT: 1 x 3.64 us = 3.64 us
FLASH_ATTN_EXT dst(256,24,5,1),  q(256,5,24,1),  k(256,256,4,1),  v(256,256,4,1),  m(256,5,1,1): 1 x 23 us = 23 us (1367.71 GFLOPS/s)
GLU: 1 x 1.44 us = 1.44 us
MUL_MAT f32 m=256 n=120 k=256: 1 x 1.68 us = 1.68 us (9344 GFLOPS/s)
MUL_MAT f32 m=256 n=20 k=256: 1 x 3.04 us = 3.04 us (860.632 GFLOPS/s)
MUL_MAT f32 m=64 n=480 k=64: 1 x 3.64 us = 3.64 us (1071.82 GFLOPS/s)
MUL_MAT f32 m=64 n=80 k=64: 1 x 3.6 us = 3.6 us (180.622 GFLOPS/s)
MUL_MAT_ADD MUL_MAT_VEC q6_K m=5120 n=5 k=17408: 1 x 154.44 us = 154.44 us (5770.94 GFLOPS/s)
MUL_MAT_ADD MUL_MAT_VEC q6_K m=5120 n=5 k=6144: 1 x 61.44 us = 61.44 us (5119.58 GFLOPS/s)
MUL_MAT_VEC q6_K m=1024 n=5 k=5120: 2 x 8.6 us = 17.2 us (6095.78 GFLOPS/s)
MUL_MAT_VEC q6_K m=12288 n=5 k=5120: 1 x 120.84 us = 120.84 us (5205.93 GFLOPS/s)
MUL_MAT_VEC q6_K m=17408 n=5 k=5120: 2 x 135.54 us = 271.08 us (6575.2 GFLOPS/s)
MUL_MAT_VEC q8_0 m=5120 n=5 k=10240: 1 x 105.84 us = 105.84 us (4953.35 GFLOPS/s)
RMS_NORM_MUL RMS_NORM(256,24,5,1): 1 x 3.76 us = 3.76 us
RMS_NORM_MUL RMS_NORM(256,4,5,1): 1 x 3.64 us = 3.64 us
RMS_NORM_MUL RMS_NORM(5120,5,1,1): 5 x 8.132 us = 40.66 us
ROPE: 2 x 3.64 us = 7.28 us
SET_ROWS: 2 x 1.82 us = 3.64 us
SIGMOID_MUL SIGMOID: 1 x 1.72 us = 1.72 us
Total time: 835.58 us.
----------------
Vulkan Timings:
CONCAT: 1 x 3.64 us = 3.64 us
CONT: 1 x 3.52 us = 3.52 us
FLASH_ATTN_EXT dst(256,24,1,1),  q(256,1,24,1),  k(256,256,4,1),  v(256,256,4,1),  m(256,1,1,1): 1 x 12.56 us = 12.56 us (500.912 GFLOPS/s)
GET_ROWS: 2 x 4.32 us = 8.64 us
GLU: 1 x 1.72 us = 1.72 us
MUL_MAT f32 m=256 n=24 k=256: 1 x 1.48 us = 1.48 us (2121.34 GFLOPS/s)
MUL_MAT f32 m=64 n=16 k=64: 1 x 1.84 us = 1.84 us (70.6783 GFLOPS/s)
MUL_MAT f32 m=64 n=96 k=64: 1 x 3.16 us = 3.16 us (246.927 GFLOPS/s)
MUL_MAT_ADD MUL_MAT_VEC q6_K m=5120 n=1 k=17408: 1 x 129.72 us = 129.72 us (1374.14 GFLOPS/s)
MUL_MAT_ADD MUL_MAT_VEC q6_K m=5120 n=1 k=6144: 1 x 54.36 us = 54.36 us (1157.27 GFLOPS/s)
MUL_MAT_VEC f32 m=256 n=4 k=256: 1 x 3 us = 3 us (174.421 GFLOPS/s)
MUL_MAT_VEC q6_K m=1024 n=1 k=5120: 2 x 9.3 us = 18.6 us (1127.39 GFLOPS/s)
MUL_MAT_VEC q6_K m=12288 n=1 k=5120: 1 x 89.92 us = 89.92 us (1399.21 GFLOPS/s)
MUL_MAT_VEC q6_K m=17408 n=1 k=5120: 2 x 118.42 us = 236.84 us (1505.16 GFLOPS/s)
MUL_MAT_VEC q6_K m=98304 n=1 k=5120: 1 x 669.97 us = 669.97 us (1502.36 GFLOPS/s)
MUL_MAT_VEC q8_0 m=5120 n=1 k=10240: 1 x 92.56 us = 92.56 us (1132.81 GFLOPS/s)
PAD: 1 x 6.36 us = 6.36 us
RMS_NORM_MUL RMS_NORM(256,24,1,1): 1 x 3.2 us = 3.2 us
RMS_NORM_MUL RMS_NORM(256,4,1,1): 1 x 4.84 us = 4.84 us
RMS_NORM_MUL RMS_NORM(5120,1,1,1): 5 x 3.936 us = 19.68 us
ROPE: 2 x 3.32 us = 6.64 us
SET_ROWS: 2 x 2.6 us = 5.2 us
SIGMOID_MUL SIGMOID: 1 x 1.56 us = 1.56 us
TOP_K K=10 (98304,1,1,1): 1 x 8.84 us = 8.84 us
Total time: 1387.85 us.
----------------
Vulkan Timings:
CONCAT: 1 x 3.76 us = 3.76 us
CONT: 1 x 3.64 us = 3.64 us
FLASH_ATTN_EXT dst(256,24,1,1),  q(256,1,24,1),  k(256,256,4,1),  v(256,256,4,1),  m(256,1,1,1): 1 x 13 us = 13 us (483.958 GFLOPS/s)
GET_ROWS: 2 x 5.34 us = 10.68 us
GLU: 1 x 1.8 us = 1.8 us
MUL_MAT f32 m=256 n=24 k=256: 1 x 1.64 us = 1.64 us (1914.38 GFLOPS/s)
MUL_MAT f32 m=64 n=16 k=64: 1 x 3.6 us = 3.6 us (36.1244 GFLOPS/s)
MUL_MAT f32 m=64 n=96 k=64: 1 x 3.6 us = 3.6 us (216.747 GFLOPS/s)
MUL_MAT_ADD MUL_MAT_VEC q6_K m=5120 n=1 k=17408: 1 x 124.2 us = 124.2 us (1435.21 GFLOPS/s)
MUL_MAT_ADD MUL_MAT_VEC q6_K m=5120 n=1 k=6144: 1 x 53.44 us = 53.44 us (1177.2 GFLOPS/s)
MUL_MAT_VEC f32 m=256 n=4 k=256: 1 x 3 us = 3 us (174.421 GFLOPS/s)
MUL_MAT_VEC q6_K m=1024 n=1 k=5120: 2 x 8.98 us = 17.96 us (1167.57 GFLOPS/s)
MUL_MAT_VEC q6_K m=12288 n=1 k=5120: 1 x 85.52 us = 85.52 us (1471.2 GFLOPS/s)
MUL_MAT_VEC q6_K m=17408 n=1 k=5120: 2 x 121.12 us = 242.24 us (1471.6 GFLOPS/s)
MUL_MAT_VEC q6_K m=98304 n=1 k=5120: 1 x 669.08 us = 669.08 us (1504.36 GFLOPS/s)
MUL_MAT_VEC q8_0 m=5120 n=1 k=10240: 1 x 102 us = 102 us (1027.97 GFLOPS/s)
PAD: 1 x 6.32 us = 6.32 us
RMS_NORM_MUL RMS_NORM(256,24,1,1): 1 x 3.6 us = 3.6 us
RMS_NORM_MUL RMS_NORM(256,4,1,1): 1 x 3.56 us = 3.56 us
RMS_NORM_MUL RMS_NORM(5120,1,1,1): 5 x 3.696 us = 18.48 us
ROPE: 2 x 3.58 us = 7.16 us
SET_ROWS: 2 x 2.64 us = 5.28 us
SIGMOID_MUL SIGMOID: 1 x 1.68 us = 1.68 us
TOP_K K=10 (98304,1,1,1): 1 x 9.08 us = 9.08 us
Total time: 1394.32 us.
----------------
Vulkan Timings:
CONCAT: 1 x 3.76 us = 3.76 us
CONT: 1 x 3.64 us = 3.64 us
FLASH_ATTN_EXT dst(256,24,1,1),  q(256,1,24,1),  k(256,256,4,1),  v(256,256,4,1),  m(256,1,1,1): 1 x 12.8 us = 12.8 us (491.52 GFLOPS/s)
GET_ROWS: 2 x 4.18 us = 8.36 us
GLU: 1 x 1.8 us = 1.8 us
MUL_MAT f32 m=256 n=24 k=256: 1 x 1.68 us = 1.68 us (1868.8 GFLOPS/s)
MUL_MAT f32 m=64 n=16 k=64: 1 x 3.68 us = 3.68 us (35.3391 GFLOPS/s)
MUL_MAT f32 m=64 n=96 k=64: 1 x 3.6 us = 3.6 us (216.747 GFLOPS/s)
MUL_MAT_ADD MUL_MAT_VEC q6_K m=5120 n=1 k=17408: 1 x 122.88 us = 122.88 us (1450.62 GFLOPS/s)
MUL_MAT_ADD MUL_MAT_VEC q6_K m=5120 n=1 k=6144: 1 x 54.08 us = 54.08 us (1163.27 GFLOPS/s)
MUL_MAT_VEC f32 m=256 n=4 k=256: 1 x 3.04 us = 3.04 us (172.126 GFLOPS/s)
MUL_MAT_VEC q6_K m=1024 n=1 k=5120: 2 x 9.06 us = 18.12 us (1157.26 GFLOPS/s)
MUL_MAT_VEC q6_K m=12288 n=1 k=5120: 1 x 85.08 us = 85.08 us (1478.81 GFLOPS/s)
MUL_MAT_VEC q6_K m=17408 n=1 k=5120: 2 x 121.32 us = 242.64 us (1469.18 GFLOPS/s)
MUL_MAT_VEC q6_K m=98304 n=1 k=5120: 1 x 670.58 us = 670.58 us (1500.99 GFLOPS/s)
MUL_MAT_VEC q8_0 m=5120 n=1 k=10240: 1 x 101.12 us = 101.12 us (1036.91 GFLOPS/s)
PAD: 1 x 6.32 us = 6.32 us
RMS_NORM_MUL RMS_NORM(256,24,1,1): 1 x 3.6 us = 3.6 us
RMS_NORM_MUL RMS_NORM(256,4,1,1): 1 x 3.6 us = 3.6 us
RMS_NORM_MUL RMS_NORM(5120,1,1,1): 5 x 3.792 us = 18.96 us
ROPE: 2 x 3.6 us = 7.2 us
SET_ROWS: 2 x 2.68 us = 5.36 us
SIGMOID_MUL SIGMOID: 1 x 1.68 us = 1.68 us
TOP_K K=10 (98304,1,1,1): 1 x 9 us = 9 us
Total time: 1392.58 us.
----------------
Vulkan Timings:
CONCAT: 1 x 3.76 us = 3.76 us
CONT: 1 x 3.6 us = 3.6 us
FLASH_ATTN_EXT dst(256,24,1,1),  q(256,1,24,1),  k(256,256,4,1),  v(256,256,4,1),  m(256,1,1,1): 1 x 12.8 us = 12.8 us (491.52 GFLOPS/s)
GET_ROWS: 2 x 4.36 us = 8.72 us
GLU: 1 x 1.76 us = 1.76 us
MUL_MAT f32 m=256 n=24 k=256: 1 x 1.6 us = 1.6 us (1962.24 GFLOPS/s)
MUL_MAT f32 m=64 n=16 k=64: 1 x 3.6 us = 3.6 us (36.1244 GFLOPS/s)
MUL_MAT f32 m=64 n=96 k=64: 1 x 3.6 us = 3.6 us (216.747 GFLOPS/s)
MUL_MAT_ADD MUL_MAT_VEC q6_K m=5120 n=1 k=17408: 1 x 123.92 us = 123.92 us (1438.45 GFLOPS/s)
MUL_MAT_ADD MUL_MAT_VEC q6_K m=5120 n=1 k=6144: 1 x 53.88 us = 53.88 us (1167.58 GFLOPS/s)
MUL_MAT_VEC f32 m=256 n=4 k=256: 1 x 3.04 us = 3.04 us (172.126 GFLOPS/s)
MUL_MAT_VEC q6_K m=1024 n=1 k=5120: 2 x 9.02 us = 18.04 us (1162.39 GFLOPS/s)
MUL_MAT_VEC q6_K m=12288 n=1 k=5120: 1 x 85.44 us = 85.44 us (1472.58 GFLOPS/s)
MUL_MAT_VEC q6_K m=17408 n=1 k=5120: 2 x 121.1 us = 242.2 us (1471.85 GFLOPS/s)
MUL_MAT_VEC q6_K m=98304 n=1 k=5120: 1 x 670.61 us = 670.61 us (1500.92 GFLOPS/s)
MUL_MAT_VEC q8_0 m=5120 n=1 k=10240: 1 x 100.92 us = 100.92 us (1038.97 GFLOPS/s)
PAD: 1 x 8.48 us = 8.48 us
RMS_NORM_MUL RMS_NORM(256,24,1,1): 1 x 3.6 us = 3.6 us
RMS_NORM_MUL RMS_NORM(256,4,1,1): 1 x 3.56 us = 3.56 us
RMS_NORM_MUL RMS_NORM(5120,1,1,1): 5 x 3.72 us = 18.6 us
ROPE: 2 x 3.58 us = 7.16 us
SET_ROWS: 2 x 2.64 us = 5.28 us
SIGMOID_MUL SIGMOID: 1 x 1.72 us = 1.72 us
TOP_K K=10 (98304,1,1,1): 1 x 6.28 us = 6.28 us
Total time: 1392.17 us.
----------------
Vulkan Timings:
ADD: 48 x 3.764 us = 180.68 us
CONCAT: 48 x 2.402 us = 115.32 us
CONT: 16 x 3.85 us = 61.6 us
CPY: 240 x 2.231 us = 535.64 us
FLASH_ATTN_EXT dst(256,24,5,1),  q(256,5,24,1),  k(256,256,4,1),  v(256,256,4,1),  m(256,5,1,1): 16 x 21.382 us = 342.12 us (1471.17 GFLOPS/s)
GDN_CACHE GATED_DELTA_NET: 48 x 13.905 us = 667.48 us
GET_ROWS: 50 x 26.286 us = 1314.32 us
GLU: 64 x 2.974 us = 190.36 us
MUL_MAT f32 m=256 n=120 k=256: 16 x 1.812 us = 29 us (8660.92 GFLOPS/s)
MUL_MAT f32 m=256 n=20 k=256: 16 x 3.132 us = 50.12 us (835.218 GFLOPS/s)
MUL_MAT f32 m=64 n=480 k=64: 16 x 3.66 us = 58.56 us (1065.97 GFLOPS/s)
MUL_MAT f32 m=64 n=80 k=64: 16 x 3.295 us = 52.72 us (197.341 GFLOPS/s)
MUL_MAT_ADD MUL_MAT_VEC q6_K m=5120 n=5 k=17408: 64 x 130.56 us = 8355.84 us (6826.47 GFLOPS/s)
MUL_MAT_ADD MUL_MAT_VEC q6_K m=5120 n=5 k=6144: 16 x 55.125 us = 882 us (5706.07 GFLOPS/s)
MUL_MAT_VEC f32 m=48 n=5 k=5120: 96 x 3.535 us = 339.44 us (694.988 GFLOPS/s)
MUL_MAT_VEC q6_K m=1024 n=5 k=5120: 32 x 11.037 us = 353.2 us (4749.6 GFLOPS/s)
MUL_MAT_VEC q6_K m=10240 n=5 k=5120: 48 x 81.942 us = 3933.24 us (6397.62 GFLOPS/s)
MUL_MAT_VEC q6_K m=12288 n=5 k=5120: 16 x 94.985 us = 1519.76 us (6622.98 GFLOPS/s)
MUL_MAT_VEC q6_K m=17408 n=5 k=5120: 128 x 141.11 us = 18062.2 us (6315.63 GFLOPS/s)
MUL_MAT_VEC q6_K m=248320 n=5 k=5120: 1 x 1774.88 us = 1774.88 us (7162.59 GFLOPS/s)
MUL_MAT_VEC q6_K m=6144 n=5 k=5120: 48 x 53.579 us = 2571.8 us (5870.6 GFLOPS/s)
MUL_MAT_VEC q8_0 m=5120 n=5 k=6144: 48 x 63.007 us = 3024.36 us (4992.22 GFLOPS/s)
RMS_NORM_MUL RMS_NORM(256,24,5,1): 16 x 3.842 us = 61.48 us
RMS_NORM_MUL RMS_NORM(256,4,5,1): 16 x 4.435 us = 70.96 us
RMS_NORM_MUL RMS_NORM(5120,5,1,1): 129 x 4.556 us = 587.84 us
RMS_NORM_MUL_SILU_MUL RMS_NORM(128,48,5,1): 48 x 5.667 us = 272.04 us
RMS_NORM_SCALE RMS_NORM(128,16,5,1): 96 x 2.667 us = 256.12 us
ROPE: 32 x 3.873 us = 123.96 us
SET_ROWS: 32 x 2.867 us = 91.76 us
SIGMOID_MUL SIGMOID: 16 x 3.707 us = 59.32 us
SSM_CONV_SILU SSM_CONV: 48 x 5.685 us = 272.88 us
Total time: 46211 us.
----------------
Vulkan Timings:
CONCAT: 1 x 4.08 us = 4.08 us
CONT: 1 x 3.72 us = 3.72 us
FLASH_ATTN_EXT dst(256,24,5,1),  q(256,5,24,1),  k(256,256,4,1),  v(256,256,4,1),  m(256,5,1,1): 1 x 21.2 us = 21.2 us (1483.83 GFLOPS/s)
GLU: 1 x 1.56 us = 1.56 us
MUL_MAT f32 m=256 n=120 k=256: 1 x 1.76 us = 1.76 us (8919.27 GFLOPS/s)
MUL_MAT f32 m=256 n=20 k=256: 1 x 3.16 us = 3.16 us (827.949 GFLOPS/s)
MUL_MAT f32 m=64 n=480 k=64: 1 x 3.72 us = 3.72 us (1048.77 GFLOPS/s)
MUL_MAT f32 m=64 n=80 k=64: 1 x 3.72 us = 3.72 us (174.796 GFLOPS/s)
MUL_MAT_ADD MUL_MAT_VEC q6_K m=5120 n=5 k=17408: 1 x 155.5 us = 155.5 us (5731.6 GFLOPS/s)
MUL_MAT_ADD MUL_MAT_VEC q6_K m=5120 n=5 k=6144: 1 x 62.36 us = 62.36 us (5044.05 GFLOPS/s)
MUL_MAT_VEC q6_K m=1024 n=5 k=5120: 2 x 9.28 us = 18.56 us (5649.1 GFLOPS/s)
MUL_MAT_VEC q6_K m=12288 n=5 k=5120: 1 x 122.43 us = 122.43 us (5138.32 GFLOPS/s)
MUL_MAT_VEC q6_K m=17408 n=5 k=5120: 2 x 136.24 us = 272.48 us (6541.42 GFLOPS/s)
MUL_MAT_VEC q8_0 m=5120 n=5 k=10240: 1 x 106.28 us = 106.28 us (4932.84 GFLOPS/s)
RMS_NORM_MUL RMS_NORM(256,24,5,1): 1 x 3.88 us = 3.88 us
RMS_NORM_MUL RMS_NORM(256,4,5,1): 1 x 3.68 us = 3.68 us
RMS_NORM_MUL RMS_NORM(5120,5,1,1): 5 x 8.18 us = 40.9 us
ROPE: 2 x 3.74 us = 7.48 us
SET_ROWS: 2 x 2.72 us = 5.44 us
SIGMOID_MUL SIGMOID: 1 x 1.76 us = 1.76 us
Total time: 843.67 us.
----------------
Vulkan Timings:
CONCAT: 1 x 3.64 us = 3.64 us
CONT: 1 x 3.56 us = 3.56 us
FLASH_ATTN_EXT dst(256,24,1,1),  q(256,1,24,1),  k(256,256,4,1),  v(256,256,4,1),  m(256,1,1,1): 1 x 12.36 us = 12.36 us (509.017 GFLOPS/s)
GET_ROWS: 2 x 4.26 us = 8.52 us
GLU: 1 x 1.56 us = 1.56 us
MUL_MAT f32 m=256 n=24 k=256: 1 x 2.08 us = 2.08 us (1509.42 GFLOPS/s)
MUL_MAT f32 m=64 n=16 k=64: 1 x 1.8 us = 1.8 us (72.2489 GFLOPS/s)
MUL_MAT f32 m=64 n=96 k=64: 1 x 3.2 us = 3.2 us (243.84 GFLOPS/s)
MUL_MAT_ADD MUL_MAT_VEC q6_K m=5120 n=1 k=17408: 1 x 129.64 us = 129.64 us (1374.98 GFLOPS/s)
MUL_MAT_ADD MUL_MAT_VEC q6_K m=5120 n=1 k=6144: 1 x 53.6 us = 53.6 us (1173.68 GFLOPS/s)
MUL_MAT_VEC f32 m=256 n=4 k=256: 1 x 0.76 us = 0.76 us (688.505 GFLOPS/s)
MUL_MAT_VEC q6_K m=1024 n=1 k=5120: 2 x 9.26 us = 18.52 us (1132.26 GFLOPS/s)
MUL_MAT_VEC q6_K m=12288 n=1 k=5120: 1 x 89.16 us = 89.16 us (1411.14 GFLOPS/s)
MUL_MAT_VEC q6_K m=17408 n=1 k=5120: 2 x 118.22 us = 236.44 us (1507.7 GFLOPS/s)
MUL_MAT_VEC q6_K m=98304 n=1 k=5120: 1 x 669.82 us = 669.82 us (1502.69 GFLOPS/s)
MUL_MAT_VEC q8_0 m=5120 n=1 k=10240: 1 x 91.44 us = 91.44 us (1146.68 GFLOPS/s)
PAD: 1 x 6.32 us = 6.32 us
RMS_NORM_MUL RMS_NORM(256,24,1,1): 1 x 3.16 us = 3.16 us
RMS_NORM_MUL RMS_NORM(256,4,1,1): 1 x 4.84 us = 4.84 us
RMS_NORM_MUL RMS_NORM(5120,1,1,1): 5 x 4.384 us = 21.92 us
ROPE: 2 x 3.28 us = 6.56 us
SET_ROWS: 2 x 3.68 us = 7.36 us
SIGMOID_MUL SIGMOID: 1 x 1.6 us = 1.6 us
TOP_K K=10 (98304,1,1,1): 1 x 8.76 us = 8.76 us
Total time: 1386.62 us.
----------------
Vulkan Timings:
CONCAT: 1 x 3.76 us = 3.76 us
CONT: 1 x 3.6 us = 3.6 us
FLASH_ATTN_EXT dst(256,24,1,1),  q(256,1,24,1),  k(256,256,4,1),  v(256,256,4,1),  m(256,1,1,1): 1 x 12.92 us = 12.92 us (486.955 GFLOPS/s)
GET_ROWS: 2 x 4.18 us = 8.36 us
GLU: 1 x 1.8 us = 1.8 us
MUL_MAT f32 m=256 n=24 k=256: 1 x 1.68 us = 1.68 us (1868.8 GFLOPS/s)
MUL_MAT f32 m=64 n=16 k=64: 1 x 3.64 us = 3.64 us (35.7275 GFLOPS/s)
MUL_MAT f32 m=64 n=96 k=64: 1 x 3.56 us = 3.56 us (219.182 GFLOPS/s)
MUL_MAT_ADD MUL_MAT_VEC q6_K m=5120 n=1 k=17408: 1 x 122.72 us = 122.72 us (1452.52 GFLOPS/s)
MUL_MAT_ADD MUL_MAT_VEC q6_K m=5120 n=1 k=6144: 1 x 54.64 us = 54.64 us (1151.34 GFLOPS/s)
MUL_MAT_VEC f32 m=256 n=4 k=256: 1 x 3 us = 3 us (174.421 GFLOPS/s)
MUL_MAT_VEC q6_K m=1024 n=1 k=5120: 2 x 9.16 us = 18.32 us (1144.62 GFLOPS/s)
MUL_MAT_VEC q6_K m=12288 n=1 k=5120: 1 x 85.84 us = 85.84 us (1465.71 GFLOPS/s)
MUL_MAT_VEC q6_K m=17408 n=1 k=5120: 2 x 121.26 us = 242.52 us (1469.9 GFLOPS/s)
MUL_MAT_VEC q6_K m=98304 n=1 k=5120: 1 x 671.94 us = 671.94 us (1497.95 GFLOPS/s)
MUL_MAT_VEC q8_0 m=5120 n=1 k=10240: 1 x 101.88 us = 101.88 us (1029.18 GFLOPS/s)
PAD: 1 x 6.28 us = 6.28 us
RMS_NORM_MUL RMS_NORM(256,24,1,1): 1 x 3.56 us = 3.56 us
RMS_NORM_MUL RMS_NORM(256,4,1,1): 1 x 3.6 us = 3.6 us
RMS_NORM_MUL RMS_NORM(5120,1,1,1): 5 x 3.704 us = 18.52 us
ROPE: 2 x 3.58 us = 7.16 us
SET_ROWS: 2 x 2.62 us = 5.24 us
SIGMOID_MUL SIGMOID: 1 x 1.64 us = 1.64 us
TOP_K K=10 (98304,1,1,1): 1 x 8.56 us = 8.56 us
Total time: 1394.74 us.
----------------
Vulkan Timings:
CONCAT: 1 x 3.72 us = 3.72 us
CONT: 1 x 3.64 us = 3.64 us
FLASH_ATTN_EXT dst(256,24,1,1),  q(256,1,24,1),  k(256,256,4,1),  v(256,256,4,1),  m(256,1,1,1): 1 x 12.84 us = 12.84 us (489.989 GFLOPS/s)
GET_ROWS: 2 x 4.16 us = 8.32 us
GLU: 1 x 1.8 us = 1.8 us
MUL_MAT f32 m=256 n=24 k=256: 1 x 1.64 us = 1.64 us (1914.38 GFLOPS/s)
MUL_MAT f32 m=64 n=16 k=64: 1 x 3.64 us = 3.64 us (35.7275 GFLOPS/s)
MUL_MAT f32 m=64 n=96 k=64: 1 x 3.6 us = 3.6 us (216.747 GFLOPS/s)
MUL_MAT_ADD MUL_MAT_VEC q6_K m=5120 n=1 k=17408: 1 x 123.44 us = 123.44 us (1444.04 GFLOPS/s)
MUL_MAT_ADD MUL_MAT_VEC q6_K m=5120 n=1 k=6144: 1 x 54.88 us = 54.88 us (1146.31 GFLOPS/s)
MUL_MAT_VEC f32 m=256 n=4 k=256: 1 x 3.04 us = 3.04 us (172.126 GFLOPS/s)
MUL_MAT_VEC q6_K m=1024 n=1 k=5120: 2 x 9.06 us = 18.12 us (1157.26 GFLOPS/s)
MUL_MAT_VEC q6_K m=12288 n=1 k=5120: 1 x 86 us = 86 us (1462.99 GFLOPS/s)
MUL_MAT_VEC q6_K m=17408 n=1 k=5120: 2 x 121.52 us = 243.04 us (1466.76 GFLOPS/s)
MUL_MAT_VEC q6_K m=98304 n=1 k=5120: 1 x 669.43 us = 669.43 us (1503.57 GFLOPS/s)
MUL_MAT_VEC q8_0 m=5120 n=1 k=10240: 1 x 101.32 us = 101.32 us (1034.86 GFLOPS/s)
PAD: 1 x 6.36 us = 6.36 us
RMS_NORM_MUL RMS_NORM(256,24,1,1): 1 x 3.64 us = 3.64 us
RMS_NORM_MUL RMS_NORM(256,4,1,1): 1 x 3.56 us = 3.56 us
RMS_NORM_MUL RMS_NORM(5120,1,1,1): 5 x 3.784 us = 18.92 us
ROPE: 2 x 3.58 us = 7.16 us
SET_ROWS: 2 x 2.66 us = 5.32 us
SIGMOID_MUL SIGMOID: 1 x 1.68 us = 1.68 us
TOP_K K=10 (98304,1,1,1): 1 x 8.8 us = 8.8 us
Total time: 1393.91 us.
----------------
Vulkan Timings:
CONCAT: 1 x 3.76 us = 3.76 us
CONT: 1 x 3.68 us = 3.68 us
FLASH_ATTN_EXT dst(256,24,1,1),  q(256,1,24,1),  k(256,256,4,1),  v(256,256,4,1),  m(256,1,1,1): 1 x 12.92 us = 12.92 us (486.955 GFLOPS/s)
GET_ROWS: 2 x 4.18 us = 8.36 us
GLU: 1 x 1.76 us = 1.76 us
MUL_MAT f32 m=256 n=24 k=256: 1 x 1.68 us = 1.68 us (1868.8 GFLOPS/s)
MUL_MAT f32 m=64 n=16 k=64: 1 x 3.6 us = 3.6 us (36.1244 GFLOPS/s)
MUL_MAT f32 m=64 n=96 k=64: 1 x 3.64 us = 3.64 us (214.365 GFLOPS/s)
MUL_MAT_ADD MUL_MAT_VEC q6_K m=5120 n=1 k=17408: 1 x 123.24 us = 123.24 us (1446.39 GFLOPS/s)
MUL_MAT_ADD MUL_MAT_VEC q6_K m=5120 n=1 k=6144: 1 x 54 us = 54 us (1164.99 GFLOPS/s)
MUL_MAT_VEC f32 m=256 n=4 k=256: 1 x 3.04 us = 3.04 us (172.126 GFLOPS/s)
MUL_MAT_VEC q6_K m=1024 n=1 k=5120: 2 x 9.08 us = 18.16 us (1154.71 GFLOPS/s)
MUL_MAT_VEC q6_K m=12288 n=1 k=5120: 1 x 85.8 us = 85.8 us (1466.4 GFLOPS/s)
MUL_MAT_VEC q6_K m=17408 n=1 k=5120: 2 x 121.42 us = 242.84 us (1467.97 GFLOPS/s)
MUL_MAT_VEC q6_K m=98304 n=1 k=5120: 1 x 676.61 us = 676.61 us (1487.61 GFLOPS/s)
MUL_MAT_VEC q8_0 m=5120 n=1 k=10240: 1 x 101.36 us = 101.36 us (1034.46 GFLOPS/s)
PAD: 1 x 6.32 us = 6.32 us
RMS_NORM_MUL RMS_NORM(256,24,1,1): 1 x 3.6 us = 3.6 us
RMS_NORM_MUL RMS_NORM(256,4,1,1): 1 x 3.6 us = 3.6 us
RMS_NORM_MUL RMS_NORM(5120,1,1,1): 5 x 3.728 us = 18.64 us
ROPE: 2 x 3.56 us = 7.12 us
SET_ROWS: 2 x 2.66 us = 5.32 us
SIGMOID_MUL SIGMOID: 1 x 1.68 us = 1.68 us
TOP_K K=10 (98304,1,1,1): 1 x 9.04 us = 9.04 us
Total time: 1399.77 us.
----------------
Vulkan Timings:
ADD: 48 x 3.746 us = 179.84 us
CONCAT: 48 x 2.549 us = 122.36 us
CONT: 16 x 3.84 us = 61.44 us
CPY: 240 x 2.211 us = 530.84 us
FLASH_ATTN_EXT dst(256,24,5,1),  q(256,5,24,1),  k(256,256,4,1),  v(256,256,4,1),  m(256,5,1,1): 16 x 21.105 us = 337.68 us (1490.51 GFLOPS/s)
GDN_CACHE GATED_DELTA_NET: 48 x 13.768 us = 660.88 us
GET_ROWS: 50 x 26.406 us = 1320.32 us
GLU: 64 x 2.847 us = 182.24 us
MUL_MAT f32 m=256 n=120 k=256: 16 x 1.822 us = 29.16 us (8613.4 GFLOPS/s)
MUL_MAT f32 m=256 n=20 k=256: 16 x 3.122 us = 49.96 us (837.893 GFLOPS/s)
MUL_MAT f32 m=64 n=480 k=64: 16 x 3.672 us = 58.76 us (1062.34 GFLOPS/s)
MUL_MAT f32 m=64 n=80 k=64: 16 x 3.392 us = 54.28 us (191.67 GFLOPS/s)
MUL_MAT_ADD MUL_MAT_VEC q6_K m=5120 n=5 k=17408: 64 x 130.631 us = 8360.44 us (6822.71 GFLOPS/s)
MUL_MAT_ADD MUL_MAT_VEC q6_K m=5120 n=5 k=6144: 16 x 55.422 us = 886.76 us (5675.44 GFLOPS/s)
MUL_MAT_VEC f32 m=48 n=5 k=5120: 96 x 3.432 us = 329.52 us (715.91 GFLOPS/s)
MUL_MAT_VEC q6_K m=1024 n=5 k=5120: 32 x 11.062 us = 354 us (4738.86 GFLOPS/s)
MUL_MAT_VEC q6_K m=10240 n=5 k=5120: 48 x 81.862 us = 3929.4 us (6403.87 GFLOPS/s)
MUL_MAT_VEC q6_K m=12288 n=5 k=5120: 16 x 94.817 us = 1517.08 us (6634.68 GFLOPS/s)
MUL_MAT_VEC q6_K m=17408 n=5 k=5120: 128 x 140.453 us = 17978.1 us (6345.17 GFLOPS/s)
MUL_MAT_VEC q6_K m=248320 n=5 k=5120: 1 x 1773.4 us = 1773.4 us (7168.57 GFLOPS/s)
MUL_MAT_VEC q6_K m=6144 n=5 k=5120: 48 x 53.445 us = 2565.36 us (5885.34 GFLOPS/s)
MUL_MAT_VEC q8_0 m=5120 n=5 k=6144: 48 x 63.012 us = 3024.6 us (4991.82 GFLOPS/s)
RMS_NORM_MUL RMS_NORM(256,24,5,1): 16 x 3.73 us = 59.68 us
RMS_NORM_MUL RMS_NORM(256,4,5,1): 16 x 4.327 us = 69.24 us
RMS_NORM_MUL RMS_NORM(5120,5,1,1): 129 x 4.53 us = 584.48 us
RMS_NORM_MUL_SILU_MUL RMS_NORM(128,48,5,1): 48 x 5.644 us = 270.92 us
RMS_NORM_SCALE RMS_NORM(128,16,5,1): 96 x 2.683 us = 257.6 us
ROPE: 32 x 3.87 us = 123.84 us
SET_ROWS: 32 x 2.92 us = 93.44 us
SIGMOID_MUL SIGMOID: 16 x 3.707 us = 59.32 us
SSM_CONV_SILU SSM_CONV: 48 x 5.65 us = 271.2 us
Total time: 46096.1 us.
----------------
Vulkan Timings:
CONCAT: 1 x 2 us = 2 us
CONT: 1 x 3.8 us = 3.8 us
FLASH_ATTN_EXT dst(256,24,5,1),  q(256,5,24,1),  k(256,256,4,1),  v(256,256,4,1),  m(256,5,1,1): 1 x 21.36 us = 21.36 us (1472.72 GFLOPS/s)
GLU: 1 x 1.6 us = 1.6 us
MUL_MAT f32 m=256 n=120 k=256: 1 x 1.8 us = 1.8 us (8721.07 GFLOPS/s)
MUL_MAT f32 m=256 n=20 k=256: 1 x 3.16 us = 3.16 us (827.949 GFLOPS/s)
MUL_MAT f32 m=64 n=480 k=64: 1 x 3.8 us = 3.8 us (1026.69 GFLOPS/s)
MUL_MAT f32 m=64 n=80 k=64: 1 x 3.8 us = 3.8 us (171.116 GFLOPS/s)
MUL_MAT_ADD MUL_MAT_VEC q6_K m=5120 n=5 k=17408: 1 x 154.16 us = 154.16 us (5781.42 GFLOPS/s)
MUL_MAT_ADD MUL_MAT_VEC q6_K m=5120 n=5 k=6144: 1 x 62.12 us = 62.12 us (5063.54 GFLOPS/s)
MUL_MAT_VEC q6_K m=1024 n=5 k=5120: 2 x 9.5 us = 19 us (5518.28 GFLOPS/s)
MUL_MAT_VEC q6_K m=12288 n=5 k=5120: 1 x 122.45 us = 122.45 us (5137.48 GFLOPS/s)
MUL_MAT_VEC q6_K m=17408 n=5 k=5120: 2 x 137.28 us = 274.56 us (6491.86 GFLOPS/s)
MUL_MAT_VEC q8_0 m=5120 n=5 k=10240: 1 x 106.24 us = 106.24 us (4934.7 GFLOPS/s)
RMS_NORM_MUL RMS_NORM(256,24,5,1): 1 x 3.96 us = 3.96 us
RMS_NORM_MUL RMS_NORM(256,4,5,1): 1 x 3.8 us = 3.8 us
RMS_NORM_MUL RMS_NORM(5120,5,1,1): 5 x 8.662 us = 43.31 us
ROPE: 2 x 3.78 us = 7.56 us
SET_ROWS: 2 x 2.78 us = 5.56 us
SIGMOID_MUL SIGMOID: 1 x 1.8 us = 1.8 us
Total time: 845.84 us.
----------------
Vulkan Timings:
CONCAT: 1 x 3.68 us = 3.68 us
CONT: 1 x 3.52 us = 3.52 us
FLASH_ATTN_EXT dst(256,24,1,1),  q(256,1,24,1),  k(256,256,4,1),  v(256,256,4,1),  m(256,1,1,1): 1 x 12.56 us = 12.56 us (500.912 GFLOPS/s)
GET_ROWS: 2 x 4.16 us = 8.32 us
GLU: 1 x 1.6 us = 1.6 us
MUL_MAT f32 m=256 n=24 k=256: 1 x 1.56 us = 1.56 us (2012.55 GFLOPS/s)
MUL_MAT f32 m=64 n=16 k=64: 1 x 1.84 us = 1.84 us (70.6783 GFLOPS/s)
MUL_MAT f32 m=64 n=96 k=64: 1 x 3.2 us = 3.2 us (243.84 GFLOPS/s)
MUL_MAT_ADD MUL_MAT_VEC q6_K m=5120 n=1 k=17408: 1 x 131.16 us = 131.16 us (1359.05 GFLOPS/s)
MUL_MAT_ADD MUL_MAT_VEC q6_K m=5120 n=1 k=6144: 1 x 53.4 us = 53.4 us (1178.08 GFLOPS/s)
MUL_MAT_VEC f32 m=256 n=4 k=256: 1 x 3.04 us = 3.04 us (172.126 GFLOPS/s)
MUL_MAT_VEC q6_K m=1024 n=1 k=5120: 2 x 9.44 us = 18.88 us (1110.67 GFLOPS/s)
MUL_MAT_VEC q6_K m=12288 n=1 k=5120: 1 x 89.64 us = 89.64 us (1403.58 GFLOPS/s)
MUL_MAT_VEC q6_K m=17408 n=1 k=5120: 2 x 118.08 us = 236.16 us (1509.49 GFLOPS/s)
MUL_MAT_VEC q6_K m=98304 n=1 k=5120: 1 x 670.75 us = 670.75 us (1500.61 GFLOPS/s)
MUL_MAT_VEC q8_0 m=5120 n=1 k=10240: 1 x 91.72 us = 91.72 us (1143.18 GFLOPS/s)
PAD: 1 x 6.36 us = 6.36 us
RMS_NORM_MUL RMS_NORM(256,24,1,1): 1 x 3.16 us = 3.16 us
RMS_NORM_MUL RMS_NORM(256,4,1,1): 1 x 4.84 us = 4.84 us
RMS_NORM_MUL RMS_NORM(5120,1,1,1): 5 x 4.384 us = 21.92 us
ROPE: 2 x 3.34 us = 6.68 us
SET_ROWS: 2 x 2.6 us = 5.2 us
SIGMOID_MUL SIGMOID: 1 x 1.56 us = 1.56 us
TOP_K K=10 (98304,1,1,1): 1 x 8.88 us = 8.88 us
Total time: 1389.63 us.
----------------
Vulkan Timings:
CONCAT: 1 x 3.72 us = 3.72 us
CONT: 1 x 3.6 us = 3.6 us
FLASH_ATTN_EXT dst(256,24,1,1),  q(256,1,24,1),  k(256,256,4,1),  v(256,256,4,1),  m(256,1,1,1): 1 x 12.72 us = 12.72 us (494.611 GFLOPS/s)
GET_ROWS: 2 x 4.28 us = 8.56 us
GLU: 1 x 1.72 us = 1.72 us
MUL_MAT f32 m=256 n=24 k=256: 1 x 1.6 us = 1.6 us (1962.24 GFLOPS/s)
MUL_MAT f32 m=64 n=16 k=64: 1 x 3.64 us = 3.64 us (35.7275 GFLOPS/s)
MUL_MAT f32 m=64 n=96 k=64: 1 x 3.64 us = 3.64 us (214.365 GFLOPS/s)
MUL_MAT_ADD MUL_MAT_VEC q6_K m=5120 n=1 k=17408: 1 x 123.32 us = 123.32 us (1445.45 GFLOPS/s)
MUL_MAT_ADD MUL_MAT_VEC q6_K m=5120 n=1 k=6144: 1 x 54.96 us = 54.96 us (1144.64 GFLOPS/s)
MUL_MAT_VEC f32 m=256 n=4 k=256: 1 x 3 us = 3 us (174.421 GFLOPS/s)
MUL_MAT_VEC q6_K m=1024 n=1 k=5120: 2 x 9.1 us = 18.2 us (1152.17 GFLOPS/s)
MUL_MAT_VEC q6_K m=12288 n=1 k=5120: 1 x 85.28 us = 85.28 us (1475.34 GFLOPS/s)
MUL_MAT_VEC q6_K m=17408 n=1 k=5120: 2 x 121.16 us = 242.32 us (1471.12 GFLOPS/s)
MUL_MAT_VEC q6_K m=98304 n=1 k=5120: 1 x 671.71 us = 671.71 us (1498.47 GFLOPS/s)
MUL_MAT_VEC q8_0 m=5120 n=1 k=10240: 1 x 101.28 us = 101.28 us (1035.27 GFLOPS/s)
PAD: 1 x 6.28 us = 6.28 us
RMS_NORM_MUL RMS_NORM(256,24,1,1): 1 x 3.64 us = 3.64 us
RMS_NORM_MUL RMS_NORM(256,4,1,1): 1 x 3.56 us = 3.56 us
RMS_NORM_MUL RMS_NORM(5120,1,1,1): 5 x 3.72 us = 18.6 us
ROPE: 2 x 3.58 us = 7.16 us
SET_ROWS: 2 x 2.66 us = 5.32 us
SIGMOID_MUL SIGMOID: 1 x 1.96 us = 1.96 us
TOP_K K=10 (98304,1,1,1): 1 x 9 us = 9 us
Total time: 1394.79 us.
----------------
Vulkan Timings:
CONCAT: 1 x 3.8 us = 3.8 us
CONT: 1 x 3.6 us = 3.6 us
FLASH_ATTN_EXT dst(256,24,1,1),  q(256,1,24,1),  k(256,256,4,1),  v(256,256,4,1),  m(256,1,1,1): 1 x 12.84 us = 12.84 us (489.989 GFLOPS/s)
GET_ROWS: 2 x 4.32 us = 8.64 us
GLU: 1 x 1.76 us = 1.76 us
MUL_MAT f32 m=256 n=24 k=256: 1 x 1.64 us = 1.64 us (1914.38 GFLOPS/s)
MUL_MAT f32 m=64 n=16 k=64: 1 x 3.64 us = 3.64 us (35.7275 GFLOPS/s)
MUL_MAT f32 m=64 n=96 k=64: 1 x 3.64 us = 3.64 us (214.365 GFLOPS/s)
MUL_MAT_ADD MUL_MAT_VEC q6_K m=5120 n=1 k=17408: 1 x 123.84 us = 123.84 us (1439.38 GFLOPS/s)
MUL_MAT_ADD MUL_MAT_VEC q6_K m=5120 n=1 k=6144: 1 x 54 us = 54 us (1164.99 GFLOPS/s)
MUL_MAT_VEC f32 m=256 n=4 k=256: 1 x 3.04 us = 3.04 us (172.126 GFLOPS/s)
MUL_MAT_VEC q6_K m=1024 n=1 k=5120: 2 x 6 us = 12 us (1747.46 GFLOPS/s)
MUL_MAT_VEC q6_K m=12288 n=1 k=5120: 1 x 93 us = 93 us (1352.87 GFLOPS/s)
MUL_MAT_VEC q6_K m=17408 n=1 k=5120: 2 x 121.12 us = 242.24 us (1471.6 GFLOPS/s)
MUL_MAT_VEC q6_K m=98304 n=1 k=5120: 1 x 667.92 us = 667.92 us (1506.97 GFLOPS/s)
MUL_MAT_VEC q8_0 m=5120 n=1 k=10240: 1 x 101.48 us = 101.48 us (1033.23 GFLOPS/s)
PAD: 1 x 6.32 us = 6.32 us
RMS_NORM_MUL RMS_NORM(256,24,1,1): 1 x 3.6 us = 3.6 us
RMS_NORM_MUL RMS_NORM(256,4,1,1): 1 x 3.56 us = 3.56 us
RMS_NORM_MUL RMS_NORM(5120,1,1,1): 5 x 3.728 us = 18.64 us
ROPE: 2 x 3.58 us = 7.16 us
SET_ROWS: 2 x 2.68 us = 5.36 us
SIGMOID_MUL SIGMOID: 1 x 1.68 us = 1.68 us
TOP_K K=10 (98304,1,1,1): 1 x 8.56 us = 8.56 us
Total time: 1391.96 us.
----------------
Vulkan Timings:
CONCAT: 1 x 3.8 us = 3.8 us
CONT: 1 x 3.64 us = 3.64 us
FLASH_ATTN_EXT dst(256,24,1,1),  q(256,1,24,1),  k(256,256,4,1),  v(256,256,4,1),  m(256,1,1,1): 1 x 12.96 us = 12.96 us (485.452 GFLOPS/s)
GET_ROWS: 2 x 4.2 us = 8.4 us
GLU: 1 x 1.8 us = 1.8 us
MUL_MAT f32 m=256 n=24 k=256: 1 x 1.68 us = 1.68 us (1868.8 GFLOPS/s)
MUL_MAT f32 m=64 n=16 k=64: 1 x 3.64 us = 3.64 us (35.7275 GFLOPS/s)
MUL_MAT f32 m=64 n=96 k=64: 1 x 3.6 us = 3.6 us (216.747 GFLOPS/s)
MUL_MAT_ADD MUL_MAT_VEC q6_K m=5120 n=1 k=17408: 1 x 123.8 us = 123.8 us (1439.84 GFLOPS/s)
MUL_MAT_ADD MUL_MAT_VEC q6_K m=5120 n=1 k=6144: 1 x 53.64 us = 53.64 us (1172.81 GFLOPS/s)
MUL_MAT_VEC f32 m=256 n=4 k=256: 1 x 3 us = 3 us (174.421 GFLOPS/s)
MUL_MAT_VEC q6_K m=1024 n=1 k=5120: 2 x 9.04 us = 18.08 us (1159.82 GFLOPS/s)
MUL_MAT_VEC q6_K m=12288 n=1 k=5120: 1 x 85.48 us = 85.48 us (1471.89 GFLOPS/s)
MUL_MAT_VEC q6_K m=17408 n=1 k=5120: 2 x 121.22 us = 242.44 us (1470.39 GFLOPS/s)
MUL_MAT_VEC q6_K m=98304 n=1 k=5120: 1 x 672.08 us = 672.08 us (1497.64 GFLOPS/s)
MUL_MAT_VEC q8_0 m=5120 n=1 k=10240: 1 x 101.32 us = 101.32 us (1034.86 GFLOPS/s)
PAD: 1 x 6.32 us = 6.32 us
RMS_NORM_MUL RMS_NORM(256,24,1,1): 1 x 3.64 us = 3.64 us
RMS_NORM_MUL RMS_NORM(256,4,1,1): 1 x 3.6 us = 3.6 us
RMS_NORM_MUL RMS_NORM(5120,1,1,1): 5 x 3.672 us = 18.36 us
ROPE: 2 x 3.64 us = 7.28 us
SET_ROWS: 2 x 2.66 us = 5.32 us
SIGMOID_MUL SIGMOID: 1 x 1.64 us = 1.64 us
TOP_K K=10 (98304,1,1,1): 1 x 8.6 us = 8.6 us
Total time: 1394.12 us.
----------------
Vulkan Timings:
ADD: 48 x 3.783 us = 181.6 us
CONCAT: 48 x 2.422 us = 116.28 us
CONT: 16 x 3.872 us = 61.96 us
CPY: 240 x 2.252 us = 540.68 us
FLASH_ATTN_EXT dst(256,24,5,1),  q(256,5,24,1),  k(256,256,4,1),  v(256,256,4,1),  m(256,5,1,1): 16 x 21.415 us = 342.64 us (1468.94 GFLOPS/s)
GDN_CACHE GATED_DELTA_NET: 48 x 13.919 us = 668.12 us
GET_ROWS: 50 x 26.64 us = 1332.04 us
GLU: 64 x 2.876 us = 184.08 us
MUL_MAT f32 m=256 n=120 k=256: 16 x 1.842 us = 29.48 us (8519.9 GFLOPS/s)
MUL_MAT f32 m=256 n=20 k=256: 16 x 3.14 us = 50.24 us (833.223 GFLOPS/s)
MUL_MAT f32 m=64 n=480 k=64: 16 x 3.67 us = 58.72 us (1063.06 GFLOPS/s)
MUL_MAT f32 m=64 n=80 k=64: 16 x 3.325 us = 53.2 us (195.561 GFLOPS/s)
MUL_MAT_ADD MUL_MAT_VEC q6_K m=5120 n=5 k=17408: 64 x 130.78 us = 8369.96 us (6814.95 GFLOPS/s)
MUL_MAT_ADD MUL_MAT_VEC q6_K m=5120 n=5 k=6144: 16 x 55.16 us = 882.56 us (5702.45 GFLOPS/s)
MUL_MAT_VEC f32 m=48 n=5 k=5120: 96 x 3.517 us = 337.72 us (698.527 GFLOPS/s)
MUL_MAT_VEC q6_K m=1024 n=5 k=5120: 32 x 10.561 us = 337.96 us (4963.78 GFLOPS/s)
MUL_MAT_VEC q6_K m=10240 n=5 k=5120: 48 x 81.989 us = 3935.48 us (6393.98 GFLOPS/s)
MUL_MAT_VEC q6_K m=12288 n=5 k=5120: 16 x 96.162 us = 1538.6 us (6541.89 GFLOPS/s)
MUL_MAT_VEC q6_K m=17408 n=5 k=5120: 128 x 141.141 us = 18066.1 us (6314.26 GFLOPS/s)
MUL_MAT_VEC q6_K m=248320 n=5 k=5120: 1 x 1787.64 us = 1787.64 us (7111.47 GFLOPS/s)
MUL_MAT_VEC q6_K m=6144 n=5 k=5120: 48 x 53.746 us = 2579.84 us (5852.31 GFLOPS/s)
MUL_MAT_VEC q8_0 m=5120 n=5 k=6144: 48 x 63.185 us = 3032.88 us (4978.19 GFLOPS/s)
RMS_NORM_MUL RMS_NORM(256,24,5,1): 16 x 3.762 us = 60.2 us
RMS_NORM_MUL RMS_NORM(256,4,5,1): 16 x 4.465 us = 71.44 us
RMS_NORM_MUL RMS_NORM(5120,5,1,1): 129 x 4.544 us = 586.28 us
RMS_NORM_MUL_SILU_MUL RMS_NORM(128,48,5,1): 48 x 5.703 us = 273.76 us
RMS_NORM_SCALE RMS_NORM(128,16,5,1): 96 x 2.667 us = 256.12 us
ROPE: 32 x 3.893 us = 124.6 us
SET_ROWS: 32 x 2.877 us = 92.08 us
SIGMOID_MUL SIGMOID: 16 x 3.717 us = 59.48 us
SSM_CONV_SILU SSM_CONV: 48 x 5.658 us = 271.6 us
Total time: 46283.3 us.
----------------
Vulkan Timings:
CONCAT: 1 x 1.92 us = 1.92 us
CONT: 1 x 3.76 us = 3.76 us
FLASH_ATTN_EXT dst(256,24,5,1),  q(256,5,24,1),  k(256,256,4,1),  v(256,256,4,1),  m(256,5,1,1): 1 x 21.08 us = 21.08 us (1492.28 GFLOPS/s)
GLU: 1 x 1.56 us = 1.56 us
MUL_MAT f32 m=256 n=120 k=256: 1 x 1.68 us = 1.68 us (9344 GFLOPS/s)
MUL_MAT f32 m=256 n=20 k=256: 1 x 3.16 us = 3.16 us (827.949 GFLOPS/s)
MUL_MAT f32 m=64 n=480 k=64: 1 x 3.8 us = 3.8 us (1026.69 GFLOPS/s)
MUL_MAT f32 m=64 n=80 k=64: 1 x 3.68 us = 3.68 us (176.696 GFLOPS/s)
MUL_MAT_ADD MUL_MAT_VEC q6_K m=5120 n=5 k=17408: 1 x 155.08 us = 155.08 us (5747.12 GFLOPS/s)
MUL_MAT_ADD MUL_MAT_VEC q6_K m=5120 n=5 k=6144: 1 x 61.92 us = 61.92 us (5079.9 GFLOPS/s)
MUL_MAT_VEC q6_K m=1024 n=5 k=5120: 2 x 9.36 us = 18.72 us (5600.82 GFLOPS/s)
MUL_MAT_VEC q6_K m=12288 n=5 k=5120: 1 x 122.63 us = 122.63 us (5129.94 GFLOPS/s)
MUL_MAT_VEC q6_K m=17408 n=5 k=5120: 2 x 137.22 us = 274.44 us (6494.7 GFLOPS/s)
MUL_MAT_VEC q8_0 m=5120 n=5 k=10240: 1 x 106.36 us = 106.36 us (4929.13 GFLOPS/s)
RMS_NORM_MUL RMS_NORM(256,24,5,1): 1 x 3.88 us = 3.88 us
RMS_NORM_MUL RMS_NORM(256,4,5,1): 1 x 3.68 us = 3.68 us
RMS_NORM_MUL RMS_NORM(5120,5,1,1): 5 x 8.564 us = 42.82 us
ROPE: 2 x 3.76 us = 7.52 us
SET_ROWS: 2 x 2.74 us = 5.48 us
SIGMOID_MUL SIGMOID: 1 x 1.8 us = 1.8 us
Total time: 844.97 us.
----------------
Vulkan Timings:
CONCAT: 1 x 3.88 us = 3.88 us
CONT: 1 x 3.52 us = 3.52 us
FLASH_ATTN_EXT dst(256,24,1,1),  q(256,1,24,1),  k(256,256,4,1),  v(256,256,4,1),  m(256,1,1,1): 1 x 12.6 us = 12.6 us (499.322 GFLOPS/s)
GET_ROWS: 2 x 4.3 us = 8.6 us
GLU: 1 x 1.64 us = 1.64 us
MUL_MAT f32 m=256 n=24 k=256: 1 x 1.52 us = 1.52 us (2065.52 GFLOPS/s)
MUL_MAT f32 m=64 n=16 k=64: 1 x 1.84 us = 1.84 us (70.6783 GFLOPS/s)
MUL_MAT f32 m=64 n=96 k=64: 1 x 3.2 us = 3.2 us (243.84 GFLOPS/s)
MUL_MAT_ADD MUL_MAT_VEC q6_K m=5120 n=1 k=17408: 1 x 129.56 us = 129.56 us (1375.83 GFLOPS/s)
MUL_MAT_ADD MUL_MAT_VEC q6_K m=5120 n=1 k=6144: 1 x 54.48 us = 54.48 us (1154.73 GFLOPS/s)
MUL_MAT_VEC f32 m=256 n=4 k=256: 1 x 3 us = 3 us (174.421 GFLOPS/s)
MUL_MAT_VEC q6_K m=1024 n=1 k=5120: 2 x 9.38 us = 18.76 us (1117.78 GFLOPS/s)
MUL_MAT_VEC q6_K m=12288 n=1 k=5120: 1 x 89.84 us = 89.84 us (1400.45 GFLOPS/s)
MUL_MAT_VEC q6_K m=17408 n=1 k=5120: 2 x 117.96 us = 235.92 us (1511.03 GFLOPS/s)
MUL_MAT_VEC q6_K m=98304 n=1 k=5120: 1 x 670.75 us = 670.75 us (1500.61 GFLOPS/s)
MUL_MAT_VEC q8_0 m=5120 n=1 k=10240: 1 x 91.48 us = 91.48 us (1146.18 GFLOPS/s)
PAD: 1 x 6.36 us = 6.36 us
RMS_NORM_MUL RMS_NORM(256,24,1,1): 1 x 3.2 us = 3.2 us
RMS_NORM_MUL RMS_NORM(256,4,1,1): 1 x 4.8 us = 4.8 us
RMS_NORM_MUL RMS_NORM(5120,1,1,1): 5 x 4.376 us = 21.88 us
ROPE: 2 x 3.32 us = 6.64 us
SET_ROWS: 2 x 2.6 us = 5.2 us
SIGMOID_MUL SIGMOID: 1 x 1.8 us = 1.8 us
TOP_K K=10 (98304,1,1,1): 1 x 9.04 us = 9.04 us
Total time: 1389.51 us.
----------------
Vulkan Timings:
CONCAT: 1 x 3.8 us = 3.8 us
CONT: 1 x 3.68 us = 3.68 us
FLASH_ATTN_EXT dst(256,24,1,1),  q(256,1,24,1),  k(256,256,4,1),  v(256,256,4,1),  m(256,1,1,1): 1 x 12.92 us = 12.92 us (486.955 GFLOPS/s)
GET_ROWS: 2 x 4.18 us = 8.36 us
GLU: 1 x 1.84 us = 1.84 us
MUL_MAT f32 m=256 n=24 k=256: 1 x 1.68 us = 1.68 us (1868.8 GFLOPS/s)
MUL_MAT f32 m=64 n=16 k=64: 1 x 3.6 us = 3.6 us (36.1244 GFLOPS/s)
MUL_MAT f32 m=64 n=96 k=64: 1 x 3.64 us = 3.64 us (214.365 GFLOPS/s)
MUL_MAT_ADD MUL_MAT_VEC q6_K m=5120 n=1 k=17408: 1 x 123.64 us = 123.64 us (1441.71 GFLOPS/s)
MUL_MAT_ADD MUL_MAT_VEC q6_K m=5120 n=1 k=6144: 1 x 55.04 us = 55.04 us (1142.98 GFLOPS/s)
MUL_MAT_VEC f32 m=256 n=4 k=256: 1 x 3.04 us = 3.04 us (172.126 GFLOPS/s)
MUL_MAT_VEC q6_K m=1024 n=1 k=5120: 2 x 9.1 us = 18.2 us (1152.17 GFLOPS/s)
MUL_MAT_VEC q6_K m=12288 n=1 k=5120: 1 x 85.76 us = 85.76 us (1467.08 GFLOPS/s)
MUL_MAT_VEC q6_K m=17408 n=1 k=5120: 2 x 121.4 us = 242.8 us (1468.21 GFLOPS/s)
MUL_MAT_VEC q6_K m=98304 n=1 k=5120: 1 x 670.26 us = 670.26 us (1501.71 GFLOPS/s)
MUL_MAT_VEC q8_0 m=5120 n=1 k=10240: 1 x 101.56 us = 101.56 us (1032.42 GFLOPS/s)
PAD: 1 x 6.36 us = 6.36 us
RMS_NORM_MUL RMS_NORM(256,24,1,1): 1 x 3.6 us = 3.6 us
RMS_NORM_MUL RMS_NORM(256,4,1,1): 1 x 3.6 us = 3.6 us
RMS_NORM_MUL RMS_NORM(5120,1,1,1): 5 x 3.712 us = 18.56 us
ROPE: 2 x 3.58 us = 7.16 us
SET_ROWS: 2 x 2.66 us = 5.32 us
SIGMOID_MUL SIGMOID: 1 x 1.68 us = 1.68 us
TOP_K K=10 (98304,1,1,1): 1 x 9.12 us = 9.12 us
Total time: 1395.22 us.
----------------
Vulkan Timings:
CONCAT: 1 x 3.8 us = 3.8 us
CONT: 1 x 3.56 us = 3.56 us
FLASH_ATTN_EXT dst(256,24,1,1),  q(256,1,24,1),  k(256,256,4,1),  v(256,256,4,1),  m(256,1,1,1): 1 x 13.04 us = 13.04 us (482.474 GFLOPS/s)
GET_ROWS: 2 x 4.4 us = 8.8 us
GLU: 1 x 1.92 us = 1.92 us
MUL_MAT f32 m=256 n=24 k=256: 1 x 1.68 us = 1.68 us (1868.8 GFLOPS/s)
MUL_MAT f32 m=64 n=16 k=64: 1 x 3.6 us = 3.6 us (36.1244 GFLOPS/s)
MUL_MAT f32 m=64 n=96 k=64: 1 x 3.6 us = 3.6 us (216.747 GFLOPS/s)
MUL_MAT_ADD MUL_MAT_VEC q6_K m=5120 n=1 k=17408: 1 x 123.08 us = 123.08 us (1448.27 GFLOPS/s)
MUL_MAT_ADD MUL_MAT_VEC q6_K m=5120 n=1 k=6144: 1 x 54 us = 54 us (1164.99 GFLOPS/s)
MUL_MAT_VEC f32 m=256 n=4 k=256: 1 x 3.04 us = 3.04 us (172.126 GFLOPS/s)
MUL_MAT_VEC q6_K m=1024 n=1 k=5120: 2 x 9.22 us = 18.44 us (1137.17 GFLOPS/s)
MUL_MAT_VEC q6_K m=12288 n=1 k=5120: 1 x 86.32 us = 86.32 us (1457.56 GFLOPS/s)
MUL_MAT_VEC q6_K m=17408 n=1 k=5120: 2 x 121.2 us = 242.4 us (1470.63 GFLOPS/s)
MUL_MAT_VEC q6_K m=98304 n=1 k=5120: 1 x 671.21 us = 671.21 us (1499.58 GFLOPS/s)
MUL_MAT_VEC q8_0 m=5120 n=1 k=10240: 1 x 101 us = 101 us (1038.14 GFLOPS/s)
PAD: 1 x 7.08 us = 7.08 us
RMS_NORM_MUL RMS_NORM(256,24,1,1): 1 x 3.64 us = 3.64 us
RMS_NORM_MUL RMS_NORM(256,4,1,1): 1 x 3.64 us = 3.64 us
RMS_NORM_MUL RMS_NORM(5120,1,1,1): 5 x 3.712 us = 18.56 us
ROPE: 2 x 3.58 us = 7.16 us
SET_ROWS: 2 x 2.64 us = 5.28 us
SIGMOID_MUL SIGMOID: 1 x 1.68 us = 1.68 us
TOP_K K=10 (98304,1,1,1): 1 x 8.88 us = 8.88 us
Total time: 1395.41 us.
----------------
Vulkan Timings:
CONCAT: 1 x 3.72 us = 3.72 us
CONT: 1 x 3.64 us = 3.64 us
FLASH_ATTN_EXT dst(256,24,1,1),  q(256,1,24,1),  k(256,256,4,1),  v(256,256,4,1),  m(256,1,1,1): 1 x 12.72 us = 12.72 us (494.611 GFLOPS/s)
GET_ROWS: 2 x 4.16 us = 8.32 us
GLU: 1 x 1.8 us = 1.8 us
MUL_MAT f32 m=256 n=24 k=256: 1 x 1.64 us = 1.64 us (1914.38 GFLOPS/s)
MUL_MAT f32 m=64 n=16 k=64: 1 x 3.6 us = 3.6 us (36.1244 GFLOPS/s)
MUL_MAT f32 m=64 n=96 k=64: 1 x 3.6 us = 3.6 us (216.747 GFLOPS/s)
MUL_MAT_ADD MUL_MAT_VEC q6_K m=5120 n=1 k=17408: 1 x 125 us = 125 us (1426.02 GFLOPS/s)
MUL_MAT_ADD MUL_MAT_VEC q6_K m=5120 n=1 k=6144: 1 x 54.52 us = 54.52 us (1153.88 GFLOPS/s)
MUL_MAT_VEC f32 m=256 n=4 k=256: 1 x 3.04 us = 3.04 us (172.126 GFLOPS/s)
MUL_MAT_VEC q6_K m=1024 n=1 k=5120: 2 x 9.08 us = 18.16 us (1154.71 GFLOPS/s)
MUL_MAT_VEC q6_K m=12288 n=1 k=5120: 1 x 86 us = 86 us (1462.99 GFLOPS/s)
MUL_MAT_VEC q6_K m=17408 n=1 k=5120: 2 x 121.28 us = 242.56 us (1469.66 GFLOPS/s)
MUL_MAT_VEC q6_K m=98304 n=1 k=5120: 1 x 670.66 us = 670.66 us (1500.81 GFLOPS/s)
MUL_MAT_VEC q8_0 m=5120 n=1 k=10240: 1 x 101.64 us = 101.64 us (1031.61 GFLOPS/s)
PAD: 1 x 6.28 us = 6.28 us
RMS_NORM_MUL RMS_NORM(256,24,1,1): 1 x 3.64 us = 3.64 us
RMS_NORM_MUL RMS_NORM(256,4,1,1): 1 x 3.6 us = 3.6 us
RMS_NORM_MUL RMS_NORM(5120,1,1,1): 5 x 3.72 us = 18.6 us
ROPE: 2 x 3.56 us = 7.12 us
SET_ROWS: 2 x 2.66 us = 5.32 us
SIGMOID_MUL SIGMOID: 1 x 1.72 us = 1.72 us
TOP_K K=10 (98304,1,1,1): 1 x 8.8 us = 8.8 us
Total time: 1395.7 us.
----------------
Vulkan Timings:
ADD: 48 x 3.745 us = 179.8 us
CONCAT: 48 x 2.435 us = 116.88 us
CONT: 16 x 3.827 us = 61.24 us
CPY: 240 x 2.23 us = 535.36 us
FLASH_ATTN_EXT dst(256,24,5,1),  q(256,5,24,1),  k(256,256,4,1),  v(256,256,4,1),  m(256,5,1,1): 16 x 20.952 us = 335.24 us (1501.36 GFLOPS/s)
GDN_CACHE GATED_DELTA_NET: 48 x 13.851 us = 664.88 us
GET_ROWS: 50 x 26 us = 1300 us
GLU: 64 x 2.97 us = 190.12 us
MUL_MAT f32 m=256 n=120 k=256: 16 x 1.815 us = 29.04 us (8648.99 GFLOPS/s)
MUL_MAT f32 m=256 n=20 k=256: 16 x 3.115 us = 49.84 us (839.91 GFLOPS/s)
MUL_MAT f32 m=64 n=480 k=64: 16 x 3.64 us = 58.24 us (1071.82 GFLOPS/s)
MUL_MAT f32 m=64 n=80 k=64: 16 x 3.287 us = 52.6 us (197.792 GFLOPS/s)
MUL_MAT_ADD MUL_MAT_VEC q6_K m=5120 n=5 k=17408: 64 x 130.456 us = 8349.2 us (6831.9 GFLOPS/s)
MUL_MAT_ADD MUL_MAT_VEC q6_K m=5120 n=5 k=6144: 16 x 55.24 us = 883.84 us (5694.19 GFLOPS/s)
MUL_MAT_VEC f32 m=48 n=5 k=5120: 96 x 3.432 us = 329.52 us (715.91 GFLOPS/s)
MUL_MAT_VEC q6_K m=1024 n=5 k=5120: 32 x 11.04 us = 353.28 us (4748.52 GFLOPS/s)
MUL_MAT_VEC q6_K m=10240 n=5 k=5120: 48 x 81.846 us = 3928.64 us (6405.11 GFLOPS/s)
MUL_MAT_VEC q6_K m=12288 n=5 k=5120: 16 x 94.777 us = 1516.44 us (6637.48 GFLOPS/s)
MUL_MAT_VEC q6_K m=17408 n=5 k=5120: 128 x 140.649 us = 18003.2 us (6336.33 GFLOPS/s)
MUL_MAT_VEC q6_K m=248320 n=5 k=5120: 1 x 1773.84 us = 1773.84 us (7166.79 GFLOPS/s)
MUL_MAT_VEC q6_K m=6144 n=5 k=5120: 48 x 53.472 us = 2566.68 us (5882.31 GFLOPS/s)
MUL_MAT_VEC q8_0 m=5120 n=5 k=6144: 48 x 62.973 us = 3022.72 us (4994.93 GFLOPS/s)
RMS_NORM_MUL RMS_NORM(256,24,5,1): 16 x 3.732 us = 59.72 us
RMS_NORM_MUL RMS_NORM(256,4,5,1): 16 x 4.405 us = 70.48 us
RMS_NORM_MUL RMS_NORM(5120,5,1,1): 129 x 4.533 us = 584.88 us
RMS_NORM_MUL_SILU_MUL RMS_NORM(128,48,5,1): 48 x 5.652 us = 271.32 us
RMS_NORM_SCALE RMS_NORM(128,16,5,1): 96 x 2.656 us = 255 us
ROPE: 32 x 3.862 us = 123.6 us
SET_ROWS: 32 x 2.966 us = 94.92 us
SIGMOID_MUL SIGMOID: 16 x 3.692 us = 59.08 us
SSM_CONV_SILU SSM_CONV: 48 x 5.805 us = 278.64 us
Total time: 46098.2 us.
----------------
Vulkan Timings:
CONCAT: 1 x 1.92 us = 1.92 us
CONT: 1 x 3.72 us = 3.72 us
FLASH_ATTN_EXT dst(256,24,5,1),  q(256,5,24,1),  k(256,256,4,1),  v(256,256,4,1),  m(256,5,1,1): 1 x 20.8 us = 20.8 us (1512.37 GFLOPS/s)
GLU: 1 x 1.56 us = 1.56 us
MUL_MAT f32 m=256 n=120 k=256: 1 x 1.72 us = 1.72 us (9126.7 GFLOPS/s)
MUL_MAT f32 m=256 n=20 k=256: 1 x 3.04 us = 3.04 us (860.632 GFLOPS/s)
MUL_MAT f32 m=64 n=480 k=64: 1 x 3.68 us = 3.68 us (1060.17 GFLOPS/s)
MUL_MAT f32 m=64 n=80 k=64: 1 x 3.64 us = 3.64 us (178.637 GFLOPS/s)
MUL_MAT_ADD MUL_MAT_VEC q6_K m=5120 n=5 k=17408: 1 x 156.28 us = 156.28 us (5702.99 GFLOPS/s)
MUL_MAT_ADD MUL_MAT_VEC q6_K m=5120 n=5 k=6144: 1 x 61.08 us = 61.08 us (5149.76 GFLOPS/s)
MUL_MAT_VEC q6_K m=1024 n=5 k=5120: 2 x 8.96 us = 17.92 us (5850.86 GFLOPS/s)
MUL_MAT_VEC q6_K m=12288 n=5 k=5120: 1 x 120.89 us = 120.89 us (5203.77 GFLOPS/s)
MUL_MAT_VEC q6_K m=17408 n=5 k=5120: 2 x 135.7 us = 271.4 us (6567.45 GFLOPS/s)
MUL_MAT_VEC q8_0 m=5120 n=5 k=10240: 1 x 106.16 us = 106.16 us (4938.42 GFLOPS/s)
RMS_NORM_MUL RMS_NORM(256,24,5,1): 1 x 3.76 us = 3.76 us
RMS_NORM_MUL RMS_NORM(256,4,5,1): 1 x 3.64 us = 3.64 us
RMS_NORM_MUL RMS_NORM(5120,5,1,1): 5 x 8.668 us = 43.34 us
ROPE: 2 x 3.66 us = 7.32 us
SET_ROWS: 2 x 2.7 us = 5.4 us
SIGMOID_MUL SIGMOID: 1 x 1.72 us = 1.72 us
Total time: 838.99 us.
----------------
Vulkan Timings:
CONCAT: 1 x 3.68 us = 3.68 us
CONT: 1 x 3.52 us = 3.52 us
FLASH_ATTN_EXT dst(256,24,1,1),  q(256,1,24,1),  k(256,256,4,1),  v(256,256,4,1),  m(256,1,1,1): 1 x 12.52 us = 12.52 us (502.512 GFLOPS/s)
GET_ROWS: 2 x 4.3 us = 8.6 us
GLU: 1 x 1.56 us = 1.56 us
MUL_MAT f32 m=256 n=24 k=256: 1 x 1.56 us = 1.56 us (2012.55 GFLOPS/s)
MUL_MAT f32 m=64 n=16 k=64: 1 x 1.8 us = 1.8 us (72.2489 GFLOPS/s)
MUL_MAT f32 m=64 n=96 k=64: 1 x 3.2 us = 3.2 us (243.84 GFLOPS/s)
MUL_MAT_ADD MUL_MAT_VEC q6_K m=5120 n=1 k=17408: 1 x 130.12 us = 130.12 us (1369.91 GFLOPS/s)
MUL_MAT_ADD MUL_MAT_VEC q6_K m=5120 n=1 k=6144: 1 x 54.12 us = 54.12 us (1162.41 GFLOPS/s)
MUL_MAT_VEC f32 m=256 n=4 k=256: 1 x 3 us = 3 us (174.421 GFLOPS/s)
MUL_MAT_VEC q6_K m=1024 n=1 k=5120: 2 x 9.32 us = 18.64 us (1124.97 GFLOPS/s)
MUL_MAT_VEC q6_K m=12288 n=1 k=5120: 1 x 90.44 us = 90.44 us (1391.16 GFLOPS/s)
MUL_MAT_VEC q6_K m=17408 n=1 k=5120: 2 x 118.46 us = 236.92 us (1504.65 GFLOPS/s)
MUL_MAT_VEC q6_K m=98304 n=1 k=5120: 1 x 669.48 us = 669.48 us (1503.46 GFLOPS/s)
MUL_MAT_VEC q8_0 m=5120 n=1 k=10240: 1 x 93.84 us = 93.84 us (1117.35 GFLOPS/s)
PAD: 1 x 6.32 us = 6.32 us
RMS_NORM_MUL RMS_NORM(256,24,1,1): 1 x 3.16 us = 3.16 us
RMS_NORM_MUL RMS_NORM(256,4,1,1): 1 x 4.84 us = 4.84 us
RMS_NORM_MUL RMS_NORM(5120,1,1,1): 5 x 4.088 us = 20.44 us
ROPE: 2 x 3.3 us = 6.6 us
SET_ROWS: 2 x 2.6 us = 5.2 us
SIGMOID_MUL SIGMOID: 1 x 1.56 us = 1.56 us
TOP_K K=10 (98304,1,1,1): 1 x 8.72 us = 8.72 us
Total time: 1389.84 us.
----------------
Vulkan Timings:
CONCAT: 1 x 3.72 us = 3.72 us
CONT: 1 x 3.6 us = 3.6 us
FLASH_ATTN_EXT dst(256,24,1,1),  q(256,1,24,1),  k(256,256,4,1),  v(256,256,4,1),  m(256,1,1,1): 1 x 12.96 us = 12.96 us (485.452 GFLOPS/s)
GET_ROWS: 2 x 6.04 us = 12.08 us
GLU: 1 x 1.84 us = 1.84 us
MUL_MAT f32 m=256 n=24 k=256: 1 x 1.68 us = 1.68 us (1868.8 GFLOPS/s)
MUL_MAT f32 m=64 n=16 k=64: 1 x 3.64 us = 3.64 us (35.7275 GFLOPS/s)
MUL_MAT f32 m=64 n=96 k=64: 1 x 3.6 us = 3.6 us (216.747 GFLOPS/s)
MUL_MAT_ADD MUL_MAT_VEC q6_K m=5120 n=1 k=17408: 1 x 122.8 us = 122.8 us (1451.57 GFLOPS/s)
MUL_MAT_ADD MUL_MAT_VEC q6_K m=5120 n=1 k=6144: 1 x 53.88 us = 53.88 us (1167.58 GFLOPS/s)
MUL_MAT_VEC f32 m=256 n=4 k=256: 1 x 3.04 us = 3.04 us (172.126 GFLOPS/s)
MUL_MAT_VEC q6_K m=1024 n=1 k=5120: 2 x 9.1 us = 18.2 us (1152.17 GFLOPS/s)
MUL_MAT_VEC q6_K m=12288 n=1 k=5120: 1 x 86.16 us = 86.16 us (1460.27 GFLOPS/s)
MUL_MAT_VEC q6_K m=17408 n=1 k=5120: 2 x 121.16 us = 242.32 us (1471.12 GFLOPS/s)
MUL_MAT_VEC q6_K m=98304 n=1 k=5120: 1 x 671.29 us = 671.29 us (1499.4 GFLOPS/s)
MUL_MAT_VEC q8_0 m=5120 n=1 k=10240: 1 x 101.04 us = 101.04 us (1037.73 GFLOPS/s)
PAD: 1 x 5 us = 5 us
RMS_NORM_MUL RMS_NORM(256,24,1,1): 1 x 3.64 us = 3.64 us
RMS_NORM_MUL RMS_NORM(256,4,1,1): 1 x 3.6 us = 3.6 us
RMS_NORM_MUL RMS_NORM(5120,1,1,1): 5 x 3.72 us = 18.6 us
ROPE: 2 x 3.6 us = 7.2 us
SET_ROWS: 2 x 2.64 us = 5.28 us
SIGMOID_MUL SIGMOID: 1 x 1.68 us = 1.68 us
TOP_K K=10 (98304,1,1,1): 1 x 9.08 us = 9.08 us
Total time: 1395.93 us.
----------------
Vulkan Timings:
CONCAT: 1 x 3.76 us = 3.76 us
CONT: 1 x 3.64 us = 3.64 us
FLASH_ATTN_EXT dst(256,24,1,1),  q(256,1,24,1),  k(256,256,4,1),  v(256,256,4,1),  m(256,1,1,1): 1 x 12.96 us = 12.96 us (485.452 GFLOPS/s)
GET_ROWS: 2 x 5.32 us = 10.64 us
GLU: 1 x 1.76 us = 1.76 us
MUL_MAT f32 m=256 n=24 k=256: 1 x 1.6 us = 1.6 us (1962.24 GFLOPS/s)
MUL_MAT f32 m=64 n=16 k=64: 1 x 3.6 us = 3.6 us (36.1244 GFLOPS/s)
MUL_MAT f32 m=64 n=96 k=64: 1 x 3.64 us = 3.64 us (214.365 GFLOPS/s)
MUL_MAT_ADD MUL_MAT_VEC q6_K m=5120 n=1 k=17408: 1 x 123.88 us = 123.88 us (1438.92 GFLOPS/s)
MUL_MAT_ADD MUL_MAT_VEC q6_K m=5120 n=1 k=6144: 1 x 54.24 us = 54.24 us (1159.83 GFLOPS/s)
MUL_MAT_VEC f32 m=256 n=4 k=256: 1 x 3.04 us = 3.04 us (172.126 GFLOPS/s)
MUL_MAT_VEC q6_K m=1024 n=1 k=5120: 2 x 9.16 us = 18.32 us (1144.62 GFLOPS/s)
MUL_MAT_VEC q6_K m=12288 n=1 k=5120: 1 x 85.72 us = 85.72 us (1467.77 GFLOPS/s)
MUL_MAT_VEC q6_K m=17408 n=1 k=5120: 2 x 121.1 us = 242.2 us (1471.85 GFLOPS/s)
MUL_MAT_VEC q6_K m=98304 n=1 k=5120: 1 x 670.72 us = 670.72 us (1500.68 GFLOPS/s)
MUL_MAT_VEC q8_0 m=5120 n=1 k=10240: 1 x 100.68 us = 100.68 us (1041.44 GFLOPS/s)
PAD: 1 x 6.32 us = 6.32 us
RMS_NORM_MUL RMS_NORM(256,24,1,1): 1 x 3.56 us = 3.56 us
RMS_NORM_MUL RMS_NORM(256,4,1,1): 1 x 3.6 us = 3.6 us
RMS_NORM_MUL RMS_NORM(5120,1,1,1): 5 x 3.712 us = 18.56 us
ROPE: 2 x 3.58 us = 7.16 us
SET_ROWS: 2 x 2.6 us = 5.2 us
SIGMOID_MUL SIGMOID: 1 x 1.72 us = 1.72 us
TOP_K K=10 (98304,1,1,1): 1 x 9.32 us = 9.32 us
Total time: 1395.84 us.
----------------
Vulkan Timings:
CONCAT: 1 x 3.76 us = 3.76 us
CONT: 1 x 3.64 us = 3.64 us
FLASH_ATTN_EXT dst(256,24,1,1),  q(256,1,24,1),  k(256,256,4,1),  v(256,256,4,1),  m(256,1,1,1): 1 x 14.8 us = 14.8 us (425.098 GFLOPS/s)
GET_ROWS: 2 x 4.3 us = 8.6 us
GLU: 1 x 2.16 us = 2.16 us
MUL_MAT f32 m=256 n=24 k=256: 1 x 2.2 us = 2.2 us (1427.08 GFLOPS/s)
MUL_MAT f32 m=64 n=16 k=64: 1 x 3.64 us = 3.64 us (35.7275 GFLOPS/s)
MUL_MAT f32 m=64 n=96 k=64: 1 x 3.56 us = 3.56 us (219.182 GFLOPS/s)
MUL_MAT_ADD MUL_MAT_VEC q6_K m=5120 n=1 k=17408: 1 x 124.96 us = 124.96 us (1426.48 GFLOPS/s)
MUL_MAT_ADD MUL_MAT_VEC q6_K m=5120 n=1 k=6144: 1 x 53.72 us = 53.72 us (1171.06 GFLOPS/s)
MUL_MAT_VEC f32 m=256 n=4 k=256: 1 x 0.76 us = 0.76 us (688.505 GFLOPS/s)
MUL_MAT_VEC q6_K m=1024 n=1 k=5120: 2 x 9.14 us = 18.28 us (1147.13 GFLOPS/s)
MUL_MAT_VEC q6_K m=12288 n=1 k=5120: 1 x 85.88 us = 85.88 us (1465.03 GFLOPS/s)
MUL_MAT_VEC q6_K m=17408 n=1 k=5120: 2 x 121.22 us = 242.44 us (1470.39 GFLOPS/s)
MUL_MAT_VEC q6_K m=98304 n=1 k=5120: 1 x 670.94 us = 670.94 us (1500.19 GFLOPS/s)
MUL_MAT_VEC q8_0 m=5120 n=1 k=10240: 1 x 101.8 us = 101.8 us (1029.99 GFLOPS/s)
PAD: 1 x 6.32 us = 6.32 us
RMS_NORM_MUL RMS_NORM(256,24,1,1): 1 x 3.6 us = 3.6 us
RMS_NORM_MUL RMS_NORM(256,4,1,1): 1 x 3.6 us = 3.6 us
RMS_NORM_MUL RMS_NORM(5120,1,1,1): 5 x 3.736 us = 18.68 us
ROPE: 2 x 3.56 us = 7.12 us
SET_ROWS: 2 x 2.82 us = 5.64 us
SIGMOID_MUL SIGMOID: 1 x 1.68 us = 1.68 us
TOP_K K=10 (98304,1,1,1): 1 x 8.76 us = 8.76 us
Total time: 1396.54 us.
----------------
Vulkan Timings:
ADD: 48 x 3.758 us = 180.4 us
CONCAT: 48 x 2.437 us = 117 us
CONT: 16 x 3.82 us = 61.12 us
CPY: 240 x 2.215 us = 531.68 us
FLASH_ATTN_EXT dst(256,24,5,1),  q(256,5,24,1),  k(256,256,4,1),  v(256,256,4,1),  m(256,5,1,1): 16 x 20.967 us = 335.48 us (1500.29 GFLOPS/s)
GDN_CACHE GATED_DELTA_NET: 48 x 13.92 us = 668.2 us
GET_ROWS: 50 x 25.977 us = 1298.88 us
GLU: 64 x 2.864 us = 183.32 us
MUL_MAT f32 m=256 n=120 k=256: 16 x 1.817 us = 29.08 us (8637.09 GFLOPS/s)
MUL_MAT f32 m=256 n=20 k=256: 16 x 3.122 us = 49.96 us (837.893 GFLOPS/s)
MUL_MAT f32 m=64 n=480 k=64: 16 x 3.635 us = 58.16 us (1073.3 GFLOPS/s)
MUL_MAT f32 m=64 n=80 k=64: 16 x 3.287 us = 52.6 us (197.792 GFLOPS/s)
MUL_MAT_ADD MUL_MAT_VEC q6_K m=5120 n=5 k=17408: 64 x 130.761 us = 8368.76 us (6815.93 GFLOPS/s)
MUL_MAT_ADD MUL_MAT_VEC q6_K m=5120 n=5 k=6144: 16 x 54.98 us = 879.68 us (5721.12 GFLOPS/s)
MUL_MAT_VEC f32 m=48 n=5 k=5120: 96 x 3.481 us = 334.24 us (705.8 GFLOPS/s)
MUL_MAT_VEC q6_K m=1024 n=5 k=5120: 32 x 10.985 us = 351.52 us (4772.3 GFLOPS/s)
MUL_MAT_VEC q6_K m=10240 n=5 k=5120: 48 x 81.895 us = 3931 us (6401.26 GFLOPS/s)
MUL_MAT_VEC q6_K m=12288 n=5 k=5120: 16 x 95.02 us = 1520.32 us (6620.54 GFLOPS/s)
MUL_MAT_VEC q6_K m=17408 n=5 k=5120: 128 x 141.007 us = 18049 us (6320.25 GFLOPS/s)
MUL_MAT_VEC q6_K m=248320 n=5 k=5120: 1 x 1774.04 us = 1774.04 us (7165.98 GFLOPS/s)
MUL_MAT_VEC q6_K m=6144 n=5 k=5120: 48 x 53.495 us = 2567.8 us (5879.75 GFLOPS/s)
MUL_MAT_VEC q8_0 m=5120 n=5 k=6144: 48 x 62.952 us = 3021.72 us (4996.58 GFLOPS/s)
RMS_NORM_MUL RMS_NORM(256,24,5,1): 16 x 3.982 us = 63.72 us
RMS_NORM_MUL RMS_NORM(256,4,5,1): 16 x 4.425 us = 70.8 us
RMS_NORM_MUL RMS_NORM(5120,5,1,1): 129 x 4.533 us = 584.84 us
RMS_NORM_MUL_SILU_MUL RMS_NORM(128,48,5,1): 48 x 5.658 us = 271.6 us
RMS_NORM_SCALE RMS_NORM(128,16,5,1): 96 x 2.678 us = 257.16 us
ROPE: 32 x 3.857 us = 123.44 us
SET_ROWS: 32 x 2.943 us = 94.2 us
SIGMOID_MUL SIGMOID: 16 x 3.69 us = 59.04 us
SSM_CONV_SILU SSM_CONV: 48 x 5.7 us = 273.64 us
Total time: 46162.4 us.
----------------
Vulkan Timings:
CONCAT: 1 x 1.96 us = 1.96 us
CONT: 1 x 3.72 us = 3.72 us
FLASH_ATTN_EXT dst(256,24,5,1),  q(256,5,24,1),  k(256,256,4,1),  v(256,256,4,1),  m(256,5,1,1): 1 x 21.04 us = 21.04 us (1495.12 GFLOPS/s)
GLU: 1 x 1.48 us = 1.48 us
MUL_MAT f32 m=256 n=120 k=256: 1 x 1.72 us = 1.72 us (9126.7 GFLOPS/s)
MUL_MAT f32 m=256 n=20 k=256: 1 x 3.16 us = 3.16 us (827.949 GFLOPS/s)
MUL_MAT f32 m=64 n=480 k=64: 1 x 3.64 us = 3.64 us (1071.82 GFLOPS/s)
MUL_MAT f32 m=64 n=80 k=64: 1 x 3.72 us = 3.72 us (174.796 GFLOPS/s)
MUL_MAT_ADD MUL_MAT_VEC q6_K m=5120 n=5 k=17408: 1 x 155.5 us = 155.5 us (5731.6 GFLOPS/s)
MUL_MAT_ADD MUL_MAT_VEC q6_K m=5120 n=5 k=6144: 1 x 61.48 us = 61.48 us (5116.25 GFLOPS/s)
MUL_MAT_VEC q6_K m=1024 n=5 k=5120: 2 x 9.38 us = 18.76 us (5588.88 GFLOPS/s)
MUL_MAT_VEC q6_K m=12288 n=5 k=5120: 1 x 122.71 us = 122.71 us (5126.59 GFLOPS/s)
MUL_MAT_VEC q6_K m=17408 n=5 k=5120: 2 x 135.44 us = 270.88 us (6580.05 GFLOPS/s)
MUL_MAT_VEC q8_0 m=5120 n=5 k=10240: 1 x 104.32 us = 104.32 us (5025.52 GFLOPS/s)
RMS_NORM_MUL RMS_NORM(256,24,5,1): 1 x 3.88 us = 3.88 us
RMS_NORM_MUL RMS_NORM(256,4,5,1): 1 x 3.72 us = 3.72 us
RMS_NORM_MUL RMS_NORM(5120,5,1,1): 5 x 8.762 us = 43.81 us
ROPE: 2 x 3.72 us = 7.44 us
SET_ROWS: 2 x 2.7 us = 5.4 us
SIGMOID_MUL SIGMOID: 1 x 1.72 us = 1.72 us
Total time: 840.06 us.
----------------
Vulkan Timings:
CONCAT: 1 x 3.56 us = 3.56 us
CONT: 1 x 3.48 us = 3.48 us
FLASH_ATTN_EXT dst(256,24,1,1),  q(256,1,24,1),  k(256,256,4,1),  v(256,256,4,1),  m(256,1,1,1): 1 x 12.72 us = 12.72 us (494.611 GFLOPS/s)
GET_ROWS: 2 x 4.18 us = 8.36 us
GLU: 1 x 1.72 us = 1.72 us
MUL_MAT f32 m=256 n=24 k=256: 1 x 1.56 us = 1.56 us (2012.55 GFLOPS/s)
MUL_MAT f32 m=64 n=16 k=64: 1 x 1.84 us = 1.84 us (70.6783 GFLOPS/s)
MUL_MAT f32 m=64 n=96 k=64: 1 x 3.2 us = 3.2 us (243.84 GFLOPS/s)
MUL_MAT_ADD MUL_MAT_VEC q6_K m=5120 n=1 k=17408: 1 x 129.4 us = 129.4 us (1377.53 GFLOPS/s)
MUL_MAT_ADD MUL_MAT_VEC q6_K m=5120 n=1 k=6144: 1 x 53.6 us = 53.6 us (1173.68 GFLOPS/s)
MUL_MAT_VEC f32 m=256 n=4 k=256: 1 x 3 us = 3 us (174.421 GFLOPS/s)
MUL_MAT_VEC q6_K m=1024 n=1 k=5120: 2 x 9.36 us = 18.72 us (1120.16 GFLOPS/s)
MUL_MAT_VEC q6_K m=12288 n=1 k=5120: 1 x 90.48 us = 90.48 us (1390.55 GFLOPS/s)
MUL_MAT_VEC q6_K m=17408 n=1 k=5120: 2 x 117.7 us = 235.4 us (1514.36 GFLOPS/s)
MUL_MAT_VEC q6_K m=98304 n=1 k=5120: 1 x 677.78 us = 677.78 us (1485.05 GFLOPS/s)
MUL_MAT_VEC q8_0 m=5120 n=1 k=10240: 1 x 92.32 us = 92.32 us (1135.75 GFLOPS/s)
PAD: 1 x 6.28 us = 6.28 us
RMS_NORM_MUL RMS_NORM(256,24,1,1): 1 x 3.16 us = 3.16 us
RMS_NORM_MUL RMS_NORM(256,4,1,1): 1 x 4.84 us = 4.84 us
RMS_NORM_MUL RMS_NORM(5120,1,1,1): 5 x 4.36 us = 21.8 us
ROPE: 2 x 3.32 us = 6.64 us
SET_ROWS: 2 x 2.58 us = 5.16 us
SIGMOID_MUL SIGMOID: 1 x 1.52 us = 1.52 us
TOP_K K=10 (98304,1,1,1): 1 x 8.68 us = 8.68 us
Total time: 1395.22 us.
----------------
Vulkan Timings:
CONCAT: 1 x 3.76 us = 3.76 us
CONT: 1 x 3.6 us = 3.6 us
FLASH_ATTN_EXT dst(256,24,1,1),  q(256,1,24,1),  k(256,256,4,1),  v(256,256,4,1),  m(256,1,1,1): 1 x 13.08 us = 13.08 us (480.998 GFLOPS/s)
GET_ROWS: 2 x 5.34 us = 10.68 us
GLU: 1 x 1.72 us = 1.72 us
MUL_MAT f32 m=256 n=24 k=256: 1 x 1.64 us = 1.64 us (1914.38 GFLOPS/s)
MUL_MAT f32 m=64 n=16 k=64: 1 x 3.6 us = 3.6 us (36.1244 GFLOPS/s)
MUL_MAT f32 m=64 n=96 k=64: 1 x 3.6 us = 3.6 us (216.747 GFLOPS/s)
MUL_MAT_ADD MUL_MAT_VEC q6_K m=5120 n=1 k=17408: 1 x 123.36 us = 123.36 us (1444.98 GFLOPS/s)
MUL_MAT_ADD MUL_MAT_VEC q6_K m=5120 n=1 k=6144: 1 x 53.8 us = 53.8 us (1169.32 GFLOPS/s)
MUL_MAT_VEC f32 m=256 n=4 k=256: 1 x 3 us = 3 us (174.421 GFLOPS/s)
MUL_MAT_VEC q6_K m=1024 n=1 k=5120: 2 x 9.18 us = 18.36 us (1142.13 GFLOPS/s)
MUL_MAT_VEC q6_K m=12288 n=1 k=5120: 1 x 85.56 us = 85.56 us (1470.51 GFLOPS/s)
MUL_MAT_VEC q6_K m=17408 n=1 k=5120: 2 x 121.24 us = 242.48 us (1470.15 GFLOPS/s)
MUL_MAT_VEC q6_K m=98304 n=1 k=5120: 1 x 673.1 us = 673.1 us (1495.37 GFLOPS/s)
MUL_MAT_VEC q8_0 m=5120 n=1 k=10240: 1 x 101.08 us = 101.08 us (1037.32 GFLOPS/s)
PAD: 1 x 6.32 us = 6.32 us
RMS_NORM_MUL RMS_NORM(256,24,1,1): 1 x 3.64 us = 3.64 us
RMS_NORM_MUL RMS_NORM(256,4,1,1): 1 x 3.56 us = 3.56 us
RMS_NORM_MUL RMS_NORM(5120,1,1,1): 5 x 3.68 us = 18.4 us
ROPE: 2 x 3.56 us = 7.12 us
SET_ROWS: 2 x 2.66 us = 5.32 us
SIGMOID_MUL SIGMOID: 1 x 1.68 us = 1.68 us
TOP_K K=10 (98304,1,1,1): 1 x 9.04 us = 9.04 us
Total time: 1397.5 us.
----------------
Vulkan Timings:
CONCAT: 1 x 3.76 us = 3.76 us
CONT: 1 x 3.64 us = 3.64 us
FLASH_ATTN_EXT dst(256,24,1,1),  q(256,1,24,1),  k(256,256,4,1),  v(256,256,4,1),  m(256,1,1,1): 1 x 13 us = 13 us (483.958 GFLOPS/s)
GET_ROWS: 2 x 4.34 us = 8.68 us
GLU: 1 x 1.8 us = 1.8 us
MUL_MAT f32 m=256 n=24 k=256: 1 x 1.68 us = 1.68 us (1868.8 GFLOPS/s)
MUL_MAT f32 m=64 n=16 k=64: 1 x 3.6 us = 3.6 us (36.1244 GFLOPS/s)
MUL_MAT f32 m=64 n=96 k=64: 1 x 3.6 us = 3.6 us (216.747 GFLOPS/s)
MUL_MAT_ADD MUL_MAT_VEC q6_K m=5120 n=1 k=17408: 1 x 123.4 us = 123.4 us (1444.51 GFLOPS/s)
MUL_MAT_ADD MUL_MAT_VEC q6_K m=5120 n=1 k=6144: 1 x 53.2 us = 53.2 us (1182.51 GFLOPS/s)
MUL_MAT_VEC f32 m=256 n=4 k=256: 1 x 3 us = 3 us (174.421 GFLOPS/s)
MUL_MAT_VEC q6_K m=1024 n=1 k=5120: 2 x 9.18 us = 18.36 us (1142.13 GFLOPS/s)
MUL_MAT_VEC q6_K m=12288 n=1 k=5120: 1 x 86.04 us = 86.04 us (1462.31 GFLOPS/s)
MUL_MAT_VEC q6_K m=17408 n=1 k=5120: 2 x 121.66 us = 243.32 us (1465.07 GFLOPS/s)
MUL_MAT_VEC q6_K m=98304 n=1 k=5120: 1 x 671.32 us = 671.32 us (1499.34 GFLOPS/s)
MUL_MAT_VEC q8_0 m=5120 n=1 k=10240: 1 x 101.68 us = 101.68 us (1031.2 GFLOPS/s)
PAD: 1 x 6.24 us = 6.24 us
RMS_NORM_MUL RMS_NORM(256,24,1,1): 1 x 3.6 us = 3.6 us
RMS_NORM_MUL RMS_NORM(256,4,1,1): 1 x 3.6 us = 3.6 us
RMS_NORM_MUL RMS_NORM(5120,1,1,1): 5 x 3.72 us = 18.6 us
ROPE: 2 x 3.6 us = 7.2 us
SET_ROWS: 2 x 2.7 us = 5.4 us
SIGMOID_MUL SIGMOID: 1 x 1.64 us = 1.64 us
TOP_K K=10 (98304,1,1,1): 1 x 9.08 us = 9.08 us
Total time: 1395.44 us.
----------------
Vulkan Timings:
CONCAT: 1 x 3.72 us = 3.72 us
CONT: 1 x 3.6 us = 3.6 us
FLASH_ATTN_EXT dst(256,24,1,1),  q(256,1,24,1),  k(256,256,4,1),  v(256,256,4,1),  m(256,1,1,1): 1 x 12.96 us = 12.96 us (485.452 GFLOPS/s)
GET_ROWS: 2 x 4.3 us = 8.6 us
GLU: 1 x 1.8 us = 1.8 us
MUL_MAT f32 m=256 n=24 k=256: 1 x 1.68 us = 1.68 us (1868.8 GFLOPS/s)
MUL_MAT f32 m=64 n=16 k=64: 1 x 3.6 us = 3.6 us (36.1244 GFLOPS/s)
MUL_MAT f32 m=64 n=96 k=64: 1 x 3.6 us = 3.6 us (216.747 GFLOPS/s)
MUL_MAT_ADD MUL_MAT_VEC q6_K m=5120 n=1 k=17408: 1 x 124.04 us = 124.04 us (1437.06 GFLOPS/s)
MUL_MAT_ADD MUL_MAT_VEC q6_K m=5120 n=1 k=6144: 1 x 54.08 us = 54.08 us (1163.27 GFLOPS/s)
MUL_MAT_VEC f32 m=256 n=4 k=256: 1 x 3 us = 3 us (174.421 GFLOPS/s)
MUL_MAT_VEC q6_K m=1024 n=1 k=5120: 2 x 9.18 us = 18.36 us (1142.13 GFLOPS/s)
MUL_MAT_VEC q6_K m=12288 n=1 k=5120: 1 x 85.48 us = 85.48 us (1471.89 GFLOPS/s)
MUL_MAT_VEC q6_K m=17408 n=1 k=5120: 2 x 121.28 us = 242.56 us (1469.66 GFLOPS/s)
MUL_MAT_VEC q6_K m=98304 n=1 k=5120: 1 x 671.17 us = 671.17 us (1499.67 GFLOPS/s)
MUL_MAT_VEC q8_0 m=5120 n=1 k=10240: 1 x 101.16 us = 101.16 us (1036.5 GFLOPS/s)
PAD: 1 x 6.32 us = 6.32 us
RMS_NORM_MUL RMS_NORM(256,24,1,1): 1 x 3.6 us = 3.6 us
RMS_NORM_MUL RMS_NORM(256,4,1,1): 1 x 3.64 us = 3.64 us
RMS_NORM_MUL RMS_NORM(5120,1,1,1): 5 x 3.672 us = 18.36 us
ROPE: 2 x 3.58 us = 7.16 us
SET_ROWS: 2 x 2.62 us = 5.24 us
SIGMOID_MUL SIGMOID: 1 x 1.64 us = 1.64 us
TOP_K K=10 (98304,1,1,1): 1 x 9.28 us = 9.28 us
Total time: 1394.65 us.
----------------
Vulkan Timings:
ADD: 48 x 3.73 us = 179.04 us
CONCAT: 48 x 2.43 us = 116.64 us
CONT: 16 x 3.8 us = 60.8 us
CPY: 240 x 2.212 us = 530.96 us
FLASH_ATTN_EXT dst(256,24,5,1),  q(256,5,24,1),  k(256,256,4,1),  v(256,256,4,1),  m(256,5,1,1): 16 x 20.852 us = 333.64 us (1508.56 GFLOPS/s)
GDN_CACHE GATED_DELTA_NET: 48 x 13.99 us = 671.52 us
GET_ROWS: 50 x 25.675 us = 1283.76 us
GLU: 64 x 2.916 us = 186.68 us
MUL_MAT f32 m=256 n=120 k=256: 16 x 1.792 us = 28.68 us (8757.56 GFLOPS/s)
MUL_MAT f32 m=256 n=20 k=256: 16 x 3.092 us = 49.48 us (846.021 GFLOPS/s)
MUL_MAT f32 m=64 n=480 k=64: 16 x 3.62 us = 57.92 us (1077.75 GFLOPS/s)
MUL_MAT f32 m=64 n=80 k=64: 16 x 3.265 us = 52.24 us (199.155 GFLOPS/s)
MUL_MAT_ADD MUL_MAT_VEC q6_K m=5120 n=5 k=17408: 64 x 130.488 us = 8351.28 us (6830.2 GFLOPS/s)
MUL_MAT_ADD MUL_MAT_VEC q6_K m=5120 n=5 k=6144: 16 x 55.08 us = 881.28 us (5710.73 GFLOPS/s)
MUL_MAT_VEC f32 m=48 n=5 k=5120: 96 x 3.446 us = 330.84 us (713.053 GFLOPS/s)
MUL_MAT_VEC q6_K m=1024 n=5 k=5120: 32 x 11.038 us = 353.24 us (4749.06 GFLOPS/s)
MUL_MAT_VEC q6_K m=10240 n=5 k=5120: 48 x 81.772 us = 3925.08 us (6410.92 GFLOPS/s)
MUL_MAT_VEC q6_K m=12288 n=5 k=5120: 16 x 94.752 us = 1516.04 us (6639.24 GFLOPS/s)
MUL_MAT_VEC q6_K m=17408 n=5 k=5120: 128 x 140.853 us = 18029.2 us (6327.16 GFLOPS/s)
MUL_MAT_VEC q6_K m=248320 n=5 k=5120: 1 x 1776.04 us = 1776.04 us (7157.91 GFLOPS/s)
MUL_MAT_VEC q6_K m=6144 n=5 k=5120: 48 x 53.316 us = 2559.2 us (5899.51 GFLOPS/s)
MUL_MAT_VEC q8_0 m=5120 n=5 k=6144: 48 x 62.943 us = 3021.28 us (4997.31 GFLOPS/s)
RMS_NORM_MUL RMS_NORM(256,24,5,1): 16 x 3.7 us = 59.2 us
RMS_NORM_MUL RMS_NORM(256,4,5,1): 16 x 4.372 us = 69.96 us
RMS_NORM_MUL RMS_NORM(5120,5,1,1): 129 x 4.499 us = 580.4 us
RMS_NORM_MUL_SILU_MUL RMS_NORM(128,48,5,1): 48 x 5.618 us = 269.68 us
RMS_NORM_SCALE RMS_NORM(128,16,5,1): 96 x 2.7 us = 259.24 us
ROPE: 32 x 3.831 us = 122.6 us
SET_ROWS: 32 x 2.931 us = 93.8 us
SIGMOID_MUL SIGMOID: 16 x 3.657 us = 58.52 us
SSM_CONV_SILU SSM_CONV: 48 x 5.661 us = 271.76 us
Total time: 46080 us.
----------------
Vulkan Timings:
CONCAT: 1 x 3.96 us = 3.96 us
CONT: 1 x 3.64 us = 3.64 us
FLASH_ATTN_EXT dst(256,24,5,1),  q(256,5,24,1),  k(256,256,4,1),  v(256,256,4,1),  m(256,5,1,1): 1 x 20.56 us = 20.56 us (1530.02 GFLOPS/s)
GLU: 1 x 1.56 us = 1.56 us
MUL_MAT f32 m=256 n=120 k=256: 1 x 1.72 us = 1.72 us (9126.7 GFLOPS/s)
MUL_MAT f32 m=256 n=20 k=256: 1 x 3.04 us = 3.04 us (860.632 GFLOPS/s)
MUL_MAT f32 m=64 n=480 k=64: 1 x 3.68 us = 3.68 us (1060.17 GFLOPS/s)
MUL_MAT f32 m=64 n=80 k=64: 1 x 3.64 us = 3.64 us (178.637 GFLOPS/s)
MUL_MAT_ADD MUL_MAT_VEC q6_K m=5120 n=5 k=17408: 1 x 155.02 us = 155.02 us (5749.35 GFLOPS/s)
MUL_MAT_ADD MUL_MAT_VEC q6_K m=5120 n=5 k=6144: 1 x 61.08 us = 61.08 us (5149.76 GFLOPS/s)
MUL_MAT_VEC q6_K m=1024 n=5 k=5120: 2 x 9.02 us = 18.04 us (5811.94 GFLOPS/s)
MUL_MAT_VEC q6_K m=12288 n=5 k=5120: 1 x 121.8 us = 121.8 us (5164.89 GFLOPS/s)
MUL_MAT_VEC q6_K m=17408 n=5 k=5120: 2 x 136.52 us = 273.04 us (6528 GFLOPS/s)
MUL_MAT_VEC q8_0 m=5120 n=5 k=10240: 1 x 107.08 us = 107.08 us (4895.99 GFLOPS/s)
RMS_NORM_MUL RMS_NORM(256,24,5,1): 1 x 3.76 us = 3.76 us
RMS_NORM_MUL RMS_NORM(256,4,5,1): 1 x 3.6 us = 3.6 us
RMS_NORM_MUL RMS_NORM(5120,5,1,1): 5 x 8.228 us = 41.14 us
ROPE: 2 x 3.62 us = 7.24 us
SET_ROWS: 2 x 2.66 us = 5.32 us
SIGMOID_MUL SIGMOID: 1 x 1.72 us = 1.72 us
Total time: 840.64 us.
----------------
Vulkan Timings:
CONCAT: 1 x 3.64 us = 3.64 us
CONT: 1 x 3.52 us = 3.52 us
FLASH_ATTN_EXT dst(256,24,1,1),  q(256,1,24,1),  k(256,256,4,1),  v(256,256,4,1),  m(256,1,1,1): 1 x 12.76 us = 12.76 us (493.061 GFLOPS/s)
GET_ROWS: 2 x 4.14 us = 8.28 us
GLU: 1 x 1.64 us = 1.64 us
MUL_MAT f32 m=256 n=24 k=256: 1 x 1.52 us = 1.52 us (2065.52 GFLOPS/s)
MUL_MAT f32 m=64 n=16 k=64: 1 x 1.8 us = 1.8 us (72.2489 GFLOPS/s)
MUL_MAT f32 m=64 n=96 k=64: 1 x 3.24 us = 3.24 us (240.83 GFLOPS/s)
MUL_MAT_ADD MUL_MAT_VEC q6_K m=5120 n=1 k=17408: 1 x 130.2 us = 130.2 us (1369.07 GFLOPS/s)
MUL_MAT_ADD MUL_MAT_VEC q6_K m=5120 n=1 k=6144: 1 x 53.96 us = 53.96 us (1165.85 GFLOPS/s)
MUL_MAT_VEC f32 m=256 n=4 k=256: 1 x 3.04 us = 3.04 us (172.126 GFLOPS/s)
MUL_MAT_VEC q6_K m=1024 n=1 k=5120: 2 x 9.28 us = 18.56 us (1129.82 GFLOPS/s)
MUL_MAT_VEC q6_K m=12288 n=1 k=5120: 1 x 89.64 us = 89.64 us (1403.58 GFLOPS/s)
MUL_MAT_VEC q6_K m=17408 n=1 k=5120: 2 x 118.16 us = 236.32 us (1508.47 GFLOPS/s)
MUL_MAT_VEC q6_K m=98304 n=1 k=5120: 1 x 671.07 us = 671.07 us (1499.9 GFLOPS/s)
MUL_MAT_VEC q8_0 m=5120 n=1 k=10240: 1 x 91.2 us = 91.2 us (1149.7 GFLOPS/s)
PAD: 1 x 6.32 us = 6.32 us
RMS_NORM_MUL RMS_NORM(256,24,1,1): 1 x 3.2 us = 3.2 us
RMS_NORM_MUL RMS_NORM(256,4,1,1): 1 x 4.84 us = 4.84 us
RMS_NORM_MUL RMS_NORM(5120,1,1,1): 5 x 4.392 us = 21.96 us
ROPE: 2 x 3.28 us = 6.56 us
SET_ROWS: 2 x 2.56 us = 5.12 us
SIGMOID_MUL SIGMOID: 1 x 1.56 us = 1.56 us
TOP_K K=10 (98304,1,1,1): 1 x 9.04 us = 9.04 us
Total time: 1388.99 us.
----------------
Vulkan Timings:
CONCAT: 1 x 3.76 us = 3.76 us
CONT: 1 x 3.64 us = 3.64 us
FLASH_ATTN_EXT dst(256,24,1,1),  q(256,1,24,1),  k(256,256,4,1),  v(256,256,4,1),  m(256,1,1,1): 1 x 13.04 us = 13.04 us (482.474 GFLOPS/s)
GET_ROWS: 2 x 4.3 us = 8.6 us
GLU: 1 x 1.88 us = 1.88 us
MUL_MAT f32 m=256 n=24 k=256: 1 x 1.68 us = 1.68 us (1868.8 GFLOPS/s)
MUL_MAT f32 m=64 n=16 k=64: 1 x 3.6 us = 3.6 us (36.1244 GFLOPS/s)
MUL_MAT f32 m=64 n=96 k=64: 1 x 3.6 us = 3.6 us (216.747 GFLOPS/s)
MUL_MAT_ADD MUL_MAT_VEC q6_K m=5120 n=1 k=17408: 1 x 123.36 us = 123.36 us (1444.98 GFLOPS/s)
MUL_MAT_ADD MUL_MAT_VEC q6_K m=5120 n=1 k=6144: 1 x 53.68 us = 53.68 us (1171.93 GFLOPS/s)
MUL_MAT_VEC f32 m=256 n=4 k=256: 1 x 3 us = 3 us (174.421 GFLOPS/s)
MUL_MAT_VEC q6_K m=1024 n=1 k=5120: 2 x 9.24 us = 18.48 us (1134.71 GFLOPS/s)
MUL_MAT_VEC q6_K m=12288 n=1 k=5120: 1 x 86.2 us = 86.2 us (1459.59 GFLOPS/s)
MUL_MAT_VEC q6_K m=17408 n=1 k=5120: 2 x 121.8 us = 243.6 us (1463.39 GFLOPS/s)
MUL_MAT_VEC q6_K m=98304 n=1 k=5120: 1 x 670.74 us = 670.74 us (1500.63 GFLOPS/s)
MUL_MAT_VEC q8_0 m=5120 n=1 k=10240: 1 x 101.48 us = 101.48 us (1033.23 GFLOPS/s)
PAD: 1 x 6.48 us = 6.48 us
RMS_NORM_MUL RMS_NORM(256,24,1,1): 1 x 3.6 us = 3.6 us
RMS_NORM_MUL RMS_NORM(256,4,1,1): 1 x 3.64 us = 3.64 us
RMS_NORM_MUL RMS_NORM(5120,1,1,1): 5 x 3.768 us = 18.84 us
ROPE: 2 x 3.58 us = 7.16 us
SET_ROWS: 2 x 2.64 us = 5.28 us
SIGMOID_MUL SIGMOID: 1 x 1.64 us = 1.64 us
TOP_K K=10 (98304,1,1,1): 1 x 8.28 us = 8.28 us
Total time: 1395.26 us.
----------------
Vulkan Timings:
CONCAT: 1 x 4.64 us = 4.64 us
CONT: 1 x 3.6 us = 3.6 us
FLASH_ATTN_EXT dst(256,24,1,1),  q(256,1,24,1),  k(256,256,4,1),  v(256,256,4,1),  m(256,1,1,1): 1 x 12.96 us = 12.96 us (485.452 GFLOPS/s)
GET_ROWS: 2 x 4.26 us = 8.52 us
GLU: 1 x 1.72 us = 1.72 us
MUL_MAT f32 m=256 n=24 k=256: 1 x 1.64 us = 1.64 us (1914.38 GFLOPS/s)
MUL_MAT f32 m=64 n=16 k=64: 1 x 3.64 us = 3.64 us (35.7275 GFLOPS/s)
MUL_MAT f32 m=64 n=96 k=64: 1 x 3.6 us = 3.6 us (216.747 GFLOPS/s)
MUL_MAT_ADD MUL_MAT_VEC q6_K m=5120 n=1 k=17408: 1 x 122.88 us = 122.88 us (1450.62 GFLOPS/s)
MUL_MAT_ADD MUL_MAT_VEC q6_K m=5120 n=1 k=6144: 1 x 54 us = 54 us (1164.99 GFLOPS/s)
MUL_MAT_VEC f32 m=256 n=4 k=256: 1 x 3.04 us = 3.04 us (172.126 GFLOPS/s)
MUL_MAT_VEC q6_K m=1024 n=1 k=5120: 2 x 9.18 us = 18.36 us (1142.13 GFLOPS/s)
MUL_MAT_VEC q6_K m=12288 n=1 k=5120: 1 x 85.76 us = 85.76 us (1467.08 GFLOPS/s)
MUL_MAT_VEC q6_K m=17408 n=1 k=5120: 2 x 121.38 us = 242.76 us (1468.45 GFLOPS/s)
MUL_MAT_VEC q6_K m=98304 n=1 k=5120: 1 x 671.71 us = 671.71 us (1498.47 GFLOPS/s)
MUL_MAT_VEC q8_0 m=5120 n=1 k=10240: 1 x 100.8 us = 100.8 us (1040.2 GFLOPS/s)
PAD: 1 x 6.36 us = 6.36 us
RMS_NORM_MUL RMS_NORM(256,24,1,1): 1 x 3.6 us = 3.6 us
RMS_NORM_MUL RMS_NORM(256,4,1,1): 1 x 3.6 us = 3.6 us
RMS_NORM_MUL RMS_NORM(5120,1,1,1): 5 x 3.696 us = 18.48 us
ROPE: 2 x 3.62 us = 7.24 us
SET_ROWS: 2 x 2.64 us = 5.28 us
SIGMOID_MUL SIGMOID: 1 x 2.6 us = 2.6 us
TOP_K K=10 (98304,1,1,1): 1 x 9.12 us = 9.12 us
Total time: 1395.91 us.
----------------
Vulkan Timings:
CONCAT: 1 x 3.72 us = 3.72 us
CONT: 1 x 3.64 us = 3.64 us
FLASH_ATTN_EXT dst(256,24,1,1),  q(256,1,24,1),  k(256,256,4,1),  v(256,256,4,1),  m(256,1,1,1): 1 x 12.96 us = 12.96 us (485.452 GFLOPS/s)
GET_ROWS: 2 x 4.26 us = 8.52 us
GLU: 1 x 1.84 us = 1.84 us
MUL_MAT f32 m=256 n=24 k=256: 1 x 1.64 us = 1.64 us (1914.38 GFLOPS/s)
MUL_MAT f32 m=64 n=16 k=64: 1 x 3.64 us = 3.64 us (35.7275 GFLOPS/s)
MUL_MAT f32 m=64 n=96 k=64: 1 x 3.64 us = 3.64 us (214.365 GFLOPS/s)
MUL_MAT_ADD MUL_MAT_VEC q6_K m=5120 n=1 k=17408: 1 x 123.88 us = 123.88 us (1438.92 GFLOPS/s)
MUL_MAT_ADD MUL_MAT_VEC q6_K m=5120 n=1 k=6144: 1 x 53.44 us = 53.44 us (1177.2 GFLOPS/s)
MUL_MAT_VEC f32 m=256 n=4 k=256: 1 x 3 us = 3 us (174.421 GFLOPS/s)
MUL_MAT_VEC q6_K m=1024 n=1 k=5120: 2 x 9.3 us = 18.6 us (1127.39 GFLOPS/s)
MUL_MAT_VEC q6_K m=12288 n=1 k=5120: 1 x 85.64 us = 85.64 us (1469.14 GFLOPS/s)
MUL_MAT_VEC q6_K m=17408 n=1 k=5120: 2 x 121.14 us = 242.28 us (1471.36 GFLOPS/s)
MUL_MAT_VEC q6_K m=98304 n=1 k=5120: 1 x 670.12 us = 670.12 us (1502.02 GFLOPS/s)
MUL_MAT_VEC q8_0 m=5120 n=1 k=10240: 1 x 100.96 us = 100.96 us (1038.55 GFLOPS/s)
PAD: 1 x 6.32 us = 6.32 us
RMS_NORM_MUL RMS_NORM(256,24,1,1): 1 x 3.6 us = 3.6 us
RMS_NORM_MUL RMS_NORM(256,4,1,1): 1 x 3.56 us = 3.56 us
RMS_NORM_MUL RMS_NORM(5120,1,1,1): 5 x 3.712 us = 18.56 us
ROPE: 2 x 3.56 us = 7.12 us
SET_ROWS: 2 x 2.66 us = 5.32 us
SIGMOID_MUL SIGMOID: 1 x 1.72 us = 1.72 us
TOP_K K=10 (98304,1,1,1): 1 x 9.28 us = 9.28 us
Total time: 1393 us.
----------------
Vulkan Timings:
ADD: 48 x 3.748 us = 179.92 us
CONCAT: 48 x 2.49 us = 119.52 us
CONT: 16 x 3.845 us = 61.52 us
CPY: 240 x 2.216 us = 531.84 us
FLASH_ATTN_EXT dst(256,24,5,1),  q(256,5,24,1),  k(256,256,4,1),  v(256,256,4,1),  m(256,5,1,1): 16 x 21.412 us = 342.6 us (1469.11 GFLOPS/s)
GDN_CACHE GATED_DELTA_NET: 48 x 13.955 us = 669.84 us
GET_ROWS: 50 x 25.916 us = 1295.8 us
GLU: 64 x 2.924 us = 187.16 us
MUL_MAT f32 m=256 n=120 k=256: 16 x 1.81 us = 28.96 us (8672.88 GFLOPS/s)
MUL_MAT f32 m=256 n=20 k=256: 16 x 3.107 us = 49.72 us (841.937 GFLOPS/s)
MUL_MAT f32 m=64 n=480 k=64: 16 x 3.635 us = 58.16 us (1073.3 GFLOPS/s)
MUL_MAT f32 m=64 n=80 k=64: 16 x 3.277 us = 52.44 us (198.395 GFLOPS/s)
MUL_MAT_ADD MUL_MAT_VEC q6_K m=5120 n=5 k=17408: 64 x 130.641 us = 8361.08 us (6822.19 GFLOPS/s)
MUL_MAT_ADD MUL_MAT_VEC q6_K m=5120 n=5 k=6144: 16 x 55.38 us = 886.08 us (5679.8 GFLOPS/s)
MUL_MAT_VEC f32 m=48 n=5 k=5120: 96 x 3.439 us = 330.2 us (714.435 GFLOPS/s)
MUL_MAT_VEC q6_K m=1024 n=5 k=5120: 32 x 11.003 us = 352.12 us (4764.16 GFLOPS/s)
MUL_MAT_VEC q6_K m=10240 n=5 k=5120: 48 x 81.946 us = 3933.44 us (6397.29 GFLOPS/s)
MUL_MAT_VEC q6_K m=12288 n=5 k=5120: 16 x 95.002 us = 1520.04 us (6621.76 GFLOPS/s)
MUL_MAT_VEC q6_K m=17408 n=5 k=5120: 128 x 141.119 us = 18063.3 us (6315.24 GFLOPS/s)
MUL_MAT_VEC q6_K m=248320 n=5 k=5120: 1 x 1773.96 us = 1773.96 us (7166.31 GFLOPS/s)
MUL_MAT_VEC q6_K m=6144 n=5 k=5120: 48 x 53.431 us = 2564.72 us (5886.81 GFLOPS/s)
MUL_MAT_VEC q8_0 m=5120 n=5 k=6144: 48 x 62.989 us = 3023.48 us (4993.67 GFLOPS/s)
RMS_NORM_MUL RMS_NORM(256,24,5,1): 16 x 3.857 us = 61.72 us
RMS_NORM_MUL RMS_NORM(256,4,5,1): 16 x 4.412 us = 70.6 us
RMS_NORM_MUL RMS_NORM(5120,5,1,1): 129 x 4.546 us = 586.44 us
RMS_NORM_MUL_SILU_MUL RMS_NORM(128,48,5,1): 48 x 5.647 us = 271.08 us
RMS_NORM_SCALE RMS_NORM(128,16,5,1): 96 x 2.68 us = 257.32 us
ROPE: 32 x 3.841 us = 122.92 us
SET_ROWS: 32 x 2.778 us = 88.92 us
SIGMOID_MUL SIGMOID: 16 x 3.695 us = 59.12 us
SSM_CONV_SILU SSM_CONV: 48 x 5.695 us = 273.36 us
Total time: 46177.4 us.
----------------
Vulkan Timings:
CONCAT: 1 x 4.04 us = 4.04 us
CONT: 1 x 3.68 us = 3.68 us
FLASH_ATTN_EXT dst(256,24,5,1),  q(256,5,24,1),  k(256,256,4,1),  v(256,256,4,1),  m(256,5,1,1): 1 x 20.72 us = 20.72 us (1518.21 GFLOPS/s)
GLU: 1 x 1.72 us = 1.72 us
MUL_MAT f32 m=256 n=120 k=256: 1 x 1.72 us = 1.72 us (9126.7 GFLOPS/s)
MUL_MAT f32 m=256 n=20 k=256: 1 x 3.08 us = 3.08 us (849.455 GFLOPS/s)
MUL_MAT f32 m=64 n=480 k=64: 1 x 3.68 us = 3.68 us (1060.17 GFLOPS/s)
MUL_MAT f32 m=64 n=80 k=64: 1 x 3.68 us = 3.68 us (176.696 GFLOPS/s)
MUL_MAT_ADD MUL_MAT_VEC q6_K m=5120 n=5 k=17408: 1 x 153.54 us = 153.54 us (5804.77 GFLOPS/s)
MUL_MAT_ADD MUL_MAT_VEC q6_K m=5120 n=5 k=6144: 1 x 62.44 us = 62.44 us (5037.59 GFLOPS/s)
MUL_MAT_VEC q6_K m=1024 n=5 k=5120: 2 x 9.34 us = 18.68 us (5612.81 GFLOPS/s)
MUL_MAT_VEC q6_K m=12288 n=5 k=5120: 1 x 120.13 us = 120.13 us (5236.69 GFLOPS/s)
MUL_MAT_VEC q6_K m=17408 n=5 k=5120: 2 x 135.76 us = 271.52 us (6564.54 GFLOPS/s)
MUL_MAT_VEC q8_0 m=5120 n=5 k=10240: 1 x 104.92 us = 104.92 us (4996.78 GFLOPS/s)
RMS_NORM_MUL RMS_NORM(256,24,5,1): 1 x 3.76 us = 3.76 us
RMS_NORM_MUL RMS_NORM(256,4,5,1): 1 x 3.72 us = 3.72 us
RMS_NORM_MUL RMS_NORM(5120,5,1,1): 5 x 8.044 us = 40.22 us
ROPE: 2 x 3.68 us = 7.36 us
SET_ROWS: 2 x 2.72 us = 5.44 us
SIGMOID_MUL SIGMOID: 1 x 1.72 us = 1.72 us
Total time: 835.77 us.
----------------
Vulkan Timings:
CONCAT: 1 x 3.6 us = 3.6 us
CONT: 1 x 3.52 us = 3.52 us
FLASH_ATTN_EXT dst(256,24,1,1),  q(256,1,24,1),  k(256,256,4,1),  v(256,256,4,1),  m(256,1,1,1): 1 x 12.6 us = 12.6 us (499.322 GFLOPS/s)
GET_ROWS: 2 x 4.3 us = 8.6 us
GLU: 1 x 1.68 us = 1.68 us
MUL_MAT f32 m=256 n=24 k=256: 1 x 2.08 us = 2.08 us (1509.42 GFLOPS/s)
MUL_MAT f32 m=64 n=16 k=64: 1 x 1.8 us = 1.8 us (72.2489 GFLOPS/s)
MUL_MAT f32 m=64 n=96 k=64: 1 x 3.16 us = 3.16 us (246.927 GFLOPS/s)
MUL_MAT_ADD MUL_MAT_VEC q6_K m=5120 n=1 k=17408: 1 x 129.44 us = 129.44 us (1377.11 GFLOPS/s)
MUL_MAT_ADD MUL_MAT_VEC q6_K m=5120 n=1 k=6144: 1 x 54.28 us = 54.28 us (1158.98 GFLOPS/s)
MUL_MAT_VEC f32 m=256 n=4 k=256: 1 x 0.76 us = 0.76 us (688.505 GFLOPS/s)
MUL_MAT_VEC q6_K m=1024 n=1 k=5120: 2 x 9.24 us = 18.48 us (1134.71 GFLOPS/s)
MUL_MAT_VEC q6_K m=12288 n=1 k=5120: 1 x 89.96 us = 89.96 us (1398.59 GFLOPS/s)
MUL_MAT_VEC q6_K m=17408 n=1 k=5120: 2 x 117.94 us = 235.88 us (1511.28 GFLOPS/s)
MUL_MAT_VEC q6_K m=98304 n=1 k=5120: 1 x 671.2 us = 671.2 us (1499.6 GFLOPS/s)
MUL_MAT_VEC q8_0 m=5120 n=1 k=10240: 1 x 92.76 us = 92.76 us (1130.36 GFLOPS/s)
PAD: 1 x 6 us = 6 us
RMS_NORM_MUL RMS_NORM(256,24,1,1): 1 x 3.2 us = 3.2 us
RMS_NORM_MUL RMS_NORM(256,4,1,1): 1 x 4.8 us = 4.8 us
RMS_NORM_MUL RMS_NORM(5120,1,1,1): 5 x 4.072 us = 20.36 us
ROPE: 2 x 3.32 us = 6.64 us
SET_ROWS: 2 x 3.72 us = 7.44 us
SIGMOID_MUL SIGMOID: 1 x 1.56 us = 1.56 us
TOP_K K=10 (98304,1,1,1): 1 x 9 us = 9 us
Total time: 1388.8 us.
----------------
Vulkan Timings:
CONCAT: 1 x 3.72 us = 3.72 us
CONT: 1 x 3.6 us = 3.6 us
FLASH_ATTN_EXT dst(256,24,1,1),  q(256,1,24,1),  k(256,256,4,1),  v(256,256,4,1),  m(256,1,1,1): 1 x 12.84 us = 12.84 us (489.989 GFLOPS/s)
GET_ROWS: 2 x 5.4 us = 10.8 us
GLU: 1 x 1.76 us = 1.76 us
MUL_MAT f32 m=256 n=24 k=256: 1 x 1.6 us = 1.6 us (1962.24 GFLOPS/s)
MUL_MAT f32 m=64 n=16 k=64: 1 x 3.6 us = 3.6 us (36.1244 GFLOPS/s)
MUL_MAT f32 m=64 n=96 k=64: 1 x 3.6 us = 3.6 us (216.747 GFLOPS/s)
MUL_MAT_ADD MUL_MAT_VEC q6_K m=5120 n=1 k=17408: 1 x 123.76 us = 123.76 us (1440.31 GFLOPS/s)
MUL_MAT_ADD MUL_MAT_VEC q6_K m=5120 n=1 k=6144: 1 x 54.4 us = 54.4 us (1156.42 GFLOPS/s)
MUL_MAT_VEC f32 m=256 n=4 k=256: 1 x 3.04 us = 3.04 us (172.126 GFLOPS/s)
MUL_MAT_VEC q6_K m=1024 n=1 k=5120: 2 x 9.02 us = 18.04 us (1162.39 GFLOPS/s)
MUL_MAT_VEC q6_K m=12288 n=1 k=5120: 1 x 85.8 us = 85.8 us (1466.4 GFLOPS/s)
MUL_MAT_VEC q6_K m=17408 n=1 k=5120: 2 x 121.02 us = 242.04 us (1472.82 GFLOPS/s)
MUL_MAT_VEC q6_K m=98304 n=1 k=5120: 1 x 664.84 us = 664.84 us (1513.95 GFLOPS/s)
MUL_MAT_VEC q8_0 m=5120 n=1 k=10240: 1 x 100.84 us = 100.84 us (1039.79 GFLOPS/s)
PAD: 1 x 6.36 us = 6.36 us
RMS_NORM_MUL RMS_NORM(256,24,1,1): 1 x 3.64 us = 3.64 us
RMS_NORM_MUL RMS_NORM(256,4,1,1): 1 x 3.6 us = 3.6 us
RMS_NORM_MUL RMS_NORM(5120,1,1,1): 5 x 3.736 us = 18.68 us
ROPE: 2 x 3.6 us = 7.2 us
SET_ROWS: 2 x 2.62 us = 5.24 us
SIGMOID_MUL SIGMOID: 1 x 1.64 us = 1.64 us
TOP_K K=10 (98304,1,1,1): 1 x 8.84 us = 8.84 us
Total time: 1389.48 us.
----------------
Vulkan Timings:
CONCAT: 1 x 3.76 us = 3.76 us
CONT: 1 x 3.6 us = 3.6 us
FLASH_ATTN_EXT dst(256,24,1,1),  q(256,1,24,1),  k(256,256,4,1),  v(256,256,4,1),  m(256,1,1,1): 1 x 14.76 us = 14.76 us (426.25 GFLOPS/s)
GET_ROWS: 2 x 4.2 us = 8.4 us
GLU: 1 x 1.76 us = 1.76 us
MUL_MAT f32 m=256 n=24 k=256: 1 x 2.2 us = 2.2 us (1427.08 GFLOPS/s)
MUL_MAT f32 m=64 n=16 k=64: 1 x 3.6 us = 3.6 us (36.1244 GFLOPS/s)
MUL_MAT f32 m=64 n=96 k=64: 1 x 3.64 us = 3.64 us (214.365 GFLOPS/s)
MUL_MAT_ADD MUL_MAT_VEC q6_K m=5120 n=1 k=17408: 1 x 123.24 us = 123.24 us (1446.39 GFLOPS/s)
MUL_MAT_ADD MUL_MAT_VEC q6_K m=5120 n=1 k=6144: 1 x 53.72 us = 53.72 us (1171.06 GFLOPS/s)
MUL_MAT_VEC f32 m=256 n=4 k=256: 1 x 0.72 us = 0.72 us (726.756 GFLOPS/s)
MUL_MAT_VEC q6_K m=1024 n=1 k=5120: 2 x 9.18 us = 18.36 us (1142.13 GFLOPS/s)
MUL_MAT_VEC q6_K m=12288 n=1 k=5120: 1 x 85.92 us = 85.92 us (1464.35 GFLOPS/s)
MUL_MAT_VEC q6_K m=17408 n=1 k=5120: 2 x 121.2 us = 242.4 us (1470.63 GFLOPS/s)
MUL_MAT_VEC q6_K m=98304 n=1 k=5120: 1 x 670.11 us = 670.11 us (1502.04 GFLOPS/s)
MUL_MAT_VEC q8_0 m=5120 n=1 k=10240: 1 x 101.6 us = 101.6 us (1032.01 GFLOPS/s)
PAD: 1 x 6.28 us = 6.28 us
RMS_NORM_MUL RMS_NORM(256,24,1,1): 1 x 3.64 us = 3.64 us
RMS_NORM_MUL RMS_NORM(256,4,1,1): 1 x 3.6 us = 3.6 us
RMS_NORM_MUL RMS_NORM(5120,1,1,1): 5 x 3.712 us = 18.56 us
ROPE: 2 x 3.56 us = 7.12 us
SET_ROWS: 2 x 2.82 us = 5.64 us
SIGMOID_MUL SIGMOID: 1 x 1.68 us = 1.68 us
TOP_K K=10 (98304,1,1,1): 1 x 9.12 us = 9.12 us
Total time: 1393.43 us.
----------------
Vulkan Timings:
CONCAT: 1 x 3.76 us = 3.76 us
CONT: 1 x 3.6 us = 3.6 us
FLASH_ATTN_EXT dst(256,24,1,1),  q(256,1,24,1),  k(256,256,4,1),  v(256,256,4,1),  m(256,1,1,1): 1 x 12.84 us = 12.84 us (489.989 GFLOPS/s)
GET_ROWS: 2 x 4.18 us = 8.36 us
GLU: 1 x 1.88 us = 1.88 us
MUL_MAT f32 m=256 n=24 k=256: 1 x 1.68 us = 1.68 us (1868.8 GFLOPS/s)
MUL_MAT f32 m=64 n=16 k=64: 1 x 3.64 us = 3.64 us (35.7275 GFLOPS/s)
MUL_MAT f32 m=64 n=96 k=64: 1 x 3.6 us = 3.6 us (216.747 GFLOPS/s)
MUL_MAT_ADD MUL_MAT_VEC q6_K m=5120 n=1 k=17408: 1 x 123.64 us = 123.64 us (1441.71 GFLOPS/s)
MUL_MAT_ADD MUL_MAT_VEC q6_K m=5120 n=1 k=6144: 1 x 53.76 us = 53.76 us (1170.19 GFLOPS/s)
MUL_MAT_VEC f32 m=256 n=4 k=256: 1 x 3 us = 3 us (174.421 GFLOPS/s)
MUL_MAT_VEC q6_K m=1024 n=1 k=5120: 2 x 9.12 us = 18.24 us (1149.64 GFLOPS/s)
MUL_MAT_VEC q6_K m=12288 n=1 k=5120: 1 x 85.84 us = 85.84 us (1465.71 GFLOPS/s)
MUL_MAT_VEC q6_K m=17408 n=1 k=5120: 2 x 121.14 us = 242.28 us (1471.36 GFLOPS/s)
MUL_MAT_VEC q6_K m=98304 n=1 k=5120: 1 x 672.45 us = 672.45 us (1496.82 GFLOPS/s)
MUL_MAT_VEC q8_0 m=5120 n=1 k=10240: 1 x 100.92 us = 100.92 us (1038.97 GFLOPS/s)
PAD: 1 x 6.28 us = 6.28 us
RMS_NORM_MUL RMS_NORM(256,24,1,1): 1 x 3.64 us = 3.64 us
RMS_NORM_MUL RMS_NORM(256,4,1,1): 1 x 3.6 us = 3.6 us
RMS_NORM_MUL RMS_NORM(5120,1,1,1): 5 x 3.704 us = 18.52 us
ROPE: 2 x 3.6 us = 7.2 us
SET_ROWS: 2 x 2.68 us = 5.36 us
SIGMOID_MUL SIGMOID: 1 x 1.68 us = 1.68 us
TOP_K K=10 (98304,1,1,1): 1 x 9.04 us = 9.04 us
Total time: 1394.81 us.
----------------
Vulkan Timings:
ADD: 48 x 3.756 us = 180.32 us
CONCAT: 48 x 2.4 us = 115.2 us
CONT: 16 x 3.832 us = 61.32 us
CPY: 240 x 2.241 us = 537.84 us
FLASH_ATTN_EXT dst(256,24,5,1),  q(256,5,24,1),  k(256,256,4,1),  v(256,256,4,1),  m(256,5,1,1): 16 x 21.08 us = 337.28 us (1492.28 GFLOPS/s)
GDN_CACHE GATED_DELTA_NET: 48 x 13.973 us = 670.72 us
GET_ROWS: 50 x 25.907 us = 1295.36 us
GLU: 64 x 3.036 us = 194.32 us
MUL_MAT f32 m=256 n=120 k=256: 16 x 1.85 us = 29.6 us (8485.36 GFLOPS/s)
MUL_MAT f32 m=256 n=20 k=256: 16 x 2.977 us = 47.64 us (878.697 GFLOPS/s)
MUL_MAT f32 m=64 n=480 k=64: 16 x 3.655 us = 58.48 us (1067.43 GFLOPS/s)
MUL_MAT f32 m=64 n=80 k=64: 16 x 3.292 us = 52.68 us (197.491 GFLOPS/s)
MUL_MAT_ADD MUL_MAT_VEC q6_K m=5120 n=5 k=17408: 64 x 130.508 us = 8352.56 us (6829.15 GFLOPS/s)
MUL_MAT_ADD MUL_MAT_VEC q6_K m=5120 n=5 k=6144: 16 x 55.202 us = 883.24 us (5698.06 GFLOPS/s)
MUL_MAT_VEC f32 m=48 n=5 k=5120: 96 x 3.378 us = 324.32 us (727.388 GFLOPS/s)
MUL_MAT_VEC q6_K m=1024 n=5 k=5120: 32 x 11.061 us = 353.96 us (4739.4 GFLOPS/s)
MUL_MAT_VEC q6_K m=10240 n=5 k=5120: 48 x 81.941 us = 3933.2 us (6397.68 GFLOPS/s)
MUL_MAT_VEC q6_K m=12288 n=5 k=5120: 16 x 95.227 us = 1523.64 us (6606.12 GFLOPS/s)
MUL_MAT_VEC q6_K m=17408 n=5 k=5120: 128 x 141.114 us = 18062.7 us (6315.45 GFLOPS/s)
MUL_MAT_VEC q6_K m=248320 n=5 k=5120: 1 x 1769.44 us = 1769.44 us (7184.61 GFLOPS/s)
MUL_MAT_VEC q6_K m=6144 n=5 k=5120: 48 x 53.409 us = 2563.64 us (5889.29 GFLOPS/s)
MUL_MAT_VEC q8_0 m=5120 n=5 k=6144: 48 x 63.008 us = 3024.4 us (4992.15 GFLOPS/s)
RMS_NORM_MUL RMS_NORM(256,24,5,1): 16 x 3.715 us = 59.44 us
RMS_NORM_MUL RMS_NORM(256,4,5,1): 16 x 4.422 us = 70.76 us
RMS_NORM_MUL RMS_NORM(5120,5,1,1): 129 x 4.546 us = 586.52 us
RMS_NORM_MUL_SILU_MUL RMS_NORM(128,48,5,1): 48 x 5.652 us = 271.32 us
RMS_NORM_SCALE RMS_NORM(128,16,5,1): 96 x 2.68 us = 257.28 us
ROPE: 32 x 3.856 us = 123.4 us
SET_ROWS: 32 x 2.963 us = 94.84 us
SIGMOID_MUL SIGMOID: 16 x 3.69 us = 59.04 us
SSM_CONV_SILU SSM_CONV: 48 x 5.707 us = 273.96 us
Total time: 46168.4 us.
----------------
Vulkan Timings:
CONCAT: 1 x 4.04 us = 4.04 us
CONT: 1 x 3.68 us = 3.68 us
FLASH_ATTN_EXT dst(256,24,5,1),  q(256,5,24,1),  k(256,256,4,1),  v(256,256,4,1),  m(256,5,1,1): 1 x 20.8 us = 20.8 us (1512.37 GFLOPS/s)
GLU: 1 x 1.52 us = 1.52 us
MUL_MAT f32 m=256 n=120 k=256: 1 x 1.72 us = 1.72 us (9126.7 GFLOPS/s)
MUL_MAT f32 m=256 n=20 k=256: 1 x 3.08 us = 3.08 us (849.455 GFLOPS/s)
MUL_MAT f32 m=64 n=480 k=64: 1 x 3.68 us = 3.68 us (1060.17 GFLOPS/s)
MUL_MAT f32 m=64 n=80 k=64: 1 x 3.64 us = 3.64 us (178.637 GFLOPS/s)
MUL_MAT_ADD MUL_MAT_VEC q6_K m=5120 n=5 k=17408: 1 x 153.89 us = 153.89 us (5791.57 GFLOPS/s)
MUL_MAT_ADD MUL_MAT_VEC q6_K m=5120 n=5 k=6144: 1 x 62.88 us = 62.88 us (5002.34 GFLOPS/s)
MUL_MAT_VEC q6_K m=1024 n=5 k=5120: 2 x 9.18 us = 18.36 us (5710.64 GFLOPS/s)
MUL_MAT_VEC q6_K m=12288 n=5 k=5120: 1 x 121.12 us = 121.12 us (5193.89 GFLOPS/s)
MUL_MAT_VEC q6_K m=17408 n=5 k=5120: 2 x 135.6 us = 271.2 us (6572.29 GFLOPS/s)
MUL_MAT_VEC q8_0 m=5120 n=5 k=10240: 1 x 105.92 us = 105.92 us (4949.61 GFLOPS/s)
RMS_NORM_MUL RMS_NORM(256,24,5,1): 1 x 3.8 us = 3.8 us
RMS_NORM_MUL RMS_NORM(256,4,5,1): 1 x 3.68 us = 3.68 us
RMS_NORM_MUL RMS_NORM(5120,5,1,1): 5 x 7.706 us = 38.53 us
ROPE: 2 x 3.68 us = 7.36 us
SET_ROWS: 2 x 2.68 us = 5.36 us
SIGMOID_MUL SIGMOID: 1 x 1.76 us = 1.76 us
Total time: 836.02 us.
----------------
Vulkan Timings:
CONCAT: 1 x 3.6 us = 3.6 us
CONT: 1 x 3.52 us = 3.52 us
FLASH_ATTN_EXT dst(256,24,1,1),  q(256,1,24,1),  k(256,256,4,1),  v(256,256,4,1),  m(256,1,1,1): 1 x 12.52 us = 12.52 us (502.512 GFLOPS/s)
GET_ROWS: 2 x 4.26 us = 8.52 us
GLU: 1 x 1.6 us = 1.6 us
MUL_MAT f32 m=256 n=24 k=256: 1 x 1.52 us = 1.52 us (2065.52 GFLOPS/s)
MUL_MAT f32 m=64 n=16 k=64: 1 x 1.84 us = 1.84 us (70.6783 GFLOPS/s)
MUL_MAT f32 m=64 n=96 k=64: 1 x 3.16 us = 3.16 us (246.927 GFLOPS/s)
MUL_MAT_ADD MUL_MAT_VEC q6_K m=5120 n=1 k=17408: 1 x 129.52 us = 129.52 us (1376.26 GFLOPS/s)
MUL_MAT_ADD MUL_MAT_VEC q6_K m=5120 n=1 k=6144: 1 x 54.24 us = 54.24 us (1159.83 GFLOPS/s)
MUL_MAT_VEC f32 m=256 n=4 k=256: 1 x 3 us = 3 us (174.421 GFLOPS/s)
MUL_MAT_VEC q6_K m=1024 n=1 k=5120: 2 x 9.22 us = 18.44 us (1137.17 GFLOPS/s)
MUL_MAT_VEC q6_K m=12288 n=1 k=5120: 1 x 90.48 us = 90.48 us (1390.55 GFLOPS/s)
MUL_MAT_VEC q6_K m=17408 n=1 k=5120: 2 x 118.34 us = 236.68 us (1506.17 GFLOPS/s)
MUL_MAT_VEC q6_K m=98304 n=1 k=5120: 1 x 670.86 us = 670.86 us (1500.36 GFLOPS/s)
MUL_MAT_VEC q8_0 m=5120 n=1 k=10240: 1 x 94.08 us = 94.08 us (1114.5 GFLOPS/s)
PAD: 1 x 6.36 us = 6.36 us
RMS_NORM_MUL RMS_NORM(256,24,1,1): 1 x 3.24 us = 3.24 us
RMS_NORM_MUL RMS_NORM(256,4,1,1): 1 x 4.84 us = 4.84 us
RMS_NORM_MUL RMS_NORM(5120,1,1,1): 5 x 4.016 us = 20.08 us
ROPE: 2 x 3.34 us = 6.68 us
SET_ROWS: 2 x 2.6 us = 5.2 us
SIGMOID_MUL SIGMOID: 1 x 1.56 us = 1.56 us
TOP_K K=10 (98304,1,1,1): 1 x 9.16 us = 9.16 us
Total time: 1390.7 us.
----------------
Vulkan Timings:
CONCAT: 1 x 3.72 us = 3.72 us
CONT: 1 x 3.64 us = 3.64 us
FLASH_ATTN_EXT dst(256,24,1,1),  q(256,1,24,1),  k(256,256,4,1),  v(256,256,4,1),  m(256,1,1,1): 1 x 12.88 us = 12.88 us (488.467 GFLOPS/s)
GET_ROWS: 2 x 4.16 us = 8.32 us
GLU: 1 x 1.76 us = 1.76 us
MUL_MAT f32 m=256 n=24 k=256: 1 x 1.6 us = 1.6 us (1962.24 GFLOPS/s)
MUL_MAT f32 m=64 n=16 k=64: 1 x 3.56 us = 3.56 us (36.5303 GFLOPS/s)
MUL_MAT f32 m=64 n=96 k=64: 1 x 3.6 us = 3.6 us (216.747 GFLOPS/s)
MUL_MAT_ADD MUL_MAT_VEC q6_K m=5120 n=1 k=17408: 1 x 123.84 us = 123.84 us (1439.38 GFLOPS/s)
MUL_MAT_ADD MUL_MAT_VEC q6_K m=5120 n=1 k=6144: 1 x 53.24 us = 53.24 us (1181.62 GFLOPS/s)
MUL_MAT_VEC f32 m=256 n=4 k=256: 1 x 3.04 us = 3.04 us (172.126 GFLOPS/s)
MUL_MAT_VEC q6_K m=1024 n=1 k=5120: 2 x 9.06 us = 18.12 us (1157.26 GFLOPS/s)
MUL_MAT_VEC q6_K m=12288 n=1 k=5120: 1 x 85.68 us = 85.68 us (1468.45 GFLOPS/s)
MUL_MAT_VEC q6_K m=17408 n=1 k=5120: 2 x 120.96 us = 241.92 us (1473.55 GFLOPS/s)
MUL_MAT_VEC q6_K m=98304 n=1 k=5120: 1 x 671.58 us = 671.58 us (1498.76 GFLOPS/s)
MUL_MAT_VEC q8_0 m=5120 n=1 k=10240: 1 x 102.36 us = 102.36 us (1024.35 GFLOPS/s)
PAD: 1 x 6.2 us = 6.2 us
RMS_NORM_MUL RMS_NORM(256,24,1,1): 1 x 3.6 us = 3.6 us
RMS_NORM_MUL RMS_NORM(256,4,1,1): 1 x 3.6 us = 3.6 us
RMS_NORM_MUL RMS_NORM(5120,1,1,1): 5 x 3.76 us = 18.8 us
ROPE: 2 x 3.56 us = 7.12 us
SET_ROWS: 2 x 2.64 us = 5.28 us
SIGMOID_MUL SIGMOID: 1 x 1.72 us = 1.72 us
TOP_K K=10 (98304,1,1,1): 1 x 8.88 us = 8.88 us
Total time: 1394.06 us.
----------------
Vulkan Timings:
CONCAT: 1 x 3.8 us = 3.8 us
CONT: 1 x 3.6 us = 3.6 us
FLASH_ATTN_EXT dst(256,24,1,1),  q(256,1,24,1),  k(256,256,4,1),  v(256,256,4,1),  m(256,1,1,1): 1 x 13.04 us = 13.04 us (482.474 GFLOPS/s)
GET_ROWS: 2 x 4.18 us = 8.36 us
GLU: 1 x 1.8 us = 1.8 us
MUL_MAT f32 m=256 n=24 k=256: 1 x 1.64 us = 1.64 us (1914.38 GFLOPS/s)
MUL_MAT f32 m=64 n=16 k=64: 1 x 3.64 us = 3.64 us (35.7275 GFLOPS/s)
MUL_MAT f32 m=64 n=96 k=64: 1 x 3.56 us = 3.56 us (219.182 GFLOPS/s)
MUL_MAT_ADD MUL_MAT_VEC q6_K m=5120 n=1 k=17408: 1 x 123.16 us = 123.16 us (1447.33 GFLOPS/s)
MUL_MAT_ADD MUL_MAT_VEC q6_K m=5120 n=1 k=6144: 1 x 54.08 us = 54.08 us (1163.27 GFLOPS/s)
MUL_MAT_VEC f32 m=256 n=4 k=256: 1 x 3.04 us = 3.04 us (172.126 GFLOPS/s)
MUL_MAT_VEC q6_K m=1024 n=1 k=5120: 2 x 9.1 us = 18.2 us (1152.17 GFLOPS/s)
MUL_MAT_VEC q6_K m=12288 n=1 k=5120: 1 x 85.76 us = 85.76 us (1467.08 GFLOPS/s)
MUL_MAT_VEC q6_K m=17408 n=1 k=5120: 2 x 121.4 us = 242.8 us (1468.21 GFLOPS/s)
MUL_MAT_VEC q6_K m=98304 n=1 k=5120: 1 x 668.88 us = 668.88 us (1504.81 GFLOPS/s)
MUL_MAT_VEC q8_0 m=5120 n=1 k=10240: 1 x 101.32 us = 101.32 us (1034.86 GFLOPS/s)
PAD: 1 x 6.36 us = 6.36 us
RMS_NORM_MUL RMS_NORM(256,24,1,1): 1 x 3.6 us = 3.6 us
RMS_NORM_MUL RMS_NORM(256,4,1,1): 1 x 3.6 us = 3.6 us
RMS_NORM_MUL RMS_NORM(5120,1,1,1): 5 x 3.728 us = 18.64 us
ROPE: 2 x 3.58 us = 7.16 us
SET_ROWS: 2 x 2.7 us = 5.4 us
SIGMOID_MUL SIGMOID: 1 x 1.68 us = 1.68 us
TOP_K K=10 (98304,1,1,1): 1 x 9.08 us = 9.08 us
Total time: 1392.2 us.
----------------
Vulkan Timings:
CONCAT: 1 x 3.72 us = 3.72 us
CONT: 1 x 3.64 us = 3.64 us
FLASH_ATTN_EXT dst(256,24,1,1),  q(256,1,24,1),  k(256,256,4,1),  v(256,256,4,1),  m(256,1,1,1): 1 x 12.92 us = 12.92 us (486.955 GFLOPS/s)
GET_ROWS: 2 x 4.18 us = 8.36 us
GLU: 1 x 1.68 us = 1.68 us
MUL_MAT f32 m=256 n=24 k=256: 1 x 1.6 us = 1.6 us (1962.24 GFLOPS/s)
MUL_MAT f32 m=64 n=16 k=64: 1 x 3.64 us = 3.64 us (35.7275 GFLOPS/s)
MUL_MAT f32 m=64 n=96 k=64: 1 x 3.6 us = 3.6 us (216.747 GFLOPS/s)
MUL_MAT_ADD MUL_MAT_VEC q6_K m=5120 n=1 k=17408: 1 x 122.56 us = 122.56 us (1454.41 GFLOPS/s)
MUL_MAT_ADD MUL_MAT_VEC q6_K m=5120 n=1 k=6144: 1 x 54.08 us = 54.08 us (1163.27 GFLOPS/s)
MUL_MAT_VEC f32 m=256 n=4 k=256: 1 x 3.04 us = 3.04 us (172.126 GFLOPS/s)
MUL_MAT_VEC q6_K m=1024 n=1 k=5120: 2 x 9.08 us = 18.16 us (1154.71 GFLOPS/s)
MUL_MAT_VEC q6_K m=12288 n=1 k=5120: 1 x 86.28 us = 86.28 us (1458.24 GFLOPS/s)
MUL_MAT_VEC q6_K m=17408 n=1 k=5120: 2 x 121.4 us = 242.8 us (1468.21 GFLOPS/s)
MUL_MAT_VEC q6_K m=98304 n=1 k=5120: 1 x 678.75 us = 678.75 us (1482.92 GFLOPS/s)
MUL_MAT_VEC q8_0 m=5120 n=1 k=10240: 1 x 101.32 us = 101.32 us (1034.86 GFLOPS/s)
PAD: 1 x 6.32 us = 6.32 us
RMS_NORM_MUL RMS_NORM(256,24,1,1): 1 x 3.64 us = 3.64 us
RMS_NORM_MUL RMS_NORM(256,4,1,1): 1 x 3.6 us = 3.6 us
RMS_NORM_MUL RMS_NORM(5120,1,1,1): 5 x 3.736 us = 18.68 us
ROPE: 2 x 3.58 us = 7.16 us
SET_ROWS: 2 x 2.62 us = 5.24 us
SIGMOID_MUL SIGMOID: 1 x 1.68 us = 1.68 us
TOP_K K=10 (98304,1,1,1): 1 x 8.72 us = 8.72 us
Total time: 1401.19 us.
----------------
Vulkan Timings:
ADD: 48 x 3.783 us = 181.6 us
CONCAT: 48 x 2.514 us = 120.68 us
CONT: 16 x 3.867 us = 61.88 us
CPY: 240 x 2.252 us = 540.68 us
FLASH_ATTN_EXT dst(256,24,5,1),  q(256,5,24,1),  k(256,256,4,1),  v(256,256,4,1),  m(256,5,1,1): 16 x 21.13 us = 338.08 us (1488.75 GFLOPS/s)
GDN_CACHE GATED_DELTA_NET: 48 x 13.756 us = 660.32 us
GET_ROWS: 50 x 26.741 us = 1337.08 us
GLU: 64 x 2.966 us = 189.88 us
MUL_MAT f32 m=256 n=120 k=256: 16 x 1.837 us = 29.4 us (8543.09 GFLOPS/s)
MUL_MAT f32 m=256 n=20 k=256: 16 x 3.155 us = 50.48 us (829.261 GFLOPS/s)
MUL_MAT f32 m=64 n=480 k=64: 16 x 3.685 us = 58.96 us (1058.74 GFLOPS/s)
MUL_MAT f32 m=64 n=80 k=64: 16 x 3.332 us = 53.32 us (195.121 GFLOPS/s)
MUL_MAT_ADD MUL_MAT_VEC q6_K m=5120 n=5 k=17408: 64 x 130.593 us = 8358 us (6824.71 GFLOPS/s)
MUL_MAT_ADD MUL_MAT_VEC q6_K m=5120 n=5 k=6144: 16 x 55.077 us = 881.24 us (5710.99 GFLOPS/s)
MUL_MAT_VEC f32 m=48 n=5 k=5120: 96 x 3.522 us = 338.2 us (697.536 GFLOPS/s)
MUL_MAT_VEC q6_K m=1024 n=5 k=5120: 32 x 10.781 us = 345 us (4862.49 GFLOPS/s)
MUL_MAT_VEC q6_K m=10240 n=5 k=5120: 48 x 82.085 us = 3940.12 us (6386.45 GFLOPS/s)
MUL_MAT_VEC q6_K m=12288 n=5 k=5120: 16 x 95.7 us = 1531.2 us (6573.5 GFLOPS/s)
MUL_MAT_VEC q6_K m=17408 n=5 k=5120: 128 x 140.838 us = 18027.3 us (6327.84 GFLOPS/s)
MUL_MAT_VEC q6_K m=248320 n=5 k=5120: 1 x 1789.16 us = 1789.16 us (7105.43 GFLOPS/s)
MUL_MAT_VEC q6_K m=6144 n=5 k=5120: 48 x 53.583 us = 2572 us (5870.15 GFLOPS/s)
MUL_MAT_VEC q8_0 m=5120 n=5 k=6144: 48 x 63.075 us = 3027.64 us (4986.81 GFLOPS/s)
RMS_NORM_MUL RMS_NORM(256,24,5,1): 16 x 3.882 us = 62.12 us
RMS_NORM_MUL RMS_NORM(256,4,5,1): 16 x 4.465 us = 71.44 us
RMS_NORM_MUL RMS_NORM(5120,5,1,1): 129 x 4.575 us = 590.2 us
RMS_NORM_MUL_SILU_MUL RMS_NORM(128,48,5,1): 48 x 5.716 us = 274.4 us
RMS_NORM_SCALE RMS_NORM(128,16,5,1): 96 x 2.648 us = 254.24 us
ROPE: 32 x 3.906 us = 125 us
SET_ROWS: 32 x 2.991 us = 95.72 us
SIGMOID_MUL SIGMOID: 16 x 3.735 us = 59.76 us
SSM_CONV_SILU SSM_CONV: 48 x 5.67 us = 272.2 us
Total time: 46237.3 us.
----------------
Vulkan Timings:
CONCAT: 1 x 2 us = 2 us
CONT: 1 x 3.8 us = 3.8 us
FLASH_ATTN_EXT dst(256,24,5,1),  q(256,5,24,1),  k(256,256,4,1),  v(256,256,4,1),  m(256,5,1,1): 1 x 21.36 us = 21.36 us (1472.72 GFLOPS/s)
GLU: 1 x 1.6 us = 1.6 us
MUL_MAT f32 m=256 n=120 k=256: 1 x 1.72 us = 1.72 us (9126.7 GFLOPS/s)
MUL_MAT f32 m=256 n=20 k=256: 1 x 3.16 us = 3.16 us (827.949 GFLOPS/s)
MUL_MAT f32 m=64 n=480 k=64: 1 x 3.8 us = 3.8 us (1026.69 GFLOPS/s)
MUL_MAT f32 m=64 n=80 k=64: 1 x 3.76 us = 3.76 us (172.936 GFLOPS/s)
MUL_MAT_ADD MUL_MAT_VEC q6_K m=5120 n=5 k=17408: 1 x 159.09 us = 159.09 us (5602.26 GFLOPS/s)
MUL_MAT_ADD MUL_MAT_VEC q6_K m=5120 n=5 k=6144: 1 x 62.44 us = 62.44 us (5037.59 GFLOPS/s)
MUL_MAT_VEC q6_K m=1024 n=5 k=5120: 2 x 9.46 us = 18.92 us (5541.62 GFLOPS/s)
MUL_MAT_VEC q6_K m=12288 n=5 k=5120: 1 x 130.15 us = 130.15 us (4833.53 GFLOPS/s)
MUL_MAT_VEC q6_K m=17408 n=5 k=5120: 2 x 137.24 us = 274.48 us (6493.75 GFLOPS/s)
MUL_MAT_VEC q8_0 m=5120 n=5 k=10240: 1 x 106.52 us = 106.52 us (4921.73 GFLOPS/s)
RMS_NORM_MUL RMS_NORM(256,24,5,1): 1 x 3.92 us = 3.92 us
RMS_NORM_MUL RMS_NORM(256,4,5,1): 1 x 3.76 us = 3.76 us
RMS_NORM_MUL RMS_NORM(5120,5,1,1): 5 x 9.428 us = 47.14 us
ROPE: 2 x 3.76 us = 7.52 us
SET_ROWS: 2 x 2.78 us = 5.56 us
SIGMOID_MUL SIGMOID: 1 x 1.88 us = 1.88 us
Total time: 862.58 us.
----------------
Vulkan Timings:
CONCAT: 1 x 3.68 us = 3.68 us
CONT: 1 x 3.52 us = 3.52 us
FLASH_ATTN_EXT dst(256,24,1,1),  q(256,1,24,1),  k(256,256,4,1),  v(256,256,4,1),  m(256,1,1,1): 1 x 12.72 us = 12.72 us (494.611 GFLOPS/s)
GET_ROWS: 2 x 4.18 us = 8.36 us
GLU: 1 x 1.68 us = 1.68 us
MUL_MAT f32 m=256 n=24 k=256: 1 x 1.52 us = 1.52 us (2065.52 GFLOPS/s)
MUL_MAT f32 m=64 n=16 k=64: 1 x 1.8 us = 1.8 us (72.2489 GFLOPS/s)
MUL_MAT f32 m=64 n=96 k=64: 1 x 3.24 us = 3.24 us (240.83 GFLOPS/s)
MUL_MAT_ADD MUL_MAT_VEC q6_K m=5120 n=1 k=17408: 1 x 130.76 us = 130.76 us (1363.21 GFLOPS/s)
MUL_MAT_ADD MUL_MAT_VEC q6_K m=5120 n=1 k=6144: 1 x 55.36 us = 55.36 us (1136.37 GFLOPS/s)
MUL_MAT_VEC f32 m=256 n=4 k=256: 1 x 3.04 us = 3.04 us (172.126 GFLOPS/s)
MUL_MAT_VEC q6_K m=1024 n=1 k=5120: 2 x 9.26 us = 18.52 us (1132.26 GFLOPS/s)
MUL_MAT_VEC q6_K m=12288 n=1 k=5120: 1 x 89.8 us = 89.8 us (1401.08 GFLOPS/s)
MUL_MAT_VEC q6_K m=17408 n=1 k=5120: 2 x 117.86 us = 235.72 us (1512.31 GFLOPS/s)
MUL_MAT_VEC q6_K m=98304 n=1 k=5120: 1 x 675.02 us = 675.02 us (1491.12 GFLOPS/s)
MUL_MAT_VEC q8_0 m=5120 n=1 k=10240: 1 x 92.12 us = 92.12 us (1138.22 GFLOPS/s)
PAD: 1 x 6.32 us = 6.32 us
RMS_NORM_MUL RMS_NORM(256,24,1,1): 1 x 3.2 us = 3.2 us
RMS_NORM_MUL RMS_NORM(256,4,1,1): 1 x 4.84 us = 4.84 us
RMS_NORM_MUL RMS_NORM(5120,1,1,1): 5 x 4.424 us = 22.12 us
ROPE: 2 x 3.36 us = 6.72 us
SET_ROWS: 2 x 2.64 us = 5.28 us
SIGMOID_MUL SIGMOID: 1 x 1.56 us = 1.56 us
TOP_K K=10 (98304,1,1,1): 1 x 8.92 us = 8.92 us
Total time: 1395.82 us.
----------------
Vulkan Timings:
CONCAT: 1 x 3.76 us = 3.76 us
CONT: 1 x 3.6 us = 3.6 us
FLASH_ATTN_EXT dst(256,24,1,1),  q(256,1,24,1),  k(256,256,4,1),  v(256,256,4,1),  m(256,1,1,1): 1 x 12.96 us = 12.96 us (485.452 GFLOPS/s)
GET_ROWS: 2 x 4.18 us = 8.36 us
GLU: 1 x 1.72 us = 1.72 us
MUL_MAT f32 m=256 n=24 k=256: 1 x 1.68 us = 1.68 us (1868.8 GFLOPS/s)
MUL_MAT f32 m=64 n=16 k=64: 1 x 3.64 us = 3.64 us (35.7275 GFLOPS/s)
MUL_MAT f32 m=64 n=96 k=64: 1 x 3.56 us = 3.56 us (219.182 GFLOPS/s)
MUL_MAT_ADD MUL_MAT_VEC q6_K m=5120 n=1 k=17408: 1 x 123.08 us = 123.08 us (1448.27 GFLOPS/s)
MUL_MAT_ADD MUL_MAT_VEC q6_K m=5120 n=1 k=6144: 1 x 53.48 us = 53.48 us (1176.32 GFLOPS/s)
MUL_MAT_VEC f32 m=256 n=4 k=256: 1 x 3 us = 3 us (174.421 GFLOPS/s)
MUL_MAT_VEC q6_K m=1024 n=1 k=5120: 2 x 9.08 us = 18.16 us (1154.71 GFLOPS/s)
MUL_MAT_VEC q6_K m=12288 n=1 k=5120: 1 x 85.56 us = 85.56 us (1470.51 GFLOPS/s)
MUL_MAT_VEC q6_K m=17408 n=1 k=5120: 2 x 121.24 us = 242.48 us (1470.15 GFLOPS/s)
MUL_MAT_VEC q6_K m=98304 n=1 k=5120: 1 x 672.65 us = 672.65 us (1496.37 GFLOPS/s)
MUL_MAT_VEC q8_0 m=5120 n=1 k=10240: 1 x 101.04 us = 101.04 us (1037.73 GFLOPS/s)
PAD: 1 x 7 us = 7 us
RMS_NORM_MUL RMS_NORM(256,24,1,1): 1 x 3.6 us = 3.6 us
RMS_NORM_MUL RMS_NORM(256,4,1,1): 1 x 3.6 us = 3.6 us
RMS_NORM_MUL RMS_NORM(5120,1,1,1): 5 x 3.688 us = 18.44 us
ROPE: 2 x 3.58 us = 7.16 us
SET_ROWS: 2 x 2.64 us = 5.28 us
SIGMOID_MUL SIGMOID: 1 x 1.68 us = 1.68 us
TOP_K K=10 (98304,1,1,1): 1 x 8.88 us = 8.88 us
Total time: 1394.37 us.
----------------
Vulkan Timings:
CONCAT: 1 x 3.76 us = 3.76 us
CONT: 1 x 3.6 us = 3.6 us
FLASH_ATTN_EXT dst(256,24,1,1),  q(256,1,24,1),  k(256,256,4,1),  v(256,256,4,1),  m(256,1,1,1): 1 x 12.84 us = 12.84 us (489.989 GFLOPS/s)
GET_ROWS: 2 x 4.28 us = 8.56 us
GLU: 1 x 1.84 us = 1.84 us
MUL_MAT f32 m=256 n=24 k=256: 1 x 1.6 us = 1.6 us (1962.24 GFLOPS/s)
MUL_MAT f32 m=64 n=16 k=64: 1 x 3.6 us = 3.6 us (36.1244 GFLOPS/s)
MUL_MAT f32 m=64 n=96 k=64: 1 x 3.64 us = 3.64 us (214.365 GFLOPS/s)
MUL_MAT_ADD MUL_MAT_VEC q6_K m=5120 n=1 k=17408: 1 x 125.12 us = 125.12 us (1424.65 GFLOPS/s)
MUL_MAT_ADD MUL_MAT_VEC q6_K m=5120 n=1 k=6144: 1 x 53.56 us = 53.56 us (1174.56 GFLOPS/s)
MUL_MAT_VEC f32 m=256 n=4 k=256: 1 x 3 us = 3 us (174.421 GFLOPS/s)
MUL_MAT_VEC q6_K m=1024 n=1 k=5120: 2 x 9.36 us = 18.72 us (1120.16 GFLOPS/s)
MUL_MAT_VEC q6_K m=12288 n=1 k=5120: 1 x 87.36 us = 87.36 us (1440.21 GFLOPS/s)
MUL_MAT_VEC q6_K m=17408 n=1 k=5120: 2 x 121.18 us = 242.36 us (1470.87 GFLOPS/s)
MUL_MAT_VEC q6_K m=98304 n=1 k=5120: 1 x 674.37 us = 674.37 us (1492.56 GFLOPS/s)
MUL_MAT_VEC q8_0 m=5120 n=1 k=10240: 1 x 100.8 us = 100.8 us (1040.2 GFLOPS/s)
PAD: 1 x 6.32 us = 6.32 us
RMS_NORM_MUL RMS_NORM(256,24,1,1): 1 x 3.6 us = 3.6 us
RMS_NORM_MUL RMS_NORM(256,4,1,1): 1 x 3.6 us = 3.6 us
RMS_NORM_MUL RMS_NORM(5120,1,1,1): 5 x 3.712 us = 18.56 us
ROPE: 2 x 3.58 us = 7.16 us
SET_ROWS: 2 x 2.66 us = 5.32 us
SIGMOID_MUL SIGMOID: 1 x 1.68 us = 1.68 us
TOP_K K=10 (98304,1,1,1): 1 x 8.8 us = 8.8 us
Total time: 1399.77 us.
----------------
Vulkan Timings:
CONCAT: 1 x 3.8 us = 3.8 us
CONT: 1 x 3.64 us = 3.64 us
FLASH_ATTN_EXT dst(256,24,1,1),  q(256,1,24,1),  k(256,256,4,1),  v(256,256,4,1),  m(256,1,1,1): 1 x 12.8 us = 12.8 us (491.52 GFLOPS/s)
GET_ROWS: 2 x 4.22 us = 8.44 us
GLU: 1 x 1.88 us = 1.88 us
MUL_MAT f32 m=256 n=24 k=256: 1 x 1.64 us = 1.64 us (1914.38 GFLOPS/s)
MUL_MAT f32 m=64 n=16 k=64: 1 x 3.6 us = 3.6 us (36.1244 GFLOPS/s)
MUL_MAT f32 m=64 n=96 k=64: 1 x 3.64 us = 3.64 us (214.365 GFLOPS/s)
MUL_MAT_ADD MUL_MAT_VEC q6_K m=5120 n=1 k=17408: 1 x 123.48 us = 123.48 us (1443.58 GFLOPS/s)
MUL_MAT_ADD MUL_MAT_VEC q6_K m=5120 n=1 k=6144: 1 x 53.52 us = 53.52 us (1175.44 GFLOPS/s)
MUL_MAT_VEC f32 m=256 n=4 k=256: 1 x 3.04 us = 3.04 us (172.126 GFLOPS/s)
MUL_MAT_VEC q6_K m=1024 n=1 k=5120: 2 x 8.98 us = 17.96 us (1167.57 GFLOPS/s)
MUL_MAT_VEC q6_K m=12288 n=1 k=5120: 1 x 85.28 us = 85.28 us (1475.34 GFLOPS/s)
MUL_MAT_VEC q6_K m=17408 n=1 k=5120: 2 x 121.06 us = 242.12 us (1472.33 GFLOPS/s)
MUL_MAT_VEC q6_K m=98304 n=1 k=5120: 1 x 673.64 us = 673.64 us (1494.17 GFLOPS/s)
MUL_MAT_VEC q8_0 m=5120 n=1 k=10240: 1 x 101.64 us = 101.64 us (1031.61 GFLOPS/s)
PAD: 1 x 6.28 us = 6.28 us
RMS_NORM_MUL RMS_NORM(256,24,1,1): 1 x 3.64 us = 3.64 us
RMS_NORM_MUL RMS_NORM(256,4,1,1): 1 x 3.6 us = 3.6 us
RMS_NORM_MUL RMS_NORM(5120,1,1,1): 5 x 3.76 us = 18.8 us
ROPE: 2 x 3.58 us = 7.16 us
SET_ROWS: 2 x 2.66 us = 5.32 us
SIGMOID_MUL SIGMOID: 1 x 1.64 us = 1.64 us
TOP_K K=10 (98304,1,1,1): 1 x 8.88 us = 8.88 us
Total time: 1395.44 us.
----------------
Vulkan Timings:
ADD: 48 x 3.78 us = 181.44 us
CONCAT: 48 x 2.498 us = 119.92 us
CONT: 16 x 3.842 us = 61.48 us
CPY: 240 x 2.22 us = 533 us
FLASH_ATTN_EXT dst(256,24,5,1),  q(256,5,24,1),  k(256,256,4,1),  v(256,256,4,1),  m(256,5,1,1): 16 x 21.077 us = 337.24 us (1492.46 GFLOPS/s)
GDN_CACHE GATED_DELTA_NET: 48 x 14.017 us = 672.84 us
GET_ROWS: 50 x 26.696 us = 1334.84 us
GLU: 64 x 2.876 us = 184.12 us
MUL_MAT f32 m=256 n=120 k=256: 16 x 1.885 us = 30.16 us (8327.81 GFLOPS/s)
MUL_MAT f32 m=256 n=20 k=256: 16 x 2.845 us = 45.52 us (919.62 GFLOPS/s)
MUL_MAT f32 m=64 n=480 k=64: 16 x 3.657 us = 58.52 us (1066.7 GFLOPS/s)
MUL_MAT f32 m=64 n=80 k=64: 16 x 3.32 us = 53.12 us (195.855 GFLOPS/s)
MUL_MAT_ADD MUL_MAT_VEC q6_K m=5120 n=5 k=17408: 64 x 130.688 us = 8364.04 us (6819.78 GFLOPS/s)
MUL_MAT_ADD MUL_MAT_VEC q6_K m=5120 n=5 k=6144: 16 x 55.162 us = 882.6 us (5702.19 GFLOPS/s)
MUL_MAT_VEC f32 m=48 n=5 k=5120: 96 x 3.487 us = 334.84 us (704.535 GFLOPS/s)
MUL_MAT_VEC q6_K m=1024 n=5 k=5120: 32 x 10.777 us = 344.88 us (4864.18 GFLOPS/s)
MUL_MAT_VEC q6_K m=10240 n=5 k=5120: 48 x 81.995 us = 3935.8 us (6393.46 GFLOPS/s)
MUL_MAT_VEC q6_K m=12288 n=5 k=5120: 16 x 95.63 us = 1530.08 us (6578.31 GFLOPS/s)
MUL_MAT_VEC q6_K m=17408 n=5 k=5120: 128 x 141.111 us = 18062.3 us (6315.59 GFLOPS/s)
MUL_MAT_VEC q6_K m=248320 n=5 k=5120: 1 x 1786.68 us = 1786.68 us (7115.29 GFLOPS/s)
MUL_MAT_VEC q6_K m=6144 n=5 k=5120: 48 x 53.521 us = 2569.04 us (5876.91 GFLOPS/s)
MUL_MAT_VEC q8_0 m=5120 n=5 k=6144: 48 x 63.108 us = 3029.2 us (4984.24 GFLOPS/s)
RMS_NORM_MUL RMS_NORM(256,24,5,1): 16 x 3.9 us = 62.4 us
RMS_NORM_MUL RMS_NORM(256,4,5,1): 16 x 4.44 us = 71.04 us
RMS_NORM_MUL RMS_NORM(5120,5,1,1): 129 x 4.571 us = 589.76 us
RMS_NORM_MUL_SILU_MUL RMS_NORM(128,48,5,1): 48 x 5.693 us = 273.28 us
RMS_NORM_SCALE RMS_NORM(128,16,5,1): 96 x 2.688 us = 258.12 us
ROPE: 32 x 3.873 us = 123.96 us
SET_ROWS: 32 x 3.111 us = 99.56 us
SIGMOID_MUL SIGMOID: 16 x 3.697 us = 59.16 us
SSM_CONV_SILU SSM_CONV: 48 x 5.695 us = 273.4 us
Total time: 46262.3 us.
----------------
Vulkan Timings:
CONCAT: 1 x 4.16 us = 4.16 us
CONT: 1 x 3.8 us = 3.8 us
FLASH_ATTN_EXT dst(256,24,5,1),  q(256,5,24,1),  k(256,256,4,1),  v(256,256,4,1),  m(256,5,1,1): 1 x 21.2 us = 21.2 us (1483.83 GFLOPS/s)
GLU: 1 x 1.48 us = 1.48 us
MUL_MAT f32 m=256 n=120 k=256: 1 x 1.76 us = 1.76 us (8919.27 GFLOPS/s)
MUL_MAT f32 m=256 n=20 k=256: 1 x 3.16 us = 3.16 us (827.949 GFLOPS/s)
MUL_MAT f32 m=64 n=480 k=64: 1 x 3.76 us = 3.76 us (1037.62 GFLOPS/s)
MUL_MAT f32 m=64 n=80 k=64: 1 x 3.8 us = 3.8 us (171.116 GFLOPS/s)
MUL_MAT_ADD MUL_MAT_VEC q6_K m=5120 n=5 k=17408: 1 x 156.09 us = 156.09 us (5709.94 GFLOPS/s)
MUL_MAT_ADD MUL_MAT_VEC q6_K m=5120 n=5 k=6144: 1 x 62.24 us = 62.24 us (5053.78 GFLOPS/s)
MUL_MAT_VEC q6_K m=1024 n=5 k=5120: 2 x 9.26 us = 18.52 us (5661.3 GFLOPS/s)
MUL_MAT_VEC q6_K m=12288 n=5 k=5120: 1 x 126.78 us = 126.78 us (4962.01 GFLOPS/s)
MUL_MAT_VEC q6_K m=17408 n=5 k=5120: 2 x 137.24 us = 274.48 us (6493.75 GFLOPS/s)
MUL_MAT_VEC q8_0 m=5120 n=5 k=10240: 1 x 107.28 us = 107.28 us (4886.86 GFLOPS/s)
RMS_NORM_MUL RMS_NORM(256,24,5,1): 1 x 3.92 us = 3.92 us
RMS_NORM_MUL RMS_NORM(256,4,5,1): 1 x 3.76 us = 3.76 us
RMS_NORM_MUL RMS_NORM(5120,5,1,1): 5 x 8.204 us = 41.02 us
ROPE: 2 x 3.82 us = 7.64 us
SET_ROWS: 2 x 2.78 us = 5.56 us
SIGMOID_MUL SIGMOID: 1 x 1.76 us = 1.76 us
Total time: 852.17 us.
----------------
Vulkan Timings:
CONCAT: 1 x 3.68 us = 3.68 us
CONT: 1 x 3.48 us = 3.48 us
FLASH_ATTN_EXT dst(256,24,1,1),  q(256,1,24,1),  k(256,256,4,1),  v(256,256,4,1),  m(256,1,1,1): 1 x 12.44 us = 12.44 us (505.744 GFLOPS/s)
GET_ROWS: 2 x 4.28 us = 8.56 us
GLU: 1 x 1.64 us = 1.64 us
MUL_MAT f32 m=256 n=24 k=256: 1 x 1.56 us = 1.56 us (2012.55 GFLOPS/s)
MUL_MAT f32 m=64 n=16 k=64: 1 x 1.84 us = 1.84 us (70.6783 GFLOPS/s)
MUL_MAT f32 m=64 n=96 k=64: 1 x 3.2 us = 3.2 us (243.84 GFLOPS/s)
MUL_MAT_ADD MUL_MAT_VEC q6_K m=5120 n=1 k=17408: 1 x 129.76 us = 129.76 us (1373.71 GFLOPS/s)
MUL_MAT_ADD MUL_MAT_VEC q6_K m=5120 n=1 k=6144: 1 x 54.24 us = 54.24 us (1159.83 GFLOPS/s)
MUL_MAT_VEC f32 m=256 n=4 k=256: 1 x 3.04 us = 3.04 us (172.126 GFLOPS/s)
MUL_MAT_VEC q6_K m=1024 n=1 k=5120: 2 x 6.18 us = 12.36 us (1696.56 GFLOPS/s)
MUL_MAT_VEC q6_K m=12288 n=1 k=5120: 1 x 96.92 us = 96.92 us (1298.15 GFLOPS/s)
MUL_MAT_VEC q6_K m=17408 n=1 k=5120: 2 x 117.84 us = 235.68 us (1512.56 GFLOPS/s)
MUL_MAT_VEC q6_K m=98304 n=1 k=5120: 1 x 673.85 us = 673.85 us (1493.71 GFLOPS/s)
MUL_MAT_VEC q8_0 m=5120 n=1 k=10240: 1 x 91.88 us = 91.88 us (1141.19 GFLOPS/s)
PAD: 1 x 6.2 us = 6.2 us
RMS_NORM_MUL RMS_NORM(256,24,1,1): 1 x 3.2 us = 3.2 us
RMS_NORM_MUL RMS_NORM(256,4,1,1): 1 x 4.84 us = 4.84 us
RMS_NORM_MUL RMS_NORM(5120,1,1,1): 5 x 4.368 us = 21.84 us
ROPE: 2 x 3.34 us = 6.68 us
SET_ROWS: 2 x 2.6 us = 5.2 us
SIGMOID_MUL SIGMOID: 1 x 1.52 us = 1.52 us
TOP_K K=10 (98304,1,1,1): 1 x 8.76 us = 8.76 us
Total time: 1392.37 us.
----------------
Vulkan Timings:
CONCAT: 1 x 3.72 us = 3.72 us
CONT: 1 x 3.6 us = 3.6 us
FLASH_ATTN_EXT dst(256,24,1,1),  q(256,1,24,1),  k(256,256,4,1),  v(256,256,4,1),  m(256,1,1,1): 1 x 13.04 us = 13.04 us (482.474 GFLOPS/s)
GET_ROWS: 2 x 4.22 us = 8.44 us
GLU: 1 x 1.68 us = 1.68 us
MUL_MAT f32 m=256 n=24 k=256: 1 x 1.64 us = 1.64 us (1914.38 GFLOPS/s)
MUL_MAT f32 m=64 n=16 k=64: 1 x 3.64 us = 3.64 us (35.7275 GFLOPS/s)
MUL_MAT f32 m=64 n=96 k=64: 1 x 3.6 us = 3.6 us (216.747 GFLOPS/s)
MUL_MAT_ADD MUL_MAT_VEC q6_K m=5120 n=1 k=17408: 1 x 123.16 us = 123.16 us (1447.33 GFLOPS/s)
MUL_MAT_ADD MUL_MAT_VEC q6_K m=5120 n=1 k=6144: 1 x 53.6 us = 53.6 us (1173.68 GFLOPS/s)
MUL_MAT_VEC f32 m=256 n=4 k=256: 1 x 3 us = 3 us (174.421 GFLOPS/s)
MUL_MAT_VEC q6_K m=1024 n=1 k=5120: 2 x 9.02 us = 18.04 us (1162.39 GFLOPS/s)
MUL_MAT_VEC q6_K m=12288 n=1 k=5120: 1 x 85.4 us = 85.4 us (1473.27 GFLOPS/s)
MUL_MAT_VEC q6_K m=17408 n=1 k=5120: 2 x 121.1 us = 242.2 us (1471.85 GFLOPS/s)
MUL_MAT_VEC q6_K m=98304 n=1 k=5120: 1 x 674.65 us = 674.65 us (1491.94 GFLOPS/s)
MUL_MAT_VEC q8_0 m=5120 n=1 k=10240: 1 x 101.68 us = 101.68 us (1031.2 GFLOPS/s)
PAD: 1 x 6.32 us = 6.32 us
RMS_NORM_MUL RMS_NORM(256,24,1,1): 1 x 3.64 us = 3.64 us
RMS_NORM_MUL RMS_NORM(256,4,1,1): 1 x 3.6 us = 3.6 us
RMS_NORM_MUL RMS_NORM(5120,1,1,1): 5 x 3.72 us = 18.6 us
ROPE: 2 x 3.56 us = 7.12 us
SET_ROWS: 2 x 2.62 us = 5.24 us
SIGMOID_MUL SIGMOID: 1 x 1.68 us = 1.68 us
TOP_K K=10 (98304,1,1,1): 1 x 8.76 us = 8.76 us
Total time: 1396.05 us.
----------------
Vulkan Timings:
CONCAT: 1 x 3.76 us = 3.76 us
CONT: 1 x 3.64 us = 3.64 us
FLASH_ATTN_EXT dst(256,24,1,1),  q(256,1,24,1),  k(256,256,4,1),  v(256,256,4,1),  m(256,1,1,1): 1 x 12.92 us = 12.92 us (486.955 GFLOPS/s)
GET_ROWS: 2 x 4.18 us = 8.36 us
GLU: 1 x 1.84 us = 1.84 us
MUL_MAT f32 m=256 n=24 k=256: 1 x 1.68 us = 1.68 us (1868.8 GFLOPS/s)
MUL_MAT f32 m=64 n=16 k=64: 1 x 3.6 us = 3.6 us (36.1244 GFLOPS/s)
MUL_MAT f32 m=64 n=96 k=64: 1 x 3.64 us = 3.64 us (214.365 GFLOPS/s)
MUL_MAT_ADD MUL_MAT_VEC q6_K m=5120 n=1 k=17408: 1 x 123.24 us = 123.24 us (1446.39 GFLOPS/s)
MUL_MAT_ADD MUL_MAT_VEC q6_K m=5120 n=1 k=6144: 1 x 54.52 us = 54.52 us (1153.88 GFLOPS/s)
MUL_MAT_VEC f32 m=256 n=4 k=256: 1 x 3 us = 3 us (174.421 GFLOPS/s)
MUL_MAT_VEC q6_K m=1024 n=1 k=5120: 2 x 9.28 us = 18.56 us (1129.82 GFLOPS/s)
MUL_MAT_VEC q6_K m=12288 n=1 k=5120: 1 x 85.84 us = 85.84 us (1465.71 GFLOPS/s)
MUL_MAT_VEC q6_K m=17408 n=1 k=5120: 2 x 121.26 us = 242.52 us (1469.9 GFLOPS/s)
MUL_MAT_VEC q6_K m=98304 n=1 k=5120: 1 x 679.63 us = 679.63 us (1481 GFLOPS/s)
MUL_MAT_VEC q8_0 m=5120 n=1 k=10240: 1 x 101.52 us = 101.52 us (1032.83 GFLOPS/s)
PAD: 1 x 6.36 us = 6.36 us
RMS_NORM_MUL RMS_NORM(256,24,1,1): 1 x 3.6 us = 3.6 us
RMS_NORM_MUL RMS_NORM(256,4,1,1): 1 x 3.56 us = 3.56 us
RMS_NORM_MUL RMS_NORM(5120,1,1,1): 5 x 3.736 us = 18.68 us
ROPE: 2 x 3.58 us = 7.16 us
SET_ROWS: 2 x 2.62 us = 5.24 us
SIGMOID_MUL SIGMOID: 1 x 1.68 us = 1.68 us
TOP_K K=10 (98304,1,1,1): 1 x 9 us = 9 us
Total time: 1403.55 us.
----------------
Vulkan Timings:
CONCAT: 1 x 4 us = 4 us
CONT: 1 x 3.64 us = 3.64 us
FLASH_ATTN_EXT dst(256,24,1,1),  q(256,1,24,1),  k(256,256,4,1),  v(256,256,4,1),  m(256,1,1,1): 1 x 12.8 us = 12.8 us (491.52 GFLOPS/s)
GET_ROWS: 2 x 4.22 us = 8.44 us
GLU: 1 x 1.88 us = 1.88 us
MUL_MAT f32 m=256 n=24 k=256: 1 x 1.68 us = 1.68 us (1868.8 GFLOPS/s)
MUL_MAT f32 m=64 n=16 k=64: 1 x 3.64 us = 3.64 us (35.7275 GFLOPS/s)
MUL_MAT f32 m=64 n=96 k=64: 1 x 3.6 us = 3.6 us (216.747 GFLOPS/s)
MUL_MAT_ADD MUL_MAT_VEC q6_K m=5120 n=1 k=17408: 1 x 125.32 us = 125.32 us (1422.38 GFLOPS/s)
MUL_MAT_ADD MUL_MAT_VEC q6_K m=5120 n=1 k=6144: 1 x 53.96 us = 53.96 us (1165.85 GFLOPS/s)
MUL_MAT_VEC f32 m=256 n=4 k=256: 1 x 3.04 us = 3.04 us (172.126 GFLOPS/s)
MUL_MAT_VEC q6_K m=1024 n=1 k=5120: 2 x 9.28 us = 18.56 us (1129.82 GFLOPS/s)
MUL_MAT_VEC q6_K m=12288 n=1 k=5120: 1 x 85.72 us = 85.72 us (1467.77 GFLOPS/s)
MUL_MAT_VEC q6_K m=17408 n=1 k=5120: 2 x 121.26 us = 242.52 us (1469.9 GFLOPS/s)
MUL_MAT_VEC q6_K m=98304 n=1 k=5120: 1 x 681.11 us = 681.11 us (1477.79 GFLOPS/s)
MUL_MAT_VEC q8_0 m=5120 n=1 k=10240: 1 x 101.04 us = 101.04 us (1037.73 GFLOPS/s)
PAD: 1 x 6.32 us = 6.32 us
RMS_NORM_MUL RMS_NORM(256,24,1,1): 1 x 3.64 us = 3.64 us
RMS_NORM_MUL RMS_NORM(256,4,1,1): 1 x 3.6 us = 3.6 us
RMS_NORM_MUL RMS_NORM(5120,1,1,1): 5 x 3.704 us = 18.52 us
ROPE: 2 x 3.6 us = 7.2 us
SET_ROWS: 2 x 2.66 us = 5.32 us
SIGMOID_MUL SIGMOID: 1 x 1.64 us = 1.64 us
TOP_K K=10 (98304,1,1,1): 1 x 9.2 us = 9.2 us
Total time: 1406.39 us.
----------------
Vulkan Timings:
ADD: 48 x 3.775 us = 181.2 us
CONCAT: 48 x 2.505 us = 120.24 us
CONT: 16 x 3.85 us = 61.6 us
CPY: 240 x 2.235 us = 536.6 us
FLASH_ATTN_EXT dst(256,24,5,1),  q(256,5,24,1),  k(256,256,4,1),  v(256,256,4,1),  m(256,5,1,1): 16 x 21.292 us = 340.68 us (1477.39 GFLOPS/s)
GDN_CACHE GATED_DELTA_NET: 48 x 13.775 us = 661.2 us
GET_ROWS: 50 x 26.667 us = 1333.36 us
GLU: 64 x 2.915 us = 186.6 us
MUL_MAT f32 m=256 n=120 k=256: 16 x 1.847 us = 29.56 us (8496.84 GFLOPS/s)
MUL_MAT f32 m=256 n=20 k=256: 16 x 2.997 us = 47.96 us (872.834 GFLOPS/s)
MUL_MAT f32 m=64 n=480 k=64: 16 x 3.66 us = 58.56 us (1065.97 GFLOPS/s)
MUL_MAT f32 m=64 n=80 k=64: 16 x 3.415 us = 54.64 us (190.407 GFLOPS/s)
MUL_MAT_ADD MUL_MAT_VEC q6_K m=5120 n=5 k=17408: 64 x 130.605 us = 8358.72 us (6824.12 GFLOPS/s)
MUL_MAT_ADD MUL_MAT_VEC q6_K m=5120 n=5 k=6144: 16 x 55.135 us = 882.16 us (5705.04 GFLOPS/s)
MUL_MAT_VEC f32 m=48 n=5 k=5120: 96 x 3.487 us = 334.8 us (704.619 GFLOPS/s)
MUL_MAT_VEC q6_K m=1024 n=5 k=5120: 32 x 10.84 us = 346.88 us (4836.13 GFLOPS/s)
MUL_MAT_VEC q6_K m=10240 n=5 k=5120: 48 x 82.062 us = 3939 us (6388.26 GFLOPS/s)
MUL_MAT_VEC q6_K m=12288 n=5 k=5120: 16 x 95.53 us = 1528.48 us (6585.2 GFLOPS/s)
MUL_MAT_VEC q6_K m=17408 n=5 k=5120: 128 x 140.864 us = 18030.6 us (6326.69 GFLOPS/s)
MUL_MAT_VEC q6_K m=248320 n=5 k=5120: 1 x 1777.24 us = 1777.24 us (7153.08 GFLOPS/s)
MUL_MAT_VEC q6_K m=6144 n=5 k=5120: 48 x 53.574 us = 2571.56 us (5871.15 GFLOPS/s)
MUL_MAT_VEC q8_0 m=5120 n=5 k=6144: 48 x 63.049 us = 3026.36 us (4988.92 GFLOPS/s)
RMS_NORM_MUL RMS_NORM(256,24,5,1): 16 x 3.747 us = 59.96 us
RMS_NORM_MUL RMS_NORM(256,4,5,1): 16 x 4.355 us = 69.68 us
RMS_NORM_MUL RMS_NORM(5120,5,1,1): 129 x 4.554 us = 587.48 us
RMS_NORM_MUL_SILU_MUL RMS_NORM(128,48,5,1): 48 x 5.694 us = 273.32 us
RMS_NORM_SCALE RMS_NORM(128,16,5,1): 96 x 2.672 us = 256.56 us
ROPE: 32 x 3.885 us = 124.32 us
SET_ROWS: 32 x 2.93 us = 93.76 us
SIGMOID_MUL SIGMOID: 16 x 3.715 us = 59.44 us
SSM_CONV_SILU SSM_CONV: 48 x 5.734 us = 275.24 us
Total time: 46207.8 us.
----------------
Vulkan Timings:
CONCAT: 1 x 1.92 us = 1.92 us
CONT: 1 x 3.76 us = 3.76 us
FLASH_ATTN_EXT dst(256,24,5,1),  q(256,5,24,1),  k(256,256,4,1),  v(256,256,4,1),  m(256,5,1,1): 1 x 21.2 us = 21.2 us (1483.83 GFLOPS/s)
GLU: 1 x 1.56 us = 1.56 us
MUL_MAT f32 m=256 n=120 k=256: 1 x 1.72 us = 1.72 us (9126.7 GFLOPS/s)
MUL_MAT f32 m=256 n=20 k=256: 1 x 3.12 us = 3.12 us (838.564 GFLOPS/s)
MUL_MAT f32 m=64 n=480 k=64: 1 x 3.76 us = 3.76 us (1037.62 GFLOPS/s)
MUL_MAT f32 m=64 n=80 k=64: 1 x 3.76 us = 3.76 us (172.936 GFLOPS/s)
MUL_MAT_ADD MUL_MAT_VEC q6_K m=5120 n=5 k=17408: 1 x 155.87 us = 155.87 us (5718 GFLOPS/s)
MUL_MAT_ADD MUL_MAT_VEC q6_K m=5120 n=5 k=6144: 1 x 61.48 us = 61.48 us (5116.25 GFLOPS/s)
MUL_MAT_VEC q6_K m=1024 n=5 k=5120: 2 x 9.5 us = 19 us (5518.28 GFLOPS/s)
MUL_MAT_VEC q6_K m=12288 n=5 k=5120: 1 x 122.64 us = 122.64 us (5129.52 GFLOPS/s)
MUL_MAT_VEC q6_K m=17408 n=5 k=5120: 2 x 136.46 us = 272.92 us (6530.87 GFLOPS/s)
MUL_MAT_VEC q8_0 m=5120 n=5 k=10240: 1 x 106.28 us = 106.28 us (4932.84 GFLOPS/s)
RMS_NORM_MUL RMS_NORM(256,24,5,1): 1 x 3.92 us = 3.92 us
RMS_NORM_MUL RMS_NORM(256,4,5,1): 1 x 3.72 us = 3.72 us
RMS_NORM_MUL RMS_NORM(5120,5,1,1): 5 x 8.814 us = 44.07 us
ROPE: 2 x 3.74 us = 7.48 us
SET_ROWS: 2 x 2.74 us = 5.48 us
SIGMOID_MUL SIGMOID: 1 x 1.76 us = 1.76 us
Total time: 845.42 us.
----------------
Vulkan Timings:
CONCAT: 1 x 3.64 us = 3.64 us
CONT: 1 x 3.48 us = 3.48 us
FLASH_ATTN_EXT dst(256,24,1,1),  q(256,1,24,1),  k(256,256,4,1),  v(256,256,4,1),  m(256,1,1,1): 1 x 12.64 us = 12.64 us (497.742 GFLOPS/s)
GET_ROWS: 2 x 4.28 us = 8.56 us
GLU: 1 x 1.68 us = 1.68 us
MUL_MAT f32 m=256 n=24 k=256: 1 x 1.48 us = 1.48 us (2121.34 GFLOPS/s)
MUL_MAT f32 m=64 n=16 k=64: 1 x 1.84 us = 1.84 us (70.6783 GFLOPS/s)
MUL_MAT f32 m=64 n=96 k=64: 1 x 3.2 us = 3.2 us (243.84 GFLOPS/s)
MUL_MAT_ADD MUL_MAT_VEC q6_K m=5120 n=1 k=17408: 1 x 129.4 us = 129.4 us (1377.53 GFLOPS/s)
MUL_MAT_ADD MUL_MAT_VEC q6_K m=5120 n=1 k=6144: 1 x 54.36 us = 54.36 us (1157.27 GFLOPS/s)
MUL_MAT_VEC f32 m=256 n=4 k=256: 1 x 3 us = 3 us (174.421 GFLOPS/s)
MUL_MAT_VEC q6_K m=1024 n=1 k=5120: 2 x 9.36 us = 18.72 us (1120.16 GFLOPS/s)
MUL_MAT_VEC q6_K m=12288 n=1 k=5120: 1 x 90.52 us = 90.52 us (1389.93 GFLOPS/s)
MUL_MAT_VEC q6_K m=17408 n=1 k=5120: 2 x 118.02 us = 236.04 us (1510.26 GFLOPS/s)
MUL_MAT_VEC q6_K m=98304 n=1 k=5120: 1 x 669.32 us = 669.32 us (1503.82 GFLOPS/s)
MUL_MAT_VEC q8_0 m=5120 n=1 k=10240: 1 x 91.24 us = 91.24 us (1149.19 GFLOPS/s)
PAD: 1 x 6.32 us = 6.32 us
RMS_NORM_MUL RMS_NORM(256,24,1,1): 1 x 3.2 us = 3.2 us
RMS_NORM_MUL RMS_NORM(256,4,1,1): 1 x 4.8 us = 4.8 us
RMS_NORM_MUL RMS_NORM(5120,1,1,1): 5 x 4.432 us = 22.16 us
ROPE: 2 x 3.3 us = 6.6 us
SET_ROWS: 2 x 2.6 us = 5.2 us
SIGMOID_MUL SIGMOID: 1 x 1.6 us = 1.6 us
TOP_K K=10 (98304,1,1,1): 1 x 8.92 us = 8.92 us
Total time: 1387.92 us.
----------------
Vulkan Timings:
CONCAT: 1 x 3.76 us = 3.76 us
CONT: 1 x 3.6 us = 3.6 us
FLASH_ATTN_EXT dst(256,24,1,1),  q(256,1,24,1),  k(256,256,4,1),  v(256,256,4,1),  m(256,1,1,1): 1 x 12.92 us = 12.92 us (486.955 GFLOPS/s)
GET_ROWS: 2 x 4.3 us = 8.6 us
GLU: 1 x 1.88 us = 1.88 us
MUL_MAT f32 m=256 n=24 k=256: 1 x 1.76 us = 1.76 us (1783.85 GFLOPS/s)
MUL_MAT f32 m=64 n=16 k=64: 1 x 3.6 us = 3.6 us (36.1244 GFLOPS/s)
MUL_MAT f32 m=64 n=96 k=64: 1 x 3.6 us = 3.6 us (216.747 GFLOPS/s)
MUL_MAT_ADD MUL_MAT_VEC q6_K m=5120 n=1 k=17408: 1 x 123.24 us = 123.24 us (1446.39 GFLOPS/s)
MUL_MAT_ADD MUL_MAT_VEC q6_K m=5120 n=1 k=6144: 1 x 54 us = 54 us (1164.99 GFLOPS/s)
MUL_MAT_VEC f32 m=256 n=4 k=256: 1 x 3 us = 3 us (174.421 GFLOPS/s)
MUL_MAT_VEC q6_K m=1024 n=1 k=5120: 2 x 9.16 us = 18.32 us (1144.62 GFLOPS/s)
MUL_MAT_VEC q6_K m=12288 n=1 k=5120: 1 x 85.08 us = 85.08 us (1478.81 GFLOPS/s)
MUL_MAT_VEC q6_K m=17408 n=1 k=5120: 2 x 121.22 us = 242.44 us (1470.39 GFLOPS/s)
MUL_MAT_VEC q6_K m=98304 n=1 k=5120: 1 x 671.65 us = 671.65 us (1498.6 GFLOPS/s)
MUL_MAT_VEC q8_0 m=5120 n=1 k=10240: 1 x 101.12 us = 101.12 us (1036.91 GFLOPS/s)
PAD: 1 x 6.32 us = 6.32 us
RMS_NORM_MUL RMS_NORM(256,24,1,1): 1 x 3.6 us = 3.6 us
RMS_NORM_MUL RMS_NORM(256,4,1,1): 1 x 3.56 us = 3.56 us
RMS_NORM_MUL RMS_NORM(5120,1,1,1): 5 x 3.736 us = 18.68 us
ROPE: 2 x 3.52 us = 7.04 us
SET_ROWS: 2 x 2.66 us = 5.32 us
SIGMOID_MUL SIGMOID: 1 x 1.68 us = 1.68 us
TOP_K K=10 (98304,1,1,1): 1 x 8.8 us = 8.8 us
Total time: 1393.57 us.
----------------
Vulkan Timings:
CONCAT: 1 x 3.76 us = 3.76 us
CONT: 1 x 3.6 us = 3.6 us
FLASH_ATTN_EXT dst(256,24,1,1),  q(256,1,24,1),  k(256,256,4,1),  v(256,256,4,1),  m(256,1,1,1): 1 x 12.88 us = 12.88 us (488.467 GFLOPS/s)
GET_ROWS: 2 x 4.3 us = 8.6 us
GLU: 1 x 1.76 us = 1.76 us
MUL_MAT f32 m=256 n=24 k=256: 1 x 1.68 us = 1.68 us (1868.8 GFLOPS/s)
MUL_MAT f32 m=64 n=16 k=64: 1 x 3.64 us = 3.64 us (35.7275 GFLOPS/s)
MUL_MAT f32 m=64 n=96 k=64: 1 x 3.64 us = 3.64 us (214.365 GFLOPS/s)
MUL_MAT_ADD MUL_MAT_VEC q6_K m=5120 n=1 k=17408: 1 x 123.56 us = 123.56 us (1442.64 GFLOPS/s)
MUL_MAT_ADD MUL_MAT_VEC q6_K m=5120 n=1 k=6144: 1 x 53.6 us = 53.6 us (1173.68 GFLOPS/s)
MUL_MAT_VEC f32 m=256 n=4 k=256: 1 x 3.04 us = 3.04 us (172.126 GFLOPS/s)
MUL_MAT_VEC q6_K m=1024 n=1 k=5120: 2 x 9.22 us = 18.44 us (1137.17 GFLOPS/s)
MUL_MAT_VEC q6_K m=12288 n=1 k=5120: 1 x 85.4 us = 85.4 us (1473.27 GFLOPS/s)
MUL_MAT_VEC q6_K m=17408 n=1 k=5120: 2 x 121.38 us = 242.76 us (1468.45 GFLOPS/s)
MUL_MAT_VEC q6_K m=98304 n=1 k=5120: 1 x 672.3 us = 672.3 us (1497.15 GFLOPS/s)
MUL_MAT_VEC q8_0 m=5120 n=1 k=10240: 1 x 101.08 us = 101.08 us (1037.32 GFLOPS/s)
PAD: 1 x 6.36 us = 6.36 us
RMS_NORM_MUL RMS_NORM(256,24,1,1): 1 x 3.6 us = 3.6 us
RMS_NORM_MUL RMS_NORM(256,4,1,1): 1 x 3.64 us = 3.64 us
RMS_NORM_MUL RMS_NORM(5120,1,1,1): 5 x 3.736 us = 18.68 us
ROPE: 2 x 3.62 us = 7.24 us
SET_ROWS: 2 x 2.66 us = 5.32 us
SIGMOID_MUL SIGMOID: 1 x 1.68 us = 1.68 us
TOP_K K=10 (98304,1,1,1): 1 x 8.76 us = 8.76 us
Total time: 1395.02 us.
----------------
Vulkan Timings:
CONCAT: 1 x 1.64 us = 1.64 us
CONT: 1 x 3.64 us = 3.64 us
FLASH_ATTN_EXT dst(256,24,1,1),  q(256,1,24,1),  k(256,256,4,1),  v(256,256,4,1),  m(256,1,1,1): 1 x 12.84 us = 12.84 us (489.989 GFLOPS/s)
GET_ROWS: 2 x 4.18 us = 8.36 us
GLU: 1 x 1.8 us = 1.8 us
MUL_MAT f32 m=256 n=24 k=256: 1 x 1.6 us = 1.6 us (1962.24 GFLOPS/s)
MUL_MAT f32 m=64 n=16 k=64: 1 x 3.64 us = 3.64 us (35.7275 GFLOPS/s)
MUL_MAT f32 m=64 n=96 k=64: 1 x 3.68 us = 3.68 us (212.035 GFLOPS/s)
MUL_MAT_ADD MUL_MAT_VEC q6_K m=5120 n=1 k=17408: 1 x 123.92 us = 123.92 us (1438.45 GFLOPS/s)
MUL_MAT_ADD MUL_MAT_VEC q6_K m=5120 n=1 k=6144: 1 x 53.96 us = 53.96 us (1165.85 GFLOPS/s)
MUL_MAT_VEC f32 m=256 n=4 k=256: 1 x 3.04 us = 3.04 us (172.126 GFLOPS/s)
MUL_MAT_VEC q6_K m=1024 n=1 k=5120: 2 x 9.22 us = 18.44 us (1137.17 GFLOPS/s)
MUL_MAT_VEC q6_K m=12288 n=1 k=5120: 1 x 85.2 us = 85.2 us (1476.72 GFLOPS/s)
MUL_MAT_VEC q6_K m=17408 n=1 k=5120: 2 x 121.38 us = 242.76 us (1468.45 GFLOPS/s)
MUL_MAT_VEC q6_K m=98304 n=1 k=5120: 1 x 671.74 us = 671.74 us (1498.4 GFLOPS/s)
MUL_MAT_VEC q8_0 m=5120 n=1 k=10240: 1 x 100.84 us = 100.84 us (1039.79 GFLOPS/s)
PAD: 1 x 6.32 us = 6.32 us
RMS_NORM_MUL RMS_NORM(256,24,1,1): 1 x 3.64 us = 3.64 us
RMS_NORM_MUL RMS_NORM(256,4,1,1): 1 x 3.56 us = 3.56 us
RMS_NORM_MUL RMS_NORM(5120,1,1,1): 5 x 4.192 us = 20.96 us
ROPE: 2 x 3.56 us = 7.12 us
SET_ROWS: 2 x 2.64 us = 5.28 us
SIGMOID_MUL SIGMOID: 1 x 1.68 us = 1.68 us
TOP_K K=10 (98304,1,1,1): 1 x 8.88 us = 8.88 us
Total time: 1394.54 us.
----------------
Vulkan Timings:
ADD: 48 x 3.749 us = 179.96 us
CONCAT: 48 x 2.444 us = 117.32 us
CONT: 16 x 3.837 us = 61.4 us
CPY: 240 x 2.211 us = 530.68 us
FLASH_ATTN_EXT dst(256,24,5,1),  q(256,5,24,1),  k(256,256,4,1),  v(256,256,4,1),  m(256,5,1,1): 16 x 21.14 us = 338.24 us (1488.05 GFLOPS/s)
GDN_CACHE GATED_DELTA_NET: 48 x 13.913 us = 667.84 us
GET_ROWS: 50 x 26.1 us = 1305 us
GLU: 64 x 2.97 us = 190.12 us
MUL_MAT f32 m=256 n=120 k=256: 16 x 1.862 us = 29.8 us (8428.41 GFLOPS/s)
MUL_MAT f32 m=256 n=20 k=256: 16 x 2.83 us = 45.28 us (924.495 GFLOPS/s)
MUL_MAT f32 m=64 n=480 k=64: 16 x 3.647 us = 58.36 us (1069.62 GFLOPS/s)
MUL_MAT f32 m=64 n=80 k=64: 16 x 3.277 us = 52.44 us (198.395 GFLOPS/s)
MUL_MAT_ADD MUL_MAT_VEC q6_K m=5120 n=5 k=17408: 64 x 130.386 us = 8344.72 us (6835.57 GFLOPS/s)
MUL_MAT_ADD MUL_MAT_VEC q6_K m=5120 n=5 k=6144: 16 x 55.212 us = 883.4 us (5697.03 GFLOPS/s)
MUL_MAT_VEC f32 m=48 n=5 k=5120: 96 x 3.463 us = 332.48 us (709.536 GFLOPS/s)
MUL_MAT_VEC q6_K m=1024 n=5 k=5120: 32 x 10.818 us = 346.2 us (4845.63 GFLOPS/s)
MUL_MAT_VEC q6_K m=10240 n=5 k=5120: 48 x 81.905 us = 3931.48 us (6400.48 GFLOPS/s)
MUL_MAT_VEC q6_K m=12288 n=5 k=5120: 16 x 95.65 us = 1530.4 us (6576.94 GFLOPS/s)
MUL_MAT_VEC q6_K m=17408 n=5 k=5120: 128 x 140.932 us = 18039.4 us (6323.61 GFLOPS/s)
MUL_MAT_VEC q6_K m=248320 n=5 k=5120: 1 x 1771.92 us = 1771.92 us (7174.56 GFLOPS/s)
MUL_MAT_VEC q6_K m=6144 n=5 k=5120: 48 x 53.33 us = 2559.84 us (5898.03 GFLOPS/s)
MUL_MAT_VEC q8_0 m=5120 n=5 k=6144: 48 x 63.006 us = 3024.32 us (4992.28 GFLOPS/s)
RMS_NORM_MUL RMS_NORM(256,24,5,1): 16 x 3.722 us = 59.56 us
RMS_NORM_MUL RMS_NORM(256,4,5,1): 16 x 4.407 us = 70.52 us
RMS_NORM_MUL RMS_NORM(5120,5,1,1): 129 x 4.551 us = 587.16 us
RMS_NORM_MUL_SILU_MUL RMS_NORM(128,48,5,1): 48 x 5.653 us = 271.36 us
RMS_NORM_SCALE RMS_NORM(128,16,5,1): 96 x 2.706 us = 259.84 us
ROPE: 32 x 3.85 us = 123.2 us
SET_ROWS: 32 x 3.041 us = 97.32 us
SIGMOID_MUL SIGMOID: 16 x 3.7 us = 59.2 us
SSM_CONV_SILU SSM_CONV: 48 x 5.692 us = 273.24 us
Total time: 46142 us.
----------------
Vulkan Timings:
CONCAT: 1 x 4 us = 4 us
CONT: 1 x 3.76 us = 3.76 us
FLASH_ATTN_EXT dst(256,24,5,1),  q(256,5,24,1),  k(256,256,4,1),  v(256,256,4,1),  m(256,5,1,1): 1 x 20.92 us = 20.92 us (1503.69 GFLOPS/s)
GLU: 1 x 1.56 us = 1.56 us
MUL_MAT f32 m=256 n=120 k=256: 1 x 1.76 us = 1.76 us (8919.27 GFLOPS/s)
MUL_MAT f32 m=256 n=20 k=256: 1 x 3.08 us = 3.08 us (849.455 GFLOPS/s)
MUL_MAT f32 m=64 n=480 k=64: 1 x 3.72 us = 3.72 us (1048.77 GFLOPS/s)
MUL_MAT f32 m=64 n=80 k=64: 1 x 3.72 us = 3.72 us (174.796 GFLOPS/s)
MUL_MAT_ADD MUL_MAT_VEC q6_K m=5120 n=5 k=17408: 1 x 154.04 us = 154.04 us (5785.93 GFLOPS/s)
MUL_MAT_ADD MUL_MAT_VEC q6_K m=5120 n=5 k=6144: 1 x 61.76 us = 61.76 us (5093.06 GFLOPS/s)
MUL_MAT_VEC q6_K m=1024 n=5 k=5120: 2 x 9.5 us = 19 us (5518.28 GFLOPS/s)
MUL_MAT_VEC q6_K m=12288 n=5 k=5120: 1 x 120.42 us = 120.42 us (5224.08 GFLOPS/s)
MUL_MAT_VEC q6_K m=17408 n=5 k=5120: 2 x 136.58 us = 273.16 us (6525.13 GFLOPS/s)
MUL_MAT_VEC q8_0 m=5120 n=5 k=10240: 1 x 105.08 us = 105.08 us (4989.17 GFLOPS/s)
RMS_NORM_MUL RMS_NORM(256,24,5,1): 1 x 3.84 us = 3.84 us
RMS_NORM_MUL RMS_NORM(256,4,5,1): 1 x 3.68 us = 3.68 us
RMS_NORM_MUL RMS_NORM(5120,5,1,1): 5 x 8.49 us = 42.45 us
ROPE: 2 x 3.7 us = 7.4 us
SET_ROWS: 2 x 2.72 us = 5.44 us
SIGMOID_MUL SIGMOID: 1 x 1.72 us = 1.72 us
Total time: 840.51 us.
----------------
Vulkan Timings:
CONCAT: 1 x 3.6 us = 3.6 us
CONT: 1 x 3.52 us = 3.52 us
FLASH_ATTN_EXT dst(256,24,1,1),  q(256,1,24,1),  k(256,256,4,1),  v(256,256,4,1),  m(256,1,1,1): 1 x 12.56 us = 12.56 us (500.912 GFLOPS/s)
GET_ROWS: 2 x 4.28 us = 8.56 us
GLU: 1 x 1.64 us = 1.64 us
MUL_MAT f32 m=256 n=24 k=256: 1 x 1.56 us = 1.56 us (2012.55 GFLOPS/s)
MUL_MAT f32 m=64 n=16 k=64: 1 x 1.8 us = 1.8 us (72.2489 GFLOPS/s)
MUL_MAT f32 m=64 n=96 k=64: 1 x 3.24 us = 3.24 us (240.83 GFLOPS/s)
MUL_MAT_ADD MUL_MAT_VEC q6_K m=5120 n=1 k=17408: 1 x 130.48 us = 130.48 us (1366.13 GFLOPS/s)
MUL_MAT_ADD MUL_MAT_VEC q6_K m=5120 n=1 k=6144: 1 x 54.68 us = 54.68 us (1150.5 GFLOPS/s)
MUL_MAT_VEC f32 m=256 n=4 k=256: 1 x 3 us = 3 us (174.421 GFLOPS/s)
MUL_MAT_VEC q6_K m=1024 n=1 k=5120: 2 x 9.22 us = 18.44 us (1137.17 GFLOPS/s)
MUL_MAT_VEC q6_K m=12288 n=1 k=5120: 1 x 89.72 us = 89.72 us (1402.33 GFLOPS/s)
MUL_MAT_VEC q6_K m=17408 n=1 k=5120: 2 x 117.92 us = 235.84 us (1511.54 GFLOPS/s)
MUL_MAT_VEC q6_K m=98304 n=1 k=5120: 1 x 670.2 us = 670.2 us (1501.84 GFLOPS/s)
MUL_MAT_VEC q8_0 m=5120 n=1 k=10240: 1 x 91.48 us = 91.48 us (1146.18 GFLOPS/s)
PAD: 1 x 6.28 us = 6.28 us
RMS_NORM_MUL RMS_NORM(256,24,1,1): 1 x 3.16 us = 3.16 us
RMS_NORM_MUL RMS_NORM(256,4,1,1): 1 x 4.8 us = 4.8 us
RMS_NORM_MUL RMS_NORM(5120,1,1,1): 5 x 4.376 us = 21.88 us
ROPE: 2 x 3.3 us = 6.6 us
SET_ROWS: 2 x 2.6 us = 5.2 us
SIGMOID_MUL SIGMOID: 1 x 1.8 us = 1.8 us
TOP_K K=10 (98304,1,1,1): 1 x 8.64 us = 8.64 us
Total time: 1388.68 us.
----------------
Vulkan Timings:
CONCAT: 1 x 3.96 us = 3.96 us
CONT: 1 x 3.6 us = 3.6 us
FLASH_ATTN_EXT dst(256,24,1,1),  q(256,1,24,1),  k(256,256,4,1),  v(256,256,4,1),  m(256,1,1,1): 1 x 14.44 us = 14.44 us (435.696 GFLOPS/s)
GET_ROWS: 2 x 5.9 us = 11.8 us
GLU: 1 x 1.88 us = 1.88 us
MUL_MAT f32 m=256 n=24 k=256: 1 x 2.24 us = 2.24 us (1401.6 GFLOPS/s)
MUL_MAT f32 m=64 n=16 k=64: 1 x 3.6 us = 3.6 us (36.1244 GFLOPS/s)
MUL_MAT f32 m=64 n=96 k=64: 1 x 3.6 us = 3.6 us (216.747 GFLOPS/s)
MUL_MAT_ADD MUL_MAT_VEC q6_K m=5120 n=1 k=17408: 1 x 123.48 us = 123.48 us (1443.58 GFLOPS/s)
MUL_MAT_ADD MUL_MAT_VEC q6_K m=5120 n=1 k=6144: 1 x 54.48 us = 54.48 us (1154.73 GFLOPS/s)
MUL_MAT_VEC f32 m=256 n=4 k=256: 1 x 0.72 us = 0.72 us (726.756 GFLOPS/s)
MUL_MAT_VEC q6_K m=1024 n=1 k=5120: 2 x 5.9 us = 11.8 us (1777.07 GFLOPS/s)
MUL_MAT_VEC q6_K m=12288 n=1 k=5120: 1 x 93 us = 93 us (1352.87 GFLOPS/s)
MUL_MAT_VEC q6_K m=17408 n=1 k=5120: 2 x 121.2 us = 242.4 us (1470.63 GFLOPS/s)
MUL_MAT_VEC q6_K m=98304 n=1 k=5120: 1 x 668.79 us = 668.79 us (1505.01 GFLOPS/s)
MUL_MAT_VEC q8_0 m=5120 n=1 k=10240: 1 x 102.48 us = 102.48 us (1023.15 GFLOPS/s)
PAD: 1 x 4.92 us = 4.92 us
RMS_NORM_MUL RMS_NORM(256,24,1,1): 1 x 3.6 us = 3.6 us
RMS_NORM_MUL RMS_NORM(256,4,1,1): 1 x 3.6 us = 3.6 us
RMS_NORM_MUL RMS_NORM(5120,1,1,1): 5 x 3.76 us = 18.8 us
ROPE: 2 x 3.6 us = 7.2 us
SET_ROWS: 2 x 2.8 us = 5.6 us
SIGMOID_MUL SIGMOID: 1 x 1.64 us = 1.64 us
TOP_K K=10 (98304,1,1,1): 1 x 9.04 us = 9.04 us
Total time: 1396.67 us.
----------------
Vulkan Timings:
CONCAT: 1 x 3.76 us = 3.76 us
CONT: 1 x 3.6 us = 3.6 us
FLASH_ATTN_EXT dst(256,24,1,1),  q(256,1,24,1),  k(256,256,4,1),  v(256,256,4,1),  m(256,1,1,1): 1 x 12.92 us = 12.92 us (486.955 GFLOPS/s)
GET_ROWS: 2 x 4.18 us = 8.36 us
GLU: 1 x 1.72 us = 1.72 us
MUL_MAT f32 m=256 n=24 k=256: 1 x 1.6 us = 1.6 us (1962.24 GFLOPS/s)
MUL_MAT f32 m=64 n=16 k=64: 1 x 3.6 us = 3.6 us (36.1244 GFLOPS/s)
MUL_MAT f32 m=64 n=96 k=64: 1 x 3.64 us = 3.64 us (214.365 GFLOPS/s)
MUL_MAT_ADD MUL_MAT_VEC q6_K m=5120 n=1 k=17408: 1 x 122.84 us = 122.84 us (1451.1 GFLOPS/s)
MUL_MAT_ADD MUL_MAT_VEC q6_K m=5120 n=1 k=6144: 1 x 54.24 us = 54.24 us (1159.83 GFLOPS/s)
MUL_MAT_VEC f32 m=256 n=4 k=256: 1 x 3.04 us = 3.04 us (172.126 GFLOPS/s)
MUL_MAT_VEC q6_K m=1024 n=1 k=5120: 2 x 9.18 us = 18.36 us (1142.13 GFLOPS/s)
MUL_MAT_VEC q6_K m=12288 n=1 k=5120: 1 x 85.72 us = 85.72 us (1467.77 GFLOPS/s)
MUL_MAT_VEC q6_K m=17408 n=1 k=5120: 2 x 121.06 us = 242.12 us (1472.33 GFLOPS/s)
MUL_MAT_VEC q6_K m=98304 n=1 k=5120: 1 x 669.84 us = 669.84 us (1502.65 GFLOPS/s)
MUL_MAT_VEC q8_0 m=5120 n=1 k=10240: 1 x 101.44 us = 101.44 us (1033.64 GFLOPS/s)
PAD: 1 x 6.32 us = 6.32 us
RMS_NORM_MUL RMS_NORM(256,24,1,1): 1 x 3.64 us = 3.64 us
RMS_NORM_MUL RMS_NORM(256,4,1,1): 1 x 3.56 us = 3.56 us
RMS_NORM_MUL RMS_NORM(5120,1,1,1): 5 x 3.752 us = 18.76 us
ROPE: 2 x 3.58 us = 7.16 us
SET_ROWS: 2 x 2.66 us = 5.32 us
SIGMOID_MUL SIGMOID: 1 x 1.68 us = 1.68 us
TOP_K K=10 (98304,1,1,1): 1 x 8.88 us = 8.88 us
Total time: 1392.12 us.
----------------
Vulkan Timings:
CONCAT: 1 x 3.76 us = 3.76 us
CONT: 1 x 3.64 us = 3.64 us
FLASH_ATTN_EXT dst(256,24,1,1),  q(256,1,24,1),  k(256,256,4,1),  v(256,256,4,1),  m(256,1,1,1): 1 x 12.92 us = 12.92 us (486.955 GFLOPS/s)
GET_ROWS: 2 x 4.18 us = 8.36 us
GLU: 1 x 1.92 us = 1.92 us
MUL_MAT f32 m=256 n=24 k=256: 1 x 1.68 us = 1.68 us (1868.8 GFLOPS/s)
MUL_MAT f32 m=64 n=16 k=64: 1 x 3.6 us = 3.6 us (36.1244 GFLOPS/s)
MUL_MAT f32 m=64 n=96 k=64: 1 x 3.6 us = 3.6 us (216.747 GFLOPS/s)
MUL_MAT_ADD MUL_MAT_VEC q6_K m=5120 n=1 k=17408: 1 x 122.68 us = 122.68 us (1452.99 GFLOPS/s)
MUL_MAT_ADD MUL_MAT_VEC q6_K m=5120 n=1 k=6144: 1 x 53.6 us = 53.6 us (1173.68 GFLOPS/s)
MUL_MAT_VEC f32 m=256 n=4 k=256: 1 x 3.04 us = 3.04 us (172.126 GFLOPS/s)
MUL_MAT_VEC q6_K m=1024 n=1 k=5120: 2 x 9.14 us = 18.28 us (1147.13 GFLOPS/s)
MUL_MAT_VEC q6_K m=12288 n=1 k=5120: 1 x 85.48 us = 85.48 us (1471.89 GFLOPS/s)
MUL_MAT_VEC q6_K m=17408 n=1 k=5120: 2 x 121.6 us = 243.2 us (1465.79 GFLOPS/s)
MUL_MAT_VEC q6_K m=98304 n=1 k=5120: 1 x 672.66 us = 672.66 us (1496.35 GFLOPS/s)
MUL_MAT_VEC q8_0 m=5120 n=1 k=10240: 1 x 101.64 us = 101.64 us (1031.61 GFLOPS/s)
PAD: 1 x 6.36 us = 6.36 us
RMS_NORM_MUL RMS_NORM(256,24,1,1): 1 x 3.56 us = 3.56 us
RMS_NORM_MUL RMS_NORM(256,4,1,1): 1 x 3.6 us = 3.6 us
RMS_NORM_MUL RMS_NORM(5120,1,1,1): 5 x 3.688 us = 18.44 us
ROPE: 2 x 3.6 us = 7.2 us
SET_ROWS: 2 x 2.66 us = 5.32 us
SIGMOID_MUL SIGMOID: 1 x 1.68 us = 1.68 us
TOP_K K=10 (98304,1,1,1): 1 x 8.8 us = 8.8 us
Total time: 1395.02 us.
----------------
Vulkan Timings:
ADD: 48 x 3.758 us = 180.4 us
CONCAT: 48 x 2.409 us = 115.64 us
CONT: 16 x 3.85 us = 61.6 us
CPY: 240 x 2.256 us = 541.44 us
FLASH_ATTN_EXT dst(256,24,5,1),  q(256,5,24,1),  k(256,256,4,1),  v(256,256,4,1),  m(256,5,1,1): 16 x 21.027 us = 336.44 us (1496.01 GFLOPS/s)
GDN_CACHE GATED_DELTA_NET: 48 x 13.933 us = 668.8 us
GET_ROWS: 50 x 26.264 us = 1313.2 us
GLU: 64 x 2.865 us = 183.36 us
MUL_MAT f32 m=256 n=120 k=256: 16 x 1.827 us = 29.24 us (8589.83 GFLOPS/s)
MUL_MAT f32 m=256 n=20 k=256: 16 x 3.132 us = 50.12 us (835.218 GFLOPS/s)
MUL_MAT f32 m=64 n=480 k=64: 16 x 3.662 us = 58.6 us (1065.24 GFLOPS/s)
MUL_MAT f32 m=64 n=80 k=64: 16 x 3.3 us = 52.8 us (197.042 GFLOPS/s)
MUL_MAT_ADD MUL_MAT_VEC q6_K m=5120 n=5 k=17408: 64 x 130.755 us = 8368.36 us (6816.26 GFLOPS/s)
MUL_MAT_ADD MUL_MAT_VEC q6_K m=5120 n=5 k=6144: 16 x 55.442 us = 887.08 us (5673.39 GFLOPS/s)
MUL_MAT_VEC f32 m=48 n=5 k=5120: 96 x 3.473 us = 333.44 us (707.493 GFLOPS/s)
MUL_MAT_VEC q6_K m=1024 n=5 k=5120: 32 x 11.042 us = 353.36 us (4747.45 GFLOPS/s)
MUL_MAT_VEC q6_K m=10240 n=5 k=5120: 48 x 82.04 us = 3937.92 us (6390.01 GFLOPS/s)
MUL_MAT_VEC q6_K m=12288 n=5 k=5120: 16 x 95.005 us = 1520.08 us (6621.59 GFLOPS/s)
MUL_MAT_VEC q6_K m=17408 n=5 k=5120: 128 x 141.301 us = 18086.6 us (6307.11 GFLOPS/s)
MUL_MAT_VEC q6_K m=248320 n=5 k=5120: 1 x 1772.32 us = 1772.32 us (7172.94 GFLOPS/s)
MUL_MAT_VEC q6_K m=6144 n=5 k=5120: 48 x 53.52 us = 2568.96 us (5877.09 GFLOPS/s)
MUL_MAT_VEC q8_0 m=5120 n=5 k=6144: 48 x 63.065 us = 3027.16 us (4987.6 GFLOPS/s)
RMS_NORM_MUL RMS_NORM(256,24,5,1): 16 x 3.84 us = 61.44 us
RMS_NORM_MUL RMS_NORM(256,4,5,1): 16 x 4.43 us = 70.88 us
RMS_NORM_MUL RMS_NORM(5120,5,1,1): 129 x 4.551 us = 587.12 us
RMS_NORM_MUL_SILU_MUL RMS_NORM(128,48,5,1): 48 x 5.665 us = 271.96 us
RMS_NORM_SCALE RMS_NORM(128,16,5,1): 96 x 2.641 us = 253.56 us
ROPE: 32 x 3.865 us = 123.68 us
SET_ROWS: 32 x 2.96 us = 94.72 us
SIGMOID_MUL SIGMOID: 16 x 3.7 us = 59.2 us
SSM_CONV_SILU SSM_CONV: 48 x 5.717 us = 274.44 us
Total time: 46243.9 us.
----------------
Vulkan Timings:
CONCAT: 1 x 4.12 us = 4.12 us
CONT: 1 x 3.76 us = 3.76 us
FLASH_ATTN_EXT dst(256,24,5,1),  q(256,5,24,1),  k(256,256,4,1),  v(256,256,4,1),  m(256,5,1,1): 1 x 21.08 us = 21.08 us (1492.28 GFLOPS/s)
GLU: 1 x 1.48 us = 1.48 us
MUL_MAT f32 m=256 n=120 k=256: 1 x 1.76 us = 1.76 us (8919.27 GFLOPS/s)
MUL_MAT f32 m=256 n=20 k=256: 1 x 3.16 us = 3.16 us (827.949 GFLOPS/s)
MUL_MAT f32 m=64 n=480 k=64: 1 x 3.72 us = 3.72 us (1048.77 GFLOPS/s)
MUL_MAT f32 m=64 n=80 k=64: 1 x 3.72 us = 3.72 us (174.796 GFLOPS/s)
MUL_MAT_ADD MUL_MAT_VEC q6_K m=5120 n=5 k=17408: 1 x 155.79 us = 155.79 us (5720.93 GFLOPS/s)
MUL_MAT_ADD MUL_MAT_VEC q6_K m=5120 n=5 k=6144: 1 x 61.68 us = 61.68 us (5099.66 GFLOPS/s)
MUL_MAT_VEC q6_K m=1024 n=5 k=5120: 2 x 8.98 us = 17.96 us (5837.83 GFLOPS/s)
MUL_MAT_VEC q6_K m=12288 n=5 k=5120: 1 x 122.13 us = 122.13 us (5150.94 GFLOPS/s)
MUL_MAT_VEC q6_K m=17408 n=5 k=5120: 2 x 135.76 us = 271.52 us (6564.54 GFLOPS/s)
MUL_MAT_VEC q8_0 m=5120 n=5 k=10240: 1 x 106.56 us = 106.56 us (4919.88 GFLOPS/s)
RMS_NORM_MUL RMS_NORM(256,24,5,1): 1 x 3.88 us = 3.88 us
RMS_NORM_MUL RMS_NORM(256,4,5,1): 1 x 3.72 us = 3.72 us
RMS_NORM_MUL RMS_NORM(5120,5,1,1): 5 x 8.244 us = 41.22 us
ROPE: 2 x 3.76 us = 7.52 us
SET_ROWS: 2 x 2.72 us = 5.44 us
SIGMOID_MUL SIGMOID: 1 x 1.72 us = 1.72 us
Total time: 841.94 us.
----------------
Vulkan Timings:
CONCAT: 1 x 3.64 us = 3.64 us
CONT: 1 x 3.48 us = 3.48 us
FLASH_ATTN_EXT dst(256,24,1,1),  q(256,1,24,1),  k(256,256,4,1),  v(256,256,4,1),  m(256,1,1,1): 1 x 12.52 us = 12.52 us (502.512 GFLOPS/s)
GET_ROWS: 2 x 4.4 us = 8.8 us
GLU: 1 x 1.68 us = 1.68 us
MUL_MAT f32 m=256 n=24 k=256: 1 x 1.52 us = 1.52 us (2065.52 GFLOPS/s)
MUL_MAT f32 m=64 n=16 k=64: 1 x 1.8 us = 1.8 us (72.2489 GFLOPS/s)
MUL_MAT f32 m=64 n=96 k=64: 1 x 3.2 us = 3.2 us (243.84 GFLOPS/s)
MUL_MAT_ADD MUL_MAT_VEC q6_K m=5120 n=1 k=17408: 1 x 130 us = 130 us (1371.18 GFLOPS/s)
MUL_MAT_ADD MUL_MAT_VEC q6_K m=5120 n=1 k=6144: 1 x 54.84 us = 54.84 us (1147.15 GFLOPS/s)
MUL_MAT_VEC f32 m=256 n=4 k=256: 1 x 3.04 us = 3.04 us (172.126 GFLOPS/s)
MUL_MAT_VEC q6_K m=1024 n=1 k=5120: 2 x 9.28 us = 18.56 us (1129.82 GFLOPS/s)
MUL_MAT_VEC q6_K m=12288 n=1 k=5120: 1 x 90.24 us = 90.24 us (1394.25 GFLOPS/s)
MUL_MAT_VEC q6_K m=17408 n=1 k=5120: 2 x 118.32 us = 236.64 us (1506.43 GFLOPS/s)
MUL_MAT_VEC q6_K m=98304 n=1 k=5120: 1 x 671.22 us = 671.22 us (1499.56 GFLOPS/s)
MUL_MAT_VEC q8_0 m=5120 n=1 k=10240: 1 x 91.48 us = 91.48 us (1146.18 GFLOPS/s)
PAD: 1 x 6.32 us = 6.32 us
RMS_NORM_MUL RMS_NORM(256,24,1,1): 1 x 3.2 us = 3.2 us
RMS_NORM_MUL RMS_NORM(256,4,1,1): 1 x 4.84 us = 4.84 us
RMS_NORM_MUL RMS_NORM(5120,1,1,1): 5 x 4.192 us = 20.96 us
ROPE: 2 x 3.34 us = 6.68 us
SET_ROWS: 2 x 2.6 us = 5.2 us
SIGMOID_MUL SIGMOID: 1 x 1.56 us = 1.56 us
TOP_K K=10 (98304,1,1,1): 1 x 9.12 us = 9.12 us
Total time: 1390.54 us.
----------------
Vulkan Timings:
CONCAT: 1 x 3.76 us = 3.76 us
CONT: 1 x 3.64 us = 3.64 us
FLASH_ATTN_EXT dst(256,24,1,1),  q(256,1,24,1),  k(256,256,4,1),  v(256,256,4,1),  m(256,1,1,1): 1 x 14.76 us = 14.76 us (426.25 GFLOPS/s)
GET_ROWS: 2 x 4.18 us = 8.36 us
GLU: 1 x 1.76 us = 1.76 us
MUL_MAT f32 m=256 n=24 k=256: 1 x 2.2 us = 2.2 us (1427.08 GFLOPS/s)
MUL_MAT f32 m=64 n=16 k=64: 1 x 3.6 us = 3.6 us (36.1244 GFLOPS/s)
MUL_MAT f32 m=64 n=96 k=64: 1 x 3.64 us = 3.64 us (214.365 GFLOPS/s)
MUL_MAT_ADD MUL_MAT_VEC q6_K m=5120 n=1 k=17408: 1 x 122.88 us = 122.88 us (1450.62 GFLOPS/s)
MUL_MAT_ADD MUL_MAT_VEC q6_K m=5120 n=1 k=6144: 1 x 53.68 us = 53.68 us (1171.93 GFLOPS/s)
MUL_MAT_VEC f32 m=256 n=4 k=256: 1 x 0.76 us = 0.76 us (688.505 GFLOPS/s)
MUL_MAT_VEC q6_K m=1024 n=1 k=5120: 2 x 5.9 us = 11.8 us (1777.07 GFLOPS/s)
MUL_MAT_VEC q6_K m=12288 n=1 k=5120: 1 x 93.72 us = 93.72 us (1342.48 GFLOPS/s)
MUL_MAT_VEC q6_K m=17408 n=1 k=5120: 2 x 121.4 us = 242.8 us (1468.21 GFLOPS/s)
MUL_MAT_VEC q6_K m=98304 n=1 k=5120: 1 x 673.81 us = 673.81 us (1493.8 GFLOPS/s)
MUL_MAT_VEC q8_0 m=5120 n=1 k=10240: 1 x 100.96 us = 100.96 us (1038.55 GFLOPS/s)
PAD: 1 x 6.32 us = 6.32 us
RMS_NORM_MUL RMS_NORM(256,24,1,1): 1 x 3.64 us = 3.64 us
RMS_NORM_MUL RMS_NORM(256,4,1,1): 1 x 3.6 us = 3.6 us
RMS_NORM_MUL RMS_NORM(5120,1,1,1): 5 x 3.768 us = 18.84 us
ROPE: 2 x 3.58 us = 7.16 us
SET_ROWS: 2 x 2.78 us = 5.56 us
SIGMOID_MUL SIGMOID: 1 x 1.72 us = 1.72 us
TOP_K K=10 (98304,1,1,1): 1 x 8.84 us = 8.84 us
Total time: 1397.81 us.
----------------
Vulkan Timings:
CONCAT: 1 x 3.76 us = 3.76 us
CONT: 1 x 3.6 us = 3.6 us
FLASH_ATTN_EXT dst(256,24,1,1),  q(256,1,24,1),  k(256,256,4,1),  v(256,256,4,1),  m(256,1,1,1): 1 x 13.08 us = 13.08 us (480.998 GFLOPS/s)
GET_ROWS: 2 x 6.36 us = 12.72 us
GLU: 1 x 1.8 us = 1.8 us
MUL_MAT f32 m=256 n=24 k=256: 1 x 1.72 us = 1.72 us (1825.34 GFLOPS/s)
MUL_MAT f32 m=64 n=16 k=64: 1 x 3.6 us = 3.6 us (36.1244 GFLOPS/s)
MUL_MAT f32 m=64 n=96 k=64: 1 x 3.6 us = 3.6 us (216.747 GFLOPS/s)
MUL_MAT_ADD MUL_MAT_VEC q6_K m=5120 n=1 k=17408: 1 x 123.24 us = 123.24 us (1446.39 GFLOPS/s)
MUL_MAT_ADD MUL_MAT_VEC q6_K m=5120 n=1 k=6144: 1 x 52.76 us = 52.76 us (1192.37 GFLOPS/s)
MUL_MAT_VEC f32 m=256 n=4 k=256: 1 x 3 us = 3 us (174.421 GFLOPS/s)
MUL_MAT_VEC q6_K m=1024 n=1 k=5120: 2 x 9.22 us = 18.44 us (1137.17 GFLOPS/s)
MUL_MAT_VEC q6_K m=12288 n=1 k=5120: 1 x 85.68 us = 85.68 us (1468.45 GFLOPS/s)
MUL_MAT_VEC q6_K m=17408 n=1 k=5120: 2 x 121.44 us = 242.88 us (1467.72 GFLOPS/s)
MUL_MAT_VEC q6_K m=98304 n=1 k=5120: 1 x 671.88 us = 671.88 us (1498.09 GFLOPS/s)
MUL_MAT_VEC q8_0 m=5120 n=1 k=10240: 1 x 101.24 us = 101.24 us (1035.68 GFLOPS/s)
PAD: 1 x 5 us = 5 us
RMS_NORM_MUL RMS_NORM(256,24,1,1): 1 x 3.6 us = 3.6 us
RMS_NORM_MUL RMS_NORM(256,4,1,1): 1 x 3.6 us = 3.6 us
RMS_NORM_MUL RMS_NORM(5120,1,1,1): 5 x 3.72 us = 18.6 us
ROPE: 2 x 3.6 us = 7.2 us
SET_ROWS: 2 x 2.66 us = 5.32 us
SIGMOID_MUL SIGMOID: 1 x 2.56 us = 2.56 us
TOP_K K=10 (98304,1,1,1): 1 x 8.84 us = 8.84 us
Total time: 1397.72 us.
----------------
Vulkan Timings:
CONCAT: 1 x 3.96 us = 3.96 us
CONT: 1 x 3.64 us = 3.64 us
FLASH_ATTN_EXT dst(256,24,1,1),  q(256,1,24,1),  k(256,256,4,1),  v(256,256,4,1),  m(256,1,1,1): 1 x 12.72 us = 12.72 us (494.611 GFLOPS/s)
GET_ROWS: 2 x 4.38 us = 8.76 us
GLU: 1 x 1.8 us = 1.8 us
MUL_MAT f32 m=256 n=24 k=256: 1 x 1.64 us = 1.64 us (1914.38 GFLOPS/s)
MUL_MAT f32 m=64 n=16 k=64: 1 x 3.64 us = 3.64 us (35.7275 GFLOPS/s)
MUL_MAT f32 m=64 n=96 k=64: 1 x 3.6 us = 3.6 us (216.747 GFLOPS/s)
MUL_MAT_ADD MUL_MAT_VEC q6_K m=5120 n=1 k=17408: 1 x 123.8 us = 123.8 us (1439.84 GFLOPS/s)
MUL_MAT_ADD MUL_MAT_VEC q6_K m=5120 n=1 k=6144: 1 x 53.64 us = 53.64 us (1172.81 GFLOPS/s)
MUL_MAT_VEC f32 m=256 n=4 k=256: 1 x 3.04 us = 3.04 us (172.126 GFLOPS/s)
MUL_MAT_VEC q6_K m=1024 n=1 k=5120: 2 x 9.04 us = 18.08 us (1159.82 GFLOPS/s)
MUL_MAT_VEC q6_K m=12288 n=1 k=5120: 1 x 85.68 us = 85.68 us (1468.45 GFLOPS/s)
MUL_MAT_VEC q6_K m=17408 n=1 k=5120: 2 x 121.48 us = 242.96 us (1467.24 GFLOPS/s)
MUL_MAT_VEC q6_K m=98304 n=1 k=5120: 1 x 673.11 us = 673.11 us (1495.35 GFLOPS/s)
MUL_MAT_VEC q8_0 m=5120 n=1 k=10240: 1 x 101.12 us = 101.12 us (1036.91 GFLOPS/s)
PAD: 1 x 6.8 us = 6.8 us
RMS_NORM_MUL RMS_NORM(256,24,1,1): 1 x 3.6 us = 3.6 us
RMS_NORM_MUL RMS_NORM(256,4,1,1): 1 x 3.64 us = 3.64 us
RMS_NORM_MUL RMS_NORM(5120,1,1,1): 5 x 3.704 us = 18.52 us
ROPE: 2 x 3.6 us = 7.2 us
SET_ROWS: 2 x 2.66 us = 5.32 us
SIGMOID_MUL SIGMOID: 1 x 1.68 us = 1.68 us
TOP_K K=10 (98304,1,1,1): 1 x 8.68 us = 8.68 us
Total time: 1396.63 us.
----------------
Vulkan Timings:
ADD: 48 x 3.75 us = 180 us
CONCAT: 48 x 2.488 us = 119.44 us
CONT: 16 x 3.832 us = 61.32 us
CPY: 240 x 2.199 us = 527.8 us
FLASH_ATTN_EXT dst(256,24,5,1),  q(256,5,24,1),  k(256,256,4,1),  v(256,256,4,1),  m(256,5,1,1): 16 x 20.93 us = 334.88 us (1502.98 GFLOPS/s)
GDN_CACHE GATED_DELTA_NET: 48 x 13.907 us = 667.56 us
GET_ROWS: 50 x 25.952 us = 1297.6 us
GLU: 64 x 2.969 us = 190.04 us
MUL_MAT f32 m=256 n=120 k=256: 16 x 1.827 us = 29.24 us (8589.83 GFLOPS/s)
MUL_MAT f32 m=256 n=20 k=256: 16 x 3.105 us = 49.68 us (842.615 GFLOPS/s)
MUL_MAT f32 m=64 n=480 k=64: 16 x 3.635 us = 58.16 us (1073.3 GFLOPS/s)
MUL_MAT f32 m=64 n=80 k=64: 16 x 3.302 us = 52.84 us (196.893 GFLOPS/s)
MUL_MAT_ADD MUL_MAT_VEC q6_K m=5120 n=5 k=17408: 64 x 130.395 us = 8345.32 us (6835.08 GFLOPS/s)
MUL_MAT_ADD MUL_MAT_VEC q6_K m=5120 n=5 k=6144: 16 x 55.427 us = 886.84 us (5674.93 GFLOPS/s)
MUL_MAT_VEC f32 m=48 n=5 k=5120: 96 x 3.476 us = 333.72 us (706.9 GFLOPS/s)
MUL_MAT_VEC q6_K m=1024 n=5 k=5120: 32 x 10.795 us = 345.44 us (4856.29 GFLOPS/s)
MUL_MAT_VEC q6_K m=10240 n=5 k=5120: 48 x 81.962 us = 3934.2 us (6396.06 GFLOPS/s)
MUL_MAT_VEC q6_K m=12288 n=5 k=5120: 16 x 95.582 us = 1529.32 us (6581.58 GFLOPS/s)
MUL_MAT_VEC q6_K m=17408 n=5 k=5120: 128 x 141.049 us = 18054.3 us (6318.39 GFLOPS/s)
MUL_MAT_VEC q6_K m=248320 n=5 k=5120: 1 x 1771.16 us = 1771.16 us (7177.64 GFLOPS/s)
MUL_MAT_VEC q6_K m=6144 n=5 k=5120: 48 x 53.505 us = 2568.24 us (5878.74 GFLOPS/s)
MUL_MAT_VEC q8_0 m=5120 n=5 k=6144: 48 x 63.012 us = 3024.6 us (4991.82 GFLOPS/s)
RMS_NORM_MUL RMS_NORM(256,24,5,1): 16 x 3.737 us = 59.8 us
RMS_NORM_MUL RMS_NORM(256,4,5,1): 16 x 4.425 us = 70.8 us
RMS_NORM_MUL RMS_NORM(5120,5,1,1): 129 x 4.573 us = 590 us
RMS_NORM_MUL_SILU_MUL RMS_NORM(128,48,5,1): 48 x 5.65 us = 271.2 us
RMS_NORM_SCALE RMS_NORM(128,16,5,1): 96 x 2.677 us = 257.04 us
ROPE: 32 x 3.851 us = 123.24 us
SET_ROWS: 32 x 2.946 us = 94.28 us
SIGMOID_MUL SIGMOID: 16 x 3.68 us = 58.88 us
SSM_CONV_SILU SSM_CONV: 48 x 5.651 us = 271.28 us
Total time: 46158.2 us.
----------------
Vulkan Timings:
CONCAT: 1 x 1.92 us = 1.92 us
CONT: 1 x 3.68 us = 3.68 us
FLASH_ATTN_EXT dst(256,24,5,1),  q(256,5,24,1),  k(256,256,4,1),  v(256,256,4,1),  m(256,5,1,1): 1 x 20.48 us = 20.48 us (1536 GFLOPS/s)
GLU: 1 x 1.76 us = 1.76 us
MUL_MAT f32 m=256 n=120 k=256: 1 x 1.68 us = 1.68 us (9344 GFLOPS/s)
MUL_MAT f32 m=256 n=20 k=256: 1 x 3.04 us = 3.04 us (860.632 GFLOPS/s)
MUL_MAT f32 m=64 n=480 k=64: 1 x 3.72 us = 3.72 us (1048.77 GFLOPS/s)
MUL_MAT f32 m=64 n=80 k=64: 1 x 3.64 us = 3.64 us (178.637 GFLOPS/s)
MUL_MAT_ADD MUL_MAT_VEC q6_K m=5120 n=5 k=17408: 1 x 155.71 us = 155.71 us (5723.87 GFLOPS/s)
MUL_MAT_ADD MUL_MAT_VEC q6_K m=5120 n=5 k=6144: 1 x 61.96 us = 61.96 us (5076.62 GFLOPS/s)
MUL_MAT_VEC q6_K m=1024 n=5 k=5120: 2 x 9.28 us = 18.56 us (5649.1 GFLOPS/s)
MUL_MAT_VEC q6_K m=12288 n=5 k=5120: 1 x 120.85 us = 120.85 us (5205.5 GFLOPS/s)
MUL_MAT_VEC q6_K m=17408 n=5 k=5120: 2 x 135.76 us = 271.52 us (6564.54 GFLOPS/s)
MUL_MAT_VEC q8_0 m=5120 n=5 k=10240: 1 x 105.4 us = 105.4 us (4974.03 GFLOPS/s)
RMS_NORM_MUL RMS_NORM(256,24,5,1): 1 x 3.76 us = 3.76 us
RMS_NORM_MUL RMS_NORM(256,4,5,1): 1 x 3.6 us = 3.6 us
RMS_NORM_MUL RMS_NORM(5120,5,1,1): 5 x 8.614 us = 43.07 us
ROPE: 2 x 3.62 us = 7.24 us
SET_ROWS: 2 x 2.66 us = 5.32 us
SIGMOID_MUL SIGMOID: 1 x 1.72 us = 1.72 us
Total time: 838.63 us.
----------------
Vulkan Timings:
CONCAT: 1 x 3.6 us = 3.6 us
CONT: 1 x 3.48 us = 3.48 us
FLASH_ATTN_EXT dst(256,24,1,1),  q(256,1,24,1),  k(256,256,4,1),  v(256,256,4,1),  m(256,1,1,1): 1 x 12.76 us = 12.76 us (493.061 GFLOPS/s)
GET_ROWS: 2 x 4.28 us = 8.56 us
GLU: 1 x 1.56 us = 1.56 us
MUL_MAT f32 m=256 n=24 k=256: 1 x 1.52 us = 1.52 us (2065.52 GFLOPS/s)
MUL_MAT f32 m=64 n=16 k=64: 1 x 1.8 us = 1.8 us (72.2489 GFLOPS/s)
MUL_MAT f32 m=64 n=96 k=64: 1 x 3.2 us = 3.2 us (243.84 GFLOPS/s)
MUL_MAT_ADD MUL_MAT_VEC q6_K m=5120 n=1 k=17408: 1 x 131.64 us = 131.64 us (1354.09 GFLOPS/s)
MUL_MAT_ADD MUL_MAT_VEC q6_K m=5120 n=1 k=6144: 1 x 53.48 us = 53.48 us (1176.32 GFLOPS/s)
MUL_MAT_VEC f32 m=256 n=4 k=256: 1 x 3 us = 3 us (174.421 GFLOPS/s)
MUL_MAT_VEC q6_K m=1024 n=1 k=5120: 2 x 9.56 us = 19.12 us (1096.73 GFLOPS/s)
MUL_MAT_VEC q6_K m=12288 n=1 k=5120: 1 x 89.92 us = 89.92 us (1399.21 GFLOPS/s)
MUL_MAT_VEC q6_K m=17408 n=1 k=5120: 2 x 118.4 us = 236.8 us (1505.41 GFLOPS/s)
MUL_MAT_VEC q6_K m=98304 n=1 k=5120: 1 x 670.26 us = 670.26 us (1501.71 GFLOPS/s)
MUL_MAT_VEC q8_0 m=5120 n=1 k=10240: 1 x 91.8 us = 91.8 us (1142.18 GFLOPS/s)
PAD: 1 x 8.48 us = 8.48 us
RMS_NORM_MUL RMS_NORM(256,24,1,1): 1 x 3.2 us = 3.2 us
RMS_NORM_MUL RMS_NORM(256,4,1,1): 1 x 4.84 us = 4.84 us
RMS_NORM_MUL RMS_NORM(5120,1,1,1): 5 x 4.424 us = 22.12 us
ROPE: 2 x 3.3 us = 6.6 us
SET_ROWS: 2 x 2.6 us = 5.2 us
SIGMOID_MUL SIGMOID: 1 x 1.56 us = 1.56 us
TOP_K K=10 (98304,1,1,1): 1 x 6.96 us = 6.96 us
Total time: 1391.46 us.
----------------
Vulkan Timings:
CONCAT: 1 x 3.76 us = 3.76 us
CONT: 1 x 3.64 us = 3.64 us
FLASH_ATTN_EXT dst(256,24,1,1),  q(256,1,24,1),  k(256,256,4,1),  v(256,256,4,1),  m(256,1,1,1): 1 x 12.92 us = 12.92 us (486.955 GFLOPS/s)
GET_ROWS: 2 x 5.32 us = 10.64 us
GLU: 1 x 1.84 us = 1.84 us
MUL_MAT f32 m=256 n=24 k=256: 1 x 1.76 us = 1.76 us (1783.85 GFLOPS/s)
MUL_MAT f32 m=64 n=16 k=64: 1 x 3.6 us = 3.6 us (36.1244 GFLOPS/s)
MUL_MAT f32 m=64 n=96 k=64: 1 x 3.6 us = 3.6 us (216.747 GFLOPS/s)
MUL_MAT_ADD MUL_MAT_VEC q6_K m=5120 n=1 k=17408: 1 x 122.76 us = 122.76 us (1452.04 GFLOPS/s)
MUL_MAT_ADD MUL_MAT_VEC q6_K m=5120 n=1 k=6144: 1 x 54.2 us = 54.2 us (1160.69 GFLOPS/s)
MUL_MAT_VEC f32 m=256 n=4 k=256: 1 x 3.04 us = 3.04 us (172.126 GFLOPS/s)
MUL_MAT_VEC q6_K m=1024 n=1 k=5120: 2 x 9.14 us = 18.28 us (1147.13 GFLOPS/s)
MUL_MAT_VEC q6_K m=12288 n=1 k=5120: 1 x 85.52 us = 85.52 us (1471.2 GFLOPS/s)
MUL_MAT_VEC q6_K m=17408 n=1 k=5120: 2 x 121.52 us = 243.04 us (1466.76 GFLOPS/s)
MUL_MAT_VEC q6_K m=98304 n=1 k=5120: 1 x 669.5 us = 669.5 us (1503.41 GFLOPS/s)
MUL_MAT_VEC q8_0 m=5120 n=1 k=10240: 1 x 101.52 us = 101.52 us (1032.83 GFLOPS/s)
PAD: 1 x 6.32 us = 6.32 us
RMS_NORM_MUL RMS_NORM(256,24,1,1): 1 x 3.56 us = 3.56 us
RMS_NORM_MUL RMS_NORM(256,4,1,1): 1 x 3.6 us = 3.6 us
RMS_NORM_MUL RMS_NORM(5120,1,1,1): 5 x 3.728 us = 18.64 us
ROPE: 2 x 3.58 us = 7.16 us
SET_ROWS: 2 x 2.68 us = 5.36 us
SIGMOID_MUL SIGMOID: 1 x 1.64 us = 1.64 us
TOP_K K=10 (98304,1,1,1): 1 x 8.6 us = 8.6 us
Total time: 1394.5 us.
----------------
Vulkan Timings:
CONCAT: 1 x 3.72 us = 3.72 us
CONT: 1 x 3.6 us = 3.6 us
FLASH_ATTN_EXT dst(256,24,1,1),  q(256,1,24,1),  k(256,256,4,1),  v(256,256,4,1),  m(256,1,1,1): 1 x 12.88 us = 12.88 us (488.467 GFLOPS/s)
GET_ROWS: 2 x 4.32 us = 8.64 us
GLU: 1 x 1.76 us = 1.76 us
MUL_MAT f32 m=256 n=24 k=256: 1 x 1.6 us = 1.6 us (1962.24 GFLOPS/s)
MUL_MAT f32 m=64 n=16 k=64: 1 x 3.64 us = 3.64 us (35.7275 GFLOPS/s)
MUL_MAT f32 m=64 n=96 k=64: 1 x 3.64 us = 3.64 us (214.365 GFLOPS/s)
MUL_MAT_ADD MUL_MAT_VEC q6_K m=5120 n=1 k=17408: 1 x 123.16 us = 123.16 us (1447.33 GFLOPS/s)
MUL_MAT_ADD MUL_MAT_VEC q6_K m=5120 n=1 k=6144: 1 x 54.12 us = 54.12 us (1162.41 GFLOPS/s)
MUL_MAT_VEC f32 m=256 n=4 k=256: 1 x 3.04 us = 3.04 us (172.126 GFLOPS/s)
MUL_MAT_VEC q6_K m=1024 n=1 k=5120: 2 x 9.16 us = 18.32 us (1144.62 GFLOPS/s)
MUL_MAT_VEC q6_K m=12288 n=1 k=5120: 1 x 85.88 us = 85.88 us (1465.03 GFLOPS/s)
MUL_MAT_VEC q6_K m=17408 n=1 k=5120: 2 x 121.48 us = 242.96 us (1467.24 GFLOPS/s)
MUL_MAT_VEC q6_K m=98304 n=1 k=5120: 1 x 673.22 us = 673.22 us (1495.11 GFLOPS/s)
MUL_MAT_VEC q8_0 m=5120 n=1 k=10240: 1 x 101.68 us = 101.68 us (1031.2 GFLOPS/s)
PAD: 1 x 6.36 us = 6.36 us
RMS_NORM_MUL RMS_NORM(256,24,1,1): 1 x 3.6 us = 3.6 us
RMS_NORM_MUL RMS_NORM(256,4,1,1): 1 x 3.64 us = 3.64 us
RMS_NORM_MUL RMS_NORM(5120,1,1,1): 5 x 3.712 us = 18.56 us
ROPE: 2 x 3.6 us = 7.2 us
SET_ROWS: 2 x 2.62 us = 5.24 us
SIGMOID_MUL SIGMOID: 1 x 1.68 us = 1.68 us
TOP_K K=10 (98304,1,1,1): 1 x 9.08 us = 9.08 us
Total time: 1397.22 us.
----------------
Vulkan Timings:
CONCAT: 1 x 3.72 us = 3.72 us
CONT: 1 x 3.6 us = 3.6 us
FLASH_ATTN_EXT dst(256,24,1,1),  q(256,1,24,1),  k(256,256,4,1),  v(256,256,4,1),  m(256,1,1,1): 1 x 14.6 us = 14.6 us (430.922 GFLOPS/s)
GET_ROWS: 2 x 4.28 us = 8.56 us
GLU: 1 x 1.72 us = 1.72 us
MUL_MAT f32 m=256 n=24 k=256: 1 x 2.24 us = 2.24 us (1401.6 GFLOPS/s)
MUL_MAT f32 m=64 n=16 k=64: 1 x 3.6 us = 3.6 us (36.1244 GFLOPS/s)
MUL_MAT f32 m=64 n=96 k=64: 1 x 3.64 us = 3.64 us (214.365 GFLOPS/s)
MUL_MAT_ADD MUL_MAT_VEC q6_K m=5120 n=1 k=17408: 1 x 122.8 us = 122.8 us (1451.57 GFLOPS/s)
MUL_MAT_ADD MUL_MAT_VEC q6_K m=5120 n=1 k=6144: 1 x 53.48 us = 53.48 us (1176.32 GFLOPS/s)
MUL_MAT_VEC f32 m=256 n=4 k=256: 1 x 0.76 us = 0.76 us (688.505 GFLOPS/s)
MUL_MAT_VEC q6_K m=1024 n=1 k=5120: 2 x 9.26 us = 18.52 us (1132.26 GFLOPS/s)
MUL_MAT_VEC q6_K m=12288 n=1 k=5120: 1 x 85.52 us = 85.52 us (1471.2 GFLOPS/s)
MUL_MAT_VEC q6_K m=17408 n=1 k=5120: 2 x 121.32 us = 242.64 us (1469.18 GFLOPS/s)
MUL_MAT_VEC q6_K m=98304 n=1 k=5120: 1 x 668.97 us = 668.97 us (1504.6 GFLOPS/s)
MUL_MAT_VEC q8_0 m=5120 n=1 k=10240: 1 x 101.16 us = 101.16 us (1036.5 GFLOPS/s)
PAD: 1 x 6.36 us = 6.36 us
RMS_NORM_MUL RMS_NORM(256,24,1,1): 1 x 3.6 us = 3.6 us
RMS_NORM_MUL RMS_NORM(256,4,1,1): 1 x 3.6 us = 3.6 us
RMS_NORM_MUL RMS_NORM(5120,1,1,1): 5 x 3.8 us = 19 us
ROPE: 2 x 3.56 us = 7.12 us
SET_ROWS: 2 x 2.84 us = 5.68 us
SIGMOID_MUL SIGMOID: 1 x 1.68 us = 1.68 us
TOP_K K=10 (98304,1,1,1): 1 x 8.8 us = 8.8 us
Total time: 1391.37 us.
----------------
Vulkan Timings:
ADD: 48 x 3.784 us = 181.64 us
CONCAT: 48 x 2.455 us = 117.88 us
CONT: 16 x 3.862 us = 61.8 us
CPY: 240 x 2.259 us = 542.28 us
FLASH_ATTN_EXT dst(256,24,5,1),  q(256,5,24,1),  k(256,256,4,1),  v(256,256,4,1),  m(256,5,1,1): 16 x 21.257 us = 340.12 us (1479.82 GFLOPS/s)
GDN_CACHE GATED_DELTA_NET: 48 x 13.775 us = 661.2 us
GET_ROWS: 50 x 26.787 us = 1339.36 us
GLU: 64 x 2.911 us = 186.32 us
MUL_MAT f32 m=256 n=120 k=256: 16 x 1.862 us = 29.8 us (8428.41 GFLOPS/s)
MUL_MAT f32 m=256 n=20 k=256: 16 x 2.995 us = 47.92 us (873.563 GFLOPS/s)
MUL_MAT f32 m=64 n=480 k=64: 16 x 3.67 us = 58.72 us (1063.06 GFLOPS/s)
MUL_MAT f32 m=64 n=80 k=64: 16 x 3.425 us = 54.8 us (189.851 GFLOPS/s)
MUL_MAT_ADD MUL_MAT_VEC q6_K m=5120 n=5 k=17408: 64 x 130.815 us = 8372.16 us (6813.16 GFLOPS/s)
MUL_MAT_ADD MUL_MAT_VEC q6_K m=5120 n=5 k=6144: 16 x 55.067 us = 881.08 us (5712.03 GFLOPS/s)
MUL_MAT_VEC f32 m=48 n=5 k=5120: 96 x 3.48 us = 334.08 us (706.138 GFLOPS/s)
MUL_MAT_VEC q6_K m=1024 n=5 k=5120: 32 x 11.133 us = 356.28 us (4708.54 GFLOPS/s)
MUL_MAT_VEC q6_K m=10240 n=5 k=5120: 48 x 82.111 us = 3941.36 us (6384.44 GFLOPS/s)
MUL_MAT_VEC q6_K m=12288 n=5 k=5120: 16 x 95.175 us = 1522.8 us (6609.76 GFLOPS/s)
MUL_MAT_VEC q6_K m=17408 n=5 k=5120: 128 x 141.139 us = 18065.8 us (6314.36 GFLOPS/s)
MUL_MAT_VEC q6_K m=248320 n=5 k=5120: 1 x 1787.12 us = 1787.12 us (7113.54 GFLOPS/s)
MUL_MAT_VEC q6_K m=6144 n=5 k=5120: 48 x 53.561 us = 2570.96 us (5872.52 GFLOPS/s)
MUL_MAT_VEC q8_0 m=5120 n=5 k=6144: 48 x 63.071 us = 3027.44 us (4987.14 GFLOPS/s)
RMS_NORM_MUL RMS_NORM(256,24,5,1): 16 x 3.772 us = 60.36 us
RMS_NORM_MUL RMS_NORM(256,4,5,1): 16 x 4.377 us = 70.04 us
RMS_NORM_MUL RMS_NORM(5120,5,1,1): 129 x 4.586 us = 591.72 us
RMS_NORM_MUL_SILU_MUL RMS_NORM(128,48,5,1): 48 x 5.801 us = 278.48 us
RMS_NORM_SCALE RMS_NORM(128,16,5,1): 96 x 2.668 us = 256.16 us
ROPE: 32 x 3.898 us = 124.76 us
SET_ROWS: 32 x 2.983 us = 95.48 us
SIGMOID_MUL SIGMOID: 16 x 3.712 us = 59.4 us
SSM_CONV_SILU SSM_CONV: 48 x 5.655 us = 271.44 us
Total time: 46288.8 us.
----------------
Vulkan Timings:
CONCAT: 1 x 1.96 us = 1.96 us
CONT: 1 x 3.84 us = 3.84 us
FLASH_ATTN_EXT dst(256,24,5,1),  q(256,5,24,1),  k(256,256,4,1),  v(256,256,4,1),  m(256,5,1,1): 1 x 21.28 us = 21.28 us (1478.26 GFLOPS/s)
GLU: 1 x 1.8 us = 1.8 us
MUL_MAT f32 m=256 n=120 k=256: 1 x 1.8 us = 1.8 us (8721.07 GFLOPS/s)
MUL_MAT f32 m=256 n=20 k=256: 1 x 3.24 us = 3.24 us (807.506 GFLOPS/s)
MUL_MAT f32 m=64 n=480 k=64: 1 x 3.84 us = 3.84 us (1016 GFLOPS/s)
MUL_MAT f32 m=64 n=80 k=64: 1 x 3.8 us = 3.8 us (171.116 GFLOPS/s)
MUL_MAT_ADD MUL_MAT_VEC q6_K m=5120 n=5 k=17408: 1 x 155.98 us = 155.98 us (5713.96 GFLOPS/s)
MUL_MAT_ADD MUL_MAT_VEC q6_K m=5120 n=5 k=6144: 1 x 62.52 us = 62.52 us (5031.15 GFLOPS/s)
MUL_MAT_VEC q6_K m=1024 n=5 k=5120: 2 x 9.58 us = 19.16 us (5472.2 GFLOPS/s)
MUL_MAT_VEC q6_K m=12288 n=5 k=5120: 1 x 125.09 us = 125.09 us (5029.05 GFLOPS/s)
MUL_MAT_VEC q6_K m=17408 n=5 k=5120: 2 x 137.48 us = 274.96 us (6482.42 GFLOPS/s)
MUL_MAT_VEC q8_0 m=5120 n=5 k=10240: 1 x 107.72 us = 107.72 us (4866.9 GFLOPS/s)
RMS_NORM_MUL RMS_NORM(256,24,5,1): 1 x 3.92 us = 3.92 us
RMS_NORM_MUL RMS_NORM(256,4,5,1): 1 x 3.84 us = 3.84 us
RMS_NORM_MUL RMS_NORM(5120,5,1,1): 5 x 8.614 us = 43.07 us
ROPE: 2 x 3.82 us = 7.64 us
SET_ROWS: 2 x 2.82 us = 5.64 us
SIGMOID_MUL SIGMOID: 1 x 1.84 us = 1.84 us
Total time: 852.94 us.
----------------
Vulkan Timings:
CONCAT: 1 x 3.68 us = 3.68 us
CONT: 1 x 3.56 us = 3.56 us
FLASH_ATTN_EXT dst(256,24,1,1),  q(256,1,24,1),  k(256,256,4,1),  v(256,256,4,1),  m(256,1,1,1): 1 x 12.8 us = 12.8 us (491.52 GFLOPS/s)
GET_ROWS: 2 x 4.2 us = 8.4 us
GLU: 1 x 1.6 us = 1.6 us
MUL_MAT f32 m=256 n=24 k=256: 1 x 1.56 us = 1.56 us (2012.55 GFLOPS/s)
MUL_MAT f32 m=64 n=16 k=64: 1 x 1.8 us = 1.8 us (72.2489 GFLOPS/s)
MUL_MAT f32 m=64 n=96 k=64: 1 x 3.2 us = 3.2 us (243.84 GFLOPS/s)
MUL_MAT_ADD MUL_MAT_VEC q6_K m=5120 n=1 k=17408: 1 x 130 us = 130 us (1371.18 GFLOPS/s)
MUL_MAT_ADD MUL_MAT_VEC q6_K m=5120 n=1 k=6144: 1 x 54.24 us = 54.24 us (1159.83 GFLOPS/s)
MUL_MAT_VEC f32 m=256 n=4 k=256: 1 x 3.04 us = 3.04 us (172.126 GFLOPS/s)
MUL_MAT_VEC q6_K m=1024 n=1 k=5120: 2 x 6.16 us = 12.32 us (1702.07 GFLOPS/s)
MUL_MAT_VEC q6_K m=12288 n=1 k=5120: 1 x 97.2 us = 97.2 us (1294.41 GFLOPS/s)
MUL_MAT_VEC q6_K m=17408 n=1 k=5120: 2 x 118.2 us = 236.4 us (1507.96 GFLOPS/s)
MUL_MAT_VEC q6_K m=98304 n=1 k=5120: 1 x 671.16 us = 671.16 us (1499.69 GFLOPS/s)
MUL_MAT_VEC q8_0 m=5120 n=1 k=10240: 1 x 93.32 us = 93.32 us (1123.58 GFLOPS/s)
PAD: 1 x 6.32 us = 6.32 us
RMS_NORM_MUL RMS_NORM(256,24,1,1): 1 x 3.24 us = 3.24 us
RMS_NORM_MUL RMS_NORM(256,4,1,1): 1 x 4.92 us = 4.92 us
RMS_NORM_MUL RMS_NORM(5120,1,1,1): 5 x 4.112 us = 20.56 us
ROPE: 2 x 3.36 us = 6.72 us
SET_ROWS: 2 x 2.64 us = 5.28 us
SIGMOID_MUL SIGMOID: 1 x 1.56 us = 1.56 us
TOP_K K=10 (98304,1,1,1): 1 x 8.96 us = 8.96 us
Total time: 1391.84 us.
----------------
Vulkan Timings:
CONCAT: 1 x 3.72 us = 3.72 us
CONT: 1 x 3.6 us = 3.6 us
FLASH_ATTN_EXT dst(256,24,1,1),  q(256,1,24,1),  k(256,256,4,1),  v(256,256,4,1),  m(256,1,1,1): 1 x 12.96 us = 12.96 us (485.452 GFLOPS/s)
GET_ROWS: 2 x 4.26 us = 8.52 us
GLU: 1 x 1.8 us = 1.8 us
MUL_MAT f32 m=256 n=24 k=256: 1 x 1.6 us = 1.6 us (1962.24 GFLOPS/s)
MUL_MAT f32 m=64 n=16 k=64: 1 x 3.64 us = 3.64 us (35.7275 GFLOPS/s)
MUL_MAT f32 m=64 n=96 k=64: 1 x 3.6 us = 3.6 us (216.747 GFLOPS/s)
MUL_MAT_ADD MUL_MAT_VEC q6_K m=5120 n=1 k=17408: 1 x 124.36 us = 124.36 us (1433.36 GFLOPS/s)
MUL_MAT_ADD MUL_MAT_VEC q6_K m=5120 n=1 k=6144: 1 x 53.44 us = 53.44 us (1177.2 GFLOPS/s)
MUL_MAT_VEC f32 m=256 n=4 k=256: 1 x 3 us = 3 us (174.421 GFLOPS/s)
MUL_MAT_VEC q6_K m=1024 n=1 k=5120: 2 x 9.24 us = 18.48 us (1134.71 GFLOPS/s)
MUL_MAT_VEC q6_K m=12288 n=1 k=5120: 1 x 85.4 us = 85.4 us (1473.27 GFLOPS/s)
MUL_MAT_VEC q6_K m=17408 n=1 k=5120: 2 x 121.12 us = 242.24 us (1471.6 GFLOPS/s)
MUL_MAT_VEC q6_K m=98304 n=1 k=5120: 1 x 670.37 us = 670.37 us (1501.46 GFLOPS/s)
MUL_MAT_VEC q8_0 m=5120 n=1 k=10240: 1 x 101.24 us = 101.24 us (1035.68 GFLOPS/s)
PAD: 1 x 6.32 us = 6.32 us
RMS_NORM_MUL RMS_NORM(256,24,1,1): 1 x 3.64 us = 3.64 us
RMS_NORM_MUL RMS_NORM(256,4,1,1): 1 x 3.6 us = 3.6 us
RMS_NORM_MUL RMS_NORM(5120,1,1,1): 5 x 3.776 us = 18.88 us
ROPE: 2 x 3.6 us = 7.2 us
SET_ROWS: 2 x 2.64 us = 5.28 us
SIGMOID_MUL SIGMOID: 1 x 1.68 us = 1.68 us
TOP_K K=10 (98304,1,1,1): 1 x 8.76 us = 8.76 us
Total time: 1393.33 us.
----------------
Vulkan Timings:
CONCAT: 1 x 3.76 us = 3.76 us
CONT: 1 x 3.64 us = 3.64 us
FLASH_ATTN_EXT dst(256,24,1,1),  q(256,1,24,1),  k(256,256,4,1),  v(256,256,4,1),  m(256,1,1,1): 1 x 12.96 us = 12.96 us (485.452 GFLOPS/s)
GET_ROWS: 2 x 4.38 us = 8.76 us
GLU: 1 x 1.84 us = 1.84 us
MUL_MAT f32 m=256 n=24 k=256: 1 x 1.64 us = 1.64 us (1914.38 GFLOPS/s)
MUL_MAT f32 m=64 n=16 k=64: 1 x 3.6 us = 3.6 us (36.1244 GFLOPS/s)
MUL_MAT f32 m=64 n=96 k=64: 1 x 3.64 us = 3.64 us (214.365 GFLOPS/s)
MUL_MAT_ADD MUL_MAT_VEC q6_K m=5120 n=1 k=17408: 1 x 123.36 us = 123.36 us (1444.98 GFLOPS/s)
MUL_MAT_ADD MUL_MAT_VEC q6_K m=5120 n=1 k=6144: 1 x 53.92 us = 53.92 us (1166.72 GFLOPS/s)
MUL_MAT_VEC f32 m=256 n=4 k=256: 1 x 3 us = 3 us (174.421 GFLOPS/s)
MUL_MAT_VEC q6_K m=1024 n=1 k=5120: 2 x 9.14 us = 18.28 us (1147.13 GFLOPS/s)
MUL_MAT_VEC q6_K m=12288 n=1 k=5120: 1 x 85.84 us = 85.84 us (1465.71 GFLOPS/s)
MUL_MAT_VEC q6_K m=17408 n=1 k=5120: 2 x 121.32 us = 242.64 us (1469.18 GFLOPS/s)
MUL_MAT_VEC q6_K m=98304 n=1 k=5120: 1 x 672.77 us = 672.77 us (1496.11 GFLOPS/s)
MUL_MAT_VEC q8_0 m=5120 n=1 k=10240: 1 x 100.88 us = 100.88 us (1039.38 GFLOPS/s)
PAD: 1 x 6.28 us = 6.28 us
RMS_NORM_MUL RMS_NORM(256,24,1,1): 1 x 3.56 us = 3.56 us
RMS_NORM_MUL RMS_NORM(256,4,1,1): 1 x 3.6 us = 3.6 us
RMS_NORM_MUL RMS_NORM(5120,1,1,1): 5 x 3.712 us = 18.56 us
ROPE: 2 x 3.54 us = 7.08 us
SET_ROWS: 2 x 2.66 us = 5.32 us
SIGMOID_MUL SIGMOID: 1 x 1.72 us = 1.72 us
TOP_K K=10 (98304,1,1,1): 1 x 9.12 us = 9.12 us
Total time: 1395.77 us.
----------------
Vulkan Timings:
CONCAT: 1 x 3.8 us = 3.8 us
CONT: 1 x 3.6 us = 3.6 us
FLASH_ATTN_EXT dst(256,24,1,1),  q(256,1,24,1),  k(256,256,4,1),  v(256,256,4,1),  m(256,1,1,1): 1 x 13.08 us = 13.08 us (480.998 GFLOPS/s)
GET_ROWS: 2 x 4.2 us = 8.4 us
GLU: 1 x 1.92 us = 1.92 us
MUL_MAT f32 m=256 n=24 k=256: 1 x 1.64 us = 1.64 us (1914.38 GFLOPS/s)
MUL_MAT f32 m=64 n=16 k=64: 1 x 3.6 us = 3.6 us (36.1244 GFLOPS/s)
MUL_MAT f32 m=64 n=96 k=64: 1 x 3.56 us = 3.56 us (219.182 GFLOPS/s)
MUL_MAT_ADD MUL_MAT_VEC q6_K m=5120 n=1 k=17408: 1 x 122.96 us = 122.96 us (1449.68 GFLOPS/s)
MUL_MAT_ADD MUL_MAT_VEC q6_K m=5120 n=1 k=6144: 1 x 53.92 us = 53.92 us (1166.72 GFLOPS/s)
MUL_MAT_VEC f32 m=256 n=4 k=256: 1 x 3.04 us = 3.04 us (172.126 GFLOPS/s)
MUL_MAT_VEC q6_K m=1024 n=1 k=5120: 2 x 9.14 us = 18.28 us (1147.13 GFLOPS/s)
MUL_MAT_VEC q6_K m=12288 n=1 k=5120: 1 x 85.64 us = 85.64 us (1469.14 GFLOPS/s)
MUL_MAT_VEC q6_K m=17408 n=1 k=5120: 2 x 121.42 us = 242.84 us (1467.97 GFLOPS/s)
MUL_MAT_VEC q6_K m=98304 n=1 k=5120: 1 x 675.95 us = 675.95 us (1489.07 GFLOPS/s)
MUL_MAT_VEC q8_0 m=5120 n=1 k=10240: 1 x 101.88 us = 101.88 us (1029.18 GFLOPS/s)
PAD: 1 x 6.32 us = 6.32 us
RMS_NORM_MUL RMS_NORM(256,24,1,1): 1 x 3.6 us = 3.6 us
RMS_NORM_MUL RMS_NORM(256,4,1,1): 1 x 3.64 us = 3.64 us
RMS_NORM_MUL RMS_NORM(5120,1,1,1): 5 x 3.672 us = 18.36 us
ROPE: 2 x 3.6 us = 7.2 us
SET_ROWS: 2 x 2.6 us = 5.2 us
SIGMOID_MUL SIGMOID: 1 x 1.68 us = 1.68 us
TOP_K K=10 (98304,1,1,1): 1 x 8.84 us = 8.84 us
Total time: 1398.95 us.
----------------
Vulkan Timings:
ADD: 48 x 3.746 us = 179.84 us
CONCAT: 48 x 2.432 us = 116.76 us
CONT: 16 x 3.812 us = 61 us
CPY: 240 x 2.216 us = 532.04 us
FLASH_ATTN_EXT dst(256,24,5,1),  q(256,5,24,1),  k(256,256,4,1),  v(256,256,4,1),  m(256,5,1,1): 16 x 20.995 us = 335.92 us (1498.32 GFLOPS/s)
GDN_CACHE GATED_DELTA_NET: 48 x 13.825 us = 663.6 us
GET_ROWS: 50 x 26.111 us = 1305.56 us
GLU: 64 x 2.89 us = 184.96 us
MUL_MAT f32 m=256 n=120 k=256: 16 x 1.835 us = 29.36 us (8554.72 GFLOPS/s)
MUL_MAT f32 m=256 n=20 k=256: 16 x 2.96 us = 47.36 us (883.892 GFLOPS/s)
MUL_MAT f32 m=64 n=480 k=64: 16 x 3.622 us = 57.96 us (1077 GFLOPS/s)
MUL_MAT f32 m=64 n=80 k=64: 16 x 3.277 us = 52.44 us (198.395 GFLOPS/s)
MUL_MAT_ADD MUL_MAT_VEC q6_K m=5120 n=5 k=17408: 64 x 130.35 us = 8342.44 us (6837.44 GFLOPS/s)
MUL_MAT_ADD MUL_MAT_VEC q6_K m=5120 n=5 k=6144: 16 x 55.142 us = 882.28 us (5704.26 GFLOPS/s)
MUL_MAT_VEC f32 m=48 n=5 k=5120: 96 x 3.415 us = 327.92 us (719.403 GFLOPS/s)
MUL_MAT_VEC q6_K m=1024 n=5 k=5120: 32 x 10.967 us = 350.96 us (4779.91 GFLOPS/s)
MUL_MAT_VEC q6_K m=10240 n=5 k=5120: 48 x 81.86 us = 3929.32 us (6404 GFLOPS/s)
MUL_MAT_VEC q6_K m=12288 n=5 k=5120: 16 x 94.745 us = 1515.92 us (6639.76 GFLOPS/s)
MUL_MAT_VEC q6_K m=17408 n=5 k=5120: 128 x 140.813 us = 18024.1 us (6328.97 GFLOPS/s)
MUL_MAT_VEC q6_K m=248320 n=5 k=5120: 1 x 1773.56 us = 1773.56 us (7167.92 GFLOPS/s)
MUL_MAT_VEC q6_K m=6144 n=5 k=5120: 48 x 53.346 us = 2560.64 us (5896.19 GFLOPS/s)
MUL_MAT_VEC q8_0 m=5120 n=5 k=6144: 48 x 62.96 us = 3022.08 us (4995.98 GFLOPS/s)
RMS_NORM_MUL RMS_NORM(256,24,5,1): 16 x 3.827 us = 61.24 us
RMS_NORM_MUL RMS_NORM(256,4,5,1): 16 x 4.395 us = 70.32 us
RMS_NORM_MUL RMS_NORM(5120,5,1,1): 129 x 4.513 us = 582.2 us
RMS_NORM_MUL_SILU_MUL RMS_NORM(128,48,5,1): 48 x 5.631 us = 270.32 us
RMS_NORM_SCALE RMS_NORM(128,16,5,1): 96 x 2.676 us = 256.96 us
ROPE: 32 x 3.848 us = 123.16 us
SET_ROWS: 32 x 2.961 us = 94.76 us
SIGMOID_MUL SIGMOID: 16 x 3.672 us = 58.76 us
SSM_CONV_SILU SSM_CONV: 48 x 5.717 us = 274.44 us
Total time: 46088.2 us.
----------------
Vulkan Timings:
CONCAT: 1 x 1.96 us = 1.96 us
CONT: 1 x 3.76 us = 3.76 us
FLASH_ATTN_EXT dst(256,24,5,1),  q(256,5,24,1),  k(256,256,4,1),  v(256,256,4,1),  m(256,5,1,1): 1 x 20.96 us = 20.96 us (1500.82 GFLOPS/s)
GLU: 1 x 1.52 us = 1.52 us
MUL_MAT f32 m=256 n=120 k=256: 1 x 1.72 us = 1.72 us (9126.7 GFLOPS/s)
MUL_MAT f32 m=256 n=20 k=256: 1 x 3.12 us = 3.12 us (838.564 GFLOPS/s)
MUL_MAT f32 m=64 n=480 k=64: 1 x 3.72 us = 3.72 us (1048.77 GFLOPS/s)
MUL_MAT f32 m=64 n=80 k=64: 1 x 3.76 us = 3.76 us (172.936 GFLOPS/s)
MUL_MAT_ADD MUL_MAT_VEC q6_K m=5120 n=5 k=17408: 1 x 156.03 us = 156.03 us (5712.13 GFLOPS/s)
MUL_MAT_ADD MUL_MAT_VEC q6_K m=5120 n=5 k=6144: 1 x 61.8 us = 61.8 us (5089.76 GFLOPS/s)
MUL_MAT_VEC q6_K m=1024 n=5 k=5120: 2 x 9.34 us = 18.68 us (5612.81 GFLOPS/s)
MUL_MAT_VEC q6_K m=12288 n=5 k=5120: 1 x 120.67 us = 120.67 us (5213.26 GFLOPS/s)
MUL_MAT_VEC q6_K m=17408 n=5 k=5120: 2 x 136.52 us = 273.04 us (6528 GFLOPS/s)
MUL_MAT_VEC q8_0 m=5120 n=5 k=10240: 1 x 105.52 us = 105.52 us (4968.37 GFLOPS/s)
RMS_NORM_MUL RMS_NORM(256,24,5,1): 1 x 3.88 us = 3.88 us
RMS_NORM_MUL RMS_NORM(256,4,5,1): 1 x 3.72 us = 3.72 us
RMS_NORM_MUL RMS_NORM(5120,5,1,1): 5 x 9.702 us = 48.51 us
ROPE: 2 x 3.74 us = 7.48 us
SET_ROWS: 2 x 2.72 us = 5.44 us
SIGMOID_MUL SIGMOID: 1 x 1.8 us = 1.8 us
Total time: 847.09 us.
----------------
Vulkan Timings:
CONCAT: 1 x 3.6 us = 3.6 us
CONT: 1 x 3.52 us = 3.52 us
FLASH_ATTN_EXT dst(256,24,1,1),  q(256,1,24,1),  k(256,256,4,1),  v(256,256,4,1),  m(256,1,1,1): 1 x 12.56 us = 12.56 us (500.912 GFLOPS/s)
GET_ROWS: 2 x 4.3 us = 8.6 us
GLU: 1 x 1.68 us = 1.68 us
MUL_MAT f32 m=256 n=24 k=256: 1 x 1.52 us = 1.52 us (2065.52 GFLOPS/s)
MUL_MAT f32 m=64 n=16 k=64: 1 x 1.84 us = 1.84 us (70.6783 GFLOPS/s)
MUL_MAT f32 m=64 n=96 k=64: 1 x 3.2 us = 3.2 us (243.84 GFLOPS/s)
MUL_MAT_ADD MUL_MAT_VEC q6_K m=5120 n=1 k=17408: 1 x 129.32 us = 129.32 us (1378.39 GFLOPS/s)
MUL_MAT_ADD MUL_MAT_VEC q6_K m=5120 n=1 k=6144: 1 x 54 us = 54 us (1164.99 GFLOPS/s)
MUL_MAT_VEC f32 m=256 n=4 k=256: 1 x 3 us = 3 us (174.421 GFLOPS/s)
MUL_MAT_VEC q6_K m=1024 n=1 k=5120: 2 x 9.26 us = 18.52 us (1132.26 GFLOPS/s)
MUL_MAT_VEC q6_K m=12288 n=1 k=5120: 1 x 89.8 us = 89.8 us (1401.08 GFLOPS/s)
MUL_MAT_VEC q6_K m=17408 n=1 k=5120: 2 x 118.36 us = 236.72 us (1505.92 GFLOPS/s)
MUL_MAT_VEC q6_K m=98304 n=1 k=5120: 1 x 670.21 us = 670.21 us (1501.82 GFLOPS/s)
MUL_MAT_VEC q8_0 m=5120 n=1 k=10240: 1 x 93.52 us = 93.52 us (1121.18 GFLOPS/s)
PAD: 1 x 6.36 us = 6.36 us
RMS_NORM_MUL RMS_NORM(256,24,1,1): 1 x 3.2 us = 3.2 us
RMS_NORM_MUL RMS_NORM(256,4,1,1): 1 x 4.88 us = 4.88 us
RMS_NORM_MUL RMS_NORM(5120,1,1,1): 5 x 4.12 us = 20.6 us
ROPE: 2 x 3.32 us = 6.64 us
SET_ROWS: 2 x 2.58 us = 5.16 us
SIGMOID_MUL SIGMOID: 1 x 1.8 us = 1.8 us
TOP_K K=10 (98304,1,1,1): 1 x 8.72 us = 8.72 us
Total time: 1388.97 us.
----------------
Vulkan Timings:
CONCAT: 1 x 3.76 us = 3.76 us
CONT: 1 x 3.64 us = 3.64 us
FLASH_ATTN_EXT dst(256,24,1,1),  q(256,1,24,1),  k(256,256,4,1),  v(256,256,4,1),  m(256,1,1,1): 1 x 13.04 us = 13.04 us (482.474 GFLOPS/s)
GET_ROWS: 2 x 4.22 us = 8.44 us
GLU: 1 x 1.8 us = 1.8 us
MUL_MAT f32 m=256 n=24 k=256: 1 x 1.64 us = 1.64 us (1914.38 GFLOPS/s)
MUL_MAT f32 m=64 n=16 k=64: 1 x 3.64 us = 3.64 us (35.7275 GFLOPS/s)
MUL_MAT f32 m=64 n=96 k=64: 1 x 3.6 us = 3.6 us (216.747 GFLOPS/s)
MUL_MAT_ADD MUL_MAT_VEC q6_K m=5120 n=1 k=17408: 1 x 123.28 us = 123.28 us (1445.92 GFLOPS/s)
MUL_MAT_ADD MUL_MAT_VEC q6_K m=5120 n=1 k=6144: 1 x 54.2 us = 54.2 us (1160.69 GFLOPS/s)
MUL_MAT_VEC f32 m=256 n=4 k=256: 1 x 3 us = 3 us (174.421 GFLOPS/s)
MUL_MAT_VEC q6_K m=1024 n=1 k=5120: 2 x 8.96 us = 17.92 us (1170.17 GFLOPS/s)
MUL_MAT_VEC q6_K m=12288 n=1 k=5120: 1 x 85.64 us = 85.64 us (1469.14 GFLOPS/s)
MUL_MAT_VEC q6_K m=17408 n=1 k=5120: 2 x 121.12 us = 242.24 us (1471.6 GFLOPS/s)
MUL_MAT_VEC q6_K m=98304 n=1 k=5120: 1 x 671.6 us = 671.6 us (1498.71 GFLOPS/s)
MUL_MAT_VEC q8_0 m=5120 n=1 k=10240: 1 x 101.04 us = 101.04 us (1037.73 GFLOPS/s)
PAD: 1 x 6.28 us = 6.28 us
RMS_NORM_MUL RMS_NORM(256,24,1,1): 1 x 3.64 us = 3.64 us
RMS_NORM_MUL RMS_NORM(256,4,1,1): 1 x 3.6 us = 3.6 us
RMS_NORM_MUL RMS_NORM(5120,1,1,1): 5 x 3.72 us = 18.6 us
ROPE: 2 x 3.56 us = 7.12 us
SET_ROWS: 2 x 2.64 us = 5.28 us
SIGMOID_MUL SIGMOID: 1 x 1.72 us = 1.72 us
TOP_K K=10 (98304,1,1,1): 1 x 9.04 us = 9.04 us
Total time: 1393.76 us.
----------------
Vulkan Timings:
CONCAT: 1 x 3.76 us = 3.76 us
CONT: 1 x 3.6 us = 3.6 us
FLASH_ATTN_EXT dst(256,24,1,1),  q(256,1,24,1),  k(256,256,4,1),  v(256,256,4,1),  m(256,1,1,1): 1 x 12.8 us = 12.8 us (491.52 GFLOPS/s)
GET_ROWS: 2 x 4.18 us = 8.36 us
GLU: 1 x 1.76 us = 1.76 us
MUL_MAT f32 m=256 n=24 k=256: 1 x 1.68 us = 1.68 us (1868.8 GFLOPS/s)
MUL_MAT f32 m=64 n=16 k=64: 1 x 3.64 us = 3.64 us (35.7275 GFLOPS/s)
MUL_MAT f32 m=64 n=96 k=64: 1 x 3.64 us = 3.64 us (214.365 GFLOPS/s)
MUL_MAT_ADD MUL_MAT_VEC q6_K m=5120 n=1 k=17408: 1 x 123.4 us = 123.4 us (1444.51 GFLOPS/s)
MUL_MAT_ADD MUL_MAT_VEC q6_K m=5120 n=1 k=6144: 1 x 53.8 us = 53.8 us (1169.32 GFLOPS/s)
MUL_MAT_VEC f32 m=256 n=4 k=256: 1 x 3.04 us = 3.04 us (172.126 GFLOPS/s)
MUL_MAT_VEC q6_K m=1024 n=1 k=5120: 2 x 9.22 us = 18.44 us (1137.17 GFLOPS/s)
MUL_MAT_VEC q6_K m=12288 n=1 k=5120: 1 x 85.68 us = 85.68 us (1468.45 GFLOPS/s)
MUL_MAT_VEC q6_K m=17408 n=1 k=5120: 2 x 121.48 us = 242.96 us (1467.24 GFLOPS/s)
MUL_MAT_VEC q6_K m=98304 n=1 k=5120: 1 x 670.41 us = 670.41 us (1501.37 GFLOPS/s)
MUL_MAT_VEC q8_0 m=5120 n=1 k=10240: 1 x 100.52 us = 100.52 us (1043.1 GFLOPS/s)
PAD: 1 x 6.32 us = 6.32 us
RMS_NORM_MUL RMS_NORM(256,24,1,1): 1 x 3.6 us = 3.6 us
RMS_NORM_MUL RMS_NORM(256,4,1,1): 1 x 3.64 us = 3.64 us
RMS_NORM_MUL RMS_NORM(5120,1,1,1): 5 x 3.768 us = 18.84 us
ROPE: 2 x 3.58 us = 7.16 us
SET_ROWS: 2 x 2.66 us = 5.32 us
SIGMOID_MUL SIGMOID: 1 x 1.64 us = 1.64 us
TOP_K K=10 (98304,1,1,1): 1 x 8.76 us = 8.76 us
Total time: 1392.77 us.
----------------
Vulkan Timings:
CONCAT: 1 x 3.72 us = 3.72 us
CONT: 1 x 3.6 us = 3.6 us
FLASH_ATTN_EXT dst(256,24,1,1),  q(256,1,24,1),  k(256,256,4,1),  v(256,256,4,1),  m(256,1,1,1): 1 x 12.84 us = 12.84 us (489.989 GFLOPS/s)
GET_ROWS: 2 x 4.16 us = 8.32 us
GLU: 1 x 1.76 us = 1.76 us
MUL_MAT f32 m=256 n=24 k=256: 1 x 1.6 us = 1.6 us (1962.24 GFLOPS/s)
MUL_MAT f32 m=64 n=16 k=64: 1 x 3.6 us = 3.6 us (36.1244 GFLOPS/s)
MUL_MAT f32 m=64 n=96 k=64: 1 x 3.64 us = 3.64 us (214.365 GFLOPS/s)
MUL_MAT_ADD MUL_MAT_VEC q6_K m=5120 n=1 k=17408: 1 x 123.16 us = 123.16 us (1447.33 GFLOPS/s)
MUL_MAT_ADD MUL_MAT_VEC q6_K m=5120 n=1 k=6144: 1 x 53.84 us = 53.84 us (1168.45 GFLOPS/s)
MUL_MAT_VEC f32 m=256 n=4 k=256: 1 x 3.04 us = 3.04 us (172.126 GFLOPS/s)
MUL_MAT_VEC q6_K m=1024 n=1 k=5120: 2 x 9.1 us = 18.2 us (1152.17 GFLOPS/s)
MUL_MAT_VEC q6_K m=12288 n=1 k=5120: 1 x 85.36 us = 85.36 us (1473.96 GFLOPS/s)
MUL_MAT_VEC q6_K m=17408 n=1 k=5120: 2 x 121.22 us = 242.44 us (1470.39 GFLOPS/s)
MUL_MAT_VEC q6_K m=98304 n=1 k=5120: 1 x 671.52 us = 671.52 us (1498.89 GFLOPS/s)
MUL_MAT_VEC q8_0 m=5120 n=1 k=10240: 1 x 100.84 us = 100.84 us (1039.79 GFLOPS/s)
PAD: 1 x 8.44 us = 8.44 us
RMS_NORM_MUL RMS_NORM(256,24,1,1): 1 x 3.6 us = 3.6 us
RMS_NORM_MUL RMS_NORM(256,4,1,1): 1 x 3.6 us = 3.6 us
RMS_NORM_MUL RMS_NORM(5120,1,1,1): 5 x 3.752 us = 18.76 us
ROPE: 2 x 3.58 us = 7.16 us
SET_ROWS: 2 x 2.62 us = 5.24 us
SIGMOID_MUL SIGMOID: 1 x 1.72 us = 1.72 us
TOP_K K=10 (98304,1,1,1): 1 x 6.32 us = 6.32 us
Total time: 1392.32 us.
----------------
Vulkan Timings:
ADD: 48 x 3.745 us = 179.8 us
CONCAT: 48 x 2.395 us = 114.96 us
CONT: 16 x 3.845 us = 61.52 us
CPY: 240 x 2.232 us = 535.68 us
FLASH_ATTN_EXT dst(256,24,5,1),  q(256,5,24,1),  k(256,256,4,1),  v(256,256,4,1),  m(256,5,1,1): 16 x 20.917 us = 334.68 us (1503.87 GFLOPS/s)
GDN_CACHE GATED_DELTA_NET: 48 x 13.921 us = 668.24 us
GET_ROWS: 50 x 26.22 us = 1311.04 us
GLU: 64 x 2.932 us = 187.68 us
MUL_MAT f32 m=256 n=120 k=256: 16 x 1.8 us = 28.8 us (8721.07 GFLOPS/s)
MUL_MAT f32 m=256 n=20 k=256: 16 x 3.127 us = 50.04 us (836.553 GFLOPS/s)
MUL_MAT f32 m=64 n=480 k=64: 16 x 3.635 us = 58.16 us (1073.3 GFLOPS/s)
MUL_MAT f32 m=64 n=80 k=64: 16 x 3.285 us = 52.56 us (197.942 GFLOPS/s)
MUL_MAT_ADD MUL_MAT_VEC q6_K m=5120 n=5 k=17408: 64 x 130.558 us = 8355.76 us (6826.54 GFLOPS/s)
MUL_MAT_ADD MUL_MAT_VEC q6_K m=5120 n=5 k=6144: 16 x 55.265 us = 884.24 us (5691.62 GFLOPS/s)
MUL_MAT_VEC f32 m=48 n=5 k=5120: 96 x 3.434 us = 329.68 us (715.562 GFLOPS/s)
MUL_MAT_VEC q6_K m=1024 n=5 k=5120: 32 x 10.535 us = 337.12 us (4976.14 GFLOPS/s)
MUL_MAT_VEC q6_K m=10240 n=5 k=5120: 48 x 81.95 us = 3933.64 us (6396.97 GFLOPS/s)
MUL_MAT_VEC q6_K m=12288 n=5 k=5120: 16 x 96.22 us = 1539.52 us (6537.98 GFLOPS/s)
MUL_MAT_VEC q6_K m=17408 n=5 k=5120: 128 x 140.962 us = 18043.2 us (6322.25 GFLOPS/s)
MUL_MAT_VEC q6_K m=248320 n=5 k=5120: 1 x 1776.48 us = 1776.48 us (7156.14 GFLOPS/s)
MUL_MAT_VEC q6_K m=6144 n=5 k=5120: 48 x 53.54 us = 2569.92 us (5874.9 GFLOPS/s)
MUL_MAT_VEC q8_0 m=5120 n=5 k=6144: 48 x 63.04 us = 3025.92 us (4989.64 GFLOPS/s)
RMS_NORM_MUL RMS_NORM(256,24,5,1): 16 x 3.72 us = 59.52 us
RMS_NORM_MUL RMS_NORM(256,4,5,1): 16 x 4.402 us = 70.44 us
RMS_NORM_MUL RMS_NORM(5120,5,1,1): 129 x 4.542 us = 586 us
RMS_NORM_MUL_SILU_MUL RMS_NORM(128,48,5,1): 48 x 5.645 us = 270.96 us
RMS_NORM_SCALE RMS_NORM(128,16,5,1): 96 x 2.678 us = 257.16 us
ROPE: 32 x 3.852 us = 123.28 us
SET_ROWS: 32 x 2.952 us = 94.48 us
SIGMOID_MUL SIGMOID: 16 x 3.692 us = 59.08 us
SSM_CONV_SILU SSM_CONV: 48 x 5.714 us = 274.28 us
Total time: 46173.9 us.
----------------
Vulkan Timings:
CONCAT: 1 x 4.04 us = 4.04 us
CONT: 1 x 3.72 us = 3.72 us
FLASH_ATTN_EXT dst(256,24,5,1),  q(256,5,24,1),  k(256,256,4,1),  v(256,256,4,1),  m(256,5,1,1): 1 x 20.84 us = 20.84 us (1509.47 GFLOPS/s)
GLU: 1 x 1.6 us = 1.6 us
MUL_MAT f32 m=256 n=120 k=256: 1 x 1.72 us = 1.72 us (9126.7 GFLOPS/s)
MUL_MAT f32 m=256 n=20 k=256: 1 x 3.08 us = 3.08 us (849.455 GFLOPS/s)
MUL_MAT f32 m=64 n=480 k=64: 1 x 3.72 us = 3.72 us (1048.77 GFLOPS/s)
MUL_MAT f32 m=64 n=80 k=64: 1 x 3.68 us = 3.68 us (176.696 GFLOPS/s)
MUL_MAT_ADD MUL_MAT_VEC q6_K m=5120 n=5 k=17408: 1 x 154.72 us = 154.72 us (5760.5 GFLOPS/s)
MUL_MAT_ADD MUL_MAT_VEC q6_K m=5120 n=5 k=6144: 1 x 61.32 us = 61.32 us (5129.6 GFLOPS/s)
MUL_MAT_VEC q6_K m=1024 n=5 k=5120: 2 x 9.32 us = 18.64 us (5624.86 GFLOPS/s)
MUL_MAT_VEC q6_K m=12288 n=5 k=5120: 1 x 120.5 us = 120.5 us (5220.62 GFLOPS/s)
MUL_MAT_VEC q6_K m=17408 n=5 k=5120: 2 x 136.5 us = 273 us (6528.96 GFLOPS/s)
MUL_MAT_VEC q8_0 m=5120 n=5 k=10240: 1 x 106.48 us = 106.48 us (4923.58 GFLOPS/s)
RMS_NORM_MUL RMS_NORM(256,24,5,1): 1 x 3.84 us = 3.84 us
RMS_NORM_MUL RMS_NORM(256,4,5,1): 1 x 3.68 us = 3.68 us
RMS_NORM_MUL RMS_NORM(5120,5,1,1): 5 x 8.284 us = 41.42 us
ROPE: 2 x 3.7 us = 7.4 us
SET_ROWS: 2 x 2.7 us = 5.4 us
SIGMOID_MUL SIGMOID: 1 x 1.76 us = 1.76 us
Total time: 840.56 us.
----------------
Vulkan Timings:
CONCAT: 1 x 3.64 us = 3.64 us
CONT: 1 x 3.52 us = 3.52 us
FLASH_ATTN_EXT dst(256,24,1,1),  q(256,1,24,1),  k(256,256,4,1),  v(256,256,4,1),  m(256,1,1,1): 1 x 15.32 us = 15.32 us (410.669 GFLOPS/s)
GET_ROWS: 2 x 4.28 us = 8.56 us
GLU: 1 x 1.64 us = 1.64 us
MUL_MAT f32 m=256 n=24 k=256: 1 x 1.48 us = 1.48 us (2121.34 GFLOPS/s)
MUL_MAT f32 m=64 n=16 k=64: 1 x 1.8 us = 1.8 us (72.2489 GFLOPS/s)
MUL_MAT f32 m=64 n=96 k=64: 1 x 3.24 us = 3.24 us (240.83 GFLOPS/s)
MUL_MAT_ADD MUL_MAT_VEC q6_K m=5120 n=1 k=17408: 1 x 130.16 us = 130.16 us (1369.49 GFLOPS/s)
MUL_MAT_ADD MUL_MAT_VEC q6_K m=5120 n=1 k=6144: 1 x 53.96 us = 53.96 us (1165.85 GFLOPS/s)
MUL_MAT_VEC f32 m=256 n=4 k=256: 1 x 3 us = 3 us (174.421 GFLOPS/s)
MUL_MAT_VEC q6_K m=1024 n=1 k=5120: 2 x 9.42 us = 18.84 us (1113.03 GFLOPS/s)
MUL_MAT_VEC q6_K m=12288 n=1 k=5120: 1 x 90 us = 90 us (1397.96 GFLOPS/s)
MUL_MAT_VEC q6_K m=17408 n=1 k=5120: 2 x 118.26 us = 236.52 us (1507.19 GFLOPS/s)
MUL_MAT_VEC q6_K m=98304 n=1 k=5120: 1 x 671.2 us = 671.2 us (1499.6 GFLOPS/s)
MUL_MAT_VEC q8_0 m=5120 n=1 k=10240: 1 x 92.08 us = 92.08 us (1138.71 GFLOPS/s)
PAD: 1 x 6.4 us = 6.4 us
RMS_NORM_MUL RMS_NORM(256,24,1,1): 1 x 3.2 us = 3.2 us
RMS_NORM_MUL RMS_NORM(256,4,1,1): 1 x 4.8 us = 4.8 us
RMS_NORM_MUL RMS_NORM(5120,1,1,1): 5 x 4.376 us = 21.88 us
ROPE: 2 x 3.3 us = 6.6 us
SET_ROWS: 2 x 1.84 us = 3.68 us
SIGMOID_MUL SIGMOID: 1 x 1.56 us = 1.56 us
TOP_K K=10 (98304,1,1,1): 1 x 8.2 us = 8.2 us
Total time: 1391.28 us.
----------------
Vulkan Timings:
CONCAT: 1 x 3.8 us = 3.8 us
CONT: 1 x 3.56 us = 3.56 us
FLASH_ATTN_EXT dst(256,24,1,1),  q(256,1,24,1),  k(256,256,4,1),  v(256,256,4,1),  m(256,1,1,1): 1 x 12.92 us = 12.92 us (486.955 GFLOPS/s)
GET_ROWS: 2 x 6.08 us = 12.16 us
GLU: 1 x 1.92 us = 1.92 us
MUL_MAT f32 m=256 n=24 k=256: 1 x 1.72 us = 1.72 us (1825.34 GFLOPS/s)
MUL_MAT f32 m=64 n=16 k=64: 1 x 3.6 us = 3.6 us (36.1244 GFLOPS/s)
MUL_MAT f32 m=64 n=96 k=64: 1 x 3.6 us = 3.6 us (216.747 GFLOPS/s)
MUL_MAT_ADD MUL_MAT_VEC q6_K m=5120 n=1 k=17408: 1 x 123.44 us = 123.44 us (1444.04 GFLOPS/s)
MUL_MAT_ADD MUL_MAT_VEC q6_K m=5120 n=1 k=6144: 1 x 50.92 us = 50.92 us (1235.46 GFLOPS/s)
MUL_MAT_VEC f32 m=256 n=4 k=256: 1 x 3.04 us = 3.04 us (172.126 GFLOPS/s)
MUL_MAT_VEC q6_K m=1024 n=1 k=5120: 2 x 9.04 us = 18.08 us (1159.82 GFLOPS/s)
MUL_MAT_VEC q6_K m=12288 n=1 k=5120: 1 x 85.8 us = 85.8 us (1466.4 GFLOPS/s)
MUL_MAT_VEC q6_K m=17408 n=1 k=5120: 2 x 121.42 us = 242.84 us (1467.97 GFLOPS/s)
MUL_MAT_VEC q6_K m=98304 n=1 k=5120: 1 x 669.8 us = 669.8 us (1502.74 GFLOPS/s)
MUL_MAT_VEC q8_0 m=5120 n=1 k=10240: 1 x 101.16 us = 101.16 us (1036.5 GFLOPS/s)
PAD: 1 x 4.88 us = 4.88 us
RMS_NORM_MUL RMS_NORM(256,24,1,1): 1 x 3.56 us = 3.56 us
RMS_NORM_MUL RMS_NORM(256,4,1,1): 1 x 3.6 us = 3.6 us
RMS_NORM_MUL RMS_NORM(5120,1,1,1): 5 x 4.248 us = 21.24 us
ROPE: 2 x 3.6 us = 7.2 us
SET_ROWS: 2 x 2.66 us = 5.32 us
SIGMOID_MUL SIGMOID: 1 x 1.64 us = 1.64 us
TOP_K K=10 (98304,1,1,1): 1 x 8.8 us = 8.8 us
Total time: 1394.6 us.
----------------
Vulkan Timings:
CONCAT: 1 x 3.72 us = 3.72 us
CONT: 1 x 3.64 us = 3.64 us
FLASH_ATTN_EXT dst(256,24,1,1),  q(256,1,24,1),  k(256,256,4,1),  v(256,256,4,1),  m(256,1,1,1): 1 x 14.68 us = 14.68 us (428.573 GFLOPS/s)
GET_ROWS: 2 x 4.2 us = 8.4 us
GLU: 1 x 1.72 us = 1.72 us
MUL_MAT f32 m=256 n=24 k=256: 1 x 2.2 us = 2.2 us (1427.08 GFLOPS/s)
MUL_MAT f32 m=64 n=16 k=64: 1 x 3.64 us = 3.64 us (35.7275 GFLOPS/s)
MUL_MAT f32 m=64 n=96 k=64: 1 x 3.6 us = 3.6 us (216.747 GFLOPS/s)
MUL_MAT_ADD MUL_MAT_VEC q6_K m=5120 n=1 k=17408: 1 x 123.96 us = 123.96 us (1437.99 GFLOPS/s)
MUL_MAT_ADD MUL_MAT_VEC q6_K m=5120 n=1 k=6144: 1 x 53.92 us = 53.92 us (1166.72 GFLOPS/s)
MUL_MAT_VEC f32 m=256 n=4 k=256: 1 x 0.72 us = 0.72 us (726.756 GFLOPS/s)
MUL_MAT_VEC q6_K m=1024 n=1 k=5120: 2 x 9.18 us = 18.36 us (1142.13 GFLOPS/s)
MUL_MAT_VEC q6_K m=12288 n=1 k=5120: 1 x 85.76 us = 85.76 us (1467.08 GFLOPS/s)
MUL_MAT_VEC q6_K m=17408 n=1 k=5120: 2 x 121.5 us = 243 us (1467 GFLOPS/s)
MUL_MAT_VEC q6_K m=98304 n=1 k=5120: 1 x 670.22 us = 670.22 us (1501.8 GFLOPS/s)
MUL_MAT_VEC q8_0 m=5120 n=1 k=10240: 1 x 101.8 us = 101.8 us (1029.99 GFLOPS/s)
PAD: 1 x 6.32 us = 6.32 us
RMS_NORM_MUL RMS_NORM(256,24,1,1): 1 x 3.64 us = 3.64 us
RMS_NORM_MUL RMS_NORM(256,4,1,1): 1 x 3.6 us = 3.6 us
RMS_NORM_MUL RMS_NORM(5120,1,1,1): 5 x 3.744 us = 18.72 us
ROPE: 2 x 3.58 us = 7.16 us
SET_ROWS: 2 x 2.84 us = 5.68 us
SIGMOID_MUL SIGMOID: 1 x 1.72 us = 1.72 us
TOP_K K=10 (98304,1,1,1): 1 x 8.96 us = 8.96 us
Total time: 1395.14 us.
----------------
Vulkan Timings:
CONCAT: 1 x 3.76 us = 3.76 us
CONT: 1 x 3.64 us = 3.64 us
FLASH_ATTN_EXT dst(256,24,1,1),  q(256,1,24,1),  k(256,256,4,1),  v(256,256,4,1),  m(256,1,1,1): 1 x 13.04 us = 13.04 us (482.474 GFLOPS/s)
GET_ROWS: 2 x 4.18 us = 8.36 us
GLU: 1 x 1.8 us = 1.8 us
MUL_MAT f32 m=256 n=24 k=256: 1 x 1.68 us = 1.68 us (1868.8 GFLOPS/s)
MUL_MAT f32 m=64 n=16 k=64: 1 x 3.64 us = 3.64 us (35.7275 GFLOPS/s)
MUL_MAT f32 m=64 n=96 k=64: 1 x 3.64 us = 3.64 us (214.365 GFLOPS/s)
MUL_MAT_ADD MUL_MAT_VEC q6_K m=5120 n=1 k=17408: 1 x 123.64 us = 123.64 us (1441.71 GFLOPS/s)
MUL_MAT_ADD MUL_MAT_VEC q6_K m=5120 n=1 k=6144: 1 x 54.48 us = 54.48 us (1154.73 GFLOPS/s)
MUL_MAT_VEC f32 m=256 n=4 k=256: 1 x 3.04 us = 3.04 us (172.126 GFLOPS/s)
MUL_MAT_VEC q6_K m=1024 n=1 k=5120: 2 x 9.14 us = 18.28 us (1147.13 GFLOPS/s)
MUL_MAT_VEC q6_K m=12288 n=1 k=5120: 1 x 86.24 us = 86.24 us (1458.92 GFLOPS/s)
MUL_MAT_VEC q6_K m=17408 n=1 k=5120: 2 x 121.52 us = 243.04 us (1466.76 GFLOPS/s)
MUL_MAT_VEC q6_K m=98304 n=1 k=5120: 1 x 670.15 us = 670.15 us (1501.95 GFLOPS/s)
MUL_MAT_VEC q8_0 m=5120 n=1 k=10240: 1 x 101.44 us = 101.44 us (1033.64 GFLOPS/s)
PAD: 1 x 6.28 us = 6.28 us
RMS_NORM_MUL RMS_NORM(256,24,1,1): 1 x 3.6 us = 3.6 us
RMS_NORM_MUL RMS_NORM(256,4,1,1): 1 x 3.56 us = 3.56 us
RMS_NORM_MUL RMS_NORM(5120,1,1,1): 5 x 3.688 us = 18.44 us
ROPE: 2 x 3.56 us = 7.12 us
SET_ROWS: 2 x 2.62 us = 5.24 us
SIGMOID_MUL SIGMOID: 1 x 1.72 us = 1.72 us
TOP_K K=10 (98304,1,1,1): 1 x 8.76 us = 8.76 us
Total time: 1394.59 us.
----------------
Vulkan Timings:
ADD: 48 x 3.301 us = 158.48 us
CONCAT: 48 x 2.968 us = 142.48 us
CONT: 16 x 4.542 us = 72.68 us
CPY: 240 x 2.921 us = 701.12 us
FLASH_ATTN_EXT dst(256,24,4,1),  q(256,4,24,1),  k(256,256,4,1),  v(256,256,4,1),  m(256,4,1,1): 16 x 23.157 us = 370.52 us (1086.72 GFLOPS/s)
GDN_CACHE GATED_DELTA_NET: 48 x 12.732 us = 611.16 us
GET_ROWS: 50 x 22.052 us = 1102.6 us
GLU: 64 x 1.97 us = 126.08 us
MUL_MAT f32 m=256 n=16 k=256: 16 x 3.152 us = 50.44 us (663.935 GFLOPS/s)
MUL_MAT f32 m=256 n=96 k=256: 16 x 2.647 us = 42.36 us (4743.47 GFLOPS/s)
MUL_MAT f32 m=64 n=384 k=64: 16 x 4.382 us = 70.12 us (712.185 GFLOPS/s)
MUL_MAT f32 m=64 n=64 k=64: 16 x 3.852 us = 61.64 us (135.027 GFLOPS/s)
MUL_MAT_ADD MUL_MAT_VEC q6_K m=5120 n=4 k=17408: 64 x 137.378 us = 8792.24 us (5190.11 GFLOPS/s)
MUL_MAT_ADD MUL_MAT_VEC q6_K m=5120 n=4 k=6144: 16 x 56.82 us = 909.12 us (4428.68 GFLOPS/s)
MUL_MAT_VEC f32 m=48 n=4 k=5120: 96 x 4.539 us = 435.8 us (433.055 GFLOPS/s)
MUL_MAT_VEC q6_K m=1024 n=4 k=5120: 32 x 9.882 us = 316.24 us (4243.76 GFLOPS/s)
MUL_MAT_VEC q6_K m=10240 n=4 k=5120: 48 x 83.059 us = 3986.84 us (5049.29 GFLOPS/s)
MUL_MAT_VEC q6_K m=12288 n=4 k=5120: 16 x 100.275 us = 1604.4 us (5018.87 GFLOPS/s)
MUL_MAT_VEC q6_K m=17408 n=4 k=5120: 128 x 140.883 us = 18033.1 us (5060.64 GFLOPS/s)
MUL_MAT_VEC q6_K m=248320 n=4 k=5120: 1 x 1677.92 us = 1677.92 us (6061.19 GFLOPS/s)
MUL_MAT_VEC q6_K m=6144 n=4 k=5120: 48 x 54.619 us = 2621.72 us (4607.06 GFLOPS/s)
MUL_MAT_VEC q8_0 m=5120 n=4 k=6144: 48 x 65.243 us = 3131.68 us (3856.91 GFLOPS/s)
RMS_NORM_MUL RMS_NORM(256,24,4,1): 16 x 3.217 us = 51.48 us
RMS_NORM_MUL RMS_NORM(256,4,4,1): 16 x 5.502 us = 88.04 us
RMS_NORM_MUL RMS_NORM(5120,4,1,1): 129 x 3.798 us = 490 us
RMS_NORM_MUL_SILU_MUL RMS_NORM(128,48,4,1): 48 x 5.887 us = 282.6 us
RMS_NORM_SCALE RMS_NORM(128,16,4,1): 96 x 2.449 us = 235.12 us
ROPE: 32 x 4.74 us = 151.68 us
SET_ROWS: 32 x 3.432 us = 109.84 us
SIGMOID_MUL SIGMOID: 16 x 3.002 us = 48.04 us
SSM_CONV_SILU SSM_CONV: 48 x 5.62 us = 269.76 us
Total time: 46745.3 us.
----------------
Vulkan Timings:
CONCAT: 1 x 4 us = 4 us
CONT: 1 x 3.64 us = 3.64 us
FLASH_ATTN_EXT dst(256,24,4,1),  q(256,4,24,1),  k(256,256,4,1),  v(256,256,4,1),  m(256,4,1,1): 1 x 19.72 us = 19.72 us (1276.16 GFLOPS/s)
GLU: 1 x 1.52 us = 1.52 us
MUL_MAT f32 m=256 n=16 k=256: 1 x 3 us = 3 us (697.685 GFLOPS/s)
MUL_MAT f32 m=256 n=96 k=256: 1 x 1.84 us = 1.84 us (6825.18 GFLOPS/s)
MUL_MAT f32 m=64 n=384 k=64: 1 x 3.64 us = 3.64 us (857.459 GFLOPS/s)
MUL_MAT f32 m=64 n=64 k=64: 1 x 3.68 us = 3.68 us (141.357 GFLOPS/s)
MUL_MAT_ADD MUL_MAT_VEC q6_K m=5120 n=4 k=17408: 1 x 146.08 us = 146.08 us (4880.96 GFLOPS/s)
MUL_MAT_ADD MUL_MAT_VEC q6_K m=5120 n=4 k=6144: 1 x 59.12 us = 59.12 us (4256.39 GFLOPS/s)
MUL_MAT_VEC q6_K m=1024 n=4 k=5120: 2 x 8 us = 16 us (5242.37 GFLOPS/s)
MUL_MAT_VEC q6_K m=12288 n=4 k=5120: 1 x 113.15 us = 113.15 us (4447.79 GFLOPS/s)
MUL_MAT_VEC q6_K m=17408 n=4 k=5120: 2 x 128.12 us = 256.24 us (5564.8 GFLOPS/s)
MUL_MAT_VEC q8_0 m=5120 n=4 k=10240: 1 x 105.48 us = 105.48 us (3976.2 GFLOPS/s)
RMS_NORM_MUL RMS_NORM(256,24,4,1): 1 x 3.68 us = 3.68 us
RMS_NORM_MUL RMS_NORM(256,4,4,1): 1 x 3.64 us = 3.64 us
RMS_NORM_MUL RMS_NORM(5120,4,1,1): 5 x 7.52 us = 37.6 us
ROPE: 2 x 3.66 us = 7.32 us
SET_ROWS: 2 x 2.64 us = 5.28 us
SIGMOID_MUL SIGMOID: 1 x 1.68 us = 1.68 us
Total time: 796.31 us.
----------------
Vulkan Timings:
ADD: 48 x 3.78 us = 181.44 us
CONCAT: 48 x 3.19 us = 153.16 us
CONT: 16 x 5.662 us = 90.6 us
CPY: 240 x 2.826 us = 678.4 us
FLASH_ATTN_EXT dst(256,24,1,1),  q(256,1,24,1),  k(256,256,4,1),  v(256,256,4,1),  m(256,1,1,1): 16 x 15.08 us = 241.28 us (417.205 GFLOPS/s)
GDN_CACHE GATED_DELTA_NET: 48 x 7.796 us = 374.24 us
GET_ROWS: 50 x 8.26 us = 413.04 us
GLU: 64 x 2.171 us = 139 us
MUL_MAT f32 m=256 n=24 k=256: 16 x 1.987 us = 31.8 us (1579.66 GFLOPS/s)
MUL_MAT f32 m=64 n=16 k=64: 16 x 4.28 us = 68.48 us (30.385 GFLOPS/s)
MUL_MAT f32 m=64 n=96 k=64: 16 x 3.53 us = 56.48 us (221.045 GFLOPS/s)
MUL_MAT_ADD MUL_MAT_VEC q6_K m=5120 n=1 k=17408: 64 x 123.351 us = 7894.48 us (1445.08 GFLOPS/s)
MUL_MAT_ADD MUL_MAT_VEC q6_K m=5120 n=1 k=6144: 16 x 49.085 us = 785.36 us (1281.64 GFLOPS/s)
MUL_MAT_VEC f32 m=256 n=4 k=256: 16 x 3.822 us = 61.16 us (136.891 GFLOPS/s)
MUL_MAT_VEC f32 m=48 n=1 k=5120: 96 x 3.488 us = 334.88 us (140.89 GFLOPS/s)
MUL_MAT_VEC q6_K m=1024 n=1 k=5120: 32 x 9.696 us = 310.28 us (1081.32 GFLOPS/s)
MUL_MAT_VEC q6_K m=10240 n=1 k=5120: 48 x 73.297 us = 3518.28 us (1430.44 GFLOPS/s)
MUL_MAT_VEC q6_K m=12288 n=1 k=5120: 16 x 84.81 us = 1356.96 us (1483.51 GFLOPS/s)
MUL_MAT_VEC q6_K m=17408 n=1 k=5120: 128 x 122.752 us = 15712.3 us (1452.04 GFLOPS/s)
MUL_MAT_VEC q6_K m=248320 n=1 k=5120: 1 x 1642.12 us = 1642.12 us (1548.33 GFLOPS/s)
MUL_MAT_VEC q6_K m=6144 n=1 k=5120: 48 x 46.743 us = 2243.68 us (1345.83 GFLOPS/s)
MUL_MAT_VEC q8_0 m=5120 n=1 k=6144: 48 x 59.794 us = 2870.12 us (1052.1 GFLOPS/s)
RMS_NORM_MUL RMS_NORM(256,24,1,1): 16 x 4.462 us = 71.4 us
RMS_NORM_MUL RMS_NORM(256,4,1,1): 16 x 4.9 us = 78.4 us
RMS_NORM_MUL RMS_NORM(5120,1,1,1): 129 x 3.876 us = 500.04 us
RMS_NORM_MUL_SILU_MUL RMS_NORM(128,48,1,1): 48 x 4.707 us = 225.96 us
RMS_NORM_SCALE RMS_NORM(128,16,1,1): 96 x 3.921 us = 376.44 us
ROPE: 32 x 4.387 us = 140.4 us
SET_ROWS: 32 x 3.337 us = 106.8 us
SIGMOID_MUL SIGMOID: 16 x 2.732 us = 43.72 us
SSM_CONV_SILU SSM_CONV: 48 x 5.757 us = 276.36 us
Total time: 40977 us.
----------------
Vulkan Timings:
CONCAT: 1 x 3.76 us = 3.76 us
CONT: 1 x 3.48 us = 3.48 us
FLASH_ATTN_EXT dst(256,24,1,1),  q(256,1,24,1),  k(256,256,4,1),  v(256,256,4,1),  m(256,1,1,1): 1 x 12.48 us = 12.48 us (504.123 GFLOPS/s)
GLU: 1 x 1.64 us = 1.64 us
MUL_MAT f32 m=256 n=24 k=256: 1 x 1.56 us = 1.56 us (2012.55 GFLOPS/s)
MUL_MAT f32 m=64 n=16 k=64: 1 x 1.8 us = 1.8 us (72.2489 GFLOPS/s)
MUL_MAT f32 m=64 n=96 k=64: 1 x 3.2 us = 3.2 us (243.84 GFLOPS/s)
MUL_MAT_ADD MUL_MAT_VEC q6_K m=5120 n=1 k=17408: 1 x 123.48 us = 123.48 us (1443.58 GFLOPS/s)
MUL_MAT_ADD MUL_MAT_VEC q6_K m=5120 n=1 k=6144: 1 x 48.64 us = 48.64 us (1293.37 GFLOPS/s)
MUL_MAT_VEC f32 m=256 n=4 k=256: 1 x 3.04 us = 3.04 us (172.126 GFLOPS/s)
MUL_MAT_VEC q6_K m=1024 n=1 k=5120: 2 x 9.06 us = 18.12 us (1157.26 GFLOPS/s)
MUL_MAT_VEC q6_K m=12288 n=1 k=5120: 1 x 90.84 us = 90.84 us (1385.04 GFLOPS/s)
MUL_MAT_VEC q6_K m=17408 n=1 k=5120: 2 x 121.46 us = 242.92 us (1467.48 GFLOPS/s)
MUL_MAT_VEC q8_0 m=5120 n=1 k=10240: 1 x 98.04 us = 98.04 us (1069.49 GFLOPS/s)
RMS_NORM_MUL RMS_NORM(256,24,1,1): 1 x 3.16 us = 3.16 us
RMS_NORM_MUL RMS_NORM(256,4,1,1): 1 x 4.8 us = 4.8 us
RMS_NORM_MUL RMS_NORM(5120,1,1,1): 5 x 8.214 us = 41.07 us
ROPE: 2 x 3.32 us = 6.64 us
SET_ROWS: 2 x 2.62 us = 5.24 us
SIGMOID_MUL SIGMOID: 1 x 1.6 us = 1.6 us
Total time: 715.51 us.
0.14.682.287 I slot print_timing: id  0 | task 0 | prompt eval time =     308.05 ms /    10 tokens (   30.80 ms per token,    32.46 tokens per second)
0.14.682.291 I slot print_timing: id  0 | task 0 |        eval time =    4333.24 ms /   160 tokens (   27.25 ms per token,    36.69 tokens per second)
0.14.682.292 I slot print_timing: id  0 | task 0 |       total time =    4641.29 ms /   170 tokens
0.14.682.297 I slot print_timing: id  0 | task 0 |    graphs reused =         63
0.14.682.302 I slot print_timing: id  0 | task 0 | draft acceptance = 0.35907 (   93 accepted /   259 generated), mean len =  2.43
0.14.682.339 I slot      release: id  0 | task 0 | stop processing: n_tokens = 169, truncated = 0
0.14.688.434 I srv    operator(): operator(): cleaning up before exit...
