0.00.000.780 I srv  llama_server: initializing ...
WARNING: radv is not a conformant Vulkan implementation, testing use only.
WARNING: radv is not a conformant Vulkan implementation, testing use only.
0.00.100.024 I cmn  common_param: common_params_print_info: verbosity = 3 (adjust with the `-lv N` CLI arg)
0.00.100.913 I srv          init: The UI is disabled
0.00.100.914 I srv          init: Use --ui/--no-ui (or deprecated --webui/--no-webui) to enable/disable
0.00.101.273 W srv  llama_server: security: no API key is set and CORS allows all origins (see https://github.com/ggml-org/llama.cpp/pull/25655)
0.00.102.544 I srv    load_model: loading model '/mnt/8724062a-75f8-4edf-8ca8-b7dd4e77ed30/models/qwen3.8:27b/unsloth/Qwen3.8-27B-Q6_K.gguf'
0.27.520.707 W common_init_result: --spec-draft-vocab without --spec-draft-vocab-file: using specials + lowest token ids
0.29.315.385 I cmn          init: llama threadpool init, n_threads = 8
----------------
Vulkan Timings:
ADD: 48 x 5.03 us = 241.44 us
CONCAT: 48 x 4.287 us = 205.8 us
CONT: 16 x 4.832 us = 77.32 us
CPY: 240 x 3.583 us = 859.96 us
FLASH_ATTN_EXT dst(256,24,2,1),  q(256,2,24,1),  k(256,256,4,1),  v(256,256,4,1),  m(256,2,1,1): 16 x 99.703 us = 1595.25 us (126.204 GFLOPS/s)
GDN_CACHE GATED_DELTA_NET: 48 x 10.017 us = 480.84 us
GET_ROWS: 50 x 9.635 us = 481.76 us
GLU: 64 x 2.39 us = 153 us
MUL_MAT f32 m=256 n=48 k=256: 16 x 2.92 us = 46.72 us (2150.4 GFLOPS/s)
MUL_MAT f32 m=64 n=192 k=64: 16 x 4.777 us = 76.44 us (326.651 GFLOPS/s)
MUL_MAT f32 m=64 n=32 k=64: 16 x 4.462 us = 71.4 us (58.2848 GFLOPS/s)
MUL_MAT_ADD MUL_MAT_VEC q6_K m=5120 n=2 k=17408: 64 x 133.427 us = 8539.36 us (2671.9 GFLOPS/s)
MUL_MAT_ADD MUL_MAT_VEC q6_K m=5120 n=2 k=6144: 16 x 52.725 us = 843.6 us (2386.32 GFLOPS/s)
MUL_MAT_VEC f32 m=256 n=8 k=256: 16 x 3.342 us = 53.48 us (313.097 GFLOPS/s)
MUL_MAT_VEC f32 m=48 n=2 k=5120: 96 x 4.57 us = 438.8 us (215.047 GFLOPS/s)
MUL_MAT_VEC q6_K m=1024 n=2 k=5120: 32 x 10.118 us = 323.8 us (2072.34 GFLOPS/s)
MUL_MAT_VEC q6_K m=10240 n=2 k=5120: 48 x 97.914 us = 4699.88 us (2141.62 GFLOPS/s)
MUL_MAT_VEC q6_K m=12288 n=2 k=5120: 16 x 92.595 us = 1481.52 us (2717.57 GFLOPS/s)
MUL_MAT_VEC q6_K m=17408 n=2 k=5120: 128 x 144.662 us = 18516.8 us (2464.22 GFLOPS/s)
MUL_MAT_VEC q6_K m=248320 n=1 k=5120: 1 x 1642.96 us = 1642.96 us (1547.54 GFLOPS/s)
MUL_MAT_VEC q6_K m=6144 n=2 k=5120: 48 x 61.845 us = 2968.6 us (2034.36 GFLOPS/s)
MUL_MAT_VEC q8_0 m=5120 n=2 k=6144: 48 x 207.427 us = 9956.51 us (606.569 GFLOPS/s)
RMS_NORM_MUL RMS_NORM(256,24,2,1): 16 x 5.065 us = 81.04 us
RMS_NORM_MUL RMS_NORM(256,4,2,1): 16 x 15.597 us = 249.56 us
RMS_NORM_MUL RMS_NORM(5120,2,1,1): 129 x 4.274 us = 551.36 us
RMS_NORM_MUL_SILU_MUL RMS_NORM(128,48,2,1): 48 x 7.56 us = 362.88 us
RMS_NORM_SCALE RMS_NORM(128,16,2,1): 96 x 3.012 us = 289.24 us
ROPE: 32 x 4.707 us = 150.64 us
SCALE: 96 x 8.153 us = 782.76 us
SET_ROWS: 32 x 3.293 us = 105.4 us
SIGMOID_MUL SIGMOID: 16 x 4.697 us = 75.16 us
SSM_CONV_SILU SSM_CONV: 48 x 6.804 us = 326.6 us
Total time: 56729.9 us.
0.29.512.018 I common_speculative_init_result: creating MTP draft context against the target model '/mnt/8724062a-75f8-4edf-8ca8-b7dd4e77ed30/models/qwen3.8:27b/unsloth/Qwen3.8-27B-Q6_K.gguf'
0.29.532.149 I srv    load_model: initializing, n_slots = 1, n_ctx_slot = 16384, kv_unified = 'false'
0.29.532.894 I spec common_specu: adaptive draft vocab: subset 98304 rows while <= 3 per 256 recent context tokens fall outside it
----------------
Vulkan Timings:
CONCAT: 1 x 3 us = 3 us
CONT: 1 x 6.56 us = 6.56 us
FLASH_ATTN_EXT dst(256,24,2,1),  q(256,2,24,1),  k(256,256,4,1),  v(256,256,4,1),  m(256,2,1,1): 1 x 319.68 us = 319.68 us (39.361 GFLOPS/s)
GET_ROWS: 2 x 49.01 us = 98.02 us
GLU: 1 x 2.76 us = 2.76 us
MUL_MAT f32 m=256 n=48 k=256: 1 x 2.8 us = 2.8 us (2242.56 GFLOPS/s)
MUL_MAT f32 m=64 n=192 k=64: 1 x 5.56 us = 5.56 us (280.679 GFLOPS/s)
MUL_MAT f32 m=64 n=32 k=64: 1 x 5.88 us = 5.88 us (44.234 GFLOPS/s)
MUL_MAT_ADD MUL_MAT_VEC q6_K m=5120 n=2 k=17408: 1 x 1123.85 us = 1123.85 us (317.218 GFLOPS/s)
MUL_MAT_ADD MUL_MAT_VEC q6_K m=5120 n=2 k=6144: 1 x 71.48 us = 71.48 us (1760.2 GFLOPS/s)
MUL_MAT_VEC f32 m=256 n=8 k=256: 1 x 4.96 us = 4.96 us (210.994 GFLOPS/s)
MUL_MAT_VEC q6_K m=1024 n=2 k=5120: 2 x 14.48 us = 28.96 us (1448.17 GFLOPS/s)
MUL_MAT_VEC q6_K m=12288 n=2 k=5120: 1 x 135.84 us = 135.84 us (1852.43 GFLOPS/s)
MUL_MAT_VEC q6_K m=17408 n=2 k=5120: 2 x 172.14 us = 344.28 us (2070.88 GFLOPS/s)
MUL_MAT_VEC q6_K m=248320 n=1 k=5120: 1 x 2125.44 us = 2125.44 us (1196.25 GFLOPS/s)
MUL_MAT_VEC q8_0 m=5120 n=2 k=10240: 1 x 657.63 us = 657.63 us (318.88 GFLOPS/s)
PAD: 1 x 16.64 us = 16.64 us
RMS_NORM_MUL RMS_NORM(256,24,2,1): 1 x 5.88 us = 5.88 us
RMS_NORM_MUL RMS_NORM(256,4,2,1): 1 x 5.72 us = 5.72 us
RMS_NORM_MUL RMS_NORM(5120,2,1,1): 5 x 9.328 us = 46.64 us
ROPE: 2 x 5.84 us = 11.68 us
SET_ROWS: 2 x 2.94 us = 5.88 us
SIGMOID_MUL SIGMOID: 1 x 2.32 us = 2.32 us
TOP_K K=10 (248320,1,1,1): 1 x 1731.98 us = 1731.98 us
Total time: 6763.44 us.
0.29.588.813 W srv          init: chat template supports preserving reasoning, it is enabled by default (may use more tokens, disable via --no-reasoning-preserve)
0.29.589.251 I srv  llama_server: model loaded
0.29.589.260 I srv  llama_server: listening on http://127.0.0.1:8103
0.30.257.431 I slot get_availabl: id  0 | task -1 | selected slot by LRU, t_last = -1
0.30.257.498 I slot launch_slot_: id  0 | task 0 | processing task, is_child = 0
----------------
Vulkan Timings:
ADD: 48 x 4.19 us = 201.16 us
CONCAT: 48 x 3.321 us = 159.44 us
CONT: 16 x 4.237 us = 67.8 us
CPY: 240 x 3.604 us = 865.16 us
FLASH_ATTN_EXT dst(256,24,6,1),  q(256,6,24,1),  k(256,256,4,1),  v(256,256,4,1),  m(256,6,1,1): 16 x 43.773 us = 700.37 us (862.372 GFLOPS/s)
GDN_CACHE GATED_DELTA_NET: 48 x 16.035 us = 769.72 us
GET_ROWS: 48 x 4.832 us = 231.96 us
GLU: 64 x 2.64 us = 168.96 us
MUL_MAT f32 m=256 n=144 k=256: 16 x 2.547 us = 40.76 us (7394.51 GFLOPS/s)
MUL_MAT f32 m=256 n=24 k=256: 16 x 2.157 us = 34.52 us (1455.2 GFLOPS/s)
MUL_MAT f32 m=64 n=576 k=64: 16 x 4.54 us = 72.64 us (1031.22 GFLOPS/s)
MUL_MAT f32 m=64 n=96 k=64: 16 x 3.58 us = 57.28 us (217.958 GFLOPS/s)
MUL_MAT_ADD MUL_MAT_VEC q6_K m=5120 n=6 k=17408: 64 x 172.04 us = 11010.6 us (6216.68 GFLOPS/s)
MUL_MAT_ADD MUL_MAT_VEC q6_K m=5120 n=6 k=6144: 16 x 75.342 us = 1205.48 us (5009.88 GFLOPS/s)
MUL_MAT_VEC f32 m=48 n=6 k=5120: 96 x 5.858 us = 562.44 us (503.321 GFLOPS/s)
MUL_MAT_VEC q6_K m=1024 n=6 k=5120: 32 x 13.867 us = 443.76 us (4536.39 GFLOPS/s)
MUL_MAT_VEC q6_K m=10240 n=6 k=5120: 48 x 2501.85 us = 120089 us (251.447 GFLOPS/s)
MUL_MAT_VEC q6_K m=12288 n=6 k=5120: 16 x 150.454 us = 2407.27 us (5017.47 GFLOPS/s)
MUL_MAT_VEC q6_K m=17408 n=6 k=5120: 128 x 205.711 us = 26331.1 us (5198.74 GFLOPS/s)
MUL_MAT_VEC q6_K m=6144 n=6 k=5120: 48 x 89.039 us = 4273.88 us (4239.15 GFLOPS/s)
MUL_MAT_VEC q8_0 m=5120 n=6 k=6144: 48 x 100.371 us = 4817.83 us (3760.6 GFLOPS/s)
RMS_NORM_MUL RMS_NORM(256,24,6,1): 16 x 3.842 us = 61.48 us
RMS_NORM_MUL RMS_NORM(256,4,6,1): 16 x 5.52 us = 88.32 us
RMS_NORM_MUL RMS_NORM(5120,6,1,1): 129 x 6.277 us = 809.76 us
RMS_NORM_MUL_SILU_MUL RMS_NORM(128,48,6,1): 48 x 6.62 us = 317.76 us
RMS_NORM_SCALE RMS_NORM(128,16,6,1): 96 x 2.505 us = 240.52 us
ROPE: 32 x 4.486 us = 143.56 us
SCALE: 96 x 8.121 us = 779.64 us
SET_ROWS: 32 x 3.685 us = 117.92 us
SIGMOID_MUL SIGMOID: 16 x 4.912 us = 78.6 us
SSM_CONV_SILU SSM_CONV: 48 x 6.375 us = 306 us
Total time: 177455 us.
----------------
Vulkan Timings:
CONCAT: 1 x 2.32 us = 2.32 us
CONT: 1 x 2.76 us = 2.76 us
FLASH_ATTN_EXT dst(256,24,6,1),  q(256,6,24,1),  k(256,256,4,1),  v(256,256,4,1),  m(256,6,1,1): 1 x 1735.52 us = 1735.52 us (21.7507 GFLOPS/s)
GLU: 1 x 2.8 us = 2.8 us
MUL_MAT f32 m=256 n=144 k=256: 1 x 2.24 us = 2.24 us (8409.6 GFLOPS/s)
MUL_MAT f32 m=256 n=24 k=256: 1 x 5.6 us = 5.6 us (560.64 GFLOPS/s)
MUL_MAT f32 m=64 n=576 k=64: 1 x 10.48 us = 10.48 us (446.73 GFLOPS/s)
MUL_MAT f32 m=64 n=96 k=64: 1 x 8.76 us = 8.76 us (89.074 GFLOPS/s)
MUL_MAT_ADD MUL_MAT_VEC q6_K m=5120 n=6 k=17408: 1 x 525.88 us = 525.88 us (2033.77 GFLOPS/s)
MUL_MAT_ADD MUL_MAT_VEC q6_K m=5120 n=6 k=6144: 1 x 97.36 us = 97.36 us (3876.92 GFLOPS/s)
MUL_MAT_VEC q6_K m=1024 n=6 k=5120: 2 x 24 us = 48 us (2621.18 GFLOPS/s)
MUL_MAT_VEC q6_K m=12288 n=6 k=5120: 1 x 1179.68 us = 1179.68 us (639.92 GFLOPS/s)
MUL_MAT_VEC q6_K m=17408 n=6 k=5120: 2 x 262.8 us = 525.6 us (4069.42 GFLOPS/s)
MUL_MAT_VEC q8_0 m=5120 n=6 k=10240: 1 x 307.08 us = 307.08 us (2048.7 GFLOPS/s)
RMS_NORM_MUL RMS_NORM(256,24,6,1): 1 x 2.36 us = 2.36 us
RMS_NORM_MUL RMS_NORM(256,4,6,1): 1 x 5.68 us = 5.68 us
RMS_NORM_MUL RMS_NORM(5120,6,1,1): 5 x 11.024 us = 55.12 us
ROPE: 2 x 5.6 us = 11.2 us
SET_ROWS: 2 x 2.8 us = 5.6 us
SIGMOID_MUL SIGMOID: 1 x 2.6 us = 2.6 us
Total time: 4536.64 us.
----------------
Vulkan Timings:
ADD: 48 x 3.888 us = 186.64 us
CONCAT: 48 x 3.479 us = 167 us
CONT: 16 x 4.442 us = 71.08 us
CPY: 240 x 3.044 us = 730.76 us
FLASH_ATTN_EXT dst(256,24,4,1),  q(256,4,24,1),  k(256,256,4,1),  v(256,256,4,1),  m(256,4,1,1): 16 x 24.227 us = 387.64 us (1038.73 GFLOPS/s)
GDN_CACHE GATED_DELTA_NET: 48 x 15.453 us = 741.76 us
GET_ROWS: 50 x 9.668 us = 483.44 us
GLU: 64 x 2.1 us = 134.4 us
MUL_MAT f32 m=256 n=16 k=256: 16 x 3.247 us = 51.96 us (644.513 GFLOPS/s)
MUL_MAT f32 m=256 n=96 k=256: 16 x 2.192 us = 35.08 us (5727.86 GFLOPS/s)
MUL_MAT f32 m=64 n=384 k=64: 16 x 5.112 us = 81.8 us (610.494 GFLOPS/s)
MUL_MAT f32 m=64 n=64 k=64: 16 x 4.697 us = 75.16 us (110.738 GFLOPS/s)
MUL_MAT_ADD MUL_MAT_VEC q6_K m=5120 n=4 k=17408: 64 x 144.527 us = 9249.76 us (4933.39 GFLOPS/s)
MUL_MAT_ADD MUL_MAT_VEC q6_K m=5120 n=4 k=6144: 16 x 58.45 us = 935.2 us (4305.18 GFLOPS/s)
MUL_MAT_VEC f32 m=48 n=4 k=5120: 96 x 5.59 us = 536.64 us (351.679 GFLOPS/s)
MUL_MAT_VEC q6_K m=1024 n=4 k=5120: 32 x 9.065 us = 290.08 us (4626.47 GFLOPS/s)
MUL_MAT_VEC q6_K m=10240 n=4 k=5120: 48 x 110.324 us = 5295.58 us (3801.41 GFLOPS/s)
MUL_MAT_VEC q6_K m=12288 n=4 k=5120: 16 x 121.122 us = 1937.96 us (4155.03 GFLOPS/s)
MUL_MAT_VEC q6_K m=17408 n=4 k=5120: 128 x 151.789 us = 19429.1 us (4697.04 GFLOPS/s)
MUL_MAT_VEC q6_K m=248320 n=1 k=5120: 1 x 1644 us = 1644 us (1546.56 GFLOPS/s)
MUL_MAT_VEC q6_K m=6144 n=4 k=5120: 48 x 68.78 us = 3301.48 us (3658.49 GFLOPS/s)
MUL_MAT_VEC q8_0 m=5120 n=4 k=6144: 48 x 81.899 us = 3931.16 us (3072.53 GFLOPS/s)
RMS_NORM_MUL RMS_NORM(256,24,4,1): 16 x 3.177 us = 50.84 us
RMS_NORM_MUL RMS_NORM(256,4,4,1): 16 x 15.74 us = 251.84 us
RMS_NORM_MUL RMS_NORM(5120,4,1,1): 129 x 4.43 us = 571.48 us
RMS_NORM_MUL_SILU_MUL RMS_NORM(128,48,4,1): 48 x 6.67 us = 320.2 us
RMS_NORM_SCALE RMS_NORM(128,16,4,1): 96 x 2.222 us = 213.36 us
ROPE: 32 x 5.161 us = 165.16 us
SET_ROWS: 32 x 3.653 us = 116.92 us
SIGMOID_MUL SIGMOID: 16 x 2.26 us = 36.16 us
SSM_CONV_SILU SSM_CONV: 48 x 6.371 us = 305.84 us
Total time: 51729.5 us.
----------------
Vulkan Timings:
CONCAT: 1 x 4.36 us = 4.36 us
CONT: 1 x 3.52 us = 3.52 us
FLASH_ATTN_EXT dst(256,24,4,1),  q(256,4,24,1),  k(256,256,4,1),  v(256,256,4,1),  m(256,4,1,1): 1 x 19.64 us = 19.64 us (1281.36 GFLOPS/s)
GLU: 1 x 1.8 us = 1.8 us
MUL_MAT f32 m=256 n=16 k=256: 1 x 3.04 us = 3.04 us (688.505 GFLOPS/s)
MUL_MAT f32 m=256 n=96 k=256: 1 x 1.68 us = 1.68 us (7475.2 GFLOPS/s)
MUL_MAT f32 m=64 n=384 k=64: 1 x 3.24 us = 3.24 us (963.319 GFLOPS/s)
MUL_MAT f32 m=64 n=64 k=64: 1 x 1.84 us = 1.84 us (282.713 GFLOPS/s)
MUL_MAT_ADD MUL_MAT_VEC q6_K m=5120 n=4 k=17408: 1 x 135.32 us = 135.32 us (5269.07 GFLOPS/s)
MUL_MAT_ADD MUL_MAT_VEC q6_K m=5120 n=4 k=6144: 1 x 51.12 us = 51.12 us (4922.49 GFLOPS/s)
MUL_MAT_VEC q6_K m=1024 n=4 k=5120: 2 x 14 us = 28 us (2995.64 GFLOPS/s)
MUL_MAT_VEC q6_K m=12288 n=4 k=5120: 1 x 91.24 us = 91.24 us (5515.86 GFLOPS/s)
MUL_MAT_VEC q6_K m=17408 n=4 k=5120: 2 x 129.6 us = 259.2 us (5501.25 GFLOPS/s)
MUL_MAT_VEC q8_0 m=5120 n=4 k=10240: 1 x 105.04 us = 105.04 us (3992.86 GFLOPS/s)
RMS_NORM_MUL RMS_NORM(256,24,4,1): 1 x 3.36 us = 3.36 us
RMS_NORM_MUL RMS_NORM(256,4,4,1): 1 x 4.92 us = 4.92 us
RMS_NORM_MUL RMS_NORM(5120,4,1,1): 5 x 9.028 us = 45.14 us
ROPE: 2 x 3.38 us = 6.76 us
SET_ROWS: 2 x 2.56 us = 5.12 us
SIGMOID_MUL SIGMOID: 1 x 1.52 us = 1.52 us
Total time: 775.86 us.
0.30.712.898 I spec        begin: adaptive draft vocab: cumulative draft steps subset 0 / 0 (0.0000), switches 0
----------------
Vulkan Timings:
CONCAT: 1 x 3.6 us = 3.6 us
CONT: 1 x 3.52 us = 3.52 us
FLASH_ATTN_EXT dst(256,24,1,1),  q(256,1,24,1),  k(256,256,4,1),  v(256,256,4,1),  m(256,1,1,1): 1 x 12.28 us = 12.28 us (512.334 GFLOPS/s)
GET_ROWS: 2 x 4.46 us = 8.92 us
GLU: 1 x 1.76 us = 1.76 us
MUL_MAT f32 m=256 n=24 k=256: 1 x 1.64 us = 1.64 us (1914.38 GFLOPS/s)
MUL_MAT f32 m=64 n=16 k=64: 1 x 1.84 us = 1.84 us (70.6783 GFLOPS/s)
MUL_MAT f32 m=64 n=96 k=64: 1 x 3.52 us = 3.52 us (221.673 GFLOPS/s)
MUL_MAT_ADD MUL_MAT_VEC q6_K m=5120 n=1 k=17408: 1 x 122.96 us = 122.96 us (1449.68 GFLOPS/s)
MUL_MAT_ADD MUL_MAT_VEC q6_K m=5120 n=1 k=6144: 1 x 44.8 us = 44.8 us (1404.23 GFLOPS/s)
MUL_MAT_VEC f32 m=256 n=4 k=256: 1 x 3.04 us = 3.04 us (172.126 GFLOPS/s)
MUL_MAT_VEC q6_K m=1024 n=1 k=5120: 2 x 9.14 us = 18.28 us (1147.13 GFLOPS/s)
MUL_MAT_VEC q6_K m=12288 n=1 k=5120: 1 x 708.13 us = 708.13 us (177.675 GFLOPS/s)
MUL_MAT_VEC q6_K m=17408 n=1 k=5120: 2 x 121.3 us = 242.6 us (1469.42 GFLOPS/s)
MUL_MAT_VEC q6_K m=98304 n=1 k=5120: 1 x 677.93 us = 677.93 us (1484.72 GFLOPS/s)
MUL_MAT_VEC q8_0 m=5120 n=1 k=10240: 1 x 933.41 us = 933.41 us (112.333 GFLOPS/s)
PAD: 1 x 6.96 us = 6.96 us
RMS_NORM_MUL RMS_NORM(256,24,1,1): 1 x 3.2 us = 3.2 us
RMS_NORM_MUL RMS_NORM(256,4,1,1): 1 x 4.88 us = 4.88 us
RMS_NORM_MUL RMS_NORM(5120,1,1,1): 5 x 4.368 us = 21.84 us
ROPE: 2 x 3.36 us = 6.72 us
SET_ROWS: 2 x 2.6 us = 5.2 us
SIGMOID_MUL SIGMOID: 1 x 1.88 us = 1.88 us
TOP_K K=10 (98304,1,1,1): 1 x 9.12 us = 9.12 us
Total time: 2848.03 us.
----------------
Vulkan Timings:
CONCAT: 1 x 4.12 us = 4.12 us
CONT: 1 x 3.96 us = 3.96 us
FLASH_ATTN_EXT dst(256,24,1,1),  q(256,1,24,1),  k(256,256,4,1),  v(256,256,4,1),  m(256,1,1,1): 1 x 17.32 us = 17.32 us (363.248 GFLOPS/s)
GET_ROWS: 2 x 5.12 us = 10.24 us
GLU: 1 x 1.88 us = 1.88 us
MUL_MAT f32 m=256 n=24 k=256: 1 x 2.4 us = 2.4 us (1308.16 GFLOPS/s)
MUL_MAT f32 m=64 n=16 k=64: 1 x 3.96 us = 3.96 us (32.8404 GFLOPS/s)
MUL_MAT f32 m=64 n=96 k=64: 1 x 3.92 us = 3.92 us (199.053 GFLOPS/s)
MUL_MAT_ADD MUL_MAT_VEC q6_K m=5120 n=1 k=17408: 1 x 123.68 us = 123.68 us (1441.24 GFLOPS/s)
MUL_MAT_ADD MUL_MAT_VEC q6_K m=5120 n=1 k=6144: 1 x 55.2 us = 55.2 us (1139.66 GFLOPS/s)
MUL_MAT_VEC f32 m=256 n=4 k=256: 1 x 3.32 us = 3.32 us (157.61 GFLOPS/s)
MUL_MAT_VEC q6_K m=1024 n=1 k=5120: 2 x 9.4 us = 18.8 us (1115.4 GFLOPS/s)
MUL_MAT_VEC q6_K m=12288 n=1 k=5120: 1 x 85.4 us = 85.4 us (1473.27 GFLOPS/s)
MUL_MAT_VEC q6_K m=17408 n=1 k=5120: 2 x 121.34 us = 242.68 us (1468.93 GFLOPS/s)
MUL_MAT_VEC q6_K m=98304 n=1 k=5120: 1 x 677.79 us = 677.79 us (1485.02 GFLOPS/s)
MUL_MAT_VEC q8_0 m=5120 n=1 k=10240: 1 x 102.88 us = 102.88 us (1019.17 GFLOPS/s)
PAD: 1 x 6.72 us = 6.72 us
RMS_NORM_MUL RMS_NORM(256,24,1,1): 1 x 3.96 us = 3.96 us
RMS_NORM_MUL RMS_NORM(256,4,1,1): 1 x 3.96 us = 3.96 us
RMS_NORM_MUL RMS_NORM(5120,1,1,1): 5 x 4.152 us = 20.76 us
ROPE: 2 x 4.2 us = 8.4 us
SET_ROWS: 2 x 1.98 us = 3.96 us
SIGMOID_MUL SIGMOID: 1 x 1.88 us = 1.88 us
TOP_K K=10 (98304,1,1,1): 1 x 10.56 us = 10.56 us
Total time: 1417.75 us.
----------------
Vulkan Timings:
CONCAT: 1 x 2.2 us = 2.2 us
CONT: 1 x 4.6 us = 4.6 us
FLASH_ATTN_EXT dst(256,24,1,1),  q(256,1,24,1),  k(256,256,4,1),  v(256,256,4,1),  m(256,1,1,1): 1 x 16.2 us = 16.2 us (388.361 GFLOPS/s)
GET_ROWS: 2 x 6.88 us = 13.76 us
GLU: 1 x 2.28 us = 2.28 us
MUL_MAT f32 m=256 n=24 k=256: 1 x 2.04 us = 2.04 us (1539.01 GFLOPS/s)
MUL_MAT f32 m=64 n=16 k=64: 1 x 4.2 us = 4.2 us (30.9638 GFLOPS/s)
MUL_MAT f32 m=64 n=96 k=64: 1 x 4.24 us = 4.24 us (184.03 GFLOPS/s)
MUL_MAT_ADD MUL_MAT_VEC q6_K m=5120 n=1 k=17408: 1 x 127.36 us = 127.36 us (1399.6 GFLOPS/s)
MUL_MAT_ADD MUL_MAT_VEC q6_K m=5120 n=1 k=6144: 1 x 58.84 us = 58.84 us (1069.16 GFLOPS/s)
MUL_MAT_VEC f32 m=256 n=4 k=256: 1 x 4.08 us = 4.08 us (128.251 GFLOPS/s)
MUL_MAT_VEC q6_K m=1024 n=1 k=5120: 2 x 10.14 us = 20.28 us (1034 GFLOPS/s)
MUL_MAT_VEC q6_K m=12288 n=1 k=5120: 1 x 87 us = 87 us (1446.17 GFLOPS/s)
MUL_MAT_VEC q6_K m=17408 n=1 k=5120: 2 x 125.08 us = 250.16 us (1425.01 GFLOPS/s)
MUL_MAT_VEC q6_K m=98304 n=1 k=5120: 1 x 680.87 us = 680.87 us (1478.31 GFLOPS/s)
MUL_MAT_VEC q8_0 m=5120 n=1 k=10240: 1 x 109.88 us = 109.88 us (954.245 GFLOPS/s)
PAD: 1 x 9.52 us = 9.52 us
RMS_NORM_MUL RMS_NORM(256,24,1,1): 1 x 4.24 us = 4.24 us
RMS_NORM_MUL RMS_NORM(256,4,1,1): 1 x 4.56 us = 4.56 us
RMS_NORM_MUL RMS_NORM(5120,1,1,1): 5 x 5.536 us = 27.68 us
ROPE: 2 x 4.52 us = 9.04 us
SET_ROWS: 2 x 3.36 us = 6.72 us
SIGMOID_MUL SIGMOID: 1 x 2.04 us = 2.04 us
TOP_K K=10 (98304,1,1,1): 1 x 15.56 us = 15.56 us
Total time: 1467.35 us.
----------------
Vulkan Timings:
CONCAT: 1 x 2.72 us = 2.72 us
CONT: 1 x 5.84 us = 5.84 us
FLASH_ATTN_EXT dst(256,24,1,1),  q(256,1,24,1),  k(256,256,4,1),  v(256,256,4,1),  m(256,1,1,1): 1 x 20.24 us = 20.24 us (310.843 GFLOPS/s)
GET_ROWS: 2 x 8.78 us = 17.56 us
GLU: 1 x 2.48 us = 2.48 us
MUL_MAT f32 m=256 n=24 k=256: 1 x 2.6 us = 2.6 us (1207.53 GFLOPS/s)
MUL_MAT f32 m=64 n=16 k=64: 1 x 5.92 us = 5.92 us (21.9676 GFLOPS/s)
MUL_MAT f32 m=64 n=96 k=64: 1 x 5.84 us = 5.84 us (133.611 GFLOPS/s)
MUL_MAT_ADD MUL_MAT_VEC q6_K m=5120 n=1 k=17408: 1 x 129 us = 129 us (1381.8 GFLOPS/s)
MUL_MAT_ADD MUL_MAT_VEC q6_K m=5120 n=1 k=6144: 1 x 61.76 us = 61.76 us (1018.61 GFLOPS/s)
MUL_MAT_VEC f32 m=256 n=4 k=256: 1 x 5.04 us = 5.04 us (103.822 GFLOPS/s)
MUL_MAT_VEC q6_K m=1024 n=1 k=5120: 2 x 10.94 us = 21.88 us (958.385 GFLOPS/s)
MUL_MAT_VEC q6_K m=12288 n=1 k=5120: 1 x 89.72 us = 89.72 us (1402.33 GFLOPS/s)
MUL_MAT_VEC q6_K m=17408 n=1 k=5120: 2 x 125.9 us = 251.8 us (1415.73 GFLOPS/s)
MUL_MAT_VEC q6_K m=98304 n=1 k=5120: 1 x 688.73 us = 688.73 us (1461.44 GFLOPS/s)
MUL_MAT_VEC q8_0 m=5120 n=1 k=10240: 1 x 111 us = 111 us (944.617 GFLOPS/s)
PAD: 1 x 9.28 us = 9.28 us
RMS_NORM_MUL RMS_NORM(256,24,1,1): 1 x 5.84 us = 5.84 us
RMS_NORM_MUL RMS_NORM(256,4,1,1): 1 x 5.84 us = 5.84 us
RMS_NORM_MUL RMS_NORM(5120,1,1,1): 5 x 5.64 us = 28.2 us
ROPE: 2 x 5.82 us = 11.64 us
SET_ROWS: 2 x 4.26 us = 8.52 us
SIGMOID_MUL SIGMOID: 1 x 2.64 us = 2.64 us
TOP_K K=10 (98304,1,1,1): 1 x 15.6 us = 15.6 us
Total time: 1509.69 us.
----------------
Vulkan Timings:
ADD: 48 x 4.13 us = 198.28 us
CONCAT: 48 x 3.229 us = 155 us
CONT: 16 x 4.167 us = 66.68 us
CPY: 240 x 3.032 us = 727.8 us
FLASH_ATTN_EXT dst(256,24,5,1),  q(256,5,24,1),  k(256,256,4,1),  v(256,256,4,1),  m(256,5,1,1): 16 x 25.117 us = 401.88 us (1252.4 GFLOPS/s)
GDN_CACHE GATED_DELTA_NET: 48 x 16.451 us = 789.68 us
GET_ROWS: 50 x 31.125 us = 1556.28 us
GLU: 64 x 3.293 us = 210.76 us
MUL_MAT f32 m=256 n=120 k=256: 16 x 2.392 us = 38.28 us (6561.3 GFLOPS/s)
MUL_MAT f32 m=256 n=20 k=256: 16 x 2.95 us = 47.2 us (886.888 GFLOPS/s)
MUL_MAT f32 m=64 n=480 k=64: 16 x 4.952 us = 79.24 us (787.772 GFLOPS/s)
MUL_MAT f32 m=64 n=80 k=64: 16 x 4.547 us = 72.76 us (142.988 GFLOPS/s)
MUL_MAT_ADD MUL_MAT_VEC q6_K m=5120 n=5 k=17408: 64 x 161.868 us = 10359.6 us (5506.11 GFLOPS/s)
MUL_MAT_ADD MUL_MAT_VEC q6_K m=5120 n=5 k=6144: 16 x 68.497 us = 1095.96 us (4592.1 GFLOPS/s)
MUL_MAT_VEC f32 m=48 n=5 k=5120: 96 x 5.275 us = 506.48 us (465.777 GFLOPS/s)
MUL_MAT_VEC q6_K m=1024 n=5 k=5120: 32 x 11.655 us = 372.96 us (4497.96 GFLOPS/s)
MUL_MAT_VEC q6_K m=10240 n=5 k=5120: 48 x 131.639 us = 6318.68 us (3982.38 GFLOPS/s)
MUL_MAT_VEC q6_K m=12288 n=5 k=5120: 16 x 140.045 us = 2240.72 us (4492.01 GFLOPS/s)
MUL_MAT_VEC q6_K m=17408 n=5 k=5120: 128 x 191.552 us = 24518.7 us (4652.53 GFLOPS/s)
MUL_MAT_VEC q6_K m=248320 n=5 k=5120: 1 x 1986.08 us = 1986.08 us (6400.92 GFLOPS/s)
MUL_MAT_VEC q6_K m=6144 n=5 k=5120: 48 x 90.788 us = 4357.84 us (3464.56 GFLOPS/s)
MUL_MAT_VEC q8_0 m=5120 n=5 k=6144: 48 x 89.475 us = 4294.84 us (3515.44 GFLOPS/s)
RMS_NORM_MUL RMS_NORM(256,24,5,1): 16 x 3.647 us = 58.36 us
RMS_NORM_MUL RMS_NORM(256,4,5,1): 16 x 4.72 us = 75.52 us
RMS_NORM_MUL RMS_NORM(5120,5,1,1): 129 x 6.316 us = 814.88 us
RMS_NORM_MUL_SILU_MUL RMS_NORM(128,48,5,1): 48 x 6.505 us = 312.24 us
RMS_NORM_SCALE RMS_NORM(128,16,5,1): 96 x 2.87 us = 275.56 us
ROPE: 32 x 4.757 us = 152.24 us
SET_ROWS: 32 x 3.46 us = 110.72 us
SIGMOID_MUL SIGMOID: 16 x 5.107 us = 81.72 us
SSM_CONV_SILU SSM_CONV: 48 x 6.552 us = 314.52 us
Total time: 62591.4 us.
----------------
Vulkan Timings:
CONCAT: 1 x 4 us = 4 us
CONT: 1 x 3.52 us = 3.52 us
FLASH_ATTN_EXT dst(256,24,5,1),  q(256,5,24,1),  k(256,256,4,1),  v(256,256,4,1),  m(256,5,1,1): 1 x 21.32 us = 21.32 us (1475.48 GFLOPS/s)
GLU: 1 x 1.76 us = 1.76 us
MUL_MAT f32 m=256 n=120 k=256: 1 x 2.04 us = 2.04 us (7695.06 GFLOPS/s)
MUL_MAT f32 m=256 n=20 k=256: 1 x 0.76 us = 0.76 us (3442.53 GFLOPS/s)
MUL_MAT f32 m=64 n=480 k=64: 1 x 3.4 us = 3.4 us (1147.48 GFLOPS/s)
MUL_MAT f32 m=64 n=80 k=64: 1 x 3.32 us = 3.32 us (195.855 GFLOPS/s)
MUL_MAT_ADD MUL_MAT_VEC q6_K m=5120 n=5 k=17408: 1 x 176.16 us = 176.16 us (5059.4 GFLOPS/s)
MUL_MAT_ADD MUL_MAT_VEC q6_K m=5120 n=5 k=6144: 1 x 69.04 us = 69.04 us (4556.01 GFLOPS/s)
MUL_MAT_VEC q6_K m=1024 n=5 k=5120: 2 x 11.74 us = 23.48 us (4465.39 GFLOPS/s)
MUL_MAT_VEC q6_K m=12288 n=5 k=5120: 1 x 148.1 us = 148.1 us (4247.7 GFLOPS/s)
MUL_MAT_VEC q6_K m=17408 n=5 k=5120: 2 x 158.4 us = 316.8 us (5626.28 GFLOPS/s)
MUL_MAT_VEC q8_0 m=5120 n=5 k=10240: 1 x 111.56 us = 111.56 us (4699.38 GFLOPS/s)
RMS_NORM_MUL RMS_NORM(256,24,5,1): 1 x 5.84 us = 5.84 us
RMS_NORM_MUL RMS_NORM(256,4,5,1): 1 x 3.4 us = 3.4 us
RMS_NORM_MUL RMS_NORM(5120,5,1,1): 5 x 9.07 us = 45.35 us
ROPE: 2 x 3.38 us = 6.76 us
SET_ROWS: 2 x 3.02 us = 6.04 us
SIGMOID_MUL SIGMOID: 1 x 2.6 us = 2.6 us
Total time: 955.25 us.
----------------
Vulkan Timings:
CONCAT: 1 x 4.12 us = 4.12 us
CONT: 1 x 4.36 us = 4.36 us
FLASH_ATTN_EXT dst(256,24,1,1),  q(256,1,24,1),  k(256,256,4,1),  v(256,256,4,1),  m(256,1,1,1): 1 x 15.56 us = 15.56 us (404.335 GFLOPS/s)
GET_ROWS: 2 x 5.88 us = 11.76 us
GLU: 1 x 1.92 us = 1.92 us
MUL_MAT f32 m=256 n=24 k=256: 1 x 1.88 us = 1.88 us (1669.99 GFLOPS/s)
MUL_MAT f32 m=64 n=16 k=64: 1 x 4 us = 4 us (32.512 GFLOPS/s)
MUL_MAT f32 m=64 n=96 k=64: 1 x 4 us = 4 us (195.072 GFLOPS/s)
MUL_MAT_ADD MUL_MAT_VEC q6_K m=5120 n=1 k=17408: 1 x 132.72 us = 132.72 us (1343.07 GFLOPS/s)
MUL_MAT_ADD MUL_MAT_VEC q6_K m=5120 n=1 k=6144: 1 x 53.84 us = 53.84 us (1168.45 GFLOPS/s)
MUL_MAT_VEC f32 m=256 n=4 k=256: 1 x 3.8 us = 3.8 us (137.701 GFLOPS/s)
MUL_MAT_VEC q6_K m=1024 n=1 k=5120: 2 x 6.7 us = 13.4 us (1564.89 GFLOPS/s)
MUL_MAT_VEC q6_K m=12288 n=1 k=5120: 1 x 100.24 us = 100.24 us (1255.16 GFLOPS/s)
MUL_MAT_VEC q6_K m=17408 n=1 k=5120: 2 x 119.1 us = 238.2 us (1496.56 GFLOPS/s)
MUL_MAT_VEC q6_K m=98304 n=1 k=5120: 1 x 677.29 us = 677.29 us (1486.12 GFLOPS/s)
MUL_MAT_VEC q8_0 m=5120 n=1 k=10240: 1 x 94.2 us = 94.2 us (1113.08 GFLOPS/s)
PAD: 1 x 8.44 us = 8.44 us
RMS_NORM_MUL RMS_NORM(256,24,1,1): 1 x 4.04 us = 4.04 us
RMS_NORM_MUL RMS_NORM(256,4,1,1): 1 x 4.32 us = 4.32 us
RMS_NORM_MUL RMS_NORM(5120,1,1,1): 5 x 5.592 us = 27.96 us
ROPE: 2 x 4.14 us = 8.28 us
SET_ROWS: 2 x 3.22 us = 6.44 us
SIGMOID_MUL SIGMOID: 1 x 2.24 us = 2.24 us
TOP_K K=10 (98304,1,1,1): 1 x 12.76 us = 12.76 us
Total time: 1435.77 us.
----------------
Vulkan Timings:
CONCAT: 1 x 2.68 us = 2.68 us
CONT: 1 x 5.64 us = 5.64 us
FLASH_ATTN_EXT dst(256,24,1,1),  q(256,1,24,1),  k(256,256,4,1),  v(256,256,4,1),  m(256,1,1,1): 1 x 20.68 us = 20.68 us (304.229 GFLOPS/s)
GET_ROWS: 2 x 7.08 us = 14.16 us
GLU: 1 x 2.48 us = 2.48 us
MUL_MAT f32 m=256 n=24 k=256: 1 x 2.44 us = 2.44 us (1286.71 GFLOPS/s)
MUL_MAT f32 m=64 n=16 k=64: 1 x 5.56 us = 5.56 us (23.3899 GFLOPS/s)
MUL_MAT f32 m=64 n=96 k=64: 1 x 5.44 us = 5.44 us (143.435 GFLOPS/s)
MUL_MAT_ADD MUL_MAT_VEC q6_K m=5120 n=1 k=17408: 1 x 128.64 us = 128.64 us (1385.67 GFLOPS/s)
MUL_MAT_ADD MUL_MAT_VEC q6_K m=5120 n=1 k=6144: 1 x 60.96 us = 60.96 us (1031.98 GFLOPS/s)
MUL_MAT_VEC f32 m=256 n=4 k=256: 1 x 4.8 us = 4.8 us (109.013 GFLOPS/s)
MUL_MAT_VEC q6_K m=1024 n=1 k=5120: 2 x 10.9 us = 21.8 us (961.902 GFLOPS/s)
MUL_MAT_VEC q6_K m=12288 n=1 k=5120: 1 x 88.64 us = 88.64 us (1419.41 GFLOPS/s)
MUL_MAT_VEC q6_K m=17408 n=1 k=5120: 2 x 126.34 us = 252.68 us (1410.8 GFLOPS/s)
MUL_MAT_VEC q6_K m=98304 n=1 k=5120: 1 x 676.6 us = 676.6 us (1487.64 GFLOPS/s)
MUL_MAT_VEC q8_0 m=5120 n=1 k=10240: 1 x 146.33 us = 146.33 us (716.548 GFLOPS/s)
PAD: 1 x 7.52 us = 7.52 us
RMS_NORM_MUL RMS_NORM(256,24,1,1): 1 x 5.56 us = 5.56 us
RMS_NORM_MUL RMS_NORM(256,4,1,1): 1 x 5.36 us = 5.36 us
RMS_NORM_MUL RMS_NORM(5120,1,1,1): 5 x 6.496 us = 32.48 us
ROPE: 2 x 5.46 us = 10.92 us
SET_ROWS: 2 x 4.16 us = 8.32 us
SIGMOID_MUL SIGMOID: 1 x 2.52 us = 2.52 us
TOP_K K=10 (98304,1,1,1): 1 x 14.52 us = 14.52 us
Total time: 1526.73 us.
----------------
Vulkan Timings:
CONCAT: 1 x 3 us = 3 us
CONT: 1 x 5.8 us = 5.8 us
FLASH_ATTN_EXT dst(256,24,1,1),  q(256,1,24,1),  k(256,256,4,1),  v(256,256,4,1),  m(256,1,1,1): 1 x 20.88 us = 20.88 us (301.315 GFLOPS/s)
GET_ROWS: 2 x 178.545 us = 357.09 us
GLU: 1 x 2.72 us = 2.72 us
MUL_MAT f32 m=256 n=24 k=256: 1 x 2.56 us = 2.56 us (1226.4 GFLOPS/s)
MUL_MAT f32 m=64 n=16 k=64: 1 x 5.88 us = 5.88 us (22.117 GFLOPS/s)
MUL_MAT f32 m=64 n=96 k=64: 1 x 5.8 us = 5.8 us (134.532 GFLOPS/s)
MUL_MAT_ADD MUL_MAT_VEC q6_K m=5120 n=1 k=17408: 1 x 128.76 us = 128.76 us (1384.38 GFLOPS/s)
MUL_MAT_ADD MUL_MAT_VEC q6_K m=5120 n=1 k=6144: 1 x 61.52 us = 61.52 us (1022.59 GFLOPS/s)
MUL_MAT_VEC f32 m=256 n=4 k=256: 1 x 5 us = 5 us (104.653 GFLOPS/s)
MUL_MAT_VEC q6_K m=1024 n=1 k=5120: 2 x 10.94 us = 21.88 us (958.385 GFLOPS/s)
MUL_MAT_VEC q6_K m=12288 n=1 k=5120: 1 x 88.4 us = 88.4 us (1423.27 GFLOPS/s)
MUL_MAT_VEC q6_K m=17408 n=1 k=5120: 2 x 126.38 us = 252.76 us (1410.35 GFLOPS/s)
MUL_MAT_VEC q6_K m=98304 n=1 k=5120: 1 x 682.81 us = 682.81 us (1474.11 GFLOPS/s)
MUL_MAT_VEC q8_0 m=5120 n=1 k=10240: 1 x 110.44 us = 110.44 us (949.407 GFLOPS/s)
PAD: 1 x 9.48 us = 9.48 us
RMS_NORM_MUL RMS_NORM(256,24,1,1): 1 x 5.84 us = 5.84 us
RMS_NORM_MUL RMS_NORM(256,4,1,1): 1 x 5.8 us = 5.8 us
RMS_NORM_MUL RMS_NORM(5120,1,1,1): 5 x 6.464 us = 32.32 us
ROPE: 2 x 5.8 us = 11.6 us
SET_ROWS: 2 x 4.24 us = 8.48 us
SIGMOID_MUL SIGMOID: 1 x 2.64 us = 2.64 us
TOP_K K=10 (98304,1,1,1): 1 x 15.04 us = 15.04 us
Total time: 1846.5 us.
----------------
Vulkan Timings:
CONCAT: 1 x 2.6 us = 2.6 us
CONT: 1 x 5.84 us = 5.84 us
FLASH_ATTN_EXT dst(256,24,1,1),  q(256,1,24,1),  k(256,256,4,1),  v(256,256,4,1),  m(256,1,1,1): 1 x 21.08 us = 21.08 us (298.456 GFLOPS/s)
GET_ROWS: 2 x 7.18 us = 14.36 us
GLU: 1 x 2.48 us = 2.48 us
MUL_MAT f32 m=256 n=24 k=256: 1 x 2.52 us = 2.52 us (1245.87 GFLOPS/s)
MUL_MAT f32 m=64 n=16 k=64: 1 x 5.84 us = 5.84 us (22.2685 GFLOPS/s)
MUL_MAT f32 m=64 n=96 k=64: 1 x 5.84 us = 5.84 us (133.611 GFLOPS/s)
MUL_MAT_ADD MUL_MAT_VEC q6_K m=5120 n=1 k=17408: 1 x 128.64 us = 128.64 us (1385.67 GFLOPS/s)
MUL_MAT_ADD MUL_MAT_VEC q6_K m=5120 n=1 k=6144: 1 x 62.36 us = 62.36 us (1008.81 GFLOPS/s)
MUL_MAT_VEC f32 m=256 n=4 k=256: 1 x 5.04 us = 5.04 us (103.822 GFLOPS/s)
MUL_MAT_VEC q6_K m=1024 n=1 k=5120: 2 x 10.98 us = 21.96 us (954.894 GFLOPS/s)
MUL_MAT_VEC q6_K m=12288 n=1 k=5120: 1 x 88.12 us = 88.12 us (1427.79 GFLOPS/s)
MUL_MAT_VEC q6_K m=17408 n=1 k=5120: 2 x 126.4 us = 252.8 us (1410.13 GFLOPS/s)
MUL_MAT_VEC q6_K m=98304 n=1 k=5120: 1 x 676.64 us = 676.64 us (1487.55 GFLOPS/s)
MUL_MAT_VEC q8_0 m=5120 n=1 k=10240: 1 x 110.68 us = 110.68 us (947.348 GFLOPS/s)
PAD: 1 x 10.52 us = 10.52 us
RMS_NORM_MUL RMS_NORM(256,24,1,1): 1 x 5.8 us = 5.8 us
RMS_NORM_MUL RMS_NORM(256,4,1,1): 1 x 5.84 us = 5.84 us
RMS_NORM_MUL RMS_NORM(5120,1,1,1): 5 x 6.456 us = 32.28 us
ROPE: 2 x 5.8 us = 11.6 us
SET_ROWS: 2 x 4.26 us = 8.52 us
SIGMOID_MUL SIGMOID: 1 x 2.72 us = 2.72 us
TOP_K K=10 (98304,1,1,1): 1 x 15.52 us = 15.52 us
Total time: 1499.6 us.
----------------
Vulkan Timings:
ADD: 48 x 3.958 us = 190 us
CONCAT: 48 x 3.126 us = 150.08 us
CONT: 16 x 4.952 us = 79.24 us
CPY: 240 x 2.758 us = 662.12 us
FLASH_ATTN_EXT dst(256,24,5,1),  q(256,5,24,1),  k(256,256,4,1),  v(256,256,4,1),  m(256,5,1,1): 16 x 24.212 us = 387.4 us (1299.22 GFLOPS/s)
GDN_CACHE GATED_DELTA_NET: 48 x 14.111 us = 677.36 us
GET_ROWS: 50 x 26.819 us = 1340.96 us
GLU: 64 x 3.218 us = 206 us
MUL_MAT f32 m=256 n=120 k=256: 16 x 2.25 us = 36 us (6976.85 GFLOPS/s)
MUL_MAT f32 m=256 n=20 k=256: 16 x 2.45 us = 39.2 us (1067.89 GFLOPS/s)
MUL_MAT f32 m=64 n=480 k=64: 16 x 4.36 us = 69.76 us (894.826 GFLOPS/s)
MUL_MAT f32 m=64 n=80 k=64: 16 x 4.36 us = 69.76 us (149.138 GFLOPS/s)
MUL_MAT_ADD MUL_MAT_VEC q6_K m=5120 n=5 k=17408: 64 x 153.776 us = 9841.72 us (5795.83 GFLOPS/s)
MUL_MAT_ADD MUL_MAT_VEC q6_K m=5120 n=5 k=6144: 16 x 67.395 us = 1078.32 us (4667.22 GFLOPS/s)
MUL_MAT_VEC f32 m=48 n=5 k=5120: 96 x 5.043 us = 484.16 us (487.249 GFLOPS/s)
MUL_MAT_VEC q6_K m=1024 n=5 k=5120: 32 x 11.977 us = 383.28 us (4376.85 GFLOPS/s)
MUL_MAT_VEC q6_K m=10240 n=5 k=5120: 48 x 108.21 us = 5194.12 us (4844.59 GFLOPS/s)
MUL_MAT_VEC q6_K m=12288 n=5 k=5120: 16 x 135.812 us = 2173 us (4632 GFLOPS/s)
MUL_MAT_VEC q6_K m=17408 n=5 k=5120: 128 x 181.624 us = 23247.9 us (4906.84 GFLOPS/s)
MUL_MAT_VEC q6_K m=248320 n=5 k=5120: 1 x 1979.24 us = 1979.24 us (6423.04 GFLOPS/s)
MUL_MAT_VEC q6_K m=6144 n=5 k=5120: 48 x 71.885 us = 3450.48 us (4375.63 GFLOPS/s)
MUL_MAT_VEC q8_0 m=5120 n=5 k=6144: 48 x 65.476 us = 3142.88 us (4803.96 GFLOPS/s)
RMS_NORM_MUL RMS_NORM(256,24,5,1): 16 x 3.977 us = 63.64 us
RMS_NORM_MUL RMS_NORM(256,4,5,1): 16 x 4.742 us = 75.88 us
RMS_NORM_MUL RMS_NORM(5120,5,1,1): 129 x 5.697 us = 734.96 us
RMS_NORM_MUL_SILU_MUL RMS_NORM(128,48,5,1): 48 x 6.569 us = 315.32 us
RMS_NORM_SCALE RMS_NORM(128,16,5,1): 96 x 2.367 us = 227.32 us
ROPE: 32 x 4.766 us = 152.52 us
SET_ROWS: 32 x 3.825 us = 122.4 us
SIGMOID_MUL SIGMOID: 16 x 4.532 us = 72.52 us
SSM_CONV_SILU SSM_CONV: 48 x 6.515 us = 312.72 us
Total time: 56960.3 us.
----------------
Vulkan Timings:
CONCAT: 1 x 4.2 us = 4.2 us
CONT: 1 x 3.44 us = 3.44 us
FLASH_ATTN_EXT dst(256,24,5,1),  q(256,5,24,1),  k(256,256,4,1),  v(256,256,4,1),  m(256,5,1,1): 1 x 22.16 us = 22.16 us (1419.55 GFLOPS/s)
GLU: 1 x 1.76 us = 1.76 us
MUL_MAT f32 m=256 n=120 k=256: 1 x 1.64 us = 1.64 us (9571.9 GFLOPS/s)
MUL_MAT f32 m=256 n=20 k=256: 1 x 2.92 us = 2.92 us (896 GFLOPS/s)
MUL_MAT f32 m=64 n=480 k=64: 1 x 3.32 us = 3.32 us (1175.13 GFLOPS/s)
MUL_MAT f32 m=64 n=80 k=64: 1 x 3.24 us = 3.24 us (200.691 GFLOPS/s)
MUL_MAT_ADD MUL_MAT_VEC q6_K m=5120 n=5 k=17408: 1 x 453.29 us = 453.29 us (1966.21 GFLOPS/s)
MUL_MAT_ADD MUL_MAT_VEC q6_K m=5120 n=5 k=6144: 1 x 245.34 us = 245.34 us (1282.09 GFLOPS/s)
MUL_MAT_VEC q6_K m=1024 n=5 k=5120: 2 x 11.3 us = 22.6 us (4639.26 GFLOPS/s)
MUL_MAT_VEC q6_K m=12288 n=5 k=5120: 1 x 2638.3 us = 2638.3 us (238.443 GFLOPS/s)
MUL_MAT_VEC q6_K m=17408 n=5 k=5120: 2 x 338.29 us = 676.58 us (2634.43 GFLOPS/s)
MUL_MAT_VEC q8_0 m=5120 n=5 k=10240: 1 x 106.12 us = 106.12 us (4940.28 GFLOPS/s)
RMS_NORM_MUL RMS_NORM(256,24,5,1): 1 x 5.8 us = 5.8 us
RMS_NORM_MUL RMS_NORM(256,4,5,1): 1 x 3.44 us = 3.44 us
RMS_NORM_MUL RMS_NORM(5120,5,1,1): 5 x 79.478 us = 397.39 us
ROPE: 2 x 3.52 us = 7.04 us
SET_ROWS: 2 x 1.84 us = 3.68 us
SIGMOID_MUL SIGMOID: 1 x 3.52 us = 3.52 us
Total time: 4605.78 us.
----------------
Vulkan Timings:
CONCAT: 1 x 4.16 us = 4.16 us
CONT: 1 x 4.08 us = 4.08 us
FLASH_ATTN_EXT dst(256,24,1,1),  q(256,1,24,1),  k(256,256,4,1),  v(256,256,4,1),  m(256,1,1,1): 1 x 14.36 us = 14.36 us (438.124 GFLOPS/s)
GET_ROWS: 2 x 5.54 us = 11.08 us
GLU: 1 x 1.88 us = 1.88 us
MUL_MAT f32 m=256 n=24 k=256: 1 x 2.4 us = 2.4 us (1308.16 GFLOPS/s)
MUL_MAT f32 m=64 n=16 k=64: 1 x 3.68 us = 3.68 us (35.3391 GFLOPS/s)
MUL_MAT f32 m=64 n=96 k=64: 1 x 3.72 us = 3.72 us (209.755 GFLOPS/s)
MUL_MAT_ADD MUL_MAT_VEC q6_K m=5120 n=1 k=17408: 1 x 136.96 us = 136.96 us (1301.5 GFLOPS/s)
MUL_MAT_ADD MUL_MAT_VEC q6_K m=5120 n=1 k=6144: 1 x 56.4 us = 56.4 us (1115.42 GFLOPS/s)
MUL_MAT_VEC f32 m=256 n=4 k=256: 1 x 0.88 us = 0.88 us (594.618 GFLOPS/s)
MUL_MAT_VEC q6_K m=1024 n=1 k=5120: 2 x 9.84 us = 19.68 us (1065.52 GFLOPS/s)
MUL_MAT_VEC q6_K m=12288 n=1 k=5120: 1 x 90.88 us = 90.88 us (1384.43 GFLOPS/s)
MUL_MAT_VEC q6_K m=17408 n=1 k=5120: 2 x 118.78 us = 237.56 us (1500.59 GFLOPS/s)
MUL_MAT_VEC q6_K m=98304 n=1 k=5120: 1 x 677.46 us = 677.46 us (1485.75 GFLOPS/s)
MUL_MAT_VEC q8_0 m=5120 n=1 k=10240: 1 x 91.84 us = 91.84 us (1141.69 GFLOPS/s)
PAD: 1 x 7.6 us = 7.6 us
RMS_NORM_MUL RMS_NORM(256,24,1,1): 1 x 3.72 us = 3.72 us
RMS_NORM_MUL RMS_NORM(256,4,1,1): 1 x 4 us = 4 us
RMS_NORM_MUL RMS_NORM(5120,1,1,1): 5 x 5.04 us = 25.2 us
ROPE: 2 x 3.88 us = 7.76 us
SET_ROWS: 2 x 4.3 us = 8.6 us
SIGMOID_MUL SIGMOID: 1 x 2.04 us = 2.04 us
TOP_K K=10 (98304,1,1,1): 1 x 11.16 us = 11.16 us
Total time: 1427.1 us.
----------------
Vulkan Timings:
CONCAT: 1 x 4.28 us = 4.28 us
CONT: 1 x 5.88 us = 5.88 us
FLASH_ATTN_EXT dst(256,24,1,1),  q(256,1,24,1),  k(256,256,4,1),  v(256,256,4,1),  m(256,1,1,1): 1 x 24.36 us = 24.36 us (258.27 GFLOPS/s)
GET_ROWS: 2 x 8.84 us = 17.68 us
GLU: 1 x 2.52 us = 2.52 us
MUL_MAT f32 m=256 n=24 k=256: 1 x 2.64 us = 2.64 us (1189.24 GFLOPS/s)
MUL_MAT f32 m=64 n=16 k=64: 1 x 5.96 us = 5.96 us (21.8201 GFLOPS/s)
MUL_MAT f32 m=64 n=96 k=64: 1 x 5.88 us = 5.88 us (132.702 GFLOPS/s)
MUL_MAT_ADD MUL_MAT_VEC q6_K m=5120 n=1 k=17408: 1 x 129 us = 129 us (1381.8 GFLOPS/s)
MUL_MAT_ADD MUL_MAT_VEC q6_K m=5120 n=1 k=6144: 1 x 61.36 us = 61.36 us (1025.25 GFLOPS/s)
MUL_MAT_VEC f32 m=256 n=4 k=256: 1 x 5.04 us = 5.04 us (103.822 GFLOPS/s)
MUL_MAT_VEC q6_K m=1024 n=1 k=5120: 2 x 11 us = 22 us (953.158 GFLOPS/s)
MUL_MAT_VEC q6_K m=12288 n=1 k=5120: 1 x 89.28 us = 89.28 us (1409.24 GFLOPS/s)
MUL_MAT_VEC q6_K m=17408 n=1 k=5120: 2 x 126.08 us = 252.16 us (1413.71 GFLOPS/s)
MUL_MAT_VEC q6_K m=98304 n=1 k=5120: 1 x 669.96 us = 669.96 us (1502.38 GFLOPS/s)
MUL_MAT_VEC q8_0 m=5120 n=1 k=10240: 1 x 118 us = 118 us (888.58 GFLOPS/s)
PAD: 1 x 10.76 us = 10.76 us
RMS_NORM_MUL RMS_NORM(256,24,1,1): 1 x 5.92 us = 5.92 us
RMS_NORM_MUL RMS_NORM(256,4,1,1): 1 x 5.88 us = 5.88 us
RMS_NORM_MUL RMS_NORM(5120,1,1,1): 5 x 6.616 us = 33.08 us
ROPE: 2 x 5.9 us = 11.8 us
SET_ROWS: 2 x 2.9 us = 5.8 us
SIGMOID_MUL SIGMOID: 1 x 3 us = 3 us
TOP_K K=10 (98304,1,1,1): 1 x 14.68 us = 14.68 us
Total time: 1506.92 us.
----------------
Vulkan Timings:
CONCAT: 1 x 4.28 us = 4.28 us
CONT: 1 x 5.64 us = 5.64 us
FLASH_ATTN_EXT dst(256,24,1,1),  q(256,1,24,1),  k(256,256,4,1),  v(256,256,4,1),  m(256,1,1,1): 1 x 19.92 us = 19.92 us (315.836 GFLOPS/s)
GET_ROWS: 2 x 6.94 us = 13.88 us
GLU: 1 x 2.56 us = 2.56 us
MUL_MAT f32 m=256 n=24 k=256: 1 x 2.36 us = 2.36 us (1330.33 GFLOPS/s)
MUL_MAT f32 m=64 n=16 k=64: 1 x 5.56 us = 5.56 us (23.3899 GFLOPS/s)
MUL_MAT f32 m=64 n=96 k=64: 1 x 5.28 us = 5.28 us (147.782 GFLOPS/s)
MUL_MAT_ADD MUL_MAT_VEC q6_K m=5120 n=1 k=17408: 1 x 128.6 us = 128.6 us (1386.1 GFLOPS/s)
MUL_MAT_ADD MUL_MAT_VEC q6_K m=5120 n=1 k=6144: 1 x 62.12 us = 62.12 us (1012.71 GFLOPS/s)
MUL_MAT_VEC f32 m=256 n=4 k=256: 1 x 5 us = 5 us (104.653 GFLOPS/s)
MUL_MAT_VEC q6_K m=1024 n=1 k=5120: 2 x 10.98 us = 21.96 us (954.894 GFLOPS/s)
MUL_MAT_VEC q6_K m=12288 n=1 k=5120: 1 x 88.28 us = 88.28 us (1425.2 GFLOPS/s)
MUL_MAT_VEC q6_K m=17408 n=1 k=5120: 2 x 125.84 us = 251.68 us (1416.41 GFLOPS/s)
MUL_MAT_VEC q6_K m=98304 n=1 k=5120: 1 x 674.72 us = 674.72 us (1491.78 GFLOPS/s)
MUL_MAT_VEC q8_0 m=5120 n=1 k=10240: 1 x 114.84 us = 114.84 us (913.031 GFLOPS/s)
PAD: 1 x 9.68 us = 9.68 us
RMS_NORM_MUL RMS_NORM(256,24,1,1): 1 x 5.2 us = 5.2 us
RMS_NORM_MUL RMS_NORM(256,4,1,1): 1 x 5.64 us = 5.64 us
RMS_NORM_MUL RMS_NORM(5120,1,1,1): 5 x 7.496 us = 37.48 us
ROPE: 2 x 5.38 us = 10.76 us
SET_ROWS: 2 x 4.1 us = 8.2 us
SIGMOID_MUL SIGMOID: 1 x 2.52 us = 2.52 us
TOP_K K=10 (98304,1,1,1): 1 x 14.44 us = 14.44 us
Total time: 1500.6 us.
----------------
Vulkan Timings:
CONCAT: 1 x 2.64 us = 2.64 us
CONT: 1 x 5.84 us = 5.84 us
FLASH_ATTN_EXT dst(256,24,1,1),  q(256,1,24,1),  k(256,256,4,1),  v(256,256,4,1),  m(256,1,1,1): 1 x 24.48 us = 24.48 us (257.004 GFLOPS/s)
GET_ROWS: 2 x 6.98 us = 13.96 us
GLU: 1 x 2.8 us = 2.8 us
MUL_MAT f32 m=256 n=24 k=256: 1 x 3.52 us = 3.52 us (891.927 GFLOPS/s)
MUL_MAT f32 m=64 n=16 k=64: 1 x 5.84 us = 5.84 us (22.2685 GFLOPS/s)
MUL_MAT f32 m=64 n=96 k=64: 1 x 5.84 us = 5.84 us (133.611 GFLOPS/s)
MUL_MAT_ADD MUL_MAT_VEC q6_K m=5120 n=1 k=17408: 1 x 128.64 us = 128.64 us (1385.67 GFLOPS/s)
MUL_MAT_ADD MUL_MAT_VEC q6_K m=5120 n=1 k=6144: 1 x 61.16 us = 61.16 us (1028.6 GFLOPS/s)
MUL_MAT_VEC f32 m=256 n=4 k=256: 1 x 0.72 us = 0.72 us (726.756 GFLOPS/s)
MUL_MAT_VEC q6_K m=1024 n=1 k=5120: 2 x 10.82 us = 21.64 us (969.014 GFLOPS/s)
MUL_MAT_VEC q6_K m=12288 n=1 k=5120: 1 x 89.32 us = 89.32 us (1408.61 GFLOPS/s)
MUL_MAT_VEC q6_K m=17408 n=1 k=5120: 2 x 125.88 us = 251.76 us (1415.96 GFLOPS/s)
MUL_MAT_VEC q6_K m=98304 n=1 k=5120: 1 x 684.62 us = 684.62 us (1470.21 GFLOPS/s)
MUL_MAT_VEC q8_0 m=5120 n=1 k=10240: 1 x 111.72 us = 111.72 us (938.529 GFLOPS/s)
PAD: 1 x 10.56 us = 10.56 us
RMS_NORM_MUL RMS_NORM(256,24,1,1): 1 x 5.88 us = 5.88 us
RMS_NORM_MUL RMS_NORM(256,4,1,1): 1 x 5.76 us = 5.76 us
RMS_NORM_MUL RMS_NORM(5120,1,1,1): 5 x 6.408 us = 32.04 us
ROPE: 2 x 5.78 us = 11.56 us
SET_ROWS: 2 x 4.9 us = 9.8 us
SIGMOID_MUL SIGMOID: 1 x 2.64 us = 2.64 us
TOP_K K=10 (98304,1,1,1): 1 x 15.52 us = 15.52 us
Total time: 1508.26 us.
----------------
Vulkan Timings:
ADD: 48 x 3.67 us = 176.16 us
CONCAT: 48 x 3.205 us = 153.88 us
CONT: 16 x 4.07 us = 65.12 us
CPY: 240 x 2.754 us = 661 us
FLASH_ATTN_EXT dst(256,24,5,1),  q(256,5,24,1),  k(256,256,4,1),  v(256,256,4,1),  m(256,5,1,1): 16 x 24.775 us = 396.4 us (1269.72 GFLOPS/s)
GDN_CACHE GATED_DELTA_NET: 48 x 14.026 us = 673.28 us
GET_ROWS: 50 x 26.97 us = 1348.52 us
GLU: 64 x 3.205 us = 205.16 us
MUL_MAT f32 m=256 n=120 k=256: 16 x 2.415 us = 38.64 us (6500.17 GFLOPS/s)
MUL_MAT f32 m=256 n=20 k=256: 16 x 2.645 us = 42.32 us (989.157 GFLOPS/s)
MUL_MAT f32 m=64 n=480 k=64: 16 x 4.717 us = 75.48 us (827.014 GFLOPS/s)
MUL_MAT f32 m=64 n=80 k=64: 16 x 4.477 us = 71.64 us (145.224 GFLOPS/s)
MUL_MAT_ADD MUL_MAT_VEC q6_K m=5120 n=5 k=17408: 64 x 154.103 us = 9862.6 us (5783.56 GFLOPS/s)
MUL_MAT_ADD MUL_MAT_VEC q6_K m=5120 n=5 k=6144: 16 x 67.71 us = 1083.36 us (4645.51 GFLOPS/s)
MUL_MAT_VEC f32 m=48 n=5 k=5120: 96 x 4.84 us = 464.64 us (507.719 GFLOPS/s)
MUL_MAT_VEC q6_K m=1024 n=5 k=5120: 32 x 11.951 us = 382.44 us (4386.46 GFLOPS/s)
MUL_MAT_VEC q6_K m=10240 n=5 k=5120: 48 x 108.041 us = 5186 us (4852.17 GFLOPS/s)
MUL_MAT_VEC q6_K m=12288 n=5 k=5120: 16 x 135.892 us = 2174.28 us (4629.28 GFLOPS/s)
MUL_MAT_VEC q6_K m=17408 n=5 k=5120: 128 x 181.521 us = 23234.8 us (4909.62 GFLOPS/s)
MUL_MAT_VEC q6_K m=248320 n=5 k=5120: 1 x 1969.72 us = 1969.72 us (6454.09 GFLOPS/s)
MUL_MAT_VEC q6_K m=6144 n=5 k=5120: 48 x 71.732 us = 3443.16 us (4384.93 GFLOPS/s)
MUL_MAT_VEC q8_0 m=5120 n=5 k=6144: 48 x 65.443 us = 3141.28 us (4806.41 GFLOPS/s)
RMS_NORM_MUL RMS_NORM(256,24,5,1): 16 x 4.005 us = 64.08 us
RMS_NORM_MUL RMS_NORM(256,4,5,1): 16 x 4.402 us = 70.44 us
RMS_NORM_MUL RMS_NORM(5120,5,1,1): 129 x 5.719 us = 737.84 us
RMS_NORM_MUL_SILU_MUL RMS_NORM(128,48,5,1): 48 x 6.526 us = 313.28 us
RMS_NORM_SCALE RMS_NORM(128,16,5,1): 96 x 2.615 us = 251.08 us
ROPE: 32 x 4.728 us = 151.32 us
SET_ROWS: 32 x 3.607 us = 115.44 us
SIGMOID_MUL SIGMOID: 16 x 4.35 us = 69.6 us
SSM_CONV_SILU SSM_CONV: 48 x 6.369 us = 305.72 us
Total time: 56928.6 us.
----------------
Vulkan Timings:
CONCAT: 1 x 4 us = 4 us
CONT: 1 x 3.4 us = 3.4 us
FLASH_ATTN_EXT dst(256,24,5,1),  q(256,5,24,1),  k(256,256,4,1),  v(256,256,4,1),  m(256,5,1,1): 1 x 21.04 us = 21.04 us (1495.12 GFLOPS/s)
GLU: 1 x 1.68 us = 1.68 us
MUL_MAT f32 m=256 n=120 k=256: 1 x 1.56 us = 1.56 us (10062.8 GFLOPS/s)
MUL_MAT f32 m=256 n=20 k=256: 1 x 2.96 us = 2.96 us (883.892 GFLOPS/s)
MUL_MAT f32 m=64 n=480 k=64: 1 x 3.36 us = 3.36 us (1161.14 GFLOPS/s)
MUL_MAT f32 m=64 n=80 k=64: 1 x 3.28 us = 3.28 us (198.244 GFLOPS/s)
MUL_MAT_ADD MUL_MAT_VEC q6_K m=5120 n=5 k=17408: 1 x 182.39 us = 182.39 us (4886.58 GFLOPS/s)
MUL_MAT_ADD MUL_MAT_VEC q6_K m=5120 n=5 k=6144: 1 x 69.72 us = 69.72 us (4511.58 GFLOPS/s)
MUL_MAT_VEC q6_K m=1024 n=5 k=5120: 2 x 11.68 us = 23.36 us (4488.33 GFLOPS/s)
MUL_MAT_VEC q6_K m=12288 n=5 k=5120: 1 x 150.84 us = 150.84 us (4170.54 GFLOPS/s)
MUL_MAT_VEC q6_K m=17408 n=5 k=5120: 2 x 158.2 us = 316.4 us (5633.39 GFLOPS/s)
MUL_MAT_VEC q8_0 m=5120 n=5 k=10240: 1 x 119.55 us = 119.55 us (4385.3 GFLOPS/s)
RMS_NORM_MUL RMS_NORM(256,24,5,1): 1 x 6.12 us = 6.12 us
RMS_NORM_MUL RMS_NORM(256,4,5,1): 1 x 3.44 us = 3.44 us
RMS_NORM_MUL RMS_NORM(5120,5,1,1): 5 x 9.372 us = 46.86 us
ROPE: 2 x 3.4 us = 6.8 us
SET_ROWS: 2 x 1.8 us = 3.6 us
SIGMOID_MUL SIGMOID: 1 x 2.56 us = 2.56 us
Total time: 972.92 us.
----------------
Vulkan Timings:
CONCAT: 1 x 1.44 us = 1.44 us
CONT: 1 x 3.48 us = 3.48 us
FLASH_ATTN_EXT dst(256,24,1,1),  q(256,1,24,1),  k(256,256,4,1),  v(256,256,4,1),  m(256,1,1,1): 1 x 15.32 us = 15.32 us (410.669 GFLOPS/s)
GET_ROWS: 2 x 6.02 us = 12.04 us
GLU: 1 x 1.84 us = 1.84 us
MUL_MAT f32 m=256 n=24 k=256: 1 x 2.08 us = 2.08 us (1509.42 GFLOPS/s)
MUL_MAT f32 m=64 n=16 k=64: 1 x 3.48 us = 3.48 us (37.3701 GFLOPS/s)
MUL_MAT f32 m=64 n=96 k=64: 1 x 3.2 us = 3.2 us (243.84 GFLOPS/s)
MUL_MAT_ADD MUL_MAT_VEC q6_K m=5120 n=1 k=17408: 1 x 131.24 us = 131.24 us (1358.22 GFLOPS/s)
MUL_MAT_ADD MUL_MAT_VEC q6_K m=5120 n=1 k=6144: 1 x 53.28 us = 53.28 us (1180.73 GFLOPS/s)
MUL_MAT_VEC f32 m=256 n=4 k=256: 1 x 0.76 us = 0.76 us (688.505 GFLOPS/s)
MUL_MAT_VEC q6_K m=1024 n=1 k=5120: 2 x 6.14 us = 12.28 us (1707.61 GFLOPS/s)
MUL_MAT_VEC q6_K m=12288 n=1 k=5120: 1 x 102.84 us = 102.84 us (1223.42 GFLOPS/s)
MUL_MAT_VEC q6_K m=17408 n=1 k=5120: 2 x 118.02 us = 236.04 us (1510.26 GFLOPS/s)
MUL_MAT_VEC q6_K m=98304 n=1 k=5120: 1 x 673.76 us = 673.76 us (1493.91 GFLOPS/s)
MUL_MAT_VEC q8_0 m=5120 n=1 k=10240: 1 x 93.12 us = 93.12 us (1125.99 GFLOPS/s)
PAD: 1 x 7.36 us = 7.36 us
RMS_NORM_MUL RMS_NORM(256,24,1,1): 1 x 3.32 us = 3.32 us
RMS_NORM_MUL RMS_NORM(256,4,1,1): 1 x 3.64 us = 3.64 us
RMS_NORM_MUL RMS_NORM(5120,1,1,1): 5 x 4.488 us = 22.44 us
ROPE: 2 x 3.32 us = 6.64 us
SET_ROWS: 2 x 2.9 us = 5.8 us
SIGMOID_MUL SIGMOID: 1 x 1.76 us = 1.76 us
TOP_K K=10 (98304,1,1,1): 1 x 9.64 us = 9.64 us
Total time: 1406.8 us.
----------------
Vulkan Timings:
CONCAT: 1 x 4.6 us = 4.6 us
CONT: 1 x 4.12 us = 4.12 us
FLASH_ATTN_EXT dst(256,24,1,1),  q(256,1,24,1),  k(256,256,4,1),  v(256,256,4,1),  m(256,1,1,1): 1 x 14.48 us = 14.48 us (434.493 GFLOPS/s)
GET_ROWS: 2 x 7.36 us = 14.72 us
GLU: 1 x 1.84 us = 1.84 us
MUL_MAT f32 m=256 n=24 k=256: 1 x 1.84 us = 1.84 us (1706.3 GFLOPS/s)
MUL_MAT f32 m=64 n=16 k=64: 1 x 4.12 us = 4.12 us (31.565 GFLOPS/s)
MUL_MAT f32 m=64 n=96 k=64: 1 x 4.12 us = 4.12 us (189.39 GFLOPS/s)
MUL_MAT_ADD MUL_MAT_VEC q6_K m=5120 n=1 k=17408: 1 x 124.16 us = 124.16 us (1435.67 GFLOPS/s)
MUL_MAT_ADD MUL_MAT_VEC q6_K m=5120 n=1 k=6144: 1 x 54.56 us = 54.56 us (1153.03 GFLOPS/s)
MUL_MAT_VEC f32 m=256 n=4 k=256: 1 x 3.48 us = 3.48 us (150.363 GFLOPS/s)
MUL_MAT_VEC q6_K m=1024 n=1 k=5120: 2 x 9.56 us = 19.12 us (1096.73 GFLOPS/s)
MUL_MAT_VEC q6_K m=12288 n=1 k=5120: 1 x 86.24 us = 86.24 us (1458.92 GFLOPS/s)
MUL_MAT_VEC q6_K m=17408 n=1 k=5120: 2 x 121.96 us = 243.92 us (1461.47 GFLOPS/s)
MUL_MAT_VEC q6_K m=98304 n=1 k=5120: 1 x 680.51 us = 680.51 us (1479.09 GFLOPS/s)
MUL_MAT_VEC q8_0 m=5120 n=1 k=10240: 1 x 115.56 us = 115.56 us (907.342 GFLOPS/s)
PAD: 1 x 6.92 us = 6.92 us
RMS_NORM_MUL RMS_NORM(256,24,1,1): 1 x 4.12 us = 4.12 us
RMS_NORM_MUL RMS_NORM(256,4,1,1): 1 x 4.12 us = 4.12 us
RMS_NORM_MUL RMS_NORM(5120,1,1,1): 5 x 4.52 us = 22.6 us
ROPE: 2 x 4.06 us = 8.12 us
SET_ROWS: 2 x 3 us = 6 us
SIGMOID_MUL SIGMOID: 1 x 3.04 us = 3.04 us
TOP_K K=10 (98304,1,1,1): 1 x 10.92 us = 10.92 us
Total time: 1443.23 us.
----------------
Vulkan Timings:
CONCAT: 1 x 2.4 us = 2.4 us
CONT: 1 x 5.24 us = 5.24 us
FLASH_ATTN_EXT dst(256,24,1,1),  q(256,1,24,1),  k(256,256,4,1),  v(256,256,4,1),  m(256,1,1,1): 1 x 18.68 us = 18.68 us (336.802 GFLOPS/s)
GET_ROWS: 2 x 7.04 us = 14.08 us
GLU: 1 x 2.36 us = 2.36 us
MUL_MAT f32 m=256 n=24 k=256: 1 x 2.32 us = 2.32 us (1353.27 GFLOPS/s)
MUL_MAT f32 m=64 n=16 k=64: 1 x 5.28 us = 5.28 us (24.6303 GFLOPS/s)
MUL_MAT f32 m=64 n=96 k=64: 1 x 5.24 us = 5.24 us (148.91 GFLOPS/s)
MUL_MAT_ADD MUL_MAT_VEC q6_K m=5120 n=1 k=17408: 1 x 129.64 us = 129.64 us (1374.98 GFLOPS/s)
MUL_MAT_ADD MUL_MAT_VEC q6_K m=5120 n=1 k=6144: 1 x 59.08 us = 59.08 us (1064.82 GFLOPS/s)
MUL_MAT_VEC f32 m=256 n=4 k=256: 1 x 4.48 us = 4.48 us (116.8 GFLOPS/s)
MUL_MAT_VEC q6_K m=1024 n=1 k=5120: 2 x 10.5 us = 21 us (998.546 GFLOPS/s)
MUL_MAT_VEC q6_K m=12288 n=1 k=5120: 1 x 87.72 us = 87.72 us (1434.3 GFLOPS/s)
MUL_MAT_VEC q6_K m=17408 n=1 k=5120: 2 x 126.2 us = 252.4 us (1412.37 GFLOPS/s)
MUL_MAT_VEC q6_K m=98304 n=1 k=5120: 1 x 677.64 us = 677.64 us (1485.35 GFLOPS/s)
MUL_MAT_VEC q8_0 m=5120 n=1 k=10240: 1 x 107.92 us = 107.92 us (971.576 GFLOPS/s)
PAD: 1 x 10.8 us = 10.8 us
RMS_NORM_MUL RMS_NORM(256,24,1,1): 1 x 5.24 us = 5.24 us
RMS_NORM_MUL RMS_NORM(256,4,1,1): 1 x 5.2 us = 5.2 us
RMS_NORM_MUL RMS_NORM(5120,1,1,1): 5 x 5.864 us = 29.32 us
ROPE: 2 x 5.2 us = 10.4 us
SET_ROWS: 2 x 3.86 us = 7.72 us
SIGMOID_MUL SIGMOID: 1 x 2.36 us = 2.36 us
TOP_K K=10 (98304,1,1,1): 1 x 15.48 us = 15.48 us
Total time: 1482 us.
----------------
Vulkan Timings:
CONCAT: 1 x 2.64 us = 2.64 us
CONT: 1 x 2.24 us = 2.24 us
FLASH_ATTN_EXT dst(256,24,1,1),  q(256,1,24,1),  k(256,256,4,1),  v(256,256,4,1),  m(256,1,1,1): 1 x 20.88 us = 20.88 us (301.315 GFLOPS/s)
GET_ROWS: 2 x 6.98 us = 13.96 us
GLU: 1 x 2.36 us = 2.36 us
MUL_MAT f32 m=256 n=24 k=256: 1 x 2.52 us = 2.52 us (1245.87 GFLOPS/s)
MUL_MAT f32 m=64 n=16 k=64: 1 x 5.88 us = 5.88 us (22.117 GFLOPS/s)
MUL_MAT f32 m=64 n=96 k=64: 1 x 5.48 us = 5.48 us (142.388 GFLOPS/s)
MUL_MAT_ADD MUL_MAT_VEC q6_K m=5120 n=1 k=17408: 1 x 129.12 us = 129.12 us (1380.52 GFLOPS/s)
MUL_MAT_ADD MUL_MAT_VEC q6_K m=5120 n=1 k=6144: 1 x 61.2 us = 61.2 us (1027.93 GFLOPS/s)
MUL_MAT_VEC f32 m=256 n=4 k=256: 1 x 5.04 us = 5.04 us (103.822 GFLOPS/s)
MUL_MAT_VEC q6_K m=1024 n=1 k=5120: 2 x 9.4 us = 18.8 us (1115.4 GFLOPS/s)
MUL_MAT_VEC q6_K m=12288 n=1 k=5120: 1 x 88.4 us = 88.4 us (1423.27 GFLOPS/s)
MUL_MAT_VEC q6_K m=17408 n=1 k=5120: 2 x 126.28 us = 252.56 us (1411.47 GFLOPS/s)
MUL_MAT_VEC q6_K m=98304 n=1 k=5120: 1 x 679.84 us = 679.84 us (1480.55 GFLOPS/s)
MUL_MAT_VEC q8_0 m=5120 n=1 k=10240: 1 x 111.48 us = 111.48 us (940.55 GFLOPS/s)
PAD: 1 x 9.4 us = 9.4 us
RMS_NORM_MUL RMS_NORM(256,24,1,1): 1 x 9.6 us = 9.6 us
RMS_NORM_MUL RMS_NORM(256,4,1,1): 1 x 5.8 us = 5.8 us
RMS_NORM_MUL RMS_NORM(5120,1,1,1): 5 x 6.496 us = 32.48 us
ROPE: 2 x 5.82 us = 11.64 us
SET_ROWS: 2 x 4.28 us = 8.56 us
SIGMOID_MUL SIGMOID: 1 x 5.84 us = 5.84 us
TOP_K K=10 (98304,1,1,1): 1 x 15.64 us = 15.64 us
Total time: 1501.36 us.
----------------
Vulkan Timings:
ADD: 48 x 3.941 us = 189.2 us
CONCAT: 48 x 3.26 us = 156.48 us
CONT: 16 x 4.62 us = 73.92 us
CPY: 240 x 2.676 us = 642.36 us
FLASH_ATTN_EXT dst(256,24,5,1),  q(256,5,24,1),  k(256,256,4,1),  v(256,256,4,1),  m(256,5,1,1): 16 x 23.89 us = 382.24 us (1316.76 GFLOPS/s)
GDN_CACHE GATED_DELTA_NET: 48 x 14.095 us = 676.6 us
GET_ROWS: 50 x 26.828 us = 1341.4 us
GLU: 64 x 3.189 us = 204.12 us
MUL_MAT f32 m=256 n=120 k=256: 16 x 2.135 us = 34.16 us (7352.66 GFLOPS/s)
MUL_MAT f32 m=256 n=20 k=256: 16 x 2.762 us = 44.2 us (947.084 GFLOPS/s)
MUL_MAT f32 m=64 n=480 k=64: 16 x 4.645 us = 74.32 us (839.922 GFLOPS/s)
MUL_MAT f32 m=64 n=80 k=64: 16 x 3.972 us = 63.56 us (163.685 GFLOPS/s)
MUL_MAT_ADD MUL_MAT_VEC q6_K m=5120 n=5 k=17408: 64 x 152.654 us = 9769.91 us (5838.43 GFLOPS/s)
MUL_MAT_ADD MUL_MAT_VEC q6_K m=5120 n=5 k=6144: 16 x 66.46 us = 1063.36 us (4732.88 GFLOPS/s)
MUL_MAT_VEC f32 m=48 n=5 k=5120: 96 x 4.835 us = 464.2 us (508.2 GFLOPS/s)
MUL_MAT_VEC q6_K m=1024 n=5 k=5120: 32 x 11.616 us = 371.72 us (4512.96 GFLOPS/s)
MUL_MAT_VEC q6_K m=10240 n=5 k=5120: 48 x 106.567 us = 5115.24 us (4919.29 GFLOPS/s)
MUL_MAT_VEC q6_K m=12288 n=5 k=5120: 16 x 134.127 us = 2146.04 us (4690.2 GFLOPS/s)
MUL_MAT_VEC q6_K m=17408 n=5 k=5120: 128 x 180.046 us = 23046 us (4949.84 GFLOPS/s)
MUL_MAT_VEC q6_K m=248320 n=5 k=5120: 1 x 1961.64 us = 1961.64 us (6480.67 GFLOPS/s)
MUL_MAT_VEC q6_K m=6144 n=5 k=5120: 48 x 70.672 us = 3392.28 us (4450.7 GFLOPS/s)
MUL_MAT_VEC q8_0 m=5120 n=5 k=6144: 48 x 65.393 us = 3138.88 us (4810.08 GFLOPS/s)
RMS_NORM_MUL RMS_NORM(256,24,5,1): 16 x 3.607 us = 57.72 us
RMS_NORM_MUL RMS_NORM(256,4,5,1): 16 x 5.102 us = 81.64 us
RMS_NORM_MUL RMS_NORM(5120,5,1,1): 129 x 5.554 us = 716.52 us
RMS_NORM_MUL_SILU_MUL RMS_NORM(128,48,5,1): 48 x 6.297 us = 302.28 us
RMS_NORM_SCALE RMS_NORM(128,16,5,1): 96 x 2.435 us = 233.8 us
ROPE: 32 x 4.817 us = 154.16 us
SET_ROWS: 32 x 3.481 us = 111.4 us
SIGMOID_MUL SIGMOID: 16 x 4.44 us = 71.04 us
SSM_CONV_SILU SSM_CONV: 48 x 6.374 us = 305.96 us
Total time: 56386.3 us.
----------------
Vulkan Timings:
CONCAT: 1 x 3.96 us = 3.96 us
CONT: 1 x 3.64 us = 3.64 us
FLASH_ATTN_EXT dst(256,24,5,1),  q(256,5,24,1),  k(256,256,4,1),  v(256,256,4,1),  m(256,5,1,1): 1 x 20.6 us = 20.6 us (1527.05 GFLOPS/s)
GLU: 1 x 3.92 us = 3.92 us
MUL_MAT f32 m=256 n=120 k=256: 1 x 1.76 us = 1.76 us (8919.27 GFLOPS/s)
MUL_MAT f32 m=256 n=20 k=256: 1 x 3.04 us = 3.04 us (860.632 GFLOPS/s)
MUL_MAT f32 m=64 n=480 k=64: 1 x 3.64 us = 3.64 us (1071.82 GFLOPS/s)
MUL_MAT f32 m=64 n=80 k=64: 1 x 4.12 us = 4.12 us (157.825 GFLOPS/s)
MUL_MAT_ADD MUL_MAT_VEC q6_K m=5120 n=5 k=17408: 1 x 170.06 us = 170.06 us (5240.88 GFLOPS/s)
MUL_MAT_ADD MUL_MAT_VEC q6_K m=5120 n=5 k=6144: 1 x 69.56 us = 69.56 us (4521.96 GFLOPS/s)
MUL_MAT_VEC q6_K m=1024 n=5 k=5120: 2 x 12.78 us = 25.56 us (4102.01 GFLOPS/s)
MUL_MAT_VEC q6_K m=12288 n=5 k=5120: 1 x 144.19 us = 144.19 us (4362.88 GFLOPS/s)
MUL_MAT_VEC q6_K m=17408 n=5 k=5120: 2 x 158.02 us = 316.04 us (5639.81 GFLOPS/s)
MUL_MAT_VEC q8_0 m=5120 n=5 k=10240: 1 x 105.36 us = 105.36 us (4975.91 GFLOPS/s)
RMS_NORM_MUL RMS_NORM(256,24,5,1): 1 x 3.76 us = 3.76 us
RMS_NORM_MUL RMS_NORM(256,4,5,1): 1 x 3.56 us = 3.56 us
RMS_NORM_MUL RMS_NORM(5120,5,1,1): 5 x 8.576 us = 42.88 us
ROPE: 2 x 3.6 us = 7.2 us
SET_ROWS: 2 x 2.94 us = 5.88 us
SIGMOID_MUL SIGMOID: 1 x 1.72 us = 1.72 us
Total time: 940.45 us.
----------------
Vulkan Timings:
CONCAT: 1 x 3.76 us = 3.76 us
CONT: 1 x 3.52 us = 3.52 us
FLASH_ATTN_EXT dst(256,24,1,1),  q(256,1,24,1),  k(256,256,4,1),  v(256,256,4,1),  m(256,1,1,1): 1 x 12.68 us = 12.68 us (496.172 GFLOPS/s)
GET_ROWS: 2 x 7.92 us = 15.84 us
GLU: 1 x 1.6 us = 1.6 us
MUL_MAT f32 m=256 n=24 k=256: 1 x 1.48 us = 1.48 us (2121.34 GFLOPS/s)
MUL_MAT f32 m=64 n=16 k=64: 1 x 1.8 us = 1.8 us (72.2489 GFLOPS/s)
MUL_MAT f32 m=64 n=96 k=64: 1 x 3.24 us = 3.24 us (240.83 GFLOPS/s)
MUL_MAT_ADD MUL_MAT_VEC q6_K m=5120 n=1 k=17408: 1 x 129.84 us = 129.84 us (1372.87 GFLOPS/s)
MUL_MAT_ADD MUL_MAT_VEC q6_K m=5120 n=1 k=6144: 1 x 53.32 us = 53.32 us (1179.85 GFLOPS/s)
MUL_MAT_VEC f32 m=256 n=4 k=256: 1 x 3 us = 3 us (174.421 GFLOPS/s)
MUL_MAT_VEC q6_K m=1024 n=1 k=5120: 2 x 6.08 us = 12.16 us (1724.46 GFLOPS/s)
MUL_MAT_VEC q6_K m=12288 n=1 k=5120: 1 x 96.92 us = 96.92 us (1298.15 GFLOPS/s)
MUL_MAT_VEC q6_K m=17408 n=1 k=5120: 2 x 117.96 us = 235.92 us (1511.03 GFLOPS/s)
MUL_MAT_VEC q6_K m=98304 n=1 k=5120: 1 x 670.08 us = 670.08 us (1502.11 GFLOPS/s)
MUL_MAT_VEC q8_0 m=5120 n=1 k=10240: 1 x 91.36 us = 91.36 us (1147.68 GFLOPS/s)
PAD: 1 x 4.92 us = 4.92 us
RMS_NORM_MUL RMS_NORM(256,24,1,1): 1 x 3.16 us = 3.16 us
RMS_NORM_MUL RMS_NORM(256,4,1,1): 1 x 4.88 us = 4.88 us
RMS_NORM_MUL RMS_NORM(5120,1,1,1): 5 x 4.384 us = 21.92 us
ROPE: 2 x 3.3 us = 6.6 us
SET_ROWS: 2 x 2.58 us = 5.16 us
SIGMOID_MUL SIGMOID: 1 x 2.96 us = 2.96 us
TOP_K K=10 (98304,1,1,1): 1 x 8.92 us = 8.92 us
Total time: 1395.04 us.
----------------
Vulkan Timings:
CONCAT: 1 x 4 us = 4 us
CONT: 1 x 3.6 us = 3.6 us
FLASH_ATTN_EXT dst(256,24,1,1),  q(256,1,24,1),  k(256,256,4,1),  v(256,256,4,1),  m(256,1,1,1): 1 x 15.72 us = 15.72 us (400.22 GFLOPS/s)
GET_ROWS: 2 x 6.8 us = 13.6 us
GLU: 1 x 1.88 us = 1.88 us
MUL_MAT f32 m=256 n=24 k=256: 1 x 2.2 us = 2.2 us (1427.08 GFLOPS/s)
MUL_MAT f32 m=64 n=16 k=64: 1 x 3.6 us = 3.6 us (36.1244 GFLOPS/s)
MUL_MAT f32 m=64 n=96 k=64: 1 x 3.56 us = 3.56 us (219.182 GFLOPS/s)
MUL_MAT_ADD MUL_MAT_VEC q6_K m=5120 n=1 k=17408: 1 x 123.88 us = 123.88 us (1438.92 GFLOPS/s)
MUL_MAT_ADD MUL_MAT_VEC q6_K m=5120 n=1 k=6144: 1 x 53.68 us = 53.68 us (1171.93 GFLOPS/s)
MUL_MAT_VEC f32 m=256 n=4 k=256: 1 x 0.72 us = 0.72 us (726.756 GFLOPS/s)
MUL_MAT_VEC q6_K m=1024 n=1 k=5120: 2 x 9.06 us = 18.12 us (1157.26 GFLOPS/s)
MUL_MAT_VEC q6_K m=12288 n=1 k=5120: 1 x 85.8 us = 85.8 us (1466.4 GFLOPS/s)
MUL_MAT_VEC q6_K m=17408 n=1 k=5120: 2 x 121.46 us = 242.92 us (1467.48 GFLOPS/s)
MUL_MAT_VEC q6_K m=98304 n=1 k=5120: 1 x 678.57 us = 678.57 us (1483.32 GFLOPS/s)
MUL_MAT_VEC q8_0 m=5120 n=1 k=10240: 1 x 101.16 us = 101.16 us (1036.5 GFLOPS/s)
PAD: 1 x 8.4 us = 8.4 us
RMS_NORM_MUL RMS_NORM(256,24,1,1): 1 x 3.56 us = 3.56 us
RMS_NORM_MUL RMS_NORM(256,4,1,1): 1 x 3.68 us = 3.68 us
RMS_NORM_MUL RMS_NORM(5120,1,1,1): 5 x 3.76 us = 18.8 us
ROPE: 2 x 3.6 us = 7.2 us
SET_ROWS: 2 x 2.9 us = 5.8 us
SIGMOID_MUL SIGMOID: 1 x 1.88 us = 1.88 us
TOP_K K=10 (98304,1,1,1): 1 x 6.24 us = 6.24 us
Total time: 1408.57 us.
----------------
Vulkan Timings:
CONCAT: 1 x 3.88 us = 3.88 us
CONT: 1 x 3.64 us = 3.64 us
FLASH_ATTN_EXT dst(256,24,1,1),  q(256,1,24,1),  k(256,256,4,1),  v(256,256,4,1),  m(256,1,1,1): 1 x 12.92 us = 12.92 us (486.955 GFLOPS/s)
GET_ROWS: 2 x 4.66 us = 9.32 us
GLU: 1 x 1.88 us = 1.88 us
MUL_MAT f32 m=256 n=24 k=256: 1 x 1.68 us = 1.68 us (1868.8 GFLOPS/s)
MUL_MAT f32 m=64 n=16 k=64: 1 x 3.72 us = 3.72 us (34.9591 GFLOPS/s)
MUL_MAT f32 m=64 n=96 k=64: 1 x 3.36 us = 3.36 us (232.229 GFLOPS/s)
MUL_MAT_ADD MUL_MAT_VEC q6_K m=5120 n=1 k=17408: 1 x 124.56 us = 124.56 us (1431.06 GFLOPS/s)
MUL_MAT_ADD MUL_MAT_VEC q6_K m=5120 n=1 k=6144: 1 x 54.16 us = 54.16 us (1161.55 GFLOPS/s)
MUL_MAT_VEC f32 m=256 n=4 k=256: 1 x 3.16 us = 3.16 us (165.59 GFLOPS/s)
MUL_MAT_VEC q6_K m=1024 n=1 k=5120: 2 x 8.34 us = 16.68 us (1257.16 GFLOPS/s)
MUL_MAT_VEC q6_K m=12288 n=1 k=5120: 1 x 85.32 us = 85.32 us (1474.65 GFLOPS/s)
MUL_MAT_VEC q6_K m=17408 n=1 k=5120: 2 x 121.6 us = 243.2 us (1465.79 GFLOPS/s)
MUL_MAT_VEC q6_K m=98304 n=1 k=5120: 1 x 676.47 us = 676.47 us (1487.92 GFLOPS/s)
MUL_MAT_VEC q8_0 m=5120 n=1 k=10240: 1 x 132.87 us = 132.87 us (789.136 GFLOPS/s)
PAD: 1 x 9.24 us = 9.24 us
RMS_NORM_MUL RMS_NORM(256,24,1,1): 1 x 5.96 us = 5.96 us
RMS_NORM_MUL RMS_NORM(256,4,1,1): 1 x 3.64 us = 3.64 us
RMS_NORM_MUL RMS_NORM(5120,1,1,1): 5 x 4.216 us = 21.08 us
ROPE: 2 x 3.5 us = 7 us
SET_ROWS: 2 x 2.82 us = 5.64 us
SIGMOID_MUL SIGMOID: 1 x 1.88 us = 1.88 us
TOP_K K=10 (98304,1,1,1): 1 x 7.52 us = 7.52 us
Total time: 1438.78 us.
----------------
Vulkan Timings:
CONCAT: 1 x 5.92 us = 5.92 us
CONT: 1 x 5 us = 5 us
FLASH_ATTN_EXT dst(256,24,1,1),  q(256,1,24,1),  k(256,256,4,1),  v(256,256,4,1),  m(256,1,1,1): 1 x 17.52 us = 17.52 us (359.101 GFLOPS/s)
GET_ROWS: 2 x 8.84 us = 17.68 us
GLU: 1 x 2.2 us = 2.2 us
MUL_MAT f32 m=256 n=24 k=256: 1 x 2.36 us = 2.36 us (1330.33 GFLOPS/s)
MUL_MAT f32 m=64 n=16 k=64: 1 x 4.92 us = 4.92 us (26.4325 GFLOPS/s)
MUL_MAT f32 m=64 n=96 k=64: 1 x 5 us = 5 us (156.058 GFLOPS/s)
MUL_MAT_ADD MUL_MAT_VEC q6_K m=5120 n=1 k=17408: 1 x 126.08 us = 126.08 us (1413.81 GFLOPS/s)
MUL_MAT_ADD MUL_MAT_VEC q6_K m=5120 n=1 k=6144: 1 x 58.36 us = 58.36 us (1077.95 GFLOPS/s)
MUL_MAT_VEC f32 m=256 n=4 k=256: 1 x 4.64 us = 4.64 us (112.772 GFLOPS/s)
MUL_MAT_VEC q6_K m=1024 n=1 k=5120: 2 x 9.86 us = 19.72 us (1063.36 GFLOPS/s)
MUL_MAT_VEC q6_K m=12288 n=1 k=5120: 1 x 87.08 us = 87.08 us (1444.84 GFLOPS/s)
MUL_MAT_VEC q6_K m=17408 n=1 k=5120: 2 x 124.18 us = 248.36 us (1435.34 GFLOPS/s)
MUL_MAT_VEC q6_K m=98304 n=1 k=5120: 1 x 678.6 us = 678.6 us (1483.25 GFLOPS/s)
MUL_MAT_VEC q8_0 m=5120 n=1 k=10240: 1 x 112.92 us = 112.92 us (928.555 GFLOPS/s)
PAD: 1 x 9.96 us = 9.96 us
RMS_NORM_MUL RMS_NORM(256,24,1,1): 1 x 4.52 us = 4.52 us
RMS_NORM_MUL RMS_NORM(256,4,1,1): 1 x 4.92 us = 4.92 us
RMS_NORM_MUL RMS_NORM(5120,1,1,1): 5 x 4.912 us = 24.56 us
ROPE: 2 x 4.78 us = 9.56 us
SET_ROWS: 2 x 3.9 us = 7.8 us
SIGMOID_MUL SIGMOID: 1 x 2.32 us = 2.32 us
TOP_K K=10 (98304,1,1,1): 1 x 14.44 us = 14.44 us
Total time: 1474.44 us.
----------------
Vulkan Timings:
ADD: 48 x 4.01 us = 192.52 us
CONCAT: 48 x 3.145 us = 150.96 us
CONT: 16 x 4.597 us = 73.56 us
CPY: 240 x 2.703 us = 648.88 us
FLASH_ATTN_EXT dst(256,24,5,1),  q(256,5,24,1),  k(256,256,4,1),  v(256,256,4,1),  m(256,5,1,1): 16 x 24.982 us = 399.72 us (1259.17 GFLOPS/s)
GDN_CACHE GATED_DELTA_NET: 48 x 13.995 us = 671.76 us
GET_ROWS: 50 x 26.532 us = 1326.64 us
GLU: 64 x 3.356 us = 214.8 us
MUL_MAT f32 m=256 n=120 k=256: 16 x 2.405 us = 38.48 us (6527.2 GFLOPS/s)
MUL_MAT f32 m=256 n=20 k=256: 16 x 2.552 us = 40.84 us (1025 GFLOPS/s)
MUL_MAT f32 m=64 n=480 k=64: 16 x 4.505 us = 72.08 us (866.024 GFLOPS/s)
MUL_MAT f32 m=64 n=80 k=64: 16 x 4.207 us = 67.32 us (154.543 GFLOPS/s)
MUL_MAT_ADD MUL_MAT_VEC q6_K m=5120 n=5 k=17408: 64 x 152.251 us = 9744.12 us (5853.88 GFLOPS/s)
MUL_MAT_ADD MUL_MAT_VEC q6_K m=5120 n=5 k=6144: 16 x 67.182 us = 1074.92 us (4681.98 GFLOPS/s)
MUL_MAT_VEC f32 m=48 n=5 k=5120: 96 x 4.785 us = 459.44 us (513.465 GFLOPS/s)
MUL_MAT_VEC q6_K m=1024 n=5 k=5120: 32 x 11.652 us = 372.88 us (4498.92 GFLOPS/s)
MUL_MAT_VEC q6_K m=10240 n=5 k=5120: 48 x 106.521 us = 5113.04 us (4921.41 GFLOPS/s)
MUL_MAT_VEC q6_K m=12288 n=5 k=5120: 16 x 134.78 us = 2156.48 us (4667.49 GFLOPS/s)
MUL_MAT_VEC q6_K m=17408 n=5 k=5120: 128 x 180.102 us = 23053.1 us (4948.32 GFLOPS/s)
MUL_MAT_VEC q6_K m=248320 n=5 k=5120: 1 x 1952.24 us = 1952.24 us (6511.87 GFLOPS/s)
MUL_MAT_VEC q6_K m=6144 n=5 k=5120: 48 x 70.635 us = 3390.48 us (4453.06 GFLOPS/s)
MUL_MAT_VEC q8_0 m=5120 n=5 k=6144: 48 x 65.037 us = 3121.8 us (4836.4 GFLOPS/s)
RMS_NORM_MUL RMS_NORM(256,24,5,1): 16 x 3.607 us = 57.72 us
RMS_NORM_MUL RMS_NORM(256,4,5,1): 16 x 4.702 us = 75.24 us
RMS_NORM_MUL RMS_NORM(5120,5,1,1): 129 x 5.491 us = 708.4 us
RMS_NORM_MUL_SILU_MUL RMS_NORM(128,48,5,1): 48 x 6.408 us = 307.6 us
RMS_NORM_SCALE RMS_NORM(128,16,5,1): 96 x 2.463 us = 236.52 us
ROPE: 32 x 4.793 us = 153.4 us
SET_ROWS: 32 x 3.286 us = 105.16 us
SIGMOID_MUL SIGMOID: 16 x 4.04 us = 64.64 us
SSM_CONV_SILU SSM_CONV: 48 x 6.32 us = 303.4 us
Total time: 56348.1 us.
----------------
Vulkan Timings:
CONCAT: 1 x 1.92 us = 1.92 us
CONT: 1 x 3.6 us = 3.6 us
FLASH_ATTN_EXT dst(256,24,5,1),  q(256,5,24,1),  k(256,256,4,1),  v(256,256,4,1),  m(256,5,1,1): 1 x 22.32 us = 22.32 us (1409.38 GFLOPS/s)
GLU: 1 x 1.68 us = 1.68 us
MUL_MAT f32 m=256 n=120 k=256: 1 x 2.16 us = 2.16 us (7267.56 GFLOPS/s)
MUL_MAT f32 m=256 n=20 k=256: 1 x 0.76 us = 0.76 us (3442.53 GFLOPS/s)
MUL_MAT f32 m=64 n=480 k=64: 1 x 3.64 us = 3.64 us (1071.82 GFLOPS/s)
MUL_MAT f32 m=64 n=80 k=64: 1 x 3.6 us = 3.6 us (180.622 GFLOPS/s)
MUL_MAT_ADD MUL_MAT_VEC q6_K m=5120 n=5 k=17408: 1 x 239.87 us = 239.87 us (3715.61 GFLOPS/s)
MUL_MAT_ADD MUL_MAT_VEC q6_K m=5120 n=5 k=6144: 1 x 70.88 us = 70.88 us (4437.74 GFLOPS/s)
MUL_MAT_VEC q6_K m=1024 n=5 k=5120: 2 x 11.12 us = 22.24 us (4714.36 GFLOPS/s)
MUL_MAT_VEC q6_K m=12288 n=5 k=5120: 1 x 153.63 us = 153.63 us (4094.8 GFLOPS/s)
MUL_MAT_VEC q6_K m=17408 n=5 k=5120: 2 x 157.3 us = 314.6 us (5665.62 GFLOPS/s)
MUL_MAT_VEC q8_0 m=5120 n=5 k=10240: 1 x 110.96 us = 110.96 us (4724.79 GFLOPS/s)
RMS_NORM_MUL RMS_NORM(256,24,5,1): 1 x 5.64 us = 5.64 us
RMS_NORM_MUL RMS_NORM(256,4,5,1): 1 x 3.64 us = 3.64 us
RMS_NORM_MUL RMS_NORM(5120,5,1,1): 5 x 8.814 us = 44.07 us
ROPE: 2 x 3.62 us = 7.24 us
SET_ROWS: 2 x 2.84 us = 5.68 us
SIGMOID_MUL SIGMOID: 1 x 1.88 us = 1.88 us
Total time: 1020.01 us.
----------------
Vulkan Timings:
CONCAT: 1 x 3.64 us = 3.64 us
CONT: 1 x 3.64 us = 3.64 us
FLASH_ATTN_EXT dst(256,24,1,1),  q(256,1,24,1),  k(256,256,4,1),  v(256,256,4,1),  m(256,1,1,1): 1 x 12.96 us = 12.96 us (485.452 GFLOPS/s)
GET_ROWS: 2 x 4.68 us = 9.36 us
GLU: 1 x 1.92 us = 1.92 us
MUL_MAT f32 m=256 n=24 k=256: 1 x 2.2 us = 2.2 us (1427.08 GFLOPS/s)
MUL_MAT f32 m=64 n=16 k=64: 1 x 1.84 us = 1.84 us (70.6783 GFLOPS/s)
MUL_MAT f32 m=64 n=96 k=64: 1 x 3.28 us = 3.28 us (237.893 GFLOPS/s)
MUL_MAT_ADD MUL_MAT_VEC q6_K m=5120 n=1 k=17408: 1 x 129.56 us = 129.56 us (1375.83 GFLOPS/s)
MUL_MAT_ADD MUL_MAT_VEC q6_K m=5120 n=1 k=6144: 1 x 53.84 us = 53.84 us (1168.45 GFLOPS/s)
MUL_MAT_VEC f32 m=256 n=4 k=256: 1 x 0.76 us = 0.76 us (688.505 GFLOPS/s)
MUL_MAT_VEC q6_K m=1024 n=1 k=5120: 2 x 6.26 us = 12.52 us (1674.88 GFLOPS/s)
MUL_MAT_VEC q6_K m=12288 n=1 k=5120: 1 x 97.68 us = 97.68 us (1288.05 GFLOPS/s)
MUL_MAT_VEC q6_K m=17408 n=1 k=5120: 2 x 118.1 us = 236.2 us (1509.23 GFLOPS/s)
MUL_MAT_VEC q6_K m=98304 n=1 k=5120: 1 x 675.29 us = 675.29 us (1490.52 GFLOPS/s)
MUL_MAT_VEC q8_0 m=5120 n=1 k=10240: 1 x 93.6 us = 93.6 us (1120.22 GFLOPS/s)
PAD: 1 x 6.2 us = 6.2 us
RMS_NORM_MUL RMS_NORM(256,24,1,1): 1 x 3.2 us = 3.2 us
RMS_NORM_MUL RMS_NORM(256,4,1,1): 1 x 4.92 us = 4.92 us
RMS_NORM_MUL RMS_NORM(5120,1,1,1): 5 x 4.184 us = 20.92 us
ROPE: 2 x 3.34 us = 6.68 us
SET_ROWS: 2 x 3.84 us = 7.68 us
SIGMOID_MUL SIGMOID: 1 x 1.6 us = 1.6 us
TOP_K K=10 (98304,1,1,1): 1 x 9.44 us = 9.44 us
Total time: 1398.93 us.
----------------
Vulkan Timings:
CONCAT: 1 x 1.8 us = 1.8 us
CONT: 1 x 4.2 us = 4.2 us
FLASH_ATTN_EXT dst(256,24,1,1),  q(256,1,24,1),  k(256,256,4,1),  v(256,256,4,1),  m(256,1,1,1): 1 x 17.44 us = 17.44 us (360.749 GFLOPS/s)
GET_ROWS: 2 x 5.3 us = 10.6 us
GLU: 1 x 1.96 us = 1.96 us
MUL_MAT f32 m=256 n=24 k=256: 1 x 1.84 us = 1.84 us (1706.3 GFLOPS/s)
MUL_MAT f32 m=64 n=16 k=64: 1 x 4.16 us = 4.16 us (31.2615 GFLOPS/s)
MUL_MAT f32 m=64 n=96 k=64: 1 x 4.16 us = 4.16 us (187.569 GFLOPS/s)
MUL_MAT_ADD MUL_MAT_VEC q6_K m=5120 n=1 k=17408: 1 x 125.56 us = 125.56 us (1419.66 GFLOPS/s)
MUL_MAT_ADD MUL_MAT_VEC q6_K m=5120 n=1 k=6144: 1 x 55.68 us = 55.68 us (1129.84 GFLOPS/s)
MUL_MAT_VEC f32 m=256 n=4 k=256: 1 x 3.56 us = 3.56 us (146.984 GFLOPS/s)
MUL_MAT_VEC q6_K m=1024 n=1 k=5120: 2 x 9.8 us = 19.6 us (1069.87 GFLOPS/s)
MUL_MAT_VEC q6_K m=12288 n=1 k=5120: 1 x 86.12 us = 86.12 us (1460.95 GFLOPS/s)
MUL_MAT_VEC q6_K m=17408 n=1 k=5120: 2 x 122.52 us = 245.04 us (1454.79 GFLOPS/s)
MUL_MAT_VEC q6_K m=98304 n=1 k=5120: 1 x 677.92 us = 677.92 us (1484.74 GFLOPS/s)
MUL_MAT_VEC q8_0 m=5120 n=1 k=10240: 1 x 102.48 us = 102.48 us (1023.15 GFLOPS/s)
PAD: 1 x 7.64 us = 7.64 us
RMS_NORM_MUL RMS_NORM(256,24,1,1): 1 x 4.2 us = 4.2 us
RMS_NORM_MUL RMS_NORM(256,4,1,1): 1 x 4.16 us = 4.16 us
RMS_NORM_MUL RMS_NORM(5120,1,1,1): 5 x 4.552 us = 22.76 us
ROPE: 2 x 4.22 us = 8.44 us
SET_ROWS: 2 x 2.08 us = 4.16 us
SIGMOID_MUL SIGMOID: 1 x 2 us = 2 us
TOP_K K=10 (98304,1,1,1): 1 x 10.88 us = 10.88 us
Total time: 1426.36 us.
----------------
Vulkan Timings:
CONCAT: 1 x 2.36 us = 2.36 us
CONT: 1 x 5.2 us = 5.2 us
FLASH_ATTN_EXT dst(256,24,1,1),  q(256,1,24,1),  k(256,256,4,1),  v(256,256,4,1),  m(256,1,1,1): 1 x 18.88 us = 18.88 us (333.234 GFLOPS/s)
GET_ROWS: 2 x 8.54 us = 17.08 us
GLU: 1 x 2.28 us = 2.28 us
MUL_MAT f32 m=256 n=24 k=256: 1 x 2.28 us = 2.28 us (1377.01 GFLOPS/s)
MUL_MAT f32 m=64 n=16 k=64: 1 x 5.12 us = 5.12 us (25.4 GFLOPS/s)
MUL_MAT f32 m=64 n=96 k=64: 1 x 5.16 us = 5.16 us (151.219 GFLOPS/s)
MUL_MAT_ADD MUL_MAT_VEC q6_K m=5120 n=1 k=17408: 1 x 131.68 us = 131.68 us (1353.68 GFLOPS/s)
MUL_MAT_ADD MUL_MAT_VEC q6_K m=5120 n=1 k=6144: 1 x 58.6 us = 58.6 us (1073.54 GFLOPS/s)
MUL_MAT_VEC f32 m=256 n=4 k=256: 1 x 4.4 us = 4.4 us (118.924 GFLOPS/s)
MUL_MAT_VEC q6_K m=1024 n=1 k=5120: 2 x 10.28 us = 20.56 us (1019.92 GFLOPS/s)
MUL_MAT_VEC q6_K m=12288 n=1 k=5120: 1 x 87.92 us = 87.92 us (1431.04 GFLOPS/s)
MUL_MAT_VEC q6_K m=17408 n=1 k=5120: 2 x 124.66 us = 249.32 us (1429.81 GFLOPS/s)
MUL_MAT_VEC q6_K m=98304 n=1 k=5120: 1 x 670.08 us = 670.08 us (1502.11 GFLOPS/s)
MUL_MAT_VEC q8_0 m=5120 n=1 k=10240: 1 x 108.24 us = 108.24 us (968.704 GFLOPS/s)
PAD: 1 x 9.16 us = 9.16 us
RMS_NORM_MUL RMS_NORM(256,24,1,1): 1 x 5.16 us = 5.16 us
RMS_NORM_MUL RMS_NORM(256,4,1,1): 1 x 5.08 us = 5.08 us
RMS_NORM_MUL RMS_NORM(5120,1,1,1): 5 x 5.816 us = 29.08 us
ROPE: 2 x 5.04 us = 10.08 us
SET_ROWS: 2 x 3.74 us = 7.48 us
SIGMOID_MUL SIGMOID: 1 x 2.68 us = 2.68 us
TOP_K K=10 (98304,1,1,1): 1 x 14.92 us = 14.92 us
Total time: 1472.8 us.
----------------
Vulkan Timings:
CONCAT: 1 x 2.72 us = 2.72 us
CONT: 1 x 5.88 us = 5.88 us
FLASH_ATTN_EXT dst(256,24,1,1),  q(256,1,24,1),  k(256,256,4,1),  v(256,256,4,1),  m(256,1,1,1): 1 x 21.04 us = 21.04 us (299.024 GFLOPS/s)
GET_ROWS: 2 x 7.02 us = 14.04 us
GLU: 1 x 2.6 us = 2.6 us
MUL_MAT f32 m=256 n=24 k=256: 1 x 2.64 us = 2.64 us (1189.24 GFLOPS/s)
MUL_MAT f32 m=64 n=16 k=64: 1 x 5.92 us = 5.92 us (21.9676 GFLOPS/s)
MUL_MAT f32 m=64 n=96 k=64: 1 x 5.92 us = 5.92 us (131.805 GFLOPS/s)
MUL_MAT_ADD MUL_MAT_VEC q6_K m=5120 n=1 k=17408: 1 x 129.6 us = 129.6 us (1375.41 GFLOPS/s)
MUL_MAT_ADD MUL_MAT_VEC q6_K m=5120 n=1 k=6144: 1 x 60.44 us = 60.44 us (1040.86 GFLOPS/s)
MUL_MAT_VEC f32 m=256 n=4 k=256: 1 x 5.08 us = 5.08 us (103.005 GFLOPS/s)
MUL_MAT_VEC q6_K m=1024 n=1 k=5120: 2 x 11.2 us = 22.4 us (936.137 GFLOPS/s)
MUL_MAT_VEC q6_K m=12288 n=1 k=5120: 1 x 88.96 us = 88.96 us (1414.31 GFLOPS/s)
MUL_MAT_VEC q6_K m=17408 n=1 k=5120: 2 x 126.28 us = 252.56 us (1411.47 GFLOPS/s)
MUL_MAT_VEC q6_K m=98304 n=1 k=5120: 1 x 679.92 us = 679.92 us (1480.37 GFLOPS/s)
MUL_MAT_VEC q8_0 m=5120 n=1 k=10240: 1 x 111.48 us = 111.48 us (940.55 GFLOPS/s)
PAD: 1 x 10.52 us = 10.52 us
RMS_NORM_MUL RMS_NORM(256,24,1,1): 1 x 5.92 us = 5.92 us
RMS_NORM_MUL RMS_NORM(256,4,1,1): 1 x 5.84 us = 5.84 us
RMS_NORM_MUL RMS_NORM(5120,1,1,1): 5 x 6.44 us = 32.2 us
ROPE: 2 x 5.86 us = 11.72 us
SET_ROWS: 2 x 4.28 us = 8.56 us
SIGMOID_MUL SIGMOID: 1 x 2.68 us = 2.68 us
TOP_K K=10 (98304,1,1,1): 1 x 15.84 us = 15.84 us
Total time: 1504.48 us.
----------------
Vulkan Timings:
ADD: 48 x 4.258 us = 204.4 us
CONCAT: 48 x 3.255 us = 156.28 us
CONT: 16 x 4.16 us = 66.56 us
CPY: 240 x 2.672 us = 641.32 us
FLASH_ATTN_EXT dst(256,24,5,1),  q(256,5,24,1),  k(256,256,4,1),  v(256,256,4,1),  m(256,5,1,1): 16 x 24.952 us = 399.24 us (1260.69 GFLOPS/s)
GDN_CACHE GATED_DELTA_NET: 48 x 14.235 us = 683.28 us
GET_ROWS: 50 x 26.44 us = 1322.04 us
GLU: 64 x 3.282 us = 210.08 us
MUL_MAT f32 m=256 n=120 k=256: 16 x 2.412 us = 38.6 us (6506.91 GFLOPS/s)
MUL_MAT f32 m=256 n=20 k=256: 16 x 2.482 us = 39.72 us (1053.91 GFLOPS/s)
MUL_MAT f32 m=64 n=480 k=64: 16 x 4.475 us = 71.6 us (871.83 GFLOPS/s)
MUL_MAT f32 m=64 n=80 k=64: 16 x 3.785 us = 60.56 us (171.794 GFLOPS/s)
MUL_MAT_ADD MUL_MAT_VEC q6_K m=5120 n=5 k=17408: 64 x 152.09 us = 9733.8 us (5860.09 GFLOPS/s)
MUL_MAT_ADD MUL_MAT_VEC q6_K m=5120 n=5 k=6144: 16 x 66.315 us = 1061.04 us (4743.23 GFLOPS/s)
MUL_MAT_VEC f32 m=48 n=5 k=5120: 96 x 4.99 us = 479.04 us (492.457 GFLOPS/s)
MUL_MAT_VEC q6_K m=1024 n=5 k=5120: 32 x 11.743 us = 375.8 us (4463.96 GFLOPS/s)
MUL_MAT_VEC q6_K m=10240 n=5 k=5120: 48 x 106.737 us = 5123.4 us (4911.46 GFLOPS/s)
MUL_MAT_VEC q6_K m=12288 n=5 k=5120: 16 x 134.89 us = 2158.24 us (4663.68 GFLOPS/s)
MUL_MAT_VEC q6_K m=17408 n=5 k=5120: 128 x 179.787 us = 23012.8 us (4956.98 GFLOPS/s)
MUL_MAT_VEC q6_K m=248320 n=5 k=5120: 1 x 1962.56 us = 1962.56 us (6477.63 GFLOPS/s)
MUL_MAT_VEC q6_K m=6144 n=5 k=5120: 48 x 70.387 us = 3378.6 us (4468.72 GFLOPS/s)
MUL_MAT_VEC q8_0 m=5120 n=5 k=6144: 48 x 65.303 us = 3134.56 us (4816.71 GFLOPS/s)
RMS_NORM_MUL RMS_NORM(256,24,5,1): 16 x 3.682 us = 58.92 us
RMS_NORM_MUL RMS_NORM(256,4,5,1): 16 x 5.152 us = 82.44 us
RMS_NORM_MUL RMS_NORM(5120,5,1,1): 129 x 5.418 us = 699 us
RMS_NORM_MUL_SILU_MUL RMS_NORM(128,48,5,1): 48 x 6.201 us = 297.68 us
RMS_NORM_SCALE RMS_NORM(128,16,5,1): 96 x 2.39 us = 229.52 us
ROPE: 32 x 4.822 us = 154.32 us
SET_ROWS: 32 x 3.41 us = 109.12 us
SIGMOID_MUL SIGMOID: 16 x 4.472 us = 71.56 us
SSM_CONV_SILU SSM_CONV: 48 x 6.3 us = 302.44 us
Total time: 56318.5 us.
----------------
Vulkan Timings:
CONCAT: 1 x 3.96 us = 3.96 us
CONT: 1 x 3.4 us = 3.4 us
FLASH_ATTN_EXT dst(256,24,5,1),  q(256,5,24,1),  k(256,256,4,1),  v(256,256,4,1),  m(256,5,1,1): 1 x 21.76 us = 21.76 us (1445.65 GFLOPS/s)
GLU: 1 x 1.76 us = 1.76 us
MUL_MAT f32 m=256 n=120 k=256: 1 x 2.04 us = 2.04 us (7695.06 GFLOPS/s)
MUL_MAT f32 m=256 n=20 k=256: 1 x 0.72 us = 0.72 us (3633.78 GFLOPS/s)
MUL_MAT f32 m=64 n=480 k=64: 1 x 3.4 us = 3.4 us (1147.48 GFLOPS/s)
MUL_MAT f32 m=64 n=80 k=64: 1 x 3.32 us = 3.32 us (195.855 GFLOPS/s)
MUL_MAT_ADD MUL_MAT_VEC q6_K m=5120 n=5 k=17408: 1 x 178.21 us = 178.21 us (5001.2 GFLOPS/s)
MUL_MAT_ADD MUL_MAT_VEC q6_K m=5120 n=5 k=6144: 1 x 69.52 us = 69.52 us (4524.56 GFLOPS/s)
MUL_MAT_VEC q6_K m=1024 n=5 k=5120: 2 x 12.14 us = 24.28 us (4318.26 GFLOPS/s)
MUL_MAT_VEC q6_K m=12288 n=5 k=5120: 1 x 143.06 us = 143.06 us (4397.34 GFLOPS/s)
MUL_MAT_VEC q6_K m=17408 n=5 k=5120: 2 x 157.98 us = 315.96 us (5641.24 GFLOPS/s)
MUL_MAT_VEC q8_0 m=5120 n=5 k=10240: 1 x 116.94 us = 116.94 us (4483.17 GFLOPS/s)
RMS_NORM_MUL RMS_NORM(256,24,5,1): 1 x 3.72 us = 3.72 us
RMS_NORM_MUL RMS_NORM(256,4,5,1): 1 x 3.36 us = 3.36 us
RMS_NORM_MUL RMS_NORM(5120,5,1,1): 5 x 8.578 us = 42.89 us
ROPE: 2 x 3.5 us = 7 us
SET_ROWS: 2 x 2.84 us = 5.68 us
SIGMOID_MUL SIGMOID: 1 x 1.6 us = 1.6 us
Total time: 952.58 us.
----------------
Vulkan Timings:
CONCAT: 1 x 4.2 us = 4.2 us
CONT: 1 x 3.48 us = 3.48 us
FLASH_ATTN_EXT dst(256,24,1,1),  q(256,1,24,1),  k(256,256,4,1),  v(256,256,4,1),  m(256,1,1,1): 1 x 12.36 us = 12.36 us (509.017 GFLOPS/s)
GET_ROWS: 2 x 5.6 us = 11.2 us
GLU: 1 x 2.68 us = 2.68 us
MUL_MAT f32 m=256 n=24 k=256: 1 x 1.56 us = 1.56 us (2012.55 GFLOPS/s)
MUL_MAT f32 m=64 n=16 k=64: 1 x 1.84 us = 1.84 us (70.6783 GFLOPS/s)
MUL_MAT f32 m=64 n=96 k=64: 1 x 3.2 us = 3.2 us (243.84 GFLOPS/s)
MUL_MAT_ADD MUL_MAT_VEC q6_K m=5120 n=1 k=17408: 1 x 130 us = 130 us (1371.18 GFLOPS/s)
MUL_MAT_ADD MUL_MAT_VEC q6_K m=5120 n=1 k=6144: 1 x 53.68 us = 53.68 us (1171.93 GFLOPS/s)
MUL_MAT_VEC f32 m=256 n=4 k=256: 1 x 3 us = 3 us (174.421 GFLOPS/s)
MUL_MAT_VEC q6_K m=1024 n=1 k=5120: 2 x 8.32 us = 16.64 us (1260.18 GFLOPS/s)
MUL_MAT_VEC q6_K m=12288 n=1 k=5120: 1 x 90.32 us = 90.32 us (1393.01 GFLOPS/s)
MUL_MAT_VEC q6_K m=17408 n=1 k=5120: 2 x 117.88 us = 235.76 us (1512.05 GFLOPS/s)
MUL_MAT_VEC q6_K m=98304 n=1 k=5120: 1 x 676.58 us = 676.58 us (1487.68 GFLOPS/s)
MUL_MAT_VEC q8_0 m=5120 n=1 k=10240: 1 x 92.84 us = 92.84 us (1129.39 GFLOPS/s)
PAD: 1 x 6.24 us = 6.24 us
RMS_NORM_MUL RMS_NORM(256,24,1,1): 1 x 5.8 us = 5.8 us
RMS_NORM_MUL RMS_NORM(256,4,1,1): 1 x 4.84 us = 4.84 us
RMS_NORM_MUL RMS_NORM(5120,1,1,1): 5 x 4.128 us = 20.64 us
ROPE: 2 x 3.44 us = 6.88 us
SET_ROWS: 2 x 2.62 us = 5.24 us
SIGMOID_MUL SIGMOID: 1 x 1.8 us = 1.8 us
TOP_K K=10 (98304,1,1,1): 1 x 8.68 us = 8.68 us
Total time: 1399.46 us.
----------------
Vulkan Timings:
CONCAT: 1 x 4.12 us = 4.12 us
CONT: 1 x 3.76 us = 3.76 us
FLASH_ATTN_EXT dst(256,24,1,1),  q(256,1,24,1),  k(256,256,4,1),  v(256,256,4,1),  m(256,1,1,1): 1 x 16 us = 16 us (393.216 GFLOPS/s)
GET_ROWS: 2 x 6.98 us = 13.96 us
GLU: 1 x 2 us = 2 us
MUL_MAT f32 m=256 n=24 k=256: 1 x 2.24 us = 2.24 us (1401.6 GFLOPS/s)
MUL_MAT f32 m=64 n=16 k=64: 1 x 3.68 us = 3.68 us (35.3391 GFLOPS/s)
MUL_MAT f32 m=64 n=96 k=64: 1 x 3.72 us = 3.72 us (209.755 GFLOPS/s)
MUL_MAT_ADD MUL_MAT_VEC q6_K m=5120 n=1 k=17408: 1 x 123.88 us = 123.88 us (1438.92 GFLOPS/s)
MUL_MAT_ADD MUL_MAT_VEC q6_K m=5120 n=1 k=6144: 1 x 53.84 us = 53.84 us (1168.45 GFLOPS/s)
MUL_MAT_VEC f32 m=256 n=4 k=256: 1 x 0.76 us = 0.76 us (688.505 GFLOPS/s)
MUL_MAT_VEC q6_K m=1024 n=1 k=5120: 2 x 9.2 us = 18.4 us (1139.65 GFLOPS/s)
MUL_MAT_VEC q6_K m=12288 n=1 k=5120: 1 x 85.56 us = 85.56 us (1470.51 GFLOPS/s)
MUL_MAT_VEC q6_K m=17408 n=1 k=5120: 2 x 121.44 us = 242.88 us (1467.72 GFLOPS/s)
MUL_MAT_VEC q6_K m=98304 n=1 k=5120: 1 x 675.45 us = 675.45 us (1490.17 GFLOPS/s)
MUL_MAT_VEC q8_0 m=5120 n=1 k=10240: 1 x 102.4 us = 102.4 us (1023.95 GFLOPS/s)
PAD: 1 x 7.72 us = 7.72 us
RMS_NORM_MUL RMS_NORM(256,24,1,1): 1 x 3.68 us = 3.68 us
RMS_NORM_MUL RMS_NORM(256,4,1,1): 1 x 4.2 us = 4.2 us
RMS_NORM_MUL RMS_NORM(5120,1,1,1): 5 x 3.904 us = 19.52 us
ROPE: 2 x 3.7 us = 7.4 us
SET_ROWS: 2 x 2.92 us = 5.84 us
SIGMOID_MUL SIGMOID: 1 x 1.72 us = 1.72 us
TOP_K K=10 (98304,1,1,1): 1 x 10.24 us = 10.24 us
Total time: 1412.97 us.
----------------
Vulkan Timings:
CONCAT: 1 x 6.36 us = 6.36 us
CONT: 1 x 4.76 us = 4.76 us
FLASH_ATTN_EXT dst(256,24,1,1),  q(256,1,24,1),  k(256,256,4,1),  v(256,256,4,1),  m(256,1,1,1): 1 x 19.56 us = 19.56 us (321.649 GFLOPS/s)
GET_ROWS: 2 x 8.02 us = 16.04 us
GLU: 1 x 2.24 us = 2.24 us
MUL_MAT f32 m=256 n=24 k=256: 1 x 2.96 us = 2.96 us (1060.67 GFLOPS/s)
MUL_MAT f32 m=64 n=16 k=64: 1 x 4.8 us = 4.8 us (27.0933 GFLOPS/s)
MUL_MAT f32 m=64 n=96 k=64: 1 x 4.76 us = 4.76 us (163.926 GFLOPS/s)
MUL_MAT_ADD MUL_MAT_VEC q6_K m=5120 n=1 k=17408: 1 x 126 us = 126 us (1414.7 GFLOPS/s)
MUL_MAT_ADD MUL_MAT_VEC q6_K m=5120 n=1 k=6144: 1 x 57.28 us = 57.28 us (1098.28 GFLOPS/s)
MUL_MAT_VEC f32 m=256 n=4 k=256: 1 x 1 us = 1 us (523.264 GFLOPS/s)
MUL_MAT_VEC q6_K m=1024 n=1 k=5120: 2 x 10.1 us = 20.2 us (1038.09 GFLOPS/s)
MUL_MAT_VEC q6_K m=12288 n=1 k=5120: 1 x 87.56 us = 87.56 us (1436.92 GFLOPS/s)
MUL_MAT_VEC q6_K m=17408 n=1 k=5120: 2 x 123.78 us = 247.56 us (1439.98 GFLOPS/s)
MUL_MAT_VEC q6_K m=98304 n=1 k=5120: 1 x 675.52 us = 675.52 us (1490.01 GFLOPS/s)
MUL_MAT_VEC q8_0 m=5120 n=1 k=10240: 1 x 105.6 us = 105.6 us (992.921 GFLOPS/s)
PAD: 1 x 8.28 us = 8.28 us
RMS_NORM_MUL RMS_NORM(256,24,1,1): 1 x 4.76 us = 4.76 us
RMS_NORM_MUL RMS_NORM(256,4,1,1): 1 x 4.76 us = 4.76 us
RMS_NORM_MUL RMS_NORM(5120,1,1,1): 5 x 4.872 us = 24.36 us
ROPE: 2 x 4.72 us = 9.44 us
SET_ROWS: 2 x 3.7 us = 7.4 us
SIGMOID_MUL SIGMOID: 1 x 2.12 us = 2.12 us
TOP_K K=10 (98304,1,1,1): 1 x 14.12 us = 14.12 us
Total time: 1457.44 us.
----------------
Vulkan Timings:
CONCAT: 1 x 2.64 us = 2.64 us
CONT: 1 x 5.92 us = 5.92 us
FLASH_ATTN_EXT dst(256,24,1,1),  q(256,1,24,1),  k(256,256,4,1),  v(256,256,4,1),  m(256,1,1,1): 1 x 21.16 us = 21.16 us (297.328 GFLOPS/s)
GET_ROWS: 2 x 8.88 us = 17.76 us
GLU: 1 x 2.32 us = 2.32 us
MUL_MAT f32 m=256 n=24 k=256: 1 x 2.56 us = 2.56 us (1226.4 GFLOPS/s)
MUL_MAT f32 m=64 n=16 k=64: 1 x 5.88 us = 5.88 us (22.117 GFLOPS/s)
MUL_MAT f32 m=64 n=96 k=64: 1 x 5.88 us = 5.88 us (132.702 GFLOPS/s)
MUL_MAT_ADD MUL_MAT_VEC q6_K m=5120 n=1 k=17408: 1 x 129.44 us = 129.44 us (1377.11 GFLOPS/s)
MUL_MAT_ADD MUL_MAT_VEC q6_K m=5120 n=1 k=6144: 1 x 62.04 us = 62.04 us (1014.01 GFLOPS/s)
MUL_MAT_VEC f32 m=256 n=4 k=256: 1 x 5.08 us = 5.08 us (103.005 GFLOPS/s)
MUL_MAT_VEC q6_K m=1024 n=1 k=5120: 2 x 10.92 us = 21.84 us (960.141 GFLOPS/s)
MUL_MAT_VEC q6_K m=12288 n=1 k=5120: 1 x 89.04 us = 89.04 us (1413.04 GFLOPS/s)
MUL_MAT_VEC q6_K m=17408 n=1 k=5120: 2 x 126.62 us = 253.24 us (1407.68 GFLOPS/s)
MUL_MAT_VEC q6_K m=98304 n=1 k=5120: 1 x 672.4 us = 672.4 us (1496.93 GFLOPS/s)
MUL_MAT_VEC q8_0 m=5120 n=1 k=10240: 1 x 112.08 us = 112.08 us (935.515 GFLOPS/s)
PAD: 1 x 7.32 us = 7.32 us
RMS_NORM_MUL RMS_NORM(256,24,1,1): 1 x 5.92 us = 5.92 us
RMS_NORM_MUL RMS_NORM(256,4,1,1): 1 x 5.84 us = 5.84 us
RMS_NORM_MUL RMS_NORM(5120,1,1,1): 5 x 6.392 us = 31.96 us
ROPE: 2 x 5.84 us = 11.68 us
SET_ROWS: 2 x 4.28 us = 8.56 us
SIGMOID_MUL SIGMOID: 1 x 2.72 us = 2.72 us
TOP_K K=10 (98304,1,1,1): 1 x 15.84 us = 15.84 us
Total time: 1499.12 us.
----------------
Vulkan Timings:
ADD: 48 x 3.717 us = 178.44 us
CONCAT: 48 x 2.926 us = 140.48 us
CONT: 16 x 4.4 us = 70.4 us
CPY: 240 x 2.757 us = 661.72 us
FLASH_ATTN_EXT dst(256,24,5,1),  q(256,5,24,1),  k(256,256,4,1),  v(256,256,4,1),  m(256,5,1,1): 16 x 23.927 us = 382.84 us (1314.69 GFLOPS/s)
GDN_CACHE GATED_DELTA_NET: 48 x 14.042 us = 674.04 us
GET_ROWS: 50 x 26.567 us = 1328.36 us
GLU: 64 x 3.167 us = 202.72 us
MUL_MAT f32 m=256 n=120 k=256: 16 x 2.18 us = 34.88 us (7200.88 GFLOPS/s)
MUL_MAT f32 m=256 n=20 k=256: 16 x 2.91 us = 46.56 us (899.079 GFLOPS/s)
MUL_MAT f32 m=64 n=480 k=64: 16 x 4.312 us = 69 us (904.682 GFLOPS/s)
MUL_MAT f32 m=64 n=80 k=64: 16 x 4.54 us = 72.64 us (143.225 GFLOPS/s)
MUL_MAT_ADD MUL_MAT_VEC q6_K m=5120 n=5 k=17408: 64 x 153.01 us = 9792.68 us (5824.85 GFLOPS/s)
MUL_MAT_ADD MUL_MAT_VEC q6_K m=5120 n=5 k=6144: 16 x 66.975 us = 1071.6 us (4696.49 GFLOPS/s)
MUL_MAT_VEC f32 m=48 n=5 k=5120: 96 x 4.824 us = 463.12 us (509.385 GFLOPS/s)
MUL_MAT_VEC q6_K m=1024 n=5 k=5120: 32 x 11.562 us = 370 us (4533.94 GFLOPS/s)
MUL_MAT_VEC q6_K m=10240 n=5 k=5120: 48 x 106.862 us = 5129.4 us (4905.71 GFLOPS/s)
MUL_MAT_VEC q6_K m=12288 n=5 k=5120: 16 x 134.582 us = 2153.32 us (4674.34 GFLOPS/s)
MUL_MAT_VEC q6_K m=17408 n=5 k=5120: 128 x 180.172 us = 23062 us (4946.39 GFLOPS/s)
MUL_MAT_VEC q6_K m=248320 n=5 k=5120: 1 x 1967.56 us = 1967.56 us (6461.17 GFLOPS/s)
MUL_MAT_VEC q6_K m=6144 n=5 k=5120: 48 x 70.617 us = 3389.64 us (4454.17 GFLOPS/s)
MUL_MAT_VEC q8_0 m=5120 n=5 k=6144: 48 x 65.16 us = 3127.72 us (4827.24 GFLOPS/s)
RMS_NORM_MUL RMS_NORM(256,24,5,1): 16 x 4.162 us = 66.6 us
RMS_NORM_MUL RMS_NORM(256,4,5,1): 16 x 4.412 us = 70.6 us
RMS_NORM_MUL RMS_NORM(5120,5,1,1): 129 x 5.592 us = 721.4 us
RMS_NORM_MUL_SILU_MUL RMS_NORM(128,48,5,1): 48 x 6.26 us = 300.48 us
RMS_NORM_SCALE RMS_NORM(128,16,5,1): 96 x 2.43 us = 233.36 us
ROPE: 32 x 4.71 us = 150.72 us
SET_ROWS: 32 x 3.408 us = 109.08 us
SIGMOID_MUL SIGMOID: 16 x 4.672 us = 74.76 us
SSM_CONV_SILU SSM_CONV: 48 x 6.189 us = 297.08 us
Total time: 56413.2 us.
----------------
Vulkan Timings:
CONCAT: 1 x 4.2 us = 4.2 us
CONT: 1 x 3.44 us = 3.44 us
FLASH_ATTN_EXT dst(256,24,5,1),  q(256,5,24,1),  k(256,256,4,1),  v(256,256,4,1),  m(256,5,1,1): 1 x 21.2 us = 21.2 us (1483.83 GFLOPS/s)
GLU: 1 x 3.88 us = 3.88 us
MUL_MAT f32 m=256 n=120 k=256: 1 x 2.04 us = 2.04 us (7695.06 GFLOPS/s)
MUL_MAT f32 m=256 n=20 k=256: 1 x 2.88 us = 2.88 us (908.444 GFLOPS/s)
MUL_MAT f32 m=64 n=480 k=64: 1 x 3.36 us = 3.36 us (1161.14 GFLOPS/s)
MUL_MAT f32 m=64 n=80 k=64: 1 x 3.28 us = 3.28 us (198.244 GFLOPS/s)
MUL_MAT_ADD MUL_MAT_VEC q6_K m=5120 n=5 k=17408: 1 x 173.59 us = 173.59 us (5134.3 GFLOPS/s)
MUL_MAT_ADD MUL_MAT_VEC q6_K m=5120 n=5 k=6144: 1 x 70.44 us = 70.44 us (4465.46 GFLOPS/s)
MUL_MAT_VEC q6_K m=1024 n=5 k=5120: 2 x 11.44 us = 22.88 us (4582.49 GFLOPS/s)
MUL_MAT_VEC q6_K m=12288 n=5 k=5120: 1 x 146.52 us = 146.52 us (4293.5 GFLOPS/s)
MUL_MAT_VEC q6_K m=17408 n=5 k=5120: 2 x 157.6 us = 315.2 us (5654.84 GFLOPS/s)
MUL_MAT_VEC q8_0 m=5120 n=5 k=10240: 1 x 114.87 us = 114.87 us (4563.96 GFLOPS/s)
RMS_NORM_MUL RMS_NORM(256,24,5,1): 1 x 5.76 us = 5.76 us
RMS_NORM_MUL RMS_NORM(256,4,5,1): 1 x 3.4 us = 3.4 us
RMS_NORM_MUL RMS_NORM(5120,5,1,1): 5 x 8.326 us = 41.63 us
ROPE: 2 x 3.34 us = 6.68 us
SET_ROWS: 2 x 1.82 us = 3.64 us
SIGMOID_MUL SIGMOID: 1 x 1.64 us = 1.64 us
Total time: 950.53 us.
----------------
Vulkan Timings:
CONCAT: 1 x 4.24 us = 4.24 us
CONT: 1 x 3.52 us = 3.52 us
FLASH_ATTN_EXT dst(256,24,1,1),  q(256,1,24,1),  k(256,256,4,1),  v(256,256,4,1),  m(256,1,1,1): 1 x 12.52 us = 12.52 us (502.512 GFLOPS/s)
GET_ROWS: 2 x 5.3 us = 10.6 us
GLU: 1 x 1.8 us = 1.8 us
MUL_MAT f32 m=256 n=24 k=256: 1 x 2.12 us = 2.12 us (1480.94 GFLOPS/s)
MUL_MAT f32 m=64 n=16 k=64: 1 x 3.24 us = 3.24 us (40.1383 GFLOPS/s)
MUL_MAT f32 m=64 n=96 k=64: 1 x 3.2 us = 3.2 us (243.84 GFLOPS/s)
MUL_MAT_ADD MUL_MAT_VEC q6_K m=5120 n=1 k=17408: 1 x 131.44 us = 131.44 us (1356.15 GFLOPS/s)
MUL_MAT_ADD MUL_MAT_VEC q6_K m=5120 n=1 k=6144: 1 x 53.88 us = 53.88 us (1167.58 GFLOPS/s)
MUL_MAT_VEC f32 m=256 n=4 k=256: 1 x 0.72 us = 0.72 us (726.756 GFLOPS/s)
MUL_MAT_VEC q6_K m=1024 n=1 k=5120: 2 x 9.26 us = 18.52 us (1132.26 GFLOPS/s)
MUL_MAT_VEC q6_K m=12288 n=1 k=5120: 1 x 89.28 us = 89.28 us (1409.24 GFLOPS/s)
MUL_MAT_VEC q6_K m=17408 n=1 k=5120: 2 x 118.24 us = 236.48 us (1507.45 GFLOPS/s)
MUL_MAT_VEC q6_K m=98304 n=1 k=5120: 1 x 671.31 us = 671.31 us (1499.36 GFLOPS/s)
MUL_MAT_VEC q8_0 m=5120 n=1 k=10240: 1 x 93.16 us = 93.16 us (1125.51 GFLOPS/s)
PAD: 1 x 9.12 us = 9.12 us
RMS_NORM_MUL RMS_NORM(256,24,1,1): 1 x 3.2 us = 3.2 us
RMS_NORM_MUL RMS_NORM(256,4,1,1): 1 x 3.84 us = 3.84 us
RMS_NORM_MUL RMS_NORM(5120,1,1,1): 5 x 4.064 us = 20.32 us
ROPE: 2 x 3.32 us = 6.64 us
SET_ROWS: 2 x 3.72 us = 7.44 us
SIGMOID_MUL SIGMOID: 1 x 1.56 us = 1.56 us
TOP_K K=10 (98304,1,1,1): 1 x 6.56 us = 6.56 us
Total time: 1394.71 us.
----------------
Vulkan Timings:
CONCAT: 1 x 4.04 us = 4.04 us
CONT: 1 x 3.6 us = 3.6 us
FLASH_ATTN_EXT dst(256,24,1,1),  q(256,1,24,1),  k(256,256,4,1),  v(256,256,4,1),  m(256,1,1,1): 1 x 12.92 us = 12.92 us (486.955 GFLOPS/s)
GET_ROWS: 2 x 4.46 us = 8.92 us
GLU: 1 x 1.84 us = 1.84 us
MUL_MAT f32 m=256 n=24 k=256: 1 x 1.68 us = 1.68 us (1868.8 GFLOPS/s)
MUL_MAT f32 m=64 n=16 k=64: 1 x 3.68 us = 3.68 us (35.3391 GFLOPS/s)
MUL_MAT f32 m=64 n=96 k=64: 1 x 3.64 us = 3.64 us (214.365 GFLOPS/s)
MUL_MAT_ADD MUL_MAT_VEC q6_K m=5120 n=1 k=17408: 1 x 123.72 us = 123.72 us (1440.78 GFLOPS/s)
MUL_MAT_ADD MUL_MAT_VEC q6_K m=5120 n=1 k=6144: 1 x 54.36 us = 54.36 us (1157.27 GFLOPS/s)
MUL_MAT_VEC f32 m=256 n=4 k=256: 1 x 3.04 us = 3.04 us (172.126 GFLOPS/s)
MUL_MAT_VEC q6_K m=1024 n=1 k=5120: 2 x 9.06 us = 18.12 us (1157.26 GFLOPS/s)
MUL_MAT_VEC q6_K m=12288 n=1 k=5120: 1 x 85.44 us = 85.44 us (1472.58 GFLOPS/s)
MUL_MAT_VEC q6_K m=17408 n=1 k=5120: 2 x 121.64 us = 243.28 us (1465.31 GFLOPS/s)
MUL_MAT_VEC q6_K m=98304 n=1 k=5120: 1 x 677.95 us = 677.95 us (1484.67 GFLOPS/s)
MUL_MAT_VEC q8_0 m=5120 n=1 k=10240: 1 x 101.88 us = 101.88 us (1029.18 GFLOPS/s)
PAD: 1 x 8.08 us = 8.08 us
RMS_NORM_MUL RMS_NORM(256,24,1,1): 1 x 3.6 us = 3.6 us
RMS_NORM_MUL RMS_NORM(256,4,1,1): 1 x 3.64 us = 3.64 us
RMS_NORM_MUL RMS_NORM(5120,1,1,1): 5 x 3.8 us = 19 us
ROPE: 2 x 3.62 us = 7.24 us
SET_ROWS: 2 x 2.68 us = 5.36 us
SIGMOID_MUL SIGMOID: 1 x 1.88 us = 1.88 us
TOP_K K=10 (98304,1,1,1): 1 x 6.68 us = 6.68 us
Total time: 1403.59 us.
----------------
Vulkan Timings:
CONCAT: 1 x 1.96 us = 1.96 us
CONT: 1 x 3.76 us = 3.76 us
FLASH_ATTN_EXT dst(256,24,1,1),  q(256,1,24,1),  k(256,256,4,1),  v(256,256,4,1),  m(256,1,1,1): 1 x 16.2 us = 16.2 us (388.361 GFLOPS/s)
GET_ROWS: 2 x 4.66 us = 9.32 us
GLU: 1 x 2.28 us = 2.28 us
MUL_MAT f32 m=256 n=24 k=256: 1 x 2.28 us = 2.28 us (1377.01 GFLOPS/s)
MUL_MAT f32 m=64 n=16 k=64: 1 x 3.72 us = 3.72 us (34.9591 GFLOPS/s)
MUL_MAT f32 m=64 n=96 k=64: 1 x 3.8 us = 3.8 us (205.339 GFLOPS/s)
MUL_MAT_ADD MUL_MAT_VEC q6_K m=5120 n=1 k=17408: 1 x 123.16 us = 123.16 us (1447.33 GFLOPS/s)
MUL_MAT_ADD MUL_MAT_VEC q6_K m=5120 n=1 k=6144: 1 x 54.6 us = 54.6 us (1152.19 GFLOPS/s)
MUL_MAT_VEC f32 m=256 n=4 k=256: 1 x 0.8 us = 0.8 us (654.08 GFLOPS/s)
MUL_MAT_VEC q6_K m=1024 n=1 k=5120: 2 x 9.22 us = 18.44 us (1137.17 GFLOPS/s)
MUL_MAT_VEC q6_K m=12288 n=1 k=5120: 1 x 85.92 us = 85.92 us (1464.35 GFLOPS/s)
MUL_MAT_VEC q6_K m=17408 n=1 k=5120: 2 x 121.78 us = 243.56 us (1463.63 GFLOPS/s)
MUL_MAT_VEC q6_K m=98304 n=1 k=5120: 1 x 675.34 us = 675.34 us (1490.41 GFLOPS/s)
MUL_MAT_VEC q8_0 m=5120 n=1 k=10240: 1 x 107.4 us = 107.4 us (976.28 GFLOPS/s)
PAD: 1 x 6.88 us = 6.88 us
RMS_NORM_MUL RMS_NORM(256,24,1,1): 1 x 3.76 us = 3.76 us
RMS_NORM_MUL RMS_NORM(256,4,1,1): 1 x 3.72 us = 3.72 us
RMS_NORM_MUL RMS_NORM(5120,1,1,1): 5 x 4.56 us = 22.8 us
ROPE: 2 x 3.74 us = 7.48 us
SET_ROWS: 2 x 3 us = 6 us
SIGMOID_MUL SIGMOID: 1 x 2 us = 2 us
TOP_K K=10 (98304,1,1,1): 1 x 9.64 us = 9.64 us
Total time: 1414.82 us.
----------------
Vulkan Timings:
CONCAT: 1 x 3.84 us = 3.84 us
CONT: 1 x 5.28 us = 5.28 us
FLASH_ATTN_EXT dst(256,24,1,1),  q(256,1,24,1),  k(256,256,4,1),  v(256,256,4,1),  m(256,1,1,1): 1 x 18.76 us = 18.76 us (335.365 GFLOPS/s)
GET_ROWS: 2 x 7.06 us = 14.12 us
GLU: 1 x 2.52 us = 2.52 us
MUL_MAT f32 m=256 n=24 k=256: 1 x 2.44 us = 2.44 us (1286.71 GFLOPS/s)
MUL_MAT f32 m=64 n=16 k=64: 1 x 5.2 us = 5.2 us (25.0092 GFLOPS/s)
MUL_MAT f32 m=64 n=96 k=64: 1 x 5.24 us = 5.24 us (148.91 GFLOPS/s)
MUL_MAT_ADD MUL_MAT_VEC q6_K m=5120 n=1 k=17408: 1 x 129.68 us = 129.68 us (1374.56 GFLOPS/s)
MUL_MAT_ADD MUL_MAT_VEC q6_K m=5120 n=1 k=6144: 1 x 59.88 us = 59.88 us (1050.59 GFLOPS/s)
MUL_MAT_VEC f32 m=256 n=4 k=256: 1 x 4.48 us = 4.48 us (116.8 GFLOPS/s)
MUL_MAT_VEC q6_K m=1024 n=1 k=5120: 2 x 10.54 us = 21.08 us (994.757 GFLOPS/s)
MUL_MAT_VEC q6_K m=12288 n=1 k=5120: 1 x 87.52 us = 87.52 us (1437.58 GFLOPS/s)
MUL_MAT_VEC q6_K m=17408 n=1 k=5120: 2 x 126.7 us = 253.4 us (1406.79 GFLOPS/s)
MUL_MAT_VEC q6_K m=98304 n=1 k=5120: 1 x 679.12 us = 679.12 us (1482.12 GFLOPS/s)
MUL_MAT_VEC q8_0 m=5120 n=1 k=10240: 1 x 129.84 us = 129.84 us (807.551 GFLOPS/s)
PAD: 1 x 9.24 us = 9.24 us
RMS_NORM_MUL RMS_NORM(256,24,1,1): 1 x 5.2 us = 5.2 us
RMS_NORM_MUL RMS_NORM(256,4,1,1): 1 x 5.16 us = 5.16 us
RMS_NORM_MUL RMS_NORM(5120,1,1,1): 5 x 6.136 us = 30.68 us
ROPE: 2 x 5.2 us = 10.4 us
SET_ROWS: 2 x 3.8 us = 7.6 us
SIGMOID_MUL SIGMOID: 1 x 2.4 us = 2.4 us
TOP_K K=10 (98304,1,1,1): 1 x 15.04 us = 15.04 us
Total time: 1508.12 us.
----------------
Vulkan Timings:
ADD: 48 x 3.816 us = 183.2 us
CONCAT: 48 x 3.305 us = 158.64 us
CONT: 16 x 4.442 us = 71.08 us
CPY: 240 x 2.684 us = 644.24 us
FLASH_ATTN_EXT dst(256,24,5,1),  q(256,5,24,1),  k(256,256,4,1),  v(256,256,4,1),  m(256,5,1,1): 16 x 24.632 us = 394.12 us (1277.06 GFLOPS/s)
GDN_CACHE GATED_DELTA_NET: 48 x 13.952 us = 669.72 us
GET_ROWS: 50 x 26.685 us = 1334.28 us
GLU: 64 x 3.691 us = 236.24 us
MUL_MAT f32 m=256 n=120 k=256: 16 x 2.667 us = 42.68 us (5884.88 GFLOPS/s)
MUL_MAT f32 m=256 n=20 k=256: 16 x 2.315 us = 37.04 us (1130.16 GFLOPS/s)
MUL_MAT f32 m=64 n=480 k=64: 16 x 4.532 us = 72.52 us (860.77 GFLOPS/s)
MUL_MAT f32 m=64 n=80 k=64: 16 x 4.112 us = 65.8 us (158.113 GFLOPS/s)
MUL_MAT_ADD MUL_MAT_VEC q6_K m=5120 n=5 k=17408: 64 x 152.315 us = 9748.17 us (5851.45 GFLOPS/s)
MUL_MAT_ADD MUL_MAT_VEC q6_K m=5120 n=5 k=6144: 16 x 66.787 us = 1068.6 us (4709.67 GFLOPS/s)
MUL_MAT_VEC f32 m=48 n=5 k=5120: 96 x 4.944 us = 474.68 us (496.98 GFLOPS/s)
MUL_MAT_VEC q6_K m=1024 n=5 k=5120: 32 x 11.58 us = 370.56 us (4527.09 GFLOPS/s)
MUL_MAT_VEC q6_K m=10240 n=5 k=5120: 48 x 106.975 us = 5134.84 us (4900.52 GFLOPS/s)
MUL_MAT_VEC q6_K m=12288 n=5 k=5120: 16 x 134.13 us = 2146.08 us (4690.11 GFLOPS/s)
MUL_MAT_VEC q6_K m=17408 n=5 k=5120: 128 x 179.374 us = 22959.9 us (4968.39 GFLOPS/s)
MUL_MAT_VEC q6_K m=248320 n=5 k=5120: 1 x 1967.36 us = 1967.36 us (6461.83 GFLOPS/s)
MUL_MAT_VEC q6_K m=6144 n=5 k=5120: 48 x 70.877 us = 3402.14 us (4437.8 GFLOPS/s)
MUL_MAT_VEC q8_0 m=5120 n=5 k=6144: 48 x 65.175 us = 3128.4 us (4826.19 GFLOPS/s)
RMS_NORM_MUL RMS_NORM(256,24,5,1): 16 x 4.43 us = 70.88 us
RMS_NORM_MUL RMS_NORM(256,4,5,1): 16 x 4.572 us = 73.16 us
RMS_NORM_MUL RMS_NORM(5120,5,1,1): 129 x 5.465 us = 705.08 us
RMS_NORM_MUL_SILU_MUL RMS_NORM(128,48,5,1): 48 x 6.451 us = 309.68 us
RMS_NORM_SCALE RMS_NORM(128,16,5,1): 96 x 2.333 us = 224 us
ROPE: 32 x 4.491 us = 143.72 us
SET_ROWS: 32 x 3.53 us = 112.96 us
SIGMOID_MUL SIGMOID: 16 x 4.247 us = 67.96 us
SSM_CONV_SILU SSM_CONV: 48 x 6.402 us = 307.32 us
Total time: 56325.1 us.
----------------
Vulkan Timings:
CONCAT: 1 x 1.88 us = 1.88 us
CONT: 1 x 3.4 us = 3.4 us
FLASH_ATTN_EXT dst(256,24,5,1),  q(256,5,24,1),  k(256,256,4,1),  v(256,256,4,1),  m(256,5,1,1): 1 x 21.28 us = 21.28 us (1478.26 GFLOPS/s)
GLU: 1 x 1.72 us = 1.72 us
MUL_MAT f32 m=256 n=120 k=256: 1 x 1.72 us = 1.72 us (9126.7 GFLOPS/s)
MUL_MAT f32 m=256 n=20 k=256: 1 x 2.92 us = 2.92 us (896 GFLOPS/s)
MUL_MAT f32 m=64 n=480 k=64: 1 x 3.4 us = 3.4 us (1147.48 GFLOPS/s)
MUL_MAT f32 m=64 n=80 k=64: 1 x 3.32 us = 3.32 us (195.855 GFLOPS/s)
MUL_MAT_ADD MUL_MAT_VEC q6_K m=5120 n=5 k=17408: 1 x 171.71 us = 171.71 us (5190.52 GFLOPS/s)
MUL_MAT_ADD MUL_MAT_VEC q6_K m=5120 n=5 k=6144: 1 x 69.08 us = 69.08 us (4553.38 GFLOPS/s)
MUL_MAT_VEC q6_K m=1024 n=5 k=5120: 2 x 12.5 us = 25 us (4193.89 GFLOPS/s)
MUL_MAT_VEC q6_K m=12288 n=5 k=5120: 1 x 147.88 us = 147.88 us (4254.02 GFLOPS/s)
MUL_MAT_VEC q6_K m=17408 n=5 k=5120: 2 x 158.34 us = 316.68 us (5628.41 GFLOPS/s)
MUL_MAT_VEC q8_0 m=5120 n=5 k=10240: 1 x 114 us = 114 us (4598.79 GFLOPS/s)
RMS_NORM_MUL RMS_NORM(256,24,5,1): 1 x 3.44 us = 3.44 us
RMS_NORM_MUL RMS_NORM(256,4,5,1): 1 x 3.44 us = 3.44 us
RMS_NORM_MUL RMS_NORM(5120,5,1,1): 5 x 10.71 us = 53.55 us
ROPE: 2 x 3.38 us = 6.76 us
SET_ROWS: 2 x 1.78 us = 3.56 us
SIGMOID_MUL SIGMOID: 1 x 2.52 us = 2.52 us
Total time: 957.26 us.
----------------
Vulkan Timings:
CONCAT: 1 x 3.96 us = 3.96 us
CONT: 1 x 3.48 us = 3.48 us
FLASH_ATTN_EXT dst(256,24,1,1),  q(256,1,24,1),  k(256,256,4,1),  v(256,256,4,1),  m(256,1,1,1): 1 x 15.44 us = 15.44 us (407.478 GFLOPS/s)
GET_ROWS: 2 x 4.32 us = 8.64 us
GLU: 1 x 1.96 us = 1.96 us
MUL_MAT f32 m=256 n=24 k=256: 1 x 1.56 us = 1.56 us (2012.55 GFLOPS/s)
MUL_MAT f32 m=64 n=16 k=64: 1 x 1.8 us = 1.8 us (72.2489 GFLOPS/s)
MUL_MAT f32 m=64 n=96 k=64: 1 x 3.2 us = 3.2 us (243.84 GFLOPS/s)
MUL_MAT_ADD MUL_MAT_VEC q6_K m=5120 n=1 k=17408: 1 x 129.92 us = 129.92 us (1372.02 GFLOPS/s)
MUL_MAT_ADD MUL_MAT_VEC q6_K m=5120 n=1 k=6144: 1 x 52.64 us = 52.64 us (1195.09 GFLOPS/s)
MUL_MAT_VEC f32 m=256 n=4 k=256: 1 x 3 us = 3 us (174.421 GFLOPS/s)
MUL_MAT_VEC q6_K m=1024 n=1 k=5120: 2 x 9.34 us = 18.68 us (1122.56 GFLOPS/s)
MUL_MAT_VEC q6_K m=12288 n=1 k=5120: 1 x 89.72 us = 89.72 us (1402.33 GFLOPS/s)
MUL_MAT_VEC q6_K m=17408 n=1 k=5120: 2 x 117.86 us = 235.72 us (1512.31 GFLOPS/s)
MUL_MAT_VEC q6_K m=98304 n=1 k=5120: 1 x 689.18 us = 689.18 us (1460.48 GFLOPS/s)
MUL_MAT_VEC q8_0 m=5120 n=1 k=10240: 1 x 91.16 us = 91.16 us (1150.2 GFLOPS/s)
PAD: 1 x 6.48 us = 6.48 us
RMS_NORM_MUL RMS_NORM(256,24,1,1): 1 x 3.2 us = 3.2 us
RMS_NORM_MUL RMS_NORM(256,4,1,1): 1 x 4.88 us = 4.88 us
RMS_NORM_MUL RMS_NORM(5120,1,1,1): 5 x 4.392 us = 21.96 us
ROPE: 2 x 3.48 us = 6.96 us
SET_ROWS: 2 x 1.82 us = 3.64 us
SIGMOID_MUL SIGMOID: 1 x 2.84 us = 2.84 us
TOP_K K=10 (98304,1,1,1): 1 x 8.64 us = 8.64 us
Total time: 1408.66 us.
----------------
Vulkan Timings:
CONCAT: 1 x 3.96 us = 3.96 us
CONT: 1 x 3.6 us = 3.6 us
FLASH_ATTN_EXT dst(256,24,1,1),  q(256,1,24,1),  k(256,256,4,1),  v(256,256,4,1),  m(256,1,1,1): 1 x 12.72 us = 12.72 us (494.611 GFLOPS/s)
GET_ROWS: 2 x 4.4 us = 8.8 us
GLU: 1 x 1.84 us = 1.84 us
MUL_MAT f32 m=256 n=24 k=256: 1 x 2.36 us = 2.36 us (1330.33 GFLOPS/s)
MUL_MAT f32 m=64 n=16 k=64: 1 x 3.88 us = 3.88 us (33.5175 GFLOPS/s)
MUL_MAT f32 m=64 n=96 k=64: 1 x 3.64 us = 3.64 us (214.365 GFLOPS/s)
MUL_MAT_ADD MUL_MAT_VEC q6_K m=5120 n=1 k=17408: 1 x 123 us = 123 us (1449.21 GFLOPS/s)
MUL_MAT_ADD MUL_MAT_VEC q6_K m=5120 n=1 k=6144: 1 x 53.72 us = 53.72 us (1171.06 GFLOPS/s)
MUL_MAT_VEC f32 m=256 n=4 k=256: 1 x 2.72 us = 2.72 us (192.376 GFLOPS/s)
MUL_MAT_VEC q6_K m=1024 n=1 k=5120: 2 x 5.92 us = 11.84 us (1771.07 GFLOPS/s)
MUL_MAT_VEC q6_K m=12288 n=1 k=5120: 1 x 92.96 us = 92.96 us (1353.45 GFLOPS/s)
MUL_MAT_VEC q6_K m=17408 n=1 k=5120: 2 x 121.52 us = 243.04 us (1466.76 GFLOPS/s)
MUL_MAT_VEC q6_K m=98304 n=1 k=5120: 1 x 677.87 us = 677.87 us (1484.85 GFLOPS/s)
MUL_MAT_VEC q8_0 m=5120 n=1 k=10240: 1 x 113.48 us = 113.48 us (923.973 GFLOPS/s)
PAD: 1 x 6.44 us = 6.44 us
RMS_NORM_MUL RMS_NORM(256,24,1,1): 1 x 3.6 us = 3.6 us
RMS_NORM_MUL RMS_NORM(256,4,1,1): 1 x 3.6 us = 3.6 us
RMS_NORM_MUL RMS_NORM(5120,1,1,1): 5 x 3.896 us = 19.48 us
ROPE: 2 x 3.58 us = 7.16 us
SET_ROWS: 2 x 2.94 us = 5.88 us
SIGMOID_MUL SIGMOID: 1 x 1.68 us = 1.68 us
TOP_K K=10 (98304,1,1,1): 1 x 8.64 us = 8.64 us
Total time: 1415.91 us.
----------------
Vulkan Timings:
CONCAT: 1 x 4.24 us = 4.24 us
CONT: 1 x 4.2 us = 4.2 us
FLASH_ATTN_EXT dst(256,24,1,1),  q(256,1,24,1),  k(256,256,4,1),  v(256,256,4,1),  m(256,1,1,1): 1 x 14.92 us = 14.92 us (421.679 GFLOPS/s)
GET_ROWS: 2 x 7 us = 14 us
GLU: 1 x 2.8 us = 2.8 us
MUL_MAT f32 m=256 n=24 k=256: 1 x 1.8 us = 1.8 us (1744.21 GFLOPS/s)
MUL_MAT f32 m=64 n=16 k=64: 1 x 3.8 us = 3.8 us (34.2232 GFLOPS/s)
MUL_MAT f32 m=64 n=96 k=64: 1 x 3.84 us = 3.84 us (203.2 GFLOPS/s)
MUL_MAT_ADD MUL_MAT_VEC q6_K m=5120 n=1 k=17408: 1 x 123.68 us = 123.68 us (1441.24 GFLOPS/s)
MUL_MAT_ADD MUL_MAT_VEC q6_K m=5120 n=1 k=6144: 1 x 55.08 us = 55.08 us (1142.15 GFLOPS/s)
MUL_MAT_VEC f32 m=256 n=4 k=256: 1 x 3.68 us = 3.68 us (142.191 GFLOPS/s)
MUL_MAT_VEC q6_K m=1024 n=1 k=5120: 2 x 9.72 us = 19.44 us (1078.68 GFLOPS/s)
MUL_MAT_VEC q6_K m=12288 n=1 k=5120: 1 x 86.56 us = 86.56 us (1453.52 GFLOPS/s)
MUL_MAT_VEC q6_K m=17408 n=1 k=5120: 2 x 122.3 us = 244.6 us (1457.4 GFLOPS/s)
MUL_MAT_VEC q6_K m=98304 n=1 k=5120: 1 x 674.44 us = 674.44 us (1492.4 GFLOPS/s)
MUL_MAT_VEC q8_0 m=5120 n=1 k=10240: 1 x 111.52 us = 111.52 us (940.212 GFLOPS/s)
PAD: 1 x 7.72 us = 7.72 us
RMS_NORM_MUL RMS_NORM(256,24,1,1): 1 x 3.8 us = 3.8 us
RMS_NORM_MUL RMS_NORM(256,4,1,1): 1 x 4.12 us = 4.12 us
RMS_NORM_MUL RMS_NORM(5120,1,1,1): 5 x 4.56 us = 22.8 us
ROPE: 2 x 4 us = 8 us
SET_ROWS: 2 x 3.08 us = 6.16 us
SIGMOID_MUL SIGMOID: 1 x 2.12 us = 2.12 us
TOP_K K=10 (98304,1,1,1): 1 x 11.52 us = 11.52 us
Total time: 1434.84 us.
----------------
Vulkan Timings:
CONCAT: 1 x 2.44 us = 2.44 us
CONT: 1 x 5.44 us = 5.44 us
FLASH_ATTN_EXT dst(256,24,1,1),  q(256,1,24,1),  k(256,256,4,1),  v(256,256,4,1),  m(256,1,1,1): 1 x 19.76 us = 19.76 us (318.394 GFLOPS/s)
GET_ROWS: 2 x 7.16 us = 14.32 us
GLU: 1 x 2.44 us = 2.44 us
MUL_MAT f32 m=256 n=24 k=256: 1 x 2.44 us = 2.44 us (1286.71 GFLOPS/s)
MUL_MAT f32 m=64 n=16 k=64: 1 x 5.44 us = 5.44 us (23.9059 GFLOPS/s)
MUL_MAT f32 m=64 n=96 k=64: 1 x 2.08 us = 2.08 us (375.138 GFLOPS/s)
MUL_MAT_ADD MUL_MAT_VEC q6_K m=5120 n=1 k=17408: 1 x 129.92 us = 129.92 us (1372.02 GFLOPS/s)
MUL_MAT_ADD MUL_MAT_VEC q6_K m=5120 n=1 k=6144: 1 x 59.84 us = 59.84 us (1051.29 GFLOPS/s)
MUL_MAT_VEC f32 m=256 n=4 k=256: 1 x 4.68 us = 4.68 us (111.809 GFLOPS/s)
MUL_MAT_VEC q6_K m=1024 n=1 k=5120: 2 x 10.64 us = 21.28 us (985.408 GFLOPS/s)
MUL_MAT_VEC q6_K m=12288 n=1 k=5120: 1 x 88.36 us = 88.36 us (1423.91 GFLOPS/s)
MUL_MAT_VEC q6_K m=17408 n=1 k=5120: 2 x 126 us = 252 us (1414.61 GFLOPS/s)
MUL_MAT_VEC q6_K m=98304 n=1 k=5120: 1 x 690.72 us = 690.72 us (1457.23 GFLOPS/s)
MUL_MAT_VEC q8_0 m=5120 n=1 k=10240: 1 x 109.24 us = 109.24 us (959.836 GFLOPS/s)
PAD: 1 x 10.56 us = 10.56 us
RMS_NORM_MUL RMS_NORM(256,24,1,1): 1 x 5.48 us = 5.48 us
RMS_NORM_MUL RMS_NORM(256,4,1,1): 1 x 5.44 us = 5.44 us
RMS_NORM_MUL RMS_NORM(5120,1,1,1): 5 x 6.064 us = 30.32 us
ROPE: 2 x 5.4 us = 10.8 us
SET_ROWS: 2 x 3.94 us = 7.88 us
SIGMOID_MUL SIGMOID: 1 x 5.48 us = 5.48 us
TOP_K K=10 (98304,1,1,1): 1 x 15.32 us = 15.32 us
Total time: 1501.68 us.
----------------
Vulkan Timings:
ADD: 48 x 4.041 us = 194 us
CONCAT: 48 x 3.317 us = 159.24 us
CONT: 16 x 3.647 us = 58.36 us
CPY: 240 x 2.724 us = 653.8 us
FLASH_ATTN_EXT dst(256,24,5,1),  q(256,5,24,1),  k(256,256,4,1),  v(256,256,4,1),  m(256,5,1,1): 16 x 24.76 us = 396.16 us (1270.49 GFLOPS/s)
GDN_CACHE GATED_DELTA_NET: 48 x 14.315 us = 687.16 us
GET_ROWS: 50 x 27.133 us = 1356.68 us
GLU: 64 x 3.533 us = 226.16 us
MUL_MAT f32 m=256 n=120 k=256: 16 x 2.27 us = 36.32 us (6915.38 GFLOPS/s)
MUL_MAT f32 m=256 n=20 k=256: 16 x 3.33 us = 53.28 us (785.682 GFLOPS/s)
MUL_MAT f32 m=64 n=480 k=64: 16 x 5.132 us = 82.12 us (760.144 GFLOPS/s)
MUL_MAT f32 m=64 n=80 k=64: 16 x 4.33 us = 69.28 us (150.171 GFLOPS/s)
MUL_MAT_ADD MUL_MAT_VEC q6_K m=5120 n=5 k=17408: 64 x 153.209 us = 9805.4 us (5817.29 GFLOPS/s)
MUL_MAT_ADD MUL_MAT_VEC q6_K m=5120 n=5 k=6144: 16 x 67.04 us = 1072.64 us (4691.93 GFLOPS/s)
MUL_MAT_VEC f32 m=48 n=5 k=5120: 96 x 5.088 us = 488.48 us (482.94 GFLOPS/s)
MUL_MAT_VEC q6_K m=1024 n=5 k=5120: 32 x 11.718 us = 375 us (4473.49 GFLOPS/s)
MUL_MAT_VEC q6_K m=10240 n=5 k=5120: 48 x 107.756 us = 5172.32 us (4865.01 GFLOPS/s)
MUL_MAT_VEC q6_K m=12288 n=5 k=5120: 16 x 135.305 us = 2164.88 us (4649.38 GFLOPS/s)
MUL_MAT_VEC q6_K m=17408 n=5 k=5120: 128 x 181.328 us = 23210 us (4914.86 GFLOPS/s)
MUL_MAT_VEC q6_K m=248320 n=5 k=5120: 1 x 1964.64 us = 1964.64 us (6470.77 GFLOPS/s)
MUL_MAT_VEC q6_K m=6144 n=5 k=5120: 48 x 71.17 us = 3416.16 us (4419.59 GFLOPS/s)
MUL_MAT_VEC q8_0 m=5120 n=5 k=6144: 48 x 65.37 us = 3137.8 us (4811.74 GFLOPS/s)
RMS_NORM_MUL RMS_NORM(256,24,5,1): 16 x 4.125 us = 66 us
RMS_NORM_MUL RMS_NORM(256,4,5,1): 16 x 4.722 us = 75.56 us
RMS_NORM_MUL RMS_NORM(5120,5,1,1): 129 x 5.528 us = 713.2 us
RMS_NORM_MUL_SILU_MUL RMS_NORM(128,48,5,1): 48 x 6.488 us = 311.44 us
RMS_NORM_SCALE RMS_NORM(128,16,5,1): 96 x 2.427 us = 233.08 us
ROPE: 32 x 4.753 us = 152.12 us
SET_ROWS: 32 x 3.258 us = 104.28 us
SIGMOID_MUL SIGMOID: 16 x 4.372 us = 69.96 us
SSM_CONV_SILU SSM_CONV: 48 x 6.132 us = 294.36 us
Total time: 56799.9 us.
----------------
Vulkan Timings:
CONCAT: 1 x 4.52 us = 4.52 us
CONT: 1 x 3.44 us = 3.44 us
FLASH_ATTN_EXT dst(256,24,5,1),  q(256,5,24,1),  k(256,256,4,1),  v(256,256,4,1),  m(256,5,1,1): 1 x 21.2 us = 21.2 us (1483.83 GFLOPS/s)
GLU: 1 x 1.8 us = 1.8 us
MUL_MAT f32 m=256 n=120 k=256: 1 x 2 us = 2 us (7848.96 GFLOPS/s)
MUL_MAT f32 m=256 n=20 k=256: 1 x 0.76 us = 0.76 us (3442.53 GFLOPS/s)
MUL_MAT f32 m=64 n=480 k=64: 1 x 3.44 us = 3.44 us (1134.14 GFLOPS/s)
MUL_MAT f32 m=64 n=80 k=64: 1 x 3.48 us = 3.48 us (186.851 GFLOPS/s)
MUL_MAT_ADD MUL_MAT_VEC q6_K m=5120 n=5 k=17408: 1 x 174.51 us = 174.51 us (5107.24 GFLOPS/s)
MUL_MAT_ADD MUL_MAT_VEC q6_K m=5120 n=5 k=6144: 1 x 69.56 us = 69.56 us (4521.96 GFLOPS/s)
MUL_MAT_VEC q6_K m=1024 n=5 k=5120: 2 x 11.68 us = 23.36 us (4488.33 GFLOPS/s)
MUL_MAT_VEC q6_K m=12288 n=5 k=5120: 1 x 145.24 us = 145.24 us (4331.34 GFLOPS/s)
MUL_MAT_VEC q6_K m=17408 n=5 k=5120: 2 x 157.12 us = 314.24 us (5672.11 GFLOPS/s)
MUL_MAT_VEC q8_0 m=5120 n=5 k=10240: 1 x 116.73 us = 116.73 us (4491.24 GFLOPS/s)
RMS_NORM_MUL RMS_NORM(256,24,5,1): 1 x 5.72 us = 5.72 us
RMS_NORM_MUL RMS_NORM(256,4,5,1): 1 x 3.4 us = 3.4 us
RMS_NORM_MUL RMS_NORM(5120,5,1,1): 5 x 9.044 us = 45.22 us
ROPE: 2 x 3.38 us = 6.76 us
SET_ROWS: 2 x 2.86 us = 5.72 us
SIGMOID_MUL SIGMOID: 1 x 1.6 us = 1.6 us
Total time: 952.7 us.
----------------
Vulkan Timings:
CONCAT: 1 x 3.6 us = 3.6 us
CONT: 1 x 3.52 us = 3.52 us
FLASH_ATTN_EXT dst(256,24,1,1),  q(256,1,24,1),  k(256,256,4,1),  v(256,256,4,1),  m(256,1,1,1): 1 x 15.16 us = 15.16 us (415.004 GFLOPS/s)
GET_ROWS: 2 x 5.6 us = 11.2 us
GLU: 1 x 2.48 us = 2.48 us
MUL_MAT f32 m=256 n=24 k=256: 1 x 2.08 us = 2.08 us (1509.42 GFLOPS/s)
MUL_MAT f32 m=64 n=16 k=64: 1 x 3.72 us = 3.72 us (34.9591 GFLOPS/s)
MUL_MAT f32 m=64 n=96 k=64: 1 x 3.2 us = 3.2 us (243.84 GFLOPS/s)
MUL_MAT_ADD MUL_MAT_VEC q6_K m=5120 n=1 k=17408: 1 x 129.8 us = 129.8 us (1373.29 GFLOPS/s)
MUL_MAT_ADD MUL_MAT_VEC q6_K m=5120 n=1 k=6144: 1 x 53.56 us = 53.56 us (1174.56 GFLOPS/s)
MUL_MAT_VEC f32 m=256 n=4 k=256: 1 x 0.72 us = 0.72 us (726.756 GFLOPS/s)
MUL_MAT_VEC q6_K m=1024 n=1 k=5120: 2 x 9.24 us = 18.48 us (1134.71 GFLOPS/s)
MUL_MAT_VEC q6_K m=12288 n=1 k=5120: 1 x 93.24 us = 93.24 us (1349.39 GFLOPS/s)
MUL_MAT_VEC q6_K m=17408 n=1 k=5120: 2 x 117.34 us = 234.68 us (1519.01 GFLOPS/s)
MUL_MAT_VEC q6_K m=98304 n=1 k=5120: 1 x 673.47 us = 673.47 us (1494.55 GFLOPS/s)
MUL_MAT_VEC q8_0 m=5120 n=1 k=10240: 1 x 93.44 us = 93.44 us (1122.14 GFLOPS/s)
PAD: 1 x 8.32 us = 8.32 us
RMS_NORM_MUL RMS_NORM(256,24,1,1): 1 x 3.16 us = 3.16 us
RMS_NORM_MUL RMS_NORM(256,4,1,1): 1 x 3.44 us = 3.44 us
RMS_NORM_MUL RMS_NORM(5120,1,1,1): 5 x 4.168 us = 20.84 us
ROPE: 2 x 3.38 us = 6.76 us
SET_ROWS: 2 x 2.92 us = 5.84 us
SIGMOID_MUL SIGMOID: 1 x 1.84 us = 1.84 us
TOP_K K=10 (98304,1,1,1): 1 x 6.44 us = 6.44 us
Total time: 1398.99 us.
----------------
Vulkan Timings:
CONCAT: 1 x 3.76 us = 3.76 us
CONT: 1 x 3.64 us = 3.64 us
FLASH_ATTN_EXT dst(256,24,1,1),  q(256,1,24,1),  k(256,256,4,1),  v(256,256,4,1),  m(256,1,1,1): 1 x 15.84 us = 15.84 us (397.188 GFLOPS/s)
GET_ROWS: 2 x 4.54 us = 9.08 us
GLU: 1 x 1.8 us = 1.8 us
MUL_MAT f32 m=256 n=24 k=256: 1 x 2.24 us = 2.24 us (1401.6 GFLOPS/s)
MUL_MAT f32 m=64 n=16 k=64: 1 x 3.64 us = 3.64 us (35.7275 GFLOPS/s)
MUL_MAT f32 m=64 n=96 k=64: 1 x 3.72 us = 3.72 us (209.755 GFLOPS/s)
MUL_MAT_ADD MUL_MAT_VEC q6_K m=5120 n=1 k=17408: 1 x 123.68 us = 123.68 us (1441.24 GFLOPS/s)
MUL_MAT_ADD MUL_MAT_VEC q6_K m=5120 n=1 k=6144: 1 x 53.92 us = 53.92 us (1166.72 GFLOPS/s)
MUL_MAT_VEC f32 m=256 n=4 k=256: 1 x 0.72 us = 0.72 us (726.756 GFLOPS/s)
MUL_MAT_VEC q6_K m=1024 n=1 k=5120: 2 x 9.24 us = 18.48 us (1134.71 GFLOPS/s)
MUL_MAT_VEC q6_K m=12288 n=1 k=5120: 1 x 85.6 us = 85.6 us (1469.82 GFLOPS/s)
MUL_MAT_VEC q6_K m=17408 n=1 k=5120: 2 x 121.06 us = 242.12 us (1472.33 GFLOPS/s)
MUL_MAT_VEC q6_K m=98304 n=1 k=5120: 1 x 675.19 us = 675.19 us (1490.74 GFLOPS/s)
MUL_MAT_VEC q8_0 m=5120 n=1 k=10240: 1 x 108.2 us = 108.2 us (969.062 GFLOPS/s)
PAD: 1 x 7.16 us = 7.16 us
RMS_NORM_MUL RMS_NORM(256,24,1,1): 1 x 3.64 us = 3.64 us
RMS_NORM_MUL RMS_NORM(256,4,1,1): 1 x 3.88 us = 3.88 us
RMS_NORM_MUL RMS_NORM(5120,1,1,1): 5 x 3.752 us = 18.76 us
ROPE: 2 x 3.74 us = 7.48 us
SET_ROWS: 2 x 2.88 us = 5.76 us
SIGMOID_MUL SIGMOID: 1 x 2.68 us = 2.68 us
TOP_K K=10 (98304,1,1,1): 1 x 9.24 us = 9.24 us
Total time: 1410.23 us.
----------------
Vulkan Timings:
CONCAT: 1 x 3.72 us = 3.72 us
CONT: 1 x 3.72 us = 3.72 us
FLASH_ATTN_EXT dst(256,24,1,1),  q(256,1,24,1),  k(256,256,4,1),  v(256,256,4,1),  m(256,1,1,1): 1 x 13.16 us = 13.16 us (478.074 GFLOPS/s)
GET_ROWS: 2 x 5.96 us = 11.92 us
GLU: 1 x 2 us = 2 us
MUL_MAT f32 m=256 n=24 k=256: 1 x 1.76 us = 1.76 us (1783.85 GFLOPS/s)
MUL_MAT f32 m=64 n=16 k=64: 1 x 3.76 us = 3.76 us (34.5872 GFLOPS/s)
MUL_MAT f32 m=64 n=96 k=64: 1 x 3.68 us = 3.68 us (212.035 GFLOPS/s)
MUL_MAT_ADD MUL_MAT_VEC q6_K m=5120 n=1 k=17408: 1 x 123.24 us = 123.24 us (1446.39 GFLOPS/s)
MUL_MAT_ADD MUL_MAT_VEC q6_K m=5120 n=1 k=6144: 1 x 53.96 us = 53.96 us (1165.85 GFLOPS/s)
MUL_MAT_VEC f32 m=256 n=4 k=256: 1 x 3.08 us = 3.08 us (169.891 GFLOPS/s)
MUL_MAT_VEC q6_K m=1024 n=1 k=5120: 2 x 9.22 us = 18.44 us (1137.17 GFLOPS/s)
MUL_MAT_VEC q6_K m=12288 n=1 k=5120: 1 x 86.52 us = 86.52 us (1454.19 GFLOPS/s)
MUL_MAT_VEC q6_K m=17408 n=1 k=5120: 2 x 121.52 us = 243.04 us (1466.76 GFLOPS/s)
MUL_MAT_VEC q6_K m=98304 n=1 k=5120: 1 x 673.35 us = 673.35 us (1494.82 GFLOPS/s)
MUL_MAT_VEC q8_0 m=5120 n=1 k=10240: 1 x 101.12 us = 101.12 us (1036.91 GFLOPS/s)
PAD: 1 x 6.72 us = 6.72 us
RMS_NORM_MUL RMS_NORM(256,24,1,1): 1 x 3.72 us = 3.72 us
RMS_NORM_MUL RMS_NORM(256,4,1,1): 1 x 3.72 us = 3.72 us
RMS_NORM_MUL RMS_NORM(5120,1,1,1): 5 x 3.68 us = 18.4 us
ROPE: 2 x 3.9 us = 7.8 us
SET_ROWS: 2 x 2.7 us = 5.4 us
SIGMOID_MUL SIGMOID: 1 x 1.92 us = 1.92 us
TOP_K K=10 (98304,1,1,1): 1 x 9.28 us = 9.28 us
Total time: 1403.43 us.
----------------
Vulkan Timings:
CONCAT: 1 x 5.56 us = 5.56 us
CONT: 1 x 4.32 us = 4.32 us
FLASH_ATTN_EXT dst(256,24,1,1),  q(256,1,24,1),  k(256,256,4,1),  v(256,256,4,1),  m(256,1,1,1): 1 x 14.88 us = 14.88 us (422.813 GFLOPS/s)
GET_ROWS: 2 x 5.42 us = 10.84 us
GLU: 1 x 2.64 us = 2.64 us
MUL_MAT f32 m=256 n=24 k=256: 1 x 1.88 us = 1.88 us (1669.99 GFLOPS/s)
MUL_MAT f32 m=64 n=16 k=64: 1 x 4.24 us = 4.24 us (30.6717 GFLOPS/s)
MUL_MAT f32 m=64 n=96 k=64: 1 x 4.24 us = 4.24 us (184.03 GFLOPS/s)
MUL_MAT_ADD MUL_MAT_VEC q6_K m=5120 n=1 k=17408: 1 x 124.36 us = 124.36 us (1433.36 GFLOPS/s)
MUL_MAT_ADD MUL_MAT_VEC q6_K m=5120 n=1 k=6144: 1 x 55.76 us = 55.76 us (1128.22 GFLOPS/s)
MUL_MAT_VEC f32 m=256 n=4 k=256: 1 x 3.6 us = 3.6 us (145.351 GFLOPS/s)
MUL_MAT_VEC q6_K m=1024 n=1 k=5120: 2 x 9.7 us = 19.4 us (1080.9 GFLOPS/s)
MUL_MAT_VEC q6_K m=12288 n=1 k=5120: 1 x 86 us = 86 us (1462.99 GFLOPS/s)
MUL_MAT_VEC q6_K m=17408 n=1 k=5120: 2 x 123.02 us = 246.04 us (1448.87 GFLOPS/s)
MUL_MAT_VEC q6_K m=98304 n=1 k=5120: 1 x 678.8 us = 678.8 us (1482.81 GFLOPS/s)
MUL_MAT_VEC q8_0 m=5120 n=1 k=10240: 1 x 103.2 us = 103.2 us (1016.01 GFLOPS/s)
PAD: 1 x 7.44 us = 7.44 us
RMS_NORM_MUL RMS_NORM(256,24,1,1): 1 x 4.2 us = 4.2 us
RMS_NORM_MUL RMS_NORM(256,4,1,1): 1 x 4.24 us = 4.24 us
RMS_NORM_MUL RMS_NORM(5120,1,1,1): 5 x 4.384 us = 21.92 us
ROPE: 2 x 4.2 us = 8.4 us
SET_ROWS: 2 x 3.1 us = 6.2 us
SIGMOID_MUL SIGMOID: 1 x 2 us = 2 us
TOP_K K=10 (98304,1,1,1): 1 x 10.64 us = 10.64 us
Total time: 1430.8 us.
----------------
Vulkan Timings:
ADD: 48 x 3.878 us = 186.16 us
CONCAT: 48 x 3.325 us = 159.6 us
CONT: 16 x 3.927 us = 62.84 us
CPY: 240 x 2.68 us = 643.36 us
FLASH_ATTN_EXT dst(256,24,5,1),  q(256,5,24,1),  k(256,256,4,1),  v(256,256,4,1),  m(256,5,1,1): 16 x 24.645 us = 394.32 us (1276.42 GFLOPS/s)
GDN_CACHE GATED_DELTA_NET: 48 x 14.065 us = 675.12 us
GET_ROWS: 50 x 26.892 us = 1344.6 us
GLU: 64 x 3.263 us = 208.88 us
MUL_MAT f32 m=256 n=120 k=256: 16 x 2.127 us = 34.04 us (7378.58 GFLOPS/s)
MUL_MAT f32 m=256 n=20 k=256: 16 x 2.747 us = 43.96 us (952.255 GFLOPS/s)
MUL_MAT f32 m=64 n=480 k=64: 16 x 4.432 us = 70.92 us (880.19 GFLOPS/s)
MUL_MAT f32 m=64 n=80 k=64: 16 x 4.277 us = 68.44 us (152.014 GFLOPS/s)
MUL_MAT_ADD MUL_MAT_VEC q6_K m=5120 n=5 k=17408: 64 x 152.105 us = 9734.77 us (5859.5 GFLOPS/s)
MUL_MAT_ADD MUL_MAT_VEC q6_K m=5120 n=5 k=6144: 16 x 66.85 us = 1069.6 us (4705.27 GFLOPS/s)
MUL_MAT_VEC f32 m=48 n=5 k=5120: 96 x 4.653 us = 446.72 us (528.086 GFLOPS/s)
MUL_MAT_VEC q6_K m=1024 n=5 k=5120: 32 x 11.705 us = 374.56 us (4478.74 GFLOPS/s)
MUL_MAT_VEC q6_K m=10240 n=5 k=5120: 48 x 106.42 us = 5108.16 us (4926.11 GFLOPS/s)
MUL_MAT_VEC q6_K m=12288 n=5 k=5120: 16 x 133.977 us = 2143.64 us (4695.45 GFLOPS/s)
MUL_MAT_VEC q6_K m=17408 n=5 k=5120: 128 x 179.002 us = 22912.4 us (4978.71 GFLOPS/s)
MUL_MAT_VEC q6_K m=248320 n=5 k=5120: 1 x 1970.4 us = 1970.4 us (6451.86 GFLOPS/s)
MUL_MAT_VEC q6_K m=6144 n=5 k=5120: 48 x 70.5 us = 3384 us (4461.59 GFLOPS/s)
MUL_MAT_VEC q8_0 m=5120 n=5 k=6144: 48 x 64.96 us = 3118.08 us (4842.17 GFLOPS/s)
RMS_NORM_MUL RMS_NORM(256,24,5,1): 16 x 3.877 us = 62.04 us
RMS_NORM_MUL RMS_NORM(256,4,5,1): 16 x 4.395 us = 70.32 us
RMS_NORM_MUL RMS_NORM(5120,5,1,1): 129 x 5.477 us = 706.56 us
RMS_NORM_MUL_SILU_MUL RMS_NORM(128,48,5,1): 48 x 6.553 us = 314.56 us
RMS_NORM_SCALE RMS_NORM(128,16,5,1): 96 x 2.587 us = 248.44 us
ROPE: 32 x 4.777 us = 152.88 us
SET_ROWS: 32 x 3.338 us = 106.84 us
SIGMOID_MUL SIGMOID: 16 x 4.032 us = 64.52 us
SSM_CONV_SILU SSM_CONV: 48 x 6.239 us = 299.48 us
Total time: 56180.2 us.
----------------
Vulkan Timings:
CONCAT: 1 x 2.12 us = 2.12 us
CONT: 1 x 3.4 us = 3.4 us
FLASH_ATTN_EXT dst(256,24,5,1),  q(256,5,24,1),  k(256,256,4,1),  v(256,256,4,1),  m(256,5,1,1): 1 x 22 us = 22 us (1429.88 GFLOPS/s)
GLU: 1 x 1.56 us = 1.56 us
MUL_MAT f32 m=256 n=120 k=256: 1 x 1.6 us = 1.6 us (9811.2 GFLOPS/s)
MUL_MAT f32 m=256 n=20 k=256: 1 x 2.92 us = 2.92 us (896 GFLOPS/s)
MUL_MAT f32 m=64 n=480 k=64: 1 x 3.32 us = 3.32 us (1175.13 GFLOPS/s)
MUL_MAT f32 m=64 n=80 k=64: 1 x 3.28 us = 3.28 us (198.244 GFLOPS/s)
MUL_MAT_ADD MUL_MAT_VEC q6_K m=5120 n=5 k=17408: 1 x 176.59 us = 176.59 us (5047.08 GFLOPS/s)
MUL_MAT_ADD MUL_MAT_VEC q6_K m=5120 n=5 k=6144: 1 x 70.4 us = 70.4 us (4468 GFLOPS/s)
MUL_MAT_VEC q6_K m=1024 n=5 k=5120: 2 x 12.5 us = 25 us (4193.89 GFLOPS/s)
MUL_MAT_VEC q6_K m=12288 n=5 k=5120: 1 x 149.25 us = 149.25 us (4214.97 GFLOPS/s)
MUL_MAT_VEC q6_K m=17408 n=5 k=5120: 2 x 158.02 us = 316.04 us (5639.81 GFLOPS/s)
MUL_MAT_VEC q8_0 m=5120 n=5 k=10240: 1 x 114.92 us = 114.92 us (4561.98 GFLOPS/s)
RMS_NORM_MUL RMS_NORM(256,24,5,1): 1 x 3.44 us = 3.44 us
RMS_NORM_MUL RMS_NORM(256,4,5,1): 1 x 3.4 us = 3.4 us
RMS_NORM_MUL RMS_NORM(5120,5,1,1): 5 x 9.372 us = 46.86 us
ROPE: 2 x 3.36 us = 6.72 us
SET_ROWS: 2 x 1.78 us = 3.56 us
SIGMOID_MUL SIGMOID: 1 x 1.84 us = 1.84 us
Total time: 958.22 us.
----------------
Vulkan Timings:
CONCAT: 1 x 1.52 us = 1.52 us
CONT: 1 x 3.72 us = 3.72 us
FLASH_ATTN_EXT dst(256,24,1,1),  q(256,1,24,1),  k(256,256,4,1),  v(256,256,4,1),  m(256,1,1,1): 1 x 12.92 us = 12.92 us (486.955 GFLOPS/s)
GET_ROWS: 2 x 7.72 us = 15.44 us
GLU: 1 x 1.72 us = 1.72 us
MUL_MAT f32 m=256 n=24 k=256: 1 x 1.6 us = 1.6 us (1962.24 GFLOPS/s)
MUL_MAT f32 m=64 n=16 k=64: 1 x 1.8 us = 1.8 us (72.2489 GFLOPS/s)
MUL_MAT f32 m=64 n=96 k=64: 1 x 3.4 us = 3.4 us (229.496 GFLOPS/s)
MUL_MAT_ADD MUL_MAT_VEC q6_K m=5120 n=1 k=17408: 1 x 130.24 us = 130.24 us (1368.65 GFLOPS/s)
MUL_MAT_ADD MUL_MAT_VEC q6_K m=5120 n=1 k=6144: 1 x 54.16 us = 54.16 us (1161.55 GFLOPS/s)
MUL_MAT_VEC f32 m=256 n=4 k=256: 1 x 3.12 us = 3.12 us (167.713 GFLOPS/s)
MUL_MAT_VEC q6_K m=1024 n=1 k=5120: 2 x 9.24 us = 18.48 us (1134.71 GFLOPS/s)
MUL_MAT_VEC q6_K m=12288 n=1 k=5120: 1 x 89.48 us = 89.48 us (1406.09 GFLOPS/s)
MUL_MAT_VEC q6_K m=17408 n=1 k=5120: 2 x 118.42 us = 236.84 us (1505.16 GFLOPS/s)
MUL_MAT_VEC q6_K m=98304 n=1 k=5120: 1 x 676.74 us = 676.74 us (1487.33 GFLOPS/s)
MUL_MAT_VEC q8_0 m=5120 n=1 k=10240: 1 x 91.84 us = 91.84 us (1141.69 GFLOPS/s)
PAD: 1 x 6.4 us = 6.4 us
RMS_NORM_MUL RMS_NORM(256,24,1,1): 1 x 3.2 us = 3.2 us
RMS_NORM_MUL RMS_NORM(256,4,1,1): 1 x 4.88 us = 4.88 us
RMS_NORM_MUL RMS_NORM(5120,1,1,1): 5 x 4.904 us = 24.52 us
ROPE: 2 x 3.32 us = 6.64 us
SET_ROWS: 2 x 2.64 us = 5.28 us
SIGMOID_MUL SIGMOID: 1 x 1.64 us = 1.64 us
TOP_K K=10 (98304,1,1,1): 1 x 9.52 us = 9.52 us
Total time: 1405.1 us.
----------------
Vulkan Timings:
CONCAT: 1 x 4.32 us = 4.32 us
CONT: 1 x 4.48 us = 4.48 us
FLASH_ATTN_EXT dst(256,24,1,1),  q(256,1,24,1),  k(256,256,4,1),  v(256,256,4,1),  m(256,1,1,1): 1 x 15.68 us = 15.68 us (401.241 GFLOPS/s)
GET_ROWS: 2 x 5.82 us = 11.64 us
GLU: 1 x 2.16 us = 2.16 us
MUL_MAT f32 m=256 n=24 k=256: 1 x 2.12 us = 2.12 us (1480.94 GFLOPS/s)
MUL_MAT f32 m=64 n=16 k=64: 1 x 4.48 us = 4.48 us (29.0286 GFLOPS/s)
MUL_MAT f32 m=64 n=96 k=64: 1 x 4.48 us = 4.48 us (174.171 GFLOPS/s)
MUL_MAT_ADD MUL_MAT_VEC q6_K m=5120 n=1 k=17408: 1 x 125.4 us = 125.4 us (1421.47 GFLOPS/s)
MUL_MAT_ADD MUL_MAT_VEC q6_K m=5120 n=1 k=6144: 1 x 56.84 us = 56.84 us (1106.78 GFLOPS/s)
MUL_MAT_VEC f32 m=256 n=4 k=256: 1 x 3.8 us = 3.8 us (137.701 GFLOPS/s)
MUL_MAT_VEC q6_K m=1024 n=1 k=5120: 2 x 9.8 us = 19.6 us (1069.87 GFLOPS/s)
MUL_MAT_VEC q6_K m=12288 n=1 k=5120: 1 x 86.76 us = 86.76 us (1450.17 GFLOPS/s)
MUL_MAT_VEC q6_K m=17408 n=1 k=5120: 2 x 122.74 us = 245.48 us (1452.18 GFLOPS/s)
MUL_MAT_VEC q6_K m=98304 n=1 k=5120: 1 x 681.19 us = 681.19 us (1477.61 GFLOPS/s)
MUL_MAT_VEC q8_0 m=5120 n=1 k=10240: 1 x 105.24 us = 105.24 us (996.318 GFLOPS/s)
PAD: 1 x 8.24 us = 8.24 us
RMS_NORM_MUL RMS_NORM(256,24,1,1): 1 x 4.44 us = 4.44 us
RMS_NORM_MUL RMS_NORM(256,4,1,1): 1 x 4.48 us = 4.48 us
RMS_NORM_MUL RMS_NORM(5120,1,1,1): 5 x 4.4 us = 22 us
ROPE: 2 x 4.5 us = 9 us
SET_ROWS: 2 x 3.26 us = 6.52 us
SIGMOID_MUL SIGMOID: 1 x 2.32 us = 2.32 us
TOP_K K=10 (98304,1,1,1): 1 x 11.64 us = 11.64 us
Total time: 1442.31 us.
----------------
Vulkan Timings:
CONCAT: 1 x 2.64 us = 2.64 us
CONT: 1 x 5.88 us = 5.88 us
FLASH_ATTN_EXT dst(256,24,1,1),  q(256,1,24,1),  k(256,256,4,1),  v(256,256,4,1),  m(256,1,1,1): 1 x 21.16 us = 21.16 us (297.328 GFLOPS/s)
GET_ROWS: 2 x 7.04 us = 14.08 us
GLU: 1 x 2.32 us = 2.32 us
MUL_MAT f32 m=256 n=24 k=256: 1 x 2.6 us = 2.6 us (1207.53 GFLOPS/s)
MUL_MAT f32 m=64 n=16 k=64: 1 x 5.92 us = 5.92 us (21.9676 GFLOPS/s)
MUL_MAT f32 m=64 n=96 k=64: 1 x 5.84 us = 5.84 us (133.611 GFLOPS/s)
MUL_MAT_ADD MUL_MAT_VEC q6_K m=5120 n=1 k=17408: 1 x 129.96 us = 129.96 us (1371.6 GFLOPS/s)
MUL_MAT_ADD MUL_MAT_VEC q6_K m=5120 n=1 k=6144: 1 x 60.76 us = 60.76 us (1035.38 GFLOPS/s)
MUL_MAT_VEC f32 m=256 n=4 k=256: 1 x 5.04 us = 5.04 us (103.822 GFLOPS/s)
MUL_MAT_VEC q6_K m=1024 n=1 k=5120: 2 x 11.1 us = 22.2 us (944.571 GFLOPS/s)
MUL_MAT_VEC q6_K m=12288 n=1 k=5120: 1 x 89.4 us = 89.4 us (1407.35 GFLOPS/s)
MUL_MAT_VEC q6_K m=17408 n=1 k=5120: 2 x 125.96 us = 251.92 us (1415.06 GFLOPS/s)
MUL_MAT_VEC q6_K m=98304 n=1 k=5120: 1 x 684.63 us = 684.63 us (1470.19 GFLOPS/s)
MUL_MAT_VEC q8_0 m=5120 n=1 k=10240: 1 x 111.32 us = 111.32 us (941.902 GFLOPS/s)
PAD: 1 x 9.6 us = 9.6 us
RMS_NORM_MUL RMS_NORM(256,24,1,1): 1 x 5.88 us = 5.88 us
RMS_NORM_MUL RMS_NORM(256,4,1,1): 1 x 5.88 us = 5.88 us
RMS_NORM_MUL RMS_NORM(5120,1,1,1): 5 x 6.448 us = 32.24 us
ROPE: 2 x 5.8 us = 11.6 us
SET_ROWS: 2 x 4.24 us = 8.48 us
SIGMOID_MUL SIGMOID: 1 x 2.72 us = 2.72 us
TOP_K K=10 (98304,1,1,1): 1 x 15.16 us = 15.16 us
Total time: 1507.23 us.
----------------
Vulkan Timings:
CONCAT: 1 x 2.68 us = 2.68 us
CONT: 1 x 5.88 us = 5.88 us
FLASH_ATTN_EXT dst(256,24,1,1),  q(256,1,24,1),  k(256,256,4,1),  v(256,256,4,1),  m(256,1,1,1): 1 x 25.12 us = 25.12 us (250.456 GFLOPS/s)
GET_ROWS: 2 x 6.96 us = 13.92 us
GLU: 1 x 2.36 us = 2.36 us
MUL_MAT f32 m=256 n=24 k=256: 1 x 2.6 us = 2.6 us (1207.53 GFLOPS/s)
MUL_MAT f32 m=64 n=16 k=64: 1 x 5.88 us = 5.88 us (22.117 GFLOPS/s)
MUL_MAT f32 m=64 n=96 k=64: 1 x 2.24 us = 2.24 us (348.343 GFLOPS/s)
MUL_MAT_ADD MUL_MAT_VEC q6_K m=5120 n=1 k=17408: 1 x 129.16 us = 129.16 us (1380.09 GFLOPS/s)
MUL_MAT_ADD MUL_MAT_VEC q6_K m=5120 n=1 k=6144: 1 x 61.4 us = 61.4 us (1024.58 GFLOPS/s)
MUL_MAT_VEC f32 m=256 n=4 k=256: 1 x 5.04 us = 5.04 us (103.822 GFLOPS/s)
MUL_MAT_VEC q6_K m=1024 n=1 k=5120: 2 x 11.18 us = 22.36 us (937.812 GFLOPS/s)
MUL_MAT_VEC q6_K m=12288 n=1 k=5120: 1 x 88.08 us = 88.08 us (1428.44 GFLOPS/s)
MUL_MAT_VEC q6_K m=17408 n=1 k=5120: 2 x 126.34 us = 252.68 us (1410.8 GFLOPS/s)
MUL_MAT_VEC q6_K m=98304 n=1 k=5120: 1 x 683.81 us = 683.81 us (1471.95 GFLOPS/s)
MUL_MAT_VEC q8_0 m=5120 n=1 k=10240: 1 x 111.76 us = 111.76 us (938.193 GFLOPS/s)
PAD: 1 x 9.4 us = 9.4 us
RMS_NORM_MUL RMS_NORM(256,24,1,1): 1 x 5.8 us = 5.8 us
RMS_NORM_MUL RMS_NORM(256,4,1,1): 1 x 5.84 us = 5.84 us
RMS_NORM_MUL RMS_NORM(5120,1,1,1): 5 x 6.376 us = 31.88 us
ROPE: 2 x 5.82 us = 11.64 us
SET_ROWS: 2 x 2.66 us = 5.32 us
SIGMOID_MUL SIGMOID: 1 x 6 us = 6 us
TOP_K K=10 (98304,1,1,1): 1 x 14.64 us = 14.64 us
Total time: 1505.49 us.
----------------
Vulkan Timings:
ADD: 48 x 3.73 us = 179.04 us
CONCAT: 48 x 2.81 us = 134.88 us
CONT: 16 x 3.932 us = 62.92 us
CPY: 240 x 2.793 us = 670.36 us
FLASH_ATTN_EXT dst(256,24,5,1),  q(256,5,24,1),  k(256,256,4,1),  v(256,256,4,1),  m(256,5,1,1): 16 x 23.787 us = 380.6 us (1322.43 GFLOPS/s)
GDN_CACHE GATED_DELTA_NET: 48 x 14.217 us = 682.44 us
GET_ROWS: 50 x 26.529 us = 1326.48 us
GLU: 64 x 3.219 us = 206.04 us
MUL_MAT f32 m=256 n=120 k=256: 16 x 2.237 us = 35.8 us (7015.83 GFLOPS/s)
MUL_MAT f32 m=256 n=20 k=256: 16 x 3.582 us = 57.32 us (730.306 GFLOPS/s)
MUL_MAT f32 m=64 n=480 k=64: 16 x 4.855 us = 77.68 us (803.592 GFLOPS/s)
MUL_MAT f32 m=64 n=80 k=64: 16 x 3.922 us = 62.76 us (165.772 GFLOPS/s)
MUL_MAT_ADD MUL_MAT_VEC q6_K m=5120 n=5 k=17408: 64 x 152.468 us = 9758 us (5845.55 GFLOPS/s)
MUL_MAT_ADD MUL_MAT_VEC q6_K m=5120 n=5 k=6144: 16 x 66.707 us = 1067.32 us (4715.32 GFLOPS/s)
MUL_MAT_VEC f32 m=48 n=5 k=5120: 96 x 4.787 us = 459.56 us (513.331 GFLOPS/s)
MUL_MAT_VEC q6_K m=1024 n=5 k=5120: 32 x 11.683 us = 373.88 us (4486.89 GFLOPS/s)
MUL_MAT_VEC q6_K m=10240 n=5 k=5120: 48 x 107.03 us = 5137.48 us (4898 GFLOPS/s)
MUL_MAT_VEC q6_K m=12288 n=5 k=5120: 16 x 134.22 us = 2147.52 us (4686.96 GFLOPS/s)
MUL_MAT_VEC q6_K m=17408 n=5 k=5120: 128 x 180.069 us = 23048.8 us (4949.23 GFLOPS/s)
MUL_MAT_VEC q6_K m=248320 n=5 k=5120: 1 x 1968.28 us = 1968.28 us (6458.81 GFLOPS/s)
MUL_MAT_VEC q6_K m=6144 n=5 k=5120: 48 x 70.621 us = 3389.84 us (4453.9 GFLOPS/s)
MUL_MAT_VEC q8_0 m=5120 n=5 k=6144: 48 x 65.488 us = 3143.44 us (4803.1 GFLOPS/s)
RMS_NORM_MUL RMS_NORM(256,24,5,1): 16 x 3.465 us = 55.44 us
RMS_NORM_MUL RMS_NORM(256,4,5,1): 16 x 4.507 us = 72.12 us
RMS_NORM_MUL RMS_NORM(5120,5,1,1): 129 x 5.666 us = 730.96 us
RMS_NORM_MUL_SILU_MUL RMS_NORM(128,48,5,1): 48 x 6.09 us = 292.36 us
RMS_NORM_SCALE RMS_NORM(128,16,5,1): 96 x 2.507 us = 240.72 us
ROPE: 32 x 4.995 us = 159.84 us
SET_ROWS: 32 x 3.297 us = 105.52 us
SIGMOID_MUL SIGMOID: 16 x 4.065 us = 65.04 us
SSM_CONV_SILU SSM_CONV: 48 x 6.133 us = 294.4 us
Total time: 56386.9 us.
----------------
Vulkan Timings:
CONCAT: 1 x 3.96 us = 3.96 us
CONT: 1 x 3.4 us = 3.4 us
FLASH_ATTN_EXT dst(256,24,5,1),  q(256,5,24,1),  k(256,256,4,1),  v(256,256,4,1),  m(256,5,1,1): 1 x 21.36 us = 21.36 us (1472.72 GFLOPS/s)
GLU: 1 x 1.72 us = 1.72 us
MUL_MAT f32 m=256 n=120 k=256: 1 x 1.56 us = 1.56 us (10062.8 GFLOPS/s)
MUL_MAT f32 m=256 n=20 k=256: 1 x 2.92 us = 2.92 us (896 GFLOPS/s)
MUL_MAT f32 m=64 n=480 k=64: 1 x 3.32 us = 3.32 us (1175.13 GFLOPS/s)
MUL_MAT f32 m=64 n=80 k=64: 1 x 3.32 us = 3.32 us (195.855 GFLOPS/s)
MUL_MAT_ADD MUL_MAT_VEC q6_K m=5120 n=5 k=17408: 1 x 192.16 us = 192.16 us (4638.13 GFLOPS/s)
MUL_MAT_ADD MUL_MAT_VEC q6_K m=5120 n=5 k=6144: 1 x 69.04 us = 69.04 us (4556.01 GFLOPS/s)
MUL_MAT_VEC q6_K m=1024 n=5 k=5120: 2 x 11.5 us = 23 us (4558.58 GFLOPS/s)
MUL_MAT_VEC q6_K m=12288 n=5 k=5120: 1 x 165.74 us = 165.74 us (3795.61 GFLOPS/s)
MUL_MAT_VEC q6_K m=17408 n=5 k=5120: 2 x 158 us = 316 us (5640.52 GFLOPS/s)
MUL_MAT_VEC q8_0 m=5120 n=5 k=10240: 1 x 115.56 us = 115.56 us (4536.71 GFLOPS/s)
RMS_NORM_MUL RMS_NORM(256,24,5,1): 1 x 5.8 us = 5.8 us
RMS_NORM_MUL RMS_NORM(256,4,5,1): 1 x 3.4 us = 3.4 us
RMS_NORM_MUL RMS_NORM(5120,5,1,1): 5 x 8.598 us = 42.99 us
ROPE: 2 x 3.42 us = 6.84 us
SET_ROWS: 2 x 1.78 us = 3.56 us
SIGMOID_MUL SIGMOID: 1 x 2.52 us = 2.52 us
Total time: 988.17 us.
----------------
Vulkan Timings:
CONCAT: 1 x 3.68 us = 3.68 us
CONT: 1 x 3.52 us = 3.52 us
FLASH_ATTN_EXT dst(256,24,1,1),  q(256,1,24,1),  k(256,256,4,1),  v(256,256,4,1),  m(256,1,1,1): 1 x 12.44 us = 12.44 us (505.744 GFLOPS/s)
GET_ROWS: 2 x 4.54 us = 9.08 us
GLU: 1 x 1.64 us = 1.64 us
MUL_MAT f32 m=256 n=24 k=256: 1 x 1.6 us = 1.6 us (1962.24 GFLOPS/s)
MUL_MAT f32 m=64 n=16 k=64: 1 x 3.68 us = 3.68 us (35.3391 GFLOPS/s)
MUL_MAT f32 m=64 n=96 k=64: 1 x 3.2 us = 3.2 us (243.84 GFLOPS/s)
MUL_MAT_ADD MUL_MAT_VEC q6_K m=5120 n=1 k=17408: 1 x 130.36 us = 130.36 us (1367.39 GFLOPS/s)
MUL_MAT_ADD MUL_MAT_VEC q6_K m=5120 n=1 k=6144: 1 x 53.8 us = 53.8 us (1169.32 GFLOPS/s)
MUL_MAT_VEC f32 m=256 n=4 k=256: 1 x 3 us = 3 us (174.421 GFLOPS/s)
MUL_MAT_VEC q6_K m=1024 n=1 k=5120: 2 x 9.22 us = 18.44 us (1137.17 GFLOPS/s)
MUL_MAT_VEC q6_K m=12288 n=1 k=5120: 1 x 89.92 us = 89.92 us (1399.21 GFLOPS/s)
MUL_MAT_VEC q6_K m=17408 n=1 k=5120: 2 x 118.14 us = 236.28 us (1508.72 GFLOPS/s)
MUL_MAT_VEC q6_K m=98304 n=1 k=5120: 1 x 675.46 us = 675.46 us (1490.15 GFLOPS/s)
MUL_MAT_VEC q8_0 m=5120 n=1 k=10240: 1 x 91.2 us = 91.2 us (1149.7 GFLOPS/s)
PAD: 1 x 6.32 us = 6.32 us
RMS_NORM_MUL RMS_NORM(256,24,1,1): 1 x 3.2 us = 3.2 us
RMS_NORM_MUL RMS_NORM(256,4,1,1): 1 x 3.52 us = 3.52 us
RMS_NORM_MUL RMS_NORM(5120,1,1,1): 5 x 4.352 us = 21.76 us
ROPE: 2 x 3.34 us = 6.68 us
SET_ROWS: 2 x 2.6 us = 5.2 us
SIGMOID_MUL SIGMOID: 1 x 1.56 us = 1.56 us
TOP_K K=10 (98304,1,1,1): 1 x 8.6 us = 8.6 us
Total time: 1394.14 us.
----------------
Vulkan Timings:
CONCAT: 1 x 3.8 us = 3.8 us
CONT: 1 x 3.72 us = 3.72 us
FLASH_ATTN_EXT dst(256,24,1,1),  q(256,1,24,1),  k(256,256,4,1),  v(256,256,4,1),  m(256,1,1,1): 1 x 15.76 us = 15.76 us (399.204 GFLOPS/s)
GET_ROWS: 2 x 4.7 us = 9.4 us
GLU: 1 x 1.92 us = 1.92 us
MUL_MAT f32 m=256 n=24 k=256: 1 x 2.24 us = 2.24 us (1401.6 GFLOPS/s)
MUL_MAT f32 m=64 n=16 k=64: 1 x 3.64 us = 3.64 us (35.7275 GFLOPS/s)
MUL_MAT f32 m=64 n=96 k=64: 1 x 3.68 us = 3.68 us (212.035 GFLOPS/s)
MUL_MAT_ADD MUL_MAT_VEC q6_K m=5120 n=1 k=17408: 1 x 124.44 us = 124.44 us (1432.44 GFLOPS/s)
MUL_MAT_ADD MUL_MAT_VEC q6_K m=5120 n=1 k=6144: 1 x 53.04 us = 53.04 us (1186.08 GFLOPS/s)
MUL_MAT_VEC f32 m=256 n=4 k=256: 1 x 0.76 us = 0.76 us (688.505 GFLOPS/s)
MUL_MAT_VEC q6_K m=1024 n=1 k=5120: 2 x 9.24 us = 18.48 us (1134.71 GFLOPS/s)
MUL_MAT_VEC q6_K m=12288 n=1 k=5120: 1 x 85.96 us = 85.96 us (1463.67 GFLOPS/s)
MUL_MAT_VEC q6_K m=17408 n=1 k=5120: 2 x 121.68 us = 243.36 us (1464.83 GFLOPS/s)
MUL_MAT_VEC q6_K m=98304 n=1 k=5120: 1 x 676.94 us = 676.94 us (1486.89 GFLOPS/s)
MUL_MAT_VEC q8_0 m=5120 n=1 k=10240: 1 x 101.28 us = 101.28 us (1035.27 GFLOPS/s)
PAD: 1 x 9.12 us = 9.12 us
RMS_NORM_MUL RMS_NORM(256,24,1,1): 1 x 3.64 us = 3.64 us
RMS_NORM_MUL RMS_NORM(256,4,1,1): 1 x 3.64 us = 3.64 us
RMS_NORM_MUL RMS_NORM(5120,1,1,1): 5 x 3.8 us = 19 us
ROPE: 2 x 3.62 us = 7.24 us
SET_ROWS: 2 x 2.9 us = 5.8 us
SIGMOID_MUL SIGMOID: 1 x 2.68 us = 2.68 us
TOP_K K=10 (98304,1,1,1): 1 x 7.64 us = 7.64 us
Total time: 1407.18 us.
----------------
Vulkan Timings:
CONCAT: 1 x 4.28 us = 4.28 us
CONT: 1 x 4.36 us = 4.36 us
FLASH_ATTN_EXT dst(256,24,1,1),  q(256,1,24,1),  k(256,256,4,1),  v(256,256,4,1),  m(256,1,1,1): 1 x 15.36 us = 15.36 us (409.6 GFLOPS/s)
GET_ROWS: 2 x 7.32 us = 14.64 us
GLU: 1 x 2.12 us = 2.12 us
MUL_MAT f32 m=256 n=24 k=256: 1 x 2 us = 2 us (1569.79 GFLOPS/s)
MUL_MAT f32 m=64 n=16 k=64: 1 x 4.4 us = 4.4 us (29.5564 GFLOPS/s)
MUL_MAT f32 m=64 n=96 k=64: 1 x 4.36 us = 4.36 us (178.965 GFLOPS/s)
MUL_MAT_ADD MUL_MAT_VEC q6_K m=5120 n=1 k=17408: 1 x 124.32 us = 124.32 us (1433.82 GFLOPS/s)
MUL_MAT_ADD MUL_MAT_VEC q6_K m=5120 n=1 k=6144: 1 x 55.76 us = 55.76 us (1128.22 GFLOPS/s)
MUL_MAT_VEC f32 m=256 n=4 k=256: 1 x 3.72 us = 3.72 us (140.662 GFLOPS/s)
MUL_MAT_VEC q6_K m=1024 n=1 k=5120: 2 x 9.72 us = 19.44 us (1078.68 GFLOPS/s)
MUL_MAT_VEC q6_K m=12288 n=1 k=5120: 1 x 86.84 us = 86.84 us (1448.84 GFLOPS/s)
MUL_MAT_VEC q6_K m=17408 n=1 k=5120: 2 x 122.64 us = 245.28 us (1453.36 GFLOPS/s)
MUL_MAT_VEC q6_K m=98304 n=1 k=5120: 1 x 678.2 us = 678.2 us (1484.13 GFLOPS/s)
MUL_MAT_VEC q8_0 m=5120 n=1 k=10240: 1 x 107.44 us = 107.44 us (975.917 GFLOPS/s)
PAD: 1 x 8.64 us = 8.64 us
RMS_NORM_MUL RMS_NORM(256,24,1,1): 1 x 4.44 us = 4.44 us
RMS_NORM_MUL RMS_NORM(256,4,1,1): 1 x 4.36 us = 4.36 us
RMS_NORM_MUL RMS_NORM(5120,1,1,1): 5 x 4.336 us = 21.68 us
ROPE: 2 x 4.36 us = 8.72 us
SET_ROWS: 2 x 3.24 us = 6.48 us
SIGMOID_MUL SIGMOID: 1 x 2.24 us = 2.24 us
TOP_K K=10 (98304,1,1,1): 1 x 11.76 us = 11.76 us
Total time: 1440.84 us.
----------------
Vulkan Timings:
CONCAT: 1 x 5.76 us = 5.76 us
CONT: 1 x 5.52 us = 5.52 us
FLASH_ATTN_EXT dst(256,24,1,1),  q(256,1,24,1),  k(256,256,4,1),  v(256,256,4,1),  m(256,1,1,1): 1 x 19.72 us = 19.72 us (319.039 GFLOPS/s)
GET_ROWS: 2 x 6.9 us = 13.8 us
GLU: 1 x 2.32 us = 2.32 us
MUL_MAT f32 m=256 n=24 k=256: 1 x 2.4 us = 2.4 us (1308.16 GFLOPS/s)
MUL_MAT f32 m=64 n=16 k=64: 1 x 5.56 us = 5.56 us (23.3899 GFLOPS/s)
MUL_MAT f32 m=64 n=96 k=64: 1 x 5.52 us = 5.52 us (141.357 GFLOPS/s)
MUL_MAT_ADD MUL_MAT_VEC q6_K m=5120 n=1 k=17408: 1 x 129.08 us = 129.08 us (1380.95 GFLOPS/s)
MUL_MAT_ADD MUL_MAT_VEC q6_K m=5120 n=1 k=6144: 1 x 61 us = 61 us (1031.3 GFLOPS/s)
MUL_MAT_VEC f32 m=256 n=4 k=256: 1 x 4.76 us = 4.76 us (109.929 GFLOPS/s)
MUL_MAT_VEC q6_K m=1024 n=1 k=5120: 2 x 10.86 us = 21.72 us (965.445 GFLOPS/s)
MUL_MAT_VEC q6_K m=12288 n=1 k=5120: 1 x 88.76 us = 88.76 us (1417.49 GFLOPS/s)
MUL_MAT_VEC q6_K m=17408 n=1 k=5120: 2 x 125.28 us = 250.56 us (1422.74 GFLOPS/s)
MUL_MAT_VEC q6_K m=98304 n=1 k=5120: 1 x 680.77 us = 680.77 us (1478.52 GFLOPS/s)
MUL_MAT_VEC q8_0 m=5120 n=1 k=10240: 1 x 109.48 us = 109.48 us (957.732 GFLOPS/s)
PAD: 1 x 10.52 us = 10.52 us
RMS_NORM_MUL RMS_NORM(256,24,1,1): 1 x 5.56 us = 5.56 us
RMS_NORM_MUL RMS_NORM(256,4,1,1): 1 x 5.52 us = 5.52 us
RMS_NORM_MUL RMS_NORM(5120,1,1,1): 5 x 5.568 us = 27.84 us
ROPE: 2 x 5.52 us = 11.04 us
SET_ROWS: 2 x 4 us = 8 us
SIGMOID_MUL SIGMOID: 1 x 2.52 us = 2.52 us
TOP_K K=10 (98304,1,1,1): 1 x 15.96 us = 15.96 us
Total time: 1493.69 us.
----------------
Vulkan Timings:
ADD: 48 x 3.783 us = 181.6 us
CONCAT: 48 x 3.094 us = 148.52 us
CONT: 16 x 4.622 us = 73.96 us
CPY: 240 x 2.759 us = 662.36 us
FLASH_ATTN_EXT dst(256,24,5,1),  q(256,5,24,1),  k(256,256,4,1),  v(256,256,4,1),  m(256,5,1,1): 16 x 23.845 us = 381.52 us (1319.24 GFLOPS/s)
GDN_CACHE GATED_DELTA_NET: 48 x 14.152 us = 679.32 us
GET_ROWS: 50 x 26.669 us = 1333.48 us
GLU: 64 x 3.311 us = 211.92 us
MUL_MAT f32 m=256 n=120 k=256: 16 x 2.185 us = 34.96 us (7184.4 GFLOPS/s)
MUL_MAT f32 m=256 n=20 k=256: 16 x 2.34 us = 37.44 us (1118.09 GFLOPS/s)
MUL_MAT f32 m=64 n=480 k=64: 16 x 4.462 us = 71.4 us (874.272 GFLOPS/s)
MUL_MAT f32 m=64 n=80 k=64: 16 x 4.487 us = 71.8 us (144.9 GFLOPS/s)
MUL_MAT_ADD MUL_MAT_VEC q6_K m=5120 n=5 k=17408: 64 x 152.423 us = 9755.08 us (5847.3 GFLOPS/s)
MUL_MAT_ADD MUL_MAT_VEC q6_K m=5120 n=5 k=6144: 16 x 66.342 us = 1061.48 us (4741.26 GFLOPS/s)
MUL_MAT_VEC f32 m=48 n=5 k=5120: 96 x 4.712 us = 452.4 us (521.456 GFLOPS/s)
MUL_MAT_VEC q6_K m=1024 n=5 k=5120: 32 x 11.742 us = 375.76 us (4464.44 GFLOPS/s)
MUL_MAT_VEC q6_K m=10240 n=5 k=5120: 48 x 106.476 us = 5110.88 us (4923.49 GFLOPS/s)
MUL_MAT_VEC q6_K m=12288 n=5 k=5120: 16 x 133.68 us = 2138.88 us (4705.9 GFLOPS/s)
MUL_MAT_VEC q6_K m=17408 n=5 k=5120: 128 x 179.585 us = 22986.9 us (4962.56 GFLOPS/s)
MUL_MAT_VEC q6_K m=248320 n=5 k=5120: 1 x 1955.84 us = 1955.84 us (6499.89 GFLOPS/s)
MUL_MAT_VEC q6_K m=6144 n=5 k=5120: 48 x 70.365 us = 3377.56 us (4470.1 GFLOPS/s)
MUL_MAT_VEC q8_0 m=5120 n=5 k=6144: 48 x 65.286 us = 3133.76 us (4817.94 GFLOPS/s)
RMS_NORM_MUL RMS_NORM(256,24,5,1): 16 x 3.68 us = 58.88 us
RMS_NORM_MUL RMS_NORM(256,4,5,1): 16 x 4.642 us = 74.28 us
RMS_NORM_MUL RMS_NORM(5120,5,1,1): 129 x 5.532 us = 713.68 us
RMS_NORM_MUL_SILU_MUL RMS_NORM(128,48,5,1): 48 x 6.182 us = 296.76 us
RMS_NORM_SCALE RMS_NORM(128,16,5,1): 96 x 2.563 us = 246.08 us
ROPE: 32 x 4.661 us = 149.16 us
SET_ROWS: 32 x 3.651 us = 116.84 us
SIGMOID_MUL SIGMOID: 16 x 4.257 us = 68.12 us
SSM_CONV_SILU SSM_CONV: 48 x 6.03 us = 289.48 us
Total time: 56250.1 us.
----------------
Vulkan Timings:
CONCAT: 1 x 3.96 us = 3.96 us
CONT: 1 x 3.44 us = 3.44 us
FLASH_ATTN_EXT dst(256,24,5,1),  q(256,5,24,1),  k(256,256,4,1),  v(256,256,4,1),  m(256,5,1,1): 1 x 22.72 us = 22.72 us (1384.56 GFLOPS/s)
GLU: 1 x 3.88 us = 3.88 us
MUL_MAT f32 m=256 n=120 k=256: 1 x 1.64 us = 1.64 us (9571.9 GFLOPS/s)
MUL_MAT f32 m=256 n=20 k=256: 1 x 2.92 us = 2.92 us (896 GFLOPS/s)
MUL_MAT f32 m=64 n=480 k=64: 1 x 3.36 us = 3.36 us (1161.14 GFLOPS/s)
MUL_MAT f32 m=64 n=80 k=64: 1 x 3.4 us = 3.4 us (191.247 GFLOPS/s)
MUL_MAT_ADD MUL_MAT_VEC q6_K m=5120 n=5 k=17408: 1 x 173.48 us = 173.48 us (5137.56 GFLOPS/s)
MUL_MAT_ADD MUL_MAT_VEC q6_K m=5120 n=5 k=6144: 1 x 69.84 us = 69.84 us (4503.83 GFLOPS/s)
MUL_MAT_VEC q6_K m=1024 n=5 k=5120: 2 x 11.5 us = 23 us (4558.58 GFLOPS/s)
MUL_MAT_VEC q6_K m=12288 n=5 k=5120: 1 x 149.99 us = 149.99 us (4194.17 GFLOPS/s)
MUL_MAT_VEC q6_K m=17408 n=5 k=5120: 2 x 157.82 us = 315.64 us (5646.96 GFLOPS/s)
MUL_MAT_VEC q8_0 m=5120 n=5 k=10240: 1 x 113.04 us = 113.04 us (4637.85 GFLOPS/s)
RMS_NORM_MUL RMS_NORM(256,24,5,1): 1 x 5.76 us = 5.76 us
RMS_NORM_MUL RMS_NORM(256,4,5,1): 1 x 3.36 us = 3.36 us
RMS_NORM_MUL RMS_NORM(5120,5,1,1): 5 x 8.812 us = 44.06 us
ROPE: 2 x 3.32 us = 6.64 us
SET_ROWS: 2 x 1.8 us = 3.6 us
SIGMOID_MUL SIGMOID: 1 x 1.88 us = 1.88 us
Total time: 955.61 us.
----------------
Vulkan Timings:
CONCAT: 1 x 1.72 us = 1.72 us
CONT: 1 x 4.04 us = 4.04 us
FLASH_ATTN_EXT dst(256,24,1,1),  q(256,1,24,1),  k(256,256,4,1),  v(256,256,4,1),  m(256,1,1,1): 1 x 14.24 us = 14.24 us (441.816 GFLOPS/s)
GET_ROWS: 2 x 6.98 us = 13.96 us
GLU: 1 x 2.04 us = 2.04 us
MUL_MAT f32 m=256 n=24 k=256: 1 x 2.44 us = 2.44 us (1286.71 GFLOPS/s)
MUL_MAT f32 m=64 n=16 k=64: 1 x 3.68 us = 3.68 us (35.3391 GFLOPS/s)
MUL_MAT f32 m=64 n=96 k=64: 1 x 3.72 us = 3.72 us (209.755 GFLOPS/s)
MUL_MAT_ADD MUL_MAT_VEC q6_K m=5120 n=1 k=17408: 1 x 132.16 us = 132.16 us (1348.77 GFLOPS/s)
MUL_MAT_ADD MUL_MAT_VEC q6_K m=5120 n=1 k=6144: 1 x 55.84 us = 55.84 us (1126.6 GFLOPS/s)
MUL_MAT_VEC f32 m=256 n=4 k=256: 1 x 0.88 us = 0.88 us (594.618 GFLOPS/s)
MUL_MAT_VEC q6_K m=1024 n=1 k=5120: 2 x 9.82 us = 19.64 us (1067.69 GFLOPS/s)
MUL_MAT_VEC q6_K m=12288 n=1 k=5120: 1 x 91.12 us = 91.12 us (1380.78 GFLOPS/s)
MUL_MAT_VEC q6_K m=17408 n=1 k=5120: 2 x 118.62 us = 237.24 us (1502.62 GFLOPS/s)
MUL_MAT_VEC q6_K m=98304 n=1 k=5120: 1 x 681.6 us = 681.6 us (1476.72 GFLOPS/s)
MUL_MAT_VEC q8_0 m=5120 n=1 k=10240: 1 x 93.72 us = 93.72 us (1118.78 GFLOPS/s)
PAD: 1 x 7.32 us = 7.32 us
RMS_NORM_MUL RMS_NORM(256,24,1,1): 1 x 3.68 us = 3.68 us
RMS_NORM_MUL RMS_NORM(256,4,1,1): 1 x 4 us = 4 us
RMS_NORM_MUL RMS_NORM(5120,1,1,1): 5 x 5.28 us = 26.4 us
ROPE: 2 x 3.82 us = 7.64 us
SET_ROWS: 2 x 4.26 us = 8.52 us
SIGMOID_MUL SIGMOID: 1 x 1.8 us = 1.8 us
TOP_K K=10 (98304,1,1,1): 1 x 11.52 us = 11.52 us
Total time: 1428.92 us.
----------------
Vulkan Timings:
CONCAT: 1 x 2.64 us = 2.64 us
CONT: 1 x 5.64 us = 5.64 us
FLASH_ATTN_EXT dst(256,24,1,1),  q(256,1,24,1),  k(256,256,4,1),  v(256,256,4,1),  m(256,1,1,1): 1 x 19.68 us = 19.68 us (319.688 GFLOPS/s)
GET_ROWS: 2 x 7 us = 14 us
GLU: 1 x 2.52 us = 2.52 us
MUL_MAT f32 m=256 n=24 k=256: 1 x 2.44 us = 2.44 us (1286.71 GFLOPS/s)
MUL_MAT f32 m=64 n=16 k=64: 1 x 5.28 us = 5.28 us (24.6303 GFLOPS/s)
MUL_MAT f32 m=64 n=96 k=64: 1 x 5.2 us = 5.2 us (150.055 GFLOPS/s)
MUL_MAT_ADD MUL_MAT_VEC q6_K m=5120 n=1 k=17408: 1 x 130.36 us = 130.36 us (1367.39 GFLOPS/s)
MUL_MAT_ADD MUL_MAT_VEC q6_K m=5120 n=1 k=6144: 1 x 61 us = 61 us (1031.3 GFLOPS/s)
MUL_MAT_VEC f32 m=256 n=4 k=256: 1 x 5 us = 5 us (104.653 GFLOPS/s)
MUL_MAT_VEC q6_K m=1024 n=1 k=5120: 2 x 11.08 us = 22.16 us (946.276 GFLOPS/s)
MUL_MAT_VEC q6_K m=12288 n=1 k=5120: 1 x 88.92 us = 88.92 us (1414.94 GFLOPS/s)
MUL_MAT_VEC q6_K m=17408 n=1 k=5120: 2 x 125.9 us = 251.8 us (1415.73 GFLOPS/s)
MUL_MAT_VEC q6_K m=98304 n=1 k=5120: 1 x 684.74 us = 684.74 us (1469.95 GFLOPS/s)
MUL_MAT_VEC q8_0 m=5120 n=1 k=10240: 1 x 113.52 us = 113.52 us (923.648 GFLOPS/s)
PAD: 1 x 9.6 us = 9.6 us
RMS_NORM_MUL RMS_NORM(256,24,1,1): 1 x 5.2 us = 5.2 us
RMS_NORM_MUL RMS_NORM(256,4,1,1): 1 x 5.64 us = 5.64 us
RMS_NORM_MUL RMS_NORM(5120,1,1,1): 5 x 7.456 us = 37.28 us
ROPE: 2 x 5.38 us = 10.76 us
SET_ROWS: 2 x 4.16 us = 8.32 us
SIGMOID_MUL SIGMOID: 1 x 2.44 us = 2.44 us
TOP_K K=10 (98304,1,1,1): 1 x 15.8 us = 15.8 us
Total time: 1509.94 us.
----------------
Vulkan Timings:
CONCAT: 1 x 2.64 us = 2.64 us
CONT: 1 x 2.2 us = 2.2 us
FLASH_ATTN_EXT dst(256,24,1,1),  q(256,1,24,1),  k(256,256,4,1),  v(256,256,4,1),  m(256,1,1,1): 1 x 20.64 us = 20.64 us (304.819 GFLOPS/s)
GET_ROWS: 2 x 6.94 us = 13.88 us
GLU: 1 x 2.48 us = 2.48 us
MUL_MAT f32 m=256 n=24 k=256: 1 x 2.56 us = 2.56 us (1226.4 GFLOPS/s)
MUL_MAT f32 m=64 n=16 k=64: 1 x 5.88 us = 5.88 us (22.117 GFLOPS/s)
MUL_MAT f32 m=64 n=96 k=64: 1 x 8.72 us = 8.72 us (89.4826 GFLOPS/s)
MUL_MAT_ADD MUL_MAT_VEC q6_K m=5120 n=1 k=17408: 1 x 130.04 us = 130.04 us (1370.75 GFLOPS/s)
MUL_MAT_ADD MUL_MAT_VEC q6_K m=5120 n=1 k=6144: 1 x 60.96 us = 60.96 us (1031.98 GFLOPS/s)
MUL_MAT_VEC f32 m=256 n=4 k=256: 1 x 5.04 us = 5.04 us (103.822 GFLOPS/s)
MUL_MAT_VEC q6_K m=1024 n=1 k=5120: 2 x 10.88 us = 21.76 us (963.671 GFLOPS/s)
MUL_MAT_VEC q6_K m=12288 n=1 k=5120: 1 x 89.76 us = 89.76 us (1401.7 GFLOPS/s)
MUL_MAT_VEC q6_K m=17408 n=1 k=5120: 2 x 126.22 us = 252.44 us (1412.14 GFLOPS/s)
MUL_MAT_VEC q6_K m=98304 n=1 k=5120: 1 x 686.67 us = 686.67 us (1465.82 GFLOPS/s)
MUL_MAT_VEC q8_0 m=5120 n=1 k=10240: 1 x 111.36 us = 111.36 us (941.563 GFLOPS/s)
PAD: 1 x 8.72 us = 8.72 us
RMS_NORM_MUL RMS_NORM(256,24,1,1): 1 x 5.84 us = 5.84 us
RMS_NORM_MUL RMS_NORM(256,4,1,1): 1 x 5.8 us = 5.8 us
RMS_NORM_MUL RMS_NORM(5120,1,1,1): 5 x 6.472 us = 32.36 us
ROPE: 2 x 5.8 us = 11.6 us
SET_ROWS: 2 x 4.24 us = 8.48 us
SIGMOID_MUL SIGMOID: 1 x 2.76 us = 2.76 us
TOP_K K=10 (98304,1,1,1): 1 x 15.44 us = 15.44 us
Total time: 1508.03 us.
----------------
Vulkan Timings:
CONCAT: 1 x 2.72 us = 2.72 us
CONT: 1 x 5.88 us = 5.88 us
FLASH_ATTN_EXT dst(256,24,1,1),  q(256,1,24,1),  k(256,256,4,1),  v(256,256,4,1),  m(256,1,1,1): 1 x 20.92 us = 20.92 us (300.739 GFLOPS/s)
GET_ROWS: 2 x 7.04 us = 14.08 us
GLU: 1 x 2.36 us = 2.36 us
MUL_MAT f32 m=256 n=24 k=256: 1 x 2.6 us = 2.6 us (1207.53 GFLOPS/s)
MUL_MAT f32 m=64 n=16 k=64: 1 x 5.84 us = 5.84 us (22.2685 GFLOPS/s)
MUL_MAT f32 m=64 n=96 k=64: 1 x 5.88 us = 5.88 us (132.702 GFLOPS/s)
MUL_MAT_ADD MUL_MAT_VEC q6_K m=5120 n=1 k=17408: 1 x 129.64 us = 129.64 us (1374.98 GFLOPS/s)
MUL_MAT_ADD MUL_MAT_VEC q6_K m=5120 n=1 k=6144: 1 x 61.28 us = 61.28 us (1026.59 GFLOPS/s)
MUL_MAT_VEC f32 m=256 n=4 k=256: 1 x 5.04 us = 5.04 us (103.822 GFLOPS/s)
MUL_MAT_VEC q6_K m=1024 n=1 k=5120: 2 x 10.9 us = 21.8 us (961.902 GFLOPS/s)
MUL_MAT_VEC q6_K m=12288 n=1 k=5120: 1 x 89.16 us = 89.16 us (1411.14 GFLOPS/s)
MUL_MAT_VEC q6_K m=17408 n=1 k=5120: 2 x 126.3 us = 252.6 us (1411.25 GFLOPS/s)
MUL_MAT_VEC q6_K m=98304 n=1 k=5120: 1 x 691.68 us = 691.68 us (1455.2 GFLOPS/s)
MUL_MAT_VEC q8_0 m=5120 n=1 k=10240: 1 x 110.64 us = 110.64 us (947.691 GFLOPS/s)
PAD: 1 x 9.56 us = 9.56 us
RMS_NORM_MUL RMS_NORM(256,24,1,1): 1 x 5.84 us = 5.84 us
RMS_NORM_MUL RMS_NORM(256,4,1,1): 1 x 5.8 us = 5.8 us
RMS_NORM_MUL RMS_NORM(5120,1,1,1): 5 x 6.424 us = 32.12 us
ROPE: 2 x 5.8 us = 11.6 us
SET_ROWS: 2 x 4.3 us = 8.6 us
SIGMOID_MUL SIGMOID: 1 x 2.64 us = 2.64 us
TOP_K K=10 (98304,1,1,1): 1 x 15.56 us = 15.56 us
Total time: 1513.84 us.
----------------
Vulkan Timings:
ADD: 48 x 3.562 us = 171 us
CONCAT: 48 x 2.835 us = 136.08 us
CONT: 16 x 4 us = 64 us
CPY: 240 x 2.864 us = 687.52 us
FLASH_ATTN_EXT dst(256,24,5,1),  q(256,5,24,1),  k(256,256,4,1),  v(256,256,4,1),  m(256,5,1,1): 16 x 24.442 us = 391.08 us (1286.99 GFLOPS/s)
GDN_CACHE GATED_DELTA_NET: 48 x 14.196 us = 681.44 us
GET_ROWS: 50 x 27.064 us = 1353.24 us
GLU: 64 x 3.107 us = 198.88 us
MUL_MAT f32 m=256 n=120 k=256: 16 x 2.032 us = 32.52 us (7723.45 GFLOPS/s)
MUL_MAT f32 m=256 n=20 k=256: 16 x 3.037 us = 48.6 us (861.34 GFLOPS/s)
MUL_MAT f32 m=64 n=480 k=64: 16 x 4.307 us = 68.92 us (905.732 GFLOPS/s)
MUL_MAT f32 m=64 n=80 k=64: 16 x 4.212 us = 67.4 us (154.36 GFLOPS/s)
MUL_MAT_ADD MUL_MAT_VEC q6_K m=5120 n=5 k=17408: 64 x 153.301 us = 9811.32 us (5813.78 GFLOPS/s)
MUL_MAT_ADD MUL_MAT_VEC q6_K m=5120 n=5 k=6144: 16 x 67.217 us = 1075.48 us (4679.54 GFLOPS/s)
MUL_MAT_VEC f32 m=48 n=5 k=5120: 96 x 4.935 us = 473.76 us (497.945 GFLOPS/s)
MUL_MAT_VEC q6_K m=1024 n=5 k=5120: 32 x 11.808 us = 377.88 us (4439.39 GFLOPS/s)
MUL_MAT_VEC q6_K m=10240 n=5 k=5120: 48 x 107.544 us = 5162.12 us (4874.62 GFLOPS/s)
MUL_MAT_VEC q6_K m=12288 n=5 k=5120: 16 x 134.875 us = 2158 us (4664.2 GFLOPS/s)
MUL_MAT_VEC q6_K m=17408 n=5 k=5120: 128 x 181.22 us = 23196.3 us (4917.77 GFLOPS/s)
MUL_MAT_VEC q6_K m=248320 n=5 k=5120: 1 x 1956.6 us = 1956.6 us (6497.36 GFLOPS/s)
MUL_MAT_VEC q6_K m=6144 n=5 k=5120: 48 x 71.403 us = 3427.36 us (4405.15 GFLOPS/s)
MUL_MAT_VEC q8_0 m=5120 n=5 k=6144: 48 x 65.463 us = 3142.24 us (4804.94 GFLOPS/s)
RMS_NORM_MUL RMS_NORM(256,24,5,1): 16 x 3.707 us = 59.32 us
RMS_NORM_MUL RMS_NORM(256,4,5,1): 16 x 4.502 us = 72.04 us
RMS_NORM_MUL RMS_NORM(5120,5,1,1): 129 x 5.7 us = 735.4 us
RMS_NORM_MUL_SILU_MUL RMS_NORM(128,48,5,1): 48 x 6.35 us = 304.8 us
RMS_NORM_SCALE RMS_NORM(128,16,5,1): 96 x 2.43 us = 233.32 us
ROPE: 32 x 4.93 us = 157.76 us
SET_ROWS: 32 x 3.541 us = 113.32 us
SIGMOID_MUL SIGMOID: 16 x 4.55 us = 72.8 us
SSM_CONV_SILU SSM_CONV: 48 x 5.995 us = 287.76 us
Total time: 56718.2 us.
----------------
Vulkan Timings:
CONCAT: 1 x 4 us = 4 us
CONT: 1 x 3.64 us = 3.64 us
FLASH_ATTN_EXT dst(256,24,5,1),  q(256,5,24,1),  k(256,256,4,1),  v(256,256,4,1),  m(256,5,1,1): 1 x 19.44 us = 19.44 us (1618.17 GFLOPS/s)
GLU: 1 x 3.76 us = 3.76 us
MUL_MAT f32 m=256 n=120 k=256: 1 x 1.72 us = 1.72 us (9126.7 GFLOPS/s)
MUL_MAT f32 m=256 n=20 k=256: 1 x 3.04 us = 3.04 us (860.632 GFLOPS/s)
MUL_MAT f32 m=64 n=480 k=64: 1 x 3.64 us = 3.64 us (1071.82 GFLOPS/s)
MUL_MAT f32 m=64 n=80 k=64: 1 x 3.6 us = 3.6 us (180.622 GFLOPS/s)
MUL_MAT_ADD MUL_MAT_VEC q6_K m=5120 n=5 k=17408: 1 x 173.35 us = 173.35 us (5141.41 GFLOPS/s)
MUL_MAT_ADD MUL_MAT_VEC q6_K m=5120 n=5 k=6144: 1 x 68.6 us = 68.6 us (4585.24 GFLOPS/s)
MUL_MAT_VEC q6_K m=1024 n=5 k=5120: 2 x 11.4 us = 22.8 us (4598.57 GFLOPS/s)
MUL_MAT_VEC q6_K m=12288 n=5 k=5120: 1 x 169.64 us = 169.64 us (3708.35 GFLOPS/s)
MUL_MAT_VEC q6_K m=17408 n=5 k=5120: 2 x 157.92 us = 315.84 us (5643.38 GFLOPS/s)
MUL_MAT_VEC q8_0 m=5120 n=5 k=10240: 1 x 106.2 us = 106.2 us (4936.56 GFLOPS/s)
RMS_NORM_MUL RMS_NORM(256,24,5,1): 1 x 5.64 us = 5.64 us
RMS_NORM_MUL RMS_NORM(256,4,5,1): 1 x 3.64 us = 3.64 us
RMS_NORM_MUL RMS_NORM(5120,5,1,1): 5 x 8.47 us = 42.35 us
ROPE: 2 x 3.66 us = 7.32 us
SET_ROWS: 2 x 2.96 us = 5.92 us
SIGMOID_MUL SIGMOID: 1 x 3 us = 3 us
Total time: 967.14 us.
----------------
Vulkan Timings:
CONCAT: 1 x 3.84 us = 3.84 us
CONT: 1 x 3.48 us = 3.48 us
FLASH_ATTN_EXT dst(256,24,1,1),  q(256,1,24,1),  k(256,256,4,1),  v(256,256,4,1),  m(256,1,1,1): 1 x 15.2 us = 15.2 us (413.912 GFLOPS/s)
GET_ROWS: 2 x 4.44 us = 8.88 us
GLU: 1 x 1.72 us = 1.72 us
MUL_MAT f32 m=256 n=24 k=256: 1 x 2.08 us = 2.08 us (1509.42 GFLOPS/s)
MUL_MAT f32 m=64 n=16 k=64: 1 x 1.8 us = 1.8 us (72.2489 GFLOPS/s)
MUL_MAT f32 m=64 n=96 k=64: 1 x 3.16 us = 3.16 us (246.927 GFLOPS/s)
MUL_MAT_ADD MUL_MAT_VEC q6_K m=5120 n=1 k=17408: 1 x 130.16 us = 130.16 us (1369.49 GFLOPS/s)
MUL_MAT_ADD MUL_MAT_VEC q6_K m=5120 n=1 k=6144: 1 x 54.48 us = 54.48 us (1154.73 GFLOPS/s)
MUL_MAT_VEC f32 m=256 n=4 k=256: 1 x 0.76 us = 0.76 us (688.505 GFLOPS/s)
MUL_MAT_VEC q6_K m=1024 n=1 k=5120: 2 x 6.08 us = 12.16 us (1724.46 GFLOPS/s)
MUL_MAT_VEC q6_K m=12288 n=1 k=5120: 1 x 97.64 us = 97.64 us (1288.58 GFLOPS/s)
MUL_MAT_VEC q6_K m=17408 n=1 k=5120: 2 x 118.16 us = 236.32 us (1508.47 GFLOPS/s)
MUL_MAT_VEC q6_K m=98304 n=1 k=5120: 1 x 675.84 us = 675.84 us (1489.31 GFLOPS/s)
MUL_MAT_VEC q8_0 m=5120 n=1 k=10240: 1 x 92.84 us = 92.84 us (1129.39 GFLOPS/s)
PAD: 1 x 6.48 us = 6.48 us
RMS_NORM_MUL RMS_NORM(256,24,1,1): 1 x 3.2 us = 3.2 us
RMS_NORM_MUL RMS_NORM(256,4,1,1): 1 x 4.84 us = 4.84 us
RMS_NORM_MUL RMS_NORM(5120,1,1,1): 5 x 4.128 us = 20.64 us
ROPE: 2 x 3.32 us = 6.64 us
SET_ROWS: 2 x 2.94 us = 5.88 us
SIGMOID_MUL SIGMOID: 1 x 1.52 us = 1.52 us
TOP_K K=10 (98304,1,1,1): 1 x 9.08 us = 9.08 us
Total time: 1398.64 us.
----------------
Vulkan Timings:
CONCAT: 1 x 5.4 us = 5.4 us
CONT: 1 x 4.08 us = 4.08 us
FLASH_ATTN_EXT dst(256,24,1,1),  q(256,1,24,1),  k(256,256,4,1),  v(256,256,4,1),  m(256,1,1,1): 1 x 16.96 us = 16.96 us (370.958 GFLOPS/s)
GET_ROWS: 2 x 5.14 us = 10.28 us
GLU: 1 x 2 us = 2 us
MUL_MAT f32 m=256 n=24 k=256: 1 x 1.96 us = 1.96 us (1601.83 GFLOPS/s)
MUL_MAT f32 m=64 n=16 k=64: 1 x 4.08 us = 4.08 us (31.8745 GFLOPS/s)
MUL_MAT f32 m=64 n=96 k=64: 1 x 4.12 us = 4.12 us (189.39 GFLOPS/s)
MUL_MAT_ADD MUL_MAT_VEC q6_K m=5120 n=1 k=17408: 1 x 125.28 us = 125.28 us (1422.84 GFLOPS/s)
MUL_MAT_ADD MUL_MAT_VEC q6_K m=5120 n=1 k=6144: 1 x 55.36 us = 55.36 us (1136.37 GFLOPS/s)
MUL_MAT_VEC f32 m=256 n=4 k=256: 1 x 3.48 us = 3.48 us (150.363 GFLOPS/s)
MUL_MAT_VEC q6_K m=1024 n=1 k=5120: 2 x 9.76 us = 19.52 us (1074.26 GFLOPS/s)
MUL_MAT_VEC q6_K m=12288 n=1 k=5120: 1 x 86.04 us = 86.04 us (1462.31 GFLOPS/s)
MUL_MAT_VEC q6_K m=17408 n=1 k=5120: 2 x 122.28 us = 244.56 us (1457.64 GFLOPS/s)
MUL_MAT_VEC q6_K m=98304 n=1 k=5120: 1 x 677.85 us = 677.85 us (1484.89 GFLOPS/s)
MUL_MAT_VEC q8_0 m=5120 n=1 k=10240: 1 x 107.12 us = 107.12 us (978.832 GFLOPS/s)
PAD: 1 x 10.08 us = 10.08 us
RMS_NORM_MUL RMS_NORM(256,24,1,1): 1 x 4.08 us = 4.08 us
RMS_NORM_MUL RMS_NORM(256,4,1,1): 1 x 4.12 us = 4.12 us
RMS_NORM_MUL RMS_NORM(5120,1,1,1): 5 x 4.264 us = 21.32 us
ROPE: 2 x 4.06 us = 8.12 us
SET_ROWS: 2 x 2.04 us = 4.08 us
SIGMOID_MUL SIGMOID: 1 x 1.92 us = 1.92 us
TOP_K K=10 (98304,1,1,1): 1 x 8.44 us = 8.44 us
Total time: 1430.25 us.
----------------
Vulkan Timings:
CONCAT: 1 x 2.64 us = 2.64 us
CONT: 1 x 5.16 us = 5.16 us
FLASH_ATTN_EXT dst(256,24,1,1),  q(256,1,24,1),  k(256,256,4,1),  v(256,256,4,1),  m(256,1,1,1): 1 x 17.72 us = 17.72 us (355.048 GFLOPS/s)
GET_ROWS: 2 x 9.5 us = 19 us
GLU: 1 x 2.88 us = 2.88 us
MUL_MAT f32 m=256 n=24 k=256: 1 x 2.28 us = 2.28 us (1377.01 GFLOPS/s)
MUL_MAT f32 m=64 n=16 k=64: 1 x 5.12 us = 5.12 us (25.4 GFLOPS/s)
MUL_MAT f32 m=64 n=96 k=64: 1 x 5.12 us = 5.12 us (152.4 GFLOPS/s)
MUL_MAT_ADD MUL_MAT_VEC q6_K m=5120 n=1 k=17408: 1 x 128.04 us = 128.04 us (1392.16 GFLOPS/s)
MUL_MAT_ADD MUL_MAT_VEC q6_K m=5120 n=1 k=6144: 1 x 60.76 us = 60.76 us (1035.38 GFLOPS/s)
MUL_MAT_VEC f32 m=256 n=4 k=256: 1 x 4.4 us = 4.4 us (118.924 GFLOPS/s)
MUL_MAT_VEC q6_K m=1024 n=1 k=5120: 2 x 10.52 us = 21.04 us (996.648 GFLOPS/s)
MUL_MAT_VEC q6_K m=12288 n=1 k=5120: 1 x 87.04 us = 87.04 us (1445.51 GFLOPS/s)
MUL_MAT_VEC q6_K m=17408 n=1 k=5120: 2 x 126.48 us = 252.96 us (1409.24 GFLOPS/s)
MUL_MAT_VEC q6_K m=98304 n=1 k=5120: 1 x 674.72 us = 674.72 us (1491.78 GFLOPS/s)
MUL_MAT_VEC q8_0 m=5120 n=1 k=10240: 1 x 108.08 us = 108.08 us (970.138 GFLOPS/s)
PAD: 1 x 10.08 us = 10.08 us
RMS_NORM_MUL RMS_NORM(256,24,1,1): 1 x 5.08 us = 5.08 us
RMS_NORM_MUL RMS_NORM(256,4,1,1): 1 x 5.08 us = 5.08 us
RMS_NORM_MUL RMS_NORM(5120,1,1,1): 5 x 5.912 us = 29.56 us
ROPE: 2 x 5.04 us = 10.08 us
SET_ROWS: 2 x 3.72 us = 7.44 us
SIGMOID_MUL SIGMOID: 1 x 2.36 us = 2.36 us
TOP_K K=10 (98304,1,1,1): 1 x 15.52 us = 15.52 us
Total time: 1482.16 us.
----------------
Vulkan Timings:
CONCAT: 1 x 2.72 us = 2.72 us
CONT: 1 x 5.84 us = 5.84 us
FLASH_ATTN_EXT dst(256,24,1,1),  q(256,1,24,1),  k(256,256,4,1),  v(256,256,4,1),  m(256,1,1,1): 1 x 21 us = 21 us (299.593 GFLOPS/s)
GET_ROWS: 2 x 10.6 us = 21.2 us
GLU: 1 x 2.48 us = 2.48 us
MUL_MAT f32 m=256 n=24 k=256: 1 x 2.6 us = 2.6 us (1207.53 GFLOPS/s)
MUL_MAT f32 m=64 n=16 k=64: 1 x 5.84 us = 5.84 us (22.2685 GFLOPS/s)
MUL_MAT f32 m=64 n=96 k=64: 1 x 2.2 us = 2.2 us (354.676 GFLOPS/s)
MUL_MAT_ADD MUL_MAT_VEC q6_K m=5120 n=1 k=17408: 1 x 128.96 us = 128.96 us (1382.23 GFLOPS/s)
MUL_MAT_ADD MUL_MAT_VEC q6_K m=5120 n=1 k=6144: 1 x 61.8 us = 61.8 us (1017.95 GFLOPS/s)
MUL_MAT_VEC f32 m=256 n=4 k=256: 1 x 5.04 us = 5.04 us (103.822 GFLOPS/s)
MUL_MAT_VEC q6_K m=1024 n=1 k=5120: 2 x 10.98 us = 21.96 us (954.894 GFLOPS/s)
MUL_MAT_VEC q6_K m=12288 n=1 k=5120: 1 x 88.92 us = 88.92 us (1414.94 GFLOPS/s)
MUL_MAT_VEC q6_K m=17408 n=1 k=5120: 2 x 126.52 us = 253.04 us (1408.79 GFLOPS/s)
MUL_MAT_VEC q6_K m=98304 n=1 k=5120: 1 x 675.6 us = 675.6 us (1489.84 GFLOPS/s)
MUL_MAT_VEC q8_0 m=5120 n=1 k=10240: 1 x 110.96 us = 110.96 us (944.957 GFLOPS/s)
PAD: 1 x 9.72 us = 9.72 us
RMS_NORM_MUL RMS_NORM(256,24,1,1): 1 x 5.84 us = 5.84 us
RMS_NORM_MUL RMS_NORM(256,4,1,1): 1 x 5.84 us = 5.84 us
RMS_NORM_MUL RMS_NORM(5120,1,1,1): 5 x 5.624 us = 28.12 us
ROPE: 2 x 5.82 us = 11.64 us
SET_ROWS: 2 x 4.24 us = 8.48 us
SIGMOID_MUL SIGMOID: 1 x 6.28 us = 6.28 us
TOP_K K=10 (98304,1,1,1): 1 x 14.4 us = 14.4 us
Total time: 1500.48 us.
----------------
Vulkan Timings:
ADD: 48 x 3.805 us = 182.68 us
CONCAT: 48 x 2.991 us = 143.6 us
CONT: 16 x 4.21 us = 67.36 us
CPY: 240 x 2.691 us = 645.96 us
FLASH_ATTN_EXT dst(256,24,5,1),  q(256,5,24,1),  k(256,256,4,1),  v(256,256,4,1),  m(256,5,1,1): 16 x 23.727 us = 379.64 us (1325.77 GFLOPS/s)
GDN_CACHE GATED_DELTA_NET: 48 x 14.18 us = 680.68 us
GET_ROWS: 50 x 26.572 us = 1328.6 us
GLU: 64 x 3.07 us = 196.48 us
MUL_MAT f32 m=256 n=120 k=256: 16 x 2.43 us = 38.88 us (6460.05 GFLOPS/s)
MUL_MAT f32 m=256 n=20 k=256: 16 x 2.715 us = 43.44 us (963.654 GFLOPS/s)
MUL_MAT f32 m=64 n=480 k=64: 16 x 4.502 us = 72.04 us (866.505 GFLOPS/s)
MUL_MAT f32 m=64 n=80 k=64: 16 x 3.76 us = 60.16 us (172.936 GFLOPS/s)
MUL_MAT_ADD MUL_MAT_VEC q6_K m=5120 n=5 k=17408: 64 x 152.993 us = 9791.56 us (5825.52 GFLOPS/s)
MUL_MAT_ADD MUL_MAT_VEC q6_K m=5120 n=5 k=6144: 16 x 66.75 us = 1068 us (4712.32 GFLOPS/s)
MUL_MAT_VEC f32 m=48 n=5 k=5120: 96 x 4.625 us = 444.08 us (531.225 GFLOPS/s)
MUL_MAT_VEC q6_K m=1024 n=5 k=5120: 32 x 11.741 us = 375.72 us (4464.91 GFLOPS/s)
MUL_MAT_VEC q6_K m=10240 n=5 k=5120: 48 x 106.905 us = 5131.44 us (4903.76 GFLOPS/s)
MUL_MAT_VEC q6_K m=12288 n=5 k=5120: 16 x 134.625 us = 2154 us (4672.86 GFLOPS/s)
MUL_MAT_VEC q6_K m=17408 n=5 k=5120: 128 x 180.111 us = 23054.2 us (4948.07 GFLOPS/s)
MUL_MAT_VEC q6_K m=248320 n=5 k=5120: 1 x 1966.68 us = 1966.68 us (6464.06 GFLOPS/s)
MUL_MAT_VEC q6_K m=6144 n=5 k=5120: 48 x 70.933 us = 3404.81 us (4434.32 GFLOPS/s)
MUL_MAT_VEC q8_0 m=5120 n=5 k=6144: 48 x 65.505 us = 3144.28 us (4801.82 GFLOPS/s)
RMS_NORM_MUL RMS_NORM(256,24,5,1): 16 x 4.09 us = 65.44 us
RMS_NORM_MUL RMS_NORM(256,4,5,1): 16 x 5.13 us = 82.08 us
RMS_NORM_MUL RMS_NORM(5120,5,1,1): 129 x 5.543 us = 715.12 us
RMS_NORM_MUL_SILU_MUL RMS_NORM(128,48,5,1): 48 x 6.203 us = 297.76 us
RMS_NORM_SCALE RMS_NORM(128,16,5,1): 96 x 2.582 us = 247.96 us
ROPE: 32 x 4.466 us = 142.92 us
SET_ROWS: 32 x 3.687 us = 118 us
SIGMOID_MUL SIGMOID: 16 x 4.51 us = 72.16 us
SSM_CONV_SILU SSM_CONV: 48 x 6.386 us = 306.56 us
Total time: 56422.3 us.
----------------
Vulkan Timings:
CONCAT: 1 x 3.8 us = 3.8 us
CONT: 1 x 3.44 us = 3.44 us
FLASH_ATTN_EXT dst(256,24,5,1),  q(256,5,24,1),  k(256,256,4,1),  v(256,256,4,1),  m(256,5,1,1): 1 x 20.88 us = 20.88 us (1506.57 GFLOPS/s)
GLU: 1 x 1.72 us = 1.72 us
MUL_MAT f32 m=256 n=120 k=256: 1 x 2.2 us = 2.2 us (7135.42 GFLOPS/s)
MUL_MAT f32 m=256 n=20 k=256: 1 x 0.48 us = 0.48 us (5450.67 GFLOPS/s)
MUL_MAT f32 m=64 n=480 k=64: 1 x 3.36 us = 3.36 us (1161.14 GFLOPS/s)
MUL_MAT f32 m=64 n=80 k=64: 1 x 3.28 us = 3.28 us (198.244 GFLOPS/s)
MUL_MAT_ADD MUL_MAT_VEC q6_K m=5120 n=5 k=17408: 1 x 175.51 us = 175.51 us (5078.14 GFLOPS/s)
MUL_MAT_ADD MUL_MAT_VEC q6_K m=5120 n=5 k=6144: 1 x 69.56 us = 69.56 us (4521.96 GFLOPS/s)
MUL_MAT_VEC q6_K m=1024 n=5 k=5120: 2 x 12.5 us = 25 us (4193.89 GFLOPS/s)
MUL_MAT_VEC q6_K m=12288 n=5 k=5120: 1 x 146.35 us = 146.35 us (4298.49 GFLOPS/s)
MUL_MAT_VEC q6_K m=17408 n=5 k=5120: 2 x 158.22 us = 316.44 us (5632.68 GFLOPS/s)
MUL_MAT_VEC q8_0 m=5120 n=5 k=10240: 1 x 110.76 us = 110.76 us (4733.32 GFLOPS/s)
RMS_NORM_MUL RMS_NORM(256,24,5,1): 1 x 3.44 us = 3.44 us
RMS_NORM_MUL RMS_NORM(256,4,5,1): 1 x 3.52 us = 3.52 us
RMS_NORM_MUL RMS_NORM(5120,5,1,1): 5 x 9.166 us = 45.83 us
ROPE: 2 x 3.36 us = 6.72 us
SET_ROWS: 2 x 2.86 us = 5.72 us
SIGMOID_MUL SIGMOID: 1 x 1.84 us = 1.84 us
Total time: 949.85 us.
----------------
Vulkan Timings:
CONCAT: 1 x 1.52 us = 1.52 us
CONT: 1 x 3.48 us = 3.48 us
FLASH_ATTN_EXT dst(256,24,1,1),  q(256,1,24,1),  k(256,256,4,1),  v(256,256,4,1),  m(256,1,1,1): 1 x 15.32 us = 15.32 us (410.669 GFLOPS/s)
GET_ROWS: 2 x 5.3 us = 10.6 us
GLU: 1 x 1.84 us = 1.84 us
MUL_MAT f32 m=256 n=24 k=256: 1 x 2.04 us = 2.04 us (1539.01 GFLOPS/s)
MUL_MAT f32 m=64 n=16 k=64: 1 x 3.32 us = 3.32 us (39.1711 GFLOPS/s)
MUL_MAT f32 m=64 n=96 k=64: 1 x 3.16 us = 3.16 us (246.927 GFLOPS/s)
MUL_MAT_ADD MUL_MAT_VEC q6_K m=5120 n=1 k=17408: 1 x 130.56 us = 130.56 us (1365.29 GFLOPS/s)
MUL_MAT_ADD MUL_MAT_VEC q6_K m=5120 n=1 k=6144: 1 x 54.2 us = 54.2 us (1160.69 GFLOPS/s)
MUL_MAT_VEC f32 m=256 n=4 k=256: 1 x 0.76 us = 0.76 us (688.505 GFLOPS/s)
MUL_MAT_VEC q6_K m=1024 n=1 k=5120: 2 x 9.54 us = 19.08 us (1099.03 GFLOPS/s)
MUL_MAT_VEC q6_K m=12288 n=1 k=5120: 1 x 93.16 us = 93.16 us (1350.55 GFLOPS/s)
MUL_MAT_VEC q6_K m=17408 n=1 k=5120: 2 x 117.98 us = 235.96 us (1510.77 GFLOPS/s)
MUL_MAT_VEC q6_K m=98304 n=1 k=5120: 1 x 676.92 us = 676.92 us (1486.93 GFLOPS/s)
MUL_MAT_VEC q8_0 m=5120 n=1 k=10240: 1 x 92.36 us = 92.36 us (1135.26 GFLOPS/s)
PAD: 1 x 6.48 us = 6.48 us
RMS_NORM_MUL RMS_NORM(256,24,1,1): 1 x 3.2 us = 3.2 us
RMS_NORM_MUL RMS_NORM(256,4,1,1): 1 x 3.44 us = 3.44 us
RMS_NORM_MUL RMS_NORM(5120,1,1,1): 5 x 4.496 us = 22.48 us
ROPE: 2 x 3.3 us = 6.6 us
SET_ROWS: 2 x 2.94 us = 5.88 us
SIGMOID_MUL SIGMOID: 1 x 1.84 us = 1.84 us
TOP_K K=10 (98304,1,1,1): 1 x 8.6 us = 8.6 us
Total time: 1402.8 us.
----------------
Vulkan Timings:
CONCAT: 1 x 3.88 us = 3.88 us
CONT: 1 x 3.72 us = 3.72 us
FLASH_ATTN_EXT dst(256,24,1,1),  q(256,1,24,1),  k(256,256,4,1),  v(256,256,4,1),  m(256,1,1,1): 1 x 15.8 us = 15.8 us (398.193 GFLOPS/s)
GET_ROWS: 2 x 5.04 us = 10.08 us
GLU: 1 x 2.04 us = 2.04 us
MUL_MAT f32 m=256 n=24 k=256: 1 x 1.76 us = 1.76 us (1783.85 GFLOPS/s)
MUL_MAT f32 m=64 n=16 k=64: 1 x 3.76 us = 3.76 us (34.5872 GFLOPS/s)
MUL_MAT f32 m=64 n=96 k=64: 1 x 3.72 us = 3.72 us (209.755 GFLOPS/s)
MUL_MAT_ADD MUL_MAT_VEC q6_K m=5120 n=1 k=17408: 1 x 124.28 us = 124.28 us (1434.28 GFLOPS/s)
MUL_MAT_ADD MUL_MAT_VEC q6_K m=5120 n=1 k=6144: 1 x 55.12 us = 55.12 us (1141.32 GFLOPS/s)
MUL_MAT_VEC f32 m=256 n=4 k=256: 1 x 3.12 us = 3.12 us (167.713 GFLOPS/s)
MUL_MAT_VEC q6_K m=1024 n=1 k=5120: 2 x 9.22 us = 18.44 us (1137.17 GFLOPS/s)
MUL_MAT_VEC q6_K m=12288 n=1 k=5120: 1 x 86.08 us = 86.08 us (1461.63 GFLOPS/s)
MUL_MAT_VEC q6_K m=17408 n=1 k=5120: 2 x 121.86 us = 243.72 us (1462.67 GFLOPS/s)
MUL_MAT_VEC q6_K m=98304 n=1 k=5120: 1 x 676.43 us = 676.43 us (1488.01 GFLOPS/s)
MUL_MAT_VEC q8_0 m=5120 n=1 k=10240: 1 x 101.88 us = 101.88 us (1029.18 GFLOPS/s)
PAD: 1 x 9.4 us = 9.4 us
RMS_NORM_MUL RMS_NORM(256,24,1,1): 1 x 3.72 us = 3.72 us
RMS_NORM_MUL RMS_NORM(256,4,1,1): 1 x 3.68 us = 3.68 us
RMS_NORM_MUL RMS_NORM(5120,1,1,1): 5 x 3.928 us = 19.64 us
ROPE: 2 x 3.68 us = 7.36 us
SET_ROWS: 2 x 1.84 us = 3.68 us
SIGMOID_MUL SIGMOID: 1 x 2 us = 2 us
TOP_K K=10 (98304,1,1,1): 1 x 7.8 us = 7.8 us
Total time: 1411.11 us.
----------------
Vulkan Timings:
CONCAT: 1 x 1.96 us = 1.96 us
CONT: 1 x 4.56 us = 4.56 us
FLASH_ATTN_EXT dst(256,24,1,1),  q(256,1,24,1),  k(256,256,4,1),  v(256,256,4,1),  m(256,1,1,1): 1 x 16.44 us = 16.44 us (382.692 GFLOPS/s)
GET_ROWS: 2 x 5.74 us = 11.48 us
GLU: 1 x 2.12 us = 2.12 us
MUL_MAT f32 m=256 n=24 k=256: 1 x 2.08 us = 2.08 us (1509.42 GFLOPS/s)
MUL_MAT f32 m=64 n=16 k=64: 1 x 4.56 us = 4.56 us (28.5193 GFLOPS/s)
MUL_MAT f32 m=64 n=96 k=64: 1 x 4.52 us = 4.52 us (172.63 GFLOPS/s)
MUL_MAT_ADD MUL_MAT_VEC q6_K m=5120 n=1 k=17408: 1 x 126.76 us = 126.76 us (1406.22 GFLOPS/s)
MUL_MAT_ADD MUL_MAT_VEC q6_K m=5120 n=1 k=6144: 1 x 56.84 us = 56.84 us (1106.78 GFLOPS/s)
MUL_MAT_VEC f32 m=256 n=4 k=256: 1 x 3.84 us = 3.84 us (136.267 GFLOPS/s)
MUL_MAT_VEC q6_K m=1024 n=1 k=5120: 2 x 10.14 us = 20.28 us (1034 GFLOPS/s)
MUL_MAT_VEC q6_K m=12288 n=1 k=5120: 1 x 86.76 us = 86.76 us (1450.17 GFLOPS/s)
MUL_MAT_VEC q6_K m=17408 n=1 k=5120: 2 x 122.88 us = 245.76 us (1450.53 GFLOPS/s)
MUL_MAT_VEC q6_K m=98304 n=1 k=5120: 1 x 679.05 us = 679.05 us (1482.27 GFLOPS/s)
MUL_MAT_VEC q8_0 m=5120 n=1 k=10240: 1 x 103.64 us = 103.64 us (1011.7 GFLOPS/s)
PAD: 1 x 10.28 us = 10.28 us
RMS_NORM_MUL RMS_NORM(256,24,1,1): 1 x 4.56 us = 4.56 us
RMS_NORM_MUL RMS_NORM(256,4,1,1): 1 x 4.52 us = 4.52 us
RMS_NORM_MUL RMS_NORM(5120,1,1,1): 5 x 4.848 us = 24.24 us
ROPE: 2 x 4.54 us = 9.08 us
SET_ROWS: 2 x 3.3 us = 6.6 us
SIGMOID_MUL SIGMOID: 1 x 2.08 us = 2.08 us
TOP_K K=10 (98304,1,1,1): 1 x 9.6 us = 9.6 us
Total time: 1441.61 us.
----------------
Vulkan Timings:
CONCAT: 1 x 2.68 us = 2.68 us
CONT: 1 x 8.76 us = 8.76 us
FLASH_ATTN_EXT dst(256,24,1,1),  q(256,1,24,1),  k(256,256,4,1),  v(256,256,4,1),  m(256,1,1,1): 1 x 17.32 us = 17.32 us (363.248 GFLOPS/s)
GET_ROWS: 2 x 6.98 us = 13.96 us
GLU: 1 x 2.36 us = 2.36 us
MUL_MAT f32 m=256 n=24 k=256: 1 x 2.56 us = 2.56 us (1226.4 GFLOPS/s)
MUL_MAT f32 m=64 n=16 k=64: 1 x 2.24 us = 2.24 us (58.0571 GFLOPS/s)
MUL_MAT f32 m=64 n=96 k=64: 1 x 5.88 us = 5.88 us (132.702 GFLOPS/s)
MUL_MAT_ADD MUL_MAT_VEC q6_K m=5120 n=1 k=17408: 1 x 130.28 us = 130.28 us (1368.23 GFLOPS/s)
MUL_MAT_ADD MUL_MAT_VEC q6_K m=5120 n=1 k=6144: 1 x 61.36 us = 61.36 us (1025.25 GFLOPS/s)
MUL_MAT_VEC f32 m=256 n=4 k=256: 1 x 5.04 us = 5.04 us (103.822 GFLOPS/s)
MUL_MAT_VEC q6_K m=1024 n=1 k=5120: 2 x 10.94 us = 21.88 us (958.385 GFLOPS/s)
MUL_MAT_VEC q6_K m=12288 n=1 k=5120: 1 x 88.6 us = 88.6 us (1420.05 GFLOPS/s)
MUL_MAT_VEC q6_K m=17408 n=1 k=5120: 2 x 126.42 us = 252.84 us (1409.91 GFLOPS/s)
MUL_MAT_VEC q6_K m=98304 n=1 k=5120: 1 x 682.3 us = 682.3 us (1475.21 GFLOPS/s)
MUL_MAT_VEC q8_0 m=5120 n=1 k=10240: 1 x 112.04 us = 112.04 us (935.849 GFLOPS/s)
PAD: 1 x 7.36 us = 7.36 us
RMS_NORM_MUL RMS_NORM(256,24,1,1): 1 x 5.88 us = 5.88 us
RMS_NORM_MUL RMS_NORM(256,4,1,1): 1 x 8.72 us = 8.72 us
RMS_NORM_MUL RMS_NORM(5120,1,1,1): 5 x 6.432 us = 32.16 us
ROPE: 2 x 5.84 us = 11.68 us
SET_ROWS: 2 x 4.22 us = 8.44 us
SIGMOID_MUL SIGMOID: 1 x 2.72 us = 2.72 us
TOP_K K=10 (98304,1,1,1): 1 x 15.8 us = 15.8 us
Total time: 1502.86 us.
----------------
Vulkan Timings:
ADD: 48 x 3.8 us = 182.44 us
CONCAT: 48 x 2.753 us = 132.16 us
CONT: 16 x 3.877 us = 62.04 us
CPY: 240 x 2.735 us = 656.6 us
FLASH_ATTN_EXT dst(256,24,5,1),  q(256,5,24,1),  k(256,256,4,1),  v(256,256,4,1),  m(256,5,1,1): 16 x 24.735 us = 395.76 us (1271.77 GFLOPS/s)
GDN_CACHE GATED_DELTA_NET: 48 x 14.044 us = 674.12 us
GET_ROWS: 50 x 26.71 us = 1335.52 us
GLU: 64 x 3.261 us = 208.76 us
MUL_MAT f32 m=256 n=120 k=256: 16 x 2.227 us = 35.64 us (7047.33 GFLOPS/s)
MUL_MAT f32 m=256 n=20 k=256: 16 x 2.54 us = 40.64 us (1030.05 GFLOPS/s)
MUL_MAT f32 m=64 n=480 k=64: 16 x 4.49 us = 71.84 us (868.918 GFLOPS/s)
MUL_MAT f32 m=64 n=80 k=64: 16 x 3.775 us = 60.4 us (172.249 GFLOPS/s)
MUL_MAT_ADD MUL_MAT_VEC q6_K m=5120 n=5 k=17408: 64 x 152.526 us = 9761.72 us (5843.32 GFLOPS/s)
MUL_MAT_ADD MUL_MAT_VEC q6_K m=5120 n=5 k=6144: 16 x 66.082 us = 1057.32 us (4759.92 GFLOPS/s)
MUL_MAT_VEC f32 m=48 n=5 k=5120: 96 x 4.78 us = 458.88 us (514.092 GFLOPS/s)
MUL_MAT_VEC q6_K m=1024 n=5 k=5120: 32 x 11.121 us = 355.88 us (4713.83 GFLOPS/s)
MUL_MAT_VEC q6_K m=10240 n=5 k=5120: 48 x 106.673 us = 5120.32 us (4914.41 GFLOPS/s)
MUL_MAT_VEC q6_K m=12288 n=5 k=5120: 16 x 135.295 us = 2164.72 us (4649.72 GFLOPS/s)
MUL_MAT_VEC q6_K m=17408 n=5 k=5120: 128 x 179.575 us = 22985.7 us (4962.82 GFLOPS/s)
MUL_MAT_VEC q6_K m=248320 n=5 k=5120: 1 x 1973.48 us = 1973.48 us (6441.79 GFLOPS/s)
MUL_MAT_VEC q6_K m=6144 n=5 k=5120: 48 x 70.553 us = 3386.56 us (4458.22 GFLOPS/s)
MUL_MAT_VEC q8_0 m=5120 n=5 k=6144: 48 x 65.201 us = 3129.68 us (4824.22 GFLOPS/s)
RMS_NORM_MUL RMS_NORM(256,24,5,1): 16 x 3.66 us = 58.56 us
RMS_NORM_MUL RMS_NORM(256,4,5,1): 16 x 5.35 us = 85.6 us
RMS_NORM_MUL RMS_NORM(5120,5,1,1): 129 x 5.559 us = 717.12 us
RMS_NORM_MUL_SILU_MUL RMS_NORM(128,48,5,1): 48 x 6.318 us = 303.28 us
RMS_NORM_SCALE RMS_NORM(128,16,5,1): 96 x 2.494 us = 239.48 us
ROPE: 32 x 4.668 us = 149.4 us
SET_ROWS: 32 x 3.368 us = 107.8 us
SIGMOID_MUL SIGMOID: 16 x 4.69 us = 75.04 us
SSM_CONV_SILU SSM_CONV: 48 x 6.317 us = 303.24 us
Total time: 56289.7 us.
----------------
Vulkan Timings:
CONCAT: 1 x 3.92 us = 3.92 us
CONT: 1 x 3.44 us = 3.44 us
FLASH_ATTN_EXT dst(256,24,5,1),  q(256,5,24,1),  k(256,256,4,1),  v(256,256,4,1),  m(256,5,1,1): 1 x 19.68 us = 19.68 us (1598.44 GFLOPS/s)
GLU: 1 x 1.52 us = 1.52 us
MUL_MAT f32 m=256 n=120 k=256: 1 x 1.6 us = 1.6 us (9811.2 GFLOPS/s)
MUL_MAT f32 m=256 n=20 k=256: 1 x 2.92 us = 2.92 us (896 GFLOPS/s)
MUL_MAT f32 m=64 n=480 k=64: 1 x 3.32 us = 3.32 us (1175.13 GFLOPS/s)
MUL_MAT f32 m=64 n=80 k=64: 1 x 3.28 us = 3.28 us (198.244 GFLOPS/s)
MUL_MAT_ADD MUL_MAT_VEC q6_K m=5120 n=5 k=17408: 1 x 172.5 us = 172.5 us (5166.75 GFLOPS/s)
MUL_MAT_ADD MUL_MAT_VEC q6_K m=5120 n=5 k=6144: 1 x 69.92 us = 69.92 us (4498.67 GFLOPS/s)
MUL_MAT_VEC q6_K m=1024 n=5 k=5120: 2 x 12.66 us = 25.32 us (4140.89 GFLOPS/s)
MUL_MAT_VEC q6_K m=12288 n=5 k=5120: 1 x 148.1 us = 148.1 us (4247.7 GFLOPS/s)
MUL_MAT_VEC q6_K m=17408 n=5 k=5120: 2 x 157.64 us = 315.28 us (5653.4 GFLOPS/s)
MUL_MAT_VEC q8_0 m=5120 n=5 k=10240: 1 x 134.47 us = 134.47 us (3898.73 GFLOPS/s)
RMS_NORM_MUL RMS_NORM(256,24,5,1): 1 x 3.44 us = 3.44 us
RMS_NORM_MUL RMS_NORM(256,4,5,1): 1 x 3.4 us = 3.4 us
RMS_NORM_MUL RMS_NORM(5120,5,1,1): 5 x 8.172 us = 40.86 us
ROPE: 2 x 3.34 us = 6.68 us
SET_ROWS: 2 x 2.8 us = 5.6 us
SIGMOID_MUL SIGMOID: 1 x 1.6 us = 1.6 us
Total time: 966.85 us.
----------------
Vulkan Timings:
CONCAT: 1 x 1.64 us = 1.64 us
CONT: 1 x 3.52 us = 3.52 us
FLASH_ATTN_EXT dst(256,24,1,1),  q(256,1,24,1),  k(256,256,4,1),  v(256,256,4,1),  m(256,1,1,1): 1 x 15.28 us = 15.28 us (411.745 GFLOPS/s)
GET_ROWS: 2 x 4.42 us = 8.84 us
GLU: 1 x 1.64 us = 1.64 us
MUL_MAT f32 m=256 n=24 k=256: 1 x 1.48 us = 1.48 us (2121.34 GFLOPS/s)
MUL_MAT f32 m=64 n=16 k=64: 1 x 1.8 us = 1.8 us (72.2489 GFLOPS/s)
MUL_MAT f32 m=64 n=96 k=64: 1 x 3.2 us = 3.2 us (243.84 GFLOPS/s)
MUL_MAT_ADD MUL_MAT_VEC q6_K m=5120 n=1 k=17408: 1 x 131.64 us = 131.64 us (1354.09 GFLOPS/s)
MUL_MAT_ADD MUL_MAT_VEC q6_K m=5120 n=1 k=6144: 1 x 53.8 us = 53.8 us (1169.32 GFLOPS/s)
MUL_MAT_VEC f32 m=256 n=4 k=256: 1 x 3 us = 3 us (174.421 GFLOPS/s)
MUL_MAT_VEC q6_K m=1024 n=1 k=5120: 2 x 9.28 us = 18.56 us (1129.82 GFLOPS/s)
MUL_MAT_VEC q6_K m=12288 n=1 k=5120: 1 x 89.68 us = 89.68 us (1402.95 GFLOPS/s)
MUL_MAT_VEC q6_K m=17408 n=1 k=5120: 2 x 118.34 us = 236.68 us (1506.17 GFLOPS/s)
MUL_MAT_VEC q6_K m=98304 n=1 k=5120: 1 x 671.59 us = 671.59 us (1498.73 GFLOPS/s)
MUL_MAT_VEC q8_0 m=5120 n=1 k=10240: 1 x 90.8 us = 90.8 us (1154.76 GFLOPS/s)
PAD: 1 x 8.48 us = 8.48 us
RMS_NORM_MUL RMS_NORM(256,24,1,1): 1 x 3.16 us = 3.16 us
RMS_NORM_MUL RMS_NORM(256,4,1,1): 1 x 4.76 us = 4.76 us
RMS_NORM_MUL RMS_NORM(5120,1,1,1): 5 x 4.776 us = 23.88 us
ROPE: 2 x 3.3 us = 6.6 us
SET_ROWS: 2 x 1.8 us = 3.6 us
SIGMOID_MUL SIGMOID: 1 x 1.84 us = 1.84 us
TOP_K K=10 (98304,1,1,1): 1 x 6.56 us = 6.56 us
Total time: 1392.03 us.
----------------
Vulkan Timings:
CONCAT: 1 x 3.8 us = 3.8 us
CONT: 1 x 3.6 us = 3.6 us
FLASH_ATTN_EXT dst(256,24,1,1),  q(256,1,24,1),  k(256,256,4,1),  v(256,256,4,1),  m(256,1,1,1): 1 x 12.96 us = 12.96 us (485.452 GFLOPS/s)
GET_ROWS: 2 x 5.44 us = 10.88 us
GLU: 1 x 1.8 us = 1.8 us
MUL_MAT f32 m=256 n=24 k=256: 1 x 1.68 us = 1.68 us (1868.8 GFLOPS/s)
MUL_MAT f32 m=64 n=16 k=64: 1 x 3.64 us = 3.64 us (35.7275 GFLOPS/s)
MUL_MAT f32 m=64 n=96 k=64: 1 x 3.56 us = 3.56 us (219.182 GFLOPS/s)
MUL_MAT_ADD MUL_MAT_VEC q6_K m=5120 n=1 k=17408: 1 x 123.48 us = 123.48 us (1443.58 GFLOPS/s)
MUL_MAT_ADD MUL_MAT_VEC q6_K m=5120 n=1 k=6144: 1 x 54.2 us = 54.2 us (1160.69 GFLOPS/s)
MUL_MAT_VEC f32 m=256 n=4 k=256: 1 x 3.04 us = 3.04 us (172.126 GFLOPS/s)
MUL_MAT_VEC q6_K m=1024 n=1 k=5120: 2 x 9.08 us = 18.16 us (1154.71 GFLOPS/s)
MUL_MAT_VEC q6_K m=12288 n=1 k=5120: 1 x 85.52 us = 85.52 us (1471.2 GFLOPS/s)
MUL_MAT_VEC q6_K m=17408 n=1 k=5120: 2 x 121.4 us = 242.8 us (1468.21 GFLOPS/s)
MUL_MAT_VEC q6_K m=98304 n=1 k=5120: 1 x 674.74 us = 674.74 us (1491.74 GFLOPS/s)
MUL_MAT_VEC q8_0 m=5120 n=1 k=10240: 1 x 100.8 us = 100.8 us (1040.2 GFLOPS/s)
PAD: 1 x 6.56 us = 6.56 us
RMS_NORM_MUL RMS_NORM(256,24,1,1): 1 x 3.6 us = 3.6 us
RMS_NORM_MUL RMS_NORM(256,4,1,1): 1 x 3.6 us = 3.6 us
RMS_NORM_MUL RMS_NORM(5120,1,1,1): 5 x 3.728 us = 18.64 us
ROPE: 2 x 3.58 us = 7.16 us
SET_ROWS: 2 x 2.62 us = 5.24 us
SIGMOID_MUL SIGMOID: 1 x 1.88 us = 1.88 us
TOP_K K=10 (98304,1,1,1): 1 x 8.52 us = 8.52 us
Total time: 1399.86 us.
----------------
Vulkan Timings:
CONCAT: 1 x 3.96 us = 3.96 us
CONT: 1 x 3.64 us = 3.64 us
FLASH_ATTN_EXT dst(256,24,1,1),  q(256,1,24,1),  k(256,256,4,1),  v(256,256,4,1),  m(256,1,1,1): 1 x 15.36 us = 15.36 us (409.6 GFLOPS/s)
GET_ROWS: 2 x 4.22 us = 8.44 us
GLU: 1 x 2.04 us = 2.04 us
MUL_MAT f32 m=256 n=24 k=256: 1 x 1.6 us = 1.6 us (1962.24 GFLOPS/s)
MUL_MAT f32 m=64 n=16 k=64: 1 x 3.6 us = 3.6 us (36.1244 GFLOPS/s)
MUL_MAT f32 m=64 n=96 k=64: 1 x 3.6 us = 3.6 us (216.747 GFLOPS/s)
MUL_MAT_ADD MUL_MAT_VEC q6_K m=5120 n=1 k=17408: 1 x 123.96 us = 123.96 us (1437.99 GFLOPS/s)
MUL_MAT_ADD MUL_MAT_VEC q6_K m=5120 n=1 k=6144: 1 x 54.2 us = 54.2 us (1160.69 GFLOPS/s)
MUL_MAT_VEC f32 m=256 n=4 k=256: 1 x 3.04 us = 3.04 us (172.126 GFLOPS/s)
MUL_MAT_VEC q6_K m=1024 n=1 k=5120: 2 x 9.32 us = 18.64 us (1124.97 GFLOPS/s)
MUL_MAT_VEC q6_K m=12288 n=1 k=5120: 1 x 86.2 us = 86.2 us (1459.59 GFLOPS/s)
MUL_MAT_VEC q6_K m=17408 n=1 k=5120: 2 x 121.06 us = 242.12 us (1472.33 GFLOPS/s)
MUL_MAT_VEC q6_K m=98304 n=1 k=5120: 1 x 674.78 us = 674.78 us (1491.65 GFLOPS/s)
MUL_MAT_VEC q8_0 m=5120 n=1 k=10240: 1 x 102.24 us = 102.24 us (1025.55 GFLOPS/s)
PAD: 1 x 6.4 us = 6.4 us
RMS_NORM_MUL RMS_NORM(256,24,1,1): 1 x 3.6 us = 3.6 us
RMS_NORM_MUL RMS_NORM(256,4,1,1): 1 x 3.56 us = 3.56 us
RMS_NORM_MUL RMS_NORM(5120,1,1,1): 5 x 3.728 us = 18.64 us
ROPE: 2 x 3.58 us = 7.16 us
SET_ROWS: 2 x 1.8 us = 3.6 us
SIGMOID_MUL SIGMOID: 1 x 1.68 us = 1.68 us
TOP_K K=10 (98304,1,1,1): 1 x 8.72 us = 8.72 us
Total time: 1400.78 us.
----------------
Vulkan Timings:
CONCAT: 1 x 4.04 us = 4.04 us
CONT: 1 x 3.92 us = 3.92 us
FLASH_ATTN_EXT dst(256,24,1,1),  q(256,1,24,1),  k(256,256,4,1),  v(256,256,4,1),  m(256,1,1,1): 1 x 13.64 us = 13.64 us (461.25 GFLOPS/s)
GET_ROWS: 2 x 7.1 us = 14.2 us
GLU: 1 x 1.88 us = 1.88 us
MUL_MAT f32 m=256 n=24 k=256: 1 x 1.76 us = 1.76 us (1783.85 GFLOPS/s)
MUL_MAT f32 m=64 n=16 k=64: 1 x 3.84 us = 3.84 us (33.8667 GFLOPS/s)
MUL_MAT f32 m=64 n=96 k=64: 1 x 3.88 us = 3.88 us (201.105 GFLOPS/s)
MUL_MAT_ADD MUL_MAT_VEC q6_K m=5120 n=1 k=17408: 1 x 124.12 us = 124.12 us (1436.13 GFLOPS/s)
MUL_MAT_ADD MUL_MAT_VEC q6_K m=5120 n=1 k=6144: 1 x 54.6 us = 54.6 us (1152.19 GFLOPS/s)
MUL_MAT_VEC f32 m=256 n=4 k=256: 1 x 3.24 us = 3.24 us (161.501 GFLOPS/s)
MUL_MAT_VEC q6_K m=1024 n=1 k=5120: 2 x 9.46 us = 18.92 us (1108.32 GFLOPS/s)
MUL_MAT_VEC q6_K m=12288 n=1 k=5120: 1 x 87.4 us = 87.4 us (1439.55 GFLOPS/s)
MUL_MAT_VEC q6_K m=17408 n=1 k=5120: 2 x 121.88 us = 243.76 us (1462.43 GFLOPS/s)
MUL_MAT_VEC q6_K m=98304 n=1 k=5120: 1 x 677.26 us = 677.26 us (1486.19 GFLOPS/s)
MUL_MAT_VEC q8_0 m=5120 n=1 k=10240: 1 x 101.92 us = 101.92 us (1028.77 GFLOPS/s)
PAD: 1 x 5.48 us = 5.48 us
RMS_NORM_MUL RMS_NORM(256,24,1,1): 1 x 3.8 us = 3.8 us
RMS_NORM_MUL RMS_NORM(256,4,1,1): 1 x 3.84 us = 3.84 us
RMS_NORM_MUL RMS_NORM(5120,1,1,1): 5 x 4.112 us = 20.56 us
ROPE: 2 x 3.82 us = 7.64 us
SET_ROWS: 2 x 2.8 us = 5.6 us
SIGMOID_MUL SIGMOID: 1 x 1.76 us = 1.76 us
TOP_K K=10 (98304,1,1,1): 1 x 10.76 us = 10.76 us
Total time: 1417.82 us.
----------------
Vulkan Timings:
ADD: 48 x 3.536 us = 169.76 us
CONCAT: 48 x 3.071 us = 147.44 us
CONT: 16 x 3.947 us = 63.16 us
CPY: 240 x 2.663 us = 639.24 us
FLASH_ATTN_EXT dst(256,24,5,1),  q(256,5,24,1),  k(256,256,4,1),  v(256,256,4,1),  m(256,5,1,1): 16 x 24.417 us = 390.68 us (1288.31 GFLOPS/s)
GDN_CACHE GATED_DELTA_NET: 48 x 13.996 us = 671.84 us
GET_ROWS: 50 x 26.736 us = 1336.8 us
GLU: 64 x 3.067 us = 196.32 us
MUL_MAT f32 m=256 n=120 k=256: 16 x 2.537 us = 40.6 us (6186.37 GFLOPS/s)
MUL_MAT f32 m=256 n=20 k=256: 16 x 2.79 us = 44.64 us (937.749 GFLOPS/s)
MUL_MAT f32 m=64 n=480 k=64: 16 x 4.627 us = 74.04 us (843.099 GFLOPS/s)
MUL_MAT f32 m=64 n=80 k=64: 16 x 3.895 us = 62.32 us (166.942 GFLOPS/s)
MUL_MAT_ADD MUL_MAT_VEC q6_K m=5120 n=5 k=17408: 64 x 152.118 us = 9735.6 us (5859 GFLOPS/s)
MUL_MAT_ADD MUL_MAT_VEC q6_K m=5120 n=5 k=6144: 16 x 65.995 us = 1055.92 us (4766.23 GFLOPS/s)
MUL_MAT_VEC f32 m=48 n=5 k=5120: 96 x 4.85 us = 465.6 us (506.672 GFLOPS/s)
MUL_MAT_VEC q6_K m=1024 n=5 k=5120: 32 x 11.63 us = 372.16 us (4507.63 GFLOPS/s)
MUL_MAT_VEC q6_K m=10240 n=5 k=5120: 48 x 105.804 us = 5078.6 us (4954.78 GFLOPS/s)
MUL_MAT_VEC q6_K m=12288 n=5 k=5120: 16 x 133.805 us = 2140.88 us (4701.5 GFLOPS/s)
MUL_MAT_VEC q6_K m=17408 n=5 k=5120: 128 x 178.368 us = 22831.1 us (4996.42 GFLOPS/s)
MUL_MAT_VEC q6_K m=248320 n=5 k=5120: 1 x 1963.44 us = 1963.44 us (6474.73 GFLOPS/s)
MUL_MAT_VEC q6_K m=6144 n=5 k=5120: 48 x 70.028 us = 3361.36 us (4491.64 GFLOPS/s)
MUL_MAT_VEC q8_0 m=5120 n=5 k=6144: 48 x 65.08 us = 3123.84 us (4833.24 GFLOPS/s)
RMS_NORM_MUL RMS_NORM(256,24,5,1): 16 x 3.622 us = 57.96 us
RMS_NORM_MUL RMS_NORM(256,4,5,1): 16 x 4.852 us = 77.64 us
RMS_NORM_MUL RMS_NORM(5120,5,1,1): 129 x 5.501 us = 709.68 us
RMS_NORM_MUL_SILU_MUL RMS_NORM(128,48,5,1): 48 x 6.219 us = 298.52 us
RMS_NORM_SCALE RMS_NORM(128,16,5,1): 96 x 2.361 us = 226.68 us
ROPE: 32 x 4.508 us = 144.28 us
SET_ROWS: 32 x 3.268 us = 104.6 us
SIGMOID_MUL SIGMOID: 16 x 4.65 us = 74.4 us
SSM_CONV_SILU SSM_CONV: 48 x 6.112 us = 293.4 us
Total time: 55952.5 us.
----------------
Vulkan Timings:
CONCAT: 1 x 4 us = 4 us
CONT: 1 x 3.44 us = 3.44 us
FLASH_ATTN_EXT dst(256,24,5,1),  q(256,5,24,1),  k(256,256,4,1),  v(256,256,4,1),  m(256,5,1,1): 1 x 21.76 us = 21.76 us (1445.65 GFLOPS/s)
GLU: 1 x 1.72 us = 1.72 us
MUL_MAT f32 m=256 n=120 k=256: 1 x 1.68 us = 1.68 us (9344 GFLOPS/s)
MUL_MAT f32 m=256 n=20 k=256: 1 x 2.96 us = 2.96 us (883.892 GFLOPS/s)
MUL_MAT f32 m=64 n=480 k=64: 1 x 3.68 us = 3.68 us (1060.17 GFLOPS/s)
MUL_MAT f32 m=64 n=80 k=64: 1 x 3.28 us = 3.28 us (198.244 GFLOPS/s)
MUL_MAT_ADD MUL_MAT_VEC q6_K m=5120 n=5 k=17408: 1 x 175.32 us = 175.32 us (5083.64 GFLOPS/s)
MUL_MAT_ADD MUL_MAT_VEC q6_K m=5120 n=5 k=6144: 1 x 69.56 us = 69.56 us (4521.96 GFLOPS/s)
MUL_MAT_VEC q6_K m=1024 n=5 k=5120: 2 x 12.74 us = 25.48 us (4114.89 GFLOPS/s)
MUL_MAT_VEC q6_K m=12288 n=5 k=5120: 1 x 151.28 us = 151.28 us (4158.41 GFLOPS/s)
MUL_MAT_VEC q6_K m=17408 n=5 k=5120: 2 x 158.08 us = 316.16 us (5637.67 GFLOPS/s)
MUL_MAT_VEC q8_0 m=5120 n=5 k=10240: 1 x 118.53 us = 118.53 us (4423.04 GFLOPS/s)
RMS_NORM_MUL RMS_NORM(256,24,5,1): 1 x 3.44 us = 3.44 us
RMS_NORM_MUL RMS_NORM(256,4,5,1): 1 x 3.52 us = 3.52 us
RMS_NORM_MUL RMS_NORM(5120,5,1,1): 5 x 9.352 us = 46.76 us
ROPE: 2 x 3.56 us = 7.12 us
SET_ROWS: 2 x 1.74 us = 3.48 us
SIGMOID_MUL SIGMOID: 1 x 1.6 us = 1.6 us
Total time: 964.77 us.
----------------
Vulkan Timings:
CONCAT: 1 x 3.68 us = 3.68 us
CONT: 1 x 3.48 us = 3.48 us
FLASH_ATTN_EXT dst(256,24,1,1),  q(256,1,24,1),  k(256,256,4,1),  v(256,256,4,1),  m(256,1,1,1): 1 x 12.4 us = 12.4 us (507.375 GFLOPS/s)
GET_ROWS: 2 x 5.62 us = 11.24 us
GLU: 1 x 1.96 us = 1.96 us
MUL_MAT f32 m=256 n=24 k=256: 1 x 2.16 us = 2.16 us (1453.51 GFLOPS/s)
MUL_MAT f32 m=64 n=16 k=64: 1 x 1.8 us = 1.8 us (72.2489 GFLOPS/s)
MUL_MAT f32 m=64 n=96 k=64: 1 x 3.36 us = 3.36 us (232.229 GFLOPS/s)
MUL_MAT_ADD MUL_MAT_VEC q6_K m=5120 n=1 k=17408: 1 x 130.16 us = 130.16 us (1369.49 GFLOPS/s)
MUL_MAT_ADD MUL_MAT_VEC q6_K m=5120 n=1 k=6144: 1 x 54.04 us = 54.04 us (1164.13 GFLOPS/s)
MUL_MAT_VEC f32 m=256 n=4 k=256: 1 x 3 us = 3 us (174.421 GFLOPS/s)
MUL_MAT_VEC q6_K m=1024 n=1 k=5120: 2 x 9.3 us = 18.6 us (1127.39 GFLOPS/s)
MUL_MAT_VEC q6_K m=12288 n=1 k=5120: 1 x 90.6 us = 90.6 us (1388.71 GFLOPS/s)
MUL_MAT_VEC q6_K m=17408 n=1 k=5120: 2 x 117.76 us = 235.52 us (1513.59 GFLOPS/s)
MUL_MAT_VEC q6_K m=98304 n=1 k=5120: 1 x 679.07 us = 679.07 us (1482.23 GFLOPS/s)
MUL_MAT_VEC q8_0 m=5120 n=1 k=10240: 1 x 92.8 us = 92.8 us (1129.88 GFLOPS/s)
PAD: 1 x 8.52 us = 8.52 us
RMS_NORM_MUL RMS_NORM(256,24,1,1): 1 x 3.2 us = 3.2 us
RMS_NORM_MUL RMS_NORM(256,4,1,1): 1 x 4.88 us = 4.88 us
RMS_NORM_MUL RMS_NORM(5120,1,1,1): 5 x 4.136 us = 20.68 us
ROPE: 2 x 3.42 us = 6.84 us
SET_ROWS: 2 x 2.6 us = 5.2 us
SIGMOID_MUL SIGMOID: 1 x 1.8 us = 1.8 us
TOP_K K=10 (98304,1,1,1): 1 x 6.56 us = 6.56 us
Total time: 1401.55 us.
----------------
Vulkan Timings:
CONCAT: 1 x 3.92 us = 3.92 us
CONT: 1 x 4 us = 4 us
FLASH_ATTN_EXT dst(256,24,1,1),  q(256,1,24,1),  k(256,256,4,1),  v(256,256,4,1),  m(256,1,1,1): 1 x 14.04 us = 14.04 us (448.109 GFLOPS/s)
GET_ROWS: 2 x 11.01 us = 22.02 us
GLU: 1 x 1.96 us = 1.96 us
MUL_MAT f32 m=256 n=24 k=256: 1 x 1.76 us = 1.76 us (1783.85 GFLOPS/s)
MUL_MAT f32 m=64 n=16 k=64: 1 x 3.92 us = 3.92 us (33.1755 GFLOPS/s)
MUL_MAT f32 m=64 n=96 k=64: 1 x 4 us = 4 us (195.072 GFLOPS/s)
MUL_MAT_ADD MUL_MAT_VEC q6_K m=5120 n=1 k=17408: 1 x 123.32 us = 123.32 us (1445.45 GFLOPS/s)
MUL_MAT_ADD MUL_MAT_VEC q6_K m=5120 n=1 k=6144: 1 x 51.12 us = 51.12 us (1230.62 GFLOPS/s)
MUL_MAT_VEC f32 m=256 n=4 k=256: 1 x 3.32 us = 3.32 us (157.61 GFLOPS/s)
MUL_MAT_VEC q6_K m=1024 n=1 k=5120: 2 x 9.4 us = 18.8 us (1115.4 GFLOPS/s)
MUL_MAT_VEC q6_K m=12288 n=1 k=5120: 1 x 84.92 us = 84.92 us (1481.59 GFLOPS/s)
MUL_MAT_VEC q6_K m=17408 n=1 k=5120: 2 x 121.86 us = 243.72 us (1462.67 GFLOPS/s)
MUL_MAT_VEC q6_K m=98304 n=1 k=5120: 1 x 679.23 us = 679.23 us (1481.88 GFLOPS/s)
MUL_MAT_VEC q8_0 m=5120 n=1 k=10240: 1 x 107.36 us = 107.36 us (976.644 GFLOPS/s)
PAD: 1 x 5.48 us = 5.48 us
RMS_NORM_MUL RMS_NORM(256,24,1,1): 1 x 4.04 us = 4.04 us
RMS_NORM_MUL RMS_NORM(256,4,1,1): 1 x 4 us = 4 us
RMS_NORM_MUL RMS_NORM(5120,1,1,1): 5 x 4.752 us = 23.76 us
ROPE: 2 x 3.94 us = 7.88 us
SET_ROWS: 2 x 2.88 us = 5.76 us
SIGMOID_MUL SIGMOID: 1 x 3 us = 3 us
TOP_K K=10 (98304,1,1,1): 1 x 10.52 us = 10.52 us
Total time: 1431.85 us.
----------------
Vulkan Timings:
CONCAT: 1 x 2.2 us = 2.2 us
CONT: 1 x 4.76 us = 4.76 us
FLASH_ATTN_EXT dst(256,24,1,1),  q(256,1,24,1),  k(256,256,4,1),  v(256,256,4,1),  m(256,1,1,1): 1 x 17.52 us = 17.52 us (359.101 GFLOPS/s)
GET_ROWS: 2 x 6.08 us = 12.16 us
GLU: 1 x 2.12 us = 2.12 us
MUL_MAT f32 m=256 n=24 k=256: 1 x 2.16 us = 2.16 us (1453.51 GFLOPS/s)
MUL_MAT f32 m=64 n=16 k=64: 1 x 4.72 us = 4.72 us (27.5525 GFLOPS/s)
MUL_MAT f32 m=64 n=96 k=64: 1 x 4.8 us = 4.8 us (162.56 GFLOPS/s)
MUL_MAT_ADD MUL_MAT_VEC q6_K m=5120 n=1 k=17408: 1 x 126.24 us = 126.24 us (1412.02 GFLOPS/s)
MUL_MAT_ADD MUL_MAT_VEC q6_K m=5120 n=1 k=6144: 1 x 57.6 us = 57.6 us (1092.18 GFLOPS/s)
MUL_MAT_VEC f32 m=256 n=4 k=256: 1 x 4.04 us = 4.04 us (129.521 GFLOPS/s)
MUL_MAT_VEC q6_K m=1024 n=1 k=5120: 2 x 10.16 us = 20.32 us (1031.96 GFLOPS/s)
MUL_MAT_VEC q6_K m=12288 n=1 k=5120: 1 x 87.32 us = 87.32 us (1440.87 GFLOPS/s)
MUL_MAT_VEC q6_K m=17408 n=1 k=5120: 2 x 123.36 us = 246.72 us (1444.88 GFLOPS/s)
MUL_MAT_VEC q6_K m=98304 n=1 k=5120: 1 x 677.56 us = 677.56 us (1485.53 GFLOPS/s)
MUL_MAT_VEC q8_0 m=5120 n=1 k=10240: 1 x 106.28 us = 106.28 us (986.568 GFLOPS/s)
PAD: 1 x 9.44 us = 9.44 us
RMS_NORM_MUL RMS_NORM(256,24,1,1): 1 x 4.72 us = 4.72 us
RMS_NORM_MUL RMS_NORM(256,4,1,1): 1 x 4.72 us = 4.72 us
RMS_NORM_MUL RMS_NORM(5120,1,1,1): 5 x 5.32 us = 26.6 us
ROPE: 2 x 4.68 us = 9.36 us
SET_ROWS: 2 x 3.46 us = 6.92 us
SIGMOID_MUL SIGMOID: 1 x 2.44 us = 2.44 us
TOP_K K=10 (98304,1,1,1): 1 x 13.32 us = 13.32 us
Total time: 1454.04 us.
----------------
Vulkan Timings:
CONCAT: 1 x 2.64 us = 2.64 us
CONT: 1 x 5.92 us = 5.92 us
FLASH_ATTN_EXT dst(256,24,1,1),  q(256,1,24,1),  k(256,256,4,1),  v(256,256,4,1),  m(256,1,1,1): 1 x 21.2 us = 21.2 us (296.767 GFLOPS/s)
GET_ROWS: 2 x 7.02 us = 14.04 us
GLU: 1 x 2.52 us = 2.52 us
MUL_MAT f32 m=256 n=24 k=256: 1 x 2.64 us = 2.64 us (1189.24 GFLOPS/s)
MUL_MAT f32 m=64 n=16 k=64: 1 x 5.92 us = 5.92 us (21.9676 GFLOPS/s)
MUL_MAT f32 m=64 n=96 k=64: 1 x 2.24 us = 2.24 us (348.343 GFLOPS/s)
MUL_MAT_ADD MUL_MAT_VEC q6_K m=5120 n=1 k=17408: 1 x 130.28 us = 130.28 us (1368.23 GFLOPS/s)
MUL_MAT_ADD MUL_MAT_VEC q6_K m=5120 n=1 k=6144: 1 x 62.16 us = 62.16 us (1012.06 GFLOPS/s)
MUL_MAT_VEC f32 m=256 n=4 k=256: 1 x 5.08 us = 5.08 us (103.005 GFLOPS/s)
MUL_MAT_VEC q6_K m=1024 n=1 k=5120: 2 x 10.88 us = 21.76 us (963.671 GFLOPS/s)
MUL_MAT_VEC q6_K m=12288 n=1 k=5120: 1 x 89.04 us = 89.04 us (1413.04 GFLOPS/s)
MUL_MAT_VEC q6_K m=17408 n=1 k=5120: 2 x 126.24 us = 252.48 us (1411.92 GFLOPS/s)
MUL_MAT_VEC q6_K m=98304 n=1 k=5120: 1 x 681.4 us = 681.4 us (1477.16 GFLOPS/s)
MUL_MAT_VEC q8_0 m=5120 n=1 k=10240: 1 x 111.08 us = 111.08 us (943.937 GFLOPS/s)
PAD: 1 x 9.64 us = 9.64 us
RMS_NORM_MUL RMS_NORM(256,24,1,1): 1 x 5.92 us = 5.92 us
RMS_NORM_MUL RMS_NORM(256,4,1,1): 1 x 5.8 us = 5.8 us
RMS_NORM_MUL RMS_NORM(5120,1,1,1): 5 x 6.352 us = 31.76 us
ROPE: 2 x 5.86 us = 11.72 us
SET_ROWS: 2 x 4.22 us = 8.44 us
SIGMOID_MUL SIGMOID: 1 x 5.96 us = 5.96 us
TOP_K K=10 (98304,1,1,1): 1 x 15.92 us = 15.92 us
Total time: 1505.56 us.
----------------
Vulkan Timings:
ADD: 48 x 3.65 us = 175.24 us
CONCAT: 48 x 2.89 us = 138.76 us
CONT: 16 x 4.357 us = 69.72 us
CPY: 240 x 2.732 us = 655.72 us
FLASH_ATTN_EXT dst(256,24,5,1),  q(256,5,24,1),  k(256,256,4,1),  v(256,256,4,1),  m(256,5,1,1): 16 x 24.122 us = 385.96 us (1304.06 GFLOPS/s)
GDN_CACHE GATED_DELTA_NET: 48 x 14.22 us = 682.6 us
GET_ROWS: 50 x 26.52 us = 1326.04 us
GLU: 64 x 3.164 us = 202.52 us
MUL_MAT f32 m=256 n=120 k=256: 16 x 2.05 us = 32.8 us (7657.52 GFLOPS/s)
MUL_MAT f32 m=256 n=20 k=256: 16 x 3.065 us = 49.04 us (853.612 GFLOPS/s)
MUL_MAT f32 m=64 n=480 k=64: 16 x 4.002 us = 64.04 us (974.751 GFLOPS/s)
MUL_MAT f32 m=64 n=80 k=64: 16 x 4.185 us = 66.96 us (155.374 GFLOPS/s)
MUL_MAT_ADD MUL_MAT_VEC q6_K m=5120 n=5 k=17408: 64 x 152.266 us = 9745.04 us (5853.33 GFLOPS/s)
MUL_MAT_ADD MUL_MAT_VEC q6_K m=5120 n=5 k=6144: 16 x 66.807 us = 1068.92 us (4708.26 GFLOPS/s)
MUL_MAT_VEC f32 m=48 n=5 k=5120: 96 x 4.637 us = 445.24 us (529.841 GFLOPS/s)
MUL_MAT_VEC q6_K m=1024 n=5 k=5120: 32 x 11.713 us = 374.84 us (4475.4 GFLOPS/s)
MUL_MAT_VEC q6_K m=10240 n=5 k=5120: 48 x 106.668 us = 5120.08 us (4914.64 GFLOPS/s)
MUL_MAT_VEC q6_K m=12288 n=5 k=5120: 16 x 133.895 us = 2142.32 us (4698.34 GFLOPS/s)
MUL_MAT_VEC q6_K m=17408 n=5 k=5120: 128 x 179.776 us = 23011.4 us (4957.27 GFLOPS/s)
MUL_MAT_VEC q6_K m=248320 n=5 k=5120: 1 x 1949.04 us = 1949.04 us (6522.57 GFLOPS/s)
MUL_MAT_VEC q6_K m=6144 n=5 k=5120: 48 x 70.525 us = 3385.24 us (4459.96 GFLOPS/s)
MUL_MAT_VEC q8_0 m=5120 n=5 k=6144: 48 x 65.279 us = 3133.4 us (4818.49 GFLOPS/s)
RMS_NORM_MUL RMS_NORM(256,24,5,1): 16 x 3.435 us = 54.96 us
RMS_NORM_MUL RMS_NORM(256,4,5,1): 16 x 4.707 us = 75.32 us
RMS_NORM_MUL RMS_NORM(5120,5,1,1): 129 x 5.562 us = 717.52 us
RMS_NORM_MUL_SILU_MUL RMS_NORM(128,48,5,1): 48 x 6.205 us = 297.88 us
RMS_NORM_SCALE RMS_NORM(128,16,5,1): 96 x 2.528 us = 242.72 us
ROPE: 32 x 4.906 us = 157 us
SET_ROWS: 32 x 3.382 us = 108.24 us
SIGMOID_MUL SIGMOID: 16 x 4.447 us = 71.16 us
SSM_CONV_SILU SSM_CONV: 48 x 6.072 us = 291.48 us
Total time: 56241.2 us.
----------------
Vulkan Timings:
CONCAT: 1 x 4 us = 4 us
CONT: 1 x 3.44 us = 3.44 us
FLASH_ATTN_EXT dst(256,24,5,1),  q(256,5,24,1),  k(256,256,4,1),  v(256,256,4,1),  m(256,5,1,1): 1 x 21.28 us = 21.28 us (1478.26 GFLOPS/s)
GLU: 1 x 1.8 us = 1.8 us
MUL_MAT f32 m=256 n=120 k=256: 1 x 1.56 us = 1.56 us (10062.8 GFLOPS/s)
MUL_MAT f32 m=256 n=20 k=256: 1 x 2.88 us = 2.88 us (908.444 GFLOPS/s)
MUL_MAT f32 m=64 n=480 k=64: 1 x 3.36 us = 3.36 us (1161.14 GFLOPS/s)
MUL_MAT f32 m=64 n=80 k=64: 1 x 3.24 us = 3.24 us (200.691 GFLOPS/s)
MUL_MAT_ADD MUL_MAT_VEC q6_K m=5120 n=5 k=17408: 1 x 176.62 us = 176.62 us (5046.22 GFLOPS/s)
MUL_MAT_ADD MUL_MAT_VEC q6_K m=5120 n=5 k=6144: 1 x 69.12 us = 69.12 us (4550.74 GFLOPS/s)
MUL_MAT_VEC q6_K m=1024 n=5 k=5120: 2 x 11.5 us = 23 us (4558.58 GFLOPS/s)
MUL_MAT_VEC q6_K m=12288 n=5 k=5120: 1 x 160.39 us = 160.39 us (3922.22 GFLOPS/s)
MUL_MAT_VEC q6_K m=17408 n=5 k=5120: 2 x 157.08 us = 314.16 us (5673.56 GFLOPS/s)
MUL_MAT_VEC q8_0 m=5120 n=5 k=10240: 1 x 112.48 us = 112.48 us (4660.94 GFLOPS/s)
RMS_NORM_MUL RMS_NORM(256,24,5,1): 1 x 5.84 us = 5.84 us
RMS_NORM_MUL RMS_NORM(256,4,5,1): 1 x 3.36 us = 3.36 us
RMS_NORM_MUL RMS_NORM(5120,5,1,1): 5 x 8.842 us = 44.21 us
ROPE: 2 x 3.32 us = 6.64 us
SET_ROWS: 2 x 1.8 us = 3.6 us
SIGMOID_MUL SIGMOID: 1 x 1.6 us = 1.6 us
Total time: 962.58 us.
----------------
Vulkan Timings:
CONCAT: 1 x 3.92 us = 3.92 us
CONT: 1 x 3.48 us = 3.48 us
FLASH_ATTN_EXT dst(256,24,1,1),  q(256,1,24,1),  k(256,256,4,1),  v(256,256,4,1),  m(256,1,1,1): 1 x 15.2 us = 15.2 us (413.912 GFLOPS/s)
GET_ROWS: 2 x 6.28 us = 12.56 us
GLU: 1 x 1.64 us = 1.64 us
MUL_MAT f32 m=256 n=24 k=256: 1 x 2.12 us = 2.12 us (1480.94 GFLOPS/s)
MUL_MAT f32 m=64 n=16 k=64: 1 x 1.8 us = 1.8 us (72.2489 GFLOPS/s)
MUL_MAT f32 m=64 n=96 k=64: 1 x 3.2 us = 3.2 us (243.84 GFLOPS/s)
MUL_MAT_ADD MUL_MAT_VEC q6_K m=5120 n=1 k=17408: 1 x 129.92 us = 129.92 us (1372.02 GFLOPS/s)
MUL_MAT_ADD MUL_MAT_VEC q6_K m=5120 n=1 k=6144: 1 x 53.76 us = 53.76 us (1170.19 GFLOPS/s)
MUL_MAT_VEC f32 m=256 n=4 k=256: 1 x 3 us = 3 us (174.421 GFLOPS/s)
MUL_MAT_VEC q6_K m=1024 n=1 k=5120: 2 x 8.46 us = 16.92 us (1239.33 GFLOPS/s)
MUL_MAT_VEC q6_K m=12288 n=1 k=5120: 1 x 90.88 us = 90.88 us (1384.43 GFLOPS/s)
MUL_MAT_VEC q6_K m=17408 n=1 k=5120: 2 x 117.88 us = 235.76 us (1512.05 GFLOPS/s)
MUL_MAT_VEC q6_K m=98304 n=1 k=5120: 1 x 690.78 us = 690.78 us (1457.1 GFLOPS/s)
MUL_MAT_VEC q8_0 m=5120 n=1 k=10240: 1 x 93.08 us = 93.08 us (1126.48 GFLOPS/s)
PAD: 1 x 6.44 us = 6.44 us
RMS_NORM_MUL RMS_NORM(256,24,1,1): 1 x 5.76 us = 5.76 us
RMS_NORM_MUL RMS_NORM(256,4,1,1): 1 x 4.84 us = 4.84 us
RMS_NORM_MUL RMS_NORM(5120,1,1,1): 5 x 4.056 us = 20.28 us
ROPE: 2 x 3.4 us = 6.8 us
SET_ROWS: 2 x 1.78 us = 3.56 us
SIGMOID_MUL SIGMOID: 1 x 3.24 us = 3.24 us
TOP_K K=10 (98304,1,1,1): 1 x 8.4 us = 8.4 us
Total time: 1417.34 us.
----------------
Vulkan Timings:
CONCAT: 1 x 4.16 us = 4.16 us
CONT: 1 x 3.64 us = 3.64 us
FLASH_ATTN_EXT dst(256,24,1,1),  q(256,1,24,1),  k(256,256,4,1),  v(256,256,4,1),  m(256,1,1,1): 1 x 15.2 us = 15.2 us (413.912 GFLOPS/s)
GET_ROWS: 2 x 5.46 us = 10.92 us
GLU: 1 x 1.88 us = 1.88 us
MUL_MAT f32 m=256 n=24 k=256: 1 x 1.68 us = 1.68 us (1868.8 GFLOPS/s)
MUL_MAT f32 m=64 n=16 k=64: 1 x 3.6 us = 3.6 us (36.1244 GFLOPS/s)
MUL_MAT f32 m=64 n=96 k=64: 1 x 3.6 us = 3.6 us (216.747 GFLOPS/s)
MUL_MAT_ADD MUL_MAT_VEC q6_K m=5120 n=1 k=17408: 1 x 122.8 us = 122.8 us (1451.57 GFLOPS/s)
MUL_MAT_ADD MUL_MAT_VEC q6_K m=5120 n=1 k=6144: 1 x 53.64 us = 53.64 us (1172.81 GFLOPS/s)
MUL_MAT_VEC f32 m=256 n=4 k=256: 1 x 3 us = 3 us (174.421 GFLOPS/s)
MUL_MAT_VEC q6_K m=1024 n=1 k=5120: 2 x 5.88 us = 11.76 us (1783.12 GFLOPS/s)
MUL_MAT_VEC q6_K m=12288 n=1 k=5120: 1 x 93.44 us = 93.44 us (1346.5 GFLOPS/s)
MUL_MAT_VEC q6_K m=17408 n=1 k=5120: 2 x 121.1 us = 242.2 us (1471.85 GFLOPS/s)
MUL_MAT_VEC q6_K m=98304 n=1 k=5120: 1 x 677.94 us = 677.94 us (1484.7 GFLOPS/s)
MUL_MAT_VEC q8_0 m=5120 n=1 k=10240: 1 x 101.08 us = 101.08 us (1037.32 GFLOPS/s)
PAD: 1 x 8.4 us = 8.4 us
RMS_NORM_MUL RMS_NORM(256,24,1,1): 1 x 3.56 us = 3.56 us
RMS_NORM_MUL RMS_NORM(256,4,1,1): 1 x 3.56 us = 3.56 us
RMS_NORM_MUL RMS_NORM(5120,1,1,1): 5 x 3.72 us = 18.6 us
ROPE: 2 x 3.58 us = 7.16 us
SET_ROWS: 2 x 1.84 us = 3.68 us
SIGMOID_MUL SIGMOID: 1 x 2.6 us = 2.6 us
TOP_K K=10 (98304,1,1,1): 1 x 6.4 us = 6.4 us
Total time: 1404.5 us.
----------------
Vulkan Timings:
CONCAT: 1 x 3.72 us = 3.72 us
CONT: 1 x 3.6 us = 3.6 us
FLASH_ATTN_EXT dst(256,24,1,1),  q(256,1,24,1),  k(256,256,4,1),  v(256,256,4,1),  m(256,1,1,1): 1 x 14.4 us = 14.4 us (436.907 GFLOPS/s)
GET_ROWS: 2 x 10.805 us = 21.61 us
GLU: 1 x 2.32 us = 2.32 us
MUL_MAT f32 m=256 n=24 k=256: 1 x 2.24 us = 2.24 us (1401.6 GFLOPS/s)
MUL_MAT f32 m=64 n=16 k=64: 1 x 3.64 us = 3.64 us (35.7275 GFLOPS/s)
MUL_MAT f32 m=64 n=96 k=64: 1 x 3.6 us = 3.6 us (216.747 GFLOPS/s)
MUL_MAT_ADD MUL_MAT_VEC q6_K m=5120 n=1 k=17408: 1 x 122.32 us = 122.32 us (1457.27 GFLOPS/s)
MUL_MAT_ADD MUL_MAT_VEC q6_K m=5120 n=1 k=6144: 1 x 54.48 us = 54.48 us (1154.73 GFLOPS/s)
MUL_MAT_VEC f32 m=256 n=4 k=256: 1 x 0.76 us = 0.76 us (688.505 GFLOPS/s)
MUL_MAT_VEC q6_K m=1024 n=1 k=5120: 2 x 9.16 us = 18.32 us (1144.62 GFLOPS/s)
MUL_MAT_VEC q6_K m=12288 n=1 k=5120: 1 x 85.6 us = 85.6 us (1469.82 GFLOPS/s)
MUL_MAT_VEC q6_K m=17408 n=1 k=5120: 2 x 121.08 us = 242.16 us (1472.09 GFLOPS/s)
MUL_MAT_VEC q6_K m=98304 n=1 k=5120: 1 x 681.36 us = 681.36 us (1477.24 GFLOPS/s)
MUL_MAT_VEC q8_0 m=5120 n=1 k=10240: 1 x 101.04 us = 101.04 us (1037.73 GFLOPS/s)
PAD: 1 x 5 us = 5 us
RMS_NORM_MUL RMS_NORM(256,24,1,1): 1 x 3.64 us = 3.64 us
RMS_NORM_MUL RMS_NORM(256,4,1,1): 1 x 3.6 us = 3.6 us
RMS_NORM_MUL RMS_NORM(5120,1,1,1): 5 x 3.752 us = 18.76 us
ROPE: 2 x 3.66 us = 7.32 us
SET_ROWS: 2 x 2.82 us = 5.64 us
SIGMOID_MUL SIGMOID: 1 x 1.64 us = 1.64 us
TOP_K K=10 (98304,1,1,1): 1 x 8.84 us = 8.84 us
Total time: 1415.61 us.
----------------
Vulkan Timings:
CONCAT: 1 x 4 us = 4 us
CONT: 1 x 3.6 us = 3.6 us
FLASH_ATTN_EXT dst(256,24,1,1),  q(256,1,24,1),  k(256,256,4,1),  v(256,256,4,1),  m(256,1,1,1): 1 x 15.56 us = 15.56 us (404.335 GFLOPS/s)
GET_ROWS: 2 x 15.395 us = 30.79 us
GLU: 1 x 1.72 us = 1.72 us
MUL_MAT f32 m=256 n=24 k=256: 1 x 2.2 us = 2.2 us (1427.08 GFLOPS/s)
MUL_MAT f32 m=64 n=16 k=64: 1 x 3.6 us = 3.6 us (36.1244 GFLOPS/s)
MUL_MAT f32 m=64 n=96 k=64: 1 x 3.64 us = 3.64 us (214.365 GFLOPS/s)
MUL_MAT_ADD MUL_MAT_VEC q6_K m=5120 n=1 k=17408: 1 x 123.16 us = 123.16 us (1447.33 GFLOPS/s)
MUL_MAT_ADD MUL_MAT_VEC q6_K m=5120 n=1 k=6144: 1 x 53.52 us = 53.52 us (1175.44 GFLOPS/s)
MUL_MAT_VEC f32 m=256 n=4 k=256: 1 x 0.72 us = 0.72 us (726.756 GFLOPS/s)
MUL_MAT_VEC q6_K m=1024 n=1 k=5120: 2 x 9.14 us = 18.28 us (1147.13 GFLOPS/s)
MUL_MAT_VEC q6_K m=12288 n=1 k=5120: 1 x 86.32 us = 86.32 us (1457.56 GFLOPS/s)
MUL_MAT_VEC q6_K m=17408 n=1 k=5120: 2 x 121.04 us = 242.08 us (1472.58 GFLOPS/s)
MUL_MAT_VEC q6_K m=98304 n=1 k=5120: 1 x 678.53 us = 678.53 us (1483.4 GFLOPS/s)
MUL_MAT_VEC q8_0 m=5120 n=1 k=10240: 1 x 100.48 us = 100.48 us (1043.52 GFLOPS/s)
PAD: 1 x 6.56 us = 6.56 us
RMS_NORM_MUL RMS_NORM(256,24,1,1): 1 x 3.56 us = 3.56 us
RMS_NORM_MUL RMS_NORM(256,4,1,1): 1 x 3.56 us = 3.56 us
RMS_NORM_MUL RMS_NORM(5120,1,1,1): 5 x 3.744 us = 18.72 us
ROPE: 2 x 3.6 us = 7.2 us
SET_ROWS: 2 x 2.92 us = 5.84 us
SIGMOID_MUL SIGMOID: 1 x 1.72 us = 1.72 us
TOP_K K=10 (98304,1,1,1): 1 x 8.92 us = 8.92 us
Total time: 1424.28 us.
----------------
Vulkan Timings:
ADD: 48 x 4.04 us = 193.92 us
CONCAT: 48 x 3.283 us = 157.6 us
CONT: 16 x 4.34 us = 69.44 us
CPY: 240 x 2.622 us = 629.28 us
FLASH_ATTN_EXT dst(256,24,5,1),  q(256,5,24,1),  k(256,256,4,1),  v(256,256,4,1),  m(256,5,1,1): 16 x 23.652 us = 378.44 us (1329.98 GFLOPS/s)
GDN_CACHE GATED_DELTA_NET: 48 x 13.944 us = 669.32 us
GET_ROWS: 50 x 26.504 us = 1325.2 us
GLU: 64 x 3.556 us = 227.6 us
MUL_MAT f32 m=256 n=120 k=256: 16 x 2.207 us = 35.32 us (7111.18 GFLOPS/s)
MUL_MAT f32 m=256 n=20 k=256: 16 x 2.447 us = 39.16 us (1068.98 GFLOPS/s)
MUL_MAT f32 m=64 n=480 k=64: 16 x 4.295 us = 68.72 us (908.368 GFLOPS/s)
MUL_MAT f32 m=64 n=80 k=64: 16 x 4.082 us = 65.32 us (159.275 GFLOPS/s)
MUL_MAT_ADD MUL_MAT_VEC q6_K m=5120 n=5 k=17408: 64 x 151.465 us = 9693.76 us (5884.29 GFLOPS/s)
MUL_MAT_ADD MUL_MAT_VEC q6_K m=5120 n=5 k=6144: 16 x 65.787 us = 1052.6 us (4781.26 GFLOPS/s)
MUL_MAT_VEC f32 m=48 n=5 k=5120: 96 x 4.76 us = 456.96 us (516.252 GFLOPS/s)
MUL_MAT_VEC q6_K m=1024 n=5 k=5120: 32 x 11.523 us = 368.76 us (4549.19 GFLOPS/s)
MUL_MAT_VEC q6_K m=10240 n=5 k=5120: 48 x 105.633 us = 5070.4 us (4962.8 GFLOPS/s)
MUL_MAT_VEC q6_K m=12288 n=5 k=5120: 16 x 132.04 us = 2112.64 us (4764.35 GFLOPS/s)
MUL_MAT_VEC q6_K m=17408 n=5 k=5120: 128 x 178.031 us = 22788 us (5005.88 GFLOPS/s)
MUL_MAT_VEC q6_K m=248320 n=5 k=5120: 1 x 1951.16 us = 1951.16 us (6515.48 GFLOPS/s)
MUL_MAT_VEC q6_K m=6144 n=5 k=5120: 48 x 70.071 us = 3363.44 us (4488.86 GFLOPS/s)
MUL_MAT_VEC q8_0 m=5120 n=5 k=6144: 48 x 65.01 us = 3120.52 us (4838.38 GFLOPS/s)
RMS_NORM_MUL RMS_NORM(256,24,5,1): 16 x 3.997 us = 63.96 us
RMS_NORM_MUL RMS_NORM(256,4,5,1): 16 x 4.627 us = 74.04 us
RMS_NORM_MUL RMS_NORM(5120,5,1,1): 129 x 5.369 us = 692.72 us
RMS_NORM_MUL_SILU_MUL RMS_NORM(128,48,5,1): 48 x 6.315 us = 303.16 us
RMS_NORM_SCALE RMS_NORM(128,16,5,1): 96 x 2.446 us = 234.88 us
ROPE: 32 x 4.472 us = 143.12 us
SET_ROWS: 32 x 3.627 us = 116.08 us
SIGMOID_MUL SIGMOID: 16 x 3.957 us = 63.32 us
SSM_CONV_SILU SSM_CONV: 48 x 6.225 us = 298.8 us
Total time: 55827.6 us.
----------------
Vulkan Timings:
CONCAT: 1 x 4 us = 4 us
CONT: 1 x 3.44 us = 3.44 us
FLASH_ATTN_EXT dst(256,24,5,1),  q(256,5,24,1),  k(256,256,4,1),  v(256,256,4,1),  m(256,5,1,1): 1 x 19.68 us = 19.68 us (1598.44 GFLOPS/s)
GLU: 1 x 1.56 us = 1.56 us
MUL_MAT f32 m=256 n=120 k=256: 1 x 1.6 us = 1.6 us (9811.2 GFLOPS/s)
MUL_MAT f32 m=256 n=20 k=256: 1 x 2.92 us = 2.92 us (896 GFLOPS/s)
MUL_MAT f32 m=64 n=480 k=64: 1 x 3.32 us = 3.32 us (1175.13 GFLOPS/s)
MUL_MAT f32 m=64 n=80 k=64: 1 x 3.28 us = 3.28 us (198.244 GFLOPS/s)
MUL_MAT_ADD MUL_MAT_VEC q6_K m=5120 n=5 k=17408: 1 x 731.18 us = 731.18 us (1218.94 GFLOPS/s)
MUL_MAT_ADD MUL_MAT_VEC q6_K m=5120 n=5 k=6144: 1 x 72.4 us = 72.4 us (4344.57 GFLOPS/s)
MUL_MAT_VEC q6_K m=1024 n=5 k=5120: 2 x 12.44 us = 24.88 us (4214.12 GFLOPS/s)
MUL_MAT_VEC q6_K m=12288 n=5 k=5120: 1 x 148.32 us = 148.32 us (4241.4 GFLOPS/s)
MUL_MAT_VEC q6_K m=17408 n=5 k=5120: 2 x 157.24 us = 314.48 us (5667.79 GFLOPS/s)
MUL_MAT_VEC q8_0 m=5120 n=5 k=10240: 1 x 113.63 us = 113.63 us (4613.77 GFLOPS/s)
RMS_NORM_MUL RMS_NORM(256,24,5,1): 1 x 3.44 us = 3.44 us
RMS_NORM_MUL RMS_NORM(256,4,5,1): 1 x 3.4 us = 3.4 us
RMS_NORM_MUL RMS_NORM(5120,5,1,1): 5 x 8.712 us = 43.56 us
ROPE: 2 x 3.34 us = 6.68 us
SET_ROWS: 2 x 2.5 us = 5 us
SIGMOID_MUL SIGMOID: 1 x 1.56 us = 1.56 us
Total time: 1508.33 us.
----------------
Vulkan Timings:
CONCAT: 1 x 3.68 us = 3.68 us
CONT: 1 x 3.52 us = 3.52 us
FLASH_ATTN_EXT dst(256,24,1,1),  q(256,1,24,1),  k(256,256,4,1),  v(256,256,4,1),  m(256,1,1,1): 1 x 15.44 us = 15.44 us (407.478 GFLOPS/s)
GET_ROWS: 2 x 4.6 us = 9.2 us
GLU: 1 x 1.64 us = 1.64 us
MUL_MAT f32 m=256 n=24 k=256: 1 x 1.64 us = 1.64 us (1914.38 GFLOPS/s)
MUL_MAT f32 m=64 n=16 k=64: 1 x 3.8 us = 3.8 us (34.2232 GFLOPS/s)
MUL_MAT f32 m=64 n=96 k=64: 1 x 3.2 us = 3.2 us (243.84 GFLOPS/s)
MUL_MAT_ADD MUL_MAT_VEC q6_K m=5120 n=1 k=17408: 1 x 130 us = 130 us (1371.18 GFLOPS/s)
MUL_MAT_ADD MUL_MAT_VEC q6_K m=5120 n=1 k=6144: 1 x 53.16 us = 53.16 us (1183.4 GFLOPS/s)
MUL_MAT_VEC f32 m=256 n=4 k=256: 1 x 3 us = 3 us (174.421 GFLOPS/s)
MUL_MAT_VEC q6_K m=1024 n=1 k=5120: 2 x 8.3 us = 16.6 us (1263.22 GFLOPS/s)
MUL_MAT_VEC q6_K m=12288 n=1 k=5120: 1 x 93.56 us = 93.56 us (1344.77 GFLOPS/s)
MUL_MAT_VEC q6_K m=17408 n=1 k=5120: 2 x 118.08 us = 236.16 us (1509.49 GFLOPS/s)
MUL_MAT_VEC q6_K m=98304 n=1 k=5120: 1 x 675.17 us = 675.17 us (1490.79 GFLOPS/s)
MUL_MAT_VEC q8_0 m=5120 n=1 k=10240: 1 x 92.96 us = 92.96 us (1127.93 GFLOPS/s)
PAD: 1 x 7.12 us = 7.12 us
RMS_NORM_MUL RMS_NORM(256,24,1,1): 1 x 5.8 us = 5.8 us
RMS_NORM_MUL RMS_NORM(256,4,1,1): 1 x 3.44 us = 3.44 us
RMS_NORM_MUL RMS_NORM(5120,1,1,1): 5 x 4.048 us = 20.24 us
ROPE: 2 x 3.38 us = 6.76 us
SET_ROWS: 2 x 1.8 us = 3.6 us
SIGMOID_MUL SIGMOID: 1 x 2.44 us = 2.44 us
TOP_K K=10 (98304,1,1,1): 1 x 8.96 us = 8.96 us
Total time: 1401.09 us.
----------------
Vulkan Timings:
CONCAT: 1 x 4.28 us = 4.28 us
CONT: 1 x 3.92 us = 3.92 us
FLASH_ATTN_EXT dst(256,24,1,1),  q(256,1,24,1),  k(256,256,4,1),  v(256,256,4,1),  m(256,1,1,1): 1 x 16.36 us = 16.36 us (384.563 GFLOPS/s)
GET_ROWS: 2 x 9.94 us = 19.88 us
GLU: 1 x 2 us = 2 us
MUL_MAT f32 m=256 n=24 k=256: 1 x 1.84 us = 1.84 us (1706.3 GFLOPS/s)
MUL_MAT f32 m=64 n=16 k=64: 1 x 4.12 us = 4.12 us (31.565 GFLOPS/s)
MUL_MAT f32 m=64 n=96 k=64: 1 x 3.92 us = 3.92 us (199.053 GFLOPS/s)
MUL_MAT_ADD MUL_MAT_VEC q6_K m=5120 n=1 k=17408: 1 x 124.92 us = 124.92 us (1426.94 GFLOPS/s)
MUL_MAT_ADD MUL_MAT_VEC q6_K m=5120 n=1 k=6144: 1 x 55.16 us = 55.16 us (1140.49 GFLOPS/s)
MUL_MAT_VEC f32 m=256 n=4 k=256: 1 x 3.32 us = 3.32 us (157.61 GFLOPS/s)
MUL_MAT_VEC q6_K m=1024 n=1 k=5120: 2 x 9.28 us = 18.56 us (1129.82 GFLOPS/s)
MUL_MAT_VEC q6_K m=12288 n=1 k=5120: 1 x 85.76 us = 85.76 us (1467.08 GFLOPS/s)
MUL_MAT_VEC q6_K m=17408 n=1 k=5120: 2 x 122.18 us = 244.36 us (1458.84 GFLOPS/s)
MUL_MAT_VEC q6_K m=98304 n=1 k=5120: 1 x 680.01 us = 680.01 us (1480.18 GFLOPS/s)
MUL_MAT_VEC q8_0 m=5120 n=1 k=10240: 1 x 101.92 us = 101.92 us (1028.77 GFLOPS/s)
PAD: 1 x 5.76 us = 5.76 us
RMS_NORM_MUL RMS_NORM(256,24,1,1): 1 x 3.92 us = 3.92 us
RMS_NORM_MUL RMS_NORM(256,4,1,1): 1 x 3.92 us = 3.92 us
RMS_NORM_MUL RMS_NORM(5120,1,1,1): 5 x 4.056 us = 20.28 us
ROPE: 2 x 3.9 us = 7.8 us
SET_ROWS: 2 x 1.92 us = 3.84 us
SIGMOID_MUL SIGMOID: 1 x 1.8 us = 1.8 us
TOP_K K=10 (98304,1,1,1): 1 x 10.68 us = 10.68 us
Total time: 1428.33 us.
----------------
Vulkan Timings:
CONCAT: 1 x 8.16 us = 8.16 us
CONT: 1 x 5.2 us = 5.2 us
FLASH_ATTN_EXT dst(256,24,1,1),  q(256,1,24,1),  k(256,256,4,1),  v(256,256,4,1),  m(256,1,1,1): 1 x 18.04 us = 18.04 us (348.75 GFLOPS/s)
GET_ROWS: 2 x 7.18 us = 14.36 us
GLU: 1 x 2.32 us = 2.32 us
MUL_MAT f32 m=256 n=24 k=256: 1 x 2.24 us = 2.24 us (1401.6 GFLOPS/s)
MUL_MAT f32 m=64 n=16 k=64: 1 x 5.2 us = 5.2 us (25.0092 GFLOPS/s)
MUL_MAT f32 m=64 n=96 k=64: 1 x 5.2 us = 5.2 us (150.055 GFLOPS/s)
MUL_MAT_ADD MUL_MAT_VEC q6_K m=5120 n=1 k=17408: 1 x 127.24 us = 127.24 us (1400.92 GFLOPS/s)
MUL_MAT_ADD MUL_MAT_VEC q6_K m=5120 n=1 k=6144: 1 x 59.76 us = 59.76 us (1052.7 GFLOPS/s)
MUL_MAT_VEC f32 m=256 n=4 k=256: 1 x 4.44 us = 4.44 us (117.852 GFLOPS/s)
MUL_MAT_VEC q6_K m=1024 n=1 k=5120: 2 x 10.48 us = 20.96 us (1000.45 GFLOPS/s)
MUL_MAT_VEC q6_K m=12288 n=1 k=5120: 1 x 87.56 us = 87.56 us (1436.92 GFLOPS/s)
MUL_MAT_VEC q6_K m=17408 n=1 k=5120: 2 x 124.36 us = 248.72 us (1433.26 GFLOPS/s)
MUL_MAT_VEC q6_K m=98304 n=1 k=5120: 1 x 685.02 us = 685.02 us (1469.35 GFLOPS/s)
MUL_MAT_VEC q8_0 m=5120 n=1 k=10240: 1 x 109.92 us = 109.92 us (953.898 GFLOPS/s)
PAD: 1 x 9.12 us = 9.12 us
RMS_NORM_MUL RMS_NORM(256,24,1,1): 1 x 5.2 us = 5.2 us
RMS_NORM_MUL RMS_NORM(256,4,1,1): 1 x 5.16 us = 5.16 us
RMS_NORM_MUL RMS_NORM(5120,1,1,1): 5 x 5.248 us = 26.24 us
ROPE: 2 x 5.12 us = 10.24 us
SET_ROWS: 2 x 3.78 us = 7.56 us
SIGMOID_MUL SIGMOID: 1 x 2.72 us = 2.72 us
TOP_K K=10 (98304,1,1,1): 1 x 14.36 us = 14.36 us
Total time: 1484.94 us.
----------------
Vulkan Timings:
CONCAT: 1 x 2.72 us = 2.72 us
CONT: 1 x 2.24 us = 2.24 us
FLASH_ATTN_EXT dst(256,24,1,1),  q(256,1,24,1),  k(256,256,4,1),  v(256,256,4,1),  m(256,1,1,1): 1 x 20.6 us = 20.6 us (305.41 GFLOPS/s)
GET_ROWS: 2 x 7.02 us = 14.04 us
GLU: 1 x 2.8 us = 2.8 us
MUL_MAT f32 m=256 n=24 k=256: 1 x 2.6 us = 2.6 us (1207.53 GFLOPS/s)
MUL_MAT f32 m=64 n=16 k=64: 1 x 5.92 us = 5.92 us (21.9676 GFLOPS/s)
MUL_MAT f32 m=64 n=96 k=64: 1 x 8.8 us = 8.8 us (88.6691 GFLOPS/s)
MUL_MAT_ADD MUL_MAT_VEC q6_K m=5120 n=1 k=17408: 1 x 129.12 us = 129.12 us (1380.52 GFLOPS/s)
MUL_MAT_ADD MUL_MAT_VEC q6_K m=5120 n=1 k=6144: 1 x 61.04 us = 61.04 us (1030.63 GFLOPS/s)
MUL_MAT_VEC f32 m=256 n=4 k=256: 1 x 5.08 us = 5.08 us (103.005 GFLOPS/s)
MUL_MAT_VEC q6_K m=1024 n=1 k=5120: 2 x 11.18 us = 22.36 us (937.812 GFLOPS/s)
MUL_MAT_VEC q6_K m=12288 n=1 k=5120: 1 x 88.6 us = 88.6 us (1420.05 GFLOPS/s)
MUL_MAT_VEC q6_K m=17408 n=1 k=5120: 2 x 126.78 us = 253.56 us (1405.9 GFLOPS/s)
MUL_MAT_VEC q6_K m=98304 n=1 k=5120: 1 x 683.4 us = 683.4 us (1472.83 GFLOPS/s)
MUL_MAT_VEC q8_0 m=5120 n=1 k=10240: 1 x 111.48 us = 111.48 us (940.55 GFLOPS/s)
PAD: 1 x 10.48 us = 10.48 us
RMS_NORM_MUL RMS_NORM(256,24,1,1): 1 x 2.24 us = 2.24 us
RMS_NORM_MUL RMS_NORM(256,4,1,1): 1 x 5.84 us = 5.84 us
RMS_NORM_MUL RMS_NORM(5120,1,1,1): 5 x 6.44 us = 32.2 us
ROPE: 2 x 7.28 us = 14.56 us
SET_ROWS: 2 x 4.3 us = 8.6 us
SIGMOID_MUL SIGMOID: 1 x 2.64 us = 2.64 us
TOP_K K=10 (98304,1,1,1): 1 x 15.24 us = 15.24 us
Total time: 1506.16 us.
----------------
Vulkan Timings:
ADD: 48 x 3.845 us = 184.6 us
CONCAT: 48 x 3.018 us = 144.88 us
CONT: 16 x 3.735 us = 59.76 us
CPY: 240 x 2.793 us = 670.48 us
FLASH_ATTN_EXT dst(256,24,5,1),  q(256,5,24,1),  k(256,256,4,1),  v(256,256,4,1),  m(256,5,1,1): 16 x 24.187 us = 387 us (1300.56 GFLOPS/s)
GDN_CACHE GATED_DELTA_NET: 48 x 14.18 us = 680.68 us
GET_ROWS: 50 x 26.791 us = 1339.56 us
GLU: 64 x 3.063 us = 196.04 us
MUL_MAT f32 m=256 n=120 k=256: 16 x 2.325 us = 37.2 us (6751.79 GFLOPS/s)
MUL_MAT f32 m=256 n=20 k=256: 16 x 2.847 us = 45.56 us (918.813 GFLOPS/s)
MUL_MAT f32 m=64 n=480 k=64: 16 x 4.452 us = 71.24 us (876.236 GFLOPS/s)
MUL_MAT f32 m=64 n=80 k=64: 16 x 4.412 us = 70.6 us (147.363 GFLOPS/s)
MUL_MAT_ADD MUL_MAT_VEC q6_K m=5120 n=5 k=17408: 64 x 153.035 us = 9794.28 us (5823.9 GFLOPS/s)
MUL_MAT_ADD MUL_MAT_VEC q6_K m=5120 n=5 k=6144: 16 x 66.945 us = 1071.12 us (4698.59 GFLOPS/s)
MUL_MAT_VEC f32 m=48 n=5 k=5120: 96 x 4.874 us = 467.92 us (504.16 GFLOPS/s)
MUL_MAT_VEC q6_K m=1024 n=5 k=5120: 32 x 11.688 us = 374.04 us (4484.97 GFLOPS/s)
MUL_MAT_VEC q6_K m=10240 n=5 k=5120: 48 x 106.975 us = 5134.84 us (4900.52 GFLOPS/s)
MUL_MAT_VEC q6_K m=12288 n=5 k=5120: 16 x 134.267 us = 2148.28 us (4685.3 GFLOPS/s)
MUL_MAT_VEC q6_K m=17408 n=5 k=5120: 128 x 180.066 us = 23048.6 us (4949.29 GFLOPS/s)
MUL_MAT_VEC q6_K m=248320 n=5 k=5120: 1 x 1970.6 us = 1970.6 us (6451.2 GFLOPS/s)
MUL_MAT_VEC q6_K m=6144 n=5 k=5120: 48 x 70.796 us = 3398.24 us (4442.89 GFLOPS/s)
MUL_MAT_VEC q8_0 m=5120 n=5 k=6144: 48 x 65.606 us = 3149.12 us (4794.44 GFLOPS/s)
RMS_NORM_MUL RMS_NORM(256,24,5,1): 16 x 3.607 us = 57.72 us
RMS_NORM_MUL RMS_NORM(256,4,5,1): 16 x 4.52 us = 72.32 us
RMS_NORM_MUL RMS_NORM(5120,5,1,1): 129 x 5.574 us = 719.16 us
RMS_NORM_MUL_SILU_MUL RMS_NORM(128,48,5,1): 48 x 6.085 us = 292.12 us
RMS_NORM_SCALE RMS_NORM(128,16,5,1): 96 x 2.441 us = 234.4 us
ROPE: 32 x 4.812 us = 154 us
SET_ROWS: 32 x 3.593 us = 115 us
SIGMOID_MUL SIGMOID: 16 x 4.462 us = 71.4 us
SSM_CONV_SILU SSM_CONV: 48 x 6.13 us = 294.28 us
Total time: 56455 us.
----------------
Vulkan Timings:
CONCAT: 1 x 3.96 us = 3.96 us
CONT: 1 x 3.4 us = 3.4 us
FLASH_ATTN_EXT dst(256,24,5,1),  q(256,5,24,1),  k(256,256,4,1),  v(256,256,4,1),  m(256,5,1,1): 1 x 21.92 us = 21.92 us (1435.09 GFLOPS/s)
GLU: 1 x 1.68 us = 1.68 us
MUL_MAT f32 m=256 n=120 k=256: 1 x 2.04 us = 2.04 us (7695.06 GFLOPS/s)
MUL_MAT f32 m=256 n=20 k=256: 1 x 0.72 us = 0.72 us (3633.78 GFLOPS/s)
MUL_MAT f32 m=64 n=480 k=64: 1 x 3.32 us = 3.32 us (1175.13 GFLOPS/s)
MUL_MAT f32 m=64 n=80 k=64: 1 x 3.32 us = 3.32 us (195.855 GFLOPS/s)
MUL_MAT_ADD MUL_MAT_VEC q6_K m=5120 n=5 k=17408: 1 x 176.28 us = 176.28 us (5055.96 GFLOPS/s)
MUL_MAT_ADD MUL_MAT_VEC q6_K m=5120 n=5 k=6144: 1 x 67.64 us = 67.64 us (4650.31 GFLOPS/s)
MUL_MAT_VEC q6_K m=1024 n=5 k=5120: 2 x 11.46 us = 22.92 us (4574.49 GFLOPS/s)
MUL_MAT_VEC q6_K m=12288 n=5 k=5120: 1 x 152.82 us = 152.82 us (4116.5 GFLOPS/s)
MUL_MAT_VEC q6_K m=17408 n=5 k=5120: 2 x 158.66 us = 317.32 us (5617.06 GFLOPS/s)
MUL_MAT_VEC q8_0 m=5120 n=5 k=10240: 1 x 131.02 us = 131.02 us (4001.39 GFLOPS/s)
RMS_NORM_MUL RMS_NORM(256,24,5,1): 1 x 6.2 us = 6.2 us
RMS_NORM_MUL RMS_NORM(256,4,5,1): 1 x 3.4 us = 3.4 us
RMS_NORM_MUL RMS_NORM(5120,5,1,1): 5 x 9.044 us = 45.22 us
ROPE: 2 x 3.4 us = 6.8 us
SET_ROWS: 2 x 2.82 us = 5.64 us
SIGMOID_MUL SIGMOID: 1 x 1.6 us = 1.6 us
Total time: 977.22 us.
----------------
Vulkan Timings:
CONCAT: 1 x 3.76 us = 3.76 us
CONT: 1 x 3.52 us = 3.52 us
FLASH_ATTN_EXT dst(256,24,1,1),  q(256,1,24,1),  k(256,256,4,1),  v(256,256,4,1),  m(256,1,1,1): 1 x 12.76 us = 12.76 us (493.061 GFLOPS/s)
GET_ROWS: 2 x 4.74 us = 9.48 us
GLU: 1 x 2.6 us = 2.6 us
MUL_MAT f32 m=256 n=24 k=256: 1 x 2.28 us = 2.28 us (1377.01 GFLOPS/s)
MUL_MAT f32 m=64 n=16 k=64: 1 x 1.84 us = 1.84 us (70.6783 GFLOPS/s)
MUL_MAT f32 m=64 n=96 k=64: 1 x 3.28 us = 3.28 us (237.893 GFLOPS/s)
MUL_MAT_ADD MUL_MAT_VEC q6_K m=5120 n=1 k=17408: 1 x 130.16 us = 130.16 us (1369.49 GFLOPS/s)
MUL_MAT_ADD MUL_MAT_VEC q6_K m=5120 n=1 k=6144: 1 x 53.2 us = 53.2 us (1182.51 GFLOPS/s)
MUL_MAT_VEC f32 m=256 n=4 k=256: 1 x 2.76 us = 2.76 us (189.588 GFLOPS/s)
MUL_MAT_VEC q6_K m=1024 n=1 k=5120: 2 x 9.34 us = 18.68 us (1122.56 GFLOPS/s)
MUL_MAT_VEC q6_K m=12288 n=1 k=5120: 1 x 89.36 us = 89.36 us (1407.98 GFLOPS/s)
MUL_MAT_VEC q6_K m=17408 n=1 k=5120: 2 x 118.14 us = 236.28 us (1508.72 GFLOPS/s)
MUL_MAT_VEC q6_K m=98304 n=1 k=5120: 1 x 676.79 us = 676.79 us (1487.22 GFLOPS/s)
MUL_MAT_VEC q8_0 m=5120 n=1 k=10240: 1 x 93.08 us = 93.08 us (1126.48 GFLOPS/s)
PAD: 1 x 6.52 us = 6.52 us
RMS_NORM_MUL RMS_NORM(256,24,1,1): 1 x 3.24 us = 3.24 us
RMS_NORM_MUL RMS_NORM(256,4,1,1): 1 x 4.92 us = 4.92 us
RMS_NORM_MUL RMS_NORM(5120,1,1,1): 5 x 4.104 us = 20.52 us
ROPE: 2 x 3.42 us = 6.84 us
SET_ROWS: 2 x 2.96 us = 5.92 us
SIGMOID_MUL SIGMOID: 1 x 1.8 us = 1.8 us
TOP_K K=10 (98304,1,1,1): 1 x 9.16 us = 9.16 us
Total time: 1398.75 us.
----------------
Vulkan Timings:
CONCAT: 1 x 1.92 us = 1.92 us
CONT: 1 x 4.4 us = 4.4 us
FLASH_ATTN_EXT dst(256,24,1,1),  q(256,1,24,1),  k(256,256,4,1),  v(256,256,4,1),  m(256,1,1,1): 1 x 15 us = 15 us (419.43 GFLOPS/s)
GET_ROWS: 2 x 5.78 us = 11.56 us
GLU: 1 x 2.04 us = 2.04 us
MUL_MAT f32 m=256 n=24 k=256: 1 x 1.88 us = 1.88 us (1669.99 GFLOPS/s)
MUL_MAT f32 m=64 n=16 k=64: 1 x 4.32 us = 4.32 us (30.1037 GFLOPS/s)
MUL_MAT f32 m=64 n=96 k=64: 1 x 4.28 us = 4.28 us (182.31 GFLOPS/s)
MUL_MAT_ADD MUL_MAT_VEC q6_K m=5120 n=1 k=17408: 1 x 124.56 us = 124.56 us (1431.06 GFLOPS/s)
MUL_MAT_ADD MUL_MAT_VEC q6_K m=5120 n=1 k=6144: 1 x 56.28 us = 56.28 us (1117.79 GFLOPS/s)
MUL_MAT_VEC f32 m=256 n=4 k=256: 1 x 3.64 us = 3.64 us (143.754 GFLOPS/s)
MUL_MAT_VEC q6_K m=1024 n=1 k=5120: 2 x 9.8 us = 19.6 us (1069.87 GFLOPS/s)
MUL_MAT_VEC q6_K m=12288 n=1 k=5120: 1 x 86.68 us = 86.68 us (1451.51 GFLOPS/s)
MUL_MAT_VEC q6_K m=17408 n=1 k=5120: 2 x 122.56 us = 245.12 us (1454.31 GFLOPS/s)
MUL_MAT_VEC q6_K m=98304 n=1 k=5120: 1 x 769.68 us = 769.68 us (1307.73 GFLOPS/s)
MUL_MAT_VEC q8_0 m=5120 n=1 k=10240: 1 x 104.12 us = 104.12 us (1007.03 GFLOPS/s)
PAD: 1 x 8.12 us = 8.12 us
RMS_NORM_MUL RMS_NORM(256,24,1,1): 1 x 4.28 us = 4.28 us
RMS_NORM_MUL RMS_NORM(256,4,1,1): 1 x 4.28 us = 4.28 us
RMS_NORM_MUL RMS_NORM(5120,1,1,1): 5 x 4.784 us = 23.92 us
ROPE: 2 x 4.26 us = 8.52 us
SET_ROWS: 2 x 3.1 us = 6.2 us
SIGMOID_MUL SIGMOID: 1 x 2 us = 2 us
TOP_K K=10 (98304,1,1,1): 1 x 11.36 us = 11.36 us
Total time: 1523.76 us.
----------------
Vulkan Timings:
CONCAT: 1 x 2.88 us = 2.88 us
CONT: 1 x 2.24 us = 2.24 us
FLASH_ATTN_EXT dst(256,24,1,1),  q(256,1,24,1),  k(256,256,4,1),  v(256,256,4,1),  m(256,1,1,1): 1 x 21.08 us = 21.08 us (298.456 GFLOPS/s)
GET_ROWS: 2 x 8.82 us = 17.64 us
GLU: 1 x 2.96 us = 2.96 us
MUL_MAT f32 m=256 n=24 k=256: 1 x 2.64 us = 2.64 us (1189.24 GFLOPS/s)
MUL_MAT f32 m=64 n=16 k=64: 1 x 2.28 us = 2.28 us (57.0386 GFLOPS/s)
MUL_MAT f32 m=64 n=96 k=64: 1 x 5.56 us = 5.56 us (140.34 GFLOPS/s)
MUL_MAT_ADD MUL_MAT_VEC q6_K m=5120 n=1 k=17408: 1 x 128.84 us = 128.84 us (1383.52 GFLOPS/s)
MUL_MAT_ADD MUL_MAT_VEC q6_K m=5120 n=1 k=6144: 1 x 61.76 us = 61.76 us (1018.61 GFLOPS/s)
MUL_MAT_VEC f32 m=256 n=4 k=256: 1 x 5.08 us = 5.08 us (103.005 GFLOPS/s)
MUL_MAT_VEC q6_K m=1024 n=1 k=5120: 2 x 10.92 us = 21.84 us (960.141 GFLOPS/s)
MUL_MAT_VEC q6_K m=12288 n=1 k=5120: 1 x 88.32 us = 88.32 us (1424.56 GFLOPS/s)
MUL_MAT_VEC q6_K m=17408 n=1 k=5120: 2 x 125.84 us = 251.68 us (1416.41 GFLOPS/s)
MUL_MAT_VEC q6_K m=98304 n=1 k=5120: 1 x 683.78 us = 683.78 us (1472.02 GFLOPS/s)
MUL_MAT_VEC q8_0 m=5120 n=1 k=10240: 1 x 109.28 us = 109.28 us (959.485 GFLOPS/s)
PAD: 1 x 10.72 us = 10.72 us
RMS_NORM_MUL RMS_NORM(256,24,1,1): 1 x 2.24 us = 2.24 us
RMS_NORM_MUL RMS_NORM(256,4,1,1): 1 x 8.96 us = 8.96 us
RMS_NORM_MUL RMS_NORM(5120,1,1,1): 5 x 5.376 us = 26.88 us
ROPE: 2 x 7.34 us = 14.68 us
SET_ROWS: 2 x 4.26 us = 8.52 us
SIGMOID_MUL SIGMOID: 1 x 5.88 us = 5.88 us
TOP_K K=10 (98304,1,1,1): 1 x 15.4 us = 15.4 us
Total time: 1501.14 us.
----------------
Vulkan Timings:
CONCAT: 1 x 2.64 us = 2.64 us
CONT: 1 x 5.64 us = 5.64 us
FLASH_ATTN_EXT dst(256,24,1,1),  q(256,1,24,1),  k(256,256,4,1),  v(256,256,4,1),  m(256,1,1,1): 1 x 19.76 us = 19.76 us (318.394 GFLOPS/s)
GET_ROWS: 2 x 8.84 us = 17.68 us
GLU: 1 x 2.8 us = 2.8 us
MUL_MAT f32 m=256 n=24 k=256: 1 x 2.52 us = 2.52 us (1245.87 GFLOPS/s)
MUL_MAT f32 m=64 n=16 k=64: 1 x 5.32 us = 5.32 us (24.4451 GFLOPS/s)
MUL_MAT f32 m=64 n=96 k=64: 1 x 5.24 us = 5.24 us (148.91 GFLOPS/s)
MUL_MAT_ADD MUL_MAT_VEC q6_K m=5120 n=1 k=17408: 1 x 129.8 us = 129.8 us (1373.29 GFLOPS/s)
MUL_MAT_ADD MUL_MAT_VEC q6_K m=5120 n=1 k=6144: 1 x 61.08 us = 61.08 us (1029.95 GFLOPS/s)
MUL_MAT_VEC f32 m=256 n=4 k=256: 1 x 5 us = 5 us (104.653 GFLOPS/s)
MUL_MAT_VEC q6_K m=1024 n=1 k=5120: 2 x 11.04 us = 22.08 us (949.704 GFLOPS/s)
MUL_MAT_VEC q6_K m=12288 n=1 k=5120: 1 x 88.64 us = 88.64 us (1419.41 GFLOPS/s)
MUL_MAT_VEC q6_K m=17408 n=1 k=5120: 2 x 192.565 us = 385.13 us (925.612 GFLOPS/s)
MUL_MAT_VEC q6_K m=98304 n=1 k=5120: 1 x 681.08 us = 681.08 us (1477.85 GFLOPS/s)
MUL_MAT_VEC q8_0 m=5120 n=1 k=10240: 1 x 114.72 us = 114.72 us (913.986 GFLOPS/s)
PAD: 1 x 9.48 us = 9.48 us
RMS_NORM_MUL RMS_NORM(256,24,1,1): 1 x 5.24 us = 5.24 us
RMS_NORM_MUL RMS_NORM(256,4,1,1): 1 x 5.64 us = 5.64 us
RMS_NORM_MUL RMS_NORM(5120,1,1,1): 5 x 6.536 us = 32.68 us
ROPE: 2 x 5.42 us = 10.84 us
SET_ROWS: 2 x 4.2 us = 8.4 us
SIGMOID_MUL SIGMOID: 1 x 2.56 us = 2.56 us
TOP_K K=10 (98304,1,1,1): 1 x 14.8 us = 14.8 us
Total time: 1638.77 us.
----------------
Vulkan Timings:
ADD: 48 x 3.695 us = 177.36 us
CONCAT: 48 x 2.908 us = 139.6 us
CONT: 16 x 4.832 us = 77.32 us
CPY: 240 x 2.802 us = 672.6 us
FLASH_ATTN_EXT dst(256,24,5,1),  q(256,5,24,1),  k(256,256,4,1),  v(256,256,4,1),  m(256,5,1,1): 16 x 23.915 us = 382.64 us (1315.38 GFLOPS/s)
GDN_CACHE GATED_DELTA_NET: 48 x 14.036 us = 673.76 us
GET_ROWS: 50 x 26.451 us = 1322.56 us
GLU: 64 x 3.315 us = 212.2 us
MUL_MAT f32 m=256 n=120 k=256: 16 x 2.075 us = 33.2 us (7565.26 GFLOPS/s)
MUL_MAT f32 m=256 n=20 k=256: 16 x 2.932 us = 46.92 us (892.181 GFLOPS/s)
MUL_MAT f32 m=64 n=480 k=64: 16 x 4.072 us = 65.16 us (957.996 GFLOPS/s)
MUL_MAT f32 m=64 n=80 k=64: 16 x 4.452 us = 71.24 us (146.039 GFLOPS/s)
MUL_MAT_ADD MUL_MAT_VEC q6_K m=5120 n=5 k=17408: 64 x 152.787 us = 9778.4 us (5833.36 GFLOPS/s)
MUL_MAT_ADD MUL_MAT_VEC q6_K m=5120 n=5 k=6144: 16 x 67.185 us = 1074.96 us (4681.81 GFLOPS/s)
MUL_MAT_VEC f32 m=48 n=5 k=5120: 96 x 4.81 us = 461.76 us (510.886 GFLOPS/s)
MUL_MAT_VEC q6_K m=1024 n=5 k=5120: 32 x 11.731 us = 375.4 us (4468.72 GFLOPS/s)
MUL_MAT_VEC q6_K m=10240 n=5 k=5120: 48 x 107.312 us = 5151 us (4885.14 GFLOPS/s)
MUL_MAT_VEC q6_K m=12288 n=5 k=5120: 16 x 134.607 us = 2153.72 us (4673.47 GFLOPS/s)
MUL_MAT_VEC q6_K m=17408 n=5 k=5120: 128 x 180.197 us = 23065.2 us (4945.71 GFLOPS/s)
MUL_MAT_VEC q6_K m=248320 n=5 k=5120: 1 x 1961.68 us = 1961.68 us (6480.54 GFLOPS/s)
MUL_MAT_VEC q6_K m=6144 n=5 k=5120: 48 x 71.172 us = 3416.28 us (4419.43 GFLOPS/s)
MUL_MAT_VEC q8_0 m=5120 n=5 k=6144: 48 x 65.452 us = 3141.72 us (4805.73 GFLOPS/s)
RMS_NORM_MUL RMS_NORM(256,24,5,1): 16 x 3.442 us = 55.08 us
RMS_NORM_MUL RMS_NORM(256,4,5,1): 16 x 4.75 us = 76 us
RMS_NORM_MUL RMS_NORM(5120,5,1,1): 129 x 5.661 us = 730.32 us
RMS_NORM_MUL_SILU_MUL RMS_NORM(128,48,5,1): 48 x 6.22 us = 298.6 us
RMS_NORM_SCALE RMS_NORM(128,16,5,1): 96 x 2.479 us = 238.04 us
ROPE: 32 x 4.796 us = 153.48 us
SET_ROWS: 32 x 3.488 us = 111.64 us
SIGMOID_MUL SIGMOID: 16 x 4.26 us = 68.16 us
SSM_CONV_SILU SSM_CONV: 48 x 6.291 us = 302 us
Total time: 56488 us.
----------------
Vulkan Timings:
CONCAT: 1 x 3.96 us = 3.96 us
CONT: 1 x 3.44 us = 3.44 us
FLASH_ATTN_EXT dst(256,24,5,1),  q(256,5,24,1),  k(256,256,4,1),  v(256,256,4,1),  m(256,5,1,1): 1 x 19.68 us = 19.68 us (1598.44 GFLOPS/s)
GLU: 1 x 4.04 us = 4.04 us
MUL_MAT f32 m=256 n=120 k=256: 1 x 1.64 us = 1.64 us (9571.9 GFLOPS/s)
MUL_MAT f32 m=256 n=20 k=256: 1 x 2.92 us = 2.92 us (896 GFLOPS/s)
MUL_MAT f32 m=64 n=480 k=64: 1 x 3.32 us = 3.32 us (1175.13 GFLOPS/s)
MUL_MAT f32 m=64 n=80 k=64: 1 x 3.28 us = 3.28 us (198.244 GFLOPS/s)
MUL_MAT_ADD MUL_MAT_VEC q6_K m=5120 n=5 k=17408: 1 x 182.72 us = 182.72 us (4877.76 GFLOPS/s)
MUL_MAT_ADD MUL_MAT_VEC q6_K m=5120 n=5 k=6144: 1 x 68.64 us = 68.64 us (4582.56 GFLOPS/s)
MUL_MAT_VEC q6_K m=1024 n=5 k=5120: 2 x 11.4 us = 22.8 us (4598.57 GFLOPS/s)
MUL_MAT_VEC q6_K m=12288 n=5 k=5120: 1 x 151.94 us = 151.94 us (4140.35 GFLOPS/s)
MUL_MAT_VEC q6_K m=17408 n=5 k=5120: 2 x 158.08 us = 316.16 us (5637.67 GFLOPS/s)
MUL_MAT_VEC q8_0 m=5120 n=5 k=10240: 1 x 117.14 us = 117.14 us (4475.52 GFLOPS/s)
RMS_NORM_MUL RMS_NORM(256,24,5,1): 1 x 5.84 us = 5.84 us
RMS_NORM_MUL RMS_NORM(256,4,5,1): 1 x 3.44 us = 3.44 us
RMS_NORM_MUL RMS_NORM(5120,5,1,1): 5 x 9.134 us = 45.67 us
ROPE: 2 x 3.5 us = 7 us
SET_ROWS: 2 x 2.5 us = 5 us
SIGMOID_MUL SIGMOID: 1 x 1.88 us = 1.88 us
Total time: 970.51 us.
----------------
Vulkan Timings:
CONCAT: 1 x 3.88 us = 3.88 us
CONT: 1 x 3.52 us = 3.52 us
FLASH_ATTN_EXT dst(256,24,1,1),  q(256,1,24,1),  k(256,256,4,1),  v(256,256,4,1),  m(256,1,1,1): 1 x 15.32 us = 15.32 us (410.669 GFLOPS/s)
GET_ROWS: 2 x 5.42 us = 10.84 us
GLU: 1 x 1.8 us = 1.8 us
MUL_MAT f32 m=256 n=24 k=256: 1 x 1.56 us = 1.56 us (2012.55 GFLOPS/s)
MUL_MAT f32 m=64 n=16 k=64: 1 x 3.6 us = 3.6 us (36.1244 GFLOPS/s)
MUL_MAT f32 m=64 n=96 k=64: 1 x 3.32 us = 3.32 us (235.027 GFLOPS/s)
MUL_MAT_ADD MUL_MAT_VEC q6_K m=5120 n=1 k=17408: 1 x 132 us = 132 us (1350.4 GFLOPS/s)
MUL_MAT_ADD MUL_MAT_VEC q6_K m=5120 n=1 k=6144: 1 x 53.96 us = 53.96 us (1165.85 GFLOPS/s)
MUL_MAT_VEC f32 m=256 n=4 k=256: 1 x 3 us = 3 us (174.421 GFLOPS/s)
MUL_MAT_VEC q6_K m=1024 n=1 k=5120: 2 x 9.22 us = 18.44 us (1137.17 GFLOPS/s)
MUL_MAT_VEC q6_K m=12288 n=1 k=5120: 1 x 89.16 us = 89.16 us (1411.14 GFLOPS/s)
MUL_MAT_VEC q6_K m=17408 n=1 k=5120: 2 x 117.78 us = 235.56 us (1513.33 GFLOPS/s)
MUL_MAT_VEC q6_K m=98304 n=1 k=5120: 1 x 678.26 us = 678.26 us (1484 GFLOPS/s)
MUL_MAT_VEC q8_0 m=5120 n=1 k=10240: 1 x 93.12 us = 93.12 us (1125.99 GFLOPS/s)
PAD: 1 x 8.56 us = 8.56 us
RMS_NORM_MUL RMS_NORM(256,24,1,1): 1 x 3.2 us = 3.2 us
RMS_NORM_MUL RMS_NORM(256,4,1,1): 1 x 3.44 us = 3.44 us
RMS_NORM_MUL RMS_NORM(5120,1,1,1): 5 x 4.296 us = 21.48 us
ROPE: 2 x 3.34 us = 6.68 us
SET_ROWS: 2 x 1.82 us = 3.64 us
SIGMOID_MUL SIGMOID: 1 x 1.84 us = 1.84 us
TOP_K K=10 (98304,1,1,1): 1 x 6.52 us = 6.52 us
Total time: 1402.7 us.
----------------
Vulkan Timings:
CONCAT: 1 x 7.48 us = 7.48 us
CONT: 1 x 4.12 us = 4.12 us
FLASH_ATTN_EXT dst(256,24,1,1),  q(256,1,24,1),  k(256,256,4,1),  v(256,256,4,1),  m(256,1,1,1): 1 x 14.52 us = 14.52 us (433.296 GFLOPS/s)
GET_ROWS: 2 x 6.6 us = 13.2 us
GLU: 1 x 2.04 us = 2.04 us
MUL_MAT f32 m=256 n=24 k=256: 1 x 1.84 us = 1.84 us (1706.3 GFLOPS/s)
MUL_MAT f32 m=64 n=16 k=64: 1 x 4.12 us = 4.12 us (31.565 GFLOPS/s)
MUL_MAT f32 m=64 n=96 k=64: 1 x 4.08 us = 4.08 us (191.247 GFLOPS/s)
MUL_MAT_ADD MUL_MAT_VEC q6_K m=5120 n=1 k=17408: 1 x 125 us = 125 us (1426.02 GFLOPS/s)
MUL_MAT_ADD MUL_MAT_VEC q6_K m=5120 n=1 k=6144: 1 x 55.04 us = 55.04 us (1142.98 GFLOPS/s)
MUL_MAT_VEC f32 m=256 n=4 k=256: 1 x 3.44 us = 3.44 us (152.112 GFLOPS/s)
MUL_MAT_VEC q6_K m=1024 n=1 k=5120: 2 x 6.28 us = 12.56 us (1669.54 GFLOPS/s)
MUL_MAT_VEC q6_K m=12288 n=1 k=5120: 1 x 93.8 us = 93.8 us (1341.33 GFLOPS/s)
MUL_MAT_VEC q6_K m=17408 n=1 k=5120: 2 x 121.92 us = 243.84 us (1461.95 GFLOPS/s)
MUL_MAT_VEC q6_K m=98304 n=1 k=5120: 1 x 683.69 us = 683.69 us (1472.21 GFLOPS/s)
MUL_MAT_VEC q8_0 m=5120 n=1 k=10240: 1 x 108 us = 108 us (970.856 GFLOPS/s)
PAD: 1 x 7.68 us = 7.68 us
RMS_NORM_MUL RMS_NORM(256,24,1,1): 1 x 4.12 us = 4.12 us
RMS_NORM_MUL RMS_NORM(256,4,1,1): 1 x 4.08 us = 4.08 us
RMS_NORM_MUL RMS_NORM(5120,1,1,1): 5 x 4.368 us = 21.84 us
ROPE: 2 x 4.08 us = 8.16 us
SET_ROWS: 2 x 3.36 us = 6.72 us
SIGMOID_MUL SIGMOID: 1 x 2.12 us = 2.12 us
TOP_K K=10 (98304,1,1,1): 1 x 10.6 us = 10.6 us
Total time: 1442.09 us.
----------------
Vulkan Timings:
CONCAT: 1 x 2.56 us = 2.56 us
CONT: 1 x 5 us = 5 us
FLASH_ATTN_EXT dst(256,24,1,1),  q(256,1,24,1),  k(256,256,4,1),  v(256,256,4,1),  m(256,1,1,1): 1 x 18.32 us = 18.32 us (343.42 GFLOPS/s)
GET_ROWS: 2 x 6.96 us = 13.92 us
GLU: 1 x 2.6 us = 2.6 us
MUL_MAT f32 m=256 n=24 k=256: 1 x 2.2 us = 2.2 us (1427.08 GFLOPS/s)
MUL_MAT f32 m=64 n=16 k=64: 1 x 5.04 us = 5.04 us (25.8032 GFLOPS/s)
MUL_MAT f32 m=64 n=96 k=64: 1 x 5.04 us = 5.04 us (154.819 GFLOPS/s)
MUL_MAT_ADD MUL_MAT_VEC q6_K m=5120 n=1 k=17408: 1 x 127.88 us = 127.88 us (1393.91 GFLOPS/s)
MUL_MAT_ADD MUL_MAT_VEC q6_K m=5120 n=1 k=6144: 1 x 58.12 us = 58.12 us (1082.41 GFLOPS/s)
MUL_MAT_VEC f32 m=256 n=4 k=256: 1 x 4.28 us = 4.28 us (122.258 GFLOPS/s)
MUL_MAT_VEC q6_K m=1024 n=1 k=5120: 2 x 10.32 us = 20.64 us (1015.96 GFLOPS/s)
MUL_MAT_VEC q6_K m=12288 n=1 k=5120: 1 x 88.08 us = 88.08 us (1428.44 GFLOPS/s)
MUL_MAT_VEC q6_K m=17408 n=1 k=5120: 2 x 125.94 us = 251.88 us (1415.28 GFLOPS/s)
MUL_MAT_VEC q6_K m=98304 n=1 k=5120: 1 x 683.87 us = 683.87 us (1471.82 GFLOPS/s)
MUL_MAT_VEC q8_0 m=5120 n=1 k=10240: 1 x 106.12 us = 106.12 us (988.056 GFLOPS/s)
PAD: 1 x 7.36 us = 7.36 us
RMS_NORM_MUL RMS_NORM(256,24,1,1): 1 x 5.04 us = 5.04 us
RMS_NORM_MUL RMS_NORM(256,4,1,1): 1 x 5 us = 5 us
RMS_NORM_MUL RMS_NORM(5120,1,1,1): 5 x 5.688 us = 28.44 us
ROPE: 2 x 5 us = 10 us
SET_ROWS: 2 x 3.68 us = 7.36 us
SIGMOID_MUL SIGMOID: 1 x 2.28 us = 2.28 us
TOP_K K=10 (98304,1,1,1): 1 x 15.2 us = 15.2 us
Total time: 1476.23 us.
----------------
Vulkan Timings:
CONCAT: 1 x 2.68 us = 2.68 us
CONT: 1 x 5.84 us = 5.84 us
FLASH_ATTN_EXT dst(256,24,1,1),  q(256,1,24,1),  k(256,256,4,1),  v(256,256,4,1),  m(256,1,1,1): 1 x 25.52 us = 25.52 us (246.53 GFLOPS/s)
GET_ROWS: 2 x 6.88 us = 13.76 us
GLU: 1 x 2.6 us = 2.6 us
MUL_MAT f32 m=256 n=24 k=256: 1 x 2.6 us = 2.6 us (1207.53 GFLOPS/s)
MUL_MAT f32 m=64 n=16 k=64: 1 x 5.84 us = 5.84 us (22.2685 GFLOPS/s)
MUL_MAT f32 m=64 n=96 k=64: 1 x 5.84 us = 5.84 us (133.611 GFLOPS/s)
MUL_MAT_ADD MUL_MAT_VEC q6_K m=5120 n=1 k=17408: 1 x 325.26 us = 325.26 us (548.032 GFLOPS/s)
MUL_MAT_ADD MUL_MAT_VEC q6_K m=5120 n=1 k=6144: 1 x 60.64 us = 60.64 us (1037.42 GFLOPS/s)
MUL_MAT_VEC f32 m=256 n=4 k=256: 1 x 5.04 us = 5.04 us (103.822 GFLOPS/s)
MUL_MAT_VEC q6_K m=1024 n=1 k=5120: 2 x 10.84 us = 21.68 us (967.227 GFLOPS/s)
MUL_MAT_VEC q6_K m=12288 n=1 k=5120: 1 x 89.32 us = 89.32 us (1408.61 GFLOPS/s)
MUL_MAT_VEC q6_K m=17408 n=1 k=5120: 2 x 126.2 us = 252.4 us (1412.37 GFLOPS/s)
MUL_MAT_VEC q6_K m=98304 n=1 k=5120: 1 x 668.52 us = 668.52 us (1505.62 GFLOPS/s)
MUL_MAT_VEC q8_0 m=5120 n=1 k=10240: 1 x 111.04 us = 111.04 us (944.277 GFLOPS/s)
PAD: 1 x 7 us = 7 us
RMS_NORM_MUL RMS_NORM(256,24,1,1): 1 x 2.2 us = 2.2 us
RMS_NORM_MUL RMS_NORM(256,4,1,1): 1 x 5.76 us = 5.76 us
RMS_NORM_MUL RMS_NORM(5120,1,1,1): 5 x 7.416 us = 37.08 us
ROPE: 2 x 7.22 us = 14.44 us
SET_ROWS: 2 x 2.66 us = 5.32 us
SIGMOID_MUL SIGMOID: 1 x 2.72 us = 2.72 us
TOP_K K=10 (98304,1,1,1): 1 x 15.16 us = 15.16 us
Total time: 1688.26 us.
----------------
Vulkan Timings:
ADD: 48 x 3.665 us = 175.96 us
CONCAT: 48 x 3.156 us = 151.52 us
CONT: 16 x 4.472 us = 71.56 us
CPY: 240 x 2.763 us = 663.16 us
FLASH_ATTN_EXT dst(256,24,5,1),  q(256,5,24,1),  k(256,256,4,1),  v(256,256,4,1),  m(256,5,1,1): 16 x 23.485 us = 375.76 us (1339.46 GFLOPS/s)
GDN_CACHE GATED_DELTA_NET: 48 x 14.33 us = 687.84 us
GET_ROWS: 50 x 26.595 us = 1329.76 us
GLU: 64 x 3.275 us = 209.64 us
MUL_MAT f32 m=256 n=120 k=256: 16 x 2.68 us = 42.88 us (5857.43 GFLOPS/s)
MUL_MAT f32 m=256 n=20 k=256: 16 x 3.057 us = 48.92 us (855.706 GFLOPS/s)
MUL_MAT f32 m=64 n=480 k=64: 16 x 4.575 us = 73.2 us (852.774 GFLOPS/s)
MUL_MAT f32 m=64 n=80 k=64: 16 x 4.525 us = 72.4 us (143.699 GFLOPS/s)
MUL_MAT_ADD MUL_MAT_VEC q6_K m=5120 n=5 k=17408: 64 x 152.737 us = 9775.2 us (5835.27 GFLOPS/s)
MUL_MAT_ADD MUL_MAT_VEC q6_K m=5120 n=5 k=6144: 16 x 67.212 us = 1075.4 us (4679.89 GFLOPS/s)
MUL_MAT_VEC f32 m=48 n=5 k=5120: 96 x 4.972 us = 477.4 us (494.149 GFLOPS/s)
MUL_MAT_VEC q6_K m=1024 n=5 k=5120: 32 x 11.14 us = 356.48 us (4705.9 GFLOPS/s)
MUL_MAT_VEC q6_K m=10240 n=5 k=5120: 48 x 106.885 us = 5130.52 us (4904.64 GFLOPS/s)
MUL_MAT_VEC q6_K m=12288 n=5 k=5120: 16 x 135.982 us = 2175.72 us (4626.21 GFLOPS/s)
MUL_MAT_VEC q6_K m=17408 n=5 k=5120: 128 x 180.05 us = 23046.5 us (4949.73 GFLOPS/s)
MUL_MAT_VEC q6_K m=248320 n=5 k=5120: 1 x 1965.72 us = 1965.72 us (6467.22 GFLOPS/s)
MUL_MAT_VEC q6_K m=6144 n=5 k=5120: 48 x 70.443 us = 3381.28 us (4465.18 GFLOPS/s)
MUL_MAT_VEC q8_0 m=5120 n=5 k=6144: 48 x 65.432 us = 3140.76 us (4807.2 GFLOPS/s)
RMS_NORM_MUL RMS_NORM(256,24,5,1): 16 x 3.917 us = 62.68 us
RMS_NORM_MUL RMS_NORM(256,4,5,1): 16 x 3.815 us = 61.04 us
RMS_NORM_MUL RMS_NORM(5120,5,1,1): 129 x 5.674 us = 732.04 us
RMS_NORM_MUL_SILU_MUL RMS_NORM(128,48,5,1): 48 x 6.219 us = 298.52 us
RMS_NORM_SCALE RMS_NORM(128,16,5,1): 96 x 2.352 us = 225.8 us
ROPE: 32 x 4.821 us = 154.28 us
SET_ROWS: 32 x 3.51 us = 112.32 us
SIGMOID_MUL SIGMOID: 16 x 4.69 us = 75.04 us
SSM_CONV_SILU SSM_CONV: 48 x 6.029 us = 289.4 us
Total time: 56438.7 us.
----------------
Vulkan Timings:
CONCAT: 1 x 4 us = 4 us
CONT: 1 x 3.4 us = 3.4 us
FLASH_ATTN_EXT dst(256,24,5,1),  q(256,5,24,1),  k(256,256,4,1),  v(256,256,4,1),  m(256,5,1,1): 1 x 21.8 us = 21.8 us (1442.99 GFLOPS/s)
GLU: 1 x 1.72 us = 1.72 us
MUL_MAT f32 m=256 n=120 k=256: 1 x 1.56 us = 1.56 us (10062.8 GFLOPS/s)
MUL_MAT f32 m=256 n=20 k=256: 1 x 3.24 us = 3.24 us (807.506 GFLOPS/s)
MUL_MAT f32 m=64 n=480 k=64: 1 x 3.28 us = 3.28 us (1189.46 GFLOPS/s)
MUL_MAT f32 m=64 n=80 k=64: 1 x 3.32 us = 3.32 us (195.855 GFLOPS/s)
MUL_MAT_ADD MUL_MAT_VEC q6_K m=5120 n=5 k=17408: 1 x 191.92 us = 191.92 us (4643.93 GFLOPS/s)
MUL_MAT_ADD MUL_MAT_VEC q6_K m=5120 n=5 k=6144: 1 x 74.04 us = 74.04 us (4248.34 GFLOPS/s)
MUL_MAT_VEC q6_K m=1024 n=5 k=5120: 2 x 11.64 us = 23.28 us (4503.75 GFLOPS/s)
MUL_MAT_VEC q6_K m=12288 n=5 k=5120: 1 x 151.98 us = 151.98 us (4139.26 GFLOPS/s)
MUL_MAT_VEC q6_K m=17408 n=5 k=5120: 2 x 157.76 us = 315.52 us (5649.1 GFLOPS/s)
MUL_MAT_VEC q8_0 m=5120 n=5 k=10240: 1 x 114.84 us = 114.84 us (4565.15 GFLOPS/s)
RMS_NORM_MUL RMS_NORM(256,24,5,1): 1 x 6.16 us = 6.16 us
RMS_NORM_MUL RMS_NORM(256,4,5,1): 1 x 3.48 us = 3.48 us
RMS_NORM_MUL RMS_NORM(5120,5,1,1): 5 x 8.892 us = 44.46 us
ROPE: 2 x 3.38 us = 6.76 us
SET_ROWS: 2 x 1.76 us = 3.52 us
SIGMOID_MUL SIGMOID: 1 x 1.8 us = 1.8 us
Total time: 980.08 us.
----------------
Vulkan Timings:
CONCAT: 1 x 3.96 us = 3.96 us
CONT: 1 x 3.52 us = 3.52 us
FLASH_ATTN_EXT dst(256,24,1,1),  q(256,1,24,1),  k(256,256,4,1),  v(256,256,4,1),  m(256,1,1,1): 1 x 15.32 us = 15.32 us (410.669 GFLOPS/s)
GET_ROWS: 2 x 5.92 us = 11.84 us
GLU: 1 x 1.84 us = 1.84 us
MUL_MAT f32 m=256 n=24 k=256: 1 x 2.08 us = 2.08 us (1509.42 GFLOPS/s)
MUL_MAT f32 m=64 n=16 k=64: 1 x 1.84 us = 1.84 us (70.6783 GFLOPS/s)
MUL_MAT f32 m=64 n=96 k=64: 1 x 3.16 us = 3.16 us (246.927 GFLOPS/s)
MUL_MAT_ADD MUL_MAT_VEC q6_K m=5120 n=1 k=17408: 1 x 131.12 us = 131.12 us (1359.46 GFLOPS/s)
MUL_MAT_ADD MUL_MAT_VEC q6_K m=5120 n=1 k=6144: 1 x 53.36 us = 53.36 us (1178.96 GFLOPS/s)
MUL_MAT_VEC f32 m=256 n=4 k=256: 1 x 0.76 us = 0.76 us (688.505 GFLOPS/s)
MUL_MAT_VEC q6_K m=1024 n=1 k=5120: 2 x 6.26 us = 12.52 us (1674.88 GFLOPS/s)
MUL_MAT_VEC q6_K m=12288 n=1 k=5120: 1 x 97.12 us = 97.12 us (1295.48 GFLOPS/s)
MUL_MAT_VEC q6_K m=17408 n=1 k=5120: 2 x 117.64 us = 235.28 us (1515.14 GFLOPS/s)
MUL_MAT_VEC q6_K m=98304 n=1 k=5120: 1 x 676.09 us = 676.09 us (1488.76 GFLOPS/s)
MUL_MAT_VEC q8_0 m=5120 n=1 k=10240: 1 x 90.92 us = 90.92 us (1153.24 GFLOPS/s)
PAD: 1 x 9.24 us = 9.24 us
RMS_NORM_MUL RMS_NORM(256,24,1,1): 1 x 3.16 us = 3.16 us
RMS_NORM_MUL RMS_NORM(256,4,1,1): 1 x 5.2 us = 5.2 us
RMS_NORM_MUL RMS_NORM(5120,1,1,1): 5 x 4.352 us = 21.76 us
ROPE: 2 x 3.32 us = 6.64 us
SET_ROWS: 2 x 2.94 us = 5.88 us
SIGMOID_MUL SIGMOID: 1 x 2.48 us = 2.48 us
TOP_K K=10 (98304,1,1,1): 1 x 6.44 us = 6.44 us
Total time: 1401.53 us.
----------------
Vulkan Timings:
CONCAT: 1 x 3.96 us = 3.96 us
CONT: 1 x 3.64 us = 3.64 us
FLASH_ATTN_EXT dst(256,24,1,1),  q(256,1,24,1),  k(256,256,4,1),  v(256,256,4,1),  m(256,1,1,1): 1 x 13 us = 13 us (483.958 GFLOPS/s)
GET_ROWS: 2 x 5.52 us = 11.04 us
GLU: 1 x 1.8 us = 1.8 us
MUL_MAT f32 m=256 n=24 k=256: 1 x 2.16 us = 2.16 us (1453.51 GFLOPS/s)
MUL_MAT f32 m=64 n=16 k=64: 1 x 4.12 us = 4.12 us (31.565 GFLOPS/s)
MUL_MAT f32 m=64 n=96 k=64: 1 x 3.6 us = 3.6 us (216.747 GFLOPS/s)
MUL_MAT_ADD MUL_MAT_VEC q6_K m=5120 n=1 k=17408: 1 x 123.6 us = 123.6 us (1442.17 GFLOPS/s)
MUL_MAT_ADD MUL_MAT_VEC q6_K m=5120 n=1 k=6144: 1 x 54.08 us = 54.08 us (1163.27 GFLOPS/s)
MUL_MAT_VEC f32 m=256 n=4 k=256: 1 x 0.76 us = 0.76 us (688.505 GFLOPS/s)
MUL_MAT_VEC q6_K m=1024 n=1 k=5120: 2 x 5.94 us = 11.88 us (1765.11 GFLOPS/s)
MUL_MAT_VEC q6_K m=12288 n=1 k=5120: 1 x 92.92 us = 92.92 us (1354.03 GFLOPS/s)
MUL_MAT_VEC q6_K m=17408 n=1 k=5120: 2 x 121.14 us = 242.28 us (1471.36 GFLOPS/s)
MUL_MAT_VEC q6_K m=98304 n=1 k=5120: 1 x 677.75 us = 677.75 us (1485.11 GFLOPS/s)
MUL_MAT_VEC q8_0 m=5120 n=1 k=10240: 1 x 101.96 us = 101.96 us (1028.37 GFLOPS/s)
PAD: 1 x 8.52 us = 8.52 us
RMS_NORM_MUL RMS_NORM(256,24,1,1): 1 x 3.68 us = 3.68 us
RMS_NORM_MUL RMS_NORM(256,4,1,1): 1 x 3.6 us = 3.6 us
RMS_NORM_MUL RMS_NORM(5120,1,1,1): 5 x 3.776 us = 18.88 us
ROPE: 2 x 3.78 us = 7.56 us
SET_ROWS: 2 x 3.56 us = 7.12 us
SIGMOID_MUL SIGMOID: 1 x 1.72 us = 1.72 us
TOP_K K=10 (98304,1,1,1): 1 x 6.8 us = 6.8 us
Total time: 1406.43 us.
----------------
Vulkan Timings:
CONCAT: 1 x 3.92 us = 3.92 us
CONT: 1 x 3.92 us = 3.92 us
FLASH_ATTN_EXT dst(256,24,1,1),  q(256,1,24,1),  k(256,256,4,1),  v(256,256,4,1),  m(256,1,1,1): 1 x 13.72 us = 13.72 us (458.561 GFLOPS/s)
GET_ROWS: 2 x 4.8 us = 9.6 us
GLU: 1 x 1.92 us = 1.92 us
MUL_MAT f32 m=256 n=24 k=256: 1 x 1.76 us = 1.76 us (1783.85 GFLOPS/s)
MUL_MAT f32 m=64 n=16 k=64: 1 x 3.88 us = 3.88 us (33.5175 GFLOPS/s)
MUL_MAT f32 m=64 n=96 k=64: 1 x 3.88 us = 3.88 us (201.105 GFLOPS/s)
MUL_MAT_ADD MUL_MAT_VEC q6_K m=5120 n=1 k=17408: 1 x 124.68 us = 124.68 us (1429.68 GFLOPS/s)
MUL_MAT_ADD MUL_MAT_VEC q6_K m=5120 n=1 k=6144: 1 x 54.64 us = 54.64 us (1151.34 GFLOPS/s)
MUL_MAT_VEC f32 m=256 n=4 k=256: 1 x 3.28 us = 3.28 us (159.532 GFLOPS/s)
MUL_MAT_VEC q6_K m=1024 n=1 k=5120: 2 x 9.32 us = 18.64 us (1124.97 GFLOPS/s)
MUL_MAT_VEC q6_K m=12288 n=1 k=5120: 1 x 86.16 us = 86.16 us (1460.27 GFLOPS/s)
MUL_MAT_VEC q6_K m=17408 n=1 k=5120: 2 x 121.7 us = 243.4 us (1464.59 GFLOPS/s)
MUL_MAT_VEC q6_K m=98304 n=1 k=5120: 1 x 678.42 us = 678.42 us (1483.65 GFLOPS/s)
MUL_MAT_VEC q8_0 m=5120 n=1 k=10240: 1 x 102.84 us = 102.84 us (1019.57 GFLOPS/s)
PAD: 1 x 6.76 us = 6.76 us
RMS_NORM_MUL RMS_NORM(256,24,1,1): 1 x 3.88 us = 3.88 us
RMS_NORM_MUL RMS_NORM(256,4,1,1): 1 x 3.88 us = 3.88 us
RMS_NORM_MUL RMS_NORM(5120,1,1,1): 5 x 3.984 us = 19.92 us
ROPE: 2 x 3.82 us = 7.64 us
SET_ROWS: 2 x 2.88 us = 5.76 us
SIGMOID_MUL SIGMOID: 1 x 2.12 us = 2.12 us
TOP_K K=10 (98304,1,1,1): 1 x 9.68 us = 9.68 us
Total time: 1414.3 us.
----------------
Vulkan Timings:
CONCAT: 1 x 4.12 us = 4.12 us
CONT: 1 x 4.48 us = 4.48 us
FLASH_ATTN_EXT dst(256,24,1,1),  q(256,1,24,1),  k(256,256,4,1),  v(256,256,4,1),  m(256,1,1,1): 1 x 15.72 us = 15.72 us (400.22 GFLOPS/s)
GET_ROWS: 2 x 5.66 us = 11.32 us
GLU: 1 x 2.36 us = 2.36 us
MUL_MAT f32 m=256 n=24 k=256: 1 x 2.04 us = 2.04 us (1539.01 GFLOPS/s)
MUL_MAT f32 m=64 n=16 k=64: 1 x 4.52 us = 4.52 us (28.7717 GFLOPS/s)
MUL_MAT f32 m=64 n=96 k=64: 1 x 4.48 us = 4.48 us (174.171 GFLOPS/s)
MUL_MAT_ADD MUL_MAT_VEC q6_K m=5120 n=1 k=17408: 1 x 126.04 us = 126.04 us (1414.26 GFLOPS/s)
MUL_MAT_ADD MUL_MAT_VEC q6_K m=5120 n=1 k=6144: 1 x 56.64 us = 56.64 us (1110.69 GFLOPS/s)
MUL_MAT_VEC f32 m=256 n=4 k=256: 1 x 3.8 us = 3.8 us (137.701 GFLOPS/s)
MUL_MAT_VEC q6_K m=1024 n=1 k=5120: 2 x 9.74 us = 19.48 us (1076.46 GFLOPS/s)
MUL_MAT_VEC q6_K m=12288 n=1 k=5120: 1 x 86.4 us = 86.4 us (1456.21 GFLOPS/s)
MUL_MAT_VEC q6_K m=17408 n=1 k=5120: 2 x 123.48 us = 246.96 us (1443.48 GFLOPS/s)
MUL_MAT_VEC q6_K m=98304 n=1 k=5120: 1 x 682.3 us = 682.3 us (1475.21 GFLOPS/s)
MUL_MAT_VEC q8_0 m=5120 n=1 k=10240: 1 x 104.24 us = 104.24 us (1005.88 GFLOPS/s)
PAD: 1 x 8.04 us = 8.04 us
RMS_NORM_MUL RMS_NORM(256,24,1,1): 1 x 4.52 us = 4.52 us
RMS_NORM_MUL RMS_NORM(256,4,1,1): 1 x 4.52 us = 4.52 us
RMS_NORM_MUL RMS_NORM(5120,1,1,1): 5 x 4.968 us = 24.84 us
ROPE: 2 x 4.48 us = 8.96 us
SET_ROWS: 2 x 3.28 us = 6.56 us
SIGMOID_MUL SIGMOID: 1 x 2.04 us = 2.04 us
TOP_K K=10 (98304,1,1,1): 1 x 12.56 us = 12.56 us
Total time: 1446.94 us.
----------------
Vulkan Timings:
ADD: 48 x 3.596 us = 172.64 us
CONCAT: 48 x 2.667 us = 128.04 us
CONT: 16 x 4.367 us = 69.88 us
CPY: 240 x 2.764 us = 663.48 us
FLASH_ATTN_EXT dst(256,24,5,1),  q(256,5,24,1),  k(256,256,4,1),  v(256,256,4,1),  m(256,5,1,1): 16 x 23.995 us = 383.92 us (1310.99 GFLOPS/s)
GDN_CACHE GATED_DELTA_NET: 48 x 14.075 us = 675.6 us
GET_ROWS: 50 x 26.378 us = 1318.92 us
GLU: 64 x 3.008 us = 192.52 us
MUL_MAT f32 m=256 n=120 k=256: 16 x 2.787 us = 44.6 us (5631.54 GFLOPS/s)
MUL_MAT f32 m=256 n=20 k=256: 16 x 2.687 us = 43 us (973.514 GFLOPS/s)
MUL_MAT f32 m=64 n=480 k=64: 16 x 4.457 us = 71.32 us (875.253 GFLOPS/s)
MUL_MAT f32 m=64 n=80 k=64: 16 x 4.142 us = 66.28 us (156.968 GFLOPS/s)
MUL_MAT_ADD MUL_MAT_VEC q6_K m=5120 n=5 k=17408: 64 x 152.106 us = 9734.8 us (5859.48 GFLOPS/s)
MUL_MAT_ADD MUL_MAT_VEC q6_K m=5120 n=5 k=6144: 16 x 65.957 us = 1055.32 us (4768.94 GFLOPS/s)
MUL_MAT_VEC f32 m=48 n=5 k=5120: 96 x 4.645 us = 445.92 us (529.033 GFLOPS/s)
MUL_MAT_VEC q6_K m=1024 n=5 k=5120: 32 x 11.615 us = 371.68 us (4513.45 GFLOPS/s)
MUL_MAT_VEC q6_K m=10240 n=5 k=5120: 48 x 106.265 us = 5100.76 us (4933.26 GFLOPS/s)
MUL_MAT_VEC q6_K m=12288 n=5 k=5120: 16 x 133.192 us = 2131.08 us (4723.12 GFLOPS/s)
MUL_MAT_VEC q6_K m=17408 n=5 k=5120: 128 x 178.903 us = 22899.6 us (4981.48 GFLOPS/s)
MUL_MAT_VEC q6_K m=248320 n=5 k=5120: 1 x 1965.88 us = 1965.88 us (6466.69 GFLOPS/s)
MUL_MAT_VEC q6_K m=6144 n=5 k=5120: 48 x 70.301 us = 3374.48 us (4474.18 GFLOPS/s)
MUL_MAT_VEC q8_0 m=5120 n=5 k=6144: 48 x 65.45 us = 3141.61 us (4805.9 GFLOPS/s)
RMS_NORM_MUL RMS_NORM(256,24,5,1): 16 x 3.647 us = 58.36 us
RMS_NORM_MUL RMS_NORM(256,4,5,1): 16 x 4.705 us = 75.28 us
RMS_NORM_MUL RMS_NORM(5120,5,1,1): 129 x 5.631 us = 726.44 us
RMS_NORM_MUL_SILU_MUL RMS_NORM(128,48,5,1): 48 x 6.104 us = 293 us
RMS_NORM_SCALE RMS_NORM(128,16,5,1): 96 x 2.551 us = 244.96 us
ROPE: 32 x 4.431 us = 141.8 us
SET_ROWS: 32 x 3.505 us = 112.16 us
SIGMOID_MUL SIGMOID: 16 x 4.427 us = 70.84 us
SSM_CONV_SILU SSM_CONV: 48 x 6.029 us = 289.4 us
Total time: 56063.6 us.
----------------
Vulkan Timings:
CONCAT: 1 x 4.04 us = 4.04 us
CONT: 1 x 3.44 us = 3.44 us
FLASH_ATTN_EXT dst(256,24,5,1),  q(256,5,24,1),  k(256,256,4,1),  v(256,256,4,1),  m(256,5,1,1): 1 x 21.32 us = 21.32 us (1475.48 GFLOPS/s)
GLU: 1 x 1.76 us = 1.76 us
MUL_MAT f32 m=256 n=120 k=256: 1 x 1.6 us = 1.6 us (9811.2 GFLOPS/s)
MUL_MAT f32 m=256 n=20 k=256: 1 x 2.92 us = 2.92 us (896 GFLOPS/s)
MUL_MAT f32 m=64 n=480 k=64: 1 x 3.36 us = 3.36 us (1161.14 GFLOPS/s)
MUL_MAT f32 m=64 n=80 k=64: 1 x 3.32 us = 3.32 us (195.855 GFLOPS/s)
MUL_MAT_ADD MUL_MAT_VEC q6_K m=5120 n=5 k=17408: 1 x 174.06 us = 174.06 us (5120.44 GFLOPS/s)
MUL_MAT_ADD MUL_MAT_VEC q6_K m=5120 n=5 k=6144: 1 x 69.4 us = 69.4 us (4532.38 GFLOPS/s)
MUL_MAT_VEC q6_K m=1024 n=5 k=5120: 2 x 11.84 us = 23.68 us (4427.68 GFLOPS/s)
MUL_MAT_VEC q6_K m=12288 n=5 k=5120: 1 x 146.51 us = 146.51 us (4293.8 GFLOPS/s)
MUL_MAT_VEC q6_K m=17408 n=5 k=5120: 2 x 158.06 us = 316.12 us (5638.38 GFLOPS/s)
MUL_MAT_VEC q8_0 m=5120 n=5 k=10240: 1 x 117.68 us = 117.68 us (4454.98 GFLOPS/s)
RMS_NORM_MUL RMS_NORM(256,24,5,1): 1 x 5.72 us = 5.72 us
RMS_NORM_MUL RMS_NORM(256,4,5,1): 1 x 3.36 us = 3.36 us
RMS_NORM_MUL RMS_NORM(5120,5,1,1): 5 x 8.424 us = 42.12 us
ROPE: 2 x 3.46 us = 6.92 us
SET_ROWS: 2 x 1.8 us = 3.6 us
SIGMOID_MUL SIGMOID: 1 x 1.6 us = 1.6 us
Total time: 952.53 us.
----------------
Vulkan Timings:
CONCAT: 1 x 3.72 us = 3.72 us
CONT: 1 x 3.52 us = 3.52 us
FLASH_ATTN_EXT dst(256,24,1,1),  q(256,1,24,1),  k(256,256,4,1),  v(256,256,4,1),  m(256,1,1,1): 1 x 12.56 us = 12.56 us (500.912 GFLOPS/s)
GET_ROWS: 2 x 4.3 us = 8.6 us
GLU: 1 x 1.92 us = 1.92 us
MUL_MAT f32 m=256 n=24 k=256: 1 x 2.08 us = 2.08 us (1509.42 GFLOPS/s)
MUL_MAT f32 m=64 n=16 k=64: 1 x 1.84 us = 1.84 us (70.6783 GFLOPS/s)
MUL_MAT f32 m=64 n=96 k=64: 1 x 3.2 us = 3.2 us (243.84 GFLOPS/s)
MUL_MAT_ADD MUL_MAT_VEC q6_K m=5120 n=1 k=17408: 1 x 130.32 us = 130.32 us (1367.81 GFLOPS/s)
MUL_MAT_ADD MUL_MAT_VEC q6_K m=5120 n=1 k=6144: 1 x 54.76 us = 54.76 us (1148.82 GFLOPS/s)
MUL_MAT_VEC f32 m=256 n=4 k=256: 1 x 3 us = 3 us (174.421 GFLOPS/s)
MUL_MAT_VEC q6_K m=1024 n=1 k=5120: 2 x 9.2 us = 18.4 us (1139.65 GFLOPS/s)
MUL_MAT_VEC q6_K m=12288 n=1 k=5120: 1 x 89.44 us = 89.44 us (1406.72 GFLOPS/s)
MUL_MAT_VEC q6_K m=17408 n=1 k=5120: 2 x 117.94 us = 235.88 us (1511.28 GFLOPS/s)
MUL_MAT_VEC q6_K m=98304 n=1 k=5120: 1 x 674.57 us = 674.57 us (1492.11 GFLOPS/s)
MUL_MAT_VEC q8_0 m=5120 n=1 k=10240: 1 x 93.36 us = 93.36 us (1123.1 GFLOPS/s)
PAD: 1 x 6.28 us = 6.28 us
RMS_NORM_MUL RMS_NORM(256,24,1,1): 1 x 3.24 us = 3.24 us
RMS_NORM_MUL RMS_NORM(256,4,1,1): 1 x 4.84 us = 4.84 us
RMS_NORM_MUL RMS_NORM(5120,1,1,1): 5 x 4.152 us = 20.76 us
ROPE: 2 x 3.36 us = 6.72 us
SET_ROWS: 2 x 2.58 us = 5.16 us
SIGMOID_MUL SIGMOID: 1 x 1.56 us = 1.56 us
TOP_K K=10 (98304,1,1,1): 1 x 8.76 us = 8.76 us
Total time: 1394.49 us.
----------------
Vulkan Timings:
CONCAT: 1 x 3.88 us = 3.88 us
CONT: 1 x 3.84 us = 3.84 us
FLASH_ATTN_EXT dst(256,24,1,1),  q(256,1,24,1),  k(256,256,4,1),  v(256,256,4,1),  m(256,1,1,1): 1 x 16.44 us = 16.44 us (382.692 GFLOPS/s)
GET_ROWS: 2 x 7.34 us = 14.68 us
GLU: 1 x 2.4 us = 2.4 us
MUL_MAT f32 m=256 n=24 k=256: 1 x 2.24 us = 2.24 us (1401.6 GFLOPS/s)
MUL_MAT f32 m=64 n=16 k=64: 1 x 1.96 us = 1.96 us (66.351 GFLOPS/s)
MUL_MAT f32 m=64 n=96 k=64: 1 x 3.48 us = 3.48 us (224.221 GFLOPS/s)
MUL_MAT_ADD MUL_MAT_VEC q6_K m=5120 n=1 k=17408: 1 x 124.92 us = 124.92 us (1426.94 GFLOPS/s)
MUL_MAT_ADD MUL_MAT_VEC q6_K m=5120 n=1 k=6144: 1 x 74.84 us = 74.84 us (840.586 GFLOPS/s)
MUL_MAT_VEC f32 m=256 n=4 k=256: 1 x 0.84 us = 0.84 us (622.933 GFLOPS/s)
MUL_MAT_VEC q6_K m=1024 n=1 k=5120: 2 x 6.12 us = 12.24 us (1713.19 GFLOPS/s)
MUL_MAT_VEC q6_K m=12288 n=1 k=5120: 1 x 93.6 us = 93.6 us (1344.2 GFLOPS/s)
MUL_MAT_VEC q6_K m=17408 n=1 k=5120: 2 x 122.58 us = 245.16 us (1454.07 GFLOPS/s)
MUL_MAT_VEC q6_K m=98304 n=1 k=5120: 1 x 677.56 us = 677.56 us (1485.53 GFLOPS/s)
MUL_MAT_VEC q8_0 m=5120 n=1 k=10240: 1 x 110.64 us = 110.64 us (947.691 GFLOPS/s)
PAD: 1 x 8.28 us = 8.28 us
RMS_NORM_MUL RMS_NORM(256,24,1,1): 1 x 3.44 us = 3.44 us
RMS_NORM_MUL RMS_NORM(256,4,1,1): 1 x 5.24 us = 5.24 us
RMS_NORM_MUL RMS_NORM(5120,1,1,1): 5 x 4.744 us = 23.72 us
ROPE: 2 x 3.72 us = 7.44 us
SET_ROWS: 2 x 3.2 us = 6.4 us
SIGMOID_MUL SIGMOID: 1 x 1.72 us = 1.72 us
TOP_K K=10 (98304,1,1,1): 1 x 10.84 us = 10.84 us
Total time: 1455.8 us.
----------------
Vulkan Timings:
CONCAT: 1 x 2.76 us = 2.76 us
CONT: 1 x 5.88 us = 5.88 us
FLASH_ATTN_EXT dst(256,24,1,1),  q(256,1,24,1),  k(256,256,4,1),  v(256,256,4,1),  m(256,1,1,1): 1 x 25.44 us = 25.44 us (247.306 GFLOPS/s)
GET_ROWS: 2 x 8.82 us = 17.64 us
GLU: 1 x 3.16 us = 3.16 us
MUL_MAT f32 m=256 n=24 k=256: 1 x 3.52 us = 3.52 us (891.927 GFLOPS/s)
MUL_MAT f32 m=64 n=16 k=64: 1 x 5.92 us = 5.92 us (21.9676 GFLOPS/s)
MUL_MAT f32 m=64 n=96 k=64: 1 x 2.24 us = 2.24 us (348.343 GFLOPS/s)
MUL_MAT_ADD MUL_MAT_VEC q6_K m=5120 n=1 k=17408: 1 x 128.68 us = 128.68 us (1385.24 GFLOPS/s)
MUL_MAT_ADD MUL_MAT_VEC q6_K m=5120 n=1 k=6144: 1 x 62.52 us = 62.52 us (1006.23 GFLOPS/s)
MUL_MAT_VEC f32 m=256 n=4 k=256: 1 x 1.24 us = 1.24 us (421.987 GFLOPS/s)
MUL_MAT_VEC q6_K m=1024 n=1 k=5120: 2 x 11.32 us = 22.64 us (926.213 GFLOPS/s)
MUL_MAT_VEC q6_K m=12288 n=1 k=5120: 1 x 88.52 us = 88.52 us (1421.34 GFLOPS/s)
MUL_MAT_VEC q6_K m=17408 n=1 k=5120: 2 x 126.46 us = 252.92 us (1409.46 GFLOPS/s)
MUL_MAT_VEC q6_K m=98304 n=1 k=5120: 1 x 682.69 us = 682.69 us (1474.37 GFLOPS/s)
MUL_MAT_VEC q8_0 m=5120 n=1 k=10240: 1 x 108.64 us = 108.64 us (965.137 GFLOPS/s)
PAD: 1 x 10.56 us = 10.56 us
RMS_NORM_MUL RMS_NORM(256,24,1,1): 1 x 5.88 us = 5.88 us
RMS_NORM_MUL RMS_NORM(256,4,1,1): 1 x 5.8 us = 5.8 us
RMS_NORM_MUL RMS_NORM(5120,1,1,1): 5 x 6.04 us = 30.2 us
ROPE: 2 x 5.86 us = 11.72 us
SET_ROWS: 2 x 4.7 us = 9.4 us
SIGMOID_MUL SIGMOID: 1 x 5.96 us = 5.96 us
TOP_K K=10 (98304,1,1,1): 1 x 15.4 us = 15.4 us
Total time: 1509.33 us.
----------------
Vulkan Timings:
CONCAT: 1 x 2.64 us = 2.64 us
CONT: 1 x 5.88 us = 5.88 us
FLASH_ATTN_EXT dst(256,24,1,1),  q(256,1,24,1),  k(256,256,4,1),  v(256,256,4,1),  m(256,1,1,1): 1 x 20.16 us = 20.16 us (312.076 GFLOPS/s)
GET_ROWS: 2 x 8.78 us = 17.56 us
GLU: 1 x 2.6 us = 2.6 us
MUL_MAT f32 m=256 n=24 k=256: 1 x 2.56 us = 2.56 us (1226.4 GFLOPS/s)
MUL_MAT f32 m=64 n=16 k=64: 1 x 5.84 us = 5.84 us (22.2685 GFLOPS/s)
MUL_MAT f32 m=64 n=96 k=64: 1 x 5.84 us = 5.84 us (133.611 GFLOPS/s)
MUL_MAT_ADD MUL_MAT_VEC q6_K m=5120 n=1 k=17408: 1 x 130.04 us = 130.04 us (1370.75 GFLOPS/s)
MUL_MAT_ADD MUL_MAT_VEC q6_K m=5120 n=1 k=6144: 1 x 61.8 us = 61.8 us (1017.95 GFLOPS/s)
MUL_MAT_VEC f32 m=256 n=4 k=256: 1 x 5.08 us = 5.08 us (103.005 GFLOPS/s)
MUL_MAT_VEC q6_K m=1024 n=1 k=5120: 2 x 10.9 us = 21.8 us (961.902 GFLOPS/s)
MUL_MAT_VEC q6_K m=12288 n=1 k=5120: 1 x 88.28 us = 88.28 us (1425.2 GFLOPS/s)
MUL_MAT_VEC q6_K m=17408 n=1 k=5120: 2 x 126.7 us = 253.4 us (1406.79 GFLOPS/s)
MUL_MAT_VEC q6_K m=98304 n=1 k=5120: 1 x 675.92 us = 675.92 us (1489.13 GFLOPS/s)
MUL_MAT_VEC q8_0 m=5120 n=1 k=10240: 1 x 111.24 us = 111.24 us (942.579 GFLOPS/s)
PAD: 1 x 9.56 us = 9.56 us
RMS_NORM_MUL RMS_NORM(256,24,1,1): 1 x 5.88 us = 5.88 us
RMS_NORM_MUL RMS_NORM(256,4,1,1): 1 x 5.76 us = 5.76 us
RMS_NORM_MUL RMS_NORM(5120,1,1,1): 5 x 5.736 us = 28.68 us
ROPE: 2 x 5.84 us = 11.68 us
SET_ROWS: 2 x 4.26 us = 8.52 us
SIGMOID_MUL SIGMOID: 1 x 2.64 us = 2.64 us
TOP_K K=10 (98304,1,1,1): 1 x 15.44 us = 15.44 us
Total time: 1498.8 us.
----------------
Vulkan Timings:
ADD: 48 x 3.738 us = 179.44 us
CONCAT: 48 x 3.253 us = 156.16 us
CONT: 16 x 3.98 us = 63.68 us
CPY: 240 x 2.709 us = 650.36 us
FLASH_ATTN_EXT dst(256,24,5,1),  q(256,5,24,1),  k(256,256,4,1),  v(256,256,4,1),  m(256,5,1,1): 16 x 24.765 us = 396.24 us (1270.23 GFLOPS/s)
GDN_CACHE GATED_DELTA_NET: 48 x 14.006 us = 672.32 us
GET_ROWS: 50 x 26.776 us = 1338.84 us
GLU: 64 x 3.275 us = 209.6 us
MUL_MAT f32 m=256 n=120 k=256: 16 x 2.187 us = 35 us (7176.19 GFLOPS/s)
MUL_MAT f32 m=256 n=20 k=256: 16 x 2.522 us = 40.36 us (1037.19 GFLOPS/s)
MUL_MAT f32 m=64 n=480 k=64: 16 x 4.312 us = 69 us (904.682 GFLOPS/s)
MUL_MAT f32 m=64 n=80 k=64: 16 x 4.187 us = 67 us (155.281 GFLOPS/s)
MUL_MAT_ADD MUL_MAT_VEC q6_K m=5120 n=5 k=17408: 64 x 152.571 us = 9764.6 us (5841.6 GFLOPS/s)
MUL_MAT_ADD MUL_MAT_VEC q6_K m=5120 n=5 k=6144: 16 x 66.97 us = 1071.52 us (4696.84 GFLOPS/s)
MUL_MAT_VEC f32 m=48 n=5 k=5120: 96 x 4.683 us = 449.6 us (524.703 GFLOPS/s)
MUL_MAT_VEC q6_K m=1024 n=5 k=5120: 32 x 11.687 us = 374 us (4485.45 GFLOPS/s)
MUL_MAT_VEC q6_K m=10240 n=5 k=5120: 48 x 107.124 us = 5141.96 us (4893.73 GFLOPS/s)
MUL_MAT_VEC q6_K m=12288 n=5 k=5120: 16 x 134.465 us = 2151.44 us (4678.42 GFLOPS/s)
MUL_MAT_VEC q6_K m=17408 n=5 k=5120: 128 x 180.151 us = 23059.4 us (4946.96 GFLOPS/s)
MUL_MAT_VEC q6_K m=248320 n=5 k=5120: 1 x 1966.72 us = 1966.72 us (6463.93 GFLOPS/s)
MUL_MAT_VEC q6_K m=6144 n=5 k=5120: 48 x 70.732 us = 3395.16 us (4446.92 GFLOPS/s)
MUL_MAT_VEC q8_0 m=5120 n=5 k=6144: 48 x 65.367 us = 3137.64 us (4811.98 GFLOPS/s)
RMS_NORM_MUL RMS_NORM(256,24,5,1): 16 x 4.11 us = 65.76 us
RMS_NORM_MUL RMS_NORM(256,4,5,1): 16 x 5.01 us = 80.16 us
RMS_NORM_MUL RMS_NORM(5120,5,1,1): 129 x 5.575 us = 719.2 us
RMS_NORM_MUL_SILU_MUL RMS_NORM(128,48,5,1): 48 x 6.311 us = 302.96 us
RMS_NORM_SCALE RMS_NORM(128,16,5,1): 96 x 2.596 us = 249.24 us
ROPE: 32 x 4.522 us = 144.72 us
SET_ROWS: 32 x 3.506 us = 112.2 us
SIGMOID_MUL SIGMOID: 16 x 4.512 us = 72.2 us
SSM_CONV_SILU SSM_CONV: 48 x 6.301 us = 302.48 us
Total time: 56439 us.
----------------
Vulkan Timings:
CONCAT: 1 x 3.96 us = 3.96 us
CONT: 1 x 3.48 us = 3.48 us
FLASH_ATTN_EXT dst(256,24,5,1),  q(256,5,24,1),  k(256,256,4,1),  v(256,256,4,1),  m(256,5,1,1): 1 x 21.08 us = 21.08 us (1492.28 GFLOPS/s)
GLU: 1 x 3.88 us = 3.88 us
MUL_MAT f32 m=256 n=120 k=256: 1 x 1.6 us = 1.6 us (9811.2 GFLOPS/s)
MUL_MAT f32 m=256 n=20 k=256: 1 x 2.92 us = 2.92 us (896 GFLOPS/s)
MUL_MAT f32 m=64 n=480 k=64: 1 x 3.32 us = 3.32 us (1175.13 GFLOPS/s)
MUL_MAT f32 m=64 n=80 k=64: 1 x 4.72 us = 4.72 us (137.763 GFLOPS/s)
MUL_MAT_ADD MUL_MAT_VEC q6_K m=5120 n=5 k=17408: 1 x 172.57 us = 172.57 us (5164.65 GFLOPS/s)
MUL_MAT_ADD MUL_MAT_VEC q6_K m=5120 n=5 k=6144: 1 x 335.4 us = 335.4 us (937.827 GFLOPS/s)
MUL_MAT_VEC q6_K m=1024 n=5 k=5120: 2 x 11.66 us = 23.32 us (4496.03 GFLOPS/s)
MUL_MAT_VEC q6_K m=12288 n=5 k=5120: 1 x 147.56 us = 147.56 us (4263.24 GFLOPS/s)
MUL_MAT_VEC q6_K m=17408 n=5 k=5120: 2 x 158.88 us = 317.76 us (5609.28 GFLOPS/s)
MUL_MAT_VEC q8_0 m=5120 n=5 k=10240: 1 x 116.74 us = 116.74 us (4490.85 GFLOPS/s)
RMS_NORM_MUL RMS_NORM(256,24,5,1): 1 x 5.8 us = 5.8 us
RMS_NORM_MUL RMS_NORM(256,4,5,1): 1 x 3.36 us = 3.36 us
RMS_NORM_MUL RMS_NORM(5120,5,1,1): 5 x 8.902 us = 44.51 us
ROPE: 2 x 3.36 us = 6.72 us
SET_ROWS: 2 x 1.84 us = 3.68 us
SIGMOID_MUL SIGMOID: 1 x 1.64 us = 1.64 us
Total time: 1224.02 us.
----------------
Vulkan Timings:
CONCAT: 1 x 1.8 us = 1.8 us
CONT: 1 x 4.76 us = 4.76 us
FLASH_ATTN_EXT dst(256,24,1,1),  q(256,1,24,1),  k(256,256,4,1),  v(256,256,4,1),  m(256,1,1,1): 1 x 21.56 us = 21.56 us (291.812 GFLOPS/s)
GET_ROWS: 2 x 6.82 us = 13.64 us
GLU: 1 x 2.16 us = 2.16 us
MUL_MAT f32 m=256 n=24 k=256: 1 x 2.8 us = 2.8 us (1121.28 GFLOPS/s)
MUL_MAT f32 m=64 n=16 k=64: 1 x 4.4 us = 4.4 us (29.5564 GFLOPS/s)
MUL_MAT f32 m=64 n=96 k=64: 1 x 4.4 us = 4.4 us (177.338 GFLOPS/s)
MUL_MAT_ADD MUL_MAT_VEC q6_K m=5120 n=1 k=17408: 1 x 136.24 us = 136.24 us (1308.37 GFLOPS/s)
MUL_MAT_ADD MUL_MAT_VEC q6_K m=5120 n=1 k=6144: 1 x 59.08 us = 59.08 us (1064.82 GFLOPS/s)
MUL_MAT_VEC f32 m=256 n=4 k=256: 1 x 1.04 us = 1.04 us (503.138 GFLOPS/s)
MUL_MAT_VEC q6_K m=1024 n=1 k=5120: 2 x 10.54 us = 21.08 us (994.757 GFLOPS/s)
MUL_MAT_VEC q6_K m=12288 n=1 k=5120: 1 x 93.4 us = 93.4 us (1347.08 GFLOPS/s)
MUL_MAT_VEC q6_K m=17408 n=1 k=5120: 2 x 119.58 us = 239.16 us (1490.55 GFLOPS/s)
MUL_MAT_VEC q6_K m=98304 n=1 k=5120: 1 x 680.25 us = 680.25 us (1479.65 GFLOPS/s)
MUL_MAT_VEC q8_0 m=5120 n=1 k=10240: 1 x 94.8 us = 94.8 us (1106.04 GFLOPS/s)
PAD: 1 x 10.32 us = 10.32 us
RMS_NORM_MUL RMS_NORM(256,24,1,1): 1 x 4.36 us = 4.36 us
RMS_NORM_MUL RMS_NORM(256,4,1,1): 1 x 4.68 us = 4.68 us
RMS_NORM_MUL RMS_NORM(5120,1,1,1): 5 x 6.176 us = 30.88 us
ROPE: 2 x 4.5 us = 9 us
SET_ROWS: 2 x 3.8 us = 7.6 us
SIGMOID_MUL SIGMOID: 1 x 2.4 us = 2.4 us
TOP_K K=10 (98304,1,1,1): 1 x 15.04 us = 15.04 us
Total time: 1464.85 us.
----------------
Vulkan Timings:
CONCAT: 1 x 2.72 us = 2.72 us
CONT: 1 x 2.24 us = 2.24 us
FLASH_ATTN_EXT dst(256,24,1,1),  q(256,1,24,1),  k(256,256,4,1),  v(256,256,4,1),  m(256,1,1,1): 1 x 21 us = 21 us (299.593 GFLOPS/s)
GET_ROWS: 2 x 7.04 us = 14.08 us
GLU: 1 x 2.32 us = 2.32 us
MUL_MAT f32 m=256 n=24 k=256: 1 x 2.6 us = 2.6 us (1207.53 GFLOPS/s)
MUL_MAT f32 m=64 n=16 k=64: 1 x 5.96 us = 5.96 us (21.8201 GFLOPS/s)
MUL_MAT f32 m=64 n=96 k=64: 1 x 8.76 us = 8.76 us (89.074 GFLOPS/s)
MUL_MAT_ADD MUL_MAT_VEC q6_K m=5120 n=1 k=17408: 1 x 129.28 us = 129.28 us (1378.81 GFLOPS/s)
MUL_MAT_ADD MUL_MAT_VEC q6_K m=5120 n=1 k=6144: 1 x 60.8 us = 60.8 us (1034.69 GFLOPS/s)
MUL_MAT_VEC f32 m=256 n=4 k=256: 1 x 5.08 us = 5.08 us (103.005 GFLOPS/s)
MUL_MAT_VEC q6_K m=1024 n=1 k=5120: 2 x 10.94 us = 21.88 us (958.385 GFLOPS/s)
MUL_MAT_VEC q6_K m=12288 n=1 k=5120: 1 x 88.68 us = 88.68 us (1418.77 GFLOPS/s)
MUL_MAT_VEC q6_K m=17408 n=1 k=5120: 2 x 126.14 us = 252.28 us (1413.04 GFLOPS/s)
MUL_MAT_VEC q6_K m=98304 n=1 k=5120: 1 x 679.2 us = 679.2 us (1481.94 GFLOPS/s)
MUL_MAT_VEC q8_0 m=5120 n=1 k=10240: 1 x 110.84 us = 110.84 us (945.981 GFLOPS/s)
PAD: 1 x 10.72 us = 10.72 us
RMS_NORM_MUL RMS_NORM(256,24,1,1): 1 x 5.92 us = 5.92 us
RMS_NORM_MUL RMS_NORM(256,4,1,1): 1 x 5.88 us = 5.88 us
RMS_NORM_MUL RMS_NORM(5120,1,1,1): 5 x 6.488 us = 32.44 us
ROPE: 2 x 5.84 us = 11.68 us
SET_ROWS: 2 x 4.26 us = 8.52 us
SIGMOID_MUL SIGMOID: 1 x 2.64 us = 2.64 us
TOP_K K=10 (98304,1,1,1): 1 x 16.08 us = 16.08 us
Total time: 1501.6 us.
----------------
Vulkan Timings:
CONCAT: 1 x 2.68 us = 2.68 us
CONT: 1 x 5.84 us = 5.84 us
FLASH_ATTN_EXT dst(256,24,1,1),  q(256,1,24,1),  k(256,256,4,1),  v(256,256,4,1),  m(256,1,1,1): 1 x 20.76 us = 20.76 us (303.057 GFLOPS/s)
GET_ROWS: 2 x 8.72 us = 17.44 us
GLU: 1 x 2.32 us = 2.32 us
MUL_MAT f32 m=256 n=24 k=256: 1 x 2.52 us = 2.52 us (1245.87 GFLOPS/s)
MUL_MAT f32 m=64 n=16 k=64: 1 x 5.84 us = 5.84 us (22.2685 GFLOPS/s)
MUL_MAT f32 m=64 n=96 k=64: 1 x 5.88 us = 5.88 us (132.702 GFLOPS/s)
MUL_MAT_ADD MUL_MAT_VEC q6_K m=5120 n=1 k=17408: 1 x 130.8 us = 130.8 us (1362.79 GFLOPS/s)
MUL_MAT_ADD MUL_MAT_VEC q6_K m=5120 n=1 k=6144: 1 x 61.04 us = 61.04 us (1030.63 GFLOPS/s)
MUL_MAT_VEC f32 m=256 n=4 k=256: 1 x 5.04 us = 5.04 us (103.822 GFLOPS/s)
MUL_MAT_VEC q6_K m=1024 n=1 k=5120: 2 x 11.02 us = 22.04 us (951.428 GFLOPS/s)
MUL_MAT_VEC q6_K m=12288 n=1 k=5120: 1 x 88.28 us = 88.28 us (1425.2 GFLOPS/s)
MUL_MAT_VEC q6_K m=17408 n=1 k=5120: 2 x 125.56 us = 251.12 us (1419.56 GFLOPS/s)
MUL_MAT_VEC q6_K m=98304 n=1 k=5120: 1 x 684.93 us = 684.93 us (1469.54 GFLOPS/s)
MUL_MAT_VEC q8_0 m=5120 n=1 k=10240: 1 x 110.64 us = 110.64 us (947.691 GFLOPS/s)
PAD: 1 x 9.8 us = 9.8 us
RMS_NORM_MUL RMS_NORM(256,24,1,1): 1 x 5.84 us = 5.84 us
RMS_NORM_MUL RMS_NORM(256,4,1,1): 1 x 5.76 us = 5.76 us
RMS_NORM_MUL RMS_NORM(5120,1,1,1): 5 x 5.72 us = 28.6 us
ROPE: 2 x 5.8 us = 11.6 us
SET_ROWS: 2 x 4.22 us = 8.44 us
SIGMOID_MUL SIGMOID: 1 x 2.72 us = 2.72 us
TOP_K K=10 (98304,1,1,1): 1 x 14.44 us = 14.44 us
Total time: 1504.37 us.
----------------
Vulkan Timings:
CONCAT: 1 x 2.68 us = 2.68 us
CONT: 1 x 5.88 us = 5.88 us
FLASH_ATTN_EXT dst(256,24,1,1),  q(256,1,24,1),  k(256,256,4,1),  v(256,256,4,1),  m(256,1,1,1): 1 x 20.88 us = 20.88 us (301.315 GFLOPS/s)
GET_ROWS: 2 x 7.02 us = 14.04 us
GLU: 1 x 2.72 us = 2.72 us
MUL_MAT f32 m=256 n=24 k=256: 1 x 2.6 us = 2.6 us (1207.53 GFLOPS/s)
MUL_MAT f32 m=64 n=16 k=64: 1 x 2.24 us = 2.24 us (58.0571 GFLOPS/s)
MUL_MAT f32 m=64 n=96 k=64: 1 x 5.88 us = 5.88 us (132.702 GFLOPS/s)
MUL_MAT_ADD MUL_MAT_VEC q6_K m=5120 n=1 k=17408: 1 x 129.16 us = 129.16 us (1380.09 GFLOPS/s)
MUL_MAT_ADD MUL_MAT_VEC q6_K m=5120 n=1 k=6144: 1 x 61.96 us = 61.96 us (1015.32 GFLOPS/s)
MUL_MAT_VEC f32 m=256 n=4 k=256: 1 x 5.08 us = 5.08 us (103.005 GFLOPS/s)
MUL_MAT_VEC q6_K m=1024 n=1 k=5120: 2 x 11.22 us = 22.44 us (934.468 GFLOPS/s)
MUL_MAT_VEC q6_K m=12288 n=1 k=5120: 1 x 87.84 us = 87.84 us (1432.34 GFLOPS/s)
MUL_MAT_VEC q6_K m=17408 n=1 k=5120: 2 x 126.26 us = 252.52 us (1411.69 GFLOPS/s)
MUL_MAT_VEC q6_K m=98304 n=1 k=5120: 1 x 673.88 us = 673.88 us (1493.64 GFLOPS/s)
MUL_MAT_VEC q8_0 m=5120 n=1 k=10240: 1 x 110.8 us = 110.8 us (946.322 GFLOPS/s)
PAD: 1 x 10.6 us = 10.6 us
RMS_NORM_MUL RMS_NORM(256,24,1,1): 1 x 5.88 us = 5.88 us
RMS_NORM_MUL RMS_NORM(256,4,1,1): 1 x 8.72 us = 8.72 us
RMS_NORM_MUL RMS_NORM(5120,1,1,1): 5 x 6.44 us = 32.2 us
ROPE: 2 x 5.84 us = 11.68 us
SET_ROWS: 2 x 4.2 us = 8.4 us
SIGMOID_MUL SIGMOID: 1 x 2.6 us = 2.6 us
TOP_K K=10 (98304,1,1,1): 1 x 15.4 us = 15.4 us
Total time: 1496.08 us.
----------------
Vulkan Timings:
ADD: 48 x 3.925 us = 188.44 us
CONCAT: 48 x 3.161 us = 151.76 us
CONT: 16 x 3.98 us = 63.68 us
CPY: 240 x 2.694 us = 646.6 us
FLASH_ATTN_EXT dst(256,24,5,1),  q(256,5,24,1),  k(256,256,4,1),  v(256,256,4,1),  m(256,5,1,1): 16 x 24.74 us = 395.84 us (1271.51 GFLOPS/s)
GDN_CACHE GATED_DELTA_NET: 48 x 14.358 us = 689.2 us
GET_ROWS: 50 x 26.855 us = 1342.76 us
GLU: 64 x 3.312 us = 212 us
MUL_MAT f32 m=256 n=120 k=256: 16 x 2.24 us = 35.84 us (7008 GFLOPS/s)
MUL_MAT f32 m=256 n=20 k=256: 16 x 2.317 us = 37.08 us (1128.94 GFLOPS/s)
MUL_MAT f32 m=64 n=480 k=64: 16 x 4.695 us = 75.12 us (830.978 GFLOPS/s)
MUL_MAT f32 m=64 n=80 k=64: 16 x 4.285 us = 68.56 us (151.748 GFLOPS/s)
MUL_MAT_ADD MUL_MAT_VEC q6_K m=5120 n=5 k=17408: 64 x 152.743 us = 9775.6 us (5835.03 GFLOPS/s)
MUL_MAT_ADD MUL_MAT_VEC q6_K m=5120 n=5 k=6144: 16 x 66.542 us = 1064.68 us (4727.01 GFLOPS/s)
MUL_MAT_VEC f32 m=48 n=5 k=5120: 96 x 4.958 us = 476 us (495.602 GFLOPS/s)
MUL_MAT_VEC q6_K m=1024 n=5 k=5120: 32 x 11.735 us = 375.52 us (4467.29 GFLOPS/s)
MUL_MAT_VEC q6_K m=10240 n=5 k=5120: 48 x 107.064 us = 5139.08 us (4896.47 GFLOPS/s)
MUL_MAT_VEC q6_K m=12288 n=5 k=5120: 16 x 135.055 us = 2160.88 us (4657.98 GFLOPS/s)
MUL_MAT_VEC q6_K m=17408 n=5 k=5120: 128 x 180.425 us = 23094.5 us (4939.44 GFLOPS/s)
MUL_MAT_VEC q6_K m=248320 n=5 k=5120: 1 x 1960.16 us = 1960.16 us (6485.56 GFLOPS/s)
MUL_MAT_VEC q6_K m=6144 n=5 k=5120: 48 x 70.695 us = 3393.4 us (4449.23 GFLOPS/s)
MUL_MAT_VEC q8_0 m=5120 n=5 k=6144: 48 x 65.239 us = 3131.5 us (4821.42 GFLOPS/s)
RMS_NORM_MUL RMS_NORM(256,24,5,1): 16 x 3.915 us = 62.64 us
RMS_NORM_MUL RMS_NORM(256,4,5,1): 16 x 4.61 us = 73.76 us
RMS_NORM_MUL RMS_NORM(5120,5,1,1): 129 x 5.593 us = 721.56 us
RMS_NORM_MUL_SILU_MUL RMS_NORM(128,48,5,1): 48 x 6.572 us = 315.48 us
RMS_NORM_SCALE RMS_NORM(128,16,5,1): 96 x 2.429 us = 233.2 us
ROPE: 32 x 4.692 us = 150.16 us
SET_ROWS: 32 x 3.601 us = 115.24 us
SIGMOID_MUL SIGMOID: 16 x 4.502 us = 72.04 us
SSM_CONV_SILU SSM_CONV: 48 x 6.205 us = 297.84 us
Total time: 56520.1 us.
----------------
Vulkan Timings:
CONCAT: 1 x 4 us = 4 us
CONT: 1 x 3.64 us = 3.64 us
FLASH_ATTN_EXT dst(256,24,5,1),  q(256,5,24,1),  k(256,256,4,1),  v(256,256,4,1),  m(256,5,1,1): 1 x 22.12 us = 22.12 us (1422.12 GFLOPS/s)
GLU: 1 x 3.8 us = 3.8 us
MUL_MAT f32 m=256 n=120 k=256: 1 x 2.2 us = 2.2 us (7135.42 GFLOPS/s)
MUL_MAT f32 m=256 n=20 k=256: 1 x 0.72 us = 0.72 us (3633.78 GFLOPS/s)
MUL_MAT f32 m=64 n=480 k=64: 1 x 3.64 us = 3.64 us (1071.82 GFLOPS/s)
MUL_MAT f32 m=64 n=80 k=64: 1 x 3.64 us = 3.64 us (178.637 GFLOPS/s)
MUL_MAT_ADD MUL_MAT_VEC q6_K m=5120 n=5 k=17408: 1 x 172.84 us = 172.84 us (5156.58 GFLOPS/s)
MUL_MAT_ADD MUL_MAT_VEC q6_K m=5120 n=5 k=6144: 1 x 69.4 us = 69.4 us (4532.38 GFLOPS/s)
MUL_MAT_VEC q6_K m=1024 n=5 k=5120: 2 x 12.54 us = 25.08 us (4180.52 GFLOPS/s)
MUL_MAT_VEC q6_K m=12288 n=5 k=5120: 1 x 142.43 us = 142.43 us (4416.8 GFLOPS/s)
MUL_MAT_VEC q6_K m=17408 n=5 k=5120: 2 x 157.56 us = 315.12 us (5656.27 GFLOPS/s)
MUL_MAT_VEC q8_0 m=5120 n=5 k=10240: 1 x 122.16 us = 122.16 us (4291.6 GFLOPS/s)
RMS_NORM_MUL RMS_NORM(256,24,5,1): 1 x 3.72 us = 3.72 us
RMS_NORM_MUL RMS_NORM(256,4,5,1): 1 x 3.64 us = 3.64 us
RMS_NORM_MUL RMS_NORM(5120,5,1,1): 5 x 9.578 us = 47.89 us
ROPE: 2 x 3.78 us = 7.56 us
SET_ROWS: 2 x 2.9 us = 5.8 us
SIGMOID_MUL SIGMOID: 1 x 1.72 us = 1.72 us
Total time: 961.12 us.
----------------
Vulkan Timings:
CONCAT: 1 x 4.04 us = 4.04 us
CONT: 1 x 3.48 us = 3.48 us
FLASH_ATTN_EXT dst(256,24,1,1),  q(256,1,24,1),  k(256,256,4,1),  v(256,256,4,1),  m(256,1,1,1): 1 x 15.24 us = 15.24 us (412.825 GFLOPS/s)
GET_ROWS: 2 x 6.22 us = 12.44 us
GLU: 1 x 2.68 us = 2.68 us
MUL_MAT f32 m=256 n=24 k=256: 1 x 2.12 us = 2.12 us (1480.94 GFLOPS/s)
MUL_MAT f32 m=64 n=16 k=64: 1 x 1.84 us = 1.84 us (70.6783 GFLOPS/s)
MUL_MAT f32 m=64 n=96 k=64: 1 x 3.2 us = 3.2 us (243.84 GFLOPS/s)
MUL_MAT_ADD MUL_MAT_VEC q6_K m=5120 n=1 k=17408: 1 x 129.8 us = 129.8 us (1373.29 GFLOPS/s)
MUL_MAT_ADD MUL_MAT_VEC q6_K m=5120 n=1 k=6144: 1 x 53.24 us = 53.24 us (1181.62 GFLOPS/s)
MUL_MAT_VEC f32 m=256 n=4 k=256: 1 x 0.72 us = 0.72 us (726.756 GFLOPS/s)
MUL_MAT_VEC q6_K m=1024 n=1 k=5120: 2 x 6.16 us = 12.32 us (1702.07 GFLOPS/s)
MUL_MAT_VEC q6_K m=12288 n=1 k=5120: 1 x 97.44 us = 97.44 us (1291.22 GFLOPS/s)
MUL_MAT_VEC q6_K m=17408 n=1 k=5120: 2 x 117.88 us = 235.76 us (1512.05 GFLOPS/s)
MUL_MAT_VEC q6_K m=98304 n=1 k=5120: 1 x 678.9 us = 678.9 us (1482.6 GFLOPS/s)
MUL_MAT_VEC q8_0 m=5120 n=1 k=10240: 1 x 92.76 us = 92.76 us (1130.36 GFLOPS/s)
PAD: 1 x 8.44 us = 8.44 us
RMS_NORM_MUL RMS_NORM(256,24,1,1): 1 x 3.16 us = 3.16 us
RMS_NORM_MUL RMS_NORM(256,4,1,1): 1 x 4.84 us = 4.84 us
RMS_NORM_MUL RMS_NORM(5120,1,1,1): 5 x 4.024 us = 20.12 us
ROPE: 2 x 3.32 us = 6.64 us
SET_ROWS: 2 x 2.96 us = 5.92 us
SIGMOID_MUL SIGMOID: 1 x 2.48 us = 2.48 us
TOP_K K=10 (98304,1,1,1): 1 x 6.24 us = 6.24 us
Total time: 1403.82 us.
----------------
Vulkan Timings:
CONCAT: 1 x 4.72 us = 4.72 us
CONT: 1 x 3.64 us = 3.64 us
FLASH_ATTN_EXT dst(256,24,1,1),  q(256,1,24,1),  k(256,256,4,1),  v(256,256,4,1),  m(256,1,1,1): 1 x 14.76 us = 14.76 us (426.25 GFLOPS/s)
GET_ROWS: 2 x 11.285 us = 22.57 us
GLU: 1 x 1.92 us = 1.92 us
MUL_MAT f32 m=256 n=24 k=256: 1 x 1.68 us = 1.68 us (1868.8 GFLOPS/s)
MUL_MAT f32 m=64 n=16 k=64: 1 x 3.6 us = 3.6 us (36.1244 GFLOPS/s)
MUL_MAT f32 m=64 n=96 k=64: 1 x 3.6 us = 3.6 us (216.747 GFLOPS/s)
MUL_MAT_ADD MUL_MAT_VEC q6_K m=5120 n=1 k=17408: 1 x 123.16 us = 123.16 us (1447.33 GFLOPS/s)
MUL_MAT_ADD MUL_MAT_VEC q6_K m=5120 n=1 k=6144: 1 x 54.24 us = 54.24 us (1159.83 GFLOPS/s)
MUL_MAT_VEC f32 m=256 n=4 k=256: 1 x 3.04 us = 3.04 us (172.126 GFLOPS/s)
MUL_MAT_VEC q6_K m=1024 n=1 k=5120: 2 x 8.96 us = 17.92 us (1170.17 GFLOPS/s)
MUL_MAT_VEC q6_K m=12288 n=1 k=5120: 1 x 85.44 us = 85.44 us (1472.58 GFLOPS/s)
MUL_MAT_VEC q6_K m=17408 n=1 k=5120: 2 x 120.82 us = 241.64 us (1475.26 GFLOPS/s)
MUL_MAT_VEC q6_K m=98304 n=1 k=5120: 1 x 675.66 us = 675.66 us (1489.71 GFLOPS/s)
MUL_MAT_VEC q8_0 m=5120 n=1 k=10240: 1 x 100.56 us = 100.56 us (1042.69 GFLOPS/s)
PAD: 1 x 4.96 us = 4.96 us
RMS_NORM_MUL RMS_NORM(256,24,1,1): 1 x 3.6 us = 3.6 us
RMS_NORM_MUL RMS_NORM(256,4,1,1): 1 x 3.56 us = 3.56 us
RMS_NORM_MUL RMS_NORM(5120,1,1,1): 5 x 3.768 us = 18.84 us
ROPE: 2 x 3.86 us = 7.72 us
SET_ROWS: 2 x 1.82 us = 3.64 us
SIGMOID_MUL SIGMOID: 1 x 1.68 us = 1.68 us
TOP_K K=10 (98304,1,1,1): 1 x 8.96 us = 8.96 us
Total time: 1411.11 us.
----------------
Vulkan Timings:
CONCAT: 1 x 4.24 us = 4.24 us
CONT: 1 x 3.88 us = 3.88 us
FLASH_ATTN_EXT dst(256,24,1,1),  q(256,1,24,1),  k(256,256,4,1),  v(256,256,4,1),  m(256,1,1,1): 1 x 13.88 us = 13.88 us (453.275 GFLOPS/s)
GET_ROWS: 2 x 17.47 us = 34.94 us
GLU: 1 x 1.92 us = 1.92 us
MUL_MAT f32 m=256 n=24 k=256: 1 x 2.36 us = 2.36 us (1330.33 GFLOPS/s)
MUL_MAT f32 m=64 n=16 k=64: 1 x 3.84 us = 3.84 us (33.8667 GFLOPS/s)
MUL_MAT f32 m=64 n=96 k=64: 1 x 3.88 us = 3.88 us (201.105 GFLOPS/s)
MUL_MAT_ADD MUL_MAT_VEC q6_K m=5120 n=1 k=17408: 1 x 124.2 us = 124.2 us (1435.21 GFLOPS/s)
MUL_MAT_ADD MUL_MAT_VEC q6_K m=5120 n=1 k=6144: 1 x 54.76 us = 54.76 us (1148.82 GFLOPS/s)
MUL_MAT_VEC f32 m=256 n=4 k=256: 1 x 0.84 us = 0.84 us (622.933 GFLOPS/s)
MUL_MAT_VEC q6_K m=1024 n=1 k=5120: 2 x 9.34 us = 18.68 us (1122.56 GFLOPS/s)
MUL_MAT_VEC q6_K m=12288 n=1 k=5120: 1 x 85.92 us = 85.92 us (1464.35 GFLOPS/s)
MUL_MAT_VEC q6_K m=17408 n=1 k=5120: 2 x 121.42 us = 242.84 us (1467.97 GFLOPS/s)
MUL_MAT_VEC q6_K m=98304 n=1 k=5120: 1 x 676 us = 676 us (1488.96 GFLOPS/s)
MUL_MAT_VEC q8_0 m=5120 n=1 k=10240: 1 x 110.2 us = 110.2 us (951.474 GFLOPS/s)
PAD: 1 x 7.76 us = 7.76 us
RMS_NORM_MUL RMS_NORM(256,24,1,1): 1 x 3.8 us = 3.8 us
RMS_NORM_MUL RMS_NORM(256,4,1,1): 1 x 4 us = 4 us
RMS_NORM_MUL RMS_NORM(5120,1,1,1): 5 x 4.208 us = 21.04 us
ROPE: 2 x 4.1 us = 8.2 us
SET_ROWS: 2 x 3.78 us = 7.56 us
SIGMOID_MUL SIGMOID: 1 x 1.8 us = 1.8 us
TOP_K K=10 (98304,1,1,1): 1 x 10.24 us = 10.24 us
Total time: 1446.78 us.
----------------
Vulkan Timings:
CONCAT: 1 x 2.52 us = 2.52 us
CONT: 1 x 4.88 us = 4.88 us
FLASH_ATTN_EXT dst(256,24,1,1),  q(256,1,24,1),  k(256,256,4,1),  v(256,256,4,1),  m(256,1,1,1): 1 x 21.12 us = 21.12 us (297.891 GFLOPS/s)
GET_ROWS: 2 x 6.98 us = 13.96 us
GLU: 1 x 2.44 us = 2.44 us
MUL_MAT f32 m=256 n=24 k=256: 1 x 2.16 us = 2.16 us (1453.51 GFLOPS/s)
MUL_MAT f32 m=64 n=16 k=64: 1 x 4.96 us = 4.96 us (26.2194 GFLOPS/s)
MUL_MAT f32 m=64 n=96 k=64: 1 x 4.88 us = 4.88 us (159.895 GFLOPS/s)
MUL_MAT_ADD MUL_MAT_VEC q6_K m=5120 n=1 k=17408: 1 x 127.88 us = 127.88 us (1393.91 GFLOPS/s)
MUL_MAT_ADD MUL_MAT_VEC q6_K m=5120 n=1 k=6144: 1 x 58.44 us = 58.44 us (1076.48 GFLOPS/s)
MUL_MAT_VEC f32 m=256 n=4 k=256: 1 x 4.16 us = 4.16 us (125.785 GFLOPS/s)
MUL_MAT_VEC q6_K m=1024 n=1 k=5120: 2 x 10 us = 20 us (1048.47 GFLOPS/s)
MUL_MAT_VEC q6_K m=12288 n=1 k=5120: 1 x 87.24 us = 87.24 us (1442.19 GFLOPS/s)
MUL_MAT_VEC q6_K m=17408 n=1 k=5120: 2 x 125.94 us = 251.88 us (1415.28 GFLOPS/s)
MUL_MAT_VEC q6_K m=98304 n=1 k=5120: 1 x 685.71 us = 685.71 us (1467.87 GFLOPS/s)
MUL_MAT_VEC q8_0 m=5120 n=1 k=10240: 1 x 106.52 us = 106.52 us (984.345 GFLOPS/s)
PAD: 1 x 13.2 us = 13.2 us
RMS_NORM_MUL RMS_NORM(256,24,1,1): 1 x 4.88 us = 4.88 us
RMS_NORM_MUL RMS_NORM(256,4,1,1): 1 x 4.88 us = 4.88 us
RMS_NORM_MUL RMS_NORM(5120,1,1,1): 5 x 5.504 us = 27.52 us
ROPE: 2 x 4.9 us = 9.8 us
SET_ROWS: 2 x 2.42 us = 4.84 us
SIGMOID_MUL SIGMOID: 1 x 2.52 us = 2.52 us
TOP_K K=10 (98304,1,1,1): 1 x 10.76 us = 10.76 us
Total time: 1477.15 us.
----------------
Vulkan Timings:
ADD: 48 x 4.032 us = 193.56 us
CONCAT: 48 x 3.209 us = 154.04 us
CONT: 16 x 4.195 us = 67.12 us
CPY: 240 x 2.791 us = 670.04 us
FLASH_ATTN_EXT dst(256,24,5,1),  q(256,5,24,1),  k(256,256,4,1),  v(256,256,4,1),  m(256,5,1,1): 16 x 24.055 us = 384.88 us (1307.72 GFLOPS/s)
GDN_CACHE GATED_DELTA_NET: 48 x 14.011 us = 672.56 us
GET_ROWS: 50 x 26.906 us = 1345.32 us
GLU: 64 x 3.351 us = 214.48 us
MUL_MAT f32 m=256 n=120 k=256: 16 x 2.49 us = 39.84 us (6304.39 GFLOPS/s)
MUL_MAT f32 m=256 n=20 k=256: 16 x 2.235 us = 35.76 us (1170.61 GFLOPS/s)
MUL_MAT f32 m=64 n=480 k=64: 16 x 4.537 us = 72.6 us (859.821 GFLOPS/s)
MUL_MAT f32 m=64 n=80 k=64: 16 x 4.26 us = 68.16 us (152.638 GFLOPS/s)
MUL_MAT_ADD MUL_MAT_VEC q6_K m=5120 n=5 k=17408: 64 x 153.15 us = 9801.64 us (5819.53 GFLOPS/s)
MUL_MAT_ADD MUL_MAT_VEC q6_K m=5120 n=5 k=6144: 16 x 67.47 us = 1079.52 us (4662.03 GFLOPS/s)
MUL_MAT_VEC f32 m=48 n=5 k=5120: 96 x 4.802 us = 461.08 us (511.639 GFLOPS/s)
MUL_MAT_VEC q6_K m=1024 n=5 k=5120: 32 x 11.246 us = 359.88 us (4661.44 GFLOPS/s)
MUL_MAT_VEC q6_K m=10240 n=5 k=5120: 48 x 107.975 us = 5182.84 us (4855.13 GFLOPS/s)
MUL_MAT_VEC q6_K m=12288 n=5 k=5120: 16 x 135.98 us = 2175.68 us (4626.3 GFLOPS/s)
MUL_MAT_VEC q6_K m=17408 n=5 k=5120: 128 x 181.17 us = 23189.8 us (4919.14 GFLOPS/s)
MUL_MAT_VEC q6_K m=248320 n=5 k=5120: 1 x 1963.92 us = 1963.92 us (6473.15 GFLOPS/s)
MUL_MAT_VEC q6_K m=6144 n=5 k=5120: 48 x 71.418 us = 3428.08 us (4404.22 GFLOPS/s)
MUL_MAT_VEC q8_0 m=5120 n=5 k=6144: 48 x 65.528 us = 3145.35 us (4800.19 GFLOPS/s)
RMS_NORM_MUL RMS_NORM(256,24,5,1): 16 x 3.902 us = 62.44 us
RMS_NORM_MUL RMS_NORM(256,4,5,1): 16 x 4.395 us = 70.32 us
RMS_NORM_MUL RMS_NORM(5120,5,1,1): 129 x 5.514 us = 711.32 us
RMS_NORM_MUL_SILU_MUL RMS_NORM(128,48,5,1): 48 x 6.49 us = 311.56 us
RMS_NORM_SCALE RMS_NORM(128,16,5,1): 96 x 2.654 us = 254.84 us
ROPE: 32 x 4.697 us = 150.32 us
SET_ROWS: 32 x 3.901 us = 124.84 us
SIGMOID_MUL SIGMOID: 16 x 4.115 us = 65.84 us
SSM_CONV_SILU SSM_CONV: 48 x 5.888 us = 282.64 us
Total time: 56740.3 us.
----------------
Vulkan Timings:
CONCAT: 1 x 4.16 us = 4.16 us
CONT: 1 x 3.44 us = 3.44 us
FLASH_ATTN_EXT dst(256,24,5,1),  q(256,5,24,1),  k(256,256,4,1),  v(256,256,4,1),  m(256,5,1,1): 1 x 21.96 us = 21.96 us (1432.48 GFLOPS/s)
GLU: 1 x 3.88 us = 3.88 us
MUL_MAT f32 m=256 n=120 k=256: 1 x 2.04 us = 2.04 us (7695.06 GFLOPS/s)
MUL_MAT f32 m=256 n=20 k=256: 1 x 2.88 us = 2.88 us (908.444 GFLOPS/s)
MUL_MAT f32 m=64 n=480 k=64: 1 x 3.36 us = 3.36 us (1161.14 GFLOPS/s)
MUL_MAT f32 m=64 n=80 k=64: 1 x 3.28 us = 3.28 us (198.244 GFLOPS/s)
MUL_MAT_ADD MUL_MAT_VEC q6_K m=5120 n=5 k=17408: 1 x 176.35 us = 176.35 us (5053.95 GFLOPS/s)
MUL_MAT_ADD MUL_MAT_VEC q6_K m=5120 n=5 k=6144: 1 x 69.56 us = 69.56 us (4521.96 GFLOPS/s)
MUL_MAT_VEC q6_K m=1024 n=5 k=5120: 2 x 12.56 us = 25.12 us (4173.86 GFLOPS/s)
MUL_MAT_VEC q6_K m=12288 n=5 k=5120: 1 x 146.25 us = 146.25 us (4301.43 GFLOPS/s)
MUL_MAT_VEC q6_K m=17408 n=5 k=5120: 2 x 157.6 us = 315.2 us (5654.84 GFLOPS/s)
MUL_MAT_VEC q8_0 m=5120 n=5 k=10240: 1 x 105.8 us = 105.8 us (4955.22 GFLOPS/s)
RMS_NORM_MUL RMS_NORM(256,24,5,1): 1 x 3.44 us = 3.44 us
RMS_NORM_MUL RMS_NORM(256,4,5,1): 1 x 3.4 us = 3.4 us
RMS_NORM_MUL RMS_NORM(5120,5,1,1): 5 x 9.33 us = 46.65 us
ROPE: 2 x 3.5 us = 7 us
SET_ROWS: 2 x 1.76 us = 3.52 us
SIGMOID_MUL SIGMOID: 1 x 2.56 us = 2.56 us
Total time: 949.85 us.
----------------
Vulkan Timings:
CONCAT: 1 x 3.6 us = 3.6 us
CONT: 1 x 3.52 us = 3.52 us
FLASH_ATTN_EXT dst(256,24,1,1),  q(256,1,24,1),  k(256,256,4,1),  v(256,256,4,1),  m(256,1,1,1): 1 x 15.88 us = 15.88 us (396.187 GFLOPS/s)
GET_ROWS: 2 x 6.78 us = 13.56 us
GLU: 1 x 2.52 us = 2.52 us
MUL_MAT f32 m=256 n=24 k=256: 1 x 2.08 us = 2.08 us (1509.42 GFLOPS/s)
MUL_MAT f32 m=64 n=16 k=64: 1 x 1.8 us = 1.8 us (72.2489 GFLOPS/s)
MUL_MAT f32 m=64 n=96 k=64: 1 x 3.2 us = 3.2 us (243.84 GFLOPS/s)
MUL_MAT_ADD MUL_MAT_VEC q6_K m=5120 n=1 k=17408: 1 x 129.8 us = 129.8 us (1373.29 GFLOPS/s)
MUL_MAT_ADD MUL_MAT_VEC q6_K m=5120 n=1 k=6144: 1 x 54.12 us = 54.12 us (1162.41 GFLOPS/s)
MUL_MAT_VEC f32 m=256 n=4 k=256: 1 x 0.72 us = 0.72 us (726.756 GFLOPS/s)
MUL_MAT_VEC q6_K m=1024 n=1 k=5120: 2 x 9.32 us = 18.64 us (1124.97 GFLOPS/s)
MUL_MAT_VEC q6_K m=12288 n=1 k=5120: 1 x 94.76 us = 94.76 us (1327.74 GFLOPS/s)
MUL_MAT_VEC q6_K m=17408 n=1 k=5120: 2 x 117.7 us = 235.4 us (1514.36 GFLOPS/s)
MUL_MAT_VEC q6_K m=98304 n=1 k=5120: 1 x 673.79 us = 673.79 us (1493.84 GFLOPS/s)
MUL_MAT_VEC q8_0 m=5120 n=1 k=10240: 1 x 94 us = 94 us (1115.45 GFLOPS/s)
PAD: 1 x 6.28 us = 6.28 us
RMS_NORM_MUL RMS_NORM(256,24,1,1): 1 x 3.2 us = 3.2 us
RMS_NORM_MUL RMS_NORM(256,4,1,1): 1 x 4.8 us = 4.8 us
RMS_NORM_MUL RMS_NORM(5120,1,1,1): 5 x 4.096 us = 20.48 us
ROPE: 2 x 3.3 us = 6.6 us
SET_ROWS: 2 x 2.92 us = 5.84 us
SIGMOID_MUL SIGMOID: 1 x 1.84 us = 1.84 us
TOP_K K=10 (98304,1,1,1): 1 x 9 us = 9 us
Total time: 1405.43 us.
----------------
Vulkan Timings:
CONCAT: 1 x 4 us = 4 us
CONT: 1 x 3.64 us = 3.64 us
FLASH_ATTN_EXT dst(256,24,1,1),  q(256,1,24,1),  k(256,256,4,1),  v(256,256,4,1),  m(256,1,1,1): 1 x 12.76 us = 12.76 us (493.061 GFLOPS/s)
GET_ROWS: 2 x 9.355 us = 18.71 us
GLU: 1 x 1.92 us = 1.92 us
MUL_MAT f32 m=256 n=24 k=256: 1 x 1.72 us = 1.72 us (1825.34 GFLOPS/s)
MUL_MAT f32 m=64 n=16 k=64: 1 x 3.6 us = 3.6 us (36.1244 GFLOPS/s)
MUL_MAT f32 m=64 n=96 k=64: 1 x 3.6 us = 3.6 us (216.747 GFLOPS/s)
MUL_MAT_ADD MUL_MAT_VEC q6_K m=5120 n=1 k=17408: 1 x 124.36 us = 124.36 us (1433.36 GFLOPS/s)
MUL_MAT_ADD MUL_MAT_VEC q6_K m=5120 n=1 k=6144: 1 x 58.44 us = 58.44 us (1076.48 GFLOPS/s)
MUL_MAT_VEC f32 m=256 n=4 k=256: 1 x 3 us = 3 us (174.421 GFLOPS/s)
MUL_MAT_VEC q6_K m=1024 n=1 k=5120: 2 x 9.3 us = 18.6 us (1127.39 GFLOPS/s)
MUL_MAT_VEC q6_K m=12288 n=1 k=5120: 1 x 85.6 us = 85.6 us (1469.82 GFLOPS/s)
MUL_MAT_VEC q6_K m=17408 n=1 k=5120: 2 x 120.9 us = 241.8 us (1474.28 GFLOPS/s)
MUL_MAT_VEC q6_K m=98304 n=1 k=5120: 1 x 676.13 us = 676.13 us (1488.67 GFLOPS/s)
MUL_MAT_VEC q8_0 m=5120 n=1 k=10240: 1 x 114.68 us = 114.68 us (914.305 GFLOPS/s)
PAD: 1 x 5.8 us = 5.8 us
RMS_NORM_MUL RMS_NORM(256,24,1,1): 1 x 3.56 us = 3.56 us
RMS_NORM_MUL RMS_NORM(256,4,1,1): 1 x 3.6 us = 3.6 us
RMS_NORM_MUL RMS_NORM(5120,1,1,1): 5 x 3.92 us = 19.6 us
ROPE: 2 x 3.58 us = 7.16 us
SET_ROWS: 2 x 2.62 us = 5.24 us
SIGMOID_MUL SIGMOID: 1 x 1.68 us = 1.68 us
TOP_K K=10 (98304,1,1,1): 1 x 8.28 us = 8.28 us
Total time: 1427.48 us.
----------------
Vulkan Timings:
CONCAT: 1 x 4.2 us = 4.2 us
CONT: 1 x 3.76 us = 3.76 us
FLASH_ATTN_EXT dst(256,24,1,1),  q(256,1,24,1),  k(256,256,4,1),  v(256,256,4,1),  m(256,1,1,1): 1 x 13.44 us = 13.44 us (468.114 GFLOPS/s)
GET_ROWS: 2 x 6.22 us = 12.44 us
GLU: 1 x 1.92 us = 1.92 us
MUL_MAT f32 m=256 n=24 k=256: 1 x 1.72 us = 1.72 us (1825.34 GFLOPS/s)
MUL_MAT f32 m=64 n=16 k=64: 1 x 2 us = 2 us (65.024 GFLOPS/s)
MUL_MAT f32 m=64 n=96 k=64: 1 x 3.44 us = 3.44 us (226.828 GFLOPS/s)
MUL_MAT_ADD MUL_MAT_VEC q6_K m=5120 n=1 k=17408: 1 x 124.16 us = 124.16 us (1435.67 GFLOPS/s)
MUL_MAT_ADD MUL_MAT_VEC q6_K m=5120 n=1 k=6144: 1 x 54.4 us = 54.4 us (1156.42 GFLOPS/s)
MUL_MAT_VEC f32 m=256 n=4 k=256: 1 x 3.24 us = 3.24 us (161.501 GFLOPS/s)
MUL_MAT_VEC q6_K m=1024 n=1 k=5120: 2 x 9.36 us = 18.72 us (1120.16 GFLOPS/s)
MUL_MAT_VEC q6_K m=12288 n=1 k=5120: 1 x 85.88 us = 85.88 us (1465.03 GFLOPS/s)
MUL_MAT_VEC q6_K m=17408 n=1 k=5120: 2 x 121.74 us = 243.48 us (1464.11 GFLOPS/s)
MUL_MAT_VEC q6_K m=98304 n=1 k=5120: 1 x 677.82 us = 677.82 us (1484.96 GFLOPS/s)
MUL_MAT_VEC q8_0 m=5120 n=1 k=10240: 1 x 105.24 us = 105.24 us (996.318 GFLOPS/s)
PAD: 1 x 9.24 us = 9.24 us
RMS_NORM_MUL RMS_NORM(256,24,1,1): 1 x 3.44 us = 3.44 us
RMS_NORM_MUL RMS_NORM(256,4,1,1): 1 x 5.24 us = 5.24 us
RMS_NORM_MUL RMS_NORM(5120,1,1,1): 5 x 4.176 us = 20.88 us
ROPE: 2 x 3.6 us = 7.2 us
SET_ROWS: 2 x 2.74 us = 5.48 us
SIGMOID_MUL SIGMOID: 1 x 2.72 us = 2.72 us
TOP_K K=10 (98304,1,1,1): 1 x 7.68 us = 7.68 us
Total time: 1417.74 us.
----------------
Vulkan Timings:
CONCAT: 1 x 2.32 us = 2.32 us
CONT: 1 x 4.96 us = 4.96 us
FLASH_ATTN_EXT dst(256,24,1,1),  q(256,1,24,1),  k(256,256,4,1),  v(256,256,4,1),  m(256,1,1,1): 1 x 17.04 us = 17.04 us (369.217 GFLOPS/s)
GET_ROWS: 2 x 8.4 us = 16.8 us
GLU: 1 x 2.64 us = 2.64 us
MUL_MAT f32 m=256 n=24 k=256: 1 x 2.2 us = 2.2 us (1427.08 GFLOPS/s)
MUL_MAT f32 m=64 n=16 k=64: 1 x 4.8 us = 4.8 us (27.0933 GFLOPS/s)
MUL_MAT f32 m=64 n=96 k=64: 1 x 4.92 us = 4.92 us (158.595 GFLOPS/s)
MUL_MAT_ADD MUL_MAT_VEC q6_K m=5120 n=1 k=17408: 1 x 125.92 us = 125.92 us (1415.6 GFLOPS/s)
MUL_MAT_ADD MUL_MAT_VEC q6_K m=5120 n=1 k=6144: 1 x 58.28 us = 58.28 us (1079.43 GFLOPS/s)
MUL_MAT_VEC f32 m=256 n=4 k=256: 1 x 4.4 us = 4.4 us (118.924 GFLOPS/s)
MUL_MAT_VEC q6_K m=1024 n=1 k=5120: 2 x 9.76 us = 19.52 us (1074.26 GFLOPS/s)
MUL_MAT_VEC q6_K m=12288 n=1 k=5120: 1 x 86.92 us = 86.92 us (1447.5 GFLOPS/s)
MUL_MAT_VEC q6_K m=17408 n=1 k=5120: 2 x 124 us = 248 us (1437.42 GFLOPS/s)
MUL_MAT_VEC q6_K m=98304 n=1 k=5120: 1 x 682.67 us = 682.67 us (1474.41 GFLOPS/s)
MUL_MAT_VEC q8_0 m=5120 n=1 k=10240: 1 x 110.8 us = 110.8 us (946.322 GFLOPS/s)
PAD: 1 x 9.68 us = 9.68 us
RMS_NORM_MUL RMS_NORM(256,24,1,1): 1 x 4.52 us = 4.52 us
RMS_NORM_MUL RMS_NORM(256,4,1,1): 1 x 4.88 us = 4.88 us
RMS_NORM_MUL RMS_NORM(5120,1,1,1): 5 x 5.328 us = 26.64 us
ROPE: 2 x 4.68 us = 9.36 us
SET_ROWS: 2 x 3.96 us = 7.92 us
SIGMOID_MUL SIGMOID: 1 x 2.28 us = 2.28 us
TOP_K K=10 (98304,1,1,1): 1 x 13.72 us = 13.72 us
Total time: 1471.19 us.
----------------
Vulkan Timings:
ADD: 48 x 3.65 us = 175.2 us
CONCAT: 48 x 3.07 us = 147.4 us
CONT: 16 x 3.967 us = 63.48 us
CPY: 240 x 2.726 us = 654.24 us
FLASH_ATTN_EXT dst(256,24,5,1),  q(256,5,24,1),  k(256,256,4,1),  v(256,256,4,1),  m(256,5,1,1): 16 x 23.755 us = 380.08 us (1324.24 GFLOPS/s)
GDN_CACHE GATED_DELTA_NET: 48 x 14.105 us = 677.04 us
GET_ROWS: 50 x 26.556 us = 1327.84 us
GLU: 64 x 3.127 us = 200.16 us
MUL_MAT f32 m=256 n=120 k=256: 16 x 2.222 us = 35.56 us (7063.18 GFLOPS/s)
MUL_MAT f32 m=256 n=20 k=256: 16 x 3.297 us = 52.76 us (793.425 GFLOPS/s)
MUL_MAT f32 m=64 n=480 k=64: 16 x 4.487 us = 71.8 us (869.402 GFLOPS/s)
MUL_MAT f32 m=64 n=80 k=64: 16 x 4.047 us = 64.76 us (160.652 GFLOPS/s)
MUL_MAT_ADD MUL_MAT_VEC q6_K m=5120 n=5 k=17408: 64 x 152.272 us = 9745.44 us (5853.09 GFLOPS/s)
MUL_MAT_ADD MUL_MAT_VEC q6_K m=5120 n=5 k=6144: 16 x 66.88 us = 1070.08 us (4703.16 GFLOPS/s)
MUL_MAT_VEC f32 m=48 n=5 k=5120: 96 x 4.8 us = 460.8 us (511.95 GFLOPS/s)
MUL_MAT_VEC q6_K m=1024 n=5 k=5120: 32 x 11.613 us = 371.64 us (4513.93 GFLOPS/s)
MUL_MAT_VEC q6_K m=10240 n=5 k=5120: 48 x 106.29 us = 5101.92 us (4932.14 GFLOPS/s)
MUL_MAT_VEC q6_K m=12288 n=5 k=5120: 16 x 133.445 us = 2135.12 us (4714.18 GFLOPS/s)
MUL_MAT_VEC q6_K m=17408 n=5 k=5120: 128 x 179.442 us = 22968.7 us (4966.5 GFLOPS/s)
MUL_MAT_VEC q6_K m=248320 n=5 k=5120: 1 x 1957 us = 1957 us (6496.04 GFLOPS/s)
MUL_MAT_VEC q6_K m=6144 n=5 k=5120: 48 x 70.327 us = 3375.72 us (4472.53 GFLOPS/s)
MUL_MAT_VEC q8_0 m=5120 n=5 k=6144: 48 x 65.299 us = 3134.36 us (4817.02 GFLOPS/s)
RMS_NORM_MUL RMS_NORM(256,24,5,1): 16 x 3.822 us = 61.16 us
RMS_NORM_MUL RMS_NORM(256,4,5,1): 16 x 4.792 us = 76.68 us
RMS_NORM_MUL RMS_NORM(5120,5,1,1): 129 x 5.571 us = 718.76 us
RMS_NORM_MUL_SILU_MUL RMS_NORM(128,48,5,1): 48 x 6.132 us = 294.36 us
RMS_NORM_SCALE RMS_NORM(128,16,5,1): 96 x 2.443 us = 234.56 us
ROPE: 32 x 4.743 us = 151.8 us
SET_ROWS: 32 x 3.313 us = 106.04 us
SIGMOID_MUL SIGMOID: 16 x 4.46 us = 71.36 us
SSM_CONV_SILU SSM_CONV: 48 x 6.174 us = 296.36 us
Total time: 56182.2 us.
----------------
Vulkan Timings:
CONCAT: 1 x 4 us = 4 us
CONT: 1 x 3.72 us = 3.72 us
FLASH_ATTN_EXT dst(256,24,5,1),  q(256,5,24,1),  k(256,256,4,1),  v(256,256,4,1),  m(256,5,1,1): 1 x 22.8 us = 22.8 us (1379.71 GFLOPS/s)
GLU: 1 x 1.8 us = 1.8 us
MUL_MAT f32 m=256 n=120 k=256: 1 x 1.76 us = 1.76 us (8919.27 GFLOPS/s)
MUL_MAT f32 m=256 n=20 k=256: 1 x 3.04 us = 3.04 us (860.632 GFLOPS/s)
MUL_MAT f32 m=64 n=480 k=64: 1 x 3.64 us = 3.64 us (1071.82 GFLOPS/s)
MUL_MAT f32 m=64 n=80 k=64: 1 x 3.6 us = 3.6 us (180.622 GFLOPS/s)
MUL_MAT_ADD MUL_MAT_VEC q6_K m=5120 n=5 k=17408: 1 x 171.65 us = 171.65 us (5192.33 GFLOPS/s)
MUL_MAT_ADD MUL_MAT_VEC q6_K m=5120 n=5 k=6144: 1 x 69.04 us = 69.04 us (4556.01 GFLOPS/s)
MUL_MAT_VEC q6_K m=1024 n=5 k=5120: 2 x 12.52 us = 25.04 us (4187.19 GFLOPS/s)
MUL_MAT_VEC q6_K m=12288 n=5 k=5120: 1 x 146.19 us = 146.19 us (4303.2 GFLOPS/s)
MUL_MAT_VEC q6_K m=17408 n=5 k=5120: 2 x 157.44 us = 314.88 us (5660.59 GFLOPS/s)
MUL_MAT_VEC q8_0 m=5120 n=5 k=10240: 1 x 103.92 us = 103.92 us (5044.87 GFLOPS/s)
RMS_NORM_MUL RMS_NORM(256,24,5,1): 1 x 3.76 us = 3.76 us
RMS_NORM_MUL RMS_NORM(256,4,5,1): 1 x 3.72 us = 3.72 us
RMS_NORM_MUL RMS_NORM(5120,5,1,1): 5 x 8.118 us = 40.59 us
ROPE: 2 x 3.68 us = 7.36 us
SET_ROWS: 2 x 1.8 us = 3.6 us
SIGMOID_MUL SIGMOID: 1 x 2.6 us = 2.6 us
Total time: 936.71 us.
----------------
Vulkan Timings:
CONCAT: 1 x 3.72 us = 3.72 us
CONT: 1 x 3.6 us = 3.6 us
FLASH_ATTN_EXT dst(256,24,1,1),  q(256,1,24,1),  k(256,256,4,1),  v(256,256,4,1),  m(256,1,1,1): 1 x 12.8 us = 12.8 us (491.52 GFLOPS/s)
GET_ROWS: 2 x 5.96 us = 11.92 us
GLU: 1 x 1.68 us = 1.68 us
MUL_MAT f32 m=256 n=24 k=256: 1 x 2.12 us = 2.12 us (1480.94 GFLOPS/s)
MUL_MAT f32 m=64 n=16 k=64: 1 x 1.8 us = 1.8 us (72.2489 GFLOPS/s)
MUL_MAT f32 m=64 n=96 k=64: 1 x 3.24 us = 3.24 us (240.83 GFLOPS/s)
MUL_MAT_ADD MUL_MAT_VEC q6_K m=5120 n=1 k=17408: 1 x 130.56 us = 130.56 us (1365.29 GFLOPS/s)
MUL_MAT_ADD MUL_MAT_VEC q6_K m=5120 n=1 k=6144: 1 x 53.6 us = 53.6 us (1173.68 GFLOPS/s)
MUL_MAT_VEC f32 m=256 n=4 k=256: 1 x 0.76 us = 0.76 us (688.505 GFLOPS/s)
MUL_MAT_VEC q6_K m=1024 n=1 k=5120: 2 x 6.28 us = 12.56 us (1669.54 GFLOPS/s)
MUL_MAT_VEC q6_K m=12288 n=1 k=5120: 1 x 102.92 us = 102.92 us (1222.47 GFLOPS/s)
MUL_MAT_VEC q6_K m=17408 n=1 k=5120: 2 x 118.36 us = 236.72 us (1505.92 GFLOPS/s)
MUL_MAT_VEC q6_K m=98304 n=1 k=5120: 1 x 676.03 us = 676.03 us (1488.89 GFLOPS/s)
MUL_MAT_VEC q8_0 m=5120 n=1 k=10240: 1 x 93.52 us = 93.52 us (1121.18 GFLOPS/s)
PAD: 1 x 6.2 us = 6.2 us
RMS_NORM_MUL RMS_NORM(256,24,1,1): 1 x 3.24 us = 3.24 us
RMS_NORM_MUL RMS_NORM(256,4,1,1): 1 x 4.88 us = 4.88 us
RMS_NORM_MUL RMS_NORM(5120,1,1,1): 5 x 4.112 us = 20.56 us
ROPE: 2 x 3.38 us = 6.76 us
SET_ROWS: 2 x 3.76 us = 7.52 us
SIGMOID_MUL SIGMOID: 1 x 1.6 us = 1.6 us
TOP_K K=10 (98304,1,1,1): 1 x 9.32 us = 9.32 us
Total time: 1407.63 us.
----------------
Vulkan Timings:
CONCAT: 1 x 1.92 us = 1.92 us
CONT: 1 x 4 us = 4 us
FLASH_ATTN_EXT dst(256,24,1,1),  q(256,1,24,1),  k(256,256,4,1),  v(256,256,4,1),  m(256,1,1,1): 1 x 15.36 us = 15.36 us (409.6 GFLOPS/s)
GET_ROWS: 2 x 6.04 us = 12.08 us
GLU: 1 x 2.52 us = 2.52 us
MUL_MAT f32 m=256 n=24 k=256: 1 x 2.44 us = 2.44 us (1286.71 GFLOPS/s)
MUL_MAT f32 m=64 n=16 k=64: 1 x 3.92 us = 3.92 us (33.1755 GFLOPS/s)
MUL_MAT f32 m=64 n=96 k=64: 1 x 3.92 us = 3.92 us (199.053 GFLOPS/s)
MUL_MAT_ADD MUL_MAT_VEC q6_K m=5120 n=1 k=17408: 1 x 125.24 us = 125.24 us (1423.29 GFLOPS/s)
MUL_MAT_ADD MUL_MAT_VEC q6_K m=5120 n=1 k=6144: 1 x 57.2 us = 57.2 us (1099.82 GFLOPS/s)
MUL_MAT_VEC f32 m=256 n=4 k=256: 1 x 0.88 us = 0.88 us (594.618 GFLOPS/s)
MUL_MAT_VEC q6_K m=1024 n=1 k=5120: 2 x 8.6 us = 17.2 us (1219.16 GFLOPS/s)
MUL_MAT_VEC q6_K m=12288 n=1 k=5120: 1 x 86.56 us = 86.56 us (1453.52 GFLOPS/s)
MUL_MAT_VEC q6_K m=17408 n=1 k=5120: 2 x 123.3 us = 246.6 us (1445.58 GFLOPS/s)
MUL_MAT_VEC q6_K m=98304 n=1 k=5120: 1 x 677.85 us = 677.85 us (1484.89 GFLOPS/s)
MUL_MAT_VEC q8_0 m=5120 n=1 k=10240: 1 x 401.29 us = 401.29 us (261.289 GFLOPS/s)
PAD: 1 x 6.56 us = 6.56 us
RMS_NORM_MUL RMS_NORM(256,24,1,1): 1 x 6.16 us = 6.16 us
RMS_NORM_MUL RMS_NORM(256,4,1,1): 1 x 4.04 us = 4.04 us
RMS_NORM_MUL RMS_NORM(5120,1,1,1): 5 x 4.984 us = 24.92 us
ROPE: 2 x 3.94 us = 7.88 us
SET_ROWS: 2 x 4.18 us = 8.36 us
SIGMOID_MUL SIGMOID: 1 x 1.8 us = 1.8 us
TOP_K K=10 (98304,1,1,1): 1 x 13 us = 13 us
Total time: 1731.7 us.
----------------
Vulkan Timings:
CONCAT: 1 x 2.56 us = 2.56 us
CONT: 1 x 5.92 us = 5.92 us
FLASH_ATTN_EXT dst(256,24,1,1),  q(256,1,24,1),  k(256,256,4,1),  v(256,256,4,1),  m(256,1,1,1): 1 x 20.12 us = 20.12 us (312.697 GFLOPS/s)
GET_ROWS: 2 x 7.22 us = 14.44 us
GLU: 1 x 2.84 us = 2.84 us
MUL_MAT f32 m=256 n=24 k=256: 1 x 2.52 us = 2.52 us (1245.87 GFLOPS/s)
MUL_MAT f32 m=64 n=16 k=64: 1 x 5.92 us = 5.92 us (21.9676 GFLOPS/s)
MUL_MAT f32 m=64 n=96 k=64: 1 x 5.88 us = 5.88 us (132.702 GFLOPS/s)
MUL_MAT_ADD MUL_MAT_VEC q6_K m=5120 n=1 k=17408: 1 x 129.2 us = 129.2 us (1379.67 GFLOPS/s)
MUL_MAT_ADD MUL_MAT_VEC q6_K m=5120 n=1 k=6144: 1 x 61.4 us = 61.4 us (1024.58 GFLOPS/s)
MUL_MAT_VEC f32 m=256 n=4 k=256: 1 x 5.08 us = 5.08 us (103.005 GFLOPS/s)
MUL_MAT_VEC q6_K m=1024 n=1 k=5120: 2 x 10.92 us = 21.84 us (960.141 GFLOPS/s)
MUL_MAT_VEC q6_K m=12288 n=1 k=5120: 1 x 88.36 us = 88.36 us (1423.91 GFLOPS/s)
MUL_MAT_VEC q6_K m=17408 n=1 k=5120: 2 x 126.26 us = 252.52 us (1411.69 GFLOPS/s)
MUL_MAT_VEC q6_K m=98304 n=1 k=5120: 1 x 674.76 us = 674.76 us (1491.69 GFLOPS/s)
MUL_MAT_VEC q8_0 m=5120 n=1 k=10240: 1 x 111.48 us = 111.48 us (940.55 GFLOPS/s)
PAD: 1 x 9.28 us = 9.28 us
RMS_NORM_MUL RMS_NORM(256,24,1,1): 1 x 5.88 us = 5.88 us
RMS_NORM_MUL RMS_NORM(256,4,1,1): 1 x 5.84 us = 5.84 us
RMS_NORM_MUL RMS_NORM(5120,1,1,1): 5 x 6.344 us = 31.72 us
ROPE: 2 x 5.84 us = 11.68 us
SET_ROWS: 2 x 4.32 us = 8.64 us
SIGMOID_MUL SIGMOID: 1 x 3.04 us = 3.04 us
TOP_K K=10 (98304,1,1,1): 1 x 15.36 us = 15.36 us
Total time: 1496.28 us.
----------------
Vulkan Timings:
CONCAT: 1 x 2.68 us = 2.68 us
CONT: 1 x 5.92 us = 5.92 us
FLASH_ATTN_EXT dst(256,24,1,1),  q(256,1,24,1),  k(256,256,4,1),  v(256,256,4,1),  m(256,1,1,1): 1 x 20.2 us = 20.2 us (311.458 GFLOPS/s)
GET_ROWS: 2 x 7.04 us = 14.08 us
GLU: 1 x 2.92 us = 2.92 us
MUL_MAT f32 m=256 n=24 k=256: 1 x 2.6 us = 2.6 us (1207.53 GFLOPS/s)
MUL_MAT f32 m=64 n=16 k=64: 1 x 5.92 us = 5.92 us (21.9676 GFLOPS/s)
MUL_MAT f32 m=64 n=96 k=64: 1 x 5.88 us = 5.88 us (132.702 GFLOPS/s)
MUL_MAT_ADD MUL_MAT_VEC q6_K m=5120 n=1 k=17408: 1 x 128.96 us = 128.96 us (1382.23 GFLOPS/s)
MUL_MAT_ADD MUL_MAT_VEC q6_K m=5120 n=1 k=6144: 1 x 62.04 us = 62.04 us (1014.01 GFLOPS/s)
MUL_MAT_VEC f32 m=256 n=4 k=256: 1 x 5.08 us = 5.08 us (103.005 GFLOPS/s)
MUL_MAT_VEC q6_K m=1024 n=1 k=5120: 2 x 11.02 us = 22.04 us (951.428 GFLOPS/s)
MUL_MAT_VEC q6_K m=12288 n=1 k=5120: 1 x 88.4 us = 88.4 us (1423.27 GFLOPS/s)
MUL_MAT_VEC q6_K m=17408 n=1 k=5120: 2 x 126.52 us = 253.04 us (1408.79 GFLOPS/s)
MUL_MAT_VEC q6_K m=98304 n=1 k=5120: 1 x 696.74 us = 696.74 us (1444.63 GFLOPS/s)
MUL_MAT_VEC q8_0 m=5120 n=1 k=10240: 1 x 112 us = 112 us (936.183 GFLOPS/s)
PAD: 1 x 9.64 us = 9.64 us
RMS_NORM_MUL RMS_NORM(256,24,1,1): 1 x 5.92 us = 5.92 us
RMS_NORM_MUL RMS_NORM(256,4,1,1): 1 x 5.84 us = 5.84 us
RMS_NORM_MUL RMS_NORM(5120,1,1,1): 5 x 6.392 us = 31.96 us
ROPE: 2 x 5.84 us = 11.68 us
SET_ROWS: 2 x 4.3 us = 8.6 us
SIGMOID_MUL SIGMOID: 1 x 2.68 us = 2.68 us
TOP_K K=10 (98304,1,1,1): 1 x 14.92 us = 14.92 us
Total time: 1519.74 us.
----------------
Vulkan Timings:
ADD: 48 x 3.899 us = 187.16 us
CONCAT: 48 x 2.941 us = 141.2 us
CONT: 16 x 4.845 us = 77.52 us
CPY: 240 x 2.822 us = 677.4 us
FLASH_ATTN_EXT dst(256,24,5,1),  q(256,5,24,1),  k(256,256,4,1),  v(256,256,4,1),  m(256,5,1,1): 16 x 24.355 us = 389.68 us (1291.61 GFLOPS/s)
GDN_CACHE GATED_DELTA_NET: 48 x 14.583 us = 700 us
GET_ROWS: 50 x 26.674 us = 1333.72 us
GLU: 64 x 3.216 us = 205.84 us
MUL_MAT f32 m=256 n=120 k=256: 16 x 2.34 us = 37.44 us (6708.51 GFLOPS/s)
MUL_MAT f32 m=256 n=20 k=256: 16 x 2.755 us = 44.08 us (949.662 GFLOPS/s)
MUL_MAT f32 m=64 n=480 k=64: 16 x 4.355 us = 69.68 us (895.853 GFLOPS/s)
MUL_MAT f32 m=64 n=80 k=64: 16 x 4.11 us = 65.76 us (158.209 GFLOPS/s)
MUL_MAT_ADD MUL_MAT_VEC q6_K m=5120 n=5 k=17408: 64 x 153.328 us = 9813.04 us (5812.77 GFLOPS/s)
MUL_MAT_ADD MUL_MAT_VEC q6_K m=5120 n=5 k=6144: 16 x 66.845 us = 1069.52 us (4705.62 GFLOPS/s)
MUL_MAT_VEC f32 m=48 n=5 k=5120: 96 x 4.829 us = 463.6 us (508.858 GFLOPS/s)
MUL_MAT_VEC q6_K m=1024 n=5 k=5120: 32 x 11.18 us = 357.76 us (4689.06 GFLOPS/s)
MUL_MAT_VEC q6_K m=10240 n=5 k=5120: 48 x 107.681 us = 5168.72 us (4868.39 GFLOPS/s)
MUL_MAT_VEC q6_K m=12288 n=5 k=5120: 16 x 136.982 us = 2191.72 us (4592.44 GFLOPS/s)
MUL_MAT_VEC q6_K m=17408 n=5 k=5120: 128 x 181.039 us = 23173.1 us (4922.69 GFLOPS/s)
MUL_MAT_VEC q6_K m=248320 n=5 k=5120: 1 x 1968.48 us = 1968.48 us (6458.15 GFLOPS/s)
MUL_MAT_VEC q6_K m=6144 n=5 k=5120: 48 x 71.061 us = 3410.96 us (4426.33 GFLOPS/s)
MUL_MAT_VEC q8_0 m=5120 n=5 k=6144: 48 x 65.705 us = 3153.88 us (4787.2 GFLOPS/s)
RMS_NORM_MUL RMS_NORM(256,24,5,1): 16 x 3.92 us = 62.72 us
RMS_NORM_MUL RMS_NORM(256,4,5,1): 16 x 4.517 us = 72.28 us
RMS_NORM_MUL RMS_NORM(5120,5,1,1): 129 x 5.707 us = 736.28 us
RMS_NORM_MUL_SILU_MUL RMS_NORM(128,48,5,1): 48 x 6.227 us = 298.92 us
RMS_NORM_SCALE RMS_NORM(128,16,5,1): 96 x 2.522 us = 242.16 us
ROPE: 32 x 4.91 us = 157.12 us
SET_ROWS: 32 x 3.508 us = 112.28 us
SIGMOID_MUL SIGMOID: 16 x 4.52 us = 72.32 us
SSM_CONV_SILU SSM_CONV: 48 x 6.139 us = 294.68 us
Total time: 56749 us.
----------------
Vulkan Timings:
CONCAT: 1 x 4 us = 4 us
CONT: 1 x 3.4 us = 3.4 us
FLASH_ATTN_EXT dst(256,24,5,1),  q(256,5,24,1),  k(256,256,4,1),  v(256,256,4,1),  m(256,5,1,1): 1 x 20.92 us = 20.92 us (1503.69 GFLOPS/s)
GLU: 1 x 1.72 us = 1.72 us
MUL_MAT f32 m=256 n=120 k=256: 1 x 1.64 us = 1.64 us (9571.9 GFLOPS/s)
MUL_MAT f32 m=256 n=20 k=256: 1 x 2.92 us = 2.92 us (896 GFLOPS/s)
MUL_MAT f32 m=64 n=480 k=64: 1 x 3.32 us = 3.32 us (1175.13 GFLOPS/s)
MUL_MAT f32 m=64 n=80 k=64: 1 x 3.64 us = 3.64 us (178.637 GFLOPS/s)
MUL_MAT_ADD MUL_MAT_VEC q6_K m=5120 n=5 k=17408: 1 x 176.05 us = 176.05 us (5062.56 GFLOPS/s)
MUL_MAT_ADD MUL_MAT_VEC q6_K m=5120 n=5 k=6144: 1 x 69.52 us = 69.52 us (4524.56 GFLOPS/s)
MUL_MAT_VEC q6_K m=1024 n=5 k=5120: 2 x 11.48 us = 22.96 us (4566.52 GFLOPS/s)
MUL_MAT_VEC q6_K m=12288 n=5 k=5120: 1 x 150.1 us = 150.1 us (4191.1 GFLOPS/s)
MUL_MAT_VEC q6_K m=17408 n=5 k=5120: 2 x 158.32 us = 316.64 us (5629.12 GFLOPS/s)
MUL_MAT_VEC q8_0 m=5120 n=5 k=10240: 1 x 117.83 us = 117.83 us (4449.31 GFLOPS/s)
RMS_NORM_MUL RMS_NORM(256,24,5,1): 1 x 6.36 us = 6.36 us
RMS_NORM_MUL RMS_NORM(256,4,5,1): 1 x 3.72 us = 3.72 us
RMS_NORM_MUL RMS_NORM(5120,5,1,1): 5 x 9.286 us = 46.43 us
ROPE: 2 x 3.46 us = 6.92 us
SET_ROWS: 2 x 1.78 us = 3.56 us
SIGMOID_MUL SIGMOID: 1 x 1.6 us = 1.6 us
Total time: 963.25 us.
----------------
Vulkan Timings:
CONCAT: 1 x 4.04 us = 4.04 us
CONT: 1 x 3.52 us = 3.52 us
FLASH_ATTN_EXT dst(256,24,1,1),  q(256,1,24,1),  k(256,256,4,1),  v(256,256,4,1),  m(256,1,1,1): 1 x 15.08 us = 15.08 us (417.205 GFLOPS/s)
GET_ROWS: 2 x 10.655 us = 21.31 us
GLU: 1 x 2.68 us = 2.68 us
MUL_MAT f32 m=256 n=24 k=256: 1 x 2.16 us = 2.16 us (1453.51 GFLOPS/s)
MUL_MAT f32 m=64 n=16 k=64: 1 x 3.6 us = 3.6 us (36.1244 GFLOPS/s)
MUL_MAT f32 m=64 n=96 k=64: 1 x 3.2 us = 3.2 us (243.84 GFLOPS/s)
MUL_MAT_ADD MUL_MAT_VEC q6_K m=5120 n=1 k=17408: 1 x 129.44 us = 129.44 us (1377.11 GFLOPS/s)
MUL_MAT_ADD MUL_MAT_VEC q6_K m=5120 n=1 k=6144: 1 x 54.32 us = 54.32 us (1158.13 GFLOPS/s)
MUL_MAT_VEC f32 m=256 n=4 k=256: 1 x 0.72 us = 0.72 us (726.756 GFLOPS/s)
MUL_MAT_VEC q6_K m=1024 n=1 k=5120: 2 x 9.32 us = 18.64 us (1124.97 GFLOPS/s)
MUL_MAT_VEC q6_K m=12288 n=1 k=5120: 1 x 90.4 us = 90.4 us (1391.78 GFLOPS/s)
MUL_MAT_VEC q6_K m=17408 n=1 k=5120: 2 x 118.38 us = 236.76 us (1505.66 GFLOPS/s)
MUL_MAT_VEC q6_K m=98304 n=1 k=5120: 1 x 676.64 us = 676.64 us (1487.55 GFLOPS/s)
MUL_MAT_VEC q8_0 m=5120 n=1 k=10240: 1 x 92.44 us = 92.44 us (1134.28 GFLOPS/s)
PAD: 1 x 4.92 us = 4.92 us
RMS_NORM_MUL RMS_NORM(256,24,1,1): 1 x 3.2 us = 3.2 us
RMS_NORM_MUL RMS_NORM(256,4,1,1): 1 x 3.48 us = 3.48 us
RMS_NORM_MUL RMS_NORM(5120,1,1,1): 5 x 4.032 us = 20.16 us
ROPE: 2 x 3.34 us = 6.68 us
SET_ROWS: 2 x 2.92 us = 5.84 us
SIGMOID_MUL SIGMOID: 1 x 1.8 us = 1.8 us
TOP_K K=10 (98304,1,1,1): 1 x 9.16 us = 9.16 us
Total time: 1410.19 us.
----------------
Vulkan Timings:
CONCAT: 1 x 7.16 us = 7.16 us
CONT: 1 x 3.68 us = 3.68 us
FLASH_ATTN_EXT dst(256,24,1,1),  q(256,1,24,1),  k(256,256,4,1),  v(256,256,4,1),  m(256,1,1,1): 1 x 13.2 us = 13.2 us (476.625 GFLOPS/s)
GET_ROWS: 2 x 4.26 us = 8.52 us
GLU: 1 x 1.88 us = 1.88 us
MUL_MAT f32 m=256 n=24 k=256: 1 x 2.2 us = 2.2 us (1427.08 GFLOPS/s)
MUL_MAT f32 m=64 n=16 k=64: 1 x 3.64 us = 3.64 us (35.7275 GFLOPS/s)
MUL_MAT f32 m=64 n=96 k=64: 1 x 3.64 us = 3.64 us (214.365 GFLOPS/s)
MUL_MAT_ADD MUL_MAT_VEC q6_K m=5120 n=1 k=17408: 1 x 123.16 us = 123.16 us (1447.33 GFLOPS/s)
MUL_MAT_ADD MUL_MAT_VEC q6_K m=5120 n=1 k=6144: 1 x 55.28 us = 55.28 us (1138.01 GFLOPS/s)
MUL_MAT_VEC f32 m=256 n=4 k=256: 1 x 0.72 us = 0.72 us (726.756 GFLOPS/s)
MUL_MAT_VEC q6_K m=1024 n=1 k=5120: 2 x 9.08 us = 18.16 us (1154.71 GFLOPS/s)
MUL_MAT_VEC q6_K m=12288 n=1 k=5120: 1 x 85.2 us = 85.2 us (1476.72 GFLOPS/s)
MUL_MAT_VEC q6_K m=17408 n=1 k=5120: 2 x 121.5 us = 243 us (1467 GFLOPS/s)
MUL_MAT_VEC q6_K m=98304 n=1 k=5120: 1 x 676.62 us = 676.62 us (1487.59 GFLOPS/s)
MUL_MAT_VEC q8_0 m=5120 n=1 k=10240: 1 x 100.32 us = 100.32 us (1045.18 GFLOPS/s)
PAD: 1 x 7.24 us = 7.24 us
RMS_NORM_MUL RMS_NORM(256,24,1,1): 1 x 3.56 us = 3.56 us
RMS_NORM_MUL RMS_NORM(256,4,1,1): 1 x 3.6 us = 3.6 us
RMS_NORM_MUL RMS_NORM(5120,1,1,1): 5 x 3.776 us = 18.88 us
ROPE: 2 x 3.6 us = 7.2 us
SET_ROWS: 2 x 3.54 us = 7.08 us
SIGMOID_MUL SIGMOID: 1 x 1.72 us = 1.72 us
TOP_K K=10 (98304,1,1,1): 1 x 9.2 us = 9.2 us
Total time: 1404.86 us.
----------------
Vulkan Timings:
CONCAT: 1 x 3.8 us = 3.8 us
CONT: 1 x 3.72 us = 3.72 us
FLASH_ATTN_EXT dst(256,24,1,1),  q(256,1,24,1),  k(256,256,4,1),  v(256,256,4,1),  m(256,1,1,1): 1 x 15.92 us = 15.92 us (395.192 GFLOPS/s)
GET_ROWS: 2 x 6.12 us = 12.24 us
GLU: 1 x 2.08 us = 2.08 us
MUL_MAT f32 m=256 n=24 k=256: 1 x 2.32 us = 2.32 us (1353.27 GFLOPS/s)
MUL_MAT f32 m=64 n=16 k=64: 1 x 3.76 us = 3.76 us (34.5872 GFLOPS/s)
MUL_MAT f32 m=64 n=96 k=64: 1 x 3.72 us = 3.72 us (209.755 GFLOPS/s)
MUL_MAT_ADD MUL_MAT_VEC q6_K m=5120 n=1 k=17408: 1 x 124.2 us = 124.2 us (1435.21 GFLOPS/s)
MUL_MAT_ADD MUL_MAT_VEC q6_K m=5120 n=1 k=6144: 1 x 54.88 us = 54.88 us (1146.31 GFLOPS/s)
MUL_MAT_VEC f32 m=256 n=4 k=256: 1 x 0.76 us = 0.76 us (688.505 GFLOPS/s)
MUL_MAT_VEC q6_K m=1024 n=1 k=5120: 2 x 9.24 us = 18.48 us (1134.71 GFLOPS/s)
MUL_MAT_VEC q6_K m=12288 n=1 k=5120: 1 x 85.12 us = 85.12 us (1478.11 GFLOPS/s)
MUL_MAT_VEC q6_K m=17408 n=1 k=5120: 2 x 121.2 us = 242.4 us (1470.63 GFLOPS/s)
MUL_MAT_VEC q6_K m=98304 n=1 k=5120: 1 x 680.28 us = 680.28 us (1479.59 GFLOPS/s)
MUL_MAT_VEC q8_0 m=5120 n=1 k=10240: 1 x 571.25 us = 571.25 us (183.549 GFLOPS/s)
PAD: 1 x 6.68 us = 6.68 us
RMS_NORM_MUL RMS_NORM(256,24,1,1): 1 x 3.68 us = 3.68 us
RMS_NORM_MUL RMS_NORM(256,4,1,1): 1 x 3.72 us = 3.72 us
RMS_NORM_MUL RMS_NORM(5120,1,1,1): 5 x 4.048 us = 20.24 us
ROPE: 2 x 3.7 us = 7.4 us
SET_ROWS: 2 x 2.98 us = 5.96 us
SIGMOID_MUL SIGMOID: 1 x 1.68 us = 1.68 us
TOP_K K=10 (98304,1,1,1): 1 x 9.68 us = 9.68 us
Total time: 1883.97 us.
----------------
Vulkan Timings:
CONCAT: 1 x 4.48 us = 4.48 us
CONT: 1 x 4.76 us = 4.76 us
FLASH_ATTN_EXT dst(256,24,1,1),  q(256,1,24,1),  k(256,256,4,1),  v(256,256,4,1),  m(256,1,1,1): 1 x 18.72 us = 18.72 us (336.082 GFLOPS/s)
GET_ROWS: 2 x 6.32 us = 12.64 us
GLU: 1 x 2.16 us = 2.16 us
MUL_MAT f32 m=256 n=24 k=256: 1 x 2.84 us = 2.84 us (1105.49 GFLOPS/s)
MUL_MAT f32 m=64 n=16 k=64: 1 x 4.76 us = 4.76 us (27.321 GFLOPS/s)
MUL_MAT f32 m=64 n=96 k=64: 1 x 4.68 us = 4.68 us (166.728 GFLOPS/s)
MUL_MAT_ADD MUL_MAT_VEC q6_K m=5120 n=1 k=17408: 1 x 125.96 us = 125.96 us (1415.15 GFLOPS/s)
MUL_MAT_ADD MUL_MAT_VEC q6_K m=5120 n=1 k=6144: 1 x 57 us = 57 us (1103.67 GFLOPS/s)
MUL_MAT_VEC f32 m=256 n=4 k=256: 1 x 1 us = 1 us (523.264 GFLOPS/s)
MUL_MAT_VEC q6_K m=1024 n=1 k=5120: 2 x 10.44 us = 20.88 us (1004.29 GFLOPS/s)
MUL_MAT_VEC q6_K m=12288 n=1 k=5120: 1 x 86.72 us = 86.72 us (1450.84 GFLOPS/s)
MUL_MAT_VEC q6_K m=17408 n=1 k=5120: 2 x 123.58 us = 247.16 us (1442.31 GFLOPS/s)
MUL_MAT_VEC q6_K m=98304 n=1 k=5120: 1 x 682.92 us = 682.92 us (1473.87 GFLOPS/s)
MUL_MAT_VEC q8_0 m=5120 n=1 k=10240: 1 x 104 us = 104 us (1008.2 GFLOPS/s)
PAD: 1 x 8.16 us = 8.16 us
RMS_NORM_MUL RMS_NORM(256,24,1,1): 1 x 4.76 us = 4.76 us
RMS_NORM_MUL RMS_NORM(256,4,1,1): 1 x 4.72 us = 4.72 us
RMS_NORM_MUL RMS_NORM(5120,1,1,1): 5 x 4.576 us = 22.88 us
ROPE: 2 x 4.68 us = 9.36 us
SET_ROWS: 2 x 3.66 us = 7.32 us
SIGMOID_MUL SIGMOID: 1 x 2.48 us = 2.48 us
TOP_K K=10 (98304,1,1,1): 1 x 13.76 us = 13.76 us
Total time: 1454.12 us.
----------------
Vulkan Timings:
ADD: 48 x 4.055 us = 194.64 us
CONCAT: 48 x 2.95 us = 141.6 us
CONT: 16 x 4.087 us = 65.4 us
CPY: 240 x 2.775 us = 666.04 us
FLASH_ATTN_EXT dst(256,24,5,1),  q(256,5,24,1),  k(256,256,4,1),  v(256,256,4,1),  m(256,5,1,1): 16 x 24.712 us = 395.4 us (1272.93 GFLOPS/s)
GDN_CACHE GATED_DELTA_NET: 48 x 14.347 us = 688.68 us
GET_ROWS: 50 x 26.977 us = 1348.88 us
GLU: 64 x 3.448 us = 220.68 us
MUL_MAT f32 m=256 n=120 k=256: 16 x 2.18 us = 34.88 us (7200.88 GFLOPS/s)
MUL_MAT f32 m=256 n=20 k=256: 16 x 3.135 us = 50.16 us (834.552 GFLOPS/s)
MUL_MAT f32 m=64 n=480 k=64: 16 x 4.635 us = 74.16 us (841.735 GFLOPS/s)
MUL_MAT f32 m=64 n=80 k=64: 16 x 4.555 us = 72.88 us (142.753 GFLOPS/s)
MUL_MAT_ADD MUL_MAT_VEC q6_K m=5120 n=5 k=17408: 64 x 153.148 us = 9801.52 us (5819.6 GFLOPS/s)
MUL_MAT_ADD MUL_MAT_VEC q6_K m=5120 n=5 k=6144: 16 x 67.125 us = 1074 us (4685.99 GFLOPS/s)
MUL_MAT_VEC f32 m=48 n=5 k=5120: 96 x 4.871 us = 467.64 us (504.462 GFLOPS/s)
MUL_MAT_VEC q6_K m=1024 n=5 k=5120: 32 x 11.762 us = 376.4 us (4456.85 GFLOPS/s)
MUL_MAT_VEC q6_K m=10240 n=5 k=5120: 48 x 107.877 us = 5178.12 us (4859.56 GFLOPS/s)
MUL_MAT_VEC q6_K m=12288 n=5 k=5120: 16 x 135.192 us = 2163.08 us (4653.25 GFLOPS/s)
MUL_MAT_VEC q6_K m=17408 n=5 k=5120: 128 x 181.231 us = 23197.7 us (4917.47 GFLOPS/s)
MUL_MAT_VEC q6_K m=248320 n=5 k=5120: 1 x 1954.32 us = 1954.32 us (6504.94 GFLOPS/s)
MUL_MAT_VEC q6_K m=6144 n=5 k=5120: 48 x 71.169 us = 3416.12 us (4419.64 GFLOPS/s)
MUL_MAT_VEC q8_0 m=5120 n=5 k=6144: 48 x 65.516 us = 3144.8 us (4801.03 GFLOPS/s)
RMS_NORM_MUL RMS_NORM(256,24,5,1): 16 x 4.077 us = 65.24 us
RMS_NORM_MUL RMS_NORM(256,4,5,1): 16 x 4.782 us = 76.52 us
RMS_NORM_MUL RMS_NORM(5120,5,1,1): 129 x 5.582 us = 720.2 us
RMS_NORM_MUL_SILU_MUL RMS_NORM(128,48,5,1): 48 x 6.498 us = 311.92 us
RMS_NORM_SCALE RMS_NORM(128,16,5,1): 96 x 2.502 us = 240.2 us
ROPE: 32 x 4.615 us = 147.68 us
SET_ROWS: 32 x 3.312 us = 106 us
SIGMOID_MUL SIGMOID: 16 x 4.342 us = 69.48 us
SSM_CONV_SILU SSM_CONV: 48 x 6.58 us = 315.88 us
Total time: 56780.2 us.
----------------
Vulkan Timings:
CONCAT: 1 x 4.4 us = 4.4 us
CONT: 1 x 3.44 us = 3.44 us
FLASH_ATTN_EXT dst(256,24,5,1),  q(256,5,24,1),  k(256,256,4,1),  v(256,256,4,1),  m(256,5,1,1): 1 x 21.16 us = 21.16 us (1486.64 GFLOPS/s)
GLU: 1 x 1.76 us = 1.76 us
MUL_MAT f32 m=256 n=120 k=256: 1 x 2 us = 2 us (7848.96 GFLOPS/s)
MUL_MAT f32 m=256 n=20 k=256: 1 x 0.76 us = 0.76 us (3442.53 GFLOPS/s)
MUL_MAT f32 m=64 n=480 k=64: 1 x 3.36 us = 3.36 us (1161.14 GFLOPS/s)
MUL_MAT f32 m=64 n=80 k=64: 1 x 3.28 us = 3.28 us (198.244 GFLOPS/s)
MUL_MAT_ADD MUL_MAT_VEC q6_K m=5120 n=5 k=17408: 1 x 174.03 us = 174.03 us (5121.32 GFLOPS/s)
MUL_MAT_ADD MUL_MAT_VEC q6_K m=5120 n=5 k=6144: 1 x 69.96 us = 69.96 us (4496.1 GFLOPS/s)
MUL_MAT_VEC q6_K m=1024 n=5 k=5120: 2 x 11.68 us = 23.36 us (4488.33 GFLOPS/s)
MUL_MAT_VEC q6_K m=12288 n=5 k=5120: 1 x 147.02 us = 147.02 us (4278.9 GFLOPS/s)
MUL_MAT_VEC q6_K m=17408 n=5 k=5120: 2 x 157.04 us = 314.08 us (5675 GFLOPS/s)
MUL_MAT_VEC q8_0 m=5120 n=5 k=10240: 1 x 118.09 us = 118.09 us (4439.52 GFLOPS/s)
RMS_NORM_MUL RMS_NORM(256,24,5,1): 1 x 6.44 us = 6.44 us
RMS_NORM_MUL RMS_NORM(256,4,5,1): 1 x 3.36 us = 3.36 us
RMS_NORM_MUL RMS_NORM(5120,5,1,1): 5 x 9.388 us = 46.94 us
ROPE: 2 x 3.32 us = 6.64 us
SET_ROWS: 2 x 3.18 us = 6.36 us
SIGMOID_MUL SIGMOID: 1 x 1.64 us = 1.64 us
Total time: 958.08 us.
----------------
Vulkan Timings:
CONCAT: 1 x 4 us = 4 us
CONT: 1 x 3.52 us = 3.52 us
FLASH_ATTN_EXT dst(256,24,1,1),  q(256,1,24,1),  k(256,256,4,1),  v(256,256,4,1),  m(256,1,1,1): 1 x 15.16 us = 15.16 us (415.004 GFLOPS/s)
GET_ROWS: 2 x 4.3 us = 8.6 us
GLU: 1 x 1.64 us = 1.64 us
MUL_MAT f32 m=256 n=24 k=256: 1 x 2.12 us = 2.12 us (1480.94 GFLOPS/s)
MUL_MAT f32 m=64 n=16 k=64: 1 x 1.8 us = 1.8 us (72.2489 GFLOPS/s)
MUL_MAT f32 m=64 n=96 k=64: 1 x 3.24 us = 3.24 us (240.83 GFLOPS/s)
MUL_MAT_ADD MUL_MAT_VEC q6_K m=5120 n=1 k=17408: 1 x 129.84 us = 129.84 us (1372.87 GFLOPS/s)
MUL_MAT_ADD MUL_MAT_VEC q6_K m=5120 n=1 k=6144: 1 x 53.84 us = 53.84 us (1168.45 GFLOPS/s)
MUL_MAT_VEC f32 m=256 n=4 k=256: 1 x 0.72 us = 0.72 us (726.756 GFLOPS/s)
MUL_MAT_VEC q6_K m=1024 n=1 k=5120: 2 x 9.2 us = 18.4 us (1139.65 GFLOPS/s)
MUL_MAT_VEC q6_K m=12288 n=1 k=5120: 1 x 88.88 us = 88.88 us (1415.58 GFLOPS/s)
MUL_MAT_VEC q6_K m=17408 n=1 k=5120: 2 x 118.08 us = 236.16 us (1509.49 GFLOPS/s)
MUL_MAT_VEC q6_K m=98304 n=1 k=5120: 1 x 680.05 us = 680.05 us (1480.09 GFLOPS/s)
MUL_MAT_VEC q8_0 m=5120 n=1 k=10240: 1 x 92.72 us = 92.72 us (1130.85 GFLOPS/s)
PAD: 1 x 5.52 us = 5.52 us
RMS_NORM_MUL RMS_NORM(256,24,1,1): 1 x 3.2 us = 3.2 us
RMS_NORM_MUL RMS_NORM(256,4,1,1): 1 x 4.84 us = 4.84 us
RMS_NORM_MUL RMS_NORM(5120,1,1,1): 5 x 3.888 us = 19.44 us
ROPE: 2 x 3.32 us = 6.64 us
SET_ROWS: 2 x 2.92 us = 5.84 us
SIGMOID_MUL SIGMOID: 1 x 1.84 us = 1.84 us
TOP_K K=10 (98304,1,1,1): 1 x 8.96 us = 8.96 us
Total time: 1396.97 us.
----------------
Vulkan Timings:
CONCAT: 1 x 4.04 us = 4.04 us
CONT: 1 x 3.64 us = 3.64 us
FLASH_ATTN_EXT dst(256,24,1,1),  q(256,1,24,1),  k(256,256,4,1),  v(256,256,4,1),  m(256,1,1,1): 1 x 15.16 us = 15.16 us (415.004 GFLOPS/s)
GET_ROWS: 2 x 12.3 us = 24.6 us
GLU: 1 x 2.24 us = 2.24 us
MUL_MAT f32 m=256 n=24 k=256: 1 x 2.24 us = 2.24 us (1401.6 GFLOPS/s)
MUL_MAT f32 m=64 n=16 k=64: 1 x 3.64 us = 3.64 us (35.7275 GFLOPS/s)
MUL_MAT f32 m=64 n=96 k=64: 1 x 3.6 us = 3.6 us (216.747 GFLOPS/s)
MUL_MAT_ADD MUL_MAT_VEC q6_K m=5120 n=1 k=17408: 1 x 122.56 us = 122.56 us (1454.41 GFLOPS/s)
MUL_MAT_ADD MUL_MAT_VEC q6_K m=5120 n=1 k=6144: 1 x 53.12 us = 53.12 us (1184.29 GFLOPS/s)
MUL_MAT_VEC f32 m=256 n=4 k=256: 1 x 3.04 us = 3.04 us (172.126 GFLOPS/s)
MUL_MAT_VEC q6_K m=1024 n=1 k=5120: 2 x 9.42 us = 18.84 us (1113.03 GFLOPS/s)
MUL_MAT_VEC q6_K m=12288 n=1 k=5120: 1 x 85.92 us = 85.92 us (1464.35 GFLOPS/s)
MUL_MAT_VEC q6_K m=17408 n=1 k=5120: 2 x 120.98 us = 241.96 us (1473.31 GFLOPS/s)
MUL_MAT_VEC q6_K m=98304 n=1 k=5120: 1 x 678.69 us = 678.69 us (1483.06 GFLOPS/s)
MUL_MAT_VEC q8_0 m=5120 n=1 k=10240: 1 x 101.32 us = 101.32 us (1034.86 GFLOPS/s)
PAD: 1 x 7.2 us = 7.2 us
RMS_NORM_MUL RMS_NORM(256,24,1,1): 1 x 3.6 us = 3.6 us
RMS_NORM_MUL RMS_NORM(256,4,1,1): 1 x 4.36 us = 4.36 us
RMS_NORM_MUL RMS_NORM(5120,1,1,1): 5 x 3.8 us = 19 us
ROPE: 2 x 3.58 us = 7.16 us
SET_ROWS: 2 x 1.84 us = 3.68 us
SIGMOID_MUL SIGMOID: 1 x 2.64 us = 2.64 us
TOP_K K=10 (98304,1,1,1): 1 x 6.48 us = 6.48 us
Total time: 1418.73 us.
----------------
Vulkan Timings:
CONCAT: 1 x 4.36 us = 4.36 us
CONT: 1 x 4.2 us = 4.2 us
FLASH_ATTN_EXT dst(256,24,1,1),  q(256,1,24,1),  k(256,256,4,1),  v(256,256,4,1),  m(256,1,1,1): 1 x 15.04 us = 15.04 us (418.315 GFLOPS/s)
GET_ROWS: 2 x 7.96 us = 15.92 us
GLU: 1 x 2 us = 2 us
MUL_MAT f32 m=256 n=24 k=256: 1 x 1.96 us = 1.96 us (1601.83 GFLOPS/s)
MUL_MAT f32 m=64 n=16 k=64: 1 x 4.24 us = 4.24 us (30.6717 GFLOPS/s)
MUL_MAT f32 m=64 n=96 k=64: 1 x 4.2 us = 4.2 us (185.783 GFLOPS/s)
MUL_MAT_ADD MUL_MAT_VEC q6_K m=5120 n=1 k=17408: 1 x 125.44 us = 125.44 us (1421.02 GFLOPS/s)
MUL_MAT_ADD MUL_MAT_VEC q6_K m=5120 n=1 k=6144: 1 x 56.56 us = 56.56 us (1112.26 GFLOPS/s)
MUL_MAT_VEC f32 m=256 n=4 k=256: 1 x 3.6 us = 3.6 us (145.351 GFLOPS/s)
MUL_MAT_VEC q6_K m=1024 n=1 k=5120: 2 x 9.72 us = 19.44 us (1078.68 GFLOPS/s)
MUL_MAT_VEC q6_K m=12288 n=1 k=5120: 1 x 87.04 us = 87.04 us (1445.51 GFLOPS/s)
MUL_MAT_VEC q6_K m=17408 n=1 k=5120: 2 x 122.26 us = 244.52 us (1457.88 GFLOPS/s)
MUL_MAT_VEC q6_K m=98304 n=1 k=5120: 1 x 681.77 us = 681.77 us (1476.36 GFLOPS/s)
MUL_MAT_VEC q8_0 m=5120 n=1 k=10240: 1 x 103.24 us = 103.24 us (1015.62 GFLOPS/s)
PAD: 1 x 8.32 us = 8.32 us
RMS_NORM_MUL RMS_NORM(256,24,1,1): 1 x 4.2 us = 4.2 us
RMS_NORM_MUL RMS_NORM(256,4,1,1): 1 x 4.2 us = 4.2 us
RMS_NORM_MUL RMS_NORM(5120,1,1,1): 5 x 4.208 us = 21.04 us
ROPE: 2 x 4.16 us = 8.32 us
SET_ROWS: 2 x 3.06 us = 6.12 us
SIGMOID_MUL SIGMOID: 1 x 2 us = 2 us
TOP_K K=10 (98304,1,1,1): 1 x 11.52 us = 11.52 us
Total time: 1439.25 us.
----------------
Vulkan Timings:
CONCAT: 1 x 2.36 us = 2.36 us
CONT: 1 x 5.16 us = 5.16 us
FLASH_ATTN_EXT dst(256,24,1,1),  q(256,1,24,1),  k(256,256,4,1),  v(256,256,4,1),  m(256,1,1,1): 1 x 18.88 us = 18.88 us (333.234 GFLOPS/s)
GET_ROWS: 2 x 8.28 us = 16.56 us
GLU: 1 x 2.24 us = 2.24 us
MUL_MAT f32 m=256 n=24 k=256: 1 x 2.28 us = 2.28 us (1377.01 GFLOPS/s)
MUL_MAT f32 m=64 n=16 k=64: 1 x 5.16 us = 5.16 us (25.2031 GFLOPS/s)
MUL_MAT f32 m=64 n=96 k=64: 1 x 5.12 us = 5.12 us (152.4 GFLOPS/s)
MUL_MAT_ADD MUL_MAT_VEC q6_K m=5120 n=1 k=17408: 1 x 127.36 us = 127.36 us (1399.6 GFLOPS/s)
MUL_MAT_ADD MUL_MAT_VEC q6_K m=5120 n=1 k=6144: 1 x 59.6 us = 59.6 us (1055.53 GFLOPS/s)
MUL_MAT_VEC f32 m=256 n=4 k=256: 1 x 4.44 us = 4.44 us (117.852 GFLOPS/s)
MUL_MAT_VEC q6_K m=1024 n=1 k=5120: 2 x 10.42 us = 20.84 us (1006.21 GFLOPS/s)
MUL_MAT_VEC q6_K m=12288 n=1 k=5120: 1 x 87.36 us = 87.36 us (1440.21 GFLOPS/s)
MUL_MAT_VEC q6_K m=17408 n=1 k=5120: 2 x 124.66 us = 249.32 us (1429.81 GFLOPS/s)
MUL_MAT_VEC q6_K m=98304 n=1 k=5120: 1 x 677.44 us = 677.44 us (1485.79 GFLOPS/s)
MUL_MAT_VEC q8_0 m=5120 n=1 k=10240: 1 x 108.24 us = 108.24 us (968.704 GFLOPS/s)
PAD: 1 x 9.12 us = 9.12 us
RMS_NORM_MUL RMS_NORM(256,24,1,1): 1 x 5.12 us = 5.12 us
RMS_NORM_MUL RMS_NORM(256,4,1,1): 1 x 5.16 us = 5.16 us
RMS_NORM_MUL RMS_NORM(5120,1,1,1): 5 x 5.888 us = 29.44 us
ROPE: 2 x 5.12 us = 10.24 us
SET_ROWS: 2 x 3.72 us = 7.44 us
SIGMOID_MUL SIGMOID: 1 x 2.36 us = 2.36 us
TOP_K K=10 (98304,1,1,1): 1 x 14.64 us = 14.64 us
Total time: 1475.88 us.
----------------
Vulkan Timings:
ADD: 48 x 3.735 us = 179.32 us
CONCAT: 48 x 2.874 us = 137.96 us
CONT: 16 x 3.945 us = 63.12 us
CPY: 240 x 2.835 us = 680.4 us
FLASH_ATTN_EXT dst(256,24,5,1),  q(256,5,24,1),  k(256,256,4,1),  v(256,256,4,1),  m(256,5,1,1): 16 x 23.785 us = 380.56 us (1322.57 GFLOPS/s)
GDN_CACHE GATED_DELTA_NET: 48 x 14.155 us = 679.44 us
GET_ROWS: 50 x 26.63 us = 1331.52 us
GLU: 64 x 3.216 us = 205.84 us
MUL_MAT f32 m=256 n=120 k=256: 16 x 2.137 us = 34.2 us (7344.06 GFLOPS/s)
MUL_MAT f32 m=256 n=20 k=256: 16 x 2.655 us = 42.48 us (985.431 GFLOPS/s)
MUL_MAT f32 m=64 n=480 k=64: 16 x 4.91 us = 78.56 us (794.591 GFLOPS/s)
MUL_MAT f32 m=64 n=80 k=64: 16 x 4.112 us = 65.8 us (158.113 GFLOPS/s)
MUL_MAT_ADD MUL_MAT_VEC q6_K m=5120 n=5 k=17408: 64 x 152.08 us = 9733.12 us (5860.49 GFLOPS/s)
MUL_MAT_ADD MUL_MAT_VEC q6_K m=5120 n=5 k=6144: 16 x 66.375 us = 1062 us (4738.94 GFLOPS/s)
MUL_MAT_VEC f32 m=48 n=5 k=5120: 96 x 4.715 us = 452.64 us (521.179 GFLOPS/s)
MUL_MAT_VEC q6_K m=1024 n=5 k=5120: 32 x 11.665 us = 373.28 us (4494.1 GFLOPS/s)
MUL_MAT_VEC q6_K m=10240 n=5 k=5120: 48 x 106.481 us = 5111.12 us (4923.26 GFLOPS/s)
MUL_MAT_VEC q6_K m=12288 n=5 k=5120: 16 x 133.745 us = 2139.92 us (4703.61 GFLOPS/s)
MUL_MAT_VEC q6_K m=17408 n=5 k=5120: 128 x 179.326 us = 22953.8 us (4969.72 GFLOPS/s)
MUL_MAT_VEC q6_K m=248320 n=5 k=5120: 1 x 1967.28 us = 1967.28 us (6462.09 GFLOPS/s)
MUL_MAT_VEC q6_K m=6144 n=5 k=5120: 48 x 70.523 us = 3385.12 us (4460.11 GFLOPS/s)
MUL_MAT_VEC q8_0 m=5120 n=5 k=6144: 48 x 65.265 us = 3132.72 us (4819.54 GFLOPS/s)
RMS_NORM_MUL RMS_NORM(256,24,5,1): 16 x 4.047 us = 64.76 us
RMS_NORM_MUL RMS_NORM(256,4,5,1): 16 x 4.787 us = 76.6 us
RMS_NORM_MUL RMS_NORM(5120,5,1,1): 129 x 5.569 us = 718.44 us
RMS_NORM_MUL_SILU_MUL RMS_NORM(128,48,5,1): 48 x 6.291 us = 302 us
RMS_NORM_SCALE RMS_NORM(128,16,5,1): 96 x 2.555 us = 245.28 us
ROPE: 32 x 4.537 us = 145.2 us
SET_ROWS: 32 x 3.686 us = 117.96 us
SIGMOID_MUL SIGMOID: 16 x 4.047 us = 64.76 us
SSM_CONV_SILU SSM_CONV: 48 x 5.89 us = 282.76 us
Total time: 56208 us.
----------------
Vulkan Timings:
CONCAT: 1 x 4 us = 4 us
CONT: 1 x 3.44 us = 3.44 us
FLASH_ATTN_EXT dst(256,24,5,1),  q(256,5,24,1),  k(256,256,4,1),  v(256,256,4,1),  m(256,5,1,1): 1 x 21.76 us = 21.76 us (1445.65 GFLOPS/s)
GLU: 1 x 3.8 us = 3.8 us
MUL_MAT f32 m=256 n=120 k=256: 1 x 2.04 us = 2.04 us (7695.06 GFLOPS/s)
MUL_MAT f32 m=256 n=20 k=256: 1 x 0.76 us = 0.76 us (3442.53 GFLOPS/s)
MUL_MAT f32 m=64 n=480 k=64: 1 x 3.36 us = 3.36 us (1161.14 GFLOPS/s)
MUL_MAT f32 m=64 n=80 k=64: 1 x 3.32 us = 3.32 us (195.855 GFLOPS/s)
MUL_MAT_ADD MUL_MAT_VEC q6_K m=5120 n=5 k=17408: 1 x 190.92 us = 190.92 us (4668.26 GFLOPS/s)
MUL_MAT_ADD MUL_MAT_VEC q6_K m=5120 n=5 k=6144: 1 x 70.2 us = 70.2 us (4480.73 GFLOPS/s)
MUL_MAT_VEC q6_K m=1024 n=5 k=5120: 2 x 12.48 us = 24.96 us (4200.62 GFLOPS/s)
MUL_MAT_VEC q6_K m=12288 n=5 k=5120: 1 x 147.27 us = 147.27 us (4271.64 GFLOPS/s)
MUL_MAT_VEC q6_K m=17408 n=5 k=5120: 2 x 158.26 us = 316.52 us (5631.26 GFLOPS/s)
MUL_MAT_VEC q8_0 m=5120 n=5 k=10240: 1 x 119.04 us = 119.04 us (4404.09 GFLOPS/s)
RMS_NORM_MUL RMS_NORM(256,24,5,1): 1 x 3.4 us = 3.4 us
RMS_NORM_MUL RMS_NORM(256,4,5,1): 1 x 3.88 us = 3.88 us
RMS_NORM_MUL RMS_NORM(5120,5,1,1): 5 x 8.374 us = 41.87 us
ROPE: 2 x 3.48 us = 6.96 us
SET_ROWS: 2 x 2.88 us = 5.76 us
SIGMOID_MUL SIGMOID: 1 x 1.64 us = 1.64 us
Total time: 974.9 us.
----------------
Vulkan Timings:
CONCAT: 1 x 1.56 us = 1.56 us
CONT: 1 x 3.48 us = 3.48 us
FLASH_ATTN_EXT dst(256,24,1,1),  q(256,1,24,1),  k(256,256,4,1),  v(256,256,4,1),  m(256,1,1,1): 1 x 12.4 us = 12.4 us (507.375 GFLOPS/s)
GET_ROWS: 2 x 5.56 us = 11.12 us
GLU: 1 x 1.88 us = 1.88 us
MUL_MAT f32 m=256 n=24 k=256: 1 x 2.12 us = 2.12 us (1480.94 GFLOPS/s)
MUL_MAT f32 m=64 n=16 k=64: 1 x 1.84 us = 1.84 us (70.6783 GFLOPS/s)
MUL_MAT f32 m=64 n=96 k=64: 1 x 3.2 us = 3.2 us (243.84 GFLOPS/s)
MUL_MAT_ADD MUL_MAT_VEC q6_K m=5120 n=1 k=17408: 1 x 130.52 us = 130.52 us (1365.71 GFLOPS/s)
MUL_MAT_ADD MUL_MAT_VEC q6_K m=5120 n=1 k=6144: 1 x 54.08 us = 54.08 us (1163.27 GFLOPS/s)
MUL_MAT_VEC f32 m=256 n=4 k=256: 1 x 0.72 us = 0.72 us (726.756 GFLOPS/s)
MUL_MAT_VEC q6_K m=1024 n=1 k=5120: 2 x 9.32 us = 18.64 us (1124.97 GFLOPS/s)
MUL_MAT_VEC q6_K m=12288 n=1 k=5120: 1 x 89.8 us = 89.8 us (1401.08 GFLOPS/s)
MUL_MAT_VEC q6_K m=17408 n=1 k=5120: 2 x 117.86 us = 235.72 us (1512.31 GFLOPS/s)
MUL_MAT_VEC q6_K m=98304 n=1 k=5120: 1 x 673.08 us = 673.08 us (1495.42 GFLOPS/s)
MUL_MAT_VEC q8_0 m=5120 n=1 k=10240: 1 x 93 us = 93 us (1127.45 GFLOPS/s)
PAD: 1 x 8.16 us = 8.16 us
RMS_NORM_MUL RMS_NORM(256,24,1,1): 1 x 3.32 us = 3.32 us
RMS_NORM_MUL RMS_NORM(256,4,1,1): 1 x 4.88 us = 4.88 us
RMS_NORM_MUL RMS_NORM(5120,1,1,1): 5 x 4.544 us = 22.72 us
ROPE: 2 x 3.32 us = 6.64 us
SET_ROWS: 2 x 3.72 us = 7.44 us
SIGMOID_MUL SIGMOID: 1 x 1.76 us = 1.76 us
TOP_K K=10 (98304,1,1,1): 1 x 6.24 us = 6.24 us
Total time: 1394.32 us.
----------------
Vulkan Timings:
CONCAT: 1 x 4.68 us = 4.68 us
CONT: 1 x 3.6 us = 3.6 us
FLASH_ATTN_EXT dst(256,24,1,1),  q(256,1,24,1),  k(256,256,4,1),  v(256,256,4,1),  m(256,1,1,1): 1 x 13 us = 13 us (483.958 GFLOPS/s)
GET_ROWS: 2 x 6 us = 12 us
GLU: 1 x 1.96 us = 1.96 us
MUL_MAT f32 m=256 n=24 k=256: 1 x 4.6 us = 4.6 us (682.518 GFLOPS/s)
MUL_MAT f32 m=64 n=16 k=64: 1 x 4.76 us = 4.76 us (27.321 GFLOPS/s)
MUL_MAT f32 m=64 n=96 k=64: 1 x 3.6 us = 3.6 us (216.747 GFLOPS/s)
MUL_MAT_ADD MUL_MAT_VEC q6_K m=5120 n=1 k=17408: 1 x 124.52 us = 124.52 us (1431.52 GFLOPS/s)
MUL_MAT_ADD MUL_MAT_VEC q6_K m=5120 n=1 k=6144: 1 x 53.68 us = 53.68 us (1171.93 GFLOPS/s)
MUL_MAT_VEC f32 m=256 n=4 k=256: 1 x 0.52 us = 0.52 us (1006.28 GFLOPS/s)
MUL_MAT_VEC q6_K m=1024 n=1 k=5120: 2 x 9.18 us = 18.36 us (1142.13 GFLOPS/s)
MUL_MAT_VEC q6_K m=12288 n=1 k=5120: 1 x 84.64 us = 84.64 us (1486.49 GFLOPS/s)
MUL_MAT_VEC q6_K m=17408 n=1 k=5120: 2 x 121.78 us = 243.56 us (1463.63 GFLOPS/s)
MUL_MAT_VEC q6_K m=98304 n=1 k=5120: 1 x 676.21 us = 676.21 us (1488.49 GFLOPS/s)
MUL_MAT_VEC q8_0 m=5120 n=1 k=10240: 1 x 100.32 us = 100.32 us (1045.18 GFLOPS/s)
PAD: 1 x 6.84 us = 6.84 us
RMS_NORM_MUL RMS_NORM(256,24,1,1): 1 x 3.64 us = 3.64 us
RMS_NORM_MUL RMS_NORM(256,4,1,1): 1 x 3.6 us = 3.6 us
RMS_NORM_MUL RMS_NORM(5120,1,1,1): 5 x 3.96 us = 19.8 us
ROPE: 2 x 3.58 us = 7.16 us
SET_ROWS: 2 x 2.9 us = 5.8 us
SIGMOID_MUL SIGMOID: 1 x 1.96 us = 1.96 us
TOP_K K=10 (98304,1,1,1): 1 x 9.12 us = 9.12 us
Total time: 1407.93 us.
----------------
Vulkan Timings:
CONCAT: 1 x 2.16 us = 2.16 us
CONT: 1 x 4.36 us = 4.36 us
FLASH_ATTN_EXT dst(256,24,1,1),  q(256,1,24,1),  k(256,256,4,1),  v(256,256,4,1),  m(256,1,1,1): 1 x 15.2 us = 15.2 us (413.912 GFLOPS/s)
GET_ROWS: 2 x 5.54 us = 11.08 us
GLU: 1 x 2.28 us = 2.28 us
MUL_MAT f32 m=256 n=24 k=256: 1 x 1.96 us = 1.96 us (1601.83 GFLOPS/s)
MUL_MAT f32 m=64 n=16 k=64: 1 x 4.28 us = 4.28 us (30.385 GFLOPS/s)
MUL_MAT f32 m=64 n=96 k=64: 1 x 4.32 us = 4.32 us (180.622 GFLOPS/s)
MUL_MAT_ADD MUL_MAT_VEC q6_K m=5120 n=1 k=17408: 1 x 124.56 us = 124.56 us (1431.06 GFLOPS/s)
MUL_MAT_ADD MUL_MAT_VEC q6_K m=5120 n=1 k=6144: 1 x 54.56 us = 54.56 us (1153.03 GFLOPS/s)
MUL_MAT_VEC f32 m=256 n=4 k=256: 1 x 3.64 us = 3.64 us (143.754 GFLOPS/s)
MUL_MAT_VEC q6_K m=1024 n=1 k=5120: 2 x 9.7 us = 19.4 us (1080.9 GFLOPS/s)
MUL_MAT_VEC q6_K m=12288 n=1 k=5120: 1 x 86.84 us = 86.84 us (1448.84 GFLOPS/s)
MUL_MAT_VEC q6_K m=17408 n=1 k=5120: 2 x 122.96 us = 245.92 us (1449.58 GFLOPS/s)
MUL_MAT_VEC q6_K m=98304 n=1 k=5120: 1 x 678.75 us = 678.75 us (1482.92 GFLOPS/s)
MUL_MAT_VEC q8_0 m=5120 n=1 k=10240: 1 x 103.92 us = 103.92 us (1008.97 GFLOPS/s)
PAD: 1 x 7.52 us = 7.52 us
RMS_NORM_MUL RMS_NORM(256,24,1,1): 1 x 4.28 us = 4.28 us
RMS_NORM_MUL RMS_NORM(256,4,1,1): 1 x 4.28 us = 4.28 us
RMS_NORM_MUL RMS_NORM(5120,1,1,1): 5 x 4.696 us = 23.48 us
ROPE: 2 x 4.26 us = 8.52 us
SET_ROWS: 2 x 3.16 us = 6.32 us
SIGMOID_MUL SIGMOID: 1 x 3.24 us = 3.24 us
TOP_K K=10 (98304,1,1,1): 1 x 11.84 us = 11.84 us
Total time: 1432.71 us.
----------------
Vulkan Timings:
CONCAT: 1 x 2.48 us = 2.48 us
CONT: 1 x 5.4 us = 5.4 us
FLASH_ATTN_EXT dst(256,24,1,1),  q(256,1,24,1),  k(256,256,4,1),  v(256,256,4,1),  m(256,1,1,1): 1 x 18.64 us = 18.64 us (337.524 GFLOPS/s)
GET_ROWS: 2 x 7.18 us = 14.36 us
GLU: 1 x 2.68 us = 2.68 us
MUL_MAT f32 m=256 n=24 k=256: 1 x 2.4 us = 2.4 us (1308.16 GFLOPS/s)
MUL_MAT f32 m=64 n=16 k=64: 1 x 5.4 us = 5.4 us (24.083 GFLOPS/s)
MUL_MAT f32 m=64 n=96 k=64: 1 x 5.4 us = 5.4 us (144.498 GFLOPS/s)
MUL_MAT_ADD MUL_MAT_VEC q6_K m=5120 n=1 k=17408: 1 x 128.68 us = 128.68 us (1385.24 GFLOPS/s)
MUL_MAT_ADD MUL_MAT_VEC q6_K m=5120 n=1 k=6144: 1 x 60.08 us = 60.08 us (1047.09 GFLOPS/s)
MUL_MAT_VEC f32 m=256 n=4 k=256: 1 x 4.64 us = 4.64 us (112.772 GFLOPS/s)
MUL_MAT_VEC q6_K m=1024 n=1 k=5120: 2 x 10.8 us = 21.6 us (970.809 GFLOPS/s)
MUL_MAT_VEC q6_K m=12288 n=1 k=5120: 1 x 88.4 us = 88.4 us (1423.27 GFLOPS/s)
MUL_MAT_VEC q6_K m=17408 n=1 k=5120: 2 x 126.4 us = 252.8 us (1410.13 GFLOPS/s)
MUL_MAT_VEC q6_K m=98304 n=1 k=5120: 1 x 679.12 us = 679.12 us (1482.12 GFLOPS/s)
MUL_MAT_VEC q8_0 m=5120 n=1 k=10240: 1 x 109.36 us = 109.36 us (958.783 GFLOPS/s)
PAD: 1 x 7.32 us = 7.32 us
RMS_NORM_MUL RMS_NORM(256,24,1,1): 1 x 5.4 us = 5.4 us
RMS_NORM_MUL RMS_NORM(256,4,1,1): 1 x 5.36 us = 5.36 us
RMS_NORM_MUL RMS_NORM(5120,1,1,1): 5 x 6.08 us = 30.4 us
ROPE: 2 x 5.36 us = 10.72 us
SET_ROWS: 2 x 3.94 us = 7.88 us
SIGMOID_MUL SIGMOID: 1 x 2.44 us = 2.44 us
TOP_K K=10 (98304,1,1,1): 1 x 14.8 us = 14.8 us
Total time: 1485.76 us.
----------------
Vulkan Timings:
ADD: 48 x 3.815 us = 183.16 us
CONCAT: 48 x 3.426 us = 164.48 us
CONT: 16 x 3.955 us = 63.28 us
CPY: 240 x 2.669 us = 640.76 us
FLASH_ATTN_EXT dst(256,24,5,1),  q(256,5,24,1),  k(256,256,4,1),  v(256,256,4,1),  m(256,5,1,1): 16 x 24.415 us = 390.64 us (1288.44 GFLOPS/s)
GDN_CACHE GATED_DELTA_NET: 48 x 14.35 us = 688.8 us
GET_ROWS: 50 x 26.548 us = 1327.4 us
GLU: 64 x 3.301 us = 211.32 us
MUL_MAT f32 m=256 n=120 k=256: 16 x 2.092 us = 33.48 us (7501.99 GFLOPS/s)
MUL_MAT f32 m=256 n=20 k=256: 16 x 3.167 us = 50.68 us (825.989 GFLOPS/s)
MUL_MAT f32 m=64 n=480 k=64: 16 x 4.83 us = 77.28 us (807.752 GFLOPS/s)
MUL_MAT f32 m=64 n=80 k=64: 16 x 4.245 us = 67.92 us (153.178 GFLOPS/s)
MUL_MAT_ADD MUL_MAT_VEC q6_K m=5120 n=5 k=17408: 64 x 152.139 us = 9736.92 us (5858.21 GFLOPS/s)
MUL_MAT_ADD MUL_MAT_VEC q6_K m=5120 n=5 k=6144: 16 x 66.895 us = 1070.32 us (4702.1 GFLOPS/s)
MUL_MAT_VEC f32 m=48 n=5 k=5120: 96 x 4.845 us = 465.12 us (507.195 GFLOPS/s)
MUL_MAT_VEC q6_K m=1024 n=5 k=5120: 32 x 11.666 us = 373.32 us (4493.62 GFLOPS/s)
MUL_MAT_VEC q6_K m=10240 n=5 k=5120: 48 x 106.738 us = 5123.44 us (4911.42 GFLOPS/s)
MUL_MAT_VEC q6_K m=12288 n=5 k=5120: 16 x 134 us = 2144 us (4694.66 GFLOPS/s)
MUL_MAT_VEC q6_K m=17408 n=5 k=5120: 128 x 180.149 us = 23059.1 us (4947.03 GFLOPS/s)
MUL_MAT_VEC q6_K m=248320 n=5 k=5120: 1 x 1954.4 us = 1954.4 us (6504.68 GFLOPS/s)
MUL_MAT_VEC q6_K m=6144 n=5 k=5120: 48 x 70.394 us = 3378.92 us (4468.3 GFLOPS/s)
MUL_MAT_VEC q8_0 m=5120 n=5 k=6144: 48 x 65.32 us = 3135.4 us (4815.42 GFLOPS/s)
RMS_NORM_MUL RMS_NORM(256,24,5,1): 16 x 3.46 us = 55.36 us
RMS_NORM_MUL RMS_NORM(256,4,5,1): 16 x 4.847 us = 77.56 us
RMS_NORM_MUL RMS_NORM(5120,5,1,1): 129 x 5.612 us = 723.96 us
RMS_NORM_MUL_SILU_MUL RMS_NORM(128,48,5,1): 48 x 6.31 us = 302.92 us
RMS_NORM_SCALE RMS_NORM(128,16,5,1): 96 x 2.448 us = 235.08 us
ROPE: 32 x 4.842 us = 154.96 us
SET_ROWS: 32 x 3.307 us = 105.84 us
SIGMOID_MUL SIGMOID: 16 x 4.265 us = 68.24 us
SSM_CONV_SILU SSM_CONV: 48 x 6.161 us = 295.76 us
Total time: 56359.8 us.
----------------
Vulkan Timings:
CONCAT: 1 x 3.96 us = 3.96 us
CONT: 1 x 3.4 us = 3.4 us
FLASH_ATTN_EXT dst(256,24,5,1),  q(256,5,24,1),  k(256,256,4,1),  v(256,256,4,1),  m(256,5,1,1): 1 x 22 us = 22 us (1429.88 GFLOPS/s)
GLU: 1 x 3.92 us = 3.92 us
MUL_MAT f32 m=256 n=120 k=256: 1 x 2.04 us = 2.04 us (7695.06 GFLOPS/s)
MUL_MAT f32 m=256 n=20 k=256: 1 x 0.72 us = 0.72 us (3633.78 GFLOPS/s)
MUL_MAT f32 m=64 n=480 k=64: 1 x 3.52 us = 3.52 us (1108.36 GFLOPS/s)
MUL_MAT f32 m=64 n=80 k=64: 1 x 3.32 us = 3.32 us (195.855 GFLOPS/s)
MUL_MAT_ADD MUL_MAT_VEC q6_K m=5120 n=5 k=17408: 1 x 169.98 us = 169.98 us (5243.35 GFLOPS/s)
MUL_MAT_ADD MUL_MAT_VEC q6_K m=5120 n=5 k=6144: 1 x 68.84 us = 68.84 us (4569.25 GFLOPS/s)
MUL_MAT_VEC q6_K m=1024 n=5 k=5120: 2 x 11.86 us = 23.72 us (4420.21 GFLOPS/s)
MUL_MAT_VEC q6_K m=12288 n=5 k=5120: 1 x 146.35 us = 146.35 us (4298.49 GFLOPS/s)
MUL_MAT_VEC q6_K m=17408 n=5 k=5120: 2 x 157.26 us = 314.52 us (5667.06 GFLOPS/s)
MUL_MAT_VEC q8_0 m=5120 n=5 k=10240: 1 x 116.74 us = 116.74 us (4490.85 GFLOPS/s)
RMS_NORM_MUL RMS_NORM(256,24,5,1): 1 x 6.16 us = 6.16 us
RMS_NORM_MUL RMS_NORM(256,4,5,1): 1 x 3.4 us = 3.4 us
RMS_NORM_MUL RMS_NORM(5120,5,1,1): 5 x 8.924 us = 44.62 us
ROPE: 2 x 3.38 us = 6.76 us
SET_ROWS: 2 x 2.82 us = 5.64 us
SIGMOID_MUL SIGMOID: 1 x 2.52 us = 2.52 us
Total time: 952.13 us.
----------------
Vulkan Timings:
CONCAT: 1 x 3.72 us = 3.72 us
CONT: 1 x 3.52 us = 3.52 us
FLASH_ATTN_EXT dst(256,24,1,1),  q(256,1,24,1),  k(256,256,4,1),  v(256,256,4,1),  m(256,1,1,1): 1 x 15.44 us = 15.44 us (407.478 GFLOPS/s)
GET_ROWS: 2 x 4.18 us = 8.36 us
GLU: 1 x 1.84 us = 1.84 us
MUL_MAT f32 m=256 n=24 k=256: 1 x 2.08 us = 2.08 us (1509.42 GFLOPS/s)
MUL_MAT f32 m=64 n=16 k=64: 1 x 1.84 us = 1.84 us (70.6783 GFLOPS/s)
MUL_MAT f32 m=64 n=96 k=64: 1 x 3.16 us = 3.16 us (246.927 GFLOPS/s)
MUL_MAT_ADD MUL_MAT_VEC q6_K m=5120 n=1 k=17408: 1 x 130.4 us = 130.4 us (1366.97 GFLOPS/s)
MUL_MAT_ADD MUL_MAT_VEC q6_K m=5120 n=1 k=6144: 1 x 53.64 us = 53.64 us (1172.81 GFLOPS/s)
MUL_MAT_VEC f32 m=256 n=4 k=256: 1 x 0.72 us = 0.72 us (726.756 GFLOPS/s)
MUL_MAT_VEC q6_K m=1024 n=1 k=5120: 2 x 9.28 us = 18.56 us (1129.82 GFLOPS/s)
MUL_MAT_VEC q6_K m=12288 n=1 k=5120: 1 x 90.52 us = 90.52 us (1389.93 GFLOPS/s)
MUL_MAT_VEC q6_K m=17408 n=1 k=5120: 2 x 117.84 us = 235.68 us (1512.56 GFLOPS/s)
MUL_MAT_VEC q6_K m=98304 n=1 k=5120: 1 x 676.43 us = 676.43 us (1488.01 GFLOPS/s)
MUL_MAT_VEC q8_0 m=5120 n=1 k=10240: 1 x 93.96 us = 93.96 us (1115.93 GFLOPS/s)
PAD: 1 x 6.4 us = 6.4 us
RMS_NORM_MUL RMS_NORM(256,24,1,1): 1 x 3.2 us = 3.2 us
RMS_NORM_MUL RMS_NORM(256,4,1,1): 1 x 4.84 us = 4.84 us
RMS_NORM_MUL RMS_NORM(5120,1,1,1): 5 x 4.08 us = 20.4 us
ROPE: 2 x 3.32 us = 6.64 us
SET_ROWS: 2 x 2.94 us = 5.88 us
SIGMOID_MUL SIGMOID: 1 x 1.6 us = 1.6 us
TOP_K K=10 (98304,1,1,1): 1 x 9.04 us = 9.04 us
Total time: 1397.87 us.
----------------
Vulkan Timings:
CONCAT: 1 x 3.92 us = 3.92 us
CONT: 1 x 4 us = 4 us
FLASH_ATTN_EXT dst(256,24,1,1),  q(256,1,24,1),  k(256,256,4,1),  v(256,256,4,1),  m(256,1,1,1): 1 x 16.4 us = 16.4 us (383.625 GFLOPS/s)
GET_ROWS: 2 x 6.2 us = 12.4 us
GLU: 1 x 1.96 us = 1.96 us
MUL_MAT f32 m=256 n=24 k=256: 1 x 1.88 us = 1.88 us (1669.99 GFLOPS/s)
MUL_MAT f32 m=64 n=16 k=64: 1 x 3.96 us = 3.96 us (32.8404 GFLOPS/s)
MUL_MAT f32 m=64 n=96 k=64: 1 x 3.96 us = 3.96 us (197.042 GFLOPS/s)
MUL_MAT_ADD MUL_MAT_VEC q6_K m=5120 n=1 k=17408: 1 x 123.44 us = 123.44 us (1444.04 GFLOPS/s)
MUL_MAT_ADD MUL_MAT_VEC q6_K m=5120 n=1 k=6144: 1 x 54.12 us = 54.12 us (1162.41 GFLOPS/s)
MUL_MAT_VEC f32 m=256 n=4 k=256: 1 x 3.48 us = 3.48 us (150.363 GFLOPS/s)
MUL_MAT_VEC q6_K m=1024 n=1 k=5120: 2 x 9.42 us = 18.84 us (1113.03 GFLOPS/s)
MUL_MAT_VEC q6_K m=12288 n=1 k=5120: 1 x 85.64 us = 85.64 us (1469.14 GFLOPS/s)
MUL_MAT_VEC q6_K m=17408 n=1 k=5120: 2 x 121.88 us = 243.76 us (1462.43 GFLOPS/s)
MUL_MAT_VEC q6_K m=98304 n=1 k=5120: 1 x 678.92 us = 678.92 us (1482.55 GFLOPS/s)
MUL_MAT_VEC q8_0 m=5120 n=1 k=10240: 1 x 105.28 us = 105.28 us (995.939 GFLOPS/s)
PAD: 1 x 7.24 us = 7.24 us
RMS_NORM_MUL RMS_NORM(256,24,1,1): 1 x 3.92 us = 3.92 us
RMS_NORM_MUL RMS_NORM(256,4,1,1): 1 x 4 us = 4 us
RMS_NORM_MUL RMS_NORM(5120,1,1,1): 5 x 3.992 us = 19.96 us
ROPE: 2 x 3.98 us = 7.96 us
SET_ROWS: 2 x 2.06 us = 4.12 us
SIGMOID_MUL SIGMOID: 1 x 3.28 us = 3.28 us
TOP_K K=10 (98304,1,1,1): 1 x 10 us = 10 us
Total time: 1422.44 us.
----------------
Vulkan Timings:
CONCAT: 1 x 2.2 us = 2.2 us
CONT: 1 x 4.76 us = 4.76 us
FLASH_ATTN_EXT dst(256,24,1,1),  q(256,1,24,1),  k(256,256,4,1),  v(256,256,4,1),  m(256,1,1,1): 1 x 20.64 us = 20.64 us (304.819 GFLOPS/s)
GET_ROWS: 2 x 6.04 us = 12.08 us
GLU: 1 x 2.44 us = 2.44 us
MUL_MAT f32 m=256 n=24 k=256: 1 x 2.16 us = 2.16 us (1453.51 GFLOPS/s)
MUL_MAT f32 m=64 n=16 k=64: 1 x 4.76 us = 4.76 us (27.321 GFLOPS/s)
MUL_MAT f32 m=64 n=96 k=64: 1 x 4.76 us = 4.76 us (163.926 GFLOPS/s)
MUL_MAT_ADD MUL_MAT_VEC q6_K m=5120 n=1 k=17408: 1 x 125.36 us = 125.36 us (1421.93 GFLOPS/s)
MUL_MAT_ADD MUL_MAT_VEC q6_K m=5120 n=1 k=6144: 1 x 57.6 us = 57.6 us (1092.18 GFLOPS/s)
MUL_MAT_VEC f32 m=256 n=4 k=256: 1 x 4.08 us = 4.08 us (128.251 GFLOPS/s)
MUL_MAT_VEC q6_K m=1024 n=1 k=5120: 2 x 10.12 us = 20.24 us (1036.04 GFLOPS/s)
MUL_MAT_VEC q6_K m=12288 n=1 k=5120: 1 x 87.6 us = 87.6 us (1436.27 GFLOPS/s)
MUL_MAT_VEC q6_K m=17408 n=1 k=5120: 2 x 124.02 us = 248.04 us (1437.19 GFLOPS/s)
MUL_MAT_VEC q6_K m=98304 n=1 k=5120: 1 x 678.8 us = 678.8 us (1482.81 GFLOPS/s)
MUL_MAT_VEC q8_0 m=5120 n=1 k=10240: 1 x 105.8 us = 105.8 us (991.044 GFLOPS/s)
PAD: 1 x 9.44 us = 9.44 us
RMS_NORM_MUL RMS_NORM(256,24,1,1): 1 x 4.76 us = 4.76 us
RMS_NORM_MUL RMS_NORM(256,4,1,1): 1 x 4.76 us = 4.76 us
RMS_NORM_MUL RMS_NORM(5120,1,1,1): 5 x 5.232 us = 26.16 us
ROPE: 2 x 4.72 us = 9.44 us
SET_ROWS: 2 x 2.36 us = 4.72 us
SIGMOID_MUL SIGMOID: 1 x 2.16 us = 2.16 us
TOP_K K=10 (98304,1,1,1): 1 x 13.24 us = 13.24 us
Total time: 1456 us.
----------------
Vulkan Timings:
CONCAT: 1 x 2.64 us = 2.64 us
CONT: 1 x 5.92 us = 5.92 us
FLASH_ATTN_EXT dst(256,24,1,1),  q(256,1,24,1),  k(256,256,4,1),  v(256,256,4,1),  m(256,1,1,1): 1 x 25.76 us = 25.76 us (244.234 GFLOPS/s)
GET_ROWS: 2 x 6.98 us = 13.96 us
GLU: 1 x 2.76 us = 2.76 us
MUL_MAT f32 m=256 n=24 k=256: 1 x 2.56 us = 2.56 us (1226.4 GFLOPS/s)
MUL_MAT f32 m=64 n=16 k=64: 1 x 5.84 us = 5.84 us (22.2685 GFLOPS/s)
MUL_MAT f32 m=64 n=96 k=64: 1 x 5.88 us = 5.88 us (132.702 GFLOPS/s)
MUL_MAT_ADD MUL_MAT_VEC q6_K m=5120 n=1 k=17408: 1 x 129.48 us = 129.48 us (1376.68 GFLOPS/s)
MUL_MAT_ADD MUL_MAT_VEC q6_K m=5120 n=1 k=6144: 1 x 62.6 us = 62.6 us (1004.94 GFLOPS/s)
MUL_MAT_VEC f32 m=256 n=4 k=256: 1 x 5.08 us = 5.08 us (103.005 GFLOPS/s)
MUL_MAT_VEC q6_K m=1024 n=1 k=5120: 2 x 10.98 us = 21.96 us (954.894 GFLOPS/s)
MUL_MAT_VEC q6_K m=12288 n=1 k=5120: 1 x 89.4 us = 89.4 us (1407.35 GFLOPS/s)
MUL_MAT_VEC q6_K m=17408 n=1 k=5120: 2 x 126.36 us = 252.72 us (1410.58 GFLOPS/s)
MUL_MAT_VEC q6_K m=98304 n=1 k=5120: 1 x 717.94 us = 717.94 us (1401.98 GFLOPS/s)
MUL_MAT_VEC q8_0 m=5120 n=1 k=10240: 1 x 111 us = 111 us (944.617 GFLOPS/s)
PAD: 1 x 9.6 us = 9.6 us
RMS_NORM_MUL RMS_NORM(256,24,1,1): 1 x 5.92 us = 5.92 us
RMS_NORM_MUL RMS_NORM(256,4,1,1): 1 x 5.8 us = 5.8 us
RMS_NORM_MUL RMS_NORM(5120,1,1,1): 5 x 6.504 us = 32.52 us
ROPE: 2 x 5.86 us = 11.72 us
SET_ROWS: 2 x 2.68 us = 5.36 us
SIGMOID_MUL SIGMOID: 1 x 2.68 us = 2.68 us
TOP_K K=10 (98304,1,1,1): 1 x 15.84 us = 15.84 us
Total time: 1544.94 us.
----------------
Vulkan Timings:
ADD: 48 x 3.882 us = 186.36 us
CONCAT: 48 x 3.192 us = 153.24 us
CONT: 16 x 4.035 us = 64.56 us
CPY: 240 x 2.711 us = 650.68 us
FLASH_ATTN_EXT dst(256,24,5,1),  q(256,5,24,1),  k(256,256,4,1),  v(256,256,4,1),  m(256,5,1,1): 16 x 24.515 us = 392.24 us (1283.18 GFLOPS/s)
GDN_CACHE GATED_DELTA_NET: 48 x 14.207 us = 681.96 us
GET_ROWS: 50 x 26.984 us = 1349.2 us
GLU: 64 x 3.425 us = 219.2 us
MUL_MAT f32 m=256 n=120 k=256: 16 x 2.012 us = 32.2 us (7800.21 GFLOPS/s)
MUL_MAT f32 m=256 n=20 k=256: 16 x 3.51 us = 56.16 us (745.39 GFLOPS/s)
MUL_MAT f32 m=64 n=480 k=64: 16 x 4.512 us = 72.2 us (864.585 GFLOPS/s)
MUL_MAT f32 m=64 n=80 k=64: 16 x 4.517 us = 72.28 us (143.938 GFLOPS/s)
MUL_MAT_ADD MUL_MAT_VEC q6_K m=5120 n=5 k=17408: 64 x 152.393 us = 9753.2 us (5848.43 GFLOPS/s)
MUL_MAT_ADD MUL_MAT_VEC q6_K m=5120 n=5 k=6144: 16 x 66.992 us = 1071.88 us (4695.26 GFLOPS/s)
MUL_MAT_VEC f32 m=48 n=5 k=5120: 96 x 4.97 us = 477.16 us (494.397 GFLOPS/s)
MUL_MAT_VEC q6_K m=1024 n=5 k=5120: 32 x 11.69 us = 374.08 us (4484.49 GFLOPS/s)
MUL_MAT_VEC q6_K m=10240 n=5 k=5120: 48 x 106.695 us = 5121.4 us (4913.38 GFLOPS/s)
MUL_MAT_VEC q6_K m=12288 n=5 k=5120: 16 x 134.665 us = 2154.64 us (4671.47 GFLOPS/s)
MUL_MAT_VEC q6_K m=17408 n=5 k=5120: 128 x 179.947 us = 23033.2 us (4952.58 GFLOPS/s)
MUL_MAT_VEC q6_K m=248320 n=5 k=5120: 1 x 1959.4 us = 1959.4 us (6488.08 GFLOPS/s)
MUL_MAT_VEC q6_K m=6144 n=5 k=5120: 48 x 70.596 us = 3388.64 us (4455.48 GFLOPS/s)
MUL_MAT_VEC q8_0 m=5120 n=5 k=6144: 48 x 65.135 us = 3126.52 us (4829.1 GFLOPS/s)
RMS_NORM_MUL RMS_NORM(256,24,5,1): 16 x 3.632 us = 58.12 us
RMS_NORM_MUL RMS_NORM(256,4,5,1): 16 x 4.627 us = 74.04 us
RMS_NORM_MUL RMS_NORM(5120,5,1,1): 129 x 5.475 us = 706.4 us
RMS_NORM_MUL_SILU_MUL RMS_NORM(128,48,5,1): 48 x 6.436 us = 308.96 us
RMS_NORM_SCALE RMS_NORM(128,16,5,1): 96 x 2.344 us = 225.04 us
ROPE: 32 x 4.812 us = 154 us
SET_ROWS: 32 x 3.268 us = 104.6 us
SIGMOID_MUL SIGMOID: 16 x 4.245 us = 67.92 us
SSM_CONV_SILU SSM_CONV: 48 x 6.165 us = 295.96 us
Total time: 56385.5 us.
----------------
Vulkan Timings:
CONCAT: 1 x 3.96 us = 3.96 us
CONT: 1 x 3.68 us = 3.68 us
FLASH_ATTN_EXT dst(256,24,5,1),  q(256,5,24,1),  k(256,256,4,1),  v(256,256,4,1),  m(256,5,1,1): 1 x 19.4 us = 19.4 us (1621.51 GFLOPS/s)
GLU: 1 x 1.76 us = 1.76 us
MUL_MAT f32 m=256 n=120 k=256: 1 x 1.72 us = 1.72 us (9126.7 GFLOPS/s)
MUL_MAT f32 m=256 n=20 k=256: 1 x 3.04 us = 3.04 us (860.632 GFLOPS/s)
MUL_MAT f32 m=64 n=480 k=64: 1 x 3.64 us = 3.64 us (1071.82 GFLOPS/s)
MUL_MAT f32 m=64 n=80 k=64: 1 x 3.8 us = 3.8 us (171.116 GFLOPS/s)
MUL_MAT_ADD MUL_MAT_VEC q6_K m=5120 n=5 k=17408: 1 x 176.49 us = 176.49 us (5049.94 GFLOPS/s)
MUL_MAT_ADD MUL_MAT_VEC q6_K m=5120 n=5 k=6144: 1 x 69.72 us = 69.72 us (4511.58 GFLOPS/s)
MUL_MAT_VEC q6_K m=1024 n=5 k=5120: 2 x 12.54 us = 25.08 us (4180.52 GFLOPS/s)
MUL_MAT_VEC q6_K m=12288 n=5 k=5120: 1 x 149.58 us = 149.58 us (4205.67 GFLOPS/s)
MUL_MAT_VEC q6_K m=17408 n=5 k=5120: 2 x 158.14 us = 316.28 us (5635.53 GFLOPS/s)
MUL_MAT_VEC q8_0 m=5120 n=5 k=10240: 1 x 140.08 us = 140.08 us (3742.59 GFLOPS/s)
RMS_NORM_MUL RMS_NORM(256,24,5,1): 1 x 3.68 us = 3.68 us
RMS_NORM_MUL RMS_NORM(256,4,5,1): 1 x 3.6 us = 3.6 us
RMS_NORM_MUL RMS_NORM(5120,5,1,1): 5 x 9.2 us = 46 us
ROPE: 2 x 3.62 us = 7.24 us
SET_ROWS: 2 x 2.7 us = 5.4 us
SIGMOID_MUL SIGMOID: 1 x 1.72 us = 1.72 us
Total time: 985.87 us.
----------------
Vulkan Timings:
CONCAT: 1 x 3.68 us = 3.68 us
CONT: 1 x 3.52 us = 3.52 us
FLASH_ATTN_EXT dst(256,24,1,1),  q(256,1,24,1),  k(256,256,4,1),  v(256,256,4,1),  m(256,1,1,1): 1 x 15.28 us = 15.28 us (411.745 GFLOPS/s)
GET_ROWS: 2 x 8.58 us = 17.16 us
GLU: 1 x 2.48 us = 2.48 us
MUL_MAT f32 m=256 n=24 k=256: 1 x 2.08 us = 2.08 us (1509.42 GFLOPS/s)
MUL_MAT f32 m=64 n=16 k=64: 1 x 1.8 us = 1.8 us (72.2489 GFLOPS/s)
MUL_MAT f32 m=64 n=96 k=64: 1 x 3.24 us = 3.24 us (240.83 GFLOPS/s)
MUL_MAT_ADD MUL_MAT_VEC q6_K m=5120 n=1 k=17408: 1 x 129.16 us = 129.16 us (1380.09 GFLOPS/s)
MUL_MAT_ADD MUL_MAT_VEC q6_K m=5120 n=1 k=6144: 1 x 53.04 us = 53.04 us (1186.08 GFLOPS/s)
MUL_MAT_VEC f32 m=256 n=4 k=256: 1 x 0.72 us = 0.72 us (726.756 GFLOPS/s)
MUL_MAT_VEC q6_K m=1024 n=1 k=5120: 2 x 9.4 us = 18.8 us (1115.4 GFLOPS/s)
MUL_MAT_VEC q6_K m=12288 n=1 k=5120: 1 x 89.16 us = 89.16 us (1411.14 GFLOPS/s)
MUL_MAT_VEC q6_K m=17408 n=1 k=5120: 2 x 117.88 us = 235.76 us (1512.05 GFLOPS/s)
MUL_MAT_VEC q6_K m=98304 n=1 k=5120: 1 x 692.63 us = 692.63 us (1453.21 GFLOPS/s)
MUL_MAT_VEC q8_0 m=5120 n=1 k=10240: 1 x 92.96 us = 92.96 us (1127.93 GFLOPS/s)
PAD: 1 x 6.16 us = 6.16 us
RMS_NORM_MUL RMS_NORM(256,24,1,1): 1 x 3.68 us = 3.68 us
RMS_NORM_MUL RMS_NORM(256,4,1,1): 1 x 4.84 us = 4.84 us
RMS_NORM_MUL RMS_NORM(5120,1,1,1): 5 x 4.248 us = 21.24 us
ROPE: 2 x 3.38 us = 6.76 us
SET_ROWS: 2 x 2.96 us = 5.92 us
SIGMOID_MUL SIGMOID: 1 x 1.84 us = 1.84 us
TOP_K K=10 (98304,1,1,1): 1 x 8.84 us = 8.84 us
Total time: 1420.75 us.
----------------
Vulkan Timings:
CONCAT: 1 x 4.08 us = 4.08 us
CONT: 1 x 3.6 us = 3.6 us
FLASH_ATTN_EXT dst(256,24,1,1),  q(256,1,24,1),  k(256,256,4,1),  v(256,256,4,1),  m(256,1,1,1): 1 x 15.16 us = 15.16 us (415.004 GFLOPS/s)
GET_ROWS: 2 x 4.3 us = 8.6 us
GLU: 1 x 2.2 us = 2.2 us
MUL_MAT f32 m=256 n=24 k=256: 1 x 1.68 us = 1.68 us (1868.8 GFLOPS/s)
MUL_MAT f32 m=64 n=16 k=64: 1 x 3.84 us = 3.84 us (33.8667 GFLOPS/s)
MUL_MAT f32 m=64 n=96 k=64: 1 x 3.6 us = 3.6 us (216.747 GFLOPS/s)
MUL_MAT_ADD MUL_MAT_VEC q6_K m=5120 n=1 k=17408: 1 x 122.64 us = 122.64 us (1453.46 GFLOPS/s)
MUL_MAT_ADD MUL_MAT_VEC q6_K m=5120 n=1 k=6144: 1 x 53.44 us = 53.44 us (1177.2 GFLOPS/s)
MUL_MAT_VEC f32 m=256 n=4 k=256: 1 x 3.04 us = 3.04 us (172.126 GFLOPS/s)
MUL_MAT_VEC q6_K m=1024 n=1 k=5120: 2 x 9.1 us = 18.2 us (1152.17 GFLOPS/s)
MUL_MAT_VEC q6_K m=12288 n=1 k=5120: 1 x 85.52 us = 85.52 us (1471.2 GFLOPS/s)
MUL_MAT_VEC q6_K m=17408 n=1 k=5120: 2 x 120.86 us = 241.72 us (1474.77 GFLOPS/s)
MUL_MAT_VEC q6_K m=98304 n=1 k=5120: 1 x 678.31 us = 678.31 us (1483.89 GFLOPS/s)
MUL_MAT_VEC q8_0 m=5120 n=1 k=10240: 1 x 105.16 us = 105.16 us (997.076 GFLOPS/s)
PAD: 1 x 6.4 us = 6.4 us
RMS_NORM_MUL RMS_NORM(256,24,1,1): 1 x 3.6 us = 3.6 us
RMS_NORM_MUL RMS_NORM(256,4,1,1): 1 x 3.64 us = 3.64 us
RMS_NORM_MUL RMS_NORM(5120,1,1,1): 5 x 3.856 us = 19.28 us
ROPE: 2 x 3.64 us = 7.28 us
SET_ROWS: 2 x 1.8 us = 3.6 us
SIGMOID_MUL SIGMOID: 1 x 2.6 us = 2.6 us
TOP_K K=10 (98304,1,1,1): 1 x 8.84 us = 8.84 us
Total time: 1406.03 us.
----------------
Vulkan Timings:
CONCAT: 1 x 3.88 us = 3.88 us
CONT: 1 x 3.6 us = 3.6 us
FLASH_ATTN_EXT dst(256,24,1,1),  q(256,1,24,1),  k(256,256,4,1),  v(256,256,4,1),  m(256,1,1,1): 1 x 15.52 us = 15.52 us (405.377 GFLOPS/s)
GET_ROWS: 2 x 5.58 us = 11.16 us
GLU: 1 x 1.72 us = 1.72 us
MUL_MAT f32 m=256 n=24 k=256: 1 x 2.24 us = 2.24 us (1401.6 GFLOPS/s)
MUL_MAT f32 m=64 n=16 k=64: 1 x 3.6 us = 3.6 us (36.1244 GFLOPS/s)
MUL_MAT f32 m=64 n=96 k=64: 1 x 3.64 us = 3.64 us (214.365 GFLOPS/s)
MUL_MAT_ADD MUL_MAT_VEC q6_K m=5120 n=1 k=17408: 1 x 123.72 us = 123.72 us (1440.78 GFLOPS/s)
MUL_MAT_ADD MUL_MAT_VEC q6_K m=5120 n=1 k=6144: 1 x 53.08 us = 53.08 us (1185.18 GFLOPS/s)
MUL_MAT_VEC f32 m=256 n=4 k=256: 1 x 0.72 us = 0.72 us (726.756 GFLOPS/s)
MUL_MAT_VEC q6_K m=1024 n=1 k=5120: 2 x 9.04 us = 18.08 us (1159.82 GFLOPS/s)
MUL_MAT_VEC q6_K m=12288 n=1 k=5120: 1 x 84.56 us = 84.56 us (1487.9 GFLOPS/s)
MUL_MAT_VEC q6_K m=17408 n=1 k=5120: 2 x 121.44 us = 242.88 us (1467.72 GFLOPS/s)
MUL_MAT_VEC q6_K m=98304 n=1 k=5120: 1 x 695.04 us = 695.04 us (1448.17 GFLOPS/s)
MUL_MAT_VEC q8_0 m=5120 n=1 k=10240: 1 x 110.92 us = 110.92 us (945.298 GFLOPS/s)
PAD: 1 x 6 us = 6 us
RMS_NORM_MUL RMS_NORM(256,24,1,1): 1 x 3.64 us = 3.64 us
RMS_NORM_MUL RMS_NORM(256,4,1,1): 1 x 3.56 us = 3.56 us
RMS_NORM_MUL RMS_NORM(5120,1,1,1): 5 x 3.92 us = 19.6 us
ROPE: 2 x 3.6 us = 7.2 us
SET_ROWS: 2 x 2.92 us = 5.84 us
SIGMOID_MUL SIGMOID: 1 x 2.64 us = 2.64 us
TOP_K K=10 (98304,1,1,1): 1 x 9.08 us = 9.08 us
Total time: 1431.92 us.
----------------
Vulkan Timings:
CONCAT: 1 x 2.12 us = 2.12 us
CONT: 1 x 3.8 us = 3.8 us
FLASH_ATTN_EXT dst(256,24,1,1),  q(256,1,24,1),  k(256,256,4,1),  v(256,256,4,1),  m(256,1,1,1): 1 x 16.6 us = 16.6 us (379.003 GFLOPS/s)
GET_ROWS: 2 x 6.4 us = 12.8 us
GLU: 1 x 2.72 us = 2.72 us
MUL_MAT f32 m=256 n=24 k=256: 1 x 2.44 us = 2.44 us (1286.71 GFLOPS/s)
MUL_MAT f32 m=64 n=16 k=64: 1 x 1.96 us = 1.96 us (66.351 GFLOPS/s)
MUL_MAT f32 m=64 n=96 k=64: 1 x 3.52 us = 3.52 us (221.673 GFLOPS/s)
MUL_MAT_ADD MUL_MAT_VEC q6_K m=5120 n=1 k=17408: 1 x 124.04 us = 124.04 us (1437.06 GFLOPS/s)
MUL_MAT_ADD MUL_MAT_VEC q6_K m=5120 n=1 k=6144: 1 x 56.28 us = 56.28 us (1117.79 GFLOPS/s)
MUL_MAT_VEC f32 m=256 n=4 k=256: 1 x 0.56 us = 0.56 us (934.4 GFLOPS/s)
MUL_MAT_VEC q6_K m=1024 n=1 k=5120: 2 x 9.48 us = 18.96 us (1105.98 GFLOPS/s)
MUL_MAT_VEC q6_K m=12288 n=1 k=5120: 1 x 85.6 us = 85.6 us (1469.82 GFLOPS/s)
MUL_MAT_VEC q6_K m=17408 n=1 k=5120: 2 x 122.4 us = 244.8 us (1456.21 GFLOPS/s)
MUL_MAT_VEC q6_K m=98304 n=1 k=5120: 1 x 684.53 us = 684.53 us (1470.4 GFLOPS/s)
MUL_MAT_VEC q8_0 m=5120 n=1 k=10240: 1 x 109.72 us = 109.72 us (955.637 GFLOPS/s)
PAD: 1 x 7.48 us = 7.48 us
RMS_NORM_MUL RMS_NORM(256,24,1,1): 1 x 3.68 us = 3.68 us
RMS_NORM_MUL RMS_NORM(256,4,1,1): 1 x 5.24 us = 5.24 us
RMS_NORM_MUL RMS_NORM(5120,1,1,1): 5 x 4.696 us = 23.48 us
ROPE: 2 x 3.6 us = 7.2 us
SET_ROWS: 2 x 3.2 us = 6.4 us
SIGMOID_MUL SIGMOID: 1 x 1.68 us = 1.68 us
TOP_K K=10 (98304,1,1,1): 1 x 10.76 us = 10.76 us
Total time: 1436.37 us.
----------------
Vulkan Timings:
ADD: 48 x 3.865 us = 185.56 us
CONCAT: 48 x 3.089 us = 148.28 us
CONT: 16 x 4.395 us = 70.32 us
CPY: 240 x 2.753 us = 660.84 us
FLASH_ATTN_EXT dst(256,24,5,1),  q(256,5,24,1),  k(256,256,4,1),  v(256,256,4,1),  m(256,5,1,1): 16 x 24.425 us = 390.8 us (1287.91 GFLOPS/s)
GDN_CACHE GATED_DELTA_NET: 48 x 14.189 us = 681.08 us
GET_ROWS: 50 x 26.735 us = 1336.76 us
GLU: 64 x 3.188 us = 204.08 us
MUL_MAT f32 m=256 n=120 k=256: 16 x 2.14 us = 34.24 us (7335.48 GFLOPS/s)
MUL_MAT f32 m=256 n=20 k=256: 16 x 2.995 us = 47.92 us (873.563 GFLOPS/s)
MUL_MAT f32 m=64 n=480 k=64: 16 x 4.462 us = 71.4 us (874.272 GFLOPS/s)
MUL_MAT f32 m=64 n=80 k=64: 16 x 3.835 us = 61.36 us (169.554 GFLOPS/s)
MUL_MAT_ADD MUL_MAT_VEC q6_K m=5120 n=5 k=17408: 64 x 152.325 us = 9748.8 us (5851.07 GFLOPS/s)
MUL_MAT_ADD MUL_MAT_VEC q6_K m=5120 n=5 k=6144: 16 x 66.287 us = 1060.6 us (4745.2 GFLOPS/s)
MUL_MAT_VEC f32 m=48 n=5 k=5120: 96 x 4.871 us = 467.64 us (504.462 GFLOPS/s)
MUL_MAT_VEC q6_K m=1024 n=5 k=5120: 32 x 11.837 us = 378.8 us (4428.61 GFLOPS/s)
MUL_MAT_VEC q6_K m=10240 n=5 k=5120: 48 x 106.535 us = 5113.68 us (4920.79 GFLOPS/s)
MUL_MAT_VEC q6_K m=12288 n=5 k=5120: 16 x 134.235 us = 2147.76 us (4686.44 GFLOPS/s)
MUL_MAT_VEC q6_K m=17408 n=5 k=5120: 128 x 179.697 us = 23001.2 us (4959.47 GFLOPS/s)
MUL_MAT_VEC q6_K m=248320 n=5 k=5120: 1 x 1953.8 us = 1953.8 us (6506.68 GFLOPS/s)
MUL_MAT_VEC q6_K m=6144 n=5 k=5120: 48 x 70.41 us = 3379.72 us (4467.24 GFLOPS/s)
MUL_MAT_VEC q8_0 m=5120 n=5 k=6144: 48 x 64.977 us = 3118.92 us (4840.86 GFLOPS/s)
RMS_NORM_MUL RMS_NORM(256,24,5,1): 16 x 4.017 us = 64.28 us
RMS_NORM_MUL RMS_NORM(256,4,5,1): 16 x 5.02 us = 80.32 us
RMS_NORM_MUL RMS_NORM(5120,5,1,1): 129 x 5.41 us = 697.92 us
RMS_NORM_MUL_SILU_MUL RMS_NORM(128,48,5,1): 48 x 6.524 us = 313.16 us
RMS_NORM_SCALE RMS_NORM(128,16,5,1): 96 x 2.374 us = 227.92 us
ROPE: 32 x 4.673 us = 149.56 us
SET_ROWS: 32 x 3.326 us = 106.44 us
SIGMOID_MUL SIGMOID: 16 x 4.277 us = 68.44 us
SSM_CONV_SILU SSM_CONV: 48 x 6.057 us = 290.76 us
Total time: 56262.4 us.
----------------
Vulkan Timings:
CONCAT: 1 x 4 us = 4 us
CONT: 1 x 3.64 us = 3.64 us
FLASH_ATTN_EXT dst(256,24,5,1),  q(256,5,24,1),  k(256,256,4,1),  v(256,256,4,1),  m(256,5,1,1): 1 x 21.64 us = 21.64 us (1453.66 GFLOPS/s)
GLU: 1 x 1.72 us = 1.72 us
MUL_MAT f32 m=256 n=120 k=256: 1 x 1.72 us = 1.72 us (9126.7 GFLOPS/s)
MUL_MAT f32 m=256 n=20 k=256: 1 x 3.04 us = 3.04 us (860.632 GFLOPS/s)
MUL_MAT f32 m=64 n=480 k=64: 1 x 3.64 us = 3.64 us (1071.82 GFLOPS/s)
MUL_MAT f32 m=64 n=80 k=64: 1 x 3.64 us = 3.64 us (178.637 GFLOPS/s)
MUL_MAT_ADD MUL_MAT_VEC q6_K m=5120 n=5 k=17408: 1 x 175.25 us = 175.25 us (5085.67 GFLOPS/s)
MUL_MAT_ADD MUL_MAT_VEC q6_K m=5120 n=5 k=6144: 1 x 69.72 us = 69.72 us (4511.58 GFLOPS/s)
MUL_MAT_VEC q6_K m=1024 n=5 k=5120: 2 x 12.72 us = 25.44 us (4121.36 GFLOPS/s)
MUL_MAT_VEC q6_K m=12288 n=5 k=5120: 1 x 150.42 us = 150.42 us (4182.18 GFLOPS/s)
MUL_MAT_VEC q6_K m=17408 n=5 k=5120: 2 x 157.4 us = 314.8 us (5662.02 GFLOPS/s)
MUL_MAT_VEC q8_0 m=5120 n=5 k=10240: 1 x 105.48 us = 105.48 us (4970.25 GFLOPS/s)
RMS_NORM_MUL RMS_NORM(256,24,5,1): 1 x 3.72 us = 3.72 us
RMS_NORM_MUL RMS_NORM(256,4,5,1): 1 x 3.64 us = 3.64 us
RMS_NORM_MUL RMS_NORM(5120,5,1,1): 5 x 8.872 us = 44.36 us
ROPE: 2 x 3.62 us = 7.24 us
SET_ROWS: 2 x 1.84 us = 3.68 us
SIGMOID_MUL SIGMOID: 1 x 1.92 us = 1.92 us
Total time: 948.71 us.
----------------
Vulkan Timings:
CONCAT: 1 x 3.88 us = 3.88 us
CONT: 1 x 3.52 us = 3.52 us
FLASH_ATTN_EXT dst(256,24,1,1),  q(256,1,24,1),  k(256,256,4,1),  v(256,256,4,1),  m(256,1,1,1): 1 x 12.64 us = 12.64 us (497.742 GFLOPS/s)
GET_ROWS: 2 x 4.36 us = 8.72 us
GLU: 1 x 1.72 us = 1.72 us
MUL_MAT f32 m=256 n=24 k=256: 1 x 1.64 us = 1.64 us (1914.38 GFLOPS/s)
MUL_MAT f32 m=64 n=16 k=64: 1 x 1.84 us = 1.84 us (70.6783 GFLOPS/s)
MUL_MAT f32 m=64 n=96 k=64: 1 x 3.2 us = 3.2 us (243.84 GFLOPS/s)
MUL_MAT_ADD MUL_MAT_VEC q6_K m=5120 n=1 k=17408: 1 x 130.2 us = 130.2 us (1369.07 GFLOPS/s)
MUL_MAT_ADD MUL_MAT_VEC q6_K m=5120 n=1 k=6144: 1 x 53.96 us = 53.96 us (1165.85 GFLOPS/s)
MUL_MAT_VEC f32 m=256 n=4 k=256: 1 x 3.04 us = 3.04 us (172.126 GFLOPS/s)
MUL_MAT_VEC q6_K m=1024 n=1 k=5120: 2 x 9.52 us = 19.04 us (1101.34 GFLOPS/s)
MUL_MAT_VEC q6_K m=12288 n=1 k=5120: 1 x 88.76 us = 88.76 us (1417.49 GFLOPS/s)
MUL_MAT_VEC q6_K m=17408 n=1 k=5120: 2 x 117.82 us = 235.64 us (1512.82 GFLOPS/s)
MUL_MAT_VEC q6_K m=98304 n=1 k=5120: 1 x 677.46 us = 677.46 us (1485.75 GFLOPS/s)
MUL_MAT_VEC q8_0 m=5120 n=1 k=10240: 1 x 92.08 us = 92.08 us (1138.71 GFLOPS/s)
PAD: 1 x 6.4 us = 6.4 us
RMS_NORM_MUL RMS_NORM(256,24,1,1): 1 x 3.24 us = 3.24 us
RMS_NORM_MUL RMS_NORM(256,4,1,1): 1 x 4.84 us = 4.84 us
RMS_NORM_MUL RMS_NORM(5120,1,1,1): 5 x 4.464 us = 22.32 us
ROPE: 2 x 3.34 us = 6.68 us
SET_ROWS: 2 x 2.58 us = 5.16 us
SIGMOID_MUL SIGMOID: 1 x 1.56 us = 1.56 us
TOP_K K=10 (98304,1,1,1): 1 x 8.84 us = 8.84 us
Total time: 1396.38 us.
----------------
Vulkan Timings:
CONCAT: 1 x 3.8 us = 3.8 us
CONT: 1 x 3.68 us = 3.68 us
FLASH_ATTN_EXT dst(256,24,1,1),  q(256,1,24,1),  k(256,256,4,1),  v(256,256,4,1),  m(256,1,1,1): 1 x 13.08 us = 13.08 us (480.998 GFLOPS/s)
GET_ROWS: 2 x 4.46 us = 8.92 us
GLU: 1 x 1.76 us = 1.76 us
MUL_MAT f32 m=256 n=24 k=256: 1 x 1.6 us = 1.6 us (1962.24 GFLOPS/s)
MUL_MAT f32 m=64 n=16 k=64: 1 x 3.64 us = 3.64 us (35.7275 GFLOPS/s)
MUL_MAT f32 m=64 n=96 k=64: 1 x 3.64 us = 3.64 us (214.365 GFLOPS/s)
MUL_MAT_ADD MUL_MAT_VEC q6_K m=5120 n=1 k=17408: 1 x 124.48 us = 124.48 us (1431.98 GFLOPS/s)
MUL_MAT_ADD MUL_MAT_VEC q6_K m=5120 n=1 k=6144: 1 x 54.04 us = 54.04 us (1164.13 GFLOPS/s)
MUL_MAT_VEC f32 m=256 n=4 k=256: 1 x 3.08 us = 3.08 us (169.891 GFLOPS/s)
MUL_MAT_VEC q6_K m=1024 n=1 k=5120: 2 x 9.1 us = 18.2 us (1152.17 GFLOPS/s)
MUL_MAT_VEC q6_K m=12288 n=1 k=5120: 1 x 85.32 us = 85.32 us (1474.65 GFLOPS/s)
MUL_MAT_VEC q6_K m=17408 n=1 k=5120: 2 x 121.2 us = 242.4 us (1470.63 GFLOPS/s)
MUL_MAT_VEC q6_K m=98304 n=1 k=5120: 1 x 678.35 us = 678.35 us (1483.8 GFLOPS/s)
MUL_MAT_VEC q8_0 m=5120 n=1 k=10240: 1 x 100.76 us = 100.76 us (1040.62 GFLOPS/s)
PAD: 1 x 6.4 us = 6.4 us
RMS_NORM_MUL RMS_NORM(256,24,1,1): 1 x 3.64 us = 3.64 us
RMS_NORM_MUL RMS_NORM(256,4,1,1): 1 x 3.64 us = 3.64 us
RMS_NORM_MUL RMS_NORM(5120,1,1,1): 5 x 3.76 us = 18.8 us
ROPE: 2 x 3.62 us = 7.24 us
SET_ROWS: 2 x 2.64 us = 5.28 us
SIGMOID_MUL SIGMOID: 1 x 1.96 us = 1.96 us
TOP_K K=10 (98304,1,1,1): 1 x 9.32 us = 9.32 us
Total time: 1403.03 us.
----------------
Vulkan Timings:
CONCAT: 1 x 4.28 us = 4.28 us
CONT: 1 x 4.12 us = 4.12 us
FLASH_ATTN_EXT dst(256,24,1,1),  q(256,1,24,1),  k(256,256,4,1),  v(256,256,4,1),  m(256,1,1,1): 1 x 14.56 us = 14.56 us (432.105 GFLOPS/s)
GET_ROWS: 2 x 7.24 us = 14.48 us
GLU: 1 x 2.56 us = 2.56 us
MUL_MAT f32 m=256 n=24 k=256: 1 x 1.84 us = 1.84 us (1706.3 GFLOPS/s)
MUL_MAT f32 m=64 n=16 k=64: 1 x 4.12 us = 4.12 us (31.565 GFLOPS/s)
MUL_MAT f32 m=64 n=96 k=64: 1 x 4.08 us = 4.08 us (191.247 GFLOPS/s)
MUL_MAT_ADD MUL_MAT_VEC q6_K m=5120 n=1 k=17408: 1 x 125.72 us = 125.72 us (1417.86 GFLOPS/s)
MUL_MAT_ADD MUL_MAT_VEC q6_K m=5120 n=1 k=6144: 1 x 55.68 us = 55.68 us (1129.84 GFLOPS/s)
MUL_MAT_VEC f32 m=256 n=4 k=256: 1 x 3.44 us = 3.44 us (152.112 GFLOPS/s)
MUL_MAT_VEC q6_K m=1024 n=1 k=5120: 2 x 9.64 us = 19.28 us (1087.63 GFLOPS/s)
MUL_MAT_VEC q6_K m=12288 n=1 k=5120: 1 x 86.72 us = 86.72 us (1450.84 GFLOPS/s)
MUL_MAT_VEC q6_K m=17408 n=1 k=5120: 2 x 122.38 us = 244.76 us (1456.45 GFLOPS/s)
MUL_MAT_VEC q6_K m=98304 n=1 k=5120: 1 x 678.29 us = 678.29 us (1483.93 GFLOPS/s)
MUL_MAT_VEC q8_0 m=5120 n=1 k=10240: 1 x 103.04 us = 103.04 us (1017.59 GFLOPS/s)
PAD: 1 x 8.64 us = 8.64 us
RMS_NORM_MUL RMS_NORM(256,24,1,1): 1 x 4.08 us = 4.08 us
RMS_NORM_MUL RMS_NORM(256,4,1,1): 1 x 4.08 us = 4.08 us
RMS_NORM_MUL RMS_NORM(5120,1,1,1): 5 x 4.312 us = 21.56 us
ROPE: 2 x 4.06 us = 8.12 us
SET_ROWS: 2 x 2.98 us = 5.96 us
SIGMOID_MUL SIGMOID: 1 x 1.84 us = 1.84 us
TOP_K K=10 (98304,1,1,1): 1 x 11.88 us = 11.88 us
Total time: 1433.13 us.
----------------
Vulkan Timings:
CONCAT: 1 x 2.6 us = 2.6 us
CONT: 1 x 8.8 us = 8.8 us
FLASH_ATTN_EXT dst(256,24,1,1),  q(256,1,24,1),  k(256,256,4,1),  v(256,256,4,1),  m(256,1,1,1): 1 x 16.52 us = 16.52 us (380.839 GFLOPS/s)
GET_ROWS: 2 x 7.02 us = 14.04 us
GLU: 1 x 2.44 us = 2.44 us
MUL_MAT f32 m=256 n=24 k=256: 1 x 2.64 us = 2.64 us (1189.24 GFLOPS/s)
MUL_MAT f32 m=64 n=16 k=64: 1 x 5.88 us = 5.88 us (22.117 GFLOPS/s)
MUL_MAT f32 m=64 n=96 k=64: 1 x 5.88 us = 5.88 us (132.702 GFLOPS/s)
MUL_MAT_ADD MUL_MAT_VEC q6_K m=5120 n=1 k=17408: 1 x 129.84 us = 129.84 us (1372.87 GFLOPS/s)
MUL_MAT_ADD MUL_MAT_VEC q6_K m=5120 n=1 k=6144: 1 x 61.44 us = 61.44 us (1023.92 GFLOPS/s)
MUL_MAT_VEC f32 m=256 n=4 k=256: 1 x 5.12 us = 5.12 us (102.2 GFLOPS/s)
MUL_MAT_VEC q6_K m=1024 n=1 k=5120: 2 x 10.98 us = 21.96 us (954.894 GFLOPS/s)
MUL_MAT_VEC q6_K m=12288 n=1 k=5120: 1 x 88.44 us = 88.44 us (1422.62 GFLOPS/s)
MUL_MAT_VEC q6_K m=17408 n=1 k=5120: 2 x 126.14 us = 252.28 us (1413.04 GFLOPS/s)
MUL_MAT_VEC q6_K m=98304 n=1 k=5120: 1 x 684.81 us = 684.81 us (1469.8 GFLOPS/s)
MUL_MAT_VEC q8_0 m=5120 n=1 k=10240: 1 x 111.68 us = 111.68 us (938.865 GFLOPS/s)
PAD: 1 x 10.56 us = 10.56 us
RMS_NORM_MUL RMS_NORM(256,24,1,1): 1 x 2.28 us = 2.28 us
RMS_NORM_MUL RMS_NORM(256,4,1,1): 1 x 5.88 us = 5.88 us
RMS_NORM_MUL RMS_NORM(5120,1,1,1): 5 x 6.464 us = 32.32 us
ROPE: 2 x 7.3 us = 14.6 us
SET_ROWS: 2 x 4.32 us = 8.64 us
SIGMOID_MUL SIGMOID: 1 x 2.68 us = 2.68 us
TOP_K K=10 (98304,1,1,1): 1 x 15.72 us = 15.72 us
Total time: 1507.05 us.
----------------
Vulkan Timings:
ADD: 48 x 3.825 us = 183.6 us
CONCAT: 48 x 3.208 us = 154 us
CONT: 16 x 4.205 us = 67.28 us
CPY: 240 x 2.71 us = 650.6 us
FLASH_ATTN_EXT dst(256,24,5,1),  q(256,5,24,1),  k(256,256,4,1),  v(256,256,4,1),  m(256,5,1,1): 16 x 24.487 us = 391.8 us (1284.63 GFLOPS/s)
GDN_CACHE GATED_DELTA_NET: 48 x 14.075 us = 675.64 us
GET_ROWS: 50 x 26.577 us = 1328.88 us
GLU: 64 x 3.445 us = 220.48 us
MUL_MAT f32 m=256 n=120 k=256: 16 x 2.365 us = 37.84 us (6637.6 GFLOPS/s)
MUL_MAT f32 m=256 n=20 k=256: 16 x 2.77 us = 44.32 us (944.52 GFLOPS/s)
MUL_MAT f32 m=64 n=480 k=64: 16 x 4.697 us = 75.16 us (830.535 GFLOPS/s)
MUL_MAT f32 m=64 n=80 k=64: 16 x 3.782 us = 60.52 us (171.907 GFLOPS/s)
MUL_MAT_ADD MUL_MAT_VEC q6_K m=5120 n=5 k=17408: 64 x 152.294 us = 9746.85 us (5852.24 GFLOPS/s)
MUL_MAT_ADD MUL_MAT_VEC q6_K m=5120 n=5 k=6144: 16 x 66.865 us = 1069.84 us (4704.21 GFLOPS/s)
MUL_MAT_VEC f32 m=48 n=5 k=5120: 96 x 4.831 us = 463.84 us (508.595 GFLOPS/s)
MUL_MAT_VEC q6_K m=1024 n=5 k=5120: 32 x 11.673 us = 373.56 us (4490.73 GFLOPS/s)
MUL_MAT_VEC q6_K m=10240 n=5 k=5120: 48 x 106.888 us = 5130.64 us (4904.53 GFLOPS/s)
MUL_MAT_VEC q6_K m=12288 n=5 k=5120: 16 x 134.452 us = 2151.24 us (4678.86 GFLOPS/s)
MUL_MAT_VEC q6_K m=17408 n=5 k=5120: 128 x 179.988 us = 23038.5 us (4951.45 GFLOPS/s)
MUL_MAT_VEC q6_K m=248320 n=5 k=5120: 1 x 1969.16 us = 1969.16 us (6455.92 GFLOPS/s)
MUL_MAT_VEC q6_K m=6144 n=5 k=5120: 48 x 70.81 us = 3398.88 us (4442.06 GFLOPS/s)
MUL_MAT_VEC q8_0 m=5120 n=5 k=6144: 48 x 65.498 us = 3143.92 us (4802.37 GFLOPS/s)
RMS_NORM_MUL RMS_NORM(256,24,5,1): 16 x 3.46 us = 55.36 us
RMS_NORM_MUL RMS_NORM(256,4,5,1): 16 x 4.982 us = 79.72 us
RMS_NORM_MUL RMS_NORM(5120,5,1,1): 129 x 5.581 us = 719.96 us
RMS_NORM_MUL_SILU_MUL RMS_NORM(128,48,5,1): 48 x 6.295 us = 302.2 us
RMS_NORM_SCALE RMS_NORM(128,16,5,1): 96 x 2.539 us = 243.8 us
ROPE: 32 x 4.896 us = 156.68 us
SET_ROWS: 32 x 3.448 us = 110.36 us
SIGMOID_MUL SIGMOID: 16 x 4.265 us = 68.24 us
SSM_CONV_SILU SSM_CONV: 48 x 6.36 us = 305.32 us
Total time: 56418.2 us.
----------------
Vulkan Timings:
CONCAT: 1 x 3.96 us = 3.96 us
CONT: 1 x 3.64 us = 3.64 us
FLASH_ATTN_EXT dst(256,24,5,1),  q(256,5,24,1),  k(256,256,4,1),  v(256,256,4,1),  m(256,5,1,1): 1 x 21.32 us = 21.32 us (1475.48 GFLOPS/s)
GLU: 1 x 1.8 us = 1.8 us
MUL_MAT f32 m=256 n=120 k=256: 1 x 2.16 us = 2.16 us (7267.56 GFLOPS/s)
MUL_MAT f32 m=256 n=20 k=256: 1 x 0.76 us = 0.76 us (3442.53 GFLOPS/s)
MUL_MAT f32 m=64 n=480 k=64: 1 x 3.68 us = 3.68 us (1060.17 GFLOPS/s)
MUL_MAT f32 m=64 n=80 k=64: 1 x 3.6 us = 3.6 us (180.622 GFLOPS/s)
MUL_MAT_ADD MUL_MAT_VEC q6_K m=5120 n=5 k=17408: 1 x 174.64 us = 174.64 us (5103.44 GFLOPS/s)
MUL_MAT_ADD MUL_MAT_VEC q6_K m=5120 n=5 k=6144: 1 x 70.64 us = 70.64 us (4452.82 GFLOPS/s)
MUL_MAT_VEC q6_K m=1024 n=5 k=5120: 2 x 12.32 us = 24.64 us (4255.17 GFLOPS/s)
MUL_MAT_VEC q6_K m=12288 n=5 k=5120: 1 x 146.87 us = 146.87 us (4283.27 GFLOPS/s)
MUL_MAT_VEC q6_K m=17408 n=5 k=5120: 2 x 157.66 us = 315.32 us (5652.69 GFLOPS/s)
MUL_MAT_VEC q8_0 m=5120 n=5 k=10240: 1 x 105 us = 105 us (4992.98 GFLOPS/s)
RMS_NORM_MUL RMS_NORM(256,24,5,1): 1 x 3.8 us = 3.8 us
RMS_NORM_MUL RMS_NORM(256,4,5,1): 1 x 3.6 us = 3.6 us
RMS_NORM_MUL RMS_NORM(5120,5,1,1): 5 x 8.19 us = 40.95 us
ROPE: 2 x 3.62 us = 7.24 us
SET_ROWS: 2 x 2.82 us = 5.64 us
SIGMOID_MUL SIGMOID: 1 x 1.72 us = 1.72 us
Total time: 940.98 us.
----------------
Vulkan Timings:
CONCAT: 1 x 3.92 us = 3.92 us
CONT: 1 x 3.52 us = 3.52 us
FLASH_ATTN_EXT dst(256,24,1,1),  q(256,1,24,1),  k(256,256,4,1),  v(256,256,4,1),  m(256,1,1,1): 1 x 12.56 us = 12.56 us (500.912 GFLOPS/s)
GET_ROWS: 2 x 4.26 us = 8.52 us
GLU: 1 x 1.92 us = 1.92 us
MUL_MAT f32 m=256 n=24 k=256: 1 x 2.12 us = 2.12 us (1480.94 GFLOPS/s)
MUL_MAT f32 m=64 n=16 k=64: 1 x 1.8 us = 1.8 us (72.2489 GFLOPS/s)
MUL_MAT f32 m=64 n=96 k=64: 1 x 3.2 us = 3.2 us (243.84 GFLOPS/s)
MUL_MAT_ADD MUL_MAT_VEC q6_K m=5120 n=1 k=17408: 1 x 130.6 us = 130.6 us (1364.88 GFLOPS/s)
MUL_MAT_ADD MUL_MAT_VEC q6_K m=5120 n=1 k=6144: 1 x 54 us = 54 us (1164.99 GFLOPS/s)
MUL_MAT_VEC f32 m=256 n=4 k=256: 1 x 0.72 us = 0.72 us (726.756 GFLOPS/s)
MUL_MAT_VEC q6_K m=1024 n=1 k=5120: 2 x 6.18 us = 12.36 us (1696.56 GFLOPS/s)
MUL_MAT_VEC q6_K m=12288 n=1 k=5120: 1 x 97.56 us = 97.56 us (1289.64 GFLOPS/s)
MUL_MAT_VEC q6_K m=17408 n=1 k=5120: 2 x 118.2 us = 236.4 us (1507.96 GFLOPS/s)
MUL_MAT_VEC q6_K m=98304 n=1 k=5120: 1 x 676.18 us = 676.18 us (1488.56 GFLOPS/s)
MUL_MAT_VEC q8_0 m=5120 n=1 k=10240: 1 x 92.24 us = 92.24 us (1136.74 GFLOPS/s)
PAD: 1 x 6.44 us = 6.44 us
RMS_NORM_MUL RMS_NORM(256,24,1,1): 1 x 3.24 us = 3.24 us
RMS_NORM_MUL RMS_NORM(256,4,1,1): 1 x 4.84 us = 4.84 us
RMS_NORM_MUL RMS_NORM(5120,1,1,1): 5 x 4.392 us = 21.96 us
ROPE: 2 x 3.38 us = 6.76 us
SET_ROWS: 2 x 3.72 us = 7.44 us
SIGMOID_MUL SIGMOID: 1 x 1.6 us = 1.6 us
TOP_K K=10 (98304,1,1,1): 1 x 8.4 us = 8.4 us
Total time: 1398.3 us.
----------------
Vulkan Timings:
CONCAT: 1 x 4.04 us = 4.04 us
CONT: 1 x 3.64 us = 3.64 us
FLASH_ATTN_EXT dst(256,24,1,1),  q(256,1,24,1),  k(256,256,4,1),  v(256,256,4,1),  m(256,1,1,1): 1 x 14.76 us = 14.76 us (426.25 GFLOPS/s)
GET_ROWS: 2 x 4.56 us = 9.12 us
GLU: 1 x 1.88 us = 1.88 us
MUL_MAT f32 m=256 n=24 k=256: 1 x 2.24 us = 2.24 us (1401.6 GFLOPS/s)
MUL_MAT f32 m=64 n=16 k=64: 1 x 3.56 us = 3.56 us (36.5303 GFLOPS/s)
MUL_MAT f32 m=64 n=96 k=64: 1 x 3.64 us = 3.64 us (214.365 GFLOPS/s)
MUL_MAT_ADD MUL_MAT_VEC q6_K m=5120 n=1 k=17408: 1 x 123.12 us = 123.12 us (1447.8 GFLOPS/s)
MUL_MAT_ADD MUL_MAT_VEC q6_K m=5120 n=1 k=6144: 1 x 54.24 us = 54.24 us (1159.83 GFLOPS/s)
MUL_MAT_VEC f32 m=256 n=4 k=256: 1 x 0.72 us = 0.72 us (726.756 GFLOPS/s)
MUL_MAT_VEC q6_K m=1024 n=1 k=5120: 2 x 9.28 us = 18.56 us (1129.82 GFLOPS/s)
MUL_MAT_VEC q6_K m=12288 n=1 k=5120: 1 x 85.68 us = 85.68 us (1468.45 GFLOPS/s)
MUL_MAT_VEC q6_K m=17408 n=1 k=5120: 2 x 121 us = 242 us (1473.06 GFLOPS/s)
MUL_MAT_VEC q6_K m=98304 n=1 k=5120: 1 x 677.24 us = 677.24 us (1486.23 GFLOPS/s)
MUL_MAT_VEC q8_0 m=5120 n=1 k=10240: 1 x 102.04 us = 102.04 us (1027.56 GFLOPS/s)
PAD: 1 x 7.24 us = 7.24 us
RMS_NORM_MUL RMS_NORM(256,24,1,1): 1 x 3.6 us = 3.6 us
RMS_NORM_MUL RMS_NORM(256,4,1,1): 1 x 3.56 us = 3.56 us
RMS_NORM_MUL RMS_NORM(5120,1,1,1): 5 x 3.728 us = 18.64 us
ROPE: 2 x 3.6 us = 7.2 us
SET_ROWS: 2 x 2.86 us = 5.72 us
SIGMOID_MUL SIGMOID: 1 x 1.64 us = 1.64 us
TOP_K K=10 (98304,1,1,1): 1 x 9.28 us = 9.28 us
Total time: 1403.36 us.
----------------
Vulkan Timings:
CONCAT: 1 x 2.08 us = 2.08 us
CONT: 1 x 3.96 us = 3.96 us
FLASH_ATTN_EXT dst(256,24,1,1),  q(256,1,24,1),  k(256,256,4,1),  v(256,256,4,1),  m(256,1,1,1): 1 x 14.24 us = 14.24 us (441.816 GFLOPS/s)
GET_ROWS: 2 x 5.08 us = 10.16 us
GLU: 1 x 1.96 us = 1.96 us
MUL_MAT f32 m=256 n=24 k=256: 1 x 1.8 us = 1.8 us (1744.21 GFLOPS/s)
MUL_MAT f32 m=64 n=16 k=64: 1 x 4.04 us = 4.04 us (32.1901 GFLOPS/s)
MUL_MAT f32 m=64 n=96 k=64: 1 x 4 us = 4 us (195.072 GFLOPS/s)
MUL_MAT_ADD MUL_MAT_VEC q6_K m=5120 n=1 k=17408: 1 x 124.36 us = 124.36 us (1433.36 GFLOPS/s)
MUL_MAT_ADD MUL_MAT_VEC q6_K m=5120 n=1 k=6144: 1 x 51.84 us = 51.84 us (1213.53 GFLOPS/s)
MUL_MAT_VEC f32 m=256 n=4 k=256: 1 x 3.36 us = 3.36 us (155.733 GFLOPS/s)
MUL_MAT_VEC q6_K m=1024 n=1 k=5120: 2 x 9.52 us = 19.04 us (1101.34 GFLOPS/s)
MUL_MAT_VEC q6_K m=12288 n=1 k=5120: 1 x 86.48 us = 86.48 us (1454.87 GFLOPS/s)
MUL_MAT_VEC q6_K m=17408 n=1 k=5120: 2 x 121.92 us = 243.84 us (1461.95 GFLOPS/s)
MUL_MAT_VEC q6_K m=98304 n=1 k=5120: 1 x 674.73 us = 674.73 us (1491.76 GFLOPS/s)
MUL_MAT_VEC q8_0 m=5120 n=1 k=10240: 1 x 110.28 us = 110.28 us (950.784 GFLOPS/s)
PAD: 1 x 7.32 us = 7.32 us
RMS_NORM_MUL RMS_NORM(256,24,1,1): 1 x 3.96 us = 3.96 us
RMS_NORM_MUL RMS_NORM(256,4,1,1): 1 x 4 us = 4 us
RMS_NORM_MUL RMS_NORM(5120,1,1,1): 5 x 5.096 us = 25.48 us
ROPE: 2 x 3.96 us = 7.92 us
SET_ROWS: 2 x 2.88 us = 5.76 us
SIGMOID_MUL SIGMOID: 1 x 1.84 us = 1.84 us
TOP_K K=10 (98304,1,1,1): 1 x 9.88 us = 9.88 us
Total time: 1422.33 us.
----------------
Vulkan Timings:
CONCAT: 1 x 4.64 us = 4.64 us
CONT: 1 x 4.68 us = 4.68 us
FLASH_ATTN_EXT dst(256,24,1,1),  q(256,1,24,1),  k(256,256,4,1),  v(256,256,4,1),  m(256,1,1,1): 1 x 19.96 us = 19.96 us (315.203 GFLOPS/s)
GET_ROWS: 2 x 5.8 us = 11.6 us
GLU: 1 x 2.08 us = 2.08 us
MUL_MAT f32 m=256 n=24 k=256: 1 x 2.2 us = 2.2 us (1427.08 GFLOPS/s)
MUL_MAT f32 m=64 n=16 k=64: 1 x 4.64 us = 4.64 us (28.0276 GFLOPS/s)
MUL_MAT f32 m=64 n=96 k=64: 1 x 4.64 us = 4.64 us (168.166 GFLOPS/s)
MUL_MAT_ADD MUL_MAT_VEC q6_K m=5120 n=1 k=17408: 1 x 126.28 us = 126.28 us (1411.57 GFLOPS/s)
MUL_MAT_ADD MUL_MAT_VEC q6_K m=5120 n=1 k=6144: 1 x 58.28 us = 58.28 us (1079.43 GFLOPS/s)
MUL_MAT_VEC f32 m=256 n=4 k=256: 1 x 3.92 us = 3.92 us (133.486 GFLOPS/s)
MUL_MAT_VEC q6_K m=1024 n=1 k=5120: 2 x 10.02 us = 20.04 us (1046.38 GFLOPS/s)
MUL_MAT_VEC q6_K m=12288 n=1 k=5120: 1 x 87 us = 87 us (1446.17 GFLOPS/s)
MUL_MAT_VEC q6_K m=17408 n=1 k=5120: 2 x 123.56 us = 247.12 us (1442.54 GFLOPS/s)
MUL_MAT_VEC q6_K m=98304 n=1 k=5120: 1 x 678.15 us = 678.15 us (1484.24 GFLOPS/s)
MUL_MAT_VEC q8_0 m=5120 n=1 k=10240: 1 x 106.24 us = 106.24 us (986.94 GFLOPS/s)
PAD: 1 x 8.08 us = 8.08 us
RMS_NORM_MUL RMS_NORM(256,24,1,1): 1 x 4.6 us = 4.6 us
RMS_NORM_MUL RMS_NORM(256,4,1,1): 1 x 4.6 us = 4.6 us
RMS_NORM_MUL RMS_NORM(5120,1,1,1): 5 x 5.064 us = 25.32 us
ROPE: 2 x 4.56 us = 9.12 us
SET_ROWS: 2 x 2.32 us = 4.64 us
SIGMOID_MUL SIGMOID: 1 x 2.12 us = 2.12 us
TOP_K K=10 (98304,1,1,1): 1 x 11.92 us = 11.92 us
Total time: 1451.87 us.
----------------
Vulkan Timings:
ADD: 48 x 3.458 us = 166 us
CONCAT: 48 x 2.846 us = 136.64 us
CONT: 16 x 4.09 us = 65.44 us
CPY: 240 x 2.764 us = 663.48 us
FLASH_ATTN_EXT dst(256,24,5,1),  q(256,5,24,1),  k(256,256,4,1),  v(256,256,4,1),  m(256,5,1,1): 16 x 23.002 us = 368.04 us (1367.56 GFLOPS/s)
GDN_CACHE GATED_DELTA_NET: 48 x 13.857 us = 665.16 us
GET_ROWS: 50 x 26.528 us = 1326.4 us
GLU: 64 x 2.873 us = 183.88 us
MUL_MAT f32 m=256 n=120 k=256: 16 x 1.92 us = 30.72 us (8176 GFLOPS/s)
MUL_MAT f32 m=256 n=20 k=256: 16 x 3.665 us = 58.64 us (713.866 GFLOPS/s)
MUL_MAT f32 m=64 n=480 k=64: 16 x 4.377 us = 70.04 us (891.248 GFLOPS/s)
MUL_MAT f32 m=64 n=80 k=64: 16 x 4.052 us = 64.84 us (160.454 GFLOPS/s)
MUL_MAT_ADD MUL_MAT_VEC q6_K m=5120 n=5 k=17408: 64 x 152.076 us = 9732.92 us (5860.61 GFLOPS/s)
MUL_MAT_ADD MUL_MAT_VEC q6_K m=5120 n=5 k=6144: 16 x 65.922 us = 1054.76 us (4771.47 GFLOPS/s)
MUL_MAT_VEC f32 m=48 n=5 k=5120: 96 x 4.347 us = 417.32 us (565.289 GFLOPS/s)
MUL_MAT_VEC q6_K m=1024 n=5 k=5120: 32 x 11.516 us = 368.52 us (4552.15 GFLOPS/s)
MUL_MAT_VEC q6_K m=10240 n=5 k=5120: 48 x 105.863 us = 5081.44 us (4952.01 GFLOPS/s)
MUL_MAT_VEC q6_K m=12288 n=5 k=5120: 16 x 131.837 us = 2109.4 us (4771.66 GFLOPS/s)
MUL_MAT_VEC q6_K m=17408 n=5 k=5120: 128 x 178.216 us = 22811.7 us (5000.68 GFLOPS/s)
MUL_MAT_VEC q6_K m=248320 n=5 k=5120: 1 x 1957.52 us = 1957.52 us (6494.31 GFLOPS/s)
MUL_MAT_VEC q6_K m=6144 n=5 k=5120: 48 x 70.305 us = 3374.64 us (4473.96 GFLOPS/s)
MUL_MAT_VEC q8_0 m=5120 n=5 k=6144: 48 x 65.28 us = 3133.44 us (4818.43 GFLOPS/s)
RMS_NORM_MUL RMS_NORM(256,24,5,1): 16 x 3.56 us = 56.96 us
RMS_NORM_MUL RMS_NORM(256,4,5,1): 16 x 4.81 us = 76.96 us
RMS_NORM_MUL RMS_NORM(5120,5,1,1): 129 x 5.58 us = 719.92 us
RMS_NORM_MUL_SILU_MUL RMS_NORM(128,48,5,1): 48 x 6.095 us = 292.56 us
RMS_NORM_SCALE RMS_NORM(128,16,5,1): 96 x 2.724 us = 261.56 us
ROPE: 32 x 4.57 us = 146.24 us
SET_ROWS: 32 x 3.201 us = 102.44 us
SIGMOID_MUL SIGMOID: 16 x 4.39 us = 70.24 us
SSM_CONV_SILU SSM_CONV: 48 x 5.948 us = 285.52 us
Total time: 55853.3 us.
----------------
Vulkan Timings:
CONCAT: 1 x 4.04 us = 4.04 us
CONT: 1 x 3.68 us = 3.68 us
FLASH_ATTN_EXT dst(256,24,5,1),  q(256,5,24,1),  k(256,256,4,1),  v(256,256,4,1),  m(256,5,1,1): 1 x 20.52 us = 20.52 us (1533.01 GFLOPS/s)
GLU: 1 x 1.56 us = 1.56 us
MUL_MAT f32 m=256 n=120 k=256: 1 x 1.8 us = 1.8 us (8721.07 GFLOPS/s)
MUL_MAT f32 m=256 n=20 k=256: 1 x 3.04 us = 3.04 us (860.632 GFLOPS/s)
MUL_MAT f32 m=64 n=480 k=64: 1 x 3.64 us = 3.64 us (1071.82 GFLOPS/s)
MUL_MAT f32 m=64 n=80 k=64: 1 x 3.6 us = 3.6 us (180.622 GFLOPS/s)
MUL_MAT_ADD MUL_MAT_VEC q6_K m=5120 n=5 k=17408: 1 x 173.73 us = 173.73 us (5130.17 GFLOPS/s)
MUL_MAT_ADD MUL_MAT_VEC q6_K m=5120 n=5 k=6144: 1 x 70 us = 70 us (4493.53 GFLOPS/s)
MUL_MAT_VEC q6_K m=1024 n=5 k=5120: 2 x 11.34 us = 22.68 us (4622.9 GFLOPS/s)
MUL_MAT_VEC q6_K m=12288 n=5 k=5120: 1 x 147.71 us = 147.71 us (4258.91 GFLOPS/s)
MUL_MAT_VEC q6_K m=17408 n=5 k=5120: 2 x 157.64 us = 315.28 us (5653.4 GFLOPS/s)
MUL_MAT_VEC q8_0 m=5120 n=5 k=10240: 1 x 105.4 us = 105.4 us (4974.03 GFLOPS/s)
RMS_NORM_MUL RMS_NORM(256,24,5,1): 1 x 5.64 us = 5.64 us
RMS_NORM_MUL RMS_NORM(256,4,5,1): 1 x 3.64 us = 3.64 us
RMS_NORM_MUL RMS_NORM(5120,5,1,1): 5 x 19.312 us = 96.56 us
ROPE: 2 x 3.64 us = 7.28 us
SET_ROWS: 2 x 2.68 us = 5.36 us
SIGMOID_MUL SIGMOID: 1 x 1.72 us = 1.72 us
Total time: 996.88 us.
----------------
Vulkan Timings:
CONCAT: 1 x 3.68 us = 3.68 us
CONT: 1 x 3.52 us = 3.52 us
FLASH_ATTN_EXT dst(256,24,1,1),  q(256,1,24,1),  k(256,256,4,1),  v(256,256,4,1),  m(256,1,1,1): 1 x 12.4 us = 12.4 us (507.375 GFLOPS/s)
GET_ROWS: 2 x 4.32 us = 8.64 us
GLU: 1 x 1.6 us = 1.6 us
MUL_MAT f32 m=256 n=24 k=256: 1 x 1.56 us = 1.56 us (2012.55 GFLOPS/s)
MUL_MAT f32 m=64 n=16 k=64: 1 x 1.8 us = 1.8 us (72.2489 GFLOPS/s)
MUL_MAT f32 m=64 n=96 k=64: 1 x 3.2 us = 3.2 us (243.84 GFLOPS/s)
MUL_MAT_ADD MUL_MAT_VEC q6_K m=5120 n=1 k=17408: 1 x 129.88 us = 129.88 us (1372.44 GFLOPS/s)
MUL_MAT_ADD MUL_MAT_VEC q6_K m=5120 n=1 k=6144: 1 x 53.28 us = 53.28 us (1180.73 GFLOPS/s)
MUL_MAT_VEC f32 m=256 n=4 k=256: 1 x 3 us = 3 us (174.421 GFLOPS/s)
MUL_MAT_VEC q6_K m=1024 n=1 k=5120: 2 x 9.24 us = 18.48 us (1134.71 GFLOPS/s)
MUL_MAT_VEC q6_K m=12288 n=1 k=5120: 1 x 90 us = 90 us (1397.96 GFLOPS/s)
MUL_MAT_VEC q6_K m=17408 n=1 k=5120: 2 x 117.88 us = 235.76 us (1512.05 GFLOPS/s)
MUL_MAT_VEC q6_K m=98304 n=1 k=5120: 1 x 673.25 us = 673.25 us (1495.04 GFLOPS/s)
MUL_MAT_VEC q8_0 m=5120 n=1 k=10240: 1 x 91.68 us = 91.68 us (1143.68 GFLOPS/s)
PAD: 1 x 6.32 us = 6.32 us
RMS_NORM_MUL RMS_NORM(256,24,1,1): 1 x 3.2 us = 3.2 us
RMS_NORM_MUL RMS_NORM(256,4,1,1): 1 x 4.84 us = 4.84 us
RMS_NORM_MUL RMS_NORM(5120,1,1,1): 5 x 4.4 us = 22 us
ROPE: 2 x 3.32 us = 6.64 us
SET_ROWS: 2 x 2.62 us = 5.24 us
SIGMOID_MUL SIGMOID: 1 x 1.52 us = 1.52 us
TOP_K K=10 (98304,1,1,1): 1 x 9.24 us = 9.24 us
Total time: 1390.73 us.
----------------
Vulkan Timings:
CONCAT: 1 x 3.72 us = 3.72 us
CONT: 1 x 3.64 us = 3.64 us
FLASH_ATTN_EXT dst(256,24,1,1),  q(256,1,24,1),  k(256,256,4,1),  v(256,256,4,1),  m(256,1,1,1): 1 x 15.2 us = 15.2 us (413.912 GFLOPS/s)
GET_ROWS: 2 x 4.2 us = 8.4 us
GLU: 1 x 1.8 us = 1.8 us
MUL_MAT f32 m=256 n=24 k=256: 1 x 1.76 us = 1.76 us (1783.85 GFLOPS/s)
MUL_MAT f32 m=64 n=16 k=64: 1 x 3.64 us = 3.64 us (35.7275 GFLOPS/s)
MUL_MAT f32 m=64 n=96 k=64: 1 x 3.6 us = 3.6 us (216.747 GFLOPS/s)
MUL_MAT_ADD MUL_MAT_VEC q6_K m=5120 n=1 k=17408: 1 x 123.12 us = 123.12 us (1447.8 GFLOPS/s)
MUL_MAT_ADD MUL_MAT_VEC q6_K m=5120 n=1 k=6144: 1 x 53.48 us = 53.48 us (1176.32 GFLOPS/s)
MUL_MAT_VEC f32 m=256 n=4 k=256: 1 x 3 us = 3 us (174.421 GFLOPS/s)
MUL_MAT_VEC q6_K m=1024 n=1 k=5120: 2 x 9.26 us = 18.52 us (1132.26 GFLOPS/s)
MUL_MAT_VEC q6_K m=12288 n=1 k=5120: 1 x 85.8 us = 85.8 us (1466.4 GFLOPS/s)
MUL_MAT_VEC q6_K m=17408 n=1 k=5120: 2 x 121.24 us = 242.48 us (1470.15 GFLOPS/s)
MUL_MAT_VEC q6_K m=98304 n=1 k=5120: 1 x 673.22 us = 673.22 us (1495.11 GFLOPS/s)
MUL_MAT_VEC q8_0 m=5120 n=1 k=10240: 1 x 101.76 us = 101.76 us (1030.39 GFLOPS/s)
PAD: 1 x 6.4 us = 6.4 us
RMS_NORM_MUL RMS_NORM(256,24,1,1): 1 x 3.64 us = 3.64 us
RMS_NORM_MUL RMS_NORM(256,4,1,1): 1 x 3.6 us = 3.6 us
RMS_NORM_MUL RMS_NORM(5120,1,1,1): 5 x 3.704 us = 18.52 us
ROPE: 2 x 3.58 us = 7.16 us
SET_ROWS: 2 x 1.82 us = 3.64 us
SIGMOID_MUL SIGMOID: 1 x 1.64 us = 1.64 us
TOP_K K=10 (98304,1,1,1): 1 x 9.2 us = 9.2 us
Total time: 1396.94 us.
----------------
Vulkan Timings:
CONCAT: 1 x 4.68 us = 4.68 us
CONT: 1 x 3.64 us = 3.64 us
FLASH_ATTN_EXT dst(256,24,1,1),  q(256,1,24,1),  k(256,256,4,1),  v(256,256,4,1),  m(256,1,1,1): 1 x 12.8 us = 12.8 us (491.52 GFLOPS/s)
GET_ROWS: 2 x 4.26 us = 8.52 us
GLU: 1 x 1.84 us = 1.84 us
MUL_MAT f32 m=256 n=24 k=256: 1 x 1.6 us = 1.6 us (1962.24 GFLOPS/s)
MUL_MAT f32 m=64 n=16 k=64: 1 x 3.6 us = 3.6 us (36.1244 GFLOPS/s)
MUL_MAT f32 m=64 n=96 k=64: 1 x 3.64 us = 3.64 us (214.365 GFLOPS/s)
MUL_MAT_ADD MUL_MAT_VEC q6_K m=5120 n=1 k=17408: 1 x 128.88 us = 128.88 us (1383.09 GFLOPS/s)
MUL_MAT_ADD MUL_MAT_VEC q6_K m=5120 n=1 k=6144: 1 x 53.56 us = 53.56 us (1174.56 GFLOPS/s)
MUL_MAT_VEC f32 m=256 n=4 k=256: 1 x 3 us = 3 us (174.421 GFLOPS/s)
MUL_MAT_VEC q6_K m=1024 n=1 k=5120: 2 x 9.1 us = 18.2 us (1152.17 GFLOPS/s)
MUL_MAT_VEC q6_K m=12288 n=1 k=5120: 1 x 86.12 us = 86.12 us (1460.95 GFLOPS/s)
MUL_MAT_VEC q6_K m=17408 n=1 k=5120: 2 x 121.24 us = 242.48 us (1470.15 GFLOPS/s)
MUL_MAT_VEC q6_K m=98304 n=1 k=5120: 1 x 674.04 us = 674.04 us (1493.29 GFLOPS/s)
MUL_MAT_VEC q8_0 m=5120 n=1 k=10240: 1 x 100.24 us = 100.24 us (1046.01 GFLOPS/s)
PAD: 1 x 6.28 us = 6.28 us
RMS_NORM_MUL RMS_NORM(256,24,1,1): 1 x 3.6 us = 3.6 us
RMS_NORM_MUL RMS_NORM(256,4,1,1): 1 x 3.56 us = 3.56 us
RMS_NORM_MUL RMS_NORM(5120,1,1,1): 5 x 3.72 us = 18.6 us
ROPE: 2 x 3.58 us = 7.16 us
SET_ROWS: 2 x 2.62 us = 5.24 us
SIGMOID_MUL SIGMOID: 1 x 1.72 us = 1.72 us
TOP_K K=10 (98304,1,1,1): 1 x 9.04 us = 9.04 us
Total time: 1402.04 us.
----------------
Vulkan Timings:
CONCAT: 1 x 3.76 us = 3.76 us
CONT: 1 x 3.6 us = 3.6 us
FLASH_ATTN_EXT dst(256,24,1,1),  q(256,1,24,1),  k(256,256,4,1),  v(256,256,4,1),  m(256,1,1,1): 1 x 12.84 us = 12.84 us (489.989 GFLOPS/s)
GET_ROWS: 2 x 4.18 us = 8.36 us
GLU: 1 x 1.88 us = 1.88 us
MUL_MAT f32 m=256 n=24 k=256: 1 x 1.64 us = 1.64 us (1914.38 GFLOPS/s)
MUL_MAT f32 m=64 n=16 k=64: 1 x 3.6 us = 3.6 us (36.1244 GFLOPS/s)
MUL_MAT f32 m=64 n=96 k=64: 1 x 3.6 us = 3.6 us (216.747 GFLOPS/s)
MUL_MAT_ADD MUL_MAT_VEC q6_K m=5120 n=1 k=17408: 1 x 123.6 us = 123.6 us (1442.17 GFLOPS/s)
MUL_MAT_ADD MUL_MAT_VEC q6_K m=5120 n=1 k=6144: 1 x 53.72 us = 53.72 us (1171.06 GFLOPS/s)
MUL_MAT_VEC f32 m=256 n=4 k=256: 1 x 3.04 us = 3.04 us (172.126 GFLOPS/s)
MUL_MAT_VEC q6_K m=1024 n=1 k=5120: 2 x 9 us = 18 us (1164.97 GFLOPS/s)
MUL_MAT_VEC q6_K m=12288 n=1 k=5120: 1 x 85.72 us = 85.72 us (1467.77 GFLOPS/s)
MUL_MAT_VEC q6_K m=17408 n=1 k=5120: 2 x 121.38 us = 242.76 us (1468.45 GFLOPS/s)
MUL_MAT_VEC q6_K m=98304 n=1 k=5120: 1 x 671.99 us = 671.99 us (1497.84 GFLOPS/s)
MUL_MAT_VEC q8_0 m=5120 n=1 k=10240: 1 x 101.36 us = 101.36 us (1034.46 GFLOPS/s)
PAD: 1 x 7.08 us = 7.08 us
RMS_NORM_MUL RMS_NORM(256,24,1,1): 1 x 4.36 us = 4.36 us
RMS_NORM_MUL RMS_NORM(256,4,1,1): 1 x 3.64 us = 3.64 us
RMS_NORM_MUL RMS_NORM(5120,1,1,1): 5 x 3.728 us = 18.64 us
ROPE: 2 x 3.58 us = 7.16 us
SET_ROWS: 2 x 2.66 us = 5.32 us
SIGMOID_MUL SIGMOID: 1 x 1.64 us = 1.64 us
TOP_K K=10 (98304,1,1,1): 1 x 8.84 us = 8.84 us
Total time: 1396.15 us.
----------------
Vulkan Timings:
ADD: 48 x 3.819 us = 183.32 us
CONCAT: 48 x 2.449 us = 117.56 us
CONT: 16 x 3.86 us = 61.76 us
CPY: 240 x 2.282 us = 547.8 us
FLASH_ATTN_EXT dst(256,24,5,1),  q(256,5,24,1),  k(256,256,4,1),  v(256,256,4,1),  m(256,5,1,1): 16 x 21.07 us = 337.12 us (1492.99 GFLOPS/s)
GDN_CACHE GATED_DELTA_NET: 48 x 13.173 us = 632.32 us
GET_ROWS: 50 x 25.152 us = 1257.64 us
GLU: 64 x 2.923 us = 187.12 us
MUL_MAT f32 m=256 n=120 k=256: 16 x 1.83 us = 29.28 us (8578.1 GFLOPS/s)
MUL_MAT f32 m=256 n=20 k=256: 16 x 3.16 us = 50.56 us (827.949 GFLOPS/s)
MUL_MAT f32 m=64 n=480 k=64: 16 x 3.67 us = 58.72 us (1063.06 GFLOPS/s)
MUL_MAT f32 m=64 n=80 k=64: 16 x 3.295 us = 52.72 us (197.341 GFLOPS/s)
MUL_MAT_ADD MUL_MAT_VEC q6_K m=5120 n=5 k=17408: 64 x 145.271 us = 9297.36 us (6135.17 GFLOPS/s)
MUL_MAT_ADD MUL_MAT_VEC q6_K m=5120 n=5 k=6144: 16 x 61.745 us = 987.92 us (5094.29 GFLOPS/s)
MUL_MAT_VEC f32 m=48 n=5 k=5120: 96 x 3.459 us = 332.08 us (710.391 GFLOPS/s)
MUL_MAT_VEC q6_K m=1024 n=5 k=5120: 32 x 10.466 us = 334.92 us (5008.83 GFLOPS/s)
MUL_MAT_VEC q6_K m=10240 n=5 k=5120: 48 x 97.775 us = 4693.24 us (5361.62 GFLOPS/s)
MUL_MAT_VEC q6_K m=12288 n=5 k=5120: 16 x 123.955 us = 1983.28 us (5075.1 GFLOPS/s)
MUL_MAT_VEC q6_K m=17408 n=5 k=5120: 128 x 167.58 us = 21450.4 us (5318.04 GFLOPS/s)
MUL_MAT_VEC q6_K m=248320 n=5 k=5120: 1 x 1957.08 us = 1957.08 us (6495.77 GFLOPS/s)
MUL_MAT_VEC q6_K m=6144 n=5 k=5120: 48 x 65.297 us = 3134.28 us (4817.06 GFLOPS/s)
MUL_MAT_VEC q8_0 m=5120 n=5 k=6144: 48 x 63.283 us = 3037.6 us (4970.46 GFLOPS/s)
RMS_NORM_MUL RMS_NORM(256,24,5,1): 16 x 3.755 us = 60.08 us
RMS_NORM_MUL RMS_NORM(256,4,5,1): 16 x 4.475 us = 71.6 us
RMS_NORM_MUL RMS_NORM(5120,5,1,1): 129 x 4.639 us = 598.52 us
RMS_NORM_MUL_SILU_MUL RMS_NORM(128,48,5,1): 48 x 5.711 us = 274.16 us
RMS_NORM_SCALE RMS_NORM(128,16,5,1): 96 x 2.705 us = 259.76 us
ROPE: 32 x 3.898 us = 124.76 us
SET_ROWS: 32 x 2.983 us = 95.48 us
SIGMOID_MUL SIGMOID: 16 x 3.722 us = 59.56 us
SSM_CONV_SILU SSM_CONV: 48 x 5.676 us = 272.48 us
Total time: 52540.4 us.
----------------
Vulkan Timings:
CONCAT: 1 x 4 us = 4 us
CONT: 1 x 3.44 us = 3.44 us
FLASH_ATTN_EXT dst(256,24,5,1),  q(256,5,24,1),  k(256,256,4,1),  v(256,256,4,1),  m(256,5,1,1): 1 x 22.04 us = 22.04 us (1427.28 GFLOPS/s)
GLU: 1 x 1.48 us = 1.48 us
MUL_MAT f32 m=256 n=120 k=256: 1 x 1.56 us = 1.56 us (10062.8 GFLOPS/s)
MUL_MAT f32 m=256 n=20 k=256: 1 x 2.96 us = 2.96 us (883.892 GFLOPS/s)
MUL_MAT f32 m=64 n=480 k=64: 1 x 3.32 us = 3.32 us (1175.13 GFLOPS/s)
MUL_MAT f32 m=64 n=80 k=64: 1 x 3.36 us = 3.36 us (193.524 GFLOPS/s)
MUL_MAT_ADD MUL_MAT_VEC q6_K m=5120 n=5 k=17408: 1 x 172.45 us = 172.45 us (5168.25 GFLOPS/s)
MUL_MAT_ADD MUL_MAT_VEC q6_K m=5120 n=5 k=6144: 1 x 70.16 us = 70.16 us (4483.28 GFLOPS/s)
MUL_MAT_VEC q6_K m=1024 n=5 k=5120: 2 x 12.6 us = 25.2 us (4160.61 GFLOPS/s)
MUL_MAT_VEC q6_K m=12288 n=5 k=5120: 1 x 146.2 us = 146.2 us (4302.9 GFLOPS/s)
MUL_MAT_VEC q6_K m=17408 n=5 k=5120: 2 x 158.9 us = 317.8 us (5608.57 GFLOPS/s)
MUL_MAT_VEC q8_0 m=5120 n=5 k=10240: 1 x 111.36 us = 111.36 us (4707.82 GFLOPS/s)
RMS_NORM_MUL RMS_NORM(256,24,5,1): 1 x 3.44 us = 3.44 us
RMS_NORM_MUL RMS_NORM(256,4,5,1): 1 x 3.44 us = 3.44 us
RMS_NORM_MUL RMS_NORM(5120,5,1,1): 5 x 7.982 us = 39.91 us
ROPE: 2 x 3.4 us = 6.8 us
SET_ROWS: 2 x 1.8 us = 3.6 us
SIGMOID_MUL SIGMOID: 1 x 1.6 us = 1.6 us
Total time: 944.12 us.
----------------
Vulkan Timings:
CONCAT: 1 x 3.64 us = 3.64 us
CONT: 1 x 3.48 us = 3.48 us
FLASH_ATTN_EXT dst(256,24,1,1),  q(256,1,24,1),  k(256,256,4,1),  v(256,256,4,1),  m(256,1,1,1): 1 x 12.88 us = 12.88 us (488.467 GFLOPS/s)
GET_ROWS: 2 x 4.2 us = 8.4 us
GLU: 1 x 1.6 us = 1.6 us
MUL_MAT f32 m=256 n=24 k=256: 1 x 1.6 us = 1.6 us (1962.24 GFLOPS/s)
MUL_MAT f32 m=64 n=16 k=64: 1 x 1.84 us = 1.84 us (70.6783 GFLOPS/s)
MUL_MAT f32 m=64 n=96 k=64: 1 x 3.2 us = 3.2 us (243.84 GFLOPS/s)
MUL_MAT_ADD MUL_MAT_VEC q6_K m=5120 n=1 k=17408: 1 x 130.84 us = 130.84 us (1362.37 GFLOPS/s)
MUL_MAT_ADD MUL_MAT_VEC q6_K m=5120 n=1 k=6144: 1 x 53.76 us = 53.76 us (1170.19 GFLOPS/s)
MUL_MAT_VEC f32 m=256 n=4 k=256: 1 x 3.04 us = 3.04 us (172.126 GFLOPS/s)
MUL_MAT_VEC q6_K m=1024 n=1 k=5120: 2 x 9.34 us = 18.68 us (1122.56 GFLOPS/s)
MUL_MAT_VEC q6_K m=12288 n=1 k=5120: 1 x 90.2 us = 90.2 us (1394.87 GFLOPS/s)
MUL_MAT_VEC q6_K m=17408 n=1 k=5120: 2 x 118.12 us = 236.24 us (1508.98 GFLOPS/s)
MUL_MAT_VEC q6_K m=98304 n=1 k=5120: 1 x 674.1 us = 674.1 us (1493.15 GFLOPS/s)
MUL_MAT_VEC q8_0 m=5120 n=1 k=10240: 1 x 91.48 us = 91.48 us (1146.18 GFLOPS/s)
PAD: 1 x 6.4 us = 6.4 us
RMS_NORM_MUL RMS_NORM(256,24,1,1): 1 x 3.2 us = 3.2 us
RMS_NORM_MUL RMS_NORM(256,4,1,1): 1 x 4.84 us = 4.84 us
RMS_NORM_MUL RMS_NORM(5120,1,1,1): 5 x 4.392 us = 21.96 us
ROPE: 2 x 3.32 us = 6.64 us
SET_ROWS: 2 x 2.58 us = 5.16 us
SIGMOID_MUL SIGMOID: 1 x 1.52 us = 1.52 us
TOP_K K=10 (98304,1,1,1): 1 x 8.84 us = 8.84 us
Total time: 1393.54 us.
----------------
Vulkan Timings:
CONCAT: 1 x 3.72 us = 3.72 us
CONT: 1 x 3.64 us = 3.64 us
FLASH_ATTN_EXT dst(256,24,1,1),  q(256,1,24,1),  k(256,256,4,1),  v(256,256,4,1),  m(256,1,1,1): 1 x 12.84 us = 12.84 us (489.989 GFLOPS/s)
GET_ROWS: 2 x 4.2 us = 8.4 us
GLU: 1 x 1.72 us = 1.72 us
MUL_MAT f32 m=256 n=24 k=256: 1 x 1.64 us = 1.64 us (1914.38 GFLOPS/s)
MUL_MAT f32 m=64 n=16 k=64: 1 x 3.64 us = 3.64 us (35.7275 GFLOPS/s)
MUL_MAT f32 m=64 n=96 k=64: 1 x 3.64 us = 3.64 us (214.365 GFLOPS/s)
MUL_MAT_ADD MUL_MAT_VEC q6_K m=5120 n=1 k=17408: 1 x 124.24 us = 124.24 us (1434.75 GFLOPS/s)
MUL_MAT_ADD MUL_MAT_VEC q6_K m=5120 n=1 k=6144: 1 x 54.6 us = 54.6 us (1152.19 GFLOPS/s)
MUL_MAT_VEC f32 m=256 n=4 k=256: 1 x 3.04 us = 3.04 us (172.126 GFLOPS/s)
MUL_MAT_VEC q6_K m=1024 n=1 k=5120: 2 x 9.08 us = 18.16 us (1154.71 GFLOPS/s)
MUL_MAT_VEC q6_K m=12288 n=1 k=5120: 1 x 85.76 us = 85.76 us (1467.08 GFLOPS/s)
MUL_MAT_VEC q6_K m=17408 n=1 k=5120: 2 x 121.22 us = 242.44 us (1470.39 GFLOPS/s)
MUL_MAT_VEC q6_K m=98304 n=1 k=5120: 1 x 672.34 us = 672.34 us (1497.06 GFLOPS/s)
MUL_MAT_VEC q8_0 m=5120 n=1 k=10240: 1 x 101.84 us = 101.84 us (1029.58 GFLOPS/s)
PAD: 1 x 6.28 us = 6.28 us
RMS_NORM_MUL RMS_NORM(256,24,1,1): 1 x 3.6 us = 3.6 us
RMS_NORM_MUL RMS_NORM(256,4,1,1): 1 x 3.6 us = 3.6 us
RMS_NORM_MUL RMS_NORM(5120,1,1,1): 5 x 3.696 us = 18.48 us
ROPE: 2 x 3.58 us = 7.16 us
SET_ROWS: 2 x 2.62 us = 5.24 us
SIGMOID_MUL SIGMOID: 1 x 1.72 us = 1.72 us
TOP_K K=10 (98304,1,1,1): 1 x 8.84 us = 8.84 us
Total time: 1396.58 us.
----------------
Vulkan Timings:
CONCAT: 1 x 3.76 us = 3.76 us
CONT: 1 x 3.6 us = 3.6 us
FLASH_ATTN_EXT dst(256,24,1,1),  q(256,1,24,1),  k(256,256,4,1),  v(256,256,4,1),  m(256,1,1,1): 1 x 13.08 us = 13.08 us (480.998 GFLOPS/s)
GET_ROWS: 2 x 4.22 us = 8.44 us
GLU: 1 x 1.84 us = 1.84 us
MUL_MAT f32 m=256 n=24 k=256: 1 x 1.68 us = 1.68 us (1868.8 GFLOPS/s)
MUL_MAT f32 m=64 n=16 k=64: 1 x 3.64 us = 3.64 us (35.7275 GFLOPS/s)
MUL_MAT f32 m=64 n=96 k=64: 1 x 3.6 us = 3.6 us (216.747 GFLOPS/s)
MUL_MAT_ADD MUL_MAT_VEC q6_K m=5120 n=1 k=17408: 1 x 123.16 us = 123.16 us (1447.33 GFLOPS/s)
MUL_MAT_ADD MUL_MAT_VEC q6_K m=5120 n=1 k=6144: 1 x 53.68 us = 53.68 us (1171.93 GFLOPS/s)
MUL_MAT_VEC f32 m=256 n=4 k=256: 1 x 3.04 us = 3.04 us (172.126 GFLOPS/s)
MUL_MAT_VEC q6_K m=1024 n=1 k=5120: 2 x 9.06 us = 18.12 us (1157.26 GFLOPS/s)
MUL_MAT_VEC q6_K m=12288 n=1 k=5120: 1 x 85.72 us = 85.72 us (1467.77 GFLOPS/s)
MUL_MAT_VEC q6_K m=17408 n=1 k=5120: 2 x 121.4 us = 242.8 us (1468.21 GFLOPS/s)
MUL_MAT_VEC q6_K m=98304 n=1 k=5120: 1 x 670.84 us = 670.84 us (1500.41 GFLOPS/s)
MUL_MAT_VEC q8_0 m=5120 n=1 k=10240: 1 x 100.64 us = 100.64 us (1041.86 GFLOPS/s)
PAD: 1 x 6.36 us = 6.36 us
RMS_NORM_MUL RMS_NORM(256,24,1,1): 1 x 3.56 us = 3.56 us
RMS_NORM_MUL RMS_NORM(256,4,1,1): 1 x 3.64 us = 3.64 us
RMS_NORM_MUL RMS_NORM(5120,1,1,1): 5 x 3.744 us = 18.72 us
ROPE: 2 x 3.58 us = 7.16 us
SET_ROWS: 2 x 2.68 us = 5.36 us
SIGMOID_MUL SIGMOID: 1 x 1.68 us = 1.68 us
TOP_K K=10 (98304,1,1,1): 1 x 9.16 us = 9.16 us
Total time: 1393.28 us.
----------------
Vulkan Timings:
CONCAT: 1 x 3.88 us = 3.88 us
CONT: 1 x 3.76 us = 3.76 us
FLASH_ATTN_EXT dst(256,24,1,1),  q(256,1,24,1),  k(256,256,4,1),  v(256,256,4,1),  m(256,1,1,1): 1 x 13.48 us = 13.48 us (466.725 GFLOPS/s)
GET_ROWS: 2 x 4.56 us = 9.12 us
GLU: 1 x 1.88 us = 1.88 us
MUL_MAT f32 m=256 n=24 k=256: 1 x 1.72 us = 1.72 us (1825.34 GFLOPS/s)
MUL_MAT f32 m=64 n=16 k=64: 1 x 3.8 us = 3.8 us (34.2232 GFLOPS/s)
MUL_MAT f32 m=64 n=96 k=64: 1 x 3.8 us = 3.8 us (205.339 GFLOPS/s)
MUL_MAT_ADD MUL_MAT_VEC q6_K m=5120 n=1 k=17408: 1 x 123.96 us = 123.96 us (1437.99 GFLOPS/s)
MUL_MAT_ADD MUL_MAT_VEC q6_K m=5120 n=1 k=6144: 1 x 54.04 us = 54.04 us (1164.13 GFLOPS/s)
MUL_MAT_VEC f32 m=256 n=4 k=256: 1 x 3.16 us = 3.16 us (165.59 GFLOPS/s)
MUL_MAT_VEC q6_K m=1024 n=1 k=5120: 2 x 9.26 us = 18.52 us (1132.26 GFLOPS/s)
MUL_MAT_VEC q6_K m=12288 n=1 k=5120: 1 x 86.72 us = 86.72 us (1450.84 GFLOPS/s)
MUL_MAT_VEC q6_K m=17408 n=1 k=5120: 2 x 121.92 us = 243.84 us (1461.95 GFLOPS/s)
MUL_MAT_VEC q6_K m=98304 n=1 k=5120: 1 x 674.17 us = 674.17 us (1493 GFLOPS/s)
MUL_MAT_VEC q8_0 m=5120 n=1 k=10240: 1 x 102.28 us = 102.28 us (1025.15 GFLOPS/s)
PAD: 1 x 6.8 us = 6.8 us
RMS_NORM_MUL RMS_NORM(256,24,1,1): 1 x 3.8 us = 3.8 us
RMS_NORM_MUL RMS_NORM(256,4,1,1): 1 x 3.8 us = 3.8 us
RMS_NORM_MUL RMS_NORM(5120,1,1,1): 5 x 3.904 us = 19.52 us
ROPE: 2 x 3.76 us = 7.52 us
SET_ROWS: 2 x 2.78 us = 5.56 us
SIGMOID_MUL SIGMOID: 1 x 1.76 us = 1.76 us
TOP_K K=10 (98304,1,1,1): 1 x 10 us = 10 us
Total time: 1406.89 us.
----------------
Vulkan Timings:
ADD: 48 x 3.89 us = 186.72 us
CONCAT: 48 x 2.509 us = 120.44 us
CONT: 16 x 3.652 us = 58.44 us
CPY: 240 x 2.507 us = 601.76 us
FLASH_ATTN_EXT dst(256,24,5,1),  q(256,5,24,1),  k(256,256,4,1),  v(256,256,4,1),  m(256,5,1,1): 16 x 22.34 us = 357.44 us (1408.11 GFLOPS/s)
GDN_CACHE GATED_DELTA_NET: 48 x 13.35 us = 640.8 us
GET_ROWS: 50 x 25.532 us = 1276.64 us
GLU: 64 x 2.848 us = 182.28 us
MUL_MAT f32 m=256 n=120 k=256: 16 x 1.895 us = 30.32 us (8283.86 GFLOPS/s)
MUL_MAT f32 m=256 n=20 k=256: 16 x 2.93 us = 46.88 us (892.942 GFLOPS/s)
MUL_MAT f32 m=64 n=480 k=64: 16 x 4.102 us = 65.64 us (950.991 GFLOPS/s)
MUL_MAT f32 m=64 n=80 k=64: 16 x 3.735 us = 59.76 us (174.094 GFLOPS/s)
MUL_MAT_ADD MUL_MAT_VEC q6_K m=5120 n=5 k=17408: 64 x 148.93 us = 9531.52 us (5984.45 GFLOPS/s)
MUL_MAT_ADD MUL_MAT_VEC q6_K m=5120 n=5 k=6144: 16 x 63.362 us = 1013.8 us (4964.25 GFLOPS/s)
MUL_MAT_VEC f32 m=48 n=5 k=5120: 96 x 3.887 us = 373.16 us (632.186 GFLOPS/s)
MUL_MAT_VEC q6_K m=1024 n=5 k=5120: 32 x 11.037 us = 353.2 us (4749.6 GFLOPS/s)
MUL_MAT_VEC q6_K m=10240 n=5 k=5120: 48 x 101.148 us = 4855.12 us (5182.85 GFLOPS/s)
MUL_MAT_VEC q6_K m=12288 n=5 k=5120: 16 x 127.627 us = 2042.04 us (4929.06 GFLOPS/s)
MUL_MAT_VEC q6_K m=17408 n=5 k=5120: 128 x 171.799 us = 21990.4 us (5187.45 GFLOPS/s)
MUL_MAT_VEC q6_K m=248320 n=5 k=5120: 1 x 1960.72 us = 1960.72 us (6483.71 GFLOPS/s)
MUL_MAT_VEC q6_K m=6144 n=5 k=5120: 48 x 67.448 us = 3237.52 us (4663.45 GFLOPS/s)
MUL_MAT_VEC q8_0 m=5120 n=5 k=6144: 48 x 64.095 us = 3076.56 us (4907.52 GFLOPS/s)
RMS_NORM_MUL RMS_NORM(256,24,5,1): 16 x 3.595 us = 57.52 us
RMS_NORM_MUL RMS_NORM(256,4,5,1): 16 x 4.452 us = 71.24 us
RMS_NORM_MUL RMS_NORM(5120,5,1,1): 129 x 5.006 us = 645.84 us
RMS_NORM_MUL_SILU_MUL RMS_NORM(128,48,5,1): 48 x 5.908 us = 283.6 us
RMS_NORM_SCALE RMS_NORM(128,16,5,1): 96 x 2.611 us = 250.72 us
ROPE: 32 x 4.33 us = 138.56 us
SET_ROWS: 32 x 3.245 us = 103.84 us
SIGMOID_MUL SIGMOID: 16 x 4.115 us = 65.84 us
SSM_CONV_SILU SSM_CONV: 48 x 5.681 us = 272.72 us
Total time: 53951 us.
----------------
Vulkan Timings:
CONCAT: 1 x 3.92 us = 3.92 us
CONT: 1 x 3.64 us = 3.64 us
FLASH_ATTN_EXT dst(256,24,5,1),  q(256,5,24,1),  k(256,256,4,1),  v(256,256,4,1),  m(256,5,1,1): 1 x 20.64 us = 20.64 us (1524.09 GFLOPS/s)
GLU: 1 x 1.52 us = 1.52 us
MUL_MAT f32 m=256 n=120 k=256: 1 x 1.68 us = 1.68 us (9344 GFLOPS/s)
MUL_MAT f32 m=256 n=20 k=256: 1 x 3.04 us = 3.04 us (860.632 GFLOPS/s)
MUL_MAT f32 m=64 n=480 k=64: 1 x 3.68 us = 3.68 us (1060.17 GFLOPS/s)
MUL_MAT f32 m=64 n=80 k=64: 1 x 3.6 us = 3.6 us (180.622 GFLOPS/s)
MUL_MAT_ADD MUL_MAT_VEC q6_K m=5120 n=5 k=17408: 1 x 168.84 us = 168.84 us (5278.75 GFLOPS/s)
MUL_MAT_ADD MUL_MAT_VEC q6_K m=5120 n=5 k=6144: 1 x 70 us = 70 us (4493.53 GFLOPS/s)
MUL_MAT_VEC q6_K m=1024 n=5 k=5120: 2 x 11.26 us = 22.52 us (4655.74 GFLOPS/s)
MUL_MAT_VEC q6_K m=12288 n=5 k=5120: 1 x 147.26 us = 147.26 us (4271.93 GFLOPS/s)
MUL_MAT_VEC q6_K m=17408 n=5 k=5120: 2 x 158.86 us = 317.72 us (5609.99 GFLOPS/s)
MUL_MAT_VEC q8_0 m=5120 n=5 k=10240: 1 x 105.28 us = 105.28 us (4979.7 GFLOPS/s)
RMS_NORM_MUL RMS_NORM(256,24,5,1): 1 x 5.68 us = 5.68 us
RMS_NORM_MUL RMS_NORM(256,4,5,1): 1 x 3.6 us = 3.6 us
RMS_NORM_MUL RMS_NORM(5120,5,1,1): 5 x 7.978 us = 39.89 us
ROPE: 2 x 3.6 us = 7.2 us
SET_ROWS: 2 x 2.66 us = 5.32 us
SIGMOID_MUL SIGMOID: 1 x 1.72 us = 1.72 us
Total time: 936.75 us.
----------------
Vulkan Timings:
CONCAT: 1 x 1.52 us = 1.52 us
CONT: 1 x 3.56 us = 3.56 us
FLASH_ATTN_EXT dst(256,24,1,1),  q(256,1,24,1),  k(256,256,4,1),  v(256,256,4,1),  m(256,1,1,1): 1 x 12.36 us = 12.36 us (509.017 GFLOPS/s)
GET_ROWS: 2 x 4.26 us = 8.52 us
GLU: 1 x 1.6 us = 1.6 us
MUL_MAT f32 m=256 n=24 k=256: 1 x 1.48 us = 1.48 us (2121.34 GFLOPS/s)
MUL_MAT f32 m=64 n=16 k=64: 1 x 1.8 us = 1.8 us (72.2489 GFLOPS/s)
MUL_MAT f32 m=64 n=96 k=64: 1 x 3.2 us = 3.2 us (243.84 GFLOPS/s)
MUL_MAT_ADD MUL_MAT_VEC q6_K m=5120 n=1 k=17408: 1 x 129.84 us = 129.84 us (1372.87 GFLOPS/s)
MUL_MAT_ADD MUL_MAT_VEC q6_K m=5120 n=1 k=6144: 1 x 53.76 us = 53.76 us (1170.19 GFLOPS/s)
MUL_MAT_VEC f32 m=256 n=4 k=256: 1 x 3.04 us = 3.04 us (172.126 GFLOPS/s)
MUL_MAT_VEC q6_K m=1024 n=1 k=5120: 2 x 9.24 us = 18.48 us (1134.71 GFLOPS/s)
MUL_MAT_VEC q6_K m=12288 n=1 k=5120: 1 x 90.28 us = 90.28 us (1393.63 GFLOPS/s)
MUL_MAT_VEC q6_K m=17408 n=1 k=5120: 2 x 117.9 us = 235.8 us (1511.79 GFLOPS/s)
MUL_MAT_VEC q6_K m=98304 n=1 k=5120: 1 x 669.96 us = 669.96 us (1502.38 GFLOPS/s)
MUL_MAT_VEC q8_0 m=5120 n=1 k=10240: 1 x 91.88 us = 91.88 us (1141.19 GFLOPS/s)
PAD: 1 x 6.36 us = 6.36 us
RMS_NORM_MUL RMS_NORM(256,24,1,1): 1 x 3.2 us = 3.2 us
RMS_NORM_MUL RMS_NORM(256,4,1,1): 1 x 4.88 us = 4.88 us
RMS_NORM_MUL RMS_NORM(5120,1,1,1): 5 x 4.784 us = 23.92 us
ROPE: 2 x 3.32 us = 6.64 us
SET_ROWS: 2 x 2.62 us = 5.24 us
SIGMOID_MUL SIGMOID: 1 x 1.6 us = 1.6 us
TOP_K K=10 (98304,1,1,1): 1 x 9 us = 9 us
Total time: 1387.92 us.
----------------
Vulkan Timings:
CONCAT: 1 x 3.8 us = 3.8 us
CONT: 1 x 3.6 us = 3.6 us
FLASH_ATTN_EXT dst(256,24,1,1),  q(256,1,24,1),  k(256,256,4,1),  v(256,256,4,1),  m(256,1,1,1): 1 x 14.52 us = 14.52 us (433.296 GFLOPS/s)
GET_ROWS: 2 x 4.2 us = 8.4 us
GLU: 1 x 1.88 us = 1.88 us
MUL_MAT f32 m=256 n=24 k=256: 1 x 2.2 us = 2.2 us (1427.08 GFLOPS/s)
MUL_MAT f32 m=64 n=16 k=64: 1 x 3.64 us = 3.64 us (35.7275 GFLOPS/s)
MUL_MAT f32 m=64 n=96 k=64: 1 x 3.6 us = 3.6 us (216.747 GFLOPS/s)
MUL_MAT_ADD MUL_MAT_VEC q6_K m=5120 n=1 k=17408: 1 x 123.92 us = 123.92 us (1438.45 GFLOPS/s)
MUL_MAT_ADD MUL_MAT_VEC q6_K m=5120 n=1 k=6144: 1 x 53.76 us = 53.76 us (1170.19 GFLOPS/s)
MUL_MAT_VEC f32 m=256 n=4 k=256: 1 x 0.76 us = 0.76 us (688.505 GFLOPS/s)
MUL_MAT_VEC q6_K m=1024 n=1 k=5120: 2 x 9.1 us = 18.2 us (1152.17 GFLOPS/s)
MUL_MAT_VEC q6_K m=12288 n=1 k=5120: 1 x 85.64 us = 85.64 us (1469.14 GFLOPS/s)
MUL_MAT_VEC q6_K m=17408 n=1 k=5120: 2 x 121.08 us = 242.16 us (1472.09 GFLOPS/s)
MUL_MAT_VEC q6_K m=98304 n=1 k=5120: 1 x 672.76 us = 672.76 us (1496.13 GFLOPS/s)
MUL_MAT_VEC q8_0 m=5120 n=1 k=10240: 1 x 101.4 us = 101.4 us (1034.05 GFLOPS/s)
PAD: 1 x 6.36 us = 6.36 us
RMS_NORM_MUL RMS_NORM(256,24,1,1): 1 x 3.6 us = 3.6 us
RMS_NORM_MUL RMS_NORM(256,4,1,1): 1 x 3.6 us = 3.6 us
RMS_NORM_MUL RMS_NORM(5120,1,1,1): 5 x 3.752 us = 18.76 us
ROPE: 2 x 3.6 us = 7.2 us
SET_ROWS: 2 x 2.84 us = 5.68 us
SIGMOID_MUL SIGMOID: 1 x 1.68 us = 1.68 us
TOP_K K=10 (98304,1,1,1): 1 x 9.12 us = 9.12 us
Total time: 1396.24 us.
----------------
Vulkan Timings:
CONCAT: 1 x 3.72 us = 3.72 us
CONT: 1 x 3.6 us = 3.6 us
FLASH_ATTN_EXT dst(256,24,1,1),  q(256,1,24,1),  k(256,256,4,1),  v(256,256,4,1),  m(256,1,1,1): 1 x 12.76 us = 12.76 us (493.061 GFLOPS/s)
GET_ROWS: 2 x 4.16 us = 8.32 us
GLU: 1 x 1.76 us = 1.76 us
MUL_MAT f32 m=256 n=24 k=256: 1 x 1.64 us = 1.64 us (1914.38 GFLOPS/s)
MUL_MAT f32 m=64 n=16 k=64: 1 x 3.64 us = 3.64 us (35.7275 GFLOPS/s)
MUL_MAT f32 m=64 n=96 k=64: 1 x 3.6 us = 3.6 us (216.747 GFLOPS/s)
MUL_MAT_ADD MUL_MAT_VEC q6_K m=5120 n=1 k=17408: 1 x 122.92 us = 122.92 us (1450.15 GFLOPS/s)
MUL_MAT_ADD MUL_MAT_VEC q6_K m=5120 n=1 k=6144: 1 x 54.52 us = 54.52 us (1153.88 GFLOPS/s)
MUL_MAT_VEC f32 m=256 n=4 k=256: 1 x 3 us = 3 us (174.421 GFLOPS/s)
MUL_MAT_VEC q6_K m=1024 n=1 k=5120: 2 x 9.3 us = 18.6 us (1127.39 GFLOPS/s)
MUL_MAT_VEC q6_K m=12288 n=1 k=5120: 1 x 85.8 us = 85.8 us (1466.4 GFLOPS/s)
MUL_MAT_VEC q6_K m=17408 n=1 k=5120: 2 x 121.02 us = 242.04 us (1472.82 GFLOPS/s)
MUL_MAT_VEC q6_K m=98304 n=1 k=5120: 1 x 672.48 us = 672.48 us (1496.75 GFLOPS/s)
MUL_MAT_VEC q8_0 m=5120 n=1 k=10240: 1 x 101.28 us = 101.28 us (1035.27 GFLOPS/s)
PAD: 1 x 6.28 us = 6.28 us
RMS_NORM_MUL RMS_NORM(256,24,1,1): 1 x 3.64 us = 3.64 us
RMS_NORM_MUL RMS_NORM(256,4,1,1): 1 x 3.64 us = 3.64 us
RMS_NORM_MUL RMS_NORM(5120,1,1,1): 5 x 3.824 us = 19.12 us
ROPE: 2 x 3.62 us = 7.24 us
SET_ROWS: 2 x 2.64 us = 5.28 us
SIGMOID_MUL SIGMOID: 1 x 1.68 us = 1.68 us
TOP_K K=10 (98304,1,1,1): 1 x 8.88 us = 8.88 us
Total time: 1395.44 us.
----------------
Vulkan Timings:
CONCAT: 1 x 3.76 us = 3.76 us
CONT: 1 x 3.6 us = 3.6 us
FLASH_ATTN_EXT dst(256,24,1,1),  q(256,1,24,1),  k(256,256,4,1),  v(256,256,4,1),  m(256,1,1,1): 1 x 12.88 us = 12.88 us (488.467 GFLOPS/s)
GET_ROWS: 2 x 4.28 us = 8.56 us
GLU: 1 x 2.16 us = 2.16 us
MUL_MAT f32 m=256 n=24 k=256: 1 x 1.64 us = 1.64 us (1914.38 GFLOPS/s)
MUL_MAT f32 m=64 n=16 k=64: 1 x 3.6 us = 3.6 us (36.1244 GFLOPS/s)
MUL_MAT f32 m=64 n=96 k=64: 1 x 3.64 us = 3.64 us (214.365 GFLOPS/s)
MUL_MAT_ADD MUL_MAT_VEC q6_K m=5120 n=1 k=17408: 1 x 123.64 us = 123.64 us (1441.71 GFLOPS/s)
MUL_MAT_ADD MUL_MAT_VEC q6_K m=5120 n=1 k=6144: 1 x 54.36 us = 54.36 us (1157.27 GFLOPS/s)
MUL_MAT_VEC f32 m=256 n=4 k=256: 1 x 3.04 us = 3.04 us (172.126 GFLOPS/s)
MUL_MAT_VEC q6_K m=1024 n=1 k=5120: 2 x 8.24 us = 16.48 us (1272.42 GFLOPS/s)
MUL_MAT_VEC q6_K m=12288 n=1 k=5120: 1 x 85.64 us = 85.64 us (1469.14 GFLOPS/s)
MUL_MAT_VEC q6_K m=17408 n=1 k=5120: 2 x 121.3 us = 242.6 us (1469.42 GFLOPS/s)
MUL_MAT_VEC q6_K m=98304 n=1 k=5120: 1 x 673.74 us = 673.74 us (1493.95 GFLOPS/s)
MUL_MAT_VEC q8_0 m=5120 n=1 k=10240: 1 x 100.76 us = 100.76 us (1040.62 GFLOPS/s)
PAD: 1 x 6.32 us = 6.32 us
RMS_NORM_MUL RMS_NORM(256,24,1,1): 1 x 5.36 us = 5.36 us
RMS_NORM_MUL RMS_NORM(256,4,1,1): 1 x 3.56 us = 3.56 us
RMS_NORM_MUL RMS_NORM(5120,1,1,1): 5 x 3.696 us = 18.48 us
ROPE: 2 x 3.52 us = 7.04 us
SET_ROWS: 2 x 2.66 us = 5.32 us
SIGMOID_MUL SIGMOID: 1 x 1.68 us = 1.68 us
TOP_K K=10 (98304,1,1,1): 1 x 8.92 us = 8.92 us
Total time: 1396.78 us.
----------------
Vulkan Timings:
ADD: 48 x 3.74 us = 179.56 us
CONCAT: 48 x 2.431 us = 116.72 us
CONT: 16 x 3.807 us = 60.92 us
CPY: 240 x 2.221 us = 533.2 us
FLASH_ATTN_EXT dst(256,24,5,1),  q(256,5,24,1),  k(256,256,4,1),  v(256,256,4,1),  m(256,5,1,1): 16 x 20.88 us = 334.08 us (1506.57 GFLOPS/s)
GDN_CACHE GATED_DELTA_NET: 48 x 12.939 us = 621.08 us
GET_ROWS: 50 x 24.69 us = 1234.52 us
GLU: 64 x 2.919 us = 186.84 us
MUL_MAT f32 m=256 n=120 k=256: 16 x 1.862 us = 29.8 us (8428.41 GFLOPS/s)
MUL_MAT f32 m=256 n=20 k=256: 16 x 2.807 us = 44.92 us (931.904 GFLOPS/s)
MUL_MAT f32 m=64 n=480 k=64: 16 x 3.627 us = 58.04 us (1075.52 GFLOPS/s)
MUL_MAT f32 m=64 n=80 k=64: 16 x 3.26 us = 52.16 us (199.46 GFLOPS/s)
MUL_MAT_ADD MUL_MAT_VEC q6_K m=5120 n=5 k=17408: 64 x 144.4 us = 9241.6 us (6172.19 GFLOPS/s)
MUL_MAT_ADD MUL_MAT_VEC q6_K m=5120 n=5 k=6144: 16 x 61.125 us = 978 us (5145.97 GFLOPS/s)
MUL_MAT_VEC f32 m=48 n=5 k=5120: 96 x 3.447 us = 330.96 us (712.795 GFLOPS/s)
MUL_MAT_VEC q6_K m=1024 n=5 k=5120: 32 x 10.237 us = 327.6 us (5120.75 GFLOPS/s)
MUL_MAT_VEC q6_K m=10240 n=5 k=5120: 48 x 96.721 us = 4642.64 us (5420.06 GFLOPS/s)
MUL_MAT_VEC q6_K m=12288 n=5 k=5120: 16 x 123.155 us = 1970.48 us (5108.07 GFLOPS/s)
MUL_MAT_VEC q6_K m=17408 n=5 k=5120: 128 x 165.561 us = 21191.9 us (5382.91 GFLOPS/s)
MUL_MAT_VEC q6_K m=248320 n=5 k=5120: 1 x 1956.56 us = 1956.56 us (6497.5 GFLOPS/s)
MUL_MAT_VEC q6_K m=6144 n=5 k=5120: 48 x 64.746 us = 3107.84 us (4858.04 GFLOPS/s)
MUL_MAT_VEC q8_0 m=5120 n=5 k=6144: 48 x 63.12 us = 3029.76 us (4983.32 GFLOPS/s)
RMS_NORM_MUL RMS_NORM(256,24,5,1): 16 x 3.835 us = 61.36 us
RMS_NORM_MUL RMS_NORM(256,4,5,1): 16 x 4.37 us = 69.92 us
RMS_NORM_MUL RMS_NORM(5120,5,1,1): 129 x 4.576 us = 590.4 us
RMS_NORM_MUL_SILU_MUL RMS_NORM(128,48,5,1): 48 x 5.615 us = 269.52 us
RMS_NORM_SCALE RMS_NORM(128,16,5,1): 96 x 2.665 us = 255.88 us
ROPE: 32 x 3.826 us = 122.44 us
SET_ROWS: 32 x 3.011 us = 96.36 us
SIGMOID_MUL SIGMOID: 16 x 3.665 us = 58.64 us
SSM_CONV_SILU SSM_CONV: 48 x 5.646 us = 271.04 us
Total time: 52024.7 us.
----------------
Vulkan Timings:
CONCAT: 1 x 1.88 us = 1.88 us
CONT: 1 x 3.6 us = 3.6 us
FLASH_ATTN_EXT dst(256,24,5,1),  q(256,5,24,1),  k(256,256,4,1),  v(256,256,4,1),  m(256,5,1,1): 1 x 20.44 us = 20.44 us (1539.01 GFLOPS/s)
GLU: 1 x 1.52 us = 1.52 us
MUL_MAT f32 m=256 n=120 k=256: 1 x 1.68 us = 1.68 us (9344 GFLOPS/s)
MUL_MAT f32 m=256 n=20 k=256: 1 x 3.04 us = 3.04 us (860.632 GFLOPS/s)
MUL_MAT f32 m=64 n=480 k=64: 1 x 3.64 us = 3.64 us (1071.82 GFLOPS/s)
MUL_MAT f32 m=64 n=80 k=64: 1 x 3.64 us = 3.64 us (178.637 GFLOPS/s)
MUL_MAT_ADD MUL_MAT_VEC q6_K m=5120 n=5 k=17408: 1 x 173.14 us = 173.14 us (5147.65 GFLOPS/s)
MUL_MAT_ADD MUL_MAT_VEC q6_K m=5120 n=5 k=6144: 1 x 70.56 us = 70.56 us (4457.87 GFLOPS/s)
MUL_MAT_VEC q6_K m=1024 n=5 k=5120: 2 x 12.24 us = 24.48 us (4282.98 GFLOPS/s)
MUL_MAT_VEC q6_K m=12288 n=5 k=5120: 1 x 146.91 us = 146.91 us (4282.11 GFLOPS/s)
MUL_MAT_VEC q6_K m=17408 n=5 k=5120: 2 x 159.22 us = 318.44 us (5597.3 GFLOPS/s)
MUL_MAT_VEC q8_0 m=5120 n=5 k=10240: 1 x 104.12 us = 104.12 us (5035.17 GFLOPS/s)
RMS_NORM_MUL RMS_NORM(256,24,5,1): 1 x 3.76 us = 3.76 us
RMS_NORM_MUL RMS_NORM(256,4,5,1): 1 x 3.64 us = 3.64 us
RMS_NORM_MUL RMS_NORM(5120,5,1,1): 5 x 8.442 us = 42.21 us
ROPE: 2 x 3.64 us = 7.28 us
SET_ROWS: 2 x 2.66 us = 5.32 us
SIGMOID_MUL SIGMOID: 1 x 1.68 us = 1.68 us
Total time: 940.98 us.
----------------
Vulkan Timings:
CONCAT: 1 x 3.64 us = 3.64 us
CONT: 1 x 3.52 us = 3.52 us
FLASH_ATTN_EXT dst(256,24,1,1),  q(256,1,24,1),  k(256,256,4,1),  v(256,256,4,1),  m(256,1,1,1): 1 x 12.68 us = 12.68 us (496.172 GFLOPS/s)
GET_ROWS: 2 x 4.22 us = 8.44 us
GLU: 1 x 1.6 us = 1.6 us
MUL_MAT f32 m=256 n=24 k=256: 1 x 1.56 us = 1.56 us (2012.55 GFLOPS/s)
MUL_MAT f32 m=64 n=16 k=64: 1 x 1.88 us = 1.88 us (69.1745 GFLOPS/s)
MUL_MAT f32 m=64 n=96 k=64: 1 x 3.2 us = 3.2 us (243.84 GFLOPS/s)
MUL_MAT_ADD MUL_MAT_VEC q6_K m=5120 n=1 k=17408: 1 x 130.04 us = 130.04 us (1370.75 GFLOPS/s)
MUL_MAT_ADD MUL_MAT_VEC q6_K m=5120 n=1 k=6144: 1 x 53.72 us = 53.72 us (1171.06 GFLOPS/s)
MUL_MAT_VEC f32 m=256 n=4 k=256: 1 x 3 us = 3 us (174.421 GFLOPS/s)
MUL_MAT_VEC q6_K m=1024 n=1 k=5120: 2 x 9.34 us = 18.68 us (1122.56 GFLOPS/s)
MUL_MAT_VEC q6_K m=12288 n=1 k=5120: 1 x 89.28 us = 89.28 us (1409.24 GFLOPS/s)
MUL_MAT_VEC q6_K m=17408 n=1 k=5120: 2 x 118.2 us = 236.4 us (1507.96 GFLOPS/s)
MUL_MAT_VEC q6_K m=98304 n=1 k=5120: 1 x 674.57 us = 674.57 us (1492.11 GFLOPS/s)
MUL_MAT_VEC q8_0 m=5120 n=1 k=10240: 1 x 92.68 us = 92.68 us (1131.34 GFLOPS/s)
PAD: 1 x 6.36 us = 6.36 us
RMS_NORM_MUL RMS_NORM(256,24,1,1): 1 x 3.2 us = 3.2 us
RMS_NORM_MUL RMS_NORM(256,4,1,1): 1 x 4.84 us = 4.84 us
RMS_NORM_MUL RMS_NORM(5120,1,1,1): 5 x 4.152 us = 20.76 us
ROPE: 2 x 3.32 us = 6.64 us
SET_ROWS: 2 x 2.62 us = 5.24 us
SIGMOID_MUL SIGMOID: 1 x 1.56 us = 1.56 us
TOP_K K=10 (98304,1,1,1): 1 x 8.8 us = 8.8 us
Total time: 1392.29 us.
----------------
Vulkan Timings:
CONCAT: 1 x 3.72 us = 3.72 us
CONT: 1 x 3.64 us = 3.64 us
FLASH_ATTN_EXT dst(256,24,1,1),  q(256,1,24,1),  k(256,256,4,1),  v(256,256,4,1),  m(256,1,1,1): 1 x 12.8 us = 12.8 us (491.52 GFLOPS/s)
GET_ROWS: 2 x 4.3 us = 8.6 us
GLU: 1 x 1.76 us = 1.76 us
MUL_MAT f32 m=256 n=24 k=256: 1 x 1.64 us = 1.64 us (1914.38 GFLOPS/s)
MUL_MAT f32 m=64 n=16 k=64: 1 x 3.64 us = 3.64 us (35.7275 GFLOPS/s)
MUL_MAT f32 m=64 n=96 k=64: 1 x 3.6 us = 3.6 us (216.747 GFLOPS/s)
MUL_MAT_ADD MUL_MAT_VEC q6_K m=5120 n=1 k=17408: 1 x 123.6 us = 123.6 us (1442.17 GFLOPS/s)
MUL_MAT_ADD MUL_MAT_VEC q6_K m=5120 n=1 k=6144: 1 x 53.44 us = 53.44 us (1177.2 GFLOPS/s)
MUL_MAT_VEC f32 m=256 n=4 k=256: 1 x 3 us = 3 us (174.421 GFLOPS/s)
MUL_MAT_VEC q6_K m=1024 n=1 k=5120: 2 x 9.12 us = 18.24 us (1149.64 GFLOPS/s)
MUL_MAT_VEC q6_K m=12288 n=1 k=5120: 1 x 85.8 us = 85.8 us (1466.4 GFLOPS/s)
MUL_MAT_VEC q6_K m=17408 n=1 k=5120: 2 x 121.22 us = 242.44 us (1470.39 GFLOPS/s)
MUL_MAT_VEC q6_K m=98304 n=1 k=5120: 1 x 673.92 us = 673.92 us (1493.55 GFLOPS/s)
MUL_MAT_VEC q8_0 m=5120 n=1 k=10240: 1 x 101.36 us = 101.36 us (1034.46 GFLOPS/s)
PAD: 1 x 6.4 us = 6.4 us
RMS_NORM_MUL RMS_NORM(256,24,1,1): 1 x 3.64 us = 3.64 us
RMS_NORM_MUL RMS_NORM(256,4,1,1): 1 x 3.6 us = 3.6 us
RMS_NORM_MUL RMS_NORM(5120,1,1,1): 5 x 3.736 us = 18.68 us
ROPE: 2 x 3.58 us = 7.16 us
SET_ROWS: 2 x 2.64 us = 5.28 us
SIGMOID_MUL SIGMOID: 1 x 1.68 us = 1.68 us
TOP_K K=10 (98304,1,1,1): 1 x 9 us = 9 us
Total time: 1396.64 us.
----------------
Vulkan Timings:
CONCAT: 1 x 3.8 us = 3.8 us
CONT: 1 x 3.6 us = 3.6 us
FLASH_ATTN_EXT dst(256,24,1,1),  q(256,1,24,1),  k(256,256,4,1),  v(256,256,4,1),  m(256,1,1,1): 1 x 12.88 us = 12.88 us (488.467 GFLOPS/s)
GET_ROWS: 2 x 4.28 us = 8.56 us
GLU: 1 x 1.8 us = 1.8 us
MUL_MAT f32 m=256 n=24 k=256: 1 x 1.64 us = 1.64 us (1914.38 GFLOPS/s)
MUL_MAT f32 m=64 n=16 k=64: 1 x 3.6 us = 3.6 us (36.1244 GFLOPS/s)
MUL_MAT f32 m=64 n=96 k=64: 1 x 3.64 us = 3.64 us (214.365 GFLOPS/s)
MUL_MAT_ADD MUL_MAT_VEC q6_K m=5120 n=1 k=17408: 1 x 124.16 us = 124.16 us (1435.67 GFLOPS/s)
MUL_MAT_ADD MUL_MAT_VEC q6_K m=5120 n=1 k=6144: 1 x 53.8 us = 53.8 us (1169.32 GFLOPS/s)
MUL_MAT_VEC f32 m=256 n=4 k=256: 1 x 3.04 us = 3.04 us (172.126 GFLOPS/s)
MUL_MAT_VEC q6_K m=1024 n=1 k=5120: 2 x 9.42 us = 18.84 us (1113.03 GFLOPS/s)
MUL_MAT_VEC q6_K m=12288 n=1 k=5120: 1 x 85.56 us = 85.56 us (1470.51 GFLOPS/s)
MUL_MAT_VEC q6_K m=17408 n=1 k=5120: 2 x 121.12 us = 242.24 us (1471.6 GFLOPS/s)
MUL_MAT_VEC q6_K m=98304 n=1 k=5120: 1 x 671.59 us = 671.59 us (1498.73 GFLOPS/s)
MUL_MAT_VEC q8_0 m=5120 n=1 k=10240: 1 x 101.04 us = 101.04 us (1037.73 GFLOPS/s)
PAD: 1 x 6.88 us = 6.88 us
RMS_NORM_MUL RMS_NORM(256,24,1,1): 1 x 3.56 us = 3.56 us
RMS_NORM_MUL RMS_NORM(256,4,1,1): 1 x 3.6 us = 3.6 us
RMS_NORM_MUL RMS_NORM(5120,1,1,1): 5 x 3.768 us = 18.84 us
ROPE: 2 x 3.56 us = 7.12 us
SET_ROWS: 2 x 2.64 us = 5.28 us
SIGMOID_MUL SIGMOID: 1 x 1.72 us = 1.72 us
TOP_K K=10 (98304,1,1,1): 1 x 9.24 us = 9.24 us
Total time: 1396.03 us.
----------------
Vulkan Timings:
CONCAT: 1 x 3.76 us = 3.76 us
CONT: 1 x 3.6 us = 3.6 us
FLASH_ATTN_EXT dst(256,24,1,1),  q(256,1,24,1),  k(256,256,4,1),  v(256,256,4,1),  m(256,1,1,1): 1 x 12.92 us = 12.92 us (486.955 GFLOPS/s)
GET_ROWS: 2 x 4.18 us = 8.36 us
GLU: 1 x 1.76 us = 1.76 us
MUL_MAT f32 m=256 n=24 k=256: 1 x 1.68 us = 1.68 us (1868.8 GFLOPS/s)
MUL_MAT f32 m=64 n=16 k=64: 1 x 3.64 us = 3.64 us (35.7275 GFLOPS/s)
MUL_MAT f32 m=64 n=96 k=64: 1 x 3.56 us = 3.56 us (219.182 GFLOPS/s)
MUL_MAT_ADD MUL_MAT_VEC q6_K m=5120 n=1 k=17408: 1 x 124.4 us = 124.4 us (1432.9 GFLOPS/s)
MUL_MAT_ADD MUL_MAT_VEC q6_K m=5120 n=1 k=6144: 1 x 54.24 us = 54.24 us (1159.83 GFLOPS/s)
MUL_MAT_VEC f32 m=256 n=4 k=256: 1 x 3.04 us = 3.04 us (172.126 GFLOPS/s)
MUL_MAT_VEC q6_K m=1024 n=1 k=5120: 2 x 9.24 us = 18.48 us (1134.71 GFLOPS/s)
MUL_MAT_VEC q6_K m=12288 n=1 k=5120: 1 x 85.72 us = 85.72 us (1467.77 GFLOPS/s)
MUL_MAT_VEC q6_K m=17408 n=1 k=5120: 2 x 121.4 us = 242.8 us (1468.21 GFLOPS/s)
MUL_MAT_VEC q6_K m=98304 n=1 k=5120: 1 x 671.52 us = 671.52 us (1498.89 GFLOPS/s)
MUL_MAT_VEC q8_0 m=5120 n=1 k=10240: 1 x 101.36 us = 101.36 us (1034.46 GFLOPS/s)
PAD: 1 x 7.12 us = 7.12 us
RMS_NORM_MUL RMS_NORM(256,24,1,1): 1 x 3.64 us = 3.64 us
RMS_NORM_MUL RMS_NORM(256,4,1,1): 1 x 3.6 us = 3.6 us
RMS_NORM_MUL RMS_NORM(5120,1,1,1): 5 x 3.72 us = 18.6 us
ROPE: 2 x 3.56 us = 7.12 us
SET_ROWS: 2 x 2.68 us = 5.36 us
SIGMOID_MUL SIGMOID: 1 x 1.68 us = 1.68 us
TOP_K K=10 (98304,1,1,1): 1 x 9.12 us = 9.12 us
Total time: 1397.08 us.
----------------
Vulkan Timings:
ADD: 48 x 3.727 us = 178.92 us
CONCAT: 48 x 2.427 us = 116.52 us
CONT: 16 x 3.792 us = 60.68 us
CPY: 240 x 2.215 us = 531.6 us
FLASH_ATTN_EXT dst(256,24,5,1),  q(256,5,24,1),  k(256,256,4,1),  v(256,256,4,1),  m(256,5,1,1): 16 x 20.7 us = 331.2 us (1519.68 GFLOPS/s)
GDN_CACHE GATED_DELTA_NET: 48 x 12.996 us = 623.84 us
GET_ROWS: 50 x 24.64 us = 1232.04 us
GLU: 64 x 2.969 us = 190.04 us
MUL_MAT f32 m=256 n=120 k=256: 16 x 1.812 us = 29 us (8660.92 GFLOPS/s)
MUL_MAT f32 m=256 n=20 k=256: 16 x 3.082 us = 49.32 us (848.766 GFLOPS/s)
MUL_MAT f32 m=64 n=480 k=64: 16 x 3.595 us = 57.52 us (1085.24 GFLOPS/s)
MUL_MAT f32 m=64 n=80 k=64: 16 x 3.255 us = 52.08 us (199.767 GFLOPS/s)
MUL_MAT_ADD MUL_MAT_VEC q6_K m=5120 n=5 k=17408: 64 x 144.271 us = 9233.36 us (6177.7 GFLOPS/s)
MUL_MAT_ADD MUL_MAT_VEC q6_K m=5120 n=5 k=6144: 16 x 60.99 us = 975.84 us (5157.36 GFLOPS/s)
MUL_MAT_VEC f32 m=48 n=5 k=5120: 96 x 3.395 us = 325.96 us (723.729 GFLOPS/s)
MUL_MAT_VEC q6_K m=1024 n=5 k=5120: 32 x 9.896 us = 316.68 us (5297.33 GFLOPS/s)
MUL_MAT_VEC q6_K m=10240 n=5 k=5120: 48 x 96.547 us = 4634.28 us (5429.83 GFLOPS/s)
MUL_MAT_VEC q6_K m=12288 n=5 k=5120: 16 x 123.352 us = 1973.64 us (5099.89 GFLOPS/s)
MUL_MAT_VEC q6_K m=17408 n=5 k=5120: 128 x 165.732 us = 21213.7 us (5377.37 GFLOPS/s)
MUL_MAT_VEC q6_K m=248320 n=5 k=5120: 1 x 1954.08 us = 1954.08 us (6505.74 GFLOPS/s)
MUL_MAT_VEC q6_K m=6144 n=5 k=5120: 48 x 64.764 us = 3108.68 us (4856.73 GFLOPS/s)
MUL_MAT_VEC q8_0 m=5120 n=5 k=6144: 48 x 63.055 us = 3026.64 us (4988.46 GFLOPS/s)
RMS_NORM_MUL RMS_NORM(256,24,5,1): 16 x 3.68 us = 58.88 us
RMS_NORM_MUL RMS_NORM(256,4,5,1): 16 x 4.36 us = 69.76 us
RMS_NORM_MUL RMS_NORM(5120,5,1,1): 129 x 4.524 us = 583.64 us
RMS_NORM_MUL_SILU_MUL RMS_NORM(128,48,5,1): 48 x 5.595 us = 268.6 us
RMS_NORM_SCALE RMS_NORM(128,16,5,1): 96 x 2.638 us = 253.28 us
ROPE: 32 x 3.813 us = 122.04 us
SET_ROWS: 32 x 2.926 us = 93.64 us
SIGMOID_MUL SIGMOID: 16 x 3.657 us = 58.52 us
SSM_CONV_SILU SSM_CONV: 48 x 5.665 us = 271.96 us
Total time: 51996 us.
----------------
Vulkan Timings:
CONCAT: 1 x 4 us = 4 us
CONT: 1 x 3.64 us = 3.64 us
FLASH_ATTN_EXT dst(256,24,5,1),  q(256,5,24,1),  k(256,256,4,1),  v(256,256,4,1),  m(256,5,1,1): 1 x 20.64 us = 20.64 us (1524.09 GFLOPS/s)
GLU: 1 x 1.76 us = 1.76 us
MUL_MAT f32 m=256 n=120 k=256: 1 x 1.68 us = 1.68 us (9344 GFLOPS/s)
MUL_MAT f32 m=256 n=20 k=256: 1 x 3.04 us = 3.04 us (860.632 GFLOPS/s)
MUL_MAT f32 m=64 n=480 k=64: 1 x 3.68 us = 3.68 us (1060.17 GFLOPS/s)
MUL_MAT f32 m=64 n=80 k=64: 1 x 3.64 us = 3.64 us (178.637 GFLOPS/s)
MUL_MAT_ADD MUL_MAT_VEC q6_K m=5120 n=5 k=17408: 1 x 175.35 us = 175.35 us (5082.77 GFLOPS/s)
MUL_MAT_ADD MUL_MAT_VEC q6_K m=5120 n=5 k=6144: 1 x 70.12 us = 70.12 us (4485.84 GFLOPS/s)
MUL_MAT_VEC q6_K m=1024 n=5 k=5120: 2 x 12.24 us = 24.48 us (4282.98 GFLOPS/s)
MUL_MAT_VEC q6_K m=12288 n=5 k=5120: 1 x 147.2 us = 147.2 us (4273.67 GFLOPS/s)
MUL_MAT_VEC q6_K m=17408 n=5 k=5120: 2 x 158.52 us = 317.04 us (5622.02 GFLOPS/s)
MUL_MAT_VEC q8_0 m=5120 n=5 k=10240: 1 x 105.96 us = 105.96 us (4947.74 GFLOPS/s)
RMS_NORM_MUL RMS_NORM(256,24,5,1): 1 x 3.76 us = 3.76 us
RMS_NORM_MUL RMS_NORM(256,4,5,1): 1 x 3.6 us = 3.6 us
RMS_NORM_MUL RMS_NORM(5120,5,1,1): 5 x 8.058 us = 40.29 us
ROPE: 2 x 3.6 us = 7.2 us
SET_ROWS: 2 x 2.66 us = 5.32 us
SIGMOID_MUL SIGMOID: 1 x 1.72 us = 1.72 us
Total time: 944.12 us.
----------------
Vulkan Timings:
CONCAT: 1 x 3.6 us = 3.6 us
CONT: 1 x 3.48 us = 3.48 us
FLASH_ATTN_EXT dst(256,24,1,1),  q(256,1,24,1),  k(256,256,4,1),  v(256,256,4,1),  m(256,1,1,1): 1 x 12.56 us = 12.56 us (500.912 GFLOPS/s)
GET_ROWS: 2 x 8.18 us = 16.36 us
GLU: 1 x 1.6 us = 1.6 us
MUL_MAT f32 m=256 n=24 k=256: 1 x 1.52 us = 1.52 us (2065.52 GFLOPS/s)
MUL_MAT f32 m=64 n=16 k=64: 1 x 1.84 us = 1.84 us (70.6783 GFLOPS/s)
MUL_MAT f32 m=64 n=96 k=64: 1 x 3.2 us = 3.2 us (243.84 GFLOPS/s)
MUL_MAT_ADD MUL_MAT_VEC q6_K m=5120 n=1 k=17408: 1 x 130.16 us = 130.16 us (1369.49 GFLOPS/s)
MUL_MAT_ADD MUL_MAT_VEC q6_K m=5120 n=1 k=6144: 1 x 53.64 us = 53.64 us (1172.81 GFLOPS/s)
MUL_MAT_VEC f32 m=256 n=4 k=256: 1 x 3 us = 3 us (174.421 GFLOPS/s)
MUL_MAT_VEC q6_K m=1024 n=1 k=5120: 2 x 9.2 us = 18.4 us (1139.65 GFLOPS/s)
MUL_MAT_VEC q6_K m=12288 n=1 k=5120: 1 x 90.36 us = 90.36 us (1392.4 GFLOPS/s)
MUL_MAT_VEC q6_K m=17408 n=1 k=5120: 2 x 117.76 us = 235.52 us (1513.59 GFLOPS/s)
MUL_MAT_VEC q6_K m=98304 n=1 k=5120: 1 x 672.36 us = 672.36 us (1497.02 GFLOPS/s)
MUL_MAT_VEC q8_0 m=5120 n=1 k=10240: 1 x 92.28 us = 92.28 us (1136.24 GFLOPS/s)
PAD: 1 x 4.96 us = 4.96 us
RMS_NORM_MUL RMS_NORM(256,24,1,1): 1 x 3.2 us = 3.2 us
RMS_NORM_MUL RMS_NORM(256,4,1,1): 1 x 4.84 us = 4.84 us
RMS_NORM_MUL RMS_NORM(5120,1,1,1): 5 x 4.344 us = 21.72 us
ROPE: 2 x 3.32 us = 6.64 us
SET_ROWS: 2 x 2.58 us = 5.16 us
SIGMOID_MUL SIGMOID: 1 x 1.56 us = 1.56 us
TOP_K K=10 (98304,1,1,1): 1 x 9.36 us = 9.36 us
Total time: 1397.32 us.
----------------
Vulkan Timings:
CONCAT: 1 x 3.8 us = 3.8 us
CONT: 1 x 3.64 us = 3.64 us
FLASH_ATTN_EXT dst(256,24,1,1),  q(256,1,24,1),  k(256,256,4,1),  v(256,256,4,1),  m(256,1,1,1): 1 x 12.96 us = 12.96 us (485.452 GFLOPS/s)
GET_ROWS: 2 x 4.32 us = 8.64 us
GLU: 1 x 1.84 us = 1.84 us
MUL_MAT f32 m=256 n=24 k=256: 1 x 1.64 us = 1.64 us (1914.38 GFLOPS/s)
MUL_MAT f32 m=64 n=16 k=64: 1 x 3.6 us = 3.6 us (36.1244 GFLOPS/s)
MUL_MAT f32 m=64 n=96 k=64: 1 x 3.64 us = 3.64 us (214.365 GFLOPS/s)
MUL_MAT_ADD MUL_MAT_VEC q6_K m=5120 n=1 k=17408: 1 x 123.44 us = 123.44 us (1444.04 GFLOPS/s)
MUL_MAT_ADD MUL_MAT_VEC q6_K m=5120 n=1 k=6144: 1 x 53.68 us = 53.68 us (1171.93 GFLOPS/s)
MUL_MAT_VEC f32 m=256 n=4 k=256: 1 x 3.04 us = 3.04 us (172.126 GFLOPS/s)
MUL_MAT_VEC q6_K m=1024 n=1 k=5120: 2 x 8.24 us = 16.48 us (1272.42 GFLOPS/s)
MUL_MAT_VEC q6_K m=12288 n=1 k=5120: 1 x 85.84 us = 85.84 us (1465.71 GFLOPS/s)
MUL_MAT_VEC q6_K m=17408 n=1 k=5120: 2 x 121.24 us = 242.48 us (1470.15 GFLOPS/s)
MUL_MAT_VEC q6_K m=98304 n=1 k=5120: 1 x 672.92 us = 672.92 us (1495.77 GFLOPS/s)
MUL_MAT_VEC q8_0 m=5120 n=1 k=10240: 1 x 100.44 us = 100.44 us (1043.93 GFLOPS/s)
PAD: 1 x 6.32 us = 6.32 us
RMS_NORM_MUL RMS_NORM(256,24,1,1): 1 x 5.36 us = 5.36 us
RMS_NORM_MUL RMS_NORM(256,4,1,1): 1 x 3.6 us = 3.6 us
RMS_NORM_MUL RMS_NORM(5120,1,1,1): 5 x 3.72 us = 18.6 us
ROPE: 2 x 3.58 us = 7.16 us
SET_ROWS: 2 x 2.66 us = 5.32 us
SIGMOID_MUL SIGMOID: 1 x 1.72 us = 1.72 us
TOP_K K=10 (98304,1,1,1): 1 x 8.88 us = 8.88 us
Total time: 1395.04 us.
----------------
Vulkan Timings:
CONCAT: 1 x 3.76 us = 3.76 us
CONT: 1 x 3.6 us = 3.6 us
FLASH_ATTN_EXT dst(256,24,1,1),  q(256,1,24,1),  k(256,256,4,1),  v(256,256,4,1),  m(256,1,1,1): 1 x 12.92 us = 12.92 us (486.955 GFLOPS/s)
GET_ROWS: 2 x 4.2 us = 8.4 us
GLU: 1 x 1.8 us = 1.8 us
MUL_MAT f32 m=256 n=24 k=256: 1 x 1.64 us = 1.64 us (1914.38 GFLOPS/s)
MUL_MAT f32 m=64 n=16 k=64: 1 x 3.64 us = 3.64 us (35.7275 GFLOPS/s)
MUL_MAT f32 m=64 n=96 k=64: 1 x 3.6 us = 3.6 us (216.747 GFLOPS/s)
MUL_MAT_ADD MUL_MAT_VEC q6_K m=5120 n=1 k=17408: 1 x 123.4 us = 123.4 us (1444.51 GFLOPS/s)
MUL_MAT_ADD MUL_MAT_VEC q6_K m=5120 n=1 k=6144: 1 x 53.32 us = 53.32 us (1179.85 GFLOPS/s)
MUL_MAT_VEC f32 m=256 n=4 k=256: 1 x 3.04 us = 3.04 us (172.126 GFLOPS/s)
MUL_MAT_VEC q6_K m=1024 n=1 k=5120: 2 x 9.12 us = 18.24 us (1149.64 GFLOPS/s)
MUL_MAT_VEC q6_K m=12288 n=1 k=5120: 1 x 85.76 us = 85.76 us (1467.08 GFLOPS/s)
MUL_MAT_VEC q6_K m=17408 n=1 k=5120: 2 x 121.28 us = 242.56 us (1469.66 GFLOPS/s)
MUL_MAT_VEC q6_K m=98304 n=1 k=5120: 1 x 673.65 us = 673.65 us (1494.15 GFLOPS/s)
MUL_MAT_VEC q8_0 m=5120 n=1 k=10240: 1 x 101 us = 101 us (1038.14 GFLOPS/s)
PAD: 1 x 6.28 us = 6.28 us
RMS_NORM_MUL RMS_NORM(256,24,1,1): 1 x 3.64 us = 3.64 us
RMS_NORM_MUL RMS_NORM(256,4,1,1): 1 x 3.6 us = 3.6 us
RMS_NORM_MUL RMS_NORM(5120,1,1,1): 5 x 3.744 us = 18.72 us
ROPE: 2 x 3.58 us = 7.16 us
SET_ROWS: 2 x 2.66 us = 5.32 us
SIGMOID_MUL SIGMOID: 1 x 2.6 us = 2.6 us
TOP_K K=10 (98304,1,1,1): 1 x 9.04 us = 9.04 us
Total time: 1396.69 us.
----------------
Vulkan Timings:
CONCAT: 1 x 3.76 us = 3.76 us
CONT: 1 x 3.64 us = 3.64 us
FLASH_ATTN_EXT dst(256,24,1,1),  q(256,1,24,1),  k(256,256,4,1),  v(256,256,4,1),  m(256,1,1,1): 1 x 12.88 us = 12.88 us (488.467 GFLOPS/s)
GET_ROWS: 2 x 4.28 us = 8.56 us
GLU: 1 x 1.72 us = 1.72 us
MUL_MAT f32 m=256 n=24 k=256: 1 x 1.64 us = 1.64 us (1914.38 GFLOPS/s)
MUL_MAT f32 m=64 n=16 k=64: 1 x 3.64 us = 3.64 us (35.7275 GFLOPS/s)
MUL_MAT f32 m=64 n=96 k=64: 1 x 3.6 us = 3.6 us (216.747 GFLOPS/s)
MUL_MAT_ADD MUL_MAT_VEC q6_K m=5120 n=1 k=17408: 1 x 123.44 us = 123.44 us (1444.04 GFLOPS/s)
MUL_MAT_ADD MUL_MAT_VEC q6_K m=5120 n=1 k=6144: 1 x 53.8 us = 53.8 us (1169.32 GFLOPS/s)
MUL_MAT_VEC f32 m=256 n=4 k=256: 1 x 3.04 us = 3.04 us (172.126 GFLOPS/s)
MUL_MAT_VEC q6_K m=1024 n=1 k=5120: 2 x 9.14 us = 18.28 us (1147.13 GFLOPS/s)
MUL_MAT_VEC q6_K m=12288 n=1 k=5120: 1 x 85.64 us = 85.64 us (1469.14 GFLOPS/s)
MUL_MAT_VEC q6_K m=17408 n=1 k=5120: 2 x 121.18 us = 242.36 us (1470.87 GFLOPS/s)
MUL_MAT_VEC q6_K m=98304 n=1 k=5120: 1 x 671.68 us = 671.68 us (1498.53 GFLOPS/s)
MUL_MAT_VEC q8_0 m=5120 n=1 k=10240: 1 x 101.24 us = 101.24 us (1035.68 GFLOPS/s)
PAD: 1 x 6.36 us = 6.36 us
RMS_NORM_MUL RMS_NORM(256,24,1,1): 1 x 3.6 us = 3.6 us
RMS_NORM_MUL RMS_NORM(256,4,1,1): 1 x 3.6 us = 3.6 us
RMS_NORM_MUL RMS_NORM(5120,1,1,1): 5 x 3.736 us = 18.68 us
ROPE: 2 x 3.58 us = 7.16 us
SET_ROWS: 2 x 2.66 us = 5.32 us
SIGMOID_MUL SIGMOID: 1 x 1.68 us = 1.68 us
TOP_K K=10 (98304,1,1,1): 1 x 9.32 us = 9.32 us
Total time: 1394.64 us.
----------------
Vulkan Timings:
ADD: 48 x 3.725 us = 178.8 us
CONCAT: 48 x 2.375 us = 114 us
CONT: 16 x 3.795 us = 60.72 us
CPY: 240 x 2.225 us = 534.16 us
FLASH_ATTN_EXT dst(256,24,5,1),  q(256,5,24,1),  k(256,256,4,1),  v(256,256,4,1),  m(256,5,1,1): 16 x 20.892 us = 334.28 us (1505.67 GFLOPS/s)
GDN_CACHE GATED_DELTA_NET: 48 x 12.99 us = 623.56 us
GET_ROWS: 50 x 24.504 us = 1225.24 us
GLU: 64 x 2.948 us = 188.68 us
MUL_MAT f32 m=256 n=120 k=256: 16 x 1.807 us = 28.92 us (8684.88 GFLOPS/s)
MUL_MAT f32 m=256 n=20 k=256: 16 x 3.085 us = 49.36 us (848.078 GFLOPS/s)
MUL_MAT f32 m=64 n=480 k=64: 16 x 3.595 us = 57.52 us (1085.24 GFLOPS/s)
MUL_MAT f32 m=64 n=80 k=64: 16 x 3.262 us = 52.2 us (199.307 GFLOPS/s)
MUL_MAT_ADD MUL_MAT_VEC q6_K m=5120 n=5 k=17408: 64 x 144.211 us = 9229.52 us (6180.27 GFLOPS/s)
MUL_MAT_ADD MUL_MAT_VEC q6_K m=5120 n=5 k=6144: 16 x 61.06 us = 976.96 us (5151.44 GFLOPS/s)
MUL_MAT_VEC f32 m=48 n=5 k=5120: 96 x 3.372 us = 323.76 us (728.646 GFLOPS/s)
MUL_MAT_VEC q6_K m=1024 n=5 k=5120: 32 x 9.868 us = 315.8 us (5312.09 GFLOPS/s)
MUL_MAT_VEC q6_K m=10240 n=5 k=5120: 48 x 96.528 us = 4633.36 us (5430.91 GFLOPS/s)
MUL_MAT_VEC q6_K m=12288 n=5 k=5120: 16 x 123.175 us = 1970.8 us (5107.24 GFLOPS/s)
MUL_MAT_VEC q6_K m=17408 n=5 k=5120: 128 x 165.815 us = 21224.4 us (5374.66 GFLOPS/s)
MUL_MAT_VEC q6_K m=248320 n=5 k=5120: 1 x 1953.48 us = 1953.48 us (6507.74 GFLOPS/s)
MUL_MAT_VEC q6_K m=6144 n=5 k=5120: 48 x 64.62 us = 3101.76 us (4867.57 GFLOPS/s)
MUL_MAT_VEC q8_0 m=5120 n=5 k=6144: 48 x 63.028 us = 3025.36 us (4990.57 GFLOPS/s)
RMS_NORM_MUL RMS_NORM(256,24,5,1): 16 x 3.68 us = 58.88 us
RMS_NORM_MUL RMS_NORM(256,4,5,1): 16 x 4.372 us = 69.96 us
RMS_NORM_MUL RMS_NORM(5120,5,1,1): 129 x 4.558 us = 588 us
RMS_NORM_MUL_SILU_MUL RMS_NORM(128,48,5,1): 48 x 5.587 us = 268.2 us
RMS_NORM_SCALE RMS_NORM(128,16,5,1): 96 x 2.66 us = 255.36 us
ROPE: 32 x 3.821 us = 122.28 us
SET_ROWS: 32 x 2.861 us = 91.56 us
SIGMOID_MUL SIGMOID: 16 x 3.645 us = 58.32 us
SSM_CONV_SILU SSM_CONV: 48 x 5.673 us = 272.32 us
Total time: 51987.5 us.
----------------
Vulkan Timings:
CONCAT: 1 x 3.96 us = 3.96 us
CONT: 1 x 3.68 us = 3.68 us
FLASH_ATTN_EXT dst(256,24,5,1),  q(256,5,24,1),  k(256,256,4,1),  v(256,256,4,1),  m(256,5,1,1): 1 x 20.64 us = 20.64 us (1524.09 GFLOPS/s)
GLU: 1 x 1.52 us = 1.52 us
MUL_MAT f32 m=256 n=120 k=256: 1 x 1.72 us = 1.72 us (9126.7 GFLOPS/s)
MUL_MAT f32 m=256 n=20 k=256: 1 x 3.04 us = 3.04 us (860.632 GFLOPS/s)
MUL_MAT f32 m=64 n=480 k=64: 1 x 3.64 us = 3.64 us (1071.82 GFLOPS/s)
MUL_MAT f32 m=64 n=80 k=64: 1 x 3.6 us = 3.6 us (180.622 GFLOPS/s)
MUL_MAT_ADD MUL_MAT_VEC q6_K m=5120 n=5 k=17408: 1 x 172.25 us = 172.25 us (5174.25 GFLOPS/s)
MUL_MAT_ADD MUL_MAT_VEC q6_K m=5120 n=5 k=6144: 1 x 69.72 us = 69.72 us (4511.58 GFLOPS/s)
MUL_MAT_VEC q6_K m=1024 n=5 k=5120: 2 x 12.26 us = 24.52 us (4275.99 GFLOPS/s)
MUL_MAT_VEC q6_K m=12288 n=5 k=5120: 1 x 146.58 us = 146.58 us (4291.75 GFLOPS/s)
MUL_MAT_VEC q6_K m=17408 n=5 k=5120: 2 x 159 us = 318 us (5605.05 GFLOPS/s)
MUL_MAT_VEC q8_0 m=5120 n=5 k=10240: 1 x 105 us = 105 us (4992.98 GFLOPS/s)
RMS_NORM_MUL RMS_NORM(256,24,5,1): 1 x 3.72 us = 3.72 us
RMS_NORM_MUL RMS_NORM(256,4,5,1): 1 x 3.6 us = 3.6 us
RMS_NORM_MUL RMS_NORM(5120,5,1,1): 5 x 8.102 us = 40.51 us
ROPE: 2 x 3.62 us = 7.24 us
SET_ROWS: 2 x 2.68 us = 5.36 us
SIGMOID_MUL SIGMOID: 1 x 1.76 us = 1.76 us
Total time: 940.06 us.
----------------
Vulkan Timings:
CONCAT: 1 x 3.68 us = 3.68 us
CONT: 1 x 3.52 us = 3.52 us
FLASH_ATTN_EXT dst(256,24,1,1),  q(256,1,24,1),  k(256,256,4,1),  v(256,256,4,1),  m(256,1,1,1): 1 x 12.48 us = 12.48 us (504.123 GFLOPS/s)
GET_ROWS: 2 x 4.2 us = 8.4 us
GLU: 1 x 1.56 us = 1.56 us
MUL_MAT f32 m=256 n=24 k=256: 1 x 1.56 us = 1.56 us (2012.55 GFLOPS/s)
MUL_MAT f32 m=64 n=16 k=64: 1 x 1.84 us = 1.84 us (70.6783 GFLOPS/s)
MUL_MAT f32 m=64 n=96 k=64: 1 x 3.24 us = 3.24 us (240.83 GFLOPS/s)
MUL_MAT_ADD MUL_MAT_VEC q6_K m=5120 n=1 k=17408: 1 x 129.92 us = 129.92 us (1372.02 GFLOPS/s)
MUL_MAT_ADD MUL_MAT_VEC q6_K m=5120 n=1 k=6144: 1 x 53.32 us = 53.32 us (1179.85 GFLOPS/s)
MUL_MAT_VEC f32 m=256 n=4 k=256: 1 x 3.04 us = 3.04 us (172.126 GFLOPS/s)
MUL_MAT_VEC q6_K m=1024 n=1 k=5120: 2 x 9.26 us = 18.52 us (1132.26 GFLOPS/s)
MUL_MAT_VEC q6_K m=12288 n=1 k=5120: 1 x 89.84 us = 89.84 us (1400.45 GFLOPS/s)
MUL_MAT_VEC q6_K m=17408 n=1 k=5120: 2 x 117.62 us = 235.24 us (1515.39 GFLOPS/s)
MUL_MAT_VEC q6_K m=98304 n=1 k=5120: 1 x 672.85 us = 672.85 us (1495.93 GFLOPS/s)
MUL_MAT_VEC q8_0 m=5120 n=1 k=10240: 1 x 92.8 us = 92.8 us (1129.88 GFLOPS/s)
PAD: 1 x 7.12 us = 7.12 us
RMS_NORM_MUL RMS_NORM(256,24,1,1): 1 x 3.2 us = 3.2 us
RMS_NORM_MUL RMS_NORM(256,4,1,1): 1 x 4.84 us = 4.84 us
RMS_NORM_MUL RMS_NORM(5120,1,1,1): 5 x 4.104 us = 20.52 us
ROPE: 2 x 3.32 us = 6.64 us
SET_ROWS: 2 x 2.56 us = 5.12 us
SIGMOID_MUL SIGMOID: 1 x 1.6 us = 1.6 us
TOP_K K=10 (98304,1,1,1): 1 x 8.6 us = 8.6 us
Total time: 1389.45 us.
----------------
Vulkan Timings:
CONCAT: 1 x 3.76 us = 3.76 us
CONT: 1 x 3.64 us = 3.64 us
FLASH_ATTN_EXT dst(256,24,1,1),  q(256,1,24,1),  k(256,256,4,1),  v(256,256,4,1),  m(256,1,1,1): 1 x 12.84 us = 12.84 us (489.989 GFLOPS/s)
GET_ROWS: 2 x 4.16 us = 8.32 us
GLU: 1 x 1.8 us = 1.8 us
MUL_MAT f32 m=256 n=24 k=256: 1 x 1.68 us = 1.68 us (1868.8 GFLOPS/s)
MUL_MAT f32 m=64 n=16 k=64: 1 x 3.64 us = 3.64 us (35.7275 GFLOPS/s)
MUL_MAT f32 m=64 n=96 k=64: 1 x 3.6 us = 3.6 us (216.747 GFLOPS/s)
MUL_MAT_ADD MUL_MAT_VEC q6_K m=5120 n=1 k=17408: 1 x 124.16 us = 124.16 us (1435.67 GFLOPS/s)
MUL_MAT_ADD MUL_MAT_VEC q6_K m=5120 n=1 k=6144: 1 x 54.48 us = 54.48 us (1154.73 GFLOPS/s)
MUL_MAT_VEC f32 m=256 n=4 k=256: 1 x 3 us = 3 us (174.421 GFLOPS/s)
MUL_MAT_VEC q6_K m=1024 n=1 k=5120: 2 x 9.06 us = 18.12 us (1157.26 GFLOPS/s)
MUL_MAT_VEC q6_K m=12288 n=1 k=5120: 1 x 85.8 us = 85.8 us (1466.4 GFLOPS/s)
MUL_MAT_VEC q6_K m=17408 n=1 k=5120: 2 x 121.28 us = 242.56 us (1469.66 GFLOPS/s)
MUL_MAT_VEC q6_K m=98304 n=1 k=5120: 1 x 672.73 us = 672.73 us (1496.19 GFLOPS/s)
MUL_MAT_VEC q8_0 m=5120 n=1 k=10240: 1 x 100.8 us = 100.8 us (1040.2 GFLOPS/s)
PAD: 1 x 6.32 us = 6.32 us
RMS_NORM_MUL RMS_NORM(256,24,1,1): 1 x 3.64 us = 3.64 us
RMS_NORM_MUL RMS_NORM(256,4,1,1): 1 x 3.64 us = 3.64 us
RMS_NORM_MUL RMS_NORM(5120,1,1,1): 5 x 3.712 us = 18.56 us
ROPE: 2 x 3.6 us = 7.2 us
SET_ROWS: 2 x 2.66 us = 5.32 us
SIGMOID_MUL SIGMOID: 1 x 1.68 us = 1.68 us
TOP_K K=10 (98304,1,1,1): 1 x 8.88 us = 8.88 us
Total time: 1396.17 us.
----------------
Vulkan Timings:
CONCAT: 1 x 3.76 us = 3.76 us
CONT: 1 x 3.6 us = 3.6 us
FLASH_ATTN_EXT dst(256,24,1,1),  q(256,1,24,1),  k(256,256,4,1),  v(256,256,4,1),  m(256,1,1,1): 1 x 12.92 us = 12.92 us (486.955 GFLOPS/s)
GET_ROWS: 2 x 4.28 us = 8.56 us
GLU: 1 x 1.76 us = 1.76 us
MUL_MAT f32 m=256 n=24 k=256: 1 x 1.6 us = 1.6 us (1962.24 GFLOPS/s)
MUL_MAT f32 m=64 n=16 k=64: 1 x 3.6 us = 3.6 us (36.1244 GFLOPS/s)
MUL_MAT f32 m=64 n=96 k=64: 1 x 3.64 us = 3.64 us (214.365 GFLOPS/s)
MUL_MAT_ADD MUL_MAT_VEC q6_K m=5120 n=1 k=17408: 1 x 124.16 us = 124.16 us (1435.67 GFLOPS/s)
MUL_MAT_ADD MUL_MAT_VEC q6_K m=5120 n=1 k=6144: 1 x 54.36 us = 54.36 us (1157.27 GFLOPS/s)
MUL_MAT_VEC f32 m=256 n=4 k=256: 1 x 3.04 us = 3.04 us (172.126 GFLOPS/s)
MUL_MAT_VEC q6_K m=1024 n=1 k=5120: 2 x 9.06 us = 18.12 us (1157.26 GFLOPS/s)
MUL_MAT_VEC q6_K m=12288 n=1 k=5120: 1 x 85.56 us = 85.56 us (1470.51 GFLOPS/s)
MUL_MAT_VEC q6_K m=17408 n=1 k=5120: 2 x 121.26 us = 242.52 us (1469.9 GFLOPS/s)
MUL_MAT_VEC q6_K m=98304 n=1 k=5120: 1 x 673.62 us = 673.62 us (1494.22 GFLOPS/s)
MUL_MAT_VEC q8_0 m=5120 n=1 k=10240: 1 x 100.92 us = 100.92 us (1038.97 GFLOPS/s)
PAD: 1 x 6.28 us = 6.28 us
RMS_NORM_MUL RMS_NORM(256,24,1,1): 1 x 3.64 us = 3.64 us
RMS_NORM_MUL RMS_NORM(256,4,1,1): 1 x 3.52 us = 3.52 us
RMS_NORM_MUL RMS_NORM(5120,1,1,1): 5 x 3.736 us = 18.68 us
ROPE: 2 x 3.56 us = 7.12 us
SET_ROWS: 2 x 2.62 us = 5.24 us
SIGMOID_MUL SIGMOID: 1 x 1.68 us = 1.68 us
TOP_K K=10 (98304,1,1,1): 1 x 9.08 us = 9.08 us
Total time: 1396.98 us.
----------------
Vulkan Timings:
CONCAT: 1 x 3.8 us = 3.8 us
CONT: 1 x 3.64 us = 3.64 us
FLASH_ATTN_EXT dst(256,24,1,1),  q(256,1,24,1),  k(256,256,4,1),  v(256,256,4,1),  m(256,1,1,1): 1 x 12.92 us = 12.92 us (486.955 GFLOPS/s)
GET_ROWS: 2 x 7.54 us = 15.08 us
GLU: 1 x 1.92 us = 1.92 us
MUL_MAT f32 m=256 n=24 k=256: 1 x 1.68 us = 1.68 us (1868.8 GFLOPS/s)
MUL_MAT f32 m=64 n=16 k=64: 1 x 3.6 us = 3.6 us (36.1244 GFLOPS/s)
MUL_MAT f32 m=64 n=96 k=64: 1 x 3.64 us = 3.64 us (214.365 GFLOPS/s)
MUL_MAT_ADD MUL_MAT_VEC q6_K m=5120 n=1 k=17408: 1 x 123.92 us = 123.92 us (1438.45 GFLOPS/s)
MUL_MAT_ADD MUL_MAT_VEC q6_K m=5120 n=1 k=6144: 1 x 53.76 us = 53.76 us (1170.19 GFLOPS/s)
MUL_MAT_VEC f32 m=256 n=4 k=256: 1 x 3 us = 3 us (174.421 GFLOPS/s)
MUL_MAT_VEC q6_K m=1024 n=1 k=5120: 2 x 9.06 us = 18.12 us (1157.26 GFLOPS/s)
MUL_MAT_VEC q6_K m=12288 n=1 k=5120: 1 x 85.92 us = 85.92 us (1464.35 GFLOPS/s)
MUL_MAT_VEC q6_K m=17408 n=1 k=5120: 2 x 121.04 us = 242.08 us (1472.58 GFLOPS/s)
MUL_MAT_VEC q6_K m=98304 n=1 k=5120: 1 x 673.18 us = 673.18 us (1495.19 GFLOPS/s)
MUL_MAT_VEC q8_0 m=5120 n=1 k=10240: 1 x 100.92 us = 100.92 us (1038.97 GFLOPS/s)
PAD: 1 x 4.88 us = 4.88 us
RMS_NORM_MUL RMS_NORM(256,24,1,1): 1 x 3.6 us = 3.6 us
RMS_NORM_MUL RMS_NORM(256,4,1,1): 1 x 3.56 us = 3.56 us
RMS_NORM_MUL RMS_NORM(5120,1,1,1): 5 x 3.76 us = 18.8 us
ROPE: 2 x 3.56 us = 7.12 us
SET_ROWS: 2 x 2.68 us = 5.36 us
SIGMOID_MUL SIGMOID: 1 x 1.64 us = 1.64 us
TOP_K K=10 (98304,1,1,1): 1 x 8.76 us = 8.76 us
Total time: 1400.9 us.
----------------
Vulkan Timings:
ADD: 48 x 3.735 us = 179.32 us
CONCAT: 48 x 2.424 us = 116.36 us
CONT: 16 x 3.777 us = 60.44 us
CPY: 240 x 2.202 us = 528.56 us
FLASH_ATTN_EXT dst(256,24,5,1),  q(256,5,24,1),  k(256,256,4,1),  v(256,256,4,1),  m(256,5,1,1): 16 x 20.927 us = 334.84 us (1503.16 GFLOPS/s)
GDN_CACHE GATED_DELTA_NET: 48 x 13.053 us = 626.56 us
GET_ROWS: 50 x 24.571 us = 1228.56 us
GLU: 64 x 2.907 us = 186.08 us
MUL_MAT f32 m=256 n=120 k=256: 16 x 1.855 us = 29.68 us (8462.49 GFLOPS/s)
MUL_MAT f32 m=256 n=20 k=256: 16 x 2.795 us = 44.72 us (936.072 GFLOPS/s)
MUL_MAT f32 m=64 n=480 k=64: 16 x 3.597 us = 57.56 us (1084.49 GFLOPS/s)
MUL_MAT f32 m=64 n=80 k=64: 16 x 3.252 us = 52.04 us (199.92 GFLOPS/s)
MUL_MAT_ADD MUL_MAT_VEC q6_K m=5120 n=5 k=17408: 64 x 144.395 us = 9241.28 us (6172.4 GFLOPS/s)
MUL_MAT_ADD MUL_MAT_VEC q6_K m=5120 n=5 k=6144: 16 x 60.902 us = 974.44 us (5164.77 GFLOPS/s)
MUL_MAT_VEC f32 m=48 n=5 k=5120: 96 x 3.384 us = 324.92 us (726.045 GFLOPS/s)
MUL_MAT_VEC q6_K m=1024 n=5 k=5120: 32 x 9.861 us = 315.56 us (5316.13 GFLOPS/s)
MUL_MAT_VEC q6_K m=10240 n=5 k=5120: 48 x 96.783 us = 4645.6 us (5416.6 GFLOPS/s)
MUL_MAT_VEC q6_K m=12288 n=5 k=5120: 16 x 123.422 us = 1974.76 us (5097 GFLOPS/s)
MUL_MAT_VEC q6_K m=17408 n=5 k=5120: 128 x 165.548 us = 21190.2 us (5383.32 GFLOPS/s)
MUL_MAT_VEC q6_K m=248320 n=5 k=5120: 1 x 1948.84 us = 1948.84 us (6523.24 GFLOPS/s)
MUL_MAT_VEC q6_K m=6144 n=5 k=5120: 48 x 64.675 us = 3104.4 us (4863.43 GFLOPS/s)
MUL_MAT_VEC q8_0 m=5120 n=5 k=6144: 48 x 63.152 us = 3031.32 us (4980.76 GFLOPS/s)
RMS_NORM_MUL RMS_NORM(256,24,5,1): 16 x 3.68 us = 58.88 us
RMS_NORM_MUL RMS_NORM(256,4,5,1): 16 x 4.355 us = 69.68 us
RMS_NORM_MUL RMS_NORM(5120,5,1,1): 129 x 4.55 us = 586.96 us
RMS_NORM_MUL_SILU_MUL RMS_NORM(128,48,5,1): 48 x 5.599 us = 268.76 us
RMS_NORM_SCALE RMS_NORM(128,16,5,1): 96 x 2.684 us = 257.68 us
ROPE: 32 x 3.815 us = 122.08 us
SET_ROWS: 32 x 2.941 us = 94.12 us
SIGMOID_MUL SIGMOID: 16 x 3.645 us = 58.32 us
SSM_CONV_SILU SSM_CONV: 48 x 5.666 us = 272 us
Total time: 51984.6 us.
----------------
Vulkan Timings:
CONCAT: 1 x 3.96 us = 3.96 us
CONT: 1 x 3.68 us = 3.68 us
FLASH_ATTN_EXT dst(256,24,5,1),  q(256,5,24,1),  k(256,256,4,1),  v(256,256,4,1),  m(256,5,1,1): 1 x 20.6 us = 20.6 us (1527.05 GFLOPS/s)
GLU: 1 x 1.48 us = 1.48 us
MUL_MAT f32 m=256 n=120 k=256: 1 x 1.72 us = 1.72 us (9126.7 GFLOPS/s)
MUL_MAT f32 m=256 n=20 k=256: 1 x 3.04 us = 3.04 us (860.632 GFLOPS/s)
MUL_MAT f32 m=64 n=480 k=64: 1 x 3.64 us = 3.64 us (1071.82 GFLOPS/s)
MUL_MAT f32 m=64 n=80 k=64: 1 x 3.68 us = 3.68 us (176.696 GFLOPS/s)
MUL_MAT_ADD MUL_MAT_VEC q6_K m=5120 n=5 k=17408: 1 x 172.68 us = 172.68 us (5161.36 GFLOPS/s)
MUL_MAT_ADD MUL_MAT_VEC q6_K m=5120 n=5 k=6144: 1 x 70 us = 70 us (4493.53 GFLOPS/s)
MUL_MAT_VEC q6_K m=1024 n=5 k=5120: 2 x 12.5 us = 25 us (4193.89 GFLOPS/s)
MUL_MAT_VEC q6_K m=12288 n=5 k=5120: 1 x 147.29 us = 147.29 us (4271.06 GFLOPS/s)
MUL_MAT_VEC q6_K m=17408 n=5 k=5120: 2 x 160.04 us = 320.08 us (5568.62 GFLOPS/s)
MUL_MAT_VEC q8_0 m=5120 n=5 k=10240: 1 x 106.24 us = 106.24 us (4934.7 GFLOPS/s)
RMS_NORM_MUL RMS_NORM(256,24,5,1): 1 x 3.8 us = 3.8 us
RMS_NORM_MUL RMS_NORM(256,4,5,1): 1 x 3.64 us = 3.64 us
RMS_NORM_MUL RMS_NORM(5120,5,1,1): 5 x 7.778 us = 38.89 us
ROPE: 2 x 3.66 us = 7.32 us
SET_ROWS: 2 x 2.66 us = 5.32 us
SIGMOID_MUL SIGMOID: 1 x 1.68 us = 1.68 us
Total time: 943.74 us.
0.34.066.045 I slot print_timing: id  0 | task 0 | n_gen =    100, tg =  29.54 t/s, tg_3s =  29.83 t/s
----------------
Vulkan Timings:
CONCAT: 1 x 3.64 us = 3.64 us
CONT: 1 x 3.48 us = 3.48 us
FLASH_ATTN_EXT dst(256,24,1,1),  q(256,1,24,1),  k(256,256,4,1),  v(256,256,4,1),  m(256,1,1,1): 1 x 12.44 us = 12.44 us (505.744 GFLOPS/s)
GET_ROWS: 2 x 4.22 us = 8.44 us
GLU: 1 x 1.68 us = 1.68 us
MUL_MAT f32 m=256 n=24 k=256: 1 x 1.56 us = 1.56 us (2012.55 GFLOPS/s)
MUL_MAT f32 m=64 n=16 k=64: 1 x 1.84 us = 1.84 us (70.6783 GFLOPS/s)
MUL_MAT f32 m=64 n=96 k=64: 1 x 3.24 us = 3.24 us (240.83 GFLOPS/s)
MUL_MAT_ADD MUL_MAT_VEC q6_K m=5120 n=1 k=17408: 1 x 130.2 us = 130.2 us (1369.07 GFLOPS/s)
MUL_MAT_ADD MUL_MAT_VEC q6_K m=5120 n=1 k=6144: 1 x 53.56 us = 53.56 us (1174.56 GFLOPS/s)
MUL_MAT_VEC f32 m=256 n=4 k=256: 1 x 3.04 us = 3.04 us (172.126 GFLOPS/s)
MUL_MAT_VEC q6_K m=1024 n=1 k=5120: 2 x 9.24 us = 18.48 us (1134.71 GFLOPS/s)
MUL_MAT_VEC q6_K m=12288 n=1 k=5120: 1 x 89.92 us = 89.92 us (1399.21 GFLOPS/s)
MUL_MAT_VEC q6_K m=17408 n=1 k=5120: 2 x 118.12 us = 236.24 us (1508.98 GFLOPS/s)
MUL_MAT_VEC q6_K m=98304 n=1 k=5120: 1 x 673.62 us = 673.62 us (1494.22 GFLOPS/s)
MUL_MAT_VEC q8_0 m=5120 n=1 k=10240: 1 x 92.04 us = 92.04 us (1139.21 GFLOPS/s)
PAD: 1 x 7.08 us = 7.08 us
RMS_NORM_MUL RMS_NORM(256,24,1,1): 1 x 3.2 us = 3.2 us
RMS_NORM_MUL RMS_NORM(256,4,1,1): 1 x 4.88 us = 4.88 us
RMS_NORM_MUL RMS_NORM(5120,1,1,1): 5 x 4.4 us = 22 us
ROPE: 2 x 3.36 us = 6.72 us
SET_ROWS: 2 x 2.6 us = 5.2 us
SIGMOID_MUL SIGMOID: 1 x 1.52 us = 1.52 us
TOP_K K=10 (98304,1,1,1): 1 x 8.96 us = 8.96 us
Total time: 1392.98 us.
----------------
Vulkan Timings:
CONCAT: 1 x 3.72 us = 3.72 us
CONT: 1 x 3.6 us = 3.6 us
FLASH_ATTN_EXT dst(256,24,1,1),  q(256,1,24,1),  k(256,256,4,1),  v(256,256,4,1),  m(256,1,1,1): 1 x 12.96 us = 12.96 us (485.452 GFLOPS/s)
GET_ROWS: 2 x 4.18 us = 8.36 us
GLU: 1 x 1.72 us = 1.72 us
MUL_MAT f32 m=256 n=24 k=256: 1 x 1.6 us = 1.6 us (1962.24 GFLOPS/s)
MUL_MAT f32 m=64 n=16 k=64: 1 x 3.6 us = 3.6 us (36.1244 GFLOPS/s)
MUL_MAT f32 m=64 n=96 k=64: 1 x 3.6 us = 3.6 us (216.747 GFLOPS/s)
MUL_MAT_ADD MUL_MAT_VEC q6_K m=5120 n=1 k=17408: 1 x 123.52 us = 123.52 us (1443.11 GFLOPS/s)
MUL_MAT_ADD MUL_MAT_VEC q6_K m=5120 n=1 k=6144: 1 x 53.6 us = 53.6 us (1173.68 GFLOPS/s)
MUL_MAT_VEC f32 m=256 n=4 k=256: 1 x 3.04 us = 3.04 us (172.126 GFLOPS/s)
MUL_MAT_VEC q6_K m=1024 n=1 k=5120: 2 x 9.18 us = 18.36 us (1142.13 GFLOPS/s)
MUL_MAT_VEC q6_K m=12288 n=1 k=5120: 1 x 86.24 us = 86.24 us (1458.92 GFLOPS/s)
MUL_MAT_VEC q6_K m=17408 n=1 k=5120: 2 x 121.22 us = 242.44 us (1470.39 GFLOPS/s)
MUL_MAT_VEC q6_K m=98304 n=1 k=5120: 1 x 674.01 us = 674.01 us (1493.35 GFLOPS/s)
MUL_MAT_VEC q8_0 m=5120 n=1 k=10240: 1 x 101.12 us = 101.12 us (1036.91 GFLOPS/s)
PAD: 1 x 6.36 us = 6.36 us
RMS_NORM_MUL RMS_NORM(256,24,1,1): 1 x 3.64 us = 3.64 us
RMS_NORM_MUL RMS_NORM(256,4,1,1): 1 x 3.56 us = 3.56 us
RMS_NORM_MUL RMS_NORM(5120,1,1,1): 5 x 3.728 us = 18.64 us
ROPE: 2 x 3.6 us = 7.2 us
SET_ROWS: 2 x 2.64 us = 5.28 us
SIGMOID_MUL SIGMOID: 1 x 1.72 us = 1.72 us
TOP_K K=10 (98304,1,1,1): 1 x 8.92 us = 8.92 us
Total time: 1396.81 us.
----------------
Vulkan Timings:
CONCAT: 1 x 3.76 us = 3.76 us
CONT: 1 x 3.64 us = 3.64 us
FLASH_ATTN_EXT dst(256,24,1,1),  q(256,1,24,1),  k(256,256,4,1),  v(256,256,4,1),  m(256,1,1,1): 1 x 12.96 us = 12.96 us (485.452 GFLOPS/s)
GET_ROWS: 2 x 4.3 us = 8.6 us
GLU: 1 x 1.8 us = 1.8 us
MUL_MAT f32 m=256 n=24 k=256: 1 x 1.68 us = 1.68 us (1868.8 GFLOPS/s)
MUL_MAT f32 m=64 n=16 k=64: 1 x 3.6 us = 3.6 us (36.1244 GFLOPS/s)
MUL_MAT f32 m=64 n=96 k=64: 1 x 3.6 us = 3.6 us (216.747 GFLOPS/s)
MUL_MAT_ADD MUL_MAT_VEC q6_K m=5120 n=1 k=17408: 1 x 122.88 us = 122.88 us (1450.62 GFLOPS/s)
MUL_MAT_ADD MUL_MAT_VEC q6_K m=5120 n=1 k=6144: 1 x 55 us = 55 us (1143.81 GFLOPS/s)
MUL_MAT_VEC f32 m=256 n=4 k=256: 1 x 3 us = 3 us (174.421 GFLOPS/s)
MUL_MAT_VEC q6_K m=1024 n=1 k=5120: 2 x 9.06 us = 18.12 us (1157.26 GFLOPS/s)
MUL_MAT_VEC q6_K m=12288 n=1 k=5120: 1 x 85.72 us = 85.72 us (1467.77 GFLOPS/s)
MUL_MAT_VEC q6_K m=17408 n=1 k=5120: 2 x 120.92 us = 241.84 us (1474.04 GFLOPS/s)
MUL_MAT_VEC q6_K m=98304 n=1 k=5120: 1 x 672.5 us = 672.5 us (1496.71 GFLOPS/s)
MUL_MAT_VEC q8_0 m=5120 n=1 k=10240: 1 x 101 us = 101 us (1038.14 GFLOPS/s)
PAD: 1 x 6.28 us = 6.28 us
RMS_NORM_MUL RMS_NORM(256,24,1,1): 1 x 3.6 us = 3.6 us
RMS_NORM_MUL RMS_NORM(256,4,1,1): 1 x 3.56 us = 3.56 us
RMS_NORM_MUL RMS_NORM(5120,1,1,1): 5 x 3.736 us = 18.68 us
ROPE: 2 x 3.58 us = 7.16 us
SET_ROWS: 2 x 2.66 us = 5.32 us
SIGMOID_MUL SIGMOID: 1 x 1.68 us = 1.68 us
TOP_K K=10 (98304,1,1,1): 1 x 8.88 us = 8.88 us
Total time: 1394.86 us.
----------------
Vulkan Timings:
CONCAT: 1 x 3.72 us = 3.72 us
CONT: 1 x 3.6 us = 3.6 us
FLASH_ATTN_EXT dst(256,24,1,1),  q(256,1,24,1),  k(256,256,4,1),  v(256,256,4,1),  m(256,1,1,1): 1 x 12.88 us = 12.88 us (488.467 GFLOPS/s)
GET_ROWS: 2 x 4.22 us = 8.44 us
GLU: 1 x 1.8 us = 1.8 us
MUL_MAT f32 m=256 n=24 k=256: 1 x 1.68 us = 1.68 us (1868.8 GFLOPS/s)
MUL_MAT f32 m=64 n=16 k=64: 1 x 3.64 us = 3.64 us (35.7275 GFLOPS/s)
MUL_MAT f32 m=64 n=96 k=64: 1 x 3.56 us = 3.56 us (219.182 GFLOPS/s)
MUL_MAT_ADD MUL_MAT_VEC q6_K m=5120 n=1 k=17408: 1 x 123.72 us = 123.72 us (1440.78 GFLOPS/s)
MUL_MAT_ADD MUL_MAT_VEC q6_K m=5120 n=1 k=6144: 1 x 54.08 us = 54.08 us (1163.27 GFLOPS/s)
MUL_MAT_VEC f32 m=256 n=4 k=256: 1 x 3.04 us = 3.04 us (172.126 GFLOPS/s)
MUL_MAT_VEC q6_K m=1024 n=1 k=5120: 2 x 9.08 us = 18.16 us (1154.71 GFLOPS/s)
MUL_MAT_VEC q6_K m=12288 n=1 k=5120: 1 x 85.88 us = 85.88 us (1465.03 GFLOPS/s)
MUL_MAT_VEC q6_K m=17408 n=1 k=5120: 2 x 121.7 us = 243.4 us (1464.59 GFLOPS/s)
MUL_MAT_VEC q6_K m=98304 n=1 k=5120: 1 x 673.48 us = 673.48 us (1494.53 GFLOPS/s)
MUL_MAT_VEC q8_0 m=5120 n=1 k=10240: 1 x 101.12 us = 101.12 us (1036.91 GFLOPS/s)
PAD: 1 x 6.32 us = 6.32 us
RMS_NORM_MUL RMS_NORM(256,24,1,1): 1 x 3.6 us = 3.6 us
RMS_NORM_MUL RMS_NORM(256,4,1,1): 1 x 3.56 us = 3.56 us
RMS_NORM_MUL RMS_NORM(5120,1,1,1): 5 x 3.72 us = 18.6 us
ROPE: 2 x 3.6 us = 7.2 us
SET_ROWS: 2 x 2.64 us = 5.28 us
SIGMOID_MUL SIGMOID: 1 x 1.64 us = 1.64 us
TOP_K K=10 (98304,1,1,1): 1 x 8.8 us = 8.8 us
Total time: 1397.2 us.
----------------
Vulkan Timings:
ADD: 48 x 3.747 us = 179.88 us
CONCAT: 48 x 2.516 us = 120.8 us
CONT: 16 x 3.797 us = 60.76 us
CPY: 240 x 2.224 us = 533.76 us
FLASH_ATTN_EXT dst(256,24,5,1),  q(256,5,24,1),  k(256,256,4,1),  v(256,256,4,1),  m(256,5,1,1): 16 x 20.75 us = 332 us (1516.01 GFLOPS/s)
GDN_CACHE GATED_DELTA_NET: 48 x 13.195 us = 633.4 us
GET_ROWS: 50 x 24.492 us = 1224.6 us
GLU: 64 x 2.91 us = 186.24 us
MUL_MAT f32 m=256 n=120 k=256: 16 x 1.797 us = 28.76 us (8733.2 GFLOPS/s)
MUL_MAT f32 m=256 n=20 k=256: 16 x 3.095 us = 49.52 us (845.338 GFLOPS/s)
MUL_MAT f32 m=64 n=480 k=64: 16 x 3.612 us = 57.8 us (1079.98 GFLOPS/s)
MUL_MAT f32 m=64 n=80 k=64: 16 x 3.255 us = 52.08 us (199.767 GFLOPS/s)
MUL_MAT_ADD MUL_MAT_VEC q6_K m=5120 n=5 k=17408: 64 x 144.522 us = 9249.44 us (6166.96 GFLOPS/s)
MUL_MAT_ADD MUL_MAT_VEC q6_K m=5120 n=5 k=6144: 16 x 61.19 us = 979.04 us (5140.5 GFLOPS/s)
MUL_MAT_VEC f32 m=48 n=5 k=5120: 96 x 3.396 us = 326.08 us (723.462 GFLOPS/s)
MUL_MAT_VEC q6_K m=1024 n=5 k=5120: 32 x 10.256 us = 328.2 us (5111.39 GFLOPS/s)
MUL_MAT_VEC q6_K m=10240 n=5 k=5120: 48 x 96.77 us = 4645 us (5417.3 GFLOPS/s)
MUL_MAT_VEC q6_K m=12288 n=5 k=5120: 16 x 123 us = 1968 us (5114.51 GFLOPS/s)
MUL_MAT_VEC q6_K m=17408 n=5 k=5120: 128 x 166.344 us = 21292.1 us (5357.58 GFLOPS/s)
MUL_MAT_VEC q6_K m=248320 n=5 k=5120: 1 x 1955.56 us = 1955.56 us (6500.82 GFLOPS/s)
MUL_MAT_VEC q6_K m=6144 n=5 k=5120: 48 x 64.918 us = 3116.08 us (4845.2 GFLOPS/s)
MUL_MAT_VEC q8_0 m=5120 n=5 k=6144: 48 x 63.148 us = 3031.12 us (4981.08 GFLOPS/s)
RMS_NORM_MUL RMS_NORM(256,24,5,1): 16 x 3.69 us = 59.04 us
RMS_NORM_MUL RMS_NORM(256,4,5,1): 16 x 4.387 us = 70.2 us
RMS_NORM_MUL RMS_NORM(5120,5,1,1): 129 x 4.559 us = 588.12 us
RMS_NORM_MUL_SILU_MUL RMS_NORM(128,48,5,1): 48 x 5.614 us = 269.48 us
RMS_NORM_SCALE RMS_NORM(128,16,5,1): 96 x 2.666 us = 255.96 us
ROPE: 32 x 3.823 us = 122.36 us
SET_ROWS: 32 x 2.931 us = 93.8 us
SIGMOID_MUL SIGMOID: 16 x 3.657 us = 58.52 us
SSM_CONV_SILU SSM_CONV: 48 x 5.65 us = 271.24 us
Total time: 52138.9 us.
----------------
Vulkan Timings:
CONCAT: 1 x 3.92 us = 3.92 us
CONT: 1 x 3.64 us = 3.64 us
FLASH_ATTN_EXT dst(256,24,5,1),  q(256,5,24,1),  k(256,256,4,1),  v(256,256,4,1),  m(256,5,1,1): 1 x 20.68 us = 20.68 us (1521.15 GFLOPS/s)
GLU: 1 x 1.52 us = 1.52 us
MUL_MAT f32 m=256 n=120 k=256: 1 x 1.72 us = 1.72 us (9126.7 GFLOPS/s)
MUL_MAT f32 m=256 n=20 k=256: 1 x 3.04 us = 3.04 us (860.632 GFLOPS/s)
MUL_MAT f32 m=64 n=480 k=64: 1 x 3.68 us = 3.68 us (1060.17 GFLOPS/s)
MUL_MAT f32 m=64 n=80 k=64: 1 x 3.64 us = 3.64 us (178.637 GFLOPS/s)
MUL_MAT_ADD MUL_MAT_VEC q6_K m=5120 n=5 k=17408: 1 x 173.36 us = 173.36 us (5141.12 GFLOPS/s)
MUL_MAT_ADD MUL_MAT_VEC q6_K m=5120 n=5 k=6144: 1 x 69.84 us = 69.84 us (4503.83 GFLOPS/s)
MUL_MAT_VEC q6_K m=1024 n=5 k=5120: 2 x 11.38 us = 22.76 us (4606.65 GFLOPS/s)
MUL_MAT_VEC q6_K m=12288 n=5 k=5120: 1 x 148.04 us = 148.04 us (4249.42 GFLOPS/s)
MUL_MAT_VEC q6_K m=17408 n=5 k=5120: 2 x 160.44 us = 320.88 us (5554.74 GFLOPS/s)
MUL_MAT_VEC q8_0 m=5120 n=5 k=10240: 1 x 105.88 us = 105.88 us (4951.48 GFLOPS/s)
RMS_NORM_MUL RMS_NORM(256,24,5,1): 1 x 5.72 us = 5.72 us
RMS_NORM_MUL RMS_NORM(256,4,5,1): 1 x 3.6 us = 3.6 us
RMS_NORM_MUL RMS_NORM(5120,5,1,1): 5 x 8.166 us = 40.83 us
ROPE: 2 x 3.62 us = 7.24 us
SET_ROWS: 2 x 2.64 us = 5.28 us
SIGMOID_MUL SIGMOID: 1 x 1.72 us = 1.72 us
Total time: 946.99 us.
----------------
Vulkan Timings:
CONCAT: 1 x 3.64 us = 3.64 us
CONT: 1 x 3.56 us = 3.56 us
FLASH_ATTN_EXT dst(256,24,1,1),  q(256,1,24,1),  k(256,256,4,1),  v(256,256,4,1),  m(256,1,1,1): 1 x 12.48 us = 12.48 us (504.123 GFLOPS/s)
GET_ROWS: 2 x 4.2 us = 8.4 us
GLU: 1 x 1.6 us = 1.6 us
MUL_MAT f32 m=256 n=24 k=256: 1 x 1.48 us = 1.48 us (2121.34 GFLOPS/s)
MUL_MAT f32 m=64 n=16 k=64: 1 x 1.8 us = 1.8 us (72.2489 GFLOPS/s)
MUL_MAT f32 m=64 n=96 k=64: 1 x 3.24 us = 3.24 us (240.83 GFLOPS/s)
MUL_MAT_ADD MUL_MAT_VEC q6_K m=5120 n=1 k=17408: 1 x 131.44 us = 131.44 us (1356.15 GFLOPS/s)
MUL_MAT_ADD MUL_MAT_VEC q6_K m=5120 n=1 k=6144: 1 x 54.44 us = 54.44 us (1155.57 GFLOPS/s)
MUL_MAT_VEC f32 m=256 n=4 k=256: 1 x 3.04 us = 3.04 us (172.126 GFLOPS/s)
MUL_MAT_VEC q6_K m=1024 n=1 k=5120: 2 x 9.34 us = 18.68 us (1122.56 GFLOPS/s)
MUL_MAT_VEC q6_K m=12288 n=1 k=5120: 1 x 90.48 us = 90.48 us (1390.55 GFLOPS/s)
MUL_MAT_VEC q6_K m=17408 n=1 k=5120: 2 x 117.82 us = 235.64 us (1512.82 GFLOPS/s)
MUL_MAT_VEC q6_K m=98304 n=1 k=5120: 1 x 674.89 us = 674.89 us (1491.41 GFLOPS/s)
MUL_MAT_VEC q8_0 m=5120 n=1 k=10240: 1 x 91.56 us = 91.56 us (1145.18 GFLOPS/s)
PAD: 1 x 6.36 us = 6.36 us
RMS_NORM_MUL RMS_NORM(256,24,1,1): 1 x 3.2 us = 3.2 us
RMS_NORM_MUL RMS_NORM(256,4,1,1): 1 x 4.84 us = 4.84 us
RMS_NORM_MUL RMS_NORM(5120,1,1,1): 5 x 4.368 us = 21.84 us
ROPE: 2 x 3.34 us = 6.68 us
SET_ROWS: 2 x 2.58 us = 5.16 us
SIGMOID_MUL SIGMOID: 1 x 1.84 us = 1.84 us
TOP_K K=10 (98304,1,1,1): 1 x 8.8 us = 8.8 us
Total time: 1395.09 us.
----------------
Vulkan Timings:
CONCAT: 1 x 3.96 us = 3.96 us
CONT: 1 x 3.68 us = 3.68 us
FLASH_ATTN_EXT dst(256,24,1,1),  q(256,1,24,1),  k(256,256,4,1),  v(256,256,4,1),  m(256,1,1,1): 1 x 12.76 us = 12.76 us (493.061 GFLOPS/s)
GET_ROWS: 2 x 4.2 us = 8.4 us
GLU: 1 x 1.88 us = 1.88 us
MUL_MAT f32 m=256 n=24 k=256: 1 x 1.64 us = 1.64 us (1914.38 GFLOPS/s)
MUL_MAT f32 m=64 n=16 k=64: 1 x 3.64 us = 3.64 us (35.7275 GFLOPS/s)
MUL_MAT f32 m=64 n=96 k=64: 1 x 3.6 us = 3.6 us (216.747 GFLOPS/s)
MUL_MAT_ADD MUL_MAT_VEC q6_K m=5120 n=1 k=17408: 1 x 124.44 us = 124.44 us (1432.44 GFLOPS/s)
MUL_MAT_ADD MUL_MAT_VEC q6_K m=5120 n=1 k=6144: 1 x 54.32 us = 54.32 us (1158.13 GFLOPS/s)
MUL_MAT_VEC f32 m=256 n=4 k=256: 1 x 3.04 us = 3.04 us (172.126 GFLOPS/s)
MUL_MAT_VEC q6_K m=1024 n=1 k=5120: 2 x 9.14 us = 18.28 us (1147.13 GFLOPS/s)
MUL_MAT_VEC q6_K m=12288 n=1 k=5120: 1 x 85.96 us = 85.96 us (1463.67 GFLOPS/s)
MUL_MAT_VEC q6_K m=17408 n=1 k=5120: 2 x 121.44 us = 242.88 us (1467.72 GFLOPS/s)
MUL_MAT_VEC q6_K m=98304 n=1 k=5120: 1 x 671.82 us = 671.82 us (1498.22 GFLOPS/s)
MUL_MAT_VEC q8_0 m=5120 n=1 k=10240: 1 x 101.4 us = 101.4 us (1034.05 GFLOPS/s)
PAD: 1 x 7.04 us = 7.04 us
RMS_NORM_MUL RMS_NORM(256,24,1,1): 1 x 3.6 us = 3.6 us
RMS_NORM_MUL RMS_NORM(256,4,1,1): 1 x 3.56 us = 3.56 us
RMS_NORM_MUL RMS_NORM(5120,1,1,1): 5 x 3.712 us = 18.56 us
ROPE: 2 x 3.58 us = 7.16 us
SET_ROWS: 2 x 2.66 us = 5.32 us
SIGMOID_MUL SIGMOID: 1 x 1.64 us = 1.64 us
TOP_K K=10 (98304,1,1,1): 1 x 8.84 us = 8.84 us
Total time: 1397.42 us.
----------------
Vulkan Timings:
CONCAT: 1 x 3.72 us = 3.72 us
CONT: 1 x 3.6 us = 3.6 us
FLASH_ATTN_EXT dst(256,24,1,1),  q(256,1,24,1),  k(256,256,4,1),  v(256,256,4,1),  m(256,1,1,1): 1 x 12.76 us = 12.76 us (493.061 GFLOPS/s)
GET_ROWS: 2 x 4.2 us = 8.4 us
GLU: 1 x 1.84 us = 1.84 us
MUL_MAT f32 m=256 n=24 k=256: 1 x 1.72 us = 1.72 us (1825.34 GFLOPS/s)
MUL_MAT f32 m=64 n=16 k=64: 1 x 3.64 us = 3.64 us (35.7275 GFLOPS/s)
MUL_MAT f32 m=64 n=96 k=64: 1 x 3.6 us = 3.6 us (216.747 GFLOPS/s)
MUL_MAT_ADD MUL_MAT_VEC q6_K m=5120 n=1 k=17408: 1 x 123.56 us = 123.56 us (1442.64 GFLOPS/s)
MUL_MAT_ADD MUL_MAT_VEC q6_K m=5120 n=1 k=6144: 1 x 53.96 us = 53.96 us (1165.85 GFLOPS/s)
MUL_MAT_VEC f32 m=256 n=4 k=256: 1 x 3 us = 3 us (174.421 GFLOPS/s)
MUL_MAT_VEC q6_K m=1024 n=1 k=5120: 2 x 9.08 us = 18.16 us (1154.71 GFLOPS/s)
MUL_MAT_VEC q6_K m=12288 n=1 k=5120: 1 x 86 us = 86 us (1462.99 GFLOPS/s)
MUL_MAT_VEC q6_K m=17408 n=1 k=5120: 2 x 121.06 us = 242.12 us (1472.33 GFLOPS/s)
MUL_MAT_VEC q6_K m=98304 n=1 k=5120: 1 x 673.69 us = 673.69 us (1494.06 GFLOPS/s)
MUL_MAT_VEC q8_0 m=5120 n=1 k=10240: 1 x 101.12 us = 101.12 us (1036.91 GFLOPS/s)
PAD: 1 x 6.32 us = 6.32 us
RMS_NORM_MUL RMS_NORM(256,24,1,1): 1 x 3.6 us = 3.6 us
RMS_NORM_MUL RMS_NORM(256,4,1,1): 1 x 3.64 us = 3.64 us
RMS_NORM_MUL RMS_NORM(5120,1,1,1): 5 x 3.672 us = 18.36 us
ROPE: 2 x 3.6 us = 7.2 us
SET_ROWS: 2 x 2.62 us = 5.24 us
SIGMOID_MUL SIGMOID: 1 x 1.68 us = 1.68 us
TOP_K K=10 (98304,1,1,1): 1 x 9.04 us = 9.04 us
Total time: 1395.97 us.
----------------
Vulkan Timings:
CONCAT: 1 x 3.76 us = 3.76 us
CONT: 1 x 3.64 us = 3.64 us
FLASH_ATTN_EXT dst(256,24,1,1),  q(256,1,24,1),  k(256,256,4,1),  v(256,256,4,1),  m(256,1,1,1): 1 x 12.96 us = 12.96 us (485.452 GFLOPS/s)
GET_ROWS: 2 x 4.18 us = 8.36 us
GLU: 1 x 1.72 us = 1.72 us
MUL_MAT f32 m=256 n=24 k=256: 1 x 1.6 us = 1.6 us (1962.24 GFLOPS/s)
MUL_MAT f32 m=64 n=16 k=64: 1 x 3.6 us = 3.6 us (36.1244 GFLOPS/s)
MUL_MAT f32 m=64 n=96 k=64: 1 x 3.6 us = 3.6 us (216.747 GFLOPS/s)
MUL_MAT_ADD MUL_MAT_VEC q6_K m=5120 n=1 k=17408: 1 x 124.68 us = 124.68 us (1429.68 GFLOPS/s)
MUL_MAT_ADD MUL_MAT_VEC q6_K m=5120 n=1 k=6144: 1 x 53.52 us = 53.52 us (1175.44 GFLOPS/s)
MUL_MAT_VEC f32 m=256 n=4 k=256: 1 x 3.04 us = 3.04 us (172.126 GFLOPS/s)
MUL_MAT_VEC q6_K m=1024 n=1 k=5120: 2 x 9.16 us = 18.32 us (1144.62 GFLOPS/s)
MUL_MAT_VEC q6_K m=12288 n=1 k=5120: 1 x 91.08 us = 91.08 us (1381.39 GFLOPS/s)
MUL_MAT_VEC q6_K m=17408 n=1 k=5120: 2 x 121.18 us = 242.36 us (1470.87 GFLOPS/s)
MUL_MAT_VEC q6_K m=98304 n=1 k=5120: 1 x 674.19 us = 674.19 us (1492.95 GFLOPS/s)
MUL_MAT_VEC q8_0 m=5120 n=1 k=10240: 1 x 101.24 us = 101.24 us (1035.68 GFLOPS/s)
PAD: 1 x 6.36 us = 6.36 us
RMS_NORM_MUL RMS_NORM(256,24,1,1): 1 x 3.6 us = 3.6 us
RMS_NORM_MUL RMS_NORM(256,4,1,1): 1 x 3.6 us = 3.6 us
RMS_NORM_MUL RMS_NORM(5120,1,1,1): 5 x 3.736 us = 18.68 us
ROPE: 2 x 3.56 us = 7.12 us
SET_ROWS: 2 x 2.64 us = 5.28 us
SIGMOID_MUL SIGMOID: 1 x 1.72 us = 1.72 us
TOP_K K=10 (98304,1,1,1): 1 x 9.16 us = 9.16 us
Total time: 1403.19 us.
----------------
Vulkan Timings:
ADD: 48 x 3.743 us = 179.68 us
CONCAT: 48 x 2.389 us = 114.68 us
CONT: 16 x 3.792 us = 60.68 us
CPY: 240 x 2.208 us = 530.08 us
FLASH_ATTN_EXT dst(256,24,5,1),  q(256,5,24,1),  k(256,256,4,1),  v(256,256,4,1),  m(256,5,1,1): 16 x 20.792 us = 332.68 us (1512.91 GFLOPS/s)
GDN_CACHE GATED_DELTA_NET: 48 x 13.04 us = 625.92 us
GET_ROWS: 50 x 24.688 us = 1234.44 us
GLU: 64 x 2.909 us = 186.2 us
MUL_MAT f32 m=256 n=120 k=256: 16 x 1.797 us = 28.76 us (8733.2 GFLOPS/s)
MUL_MAT f32 m=256 n=20 k=256: 16 x 3.087 us = 49.4 us (847.391 GFLOPS/s)
MUL_MAT f32 m=64 n=480 k=64: 16 x 3.602 us = 57.64 us (1082.98 GFLOPS/s)
MUL_MAT f32 m=64 n=80 k=64: 16 x 3.247 us = 51.96 us (200.228 GFLOPS/s)
MUL_MAT_ADD MUL_MAT_VEC q6_K m=5120 n=5 k=17408: 64 x 144.476 us = 9246.52 us (6168.9 GFLOPS/s)
MUL_MAT_ADD MUL_MAT_VEC q6_K m=5120 n=5 k=6144: 16 x 61.157 us = 978.52 us (5143.23 GFLOPS/s)
MUL_MAT_VEC f32 m=48 n=5 k=5120: 96 x 3.431 us = 329.4 us (716.17 GFLOPS/s)
MUL_MAT_VEC q6_K m=1024 n=5 k=5120: 32 x 9.896 us = 316.68 us (5297.33 GFLOPS/s)
MUL_MAT_VEC q6_K m=10240 n=5 k=5120: 48 x 96.679 us = 4640.6 us (5422.44 GFLOPS/s)
MUL_MAT_VEC q6_K m=12288 n=5 k=5120: 16 x 123.302 us = 1972.84 us (5101.96 GFLOPS/s)
MUL_MAT_VEC q6_K m=17408 n=5 k=5120: 128 x 165.887 us = 21233.6 us (5372.33 GFLOPS/s)
MUL_MAT_VEC q6_K m=248320 n=5 k=5120: 1 x 1955.76 us = 1955.76 us (6500.15 GFLOPS/s)
MUL_MAT_VEC q6_K m=6144 n=5 k=5120: 48 x 64.762 us = 3108.6 us (4856.86 GFLOPS/s)
MUL_MAT_VEC q8_0 m=5120 n=5 k=6144: 48 x 62.967 us = 3022.44 us (4995.39 GFLOPS/s)
RMS_NORM_MUL RMS_NORM(256,24,5,1): 16 x 3.685 us = 58.96 us
RMS_NORM_MUL RMS_NORM(256,4,5,1): 16 x 4.37 us = 69.92 us
RMS_NORM_MUL RMS_NORM(5120,5,1,1): 129 x 4.548 us = 586.72 us
RMS_NORM_MUL_SILU_MUL RMS_NORM(128,48,5,1): 48 x 5.603 us = 268.96 us
RMS_NORM_SCALE RMS_NORM(128,16,5,1): 96 x 2.693 us = 258.6 us
ROPE: 32 x 3.812 us = 122 us
SET_ROWS: 32 x 2.933 us = 93.88 us
SIGMOID_MUL SIGMOID: 16 x 3.665 us = 58.64 us
SSM_CONV_SILU SSM_CONV: 48 x 5.667 us = 272.04 us
Total time: 52046.8 us.
----------------
Vulkan Timings:
CONCAT: 1 x 4 us = 4 us
CONT: 1 x 3.68 us = 3.68 us
FLASH_ATTN_EXT dst(256,24,5,1),  q(256,5,24,1),  k(256,256,4,1),  v(256,256,4,1),  m(256,5,1,1): 1 x 20.76 us = 20.76 us (1515.28 GFLOPS/s)
GLU: 1 x 1.56 us = 1.56 us
MUL_MAT f32 m=256 n=120 k=256: 1 x 1.72 us = 1.72 us (9126.7 GFLOPS/s)
MUL_MAT f32 m=256 n=20 k=256: 1 x 3.04 us = 3.04 us (860.632 GFLOPS/s)
MUL_MAT f32 m=64 n=480 k=64: 1 x 3.64 us = 3.64 us (1071.82 GFLOPS/s)
MUL_MAT f32 m=64 n=80 k=64: 1 x 3.64 us = 3.64 us (178.637 GFLOPS/s)
MUL_MAT_ADD MUL_MAT_VEC q6_K m=5120 n=5 k=17408: 1 x 173 us = 173 us (5151.82 GFLOPS/s)
MUL_MAT_ADD MUL_MAT_VEC q6_K m=5120 n=5 k=6144: 1 x 69.88 us = 69.88 us (4501.25 GFLOPS/s)
MUL_MAT_VEC q6_K m=1024 n=5 k=5120: 2 x 12.28 us = 24.56 us (4269.03 GFLOPS/s)
MUL_MAT_VEC q6_K m=12288 n=5 k=5120: 1 x 147.71 us = 147.71 us (4258.91 GFLOPS/s)
MUL_MAT_VEC q6_K m=17408 n=5 k=5120: 2 x 159.14 us = 318.28 us (5600.12 GFLOPS/s)
MUL_MAT_VEC q8_0 m=5120 n=5 k=10240: 1 x 105.56 us = 105.56 us (4966.49 GFLOPS/s)
RMS_NORM_MUL RMS_NORM(256,24,5,1): 1 x 3.72 us = 3.72 us
RMS_NORM_MUL RMS_NORM(256,4,5,1): 1 x 3.64 us = 3.64 us
RMS_NORM_MUL RMS_NORM(5120,5,1,1): 5 x 7.92 us = 39.6 us
ROPE: 2 x 3.62 us = 7.24 us
SET_ROWS: 2 x 2.64 us = 5.28 us
SIGMOID_MUL SIGMOID: 1 x 1.68 us = 1.68 us
Total time: 942.19 us.
----------------
Vulkan Timings:
CONCAT: 1 x 4.04 us = 4.04 us
CONT: 1 x 3.52 us = 3.52 us
FLASH_ATTN_EXT dst(256,24,1,1),  q(256,1,24,1),  k(256,256,4,1),  v(256,256,4,1),  m(256,1,1,1): 1 x 12.48 us = 12.48 us (504.123 GFLOPS/s)
GET_ROWS: 2 x 4.2 us = 8.4 us
GLU: 1 x 1.64 us = 1.64 us
MUL_MAT f32 m=256 n=24 k=256: 1 x 1.56 us = 1.56 us (2012.55 GFLOPS/s)
MUL_MAT f32 m=64 n=16 k=64: 1 x 1.8 us = 1.8 us (72.2489 GFLOPS/s)
MUL_MAT f32 m=64 n=96 k=64: 1 x 3.24 us = 3.24 us (240.83 GFLOPS/s)
MUL_MAT_ADD MUL_MAT_VEC q6_K m=5120 n=1 k=17408: 1 x 130.4 us = 130.4 us (1366.97 GFLOPS/s)
MUL_MAT_ADD MUL_MAT_VEC q6_K m=5120 n=1 k=6144: 1 x 53.32 us = 53.32 us (1179.85 GFLOPS/s)
MUL_MAT_VEC f32 m=256 n=4 k=256: 1 x 3 us = 3 us (174.421 GFLOPS/s)
MUL_MAT_VEC q6_K m=1024 n=1 k=5120: 2 x 9.4 us = 18.8 us (1115.4 GFLOPS/s)
MUL_MAT_VEC q6_K m=12288 n=1 k=5120: 1 x 90.64 us = 90.64 us (1388.09 GFLOPS/s)
MUL_MAT_VEC q6_K m=17408 n=1 k=5120: 2 x 118.26 us = 236.52 us (1507.19 GFLOPS/s)
MUL_MAT_VEC q6_K m=98304 n=1 k=5120: 1 x 672.08 us = 672.08 us (1497.64 GFLOPS/s)
MUL_MAT_VEC q8_0 m=5120 n=1 k=10240: 1 x 90.84 us = 90.84 us (1154.25 GFLOPS/s)
PAD: 1 x 6.32 us = 6.32 us
RMS_NORM_MUL RMS_NORM(256,24,1,1): 1 x 3.2 us = 3.2 us
RMS_NORM_MUL RMS_NORM(256,4,1,1): 1 x 4.84 us = 4.84 us
RMS_NORM_MUL RMS_NORM(5120,1,1,1): 5 x 4.448 us = 22.24 us
ROPE: 2 x 3.32 us = 6.64 us
SET_ROWS: 2 x 2.62 us = 5.24 us
SIGMOID_MUL SIGMOID: 1 x 1.56 us = 1.56 us
TOP_K K=10 (98304,1,1,1): 1 x 9.04 us = 9.04 us
Total time: 1391.36 us.
----------------
Vulkan Timings:
CONCAT: 1 x 4.04 us = 4.04 us
CONT: 1 x 3.6 us = 3.6 us
FLASH_ATTN_EXT dst(256,24,1,1),  q(256,1,24,1),  k(256,256,4,1),  v(256,256,4,1),  m(256,1,1,1): 1 x 12.72 us = 12.72 us (494.611 GFLOPS/s)
GET_ROWS: 2 x 4.22 us = 8.44 us
GLU: 1 x 1.8 us = 1.8 us
MUL_MAT f32 m=256 n=24 k=256: 1 x 1.72 us = 1.72 us (1825.34 GFLOPS/s)
MUL_MAT f32 m=64 n=16 k=64: 1 x 3.64 us = 3.64 us (35.7275 GFLOPS/s)
MUL_MAT f32 m=64 n=96 k=64: 1 x 3.6 us = 3.6 us (216.747 GFLOPS/s)
MUL_MAT_ADD MUL_MAT_VEC q6_K m=5120 n=1 k=17408: 1 x 123.52 us = 123.52 us (1443.11 GFLOPS/s)
MUL_MAT_ADD MUL_MAT_VEC q6_K m=5120 n=1 k=6144: 1 x 54.52 us = 54.52 us (1153.88 GFLOPS/s)
MUL_MAT_VEC f32 m=256 n=4 k=256: 1 x 3.04 us = 3.04 us (172.126 GFLOPS/s)
MUL_MAT_VEC q6_K m=1024 n=1 k=5120: 2 x 9.12 us = 18.24 us (1149.64 GFLOPS/s)
MUL_MAT_VEC q6_K m=12288 n=1 k=5120: 1 x 85.6 us = 85.6 us (1469.82 GFLOPS/s)
MUL_MAT_VEC q6_K m=17408 n=1 k=5120: 2 x 121.18 us = 242.36 us (1470.87 GFLOPS/s)
MUL_MAT_VEC q6_K m=98304 n=1 k=5120: 1 x 673.12 us = 673.12 us (1495.33 GFLOPS/s)
MUL_MAT_VEC q8_0 m=5120 n=1 k=10240: 1 x 102.04 us = 102.04 us (1027.56 GFLOPS/s)
PAD: 1 x 7.16 us = 7.16 us
RMS_NORM_MUL RMS_NORM(256,24,1,1): 1 x 3.6 us = 3.6 us
RMS_NORM_MUL RMS_NORM(256,4,1,1): 1 x 3.6 us = 3.6 us
RMS_NORM_MUL RMS_NORM(5120,1,1,1): 5 x 3.712 us = 18.56 us
ROPE: 2 x 3.6 us = 7.2 us
SET_ROWS: 2 x 2.66 us = 5.32 us
SIGMOID_MUL SIGMOID: 1 x 1.92 us = 1.92 us
TOP_K K=10 (98304,1,1,1): 1 x 9.08 us = 9.08 us
Total time: 1398.44 us.
----------------
Vulkan Timings:
CONCAT: 1 x 3.72 us = 3.72 us
CONT: 1 x 3.64 us = 3.64 us
FLASH_ATTN_EXT dst(256,24,1,1),  q(256,1,24,1),  k(256,256,4,1),  v(256,256,4,1),  m(256,1,1,1): 1 x 12.68 us = 12.68 us (496.172 GFLOPS/s)
GET_ROWS: 2 x 4.18 us = 8.36 us
GLU: 1 x 1.68 us = 1.68 us
MUL_MAT f32 m=256 n=24 k=256: 1 x 1.64 us = 1.64 us (1914.38 GFLOPS/s)
MUL_MAT f32 m=64 n=16 k=64: 1 x 3.6 us = 3.6 us (36.1244 GFLOPS/s)
MUL_MAT f32 m=64 n=96 k=64: 1 x 3.64 us = 3.64 us (214.365 GFLOPS/s)
MUL_MAT_ADD MUL_MAT_VEC q6_K m=5120 n=1 k=17408: 1 x 123.36 us = 123.36 us (1444.98 GFLOPS/s)
MUL_MAT_ADD MUL_MAT_VEC q6_K m=5120 n=1 k=6144: 1 x 54.44 us = 54.44 us (1155.57 GFLOPS/s)
MUL_MAT_VEC f32 m=256 n=4 k=256: 1 x 3.04 us = 3.04 us (172.126 GFLOPS/s)
MUL_MAT_VEC q6_K m=1024 n=1 k=5120: 2 x 9.04 us = 18.08 us (1159.82 GFLOPS/s)
MUL_MAT_VEC q6_K m=12288 n=1 k=5120: 1 x 85.44 us = 85.44 us (1472.58 GFLOPS/s)
MUL_MAT_VEC q6_K m=17408 n=1 k=5120: 2 x 121.6 us = 243.2 us (1465.79 GFLOPS/s)
MUL_MAT_VEC q6_K m=98304 n=1 k=5120: 1 x 675.5 us = 675.5 us (1490.06 GFLOPS/s)
MUL_MAT_VEC q8_0 m=5120 n=1 k=10240: 1 x 101.32 us = 101.32 us (1034.86 GFLOPS/s)
PAD: 1 x 6.28 us = 6.28 us
RMS_NORM_MUL RMS_NORM(256,24,1,1): 1 x 3.6 us = 3.6 us
RMS_NORM_MUL RMS_NORM(256,4,1,1): 1 x 3.6 us = 3.6 us
RMS_NORM_MUL RMS_NORM(5120,1,1,1): 5 x 3.768 us = 18.84 us
ROPE: 2 x 3.58 us = 7.16 us
SET_ROWS: 2 x 2.62 us = 5.24 us
SIGMOID_MUL SIGMOID: 1 x 1.92 us = 1.92 us
TOP_K K=10 (98304,1,1,1): 1 x 8.68 us = 8.68 us
Total time: 1398.66 us.
----------------
Vulkan Timings:
CONCAT: 1 x 3.76 us = 3.76 us
CONT: 1 x 3.64 us = 3.64 us
FLASH_ATTN_EXT dst(256,24,1,1),  q(256,1,24,1),  k(256,256,4,1),  v(256,256,4,1),  m(256,1,1,1): 1 x 12.84 us = 12.84 us (489.989 GFLOPS/s)
GET_ROWS: 2 x 4.44 us = 8.88 us
GLU: 1 x 1.88 us = 1.88 us
MUL_MAT f32 m=256 n=24 k=256: 1 x 1.68 us = 1.68 us (1868.8 GFLOPS/s)
MUL_MAT f32 m=64 n=16 k=64: 1 x 3.64 us = 3.64 us (35.7275 GFLOPS/s)
MUL_MAT f32 m=64 n=96 k=64: 1 x 3.6 us = 3.6 us (216.747 GFLOPS/s)
MUL_MAT_ADD MUL_MAT_VEC q6_K m=5120 n=1 k=17408: 1 x 124.2 us = 124.2 us (1435.21 GFLOPS/s)
MUL_MAT_ADD MUL_MAT_VEC q6_K m=5120 n=1 k=6144: 1 x 54.52 us = 54.52 us (1153.88 GFLOPS/s)
MUL_MAT_VEC f32 m=256 n=4 k=256: 1 x 3 us = 3 us (174.421 GFLOPS/s)
MUL_MAT_VEC q6_K m=1024 n=1 k=5120: 2 x 9.28 us = 18.56 us (1129.82 GFLOPS/s)
MUL_MAT_VEC q6_K m=12288 n=1 k=5120: 1 x 85.52 us = 85.52 us (1471.2 GFLOPS/s)
MUL_MAT_VEC q6_K m=17408 n=1 k=5120: 2 x 121.2 us = 242.4 us (1470.63 GFLOPS/s)
MUL_MAT_VEC q6_K m=98304 n=1 k=5120: 1 x 673.63 us = 673.63 us (1494.2 GFLOPS/s)
MUL_MAT_VEC q8_0 m=5120 n=1 k=10240: 1 x 101.72 us = 101.72 us (1030.8 GFLOPS/s)
PAD: 1 x 6.96 us = 6.96 us
RMS_NORM_MUL RMS_NORM(256,24,1,1): 1 x 3.6 us = 3.6 us
RMS_NORM_MUL RMS_NORM(256,4,1,1): 1 x 3.64 us = 3.64 us
RMS_NORM_MUL RMS_NORM(5120,1,1,1): 5 x 3.72 us = 18.6 us
ROPE: 2 x 3.58 us = 7.16 us
SET_ROWS: 2 x 2.62 us = 5.24 us
SIGMOID_MUL SIGMOID: 1 x 1.68 us = 1.68 us
TOP_K K=10 (98304,1,1,1): 1 x 8.8 us = 8.8 us
Total time: 1399.15 us.
----------------
Vulkan Timings:
ADD: 48 x 3.765 us = 180.72 us
CONCAT: 48 x 2.504 us = 120.2 us
CONT: 16 x 3.835 us = 61.36 us
CPY: 240 x 2.215 us = 531.68 us
FLASH_ATTN_EXT dst(256,24,5,1),  q(256,5,24,1),  k(256,256,4,1),  v(256,256,4,1),  m(256,5,1,1): 16 x 20.915 us = 334.64 us (1504.05 GFLOPS/s)
GDN_CACHE GATED_DELTA_NET: 48 x 12.922 us = 620.28 us
GET_ROWS: 50 x 25.684 us = 1284.24 us
GLU: 64 x 3.023 us = 193.48 us
MUL_MAT f32 m=256 n=120 k=256: 16 x 1.827 us = 29.24 us (8589.83 GFLOPS/s)
MUL_MAT f32 m=256 n=20 k=256: 16 x 3.112 us = 49.8 us (840.585 GFLOPS/s)
MUL_MAT f32 m=64 n=480 k=64: 16 x 3.647 us = 58.36 us (1069.62 GFLOPS/s)
MUL_MAT f32 m=64 n=80 k=64: 16 x 3.282 us = 52.52 us (198.093 GFLOPS/s)
MUL_MAT_ADD MUL_MAT_VEC q6_K m=5120 n=5 k=17408: 64 x 144.637 us = 9256.8 us (6162.05 GFLOPS/s)
MUL_MAT_ADD MUL_MAT_VEC q6_K m=5120 n=5 k=6144: 16 x 61.085 us = 977.36 us (5149.34 GFLOPS/s)
MUL_MAT_VEC f32 m=48 n=5 k=5120: 96 x 3.492 us = 335.32 us (703.527 GFLOPS/s)
MUL_MAT_VEC q6_K m=1024 n=5 k=5120: 32 x 9.95 us = 318.4 us (5268.71 GFLOPS/s)
MUL_MAT_VEC q6_K m=10240 n=5 k=5120: 48 x 96.782 us = 4645.56 us (5416.65 GFLOPS/s)
MUL_MAT_VEC q6_K m=12288 n=5 k=5120: 16 x 123.495 us = 1975.92 us (5094.01 GFLOPS/s)
MUL_MAT_VEC q6_K m=17408 n=5 k=5120: 128 x 165.679 us = 21207 us (5379.07 GFLOPS/s)
MUL_MAT_VEC q6_K m=248320 n=5 k=5120: 1 x 1971.04 us = 1971.04 us (6449.76 GFLOPS/s)
MUL_MAT_VEC q6_K m=6144 n=5 k=5120: 48 x 64.859 us = 3113.24 us (4849.62 GFLOPS/s)
MUL_MAT_VEC q8_0 m=5120 n=5 k=6144: 48 x 63.116 us = 3029.6 us (4983.58 GFLOPS/s)
RMS_NORM_MUL RMS_NORM(256,24,5,1): 16 x 3.717 us = 59.48 us
RMS_NORM_MUL RMS_NORM(256,4,5,1): 16 x 4.407 us = 70.52 us
RMS_NORM_MUL RMS_NORM(5120,5,1,1): 129 x 4.574 us = 590.12 us
RMS_NORM_MUL_SILU_MUL RMS_NORM(128,48,5,1): 48 x 5.658 us = 271.6 us
RMS_NORM_SCALE RMS_NORM(128,16,5,1): 96 x 2.633 us = 252.8 us
ROPE: 32 x 3.865 us = 123.68 us
SET_ROWS: 32 x 2.963 us = 94.84 us
SIGMOID_MUL SIGMOID: 16 x 3.695 us = 59.12 us
SSM_CONV_SILU SSM_CONV: 48 x 5.71 us = 274.08 us
Total time: 52143 us.
----------------
Vulkan Timings:
CONCAT: 1 x 4 us = 4 us
CONT: 1 x 3.6 us = 3.6 us
FLASH_ATTN_EXT dst(256,24,5,1),  q(256,5,24,1),  k(256,256,4,1),  v(256,256,4,1),  m(256,5,1,1): 1 x 20.76 us = 20.76 us (1515.28 GFLOPS/s)
GLU: 1 x 1.52 us = 1.52 us
MUL_MAT f32 m=256 n=120 k=256: 1 x 1.68 us = 1.68 us (9344 GFLOPS/s)
MUL_MAT f32 m=256 n=20 k=256: 1 x 3.04 us = 3.04 us (860.632 GFLOPS/s)
MUL_MAT f32 m=64 n=480 k=64: 1 x 3.64 us = 3.64 us (1071.82 GFLOPS/s)
MUL_MAT f32 m=64 n=80 k=64: 1 x 3.6 us = 3.6 us (180.622 GFLOPS/s)
MUL_MAT_ADD MUL_MAT_VEC q6_K m=5120 n=5 k=17408: 1 x 173.38 us = 173.38 us (5140.52 GFLOPS/s)
MUL_MAT_ADD MUL_MAT_VEC q6_K m=5120 n=5 k=6144: 1 x 69.92 us = 69.92 us (4498.67 GFLOPS/s)
MUL_MAT_VEC q6_K m=1024 n=5 k=5120: 2 x 12.24 us = 24.48 us (4282.98 GFLOPS/s)
MUL_MAT_VEC q6_K m=12288 n=5 k=5120: 1 x 147.77 us = 147.77 us (4257.18 GFLOPS/s)
MUL_MAT_VEC q6_K m=17408 n=5 k=5120: 2 x 159.02 us = 318.04 us (5604.34 GFLOPS/s)
MUL_MAT_VEC q8_0 m=5120 n=5 k=10240: 1 x 106.12 us = 106.12 us (4940.28 GFLOPS/s)
RMS_NORM_MUL RMS_NORM(256,24,5,1): 1 x 3.76 us = 3.76 us
RMS_NORM_MUL RMS_NORM(256,4,5,1): 1 x 3.64 us = 3.64 us
RMS_NORM_MUL RMS_NORM(5120,5,1,1): 5 x 8.002 us = 40.01 us
ROPE: 2 x 3.64 us = 7.28 us
SET_ROWS: 2 x 2.64 us = 5.28 us
SIGMOID_MUL SIGMOID: 1 x 1.72 us = 1.72 us
Total time: 943.24 us.
----------------
Vulkan Timings:
CONCAT: 1 x 3.64 us = 3.64 us
CONT: 1 x 3.48 us = 3.48 us
FLASH_ATTN_EXT dst(256,24,1,1),  q(256,1,24,1),  k(256,256,4,1),  v(256,256,4,1),  m(256,1,1,1): 1 x 12.72 us = 12.72 us (494.611 GFLOPS/s)
GET_ROWS: 2 x 4.18 us = 8.36 us
GLU: 1 x 1.6 us = 1.6 us
MUL_MAT f32 m=256 n=24 k=256: 1 x 1.6 us = 1.6 us (1962.24 GFLOPS/s)
MUL_MAT f32 m=64 n=16 k=64: 1 x 1.8 us = 1.8 us (72.2489 GFLOPS/s)
MUL_MAT f32 m=64 n=96 k=64: 1 x 3.2 us = 3.2 us (243.84 GFLOPS/s)
MUL_MAT_ADD MUL_MAT_VEC q6_K m=5120 n=1 k=17408: 1 x 129.96 us = 129.96 us (1371.6 GFLOPS/s)
MUL_MAT_ADD MUL_MAT_VEC q6_K m=5120 n=1 k=6144: 1 x 54.2 us = 54.2 us (1160.69 GFLOPS/s)
MUL_MAT_VEC f32 m=256 n=4 k=256: 1 x 3.04 us = 3.04 us (172.126 GFLOPS/s)
MUL_MAT_VEC q6_K m=1024 n=1 k=5120: 2 x 9.4 us = 18.8 us (1115.4 GFLOPS/s)
MUL_MAT_VEC q6_K m=12288 n=1 k=5120: 1 x 90.64 us = 90.64 us (1388.09 GFLOPS/s)
MUL_MAT_VEC q6_K m=17408 n=1 k=5120: 2 x 118.3 us = 236.6 us (1506.68 GFLOPS/s)
MUL_MAT_VEC q6_K m=98304 n=1 k=5120: 1 x 672.27 us = 672.27 us (1497.22 GFLOPS/s)
MUL_MAT_VEC q8_0 m=5120 n=1 k=10240: 1 x 91.8 us = 91.8 us (1142.18 GFLOPS/s)
PAD: 1 x 6.36 us = 6.36 us
RMS_NORM_MUL RMS_NORM(256,24,1,1): 1 x 3.24 us = 3.24 us
RMS_NORM_MUL RMS_NORM(256,4,1,1): 1 x 4.88 us = 4.88 us
RMS_NORM_MUL RMS_NORM(5120,1,1,1): 5 x 4.344 us = 21.72 us
ROPE: 2 x 3.34 us = 6.68 us
SET_ROWS: 2 x 2.58 us = 5.16 us
SIGMOID_MUL SIGMOID: 1 x 1.56 us = 1.56 us
TOP_K K=10 (98304,1,1,1): 1 x 9.44 us = 9.44 us
Total time: 1392.75 us.
----------------
Vulkan Timings:
CONCAT: 1 x 3.76 us = 3.76 us
CONT: 1 x 3.64 us = 3.64 us
FLASH_ATTN_EXT dst(256,24,1,1),  q(256,1,24,1),  k(256,256,4,1),  v(256,256,4,1),  m(256,1,1,1): 1 x 12.88 us = 12.88 us (488.467 GFLOPS/s)
GET_ROWS: 2 x 5.34 us = 10.68 us
GLU: 1 x 1.76 us = 1.76 us
MUL_MAT f32 m=256 n=24 k=256: 1 x 1.6 us = 1.6 us (1962.24 GFLOPS/s)
MUL_MAT f32 m=64 n=16 k=64: 1 x 3.64 us = 3.64 us (35.7275 GFLOPS/s)
MUL_MAT f32 m=64 n=96 k=64: 1 x 3.64 us = 3.64 us (214.365 GFLOPS/s)
MUL_MAT_ADD MUL_MAT_VEC q6_K m=5120 n=1 k=17408: 1 x 122.84 us = 122.84 us (1451.1 GFLOPS/s)
MUL_MAT_ADD MUL_MAT_VEC q6_K m=5120 n=1 k=6144: 1 x 53.48 us = 53.48 us (1176.32 GFLOPS/s)
MUL_MAT_VEC f32 m=256 n=4 k=256: 1 x 3.04 us = 3.04 us (172.126 GFLOPS/s)
MUL_MAT_VEC q6_K m=1024 n=1 k=5120: 2 x 9.12 us = 18.24 us (1149.64 GFLOPS/s)
MUL_MAT_VEC q6_K m=12288 n=1 k=5120: 1 x 85.64 us = 85.64 us (1469.14 GFLOPS/s)
MUL_MAT_VEC q6_K m=17408 n=1 k=5120: 2 x 121.34 us = 242.68 us (1468.93 GFLOPS/s)
MUL_MAT_VEC q6_K m=98304 n=1 k=5120: 1 x 672.1 us = 672.1 us (1497.6 GFLOPS/s)
MUL_MAT_VEC q8_0 m=5120 n=1 k=10240: 1 x 100.88 us = 100.88 us (1039.38 GFLOPS/s)
PAD: 1 x 6.56 us = 6.56 us
RMS_NORM_MUL RMS_NORM(256,24,1,1): 1 x 3.64 us = 3.64 us
RMS_NORM_MUL RMS_NORM(256,4,1,1): 1 x 3.56 us = 3.56 us
RMS_NORM_MUL RMS_NORM(5120,1,1,1): 5 x 3.736 us = 18.68 us
ROPE: 2 x 3.56 us = 7.12 us
SET_ROWS: 2 x 2.66 us = 5.32 us
SIGMOID_MUL SIGMOID: 1 x 1.72 us = 1.72 us
TOP_K K=10 (98304,1,1,1): 1 x 8.64 us = 8.64 us
Total time: 1395.74 us.
----------------
Vulkan Timings:
CONCAT: 1 x 3.76 us = 3.76 us
CONT: 1 x 3.6 us = 3.6 us
FLASH_ATTN_EXT dst(256,24,1,1),  q(256,1,24,1),  k(256,256,4,1),  v(256,256,4,1),  m(256,1,1,1): 1 x 12.76 us = 12.76 us (493.061 GFLOPS/s)
GET_ROWS: 2 x 4.18 us = 8.36 us
GLU: 1 x 1.8 us = 1.8 us
MUL_MAT f32 m=256 n=24 k=256: 1 x 1.64 us = 1.64 us (1914.38 GFLOPS/s)
MUL_MAT f32 m=64 n=16 k=64: 1 x 3.6 us = 3.6 us (36.1244 GFLOPS/s)
MUL_MAT f32 m=64 n=96 k=64: 1 x 3.56 us = 3.56 us (219.182 GFLOPS/s)
MUL_MAT_ADD MUL_MAT_VEC q6_K m=5120 n=1 k=17408: 1 x 122.6 us = 122.6 us (1453.94 GFLOPS/s)
MUL_MAT_ADD MUL_MAT_VEC q6_K m=5120 n=1 k=6144: 1 x 53.68 us = 53.68 us (1171.93 GFLOPS/s)
MUL_MAT_VEC f32 m=256 n=4 k=256: 1 x 3.04 us = 3.04 us (172.126 GFLOPS/s)
MUL_MAT_VEC q6_K m=1024 n=1 k=5120: 2 x 9.16 us = 18.32 us (1144.62 GFLOPS/s)
MUL_MAT_VEC q6_K m=12288 n=1 k=5120: 1 x 85.72 us = 85.72 us (1467.77 GFLOPS/s)
MUL_MAT_VEC q6_K m=17408 n=1 k=5120: 2 x 121.32 us = 242.64 us (1469.18 GFLOPS/s)
MUL_MAT_VEC q6_K m=98304 n=1 k=5120: 1 x 673.56 us = 673.56 us (1494.35 GFLOPS/s)
MUL_MAT_VEC q8_0 m=5120 n=1 k=10240: 1 x 100.8 us = 100.8 us (1040.2 GFLOPS/s)
PAD: 1 x 6.36 us = 6.36 us
RMS_NORM_MUL RMS_NORM(256,24,1,1): 1 x 3.6 us = 3.6 us
RMS_NORM_MUL RMS_NORM(256,4,1,1): 1 x 3.64 us = 3.64 us
RMS_NORM_MUL RMS_NORM(5120,1,1,1): 5 x 3.712 us = 18.56 us
ROPE: 2 x 3.58 us = 7.16 us
SET_ROWS: 2 x 2.66 us = 5.32 us
SIGMOID_MUL SIGMOID: 1 x 1.68 us = 1.68 us
TOP_K K=10 (98304,1,1,1): 1 x 8.56 us = 8.56 us
Total time: 1394.32 us.
----------------
Vulkan Timings:
CONCAT: 1 x 3.96 us = 3.96 us
CONT: 1 x 3.6 us = 3.6 us
FLASH_ATTN_EXT dst(256,24,1,1),  q(256,1,24,1),  k(256,256,4,1),  v(256,256,4,1),  m(256,1,1,1): 1 x 12.8 us = 12.8 us (491.52 GFLOPS/s)
GET_ROWS: 2 x 4.16 us = 8.32 us
GLU: 1 x 1.76 us = 1.76 us
MUL_MAT f32 m=256 n=24 k=256: 1 x 1.6 us = 1.6 us (1962.24 GFLOPS/s)
MUL_MAT f32 m=64 n=16 k=64: 1 x 3.6 us = 3.6 us (36.1244 GFLOPS/s)
MUL_MAT f32 m=64 n=96 k=64: 1 x 3.6 us = 3.6 us (216.747 GFLOPS/s)
MUL_MAT_ADD MUL_MAT_VEC q6_K m=5120 n=1 k=17408: 1 x 122.76 us = 122.76 us (1452.04 GFLOPS/s)
MUL_MAT_ADD MUL_MAT_VEC q6_K m=5120 n=1 k=6144: 1 x 53.6 us = 53.6 us (1173.68 GFLOPS/s)
MUL_MAT_VEC f32 m=256 n=4 k=256: 1 x 3.04 us = 3.04 us (172.126 GFLOPS/s)
MUL_MAT_VEC q6_K m=1024 n=1 k=5120: 2 x 9.12 us = 18.24 us (1149.64 GFLOPS/s)
MUL_MAT_VEC q6_K m=12288 n=1 k=5120: 1 x 86.4 us = 86.4 us (1456.21 GFLOPS/s)
MUL_MAT_VEC q6_K m=17408 n=1 k=5120: 2 x 121.2 us = 242.4 us (1470.63 GFLOPS/s)
MUL_MAT_VEC q6_K m=98304 n=1 k=5120: 1 x 672.73 us = 672.73 us (1496.19 GFLOPS/s)
MUL_MAT_VEC q8_0 m=5120 n=1 k=10240: 1 x 101.08 us = 101.08 us (1037.32 GFLOPS/s)
PAD: 1 x 6.4 us = 6.4 us
RMS_NORM_MUL RMS_NORM(256,24,1,1): 1 x 3.64 us = 3.64 us
RMS_NORM_MUL RMS_NORM(256,4,1,1): 1 x 3.6 us = 3.6 us
RMS_NORM_MUL RMS_NORM(5120,1,1,1): 5 x 3.728 us = 18.64 us
ROPE: 2 x 3.6 us = 7.2 us
SET_ROWS: 2 x 2.66 us = 5.32 us
SIGMOID_MUL SIGMOID: 1 x 1.68 us = 1.68 us
TOP_K K=10 (98304,1,1,1): 1 x 8.8 us = 8.8 us
Total time: 1394.77 us.
----------------
Vulkan Timings:
ADD: 48 x 3.741 us = 179.6 us
CONCAT: 48 x 2.381 us = 114.32 us
CONT: 16 x 3.805 us = 60.88 us
CPY: 240 x 2.205 us = 529.24 us
FLASH_ATTN_EXT dst(256,24,5,1),  q(256,5,24,1),  k(256,256,4,1),  v(256,256,4,1),  m(256,5,1,1): 16 x 20.98 us = 335.68 us (1499.39 GFLOPS/s)
GDN_CACHE GATED_DELTA_NET: 48 x 13.001 us = 624.08 us
GET_ROWS: 50 x 24.574 us = 1228.72 us
GLU: 64 x 2.92 us = 186.92 us
MUL_MAT f32 m=256 n=120 k=256: 16 x 1.807 us = 28.92 us (8684.88 GFLOPS/s)
MUL_MAT f32 m=256 n=20 k=256: 16 x 3.092 us = 49.48 us (846.021 GFLOPS/s)
MUL_MAT f32 m=64 n=480 k=64: 16 x 3.612 us = 57.8 us (1079.98 GFLOPS/s)
MUL_MAT f32 m=64 n=80 k=64: 16 x 3.275 us = 52.4 us (198.547 GFLOPS/s)
MUL_MAT_ADD MUL_MAT_VEC q6_K m=5120 n=5 k=17408: 64 x 144.438 us = 9244.04 us (6170.56 GFLOPS/s)
MUL_MAT_ADD MUL_MAT_VEC q6_K m=5120 n=5 k=6144: 16 x 61.35 us = 981.6 us (5127.09 GFLOPS/s)
MUL_MAT_VEC f32 m=48 n=5 k=5120: 96 x 3.472 us = 333.36 us (707.663 GFLOPS/s)
MUL_MAT_VEC q6_K m=1024 n=5 k=5120: 32 x 9.877 us = 316.08 us (5307.38 GFLOPS/s)
MUL_MAT_VEC q6_K m=10240 n=5 k=5120: 48 x 96.791 us = 4646 us (5416.14 GFLOPS/s)
MUL_MAT_VEC q6_K m=12288 n=5 k=5120: 16 x 123.695 us = 1979.12 us (5085.77 GFLOPS/s)
MUL_MAT_VEC q6_K m=17408 n=5 k=5120: 128 x 165.706 us = 21210.4 us (5378.2 GFLOPS/s)
MUL_MAT_VEC q6_K m=248320 n=5 k=5120: 1 x 1951.32 us = 1951.32 us (6514.94 GFLOPS/s)
MUL_MAT_VEC q6_K m=6144 n=5 k=5120: 48 x 64.794 us = 3110.12 us (4854.48 GFLOPS/s)
MUL_MAT_VEC q8_0 m=5120 n=5 k=6144: 48 x 63.083 us = 3028 us (4986.22 GFLOPS/s)
RMS_NORM_MUL RMS_NORM(256,24,5,1): 16 x 3.7 us = 59.2 us
RMS_NORM_MUL RMS_NORM(256,4,5,1): 16 x 4.387 us = 70.2 us
RMS_NORM_MUL RMS_NORM(5120,5,1,1): 129 x 4.555 us = 587.72 us
RMS_NORM_MUL_SILU_MUL RMS_NORM(128,48,5,1): 48 x 5.61 us = 269.32 us
RMS_NORM_SCALE RMS_NORM(128,16,5,1): 96 x 2.647 us = 254.12 us
ROPE: 32 x 3.841 us = 122.92 us
SET_ROWS: 32 x 2.893 us = 92.6 us
SIGMOID_MUL SIGMOID: 16 x 3.657 us = 58.52 us
SSM_CONV_SILU SSM_CONV: 48 x 5.674 us = 272.36 us
Total time: 52035.1 us.
----------------
Vulkan Timings:
CONCAT: 1 x 3.96 us = 3.96 us
CONT: 1 x 3.64 us = 3.64 us
FLASH_ATTN_EXT dst(256,24,5,1),  q(256,5,24,1),  k(256,256,4,1),  v(256,256,4,1),  m(256,5,1,1): 1 x 20.56 us = 20.56 us (1530.02 GFLOPS/s)
GLU: 1 x 1.52 us = 1.52 us
MUL_MAT f32 m=256 n=120 k=256: 1 x 1.64 us = 1.64 us (9571.9 GFLOPS/s)
MUL_MAT f32 m=256 n=20 k=256: 1 x 3.04 us = 3.04 us (860.632 GFLOPS/s)
MUL_MAT f32 m=64 n=480 k=64: 1 x 3.68 us = 3.68 us (1060.17 GFLOPS/s)
MUL_MAT f32 m=64 n=80 k=64: 1 x 3.6 us = 3.6 us (180.622 GFLOPS/s)
MUL_MAT_ADD MUL_MAT_VEC q6_K m=5120 n=5 k=17408: 1 x 172.51 us = 172.51 us (5166.45 GFLOPS/s)
MUL_MAT_ADD MUL_MAT_VEC q6_K m=5120 n=5 k=6144: 1 x 70.44 us = 70.44 us (4465.46 GFLOPS/s)
MUL_MAT_VEC q6_K m=1024 n=5 k=5120: 2 x 11.32 us = 22.64 us (4631.07 GFLOPS/s)
MUL_MAT_VEC q6_K m=12288 n=5 k=5120: 1 x 146.14 us = 146.14 us (4304.67 GFLOPS/s)
MUL_MAT_VEC q6_K m=17408 n=5 k=5120: 2 x 161.64 us = 323.28 us (5513.5 GFLOPS/s)
MUL_MAT_VEC q8_0 m=5120 n=5 k=10240: 1 x 106.72 us = 106.72 us (4912.5 GFLOPS/s)
RMS_NORM_MUL RMS_NORM(256,24,5,1): 1 x 5.64 us = 5.64 us
RMS_NORM_MUL RMS_NORM(256,4,5,1): 1 x 3.6 us = 3.6 us
RMS_NORM_MUL RMS_NORM(5120,5,1,1): 5 x 9.092 us = 45.46 us
ROPE: 2 x 3.62 us = 7.24 us
SET_ROWS: 2 x 2.66 us = 5.32 us
SIGMOID_MUL SIGMOID: 1 x 1.72 us = 1.72 us
Total time: 952.35 us.
----------------
Vulkan Timings:
CONCAT: 1 x 3.68 us = 3.68 us
CONT: 1 x 3.52 us = 3.52 us
FLASH_ATTN_EXT dst(256,24,1,1),  q(256,1,24,1),  k(256,256,4,1),  v(256,256,4,1),  m(256,1,1,1): 1 x 12.76 us = 12.76 us (493.061 GFLOPS/s)
GET_ROWS: 2 x 4.32 us = 8.64 us
GLU: 1 x 1.56 us = 1.56 us
MUL_MAT f32 m=256 n=24 k=256: 1 x 1.52 us = 1.52 us (2065.52 GFLOPS/s)
MUL_MAT f32 m=64 n=16 k=64: 1 x 1.8 us = 1.8 us (72.2489 GFLOPS/s)
MUL_MAT f32 m=64 n=96 k=64: 1 x 3.2 us = 3.2 us (243.84 GFLOPS/s)
MUL_MAT_ADD MUL_MAT_VEC q6_K m=5120 n=1 k=17408: 1 x 129.96 us = 129.96 us (1371.6 GFLOPS/s)
MUL_MAT_ADD MUL_MAT_VEC q6_K m=5120 n=1 k=6144: 1 x 53.92 us = 53.92 us (1166.72 GFLOPS/s)
MUL_MAT_VEC f32 m=256 n=4 k=256: 1 x 3.04 us = 3.04 us (172.126 GFLOPS/s)
MUL_MAT_VEC q6_K m=1024 n=1 k=5120: 2 x 9.22 us = 18.44 us (1137.17 GFLOPS/s)
MUL_MAT_VEC q6_K m=12288 n=1 k=5120: 1 x 90.36 us = 90.36 us (1392.4 GFLOPS/s)
MUL_MAT_VEC q6_K m=17408 n=1 k=5120: 2 x 117.86 us = 235.72 us (1512.31 GFLOPS/s)
MUL_MAT_VEC q6_K m=98304 n=1 k=5120: 1 x 673.32 us = 673.32 us (1494.88 GFLOPS/s)
MUL_MAT_VEC q8_0 m=5120 n=1 k=10240: 1 x 91.6 us = 91.6 us (1144.68 GFLOPS/s)
PAD: 1 x 6.32 us = 6.32 us
RMS_NORM_MUL RMS_NORM(256,24,1,1): 1 x 3.2 us = 3.2 us
RMS_NORM_MUL RMS_NORM(256,4,1,1): 1 x 4.84 us = 4.84 us
RMS_NORM_MUL RMS_NORM(5120,1,1,1): 5 x 4.424 us = 22.12 us
ROPE: 2 x 3.32 us = 6.64 us
SET_ROWS: 2 x 2.62 us = 5.24 us
SIGMOID_MUL SIGMOID: 1 x 1.6 us = 1.6 us
TOP_K K=10 (98304,1,1,1): 1 x 9.12 us = 9.12 us
Total time: 1392.12 us.
----------------
Vulkan Timings:
CONCAT: 1 x 3.76 us = 3.76 us
CONT: 1 x 3.6 us = 3.6 us
FLASH_ATTN_EXT dst(256,24,1,1),  q(256,1,24,1),  k(256,256,4,1),  v(256,256,4,1),  m(256,1,1,1): 1 x 13.04 us = 13.04 us (482.474 GFLOPS/s)
GET_ROWS: 2 x 4.3 us = 8.6 us
GLU: 1 x 1.76 us = 1.76 us
MUL_MAT f32 m=256 n=24 k=256: 1 x 1.68 us = 1.68 us (1868.8 GFLOPS/s)
MUL_MAT f32 m=64 n=16 k=64: 1 x 3.64 us = 3.64 us (35.7275 GFLOPS/s)
MUL_MAT f32 m=64 n=96 k=64: 1 x 3.6 us = 3.6 us (216.747 GFLOPS/s)
MUL_MAT_ADD MUL_MAT_VEC q6_K m=5120 n=1 k=17408: 1 x 123.12 us = 123.12 us (1447.8 GFLOPS/s)
MUL_MAT_ADD MUL_MAT_VEC q6_K m=5120 n=1 k=6144: 1 x 54.24 us = 54.24 us (1159.83 GFLOPS/s)
MUL_MAT_VEC f32 m=256 n=4 k=256: 1 x 3.04 us = 3.04 us (172.126 GFLOPS/s)
MUL_MAT_VEC q6_K m=1024 n=1 k=5120: 2 x 9.22 us = 18.44 us (1137.17 GFLOPS/s)
MUL_MAT_VEC q6_K m=12288 n=1 k=5120: 1 x 85.44 us = 85.44 us (1472.58 GFLOPS/s)
MUL_MAT_VEC q6_K m=17408 n=1 k=5120: 2 x 121.26 us = 242.52 us (1469.9 GFLOPS/s)
MUL_MAT_VEC q6_K m=98304 n=1 k=5120: 1 x 671.39 us = 671.39 us (1499.18 GFLOPS/s)
MUL_MAT_VEC q8_0 m=5120 n=1 k=10240: 1 x 101.44 us = 101.44 us (1033.64 GFLOPS/s)
PAD: 1 x 7.08 us = 7.08 us
RMS_NORM_MUL RMS_NORM(256,24,1,1): 1 x 3.6 us = 3.6 us
RMS_NORM_MUL RMS_NORM(256,4,1,1): 1 x 3.64 us = 3.64 us
RMS_NORM_MUL RMS_NORM(5120,1,1,1): 5 x 3.768 us = 18.84 us
ROPE: 2 x 3.58 us = 7.16 us
SET_ROWS: 2 x 2.68 us = 5.36 us
SIGMOID_MUL SIGMOID: 1 x 1.68 us = 1.68 us
TOP_K K=10 (98304,1,1,1): 1 x 8.88 us = 8.88 us
Total time: 1395.55 us.
----------------
Vulkan Timings:
CONCAT: 1 x 1.68 us = 1.68 us
CONT: 1 x 3.6 us = 3.6 us
FLASH_ATTN_EXT dst(256,24,1,1),  q(256,1,24,1),  k(256,256,4,1),  v(256,256,4,1),  m(256,1,1,1): 1 x 15.28 us = 15.28 us (411.745 GFLOPS/s)
GET_ROWS: 2 x 4.3 us = 8.6 us
GLU: 1 x 1.84 us = 1.84 us
MUL_MAT f32 m=256 n=24 k=256: 1 x 1.6 us = 1.6 us (1962.24 GFLOPS/s)
MUL_MAT f32 m=64 n=16 k=64: 1 x 3.64 us = 3.64 us (35.7275 GFLOPS/s)
MUL_MAT f32 m=64 n=96 k=64: 1 x 3.6 us = 3.6 us (216.747 GFLOPS/s)
MUL_MAT_ADD MUL_MAT_VEC q6_K m=5120 n=1 k=17408: 1 x 124.52 us = 124.52 us (1431.52 GFLOPS/s)
MUL_MAT_ADD MUL_MAT_VEC q6_K m=5120 n=1 k=6144: 1 x 54.44 us = 54.44 us (1155.57 GFLOPS/s)
MUL_MAT_VEC f32 m=256 n=4 k=256: 1 x 3.04 us = 3.04 us (172.126 GFLOPS/s)
MUL_MAT_VEC q6_K m=1024 n=1 k=5120: 2 x 9.06 us = 18.12 us (1157.26 GFLOPS/s)
MUL_MAT_VEC q6_K m=12288 n=1 k=5120: 1 x 85.2 us = 85.2 us (1476.72 GFLOPS/s)
MUL_MAT_VEC q6_K m=17408 n=1 k=5120: 2 x 121.16 us = 242.32 us (1471.12 GFLOPS/s)
MUL_MAT_VEC q6_K m=98304 n=1 k=5120: 1 x 672.42 us = 672.42 us (1496.88 GFLOPS/s)
MUL_MAT_VEC q8_0 m=5120 n=1 k=10240: 1 x 100.84 us = 100.84 us (1039.79 GFLOPS/s)
PAD: 1 x 7.08 us = 7.08 us
RMS_NORM_MUL RMS_NORM(256,24,1,1): 1 x 3.6 us = 3.6 us
RMS_NORM_MUL RMS_NORM(256,4,1,1): 1 x 3.6 us = 3.6 us
RMS_NORM_MUL RMS_NORM(5120,1,1,1): 5 x 4.168 us = 20.84 us
ROPE: 2 x 3.58 us = 7.16 us
SET_ROWS: 2 x 1.84 us = 3.68 us
SIGMOID_MUL SIGMOID: 1 x 1.72 us = 1.72 us
TOP_K K=10 (98304,1,1,1): 1 x 9.04 us = 9.04 us
Total time: 1397.46 us.
----------------
Vulkan Timings:
CONCAT: 1 x 3.76 us = 3.76 us
CONT: 1 x 3.64 us = 3.64 us
FLASH_ATTN_EXT dst(256,24,1,1),  q(256,1,24,1),  k(256,256,4,1),  v(256,256,4,1),  m(256,1,1,1): 1 x 12.92 us = 12.92 us (486.955 GFLOPS/s)
GET_ROWS: 2 x 4.18 us = 8.36 us
GLU: 1 x 1.72 us = 1.72 us
MUL_MAT f32 m=256 n=24 k=256: 1 x 1.64 us = 1.64 us (1914.38 GFLOPS/s)
MUL_MAT f32 m=64 n=16 k=64: 1 x 3.64 us = 3.64 us (35.7275 GFLOPS/s)
MUL_MAT f32 m=64 n=96 k=64: 1 x 3.6 us = 3.6 us (216.747 GFLOPS/s)
MUL_MAT_ADD MUL_MAT_VEC q6_K m=5120 n=1 k=17408: 1 x 123.68 us = 123.68 us (1441.24 GFLOPS/s)
MUL_MAT_ADD MUL_MAT_VEC q6_K m=5120 n=1 k=6144: 1 x 53.56 us = 53.56 us (1174.56 GFLOPS/s)
MUL_MAT_VEC f32 m=256 n=4 k=256: 1 x 3.04 us = 3.04 us (172.126 GFLOPS/s)
MUL_MAT_VEC q6_K m=1024 n=1 k=5120: 2 x 9.16 us = 18.32 us (1144.62 GFLOPS/s)
MUL_MAT_VEC q6_K m=12288 n=1 k=5120: 1 x 86.2 us = 86.2 us (1459.59 GFLOPS/s)
MUL_MAT_VEC q6_K m=17408 n=1 k=5120: 2 x 121.36 us = 242.72 us (1468.69 GFLOPS/s)
MUL_MAT_VEC q6_K m=98304 n=1 k=5120: 1 x 674.23 us = 674.23 us (1492.87 GFLOPS/s)
MUL_MAT_VEC q8_0 m=5120 n=1 k=10240: 1 x 101.4 us = 101.4 us (1034.05 GFLOPS/s)
PAD: 1 x 6.24 us = 6.24 us
RMS_NORM_MUL RMS_NORM(256,24,1,1): 1 x 3.64 us = 3.64 us
RMS_NORM_MUL RMS_NORM(256,4,1,1): 1 x 3.56 us = 3.56 us
RMS_NORM_MUL RMS_NORM(5120,1,1,1): 5 x 3.816 us = 19.08 us
ROPE: 2 x 3.56 us = 7.12 us
SET_ROWS: 2 x 2.66 us = 5.32 us
SIGMOID_MUL SIGMOID: 1 x 1.68 us = 1.68 us
TOP_K K=10 (98304,1,1,1): 1 x 8.84 us = 8.84 us
Total time: 1397.91 us.
----------------
Vulkan Timings:
ADD: 48 x 3.727 us = 178.92 us
CONCAT: 48 x 2.473 us = 118.72 us
CONT: 16 x 3.785 us = 60.56 us
CPY: 240 x 2.208 us = 530 us
FLASH_ATTN_EXT dst(256,24,5,1),  q(256,5,24,1),  k(256,256,4,1),  v(256,256,4,1),  m(256,5,1,1): 16 x 20.962 us = 335.4 us (1500.65 GFLOPS/s)
GDN_CACHE GATED_DELTA_NET: 48 x 13.013 us = 624.64 us
GET_ROWS: 50 x 24.66 us = 1233 us
GLU: 64 x 2.94 us = 188.16 us
MUL_MAT f32 m=256 n=120 k=256: 16 x 1.86 us = 29.76 us (8439.74 GFLOPS/s)
MUL_MAT f32 m=256 n=20 k=256: 16 x 2.795 us = 44.72 us (936.072 GFLOPS/s)
MUL_MAT f32 m=64 n=480 k=64: 16 x 3.597 us = 57.56 us (1084.49 GFLOPS/s)
MUL_MAT f32 m=64 n=80 k=64: 16 x 3.252 us = 52.04 us (199.92 GFLOPS/s)
MUL_MAT_ADD MUL_MAT_VEC q6_K m=5120 n=5 k=17408: 64 x 144.335 us = 9237.48 us (6174.94 GFLOPS/s)
MUL_MAT_ADD MUL_MAT_VEC q6_K m=5120 n=5 k=6144: 16 x 61.13 us = 978.08 us (5145.55 GFLOPS/s)
MUL_MAT_VEC f32 m=48 n=5 k=5120: 96 x 3.52 us = 337.96 us (698.031 GFLOPS/s)
MUL_MAT_VEC q6_K m=1024 n=5 k=5120: 32 x 9.901 us = 316.84 us (5294.65 GFLOPS/s)
MUL_MAT_VEC q6_K m=10240 n=5 k=5120: 48 x 96.663 us = 4639.84 us (5423.33 GFLOPS/s)
MUL_MAT_VEC q6_K m=12288 n=5 k=5120: 16 x 123.342 us = 1973.48 us (5100.3 GFLOPS/s)
MUL_MAT_VEC q6_K m=17408 n=5 k=5120: 128 x 165.764 us = 21217.9 us (5376.31 GFLOPS/s)
MUL_MAT_VEC q6_K m=248320 n=5 k=5120: 1 x 1958.32 us = 1958.32 us (6491.66 GFLOPS/s)
MUL_MAT_VEC q6_K m=6144 n=5 k=5120: 48 x 64.772 us = 3109.08 us (4856.11 GFLOPS/s)
MUL_MAT_VEC q8_0 m=5120 n=5 k=6144: 48 x 63.224 us = 3034.76 us (4975.11 GFLOPS/s)
RMS_NORM_MUL RMS_NORM(256,24,5,1): 16 x 3.682 us = 58.92 us
RMS_NORM_MUL RMS_NORM(256,4,5,1): 16 x 4.37 us = 69.92 us
RMS_NORM_MUL RMS_NORM(5120,5,1,1): 129 x 4.551 us = 587.16 us
RMS_NORM_MUL_SILU_MUL RMS_NORM(128,48,5,1): 48 x 5.599 us = 268.76 us
RMS_NORM_SCALE RMS_NORM(128,16,5,1): 96 x 2.567 us = 246.52 us
ROPE: 32 x 3.816 us = 122.12 us
SET_ROWS: 32 x 2.957 us = 94.64 us
SIGMOID_MUL SIGMOID: 16 x 3.647 us = 58.36 us
SSM_CONV_SILU SSM_CONV: 48 x 5.607 us = 269.16 us
Total time: 52032.8 us.
----------------
Vulkan Timings:
CONCAT: 1 x 3.96 us = 3.96 us
CONT: 1 x 3.64 us = 3.64 us
FLASH_ATTN_EXT dst(256,24,5,1),  q(256,5,24,1),  k(256,256,4,1),  v(256,256,4,1),  m(256,5,1,1): 1 x 20.64 us = 20.64 us (1524.09 GFLOPS/s)
GLU: 1 x 1.48 us = 1.48 us
MUL_MAT f32 m=256 n=120 k=256: 1 x 1.72 us = 1.72 us (9126.7 GFLOPS/s)
MUL_MAT f32 m=256 n=20 k=256: 1 x 3.04 us = 3.04 us (860.632 GFLOPS/s)
MUL_MAT f32 m=64 n=480 k=64: 1 x 3.64 us = 3.64 us (1071.82 GFLOPS/s)
MUL_MAT f32 m=64 n=80 k=64: 1 x 3.64 us = 3.64 us (178.637 GFLOPS/s)
MUL_MAT_ADD MUL_MAT_VEC q6_K m=5120 n=5 k=17408: 1 x 172.95 us = 172.95 us (5153.3 GFLOPS/s)
MUL_MAT_ADD MUL_MAT_VEC q6_K m=5120 n=5 k=6144: 1 x 69.44 us = 69.44 us (4529.77 GFLOPS/s)
MUL_MAT_VEC q6_K m=1024 n=5 k=5120: 2 x 12.24 us = 24.48 us (4282.98 GFLOPS/s)
MUL_MAT_VEC q6_K m=12288 n=5 k=5120: 1 x 147.19 us = 147.19 us (4273.96 GFLOPS/s)
MUL_MAT_VEC q6_K m=17408 n=5 k=5120: 2 x 159.62 us = 319.24 us (5583.28 GFLOPS/s)
MUL_MAT_VEC q8_0 m=5120 n=5 k=10240: 1 x 105.48 us = 105.48 us (4970.25 GFLOPS/s)
RMS_NORM_MUL RMS_NORM(256,24,5,1): 1 x 3.72 us = 3.72 us
RMS_NORM_MUL RMS_NORM(256,4,5,1): 1 x 3.64 us = 3.64 us
RMS_NORM_MUL RMS_NORM(5120,5,1,1): 5 x 8.09 us = 40.45 us
ROPE: 2 x 3.68 us = 7.36 us
SET_ROWS: 2 x 2.64 us = 5.28 us
SIGMOID_MUL SIGMOID: 1 x 1.68 us = 1.68 us
Total time: 942.67 us.
----------------
Vulkan Timings:
CONCAT: 1 x 3.68 us = 3.68 us
CONT: 1 x 3.48 us = 3.48 us
FLASH_ATTN_EXT dst(256,24,1,1),  q(256,1,24,1),  k(256,256,4,1),  v(256,256,4,1),  m(256,1,1,1): 1 x 12.52 us = 12.52 us (502.512 GFLOPS/s)
GET_ROWS: 2 x 4.34 us = 8.68 us
GLU: 1 x 1.6 us = 1.6 us
MUL_MAT f32 m=256 n=24 k=256: 1 x 1.52 us = 1.52 us (2065.52 GFLOPS/s)
MUL_MAT f32 m=64 n=16 k=64: 1 x 1.84 us = 1.84 us (70.6783 GFLOPS/s)
MUL_MAT f32 m=64 n=96 k=64: 1 x 3.2 us = 3.2 us (243.84 GFLOPS/s)
MUL_MAT_ADD MUL_MAT_VEC q6_K m=5120 n=1 k=17408: 1 x 130.48 us = 130.48 us (1366.13 GFLOPS/s)
MUL_MAT_ADD MUL_MAT_VEC q6_K m=5120 n=1 k=6144: 1 x 53.36 us = 53.36 us (1178.96 GFLOPS/s)
MUL_MAT_VEC f32 m=256 n=4 k=256: 1 x 3.04 us = 3.04 us (172.126 GFLOPS/s)
MUL_MAT_VEC q6_K m=1024 n=1 k=5120: 2 x 9.32 us = 18.64 us (1124.97 GFLOPS/s)
MUL_MAT_VEC q6_K m=12288 n=1 k=5120: 1 x 89.76 us = 89.76 us (1401.7 GFLOPS/s)
MUL_MAT_VEC q6_K m=17408 n=1 k=5120: 2 x 118.18 us = 236.36 us (1508.21 GFLOPS/s)
MUL_MAT_VEC q6_K m=98304 n=1 k=5120: 1 x 673.99 us = 673.99 us (1493.4 GFLOPS/s)
MUL_MAT_VEC q8_0 m=5120 n=1 k=10240: 1 x 91.4 us = 91.4 us (1147.18 GFLOPS/s)
PAD: 1 x 6.32 us = 6.32 us
RMS_NORM_MUL RMS_NORM(256,24,1,1): 1 x 3.2 us = 3.2 us
RMS_NORM_MUL RMS_NORM(256,4,1,1): 1 x 4.84 us = 4.84 us
RMS_NORM_MUL RMS_NORM(5120,1,1,1): 5 x 4.408 us = 22.04 us
ROPE: 2 x 3.34 us = 6.68 us
SET_ROWS: 2 x 2.62 us = 5.24 us
SIGMOID_MUL SIGMOID: 1 x 1.52 us = 1.52 us
TOP_K K=10 (98304,1,1,1): 1 x 9.04 us = 9.04 us
Total time: 1392.43 us.
----------------
Vulkan Timings:
CONCAT: 1 x 3.72 us = 3.72 us
CONT: 1 x 3.6 us = 3.6 us
FLASH_ATTN_EXT dst(256,24,1,1),  q(256,1,24,1),  k(256,256,4,1),  v(256,256,4,1),  m(256,1,1,1): 1 x 12.96 us = 12.96 us (485.452 GFLOPS/s)
GET_ROWS: 2 x 9.41 us = 18.82 us
GLU: 1 x 1.72 us = 1.72 us
MUL_MAT f32 m=256 n=24 k=256: 1 x 1.64 us = 1.64 us (1914.38 GFLOPS/s)
MUL_MAT f32 m=64 n=16 k=64: 1 x 3.64 us = 3.64 us (35.7275 GFLOPS/s)
MUL_MAT f32 m=64 n=96 k=64: 1 x 3.6 us = 3.6 us (216.747 GFLOPS/s)
MUL_MAT_ADD MUL_MAT_VEC q6_K m=5120 n=1 k=17408: 1 x 123.4 us = 123.4 us (1444.51 GFLOPS/s)
MUL_MAT_ADD MUL_MAT_VEC q6_K m=5120 n=1 k=6144: 1 x 54.72 us = 54.72 us (1149.66 GFLOPS/s)
MUL_MAT_VEC f32 m=256 n=4 k=256: 1 x 3.04 us = 3.04 us (172.126 GFLOPS/s)
MUL_MAT_VEC q6_K m=1024 n=1 k=5120: 2 x 9.28 us = 18.56 us (1129.82 GFLOPS/s)
MUL_MAT_VEC q6_K m=12288 n=1 k=5120: 1 x 85.44 us = 85.44 us (1472.58 GFLOPS/s)
MUL_MAT_VEC q6_K m=17408 n=1 k=5120: 2 x 121.32 us = 242.64 us (1469.18 GFLOPS/s)
MUL_MAT_VEC q6_K m=98304 n=1 k=5120: 1 x 673.93 us = 673.93 us (1493.53 GFLOPS/s)
MUL_MAT_VEC q8_0 m=5120 n=1 k=10240: 1 x 102.24 us = 102.24 us (1025.55 GFLOPS/s)
PAD: 1 x 4.92 us = 4.92 us
RMS_NORM_MUL RMS_NORM(256,24,1,1): 1 x 3.64 us = 3.64 us
RMS_NORM_MUL RMS_NORM(256,4,1,1): 1 x 3.6 us = 3.6 us
RMS_NORM_MUL RMS_NORM(5120,1,1,1): 5 x 3.8 us = 19 us
ROPE: 2 x 3.62 us = 7.24 us
SET_ROWS: 2 x 2.64 us = 5.28 us
SIGMOID_MUL SIGMOID: 1 x 1.72 us = 1.72 us
TOP_K K=10 (98304,1,1,1): 1 x 8.76 us = 8.76 us
Total time: 1407.83 us.
----------------
Vulkan Timings:
CONCAT: 1 x 3.76 us = 3.76 us
CONT: 1 x 3.64 us = 3.64 us
FLASH_ATTN_EXT dst(256,24,1,1),  q(256,1,24,1),  k(256,256,4,1),  v(256,256,4,1),  m(256,1,1,1): 1 x 12.92 us = 12.92 us (486.955 GFLOPS/s)
GET_ROWS: 2 x 6.46 us = 12.92 us
GLU: 1 x 1.8 us = 1.8 us
MUL_MAT f32 m=256 n=24 k=256: 1 x 1.64 us = 1.64 us (1914.38 GFLOPS/s)
MUL_MAT f32 m=64 n=16 k=64: 1 x 3.6 us = 3.6 us (36.1244 GFLOPS/s)
MUL_MAT f32 m=64 n=96 k=64: 1 x 3.6 us = 3.6 us (216.747 GFLOPS/s)
MUL_MAT_ADD MUL_MAT_VEC q6_K m=5120 n=1 k=17408: 1 x 123.48 us = 123.48 us (1443.58 GFLOPS/s)
MUL_MAT_ADD MUL_MAT_VEC q6_K m=5120 n=1 k=6144: 1 x 53.68 us = 53.68 us (1171.93 GFLOPS/s)
MUL_MAT_VEC f32 m=256 n=4 k=256: 1 x 3.04 us = 3.04 us (172.126 GFLOPS/s)
MUL_MAT_VEC q6_K m=1024 n=1 k=5120: 2 x 9.08 us = 18.16 us (1154.71 GFLOPS/s)
MUL_MAT_VEC q6_K m=12288 n=1 k=5120: 1 x 86.28 us = 86.28 us (1458.24 GFLOPS/s)
MUL_MAT_VEC q6_K m=17408 n=1 k=5120: 2 x 121.4 us = 242.8 us (1468.21 GFLOPS/s)
MUL_MAT_VEC q6_K m=98304 n=1 k=5120: 1 x 670.8 us = 670.8 us (1500.5 GFLOPS/s)
MUL_MAT_VEC q8_0 m=5120 n=1 k=10240: 1 x 101.4 us = 101.4 us (1034.05 GFLOPS/s)
PAD: 1 x 4.88 us = 4.88 us
RMS_NORM_MUL RMS_NORM(256,24,1,1): 1 x 3.6 us = 3.6 us
RMS_NORM_MUL RMS_NORM(256,4,1,1): 1 x 3.56 us = 3.56 us
RMS_NORM_MUL RMS_NORM(5120,1,1,1): 5 x 3.84 us = 19.2 us
ROPE: 2 x 3.54 us = 7.08 us
SET_ROWS: 2 x 2.66 us = 5.32 us
SIGMOID_MUL SIGMOID: 1 x 1.72 us = 1.72 us
TOP_K K=10 (98304,1,1,1): 1 x 9.08 us = 9.08 us
Total time: 1397.96 us.
----------------
Vulkan Timings:
CONCAT: 1 x 3.8 us = 3.8 us
CONT: 1 x 3.56 us = 3.56 us
FLASH_ATTN_EXT dst(256,24,1,1),  q(256,1,24,1),  k(256,256,4,1),  v(256,256,4,1),  m(256,1,1,1): 1 x 12.8 us = 12.8 us (491.52 GFLOPS/s)
GET_ROWS: 2 x 4.2 us = 8.4 us
GLU: 1 x 1.8 us = 1.8 us
MUL_MAT f32 m=256 n=24 k=256: 1 x 1.68 us = 1.68 us (1868.8 GFLOPS/s)
MUL_MAT f32 m=64 n=16 k=64: 1 x 3.6 us = 3.6 us (36.1244 GFLOPS/s)
MUL_MAT f32 m=64 n=96 k=64: 1 x 3.6 us = 3.6 us (216.747 GFLOPS/s)
MUL_MAT_ADD MUL_MAT_VEC q6_K m=5120 n=1 k=17408: 1 x 123.12 us = 123.12 us (1447.8 GFLOPS/s)
MUL_MAT_ADD MUL_MAT_VEC q6_K m=5120 n=1 k=6144: 1 x 53.92 us = 53.92 us (1166.72 GFLOPS/s)
MUL_MAT_VEC f32 m=256 n=4 k=256: 1 x 3 us = 3 us (174.421 GFLOPS/s)
MUL_MAT_VEC q6_K m=1024 n=1 k=5120: 2 x 9.16 us = 18.32 us (1144.62 GFLOPS/s)
MUL_MAT_VEC q6_K m=12288 n=1 k=5120: 1 x 85.76 us = 85.76 us (1467.08 GFLOPS/s)
MUL_MAT_VEC q6_K m=17408 n=1 k=5120: 2 x 121.16 us = 242.32 us (1471.12 GFLOPS/s)
MUL_MAT_VEC q6_K m=98304 n=1 k=5120: 1 x 673.21 us = 673.21 us (1495.13 GFLOPS/s)
MUL_MAT_VEC q8_0 m=5120 n=1 k=10240: 1 x 101.44 us = 101.44 us (1033.64 GFLOPS/s)
PAD: 1 x 6.32 us = 6.32 us
RMS_NORM_MUL RMS_NORM(256,24,1,1): 1 x 3.6 us = 3.6 us
RMS_NORM_MUL RMS_NORM(256,4,1,1): 1 x 3.6 us = 3.6 us
RMS_NORM_MUL RMS_NORM(5120,1,1,1): 5 x 3.68 us = 18.4 us
ROPE: 2 x 3.58 us = 7.16 us
SET_ROWS: 2 x 2.64 us = 5.28 us
SIGMOID_MUL SIGMOID: 1 x 1.64 us = 1.64 us
TOP_K K=10 (98304,1,1,1): 1 x 8.72 us = 8.72 us
Total time: 1395.05 us.
----------------
Vulkan Timings:
ADD: 48 x 3.733 us = 179.2 us
CONCAT: 48 x 2.472 us = 118.68 us
CONT: 16 x 3.78 us = 60.48 us
CPY: 240 x 2.214 us = 531.48 us
FLASH_ATTN_EXT dst(256,24,5,1),  q(256,5,24,1),  k(256,256,4,1),  v(256,256,4,1),  m(256,5,1,1): 16 x 20.69 us = 331.04 us (1520.41 GFLOPS/s)
GDN_CACHE GATED_DELTA_NET: 48 x 13.115 us = 629.56 us
GET_ROWS: 50 x 24.566 us = 1228.32 us
GLU: 64 x 2.943 us = 188.4 us
MUL_MAT f32 m=256 n=120 k=256: 16 x 1.792 us = 28.68 us (8757.56 GFLOPS/s)
MUL_MAT f32 m=256 n=20 k=256: 16 x 3.087 us = 49.4 us (847.391 GFLOPS/s)
MUL_MAT f32 m=64 n=480 k=64: 16 x 3.592 us = 57.48 us (1086 GFLOPS/s)
MUL_MAT f32 m=64 n=80 k=64: 16 x 3.245 us = 51.92 us (200.382 GFLOPS/s)
MUL_MAT_ADD MUL_MAT_VEC q6_K m=5120 n=5 k=17408: 64 x 144.189 us = 9228.12 us (6181.2 GFLOPS/s)
MUL_MAT_ADD MUL_MAT_VEC q6_K m=5120 n=5 k=6144: 16 x 60.992 us = 975.88 us (5157.15 GFLOPS/s)
MUL_MAT_VEC f32 m=48 n=5 k=5120: 96 x 3.406 us = 327.04 us (721.339 GFLOPS/s)
MUL_MAT_VEC q6_K m=1024 n=5 k=5120: 32 x 10.245 us = 327.84 us (5117 GFLOPS/s)
MUL_MAT_VEC q6_K m=10240 n=5 k=5120: 48 x 96.555 us = 4634.64 us (5429.41 GFLOPS/s)
MUL_MAT_VEC q6_K m=12288 n=5 k=5120: 16 x 122.62 us = 1961.92 us (5130.36 GFLOPS/s)
MUL_MAT_VEC q6_K m=17408 n=5 k=5120: 128 x 166.035 us = 21252.6 us (5367.54 GFLOPS/s)
MUL_MAT_VEC q6_K m=248320 n=5 k=5120: 1 x 1958.72 us = 1958.72 us (6490.33 GFLOPS/s)
MUL_MAT_VEC q6_K m=6144 n=5 k=5120: 48 x 64.706 us = 3105.92 us (4861.05 GFLOPS/s)
MUL_MAT_VEC q8_0 m=5120 n=5 k=6144: 48 x 63.047 us = 3026.28 us (4989.05 GFLOPS/s)
RMS_NORM_MUL RMS_NORM(256,24,5,1): 16 x 3.672 us = 58.76 us
RMS_NORM_MUL RMS_NORM(256,4,5,1): 16 x 4.365 us = 69.84 us
RMS_NORM_MUL RMS_NORM(5120,5,1,1): 129 x 4.553 us = 587.44 us
RMS_NORM_MUL_SILU_MUL RMS_NORM(128,48,5,1): 48 x 5.591 us = 268.4 us
RMS_NORM_SCALE RMS_NORM(128,16,5,1): 96 x 2.639 us = 253.4 us
ROPE: 32 x 3.817 us = 122.16 us
SET_ROWS: 32 x 2.936 us = 93.96 us
SIGMOID_MUL SIGMOID: 16 x 3.635 us = 58.16 us
SSM_CONV_SILU SSM_CONV: 48 x 5.599 us = 268.76 us
Total time: 52034.4 us.
----------------
Vulkan Timings:
CONCAT: 1 x 4 us = 4 us
CONT: 1 x 3.64 us = 3.64 us
FLASH_ATTN_EXT dst(256,24,5,1),  q(256,5,24,1),  k(256,256,4,1),  v(256,256,4,1),  m(256,5,1,1): 1 x 20.76 us = 20.76 us (1515.28 GFLOPS/s)
GLU: 1 x 1.48 us = 1.48 us
MUL_MAT f32 m=256 n=120 k=256: 1 x 1.72 us = 1.72 us (9126.7 GFLOPS/s)
MUL_MAT f32 m=256 n=20 k=256: 1 x 3.04 us = 3.04 us (860.632 GFLOPS/s)
MUL_MAT f32 m=64 n=480 k=64: 1 x 3.68 us = 3.68 us (1060.17 GFLOPS/s)
MUL_MAT f32 m=64 n=80 k=64: 1 x 3.64 us = 3.64 us (178.637 GFLOPS/s)
MUL_MAT_ADD MUL_MAT_VEC q6_K m=5120 n=5 k=17408: 1 x 173.3 us = 173.3 us (5142.9 GFLOPS/s)
MUL_MAT_ADD MUL_MAT_VEC q6_K m=5120 n=5 k=6144: 1 x 69.44 us = 69.44 us (4529.77 GFLOPS/s)
MUL_MAT_VEC q6_K m=1024 n=5 k=5120: 2 x 12.24 us = 24.48 us (4282.98 GFLOPS/s)
MUL_MAT_VEC q6_K m=12288 n=5 k=5120: 1 x 147.71 us = 147.71 us (4258.91 GFLOPS/s)
MUL_MAT_VEC q6_K m=17408 n=5 k=5120: 2 x 160.48 us = 320.96 us (5553.36 GFLOPS/s)
MUL_MAT_VEC q8_0 m=5120 n=5 k=10240: 1 x 105.8 us = 105.8 us (4955.22 GFLOPS/s)
RMS_NORM_MUL RMS_NORM(256,24,5,1): 1 x 3.8 us = 3.8 us
RMS_NORM_MUL RMS_NORM(256,4,5,1): 1 x 3.64 us = 3.64 us
RMS_NORM_MUL RMS_NORM(5120,5,1,1): 5 x 7.912 us = 39.56 us
ROPE: 2 x 3.64 us = 7.28 us
SET_ROWS: 2 x 2.66 us = 5.32 us
SIGMOID_MUL SIGMOID: 1 x 1.76 us = 1.76 us
Total time: 945.01 us.
----------------
Vulkan Timings:
CONCAT: 1 x 3.72 us = 3.72 us
CONT: 1 x 3.48 us = 3.48 us
FLASH_ATTN_EXT dst(256,24,1,1),  q(256,1,24,1),  k(256,256,4,1),  v(256,256,4,1),  m(256,1,1,1): 1 x 12.64 us = 12.64 us (497.742 GFLOPS/s)
GET_ROWS: 2 x 4.2 us = 8.4 us
GLU: 1 x 1.72 us = 1.72 us
MUL_MAT f32 m=256 n=24 k=256: 1 x 1.52 us = 1.52 us (2065.52 GFLOPS/s)
MUL_MAT f32 m=64 n=16 k=64: 1 x 1.84 us = 1.84 us (70.6783 GFLOPS/s)
MUL_MAT f32 m=64 n=96 k=64: 1 x 3.2 us = 3.2 us (243.84 GFLOPS/s)
MUL_MAT_ADD MUL_MAT_VEC q6_K m=5120 n=1 k=17408: 1 x 131.6 us = 131.6 us (1354.5 GFLOPS/s)
MUL_MAT_ADD MUL_MAT_VEC q6_K m=5120 n=1 k=6144: 1 x 54.04 us = 54.04 us (1164.13 GFLOPS/s)
MUL_MAT_VEC f32 m=256 n=4 k=256: 1 x 3 us = 3 us (174.421 GFLOPS/s)
MUL_MAT_VEC q6_K m=1024 n=1 k=5120: 2 x 9.2 us = 18.4 us (1139.65 GFLOPS/s)
MUL_MAT_VEC q6_K m=12288 n=1 k=5120: 1 x 90.4 us = 90.4 us (1391.78 GFLOPS/s)
MUL_MAT_VEC q6_K m=17408 n=1 k=5120: 2 x 118.32 us = 236.64 us (1506.43 GFLOPS/s)
MUL_MAT_VEC q6_K m=98304 n=1 k=5120: 1 x 672.3 us = 672.3 us (1497.15 GFLOPS/s)
MUL_MAT_VEC q8_0 m=5120 n=1 k=10240: 1 x 93.44 us = 93.44 us (1122.14 GFLOPS/s)
PAD: 1 x 6.36 us = 6.36 us
RMS_NORM_MUL RMS_NORM(256,24,1,1): 1 x 3.56 us = 3.56 us
RMS_NORM_MUL RMS_NORM(256,4,1,1): 1 x 4.84 us = 4.84 us
RMS_NORM_MUL RMS_NORM(5120,1,1,1): 5 x 4.112 us = 20.56 us
ROPE: 2 x 3.34 us = 6.68 us
SET_ROWS: 2 x 2.58 us = 5.16 us
SIGMOID_MUL SIGMOID: 1 x 1.6 us = 1.6 us
TOP_K K=10 (98304,1,1,1): 1 x 8.68 us = 8.68 us
Total time: 1393.78 us.
----------------
Vulkan Timings:
CONCAT: 1 x 3.8 us = 3.8 us
CONT: 1 x 3.64 us = 3.64 us
FLASH_ATTN_EXT dst(256,24,1,1),  q(256,1,24,1),  k(256,256,4,1),  v(256,256,4,1),  m(256,1,1,1): 1 x 12.92 us = 12.92 us (486.955 GFLOPS/s)
GET_ROWS: 2 x 4.4 us = 8.8 us
GLU: 1 x 1.8 us = 1.8 us
MUL_MAT f32 m=256 n=24 k=256: 1 x 1.64 us = 1.64 us (1914.38 GFLOPS/s)
MUL_MAT f32 m=64 n=16 k=64: 1 x 3.6 us = 3.6 us (36.1244 GFLOPS/s)
MUL_MAT f32 m=64 n=96 k=64: 1 x 3.6 us = 3.6 us (216.747 GFLOPS/s)
MUL_MAT_ADD MUL_MAT_VEC q6_K m=5120 n=1 k=17408: 1 x 123.4 us = 123.4 us (1444.51 GFLOPS/s)
MUL_MAT_ADD MUL_MAT_VEC q6_K m=5120 n=1 k=6144: 1 x 53.6 us = 53.6 us (1173.68 GFLOPS/s)
MUL_MAT_VEC f32 m=256 n=4 k=256: 1 x 3.04 us = 3.04 us (172.126 GFLOPS/s)
MUL_MAT_VEC q6_K m=1024 n=1 k=5120: 2 x 9.18 us = 18.36 us (1142.13 GFLOPS/s)
MUL_MAT_VEC q6_K m=12288 n=1 k=5120: 1 x 85.4 us = 85.4 us (1473.27 GFLOPS/s)
MUL_MAT_VEC q6_K m=17408 n=1 k=5120: 2 x 121.08 us = 242.16 us (1472.09 GFLOPS/s)
MUL_MAT_VEC q6_K m=98304 n=1 k=5120: 1 x 675.59 us = 675.59 us (1489.86 GFLOPS/s)
MUL_MAT_VEC q8_0 m=5120 n=1 k=10240: 1 x 101.04 us = 101.04 us (1037.73 GFLOPS/s)
PAD: 1 x 6.4 us = 6.4 us
RMS_NORM_MUL RMS_NORM(256,24,1,1): 1 x 3.6 us = 3.6 us
RMS_NORM_MUL RMS_NORM(256,4,1,1): 1 x 3.6 us = 3.6 us
RMS_NORM_MUL RMS_NORM(5120,1,1,1): 5 x 3.712 us = 18.56 us
ROPE: 2 x 3.56 us = 7.12 us
SET_ROWS: 2 x 2.64 us = 5.28 us
SIGMOID_MUL SIGMOID: 1 x 1.72 us = 1.72 us
TOP_K K=10 (98304,1,1,1): 1 x 9.04 us = 9.04 us
Total time: 1397.71 us.
----------------
Vulkan Timings:
CONCAT: 1 x 3.76 us = 3.76 us
CONT: 1 x 3.6 us = 3.6 us
FLASH_ATTN_EXT dst(256,24,1,1),  q(256,1,24,1),  k(256,256,4,1),  v(256,256,4,1),  m(256,1,1,1): 1 x 12.92 us = 12.92 us (486.955 GFLOPS/s)
GET_ROWS: 2 x 4.16 us = 8.32 us
GLU: 1 x 1.88 us = 1.88 us
MUL_MAT f32 m=256 n=24 k=256: 1 x 1.68 us = 1.68 us (1868.8 GFLOPS/s)
MUL_MAT f32 m=64 n=16 k=64: 1 x 3.64 us = 3.64 us (35.7275 GFLOPS/s)
MUL_MAT f32 m=64 n=96 k=64: 1 x 3.64 us = 3.64 us (214.365 GFLOPS/s)
MUL_MAT_ADD MUL_MAT_VEC q6_K m=5120 n=1 k=17408: 1 x 123.2 us = 123.2 us (1446.86 GFLOPS/s)
MUL_MAT_ADD MUL_MAT_VEC q6_K m=5120 n=1 k=6144: 1 x 54.36 us = 54.36 us (1157.27 GFLOPS/s)
MUL_MAT_VEC f32 m=256 n=4 k=256: 1 x 3.04 us = 3.04 us (172.126 GFLOPS/s)
MUL_MAT_VEC q6_K m=1024 n=1 k=5120: 2 x 9.06 us = 18.12 us (1157.26 GFLOPS/s)
MUL_MAT_VEC q6_K m=12288 n=1 k=5120: 1 x 85.88 us = 85.88 us (1465.03 GFLOPS/s)
MUL_MAT_VEC q6_K m=17408 n=1 k=5120: 2 x 123.9 us = 247.8 us (1438.58 GFLOPS/s)
MUL_MAT_VEC q6_K m=98304 n=1 k=5120: 1 x 673.52 us = 673.52 us (1494.44 GFLOPS/s)
MUL_MAT_VEC q8_0 m=5120 n=1 k=10240: 1 x 101.68 us = 101.68 us (1031.2 GFLOPS/s)
PAD: 1 x 6.32 us = 6.32 us
RMS_NORM_MUL RMS_NORM(256,24,1,1): 1 x 3.6 us = 3.6 us
RMS_NORM_MUL RMS_NORM(256,4,1,1): 1 x 3.6 us = 3.6 us
RMS_NORM_MUL RMS_NORM(5120,1,1,1): 5 x 3.704 us = 18.52 us
ROPE: 2 x 3.62 us = 7.24 us
SET_ROWS: 2 x 2.66 us = 5.32 us
SIGMOID_MUL SIGMOID: 1 x 1.64 us = 1.64 us
TOP_K K=10 (98304,1,1,1): 1 x 8.76 us = 8.76 us
Total time: 1402.04 us.
----------------
Vulkan Timings:
CONCAT: 1 x 3.76 us = 3.76 us
CONT: 1 x 3.64 us = 3.64 us
FLASH_ATTN_EXT dst(256,24,1,1),  q(256,1,24,1),  k(256,256,4,1),  v(256,256,4,1),  m(256,1,1,1): 1 x 12.92 us = 12.92 us (486.955 GFLOPS/s)
GET_ROWS: 2 x 4.28 us = 8.56 us
GLU: 1 x 1.84 us = 1.84 us
MUL_MAT f32 m=256 n=24 k=256: 1 x 1.68 us = 1.68 us (1868.8 GFLOPS/s)
MUL_MAT f32 m=64 n=16 k=64: 1 x 3.6 us = 3.6 us (36.1244 GFLOPS/s)
MUL_MAT f32 m=64 n=96 k=64: 1 x 3.6 us = 3.6 us (216.747 GFLOPS/s)
MUL_MAT_ADD MUL_MAT_VEC q6_K m=5120 n=1 k=17408: 1 x 122.88 us = 122.88 us (1450.62 GFLOPS/s)
MUL_MAT_ADD MUL_MAT_VEC q6_K m=5120 n=1 k=6144: 1 x 54.84 us = 54.84 us (1147.15 GFLOPS/s)
MUL_MAT_VEC f32 m=256 n=4 k=256: 1 x 3.04 us = 3.04 us (172.126 GFLOPS/s)
MUL_MAT_VEC q6_K m=1024 n=1 k=5120: 2 x 9.4 us = 18.8 us (1115.4 GFLOPS/s)
MUL_MAT_VEC q6_K m=12288 n=1 k=5120: 1 x 85.68 us = 85.68 us (1468.45 GFLOPS/s)
MUL_MAT_VEC q6_K m=17408 n=1 k=5120: 2 x 121.34 us = 242.68 us (1468.93 GFLOPS/s)
MUL_MAT_VEC q6_K m=98304 n=1 k=5120: 1 x 673.71 us = 673.71 us (1494.02 GFLOPS/s)
MUL_MAT_VEC q8_0 m=5120 n=1 k=10240: 1 x 101.84 us = 101.84 us (1029.58 GFLOPS/s)
PAD: 1 x 6.36 us = 6.36 us
RMS_NORM_MUL RMS_NORM(256,24,1,1): 1 x 3.6 us = 3.6 us
RMS_NORM_MUL RMS_NORM(256,4,1,1): 1 x 3.56 us = 3.56 us
RMS_NORM_MUL RMS_NORM(5120,1,1,1): 5 x 3.736 us = 18.68 us
ROPE: 2 x 3.58 us = 7.16 us
SET_ROWS: 2 x 2.62 us = 5.24 us
SIGMOID_MUL SIGMOID: 1 x 1.72 us = 1.72 us
TOP_K K=10 (98304,1,1,1): 1 x 8.8 us = 8.8 us
Total time: 1398.19 us.
----------------
Vulkan Timings:
ADD: 48 x 3.735 us = 179.28 us
CONCAT: 48 x 2.378 us = 114.16 us
CONT: 16 x 3.792 us = 60.68 us
CPY: 240 x 2.229 us = 534.96 us
FLASH_ATTN_EXT dst(256,24,5,1),  q(256,5,24,1),  k(256,256,4,1),  v(256,256,4,1),  m(256,5,1,1): 16 x 20.755 us = 332.08 us (1515.65 GFLOPS/s)
GDN_CACHE GATED_DELTA_NET: 48 x 13.234 us = 635.24 us
GET_ROWS: 50 x 24.647 us = 1232.36 us
GLU: 64 x 2.918 us = 186.76 us
MUL_MAT f32 m=256 n=120 k=256: 16 x 1.795 us = 28.72 us (8745.36 GFLOPS/s)
MUL_MAT f32 m=256 n=20 k=256: 16 x 3.09 us = 49.44 us (846.706 GFLOPS/s)
MUL_MAT f32 m=64 n=480 k=64: 16 x 3.607 us = 57.72 us (1081.48 GFLOPS/s)
MUL_MAT f32 m=64 n=80 k=64: 16 x 3.252 us = 52.04 us (199.92 GFLOPS/s)
MUL_MAT_ADD MUL_MAT_VEC q6_K m=5120 n=5 k=17408: 64 x 144.496 us = 9247.76 us (6168.08 GFLOPS/s)
MUL_MAT_ADD MUL_MAT_VEC q6_K m=5120 n=5 k=6144: 16 x 61.117 us = 977.88 us (5146.6 GFLOPS/s)
MUL_MAT_VEC f32 m=48 n=5 k=5120: 96 x 3.462 us = 332.4 us (709.707 GFLOPS/s)
MUL_MAT_VEC q6_K m=1024 n=5 k=5120: 32 x 10.266 us = 328.52 us (5106.41 GFLOPS/s)
MUL_MAT_VEC q6_K m=10240 n=5 k=5120: 48 x 96.852 us = 4648.92 us (5412.73 GFLOPS/s)
MUL_MAT_VEC q6_K m=12288 n=5 k=5120: 16 x 123.09 us = 1969.44 us (5110.77 GFLOPS/s)
MUL_MAT_VEC q6_K m=17408 n=5 k=5120: 128 x 166.38 us = 21296.6 us (5356.43 GFLOPS/s)
MUL_MAT_VEC q6_K m=248320 n=5 k=5120: 1 x 1952.32 us = 1952.32 us (6511.61 GFLOPS/s)
MUL_MAT_VEC q6_K m=6144 n=5 k=5120: 48 x 64.923 us = 3116.32 us (4844.82 GFLOPS/s)
MUL_MAT_VEC q8_0 m=5120 n=5 k=6144: 48 x 63.011 us = 3024.56 us (4991.89 GFLOPS/s)
RMS_NORM_MUL RMS_NORM(256,24,5,1): 16 x 3.85 us = 61.6 us
RMS_NORM_MUL RMS_NORM(256,4,5,1): 16 x 4.375 us = 70 us
RMS_NORM_MUL RMS_NORM(5120,5,1,1): 129 x 4.572 us = 589.8 us
RMS_NORM_MUL_SILU_MUL RMS_NORM(128,48,5,1): 48 x 5.614 us = 269.48 us
RMS_NORM_SCALE RMS_NORM(128,16,5,1): 96 x 2.627 us = 252.24 us
ROPE: 32 x 3.828 us = 122.52 us
SET_ROWS: 32 x 2.918 us = 93.4 us
SIGMOID_MUL SIGMOID: 16 x 3.66 us = 58.56 us
SSM_CONV_SILU SSM_CONV: 48 x 5.665 us = 271.92 us
Total time: 52147.7 us.
----------------
Vulkan Timings:
CONCAT: 1 x 3.96 us = 3.96 us
CONT: 1 x 3.68 us = 3.68 us
FLASH_ATTN_EXT dst(256,24,5,1),  q(256,5,24,1),  k(256,256,4,1),  v(256,256,4,1),  m(256,5,1,1): 1 x 20.76 us = 20.76 us (1515.28 GFLOPS/s)
GLU: 1 x 1.56 us = 1.56 us
MUL_MAT f32 m=256 n=120 k=256: 1 x 1.72 us = 1.72 us (9126.7 GFLOPS/s)
MUL_MAT f32 m=256 n=20 k=256: 1 x 3.04 us = 3.04 us (860.632 GFLOPS/s)
MUL_MAT f32 m=64 n=480 k=64: 1 x 3.64 us = 3.64 us (1071.82 GFLOPS/s)
MUL_MAT f32 m=64 n=80 k=64: 1 x 3.6 us = 3.6 us (180.622 GFLOPS/s)
MUL_MAT_ADD MUL_MAT_VEC q6_K m=5120 n=5 k=17408: 1 x 173.26 us = 173.26 us (5144.08 GFLOPS/s)
MUL_MAT_ADD MUL_MAT_VEC q6_K m=5120 n=5 k=6144: 1 x 70.04 us = 70.04 us (4490.97 GFLOPS/s)
MUL_MAT_VEC q6_K m=1024 n=5 k=5120: 2 x 12.56 us = 25.12 us (4173.86 GFLOPS/s)
MUL_MAT_VEC q6_K m=12288 n=5 k=5120: 1 x 146.89 us = 146.89 us (4282.69 GFLOPS/s)
MUL_MAT_VEC q6_K m=17408 n=5 k=5120: 2 x 158.78 us = 317.56 us (5612.81 GFLOPS/s)
MUL_MAT_VEC q8_0 m=5120 n=5 k=10240: 1 x 105.32 us = 105.32 us (4977.8 GFLOPS/s)
RMS_NORM_MUL RMS_NORM(256,24,5,1): 1 x 3.76 us = 3.76 us
RMS_NORM_MUL RMS_NORM(256,4,5,1): 1 x 3.64 us = 3.64 us
RMS_NORM_MUL RMS_NORM(5120,5,1,1): 5 x 7.928 us = 39.64 us
ROPE: 2 x 3.62 us = 7.24 us
SET_ROWS: 2 x 2.64 us = 5.28 us
SIGMOID_MUL SIGMOID: 1 x 1.72 us = 1.72 us
Total time: 941.43 us.
----------------
Vulkan Timings:
CONCAT: 1 x 3.68 us = 3.68 us
CONT: 1 x 3.52 us = 3.52 us
FLASH_ATTN_EXT dst(256,24,1,1),  q(256,1,24,1),  k(256,256,4,1),  v(256,256,4,1),  m(256,1,1,1): 1 x 12.84 us = 12.84 us (489.989 GFLOPS/s)
GET_ROWS: 2 x 4.16 us = 8.32 us
GLU: 1 x 1.56 us = 1.56 us
MUL_MAT f32 m=256 n=24 k=256: 1 x 1.52 us = 1.52 us (2065.52 GFLOPS/s)
MUL_MAT f32 m=64 n=16 k=64: 1 x 1.8 us = 1.8 us (72.2489 GFLOPS/s)
MUL_MAT f32 m=64 n=96 k=64: 1 x 3.24 us = 3.24 us (240.83 GFLOPS/s)
MUL_MAT_ADD MUL_MAT_VEC q6_K m=5120 n=1 k=17408: 1 x 131.12 us = 131.12 us (1359.46 GFLOPS/s)
MUL_MAT_ADD MUL_MAT_VEC q6_K m=5120 n=1 k=6144: 1 x 53.44 us = 53.44 us (1177.2 GFLOPS/s)
MUL_MAT_VEC f32 m=256 n=4 k=256: 1 x 3.04 us = 3.04 us (172.126 GFLOPS/s)
MUL_MAT_VEC q6_K m=1024 n=1 k=5120: 2 x 9.42 us = 18.84 us (1113.03 GFLOPS/s)
MUL_MAT_VEC q6_K m=12288 n=1 k=5120: 1 x 90.12 us = 90.12 us (1396.1 GFLOPS/s)
MUL_MAT_VEC q6_K m=17408 n=1 k=5120: 2 x 117.94 us = 235.88 us (1511.28 GFLOPS/s)
MUL_MAT_VEC q6_K m=98304 n=1 k=5120: 1 x 672.92 us = 672.92 us (1495.77 GFLOPS/s)
MUL_MAT_VEC q8_0 m=5120 n=1 k=10240: 1 x 93.6 us = 93.6 us (1120.22 GFLOPS/s)
PAD: 1 x 8.52 us = 8.52 us
RMS_NORM_MUL RMS_NORM(256,24,1,1): 1 x 3.2 us = 3.2 us
RMS_NORM_MUL RMS_NORM(256,4,1,1): 1 x 4.84 us = 4.84 us
RMS_NORM_MUL RMS_NORM(5120,1,1,1): 5 x 4.056 us = 20.28 us
ROPE: 2 x 3.3 us = 6.6 us
SET_ROWS: 2 x 2.62 us = 5.24 us
SIGMOID_MUL SIGMOID: 1 x 1.6 us = 1.6 us
TOP_K K=10 (98304,1,1,1): 1 x 6.48 us = 6.48 us
Total time: 1392.2 us.
----------------
Vulkan Timings:
CONCAT: 1 x 3.8 us = 3.8 us
CONT: 1 x 3.6 us = 3.6 us
FLASH_ATTN_EXT dst(256,24,1,1),  q(256,1,24,1),  k(256,256,4,1),  v(256,256,4,1),  m(256,1,1,1): 1 x 12.8 us = 12.8 us (491.52 GFLOPS/s)
GET_ROWS: 2 x 4.22 us = 8.44 us
GLU: 1 x 1.88 us = 1.88 us
MUL_MAT f32 m=256 n=24 k=256: 1 x 1.68 us = 1.68 us (1868.8 GFLOPS/s)
MUL_MAT f32 m=64 n=16 k=64: 1 x 3.6 us = 3.6 us (36.1244 GFLOPS/s)
MUL_MAT f32 m=64 n=96 k=64: 1 x 3.6 us = 3.6 us (216.747 GFLOPS/s)
MUL_MAT_ADD MUL_MAT_VEC q6_K m=5120 n=1 k=17408: 1 x 124.24 us = 124.24 us (1434.75 GFLOPS/s)
MUL_MAT_ADD MUL_MAT_VEC q6_K m=5120 n=1 k=6144: 1 x 53.72 us = 53.72 us (1171.06 GFLOPS/s)
MUL_MAT_VEC f32 m=256 n=4 k=256: 1 x 3.04 us = 3.04 us (172.126 GFLOPS/s)
MUL_MAT_VEC q6_K m=1024 n=1 k=5120: 2 x 9.08 us = 18.16 us (1154.71 GFLOPS/s)
MUL_MAT_VEC q6_K m=12288 n=1 k=5120: 1 x 85.6 us = 85.6 us (1469.82 GFLOPS/s)
MUL_MAT_VEC q6_K m=17408 n=1 k=5120: 2 x 121.4 us = 242.8 us (1468.21 GFLOPS/s)
MUL_MAT_VEC q6_K m=98304 n=1 k=5120: 1 x 673.16 us = 673.16 us (1495.24 GFLOPS/s)
MUL_MAT_VEC q8_0 m=5120 n=1 k=10240: 1 x 102.32 us = 102.32 us (1024.75 GFLOPS/s)
PAD: 1 x 6.36 us = 6.36 us
RMS_NORM_MUL RMS_NORM(256,24,1,1): 1 x 3.64 us = 3.64 us
RMS_NORM_MUL RMS_NORM(256,4,1,1): 1 x 3.64 us = 3.64 us
RMS_NORM_MUL RMS_NORM(5120,1,1,1): 5 x 3.72 us = 18.6 us
ROPE: 2 x 3.58 us = 7.16 us
SET_ROWS: 2 x 2.64 us = 5.28 us
SIGMOID_MUL SIGMOID: 1 x 1.64 us = 1.64 us
TOP_K K=10 (98304,1,1,1): 1 x 9.16 us = 9.16 us
Total time: 1397.92 us.
----------------
Vulkan Timings:
CONCAT: 1 x 3.72 us = 3.72 us
CONT: 1 x 3.64 us = 3.64 us
FLASH_ATTN_EXT dst(256,24,1,1),  q(256,1,24,1),  k(256,256,4,1),  v(256,256,4,1),  m(256,1,1,1): 1 x 12.84 us = 12.84 us (489.989 GFLOPS/s)
GET_ROWS: 2 x 7.64 us = 15.28 us
GLU: 1 x 1.76 us = 1.76 us
MUL_MAT f32 m=256 n=24 k=256: 1 x 1.64 us = 1.64 us (1914.38 GFLOPS/s)
MUL_MAT f32 m=64 n=16 k=64: 1 x 3.6 us = 3.6 us (36.1244 GFLOPS/s)
MUL_MAT f32 m=64 n=96 k=64: 1 x 3.6 us = 3.6 us (216.747 GFLOPS/s)
MUL_MAT_ADD MUL_MAT_VEC q6_K m=5120 n=1 k=17408: 1 x 123.32 us = 123.32 us (1445.45 GFLOPS/s)
MUL_MAT_ADD MUL_MAT_VEC q6_K m=5120 n=1 k=6144: 1 x 54.56 us = 54.56 us (1153.03 GFLOPS/s)
MUL_MAT_VEC f32 m=256 n=4 k=256: 1 x 3 us = 3 us (174.421 GFLOPS/s)
MUL_MAT_VEC q6_K m=1024 n=1 k=5120: 2 x 9.22 us = 18.44 us (1137.17 GFLOPS/s)
MUL_MAT_VEC q6_K m=12288 n=1 k=5120: 1 x 85.76 us = 85.76 us (1467.08 GFLOPS/s)
MUL_MAT_VEC q6_K m=17408 n=1 k=5120: 2 x 121.2 us = 242.4 us (1470.63 GFLOPS/s)
MUL_MAT_VEC q6_K m=98304 n=1 k=5120: 1 x 673.26 us = 673.26 us (1495.02 GFLOPS/s)
MUL_MAT_VEC q8_0 m=5120 n=1 k=10240: 1 x 101.16 us = 101.16 us (1036.5 GFLOPS/s)
PAD: 1 x 5.04 us = 5.04 us
RMS_NORM_MUL RMS_NORM(256,24,1,1): 1 x 3.6 us = 3.6 us
RMS_NORM_MUL RMS_NORM(256,4,1,1): 1 x 3.6 us = 3.6 us
RMS_NORM_MUL RMS_NORM(5120,1,1,1): 5 x 3.72 us = 18.6 us
ROPE: 2 x 3.58 us = 7.16 us
SET_ROWS: 2 x 2.66 us = 5.32 us
SIGMOID_MUL SIGMOID: 1 x 1.72 us = 1.72 us
TOP_K K=10 (98304,1,1,1): 1 x 9.04 us = 9.04 us
Total time: 1402.06 us.
----------------
Vulkan Timings:
CONCAT: 1 x 3.76 us = 3.76 us
CONT: 1 x 3.64 us = 3.64 us
FLASH_ATTN_EXT dst(256,24,1,1),  q(256,1,24,1),  k(256,256,4,1),  v(256,256,4,1),  m(256,1,1,1): 1 x 13.08 us = 13.08 us (480.998 GFLOPS/s)
GET_ROWS: 2 x 4.16 us = 8.32 us
GLU: 1 x 1.88 us = 1.88 us
MUL_MAT f32 m=256 n=24 k=256: 1 x 1.68 us = 1.68 us (1868.8 GFLOPS/s)
MUL_MAT f32 m=64 n=16 k=64: 1 x 3.56 us = 3.56 us (36.5303 GFLOPS/s)
MUL_MAT f32 m=64 n=96 k=64: 1 x 3.6 us = 3.6 us (216.747 GFLOPS/s)
MUL_MAT_ADD MUL_MAT_VEC q6_K m=5120 n=1 k=17408: 1 x 124 us = 124 us (1437.52 GFLOPS/s)
MUL_MAT_ADD MUL_MAT_VEC q6_K m=5120 n=1 k=6144: 1 x 53.48 us = 53.48 us (1176.32 GFLOPS/s)
MUL_MAT_VEC f32 m=256 n=4 k=256: 1 x 3.04 us = 3.04 us (172.126 GFLOPS/s)
MUL_MAT_VEC q6_K m=1024 n=1 k=5120: 2 x 9.14 us = 18.28 us (1147.13 GFLOPS/s)
MUL_MAT_VEC q6_K m=12288 n=1 k=5120: 1 x 85.28 us = 85.28 us (1475.34 GFLOPS/s)
MUL_MAT_VEC q6_K m=17408 n=1 k=5120: 2 x 121.38 us = 242.76 us (1468.45 GFLOPS/s)
MUL_MAT_VEC q6_K m=98304 n=1 k=5120: 1 x 674.85 us = 674.85 us (1491.49 GFLOPS/s)
MUL_MAT_VEC q8_0 m=5120 n=1 k=10240: 1 x 101.12 us = 101.12 us (1036.91 GFLOPS/s)
PAD: 1 x 6.36 us = 6.36 us
RMS_NORM_MUL RMS_NORM(256,24,1,1): 1 x 3.6 us = 3.6 us
RMS_NORM_MUL RMS_NORM(256,4,1,1): 1 x 3.56 us = 3.56 us
RMS_NORM_MUL RMS_NORM(5120,1,1,1): 5 x 3.688 us = 18.44 us
ROPE: 2 x 3.56 us = 7.12 us
SET_ROWS: 2 x 2.66 us = 5.32 us
SIGMOID_MUL SIGMOID: 1 x 1.68 us = 1.68 us
TOP_K K=10 (98304,1,1,1): 1 x 8.64 us = 8.64 us
Total time: 1397.05 us.
----------------
Vulkan Timings:
ADD: 48 x 3.711 us = 178.16 us
CONCAT: 48 x 2.377 us = 114.12 us
CONT: 16 x 3.785 us = 60.56 us
CPY: 240 x 2.201 us = 528.24 us
FLASH_ATTN_EXT dst(256,24,5,1),  q(256,5,24,1),  k(256,256,4,1),  v(256,256,4,1),  m(256,5,1,1): 16 x 21.135 us = 338.16 us (1488.4 GFLOPS/s)
GDN_CACHE GATED_DELTA_NET: 48 x 13.09 us = 628.36 us
GET_ROWS: 50 x 24.558 us = 1227.92 us
GLU: 64 x 2.941 us = 188.24 us
MUL_MAT f32 m=256 n=120 k=256: 16 x 1.867 us = 29.88 us (8405.85 GFLOPS/s)
MUL_MAT f32 m=256 n=20 k=256: 16 x 2.902 us = 46.44 us (901.402 GFLOPS/s)
MUL_MAT f32 m=64 n=480 k=64: 16 x 3.592 us = 57.48 us (1086 GFLOPS/s)
MUL_MAT f32 m=64 n=80 k=64: 16 x 3.24 us = 51.84 us (200.691 GFLOPS/s)
MUL_MAT_ADD MUL_MAT_VEC q6_K m=5120 n=5 k=17408: 64 x 144.275 us = 9233.6 us (6177.54 GFLOPS/s)
MUL_MAT_ADD MUL_MAT_VEC q6_K m=5120 n=5 k=6144: 16 x 60.897 us = 974.36 us (5165.19 GFLOPS/s)
MUL_MAT_VEC f32 m=48 n=5 k=5120: 96 x 3.396 us = 326.04 us (723.551 GFLOPS/s)
MUL_MAT_VEC q6_K m=1024 n=5 k=5120: 32 x 9.873 us = 315.96 us (5309.4 GFLOPS/s)
MUL_MAT_VEC q6_K m=10240 n=5 k=5120: 48 x 96.727 us = 4642.92 us (5419.73 GFLOPS/s)
MUL_MAT_VEC q6_K m=12288 n=5 k=5120: 16 x 123.37 us = 1973.92 us (5099.17 GFLOPS/s)
MUL_MAT_VEC q6_K m=17408 n=5 k=5120: 128 x 165.887 us = 21233.6 us (5372.34 GFLOPS/s)
MUL_MAT_VEC q6_K m=248320 n=5 k=5120: 1 x 1946 us = 1946 us (6532.76 GFLOPS/s)
MUL_MAT_VEC q6_K m=6144 n=5 k=5120: 48 x 64.669 us = 3104.12 us (4863.86 GFLOPS/s)
MUL_MAT_VEC q8_0 m=5120 n=5 k=6144: 48 x 63.126 us = 3030.08 us (4982.79 GFLOPS/s)
RMS_NORM_MUL RMS_NORM(256,24,5,1): 16 x 3.667 us = 58.68 us
RMS_NORM_MUL RMS_NORM(256,4,5,1): 16 x 4.352 us = 69.64 us
RMS_NORM_MUL RMS_NORM(5120,5,1,1): 129 x 4.538 us = 585.44 us
RMS_NORM_MUL_SILU_MUL RMS_NORM(128,48,5,1): 48 x 5.59 us = 268.32 us
RMS_NORM_SCALE RMS_NORM(128,16,5,1): 96 x 2.684 us = 257.72 us
ROPE: 32 x 3.827 us = 122.48 us
SET_ROWS: 32 x 2.846 us = 91.08 us
SIGMOID_MUL SIGMOID: 16 x 3.65 us = 58.4 us
SSM_CONV_SILU SSM_CONV: 48 x 5.64 us = 270.76 us
Total time: 52012.5 us.
----------------
Vulkan Timings:
CONCAT: 1 x 4 us = 4 us
CONT: 1 x 3.64 us = 3.64 us
FLASH_ATTN_EXT dst(256,24,5,1),  q(256,5,24,1),  k(256,256,4,1),  v(256,256,4,1),  m(256,5,1,1): 1 x 20.76 us = 20.76 us (1515.28 GFLOPS/s)
GLU: 1 x 1.48 us = 1.48 us
MUL_MAT f32 m=256 n=120 k=256: 1 x 1.72 us = 1.72 us (9126.7 GFLOPS/s)
MUL_MAT f32 m=256 n=20 k=256: 1 x 3.04 us = 3.04 us (860.632 GFLOPS/s)
MUL_MAT f32 m=64 n=480 k=64: 1 x 3.64 us = 3.64 us (1071.82 GFLOPS/s)
MUL_MAT f32 m=64 n=80 k=64: 1 x 3.64 us = 3.64 us (178.637 GFLOPS/s)
MUL_MAT_ADD MUL_MAT_VEC q6_K m=5120 n=5 k=17408: 1 x 172.1 us = 172.1 us (5178.76 GFLOPS/s)
MUL_MAT_ADD MUL_MAT_VEC q6_K m=5120 n=5 k=6144: 1 x 70.24 us = 70.24 us (4478.18 GFLOPS/s)
MUL_MAT_VEC q6_K m=1024 n=5 k=5120: 2 x 12.62 us = 25.24 us (4154.02 GFLOPS/s)
MUL_MAT_VEC q6_K m=12288 n=5 k=5120: 1 x 148.43 us = 148.43 us (4238.25 GFLOPS/s)
MUL_MAT_VEC q6_K m=17408 n=5 k=5120: 2 x 160.04 us = 320.08 us (5568.62 GFLOPS/s)
MUL_MAT_VEC q8_0 m=5120 n=5 k=10240: 1 x 104.8 us = 104.8 us (5002.5 GFLOPS/s)
RMS_NORM_MUL RMS_NORM(256,24,5,1): 1 x 3.8 us = 3.8 us
RMS_NORM_MUL RMS_NORM(256,4,5,1): 1 x 3.64 us = 3.64 us
RMS_NORM_MUL RMS_NORM(5120,5,1,1): 5 x 7.774 us = 38.87 us
ROPE: 2 x 3.62 us = 7.24 us
SET_ROWS: 2 x 2.66 us = 5.32 us
SIGMOID_MUL SIGMOID: 1 x 1.68 us = 1.68 us
Total time: 943.36 us.
----------------
Vulkan Timings:
CONCAT: 1 x 3.6 us = 3.6 us
CONT: 1 x 3.52 us = 3.52 us
FLASH_ATTN_EXT dst(256,24,1,1),  q(256,1,24,1),  k(256,256,4,1),  v(256,256,4,1),  m(256,1,1,1): 1 x 15.4 us = 15.4 us (408.536 GFLOPS/s)
GET_ROWS: 2 x 4.22 us = 8.44 us
GLU: 1 x 1.64 us = 1.64 us
MUL_MAT f32 m=256 n=24 k=256: 1 x 1.56 us = 1.56 us (2012.55 GFLOPS/s)
MUL_MAT f32 m=64 n=16 k=64: 1 x 1.84 us = 1.84 us (70.6783 GFLOPS/s)
MUL_MAT f32 m=64 n=96 k=64: 1 x 3.16 us = 3.16 us (246.927 GFLOPS/s)
MUL_MAT_ADD MUL_MAT_VEC q6_K m=5120 n=1 k=17408: 1 x 129.48 us = 129.48 us (1376.68 GFLOPS/s)
MUL_MAT_ADD MUL_MAT_VEC q6_K m=5120 n=1 k=6144: 1 x 53.2 us = 53.2 us (1182.51 GFLOPS/s)
MUL_MAT_VEC f32 m=256 n=4 k=256: 1 x 3 us = 3 us (174.421 GFLOPS/s)
MUL_MAT_VEC q6_K m=1024 n=1 k=5120: 2 x 9.28 us = 18.56 us (1129.82 GFLOPS/s)
MUL_MAT_VEC q6_K m=12288 n=1 k=5120: 1 x 89.8 us = 89.8 us (1401.08 GFLOPS/s)
MUL_MAT_VEC q6_K m=17408 n=1 k=5120: 2 x 117.86 us = 235.72 us (1512.31 GFLOPS/s)
MUL_MAT_VEC q6_K m=98304 n=1 k=5120: 1 x 674.54 us = 674.54 us (1492.18 GFLOPS/s)
MUL_MAT_VEC q8_0 m=5120 n=1 k=10240: 1 x 92.56 us = 92.56 us (1132.81 GFLOPS/s)
PAD: 1 x 6.36 us = 6.36 us
RMS_NORM_MUL RMS_NORM(256,24,1,1): 1 x 3.24 us = 3.24 us
RMS_NORM_MUL RMS_NORM(256,4,1,1): 1 x 4.88 us = 4.88 us
RMS_NORM_MUL RMS_NORM(5120,1,1,1): 5 x 4.4 us = 22 us
ROPE: 2 x 3.44 us = 6.88 us
SET_ROWS: 2 x 1.8 us = 3.6 us
SIGMOID_MUL SIGMOID: 1 x 1.56 us = 1.56 us
TOP_K K=10 (98304,1,1,1): 1 x 8.84 us = 8.84 us
Total time: 1393.38 us.
----------------
Vulkan Timings:
CONCAT: 1 x 3.76 us = 3.76 us
CONT: 1 x 3.64 us = 3.64 us
FLASH_ATTN_EXT dst(256,24,1,1),  q(256,1,24,1),  k(256,256,4,1),  v(256,256,4,1),  m(256,1,1,1): 1 x 12.76 us = 12.76 us (493.061 GFLOPS/s)
GET_ROWS: 2 x 4.16 us = 8.32 us
GLU: 1 x 1.84 us = 1.84 us
MUL_MAT f32 m=256 n=24 k=256: 1 x 1.6 us = 1.6 us (1962.24 GFLOPS/s)
MUL_MAT f32 m=64 n=16 k=64: 1 x 3.6 us = 3.6 us (36.1244 GFLOPS/s)
MUL_MAT f32 m=64 n=96 k=64: 1 x 3.64 us = 3.64 us (214.365 GFLOPS/s)
MUL_MAT_ADD MUL_MAT_VEC q6_K m=5120 n=1 k=17408: 1 x 123.96 us = 123.96 us (1437.99 GFLOPS/s)
MUL_MAT_ADD MUL_MAT_VEC q6_K m=5120 n=1 k=6144: 1 x 53.6 us = 53.6 us (1173.68 GFLOPS/s)
MUL_MAT_VEC f32 m=256 n=4 k=256: 1 x 3.04 us = 3.04 us (172.126 GFLOPS/s)
MUL_MAT_VEC q6_K m=1024 n=1 k=5120: 2 x 9.04 us = 18.08 us (1159.82 GFLOPS/s)
MUL_MAT_VEC q6_K m=12288 n=1 k=5120: 1 x 85.96 us = 85.96 us (1463.67 GFLOPS/s)
MUL_MAT_VEC q6_K m=17408 n=1 k=5120: 2 x 121.08 us = 242.16 us (1472.09 GFLOPS/s)
MUL_MAT_VEC q6_K m=98304 n=1 k=5120: 1 x 672.77 us = 672.77 us (1496.11 GFLOPS/s)
MUL_MAT_VEC q8_0 m=5120 n=1 k=10240: 1 x 101.68 us = 101.68 us (1031.2 GFLOPS/s)
PAD: 1 x 6.36 us = 6.36 us
RMS_NORM_MUL RMS_NORM(256,24,1,1): 1 x 3.6 us = 3.6 us
RMS_NORM_MUL RMS_NORM(256,4,1,1): 1 x 3.56 us = 3.56 us
RMS_NORM_MUL RMS_NORM(5120,1,1,1): 5 x 3.728 us = 18.64 us
ROPE: 2 x 3.58 us = 7.16 us
SET_ROWS: 2 x 2.62 us = 5.24 us
SIGMOID_MUL SIGMOID: 1 x 1.72 us = 1.72 us
TOP_K K=10 (98304,1,1,1): 1 x 8.64 us = 8.64 us
Total time: 1395.33 us.
----------------
Vulkan Timings:
CONCAT: 1 x 3.72 us = 3.72 us
CONT: 1 x 3.6 us = 3.6 us
FLASH_ATTN_EXT dst(256,24,1,1),  q(256,1,24,1),  k(256,256,4,1),  v(256,256,4,1),  m(256,1,1,1): 1 x 12.92 us = 12.92 us (486.955 GFLOPS/s)
GET_ROWS: 2 x 4.3 us = 8.6 us
GLU: 1 x 1.88 us = 1.88 us
MUL_MAT f32 m=256 n=24 k=256: 1 x 1.64 us = 1.64 us (1914.38 GFLOPS/s)
MUL_MAT f32 m=64 n=16 k=64: 1 x 3.6 us = 3.6 us (36.1244 GFLOPS/s)
MUL_MAT f32 m=64 n=96 k=64: 1 x 3.64 us = 3.64 us (214.365 GFLOPS/s)
MUL_MAT_ADD MUL_MAT_VEC q6_K m=5120 n=1 k=17408: 1 x 123.64 us = 123.64 us (1441.71 GFLOPS/s)
MUL_MAT_ADD MUL_MAT_VEC q6_K m=5120 n=1 k=6144: 1 x 53.12 us = 53.12 us (1184.29 GFLOPS/s)
MUL_MAT_VEC f32 m=256 n=4 k=256: 1 x 3.04 us = 3.04 us (172.126 GFLOPS/s)
MUL_MAT_VEC q6_K m=1024 n=1 k=5120: 2 x 9.08 us = 18.16 us (1154.71 GFLOPS/s)
MUL_MAT_VEC q6_K m=12288 n=1 k=5120: 1 x 86.36 us = 86.36 us (1456.89 GFLOPS/s)
MUL_MAT_VEC q6_K m=17408 n=1 k=5120: 2 x 121.12 us = 242.24 us (1471.6 GFLOPS/s)
MUL_MAT_VEC q6_K m=98304 n=1 k=5120: 1 x 671.24 us = 671.24 us (1499.52 GFLOPS/s)
MUL_MAT_VEC q8_0 m=5120 n=1 k=10240: 1 x 101.88 us = 101.88 us (1029.18 GFLOPS/s)
PAD: 1 x 8.4 us = 8.4 us
RMS_NORM_MUL RMS_NORM(256,24,1,1): 1 x 3.64 us = 3.64 us
RMS_NORM_MUL RMS_NORM(256,4,1,1): 1 x 3.6 us = 3.6 us
RMS_NORM_MUL RMS_NORM(5120,1,1,1): 5 x 3.704 us = 18.52 us
ROPE: 2 x 3.56 us = 7.12 us
SET_ROWS: 2 x 2.64 us = 5.28 us
SIGMOID_MUL SIGMOID: 1 x 2.56 us = 2.56 us
TOP_K K=10 (98304,1,1,1): 1 x 6.44 us = 6.44 us
Total time: 1394.84 us.
----------------
Vulkan Timings:
CONCAT: 1 x 3.72 us = 3.72 us
CONT: 1 x 3.6 us = 3.6 us
FLASH_ATTN_EXT dst(256,24,1,1),  q(256,1,24,1),  k(256,256,4,1),  v(256,256,4,1),  m(256,1,1,1): 1 x 12.8 us = 12.8 us (491.52 GFLOPS/s)
GET_ROWS: 2 x 7.52 us = 15.04 us
GLU: 1 x 1.88 us = 1.88 us
MUL_MAT f32 m=256 n=24 k=256: 1 x 1.76 us = 1.76 us (1783.85 GFLOPS/s)
MUL_MAT f32 m=64 n=16 k=64: 1 x 3.64 us = 3.64 us (35.7275 GFLOPS/s)
MUL_MAT f32 m=64 n=96 k=64: 1 x 3.6 us = 3.6 us (216.747 GFLOPS/s)
MUL_MAT_ADD MUL_MAT_VEC q6_K m=5120 n=1 k=17408: 1 x 122.56 us = 122.56 us (1454.41 GFLOPS/s)
MUL_MAT_ADD MUL_MAT_VEC q6_K m=5120 n=1 k=6144: 1 x 53.28 us = 53.28 us (1180.73 GFLOPS/s)
MUL_MAT_VEC f32 m=256 n=4 k=256: 1 x 3 us = 3 us (174.421 GFLOPS/s)
MUL_MAT_VEC q6_K m=1024 n=1 k=5120: 2 x 8.22 us = 16.44 us (1275.52 GFLOPS/s)
MUL_MAT_VEC q6_K m=12288 n=1 k=5120: 1 x 85.6 us = 85.6 us (1469.82 GFLOPS/s)
MUL_MAT_VEC q6_K m=17408 n=1 k=5120: 2 x 121.2 us = 242.4 us (1470.63 GFLOPS/s)
MUL_MAT_VEC q6_K m=98304 n=1 k=5120: 1 x 669 us = 669 us (1504.54 GFLOPS/s)
MUL_MAT_VEC q8_0 m=5120 n=1 k=10240: 1 x 101.8 us = 101.8 us (1029.99 GFLOPS/s)
PAD: 1 x 7.24 us = 7.24 us
RMS_NORM_MUL RMS_NORM(256,24,1,1): 1 x 5.36 us = 5.36 us
RMS_NORM_MUL RMS_NORM(256,4,1,1): 1 x 3.64 us = 3.64 us
RMS_NORM_MUL RMS_NORM(5120,1,1,1): 5 x 3.72 us = 18.6 us
ROPE: 2 x 3.6 us = 7.2 us
SET_ROWS: 2 x 2.62 us = 5.24 us
SIGMOID_MUL SIGMOID: 1 x 1.68 us = 1.68 us
TOP_K K=10 (98304,1,1,1): 1 x 6.68 us = 6.68 us
Total time: 1395.76 us.
----------------
Vulkan Timings:
ADD: 48 x 3.746 us = 179.84 us
CONCAT: 48 x 2.395 us = 115 us
CONT: 16 x 3.812 us = 61 us
CPY: 240 x 2.252 us = 540.68 us
FLASH_ATTN_EXT dst(256,24,5,1),  q(256,5,24,1),  k(256,256,4,1),  v(256,256,4,1),  m(256,5,1,1): 16 x 21.192 us = 339.08 us (1484.36 GFLOPS/s)
GDN_CACHE GATED_DELTA_NET: 48 x 12.975 us = 622.8 us
GET_ROWS: 50 x 25.933 us = 1296.68 us
GLU: 64 x 2.971 us = 190.2 us
MUL_MAT f32 m=256 n=120 k=256: 16 x 1.812 us = 29 us (8660.92 GFLOPS/s)
MUL_MAT f32 m=256 n=20 k=256: 16 x 3.115 us = 49.84 us (839.91 GFLOPS/s)
MUL_MAT f32 m=64 n=480 k=64: 16 x 3.64 us = 58.24 us (1071.82 GFLOPS/s)
MUL_MAT f32 m=64 n=80 k=64: 16 x 3.28 us = 52.48 us (198.244 GFLOPS/s)
MUL_MAT_ADD MUL_MAT_VEC q6_K m=5120 n=5 k=17408: 64 x 144.456 us = 9245.2 us (6169.78 GFLOPS/s)
MUL_MAT_ADD MUL_MAT_VEC q6_K m=5120 n=5 k=6144: 16 x 61.142 us = 978.28 us (5144.49 GFLOPS/s)
MUL_MAT_VEC f32 m=48 n=5 k=5120: 96 x 3.427 us = 329.04 us (716.954 GFLOPS/s)
MUL_MAT_VEC q6_K m=1024 n=5 k=5120: 32 x 9.898 us = 316.76 us (5295.99 GFLOPS/s)
MUL_MAT_VEC q6_K m=10240 n=5 k=5120: 48 x 96.865 us = 4649.56 us (5411.99 GFLOPS/s)
MUL_MAT_VEC q6_K m=12288 n=5 k=5120: 16 x 123.512 us = 1976.2 us (5093.28 GFLOPS/s)
MUL_MAT_VEC q6_K m=17408 n=5 k=5120: 128 x 165.859 us = 21230 us (5373.23 GFLOPS/s)
MUL_MAT_VEC q6_K m=248320 n=5 k=5120: 1 x 1965.4 us = 1965.4 us (6468.27 GFLOPS/s)
MUL_MAT_VEC q6_K m=6144 n=5 k=5120: 48 x 64.854 us = 3113 us (4849.99 GFLOPS/s)
MUL_MAT_VEC q8_0 m=5120 n=5 k=6144: 48 x 63.212 us = 3034.2 us (4976.03 GFLOPS/s)
RMS_NORM_MUL RMS_NORM(256,24,5,1): 16 x 3.715 us = 59.44 us
RMS_NORM_MUL RMS_NORM(256,4,5,1): 16 x 4.412 us = 70.6 us
RMS_NORM_MUL RMS_NORM(5120,5,1,1): 129 x 4.58 us = 590.92 us
RMS_NORM_MUL_SILU_MUL RMS_NORM(128,48,5,1): 48 x 5.643 us = 270.88 us
RMS_NORM_SCALE RMS_NORM(128,16,5,1): 96 x 2.697 us = 258.96 us
ROPE: 32 x 3.861 us = 123.56 us
SET_ROWS: 32 x 2.856 us = 91.4 us
SIGMOID_MUL SIGMOID: 16 x 3.677 us = 58.84 us
SSM_CONV_SILU SSM_CONV: 48 x 5.61 us = 269.32 us
Total time: 52166.4 us.
----------------
Vulkan Timings:
CONCAT: 1 x 4.08 us = 4.08 us
CONT: 1 x 3.76 us = 3.76 us
FLASH_ATTN_EXT dst(256,24,5,1),  q(256,5,24,1),  k(256,256,4,1),  v(256,256,4,1),  m(256,5,1,1): 1 x 20.88 us = 20.88 us (1506.57 GFLOPS/s)
GLU: 1 x 1.56 us = 1.56 us
MUL_MAT f32 m=256 n=120 k=256: 1 x 1.72 us = 1.72 us (9126.7 GFLOPS/s)
MUL_MAT f32 m=256 n=20 k=256: 1 x 3.12 us = 3.12 us (838.564 GFLOPS/s)
MUL_MAT f32 m=64 n=480 k=64: 1 x 3.76 us = 3.76 us (1037.62 GFLOPS/s)
MUL_MAT f32 m=64 n=80 k=64: 1 x 3.68 us = 3.68 us (176.696 GFLOPS/s)
MUL_MAT_ADD MUL_MAT_VEC q6_K m=5120 n=5 k=17408: 1 x 172.45 us = 172.45 us (5168.25 GFLOPS/s)
MUL_MAT_ADD MUL_MAT_VEC q6_K m=5120 n=5 k=6144: 1 x 70.76 us = 70.76 us (4445.27 GFLOPS/s)
MUL_MAT_VEC q6_K m=1024 n=5 k=5120: 2 x 12.5 us = 25 us (4193.89 GFLOPS/s)
MUL_MAT_VEC q6_K m=12288 n=5 k=5120: 1 x 147.7 us = 147.7 us (4259.2 GFLOPS/s)
MUL_MAT_VEC q6_K m=17408 n=5 k=5120: 2 x 159.2 us = 318.4 us (5598.01 GFLOPS/s)
MUL_MAT_VEC q8_0 m=5120 n=5 k=10240: 1 x 105.36 us = 105.36 us (4975.91 GFLOPS/s)
RMS_NORM_MUL RMS_NORM(256,24,5,1): 1 x 3.88 us = 3.88 us
RMS_NORM_MUL RMS_NORM(256,4,5,1): 1 x 3.68 us = 3.68 us
RMS_NORM_MUL RMS_NORM(5120,5,1,1): 5 x 8.316 us = 41.58 us
ROPE: 2 x 3.7 us = 7.4 us
SET_ROWS: 2 x 2.7 us = 5.4 us
SIGMOID_MUL SIGMOID: 1 x 1.8 us = 1.8 us
Total time: 945.97 us.
----------------
Vulkan Timings:
CONCAT: 1 x 3.6 us = 3.6 us
CONT: 1 x 3.52 us = 3.52 us
FLASH_ATTN_EXT dst(256,24,1,1),  q(256,1,24,1),  k(256,256,4,1),  v(256,256,4,1),  m(256,1,1,1): 1 x 12.6 us = 12.6 us (499.322 GFLOPS/s)
GET_ROWS: 2 x 4.2 us = 8.4 us
GLU: 1 x 1.68 us = 1.68 us
MUL_MAT f32 m=256 n=24 k=256: 1 x 1.48 us = 1.48 us (2121.34 GFLOPS/s)
MUL_MAT f32 m=64 n=16 k=64: 1 x 3.28 us = 3.28 us (39.6488 GFLOPS/s)
MUL_MAT f32 m=64 n=96 k=64: 1 x 3.2 us = 3.2 us (243.84 GFLOPS/s)
MUL_MAT_ADD MUL_MAT_VEC q6_K m=5120 n=1 k=17408: 1 x 129.12 us = 129.12 us (1380.52 GFLOPS/s)
MUL_MAT_ADD MUL_MAT_VEC q6_K m=5120 n=1 k=6144: 1 x 53.32 us = 53.32 us (1179.85 GFLOPS/s)
MUL_MAT_VEC f32 m=256 n=4 k=256: 1 x 3.04 us = 3.04 us (172.126 GFLOPS/s)
MUL_MAT_VEC q6_K m=1024 n=1 k=5120: 2 x 9.28 us = 18.56 us (1129.82 GFLOPS/s)
MUL_MAT_VEC q6_K m=12288 n=1 k=5120: 1 x 90.64 us = 90.64 us (1388.09 GFLOPS/s)
MUL_MAT_VEC q6_K m=17408 n=1 k=5120: 2 x 117.98 us = 235.96 us (1510.77 GFLOPS/s)
MUL_MAT_VEC q6_K m=98304 n=1 k=5120: 1 x 670.4 us = 670.4 us (1501.39 GFLOPS/s)
MUL_MAT_VEC q8_0 m=5120 n=1 k=10240: 1 x 91.28 us = 91.28 us (1148.69 GFLOPS/s)
PAD: 1 x 6.36 us = 6.36 us
RMS_NORM_MUL RMS_NORM(256,24,1,1): 1 x 3.24 us = 3.24 us
RMS_NORM_MUL RMS_NORM(256,4,1,1): 1 x 3.48 us = 3.48 us
RMS_NORM_MUL RMS_NORM(5120,1,1,1): 5 x 4.392 us = 21.96 us
ROPE: 2 x 3.3 us = 6.6 us
SET_ROWS: 2 x 2.62 us = 5.24 us
SIGMOID_MUL SIGMOID: 1 x 1.84 us = 1.84 us
TOP_K K=10 (98304,1,1,1): 1 x 8.84 us = 8.84 us
Total time: 1387.64 us.
----------------
Vulkan Timings:
CONCAT: 1 x 3.76 us = 3.76 us
CONT: 1 x 3.64 us = 3.64 us
FLASH_ATTN_EXT dst(256,24,1,1),  q(256,1,24,1),  k(256,256,4,1),  v(256,256,4,1),  m(256,1,1,1): 1 x 13.04 us = 13.04 us (482.474 GFLOPS/s)
GET_ROWS: 2 x 4.2 us = 8.4 us
GLU: 1 x 1.8 us = 1.8 us
MUL_MAT f32 m=256 n=24 k=256: 1 x 1.68 us = 1.68 us (1868.8 GFLOPS/s)
MUL_MAT f32 m=64 n=16 k=64: 1 x 3.6 us = 3.6 us (36.1244 GFLOPS/s)
MUL_MAT f32 m=64 n=96 k=64: 1 x 3.6 us = 3.6 us (216.747 GFLOPS/s)
MUL_MAT_ADD MUL_MAT_VEC q6_K m=5120 n=1 k=17408: 1 x 123 us = 123 us (1449.21 GFLOPS/s)
MUL_MAT_ADD MUL_MAT_VEC q6_K m=5120 n=1 k=6144: 1 x 53.6 us = 53.6 us (1173.68 GFLOPS/s)
MUL_MAT_VEC f32 m=256 n=4 k=256: 1 x 3.04 us = 3.04 us (172.126 GFLOPS/s)
MUL_MAT_VEC q6_K m=1024 n=1 k=5120: 2 x 9.24 us = 18.48 us (1134.71 GFLOPS/s)
MUL_MAT_VEC q6_K m=12288 n=1 k=5120: 1 x 85.68 us = 85.68 us (1468.45 GFLOPS/s)
MUL_MAT_VEC q6_K m=17408 n=1 k=5120: 2 x 121.12 us = 242.24 us (1471.6 GFLOPS/s)
MUL_MAT_VEC q6_K m=98304 n=1 k=5120: 1 x 673.55 us = 673.55 us (1494.37 GFLOPS/s)
MUL_MAT_VEC q8_0 m=5120 n=1 k=10240: 1 x 101.52 us = 101.52 us (1032.83 GFLOPS/s)
PAD: 1 x 6.36 us = 6.36 us
RMS_NORM_MUL RMS_NORM(256,24,1,1): 1 x 3.6 us = 3.6 us
RMS_NORM_MUL RMS_NORM(256,4,1,1): 1 x 3.56 us = 3.56 us
RMS_NORM_MUL RMS_NORM(5120,1,1,1): 5 x 3.72 us = 18.6 us
ROPE: 2 x 3.6 us = 7.2 us
SET_ROWS: 2 x 2.66 us = 5.32 us
SIGMOID_MUL SIGMOID: 1 x 1.68 us = 1.68 us
TOP_K K=10 (98304,1,1,1): 1 x 9 us = 9 us
Total time: 1395.95 us.
----------------
Vulkan Timings:
CONCAT: 1 x 3.72 us = 3.72 us
CONT: 1 x 3.64 us = 3.64 us
FLASH_ATTN_EXT dst(256,24,1,1),  q(256,1,24,1),  k(256,256,4,1),  v(256,256,4,1),  m(256,1,1,1): 1 x 12.72 us = 12.72 us (494.611 GFLOPS/s)
GET_ROWS: 2 x 4.32 us = 8.64 us
GLU: 1 x 1.84 us = 1.84 us
MUL_MAT f32 m=256 n=24 k=256: 1 x 1.72 us = 1.72 us (1825.34 GFLOPS/s)
MUL_MAT f32 m=64 n=16 k=64: 1 x 3.64 us = 3.64 us (35.7275 GFLOPS/s)
MUL_MAT f32 m=64 n=96 k=64: 1 x 3.6 us = 3.6 us (216.747 GFLOPS/s)
MUL_MAT_ADD MUL_MAT_VEC q6_K m=5120 n=1 k=17408: 1 x 123.12 us = 123.12 us (1447.8 GFLOPS/s)
MUL_MAT_ADD MUL_MAT_VEC q6_K m=5120 n=1 k=6144: 1 x 53.12 us = 53.12 us (1184.29 GFLOPS/s)
MUL_MAT_VEC f32 m=256 n=4 k=256: 1 x 3 us = 3 us (174.421 GFLOPS/s)
MUL_MAT_VEC q6_K m=1024 n=1 k=5120: 2 x 9.1 us = 18.2 us (1152.17 GFLOPS/s)
MUL_MAT_VEC q6_K m=12288 n=1 k=5120: 1 x 85.68 us = 85.68 us (1468.45 GFLOPS/s)
MUL_MAT_VEC q6_K m=17408 n=1 k=5120: 2 x 121.08 us = 242.16 us (1472.09 GFLOPS/s)
MUL_MAT_VEC q6_K m=98304 n=1 k=5120: 1 x 673.54 us = 673.54 us (1494.39 GFLOPS/s)
MUL_MAT_VEC q8_0 m=5120 n=1 k=10240: 1 x 100.96 us = 100.96 us (1038.55 GFLOPS/s)
PAD: 1 x 6.28 us = 6.28 us
RMS_NORM_MUL RMS_NORM(256,24,1,1): 1 x 3.64 us = 3.64 us
RMS_NORM_MUL RMS_NORM(256,4,1,1): 1 x 3.6 us = 3.6 us
RMS_NORM_MUL RMS_NORM(5120,1,1,1): 5 x 3.712 us = 18.56 us
ROPE: 2 x 3.6 us = 7.2 us
SET_ROWS: 2 x 2.64 us = 5.28 us
SIGMOID_MUL SIGMOID: 1 x 1.64 us = 1.64 us
TOP_K K=10 (98304,1,1,1): 1 x 8.52 us = 8.52 us
Total time: 1394.02 us.
----------------
Vulkan Timings:
CONCAT: 1 x 3.72 us = 3.72 us
CONT: 1 x 3.64 us = 3.64 us
FLASH_ATTN_EXT dst(256,24,1,1),  q(256,1,24,1),  k(256,256,4,1),  v(256,256,4,1),  m(256,1,1,1): 1 x 12.88 us = 12.88 us (488.467 GFLOPS/s)
GET_ROWS: 2 x 4.18 us = 8.36 us
GLU: 1 x 1.72 us = 1.72 us
MUL_MAT f32 m=256 n=24 k=256: 1 x 1.64 us = 1.64 us (1914.38 GFLOPS/s)
MUL_MAT f32 m=64 n=16 k=64: 1 x 3.6 us = 3.6 us (36.1244 GFLOPS/s)
MUL_MAT f32 m=64 n=96 k=64: 1 x 3.6 us = 3.6 us (216.747 GFLOPS/s)
MUL_MAT_ADD MUL_MAT_VEC q6_K m=5120 n=1 k=17408: 1 x 123.32 us = 123.32 us (1445.45 GFLOPS/s)
MUL_MAT_ADD MUL_MAT_VEC q6_K m=5120 n=1 k=6144: 1 x 53.96 us = 53.96 us (1165.85 GFLOPS/s)
MUL_MAT_VEC f32 m=256 n=4 k=256: 1 x 3 us = 3 us (174.421 GFLOPS/s)
MUL_MAT_VEC q6_K m=1024 n=1 k=5120: 2 x 9.12 us = 18.24 us (1149.64 GFLOPS/s)
MUL_MAT_VEC q6_K m=12288 n=1 k=5120: 1 x 85.44 us = 85.44 us (1472.58 GFLOPS/s)
MUL_MAT_VEC q6_K m=17408 n=1 k=5120: 2 x 121.26 us = 242.52 us (1469.9 GFLOPS/s)
MUL_MAT_VEC q6_K m=98304 n=1 k=5120: 1 x 673.15 us = 673.15 us (1495.26 GFLOPS/s)
MUL_MAT_VEC q8_0 m=5120 n=1 k=10240: 1 x 102 us = 102 us (1027.97 GFLOPS/s)
PAD: 1 x 6.24 us = 6.24 us
RMS_NORM_MUL RMS_NORM(256,24,1,1): 1 x 3.6 us = 3.6 us
RMS_NORM_MUL RMS_NORM(256,4,1,1): 1 x 3.6 us = 3.6 us
RMS_NORM_MUL RMS_NORM(5120,1,1,1): 5 x 3.744 us = 18.72 us
ROPE: 2 x 3.56 us = 7.12 us
SET_ROWS: 2 x 2.62 us = 5.24 us
SIGMOID_MUL SIGMOID: 1 x 1.72 us = 1.72 us
TOP_K K=10 (98304,1,1,1): 1 x 8.56 us = 8.56 us
Total time: 1395.59 us.
----------------
Vulkan Timings:
ADD: 48 x 3.735 us = 179.28 us
CONCAT: 48 x 2.521 us = 121.04 us
CONT: 16 x 3.795 us = 60.72 us
CPY: 240 x 2.195 us = 526.96 us
FLASH_ATTN_EXT dst(256,24,5,1),  q(256,5,24,1),  k(256,256,4,1),  v(256,256,4,1),  m(256,5,1,1): 16 x 20.73 us = 331.68 us (1517.48 GFLOPS/s)
GDN_CACHE GATED_DELTA_NET: 48 x 13.16 us = 631.72 us
GET_ROWS: 50 x 24.76 us = 1238.04 us
GLU: 64 x 2.913 us = 186.48 us
MUL_MAT f32 m=256 n=120 k=256: 16 x 1.805 us = 28.88 us (8696.91 GFLOPS/s)
MUL_MAT f32 m=256 n=20 k=256: 16 x 3.085 us = 49.36 us (848.078 GFLOPS/s)
MUL_MAT f32 m=64 n=480 k=64: 16 x 3.602 us = 57.64 us (1082.98 GFLOPS/s)
MUL_MAT f32 m=64 n=80 k=64: 16 x 3.257 us = 52.12 us (199.613 GFLOPS/s)
MUL_MAT_ADD MUL_MAT_VEC q6_K m=5120 n=5 k=17408: 64 x 144.491 us = 9247.44 us (6168.29 GFLOPS/s)
MUL_MAT_ADD MUL_MAT_VEC q6_K m=5120 n=5 k=6144: 16 x 60.89 us = 974.24 us (5165.83 GFLOPS/s)
MUL_MAT_VEC f32 m=48 n=5 k=5120: 96 x 3.342 us = 320.88 us (735.186 GFLOPS/s)
MUL_MAT_VEC q6_K m=1024 n=5 k=5120: 32 x 9.787 us = 313.2 us (5356.19 GFLOPS/s)
MUL_MAT_VEC q6_K m=10240 n=5 k=5120: 48 x 96.667 us = 4640.04 us (5423.09 GFLOPS/s)
MUL_MAT_VEC q6_K m=12288 n=5 k=5120: 16 x 123.397 us = 1974.36 us (5098.03 GFLOPS/s)
MUL_MAT_VEC q6_K m=17408 n=5 k=5120: 128 x 166.193 us = 21272.7 us (5362.45 GFLOPS/s)
MUL_MAT_VEC q6_K m=248320 n=5 k=5120: 1 x 1956.6 us = 1956.6 us (6497.36 GFLOPS/s)
MUL_MAT_VEC q6_K m=6144 n=5 k=5120: 48 x 64.795 us = 3110.16 us (4854.42 GFLOPS/s)
MUL_MAT_VEC q8_0 m=5120 n=5 k=6144: 48 x 63.007 us = 3024.36 us (4992.22 GFLOPS/s)
RMS_NORM_MUL RMS_NORM(256,24,5,1): 16 x 3.822 us = 61.16 us
RMS_NORM_MUL RMS_NORM(256,4,5,1): 16 x 4.372 us = 69.96 us
RMS_NORM_MUL RMS_NORM(5120,5,1,1): 129 x 4.51 us = 581.84 us
RMS_NORM_MUL_SILU_MUL RMS_NORM(128,48,5,1): 48 x 5.612 us = 269.4 us
RMS_NORM_SCALE RMS_NORM(128,16,5,1): 96 x 2.687 us = 258 us
ROPE: 32 x 3.826 us = 122.44 us
SET_ROWS: 32 x 2.943 us = 94.2 us
SIGMOID_MUL SIGMOID: 16 x 3.65 us = 58.4 us
SSM_CONV_SILU SSM_CONV: 48 x 5.65 us = 271.24 us
Total time: 52084.6 us.
----------------
Vulkan Timings:
CONCAT: 1 x 4.04 us = 4.04 us
CONT: 1 x 3.72 us = 3.72 us
FLASH_ATTN_EXT dst(256,24,5,1),  q(256,5,24,1),  k(256,256,4,1),  v(256,256,4,1),  m(256,5,1,1): 1 x 20.52 us = 20.52 us (1533.01 GFLOPS/s)
GLU: 1 x 1.76 us = 1.76 us
MUL_MAT f32 m=256 n=120 k=256: 1 x 1.72 us = 1.72 us (9126.7 GFLOPS/s)
MUL_MAT f32 m=256 n=20 k=256: 1 x 3.08 us = 3.08 us (849.455 GFLOPS/s)
MUL_MAT f32 m=64 n=480 k=64: 1 x 3.64 us = 3.64 us (1071.82 GFLOPS/s)
MUL_MAT f32 m=64 n=80 k=64: 1 x 3.6 us = 3.6 us (180.622 GFLOPS/s)
MUL_MAT_ADD MUL_MAT_VEC q6_K m=5120 n=5 k=17408: 1 x 172.69 us = 172.69 us (5161.06 GFLOPS/s)
MUL_MAT_ADD MUL_MAT_VEC q6_K m=5120 n=5 k=6144: 1 x 69.8 us = 69.8 us (4506.41 GFLOPS/s)
MUL_MAT_VEC q6_K m=1024 n=5 k=5120: 2 x 11.44 us = 22.88 us (4582.49 GFLOPS/s)
MUL_MAT_VEC q6_K m=12288 n=5 k=5120: 1 x 146.79 us = 146.79 us (4285.61 GFLOPS/s)
MUL_MAT_VEC q6_K m=17408 n=5 k=5120: 2 x 159.06 us = 318.12 us (5602.93 GFLOPS/s)
MUL_MAT_VEC q8_0 m=5120 n=5 k=10240: 1 x 105.8 us = 105.8 us (4955.22 GFLOPS/s)
RMS_NORM_MUL RMS_NORM(256,24,5,1): 1 x 5.64 us = 5.64 us
RMS_NORM_MUL RMS_NORM(256,4,5,1): 1 x 3.64 us = 3.64 us
RMS_NORM_MUL RMS_NORM(5120,5,1,1): 5 x 8.316 us = 41.58 us
ROPE: 2 x 3.62 us = 7.24 us
SET_ROWS: 2 x 2.68 us = 5.36 us
SIGMOID_MUL SIGMOID: 1 x 1.68 us = 1.68 us
Total time: 943.3 us.
----------------
Vulkan Timings:
CONCAT: 1 x 3.68 us = 3.68 us
CONT: 1 x 3.52 us = 3.52 us
FLASH_ATTN_EXT dst(256,24,1,1),  q(256,1,24,1),  k(256,256,4,1),  v(256,256,4,1),  m(256,1,1,1): 1 x 12.6 us = 12.6 us (499.322 GFLOPS/s)
GET_ROWS: 2 x 6.58 us = 13.16 us
GLU: 1 x 1.56 us = 1.56 us
MUL_MAT f32 m=256 n=24 k=256: 1 x 1.56 us = 1.56 us (2012.55 GFLOPS/s)
MUL_MAT f32 m=64 n=16 k=64: 1 x 1.8 us = 1.8 us (72.2489 GFLOPS/s)
MUL_MAT f32 m=64 n=96 k=64: 1 x 3.2 us = 3.2 us (243.84 GFLOPS/s)
MUL_MAT_ADD MUL_MAT_VEC q6_K m=5120 n=1 k=17408: 1 x 130.28 us = 130.28 us (1368.23 GFLOPS/s)
MUL_MAT_ADD MUL_MAT_VEC q6_K m=5120 n=1 k=6144: 1 x 54.12 us = 54.12 us (1162.41 GFLOPS/s)
MUL_MAT_VEC f32 m=256 n=4 k=256: 1 x 3 us = 3 us (174.421 GFLOPS/s)
MUL_MAT_VEC q6_K m=1024 n=1 k=5120: 2 x 9.28 us = 18.56 us (1129.82 GFLOPS/s)
MUL_MAT_VEC q6_K m=12288 n=1 k=5120: 1 x 90.16 us = 90.16 us (1395.48 GFLOPS/s)
MUL_MAT_VEC q6_K m=17408 n=1 k=5120: 2 x 117.9 us = 235.8 us (1511.79 GFLOPS/s)
MUL_MAT_VEC q6_K m=98304 n=1 k=5120: 1 x 672.05 us = 672.05 us (1497.71 GFLOPS/s)
MUL_MAT_VEC q8_0 m=5120 n=1 k=10240: 1 x 91.28 us = 91.28 us (1148.69 GFLOPS/s)
PAD: 1 x 4.92 us = 4.92 us
RMS_NORM_MUL RMS_NORM(256,24,1,1): 1 x 3.2 us = 3.2 us
RMS_NORM_MUL RMS_NORM(256,4,1,1): 1 x 4.84 us = 4.84 us
RMS_NORM_MUL RMS_NORM(5120,1,1,1): 5 x 4.328 us = 21.64 us
ROPE: 2 x 3.32 us = 6.64 us
SET_ROWS: 2 x 2.6 us = 5.2 us
SIGMOID_MUL SIGMOID: 1 x 1.76 us = 1.76 us
TOP_K K=10 (98304,1,1,1): 1 x 9.08 us = 9.08 us
Total time: 1393.61 us.
----------------
Vulkan Timings:
CONCAT: 1 x 3.72 us = 3.72 us
CONT: 1 x 3.6 us = 3.6 us
FLASH_ATTN_EXT dst(256,24,1,1),  q(256,1,24,1),  k(256,256,4,1),  v(256,256,4,1),  m(256,1,1,1): 1 x 12.84 us = 12.84 us (489.989 GFLOPS/s)
GET_ROWS: 2 x 4.16 us = 8.32 us
GLU: 1 x 1.84 us = 1.84 us
MUL_MAT f32 m=256 n=24 k=256: 1 x 1.72 us = 1.72 us (1825.34 GFLOPS/s)
MUL_MAT f32 m=64 n=16 k=64: 1 x 3.6 us = 3.6 us (36.1244 GFLOPS/s)
MUL_MAT f32 m=64 n=96 k=64: 1 x 3.56 us = 3.56 us (219.182 GFLOPS/s)
MUL_MAT_ADD MUL_MAT_VEC q6_K m=5120 n=1 k=17408: 1 x 124.36 us = 124.36 us (1433.36 GFLOPS/s)
MUL_MAT_ADD MUL_MAT_VEC q6_K m=5120 n=1 k=6144: 1 x 54.52 us = 54.52 us (1153.88 GFLOPS/s)
MUL_MAT_VEC f32 m=256 n=4 k=256: 1 x 3.04 us = 3.04 us (172.126 GFLOPS/s)
MUL_MAT_VEC q6_K m=1024 n=1 k=5120: 2 x 5.96 us = 11.92 us (1759.18 GFLOPS/s)
MUL_MAT_VEC q6_K m=12288 n=1 k=5120: 1 x 93 us = 93 us (1352.87 GFLOPS/s)
MUL_MAT_VEC q6_K m=17408 n=1 k=5120: 2 x 121.56 us = 243.12 us (1466.28 GFLOPS/s)
MUL_MAT_VEC q6_K m=98304 n=1 k=5120: 1 x 673.78 us = 673.78 us (1493.86 GFLOPS/s)
MUL_MAT_VEC q8_0 m=5120 n=1 k=10240: 1 x 101.32 us = 101.32 us (1034.86 GFLOPS/s)
PAD: 1 x 7.16 us = 7.16 us
RMS_NORM_MUL RMS_NORM(256,24,1,1): 1 x 3.64 us = 3.64 us
RMS_NORM_MUL RMS_NORM(256,4,1,1): 1 x 3.6 us = 3.6 us
RMS_NORM_MUL RMS_NORM(5120,1,1,1): 5 x 3.72 us = 18.6 us
ROPE: 2 x 3.6 us = 7.2 us
SET_ROWS: 2 x 2.66 us = 5.32 us
SIGMOID_MUL SIGMOID: 1 x 1.68 us = 1.68 us
TOP_K K=10 (98304,1,1,1): 1 x 9.12 us = 9.12 us
Total time: 1400.58 us.
----------------
Vulkan Timings:
CONCAT: 1 x 3.76 us = 3.76 us
CONT: 1 x 3.6 us = 3.6 us
FLASH_ATTN_EXT dst(256,24,1,1),  q(256,1,24,1),  k(256,256,4,1),  v(256,256,4,1),  m(256,1,1,1): 1 x 12.88 us = 12.88 us (488.467 GFLOPS/s)
GET_ROWS: 2 x 4.14 us = 8.28 us
GLU: 1 x 1.76 us = 1.76 us
MUL_MAT f32 m=256 n=24 k=256: 1 x 1.6 us = 1.6 us (1962.24 GFLOPS/s)
MUL_MAT f32 m=64 n=16 k=64: 1 x 3.6 us = 3.6 us (36.1244 GFLOPS/s)
MUL_MAT f32 m=64 n=96 k=64: 1 x 3.64 us = 3.64 us (214.365 GFLOPS/s)
MUL_MAT_ADD MUL_MAT_VEC q6_K m=5120 n=1 k=17408: 1 x 123.56 us = 123.56 us (1442.64 GFLOPS/s)
MUL_MAT_ADD MUL_MAT_VEC q6_K m=5120 n=1 k=6144: 1 x 53.72 us = 53.72 us (1171.06 GFLOPS/s)
MUL_MAT_VEC f32 m=256 n=4 k=256: 1 x 3 us = 3 us (174.421 GFLOPS/s)
MUL_MAT_VEC q6_K m=1024 n=1 k=5120: 2 x 9.04 us = 18.08 us (1159.82 GFLOPS/s)
MUL_MAT_VEC q6_K m=12288 n=1 k=5120: 1 x 85.64 us = 85.64 us (1469.14 GFLOPS/s)
MUL_MAT_VEC q6_K m=17408 n=1 k=5120: 2 x 121.02 us = 242.04 us (1472.82 GFLOPS/s)
MUL_MAT_VEC q6_K m=98304 n=1 k=5120: 1 x 671.9 us = 671.9 us (1498.04 GFLOPS/s)
MUL_MAT_VEC q8_0 m=5120 n=1 k=10240: 1 x 101.08 us = 101.08 us (1037.32 GFLOPS/s)
PAD: 1 x 6.76 us = 6.76 us
RMS_NORM_MUL RMS_NORM(256,24,1,1): 1 x 3.56 us = 3.56 us
RMS_NORM_MUL RMS_NORM(256,4,1,1): 1 x 3.56 us = 3.56 us
RMS_NORM_MUL RMS_NORM(5120,1,1,1): 5 x 3.68 us = 18.4 us
ROPE: 2 x 3.56 us = 7.12 us
SET_ROWS: 2 x 2.66 us = 5.32 us
SIGMOID_MUL SIGMOID: 1 x 1.72 us = 1.72 us
TOP_K K=10 (98304,1,1,1): 1 x 8.76 us = 8.76 us
Total time: 1393.34 us.
----------------
Vulkan Timings:
CONCAT: 1 x 3.72 us = 3.72 us
CONT: 1 x 3.56 us = 3.56 us
FLASH_ATTN_EXT dst(256,24,1,1),  q(256,1,24,1),  k(256,256,4,1),  v(256,256,4,1),  m(256,1,1,1): 1 x 12.88 us = 12.88 us (488.467 GFLOPS/s)
GET_ROWS: 2 x 4.44 us = 8.88 us
GLU: 1 x 1.8 us = 1.8 us
MUL_MAT f32 m=256 n=24 k=256: 1 x 1.64 us = 1.64 us (1914.38 GFLOPS/s)
MUL_MAT f32 m=64 n=16 k=64: 1 x 3.64 us = 3.64 us (35.7275 GFLOPS/s)
MUL_MAT f32 m=64 n=96 k=64: 1 x 3.6 us = 3.6 us (216.747 GFLOPS/s)
MUL_MAT_ADD MUL_MAT_VEC q6_K m=5120 n=1 k=17408: 1 x 122.92 us = 122.92 us (1450.15 GFLOPS/s)
MUL_MAT_ADD MUL_MAT_VEC q6_K m=5120 n=1 k=6144: 1 x 54.4 us = 54.4 us (1156.42 GFLOPS/s)
MUL_MAT_VEC f32 m=256 n=4 k=256: 1 x 3 us = 3 us (174.421 GFLOPS/s)
MUL_MAT_VEC q6_K m=1024 n=1 k=5120: 2 x 9.08 us = 18.16 us (1154.71 GFLOPS/s)
MUL_MAT_VEC q6_K m=12288 n=1 k=5120: 1 x 85.8 us = 85.8 us (1466.4 GFLOPS/s)
MUL_MAT_VEC q6_K m=17408 n=1 k=5120: 2 x 121.4 us = 242.8 us (1468.21 GFLOPS/s)
MUL_MAT_VEC q6_K m=98304 n=1 k=5120: 1 x 675.39 us = 675.39 us (1490.3 GFLOPS/s)
MUL_MAT_VEC q8_0 m=5120 n=1 k=10240: 1 x 101.44 us = 101.44 us (1033.64 GFLOPS/s)
PAD: 1 x 6.28 us = 6.28 us
RMS_NORM_MUL RMS_NORM(256,24,1,1): 1 x 3.6 us = 3.6 us
RMS_NORM_MUL RMS_NORM(256,4,1,1): 1 x 3.6 us = 3.6 us
RMS_NORM_MUL RMS_NORM(5120,1,1,1): 5 x 3.752 us = 18.76 us
ROPE: 2 x 3.6 us = 7.2 us
SET_ROWS: 2 x 2.66 us = 5.32 us
SIGMOID_MUL SIGMOID: 1 x 1.64 us = 1.64 us
TOP_K K=10 (98304,1,1,1): 1 x 8.8 us = 8.8 us
Total time: 1398.83 us.
----------------
Vulkan Timings:
ADD: 48 x 3.745 us = 179.8 us
CONCAT: 48 x 2.435 us = 116.92 us
CONT: 16 x 3.81 us = 60.96 us
CPY: 240 x 2.229 us = 534.96 us
FLASH_ATTN_EXT dst(256,24,5,1),  q(256,5,24,1),  k(256,256,4,1),  v(256,256,4,1),  m(256,5,1,1): 16 x 20.987 us = 335.8 us (1498.86 GFLOPS/s)
GDN_CACHE GATED_DELTA_NET: 48 x 12.922 us = 620.28 us
GET_ROWS: 50 x 25.476 us = 1273.84 us
GLU: 64 x 2.966 us = 189.88 us
MUL_MAT f32 m=256 n=120 k=256: 16 x 1.817 us = 29.08 us (8637.09 GFLOPS/s)
MUL_MAT f32 m=256 n=20 k=256: 16 x 3.092 us = 49.48 us (846.021 GFLOPS/s)
MUL_MAT f32 m=64 n=480 k=64: 16 x 3.607 us = 57.72 us (1081.48 GFLOPS/s)
MUL_MAT f32 m=64 n=80 k=64: 16 x 3.28 us = 52.48 us (198.244 GFLOPS/s)
MUL_MAT_ADD MUL_MAT_VEC q6_K m=5120 n=5 k=17408: 64 x 144.322 us = 9236.64 us (6175.5 GFLOPS/s)
MUL_MAT_ADD MUL_MAT_VEC q6_K m=5120 n=5 k=6144: 16 x 61.012 us = 976.2 us (5155.46 GFLOPS/s)
MUL_MAT_VEC f32 m=48 n=5 k=5120: 96 x 3.395 us = 325.96 us (723.729 GFLOPS/s)
MUL_MAT_VEC q6_K m=1024 n=5 k=5120: 32 x 9.868 us = 315.8 us (5312.09 GFLOPS/s)
MUL_MAT_VEC q6_K m=10240 n=5 k=5120: 48 x 96.786 us = 4645.76 us (5416.42 GFLOPS/s)
MUL_MAT_VEC q6_K m=12288 n=5 k=5120: 16 x 123.53 us = 1976.48 us (5092.56 GFLOPS/s)
MUL_MAT_VEC q6_K m=17408 n=5 k=5120: 128 x 165.755 us = 21216.8 us (5376.6 GFLOPS/s)
MUL_MAT_VEC q6_K m=248320 n=5 k=5120: 1 x 1957.24 us = 1957.24 us (6495.24 GFLOPS/s)
MUL_MAT_VEC q6_K m=6144 n=5 k=5120: 48 x 64.838 us = 3112.24 us (4851.17 GFLOPS/s)
MUL_MAT_VEC q8_0 m=5120 n=5 k=6144: 48 x 63.183 us = 3032.8 us (4978.33 GFLOPS/s)
RMS_NORM_MUL RMS_NORM(256,24,5,1): 16 x 3.705 us = 59.28 us
RMS_NORM_MUL RMS_NORM(256,4,5,1): 16 x 4.392 us = 70.28 us
RMS_NORM_MUL RMS_NORM(5120,5,1,1): 129 x 4.564 us = 588.88 us
RMS_NORM_MUL_SILU_MUL RMS_NORM(128,48,5,1): 48 x 5.63 us = 270.24 us
RMS_NORM_SCALE RMS_NORM(128,16,5,1): 96 x 2.692 us = 258.48 us
ROPE: 32 x 3.85 us = 123.2 us
SET_ROWS: 32 x 2.911 us = 93.16 us
SIGMOID_MUL SIGMOID: 16 x 3.667 us = 58.68 us
SSM_CONV_SILU SSM_CONV: 48 x 5.707 us = 273.96 us
Total time: 52093.2 us.
----------------
Vulkan Timings:
CONCAT: 1 x 4 us = 4 us
CONT: 1 x 3.64 us = 3.64 us
FLASH_ATTN_EXT dst(256,24,5,1),  q(256,5,24,1),  k(256,256,4,1),  v(256,256,4,1),  m(256,5,1,1): 1 x 20.4 us = 20.4 us (1542.02 GFLOPS/s)
GLU: 1 x 1.48 us = 1.48 us
MUL_MAT f32 m=256 n=120 k=256: 1 x 1.68 us = 1.68 us (9344 GFLOPS/s)
MUL_MAT f32 m=256 n=20 k=256: 1 x 3 us = 3 us (872.107 GFLOPS/s)
MUL_MAT f32 m=64 n=480 k=64: 1 x 3.64 us = 3.64 us (1071.82 GFLOPS/s)
MUL_MAT f32 m=64 n=80 k=64: 1 x 3.68 us = 3.68 us (176.696 GFLOPS/s)
MUL_MAT_ADD MUL_MAT_VEC q6_K m=5120 n=5 k=17408: 1 x 190.84 us = 190.84 us (4670.22 GFLOPS/s)
MUL_MAT_ADD MUL_MAT_VEC q6_K m=5120 n=5 k=6144: 1 x 70 us = 70 us (4493.53 GFLOPS/s)
MUL_MAT_VEC q6_K m=1024 n=5 k=5120: 2 x 11.3 us = 22.6 us (4639.26 GFLOPS/s)
MUL_MAT_VEC q6_K m=12288 n=5 k=5120: 1 x 148.31 us = 148.31 us (4241.68 GFLOPS/s)
MUL_MAT_VEC q6_K m=17408 n=5 k=5120: 2 x 158.68 us = 317.36 us (5616.35 GFLOPS/s)
MUL_MAT_VEC q8_0 m=5120 n=5 k=10240: 1 x 104.52 us = 104.52 us (5015.91 GFLOPS/s)
RMS_NORM_MUL RMS_NORM(256,24,5,1): 1 x 5.64 us = 5.64 us
RMS_NORM_MUL RMS_NORM(256,4,5,1): 1 x 3.64 us = 3.64 us
RMS_NORM_MUL RMS_NORM(5120,5,1,1): 5 x 7.826 us = 39.13 us
ROPE: 2 x 3.68 us = 7.36 us
SET_ROWS: 2 x 2.66 us = 5.32 us
SIGMOID_MUL SIGMOID: 1 x 1.72 us = 1.72 us
Total time: 957.96 us.
----------------
Vulkan Timings:
CONCAT: 1 x 3.68 us = 3.68 us
CONT: 1 x 3.48 us = 3.48 us
FLASH_ATTN_EXT dst(256,24,1,1),  q(256,1,24,1),  k(256,256,4,1),  v(256,256,4,1),  m(256,1,1,1): 1 x 12.68 us = 12.68 us (496.172 GFLOPS/s)
GET_ROWS: 2 x 4.22 us = 8.44 us
GLU: 1 x 1.68 us = 1.68 us
MUL_MAT f32 m=256 n=24 k=256: 1 x 1.6 us = 1.6 us (1962.24 GFLOPS/s)
MUL_MAT f32 m=64 n=16 k=64: 1 x 1.8 us = 1.8 us (72.2489 GFLOPS/s)
MUL_MAT f32 m=64 n=96 k=64: 1 x 3.2 us = 3.2 us (243.84 GFLOPS/s)
MUL_MAT_ADD MUL_MAT_VEC q6_K m=5120 n=1 k=17408: 1 x 131.12 us = 131.12 us (1359.46 GFLOPS/s)
MUL_MAT_ADD MUL_MAT_VEC q6_K m=5120 n=1 k=6144: 1 x 54.04 us = 54.04 us (1164.13 GFLOPS/s)
MUL_MAT_VEC f32 m=256 n=4 k=256: 1 x 3 us = 3 us (174.421 GFLOPS/s)
MUL_MAT_VEC q6_K m=1024 n=1 k=5120: 2 x 6.2 us = 12.4 us (1691.09 GFLOPS/s)
MUL_MAT_VEC q6_K m=12288 n=1 k=5120: 1 x 97.84 us = 97.84 us (1285.94 GFLOPS/s)
MUL_MAT_VEC q6_K m=17408 n=1 k=5120: 2 x 118.38 us = 236.76 us (1505.66 GFLOPS/s)
MUL_MAT_VEC q6_K m=98304 n=1 k=5120: 1 x 673.67 us = 673.67 us (1494.11 GFLOPS/s)
MUL_MAT_VEC q8_0 m=5120 n=1 k=10240: 1 x 91.36 us = 91.36 us (1147.68 GFLOPS/s)
PAD: 1 x 6.36 us = 6.36 us
RMS_NORM_MUL RMS_NORM(256,24,1,1): 1 x 3.2 us = 3.2 us
RMS_NORM_MUL RMS_NORM(256,4,1,1): 1 x 4.88 us = 4.88 us
RMS_NORM_MUL RMS_NORM(5120,1,1,1): 5 x 4.376 us = 21.88 us
ROPE: 2 x 3.34 us = 6.68 us
SET_ROWS: 2 x 2.56 us = 5.12 us
SIGMOID_MUL SIGMOID: 1 x 1.52 us = 1.52 us
TOP_K K=10 (98304,1,1,1): 1 x 8.72 us = 8.72 us
Total time: 1395.11 us.
----------------
Vulkan Timings:
CONCAT: 1 x 3.76 us = 3.76 us
CONT: 1 x 3.64 us = 3.64 us
FLASH_ATTN_EXT dst(256,24,1,1),  q(256,1,24,1),  k(256,256,4,1),  v(256,256,4,1),  m(256,1,1,1): 1 x 12.8 us = 12.8 us (491.52 GFLOPS/s)
GET_ROWS: 2 x 4.16 us = 8.32 us
GLU: 1 x 1.8 us = 1.8 us
MUL_MAT f32 m=256 n=24 k=256: 1 x 1.64 us = 1.64 us (1914.38 GFLOPS/s)
MUL_MAT f32 m=64 n=16 k=64: 1 x 3.6 us = 3.6 us (36.1244 GFLOPS/s)
MUL_MAT f32 m=64 n=96 k=64: 1 x 3.64 us = 3.64 us (214.365 GFLOPS/s)
MUL_MAT_ADD MUL_MAT_VEC q6_K m=5120 n=1 k=17408: 1 x 124.44 us = 124.44 us (1432.44 GFLOPS/s)
MUL_MAT_ADD MUL_MAT_VEC q6_K m=5120 n=1 k=6144: 1 x 54.04 us = 54.04 us (1164.13 GFLOPS/s)
MUL_MAT_VEC f32 m=256 n=4 k=256: 1 x 3 us = 3 us (174.421 GFLOPS/s)
MUL_MAT_VEC q6_K m=1024 n=1 k=5120: 2 x 9.2 us = 18.4 us (1139.65 GFLOPS/s)
MUL_MAT_VEC q6_K m=12288 n=1 k=5120: 1 x 85.68 us = 85.68 us (1468.45 GFLOPS/s)
MUL_MAT_VEC q6_K m=17408 n=1 k=5120: 2 x 121.18 us = 242.36 us (1470.87 GFLOPS/s)
MUL_MAT_VEC q6_K m=98304 n=1 k=5120: 1 x 680.65 us = 680.65 us (1478.78 GFLOPS/s)
MUL_MAT_VEC q8_0 m=5120 n=1 k=10240: 1 x 101.24 us = 101.24 us (1035.68 GFLOPS/s)
PAD: 1 x 6.32 us = 6.32 us
RMS_NORM_MUL RMS_NORM(256,24,1,1): 1 x 3.6 us = 3.6 us
RMS_NORM_MUL RMS_NORM(256,4,1,1): 1 x 3.56 us = 3.56 us
RMS_NORM_MUL RMS_NORM(5120,1,1,1): 5 x 3.688 us = 18.44 us
ROPE: 2 x 3.6 us = 7.2 us
SET_ROWS: 2 x 2.66 us = 5.32 us
SIGMOID_MUL SIGMOID: 1 x 1.92 us = 1.92 us
TOP_K K=10 (98304,1,1,1): 1 x 9.08 us = 9.08 us
Total time: 1404.45 us.
----------------
Vulkan Timings:
CONCAT: 1 x 3.76 us = 3.76 us
CONT: 1 x 3.6 us = 3.6 us
FLASH_ATTN_EXT dst(256,24,1,1),  q(256,1,24,1),  k(256,256,4,1),  v(256,256,4,1),  m(256,1,1,1): 1 x 12.96 us = 12.96 us (485.452 GFLOPS/s)
GET_ROWS: 2 x 5.36 us = 10.72 us
GLU: 1 x 1.8 us = 1.8 us
MUL_MAT f32 m=256 n=24 k=256: 1 x 1.68 us = 1.68 us (1868.8 GFLOPS/s)
MUL_MAT f32 m=64 n=16 k=64: 1 x 3.64 us = 3.64 us (35.7275 GFLOPS/s)
MUL_MAT f32 m=64 n=96 k=64: 1 x 3.6 us = 3.6 us (216.747 GFLOPS/s)
MUL_MAT_ADD MUL_MAT_VEC q6_K m=5120 n=1 k=17408: 1 x 122.92 us = 122.92 us (1450.15 GFLOPS/s)
MUL_MAT_ADD MUL_MAT_VEC q6_K m=5120 n=1 k=6144: 1 x 53.68 us = 53.68 us (1171.93 GFLOPS/s)
MUL_MAT_VEC f32 m=256 n=4 k=256: 1 x 3 us = 3 us (174.421 GFLOPS/s)
MUL_MAT_VEC q6_K m=1024 n=1 k=5120: 2 x 9.14 us = 18.28 us (1147.13 GFLOPS/s)
MUL_MAT_VEC q6_K m=12288 n=1 k=5120: 1 x 85.32 us = 85.32 us (1474.65 GFLOPS/s)
MUL_MAT_VEC q6_K m=17408 n=1 k=5120: 2 x 121.4 us = 242.8 us (1468.21 GFLOPS/s)
MUL_MAT_VEC q6_K m=98304 n=1 k=5120: 1 x 670.04 us = 670.04 us (1502.2 GFLOPS/s)
MUL_MAT_VEC q8_0 m=5120 n=1 k=10240: 1 x 101.56 us = 101.56 us (1032.42 GFLOPS/s)
PAD: 1 x 6.28 us = 6.28 us
RMS_NORM_MUL RMS_NORM(256,24,1,1): 1 x 3.6 us = 3.6 us
RMS_NORM_MUL RMS_NORM(256,4,1,1): 1 x 3.6 us = 3.6 us
RMS_NORM_MUL RMS_NORM(5120,1,1,1): 5 x 3.768 us = 18.84 us
ROPE: 2 x 3.58 us = 7.16 us
SET_ROWS: 2 x 2.68 us = 5.36 us
SIGMOID_MUL SIGMOID: 1 x 1.64 us = 1.64 us
TOP_K K=10 (98304,1,1,1): 1 x 9.28 us = 9.28 us
Total time: 1395.12 us.
----------------
Vulkan Timings:
CONCAT: 1 x 4 us = 4 us
CONT: 1 x 3.6 us = 3.6 us
FLASH_ATTN_EXT dst(256,24,1,1),  q(256,1,24,1),  k(256,256,4,1),  v(256,256,4,1),  m(256,1,1,1): 1 x 12.92 us = 12.92 us (486.955 GFLOPS/s)
GET_ROWS: 2 x 4.16 us = 8.32 us
GLU: 1 x 1.76 us = 1.76 us
MUL_MAT f32 m=256 n=24 k=256: 1 x 1.6 us = 1.6 us (1962.24 GFLOPS/s)
MUL_MAT f32 m=64 n=16 k=64: 1 x 3.64 us = 3.64 us (35.7275 GFLOPS/s)
MUL_MAT f32 m=64 n=96 k=64: 1 x 3.56 us = 3.56 us (219.182 GFLOPS/s)
MUL_MAT_ADD MUL_MAT_VEC q6_K m=5120 n=1 k=17408: 1 x 122.72 us = 122.72 us (1452.52 GFLOPS/s)
MUL_MAT_ADD MUL_MAT_VEC q6_K m=5120 n=1 k=6144: 1 x 53.92 us = 53.92 us (1166.72 GFLOPS/s)
MUL_MAT_VEC f32 m=256 n=4 k=256: 1 x 3.08 us = 3.08 us (169.891 GFLOPS/s)
MUL_MAT_VEC q6_K m=1024 n=1 k=5120: 2 x 9.2 us = 18.4 us (1139.65 GFLOPS/s)
MUL_MAT_VEC q6_K m=12288 n=1 k=5120: 1 x 86 us = 86 us (1462.99 GFLOPS/s)
MUL_MAT_VEC q6_K m=17408 n=1 k=5120: 2 x 121.44 us = 242.88 us (1467.72 GFLOPS/s)
MUL_MAT_VEC q6_K m=98304 n=1 k=5120: 1 x 674.02 us = 674.02 us (1493.33 GFLOPS/s)
MUL_MAT_VEC q8_0 m=5120 n=1 k=10240: 1 x 101.52 us = 101.52 us (1032.83 GFLOPS/s)
PAD: 1 x 6.36 us = 6.36 us
RMS_NORM_MUL RMS_NORM(256,24,1,1): 1 x 3.6 us = 3.6 us
RMS_NORM_MUL RMS_NORM(256,4,1,1): 1 x 3.6 us = 3.6 us
RMS_NORM_MUL RMS_NORM(5120,1,1,1): 5 x 3.72 us = 18.6 us
ROPE: 2 x 3.58 us = 7.16 us
SET_ROWS: 2 x 2.62 us = 5.24 us
SIGMOID_MUL SIGMOID: 1 x 1.72 us = 1.72 us
TOP_K K=10 (98304,1,1,1): 1 x 8.8 us = 8.8 us
Total time: 1397.02 us.
----------------
Vulkan Timings:
ADD: 48 x 3.736 us = 179.36 us
CONCAT: 48 x 2.535 us = 121.72 us
CONT: 16 x 3.807 us = 60.92 us
CPY: 240 x 2.19 us = 525.8 us
FLASH_ATTN_EXT dst(256,24,5,1),  q(256,5,24,1),  k(256,256,4,1),  v(256,256,4,1),  m(256,5,1,1): 16 x 20.967 us = 335.48 us (1500.29 GFLOPS/s)
GDN_CACHE GATED_DELTA_NET: 48 x 13.009 us = 624.44 us
GET_ROWS: 50 x 25.763 us = 1288.16 us
GLU: 64 x 2.961 us = 189.52 us
MUL_MAT f32 m=256 n=120 k=256: 16 x 1.792 us = 28.68 us (8757.56 GFLOPS/s)
MUL_MAT f32 m=256 n=20 k=256: 16 x 3.097 us = 49.56 us (844.655 GFLOPS/s)
MUL_MAT f32 m=64 n=480 k=64: 16 x 3.622 us = 57.96 us (1077 GFLOPS/s)
MUL_MAT f32 m=64 n=80 k=64: 16 x 3.267 us = 52.28 us (199.002 GFLOPS/s)
MUL_MAT_ADD MUL_MAT_VEC q6_K m=5120 n=5 k=17408: 64 x 144.539 us = 9250.52 us (6166.24 GFLOPS/s)
MUL_MAT_ADD MUL_MAT_VEC q6_K m=5120 n=5 k=6144: 16 x 61.25 us = 980 us (5135.46 GFLOPS/s)
MUL_MAT_VEC f32 m=48 n=5 k=5120: 96 x 3.55 us = 340.88 us (692.052 GFLOPS/s)
MUL_MAT_VEC q6_K m=1024 n=5 k=5120: 32 x 9.862 us = 315.6 us (5315.46 GFLOPS/s)
MUL_MAT_VEC q6_K m=10240 n=5 k=5120: 48 x 96.85 us = 4648.8 us (5412.87 GFLOPS/s)
MUL_MAT_VEC q6_K m=12288 n=5 k=5120: 16 x 123.872 us = 1981.96 us (5078.48 GFLOPS/s)
MUL_MAT_VEC q6_K m=17408 n=5 k=5120: 128 x 166.125 us = 21264.1 us (5364.63 GFLOPS/s)
MUL_MAT_VEC q6_K m=248320 n=5 k=5120: 1 x 1966.76 us = 1966.76 us (6463.8 GFLOPS/s)
MUL_MAT_VEC q6_K m=6144 n=5 k=5120: 48 x 64.775 us = 3109.24 us (4855.86 GFLOPS/s)
MUL_MAT_VEC q8_0 m=5120 n=5 k=6144: 48 x 63.108 us = 3029.2 us (4984.24 GFLOPS/s)
RMS_NORM_MUL RMS_NORM(256,24,5,1): 16 x 3.832 us = 61.32 us
RMS_NORM_MUL RMS_NORM(256,4,5,1): 16 x 4.387 us = 70.2 us
RMS_NORM_MUL RMS_NORM(5120,5,1,1): 129 x 4.568 us = 589.4 us
RMS_NORM_MUL_SILU_MUL RMS_NORM(128,48,5,1): 48 x 5.63 us = 270.24 us
RMS_NORM_SCALE RMS_NORM(128,16,5,1): 96 x 2.657 us = 255.12 us
ROPE: 32 x 3.835 us = 122.72 us
SET_ROWS: 32 x 2.878 us = 92.12 us
SIGMOID_MUL SIGMOID: 16 x 3.665 us = 58.64 us
SSM_CONV_SILU SSM_CONV: 48 x 5.642 us = 270.84 us
Total time: 52191.5 us.
----------------
Vulkan Timings:
CONCAT: 1 x 3.92 us = 3.92 us
CONT: 1 x 3.68 us = 3.68 us
FLASH_ATTN_EXT dst(256,24,5,1),  q(256,5,24,1),  k(256,256,4,1),  v(256,256,4,1),  m(256,5,1,1): 1 x 20.88 us = 20.88 us (1506.57 GFLOPS/s)
GLU: 1 x 1.56 us = 1.56 us
MUL_MAT f32 m=256 n=120 k=256: 1 x 1.68 us = 1.68 us (9344 GFLOPS/s)
MUL_MAT f32 m=256 n=20 k=256: 1 x 3.04 us = 3.04 us (860.632 GFLOPS/s)
MUL_MAT f32 m=64 n=480 k=64: 1 x 3.68 us = 3.68 us (1060.17 GFLOPS/s)
MUL_MAT f32 m=64 n=80 k=64: 1 x 3.64 us = 3.64 us (178.637 GFLOPS/s)
MUL_MAT_ADD MUL_MAT_VEC q6_K m=5120 n=5 k=17408: 1 x 173.05 us = 173.05 us (5150.33 GFLOPS/s)
MUL_MAT_ADD MUL_MAT_VEC q6_K m=5120 n=5 k=6144: 1 x 69.76 us = 69.76 us (4508.99 GFLOPS/s)
MUL_MAT_VEC q6_K m=1024 n=5 k=5120: 2 x 11.78 us = 23.56 us (4450.23 GFLOPS/s)
MUL_MAT_VEC q6_K m=12288 n=5 k=5120: 1 x 145.36 us = 145.36 us (4327.77 GFLOPS/s)
MUL_MAT_VEC q6_K m=17408 n=5 k=5120: 2 x 158.74 us = 317.48 us (5614.23 GFLOPS/s)
MUL_MAT_VEC q8_0 m=5120 n=5 k=10240: 1 x 105 us = 105 us (4992.98 GFLOPS/s)
RMS_NORM_MUL RMS_NORM(256,24,5,1): 1 x 5.64 us = 5.64 us
RMS_NORM_MUL RMS_NORM(256,4,5,1): 1 x 3.6 us = 3.6 us
RMS_NORM_MUL RMS_NORM(5120,5,1,1): 5 x 8.042 us = 40.21 us
ROPE: 2 x 3.62 us = 7.24 us
SET_ROWS: 2 x 2.66 us = 5.32 us
SIGMOID_MUL SIGMOID: 1 x 1.72 us = 1.72 us
Total time: 940.02 us.
----------------
Vulkan Timings:
CONCAT: 1 x 3.68 us = 3.68 us
CONT: 1 x 3.56 us = 3.56 us
FLASH_ATTN_EXT dst(256,24,1,1),  q(256,1,24,1),  k(256,256,4,1),  v(256,256,4,1),  m(256,1,1,1): 1 x 12.72 us = 12.72 us (494.611 GFLOPS/s)
GET_ROWS: 2 x 4.3 us = 8.6 us
GLU: 1 x 1.8 us = 1.8 us
MUL_MAT f32 m=256 n=24 k=256: 1 x 1.52 us = 1.52 us (2065.52 GFLOPS/s)
MUL_MAT f32 m=64 n=16 k=64: 1 x 1.8 us = 1.8 us (72.2489 GFLOPS/s)
MUL_MAT f32 m=64 n=96 k=64: 1 x 3.24 us = 3.24 us (240.83 GFLOPS/s)
MUL_MAT_ADD MUL_MAT_VEC q6_K m=5120 n=1 k=17408: 1 x 132.08 us = 132.08 us (1349.58 GFLOPS/s)
MUL_MAT_ADD MUL_MAT_VEC q6_K m=5120 n=1 k=6144: 1 x 54.28 us = 54.28 us (1158.98 GFLOPS/s)
MUL_MAT_VEC f32 m=256 n=4 k=256: 1 x 3.04 us = 3.04 us (172.126 GFLOPS/s)
MUL_MAT_VEC q6_K m=1024 n=1 k=5120: 2 x 9.24 us = 18.48 us (1134.71 GFLOPS/s)
MUL_MAT_VEC q6_K m=12288 n=1 k=5120: 1 x 89.36 us = 89.36 us (1407.98 GFLOPS/s)
MUL_MAT_VEC q6_K m=17408 n=1 k=5120: 2 x 117.82 us = 235.64 us (1512.82 GFLOPS/s)
MUL_MAT_VEC q6_K m=98304 n=1 k=5120: 1 x 676.09 us = 676.09 us (1488.76 GFLOPS/s)
MUL_MAT_VEC q8_0 m=5120 n=1 k=10240: 1 x 92.12 us = 92.12 us (1138.22 GFLOPS/s)
PAD: 1 x 6.36 us = 6.36 us
RMS_NORM_MUL RMS_NORM(256,24,1,1): 1 x 3.2 us = 3.2 us
RMS_NORM_MUL RMS_NORM(256,4,1,1): 1 x 4.84 us = 4.84 us
RMS_NORM_MUL RMS_NORM(5120,1,1,1): 5 x 4.384 us = 21.92 us
ROPE: 2 x 3.32 us = 6.64 us
SET_ROWS: 2 x 2.58 us = 5.16 us
SIGMOID_MUL SIGMOID: 1 x 1.6 us = 1.6 us
TOP_K K=10 (98304,1,1,1): 1 x 8.8 us = 8.8 us
Total time: 1396.53 us.
----------------
Vulkan Timings:
CONCAT: 1 x 3.8 us = 3.8 us
CONT: 1 x 3.6 us = 3.6 us
FLASH_ATTN_EXT dst(256,24,1,1),  q(256,1,24,1),  k(256,256,4,1),  v(256,256,4,1),  m(256,1,1,1): 1 x 12.88 us = 12.88 us (488.467 GFLOPS/s)
GET_ROWS: 2 x 5.96 us = 11.92 us
GLU: 1 x 1.8 us = 1.8 us
MUL_MAT f32 m=256 n=24 k=256: 1 x 1.76 us = 1.76 us (1783.85 GFLOPS/s)
MUL_MAT f32 m=64 n=16 k=64: 1 x 3.64 us = 3.64 us (35.7275 GFLOPS/s)
MUL_MAT f32 m=64 n=96 k=64: 1 x 3.56 us = 3.56 us (219.182 GFLOPS/s)
MUL_MAT_ADD MUL_MAT_VEC q6_K m=5120 n=1 k=17408: 1 x 123.56 us = 123.56 us (1442.64 GFLOPS/s)
MUL_MAT_ADD MUL_MAT_VEC q6_K m=5120 n=1 k=6144: 1 x 54.4 us = 54.4 us (1156.42 GFLOPS/s)
MUL_MAT_VEC f32 m=256 n=4 k=256: 1 x 3.04 us = 3.04 us (172.126 GFLOPS/s)
MUL_MAT_VEC q6_K m=1024 n=1 k=5120: 2 x 9.06 us = 18.12 us (1157.26 GFLOPS/s)
MUL_MAT_VEC q6_K m=12288 n=1 k=5120: 1 x 86 us = 86 us (1462.99 GFLOPS/s)
MUL_MAT_VEC q6_K m=17408 n=1 k=5120: 2 x 121.2 us = 242.4 us (1470.63 GFLOPS/s)
MUL_MAT_VEC q6_K m=98304 n=1 k=5120: 1 x 683.32 us = 683.32 us (1473.01 GFLOPS/s)
MUL_MAT_VEC q8_0 m=5120 n=1 k=10240: 1 x 101.48 us = 101.48 us (1033.23 GFLOPS/s)
PAD: 1 x 6.32 us = 6.32 us
RMS_NORM_MUL RMS_NORM(256,24,1,1): 1 x 3.64 us = 3.64 us
RMS_NORM_MUL RMS_NORM(256,4,1,1): 1 x 3.6 us = 3.6 us
RMS_NORM_MUL RMS_NORM(5120,1,1,1): 5 x 3.744 us = 18.72 us
ROPE: 2 x 3.56 us = 7.12 us
SET_ROWS: 2 x 2.66 us = 5.32 us
SIGMOID_MUL SIGMOID: 1 x 1.88 us = 1.88 us
TOP_K K=10 (98304,1,1,1): 1 x 9 us = 9 us
Total time: 1410.88 us.
----------------
Vulkan Timings:
CONCAT: 1 x 3.72 us = 3.72 us
CONT: 1 x 3.6 us = 3.6 us
FLASH_ATTN_EXT dst(256,24,1,1),  q(256,1,24,1),  k(256,256,4,1),  v(256,256,4,1),  m(256,1,1,1): 1 x 13.16 us = 13.16 us (478.074 GFLOPS/s)
GET_ROWS: 2 x 4.36 us = 8.72 us
GLU: 1 x 1.72 us = 1.72 us
MUL_MAT f32 m=256 n=24 k=256: 1 x 1.68 us = 1.68 us (1868.8 GFLOPS/s)
MUL_MAT f32 m=64 n=16 k=64: 1 x 3.64 us = 3.64 us (35.7275 GFLOPS/s)
MUL_MAT f32 m=64 n=96 k=64: 1 x 3.6 us = 3.6 us (216.747 GFLOPS/s)
MUL_MAT_ADD MUL_MAT_VEC q6_K m=5120 n=1 k=17408: 1 x 125.04 us = 125.04 us (1425.57 GFLOPS/s)
MUL_MAT_ADD MUL_MAT_VEC q6_K m=5120 n=1 k=6144: 1 x 54.36 us = 54.36 us (1157.27 GFLOPS/s)
MUL_MAT_VEC f32 m=256 n=4 k=256: 1 x 3.04 us = 3.04 us (172.126 GFLOPS/s)
MUL_MAT_VEC q6_K m=1024 n=1 k=5120: 2 x 9.06 us = 18.12 us (1157.26 GFLOPS/s)
MUL_MAT_VEC q6_K m=12288 n=1 k=5120: 1 x 86.08 us = 86.08 us (1461.63 GFLOPS/s)
MUL_MAT_VEC q6_K m=17408 n=1 k=5120: 2 x 121.4 us = 242.8 us (1468.21 GFLOPS/s)
MUL_MAT_VEC q6_K m=98304 n=1 k=5120: 1 x 674.48 us = 674.48 us (1492.31 GFLOPS/s)
MUL_MAT_VEC q8_0 m=5120 n=1 k=10240: 1 x 101.28 us = 101.28 us (1035.27 GFLOPS/s)
PAD: 1 x 6.4 us = 6.4 us
RMS_NORM_MUL RMS_NORM(256,24,1,1): 1 x 3.64 us = 3.64 us
RMS_NORM_MUL RMS_NORM(256,4,1,1): 1 x 3.64 us = 3.64 us
RMS_NORM_MUL RMS_NORM(5120,1,1,1): 5 x 3.736 us = 18.68 us
ROPE: 2 x 3.58 us = 7.16 us
SET_ROWS: 2 x 2.64 us = 5.28 us
SIGMOID_MUL SIGMOID: 1 x 1.72 us = 1.72 us
TOP_K K=10 (98304,1,1,1): 1 x 9.16 us = 9.16 us
Total time: 1400.72 us.
----------------
Vulkan Timings:
CONCAT: 1 x 4.28 us = 4.28 us
CONT: 1 x 3.92 us = 3.92 us
FLASH_ATTN_EXT dst(256,24,1,1),  q(256,1,24,1),  k(256,256,4,1),  v(256,256,4,1),  m(256,1,1,1): 1 x 13.68 us = 13.68 us (459.902 GFLOPS/s)
GET_ROWS: 2 x 4.72 us = 9.44 us
GLU: 1 x 1.84 us = 1.84 us
MUL_MAT f32 m=256 n=24 k=256: 1 x 1.72 us = 1.72 us (1825.34 GFLOPS/s)
MUL_MAT f32 m=64 n=16 k=64: 1 x 3.84 us = 3.84 us (33.8667 GFLOPS/s)
MUL_MAT f32 m=64 n=96 k=64: 1 x 3.84 us = 3.84 us (203.2 GFLOPS/s)
MUL_MAT_ADD MUL_MAT_VEC q6_K m=5120 n=1 k=17408: 1 x 124.2 us = 124.2 us (1435.21 GFLOPS/s)
MUL_MAT_ADD MUL_MAT_VEC q6_K m=5120 n=1 k=6144: 1 x 54.64 us = 54.64 us (1151.34 GFLOPS/s)
MUL_MAT_VEC f32 m=256 n=4 k=256: 1 x 3.24 us = 3.24 us (161.501 GFLOPS/s)
MUL_MAT_VEC q6_K m=1024 n=1 k=5120: 2 x 9.3 us = 18.6 us (1127.39 GFLOPS/s)
MUL_MAT_VEC q6_K m=12288 n=1 k=5120: 1 x 86 us = 86 us (1462.99 GFLOPS/s)
MUL_MAT_VEC q6_K m=17408 n=1 k=5120: 2 x 121.98 us = 243.96 us (1461.23 GFLOPS/s)
MUL_MAT_VEC q6_K m=98304 n=1 k=5120: 1 x 674.88 us = 674.88 us (1491.43 GFLOPS/s)
MUL_MAT_VEC q8_0 m=5120 n=1 k=10240: 1 x 102 us = 102 us (1027.97 GFLOPS/s)
PAD: 1 x 7 us = 7 us
RMS_NORM_MUL RMS_NORM(256,24,1,1): 1 x 3.8 us = 3.8 us
RMS_NORM_MUL RMS_NORM(256,4,1,1): 1 x 3.84 us = 3.84 us
RMS_NORM_MUL RMS_NORM(5120,1,1,1): 5 x 3.936 us = 19.68 us
ROPE: 2 x 3.8 us = 7.6 us
SET_ROWS: 2 x 2.8 us = 5.6 us
SIGMOID_MUL SIGMOID: 1 x 1.8 us = 1.8 us
TOP_K K=10 (98304,1,1,1): 1 x 10 us = 10 us
Total time: 1409.4 us.
----------------
Vulkan Timings:
ADD: 48 x 3.59 us = 172.32 us
CONCAT: 48 x 2.595 us = 124.56 us
CONT: 16 x 4.29 us = 68.64 us
CPY: 240 x 2.713 us = 651.28 us
FLASH_ATTN_EXT dst(256,24,5,1),  q(256,5,24,1),  k(256,256,4,1),  v(256,256,4,1),  m(256,5,1,1): 16 x 22.962 us = 367.4 us (1369.94 GFLOPS/s)
GDN_CACHE GATED_DELTA_NET: 48 x 13.953 us = 669.76 us
GET_ROWS: 50 x 26.538 us = 1326.92 us
GLU: 64 x 2.938 us = 188.08 us
MUL_MAT f32 m=256 n=120 k=256: 16 x 2.217 us = 35.48 us (7079.11 GFLOPS/s)
MUL_MAT f32 m=256 n=20 k=256: 16 x 2.76 us = 44.16 us (947.942 GFLOPS/s)
MUL_MAT f32 m=64 n=480 k=64: 16 x 4.377 us = 70.04 us (891.248 GFLOPS/s)
MUL_MAT f32 m=64 n=80 k=64: 16 x 4.292 us = 68.68 us (151.483 GFLOPS/s)
MUL_MAT_ADD MUL_MAT_VEC q6_K m=5120 n=5 k=17408: 64 x 151.541 us = 9698.64 us (5881.33 GFLOPS/s)
MUL_MAT_ADD MUL_MAT_VEC q6_K m=5120 n=5 k=6144: 16 x 65.685 us = 1050.96 us (4788.72 GFLOPS/s)
MUL_MAT_VEC f32 m=48 n=5 k=5120: 96 x 4.397 us = 422.2 us (558.755 GFLOPS/s)
MUL_MAT_VEC q6_K m=1024 n=5 k=5120: 32 x 11.52 us = 368.64 us (4550.67 GFLOPS/s)
MUL_MAT_VEC q6_K m=10240 n=5 k=5120: 48 x 104.61 us = 5021.32 us (5011.31 GFLOPS/s)
MUL_MAT_VEC q6_K m=12288 n=5 k=5120: 16 x 131.915 us = 2110.64 us (4768.86 GFLOPS/s)
MUL_MAT_VEC q6_K m=17408 n=5 k=5120: 128 x 177.345 us = 22700.2 us (5025.23 GFLOPS/s)
MUL_MAT_VEC q6_K m=248320 n=5 k=5120: 1 x 1956.12 us = 1956.12 us (6498.96 GFLOPS/s)
MUL_MAT_VEC q6_K m=6144 n=5 k=5120: 48 x 69.489 us = 3335.48 us (4526.49 GFLOPS/s)
MUL_MAT_VEC q8_0 m=5120 n=5 k=6144: 48 x 64.69 us = 3105.16 us (4862.31 GFLOPS/s)
RMS_NORM_MUL RMS_NORM(256,24,5,1): 16 x 3.76 us = 60.16 us
RMS_NORM_MUL RMS_NORM(256,4,5,1): 16 x 4.6 us = 73.6 us
RMS_NORM_MUL RMS_NORM(5120,5,1,1): 129 x 5.288 us = 682.16 us
RMS_NORM_MUL_SILU_MUL RMS_NORM(128,48,5,1): 48 x 6.32 us = 303.36 us
RMS_NORM_SCALE RMS_NORM(128,16,5,1): 96 x 2.562 us = 246.04 us
ROPE: 32 x 4.318 us = 138.2 us
SET_ROWS: 32 x 3.618 us = 115.8 us
SIGMOID_MUL SIGMOID: 16 x 4.352 us = 69.64 us
SSM_CONV_SILU SSM_CONV: 48 x 5.832 us = 279.96 us
Total time: 55525.6 us.
----------------
Vulkan Timings:
CONCAT: 1 x 1.92 us = 1.92 us
CONT: 1 x 3.68 us = 3.68 us
FLASH_ATTN_EXT dst(256,24,5,1),  q(256,5,24,1),  k(256,256,4,1),  v(256,256,4,1),  m(256,5,1,1): 1 x 20.64 us = 20.64 us (1524.09 GFLOPS/s)
GLU: 1 x 1.72 us = 1.72 us
MUL_MAT f32 m=256 n=120 k=256: 1 x 1.72 us = 1.72 us (9126.7 GFLOPS/s)
MUL_MAT f32 m=256 n=20 k=256: 1 x 3.04 us = 3.04 us (860.632 GFLOPS/s)
MUL_MAT f32 m=64 n=480 k=64: 1 x 3.68 us = 3.68 us (1060.17 GFLOPS/s)
MUL_MAT f32 m=64 n=80 k=64: 1 x 3.68 us = 3.68 us (176.696 GFLOPS/s)
MUL_MAT_ADD MUL_MAT_VEC q6_K m=5120 n=5 k=17408: 1 x 171.24 us = 171.24 us (5204.77 GFLOPS/s)
MUL_MAT_ADD MUL_MAT_VEC q6_K m=5120 n=5 k=6144: 1 x 70.2 us = 70.2 us (4480.73 GFLOPS/s)
MUL_MAT_VEC q6_K m=1024 n=5 k=5120: 2 x 12.14 us = 24.28 us (4318.26 GFLOPS/s)
MUL_MAT_VEC q6_K m=12288 n=5 k=5120: 1 x 146.13 us = 146.13 us (4304.96 GFLOPS/s)
MUL_MAT_VEC q6_K m=17408 n=5 k=5120: 2 x 157.16 us = 314.32 us (5670.67 GFLOPS/s)
MUL_MAT_VEC q8_0 m=5120 n=5 k=10240: 1 x 106.48 us = 106.48 us (4923.58 GFLOPS/s)
RMS_NORM_MUL RMS_NORM(256,24,5,1): 1 x 3.8 us = 3.8 us
RMS_NORM_MUL RMS_NORM(256,4,5,1): 1 x 3.64 us = 3.64 us
RMS_NORM_MUL RMS_NORM(5120,5,1,1): 5 x 8.096 us = 40.48 us
ROPE: 2 x 3.66 us = 7.32 us
SET_ROWS: 2 x 2.68 us = 5.36 us
SIGMOID_MUL SIGMOID: 1 x 1.68 us = 1.68 us
Total time: 935.01 us.
----------------
Vulkan Timings:
CONCAT: 1 x 3.68 us = 3.68 us
CONT: 1 x 3.52 us = 3.52 us
FLASH_ATTN_EXT dst(256,24,1,1),  q(256,1,24,1),  k(256,256,4,1),  v(256,256,4,1),  m(256,1,1,1): 1 x 12.44 us = 12.44 us (505.744 GFLOPS/s)
GET_ROWS: 2 x 4.3 us = 8.6 us
GLU: 1 x 1.68 us = 1.68 us
MUL_MAT f32 m=256 n=24 k=256: 1 x 1.56 us = 1.56 us (2012.55 GFLOPS/s)
MUL_MAT f32 m=64 n=16 k=64: 1 x 1.84 us = 1.84 us (70.6783 GFLOPS/s)
MUL_MAT f32 m=64 n=96 k=64: 1 x 3.2 us = 3.2 us (243.84 GFLOPS/s)
MUL_MAT_ADD MUL_MAT_VEC q6_K m=5120 n=1 k=17408: 1 x 129.64 us = 129.64 us (1374.98 GFLOPS/s)
MUL_MAT_ADD MUL_MAT_VEC q6_K m=5120 n=1 k=6144: 1 x 53.48 us = 53.48 us (1176.32 GFLOPS/s)
MUL_MAT_VEC f32 m=256 n=4 k=256: 1 x 3.04 us = 3.04 us (172.126 GFLOPS/s)
MUL_MAT_VEC q6_K m=1024 n=1 k=5120: 2 x 9.34 us = 18.68 us (1122.56 GFLOPS/s)
MUL_MAT_VEC q6_K m=12288 n=1 k=5120: 1 x 90.08 us = 90.08 us (1396.72 GFLOPS/s)
MUL_MAT_VEC q6_K m=17408 n=1 k=5120: 2 x 117.74 us = 235.48 us (1513.85 GFLOPS/s)
MUL_MAT_VEC q6_K m=98304 n=1 k=5120: 1 x 673.63 us = 673.63 us (1494.2 GFLOPS/s)
MUL_MAT_VEC q8_0 m=5120 n=1 k=10240: 1 x 91.4 us = 91.4 us (1147.18 GFLOPS/s)
PAD: 1 x 6.44 us = 6.44 us
RMS_NORM_MUL RMS_NORM(256,24,1,1): 1 x 3.16 us = 3.16 us
RMS_NORM_MUL RMS_NORM(256,4,1,1): 1 x 4.88 us = 4.88 us
RMS_NORM_MUL RMS_NORM(5120,1,1,1): 5 x 4.352 us = 21.76 us
ROPE: 2 x 3.32 us = 6.64 us
SET_ROWS: 2 x 2.62 us = 5.24 us
SIGMOID_MUL SIGMOID: 1 x 1.56 us = 1.56 us
TOP_K K=10 (98304,1,1,1): 1 x 8.96 us = 8.96 us
Total time: 1390.59 us.
----------------
Vulkan Timings:
CONCAT: 1 x 3.76 us = 3.76 us
CONT: 1 x 3.6 us = 3.6 us
FLASH_ATTN_EXT dst(256,24,1,1),  q(256,1,24,1),  k(256,256,4,1),  v(256,256,4,1),  m(256,1,1,1): 1 x 12.8 us = 12.8 us (491.52 GFLOPS/s)
GET_ROWS: 2 x 4.22 us = 8.44 us
GLU: 1 x 1.84 us = 1.84 us
MUL_MAT f32 m=256 n=24 k=256: 1 x 1.64 us = 1.64 us (1914.38 GFLOPS/s)
MUL_MAT f32 m=64 n=16 k=64: 1 x 3.64 us = 3.64 us (35.7275 GFLOPS/s)
MUL_MAT f32 m=64 n=96 k=64: 1 x 3.64 us = 3.64 us (214.365 GFLOPS/s)
MUL_MAT_ADD MUL_MAT_VEC q6_K m=5120 n=1 k=17408: 1 x 122.72 us = 122.72 us (1452.52 GFLOPS/s)
MUL_MAT_ADD MUL_MAT_VEC q6_K m=5120 n=1 k=6144: 1 x 53.68 us = 53.68 us (1171.93 GFLOPS/s)
MUL_MAT_VEC f32 m=256 n=4 k=256: 1 x 3 us = 3 us (174.421 GFLOPS/s)
MUL_MAT_VEC q6_K m=1024 n=1 k=5120: 2 x 9.12 us = 18.24 us (1149.64 GFLOPS/s)
MUL_MAT_VEC q6_K m=12288 n=1 k=5120: 1 x 85.24 us = 85.24 us (1476.03 GFLOPS/s)
MUL_MAT_VEC q6_K m=17408 n=1 k=5120: 2 x 121.16 us = 242.32 us (1471.12 GFLOPS/s)
MUL_MAT_VEC q6_K m=98304 n=1 k=5120: 1 x 674.02 us = 674.02 us (1493.33 GFLOPS/s)
MUL_MAT_VEC q8_0 m=5120 n=1 k=10240: 1 x 101.4 us = 101.4 us (1034.05 GFLOPS/s)
PAD: 1 x 9.2 us = 9.2 us
RMS_NORM_MUL RMS_NORM(256,24,1,1): 1 x 3.64 us = 3.64 us
RMS_NORM_MUL RMS_NORM(256,4,1,1): 1 x 3.64 us = 3.64 us
RMS_NORM_MUL RMS_NORM(5120,1,1,1): 5 x 3.784 us = 18.92 us
ROPE: 2 x 3.58 us = 7.16 us
SET_ROWS: 2 x 2.66 us = 5.32 us
SIGMOID_MUL SIGMOID: 1 x 1.68 us = 1.68 us
TOP_K K=10 (98304,1,1,1): 1 x 6.44 us = 6.44 us
Total time: 1395.98 us.
----------------
Vulkan Timings:
CONCAT: 1 x 3.8 us = 3.8 us
CONT: 1 x 3.64 us = 3.64 us
FLASH_ATTN_EXT dst(256,24,1,1),  q(256,1,24,1),  k(256,256,4,1),  v(256,256,4,1),  m(256,1,1,1): 1 x 13.04 us = 13.04 us (482.474 GFLOPS/s)
GET_ROWS: 2 x 4.2 us = 8.4 us
GLU: 1 x 1.8 us = 1.8 us
MUL_MAT f32 m=256 n=24 k=256: 1 x 1.64 us = 1.64 us (1914.38 GFLOPS/s)
MUL_MAT f32 m=64 n=16 k=64: 1 x 3.64 us = 3.64 us (35.7275 GFLOPS/s)
MUL_MAT f32 m=64 n=96 k=64: 1 x 3.6 us = 3.6 us (216.747 GFLOPS/s)
MUL_MAT_ADD MUL_MAT_VEC q6_K m=5120 n=1 k=17408: 1 x 122.92 us = 122.92 us (1450.15 GFLOPS/s)
MUL_MAT_ADD MUL_MAT_VEC q6_K m=5120 n=1 k=6144: 1 x 51.12 us = 51.12 us (1230.62 GFLOPS/s)
MUL_MAT_VEC f32 m=256 n=4 k=256: 1 x 3 us = 3 us (174.421 GFLOPS/s)
MUL_MAT_VEC q6_K m=1024 n=1 k=5120: 2 x 9.1 us = 18.2 us (1152.17 GFLOPS/s)
MUL_MAT_VEC q6_K m=12288 n=1 k=5120: 1 x 85.56 us = 85.56 us (1470.51 GFLOPS/s)
MUL_MAT_VEC q6_K m=17408 n=1 k=5120: 2 x 121.24 us = 242.48 us (1470.15 GFLOPS/s)
MUL_MAT_VEC q6_K m=98304 n=1 k=5120: 1 x 675.92 us = 675.92 us (1489.13 GFLOPS/s)
MUL_MAT_VEC q8_0 m=5120 n=1 k=10240: 1 x 100.8 us = 100.8 us (1040.2 GFLOPS/s)
PAD: 1 x 6.32 us = 6.32 us
RMS_NORM_MUL RMS_NORM(256,24,1,1): 1 x 3.6 us = 3.6 us
RMS_NORM_MUL RMS_NORM(256,4,1,1): 1 x 3.6 us = 3.6 us
RMS_NORM_MUL RMS_NORM(5120,1,1,1): 5 x 4.304 us = 21.52 us
ROPE: 2 x 3.56 us = 7.12 us
SET_ROWS: 2 x 2.66 us = 5.32 us
SIGMOID_MUL SIGMOID: 1 x 1.72 us = 1.72 us
TOP_K K=10 (98304,1,1,1): 1 x 9.04 us = 9.04 us
Total time: 1397.8 us.
----------------
Vulkan Timings:
CONCAT: 1 x 1.68 us = 1.68 us
CONT: 1 x 3.6 us = 3.6 us
FLASH_ATTN_EXT dst(256,24,1,1),  q(256,1,24,1),  k(256,256,4,1),  v(256,256,4,1),  m(256,1,1,1): 1 x 12.96 us = 12.96 us (485.452 GFLOPS/s)
GET_ROWS: 2 x 4.16 us = 8.32 us
GLU: 1 x 1.88 us = 1.88 us
MUL_MAT f32 m=256 n=24 k=256: 1 x 1.68 us = 1.68 us (1868.8 GFLOPS/s)
MUL_MAT f32 m=64 n=16 k=64: 1 x 3.64 us = 3.64 us (35.7275 GFLOPS/s)
MUL_MAT f32 m=64 n=96 k=64: 1 x 3.6 us = 3.6 us (216.747 GFLOPS/s)
MUL_MAT_ADD MUL_MAT_VEC q6_K m=5120 n=1 k=17408: 1 x 122.92 us = 122.92 us (1450.15 GFLOPS/s)
MUL_MAT_ADD MUL_MAT_VEC q6_K m=5120 n=1 k=6144: 1 x 53.52 us = 53.52 us (1175.44 GFLOPS/s)
MUL_MAT_VEC f32 m=256 n=4 k=256: 1 x 3.04 us = 3.04 us (172.126 GFLOPS/s)
MUL_MAT_VEC q6_K m=1024 n=1 k=5120: 2 x 9.18 us = 18.36 us (1142.13 GFLOPS/s)
MUL_MAT_VEC q6_K m=12288 n=1 k=5120: 1 x 85.72 us = 85.72 us (1467.77 GFLOPS/s)
MUL_MAT_VEC q6_K m=17408 n=1 k=5120: 2 x 121.32 us = 242.64 us (1469.18 GFLOPS/s)
MUL_MAT_VEC q6_K m=98304 n=1 k=5120: 1 x 672.02 us = 672.02 us (1497.77 GFLOPS/s)
MUL_MAT_VEC q8_0 m=5120 n=1 k=10240: 1 x 100.28 us = 100.28 us (1045.6 GFLOPS/s)
PAD: 1 x 7.08 us = 7.08 us
RMS_NORM_MUL RMS_NORM(256,24,1,1): 1 x 3.6 us = 3.6 us
RMS_NORM_MUL RMS_NORM(256,4,1,1): 1 x 3.64 us = 3.64 us
RMS_NORM_MUL RMS_NORM(5120,1,1,1): 5 x 4.176 us = 20.88 us
ROPE: 2 x 3.6 us = 7.2 us
SET_ROWS: 2 x 2.66 us = 5.32 us
SIGMOID_MUL SIGMOID: 1 x 1.68 us = 1.68 us
TOP_K K=10 (98304,1,1,1): 1 x 9.32 us = 9.32 us
Total time: 1394.58 us.
----------------
Vulkan Timings:
ADD: 48 x 3.749 us = 179.96 us
CONCAT: 48 x 2.49 us = 119.56 us
CONT: 16 x 3.827 us = 61.24 us
CPY: 240 x 2.232 us = 535.72 us
FLASH_ATTN_EXT dst(256,24,5,1),  q(256,5,24,1),  k(256,256,4,1),  v(256,256,4,1),  m(256,5,1,1): 16 x 20.985 us = 335.76 us (1499.04 GFLOPS/s)
GDN_CACHE GATED_DELTA_NET: 48 x 13.16 us = 631.72 us
GET_ROWS: 50 x 24.755 us = 1237.76 us
GLU: 64 x 2.92 us = 186.88 us
MUL_MAT f32 m=256 n=120 k=256: 16 x 1.847 us = 29.56 us (8496.84 GFLOPS/s)
MUL_MAT f32 m=256 n=20 k=256: 16 x 2.965 us = 47.44 us (882.401 GFLOPS/s)
MUL_MAT f32 m=64 n=480 k=64: 16 x 3.632 us = 58.12 us (1074.04 GFLOPS/s)
MUL_MAT f32 m=64 n=80 k=64: 16 x 3.28 us = 52.48 us (198.244 GFLOPS/s)
MUL_MAT_ADD MUL_MAT_VEC q6_K m=5120 n=5 k=17408: 64 x 144.831 us = 9269.24 us (6153.78 GFLOPS/s)
MUL_MAT_ADD MUL_MAT_VEC q6_K m=5120 n=5 k=6144: 16 x 61.31 us = 980.96 us (5130.44 GFLOPS/s)
MUL_MAT_VEC f32 m=48 n=5 k=5120: 96 x 3.57 us = 342.76 us (688.256 GFLOPS/s)
MUL_MAT_VEC q6_K m=1024 n=5 k=5120: 32 x 9.925 us = 317.6 us (5281.98 GFLOPS/s)
MUL_MAT_VEC q6_K m=10240 n=5 k=5120: 48 x 97.196 us = 4665.44 us (5393.57 GFLOPS/s)
MUL_MAT_VEC q6_K m=12288 n=5 k=5120: 16 x 124.107 us = 1985.72 us (5068.86 GFLOPS/s)
MUL_MAT_VEC q6_K m=17408 n=5 k=5120: 128 x 166.704 us = 21338.2 us (5346 GFLOPS/s)
MUL_MAT_VEC q6_K m=248320 n=5 k=5120: 1 x 1956.28 us = 1956.28 us (6498.43 GFLOPS/s)
MUL_MAT_VEC q6_K m=6144 n=5 k=5120: 48 x 64.976 us = 3118.88 us (4840.85 GFLOPS/s)
MUL_MAT_VEC q8_0 m=5120 n=5 k=6144: 48 x 63.111 us = 3029.36 us (4983.98 GFLOPS/s)
RMS_NORM_MUL RMS_NORM(256,24,5,1): 16 x 3.707 us = 59.32 us
RMS_NORM_MUL RMS_NORM(256,4,5,1): 16 x 4.415 us = 70.64 us
RMS_NORM_MUL RMS_NORM(5120,5,1,1): 129 x 4.595 us = 592.8 us
RMS_NORM_MUL_SILU_MUL RMS_NORM(128,48,5,1): 48 x 5.641 us = 270.8 us
RMS_NORM_SCALE RMS_NORM(128,16,5,1): 96 x 2.585 us = 248.2 us
ROPE: 32 x 3.855 us = 123.36 us
SET_ROWS: 32 x 2.96 us = 94.72 us
SIGMOID_MUL SIGMOID: 16 x 3.69 us = 59.04 us
SSM_CONV_SILU SSM_CONV: 48 x 5.676 us = 272.48 us
Total time: 52272 us.
----------------
Vulkan Timings:
CONCAT: 1 x 4.04 us = 4.04 us
CONT: 1 x 3.6 us = 3.6 us
FLASH_ATTN_EXT dst(256,24,5,1),  q(256,5,24,1),  k(256,256,4,1),  v(256,256,4,1),  m(256,5,1,1): 1 x 22.92 us = 22.92 us (1372.48 GFLOPS/s)
GLU: 1 x 1.48 us = 1.48 us
MUL_MAT f32 m=256 n=120 k=256: 1 x 1.68 us = 1.68 us (9344 GFLOPS/s)
MUL_MAT f32 m=256 n=20 k=256: 1 x 3.04 us = 3.04 us (860.632 GFLOPS/s)
MUL_MAT f32 m=64 n=480 k=64: 1 x 3.68 us = 3.68 us (1060.17 GFLOPS/s)
MUL_MAT f32 m=64 n=80 k=64: 1 x 3.64 us = 3.64 us (178.637 GFLOPS/s)
MUL_MAT_ADD MUL_MAT_VEC q6_K m=5120 n=5 k=17408: 1 x 172.81 us = 172.81 us (5157.48 GFLOPS/s)
MUL_MAT_ADD MUL_MAT_VEC q6_K m=5120 n=5 k=6144: 1 x 69.92 us = 69.92 us (4498.67 GFLOPS/s)
MUL_MAT_VEC q6_K m=1024 n=5 k=5120: 2 x 12.14 us = 24.28 us (4318.26 GFLOPS/s)
MUL_MAT_VEC q6_K m=12288 n=5 k=5120: 1 x 146.51 us = 146.51 us (4293.8 GFLOPS/s)
MUL_MAT_VEC q6_K m=17408 n=5 k=5120: 2 x 158.74 us = 317.48 us (5614.23 GFLOPS/s)
MUL_MAT_VEC q8_0 m=5120 n=5 k=10240: 1 x 105.2 us = 105.2 us (4983.48 GFLOPS/s)
RMS_NORM_MUL RMS_NORM(256,24,5,1): 1 x 3.76 us = 3.76 us
RMS_NORM_MUL RMS_NORM(256,4,5,1): 1 x 3.6 us = 3.6 us
RMS_NORM_MUL RMS_NORM(5120,5,1,1): 5 x 7.872 us = 39.36 us
ROPE: 2 x 3.62 us = 7.24 us
SET_ROWS: 2 x 1.8 us = 3.6 us
SIGMOID_MUL SIGMOID: 1 x 1.72 us = 1.72 us
Total time: 939.56 us.
----------------
Vulkan Timings:
CONCAT: 1 x 3.64 us = 3.64 us
CONT: 1 x 3.52 us = 3.52 us
FLASH_ATTN_EXT dst(256,24,1,1),  q(256,1,24,1),  k(256,256,4,1),  v(256,256,4,1),  m(256,1,1,1): 1 x 12.68 us = 12.68 us (496.172 GFLOPS/s)
GET_ROWS: 2 x 4.22 us = 8.44 us
GLU: 1 x 1.6 us = 1.6 us
MUL_MAT f32 m=256 n=24 k=256: 1 x 1.52 us = 1.52 us (2065.52 GFLOPS/s)
MUL_MAT f32 m=64 n=16 k=64: 1 x 1.84 us = 1.84 us (70.6783 GFLOPS/s)
MUL_MAT f32 m=64 n=96 k=64: 1 x 3.2 us = 3.2 us (243.84 GFLOPS/s)
MUL_MAT_ADD MUL_MAT_VEC q6_K m=5120 n=1 k=17408: 1 x 131.56 us = 131.56 us (1354.92 GFLOPS/s)
MUL_MAT_ADD MUL_MAT_VEC q6_K m=5120 n=1 k=6144: 1 x 54.4 us = 54.4 us (1156.42 GFLOPS/s)
MUL_MAT_VEC f32 m=256 n=4 k=256: 1 x 3 us = 3 us (174.421 GFLOPS/s)
MUL_MAT_VEC q6_K m=1024 n=1 k=5120: 2 x 9.42 us = 18.84 us (1113.03 GFLOPS/s)
MUL_MAT_VEC q6_K m=12288 n=1 k=5120: 1 x 89.92 us = 89.92 us (1399.21 GFLOPS/s)
MUL_MAT_VEC q6_K m=17408 n=1 k=5120: 2 x 118.42 us = 236.84 us (1505.16 GFLOPS/s)
MUL_MAT_VEC q6_K m=98304 n=1 k=5120: 1 x 673.77 us = 673.77 us (1493.88 GFLOPS/s)
MUL_MAT_VEC q8_0 m=5120 n=1 k=10240: 1 x 91.12 us = 91.12 us (1150.71 GFLOPS/s)
PAD: 1 x 6 us = 6 us
RMS_NORM_MUL RMS_NORM(256,24,1,1): 1 x 3.24 us = 3.24 us
RMS_NORM_MUL RMS_NORM(256,4,1,1): 1 x 4.88 us = 4.88 us
RMS_NORM_MUL RMS_NORM(5120,1,1,1): 5 x 4.408 us = 22.04 us
ROPE: 2 x 3.32 us = 6.64 us
SET_ROWS: 2 x 2.6 us = 5.2 us
SIGMOID_MUL SIGMOID: 1 x 1.6 us = 1.6 us
TOP_K K=10 (98304,1,1,1): 1 x 9.04 us = 9.04 us
Total time: 1394.53 us.
----------------
Vulkan Timings:
CONCAT: 1 x 3.8 us = 3.8 us
CONT: 1 x 3.64 us = 3.64 us
FLASH_ATTN_EXT dst(256,24,1,1),  q(256,1,24,1),  k(256,256,4,1),  v(256,256,4,1),  m(256,1,1,1): 1 x 12.96 us = 12.96 us (485.452 GFLOPS/s)
GET_ROWS: 2 x 4.3 us = 8.6 us
GLU: 1 x 1.8 us = 1.8 us
MUL_MAT f32 m=256 n=24 k=256: 1 x 1.68 us = 1.68 us (1868.8 GFLOPS/s)
MUL_MAT f32 m=64 n=16 k=64: 1 x 3.6 us = 3.6 us (36.1244 GFLOPS/s)
MUL_MAT f32 m=64 n=96 k=64: 1 x 3.68 us = 3.68 us (212.035 GFLOPS/s)
MUL_MAT_ADD MUL_MAT_VEC q6_K m=5120 n=1 k=17408: 1 x 123.64 us = 123.64 us (1441.71 GFLOPS/s)
MUL_MAT_ADD MUL_MAT_VEC q6_K m=5120 n=1 k=6144: 1 x 54.16 us = 54.16 us (1161.55 GFLOPS/s)
MUL_MAT_VEC f32 m=256 n=4 k=256: 1 x 3.04 us = 3.04 us (172.126 GFLOPS/s)
MUL_MAT_VEC q6_K m=1024 n=1 k=5120: 2 x 9.16 us = 18.32 us (1144.62 GFLOPS/s)
MUL_MAT_VEC q6_K m=12288 n=1 k=5120: 1 x 86.12 us = 86.12 us (1460.95 GFLOPS/s)
MUL_MAT_VEC q6_K m=17408 n=1 k=5120: 2 x 121.14 us = 242.28 us (1471.36 GFLOPS/s)
MUL_MAT_VEC q6_K m=98304 n=1 k=5120: 1 x 673.36 us = 673.36 us (1494.79 GFLOPS/s)
MUL_MAT_VEC q8_0 m=5120 n=1 k=10240: 1 x 100.88 us = 100.88 us (1039.38 GFLOPS/s)
PAD: 1 x 6.36 us = 6.36 us
RMS_NORM_MUL RMS_NORM(256,24,1,1): 1 x 3.6 us = 3.6 us
RMS_NORM_MUL RMS_NORM(256,4,1,1): 1 x 3.6 us = 3.6 us
RMS_NORM_MUL RMS_NORM(5120,1,1,1): 5 x 3.736 us = 18.68 us
ROPE: 2 x 3.56 us = 7.12 us
SET_ROWS: 2 x 2.66 us = 5.32 us
SIGMOID_MUL SIGMOID: 1 x 1.72 us = 1.72 us
TOP_K K=10 (98304,1,1,1): 1 x 8.8 us = 8.8 us
Total time: 1396.76 us.
----------------
Vulkan Timings:
CONCAT: 1 x 3.76 us = 3.76 us
CONT: 1 x 3.6 us = 3.6 us
FLASH_ATTN_EXT dst(256,24,1,1),  q(256,1,24,1),  k(256,256,4,1),  v(256,256,4,1),  m(256,1,1,1): 1 x 12.84 us = 12.84 us (489.989 GFLOPS/s)
GET_ROWS: 2 x 4.18 us = 8.36 us
GLU: 1 x 1.88 us = 1.88 us
MUL_MAT f32 m=256 n=24 k=256: 1 x 1.68 us = 1.68 us (1868.8 GFLOPS/s)
MUL_MAT f32 m=64 n=16 k=64: 1 x 3.64 us = 3.64 us (35.7275 GFLOPS/s)
MUL_MAT f32 m=64 n=96 k=64: 1 x 3.6 us = 3.6 us (216.747 GFLOPS/s)
MUL_MAT_ADD MUL_MAT_VEC q6_K m=5120 n=1 k=17408: 1 x 124.28 us = 124.28 us (1434.28 GFLOPS/s)
MUL_MAT_ADD MUL_MAT_VEC q6_K m=5120 n=1 k=6144: 1 x 53.88 us = 53.88 us (1167.58 GFLOPS/s)
MUL_MAT_VEC f32 m=256 n=4 k=256: 1 x 3.04 us = 3.04 us (172.126 GFLOPS/s)
MUL_MAT_VEC q6_K m=1024 n=1 k=5120: 2 x 9.12 us = 18.24 us (1149.64 GFLOPS/s)
MUL_MAT_VEC q6_K m=12288 n=1 k=5120: 1 x 85.44 us = 85.44 us (1472.58 GFLOPS/s)
MUL_MAT_VEC q6_K m=17408 n=1 k=5120: 2 x 121.54 us = 243.08 us (1466.52 GFLOPS/s)
MUL_MAT_VEC q6_K m=98304 n=1 k=5120: 1 x 673.28 us = 673.28 us (1494.97 GFLOPS/s)
MUL_MAT_VEC q8_0 m=5120 n=1 k=10240: 1 x 101.36 us = 101.36 us (1034.46 GFLOPS/s)
PAD: 1 x 6.36 us = 6.36 us
RMS_NORM_MUL RMS_NORM(256,24,1,1): 1 x 3.64 us = 3.64 us
RMS_NORM_MUL RMS_NORM(256,4,1,1): 1 x 3.6 us = 3.6 us
RMS_NORM_MUL RMS_NORM(5120,1,1,1): 5 x 3.8 us = 19 us
ROPE: 2 x 3.58 us = 7.16 us
SET_ROWS: 2 x 2.66 us = 5.32 us
SIGMOID_MUL SIGMOID: 1 x 1.68 us = 1.68 us
TOP_K K=10 (98304,1,1,1): 1 x 8.88 us = 8.88 us
Total time: 1397.6 us.
----------------
Vulkan Timings:
CONCAT: 1 x 3.72 us = 3.72 us
CONT: 1 x 3.6 us = 3.6 us
FLASH_ATTN_EXT dst(256,24,1,1),  q(256,1,24,1),  k(256,256,4,1),  v(256,256,4,1),  m(256,1,1,1): 1 x 13.08 us = 13.08 us (480.998 GFLOPS/s)
GET_ROWS: 2 x 4.2 us = 8.4 us
GLU: 1 x 1.72 us = 1.72 us
MUL_MAT f32 m=256 n=24 k=256: 1 x 1.64 us = 1.64 us (1914.38 GFLOPS/s)
MUL_MAT f32 m=64 n=16 k=64: 1 x 3.6 us = 3.6 us (36.1244 GFLOPS/s)
MUL_MAT f32 m=64 n=96 k=64: 1 x 3.6 us = 3.6 us (216.747 GFLOPS/s)
MUL_MAT_ADD MUL_MAT_VEC q6_K m=5120 n=1 k=17408: 1 x 123.76 us = 123.76 us (1440.31 GFLOPS/s)
MUL_MAT_ADD MUL_MAT_VEC q6_K m=5120 n=1 k=6144: 1 x 53.72 us = 53.72 us (1171.06 GFLOPS/s)
MUL_MAT_VEC f32 m=256 n=4 k=256: 1 x 3.04 us = 3.04 us (172.126 GFLOPS/s)
MUL_MAT_VEC q6_K m=1024 n=1 k=5120: 2 x 9.2 us = 18.4 us (1139.65 GFLOPS/s)
MUL_MAT_VEC q6_K m=12288 n=1 k=5120: 1 x 86.96 us = 86.96 us (1446.84 GFLOPS/s)
MUL_MAT_VEC q6_K m=17408 n=1 k=5120: 2 x 121.64 us = 243.28 us (1465.31 GFLOPS/s)
MUL_MAT_VEC q6_K m=98304 n=1 k=5120: 1 x 673.94 us = 673.94 us (1493.51 GFLOPS/s)
MUL_MAT_VEC q8_0 m=5120 n=1 k=10240: 1 x 101.32 us = 101.32 us (1034.86 GFLOPS/s)
PAD: 1 x 6.36 us = 6.36 us
RMS_NORM_MUL RMS_NORM(256,24,1,1): 1 x 3.64 us = 3.64 us
RMS_NORM_MUL RMS_NORM(256,4,1,1): 1 x 3.56 us = 3.56 us
RMS_NORM_MUL RMS_NORM(5120,1,1,1): 5 x 3.672 us = 18.36 us
ROPE: 2 x 3.56 us = 7.12 us
SET_ROWS: 2 x 2.64 us = 5.28 us
SIGMOID_MUL SIGMOID: 1 x 1.68 us = 1.68 us
TOP_K K=10 (98304,1,1,1): 1 x 9.04 us = 9.04 us
Total time: 1398.82 us.
----------------
Vulkan Timings:
ADD: 48 x 3.757 us = 180.36 us
CONCAT: 48 x 2.59 us = 124.36 us
CONT: 16 x 3.842 us = 61.48 us
CPY: 240 x 2.182 us = 523.88 us
FLASH_ATTN_EXT dst(256,24,5,1),  q(256,5,24,1),  k(256,256,4,1),  v(256,256,4,1),  m(256,5,1,1): 16 x 21.722 us = 347.56 us (1448.14 GFLOPS/s)
GDN_CACHE GATED_DELTA_NET: 48 x 13.192 us = 633.24 us
GET_ROWS: 50 x 24.682 us = 1234.12 us
GLU: 64 x 3.051 us = 195.32 us
MUL_MAT f32 m=256 n=120 k=256: 16 x 1.882 us = 30.12 us (8338.87 GFLOPS/s)
MUL_MAT f32 m=256 n=20 k=256: 16 x 2.957 us = 47.32 us (884.639 GFLOPS/s)
MUL_MAT f32 m=64 n=480 k=64: 16 x 3.632 us = 58.12 us (1074.04 GFLOPS/s)
MUL_MAT f32 m=64 n=80 k=64: 16 x 3.302 us = 52.84 us (196.893 GFLOPS/s)
MUL_MAT_ADD MUL_MAT_VEC q6_K m=5120 n=5 k=17408: 64 x 144.816 us = 9268.28 us (6154.42 GFLOPS/s)
MUL_MAT_ADD MUL_MAT_VEC q6_K m=5120 n=5 k=6144: 16 x 61.28 us = 980.48 us (5132.95 GFLOPS/s)
MUL_MAT_VEC f32 m=48 n=5 k=5120: 96 x 3.977 us = 381.84 us (617.815 GFLOPS/s)
MUL_MAT_VEC q6_K m=1024 n=5 k=5120: 32 x 9.95 us = 318.4 us (5268.71 GFLOPS/s)
MUL_MAT_VEC q6_K m=10240 n=5 k=5120: 48 x 97.38 us = 4674.28 us (5383.37 GFLOPS/s)
MUL_MAT_VEC q6_K m=12288 n=5 k=5120: 16 x 123.97 us = 1983.52 us (5074.49 GFLOPS/s)
MUL_MAT_VEC q6_K m=17408 n=5 k=5120: 128 x 166.961 us = 21371.1 us (5337.76 GFLOPS/s)
MUL_MAT_VEC q6_K m=248320 n=5 k=5120: 1 x 1950.92 us = 1950.92 us (6516.28 GFLOPS/s)
MUL_MAT_VEC q6_K m=6144 n=5 k=5120: 48 x 65.148 us = 3127.12 us (4828.09 GFLOPS/s)
MUL_MAT_VEC q8_0 m=5120 n=5 k=6144: 48 x 63.175 us = 3032.4 us (4978.98 GFLOPS/s)
RMS_NORM_MUL RMS_NORM(256,24,5,1): 16 x 3.842 us = 61.48 us
RMS_NORM_MUL RMS_NORM(256,4,5,1): 16 x 4.44 us = 71.04 us
RMS_NORM_MUL RMS_NORM(5120,5,1,1): 129 x 4.599 us = 593.36 us
RMS_NORM_MUL_SILU_MUL RMS_NORM(128,48,5,1): 48 x 5.669 us = 272.12 us
RMS_NORM_SCALE RMS_NORM(128,16,5,1): 96 x 2.432 us = 233.56 us
ROPE: 32 x 3.901 us = 124.84 us
SET_ROWS: 32 x 2.763 us = 88.44 us
SIGMOID_MUL SIGMOID: 16 x 3.722 us = 59.56 us
SSM_CONV_SILU SSM_CONV: 48 x 5.698 us = 273.52 us
Total time: 52355 us.
----------------
Vulkan Timings:
CONCAT: 1 x 3.96 us = 3.96 us
CONT: 1 x 3.44 us = 3.44 us
FLASH_ATTN_EXT dst(256,24,5,1),  q(256,5,24,1),  k(256,256,4,1),  v(256,256,4,1),  m(256,5,1,1): 1 x 21.28 us = 21.28 us (1478.26 GFLOPS/s)
GLU: 1 x 1.88 us = 1.88 us
MUL_MAT f32 m=256 n=120 k=256: 1 x 1.72 us = 1.72 us (9126.7 GFLOPS/s)
MUL_MAT f32 m=256 n=20 k=256: 1 x 2.92 us = 2.92 us (896 GFLOPS/s)
MUL_MAT f32 m=64 n=480 k=64: 1 x 3.36 us = 3.36 us (1161.14 GFLOPS/s)
MUL_MAT f32 m=64 n=80 k=64: 1 x 3.8 us = 3.8 us (171.116 GFLOPS/s)
MUL_MAT_ADD MUL_MAT_VEC q6_K m=5120 n=5 k=17408: 1 x 154.64 us = 154.64 us (5763.48 GFLOPS/s)
MUL_MAT_ADD MUL_MAT_VEC q6_K m=5120 n=5 k=6144: 1 x 502.04 us = 502.04 us (626.538 GFLOPS/s)
MUL_MAT_VEC q6_K m=1024 n=5 k=5120: 2 x 12.8 us = 25.6 us (4095.6 GFLOPS/s)
MUL_MAT_VEC q6_K m=12288 n=5 k=5120: 1 x 155.03 us = 155.03 us (4057.82 GFLOPS/s)
MUL_MAT_VEC q6_K m=17408 n=5 k=5120: 2 x 239.58 us = 479.16 us (3719.85 GFLOPS/s)
MUL_MAT_VEC q8_0 m=5120 n=5 k=10240: 1 x 113.04 us = 113.04 us (4637.85 GFLOPS/s)
RMS_NORM_MUL RMS_NORM(256,24,5,1): 1 x 3.44 us = 3.44 us
RMS_NORM_MUL RMS_NORM(256,4,5,1): 1 x 3.4 us = 3.4 us
RMS_NORM_MUL RMS_NORM(5120,5,1,1): 5 x 10.062 us = 50.31 us
ROPE: 2 x 3.34 us = 6.68 us
SET_ROWS: 2 x 1.82 us = 3.64 us
SIGMOID_MUL SIGMOID: 1 x 4.2 us = 4.2 us
Total time: 1543.54 us.
----------------
Vulkan Timings:
CONCAT: 1 x 1.6 us = 1.6 us
CONT: 1 x 3.52 us = 3.52 us
FLASH_ATTN_EXT dst(256,24,1,1),  q(256,1,24,1),  k(256,256,4,1),  v(256,256,4,1),  m(256,1,1,1): 1 x 15.4 us = 15.4 us (408.536 GFLOPS/s)
GET_ROWS: 2 x 5.56 us = 11.12 us
GLU: 1 x 1.8 us = 1.8 us
MUL_MAT f32 m=256 n=24 k=256: 1 x 1.6 us = 1.6 us (1962.24 GFLOPS/s)
MUL_MAT f32 m=64 n=16 k=64: 1 x 1.8 us = 1.8 us (72.2489 GFLOPS/s)
MUL_MAT f32 m=64 n=96 k=64: 1 x 3.2 us = 3.2 us (243.84 GFLOPS/s)
MUL_MAT_ADD MUL_MAT_VEC q6_K m=5120 n=1 k=17408: 1 x 130.64 us = 130.64 us (1364.46 GFLOPS/s)
MUL_MAT_ADD MUL_MAT_VEC q6_K m=5120 n=1 k=6144: 1 x 52.92 us = 52.92 us (1188.76 GFLOPS/s)
MUL_MAT_VEC f32 m=256 n=4 k=256: 1 x 3.04 us = 3.04 us (172.126 GFLOPS/s)
MUL_MAT_VEC q6_K m=1024 n=1 k=5120: 2 x 9.28 us = 18.56 us (1129.82 GFLOPS/s)
MUL_MAT_VEC q6_K m=12288 n=1 k=5120: 1 x 90.36 us = 90.36 us (1392.4 GFLOPS/s)
MUL_MAT_VEC q6_K m=17408 n=1 k=5120: 2 x 117.84 us = 235.68 us (1512.56 GFLOPS/s)
MUL_MAT_VEC q6_K m=98304 n=1 k=5120: 1 x 674.95 us = 674.95 us (1491.27 GFLOPS/s)
MUL_MAT_VEC q8_0 m=5120 n=1 k=10240: 1 x 92.92 us = 92.92 us (1128.42 GFLOPS/s)
PAD: 1 x 8.4 us = 8.4 us
RMS_NORM_MUL RMS_NORM(256,24,1,1): 1 x 3.2 us = 3.2 us
RMS_NORM_MUL RMS_NORM(256,4,1,1): 1 x 4.84 us = 4.84 us
RMS_NORM_MUL RMS_NORM(5120,1,1,1): 5 x 4.544 us = 22.72 us
ROPE: 2 x 3.32 us = 6.64 us
SET_ROWS: 2 x 1.82 us = 3.64 us
SIGMOID_MUL SIGMOID: 1 x 2.56 us = 2.56 us
TOP_K K=10 (98304,1,1,1): 1 x 6.68 us = 6.68 us
Total time: 1397.79 us.
----------------
Vulkan Timings:
CONCAT: 1 x 4.04 us = 4.04 us
CONT: 1 x 3.52 us = 3.52 us
FLASH_ATTN_EXT dst(256,24,1,1),  q(256,1,24,1),  k(256,256,4,1),  v(256,256,4,1),  m(256,1,1,1): 1 x 12.84 us = 12.84 us (489.989 GFLOPS/s)
GET_ROWS: 2 x 4.3 us = 8.6 us
GLU: 1 x 2.04 us = 2.04 us
MUL_MAT f32 m=256 n=24 k=256: 1 x 1.56 us = 1.56 us (2012.55 GFLOPS/s)
MUL_MAT f32 m=64 n=16 k=64: 1 x 1.88 us = 1.88 us (69.1745 GFLOPS/s)
MUL_MAT f32 m=64 n=96 k=64: 1 x 3.2 us = 3.2 us (243.84 GFLOPS/s)
MUL_MAT_ADD MUL_MAT_VEC q6_K m=5120 n=1 k=17408: 1 x 123.76 us = 123.76 us (1440.31 GFLOPS/s)
MUL_MAT_ADD MUL_MAT_VEC q6_K m=5120 n=1 k=6144: 1 x 54.48 us = 54.48 us (1154.73 GFLOPS/s)
MUL_MAT_VEC f32 m=256 n=4 k=256: 1 x 3.04 us = 3.04 us (172.126 GFLOPS/s)
MUL_MAT_VEC q6_K m=1024 n=1 k=5120: 2 x 6.04 us = 12.08 us (1735.88 GFLOPS/s)
MUL_MAT_VEC q6_K m=12288 n=1 k=5120: 1 x 92.88 us = 92.88 us (1354.62 GFLOPS/s)
MUL_MAT_VEC q6_K m=17408 n=1 k=5120: 2 x 120.72 us = 241.44 us (1476.48 GFLOPS/s)
MUL_MAT_VEC q6_K m=98304 n=1 k=5120: 1 x 678.25 us = 678.25 us (1484.02 GFLOPS/s)
MUL_MAT_VEC q8_0 m=5120 n=1 k=10240: 1 x 102.76 us = 102.76 us (1020.36 GFLOPS/s)
PAD: 1 x 6.48 us = 6.48 us
RMS_NORM_MUL RMS_NORM(256,24,1,1): 1 x 3.24 us = 3.24 us
RMS_NORM_MUL RMS_NORM(256,4,1,1): 1 x 4.88 us = 4.88 us
RMS_NORM_MUL RMS_NORM(5120,1,1,1): 5 x 3.944 us = 19.72 us
ROPE: 2 x 3.34 us = 6.68 us
SET_ROWS: 2 x 2.64 us = 5.28 us
SIGMOID_MUL SIGMOID: 1 x 1.76 us = 1.76 us
TOP_K K=10 (98304,1,1,1): 1 x 8.48 us = 8.48 us
Total time: 1402.89 us.
----------------
Vulkan Timings:
CONCAT: 1 x 2.12 us = 2.12 us
CONT: 1 x 4.12 us = 4.12 us
FLASH_ATTN_EXT dst(256,24,1,1),  q(256,1,24,1),  k(256,256,4,1),  v(256,256,4,1),  m(256,1,1,1): 1 x 16.36 us = 16.36 us (384.563 GFLOPS/s)
GET_ROWS: 2 x 5.24 us = 10.48 us
GLU: 1 x 2 us = 2 us
MUL_MAT f32 m=256 n=24 k=256: 1 x 2.44 us = 2.44 us (1286.71 GFLOPS/s)
MUL_MAT f32 m=64 n=16 k=64: 1 x 4.04 us = 4.04 us (32.1901 GFLOPS/s)
MUL_MAT f32 m=64 n=96 k=64: 1 x 4.08 us = 4.08 us (191.247 GFLOPS/s)
MUL_MAT_ADD MUL_MAT_VEC q6_K m=5120 n=1 k=17408: 1 x 125.64 us = 125.64 us (1418.76 GFLOPS/s)
MUL_MAT_ADD MUL_MAT_VEC q6_K m=5120 n=1 k=6144: 1 x 55.68 us = 55.68 us (1129.84 GFLOPS/s)
MUL_MAT_VEC f32 m=256 n=4 k=256: 1 x 0.84 us = 0.84 us (622.933 GFLOPS/s)
MUL_MAT_VEC q6_K m=1024 n=1 k=5120: 2 x 9.5 us = 19 us (1103.66 GFLOPS/s)
MUL_MAT_VEC q6_K m=12288 n=1 k=5120: 1 x 85.6 us = 85.6 us (1469.82 GFLOPS/s)
MUL_MAT_VEC q6_K m=17408 n=1 k=5120: 2 x 122.34 us = 244.68 us (1456.93 GFLOPS/s)
MUL_MAT_VEC q6_K m=98304 n=1 k=5120: 1 x 688.99 us = 688.99 us (1460.88 GFLOPS/s)
MUL_MAT_VEC q8_0 m=5120 n=1 k=10240: 1 x 112.31 us = 112.31 us (933.599 GFLOPS/s)
PAD: 1 x 10.2 us = 10.2 us
RMS_NORM_MUL RMS_NORM(256,24,1,1): 1 x 4.08 us = 4.08 us
RMS_NORM_MUL RMS_NORM(256,4,1,1): 1 x 4.04 us = 4.04 us
RMS_NORM_MUL RMS_NORM(5120,1,1,1): 5 x 4.672 us = 23.36 us
ROPE: 2 x 4.04 us = 8.08 us
SET_ROWS: 2 x 3.18 us = 6.36 us
SIGMOID_MUL SIGMOID: 1 x 1.92 us = 1.92 us
TOP_K K=10 (98304,1,1,1): 1 x 8.52 us = 8.52 us
Total time: 1444.94 us.
----------------
Vulkan Timings:
CONCAT: 1 x 2.76 us = 2.76 us
CONT: 1 x 5.88 us = 5.88 us
FLASH_ATTN_EXT dst(256,24,1,1),  q(256,1,24,1),  k(256,256,4,1),  v(256,256,4,1),  m(256,1,1,1): 1 x 21.04 us = 21.04 us (299.024 GFLOPS/s)
GET_ROWS: 2 x 7.08 us = 14.16 us
GLU: 1 x 2.6 us = 2.6 us
MUL_MAT f32 m=256 n=24 k=256: 1 x 2.64 us = 2.64 us (1189.24 GFLOPS/s)
MUL_MAT f32 m=64 n=16 k=64: 1 x 5.88 us = 5.88 us (22.117 GFLOPS/s)
MUL_MAT f32 m=64 n=96 k=64: 1 x 5.92 us = 5.92 us (131.805 GFLOPS/s)
MUL_MAT_ADD MUL_MAT_VEC q6_K m=5120 n=1 k=17408: 1 x 128.44 us = 128.44 us (1387.83 GFLOPS/s)
MUL_MAT_ADD MUL_MAT_VEC q6_K m=5120 n=1 k=6144: 1 x 61.92 us = 61.92 us (1015.98 GFLOPS/s)
MUL_MAT_VEC f32 m=256 n=4 k=256: 1 x 5.08 us = 5.08 us (103.005 GFLOPS/s)
MUL_MAT_VEC q6_K m=1024 n=1 k=5120: 2 x 11.02 us = 22.04 us (951.428 GFLOPS/s)
MUL_MAT_VEC q6_K m=12288 n=1 k=5120: 1 x 89.48 us = 89.48 us (1406.09 GFLOPS/s)
MUL_MAT_VEC q6_K m=17408 n=1 k=5120: 2 x 126.98 us = 253.96 us (1403.69 GFLOPS/s)
MUL_MAT_VEC q6_K m=98304 n=1 k=5120: 1 x 676.24 us = 676.24 us (1488.43 GFLOPS/s)
MUL_MAT_VEC q8_0 m=5120 n=1 k=10240: 1 x 111.92 us = 111.92 us (936.852 GFLOPS/s)
PAD: 1 x 9.2 us = 9.2 us
RMS_NORM_MUL RMS_NORM(256,24,1,1): 1 x 5.88 us = 5.88 us
RMS_NORM_MUL RMS_NORM(256,4,1,1): 1 x 5.84 us = 5.84 us
RMS_NORM_MUL RMS_NORM(5120,1,1,1): 5 x 6.48 us = 32.4 us
ROPE: 2 x 5.84 us = 11.68 us
SET_ROWS: 2 x 4.28 us = 8.56 us
SIGMOID_MUL SIGMOID: 1 x 2.64 us = 2.64 us
TOP_K K=10 (98304,1,1,1): 1 x 15.08 us = 15.08 us
Total time: 1501.24 us.
----------------
Vulkan Timings:
ADD: 48 x 3.657 us = 175.56 us
CONCAT: 48 x 2.793 us = 134.08 us
CONT: 16 x 4.442 us = 71.08 us
CPY: 240 x 2.856 us = 685.52 us
FLASH_ATTN_EXT dst(256,24,5,1),  q(256,5,24,1),  k(256,256,4,1),  v(256,256,4,1),  m(256,5,1,1): 16 x 23.742 us = 379.88 us (1324.94 GFLOPS/s)
GDN_CACHE GATED_DELTA_NET: 48 x 13.946 us = 669.44 us
GET_ROWS: 50 x 26.756 us = 1337.8 us
GLU: 64 x 3.108 us = 198.96 us
MUL_MAT f32 m=256 n=120 k=256: 16 x 2.337 us = 37.4 us (6715.69 GFLOPS/s)
MUL_MAT f32 m=256 n=20 k=256: 16 x 3.02 us = 48.32 us (866.331 GFLOPS/s)
MUL_MAT f32 m=64 n=480 k=64: 16 x 4.507 us = 72.12 us (865.544 GFLOPS/s)
MUL_MAT f32 m=64 n=80 k=64: 16 x 4.33 us = 69.28 us (150.171 GFLOPS/s)
MUL_MAT_ADD MUL_MAT_VEC q6_K m=5120 n=5 k=17408: 64 x 152.781 us = 9778.04 us (5833.57 GFLOPS/s)
MUL_MAT_ADD MUL_MAT_VEC q6_K m=5120 n=5 k=6144: 16 x 66.727 us = 1067.64 us (4713.91 GFLOPS/s)
MUL_MAT_VEC f32 m=48 n=5 k=5120: 96 x 4.931 us = 473.4 us (498.324 GFLOPS/s)
MUL_MAT_VEC q6_K m=1024 n=5 k=5120: 32 x 11.615 us = 371.68 us (4513.45 GFLOPS/s)
MUL_MAT_VEC q6_K m=10240 n=5 k=5120: 48 x 107.578 us = 5163.76 us (4873.07 GFLOPS/s)
MUL_MAT_VEC q6_K m=12288 n=5 k=5120: 16 x 134.477 us = 2151.64 us (4677.99 GFLOPS/s)
MUL_MAT_VEC q6_K m=17408 n=5 k=5120: 128 x 180.234 us = 23070 us (4944.69 GFLOPS/s)
MUL_MAT_VEC q6_K m=248320 n=5 k=5120: 1 x 1962.84 us = 1962.84 us (6476.71 GFLOPS/s)
MUL_MAT_VEC q6_K m=6144 n=5 k=5120: 48 x 71.028 us = 3409.36 us (4428.4 GFLOPS/s)
MUL_MAT_VEC q8_0 m=5120 n=5 k=6144: 48 x 65.545 us = 3146.16 us (4798.95 GFLOPS/s)
RMS_NORM_MUL RMS_NORM(256,24,5,1): 16 x 3.767 us = 60.28 us
RMS_NORM_MUL RMS_NORM(256,4,5,1): 16 x 4.01 us = 64.16 us
RMS_NORM_MUL RMS_NORM(5120,5,1,1): 129 x 5.549 us = 715.84 us
RMS_NORM_MUL_SILU_MUL RMS_NORM(128,48,5,1): 48 x 6.195 us = 297.4 us
RMS_NORM_SCALE RMS_NORM(128,16,5,1): 96 x 2.434 us = 233.68 us
ROPE: 32 x 5.127 us = 164.08 us
SET_ROWS: 32 x 3.437 us = 110 us
SIGMOID_MUL SIGMOID: 16 x 4.48 us = 71.68 us
SSM_CONV_SILU SSM_CONV: 48 x 5.772 us = 277.08 us
Total time: 56468.2 us.
----------------
Vulkan Timings:
CONCAT: 1 x 3.92 us = 3.92 us
CONT: 1 x 3.6 us = 3.6 us
FLASH_ATTN_EXT dst(256,24,5,1),  q(256,5,24,1),  k(256,256,4,1),  v(256,256,4,1),  m(256,5,1,1): 1 x 23 us = 23 us (1367.71 GFLOPS/s)
GLU: 1 x 1.48 us = 1.48 us
MUL_MAT f32 m=256 n=120 k=256: 1 x 4.56 us = 4.56 us (3442.53 GFLOPS/s)
MUL_MAT f32 m=256 n=20 k=256: 1 x 0.52 us = 0.52 us (5031.38 GFLOPS/s)
MUL_MAT f32 m=64 n=480 k=64: 1 x 3.64 us = 3.64 us (1071.82 GFLOPS/s)
MUL_MAT f32 m=64 n=80 k=64: 1 x 3.68 us = 3.68 us (176.696 GFLOPS/s)
MUL_MAT_ADD MUL_MAT_VEC q6_K m=5120 n=5 k=17408: 1 x 171.61 us = 171.61 us (5193.54 GFLOPS/s)
MUL_MAT_ADD MUL_MAT_VEC q6_K m=5120 n=5 k=6144: 1 x 69.8 us = 69.8 us (4506.41 GFLOPS/s)
MUL_MAT_VEC q6_K m=1024 n=5 k=5120: 2 x 12.28 us = 24.56 us (4269.03 GFLOPS/s)
MUL_MAT_VEC q6_K m=12288 n=5 k=5120: 1 x 148.55 us = 148.55 us (4234.83 GFLOPS/s)
MUL_MAT_VEC q6_K m=17408 n=5 k=5120: 2 x 158.06 us = 316.12 us (5638.38 GFLOPS/s)
MUL_MAT_VEC q8_0 m=5120 n=5 k=10240: 1 x 105 us = 105 us (4992.98 GFLOPS/s)
RMS_NORM_MUL RMS_NORM(256,24,5,1): 1 x 3.76 us = 3.76 us
RMS_NORM_MUL RMS_NORM(256,4,5,1): 1 x 3.6 us = 3.6 us
RMS_NORM_MUL RMS_NORM(5120,5,1,1): 5 x 8.058 us = 40.29 us
ROPE: 2 x 3.68 us = 7.36 us
SET_ROWS: 2 x 1.74 us = 3.48 us
SIGMOID_MUL SIGMOID: 1 x 1.72 us = 1.72 us
Total time: 940.25 us.
----------------
Vulkan Timings:
CONCAT: 1 x 3.8 us = 3.8 us
CONT: 1 x 3.48 us = 3.48 us
FLASH_ATTN_EXT dst(256,24,1,1),  q(256,1,24,1),  k(256,256,4,1),  v(256,256,4,1),  m(256,1,1,1): 1 x 12.4 us = 12.4 us (507.375 GFLOPS/s)
GET_ROWS: 2 x 4.32 us = 8.64 us
GLU: 1 x 1.72 us = 1.72 us
MUL_MAT f32 m=256 n=24 k=256: 1 x 2.12 us = 2.12 us (1480.94 GFLOPS/s)
MUL_MAT f32 m=64 n=16 k=64: 1 x 3.2 us = 3.2 us (40.64 GFLOPS/s)
MUL_MAT f32 m=64 n=96 k=64: 1 x 3.2 us = 3.2 us (243.84 GFLOPS/s)
MUL_MAT_ADD MUL_MAT_VEC q6_K m=5120 n=1 k=17408: 1 x 130.48 us = 130.48 us (1366.13 GFLOPS/s)
MUL_MAT_ADD MUL_MAT_VEC q6_K m=5120 n=1 k=6144: 1 x 53.96 us = 53.96 us (1165.85 GFLOPS/s)
MUL_MAT_VEC f32 m=256 n=4 k=256: 1 x 0.76 us = 0.76 us (688.505 GFLOPS/s)
MUL_MAT_VEC q6_K m=1024 n=1 k=5120: 2 x 9.28 us = 18.56 us (1129.82 GFLOPS/s)
MUL_MAT_VEC q6_K m=12288 n=1 k=5120: 1 x 90.16 us = 90.16 us (1395.48 GFLOPS/s)
MUL_MAT_VEC q6_K m=17408 n=1 k=5120: 2 x 118.4 us = 236.8 us (1505.41 GFLOPS/s)
MUL_MAT_VEC q6_K m=98304 n=1 k=5120: 1 x 694.76 us = 694.76 us (1448.75 GFLOPS/s)
MUL_MAT_VEC q8_0 m=5120 n=1 k=10240: 1 x 93.08 us = 93.08 us (1126.48 GFLOPS/s)
PAD: 1 x 9.2 us = 9.2 us
RMS_NORM_MUL RMS_NORM(256,24,1,1): 1 x 3.16 us = 3.16 us
RMS_NORM_MUL RMS_NORM(256,4,1,1): 1 x 3.64 us = 3.64 us
RMS_NORM_MUL RMS_NORM(5120,1,1,1): 5 x 4.08 us = 20.4 us
ROPE: 2 x 3.36 us = 6.72 us
SET_ROWS: 2 x 3.72 us = 7.44 us
SIGMOID_MUL SIGMOID: 1 x 1.52 us = 1.52 us
TOP_K K=10 (98304,1,1,1): 1 x 6.64 us = 6.64 us
Total time: 1415.84 us.
----------------
Vulkan Timings:
CONCAT: 1 x 4.64 us = 4.64 us
CONT: 1 x 3.64 us = 3.64 us
FLASH_ATTN_EXT dst(256,24,1,1),  q(256,1,24,1),  k(256,256,4,1),  v(256,256,4,1),  m(256,1,1,1): 1 x 12.76 us = 12.76 us (493.061 GFLOPS/s)
GET_ROWS: 2 x 22.935 us = 45.87 us
GLU: 1 x 1.92 us = 1.92 us
MUL_MAT f32 m=256 n=24 k=256: 1 x 1.68 us = 1.68 us (1868.8 GFLOPS/s)
MUL_MAT f32 m=64 n=16 k=64: 1 x 3.6 us = 3.6 us (36.1244 GFLOPS/s)
MUL_MAT f32 m=64 n=96 k=64: 1 x 3.6 us = 3.6 us (216.747 GFLOPS/s)
MUL_MAT_ADD MUL_MAT_VEC q6_K m=5120 n=1 k=17408: 1 x 123.2 us = 123.2 us (1446.86 GFLOPS/s)
MUL_MAT_ADD MUL_MAT_VEC q6_K m=5120 n=1 k=6144: 1 x 53.48 us = 53.48 us (1176.32 GFLOPS/s)
MUL_MAT_VEC f32 m=256 n=4 k=256: 1 x 3 us = 3 us (174.421 GFLOPS/s)
MUL_MAT_VEC q6_K m=1024 n=1 k=5120: 2 x 9.12 us = 18.24 us (1149.64 GFLOPS/s)
MUL_MAT_VEC q6_K m=12288 n=1 k=5120: 1 x 85.52 us = 85.52 us (1471.2 GFLOPS/s)
MUL_MAT_VEC q6_K m=17408 n=1 k=5120: 2 x 121.88 us = 243.76 us (1462.43 GFLOPS/s)
MUL_MAT_VEC q6_K m=98304 n=1 k=5120: 1 x 683.93 us = 683.93 us (1471.69 GFLOPS/s)
MUL_MAT_VEC q8_0 m=5120 n=1 k=10240: 1 x 99.96 us = 99.96 us (1048.94 GFLOPS/s)
PAD: 1 x 7.12 us = 7.12 us
RMS_NORM_MUL RMS_NORM(256,24,1,1): 1 x 3.64 us = 3.64 us
RMS_NORM_MUL RMS_NORM(256,4,1,1): 1 x 3.56 us = 3.56 us
RMS_NORM_MUL RMS_NORM(5120,1,1,1): 5 x 3.712 us = 18.56 us
ROPE: 2 x 3.62 us = 7.24 us
SET_ROWS: 2 x 2.64 us = 5.28 us
SIGMOID_MUL SIGMOID: 1 x 1.72 us = 1.72 us
TOP_K K=10 (98304,1,1,1): 1 x 8.88 us = 8.88 us
Total time: 1444.8 us.
----------------
Vulkan Timings:
CONCAT: 1 x 4 us = 4 us
CONT: 1 x 3.8 us = 3.8 us
FLASH_ATTN_EXT dst(256,24,1,1),  q(256,1,24,1),  k(256,256,4,1),  v(256,256,4,1),  m(256,1,1,1): 1 x 13.48 us = 13.48 us (466.725 GFLOPS/s)
GET_ROWS: 2 x 11.35 us = 22.7 us
GLU: 1 x 1.8 us = 1.8 us
MUL_MAT f32 m=256 n=24 k=256: 1 x 2.28 us = 2.28 us (1377.01 GFLOPS/s)
MUL_MAT f32 m=64 n=16 k=64: 1 x 3.88 us = 3.88 us (33.5175 GFLOPS/s)
MUL_MAT f32 m=64 n=96 k=64: 1 x 3.76 us = 3.76 us (207.523 GFLOPS/s)
MUL_MAT_ADD MUL_MAT_VEC q6_K m=5120 n=1 k=17408: 1 x 123.68 us = 123.68 us (1441.24 GFLOPS/s)
MUL_MAT_ADD MUL_MAT_VEC q6_K m=5120 n=1 k=6144: 1 x 55.2 us = 55.2 us (1139.66 GFLOPS/s)
MUL_MAT_VEC f32 m=256 n=4 k=256: 1 x 0.8 us = 0.8 us (654.08 GFLOPS/s)
MUL_MAT_VEC q6_K m=1024 n=1 k=5120: 2 x 9.36 us = 18.72 us (1120.16 GFLOPS/s)
MUL_MAT_VEC q6_K m=12288 n=1 k=5120: 1 x 85.6 us = 85.6 us (1469.82 GFLOPS/s)
MUL_MAT_VEC q6_K m=17408 n=1 k=5120: 2 x 121.3 us = 242.6 us (1469.42 GFLOPS/s)
MUL_MAT_VEC q6_K m=98304 n=1 k=5120: 1 x 677.88 us = 677.88 us (1484.83 GFLOPS/s)
MUL_MAT_VEC q8_0 m=5120 n=1 k=10240: 1 x 100.92 us = 100.92 us (1038.97 GFLOPS/s)
PAD: 1 x 5.2 us = 5.2 us
RMS_NORM_MUL RMS_NORM(256,24,1,1): 1 x 3.76 us = 3.76 us
RMS_NORM_MUL RMS_NORM(256,4,1,1): 1 x 3.68 us = 3.68 us
RMS_NORM_MUL RMS_NORM(5120,1,1,1): 5 x 3.832 us = 19.16 us
ROPE: 2 x 3.76 us = 7.52 us
SET_ROWS: 2 x 3.7 us = 7.4 us
SIGMOID_MUL SIGMOID: 1 x 3.28 us = 3.28 us
TOP_K K=10 (98304,1,1,1): 1 x 9.44 us = 9.44 us
Total time: 1420.54 us.
----------------
Vulkan Timings:
CONCAT: 1 x 1.84 us = 1.84 us
CONT: 1 x 4.24 us = 4.24 us
FLASH_ATTN_EXT dst(256,24,1,1),  q(256,1,24,1),  k(256,256,4,1),  v(256,256,4,1),  m(256,1,1,1): 1 x 18.84 us = 18.84 us (333.941 GFLOPS/s)
GET_ROWS: 2 x 5.32 us = 10.64 us
GLU: 1 x 1.96 us = 1.96 us
MUL_MAT f32 m=256 n=24 k=256: 1 x 1.92 us = 1.92 us (1635.2 GFLOPS/s)
MUL_MAT f32 m=64 n=16 k=64: 1 x 4.28 us = 4.28 us (30.385 GFLOPS/s)
MUL_MAT f32 m=64 n=96 k=64: 1 x 4.28 us = 4.28 us (182.31 GFLOPS/s)
MUL_MAT_ADD MUL_MAT_VEC q6_K m=5120 n=1 k=17408: 1 x 124.44 us = 124.44 us (1432.44 GFLOPS/s)
MUL_MAT_ADD MUL_MAT_VEC q6_K m=5120 n=1 k=6144: 1 x 55.28 us = 55.28 us (1138.01 GFLOPS/s)
MUL_MAT_VEC f32 m=256 n=4 k=256: 1 x 3.6 us = 3.6 us (145.351 GFLOPS/s)
MUL_MAT_VEC q6_K m=1024 n=1 k=5120: 2 x 9.64 us = 19.28 us (1087.63 GFLOPS/s)
MUL_MAT_VEC q6_K m=12288 n=1 k=5120: 1 x 86.76 us = 86.76 us (1450.17 GFLOPS/s)
MUL_MAT_VEC q6_K m=17408 n=1 k=5120: 2 x 122.7 us = 245.4 us (1452.65 GFLOPS/s)
MUL_MAT_VEC q6_K m=98304 n=1 k=5120: 1 x 1238.61 us = 1238.61 us (812.632 GFLOPS/s)
MUL_MAT_VEC q8_0 m=5120 n=1 k=10240: 1 x 103.28 us = 103.28 us (1015.23 GFLOPS/s)
PAD: 1 x 7.56 us = 7.56 us
RMS_NORM_MUL RMS_NORM(256,24,1,1): 1 x 4.28 us = 4.28 us
RMS_NORM_MUL RMS_NORM(256,4,1,1): 1 x 4.24 us = 4.24 us
RMS_NORM_MUL RMS_NORM(5120,1,1,1): 5 x 4.712 us = 23.56 us
ROPE: 2 x 4.22 us = 8.44 us
SET_ROWS: 2 x 2.1 us = 4.2 us
SIGMOID_MUL SIGMOID: 1 x 1.92 us = 1.92 us
TOP_K K=10 (98304,1,1,1): 1 x 11.56 us = 11.56 us
Total time: 1990.41 us.
----------------
Vulkan Timings:
ADD: 48 x 3.865 us = 185.52 us
CONCAT: 48 x 3.118 us = 149.68 us
CONT: 16 x 4.357 us = 69.72 us
CPY: 240 x 2.659 us = 638.36 us
FLASH_ATTN_EXT dst(256,24,5,1),  q(256,5,24,1),  k(256,256,4,1),  v(256,256,4,1),  m(256,5,1,1): 16 x 23.915 us = 382.64 us (1315.38 GFLOPS/s)
GDN_CACHE GATED_DELTA_NET: 48 x 14.059 us = 674.84 us
GET_ROWS: 50 x 26.322 us = 1316.12 us
GLU: 64 x 3.177 us = 203.36 us
MUL_MAT f32 m=256 n=120 k=256: 16 x 2.245 us = 35.92 us (6992.39 GFLOPS/s)
MUL_MAT f32 m=256 n=20 k=256: 16 x 2.797 us = 44.76 us (935.235 GFLOPS/s)
MUL_MAT f32 m=64 n=480 k=64: 16 x 4.68 us = 74.88 us (833.641 GFLOPS/s)
MUL_MAT f32 m=64 n=80 k=64: 16 x 4.16 us = 66.56 us (156.308 GFLOPS/s)
MUL_MAT_ADD MUL_MAT_VEC q6_K m=5120 n=5 k=17408: 64 x 152.427 us = 9755.37 us (5847.13 GFLOPS/s)
MUL_MAT_ADD MUL_MAT_VEC q6_K m=5120 n=5 k=6144: 16 x 66.572 us = 1065.16 us (4724.88 GFLOPS/s)
MUL_MAT_VEC f32 m=48 n=5 k=5120: 96 x 4.84 us = 464.64 us (507.719 GFLOPS/s)
MUL_MAT_VEC q6_K m=1024 n=5 k=5120: 32 x 11.685 us = 373.92 us (4486.41 GFLOPS/s)
MUL_MAT_VEC q6_K m=10240 n=5 k=5120: 48 x 106.486 us = 5111.36 us (4923.03 GFLOPS/s)
MUL_MAT_VEC q6_K m=12288 n=5 k=5120: 16 x 134.497 us = 2151.96 us (4677.29 GFLOPS/s)
MUL_MAT_VEC q6_K m=17408 n=5 k=5120: 128 x 179.722 us = 23004.5 us (4958.76 GFLOPS/s)
MUL_MAT_VEC q6_K m=248320 n=5 k=5120: 1 x 1964.48 us = 1964.48 us (6471.3 GFLOPS/s)
MUL_MAT_VEC q6_K m=6144 n=5 k=5120: 48 x 70.516 us = 3384.8 us (4460.54 GFLOPS/s)
MUL_MAT_VEC q8_0 m=5120 n=5 k=6144: 48 x 65.147 us = 3127.08 us (4828.23 GFLOPS/s)
RMS_NORM_MUL RMS_NORM(256,24,5,1): 16 x 3.437 us = 55 us
RMS_NORM_MUL RMS_NORM(256,4,5,1): 16 x 4.935 us = 78.96 us
RMS_NORM_MUL RMS_NORM(5120,5,1,1): 129 x 5.578 us = 719.6 us
RMS_NORM_MUL_SILU_MUL RMS_NORM(128,48,5,1): 48 x 6.328 us = 303.76 us
RMS_NORM_SCALE RMS_NORM(128,16,5,1): 96 x 2.534 us = 243.32 us
ROPE: 32 x 4.793 us = 153.4 us
SET_ROWS: 32 x 3.461 us = 110.76 us
SIGMOID_MUL SIGMOID: 16 x 4.24 us = 67.84 us
SSM_CONV_SILU SSM_CONV: 48 x 6.246 us = 299.84 us
Total time: 56278.1 us.
----------------
Vulkan Timings:
CONCAT: 1 x 3.96 us = 3.96 us
CONT: 1 x 3.48 us = 3.48 us
FLASH_ATTN_EXT dst(256,24,5,1),  q(256,5,24,1),  k(256,256,4,1),  v(256,256,4,1),  m(256,5,1,1): 1 x 21.96 us = 21.96 us (1432.48 GFLOPS/s)
GLU: 1 x 1.76 us = 1.76 us
MUL_MAT f32 m=256 n=120 k=256: 1 x 1.56 us = 1.56 us (10062.8 GFLOPS/s)
MUL_MAT f32 m=256 n=20 k=256: 1 x 2.92 us = 2.92 us (896 GFLOPS/s)
MUL_MAT f32 m=64 n=480 k=64: 1 x 3.32 us = 3.32 us (1175.13 GFLOPS/s)
MUL_MAT f32 m=64 n=80 k=64: 1 x 3.28 us = 3.28 us (198.244 GFLOPS/s)
MUL_MAT_ADD MUL_MAT_VEC q6_K m=5120 n=5 k=17408: 1 x 172.32 us = 172.32 us (5172.14 GFLOPS/s)
MUL_MAT_ADD MUL_MAT_VEC q6_K m=5120 n=5 k=6144: 1 x 70.4 us = 70.4 us (4468 GFLOPS/s)
MUL_MAT_VEC q6_K m=1024 n=5 k=5120: 2 x 11.46 us = 22.92 us (4574.49 GFLOPS/s)
MUL_MAT_VEC q6_K m=12288 n=5 k=5120: 1 x 147.58 us = 147.58 us (4262.67 GFLOPS/s)
MUL_MAT_VEC q6_K m=17408 n=5 k=5120: 2 x 157.98 us = 315.96 us (5641.24 GFLOPS/s)
MUL_MAT_VEC q8_0 m=5120 n=5 k=10240: 1 x 115.51 us = 115.51 us (4538.68 GFLOPS/s)
RMS_NORM_MUL RMS_NORM(256,24,5,1): 1 x 5.8 us = 5.8 us
RMS_NORM_MUL RMS_NORM(256,4,5,1): 1 x 3.4 us = 3.4 us
RMS_NORM_MUL RMS_NORM(5120,5,1,1): 5 x 11.624 us = 58.12 us
ROPE: 2 x 3.36 us = 6.72 us
SET_ROWS: 2 x 1.78 us = 3.56 us
SIGMOID_MUL SIGMOID: 1 x 1.88 us = 1.88 us
Total time: 966.41 us.
----------------
Vulkan Timings:
CONCAT: 1 x 3.68 us = 3.68 us
CONT: 1 x 3.56 us = 3.56 us
FLASH_ATTN_EXT dst(256,24,1,1),  q(256,1,24,1),  k(256,256,4,1),  v(256,256,4,1),  m(256,1,1,1): 1 x 15.36 us = 15.36 us (409.6 GFLOPS/s)
GET_ROWS: 2 x 4.3 us = 8.6 us
GLU: 1 x 1.56 us = 1.56 us
MUL_MAT f32 m=256 n=24 k=256: 1 x 2.08 us = 2.08 us (1509.42 GFLOPS/s)
MUL_MAT f32 m=64 n=16 k=64: 1 x 1.8 us = 1.8 us (72.2489 GFLOPS/s)
MUL_MAT f32 m=64 n=96 k=64: 1 x 3.2 us = 3.2 us (243.84 GFLOPS/s)
MUL_MAT_ADD MUL_MAT_VEC q6_K m=5120 n=1 k=17408: 1 x 136.2 us = 136.2 us (1308.76 GFLOPS/s)
MUL_MAT_ADD MUL_MAT_VEC q6_K m=5120 n=1 k=6144: 1 x 53.88 us = 53.88 us (1167.58 GFLOPS/s)
MUL_MAT_VEC f32 m=256 n=4 k=256: 1 x 0.76 us = 0.76 us (688.505 GFLOPS/s)
MUL_MAT_VEC q6_K m=1024 n=1 k=5120: 2 x 6.22 us = 12.44 us (1685.65 GFLOPS/s)
MUL_MAT_VEC q6_K m=12288 n=1 k=5120: 1 x 98.2 us = 98.2 us (1281.23 GFLOPS/s)
MUL_MAT_VEC q6_K m=17408 n=1 k=5120: 2 x 118.08 us = 236.16 us (1509.49 GFLOPS/s)
MUL_MAT_VEC q6_K m=98304 n=1 k=5120: 1 x 675.59 us = 675.59 us (1489.86 GFLOPS/s)
MUL_MAT_VEC q8_0 m=5120 n=1 k=10240: 1 x 92.8 us = 92.8 us (1129.88 GFLOPS/s)
PAD: 1 x 5.8 us = 5.8 us
RMS_NORM_MUL RMS_NORM(256,24,1,1): 1 x 3.2 us = 3.2 us
RMS_NORM_MUL RMS_NORM(256,4,1,1): 1 x 4.92 us = 4.92 us
RMS_NORM_MUL RMS_NORM(5120,1,1,1): 5 x 3.944 us = 19.72 us
ROPE: 2 x 3.3 us = 6.6 us
SET_ROWS: 2 x 2.92 us = 5.84 us
SIGMOID_MUL SIGMOID: 1 x 1.84 us = 1.84 us
TOP_K K=10 (98304,1,1,1): 1 x 8.4 us = 8.4 us
Total time: 1402.19 us.
----------------
Vulkan Timings:
CONCAT: 1 x 3.8 us = 3.8 us
CONT: 1 x 3.64 us = 3.64 us
FLASH_ATTN_EXT dst(256,24,1,1),  q(256,1,24,1),  k(256,256,4,1),  v(256,256,4,1),  m(256,1,1,1): 1 x 15.32 us = 15.32 us (410.669 GFLOPS/s)
GET_ROWS: 2 x 4.46 us = 8.92 us
GLU: 1 x 1.96 us = 1.96 us
MUL_MAT f32 m=256 n=24 k=256: 1 x 1.72 us = 1.72 us (1825.34 GFLOPS/s)
MUL_MAT f32 m=64 n=16 k=64: 1 x 3.64 us = 3.64 us (35.7275 GFLOPS/s)
MUL_MAT f32 m=64 n=96 k=64: 1 x 3.64 us = 3.64 us (214.365 GFLOPS/s)
MUL_MAT_ADD MUL_MAT_VEC q6_K m=5120 n=1 k=17408: 1 x 123 us = 123 us (1449.21 GFLOPS/s)
MUL_MAT_ADD MUL_MAT_VEC q6_K m=5120 n=1 k=6144: 1 x 54.04 us = 54.04 us (1164.13 GFLOPS/s)
MUL_MAT_VEC f32 m=256 n=4 k=256: 1 x 3.04 us = 3.04 us (172.126 GFLOPS/s)
MUL_MAT_VEC q6_K m=1024 n=1 k=5120: 2 x 5.96 us = 11.92 us (1759.18 GFLOPS/s)
MUL_MAT_VEC q6_K m=12288 n=1 k=5120: 1 x 93.52 us = 93.52 us (1345.35 GFLOPS/s)
MUL_MAT_VEC q6_K m=17408 n=1 k=5120: 2 x 121.5 us = 243 us (1467 GFLOPS/s)
MUL_MAT_VEC q6_K m=98304 n=1 k=5120: 1 x 675.83 us = 675.83 us (1489.33 GFLOPS/s)
MUL_MAT_VEC q8_0 m=5120 n=1 k=10240: 1 x 100.96 us = 100.96 us (1038.55 GFLOPS/s)
PAD: 1 x 8.44 us = 8.44 us
RMS_NORM_MUL RMS_NORM(256,24,1,1): 1 x 3.6 us = 3.6 us
RMS_NORM_MUL RMS_NORM(256,4,1,1): 1 x 3.6 us = 3.6 us
RMS_NORM_MUL RMS_NORM(5120,1,1,1): 5 x 3.728 us = 18.64 us
ROPE: 2 x 3.62 us = 7.24 us
SET_ROWS: 2 x 1.84 us = 3.68 us
SIGMOID_MUL SIGMOID: 1 x 1.68 us = 1.68 us
TOP_K K=10 (98304,1,1,1): 1 x 6.44 us = 6.44 us
Total time: 1401.27 us.
----------------
Vulkan Timings:
CONCAT: 1 x 4.68 us = 4.68 us
CONT: 1 x 3.64 us = 3.64 us
FLASH_ATTN_EXT dst(256,24,1,1),  q(256,1,24,1),  k(256,256,4,1),  v(256,256,4,1),  m(256,1,1,1): 1 x 15.6 us = 15.6 us (403.298 GFLOPS/s)
GET_ROWS: 2 x 4.2 us = 8.4 us
GLU: 1 x 1.96 us = 1.96 us
MUL_MAT f32 m=256 n=24 k=256: 1 x 2.28 us = 2.28 us (1377.01 GFLOPS/s)
MUL_MAT f32 m=64 n=16 k=64: 1 x 3.64 us = 3.64 us (35.7275 GFLOPS/s)
MUL_MAT f32 m=64 n=96 k=64: 1 x 3.6 us = 3.6 us (216.747 GFLOPS/s)
MUL_MAT_ADD MUL_MAT_VEC q6_K m=5120 n=1 k=17408: 1 x 123.24 us = 123.24 us (1446.39 GFLOPS/s)
MUL_MAT_ADD MUL_MAT_VEC q6_K m=5120 n=1 k=6144: 1 x 53.76 us = 53.76 us (1170.19 GFLOPS/s)
MUL_MAT_VEC f32 m=256 n=4 k=256: 1 x 0.76 us = 0.76 us (688.505 GFLOPS/s)
MUL_MAT_VEC q6_K m=1024 n=1 k=5120: 2 x 5.92 us = 11.84 us (1771.07 GFLOPS/s)
MUL_MAT_VEC q6_K m=12288 n=1 k=5120: 1 x 92.68 us = 92.68 us (1357.54 GFLOPS/s)
MUL_MAT_VEC q6_K m=17408 n=1 k=5120: 2 x 121.22 us = 242.44 us (1470.39 GFLOPS/s)
MUL_MAT_VEC q6_K m=98304 n=1 k=5120: 1 x 677.69 us = 677.69 us (1485.24 GFLOPS/s)
MUL_MAT_VEC q8_0 m=5120 n=1 k=10240: 1 x 100.36 us = 100.36 us (1044.76 GFLOPS/s)
PAD: 1 x 6.36 us = 6.36 us
RMS_NORM_MUL RMS_NORM(256,24,1,1): 1 x 3.64 us = 3.64 us
RMS_NORM_MUL RMS_NORM(256,4,1,1): 1 x 3.64 us = 3.64 us
RMS_NORM_MUL RMS_NORM(5120,1,1,1): 5 x 3.8 us = 19 us
ROPE: 2 x 3.64 us = 7.28 us
SET_ROWS: 2 x 2.86 us = 5.72 us
SIGMOID_MUL SIGMOID: 1 x 2.6 us = 2.6 us
TOP_K K=10 (98304,1,1,1): 1 x 8.68 us = 8.68 us
Total time: 1403.49 us.
----------------
Vulkan Timings:
CONCAT: 1 x 3.96 us = 3.96 us
CONT: 1 x 3.84 us = 3.84 us
FLASH_ATTN_EXT dst(256,24,1,1),  q(256,1,24,1),  k(256,256,4,1),  v(256,256,4,1),  m(256,1,1,1): 1 x 13.76 us = 13.76 us (457.228 GFLOPS/s)
GET_ROWS: 2 x 4.8 us = 9.6 us
GLU: 1 x 2.16 us = 2.16 us
MUL_MAT f32 m=256 n=24 k=256: 1 x 1.68 us = 1.68 us (1868.8 GFLOPS/s)
MUL_MAT f32 m=64 n=16 k=64: 1 x 3.8 us = 3.8 us (34.2232 GFLOPS/s)
MUL_MAT f32 m=64 n=96 k=64: 1 x 3.84 us = 3.84 us (203.2 GFLOPS/s)
MUL_MAT_ADD MUL_MAT_VEC q6_K m=5120 n=1 k=17408: 1 x 123.8 us = 123.8 us (1439.84 GFLOPS/s)
MUL_MAT_ADD MUL_MAT_VEC q6_K m=5120 n=1 k=6144: 1 x 54.56 us = 54.56 us (1153.03 GFLOPS/s)
MUL_MAT_VEC f32 m=256 n=4 k=256: 1 x 3.2 us = 3.2 us (163.52 GFLOPS/s)
MUL_MAT_VEC q6_K m=1024 n=1 k=5120: 2 x 9.26 us = 18.52 us (1132.26 GFLOPS/s)
MUL_MAT_VEC q6_K m=12288 n=1 k=5120: 1 x 86.08 us = 86.08 us (1461.63 GFLOPS/s)
MUL_MAT_VEC q6_K m=17408 n=1 k=5120: 2 x 122.08 us = 244.16 us (1460.03 GFLOPS/s)
MUL_MAT_VEC q6_K m=98304 n=1 k=5120: 1 x 674.74 us = 674.74 us (1491.74 GFLOPS/s)
MUL_MAT_VEC q8_0 m=5120 n=1 k=10240: 1 x 102.2 us = 102.2 us (1025.95 GFLOPS/s)
PAD: 1 x 6.8 us = 6.8 us
RMS_NORM_MUL RMS_NORM(256,24,1,1): 1 x 3.76 us = 3.76 us
RMS_NORM_MUL RMS_NORM(256,4,1,1): 1 x 3.8 us = 3.8 us
RMS_NORM_MUL RMS_NORM(5120,1,1,1): 5 x 3.936 us = 19.68 us
ROPE: 2 x 3.76 us = 7.52 us
SET_ROWS: 2 x 2.76 us = 5.52 us
SIGMOID_MUL SIGMOID: 1 x 1.76 us = 1.76 us
TOP_K K=10 (98304,1,1,1): 1 x 10.32 us = 10.32 us
Total time: 1409.06 us.
----------------
Vulkan Timings:
ADD: 48 x 3.762 us = 180.6 us
CONCAT: 48 x 2.926 us = 140.48 us
CONT: 16 x 4.527 us = 72.44 us
CPY: 240 x 2.65 us = 636.2 us
FLASH_ATTN_EXT dst(256,24,5,1),  q(256,5,24,1),  k(256,256,4,1),  v(256,256,4,1),  m(256,5,1,1): 16 x 23.38 us = 374.08 us (1345.48 GFLOPS/s)
GDN_CACHE GATED_DELTA_NET: 48 x 13.758 us = 660.4 us
GET_ROWS: 50 x 26.476 us = 1323.8 us
GLU: 64 x 3.353 us = 214.64 us
MUL_MAT f32 m=256 n=120 k=256: 16 x 1.97 us = 31.52 us (7968.49 GFLOPS/s)
MUL_MAT f32 m=256 n=20 k=256: 16 x 3.242 us = 51.88 us (806.884 GFLOPS/s)
MUL_MAT f32 m=64 n=480 k=64: 16 x 3.98 us = 63.68 us (980.261 GFLOPS/s)
MUL_MAT f32 m=64 n=80 k=64: 16 x 3.95 us = 63.2 us (164.618 GFLOPS/s)
MUL_MAT_ADD MUL_MAT_VEC q6_K m=5120 n=5 k=17408: 64 x 150.523 us = 9633.48 us (5921.11 GFLOPS/s)
MUL_MAT_ADD MUL_MAT_VEC q6_K m=5120 n=5 k=6144: 16 x 65.307 us = 1044.92 us (4816.4 GFLOPS/s)
MUL_MAT_VEC f32 m=48 n=5 k=5120: 96 x 4.721 us = 453.24 us (520.489 GFLOPS/s)
MUL_MAT_VEC q6_K m=1024 n=5 k=5120: 32 x 11.472 us = 367.12 us (4569.51 GFLOPS/s)
MUL_MAT_VEC q6_K m=10240 n=5 k=5120: 48 x 103.855 us = 4985.04 us (5047.78 GFLOPS/s)
MUL_MAT_VEC q6_K m=12288 n=5 k=5120: 16 x 130.997 us = 2095.96 us (4802.26 GFLOPS/s)
MUL_MAT_VEC q6_K m=17408 n=5 k=5120: 128 x 175.677 us = 22486.7 us (5072.96 GFLOPS/s)
MUL_MAT_VEC q6_K m=248320 n=5 k=5120: 1 x 1962.12 us = 1962.12 us (6479.09 GFLOPS/s)
MUL_MAT_VEC q6_K m=6144 n=5 k=5120: 48 x 69.054 us = 3314.6 us (4555.01 GFLOPS/s)
MUL_MAT_VEC q8_0 m=5120 n=5 k=6144: 48 x 64.942 us = 3117.24 us (4843.47 GFLOPS/s)
RMS_NORM_MUL RMS_NORM(256,24,5,1): 16 x 3.602 us = 57.64 us
RMS_NORM_MUL RMS_NORM(256,4,5,1): 16 x 4.907 us = 78.52 us
RMS_NORM_MUL RMS_NORM(5120,5,1,1): 129 x 5.312 us = 685.28 us
RMS_NORM_MUL_SILU_MUL RMS_NORM(128,48,5,1): 48 x 6.043 us = 290.08 us
RMS_NORM_SCALE RMS_NORM(128,16,5,1): 96 x 2.361 us = 226.72 us
ROPE: 32 x 4.58 us = 146.56 us
SET_ROWS: 32 x 3.297 us = 105.52 us
SIGMOID_MUL SIGMOID: 16 x 4.337 us = 69.4 us
SSM_CONV_SILU SSM_CONV: 48 x 6.044 us = 290.12 us
Total time: 55223.2 us.
----------------
Vulkan Timings:
CONCAT: 1 x 4 us = 4 us
CONT: 1 x 3.44 us = 3.44 us
FLASH_ATTN_EXT dst(256,24,5,1),  q(256,5,24,1),  k(256,256,4,1),  v(256,256,4,1),  m(256,5,1,1): 1 x 21.36 us = 21.36 us (1472.72 GFLOPS/s)
GLU: 1 x 1.8 us = 1.8 us
MUL_MAT f32 m=256 n=120 k=256: 1 x 1.6 us = 1.6 us (9811.2 GFLOPS/s)
MUL_MAT f32 m=256 n=20 k=256: 1 x 2.96 us = 2.96 us (883.892 GFLOPS/s)
MUL_MAT f32 m=64 n=480 k=64: 1 x 3.32 us = 3.32 us (1175.13 GFLOPS/s)
MUL_MAT f32 m=64 n=80 k=64: 1 x 3.52 us = 3.52 us (184.727 GFLOPS/s)
MUL_MAT_ADD MUL_MAT_VEC q6_K m=5120 n=5 k=17408: 1 x 172.41 us = 172.41 us (5169.44 GFLOPS/s)
MUL_MAT_ADD MUL_MAT_VEC q6_K m=5120 n=5 k=6144: 1 x 69.28 us = 69.28 us (4540.23 GFLOPS/s)
MUL_MAT_VEC q6_K m=1024 n=5 k=5120: 2 x 11.66 us = 23.32 us (4496.03 GFLOPS/s)
MUL_MAT_VEC q6_K m=12288 n=5 k=5120: 1 x 145.04 us = 145.04 us (4337.31 GFLOPS/s)
MUL_MAT_VEC q6_K m=17408 n=5 k=5120: 2 x 158.78 us = 317.56 us (5612.81 GFLOPS/s)
MUL_MAT_VEC q8_0 m=5120 n=5 k=10240: 1 x 119.55 us = 119.55 us (4385.3 GFLOPS/s)
RMS_NORM_MUL RMS_NORM(256,24,5,1): 1 x 5.8 us = 5.8 us
RMS_NORM_MUL RMS_NORM(256,4,5,1): 1 x 3.36 us = 3.36 us
RMS_NORM_MUL RMS_NORM(5120,5,1,1): 5 x 8.192 us = 40.96 us
ROPE: 2 x 3.36 us = 6.72 us
SET_ROWS: 2 x 1.82 us = 3.64 us
SIGMOID_MUL SIGMOID: 1 x 2.56 us = 2.56 us
Total time: 952.2 us.
----------------
Vulkan Timings:
CONCAT: 1 x 3.64 us = 3.64 us
CONT: 1 x 3.56 us = 3.56 us
FLASH_ATTN_EXT dst(256,24,1,1),  q(256,1,24,1),  k(256,256,4,1),  v(256,256,4,1),  m(256,1,1,1): 1 x 14.96 us = 14.96 us (420.552 GFLOPS/s)
GET_ROWS: 2 x 5.72 us = 11.44 us
GLU: 1 x 1.68 us = 1.68 us
MUL_MAT f32 m=256 n=24 k=256: 1 x 2.12 us = 2.12 us (1480.94 GFLOPS/s)
MUL_MAT f32 m=64 n=16 k=64: 1 x 1.84 us = 1.84 us (70.6783 GFLOPS/s)
MUL_MAT f32 m=64 n=96 k=64: 1 x 3.24 us = 3.24 us (240.83 GFLOPS/s)
MUL_MAT_ADD MUL_MAT_VEC q6_K m=5120 n=1 k=17408: 1 x 130.76 us = 130.76 us (1363.21 GFLOPS/s)
MUL_MAT_ADD MUL_MAT_VEC q6_K m=5120 n=1 k=6144: 1 x 54.28 us = 54.28 us (1158.98 GFLOPS/s)
MUL_MAT_VEC f32 m=256 n=4 k=256: 1 x 3.04 us = 3.04 us (172.126 GFLOPS/s)
MUL_MAT_VEC q6_K m=1024 n=1 k=5120: 2 x 6.18 us = 12.36 us (1696.56 GFLOPS/s)
MUL_MAT_VEC q6_K m=12288 n=1 k=5120: 1 x 104.56 us = 104.56 us (1203.3 GFLOPS/s)
MUL_MAT_VEC q6_K m=17408 n=1 k=5120: 2 x 117.92 us = 235.84 us (1511.54 GFLOPS/s)
MUL_MAT_VEC q6_K m=98304 n=1 k=5120: 1 x 673.28 us = 673.28 us (1494.97 GFLOPS/s)
MUL_MAT_VEC q8_0 m=5120 n=1 k=10240: 1 x 92.68 us = 92.68 us (1131.34 GFLOPS/s)
PAD: 1 x 8.52 us = 8.52 us
RMS_NORM_MUL RMS_NORM(256,24,1,1): 1 x 3.2 us = 3.2 us
RMS_NORM_MUL RMS_NORM(256,4,1,1): 1 x 4.84 us = 4.84 us
RMS_NORM_MUL RMS_NORM(5120,1,1,1): 5 x 4.168 us = 20.84 us
ROPE: 2 x 3.32 us = 6.64 us
SET_ROWS: 2 x 1.86 us = 3.72 us
SIGMOID_MUL SIGMOID: 1 x 1.8 us = 1.8 us
TOP_K K=10 (98304,1,1,1): 1 x 6.52 us = 6.52 us
Total time: 1405.36 us.
----------------
Vulkan Timings:
CONCAT: 1 x 4.8 us = 4.8 us
CONT: 1 x 3.64 us = 3.64 us
FLASH_ATTN_EXT dst(256,24,1,1),  q(256,1,24,1),  k(256,256,4,1),  v(256,256,4,1),  m(256,1,1,1): 1 x 15.12 us = 15.12 us (416.102 GFLOPS/s)
GET_ROWS: 2 x 5.9 us = 11.8 us
GLU: 1 x 1.8 us = 1.8 us
MUL_MAT f32 m=256 n=24 k=256: 1 x 1.72 us = 1.72 us (1825.34 GFLOPS/s)
MUL_MAT f32 m=64 n=16 k=64: 1 x 3.64 us = 3.64 us (35.7275 GFLOPS/s)
MUL_MAT f32 m=64 n=96 k=64: 1 x 3.6 us = 3.6 us (216.747 GFLOPS/s)
MUL_MAT_ADD MUL_MAT_VEC q6_K m=5120 n=1 k=17408: 1 x 123.76 us = 123.76 us (1440.31 GFLOPS/s)
MUL_MAT_ADD MUL_MAT_VEC q6_K m=5120 n=1 k=6144: 1 x 54.72 us = 54.72 us (1149.66 GFLOPS/s)
MUL_MAT_VEC f32 m=256 n=4 k=256: 1 x 3.04 us = 3.04 us (172.126 GFLOPS/s)
MUL_MAT_VEC q6_K m=1024 n=1 k=5120: 2 x 9.22 us = 18.44 us (1137.17 GFLOPS/s)
MUL_MAT_VEC q6_K m=12288 n=1 k=5120: 1 x 85.8 us = 85.8 us (1466.4 GFLOPS/s)
MUL_MAT_VEC q6_K m=17408 n=1 k=5120: 2 x 121.08 us = 242.16 us (1472.09 GFLOPS/s)
MUL_MAT_VEC q6_K m=98304 n=1 k=5120: 1 x 675.02 us = 675.02 us (1491.12 GFLOPS/s)
MUL_MAT_VEC q8_0 m=5120 n=1 k=10240: 1 x 99.72 us = 99.72 us (1051.47 GFLOPS/s)
PAD: 1 x 6.24 us = 6.24 us
RMS_NORM_MUL RMS_NORM(256,24,1,1): 1 x 3.6 us = 3.6 us
RMS_NORM_MUL RMS_NORM(256,4,1,1): 1 x 3.6 us = 3.6 us
RMS_NORM_MUL RMS_NORM(5120,1,1,1): 5 x 3.856 us = 19.28 us
ROPE: 2 x 3.62 us = 7.24 us
SET_ROWS: 2 x 1.82 us = 3.64 us
SIGMOID_MUL SIGMOID: 1 x 1.64 us = 1.64 us
TOP_K K=10 (98304,1,1,1): 1 x 8.64 us = 8.64 us
Total time: 1402.66 us.
----------------
Vulkan Timings:
CONCAT: 1 x 4 us = 4 us
CONT: 1 x 4.04 us = 4.04 us
FLASH_ATTN_EXT dst(256,24,1,1),  q(256,1,24,1),  k(256,256,4,1),  v(256,256,4,1),  m(256,1,1,1): 1 x 16.2 us = 16.2 us (388.361 GFLOPS/s)
GET_ROWS: 2 x 5.06 us = 10.12 us
GLU: 1 x 1.84 us = 1.84 us
MUL_MAT f32 m=256 n=24 k=256: 1 x 2.44 us = 2.44 us (1286.71 GFLOPS/s)
MUL_MAT f32 m=64 n=16 k=64: 1 x 4.04 us = 4.04 us (32.1901 GFLOPS/s)
MUL_MAT f32 m=64 n=96 k=64: 1 x 4 us = 4 us (195.072 GFLOPS/s)
MUL_MAT_ADD MUL_MAT_VEC q6_K m=5120 n=1 k=17408: 1 x 125.28 us = 125.28 us (1422.84 GFLOPS/s)
MUL_MAT_ADD MUL_MAT_VEC q6_K m=5120 n=1 k=6144: 1 x 55.64 us = 55.64 us (1130.65 GFLOPS/s)
MUL_MAT_VEC f32 m=256 n=4 k=256: 1 x 0.84 us = 0.84 us (622.933 GFLOPS/s)
MUL_MAT_VEC q6_K m=1024 n=1 k=5120: 2 x 9.42 us = 18.84 us (1113.03 GFLOPS/s)
MUL_MAT_VEC q6_K m=12288 n=1 k=5120: 1 x 85.88 us = 85.88 us (1465.03 GFLOPS/s)
MUL_MAT_VEC q6_K m=17408 n=1 k=5120: 2 x 121.86 us = 243.72 us (1462.67 GFLOPS/s)
MUL_MAT_VEC q6_K m=98304 n=1 k=5120: 1 x 673.42 us = 673.42 us (1494.66 GFLOPS/s)
MUL_MAT_VEC q8_0 m=5120 n=1 k=10240: 1 x 106.52 us = 106.52 us (984.345 GFLOPS/s)
PAD: 1 x 7.28 us = 7.28 us
RMS_NORM_MUL RMS_NORM(256,24,1,1): 1 x 4.04 us = 4.04 us
RMS_NORM_MUL RMS_NORM(256,4,1,1): 1 x 3.96 us = 3.96 us
RMS_NORM_MUL RMS_NORM(5120,1,1,1): 5 x 4.208 us = 21.04 us
ROPE: 2 x 3.98 us = 7.96 us
SET_ROWS: 2 x 3.1 us = 6.2 us
SIGMOID_MUL SIGMOID: 1 x 2.16 us = 2.16 us
TOP_K K=10 (98304,1,1,1): 1 x 10 us = 10 us
Total time: 1419.46 us.
----------------
Vulkan Timings:
CONCAT: 1 x 2 us = 2 us
CONT: 1 x 4.76 us = 4.76 us
FLASH_ATTN_EXT dst(256,24,1,1),  q(256,1,24,1),  k(256,256,4,1),  v(256,256,4,1),  m(256,1,1,1): 1 x 17.52 us = 17.52 us (359.101 GFLOPS/s)
GET_ROWS: 2 x 6 us = 12 us
GLU: 1 x 2.08 us = 2.08 us
MUL_MAT f32 m=256 n=24 k=256: 1 x 2.16 us = 2.16 us (1453.51 GFLOPS/s)
MUL_MAT f32 m=64 n=16 k=64: 1 x 4.76 us = 4.76 us (27.321 GFLOPS/s)
MUL_MAT f32 m=64 n=96 k=64: 1 x 4.72 us = 4.72 us (165.315 GFLOPS/s)
MUL_MAT_ADD MUL_MAT_VEC q6_K m=5120 n=1 k=17408: 1 x 126.76 us = 126.76 us (1406.22 GFLOPS/s)
MUL_MAT_ADD MUL_MAT_VEC q6_K m=5120 n=1 k=6144: 1 x 57.8 us = 57.8 us (1088.4 GFLOPS/s)
MUL_MAT_VEC f32 m=256 n=4 k=256: 1 x 4.08 us = 4.08 us (128.251 GFLOPS/s)
MUL_MAT_VEC q6_K m=1024 n=1 k=5120: 2 x 10.06 us = 20.12 us (1042.22 GFLOPS/s)
MUL_MAT_VEC q6_K m=12288 n=1 k=5120: 1 x 87.28 us = 87.28 us (1441.53 GFLOPS/s)
MUL_MAT_VEC q6_K m=17408 n=1 k=5120: 2 x 123.62 us = 247.24 us (1441.84 GFLOPS/s)
MUL_MAT_VEC q6_K m=98304 n=1 k=5120: 1 x 674.48 us = 674.48 us (1492.31 GFLOPS/s)
MUL_MAT_VEC q8_0 m=5120 n=1 k=10240: 1 x 104.32 us = 104.32 us (1005.1 GFLOPS/s)
PAD: 1 x 8.24 us = 8.24 us
RMS_NORM_MUL RMS_NORM(256,24,1,1): 1 x 4.72 us = 4.72 us
RMS_NORM_MUL RMS_NORM(256,4,1,1): 1 x 4.68 us = 4.68 us
RMS_NORM_MUL RMS_NORM(5120,1,1,1): 5 x 5.04 us = 25.2 us
ROPE: 2 x 4.7 us = 9.4 us
SET_ROWS: 2 x 3.44 us = 6.88 us
SIGMOID_MUL SIGMOID: 1 x 2.2 us = 2.2 us
TOP_K K=10 (98304,1,1,1): 1 x 13.16 us = 13.16 us
Total time: 1446.56 us.
----------------
Vulkan Timings:
ADD: 48 x 3.509 us = 168.44 us
CONCAT: 48 x 2.968 us = 142.48 us
CONT: 16 x 3.945 us = 63.12 us
CPY: 240 x 2.744 us = 658.56 us
FLASH_ATTN_EXT dst(256,24,5,1),  q(256,5,24,1),  k(256,256,4,1),  v(256,256,4,1),  m(256,5,1,1): 16 x 23.902 us = 382.44 us (1316.07 GFLOPS/s)
GDN_CACHE GATED_DELTA_NET: 48 x 13.994 us = 671.72 us
GET_ROWS: 50 x 26.427 us = 1321.36 us
GLU: 64 x 3.109 us = 199 us
MUL_MAT f32 m=256 n=120 k=256: 16 x 2.522 us = 40.36 us (6223.16 GFLOPS/s)
MUL_MAT f32 m=256 n=20 k=256: 16 x 2.815 us = 45.04 us (929.421 GFLOPS/s)
MUL_MAT f32 m=64 n=480 k=64: 16 x 4.597 us = 73.56 us (848.6 GFLOPS/s)
MUL_MAT f32 m=64 n=80 k=64: 16 x 4.272 us = 68.36 us (152.192 GFLOPS/s)
MUL_MAT_ADD MUL_MAT_VEC q6_K m=5120 n=5 k=17408: 64 x 151.909 us = 9722.2 us (5867.08 GFLOPS/s)
MUL_MAT_ADD MUL_MAT_VEC q6_K m=5120 n=5 k=6144: 16 x 65.802 us = 1052.84 us (4780.17 GFLOPS/s)
MUL_MAT_VEC f32 m=48 n=5 k=5120: 96 x 4.627 us = 444.2 us (531.082 GFLOPS/s)
MUL_MAT_VEC q6_K m=1024 n=5 k=5120: 32 x 11.615 us = 371.68 us (4513.45 GFLOPS/s)
MUL_MAT_VEC q6_K m=10240 n=5 k=5120: 48 x 106.385 us = 5106.48 us (4927.73 GFLOPS/s)
MUL_MAT_VEC q6_K m=12288 n=5 k=5120: 16 x 133.452 us = 2135.24 us (4713.92 GFLOPS/s)
MUL_MAT_VEC q6_K m=17408 n=5 k=5120: 128 x 179.023 us = 22915 us (4978.12 GFLOPS/s)
MUL_MAT_VEC q6_K m=248320 n=5 k=5120: 1 x 1957.48 us = 1957.48 us (6494.44 GFLOPS/s)
MUL_MAT_VEC q6_K m=6144 n=5 k=5120: 48 x 70.3 us = 3374.44 us (4474.23 GFLOPS/s)
MUL_MAT_VEC q8_0 m=5120 n=5 k=6144: 48 x 65.457 us = 3141.96 us (4805.37 GFLOPS/s)
RMS_NORM_MUL RMS_NORM(256,24,5,1): 16 x 3.43 us = 54.88 us
RMS_NORM_MUL RMS_NORM(256,4,5,1): 16 x 4.742 us = 75.88 us
RMS_NORM_MUL RMS_NORM(5120,5,1,1): 129 x 5.603 us = 722.88 us
RMS_NORM_MUL_SILU_MUL RMS_NORM(128,48,5,1): 48 x 5.965 us = 286.32 us
RMS_NORM_SCALE RMS_NORM(128,16,5,1): 96 x 2.522 us = 242.12 us
ROPE: 32 x 4.5 us = 144 us
SET_ROWS: 32 x 3.485 us = 111.52 us
SIGMOID_MUL SIGMOID: 16 x 4.427 us = 70.84 us
SSM_CONV_SILU SSM_CONV: 48 x 5.933 us = 284.8 us
Total time: 56049.2 us.
----------------
Vulkan Timings:
CONCAT: 1 x 4.32 us = 4.32 us
CONT: 1 x 3.4 us = 3.4 us
FLASH_ATTN_EXT dst(256,24,5,1),  q(256,5,24,1),  k(256,256,4,1),  v(256,256,4,1),  m(256,5,1,1): 1 x 21.04 us = 21.04 us (1495.12 GFLOPS/s)
GLU: 1 x 1.72 us = 1.72 us
MUL_MAT f32 m=256 n=120 k=256: 1 x 1.56 us = 1.56 us (10062.8 GFLOPS/s)
MUL_MAT f32 m=256 n=20 k=256: 1 x 2.88 us = 2.88 us (908.444 GFLOPS/s)
MUL_MAT f32 m=64 n=480 k=64: 1 x 3.32 us = 3.32 us (1175.13 GFLOPS/s)
MUL_MAT f32 m=64 n=80 k=64: 1 x 3.84 us = 3.84 us (169.333 GFLOPS/s)
MUL_MAT_ADD MUL_MAT_VEC q6_K m=5120 n=5 k=17408: 1 x 171.02 us = 171.02 us (5211.46 GFLOPS/s)
MUL_MAT_ADD MUL_MAT_VEC q6_K m=5120 n=5 k=6144: 1 x 70 us = 70 us (4493.53 GFLOPS/s)
MUL_MAT_VEC q6_K m=1024 n=5 k=5120: 2 x 12.58 us = 25.16 us (4167.22 GFLOPS/s)
MUL_MAT_VEC q6_K m=12288 n=5 k=5120: 1 x 144.54 us = 144.54 us (4352.32 GFLOPS/s)
MUL_MAT_VEC q6_K m=17408 n=5 k=5120: 2 x 157.44 us = 314.88 us (5660.59 GFLOPS/s)
MUL_MAT_VEC q8_0 m=5120 n=5 k=10240: 1 x 114.04 us = 114.04 us (4597.18 GFLOPS/s)
RMS_NORM_MUL RMS_NORM(256,24,5,1): 1 x 3.44 us = 3.44 us
RMS_NORM_MUL RMS_NORM(256,4,5,1): 1 x 3.36 us = 3.36 us
RMS_NORM_MUL RMS_NORM(5120,5,1,1): 5 x 7.728 us = 38.64 us
ROPE: 2 x 3.36 us = 6.72 us
SET_ROWS: 2 x 1.8 us = 3.6 us
SIGMOID_MUL SIGMOID: 1 x 1.56 us = 1.56 us
Total time: 939.04 us.
----------------
Vulkan Timings:
CONCAT: 1 x 3.64 us = 3.64 us
CONT: 1 x 3.48 us = 3.48 us
FLASH_ATTN_EXT dst(256,24,1,1),  q(256,1,24,1),  k(256,256,4,1),  v(256,256,4,1),  m(256,1,1,1): 1 x 12.4 us = 12.4 us (507.375 GFLOPS/s)
GET_ROWS: 2 x 4.34 us = 8.68 us
GLU: 1 x 1.6 us = 1.6 us
MUL_MAT f32 m=256 n=24 k=256: 1 x 2.08 us = 2.08 us (1509.42 GFLOPS/s)
MUL_MAT f32 m=64 n=16 k=64: 1 x 1.84 us = 1.84 us (70.6783 GFLOPS/s)
MUL_MAT f32 m=64 n=96 k=64: 1 x 3.16 us = 3.16 us (246.927 GFLOPS/s)
MUL_MAT_ADD MUL_MAT_VEC q6_K m=5120 n=1 k=17408: 1 x 129.4 us = 129.4 us (1377.53 GFLOPS/s)
MUL_MAT_ADD MUL_MAT_VEC q6_K m=5120 n=1 k=6144: 1 x 53.08 us = 53.08 us (1185.18 GFLOPS/s)
MUL_MAT_VEC f32 m=256 n=4 k=256: 1 x 0.76 us = 0.76 us (688.505 GFLOPS/s)
MUL_MAT_VEC q6_K m=1024 n=1 k=5120: 2 x 9.5 us = 19 us (1103.66 GFLOPS/s)
MUL_MAT_VEC q6_K m=12288 n=1 k=5120: 1 x 90.32 us = 90.32 us (1393.01 GFLOPS/s)
MUL_MAT_VEC q6_K m=17408 n=1 k=5120: 2 x 117.64 us = 235.28 us (1515.14 GFLOPS/s)
MUL_MAT_VEC q6_K m=98304 n=1 k=5120: 1 x 674.41 us = 674.41 us (1492.47 GFLOPS/s)
MUL_MAT_VEC q8_0 m=5120 n=1 k=10240: 1 x 92.84 us = 92.84 us (1129.39 GFLOPS/s)
PAD: 1 x 9.2 us = 9.2 us
RMS_NORM_MUL RMS_NORM(256,24,1,1): 1 x 3.2 us = 3.2 us
RMS_NORM_MUL RMS_NORM(256,4,1,1): 1 x 4.84 us = 4.84 us
RMS_NORM_MUL RMS_NORM(5120,1,1,1): 5 x 4.064 us = 20.32 us
ROPE: 2 x 3.38 us = 6.76 us
SET_ROWS: 2 x 3.72 us = 7.44 us
SIGMOID_MUL SIGMOID: 1 x 1.56 us = 1.56 us
TOP_K K=10 (98304,1,1,1): 1 x 6.28 us = 6.28 us
Total time: 1391.57 us.
----------------
Vulkan Timings:
CONCAT: 1 x 3.76 us = 3.76 us
CONT: 1 x 3.64 us = 3.64 us
FLASH_ATTN_EXT dst(256,24,1,1),  q(256,1,24,1),  k(256,256,4,1),  v(256,256,4,1),  m(256,1,1,1): 1 x 12.96 us = 12.96 us (485.452 GFLOPS/s)
GET_ROWS: 2 x 4.74 us = 9.48 us
GLU: 1 x 1.76 us = 1.76 us
MUL_MAT f32 m=256 n=24 k=256: 1 x 1.64 us = 1.64 us (1914.38 GFLOPS/s)
MUL_MAT f32 m=64 n=16 k=64: 1 x 3.6 us = 3.6 us (36.1244 GFLOPS/s)
MUL_MAT f32 m=64 n=96 k=64: 1 x 3.6 us = 3.6 us (216.747 GFLOPS/s)
MUL_MAT_ADD MUL_MAT_VEC q6_K m=5120 n=1 k=17408: 1 x 123.4 us = 123.4 us (1444.51 GFLOPS/s)
MUL_MAT_ADD MUL_MAT_VEC q6_K m=5120 n=1 k=6144: 1 x 54.56 us = 54.56 us (1153.03 GFLOPS/s)
MUL_MAT_VEC f32 m=256 n=4 k=256: 1 x 3 us = 3 us (174.421 GFLOPS/s)
MUL_MAT_VEC q6_K m=1024 n=1 k=5120: 2 x 9.18 us = 18.36 us (1142.13 GFLOPS/s)
MUL_MAT_VEC q6_K m=12288 n=1 k=5120: 1 x 86.2 us = 86.2 us (1459.59 GFLOPS/s)
MUL_MAT_VEC q6_K m=17408 n=1 k=5120: 2 x 120.96 us = 241.92 us (1473.55 GFLOPS/s)
MUL_MAT_VEC q6_K m=98304 n=1 k=5120: 1 x 683.69 us = 683.69 us (1472.21 GFLOPS/s)
MUL_MAT_VEC q8_0 m=5120 n=1 k=10240: 1 x 101.28 us = 101.28 us (1035.27 GFLOPS/s)
PAD: 1 x 6.28 us = 6.28 us
RMS_NORM_MUL RMS_NORM(256,24,1,1): 1 x 3.6 us = 3.6 us
RMS_NORM_MUL RMS_NORM(256,4,1,1): 1 x 3.56 us = 3.56 us
RMS_NORM_MUL RMS_NORM(5120,1,1,1): 5 x 3.704 us = 18.52 us
ROPE: 2 x 3.56 us = 7.12 us
SET_ROWS: 2 x 2.64 us = 5.28 us
SIGMOID_MUL SIGMOID: 1 x 1.96 us = 1.96 us
TOP_K K=10 (98304,1,1,1): 1 x 9.08 us = 9.08 us
Total time: 1408.25 us.
----------------
Vulkan Timings:
CONCAT: 1 x 4.16 us = 4.16 us
CONT: 1 x 3.64 us = 3.64 us
FLASH_ATTN_EXT dst(256,24,1,1),  q(256,1,24,1),  k(256,256,4,1),  v(256,256,4,1),  m(256,1,1,1): 1 x 15.24 us = 15.24 us (412.825 GFLOPS/s)
GET_ROWS: 2 x 4.46 us = 8.92 us
GLU: 1 x 1.8 us = 1.8 us
MUL_MAT f32 m=256 n=24 k=256: 1 x 1.68 us = 1.68 us (1868.8 GFLOPS/s)
MUL_MAT f32 m=64 n=16 k=64: 1 x 3.6 us = 3.6 us (36.1244 GFLOPS/s)
MUL_MAT f32 m=64 n=96 k=64: 1 x 3.56 us = 3.56 us (219.182 GFLOPS/s)
MUL_MAT_ADD MUL_MAT_VEC q6_K m=5120 n=1 k=17408: 1 x 123.68 us = 123.68 us (1441.24 GFLOPS/s)
MUL_MAT_ADD MUL_MAT_VEC q6_K m=5120 n=1 k=6144: 1 x 54.16 us = 54.16 us (1161.55 GFLOPS/s)
MUL_MAT_VEC f32 m=256 n=4 k=256: 1 x 3.04 us = 3.04 us (172.126 GFLOPS/s)
MUL_MAT_VEC q6_K m=1024 n=1 k=5120: 2 x 5.9 us = 11.8 us (1777.07 GFLOPS/s)
MUL_MAT_VEC q6_K m=12288 n=1 k=5120: 1 x 93.44 us = 93.44 us (1346.5 GFLOPS/s)
MUL_MAT_VEC q6_K m=17408 n=1 k=5120: 2 x 121.28 us = 242.56 us (1469.66 GFLOPS/s)
MUL_MAT_VEC q6_K m=98304 n=1 k=5120: 1 x 679.9 us = 679.9 us (1480.42 GFLOPS/s)
MUL_MAT_VEC q8_0 m=5120 n=1 k=10240: 1 x 101.52 us = 101.52 us (1032.83 GFLOPS/s)
PAD: 1 x 8.44 us = 8.44 us
RMS_NORM_MUL RMS_NORM(256,24,1,1): 1 x 3.56 us = 3.56 us
RMS_NORM_MUL RMS_NORM(256,4,1,1): 1 x 3.6 us = 3.6 us
RMS_NORM_MUL RMS_NORM(5120,1,1,1): 5 x 3.752 us = 18.76 us
ROPE: 2 x 3.6 us = 7.2 us
SET_ROWS: 2 x 1.8 us = 3.6 us
SIGMOID_MUL SIGMOID: 1 x 1.92 us = 1.92 us
TOP_K K=10 (98304,1,1,1): 1 x 6.6 us = 6.6 us
Total time: 1406.38 us.
----------------
Vulkan Timings:
CONCAT: 1 x 4.12 us = 4.12 us
CONT: 1 x 3.96 us = 3.96 us
FLASH_ATTN_EXT dst(256,24,1,1),  q(256,1,24,1),  k(256,256,4,1),  v(256,256,4,1),  m(256,1,1,1): 1 x 13.92 us = 13.92 us (451.972 GFLOPS/s)
GET_ROWS: 2 x 5.14 us = 10.28 us
GLU: 1 x 2.04 us = 2.04 us
MUL_MAT f32 m=256 n=24 k=256: 1 x 1.76 us = 1.76 us (1783.85 GFLOPS/s)
MUL_MAT f32 m=64 n=16 k=64: 1 x 4 us = 4 us (32.512 GFLOPS/s)
MUL_MAT f32 m=64 n=96 k=64: 1 x 3.92 us = 3.92 us (199.053 GFLOPS/s)
MUL_MAT_ADD MUL_MAT_VEC q6_K m=5120 n=1 k=17408: 1 x 124.24 us = 124.24 us (1434.75 GFLOPS/s)
MUL_MAT_ADD MUL_MAT_VEC q6_K m=5120 n=1 k=6144: 1 x 55 us = 55 us (1143.81 GFLOPS/s)
MUL_MAT_VEC f32 m=256 n=4 k=256: 1 x 3.32 us = 3.32 us (157.61 GFLOPS/s)
MUL_MAT_VEC q6_K m=1024 n=1 k=5120: 2 x 9.44 us = 18.88 us (1110.67 GFLOPS/s)
MUL_MAT_VEC q6_K m=12288 n=1 k=5120: 1 x 85.72 us = 85.72 us (1467.77 GFLOPS/s)
MUL_MAT_VEC q6_K m=17408 n=1 k=5120: 2 x 121.62 us = 243.24 us (1465.55 GFLOPS/s)
MUL_MAT_VEC q6_K m=98304 n=1 k=5120: 1 x 678.19 us = 678.19 us (1484.15 GFLOPS/s)
MUL_MAT_VEC q8_0 m=5120 n=1 k=10240: 1 x 144.07 us = 144.07 us (727.788 GFLOPS/s)
PAD: 1 x 9.4 us = 9.4 us
RMS_NORM_MUL RMS_NORM(256,24,1,1): 1 x 3.96 us = 3.96 us
RMS_NORM_MUL RMS_NORM(256,4,1,1): 1 x 3.92 us = 3.92 us
RMS_NORM_MUL RMS_NORM(5120,1,1,1): 5 x 4.184 us = 20.92 us
ROPE: 2 x 3.92 us = 7.84 us
SET_ROWS: 2 x 2.9 us = 5.8 us
SIGMOID_MUL SIGMOID: 1 x 1.84 us = 1.84 us
TOP_K K=10 (98304,1,1,1): 1 x 7.52 us = 7.52 us
Total time: 1457.86 us.
----------------
Vulkan Timings:
ADD: 48 x 3.988 us = 191.44 us
CONCAT: 48 x 3.146 us = 151.04 us
CONT: 16 x 4.285 us = 68.56 us
CPY: 240 x 2.705 us = 649.32 us
FLASH_ATTN_EXT dst(256,24,5,1),  q(256,5,24,1),  k(256,256,4,1),  v(256,256,4,1),  m(256,5,1,1): 16 x 23.79 us = 380.64 us (1322.29 GFLOPS/s)
GDN_CACHE GATED_DELTA_NET: 48 x 14.227 us = 682.92 us
GET_ROWS: 50 x 26.462 us = 1323.12 us
GLU: 64 x 2.967 us = 189.92 us
MUL_MAT f32 m=256 n=120 k=256: 16 x 2.145 us = 34.32 us (7318.38 GFLOPS/s)
MUL_MAT f32 m=256 n=20 k=256: 16 x 2.725 us = 43.6 us (960.117 GFLOPS/s)
MUL_MAT f32 m=64 n=480 k=64: 16 x 4.445 us = 71.12 us (877.714 GFLOPS/s)
MUL_MAT f32 m=64 n=80 k=64: 16 x 4.375 us = 70 us (148.626 GFLOPS/s)
MUL_MAT_ADD MUL_MAT_VEC q6_K m=5120 n=5 k=17408: 64 x 152.38 us = 9752.36 us (5848.93 GFLOPS/s)
MUL_MAT_ADD MUL_MAT_VEC q6_K m=5120 n=5 k=6144: 16 x 66.597 us = 1065.56 us (4723.11 GFLOPS/s)
MUL_MAT_VEC f32 m=48 n=5 k=5120: 96 x 4.603 us = 441.96 us (533.774 GFLOPS/s)
MUL_MAT_VEC q6_K m=1024 n=5 k=5120: 32 x 11.62 us = 371.84 us (4511.5 GFLOPS/s)
MUL_MAT_VEC q6_K m=10240 n=5 k=5120: 48 x 106.578 us = 5115.76 us (4918.79 GFLOPS/s)
MUL_MAT_VEC q6_K m=12288 n=5 k=5120: 16 x 133.28 us = 2132.48 us (4720.02 GFLOPS/s)
MUL_MAT_VEC q6_K m=17408 n=5 k=5120: 128 x 179.216 us = 22939.7 us (4972.77 GFLOPS/s)
MUL_MAT_VEC q6_K m=248320 n=5 k=5120: 1 x 1957.76 us = 1957.76 us (6493.51 GFLOPS/s)
MUL_MAT_VEC q6_K m=6144 n=5 k=5120: 48 x 70.21 us = 3370.08 us (4480.02 GFLOPS/s)
MUL_MAT_VEC q8_0 m=5120 n=5 k=6144: 48 x 65.207 us = 3129.96 us (4823.79 GFLOPS/s)
RMS_NORM_MUL RMS_NORM(256,24,5,1): 16 x 3.445 us = 55.12 us
RMS_NORM_MUL RMS_NORM(256,4,5,1): 16 x 4.69 us = 75.04 us
RMS_NORM_MUL RMS_NORM(5120,5,1,1): 129 x 5.419 us = 699.08 us
RMS_NORM_MUL_SILU_MUL RMS_NORM(128,48,5,1): 48 x 6.235 us = 299.28 us
RMS_NORM_SCALE RMS_NORM(128,16,5,1): 96 x 2.595 us = 249.12 us
ROPE: 32 x 4.747 us = 151.92 us
SET_ROWS: 32 x 3.547 us = 113.52 us
SIGMOID_MUL SIGMOID: 16 x 4.017 us = 64.28 us
SSM_CONV_SILU SSM_CONV: 48 x 5.919 us = 284.12 us
Total time: 56125 us.
----------------
Vulkan Timings:
CONCAT: 1 x 3.96 us = 3.96 us
CONT: 1 x 3.48 us = 3.48 us
FLASH_ATTN_EXT dst(256,24,5,1),  q(256,5,24,1),  k(256,256,4,1),  v(256,256,4,1),  m(256,5,1,1): 1 x 21.52 us = 21.52 us (1461.77 GFLOPS/s)
GLU: 1 x 1.52 us = 1.52 us
MUL_MAT f32 m=256 n=120 k=256: 1 x 1.52 us = 1.52 us (10327.6 GFLOPS/s)
MUL_MAT f32 m=256 n=20 k=256: 1 x 2.96 us = 2.96 us (883.892 GFLOPS/s)
MUL_MAT f32 m=64 n=480 k=64: 1 x 3.32 us = 3.32 us (1175.13 GFLOPS/s)
MUL_MAT f32 m=64 n=80 k=64: 1 x 3.28 us = 3.28 us (198.244 GFLOPS/s)
MUL_MAT_ADD MUL_MAT_VEC q6_K m=5120 n=5 k=17408: 1 x 175.7 us = 175.7 us (5072.65 GFLOPS/s)
MUL_MAT_ADD MUL_MAT_VEC q6_K m=5120 n=5 k=6144: 1 x 68.4 us = 68.4 us (4598.64 GFLOPS/s)
MUL_MAT_VEC q6_K m=1024 n=5 k=5120: 2 x 11.64 us = 23.28 us (4503.75 GFLOPS/s)
MUL_MAT_VEC q6_K m=12288 n=5 k=5120: 1 x 148.96 us = 148.96 us (4223.18 GFLOPS/s)
MUL_MAT_VEC q6_K m=17408 n=5 k=5120: 2 x 157.88 us = 315.76 us (5644.81 GFLOPS/s)
MUL_MAT_VEC q8_0 m=5120 n=5 k=10240: 1 x 116.23 us = 116.23 us (4510.56 GFLOPS/s)
RMS_NORM_MUL RMS_NORM(256,24,5,1): 1 x 5.8 us = 5.8 us
RMS_NORM_MUL RMS_NORM(256,4,5,1): 1 x 3.36 us = 3.36 us
RMS_NORM_MUL RMS_NORM(5120,5,1,1): 5 x 8.548 us = 42.74 us
ROPE: 2 x 3.34 us = 6.68 us
SET_ROWS: 2 x 1.78 us = 3.56 us
SIGMOID_MUL SIGMOID: 1 x 1.88 us = 1.88 us
Total time: 953.91 us.
----------------
Vulkan Timings:
CONCAT: 1 x 4.12 us = 4.12 us
CONT: 1 x 3.48 us = 3.48 us
FLASH_ATTN_EXT dst(256,24,1,1),  q(256,1,24,1),  k(256,256,4,1),  v(256,256,4,1),  m(256,1,1,1): 1 x 12.4 us = 12.4 us (507.375 GFLOPS/s)
GET_ROWS: 2 x 4.4 us = 8.8 us
GLU: 1 x 1.88 us = 1.88 us
MUL_MAT f32 m=256 n=24 k=256: 1 x 1.6 us = 1.6 us (1962.24 GFLOPS/s)
MUL_MAT f32 m=64 n=16 k=64: 1 x 1.8 us = 1.8 us (72.2489 GFLOPS/s)
MUL_MAT f32 m=64 n=96 k=64: 1 x 3.24 us = 3.24 us (240.83 GFLOPS/s)
MUL_MAT_ADD MUL_MAT_VEC q6_K m=5120 n=1 k=17408: 1 x 130 us = 130 us (1371.18 GFLOPS/s)
MUL_MAT_ADD MUL_MAT_VEC q6_K m=5120 n=1 k=6144: 1 x 54.24 us = 54.24 us (1159.83 GFLOPS/s)
MUL_MAT_VEC f32 m=256 n=4 k=256: 1 x 3 us = 3 us (174.421 GFLOPS/s)
MUL_MAT_VEC q6_K m=1024 n=1 k=5120: 2 x 8.42 us = 16.84 us (1245.22 GFLOPS/s)
MUL_MAT_VEC q6_K m=12288 n=1 k=5120: 1 x 89.68 us = 89.68 us (1402.95 GFLOPS/s)
MUL_MAT_VEC q6_K m=17408 n=1 k=5120: 2 x 117.88 us = 235.76 us (1512.05 GFLOPS/s)
MUL_MAT_VEC q6_K m=98304 n=1 k=5120: 1 x 674.97 us = 674.97 us (1491.23 GFLOPS/s)
MUL_MAT_VEC q8_0 m=5120 n=1 k=10240: 1 x 91.68 us = 91.68 us (1143.68 GFLOPS/s)
PAD: 1 x 6.44 us = 6.44 us
RMS_NORM_MUL RMS_NORM(256,24,1,1): 1 x 5.76 us = 5.76 us
RMS_NORM_MUL RMS_NORM(256,4,1,1): 1 x 4.92 us = 4.92 us
RMS_NORM_MUL RMS_NORM(5120,1,1,1): 5 x 4.408 us = 22.04 us
ROPE: 2 x 3.32 us = 6.64 us
SET_ROWS: 2 x 2.9 us = 5.8 us
SIGMOID_MUL SIGMOID: 1 x 1.8 us = 1.8 us
TOP_K K=10 (98304,1,1,1): 1 x 8.64 us = 8.64 us
Total time: 1395.53 us.
----------------
Vulkan Timings:
CONCAT: 1 x 4.28 us = 4.28 us
CONT: 1 x 4.04 us = 4.04 us
FLASH_ATTN_EXT dst(256,24,1,1),  q(256,1,24,1),  k(256,256,4,1),  v(256,256,4,1),  m(256,1,1,1): 1 x 17.8 us = 17.8 us (353.453 GFLOPS/s)
GET_ROWS: 2 x 5.26 us = 10.52 us
GLU: 1 x 1.92 us = 1.92 us
MUL_MAT f32 m=256 n=24 k=256: 1 x 2.52 us = 2.52 us (1245.87 GFLOPS/s)
MUL_MAT f32 m=64 n=16 k=64: 1 x 3.92 us = 3.92 us (33.1755 GFLOPS/s)
MUL_MAT f32 m=64 n=96 k=64: 1 x 4.08 us = 4.08 us (191.247 GFLOPS/s)
MUL_MAT_ADD MUL_MAT_VEC q6_K m=5120 n=1 k=17408: 1 x 123.88 us = 123.88 us (1438.92 GFLOPS/s)
MUL_MAT_ADD MUL_MAT_VEC q6_K m=5120 n=1 k=6144: 1 x 55.32 us = 55.32 us (1137.19 GFLOPS/s)
MUL_MAT_VEC f32 m=256 n=4 k=256: 1 x 0.88 us = 0.88 us (594.618 GFLOPS/s)
MUL_MAT_VEC q6_K m=1024 n=1 k=5120: 2 x 9.64 us = 19.28 us (1087.63 GFLOPS/s)
MUL_MAT_VEC q6_K m=12288 n=1 k=5120: 1 x 85.8 us = 85.8 us (1466.4 GFLOPS/s)
MUL_MAT_VEC q6_K m=17408 n=1 k=5120: 2 x 122.48 us = 244.96 us (1455.26 GFLOPS/s)
MUL_MAT_VEC q6_K m=98304 n=1 k=5120: 1 x 676.96 us = 676.96 us (1486.85 GFLOPS/s)
MUL_MAT_VEC q8_0 m=5120 n=1 k=10240: 1 x 107.04 us = 107.04 us (979.564 GFLOPS/s)
PAD: 1 x 7.16 us = 7.16 us
RMS_NORM_MUL RMS_NORM(256,24,1,1): 1 x 3.8 us = 3.8 us
RMS_NORM_MUL RMS_NORM(256,4,1,1): 1 x 3.88 us = 3.88 us
RMS_NORM_MUL RMS_NORM(5120,1,1,1): 5 x 4.216 us = 21.08 us
ROPE: 2 x 4.22 us = 8.44 us
SET_ROWS: 2 x 3.32 us = 6.64 us
SIGMOID_MUL SIGMOID: 1 x 2.96 us = 2.96 us
TOP_K K=10 (98304,1,1,1): 1 x 10.76 us = 10.76 us
Total time: 1427.92 us.
----------------
Vulkan Timings:
CONCAT: 1 x 3.28 us = 3.28 us
CONT: 1 x 4.92 us = 4.92 us
FLASH_ATTN_EXT dst(256,24,1,1),  q(256,1,24,1),  k(256,256,4,1),  v(256,256,4,1),  m(256,1,1,1): 1 x 17.8 us = 17.8 us (353.453 GFLOPS/s)
GET_ROWS: 2 x 6.36 us = 12.72 us
GLU: 1 x 2.28 us = 2.28 us
MUL_MAT f32 m=256 n=24 k=256: 1 x 2.16 us = 2.16 us (1453.51 GFLOPS/s)
MUL_MAT f32 m=64 n=16 k=64: 1 x 4.96 us = 4.96 us (26.2194 GFLOPS/s)
MUL_MAT f32 m=64 n=96 k=64: 1 x 4.92 us = 4.92 us (158.595 GFLOPS/s)
MUL_MAT_ADD MUL_MAT_VEC q6_K m=5120 n=1 k=17408: 1 x 126.6 us = 126.6 us (1408 GFLOPS/s)
MUL_MAT_ADD MUL_MAT_VEC q6_K m=5120 n=1 k=6144: 1 x 57.48 us = 57.48 us (1094.46 GFLOPS/s)
MUL_MAT_VEC f32 m=256 n=4 k=256: 1 x 4.2 us = 4.2 us (124.587 GFLOPS/s)
MUL_MAT_VEC q6_K m=1024 n=1 k=5120: 2 x 10.36 us = 20.72 us (1012.04 GFLOPS/s)
MUL_MAT_VEC q6_K m=12288 n=1 k=5120: 1 x 88.16 us = 88.16 us (1427.14 GFLOPS/s)
MUL_MAT_VEC q6_K m=17408 n=1 k=5120: 2 x 124.18 us = 248.36 us (1435.34 GFLOPS/s)
MUL_MAT_VEC q6_K m=98304 n=1 k=5120: 1 x 678.74 us = 678.74 us (1482.95 GFLOPS/s)
MUL_MAT_VEC q8_0 m=5120 n=1 k=10240: 1 x 105.56 us = 105.56 us (993.297 GFLOPS/s)
PAD: 1 x 8.92 us = 8.92 us
RMS_NORM_MUL RMS_NORM(256,24,1,1): 1 x 4.92 us = 4.92 us
RMS_NORM_MUL RMS_NORM(256,4,1,1): 1 x 4.92 us = 4.92 us
RMS_NORM_MUL RMS_NORM(5120,1,1,1): 5 x 5.176 us = 25.88 us
ROPE: 2 x 4.88 us = 9.76 us
SET_ROWS: 2 x 3.58 us = 7.16 us
SIGMOID_MUL SIGMOID: 1 x 2.28 us = 2.28 us
TOP_K K=10 (98304,1,1,1): 1 x 14.04 us = 14.04 us
Total time: 1460.74 us.
----------------
Vulkan Timings:
CONCAT: 1 x 2.72 us = 2.72 us
CONT: 1 x 5.88 us = 5.88 us
FLASH_ATTN_EXT dst(256,24,1,1),  q(256,1,24,1),  k(256,256,4,1),  v(256,256,4,1),  m(256,1,1,1): 1 x 21.2 us = 21.2 us (296.767 GFLOPS/s)
GET_ROWS: 2 x 7.02 us = 14.04 us
GLU: 1 x 2.64 us = 2.64 us
MUL_MAT f32 m=256 n=24 k=256: 1 x 2.64 us = 2.64 us (1189.24 GFLOPS/s)
MUL_MAT f32 m=64 n=16 k=64: 1 x 5.88 us = 5.88 us (22.117 GFLOPS/s)
MUL_MAT f32 m=64 n=96 k=64: 1 x 5.88 us = 5.88 us (132.702 GFLOPS/s)
MUL_MAT_ADD MUL_MAT_VEC q6_K m=5120 n=1 k=17408: 1 x 128.96 us = 128.96 us (1382.23 GFLOPS/s)
MUL_MAT_ADD MUL_MAT_VEC q6_K m=5120 n=1 k=6144: 1 x 62.24 us = 62.24 us (1010.76 GFLOPS/s)
MUL_MAT_VEC f32 m=256 n=4 k=256: 1 x 5.04 us = 5.04 us (103.822 GFLOPS/s)
MUL_MAT_VEC q6_K m=1024 n=1 k=5120: 2 x 11.02 us = 22.04 us (951.428 GFLOPS/s)
MUL_MAT_VEC q6_K m=12288 n=1 k=5120: 1 x 88.96 us = 88.96 us (1414.31 GFLOPS/s)
MUL_MAT_VEC q6_K m=17408 n=1 k=5120: 2 x 126.76 us = 253.52 us (1406.13 GFLOPS/s)
MUL_MAT_VEC q6_K m=98304 n=1 k=5120: 1 x 678.4 us = 678.4 us (1483.69 GFLOPS/s)
MUL_MAT_VEC q8_0 m=5120 n=1 k=10240: 1 x 111.56 us = 111.56 us (939.875 GFLOPS/s)
PAD: 1 x 10.6 us = 10.6 us
RMS_NORM_MUL RMS_NORM(256,24,1,1): 1 x 5.88 us = 5.88 us
RMS_NORM_MUL RMS_NORM(256,4,1,1): 1 x 5.88 us = 5.88 us
RMS_NORM_MUL RMS_NORM(5120,1,1,1): 5 x 6.544 us = 32.72 us
ROPE: 2 x 5.82 us = 11.64 us
SET_ROWS: 2 x 4.26 us = 8.52 us
SIGMOID_MUL SIGMOID: 1 x 2.64 us = 2.64 us
TOP_K K=10 (98304,1,1,1): 1 x 15.16 us = 15.16 us
Total time: 1504.64 us.
----------------
Vulkan Timings:
ADD: 48 x 3.833 us = 184 us
CONCAT: 48 x 2.682 us = 128.76 us
CONT: 16 x 4.17 us = 66.72 us
CPY: 240 x 2.794 us = 670.64 us
FLASH_ATTN_EXT dst(256,24,5,1),  q(256,5,24,1),  k(256,256,4,1),  v(256,256,4,1),  m(256,5,1,1): 16 x 23.575 us = 377.2 us (1334.35 GFLOPS/s)
GDN_CACHE GATED_DELTA_NET: 48 x 14.095 us = 676.6 us
GET_ROWS: 50 x 26.393 us = 1319.68 us
GLU: 64 x 3.028 us = 193.84 us
MUL_MAT f32 m=256 n=120 k=256: 16 x 1.975 us = 31.6 us (7948.31 GFLOPS/s)
MUL_MAT f32 m=256 n=20 k=256: 16 x 3.467 us = 55.48 us (754.526 GFLOPS/s)
MUL_MAT f32 m=64 n=480 k=64: 16 x 4.63 us = 74.08 us (842.644 GFLOPS/s)
MUL_MAT f32 m=64 n=80 k=64: 16 x 3.89 us = 62.24 us (167.157 GFLOPS/s)
MUL_MAT_ADD MUL_MAT_VEC q6_K m=5120 n=5 k=17408: 64 x 152.216 us = 9741.84 us (5855.25 GFLOPS/s)
MUL_MAT_ADD MUL_MAT_VEC q6_K m=5120 n=5 k=6144: 16 x 66.555 us = 1064.88 us (4726.12 GFLOPS/s)
MUL_MAT_VEC f32 m=48 n=5 k=5120: 96 x 4.606 us = 442.2 us (533.484 GFLOPS/s)
MUL_MAT_VEC q6_K m=1024 n=5 k=5120: 32 x 11.691 us = 374.12 us (4484.01 GFLOPS/s)
MUL_MAT_VEC q6_K m=10240 n=5 k=5120: 48 x 106.328 us = 5103.76 us (4930.36 GFLOPS/s)
MUL_MAT_VEC q6_K m=12288 n=5 k=5120: 16 x 133.287 us = 2132.6 us (4719.75 GFLOPS/s)
MUL_MAT_VEC q6_K m=17408 n=5 k=5120: 128 x 179.093 us = 22924 us (4976.18 GFLOPS/s)
MUL_MAT_VEC q6_K m=248320 n=5 k=5120: 1 x 1961.64 us = 1961.64 us (6480.67 GFLOPS/s)
MUL_MAT_VEC q6_K m=6144 n=5 k=5120: 48 x 70.51 us = 3384.48 us (4460.96 GFLOPS/s)
MUL_MAT_VEC q8_0 m=5120 n=5 k=6144: 48 x 65.31 us = 3134.92 us (4816.16 GFLOPS/s)
RMS_NORM_MUL RMS_NORM(256,24,5,1): 16 x 4.027 us = 64.44 us
RMS_NORM_MUL RMS_NORM(256,4,5,1): 16 x 4.892 us = 78.28 us
RMS_NORM_MUL RMS_NORM(5120,5,1,1): 129 x 5.623 us = 725.44 us
RMS_NORM_MUL_SILU_MUL RMS_NORM(128,48,5,1): 48 x 6.122 us = 293.88 us
RMS_NORM_SCALE RMS_NORM(128,16,5,1): 96 x 2.531 us = 243.04 us
ROPE: 32 x 4.51 us = 144.32 us
SET_ROWS: 32 x 3.317 us = 106.16 us
SIGMOID_MUL SIGMOID: 16 x 4.23 us = 67.68 us
SSM_CONV_SILU SSM_CONV: 48 x 6.019 us = 288.92 us
Total time: 56117.4 us.
----------------
Vulkan Timings:
CONCAT: 1 x 4 us = 4 us
CONT: 1 x 3.44 us = 3.44 us
FLASH_ATTN_EXT dst(256,24,5,1),  q(256,5,24,1),  k(256,256,4,1),  v(256,256,4,1),  m(256,5,1,1): 1 x 21.92 us = 21.92 us (1435.09 GFLOPS/s)
GLU: 1 x 1.44 us = 1.44 us
MUL_MAT f32 m=256 n=120 k=256: 1 x 2.04 us = 2.04 us (7695.06 GFLOPS/s)
MUL_MAT f32 m=256 n=20 k=256: 1 x 0.76 us = 0.76 us (3442.53 GFLOPS/s)
MUL_MAT f32 m=64 n=480 k=64: 1 x 3.28 us = 3.28 us (1189.46 GFLOPS/s)
MUL_MAT f32 m=64 n=80 k=64: 1 x 3.32 us = 3.32 us (195.855 GFLOPS/s)
MUL_MAT_ADD MUL_MAT_VEC q6_K m=5120 n=5 k=17408: 1 x 176.25 us = 176.25 us (5056.82 GFLOPS/s)
MUL_MAT_ADD MUL_MAT_VEC q6_K m=5120 n=5 k=6144: 1 x 69.12 us = 69.12 us (4550.74 GFLOPS/s)
MUL_MAT_VEC q6_K m=1024 n=5 k=5120: 2 x 12.48 us = 24.96 us (4200.62 GFLOPS/s)
MUL_MAT_VEC q6_K m=12288 n=5 k=5120: 1 x 153.94 us = 153.94 us (4086.55 GFLOPS/s)
MUL_MAT_VEC q6_K m=17408 n=5 k=5120: 2 x 158.04 us = 316.08 us (5639.09 GFLOPS/s)
MUL_MAT_VEC q8_0 m=5120 n=5 k=10240: 1 x 115.34 us = 115.34 us (4545.37 GFLOPS/s)
RMS_NORM_MUL RMS_NORM(256,24,5,1): 1 x 3.4 us = 3.4 us
RMS_NORM_MUL RMS_NORM(256,4,5,1): 1 x 3.4 us = 3.4 us
RMS_NORM_MUL RMS_NORM(5120,5,1,1): 5 x 9.058 us = 45.29 us
ROPE: 2 x 3.4 us = 6.8 us
SET_ROWS: 2 x 2.84 us = 5.68 us
SIGMOID_MUL SIGMOID: 1 x 2.52 us = 2.52 us
Total time: 962.98 us.
----------------
Vulkan Timings:
CONCAT: 1 x 3.72 us = 3.72 us
CONT: 1 x 3.44 us = 3.44 us
FLASH_ATTN_EXT dst(256,24,1,1),  q(256,1,24,1),  k(256,256,4,1),  v(256,256,4,1),  m(256,1,1,1): 1 x 15.32 us = 15.32 us (410.669 GFLOPS/s)
GET_ROWS: 2 x 5.9 us = 11.8 us
GLU: 1 x 1.84 us = 1.84 us
MUL_MAT f32 m=256 n=24 k=256: 1 x 1.52 us = 1.52 us (2065.52 GFLOPS/s)
MUL_MAT f32 m=64 n=16 k=64: 1 x 1.84 us = 1.84 us (70.6783 GFLOPS/s)
MUL_MAT f32 m=64 n=96 k=64: 1 x 3.2 us = 3.2 us (243.84 GFLOPS/s)
MUL_MAT_ADD MUL_MAT_VEC q6_K m=5120 n=1 k=17408: 1 x 131.08 us = 131.08 us (1359.88 GFLOPS/s)
MUL_MAT_ADD MUL_MAT_VEC q6_K m=5120 n=1 k=6144: 1 x 53.56 us = 53.56 us (1174.56 GFLOPS/s)
MUL_MAT_VEC f32 m=256 n=4 k=256: 1 x 3 us = 3 us (174.421 GFLOPS/s)
MUL_MAT_VEC q6_K m=1024 n=1 k=5120: 2 x 9.5 us = 19 us (1103.66 GFLOPS/s)
MUL_MAT_VEC q6_K m=12288 n=1 k=5120: 1 x 93.48 us = 93.48 us (1345.92 GFLOPS/s)
MUL_MAT_VEC q6_K m=17408 n=1 k=5120: 2 x 117.72 us = 235.44 us (1514.11 GFLOPS/s)
MUL_MAT_VEC q6_K m=98304 n=1 k=5120: 1 x 680.56 us = 680.56 us (1478.98 GFLOPS/s)
MUL_MAT_VEC q8_0 m=5120 n=1 k=10240: 1 x 92.64 us = 92.64 us (1131.83 GFLOPS/s)
PAD: 1 x 6.32 us = 6.32 us
RMS_NORM_MUL RMS_NORM(256,24,1,1): 1 x 3.2 us = 3.2 us
RMS_NORM_MUL RMS_NORM(256,4,1,1): 1 x 4.8 us = 4.8 us
RMS_NORM_MUL RMS_NORM(5120,1,1,1): 5 x 4.032 us = 20.16 us
ROPE: 2 x 3.32 us = 6.64 us
SET_ROWS: 2 x 1.8 us = 3.6 us
SIGMOID_MUL SIGMOID: 1 x 1.72 us = 1.72 us
TOP_K K=10 (98304,1,1,1): 1 x 9.48 us = 9.48 us
Total time: 1407.36 us.
----------------
Vulkan Timings:
CONCAT: 1 x 3.96 us = 3.96 us
CONT: 1 x 3.6 us = 3.6 us
FLASH_ATTN_EXT dst(256,24,1,1),  q(256,1,24,1),  k(256,256,4,1),  v(256,256,4,1),  m(256,1,1,1): 1 x 12.76 us = 12.76 us (493.061 GFLOPS/s)
GET_ROWS: 2 x 4.44 us = 8.88 us
GLU: 1 x 1.96 us = 1.96 us
MUL_MAT f32 m=256 n=24 k=256: 1 x 1.64 us = 1.64 us (1914.38 GFLOPS/s)
MUL_MAT f32 m=64 n=16 k=64: 1 x 3.64 us = 3.64 us (35.7275 GFLOPS/s)
MUL_MAT f32 m=64 n=96 k=64: 1 x 3.6 us = 3.6 us (216.747 GFLOPS/s)
MUL_MAT_ADD MUL_MAT_VEC q6_K m=5120 n=1 k=17408: 1 x 123.6 us = 123.6 us (1442.17 GFLOPS/s)
MUL_MAT_ADD MUL_MAT_VEC q6_K m=5120 n=1 k=6144: 1 x 53.72 us = 53.72 us (1171.06 GFLOPS/s)
MUL_MAT_VEC f32 m=256 n=4 k=256: 1 x 3.04 us = 3.04 us (172.126 GFLOPS/s)
MUL_MAT_VEC q6_K m=1024 n=1 k=5120: 2 x 9.18 us = 18.36 us (1142.13 GFLOPS/s)
MUL_MAT_VEC q6_K m=12288 n=1 k=5120: 1 x 86.4 us = 86.4 us (1456.21 GFLOPS/s)
MUL_MAT_VEC q6_K m=17408 n=1 k=5120: 2 x 121.06 us = 242.12 us (1472.33 GFLOPS/s)
MUL_MAT_VEC q6_K m=98304 n=1 k=5120: 1 x 680.1 us = 680.1 us (1479.98 GFLOPS/s)
MUL_MAT_VEC q8_0 m=5120 n=1 k=10240: 1 x 101.6 us = 101.6 us (1032.01 GFLOPS/s)
PAD: 1 x 6.48 us = 6.48 us
RMS_NORM_MUL RMS_NORM(256,24,1,1): 1 x 3.64 us = 3.64 us
RMS_NORM_MUL RMS_NORM(256,4,1,1): 1 x 3.6 us = 3.6 us
RMS_NORM_MUL RMS_NORM(5120,1,1,1): 5 x 3.752 us = 18.76 us
ROPE: 2 x 3.58 us = 7.16 us
SET_ROWS: 2 x 2.68 us = 5.36 us
SIGMOID_MUL SIGMOID: 1 x 1.96 us = 1.96 us
TOP_K K=10 (98304,1,1,1): 1 x 8.8 us = 8.8 us
Total time: 1404.74 us.
----------------
Vulkan Timings:
CONCAT: 1 x 4.2 us = 4.2 us
CONT: 1 x 4.04 us = 4.04 us
FLASH_ATTN_EXT dst(256,24,1,1),  q(256,1,24,1),  k(256,256,4,1),  v(256,256,4,1),  m(256,1,1,1): 1 x 14.12 us = 14.12 us (445.571 GFLOPS/s)
GET_ROWS: 2 x 5.2 us = 10.4 us
GLU: 1 x 2.28 us = 2.28 us
MUL_MAT f32 m=256 n=24 k=256: 1 x 1.76 us = 1.76 us (1783.85 GFLOPS/s)
MUL_MAT f32 m=64 n=16 k=64: 1 x 3.96 us = 3.96 us (32.8404 GFLOPS/s)
MUL_MAT f32 m=64 n=96 k=64: 1 x 4.04 us = 4.04 us (193.141 GFLOPS/s)
MUL_MAT_ADD MUL_MAT_VEC q6_K m=5120 n=1 k=17408: 1 x 122.96 us = 122.96 us (1449.68 GFLOPS/s)
MUL_MAT_ADD MUL_MAT_VEC q6_K m=5120 n=1 k=6144: 1 x 55.32 us = 55.32 us (1137.19 GFLOPS/s)
MUL_MAT_VEC f32 m=256 n=4 k=256: 1 x 3.4 us = 3.4 us (153.901 GFLOPS/s)
MUL_MAT_VEC q6_K m=1024 n=1 k=5120: 2 x 9.48 us = 18.96 us (1105.98 GFLOPS/s)
MUL_MAT_VEC q6_K m=12288 n=1 k=5120: 1 x 86.52 us = 86.52 us (1454.19 GFLOPS/s)
MUL_MAT_VEC q6_K m=17408 n=1 k=5120: 2 x 122.08 us = 244.16 us (1460.03 GFLOPS/s)
MUL_MAT_VEC q6_K m=98304 n=1 k=5120: 1 x 682.31 us = 682.31 us (1475.19 GFLOPS/s)
MUL_MAT_VEC q8_0 m=5120 n=1 k=10240: 1 x 102.04 us = 102.04 us (1027.56 GFLOPS/s)
PAD: 1 x 7.12 us = 7.12 us
RMS_NORM_MUL RMS_NORM(256,24,1,1): 1 x 3.96 us = 3.96 us
RMS_NORM_MUL RMS_NORM(256,4,1,1): 1 x 3.96 us = 3.96 us
RMS_NORM_MUL RMS_NORM(5120,1,1,1): 5 x 4.08 us = 20.4 us
ROPE: 2 x 3.94 us = 7.88 us
SET_ROWS: 2 x 2.96 us = 5.92 us
SIGMOID_MUL SIGMOID: 1 x 1.84 us = 1.84 us
TOP_K K=10 (98304,1,1,1): 1 x 10.92 us = 10.92 us
Total time: 1422.47 us.
----------------
Vulkan Timings:
CONCAT: 1 x 4.96 us = 4.96 us
CONT: 1 x 4.72 us = 4.72 us
FLASH_ATTN_EXT dst(256,24,1,1),  q(256,1,24,1),  k(256,256,4,1),  v(256,256,4,1),  m(256,1,1,1): 1 x 20.88 us = 20.88 us (301.315 GFLOPS/s)
GET_ROWS: 2 x 9.16 us = 18.32 us
GLU: 1 x 2.32 us = 2.32 us
MUL_MAT f32 m=256 n=24 k=256: 1 x 2.92 us = 2.92 us (1075.2 GFLOPS/s)
MUL_MAT f32 m=64 n=16 k=64: 1 x 4.8 us = 4.8 us (27.0933 GFLOPS/s)
MUL_MAT f32 m=64 n=96 k=64: 1 x 4.72 us = 4.72 us (165.315 GFLOPS/s)
MUL_MAT_ADD MUL_MAT_VEC q6_K m=5120 n=1 k=17408: 1 x 127.8 us = 127.8 us (1394.78 GFLOPS/s)
MUL_MAT_ADD MUL_MAT_VEC q6_K m=5120 n=1 k=6144: 1 x 57.12 us = 57.12 us (1101.36 GFLOPS/s)
MUL_MAT_VEC f32 m=256 n=4 k=256: 1 x 1 us = 1 us (523.264 GFLOPS/s)
MUL_MAT_VEC q6_K m=1024 n=1 k=5120: 2 x 10.14 us = 20.28 us (1034 GFLOPS/s)
MUL_MAT_VEC q6_K m=12288 n=1 k=5120: 1 x 86.52 us = 86.52 us (1454.19 GFLOPS/s)
MUL_MAT_VEC q6_K m=17408 n=1 k=5120: 2 x 123.98 us = 247.96 us (1437.66 GFLOPS/s)
MUL_MAT_VEC q6_K m=98304 n=1 k=5120: 1 x 686.58 us = 686.58 us (1466.01 GFLOPS/s)
MUL_MAT_VEC q8_0 m=5120 n=1 k=10240: 1 x 107.16 us = 107.16 us (978.467 GFLOPS/s)
PAD: 1 x 7.2 us = 7.2 us
RMS_NORM_MUL RMS_NORM(256,24,1,1): 1 x 4.8 us = 4.8 us
RMS_NORM_MUL RMS_NORM(256,4,1,1): 1 x 4.72 us = 4.72 us
RMS_NORM_MUL RMS_NORM(5120,1,1,1): 5 x 4.92 us = 24.6 us
ROPE: 2 x 4.72 us = 9.44 us
SET_ROWS: 2 x 3.6 us = 7.2 us
SIGMOID_MUL SIGMOID: 1 x 2.16 us = 2.16 us
TOP_K K=10 (98304,1,1,1): 1 x 14.8 us = 14.8 us
Total time: 1472.98 us.
----------------
Vulkan Timings:
ADD: 48 x 3.87 us = 185.8 us
CONCAT: 48 x 2.905 us = 139.44 us
CONT: 16 x 4.362 us = 69.8 us
CPY: 240 x 2.725 us = 654 us
FLASH_ATTN_EXT dst(256,24,5,1),  q(256,5,24,1),  k(256,256,4,1),  v(256,256,4,1),  m(256,5,1,1): 16 x 23.787 us = 380.6 us (1322.43 GFLOPS/s)
GDN_CACHE GATED_DELTA_NET: 48 x 14.3 us = 686.4 us
GET_ROWS: 50 x 26.512 us = 1325.6 us
GLU: 64 x 3.021 us = 193.4 us
MUL_MAT f32 m=256 n=120 k=256: 16 x 2.305 us = 36.88 us (6810.38 GFLOPS/s)
MUL_MAT f32 m=256 n=20 k=256: 16 x 3.087 us = 49.4 us (847.391 GFLOPS/s)
MUL_MAT f32 m=64 n=480 k=64: 16 x 4.455 us = 71.28 us (875.744 GFLOPS/s)
MUL_MAT f32 m=64 n=80 k=64: 16 x 4.407 us = 70.52 us (147.53 GFLOPS/s)
MUL_MAT_ADD MUL_MAT_VEC q6_K m=5120 n=5 k=17408: 64 x 152.496 us = 9759.8 us (5844.47 GFLOPS/s)
MUL_MAT_ADD MUL_MAT_VEC q6_K m=5120 n=5 k=6144: 16 x 66.512 us = 1064.2 us (4729.14 GFLOPS/s)
MUL_MAT_VEC f32 m=48 n=5 k=5120: 96 x 4.578 us = 439.52 us (536.737 GFLOPS/s)
MUL_MAT_VEC q6_K m=1024 n=5 k=5120: 32 x 11.727 us = 375.28 us (4470.15 GFLOPS/s)
MUL_MAT_VEC q6_K m=10240 n=5 k=5120: 48 x 106.603 us = 5116.96 us (4917.64 GFLOPS/s)
MUL_MAT_VEC q6_K m=12288 n=5 k=5120: 16 x 134.482 us = 2151.72 us (4677.81 GFLOPS/s)
MUL_MAT_VEC q6_K m=17408 n=5 k=5120: 128 x 179.694 us = 23000.9 us (4959.55 GFLOPS/s)
MUL_MAT_VEC q6_K m=248320 n=5 k=5120: 1 x 1959.04 us = 1959.04 us (6489.27 GFLOPS/s)
MUL_MAT_VEC q6_K m=6144 n=5 k=5120: 48 x 70.369 us = 3377.74 us (4469.86 GFLOPS/s)
MUL_MAT_VEC q8_0 m=5120 n=5 k=6144: 48 x 65.353 us = 3136.96 us (4813.02 GFLOPS/s)
RMS_NORM_MUL RMS_NORM(256,24,5,1): 16 x 3.7 us = 59.2 us
RMS_NORM_MUL RMS_NORM(256,4,5,1): 16 x 4.957 us = 79.32 us
RMS_NORM_MUL RMS_NORM(5120,5,1,1): 129 x 5.494 us = 708.76 us
RMS_NORM_MUL_SILU_MUL RMS_NORM(128,48,5,1): 48 x 6.131 us = 294.32 us
RMS_NORM_SCALE RMS_NORM(128,16,5,1): 96 x 2.579 us = 247.64 us
ROPE: 32 x 4.503 us = 144.12 us
SET_ROWS: 32 x 3.446 us = 110.28 us
SIGMOID_MUL SIGMOID: 16 x 4.247 us = 67.96 us
SSM_CONV_SILU SSM_CONV: 48 x 6.128 us = 294.16 us
Total time: 56251 us.
----------------
Vulkan Timings:
CONCAT: 1 x 4 us = 4 us
CONT: 1 x 3.4 us = 3.4 us
FLASH_ATTN_EXT dst(256,24,5,1),  q(256,5,24,1),  k(256,256,4,1),  v(256,256,4,1),  m(256,5,1,1): 1 x 21.76 us = 21.76 us (1445.65 GFLOPS/s)
GLU: 1 x 1.48 us = 1.48 us
MUL_MAT f32 m=256 n=120 k=256: 1 x 1.56 us = 1.56 us (10062.8 GFLOPS/s)
MUL_MAT f32 m=256 n=20 k=256: 1 x 2.92 us = 2.92 us (896 GFLOPS/s)
MUL_MAT f32 m=64 n=480 k=64: 1 x 3.36 us = 3.36 us (1161.14 GFLOPS/s)
MUL_MAT f32 m=64 n=80 k=64: 1 x 3.32 us = 3.32 us (195.855 GFLOPS/s)
MUL_MAT_ADD MUL_MAT_VEC q6_K m=5120 n=5 k=17408: 1 x 174.04 us = 174.04 us (5121.03 GFLOPS/s)
MUL_MAT_ADD MUL_MAT_VEC q6_K m=5120 n=5 k=6144: 1 x 71.12 us = 71.12 us (4422.77 GFLOPS/s)
MUL_MAT_VEC q6_K m=1024 n=5 k=5120: 2 x 12.42 us = 24.84 us (4220.91 GFLOPS/s)
MUL_MAT_VEC q6_K m=12288 n=5 k=5120: 1 x 149.65 us = 149.65 us (4203.7 GFLOPS/s)
MUL_MAT_VEC q6_K m=17408 n=5 k=5120: 2 x 157.44 us = 314.88 us (5660.59 GFLOPS/s)
MUL_MAT_VEC q8_0 m=5120 n=5 k=10240: 1 x 110.4 us = 110.4 us (4748.75 GFLOPS/s)
RMS_NORM_MUL RMS_NORM(256,24,5,1): 1 x 3.48 us = 3.48 us
RMS_NORM_MUL RMS_NORM(256,4,5,1): 1 x 3.4 us = 3.4 us
RMS_NORM_MUL RMS_NORM(5120,5,1,1): 5 x 8.794 us = 43.97 us
ROPE: 2 x 3.38 us = 6.76 us
SET_ROWS: 2 x 1.74 us = 3.48 us
SIGMOID_MUL SIGMOID: 1 x 1.84 us = 1.84 us
Total time: 949.66 us.
----------------
Vulkan Timings:
CONCAT: 1 x 3.64 us = 3.64 us
CONT: 1 x 3.48 us = 3.48 us
FLASH_ATTN_EXT dst(256,24,1,1),  q(256,1,24,1),  k(256,256,4,1),  v(256,256,4,1),  m(256,1,1,1): 1 x 15.32 us = 15.32 us (410.669 GFLOPS/s)
GET_ROWS: 2 x 5.96 us = 11.92 us
GLU: 1 x 1.8 us = 1.8 us
MUL_MAT f32 m=256 n=24 k=256: 1 x 1.48 us = 1.48 us (2121.34 GFLOPS/s)
MUL_MAT f32 m=64 n=16 k=64: 1 x 1.8 us = 1.8 us (72.2489 GFLOPS/s)
MUL_MAT f32 m=64 n=96 k=64: 1 x 3.16 us = 3.16 us (246.927 GFLOPS/s)
MUL_MAT_ADD MUL_MAT_VEC q6_K m=5120 n=1 k=17408: 1 x 130.92 us = 130.92 us (1361.54 GFLOPS/s)
MUL_MAT_ADD MUL_MAT_VEC q6_K m=5120 n=1 k=6144: 1 x 54.08 us = 54.08 us (1163.27 GFLOPS/s)
MUL_MAT_VEC f32 m=256 n=4 k=256: 1 x 3.04 us = 3.04 us (172.126 GFLOPS/s)
MUL_MAT_VEC q6_K m=1024 n=1 k=5120: 2 x 9.26 us = 18.52 us (1132.26 GFLOPS/s)
MUL_MAT_VEC q6_K m=12288 n=1 k=5120: 1 x 90.28 us = 90.28 us (1393.63 GFLOPS/s)
MUL_MAT_VEC q6_K m=17408 n=1 k=5120: 2 x 117.78 us = 235.56 us (1513.33 GFLOPS/s)
MUL_MAT_VEC q6_K m=98304 n=1 k=5120: 1 x 688.51 us = 688.51 us (1461.9 GFLOPS/s)
MUL_MAT_VEC q8_0 m=5120 n=1 k=10240: 1 x 93.72 us = 93.72 us (1118.78 GFLOPS/s)
PAD: 1 x 6.4 us = 6.4 us
RMS_NORM_MUL RMS_NORM(256,24,1,1): 1 x 3.2 us = 3.2 us
RMS_NORM_MUL RMS_NORM(256,4,1,1): 1 x 4.88 us = 4.88 us
RMS_NORM_MUL RMS_NORM(5120,1,1,1): 5 x 4.016 us = 20.08 us
ROPE: 2 x 3.32 us = 6.64 us
SET_ROWS: 2 x 1.82 us = 3.64 us
SIGMOID_MUL SIGMOID: 1 x 1.6 us = 1.6 us
TOP_K K=10 (98304,1,1,1): 1 x 8.6 us = 8.6 us
Total time: 1412.27 us.
----------------
Vulkan Timings:
CONCAT: 1 x 4.04 us = 4.04 us
CONT: 1 x 3.6 us = 3.6 us
FLASH_ATTN_EXT dst(256,24,1,1),  q(256,1,24,1),  k(256,256,4,1),  v(256,256,4,1),  m(256,1,1,1): 1 x 13.2 us = 13.2 us (476.625 GFLOPS/s)
GET_ROWS: 2 x 4.42 us = 8.84 us
GLU: 1 x 1.8 us = 1.8 us
MUL_MAT f32 m=256 n=24 k=256: 1 x 2.2 us = 2.2 us (1427.08 GFLOPS/s)
MUL_MAT f32 m=64 n=16 k=64: 1 x 3.6 us = 3.6 us (36.1244 GFLOPS/s)
MUL_MAT f32 m=64 n=96 k=64: 1 x 3.6 us = 3.6 us (216.747 GFLOPS/s)
MUL_MAT_ADD MUL_MAT_VEC q6_K m=5120 n=1 k=17408: 1 x 124.04 us = 124.04 us (1437.06 GFLOPS/s)
MUL_MAT_ADD MUL_MAT_VEC q6_K m=5120 n=1 k=6144: 1 x 53.88 us = 53.88 us (1167.58 GFLOPS/s)
MUL_MAT_VEC f32 m=256 n=4 k=256: 1 x 0.76 us = 0.76 us (688.505 GFLOPS/s)
MUL_MAT_VEC q6_K m=1024 n=1 k=5120: 2 x 9.2 us = 18.4 us (1139.65 GFLOPS/s)
MUL_MAT_VEC q6_K m=12288 n=1 k=5120: 1 x 85.56 us = 85.56 us (1470.51 GFLOPS/s)
MUL_MAT_VEC q6_K m=17408 n=1 k=5120: 2 x 121.2 us = 242.4 us (1470.63 GFLOPS/s)
MUL_MAT_VEC q6_K m=98304 n=1 k=5120: 1 x 683.75 us = 683.75 us (1472.08 GFLOPS/s)
MUL_MAT_VEC q8_0 m=5120 n=1 k=10240: 1 x 101.2 us = 101.2 us (1036.09 GFLOPS/s)
PAD: 1 x 6.4 us = 6.4 us
RMS_NORM_MUL RMS_NORM(256,24,1,1): 1 x 3.6 us = 3.6 us
RMS_NORM_MUL RMS_NORM(256,4,1,1): 1 x 3.56 us = 3.56 us
RMS_NORM_MUL RMS_NORM(5120,1,1,1): 5 x 3.736 us = 18.68 us
ROPE: 2 x 3.58 us = 7.16 us
SET_ROWS: 2 x 3.54 us = 7.08 us
SIGMOID_MUL SIGMOID: 1 x 1.72 us = 1.72 us
TOP_K K=10 (98304,1,1,1): 1 x 8.76 us = 8.76 us
Total time: 1407.83 us.
----------------
Vulkan Timings:
CONCAT: 1 x 4 us = 4 us
CONT: 1 x 3.72 us = 3.72 us
FLASH_ATTN_EXT dst(256,24,1,1),  q(256,1,24,1),  k(256,256,4,1),  v(256,256,4,1),  m(256,1,1,1): 1 x 15.36 us = 15.36 us (409.6 GFLOPS/s)
GET_ROWS: 2 x 4.68 us = 9.36 us
GLU: 1 x 1.76 us = 1.76 us
MUL_MAT f32 m=256 n=24 k=256: 1 x 1.72 us = 1.72 us (1825.34 GFLOPS/s)
MUL_MAT f32 m=64 n=16 k=64: 1 x 3.72 us = 3.72 us (34.9591 GFLOPS/s)
MUL_MAT f32 m=64 n=96 k=64: 1 x 3.64 us = 3.64 us (214.365 GFLOPS/s)
MUL_MAT_ADD MUL_MAT_VEC q6_K m=5120 n=1 k=17408: 1 x 124.24 us = 124.24 us (1434.75 GFLOPS/s)
MUL_MAT_ADD MUL_MAT_VEC q6_K m=5120 n=1 k=6144: 1 x 54.32 us = 54.32 us (1158.13 GFLOPS/s)
MUL_MAT_VEC f32 m=256 n=4 k=256: 1 x 3.08 us = 3.08 us (169.891 GFLOPS/s)
MUL_MAT_VEC q6_K m=1024 n=1 k=5120: 2 x 9.2 us = 18.4 us (1139.65 GFLOPS/s)
MUL_MAT_VEC q6_K m=12288 n=1 k=5120: 1 x 85.64 us = 85.64 us (1469.14 GFLOPS/s)
MUL_MAT_VEC q6_K m=17408 n=1 k=5120: 2 x 121.74 us = 243.48 us (1464.11 GFLOPS/s)
MUL_MAT_VEC q6_K m=98304 n=1 k=5120: 1 x 681.29 us = 681.29 us (1477.4 GFLOPS/s)
MUL_MAT_VEC q8_0 m=5120 n=1 k=10240: 1 x 101.6 us = 101.6 us (1032.01 GFLOPS/s)
PAD: 1 x 6.32 us = 6.32 us
RMS_NORM_MUL RMS_NORM(256,24,1,1): 1 x 4.12 us = 4.12 us
RMS_NORM_MUL RMS_NORM(256,4,1,1): 1 x 3.68 us = 3.68 us
RMS_NORM_MUL RMS_NORM(5120,1,1,1): 5 x 3.768 us = 18.84 us
ROPE: 2 x 3.64 us = 7.28 us
SET_ROWS: 2 x 1.86 us = 3.72 us
SIGMOID_MUL SIGMOID: 1 x 1.68 us = 1.68 us
TOP_K K=10 (98304,1,1,1): 1 x 9.64 us = 9.64 us
Total time: 1410.61 us.
----------------
Vulkan Timings:
CONCAT: 1 x 2.12 us = 2.12 us
CONT: 1 x 4.12 us = 4.12 us
FLASH_ATTN_EXT dst(256,24,1,1),  q(256,1,24,1),  k(256,256,4,1),  v(256,256,4,1),  m(256,1,1,1): 1 x 18.6 us = 18.6 us (338.25 GFLOPS/s)
GET_ROWS: 2 x 5.06 us = 10.12 us
GLU: 1 x 2.08 us = 2.08 us
MUL_MAT f32 m=256 n=24 k=256: 1 x 2.48 us = 2.48 us (1265.96 GFLOPS/s)
MUL_MAT f32 m=64 n=16 k=64: 1 x 4.08 us = 4.08 us (31.8745 GFLOPS/s)
MUL_MAT f32 m=64 n=96 k=64: 1 x 4.12 us = 4.12 us (189.39 GFLOPS/s)
MUL_MAT_ADD MUL_MAT_VEC q6_K m=5120 n=1 k=17408: 1 x 124.4 us = 124.4 us (1432.9 GFLOPS/s)
MUL_MAT_ADD MUL_MAT_VEC q6_K m=5120 n=1 k=6144: 1 x 56.24 us = 56.24 us (1118.59 GFLOPS/s)
MUL_MAT_VEC f32 m=256 n=4 k=256: 1 x 0.88 us = 0.88 us (594.618 GFLOPS/s)
MUL_MAT_VEC q6_K m=1024 n=1 k=5120: 2 x 9.78 us = 19.56 us (1072.06 GFLOPS/s)
MUL_MAT_VEC q6_K m=12288 n=1 k=5120: 1 x 86.64 us = 86.64 us (1452.18 GFLOPS/s)
MUL_MAT_VEC q6_K m=17408 n=1 k=5120: 2 x 122.36 us = 244.72 us (1456.69 GFLOPS/s)
MUL_MAT_VEC q6_K m=98304 n=1 k=5120: 1 x 681.23 us = 681.23 us (1477.53 GFLOPS/s)
MUL_MAT_VEC q8_0 m=5120 n=1 k=10240: 1 x 103.56 us = 103.56 us (1012.48 GFLOPS/s)
PAD: 1 x 7.32 us = 7.32 us
RMS_NORM_MUL RMS_NORM(256,24,1,1): 1 x 4.12 us = 4.12 us
RMS_NORM_MUL RMS_NORM(256,4,1,1): 1 x 4.04 us = 4.04 us
RMS_NORM_MUL RMS_NORM(5120,1,1,1): 5 x 4.576 us = 22.88 us
ROPE: 2 x 4.04 us = 8.08 us
SET_ROWS: 2 x 3.26 us = 6.52 us
SIGMOID_MUL SIGMOID: 1 x 1.96 us = 1.96 us
TOP_K K=10 (98304,1,1,1): 1 x 10.96 us = 10.96 us
Total time: 1430.83 us.
----------------
Vulkan Timings:
ADD: 48 x 3.883 us = 186.4 us
CONCAT: 48 x 3.09 us = 148.32 us
CONT: 16 x 4.367 us = 69.88 us
CPY: 240 x 2.666 us = 639.88 us
FLASH_ATTN_EXT dst(256,24,5,1),  q(256,5,24,1),  k(256,256,4,1),  v(256,256,4,1),  m(256,5,1,1): 16 x 23.747 us = 379.96 us (1324.66 GFLOPS/s)
GDN_CACHE GATED_DELTA_NET: 48 x 13.988 us = 671.44 us
GET_ROWS: 50 x 26.279 us = 1313.96 us
GLU: 64 x 3.056 us = 195.6 us
MUL_MAT f32 m=256 n=120 k=256: 16 x 2.12 us = 33.92 us (7404.68 GFLOPS/s)
MUL_MAT f32 m=256 n=20 k=256: 16 x 2.31 us = 36.96 us (1132.61 GFLOPS/s)
MUL_MAT f32 m=64 n=480 k=64: 16 x 4.025 us = 64.4 us (969.302 GFLOPS/s)
MUL_MAT f32 m=64 n=80 k=64: 16 x 3.867 us = 61.88 us (168.129 GFLOPS/s)
MUL_MAT_ADD MUL_MAT_VEC q6_K m=5120 n=5 k=17408: 64 x 152.055 us = 9731.56 us (5861.43 GFLOPS/s)
MUL_MAT_ADD MUL_MAT_VEC q6_K m=5120 n=5 k=6144: 16 x 66.195 us = 1059.12 us (4751.83 GFLOPS/s)
MUL_MAT_VEC f32 m=48 n=5 k=5120: 96 x 4.475 us = 429.64 us (549.08 GFLOPS/s)
MUL_MAT_VEC q6_K m=1024 n=5 k=5120: 32 x 11.62 us = 371.84 us (4511.5 GFLOPS/s)
MUL_MAT_VEC q6_K m=10240 n=5 k=5120: 48 x 106.194 us = 5097.32 us (4936.59 GFLOPS/s)
MUL_MAT_VEC q6_K m=12288 n=5 k=5120: 16 x 133.192 us = 2131.08 us (4723.12 GFLOPS/s)
MUL_MAT_VEC q6_K m=17408 n=5 k=5120: 128 x 178.698 us = 22873.4 us (4987.19 GFLOPS/s)
MUL_MAT_VEC q6_K m=248320 n=5 k=5120: 1 x 1961.12 us = 1961.12 us (6482.39 GFLOPS/s)
MUL_MAT_VEC q6_K m=6144 n=5 k=5120: 48 x 70.192 us = 3369.24 us (4481.14 GFLOPS/s)
MUL_MAT_VEC q8_0 m=5120 n=5 k=6144: 48 x 65.037 us = 3121.8 us (4836.4 GFLOPS/s)
RMS_NORM_MUL RMS_NORM(256,24,5,1): 16 x 3.817 us = 61.08 us
RMS_NORM_MUL RMS_NORM(256,4,5,1): 16 x 4.222 us = 67.56 us
RMS_NORM_MUL RMS_NORM(5120,5,1,1): 129 x 5.495 us = 708.96 us
RMS_NORM_MUL_SILU_MUL RMS_NORM(128,48,5,1): 48 x 6.252 us = 300.12 us
RMS_NORM_SCALE RMS_NORM(128,16,5,1): 96 x 2.63 us = 252.52 us
ROPE: 32 x 4.907 us = 157.04 us
SET_ROWS: 32 x 3.788 us = 121.24 us
SIGMOID_MUL SIGMOID: 16 x 4.437 us = 71 us
SSM_CONV_SILU SSM_CONV: 48 x 6.065 us = 291.12 us
Total time: 55979.3 us.
----------------
Vulkan Timings:
CONCAT: 1 x 3.92 us = 3.92 us
CONT: 1 x 3.64 us = 3.64 us
FLASH_ATTN_EXT dst(256,24,5,1),  q(256,5,24,1),  k(256,256,4,1),  v(256,256,4,1),  m(256,5,1,1): 1 x 21.84 us = 21.84 us (1440.35 GFLOPS/s)
GLU: 1 x 1.76 us = 1.76 us
MUL_MAT f32 m=256 n=120 k=256: 1 x 1.72 us = 1.72 us (9126.7 GFLOPS/s)
MUL_MAT f32 m=256 n=20 k=256: 1 x 3.04 us = 3.04 us (860.632 GFLOPS/s)
MUL_MAT f32 m=64 n=480 k=64: 1 x 3.68 us = 3.68 us (1060.17 GFLOPS/s)
MUL_MAT f32 m=64 n=80 k=64: 1 x 3.6 us = 3.6 us (180.622 GFLOPS/s)
MUL_MAT_ADD MUL_MAT_VEC q6_K m=5120 n=5 k=17408: 1 x 173.4 us = 173.4 us (5139.93 GFLOPS/s)
MUL_MAT_ADD MUL_MAT_VEC q6_K m=5120 n=5 k=6144: 1 x 69.68 us = 69.68 us (4514.17 GFLOPS/s)
MUL_MAT_VEC q6_K m=1024 n=5 k=5120: 2 x 12.88 us = 25.76 us (4070.16 GFLOPS/s)
MUL_MAT_VEC q6_K m=12288 n=5 k=5120: 1 x 148.73 us = 148.73 us (4229.71 GFLOPS/s)
MUL_MAT_VEC q6_K m=17408 n=5 k=5120: 2 x 157.88 us = 315.76 us (5644.81 GFLOPS/s)
MUL_MAT_VEC q8_0 m=5120 n=5 k=10240: 1 x 105.32 us = 105.32 us (4977.8 GFLOPS/s)
RMS_NORM_MUL RMS_NORM(256,24,5,1): 1 x 3.72 us = 3.72 us
RMS_NORM_MUL RMS_NORM(256,4,5,1): 1 x 3.6 us = 3.6 us
RMS_NORM_MUL RMS_NORM(5120,5,1,1): 5 x 12.398 us = 61.99 us
ROPE: 2 x 3.6 us = 7.2 us
SET_ROWS: 2 x 1.82 us = 3.64 us
SIGMOID_MUL SIGMOID: 1 x 1.96 us = 1.96 us
Total time: 963.96 us.
----------------
Vulkan Timings:
CONCAT: 1 x 3.88 us = 3.88 us
CONT: 1 x 3.52 us = 3.52 us
FLASH_ATTN_EXT dst(256,24,1,1),  q(256,1,24,1),  k(256,256,4,1),  v(256,256,4,1),  m(256,1,1,1): 1 x 15.44 us = 15.44 us (407.478 GFLOPS/s)
GET_ROWS: 2 x 4.16 us = 8.32 us
GLU: 1 x 1.6 us = 1.6 us
MUL_MAT f32 m=256 n=24 k=256: 1 x 1.56 us = 1.56 us (2012.55 GFLOPS/s)
MUL_MAT f32 m=64 n=16 k=64: 1 x 1.8 us = 1.8 us (72.2489 GFLOPS/s)
MUL_MAT f32 m=64 n=96 k=64: 1 x 3.24 us = 3.24 us (240.83 GFLOPS/s)
MUL_MAT_ADD MUL_MAT_VEC q6_K m=5120 n=1 k=17408: 1 x 129.36 us = 129.36 us (1377.96 GFLOPS/s)
MUL_MAT_ADD MUL_MAT_VEC q6_K m=5120 n=1 k=6144: 1 x 54.6 us = 54.6 us (1152.19 GFLOPS/s)
MUL_MAT_VEC f32 m=256 n=4 k=256: 1 x 3 us = 3 us (174.421 GFLOPS/s)
MUL_MAT_VEC q6_K m=1024 n=1 k=5120: 2 x 9.2 us = 18.4 us (1139.65 GFLOPS/s)
MUL_MAT_VEC q6_K m=12288 n=1 k=5120: 1 x 89.92 us = 89.92 us (1399.21 GFLOPS/s)
MUL_MAT_VEC q6_K m=17408 n=1 k=5120: 2 x 117.9 us = 235.8 us (1511.79 GFLOPS/s)
MUL_MAT_VEC q6_K m=98304 n=1 k=5120: 1 x 677.77 us = 677.77 us (1485.07 GFLOPS/s)
MUL_MAT_VEC q8_0 m=5120 n=1 k=10240: 1 x 91.16 us = 91.16 us (1150.2 GFLOPS/s)
PAD: 1 x 8.44 us = 8.44 us
RMS_NORM_MUL RMS_NORM(256,24,1,1): 1 x 3.16 us = 3.16 us
RMS_NORM_MUL RMS_NORM(256,4,1,1): 1 x 4.84 us = 4.84 us
RMS_NORM_MUL RMS_NORM(5120,1,1,1): 5 x 4.416 us = 22.08 us
ROPE: 2 x 3.3 us = 6.6 us
SET_ROWS: 2 x 1.82 us = 3.64 us
SIGMOID_MUL SIGMOID: 1 x 1.56 us = 1.56 us
TOP_K K=10 (98304,1,1,1): 1 x 6.28 us = 6.28 us
Total time: 1395.97 us.
----------------
Vulkan Timings:
CONCAT: 1 x 3.72 us = 3.72 us
CONT: 1 x 3.64 us = 3.64 us
FLASH_ATTN_EXT dst(256,24,1,1),  q(256,1,24,1),  k(256,256,4,1),  v(256,256,4,1),  m(256,1,1,1): 1 x 12.96 us = 12.96 us (485.452 GFLOPS/s)
GET_ROWS: 2 x 4.32 us = 8.64 us
GLU: 1 x 1.92 us = 1.92 us
MUL_MAT f32 m=256 n=24 k=256: 1 x 1.64 us = 1.64 us (1914.38 GFLOPS/s)
MUL_MAT f32 m=64 n=16 k=64: 1 x 3.64 us = 3.64 us (35.7275 GFLOPS/s)
MUL_MAT f32 m=64 n=96 k=64: 1 x 3.6 us = 3.6 us (216.747 GFLOPS/s)
MUL_MAT_ADD MUL_MAT_VEC q6_K m=5120 n=1 k=17408: 1 x 123.08 us = 123.08 us (1448.27 GFLOPS/s)
MUL_MAT_ADD MUL_MAT_VEC q6_K m=5120 n=1 k=6144: 1 x 53.84 us = 53.84 us (1168.45 GFLOPS/s)
MUL_MAT_VEC f32 m=256 n=4 k=256: 1 x 3.04 us = 3.04 us (172.126 GFLOPS/s)
MUL_MAT_VEC q6_K m=1024 n=1 k=5120: 2 x 9.26 us = 18.52 us (1132.26 GFLOPS/s)
MUL_MAT_VEC q6_K m=12288 n=1 k=5120: 1 x 86 us = 86 us (1462.99 GFLOPS/s)
MUL_MAT_VEC q6_K m=17408 n=1 k=5120: 2 x 121.1 us = 242.2 us (1471.85 GFLOPS/s)
MUL_MAT_VEC q6_K m=98304 n=1 k=5120: 1 x 674.44 us = 674.44 us (1492.4 GFLOPS/s)
MUL_MAT_VEC q8_0 m=5120 n=1 k=10240: 1 x 101.56 us = 101.56 us (1032.42 GFLOPS/s)
PAD: 1 x 7.12 us = 7.12 us
RMS_NORM_MUL RMS_NORM(256,24,1,1): 1 x 3.64 us = 3.64 us
RMS_NORM_MUL RMS_NORM(256,4,1,1): 1 x 3.6 us = 3.6 us
RMS_NORM_MUL RMS_NORM(5120,1,1,1): 5 x 3.768 us = 18.84 us
ROPE: 2 x 3.62 us = 7.24 us
SET_ROWS: 2 x 2.64 us = 5.28 us
SIGMOID_MUL SIGMOID: 1 x 1.64 us = 1.64 us
TOP_K K=10 (98304,1,1,1): 1 x 9.08 us = 9.08 us
Total time: 1398.88 us.
----------------
Vulkan Timings:
CONCAT: 1 x 3.96 us = 3.96 us
CONT: 1 x 3.6 us = 3.6 us
FLASH_ATTN_EXT dst(256,24,1,1),  q(256,1,24,1),  k(256,256,4,1),  v(256,256,4,1),  m(256,1,1,1): 1 x 15 us = 15 us (419.43 GFLOPS/s)
GET_ROWS: 2 x 6.64 us = 13.28 us
GLU: 1 x 1.72 us = 1.72 us
MUL_MAT f32 m=256 n=24 k=256: 1 x 1.64 us = 1.64 us (1914.38 GFLOPS/s)
MUL_MAT f32 m=64 n=16 k=64: 1 x 3.6 us = 3.6 us (36.1244 GFLOPS/s)
MUL_MAT f32 m=64 n=96 k=64: 1 x 3.64 us = 3.64 us (214.365 GFLOPS/s)
MUL_MAT_ADD MUL_MAT_VEC q6_K m=5120 n=1 k=17408: 1 x 123.64 us = 123.64 us (1441.71 GFLOPS/s)
MUL_MAT_ADD MUL_MAT_VEC q6_K m=5120 n=1 k=6144: 1 x 54.2 us = 54.2 us (1160.69 GFLOPS/s)
MUL_MAT_VEC f32 m=256 n=4 k=256: 1 x 3.04 us = 3.04 us (172.126 GFLOPS/s)
MUL_MAT_VEC q6_K m=1024 n=1 k=5120: 2 x 9.08 us = 18.16 us (1154.71 GFLOPS/s)
MUL_MAT_VEC q6_K m=12288 n=1 k=5120: 1 x 86.24 us = 86.24 us (1458.92 GFLOPS/s)
MUL_MAT_VEC q6_K m=17408 n=1 k=5120: 2 x 121.24 us = 242.48 us (1470.15 GFLOPS/s)
MUL_MAT_VEC q6_K m=98304 n=1 k=5120: 1 x 678.4 us = 678.4 us (1483.69 GFLOPS/s)
MUL_MAT_VEC q8_0 m=5120 n=1 k=10240: 1 x 101.24 us = 101.24 us (1035.68 GFLOPS/s)
PAD: 1 x 6.28 us = 6.28 us
RMS_NORM_MUL RMS_NORM(256,24,1,1): 1 x 3.64 us = 3.64 us
RMS_NORM_MUL RMS_NORM(256,4,1,1): 1 x 3.56 us = 3.56 us
RMS_NORM_MUL RMS_NORM(5120,1,1,1): 5 x 3.744 us = 18.72 us
ROPE: 2 x 3.6 us = 7.2 us
SET_ROWS: 2 x 1.82 us = 3.64 us
SIGMOID_MUL SIGMOID: 1 x 1.72 us = 1.72 us
TOP_K K=10 (98304,1,1,1): 1 x 9 us = 9 us
Total time: 1407.6 us.
----------------
Vulkan Timings:
CONCAT: 1 x 1.84 us = 1.84 us
CONT: 1 x 4 us = 4 us
FLASH_ATTN_EXT dst(256,24,1,1),  q(256,1,24,1),  k(256,256,4,1),  v(256,256,4,1),  m(256,1,1,1): 1 x 14.04 us = 14.04 us (448.109 GFLOPS/s)
GET_ROWS: 2 x 6.58 us = 13.16 us
GLU: 1 x 2.24 us = 2.24 us
MUL_MAT f32 m=256 n=24 k=256: 1 x 1.84 us = 1.84 us (1706.3 GFLOPS/s)
MUL_MAT f32 m=64 n=16 k=64: 1 x 3.96 us = 3.96 us (32.8404 GFLOPS/s)
MUL_MAT f32 m=64 n=96 k=64: 1 x 4 us = 4 us (195.072 GFLOPS/s)
MUL_MAT_ADD MUL_MAT_VEC q6_K m=5120 n=1 k=17408: 1 x 123.96 us = 123.96 us (1437.99 GFLOPS/s)
MUL_MAT_ADD MUL_MAT_VEC q6_K m=5120 n=1 k=6144: 1 x 55.72 us = 55.72 us (1129.03 GFLOPS/s)
MUL_MAT_VEC f32 m=256 n=4 k=256: 1 x 3.32 us = 3.32 us (157.61 GFLOPS/s)
MUL_MAT_VEC q6_K m=1024 n=1 k=5120: 2 x 9.32 us = 18.64 us (1124.97 GFLOPS/s)
MUL_MAT_VEC q6_K m=12288 n=1 k=5120: 1 x 86.08 us = 86.08 us (1461.63 GFLOPS/s)
MUL_MAT_VEC q6_K m=17408 n=1 k=5120: 2 x 122.56 us = 245.12 us (1454.31 GFLOPS/s)
MUL_MAT_VEC q6_K m=98304 n=1 k=5120: 1 x 679.44 us = 679.44 us (1481.42 GFLOPS/s)
MUL_MAT_VEC q8_0 m=5120 n=1 k=10240: 1 x 101.76 us = 101.76 us (1030.39 GFLOPS/s)
PAD: 1 x 7.2 us = 7.2 us
RMS_NORM_MUL RMS_NORM(256,24,1,1): 1 x 3.96 us = 3.96 us
RMS_NORM_MUL RMS_NORM(256,4,1,1): 1 x 3.96 us = 3.96 us
RMS_NORM_MUL RMS_NORM(5120,1,1,1): 5 x 4.528 us = 22.64 us
ROPE: 2 x 3.92 us = 7.84 us
SET_ROWS: 2 x 2.9 us = 5.8 us
SIGMOID_MUL SIGMOID: 1 x 1.84 us = 1.84 us
TOP_K K=10 (98304,1,1,1): 1 x 10.88 us = 10.88 us
Total time: 1423.24 us.
----------------
Vulkan Timings:
ADD: 48 x 3.574 us = 171.56 us
CONCAT: 48 x 2.66 us = 127.72 us
CONT: 16 x 4.2 us = 67.2 us
CPY: 240 x 2.784 us = 668.24 us
FLASH_ATTN_EXT dst(256,24,5,1),  q(256,5,24,1),  k(256,256,4,1),  v(256,256,4,1),  m(256,5,1,1): 16 x 23.267 us = 372.28 us (1351.98 GFLOPS/s)
GDN_CACHE GATED_DELTA_NET: 48 x 13.876 us = 666.08 us
GET_ROWS: 50 x 26.369 us = 1318.48 us
GLU: 64 x 2.923 us = 187.12 us
MUL_MAT f32 m=256 n=120 k=256: 16 x 2.257 us = 36.12 us (6953.67 GFLOPS/s)
MUL_MAT f32 m=256 n=20 k=256: 16 x 2.937 us = 47 us (890.662 GFLOPS/s)
MUL_MAT f32 m=64 n=480 k=64: 16 x 4.427 us = 70.84 us (881.184 GFLOPS/s)
MUL_MAT f32 m=64 n=80 k=64: 16 x 3.445 us = 55.12 us (188.749 GFLOPS/s)
MUL_MAT_ADD MUL_MAT_VEC q6_K m=5120 n=5 k=17408: 64 x 152.047 us = 9731.04 us (5861.75 GFLOPS/s)
MUL_MAT_ADD MUL_MAT_VEC q6_K m=5120 n=5 k=6144: 16 x 65.7 us = 1051.2 us (4787.63 GFLOPS/s)
MUL_MAT_VEC f32 m=48 n=5 k=5120: 96 x 4.622 us = 443.72 us (531.656 GFLOPS/s)
MUL_MAT_VEC q6_K m=1024 n=5 k=5120: 32 x 11.826 us = 378.44 us (4432.82 GFLOPS/s)
MUL_MAT_VEC q6_K m=10240 n=5 k=5120: 48 x 106.089 us = 5092.28 us (4941.47 GFLOPS/s)
MUL_MAT_VEC q6_K m=12288 n=5 k=5120: 16 x 132.982 us = 2127.72 us (4730.58 GFLOPS/s)
MUL_MAT_VEC q6_K m=17408 n=5 k=5120: 128 x 178.695 us = 22873 us (4987.27 GFLOPS/s)
MUL_MAT_VEC q6_K m=248320 n=5 k=5120: 1 x 1965 us = 1965 us (6469.59 GFLOPS/s)
MUL_MAT_VEC q6_K m=6144 n=5 k=5120: 48 x 70.528 us = 3385.36 us (4459.8 GFLOPS/s)
MUL_MAT_VEC q8_0 m=5120 n=5 k=6144: 48 x 65.335 us = 3136.12 us (4814.31 GFLOPS/s)
RMS_NORM_MUL RMS_NORM(256,24,5,1): 16 x 3.405 us = 54.48 us
RMS_NORM_MUL RMS_NORM(256,4,5,1): 16 x 4.647 us = 74.36 us
RMS_NORM_MUL RMS_NORM(5120,5,1,1): 129 x 5.57 us = 718.56 us
RMS_NORM_MUL_SILU_MUL RMS_NORM(128,48,5,1): 48 x 6.007 us = 288.36 us
RMS_NORM_SCALE RMS_NORM(128,16,5,1): 96 x 2.549 us = 244.72 us
ROPE: 32 x 5.033 us = 161.08 us
SET_ROWS: 32 x 3.472 us = 111.12 us
SIGMOID_MUL SIGMOID: 16 x 4.845 us = 77.52 us
SSM_CONV_SILU SSM_CONV: 48 x 5.863 us = 281.44 us
Total time: 55983.3 us.
----------------
Vulkan Timings:
CONCAT: 1 x 4 us = 4 us
CONT: 1 x 3.44 us = 3.44 us
FLASH_ATTN_EXT dst(256,24,5,1),  q(256,5,24,1),  k(256,256,4,1),  v(256,256,4,1),  m(256,5,1,1): 1 x 21.92 us = 21.92 us (1435.09 GFLOPS/s)
GLU: 1 x 1.72 us = 1.72 us
MUL_MAT f32 m=256 n=120 k=256: 1 x 1.6 us = 1.6 us (9811.2 GFLOPS/s)
MUL_MAT f32 m=256 n=20 k=256: 1 x 2.92 us = 2.92 us (896 GFLOPS/s)
MUL_MAT f32 m=64 n=480 k=64: 1 x 3.32 us = 3.32 us (1175.13 GFLOPS/s)
MUL_MAT f32 m=64 n=80 k=64: 1 x 3.32 us = 3.32 us (195.855 GFLOPS/s)
MUL_MAT_ADD MUL_MAT_VEC q6_K m=5120 n=5 k=17408: 1 x 174.42 us = 174.42 us (5109.87 GFLOPS/s)
MUL_MAT_ADD MUL_MAT_VEC q6_K m=5120 n=5 k=6144: 1 x 69.08 us = 69.08 us (4553.38 GFLOPS/s)
MUL_MAT_VEC q6_K m=1024 n=5 k=5120: 2 x 12.44 us = 24.88 us (4214.12 GFLOPS/s)
MUL_MAT_VEC q6_K m=12288 n=5 k=5120: 1 x 149.03 us = 149.03 us (4221.19 GFLOPS/s)
MUL_MAT_VEC q6_K m=17408 n=5 k=5120: 2 x 158.4 us = 316.8 us (5626.28 GFLOPS/s)
MUL_MAT_VEC q8_0 m=5120 n=5 k=10240: 1 x 115.8 us = 115.8 us (4527.31 GFLOPS/s)
RMS_NORM_MUL RMS_NORM(256,24,5,1): 1 x 3.44 us = 3.44 us
RMS_NORM_MUL RMS_NORM(256,4,5,1): 1 x 3.4 us = 3.4 us
RMS_NORM_MUL RMS_NORM(5120,5,1,1): 5 x 8.344 us = 41.72 us
ROPE: 2 x 3.36 us = 6.72 us
SET_ROWS: 2 x 1.76 us = 3.52 us
SIGMOID_MUL SIGMOID: 1 x 1.56 us = 1.56 us
Total time: 952.61 us.
----------------
Vulkan Timings:
CONCAT: 1 x 3.6 us = 3.6 us
CONT: 1 x 3.48 us = 3.48 us
FLASH_ATTN_EXT dst(256,24,1,1),  q(256,1,24,1),  k(256,256,4,1),  v(256,256,4,1),  m(256,1,1,1): 1 x 12.64 us = 12.64 us (497.742 GFLOPS/s)
GET_ROWS: 2 x 8.96 us = 17.92 us
GLU: 1 x 1.6 us = 1.6 us
MUL_MAT f32 m=256 n=24 k=256: 1 x 1.64 us = 1.64 us (1914.38 GFLOPS/s)
MUL_MAT f32 m=64 n=16 k=64: 1 x 1.84 us = 1.84 us (70.6783 GFLOPS/s)
MUL_MAT f32 m=64 n=96 k=64: 1 x 3.2 us = 3.2 us (243.84 GFLOPS/s)
MUL_MAT_ADD MUL_MAT_VEC q6_K m=5120 n=1 k=17408: 1 x 129.68 us = 129.68 us (1374.56 GFLOPS/s)
MUL_MAT_ADD MUL_MAT_VEC q6_K m=5120 n=1 k=6144: 1 x 53.28 us = 53.28 us (1180.73 GFLOPS/s)
MUL_MAT_VEC f32 m=256 n=4 k=256: 1 x 3.04 us = 3.04 us (172.126 GFLOPS/s)
MUL_MAT_VEC q6_K m=1024 n=1 k=5120: 2 x 9.26 us = 18.52 us (1132.26 GFLOPS/s)
MUL_MAT_VEC q6_K m=12288 n=1 k=5120: 1 x 93.24 us = 93.24 us (1349.39 GFLOPS/s)
MUL_MAT_VEC q6_K m=17408 n=1 k=5120: 2 x 118 us = 236 us (1510.51 GFLOPS/s)
MUL_MAT_VEC q6_K m=98304 n=1 k=5120: 1 x 681.47 us = 681.47 us (1477.01 GFLOPS/s)
MUL_MAT_VEC q8_0 m=5120 n=1 k=10240: 1 x 93.64 us = 93.64 us (1119.74 GFLOPS/s)
PAD: 1 x 8.2 us = 8.2 us
RMS_NORM_MUL RMS_NORM(256,24,1,1): 1 x 3.24 us = 3.24 us
RMS_NORM_MUL RMS_NORM(256,4,1,1): 1 x 4.88 us = 4.88 us
RMS_NORM_MUL RMS_NORM(5120,1,1,1): 5 x 4.072 us = 20.36 us
ROPE: 2 x 3.32 us = 6.64 us
SET_ROWS: 2 x 2.58 us = 5.16 us
SIGMOID_MUL SIGMOID: 1 x 1.8 us = 1.8 us
TOP_K K=10 (98304,1,1,1): 1 x 6.24 us = 6.24 us
Total time: 1411.31 us.
----------------
Vulkan Timings:
CONCAT: 1 x 3.96 us = 3.96 us
CONT: 1 x 3.64 us = 3.64 us
FLASH_ATTN_EXT dst(256,24,1,1),  q(256,1,24,1),  k(256,256,4,1),  v(256,256,4,1),  m(256,1,1,1): 1 x 15.16 us = 15.16 us (415.004 GFLOPS/s)
GET_ROWS: 2 x 4.4 us = 8.8 us
GLU: 1 x 1.88 us = 1.88 us
MUL_MAT f32 m=256 n=24 k=256: 1 x 1.64 us = 1.64 us (1914.38 GFLOPS/s)
MUL_MAT f32 m=64 n=16 k=64: 1 x 3.6 us = 3.6 us (36.1244 GFLOPS/s)
MUL_MAT f32 m=64 n=96 k=64: 1 x 3.6 us = 3.6 us (216.747 GFLOPS/s)
MUL_MAT_ADD MUL_MAT_VEC q6_K m=5120 n=1 k=17408: 1 x 123.12 us = 123.12 us (1447.8 GFLOPS/s)
MUL_MAT_ADD MUL_MAT_VEC q6_K m=5120 n=1 k=6144: 1 x 54.24 us = 54.24 us (1159.83 GFLOPS/s)
MUL_MAT_VEC f32 m=256 n=4 k=256: 1 x 3.04 us = 3.04 us (172.126 GFLOPS/s)
MUL_MAT_VEC q6_K m=1024 n=1 k=5120: 2 x 9.18 us = 18.36 us (1142.13 GFLOPS/s)
MUL_MAT_VEC q6_K m=12288 n=1 k=5120: 1 x 85.4 us = 85.4 us (1473.27 GFLOPS/s)
MUL_MAT_VEC q6_K m=17408 n=1 k=5120: 2 x 121.38 us = 242.76 us (1468.45 GFLOPS/s)
MUL_MAT_VEC q6_K m=98304 n=1 k=5120: 1 x 676.28 us = 676.28 us (1488.34 GFLOPS/s)
MUL_MAT_VEC q8_0 m=5120 n=1 k=10240: 1 x 101.48 us = 101.48 us (1033.23 GFLOPS/s)
PAD: 1 x 6.36 us = 6.36 us
RMS_NORM_MUL RMS_NORM(256,24,1,1): 1 x 3.6 us = 3.6 us
RMS_NORM_MUL RMS_NORM(256,4,1,1): 1 x 3.64 us = 3.64 us
RMS_NORM_MUL RMS_NORM(5120,1,1,1): 5 x 3.744 us = 18.72 us
ROPE: 2 x 3.74 us = 7.48 us
SET_ROWS: 2 x 1.82 us = 3.64 us
SIGMOID_MUL SIGMOID: 1 x 1.76 us = 1.76 us
TOP_K K=10 (98304,1,1,1): 1 x 8.76 us = 8.76 us
Total time: 1400.92 us.
----------------
Vulkan Timings:
CONCAT: 1 x 3.8 us = 3.8 us
CONT: 1 x 3.64 us = 3.64 us
FLASH_ATTN_EXT dst(256,24,1,1),  q(256,1,24,1),  k(256,256,4,1),  v(256,256,4,1),  m(256,1,1,1): 1 x 15.76 us = 15.76 us (399.204 GFLOPS/s)
GET_ROWS: 2 x 156.445 us = 312.89 us
GLU: 1 x 1.84 us = 1.84 us
MUL_MAT f32 m=256 n=24 k=256: 1 x 2.2 us = 2.2 us (1427.08 GFLOPS/s)
MUL_MAT f32 m=64 n=16 k=64: 1 x 3.64 us = 3.64 us (35.7275 GFLOPS/s)
MUL_MAT f32 m=64 n=96 k=64: 1 x 3.6 us = 3.6 us (216.747 GFLOPS/s)
MUL_MAT_ADD MUL_MAT_VEC q6_K m=5120 n=1 k=17408: 1 x 122.8 us = 122.8 us (1451.57 GFLOPS/s)
MUL_MAT_ADD MUL_MAT_VEC q6_K m=5120 n=1 k=6144: 1 x 53.6 us = 53.6 us (1173.68 GFLOPS/s)
MUL_MAT_VEC f32 m=256 n=4 k=256: 1 x 0.72 us = 0.72 us (726.756 GFLOPS/s)
MUL_MAT_VEC q6_K m=1024 n=1 k=5120: 2 x 9.24 us = 18.48 us (1134.71 GFLOPS/s)
MUL_MAT_VEC q6_K m=12288 n=1 k=5120: 1 x 85.48 us = 85.48 us (1471.89 GFLOPS/s)
MUL_MAT_VEC q6_K m=17408 n=1 k=5120: 2 x 121.02 us = 242.04 us (1472.82 GFLOPS/s)
MUL_MAT_VEC q6_K m=98304 n=1 k=5120: 1 x 684.51 us = 684.51 us (1470.45 GFLOPS/s)
MUL_MAT_VEC q8_0 m=5120 n=1 k=10240: 1 x 100.76 us = 100.76 us (1040.62 GFLOPS/s)
PAD: 1 x 6.32 us = 6.32 us
RMS_NORM_MUL RMS_NORM(256,24,1,1): 1 x 3.6 us = 3.6 us
RMS_NORM_MUL RMS_NORM(256,4,1,1): 1 x 3.56 us = 3.56 us
RMS_NORM_MUL RMS_NORM(5120,1,1,1): 5 x 3.704 us = 18.52 us
ROPE: 2 x 3.58 us = 7.16 us
SET_ROWS: 2 x 2.9 us = 5.8 us
SIGMOID_MUL SIGMOID: 1 x 1.88 us = 1.88 us
TOP_K K=10 (98304,1,1,1): 1 x 8.96 us = 8.96 us
Total time: 1711.56 us.
----------------
Vulkan Timings:
CONCAT: 1 x 3.96 us = 3.96 us
CONT: 1 x 3.6 us = 3.6 us
FLASH_ATTN_EXT dst(256,24,1,1),  q(256,1,24,1),  k(256,256,4,1),  v(256,256,4,1),  m(256,1,1,1): 1 x 14.64 us = 14.64 us (429.744 GFLOPS/s)
GET_ROWS: 2 x 4.22 us = 8.44 us
GLU: 1 x 1.76 us = 1.76 us
MUL_MAT f32 m=256 n=24 k=256: 1 x 2.24 us = 2.24 us (1401.6 GFLOPS/s)
MUL_MAT f32 m=64 n=16 k=64: 1 x 3.6 us = 3.6 us (36.1244 GFLOPS/s)
MUL_MAT f32 m=64 n=96 k=64: 1 x 3.6 us = 3.6 us (216.747 GFLOPS/s)
MUL_MAT_ADD MUL_MAT_VEC q6_K m=5120 n=1 k=17408: 1 x 123.08 us = 123.08 us (1448.27 GFLOPS/s)
MUL_MAT_ADD MUL_MAT_VEC q6_K m=5120 n=1 k=6144: 1 x 54.2 us = 54.2 us (1160.69 GFLOPS/s)
MUL_MAT_VEC f32 m=256 n=4 k=256: 1 x 0.72 us = 0.72 us (726.756 GFLOPS/s)
MUL_MAT_VEC q6_K m=1024 n=1 k=5120: 2 x 9.18 us = 18.36 us (1142.13 GFLOPS/s)
MUL_MAT_VEC q6_K m=12288 n=1 k=5120: 1 x 85.64 us = 85.64 us (1469.14 GFLOPS/s)
MUL_MAT_VEC q6_K m=17408 n=1 k=5120: 2 x 121.58 us = 243.16 us (1466.03 GFLOPS/s)
MUL_MAT_VEC q6_K m=98304 n=1 k=5120: 1 x 672.72 us = 672.72 us (1496.22 GFLOPS/s)
MUL_MAT_VEC q8_0 m=5120 n=1 k=10240: 1 x 101.12 us = 101.12 us (1036.91 GFLOPS/s)
PAD: 1 x 6.32 us = 6.32 us
RMS_NORM_MUL RMS_NORM(256,24,1,1): 1 x 3.64 us = 3.64 us
RMS_NORM_MUL RMS_NORM(256,4,1,1): 1 x 3.6 us = 3.6 us
RMS_NORM_MUL RMS_NORM(5120,1,1,1): 5 x 3.816 us = 19.08 us
ROPE: 2 x 3.62 us = 7.24 us
SET_ROWS: 2 x 2.84 us = 5.68 us
SIGMOID_MUL SIGMOID: 1 x 1.68 us = 1.68 us
TOP_K K=10 (98304,1,1,1): 1 x 8.88 us = 8.88 us
Total time: 1396.96 us.
----------------
Vulkan Timings:
ADD: 48 x 3.54 us = 169.96 us
CONCAT: 48 x 2.823 us = 135.52 us
CONT: 16 x 4.447 us = 71.16 us
CPY: 240 x 3.138 us = 753.24 us
FLASH_ATTN_EXT dst(256,24,4,1),  q(256,4,24,1),  k(256,256,4,1),  v(256,256,4,1),  m(256,4,1,1): 16 x 23.667 us = 378.68 us (1063.31 GFLOPS/s)
GDN_CACHE GATED_DELTA_NET: 48 x 12.964 us = 622.28 us
GET_ROWS: 50 x 22.2 us = 1110 us
GLU: 64 x 2.041 us = 130.68 us
MUL_MAT f32 m=256 n=16 k=256: 16 x 3.907 us = 62.52 us (535.651 GFLOPS/s)
MUL_MAT f32 m=256 n=96 k=256: 16 x 2.557 us = 40.92 us (4910.4 GFLOPS/s)
MUL_MAT f32 m=64 n=384 k=64: 16 x 4.74 us = 75.84 us (658.471 GFLOPS/s)
MUL_MAT f32 m=64 n=64 k=64: 16 x 4.35 us = 69.6 us (119.584 GFLOPS/s)
MUL_MAT_ADD MUL_MAT_VEC q6_K m=5120 n=4 k=17408: 64 x 139.003 us = 8896.2 us (5129.46 GFLOPS/s)
MUL_MAT_ADD MUL_MAT_VEC q6_K m=5120 n=4 k=6144: 16 x 57.727 us = 923.64 us (4359.06 GFLOPS/s)
MUL_MAT_VEC f32 m=48 n=4 k=5120: 96 x 4.802 us = 461 us (409.382 GFLOPS/s)
MUL_MAT_VEC q6_K m=1024 n=4 k=5120: 32 x 10.442 us = 334.16 us (4016.18 GFLOPS/s)
MUL_MAT_VEC q6_K m=10240 n=4 k=5120: 48 x 84.277 us = 4045.32 us (4976.29 GFLOPS/s)
MUL_MAT_VEC q6_K m=12288 n=4 k=5120: 16 x 100.905 us = 1614.48 us (4987.54 GFLOPS/s)
MUL_MAT_VEC q6_K m=17408 n=4 k=5120: 128 x 142.028 us = 18179.6 us (5019.85 GFLOPS/s)
MUL_MAT_VEC q6_K m=248320 n=4 k=5120: 1 x 1678.44 us = 1678.44 us (6059.31 GFLOPS/s)
MUL_MAT_VEC q6_K m=6144 n=4 k=5120: 48 x 55.422 us = 2660.28 us (4540.28 GFLOPS/s)
MUL_MAT_VEC q8_0 m=5120 n=4 k=6144: 48 x 65.673 us = 3152.32 us (3831.66 GFLOPS/s)
RMS_NORM_MUL RMS_NORM(256,24,4,1): 16 x 3.23 us = 51.68 us
RMS_NORM_MUL RMS_NORM(256,4,4,1): 16 x 6.205 us = 99.28 us
RMS_NORM_MUL RMS_NORM(5120,4,1,1): 129 x 3.979 us = 513.4 us
RMS_NORM_MUL_SILU_MUL RMS_NORM(128,48,4,1): 48 x 6.025 us = 289.24 us
RMS_NORM_SCALE RMS_NORM(128,16,4,1): 96 x 2.325 us = 223.24 us
ROPE: 32 x 4.73 us = 151.36 us
SET_ROWS: 32 x 3.327 us = 106.48 us
SIGMOID_MUL SIGMOID: 16 x 3.005 us = 48.08 us
SSM_CONV_SILU SSM_CONV: 48 x 5.722 us = 274.68 us
Total time: 47323.3 us.
----------------
Vulkan Timings:
CONCAT: 1 x 3.96 us = 3.96 us
CONT: 1 x 3.72 us = 3.72 us
FLASH_ATTN_EXT dst(256,24,4,1),  q(256,4,24,1),  k(256,256,4,1),  v(256,256,4,1),  m(256,4,1,1): 1 x 20.08 us = 20.08 us (1253.28 GFLOPS/s)
GLU: 1 x 1.76 us = 1.76 us
MUL_MAT f32 m=256 n=16 k=256: 1 x 3.08 us = 3.08 us (679.564 GFLOPS/s)
MUL_MAT f32 m=256 n=96 k=256: 1 x 1.8 us = 1.8 us (6976.85 GFLOPS/s)
MUL_MAT f32 m=64 n=384 k=64: 1 x 3.72 us = 3.72 us (839.019 GFLOPS/s)
MUL_MAT f32 m=64 n=64 k=64: 1 x 3.64 us = 3.64 us (142.91 GFLOPS/s)
MUL_MAT_ADD MUL_MAT_VEC q6_K m=5120 n=4 k=17408: 1 x 154.67 us = 154.67 us (4609.89 GFLOPS/s)
MUL_MAT_ADD MUL_MAT_VEC q6_K m=5120 n=4 k=6144: 1 x 60.12 us = 60.12 us (4185.59 GFLOPS/s)
MUL_MAT_VEC q6_K m=1024 n=4 k=5120: 2 x 8.24 us = 16.48 us (5089.68 GFLOPS/s)
MUL_MAT_VEC q6_K m=12288 n=4 k=5120: 1 x 118.53 us = 118.53 us (4245.91 GFLOPS/s)
MUL_MAT_VEC q6_K m=17408 n=4 k=5120: 2 x 127.56 us = 255.12 us (5589.23 GFLOPS/s)
MUL_MAT_VEC q8_0 m=5120 n=4 k=10240: 1 x 106.44 us = 106.44 us (3940.34 GFLOPS/s)
RMS_NORM_MUL RMS_NORM(256,24,4,1): 1 x 3.72 us = 3.72 us
RMS_NORM_MUL RMS_NORM(256,4,4,1): 1 x 3.68 us = 3.68 us
RMS_NORM_MUL RMS_NORM(5120,4,1,1): 5 x 13.568 us = 67.84 us
ROPE: 2 x 3.66 us = 7.32 us
SET_ROWS: 2 x 2.64 us = 5.28 us
SIGMOID_MUL SIGMOID: 1 x 1.72 us = 1.72 us
Total time: 842.68 us.
----------------
Vulkan Timings:
ADD: 48 x 4.431 us = 212.72 us
CONCAT: 48 x 3.328 us = 159.76 us
CONT: 16 x 5.3 us = 84.8 us
CPY: 240 x 2.912 us = 698.92 us
FLASH_ATTN_EXT dst(256,24,1,1),  q(256,1,24,1),  k(256,256,4,1),  v(256,256,4,1),  m(256,1,1,1): 16 x 16.625 us = 266 us (378.433 GFLOPS/s)
GDN_CACHE GATED_DELTA_NET: 48 x 8.119 us = 389.72 us
GET_ROWS: 50 x 8.256 us = 412.84 us
GLU: 64 x 2.286 us = 146.36 us
MUL_MAT f32 m=256 n=24 k=256: 16 x 2.067 us = 33.08 us (1518.54 GFLOPS/s)
MUL_MAT f32 m=64 n=16 k=64: 16 x 4.455 us = 71.28 us (29.1915 GFLOPS/s)
MUL_MAT f32 m=64 n=96 k=64: 16 x 3.707 us = 59.32 us (210.462 GFLOPS/s)
MUL_MAT_ADD MUL_MAT_VEC q6_K m=5120 n=1 k=17408: 64 x 124.538 us = 7970.48 us (1431.3 GFLOPS/s)
MUL_MAT_ADD MUL_MAT_VEC q6_K m=5120 n=1 k=6144: 16 x 49.775 us = 796.4 us (1263.88 GFLOPS/s)
MUL_MAT_VEC f32 m=256 n=4 k=256: 16 x 4.032 us = 64.52 us (129.762 GFLOPS/s)
MUL_MAT_VEC f32 m=48 n=1 k=5120: 96 x 3.526 us = 338.56 us (139.359 GFLOPS/s)
MUL_MAT_VEC q6_K m=1024 n=1 k=5120: 32 x 9.805 us = 313.76 us (1069.33 GFLOPS/s)
MUL_MAT_VEC q6_K m=10240 n=1 k=5120: 48 x 74.355 us = 3569.04 us (1410.09 GFLOPS/s)
MUL_MAT_VEC q6_K m=12288 n=1 k=5120: 16 x 86.55 us = 1384.8 us (1453.69 GFLOPS/s)
MUL_MAT_VEC q6_K m=17408 n=1 k=5120: 128 x 123.975 us = 15868.9 us (1437.7 GFLOPS/s)
MUL_MAT_VEC q6_K m=248320 n=1 k=5120: 1 x 1642.84 us = 1642.84 us (1547.65 GFLOPS/s)
MUL_MAT_VEC q6_K m=6144 n=1 k=5120: 48 x 47.134 us = 2262.44 us (1334.67 GFLOPS/s)
MUL_MAT_VEC q8_0 m=5120 n=1 k=6144: 48 x 64.11 us = 3077.28 us (981.273 GFLOPS/s)
RMS_NORM_MUL RMS_NORM(256,24,1,1): 16 x 4.54 us = 72.64 us
RMS_NORM_MUL RMS_NORM(256,4,1,1): 16 x 5.11 us = 81.76 us
RMS_NORM_MUL RMS_NORM(5120,1,1,1): 129 x 3.957 us = 510.52 us
RMS_NORM_MUL_SILU_MUL RMS_NORM(128,48,1,1): 48 x 4.966 us = 238.4 us
RMS_NORM_SCALE RMS_NORM(128,16,1,1): 96 x 4.059 us = 389.68 us
ROPE: 32 x 4.587 us = 146.8 us
SET_ROWS: 32 x 3.425 us = 109.6 us
SIGMOID_MUL SIGMOID: 16 x 2.875 us = 46 us
SSM_CONV_SILU SSM_CONV: 48 x 6.555 us = 314.64 us
Total time: 41733.9 us.
----------------
Vulkan Timings:
CONCAT: 1 x 3.72 us = 3.72 us
CONT: 1 x 3.52 us = 3.52 us
FLASH_ATTN_EXT dst(256,24,1,1),  q(256,1,24,1),  k(256,256,4,1),  v(256,256,4,1),  m(256,1,1,1): 1 x 12.76 us = 12.76 us (493.061 GFLOPS/s)
GLU: 1 x 1.72 us = 1.72 us
MUL_MAT f32 m=256 n=24 k=256: 1 x 2.08 us = 2.08 us (1509.42 GFLOPS/s)
MUL_MAT f32 m=64 n=16 k=64: 1 x 1.84 us = 1.84 us (70.6783 GFLOPS/s)
MUL_MAT f32 m=64 n=96 k=64: 1 x 3.2 us = 3.2 us (243.84 GFLOPS/s)
MUL_MAT_ADD MUL_MAT_VEC q6_K m=5120 n=1 k=17408: 1 x 123.2 us = 123.2 us (1446.86 GFLOPS/s)
MUL_MAT_ADD MUL_MAT_VEC q6_K m=5120 n=1 k=6144: 1 x 47.64 us = 47.64 us (1320.52 GFLOPS/s)
MUL_MAT_VEC f32 m=256 n=4 k=256: 1 x 0.76 us = 0.76 us (688.505 GFLOPS/s)
MUL_MAT_VEC q6_K m=1024 n=1 k=5120: 2 x 9.2 us = 18.4 us (1139.65 GFLOPS/s)
MUL_MAT_VEC q6_K m=12288 n=1 k=5120: 1 x 90.56 us = 90.56 us (1389.32 GFLOPS/s)
MUL_MAT_VEC q6_K m=17408 n=1 k=5120: 2 x 121.38 us = 242.76 us (1468.45 GFLOPS/s)
MUL_MAT_VEC q8_0 m=5120 n=1 k=10240: 1 x 107.04 us = 107.04 us (979.564 GFLOPS/s)
RMS_NORM_MUL RMS_NORM(256,24,1,1): 1 x 3.24 us = 3.24 us
RMS_NORM_MUL RMS_NORM(256,4,1,1): 1 x 4.88 us = 4.88 us
RMS_NORM_MUL RMS_NORM(5120,1,1,1): 5 x 8.712 us = 43.56 us
ROPE: 2 x 3.34 us = 6.68 us
SET_ROWS: 2 x 3.74 us = 7.48 us
SIGMOID_MUL SIGMOID: 1 x 1.56 us = 1.56 us
Total time: 726.6 us.
0.35.989.013 I slot print_timing: id  0 | task 0 | prompt eval time =     456.45 ms /    10 tokens (   45.64 ms per token,    21.91 tokens per second)
0.35.989.017 I slot print_timing: id  0 | task 0 |        eval time =    5275.03 ms /   160 tokens (   33.18 ms per token,    30.14 tokens per second)
0.35.989.018 I slot print_timing: id  0 | task 0 |       total time =    5731.48 ms /   170 tokens
0.35.989.023 I slot print_timing: id  0 | task 0 |    graphs reused =         63
0.35.989.029 I slot print_timing: id  0 | task 0 | draft acceptance = 0.35907 (   93 accepted /   259 generated), mean len =  2.43
0.35.989.307 I slot      release: id  0 | task 0 | stop processing: n_tokens = 169, truncated = 0
0.35.998.712 I srv    operator(): operator(): cleaning up before exit...
