0.00.000.743 I srv  llama_server: initializing ...
WARNING: radv is not a conformant Vulkan implementation, testing use only.
WARNING: radv is not a conformant Vulkan implementation, testing use only.
0.00.055.029 I cmn  common_param: common_params_print_info: verbosity = 3 (adjust with the `-lv N` CLI arg)
0.00.055.648 I srv          init: The UI is disabled
0.00.055.650 I srv          init: Use --ui/--no-ui (or deprecated --webui/--no-webui) to enable/disable
0.00.055.869 W srv  llama_server: security: no API key is set and CORS allows all origins (see https://github.com/ggml-org/llama.cpp/pull/25655)
0.00.057.074 I srv    load_model: loading model '/mnt/8724062a-75f8-4edf-8ca8-b7dd4e77ed30/models/qwen3.8:27b/unsloth/Qwen3.8-27B-Q6_K.gguf'
0.05.697.142 W common_init_result: --spec-draft-vocab without --spec-draft-vocab-file: using specials + lowest token ids
0.06.652.869 I cmn          init: llama threadpool init, n_threads = 8
----------------
Vulkan Timings:
ADD: 48 x 4.85 us = 232.84 us
CONCAT: 48 x 3.345 us = 160.6 us
CONT: 16 x 5.372 us = 85.96 us
CPY: 240 x 3.781 us = 907.6 us
FLASH_ATTN_EXT dst(256,24,2,1),  q(256,2,24,1),  k(256,256,4,1),  v(256,256,4,1),  m(256,2,1,1): 16 x 41.611 us = 665.78 us (302.392 GFLOPS/s)
GDN_CACHE GATED_DELTA_NET: 48 x 10.226 us = 490.88 us
GET_ROWS: 50 x 9.391 us = 469.56 us
GLU: 64 x 2.2 us = 140.8 us
MUL_MAT f32 m=256 n=48 k=256: 16 x 2.72 us = 43.52 us (2308.52 GFLOPS/s)
MUL_MAT f32 m=64 n=192 k=64: 16 x 3.425 us = 54.8 us (455.643 GFLOPS/s)
MUL_MAT f32 m=64 n=32 k=64: 16 x 14.837 us = 237.4 us (17.5296 GFLOPS/s)
MUL_MAT_ADD MUL_MAT_VEC q6_K m=5120 n=2 k=17408: 64 x 131.663 us = 8426.45 us (2707.71 GFLOPS/s)
MUL_MAT_ADD MUL_MAT_VEC q6_K m=5120 n=2 k=6144: 16 x 52.757 us = 844.12 us (2384.85 GFLOPS/s)
MUL_MAT_VEC f32 m=256 n=8 k=256: 16 x 3.852 us = 61.64 us (271.649 GFLOPS/s)
MUL_MAT_VEC f32 m=48 n=2 k=5120: 96 x 4.844 us = 465.04 us (202.913 GFLOPS/s)
MUL_MAT_VEC q6_K m=1024 n=2 k=5120: 32 x 17.29 us = 553.28 us (1212.81 GFLOPS/s)
MUL_MAT_VEC q6_K m=10240 n=2 k=5120: 48 x 115.216 us = 5530.4 us (1820 GFLOPS/s)
MUL_MAT_VEC q6_K m=12288 n=2 k=5120: 16 x 92.25 us = 1476 us (2727.74 GFLOPS/s)
MUL_MAT_VEC q6_K m=17408 n=2 k=5120: 128 x 137.311 us = 17575.9 us (2596.15 GFLOPS/s)
MUL_MAT_VEC q6_K m=248320 n=1 k=5120: 1 x 1644.48 us = 1644.48 us (1546.11 GFLOPS/s)
MUL_MAT_VEC q6_K m=6144 n=2 k=5120: 48 x 66.561 us = 3194.96 us (1890.23 GFLOPS/s)
MUL_MAT_VEC q8_0 m=5120 n=2 k=6144: 48 x 136.173 us = 6536.32 us (923.961 GFLOPS/s)
RMS_NORM_MUL RMS_NORM(256,24,2,1): 16 x 3.875 us = 62 us
RMS_NORM_MUL RMS_NORM(256,4,2,1): 16 x 5.46 us = 87.36 us
RMS_NORM_MUL RMS_NORM(5120,2,1,1): 129 x 4.582 us = 591.12 us
RMS_NORM_MUL_SILU_MUL RMS_NORM(128,48,2,1): 48 x 7.175 us = 344.44 us
RMS_NORM_SCALE RMS_NORM(128,16,2,1): 96 x 3.406 us = 327.04 us
ROPE: 32 x 5.052 us = 161.68 us
SCALE: 96 x 8.452 us = 811.44 us
SET_ROWS: 32 x 3.708 us = 118.68 us
SIGMOID_MUL SIGMOID: 16 x 5.927 us = 94.84 us
SSM_CONV_SILU SSM_CONV: 48 x 5.79 us = 277.96 us
Total time: 52674.9 us.
0.06.729.096 I common_speculative_init_result: creating MTP draft context against the target model '/mnt/8724062a-75f8-4edf-8ca8-b7dd4e77ed30/models/qwen3.8:27b/unsloth/Qwen3.8-27B-Q6_K.gguf'
0.06.751.178 I srv    load_model: initializing, n_slots = 1, n_ctx_slot = 16384, kv_unified = 'false'
0.06.751.324 I spec common_specu: adaptive draft vocab: subset 98304 rows while <= 3 per 256 recent context tokens fall outside it
----------------
Vulkan Timings:
CONCAT: 1 x 2.48 us = 2.48 us
CONT: 1 x 9.92 us = 9.92 us
FLASH_ATTN_EXT dst(256,24,2,1),  q(256,2,24,1),  k(256,256,4,1),  v(256,256,4,1),  m(256,2,1,1): 1 x 244.87 us = 244.87 us (51.3861 GFLOPS/s)
GET_ROWS: 2 x 18.4 us = 36.8 us
GLU: 1 x 2.4 us = 2.4 us
MUL_MAT f32 m=256 n=48 k=256: 1 x 2.56 us = 2.56 us (2452.8 GFLOPS/s)
MUL_MAT f32 m=64 n=192 k=64: 1 x 2.2 us = 2.2 us (709.353 GFLOPS/s)
MUL_MAT f32 m=64 n=32 k=64: 1 x 5.92 us = 5.92 us (43.9351 GFLOPS/s)
MUL_MAT_ADD MUL_MAT_VEC q6_K m=5120 n=2 k=17408: 1 x 235.59 us = 235.59 us (1513.25 GFLOPS/s)
MUL_MAT_ADD MUL_MAT_VEC q6_K m=5120 n=2 k=6144: 1 x 70.76 us = 70.76 us (1778.11 GFLOPS/s)
MUL_MAT_VEC f32 m=256 n=8 k=256: 1 x 4.96 us = 4.96 us (210.994 GFLOPS/s)
MUL_MAT_VEC q6_K m=1024 n=2 k=5120: 2 x 14.48 us = 28.96 us (1448.17 GFLOPS/s)
MUL_MAT_VEC q6_K m=12288 n=2 k=5120: 1 x 135.4 us = 135.4 us (1858.45 GFLOPS/s)
MUL_MAT_VEC q6_K m=17408 n=2 k=5120: 2 x 172.1 us = 344.2 us (2071.36 GFLOPS/s)
MUL_MAT_VEC q6_K m=248320 n=1 k=5120: 1 x 2314.4 us = 2314.4 us (1098.58 GFLOPS/s)
MUL_MAT_VEC q8_0 m=5120 n=2 k=10240: 1 x 409.19 us = 409.19 us (512.488 GFLOPS/s)
PAD: 1 x 16.44 us = 16.44 us
RMS_NORM_MUL RMS_NORM(256,24,2,1): 1 x 5.92 us = 5.92 us
RMS_NORM_MUL RMS_NORM(256,4,2,1): 1 x 5.72 us = 5.72 us
RMS_NORM_MUL RMS_NORM(5120,2,1,1): 5 x 9.328 us = 46.64 us
ROPE: 2 x 5.8 us = 11.6 us
SET_ROWS: 2 x 2.92 us = 5.84 us
SIGMOID_MUL SIGMOID: 1 x 5.88 us = 5.88 us
TOP_K K=10 (248320,1,1,1): 1 x 973.11 us = 973.11 us
Total time: 4921.76 us.
0.06.792.602 W srv          init: chat template supports preserving reasoning, it is enabled by default (may use more tokens, disable via --no-reasoning-preserve)
0.06.792.646 I srv  llama_server: model loaded
0.06.792.651 I srv  llama_server: listening on http://127.0.0.1:8103
0.10.007.148 I slot get_availabl: id  0 | task -1 | selected slot by LRU, t_last = -1
0.10.007.184 I slot launch_slot_: id  0 | task 0 | processing task, is_child = 0
----------------
Vulkan Timings:
ADD: 48 x 4.218 us = 202.48 us
CONCAT: 48 x 2.915 us = 139.96 us
CONT: 16 x 4.812 us = 77 us
CPY: 240 x 3.856 us = 925.52 us
FLASH_ATTN_EXT dst(256,24,6,1),  q(256,6,24,1),  k(256,256,4,1),  v(256,256,4,1),  m(256,6,1,1): 16 x 56.73 us = 907.69 us (665.403 GFLOPS/s)
GDN_CACHE GATED_DELTA_NET: 48 x 20.451 us = 981.68 us
GET_ROWS: 48 x 4.38 us = 210.28 us
GLU: 64 x 2.23 us = 142.76 us
MUL_MAT f32 m=256 n=144 k=256: 16 x 3.117 us = 49.88 us (6042.5 GFLOPS/s)
MUL_MAT f32 m=256 n=24 k=256: 16 x 3.115 us = 49.84 us (1007.89 GFLOPS/s)
MUL_MAT f32 m=64 n=576 k=64: 16 x 4.605 us = 73.68 us (1016.66 GFLOPS/s)
MUL_MAT f32 m=64 n=96 k=64: 16 x 4.067 us = 65.08 us (191.835 GFLOPS/s)
MUL_MAT_ADD MUL_MAT_VEC q6_K m=5120 n=6 k=17408: 64 x 173.647 us = 11113.4 us (6159.14 GFLOPS/s)
MUL_MAT_ADD MUL_MAT_VEC q6_K m=5120 n=6 k=6144: 16 x 70.497 us = 1127.96 us (5354.18 GFLOPS/s)
MUL_MAT_VEC f32 m=48 n=6 k=5120: 96 x 6.154 us = 590.8 us (479.16 GFLOPS/s)
MUL_MAT_VEC q6_K m=1024 n=6 k=5120: 32 x 10.35 us = 331.2 us (6078.11 GFLOPS/s)
MUL_MAT_VEC q6_K m=10240 n=6 k=5120: 48 x 165.426 us = 7940.49 us (3802.79 GFLOPS/s)
MUL_MAT_VEC q6_K m=12288 n=6 k=5120: 16 x 112.825 us = 1805.2 us (6690.9 GFLOPS/s)
MUL_MAT_VEC q6_K m=17408 n=6 k=5120: 128 x 157.55 us = 20166.5 us (6787.93 GFLOPS/s)
MUL_MAT_VEC q6_K m=6144 n=6 k=5120: 48 x 72.5 us = 3480 us (5206.21 GFLOPS/s)
MUL_MAT_VEC q8_0 m=5120 n=6 k=6144: 48 x 94.952 us = 4557.74 us (3975.2 GFLOPS/s)
RMS_NORM_MUL RMS_NORM(256,24,6,1): 16 x 3.125 us = 50 us
RMS_NORM_MUL RMS_NORM(256,4,6,1): 16 x 5.372 us = 85.96 us
RMS_NORM_MUL RMS_NORM(5120,6,1,1): 129 x 8.677 us = 1119.4 us
RMS_NORM_MUL_SILU_MUL RMS_NORM(128,48,6,1): 48 x 6.412 us = 307.8 us
RMS_NORM_SCALE RMS_NORM(128,16,6,1): 96 x 2.571 us = 246.84 us
ROPE: 32 x 4.753 us = 152.12 us
SCALE: 96 x 8.1 us = 777.6 us
SET_ROWS: 32 x 3.832 us = 122.64 us
SIGMOID_MUL SIGMOID: 16 x 5.167 us = 82.68 us
SSM_CONV_SILU SSM_CONV: 48 x 6.251 us = 300.08 us
Total time: 58184.3 us.
----------------
Vulkan Timings:
CONCAT: 1 x 1.92 us = 1.92 us
CONT: 1 x 3.84 us = 3.84 us
FLASH_ATTN_EXT dst(256,24,6,1),  q(256,6,24,1),  k(256,256,4,1),  v(256,256,4,1),  m(256,6,1,1): 1 x 119.61 us = 119.61 us (315.598 GFLOPS/s)
GLU: 1 x 1.72 us = 1.72 us
MUL_MAT f32 m=256 n=144 k=256: 1 x 1.68 us = 1.68 us (11212.8 GFLOPS/s)
MUL_MAT f32 m=256 n=24 k=256: 1 x 0.88 us = 0.88 us (3567.71 GFLOPS/s)
MUL_MAT f32 m=64 n=576 k=64: 1 x 3.24 us = 3.24 us (1444.98 GFLOPS/s)
MUL_MAT f32 m=64 n=96 k=64: 1 x 3.52 us = 3.52 us (221.673 GFLOPS/s)
MUL_MAT_ADD MUL_MAT_VEC q6_K m=5120 n=6 k=17408: 1 x 329.79 us = 329.79 us (3243.02 GFLOPS/s)
MUL_MAT_ADD MUL_MAT_VEC q6_K m=5120 n=6 k=6144: 1 x 59.2 us = 59.2 us (6375.96 GFLOPS/s)
MUL_MAT_VEC q6_K m=1024 n=6 k=5120: 2 x 11.5 us = 23 us (5470.3 GFLOPS/s)
MUL_MAT_VEC q6_K m=12288 n=6 k=5120: 1 x 137.63 us = 137.63 us (5485 GFLOPS/s)
MUL_MAT_VEC q6_K m=17408 n=6 k=5120: 2 x 143.3 us = 286.6 us (7462.97 GFLOPS/s)
MUL_MAT_VEC q8_0 m=5120 n=6 k=10240: 1 x 251.97 us = 251.97 us (2496.78 GFLOPS/s)
RMS_NORM_MUL RMS_NORM(256,24,6,1): 1 x 5.36 us = 5.36 us
RMS_NORM_MUL RMS_NORM(256,4,6,1): 1 x 3.2 us = 3.2 us
RMS_NORM_MUL RMS_NORM(5120,6,1,1): 5 x 9.912 us = 49.56 us
ROPE: 2 x 3.38 us = 6.76 us
SET_ROWS: 2 x 3.02 us = 6.04 us
SIGMOID_MUL SIGMOID: 1 x 3.56 us = 3.56 us
Total time: 1299.08 us.
----------------
Vulkan Timings:
ADD: 48 x 3.407 us = 163.56 us
CONCAT: 48 x 2.712 us = 130.2 us
CONT: 16 x 4.66 us = 74.56 us
CPY: 240 x 3.156 us = 757.44 us
FLASH_ATTN_EXT dst(256,24,4,1),  q(256,4,24,1),  k(256,256,4,1),  v(256,256,4,1),  m(256,4,1,1): 16 x 22.63 us = 362.08 us (1112.06 GFLOPS/s)
GDN_CACHE GATED_DELTA_NET: 48 x 13.347 us = 640.68 us
GET_ROWS: 50 x 9.548 us = 477.44 us
GLU: 64 x 5.768 us = 369.16 us
MUL_MAT f32 m=256 n=16 k=256: 16 x 3.605 us = 57.68 us (580.598 GFLOPS/s)
MUL_MAT f32 m=256 n=96 k=256: 16 x 2.127 us = 34.04 us (5902.86 GFLOPS/s)
MUL_MAT f32 m=64 n=384 k=64: 16 x 4.502 us = 72.04 us (693.204 GFLOPS/s)
MUL_MAT f32 m=64 n=64 k=64: 16 x 5.21 us = 83.36 us (99.8449 GFLOPS/s)
MUL_MAT_ADD MUL_MAT_VEC q6_K m=5120 n=4 k=17408: 64 x 145.978 us = 9342.64 us (4884.35 GFLOPS/s)
MUL_MAT_ADD MUL_MAT_VEC q6_K m=5120 n=4 k=6144: 16 x 58.575 us = 937.2 us (4295.99 GFLOPS/s)
MUL_MAT_VEC f32 m=48 n=4 k=5120: 96 x 4.772 us = 458.12 us (411.956 GFLOPS/s)
MUL_MAT_VEC q6_K m=1024 n=4 k=5120: 32 x 9.312 us = 298 us (4503.51 GFLOPS/s)
MUL_MAT_VEC q6_K m=10240 n=4 k=5120: 48 x 88.671 us = 4256.24 us (4729.69 GFLOPS/s)
MUL_MAT_VEC q6_K m=12288 n=4 k=5120: 16 x 106.252 us = 1700.04 us (4736.52 GFLOPS/s)
MUL_MAT_VEC q6_K m=17408 n=4 k=5120: 128 x 169.065 us = 21640.3 us (4217.09 GFLOPS/s)
MUL_MAT_VEC q6_K m=248320 n=1 k=5120: 1 x 1643.52 us = 1643.52 us (1547.01 GFLOPS/s)
MUL_MAT_VEC q6_K m=6144 n=4 k=5120: 48 x 58.689 us = 2817.08 us (4287.57 GFLOPS/s)
MUL_MAT_VEC q8_0 m=5120 n=4 k=6144: 48 x 69.772 us = 3349.08 us (3606.55 GFLOPS/s)
RMS_NORM_MUL RMS_NORM(256,24,4,1): 16 x 3.19 us = 51.04 us
RMS_NORM_MUL RMS_NORM(256,4,4,1): 16 x 5.657 us = 90.52 us
RMS_NORM_MUL RMS_NORM(5120,4,1,1): 129 x 4.173 us = 538.4 us
RMS_NORM_MUL_SILU_MUL RMS_NORM(128,48,4,1): 48 x 6.341 us = 304.4 us
RMS_NORM_SCALE RMS_NORM(128,16,4,1): 96 x 2.418 us = 232.16 us
ROPE: 32 x 4.725 us = 151.2 us
SET_ROWS: 32 x 3.756 us = 120.2 us
SIGMOID_MUL SIGMOID: 16 x 3.28 us = 52.48 us
SSM_CONV_SILU SSM_CONV: 48 x 5.661 us = 271.76 us
Total time: 51476.6 us.
----------------
Vulkan Timings:
CONCAT: 1 x 3.96 us = 3.96 us
CONT: 1 x 3.6 us = 3.6 us
FLASH_ATTN_EXT dst(256,24,4,1),  q(256,4,24,1),  k(256,256,4,1),  v(256,256,4,1),  m(256,4,1,1): 1 x 19.88 us = 19.88 us (1265.89 GFLOPS/s)
GLU: 1 x 1.8 us = 1.8 us
MUL_MAT f32 m=256 n=16 k=256: 1 x 3.12 us = 3.12 us (670.851 GFLOPS/s)
MUL_MAT f32 m=256 n=96 k=256: 1 x 1.68 us = 1.68 us (7475.2 GFLOPS/s)
MUL_MAT f32 m=64 n=384 k=64: 1 x 3.36 us = 3.36 us (928.914 GFLOPS/s)
MUL_MAT f32 m=64 n=64 k=64: 1 x 1.88 us = 1.88 us (276.698 GFLOPS/s)
MUL_MAT_ADD MUL_MAT_VEC q6_K m=5120 n=4 k=17408: 1 x 135.16 us = 135.16 us (5275.31 GFLOPS/s)
MUL_MAT_ADD MUL_MAT_VEC q6_K m=5120 n=4 k=6144: 1 x 52.4 us = 52.4 us (4802.25 GFLOPS/s)
MUL_MAT_VEC q6_K m=1024 n=4 k=5120: 2 x 14.28 us = 28.56 us (2936.9 GFLOPS/s)
MUL_MAT_VEC q6_K m=12288 n=4 k=5120: 1 x 91.52 us = 91.52 us (5498.99 GFLOPS/s)
MUL_MAT_VEC q6_K m=17408 n=4 k=5120: 2 x 129.98 us = 259.96 us (5485.17 GFLOPS/s)
MUL_MAT_VEC q8_0 m=5120 n=4 k=10240: 1 x 105.88 us = 105.88 us (3961.18 GFLOPS/s)
RMS_NORM_MUL RMS_NORM(256,24,4,1): 1 x 3.4 us = 3.4 us
RMS_NORM_MUL RMS_NORM(256,4,4,1): 1 x 4.96 us = 4.96 us
RMS_NORM_MUL RMS_NORM(5120,4,1,1): 5 x 8.244 us = 41.22 us
ROPE: 2 x 3.44 us = 6.88 us
SET_ROWS: 2 x 2.6 us = 5.2 us
SIGMOID_MUL SIGMOID: 1 x 1.64 us = 1.64 us
Total time: 776.06 us.
0.10.265.325 I spec        begin: adaptive draft vocab: cumulative draft steps subset 0 / 0 (0.0000), switches 0
----------------
Vulkan Timings:
CONCAT: 1 x 3.6 us = 3.6 us
CONT: 1 x 3.48 us = 3.48 us
FLASH_ATTN_EXT dst(256,24,1,1),  q(256,1,24,1),  k(256,256,4,1),  v(256,256,4,1),  m(256,1,1,1): 1 x 12.56 us = 12.56 us (500.912 GFLOPS/s)
GET_ROWS: 2 x 5.38 us = 10.76 us
GLU: 1 x 1.56 us = 1.56 us
MUL_MAT f32 m=256 n=24 k=256: 1 x 1.52 us = 1.52 us (2065.52 GFLOPS/s)
MUL_MAT f32 m=64 n=16 k=64: 1 x 1.84 us = 1.84 us (70.6783 GFLOPS/s)
MUL_MAT f32 m=64 n=96 k=64: 1 x 3.2 us = 3.2 us (243.84 GFLOPS/s)
MUL_MAT_ADD MUL_MAT_VEC q6_K m=5120 n=1 k=17408: 1 x 124.76 us = 124.76 us (1428.77 GFLOPS/s)
MUL_MAT_ADD MUL_MAT_VEC q6_K m=5120 n=1 k=6144: 1 x 48.12 us = 48.12 us (1307.34 GFLOPS/s)
MUL_MAT_VEC f32 m=256 n=4 k=256: 1 x 3 us = 3 us (174.421 GFLOPS/s)
MUL_MAT_VEC q6_K m=1024 n=1 k=5120: 2 x 9.28 us = 18.56 us (1129.82 GFLOPS/s)
MUL_MAT_VEC q6_K m=12288 n=1 k=5120: 1 x 487.02 us = 487.02 us (258.34 GFLOPS/s)
MUL_MAT_VEC q6_K m=17408 n=1 k=5120: 2 x 120.76 us = 241.52 us (1475.99 GFLOPS/s)
MUL_MAT_VEC q6_K m=98304 n=1 k=5120: 1 x 671.36 us = 671.36 us (1499.25 GFLOPS/s)
MUL_MAT_VEC q8_0 m=5120 n=1 k=10240: 1 x 793.36 us = 793.36 us (132.163 GFLOPS/s)
PAD: 1 x 7 us = 7 us
RMS_NORM_MUL RMS_NORM(256,24,1,1): 1 x 3.2 us = 3.2 us
RMS_NORM_MUL RMS_NORM(256,4,1,1): 1 x 4.8 us = 4.8 us
RMS_NORM_MUL RMS_NORM(5120,1,1,1): 5 x 4.056 us = 20.28 us
ROPE: 2 x 3.32 us = 6.64 us
SET_ROWS: 2 x 2.58 us = 5.16 us
SIGMOID_MUL SIGMOID: 1 x 1.6 us = 1.6 us
TOP_K K=10 (98304,1,1,1): 1 x 8.76 us = 8.76 us
Total time: 2483.66 us.
----------------
Vulkan Timings:
CONCAT: 1 x 3.76 us = 3.76 us
CONT: 1 x 3.64 us = 3.64 us
FLASH_ATTN_EXT dst(256,24,1,1),  q(256,1,24,1),  k(256,256,4,1),  v(256,256,4,1),  m(256,1,1,1): 1 x 12.84 us = 12.84 us (489.989 GFLOPS/s)
GET_ROWS: 2 x 4.26 us = 8.52 us
GLU: 1 x 1.76 us = 1.76 us
MUL_MAT f32 m=256 n=24 k=256: 1 x 1.6 us = 1.6 us (1962.24 GFLOPS/s)
MUL_MAT f32 m=64 n=16 k=64: 1 x 3.6 us = 3.6 us (36.1244 GFLOPS/s)
MUL_MAT f32 m=64 n=96 k=64: 1 x 3.64 us = 3.64 us (214.365 GFLOPS/s)
MUL_MAT_ADD MUL_MAT_VEC q6_K m=5120 n=1 k=17408: 1 x 123.84 us = 123.84 us (1439.38 GFLOPS/s)
MUL_MAT_ADD MUL_MAT_VEC q6_K m=5120 n=1 k=6144: 1 x 54.32 us = 54.32 us (1158.13 GFLOPS/s)
MUL_MAT_VEC f32 m=256 n=4 k=256: 1 x 3.04 us = 3.04 us (172.126 GFLOPS/s)
MUL_MAT_VEC q6_K m=1024 n=1 k=5120: 2 x 9.02 us = 18.04 us (1162.39 GFLOPS/s)
MUL_MAT_VEC q6_K m=12288 n=1 k=5120: 1 x 86 us = 86 us (1462.99 GFLOPS/s)
MUL_MAT_VEC q6_K m=17408 n=1 k=5120: 2 x 121.24 us = 242.48 us (1470.15 GFLOPS/s)
MUL_MAT_VEC q6_K m=98304 n=1 k=5120: 1 x 669.6 us = 669.6 us (1503.19 GFLOPS/s)
MUL_MAT_VEC q8_0 m=5120 n=1 k=10240: 1 x 100.68 us = 100.68 us (1041.44 GFLOPS/s)
PAD: 1 x 6.28 us = 6.28 us
RMS_NORM_MUL RMS_NORM(256,24,1,1): 1 x 3.6 us = 3.6 us
RMS_NORM_MUL RMS_NORM(256,4,1,1): 1 x 3.56 us = 3.56 us
RMS_NORM_MUL RMS_NORM(5120,1,1,1): 5 x 3.72 us = 18.6 us
ROPE: 2 x 3.6 us = 7.2 us
SET_ROWS: 2 x 2.66 us = 5.32 us
SIGMOID_MUL SIGMOID: 1 x 1.72 us = 1.72 us
TOP_K K=10 (98304,1,1,1): 1 x 8.88 us = 8.88 us
Total time: 1392.52 us.
----------------
Vulkan Timings:
CONCAT: 1 x 3.8 us = 3.8 us
CONT: 1 x 3.6 us = 3.6 us
FLASH_ATTN_EXT dst(256,24,1,1),  q(256,1,24,1),  k(256,256,4,1),  v(256,256,4,1),  m(256,1,1,1): 1 x 12.88 us = 12.88 us (488.467 GFLOPS/s)
GET_ROWS: 2 x 4.2 us = 8.4 us
GLU: 1 x 1.88 us = 1.88 us
MUL_MAT f32 m=256 n=24 k=256: 1 x 1.68 us = 1.68 us (1868.8 GFLOPS/s)
MUL_MAT f32 m=64 n=16 k=64: 1 x 3.64 us = 3.64 us (35.7275 GFLOPS/s)
MUL_MAT f32 m=64 n=96 k=64: 1 x 3.6 us = 3.6 us (216.747 GFLOPS/s)
MUL_MAT_ADD MUL_MAT_VEC q6_K m=5120 n=1 k=17408: 1 x 124.4 us = 124.4 us (1432.9 GFLOPS/s)
MUL_MAT_ADD MUL_MAT_VEC q6_K m=5120 n=1 k=6144: 1 x 54.52 us = 54.52 us (1153.88 GFLOPS/s)
MUL_MAT_VEC f32 m=256 n=4 k=256: 1 x 3.04 us = 3.04 us (172.126 GFLOPS/s)
MUL_MAT_VEC q6_K m=1024 n=1 k=5120: 2 x 9.2 us = 18.4 us (1139.65 GFLOPS/s)
MUL_MAT_VEC q6_K m=12288 n=1 k=5120: 1 x 85.8 us = 85.8 us (1466.4 GFLOPS/s)
MUL_MAT_VEC q6_K m=17408 n=1 k=5120: 2 x 120.96 us = 241.92 us (1473.55 GFLOPS/s)
MUL_MAT_VEC q6_K m=98304 n=1 k=5120: 1 x 674.64 us = 674.64 us (1491.96 GFLOPS/s)
MUL_MAT_VEC q8_0 m=5120 n=1 k=10240: 1 x 101.16 us = 101.16 us (1036.5 GFLOPS/s)
PAD: 1 x 6.28 us = 6.28 us
RMS_NORM_MUL RMS_NORM(256,24,1,1): 1 x 3.6 us = 3.6 us
RMS_NORM_MUL RMS_NORM(256,4,1,1): 1 x 3.6 us = 3.6 us
RMS_NORM_MUL RMS_NORM(5120,1,1,1): 5 x 3.704 us = 18.52 us
ROPE: 2 x 3.56 us = 7.12 us
SET_ROWS: 2 x 2.64 us = 5.28 us
SIGMOID_MUL SIGMOID: 1 x 1.64 us = 1.64 us
TOP_K K=10 (98304,1,1,1): 1 x 8.8 us = 8.8 us
Total time: 1398.2 us.
----------------
Vulkan Timings:
CONCAT: 1 x 3.72 us = 3.72 us
CONT: 1 x 3.6 us = 3.6 us
FLASH_ATTN_EXT dst(256,24,1,1),  q(256,1,24,1),  k(256,256,4,1),  v(256,256,4,1),  m(256,1,1,1): 1 x 12.8 us = 12.8 us (491.52 GFLOPS/s)
GET_ROWS: 2 x 4.16 us = 8.32 us
GLU: 1 x 1.8 us = 1.8 us
MUL_MAT f32 m=256 n=24 k=256: 1 x 1.64 us = 1.64 us (1914.38 GFLOPS/s)
MUL_MAT f32 m=64 n=16 k=64: 1 x 3.64 us = 3.64 us (35.7275 GFLOPS/s)
MUL_MAT f32 m=64 n=96 k=64: 1 x 3.6 us = 3.6 us (216.747 GFLOPS/s)
MUL_MAT_ADD MUL_MAT_VEC q6_K m=5120 n=1 k=17408: 1 x 123.16 us = 123.16 us (1447.33 GFLOPS/s)
MUL_MAT_ADD MUL_MAT_VEC q6_K m=5120 n=1 k=6144: 1 x 53.44 us = 53.44 us (1177.2 GFLOPS/s)
MUL_MAT_VEC f32 m=256 n=4 k=256: 1 x 3.04 us = 3.04 us (172.126 GFLOPS/s)
MUL_MAT_VEC q6_K m=1024 n=1 k=5120: 2 x 9.1 us = 18.2 us (1152.17 GFLOPS/s)
MUL_MAT_VEC q6_K m=12288 n=1 k=5120: 1 x 85.52 us = 85.52 us (1471.2 GFLOPS/s)
MUL_MAT_VEC q6_K m=17408 n=1 k=5120: 2 x 121.42 us = 242.84 us (1467.97 GFLOPS/s)
MUL_MAT_VEC q6_K m=98304 n=1 k=5120: 1 x 672.02 us = 672.02 us (1497.77 GFLOPS/s)
MUL_MAT_VEC q8_0 m=5120 n=1 k=10240: 1 x 101.96 us = 101.96 us (1028.37 GFLOPS/s)
PAD: 1 x 7.24 us = 7.24 us
RMS_NORM_MUL RMS_NORM(256,24,1,1): 1 x 3.6 us = 3.6 us
RMS_NORM_MUL RMS_NORM(256,4,1,1): 1 x 3.6 us = 3.6 us
RMS_NORM_MUL RMS_NORM(5120,1,1,1): 5 x 3.68 us = 18.4 us
ROPE: 2 x 3.58 us = 7.16 us
SET_ROWS: 2 x 2.64 us = 5.28 us
SIGMOID_MUL SIGMOID: 1 x 1.72 us = 1.72 us
TOP_K K=10 (98304,1,1,1): 1 x 8.96 us = 8.96 us
Total time: 1395.26 us.
----------------
Vulkan Timings:
ADD: 48 x 3.102 us = 148.92 us
CONCAT: 48 x 2.488 us = 119.44 us
CONT: 16 x 4.672 us = 74.76 us
CPY: 240 x 3.384 us = 812.32 us
FLASH_ATTN_EXT dst(256,24,5,1),  q(256,5,24,1),  k(256,256,4,1),  v(256,256,4,1),  m(256,5,1,1): 16 x 24.135 us = 386.16 us (1303.39 GFLOPS/s)
GDN_CACHE GATED_DELTA_NET: 48 x 15.182 us = 728.76 us
GET_ROWS: 50 x 25.744 us = 1287.2 us
GLU: 64 x 2.83 us = 181.16 us
MUL_MAT f32 m=256 n=120 k=256: 16 x 2.002 us = 32.04 us (7839.16 GFLOPS/s)
MUL_MAT f32 m=256 n=20 k=256: 16 x 3.87 us = 61.92 us (676.052 GFLOPS/s)
MUL_MAT f32 m=64 n=480 k=64: 16 x 4.802 us = 76.84 us (812.377 GFLOPS/s)
MUL_MAT f32 m=64 n=80 k=64: 16 x 3.652 us = 58.44 us (178.026 GFLOPS/s)
MUL_MAT_ADD MUL_MAT_VEC q6_K m=5120 n=5 k=17408: 64 x 156.982 us = 10046.9 us (5677.47 GFLOPS/s)
MUL_MAT_ADD MUL_MAT_VEC q6_K m=5120 n=5 k=6144: 16 x 68.14 us = 1090.24 us (4616.19 GFLOPS/s)
MUL_MAT_VEC f32 m=48 n=5 k=5120: 96 x 5.508 us = 528.8 us (446.117 GFLOPS/s)
MUL_MAT_VEC q6_K m=1024 n=5 k=5120: 32 x 9.045 us = 289.44 us (5795.87 GFLOPS/s)
MUL_MAT_VEC q6_K m=10240 n=5 k=5120: 48 x 87.955 us = 4221.84 us (5960.28 GFLOPS/s)
MUL_MAT_VEC q6_K m=12288 n=5 k=5120: 16 x 105.822 us = 1693.16 us (5944.71 GFLOPS/s)
MUL_MAT_VEC q6_K m=17408 n=5 k=5120: 128 x 148.327 us = 18986 us (6008.33 GFLOPS/s)
MUL_MAT_VEC q6_K m=248320 n=5 k=5120: 1 x 1685.04 us = 1685.04 us (7544.48 GFLOPS/s)
MUL_MAT_VEC q6_K m=6144 n=5 k=5120: 48 x 63.195 us = 3033.4 us (4977.26 GFLOPS/s)
MUL_MAT_VEC q8_0 m=5120 n=5 k=6144: 48 x 69.527 us = 3337.32 us (4524.07 GFLOPS/s)
RMS_NORM_MUL RMS_NORM(256,24,5,1): 16 x 2.965 us = 47.44 us
RMS_NORM_MUL RMS_NORM(256,4,5,1): 16 x 5.925 us = 94.8 us
RMS_NORM_MUL RMS_NORM(5120,5,1,1): 129 x 6.752 us = 871.08 us
RMS_NORM_MUL_SILU_MUL RMS_NORM(128,48,5,1): 48 x 6.19 us = 297.16 us
RMS_NORM_SCALE RMS_NORM(128,16,5,1): 96 x 2.584 us = 248.08 us
ROPE: 32 x 5.496 us = 175.88 us
SET_ROWS: 32 x 3.677 us = 117.68 us
SIGMOID_MUL SIGMOID: 16 x 4.932 us = 78.92 us
SSM_CONV_SILU SSM_CONV: 48 x 6.04 us = 289.92 us
Total time: 51101 us.
----------------
Vulkan Timings:
CONCAT: 1 x 4.2 us = 4.2 us
CONT: 1 x 3.44 us = 3.44 us
FLASH_ATTN_EXT dst(256,24,5,1),  q(256,5,24,1),  k(256,256,4,1),  v(256,256,4,1),  m(256,5,1,1): 1 x 22.2 us = 22.2 us (1416.99 GFLOPS/s)
GLU: 1 x 1.52 us = 1.52 us
MUL_MAT f32 m=256 n=120 k=256: 1 x 1.6 us = 1.6 us (9811.2 GFLOPS/s)
MUL_MAT f32 m=256 n=20 k=256: 1 x 2.96 us = 2.96 us (883.892 GFLOPS/s)
MUL_MAT f32 m=64 n=480 k=64: 1 x 3.4 us = 3.4 us (1147.48 GFLOPS/s)
MUL_MAT f32 m=64 n=80 k=64: 1 x 3.32 us = 3.32 us (195.855 GFLOPS/s)
MUL_MAT_ADD MUL_MAT_VEC q6_K m=5120 n=5 k=17408: 1 x 168.49 us = 168.49 us (5289.71 GFLOPS/s)
MUL_MAT_ADD MUL_MAT_VEC q6_K m=5120 n=5 k=6144: 1 x 65.72 us = 65.72 us (4786.17 GFLOPS/s)
MUL_MAT_VEC q6_K m=1024 n=5 k=5120: 2 x 9.58 us = 19.16 us (5472.2 GFLOPS/s)
MUL_MAT_VEC q6_K m=12288 n=5 k=5120: 1 x 124.68 us = 124.68 us (5045.59 GFLOPS/s)
MUL_MAT_VEC q6_K m=17408 n=5 k=5120: 2 x 132.2 us = 264.4 us (6741.32 GFLOPS/s)
MUL_MAT_VEC q8_0 m=5120 n=5 k=10240: 1 x 106.08 us = 106.08 us (4942.14 GFLOPS/s)
RMS_NORM_MUL RMS_NORM(256,24,5,1): 1 x 3.4 us = 3.4 us
RMS_NORM_MUL RMS_NORM(256,4,5,1): 1 x 3.36 us = 3.36 us
RMS_NORM_MUL RMS_NORM(5120,5,1,1): 5 x 8.05 us = 40.25 us
ROPE: 2 x 3.36 us = 6.72 us
SET_ROWS: 2 x 1.9 us = 3.8 us
SIGMOID_MUL SIGMOID: 1 x 1.56 us = 1.56 us
Total time: 850.26 us.
----------------
Vulkan Timings:
CONCAT: 1 x 3.72 us = 3.72 us
CONT: 1 x 3.52 us = 3.52 us
FLASH_ATTN_EXT dst(256,24,1,1),  q(256,1,24,1),  k(256,256,4,1),  v(256,256,4,1),  m(256,1,1,1): 1 x 14.36 us = 14.36 us (438.124 GFLOPS/s)
GET_ROWS: 2 x 4.22 us = 8.44 us
GLU: 1 x 1.56 us = 1.56 us
MUL_MAT f32 m=256 n=24 k=256: 1 x 1.56 us = 1.56 us (2012.55 GFLOPS/s)
MUL_MAT f32 m=64 n=16 k=64: 1 x 1.8 us = 1.8 us (72.2489 GFLOPS/s)
MUL_MAT f32 m=64 n=96 k=64: 1 x 3.2 us = 3.2 us (243.84 GFLOPS/s)
MUL_MAT_ADD MUL_MAT_VEC q6_K m=5120 n=1 k=17408: 1 x 130 us = 130 us (1371.18 GFLOPS/s)
MUL_MAT_ADD MUL_MAT_VEC q6_K m=5120 n=1 k=6144: 1 x 54.68 us = 54.68 us (1150.5 GFLOPS/s)
MUL_MAT_VEC f32 m=256 n=4 k=256: 1 x 3.04 us = 3.04 us (172.126 GFLOPS/s)
MUL_MAT_VEC q6_K m=1024 n=1 k=5120: 2 x 9.18 us = 18.36 us (1142.13 GFLOPS/s)
MUL_MAT_VEC q6_K m=12288 n=1 k=5120: 1 x 90 us = 90 us (1397.96 GFLOPS/s)
MUL_MAT_VEC q6_K m=17408 n=1 k=5120: 2 x 118.5 us = 237 us (1504.14 GFLOPS/s)
MUL_MAT_VEC q6_K m=98304 n=1 k=5120: 1 x 674.04 us = 674.04 us (1493.29 GFLOPS/s)
MUL_MAT_VEC q8_0 m=5120 n=1 k=10240: 1 x 91.32 us = 91.32 us (1148.19 GFLOPS/s)
PAD: 1 x 6.6 us = 6.6 us
RMS_NORM_MUL RMS_NORM(256,24,1,1): 1 x 3.2 us = 3.2 us
RMS_NORM_MUL RMS_NORM(256,4,1,1): 1 x 4.84 us = 4.84 us
RMS_NORM_MUL RMS_NORM(5120,1,1,1): 5 x 4.408 us = 22.04 us
ROPE: 2 x 3.32 us = 6.64 us
SET_ROWS: 2 x 1.86 us = 3.72 us
SIGMOID_MUL SIGMOID: 1 x 1.6 us = 1.6 us
TOP_K K=10 (98304,1,1,1): 1 x 8.64 us = 8.64 us
Total time: 1393.88 us.
----------------
Vulkan Timings:
CONCAT: 1 x 3.72 us = 3.72 us
CONT: 1 x 3.64 us = 3.64 us
FLASH_ATTN_EXT dst(256,24,1,1),  q(256,1,24,1),  k(256,256,4,1),  v(256,256,4,1),  m(256,1,1,1): 1 x 12.84 us = 12.84 us (489.989 GFLOPS/s)
GET_ROWS: 2 x 4.28 us = 8.56 us
GLU: 1 x 1.88 us = 1.88 us
MUL_MAT f32 m=256 n=24 k=256: 1 x 1.68 us = 1.68 us (1868.8 GFLOPS/s)
MUL_MAT f32 m=64 n=16 k=64: 1 x 3.68 us = 3.68 us (35.3391 GFLOPS/s)
MUL_MAT f32 m=64 n=96 k=64: 1 x 3.6 us = 3.6 us (216.747 GFLOPS/s)
MUL_MAT_ADD MUL_MAT_VEC q6_K m=5120 n=1 k=17408: 1 x 123.44 us = 123.44 us (1444.04 GFLOPS/s)
MUL_MAT_ADD MUL_MAT_VEC q6_K m=5120 n=1 k=6144: 1 x 54.16 us = 54.16 us (1161.55 GFLOPS/s)
MUL_MAT_VEC f32 m=256 n=4 k=256: 1 x 3.04 us = 3.04 us (172.126 GFLOPS/s)
MUL_MAT_VEC q6_K m=1024 n=1 k=5120: 2 x 9.1 us = 18.2 us (1152.17 GFLOPS/s)
MUL_MAT_VEC q6_K m=12288 n=1 k=5120: 1 x 86.12 us = 86.12 us (1460.95 GFLOPS/s)
MUL_MAT_VEC q6_K m=17408 n=1 k=5120: 2 x 121.1 us = 242.2 us (1471.85 GFLOPS/s)
MUL_MAT_VEC q6_K m=98304 n=1 k=5120: 1 x 672.26 us = 672.26 us (1497.24 GFLOPS/s)
MUL_MAT_VEC q8_0 m=5120 n=1 k=10240: 1 x 101.08 us = 101.08 us (1037.32 GFLOPS/s)
PAD: 1 x 6.4 us = 6.4 us
RMS_NORM_MUL RMS_NORM(256,24,1,1): 1 x 3.64 us = 3.64 us
RMS_NORM_MUL RMS_NORM(256,4,1,1): 1 x 3.6 us = 3.6 us
RMS_NORM_MUL RMS_NORM(5120,1,1,1): 5 x 4.136 us = 20.68 us
ROPE: 2 x 3.62 us = 7.24 us
SET_ROWS: 2 x 2.62 us = 5.24 us
SIGMOID_MUL SIGMOID: 1 x 1.88 us = 1.88 us
TOP_K K=10 (98304,1,1,1): 1 x 8.84 us = 8.84 us
Total time: 1397.62 us.
----------------
Vulkan Timings:
CONCAT: 1 x 3.76 us = 3.76 us
CONT: 1 x 3.64 us = 3.64 us
FLASH_ATTN_EXT dst(256,24,1,1),  q(256,1,24,1),  k(256,256,4,1),  v(256,256,4,1),  m(256,1,1,1): 1 x 12.92 us = 12.92 us (486.955 GFLOPS/s)
GET_ROWS: 2 x 4.18 us = 8.36 us
GLU: 1 x 1.76 us = 1.76 us
MUL_MAT f32 m=256 n=24 k=256: 1 x 1.6 us = 1.6 us (1962.24 GFLOPS/s)
MUL_MAT f32 m=64 n=16 k=64: 1 x 3.6 us = 3.6 us (36.1244 GFLOPS/s)
MUL_MAT f32 m=64 n=96 k=64: 1 x 3.64 us = 3.64 us (214.365 GFLOPS/s)
MUL_MAT_ADD MUL_MAT_VEC q6_K m=5120 n=1 k=17408: 1 x 123.2 us = 123.2 us (1446.86 GFLOPS/s)
MUL_MAT_ADD MUL_MAT_VEC q6_K m=5120 n=1 k=6144: 1 x 54.08 us = 54.08 us (1163.27 GFLOPS/s)
MUL_MAT_VEC f32 m=256 n=4 k=256: 1 x 3.04 us = 3.04 us (172.126 GFLOPS/s)
MUL_MAT_VEC q6_K m=1024 n=1 k=5120: 2 x 9.06 us = 18.12 us (1157.26 GFLOPS/s)
MUL_MAT_VEC q6_K m=12288 n=1 k=5120: 1 x 85.56 us = 85.56 us (1470.51 GFLOPS/s)
MUL_MAT_VEC q6_K m=17408 n=1 k=5120: 2 x 121.5 us = 243 us (1467 GFLOPS/s)
MUL_MAT_VEC q6_K m=98304 n=1 k=5120: 1 x 672.93 us = 672.93 us (1495.75 GFLOPS/s)
MUL_MAT_VEC q8_0 m=5120 n=1 k=10240: 1 x 101.56 us = 101.56 us (1032.42 GFLOPS/s)
PAD: 1 x 6.36 us = 6.36 us
RMS_NORM_MUL RMS_NORM(256,24,1,1): 1 x 3.6 us = 3.6 us
RMS_NORM_MUL RMS_NORM(256,4,1,1): 1 x 3.6 us = 3.6 us
RMS_NORM_MUL RMS_NORM(5120,1,1,1): 5 x 3.712 us = 18.56 us
ROPE: 2 x 3.54 us = 7.08 us
SET_ROWS: 2 x 2.62 us = 5.24 us
SIGMOID_MUL SIGMOID: 1 x 1.72 us = 1.72 us
TOP_K K=10 (98304,1,1,1): 1 x 8.84 us = 8.84 us
Total time: 1395.77 us.
----------------
Vulkan Timings:
CONCAT: 1 x 3.76 us = 3.76 us
CONT: 1 x 3.64 us = 3.64 us
FLASH_ATTN_EXT dst(256,24,1,1),  q(256,1,24,1),  k(256,256,4,1),  v(256,256,4,1),  m(256,1,1,1): 1 x 15.24 us = 15.24 us (412.825 GFLOPS/s)
GET_ROWS: 2 x 6.42 us = 12.84 us
GLU: 1 x 1.84 us = 1.84 us
MUL_MAT f32 m=256 n=24 k=256: 1 x 1.64 us = 1.64 us (1914.38 GFLOPS/s)
MUL_MAT f32 m=64 n=16 k=64: 1 x 3.64 us = 3.64 us (35.7275 GFLOPS/s)
MUL_MAT f32 m=64 n=96 k=64: 1 x 3.56 us = 3.56 us (219.182 GFLOPS/s)
MUL_MAT_ADD MUL_MAT_VEC q6_K m=5120 n=1 k=17408: 1 x 122.12 us = 122.12 us (1459.65 GFLOPS/s)
MUL_MAT_ADD MUL_MAT_VEC q6_K m=5120 n=1 k=6144: 1 x 53.52 us = 53.52 us (1175.44 GFLOPS/s)
MUL_MAT_VEC f32 m=256 n=4 k=256: 1 x 3 us = 3 us (174.421 GFLOPS/s)
MUL_MAT_VEC q6_K m=1024 n=1 k=5120: 2 x 9.1 us = 18.2 us (1152.17 GFLOPS/s)
MUL_MAT_VEC q6_K m=12288 n=1 k=5120: 1 x 86.12 us = 86.12 us (1460.95 GFLOPS/s)
MUL_MAT_VEC q6_K m=17408 n=1 k=5120: 2 x 121.24 us = 242.48 us (1470.15 GFLOPS/s)
MUL_MAT_VEC q6_K m=98304 n=1 k=5120: 1 x 673.16 us = 673.16 us (1495.24 GFLOPS/s)
MUL_MAT_VEC q8_0 m=5120 n=1 k=10240: 1 x 100.84 us = 100.84 us (1039.79 GFLOPS/s)
PAD: 1 x 4.84 us = 4.84 us
RMS_NORM_MUL RMS_NORM(256,24,1,1): 1 x 3.6 us = 3.6 us
RMS_NORM_MUL RMS_NORM(256,4,1,1): 1 x 3.6 us = 3.6 us
RMS_NORM_MUL RMS_NORM(5120,1,1,1): 5 x 3.696 us = 18.48 us
ROPE: 2 x 3.58 us = 7.16 us
SET_ROWS: 2 x 1.8 us = 3.6 us
SIGMOID_MUL SIGMOID: 1 x 1.64 us = 1.64 us
TOP_K K=10 (98304,1,1,1): 1 x 9.08 us = 9.08 us
Total time: 1397.6 us.
----------------
Vulkan Timings:
ADD: 48 x 3.83 us = 183.84 us
CONCAT: 48 x 2.423 us = 116.32 us
CONT: 16 x 3.882 us = 62.12 us
CPY: 240 x 2.328 us = 558.72 us
FLASH_ATTN_EXT dst(256,24,5,1),  q(256,5,24,1),  k(256,256,4,1),  v(256,256,4,1),  m(256,5,1,1): 16 x 21.317 us = 341.08 us (1475.66 GFLOPS/s)
GDN_CACHE GATED_DELTA_NET: 48 x 13.13 us = 630.24 us
GET_ROWS: 50 x 24.608 us = 1230.44 us
GLU: 64 x 2.828 us = 181 us
MUL_MAT f32 m=256 n=120 k=256: 16 x 1.872 us = 29.96 us (8383.4 GFLOPS/s)
MUL_MAT f32 m=256 n=20 k=256: 16 x 3.02 us = 48.32 us (866.331 GFLOPS/s)
MUL_MAT f32 m=64 n=480 k=64: 16 x 3.695 us = 59.12 us (1055.87 GFLOPS/s)
MUL_MAT f32 m=64 n=80 k=64: 16 x 3.512 us = 56.2 us (185.122 GFLOPS/s)
MUL_MAT_ADD MUL_MAT_VEC q6_K m=5120 n=5 k=17408: 64 x 139.275 us = 8913.64 us (6399.28 GFLOPS/s)
MUL_MAT_ADD MUL_MAT_VEC q6_K m=5120 n=5 k=6144: 16 x 60.372 us = 965.96 us (5210.11 GFLOPS/s)
MUL_MAT_VEC f32 m=48 n=5 k=5120: 96 x 3.489 us = 335 us (704.199 GFLOPS/s)
MUL_MAT_VEC q6_K m=1024 n=5 k=5120: 32 x 7.176 us = 229.64 us (7305.16 GFLOPS/s)
MUL_MAT_VEC q6_K m=10240 n=5 k=5120: 48 x 80.533 us = 3865.6 us (6509.56 GFLOPS/s)
MUL_MAT_VEC q6_K m=12288 n=5 k=5120: 16 x 99.297 us = 1588.76 us (6335.35 GFLOPS/s)
MUL_MAT_VEC q6_K m=17408 n=5 k=5120: 128 x 138.59 us = 17739.5 us (6430.5 GFLOPS/s)
MUL_MAT_VEC q6_K m=248320 n=5 k=5120: 1 x 1687.8 us = 1687.8 us (7532.14 GFLOPS/s)
MUL_MAT_VEC q6_K m=6144 n=5 k=5120: 48 x 53.616 us = 2573.6 us (5866.5 GFLOPS/s)
MUL_MAT_VEC q8_0 m=5120 n=5 k=6144: 48 x 63.341 us = 3040.4 us (4965.88 GFLOPS/s)
RMS_NORM_MUL RMS_NORM(256,24,5,1): 16 x 3.77 us = 60.32 us
RMS_NORM_MUL RMS_NORM(256,4,5,1): 16 x 4.302 us = 68.84 us
RMS_NORM_MUL RMS_NORM(5120,5,1,1): 129 x 4.667 us = 602.16 us
RMS_NORM_MUL_SILU_MUL RMS_NORM(128,48,5,1): 48 x 5.788 us = 277.84 us
RMS_NORM_SCALE RMS_NORM(128,16,5,1): 96 x 2.696 us = 258.88 us
ROPE: 32 x 3.911 us = 125.16 us
SET_ROWS: 32 x 3.018 us = 96.6 us
SIGMOID_MUL SIGMOID: 16 x 3.74 us = 59.84 us
SSM_CONV_SILU SSM_CONV: 48 x 5.694 us = 273.32 us
Total time: 46260.2 us.
----------------
Vulkan Timings:
CONCAT: 1 x 3.96 us = 3.96 us
CONT: 1 x 3.64 us = 3.64 us
FLASH_ATTN_EXT dst(256,24,5,1),  q(256,5,24,1),  k(256,256,4,1),  v(256,256,4,1),  m(256,5,1,1): 1 x 20.84 us = 20.84 us (1509.47 GFLOPS/s)
GLU: 1 x 1.72 us = 1.72 us
MUL_MAT f32 m=256 n=120 k=256: 1 x 1.72 us = 1.72 us (9126.7 GFLOPS/s)
MUL_MAT f32 m=256 n=20 k=256: 1 x 3.04 us = 3.04 us (860.632 GFLOPS/s)
MUL_MAT f32 m=64 n=480 k=64: 1 x 3.64 us = 3.64 us (1071.82 GFLOPS/s)
MUL_MAT f32 m=64 n=80 k=64: 1 x 3.64 us = 3.64 us (178.637 GFLOPS/s)
MUL_MAT_ADD MUL_MAT_VEC q6_K m=5120 n=5 k=17408: 1 x 234.28 us = 234.28 us (3804.27 GFLOPS/s)
MUL_MAT_ADD MUL_MAT_VEC q6_K m=5120 n=5 k=6144: 1 x 62.72 us = 62.72 us (5015.1 GFLOPS/s)
MUL_MAT_VEC q6_K m=1024 n=5 k=5120: 2 x 9.3 us = 18.6 us (5636.95 GFLOPS/s)
MUL_MAT_VEC q6_K m=12288 n=5 k=5120: 1 x 125.26 us = 125.26 us (5022.23 GFLOPS/s)
MUL_MAT_VEC q6_K m=17408 n=5 k=5120: 2 x 130.9 us = 261.8 us (6808.27 GFLOPS/s)
MUL_MAT_VEC q8_0 m=5120 n=5 k=10240: 1 x 107.44 us = 107.44 us (4879.58 GFLOPS/s)
RMS_NORM_MUL RMS_NORM(256,24,5,1): 1 x 3.8 us = 3.8 us
RMS_NORM_MUL RMS_NORM(256,4,5,1): 1 x 3.64 us = 3.64 us
RMS_NORM_MUL RMS_NORM(5120,5,1,1): 5 x 8.364 us = 41.82 us
ROPE: 2 x 3.66 us = 7.32 us
SET_ROWS: 2 x 2.64 us = 5.28 us
SIGMOID_MUL SIGMOID: 1 x 1.68 us = 1.68 us
Total time: 915.84 us.
----------------
Vulkan Timings:
CONCAT: 1 x 3.68 us = 3.68 us
CONT: 1 x 3.48 us = 3.48 us
FLASH_ATTN_EXT dst(256,24,1,1),  q(256,1,24,1),  k(256,256,4,1),  v(256,256,4,1),  m(256,1,1,1): 1 x 12.56 us = 12.56 us (500.912 GFLOPS/s)
GET_ROWS: 2 x 4.22 us = 8.44 us
GLU: 1 x 1.72 us = 1.72 us
MUL_MAT f32 m=256 n=24 k=256: 1 x 1.56 us = 1.56 us (2012.55 GFLOPS/s)
MUL_MAT f32 m=64 n=16 k=64: 1 x 1.8 us = 1.8 us (72.2489 GFLOPS/s)
MUL_MAT f32 m=64 n=96 k=64: 1 x 3.2 us = 3.2 us (243.84 GFLOPS/s)
MUL_MAT_ADD MUL_MAT_VEC q6_K m=5120 n=1 k=17408: 1 x 130.28 us = 130.28 us (1368.23 GFLOPS/s)
MUL_MAT_ADD MUL_MAT_VEC q6_K m=5120 n=1 k=6144: 1 x 54.08 us = 54.08 us (1163.27 GFLOPS/s)
MUL_MAT_VEC f32 m=256 n=4 k=256: 1 x 3 us = 3 us (174.421 GFLOPS/s)
MUL_MAT_VEC q6_K m=1024 n=1 k=5120: 2 x 9.22 us = 18.44 us (1137.17 GFLOPS/s)
MUL_MAT_VEC q6_K m=12288 n=1 k=5120: 1 x 90.72 us = 90.72 us (1386.87 GFLOPS/s)
MUL_MAT_VEC q6_K m=17408 n=1 k=5120: 2 x 118.32 us = 236.64 us (1506.43 GFLOPS/s)
MUL_MAT_VEC q6_K m=98304 n=1 k=5120: 1 x 673.04 us = 673.04 us (1495.5 GFLOPS/s)
MUL_MAT_VEC q8_0 m=5120 n=1 k=10240: 1 x 91.64 us = 91.64 us (1144.18 GFLOPS/s)
PAD: 1 x 6.32 us = 6.32 us
RMS_NORM_MUL RMS_NORM(256,24,1,1): 1 x 3.2 us = 3.2 us
RMS_NORM_MUL RMS_NORM(256,4,1,1): 1 x 4.88 us = 4.88 us
RMS_NORM_MUL RMS_NORM(5120,1,1,1): 5 x 4.384 us = 21.92 us
ROPE: 2 x 3.34 us = 6.68 us
SET_ROWS: 2 x 2.6 us = 5.2 us
SIGMOID_MUL SIGMOID: 1 x 1.52 us = 1.52 us
TOP_K K=10 (98304,1,1,1): 1 x 9.16 us = 9.16 us
Total time: 1393.16 us.
----------------
Vulkan Timings:
CONCAT: 1 x 3.76 us = 3.76 us
CONT: 1 x 3.6 us = 3.6 us
FLASH_ATTN_EXT dst(256,24,1,1),  q(256,1,24,1),  k(256,256,4,1),  v(256,256,4,1),  m(256,1,1,1): 1 x 13 us = 13 us (483.958 GFLOPS/s)
GET_ROWS: 2 x 6.5 us = 13 us
GLU: 1 x 1.8 us = 1.8 us
MUL_MAT f32 m=256 n=24 k=256: 1 x 1.64 us = 1.64 us (1914.38 GFLOPS/s)
MUL_MAT f32 m=64 n=16 k=64: 1 x 3.64 us = 3.64 us (35.7275 GFLOPS/s)
MUL_MAT f32 m=64 n=96 k=64: 1 x 3.64 us = 3.64 us (214.365 GFLOPS/s)
MUL_MAT_ADD MUL_MAT_VEC q6_K m=5120 n=1 k=17408: 1 x 124.8 us = 124.8 us (1428.31 GFLOPS/s)
MUL_MAT_ADD MUL_MAT_VEC q6_K m=5120 n=1 k=6144: 1 x 54.36 us = 54.36 us (1157.27 GFLOPS/s)
MUL_MAT_VEC f32 m=256 n=4 k=256: 1 x 3.04 us = 3.04 us (172.126 GFLOPS/s)
MUL_MAT_VEC q6_K m=1024 n=1 k=5120: 2 x 9.16 us = 18.32 us (1144.62 GFLOPS/s)
MUL_MAT_VEC q6_K m=12288 n=1 k=5120: 1 x 85.64 us = 85.64 us (1469.14 GFLOPS/s)
MUL_MAT_VEC q6_K m=17408 n=1 k=5120: 2 x 121.08 us = 242.16 us (1472.09 GFLOPS/s)
MUL_MAT_VEC q6_K m=98304 n=1 k=5120: 1 x 671.6 us = 671.6 us (1498.71 GFLOPS/s)
MUL_MAT_VEC q8_0 m=5120 n=1 k=10240: 1 x 102.12 us = 102.12 us (1026.76 GFLOPS/s)
PAD: 1 x 4.88 us = 4.88 us
RMS_NORM_MUL RMS_NORM(256,24,1,1): 1 x 3.64 us = 3.64 us
RMS_NORM_MUL RMS_NORM(256,4,1,1): 1 x 3.56 us = 3.56 us
RMS_NORM_MUL RMS_NORM(5120,1,1,1): 5 x 3.656 us = 18.28 us
ROPE: 2 x 3.56 us = 7.12 us
SET_ROWS: 2 x 2.62 us = 5.24 us
SIGMOID_MUL SIGMOID: 1 x 1.68 us = 1.68 us
TOP_K K=10 (98304,1,1,1): 1 x 8.96 us = 8.96 us
Total time: 1399.48 us.
----------------
Vulkan Timings:
CONCAT: 1 x 3.8 us = 3.8 us
CONT: 1 x 3.6 us = 3.6 us
FLASH_ATTN_EXT dst(256,24,1,1),  q(256,1,24,1),  k(256,256,4,1),  v(256,256,4,1),  m(256,1,1,1): 1 x 12.84 us = 12.84 us (489.989 GFLOPS/s)
GET_ROWS: 2 x 4.2 us = 8.4 us
GLU: 1 x 1.88 us = 1.88 us
MUL_MAT f32 m=256 n=24 k=256: 1 x 1.68 us = 1.68 us (1868.8 GFLOPS/s)
MUL_MAT f32 m=64 n=16 k=64: 1 x 3.6 us = 3.6 us (36.1244 GFLOPS/s)
MUL_MAT f32 m=64 n=96 k=64: 1 x 3.64 us = 3.64 us (214.365 GFLOPS/s)
MUL_MAT_ADD MUL_MAT_VEC q6_K m=5120 n=1 k=17408: 1 x 123.2 us = 123.2 us (1446.86 GFLOPS/s)
MUL_MAT_ADD MUL_MAT_VEC q6_K m=5120 n=1 k=6144: 1 x 53.88 us = 53.88 us (1167.58 GFLOPS/s)
MUL_MAT_VEC f32 m=256 n=4 k=256: 1 x 3 us = 3 us (174.421 GFLOPS/s)
MUL_MAT_VEC q6_K m=1024 n=1 k=5120: 2 x 9.18 us = 18.36 us (1142.13 GFLOPS/s)
MUL_MAT_VEC q6_K m=12288 n=1 k=5120: 1 x 85.48 us = 85.48 us (1471.89 GFLOPS/s)
MUL_MAT_VEC q6_K m=17408 n=1 k=5120: 2 x 121.1 us = 242.2 us (1471.85 GFLOPS/s)
MUL_MAT_VEC q6_K m=98304 n=1 k=5120: 1 x 673.69 us = 673.69 us (1494.06 GFLOPS/s)
MUL_MAT_VEC q8_0 m=5120 n=1 k=10240: 1 x 102.2 us = 102.2 us (1025.95 GFLOPS/s)
PAD: 1 x 6.32 us = 6.32 us
RMS_NORM_MUL RMS_NORM(256,24,1,1): 1 x 3.6 us = 3.6 us
RMS_NORM_MUL RMS_NORM(256,4,1,1): 1 x 3.6 us = 3.6 us
RMS_NORM_MUL RMS_NORM(5120,1,1,1): 5 x 3.712 us = 18.56 us
ROPE: 2 x 3.58 us = 7.16 us
SET_ROWS: 2 x 2.66 us = 5.32 us
SIGMOID_MUL SIGMOID: 1 x 1.64 us = 1.64 us
TOP_K K=10 (98304,1,1,1): 1 x 9.2 us = 9.2 us
Total time: 1396.85 us.
----------------
Vulkan Timings:
CONCAT: 1 x 3.96 us = 3.96 us
CONT: 1 x 3.6 us = 3.6 us
FLASH_ATTN_EXT dst(256,24,1,1),  q(256,1,24,1),  k(256,256,4,1),  v(256,256,4,1),  m(256,1,1,1): 1 x 12.76 us = 12.76 us (493.061 GFLOPS/s)
GET_ROWS: 2 x 4.3 us = 8.6 us
GLU: 1 x 1.72 us = 1.72 us
MUL_MAT f32 m=256 n=24 k=256: 1 x 1.6 us = 1.6 us (1962.24 GFLOPS/s)
MUL_MAT f32 m=64 n=16 k=64: 1 x 3.6 us = 3.6 us (36.1244 GFLOPS/s)
MUL_MAT f32 m=64 n=96 k=64: 1 x 3.56 us = 3.56 us (219.182 GFLOPS/s)
MUL_MAT_ADD MUL_MAT_VEC q6_K m=5120 n=1 k=17408: 1 x 122.44 us = 122.44 us (1455.84 GFLOPS/s)
MUL_MAT_ADD MUL_MAT_VEC q6_K m=5120 n=1 k=6144: 1 x 53.96 us = 53.96 us (1165.85 GFLOPS/s)
MUL_MAT_VEC f32 m=256 n=4 k=256: 1 x 3.04 us = 3.04 us (172.126 GFLOPS/s)
MUL_MAT_VEC q6_K m=1024 n=1 k=5120: 2 x 9.08 us = 18.16 us (1154.71 GFLOPS/s)
MUL_MAT_VEC q6_K m=12288 n=1 k=5120: 1 x 85.72 us = 85.72 us (1467.77 GFLOPS/s)
MUL_MAT_VEC q6_K m=17408 n=1 k=5120: 2 x 121.34 us = 242.68 us (1468.93 GFLOPS/s)
MUL_MAT_VEC q6_K m=98304 n=1 k=5120: 1 x 672.32 us = 672.32 us (1497.11 GFLOPS/s)
MUL_MAT_VEC q8_0 m=5120 n=1 k=10240: 1 x 101.68 us = 101.68 us (1031.2 GFLOPS/s)
PAD: 1 x 6.28 us = 6.28 us
RMS_NORM_MUL RMS_NORM(256,24,1,1): 1 x 3.6 us = 3.6 us
RMS_NORM_MUL RMS_NORM(256,4,1,1): 1 x 3.56 us = 3.56 us
RMS_NORM_MUL RMS_NORM(5120,1,1,1): 5 x 3.704 us = 18.52 us
ROPE: 2 x 3.58 us = 7.16 us
SET_ROWS: 2 x 2.62 us = 5.24 us
SIGMOID_MUL SIGMOID: 1 x 1.64 us = 1.64 us
TOP_K K=10 (98304,1,1,1): 1 x 8.8 us = 8.8 us
Total time: 1394.2 us.
----------------
Vulkan Timings:
ADD: 48 x 3.744 us = 179.72 us
CONCAT: 48 x 2.439 us = 117.08 us
CONT: 16 x 3.817 us = 61.08 us
CPY: 240 x 2.206 us = 529.56 us
FLASH_ATTN_EXT dst(256,24,5,1),  q(256,5,24,1),  k(256,256,4,1),  v(256,256,4,1),  m(256,5,1,1): 16 x 20.99 us = 335.84 us (1498.68 GFLOPS/s)
GDN_CACHE GATED_DELTA_NET: 48 x 13.023 us = 625.12 us
GET_ROWS: 50 x 24.512 us = 1225.6 us
GLU: 64 x 2.996 us = 191.8 us
MUL_MAT f32 m=256 n=120 k=256: 16 x 1.802 us = 28.84 us (8708.97 GFLOPS/s)
MUL_MAT f32 m=256 n=20 k=256: 16 x 3.102 us = 49.64 us (843.294 GFLOPS/s)
MUL_MAT f32 m=64 n=480 k=64: 16 x 3.62 us = 57.92 us (1077.75 GFLOPS/s)
MUL_MAT f32 m=64 n=80 k=64: 16 x 3.267 us = 52.28 us (199.002 GFLOPS/s)
MUL_MAT_ADD MUL_MAT_VEC q6_K m=5120 n=5 k=17408: 64 x 138.251 us = 8848.08 us (6446.7 GFLOPS/s)
MUL_MAT_ADD MUL_MAT_VEC q6_K m=5120 n=5 k=6144: 16 x 60.237 us = 963.8 us (5221.78 GFLOPS/s)
MUL_MAT_VEC f32 m=48 n=5 k=5120: 96 x 3.602 us = 345.88 us (682.047 GFLOPS/s)
MUL_MAT_VEC q6_K m=1024 n=5 k=5120: 32 x 7.08 us = 226.56 us (7404.47 GFLOPS/s)
MUL_MAT_VEC q6_K m=10240 n=5 k=5120: 48 x 80.076 us = 3843.68 us (6546.69 GFLOPS/s)
MUL_MAT_VEC q6_K m=12288 n=5 k=5120: 16 x 98.87 us = 1581.92 us (6362.74 GFLOPS/s)
MUL_MAT_VEC q6_K m=17408 n=5 k=5120: 128 x 138.567 us = 17736.7 us (6431.53 GFLOPS/s)
MUL_MAT_VEC q6_K m=248320 n=5 k=5120: 1 x 1686.28 us = 1686.28 us (7538.93 GFLOPS/s)
MUL_MAT_VEC q6_K m=6144 n=5 k=5120: 48 x 53.505 us = 2568.24 us (5878.74 GFLOPS/s)
MUL_MAT_VEC q8_0 m=5120 n=5 k=6144: 48 x 63.082 us = 3027.96 us (4986.28 GFLOPS/s)
RMS_NORM_MUL RMS_NORM(256,24,5,1): 16 x 3.715 us = 59.44 us
RMS_NORM_MUL RMS_NORM(256,4,5,1): 16 x 4.392 us = 70.28 us
RMS_NORM_MUL RMS_NORM(5120,5,1,1): 129 x 4.582 us = 591.2 us
RMS_NORM_MUL_SILU_MUL RMS_NORM(128,48,5,1): 48 x 5.644 us = 270.92 us
RMS_NORM_SCALE RMS_NORM(128,16,5,1): 96 x 2.596 us = 249.24 us
ROPE: 32 x 3.83 us = 122.56 us
SET_ROWS: 32 x 2.891 us = 92.52 us
SIGMOID_MUL SIGMOID: 16 x 3.687 us = 59 us
SSM_CONV_SILU SSM_CONV: 48 x 5.684 us = 272.84 us
Total time: 46071.6 us.
----------------
Vulkan Timings:
CONCAT: 1 x 3.96 us = 3.96 us
CONT: 1 x 3.68 us = 3.68 us
FLASH_ATTN_EXT dst(256,24,5,1),  q(256,5,24,1),  k(256,256,4,1),  v(256,256,4,1),  m(256,5,1,1): 1 x 20.68 us = 20.68 us (1521.15 GFLOPS/s)
GLU: 1 x 1.56 us = 1.56 us
MUL_MAT f32 m=256 n=120 k=256: 1 x 1.68 us = 1.68 us (9344 GFLOPS/s)
MUL_MAT f32 m=256 n=20 k=256: 1 x 3.04 us = 3.04 us (860.632 GFLOPS/s)
MUL_MAT f32 m=64 n=480 k=64: 1 x 3.68 us = 3.68 us (1060.17 GFLOPS/s)
MUL_MAT f32 m=64 n=80 k=64: 1 x 3.64 us = 3.64 us (178.637 GFLOPS/s)
MUL_MAT_ADD MUL_MAT_VEC q6_K m=5120 n=5 k=17408: 1 x 170.35 us = 170.35 us (5231.96 GFLOPS/s)
MUL_MAT_ADD MUL_MAT_VEC q6_K m=5120 n=5 k=6144: 1 x 67.84 us = 67.84 us (4636.6 GFLOPS/s)
MUL_MAT_VEC q6_K m=1024 n=5 k=5120: 2 x 9.22 us = 18.44 us (5685.87 GFLOPS/s)
MUL_MAT_VEC q6_K m=12288 n=5 k=5120: 1 x 126.5 us = 126.5 us (4973 GFLOPS/s)
MUL_MAT_VEC q6_K m=17408 n=5 k=5120: 2 x 131.5 us = 263 us (6777.21 GFLOPS/s)
MUL_MAT_VEC q8_0 m=5120 n=5 k=10240: 1 x 105.76 us = 105.76 us (4957.1 GFLOPS/s)
RMS_NORM_MUL RMS_NORM(256,24,5,1): 1 x 3.72 us = 3.72 us
RMS_NORM_MUL RMS_NORM(256,4,5,1): 1 x 3.6 us = 3.6 us
RMS_NORM_MUL RMS_NORM(5120,5,1,1): 5 x 7.734 us = 38.67 us
ROPE: 2 x 3.64 us = 7.28 us
SET_ROWS: 2 x 2.64 us = 5.28 us
SIGMOID_MUL SIGMOID: 1 x 1.72 us = 1.72 us
Total time: 854.08 us.
----------------
Vulkan Timings:
CONCAT: 1 x 3.64 us = 3.64 us
CONT: 1 x 3.52 us = 3.52 us
FLASH_ATTN_EXT dst(256,24,1,1),  q(256,1,24,1),  k(256,256,4,1),  v(256,256,4,1),  m(256,1,1,1): 1 x 12.68 us = 12.68 us (496.172 GFLOPS/s)
GET_ROWS: 2 x 4.28 us = 8.56 us
GLU: 1 x 1.64 us = 1.64 us
MUL_MAT f32 m=256 n=24 k=256: 1 x 1.48 us = 1.48 us (2121.34 GFLOPS/s)
MUL_MAT f32 m=64 n=16 k=64: 1 x 1.8 us = 1.8 us (72.2489 GFLOPS/s)
MUL_MAT f32 m=64 n=96 k=64: 1 x 3.2 us = 3.2 us (243.84 GFLOPS/s)
MUL_MAT_ADD MUL_MAT_VEC q6_K m=5120 n=1 k=17408: 1 x 130.28 us = 130.28 us (1368.23 GFLOPS/s)
MUL_MAT_ADD MUL_MAT_VEC q6_K m=5120 n=1 k=6144: 1 x 53.52 us = 53.52 us (1175.44 GFLOPS/s)
MUL_MAT_VEC f32 m=256 n=4 k=256: 1 x 3.08 us = 3.08 us (169.891 GFLOPS/s)
MUL_MAT_VEC q6_K m=1024 n=1 k=5120: 2 x 9.42 us = 18.84 us (1113.03 GFLOPS/s)
MUL_MAT_VEC q6_K m=12288 n=1 k=5120: 1 x 89.32 us = 89.32 us (1408.61 GFLOPS/s)
MUL_MAT_VEC q6_K m=17408 n=1 k=5120: 2 x 118.32 us = 236.64 us (1506.43 GFLOPS/s)
MUL_MAT_VEC q6_K m=98304 n=1 k=5120: 1 x 672.77 us = 672.77 us (1496.11 GFLOPS/s)
MUL_MAT_VEC q8_0 m=5120 n=1 k=10240: 1 x 91.92 us = 91.92 us (1140.69 GFLOPS/s)
PAD: 1 x 6.32 us = 6.32 us
RMS_NORM_MUL RMS_NORM(256,24,1,1): 1 x 3.2 us = 3.2 us
RMS_NORM_MUL RMS_NORM(256,4,1,1): 1 x 4.8 us = 4.8 us
RMS_NORM_MUL RMS_NORM(5120,1,1,1): 5 x 4.44 us = 22.2 us
ROPE: 2 x 3.3 us = 6.6 us
SET_ROWS: 2 x 2.6 us = 5.2 us
SIGMOID_MUL SIGMOID: 1 x 1.6 us = 1.6 us
TOP_K K=10 (98304,1,1,1): 1 x 8.96 us = 8.96 us
Total time: 1391.77 us.
----------------
Vulkan Timings:
CONCAT: 1 x 1.68 us = 1.68 us
CONT: 1 x 3.64 us = 3.64 us
FLASH_ATTN_EXT dst(256,24,1,1),  q(256,1,24,1),  k(256,256,4,1),  v(256,256,4,1),  m(256,1,1,1): 1 x 12.88 us = 12.88 us (488.467 GFLOPS/s)
GET_ROWS: 2 x 4.28 us = 8.56 us
GLU: 1 x 1.92 us = 1.92 us
MUL_MAT f32 m=256 n=24 k=256: 1 x 1.64 us = 1.64 us (1914.38 GFLOPS/s)
MUL_MAT f32 m=64 n=16 k=64: 1 x 3.64 us = 3.64 us (35.7275 GFLOPS/s)
MUL_MAT f32 m=64 n=96 k=64: 1 x 3.56 us = 3.56 us (219.182 GFLOPS/s)
MUL_MAT_ADD MUL_MAT_VEC q6_K m=5120 n=1 k=17408: 1 x 122.52 us = 122.52 us (1454.89 GFLOPS/s)
MUL_MAT_ADD MUL_MAT_VEC q6_K m=5120 n=1 k=6144: 1 x 53.44 us = 53.44 us (1177.2 GFLOPS/s)
MUL_MAT_VEC f32 m=256 n=4 k=256: 1 x 3.04 us = 3.04 us (172.126 GFLOPS/s)
MUL_MAT_VEC q6_K m=1024 n=1 k=5120: 2 x 9.34 us = 18.68 us (1122.56 GFLOPS/s)
MUL_MAT_VEC q6_K m=12288 n=1 k=5120: 1 x 85.48 us = 85.48 us (1471.89 GFLOPS/s)
MUL_MAT_VEC q6_K m=17408 n=1 k=5120: 2 x 121.22 us = 242.44 us (1470.39 GFLOPS/s)
MUL_MAT_VEC q6_K m=98304 n=1 k=5120: 1 x 673.89 us = 673.89 us (1493.62 GFLOPS/s)
MUL_MAT_VEC q8_0 m=5120 n=1 k=10240: 1 x 101.36 us = 101.36 us (1034.46 GFLOPS/s)
PAD: 1 x 6.28 us = 6.28 us
RMS_NORM_MUL RMS_NORM(256,24,1,1): 1 x 3.56 us = 3.56 us
RMS_NORM_MUL RMS_NORM(256,4,1,1): 1 x 3.6 us = 3.6 us
RMS_NORM_MUL RMS_NORM(5120,1,1,1): 5 x 4.184 us = 20.92 us
ROPE: 2 x 3.58 us = 7.16 us
SET_ROWS: 2 x 2.64 us = 5.28 us
SIGMOID_MUL SIGMOID: 1 x 1.68 us = 1.68 us
TOP_K K=10 (98304,1,1,1): 1 x 8.76 us = 8.76 us
Total time: 1395.61 us.
----------------
Vulkan Timings:
CONCAT: 1 x 3.96 us = 3.96 us
CONT: 1 x 3.64 us = 3.64 us
FLASH_ATTN_EXT dst(256,24,1,1),  q(256,1,24,1),  k(256,256,4,1),  v(256,256,4,1),  m(256,1,1,1): 1 x 14.76 us = 14.76 us (426.25 GFLOPS/s)
GET_ROWS: 2 x 4.28 us = 8.56 us
GLU: 1 x 1.76 us = 1.76 us
MUL_MAT f32 m=256 n=24 k=256: 1 x 2.2 us = 2.2 us (1427.08 GFLOPS/s)
MUL_MAT f32 m=64 n=16 k=64: 1 x 3.6 us = 3.6 us (36.1244 GFLOPS/s)
MUL_MAT f32 m=64 n=96 k=64: 1 x 3.56 us = 3.56 us (219.182 GFLOPS/s)
MUL_MAT_ADD MUL_MAT_VEC q6_K m=5120 n=1 k=17408: 1 x 123.64 us = 123.64 us (1441.71 GFLOPS/s)
MUL_MAT_ADD MUL_MAT_VEC q6_K m=5120 n=1 k=6144: 1 x 53.6 us = 53.6 us (1173.68 GFLOPS/s)
MUL_MAT_VEC f32 m=256 n=4 k=256: 1 x 0.72 us = 0.72 us (726.756 GFLOPS/s)
MUL_MAT_VEC q6_K m=1024 n=1 k=5120: 2 x 9.12 us = 18.24 us (1149.64 GFLOPS/s)
MUL_MAT_VEC q6_K m=12288 n=1 k=5120: 1 x 85.16 us = 85.16 us (1477.42 GFLOPS/s)
MUL_MAT_VEC q6_K m=17408 n=1 k=5120: 2 x 120.78 us = 241.56 us (1475.75 GFLOPS/s)
MUL_MAT_VEC q6_K m=98304 n=1 k=5120: 1 x 672.82 us = 672.82 us (1495.99 GFLOPS/s)
MUL_MAT_VEC q8_0 m=5120 n=1 k=10240: 1 x 101.12 us = 101.12 us (1036.91 GFLOPS/s)
PAD: 1 x 6.32 us = 6.32 us
RMS_NORM_MUL RMS_NORM(256,24,1,1): 1 x 3.6 us = 3.6 us
RMS_NORM_MUL RMS_NORM(256,4,1,1): 1 x 3.6 us = 3.6 us
RMS_NORM_MUL RMS_NORM(5120,1,1,1): 5 x 3.728 us = 18.64 us
ROPE: 2 x 3.6 us = 7.2 us
SET_ROWS: 2 x 2.82 us = 5.64 us
SIGMOID_MUL SIGMOID: 1 x 1.68 us = 1.68 us
TOP_K K=10 (98304,1,1,1): 1 x 9.08 us = 9.08 us
Total time: 1394.66 us.
----------------
Vulkan Timings:
CONCAT: 1 x 3.76 us = 3.76 us
CONT: 1 x 3.68 us = 3.68 us
FLASH_ATTN_EXT dst(256,24,1,1),  q(256,1,24,1),  k(256,256,4,1),  v(256,256,4,1),  m(256,1,1,1): 1 x 12.96 us = 12.96 us (485.452 GFLOPS/s)
GET_ROWS: 2 x 4.3 us = 8.6 us
GLU: 1 x 1.76 us = 1.76 us
MUL_MAT f32 m=256 n=24 k=256: 1 x 1.6 us = 1.6 us (1962.24 GFLOPS/s)
MUL_MAT f32 m=64 n=16 k=64: 1 x 3.6 us = 3.6 us (36.1244 GFLOPS/s)
MUL_MAT f32 m=64 n=96 k=64: 1 x 3.64 us = 3.64 us (214.365 GFLOPS/s)
MUL_MAT_ADD MUL_MAT_VEC q6_K m=5120 n=1 k=17408: 1 x 124 us = 124 us (1437.52 GFLOPS/s)
MUL_MAT_ADD MUL_MAT_VEC q6_K m=5120 n=1 k=6144: 1 x 54 us = 54 us (1164.99 GFLOPS/s)
MUL_MAT_VEC f32 m=256 n=4 k=256: 1 x 3.04 us = 3.04 us (172.126 GFLOPS/s)
MUL_MAT_VEC q6_K m=1024 n=1 k=5120: 2 x 9.12 us = 18.24 us (1149.64 GFLOPS/s)
MUL_MAT_VEC q6_K m=12288 n=1 k=5120: 1 x 86.12 us = 86.12 us (1460.95 GFLOPS/s)
MUL_MAT_VEC q6_K m=17408 n=1 k=5120: 2 x 121.06 us = 242.12 us (1472.33 GFLOPS/s)
MUL_MAT_VEC q6_K m=98304 n=1 k=5120: 1 x 673.58 us = 673.58 us (1494.31 GFLOPS/s)
MUL_MAT_VEC q8_0 m=5120 n=1 k=10240: 1 x 101.04 us = 101.04 us (1037.73 GFLOPS/s)
PAD: 1 x 6.28 us = 6.28 us
RMS_NORM_MUL RMS_NORM(256,24,1,1): 1 x 3.6 us = 3.6 us
RMS_NORM_MUL RMS_NORM(256,4,1,1): 1 x 3.56 us = 3.56 us
RMS_NORM_MUL RMS_NORM(5120,1,1,1): 5 x 3.664 us = 18.32 us
ROPE: 2 x 3.58 us = 7.16 us
SET_ROWS: 2 x 2.68 us = 5.36 us
SIGMOID_MUL SIGMOID: 1 x 1.68 us = 1.68 us
TOP_K K=10 (98304,1,1,1): 1 x 9.12 us = 9.12 us
Total time: 1396.82 us.
----------------
Vulkan Timings:
ADD: 48 x 3.783 us = 181.6 us
CONCAT: 48 x 2.459 us = 118.04 us
CONT: 16 x 3.87 us = 61.92 us
CPY: 240 x 2.26 us = 542.4 us
FLASH_ATTN_EXT dst(256,24,5,1),  q(256,5,24,1),  k(256,256,4,1),  v(256,256,4,1),  m(256,5,1,1): 16 x 21.397 us = 342.36 us (1470.14 GFLOPS/s)
GDN_CACHE GATED_DELTA_NET: 48 x 13.205 us = 633.88 us
GET_ROWS: 50 x 24.474 us = 1223.72 us
GLU: 64 x 2.855 us = 182.72 us
MUL_MAT f32 m=256 n=120 k=256: 16 x 1.852 us = 29.64 us (8473.91 GFLOPS/s)
MUL_MAT f32 m=256 n=20 k=256: 16 x 3.012 us = 48.2 us (868.488 GFLOPS/s)
MUL_MAT f32 m=64 n=480 k=64: 16 x 3.68 us = 58.88 us (1060.17 GFLOPS/s)
MUL_MAT f32 m=64 n=80 k=64: 16 x 3.377 us = 54.04 us (192.521 GFLOPS/s)
MUL_MAT_ADD MUL_MAT_VEC q6_K m=5120 n=5 k=17408: 64 x 138.639 us = 8872.92 us (6428.65 GFLOPS/s)
MUL_MAT_ADD MUL_MAT_VEC q6_K m=5120 n=5 k=6144: 16 x 61.372 us = 981.96 us (5125.21 GFLOPS/s)
MUL_MAT_VEC f32 m=48 n=5 k=5120: 96 x 3.592 us = 344.88 us (684.025 GFLOPS/s)
MUL_MAT_VEC q6_K m=1024 n=5 k=5120: 32 x 7.42 us = 237.44 us (7065.19 GFLOPS/s)
MUL_MAT_VEC q6_K m=10240 n=5 k=5120: 48 x 80.295 us = 3854.2 us (6528.82 GFLOPS/s)
MUL_MAT_VEC q6_K m=12288 n=5 k=5120: 16 x 98.51 us = 1576.16 us (6385.99 GFLOPS/s)
MUL_MAT_VEC q6_K m=17408 n=5 k=5120: 128 x 139.023 us = 17795 us (6410.43 GFLOPS/s)
MUL_MAT_VEC q6_K m=248320 n=5 k=5120: 1 x 1685.88 us = 1685.88 us (7540.72 GFLOPS/s)
MUL_MAT_VEC q6_K m=6144 n=5 k=5120: 48 x 53.707 us = 2577.96 us (5856.58 GFLOPS/s)
MUL_MAT_VEC q8_0 m=5120 n=5 k=6144: 48 x 63.266 us = 3036.8 us (4971.77 GFLOPS/s)
RMS_NORM_MUL RMS_NORM(256,24,5,1): 16 x 3.745 us = 59.92 us
RMS_NORM_MUL RMS_NORM(256,4,5,1): 16 x 4.387 us = 70.2 us
RMS_NORM_MUL RMS_NORM(5120,5,1,1): 129 x 4.651 us = 600.04 us
RMS_NORM_MUL_SILU_MUL RMS_NORM(128,48,5,1): 48 x 5.731 us = 275.12 us
RMS_NORM_SCALE RMS_NORM(128,16,5,1): 96 x 2.652 us = 254.68 us
ROPE: 32 x 3.876 us = 124.04 us
SET_ROWS: 32 x 2.913 us = 93.24 us
SIGMOID_MUL SIGMOID: 16 x 3.727 us = 59.64 us
SSM_CONV_SILU SSM_CONV: 48 x 5.734 us = 275.24 us
Total time: 46252.8 us.
----------------
Vulkan Timings:
CONCAT: 1 x 4 us = 4 us
CONT: 1 x 3.64 us = 3.64 us
FLASH_ATTN_EXT dst(256,24,5,1),  q(256,5,24,1),  k(256,256,4,1),  v(256,256,4,1),  m(256,5,1,1): 1 x 20.64 us = 20.64 us (1524.09 GFLOPS/s)
GLU: 1 x 1.76 us = 1.76 us
MUL_MAT f32 m=256 n=120 k=256: 1 x 1.72 us = 1.72 us (9126.7 GFLOPS/s)
MUL_MAT f32 m=256 n=20 k=256: 1 x 3.04 us = 3.04 us (860.632 GFLOPS/s)
MUL_MAT f32 m=64 n=480 k=64: 1 x 3.6 us = 3.6 us (1083.73 GFLOPS/s)
MUL_MAT f32 m=64 n=80 k=64: 1 x 3.64 us = 3.64 us (178.637 GFLOPS/s)
MUL_MAT_ADD MUL_MAT_VEC q6_K m=5120 n=5 k=17408: 1 x 168.39 us = 168.39 us (5292.86 GFLOPS/s)
MUL_MAT_ADD MUL_MAT_VEC q6_K m=5120 n=5 k=6144: 1 x 63.16 us = 63.16 us (4980.16 GFLOPS/s)
MUL_MAT_VEC q6_K m=1024 n=5 k=5120: 2 x 9.44 us = 18.88 us (5553.36 GFLOPS/s)
MUL_MAT_VEC q6_K m=12288 n=5 k=5120: 1 x 124.88 us = 124.88 us (5037.51 GFLOPS/s)
MUL_MAT_VEC q6_K m=17408 n=5 k=5120: 2 x 131.82 us = 263.64 us (6760.75 GFLOPS/s)
MUL_MAT_VEC q8_0 m=5120 n=5 k=10240: 1 x 105.68 us = 105.68 us (4960.85 GFLOPS/s)
RMS_NORM_MUL RMS_NORM(256,24,5,1): 1 x 3.72 us = 3.72 us
RMS_NORM_MUL RMS_NORM(256,4,5,1): 1 x 3.6 us = 3.6 us
RMS_NORM_MUL RMS_NORM(5120,5,1,1): 5 x 8.57 us = 42.85 us
ROPE: 2 x 3.64 us = 7.28 us
SET_ROWS: 2 x 2.68 us = 5.36 us
SIGMOID_MUL SIGMOID: 1 x 1.68 us = 1.68 us
Total time: 851.16 us.
----------------
Vulkan Timings:
CONCAT: 1 x 3.64 us = 3.64 us
CONT: 1 x 3.52 us = 3.52 us
FLASH_ATTN_EXT dst(256,24,1,1),  q(256,1,24,1),  k(256,256,4,1),  v(256,256,4,1),  m(256,1,1,1): 1 x 12.48 us = 12.48 us (504.123 GFLOPS/s)
GET_ROWS: 2 x 4.18 us = 8.36 us
GLU: 1 x 1.64 us = 1.64 us
MUL_MAT f32 m=256 n=24 k=256: 1 x 1.56 us = 1.56 us (2012.55 GFLOPS/s)
MUL_MAT f32 m=64 n=16 k=64: 1 x 1.8 us = 1.8 us (72.2489 GFLOPS/s)
MUL_MAT f32 m=64 n=96 k=64: 1 x 3.2 us = 3.2 us (243.84 GFLOPS/s)
MUL_MAT_ADD MUL_MAT_VEC q6_K m=5120 n=1 k=17408: 1 x 129.76 us = 129.76 us (1373.71 GFLOPS/s)
MUL_MAT_ADD MUL_MAT_VEC q6_K m=5120 n=1 k=6144: 1 x 54.08 us = 54.08 us (1163.27 GFLOPS/s)
MUL_MAT_VEC f32 m=256 n=4 k=256: 1 x 3 us = 3 us (174.421 GFLOPS/s)
MUL_MAT_VEC q6_K m=1024 n=1 k=5120: 2 x 9.24 us = 18.48 us (1134.71 GFLOPS/s)
MUL_MAT_VEC q6_K m=12288 n=1 k=5120: 1 x 89.8 us = 89.8 us (1401.08 GFLOPS/s)
MUL_MAT_VEC q6_K m=17408 n=1 k=5120: 2 x 118.26 us = 236.52 us (1507.19 GFLOPS/s)
MUL_MAT_VEC q6_K m=98304 n=1 k=5120: 1 x 674.91 us = 674.91 us (1491.36 GFLOPS/s)
MUL_MAT_VEC q8_0 m=5120 n=1 k=10240: 1 x 91.44 us = 91.44 us (1146.68 GFLOPS/s)
PAD: 1 x 6.44 us = 6.44 us
RMS_NORM_MUL RMS_NORM(256,24,1,1): 1 x 3.16 us = 3.16 us
RMS_NORM_MUL RMS_NORM(256,4,1,1): 1 x 4.92 us = 4.92 us
RMS_NORM_MUL RMS_NORM(5120,1,1,1): 5 x 4.392 us = 21.96 us
ROPE: 2 x 3.32 us = 6.64 us
SET_ROWS: 2 x 2.6 us = 5.2 us
SIGMOID_MUL SIGMOID: 1 x 1.56 us = 1.56 us
TOP_K K=10 (98304,1,1,1): 1 x 8.88 us = 8.88 us
Total time: 1392.95 us.
----------------
Vulkan Timings:
CONCAT: 1 x 3.76 us = 3.76 us
CONT: 1 x 3.6 us = 3.6 us
FLASH_ATTN_EXT dst(256,24,1,1),  q(256,1,24,1),  k(256,256,4,1),  v(256,256,4,1),  m(256,1,1,1): 1 x 12.84 us = 12.84 us (489.989 GFLOPS/s)
GET_ROWS: 2 x 4.28 us = 8.56 us
GLU: 1 x 1.84 us = 1.84 us
MUL_MAT f32 m=256 n=24 k=256: 1 x 1.64 us = 1.64 us (1914.38 GFLOPS/s)
MUL_MAT f32 m=64 n=16 k=64: 1 x 3.64 us = 3.64 us (35.7275 GFLOPS/s)
MUL_MAT f32 m=64 n=96 k=64: 1 x 3.64 us = 3.64 us (214.365 GFLOPS/s)
MUL_MAT_ADD MUL_MAT_VEC q6_K m=5120 n=1 k=17408: 1 x 123.72 us = 123.72 us (1440.78 GFLOPS/s)
MUL_MAT_ADD MUL_MAT_VEC q6_K m=5120 n=1 k=6144: 1 x 54.6 us = 54.6 us (1152.19 GFLOPS/s)
MUL_MAT_VEC f32 m=256 n=4 k=256: 1 x 3.04 us = 3.04 us (172.126 GFLOPS/s)
MUL_MAT_VEC q6_K m=1024 n=1 k=5120: 2 x 9.24 us = 18.48 us (1134.71 GFLOPS/s)
MUL_MAT_VEC q6_K m=12288 n=1 k=5120: 1 x 85.64 us = 85.64 us (1469.14 GFLOPS/s)
MUL_MAT_VEC q6_K m=17408 n=1 k=5120: 2 x 121.32 us = 242.64 us (1469.18 GFLOPS/s)
MUL_MAT_VEC q6_K m=98304 n=1 k=5120: 1 x 672.66 us = 672.66 us (1496.35 GFLOPS/s)
MUL_MAT_VEC q8_0 m=5120 n=1 k=10240: 1 x 100.96 us = 100.96 us (1038.55 GFLOPS/s)
PAD: 1 x 6.32 us = 6.32 us
RMS_NORM_MUL RMS_NORM(256,24,1,1): 1 x 3.64 us = 3.64 us
RMS_NORM_MUL RMS_NORM(256,4,1,1): 1 x 3.64 us = 3.64 us
RMS_NORM_MUL RMS_NORM(5120,1,1,1): 5 x 3.72 us = 18.6 us
ROPE: 2 x 3.6 us = 7.2 us
SET_ROWS: 2 x 2.66 us = 5.32 us
SIGMOID_MUL SIGMOID: 1 x 1.92 us = 1.92 us
TOP_K K=10 (98304,1,1,1): 1 x 8.8 us = 8.8 us
Total time: 1396.7 us.
----------------
Vulkan Timings:
CONCAT: 1 x 3.76 us = 3.76 us
CONT: 1 x 3.64 us = 3.64 us
FLASH_ATTN_EXT dst(256,24,1,1),  q(256,1,24,1),  k(256,256,4,1),  v(256,256,4,1),  m(256,1,1,1): 1 x 13.04 us = 13.04 us (482.474 GFLOPS/s)
GET_ROWS: 2 x 4.14 us = 8.28 us
GLU: 1 x 1.72 us = 1.72 us
MUL_MAT f32 m=256 n=24 k=256: 1 x 1.64 us = 1.64 us (1914.38 GFLOPS/s)
MUL_MAT f32 m=64 n=16 k=64: 1 x 3.6 us = 3.6 us (36.1244 GFLOPS/s)
MUL_MAT f32 m=64 n=96 k=64: 1 x 3.6 us = 3.6 us (216.747 GFLOPS/s)
MUL_MAT_ADD MUL_MAT_VEC q6_K m=5120 n=1 k=17408: 1 x 123.4 us = 123.4 us (1444.51 GFLOPS/s)
MUL_MAT_ADD MUL_MAT_VEC q6_K m=5120 n=1 k=6144: 1 x 53.48 us = 53.48 us (1176.32 GFLOPS/s)
MUL_MAT_VEC f32 m=256 n=4 k=256: 1 x 3.04 us = 3.04 us (172.126 GFLOPS/s)
MUL_MAT_VEC q6_K m=1024 n=1 k=5120: 2 x 9.04 us = 18.08 us (1159.82 GFLOPS/s)
MUL_MAT_VEC q6_K m=12288 n=1 k=5120: 1 x 85.84 us = 85.84 us (1465.71 GFLOPS/s)
MUL_MAT_VEC q6_K m=17408 n=1 k=5120: 2 x 121.22 us = 242.44 us (1470.39 GFLOPS/s)
MUL_MAT_VEC q6_K m=98304 n=1 k=5120: 1 x 674.43 us = 674.43 us (1492.42 GFLOPS/s)
MUL_MAT_VEC q8_0 m=5120 n=1 k=10240: 1 x 101 us = 101 us (1038.14 GFLOPS/s)
PAD: 1 x 6.32 us = 6.32 us
RMS_NORM_MUL RMS_NORM(256,24,1,1): 1 x 3.6 us = 3.6 us
RMS_NORM_MUL RMS_NORM(256,4,1,1): 1 x 3.6 us = 3.6 us
RMS_NORM_MUL RMS_NORM(5120,1,1,1): 5 x 3.744 us = 18.72 us
ROPE: 2 x 3.56 us = 7.12 us
SET_ROWS: 2 x 2.62 us = 5.24 us
SIGMOID_MUL SIGMOID: 1 x 1.72 us = 1.72 us
TOP_K K=10 (98304,1,1,1): 1 x 8.8 us = 8.8 us
Total time: 1396.11 us.
----------------
Vulkan Timings:
CONCAT: 1 x 3.76 us = 3.76 us
CONT: 1 x 3.6 us = 3.6 us
FLASH_ATTN_EXT dst(256,24,1,1),  q(256,1,24,1),  k(256,256,4,1),  v(256,256,4,1),  m(256,1,1,1): 1 x 12.68 us = 12.68 us (496.172 GFLOPS/s)
GET_ROWS: 2 x 4.2 us = 8.4 us
GLU: 1 x 1.8 us = 1.8 us
MUL_MAT f32 m=256 n=24 k=256: 1 x 1.68 us = 1.68 us (1868.8 GFLOPS/s)
MUL_MAT f32 m=64 n=16 k=64: 1 x 3.64 us = 3.64 us (35.7275 GFLOPS/s)
MUL_MAT f32 m=64 n=96 k=64: 1 x 3.6 us = 3.6 us (216.747 GFLOPS/s)
MUL_MAT_ADD MUL_MAT_VEC q6_K m=5120 n=1 k=17408: 1 x 123.36 us = 123.36 us (1444.98 GFLOPS/s)
MUL_MAT_ADD MUL_MAT_VEC q6_K m=5120 n=1 k=6144: 1 x 53.72 us = 53.72 us (1171.06 GFLOPS/s)
MUL_MAT_VEC f32 m=256 n=4 k=256: 1 x 3.04 us = 3.04 us (172.126 GFLOPS/s)
MUL_MAT_VEC q6_K m=1024 n=1 k=5120: 2 x 9.04 us = 18.08 us (1159.82 GFLOPS/s)
MUL_MAT_VEC q6_K m=12288 n=1 k=5120: 1 x 85.48 us = 85.48 us (1471.89 GFLOPS/s)
MUL_MAT_VEC q6_K m=17408 n=1 k=5120: 2 x 121.3 us = 242.6 us (1469.42 GFLOPS/s)
MUL_MAT_VEC q6_K m=98304 n=1 k=5120: 1 x 674.58 us = 674.58 us (1492.09 GFLOPS/s)
MUL_MAT_VEC q8_0 m=5120 n=1 k=10240: 1 x 100.64 us = 100.64 us (1041.86 GFLOPS/s)
PAD: 1 x 6.32 us = 6.32 us
RMS_NORM_MUL RMS_NORM(256,24,1,1): 1 x 3.6 us = 3.6 us
RMS_NORM_MUL RMS_NORM(256,4,1,1): 1 x 3.6 us = 3.6 us
RMS_NORM_MUL RMS_NORM(5120,1,1,1): 5 x 3.72 us = 18.6 us
ROPE: 2 x 3.6 us = 7.2 us
SET_ROWS: 2 x 2.7 us = 5.4 us
SIGMOID_MUL SIGMOID: 1 x 1.68 us = 1.68 us
TOP_K K=10 (98304,1,1,1): 1 x 9.04 us = 9.04 us
Total time: 1396.1 us.
----------------
Vulkan Timings:
ADD: 48 x 3.714 us = 178.28 us
CONCAT: 48 x 2.425 us = 116.44 us
CONT: 16 x 3.792 us = 60.68 us
CPY: 240 x 2.206 us = 529.56 us
FLASH_ATTN_EXT dst(256,24,5,1),  q(256,5,24,1),  k(256,256,4,1),  v(256,256,4,1),  m(256,5,1,1): 16 x 20.707 us = 331.32 us (1519.12 GFLOPS/s)
GDN_CACHE GATED_DELTA_NET: 48 x 13.235 us = 635.28 us
GET_ROWS: 50 x 24.654 us = 1232.72 us
GLU: 64 x 2.955 us = 189.12 us
MUL_MAT f32 m=256 n=120 k=256: 16 x 1.802 us = 28.84 us (8708.97 GFLOPS/s)
MUL_MAT f32 m=256 n=20 k=256: 16 x 3.082 us = 49.32 us (848.766 GFLOPS/s)
MUL_MAT f32 m=64 n=480 k=64: 16 x 3.605 us = 57.68 us (1082.23 GFLOPS/s)
MUL_MAT f32 m=64 n=80 k=64: 16 x 3.24 us = 51.84 us (200.691 GFLOPS/s)
MUL_MAT_ADD MUL_MAT_VEC q6_K m=5120 n=5 k=17408: 64 x 137.674 us = 8811.16 us (6473.71 GFLOPS/s)
MUL_MAT_ADD MUL_MAT_VEC q6_K m=5120 n=5 k=6144: 16 x 59.77 us = 956.32 us (5262.63 GFLOPS/s)
MUL_MAT_VEC f32 m=48 n=5 k=5120: 96 x 3.395 us = 325.96 us (723.729 GFLOPS/s)
MUL_MAT_VEC q6_K m=1024 n=5 k=5120: 32 x 7.063 us = 226.04 us (7421.51 GFLOPS/s)
MUL_MAT_VEC q6_K m=10240 n=5 k=5120: 48 x 79.895 us = 3835 us (6561.5 GFLOPS/s)
MUL_MAT_VEC q6_K m=12288 n=5 k=5120: 16 x 98.637 us = 1578.2 us (6377.74 GFLOPS/s)
MUL_MAT_VEC q6_K m=17408 n=5 k=5120: 128 x 138.62 us = 17743.5 us (6429.06 GFLOPS/s)
MUL_MAT_VEC q6_K m=248320 n=5 k=5120: 1 x 1686.12 us = 1686.12 us (7539.64 GFLOPS/s)
MUL_MAT_VEC q6_K m=6144 n=5 k=5120: 48 x 53.204 us = 2553.8 us (5911.98 GFLOPS/s)
MUL_MAT_VEC q8_0 m=5120 n=5 k=6144: 48 x 63.051 us = 3026.48 us (4988.72 GFLOPS/s)
RMS_NORM_MUL RMS_NORM(256,24,5,1): 16 x 3.662 us = 58.6 us
RMS_NORM_MUL RMS_NORM(256,4,5,1): 16 x 4.367 us = 69.88 us
RMS_NORM_MUL RMS_NORM(5120,5,1,1): 129 x 4.563 us = 588.64 us
RMS_NORM_MUL_SILU_MUL RMS_NORM(128,48,5,1): 48 x 5.582 us = 267.96 us
RMS_NORM_SCALE RMS_NORM(128,16,5,1): 96 x 2.681 us = 257.4 us
ROPE: 32 x 3.81 us = 121.92 us
SET_ROWS: 32 x 2.925 us = 93.6 us
SIGMOID_MUL SIGMOID: 16 x 3.652 us = 58.44 us
SSM_CONV_SILU SSM_CONV: 48 x 5.548 us = 266.32 us
Total time: 45986.4 us.
----------------
Vulkan Timings:
CONCAT: 1 x 4 us = 4 us
CONT: 1 x 3.4 us = 3.4 us
FLASH_ATTN_EXT dst(256,24,5,1),  q(256,5,24,1),  k(256,256,4,1),  v(256,256,4,1),  m(256,5,1,1): 1 x 21.2 us = 21.2 us (1483.83 GFLOPS/s)
GLU: 1 x 1.72 us = 1.72 us
MUL_MAT f32 m=256 n=120 k=256: 1 x 1.56 us = 1.56 us (10062.8 GFLOPS/s)
MUL_MAT f32 m=256 n=20 k=256: 1 x 2.92 us = 2.92 us (896 GFLOPS/s)
MUL_MAT f32 m=64 n=480 k=64: 1 x 3.36 us = 3.36 us (1161.14 GFLOPS/s)
MUL_MAT f32 m=64 n=80 k=64: 1 x 3.32 us = 3.32 us (195.855 GFLOPS/s)
MUL_MAT_ADD MUL_MAT_VEC q6_K m=5120 n=5 k=17408: 1 x 166.23 us = 166.23 us (5361.63 GFLOPS/s)
MUL_MAT_ADD MUL_MAT_VEC q6_K m=5120 n=5 k=6144: 1 x 66.96 us = 66.96 us (4697.54 GFLOPS/s)
MUL_MAT_VEC q6_K m=1024 n=5 k=5120: 2 x 9.26 us = 18.52 us (5661.3 GFLOPS/s)
MUL_MAT_VEC q6_K m=12288 n=5 k=5120: 1 x 126.51 us = 126.51 us (4972.6 GFLOPS/s)
MUL_MAT_VEC q6_K m=17408 n=5 k=5120: 2 x 131.28 us = 262.56 us (6788.56 GFLOPS/s)
MUL_MAT_VEC q8_0 m=5120 n=5 k=10240: 1 x 111.84 us = 111.84 us (4687.61 GFLOPS/s)
RMS_NORM_MUL RMS_NORM(256,24,5,1): 1 x 3.4 us = 3.4 us
RMS_NORM_MUL RMS_NORM(256,4,5,1): 1 x 3.4 us = 3.4 us
RMS_NORM_MUL RMS_NORM(5120,5,1,1): 5 x 11.576 us = 57.88 us
ROPE: 2 x 3.36 us = 6.72 us
SET_ROWS: 2 x 1.82 us = 3.64 us
SIGMOID_MUL SIGMOID: 1 x 1.6 us = 1.6 us
Total time: 870.74 us.
----------------
Vulkan Timings:
CONCAT: 1 x 3.6 us = 3.6 us
CONT: 1 x 3.48 us = 3.48 us
FLASH_ATTN_EXT dst(256,24,1,1),  q(256,1,24,1),  k(256,256,4,1),  v(256,256,4,1),  m(256,1,1,1): 1 x 12.56 us = 12.56 us (500.912 GFLOPS/s)
GET_ROWS: 2 x 4.3 us = 8.6 us
GLU: 1 x 1.68 us = 1.68 us
MUL_MAT f32 m=256 n=24 k=256: 1 x 1.52 us = 1.52 us (2065.52 GFLOPS/s)
MUL_MAT f32 m=64 n=16 k=64: 1 x 1.84 us = 1.84 us (70.6783 GFLOPS/s)
MUL_MAT f32 m=64 n=96 k=64: 1 x 3.2 us = 3.2 us (243.84 GFLOPS/s)
MUL_MAT_ADD MUL_MAT_VEC q6_K m=5120 n=1 k=17408: 1 x 129.84 us = 129.84 us (1372.87 GFLOPS/s)
MUL_MAT_ADD MUL_MAT_VEC q6_K m=5120 n=1 k=6144: 1 x 53.32 us = 53.32 us (1179.85 GFLOPS/s)
MUL_MAT_VEC f32 m=256 n=4 k=256: 1 x 3 us = 3 us (174.421 GFLOPS/s)
MUL_MAT_VEC q6_K m=1024 n=1 k=5120: 2 x 9.24 us = 18.48 us (1134.71 GFLOPS/s)
MUL_MAT_VEC q6_K m=12288 n=1 k=5120: 1 x 90.52 us = 90.52 us (1389.93 GFLOPS/s)
MUL_MAT_VEC q6_K m=17408 n=1 k=5120: 2 x 117.88 us = 235.76 us (1512.05 GFLOPS/s)
MUL_MAT_VEC q6_K m=98304 n=1 k=5120: 1 x 673.1 us = 673.1 us (1495.37 GFLOPS/s)
MUL_MAT_VEC q8_0 m=5120 n=1 k=10240: 1 x 93.6 us = 93.6 us (1120.22 GFLOPS/s)
PAD: 1 x 6.32 us = 6.32 us
RMS_NORM_MUL RMS_NORM(256,24,1,1): 1 x 3.2 us = 3.2 us
RMS_NORM_MUL RMS_NORM(256,4,1,1): 1 x 4.88 us = 4.88 us
RMS_NORM_MUL RMS_NORM(5120,1,1,1): 5 x 4.104 us = 20.52 us
ROPE: 2 x 3.34 us = 6.68 us
SET_ROWS: 2 x 2.6 us = 5.2 us
SIGMOID_MUL SIGMOID: 1 x 1.56 us = 1.56 us
TOP_K K=10 (98304,1,1,1): 1 x 8.88 us = 8.88 us
Total time: 1391.34 us.
----------------
Vulkan Timings:
CONCAT: 1 x 3.72 us = 3.72 us
CONT: 1 x 3.68 us = 3.68 us
FLASH_ATTN_EXT dst(256,24,1,1),  q(256,1,24,1),  k(256,256,4,1),  v(256,256,4,1),  m(256,1,1,1): 1 x 12.8 us = 12.8 us (491.52 GFLOPS/s)
GET_ROWS: 2 x 4.18 us = 8.36 us
GLU: 1 x 1.72 us = 1.72 us
MUL_MAT f32 m=256 n=24 k=256: 1 x 1.6 us = 1.6 us (1962.24 GFLOPS/s)
MUL_MAT f32 m=64 n=16 k=64: 1 x 3.6 us = 3.6 us (36.1244 GFLOPS/s)
MUL_MAT f32 m=64 n=96 k=64: 1 x 3.6 us = 3.6 us (216.747 GFLOPS/s)
MUL_MAT_ADD MUL_MAT_VEC q6_K m=5120 n=1 k=17408: 1 x 124 us = 124 us (1437.52 GFLOPS/s)
MUL_MAT_ADD MUL_MAT_VEC q6_K m=5120 n=1 k=6144: 1 x 53.72 us = 53.72 us (1171.06 GFLOPS/s)
MUL_MAT_VEC f32 m=256 n=4 k=256: 1 x 3.04 us = 3.04 us (172.126 GFLOPS/s)
MUL_MAT_VEC q6_K m=1024 n=1 k=5120: 2 x 9.04 us = 18.08 us (1159.82 GFLOPS/s)
MUL_MAT_VEC q6_K m=12288 n=1 k=5120: 1 x 85.6 us = 85.6 us (1469.82 GFLOPS/s)
MUL_MAT_VEC q6_K m=17408 n=1 k=5120: 2 x 121.3 us = 242.6 us (1469.42 GFLOPS/s)
MUL_MAT_VEC q6_K m=98304 n=1 k=5120: 1 x 673.67 us = 673.67 us (1494.11 GFLOPS/s)
MUL_MAT_VEC q8_0 m=5120 n=1 k=10240: 1 x 101 us = 101 us (1038.14 GFLOPS/s)
PAD: 1 x 6.36 us = 6.36 us
RMS_NORM_MUL RMS_NORM(256,24,1,1): 1 x 3.6 us = 3.6 us
RMS_NORM_MUL RMS_NORM(256,4,1,1): 1 x 3.56 us = 3.56 us
RMS_NORM_MUL RMS_NORM(5120,1,1,1): 5 x 3.752 us = 18.76 us
ROPE: 2 x 3.58 us = 7.16 us
SET_ROWS: 2 x 2.66 us = 5.32 us
SIGMOID_MUL SIGMOID: 1 x 1.72 us = 1.72 us
TOP_K K=10 (98304,1,1,1): 1 x 8.84 us = 8.84 us
Total time: 1396.11 us.
----------------
Vulkan Timings:
CONCAT: 1 x 3.76 us = 3.76 us
CONT: 1 x 3.56 us = 3.56 us
FLASH_ATTN_EXT dst(256,24,1,1),  q(256,1,24,1),  k(256,256,4,1),  v(256,256,4,1),  m(256,1,1,1): 1 x 12.72 us = 12.72 us (494.611 GFLOPS/s)
GET_ROWS: 2 x 4.18 us = 8.36 us
GLU: 1 x 1.88 us = 1.88 us
MUL_MAT f32 m=256 n=24 k=256: 1 x 1.64 us = 1.64 us (1914.38 GFLOPS/s)
MUL_MAT f32 m=64 n=16 k=64: 1 x 3.6 us = 3.6 us (36.1244 GFLOPS/s)
MUL_MAT f32 m=64 n=96 k=64: 1 x 3.6 us = 3.6 us (216.747 GFLOPS/s)
MUL_MAT_ADD MUL_MAT_VEC q6_K m=5120 n=1 k=17408: 1 x 122.92 us = 122.92 us (1450.15 GFLOPS/s)
MUL_MAT_ADD MUL_MAT_VEC q6_K m=5120 n=1 k=6144: 1 x 53.68 us = 53.68 us (1171.93 GFLOPS/s)
MUL_MAT_VEC f32 m=256 n=4 k=256: 1 x 3.04 us = 3.04 us (172.126 GFLOPS/s)
MUL_MAT_VEC q6_K m=1024 n=1 k=5120: 2 x 9.24 us = 18.48 us (1134.71 GFLOPS/s)
MUL_MAT_VEC q6_K m=12288 n=1 k=5120: 1 x 85.76 us = 85.76 us (1467.08 GFLOPS/s)
MUL_MAT_VEC q6_K m=17408 n=1 k=5120: 2 x 120.86 us = 241.72 us (1474.77 GFLOPS/s)
MUL_MAT_VEC q6_K m=98304 n=1 k=5120: 1 x 673.64 us = 673.64 us (1494.17 GFLOPS/s)
MUL_MAT_VEC q8_0 m=5120 n=1 k=10240: 1 x 100.88 us = 100.88 us (1039.38 GFLOPS/s)
PAD: 1 x 6.28 us = 6.28 us
RMS_NORM_MUL RMS_NORM(256,24,1,1): 1 x 3.6 us = 3.6 us
RMS_NORM_MUL RMS_NORM(256,4,1,1): 1 x 3.6 us = 3.6 us
RMS_NORM_MUL RMS_NORM(5120,1,1,1): 5 x 3.712 us = 18.56 us
ROPE: 2 x 3.58 us = 7.16 us
SET_ROWS: 2 x 2.62 us = 5.24 us
SIGMOID_MUL SIGMOID: 1 x 1.64 us = 1.64 us
TOP_K K=10 (98304,1,1,1): 1 x 8.84 us = 8.84 us
Total time: 1394.16 us.
----------------
Vulkan Timings:
CONCAT: 1 x 3.92 us = 3.92 us
CONT: 1 x 3.64 us = 3.64 us
FLASH_ATTN_EXT dst(256,24,1,1),  q(256,1,24,1),  k(256,256,4,1),  v(256,256,4,1),  m(256,1,1,1): 1 x 12.8 us = 12.8 us (491.52 GFLOPS/s)
GET_ROWS: 2 x 4.18 us = 8.36 us
GLU: 1 x 1.84 us = 1.84 us
MUL_MAT f32 m=256 n=24 k=256: 1 x 1.64 us = 1.64 us (1914.38 GFLOPS/s)
MUL_MAT f32 m=64 n=16 k=64: 1 x 3.64 us = 3.64 us (35.7275 GFLOPS/s)
MUL_MAT f32 m=64 n=96 k=64: 1 x 3.6 us = 3.6 us (216.747 GFLOPS/s)
MUL_MAT_ADD MUL_MAT_VEC q6_K m=5120 n=1 k=17408: 1 x 123.52 us = 123.52 us (1443.11 GFLOPS/s)
MUL_MAT_ADD MUL_MAT_VEC q6_K m=5120 n=1 k=6144: 1 x 55.44 us = 55.44 us (1134.73 GFLOPS/s)
MUL_MAT_VEC f32 m=256 n=4 k=256: 1 x 3 us = 3 us (174.421 GFLOPS/s)
MUL_MAT_VEC q6_K m=1024 n=1 k=5120: 2 x 9.22 us = 18.44 us (1137.17 GFLOPS/s)
MUL_MAT_VEC q6_K m=12288 n=1 k=5120: 1 x 85.76 us = 85.76 us (1467.08 GFLOPS/s)
MUL_MAT_VEC q6_K m=17408 n=1 k=5120: 2 x 121.34 us = 242.68 us (1468.93 GFLOPS/s)
MUL_MAT_VEC q6_K m=98304 n=1 k=5120: 1 x 673.46 us = 673.46 us (1494.57 GFLOPS/s)
MUL_MAT_VEC q8_0 m=5120 n=1 k=10240: 1 x 101.32 us = 101.32 us (1034.86 GFLOPS/s)
PAD: 1 x 6.28 us = 6.28 us
RMS_NORM_MUL RMS_NORM(256,24,1,1): 1 x 3.6 us = 3.6 us
RMS_NORM_MUL RMS_NORM(256,4,1,1): 1 x 3.6 us = 3.6 us
RMS_NORM_MUL RMS_NORM(5120,1,1,1): 5 x 3.704 us = 18.52 us
ROPE: 2 x 3.6 us = 7.2 us
SET_ROWS: 2 x 2.66 us = 5.32 us
SIGMOID_MUL SIGMOID: 1 x 1.92 us = 1.92 us
TOP_K K=10 (98304,1,1,1): 1 x 8.68 us = 8.68 us
Total time: 1398.18 us.
----------------
Vulkan Timings:
ADD: 48 x 3.775 us = 181.24 us
CONCAT: 48 x 2.455 us = 117.84 us
CONT: 16 x 3.845 us = 61.52 us
CPY: 240 x 2.28 us = 547.2 us
FLASH_ATTN_EXT dst(256,24,5,1),  q(256,5,24,1),  k(256,256,4,1),  v(256,256,4,1),  m(256,5,1,1): 16 x 21.025 us = 336.4 us (1496.18 GFLOPS/s)
GDN_CACHE GATED_DELTA_NET: 48 x 13.241 us = 635.6 us
GET_ROWS: 50 x 24.476 us = 1223.8 us
GLU: 64 x 2.855 us = 182.72 us
MUL_MAT f32 m=256 n=120 k=256: 16 x 1.832 us = 29.32 us (8566.4 GFLOPS/s)
MUL_MAT f32 m=256 n=20 k=256: 16 x 3.135 us = 50.16 us (834.552 GFLOPS/s)
MUL_MAT f32 m=64 n=480 k=64: 16 x 3.657 us = 58.52 us (1066.7 GFLOPS/s)
MUL_MAT f32 m=64 n=80 k=64: 16 x 3.382 us = 54.12 us (192.237 GFLOPS/s)
MUL_MAT_ADD MUL_MAT_VEC q6_K m=5120 n=5 k=17408: 64 x 138.92 us = 8890.92 us (6415.63 GFLOPS/s)
MUL_MAT_ADD MUL_MAT_VEC q6_K m=5120 n=5 k=6144: 16 x 59.872 us = 957.96 us (5253.62 GFLOPS/s)
MUL_MAT_VEC f32 m=48 n=5 k=5120: 96 x 3.567 us = 342.48 us (688.819 GFLOPS/s)
MUL_MAT_VEC q6_K m=1024 n=5 k=5120: 32 x 7.455 us = 238.56 us (7032.02 GFLOPS/s)
MUL_MAT_VEC q6_K m=10240 n=5 k=5120: 48 x 80.336 us = 3856.16 us (6525.5 GFLOPS/s)
MUL_MAT_VEC q6_K m=12288 n=5 k=5120: 16 x 98.32 us = 1573.12 us (6398.33 GFLOPS/s)
MUL_MAT_VEC q6_K m=17408 n=5 k=5120: 128 x 139.041 us = 17797.4 us (6409.6 GFLOPS/s)
MUL_MAT_VEC q6_K m=248320 n=5 k=5120: 1 x 1685.32 us = 1685.32 us (7543.22 GFLOPS/s)
MUL_MAT_VEC q6_K m=6144 n=5 k=5120: 48 x 53.583 us = 2572 us (5870.15 GFLOPS/s)
MUL_MAT_VEC q8_0 m=5120 n=5 k=6144: 48 x 63.325 us = 3039.6 us (4967.19 GFLOPS/s)
RMS_NORM_MUL RMS_NORM(256,24,5,1): 16 x 3.742 us = 59.88 us
RMS_NORM_MUL RMS_NORM(256,4,5,1): 16 x 4.342 us = 69.48 us
RMS_NORM_MUL RMS_NORM(5120,5,1,1): 129 x 4.638 us = 598.36 us
RMS_NORM_MUL_SILU_MUL RMS_NORM(128,48,5,1): 48 x 5.709 us = 274.04 us
RMS_NORM_SCALE RMS_NORM(128,16,5,1): 96 x 2.631 us = 252.6 us
ROPE: 32 x 3.872 us = 123.92 us
SET_ROWS: 32 x 2.976 us = 95.24 us
SIGMOID_MUL SIGMOID: 16 x 3.722 us = 59.56 us
SSM_CONV_SILU SSM_CONV: 48 x 5.567 us = 267.24 us
Total time: 46232.2 us.
----------------
Vulkan Timings:
CONCAT: 1 x 3.96 us = 3.96 us
CONT: 1 x 3.64 us = 3.64 us
FLASH_ATTN_EXT dst(256,24,5,1),  q(256,5,24,1),  k(256,256,4,1),  v(256,256,4,1),  m(256,5,1,1): 1 x 20.52 us = 20.52 us (1533.01 GFLOPS/s)
GLU: 1 x 3.88 us = 3.88 us
MUL_MAT f32 m=256 n=120 k=256: 1 x 1.68 us = 1.68 us (9344 GFLOPS/s)
MUL_MAT f32 m=256 n=20 k=256: 1 x 3.04 us = 3.04 us (860.632 GFLOPS/s)
MUL_MAT f32 m=64 n=480 k=64: 1 x 3.68 us = 3.68 us (1060.17 GFLOPS/s)
MUL_MAT f32 m=64 n=80 k=64: 1 x 3.6 us = 3.6 us (180.622 GFLOPS/s)
MUL_MAT_ADD MUL_MAT_VEC q6_K m=5120 n=5 k=17408: 1 x 166.63 us = 166.63 us (5348.76 GFLOPS/s)
MUL_MAT_ADD MUL_MAT_VEC q6_K m=5120 n=5 k=6144: 1 x 66.16 us = 66.16 us (4754.34 GFLOPS/s)
MUL_MAT_VEC q6_K m=1024 n=5 k=5120: 2 x 9.18 us = 18.36 us (5710.64 GFLOPS/s)
MUL_MAT_VEC q6_K m=12288 n=5 k=5120: 1 x 125.01 us = 125.01 us (5032.27 GFLOPS/s)
MUL_MAT_VEC q6_K m=17408 n=5 k=5120: 2 x 131.52 us = 263.04 us (6776.18 GFLOPS/s)
MUL_MAT_VEC q8_0 m=5120 n=5 k=10240: 1 x 106.2 us = 106.2 us (4936.56 GFLOPS/s)
RMS_NORM_MUL RMS_NORM(256,24,5,1): 1 x 3.76 us = 3.76 us
RMS_NORM_MUL RMS_NORM(256,4,5,1): 1 x 3.56 us = 3.56 us
RMS_NORM_MUL RMS_NORM(5120,5,1,1): 5 x 7.804 us = 39.02 us
ROPE: 2 x 3.6 us = 7.2 us
SET_ROWS: 2 x 2.68 us = 5.36 us
SIGMOID_MUL SIGMOID: 1 x 1.72 us = 1.72 us
Total time: 850.02 us.
----------------
Vulkan Timings:
CONCAT: 1 x 3.64 us = 3.64 us
CONT: 1 x 3.56 us = 3.56 us
FLASH_ATTN_EXT dst(256,24,1,1),  q(256,1,24,1),  k(256,256,4,1),  v(256,256,4,1),  m(256,1,1,1): 1 x 12.56 us = 12.56 us (500.912 GFLOPS/s)
GET_ROWS: 2 x 4.2 us = 8.4 us
GLU: 1 x 1.56 us = 1.56 us
MUL_MAT f32 m=256 n=24 k=256: 1 x 1.52 us = 1.52 us (2065.52 GFLOPS/s)
MUL_MAT f32 m=64 n=16 k=64: 1 x 1.8 us = 1.8 us (72.2489 GFLOPS/s)
MUL_MAT f32 m=64 n=96 k=64: 1 x 3.2 us = 3.2 us (243.84 GFLOPS/s)
MUL_MAT_ADD MUL_MAT_VEC q6_K m=5120 n=1 k=17408: 1 x 129.88 us = 129.88 us (1372.44 GFLOPS/s)
MUL_MAT_ADD MUL_MAT_VEC q6_K m=5120 n=1 k=6144: 1 x 53.64 us = 53.64 us (1172.81 GFLOPS/s)
MUL_MAT_VEC f32 m=256 n=4 k=256: 1 x 3.04 us = 3.04 us (172.126 GFLOPS/s)
MUL_MAT_VEC q6_K m=1024 n=1 k=5120: 2 x 9.24 us = 18.48 us (1134.71 GFLOPS/s)
MUL_MAT_VEC q6_K m=12288 n=1 k=5120: 1 x 90.08 us = 90.08 us (1396.72 GFLOPS/s)
MUL_MAT_VEC q6_K m=17408 n=1 k=5120: 2 x 117.92 us = 235.84 us (1511.54 GFLOPS/s)
MUL_MAT_VEC q6_K m=98304 n=1 k=5120: 1 x 670.32 us = 670.32 us (1501.57 GFLOPS/s)
MUL_MAT_VEC q8_0 m=5120 n=1 k=10240: 1 x 91.52 us = 91.52 us (1145.68 GFLOPS/s)
PAD: 1 x 6.32 us = 6.32 us
RMS_NORM_MUL RMS_NORM(256,24,1,1): 1 x 3.2 us = 3.2 us
RMS_NORM_MUL RMS_NORM(256,4,1,1): 1 x 4.84 us = 4.84 us
RMS_NORM_MUL RMS_NORM(5120,1,1,1): 5 x 4.224 us = 21.12 us
ROPE: 2 x 3.34 us = 6.68 us
SET_ROWS: 2 x 2.62 us = 5.24 us
SIGMOID_MUL SIGMOID: 1 x 1.6 us = 1.6 us
TOP_K K=10 (98304,1,1,1): 1 x 8.84 us = 8.84 us
Total time: 1386.88 us.
----------------
Vulkan Timings:
CONCAT: 1 x 3.8 us = 3.8 us
CONT: 1 x 3.64 us = 3.64 us
FLASH_ATTN_EXT dst(256,24,1,1),  q(256,1,24,1),  k(256,256,4,1),  v(256,256,4,1),  m(256,1,1,1): 1 x 12.88 us = 12.88 us (488.467 GFLOPS/s)
GET_ROWS: 2 x 4.18 us = 8.36 us
GLU: 1 x 1.88 us = 1.88 us
MUL_MAT f32 m=256 n=24 k=256: 1 x 1.68 us = 1.68 us (1868.8 GFLOPS/s)
MUL_MAT f32 m=64 n=16 k=64: 1 x 3.64 us = 3.64 us (35.7275 GFLOPS/s)
MUL_MAT f32 m=64 n=96 k=64: 1 x 3.6 us = 3.6 us (216.747 GFLOPS/s)
MUL_MAT_ADD MUL_MAT_VEC q6_K m=5120 n=1 k=17408: 1 x 123.88 us = 123.88 us (1438.92 GFLOPS/s)
MUL_MAT_ADD MUL_MAT_VEC q6_K m=5120 n=1 k=6144: 1 x 53.76 us = 53.76 us (1170.19 GFLOPS/s)
MUL_MAT_VEC f32 m=256 n=4 k=256: 1 x 3.04 us = 3.04 us (172.126 GFLOPS/s)
MUL_MAT_VEC q6_K m=1024 n=1 k=5120: 2 x 9.04 us = 18.08 us (1159.82 GFLOPS/s)
MUL_MAT_VEC q6_K m=12288 n=1 k=5120: 1 x 85.16 us = 85.16 us (1477.42 GFLOPS/s)
MUL_MAT_VEC q6_K m=17408 n=1 k=5120: 2 x 121.24 us = 242.48 us (1470.15 GFLOPS/s)
MUL_MAT_VEC q6_K m=98304 n=1 k=5120: 1 x 674.25 us = 674.25 us (1492.82 GFLOPS/s)
MUL_MAT_VEC q8_0 m=5120 n=1 k=10240: 1 x 101.68 us = 101.68 us (1031.2 GFLOPS/s)
PAD: 1 x 6.32 us = 6.32 us
RMS_NORM_MUL RMS_NORM(256,24,1,1): 1 x 3.6 us = 3.6 us
RMS_NORM_MUL RMS_NORM(256,4,1,1): 1 x 3.64 us = 3.64 us
RMS_NORM_MUL RMS_NORM(5120,1,1,1): 5 x 3.76 us = 18.8 us
ROPE: 2 x 3.64 us = 7.28 us
SET_ROWS: 2 x 2.64 us = 5.28 us
SIGMOID_MUL SIGMOID: 1 x 1.68 us = 1.68 us
TOP_K K=10 (98304,1,1,1): 1 x 8.56 us = 8.56 us
Total time: 1396.97 us.
----------------
Vulkan Timings:
CONCAT: 1 x 3.72 us = 3.72 us
CONT: 1 x 3.56 us = 3.56 us
FLASH_ATTN_EXT dst(256,24,1,1),  q(256,1,24,1),  k(256,256,4,1),  v(256,256,4,1),  m(256,1,1,1): 1 x 12.92 us = 12.92 us (486.955 GFLOPS/s)
GET_ROWS: 2 x 4.28 us = 8.56 us
GLU: 1 x 1.84 us = 1.84 us
MUL_MAT f32 m=256 n=24 k=256: 1 x 1.6 us = 1.6 us (1962.24 GFLOPS/s)
MUL_MAT f32 m=64 n=16 k=64: 1 x 3.6 us = 3.6 us (36.1244 GFLOPS/s)
MUL_MAT f32 m=64 n=96 k=64: 1 x 3.64 us = 3.64 us (214.365 GFLOPS/s)
MUL_MAT_ADD MUL_MAT_VEC q6_K m=5120 n=1 k=17408: 1 x 123.6 us = 123.6 us (1442.17 GFLOPS/s)
MUL_MAT_ADD MUL_MAT_VEC q6_K m=5120 n=1 k=6144: 1 x 54.64 us = 54.64 us (1151.34 GFLOPS/s)
MUL_MAT_VEC f32 m=256 n=4 k=256: 1 x 3.04 us = 3.04 us (172.126 GFLOPS/s)
MUL_MAT_VEC q6_K m=1024 n=1 k=5120: 2 x 9.08 us = 18.16 us (1154.71 GFLOPS/s)
MUL_MAT_VEC q6_K m=12288 n=1 k=5120: 1 x 85.88 us = 85.88 us (1465.03 GFLOPS/s)
MUL_MAT_VEC q6_K m=17408 n=1 k=5120: 2 x 121.08 us = 242.16 us (1472.09 GFLOPS/s)
MUL_MAT_VEC q6_K m=98304 n=1 k=5120: 1 x 672.56 us = 672.56 us (1496.57 GFLOPS/s)
MUL_MAT_VEC q8_0 m=5120 n=1 k=10240: 1 x 100.96 us = 100.96 us (1038.55 GFLOPS/s)
PAD: 1 x 6.36 us = 6.36 us
RMS_NORM_MUL RMS_NORM(256,24,1,1): 1 x 3.6 us = 3.6 us
RMS_NORM_MUL RMS_NORM(256,4,1,1): 1 x 3.56 us = 3.56 us
RMS_NORM_MUL RMS_NORM(5120,1,1,1): 5 x 3.688 us = 18.44 us
ROPE: 2 x 3.6 us = 7.2 us
SET_ROWS: 2 x 2.64 us = 5.28 us
SIGMOID_MUL SIGMOID: 1 x 1.72 us = 1.72 us
TOP_K K=10 (98304,1,1,1): 1 x 8.76 us = 8.76 us
Total time: 1395.36 us.
----------------
Vulkan Timings:
CONCAT: 1 x 3.8 us = 3.8 us
CONT: 1 x 3.6 us = 3.6 us
FLASH_ATTN_EXT dst(256,24,1,1),  q(256,1,24,1),  k(256,256,4,1),  v(256,256,4,1),  m(256,1,1,1): 1 x 12.76 us = 12.76 us (493.061 GFLOPS/s)
GET_ROWS: 2 x 4.32 us = 8.64 us
GLU: 1 x 1.92 us = 1.92 us
MUL_MAT f32 m=256 n=24 k=256: 1 x 1.68 us = 1.68 us (1868.8 GFLOPS/s)
MUL_MAT f32 m=64 n=16 k=64: 1 x 3.6 us = 3.6 us (36.1244 GFLOPS/s)
MUL_MAT f32 m=64 n=96 k=64: 1 x 3.6 us = 3.6 us (216.747 GFLOPS/s)
MUL_MAT_ADD MUL_MAT_VEC q6_K m=5120 n=1 k=17408: 1 x 123.2 us = 123.2 us (1446.86 GFLOPS/s)
MUL_MAT_ADD MUL_MAT_VEC q6_K m=5120 n=1 k=6144: 1 x 55.04 us = 55.04 us (1142.98 GFLOPS/s)
MUL_MAT_VEC f32 m=256 n=4 k=256: 1 x 3 us = 3 us (174.421 GFLOPS/s)
MUL_MAT_VEC q6_K m=1024 n=1 k=5120: 2 x 9.28 us = 18.56 us (1129.82 GFLOPS/s)
MUL_MAT_VEC q6_K m=12288 n=1 k=5120: 1 x 85.52 us = 85.52 us (1471.2 GFLOPS/s)
MUL_MAT_VEC q6_K m=17408 n=1 k=5120: 2 x 121.12 us = 242.24 us (1471.6 GFLOPS/s)
MUL_MAT_VEC q6_K m=98304 n=1 k=5120: 1 x 672.55 us = 672.55 us (1496.59 GFLOPS/s)
MUL_MAT_VEC q8_0 m=5120 n=1 k=10240: 1 x 101.48 us = 101.48 us (1033.23 GFLOPS/s)
PAD: 1 x 6.28 us = 6.28 us
RMS_NORM_MUL RMS_NORM(256,24,1,1): 1 x 3.6 us = 3.6 us
RMS_NORM_MUL RMS_NORM(256,4,1,1): 1 x 3.56 us = 3.56 us
RMS_NORM_MUL RMS_NORM(5120,1,1,1): 5 x 3.688 us = 18.44 us
ROPE: 2 x 3.58 us = 7.16 us
SET_ROWS: 2 x 2.64 us = 5.28 us
SIGMOID_MUL SIGMOID: 1 x 1.92 us = 1.92 us
TOP_K K=10 (98304,1,1,1): 1 x 8.92 us = 8.92 us
Total time: 1396.35 us.
----------------
Vulkan Timings:
ADD: 48 x 3.711 us = 178.16 us
CONCAT: 48 x 2.417 us = 116.04 us
CONT: 16 x 3.787 us = 60.6 us
CPY: 240 x 2.215 us = 531.6 us
FLASH_ATTN_EXT dst(256,24,5,1),  q(256,5,24,1),  k(256,256,4,1),  v(256,256,4,1),  m(256,5,1,1): 16 x 20.675 us = 330.8 us (1521.51 GFLOPS/s)
GDN_CACHE GATED_DELTA_NET: 48 x 13.056 us = 626.72 us
GET_ROWS: 50 x 24.428 us = 1221.44 us
GLU: 64 x 2.94 us = 188.16 us
MUL_MAT f32 m=256 n=120 k=256: 16 x 1.802 us = 28.84 us (8708.97 GFLOPS/s)
MUL_MAT f32 m=256 n=20 k=256: 16 x 3.075 us = 49.2 us (850.836 GFLOPS/s)
MUL_MAT f32 m=64 n=480 k=64: 16 x 3.59 us = 57.44 us (1086.75 GFLOPS/s)
MUL_MAT f32 m=64 n=80 k=64: 16 x 3.235 us = 51.76 us (201.002 GFLOPS/s)
MUL_MAT_ADD MUL_MAT_VEC q6_K m=5120 n=5 k=17408: 64 x 138.244 us = 8847.64 us (6447.02 GFLOPS/s)
MUL_MAT_ADD MUL_MAT_VEC q6_K m=5120 n=5 k=6144: 16 x 58.91 us = 942.56 us (5339.45 GFLOPS/s)
MUL_MAT_VEC f32 m=48 n=5 k=5120: 96 x 3.385 us = 325.04 us (725.777 GFLOPS/s)
MUL_MAT_VEC q6_K m=1024 n=5 k=5120: 32 x 7.04 us = 225.28 us (7446.55 GFLOPS/s)
MUL_MAT_VEC q6_K m=10240 n=5 k=5120: 48 x 79.718 us = 3826.48 us (6576.11 GFLOPS/s)
MUL_MAT_VEC q6_K m=12288 n=5 k=5120: 16 x 99.022 us = 1584.36 us (6352.94 GFLOPS/s)
MUL_MAT_VEC q6_K m=17408 n=5 k=5120: 128 x 138.649 us = 17747.1 us (6427.76 GFLOPS/s)
MUL_MAT_VEC q6_K m=248320 n=5 k=5120: 1 x 1687.8 us = 1687.8 us (7532.14 GFLOPS/s)
MUL_MAT_VEC q6_K m=6144 n=5 k=5120: 48 x 53.323 us = 2559.52 us (5898.77 GFLOPS/s)
MUL_MAT_VEC q8_0 m=5120 n=5 k=6144: 48 x 63.167 us = 3032.04 us (4979.57 GFLOPS/s)
RMS_NORM_MUL RMS_NORM(256,24,5,1): 16 x 3.672 us = 58.76 us
RMS_NORM_MUL RMS_NORM(256,4,5,1): 16 x 4.355 us = 69.68 us
RMS_NORM_MUL RMS_NORM(5120,5,1,1): 129 x 4.565 us = 588.96 us
RMS_NORM_MUL_SILU_MUL RMS_NORM(128,48,5,1): 48 x 5.58 us = 267.88 us
RMS_NORM_SCALE RMS_NORM(128,16,5,1): 96 x 2.627 us = 252.28 us
ROPE: 32 x 3.797 us = 121.52 us
SET_ROWS: 32 x 2.935 us = 93.92 us
SIGMOID_MUL SIGMOID: 16 x 3.635 us = 58.16 us
SSM_CONV_SILU SSM_CONV: 48 x 5.643 us = 270.88 us
Total time: 46000.6 us.
----------------
Vulkan Timings:
CONCAT: 1 x 4 us = 4 us
CONT: 1 x 3.64 us = 3.64 us
FLASH_ATTN_EXT dst(256,24,5,1),  q(256,5,24,1),  k(256,256,4,1),  v(256,256,4,1),  m(256,5,1,1): 1 x 20.8 us = 20.8 us (1512.37 GFLOPS/s)
GLU: 1 x 1.68 us = 1.68 us
MUL_MAT f32 m=256 n=120 k=256: 1 x 1.72 us = 1.72 us (9126.7 GFLOPS/s)
MUL_MAT f32 m=256 n=20 k=256: 1 x 3.08 us = 3.08 us (849.455 GFLOPS/s)
MUL_MAT f32 m=64 n=480 k=64: 1 x 3.68 us = 3.68 us (1060.17 GFLOPS/s)
MUL_MAT f32 m=64 n=80 k=64: 1 x 3.64 us = 3.64 us (178.637 GFLOPS/s)
MUL_MAT_ADD MUL_MAT_VEC q6_K m=5120 n=5 k=17408: 1 x 165.41 us = 165.41 us (5388.21 GFLOPS/s)
MUL_MAT_ADD MUL_MAT_VEC q6_K m=5120 n=5 k=6144: 1 x 67.4 us = 67.4 us (4666.87 GFLOPS/s)
MUL_MAT_VEC q6_K m=1024 n=5 k=5120: 2 x 9.24 us = 18.48 us (5673.56 GFLOPS/s)
MUL_MAT_VEC q6_K m=12288 n=5 k=5120: 1 x 126.09 us = 126.09 us (4989.17 GFLOPS/s)
MUL_MAT_VEC q6_K m=17408 n=5 k=5120: 2 x 131.18 us = 262.36 us (6793.74 GFLOPS/s)
MUL_MAT_VEC q8_0 m=5120 n=5 k=10240: 1 x 105.8 us = 105.8 us (4955.22 GFLOPS/s)
RMS_NORM_MUL RMS_NORM(256,24,5,1): 1 x 3.76 us = 3.76 us
RMS_NORM_MUL RMS_NORM(256,4,5,1): 1 x 3.64 us = 3.64 us
RMS_NORM_MUL RMS_NORM(5120,5,1,1): 5 x 7.91 us = 39.55 us
ROPE: 2 x 3.64 us = 7.28 us
SET_ROWS: 2 x 2.66 us = 5.32 us
SIGMOID_MUL SIGMOID: 1 x 1.68 us = 1.68 us
Total time: 849.01 us.
----------------
Vulkan Timings:
CONCAT: 1 x 3.68 us = 3.68 us
CONT: 1 x 3.48 us = 3.48 us
FLASH_ATTN_EXT dst(256,24,1,1),  q(256,1,24,1),  k(256,256,4,1),  v(256,256,4,1),  m(256,1,1,1): 1 x 12.36 us = 12.36 us (509.017 GFLOPS/s)
GET_ROWS: 2 x 4.32 us = 8.64 us
GLU: 1 x 1.64 us = 1.64 us
MUL_MAT f32 m=256 n=24 k=256: 1 x 1.56 us = 1.56 us (2012.55 GFLOPS/s)
MUL_MAT f32 m=64 n=16 k=64: 1 x 1.84 us = 1.84 us (70.6783 GFLOPS/s)
MUL_MAT f32 m=64 n=96 k=64: 1 x 3.2 us = 3.2 us (243.84 GFLOPS/s)
MUL_MAT_ADD MUL_MAT_VEC q6_K m=5120 n=1 k=17408: 1 x 129.72 us = 129.72 us (1374.14 GFLOPS/s)
MUL_MAT_ADD MUL_MAT_VEC q6_K m=5120 n=1 k=6144: 1 x 53.68 us = 53.68 us (1171.93 GFLOPS/s)
MUL_MAT_VEC f32 m=256 n=4 k=256: 1 x 3.04 us = 3.04 us (172.126 GFLOPS/s)
MUL_MAT_VEC q6_K m=1024 n=1 k=5120: 2 x 9.28 us = 18.56 us (1129.82 GFLOPS/s)
MUL_MAT_VEC q6_K m=12288 n=1 k=5120: 1 x 89.72 us = 89.72 us (1402.33 GFLOPS/s)
MUL_MAT_VEC q6_K m=17408 n=1 k=5120: 2 x 117.78 us = 235.56 us (1513.33 GFLOPS/s)
MUL_MAT_VEC q6_K m=98304 n=1 k=5120: 1 x 673.74 us = 673.74 us (1493.95 GFLOPS/s)
MUL_MAT_VEC q8_0 m=5120 n=1 k=10240: 1 x 91.44 us = 91.44 us (1146.68 GFLOPS/s)
PAD: 1 x 6.4 us = 6.4 us
RMS_NORM_MUL RMS_NORM(256,24,1,1): 1 x 3.2 us = 3.2 us
RMS_NORM_MUL RMS_NORM(256,4,1,1): 1 x 4.84 us = 4.84 us
RMS_NORM_MUL RMS_NORM(5120,1,1,1): 5 x 4.4 us = 22 us
ROPE: 2 x 3.32 us = 6.64 us
SET_ROWS: 2 x 2.56 us = 5.12 us
SIGMOID_MUL SIGMOID: 1 x 1.52 us = 1.52 us
TOP_K K=10 (98304,1,1,1): 1 x 8.92 us = 8.92 us
Total time: 1390.5 us.
----------------
Vulkan Timings:
CONCAT: 1 x 3.72 us = 3.72 us
CONT: 1 x 3.64 us = 3.64 us
FLASH_ATTN_EXT dst(256,24,1,1),  q(256,1,24,1),  k(256,256,4,1),  v(256,256,4,1),  m(256,1,1,1): 1 x 12.88 us = 12.88 us (488.467 GFLOPS/s)
GET_ROWS: 2 x 4.18 us = 8.36 us
GLU: 1 x 1.72 us = 1.72 us
MUL_MAT f32 m=256 n=24 k=256: 1 x 1.64 us = 1.64 us (1914.38 GFLOPS/s)
MUL_MAT f32 m=64 n=16 k=64: 1 x 3.68 us = 3.68 us (35.3391 GFLOPS/s)
MUL_MAT f32 m=64 n=96 k=64: 1 x 3.6 us = 3.6 us (216.747 GFLOPS/s)
MUL_MAT_ADD MUL_MAT_VEC q6_K m=5120 n=1 k=17408: 1 x 122.92 us = 122.92 us (1450.15 GFLOPS/s)
MUL_MAT_ADD MUL_MAT_VEC q6_K m=5120 n=1 k=6144: 1 x 54.8 us = 54.8 us (1147.98 GFLOPS/s)
MUL_MAT_VEC f32 m=256 n=4 k=256: 1 x 3.04 us = 3.04 us (172.126 GFLOPS/s)
MUL_MAT_VEC q6_K m=1024 n=1 k=5120: 2 x 9.04 us = 18.08 us (1159.82 GFLOPS/s)
MUL_MAT_VEC q6_K m=12288 n=1 k=5120: 1 x 85.72 us = 85.72 us (1467.77 GFLOPS/s)
MUL_MAT_VEC q6_K m=17408 n=1 k=5120: 2 x 121.3 us = 242.6 us (1469.42 GFLOPS/s)
MUL_MAT_VEC q6_K m=98304 n=1 k=5120: 1 x 674.31 us = 674.31 us (1492.69 GFLOPS/s)
MUL_MAT_VEC q8_0 m=5120 n=1 k=10240: 1 x 101.28 us = 101.28 us (1035.27 GFLOPS/s)
PAD: 1 x 6.28 us = 6.28 us
RMS_NORM_MUL RMS_NORM(256,24,1,1): 1 x 3.64 us = 3.64 us
RMS_NORM_MUL RMS_NORM(256,4,1,1): 1 x 3.6 us = 3.6 us
RMS_NORM_MUL RMS_NORM(5120,1,1,1): 5 x 3.784 us = 18.92 us
ROPE: 2 x 3.58 us = 7.16 us
SET_ROWS: 2 x 2.64 us = 5.28 us
SIGMOID_MUL SIGMOID: 1 x 1.72 us = 1.72 us
TOP_K K=10 (98304,1,1,1): 1 x 9.04 us = 9.04 us
Total time: 1397.63 us.
----------------
Vulkan Timings:
CONCAT: 1 x 3.76 us = 3.76 us
CONT: 1 x 3.64 us = 3.64 us
FLASH_ATTN_EXT dst(256,24,1,1),  q(256,1,24,1),  k(256,256,4,1),  v(256,256,4,1),  m(256,1,1,1): 1 x 13.04 us = 13.04 us (482.474 GFLOPS/s)
GET_ROWS: 2 x 4.18 us = 8.36 us
GLU: 1 x 1.88 us = 1.88 us
MUL_MAT f32 m=256 n=24 k=256: 1 x 1.68 us = 1.68 us (1868.8 GFLOPS/s)
MUL_MAT f32 m=64 n=16 k=64: 1 x 3.6 us = 3.6 us (36.1244 GFLOPS/s)
MUL_MAT f32 m=64 n=96 k=64: 1 x 3.64 us = 3.64 us (214.365 GFLOPS/s)
MUL_MAT_ADD MUL_MAT_VEC q6_K m=5120 n=1 k=17408: 1 x 123.92 us = 123.92 us (1438.45 GFLOPS/s)
MUL_MAT_ADD MUL_MAT_VEC q6_K m=5120 n=1 k=6144: 1 x 54 us = 54 us (1164.99 GFLOPS/s)
MUL_MAT_VEC f32 m=256 n=4 k=256: 1 x 3.04 us = 3.04 us (172.126 GFLOPS/s)
MUL_MAT_VEC q6_K m=1024 n=1 k=5120: 2 x 9.06 us = 18.12 us (1157.26 GFLOPS/s)
MUL_MAT_VEC q6_K m=12288 n=1 k=5120: 1 x 85.68 us = 85.68 us (1468.45 GFLOPS/s)
MUL_MAT_VEC q6_K m=17408 n=1 k=5120: 2 x 121.38 us = 242.76 us (1468.45 GFLOPS/s)
MUL_MAT_VEC q6_K m=98304 n=1 k=5120: 1 x 673.33 us = 673.33 us (1494.86 GFLOPS/s)
MUL_MAT_VEC q8_0 m=5120 n=1 k=10240: 1 x 101.44 us = 101.44 us (1033.64 GFLOPS/s)
PAD: 1 x 6.32 us = 6.32 us
RMS_NORM_MUL RMS_NORM(256,24,1,1): 1 x 3.56 us = 3.56 us
RMS_NORM_MUL RMS_NORM(256,4,1,1): 1 x 3.6 us = 3.6 us
RMS_NORM_MUL RMS_NORM(5120,1,1,1): 5 x 3.736 us = 18.68 us
ROPE: 2 x 3.56 us = 7.12 us
SET_ROWS: 2 x 2.64 us = 5.28 us
SIGMOID_MUL SIGMOID: 1 x 1.68 us = 1.68 us
TOP_K K=10 (98304,1,1,1): 1 x 8.84 us = 8.84 us
Total time: 1396.97 us.
----------------
Vulkan Timings:
CONCAT: 1 x 3.96 us = 3.96 us
CONT: 1 x 3.64 us = 3.64 us
FLASH_ATTN_EXT dst(256,24,1,1),  q(256,1,24,1),  k(256,256,4,1),  v(256,256,4,1),  m(256,1,1,1): 1 x 12.92 us = 12.92 us (486.955 GFLOPS/s)
GET_ROWS: 2 x 4.3 us = 8.6 us
GLU: 1 x 1.88 us = 1.88 us
MUL_MAT f32 m=256 n=24 k=256: 1 x 1.64 us = 1.64 us (1914.38 GFLOPS/s)
MUL_MAT f32 m=64 n=16 k=64: 1 x 3.64 us = 3.64 us (35.7275 GFLOPS/s)
MUL_MAT f32 m=64 n=96 k=64: 1 x 3.56 us = 3.56 us (219.182 GFLOPS/s)
MUL_MAT_ADD MUL_MAT_VEC q6_K m=5120 n=1 k=17408: 1 x 123 us = 123 us (1449.21 GFLOPS/s)
MUL_MAT_ADD MUL_MAT_VEC q6_K m=5120 n=1 k=6144: 1 x 54.12 us = 54.12 us (1162.41 GFLOPS/s)
MUL_MAT_VEC f32 m=256 n=4 k=256: 1 x 3.04 us = 3.04 us (172.126 GFLOPS/s)
MUL_MAT_VEC q6_K m=1024 n=1 k=5120: 2 x 9.3 us = 18.6 us (1127.39 GFLOPS/s)
MUL_MAT_VEC q6_K m=12288 n=1 k=5120: 1 x 85.2 us = 85.2 us (1476.72 GFLOPS/s)
MUL_MAT_VEC q6_K m=17408 n=1 k=5120: 2 x 121.04 us = 242.08 us (1472.58 GFLOPS/s)
MUL_MAT_VEC q6_K m=98304 n=1 k=5120: 1 x 673.47 us = 673.47 us (1494.55 GFLOPS/s)
MUL_MAT_VEC q8_0 m=5120 n=1 k=10240: 1 x 101.56 us = 101.56 us (1032.42 GFLOPS/s)
PAD: 1 x 6.28 us = 6.28 us
RMS_NORM_MUL RMS_NORM(256,24,1,1): 1 x 3.6 us = 3.6 us
RMS_NORM_MUL RMS_NORM(256,4,1,1): 1 x 3.6 us = 3.6 us
RMS_NORM_MUL RMS_NORM(5120,1,1,1): 5 x 3.664 us = 18.32 us
ROPE: 2 x 3.58 us = 7.16 us
SET_ROWS: 2 x 2.62 us = 5.24 us
SIGMOID_MUL SIGMOID: 1 x 1.64 us = 1.64 us
TOP_K K=10 (98304,1,1,1): 1 x 8.96 us = 8.96 us
Total time: 1395.71 us.
----------------
Vulkan Timings:
ADD: 48 x 3.693 us = 177.28 us
CONCAT: 48 x 2.415 us = 115.92 us
CONT: 16 x 3.77 us = 60.32 us
CPY: 240 x 2.207 us = 529.8 us
FLASH_ATTN_EXT dst(256,24,5,1),  q(256,5,24,1),  k(256,256,4,1),  v(256,256,4,1),  m(256,5,1,1): 16 x 20.637 us = 330.2 us (1524.28 GFLOPS/s)
GDN_CACHE GATED_DELTA_NET: 48 x 12.986 us = 623.36 us
GET_ROWS: 50 x 24.438 us = 1221.92 us
GLU: 64 x 2.909 us = 186.2 us
MUL_MAT f32 m=256 n=120 k=256: 16 x 1.817 us = 29.08 us (8637.09 GFLOPS/s)
MUL_MAT f32 m=256 n=20 k=256: 16 x 2.92 us = 46.72 us (896 GFLOPS/s)
MUL_MAT f32 m=64 n=480 k=64: 16 x 3.582 us = 57.32 us (1089.03 GFLOPS/s)
MUL_MAT f32 m=64 n=80 k=64: 16 x 3.237 us = 51.8 us (200.846 GFLOPS/s)
MUL_MAT_ADD MUL_MAT_VEC q6_K m=5120 n=5 k=17408: 64 x 138.04 us = 8834.6 us (6456.53 GFLOPS/s)
MUL_MAT_ADD MUL_MAT_VEC q6_K m=5120 n=5 k=6144: 16 x 60.072 us = 961.16 us (5236.13 GFLOPS/s)
MUL_MAT_VEC f32 m=48 n=5 k=5120: 96 x 3.345 us = 321.16 us (734.545 GFLOPS/s)
MUL_MAT_VEC q6_K m=1024 n=5 k=5120: 32 x 7.022 us = 224.72 us (7465.1 GFLOPS/s)
MUL_MAT_VEC q6_K m=10240 n=5 k=5120: 48 x 79.851 us = 3832.88 us (6565.13 GFLOPS/s)
MUL_MAT_VEC q6_K m=12288 n=5 k=5120: 16 x 98.645 us = 1578.32 us (6377.25 GFLOPS/s)
MUL_MAT_VEC q6_K m=17408 n=5 k=5120: 128 x 138.089 us = 17675.4 us (6453.81 GFLOPS/s)
MUL_MAT_VEC q6_K m=248320 n=5 k=5120: 1 x 1685.52 us = 1685.52 us (7542.33 GFLOPS/s)
MUL_MAT_VEC q6_K m=6144 n=5 k=5120: 48 x 53.482 us = 2567.16 us (5881.21 GFLOPS/s)
MUL_MAT_VEC q8_0 m=5120 n=5 k=6144: 48 x 63.045 us = 3026.16 us (4989.25 GFLOPS/s)
RMS_NORM_MUL RMS_NORM(256,24,5,1): 16 x 3.665 us = 58.64 us
RMS_NORM_MUL RMS_NORM(256,4,5,1): 16 x 4.345 us = 69.52 us
RMS_NORM_MUL RMS_NORM(5120,5,1,1): 129 x 4.53 us = 584.48 us
RMS_NORM_MUL_SILU_MUL RMS_NORM(128,48,5,1): 48 x 5.57 us = 267.36 us
RMS_NORM_SCALE RMS_NORM(128,16,5,1): 96 x 2.652 us = 254.64 us
ROPE: 32 x 3.802 us = 121.68 us
SET_ROWS: 32 x 2.988 us = 95.64 us
SIGMOID_MUL SIGMOID: 16 x 3.625 us = 58 us
SSM_CONV_SILU SSM_CONV: 48 x 5.626 us = 270.08 us
Total time: 45917.1 us.
----------------
Vulkan Timings:
CONCAT: 1 x 3.92 us = 3.92 us
CONT: 1 x 3.68 us = 3.68 us
FLASH_ATTN_EXT dst(256,24,5,1),  q(256,5,24,1),  k(256,256,4,1),  v(256,256,4,1),  m(256,5,1,1): 1 x 20.6 us = 20.6 us (1527.05 GFLOPS/s)
GLU: 1 x 1.52 us = 1.52 us
MUL_MAT f32 m=256 n=120 k=256: 1 x 1.68 us = 1.68 us (9344 GFLOPS/s)
MUL_MAT f32 m=256 n=20 k=256: 1 x 3.04 us = 3.04 us (860.632 GFLOPS/s)
MUL_MAT f32 m=64 n=480 k=64: 1 x 3.68 us = 3.68 us (1060.17 GFLOPS/s)
MUL_MAT f32 m=64 n=80 k=64: 1 x 3.64 us = 3.64 us (178.637 GFLOPS/s)
MUL_MAT_ADD MUL_MAT_VEC q6_K m=5120 n=5 k=17408: 1 x 183.48 us = 183.48 us (4857.55 GFLOPS/s)
MUL_MAT_ADD MUL_MAT_VEC q6_K m=5120 n=5 k=6144: 1 x 66.24 us = 66.24 us (4748.6 GFLOPS/s)
MUL_MAT_VEC q6_K m=1024 n=5 k=5120: 2 x 9.16 us = 18.32 us (5723.11 GFLOPS/s)
MUL_MAT_VEC q6_K m=12288 n=5 k=5120: 1 x 125.68 us = 125.68 us (5005.44 GFLOPS/s)
MUL_MAT_VEC q6_K m=17408 n=5 k=5120: 2 x 131.7 us = 263.4 us (6766.91 GFLOPS/s)
MUL_MAT_VEC q8_0 m=5120 n=5 k=10240: 1 x 104.8 us = 104.8 us (5002.5 GFLOPS/s)
RMS_NORM_MUL RMS_NORM(256,24,5,1): 1 x 3.76 us = 3.76 us
RMS_NORM_MUL RMS_NORM(256,4,5,1): 1 x 3.56 us = 3.56 us
RMS_NORM_MUL RMS_NORM(5120,5,1,1): 5 x 7.962 us = 39.81 us
ROPE: 2 x 3.64 us = 7.28 us
SET_ROWS: 2 x 2.66 us = 5.32 us
SIGMOID_MUL SIGMOID: 1 x 1.76 us = 1.76 us
Total time: 865.17 us.
----------------
Vulkan Timings:
CONCAT: 1 x 3.64 us = 3.64 us
CONT: 1 x 3.52 us = 3.52 us
FLASH_ATTN_EXT dst(256,24,1,1),  q(256,1,24,1),  k(256,256,4,1),  v(256,256,4,1),  m(256,1,1,1): 1 x 15.4 us = 15.4 us (408.536 GFLOPS/s)
GET_ROWS: 2 x 4.18 us = 8.36 us
GLU: 1 x 1.6 us = 1.6 us
MUL_MAT f32 m=256 n=24 k=256: 1 x 1.48 us = 1.48 us (2121.34 GFLOPS/s)
MUL_MAT f32 m=64 n=16 k=64: 1 x 1.8 us = 1.8 us (72.2489 GFLOPS/s)
MUL_MAT f32 m=64 n=96 k=64: 1 x 3.24 us = 3.24 us (240.83 GFLOPS/s)
MUL_MAT_ADD MUL_MAT_VEC q6_K m=5120 n=1 k=17408: 1 x 130.32 us = 130.32 us (1367.81 GFLOPS/s)
MUL_MAT_ADD MUL_MAT_VEC q6_K m=5120 n=1 k=6144: 1 x 53.72 us = 53.72 us (1171.06 GFLOPS/s)
MUL_MAT_VEC f32 m=256 n=4 k=256: 1 x 3 us = 3 us (174.421 GFLOPS/s)
MUL_MAT_VEC q6_K m=1024 n=1 k=5120: 2 x 9.34 us = 18.68 us (1122.56 GFLOPS/s)
MUL_MAT_VEC q6_K m=12288 n=1 k=5120: 1 x 89.88 us = 89.88 us (1399.83 GFLOPS/s)
MUL_MAT_VEC q6_K m=17408 n=1 k=5120: 2 x 117.88 us = 235.76 us (1512.05 GFLOPS/s)
MUL_MAT_VEC q6_K m=98304 n=1 k=5120: 1 x 670.29 us = 670.29 us (1501.64 GFLOPS/s)
MUL_MAT_VEC q8_0 m=5120 n=1 k=10240: 1 x 91.2 us = 91.2 us (1149.7 GFLOPS/s)
PAD: 1 x 7.16 us = 7.16 us
RMS_NORM_MUL RMS_NORM(256,24,1,1): 1 x 3.2 us = 3.2 us
RMS_NORM_MUL RMS_NORM(256,4,1,1): 1 x 4.84 us = 4.84 us
RMS_NORM_MUL RMS_NORM(5120,1,1,1): 5 x 4.352 us = 21.76 us
ROPE: 2 x 3.34 us = 6.68 us
SET_ROWS: 2 x 1.8 us = 3.6 us
SIGMOID_MUL SIGMOID: 1 x 1.56 us = 1.56 us
TOP_K K=10 (98304,1,1,1): 1 x 9.08 us = 9.08 us
Total time: 1389.77 us.
----------------
Vulkan Timings:
CONCAT: 1 x 3.8 us = 3.8 us
CONT: 1 x 3.64 us = 3.64 us
FLASH_ATTN_EXT dst(256,24,1,1),  q(256,1,24,1),  k(256,256,4,1),  v(256,256,4,1),  m(256,1,1,1): 1 x 13.04 us = 13.04 us (482.474 GFLOPS/s)
GET_ROWS: 2 x 4.2 us = 8.4 us
GLU: 1 x 1.92 us = 1.92 us
MUL_MAT f32 m=256 n=24 k=256: 1 x 1.72 us = 1.72 us (1825.34 GFLOPS/s)
MUL_MAT f32 m=64 n=16 k=64: 1 x 3.6 us = 3.6 us (36.1244 GFLOPS/s)
MUL_MAT f32 m=64 n=96 k=64: 1 x 3.6 us = 3.6 us (216.747 GFLOPS/s)
MUL_MAT_ADD MUL_MAT_VEC q6_K m=5120 n=1 k=17408: 1 x 122.96 us = 122.96 us (1449.68 GFLOPS/s)
MUL_MAT_ADD MUL_MAT_VEC q6_K m=5120 n=1 k=6144: 1 x 54 us = 54 us (1164.99 GFLOPS/s)
MUL_MAT_VEC f32 m=256 n=4 k=256: 1 x 3.04 us = 3.04 us (172.126 GFLOPS/s)
MUL_MAT_VEC q6_K m=1024 n=1 k=5120: 2 x 9.12 us = 18.24 us (1149.64 GFLOPS/s)
MUL_MAT_VEC q6_K m=12288 n=1 k=5120: 1 x 85.64 us = 85.64 us (1469.14 GFLOPS/s)
MUL_MAT_VEC q6_K m=17408 n=1 k=5120: 2 x 121.1 us = 242.2 us (1471.85 GFLOPS/s)
MUL_MAT_VEC q6_K m=98304 n=1 k=5120: 1 x 671.66 us = 671.66 us (1498.58 GFLOPS/s)
MUL_MAT_VEC q8_0 m=5120 n=1 k=10240: 1 x 101.24 us = 101.24 us (1035.68 GFLOPS/s)
PAD: 1 x 6.28 us = 6.28 us
RMS_NORM_MUL RMS_NORM(256,24,1,1): 1 x 3.64 us = 3.64 us
RMS_NORM_MUL RMS_NORM(256,4,1,1): 1 x 3.6 us = 3.6 us
RMS_NORM_MUL RMS_NORM(5120,1,1,1): 5 x 3.752 us = 18.76 us
ROPE: 2 x 3.58 us = 7.16 us
SET_ROWS: 2 x 2.64 us = 5.28 us
SIGMOID_MUL SIGMOID: 1 x 1.68 us = 1.68 us
TOP_K K=10 (98304,1,1,1): 1 x 8.8 us = 8.8 us
Total time: 1393.9 us.
----------------
Vulkan Timings:
CONCAT: 1 x 3.76 us = 3.76 us
CONT: 1 x 3.64 us = 3.64 us
FLASH_ATTN_EXT dst(256,24,1,1),  q(256,1,24,1),  k(256,256,4,1),  v(256,256,4,1),  m(256,1,1,1): 1 x 12.92 us = 12.92 us (486.955 GFLOPS/s)
GET_ROWS: 2 x 4.16 us = 8.32 us
GLU: 1 x 1.84 us = 1.84 us
MUL_MAT f32 m=256 n=24 k=256: 1 x 1.68 us = 1.68 us (1868.8 GFLOPS/s)
MUL_MAT f32 m=64 n=16 k=64: 1 x 3.64 us = 3.64 us (35.7275 GFLOPS/s)
MUL_MAT f32 m=64 n=96 k=64: 1 x 3.6 us = 3.6 us (216.747 GFLOPS/s)
MUL_MAT_ADD MUL_MAT_VEC q6_K m=5120 n=1 k=17408: 1 x 123 us = 123 us (1449.21 GFLOPS/s)
MUL_MAT_ADD MUL_MAT_VEC q6_K m=5120 n=1 k=6144: 1 x 50.68 us = 50.68 us (1241.31 GFLOPS/s)
MUL_MAT_VEC f32 m=256 n=4 k=256: 1 x 3.04 us = 3.04 us (172.126 GFLOPS/s)
MUL_MAT_VEC q6_K m=1024 n=1 k=5120: 2 x 9.14 us = 18.28 us (1147.13 GFLOPS/s)
MUL_MAT_VEC q6_K m=12288 n=1 k=5120: 1 x 85.36 us = 85.36 us (1473.96 GFLOPS/s)
MUL_MAT_VEC q6_K m=17408 n=1 k=5120: 2 x 120.72 us = 241.44 us (1476.48 GFLOPS/s)
MUL_MAT_VEC q6_K m=98304 n=1 k=5120: 1 x 672.04 us = 672.04 us (1497.73 GFLOPS/s)
MUL_MAT_VEC q8_0 m=5120 n=1 k=10240: 1 x 101.36 us = 101.36 us (1034.46 GFLOPS/s)
PAD: 1 x 6.36 us = 6.36 us
RMS_NORM_MUL RMS_NORM(256,24,1,1): 1 x 3.6 us = 3.6 us
RMS_NORM_MUL RMS_NORM(256,4,1,1): 1 x 3.64 us = 3.64 us
RMS_NORM_MUL RMS_NORM(5120,1,1,1): 5 x 4.264 us = 21.32 us
ROPE: 2 x 3.6 us = 7.2 us
SET_ROWS: 2 x 2.62 us = 5.24 us
SIGMOID_MUL SIGMOID: 1 x 1.68 us = 1.68 us
TOP_K K=10 (98304,1,1,1): 1 x 8.76 us = 8.76 us
Total time: 1392.4 us.
----------------
Vulkan Timings:
CONCAT: 1 x 3.76 us = 3.76 us
CONT: 1 x 3.68 us = 3.68 us
FLASH_ATTN_EXT dst(256,24,1,1),  q(256,1,24,1),  k(256,256,4,1),  v(256,256,4,1),  m(256,1,1,1): 1 x 12.8 us = 12.8 us (491.52 GFLOPS/s)
GET_ROWS: 2 x 4.3 us = 8.6 us
GLU: 1 x 1.84 us = 1.84 us
MUL_MAT f32 m=256 n=24 k=256: 1 x 1.64 us = 1.64 us (1914.38 GFLOPS/s)
MUL_MAT f32 m=64 n=16 k=64: 1 x 3.56 us = 3.56 us (36.5303 GFLOPS/s)
MUL_MAT f32 m=64 n=96 k=64: 1 x 3.64 us = 3.64 us (214.365 GFLOPS/s)
MUL_MAT_ADD MUL_MAT_VEC q6_K m=5120 n=1 k=17408: 1 x 123.72 us = 123.72 us (1440.78 GFLOPS/s)
MUL_MAT_ADD MUL_MAT_VEC q6_K m=5120 n=1 k=6144: 1 x 54.68 us = 54.68 us (1150.5 GFLOPS/s)
MUL_MAT_VEC f32 m=256 n=4 k=256: 1 x 3 us = 3 us (174.421 GFLOPS/s)
MUL_MAT_VEC q6_K m=1024 n=1 k=5120: 2 x 9.18 us = 18.36 us (1142.13 GFLOPS/s)
MUL_MAT_VEC q6_K m=12288 n=1 k=5120: 1 x 85.84 us = 85.84 us (1465.71 GFLOPS/s)
MUL_MAT_VEC q6_K m=17408 n=1 k=5120: 2 x 121.1 us = 242.2 us (1471.85 GFLOPS/s)
MUL_MAT_VEC q6_K m=98304 n=1 k=5120: 1 x 672.25 us = 672.25 us (1497.26 GFLOPS/s)
MUL_MAT_VEC q8_0 m=5120 n=1 k=10240: 1 x 100.64 us = 100.64 us (1041.86 GFLOPS/s)
PAD: 1 x 6.28 us = 6.28 us
RMS_NORM_MUL RMS_NORM(256,24,1,1): 1 x 3.64 us = 3.64 us
RMS_NORM_MUL RMS_NORM(256,4,1,1): 1 x 3.6 us = 3.6 us
RMS_NORM_MUL RMS_NORM(5120,1,1,1): 5 x 3.696 us = 18.48 us
ROPE: 2 x 3.54 us = 7.08 us
SET_ROWS: 2 x 2.62 us = 5.24 us
SIGMOID_MUL SIGMOID: 1 x 1.72 us = 1.72 us
TOP_K K=10 (98304,1,1,1): 1 x 9.12 us = 9.12 us
Total time: 1395.37 us.
----------------
Vulkan Timings:
ADD: 48 x 3.708 us = 178 us
CONCAT: 48 x 2.419 us = 116.12 us
CONT: 16 x 3.775 us = 60.4 us
CPY: 240 x 2.191 us = 525.88 us
FLASH_ATTN_EXT dst(256,24,5,1),  q(256,5,24,1),  k(256,256,4,1),  v(256,256,4,1),  m(256,5,1,1): 16 x 20.707 us = 331.32 us (1519.12 GFLOPS/s)
GDN_CACHE GATED_DELTA_NET: 48 x 13.092 us = 628.44 us
GET_ROWS: 50 x 24.403 us = 1220.16 us
GLU: 64 x 2.915 us = 186.56 us
MUL_MAT f32 m=256 n=120 k=256: 16 x 1.777 us = 28.44 us (8831.46 GFLOPS/s)
MUL_MAT f32 m=256 n=20 k=256: 16 x 3.07 us = 49.12 us (852.221 GFLOPS/s)
MUL_MAT f32 m=64 n=480 k=64: 16 x 3.59 us = 57.44 us (1086.75 GFLOPS/s)
MUL_MAT f32 m=64 n=80 k=64: 16 x 3.23 us = 51.68 us (201.313 GFLOPS/s)
MUL_MAT_ADD MUL_MAT_VEC q6_K m=5120 n=5 k=17408: 64 x 137.758 us = 8816.56 us (6469.75 GFLOPS/s)
MUL_MAT_ADD MUL_MAT_VEC q6_K m=5120 n=5 k=6144: 16 x 59.812 us = 957 us (5258.89 GFLOPS/s)
MUL_MAT_VEC f32 m=48 n=5 k=5120: 96 x 3.412 us = 327.6 us (720.105 GFLOPS/s)
MUL_MAT_VEC q6_K m=1024 n=5 k=5120: 32 x 7.006 us = 224.2 us (7482.42 GFLOPS/s)
MUL_MAT_VEC q6_K m=10240 n=5 k=5120: 48 x 79.715 us = 3826.36 us (6576.32 GFLOPS/s)
MUL_MAT_VEC q6_K m=12288 n=5 k=5120: 16 x 98.582 us = 1577.32 us (6381.3 GFLOPS/s)
MUL_MAT_VEC q6_K m=17408 n=5 k=5120: 128 x 138.449 us = 17721.5 us (6437.03 GFLOPS/s)
MUL_MAT_VEC q6_K m=248320 n=5 k=5120: 1 x 1687.2 us = 1687.2 us (7534.82 GFLOPS/s)
MUL_MAT_VEC q6_K m=6144 n=5 k=5120: 48 x 53.335 us = 2560.08 us (5897.48 GFLOPS/s)
MUL_MAT_VEC q8_0 m=5120 n=5 k=6144: 48 x 63.16 us = 3031.72 us (4980.1 GFLOPS/s)
RMS_NORM_MUL RMS_NORM(256,24,5,1): 16 x 3.66 us = 58.56 us
RMS_NORM_MUL RMS_NORM(256,4,5,1): 16 x 4.332 us = 69.32 us
RMS_NORM_MUL RMS_NORM(5120,5,1,1): 129 x 4.573 us = 589.92 us
RMS_NORM_MUL_SILU_MUL RMS_NORM(128,48,5,1): 48 x 5.568 us = 267.28 us
RMS_NORM_SCALE RMS_NORM(128,16,5,1): 96 x 2.648 us = 254.24 us
ROPE: 32 x 3.785 us = 121.12 us
SET_ROWS: 32 x 2.926 us = 93.64 us
SIGMOID_MUL SIGMOID: 16 x 3.627 us = 58.04 us
SSM_CONV_SILU SSM_CONV: 48 x 5.624 us = 269.96 us
Total time: 45945.2 us.
----------------
Vulkan Timings:
CONCAT: 1 x 3.92 us = 3.92 us
CONT: 1 x 3.68 us = 3.68 us
FLASH_ATTN_EXT dst(256,24,5,1),  q(256,5,24,1),  k(256,256,4,1),  v(256,256,4,1),  m(256,5,1,1): 1 x 23 us = 23 us (1367.71 GFLOPS/s)
GLU: 1 x 1.56 us = 1.56 us
MUL_MAT f32 m=256 n=120 k=256: 1 x 1.72 us = 1.72 us (9126.7 GFLOPS/s)
MUL_MAT f32 m=256 n=20 k=256: 1 x 3 us = 3 us (872.107 GFLOPS/s)
MUL_MAT f32 m=64 n=480 k=64: 1 x 3.64 us = 3.64 us (1071.82 GFLOPS/s)
MUL_MAT f32 m=64 n=80 k=64: 1 x 3.6 us = 3.6 us (180.622 GFLOPS/s)
MUL_MAT_ADD MUL_MAT_VEC q6_K m=5120 n=5 k=17408: 1 x 168.87 us = 168.87 us (5277.81 GFLOPS/s)
MUL_MAT_ADD MUL_MAT_VEC q6_K m=5120 n=5 k=6144: 1 x 65.16 us = 65.16 us (4827.31 GFLOPS/s)
MUL_MAT_VEC q6_K m=1024 n=5 k=5120: 2 x 9.24 us = 18.48 us (5673.56 GFLOPS/s)
MUL_MAT_VEC q6_K m=12288 n=5 k=5120: 1 x 124.88 us = 124.88 us (5037.51 GFLOPS/s)
MUL_MAT_VEC q6_K m=17408 n=5 k=5120: 2 x 131.8 us = 263.6 us (6761.78 GFLOPS/s)
MUL_MAT_VEC q8_0 m=5120 n=5 k=10240: 1 x 104.68 us = 104.68 us (5008.24 GFLOPS/s)
RMS_NORM_MUL RMS_NORM(256,24,5,1): 1 x 3.76 us = 3.76 us
RMS_NORM_MUL RMS_NORM(256,4,5,1): 1 x 3.6 us = 3.6 us
RMS_NORM_MUL RMS_NORM(5120,5,1,1): 5 x 8.128 us = 40.64 us
ROPE: 2 x 3.62 us = 7.24 us
SET_ROWS: 2 x 1.82 us = 3.64 us
SIGMOID_MUL SIGMOID: 1 x 1.68 us = 1.68 us
Total time: 850.35 us.
----------------
Vulkan Timings:
CONCAT: 1 x 3.6 us = 3.6 us
CONT: 1 x 3.52 us = 3.52 us
FLASH_ATTN_EXT dst(256,24,1,1),  q(256,1,24,1),  k(256,256,4,1),  v(256,256,4,1),  m(256,1,1,1): 1 x 12.64 us = 12.64 us (497.742 GFLOPS/s)
GET_ROWS: 2 x 4.18 us = 8.36 us
GLU: 1 x 1.56 us = 1.56 us
MUL_MAT f32 m=256 n=24 k=256: 1 x 1.6 us = 1.6 us (1962.24 GFLOPS/s)
MUL_MAT f32 m=64 n=16 k=64: 1 x 1.8 us = 1.8 us (72.2489 GFLOPS/s)
MUL_MAT f32 m=64 n=96 k=64: 1 x 3.24 us = 3.24 us (240.83 GFLOPS/s)
MUL_MAT_ADD MUL_MAT_VEC q6_K m=5120 n=1 k=17408: 1 x 130.52 us = 130.52 us (1365.71 GFLOPS/s)
MUL_MAT_ADD MUL_MAT_VEC q6_K m=5120 n=1 k=6144: 1 x 53.88 us = 53.88 us (1167.58 GFLOPS/s)
MUL_MAT_VEC f32 m=256 n=4 k=256: 1 x 3 us = 3 us (174.421 GFLOPS/s)
MUL_MAT_VEC q6_K m=1024 n=1 k=5120: 2 x 9.32 us = 18.64 us (1124.97 GFLOPS/s)
MUL_MAT_VEC q6_K m=12288 n=1 k=5120: 1 x 89.64 us = 89.64 us (1403.58 GFLOPS/s)
MUL_MAT_VEC q6_K m=17408 n=1 k=5120: 2 x 118.16 us = 236.32 us (1508.47 GFLOPS/s)
MUL_MAT_VEC q6_K m=98304 n=1 k=5120: 1 x 673.51 us = 673.51 us (1494.46 GFLOPS/s)
MUL_MAT_VEC q8_0 m=5120 n=1 k=10240: 1 x 92.08 us = 92.08 us (1138.71 GFLOPS/s)
PAD: 1 x 6.36 us = 6.36 us
RMS_NORM_MUL RMS_NORM(256,24,1,1): 1 x 3.16 us = 3.16 us
RMS_NORM_MUL RMS_NORM(256,4,1,1): 1 x 4.84 us = 4.84 us
RMS_NORM_MUL RMS_NORM(5120,1,1,1): 5 x 4.408 us = 22.04 us
ROPE: 2 x 3.28 us = 6.56 us
SET_ROWS: 2 x 2.6 us = 5.2 us
SIGMOID_MUL SIGMOID: 1 x 1.8 us = 1.8 us
TOP_K K=10 (98304,1,1,1): 1 x 8.68 us = 8.68 us
Total time: 1392.55 us.
----------------
Vulkan Timings:
CONCAT: 1 x 3.76 us = 3.76 us
CONT: 1 x 3.64 us = 3.64 us
FLASH_ATTN_EXT dst(256,24,1,1),  q(256,1,24,1),  k(256,256,4,1),  v(256,256,4,1),  m(256,1,1,1): 1 x 12.88 us = 12.88 us (488.467 GFLOPS/s)
GET_ROWS: 2 x 4.3 us = 8.6 us
GLU: 1 x 1.92 us = 1.92 us
MUL_MAT f32 m=256 n=24 k=256: 1 x 1.64 us = 1.64 us (1914.38 GFLOPS/s)
MUL_MAT f32 m=64 n=16 k=64: 1 x 3.64 us = 3.64 us (35.7275 GFLOPS/s)
MUL_MAT f32 m=64 n=96 k=64: 1 x 3.6 us = 3.6 us (216.747 GFLOPS/s)
MUL_MAT_ADD MUL_MAT_VEC q6_K m=5120 n=1 k=17408: 1 x 123.08 us = 123.08 us (1448.27 GFLOPS/s)
MUL_MAT_ADD MUL_MAT_VEC q6_K m=5120 n=1 k=6144: 1 x 51.68 us = 51.68 us (1217.29 GFLOPS/s)
MUL_MAT_VEC f32 m=256 n=4 k=256: 1 x 3.04 us = 3.04 us (172.126 GFLOPS/s)
MUL_MAT_VEC q6_K m=1024 n=1 k=5120: 2 x 9.26 us = 18.52 us (1132.26 GFLOPS/s)
MUL_MAT_VEC q6_K m=12288 n=1 k=5120: 1 x 85.96 us = 85.96 us (1463.67 GFLOPS/s)
MUL_MAT_VEC q6_K m=17408 n=1 k=5120: 2 x 120.78 us = 241.56 us (1475.75 GFLOPS/s)
MUL_MAT_VEC q6_K m=98304 n=1 k=5120: 1 x 673.13 us = 673.13 us (1495.31 GFLOPS/s)
MUL_MAT_VEC q8_0 m=5120 n=1 k=10240: 1 x 101.04 us = 101.04 us (1037.73 GFLOPS/s)
PAD: 1 x 6.32 us = 6.32 us
RMS_NORM_MUL RMS_NORM(256,24,1,1): 1 x 3.6 us = 3.6 us
RMS_NORM_MUL RMS_NORM(256,4,1,1): 1 x 3.64 us = 3.64 us
RMS_NORM_MUL RMS_NORM(5120,1,1,1): 5 x 4.24 us = 21.2 us
ROPE: 2 x 3.6 us = 7.2 us
SET_ROWS: 2 x 2.64 us = 5.28 us
SIGMOID_MUL SIGMOID: 1 x 1.64 us = 1.64 us
TOP_K K=10 (98304,1,1,1): 1 x 8.84 us = 8.84 us
Total time: 1395.41 us.
----------------
Vulkan Timings:
CONCAT: 1 x 3.76 us = 3.76 us
CONT: 1 x 3.64 us = 3.64 us
FLASH_ATTN_EXT dst(256,24,1,1),  q(256,1,24,1),  k(256,256,4,1),  v(256,256,4,1),  m(256,1,1,1): 1 x 12.8 us = 12.8 us (491.52 GFLOPS/s)
GET_ROWS: 2 x 4.2 us = 8.4 us
GLU: 1 x 1.72 us = 1.72 us
MUL_MAT f32 m=256 n=24 k=256: 1 x 1.64 us = 1.64 us (1914.38 GFLOPS/s)
MUL_MAT f32 m=64 n=16 k=64: 1 x 3.64 us = 3.64 us (35.7275 GFLOPS/s)
MUL_MAT f32 m=64 n=96 k=64: 1 x 3.64 us = 3.64 us (214.365 GFLOPS/s)
MUL_MAT_ADD MUL_MAT_VEC q6_K m=5120 n=1 k=17408: 1 x 123.64 us = 123.64 us (1441.71 GFLOPS/s)
MUL_MAT_ADD MUL_MAT_VEC q6_K m=5120 n=1 k=6144: 1 x 54.08 us = 54.08 us (1163.27 GFLOPS/s)
MUL_MAT_VEC f32 m=256 n=4 k=256: 1 x 3 us = 3 us (174.421 GFLOPS/s)
MUL_MAT_VEC q6_K m=1024 n=1 k=5120: 2 x 9 us = 18 us (1164.97 GFLOPS/s)
MUL_MAT_VEC q6_K m=12288 n=1 k=5120: 1 x 85.8 us = 85.8 us (1466.4 GFLOPS/s)
MUL_MAT_VEC q6_K m=17408 n=1 k=5120: 2 x 121.52 us = 243.04 us (1466.76 GFLOPS/s)
MUL_MAT_VEC q6_K m=98304 n=1 k=5120: 1 x 671.96 us = 671.96 us (1497.91 GFLOPS/s)
MUL_MAT_VEC q8_0 m=5120 n=1 k=10240: 1 x 100.88 us = 100.88 us (1039.38 GFLOPS/s)
PAD: 1 x 6.32 us = 6.32 us
RMS_NORM_MUL RMS_NORM(256,24,1,1): 1 x 3.6 us = 3.6 us
RMS_NORM_MUL RMS_NORM(256,4,1,1): 1 x 3.56 us = 3.56 us
RMS_NORM_MUL RMS_NORM(5120,1,1,1): 5 x 3.728 us = 18.64 us
ROPE: 2 x 3.56 us = 7.12 us
SET_ROWS: 2 x 2.64 us = 5.28 us
SIGMOID_MUL SIGMOID: 1 x 1.68 us = 1.68 us
TOP_K K=10 (98304,1,1,1): 1 x 9.04 us = 9.04 us
Total time: 1394.88 us.
----------------
Vulkan Timings:
CONCAT: 1 x 1.68 us = 1.68 us
CONT: 1 x 3.6 us = 3.6 us
FLASH_ATTN_EXT dst(256,24,1,1),  q(256,1,24,1),  k(256,256,4,1),  v(256,256,4,1),  m(256,1,1,1): 1 x 12.92 us = 12.92 us (486.955 GFLOPS/s)
GET_ROWS: 2 x 4.16 us = 8.32 us
GLU: 1 x 1.8 us = 1.8 us
MUL_MAT f32 m=256 n=24 k=256: 1 x 1.68 us = 1.68 us (1868.8 GFLOPS/s)
MUL_MAT f32 m=64 n=16 k=64: 1 x 3.56 us = 3.56 us (36.5303 GFLOPS/s)
MUL_MAT f32 m=64 n=96 k=64: 1 x 3.6 us = 3.6 us (216.747 GFLOPS/s)
MUL_MAT_ADD MUL_MAT_VEC q6_K m=5120 n=1 k=17408: 1 x 124.4 us = 124.4 us (1432.9 GFLOPS/s)
MUL_MAT_ADD MUL_MAT_VEC q6_K m=5120 n=1 k=6144: 1 x 53.64 us = 53.64 us (1172.81 GFLOPS/s)
MUL_MAT_VEC f32 m=256 n=4 k=256: 1 x 3.04 us = 3.04 us (172.126 GFLOPS/s)
MUL_MAT_VEC q6_K m=1024 n=1 k=5120: 2 x 9.16 us = 18.32 us (1144.62 GFLOPS/s)
MUL_MAT_VEC q6_K m=12288 n=1 k=5120: 1 x 85.44 us = 85.44 us (1472.58 GFLOPS/s)
MUL_MAT_VEC q6_K m=17408 n=1 k=5120: 2 x 121 us = 242 us (1473.06 GFLOPS/s)
MUL_MAT_VEC q6_K m=98304 n=1 k=5120: 1 x 674.08 us = 674.08 us (1493.2 GFLOPS/s)
MUL_MAT_VEC q8_0 m=5120 n=1 k=10240: 1 x 101.2 us = 101.2 us (1036.09 GFLOPS/s)
PAD: 1 x 6.28 us = 6.28 us
RMS_NORM_MUL RMS_NORM(256,24,1,1): 1 x 3.56 us = 3.56 us
RMS_NORM_MUL RMS_NORM(256,4,1,1): 1 x 3.64 us = 3.64 us
RMS_NORM_MUL RMS_NORM(5120,1,1,1): 5 x 4.208 us = 21.04 us
ROPE: 2 x 3.58 us = 7.16 us
SET_ROWS: 2 x 2.64 us = 5.28 us
SIGMOID_MUL SIGMOID: 1 x 1.68 us = 1.68 us
TOP_K K=10 (98304,1,1,1): 1 x 8.88 us = 8.88 us
Total time: 1396.8 us.
----------------
Vulkan Timings:
ADD: 48 x 3.709 us = 178.04 us
CONCAT: 48 x 2.51 us = 120.52 us
CONT: 16 x 3.767 us = 60.28 us
CPY: 240 x 2.183 us = 524.12 us
FLASH_ATTN_EXT dst(256,24,5,1),  q(256,5,24,1),  k(256,256,4,1),  v(256,256,4,1),  m(256,5,1,1): 16 x 20.792 us = 332.68 us (1512.91 GFLOPS/s)
GDN_CACHE GATED_DELTA_NET: 48 x 13.052 us = 626.52 us
GET_ROWS: 50 x 24.451 us = 1222.56 us
GLU: 64 x 2.941 us = 188.28 us
MUL_MAT f32 m=256 n=120 k=256: 16 x 1.827 us = 29.24 us (8589.83 GFLOPS/s)
MUL_MAT f32 m=256 n=20 k=256: 16 x 2.912 us = 46.6 us (898.307 GFLOPS/s)
MUL_MAT f32 m=64 n=480 k=64: 16 x 3.587 us = 57.4 us (1087.51 GFLOPS/s)
MUL_MAT f32 m=64 n=80 k=64: 16 x 3.23 us = 51.68 us (201.313 GFLOPS/s)
MUL_MAT_ADD MUL_MAT_VEC q6_K m=5120 n=5 k=17408: 64 x 137.843 us = 8821.96 us (6465.78 GFLOPS/s)
MUL_MAT_ADD MUL_MAT_VEC q6_K m=5120 n=5 k=6144: 16 x 60.38 us = 966.08 us (5209.46 GFLOPS/s)
MUL_MAT_VEC f32 m=48 n=5 k=5120: 96 x 3.431 us = 329.44 us (716.084 GFLOPS/s)
MUL_MAT_VEC q6_K m=1024 n=5 k=5120: 32 x 7.043 us = 225.4 us (7442.58 GFLOPS/s)
MUL_MAT_VEC q6_K m=10240 n=5 k=5120: 48 x 79.723 us = 3826.72 us (6575.7 GFLOPS/s)
MUL_MAT_VEC q6_K m=12288 n=5 k=5120: 16 x 98.635 us = 1578.16 us (6377.9 GFLOPS/s)
MUL_MAT_VEC q6_K m=17408 n=5 k=5120: 128 x 138.157 us = 17684.2 us (6450.63 GFLOPS/s)
MUL_MAT_VEC q6_K m=248320 n=5 k=5120: 1 x 1686.12 us = 1686.12 us (7539.64 GFLOPS/s)
MUL_MAT_VEC q6_K m=6144 n=5 k=5120: 48 x 53.207 us = 2553.96 us (5911.61 GFLOPS/s)
MUL_MAT_VEC q8_0 m=5120 n=5 k=6144: 48 x 63.22 us = 3034.6 us (4975.37 GFLOPS/s)
RMS_NORM_MUL RMS_NORM(256,24,5,1): 16 x 3.662 us = 58.6 us
RMS_NORM_MUL RMS_NORM(256,4,5,1): 16 x 4.34 us = 69.44 us
RMS_NORM_MUL RMS_NORM(5120,5,1,1): 129 x 4.556 us = 587.76 us
RMS_NORM_MUL_SILU_MUL RMS_NORM(128,48,5,1): 48 x 5.563 us = 267.04 us
RMS_NORM_SCALE RMS_NORM(128,16,5,1): 96 x 2.631 us = 252.64 us
ROPE: 32 x 3.791 us = 121.32 us
SET_ROWS: 32 x 2.923 us = 93.56 us
SIGMOID_MUL SIGMOID: 16 x 3.637 us = 58.2 us
SSM_CONV_SILU SSM_CONV: 48 x 5.571 us = 267.44 us
Total time: 45920.5 us.
----------------
Vulkan Timings:
CONCAT: 1 x 4 us = 4 us
CONT: 1 x 3.64 us = 3.64 us
FLASH_ATTN_EXT dst(256,24,5,1),  q(256,5,24,1),  k(256,256,4,1),  v(256,256,4,1),  m(256,5,1,1): 1 x 20.64 us = 20.64 us (1524.09 GFLOPS/s)
GLU: 1 x 1.48 us = 1.48 us
MUL_MAT f32 m=256 n=120 k=256: 1 x 1.72 us = 1.72 us (9126.7 GFLOPS/s)
MUL_MAT f32 m=256 n=20 k=256: 1 x 3 us = 3 us (872.107 GFLOPS/s)
MUL_MAT f32 m=64 n=480 k=64: 1 x 3.6 us = 3.6 us (1083.73 GFLOPS/s)
MUL_MAT f32 m=64 n=80 k=64: 1 x 3.64 us = 3.64 us (178.637 GFLOPS/s)
MUL_MAT_ADD MUL_MAT_VEC q6_K m=5120 n=5 k=17408: 1 x 165.04 us = 165.04 us (5400.29 GFLOPS/s)
MUL_MAT_ADD MUL_MAT_VEC q6_K m=5120 n=5 k=6144: 1 x 69.08 us = 69.08 us (4553.38 GFLOPS/s)
MUL_MAT_VEC q6_K m=1024 n=5 k=5120: 2 x 9.28 us = 18.56 us (5649.1 GFLOPS/s)
MUL_MAT_VEC q6_K m=12288 n=5 k=5120: 1 x 124.67 us = 124.67 us (5045.99 GFLOPS/s)
MUL_MAT_VEC q6_K m=17408 n=5 k=5120: 2 x 132.28 us = 264.56 us (6737.24 GFLOPS/s)
MUL_MAT_VEC q8_0 m=5120 n=5 k=10240: 1 x 104.96 us = 104.96 us (4994.88 GFLOPS/s)
RMS_NORM_MUL RMS_NORM(256,24,5,1): 1 x 3.76 us = 3.76 us
RMS_NORM_MUL RMS_NORM(256,4,5,1): 1 x 3.64 us = 3.64 us
RMS_NORM_MUL RMS_NORM(5120,5,1,1): 5 x 7.798 us = 38.99 us
ROPE: 2 x 3.64 us = 7.28 us
SET_ROWS: 2 x 2.64 us = 5.28 us
SIGMOID_MUL SIGMOID: 1 x 1.68 us = 1.68 us
Total time: 849.22 us.
----------------
Vulkan Timings:
CONCAT: 1 x 3.6 us = 3.6 us
CONT: 1 x 3.52 us = 3.52 us
FLASH_ATTN_EXT dst(256,24,1,1),  q(256,1,24,1),  k(256,256,4,1),  v(256,256,4,1),  m(256,1,1,1): 1 x 12.4 us = 12.4 us (507.375 GFLOPS/s)
GET_ROWS: 2 x 4.2 us = 8.4 us
GLU: 1 x 1.6 us = 1.6 us
MUL_MAT f32 m=256 n=24 k=256: 1 x 1.52 us = 1.52 us (2065.52 GFLOPS/s)
MUL_MAT f32 m=64 n=16 k=64: 1 x 1.84 us = 1.84 us (70.6783 GFLOPS/s)
MUL_MAT f32 m=64 n=96 k=64: 1 x 3.2 us = 3.2 us (243.84 GFLOPS/s)
MUL_MAT_ADD MUL_MAT_VEC q6_K m=5120 n=1 k=17408: 1 x 130.4 us = 130.4 us (1366.97 GFLOPS/s)
MUL_MAT_ADD MUL_MAT_VEC q6_K m=5120 n=1 k=6144: 1 x 54.08 us = 54.08 us (1163.27 GFLOPS/s)
MUL_MAT_VEC f32 m=256 n=4 k=256: 1 x 3.04 us = 3.04 us (172.126 GFLOPS/s)
MUL_MAT_VEC q6_K m=1024 n=1 k=5120: 2 x 9.18 us = 18.36 us (1142.13 GFLOPS/s)
MUL_MAT_VEC q6_K m=12288 n=1 k=5120: 1 x 89.88 us = 89.88 us (1399.83 GFLOPS/s)
MUL_MAT_VEC q6_K m=17408 n=1 k=5120: 2 x 118.18 us = 236.36 us (1508.21 GFLOPS/s)
MUL_MAT_VEC q6_K m=98304 n=1 k=5120: 1 x 673.21 us = 673.21 us (1495.13 GFLOPS/s)
MUL_MAT_VEC q8_0 m=5120 n=1 k=10240: 1 x 93.64 us = 93.64 us (1119.74 GFLOPS/s)
PAD: 1 x 6.36 us = 6.36 us
RMS_NORM_MUL RMS_NORM(256,24,1,1): 1 x 3.24 us = 3.24 us
RMS_NORM_MUL RMS_NORM(256,4,1,1): 1 x 4.84 us = 4.84 us
RMS_NORM_MUL RMS_NORM(5120,1,1,1): 5 x 4.128 us = 20.64 us
ROPE: 2 x 3.36 us = 6.72 us
SET_ROWS: 2 x 2.58 us = 5.16 us
SIGMOID_MUL SIGMOID: 1 x 1.56 us = 1.56 us
TOP_K K=10 (98304,1,1,1): 1 x 9.04 us = 9.04 us
Total time: 1392.61 us.
----------------
Vulkan Timings:
CONCAT: 1 x 3.76 us = 3.76 us
CONT: 1 x 3.64 us = 3.64 us
FLASH_ATTN_EXT dst(256,24,1,1),  q(256,1,24,1),  k(256,256,4,1),  v(256,256,4,1),  m(256,1,1,1): 1 x 13 us = 13 us (483.958 GFLOPS/s)
GET_ROWS: 2 x 4.26 us = 8.52 us
GLU: 1 x 1.8 us = 1.8 us
MUL_MAT f32 m=256 n=24 k=256: 1 x 1.64 us = 1.64 us (1914.38 GFLOPS/s)
MUL_MAT f32 m=64 n=16 k=64: 1 x 3.6 us = 3.6 us (36.1244 GFLOPS/s)
MUL_MAT f32 m=64 n=96 k=64: 1 x 3.6 us = 3.6 us (216.747 GFLOPS/s)
MUL_MAT_ADD MUL_MAT_VEC q6_K m=5120 n=1 k=17408: 1 x 123.52 us = 123.52 us (1443.11 GFLOPS/s)
MUL_MAT_ADD MUL_MAT_VEC q6_K m=5120 n=1 k=6144: 1 x 53.44 us = 53.44 us (1177.2 GFLOPS/s)
MUL_MAT_VEC f32 m=256 n=4 k=256: 1 x 3 us = 3 us (174.421 GFLOPS/s)
MUL_MAT_VEC q6_K m=1024 n=1 k=5120: 2 x 9.14 us = 18.28 us (1147.13 GFLOPS/s)
MUL_MAT_VEC q6_K m=12288 n=1 k=5120: 1 x 85.4 us = 85.4 us (1473.27 GFLOPS/s)
MUL_MAT_VEC q6_K m=17408 n=1 k=5120: 2 x 121.16 us = 242.32 us (1471.12 GFLOPS/s)
MUL_MAT_VEC q6_K m=98304 n=1 k=5120: 1 x 673.48 us = 673.48 us (1494.53 GFLOPS/s)
MUL_MAT_VEC q8_0 m=5120 n=1 k=10240: 1 x 100.4 us = 100.4 us (1044.35 GFLOPS/s)
PAD: 1 x 6.32 us = 6.32 us
RMS_NORM_MUL RMS_NORM(256,24,1,1): 1 x 3.6 us = 3.6 us
RMS_NORM_MUL RMS_NORM(256,4,1,1): 1 x 3.56 us = 3.56 us
RMS_NORM_MUL RMS_NORM(5120,1,1,1): 5 x 3.728 us = 18.64 us
ROPE: 2 x 3.56 us = 7.12 us
SET_ROWS: 2 x 2.6 us = 5.2 us
SIGMOID_MUL SIGMOID: 1 x 1.72 us = 1.72 us
TOP_K K=10 (98304,1,1,1): 1 x 8.8 us = 8.8 us
Total time: 1394.36 us.
----------------
Vulkan Timings:
CONCAT: 1 x 3.76 us = 3.76 us
CONT: 1 x 3.6 us = 3.6 us
FLASH_ATTN_EXT dst(256,24,1,1),  q(256,1,24,1),  k(256,256,4,1),  v(256,256,4,1),  m(256,1,1,1): 1 x 12.8 us = 12.8 us (491.52 GFLOPS/s)
GET_ROWS: 2 x 4.3 us = 8.6 us
GLU: 1 x 1.8 us = 1.8 us
MUL_MAT f32 m=256 n=24 k=256: 1 x 1.64 us = 1.64 us (1914.38 GFLOPS/s)
MUL_MAT f32 m=64 n=16 k=64: 1 x 3.6 us = 3.6 us (36.1244 GFLOPS/s)
MUL_MAT f32 m=64 n=96 k=64: 1 x 3.6 us = 3.6 us (216.747 GFLOPS/s)
MUL_MAT_ADD MUL_MAT_VEC q6_K m=5120 n=1 k=17408: 1 x 123.2 us = 123.2 us (1446.86 GFLOPS/s)
MUL_MAT_ADD MUL_MAT_VEC q6_K m=5120 n=1 k=6144: 1 x 54.16 us = 54.16 us (1161.55 GFLOPS/s)
MUL_MAT_VEC f32 m=256 n=4 k=256: 1 x 3.04 us = 3.04 us (172.126 GFLOPS/s)
MUL_MAT_VEC q6_K m=1024 n=1 k=5120: 2 x 9.08 us = 18.16 us (1154.71 GFLOPS/s)
MUL_MAT_VEC q6_K m=12288 n=1 k=5120: 1 x 86.16 us = 86.16 us (1460.27 GFLOPS/s)
MUL_MAT_VEC q6_K m=17408 n=1 k=5120: 2 x 121.46 us = 242.92 us (1467.48 GFLOPS/s)
MUL_MAT_VEC q6_K m=98304 n=1 k=5120: 1 x 672.19 us = 672.19 us (1497.4 GFLOPS/s)
MUL_MAT_VEC q8_0 m=5120 n=1 k=10240: 1 x 102.36 us = 102.36 us (1024.35 GFLOPS/s)
PAD: 1 x 6.24 us = 6.24 us
RMS_NORM_MUL RMS_NORM(256,24,1,1): 1 x 3.6 us = 3.6 us
RMS_NORM_MUL RMS_NORM(256,4,1,1): 1 x 3.56 us = 3.56 us
RMS_NORM_MUL RMS_NORM(5120,1,1,1): 5 x 3.752 us = 18.76 us
ROPE: 2 x 3.58 us = 7.16 us
SET_ROWS: 2 x 2.64 us = 5.28 us
SIGMOID_MUL SIGMOID: 1 x 1.64 us = 1.64 us
TOP_K K=10 (98304,1,1,1): 1 x 8.8 us = 8.8 us
Total time: 1396.63 us.
----------------
Vulkan Timings:
CONCAT: 1 x 3.72 us = 3.72 us
CONT: 1 x 3.6 us = 3.6 us
FLASH_ATTN_EXT dst(256,24,1,1),  q(256,1,24,1),  k(256,256,4,1),  v(256,256,4,1),  m(256,1,1,1): 1 x 12.68 us = 12.68 us (496.172 GFLOPS/s)
GET_ROWS: 2 x 4.28 us = 8.56 us
GLU: 1 x 1.68 us = 1.68 us
MUL_MAT f32 m=256 n=24 k=256: 1 x 1.64 us = 1.64 us (1914.38 GFLOPS/s)
MUL_MAT f32 m=64 n=16 k=64: 1 x 3.64 us = 3.64 us (35.7275 GFLOPS/s)
MUL_MAT f32 m=64 n=96 k=64: 1 x 3.56 us = 3.56 us (219.182 GFLOPS/s)
MUL_MAT_ADD MUL_MAT_VEC q6_K m=5120 n=1 k=17408: 1 x 123.76 us = 123.76 us (1440.31 GFLOPS/s)
MUL_MAT_ADD MUL_MAT_VEC q6_K m=5120 n=1 k=6144: 1 x 54.2 us = 54.2 us (1160.69 GFLOPS/s)
MUL_MAT_VEC f32 m=256 n=4 k=256: 1 x 3 us = 3 us (174.421 GFLOPS/s)
MUL_MAT_VEC q6_K m=1024 n=1 k=5120: 2 x 9.18 us = 18.36 us (1142.13 GFLOPS/s)
MUL_MAT_VEC q6_K m=12288 n=1 k=5120: 1 x 85.88 us = 85.88 us (1465.03 GFLOPS/s)
MUL_MAT_VEC q6_K m=17408 n=1 k=5120: 2 x 121.34 us = 242.68 us (1468.93 GFLOPS/s)
MUL_MAT_VEC q6_K m=98304 n=1 k=5120: 1 x 669.64 us = 669.64 us (1503.1 GFLOPS/s)
MUL_MAT_VEC q8_0 m=5120 n=1 k=10240: 1 x 100.48 us = 100.48 us (1043.52 GFLOPS/s)
PAD: 1 x 6.32 us = 6.32 us
RMS_NORM_MUL RMS_NORM(256,24,1,1): 1 x 3.6 us = 3.6 us
RMS_NORM_MUL RMS_NORM(256,4,1,1): 1 x 3.6 us = 3.6 us
RMS_NORM_MUL RMS_NORM(5120,1,1,1): 5 x 3.696 us = 18.48 us
ROPE: 2 x 3.58 us = 7.16 us
SET_ROWS: 2 x 2.64 us = 5.28 us
SIGMOID_MUL SIGMOID: 1 x 1.68 us = 1.68 us
TOP_K K=10 (98304,1,1,1): 1 x 8.6 us = 8.6 us
Total time: 1391.8 us.
----------------
Vulkan Timings:
ADD: 48 x 3.731 us = 179.12 us
CONCAT: 48 x 2.419 us = 116.12 us
CONT: 16 x 3.785 us = 60.56 us
CPY: 240 x 2.201 us = 528.24 us
FLASH_ATTN_EXT dst(256,24,5,1),  q(256,5,24,1),  k(256,256,4,1),  v(256,256,4,1),  m(256,5,1,1): 16 x 20.925 us = 334.8 us (1503.33 GFLOPS/s)
GDN_CACHE GATED_DELTA_NET: 48 x 13.138 us = 630.64 us
GET_ROWS: 50 x 24.476 us = 1223.84 us
GLU: 64 x 2.917 us = 186.72 us
MUL_MAT f32 m=256 n=120 k=256: 16 x 1.8 us = 28.8 us (8721.07 GFLOPS/s)
MUL_MAT f32 m=256 n=20 k=256: 16 x 3.072 us = 49.16 us (851.528 GFLOPS/s)
MUL_MAT f32 m=64 n=480 k=64: 16 x 3.602 us = 57.64 us (1082.98 GFLOPS/s)
MUL_MAT f32 m=64 n=80 k=64: 16 x 3.25 us = 52 us (200.074 GFLOPS/s)
MUL_MAT_ADD MUL_MAT_VEC q6_K m=5120 n=5 k=17408: 64 x 137.705 us = 8813.12 us (6472.27 GFLOPS/s)
MUL_MAT_ADD MUL_MAT_VEC q6_K m=5120 n=5 k=6144: 16 x 59.9 us = 958.4 us (5251.21 GFLOPS/s)
MUL_MAT_VEC f32 m=48 n=5 k=5120: 96 x 3.42 us = 328.32 us (718.526 GFLOPS/s)
MUL_MAT_VEC q6_K m=1024 n=5 k=5120: 32 x 7.078 us = 226.52 us (7405.78 GFLOPS/s)
MUL_MAT_VEC q6_K m=10240 n=5 k=5120: 48 x 79.729 us = 3827 us (6575.22 GFLOPS/s)
MUL_MAT_VEC q6_K m=12288 n=5 k=5120: 16 x 98.935 us = 1582.96 us (6358.56 GFLOPS/s)
MUL_MAT_VEC q6_K m=17408 n=5 k=5120: 128 x 138.632 us = 17744.9 us (6428.54 GFLOPS/s)
MUL_MAT_VEC q6_K m=248320 n=5 k=5120: 1 x 1686.48 us = 1686.48 us (7538.03 GFLOPS/s)
MUL_MAT_VEC q6_K m=6144 n=5 k=5120: 48 x 53.231 us = 2555.12 us (5908.93 GFLOPS/s)
MUL_MAT_VEC q8_0 m=5120 n=5 k=6144: 48 x 63.112 us = 3029.4 us (4983.91 GFLOPS/s)
RMS_NORM_MUL RMS_NORM(256,24,5,1): 16 x 3.685 us = 58.96 us
RMS_NORM_MUL RMS_NORM(256,4,5,1): 16 x 4.367 us = 69.88 us
RMS_NORM_MUL RMS_NORM(5120,5,1,1): 129 x 4.602 us = 593.76 us
RMS_NORM_MUL_SILU_MUL RMS_NORM(128,48,5,1): 48 x 5.6 us = 268.84 us
RMS_NORM_SCALE RMS_NORM(128,16,5,1): 96 x 2.636 us = 253.12 us
ROPE: 32 x 3.813 us = 122.04 us
SET_ROWS: 32 x 2.863 us = 91.64 us
SIGMOID_MUL SIGMOID: 16 x 3.642 us = 58.28 us
SSM_CONV_SILU SSM_CONV: 48 x 5.636 us = 270.56 us
Total time: 45987 us.
----------------
Vulkan Timings:
CONCAT: 1 x 3.96 us = 3.96 us
CONT: 1 x 3.68 us = 3.68 us
FLASH_ATTN_EXT dst(256,24,5,1),  q(256,5,24,1),  k(256,256,4,1),  v(256,256,4,1),  m(256,5,1,1): 1 x 20.68 us = 20.68 us (1521.15 GFLOPS/s)
GLU: 1 x 1.56 us = 1.56 us
MUL_MAT f32 m=256 n=120 k=256: 1 x 1.68 us = 1.68 us (9344 GFLOPS/s)
MUL_MAT f32 m=256 n=20 k=256: 1 x 3.04 us = 3.04 us (860.632 GFLOPS/s)
MUL_MAT f32 m=64 n=480 k=64: 1 x 3.64 us = 3.64 us (1071.82 GFLOPS/s)
MUL_MAT f32 m=64 n=80 k=64: 1 x 3.64 us = 3.64 us (178.637 GFLOPS/s)
MUL_MAT_ADD MUL_MAT_VEC q6_K m=5120 n=5 k=17408: 1 x 163.8 us = 163.8 us (5441.17 GFLOPS/s)
MUL_MAT_ADD MUL_MAT_VEC q6_K m=5120 n=5 k=6144: 1 x 68.04 us = 68.04 us (4622.97 GFLOPS/s)
MUL_MAT_VEC q6_K m=1024 n=5 k=5120: 2 x 9.48 us = 18.96 us (5529.92 GFLOPS/s)
MUL_MAT_VEC q6_K m=12288 n=5 k=5120: 1 x 125 us = 125 us (5032.67 GFLOPS/s)
MUL_MAT_VEC q6_K m=17408 n=5 k=5120: 2 x 131.16 us = 262.32 us (6794.77 GFLOPS/s)
MUL_MAT_VEC q8_0 m=5120 n=5 k=10240: 1 x 104.6 us = 104.6 us (5012.07 GFLOPS/s)
RMS_NORM_MUL RMS_NORM(256,24,5,1): 1 x 3.72 us = 3.72 us
RMS_NORM_MUL RMS_NORM(256,4,5,1): 1 x 3.6 us = 3.6 us
RMS_NORM_MUL RMS_NORM(5120,5,1,1): 5 x 7.828 us = 39.14 us
ROPE: 2 x 3.62 us = 7.24 us
SET_ROWS: 2 x 2.64 us = 5.28 us
SIGMOID_MUL SIGMOID: 1 x 1.76 us = 1.76 us
Total time: 845.34 us.
----------------
Vulkan Timings:
CONCAT: 1 x 3.6 us = 3.6 us
CONT: 1 x 3.52 us = 3.52 us
FLASH_ATTN_EXT dst(256,24,1,1),  q(256,1,24,1),  k(256,256,4,1),  v(256,256,4,1),  m(256,1,1,1): 1 x 12.6 us = 12.6 us (499.322 GFLOPS/s)
GET_ROWS: 2 x 4.32 us = 8.64 us
GLU: 1 x 1.56 us = 1.56 us
MUL_MAT f32 m=256 n=24 k=256: 1 x 1.52 us = 1.52 us (2065.52 GFLOPS/s)
MUL_MAT f32 m=64 n=16 k=64: 1 x 1.8 us = 1.8 us (72.2489 GFLOPS/s)
MUL_MAT f32 m=64 n=96 k=64: 1 x 3.24 us = 3.24 us (240.83 GFLOPS/s)
MUL_MAT_ADD MUL_MAT_VEC q6_K m=5120 n=1 k=17408: 1 x 130.32 us = 130.32 us (1367.81 GFLOPS/s)
MUL_MAT_ADD MUL_MAT_VEC q6_K m=5120 n=1 k=6144: 1 x 51 us = 51 us (1233.52 GFLOPS/s)
MUL_MAT_VEC f32 m=256 n=4 k=256: 1 x 3.04 us = 3.04 us (172.126 GFLOPS/s)
MUL_MAT_VEC q6_K m=1024 n=1 k=5120: 2 x 9.18 us = 18.36 us (1142.13 GFLOPS/s)
MUL_MAT_VEC q6_K m=12288 n=1 k=5120: 1 x 90.08 us = 90.08 us (1396.72 GFLOPS/s)
MUL_MAT_VEC q6_K m=17408 n=1 k=5120: 2 x 118.1 us = 236.2 us (1509.23 GFLOPS/s)
MUL_MAT_VEC q6_K m=98304 n=1 k=5120: 1 x 673.13 us = 673.13 us (1495.31 GFLOPS/s)
MUL_MAT_VEC q8_0 m=5120 n=1 k=10240: 1 x 93.28 us = 93.28 us (1124.06 GFLOPS/s)
PAD: 1 x 6.4 us = 6.4 us
RMS_NORM_MUL RMS_NORM(256,24,1,1): 1 x 3.2 us = 3.2 us
RMS_NORM_MUL RMS_NORM(256,4,1,1): 1 x 4.88 us = 4.88 us
RMS_NORM_MUL RMS_NORM(5120,1,1,1): 5 x 4.624 us = 23.12 us
ROPE: 2 x 3.32 us = 6.64 us
SET_ROWS: 2 x 2.56 us = 5.12 us
SIGMOID_MUL SIGMOID: 1 x 1.6 us = 1.6 us
TOP_K K=10 (98304,1,1,1): 1 x 8.88 us = 8.88 us
Total time: 1391.73 us.
----------------
Vulkan Timings:
CONCAT: 1 x 3.76 us = 3.76 us
CONT: 1 x 3.64 us = 3.64 us
FLASH_ATTN_EXT dst(256,24,1,1),  q(256,1,24,1),  k(256,256,4,1),  v(256,256,4,1),  m(256,1,1,1): 1 x 12.76 us = 12.76 us (493.061 GFLOPS/s)
GET_ROWS: 2 x 4.26 us = 8.52 us
GLU: 1 x 1.92 us = 1.92 us
MUL_MAT f32 m=256 n=24 k=256: 1 x 1.68 us = 1.68 us (1868.8 GFLOPS/s)
MUL_MAT f32 m=64 n=16 k=64: 1 x 3.56 us = 3.56 us (36.5303 GFLOPS/s)
MUL_MAT f32 m=64 n=96 k=64: 1 x 3.6 us = 3.6 us (216.747 GFLOPS/s)
MUL_MAT_ADD MUL_MAT_VEC q6_K m=5120 n=1 k=17408: 1 x 122.96 us = 122.96 us (1449.68 GFLOPS/s)
MUL_MAT_ADD MUL_MAT_VEC q6_K m=5120 n=1 k=6144: 1 x 53.84 us = 53.84 us (1168.45 GFLOPS/s)
MUL_MAT_VEC f32 m=256 n=4 k=256: 1 x 3.04 us = 3.04 us (172.126 GFLOPS/s)
MUL_MAT_VEC q6_K m=1024 n=1 k=5120: 2 x 9.2 us = 18.4 us (1139.65 GFLOPS/s)
MUL_MAT_VEC q6_K m=12288 n=1 k=5120: 1 x 85.6 us = 85.6 us (1469.82 GFLOPS/s)
MUL_MAT_VEC q6_K m=17408 n=1 k=5120: 2 x 121.16 us = 242.32 us (1471.12 GFLOPS/s)
MUL_MAT_VEC q6_K m=98304 n=1 k=5120: 1 x 674.76 us = 674.76 us (1491.69 GFLOPS/s)
MUL_MAT_VEC q8_0 m=5120 n=1 k=10240: 1 x 101.4 us = 101.4 us (1034.05 GFLOPS/s)
PAD: 1 x 6.32 us = 6.32 us
RMS_NORM_MUL RMS_NORM(256,24,1,1): 1 x 3.6 us = 3.6 us
RMS_NORM_MUL RMS_NORM(256,4,1,1): 1 x 3.64 us = 3.64 us
RMS_NORM_MUL RMS_NORM(5120,1,1,1): 5 x 3.72 us = 18.6 us
ROPE: 2 x 3.56 us = 7.12 us
SET_ROWS: 2 x 2.64 us = 5.28 us
SIGMOID_MUL SIGMOID: 1 x 1.64 us = 1.64 us
TOP_K K=10 (98304,1,1,1): 1 x 8.72 us = 8.72 us
Total time: 1396.68 us.
----------------
Vulkan Timings:
CONCAT: 1 x 3.72 us = 3.72 us
CONT: 1 x 3.56 us = 3.56 us
FLASH_ATTN_EXT dst(256,24,1,1),  q(256,1,24,1),  k(256,256,4,1),  v(256,256,4,1),  m(256,1,1,1): 1 x 12.92 us = 12.92 us (486.955 GFLOPS/s)
GET_ROWS: 2 x 4.28 us = 8.56 us
GLU: 1 x 1.76 us = 1.76 us
MUL_MAT f32 m=256 n=24 k=256: 1 x 1.6 us = 1.6 us (1962.24 GFLOPS/s)
MUL_MAT f32 m=64 n=16 k=64: 1 x 3.6 us = 3.6 us (36.1244 GFLOPS/s)
MUL_MAT f32 m=64 n=96 k=64: 1 x 3.6 us = 3.6 us (216.747 GFLOPS/s)
MUL_MAT_ADD MUL_MAT_VEC q6_K m=5120 n=1 k=17408: 1 x 123.12 us = 123.12 us (1447.8 GFLOPS/s)
MUL_MAT_ADD MUL_MAT_VEC q6_K m=5120 n=1 k=6144: 1 x 54 us = 54 us (1164.99 GFLOPS/s)
MUL_MAT_VEC f32 m=256 n=4 k=256: 1 x 3 us = 3 us (174.421 GFLOPS/s)
MUL_MAT_VEC q6_K m=1024 n=1 k=5120: 2 x 9.16 us = 18.32 us (1144.62 GFLOPS/s)
MUL_MAT_VEC q6_K m=12288 n=1 k=5120: 1 x 85.72 us = 85.72 us (1467.77 GFLOPS/s)
MUL_MAT_VEC q6_K m=17408 n=1 k=5120: 2 x 120.92 us = 241.84 us (1474.04 GFLOPS/s)
MUL_MAT_VEC q6_K m=98304 n=1 k=5120: 1 x 678.39 us = 678.39 us (1483.71 GFLOPS/s)
MUL_MAT_VEC q8_0 m=5120 n=1 k=10240: 1 x 100.68 us = 100.68 us (1041.44 GFLOPS/s)
PAD: 1 x 6.48 us = 6.48 us
RMS_NORM_MUL RMS_NORM(256,24,1,1): 1 x 3.6 us = 3.6 us
RMS_NORM_MUL RMS_NORM(256,4,1,1): 1 x 3.6 us = 3.6 us
RMS_NORM_MUL RMS_NORM(5120,1,1,1): 5 x 3.664 us = 18.32 us
ROPE: 2 x 3.58 us = 7.16 us
SET_ROWS: 2 x 2.66 us = 5.32 us
SIGMOID_MUL SIGMOID: 1 x 1.64 us = 1.64 us
TOP_K K=10 (98304,1,1,1): 1 x 8.6 us = 8.6 us
Total time: 1399.11 us.
----------------
Vulkan Timings:
CONCAT: 1 x 3.76 us = 3.76 us
CONT: 1 x 3.64 us = 3.64 us
FLASH_ATTN_EXT dst(256,24,1,1),  q(256,1,24,1),  k(256,256,4,1),  v(256,256,4,1),  m(256,1,1,1): 1 x 12.96 us = 12.96 us (485.452 GFLOPS/s)
GET_ROWS: 2 x 4.18 us = 8.36 us
GLU: 1 x 1.72 us = 1.72 us
MUL_MAT f32 m=256 n=24 k=256: 1 x 2.16 us = 2.16 us (1453.51 GFLOPS/s)
MUL_MAT f32 m=64 n=16 k=64: 1 x 3.6 us = 3.6 us (36.1244 GFLOPS/s)
MUL_MAT f32 m=64 n=96 k=64: 1 x 3.64 us = 3.64 us (214.365 GFLOPS/s)
MUL_MAT_ADD MUL_MAT_VEC q6_K m=5120 n=1 k=17408: 1 x 124.12 us = 124.12 us (1436.13 GFLOPS/s)
MUL_MAT_ADD MUL_MAT_VEC q6_K m=5120 n=1 k=6144: 1 x 53.8 us = 53.8 us (1169.32 GFLOPS/s)
MUL_MAT_VEC f32 m=256 n=4 k=256: 1 x 0.72 us = 0.72 us (726.756 GFLOPS/s)
MUL_MAT_VEC q6_K m=1024 n=1 k=5120: 2 x 9.1 us = 18.2 us (1152.17 GFLOPS/s)
MUL_MAT_VEC q6_K m=12288 n=1 k=5120: 1 x 86.12 us = 86.12 us (1460.95 GFLOPS/s)
MUL_MAT_VEC q6_K m=17408 n=1 k=5120: 2 x 121.32 us = 242.64 us (1469.18 GFLOPS/s)
MUL_MAT_VEC q6_K m=98304 n=1 k=5120: 1 x 670.6 us = 670.6 us (1500.95 GFLOPS/s)
MUL_MAT_VEC q8_0 m=5120 n=1 k=10240: 1 x 101.28 us = 101.28 us (1035.27 GFLOPS/s)
PAD: 1 x 6.32 us = 6.32 us
RMS_NORM_MUL RMS_NORM(256,24,1,1): 1 x 3.6 us = 3.6 us
RMS_NORM_MUL RMS_NORM(256,4,1,1): 1 x 3.6 us = 3.6 us
RMS_NORM_MUL RMS_NORM(5120,1,1,1): 5 x 3.808 us = 19.04 us
ROPE: 2 x 3.54 us = 7.08 us
SET_ROWS: 2 x 3.56 us = 7.12 us
SIGMOID_MUL SIGMOID: 1 x 1.68 us = 1.68 us
TOP_K K=10 (98304,1,1,1): 1 x 9.16 us = 9.16 us
Total time: 1394.92 us.
----------------
Vulkan Timings:
ADD: 48 x 3.735 us = 179.32 us
CONCAT: 48 x 2.415 us = 115.92 us
CONT: 16 x 3.78 us = 60.48 us
CPY: 240 x 2.205 us = 529.32 us
FLASH_ATTN_EXT dst(256,24,5,1),  q(256,5,24,1),  k(256,256,4,1),  v(256,256,4,1),  m(256,5,1,1): 16 x 21.035 us = 336.56 us (1495.47 GFLOPS/s)
GDN_CACHE GATED_DELTA_NET: 48 x 13.173 us = 632.32 us
GET_ROWS: 50 x 24.576 us = 1228.8 us
GLU: 64 x 2.911 us = 186.32 us
MUL_MAT f32 m=256 n=120 k=256: 16 x 1.802 us = 28.84 us (8708.97 GFLOPS/s)
MUL_MAT f32 m=256 n=20 k=256: 16 x 3.072 us = 49.16 us (851.528 GFLOPS/s)
MUL_MAT f32 m=64 n=480 k=64: 16 x 3.585 us = 57.36 us (1088.27 GFLOPS/s)
MUL_MAT f32 m=64 n=80 k=64: 16 x 3.25 us = 52 us (200.074 GFLOPS/s)
MUL_MAT_ADD MUL_MAT_VEC q6_K m=5120 n=5 k=17408: 64 x 137.758 us = 8816.56 us (6469.75 GFLOPS/s)
MUL_MAT_ADD MUL_MAT_VEC q6_K m=5120 n=5 k=6144: 16 x 60.077 us = 961.24 us (5235.69 GFLOPS/s)
MUL_MAT_VEC f32 m=48 n=5 k=5120: 96 x 3.35 us = 321.64 us (733.449 GFLOPS/s)
MUL_MAT_VEC q6_K m=1024 n=5 k=5120: 32 x 7.056 us = 225.8 us (7429.4 GFLOPS/s)
MUL_MAT_VEC q6_K m=10240 n=5 k=5120: 48 x 79.777 us = 3829.32 us (6571.24 GFLOPS/s)
MUL_MAT_VEC q6_K m=12288 n=5 k=5120: 16 x 98.707 us = 1579.32 us (6373.22 GFLOPS/s)
MUL_MAT_VEC q6_K m=17408 n=5 k=5120: 128 x 138.749 us = 17760 us (6423.1 GFLOPS/s)
MUL_MAT_VEC q6_K m=248320 n=5 k=5120: 1 x 1687.64 us = 1687.64 us (7532.85 GFLOPS/s)
MUL_MAT_VEC q6_K m=6144 n=5 k=5120: 48 x 53.239 us = 2555.48 us (5908.1 GFLOPS/s)
MUL_MAT_VEC q8_0 m=5120 n=5 k=6144: 48 x 63.093 us = 3028.48 us (4985.43 GFLOPS/s)
RMS_NORM_MUL RMS_NORM(256,24,5,1): 16 x 3.675 us = 58.8 us
RMS_NORM_MUL RMS_NORM(256,4,5,1): 16 x 4.36 us = 69.76 us
RMS_NORM_MUL RMS_NORM(5120,5,1,1): 129 x 4.583 us = 591.32 us
RMS_NORM_MUL_SILU_MUL RMS_NORM(128,48,5,1): 48 x 5.592 us = 268.44 us
RMS_NORM_SCALE RMS_NORM(128,16,5,1): 96 x 2.683 us = 257.6 us
ROPE: 32 x 3.807 us = 121.84 us
SET_ROWS: 32 x 2.81 us = 89.92 us
SIGMOID_MUL SIGMOID: 16 x 3.632 us = 58.12 us
SSM_CONV_SILU SSM_CONV: 48 x 5.635 us = 270.48 us
Total time: 46008.1 us.
----------------
Vulkan Timings:
CONCAT: 1 x 4 us = 4 us
CONT: 1 x 3.64 us = 3.64 us
FLASH_ATTN_EXT dst(256,24,5,1),  q(256,5,24,1),  k(256,256,4,1),  v(256,256,4,1),  m(256,5,1,1): 1 x 20.44 us = 20.44 us (1539.01 GFLOPS/s)
GLU: 1 x 1.76 us = 1.76 us
MUL_MAT f32 m=256 n=120 k=256: 1 x 1.76 us = 1.76 us (8919.27 GFLOPS/s)
MUL_MAT f32 m=256 n=20 k=256: 1 x 3 us = 3 us (872.107 GFLOPS/s)
MUL_MAT f32 m=64 n=480 k=64: 1 x 3.6 us = 3.6 us (1083.73 GFLOPS/s)
MUL_MAT f32 m=64 n=80 k=64: 1 x 3.64 us = 3.64 us (178.637 GFLOPS/s)
MUL_MAT_ADD MUL_MAT_VEC q6_K m=5120 n=5 k=17408: 1 x 169.54 us = 169.54 us (5256.95 GFLOPS/s)
MUL_MAT_ADD MUL_MAT_VEC q6_K m=5120 n=5 k=6144: 1 x 67.44 us = 67.44 us (4664.1 GFLOPS/s)
MUL_MAT_VEC q6_K m=1024 n=5 k=5120: 2 x 9.32 us = 18.64 us (5624.86 GFLOPS/s)
MUL_MAT_VEC q6_K m=12288 n=5 k=5120: 1 x 125.96 us = 125.96 us (4994.32 GFLOPS/s)
MUL_MAT_VEC q6_K m=17408 n=5 k=5120: 2 x 131.42 us = 262.84 us (6781.33 GFLOPS/s)
MUL_MAT_VEC q8_0 m=5120 n=5 k=10240: 1 x 105.32 us = 105.32 us (4977.8 GFLOPS/s)
RMS_NORM_MUL RMS_NORM(256,24,5,1): 1 x 3.76 us = 3.76 us
RMS_NORM_MUL RMS_NORM(256,4,5,1): 1 x 3.68 us = 3.68 us
RMS_NORM_MUL RMS_NORM(5120,5,1,1): 5 x 7.908 us = 39.54 us
ROPE: 2 x 3.62 us = 7.24 us
SET_ROWS: 2 x 2.66 us = 5.32 us
SIGMOID_MUL SIGMOID: 1 x 1.68 us = 1.68 us
Total time: 852.8 us.
----------------
Vulkan Timings:
CONCAT: 1 x 3.68 us = 3.68 us
CONT: 1 x 3.52 us = 3.52 us
FLASH_ATTN_EXT dst(256,24,1,1),  q(256,1,24,1),  k(256,256,4,1),  v(256,256,4,1),  m(256,1,1,1): 1 x 12.64 us = 12.64 us (497.742 GFLOPS/s)
GET_ROWS: 2 x 4.22 us = 8.44 us
GLU: 1 x 1.64 us = 1.64 us
MUL_MAT f32 m=256 n=24 k=256: 1 x 1.56 us = 1.56 us (2012.55 GFLOPS/s)
MUL_MAT f32 m=64 n=16 k=64: 1 x 1.8 us = 1.8 us (72.2489 GFLOPS/s)
MUL_MAT f32 m=64 n=96 k=64: 1 x 3.16 us = 3.16 us (246.927 GFLOPS/s)
MUL_MAT_ADD MUL_MAT_VEC q6_K m=5120 n=1 k=17408: 1 x 131.04 us = 131.04 us (1360.29 GFLOPS/s)
MUL_MAT_ADD MUL_MAT_VEC q6_K m=5120 n=1 k=6144: 1 x 54.12 us = 54.12 us (1162.41 GFLOPS/s)
MUL_MAT_VEC f32 m=256 n=4 k=256: 1 x 3.04 us = 3.04 us (172.126 GFLOPS/s)
MUL_MAT_VEC q6_K m=1024 n=1 k=5120: 2 x 9.26 us = 18.52 us (1132.26 GFLOPS/s)
MUL_MAT_VEC q6_K m=12288 n=1 k=5120: 1 x 90.08 us = 90.08 us (1396.72 GFLOPS/s)
MUL_MAT_VEC q6_K m=17408 n=1 k=5120: 2 x 117.98 us = 235.96 us (1510.77 GFLOPS/s)
MUL_MAT_VEC q6_K m=98304 n=1 k=5120: 1 x 672.55 us = 672.55 us (1496.59 GFLOPS/s)
MUL_MAT_VEC q8_0 m=5120 n=1 k=10240: 1 x 92.88 us = 92.88 us (1128.9 GFLOPS/s)
PAD: 1 x 6.32 us = 6.32 us
RMS_NORM_MUL RMS_NORM(256,24,1,1): 1 x 3.2 us = 3.2 us
RMS_NORM_MUL RMS_NORM(256,4,1,1): 1 x 4.84 us = 4.84 us
RMS_NORM_MUL RMS_NORM(5120,1,1,1): 5 x 4.08 us = 20.4 us
ROPE: 2 x 3.32 us = 6.64 us
SET_ROWS: 2 x 2.62 us = 5.24 us
SIGMOID_MUL SIGMOID: 1 x 1.52 us = 1.52 us
TOP_K K=10 (98304,1,1,1): 1 x 8.84 us = 8.84 us
Total time: 1391.63 us.
----------------
Vulkan Timings:
CONCAT: 1 x 3.68 us = 3.68 us
CONT: 1 x 3.6 us = 3.6 us
FLASH_ATTN_EXT dst(256,24,1,1),  q(256,1,24,1),  k(256,256,4,1),  v(256,256,4,1),  m(256,1,1,1): 1 x 12.8 us = 12.8 us (491.52 GFLOPS/s)
GET_ROWS: 2 x 6.58 us = 13.16 us
GLU: 1 x 1.8 us = 1.8 us
MUL_MAT f32 m=256 n=24 k=256: 1 x 1.64 us = 1.64 us (1914.38 GFLOPS/s)
MUL_MAT f32 m=64 n=16 k=64: 1 x 3.64 us = 3.64 us (35.7275 GFLOPS/s)
MUL_MAT f32 m=64 n=96 k=64: 1 x 3.6 us = 3.6 us (216.747 GFLOPS/s)
MUL_MAT_ADD MUL_MAT_VEC q6_K m=5120 n=1 k=17408: 1 x 123.12 us = 123.12 us (1447.8 GFLOPS/s)
MUL_MAT_ADD MUL_MAT_VEC q6_K m=5120 n=1 k=6144: 1 x 53.56 us = 53.56 us (1174.56 GFLOPS/s)
MUL_MAT_VEC f32 m=256 n=4 k=256: 1 x 3.04 us = 3.04 us (172.126 GFLOPS/s)
MUL_MAT_VEC q6_K m=1024 n=1 k=5120: 2 x 9.1 us = 18.2 us (1152.17 GFLOPS/s)
MUL_MAT_VEC q6_K m=12288 n=1 k=5120: 1 x 85.72 us = 85.72 us (1467.77 GFLOPS/s)
MUL_MAT_VEC q6_K m=17408 n=1 k=5120: 2 x 121.3 us = 242.6 us (1469.42 GFLOPS/s)
MUL_MAT_VEC q6_K m=98304 n=1 k=5120: 1 x 671.77 us = 671.77 us (1498.33 GFLOPS/s)
MUL_MAT_VEC q8_0 m=5120 n=1 k=10240: 1 x 101.2 us = 101.2 us (1036.09 GFLOPS/s)
PAD: 1 x 7.12 us = 7.12 us
RMS_NORM_MUL RMS_NORM(256,24,1,1): 1 x 3.64 us = 3.64 us
RMS_NORM_MUL RMS_NORM(256,4,1,1): 1 x 3.6 us = 3.6 us
RMS_NORM_MUL RMS_NORM(5120,1,1,1): 5 x 3.704 us = 18.52 us
ROPE: 2 x 3.58 us = 7.16 us
SET_ROWS: 2 x 2.62 us = 5.24 us
SIGMOID_MUL SIGMOID: 1 x 1.68 us = 1.68 us
TOP_K K=10 (98304,1,1,1): 1 x 6.68 us = 6.68 us
Total time: 1396.77 us.
----------------
Vulkan Timings:
CONCAT: 1 x 3.72 us = 3.72 us
CONT: 1 x 3.64 us = 3.64 us
FLASH_ATTN_EXT dst(256,24,1,1),  q(256,1,24,1),  k(256,256,4,1),  v(256,256,4,1),  m(256,1,1,1): 1 x 12.8 us = 12.8 us (491.52 GFLOPS/s)
GET_ROWS: 2 x 4.24 us = 8.48 us
GLU: 1 x 1.92 us = 1.92 us
MUL_MAT f32 m=256 n=24 k=256: 1 x 1.6 us = 1.6 us (1962.24 GFLOPS/s)
MUL_MAT f32 m=64 n=16 k=64: 1 x 3.56 us = 3.56 us (36.5303 GFLOPS/s)
MUL_MAT f32 m=64 n=96 k=64: 1 x 3.6 us = 3.6 us (216.747 GFLOPS/s)
MUL_MAT_ADD MUL_MAT_VEC q6_K m=5120 n=1 k=17408: 1 x 123 us = 123 us (1449.21 GFLOPS/s)
MUL_MAT_ADD MUL_MAT_VEC q6_K m=5120 n=1 k=6144: 1 x 53.64 us = 53.64 us (1172.81 GFLOPS/s)
MUL_MAT_VEC f32 m=256 n=4 k=256: 1 x 3 us = 3 us (174.421 GFLOPS/s)
MUL_MAT_VEC q6_K m=1024 n=1 k=5120: 2 x 9.04 us = 18.08 us (1159.82 GFLOPS/s)
MUL_MAT_VEC q6_K m=12288 n=1 k=5120: 1 x 85.32 us = 85.32 us (1474.65 GFLOPS/s)
MUL_MAT_VEC q6_K m=17408 n=1 k=5120: 2 x 121.48 us = 242.96 us (1467.24 GFLOPS/s)
MUL_MAT_VEC q6_K m=98304 n=1 k=5120: 1 x 671.98 us = 671.98 us (1497.86 GFLOPS/s)
MUL_MAT_VEC q8_0 m=5120 n=1 k=10240: 1 x 101 us = 101 us (1038.14 GFLOPS/s)
PAD: 1 x 6.32 us = 6.32 us
RMS_NORM_MUL RMS_NORM(256,24,1,1): 1 x 3.56 us = 3.56 us
RMS_NORM_MUL RMS_NORM(256,4,1,1): 1 x 3.6 us = 3.6 us
RMS_NORM_MUL RMS_NORM(5120,1,1,1): 5 x 3.72 us = 18.6 us
ROPE: 2 x 3.56 us = 7.12 us
SET_ROWS: 2 x 2.64 us = 5.28 us
SIGMOID_MUL SIGMOID: 1 x 1.72 us = 1.72 us
TOP_K K=10 (98304,1,1,1): 1 x 8.96 us = 8.96 us
Total time: 1393.46 us.
----------------
Vulkan Timings:
CONCAT: 1 x 3.76 us = 3.76 us
CONT: 1 x 3.56 us = 3.56 us
FLASH_ATTN_EXT dst(256,24,1,1),  q(256,1,24,1),  k(256,256,4,1),  v(256,256,4,1),  m(256,1,1,1): 1 x 15.08 us = 15.08 us (417.205 GFLOPS/s)
GET_ROWS: 2 x 4.26 us = 8.52 us
GLU: 1 x 1.8 us = 1.8 us
MUL_MAT f32 m=256 n=24 k=256: 1 x 1.64 us = 1.64 us (1914.38 GFLOPS/s)
MUL_MAT f32 m=64 n=16 k=64: 1 x 3.6 us = 3.6 us (36.1244 GFLOPS/s)
MUL_MAT f32 m=64 n=96 k=64: 1 x 3.6 us = 3.6 us (216.747 GFLOPS/s)
MUL_MAT_ADD MUL_MAT_VEC q6_K m=5120 n=1 k=17408: 1 x 122.88 us = 122.88 us (1450.62 GFLOPS/s)
MUL_MAT_ADD MUL_MAT_VEC q6_K m=5120 n=1 k=6144: 1 x 53.68 us = 53.68 us (1171.93 GFLOPS/s)
MUL_MAT_VEC f32 m=256 n=4 k=256: 1 x 3.04 us = 3.04 us (172.126 GFLOPS/s)
MUL_MAT_VEC q6_K m=1024 n=1 k=5120: 2 x 9.18 us = 18.36 us (1142.13 GFLOPS/s)
MUL_MAT_VEC q6_K m=12288 n=1 k=5120: 1 x 85.6 us = 85.6 us (1469.82 GFLOPS/s)
MUL_MAT_VEC q6_K m=17408 n=1 k=5120: 2 x 121.02 us = 242.04 us (1472.82 GFLOPS/s)
MUL_MAT_VEC q6_K m=98304 n=1 k=5120: 1 x 673.16 us = 673.16 us (1495.24 GFLOPS/s)
MUL_MAT_VEC q8_0 m=5120 n=1 k=10240: 1 x 102.12 us = 102.12 us (1026.76 GFLOPS/s)
PAD: 1 x 6.28 us = 6.28 us
RMS_NORM_MUL RMS_NORM(256,24,1,1): 1 x 3.56 us = 3.56 us
RMS_NORM_MUL RMS_NORM(256,4,1,1): 1 x 3.56 us = 3.56 us
RMS_NORM_MUL RMS_NORM(5120,1,1,1): 5 x 3.68 us = 18.4 us
ROPE: 2 x 3.58 us = 7.16 us
SET_ROWS: 2 x 1.8 us = 3.6 us
SIGMOID_MUL SIGMOID: 1 x 1.64 us = 1.64 us
TOP_K K=10 (98304,1,1,1): 1 x 8.76 us = 8.76 us
Total time: 1395.4 us.
----------------
Vulkan Timings:
ADD: 48 x 3.721 us = 178.64 us
CONCAT: 48 x 2.412 us = 115.8 us
CONT: 16 x 3.775 us = 60.4 us
CPY: 240 x 2.197 us = 527.48 us
FLASH_ATTN_EXT dst(256,24,5,1),  q(256,5,24,1),  k(256,256,4,1),  v(256,256,4,1),  m(256,5,1,1): 16 x 21.12 us = 337.92 us (1489.45 GFLOPS/s)
GDN_CACHE GATED_DELTA_NET: 48 x 13.185 us = 632.92 us
GET_ROWS: 50 x 24.427 us = 1221.36 us
GLU: 64 x 2.906 us = 186.04 us
MUL_MAT f32 m=256 n=120 k=256: 16 x 1.79 us = 28.64 us (8769.79 GFLOPS/s)
MUL_MAT f32 m=256 n=20 k=256: 16 x 3.067 us = 49.08 us (852.916 GFLOPS/s)
MUL_MAT f32 m=64 n=480 k=64: 16 x 3.59 us = 57.44 us (1086.75 GFLOPS/s)
MUL_MAT f32 m=64 n=80 k=64: 16 x 3.232 us = 51.72 us (201.157 GFLOPS/s)
MUL_MAT_ADD MUL_MAT_VEC q6_K m=5120 n=5 k=17408: 64 x 138.253 us = 8848.24 us (6446.58 GFLOPS/s)
MUL_MAT_ADD MUL_MAT_VEC q6_K m=5120 n=5 k=6144: 16 x 60.17 us = 962.72 us (5227.64 GFLOPS/s)
MUL_MAT_VEC f32 m=48 n=5 k=5120: 96 x 3.492 us = 335.24 us (703.695 GFLOPS/s)
MUL_MAT_VEC q6_K m=1024 n=5 k=5120: 32 x 7.308 us = 233.88 us (7172.73 GFLOPS/s)
MUL_MAT_VEC q6_K m=10240 n=5 k=5120: 48 x 79.895 us = 3835 us (6561.5 GFLOPS/s)
MUL_MAT_VEC q6_K m=12288 n=5 k=5120: 16 x 98.335 us = 1573.36 us (6397.36 GFLOPS/s)
MUL_MAT_VEC q6_K m=17408 n=5 k=5120: 128 x 138.73 us = 17757.6 us (6423.96 GFLOPS/s)
MUL_MAT_VEC q6_K m=248320 n=5 k=5120: 1 x 1686.84 us = 1686.84 us (7536.42 GFLOPS/s)
MUL_MAT_VEC q6_K m=6144 n=5 k=5120: 48 x 53.2 us = 2553.6 us (5912.45 GFLOPS/s)
MUL_MAT_VEC q8_0 m=5120 n=5 k=6144: 48 x 63.05 us = 3026.44 us (4988.79 GFLOPS/s)
RMS_NORM_MUL RMS_NORM(256,24,5,1): 16 x 3.66 us = 58.56 us
RMS_NORM_MUL RMS_NORM(256,4,5,1): 16 x 4.357 us = 69.72 us
RMS_NORM_MUL RMS_NORM(5120,5,1,1): 129 x 4.534 us = 585 us
RMS_NORM_MUL_SILU_MUL RMS_NORM(128,48,5,1): 48 x 5.574 us = 267.56 us
RMS_NORM_SCALE RMS_NORM(128,16,5,1): 96 x 2.605 us = 250.12 us
ROPE: 32 x 3.811 us = 121.96 us
SET_ROWS: 32 x 2.763 us = 88.44 us
SIGMOID_MUL SIGMOID: 16 x 3.635 us = 58.16 us
SSM_CONV_SILU SSM_CONV: 48 x 5.62 us = 269.76 us
Total time: 46029.6 us.
----------------
Vulkan Timings:
CONCAT: 1 x 3.96 us = 3.96 us
CONT: 1 x 3.6 us = 3.6 us
FLASH_ATTN_EXT dst(256,24,5,1),  q(256,5,24,1),  k(256,256,4,1),  v(256,256,4,1),  m(256,5,1,1): 1 x 20.52 us = 20.52 us (1533.01 GFLOPS/s)
GLU: 1 x 1.48 us = 1.48 us
MUL_MAT f32 m=256 n=120 k=256: 1 x 1.68 us = 1.68 us (9344 GFLOPS/s)
MUL_MAT f32 m=256 n=20 k=256: 1 x 3.04 us = 3.04 us (860.632 GFLOPS/s)
MUL_MAT f32 m=64 n=480 k=64: 1 x 3.64 us = 3.64 us (1071.82 GFLOPS/s)
MUL_MAT f32 m=64 n=80 k=64: 1 x 3.64 us = 3.64 us (178.637 GFLOPS/s)
MUL_MAT_ADD MUL_MAT_VEC q6_K m=5120 n=5 k=17408: 1 x 181.47 us = 181.47 us (4911.36 GFLOPS/s)
MUL_MAT_ADD MUL_MAT_VEC q6_K m=5120 n=5 k=6144: 1 x 68.32 us = 68.32 us (4604.03 GFLOPS/s)
MUL_MAT_VEC q6_K m=1024 n=5 k=5120: 2 x 9.34 us = 18.68 us (5612.81 GFLOPS/s)
MUL_MAT_VEC q6_K m=12288 n=5 k=5120: 1 x 125.89 us = 125.89 us (4997.09 GFLOPS/s)
MUL_MAT_VEC q6_K m=17408 n=5 k=5120: 2 x 131.92 us = 263.84 us (6755.63 GFLOPS/s)
MUL_MAT_VEC q8_0 m=5120 n=5 k=10240: 1 x 105.88 us = 105.88 us (4951.48 GFLOPS/s)
RMS_NORM_MUL RMS_NORM(256,24,5,1): 1 x 3.76 us = 3.76 us
RMS_NORM_MUL RMS_NORM(256,4,5,1): 1 x 3.64 us = 3.64 us
RMS_NORM_MUL RMS_NORM(5120,5,1,1): 5 x 10.884 us = 54.42 us
ROPE: 2 x 3.62 us = 7.24 us
SET_ROWS: 2 x 2.66 us = 5.32 us
SIGMOID_MUL SIGMOID: 1 x 1.76 us = 1.76 us
Total time: 881.78 us.
----------------
Vulkan Timings:
CONCAT: 1 x 3.6 us = 3.6 us
CONT: 1 x 3.48 us = 3.48 us
FLASH_ATTN_EXT dst(256,24,1,1),  q(256,1,24,1),  k(256,256,4,1),  v(256,256,4,1),  m(256,1,1,1): 1 x 12.68 us = 12.68 us (496.172 GFLOPS/s)
GET_ROWS: 2 x 9.785 us = 19.57 us
GLU: 1 x 1.6 us = 1.6 us
MUL_MAT f32 m=256 n=24 k=256: 1 x 1.48 us = 1.48 us (2121.34 GFLOPS/s)
MUL_MAT f32 m=64 n=16 k=64: 1 x 1.84 us = 1.84 us (70.6783 GFLOPS/s)
MUL_MAT f32 m=64 n=96 k=64: 1 x 3.2 us = 3.2 us (243.84 GFLOPS/s)
MUL_MAT_ADD MUL_MAT_VEC q6_K m=5120 n=1 k=17408: 1 x 130 us = 130 us (1371.18 GFLOPS/s)
MUL_MAT_ADD MUL_MAT_VEC q6_K m=5120 n=1 k=6144: 1 x 54 us = 54 us (1164.99 GFLOPS/s)
MUL_MAT_VEC f32 m=256 n=4 k=256: 1 x 3.04 us = 3.04 us (172.126 GFLOPS/s)
MUL_MAT_VEC q6_K m=1024 n=1 k=5120: 2 x 8.24 us = 16.48 us (1272.42 GFLOPS/s)
MUL_MAT_VEC q6_K m=12288 n=1 k=5120: 1 x 89.88 us = 89.88 us (1399.83 GFLOPS/s)
MUL_MAT_VEC q6_K m=17408 n=1 k=5120: 2 x 118.08 us = 236.16 us (1509.49 GFLOPS/s)
MUL_MAT_VEC q6_K m=98304 n=1 k=5120: 1 x 673.75 us = 673.75 us (1493.93 GFLOPS/s)
MUL_MAT_VEC q8_0 m=5120 n=1 k=10240: 1 x 92.88 us = 92.88 us (1128.9 GFLOPS/s)
PAD: 1 x 6.32 us = 6.32 us
RMS_NORM_MUL RMS_NORM(256,24,1,1): 1 x 5.8 us = 5.8 us
RMS_NORM_MUL RMS_NORM(256,4,1,1): 1 x 4.88 us = 4.88 us
RMS_NORM_MUL RMS_NORM(5120,1,1,1): 5 x 4.112 us = 20.56 us
ROPE: 2 x 3.36 us = 6.72 us
SET_ROWS: 2 x 2.58 us = 5.16 us
SIGMOID_MUL SIGMOID: 1 x 1.56 us = 1.56 us
TOP_K K=10 (98304,1,1,1): 1 x 8.76 us = 8.76 us
Total time: 1403.4 us.
----------------
Vulkan Timings:
CONCAT: 1 x 3.76 us = 3.76 us
CONT: 1 x 3.64 us = 3.64 us
FLASH_ATTN_EXT dst(256,24,1,1),  q(256,1,24,1),  k(256,256,4,1),  v(256,256,4,1),  m(256,1,1,1): 1 x 12.96 us = 12.96 us (485.452 GFLOPS/s)
GET_ROWS: 2 x 9.585 us = 19.17 us
GLU: 1 x 1.72 us = 1.72 us
MUL_MAT f32 m=256 n=24 k=256: 1 x 1.6 us = 1.6 us (1962.24 GFLOPS/s)
MUL_MAT f32 m=64 n=16 k=64: 1 x 3.6 us = 3.6 us (36.1244 GFLOPS/s)
MUL_MAT f32 m=64 n=96 k=64: 1 x 3.56 us = 3.56 us (219.182 GFLOPS/s)
MUL_MAT_ADD MUL_MAT_VEC q6_K m=5120 n=1 k=17408: 1 x 122.8 us = 122.8 us (1451.57 GFLOPS/s)
MUL_MAT_ADD MUL_MAT_VEC q6_K m=5120 n=1 k=6144: 1 x 53.96 us = 53.96 us (1165.85 GFLOPS/s)
MUL_MAT_VEC f32 m=256 n=4 k=256: 1 x 3.04 us = 3.04 us (172.126 GFLOPS/s)
MUL_MAT_VEC q6_K m=1024 n=1 k=5120: 2 x 9.26 us = 18.52 us (1132.26 GFLOPS/s)
MUL_MAT_VEC q6_K m=12288 n=1 k=5120: 1 x 85.8 us = 85.8 us (1466.4 GFLOPS/s)
MUL_MAT_VEC q6_K m=17408 n=1 k=5120: 2 x 121.44 us = 242.88 us (1467.72 GFLOPS/s)
MUL_MAT_VEC q6_K m=98304 n=1 k=5120: 1 x 673.37 us = 673.37 us (1494.77 GFLOPS/s)
MUL_MAT_VEC q8_0 m=5120 n=1 k=10240: 1 x 101.28 us = 101.28 us (1035.27 GFLOPS/s)
PAD: 1 x 6.32 us = 6.32 us
RMS_NORM_MUL RMS_NORM(256,24,1,1): 1 x 3.6 us = 3.6 us
RMS_NORM_MUL RMS_NORM(256,4,1,1): 1 x 3.56 us = 3.56 us
RMS_NORM_MUL RMS_NORM(5120,1,1,1): 5 x 3.672 us = 18.36 us
ROPE: 2 x 3.56 us = 7.12 us
SET_ROWS: 2 x 2.64 us = 5.28 us
SIGMOID_MUL SIGMOID: 1 x 1.72 us = 1.72 us
TOP_K K=10 (98304,1,1,1): 1 x 8.8 us = 8.8 us
Total time: 1406.42 us.
----------------
Vulkan Timings:
CONCAT: 1 x 3.76 us = 3.76 us
CONT: 1 x 3.6 us = 3.6 us
FLASH_ATTN_EXT dst(256,24,1,1),  q(256,1,24,1),  k(256,256,4,1),  v(256,256,4,1),  m(256,1,1,1): 1 x 12.8 us = 12.8 us (491.52 GFLOPS/s)
GET_ROWS: 2 x 9.6 us = 19.2 us
GLU: 1 x 2.16 us = 2.16 us
MUL_MAT f32 m=256 n=24 k=256: 1 x 1.64 us = 1.64 us (1914.38 GFLOPS/s)
MUL_MAT f32 m=64 n=16 k=64: 1 x 3.64 us = 3.64 us (35.7275 GFLOPS/s)
MUL_MAT f32 m=64 n=96 k=64: 1 x 3.56 us = 3.56 us (219.182 GFLOPS/s)
MUL_MAT_ADD MUL_MAT_VEC q6_K m=5120 n=1 k=17408: 1 x 122.6 us = 122.6 us (1453.94 GFLOPS/s)
MUL_MAT_ADD MUL_MAT_VEC q6_K m=5120 n=1 k=6144: 1 x 53.76 us = 53.76 us (1170.19 GFLOPS/s)
MUL_MAT_VEC f32 m=256 n=4 k=256: 1 x 3.04 us = 3.04 us (172.126 GFLOPS/s)
MUL_MAT_VEC q6_K m=1024 n=1 k=5120: 2 x 9.06 us = 18.12 us (1157.26 GFLOPS/s)
MUL_MAT_VEC q6_K m=12288 n=1 k=5120: 1 x 85.4 us = 85.4 us (1473.27 GFLOPS/s)
MUL_MAT_VEC q6_K m=17408 n=1 k=5120: 2 x 121.06 us = 242.12 us (1472.33 GFLOPS/s)
MUL_MAT_VEC q6_K m=98304 n=1 k=5120: 1 x 672.25 us = 672.25 us (1497.26 GFLOPS/s)
MUL_MAT_VEC q8_0 m=5120 n=1 k=10240: 1 x 101.04 us = 101.04 us (1037.73 GFLOPS/s)
PAD: 1 x 6.32 us = 6.32 us
RMS_NORM_MUL RMS_NORM(256,24,1,1): 1 x 3.56 us = 3.56 us
RMS_NORM_MUL RMS_NORM(256,4,1,1): 1 x 3.6 us = 3.6 us
RMS_NORM_MUL RMS_NORM(5120,1,1,1): 5 x 3.704 us = 18.52 us
ROPE: 2 x 3.6 us = 7.2 us
SET_ROWS: 2 x 2.66 us = 5.32 us
SIGMOID_MUL SIGMOID: 1 x 1.68 us = 1.68 us
TOP_K K=10 (98304,1,1,1): 1 x 8.76 us = 8.76 us
Total time: 1403.65 us.
----------------
Vulkan Timings:
CONCAT: 1 x 3.68 us = 3.68 us
CONT: 1 x 3.56 us = 3.56 us
FLASH_ATTN_EXT dst(256,24,1,1),  q(256,1,24,1),  k(256,256,4,1),  v(256,256,4,1),  m(256,1,1,1): 1 x 12.92 us = 12.92 us (486.955 GFLOPS/s)
GET_ROWS: 2 x 9.775 us = 19.55 us
GLU: 1 x 1.72 us = 1.72 us
MUL_MAT f32 m=256 n=24 k=256: 1 x 1.6 us = 1.6 us (1962.24 GFLOPS/s)
MUL_MAT f32 m=64 n=16 k=64: 1 x 3.6 us = 3.6 us (36.1244 GFLOPS/s)
MUL_MAT f32 m=64 n=96 k=64: 1 x 3.6 us = 3.6 us (216.747 GFLOPS/s)
MUL_MAT_ADD MUL_MAT_VEC q6_K m=5120 n=1 k=17408: 1 x 123.24 us = 123.24 us (1446.39 GFLOPS/s)
MUL_MAT_ADD MUL_MAT_VEC q6_K m=5120 n=1 k=6144: 1 x 54.12 us = 54.12 us (1162.41 GFLOPS/s)
MUL_MAT_VEC f32 m=256 n=4 k=256: 1 x 3.04 us = 3.04 us (172.126 GFLOPS/s)
MUL_MAT_VEC q6_K m=1024 n=1 k=5120: 2 x 9.12 us = 18.24 us (1149.64 GFLOPS/s)
MUL_MAT_VEC q6_K m=12288 n=1 k=5120: 1 x 85.6 us = 85.6 us (1469.82 GFLOPS/s)
MUL_MAT_VEC q6_K m=17408 n=1 k=5120: 2 x 121.26 us = 242.52 us (1469.9 GFLOPS/s)
MUL_MAT_VEC q6_K m=98304 n=1 k=5120: 1 x 721.22 us = 721.22 us (1395.6 GFLOPS/s)
MUL_MAT_VEC q8_0 m=5120 n=1 k=10240: 1 x 100.8 us = 100.8 us (1040.2 GFLOPS/s)
PAD: 1 x 6.28 us = 6.28 us
RMS_NORM_MUL RMS_NORM(256,24,1,1): 1 x 3.6 us = 3.6 us
RMS_NORM_MUL RMS_NORM(256,4,1,1): 1 x 3.56 us = 3.56 us
RMS_NORM_MUL RMS_NORM(5120,1,1,1): 5 x 3.72 us = 18.6 us
ROPE: 2 x 3.54 us = 7.08 us
SET_ROWS: 2 x 2.56 us = 5.12 us
SIGMOID_MUL SIGMOID: 1 x 1.72 us = 1.72 us
TOP_K K=10 (98304,1,1,1): 1 x 8.88 us = 8.88 us
Total time: 1453.85 us.
----------------
Vulkan Timings:
ADD: 48 x 3.73 us = 179.04 us
CONCAT: 48 x 2.42 us = 116.16 us
CONT: 16 x 3.79 us = 60.64 us
CPY: 240 x 2.238 us = 537.12 us
FLASH_ATTN_EXT dst(256,24,5,1),  q(256,5,24,1),  k(256,256,4,1),  v(256,256,4,1),  m(256,5,1,1): 16 x 20.832 us = 333.32 us (1510.01 GFLOPS/s)
GDN_CACHE GATED_DELTA_NET: 48 x 13.295 us = 638.16 us
GET_ROWS: 50 x 24.423 us = 1221.16 us
GLU: 64 x 2.991 us = 191.48 us
MUL_MAT f32 m=256 n=120 k=256: 16 x 1.787 us = 28.6 us (8782.05 GFLOPS/s)
MUL_MAT f32 m=256 n=20 k=256: 16 x 3.085 us = 49.36 us (848.078 GFLOPS/s)
MUL_MAT f32 m=64 n=480 k=64: 16 x 3.61 us = 57.76 us (1080.73 GFLOPS/s)
MUL_MAT f32 m=64 n=80 k=64: 16 x 3.242 us = 51.88 us (200.537 GFLOPS/s)
MUL_MAT_ADD MUL_MAT_VEC q6_K m=5120 n=5 k=17408: 64 x 137.658 us = 8810.16 us (6474.44 GFLOPS/s)
MUL_MAT_ADD MUL_MAT_VEC q6_K m=5120 n=5 k=6144: 16 x 60.152 us = 962.44 us (5229.16 GFLOPS/s)
MUL_MAT_VEC f32 m=48 n=5 k=5120: 96 x 3.385 us = 324.96 us (725.956 GFLOPS/s)
MUL_MAT_VEC q6_K m=1024 n=5 k=5120: 32 x 7.166 us = 229.32 us (7315.36 GFLOPS/s)
MUL_MAT_VEC q6_K m=10240 n=5 k=5120: 48 x 80.037 us = 3841.8 us (6549.89 GFLOPS/s)
MUL_MAT_VEC q6_K m=12288 n=5 k=5120: 16 x 98.672 us = 1578.76 us (6375.48 GFLOPS/s)
MUL_MAT_VEC q6_K m=17408 n=5 k=5120: 128 x 138.77 us = 17762.7 us (6422.11 GFLOPS/s)
MUL_MAT_VEC q6_K m=248320 n=5 k=5120: 1 x 1685.48 us = 1685.48 us (7542.51 GFLOPS/s)
MUL_MAT_VEC q6_K m=6144 n=5 k=5120: 48 x 53.27 us = 2557 us (5904.58 GFLOPS/s)
MUL_MAT_VEC q8_0 m=5120 n=5 k=6144: 48 x 63.153 us = 3031.36 us (4980.69 GFLOPS/s)
RMS_NORM_MUL RMS_NORM(256,24,5,1): 16 x 3.81 us = 60.96 us
RMS_NORM_MUL RMS_NORM(256,4,5,1): 16 x 4.365 us = 69.84 us
RMS_NORM_MUL RMS_NORM(5120,5,1,1): 129 x 4.59 us = 592.12 us
RMS_NORM_MUL_SILU_MUL RMS_NORM(128,48,5,1): 48 x 5.591 us = 268.4 us
RMS_NORM_SCALE RMS_NORM(128,16,5,1): 96 x 2.655 us = 254.92 us
ROPE: 32 x 3.813 us = 122.04 us
SET_ROWS: 32 x 2.867 us = 91.76 us
SIGMOID_MUL SIGMOID: 16 x 3.655 us = 58.48 us
SSM_CONV_SILU SSM_CONV: 48 x 5.57 us = 267.36 us
Total time: 46034.5 us.
----------------
Vulkan Timings:
CONCAT: 1 x 3.92 us = 3.92 us
CONT: 1 x 3.68 us = 3.68 us
FLASH_ATTN_EXT dst(256,24,5,1),  q(256,5,24,1),  k(256,256,4,1),  v(256,256,4,1),  m(256,5,1,1): 1 x 20.4 us = 20.4 us (1542.02 GFLOPS/s)
GLU: 1 x 1.56 us = 1.56 us
MUL_MAT f32 m=256 n=120 k=256: 1 x 1.68 us = 1.68 us (9344 GFLOPS/s)
MUL_MAT f32 m=256 n=20 k=256: 1 x 3.08 us = 3.08 us (849.455 GFLOPS/s)
MUL_MAT f32 m=64 n=480 k=64: 1 x 3.68 us = 3.68 us (1060.17 GFLOPS/s)
MUL_MAT f32 m=64 n=80 k=64: 1 x 3.6 us = 3.6 us (180.622 GFLOPS/s)
MUL_MAT_ADD MUL_MAT_VEC q6_K m=5120 n=5 k=17408: 1 x 178.47 us = 178.47 us (4993.91 GFLOPS/s)
MUL_MAT_ADD MUL_MAT_VEC q6_K m=5120 n=5 k=6144: 1 x 66.36 us = 66.36 us (4740.01 GFLOPS/s)
MUL_MAT_VEC q6_K m=1024 n=5 k=5120: 2 x 9.32 us = 18.64 us (5624.86 GFLOPS/s)
MUL_MAT_VEC q6_K m=12288 n=5 k=5120: 1 x 127.74 us = 127.74 us (4924.72 GFLOPS/s)
MUL_MAT_VEC q6_K m=17408 n=5 k=5120: 2 x 131.04 us = 262.08 us (6801 GFLOPS/s)
MUL_MAT_VEC q8_0 m=5120 n=5 k=10240: 1 x 105.92 us = 105.92 us (4949.61 GFLOPS/s)
RMS_NORM_MUL RMS_NORM(256,24,5,1): 1 x 3.76 us = 3.76 us
RMS_NORM_MUL RMS_NORM(256,4,5,1): 1 x 3.6 us = 3.6 us
RMS_NORM_MUL RMS_NORM(5120,5,1,1): 5 x 10.778 us = 53.89 us
ROPE: 2 x 3.6 us = 7.2 us
SET_ROWS: 2 x 2.66 us = 5.32 us
SIGMOID_MUL SIGMOID: 1 x 1.72 us = 1.72 us
Total time: 876.3 us.
----------------
Vulkan Timings:
CONCAT: 1 x 4 us = 4 us
CONT: 1 x 3.52 us = 3.52 us
FLASH_ATTN_EXT dst(256,24,1,1),  q(256,1,24,1),  k(256,256,4,1),  v(256,256,4,1),  m(256,1,1,1): 1 x 12.44 us = 12.44 us (505.744 GFLOPS/s)
GET_ROWS: 2 x 10.03 us = 20.06 us
GLU: 1 x 1.6 us = 1.6 us
MUL_MAT f32 m=256 n=24 k=256: 1 x 1.48 us = 1.48 us (2121.34 GFLOPS/s)
MUL_MAT f32 m=64 n=16 k=64: 1 x 1.8 us = 1.8 us (72.2489 GFLOPS/s)
MUL_MAT f32 m=64 n=96 k=64: 1 x 3.24 us = 3.24 us (240.83 GFLOPS/s)
MUL_MAT_ADD MUL_MAT_VEC q6_K m=5120 n=1 k=17408: 1 x 129.04 us = 129.04 us (1381.38 GFLOPS/s)
MUL_MAT_ADD MUL_MAT_VEC q6_K m=5120 n=1 k=6144: 1 x 54.84 us = 54.84 us (1147.15 GFLOPS/s)
MUL_MAT_VEC f32 m=256 n=4 k=256: 1 x 3.04 us = 3.04 us (172.126 GFLOPS/s)
MUL_MAT_VEC q6_K m=1024 n=1 k=5120: 2 x 9.3 us = 18.6 us (1127.39 GFLOPS/s)
MUL_MAT_VEC q6_K m=12288 n=1 k=5120: 1 x 89.72 us = 89.72 us (1402.33 GFLOPS/s)
MUL_MAT_VEC q6_K m=17408 n=1 k=5120: 2 x 118.08 us = 236.16 us (1509.49 GFLOPS/s)
MUL_MAT_VEC q6_K m=98304 n=1 k=5120: 1 x 673.53 us = 673.53 us (1494.42 GFLOPS/s)
MUL_MAT_VEC q8_0 m=5120 n=1 k=10240: 1 x 94.52 us = 94.52 us (1109.32 GFLOPS/s)
PAD: 1 x 6.32 us = 6.32 us
RMS_NORM_MUL RMS_NORM(256,24,1,1): 1 x 3.16 us = 3.16 us
RMS_NORM_MUL RMS_NORM(256,4,1,1): 1 x 4.8 us = 4.8 us
RMS_NORM_MUL RMS_NORM(5120,1,1,1): 5 x 3.992 us = 19.96 us
ROPE: 2 x 3.3 us = 6.6 us
SET_ROWS: 2 x 2.6 us = 5.2 us
SIGMOID_MUL SIGMOID: 1 x 1.56 us = 1.56 us
TOP_K K=10 (98304,1,1,1): 1 x 8.8 us = 8.8 us
Total time: 1403.99 us.
----------------
Vulkan Timings:
CONCAT: 1 x 1.92 us = 1.92 us
CONT: 1 x 3.6 us = 3.6 us
FLASH_ATTN_EXT dst(256,24,1,1),  q(256,1,24,1),  k(256,256,4,1),  v(256,256,4,1),  m(256,1,1,1): 1 x 13 us = 13 us (483.958 GFLOPS/s)
GET_ROWS: 2 x 9.91 us = 19.82 us
GLU: 1 x 1.88 us = 1.88 us
MUL_MAT f32 m=256 n=24 k=256: 1 x 1.64 us = 1.64 us (1914.38 GFLOPS/s)
MUL_MAT f32 m=64 n=16 k=64: 1 x 3.6 us = 3.6 us (36.1244 GFLOPS/s)
MUL_MAT f32 m=64 n=96 k=64: 1 x 3.56 us = 3.56 us (219.182 GFLOPS/s)
MUL_MAT_ADD MUL_MAT_VEC q6_K m=5120 n=1 k=17408: 1 x 123.08 us = 123.08 us (1448.27 GFLOPS/s)
MUL_MAT_ADD MUL_MAT_VEC q6_K m=5120 n=1 k=6144: 1 x 53.32 us = 53.32 us (1179.85 GFLOPS/s)
MUL_MAT_VEC f32 m=256 n=4 k=256: 1 x 3.04 us = 3.04 us (172.126 GFLOPS/s)
MUL_MAT_VEC q6_K m=1024 n=1 k=5120: 2 x 9.18 us = 18.36 us (1142.13 GFLOPS/s)
MUL_MAT_VEC q6_K m=12288 n=1 k=5120: 1 x 86.08 us = 86.08 us (1461.63 GFLOPS/s)
MUL_MAT_VEC q6_K m=17408 n=1 k=5120: 2 x 121.34 us = 242.68 us (1468.93 GFLOPS/s)
MUL_MAT_VEC q6_K m=98304 n=1 k=5120: 1 x 672.78 us = 672.78 us (1496.08 GFLOPS/s)
MUL_MAT_VEC q8_0 m=5120 n=1 k=10240: 1 x 101.08 us = 101.08 us (1037.32 GFLOPS/s)
PAD: 1 x 6.28 us = 6.28 us
RMS_NORM_MUL RMS_NORM(256,24,1,1): 1 x 3.6 us = 3.6 us
RMS_NORM_MUL RMS_NORM(256,4,1,1): 1 x 3.6 us = 3.6 us
RMS_NORM_MUL RMS_NORM(5120,1,1,1): 5 x 4.192 us = 20.96 us
ROPE: 2 x 3.58 us = 7.16 us
SET_ROWS: 2 x 2.6 us = 5.2 us
SIGMOID_MUL SIGMOID: 1 x 1.68 us = 1.68 us
TOP_K K=10 (98304,1,1,1): 1 x 9.04 us = 9.04 us
Total time: 1406.96 us.
----------------
Vulkan Timings:
CONCAT: 1 x 3.76 us = 3.76 us
CONT: 1 x 3.6 us = 3.6 us
FLASH_ATTN_EXT dst(256,24,1,1),  q(256,1,24,1),  k(256,256,4,1),  v(256,256,4,1),  m(256,1,1,1): 1 x 12.84 us = 12.84 us (489.989 GFLOPS/s)
GET_ROWS: 2 x 4.14 us = 8.28 us
GLU: 1 x 1.72 us = 1.72 us
MUL_MAT f32 m=256 n=24 k=256: 1 x 1.64 us = 1.64 us (1914.38 GFLOPS/s)
MUL_MAT f32 m=64 n=16 k=64: 1 x 3.64 us = 3.64 us (35.7275 GFLOPS/s)
MUL_MAT f32 m=64 n=96 k=64: 1 x 3.6 us = 3.6 us (216.747 GFLOPS/s)
MUL_MAT_ADD MUL_MAT_VEC q6_K m=5120 n=1 k=17408: 1 x 124.32 us = 124.32 us (1433.82 GFLOPS/s)
MUL_MAT_ADD MUL_MAT_VEC q6_K m=5120 n=1 k=6144: 1 x 53.88 us = 53.88 us (1167.58 GFLOPS/s)
MUL_MAT_VEC f32 m=256 n=4 k=256: 1 x 3 us = 3 us (174.421 GFLOPS/s)
MUL_MAT_VEC q6_K m=1024 n=1 k=5120: 2 x 9.1 us = 18.2 us (1152.17 GFLOPS/s)
MUL_MAT_VEC q6_K m=12288 n=1 k=5120: 1 x 86 us = 86 us (1462.99 GFLOPS/s)
MUL_MAT_VEC q6_K m=17408 n=1 k=5120: 2 x 121.22 us = 242.44 us (1470.39 GFLOPS/s)
MUL_MAT_VEC q6_K m=98304 n=1 k=5120: 1 x 670.92 us = 670.92 us (1500.23 GFLOPS/s)
MUL_MAT_VEC q8_0 m=5120 n=1 k=10240: 1 x 101 us = 101 us (1038.14 GFLOPS/s)
PAD: 1 x 6.28 us = 6.28 us
RMS_NORM_MUL RMS_NORM(256,24,1,1): 1 x 3.6 us = 3.6 us
RMS_NORM_MUL RMS_NORM(256,4,1,1): 1 x 3.56 us = 3.56 us
RMS_NORM_MUL RMS_NORM(5120,1,1,1): 5 x 3.744 us = 18.72 us
ROPE: 2 x 3.56 us = 7.12 us
SET_ROWS: 2 x 2.64 us = 5.28 us
SIGMOID_MUL SIGMOID: 1 x 1.72 us = 1.72 us
TOP_K K=10 (98304,1,1,1): 1 x 8.96 us = 8.96 us
Total time: 1394.08 us.
----------------
Vulkan Timings:
CONCAT: 1 x 3.68 us = 3.68 us
CONT: 1 x 3.64 us = 3.64 us
FLASH_ATTN_EXT dst(256,24,1,1),  q(256,1,24,1),  k(256,256,4,1),  v(256,256,4,1),  m(256,1,1,1): 1 x 12.72 us = 12.72 us (494.611 GFLOPS/s)
GET_ROWS: 2 x 4.28 us = 8.56 us
GLU: 1 x 1.76 us = 1.76 us
MUL_MAT f32 m=256 n=24 k=256: 1 x 1.68 us = 1.68 us (1868.8 GFLOPS/s)
MUL_MAT f32 m=64 n=16 k=64: 1 x 3.56 us = 3.56 us (36.5303 GFLOPS/s)
MUL_MAT f32 m=64 n=96 k=64: 1 x 3.6 us = 3.6 us (216.747 GFLOPS/s)
MUL_MAT_ADD MUL_MAT_VEC q6_K m=5120 n=1 k=17408: 1 x 123.68 us = 123.68 us (1441.24 GFLOPS/s)
MUL_MAT_ADD MUL_MAT_VEC q6_K m=5120 n=1 k=6144: 1 x 54.12 us = 54.12 us (1162.41 GFLOPS/s)
MUL_MAT_VEC f32 m=256 n=4 k=256: 1 x 3 us = 3 us (174.421 GFLOPS/s)
MUL_MAT_VEC q6_K m=1024 n=1 k=5120: 2 x 9.02 us = 18.04 us (1162.39 GFLOPS/s)
MUL_MAT_VEC q6_K m=12288 n=1 k=5120: 1 x 85.84 us = 85.84 us (1465.71 GFLOPS/s)
MUL_MAT_VEC q6_K m=17408 n=1 k=5120: 2 x 121.52 us = 243.04 us (1466.76 GFLOPS/s)
MUL_MAT_VEC q6_K m=98304 n=1 k=5120: 1 x 672.72 us = 672.72 us (1496.22 GFLOPS/s)
MUL_MAT_VEC q8_0 m=5120 n=1 k=10240: 1 x 101 us = 101 us (1038.14 GFLOPS/s)
PAD: 1 x 6.28 us = 6.28 us
RMS_NORM_MUL RMS_NORM(256,24,1,1): 1 x 3.56 us = 3.56 us
RMS_NORM_MUL RMS_NORM(256,4,1,1): 1 x 3.56 us = 3.56 us
RMS_NORM_MUL RMS_NORM(5120,1,1,1): 5 x 3.688 us = 18.44 us
ROPE: 2 x 3.54 us = 7.08 us
SET_ROWS: 2 x 2.62 us = 5.24 us
SIGMOID_MUL SIGMOID: 1 x 1.88 us = 1.88 us
TOP_K K=10 (98304,1,1,1): 1 x 9 us = 9 us
Total time: 1395.68 us.
----------------
Vulkan Timings:
ADD: 48 x 3.72 us = 178.6 us
CONCAT: 48 x 2.472 us = 118.68 us
CONT: 16 x 3.78 us = 60.48 us
CPY: 240 x 2.221 us = 533.16 us
FLASH_ATTN_EXT dst(256,24,5,1),  q(256,5,24,1),  k(256,256,4,1),  v(256,256,4,1),  m(256,5,1,1): 16 x 20.632 us = 330.12 us (1524.65 GFLOPS/s)
GDN_CACHE GATED_DELTA_NET: 48 x 13.084 us = 628.04 us
GET_ROWS: 50 x 24.37 us = 1218.52 us
GLU: 64 x 2.911 us = 186.32 us
MUL_MAT f32 m=256 n=120 k=256: 16 x 1.787 us = 28.6 us (8782.05 GFLOPS/s)
MUL_MAT f32 m=256 n=20 k=256: 16 x 3.077 us = 49.24 us (850.145 GFLOPS/s)
MUL_MAT f32 m=64 n=480 k=64: 16 x 3.595 us = 57.52 us (1085.24 GFLOPS/s)
MUL_MAT f32 m=64 n=80 k=64: 16 x 3.327 us = 53.24 us (195.414 GFLOPS/s)
MUL_MAT_ADD MUL_MAT_VEC q6_K m=5120 n=5 k=17408: 64 x 138.06 us = 8835.84 us (6455.63 GFLOPS/s)
MUL_MAT_ADD MUL_MAT_VEC q6_K m=5120 n=5 k=6144: 16 x 59.195 us = 947.12 us (5313.75 GFLOPS/s)
MUL_MAT_VEC f32 m=48 n=5 k=5120: 96 x 3.419 us = 328.24 us (718.701 GFLOPS/s)
MUL_MAT_VEC q6_K m=1024 n=5 k=5120: 32 x 7.072 us = 226.32 us (7412.33 GFLOPS/s)
MUL_MAT_VEC q6_K m=10240 n=5 k=5120: 48 x 79.762 us = 3828.6 us (6572.47 GFLOPS/s)
MUL_MAT_VEC q6_K m=12288 n=5 k=5120: 16 x 98.495 us = 1575.92 us (6386.97 GFLOPS/s)
MUL_MAT_VEC q6_K m=17408 n=5 k=5120: 128 x 138.504 us = 17728.5 us (6434.49 GFLOPS/s)
MUL_MAT_VEC q6_K m=248320 n=5 k=5120: 1 x 1685.96 us = 1685.96 us (7540.36 GFLOPS/s)
MUL_MAT_VEC q6_K m=6144 n=5 k=5120: 48 x 53.335 us = 2560.12 us (5897.39 GFLOPS/s)
MUL_MAT_VEC q8_0 m=5120 n=5 k=6144: 48 x 63.024 us = 3025.16 us (4990.9 GFLOPS/s)
RMS_NORM_MUL RMS_NORM(256,24,5,1): 16 x 3.665 us = 58.64 us
RMS_NORM_MUL RMS_NORM(256,4,5,1): 16 x 4.265 us = 68.24 us
RMS_NORM_MUL RMS_NORM(5120,5,1,1): 129 x 4.595 us = 592.8 us
RMS_NORM_MUL_SILU_MUL RMS_NORM(128,48,5,1): 48 x 5.58 us = 267.84 us
RMS_NORM_SCALE RMS_NORM(128,16,5,1): 96 x 2.607 us = 250.28 us
ROPE: 32 x 3.8 us = 121.6 us
SET_ROWS: 32 x 2.928 us = 93.72 us
SIGMOID_MUL SIGMOID: 16 x 3.64 us = 58.24 us
SSM_CONV_SILU SSM_CONV: 48 x 5.555 us = 266.68 us
Total time: 45962.4 us.
----------------
Vulkan Timings:
CONCAT: 1 x 4 us = 4 us
CONT: 1 x 3.6 us = 3.6 us
FLASH_ATTN_EXT dst(256,24,5,1),  q(256,5,24,1),  k(256,256,4,1),  v(256,256,4,1),  m(256,5,1,1): 1 x 20.72 us = 20.72 us (1518.21 GFLOPS/s)
GLU: 1 x 1.48 us = 1.48 us
MUL_MAT f32 m=256 n=120 k=256: 1 x 1.72 us = 1.72 us (9126.7 GFLOPS/s)
MUL_MAT f32 m=256 n=20 k=256: 1 x 3.04 us = 3.04 us (860.632 GFLOPS/s)
MUL_MAT f32 m=64 n=480 k=64: 1 x 3.6 us = 3.6 us (1083.73 GFLOPS/s)
MUL_MAT f32 m=64 n=80 k=64: 1 x 3.6 us = 3.6 us (180.622 GFLOPS/s)
MUL_MAT_ADD MUL_MAT_VEC q6_K m=5120 n=5 k=17408: 1 x 167.9 us = 167.9 us (5308.3 GFLOPS/s)
MUL_MAT_ADD MUL_MAT_VEC q6_K m=5120 n=5 k=6144: 1 x 67.12 us = 67.12 us (4686.34 GFLOPS/s)
MUL_MAT_VEC q6_K m=1024 n=5 k=5120: 2 x 9.16 us = 18.32 us (5723.11 GFLOPS/s)
MUL_MAT_VEC q6_K m=12288 n=5 k=5120: 1 x 127.76 us = 127.76 us (4923.95 GFLOPS/s)
MUL_MAT_VEC q6_K m=17408 n=5 k=5120: 2 x 131.4 us = 262.8 us (6782.36 GFLOPS/s)
MUL_MAT_VEC q8_0 m=5120 n=5 k=10240: 1 x 105.32 us = 105.32 us (4977.8 GFLOPS/s)
RMS_NORM_MUL RMS_NORM(256,24,5,1): 1 x 3.76 us = 3.76 us
RMS_NORM_MUL RMS_NORM(256,4,5,1): 1 x 3.6 us = 3.6 us
RMS_NORM_MUL RMS_NORM(5120,5,1,1): 5 x 7.938 us = 39.69 us
ROPE: 2 x 3.6 us = 7.2 us
SET_ROWS: 2 x 2.66 us = 5.32 us
SIGMOID_MUL SIGMOID: 1 x 1.68 us = 1.68 us
Total time: 852.23 us.
----------------
Vulkan Timings:
CONCAT: 1 x 3.64 us = 3.64 us
CONT: 1 x 3.48 us = 3.48 us
FLASH_ATTN_EXT dst(256,24,1,1),  q(256,1,24,1),  k(256,256,4,1),  v(256,256,4,1),  m(256,1,1,1): 1 x 12.52 us = 12.52 us (502.512 GFLOPS/s)
GET_ROWS: 2 x 4.3 us = 8.6 us
GLU: 1 x 1.6 us = 1.6 us
MUL_MAT f32 m=256 n=24 k=256: 1 x 1.56 us = 1.56 us (2012.55 GFLOPS/s)
MUL_MAT f32 m=64 n=16 k=64: 1 x 1.8 us = 1.8 us (72.2489 GFLOPS/s)
MUL_MAT f32 m=64 n=96 k=64: 1 x 3.16 us = 3.16 us (246.927 GFLOPS/s)
MUL_MAT_ADD MUL_MAT_VEC q6_K m=5120 n=1 k=17408: 1 x 130.76 us = 130.76 us (1363.21 GFLOPS/s)
MUL_MAT_ADD MUL_MAT_VEC q6_K m=5120 n=1 k=6144: 1 x 54 us = 54 us (1164.99 GFLOPS/s)
MUL_MAT_VEC f32 m=256 n=4 k=256: 1 x 3 us = 3 us (174.421 GFLOPS/s)
MUL_MAT_VEC q6_K m=1024 n=1 k=5120: 2 x 9.46 us = 18.92 us (1108.32 GFLOPS/s)
MUL_MAT_VEC q6_K m=12288 n=1 k=5120: 1 x 90.32 us = 90.32 us (1393.01 GFLOPS/s)
MUL_MAT_VEC q6_K m=17408 n=1 k=5120: 2 x 120.66 us = 241.32 us (1477.21 GFLOPS/s)
MUL_MAT_VEC q6_K m=98304 n=1 k=5120: 1 x 672.43 us = 672.43 us (1496.86 GFLOPS/s)
MUL_MAT_VEC q8_0 m=5120 n=1 k=10240: 1 x 91.36 us = 91.36 us (1147.68 GFLOPS/s)
PAD: 1 x 6.36 us = 6.36 us
RMS_NORM_MUL RMS_NORM(256,24,1,1): 1 x 3.16 us = 3.16 us
RMS_NORM_MUL RMS_NORM(256,4,1,1): 1 x 4.84 us = 4.84 us
RMS_NORM_MUL RMS_NORM(5120,1,1,1): 5 x 4.416 us = 22.08 us
ROPE: 2 x 3.32 us = 6.64 us
SET_ROWS: 2 x 2.62 us = 5.24 us
SIGMOID_MUL SIGMOID: 1 x 1.8 us = 1.8 us
TOP_K K=10 (98304,1,1,1): 1 x 8.96 us = 8.96 us
Total time: 1397.55 us.
----------------
Vulkan Timings:
CONCAT: 1 x 3.72 us = 3.72 us
CONT: 1 x 3.6 us = 3.6 us
FLASH_ATTN_EXT dst(256,24,1,1),  q(256,1,24,1),  k(256,256,4,1),  v(256,256,4,1),  m(256,1,1,1): 1 x 12.8 us = 12.8 us (491.52 GFLOPS/s)
GET_ROWS: 2 x 4.16 us = 8.32 us
GLU: 1 x 1.8 us = 1.8 us
MUL_MAT f32 m=256 n=24 k=256: 1 x 1.6 us = 1.6 us (1962.24 GFLOPS/s)
MUL_MAT f32 m=64 n=16 k=64: 1 x 3.6 us = 3.6 us (36.1244 GFLOPS/s)
MUL_MAT f32 m=64 n=96 k=64: 1 x 3.6 us = 3.6 us (216.747 GFLOPS/s)
MUL_MAT_ADD MUL_MAT_VEC q6_K m=5120 n=1 k=17408: 1 x 123.12 us = 123.12 us (1447.8 GFLOPS/s)
MUL_MAT_ADD MUL_MAT_VEC q6_K m=5120 n=1 k=6144: 1 x 53.68 us = 53.68 us (1171.93 GFLOPS/s)
MUL_MAT_VEC f32 m=256 n=4 k=256: 1 x 3.04 us = 3.04 us (172.126 GFLOPS/s)
MUL_MAT_VEC q6_K m=1024 n=1 k=5120: 2 x 9.26 us = 18.52 us (1132.26 GFLOPS/s)
MUL_MAT_VEC q6_K m=12288 n=1 k=5120: 1 x 85.44 us = 85.44 us (1472.58 GFLOPS/s)
MUL_MAT_VEC q6_K m=17408 n=1 k=5120: 2 x 121.38 us = 242.76 us (1468.45 GFLOPS/s)
MUL_MAT_VEC q6_K m=98304 n=1 k=5120: 1 x 672.66 us = 672.66 us (1496.35 GFLOPS/s)
MUL_MAT_VEC q8_0 m=5120 n=1 k=10240: 1 x 100.88 us = 100.88 us (1039.38 GFLOPS/s)
PAD: 1 x 6.32 us = 6.32 us
RMS_NORM_MUL RMS_NORM(256,24,1,1): 1 x 3.6 us = 3.6 us
RMS_NORM_MUL RMS_NORM(256,4,1,1): 1 x 3.56 us = 3.56 us
RMS_NORM_MUL RMS_NORM(5120,1,1,1): 5 x 3.776 us = 18.88 us
ROPE: 2 x 3.58 us = 7.16 us
SET_ROWS: 2 x 2.64 us = 5.28 us
SIGMOID_MUL SIGMOID: 1 x 1.72 us = 1.72 us
TOP_K K=10 (98304,1,1,1): 1 x 8.84 us = 8.84 us
Total time: 1394.5 us.
----------------
Vulkan Timings:
CONCAT: 1 x 3.76 us = 3.76 us
CONT: 1 x 3.6 us = 3.6 us
FLASH_ATTN_EXT dst(256,24,1,1),  q(256,1,24,1),  k(256,256,4,1),  v(256,256,4,1),  m(256,1,1,1): 1 x 13 us = 13 us (483.958 GFLOPS/s)
GET_ROWS: 2 x 4.42 us = 8.84 us
GLU: 1 x 1.88 us = 1.88 us
MUL_MAT f32 m=256 n=24 k=256: 1 x 1.64 us = 1.64 us (1914.38 GFLOPS/s)
MUL_MAT f32 m=64 n=16 k=64: 1 x 3.6 us = 3.6 us (36.1244 GFLOPS/s)
MUL_MAT f32 m=64 n=96 k=64: 1 x 3.6 us = 3.6 us (216.747 GFLOPS/s)
MUL_MAT_ADD MUL_MAT_VEC q6_K m=5120 n=1 k=17408: 1 x 123.84 us = 123.84 us (1439.38 GFLOPS/s)
MUL_MAT_ADD MUL_MAT_VEC q6_K m=5120 n=1 k=6144: 1 x 55.08 us = 55.08 us (1142.15 GFLOPS/s)
MUL_MAT_VEC f32 m=256 n=4 k=256: 1 x 3 us = 3 us (174.421 GFLOPS/s)
MUL_MAT_VEC q6_K m=1024 n=1 k=5120: 2 x 8.98 us = 17.96 us (1167.57 GFLOPS/s)
MUL_MAT_VEC q6_K m=12288 n=1 k=5120: 1 x 85.68 us = 85.68 us (1468.45 GFLOPS/s)
MUL_MAT_VEC q6_K m=17408 n=1 k=5120: 2 x 121.56 us = 243.12 us (1466.28 GFLOPS/s)
MUL_MAT_VEC q6_K m=98304 n=1 k=5120: 1 x 673.16 us = 673.16 us (1495.24 GFLOPS/s)
MUL_MAT_VEC q8_0 m=5120 n=1 k=10240: 1 x 101.08 us = 101.08 us (1037.32 GFLOPS/s)
PAD: 1 x 6.28 us = 6.28 us
RMS_NORM_MUL RMS_NORM(256,24,1,1): 1 x 3.56 us = 3.56 us
RMS_NORM_MUL RMS_NORM(256,4,1,1): 1 x 3.56 us = 3.56 us
RMS_NORM_MUL RMS_NORM(5120,1,1,1): 5 x 3.664 us = 18.32 us
ROPE: 2 x 3.56 us = 7.12 us
SET_ROWS: 2 x 2.64 us = 5.28 us
SIGMOID_MUL SIGMOID: 1 x 1.92 us = 1.92 us
TOP_K K=10 (98304,1,1,1): 1 x 8.8 us = 8.8 us
Total time: 1397.68 us.
----------------
Vulkan Timings:
CONCAT: 1 x 3.96 us = 3.96 us
CONT: 1 x 3.6 us = 3.6 us
FLASH_ATTN_EXT dst(256,24,1,1),  q(256,1,24,1),  k(256,256,4,1),  v(256,256,4,1),  m(256,1,1,1): 1 x 12.72 us = 12.72 us (494.611 GFLOPS/s)
GET_ROWS: 2 x 4.16 us = 8.32 us
GLU: 1 x 1.84 us = 1.84 us
MUL_MAT f32 m=256 n=24 k=256: 1 x 1.68 us = 1.68 us (1868.8 GFLOPS/s)
MUL_MAT f32 m=64 n=16 k=64: 1 x 3.6 us = 3.6 us (36.1244 GFLOPS/s)
MUL_MAT f32 m=64 n=96 k=64: 1 x 3.56 us = 3.56 us (219.182 GFLOPS/s)
MUL_MAT_ADD MUL_MAT_VEC q6_K m=5120 n=1 k=17408: 1 x 123.76 us = 123.76 us (1440.31 GFLOPS/s)
MUL_MAT_ADD MUL_MAT_VEC q6_K m=5120 n=1 k=6144: 1 x 54 us = 54 us (1164.99 GFLOPS/s)
MUL_MAT_VEC f32 m=256 n=4 k=256: 1 x 3 us = 3 us (174.421 GFLOPS/s)
MUL_MAT_VEC q6_K m=1024 n=1 k=5120: 2 x 9.06 us = 18.12 us (1157.26 GFLOPS/s)
MUL_MAT_VEC q6_K m=12288 n=1 k=5120: 1 x 86.12 us = 86.12 us (1460.95 GFLOPS/s)
MUL_MAT_VEC q6_K m=17408 n=1 k=5120: 2 x 121.42 us = 242.84 us (1467.97 GFLOPS/s)
MUL_MAT_VEC q6_K m=98304 n=1 k=5120: 1 x 672.73 us = 672.73 us (1496.19 GFLOPS/s)
MUL_MAT_VEC q8_0 m=5120 n=1 k=10240: 1 x 101.32 us = 101.32 us (1034.86 GFLOPS/s)
PAD: 1 x 8.4 us = 8.4 us
RMS_NORM_MUL RMS_NORM(256,24,1,1): 1 x 3.6 us = 3.6 us
RMS_NORM_MUL RMS_NORM(256,4,1,1): 1 x 3.6 us = 3.6 us
RMS_NORM_MUL RMS_NORM(5120,1,1,1): 5 x 3.656 us = 18.28 us
ROPE: 2 x 3.56 us = 7.12 us
SET_ROWS: 2 x 2.64 us = 5.28 us
SIGMOID_MUL SIGMOID: 1 x 1.68 us = 1.68 us
TOP_K K=10 (98304,1,1,1): 1 x 6.48 us = 6.48 us
Total time: 1395.61 us.
----------------
Vulkan Timings:
ADD: 48 x 3.706 us = 177.92 us
CONCAT: 48 x 2.413 us = 115.84 us
CONT: 16 x 3.757 us = 60.12 us
CPY: 240 x 2.225 us = 534.2 us
FLASH_ATTN_EXT dst(256,24,5,1),  q(256,5,24,1),  k(256,256,4,1),  v(256,256,4,1),  m(256,5,1,1): 16 x 20.54 us = 328.64 us (1531.51 GFLOPS/s)
GDN_CACHE GATED_DELTA_NET: 48 x 12.994 us = 623.72 us
GET_ROWS: 50 x 24.349 us = 1217.48 us
GLU: 64 x 2.891 us = 185.04 us
MUL_MAT f32 m=256 n=120 k=256: 16 x 1.807 us = 28.92 us (8684.88 GFLOPS/s)
MUL_MAT f32 m=256 n=20 k=256: 16 x 3.045 us = 48.72 us (859.218 GFLOPS/s)
MUL_MAT f32 m=64 n=480 k=64: 16 x 3.567 us = 57.08 us (1093.61 GFLOPS/s)
MUL_MAT f32 m=64 n=80 k=64: 16 x 3.227 us = 51.64 us (201.469 GFLOPS/s)
MUL_MAT_ADD MUL_MAT_VEC q6_K m=5120 n=5 k=17408: 64 x 137.91 us = 8826.28 us (6462.62 GFLOPS/s)
MUL_MAT_ADD MUL_MAT_VEC q6_K m=5120 n=5 k=6144: 16 x 59.397 us = 950.36 us (5295.63 GFLOPS/s)
MUL_MAT_VEC f32 m=48 n=5 k=5120: 96 x 3.334 us = 320.08 us (737.024 GFLOPS/s)
MUL_MAT_VEC q6_K m=1024 n=5 k=5120: 32 x 7.05 us = 225.6 us (7435.98 GFLOPS/s)
MUL_MAT_VEC q6_K m=10240 n=5 k=5120: 48 x 79.8 us = 3830.4 us (6569.38 GFLOPS/s)
MUL_MAT_VEC q6_K m=12288 n=5 k=5120: 16 x 98.725 us = 1579.6 us (6372.09 GFLOPS/s)
MUL_MAT_VEC q6_K m=17408 n=5 k=5120: 128 x 138.007 us = 17665 us (6457.64 GFLOPS/s)
MUL_MAT_VEC q6_K m=248320 n=5 k=5120: 1 x 1685.68 us = 1685.68 us (7541.61 GFLOPS/s)
MUL_MAT_VEC q6_K m=6144 n=5 k=5120: 48 x 53.25 us = 2556 us (5906.89 GFLOPS/s)
MUL_MAT_VEC q8_0 m=5120 n=5 k=6144: 48 x 63.05 us = 3026.44 us (4988.79 GFLOPS/s)
RMS_NORM_MUL RMS_NORM(256,24,5,1): 16 x 3.652 us = 58.44 us
RMS_NORM_MUL RMS_NORM(256,4,5,1): 16 x 4.325 us = 69.2 us
RMS_NORM_MUL RMS_NORM(5120,5,1,1): 129 x 4.556 us = 587.76 us
RMS_NORM_MUL_SILU_MUL RMS_NORM(128,48,5,1): 48 x 5.549 us = 266.36 us
RMS_NORM_SCALE RMS_NORM(128,16,5,1): 96 x 2.642 us = 253.72 us
ROPE: 32 x 3.785 us = 121.12 us
SET_ROWS: 32 x 2.913 us = 93.24 us
SIGMOID_MUL SIGMOID: 16 x 3.627 us = 58.04 us
SSM_CONV_SILU SSM_CONV: 48 x 5.54 us = 265.96 us
Total time: 45868.6 us.
----------------
Vulkan Timings:
CONCAT: 1 x 3.92 us = 3.92 us
CONT: 1 x 3.64 us = 3.64 us
FLASH_ATTN_EXT dst(256,24,5,1),  q(256,5,24,1),  k(256,256,4,1),  v(256,256,4,1),  m(256,5,1,1): 1 x 20.72 us = 20.72 us (1518.21 GFLOPS/s)
GLU: 1 x 1.72 us = 1.72 us
MUL_MAT f32 m=256 n=120 k=256: 1 x 1.68 us = 1.68 us (9344 GFLOPS/s)
MUL_MAT f32 m=256 n=20 k=256: 1 x 3 us = 3 us (872.107 GFLOPS/s)
MUL_MAT f32 m=64 n=480 k=64: 1 x 3.64 us = 3.64 us (1071.82 GFLOPS/s)
MUL_MAT f32 m=64 n=80 k=64: 1 x 3.56 us = 3.56 us (182.652 GFLOPS/s)
MUL_MAT_ADD MUL_MAT_VEC q6_K m=5120 n=5 k=17408: 1 x 163.83 us = 163.83 us (5440.18 GFLOPS/s)
MUL_MAT_ADD MUL_MAT_VEC q6_K m=5120 n=5 k=6144: 1 x 67.08 us = 67.08 us (4689.14 GFLOPS/s)
MUL_MAT_VEC q6_K m=1024 n=5 k=5120: 2 x 8.66 us = 17.32 us (6053.54 GFLOPS/s)
MUL_MAT_VEC q6_K m=12288 n=5 k=5120: 1 x 125.3 us = 125.3 us (5020.62 GFLOPS/s)
MUL_MAT_VEC q6_K m=17408 n=5 k=5120: 2 x 131.22 us = 262.44 us (6791.67 GFLOPS/s)
MUL_MAT_VEC q8_0 m=5120 n=5 k=10240: 1 x 104.96 us = 104.96 us (4994.88 GFLOPS/s)
RMS_NORM_MUL RMS_NORM(256,24,5,1): 1 x 5.64 us = 5.64 us
RMS_NORM_MUL RMS_NORM(256,4,5,1): 1 x 3.6 us = 3.6 us
RMS_NORM_MUL RMS_NORM(5120,5,1,1): 5 x 8.006 us = 40.03 us
ROPE: 2 x 3.6 us = 7.2 us
SET_ROWS: 2 x 2.64 us = 5.28 us
SIGMOID_MUL SIGMOID: 1 x 1.76 us = 1.76 us
Total time: 846.32 us.
----------------
Vulkan Timings:
CONCAT: 1 x 3.56 us = 3.56 us
CONT: 1 x 3.48 us = 3.48 us
FLASH_ATTN_EXT dst(256,24,1,1),  q(256,1,24,1),  k(256,256,4,1),  v(256,256,4,1),  m(256,1,1,1): 1 x 12.4 us = 12.4 us (507.375 GFLOPS/s)
GET_ROWS: 2 x 6.18 us = 12.36 us
GLU: 1 x 1.52 us = 1.52 us
MUL_MAT f32 m=256 n=24 k=256: 1 x 1.52 us = 1.52 us (2065.52 GFLOPS/s)
MUL_MAT f32 m=64 n=16 k=64: 1 x 1.84 us = 1.84 us (70.6783 GFLOPS/s)
MUL_MAT f32 m=64 n=96 k=64: 1 x 3.16 us = 3.16 us (246.927 GFLOPS/s)
MUL_MAT_ADD MUL_MAT_VEC q6_K m=5120 n=1 k=17408: 1 x 129.08 us = 129.08 us (1380.95 GFLOPS/s)
MUL_MAT_ADD MUL_MAT_VEC q6_K m=5120 n=1 k=6144: 1 x 53.8 us = 53.8 us (1169.32 GFLOPS/s)
MUL_MAT_VEC f32 m=256 n=4 k=256: 1 x 3 us = 3 us (174.421 GFLOPS/s)
MUL_MAT_VEC q6_K m=1024 n=1 k=5120: 2 x 9.34 us = 18.68 us (1122.56 GFLOPS/s)
MUL_MAT_VEC q6_K m=12288 n=1 k=5120: 1 x 90.16 us = 90.16 us (1395.48 GFLOPS/s)
MUL_MAT_VEC q6_K m=17408 n=1 k=5120: 2 x 117.7 us = 235.4 us (1514.36 GFLOPS/s)
MUL_MAT_VEC q6_K m=98304 n=1 k=5120: 1 x 672.41 us = 672.41 us (1496.91 GFLOPS/s)
MUL_MAT_VEC q8_0 m=5120 n=1 k=10240: 1 x 92.84 us = 92.84 us (1129.39 GFLOPS/s)
PAD: 1 x 4.88 us = 4.88 us
RMS_NORM_MUL RMS_NORM(256,24,1,1): 1 x 3.2 us = 3.2 us
RMS_NORM_MUL RMS_NORM(256,4,1,1): 1 x 4.8 us = 4.8 us
RMS_NORM_MUL RMS_NORM(5120,1,1,1): 5 x 4.048 us = 20.24 us
ROPE: 2 x 3.3 us = 6.6 us
SET_ROWS: 2 x 2.56 us = 5.12 us
SIGMOID_MUL SIGMOID: 1 x 1.6 us = 1.6 us
TOP_K K=10 (98304,1,1,1): 1 x 8.88 us = 8.88 us
Total time: 1390.53 us.
----------------
Vulkan Timings:
CONCAT: 1 x 3.72 us = 3.72 us
CONT: 1 x 3.64 us = 3.64 us
FLASH_ATTN_EXT dst(256,24,1,1),  q(256,1,24,1),  k(256,256,4,1),  v(256,256,4,1),  m(256,1,1,1): 1 x 12.96 us = 12.96 us (485.452 GFLOPS/s)
GET_ROWS: 2 x 4.28 us = 8.56 us
GLU: 1 x 1.8 us = 1.8 us
MUL_MAT f32 m=256 n=24 k=256: 1 x 1.68 us = 1.68 us (1868.8 GFLOPS/s)
MUL_MAT f32 m=64 n=16 k=64: 1 x 3.56 us = 3.56 us (36.5303 GFLOPS/s)
MUL_MAT f32 m=64 n=96 k=64: 1 x 3.6 us = 3.6 us (216.747 GFLOPS/s)
MUL_MAT_ADD MUL_MAT_VEC q6_K m=5120 n=1 k=17408: 1 x 123.28 us = 123.28 us (1445.92 GFLOPS/s)
MUL_MAT_ADD MUL_MAT_VEC q6_K m=5120 n=1 k=6144: 1 x 54.16 us = 54.16 us (1161.55 GFLOPS/s)
MUL_MAT_VEC f32 m=256 n=4 k=256: 1 x 3.04 us = 3.04 us (172.126 GFLOPS/s)
MUL_MAT_VEC q6_K m=1024 n=1 k=5120: 2 x 9.08 us = 18.16 us (1154.71 GFLOPS/s)
MUL_MAT_VEC q6_K m=12288 n=1 k=5120: 1 x 85.88 us = 85.88 us (1465.03 GFLOPS/s)
MUL_MAT_VEC q6_K m=17408 n=1 k=5120: 2 x 121.32 us = 242.64 us (1469.18 GFLOPS/s)
MUL_MAT_VEC q6_K m=98304 n=1 k=5120: 1 x 672.74 us = 672.74 us (1496.17 GFLOPS/s)
MUL_MAT_VEC q8_0 m=5120 n=1 k=10240: 1 x 100.76 us = 100.76 us (1040.62 GFLOPS/s)
PAD: 1 x 6.28 us = 6.28 us
RMS_NORM_MUL RMS_NORM(256,24,1,1): 1 x 3.6 us = 3.6 us
RMS_NORM_MUL RMS_NORM(256,4,1,1): 1 x 3.56 us = 3.56 us
RMS_NORM_MUL RMS_NORM(5120,1,1,1): 5 x 3.736 us = 18.68 us
ROPE: 2 x 3.56 us = 7.12 us
SET_ROWS: 2 x 2.66 us = 5.32 us
SIGMOID_MUL SIGMOID: 1 x 1.72 us = 1.72 us
TOP_K K=10 (98304,1,1,1): 1 x 8.68 us = 8.68 us
Total time: 1395.14 us.
----------------
Vulkan Timings:
CONCAT: 1 x 3.76 us = 3.76 us
CONT: 1 x 3.56 us = 3.56 us
FLASH_ATTN_EXT dst(256,24,1,1),  q(256,1,24,1),  k(256,256,4,1),  v(256,256,4,1),  m(256,1,1,1): 1 x 12.76 us = 12.76 us (493.061 GFLOPS/s)
GET_ROWS: 2 x 4.18 us = 8.36 us
GLU: 1 x 1.8 us = 1.8 us
MUL_MAT f32 m=256 n=24 k=256: 1 x 1.64 us = 1.64 us (1914.38 GFLOPS/s)
MUL_MAT f32 m=64 n=16 k=64: 1 x 3.6 us = 3.6 us (36.1244 GFLOPS/s)
MUL_MAT f32 m=64 n=96 k=64: 1 x 3.56 us = 3.56 us (219.182 GFLOPS/s)
MUL_MAT_ADD MUL_MAT_VEC q6_K m=5120 n=1 k=17408: 1 x 123 us = 123 us (1449.21 GFLOPS/s)
MUL_MAT_ADD MUL_MAT_VEC q6_K m=5120 n=1 k=6144: 1 x 54.16 us = 54.16 us (1161.55 GFLOPS/s)
MUL_MAT_VEC f32 m=256 n=4 k=256: 1 x 3.04 us = 3.04 us (172.126 GFLOPS/s)
MUL_MAT_VEC q6_K m=1024 n=1 k=5120: 2 x 9.26 us = 18.52 us (1132.26 GFLOPS/s)
MUL_MAT_VEC q6_K m=12288 n=1 k=5120: 1 x 85.48 us = 85.48 us (1471.89 GFLOPS/s)
MUL_MAT_VEC q6_K m=17408 n=1 k=5120: 2 x 121.3 us = 242.6 us (1469.42 GFLOPS/s)
MUL_MAT_VEC q6_K m=98304 n=1 k=5120: 1 x 672.65 us = 672.65 us (1496.37 GFLOPS/s)
MUL_MAT_VEC q8_0 m=5120 n=1 k=10240: 1 x 100.68 us = 100.68 us (1041.44 GFLOPS/s)
PAD: 1 x 6.24 us = 6.24 us
RMS_NORM_MUL RMS_NORM(256,24,1,1): 1 x 3.6 us = 3.6 us
RMS_NORM_MUL RMS_NORM(256,4,1,1): 1 x 3.56 us = 3.56 us
RMS_NORM_MUL RMS_NORM(5120,1,1,1): 5 x 3.696 us = 18.48 us
ROPE: 2 x 3.58 us = 7.16 us
SET_ROWS: 2 x 2.64 us = 5.28 us
SIGMOID_MUL SIGMOID: 1 x 1.68 us = 1.68 us
TOP_K K=10 (98304,1,1,1): 1 x 8.68 us = 8.68 us
Total time: 1393.85 us.
----------------
Vulkan Timings:
CONCAT: 1 x 3.72 us = 3.72 us
CONT: 1 x 3.6 us = 3.6 us
FLASH_ATTN_EXT dst(256,24,1,1),  q(256,1,24,1),  k(256,256,4,1),  v(256,256,4,1),  m(256,1,1,1): 1 x 12.88 us = 12.88 us (488.467 GFLOPS/s)
GET_ROWS: 2 x 4.16 us = 8.32 us
GLU: 1 x 1.8 us = 1.8 us
MUL_MAT f32 m=256 n=24 k=256: 1 x 1.64 us = 1.64 us (1914.38 GFLOPS/s)
MUL_MAT f32 m=64 n=16 k=64: 1 x 3.56 us = 3.56 us (36.5303 GFLOPS/s)
MUL_MAT f32 m=64 n=96 k=64: 1 x 3.56 us = 3.56 us (219.182 GFLOPS/s)
MUL_MAT_ADD MUL_MAT_VEC q6_K m=5120 n=1 k=17408: 1 x 123.4 us = 123.4 us (1444.51 GFLOPS/s)
MUL_MAT_ADD MUL_MAT_VEC q6_K m=5120 n=1 k=6144: 1 x 50.44 us = 50.44 us (1247.21 GFLOPS/s)
MUL_MAT_VEC f32 m=256 n=4 k=256: 1 x 3 us = 3 us (174.421 GFLOPS/s)
MUL_MAT_VEC q6_K m=1024 n=1 k=5120: 2 x 9.1 us = 18.2 us (1152.17 GFLOPS/s)
MUL_MAT_VEC q6_K m=12288 n=1 k=5120: 1 x 85.72 us = 85.72 us (1467.77 GFLOPS/s)
MUL_MAT_VEC q6_K m=17408 n=1 k=5120: 2 x 121.34 us = 242.68 us (1468.93 GFLOPS/s)
MUL_MAT_VEC q6_K m=98304 n=1 k=5120: 1 x 671.39 us = 671.39 us (1499.18 GFLOPS/s)
MUL_MAT_VEC q8_0 m=5120 n=1 k=10240: 1 x 101.16 us = 101.16 us (1036.5 GFLOPS/s)
PAD: 1 x 6.28 us = 6.28 us
RMS_NORM_MUL RMS_NORM(256,24,1,1): 1 x 3.6 us = 3.6 us
RMS_NORM_MUL RMS_NORM(256,4,1,1): 1 x 3.56 us = 3.56 us
RMS_NORM_MUL RMS_NORM(5120,1,1,1): 5 x 4.248 us = 21.24 us
ROPE: 2 x 3.54 us = 7.08 us
SET_ROWS: 2 x 2.62 us = 5.24 us
SIGMOID_MUL SIGMOID: 1 x 1.68 us = 1.68 us
TOP_K K=10 (98304,1,1,1): 1 x 8.96 us = 8.96 us
Total time: 1392.71 us.
----------------
Vulkan Timings:
ADD: 48 x 3.715 us = 178.36 us
CONCAT: 48 x 2.455 us = 117.88 us
CONT: 16 x 3.762 us = 60.2 us
CPY: 240 x 2.206 us = 529.56 us
FLASH_ATTN_EXT dst(256,24,5,1),  q(256,5,24,1),  k(256,256,4,1),  v(256,256,4,1),  m(256,5,1,1): 16 x 20.585 us = 329.36 us (1528.17 GFLOPS/s)
GDN_CACHE GATED_DELTA_NET: 48 x 13.179 us = 632.6 us
GET_ROWS: 50 x 24.38 us = 1219.04 us
GLU: 64 x 2.935 us = 187.88 us
MUL_MAT f32 m=256 n=120 k=256: 16 x 1.795 us = 28.72 us (8745.36 GFLOPS/s)
MUL_MAT f32 m=256 n=20 k=256: 16 x 3.065 us = 49.04 us (853.612 GFLOPS/s)
MUL_MAT f32 m=64 n=480 k=64: 16 x 3.582 us = 57.32 us (1089.03 GFLOPS/s)
MUL_MAT f32 m=64 n=80 k=64: 16 x 3.232 us = 51.72 us (201.157 GFLOPS/s)
MUL_MAT_ADD MUL_MAT_VEC q6_K m=5120 n=5 k=17408: 64 x 137.76 us = 8816.68 us (6469.66 GFLOPS/s)
MUL_MAT_ADD MUL_MAT_VEC q6_K m=5120 n=5 k=6144: 16 x 60.29 us = 964.64 us (5217.24 GFLOPS/s)
MUL_MAT_VEC f32 m=48 n=5 k=5120: 96 x 3.41 us = 327.44 us (720.457 GFLOPS/s)
MUL_MAT_VEC q6_K m=1024 n=5 k=5120: 32 x 6.992 us = 223.76 us (7497.13 GFLOPS/s)
MUL_MAT_VEC q6_K m=10240 n=5 k=5120: 48 x 79.882 us = 3834.36 us (6562.6 GFLOPS/s)
MUL_MAT_VEC q6_K m=12288 n=5 k=5120: 16 x 98.585 us = 1577.36 us (6381.13 GFLOPS/s)
MUL_MAT_VEC q6_K m=17408 n=5 k=5120: 128 x 138.585 us = 17738.9 us (6430.73 GFLOPS/s)
MUL_MAT_VEC q6_K m=248320 n=5 k=5120: 1 x 1687.68 us = 1687.68 us (7532.67 GFLOPS/s)
MUL_MAT_VEC q6_K m=6144 n=5 k=5120: 48 x 53.334 us = 2560.04 us (5897.57 GFLOPS/s)
MUL_MAT_VEC q8_0 m=5120 n=5 k=6144: 48 x 63.041 us = 3026 us (4989.51 GFLOPS/s)
RMS_NORM_MUL RMS_NORM(256,24,5,1): 16 x 3.667 us = 58.68 us
RMS_NORM_MUL RMS_NORM(256,4,5,1): 16 x 4.34 us = 69.44 us
RMS_NORM_MUL RMS_NORM(5120,5,1,1): 129 x 4.555 us = 587.72 us
RMS_NORM_MUL_SILU_MUL RMS_NORM(128,48,5,1): 48 x 5.563 us = 267.04 us
RMS_NORM_SCALE RMS_NORM(128,16,5,1): 96 x 2.626 us = 252.16 us
ROPE: 32 x 3.792 us = 121.36 us
SET_ROWS: 32 x 2.917 us = 93.36 us
SIGMOID_MUL SIGMOID: 16 x 3.62 us = 57.92 us
SSM_CONV_SILU SSM_CONV: 48 x 5.579 us = 267.8 us
Total time: 45974 us.
----------------
Vulkan Timings:
CONCAT: 1 x 3.92 us = 3.92 us
CONT: 1 x 3.64 us = 3.64 us
FLASH_ATTN_EXT dst(256,24,5,1),  q(256,5,24,1),  k(256,256,4,1),  v(256,256,4,1),  m(256,5,1,1): 1 x 20.8 us = 20.8 us (1512.37 GFLOPS/s)
GLU: 1 x 1.52 us = 1.52 us
MUL_MAT f32 m=256 n=120 k=256: 1 x 1.72 us = 1.72 us (9126.7 GFLOPS/s)
MUL_MAT f32 m=256 n=20 k=256: 1 x 3.04 us = 3.04 us (860.632 GFLOPS/s)
MUL_MAT f32 m=64 n=480 k=64: 1 x 3.68 us = 3.68 us (1060.17 GFLOPS/s)
MUL_MAT f32 m=64 n=80 k=64: 1 x 3.6 us = 3.6 us (180.622 GFLOPS/s)
MUL_MAT_ADD MUL_MAT_VEC q6_K m=5120 n=5 k=17408: 1 x 165.61 us = 165.61 us (5381.7 GFLOPS/s)
MUL_MAT_ADD MUL_MAT_VEC q6_K m=5120 n=5 k=6144: 1 x 67 us = 67 us (4694.73 GFLOPS/s)
MUL_MAT_VEC q6_K m=1024 n=5 k=5120: 2 x 9.6 us = 19.2 us (5460.8 GFLOPS/s)
MUL_MAT_VEC q6_K m=12288 n=5 k=5120: 1 x 124.86 us = 124.86 us (5038.32 GFLOPS/s)
MUL_MAT_VEC q6_K m=17408 n=5 k=5120: 2 x 131.2 us = 262.4 us (6792.7 GFLOPS/s)
MUL_MAT_VEC q8_0 m=5120 n=5 k=10240: 1 x 107.44 us = 107.44 us (4879.58 GFLOPS/s)
RMS_NORM_MUL RMS_NORM(256,24,5,1): 1 x 3.72 us = 3.72 us
RMS_NORM_MUL RMS_NORM(256,4,5,1): 1 x 3.6 us = 3.6 us
RMS_NORM_MUL RMS_NORM(5120,5,1,1): 5 x 7.848 us = 39.24 us
ROPE: 2 x 3.62 us = 7.24 us
SET_ROWS: 2 x 2.66 us = 5.32 us
SIGMOID_MUL SIGMOID: 1 x 1.68 us = 1.68 us
Total time: 849.23 us.
----------------
Vulkan Timings:
CONCAT: 1 x 3.68 us = 3.68 us
CONT: 1 x 3.52 us = 3.52 us
FLASH_ATTN_EXT dst(256,24,1,1),  q(256,1,24,1),  k(256,256,4,1),  v(256,256,4,1),  m(256,1,1,1): 1 x 12.68 us = 12.68 us (496.172 GFLOPS/s)
GET_ROWS: 2 x 4.28 us = 8.56 us
GLU: 1 x 1.64 us = 1.64 us
MUL_MAT f32 m=256 n=24 k=256: 1 x 1.52 us = 1.52 us (2065.52 GFLOPS/s)
MUL_MAT f32 m=64 n=16 k=64: 1 x 1.8 us = 1.8 us (72.2489 GFLOPS/s)
MUL_MAT f32 m=64 n=96 k=64: 1 x 3.16 us = 3.16 us (246.927 GFLOPS/s)
MUL_MAT_ADD MUL_MAT_VEC q6_K m=5120 n=1 k=17408: 1 x 130.32 us = 130.32 us (1367.81 GFLOPS/s)
MUL_MAT_ADD MUL_MAT_VEC q6_K m=5120 n=1 k=6144: 1 x 53.2 us = 53.2 us (1182.51 GFLOPS/s)
MUL_MAT_VEC f32 m=256 n=4 k=256: 1 x 3.04 us = 3.04 us (172.126 GFLOPS/s)
MUL_MAT_VEC q6_K m=1024 n=1 k=5120: 2 x 9.24 us = 18.48 us (1134.71 GFLOPS/s)
MUL_MAT_VEC q6_K m=12288 n=1 k=5120: 1 x 90.16 us = 90.16 us (1395.48 GFLOPS/s)
MUL_MAT_VEC q6_K m=17408 n=1 k=5120: 2 x 118.08 us = 236.16 us (1509.49 GFLOPS/s)
MUL_MAT_VEC q6_K m=98304 n=1 k=5120: 1 x 669.76 us = 669.76 us (1502.83 GFLOPS/s)
MUL_MAT_VEC q8_0 m=5120 n=1 k=10240: 1 x 90.92 us = 90.92 us (1153.24 GFLOPS/s)
PAD: 1 x 6.32 us = 6.32 us
RMS_NORM_MUL RMS_NORM(256,24,1,1): 1 x 3.16 us = 3.16 us
RMS_NORM_MUL RMS_NORM(256,4,1,1): 1 x 4.8 us = 4.8 us
RMS_NORM_MUL RMS_NORM(5120,1,1,1): 5 x 4.416 us = 22.08 us
ROPE: 2 x 3.3 us = 6.6 us
SET_ROWS: 2 x 2.6 us = 5.2 us
SIGMOID_MUL SIGMOID: 1 x 1.56 us = 1.56 us
TOP_K K=10 (98304,1,1,1): 1 x 9.04 us = 9.04 us
Total time: 1387.36 us.
----------------
Vulkan Timings:
CONCAT: 1 x 3.68 us = 3.68 us
CONT: 1 x 3.56 us = 3.56 us
FLASH_ATTN_EXT dst(256,24,1,1),  q(256,1,24,1),  k(256,256,4,1),  v(256,256,4,1),  m(256,1,1,1): 1 x 12.92 us = 12.92 us (486.955 GFLOPS/s)
GET_ROWS: 2 x 6.4 us = 12.8 us
GLU: 1 x 1.84 us = 1.84 us
MUL_MAT f32 m=256 n=24 k=256: 1 x 1.68 us = 1.68 us (1868.8 GFLOPS/s)
MUL_MAT f32 m=64 n=16 k=64: 1 x 3.6 us = 3.6 us (36.1244 GFLOPS/s)
MUL_MAT f32 m=64 n=96 k=64: 1 x 3.56 us = 3.56 us (219.182 GFLOPS/s)
MUL_MAT_ADD MUL_MAT_VEC q6_K m=5120 n=1 k=17408: 1 x 123.68 us = 123.68 us (1441.24 GFLOPS/s)
MUL_MAT_ADD MUL_MAT_VEC q6_K m=5120 n=1 k=6144: 1 x 54.16 us = 54.16 us (1161.55 GFLOPS/s)
MUL_MAT_VEC f32 m=256 n=4 k=256: 1 x 3 us = 3 us (174.421 GFLOPS/s)
MUL_MAT_VEC q6_K m=1024 n=1 k=5120: 2 x 9.16 us = 18.32 us (1144.62 GFLOPS/s)
MUL_MAT_VEC q6_K m=12288 n=1 k=5120: 1 x 86.28 us = 86.28 us (1458.24 GFLOPS/s)
MUL_MAT_VEC q6_K m=17408 n=1 k=5120: 2 x 120.92 us = 241.84 us (1474.04 GFLOPS/s)
MUL_MAT_VEC q6_K m=98304 n=1 k=5120: 1 x 671.77 us = 671.77 us (1498.33 GFLOPS/s)
MUL_MAT_VEC q8_0 m=5120 n=1 k=10240: 1 x 101.64 us = 101.64 us (1031.61 GFLOPS/s)
PAD: 1 x 4.88 us = 4.88 us
RMS_NORM_MUL RMS_NORM(256,24,1,1): 1 x 3.6 us = 3.6 us
RMS_NORM_MUL RMS_NORM(256,4,1,1): 1 x 3.6 us = 3.6 us
RMS_NORM_MUL RMS_NORM(5120,1,1,1): 5 x 3.656 us = 18.28 us
ROPE: 2 x 3.56 us = 7.12 us
SET_ROWS: 2 x 2.64 us = 5.28 us
SIGMOID_MUL SIGMOID: 1 x 1.68 us = 1.68 us
TOP_K K=10 (98304,1,1,1): 1 x 8.76 us = 8.76 us
Total time: 1397.53 us.
----------------
Vulkan Timings:
CONCAT: 1 x 3.72 us = 3.72 us
CONT: 1 x 3.6 us = 3.6 us
FLASH_ATTN_EXT dst(256,24,1,1),  q(256,1,24,1),  k(256,256,4,1),  v(256,256,4,1),  m(256,1,1,1): 1 x 13 us = 13 us (483.958 GFLOPS/s)
GET_ROWS: 2 x 4.26 us = 8.52 us
GLU: 1 x 1.84 us = 1.84 us
MUL_MAT f32 m=256 n=24 k=256: 1 x 1.6 us = 1.6 us (1962.24 GFLOPS/s)
MUL_MAT f32 m=64 n=16 k=64: 1 x 3.56 us = 3.56 us (36.5303 GFLOPS/s)
MUL_MAT f32 m=64 n=96 k=64: 1 x 3.6 us = 3.6 us (216.747 GFLOPS/s)
MUL_MAT_ADD MUL_MAT_VEC q6_K m=5120 n=1 k=17408: 1 x 122.76 us = 122.76 us (1452.04 GFLOPS/s)
MUL_MAT_ADD MUL_MAT_VEC q6_K m=5120 n=1 k=6144: 1 x 54.12 us = 54.12 us (1162.41 GFLOPS/s)
MUL_MAT_VEC f32 m=256 n=4 k=256: 1 x 3 us = 3 us (174.421 GFLOPS/s)
MUL_MAT_VEC q6_K m=1024 n=1 k=5120: 2 x 9 us = 18 us (1164.97 GFLOPS/s)
MUL_MAT_VEC q6_K m=12288 n=1 k=5120: 1 x 85.48 us = 85.48 us (1471.89 GFLOPS/s)
MUL_MAT_VEC q6_K m=17408 n=1 k=5120: 2 x 121.66 us = 243.32 us (1465.07 GFLOPS/s)
MUL_MAT_VEC q6_K m=98304 n=1 k=5120: 1 x 672.56 us = 672.56 us (1496.57 GFLOPS/s)
MUL_MAT_VEC q8_0 m=5120 n=1 k=10240: 1 x 100.96 us = 100.96 us (1038.55 GFLOPS/s)
PAD: 1 x 6.4 us = 6.4 us
RMS_NORM_MUL RMS_NORM(256,24,1,1): 1 x 3.6 us = 3.6 us
RMS_NORM_MUL RMS_NORM(256,4,1,1): 1 x 3.56 us = 3.56 us
RMS_NORM_MUL RMS_NORM(5120,1,1,1): 5 x 3.648 us = 18.24 us
ROPE: 2 x 3.52 us = 7.04 us
SET_ROWS: 2 x 2.6 us = 5.2 us
SIGMOID_MUL SIGMOID: 1 x 1.68 us = 1.68 us
TOP_K K=10 (98304,1,1,1): 1 x 8.48 us = 8.48 us
Total time: 1393.84 us.
----------------
Vulkan Timings:
CONCAT: 1 x 3.72 us = 3.72 us
CONT: 1 x 3.6 us = 3.6 us
FLASH_ATTN_EXT dst(256,24,1,1),  q(256,1,24,1),  k(256,256,4,1),  v(256,256,4,1),  m(256,1,1,1): 1 x 15.16 us = 15.16 us (415.004 GFLOPS/s)
GET_ROWS: 2 x 4.42 us = 8.84 us
GLU: 1 x 1.8 us = 1.8 us
MUL_MAT f32 m=256 n=24 k=256: 1 x 1.72 us = 1.72 us (1825.34 GFLOPS/s)
MUL_MAT f32 m=64 n=16 k=64: 1 x 3.56 us = 3.56 us (36.5303 GFLOPS/s)
MUL_MAT f32 m=64 n=96 k=64: 1 x 3.52 us = 3.52 us (221.673 GFLOPS/s)
MUL_MAT_ADD MUL_MAT_VEC q6_K m=5120 n=1 k=17408: 1 x 123.88 us = 123.88 us (1438.92 GFLOPS/s)
MUL_MAT_ADD MUL_MAT_VEC q6_K m=5120 n=1 k=6144: 1 x 53.52 us = 53.52 us (1175.44 GFLOPS/s)
MUL_MAT_VEC f32 m=256 n=4 k=256: 1 x 3 us = 3 us (174.421 GFLOPS/s)
MUL_MAT_VEC q6_K m=1024 n=1 k=5120: 2 x 9.06 us = 18.12 us (1157.26 GFLOPS/s)
MUL_MAT_VEC q6_K m=12288 n=1 k=5120: 1 x 85.4 us = 85.4 us (1473.27 GFLOPS/s)
MUL_MAT_VEC q6_K m=17408 n=1 k=5120: 2 x 121.24 us = 242.48 us (1470.15 GFLOPS/s)
MUL_MAT_VEC q6_K m=98304 n=1 k=5120: 1 x 673.78 us = 673.78 us (1493.86 GFLOPS/s)
MUL_MAT_VEC q8_0 m=5120 n=1 k=10240: 1 x 100.36 us = 100.36 us (1044.76 GFLOPS/s)
PAD: 1 x 6.28 us = 6.28 us
RMS_NORM_MUL RMS_NORM(256,24,1,1): 1 x 3.56 us = 3.56 us
RMS_NORM_MUL RMS_NORM(256,4,1,1): 1 x 3.56 us = 3.56 us
RMS_NORM_MUL RMS_NORM(5120,1,1,1): 5 x 3.736 us = 18.68 us
ROPE: 2 x 3.56 us = 7.12 us
SET_ROWS: 2 x 1.8 us = 3.6 us
SIGMOID_MUL SIGMOID: 1 x 1.64 us = 1.64 us
TOP_K K=10 (98304,1,1,1): 1 x 8.96 us = 8.96 us
Total time: 1395.86 us.
----------------
Vulkan Timings:
ADD: 48 x 3.713 us = 178.24 us
CONCAT: 48 x 2.447 us = 117.48 us
CONT: 16 x 3.755 us = 60.08 us
CPY: 240 x 2.162 us = 518.92 us
FLASH_ATTN_EXT dst(256,24,5,1),  q(256,5,24,1),  k(256,256,4,1),  v(256,256,4,1),  m(256,5,1,1): 16 x 20.992 us = 335.88 us (1498.5 GFLOPS/s)
GDN_CACHE GATED_DELTA_NET: 48 x 13.124 us = 629.96 us
GET_ROWS: 50 x 24.344 us = 1217.24 us
GLU: 64 x 2.896 us = 185.36 us
MUL_MAT f32 m=256 n=120 k=256: 16 x 1.817 us = 29.08 us (8637.09 GFLOPS/s)
MUL_MAT f32 m=256 n=20 k=256: 16 x 2.902 us = 46.44 us (901.402 GFLOPS/s)
MUL_MAT f32 m=64 n=480 k=64: 16 x 3.562 us = 57 us (1095.14 GFLOPS/s)
MUL_MAT f32 m=64 n=80 k=64: 16 x 3.222 us = 51.56 us (201.781 GFLOPS/s)
MUL_MAT_ADD MUL_MAT_VEC q6_K m=5120 n=5 k=17408: 64 x 138.115 us = 8839.4 us (6453.03 GFLOPS/s)
MUL_MAT_ADD MUL_MAT_VEC q6_K m=5120 n=5 k=6144: 16 x 59.152 us = 946.44 us (5317.56 GFLOPS/s)
MUL_MAT_VEC f32 m=48 n=5 k=5120: 96 x 3.462 us = 332.44 us (709.621 GFLOPS/s)
MUL_MAT_VEC q6_K m=1024 n=5 k=5120: 32 x 6.993 us = 223.8 us (7495.79 GFLOPS/s)
MUL_MAT_VEC q6_K m=10240 n=5 k=5120: 48 x 79.398 us = 3811.12 us (6602.62 GFLOPS/s)
MUL_MAT_VEC q6_K m=12288 n=5 k=5120: 16 x 98.57 us = 1577.12 us (6382.11 GFLOPS/s)
MUL_MAT_VEC q6_K m=17408 n=5 k=5120: 128 x 138.38 us = 17712.8 us (6440.21 GFLOPS/s)
MUL_MAT_VEC q6_K m=248320 n=5 k=5120: 1 x 1686.96 us = 1686.96 us (7535.89 GFLOPS/s)
MUL_MAT_VEC q6_K m=6144 n=5 k=5120: 48 x 53.357 us = 2561.16 us (5894.99 GFLOPS/s)
MUL_MAT_VEC q8_0 m=5120 n=5 k=6144: 48 x 63.068 us = 3027.28 us (4987.4 GFLOPS/s)
RMS_NORM_MUL RMS_NORM(256,24,5,1): 16 x 3.642 us = 58.28 us
RMS_NORM_MUL RMS_NORM(256,4,5,1): 16 x 4.315 us = 69.04 us
RMS_NORM_MUL RMS_NORM(5120,5,1,1): 129 x 4.555 us = 587.68 us
RMS_NORM_MUL_SILU_MUL RMS_NORM(128,48,5,1): 48 x 5.545 us = 266.16 us
RMS_NORM_SCALE RMS_NORM(128,16,5,1): 96 x 2.64 us = 253.52 us
ROPE: 32 x 3.775 us = 120.8 us
SET_ROWS: 32 x 2.805 us = 89.76 us
SIGMOID_MUL SIGMOID: 16 x 3.61 us = 57.76 us
SSM_CONV_SILU SSM_CONV: 48 x 5.588 us = 268.24 us
Total time: 45917 us.
----------------
Vulkan Timings:
CONCAT: 1 x 4 us = 4 us
CONT: 1 x 3.64 us = 3.64 us
FLASH_ATTN_EXT dst(256,24,5,1),  q(256,5,24,1),  k(256,256,4,1),  v(256,256,4,1),  m(256,5,1,1): 1 x 20.6 us = 20.6 us (1527.05 GFLOPS/s)
GLU: 1 x 1.68 us = 1.68 us
MUL_MAT f32 m=256 n=120 k=256: 1 x 1.72 us = 1.72 us (9126.7 GFLOPS/s)
MUL_MAT f32 m=256 n=20 k=256: 1 x 3.04 us = 3.04 us (860.632 GFLOPS/s)
MUL_MAT f32 m=64 n=480 k=64: 1 x 3.68 us = 3.68 us (1060.17 GFLOPS/s)
MUL_MAT f32 m=64 n=80 k=64: 1 x 3.64 us = 3.64 us (178.637 GFLOPS/s)
MUL_MAT_ADD MUL_MAT_VEC q6_K m=5120 n=5 k=17408: 1 x 168.57 us = 168.57 us (5287.2 GFLOPS/s)
MUL_MAT_ADD MUL_MAT_VEC q6_K m=5120 n=5 k=6144: 1 x 67.48 us = 67.48 us (4661.34 GFLOPS/s)
MUL_MAT_VEC q6_K m=1024 n=5 k=5120: 2 x 9.42 us = 18.84 us (5565.15 GFLOPS/s)
MUL_MAT_VEC q6_K m=12288 n=5 k=5120: 1 x 125.74 us = 125.74 us (5003.06 GFLOPS/s)
MUL_MAT_VEC q6_K m=17408 n=5 k=5120: 2 x 131.96 us = 263.92 us (6753.58 GFLOPS/s)
MUL_MAT_VEC q8_0 m=5120 n=5 k=10240: 1 x 105.24 us = 105.24 us (4981.59 GFLOPS/s)
RMS_NORM_MUL RMS_NORM(256,24,5,1): 1 x 3.72 us = 3.72 us
RMS_NORM_MUL RMS_NORM(256,4,5,1): 1 x 3.6 us = 3.6 us
RMS_NORM_MUL RMS_NORM(5120,5,1,1): 5 x 7.796 us = 38.98 us
ROPE: 2 x 3.64 us = 7.28 us
SET_ROWS: 2 x 2.64 us = 5.28 us
SIGMOID_MUL SIGMOID: 1 x 1.68 us = 1.68 us
Total time: 852.33 us.
----------------
Vulkan Timings:
CONCAT: 1 x 3.6 us = 3.6 us
CONT: 1 x 3.48 us = 3.48 us
FLASH_ATTN_EXT dst(256,24,1,1),  q(256,1,24,1),  k(256,256,4,1),  v(256,256,4,1),  m(256,1,1,1): 1 x 12.68 us = 12.68 us (496.172 GFLOPS/s)
GET_ROWS: 2 x 4.2 us = 8.4 us
GLU: 1 x 1.6 us = 1.6 us
MUL_MAT f32 m=256 n=24 k=256: 1 x 1.64 us = 1.64 us (1914.38 GFLOPS/s)
MUL_MAT f32 m=64 n=16 k=64: 1 x 1.8 us = 1.8 us (72.2489 GFLOPS/s)
MUL_MAT f32 m=64 n=96 k=64: 1 x 3.2 us = 3.2 us (243.84 GFLOPS/s)
MUL_MAT_ADD MUL_MAT_VEC q6_K m=5120 n=1 k=17408: 1 x 129.52 us = 129.52 us (1376.26 GFLOPS/s)
MUL_MAT_ADD MUL_MAT_VEC q6_K m=5120 n=1 k=6144: 1 x 53.92 us = 53.92 us (1166.72 GFLOPS/s)
MUL_MAT_VEC f32 m=256 n=4 k=256: 1 x 3 us = 3 us (174.421 GFLOPS/s)
MUL_MAT_VEC q6_K m=1024 n=1 k=5120: 2 x 9.24 us = 18.48 us (1134.71 GFLOPS/s)
MUL_MAT_VEC q6_K m=12288 n=1 k=5120: 1 x 89.88 us = 89.88 us (1399.83 GFLOPS/s)
MUL_MAT_VEC q6_K m=17408 n=1 k=5120: 2 x 118 us = 236 us (1510.51 GFLOPS/s)
MUL_MAT_VEC q6_K m=98304 n=1 k=5120: 1 x 673.19 us = 673.19 us (1495.17 GFLOPS/s)
MUL_MAT_VEC q8_0 m=5120 n=1 k=10240: 1 x 92 us = 92 us (1139.7 GFLOPS/s)
PAD: 1 x 6.32 us = 6.32 us
RMS_NORM_MUL RMS_NORM(256,24,1,1): 1 x 3.16 us = 3.16 us
RMS_NORM_MUL RMS_NORM(256,4,1,1): 1 x 4.84 us = 4.84 us
RMS_NORM_MUL RMS_NORM(5120,1,1,1): 5 x 4.416 us = 22.08 us
ROPE: 2 x 3.34 us = 6.68 us
SET_ROWS: 2 x 2.56 us = 5.12 us
SIGMOID_MUL SIGMOID: 1 x 1.52 us = 1.52 us
TOP_K K=10 (98304,1,1,1): 1 x 8.96 us = 8.96 us
Total time: 1391.07 us.
----------------
Vulkan Timings:
CONCAT: 1 x 3.68 us = 3.68 us
CONT: 1 x 3.6 us = 3.6 us
FLASH_ATTN_EXT dst(256,24,1,1),  q(256,1,24,1),  k(256,256,4,1),  v(256,256,4,1),  m(256,1,1,1): 1 x 12.84 us = 12.84 us (489.989 GFLOPS/s)
GET_ROWS: 2 x 4.16 us = 8.32 us
GLU: 1 x 1.76 us = 1.76 us
MUL_MAT f32 m=256 n=24 k=256: 1 x 1.6 us = 1.6 us (1962.24 GFLOPS/s)
MUL_MAT f32 m=64 n=16 k=64: 1 x 3.6 us = 3.6 us (36.1244 GFLOPS/s)
MUL_MAT f32 m=64 n=96 k=64: 1 x 3.6 us = 3.6 us (216.747 GFLOPS/s)
MUL_MAT_ADD MUL_MAT_VEC q6_K m=5120 n=1 k=17408: 1 x 123.64 us = 123.64 us (1441.71 GFLOPS/s)
MUL_MAT_ADD MUL_MAT_VEC q6_K m=5120 n=1 k=6144: 1 x 53.56 us = 53.56 us (1174.56 GFLOPS/s)
MUL_MAT_VEC f32 m=256 n=4 k=256: 1 x 3 us = 3 us (174.421 GFLOPS/s)
MUL_MAT_VEC q6_K m=1024 n=1 k=5120: 2 x 9.02 us = 18.04 us (1162.39 GFLOPS/s)
MUL_MAT_VEC q6_K m=12288 n=1 k=5120: 1 x 86.36 us = 86.36 us (1456.89 GFLOPS/s)
MUL_MAT_VEC q6_K m=17408 n=1 k=5120: 2 x 121.14 us = 242.28 us (1471.36 GFLOPS/s)
MUL_MAT_VEC q6_K m=98304 n=1 k=5120: 1 x 673.86 us = 673.86 us (1493.69 GFLOPS/s)
MUL_MAT_VEC q8_0 m=5120 n=1 k=10240: 1 x 101.2 us = 101.2 us (1036.09 GFLOPS/s)
PAD: 1 x 6.32 us = 6.32 us
RMS_NORM_MUL RMS_NORM(256,24,1,1): 1 x 3.64 us = 3.64 us
RMS_NORM_MUL RMS_NORM(256,4,1,1): 1 x 3.56 us = 3.56 us
RMS_NORM_MUL RMS_NORM(5120,1,1,1): 5 x 3.728 us = 18.64 us
ROPE: 2 x 3.54 us = 7.08 us
SET_ROWS: 2 x 2.62 us = 5.24 us
SIGMOID_MUL SIGMOID: 1 x 1.68 us = 1.68 us
TOP_K K=10 (98304,1,1,1): 1 x 8.24 us = 8.24 us
Total time: 1395.34 us.
----------------
Vulkan Timings:
CONCAT: 1 x 3.68 us = 3.68 us
CONT: 1 x 3.64 us = 3.64 us
FLASH_ATTN_EXT dst(256,24,1,1),  q(256,1,24,1),  k(256,256,4,1),  v(256,256,4,1),  m(256,1,1,1): 1 x 15.2 us = 15.2 us (413.912 GFLOPS/s)
GET_ROWS: 2 x 6.44 us = 12.88 us
GLU: 1 x 1.8 us = 1.8 us
MUL_MAT f32 m=256 n=24 k=256: 1 x 1.64 us = 1.64 us (1914.38 GFLOPS/s)
MUL_MAT f32 m=64 n=16 k=64: 1 x 3.6 us = 3.6 us (36.1244 GFLOPS/s)
MUL_MAT f32 m=64 n=96 k=64: 1 x 3.56 us = 3.56 us (219.182 GFLOPS/s)
MUL_MAT_ADD MUL_MAT_VEC q6_K m=5120 n=1 k=17408: 1 x 123.28 us = 123.28 us (1445.92 GFLOPS/s)
MUL_MAT_ADD MUL_MAT_VEC q6_K m=5120 n=1 k=6144: 1 x 53.4 us = 53.4 us (1178.08 GFLOPS/s)
MUL_MAT_VEC f32 m=256 n=4 k=256: 1 x 3 us = 3 us (174.421 GFLOPS/s)
MUL_MAT_VEC q6_K m=1024 n=1 k=5120: 2 x 9.04 us = 18.08 us (1159.82 GFLOPS/s)
MUL_MAT_VEC q6_K m=12288 n=1 k=5120: 1 x 85.24 us = 85.24 us (1476.03 GFLOPS/s)
MUL_MAT_VEC q6_K m=17408 n=1 k=5120: 2 x 121.14 us = 242.28 us (1471.36 GFLOPS/s)
MUL_MAT_VEC q6_K m=98304 n=1 k=5120: 1 x 674.35 us = 674.35 us (1492.6 GFLOPS/s)
MUL_MAT_VEC q8_0 m=5120 n=1 k=10240: 1 x 100.96 us = 100.96 us (1038.55 GFLOPS/s)
PAD: 1 x 4.84 us = 4.84 us
RMS_NORM_MUL RMS_NORM(256,24,1,1): 1 x 3.56 us = 3.56 us
RMS_NORM_MUL RMS_NORM(256,4,1,1): 1 x 3.6 us = 3.6 us
RMS_NORM_MUL RMS_NORM(5120,1,1,1): 5 x 3.664 us = 18.32 us
ROPE: 2 x 3.54 us = 7.08 us
SET_ROWS: 2 x 1.82 us = 3.64 us
SIGMOID_MUL SIGMOID: 1 x 1.64 us = 1.64 us
TOP_K K=10 (98304,1,1,1): 1 x 8.96 us = 8.96 us
Total time: 1398.23 us.
----------------
Vulkan Timings:
CONCAT: 1 x 3.72 us = 3.72 us
CONT: 1 x 3.56 us = 3.56 us
FLASH_ATTN_EXT dst(256,24,1,1),  q(256,1,24,1),  k(256,256,4,1),  v(256,256,4,1),  m(256,1,1,1): 1 x 12.64 us = 12.64 us (497.742 GFLOPS/s)
GET_ROWS: 2 x 6.66 us = 13.32 us
GLU: 1 x 1.76 us = 1.76 us
MUL_MAT f32 m=256 n=24 k=256: 1 x 1.6 us = 1.6 us (1962.24 GFLOPS/s)
MUL_MAT f32 m=64 n=16 k=64: 1 x 3.56 us = 3.56 us (36.5303 GFLOPS/s)
MUL_MAT f32 m=64 n=96 k=64: 1 x 3.56 us = 3.56 us (219.182 GFLOPS/s)
MUL_MAT_ADD MUL_MAT_VEC q6_K m=5120 n=1 k=17408: 1 x 123.2 us = 123.2 us (1446.86 GFLOPS/s)
MUL_MAT_ADD MUL_MAT_VEC q6_K m=5120 n=1 k=6144: 1 x 54 us = 54 us (1164.99 GFLOPS/s)
MUL_MAT_VEC f32 m=256 n=4 k=256: 1 x 3 us = 3 us (174.421 GFLOPS/s)
MUL_MAT_VEC q6_K m=1024 n=1 k=5120: 2 x 9.06 us = 18.12 us (1157.26 GFLOPS/s)
MUL_MAT_VEC q6_K m=12288 n=1 k=5120: 1 x 85.56 us = 85.56 us (1470.51 GFLOPS/s)
MUL_MAT_VEC q6_K m=17408 n=1 k=5120: 2 x 121.4 us = 242.8 us (1468.21 GFLOPS/s)
MUL_MAT_VEC q6_K m=98304 n=1 k=5120: 1 x 672.28 us = 672.28 us (1497.2 GFLOPS/s)
MUL_MAT_VEC q8_0 m=5120 n=1 k=10240: 1 x 101.12 us = 101.12 us (1036.91 GFLOPS/s)
PAD: 1 x 6.96 us = 6.96 us
RMS_NORM_MUL RMS_NORM(256,24,1,1): 1 x 3.6 us = 3.6 us
RMS_NORM_MUL RMS_NORM(256,4,1,1): 1 x 3.56 us = 3.56 us
RMS_NORM_MUL RMS_NORM(5120,1,1,1): 5 x 3.68 us = 18.4 us
ROPE: 2 x 3.56 us = 7.12 us
SET_ROWS: 2 x 2.62 us = 5.24 us
SIGMOID_MUL SIGMOID: 1 x 1.68 us = 1.68 us
TOP_K K=10 (98304,1,1,1): 1 x 6.68 us = 6.68 us
Total time: 1397.04 us.
----------------
Vulkan Timings:
ADD: 48 x 3.698 us = 177.52 us
CONCAT: 48 x 2.48 us = 119.08 us
CONT: 16 x 3.747 us = 59.96 us
CPY: 240 x 2.204 us = 529 us
FLASH_ATTN_EXT dst(256,24,5,1),  q(256,5,24,1),  k(256,256,4,1),  v(256,256,4,1),  m(256,5,1,1): 16 x 20.537 us = 328.6 us (1531.7 GFLOPS/s)
GDN_CACHE GATED_DELTA_NET: 48 x 13.15 us = 631.24 us
GET_ROWS: 50 x 24.253 us = 1212.68 us
GLU: 64 x 2.889 us = 184.92 us
MUL_MAT f32 m=256 n=120 k=256: 16 x 1.772 us = 28.36 us (8856.37 GFLOPS/s)
MUL_MAT f32 m=256 n=20 k=256: 16 x 3.047 us = 48.76 us (858.514 GFLOPS/s)
MUL_MAT f32 m=64 n=480 k=64: 16 x 3.562 us = 57 us (1095.14 GFLOPS/s)
MUL_MAT f32 m=64 n=80 k=64: 16 x 3.212 us = 51.4 us (202.409 GFLOPS/s)
MUL_MAT_ADD MUL_MAT_VEC q6_K m=5120 n=5 k=17408: 64 x 137.805 us = 8819.52 us (6467.57 GFLOPS/s)
MUL_MAT_ADD MUL_MAT_VEC q6_K m=5120 n=5 k=6144: 16 x 59.53 us = 952.48 us (5283.84 GFLOPS/s)
MUL_MAT_VEC f32 m=48 n=5 k=5120: 96 x 3.356 us = 322.24 us (732.083 GFLOPS/s)
MUL_MAT_VEC q6_K m=1024 n=5 k=5120: 32 x 7.018 us = 224.6 us (7469.09 GFLOPS/s)
MUL_MAT_VEC q6_K m=10240 n=5 k=5120: 48 x 79.716 us = 3826.4 us (6576.25 GFLOPS/s)
MUL_MAT_VEC q6_K m=12288 n=5 k=5120: 16 x 98.64 us = 1578.24 us (6377.58 GFLOPS/s)
MUL_MAT_VEC q6_K m=17408 n=5 k=5120: 128 x 138.365 us = 17710.7 us (6440.95 GFLOPS/s)
MUL_MAT_VEC q6_K m=248320 n=5 k=5120: 1 x 1686.48 us = 1686.48 us (7538.03 GFLOPS/s)
MUL_MAT_VEC q6_K m=6144 n=5 k=5120: 48 x 53.343 us = 2560.48 us (5896.56 GFLOPS/s)
MUL_MAT_VEC q8_0 m=5120 n=5 k=6144: 48 x 63.049 us = 3026.36 us (4988.92 GFLOPS/s)
RMS_NORM_MUL RMS_NORM(256,24,5,1): 16 x 3.642 us = 58.28 us
RMS_NORM_MUL RMS_NORM(256,4,5,1): 16 x 4.315 us = 69.04 us
RMS_NORM_MUL RMS_NORM(5120,5,1,1): 129 x 4.55 us = 587.04 us
RMS_NORM_MUL_SILU_MUL RMS_NORM(128,48,5,1): 48 x 5.539 us = 265.88 us
RMS_NORM_SCALE RMS_NORM(128,16,5,1): 96 x 2.624 us = 251.96 us
ROPE: 32 x 3.77 us = 120.64 us
SET_ROWS: 32 x 2.893 us = 92.6 us
SIGMOID_MUL SIGMOID: 16 x 3.6 us = 57.6 us
SSM_CONV_SILU SSM_CONV: 48 x 5.586 us = 268.16 us
Total time: 45907.2 us.
----------------
Vulkan Timings:
CONCAT: 1 x 3.92 us = 3.92 us
CONT: 1 x 3.6 us = 3.6 us
FLASH_ATTN_EXT dst(256,24,5,1),  q(256,5,24,1),  k(256,256,4,1),  v(256,256,4,1),  m(256,5,1,1): 1 x 20.52 us = 20.52 us (1533.01 GFLOPS/s)
GLU: 1 x 1.56 us = 1.56 us
MUL_MAT f32 m=256 n=120 k=256: 1 x 1.68 us = 1.68 us (9344 GFLOPS/s)
MUL_MAT f32 m=256 n=20 k=256: 1 x 3 us = 3 us (872.107 GFLOPS/s)
MUL_MAT f32 m=64 n=480 k=64: 1 x 3.64 us = 3.64 us (1071.82 GFLOPS/s)
MUL_MAT f32 m=64 n=80 k=64: 1 x 3.6 us = 3.6 us (180.622 GFLOPS/s)
MUL_MAT_ADD MUL_MAT_VEC q6_K m=5120 n=5 k=17408: 1 x 166.44 us = 166.44 us (5354.87 GFLOPS/s)
MUL_MAT_ADD MUL_MAT_VEC q6_K m=5120 n=5 k=6144: 1 x 66.76 us = 66.76 us (4711.61 GFLOPS/s)
MUL_MAT_VEC q6_K m=1024 n=5 k=5120: 2 x 8.52 us = 17.04 us (6153.01 GFLOPS/s)
MUL_MAT_VEC q6_K m=12288 n=5 k=5120: 1 x 125.07 us = 125.07 us (5029.86 GFLOPS/s)
MUL_MAT_VEC q6_K m=17408 n=5 k=5120: 2 x 131.62 us = 263.24 us (6771.03 GFLOPS/s)
MUL_MAT_VEC q8_0 m=5120 n=5 k=10240: 1 x 104.92 us = 104.92 us (4996.78 GFLOPS/s)
RMS_NORM_MUL RMS_NORM(256,24,5,1): 1 x 5.64 us = 5.64 us
RMS_NORM_MUL RMS_NORM(256,4,5,1): 1 x 3.56 us = 3.56 us
RMS_NORM_MUL RMS_NORM(5120,5,1,1): 5 x 7.87 us = 39.35 us
ROPE: 2 x 3.58 us = 7.16 us
SET_ROWS: 2 x 2.6 us = 5.2 us
SIGMOID_MUL SIGMOID: 1 x 1.68 us = 1.68 us
Total time: 847.58 us.
----------------
Vulkan Timings:
CONCAT: 1 x 3.6 us = 3.6 us
CONT: 1 x 3.52 us = 3.52 us
FLASH_ATTN_EXT dst(256,24,1,1),  q(256,1,24,1),  k(256,256,4,1),  v(256,256,4,1),  m(256,1,1,1): 1 x 12.56 us = 12.56 us (500.912 GFLOPS/s)
GET_ROWS: 2 x 4.26 us = 8.52 us
GLU: 1 x 1.56 us = 1.56 us
MUL_MAT f32 m=256 n=24 k=256: 1 x 1.56 us = 1.56 us (2012.55 GFLOPS/s)
MUL_MAT f32 m=64 n=16 k=64: 1 x 1.8 us = 1.8 us (72.2489 GFLOPS/s)
MUL_MAT f32 m=64 n=96 k=64: 1 x 3.2 us = 3.2 us (243.84 GFLOPS/s)
MUL_MAT_ADD MUL_MAT_VEC q6_K m=5120 n=1 k=17408: 1 x 130.64 us = 130.64 us (1364.46 GFLOPS/s)
MUL_MAT_ADD MUL_MAT_VEC q6_K m=5120 n=1 k=6144: 1 x 53.72 us = 53.72 us (1171.06 GFLOPS/s)
MUL_MAT_VEC f32 m=256 n=4 k=256: 1 x 2.96 us = 2.96 us (176.778 GFLOPS/s)
MUL_MAT_VEC q6_K m=1024 n=1 k=5120: 2 x 9.38 us = 18.76 us (1117.78 GFLOPS/s)
MUL_MAT_VEC q6_K m=12288 n=1 k=5120: 1 x 90.16 us = 90.16 us (1395.48 GFLOPS/s)
MUL_MAT_VEC q6_K m=17408 n=1 k=5120: 2 x 118.1 us = 236.2 us (1509.23 GFLOPS/s)
MUL_MAT_VEC q6_K m=98304 n=1 k=5120: 1 x 672.79 us = 672.79 us (1496.06 GFLOPS/s)
MUL_MAT_VEC q8_0 m=5120 n=1 k=10240: 1 x 93.4 us = 93.4 us (1122.62 GFLOPS/s)
PAD: 1 x 6.36 us = 6.36 us
RMS_NORM_MUL RMS_NORM(256,24,1,1): 1 x 3.16 us = 3.16 us
RMS_NORM_MUL RMS_NORM(256,4,1,1): 1 x 4.8 us = 4.8 us
RMS_NORM_MUL RMS_NORM(5120,1,1,1): 5 x 4.024 us = 20.12 us
ROPE: 2 x 3.28 us = 6.56 us
SET_ROWS: 2 x 2.54 us = 5.08 us
SIGMOID_MUL SIGMOID: 1 x 1.6 us = 1.6 us
TOP_K K=10 (98304,1,1,1): 1 x 8.56 us = 8.56 us
Total time: 1391.19 us.
----------------
Vulkan Timings:
CONCAT: 1 x 3.76 us = 3.76 us
CONT: 1 x 3.56 us = 3.56 us
FLASH_ATTN_EXT dst(256,24,1,1),  q(256,1,24,1),  k(256,256,4,1),  v(256,256,4,1),  m(256,1,1,1): 1 x 12.76 us = 12.76 us (493.061 GFLOPS/s)
GET_ROWS: 2 x 4.28 us = 8.56 us
GLU: 1 x 1.88 us = 1.88 us
MUL_MAT f32 m=256 n=24 k=256: 1 x 1.64 us = 1.64 us (1914.38 GFLOPS/s)
MUL_MAT f32 m=64 n=16 k=64: 1 x 3.6 us = 3.6 us (36.1244 GFLOPS/s)
MUL_MAT f32 m=64 n=96 k=64: 1 x 3.56 us = 3.56 us (219.182 GFLOPS/s)
MUL_MAT_ADD MUL_MAT_VEC q6_K m=5120 n=1 k=17408: 1 x 123.44 us = 123.44 us (1444.04 GFLOPS/s)
MUL_MAT_ADD MUL_MAT_VEC q6_K m=5120 n=1 k=6144: 1 x 54.04 us = 54.04 us (1164.13 GFLOPS/s)
MUL_MAT_VEC f32 m=256 n=4 k=256: 1 x 3 us = 3 us (174.421 GFLOPS/s)
MUL_MAT_VEC q6_K m=1024 n=1 k=5120: 2 x 9.06 us = 18.12 us (1157.26 GFLOPS/s)
MUL_MAT_VEC q6_K m=12288 n=1 k=5120: 1 x 85.48 us = 85.48 us (1471.89 GFLOPS/s)
MUL_MAT_VEC q6_K m=17408 n=1 k=5120: 2 x 120.98 us = 241.96 us (1473.31 GFLOPS/s)
MUL_MAT_VEC q6_K m=98304 n=1 k=5120: 1 x 672.64 us = 672.64 us (1496.39 GFLOPS/s)
MUL_MAT_VEC q8_0 m=5120 n=1 k=10240: 1 x 100.88 us = 100.88 us (1039.38 GFLOPS/s)
PAD: 1 x 6.28 us = 6.28 us
RMS_NORM_MUL RMS_NORM(256,24,1,1): 1 x 3.6 us = 3.6 us
RMS_NORM_MUL RMS_NORM(256,4,1,1): 1 x 3.56 us = 3.56 us
RMS_NORM_MUL RMS_NORM(5120,1,1,1): 5 x 3.656 us = 18.28 us
ROPE: 2 x 3.52 us = 7.04 us
SET_ROWS: 2 x 2.66 us = 5.32 us
SIGMOID_MUL SIGMOID: 1 x 1.64 us = 1.64 us
TOP_K K=10 (98304,1,1,1): 1 x 8.72 us = 8.72 us
Total time: 1393.32 us.
----------------
Vulkan Timings:
CONCAT: 1 x 3.68 us = 3.68 us
CONT: 1 x 3.56 us = 3.56 us
FLASH_ATTN_EXT dst(256,24,1,1),  q(256,1,24,1),  k(256,256,4,1),  v(256,256,4,1),  m(256,1,1,1): 1 x 12.76 us = 12.76 us (493.061 GFLOPS/s)
GET_ROWS: 2 x 4.24 us = 8.48 us
GLU: 1 x 1.72 us = 1.72 us
MUL_MAT f32 m=256 n=24 k=256: 1 x 1.6 us = 1.6 us (1962.24 GFLOPS/s)
MUL_MAT f32 m=64 n=16 k=64: 1 x 3.6 us = 3.6 us (36.1244 GFLOPS/s)
MUL_MAT f32 m=64 n=96 k=64: 1 x 3.56 us = 3.56 us (219.182 GFLOPS/s)
MUL_MAT_ADD MUL_MAT_VEC q6_K m=5120 n=1 k=17408: 1 x 122.84 us = 122.84 us (1451.1 GFLOPS/s)
MUL_MAT_ADD MUL_MAT_VEC q6_K m=5120 n=1 k=6144: 1 x 53.64 us = 53.64 us (1172.81 GFLOPS/s)
MUL_MAT_VEC f32 m=256 n=4 k=256: 1 x 3 us = 3 us (174.421 GFLOPS/s)
MUL_MAT_VEC q6_K m=1024 n=1 k=5120: 2 x 9.02 us = 18.04 us (1162.39 GFLOPS/s)
MUL_MAT_VEC q6_K m=12288 n=1 k=5120: 1 x 85.52 us = 85.52 us (1471.2 GFLOPS/s)
MUL_MAT_VEC q6_K m=17408 n=1 k=5120: 2 x 121.1 us = 242.2 us (1471.85 GFLOPS/s)
MUL_MAT_VEC q6_K m=98304 n=1 k=5120: 1 x 673.53 us = 673.53 us (1494.42 GFLOPS/s)
MUL_MAT_VEC q8_0 m=5120 n=1 k=10240: 1 x 101.6 us = 101.6 us (1032.01 GFLOPS/s)
PAD: 1 x 6.24 us = 6.24 us
RMS_NORM_MUL RMS_NORM(256,24,1,1): 1 x 3.64 us = 3.64 us
RMS_NORM_MUL RMS_NORM(256,4,1,1): 1 x 3.6 us = 3.6 us
RMS_NORM_MUL RMS_NORM(5120,1,1,1): 5 x 3.696 us = 18.48 us
ROPE: 2 x 3.56 us = 7.12 us
SET_ROWS: 2 x 2.58 us = 5.16 us
SIGMOID_MUL SIGMOID: 1 x 1.68 us = 1.68 us
TOP_K K=10 (98304,1,1,1): 1 x 8.84 us = 8.84 us
Total time: 1394.09 us.
----------------
Vulkan Timings:
CONCAT: 1 x 3.72 us = 3.72 us
CONT: 1 x 3.6 us = 3.6 us
FLASH_ATTN_EXT dst(256,24,1,1),  q(256,1,24,1),  k(256,256,4,1),  v(256,256,4,1),  m(256,1,1,1): 1 x 12.68 us = 12.68 us (496.172 GFLOPS/s)
GET_ROWS: 2 x 4.22 us = 8.44 us
GLU: 1 x 1.72 us = 1.72 us
MUL_MAT f32 m=256 n=24 k=256: 1 x 1.6 us = 1.6 us (1962.24 GFLOPS/s)
MUL_MAT f32 m=64 n=16 k=64: 1 x 3.56 us = 3.56 us (36.5303 GFLOPS/s)
MUL_MAT f32 m=64 n=96 k=64: 1 x 3.56 us = 3.56 us (219.182 GFLOPS/s)
MUL_MAT_ADD MUL_MAT_VEC q6_K m=5120 n=1 k=17408: 1 x 123.52 us = 123.52 us (1443.11 GFLOPS/s)
MUL_MAT_ADD MUL_MAT_VEC q6_K m=5120 n=1 k=6144: 1 x 54.48 us = 54.48 us (1154.73 GFLOPS/s)
MUL_MAT_VEC f32 m=256 n=4 k=256: 1 x 3 us = 3 us (174.421 GFLOPS/s)
MUL_MAT_VEC q6_K m=1024 n=1 k=5120: 2 x 8.98 us = 17.96 us (1167.57 GFLOPS/s)
MUL_MAT_VEC q6_K m=12288 n=1 k=5120: 1 x 85.48 us = 85.48 us (1471.89 GFLOPS/s)
MUL_MAT_VEC q6_K m=17408 n=1 k=5120: 2 x 121.7 us = 243.4 us (1464.59 GFLOPS/s)
MUL_MAT_VEC q6_K m=98304 n=1 k=5120: 1 x 673.88 us = 673.88 us (1493.64 GFLOPS/s)
MUL_MAT_VEC q8_0 m=5120 n=1 k=10240: 1 x 101.24 us = 101.24 us (1035.68 GFLOPS/s)
PAD: 1 x 6.24 us = 6.24 us
RMS_NORM_MUL RMS_NORM(256,24,1,1): 1 x 3.56 us = 3.56 us
RMS_NORM_MUL RMS_NORM(256,4,1,1): 1 x 3.52 us = 3.52 us
RMS_NORM_MUL RMS_NORM(5120,1,1,1): 5 x 3.656 us = 18.28 us
ROPE: 2 x 3.52 us = 7.04 us
SET_ROWS: 2 x 2.64 us = 5.28 us
SIGMOID_MUL SIGMOID: 1 x 1.72 us = 1.72 us
TOP_K K=10 (98304,1,1,1): 1 x 8.72 us = 8.72 us
Total time: 1396.2 us.
----------------
Vulkan Timings:
ADD: 48 x 3.693 us = 177.28 us
CONCAT: 48 x 2.395 us = 115 us
CONT: 16 x 3.747 us = 59.96 us
CPY: 240 x 2.203 us = 528.72 us
FLASH_ATTN_EXT dst(256,24,5,1),  q(256,5,24,1),  k(256,256,4,1),  v(256,256,4,1),  m(256,5,1,1): 16 x 20.597 us = 329.56 us (1527.24 GFLOPS/s)
GDN_CACHE GATED_DELTA_NET: 48 x 13.101 us = 628.88 us
GET_ROWS: 50 x 24.324 us = 1216.24 us
GLU: 64 x 2.918 us = 186.8 us
MUL_MAT f32 m=256 n=120 k=256: 16 x 1.807 us = 28.92 us (8684.88 GFLOPS/s)
MUL_MAT f32 m=256 n=20 k=256: 16 x 2.897 us = 46.36 us (902.958 GFLOPS/s)
MUL_MAT f32 m=64 n=480 k=64: 16 x 3.565 us = 57.04 us (1094.37 GFLOPS/s)
MUL_MAT f32 m=64 n=80 k=64: 16 x 3.205 us = 51.28 us (202.883 GFLOPS/s)
MUL_MAT_ADD MUL_MAT_VEC q6_K m=5120 n=5 k=17408: 64 x 137.7 us = 8812.84 us (6472.48 GFLOPS/s)
MUL_MAT_ADD MUL_MAT_VEC q6_K m=5120 n=5 k=6144: 16 x 58.967 us = 943.48 us (5334.25 GFLOPS/s)
MUL_MAT_VEC f32 m=48 n=5 k=5120: 96 x 3.296 us = 316.48 us (745.407 GFLOPS/s)
MUL_MAT_VEC q6_K m=1024 n=5 k=5120: 32 x 6.987 us = 223.6 us (7502.49 GFLOPS/s)
MUL_MAT_VEC q6_K m=10240 n=5 k=5120: 48 x 79.302 us = 3806.52 us (6610.6 GFLOPS/s)
MUL_MAT_VEC q6_K m=12288 n=5 k=5120: 16 x 98.512 us = 1576.2 us (6385.83 GFLOPS/s)
MUL_MAT_VEC q6_K m=17408 n=5 k=5120: 128 x 138.354 us = 17709.4 us (6441.43 GFLOPS/s)
MUL_MAT_VEC q6_K m=248320 n=5 k=5120: 1 x 1687.16 us = 1687.16 us (7535 GFLOPS/s)
MUL_MAT_VEC q6_K m=6144 n=5 k=5120: 48 x 53.235 us = 2555.28 us (5908.56 GFLOPS/s)
MUL_MAT_VEC q8_0 m=5120 n=5 k=6144: 48 x 63.038 us = 3025.84 us (4989.78 GFLOPS/s)
RMS_NORM_MUL RMS_NORM(256,24,5,1): 16 x 3.647 us = 58.36 us
RMS_NORM_MUL RMS_NORM(256,4,5,1): 16 x 4.31 us = 68.96 us
RMS_NORM_MUL RMS_NORM(5120,5,1,1): 129 x 4.538 us = 585.44 us
RMS_NORM_MUL_SILU_MUL RMS_NORM(128,48,5,1): 48 x 5.528 us = 265.36 us
RMS_NORM_SCALE RMS_NORM(128,16,5,1): 96 x 2.657 us = 255.12 us
ROPE: 32 x 3.762 us = 120.4 us
SET_ROWS: 32 x 2.897 us = 92.72 us
SIGMOID_MUL SIGMOID: 16 x 3.605 us = 57.68 us
SSM_CONV_SILU SSM_CONV: 48 x 5.545 us = 266.2 us
Total time: 45853.1 us.
----------------
Vulkan Timings:
CONCAT: 1 x 4 us = 4 us
CONT: 1 x 3.4 us = 3.4 us
FLASH_ATTN_EXT dst(256,24,5,1),  q(256,5,24,1),  k(256,256,4,1),  v(256,256,4,1),  m(256,5,1,1): 1 x 21 us = 21 us (1497.97 GFLOPS/s)
GLU: 1 x 3.84 us = 3.84 us
MUL_MAT f32 m=256 n=120 k=256: 1 x 1.6 us = 1.6 us (9811.2 GFLOPS/s)
MUL_MAT f32 m=256 n=20 k=256: 1 x 2.92 us = 2.92 us (896 GFLOPS/s)
MUL_MAT f32 m=64 n=480 k=64: 1 x 3.32 us = 3.32 us (1175.13 GFLOPS/s)
MUL_MAT f32 m=64 n=80 k=64: 1 x 3.28 us = 3.28 us (198.244 GFLOPS/s)
MUL_MAT_ADD MUL_MAT_VEC q6_K m=5120 n=5 k=17408: 1 x 164.74 us = 164.74 us (5410.13 GFLOPS/s)
MUL_MAT_ADD MUL_MAT_VEC q6_K m=5120 n=5 k=6144: 1 x 69.48 us = 69.48 us (4527.16 GFLOPS/s)
MUL_MAT_VEC q6_K m=1024 n=5 k=5120: 2 x 9.46 us = 18.92 us (5541.62 GFLOPS/s)
MUL_MAT_VEC q6_K m=12288 n=5 k=5120: 1 x 125.89 us = 125.89 us (4997.09 GFLOPS/s)
MUL_MAT_VEC q6_K m=17408 n=5 k=5120: 2 x 131.34 us = 262.68 us (6785.46 GFLOPS/s)
MUL_MAT_VEC q8_0 m=5120 n=5 k=10240: 1 x 112.96 us = 112.96 us (4641.13 GFLOPS/s)
RMS_NORM_MUL RMS_NORM(256,24,5,1): 1 x 3.4 us = 3.4 us
RMS_NORM_MUL RMS_NORM(256,4,5,1): 1 x 3.36 us = 3.36 us
RMS_NORM_MUL RMS_NORM(5120,5,1,1): 5 x 7.92 us = 39.6 us
ROPE: 2 x 3.36 us = 6.72 us
SET_ROWS: 2 x 1.82 us = 3.64 us
SIGMOID_MUL SIGMOID: 1 x 1.76 us = 1.76 us
Total time: 856.51 us.
----------------
Vulkan Timings:
CONCAT: 1 x 3.64 us = 3.64 us
CONT: 1 x 3.48 us = 3.48 us
FLASH_ATTN_EXT dst(256,24,1,1),  q(256,1,24,1),  k(256,256,4,1),  v(256,256,4,1),  m(256,1,1,1): 1 x 12.44 us = 12.44 us (505.744 GFLOPS/s)
GET_ROWS: 2 x 4.18 us = 8.36 us
GLU: 1 x 1.68 us = 1.68 us
MUL_MAT f32 m=256 n=24 k=256: 1 x 1.6 us = 1.6 us (1962.24 GFLOPS/s)
MUL_MAT f32 m=64 n=16 k=64: 1 x 1.8 us = 1.8 us (72.2489 GFLOPS/s)
MUL_MAT f32 m=64 n=96 k=64: 1 x 3.16 us = 3.16 us (246.927 GFLOPS/s)
MUL_MAT_ADD MUL_MAT_VEC q6_K m=5120 n=1 k=17408: 1 x 129.92 us = 129.92 us (1372.02 GFLOPS/s)
MUL_MAT_ADD MUL_MAT_VEC q6_K m=5120 n=1 k=6144: 1 x 50.56 us = 50.56 us (1244.25 GFLOPS/s)
MUL_MAT_VEC f32 m=256 n=4 k=256: 1 x 3 us = 3 us (174.421 GFLOPS/s)
MUL_MAT_VEC q6_K m=1024 n=1 k=5120: 2 x 9.36 us = 18.72 us (1120.16 GFLOPS/s)
MUL_MAT_VEC q6_K m=12288 n=1 k=5120: 1 x 90.32 us = 90.32 us (1393.01 GFLOPS/s)
MUL_MAT_VEC q6_K m=17408 n=1 k=5120: 2 x 118.04 us = 236.08 us (1510 GFLOPS/s)
MUL_MAT_VEC q6_K m=98304 n=1 k=5120: 1 x 673.8 us = 673.8 us (1493.82 GFLOPS/s)
MUL_MAT_VEC q8_0 m=5120 n=1 k=10240: 1 x 91.52 us = 91.52 us (1145.68 GFLOPS/s)
PAD: 1 x 6.32 us = 6.32 us
RMS_NORM_MUL RMS_NORM(256,24,1,1): 1 x 3.16 us = 3.16 us
RMS_NORM_MUL RMS_NORM(256,4,1,1): 1 x 4.8 us = 4.8 us
RMS_NORM_MUL RMS_NORM(5120,1,1,1): 5 x 4.888 us = 24.44 us
ROPE: 2 x 3.28 us = 6.56 us
SET_ROWS: 2 x 2.56 us = 5.12 us
SIGMOID_MUL SIGMOID: 1 x 1.56 us = 1.56 us
TOP_K K=10 (98304,1,1,1): 1 x 8.88 us = 8.88 us
Total time: 1390.92 us.
----------------
Vulkan Timings:
CONCAT: 1 x 3.72 us = 3.72 us
CONT: 1 x 3.56 us = 3.56 us
FLASH_ATTN_EXT dst(256,24,1,1),  q(256,1,24,1),  k(256,256,4,1),  v(256,256,4,1),  m(256,1,1,1): 1 x 12.88 us = 12.88 us (488.467 GFLOPS/s)
GET_ROWS: 2 x 4.26 us = 8.52 us
GLU: 1 x 1.84 us = 1.84 us
MUL_MAT f32 m=256 n=24 k=256: 1 x 1.6 us = 1.6 us (1962.24 GFLOPS/s)
MUL_MAT f32 m=64 n=16 k=64: 1 x 3.6 us = 3.6 us (36.1244 GFLOPS/s)
MUL_MAT f32 m=64 n=96 k=64: 1 x 3.56 us = 3.56 us (219.182 GFLOPS/s)
MUL_MAT_ADD MUL_MAT_VEC q6_K m=5120 n=1 k=17408: 1 x 123 us = 123 us (1449.21 GFLOPS/s)
MUL_MAT_ADD MUL_MAT_VEC q6_K m=5120 n=1 k=6144: 1 x 54 us = 54 us (1164.99 GFLOPS/s)
MUL_MAT_VEC f32 m=256 n=4 k=256: 1 x 3 us = 3 us (174.421 GFLOPS/s)
MUL_MAT_VEC q6_K m=1024 n=1 k=5120: 2 x 9.08 us = 18.16 us (1154.71 GFLOPS/s)
MUL_MAT_VEC q6_K m=12288 n=1 k=5120: 1 x 86.04 us = 86.04 us (1462.31 GFLOPS/s)
MUL_MAT_VEC q6_K m=17408 n=1 k=5120: 2 x 121.36 us = 242.72 us (1468.69 GFLOPS/s)
MUL_MAT_VEC q6_K m=98304 n=1 k=5120: 1 x 732.6 us = 732.6 us (1373.92 GFLOPS/s)
MUL_MAT_VEC q8_0 m=5120 n=1 k=10240: 1 x 100.68 us = 100.68 us (1041.44 GFLOPS/s)
PAD: 1 x 6.24 us = 6.24 us
RMS_NORM_MUL RMS_NORM(256,24,1,1): 1 x 3.6 us = 3.6 us
RMS_NORM_MUL RMS_NORM(256,4,1,1): 1 x 3.56 us = 3.56 us
RMS_NORM_MUL RMS_NORM(5120,1,1,1): 5 x 3.696 us = 18.48 us
ROPE: 2 x 3.54 us = 7.08 us
SET_ROWS: 2 x 2.64 us = 5.28 us
SIGMOID_MUL SIGMOID: 1 x 1.64 us = 1.64 us
TOP_K K=10 (98304,1,1,1): 1 x 8.72 us = 8.72 us
Total time: 1454.08 us.
----------------
Vulkan Timings:
CONCAT: 1 x 3.72 us = 3.72 us
CONT: 1 x 3.64 us = 3.64 us
FLASH_ATTN_EXT dst(256,24,1,1),  q(256,1,24,1),  k(256,256,4,1),  v(256,256,4,1),  m(256,1,1,1): 1 x 12.64 us = 12.64 us (497.742 GFLOPS/s)
GET_ROWS: 2 x 4.38 us = 8.76 us
GLU: 1 x 1.72 us = 1.72 us
MUL_MAT f32 m=256 n=24 k=256: 1 x 1.64 us = 1.64 us (1914.38 GFLOPS/s)
MUL_MAT f32 m=64 n=16 k=64: 1 x 3.6 us = 3.6 us (36.1244 GFLOPS/s)
MUL_MAT f32 m=64 n=96 k=64: 1 x 3.56 us = 3.56 us (219.182 GFLOPS/s)
MUL_MAT_ADD MUL_MAT_VEC q6_K m=5120 n=1 k=17408: 1 x 123.12 us = 123.12 us (1447.8 GFLOPS/s)
MUL_MAT_ADD MUL_MAT_VEC q6_K m=5120 n=1 k=6144: 1 x 54.2 us = 54.2 us (1160.69 GFLOPS/s)
MUL_MAT_VEC f32 m=256 n=4 k=256: 1 x 2.96 us = 2.96 us (176.778 GFLOPS/s)
MUL_MAT_VEC q6_K m=1024 n=1 k=5120: 2 x 9.02 us = 18.04 us (1162.39 GFLOPS/s)
MUL_MAT_VEC q6_K m=12288 n=1 k=5120: 1 x 85.2 us = 85.2 us (1476.72 GFLOPS/s)
MUL_MAT_VEC q6_K m=17408 n=1 k=5120: 2 x 121.4 us = 242.8 us (1468.21 GFLOPS/s)
MUL_MAT_VEC q6_K m=98304 n=1 k=5120: 1 x 673.9 us = 673.9 us (1493.6 GFLOPS/s)
MUL_MAT_VEC q8_0 m=5120 n=1 k=10240: 1 x 101.6 us = 101.6 us (1032.01 GFLOPS/s)
PAD: 1 x 6.2 us = 6.2 us
RMS_NORM_MUL RMS_NORM(256,24,1,1): 1 x 3.56 us = 3.56 us
RMS_NORM_MUL RMS_NORM(256,4,1,1): 1 x 3.56 us = 3.56 us
RMS_NORM_MUL RMS_NORM(5120,1,1,1): 5 x 3.704 us = 18.52 us
ROPE: 2 x 3.52 us = 7.04 us
SET_ROWS: 2 x 2.62 us = 5.24 us
SIGMOID_MUL SIGMOID: 1 x 1.68 us = 1.68 us
TOP_K K=10 (98304,1,1,1): 1 x 8.96 us = 8.96 us
Total time: 1395.86 us.
----------------
Vulkan Timings:
CONCAT: 1 x 3.72 us = 3.72 us
CONT: 1 x 3.6 us = 3.6 us
FLASH_ATTN_EXT dst(256,24,1,1),  q(256,1,24,1),  k(256,256,4,1),  v(256,256,4,1),  m(256,1,1,1): 1 x 12.8 us = 12.8 us (491.52 GFLOPS/s)
GET_ROWS: 2 x 7.32 us = 14.64 us
GLU: 1 x 1.8 us = 1.8 us
MUL_MAT f32 m=256 n=24 k=256: 1 x 1.68 us = 1.68 us (1868.8 GFLOPS/s)
MUL_MAT f32 m=64 n=16 k=64: 1 x 3.6 us = 3.6 us (36.1244 GFLOPS/s)
MUL_MAT f32 m=64 n=96 k=64: 1 x 3.6 us = 3.6 us (216.747 GFLOPS/s)
MUL_MAT_ADD MUL_MAT_VEC q6_K m=5120 n=1 k=17408: 1 x 123.68 us = 123.68 us (1441.24 GFLOPS/s)
MUL_MAT_ADD MUL_MAT_VEC q6_K m=5120 n=1 k=6144: 1 x 53.6 us = 53.6 us (1173.68 GFLOPS/s)
MUL_MAT_VEC f32 m=256 n=4 k=256: 1 x 3 us = 3 us (174.421 GFLOPS/s)
MUL_MAT_VEC q6_K m=1024 n=1 k=5120: 2 x 9.06 us = 18.12 us (1157.26 GFLOPS/s)
MUL_MAT_VEC q6_K m=12288 n=1 k=5120: 1 x 85.48 us = 85.48 us (1471.89 GFLOPS/s)
MUL_MAT_VEC q6_K m=17408 n=1 k=5120: 2 x 121.44 us = 242.88 us (1467.72 GFLOPS/s)
MUL_MAT_VEC q6_K m=98304 n=1 k=5120: 1 x 672.63 us = 672.63 us (1496.42 GFLOPS/s)
MUL_MAT_VEC q8_0 m=5120 n=1 k=10240: 1 x 101.08 us = 101.08 us (1037.32 GFLOPS/s)
PAD: 1 x 5 us = 5 us
RMS_NORM_MUL RMS_NORM(256,24,1,1): 1 x 3.56 us = 3.56 us
RMS_NORM_MUL RMS_NORM(256,4,1,1): 1 x 3.6 us = 3.6 us
RMS_NORM_MUL RMS_NORM(5120,1,1,1): 5 x 3.664 us = 18.32 us
ROPE: 2 x 3.56 us = 7.12 us
SET_ROWS: 2 x 2.62 us = 5.24 us
SIGMOID_MUL SIGMOID: 1 x 1.64 us = 1.64 us
TOP_K K=10 (98304,1,1,1): 1 x 9 us = 9 us
Total time: 1399.39 us.
----------------
Vulkan Timings:
ADD: 48 x 3.719 us = 178.52 us
CONCAT: 48 x 2.412 us = 115.8 us
CONT: 16 x 3.777 us = 60.44 us
CPY: 240 x 2.205 us = 529.36 us
FLASH_ATTN_EXT dst(256,24,5,1),  q(256,5,24,1),  k(256,256,4,1),  v(256,256,4,1),  m(256,5,1,1): 16 x 20.707 us = 331.32 us (1519.12 GFLOPS/s)
GDN_CACHE GATED_DELTA_NET: 48 x 13.225 us = 634.8 us
GET_ROWS: 50 x 24.292 us = 1214.64 us
GLU: 64 x 2.988 us = 191.24 us
MUL_MAT f32 m=256 n=120 k=256: 16 x 1.822 us = 29.16 us (8613.4 GFLOPS/s)
MUL_MAT f32 m=256 n=20 k=256: 16 x 2.925 us = 46.8 us (894.468 GFLOPS/s)
MUL_MAT f32 m=64 n=480 k=64: 16 x 3.585 us = 57.36 us (1088.27 GFLOPS/s)
MUL_MAT f32 m=64 n=80 k=64: 16 x 3.237 us = 51.8 us (200.846 GFLOPS/s)
MUL_MAT_ADD MUL_MAT_VEC q6_K m=5120 n=5 k=17408: 64 x 137.621 us = 8807.76 us (6476.21 GFLOPS/s)
MUL_MAT_ADD MUL_MAT_VEC q6_K m=5120 n=5 k=6144: 16 x 59.567 us = 953.08 us (5280.52 GFLOPS/s)
MUL_MAT_VEC f32 m=48 n=5 k=5120: 96 x 3.362 us = 322.76 us (730.904 GFLOPS/s)
MUL_MAT_VEC q6_K m=1024 n=5 k=5120: 32 x 7.042 us = 225.36 us (7443.9 GFLOPS/s)
MUL_MAT_VEC q6_K m=10240 n=5 k=5120: 48 x 79.771 us = 3829.04 us (6571.72 GFLOPS/s)
MUL_MAT_VEC q6_K m=12288 n=5 k=5120: 16 x 99.052 us = 1584.84 us (6351.02 GFLOPS/s)
MUL_MAT_VEC q6_K m=17408 n=5 k=5120: 128 x 138.62 us = 17743.4 us (6429.11 GFLOPS/s)
MUL_MAT_VEC q6_K m=248320 n=5 k=5120: 1 x 1686.72 us = 1686.72 us (7536.96 GFLOPS/s)
MUL_MAT_VEC q6_K m=6144 n=5 k=5120: 48 x 53.568 us = 2571.28 us (5871.79 GFLOPS/s)
MUL_MAT_VEC q8_0 m=5120 n=5 k=6144: 48 x 63.05 us = 3026.4 us (4988.85 GFLOPS/s)
RMS_NORM_MUL RMS_NORM(256,24,5,1): 16 x 3.657 us = 58.52 us
RMS_NORM_MUL RMS_NORM(256,4,5,1): 16 x 4.355 us = 69.68 us
RMS_NORM_MUL RMS_NORM(5120,5,1,1): 129 x 4.572 us = 589.84 us
RMS_NORM_MUL_SILU_MUL RMS_NORM(128,48,5,1): 48 x 5.584 us = 268.04 us
RMS_NORM_SCALE RMS_NORM(128,16,5,1): 96 x 2.673 us = 256.64 us
ROPE: 32 x 3.791 us = 121.32 us
SET_ROWS: 32 x 2.932 us = 93.84 us
SIGMOID_MUL SIGMOID: 16 x 3.647 us = 58.36 us
SSM_CONV_SILU SSM_CONV: 48 x 5.631 us = 270.32 us
Total time: 45978.4 us.
----------------
Vulkan Timings:
CONCAT: 1 x 3.96 us = 3.96 us
CONT: 1 x 3.4 us = 3.4 us
FLASH_ATTN_EXT dst(256,24,5,1),  q(256,5,24,1),  k(256,256,4,1),  v(256,256,4,1),  m(256,5,1,1): 1 x 22.04 us = 22.04 us (1427.28 GFLOPS/s)
GLU: 1 x 1.48 us = 1.48 us
MUL_MAT f32 m=256 n=120 k=256: 1 x 1.52 us = 1.52 us (10327.6 GFLOPS/s)
MUL_MAT f32 m=256 n=20 k=256: 1 x 2.92 us = 2.92 us (896 GFLOPS/s)
MUL_MAT f32 m=64 n=480 k=64: 1 x 3.28 us = 3.28 us (1189.46 GFLOPS/s)
MUL_MAT f32 m=64 n=80 k=64: 1 x 3.28 us = 3.28 us (198.244 GFLOPS/s)
MUL_MAT_ADD MUL_MAT_VEC q6_K m=5120 n=5 k=17408: 1 x 165.71 us = 165.71 us (5378.46 GFLOPS/s)
MUL_MAT_ADD MUL_MAT_VEC q6_K m=5120 n=5 k=6144: 1 x 66.96 us = 66.96 us (4697.54 GFLOPS/s)
MUL_MAT_VEC q6_K m=1024 n=5 k=5120: 2 x 9.22 us = 18.44 us (5685.87 GFLOPS/s)
MUL_MAT_VEC q6_K m=12288 n=5 k=5120: 1 x 124.89 us = 124.89 us (5037.11 GFLOPS/s)
MUL_MAT_VEC q6_K m=17408 n=5 k=5120: 2 x 130.7 us = 261.4 us (6818.69 GFLOPS/s)
MUL_MAT_VEC q8_0 m=5120 n=5 k=10240: 1 x 113.68 us = 113.68 us (4611.74 GFLOPS/s)
RMS_NORM_MUL RMS_NORM(256,24,5,1): 1 x 3.44 us = 3.44 us
RMS_NORM_MUL RMS_NORM(256,4,5,1): 1 x 3.4 us = 3.4 us
RMS_NORM_MUL RMS_NORM(5120,5,1,1): 5 x 7.754 us = 38.77 us
ROPE: 2 x 3.34 us = 6.68 us
SET_ROWS: 2 x 1.78 us = 3.56 us
SIGMOID_MUL SIGMOID: 1 x 1.6 us = 1.6 us
Total time: 850.41 us.
----------------
Vulkan Timings:
CONCAT: 1 x 3.56 us = 3.56 us
CONT: 1 x 3.48 us = 3.48 us
FLASH_ATTN_EXT dst(256,24,1,1),  q(256,1,24,1),  k(256,256,4,1),  v(256,256,4,1),  m(256,1,1,1): 1 x 12.44 us = 12.44 us (505.744 GFLOPS/s)
GET_ROWS: 2 x 6.4 us = 12.8 us
GLU: 1 x 1.6 us = 1.6 us
MUL_MAT f32 m=256 n=24 k=256: 1 x 1.52 us = 1.52 us (2065.52 GFLOPS/s)
MUL_MAT f32 m=64 n=16 k=64: 1 x 1.84 us = 1.84 us (70.6783 GFLOPS/s)
MUL_MAT f32 m=64 n=96 k=64: 1 x 3.16 us = 3.16 us (246.927 GFLOPS/s)
MUL_MAT_ADD MUL_MAT_VEC q6_K m=5120 n=1 k=17408: 1 x 130.08 us = 130.08 us (1370.33 GFLOPS/s)
MUL_MAT_ADD MUL_MAT_VEC q6_K m=5120 n=1 k=6144: 1 x 54.56 us = 54.56 us (1153.03 GFLOPS/s)
MUL_MAT_VEC f32 m=256 n=4 k=256: 1 x 3 us = 3 us (174.421 GFLOPS/s)
MUL_MAT_VEC q6_K m=1024 n=1 k=5120: 2 x 8.16 us = 16.32 us (1284.89 GFLOPS/s)
MUL_MAT_VEC q6_K m=12288 n=1 k=5120: 1 x 89.64 us = 89.64 us (1403.58 GFLOPS/s)
MUL_MAT_VEC q6_K m=17408 n=1 k=5120: 2 x 117.94 us = 235.88 us (1511.28 GFLOPS/s)
MUL_MAT_VEC q6_K m=98304 n=1 k=5120: 1 x 674.05 us = 674.05 us (1493.26 GFLOPS/s)
MUL_MAT_VEC q8_0 m=5120 n=1 k=10240: 1 x 91.28 us = 91.28 us (1148.69 GFLOPS/s)
PAD: 1 x 4.92 us = 4.92 us
RMS_NORM_MUL RMS_NORM(256,24,1,1): 1 x 5.76 us = 5.76 us
RMS_NORM_MUL RMS_NORM(256,4,1,1): 1 x 4.84 us = 4.84 us
RMS_NORM_MUL RMS_NORM(5120,1,1,1): 5 x 4.352 us = 21.76 us
ROPE: 2 x 3.3 us = 6.6 us
SET_ROWS: 2 x 2.54 us = 5.08 us
SIGMOID_MUL SIGMOID: 1 x 1.56 us = 1.56 us
TOP_K K=10 (98304,1,1,1): 1 x 9.16 us = 9.16 us
Total time: 1394.89 us.
----------------
Vulkan Timings:
CONCAT: 1 x 3.76 us = 3.76 us
CONT: 1 x 3.64 us = 3.64 us
FLASH_ATTN_EXT dst(256,24,1,1),  q(256,1,24,1),  k(256,256,4,1),  v(256,256,4,1),  m(256,1,1,1): 1 x 12.72 us = 12.72 us (494.611 GFLOPS/s)
GET_ROWS: 2 x 4.22 us = 8.44 us
GLU: 1 x 1.76 us = 1.76 us
MUL_MAT f32 m=256 n=24 k=256: 1 x 1.6 us = 1.6 us (1962.24 GFLOPS/s)
MUL_MAT f32 m=64 n=16 k=64: 1 x 3.56 us = 3.56 us (36.5303 GFLOPS/s)
MUL_MAT f32 m=64 n=96 k=64: 1 x 3.6 us = 3.6 us (216.747 GFLOPS/s)
MUL_MAT_ADD MUL_MAT_VEC q6_K m=5120 n=1 k=17408: 1 x 122.64 us = 122.64 us (1453.46 GFLOPS/s)
MUL_MAT_ADD MUL_MAT_VEC q6_K m=5120 n=1 k=6144: 1 x 54.52 us = 54.52 us (1153.88 GFLOPS/s)
MUL_MAT_VEC f32 m=256 n=4 k=256: 1 x 3.04 us = 3.04 us (172.126 GFLOPS/s)
MUL_MAT_VEC q6_K m=1024 n=1 k=5120: 2 x 5.92 us = 11.84 us (1771.07 GFLOPS/s)
MUL_MAT_VEC q6_K m=12288 n=1 k=5120: 1 x 93 us = 93 us (1352.87 GFLOPS/s)
MUL_MAT_VEC q6_K m=17408 n=1 k=5120: 2 x 121.34 us = 242.68 us (1468.93 GFLOPS/s)
MUL_MAT_VEC q6_K m=98304 n=1 k=5120: 1 x 673.88 us = 673.88 us (1493.64 GFLOPS/s)
MUL_MAT_VEC q8_0 m=5120 n=1 k=10240: 1 x 101.44 us = 101.44 us (1033.64 GFLOPS/s)
PAD: 1 x 6.28 us = 6.28 us
RMS_NORM_MUL RMS_NORM(256,24,1,1): 1 x 3.56 us = 3.56 us
RMS_NORM_MUL RMS_NORM(256,4,1,1): 1 x 3.56 us = 3.56 us
RMS_NORM_MUL RMS_NORM(5120,1,1,1): 5 x 3.752 us = 18.76 us
ROPE: 2 x 3.52 us = 7.04 us
SET_ROWS: 2 x 2.64 us = 5.28 us
SIGMOID_MUL SIGMOID: 1 x 1.68 us = 1.68 us
TOP_K K=10 (98304,1,1,1): 1 x 8.76 us = 8.76 us
Total time: 1397.04 us.
----------------
Vulkan Timings:
CONCAT: 1 x 3.76 us = 3.76 us
CONT: 1 x 3.56 us = 3.56 us
FLASH_ATTN_EXT dst(256,24,1,1),  q(256,1,24,1),  k(256,256,4,1),  v(256,256,4,1),  m(256,1,1,1): 1 x 12.76 us = 12.76 us (493.061 GFLOPS/s)
GET_ROWS: 2 x 4.26 us = 8.52 us
GLU: 1 x 1.84 us = 1.84 us
MUL_MAT f32 m=256 n=24 k=256: 1 x 1.64 us = 1.64 us (1914.38 GFLOPS/s)
MUL_MAT f32 m=64 n=16 k=64: 1 x 3.56 us = 3.56 us (36.5303 GFLOPS/s)
MUL_MAT f32 m=64 n=96 k=64: 1 x 3.56 us = 3.56 us (219.182 GFLOPS/s)
MUL_MAT_ADD MUL_MAT_VEC q6_K m=5120 n=1 k=17408: 1 x 122.56 us = 122.56 us (1454.41 GFLOPS/s)
MUL_MAT_ADD MUL_MAT_VEC q6_K m=5120 n=1 k=6144: 1 x 53.96 us = 53.96 us (1165.85 GFLOPS/s)
MUL_MAT_VEC f32 m=256 n=4 k=256: 1 x 3 us = 3 us (174.421 GFLOPS/s)
MUL_MAT_VEC q6_K m=1024 n=1 k=5120: 2 x 9.04 us = 18.08 us (1159.82 GFLOPS/s)
MUL_MAT_VEC q6_K m=12288 n=1 k=5120: 1 x 85.88 us = 85.88 us (1465.03 GFLOPS/s)
MUL_MAT_VEC q6_K m=17408 n=1 k=5120: 2 x 121.06 us = 242.12 us (1472.33 GFLOPS/s)
MUL_MAT_VEC q6_K m=98304 n=1 k=5120: 1 x 673.47 us = 673.47 us (1494.55 GFLOPS/s)
MUL_MAT_VEC q8_0 m=5120 n=1 k=10240: 1 x 101.2 us = 101.2 us (1036.09 GFLOPS/s)
PAD: 1 x 6.28 us = 6.28 us
RMS_NORM_MUL RMS_NORM(256,24,1,1): 1 x 3.6 us = 3.6 us
RMS_NORM_MUL RMS_NORM(256,4,1,1): 1 x 3.6 us = 3.6 us
RMS_NORM_MUL RMS_NORM(5120,1,1,1): 5 x 3.648 us = 18.24 us
ROPE: 2 x 3.56 us = 7.12 us
SET_ROWS: 2 x 2.6 us = 5.2 us
SIGMOID_MUL SIGMOID: 1 x 1.64 us = 1.64 us
TOP_K K=10 (98304,1,1,1): 1 x 8.52 us = 8.52 us
Total time: 1393.67 us.
----------------
Vulkan Timings:
CONCAT: 1 x 3.68 us = 3.68 us
CONT: 1 x 3.56 us = 3.56 us
FLASH_ATTN_EXT dst(256,24,1,1),  q(256,1,24,1),  k(256,256,4,1),  v(256,256,4,1),  m(256,1,1,1): 1 x 14.32 us = 14.32 us (439.347 GFLOPS/s)
GET_ROWS: 2 x 4.38 us = 8.76 us
GLU: 1 x 1.76 us = 1.76 us
MUL_MAT f32 m=256 n=24 k=256: 1 x 2.2 us = 2.2 us (1427.08 GFLOPS/s)
MUL_MAT f32 m=64 n=16 k=64: 1 x 3.64 us = 3.64 us (35.7275 GFLOPS/s)
MUL_MAT f32 m=64 n=96 k=64: 1 x 3.6 us = 3.6 us (216.747 GFLOPS/s)
MUL_MAT_ADD MUL_MAT_VEC q6_K m=5120 n=1 k=17408: 1 x 123.96 us = 123.96 us (1437.99 GFLOPS/s)
MUL_MAT_ADD MUL_MAT_VEC q6_K m=5120 n=1 k=6144: 1 x 53.56 us = 53.56 us (1174.56 GFLOPS/s)
MUL_MAT_VEC f32 m=256 n=4 k=256: 1 x 0.72 us = 0.72 us (726.756 GFLOPS/s)
MUL_MAT_VEC q6_K m=1024 n=1 k=5120: 2 x 9.08 us = 18.16 us (1154.71 GFLOPS/s)
MUL_MAT_VEC q6_K m=12288 n=1 k=5120: 1 x 85.52 us = 85.52 us (1471.2 GFLOPS/s)
MUL_MAT_VEC q6_K m=17408 n=1 k=5120: 2 x 121.16 us = 242.32 us (1471.12 GFLOPS/s)
MUL_MAT_VEC q6_K m=98304 n=1 k=5120: 1 x 672.78 us = 672.78 us (1496.08 GFLOPS/s)
MUL_MAT_VEC q8_0 m=5120 n=1 k=10240: 1 x 101 us = 101 us (1038.14 GFLOPS/s)
PAD: 1 x 6.32 us = 6.32 us
RMS_NORM_MUL RMS_NORM(256,24,1,1): 1 x 3.56 us = 3.56 us
RMS_NORM_MUL RMS_NORM(256,4,1,1): 1 x 3.52 us = 3.52 us
RMS_NORM_MUL RMS_NORM(5120,1,1,1): 5 x 3.688 us = 18.44 us
ROPE: 2 x 3.56 us = 7.12 us
SET_ROWS: 2 x 2.82 us = 5.64 us
SIGMOID_MUL SIGMOID: 1 x 1.68 us = 1.68 us
TOP_K K=10 (98304,1,1,1): 1 x 8.8 us = 8.8 us
Total time: 1394.62 us.
----------------
Vulkan Timings:
ADD: 48 x 3.693 us = 177.28 us
CONCAT: 48 x 2.491 us = 119.6 us
CONT: 16 x 3.742 us = 59.88 us
CPY: 240 x 2.175 us = 522 us
FLASH_ATTN_EXT dst(256,24,5,1),  q(256,5,24,1),  k(256,256,4,1),  v(256,256,4,1),  m(256,5,1,1): 16 x 20.61 us = 329.76 us (1526.31 GFLOPS/s)
GDN_CACHE GATED_DELTA_NET: 48 x 13.11 us = 629.32 us
GET_ROWS: 50 x 24.307 us = 1215.36 us
GLU: 64 x 2.889 us = 184.92 us
MUL_MAT f32 m=256 n=120 k=256: 16 x 1.815 us = 29.04 us (8648.99 GFLOPS/s)
MUL_MAT f32 m=256 n=20 k=256: 16 x 2.897 us = 46.36 us (902.958 GFLOPS/s)
MUL_MAT f32 m=64 n=480 k=64: 16 x 3.565 us = 57.04 us (1094.37 GFLOPS/s)
MUL_MAT f32 m=64 n=80 k=64: 16 x 3.222 us = 51.56 us (201.781 GFLOPS/s)
MUL_MAT_ADD MUL_MAT_VEC q6_K m=5120 n=5 k=17408: 64 x 137.87 us = 8823.68 us (6464.52 GFLOPS/s)
MUL_MAT_ADD MUL_MAT_VEC q6_K m=5120 n=5 k=6144: 16 x 59.925 us = 958.8 us (5249.01 GFLOPS/s)
MUL_MAT_VEC f32 m=48 n=5 k=5120: 96 x 3.362 us = 322.8 us (730.813 GFLOPS/s)
MUL_MAT_VEC q6_K m=1024 n=5 k=5120: 32 x 6.897 us = 220.72 us (7600.39 GFLOPS/s)
MUL_MAT_VEC q6_K m=10240 n=5 k=5120: 48 x 79.55 us = 3818.44 us (6589.96 GFLOPS/s)
MUL_MAT_VEC q6_K m=12288 n=5 k=5120: 16 x 98.58 us = 1577.28 us (6381.46 GFLOPS/s)
MUL_MAT_VEC q6_K m=17408 n=5 k=5120: 128 x 138.034 us = 17668.4 us (6456.4 GFLOPS/s)
MUL_MAT_VEC q6_K m=248320 n=5 k=5120: 1 x 1685 us = 1685 us (7544.65 GFLOPS/s)
MUL_MAT_VEC q6_K m=6144 n=5 k=5120: 48 x 53.185 us = 2552.88 us (5914.11 GFLOPS/s)
MUL_MAT_VEC q8_0 m=5120 n=5 k=6144: 48 x 63.027 us = 3025.32 us (4990.63 GFLOPS/s)
RMS_NORM_MUL RMS_NORM(256,24,5,1): 16 x 3.772 us = 60.36 us
RMS_NORM_MUL RMS_NORM(256,4,5,1): 16 x 4.317 us = 69.08 us
RMS_NORM_MUL RMS_NORM(5120,5,1,1): 129 x 4.535 us = 585.04 us
RMS_NORM_MUL_SILU_MUL RMS_NORM(128,48,5,1): 48 x 5.532 us = 265.56 us
RMS_NORM_SCALE RMS_NORM(128,16,5,1): 96 x 2.615 us = 251.12 us
ROPE: 32 x 3.781 us = 121 us
SET_ROWS: 32 x 2.926 us = 93.64 us
SIGMOID_MUL SIGMOID: 16 x 3.607 us = 57.72 us
SSM_CONV_SILU SSM_CONV: 48 x 5.535 us = 265.72 us
Total time: 45844.6 us.
----------------
Vulkan Timings:
CONCAT: 1 x 3.96 us = 3.96 us
CONT: 1 x 3.64 us = 3.64 us
FLASH_ATTN_EXT dst(256,24,5,1),  q(256,5,24,1),  k(256,256,4,1),  v(256,256,4,1),  m(256,5,1,1): 1 x 20.56 us = 20.56 us (1530.02 GFLOPS/s)
GLU: 1 x 1.52 us = 1.52 us
MUL_MAT f32 m=256 n=120 k=256: 1 x 1.68 us = 1.68 us (9344 GFLOPS/s)
MUL_MAT f32 m=256 n=20 k=256: 1 x 3.04 us = 3.04 us (860.632 GFLOPS/s)
MUL_MAT f32 m=64 n=480 k=64: 1 x 3.68 us = 3.68 us (1060.17 GFLOPS/s)
MUL_MAT f32 m=64 n=80 k=64: 1 x 3.6 us = 3.6 us (180.622 GFLOPS/s)
MUL_MAT_ADD MUL_MAT_VEC q6_K m=5120 n=5 k=17408: 1 x 169.2 us = 169.2 us (5267.52 GFLOPS/s)
MUL_MAT_ADD MUL_MAT_VEC q6_K m=5120 n=5 k=6144: 1 x 67.24 us = 67.24 us (4677.98 GFLOPS/s)
MUL_MAT_VEC q6_K m=1024 n=5 k=5120: 2 x 9.28 us = 18.56 us (5649.1 GFLOPS/s)
MUL_MAT_VEC q6_K m=12288 n=5 k=5120: 1 x 126.62 us = 126.62 us (4968.28 GFLOPS/s)
MUL_MAT_VEC q6_K m=17408 n=5 k=5120: 2 x 131.18 us = 262.36 us (6793.74 GFLOPS/s)
MUL_MAT_VEC q8_0 m=5120 n=5 k=10240: 1 x 106.04 us = 106.04 us (4944.01 GFLOPS/s)
RMS_NORM_MUL RMS_NORM(256,24,5,1): 1 x 3.72 us = 3.72 us
RMS_NORM_MUL RMS_NORM(256,4,5,1): 1 x 3.6 us = 3.6 us
RMS_NORM_MUL RMS_NORM(5120,5,1,1): 5 x 7.826 us = 39.13 us
ROPE: 2 x 3.58 us = 7.16 us
SET_ROWS: 2 x 2.66 us = 5.32 us
SIGMOID_MUL SIGMOID: 1 x 1.72 us = 1.72 us
Total time: 852.35 us.
----------------
Vulkan Timings:
CONCAT: 1 x 3.68 us = 3.68 us
CONT: 1 x 3.52 us = 3.52 us
FLASH_ATTN_EXT dst(256,24,1,1),  q(256,1,24,1),  k(256,256,4,1),  v(256,256,4,1),  m(256,1,1,1): 1 x 12.64 us = 12.64 us (497.742 GFLOPS/s)
GET_ROWS: 2 x 4.16 us = 8.32 us
GLU: 1 x 1.56 us = 1.56 us
MUL_MAT f32 m=256 n=24 k=256: 1 x 1.6 us = 1.6 us (1962.24 GFLOPS/s)
MUL_MAT f32 m=64 n=16 k=64: 1 x 1.8 us = 1.8 us (72.2489 GFLOPS/s)
MUL_MAT f32 m=64 n=96 k=64: 1 x 3.2 us = 3.2 us (243.84 GFLOPS/s)
MUL_MAT_ADD MUL_MAT_VEC q6_K m=5120 n=1 k=17408: 1 x 130.04 us = 130.04 us (1370.75 GFLOPS/s)
MUL_MAT_ADD MUL_MAT_VEC q6_K m=5120 n=1 k=6144: 1 x 53.88 us = 53.88 us (1167.58 GFLOPS/s)
MUL_MAT_VEC f32 m=256 n=4 k=256: 1 x 2.96 us = 2.96 us (176.778 GFLOPS/s)
MUL_MAT_VEC q6_K m=1024 n=1 k=5120: 2 x 9.2 us = 18.4 us (1139.65 GFLOPS/s)
MUL_MAT_VEC q6_K m=12288 n=1 k=5120: 1 x 89.72 us = 89.72 us (1402.33 GFLOPS/s)
MUL_MAT_VEC q6_K m=17408 n=1 k=5120: 2 x 118 us = 236 us (1510.51 GFLOPS/s)
MUL_MAT_VEC q6_K m=98304 n=1 k=5120: 1 x 674.39 us = 674.39 us (1492.51 GFLOPS/s)
MUL_MAT_VEC q8_0 m=5120 n=1 k=10240: 1 x 93.36 us = 93.36 us (1123.1 GFLOPS/s)
PAD: 1 x 6.36 us = 6.36 us
RMS_NORM_MUL RMS_NORM(256,24,1,1): 1 x 3.2 us = 3.2 us
RMS_NORM_MUL RMS_NORM(256,4,1,1): 1 x 4.8 us = 4.8 us
RMS_NORM_MUL RMS_NORM(5120,1,1,1): 5 x 4.112 us = 20.56 us
ROPE: 2 x 3.28 us = 6.56 us
SET_ROWS: 2 x 2.58 us = 5.16 us
SIGMOID_MUL SIGMOID: 1 x 1.56 us = 1.56 us
TOP_K K=10 (98304,1,1,1): 1 x 8.6 us = 8.6 us
Total time: 1391.87 us.
----------------
Vulkan Timings:
CONCAT: 1 x 4.6 us = 4.6 us
CONT: 1 x 3.6 us = 3.6 us
FLASH_ATTN_EXT dst(256,24,1,1),  q(256,1,24,1),  k(256,256,4,1),  v(256,256,4,1),  m(256,1,1,1): 1 x 12.68 us = 12.68 us (496.172 GFLOPS/s)
GET_ROWS: 2 x 7.46 us = 14.92 us
GLU: 1 x 1.84 us = 1.84 us
MUL_MAT f32 m=256 n=24 k=256: 1 x 1.68 us = 1.68 us (1868.8 GFLOPS/s)
MUL_MAT f32 m=64 n=16 k=64: 1 x 3.6 us = 3.6 us (36.1244 GFLOPS/s)
MUL_MAT f32 m=64 n=96 k=64: 1 x 3.56 us = 3.56 us (219.182 GFLOPS/s)
MUL_MAT_ADD MUL_MAT_VEC q6_K m=5120 n=1 k=17408: 1 x 123.4 us = 123.4 us (1444.51 GFLOPS/s)
MUL_MAT_ADD MUL_MAT_VEC q6_K m=5120 n=1 k=6144: 1 x 54.4 us = 54.4 us (1156.42 GFLOPS/s)
MUL_MAT_VEC f32 m=256 n=4 k=256: 1 x 3 us = 3 us (174.421 GFLOPS/s)
MUL_MAT_VEC q6_K m=1024 n=1 k=5120: 2 x 9.04 us = 18.08 us (1159.82 GFLOPS/s)
MUL_MAT_VEC q6_K m=12288 n=1 k=5120: 1 x 85.44 us = 85.44 us (1472.58 GFLOPS/s)
MUL_MAT_VEC q6_K m=17408 n=1 k=5120: 2 x 121.08 us = 242.16 us (1472.09 GFLOPS/s)
MUL_MAT_VEC q6_K m=98304 n=1 k=5120: 1 x 672.4 us = 672.4 us (1496.93 GFLOPS/s)
MUL_MAT_VEC q8_0 m=5120 n=1 k=10240: 1 x 99.96 us = 99.96 us (1048.94 GFLOPS/s)
PAD: 1 x 4.96 us = 4.96 us
RMS_NORM_MUL RMS_NORM(256,24,1,1): 1 x 3.52 us = 3.52 us
RMS_NORM_MUL RMS_NORM(256,4,1,1): 1 x 3.56 us = 3.56 us
RMS_NORM_MUL RMS_NORM(5120,1,1,1): 5 x 3.696 us = 18.48 us
ROPE: 2 x 5.34 us = 10.68 us
SET_ROWS: 2 x 2.64 us = 5.28 us
SIGMOID_MUL SIGMOID: 1 x 1.64 us = 1.64 us
TOP_K K=10 (98304,1,1,1): 1 x 8.68 us = 8.68 us
Total time: 1402.12 us.
----------------
Vulkan Timings:
CONCAT: 1 x 3.68 us = 3.68 us
CONT: 1 x 3.56 us = 3.56 us
FLASH_ATTN_EXT dst(256,24,1,1),  q(256,1,24,1),  k(256,256,4,1),  v(256,256,4,1),  m(256,1,1,1): 1 x 12.76 us = 12.76 us (493.061 GFLOPS/s)
GET_ROWS: 2 x 4.28 us = 8.56 us
GLU: 1 x 1.84 us = 1.84 us
MUL_MAT f32 m=256 n=24 k=256: 1 x 1.68 us = 1.68 us (1868.8 GFLOPS/s)
MUL_MAT f32 m=64 n=16 k=64: 1 x 3.6 us = 3.6 us (36.1244 GFLOPS/s)
MUL_MAT f32 m=64 n=96 k=64: 1 x 3.6 us = 3.6 us (216.747 GFLOPS/s)
MUL_MAT_ADD MUL_MAT_VEC q6_K m=5120 n=1 k=17408: 1 x 122.8 us = 122.8 us (1451.57 GFLOPS/s)
MUL_MAT_ADD MUL_MAT_VEC q6_K m=5120 n=1 k=6144: 1 x 54.16 us = 54.16 us (1161.55 GFLOPS/s)
MUL_MAT_VEC f32 m=256 n=4 k=256: 1 x 2.96 us = 2.96 us (176.778 GFLOPS/s)
MUL_MAT_VEC q6_K m=1024 n=1 k=5120: 2 x 9.14 us = 18.28 us (1147.13 GFLOPS/s)
MUL_MAT_VEC q6_K m=12288 n=1 k=5120: 1 x 85.72 us = 85.72 us (1467.77 GFLOPS/s)
MUL_MAT_VEC q6_K m=17408 n=1 k=5120: 2 x 121.12 us = 242.24 us (1471.6 GFLOPS/s)
MUL_MAT_VEC q6_K m=98304 n=1 k=5120: 1 x 670.76 us = 670.76 us (1500.59 GFLOPS/s)
MUL_MAT_VEC q8_0 m=5120 n=1 k=10240: 1 x 101.56 us = 101.56 us (1032.42 GFLOPS/s)
PAD: 1 x 6.96 us = 6.96 us
RMS_NORM_MUL RMS_NORM(256,24,1,1): 1 x 3.6 us = 3.6 us
RMS_NORM_MUL RMS_NORM(256,4,1,1): 1 x 3.52 us = 3.52 us
RMS_NORM_MUL RMS_NORM(5120,1,1,1): 5 x 3.712 us = 18.56 us
ROPE: 2 x 3.54 us = 7.08 us
SET_ROWS: 2 x 2.6 us = 5.2 us
SIGMOID_MUL SIGMOID: 1 x 1.72 us = 1.72 us
TOP_K K=10 (98304,1,1,1): 1 x 8.72 us = 8.72 us
Total time: 1393.12 us.
----------------
Vulkan Timings:
CONCAT: 1 x 4.04 us = 4.04 us
CONT: 1 x 3.6 us = 3.6 us
FLASH_ATTN_EXT dst(256,24,1,1),  q(256,1,24,1),  k(256,256,4,1),  v(256,256,4,1),  m(256,1,1,1): 1 x 13.04 us = 13.04 us (482.474 GFLOPS/s)
GET_ROWS: 2 x 4.28 us = 8.56 us
GLU: 1 x 1.84 us = 1.84 us
MUL_MAT f32 m=256 n=24 k=256: 1 x 2.2 us = 2.2 us (1427.08 GFLOPS/s)
MUL_MAT f32 m=64 n=16 k=64: 1 x 3.56 us = 3.56 us (36.5303 GFLOPS/s)
MUL_MAT f32 m=64 n=96 k=64: 1 x 3.56 us = 3.56 us (219.182 GFLOPS/s)
MUL_MAT_ADD MUL_MAT_VEC q6_K m=5120 n=1 k=17408: 1 x 122.72 us = 122.72 us (1452.52 GFLOPS/s)
MUL_MAT_ADD MUL_MAT_VEC q6_K m=5120 n=1 k=6144: 1 x 54.04 us = 54.04 us (1164.13 GFLOPS/s)
MUL_MAT_VEC f32 m=256 n=4 k=256: 1 x 0.72 us = 0.72 us (726.756 GFLOPS/s)
MUL_MAT_VEC q6_K m=1024 n=1 k=5120: 2 x 9.22 us = 18.44 us (1137.17 GFLOPS/s)
MUL_MAT_VEC q6_K m=12288 n=1 k=5120: 1 x 85.28 us = 85.28 us (1475.34 GFLOPS/s)
MUL_MAT_VEC q6_K m=17408 n=1 k=5120: 2 x 121.48 us = 242.96 us (1467.24 GFLOPS/s)
MUL_MAT_VEC q6_K m=98304 n=1 k=5120: 1 x 669.68 us = 669.68 us (1503.01 GFLOPS/s)
MUL_MAT_VEC q8_0 m=5120 n=1 k=10240: 1 x 101.2 us = 101.2 us (1036.09 GFLOPS/s)
PAD: 1 x 6.24 us = 6.24 us
RMS_NORM_MUL RMS_NORM(256,24,1,1): 1 x 3.56 us = 3.56 us
RMS_NORM_MUL RMS_NORM(256,4,1,1): 1 x 3.56 us = 3.56 us
RMS_NORM_MUL RMS_NORM(5120,1,1,1): 5 x 3.72 us = 18.6 us
ROPE: 2 x 3.52 us = 7.04 us
SET_ROWS: 2 x 3.52 us = 7.04 us
SIGMOID_MUL SIGMOID: 1 x 1.68 us = 1.68 us
TOP_K K=10 (98304,1,1,1): 1 x 8.52 us = 8.52 us
Total time: 1391.68 us.
----------------
Vulkan Timings:
ADD: 48 x 3.71 us = 178.12 us
CONCAT: 48 x 2.353 us = 112.96 us
CONT: 16 x 3.76 us = 60.16 us
CPY: 240 x 2.221 us = 533.2 us
FLASH_ATTN_EXT dst(256,24,5,1),  q(256,5,24,1),  k(256,256,4,1),  v(256,256,4,1),  m(256,5,1,1): 16 x 20.915 us = 334.64 us (1504.05 GFLOPS/s)
GDN_CACHE GATED_DELTA_NET: 48 x 13.121 us = 629.84 us
GET_ROWS: 50 x 24.28 us = 1214 us
GLU: 64 x 2.892 us = 185.12 us
MUL_MAT f32 m=256 n=120 k=256: 16 x 1.792 us = 28.68 us (8757.56 GFLOPS/s)
MUL_MAT f32 m=256 n=20 k=256: 16 x 3.052 us = 48.84 us (857.107 GFLOPS/s)
MUL_MAT f32 m=64 n=480 k=64: 16 x 3.572 us = 57.16 us (1092.08 GFLOPS/s)
MUL_MAT f32 m=64 n=80 k=64: 16 x 3.222 us = 51.56 us (201.781 GFLOPS/s)
MUL_MAT_ADD MUL_MAT_VEC q6_K m=5120 n=5 k=17408: 64 x 137.758 us = 8816.56 us (6469.75 GFLOPS/s)
MUL_MAT_ADD MUL_MAT_VEC q6_K m=5120 n=5 k=6144: 16 x 58.957 us = 943.32 us (5335.15 GFLOPS/s)
MUL_MAT_VEC f32 m=48 n=5 k=5120: 96 x 3.335 us = 320.24 us (736.656 GFLOPS/s)
MUL_MAT_VEC q6_K m=1024 n=5 k=5120: 32 x 7.046 us = 225.48 us (7439.94 GFLOPS/s)
MUL_MAT_VEC q6_K m=10240 n=5 k=5120: 48 x 79.722 us = 3826.68 us (6575.77 GFLOPS/s)
MUL_MAT_VEC q6_K m=12288 n=5 k=5120: 16 x 98.747 us = 1579.96 us (6370.63 GFLOPS/s)
MUL_MAT_VEC q6_K m=17408 n=5 k=5120: 128 x 138.291 us = 17701.3 us (6444.37 GFLOPS/s)
MUL_MAT_VEC q6_K m=248320 n=5 k=5120: 1 x 1686.12 us = 1686.12 us (7539.64 GFLOPS/s)
MUL_MAT_VEC q6_K m=6144 n=5 k=5120: 48 x 53.184 us = 2552.84 us (5914.21 GFLOPS/s)
MUL_MAT_VEC q8_0 m=5120 n=5 k=6144: 48 x 63.019 us = 3024.92 us (4991.29 GFLOPS/s)
RMS_NORM_MUL RMS_NORM(256,24,5,1): 16 x 3.64 us = 58.24 us
RMS_NORM_MUL RMS_NORM(256,4,5,1): 16 x 4.34 us = 69.44 us
RMS_NORM_MUL RMS_NORM(5120,5,1,1): 129 x 4.565 us = 589 us
RMS_NORM_MUL_SILU_MUL RMS_NORM(128,48,5,1): 48 x 5.56 us = 266.92 us
RMS_NORM_SCALE RMS_NORM(128,16,5,1): 96 x 2.669 us = 256.28 us
ROPE: 32 x 3.785 us = 121.12 us
SET_ROWS: 32 x 2.8 us = 89.6 us
SIGMOID_MUL SIGMOID: 16 x 3.622 us = 57.96 us
SSM_CONV_SILU SSM_CONV: 48 x 5.597 us = 268.68 us
Total time: 45889 us.
----------------
Vulkan Timings:
CONCAT: 1 x 3.96 us = 3.96 us
CONT: 1 x 3.64 us = 3.64 us
FLASH_ATTN_EXT dst(256,24,5,1),  q(256,5,24,1),  k(256,256,4,1),  v(256,256,4,1),  m(256,5,1,1): 1 x 20.48 us = 20.48 us (1536 GFLOPS/s)
GLU: 1 x 1.48 us = 1.48 us
MUL_MAT f32 m=256 n=120 k=256: 1 x 1.72 us = 1.72 us (9126.7 GFLOPS/s)
MUL_MAT f32 m=256 n=20 k=256: 1 x 3.04 us = 3.04 us (860.632 GFLOPS/s)
MUL_MAT f32 m=64 n=480 k=64: 1 x 3.6 us = 3.6 us (1083.73 GFLOPS/s)
MUL_MAT f32 m=64 n=80 k=64: 1 x 3.6 us = 3.6 us (180.622 GFLOPS/s)
MUL_MAT_ADD MUL_MAT_VEC q6_K m=5120 n=5 k=17408: 1 x 167.39 us = 167.39 us (5324.48 GFLOPS/s)
MUL_MAT_ADD MUL_MAT_VEC q6_K m=5120 n=5 k=6144: 1 x 68.84 us = 68.84 us (4569.25 GFLOPS/s)
MUL_MAT_VEC q6_K m=1024 n=5 k=5120: 2 x 9.56 us = 19.12 us (5483.65 GFLOPS/s)
MUL_MAT_VEC q6_K m=12288 n=5 k=5120: 1 x 125.41 us = 125.41 us (5016.22 GFLOPS/s)
MUL_MAT_VEC q6_K m=17408 n=5 k=5120: 2 x 130.62 us = 261.24 us (6822.86 GFLOPS/s)
MUL_MAT_VEC q8_0 m=5120 n=5 k=10240: 1 x 107.32 us = 107.32 us (4885.04 GFLOPS/s)
RMS_NORM_MUL RMS_NORM(256,24,5,1): 1 x 3.72 us = 3.72 us
RMS_NORM_MUL RMS_NORM(256,4,5,1): 1 x 3.64 us = 3.64 us
RMS_NORM_MUL RMS_NORM(5120,5,1,1): 5 x 11.424 us = 57.12 us
ROPE: 2 x 3.62 us = 7.24 us
SET_ROWS: 2 x 2.66 us = 5.32 us
SIGMOID_MUL SIGMOID: 1 x 1.68 us = 1.68 us
Total time: 869.56 us.
----------------
Vulkan Timings:
CONCAT: 1 x 3.64 us = 3.64 us
CONT: 1 x 3.44 us = 3.44 us
FLASH_ATTN_EXT dst(256,24,1,1),  q(256,1,24,1),  k(256,256,4,1),  v(256,256,4,1),  m(256,1,1,1): 1 x 12.4 us = 12.4 us (507.375 GFLOPS/s)
GET_ROWS: 2 x 4.28 us = 8.56 us
GLU: 1 x 1.6 us = 1.6 us
MUL_MAT f32 m=256 n=24 k=256: 1 x 1.52 us = 1.52 us (2065.52 GFLOPS/s)
MUL_MAT f32 m=64 n=16 k=64: 1 x 1.8 us = 1.8 us (72.2489 GFLOPS/s)
MUL_MAT f32 m=64 n=96 k=64: 1 x 3.16 us = 3.16 us (246.927 GFLOPS/s)
MUL_MAT_ADD MUL_MAT_VEC q6_K m=5120 n=1 k=17408: 1 x 131.28 us = 131.28 us (1357.81 GFLOPS/s)
MUL_MAT_ADD MUL_MAT_VEC q6_K m=5120 n=1 k=6144: 1 x 54.64 us = 54.64 us (1151.34 GFLOPS/s)
MUL_MAT_VEC f32 m=256 n=4 k=256: 1 x 3 us = 3 us (174.421 GFLOPS/s)
MUL_MAT_VEC q6_K m=1024 n=1 k=5120: 2 x 9.28 us = 18.56 us (1129.82 GFLOPS/s)
MUL_MAT_VEC q6_K m=12288 n=1 k=5120: 1 x 90.24 us = 90.24 us (1394.25 GFLOPS/s)
MUL_MAT_VEC q6_K m=17408 n=1 k=5120: 2 x 118.04 us = 236.08 us (1510 GFLOPS/s)
MUL_MAT_VEC q6_K m=98304 n=1 k=5120: 1 x 674.24 us = 674.24 us (1492.84 GFLOPS/s)
MUL_MAT_VEC q8_0 m=5120 n=1 k=10240: 1 x 92.92 us = 92.92 us (1128.42 GFLOPS/s)
PAD: 1 x 6.28 us = 6.28 us
RMS_NORM_MUL RMS_NORM(256,24,1,1): 1 x 3.16 us = 3.16 us
RMS_NORM_MUL RMS_NORM(256,4,1,1): 1 x 4.84 us = 4.84 us
RMS_NORM_MUL RMS_NORM(5120,1,1,1): 5 x 4.048 us = 20.24 us
ROPE: 2 x 3.32 us = 6.64 us
SET_ROWS: 2 x 2.6 us = 5.2 us
SIGMOID_MUL SIGMOID: 1 x 1.52 us = 1.52 us
TOP_K K=10 (98304,1,1,1): 1 x 8.8 us = 8.8 us
Total time: 1393.76 us.
----------------
Vulkan Timings:
CONCAT: 1 x 3.68 us = 3.68 us
CONT: 1 x 3.56 us = 3.56 us
FLASH_ATTN_EXT dst(256,24,1,1),  q(256,1,24,1),  k(256,256,4,1),  v(256,256,4,1),  m(256,1,1,1): 1 x 12.68 us = 12.68 us (496.172 GFLOPS/s)
GET_ROWS: 2 x 4.14 us = 8.28 us
GLU: 1 x 1.76 us = 1.76 us
MUL_MAT f32 m=256 n=24 k=256: 1 x 1.64 us = 1.64 us (1914.38 GFLOPS/s)
MUL_MAT f32 m=64 n=16 k=64: 1 x 3.6 us = 3.6 us (36.1244 GFLOPS/s)
MUL_MAT f32 m=64 n=96 k=64: 1 x 3.6 us = 3.6 us (216.747 GFLOPS/s)
MUL_MAT_ADD MUL_MAT_VEC q6_K m=5120 n=1 k=17408: 1 x 124.24 us = 124.24 us (1434.75 GFLOPS/s)
MUL_MAT_ADD MUL_MAT_VEC q6_K m=5120 n=1 k=6144: 1 x 54.32 us = 54.32 us (1158.13 GFLOPS/s)
MUL_MAT_VEC f32 m=256 n=4 k=256: 1 x 3 us = 3 us (174.421 GFLOPS/s)
MUL_MAT_VEC q6_K m=1024 n=1 k=5120: 2 x 9.02 us = 18.04 us (1162.39 GFLOPS/s)
MUL_MAT_VEC q6_K m=12288 n=1 k=5120: 1 x 85.44 us = 85.44 us (1472.58 GFLOPS/s)
MUL_MAT_VEC q6_K m=17408 n=1 k=5120: 2 x 121.34 us = 242.68 us (1468.93 GFLOPS/s)
MUL_MAT_VEC q6_K m=98304 n=1 k=5120: 1 x 674.29 us = 674.29 us (1492.73 GFLOPS/s)
MUL_MAT_VEC q8_0 m=5120 n=1 k=10240: 1 x 101.04 us = 101.04 us (1037.73 GFLOPS/s)
PAD: 1 x 6.24 us = 6.24 us
RMS_NORM_MUL RMS_NORM(256,24,1,1): 1 x 3.6 us = 3.6 us
RMS_NORM_MUL RMS_NORM(256,4,1,1): 1 x 3.56 us = 3.56 us
RMS_NORM_MUL RMS_NORM(5120,1,1,1): 5 x 3.712 us = 18.56 us
ROPE: 2 x 3.56 us = 7.12 us
SET_ROWS: 2 x 2.6 us = 5.2 us
SIGMOID_MUL SIGMOID: 1 x 1.68 us = 1.68 us
TOP_K K=10 (98304,1,1,1): 1 x 9 us = 9 us
Total time: 1396.81 us.
----------------
Vulkan Timings:
CONCAT: 1 x 3.72 us = 3.72 us
CONT: 1 x 3.6 us = 3.6 us
FLASH_ATTN_EXT dst(256,24,1,1),  q(256,1,24,1),  k(256,256,4,1),  v(256,256,4,1),  m(256,1,1,1): 1 x 12.72 us = 12.72 us (494.611 GFLOPS/s)
GET_ROWS: 2 x 8 us = 16 us
GLU: 1 x 1.76 us = 1.76 us
MUL_MAT f32 m=256 n=24 k=256: 1 x 1.64 us = 1.64 us (1914.38 GFLOPS/s)
MUL_MAT f32 m=64 n=16 k=64: 1 x 3.56 us = 3.56 us (36.5303 GFLOPS/s)
MUL_MAT f32 m=64 n=96 k=64: 1 x 3.6 us = 3.6 us (216.747 GFLOPS/s)
MUL_MAT_ADD MUL_MAT_VEC q6_K m=5120 n=1 k=17408: 1 x 123.64 us = 123.64 us (1441.71 GFLOPS/s)
MUL_MAT_ADD MUL_MAT_VEC q6_K m=5120 n=1 k=6144: 1 x 54.44 us = 54.44 us (1155.57 GFLOPS/s)
MUL_MAT_VEC f32 m=256 n=4 k=256: 1 x 3 us = 3 us (174.421 GFLOPS/s)
MUL_MAT_VEC q6_K m=1024 n=1 k=5120: 2 x 9.12 us = 18.24 us (1149.64 GFLOPS/s)
MUL_MAT_VEC q6_K m=12288 n=1 k=5120: 1 x 86 us = 86 us (1462.99 GFLOPS/s)
MUL_MAT_VEC q6_K m=17408 n=1 k=5120: 2 x 120.92 us = 241.84 us (1474.04 GFLOPS/s)
MUL_MAT_VEC q6_K m=98304 n=1 k=5120: 1 x 672.01 us = 672.01 us (1497.8 GFLOPS/s)
MUL_MAT_VEC q8_0 m=5120 n=1 k=10240: 1 x 101.04 us = 101.04 us (1037.73 GFLOPS/s)
PAD: 1 x 5.04 us = 5.04 us
RMS_NORM_MUL RMS_NORM(256,24,1,1): 1 x 3.56 us = 3.56 us
RMS_NORM_MUL RMS_NORM(256,4,1,1): 1 x 3.56 us = 3.56 us
RMS_NORM_MUL RMS_NORM(5120,1,1,1): 5 x 3.688 us = 18.44 us
ROPE: 2 x 3.54 us = 7.08 us
SET_ROWS: 2 x 2.62 us = 5.24 us
SIGMOID_MUL SIGMOID: 1 x 1.92 us = 1.92 us
TOP_K K=10 (98304,1,1,1): 1 x 8.48 us = 8.48 us
Total time: 1400.13 us.
----------------
Vulkan Timings:
CONCAT: 1 x 3.72 us = 3.72 us
CONT: 1 x 3.52 us = 3.52 us
FLASH_ATTN_EXT dst(256,24,1,1),  q(256,1,24,1),  k(256,256,4,1),  v(256,256,4,1),  m(256,1,1,1): 1 x 12.68 us = 12.68 us (496.172 GFLOPS/s)
GET_ROWS: 2 x 4.26 us = 8.52 us
GLU: 1 x 1.88 us = 1.88 us
MUL_MAT f32 m=256 n=24 k=256: 1 x 1.64 us = 1.64 us (1914.38 GFLOPS/s)
MUL_MAT f32 m=64 n=16 k=64: 1 x 3.6 us = 3.6 us (36.1244 GFLOPS/s)
MUL_MAT f32 m=64 n=96 k=64: 1 x 3.56 us = 3.56 us (219.182 GFLOPS/s)
MUL_MAT_ADD MUL_MAT_VEC q6_K m=5120 n=1 k=17408: 1 x 122.8 us = 122.8 us (1451.57 GFLOPS/s)
MUL_MAT_ADD MUL_MAT_VEC q6_K m=5120 n=1 k=6144: 1 x 53.56 us = 53.56 us (1174.56 GFLOPS/s)
MUL_MAT_VEC f32 m=256 n=4 k=256: 1 x 3 us = 3 us (174.421 GFLOPS/s)
MUL_MAT_VEC q6_K m=1024 n=1 k=5120: 2 x 9.12 us = 18.24 us (1149.64 GFLOPS/s)
MUL_MAT_VEC q6_K m=12288 n=1 k=5120: 1 x 85.96 us = 85.96 us (1463.67 GFLOPS/s)
MUL_MAT_VEC q6_K m=17408 n=1 k=5120: 2 x 121 us = 242 us (1473.06 GFLOPS/s)
MUL_MAT_VEC q6_K m=98304 n=1 k=5120: 1 x 672.68 us = 672.68 us (1496.31 GFLOPS/s)
MUL_MAT_VEC q8_0 m=5120 n=1 k=10240: 1 x 101.72 us = 101.72 us (1030.8 GFLOPS/s)
PAD: 1 x 6.32 us = 6.32 us
RMS_NORM_MUL RMS_NORM(256,24,1,1): 1 x 3.56 us = 3.56 us
RMS_NORM_MUL RMS_NORM(256,4,1,1): 1 x 3.56 us = 3.56 us
RMS_NORM_MUL RMS_NORM(5120,1,1,1): 5 x 3.616 us = 18.08 us
ROPE: 2 x 3.54 us = 7.08 us
SET_ROWS: 2 x 2.6 us = 5.2 us
SIGMOID_MUL SIGMOID: 1 x 1.64 us = 1.64 us
TOP_K K=10 (98304,1,1,1): 1 x 8.72 us = 8.72 us
Total time: 1393.24 us.
----------------
Vulkan Timings:
ADD: 48 x 3.724 us = 178.76 us
CONCAT: 48 x 2.414 us = 115.88 us
CONT: 16 x 3.775 us = 60.4 us
CPY: 240 x 2.201 us = 528.28 us
FLASH_ATTN_EXT dst(256,24,5,1),  q(256,5,24,1),  k(256,256,4,1),  v(256,256,4,1),  m(256,5,1,1): 16 x 20.802 us = 332.84 us (1512.19 GFLOPS/s)
GDN_CACHE GATED_DELTA_NET: 48 x 13.315 us = 639.16 us
GET_ROWS: 50 x 24.302 us = 1215.12 us
GLU: 64 x 2.935 us = 187.84 us
MUL_MAT f32 m=256 n=120 k=256: 16 x 1.795 us = 28.72 us (8745.36 GFLOPS/s)
MUL_MAT f32 m=256 n=20 k=256: 16 x 3.067 us = 49.08 us (852.916 GFLOPS/s)
MUL_MAT f32 m=64 n=480 k=64: 16 x 3.592 us = 57.48 us (1086 GFLOPS/s)
MUL_MAT f32 m=64 n=80 k=64: 16 x 3.232 us = 51.72 us (201.157 GFLOPS/s)
MUL_MAT_ADD MUL_MAT_VEC q6_K m=5120 n=5 k=17408: 64 x 137.898 us = 8825.48 us (6463.21 GFLOPS/s)
MUL_MAT_ADD MUL_MAT_VEC q6_K m=5120 n=5 k=6144: 16 x 59.602 us = 953.64 us (5277.42 GFLOPS/s)
MUL_MAT_VEC f32 m=48 n=5 k=5120: 96 x 3.414 us = 327.76 us (719.754 GFLOPS/s)
MUL_MAT_VEC q6_K m=1024 n=5 k=5120: 32 x 7.318 us = 234.2 us (7162.93 GFLOPS/s)
MUL_MAT_VEC q6_K m=10240 n=5 k=5120: 48 x 79.938 us = 3837.04 us (6558.02 GFLOPS/s)
MUL_MAT_VEC q6_K m=12288 n=5 k=5120: 16 x 97.88 us = 1566.08 us (6427.1 GFLOPS/s)
MUL_MAT_VEC q6_K m=17408 n=5 k=5120: 128 x 138.687 us = 17752 us (6425.99 GFLOPS/s)
MUL_MAT_VEC q6_K m=248320 n=5 k=5120: 1 x 1685.84 us = 1685.84 us (7540.89 GFLOPS/s)
MUL_MAT_VEC q6_K m=6144 n=5 k=5120: 48 x 53.289 us = 2557.88 us (5902.55 GFLOPS/s)
MUL_MAT_VEC q8_0 m=5120 n=5 k=6144: 48 x 63.097 us = 3028.68 us (4985.1 GFLOPS/s)
RMS_NORM_MUL RMS_NORM(256,24,5,1): 16 x 3.667 us = 58.68 us
RMS_NORM_MUL RMS_NORM(256,4,5,1): 16 x 4.352 us = 69.64 us
RMS_NORM_MUL RMS_NORM(5120,5,1,1): 129 x 4.588 us = 591.96 us
RMS_NORM_MUL_SILU_MUL RMS_NORM(128,48,5,1): 48 x 5.584 us = 268.04 us
RMS_NORM_SCALE RMS_NORM(128,16,5,1): 96 x 2.635 us = 252.96 us
ROPE: 32 x 3.801 us = 121.64 us
SET_ROWS: 32 x 2.862 us = 91.6 us
SIGMOID_MUL SIGMOID: 16 x 3.637 us = 58.2 us
SSM_CONV_SILU SSM_CONV: 48 x 5.63 us = 270.24 us
Total time: 45996.8 us.
----------------
Vulkan Timings:
CONCAT: 1 x 3.96 us = 3.96 us
CONT: 1 x 3.6 us = 3.6 us
FLASH_ATTN_EXT dst(256,24,5,1),  q(256,5,24,1),  k(256,256,4,1),  v(256,256,4,1),  m(256,5,1,1): 1 x 20.48 us = 20.48 us (1536 GFLOPS/s)
GLU: 1 x 1.48 us = 1.48 us
MUL_MAT f32 m=256 n=120 k=256: 1 x 1.68 us = 1.68 us (9344 GFLOPS/s)
MUL_MAT f32 m=256 n=20 k=256: 1 x 3.04 us = 3.04 us (860.632 GFLOPS/s)
MUL_MAT f32 m=64 n=480 k=64: 1 x 3.64 us = 3.64 us (1071.82 GFLOPS/s)
MUL_MAT f32 m=64 n=80 k=64: 1 x 3.56 us = 3.56 us (182.652 GFLOPS/s)
MUL_MAT_ADD MUL_MAT_VEC q6_K m=5120 n=5 k=17408: 1 x 165.1 us = 165.1 us (5398.33 GFLOPS/s)
MUL_MAT_ADD MUL_MAT_VEC q6_K m=5120 n=5 k=6144: 1 x 67.56 us = 67.56 us (4655.82 GFLOPS/s)
MUL_MAT_VEC q6_K m=1024 n=5 k=5120: 2 x 9.52 us = 19.04 us (5506.69 GFLOPS/s)
MUL_MAT_VEC q6_K m=12288 n=5 k=5120: 1 x 125.6 us = 125.6 us (5008.63 GFLOPS/s)
MUL_MAT_VEC q6_K m=17408 n=5 k=5120: 2 x 130.94 us = 261.88 us (6806.19 GFLOPS/s)
MUL_MAT_VEC q8_0 m=5120 n=5 k=10240: 1 x 104.24 us = 104.24 us (5029.38 GFLOPS/s)
RMS_NORM_MUL RMS_NORM(256,24,5,1): 1 x 3.76 us = 3.76 us
RMS_NORM_MUL RMS_NORM(256,4,5,1): 1 x 3.56 us = 3.56 us
RMS_NORM_MUL RMS_NORM(5120,5,1,1): 5 x 7.886 us = 39.43 us
ROPE: 2 x 3.6 us = 7.2 us
SET_ROWS: 2 x 2.64 us = 5.28 us
SIGMOID_MUL SIGMOID: 1 x 1.72 us = 1.72 us
Total time: 845.81 us.
----------------
Vulkan Timings:
CONCAT: 1 x 3.64 us = 3.64 us
CONT: 1 x 3.48 us = 3.48 us
FLASH_ATTN_EXT dst(256,24,1,1),  q(256,1,24,1),  k(256,256,4,1),  v(256,256,4,1),  m(256,1,1,1): 1 x 12.48 us = 12.48 us (504.123 GFLOPS/s)
GET_ROWS: 2 x 4.26 us = 8.52 us
GLU: 1 x 1.56 us = 1.56 us
MUL_MAT f32 m=256 n=24 k=256: 1 x 1.48 us = 1.48 us (2121.34 GFLOPS/s)
MUL_MAT f32 m=64 n=16 k=64: 1 x 1.8 us = 1.8 us (72.2489 GFLOPS/s)
MUL_MAT f32 m=64 n=96 k=64: 1 x 3.2 us = 3.2 us (243.84 GFLOPS/s)
MUL_MAT_ADD MUL_MAT_VEC q6_K m=5120 n=1 k=17408: 1 x 130.08 us = 130.08 us (1370.33 GFLOPS/s)
MUL_MAT_ADD MUL_MAT_VEC q6_K m=5120 n=1 k=6144: 1 x 55.28 us = 55.28 us (1138.01 GFLOPS/s)
MUL_MAT_VEC f32 m=256 n=4 k=256: 1 x 3 us = 3 us (174.421 GFLOPS/s)
MUL_MAT_VEC q6_K m=1024 n=1 k=5120: 2 x 9.38 us = 18.76 us (1117.78 GFLOPS/s)
MUL_MAT_VEC q6_K m=12288 n=1 k=5120: 1 x 90.4 us = 90.4 us (1391.78 GFLOPS/s)
MUL_MAT_VEC q6_K m=17408 n=1 k=5120: 2 x 118 us = 236 us (1510.51 GFLOPS/s)
MUL_MAT_VEC q6_K m=98304 n=1 k=5120: 1 x 673.31 us = 673.31 us (1494.91 GFLOPS/s)
MUL_MAT_VEC q8_0 m=5120 n=1 k=10240: 1 x 91.24 us = 91.24 us (1149.19 GFLOPS/s)
PAD: 1 x 6.32 us = 6.32 us
RMS_NORM_MUL RMS_NORM(256,24,1,1): 1 x 3.16 us = 3.16 us
RMS_NORM_MUL RMS_NORM(256,4,1,1): 1 x 4.8 us = 4.8 us
RMS_NORM_MUL RMS_NORM(5120,1,1,1): 5 x 4.296 us = 21.48 us
ROPE: 2 x 3.32 us = 6.64 us
SET_ROWS: 2 x 2.56 us = 5.12 us
SIGMOID_MUL SIGMOID: 1 x 1.84 us = 1.84 us
TOP_K K=10 (98304,1,1,1): 1 x 8.68 us = 8.68 us
Total time: 1392.27 us.
----------------
Vulkan Timings:
CONCAT: 1 x 3.76 us = 3.76 us
CONT: 1 x 3.6 us = 3.6 us
FLASH_ATTN_EXT dst(256,24,1,1),  q(256,1,24,1),  k(256,256,4,1),  v(256,256,4,1),  m(256,1,1,1): 1 x 12.8 us = 12.8 us (491.52 GFLOPS/s)
GET_ROWS: 2 x 4.26 us = 8.52 us
GLU: 1 x 1.8 us = 1.8 us
MUL_MAT f32 m=256 n=24 k=256: 1 x 1.64 us = 1.64 us (1914.38 GFLOPS/s)
MUL_MAT f32 m=64 n=16 k=64: 1 x 3.56 us = 3.56 us (36.5303 GFLOPS/s)
MUL_MAT f32 m=64 n=96 k=64: 1 x 3.56 us = 3.56 us (219.182 GFLOPS/s)
MUL_MAT_ADD MUL_MAT_VEC q6_K m=5120 n=1 k=17408: 1 x 122.8 us = 122.8 us (1451.57 GFLOPS/s)
MUL_MAT_ADD MUL_MAT_VEC q6_K m=5120 n=1 k=6144: 1 x 53.36 us = 53.36 us (1178.96 GFLOPS/s)
MUL_MAT_VEC f32 m=256 n=4 k=256: 1 x 3 us = 3 us (174.421 GFLOPS/s)
MUL_MAT_VEC q6_K m=1024 n=1 k=5120: 2 x 9.04 us = 18.08 us (1159.82 GFLOPS/s)
MUL_MAT_VEC q6_K m=12288 n=1 k=5120: 1 x 85.56 us = 85.56 us (1470.51 GFLOPS/s)
MUL_MAT_VEC q6_K m=17408 n=1 k=5120: 2 x 121.2 us = 242.4 us (1470.63 GFLOPS/s)
MUL_MAT_VEC q6_K m=98304 n=1 k=5120: 1 x 672.39 us = 672.39 us (1496.95 GFLOPS/s)
MUL_MAT_VEC q8_0 m=5120 n=1 k=10240: 1 x 101.4 us = 101.4 us (1034.05 GFLOPS/s)
PAD: 1 x 6.24 us = 6.24 us
RMS_NORM_MUL RMS_NORM(256,24,1,1): 1 x 3.56 us = 3.56 us
RMS_NORM_MUL RMS_NORM(256,4,1,1): 1 x 3.56 us = 3.56 us
RMS_NORM_MUL RMS_NORM(5120,1,1,1): 5 x 3.72 us = 18.6 us
ROPE: 2 x 3.52 us = 7.04 us
SET_ROWS: 2 x 2.6 us = 5.2 us
SIGMOID_MUL SIGMOID: 1 x 1.68 us = 1.68 us
TOP_K K=10 (98304,1,1,1): 1 x 8.96 us = 8.96 us
Total time: 1393.07 us.
----------------
Vulkan Timings:
CONCAT: 1 x 3.88 us = 3.88 us
CONT: 1 x 3.56 us = 3.56 us
FLASH_ATTN_EXT dst(256,24,1,1),  q(256,1,24,1),  k(256,256,4,1),  v(256,256,4,1),  m(256,1,1,1): 1 x 14.56 us = 14.56 us (432.105 GFLOPS/s)
GET_ROWS: 2 x 4.26 us = 8.52 us
GLU: 1 x 1.84 us = 1.84 us
MUL_MAT f32 m=256 n=24 k=256: 1 x 2.2 us = 2.2 us (1427.08 GFLOPS/s)
MUL_MAT f32 m=64 n=16 k=64: 1 x 3.6 us = 3.6 us (36.1244 GFLOPS/s)
MUL_MAT f32 m=64 n=96 k=64: 1 x 3.56 us = 3.56 us (219.182 GFLOPS/s)
MUL_MAT_ADD MUL_MAT_VEC q6_K m=5120 n=1 k=17408: 1 x 123.4 us = 123.4 us (1444.51 GFLOPS/s)
MUL_MAT_ADD MUL_MAT_VEC q6_K m=5120 n=1 k=6144: 1 x 55.24 us = 55.24 us (1138.84 GFLOPS/s)
MUL_MAT_VEC f32 m=256 n=4 k=256: 1 x 0.72 us = 0.72 us (726.756 GFLOPS/s)
MUL_MAT_VEC q6_K m=1024 n=1 k=5120: 2 x 5.94 us = 11.88 us (1765.11 GFLOPS/s)
MUL_MAT_VEC q6_K m=12288 n=1 k=5120: 1 x 93.32 us = 93.32 us (1348.23 GFLOPS/s)
MUL_MAT_VEC q6_K m=17408 n=1 k=5120: 2 x 121.44 us = 242.88 us (1467.72 GFLOPS/s)
MUL_MAT_VEC q6_K m=98304 n=1 k=5120: 1 x 673.84 us = 673.84 us (1493.73 GFLOPS/s)
MUL_MAT_VEC q8_0 m=5120 n=1 k=10240: 1 x 100.76 us = 100.76 us (1040.62 GFLOPS/s)
PAD: 1 x 6.24 us = 6.24 us
RMS_NORM_MUL RMS_NORM(256,24,1,1): 1 x 3.6 us = 3.6 us
RMS_NORM_MUL RMS_NORM(256,4,1,1): 1 x 3.56 us = 3.56 us
RMS_NORM_MUL RMS_NORM(5120,1,1,1): 5 x 3.688 us = 18.44 us
ROPE: 2 x 3.56 us = 7.12 us
SET_ROWS: 2 x 2.78 us = 5.56 us
SIGMOID_MUL SIGMOID: 1 x 1.64 us = 1.64 us
TOP_K K=10 (98304,1,1,1): 1 x 8.96 us = 8.96 us
Total time: 1398.88 us.
----------------
Vulkan Timings:
CONCAT: 1 x 3.68 us = 3.68 us
CONT: 1 x 3.6 us = 3.6 us
FLASH_ATTN_EXT dst(256,24,1,1),  q(256,1,24,1),  k(256,256,4,1),  v(256,256,4,1),  m(256,1,1,1): 1 x 12.8 us = 12.8 us (491.52 GFLOPS/s)
GET_ROWS: 2 x 5.38 us = 10.76 us
GLU: 1 x 1.76 us = 1.76 us
MUL_MAT f32 m=256 n=24 k=256: 1 x 1.68 us = 1.68 us (1868.8 GFLOPS/s)
MUL_MAT f32 m=64 n=16 k=64: 1 x 3.52 us = 3.52 us (36.9455 GFLOPS/s)
MUL_MAT f32 m=64 n=96 k=64: 1 x 3.6 us = 3.6 us (216.747 GFLOPS/s)
MUL_MAT_ADD MUL_MAT_VEC q6_K m=5120 n=1 k=17408: 1 x 123.28 us = 123.28 us (1445.92 GFLOPS/s)
MUL_MAT_ADD MUL_MAT_VEC q6_K m=5120 n=1 k=6144: 1 x 53.68 us = 53.68 us (1171.93 GFLOPS/s)
MUL_MAT_VEC f32 m=256 n=4 k=256: 1 x 2.96 us = 2.96 us (176.778 GFLOPS/s)
MUL_MAT_VEC q6_K m=1024 n=1 k=5120: 2 x 9.18 us = 18.36 us (1142.13 GFLOPS/s)
MUL_MAT_VEC q6_K m=12288 n=1 k=5120: 1 x 85.56 us = 85.56 us (1470.51 GFLOPS/s)
MUL_MAT_VEC q6_K m=17408 n=1 k=5120: 2 x 121.3 us = 242.6 us (1469.42 GFLOPS/s)
MUL_MAT_VEC q6_K m=98304 n=1 k=5120: 1 x 723.35 us = 723.35 us (1391.49 GFLOPS/s)
MUL_MAT_VEC q8_0 m=5120 n=1 k=10240: 1 x 100.72 us = 100.72 us (1041.03 GFLOPS/s)
PAD: 1 x 6.24 us = 6.24 us
RMS_NORM_MUL RMS_NORM(256,24,1,1): 1 x 3.56 us = 3.56 us
RMS_NORM_MUL RMS_NORM(256,4,1,1): 1 x 3.52 us = 3.52 us
RMS_NORM_MUL RMS_NORM(5120,1,1,1): 5 x 3.696 us = 18.48 us
ROPE: 2 x 3.52 us = 7.04 us
SET_ROWS: 2 x 2.6 us = 5.2 us
SIGMOID_MUL SIGMOID: 1 x 1.68 us = 1.68 us
TOP_K K=10 (98304,1,1,1): 1 x 8.44 us = 8.44 us
Total time: 1446.07 us.
----------------
Vulkan Timings:
ADD: 48 x 3.707 us = 177.96 us
CONCAT: 48 x 2.447 us = 117.48 us
CONT: 16 x 3.767 us = 60.28 us
CPY: 240 x 2.187 us = 524.92 us
FLASH_ATTN_EXT dst(256,24,5,1),  q(256,5,24,1),  k(256,256,4,1),  v(256,256,4,1),  m(256,5,1,1): 16 x 20.595 us = 329.52 us (1527.42 GFLOPS/s)
GDN_CACHE GATED_DELTA_NET: 48 x 13.148 us = 631.12 us
GET_ROWS: 50 x 24.323 us = 1216.16 us
GLU: 64 x 2.935 us = 187.84 us
MUL_MAT f32 m=256 n=120 k=256: 16 x 1.785 us = 28.56 us (8794.35 GFLOPS/s)
MUL_MAT f32 m=256 n=20 k=256: 16 x 3.062 us = 49 us (854.309 GFLOPS/s)
MUL_MAT f32 m=64 n=480 k=64: 16 x 3.58 us = 57.28 us (1089.79 GFLOPS/s)
MUL_MAT f32 m=64 n=80 k=64: 16 x 3.22 us = 51.52 us (201.938 GFLOPS/s)
MUL_MAT_ADD MUL_MAT_VEC q6_K m=5120 n=5 k=17408: 64 x 138.398 us = 8857.48 us (6439.86 GFLOPS/s)
MUL_MAT_ADD MUL_MAT_VEC q6_K m=5120 n=5 k=6144: 16 x 59.76 us = 956.16 us (5263.51 GFLOPS/s)
MUL_MAT_VEC f32 m=48 n=5 k=5120: 96 x 3.395 us = 325.92 us (723.817 GFLOPS/s)
MUL_MAT_VEC q6_K m=1024 n=5 k=5120: 32 x 6.99 us = 223.68 us (7499.81 GFLOPS/s)
MUL_MAT_VEC q6_K m=10240 n=5 k=5120: 48 x 79.897 us = 3835.08 us (6561.37 GFLOPS/s)
MUL_MAT_VEC q6_K m=12288 n=5 k=5120: 16 x 98.577 us = 1577.24 us (6381.62 GFLOPS/s)
MUL_MAT_VEC q6_K m=17408 n=5 k=5120: 128 x 138.437 us = 17720 us (6437.58 GFLOPS/s)
MUL_MAT_VEC q6_K m=248320 n=5 k=5120: 1 x 1686.48 us = 1686.48 us (7538.03 GFLOPS/s)
MUL_MAT_VEC q6_K m=6144 n=5 k=5120: 48 x 53.395 us = 2563 us (5890.76 GFLOPS/s)
MUL_MAT_VEC q8_0 m=5120 n=5 k=6144: 48 x 63.046 us = 3026.24 us (4989.12 GFLOPS/s)
RMS_NORM_MUL RMS_NORM(256,24,5,1): 16 x 3.66 us = 58.56 us
RMS_NORM_MUL RMS_NORM(256,4,5,1): 16 x 4.325 us = 69.2 us
RMS_NORM_MUL RMS_NORM(5120,5,1,1): 129 x 4.575 us = 590.24 us
RMS_NORM_MUL_SILU_MUL RMS_NORM(128,48,5,1): 48 x 5.549 us = 266.36 us
RMS_NORM_SCALE RMS_NORM(128,16,5,1): 96 x 2.621 us = 251.68 us
ROPE: 32 x 3.778 us = 120.92 us
SET_ROWS: 32 x 2.911 us = 93.16 us
SIGMOID_MUL SIGMOID: 16 x 3.617 us = 57.88 us
SSM_CONV_SILU SSM_CONV: 48 x 5.598 us = 268.72 us
Total time: 45979.6 us.
----------------
Vulkan Timings:
CONCAT: 1 x 3.92 us = 3.92 us
CONT: 1 x 3.64 us = 3.64 us
FLASH_ATTN_EXT dst(256,24,5,1),  q(256,5,24,1),  k(256,256,4,1),  v(256,256,4,1),  m(256,5,1,1): 1 x 20.44 us = 20.44 us (1539.01 GFLOPS/s)
GLU: 1 x 1.56 us = 1.56 us
MUL_MAT f32 m=256 n=120 k=256: 1 x 1.72 us = 1.72 us (9126.7 GFLOPS/s)
MUL_MAT f32 m=256 n=20 k=256: 1 x 3.04 us = 3.04 us (860.632 GFLOPS/s)
MUL_MAT f32 m=64 n=480 k=64: 1 x 3.64 us = 3.64 us (1071.82 GFLOPS/s)
MUL_MAT f32 m=64 n=80 k=64: 1 x 3.56 us = 3.56 us (182.652 GFLOPS/s)
MUL_MAT_ADD MUL_MAT_VEC q6_K m=5120 n=5 k=17408: 1 x 171.58 us = 171.58 us (5194.45 GFLOPS/s)
MUL_MAT_ADD MUL_MAT_VEC q6_K m=5120 n=5 k=6144: 1 x 65.68 us = 65.68 us (4789.09 GFLOPS/s)
MUL_MAT_VEC q6_K m=1024 n=5 k=5120: 2 x 9.42 us = 18.84 us (5565.15 GFLOPS/s)
MUL_MAT_VEC q6_K m=12288 n=5 k=5120: 1 x 127.07 us = 127.07 us (4950.69 GFLOPS/s)
MUL_MAT_VEC q6_K m=17408 n=5 k=5120: 2 x 131.52 us = 263.04 us (6776.18 GFLOPS/s)
MUL_MAT_VEC q8_0 m=5120 n=5 k=10240: 1 x 104.68 us = 104.68 us (5008.24 GFLOPS/s)
RMS_NORM_MUL RMS_NORM(256,24,5,1): 1 x 3.72 us = 3.72 us
RMS_NORM_MUL RMS_NORM(256,4,5,1): 1 x 3.56 us = 3.56 us
RMS_NORM_MUL RMS_NORM(5120,5,1,1): 5 x 7.476 us = 37.38 us
ROPE: 2 x 3.6 us = 7.2 us
SET_ROWS: 2 x 2.7 us = 5.4 us
SIGMOID_MUL SIGMOID: 1 x 2.6 us = 2.6 us
Total time: 852.27 us.
----------------
Vulkan Timings:
CONCAT: 1 x 3.64 us = 3.64 us
CONT: 1 x 3.52 us = 3.52 us
FLASH_ATTN_EXT dst(256,24,1,1),  q(256,1,24,1),  k(256,256,4,1),  v(256,256,4,1),  m(256,1,1,1): 1 x 12.44 us = 12.44 us (505.744 GFLOPS/s)
GET_ROWS: 2 x 4.32 us = 8.64 us
GLU: 1 x 1.6 us = 1.6 us
MUL_MAT f32 m=256 n=24 k=256: 1 x 1.56 us = 1.56 us (2012.55 GFLOPS/s)
MUL_MAT f32 m=64 n=16 k=64: 1 x 1.8 us = 1.8 us (72.2489 GFLOPS/s)
MUL_MAT f32 m=64 n=96 k=64: 1 x 3.2 us = 3.2 us (243.84 GFLOPS/s)
MUL_MAT_ADD MUL_MAT_VEC q6_K m=5120 n=1 k=17408: 1 x 130 us = 130 us (1371.18 GFLOPS/s)
MUL_MAT_ADD MUL_MAT_VEC q6_K m=5120 n=1 k=6144: 1 x 54.04 us = 54.04 us (1164.13 GFLOPS/s)
MUL_MAT_VEC f32 m=256 n=4 k=256: 1 x 3 us = 3 us (174.421 GFLOPS/s)
MUL_MAT_VEC q6_K m=1024 n=1 k=5120: 2 x 9.28 us = 18.56 us (1129.82 GFLOPS/s)
MUL_MAT_VEC q6_K m=12288 n=1 k=5120: 1 x 89.56 us = 89.56 us (1404.83 GFLOPS/s)
MUL_MAT_VEC q6_K m=17408 n=1 k=5120: 2 x 117.86 us = 235.72 us (1512.31 GFLOPS/s)
MUL_MAT_VEC q6_K m=98304 n=1 k=5120: 1 x 673.37 us = 673.37 us (1494.77 GFLOPS/s)
MUL_MAT_VEC q8_0 m=5120 n=1 k=10240: 1 x 91.72 us = 91.72 us (1143.18 GFLOPS/s)
PAD: 1 x 6.32 us = 6.32 us
RMS_NORM_MUL RMS_NORM(256,24,1,1): 1 x 3.16 us = 3.16 us
RMS_NORM_MUL RMS_NORM(256,4,1,1): 1 x 4.8 us = 4.8 us
RMS_NORM_MUL RMS_NORM(5120,1,1,1): 5 x 4.368 us = 21.84 us
ROPE: 2 x 3.28 us = 6.56 us
SET_ROWS: 2 x 2.56 us = 5.12 us
SIGMOID_MUL SIGMOID: 1 x 1.8 us = 1.8 us
TOP_K K=10 (98304,1,1,1): 1 x 9.2 us = 9.2 us
Total time: 1391.17 us.
----------------
Vulkan Timings:
CONCAT: 1 x 3.96 us = 3.96 us
CONT: 1 x 3.56 us = 3.56 us
FLASH_ATTN_EXT dst(256,24,1,1),  q(256,1,24,1),  k(256,256,4,1),  v(256,256,4,1),  m(256,1,1,1): 1 x 13 us = 13 us (483.958 GFLOPS/s)
GET_ROWS: 2 x 4.16 us = 8.32 us
GLU: 1 x 1.88 us = 1.88 us
MUL_MAT f32 m=256 n=24 k=256: 1 x 1.64 us = 1.64 us (1914.38 GFLOPS/s)
MUL_MAT f32 m=64 n=16 k=64: 1 x 3.56 us = 3.56 us (36.5303 GFLOPS/s)
MUL_MAT f32 m=64 n=96 k=64: 1 x 3.56 us = 3.56 us (219.182 GFLOPS/s)
MUL_MAT_ADD MUL_MAT_VEC q6_K m=5120 n=1 k=17408: 1 x 123.6 us = 123.6 us (1442.17 GFLOPS/s)
MUL_MAT_ADD MUL_MAT_VEC q6_K m=5120 n=1 k=6144: 1 x 53.84 us = 53.84 us (1168.45 GFLOPS/s)
MUL_MAT_VEC f32 m=256 n=4 k=256: 1 x 3 us = 3 us (174.421 GFLOPS/s)
MUL_MAT_VEC q6_K m=1024 n=1 k=5120: 2 x 9.22 us = 18.44 us (1137.17 GFLOPS/s)
MUL_MAT_VEC q6_K m=12288 n=1 k=5120: 1 x 85.36 us = 85.36 us (1473.96 GFLOPS/s)
MUL_MAT_VEC q6_K m=17408 n=1 k=5120: 2 x 121.2 us = 242.4 us (1470.63 GFLOPS/s)
MUL_MAT_VEC q6_K m=98304 n=1 k=5120: 1 x 674.91 us = 674.91 us (1491.36 GFLOPS/s)
MUL_MAT_VEC q8_0 m=5120 n=1 k=10240: 1 x 101.12 us = 101.12 us (1036.91 GFLOPS/s)
PAD: 1 x 6.32 us = 6.32 us
RMS_NORM_MUL RMS_NORM(256,24,1,1): 1 x 3.56 us = 3.56 us
RMS_NORM_MUL RMS_NORM(256,4,1,1): 1 x 3.56 us = 3.56 us
RMS_NORM_MUL RMS_NORM(5120,1,1,1): 5 x 3.752 us = 18.76 us
ROPE: 2 x 3.58 us = 7.16 us
SET_ROWS: 2 x 2.62 us = 5.24 us
SIGMOID_MUL SIGMOID: 1 x 1.64 us = 1.64 us
TOP_K K=10 (98304,1,1,1): 1 x 8.6 us = 8.6 us
Total time: 1396.99 us.
----------------
Vulkan Timings:
CONCAT: 1 x 3.64 us = 3.64 us
CONT: 1 x 3.6 us = 3.6 us
FLASH_ATTN_EXT dst(256,24,1,1),  q(256,1,24,1),  k(256,256,4,1),  v(256,256,4,1),  m(256,1,1,1): 1 x 12.68 us = 12.68 us (496.172 GFLOPS/s)
GET_ROWS: 2 x 5.28 us = 10.56 us
GLU: 1 x 1.72 us = 1.72 us
MUL_MAT f32 m=256 n=24 k=256: 1 x 1.64 us = 1.64 us (1914.38 GFLOPS/s)
MUL_MAT f32 m=64 n=16 k=64: 1 x 3.6 us = 3.6 us (36.1244 GFLOPS/s)
MUL_MAT f32 m=64 n=96 k=64: 1 x 3.6 us = 3.6 us (216.747 GFLOPS/s)
MUL_MAT_ADD MUL_MAT_VEC q6_K m=5120 n=1 k=17408: 1 x 123.68 us = 123.68 us (1441.24 GFLOPS/s)
MUL_MAT_ADD MUL_MAT_VEC q6_K m=5120 n=1 k=6144: 1 x 54.76 us = 54.76 us (1148.82 GFLOPS/s)
MUL_MAT_VEC f32 m=256 n=4 k=256: 1 x 3 us = 3 us (174.421 GFLOPS/s)
MUL_MAT_VEC q6_K m=1024 n=1 k=5120: 2 x 9.04 us = 18.08 us (1159.82 GFLOPS/s)
MUL_MAT_VEC q6_K m=12288 n=1 k=5120: 1 x 85.36 us = 85.36 us (1473.96 GFLOPS/s)
MUL_MAT_VEC q6_K m=17408 n=1 k=5120: 2 x 121.2 us = 242.4 us (1470.63 GFLOPS/s)
MUL_MAT_VEC q6_K m=98304 n=1 k=5120: 1 x 673.98 us = 673.98 us (1493.42 GFLOPS/s)
MUL_MAT_VEC q8_0 m=5120 n=1 k=10240: 1 x 101.32 us = 101.32 us (1034.86 GFLOPS/s)
PAD: 1 x 6.32 us = 6.32 us
RMS_NORM_MUL RMS_NORM(256,24,1,1): 1 x 3.64 us = 3.64 us
RMS_NORM_MUL RMS_NORM(256,4,1,1): 1 x 3.52 us = 3.52 us
RMS_NORM_MUL RMS_NORM(5120,1,1,1): 5 x 3.696 us = 18.48 us
ROPE: 2 x 3.52 us = 7.04 us
SET_ROWS: 2 x 2.6 us = 5.2 us
SIGMOID_MUL SIGMOID: 1 x 1.68 us = 1.68 us
TOP_K K=10 (98304,1,1,1): 1 x 8.6 us = 8.6 us
Total time: 1398.1 us.
----------------
Vulkan Timings:
CONCAT: 1 x 3.72 us = 3.72 us
CONT: 1 x 3.6 us = 3.6 us
FLASH_ATTN_EXT dst(256,24,1,1),  q(256,1,24,1),  k(256,256,4,1),  v(256,256,4,1),  m(256,1,1,1): 1 x 12.84 us = 12.84 us (489.989 GFLOPS/s)
GET_ROWS: 2 x 4.28 us = 8.56 us
GLU: 1 x 1.8 us = 1.8 us
MUL_MAT f32 m=256 n=24 k=256: 1 x 1.68 us = 1.68 us (1868.8 GFLOPS/s)
MUL_MAT f32 m=64 n=16 k=64: 1 x 3.56 us = 3.56 us (36.5303 GFLOPS/s)
MUL_MAT f32 m=64 n=96 k=64: 1 x 3.56 us = 3.56 us (219.182 GFLOPS/s)
MUL_MAT_ADD MUL_MAT_VEC q6_K m=5120 n=1 k=17408: 1 x 122.56 us = 122.56 us (1454.41 GFLOPS/s)
MUL_MAT_ADD MUL_MAT_VEC q6_K m=5120 n=1 k=6144: 1 x 53.56 us = 53.56 us (1174.56 GFLOPS/s)
MUL_MAT_VEC f32 m=256 n=4 k=256: 1 x 3 us = 3 us (174.421 GFLOPS/s)
MUL_MAT_VEC q6_K m=1024 n=1 k=5120: 2 x 9.14 us = 18.28 us (1147.13 GFLOPS/s)
MUL_MAT_VEC q6_K m=12288 n=1 k=5120: 1 x 85.48 us = 85.48 us (1471.89 GFLOPS/s)
MUL_MAT_VEC q6_K m=17408 n=1 k=5120: 2 x 121.74 us = 243.48 us (1464.11 GFLOPS/s)
MUL_MAT_VEC q6_K m=98304 n=1 k=5120: 1 x 674.55 us = 674.55 us (1492.16 GFLOPS/s)
MUL_MAT_VEC q8_0 m=5120 n=1 k=10240: 1 x 101 us = 101 us (1038.14 GFLOPS/s)
PAD: 1 x 6.08 us = 6.08 us
RMS_NORM_MUL RMS_NORM(256,24,1,1): 1 x 3.56 us = 3.56 us
RMS_NORM_MUL RMS_NORM(256,4,1,1): 1 x 3.6 us = 3.6 us
RMS_NORM_MUL RMS_NORM(5120,1,1,1): 5 x 3.712 us = 18.56 us
ROPE: 2 x 3.52 us = 7.04 us
SET_ROWS: 2 x 2.62 us = 5.24 us
SIGMOID_MUL SIGMOID: 1 x 1.64 us = 1.64 us
TOP_K K=10 (98304,1,1,1): 1 x 8.68 us = 8.68 us
Total time: 1395.63 us.
----------------
Vulkan Timings:
ADD: 48 x 3.692 us = 177.24 us
CONCAT: 48 x 2.359 us = 113.24 us
CONT: 16 x 3.75 us = 60 us
CPY: 240 x 2.193 us = 526.44 us
FLASH_ATTN_EXT dst(256,24,5,1),  q(256,5,24,1),  k(256,256,4,1),  v(256,256,4,1),  m(256,5,1,1): 16 x 20.662 us = 330.6 us (1522.43 GFLOPS/s)
GDN_CACHE GATED_DELTA_NET: 48 x 13.04 us = 625.92 us
GET_ROWS: 50 x 24.327 us = 1216.36 us
GLU: 64 x 2.882 us = 184.48 us
MUL_MAT f32 m=256 n=120 k=256: 16 x 1.817 us = 29.08 us (8637.09 GFLOPS/s)
MUL_MAT f32 m=256 n=20 k=256: 16 x 2.9 us = 46.4 us (902.179 GFLOPS/s)
MUL_MAT f32 m=64 n=480 k=64: 16 x 3.56 us = 56.96 us (1095.91 GFLOPS/s)
MUL_MAT f32 m=64 n=80 k=64: 16 x 3.215 us = 51.44 us (202.252 GFLOPS/s)
MUL_MAT_ADD MUL_MAT_VEC q6_K m=5120 n=5 k=17408: 64 x 137.685 us = 8811.88 us (6473.18 GFLOPS/s)
MUL_MAT_ADD MUL_MAT_VEC q6_K m=5120 n=5 k=6144: 16 x 59.482 us = 951.72 us (5288.06 GFLOPS/s)
MUL_MAT_VEC f32 m=48 n=5 k=5120: 96 x 3.426 us = 328.92 us (717.216 GFLOPS/s)
MUL_MAT_VEC q6_K m=1024 n=5 k=5120: 32 x 6.983 us = 223.48 us (7506.52 GFLOPS/s)
MUL_MAT_VEC q6_K m=10240 n=5 k=5120: 48 x 79.394 us = 3810.92 us (6602.96 GFLOPS/s)
MUL_MAT_VEC q6_K m=12288 n=5 k=5120: 16 x 98.592 us = 1577.48 us (6380.65 GFLOPS/s)
MUL_MAT_VEC q6_K m=17408 n=5 k=5120: 128 x 138.341 us = 17707.8 us (6442.03 GFLOPS/s)
MUL_MAT_VEC q6_K m=248320 n=5 k=5120: 1 x 1687.68 us = 1687.68 us (7532.67 GFLOPS/s)
MUL_MAT_VEC q6_K m=6144 n=5 k=5120: 48 x 53.14 us = 2550.72 us (5919.12 GFLOPS/s)
MUL_MAT_VEC q8_0 m=5120 n=5 k=6144: 48 x 62.96 us = 3022.12 us (4995.92 GFLOPS/s)
RMS_NORM_MUL RMS_NORM(256,24,5,1): 16 x 3.632 us = 58.12 us
RMS_NORM_MUL RMS_NORM(256,4,5,1): 16 x 4.31 us = 68.96 us
RMS_NORM_MUL RMS_NORM(5120,5,1,1): 129 x 4.56 us = 588.24 us
RMS_NORM_MUL_SILU_MUL RMS_NORM(128,48,5,1): 48 x 5.523 us = 265.12 us
RMS_NORM_SCALE RMS_NORM(128,16,5,1): 96 x 2.586 us = 248.28 us
ROPE: 32 x 3.77 us = 120.64 us
SET_ROWS: 32 x 2.91 us = 93.12 us
SIGMOID_MUL SIGMOID: 16 x 3.607 us = 57.72 us
SSM_CONV_SILU SSM_CONV: 48 x 5.551 us = 266.48 us
Total time: 45857.5 us.
----------------
Vulkan Timings:
CONCAT: 1 x 3.96 us = 3.96 us
CONT: 1 x 3.36 us = 3.36 us
FLASH_ATTN_EXT dst(256,24,5,1),  q(256,5,24,1),  k(256,256,4,1),  v(256,256,4,1),  m(256,5,1,1): 1 x 21 us = 21 us (1497.97 GFLOPS/s)
GLU: 1 x 1.48 us = 1.48 us
MUL_MAT f32 m=256 n=120 k=256: 1 x 1.56 us = 1.56 us (10062.8 GFLOPS/s)
MUL_MAT f32 m=256 n=20 k=256: 1 x 2.88 us = 2.88 us (908.444 GFLOPS/s)
MUL_MAT f32 m=64 n=480 k=64: 1 x 3.32 us = 3.32 us (1175.13 GFLOPS/s)
MUL_MAT f32 m=64 n=80 k=64: 1 x 3.28 us = 3.28 us (198.244 GFLOPS/s)
MUL_MAT_ADD MUL_MAT_VEC q6_K m=5120 n=5 k=17408: 1 x 166.11 us = 166.11 us (5365.5 GFLOPS/s)
MUL_MAT_ADD MUL_MAT_VEC q6_K m=5120 n=5 k=6144: 1 x 70.36 us = 70.36 us (4470.54 GFLOPS/s)
MUL_MAT_VEC q6_K m=1024 n=5 k=5120: 2 x 9.68 us = 19.36 us (5415.67 GFLOPS/s)
MUL_MAT_VEC q6_K m=12288 n=5 k=5120: 1 x 127.52 us = 127.52 us (4933.22 GFLOPS/s)
MUL_MAT_VEC q6_K m=17408 n=5 k=5120: 2 x 131.2 us = 262.4 us (6792.7 GFLOPS/s)
MUL_MAT_VEC q8_0 m=5120 n=5 k=10240: 1 x 112.96 us = 112.96 us (4641.13 GFLOPS/s)
RMS_NORM_MUL RMS_NORM(256,24,5,1): 1 x 3.44 us = 3.44 us
RMS_NORM_MUL RMS_NORM(256,4,5,1): 1 x 3.36 us = 3.36 us
RMS_NORM_MUL RMS_NORM(5120,5,1,1): 5 x 7.566 us = 37.83 us
ROPE: 2 x 3.34 us = 6.68 us
SET_ROWS: 2 x 1.8 us = 3.6 us
SIGMOID_MUL SIGMOID: 1 x 1.52 us = 1.52 us
Total time: 855.98 us.
----------------
Vulkan Timings:
CONCAT: 1 x 3.6 us = 3.6 us
CONT: 1 x 3.48 us = 3.48 us
FLASH_ATTN_EXT dst(256,24,1,1),  q(256,1,24,1),  k(256,256,4,1),  v(256,256,4,1),  m(256,1,1,1): 1 x 12.52 us = 12.52 us (502.512 GFLOPS/s)
GET_ROWS: 2 x 4.14 us = 8.28 us
GLU: 1 x 1.88 us = 1.88 us
MUL_MAT f32 m=256 n=24 k=256: 1 x 1.56 us = 1.56 us (2012.55 GFLOPS/s)
MUL_MAT f32 m=64 n=16 k=64: 1 x 1.8 us = 1.8 us (72.2489 GFLOPS/s)
MUL_MAT f32 m=64 n=96 k=64: 1 x 3.2 us = 3.2 us (243.84 GFLOPS/s)
MUL_MAT_ADD MUL_MAT_VEC q6_K m=5120 n=1 k=17408: 1 x 131.04 us = 131.04 us (1360.29 GFLOPS/s)
MUL_MAT_ADD MUL_MAT_VEC q6_K m=5120 n=1 k=6144: 1 x 54.56 us = 54.56 us (1153.03 GFLOPS/s)
MUL_MAT_VEC f32 m=256 n=4 k=256: 1 x 3 us = 3 us (174.421 GFLOPS/s)
MUL_MAT_VEC q6_K m=1024 n=1 k=5120: 2 x 9.4 us = 18.8 us (1115.4 GFLOPS/s)
MUL_MAT_VEC q6_K m=12288 n=1 k=5120: 1 x 90.76 us = 90.76 us (1386.26 GFLOPS/s)
MUL_MAT_VEC q6_K m=17408 n=1 k=5120: 2 x 118.22 us = 236.44 us (1507.7 GFLOPS/s)
MUL_MAT_VEC q6_K m=98304 n=1 k=5120: 1 x 673.65 us = 673.65 us (1494.15 GFLOPS/s)
MUL_MAT_VEC q8_0 m=5120 n=1 k=10240: 1 x 93.4 us = 93.4 us (1122.62 GFLOPS/s)
PAD: 1 x 6.32 us = 6.32 us
RMS_NORM_MUL RMS_NORM(256,24,1,1): 1 x 3.2 us = 3.2 us
RMS_NORM_MUL RMS_NORM(256,4,1,1): 1 x 4.84 us = 4.84 us
RMS_NORM_MUL RMS_NORM(5120,1,1,1): 5 x 4.112 us = 20.56 us
ROPE: 2 x 3.34 us = 6.68 us
SET_ROWS: 2 x 2.56 us = 5.12 us
SIGMOID_MUL SIGMOID: 1 x 1.56 us = 1.56 us
TOP_K K=10 (98304,1,1,1): 1 x 8.6 us = 8.6 us
Total time: 1394.85 us.
----------------
Vulkan Timings:
CONCAT: 1 x 3.72 us = 3.72 us
CONT: 1 x 3.64 us = 3.64 us
FLASH_ATTN_EXT dst(256,24,1,1),  q(256,1,24,1),  k(256,256,4,1),  v(256,256,4,1),  m(256,1,1,1): 1 x 12.92 us = 12.92 us (486.955 GFLOPS/s)
GET_ROWS: 2 x 4.24 us = 8.48 us
GLU: 1 x 1.8 us = 1.8 us
MUL_MAT f32 m=256 n=24 k=256: 1 x 1.6 us = 1.6 us (1962.24 GFLOPS/s)
MUL_MAT f32 m=64 n=16 k=64: 1 x 3.56 us = 3.56 us (36.5303 GFLOPS/s)
MUL_MAT f32 m=64 n=96 k=64: 1 x 3.64 us = 3.64 us (214.365 GFLOPS/s)
MUL_MAT_ADD MUL_MAT_VEC q6_K m=5120 n=1 k=17408: 1 x 123.6 us = 123.6 us (1442.17 GFLOPS/s)
MUL_MAT_ADD MUL_MAT_VEC q6_K m=5120 n=1 k=6144: 1 x 53.72 us = 53.72 us (1171.06 GFLOPS/s)
MUL_MAT_VEC f32 m=256 n=4 k=256: 1 x 3 us = 3 us (174.421 GFLOPS/s)
MUL_MAT_VEC q6_K m=1024 n=1 k=5120: 2 x 9.14 us = 18.28 us (1147.13 GFLOPS/s)
MUL_MAT_VEC q6_K m=12288 n=1 k=5120: 1 x 85.6 us = 85.6 us (1469.82 GFLOPS/s)
MUL_MAT_VEC q6_K m=17408 n=1 k=5120: 2 x 120.8 us = 241.6 us (1475.5 GFLOPS/s)
MUL_MAT_VEC q6_K m=98304 n=1 k=5120: 1 x 672.57 us = 672.57 us (1496.55 GFLOPS/s)
MUL_MAT_VEC q8_0 m=5120 n=1 k=10240: 1 x 101.92 us = 101.92 us (1028.77 GFLOPS/s)
PAD: 1 x 6.28 us = 6.28 us
RMS_NORM_MUL RMS_NORM(256,24,1,1): 1 x 3.56 us = 3.56 us
RMS_NORM_MUL RMS_NORM(256,4,1,1): 1 x 3.6 us = 3.6 us
RMS_NORM_MUL RMS_NORM(5120,1,1,1): 5 x 3.688 us = 18.44 us
ROPE: 2 x 3.54 us = 7.08 us
SET_ROWS: 2 x 2.62 us = 5.24 us
SIGMOID_MUL SIGMOID: 1 x 1.68 us = 1.68 us
TOP_K K=10 (98304,1,1,1): 1 x 8.68 us = 8.68 us
Total time: 1394.21 us.
----------------
Vulkan Timings:
CONCAT: 1 x 3.72 us = 3.72 us
CONT: 1 x 3.56 us = 3.56 us
FLASH_ATTN_EXT dst(256,24,1,1),  q(256,1,24,1),  k(256,256,4,1),  v(256,256,4,1),  m(256,1,1,1): 1 x 12.84 us = 12.84 us (489.989 GFLOPS/s)
GET_ROWS: 2 x 4.36 us = 8.72 us
GLU: 1 x 1.88 us = 1.88 us
MUL_MAT f32 m=256 n=24 k=256: 1 x 1.64 us = 1.64 us (1914.38 GFLOPS/s)
MUL_MAT f32 m=64 n=16 k=64: 1 x 3.56 us = 3.56 us (36.5303 GFLOPS/s)
MUL_MAT f32 m=64 n=96 k=64: 1 x 3.56 us = 3.56 us (219.182 GFLOPS/s)
MUL_MAT_ADD MUL_MAT_VEC q6_K m=5120 n=1 k=17408: 1 x 123.32 us = 123.32 us (1445.45 GFLOPS/s)
MUL_MAT_ADD MUL_MAT_VEC q6_K m=5120 n=1 k=6144: 1 x 54.52 us = 54.52 us (1153.88 GFLOPS/s)
MUL_MAT_VEC f32 m=256 n=4 k=256: 1 x 3 us = 3 us (174.421 GFLOPS/s)
MUL_MAT_VEC q6_K m=1024 n=1 k=5120: 2 x 9.08 us = 18.16 us (1154.71 GFLOPS/s)
MUL_MAT_VEC q6_K m=12288 n=1 k=5120: 1 x 85.2 us = 85.2 us (1476.72 GFLOPS/s)
MUL_MAT_VEC q6_K m=17408 n=1 k=5120: 2 x 121.5 us = 243 us (1467 GFLOPS/s)
MUL_MAT_VEC q6_K m=98304 n=1 k=5120: 1 x 673.65 us = 673.65 us (1494.15 GFLOPS/s)
MUL_MAT_VEC q8_0 m=5120 n=1 k=10240: 1 x 100.96 us = 100.96 us (1038.55 GFLOPS/s)
PAD: 1 x 6.28 us = 6.28 us
RMS_NORM_MUL RMS_NORM(256,24,1,1): 1 x 3.56 us = 3.56 us
RMS_NORM_MUL RMS_NORM(256,4,1,1): 1 x 3.56 us = 3.56 us
RMS_NORM_MUL RMS_NORM(5120,1,1,1): 5 x 3.648 us = 18.24 us
ROPE: 2 x 3.54 us = 7.08 us
SET_ROWS: 2 x 2.64 us = 5.28 us
SIGMOID_MUL SIGMOID: 1 x 1.88 us = 1.88 us
TOP_K K=10 (98304,1,1,1): 1 x 9.08 us = 9.08 us
Total time: 1396.25 us.
----------------
Vulkan Timings:
CONCAT: 1 x 3.68 us = 3.68 us
CONT: 1 x 3.56 us = 3.56 us
FLASH_ATTN_EXT dst(256,24,1,1),  q(256,1,24,1),  k(256,256,4,1),  v(256,256,4,1),  m(256,1,1,1): 1 x 12.76 us = 12.76 us (493.061 GFLOPS/s)
GET_ROWS: 2 x 4.24 us = 8.48 us
GLU: 1 x 1.76 us = 1.76 us
MUL_MAT f32 m=256 n=24 k=256: 1 x 1.6 us = 1.6 us (1962.24 GFLOPS/s)
MUL_MAT f32 m=64 n=16 k=64: 1 x 3.64 us = 3.64 us (35.7275 GFLOPS/s)
MUL_MAT f32 m=64 n=96 k=64: 1 x 3.6 us = 3.6 us (216.747 GFLOPS/s)
MUL_MAT_ADD MUL_MAT_VEC q6_K m=5120 n=1 k=17408: 1 x 123.24 us = 123.24 us (1446.39 GFLOPS/s)
MUL_MAT_ADD MUL_MAT_VEC q6_K m=5120 n=1 k=6144: 1 x 54.32 us = 54.32 us (1158.13 GFLOPS/s)
MUL_MAT_VEC f32 m=256 n=4 k=256: 1 x 3 us = 3 us (174.421 GFLOPS/s)
MUL_MAT_VEC q6_K m=1024 n=1 k=5120: 2 x 9.12 us = 18.24 us (1149.64 GFLOPS/s)
MUL_MAT_VEC q6_K m=12288 n=1 k=5120: 1 x 86.36 us = 86.36 us (1456.89 GFLOPS/s)
MUL_MAT_VEC q6_K m=17408 n=1 k=5120: 2 x 121 us = 242 us (1473.06 GFLOPS/s)
MUL_MAT_VEC q6_K m=98304 n=1 k=5120: 1 x 667.96 us = 667.96 us (1506.88 GFLOPS/s)
MUL_MAT_VEC q8_0 m=5120 n=1 k=10240: 1 x 101.16 us = 101.16 us (1036.5 GFLOPS/s)
PAD: 1 x 7.04 us = 7.04 us
RMS_NORM_MUL RMS_NORM(256,24,1,1): 1 x 3.64 us = 3.64 us
RMS_NORM_MUL RMS_NORM(256,4,1,1): 1 x 3.6 us = 3.6 us
RMS_NORM_MUL RMS_NORM(5120,1,1,1): 5 x 3.592 us = 17.96 us
ROPE: 2 x 3.56 us = 7.12 us
SET_ROWS: 2 x 2.62 us = 5.24 us
SIGMOID_MUL SIGMOID: 1 x 1.68 us = 1.68 us
TOP_K K=10 (98304,1,1,1): 1 x 9.04 us = 9.04 us
Total time: 1390.68 us.
----------------
Vulkan Timings:
ADD: 48 x 3.685 us = 176.88 us
CONCAT: 48 x 2.439 us = 117.08 us
CONT: 16 x 3.742 us = 59.88 us
CPY: 240 x 2.187 us = 525.04 us
FLASH_ATTN_EXT dst(256,24,5,1),  q(256,5,24,1),  k(256,256,4,1),  v(256,256,4,1),  m(256,5,1,1): 16 x 20.737 us = 331.8 us (1516.93 GFLOPS/s)
GDN_CACHE GATED_DELTA_NET: 48 x 13.169 us = 632.12 us
GET_ROWS: 50 x 24.273 us = 1213.68 us
GLU: 64 x 2.891 us = 185.08 us
MUL_MAT f32 m=256 n=120 k=256: 16 x 1.857 us = 29.72 us (8451.1 GFLOPS/s)
MUL_MAT f32 m=256 n=20 k=256: 16 x 2.745 us = 43.92 us (953.122 GFLOPS/s)
MUL_MAT f32 m=64 n=480 k=64: 16 x 3.57 us = 57.12 us (1092.84 GFLOPS/s)
MUL_MAT f32 m=64 n=80 k=64: 16 x 3.217 us = 51.48 us (202.095 GFLOPS/s)
MUL_MAT_ADD MUL_MAT_VEC q6_K m=5120 n=5 k=17408: 64 x 138.061 us = 8835.96 us (6455.54 GFLOPS/s)
MUL_MAT_ADD MUL_MAT_VEC q6_K m=5120 n=5 k=6144: 16 x 58.792 us = 940.68 us (5350.12 GFLOPS/s)
MUL_MAT_VEC f32 m=48 n=5 k=5120: 96 x 3.355 us = 322.16 us (732.265 GFLOPS/s)
MUL_MAT_VEC q6_K m=1024 n=5 k=5120: 32 x 7.015 us = 224.48 us (7473.08 GFLOPS/s)
MUL_MAT_VEC q6_K m=10240 n=5 k=5120: 48 x 79.553 us = 3818.56 us (6589.75 GFLOPS/s)
MUL_MAT_VEC q6_K m=12288 n=5 k=5120: 16 x 98.787 us = 1580.6 us (6368.05 GFLOPS/s)
MUL_MAT_VEC q6_K m=17408 n=5 k=5120: 128 x 138.408 us = 17716.2 us (6438.95 GFLOPS/s)
MUL_MAT_VEC q6_K m=248320 n=5 k=5120: 1 x 1686.24 us = 1686.24 us (7539.11 GFLOPS/s)
MUL_MAT_VEC q6_K m=6144 n=5 k=5120: 48 x 53.175 us = 2552.44 us (5915.13 GFLOPS/s)
MUL_MAT_VEC q8_0 m=5120 n=5 k=6144: 48 x 62.965 us = 3022.36 us (4995.52 GFLOPS/s)
RMS_NORM_MUL RMS_NORM(256,24,5,1): 16 x 3.637 us = 58.2 us
RMS_NORM_MUL RMS_NORM(256,4,5,1): 16 x 4.312 us = 69 us
RMS_NORM_MUL RMS_NORM(5120,5,1,1): 129 x 4.525 us = 583.84 us
RMS_NORM_MUL_SILU_MUL RMS_NORM(128,48,5,1): 48 x 5.527 us = 265.32 us
RMS_NORM_SCALE RMS_NORM(128,16,5,1): 96 x 2.612 us = 250.76 us
ROPE: 32 x 3.768 us = 120.6 us
SET_ROWS: 32 x 2.917 us = 93.36 us
SIGMOID_MUL SIGMOID: 16 x 3.605 us = 57.68 us
SSM_CONV_SILU SSM_CONV: 48 x 5.587 us = 268.2 us
Total time: 45890.5 us.
----------------
Vulkan Timings:
CONCAT: 1 x 3.96 us = 3.96 us
CONT: 1 x 3.68 us = 3.68 us
FLASH_ATTN_EXT dst(256,24,5,1),  q(256,5,24,1),  k(256,256,4,1),  v(256,256,4,1),  m(256,5,1,1): 1 x 20.64 us = 20.64 us (1524.09 GFLOPS/s)
GLU: 1 x 1.52 us = 1.52 us
MUL_MAT f32 m=256 n=120 k=256: 1 x 1.64 us = 1.64 us (9571.9 GFLOPS/s)
MUL_MAT f32 m=256 n=20 k=256: 1 x 3.04 us = 3.04 us (860.632 GFLOPS/s)
MUL_MAT f32 m=64 n=480 k=64: 1 x 3.64 us = 3.64 us (1071.82 GFLOPS/s)
MUL_MAT f32 m=64 n=80 k=64: 1 x 3.6 us = 3.6 us (180.622 GFLOPS/s)
MUL_MAT_ADD MUL_MAT_VEC q6_K m=5120 n=5 k=17408: 1 x 163.55 us = 163.55 us (5449.49 GFLOPS/s)
MUL_MAT_ADD MUL_MAT_VEC q6_K m=5120 n=5 k=6144: 1 x 66.04 us = 66.04 us (4762.98 GFLOPS/s)
MUL_MAT_VEC q6_K m=1024 n=5 k=5120: 2 x 10.34 us = 20.68 us (5069.99 GFLOPS/s)
MUL_MAT_VEC q6_K m=12288 n=5 k=5120: 1 x 124.62 us = 124.62 us (5048.02 GFLOPS/s)
MUL_MAT_VEC q6_K m=17408 n=5 k=5120: 2 x 131.28 us = 262.56 us (6788.56 GFLOPS/s)
MUL_MAT_VEC q8_0 m=5120 n=5 k=10240: 1 x 105.48 us = 105.48 us (4970.25 GFLOPS/s)
RMS_NORM_MUL RMS_NORM(256,24,5,1): 1 x 3.72 us = 3.72 us
RMS_NORM_MUL RMS_NORM(256,4,5,1): 1 x 3.56 us = 3.56 us
RMS_NORM_MUL RMS_NORM(5120,5,1,1): 5 x 7.614 us = 38.07 us
ROPE: 2 x 3.6 us = 7.2 us
SET_ROWS: 2 x 2.62 us = 5.24 us
SIGMOID_MUL SIGMOID: 1 x 1.72 us = 1.72 us
Total time: 844.16 us.
----------------
Vulkan Timings:
CONCAT: 1 x 3.56 us = 3.56 us
CONT: 1 x 3.48 us = 3.48 us
FLASH_ATTN_EXT dst(256,24,1,1),  q(256,1,24,1),  k(256,256,4,1),  v(256,256,4,1),  m(256,1,1,1): 1 x 15.28 us = 15.28 us (411.745 GFLOPS/s)
GET_ROWS: 2 x 4.16 us = 8.32 us
GLU: 1 x 1.56 us = 1.56 us
MUL_MAT f32 m=256 n=24 k=256: 1 x 1.48 us = 1.48 us (2121.34 GFLOPS/s)
MUL_MAT f32 m=64 n=16 k=64: 1 x 3.28 us = 3.28 us (39.6488 GFLOPS/s)
MUL_MAT f32 m=64 n=96 k=64: 1 x 3.2 us = 3.2 us (243.84 GFLOPS/s)
MUL_MAT_ADD MUL_MAT_VEC q6_K m=5120 n=1 k=17408: 1 x 130.56 us = 130.56 us (1365.29 GFLOPS/s)
MUL_MAT_ADD MUL_MAT_VEC q6_K m=5120 n=1 k=6144: 1 x 53.44 us = 53.44 us (1177.2 GFLOPS/s)
MUL_MAT_VEC f32 m=256 n=4 k=256: 1 x 3 us = 3 us (174.421 GFLOPS/s)
MUL_MAT_VEC q6_K m=1024 n=1 k=5120: 2 x 9.2 us = 18.4 us (1139.65 GFLOPS/s)
MUL_MAT_VEC q6_K m=12288 n=1 k=5120: 1 x 90.48 us = 90.48 us (1390.55 GFLOPS/s)
MUL_MAT_VEC q6_K m=17408 n=1 k=5120: 2 x 118.38 us = 236.76 us (1505.66 GFLOPS/s)
MUL_MAT_VEC q6_K m=98304 n=1 k=5120: 1 x 670.05 us = 670.05 us (1502.18 GFLOPS/s)
MUL_MAT_VEC q8_0 m=5120 n=1 k=10240: 1 x 93.12 us = 93.12 us (1125.99 GFLOPS/s)
PAD: 1 x 7.04 us = 7.04 us
RMS_NORM_MUL RMS_NORM(256,24,1,1): 1 x 3.2 us = 3.2 us
RMS_NORM_MUL RMS_NORM(256,4,1,1): 1 x 3.44 us = 3.44 us
RMS_NORM_MUL RMS_NORM(5120,1,1,1): 5 x 4 us = 20 us
ROPE: 2 x 3.3 us = 6.6 us
SET_ROWS: 2 x 1.8 us = 3.6 us
SIGMOID_MUL SIGMOID: 1 x 1.56 us = 1.56 us
TOP_K K=10 (98304,1,1,1): 1 x 9.16 us = 9.16 us
Total time: 1390.57 us.
----------------
Vulkan Timings:
CONCAT: 1 x 3.68 us = 3.68 us
CONT: 1 x 3.6 us = 3.6 us
FLASH_ATTN_EXT dst(256,24,1,1),  q(256,1,24,1),  k(256,256,4,1),  v(256,256,4,1),  m(256,1,1,1): 1 x 12.96 us = 12.96 us (485.452 GFLOPS/s)
GET_ROWS: 2 x 5.98 us = 11.96 us
GLU: 1 x 1.8 us = 1.8 us
MUL_MAT f32 m=256 n=24 k=256: 1 x 1.68 us = 1.68 us (1868.8 GFLOPS/s)
MUL_MAT f32 m=64 n=16 k=64: 1 x 3.52 us = 3.52 us (36.9455 GFLOPS/s)
MUL_MAT f32 m=64 n=96 k=64: 1 x 3.52 us = 3.52 us (221.673 GFLOPS/s)
MUL_MAT_ADD MUL_MAT_VEC q6_K m=5120 n=1 k=17408: 1 x 122.8 us = 122.8 us (1451.57 GFLOPS/s)
MUL_MAT_ADD MUL_MAT_VEC q6_K m=5120 n=1 k=6144: 1 x 53.6 us = 53.6 us (1173.68 GFLOPS/s)
MUL_MAT_VEC f32 m=256 n=4 k=256: 1 x 2.96 us = 2.96 us (176.778 GFLOPS/s)
MUL_MAT_VEC q6_K m=1024 n=1 k=5120: 2 x 8.22 us = 16.44 us (1275.52 GFLOPS/s)
MUL_MAT_VEC q6_K m=12288 n=1 k=5120: 1 x 85.44 us = 85.44 us (1472.58 GFLOPS/s)
MUL_MAT_VEC q6_K m=17408 n=1 k=5120: 2 x 121.38 us = 242.76 us (1468.45 GFLOPS/s)
MUL_MAT_VEC q6_K m=98304 n=1 k=5120: 1 x 670.29 us = 670.29 us (1501.64 GFLOPS/s)
MUL_MAT_VEC q8_0 m=5120 n=1 k=10240: 1 x 101.36 us = 101.36 us (1034.46 GFLOPS/s)
PAD: 1 x 4.84 us = 4.84 us
RMS_NORM_MUL RMS_NORM(256,24,1,1): 1 x 5.32 us = 5.32 us
RMS_NORM_MUL RMS_NORM(256,4,1,1): 1 x 3.56 us = 3.56 us
RMS_NORM_MUL RMS_NORM(5120,1,1,1): 5 x 3.664 us = 18.32 us
ROPE: 2 x 3.56 us = 7.12 us
SET_ROWS: 2 x 2.66 us = 5.32 us
SIGMOID_MUL SIGMOID: 1 x 1.68 us = 1.68 us
TOP_K K=10 (98304,1,1,1): 1 x 9 us = 9 us
Total time: 1393.53 us.
----------------
Vulkan Timings:
CONCAT: 1 x 3.68 us = 3.68 us
CONT: 1 x 3.56 us = 3.56 us
FLASH_ATTN_EXT dst(256,24,1,1),  q(256,1,24,1),  k(256,256,4,1),  v(256,256,4,1),  m(256,1,1,1): 1 x 12.84 us = 12.84 us (489.989 GFLOPS/s)
GET_ROWS: 2 x 4.24 us = 8.48 us
GLU: 1 x 1.84 us = 1.84 us
MUL_MAT f32 m=256 n=24 k=256: 1 x 1.6 us = 1.6 us (1962.24 GFLOPS/s)
MUL_MAT f32 m=64 n=16 k=64: 1 x 3.64 us = 3.64 us (35.7275 GFLOPS/s)
MUL_MAT f32 m=64 n=96 k=64: 1 x 3.56 us = 3.56 us (219.182 GFLOPS/s)
MUL_MAT_ADD MUL_MAT_VEC q6_K m=5120 n=1 k=17408: 1 x 122.68 us = 122.68 us (1452.99 GFLOPS/s)
MUL_MAT_ADD MUL_MAT_VEC q6_K m=5120 n=1 k=6144: 1 x 53.4 us = 53.4 us (1178.08 GFLOPS/s)
MUL_MAT_VEC f32 m=256 n=4 k=256: 1 x 3 us = 3 us (174.421 GFLOPS/s)
MUL_MAT_VEC q6_K m=1024 n=1 k=5120: 2 x 9.04 us = 18.08 us (1159.82 GFLOPS/s)
MUL_MAT_VEC q6_K m=12288 n=1 k=5120: 1 x 85.12 us = 85.12 us (1478.11 GFLOPS/s)
MUL_MAT_VEC q6_K m=17408 n=1 k=5120: 2 x 121.42 us = 242.84 us (1467.97 GFLOPS/s)
MUL_MAT_VEC q6_K m=98304 n=1 k=5120: 1 x 670.55 us = 670.55 us (1501.06 GFLOPS/s)
MUL_MAT_VEC q8_0 m=5120 n=1 k=10240: 1 x 100.64 us = 100.64 us (1041.86 GFLOPS/s)
PAD: 1 x 6.28 us = 6.28 us
RMS_NORM_MUL RMS_NORM(256,24,1,1): 1 x 3.6 us = 3.6 us
RMS_NORM_MUL RMS_NORM(256,4,1,1): 1 x 3.56 us = 3.56 us
RMS_NORM_MUL RMS_NORM(5120,1,1,1): 5 x 3.736 us = 18.68 us
ROPE: 2 x 3.58 us = 7.16 us
SET_ROWS: 2 x 2.58 us = 5.16 us
SIGMOID_MUL SIGMOID: 1 x 1.64 us = 1.64 us
TOP_K K=10 (98304,1,1,1): 1 x 8.92 us = 8.92 us
Total time: 1390.51 us.
----------------
Vulkan Timings:
CONCAT: 1 x 3.72 us = 3.72 us
CONT: 1 x 3.6 us = 3.6 us
FLASH_ATTN_EXT dst(256,24,1,1),  q(256,1,24,1),  k(256,256,4,1),  v(256,256,4,1),  m(256,1,1,1): 1 x 12.72 us = 12.72 us (494.611 GFLOPS/s)
GET_ROWS: 2 x 4.24 us = 8.48 us
GLU: 1 x 2.08 us = 2.08 us
MUL_MAT f32 m=256 n=24 k=256: 1 x 1.64 us = 1.64 us (1914.38 GFLOPS/s)
MUL_MAT f32 m=64 n=16 k=64: 1 x 3.56 us = 3.56 us (36.5303 GFLOPS/s)
MUL_MAT f32 m=64 n=96 k=64: 1 x 3.6 us = 3.6 us (216.747 GFLOPS/s)
MUL_MAT_ADD MUL_MAT_VEC q6_K m=5120 n=1 k=17408: 1 x 124 us = 124 us (1437.52 GFLOPS/s)
MUL_MAT_ADD MUL_MAT_VEC q6_K m=5120 n=1 k=6144: 1 x 53.2 us = 53.2 us (1182.51 GFLOPS/s)
MUL_MAT_VEC f32 m=256 n=4 k=256: 1 x 2.96 us = 2.96 us (176.778 GFLOPS/s)
MUL_MAT_VEC q6_K m=1024 n=1 k=5120: 2 x 9.14 us = 18.28 us (1147.13 GFLOPS/s)
MUL_MAT_VEC q6_K m=12288 n=1 k=5120: 1 x 85 us = 85 us (1480.2 GFLOPS/s)
MUL_MAT_VEC q6_K m=17408 n=1 k=5120: 2 x 121.04 us = 242.08 us (1472.58 GFLOPS/s)
MUL_MAT_VEC q6_K m=98304 n=1 k=5120: 1 x 671.42 us = 671.42 us (1499.11 GFLOPS/s)
MUL_MAT_VEC q8_0 m=5120 n=1 k=10240: 1 x 101.48 us = 101.48 us (1033.23 GFLOPS/s)
PAD: 1 x 6.2 us = 6.2 us
RMS_NORM_MUL RMS_NORM(256,24,1,1): 1 x 3.56 us = 3.56 us
RMS_NORM_MUL RMS_NORM(256,4,1,1): 1 x 3.56 us = 3.56 us
RMS_NORM_MUL RMS_NORM(5120,1,1,1): 5 x 3.784 us = 18.92 us
ROPE: 2 x 3.54 us = 7.08 us
SET_ROWS: 2 x 2.62 us = 5.24 us
SIGMOID_MUL SIGMOID: 1 x 1.68 us = 1.68 us
TOP_K K=10 (98304,1,1,1): 1 x 8.96 us = 8.96 us
Total time: 1393.02 us.
----------------
Vulkan Timings:
ADD: 48 x 3.689 us = 177.08 us
CONCAT: 48 x 2.401 us = 115.28 us
CONT: 16 x 3.75 us = 60 us
CPY: 240 x 2.172 us = 521.36 us
FLASH_ATTN_EXT dst(256,24,5,1),  q(256,5,24,1),  k(256,256,4,1),  v(256,256,4,1),  m(256,5,1,1): 16 x 20.517 us = 328.28 us (1533.19 GFLOPS/s)
GDN_CACHE GATED_DELTA_NET: 48 x 13.105 us = 629.08 us
GET_ROWS: 50 x 24.273 us = 1213.68 us
GLU: 64 x 2.893 us = 185.16 us
MUL_MAT f32 m=256 n=120 k=256: 16 x 1.78 us = 28.48 us (8819.06 GFLOPS/s)
MUL_MAT f32 m=256 n=20 k=256: 16 x 3.04 us = 48.64 us (860.632 GFLOPS/s)
MUL_MAT f32 m=64 n=480 k=64: 16 x 3.545 us = 56.72 us (1100.55 GFLOPS/s)
MUL_MAT f32 m=64 n=80 k=64: 16 x 3.217 us = 51.48 us (202.095 GFLOPS/s)
MUL_MAT_ADD MUL_MAT_VEC q6_K m=5120 n=5 k=17408: 64 x 138.051 us = 8835.32 us (6456.01 GFLOPS/s)
MUL_MAT_ADD MUL_MAT_VEC q6_K m=5120 n=5 k=6144: 16 x 59.472 us = 951.56 us (5288.95 GFLOPS/s)
MUL_MAT_VEC f32 m=48 n=5 k=5120: 96 x 3.479 us = 334.04 us (706.222 GFLOPS/s)
MUL_MAT_VEC q6_K m=1024 n=5 k=5120: 32 x 6.997 us = 223.92 us (7491.77 GFLOPS/s)
MUL_MAT_VEC q6_K m=10240 n=5 k=5120: 48 x 79.601 us = 3820.88 us (6585.75 GFLOPS/s)
MUL_MAT_VEC q6_K m=12288 n=5 k=5120: 16 x 98.645 us = 1578.32 us (6377.25 GFLOPS/s)
MUL_MAT_VEC q6_K m=17408 n=5 k=5120: 128 x 137.972 us = 17660.5 us (6459.26 GFLOPS/s)
MUL_MAT_VEC q6_K m=248320 n=5 k=5120: 1 x 1686 us = 1686 us (7540.18 GFLOPS/s)
MUL_MAT_VEC q6_K m=6144 n=5 k=5120: 48 x 53.195 us = 2553.4 us (5912.91 GFLOPS/s)
MUL_MAT_VEC q8_0 m=5120 n=5 k=6144: 48 x 63.045 us = 3026.16 us (4989.25 GFLOPS/s)
RMS_NORM_MUL RMS_NORM(256,24,5,1): 16 x 3.635 us = 58.16 us
RMS_NORM_MUL RMS_NORM(256,4,5,1): 16 x 4.31 us = 68.96 us
RMS_NORM_MUL RMS_NORM(5120,5,1,1): 129 x 4.527 us = 584.08 us
RMS_NORM_MUL_SILU_MUL RMS_NORM(128,48,5,1): 48 x 5.53 us = 265.48 us
RMS_NORM_SCALE RMS_NORM(128,16,5,1): 96 x 2.59 us = 248.72 us
ROPE: 32 x 3.767 us = 120.56 us
SET_ROWS: 32 x 2.893 us = 92.6 us
SIGMOID_MUL SIGMOID: 16 x 3.605 us = 57.68 us
SSM_CONV_SILU SSM_CONV: 48 x 5.579 us = 267.8 us
Total time: 45849.4 us.
----------------
Vulkan Timings:
CONCAT: 1 x 3.96 us = 3.96 us
CONT: 1 x 3.6 us = 3.6 us
FLASH_ATTN_EXT dst(256,24,5,1),  q(256,5,24,1),  k(256,256,4,1),  v(256,256,4,1),  m(256,5,1,1): 1 x 20.4 us = 20.4 us (1542.02 GFLOPS/s)
GLU: 1 x 1.72 us = 1.72 us
MUL_MAT f32 m=256 n=120 k=256: 1 x 1.72 us = 1.72 us (9126.7 GFLOPS/s)
MUL_MAT f32 m=256 n=20 k=256: 1 x 3.08 us = 3.08 us (849.455 GFLOPS/s)
MUL_MAT f32 m=64 n=480 k=64: 1 x 3.64 us = 3.64 us (1071.82 GFLOPS/s)
MUL_MAT f32 m=64 n=80 k=64: 1 x 3.6 us = 3.6 us (180.622 GFLOPS/s)
MUL_MAT_ADD MUL_MAT_VEC q6_K m=5120 n=5 k=17408: 1 x 164.7 us = 164.7 us (5411.44 GFLOPS/s)
MUL_MAT_ADD MUL_MAT_VEC q6_K m=5120 n=5 k=6144: 1 x 66.04 us = 66.04 us (4762.98 GFLOPS/s)
MUL_MAT_VEC q6_K m=1024 n=5 k=5120: 2 x 9.02 us = 18.04 us (5811.94 GFLOPS/s)
MUL_MAT_VEC q6_K m=12288 n=5 k=5120: 1 x 122.92 us = 122.92 us (5117.83 GFLOPS/s)
MUL_MAT_VEC q6_K m=17408 n=5 k=5120: 2 x 131.88 us = 263.76 us (6757.68 GFLOPS/s)
MUL_MAT_VEC q8_0 m=5120 n=5 k=10240: 1 x 105.04 us = 105.04 us (4991.07 GFLOPS/s)
RMS_NORM_MUL RMS_NORM(256,24,5,1): 1 x 3.68 us = 3.68 us
RMS_NORM_MUL RMS_NORM(256,4,5,1): 1 x 3.6 us = 3.6 us
RMS_NORM_MUL RMS_NORM(5120,5,1,1): 5 x 8.086 us = 40.43 us
ROPE: 2 x 3.6 us = 7.2 us
SET_ROWS: 2 x 2.66 us = 5.32 us
SIGMOID_MUL SIGMOID: 1 x 1.92 us = 1.92 us
Total time: 844.37 us.
----------------
Vulkan Timings:
CONCAT: 1 x 3.68 us = 3.68 us
CONT: 1 x 3.48 us = 3.48 us
FLASH_ATTN_EXT dst(256,24,1,1),  q(256,1,24,1),  k(256,256,4,1),  v(256,256,4,1),  m(256,1,1,1): 1 x 12.64 us = 12.64 us (497.742 GFLOPS/s)
GET_ROWS: 2 x 4.28 us = 8.56 us
GLU: 1 x 1.6 us = 1.6 us
MUL_MAT f32 m=256 n=24 k=256: 1 x 1.52 us = 1.52 us (2065.52 GFLOPS/s)
MUL_MAT f32 m=64 n=16 k=64: 1 x 1.76 us = 1.76 us (73.8909 GFLOPS/s)
MUL_MAT f32 m=64 n=96 k=64: 1 x 3.16 us = 3.16 us (246.927 GFLOPS/s)
MUL_MAT_ADD MUL_MAT_VEC q6_K m=5120 n=1 k=17408: 1 x 129.84 us = 129.84 us (1372.87 GFLOPS/s)
MUL_MAT_ADD MUL_MAT_VEC q6_K m=5120 n=1 k=6144: 1 x 53.52 us = 53.52 us (1175.44 GFLOPS/s)
MUL_MAT_VEC f32 m=256 n=4 k=256: 1 x 3 us = 3 us (174.421 GFLOPS/s)
MUL_MAT_VEC q6_K m=1024 n=1 k=5120: 2 x 9.2 us = 18.4 us (1139.65 GFLOPS/s)
MUL_MAT_VEC q6_K m=12288 n=1 k=5120: 1 x 90.04 us = 90.04 us (1397.34 GFLOPS/s)
MUL_MAT_VEC q6_K m=17408 n=1 k=5120: 2 x 118.26 us = 236.52 us (1507.19 GFLOPS/s)
MUL_MAT_VEC q6_K m=98304 n=1 k=5120: 1 x 672.36 us = 672.36 us (1497.02 GFLOPS/s)
MUL_MAT_VEC q8_0 m=5120 n=1 k=10240: 1 x 92.92 us = 92.92 us (1128.42 GFLOPS/s)
PAD: 1 x 6.24 us = 6.24 us
RMS_NORM_MUL RMS_NORM(256,24,1,1): 1 x 3.2 us = 3.2 us
RMS_NORM_MUL RMS_NORM(256,4,1,1): 1 x 4.76 us = 4.76 us
RMS_NORM_MUL RMS_NORM(5120,1,1,1): 5 x 4.04 us = 20.2 us
ROPE: 2 x 3.3 us = 6.6 us
SET_ROWS: 2 x 2.58 us = 5.16 us
SIGMOID_MUL SIGMOID: 1 x 1.52 us = 1.52 us
TOP_K K=10 (98304,1,1,1): 1 x 9 us = 9 us
Total time: 1389.68 us.
----------------
Vulkan Timings:
CONCAT: 1 x 3.68 us = 3.68 us
CONT: 1 x 3.6 us = 3.6 us
FLASH_ATTN_EXT dst(256,24,1,1),  q(256,1,24,1),  k(256,256,4,1),  v(256,256,4,1),  m(256,1,1,1): 1 x 12.64 us = 12.64 us (497.742 GFLOPS/s)
GET_ROWS: 2 x 4.3 us = 8.6 us
GLU: 1 x 1.8 us = 1.8 us
MUL_MAT f32 m=256 n=24 k=256: 1 x 1.6 us = 1.6 us (1962.24 GFLOPS/s)
MUL_MAT f32 m=64 n=16 k=64: 1 x 3.64 us = 3.64 us (35.7275 GFLOPS/s)
MUL_MAT f32 m=64 n=96 k=64: 1 x 3.56 us = 3.56 us (219.182 GFLOPS/s)
MUL_MAT_ADD MUL_MAT_VEC q6_K m=5120 n=1 k=17408: 1 x 123.16 us = 123.16 us (1447.33 GFLOPS/s)
MUL_MAT_ADD MUL_MAT_VEC q6_K m=5120 n=1 k=6144: 1 x 53.12 us = 53.12 us (1184.29 GFLOPS/s)
MUL_MAT_VEC f32 m=256 n=4 k=256: 1 x 3 us = 3 us (174.421 GFLOPS/s)
MUL_MAT_VEC q6_K m=1024 n=1 k=5120: 2 x 8.98 us = 17.96 us (1167.57 GFLOPS/s)
MUL_MAT_VEC q6_K m=12288 n=1 k=5120: 1 x 85.6 us = 85.6 us (1469.82 GFLOPS/s)
MUL_MAT_VEC q6_K m=17408 n=1 k=5120: 2 x 121.12 us = 242.24 us (1471.6 GFLOPS/s)
MUL_MAT_VEC q6_K m=98304 n=1 k=5120: 1 x 672.44 us = 672.44 us (1496.84 GFLOPS/s)
MUL_MAT_VEC q8_0 m=5120 n=1 k=10240: 1 x 101.48 us = 101.48 us (1033.23 GFLOPS/s)
PAD: 1 x 6.32 us = 6.32 us
RMS_NORM_MUL RMS_NORM(256,24,1,1): 1 x 3.6 us = 3.6 us
RMS_NORM_MUL RMS_NORM(256,4,1,1): 1 x 3.6 us = 3.6 us
RMS_NORM_MUL RMS_NORM(5120,1,1,1): 5 x 3.696 us = 18.48 us
ROPE: 2 x 3.56 us = 7.12 us
SET_ROWS: 2 x 2.58 us = 5.16 us
SIGMOID_MUL SIGMOID: 1 x 1.68 us = 1.68 us
TOP_K K=10 (98304,1,1,1): 1 x 8.52 us = 8.52 us
Total time: 1392.6 us.
----------------
Vulkan Timings:
CONCAT: 1 x 3.76 us = 3.76 us
CONT: 1 x 3.6 us = 3.6 us
FLASH_ATTN_EXT dst(256,24,1,1),  q(256,1,24,1),  k(256,256,4,1),  v(256,256,4,1),  m(256,1,1,1): 1 x 12.76 us = 12.76 us (493.061 GFLOPS/s)
GET_ROWS: 2 x 4.2 us = 8.4 us
GLU: 1 x 1.92 us = 1.92 us
MUL_MAT f32 m=256 n=24 k=256: 1 x 1.6 us = 1.6 us (1962.24 GFLOPS/s)
MUL_MAT f32 m=64 n=16 k=64: 1 x 3.56 us = 3.56 us (36.5303 GFLOPS/s)
MUL_MAT f32 m=64 n=96 k=64: 1 x 3.6 us = 3.6 us (216.747 GFLOPS/s)
MUL_MAT_ADD MUL_MAT_VEC q6_K m=5120 n=1 k=17408: 1 x 124.08 us = 124.08 us (1436.6 GFLOPS/s)
MUL_MAT_ADD MUL_MAT_VEC q6_K m=5120 n=1 k=6144: 1 x 54.48 us = 54.48 us (1154.73 GFLOPS/s)
MUL_MAT_VEC f32 m=256 n=4 k=256: 1 x 3 us = 3 us (174.421 GFLOPS/s)
MUL_MAT_VEC q6_K m=1024 n=1 k=5120: 2 x 9.06 us = 18.12 us (1157.26 GFLOPS/s)
MUL_MAT_VEC q6_K m=12288 n=1 k=5120: 1 x 85.12 us = 85.12 us (1478.11 GFLOPS/s)
MUL_MAT_VEC q6_K m=17408 n=1 k=5120: 2 x 120.96 us = 241.92 us (1473.55 GFLOPS/s)
MUL_MAT_VEC q6_K m=98304 n=1 k=5120: 1 x 672.01 us = 672.01 us (1497.8 GFLOPS/s)
MUL_MAT_VEC q8_0 m=5120 n=1 k=10240: 1 x 101.12 us = 101.12 us (1036.91 GFLOPS/s)
PAD: 1 x 7 us = 7 us
RMS_NORM_MUL RMS_NORM(256,24,1,1): 1 x 3.52 us = 3.52 us
RMS_NORM_MUL RMS_NORM(256,4,1,1): 1 x 3.52 us = 3.52 us
RMS_NORM_MUL RMS_NORM(5120,1,1,1): 5 x 3.68 us = 18.4 us
ROPE: 2 x 3.52 us = 7.04 us
SET_ROWS: 2 x 2.62 us = 5.24 us
SIGMOID_MUL SIGMOID: 1 x 1.68 us = 1.68 us
TOP_K K=10 (98304,1,1,1): 1 x 9 us = 9 us
Total time: 1394.45 us.
----------------
Vulkan Timings:
CONCAT: 1 x 3.76 us = 3.76 us
CONT: 1 x 3.56 us = 3.56 us
FLASH_ATTN_EXT dst(256,24,1,1),  q(256,1,24,1),  k(256,256,4,1),  v(256,256,4,1),  m(256,1,1,1): 1 x 12.68 us = 12.68 us (496.172 GFLOPS/s)
GET_ROWS: 2 x 4.24 us = 8.48 us
GLU: 1 x 1.8 us = 1.8 us
MUL_MAT f32 m=256 n=24 k=256: 1 x 1.64 us = 1.64 us (1914.38 GFLOPS/s)
MUL_MAT f32 m=64 n=16 k=64: 1 x 3.56 us = 3.56 us (36.5303 GFLOPS/s)
MUL_MAT f32 m=64 n=96 k=64: 1 x 3.56 us = 3.56 us (219.182 GFLOPS/s)
MUL_MAT_ADD MUL_MAT_VEC q6_K m=5120 n=1 k=17408: 1 x 123.16 us = 123.16 us (1447.33 GFLOPS/s)
MUL_MAT_ADD MUL_MAT_VEC q6_K m=5120 n=1 k=6144: 1 x 53.48 us = 53.48 us (1176.32 GFLOPS/s)
MUL_MAT_VEC f32 m=256 n=4 k=256: 1 x 3 us = 3 us (174.421 GFLOPS/s)
MUL_MAT_VEC q6_K m=1024 n=1 k=5120: 2 x 9.2 us = 18.4 us (1139.65 GFLOPS/s)
MUL_MAT_VEC q6_K m=12288 n=1 k=5120: 1 x 85.4 us = 85.4 us (1473.27 GFLOPS/s)
MUL_MAT_VEC q6_K m=17408 n=1 k=5120: 2 x 121.2 us = 242.4 us (1470.63 GFLOPS/s)
MUL_MAT_VEC q6_K m=98304 n=1 k=5120: 1 x 672.44 us = 672.44 us (1496.84 GFLOPS/s)
MUL_MAT_VEC q8_0 m=5120 n=1 k=10240: 1 x 100.92 us = 100.92 us (1038.97 GFLOPS/s)
PAD: 1 x 6.24 us = 6.24 us
RMS_NORM_MUL RMS_NORM(256,24,1,1): 1 x 3.56 us = 3.56 us
RMS_NORM_MUL RMS_NORM(256,4,1,1): 1 x 3.56 us = 3.56 us
RMS_NORM_MUL RMS_NORM(5120,1,1,1): 5 x 3.672 us = 18.36 us
ROPE: 2 x 3.54 us = 7.08 us
SET_ROWS: 2 x 2.64 us = 5.28 us
SIGMOID_MUL SIGMOID: 1 x 1.64 us = 1.64 us
TOP_K K=10 (98304,1,1,1): 1 x 8.48 us = 8.48 us
Total time: 1392.44 us.
----------------
Vulkan Timings:
ADD: 48 x 3.696 us = 177.44 us
CONCAT: 48 x 2.393 us = 114.88 us
CONT: 16 x 3.732 us = 59.72 us
CPY: 240 x 2.215 us = 531.8 us
FLASH_ATTN_EXT dst(256,24,5,1),  q(256,5,24,1),  k(256,256,4,1),  v(256,256,4,1),  m(256,5,1,1): 16 x 20.722 us = 331.56 us (1518.03 GFLOPS/s)
GDN_CACHE GATED_DELTA_NET: 48 x 13.199 us = 633.56 us
GET_ROWS: 50 x 24.192 us = 1209.6 us
GLU: 64 x 2.923 us = 187.12 us
MUL_MAT f32 m=256 n=120 k=256: 16 x 1.782 us = 28.52 us (8806.69 GFLOPS/s)
MUL_MAT f32 m=256 n=20 k=256: 16 x 3.042 us = 48.68 us (859.924 GFLOPS/s)
MUL_MAT f32 m=64 n=480 k=64: 16 x 3.552 us = 56.84 us (1098.22 GFLOPS/s)
MUL_MAT f32 m=64 n=80 k=64: 16 x 3.215 us = 51.44 us (202.252 GFLOPS/s)
MUL_MAT_ADD MUL_MAT_VEC q6_K m=5120 n=5 k=17408: 64 x 137.634 us = 8808.6 us (6475.59 GFLOPS/s)
MUL_MAT_ADD MUL_MAT_VEC q6_K m=5120 n=5 k=6144: 16 x 59.817 us = 957.08 us (5258.45 GFLOPS/s)
MUL_MAT_VEC f32 m=48 n=5 k=5120: 96 x 3.372 us = 323.76 us (728.646 GFLOPS/s)
MUL_MAT_VEC q6_K m=1024 n=5 k=5120: 32 x 7.007 us = 224.24 us (7481.08 GFLOPS/s)
MUL_MAT_VEC q6_K m=10240 n=5 k=5120: 48 x 79.864 us = 3833.48 us (6564.11 GFLOPS/s)
MUL_MAT_VEC q6_K m=12288 n=5 k=5120: 16 x 98.657 us = 1578.52 us (6376.45 GFLOPS/s)
MUL_MAT_VEC q6_K m=17408 n=5 k=5120: 128 x 138.484 us = 17726 us (6435.39 GFLOPS/s)
MUL_MAT_VEC q6_K m=248320 n=5 k=5120: 1 x 1686.04 us = 1686.04 us (7540 GFLOPS/s)
MUL_MAT_VEC q6_K m=6144 n=5 k=5120: 48 x 53.121 us = 2549.84 us (5921.16 GFLOPS/s)
MUL_MAT_VEC q8_0 m=5120 n=5 k=6144: 48 x 62.974 us = 3022.76 us (4994.86 GFLOPS/s)
RMS_NORM_MUL RMS_NORM(256,24,5,1): 16 x 3.632 us = 58.12 us
RMS_NORM_MUL RMS_NORM(256,4,5,1): 16 x 4.315 us = 69.04 us
RMS_NORM_MUL RMS_NORM(5120,5,1,1): 129 x 4.545 us = 586.32 us
RMS_NORM_MUL_SILU_MUL RMS_NORM(128,48,5,1): 48 x 5.526 us = 265.28 us
RMS_NORM_SCALE RMS_NORM(128,16,5,1): 96 x 2.591 us = 248.8 us
ROPE: 32 x 3.766 us = 120.52 us
SET_ROWS: 32 x 2.863 us = 91.64 us
SIGMOID_MUL SIGMOID: 16 x 3.607 us = 57.72 us
SSM_CONV_SILU SSM_CONV: 48 x 5.585 us = 268.08 us
Total time: 45907 us.
----------------
Vulkan Timings:
CONCAT: 1 x 3.96 us = 3.96 us
CONT: 1 x 3.6 us = 3.6 us
FLASH_ATTN_EXT dst(256,24,5,1),  q(256,5,24,1),  k(256,256,4,1),  v(256,256,4,1),  m(256,5,1,1): 1 x 20.4 us = 20.4 us (1542.02 GFLOPS/s)
GLU: 1 x 1.48 us = 1.48 us
MUL_MAT f32 m=256 n=120 k=256: 1 x 1.68 us = 1.68 us (9344 GFLOPS/s)
MUL_MAT f32 m=256 n=20 k=256: 1 x 3.04 us = 3.04 us (860.632 GFLOPS/s)
MUL_MAT f32 m=64 n=480 k=64: 1 x 3.6 us = 3.6 us (1083.73 GFLOPS/s)
MUL_MAT f32 m=64 n=80 k=64: 1 x 3.6 us = 3.6 us (180.622 GFLOPS/s)
MUL_MAT_ADD MUL_MAT_VEC q6_K m=5120 n=5 k=17408: 1 x 166.41 us = 166.41 us (5355.83 GFLOPS/s)
MUL_MAT_ADD MUL_MAT_VEC q6_K m=5120 n=5 k=6144: 1 x 66.48 us = 66.48 us (4731.46 GFLOPS/s)
MUL_MAT_VEC q6_K m=1024 n=5 k=5120: 2 x 9.38 us = 18.76 us (5588.88 GFLOPS/s)
MUL_MAT_VEC q6_K m=12288 n=5 k=5120: 1 x 124.69 us = 124.69 us (5045.19 GFLOPS/s)
MUL_MAT_VEC q6_K m=17408 n=5 k=5120: 2 x 131.36 us = 262.72 us (6784.43 GFLOPS/s)
MUL_MAT_VEC q8_0 m=5120 n=5 k=10240: 1 x 104.6 us = 104.6 us (5012.07 GFLOPS/s)
RMS_NORM_MUL RMS_NORM(256,24,5,1): 1 x 3.72 us = 3.72 us
RMS_NORM_MUL RMS_NORM(256,4,5,1): 1 x 3.64 us = 3.64 us
RMS_NORM_MUL RMS_NORM(5120,5,1,1): 5 x 7.828 us = 39.14 us
ROPE: 2 x 3.58 us = 7.16 us
SET_ROWS: 2 x 2.62 us = 5.24 us
SIGMOID_MUL SIGMOID: 1 x 2 us = 2 us
Total time: 845.92 us.
----------------
Vulkan Timings:
CONCAT: 1 x 3.56 us = 3.56 us
CONT: 1 x 3.44 us = 3.44 us
FLASH_ATTN_EXT dst(256,24,1,1),  q(256,1,24,1),  k(256,256,4,1),  v(256,256,4,1),  m(256,1,1,1): 1 x 12.32 us = 12.32 us (510.67 GFLOPS/s)
GET_ROWS: 2 x 4.24 us = 8.48 us
GLU: 1 x 1.64 us = 1.64 us
MUL_MAT f32 m=256 n=24 k=256: 1 x 1.48 us = 1.48 us (2121.34 GFLOPS/s)
MUL_MAT f32 m=64 n=16 k=64: 1 x 3.24 us = 3.24 us (40.1383 GFLOPS/s)
MUL_MAT f32 m=64 n=96 k=64: 1 x 3.16 us = 3.16 us (246.927 GFLOPS/s)
MUL_MAT_ADD MUL_MAT_VEC q6_K m=5120 n=1 k=17408: 1 x 129 us = 129 us (1381.8 GFLOPS/s)
MUL_MAT_ADD MUL_MAT_VEC q6_K m=5120 n=1 k=6144: 1 x 54.48 us = 54.48 us (1154.73 GFLOPS/s)
MUL_MAT_VEC f32 m=256 n=4 k=256: 1 x 3 us = 3 us (174.421 GFLOPS/s)
MUL_MAT_VEC q6_K m=1024 n=1 k=5120: 2 x 9.22 us = 18.44 us (1137.17 GFLOPS/s)
MUL_MAT_VEC q6_K m=12288 n=1 k=5120: 1 x 89.8 us = 89.8 us (1401.08 GFLOPS/s)
MUL_MAT_VEC q6_K m=17408 n=1 k=5120: 2 x 118.1 us = 236.2 us (1509.23 GFLOPS/s)
MUL_MAT_VEC q6_K m=98304 n=1 k=5120: 1 x 674.09 us = 674.09 us (1493.18 GFLOPS/s)
MUL_MAT_VEC q8_0 m=5120 n=1 k=10240: 1 x 91.2 us = 91.2 us (1149.7 GFLOPS/s)
PAD: 1 x 6.32 us = 6.32 us
RMS_NORM_MUL RMS_NORM(256,24,1,1): 1 x 3.16 us = 3.16 us
RMS_NORM_MUL RMS_NORM(256,4,1,1): 1 x 3.44 us = 3.44 us
RMS_NORM_MUL RMS_NORM(5120,1,1,1): 5 x 4.384 us = 21.92 us
ROPE: 2 x 3.3 us = 6.6 us
SET_ROWS: 2 x 2.54 us = 5.08 us
SIGMOID_MUL SIGMOID: 1 x 1.52 us = 1.52 us
TOP_K K=10 (98304,1,1,1): 1 x 8.84 us = 8.84 us
Total time: 1390.41 us.
----------------
Vulkan Timings:
CONCAT: 1 x 3.72 us = 3.72 us
CONT: 1 x 3.6 us = 3.6 us
FLASH_ATTN_EXT dst(256,24,1,1),  q(256,1,24,1),  k(256,256,4,1),  v(256,256,4,1),  m(256,1,1,1): 1 x 12.68 us = 12.68 us (496.172 GFLOPS/s)
GET_ROWS: 2 x 4.24 us = 8.48 us
GLU: 1 x 1.76 us = 1.76 us
MUL_MAT f32 m=256 n=24 k=256: 1 x 1.6 us = 1.6 us (1962.24 GFLOPS/s)
MUL_MAT f32 m=64 n=16 k=64: 1 x 3.56 us = 3.56 us (36.5303 GFLOPS/s)
MUL_MAT f32 m=64 n=96 k=64: 1 x 3.56 us = 3.56 us (219.182 GFLOPS/s)
MUL_MAT_ADD MUL_MAT_VEC q6_K m=5120 n=1 k=17408: 1 x 123.96 us = 123.96 us (1437.99 GFLOPS/s)
MUL_MAT_ADD MUL_MAT_VEC q6_K m=5120 n=1 k=6144: 1 x 53.92 us = 53.92 us (1166.72 GFLOPS/s)
MUL_MAT_VEC f32 m=256 n=4 k=256: 1 x 3 us = 3 us (174.421 GFLOPS/s)
MUL_MAT_VEC q6_K m=1024 n=1 k=5120: 2 x 9.1 us = 18.2 us (1152.17 GFLOPS/s)
MUL_MAT_VEC q6_K m=12288 n=1 k=5120: 1 x 85.56 us = 85.56 us (1470.51 GFLOPS/s)
MUL_MAT_VEC q6_K m=17408 n=1 k=5120: 2 x 120.98 us = 241.96 us (1473.31 GFLOPS/s)
MUL_MAT_VEC q6_K m=98304 n=1 k=5120: 1 x 672.8 us = 672.8 us (1496.04 GFLOPS/s)
MUL_MAT_VEC q8_0 m=5120 n=1 k=10240: 1 x 100.84 us = 100.84 us (1039.79 GFLOPS/s)
PAD: 1 x 6.28 us = 6.28 us
RMS_NORM_MUL RMS_NORM(256,24,1,1): 1 x 3.56 us = 3.56 us
RMS_NORM_MUL RMS_NORM(256,4,1,1): 1 x 3.52 us = 3.52 us
RMS_NORM_MUL RMS_NORM(5120,1,1,1): 5 x 3.672 us = 18.36 us
ROPE: 2 x 3.52 us = 7.04 us
SET_ROWS: 2 x 2.6 us = 5.2 us
SIGMOID_MUL SIGMOID: 1 x 1.68 us = 1.68 us
TOP_K K=10 (98304,1,1,1): 1 x 8.16 us = 8.16 us
Total time: 1393 us.
----------------
Vulkan Timings:
CONCAT: 1 x 3.68 us = 3.68 us
CONT: 1 x 3.56 us = 3.56 us
FLASH_ATTN_EXT dst(256,24,1,1),  q(256,1,24,1),  k(256,256,4,1),  v(256,256,4,1),  m(256,1,1,1): 1 x 13 us = 13 us (483.958 GFLOPS/s)
GET_ROWS: 2 x 4.26 us = 8.52 us
GLU: 1 x 1.76 us = 1.76 us
MUL_MAT f32 m=256 n=24 k=256: 1 x 2.2 us = 2.2 us (1427.08 GFLOPS/s)
MUL_MAT f32 m=64 n=16 k=64: 1 x 3.6 us = 3.6 us (36.1244 GFLOPS/s)
MUL_MAT f32 m=64 n=96 k=64: 1 x 3.56 us = 3.56 us (219.182 GFLOPS/s)
MUL_MAT_ADD MUL_MAT_VEC q6_K m=5120 n=1 k=17408: 1 x 123.6 us = 123.6 us (1442.17 GFLOPS/s)
MUL_MAT_ADD MUL_MAT_VEC q6_K m=5120 n=1 k=6144: 1 x 53.48 us = 53.48 us (1176.32 GFLOPS/s)
MUL_MAT_VEC f32 m=256 n=4 k=256: 1 x 0.72 us = 0.72 us (726.756 GFLOPS/s)
MUL_MAT_VEC q6_K m=1024 n=1 k=5120: 2 x 9.3 us = 18.6 us (1127.39 GFLOPS/s)
MUL_MAT_VEC q6_K m=12288 n=1 k=5120: 1 x 85.84 us = 85.84 us (1465.71 GFLOPS/s)
MUL_MAT_VEC q6_K m=17408 n=1 k=5120: 2 x 120.9 us = 241.8 us (1474.28 GFLOPS/s)
MUL_MAT_VEC q6_K m=98304 n=1 k=5120: 1 x 673.09 us = 673.09 us (1495.39 GFLOPS/s)
MUL_MAT_VEC q8_0 m=5120 n=1 k=10240: 1 x 108.88 us = 108.88 us (963.01 GFLOPS/s)
PAD: 1 x 6.28 us = 6.28 us
RMS_NORM_MUL RMS_NORM(256,24,1,1): 1 x 3.52 us = 3.52 us
RMS_NORM_MUL RMS_NORM(256,4,1,1): 1 x 3.6 us = 3.6 us
RMS_NORM_MUL RMS_NORM(5120,1,1,1): 5 x 3.848 us = 19.24 us
ROPE: 2 x 3.56 us = 7.12 us
SET_ROWS: 2 x 3.52 us = 7.04 us
SIGMOID_MUL SIGMOID: 1 x 1.64 us = 1.64 us
TOP_K K=10 (98304,1,1,1): 1 x 8.88 us = 8.88 us
Total time: 1403.21 us.
----------------
Vulkan Timings:
CONCAT: 1 x 3.72 us = 3.72 us
CONT: 1 x 3.56 us = 3.56 us
FLASH_ATTN_EXT dst(256,24,1,1),  q(256,1,24,1),  k(256,256,4,1),  v(256,256,4,1),  m(256,1,1,1): 1 x 12.8 us = 12.8 us (491.52 GFLOPS/s)
GET_ROWS: 2 x 4.22 us = 8.44 us
GLU: 1 x 1.72 us = 1.72 us
MUL_MAT f32 m=256 n=24 k=256: 1 x 1.68 us = 1.68 us (1868.8 GFLOPS/s)
MUL_MAT f32 m=64 n=16 k=64: 1 x 3.6 us = 3.6 us (36.1244 GFLOPS/s)
MUL_MAT f32 m=64 n=96 k=64: 1 x 3.56 us = 3.56 us (219.182 GFLOPS/s)
MUL_MAT_ADD MUL_MAT_VEC q6_K m=5120 n=1 k=17408: 1 x 124.16 us = 124.16 us (1435.67 GFLOPS/s)
MUL_MAT_ADD MUL_MAT_VEC q6_K m=5120 n=1 k=6144: 1 x 53.64 us = 53.64 us (1172.81 GFLOPS/s)
MUL_MAT_VEC f32 m=256 n=4 k=256: 1 x 2.96 us = 2.96 us (176.778 GFLOPS/s)
MUL_MAT_VEC q6_K m=1024 n=1 k=5120: 2 x 9.14 us = 18.28 us (1147.13 GFLOPS/s)
MUL_MAT_VEC q6_K m=12288 n=1 k=5120: 1 x 85.36 us = 85.36 us (1473.96 GFLOPS/s)
MUL_MAT_VEC q6_K m=17408 n=1 k=5120: 2 x 121.08 us = 242.16 us (1472.09 GFLOPS/s)
MUL_MAT_VEC q6_K m=98304 n=1 k=5120: 1 x 672.19 us = 672.19 us (1497.4 GFLOPS/s)
MUL_MAT_VEC q8_0 m=5120 n=1 k=10240: 1 x 101.6 us = 101.6 us (1032.01 GFLOPS/s)
PAD: 1 x 6.24 us = 6.24 us
RMS_NORM_MUL RMS_NORM(256,24,1,1): 1 x 3.6 us = 3.6 us
RMS_NORM_MUL RMS_NORM(256,4,1,1): 1 x 3.52 us = 3.52 us
RMS_NORM_MUL RMS_NORM(5120,1,1,1): 5 x 3.68 us = 18.4 us
ROPE: 2 x 3.5 us = 7 us
SET_ROWS: 2 x 2.62 us = 5.24 us
SIGMOID_MUL SIGMOID: 1 x 1.68 us = 1.68 us
TOP_K K=10 (98304,1,1,1): 1 x 8.48 us = 8.48 us
Total time: 1393.59 us.
----------------
Vulkan Timings:
ADD: 48 x 3.689 us = 177.08 us
CONCAT: 48 x 2.4 us = 115.24 us
CONT: 16 x 3.76 us = 60.16 us
CPY: 240 x 2.2 us = 528.04 us
FLASH_ATTN_EXT dst(256,24,5,1),  q(256,5,24,1),  k(256,256,4,1),  v(256,256,4,1),  m(256,5,1,1): 16 x 20.585 us = 329.36 us (1528.17 GFLOPS/s)
GDN_CACHE GATED_DELTA_NET: 48 x 13.257 us = 636.36 us
GET_ROWS: 50 x 24.276 us = 1213.8 us
GLU: 64 x 2.911 us = 186.36 us
MUL_MAT f32 m=256 n=120 k=256: 16 x 1.777 us = 28.44 us (8831.46 GFLOPS/s)
MUL_MAT f32 m=256 n=20 k=256: 16 x 3.052 us = 48.84 us (857.107 GFLOPS/s)
MUL_MAT f32 m=64 n=480 k=64: 16 x 3.567 us = 57.08 us (1093.61 GFLOPS/s)
MUL_MAT f32 m=64 n=80 k=64: 16 x 3.21 us = 51.36 us (202.567 GFLOPS/s)
MUL_MAT_ADD MUL_MAT_VEC q6_K m=5120 n=5 k=17408: 64 x 137.821 us = 8820.56 us (6466.81 GFLOPS/s)
MUL_MAT_ADD MUL_MAT_VEC q6_K m=5120 n=5 k=6144: 16 x 59.7 us = 955.2 us (5268.8 GFLOPS/s)
MUL_MAT_VEC f32 m=48 n=5 k=5120: 96 x 3.384 us = 324.88 us (726.134 GFLOPS/s)
MUL_MAT_VEC q6_K m=1024 n=5 k=5120: 32 x 6.973 us = 223.16 us (7517.29 GFLOPS/s)
MUL_MAT_VEC q6_K m=10240 n=5 k=5120: 48 x 79.64 us = 3822.72 us (6582.58 GFLOPS/s)
MUL_MAT_VEC q6_K m=12288 n=5 k=5120: 16 x 98.59 us = 1577.44 us (6380.81 GFLOPS/s)
MUL_MAT_VEC q6_K m=17408 n=5 k=5120: 128 x 138.535 us = 17732.6 us (6433.01 GFLOPS/s)
MUL_MAT_VEC q6_K m=248320 n=5 k=5120: 1 x 1691.44 us = 1691.44 us (7515.93 GFLOPS/s)
MUL_MAT_VEC q6_K m=6144 n=5 k=5120: 48 x 53.373 us = 2561.92 us (5893.24 GFLOPS/s)
MUL_MAT_VEC q8_0 m=5120 n=5 k=6144: 48 x 62.94 us = 3021.12 us (4997.57 GFLOPS/s)
RMS_NORM_MUL RMS_NORM(256,24,5,1): 16 x 3.772 us = 60.36 us
RMS_NORM_MUL RMS_NORM(256,4,5,1): 16 x 4.325 us = 69.2 us
RMS_NORM_MUL RMS_NORM(5120,5,1,1): 129 x 4.51 us = 581.8 us
RMS_NORM_MUL_SILU_MUL RMS_NORM(128,48,5,1): 48 x 5.54 us = 265.96 us
RMS_NORM_SCALE RMS_NORM(128,16,5,1): 96 x 2.616 us = 251.16 us
ROPE: 32 x 3.773 us = 120.76 us
SET_ROWS: 32 x 2.886 us = 92.36 us
SIGMOID_MUL SIGMOID: 16 x 3.62 us = 57.92 us
SSM_CONV_SILU SSM_CONV: 48 x 5.547 us = 266.28 us
Total time: 45929 us.
----------------
Vulkan Timings:
CONCAT: 1 x 3.92 us = 3.92 us
CONT: 1 x 3.64 us = 3.64 us
FLASH_ATTN_EXT dst(256,24,5,1),  q(256,5,24,1),  k(256,256,4,1),  v(256,256,4,1),  m(256,5,1,1): 1 x 20.44 us = 20.44 us (1539.01 GFLOPS/s)
GLU: 1 x 1.52 us = 1.52 us
MUL_MAT f32 m=256 n=120 k=256: 1 x 1.68 us = 1.68 us (9344 GFLOPS/s)
MUL_MAT f32 m=256 n=20 k=256: 1 x 3.04 us = 3.04 us (860.632 GFLOPS/s)
MUL_MAT f32 m=64 n=480 k=64: 1 x 3.64 us = 3.64 us (1071.82 GFLOPS/s)
MUL_MAT f32 m=64 n=80 k=64: 1 x 3.56 us = 3.56 us (182.652 GFLOPS/s)
MUL_MAT_ADD MUL_MAT_VEC q6_K m=5120 n=5 k=17408: 1 x 170.96 us = 170.96 us (5213.29 GFLOPS/s)
MUL_MAT_ADD MUL_MAT_VEC q6_K m=5120 n=5 k=6144: 1 x 67.52 us = 67.52 us (4658.58 GFLOPS/s)
MUL_MAT_VEC q6_K m=1024 n=5 k=5120: 2 x 9.18 us = 18.36 us (5710.64 GFLOPS/s)
MUL_MAT_VEC q6_K m=12288 n=5 k=5120: 1 x 125.94 us = 125.94 us (4995.11 GFLOPS/s)
MUL_MAT_VEC q6_K m=17408 n=5 k=5120: 2 x 130 us = 260 us (6855.4 GFLOPS/s)
MUL_MAT_VEC q8_0 m=5120 n=5 k=10240: 1 x 106.04 us = 106.04 us (4944.01 GFLOPS/s)
RMS_NORM_MUL RMS_NORM(256,24,5,1): 1 x 3.68 us = 3.68 us
RMS_NORM_MUL RMS_NORM(256,4,5,1): 1 x 3.56 us = 3.56 us
RMS_NORM_MUL RMS_NORM(5120,5,1,1): 5 x 7.822 us = 39.11 us
ROPE: 2 x 3.6 us = 7.2 us
SET_ROWS: 2 x 2.62 us = 5.24 us
SIGMOID_MUL SIGMOID: 1 x 1.72 us = 1.72 us
Total time: 850.77 us.
----------------
Vulkan Timings:
CONCAT: 1 x 3.64 us = 3.64 us
CONT: 1 x 3.48 us = 3.48 us
FLASH_ATTN_EXT dst(256,24,1,1),  q(256,1,24,1),  k(256,256,4,1),  v(256,256,4,1),  m(256,1,1,1): 1 x 12.44 us = 12.44 us (505.744 GFLOPS/s)
GET_ROWS: 2 x 4.24 us = 8.48 us
GLU: 1 x 1.56 us = 1.56 us
MUL_MAT f32 m=256 n=24 k=256: 1 x 1.48 us = 1.48 us (2121.34 GFLOPS/s)
MUL_MAT f32 m=64 n=16 k=64: 1 x 1.8 us = 1.8 us (72.2489 GFLOPS/s)
MUL_MAT f32 m=64 n=96 k=64: 1 x 3.2 us = 3.2 us (243.84 GFLOPS/s)
MUL_MAT_ADD MUL_MAT_VEC q6_K m=5120 n=1 k=17408: 1 x 130.16 us = 130.16 us (1369.49 GFLOPS/s)
MUL_MAT_ADD MUL_MAT_VEC q6_K m=5120 n=1 k=6144: 1 x 53.8 us = 53.8 us (1169.32 GFLOPS/s)
MUL_MAT_VEC f32 m=256 n=4 k=256: 1 x 3 us = 3 us (174.421 GFLOPS/s)
MUL_MAT_VEC q6_K m=1024 n=1 k=5120: 2 x 9.4 us = 18.8 us (1115.4 GFLOPS/s)
MUL_MAT_VEC q6_K m=12288 n=1 k=5120: 1 x 89.96 us = 89.96 us (1398.59 GFLOPS/s)
MUL_MAT_VEC q6_K m=17408 n=1 k=5120: 2 x 117.96 us = 235.92 us (1511.03 GFLOPS/s)
MUL_MAT_VEC q6_K m=98304 n=1 k=5120: 1 x 673.18 us = 673.18 us (1495.19 GFLOPS/s)
MUL_MAT_VEC q8_0 m=5120 n=1 k=10240: 1 x 91.84 us = 91.84 us (1141.69 GFLOPS/s)
PAD: 1 x 6.36 us = 6.36 us
RMS_NORM_MUL RMS_NORM(256,24,1,1): 1 x 3.16 us = 3.16 us
RMS_NORM_MUL RMS_NORM(256,4,1,1): 1 x 4.76 us = 4.76 us
RMS_NORM_MUL RMS_NORM(5120,1,1,1): 5 x 4.216 us = 21.08 us
ROPE: 2 x 3.26 us = 6.52 us
SET_ROWS: 2 x 2.56 us = 5.12 us
SIGMOID_MUL SIGMOID: 1 x 1.56 us = 1.56 us
TOP_K K=10 (98304,1,1,1): 1 x 8.52 us = 8.52 us
Total time: 1389.82 us.
----------------
Vulkan Timings:
CONCAT: 1 x 3.72 us = 3.72 us
CONT: 1 x 3.56 us = 3.56 us
FLASH_ATTN_EXT dst(256,24,1,1),  q(256,1,24,1),  k(256,256,4,1),  v(256,256,4,1),  m(256,1,1,1): 1 x 12.76 us = 12.76 us (493.061 GFLOPS/s)
GET_ROWS: 2 x 4.14 us = 8.28 us
GLU: 1 x 1.8 us = 1.8 us
MUL_MAT f32 m=256 n=24 k=256: 1 x 1.68 us = 1.68 us (1868.8 GFLOPS/s)
MUL_MAT f32 m=64 n=16 k=64: 1 x 3.56 us = 3.56 us (36.5303 GFLOPS/s)
MUL_MAT f32 m=64 n=96 k=64: 1 x 3.52 us = 3.52 us (221.673 GFLOPS/s)
MUL_MAT_ADD MUL_MAT_VEC q6_K m=5120 n=1 k=17408: 1 x 124.04 us = 124.04 us (1437.06 GFLOPS/s)
MUL_MAT_ADD MUL_MAT_VEC q6_K m=5120 n=1 k=6144: 1 x 52.92 us = 52.92 us (1188.76 GFLOPS/s)
MUL_MAT_VEC f32 m=256 n=4 k=256: 1 x 2.96 us = 2.96 us (176.778 GFLOPS/s)
MUL_MAT_VEC q6_K m=1024 n=1 k=5120: 2 x 9.02 us = 18.04 us (1162.39 GFLOPS/s)
MUL_MAT_VEC q6_K m=12288 n=1 k=5120: 1 x 85.6 us = 85.6 us (1469.82 GFLOPS/s)
MUL_MAT_VEC q6_K m=17408 n=1 k=5120: 2 x 121.08 us = 242.16 us (1472.09 GFLOPS/s)
MUL_MAT_VEC q6_K m=98304 n=1 k=5120: 1 x 673.93 us = 673.93 us (1493.53 GFLOPS/s)
MUL_MAT_VEC q8_0 m=5120 n=1 k=10240: 1 x 101.6 us = 101.6 us (1032.01 GFLOPS/s)
PAD: 1 x 6.32 us = 6.32 us
RMS_NORM_MUL RMS_NORM(256,24,1,1): 1 x 3.56 us = 3.56 us
RMS_NORM_MUL RMS_NORM(256,4,1,1): 1 x 3.56 us = 3.56 us
RMS_NORM_MUL RMS_NORM(5120,1,1,1): 5 x 3.656 us = 18.28 us
ROPE: 2 x 3.54 us = 7.08 us
SET_ROWS: 2 x 2.64 us = 5.28 us
SIGMOID_MUL SIGMOID: 1 x 2.52 us = 2.52 us
TOP_K K=10 (98304,1,1,1): 1 x 8.68 us = 8.68 us
Total time: 1395.41 us.
----------------
Vulkan Timings:
CONCAT: 1 x 3.68 us = 3.68 us
CONT: 1 x 3.56 us = 3.56 us
FLASH_ATTN_EXT dst(256,24,1,1),  q(256,1,24,1),  k(256,256,4,1),  v(256,256,4,1),  m(256,1,1,1): 1 x 12.76 us = 12.76 us (493.061 GFLOPS/s)
GET_ROWS: 2 x 4.24 us = 8.48 us
GLU: 1 x 1.68 us = 1.68 us
MUL_MAT f32 m=256 n=24 k=256: 1 x 1.68 us = 1.68 us (1868.8 GFLOPS/s)
MUL_MAT f32 m=64 n=16 k=64: 1 x 3.6 us = 3.6 us (36.1244 GFLOPS/s)
MUL_MAT f32 m=64 n=96 k=64: 1 x 3.56 us = 3.56 us (219.182 GFLOPS/s)
MUL_MAT_ADD MUL_MAT_VEC q6_K m=5120 n=1 k=17408: 1 x 123.08 us = 123.08 us (1448.27 GFLOPS/s)
MUL_MAT_ADD MUL_MAT_VEC q6_K m=5120 n=1 k=6144: 1 x 54 us = 54 us (1164.99 GFLOPS/s)
MUL_MAT_VEC f32 m=256 n=4 k=256: 1 x 2.96 us = 2.96 us (176.778 GFLOPS/s)
MUL_MAT_VEC q6_K m=1024 n=1 k=5120: 2 x 5.92 us = 11.84 us (1771.07 GFLOPS/s)
MUL_MAT_VEC q6_K m=12288 n=1 k=5120: 1 x 92.92 us = 92.92 us (1354.03 GFLOPS/s)
MUL_MAT_VEC q6_K m=17408 n=1 k=5120: 2 x 121.1 us = 242.2 us (1471.85 GFLOPS/s)
MUL_MAT_VEC q6_K m=98304 n=1 k=5120: 1 x 672.34 us = 672.34 us (1497.06 GFLOPS/s)
MUL_MAT_VEC q8_0 m=5120 n=1 k=10240: 1 x 100.76 us = 100.76 us (1040.62 GFLOPS/s)
PAD: 1 x 7 us = 7 us
RMS_NORM_MUL RMS_NORM(256,24,1,1): 1 x 3.56 us = 3.56 us
RMS_NORM_MUL RMS_NORM(256,4,1,1): 1 x 3.52 us = 3.52 us
RMS_NORM_MUL RMS_NORM(5120,1,1,1): 5 x 3.664 us = 18.32 us
ROPE: 2 x 3.54 us = 7.08 us
SET_ROWS: 2 x 2.62 us = 5.24 us
SIGMOID_MUL SIGMOID: 1 x 1.68 us = 1.68 us
TOP_K K=10 (98304,1,1,1): 1 x 8.72 us = 8.72 us
Total time: 1394.22 us.
----------------
Vulkan Timings:
CONCAT: 1 x 3.72 us = 3.72 us
CONT: 1 x 3.6 us = 3.6 us
FLASH_ATTN_EXT dst(256,24,1,1),  q(256,1,24,1),  k(256,256,4,1),  v(256,256,4,1),  m(256,1,1,1): 1 x 12.76 us = 12.76 us (493.061 GFLOPS/s)
GET_ROWS: 2 x 4.24 us = 8.48 us
GLU: 1 x 1.76 us = 1.76 us
MUL_MAT f32 m=256 n=24 k=256: 1 x 1.68 us = 1.68 us (1868.8 GFLOPS/s)
MUL_MAT f32 m=64 n=16 k=64: 1 x 3.56 us = 3.56 us (36.5303 GFLOPS/s)
MUL_MAT f32 m=64 n=96 k=64: 1 x 3.56 us = 3.56 us (219.182 GFLOPS/s)
MUL_MAT_ADD MUL_MAT_VEC q6_K m=5120 n=1 k=17408: 1 x 123.08 us = 123.08 us (1448.27 GFLOPS/s)
MUL_MAT_ADD MUL_MAT_VEC q6_K m=5120 n=1 k=6144: 1 x 53.32 us = 53.32 us (1179.85 GFLOPS/s)
MUL_MAT_VEC f32 m=256 n=4 k=256: 1 x 2.96 us = 2.96 us (176.778 GFLOPS/s)
MUL_MAT_VEC q6_K m=1024 n=1 k=5120: 2 x 9.06 us = 18.12 us (1157.26 GFLOPS/s)
MUL_MAT_VEC q6_K m=12288 n=1 k=5120: 1 x 85.56 us = 85.56 us (1470.51 GFLOPS/s)
MUL_MAT_VEC q6_K m=17408 n=1 k=5120: 2 x 121.04 us = 242.08 us (1472.58 GFLOPS/s)
MUL_MAT_VEC q6_K m=98304 n=1 k=5120: 1 x 672.18 us = 672.18 us (1497.42 GFLOPS/s)
MUL_MAT_VEC q8_0 m=5120 n=1 k=10240: 1 x 100.68 us = 100.68 us (1041.44 GFLOPS/s)
PAD: 1 x 6.08 us = 6.08 us
RMS_NORM_MUL RMS_NORM(256,24,1,1): 1 x 3.56 us = 3.56 us
RMS_NORM_MUL RMS_NORM(256,4,1,1): 1 x 3.52 us = 3.52 us
RMS_NORM_MUL RMS_NORM(5120,1,1,1): 5 x 3.68 us = 18.4 us
ROPE: 2 x 3.5 us = 7 us
SET_ROWS: 2 x 2.64 us = 5.28 us
SIGMOID_MUL SIGMOID: 1 x 1.92 us = 1.92 us
TOP_K K=10 (98304,1,1,1): 1 x 8.96 us = 8.96 us
Total time: 1391.82 us.
----------------
Vulkan Timings:
ADD: 48 x 3.695 us = 177.36 us
CONCAT: 48 x 2.401 us = 115.28 us
CONT: 16 x 3.752 us = 60.04 us
CPY: 240 x 2.177 us = 522.68 us
FLASH_ATTN_EXT dst(256,24,5,1),  q(256,5,24,1),  k(256,256,4,1),  v(256,256,4,1),  m(256,5,1,1): 16 x 20.787 us = 332.6 us (1513.28 GFLOPS/s)
GDN_CACHE GATED_DELTA_NET: 48 x 13.2 us = 633.6 us
GET_ROWS: 50 x 24.214 us = 1210.72 us
GLU: 64 x 2.92 us = 186.88 us
MUL_MAT f32 m=256 n=120 k=256: 16 x 1.81 us = 28.96 us (8672.88 GFLOPS/s)
MUL_MAT f32 m=256 n=20 k=256: 16 x 2.902 us = 46.44 us (901.402 GFLOPS/s)
MUL_MAT f32 m=64 n=480 k=64: 16 x 3.575 us = 57.2 us (1091.31 GFLOPS/s)
MUL_MAT f32 m=64 n=80 k=64: 16 x 3.215 us = 51.44 us (202.252 GFLOPS/s)
MUL_MAT_ADD MUL_MAT_VEC q6_K m=5120 n=5 k=17408: 64 x 137.951 us = 8828.88 us (6460.72 GFLOPS/s)
MUL_MAT_ADD MUL_MAT_VEC q6_K m=5120 n=5 k=6144: 16 x 59.3 us = 948.8 us (5304.34 GFLOPS/s)
MUL_MAT_VEC f32 m=48 n=5 k=5120: 96 x 3.345 us = 321.12 us (734.637 GFLOPS/s)
MUL_MAT_VEC q6_K m=1024 n=5 k=5120: 32 x 7.003 us = 224.12 us (7485.09 GFLOPS/s)
MUL_MAT_VEC q6_K m=10240 n=5 k=5120: 48 x 79.48 us = 3815.04 us (6595.83 GFLOPS/s)
MUL_MAT_VEC q6_K m=12288 n=5 k=5120: 16 x 98.762 us = 1580.2 us (6369.67 GFLOPS/s)
MUL_MAT_VEC q6_K m=17408 n=5 k=5120: 128 x 138.305 us = 17703.1 us (6443.73 GFLOPS/s)
MUL_MAT_VEC q6_K m=248320 n=5 k=5120: 1 x 1685.88 us = 1685.88 us (7540.72 GFLOPS/s)
MUL_MAT_VEC q6_K m=6144 n=5 k=5120: 48 x 53.23 us = 2555.08 us (5909.02 GFLOPS/s)
MUL_MAT_VEC q8_0 m=5120 n=5 k=6144: 48 x 62.983 us = 3023.2 us (4994.13 GFLOPS/s)
RMS_NORM_MUL RMS_NORM(256,24,5,1): 16 x 3.627 us = 58.04 us
RMS_NORM_MUL RMS_NORM(256,4,5,1): 16 x 4.312 us = 69 us
RMS_NORM_MUL RMS_NORM(5120,5,1,1): 129 x 4.549 us = 586.84 us
RMS_NORM_MUL_SILU_MUL RMS_NORM(128,48,5,1): 48 x 5.54 us = 265.92 us
RMS_NORM_SCALE RMS_NORM(128,16,5,1): 96 x 2.665 us = 255.84 us
ROPE: 32 x 3.773 us = 120.76 us
SET_ROWS: 32 x 2.857 us = 91.44 us
SIGMOID_MUL SIGMOID: 16 x 3.617 us = 57.88 us
SSM_CONV_SILU SSM_CONV: 48 x 5.586 us = 268.16 us
Total time: 45882.5 us.
----------------
Vulkan Timings:
CONCAT: 1 x 3.96 us = 3.96 us
CONT: 1 x 3.6 us = 3.6 us
FLASH_ATTN_EXT dst(256,24,5,1),  q(256,5,24,1),  k(256,256,4,1),  v(256,256,4,1),  m(256,5,1,1): 1 x 22.72 us = 22.72 us (1384.56 GFLOPS/s)
GLU: 1 x 1.48 us = 1.48 us
MUL_MAT f32 m=256 n=120 k=256: 1 x 1.68 us = 1.68 us (9344 GFLOPS/s)
MUL_MAT f32 m=256 n=20 k=256: 1 x 3 us = 3 us (872.107 GFLOPS/s)
MUL_MAT f32 m=64 n=480 k=64: 1 x 3.56 us = 3.56 us (1095.91 GFLOPS/s)
MUL_MAT f32 m=64 n=80 k=64: 1 x 3.56 us = 3.56 us (182.652 GFLOPS/s)
MUL_MAT_ADD MUL_MAT_VEC q6_K m=5120 n=5 k=17408: 1 x 172.01 us = 172.01 us (5181.47 GFLOPS/s)
MUL_MAT_ADD MUL_MAT_VEC q6_K m=5120 n=5 k=6144: 1 x 66.88 us = 66.88 us (4703.16 GFLOPS/s)
MUL_MAT_VEC q6_K m=1024 n=5 k=5120: 2 x 9.34 us = 18.68 us (5612.81 GFLOPS/s)
MUL_MAT_VEC q6_K m=12288 n=5 k=5120: 1 x 123.84 us = 123.84 us (5079.81 GFLOPS/s)
MUL_MAT_VEC q6_K m=17408 n=5 k=5120: 2 x 131.6 us = 263.2 us (6772.06 GFLOPS/s)
MUL_MAT_VEC q8_0 m=5120 n=5 k=10240: 1 x 105.88 us = 105.88 us (4951.48 GFLOPS/s)
RMS_NORM_MUL RMS_NORM(256,24,5,1): 1 x 3.72 us = 3.72 us
RMS_NORM_MUL RMS_NORM(256,4,5,1): 1 x 3.6 us = 3.6 us
RMS_NORM_MUL RMS_NORM(5120,5,1,1): 5 x 7.778 us = 38.89 us
ROPE: 2 x 3.62 us = 7.24 us
SET_ROWS: 2 x 1.8 us = 3.6 us
SIGMOID_MUL SIGMOID: 1 x 1.68 us = 1.68 us
Total time: 852.78 us.
----------------
Vulkan Timings:
CONCAT: 1 x 3.64 us = 3.64 us
CONT: 1 x 3.44 us = 3.44 us
FLASH_ATTN_EXT dst(256,24,1,1),  q(256,1,24,1),  k(256,256,4,1),  v(256,256,4,1),  m(256,1,1,1): 1 x 12.36 us = 12.36 us (509.017 GFLOPS/s)
GET_ROWS: 2 x 4.24 us = 8.48 us
GLU: 1 x 1.68 us = 1.68 us
MUL_MAT f32 m=256 n=24 k=256: 1 x 1.56 us = 1.56 us (2012.55 GFLOPS/s)
MUL_MAT f32 m=64 n=16 k=64: 1 x 1.84 us = 1.84 us (70.6783 GFLOPS/s)
MUL_MAT f32 m=64 n=96 k=64: 1 x 3.16 us = 3.16 us (246.927 GFLOPS/s)
MUL_MAT_ADD MUL_MAT_VEC q6_K m=5120 n=1 k=17408: 1 x 129.88 us = 129.88 us (1372.44 GFLOPS/s)
MUL_MAT_ADD MUL_MAT_VEC q6_K m=5120 n=1 k=6144: 1 x 54.16 us = 54.16 us (1161.55 GFLOPS/s)
MUL_MAT_VEC f32 m=256 n=4 k=256: 1 x 3 us = 3 us (174.421 GFLOPS/s)
MUL_MAT_VEC q6_K m=1024 n=1 k=5120: 2 x 6.1 us = 12.2 us (1718.81 GFLOPS/s)
MUL_MAT_VEC q6_K m=12288 n=1 k=5120: 1 x 97.56 us = 97.56 us (1289.64 GFLOPS/s)
MUL_MAT_VEC q6_K m=17408 n=1 k=5120: 2 x 117.92 us = 235.84 us (1511.54 GFLOPS/s)
MUL_MAT_VEC q6_K m=98304 n=1 k=5120: 1 x 672.99 us = 672.99 us (1495.62 GFLOPS/s)
MUL_MAT_VEC q8_0 m=5120 n=1 k=10240: 1 x 91.4 us = 91.4 us (1147.18 GFLOPS/s)
PAD: 1 x 6.28 us = 6.28 us
RMS_NORM_MUL RMS_NORM(256,24,1,1): 1 x 3.12 us = 3.12 us
RMS_NORM_MUL RMS_NORM(256,4,1,1): 1 x 4.84 us = 4.84 us
RMS_NORM_MUL RMS_NORM(5120,1,1,1): 5 x 4.328 us = 21.64 us
ROPE: 2 x 3.3 us = 6.6 us
SET_ROWS: 2 x 2.6 us = 5.2 us
SIGMOID_MUL SIGMOID: 1 x 1.52 us = 1.52 us
TOP_K K=10 (98304,1,1,1): 1 x 8.72 us = 8.72 us
Total time: 1391.11 us.
----------------
Vulkan Timings:
CONCAT: 1 x 3.72 us = 3.72 us
CONT: 1 x 3.56 us = 3.56 us
FLASH_ATTN_EXT dst(256,24,1,1),  q(256,1,24,1),  k(256,256,4,1),  v(256,256,4,1),  m(256,1,1,1): 1 x 12.68 us = 12.68 us (496.172 GFLOPS/s)
GET_ROWS: 2 x 4.26 us = 8.52 us
GLU: 1 x 1.76 us = 1.76 us
MUL_MAT f32 m=256 n=24 k=256: 1 x 1.6 us = 1.6 us (1962.24 GFLOPS/s)
MUL_MAT f32 m=64 n=16 k=64: 1 x 3.6 us = 3.6 us (36.1244 GFLOPS/s)
MUL_MAT f32 m=64 n=96 k=64: 1 x 3.6 us = 3.6 us (216.747 GFLOPS/s)
MUL_MAT_ADD MUL_MAT_VEC q6_K m=5120 n=1 k=17408: 1 x 124.12 us = 124.12 us (1436.13 GFLOPS/s)
MUL_MAT_ADD MUL_MAT_VEC q6_K m=5120 n=1 k=6144: 1 x 54.68 us = 54.68 us (1150.5 GFLOPS/s)
MUL_MAT_VEC f32 m=256 n=4 k=256: 1 x 2.96 us = 2.96 us (176.778 GFLOPS/s)
MUL_MAT_VEC q6_K m=1024 n=1 k=5120: 2 x 9.18 us = 18.36 us (1142.13 GFLOPS/s)
MUL_MAT_VEC q6_K m=12288 n=1 k=5120: 1 x 85.48 us = 85.48 us (1471.89 GFLOPS/s)
MUL_MAT_VEC q6_K m=17408 n=1 k=5120: 2 x 121.14 us = 242.28 us (1471.36 GFLOPS/s)
MUL_MAT_VEC q6_K m=98304 n=1 k=5120: 1 x 673.58 us = 673.58 us (1494.31 GFLOPS/s)
MUL_MAT_VEC q8_0 m=5120 n=1 k=10240: 1 x 101.32 us = 101.32 us (1034.86 GFLOPS/s)
PAD: 1 x 6.2 us = 6.2 us
RMS_NORM_MUL RMS_NORM(256,24,1,1): 1 x 3.6 us = 3.6 us
RMS_NORM_MUL RMS_NORM(256,4,1,1): 1 x 3.52 us = 3.52 us
RMS_NORM_MUL RMS_NORM(5120,1,1,1): 5 x 3.728 us = 18.64 us
ROPE: 2 x 3.56 us = 7.12 us
SET_ROWS: 2 x 2.6 us = 5.2 us
SIGMOID_MUL SIGMOID: 1 x 1.68 us = 1.68 us
TOP_K K=10 (98304,1,1,1): 1 x 8.72 us = 8.72 us
Total time: 1396.5 us.
----------------
Vulkan Timings:
CONCAT: 1 x 3.72 us = 3.72 us
CONT: 1 x 3.56 us = 3.56 us
FLASH_ATTN_EXT dst(256,24,1,1),  q(256,1,24,1),  k(256,256,4,1),  v(256,256,4,1),  m(256,1,1,1): 1 x 12.8 us = 12.8 us (491.52 GFLOPS/s)
GET_ROWS: 2 x 4.26 us = 8.52 us
GLU: 1 x 1.88 us = 1.88 us
MUL_MAT f32 m=256 n=24 k=256: 1 x 1.64 us = 1.64 us (1914.38 GFLOPS/s)
MUL_MAT f32 m=64 n=16 k=64: 1 x 3.52 us = 3.52 us (36.9455 GFLOPS/s)
MUL_MAT f32 m=64 n=96 k=64: 1 x 3.6 us = 3.6 us (216.747 GFLOPS/s)
MUL_MAT_ADD MUL_MAT_VEC q6_K m=5120 n=1 k=17408: 1 x 123.36 us = 123.36 us (1444.98 GFLOPS/s)
MUL_MAT_ADD MUL_MAT_VEC q6_K m=5120 n=1 k=6144: 1 x 54.32 us = 54.32 us (1158.13 GFLOPS/s)
MUL_MAT_VEC f32 m=256 n=4 k=256: 1 x 2.96 us = 2.96 us (176.778 GFLOPS/s)
MUL_MAT_VEC q6_K m=1024 n=1 k=5120: 2 x 9.02 us = 18.04 us (1162.39 GFLOPS/s)
MUL_MAT_VEC q6_K m=12288 n=1 k=5120: 1 x 85.48 us = 85.48 us (1471.89 GFLOPS/s)
MUL_MAT_VEC q6_K m=17408 n=1 k=5120: 2 x 121.22 us = 242.44 us (1470.39 GFLOPS/s)
MUL_MAT_VEC q6_K m=98304 n=1 k=5120: 1 x 673.06 us = 673.06 us (1495.46 GFLOPS/s)
MUL_MAT_VEC q8_0 m=5120 n=1 k=10240: 1 x 101.48 us = 101.48 us (1033.23 GFLOPS/s)
PAD: 1 x 6.24 us = 6.24 us
RMS_NORM_MUL RMS_NORM(256,24,1,1): 1 x 3.56 us = 3.56 us
RMS_NORM_MUL RMS_NORM(256,4,1,1): 1 x 3.56 us = 3.56 us
RMS_NORM_MUL RMS_NORM(5120,1,1,1): 5 x 3.648 us = 18.24 us
ROPE: 2 x 3.52 us = 7.04 us
SET_ROWS: 2 x 2.64 us = 5.28 us
SIGMOID_MUL SIGMOID: 1 x 1.64 us = 1.64 us
TOP_K K=10 (98304,1,1,1): 1 x 8.72 us = 8.72 us
Total time: 1394.66 us.
----------------
Vulkan Timings:
CONCAT: 1 x 3.68 us = 3.68 us
CONT: 1 x 3.56 us = 3.56 us
FLASH_ATTN_EXT dst(256,24,1,1),  q(256,1,24,1),  k(256,256,4,1),  v(256,256,4,1),  m(256,1,1,1): 1 x 14.52 us = 14.52 us (433.296 GFLOPS/s)
GET_ROWS: 2 x 4.24 us = 8.48 us
GLU: 1 x 1.88 us = 1.88 us
MUL_MAT f32 m=256 n=24 k=256: 1 x 2.2 us = 2.2 us (1427.08 GFLOPS/s)
MUL_MAT f32 m=64 n=16 k=64: 1 x 3.56 us = 3.56 us (36.5303 GFLOPS/s)
MUL_MAT f32 m=64 n=96 k=64: 1 x 3.56 us = 3.56 us (219.182 GFLOPS/s)
MUL_MAT_ADD MUL_MAT_VEC q6_K m=5120 n=1 k=17408: 1 x 123.16 us = 123.16 us (1447.33 GFLOPS/s)
MUL_MAT_ADD MUL_MAT_VEC q6_K m=5120 n=1 k=6144: 1 x 53.68 us = 53.68 us (1171.93 GFLOPS/s)
MUL_MAT_VEC f32 m=256 n=4 k=256: 1 x 0.72 us = 0.72 us (726.756 GFLOPS/s)
MUL_MAT_VEC q6_K m=1024 n=1 k=5120: 2 x 9 us = 18 us (1164.97 GFLOPS/s)
MUL_MAT_VEC q6_K m=12288 n=1 k=5120: 1 x 86.04 us = 86.04 us (1462.31 GFLOPS/s)
MUL_MAT_VEC q6_K m=17408 n=1 k=5120: 2 x 121.2 us = 242.4 us (1470.63 GFLOPS/s)
MUL_MAT_VEC q6_K m=98304 n=1 k=5120: 1 x 672.87 us = 672.87 us (1495.88 GFLOPS/s)
MUL_MAT_VEC q8_0 m=5120 n=1 k=10240: 1 x 101.36 us = 101.36 us (1034.46 GFLOPS/s)
PAD: 1 x 6.24 us = 6.24 us
RMS_NORM_MUL RMS_NORM(256,24,1,1): 1 x 3.56 us = 3.56 us
RMS_NORM_MUL RMS_NORM(256,4,1,1): 1 x 3.56 us = 3.56 us
RMS_NORM_MUL RMS_NORM(5120,1,1,1): 5 x 3.728 us = 18.64 us
ROPE: 2 x 3.56 us = 7.12 us
SET_ROWS: 2 x 2.78 us = 5.56 us
SIGMOID_MUL SIGMOID: 1 x 1.64 us = 1.64 us
TOP_K K=10 (98304,1,1,1): 1 x 8.88 us = 8.88 us
Total time: 1394.87 us.
----------------
Vulkan Timings:
ADD: 48 x 3.684 us = 176.84 us
CONCAT: 48 x 2.489 us = 119.48 us
CONT: 16 x 3.735 us = 59.76 us
CPY: 240 x 2.157 us = 517.88 us
FLASH_ATTN_EXT dst(256,24,5,1),  q(256,5,24,1),  k(256,256,4,1),  v(256,256,4,1),  m(256,5,1,1): 16 x 20.5 us = 328 us (1534.5 GFLOPS/s)
GDN_CACHE GATED_DELTA_NET: 48 x 13.27 us = 636.96 us
GET_ROWS: 50 x 24.234 us = 1211.72 us
GLU: 64 x 2.881 us = 184.4 us
MUL_MAT f32 m=256 n=120 k=256: 16 x 1.79 us = 28.64 us (8769.79 GFLOPS/s)
MUL_MAT f32 m=256 n=20 k=256: 16 x 3.032 us = 48.52 us (862.76 GFLOPS/s)
MUL_MAT f32 m=64 n=480 k=64: 16 x 3.56 us = 56.96 us (1095.91 GFLOPS/s)
MUL_MAT f32 m=64 n=80 k=64: 16 x 3.207 us = 51.32 us (202.725 GFLOPS/s)
MUL_MAT_ADD MUL_MAT_VEC q6_K m=5120 n=5 k=17408: 64 x 138.011 us = 8832.76 us (6457.88 GFLOPS/s)
MUL_MAT_ADD MUL_MAT_VEC q6_K m=5120 n=5 k=6144: 16 x 59.47 us = 951.52 us (5289.17 GFLOPS/s)
MUL_MAT_VEC f32 m=48 n=5 k=5120: 96 x 3.381 us = 324.64 us (726.671 GFLOPS/s)
MUL_MAT_VEC q6_K m=1024 n=5 k=5120: 32 x 7.011 us = 224.36 us (7477.08 GFLOPS/s)
MUL_MAT_VEC q6_K m=10240 n=5 k=5120: 48 x 79.904 us = 3835.4 us (6560.82 GFLOPS/s)
MUL_MAT_VEC q6_K m=12288 n=5 k=5120: 16 x 98.505 us = 1576.08 us (6386.32 GFLOPS/s)
MUL_MAT_VEC q6_K m=17408 n=5 k=5120: 128 x 138.591 us = 17739.7 us (6430.44 GFLOPS/s)
MUL_MAT_VEC q6_K m=248320 n=5 k=5120: 1 x 1688.08 us = 1688.08 us (7530.89 GFLOPS/s)
MUL_MAT_VEC q6_K m=6144 n=5 k=5120: 48 x 53.307 us = 2558.76 us (5900.52 GFLOPS/s)
MUL_MAT_VEC q8_0 m=5120 n=5 k=6144: 48 x 63.039 us = 3025.88 us (4989.71 GFLOPS/s)
RMS_NORM_MUL RMS_NORM(256,24,5,1): 16 x 3.642 us = 58.28 us
RMS_NORM_MUL RMS_NORM(256,4,5,1): 16 x 4.31 us = 68.96 us
RMS_NORM_MUL RMS_NORM(5120,5,1,1): 129 x 4.497 us = 580.12 us
RMS_NORM_MUL_SILU_MUL RMS_NORM(128,48,5,1): 48 x 5.522 us = 265.08 us
RMS_NORM_SCALE RMS_NORM(128,16,5,1): 96 x 2.61 us = 250.64 us
ROPE: 32 x 3.765 us = 120.48 us
SET_ROWS: 32 x 2.875 us = 92 us
SIGMOID_MUL SIGMOID: 16 x 3.595 us = 57.52 us
SSM_CONV_SILU SSM_CONV: 48 x 5.565 us = 267.16 us
Total time: 45937.9 us.
----------------
Vulkan Timings:
CONCAT: 1 x 3.92 us = 3.92 us
CONT: 1 x 3.64 us = 3.64 us
FLASH_ATTN_EXT dst(256,24,5,1),  q(256,5,24,1),  k(256,256,4,1),  v(256,256,4,1),  m(256,5,1,1): 1 x 20.36 us = 20.36 us (1545.05 GFLOPS/s)
GLU: 1 x 1.72 us = 1.72 us
MUL_MAT f32 m=256 n=120 k=256: 1 x 1.68 us = 1.68 us (9344 GFLOPS/s)
MUL_MAT f32 m=256 n=20 k=256: 1 x 3 us = 3 us (872.107 GFLOPS/s)
MUL_MAT f32 m=64 n=480 k=64: 1 x 3.68 us = 3.68 us (1060.17 GFLOPS/s)
MUL_MAT f32 m=64 n=80 k=64: 1 x 3.52 us = 3.52 us (184.727 GFLOPS/s)
MUL_MAT_ADD MUL_MAT_VEC q6_K m=5120 n=5 k=17408: 1 x 172.56 us = 172.56 us (5164.95 GFLOPS/s)
MUL_MAT_ADD MUL_MAT_VEC q6_K m=5120 n=5 k=6144: 1 x 66.24 us = 66.24 us (4748.6 GFLOPS/s)
MUL_MAT_VEC q6_K m=1024 n=5 k=5120: 2 x 9.6 us = 19.2 us (5460.8 GFLOPS/s)
MUL_MAT_VEC q6_K m=12288 n=5 k=5120: 1 x 126.1 us = 126.1 us (4988.77 GFLOPS/s)
MUL_MAT_VEC q6_K m=17408 n=5 k=5120: 2 x 131.76 us = 263.52 us (6763.83 GFLOPS/s)
MUL_MAT_VEC q8_0 m=5120 n=5 k=10240: 1 x 104.84 us = 104.84 us (5000.6 GFLOPS/s)
RMS_NORM_MUL RMS_NORM(256,24,5,1): 1 x 3.72 us = 3.72 us
RMS_NORM_MUL RMS_NORM(256,4,5,1): 1 x 3.56 us = 3.56 us
RMS_NORM_MUL RMS_NORM(5120,5,1,1): 5 x 7.688 us = 38.44 us
ROPE: 2 x 3.58 us = 7.16 us
SET_ROWS: 2 x 2.64 us = 5.28 us
SIGMOID_MUL SIGMOID: 1 x 1.72 us = 1.72 us
Total time: 853.86 us.
----------------
Vulkan Timings:
CONCAT: 1 x 3.56 us = 3.56 us
CONT: 1 x 3.44 us = 3.44 us
FLASH_ATTN_EXT dst(256,24,1,1),  q(256,1,24,1),  k(256,256,4,1),  v(256,256,4,1),  m(256,1,1,1): 1 x 12.44 us = 12.44 us (505.744 GFLOPS/s)
GET_ROWS: 2 x 4.24 us = 8.48 us
GLU: 1 x 1.52 us = 1.52 us
MUL_MAT f32 m=256 n=24 k=256: 1 x 1.52 us = 1.52 us (2065.52 GFLOPS/s)
MUL_MAT f32 m=64 n=16 k=64: 1 x 1.8 us = 1.8 us (72.2489 GFLOPS/s)
MUL_MAT f32 m=64 n=96 k=64: 1 x 3.16 us = 3.16 us (246.927 GFLOPS/s)
MUL_MAT_ADD MUL_MAT_VEC q6_K m=5120 n=1 k=17408: 1 x 129.8 us = 129.8 us (1373.29 GFLOPS/s)
MUL_MAT_ADD MUL_MAT_VEC q6_K m=5120 n=1 k=6144: 1 x 53.84 us = 53.84 us (1168.45 GFLOPS/s)
MUL_MAT_VEC f32 m=256 n=4 k=256: 1 x 3 us = 3 us (174.421 GFLOPS/s)
MUL_MAT_VEC q6_K m=1024 n=1 k=5120: 2 x 9.16 us = 18.32 us (1144.62 GFLOPS/s)
MUL_MAT_VEC q6_K m=12288 n=1 k=5120: 1 x 89.44 us = 89.44 us (1406.72 GFLOPS/s)
MUL_MAT_VEC q6_K m=17408 n=1 k=5120: 2 x 118.06 us = 236.12 us (1509.75 GFLOPS/s)
MUL_MAT_VEC q6_K m=98304 n=1 k=5120: 1 x 672.39 us = 672.39 us (1496.95 GFLOPS/s)
MUL_MAT_VEC q8_0 m=5120 n=1 k=10240: 1 x 93 us = 93 us (1127.45 GFLOPS/s)
PAD: 1 x 6.32 us = 6.32 us
RMS_NORM_MUL RMS_NORM(256,24,1,1): 1 x 3.2 us = 3.2 us
RMS_NORM_MUL RMS_NORM(256,4,1,1): 1 x 4.76 us = 4.76 us
RMS_NORM_MUL RMS_NORM(5120,1,1,1): 5 x 4.032 us = 20.16 us
ROPE: 2 x 3.28 us = 6.56 us
SET_ROWS: 2 x 2.56 us = 5.12 us
SIGMOID_MUL SIGMOID: 1 x 1.56 us = 1.56 us
TOP_K K=10 (98304,1,1,1): 1 x 8.68 us = 8.68 us
Total time: 1388.19 us.
----------------
Vulkan Timings:
CONCAT: 1 x 3.68 us = 3.68 us
CONT: 1 x 3.64 us = 3.64 us
FLASH_ATTN_EXT dst(256,24,1,1),  q(256,1,24,1),  k(256,256,4,1),  v(256,256,4,1),  m(256,1,1,1): 1 x 12.84 us = 12.84 us (489.989 GFLOPS/s)
GET_ROWS: 2 x 5.94 us = 11.88 us
GLU: 1 x 1.84 us = 1.84 us
MUL_MAT f32 m=256 n=24 k=256: 1 x 1.68 us = 1.68 us (1868.8 GFLOPS/s)
MUL_MAT f32 m=64 n=16 k=64: 1 x 3.56 us = 3.56 us (36.5303 GFLOPS/s)
MUL_MAT f32 m=64 n=96 k=64: 1 x 3.56 us = 3.56 us (219.182 GFLOPS/s)
MUL_MAT_ADD MUL_MAT_VEC q6_K m=5120 n=1 k=17408: 1 x 122.84 us = 122.84 us (1451.1 GFLOPS/s)
MUL_MAT_ADD MUL_MAT_VEC q6_K m=5120 n=1 k=6144: 1 x 54.52 us = 54.52 us (1153.88 GFLOPS/s)
MUL_MAT_VEC f32 m=256 n=4 k=256: 1 x 2.96 us = 2.96 us (176.778 GFLOPS/s)
MUL_MAT_VEC q6_K m=1024 n=1 k=5120: 2 x 9.04 us = 18.08 us (1159.82 GFLOPS/s)
MUL_MAT_VEC q6_K m=12288 n=1 k=5120: 1 x 85.4 us = 85.4 us (1473.27 GFLOPS/s)
MUL_MAT_VEC q6_K m=17408 n=1 k=5120: 2 x 121.58 us = 243.16 us (1466.03 GFLOPS/s)
MUL_MAT_VEC q6_K m=98304 n=1 k=5120: 1 x 681.59 us = 681.59 us (1476.75 GFLOPS/s)
MUL_MAT_VEC q8_0 m=5120 n=1 k=10240: 1 x 101.04 us = 101.04 us (1037.73 GFLOPS/s)
PAD: 1 x 6.36 us = 6.36 us
RMS_NORM_MUL RMS_NORM(256,24,1,1): 1 x 3.52 us = 3.52 us
RMS_NORM_MUL RMS_NORM(256,4,1,1): 1 x 3.56 us = 3.56 us
RMS_NORM_MUL RMS_NORM(5120,1,1,1): 5 x 3.72 us = 18.6 us
ROPE: 2 x 3.5 us = 7 us
SET_ROWS: 2 x 2.6 us = 5.2 us
SIGMOID_MUL SIGMOID: 1 x 1.92 us = 1.92 us
TOP_K K=10 (98304,1,1,1): 1 x 8.32 us = 8.32 us
Total time: 1406.75 us.
----------------
Vulkan Timings:
CONCAT: 1 x 3.92 us = 3.92 us
CONT: 1 x 3.56 us = 3.56 us
FLASH_ATTN_EXT dst(256,24,1,1),  q(256,1,24,1),  k(256,256,4,1),  v(256,256,4,1),  m(256,1,1,1): 1 x 12.84 us = 12.84 us (489.989 GFLOPS/s)
GET_ROWS: 2 x 4.16 us = 8.32 us
GLU: 1 x 1.76 us = 1.76 us
MUL_MAT f32 m=256 n=24 k=256: 1 x 1.64 us = 1.64 us (1914.38 GFLOPS/s)
MUL_MAT f32 m=64 n=16 k=64: 1 x 3.56 us = 3.56 us (36.5303 GFLOPS/s)
MUL_MAT f32 m=64 n=96 k=64: 1 x 3.52 us = 3.52 us (221.673 GFLOPS/s)
MUL_MAT_ADD MUL_MAT_VEC q6_K m=5120 n=1 k=17408: 1 x 123.76 us = 123.76 us (1440.31 GFLOPS/s)
MUL_MAT_ADD MUL_MAT_VEC q6_K m=5120 n=1 k=6144: 1 x 53.68 us = 53.68 us (1171.93 GFLOPS/s)
MUL_MAT_VEC f32 m=256 n=4 k=256: 1 x 2.96 us = 2.96 us (176.778 GFLOPS/s)
MUL_MAT_VEC q6_K m=1024 n=1 k=5120: 2 x 9.02 us = 18.04 us (1162.39 GFLOPS/s)
MUL_MAT_VEC q6_K m=12288 n=1 k=5120: 1 x 85.44 us = 85.44 us (1472.58 GFLOPS/s)
MUL_MAT_VEC q6_K m=17408 n=1 k=5120: 2 x 121 us = 242 us (1473.06 GFLOPS/s)
MUL_MAT_VEC q6_K m=98304 n=1 k=5120: 1 x 674.97 us = 674.97 us (1491.23 GFLOPS/s)
MUL_MAT_VEC q8_0 m=5120 n=1 k=10240: 1 x 101.28 us = 101.28 us (1035.27 GFLOPS/s)
PAD: 1 x 6.2 us = 6.2 us
RMS_NORM_MUL RMS_NORM(256,24,1,1): 1 x 3.56 us = 3.56 us
RMS_NORM_MUL RMS_NORM(256,4,1,1): 1 x 3.56 us = 3.56 us
RMS_NORM_MUL RMS_NORM(5120,1,1,1): 5 x 3.728 us = 18.64 us
ROPE: 2 x 3.54 us = 7.08 us
SET_ROWS: 2 x 2.58 us = 5.16 us
SIGMOID_MUL SIGMOID: 1 x 1.64 us = 1.64 us
TOP_K K=10 (98304,1,1,1): 1 x 8.8 us = 8.8 us
Total time: 1395.89 us.
----------------
Vulkan Timings:
CONCAT: 1 x 3.64 us = 3.64 us
CONT: 1 x 3.56 us = 3.56 us
FLASH_ATTN_EXT dst(256,24,1,1),  q(256,1,24,1),  k(256,256,4,1),  v(256,256,4,1),  m(256,1,1,1): 1 x 12.72 us = 12.72 us (494.611 GFLOPS/s)
GET_ROWS: 2 x 4.24 us = 8.48 us
GLU: 1 x 1.76 us = 1.76 us
MUL_MAT f32 m=256 n=24 k=256: 1 x 1.68 us = 1.68 us (1868.8 GFLOPS/s)
MUL_MAT f32 m=64 n=16 k=64: 1 x 3.56 us = 3.56 us (36.5303 GFLOPS/s)
MUL_MAT f32 m=64 n=96 k=64: 1 x 3.6 us = 3.6 us (216.747 GFLOPS/s)
MUL_MAT_ADD MUL_MAT_VEC q6_K m=5120 n=1 k=17408: 1 x 123.4 us = 123.4 us (1444.51 GFLOPS/s)
MUL_MAT_ADD MUL_MAT_VEC q6_K m=5120 n=1 k=6144: 1 x 53.96 us = 53.96 us (1165.85 GFLOPS/s)
MUL_MAT_VEC f32 m=256 n=4 k=256: 1 x 2.96 us = 2.96 us (176.778 GFLOPS/s)
MUL_MAT_VEC q6_K m=1024 n=1 k=5120: 2 x 9.16 us = 18.32 us (1144.62 GFLOPS/s)
MUL_MAT_VEC q6_K m=12288 n=1 k=5120: 1 x 85.64 us = 85.64 us (1469.14 GFLOPS/s)
MUL_MAT_VEC q6_K m=17408 n=1 k=5120: 2 x 121.1 us = 242.2 us (1471.85 GFLOPS/s)
MUL_MAT_VEC q6_K m=98304 n=1 k=5120: 1 x 672.05 us = 672.05 us (1497.71 GFLOPS/s)
MUL_MAT_VEC q8_0 m=5120 n=1 k=10240: 1 x 100.68 us = 100.68 us (1041.44 GFLOPS/s)
PAD: 1 x 6.24 us = 6.24 us
RMS_NORM_MUL RMS_NORM(256,24,1,1): 1 x 3.56 us = 3.56 us
RMS_NORM_MUL RMS_NORM(256,4,1,1): 1 x 3.52 us = 3.52 us
RMS_NORM_MUL RMS_NORM(5120,1,1,1): 5 x 3.664 us = 18.32 us
ROPE: 2 x 3.52 us = 7.04 us
SET_ROWS: 2 x 2.62 us = 5.24 us
SIGMOID_MUL SIGMOID: 1 x 1.64 us = 1.64 us
TOP_K K=10 (98304,1,1,1): 1 x 8.64 us = 8.64 us
Total time: 1392.41 us.
----------------
Vulkan Timings:
ADD: 48 x 3.679 us = 176.6 us
CONCAT: 48 x 2.385 us = 114.52 us
CONT: 16 x 3.735 us = 59.76 us
CPY: 240 x 2.185 us = 524.48 us
FLASH_ATTN_EXT dst(256,24,5,1),  q(256,5,24,1),  k(256,256,4,1),  v(256,256,4,1),  m(256,5,1,1): 16 x 20.422 us = 326.76 us (1540.32 GFLOPS/s)
GDN_CACHE GATED_DELTA_NET: 48 x 13.289 us = 637.88 us
GET_ROWS: 50 x 24.155 us = 1207.76 us
GLU: 64 x 2.874 us = 183.96 us
MUL_MAT f32 m=256 n=120 k=256: 16 x 1.79 us = 28.64 us (8769.79 GFLOPS/s)
MUL_MAT f32 m=256 n=20 k=256: 16 x 3.032 us = 48.52 us (862.76 GFLOPS/s)
MUL_MAT f32 m=64 n=480 k=64: 16 x 3.555 us = 56.88 us (1097.45 GFLOPS/s)
MUL_MAT f32 m=64 n=80 k=64: 16 x 3.2 us = 51.2 us (203.2 GFLOPS/s)
MUL_MAT_ADD MUL_MAT_VEC q6_K m=5120 n=5 k=17408: 64 x 137.428 us = 8795.4 us (6485.31 GFLOPS/s)
MUL_MAT_ADD MUL_MAT_VEC q6_K m=5120 n=5 k=6144: 16 x 59.887 us = 958.2 us (5252.3 GFLOPS/s)
MUL_MAT_VEC f32 m=48 n=5 k=5120: 96 x 3.4 us = 326.48 us (722.576 GFLOPS/s)
MUL_MAT_VEC q6_K m=1024 n=5 k=5120: 32 x 6.995 us = 223.84 us (7494.45 GFLOPS/s)
MUL_MAT_VEC q6_K m=10240 n=5 k=5120: 48 x 79.555 us = 3818.68 us (6589.55 GFLOPS/s)
MUL_MAT_VEC q6_K m=12288 n=5 k=5120: 16 x 98.665 us = 1578.64 us (6375.96 GFLOPS/s)
MUL_MAT_VEC q6_K m=17408 n=5 k=5120: 128 x 138.17 us = 17685.8 us (6450.03 GFLOPS/s)
MUL_MAT_VEC q6_K m=248320 n=5 k=5120: 1 x 1686.88 us = 1686.88 us (7536.25 GFLOPS/s)
MUL_MAT_VEC q6_K m=6144 n=5 k=5120: 48 x 53.124 us = 2549.96 us (5920.88 GFLOPS/s)
MUL_MAT_VEC q8_0 m=5120 n=5 k=6144: 48 x 62.954 us = 3021.8 us (4996.45 GFLOPS/s)
RMS_NORM_MUL RMS_NORM(256,24,5,1): 16 x 3.627 us = 58.04 us
RMS_NORM_MUL RMS_NORM(256,4,5,1): 16 x 4.302 us = 68.84 us
RMS_NORM_MUL RMS_NORM(5120,5,1,1): 129 x 4.53 us = 584.44 us
RMS_NORM_MUL_SILU_MUL RMS_NORM(128,48,5,1): 48 x 5.52 us = 264.96 us
RMS_NORM_SCALE RMS_NORM(128,16,5,1): 96 x 2.584 us = 248.08 us
ROPE: 32 x 3.758 us = 120.28 us
SET_ROWS: 32 x 2.893 us = 92.6 us
SIGMOID_MUL SIGMOID: 16 x 3.595 us = 57.52 us
SSM_CONV_SILU SSM_CONV: 48 x 5.539 us = 265.88 us
Total time: 45823.3 us.
----------------
Vulkan Timings:
CONCAT: 1 x 3.92 us = 3.92 us
CONT: 1 x 3.64 us = 3.64 us
FLASH_ATTN_EXT dst(256,24,5,1),  q(256,5,24,1),  k(256,256,4,1),  v(256,256,4,1),  m(256,5,1,1): 1 x 20.52 us = 20.52 us (1533.01 GFLOPS/s)
GLU: 1 x 1.52 us = 1.52 us
MUL_MAT f32 m=256 n=120 k=256: 1 x 1.72 us = 1.72 us (9126.7 GFLOPS/s)
MUL_MAT f32 m=256 n=20 k=256: 1 x 3 us = 3 us (872.107 GFLOPS/s)
MUL_MAT f32 m=64 n=480 k=64: 1 x 3.64 us = 3.64 us (1071.82 GFLOPS/s)
MUL_MAT f32 m=64 n=80 k=64: 1 x 3.6 us = 3.6 us (180.622 GFLOPS/s)
MUL_MAT_ADD MUL_MAT_VEC q6_K m=5120 n=5 k=17408: 1 x 168.67 us = 168.67 us (5284.07 GFLOPS/s)
MUL_MAT_ADD MUL_MAT_VEC q6_K m=5120 n=5 k=6144: 1 x 67.52 us = 67.52 us (4658.58 GFLOPS/s)
MUL_MAT_VEC q6_K m=1024 n=5 k=5120: 2 x 9.2 us = 18.4 us (5698.23 GFLOPS/s)
MUL_MAT_VEC q6_K m=12288 n=5 k=5120: 1 x 152.88 us = 152.88 us (4114.89 GFLOPS/s)
MUL_MAT_VEC q6_K m=17408 n=5 k=5120: 2 x 131.22 us = 262.44 us (6791.67 GFLOPS/s)
MUL_MAT_VEC q8_0 m=5120 n=5 k=10240: 1 x 105.72 us = 105.72 us (4958.97 GFLOPS/s)
RMS_NORM_MUL RMS_NORM(256,24,5,1): 1 x 3.68 us = 3.68 us
RMS_NORM_MUL RMS_NORM(256,4,5,1): 1 x 3.56 us = 3.56 us
RMS_NORM_MUL RMS_NORM(5120,5,1,1): 5 x 9.5 us = 47.5 us
ROPE: 2 x 3.56 us = 7.12 us
SET_ROWS: 2 x 2.66 us = 5.32 us
SIGMOID_MUL SIGMOID: 1 x 1.68 us = 1.68 us
Total time: 886.05 us.
----------------
Vulkan Timings:
CONCAT: 1 x 3.64 us = 3.64 us
CONT: 1 x 3.44 us = 3.44 us
FLASH_ATTN_EXT dst(256,24,1,1),  q(256,1,24,1),  k(256,256,4,1),  v(256,256,4,1),  m(256,1,1,1): 1 x 15.2 us = 15.2 us (413.912 GFLOPS/s)
GET_ROWS: 2 x 4.24 us = 8.48 us
GLU: 1 x 1.56 us = 1.56 us
MUL_MAT f32 m=256 n=24 k=256: 1 x 1.52 us = 1.52 us (2065.52 GFLOPS/s)
MUL_MAT f32 m=64 n=16 k=64: 1 x 1.76 us = 1.76 us (73.8909 GFLOPS/s)
MUL_MAT f32 m=64 n=96 k=64: 1 x 3.2 us = 3.2 us (243.84 GFLOPS/s)
MUL_MAT_ADD MUL_MAT_VEC q6_K m=5120 n=1 k=17408: 1 x 130 us = 130 us (1371.18 GFLOPS/s)
MUL_MAT_ADD MUL_MAT_VEC q6_K m=5120 n=1 k=6144: 1 x 53.08 us = 53.08 us (1185.18 GFLOPS/s)
MUL_MAT_VEC f32 m=256 n=4 k=256: 1 x 3 us = 3 us (174.421 GFLOPS/s)
MUL_MAT_VEC q6_K m=1024 n=1 k=5120: 2 x 9.22 us = 18.44 us (1137.17 GFLOPS/s)
MUL_MAT_VEC q6_K m=12288 n=1 k=5120: 1 x 90.08 us = 90.08 us (1396.72 GFLOPS/s)
MUL_MAT_VEC q6_K m=17408 n=1 k=5120: 2 x 117.76 us = 235.52 us (1513.59 GFLOPS/s)
MUL_MAT_VEC q6_K m=98304 n=1 k=5120: 1 x 678.46 us = 678.46 us (1483.56 GFLOPS/s)
MUL_MAT_VEC q8_0 m=5120 n=1 k=10240: 1 x 93.08 us = 93.08 us (1126.48 GFLOPS/s)
PAD: 1 x 6.28 us = 6.28 us
RMS_NORM_MUL RMS_NORM(256,24,1,1): 1 x 3.12 us = 3.12 us
RMS_NORM_MUL RMS_NORM(256,4,1,1): 1 x 4.8 us = 4.8 us
RMS_NORM_MUL RMS_NORM(5120,1,1,1): 5 x 4.016 us = 20.08 us
ROPE: 2 x 3.36 us = 6.72 us
SET_ROWS: 2 x 1.8 us = 3.6 us
SIGMOID_MUL SIGMOID: 1 x 1.52 us = 1.52 us
TOP_K K=10 (98304,1,1,1): 1 x 8.64 us = 8.64 us
Total time: 1395.22 us.
----------------
Vulkan Timings:
CONCAT: 1 x 3.72 us = 3.72 us
CONT: 1 x 3.56 us = 3.56 us
FLASH_ATTN_EXT dst(256,24,1,1),  q(256,1,24,1),  k(256,256,4,1),  v(256,256,4,1),  m(256,1,1,1): 1 x 12.68 us = 12.68 us (496.172 GFLOPS/s)
GET_ROWS: 2 x 4.26 us = 8.52 us
GLU: 1 x 1.84 us = 1.84 us
MUL_MAT f32 m=256 n=24 k=256: 1 x 1.68 us = 1.68 us (1868.8 GFLOPS/s)
MUL_MAT f32 m=64 n=16 k=64: 1 x 3.56 us = 3.56 us (36.5303 GFLOPS/s)
MUL_MAT f32 m=64 n=96 k=64: 1 x 3.52 us = 3.52 us (221.673 GFLOPS/s)
MUL_MAT_ADD MUL_MAT_VEC q6_K m=5120 n=1 k=17408: 1 x 123.36 us = 123.36 us (1444.98 GFLOPS/s)
MUL_MAT_ADD MUL_MAT_VEC q6_K m=5120 n=1 k=6144: 1 x 54.08 us = 54.08 us (1163.27 GFLOPS/s)
MUL_MAT_VEC f32 m=256 n=4 k=256: 1 x 3 us = 3 us (174.421 GFLOPS/s)
MUL_MAT_VEC q6_K m=1024 n=1 k=5120: 2 x 8.98 us = 17.96 us (1167.57 GFLOPS/s)
MUL_MAT_VEC q6_K m=12288 n=1 k=5120: 1 x 85.68 us = 85.68 us (1468.45 GFLOPS/s)
MUL_MAT_VEC q6_K m=17408 n=1 k=5120: 2 x 121.22 us = 242.44 us (1470.39 GFLOPS/s)
MUL_MAT_VEC q6_K m=98304 n=1 k=5120: 1 x 672.87 us = 672.87 us (1495.88 GFLOPS/s)
MUL_MAT_VEC q8_0 m=5120 n=1 k=10240: 1 x 101.6 us = 101.6 us (1032.01 GFLOPS/s)
PAD: 1 x 6.24 us = 6.24 us
RMS_NORM_MUL RMS_NORM(256,24,1,1): 1 x 3.6 us = 3.6 us
RMS_NORM_MUL RMS_NORM(256,4,1,1): 1 x 3.56 us = 3.56 us
RMS_NORM_MUL RMS_NORM(5120,1,1,1): 5 x 3.704 us = 18.52 us
ROPE: 2 x 3.56 us = 7.12 us
SET_ROWS: 2 x 2.62 us = 5.24 us
SIGMOID_MUL SIGMOID: 1 x 1.68 us = 1.68 us
TOP_K K=10 (98304,1,1,1): 1 x 8.92 us = 8.92 us
Total time: 1394.95 us.
----------------
Vulkan Timings:
CONCAT: 1 x 3.68 us = 3.68 us
CONT: 1 x 3.56 us = 3.56 us
FLASH_ATTN_EXT dst(256,24,1,1),  q(256,1,24,1),  k(256,256,4,1),  v(256,256,4,1),  m(256,1,1,1): 1 x 12.68 us = 12.68 us (496.172 GFLOPS/s)
GET_ROWS: 2 x 8.02 us = 16.04 us
GLU: 1 x 1.76 us = 1.76 us
MUL_MAT f32 m=256 n=24 k=256: 1 x 1.56 us = 1.56 us (2012.55 GFLOPS/s)
MUL_MAT f32 m=64 n=16 k=64: 1 x 3.56 us = 3.56 us (36.5303 GFLOPS/s)
MUL_MAT f32 m=64 n=96 k=64: 1 x 3.6 us = 3.6 us (216.747 GFLOPS/s)
MUL_MAT_ADD MUL_MAT_VEC q6_K m=5120 n=1 k=17408: 1 x 122.72 us = 122.72 us (1452.52 GFLOPS/s)
MUL_MAT_ADD MUL_MAT_VEC q6_K m=5120 n=1 k=6144: 1 x 53.92 us = 53.92 us (1166.72 GFLOPS/s)
MUL_MAT_VEC f32 m=256 n=4 k=256: 1 x 3 us = 3 us (174.421 GFLOPS/s)
MUL_MAT_VEC q6_K m=1024 n=1 k=5120: 2 x 9.06 us = 18.12 us (1157.26 GFLOPS/s)
MUL_MAT_VEC q6_K m=12288 n=1 k=5120: 1 x 86.16 us = 86.16 us (1460.27 GFLOPS/s)
MUL_MAT_VEC q6_K m=17408 n=1 k=5120: 2 x 121.22 us = 242.44 us (1470.39 GFLOPS/s)
MUL_MAT_VEC q6_K m=98304 n=1 k=5120: 1 x 671.44 us = 671.44 us (1499.07 GFLOPS/s)
MUL_MAT_VEC q8_0 m=5120 n=1 k=10240: 1 x 101.2 us = 101.2 us (1036.09 GFLOPS/s)
PAD: 1 x 4.96 us = 4.96 us
RMS_NORM_MUL RMS_NORM(256,24,1,1): 1 x 3.56 us = 3.56 us
RMS_NORM_MUL RMS_NORM(256,4,1,1): 1 x 3.52 us = 3.52 us
RMS_NORM_MUL RMS_NORM(5120,1,1,1): 5 x 3.696 us = 18.48 us
ROPE: 2 x 3.52 us = 7.04 us
SET_ROWS: 2 x 2.58 us = 5.16 us
SIGMOID_MUL SIGMOID: 1 x 1.68 us = 1.68 us
TOP_K K=10 (98304,1,1,1): 1 x 8.64 us = 8.64 us
Total time: 1398.48 us.
----------------
Vulkan Timings:
CONCAT: 1 x 3.72 us = 3.72 us
CONT: 1 x 3.56 us = 3.56 us
FLASH_ATTN_EXT dst(256,24,1,1),  q(256,1,24,1),  k(256,256,4,1),  v(256,256,4,1),  m(256,1,1,1): 1 x 12.68 us = 12.68 us (496.172 GFLOPS/s)
GET_ROWS: 2 x 7.24 us = 14.48 us
GLU: 1 x 1.84 us = 1.84 us
MUL_MAT f32 m=256 n=24 k=256: 1 x 1.64 us = 1.64 us (1914.38 GFLOPS/s)
MUL_MAT f32 m=64 n=16 k=64: 1 x 3.56 us = 3.56 us (36.5303 GFLOPS/s)
MUL_MAT f32 m=64 n=96 k=64: 1 x 3.52 us = 3.52 us (221.673 GFLOPS/s)
MUL_MAT_ADD MUL_MAT_VEC q6_K m=5120 n=1 k=17408: 1 x 123.2 us = 123.2 us (1446.86 GFLOPS/s)
MUL_MAT_ADD MUL_MAT_VEC q6_K m=5120 n=1 k=6144: 1 x 53.8 us = 53.8 us (1169.32 GFLOPS/s)
MUL_MAT_VEC f32 m=256 n=4 k=256: 1 x 2.96 us = 2.96 us (176.778 GFLOPS/s)
MUL_MAT_VEC q6_K m=1024 n=1 k=5120: 2 x 9.18 us = 18.36 us (1142.13 GFLOPS/s)
MUL_MAT_VEC q6_K m=12288 n=1 k=5120: 1 x 87 us = 87 us (1446.17 GFLOPS/s)
MUL_MAT_VEC q6_K m=17408 n=1 k=5120: 2 x 121.32 us = 242.64 us (1469.18 GFLOPS/s)
MUL_MAT_VEC q6_K m=98304 n=1 k=5120: 1 x 668.75 us = 668.75 us (1505.1 GFLOPS/s)
MUL_MAT_VEC q8_0 m=5120 n=1 k=10240: 1 x 101 us = 101 us (1038.14 GFLOPS/s)
PAD: 1 x 4.84 us = 4.84 us
RMS_NORM_MUL RMS_NORM(256,24,1,1): 1 x 3.56 us = 3.56 us
RMS_NORM_MUL RMS_NORM(256,4,1,1): 1 x 3.52 us = 3.52 us
RMS_NORM_MUL RMS_NORM(5120,1,1,1): 5 x 3.68 us = 18.4 us
ROPE: 2 x 3.5 us = 7 us
SET_ROWS: 2 x 2.64 us = 5.28 us
SIGMOID_MUL SIGMOID: 1 x 1.64 us = 1.64 us
TOP_K K=10 (98304,1,1,1): 1 x 8.84 us = 8.84 us
Total time: 1395.79 us.
----------------
Vulkan Timings:
ADD: 48 x 3.68 us = 176.68 us
CONCAT: 48 x 2.389 us = 114.68 us
CONT: 16 x 3.725 us = 59.6 us
CPY: 240 x 2.174 us = 521.96 us
FLASH_ATTN_EXT dst(256,24,5,1),  q(256,5,24,1),  k(256,256,4,1),  v(256,256,4,1),  m(256,5,1,1): 16 x 20.492 us = 327.88 us (1535.06 GFLOPS/s)
GDN_CACHE GATED_DELTA_NET: 48 x 13.475 us = 646.84 us
GET_ROWS: 50 x 24.206 us = 1210.32 us
GLU: 64 x 2.883 us = 184.56 us
MUL_MAT f32 m=256 n=120 k=256: 16 x 1.78 us = 28.48 us (8819.06 GFLOPS/s)
MUL_MAT f32 m=256 n=20 k=256: 16 x 3.035 us = 48.56 us (862.049 GFLOPS/s)
MUL_MAT f32 m=64 n=480 k=64: 16 x 3.547 us = 56.76 us (1099.77 GFLOPS/s)
MUL_MAT f32 m=64 n=80 k=64: 16 x 3.207 us = 51.32 us (202.725 GFLOPS/s)
MUL_MAT_ADD MUL_MAT_VEC q6_K m=5120 n=5 k=17408: 64 x 137.843 us = 8822 us (6465.76 GFLOPS/s)
MUL_MAT_ADD MUL_MAT_VEC q6_K m=5120 n=5 k=6144: 16 x 59.727 us = 955.64 us (5266.37 GFLOPS/s)
MUL_MAT_VEC f32 m=48 n=5 k=5120: 96 x 3.415 us = 327.84 us (719.578 GFLOPS/s)
MUL_MAT_VEC q6_K m=1024 n=5 k=5120: 32 x 6.992 us = 223.76 us (7497.13 GFLOPS/s)
MUL_MAT_VEC q6_K m=10240 n=5 k=5120: 48 x 79.664 us = 3823.88 us (6580.58 GFLOPS/s)
MUL_MAT_VEC q6_K m=12288 n=5 k=5120: 16 x 98.402 us = 1574.44 us (6392.97 GFLOPS/s)
MUL_MAT_VEC q6_K m=17408 n=5 k=5120: 128 x 138.283 us = 17700.3 us (6444.74 GFLOPS/s)
MUL_MAT_VEC q6_K m=248320 n=5 k=5120: 1 x 1685.88 us = 1685.88 us (7540.72 GFLOPS/s)
MUL_MAT_VEC q6_K m=6144 n=5 k=5120: 48 x 53.165 us = 2551.92 us (5916.34 GFLOPS/s)
MUL_MAT_VEC q8_0 m=5120 n=5 k=6144: 48 x 63.045 us = 3026.16 us (4989.25 GFLOPS/s)
RMS_NORM_MUL RMS_NORM(256,24,5,1): 16 x 3.62 us = 57.92 us
RMS_NORM_MUL RMS_NORM(256,4,5,1): 16 x 4.287 us = 68.6 us
RMS_NORM_MUL RMS_NORM(5120,5,1,1): 129 x 4.507 us = 581.44 us
RMS_NORM_MUL_SILU_MUL RMS_NORM(128,48,5,1): 48 x 5.512 us = 264.6 us
RMS_NORM_SCALE RMS_NORM(128,16,5,1): 96 x 2.632 us = 252.68 us
ROPE: 32 x 3.758 us = 120.28 us
SET_ROWS: 32 x 2.878 us = 92.12 us
SIGMOID_MUL SIGMOID: 16 x 3.582 us = 57.32 us
SSM_CONV_SILU SSM_CONV: 48 x 5.505 us = 264.28 us
Total time: 45878.7 us.
----------------
Vulkan Timings:
CONCAT: 1 x 3.92 us = 3.92 us
CONT: 1 x 3.6 us = 3.6 us
FLASH_ATTN_EXT dst(256,24,5,1),  q(256,5,24,1),  k(256,256,4,1),  v(256,256,4,1),  m(256,5,1,1): 1 x 20.56 us = 20.56 us (1530.02 GFLOPS/s)
GLU: 1 x 1.68 us = 1.68 us
MUL_MAT f32 m=256 n=120 k=256: 1 x 1.68 us = 1.68 us (9344 GFLOPS/s)
MUL_MAT f32 m=256 n=20 k=256: 1 x 3 us = 3 us (872.107 GFLOPS/s)
MUL_MAT f32 m=64 n=480 k=64: 1 x 3.56 us = 3.56 us (1095.91 GFLOPS/s)
MUL_MAT f32 m=64 n=80 k=64: 1 x 3.56 us = 3.56 us (182.652 GFLOPS/s)
MUL_MAT_ADD MUL_MAT_VEC q6_K m=5120 n=5 k=17408: 1 x 237.47 us = 237.47 us (3753.16 GFLOPS/s)
MUL_MAT_ADD MUL_MAT_VEC q6_K m=5120 n=5 k=6144: 1 x 66.32 us = 66.32 us (4742.87 GFLOPS/s)
MUL_MAT_VEC q6_K m=1024 n=5 k=5120: 2 x 9.1 us = 18.2 us (5760.84 GFLOPS/s)
MUL_MAT_VEC q6_K m=12288 n=5 k=5120: 1 x 132.14 us = 132.14 us (4760.74 GFLOPS/s)
MUL_MAT_VEC q6_K m=17408 n=5 k=5120: 2 x 131.36 us = 262.72 us (6784.43 GFLOPS/s)
MUL_MAT_VEC q8_0 m=5120 n=5 k=10240: 1 x 105.92 us = 105.92 us (4949.61 GFLOPS/s)
RMS_NORM_MUL RMS_NORM(256,24,5,1): 1 x 3.72 us = 3.72 us
RMS_NORM_MUL RMS_NORM(256,4,5,1): 1 x 3.6 us = 3.6 us
RMS_NORM_MUL RMS_NORM(5120,5,1,1): 5 x 7.69 us = 38.45 us
ROPE: 2 x 3.62 us = 7.24 us
SET_ROWS: 2 x 2.6 us = 5.2 us
SIGMOID_MUL SIGMOID: 1 x 1.68 us = 1.68 us
Total time: 924.22 us.
----------------
Vulkan Timings:
CONCAT: 1 x 3.6 us = 3.6 us
CONT: 1 x 3.44 us = 3.44 us
FLASH_ATTN_EXT dst(256,24,1,1),  q(256,1,24,1),  k(256,256,4,1),  v(256,256,4,1),  m(256,1,1,1): 1 x 15.12 us = 15.12 us (416.102 GFLOPS/s)
GET_ROWS: 2 x 4.14 us = 8.28 us
GLU: 1 x 1.6 us = 1.6 us
MUL_MAT f32 m=256 n=24 k=256: 1 x 1.52 us = 1.52 us (2065.52 GFLOPS/s)
MUL_MAT f32 m=64 n=16 k=64: 1 x 1.8 us = 1.8 us (72.2489 GFLOPS/s)
MUL_MAT f32 m=64 n=96 k=64: 1 x 3.12 us = 3.12 us (250.092 GFLOPS/s)
MUL_MAT_ADD MUL_MAT_VEC q6_K m=5120 n=1 k=17408: 1 x 129.2 us = 129.2 us (1379.67 GFLOPS/s)
MUL_MAT_ADD MUL_MAT_VEC q6_K m=5120 n=1 k=6144: 1 x 53.76 us = 53.76 us (1170.19 GFLOPS/s)
MUL_MAT_VEC f32 m=256 n=4 k=256: 1 x 2.96 us = 2.96 us (176.778 GFLOPS/s)
MUL_MAT_VEC q6_K m=1024 n=1 k=5120: 2 x 9.3 us = 18.6 us (1127.39 GFLOPS/s)
MUL_MAT_VEC q6_K m=12288 n=1 k=5120: 1 x 89.64 us = 89.64 us (1403.58 GFLOPS/s)
MUL_MAT_VEC q6_K m=17408 n=1 k=5120: 2 x 118.06 us = 236.12 us (1509.75 GFLOPS/s)
MUL_MAT_VEC q6_K m=98304 n=1 k=5120: 1 x 674.62 us = 674.62 us (1492 GFLOPS/s)
MUL_MAT_VEC q8_0 m=5120 n=1 k=10240: 1 x 91.44 us = 91.44 us (1146.68 GFLOPS/s)
PAD: 1 x 6.28 us = 6.28 us
RMS_NORM_MUL RMS_NORM(256,24,1,1): 1 x 3.16 us = 3.16 us
RMS_NORM_MUL RMS_NORM(256,4,1,1): 1 x 4.76 us = 4.76 us
RMS_NORM_MUL RMS_NORM(5120,1,1,1): 5 x 4.32 us = 21.6 us
ROPE: 2 x 3.28 us = 6.56 us
SET_ROWS: 2 x 1.8 us = 3.6 us
SIGMOID_MUL SIGMOID: 1 x 1.48 us = 1.48 us
TOP_K K=10 (98304,1,1,1): 1 x 8.96 us = 8.96 us
Total time: 1391.22 us.
----------------
Vulkan Timings:
CONCAT: 1 x 3.68 us = 3.68 us
CONT: 1 x 3.56 us = 3.56 us
FLASH_ATTN_EXT dst(256,24,1,1),  q(256,1,24,1),  k(256,256,4,1),  v(256,256,4,1),  m(256,1,1,1): 1 x 12.8 us = 12.8 us (491.52 GFLOPS/s)
GET_ROWS: 2 x 4.24 us = 8.48 us
GLU: 1 x 1.76 us = 1.76 us
MUL_MAT f32 m=256 n=24 k=256: 1 x 1.6 us = 1.6 us (1962.24 GFLOPS/s)
MUL_MAT f32 m=64 n=16 k=64: 1 x 3.52 us = 3.52 us (36.9455 GFLOPS/s)
MUL_MAT f32 m=64 n=96 k=64: 1 x 3.56 us = 3.56 us (219.182 GFLOPS/s)
MUL_MAT_ADD MUL_MAT_VEC q6_K m=5120 n=1 k=17408: 1 x 123.08 us = 123.08 us (1448.27 GFLOPS/s)
MUL_MAT_ADD MUL_MAT_VEC q6_K m=5120 n=1 k=6144: 1 x 54.32 us = 54.32 us (1158.13 GFLOPS/s)
MUL_MAT_VEC f32 m=256 n=4 k=256: 1 x 3 us = 3 us (174.421 GFLOPS/s)
MUL_MAT_VEC q6_K m=1024 n=1 k=5120: 2 x 8.96 us = 17.92 us (1170.17 GFLOPS/s)
MUL_MAT_VEC q6_K m=12288 n=1 k=5120: 1 x 85.68 us = 85.68 us (1468.45 GFLOPS/s)
MUL_MAT_VEC q6_K m=17408 n=1 k=5120: 2 x 120.96 us = 241.92 us (1473.55 GFLOPS/s)
MUL_MAT_VEC q6_K m=98304 n=1 k=5120: 1 x 672.17 us = 672.17 us (1497.44 GFLOPS/s)
MUL_MAT_VEC q8_0 m=5120 n=1 k=10240: 1 x 100.84 us = 100.84 us (1039.79 GFLOPS/s)
PAD: 1 x 6.28 us = 6.28 us
RMS_NORM_MUL RMS_NORM(256,24,1,1): 1 x 3.6 us = 3.6 us
RMS_NORM_MUL RMS_NORM(256,4,1,1): 1 x 3.52 us = 3.52 us
RMS_NORM_MUL RMS_NORM(5120,1,1,1): 5 x 3.68 us = 18.4 us
ROPE: 2 x 3.52 us = 7.04 us
SET_ROWS: 2 x 2.58 us = 5.16 us
SIGMOID_MUL SIGMOID: 1 x 1.64 us = 1.64 us
TOP_K K=10 (98304,1,1,1): 1 x 8.64 us = 8.64 us
Total time: 1392.17 us.
----------------
Vulkan Timings:
CONCAT: 1 x 3.68 us = 3.68 us
CONT: 1 x 3.56 us = 3.56 us
FLASH_ATTN_EXT dst(256,24,1,1),  q(256,1,24,1),  k(256,256,4,1),  v(256,256,4,1),  m(256,1,1,1): 1 x 12.64 us = 12.64 us (497.742 GFLOPS/s)
GET_ROWS: 2 x 4.22 us = 8.44 us
GLU: 1 x 1.8 us = 1.8 us
MUL_MAT f32 m=256 n=24 k=256: 1 x 1.68 us = 1.68 us (1868.8 GFLOPS/s)
MUL_MAT f32 m=64 n=16 k=64: 1 x 3.52 us = 3.52 us (36.9455 GFLOPS/s)
MUL_MAT f32 m=64 n=96 k=64: 1 x 3.56 us = 3.56 us (219.182 GFLOPS/s)
MUL_MAT_ADD MUL_MAT_VEC q6_K m=5120 n=1 k=17408: 1 x 123.8 us = 123.8 us (1439.84 GFLOPS/s)
MUL_MAT_ADD MUL_MAT_VEC q6_K m=5120 n=1 k=6144: 1 x 53.24 us = 53.24 us (1181.62 GFLOPS/s)
MUL_MAT_VEC f32 m=256 n=4 k=256: 1 x 2.96 us = 2.96 us (176.778 GFLOPS/s)
MUL_MAT_VEC q6_K m=1024 n=1 k=5120: 2 x 9.12 us = 18.24 us (1149.64 GFLOPS/s)
MUL_MAT_VEC q6_K m=12288 n=1 k=5120: 1 x 85.64 us = 85.64 us (1469.14 GFLOPS/s)
MUL_MAT_VEC q6_K m=17408 n=1 k=5120: 2 x 120.9 us = 241.8 us (1474.28 GFLOPS/s)
MUL_MAT_VEC q6_K m=98304 n=1 k=5120: 1 x 671.12 us = 671.12 us (1499.78 GFLOPS/s)
MUL_MAT_VEC q8_0 m=5120 n=1 k=10240: 1 x 101.28 us = 101.28 us (1035.27 GFLOPS/s)
PAD: 1 x 6.24 us = 6.24 us
RMS_NORM_MUL RMS_NORM(256,24,1,1): 1 x 3.52 us = 3.52 us
RMS_NORM_MUL RMS_NORM(256,4,1,1): 1 x 3.56 us = 3.56 us
RMS_NORM_MUL RMS_NORM(5120,1,1,1): 5 x 3.664 us = 18.32 us
ROPE: 2 x 3.52 us = 7.04 us
SET_ROWS: 2 x 2.6 us = 5.2 us
SIGMOID_MUL SIGMOID: 1 x 1.64 us = 1.64 us
TOP_K K=10 (98304,1,1,1): 1 x 8.64 us = 8.64 us
Total time: 1391.12 us.
----------------
Vulkan Timings:
CONCAT: 1 x 3.68 us = 3.68 us
CONT: 1 x 3.52 us = 3.52 us
FLASH_ATTN_EXT dst(256,24,1,1),  q(256,1,24,1),  k(256,256,4,1),  v(256,256,4,1),  m(256,1,1,1): 1 x 12.84 us = 12.84 us (489.989 GFLOPS/s)
GET_ROWS: 2 x 4.24 us = 8.48 us
GLU: 1 x 1.8 us = 1.8 us
MUL_MAT f32 m=256 n=24 k=256: 1 x 1.56 us = 1.56 us (2012.55 GFLOPS/s)
MUL_MAT f32 m=64 n=16 k=64: 1 x 3.56 us = 3.56 us (36.5303 GFLOPS/s)
MUL_MAT f32 m=64 n=96 k=64: 1 x 3.52 us = 3.52 us (221.673 GFLOPS/s)
MUL_MAT_ADD MUL_MAT_VEC q6_K m=5120 n=1 k=17408: 1 x 122.96 us = 122.96 us (1449.68 GFLOPS/s)
MUL_MAT_ADD MUL_MAT_VEC q6_K m=5120 n=1 k=6144: 1 x 53.6 us = 53.6 us (1173.68 GFLOPS/s)
MUL_MAT_VEC f32 m=256 n=4 k=256: 1 x 2.96 us = 2.96 us (176.778 GFLOPS/s)
MUL_MAT_VEC q6_K m=1024 n=1 k=5120: 2 x 8.98 us = 17.96 us (1167.57 GFLOPS/s)
MUL_MAT_VEC q6_K m=12288 n=1 k=5120: 1 x 85.52 us = 85.52 us (1471.2 GFLOPS/s)
MUL_MAT_VEC q6_K m=17408 n=1 k=5120: 2 x 120.82 us = 241.64 us (1475.26 GFLOPS/s)
MUL_MAT_VEC q6_K m=98304 n=1 k=5120: 1 x 674.05 us = 674.05 us (1493.26 GFLOPS/s)
MUL_MAT_VEC q8_0 m=5120 n=1 k=10240: 1 x 100.36 us = 100.36 us (1044.76 GFLOPS/s)
PAD: 1 x 6.24 us = 6.24 us
RMS_NORM_MUL RMS_NORM(256,24,1,1): 1 x 3.56 us = 3.56 us
RMS_NORM_MUL RMS_NORM(256,4,1,1): 1 x 3.52 us = 3.52 us
RMS_NORM_MUL RMS_NORM(5120,1,1,1): 5 x 3.664 us = 18.32 us
ROPE: 2 x 3.54 us = 7.08 us
SET_ROWS: 2 x 2.6 us = 5.2 us
SIGMOID_MUL SIGMOID: 1 x 1.64 us = 1.64 us
TOP_K K=10 (98304,1,1,1): 1 x 8.68 us = 8.68 us
Total time: 1392.25 us.
----------------
Vulkan Timings:
ADD: 48 x 3.685 us = 176.92 us
CONCAT: 48 x 2.439 us = 117.08 us
CONT: 16 x 3.732 us = 59.72 us
CPY: 240 x 2.176 us = 522.32 us
FLASH_ATTN_EXT dst(256,24,5,1),  q(256,5,24,1),  k(256,256,4,1),  v(256,256,4,1),  m(256,5,1,1): 16 x 20.465 us = 327.44 us (1537.13 GFLOPS/s)
GDN_CACHE GATED_DELTA_NET: 48 x 13.34 us = 640.32 us
GET_ROWS: 50 x 24.514 us = 1225.72 us
GLU: 64 x 2.933 us = 187.76 us
MUL_MAT f32 m=256 n=120 k=256: 16 x 1.78 us = 28.48 us (8819.06 GFLOPS/s)
MUL_MAT f32 m=256 n=20 k=256: 16 x 3.03 us = 48.48 us (863.472 GFLOPS/s)
MUL_MAT f32 m=64 n=480 k=64: 16 x 3.59 us = 57.44 us (1086.75 GFLOPS/s)
MUL_MAT f32 m=64 n=80 k=64: 16 x 3.307 us = 52.92 us (196.596 GFLOPS/s)
MUL_MAT_ADD MUL_MAT_VEC q6_K m=5120 n=5 k=17408: 64 x 137.408 us = 8794.16 us (6486.22 GFLOPS/s)
MUL_MAT_ADD MUL_MAT_VEC q6_K m=5120 n=5 k=6144: 16 x 59.935 us = 958.96 us (5248.14 GFLOPS/s)
MUL_MAT_VEC f32 m=48 n=5 k=5120: 96 x 3.329 us = 319.6 us (738.131 GFLOPS/s)
MUL_MAT_VEC q6_K m=1024 n=5 k=5120: 32 x 6.933 us = 221.88 us (7560.65 GFLOPS/s)
MUL_MAT_VEC q6_K m=10240 n=5 k=5120: 48 x 79.552 us = 3818.52 us (6589.82 GFLOPS/s)
MUL_MAT_VEC q6_K m=12288 n=5 k=5120: 16 x 98.597 us = 1577.56 us (6380.33 GFLOPS/s)
MUL_MAT_VEC q6_K m=17408 n=5 k=5120: 128 x 138.534 us = 17732.4 us (6433.09 GFLOPS/s)
MUL_MAT_VEC q6_K m=248320 n=5 k=5120: 1 x 1686.04 us = 1686.04 us (7540 GFLOPS/s)
MUL_MAT_VEC q6_K m=6144 n=5 k=5120: 48 x 53.197 us = 2553.48 us (5912.72 GFLOPS/s)
MUL_MAT_VEC q8_0 m=5120 n=5 k=6144: 48 x 62.959 us = 3022.04 us (4996.05 GFLOPS/s)
RMS_NORM_MUL RMS_NORM(256,24,5,1): 16 x 3.652 us = 58.44 us
RMS_NORM_MUL RMS_NORM(256,4,5,1): 16 x 4.22 us = 67.52 us
RMS_NORM_MUL RMS_NORM(5120,5,1,1): 129 x 4.52 us = 583.16 us
RMS_NORM_MUL_SILU_MUL RMS_NORM(128,48,5,1): 48 x 5.495 us = 263.8 us
RMS_NORM_SCALE RMS_NORM(128,16,5,1): 96 x 2.657 us = 255.16 us
ROPE: 32 x 3.766 us = 120.52 us
SET_ROWS: 32 x 2.883 us = 92.28 us
SIGMOID_MUL SIGMOID: 16 x 3.595 us = 57.52 us
SSM_CONV_SILU SSM_CONV: 48 x 5.51 us = 264.48 us
Total time: 45892.1 us.
----------------
Vulkan Timings:
CONCAT: 1 x 3.88 us = 3.88 us
CONT: 1 x 3.6 us = 3.6 us
FLASH_ATTN_EXT dst(256,24,5,1),  q(256,5,24,1),  k(256,256,4,1),  v(256,256,4,1),  m(256,5,1,1): 1 x 20.28 us = 20.28 us (1551.15 GFLOPS/s)
GLU: 1 x 1.52 us = 1.52 us
MUL_MAT f32 m=256 n=120 k=256: 1 x 1.68 us = 1.68 us (9344 GFLOPS/s)
MUL_MAT f32 m=256 n=20 k=256: 1 x 3 us = 3 us (872.107 GFLOPS/s)
MUL_MAT f32 m=64 n=480 k=64: 1 x 3.6 us = 3.6 us (1083.73 GFLOPS/s)
MUL_MAT f32 m=64 n=80 k=64: 1 x 3.56 us = 3.56 us (182.652 GFLOPS/s)
MUL_MAT_ADD MUL_MAT_VEC q6_K m=5120 n=5 k=17408: 1 x 174.61 us = 174.61 us (5104.31 GFLOPS/s)
MUL_MAT_ADD MUL_MAT_VEC q6_K m=5120 n=5 k=6144: 1 x 68.56 us = 68.56 us (4587.91 GFLOPS/s)
MUL_MAT_VEC q6_K m=1024 n=5 k=5120: 2 x 9.66 us = 19.32 us (5426.88 GFLOPS/s)
MUL_MAT_VEC q6_K m=12288 n=5 k=5120: 1 x 124.72 us = 124.72 us (5043.97 GFLOPS/s)
MUL_MAT_VEC q6_K m=17408 n=5 k=5120: 2 x 131.1 us = 262.2 us (6797.88 GFLOPS/s)
MUL_MAT_VEC q8_0 m=5120 n=5 k=10240: 1 x 105.2 us = 105.2 us (4983.48 GFLOPS/s)
RMS_NORM_MUL RMS_NORM(256,24,5,1): 1 x 3.68 us = 3.68 us
RMS_NORM_MUL RMS_NORM(256,4,5,1): 1 x 3.52 us = 3.52 us
RMS_NORM_MUL RMS_NORM(5120,5,1,1): 5 x 7.96 us = 39.8 us
ROPE: 2 x 3.56 us = 7.12 us
SET_ROWS: 2 x 2.62 us = 5.24 us
SIGMOID_MUL SIGMOID: 1 x 1.72 us = 1.72 us
Total time: 856.81 us.
----------------
Vulkan Timings:
CONCAT: 1 x 3.68 us = 3.68 us
CONT: 1 x 3.52 us = 3.52 us
FLASH_ATTN_EXT dst(256,24,1,1),  q(256,1,24,1),  k(256,256,4,1),  v(256,256,4,1),  m(256,1,1,1): 1 x 12.48 us = 12.48 us (504.123 GFLOPS/s)
GET_ROWS: 2 x 6.48 us = 12.96 us
GLU: 1 x 1.64 us = 1.64 us
MUL_MAT f32 m=256 n=24 k=256: 1 x 1.48 us = 1.48 us (2121.34 GFLOPS/s)
MUL_MAT f32 m=64 n=16 k=64: 1 x 1.8 us = 1.8 us (72.2489 GFLOPS/s)
MUL_MAT f32 m=64 n=96 k=64: 1 x 3.16 us = 3.16 us (246.927 GFLOPS/s)
MUL_MAT_ADD MUL_MAT_VEC q6_K m=5120 n=1 k=17408: 1 x 129.36 us = 129.36 us (1377.96 GFLOPS/s)
MUL_MAT_ADD MUL_MAT_VEC q6_K m=5120 n=1 k=6144: 1 x 54.44 us = 54.44 us (1155.57 GFLOPS/s)
MUL_MAT_VEC f32 m=256 n=4 k=256: 1 x 2.96 us = 2.96 us (176.778 GFLOPS/s)
MUL_MAT_VEC q6_K m=1024 n=1 k=5120: 2 x 9.16 us = 18.32 us (1144.62 GFLOPS/s)
MUL_MAT_VEC q6_K m=12288 n=1 k=5120: 1 x 89.76 us = 89.76 us (1401.7 GFLOPS/s)
MUL_MAT_VEC q6_K m=17408 n=1 k=5120: 2 x 117.94 us = 235.88 us (1511.28 GFLOPS/s)
MUL_MAT_VEC q6_K m=98304 n=1 k=5120: 1 x 673.35 us = 673.35 us (1494.82 GFLOPS/s)
MUL_MAT_VEC q8_0 m=5120 n=1 k=10240: 1 x 92.68 us = 92.68 us (1131.34 GFLOPS/s)
PAD: 1 x 4.96 us = 4.96 us
RMS_NORM_MUL RMS_NORM(256,24,1,1): 1 x 3.16 us = 3.16 us
RMS_NORM_MUL RMS_NORM(256,4,1,1): 1 x 4.72 us = 4.72 us
RMS_NORM_MUL RMS_NORM(5120,1,1,1): 5 x 3.96 us = 19.8 us
ROPE: 2 x 3.24 us = 6.48 us
SET_ROWS: 2 x 2.54 us = 5.08 us
SIGMOID_MUL SIGMOID: 1 x 1.6 us = 1.6 us
TOP_K K=10 (98304,1,1,1): 1 x 8.72 us = 8.72 us
Total time: 1391.99 us.
----------------
Vulkan Timings:
CONCAT: 1 x 3.72 us = 3.72 us
CONT: 1 x 3.6 us = 3.6 us
FLASH_ATTN_EXT dst(256,24,1,1),  q(256,1,24,1),  k(256,256,4,1),  v(256,256,4,1),  m(256,1,1,1): 1 x 12.72 us = 12.72 us (494.611 GFLOPS/s)
GET_ROWS: 2 x 4.24 us = 8.48 us
GLU: 1 x 1.8 us = 1.8 us
MUL_MAT f32 m=256 n=24 k=256: 1 x 1.64 us = 1.64 us (1914.38 GFLOPS/s)
MUL_MAT f32 m=64 n=16 k=64: 1 x 3.6 us = 3.6 us (36.1244 GFLOPS/s)
MUL_MAT f32 m=64 n=96 k=64: 1 x 3.52 us = 3.52 us (221.673 GFLOPS/s)
MUL_MAT_ADD MUL_MAT_VEC q6_K m=5120 n=1 k=17408: 1 x 123.12 us = 123.12 us (1447.8 GFLOPS/s)
MUL_MAT_ADD MUL_MAT_VEC q6_K m=5120 n=1 k=6144: 1 x 53.72 us = 53.72 us (1171.06 GFLOPS/s)
MUL_MAT_VEC f32 m=256 n=4 k=256: 1 x 3 us = 3 us (174.421 GFLOPS/s)
MUL_MAT_VEC q6_K m=1024 n=1 k=5120: 2 x 9.04 us = 18.08 us (1159.82 GFLOPS/s)
MUL_MAT_VEC q6_K m=12288 n=1 k=5120: 1 x 85.8 us = 85.8 us (1466.4 GFLOPS/s)
MUL_MAT_VEC q6_K m=17408 n=1 k=5120: 2 x 121.54 us = 243.08 us (1466.52 GFLOPS/s)
MUL_MAT_VEC q6_K m=98304 n=1 k=5120: 1 x 673.73 us = 673.73 us (1493.97 GFLOPS/s)
MUL_MAT_VEC q8_0 m=5120 n=1 k=10240: 1 x 100.76 us = 100.76 us (1040.62 GFLOPS/s)
PAD: 1 x 6.24 us = 6.24 us
RMS_NORM_MUL RMS_NORM(256,24,1,1): 1 x 3.56 us = 3.56 us
RMS_NORM_MUL RMS_NORM(256,4,1,1): 1 x 3.56 us = 3.56 us
RMS_NORM_MUL RMS_NORM(5120,1,1,1): 5 x 3.68 us = 18.4 us
ROPE: 2 x 3.52 us = 7.04 us
SET_ROWS: 2 x 2.6 us = 5.2 us
SIGMOID_MUL SIGMOID: 1 x 1.64 us = 1.64 us
TOP_K K=10 (98304,1,1,1): 1 x 8.76 us = 8.76 us
Total time: 1394.77 us.
----------------
Vulkan Timings:
CONCAT: 1 x 3.68 us = 3.68 us
CONT: 1 x 3.56 us = 3.56 us
FLASH_ATTN_EXT dst(256,24,1,1),  q(256,1,24,1),  k(256,256,4,1),  v(256,256,4,1),  m(256,1,1,1): 1 x 12.64 us = 12.64 us (497.742 GFLOPS/s)
GET_ROWS: 2 x 4.22 us = 8.44 us
GLU: 1 x 1.8 us = 1.8 us
MUL_MAT f32 m=256 n=24 k=256: 1 x 1.6 us = 1.6 us (1962.24 GFLOPS/s)
MUL_MAT f32 m=64 n=16 k=64: 1 x 3.6 us = 3.6 us (36.1244 GFLOPS/s)
MUL_MAT f32 m=64 n=96 k=64: 1 x 3.52 us = 3.52 us (221.673 GFLOPS/s)
MUL_MAT_ADD MUL_MAT_VEC q6_K m=5120 n=1 k=17408: 1 x 123.56 us = 123.56 us (1442.64 GFLOPS/s)
MUL_MAT_ADD MUL_MAT_VEC q6_K m=5120 n=1 k=6144: 1 x 53.24 us = 53.24 us (1181.62 GFLOPS/s)
MUL_MAT_VEC f32 m=256 n=4 k=256: 1 x 2.96 us = 2.96 us (176.778 GFLOPS/s)
MUL_MAT_VEC q6_K m=1024 n=1 k=5120: 2 x 8.98 us = 17.96 us (1167.57 GFLOPS/s)
MUL_MAT_VEC q6_K m=12288 n=1 k=5120: 1 x 85.76 us = 85.76 us (1467.08 GFLOPS/s)
MUL_MAT_VEC q6_K m=17408 n=1 k=5120: 2 x 121.06 us = 242.12 us (1472.33 GFLOPS/s)
MUL_MAT_VEC q6_K m=98304 n=1 k=5120: 1 x 674.37 us = 674.37 us (1492.56 GFLOPS/s)
MUL_MAT_VEC q8_0 m=5120 n=1 k=10240: 1 x 101.4 us = 101.4 us (1034.05 GFLOPS/s)
PAD: 1 x 6.2 us = 6.2 us
RMS_NORM_MUL RMS_NORM(256,24,1,1): 1 x 3.56 us = 3.56 us
RMS_NORM_MUL RMS_NORM(256,4,1,1): 1 x 3.56 us = 3.56 us
RMS_NORM_MUL RMS_NORM(5120,1,1,1): 5 x 3.64 us = 18.2 us
ROPE: 2 x 3.56 us = 7.12 us
SET_ROWS: 2 x 2.62 us = 5.24 us
SIGMOID_MUL SIGMOID: 1 x 1.68 us = 1.68 us
TOP_K K=10 (98304,1,1,1): 1 x 8.68 us = 8.68 us
Total time: 1394.45 us.
----------------
Vulkan Timings:
CONCAT: 1 x 3.68 us = 3.68 us
CONT: 1 x 3.6 us = 3.6 us
FLASH_ATTN_EXT dst(256,24,1,1),  q(256,1,24,1),  k(256,256,4,1),  v(256,256,4,1),  m(256,1,1,1): 1 x 13 us = 13 us (483.958 GFLOPS/s)
GET_ROWS: 2 x 4.18 us = 8.36 us
GLU: 1 x 1.84 us = 1.84 us
MUL_MAT f32 m=256 n=24 k=256: 1 x 1.64 us = 1.64 us (1914.38 GFLOPS/s)
MUL_MAT f32 m=64 n=16 k=64: 1 x 3.52 us = 3.52 us (36.9455 GFLOPS/s)
MUL_MAT f32 m=64 n=96 k=64: 1 x 3.56 us = 3.56 us (219.182 GFLOPS/s)
MUL_MAT_ADD MUL_MAT_VEC q6_K m=5120 n=1 k=17408: 1 x 122.96 us = 122.96 us (1449.68 GFLOPS/s)
MUL_MAT_ADD MUL_MAT_VEC q6_K m=5120 n=1 k=6144: 1 x 53.84 us = 53.84 us (1168.45 GFLOPS/s)
MUL_MAT_VEC f32 m=256 n=4 k=256: 1 x 2.96 us = 2.96 us (176.778 GFLOPS/s)
MUL_MAT_VEC q6_K m=1024 n=1 k=5120: 2 x 9.08 us = 18.16 us (1154.71 GFLOPS/s)
MUL_MAT_VEC q6_K m=12288 n=1 k=5120: 1 x 85.08 us = 85.08 us (1478.81 GFLOPS/s)
MUL_MAT_VEC q6_K m=17408 n=1 k=5120: 2 x 121.06 us = 242.12 us (1472.33 GFLOPS/s)
MUL_MAT_VEC q6_K m=98304 n=1 k=5120: 1 x 674.18 us = 674.18 us (1492.98 GFLOPS/s)
MUL_MAT_VEC q8_0 m=5120 n=1 k=10240: 1 x 100.88 us = 100.88 us (1039.38 GFLOPS/s)
PAD: 1 x 6.24 us = 6.24 us
RMS_NORM_MUL RMS_NORM(256,24,1,1): 1 x 3.52 us = 3.52 us
RMS_NORM_MUL RMS_NORM(256,4,1,1): 1 x 3.52 us = 3.52 us
RMS_NORM_MUL RMS_NORM(5120,1,1,1): 5 x 3.704 us = 18.52 us
ROPE: 2 x 3.52 us = 7.04 us
SET_ROWS: 2 x 2.6 us = 5.2 us
SIGMOID_MUL SIGMOID: 1 x 1.68 us = 1.68 us
TOP_K K=10 (98304,1,1,1): 1 x 8.92 us = 8.92 us
Total time: 1394.02 us.
----------------
Vulkan Timings:
ADD: 48 x 3.708 us = 178 us
CONCAT: 48 x 2.402 us = 115.32 us
CONT: 16 x 3.775 us = 60.4 us
CPY: 240 x 2.228 us = 534.84 us
FLASH_ATTN_EXT dst(256,24,5,1),  q(256,5,24,1),  k(256,256,4,1),  v(256,256,4,1),  m(256,5,1,1): 16 x 20.815 us = 333.04 us (1511.28 GFLOPS/s)
GDN_CACHE GATED_DELTA_NET: 48 x 13.358 us = 641.2 us
GET_ROWS: 50 x 24.338 us = 1216.92 us
GLU: 64 x 2.831 us = 181.2 us
MUL_MAT f32 m=256 n=120 k=256: 16 x 1.812 us = 29 us (8660.92 GFLOPS/s)
MUL_MAT f32 m=256 n=20 k=256: 16 x 2.935 us = 46.96 us (891.421 GFLOPS/s)
MUL_MAT f32 m=64 n=480 k=64: 16 x 3.6 us = 57.6 us (1083.73 GFLOPS/s)
MUL_MAT f32 m=64 n=80 k=64: 16 x 3.212 us = 51.4 us (202.409 GFLOPS/s)
MUL_MAT_ADD MUL_MAT_VEC q6_K m=5120 n=5 k=17408: 64 x 138.516 us = 8865.04 us (6434.36 GFLOPS/s)
MUL_MAT_ADD MUL_MAT_VEC q6_K m=5120 n=5 k=6144: 16 x 59.34 us = 949.44 us (5300.76 GFLOPS/s)
MUL_MAT_VEC f32 m=48 n=5 k=5120: 96 x 3.423 us = 328.64 us (717.827 GFLOPS/s)
MUL_MAT_VEC q6_K m=1024 n=5 k=5120: 32 x 7.25 us = 232 us (7230.85 GFLOPS/s)
MUL_MAT_VEC q6_K m=10240 n=5 k=5120: 48 x 80.139 us = 3846.68 us (6541.58 GFLOPS/s)
MUL_MAT_VEC q6_K m=12288 n=5 k=5120: 16 x 98.06 us = 1568.96 us (6415.3 GFLOPS/s)
MUL_MAT_VEC q6_K m=17408 n=5 k=5120: 128 x 138.716 us = 17755.7 us (6424.63 GFLOPS/s)
MUL_MAT_VEC q6_K m=248320 n=5 k=5120: 1 x 1685.84 us = 1685.84 us (7540.89 GFLOPS/s)
MUL_MAT_VEC q6_K m=6144 n=5 k=5120: 48 x 53.322 us = 2559.48 us (5898.86 GFLOPS/s)
MUL_MAT_VEC q8_0 m=5120 n=5 k=6144: 48 x 63.064 us = 3027.08 us (4987.73 GFLOPS/s)
RMS_NORM_MUL RMS_NORM(256,24,5,1): 16 x 3.647 us = 58.36 us
RMS_NORM_MUL RMS_NORM(256,4,5,1): 16 x 4.352 us = 69.64 us
RMS_NORM_MUL RMS_NORM(5120,5,1,1): 129 x 4.551 us = 587.2 us
RMS_NORM_MUL_SILU_MUL RMS_NORM(128,48,5,1): 48 x 5.565 us = 267.12 us
RMS_NORM_SCALE RMS_NORM(128,16,5,1): 96 x 2.577 us = 247.48 us
ROPE: 32 x 3.787 us = 121.2 us
SET_ROWS: 32 x 2.92 us = 93.44 us
SIGMOID_MUL SIGMOID: 16 x 3.637 us = 58.2 us
SSM_CONV_SILU SSM_CONV: 48 x 5.532 us = 265.56 us
Total time: 46033 us.
----------------
Vulkan Timings:
CONCAT: 1 x 3.96 us = 3.96 us
CONT: 1 x 3.56 us = 3.56 us
FLASH_ATTN_EXT dst(256,24,5,1),  q(256,5,24,1),  k(256,256,4,1),  v(256,256,4,1),  m(256,5,1,1): 1 x 20.6 us = 20.6 us (1527.05 GFLOPS/s)
GLU: 1 x 1.72 us = 1.72 us
MUL_MAT f32 m=256 n=120 k=256: 1 x 1.72 us = 1.72 us (9126.7 GFLOPS/s)
MUL_MAT f32 m=256 n=20 k=256: 1 x 3 us = 3 us (872.107 GFLOPS/s)
MUL_MAT f32 m=64 n=480 k=64: 1 x 3.6 us = 3.6 us (1083.73 GFLOPS/s)
MUL_MAT f32 m=64 n=80 k=64: 1 x 3.56 us = 3.56 us (182.652 GFLOPS/s)
MUL_MAT_ADD MUL_MAT_VEC q6_K m=5120 n=5 k=17408: 1 x 165.09 us = 165.09 us (5398.66 GFLOPS/s)
MUL_MAT_ADD MUL_MAT_VEC q6_K m=5120 n=5 k=6144: 1 x 61.16 us = 61.16 us (5143.02 GFLOPS/s)
MUL_MAT_VEC q6_K m=1024 n=5 k=5120: 2 x 9.5 us = 19 us (5518.28 GFLOPS/s)
MUL_MAT_VEC q6_K m=12288 n=5 k=5120: 1 x 124.25 us = 124.25 us (5063.05 GFLOPS/s)
MUL_MAT_VEC q6_K m=17408 n=5 k=5120: 2 x 130.82 us = 261.64 us (6812.43 GFLOPS/s)
MUL_MAT_VEC q8_0 m=5120 n=5 k=10240: 1 x 105.16 us = 105.16 us (4985.38 GFLOPS/s)
RMS_NORM_MUL RMS_NORM(256,24,5,1): 1 x 3.68 us = 3.68 us
RMS_NORM_MUL RMS_NORM(256,4,5,1): 1 x 3.56 us = 3.56 us
RMS_NORM_MUL RMS_NORM(5120,5,1,1): 5 x 8.05 us = 40.25 us
ROPE: 2 x 3.58 us = 7.16 us
SET_ROWS: 2 x 2.62 us = 5.24 us
SIGMOID_MUL SIGMOID: 1 x 1.88 us = 1.88 us
Total time: 839.79 us.
----------------
Vulkan Timings:
CONCAT: 1 x 3.56 us = 3.56 us
CONT: 1 x 3.48 us = 3.48 us
FLASH_ATTN_EXT dst(256,24,1,1),  q(256,1,24,1),  k(256,256,4,1),  v(256,256,4,1),  m(256,1,1,1): 1 x 12.44 us = 12.44 us (505.744 GFLOPS/s)
GET_ROWS: 2 x 4.28 us = 8.56 us
GLU: 1 x 1.6 us = 1.6 us
MUL_MAT f32 m=256 n=24 k=256: 1 x 1.56 us = 1.56 us (2012.55 GFLOPS/s)
MUL_MAT f32 m=64 n=16 k=64: 1 x 1.8 us = 1.8 us (72.2489 GFLOPS/s)
MUL_MAT f32 m=64 n=96 k=64: 1 x 3.12 us = 3.12 us (250.092 GFLOPS/s)
MUL_MAT_ADD MUL_MAT_VEC q6_K m=5120 n=1 k=17408: 1 x 129.56 us = 129.56 us (1375.83 GFLOPS/s)
MUL_MAT_ADD MUL_MAT_VEC q6_K m=5120 n=1 k=6144: 1 x 53.28 us = 53.28 us (1180.73 GFLOPS/s)
MUL_MAT_VEC f32 m=256 n=4 k=256: 1 x 2.96 us = 2.96 us (176.778 GFLOPS/s)
MUL_MAT_VEC q6_K m=1024 n=1 k=5120: 2 x 8.2 us = 16.4 us (1278.63 GFLOPS/s)
MUL_MAT_VEC q6_K m=12288 n=1 k=5120: 1 x 90.16 us = 90.16 us (1395.48 GFLOPS/s)
MUL_MAT_VEC q6_K m=17408 n=1 k=5120: 2 x 117.78 us = 235.56 us (1513.33 GFLOPS/s)
MUL_MAT_VEC q6_K m=98304 n=1 k=5120: 1 x 670.75 us = 670.75 us (1500.61 GFLOPS/s)
MUL_MAT_VEC q8_0 m=5120 n=1 k=10240: 1 x 91.52 us = 91.52 us (1145.68 GFLOPS/s)
PAD: 1 x 6.32 us = 6.32 us
RMS_NORM_MUL RMS_NORM(256,24,1,1): 1 x 5.72 us = 5.72 us
RMS_NORM_MUL RMS_NORM(256,4,1,1): 1 x 4.76 us = 4.76 us
RMS_NORM_MUL RMS_NORM(5120,1,1,1): 5 x 4.288 us = 21.44 us
ROPE: 2 x 3.28 us = 6.56 us
SET_ROWS: 2 x 2.56 us = 5.12 us
SIGMOID_MUL SIGMOID: 1 x 1.56 us = 1.56 us
TOP_K K=10 (98304,1,1,1): 1 x 8.72 us = 8.72 us
Total time: 1386.51 us.
----------------
Vulkan Timings:
CONCAT: 1 x 3.68 us = 3.68 us
CONT: 1 x 3.52 us = 3.52 us
FLASH_ATTN_EXT dst(256,24,1,1),  q(256,1,24,1),  k(256,256,4,1),  v(256,256,4,1),  m(256,1,1,1): 1 x 12.6 us = 12.6 us (499.322 GFLOPS/s)
GET_ROWS: 2 x 5.94 us = 11.88 us
GLU: 1 x 1.8 us = 1.8 us
MUL_MAT f32 m=256 n=24 k=256: 1 x 1.68 us = 1.68 us (1868.8 GFLOPS/s)
MUL_MAT f32 m=64 n=16 k=64: 1 x 3.6 us = 3.6 us (36.1244 GFLOPS/s)
MUL_MAT f32 m=64 n=96 k=64: 1 x 3.56 us = 3.56 us (219.182 GFLOPS/s)
MUL_MAT_ADD MUL_MAT_VEC q6_K m=5120 n=1 k=17408: 1 x 122.88 us = 122.88 us (1450.62 GFLOPS/s)
MUL_MAT_ADD MUL_MAT_VEC q6_K m=5120 n=1 k=6144: 1 x 54.28 us = 54.28 us (1158.98 GFLOPS/s)
MUL_MAT_VEC f32 m=256 n=4 k=256: 1 x 2.96 us = 2.96 us (176.778 GFLOPS/s)
MUL_MAT_VEC q6_K m=1024 n=1 k=5120: 2 x 9.02 us = 18.04 us (1162.39 GFLOPS/s)
MUL_MAT_VEC q6_K m=12288 n=1 k=5120: 1 x 85.84 us = 85.84 us (1465.71 GFLOPS/s)
MUL_MAT_VEC q6_K m=17408 n=1 k=5120: 2 x 121.04 us = 242.08 us (1472.58 GFLOPS/s)
MUL_MAT_VEC q6_K m=98304 n=1 k=5120: 1 x 671.83 us = 671.83 us (1498.2 GFLOPS/s)
MUL_MAT_VEC q8_0 m=5120 n=1 k=10240: 1 x 101.24 us = 101.24 us (1035.68 GFLOPS/s)
PAD: 1 x 4.88 us = 4.88 us
RMS_NORM_MUL RMS_NORM(256,24,1,1): 1 x 3.56 us = 3.56 us
RMS_NORM_MUL RMS_NORM(256,4,1,1): 1 x 3.56 us = 3.56 us
RMS_NORM_MUL RMS_NORM(5120,1,1,1): 5 x 3.728 us = 18.64 us
ROPE: 2 x 3.54 us = 7.08 us
SET_ROWS: 2 x 2.62 us = 5.24 us
SIGMOID_MUL SIGMOID: 1 x 1.68 us = 1.68 us
TOP_K K=10 (98304,1,1,1): 1 x 9 us = 9 us
Total time: 1395.11 us.
----------------
Vulkan Timings:
CONCAT: 1 x 3.68 us = 3.68 us
CONT: 1 x 3.56 us = 3.56 us
FLASH_ATTN_EXT dst(256,24,1,1),  q(256,1,24,1),  k(256,256,4,1),  v(256,256,4,1),  m(256,1,1,1): 1 x 12.84 us = 12.84 us (489.989 GFLOPS/s)
GET_ROWS: 2 x 4.24 us = 8.48 us
GLU: 1 x 1.76 us = 1.76 us
MUL_MAT f32 m=256 n=24 k=256: 1 x 1.6 us = 1.6 us (1962.24 GFLOPS/s)
MUL_MAT f32 m=64 n=16 k=64: 1 x 3.56 us = 3.56 us (36.5303 GFLOPS/s)
MUL_MAT f32 m=64 n=96 k=64: 1 x 3.56 us = 3.56 us (219.182 GFLOPS/s)
MUL_MAT_ADD MUL_MAT_VEC q6_K m=5120 n=1 k=17408: 1 x 124.28 us = 124.28 us (1434.28 GFLOPS/s)
MUL_MAT_ADD MUL_MAT_VEC q6_K m=5120 n=1 k=6144: 1 x 53.16 us = 53.16 us (1183.4 GFLOPS/s)
MUL_MAT_VEC f32 m=256 n=4 k=256: 1 x 2.96 us = 2.96 us (176.778 GFLOPS/s)
MUL_MAT_VEC q6_K m=1024 n=1 k=5120: 2 x 9.14 us = 18.28 us (1147.13 GFLOPS/s)
MUL_MAT_VEC q6_K m=12288 n=1 k=5120: 1 x 85.72 us = 85.72 us (1467.77 GFLOPS/s)
MUL_MAT_VEC q6_K m=17408 n=1 k=5120: 2 x 121.1 us = 242.2 us (1471.85 GFLOPS/s)
MUL_MAT_VEC q6_K m=98304 n=1 k=5120: 1 x 671.88 us = 671.88 us (1498.09 GFLOPS/s)
MUL_MAT_VEC q8_0 m=5120 n=1 k=10240: 1 x 101.08 us = 101.08 us (1037.32 GFLOPS/s)
PAD: 1 x 6.2 us = 6.2 us
RMS_NORM_MUL RMS_NORM(256,24,1,1): 1 x 3.56 us = 3.56 us
RMS_NORM_MUL RMS_NORM(256,4,1,1): 1 x 3.52 us = 3.52 us
RMS_NORM_MUL RMS_NORM(5120,1,1,1): 5 x 3.672 us = 18.36 us
ROPE: 2 x 3.52 us = 7.04 us
SET_ROWS: 2 x 2.58 us = 5.16 us
SIGMOID_MUL SIGMOID: 1 x 1.68 us = 1.68 us
TOP_K K=10 (98304,1,1,1): 1 x 8.68 us = 8.68 us
Total time: 1392.8 us.
----------------
Vulkan Timings:
CONCAT: 1 x 3.72 us = 3.72 us
CONT: 1 x 3.56 us = 3.56 us
FLASH_ATTN_EXT dst(256,24,1,1),  q(256,1,24,1),  k(256,256,4,1),  v(256,256,4,1),  m(256,1,1,1): 1 x 12.6 us = 12.6 us (499.322 GFLOPS/s)
GET_ROWS: 2 x 4.14 us = 8.28 us
GLU: 1 x 1.88 us = 1.88 us
MUL_MAT f32 m=256 n=24 k=256: 1 x 1.68 us = 1.68 us (1868.8 GFLOPS/s)
MUL_MAT f32 m=64 n=16 k=64: 1 x 3.6 us = 3.6 us (36.1244 GFLOPS/s)
MUL_MAT f32 m=64 n=96 k=64: 1 x 3.52 us = 3.52 us (221.673 GFLOPS/s)
MUL_MAT_ADD MUL_MAT_VEC q6_K m=5120 n=1 k=17408: 1 x 123.64 us = 123.64 us (1441.71 GFLOPS/s)
MUL_MAT_ADD MUL_MAT_VEC q6_K m=5120 n=1 k=6144: 1 x 53.76 us = 53.76 us (1170.19 GFLOPS/s)
MUL_MAT_VEC f32 m=256 n=4 k=256: 1 x 2.96 us = 2.96 us (176.778 GFLOPS/s)
MUL_MAT_VEC q6_K m=1024 n=1 k=5120: 2 x 9.08 us = 18.16 us (1154.71 GFLOPS/s)
MUL_MAT_VEC q6_K m=12288 n=1 k=5120: 1 x 85.72 us = 85.72 us (1467.77 GFLOPS/s)
MUL_MAT_VEC q6_K m=17408 n=1 k=5120: 2 x 121 us = 242 us (1473.06 GFLOPS/s)
MUL_MAT_VEC q6_K m=98304 n=1 k=5120: 1 x 674.31 us = 674.31 us (1492.69 GFLOPS/s)
MUL_MAT_VEC q8_0 m=5120 n=1 k=10240: 1 x 101.52 us = 101.52 us (1032.83 GFLOPS/s)
PAD: 1 x 6.24 us = 6.24 us
RMS_NORM_MUL RMS_NORM(256,24,1,1): 1 x 3.56 us = 3.56 us
RMS_NORM_MUL RMS_NORM(256,4,1,1): 1 x 3.56 us = 3.56 us
RMS_NORM_MUL RMS_NORM(5120,1,1,1): 5 x 3.648 us = 18.24 us
ROPE: 2 x 3.52 us = 7.04 us
SET_ROWS: 2 x 2.64 us = 5.28 us
SIGMOID_MUL SIGMOID: 1 x 1.6 us = 1.6 us
TOP_K K=10 (98304,1,1,1): 1 x 8.68 us = 8.68 us
Total time: 1395.11 us.
----------------
Vulkan Timings:
ADD: 48 x 3.682 us = 176.76 us
CONCAT: 48 x 2.397 us = 115.08 us
CONT: 16 x 3.725 us = 59.6 us
CPY: 240 x 2.203 us = 528.92 us
FLASH_ATTN_EXT dst(256,24,5,1),  q(256,5,24,1),  k(256,256,4,1),  v(256,256,4,1),  m(256,5,1,1): 16 x 20.557 us = 328.92 us (1530.21 GFLOPS/s)
GDN_CACHE GATED_DELTA_NET: 48 x 13.273 us = 637.12 us
GET_ROWS: 50 x 24.221 us = 1211.08 us
GLU: 64 x 2.904 us = 185.88 us
MUL_MAT f32 m=256 n=120 k=256: 16 x 1.787 us = 28.6 us (8782.05 GFLOPS/s)
MUL_MAT f32 m=256 n=20 k=256: 16 x 3.022 us = 48.36 us (865.615 GFLOPS/s)
MUL_MAT f32 m=64 n=480 k=64: 16 x 3.577 us = 57.24 us (1090.55 GFLOPS/s)
MUL_MAT f32 m=64 n=80 k=64: 16 x 3.312 us = 53 us (196.299 GFLOPS/s)
MUL_MAT_ADD MUL_MAT_VEC q6_K m=5120 n=5 k=17408: 64 x 137.962 us = 8829.6 us (6460.19 GFLOPS/s)
MUL_MAT_ADD MUL_MAT_VEC q6_K m=5120 n=5 k=6144: 16 x 59.362 us = 949.8 us (5298.75 GFLOPS/s)
MUL_MAT_VEC f32 m=48 n=5 k=5120: 96 x 3.347 us = 321.36 us (734.088 GFLOPS/s)
MUL_MAT_VEC q6_K m=1024 n=5 k=5120: 32 x 6.966 us = 222.92 us (7525.38 GFLOPS/s)
MUL_MAT_VEC q6_K m=10240 n=5 k=5120: 48 x 79.478 us = 3814.96 us (6595.97 GFLOPS/s)
MUL_MAT_VEC q6_K m=12288 n=5 k=5120: 16 x 98.285 us = 1572.56 us (6400.61 GFLOPS/s)
MUL_MAT_VEC q6_K m=17408 n=5 k=5120: 128 x 137.985 us = 17662.1 us (6458.69 GFLOPS/s)
MUL_MAT_VEC q6_K m=248320 n=5 k=5120: 1 x 1685.6 us = 1685.6 us (7541.97 GFLOPS/s)
MUL_MAT_VEC q6_K m=6144 n=5 k=5120: 48 x 53.248 us = 2555.92 us (5907.08 GFLOPS/s)
MUL_MAT_VEC q8_0 m=5120 n=5 k=6144: 48 x 62.94 us = 3021.12 us (4997.57 GFLOPS/s)
RMS_NORM_MUL RMS_NORM(256,24,5,1): 16 x 3.647 us = 58.36 us
RMS_NORM_MUL RMS_NORM(256,4,5,1): 16 x 4.217 us = 67.48 us
RMS_NORM_MUL RMS_NORM(5120,5,1,1): 129 x 4.487 us = 578.84 us
RMS_NORM_MUL_SILU_MUL RMS_NORM(128,48,5,1): 48 x 5.49 us = 263.56 us
RMS_NORM_SCALE RMS_NORM(128,16,5,1): 96 x 2.603 us = 249.92 us
ROPE: 32 x 3.758 us = 120.28 us
SET_ROWS: 32 x 2.837 us = 90.8 us
SIGMOID_MUL SIGMOID: 16 x 3.595 us = 57.52 us
SSM_CONV_SILU SSM_CONV: 48 x 5.457 us = 261.96 us
Total time: 45815.2 us.
----------------
Vulkan Timings:
CONCAT: 1 x 3.96 us = 3.96 us
CONT: 1 x 3.56 us = 3.56 us
FLASH_ATTN_EXT dst(256,24,5,1),  q(256,5,24,1),  k(256,256,4,1),  v(256,256,4,1),  m(256,5,1,1): 1 x 20.24 us = 20.24 us (1554.21 GFLOPS/s)
GLU: 1 x 1.68 us = 1.68 us
MUL_MAT f32 m=256 n=120 k=256: 1 x 1.68 us = 1.68 us (9344 GFLOPS/s)
MUL_MAT f32 m=256 n=20 k=256: 1 x 2.96 us = 2.96 us (883.892 GFLOPS/s)
MUL_MAT f32 m=64 n=480 k=64: 1 x 3.6 us = 3.6 us (1083.73 GFLOPS/s)
MUL_MAT f32 m=64 n=80 k=64: 1 x 3.56 us = 3.56 us (182.652 GFLOPS/s)
MUL_MAT_ADD MUL_MAT_VEC q6_K m=5120 n=5 k=17408: 1 x 164.62 us = 164.62 us (5414.07 GFLOPS/s)
MUL_MAT_ADD MUL_MAT_VEC q6_K m=5120 n=5 k=6144: 1 x 68.44 us = 68.44 us (4595.96 GFLOPS/s)
MUL_MAT_VEC q6_K m=1024 n=5 k=5120: 2 x 8.74 us = 17.48 us (5998.13 GFLOPS/s)
MUL_MAT_VEC q6_K m=12288 n=5 k=5120: 1 x 123.04 us = 123.04 us (5112.84 GFLOPS/s)
MUL_MAT_VEC q6_K m=17408 n=5 k=5120: 2 x 131.14 us = 262.28 us (6795.81 GFLOPS/s)
MUL_MAT_VEC q8_0 m=5120 n=5 k=10240: 1 x 105.44 us = 105.44 us (4972.14 GFLOPS/s)
RMS_NORM_MUL RMS_NORM(256,24,5,1): 1 x 5.56 us = 5.56 us
RMS_NORM_MUL RMS_NORM(256,4,5,1): 1 x 3.56 us = 3.56 us
RMS_NORM_MUL RMS_NORM(5120,5,1,1): 5 x 7.404 us = 37.02 us
ROPE: 2 x 3.56 us = 7.12 us
SET_ROWS: 2 x 2.64 us = 5.28 us
SIGMOID_MUL SIGMOID: 1 x 1.72 us = 1.72 us
Total time: 842.8 us.
----------------
Vulkan Timings:
CONCAT: 1 x 3.6 us = 3.6 us
CONT: 1 x 3.44 us = 3.44 us
FLASH_ATTN_EXT dst(256,24,1,1),  q(256,1,24,1),  k(256,256,4,1),  v(256,256,4,1),  m(256,1,1,1): 1 x 12.32 us = 12.32 us (510.67 GFLOPS/s)
GET_ROWS: 2 x 5.42 us = 10.84 us
GLU: 1 x 1.6 us = 1.6 us
MUL_MAT f32 m=256 n=24 k=256: 1 x 1.52 us = 1.52 us (2065.52 GFLOPS/s)
MUL_MAT f32 m=64 n=16 k=64: 1 x 1.8 us = 1.8 us (72.2489 GFLOPS/s)
MUL_MAT f32 m=64 n=96 k=64: 1 x 3.12 us = 3.12 us (250.092 GFLOPS/s)
MUL_MAT_ADD MUL_MAT_VEC q6_K m=5120 n=1 k=17408: 1 x 130.04 us = 130.04 us (1370.75 GFLOPS/s)
MUL_MAT_ADD MUL_MAT_VEC q6_K m=5120 n=1 k=6144: 1 x 53.76 us = 53.76 us (1170.19 GFLOPS/s)
MUL_MAT_VEC f32 m=256 n=4 k=256: 1 x 2.96 us = 2.96 us (176.778 GFLOPS/s)
MUL_MAT_VEC q6_K m=1024 n=1 k=5120: 2 x 9.22 us = 18.44 us (1137.17 GFLOPS/s)
MUL_MAT_VEC q6_K m=12288 n=1 k=5120: 1 x 90.36 us = 90.36 us (1392.4 GFLOPS/s)
MUL_MAT_VEC q6_K m=17408 n=1 k=5120: 2 x 117.78 us = 235.56 us (1513.33 GFLOPS/s)
MUL_MAT_VEC q6_K m=98304 n=1 k=5120: 1 x 666.97 us = 666.97 us (1509.12 GFLOPS/s)
MUL_MAT_VEC q8_0 m=5120 n=1 k=10240: 1 x 91.72 us = 91.72 us (1143.18 GFLOPS/s)
PAD: 1 x 6.28 us = 6.28 us
RMS_NORM_MUL RMS_NORM(256,24,1,1): 1 x 3.16 us = 3.16 us
RMS_NORM_MUL RMS_NORM(256,4,1,1): 1 x 4.8 us = 4.8 us
RMS_NORM_MUL RMS_NORM(5120,1,1,1): 5 x 4.352 us = 21.76 us
ROPE: 2 x 3.28 us = 6.56 us
SET_ROWS: 2 x 2.58 us = 5.16 us
SIGMOID_MUL SIGMOID: 1 x 1.56 us = 1.56 us
TOP_K K=10 (98304,1,1,1): 1 x 8.8 us = 8.8 us
Total time: 1386.13 us.
----------------
Vulkan Timings:
CONCAT: 1 x 3.92 us = 3.92 us
CONT: 1 x 3.6 us = 3.6 us
FLASH_ATTN_EXT dst(256,24,1,1),  q(256,1,24,1),  k(256,256,4,1),  v(256,256,4,1),  m(256,1,1,1): 1 x 12.56 us = 12.56 us (500.912 GFLOPS/s)
GET_ROWS: 2 x 4.18 us = 8.36 us
GLU: 1 x 1.76 us = 1.76 us
MUL_MAT f32 m=256 n=24 k=256: 1 x 1.6 us = 1.6 us (1962.24 GFLOPS/s)
MUL_MAT f32 m=64 n=16 k=64: 1 x 3.52 us = 3.52 us (36.9455 GFLOPS/s)
MUL_MAT f32 m=64 n=96 k=64: 1 x 3.56 us = 3.56 us (219.182 GFLOPS/s)
MUL_MAT_ADD MUL_MAT_VEC q6_K m=5120 n=1 k=17408: 1 x 122.88 us = 122.88 us (1450.62 GFLOPS/s)
MUL_MAT_ADD MUL_MAT_VEC q6_K m=5120 n=1 k=6144: 1 x 53.56 us = 53.56 us (1174.56 GFLOPS/s)
MUL_MAT_VEC f32 m=256 n=4 k=256: 1 x 3 us = 3 us (174.421 GFLOPS/s)
MUL_MAT_VEC q6_K m=1024 n=1 k=5120: 2 x 8.98 us = 17.96 us (1167.57 GFLOPS/s)
MUL_MAT_VEC q6_K m=12288 n=1 k=5120: 1 x 85.4 us = 85.4 us (1473.27 GFLOPS/s)
MUL_MAT_VEC q6_K m=17408 n=1 k=5120: 2 x 121.36 us = 242.72 us (1468.69 GFLOPS/s)
MUL_MAT_VEC q6_K m=98304 n=1 k=5120: 1 x 667.72 us = 667.72 us (1507.42 GFLOPS/s)
MUL_MAT_VEC q8_0 m=5120 n=1 k=10240: 1 x 101.44 us = 101.44 us (1033.64 GFLOPS/s)
PAD: 1 x 6.24 us = 6.24 us
RMS_NORM_MUL RMS_NORM(256,24,1,1): 1 x 3.52 us = 3.52 us
RMS_NORM_MUL RMS_NORM(256,4,1,1): 1 x 3.56 us = 3.56 us
RMS_NORM_MUL RMS_NORM(5120,1,1,1): 5 x 3.696 us = 18.48 us
ROPE: 2 x 3.5 us = 7 us
SET_ROWS: 2 x 2.62 us = 5.24 us
SIGMOID_MUL SIGMOID: 1 x 1.68 us = 1.68 us
TOP_K K=10 (98304,1,1,1): 1 x 8.68 us = 8.68 us
Total time: 1387.96 us.
----------------
Vulkan Timings:
CONCAT: 1 x 3.76 us = 3.76 us
CONT: 1 x 3.52 us = 3.52 us
FLASH_ATTN_EXT dst(256,24,1,1),  q(256,1,24,1),  k(256,256,4,1),  v(256,256,4,1),  m(256,1,1,1): 1 x 12.72 us = 12.72 us (494.611 GFLOPS/s)
GET_ROWS: 2 x 4.14 us = 8.28 us
GLU: 1 x 1.8 us = 1.8 us
MUL_MAT f32 m=256 n=24 k=256: 1 x 1.64 us = 1.64 us (1914.38 GFLOPS/s)
MUL_MAT f32 m=64 n=16 k=64: 1 x 3.56 us = 3.56 us (36.5303 GFLOPS/s)
MUL_MAT f32 m=64 n=96 k=64: 1 x 3.52 us = 3.52 us (221.673 GFLOPS/s)
MUL_MAT_ADD MUL_MAT_VEC q6_K m=5120 n=1 k=17408: 1 x 122.96 us = 122.96 us (1449.68 GFLOPS/s)
MUL_MAT_ADD MUL_MAT_VEC q6_K m=5120 n=1 k=6144: 1 x 53.32 us = 53.32 us (1179.85 GFLOPS/s)
MUL_MAT_VEC f32 m=256 n=4 k=256: 1 x 2.96 us = 2.96 us (176.778 GFLOPS/s)
MUL_MAT_VEC q6_K m=1024 n=1 k=5120: 2 x 9.06 us = 18.12 us (1157.26 GFLOPS/s)
MUL_MAT_VEC q6_K m=12288 n=1 k=5120: 1 x 85.68 us = 85.68 us (1468.45 GFLOPS/s)
MUL_MAT_VEC q6_K m=17408 n=1 k=5120: 2 x 121.14 us = 242.28 us (1471.36 GFLOPS/s)
MUL_MAT_VEC q6_K m=98304 n=1 k=5120: 1 x 671.41 us = 671.41 us (1499.14 GFLOPS/s)
MUL_MAT_VEC q8_0 m=5120 n=1 k=10240: 1 x 100.84 us = 100.84 us (1039.79 GFLOPS/s)
PAD: 1 x 6.28 us = 6.28 us
RMS_NORM_MUL RMS_NORM(256,24,1,1): 1 x 3.52 us = 3.52 us
RMS_NORM_MUL RMS_NORM(256,4,1,1): 1 x 3.52 us = 3.52 us
RMS_NORM_MUL RMS_NORM(5120,1,1,1): 5 x 3.664 us = 18.32 us
ROPE: 2 x 3.54 us = 7.08 us
SET_ROWS: 2 x 2.6 us = 5.2 us
SIGMOID_MUL SIGMOID: 1 x 1.64 us = 1.64 us
TOP_K K=10 (98304,1,1,1): 1 x 8.52 us = 8.52 us
Total time: 1390.45 us.
----------------
Vulkan Timings:
CONCAT: 1 x 3.64 us = 3.64 us
CONT: 1 x 3.56 us = 3.56 us
FLASH_ATTN_EXT dst(256,24,1,1),  q(256,1,24,1),  k(256,256,4,1),  v(256,256,4,1),  m(256,1,1,1): 1 x 12.68 us = 12.68 us (496.172 GFLOPS/s)
GET_ROWS: 2 x 4.24 us = 8.48 us
GLU: 1 x 1.68 us = 1.68 us
MUL_MAT f32 m=256 n=24 k=256: 1 x 1.6 us = 1.6 us (1962.24 GFLOPS/s)
MUL_MAT f32 m=64 n=16 k=64: 1 x 3.6 us = 3.6 us (36.1244 GFLOPS/s)
MUL_MAT f32 m=64 n=96 k=64: 1 x 3.56 us = 3.56 us (219.182 GFLOPS/s)
MUL_MAT_ADD MUL_MAT_VEC q6_K m=5120 n=1 k=17408: 1 x 124.16 us = 124.16 us (1435.67 GFLOPS/s)
MUL_MAT_ADD MUL_MAT_VEC q6_K m=5120 n=1 k=6144: 1 x 54.56 us = 54.56 us (1153.03 GFLOPS/s)
MUL_MAT_VEC f32 m=256 n=4 k=256: 1 x 2.96 us = 2.96 us (176.778 GFLOPS/s)
MUL_MAT_VEC q6_K m=1024 n=1 k=5120: 2 x 9.2 us = 18.4 us (1139.65 GFLOPS/s)
MUL_MAT_VEC q6_K m=12288 n=1 k=5120: 1 x 85.28 us = 85.28 us (1475.34 GFLOPS/s)
MUL_MAT_VEC q6_K m=17408 n=1 k=5120: 2 x 121.06 us = 242.12 us (1472.33 GFLOPS/s)
MUL_MAT_VEC q6_K m=98304 n=1 k=5120: 1 x 669.43 us = 669.43 us (1503.57 GFLOPS/s)
MUL_MAT_VEC q8_0 m=5120 n=1 k=10240: 1 x 100.52 us = 100.52 us (1043.1 GFLOPS/s)
PAD: 1 x 6.2 us = 6.2 us
RMS_NORM_MUL RMS_NORM(256,24,1,1): 1 x 3.6 us = 3.6 us
RMS_NORM_MUL RMS_NORM(256,4,1,1): 1 x 3.52 us = 3.52 us
RMS_NORM_MUL RMS_NORM(5120,1,1,1): 5 x 3.688 us = 18.44 us
ROPE: 2 x 3.5 us = 7 us
SET_ROWS: 2 x 2.58 us = 5.16 us
SIGMOID_MUL SIGMOID: 1 x 1.64 us = 1.64 us
TOP_K K=10 (98304,1,1,1): 1 x 8.88 us = 8.88 us
Total time: 1390.67 us.
----------------
Vulkan Timings:
ADD: 48 x 3.672 us = 176.28 us
CONCAT: 48 x 2.479 us = 119 us
CONT: 16 x 3.725 us = 59.6 us
CPY: 240 x 2.133 us = 512.12 us
FLASH_ATTN_EXT dst(256,24,5,1),  q(256,5,24,1),  k(256,256,4,1),  v(256,256,4,1),  m(256,5,1,1): 16 x 20.442 us = 327.08 us (1538.82 GFLOPS/s)
GDN_CACHE GATED_DELTA_NET: 48 x 13.265 us = 636.72 us
GET_ROWS: 50 x 24.469 us = 1223.48 us
GLU: 64 x 2.905 us = 185.92 us
MUL_MAT f32 m=256 n=120 k=256: 16 x 1.782 us = 28.52 us (8806.69 GFLOPS/s)
MUL_MAT f32 m=256 n=20 k=256: 16 x 3.022 us = 48.36 us (865.615 GFLOPS/s)
MUL_MAT f32 m=64 n=480 k=64: 16 x 3.535 us = 56.56 us (1103.66 GFLOPS/s)
MUL_MAT f32 m=64 n=80 k=64: 16 x 3.21 us = 51.36 us (202.567 GFLOPS/s)
MUL_MAT_ADD MUL_MAT_VEC q6_K m=5120 n=5 k=17408: 64 x 137.778 us = 8817.8 us (6468.84 GFLOPS/s)
MUL_MAT_ADD MUL_MAT_VEC q6_K m=5120 n=5 k=6144: 16 x 59.022 us = 944.36 us (5329.28 GFLOPS/s)
MUL_MAT_VEC f32 m=48 n=5 k=5120: 96 x 3.446 us = 330.88 us (712.967 GFLOPS/s)
MUL_MAT_VEC q6_K m=1024 n=5 k=5120: 32 x 6.878 us = 220.12 us (7621.11 GFLOPS/s)
MUL_MAT_VEC q6_K m=10240 n=5 k=5120: 48 x 79.419 us = 3812.12 us (6600.89 GFLOPS/s)
MUL_MAT_VEC q6_K m=12288 n=5 k=5120: 16 x 98.347 us = 1573.56 us (6396.54 GFLOPS/s)
MUL_MAT_VEC q6_K m=17408 n=5 k=5120: 128 x 138.271 us = 17698.8 us (6445.31 GFLOPS/s)
MUL_MAT_VEC q6_K m=248320 n=5 k=5120: 1 x 1685.72 us = 1685.72 us (7541.43 GFLOPS/s)
MUL_MAT_VEC q6_K m=6144 n=5 k=5120: 48 x 53.26 us = 2556.48 us (5905.78 GFLOPS/s)
MUL_MAT_VEC q8_0 m=5120 n=5 k=6144: 48 x 63.057 us = 3026.76 us (4988.26 GFLOPS/s)
RMS_NORM_MUL RMS_NORM(256,24,5,1): 16 x 3.757 us = 60.12 us
RMS_NORM_MUL RMS_NORM(256,4,5,1): 16 x 4.295 us = 68.72 us
RMS_NORM_MUL RMS_NORM(5120,5,1,1): 129 x 4.504 us = 581.04 us
RMS_NORM_MUL_SILU_MUL RMS_NORM(128,48,5,1): 48 x 5.51 us = 264.52 us
RMS_NORM_SCALE RMS_NORM(128,16,5,1): 96 x 2.585 us = 248.24 us
ROPE: 32 x 3.756 us = 120.2 us
SET_ROWS: 32 x 2.876 us = 92.04 us
SIGMOID_MUL SIGMOID: 16 x 3.59 us = 57.44 us
SSM_CONV_SILU SSM_CONV: 48 x 5.556 us = 266.72 us
Total time: 45850.6 us.
----------------
Vulkan Timings:
CONCAT: 1 x 3.92 us = 3.92 us
CONT: 1 x 3.64 us = 3.64 us
FLASH_ATTN_EXT dst(256,24,5,1),  q(256,5,24,1),  k(256,256,4,1),  v(256,256,4,1),  m(256,5,1,1): 1 x 20.28 us = 20.28 us (1551.15 GFLOPS/s)
GLU: 1 x 1.48 us = 1.48 us
MUL_MAT f32 m=256 n=120 k=256: 1 x 1.68 us = 1.68 us (9344 GFLOPS/s)
MUL_MAT f32 m=256 n=20 k=256: 1 x 2.96 us = 2.96 us (883.892 GFLOPS/s)
MUL_MAT f32 m=64 n=480 k=64: 1 x 3.6 us = 3.6 us (1083.73 GFLOPS/s)
MUL_MAT f32 m=64 n=80 k=64: 1 x 3.52 us = 3.52 us (184.727 GFLOPS/s)
MUL_MAT_ADD MUL_MAT_VEC q6_K m=5120 n=5 k=17408: 1 x 165.99 us = 165.99 us (5369.38 GFLOPS/s)
MUL_MAT_ADD MUL_MAT_VEC q6_K m=5120 n=5 k=6144: 1 x 67 us = 67 us (4694.73 GFLOPS/s)
MUL_MAT_VEC q6_K m=1024 n=5 k=5120: 2 x 8.72 us = 17.44 us (6011.89 GFLOPS/s)
MUL_MAT_VEC q6_K m=12288 n=5 k=5120: 1 x 123.57 us = 123.57 us (5090.91 GFLOPS/s)
MUL_MAT_VEC q6_K m=17408 n=5 k=5120: 2 x 131.06 us = 262.12 us (6799.96 GFLOPS/s)
MUL_MAT_VEC q8_0 m=5120 n=5 k=10240: 1 x 104.2 us = 104.2 us (5031.31 GFLOPS/s)
RMS_NORM_MUL RMS_NORM(256,24,5,1): 1 x 5.64 us = 5.64 us
RMS_NORM_MUL RMS_NORM(256,4,5,1): 1 x 3.52 us = 3.52 us
RMS_NORM_MUL RMS_NORM(5120,5,1,1): 5 x 7.518 us = 37.59 us
ROPE: 2 x 3.56 us = 7.12 us
SET_ROWS: 2 x 2.64 us = 5.28 us
SIGMOID_MUL SIGMOID: 1 x 1.72 us = 1.72 us
Total time: 842.27 us.
----------------
Vulkan Timings:
CONCAT: 1 x 3.64 us = 3.64 us
CONT: 1 x 3.44 us = 3.44 us
FLASH_ATTN_EXT dst(256,24,1,1),  q(256,1,24,1),  k(256,256,4,1),  v(256,256,4,1),  m(256,1,1,1): 1 x 12.36 us = 12.36 us (509.017 GFLOPS/s)
GET_ROWS: 2 x 4.36 us = 8.72 us
GLU: 1 x 1.52 us = 1.52 us
MUL_MAT f32 m=256 n=24 k=256: 1 x 1.48 us = 1.48 us (2121.34 GFLOPS/s)
MUL_MAT f32 m=64 n=16 k=64: 1 x 1.76 us = 1.76 us (73.8909 GFLOPS/s)
MUL_MAT f32 m=64 n=96 k=64: 1 x 3.16 us = 3.16 us (246.927 GFLOPS/s)
MUL_MAT_ADD MUL_MAT_VEC q6_K m=5120 n=1 k=17408: 1 x 130.72 us = 130.72 us (1363.62 GFLOPS/s)
MUL_MAT_ADD MUL_MAT_VEC q6_K m=5120 n=1 k=6144: 1 x 53.64 us = 53.64 us (1172.81 GFLOPS/s)
MUL_MAT_VEC f32 m=256 n=4 k=256: 1 x 3 us = 3 us (174.421 GFLOPS/s)
MUL_MAT_VEC q6_K m=1024 n=1 k=5120: 2 x 9.34 us = 18.68 us (1122.56 GFLOPS/s)
MUL_MAT_VEC q6_K m=12288 n=1 k=5120: 1 x 89.64 us = 89.64 us (1403.58 GFLOPS/s)
MUL_MAT_VEC q6_K m=17408 n=1 k=5120: 2 x 118.2 us = 236.4 us (1507.96 GFLOPS/s)
MUL_MAT_VEC q6_K m=98304 n=1 k=5120: 1 x 672.67 us = 672.67 us (1496.33 GFLOPS/s)
MUL_MAT_VEC q8_0 m=5120 n=1 k=10240: 1 x 93 us = 93 us (1127.45 GFLOPS/s)
PAD: 1 x 6.24 us = 6.24 us
RMS_NORM_MUL RMS_NORM(256,24,1,1): 1 x 3.12 us = 3.12 us
RMS_NORM_MUL RMS_NORM(256,4,1,1): 1 x 4.76 us = 4.76 us
RMS_NORM_MUL RMS_NORM(5120,1,1,1): 5 x 3.992 us = 19.96 us
ROPE: 2 x 3.26 us = 6.52 us
SET_ROWS: 2 x 2.54 us = 5.08 us
SIGMOID_MUL SIGMOID: 1 x 1.56 us = 1.56 us
TOP_K K=10 (98304,1,1,1): 1 x 8.72 us = 8.72 us
Total time: 1389.79 us.
----------------
Vulkan Timings:
CONCAT: 1 x 4 us = 4 us
CONT: 1 x 3.56 us = 3.56 us
FLASH_ATTN_EXT dst(256,24,1,1),  q(256,1,24,1),  k(256,256,4,1),  v(256,256,4,1),  m(256,1,1,1): 1 x 12.72 us = 12.72 us (494.611 GFLOPS/s)
GET_ROWS: 2 x 4.34 us = 8.68 us
GLU: 1 x 1.92 us = 1.92 us
MUL_MAT f32 m=256 n=24 k=256: 1 x 1.68 us = 1.68 us (1868.8 GFLOPS/s)
MUL_MAT f32 m=64 n=16 k=64: 1 x 3.6 us = 3.6 us (36.1244 GFLOPS/s)
MUL_MAT f32 m=64 n=96 k=64: 1 x 3.56 us = 3.56 us (219.182 GFLOPS/s)
MUL_MAT_ADD MUL_MAT_VEC q6_K m=5120 n=1 k=17408: 1 x 122.76 us = 122.76 us (1452.04 GFLOPS/s)
MUL_MAT_ADD MUL_MAT_VEC q6_K m=5120 n=1 k=6144: 1 x 53.52 us = 53.52 us (1175.44 GFLOPS/s)
MUL_MAT_VEC f32 m=256 n=4 k=256: 1 x 3 us = 3 us (174.421 GFLOPS/s)
MUL_MAT_VEC q6_K m=1024 n=1 k=5120: 2 x 9 us = 18 us (1164.97 GFLOPS/s)
MUL_MAT_VEC q6_K m=12288 n=1 k=5120: 1 x 85.52 us = 85.52 us (1471.2 GFLOPS/s)
MUL_MAT_VEC q6_K m=17408 n=1 k=5120: 2 x 121.2 us = 242.4 us (1470.63 GFLOPS/s)
MUL_MAT_VEC q6_K m=98304 n=1 k=5120: 1 x 671.72 us = 671.72 us (1498.44 GFLOPS/s)
MUL_MAT_VEC q8_0 m=5120 n=1 k=10240: 1 x 101.12 us = 101.12 us (1036.91 GFLOPS/s)
PAD: 1 x 6.36 us = 6.36 us
RMS_NORM_MUL RMS_NORM(256,24,1,1): 1 x 3.52 us = 3.52 us
RMS_NORM_MUL RMS_NORM(256,4,1,1): 1 x 3.56 us = 3.56 us
RMS_NORM_MUL RMS_NORM(5120,1,1,1): 5 x 3.64 us = 18.2 us
ROPE: 2 x 3.56 us = 7.12 us
SET_ROWS: 2 x 2.58 us = 5.16 us
SIGMOID_MUL SIGMOID: 1 x 1.64 us = 1.64 us
TOP_K K=10 (98304,1,1,1): 1 x 8.28 us = 8.28 us
Total time: 1391.6 us.
----------------
Vulkan Timings:
CONCAT: 1 x 3.68 us = 3.68 us
CONT: 1 x 3.56 us = 3.56 us
FLASH_ATTN_EXT dst(256,24,1,1),  q(256,1,24,1),  k(256,256,4,1),  v(256,256,4,1),  m(256,1,1,1): 1 x 14.2 us = 14.2 us (443.06 GFLOPS/s)
GET_ROWS: 2 x 4.2 us = 8.4 us
GLU: 1 x 1.8 us = 1.8 us
MUL_MAT f32 m=256 n=24 k=256: 1 x 2.16 us = 2.16 us (1453.51 GFLOPS/s)
MUL_MAT f32 m=64 n=16 k=64: 1 x 3.56 us = 3.56 us (36.5303 GFLOPS/s)
MUL_MAT f32 m=64 n=96 k=64: 1 x 3.56 us = 3.56 us (219.182 GFLOPS/s)
MUL_MAT_ADD MUL_MAT_VEC q6_K m=5120 n=1 k=17408: 1 x 122.84 us = 122.84 us (1451.1 GFLOPS/s)
MUL_MAT_ADD MUL_MAT_VEC q6_K m=5120 n=1 k=6144: 1 x 51.52 us = 51.52 us (1221.07 GFLOPS/s)
MUL_MAT_VEC f32 m=256 n=4 k=256: 1 x 0.76 us = 0.76 us (688.505 GFLOPS/s)
MUL_MAT_VEC q6_K m=1024 n=1 k=5120: 2 x 9.1 us = 18.2 us (1152.17 GFLOPS/s)
MUL_MAT_VEC q6_K m=12288 n=1 k=5120: 1 x 86.04 us = 86.04 us (1462.31 GFLOPS/s)
MUL_MAT_VEC q6_K m=17408 n=1 k=5120: 2 x 121.24 us = 242.48 us (1470.15 GFLOPS/s)
MUL_MAT_VEC q6_K m=98304 n=1 k=5120: 1 x 670.8 us = 670.8 us (1500.5 GFLOPS/s)
MUL_MAT_VEC q8_0 m=5120 n=1 k=10240: 1 x 101.36 us = 101.36 us (1034.46 GFLOPS/s)
PAD: 1 x 6.28 us = 6.28 us
RMS_NORM_MUL RMS_NORM(256,24,1,1): 1 x 3.52 us = 3.52 us
RMS_NORM_MUL RMS_NORM(256,4,1,1): 1 x 3.52 us = 3.52 us
RMS_NORM_MUL RMS_NORM(5120,1,1,1): 5 x 4.184 us = 20.92 us
ROPE: 2 x 3.52 us = 7.04 us
SET_ROWS: 2 x 2.76 us = 5.52 us
SIGMOID_MUL SIGMOID: 1 x 1.68 us = 1.68 us
TOP_K K=10 (98304,1,1,1): 1 x 8.92 us = 8.92 us
Total time: 1392.32 us.
----------------
Vulkan Timings:
CONCAT: 1 x 3.72 us = 3.72 us
CONT: 1 x 3.6 us = 3.6 us
FLASH_ATTN_EXT dst(256,24,1,1),  q(256,1,24,1),  k(256,256,4,1),  v(256,256,4,1),  m(256,1,1,1): 1 x 12.72 us = 12.72 us (494.611 GFLOPS/s)
GET_ROWS: 2 x 6.42 us = 12.84 us
GLU: 1 x 1.88 us = 1.88 us
MUL_MAT f32 m=256 n=24 k=256: 1 x 1.64 us = 1.64 us (1914.38 GFLOPS/s)
MUL_MAT f32 m=64 n=16 k=64: 1 x 3.56 us = 3.56 us (36.5303 GFLOPS/s)
MUL_MAT f32 m=64 n=96 k=64: 1 x 3.52 us = 3.52 us (221.673 GFLOPS/s)
MUL_MAT_ADD MUL_MAT_VEC q6_K m=5120 n=1 k=17408: 1 x 123.04 us = 123.04 us (1448.74 GFLOPS/s)
MUL_MAT_ADD MUL_MAT_VEC q6_K m=5120 n=1 k=6144: 1 x 53.56 us = 53.56 us (1174.56 GFLOPS/s)
MUL_MAT_VEC f32 m=256 n=4 k=256: 1 x 2.96 us = 2.96 us (176.778 GFLOPS/s)
MUL_MAT_VEC q6_K m=1024 n=1 k=5120: 2 x 9.1 us = 18.2 us (1152.17 GFLOPS/s)
MUL_MAT_VEC q6_K m=12288 n=1 k=5120: 1 x 85.4 us = 85.4 us (1473.27 GFLOPS/s)
MUL_MAT_VEC q6_K m=17408 n=1 k=5120: 2 x 121.16 us = 242.32 us (1471.12 GFLOPS/s)
MUL_MAT_VEC q6_K m=98304 n=1 k=5120: 1 x 669.34 us = 669.34 us (1503.77 GFLOPS/s)
MUL_MAT_VEC q8_0 m=5120 n=1 k=10240: 1 x 101.68 us = 101.68 us (1031.2 GFLOPS/s)
PAD: 1 x 4.84 us = 4.84 us
RMS_NORM_MUL RMS_NORM(256,24,1,1): 1 x 3.56 us = 3.56 us
RMS_NORM_MUL RMS_NORM(256,4,1,1): 1 x 3.52 us = 3.52 us
RMS_NORM_MUL RMS_NORM(5120,1,1,1): 5 x 3.648 us = 18.24 us
ROPE: 2 x 3.48 us = 6.96 us
SET_ROWS: 2 x 2.62 us = 5.24 us
SIGMOID_MUL SIGMOID: 1 x 1.68 us = 1.68 us
TOP_K K=10 (98304,1,1,1): 1 x 8.44 us = 8.44 us
Total time: 1392.46 us.
----------------
Vulkan Timings:
ADD: 48 x 3.666 us = 176 us
CONCAT: 48 x 2.378 us = 114.16 us
CONT: 16 x 3.715 us = 59.44 us
CPY: 240 x 2.163 us = 519.2 us
FLASH_ATTN_EXT dst(256,24,5,1),  q(256,5,24,1),  k(256,256,4,1),  v(256,256,4,1),  m(256,5,1,1): 16 x 20.84 us = 333.44 us (1509.47 GFLOPS/s)
GDN_CACHE GATED_DELTA_NET: 48 x 13.34 us = 640.36 us
GET_ROWS: 50 x 24.3 us = 1215 us
GLU: 64 x 2.876 us = 184.08 us
MUL_MAT f32 m=256 n=120 k=256: 16 x 1.782 us = 28.52 us (8806.69 GFLOPS/s)
MUL_MAT f32 m=256 n=20 k=256: 16 x 3.022 us = 48.36 us (865.615 GFLOPS/s)
MUL_MAT f32 m=64 n=480 k=64: 16 x 3.53 us = 56.48 us (1105.22 GFLOPS/s)
MUL_MAT f32 m=64 n=80 k=64: 16 x 3.19 us = 51.04 us (203.837 GFLOPS/s)
MUL_MAT_ADD MUL_MAT_VEC q6_K m=5120 n=5 k=17408: 64 x 137.785 us = 8818.24 us (6468.51 GFLOPS/s)
MUL_MAT_ADD MUL_MAT_VEC q6_K m=5120 n=5 k=6144: 16 x 59.372 us = 949.96 us (5297.86 GFLOPS/s)
MUL_MAT_VEC f32 m=48 n=5 k=5120: 96 x 3.373 us = 323.88 us (728.376 GFLOPS/s)
MUL_MAT_VEC q6_K m=1024 n=5 k=5120: 32 x 6.991 us = 223.72 us (7498.47 GFLOPS/s)
MUL_MAT_VEC q6_K m=10240 n=5 k=5120: 48 x 79.712 us = 3826.2 us (6576.59 GFLOPS/s)
MUL_MAT_VEC q6_K m=12288 n=5 k=5120: 16 x 98.597 us = 1577.56 us (6380.33 GFLOPS/s)
MUL_MAT_VEC q6_K m=17408 n=5 k=5120: 128 x 138.215 us = 17691.5 us (6447.94 GFLOPS/s)
MUL_MAT_VEC q6_K m=248320 n=5 k=5120: 1 x 1686.6 us = 1686.6 us (7537.5 GFLOPS/s)
MUL_MAT_VEC q6_K m=6144 n=5 k=5120: 48 x 53.078 us = 2547.76 us (5926 GFLOPS/s)
MUL_MAT_VEC q8_0 m=5120 n=5 k=6144: 48 x 62.907 us = 3019.56 us (5000.15 GFLOPS/s)
RMS_NORM_MUL RMS_NORM(256,24,5,1): 16 x 3.607 us = 57.72 us
RMS_NORM_MUL RMS_NORM(256,4,5,1): 16 x 4.28 us = 68.48 us
RMS_NORM_MUL RMS_NORM(5120,5,1,1): 129 x 4.488 us = 579.04 us
RMS_NORM_MUL_SILU_MUL RMS_NORM(128,48,5,1): 48 x 5.497 us = 263.88 us
RMS_NORM_SCALE RMS_NORM(128,16,5,1): 96 x 2.601 us = 249.72 us
ROPE: 32 x 3.733 us = 119.48 us
SET_ROWS: 32 x 2.718 us = 87 us
SIGMOID_MUL SIGMOID: 16 x 3.577 us = 57.24 us
SSM_CONV_SILU SSM_CONV: 48 x 5.545 us = 266.2 us
Total time: 45839.8 us.
----------------
Vulkan Timings:
CONCAT: 1 x 3.92 us = 3.92 us
CONT: 1 x 3.6 us = 3.6 us
FLASH_ATTN_EXT dst(256,24,5,1),  q(256,5,24,1),  k(256,256,4,1),  v(256,256,4,1),  m(256,5,1,1): 1 x 22.6 us = 22.6 us (1391.92 GFLOPS/s)
GLU: 1 x 1.68 us = 1.68 us
MUL_MAT f32 m=256 n=120 k=256: 1 x 1.72 us = 1.72 us (9126.7 GFLOPS/s)
MUL_MAT f32 m=256 n=20 k=256: 1 x 2.96 us = 2.96 us (883.892 GFLOPS/s)
MUL_MAT f32 m=64 n=480 k=64: 1 x 3.56 us = 3.56 us (1095.91 GFLOPS/s)
MUL_MAT f32 m=64 n=80 k=64: 1 x 3.56 us = 3.56 us (182.652 GFLOPS/s)
MUL_MAT_ADD MUL_MAT_VEC q6_K m=5120 n=5 k=17408: 1 x 173.68 us = 173.68 us (5131.64 GFLOPS/s)
MUL_MAT_ADD MUL_MAT_VEC q6_K m=5120 n=5 k=6144: 1 x 66.96 us = 66.96 us (4697.54 GFLOPS/s)
MUL_MAT_VEC q6_K m=1024 n=5 k=5120: 2 x 9.44 us = 18.88 us (5553.36 GFLOPS/s)
MUL_MAT_VEC q6_K m=12288 n=5 k=5120: 1 x 122.97 us = 122.97 us (5115.75 GFLOPS/s)
MUL_MAT_VEC q6_K m=17408 n=5 k=5120: 2 x 131.86 us = 263.72 us (6758.7 GFLOPS/s)
MUL_MAT_VEC q8_0 m=5120 n=5 k=10240: 1 x 106.8 us = 106.8 us (4908.82 GFLOPS/s)
RMS_NORM_MUL RMS_NORM(256,24,5,1): 1 x 3.76 us = 3.76 us
RMS_NORM_MUL RMS_NORM(256,4,5,1): 1 x 3.6 us = 3.6 us
RMS_NORM_MUL RMS_NORM(5120,5,1,1): 5 x 7.442 us = 37.21 us
ROPE: 2 x 3.6 us = 7.2 us
SET_ROWS: 2 x 1.8 us = 3.6 us
SIGMOID_MUL SIGMOID: 1 x 1.64 us = 1.64 us
Total time: 853.62 us.
----------------
Vulkan Timings:
CONCAT: 1 x 3.64 us = 3.64 us
CONT: 1 x 3.4 us = 3.4 us
FLASH_ATTN_EXT dst(256,24,1,1),  q(256,1,24,1),  k(256,256,4,1),  v(256,256,4,1),  m(256,1,1,1): 1 x 15.16 us = 15.16 us (415.004 GFLOPS/s)
GET_ROWS: 2 x 4.2 us = 8.4 us
GLU: 1 x 1.6 us = 1.6 us
MUL_MAT f32 m=256 n=24 k=256: 1 x 1.52 us = 1.52 us (2065.52 GFLOPS/s)
MUL_MAT f32 m=64 n=16 k=64: 1 x 1.8 us = 1.8 us (72.2489 GFLOPS/s)
MUL_MAT f32 m=64 n=96 k=64: 1 x 3.16 us = 3.16 us (246.927 GFLOPS/s)
MUL_MAT_ADD MUL_MAT_VEC q6_K m=5120 n=1 k=17408: 1 x 131.12 us = 131.12 us (1359.46 GFLOPS/s)
MUL_MAT_ADD MUL_MAT_VEC q6_K m=5120 n=1 k=6144: 1 x 53.44 us = 53.44 us (1177.2 GFLOPS/s)
MUL_MAT_VEC f32 m=256 n=4 k=256: 1 x 2.96 us = 2.96 us (176.778 GFLOPS/s)
MUL_MAT_VEC q6_K m=1024 n=1 k=5120: 2 x 9.28 us = 18.56 us (1129.82 GFLOPS/s)
MUL_MAT_VEC q6_K m=12288 n=1 k=5120: 1 x 89.72 us = 89.72 us (1402.33 GFLOPS/s)
MUL_MAT_VEC q6_K m=17408 n=1 k=5120: 2 x 118.02 us = 236.04 us (1510.26 GFLOPS/s)
MUL_MAT_VEC q6_K m=98304 n=1 k=5120: 1 x 671.87 us = 671.87 us (1498.11 GFLOPS/s)
MUL_MAT_VEC q8_0 m=5120 n=1 k=10240: 1 x 91.48 us = 91.48 us (1146.18 GFLOPS/s)
PAD: 1 x 6.28 us = 6.28 us
RMS_NORM_MUL RMS_NORM(256,24,1,1): 1 x 3.16 us = 3.16 us
RMS_NORM_MUL RMS_NORM(256,4,1,1): 1 x 4.8 us = 4.8 us
RMS_NORM_MUL RMS_NORM(5120,1,1,1): 5 x 4.304 us = 21.52 us
ROPE: 2 x 3.26 us = 6.52 us
SET_ROWS: 2 x 1.78 us = 3.56 us
SIGMOID_MUL SIGMOID: 1 x 1.48 us = 1.48 us
TOP_K K=10 (98304,1,1,1): 1 x 8.48 us = 8.48 us
Total time: 1389.67 us.
----------------
Vulkan Timings:
CONCAT: 1 x 3.68 us = 3.68 us
CONT: 1 x 3.56 us = 3.56 us
FLASH_ATTN_EXT dst(256,24,1,1),  q(256,1,24,1),  k(256,256,4,1),  v(256,256,4,1),  m(256,1,1,1): 1 x 12.6 us = 12.6 us (499.322 GFLOPS/s)
GET_ROWS: 2 x 4.1 us = 8.2 us
GLU: 1 x 1.72 us = 1.72 us
MUL_MAT f32 m=256 n=24 k=256: 1 x 1.64 us = 1.64 us (1914.38 GFLOPS/s)
MUL_MAT f32 m=64 n=16 k=64: 1 x 3.56 us = 3.56 us (36.5303 GFLOPS/s)
MUL_MAT f32 m=64 n=96 k=64: 1 x 3.52 us = 3.52 us (221.673 GFLOPS/s)
MUL_MAT_ADD MUL_MAT_VEC q6_K m=5120 n=1 k=17408: 1 x 123.16 us = 123.16 us (1447.33 GFLOPS/s)
MUL_MAT_ADD MUL_MAT_VEC q6_K m=5120 n=1 k=6144: 1 x 53.28 us = 53.28 us (1180.73 GFLOPS/s)
MUL_MAT_VEC f32 m=256 n=4 k=256: 1 x 2.96 us = 2.96 us (176.778 GFLOPS/s)
MUL_MAT_VEC q6_K m=1024 n=1 k=5120: 2 x 9.14 us = 18.28 us (1147.13 GFLOPS/s)
MUL_MAT_VEC q6_K m=12288 n=1 k=5120: 1 x 85.52 us = 85.52 us (1471.2 GFLOPS/s)
MUL_MAT_VEC q6_K m=17408 n=1 k=5120: 2 x 121.2 us = 242.4 us (1470.63 GFLOPS/s)
MUL_MAT_VEC q6_K m=98304 n=1 k=5120: 1 x 668.28 us = 668.28 us (1506.16 GFLOPS/s)
MUL_MAT_VEC q8_0 m=5120 n=1 k=10240: 1 x 101.28 us = 101.28 us (1035.27 GFLOPS/s)
PAD: 1 x 6.28 us = 6.28 us
RMS_NORM_MUL RMS_NORM(256,24,1,1): 1 x 3.6 us = 3.6 us
RMS_NORM_MUL RMS_NORM(256,4,1,1): 1 x 3.52 us = 3.52 us
RMS_NORM_MUL RMS_NORM(5120,1,1,1): 5 x 3.664 us = 18.32 us
ROPE: 2 x 3.56 us = 7.12 us
SET_ROWS: 2 x 2.6 us = 5.2 us
SIGMOID_MUL SIGMOID: 1 x 1.68 us = 1.68 us
TOP_K K=10 (98304,1,1,1): 1 x 8.52 us = 8.52 us
Total time: 1387.88 us.
----------------
Vulkan Timings:
CONCAT: 1 x 3.68 us = 3.68 us
CONT: 1 x 3.56 us = 3.56 us
FLASH_ATTN_EXT dst(256,24,1,1),  q(256,1,24,1),  k(256,256,4,1),  v(256,256,4,1),  m(256,1,1,1): 1 x 12.72 us = 12.72 us (494.611 GFLOPS/s)
GET_ROWS: 2 x 4.22 us = 8.44 us
GLU: 1 x 1.88 us = 1.88 us
MUL_MAT f32 m=256 n=24 k=256: 1 x 1.64 us = 1.64 us (1914.38 GFLOPS/s)
MUL_MAT f32 m=64 n=16 k=64: 1 x 3.56 us = 3.56 us (36.5303 GFLOPS/s)
MUL_MAT f32 m=64 n=96 k=64: 1 x 3.56 us = 3.56 us (219.182 GFLOPS/s)
MUL_MAT_ADD MUL_MAT_VEC q6_K m=5120 n=1 k=17408: 1 x 123.36 us = 123.36 us (1444.98 GFLOPS/s)
MUL_MAT_ADD MUL_MAT_VEC q6_K m=5120 n=1 k=6144: 1 x 54.32 us = 54.32 us (1158.13 GFLOPS/s)
MUL_MAT_VEC f32 m=256 n=4 k=256: 1 x 2.96 us = 2.96 us (176.778 GFLOPS/s)
MUL_MAT_VEC q6_K m=1024 n=1 k=5120: 2 x 9.08 us = 18.16 us (1154.71 GFLOPS/s)
MUL_MAT_VEC q6_K m=12288 n=1 k=5120: 1 x 85.12 us = 85.12 us (1478.11 GFLOPS/s)
MUL_MAT_VEC q6_K m=17408 n=1 k=5120: 2 x 120.96 us = 241.92 us (1473.55 GFLOPS/s)
MUL_MAT_VEC q6_K m=98304 n=1 k=5120: 1 x 670.64 us = 670.64 us (1500.86 GFLOPS/s)
MUL_MAT_VEC q8_0 m=5120 n=1 k=10240: 1 x 100.48 us = 100.48 us (1043.52 GFLOPS/s)
PAD: 1 x 6.2 us = 6.2 us
RMS_NORM_MUL RMS_NORM(256,24,1,1): 1 x 3.52 us = 3.52 us
RMS_NORM_MUL RMS_NORM(256,4,1,1): 1 x 3.48 us = 3.48 us
RMS_NORM_MUL RMS_NORM(5120,1,1,1): 5 x 3.704 us = 18.52 us
ROPE: 2 x 3.52 us = 7.04 us
SET_ROWS: 2 x 2.6 us = 5.2 us
SIGMOID_MUL SIGMOID: 1 x 1.88 us = 1.88 us
TOP_K K=10 (98304,1,1,1): 1 x 8.96 us = 8.96 us
Total time: 1390.8 us.
----------------
Vulkan Timings:
CONCAT: 1 x 3.92 us = 3.92 us
CONT: 1 x 3.52 us = 3.52 us
FLASH_ATTN_EXT dst(256,24,1,1),  q(256,1,24,1),  k(256,256,4,1),  v(256,256,4,1),  m(256,1,1,1): 1 x 12.52 us = 12.52 us (502.512 GFLOPS/s)
GET_ROWS: 2 x 4.26 us = 8.52 us
GLU: 1 x 1.88 us = 1.88 us
MUL_MAT f32 m=256 n=24 k=256: 1 x 1.64 us = 1.64 us (1914.38 GFLOPS/s)
MUL_MAT f32 m=64 n=16 k=64: 1 x 3.56 us = 3.56 us (36.5303 GFLOPS/s)
MUL_MAT f32 m=64 n=96 k=64: 1 x 3.48 us = 3.48 us (224.221 GFLOPS/s)
MUL_MAT_ADD MUL_MAT_VEC q6_K m=5120 n=1 k=17408: 1 x 123 us = 123 us (1449.21 GFLOPS/s)
MUL_MAT_ADD MUL_MAT_VEC q6_K m=5120 n=1 k=6144: 1 x 53.52 us = 53.52 us (1175.44 GFLOPS/s)
MUL_MAT_VEC f32 m=256 n=4 k=256: 1 x 2.96 us = 2.96 us (176.778 GFLOPS/s)
MUL_MAT_VEC q6_K m=1024 n=1 k=5120: 2 x 9.18 us = 18.36 us (1142.13 GFLOPS/s)
MUL_MAT_VEC q6_K m=12288 n=1 k=5120: 1 x 85.16 us = 85.16 us (1477.42 GFLOPS/s)
MUL_MAT_VEC q6_K m=17408 n=1 k=5120: 2 x 120.9 us = 241.8 us (1474.28 GFLOPS/s)
MUL_MAT_VEC q6_K m=98304 n=1 k=5120: 1 x 668.94 us = 668.94 us (1504.67 GFLOPS/s)
MUL_MAT_VEC q8_0 m=5120 n=1 k=10240: 1 x 100.84 us = 100.84 us (1039.79 GFLOPS/s)
PAD: 1 x 6.96 us = 6.96 us
RMS_NORM_MUL RMS_NORM(256,24,1,1): 1 x 3.52 us = 3.52 us
RMS_NORM_MUL RMS_NORM(256,4,1,1): 1 x 3.52 us = 3.52 us
RMS_NORM_MUL RMS_NORM(5120,1,1,1): 5 x 3.672 us = 18.36 us
ROPE: 2 x 3.52 us = 7.04 us
SET_ROWS: 2 x 2.6 us = 5.2 us
SIGMOID_MUL SIGMOID: 1 x 1.64 us = 1.64 us
TOP_K K=10 (98304,1,1,1): 1 x 8.76 us = 8.76 us
Total time: 1388.62 us.
----------------
Vulkan Timings:
ADD: 48 x 3.682 us = 176.76 us
CONCAT: 48 x 2.378 us = 114.16 us
CONT: 16 x 3.722 us = 59.56 us
CPY: 240 x 2.176 us = 522.44 us
FLASH_ATTN_EXT dst(256,24,5,1),  q(256,5,24,1),  k(256,256,4,1),  v(256,256,4,1),  m(256,5,1,1): 16 x 20.47 us = 327.52 us (1536.75 GFLOPS/s)
GDN_CACHE GATED_DELTA_NET: 48 x 13.32 us = 639.4 us
GET_ROWS: 50 x 24.434 us = 1221.72 us
GLU: 64 x 2.913 us = 186.44 us
MUL_MAT f32 m=256 n=120 k=256: 16 x 1.775 us = 28.4 us (8843.9 GFLOPS/s)
MUL_MAT f32 m=256 n=20 k=256: 16 x 3.03 us = 48.48 us (863.472 GFLOPS/s)
MUL_MAT f32 m=64 n=480 k=64: 16 x 3.547 us = 56.76 us (1099.77 GFLOPS/s)
MUL_MAT f32 m=64 n=80 k=64: 16 x 3.202 us = 51.24 us (203.041 GFLOPS/s)
MUL_MAT_ADD MUL_MAT_VEC q6_K m=5120 n=5 k=17408: 64 x 137.691 us = 8812.28 us (6472.89 GFLOPS/s)
MUL_MAT_ADD MUL_MAT_VEC q6_K m=5120 n=5 k=6144: 16 x 59.29 us = 948.64 us (5305.23 GFLOPS/s)
MUL_MAT_VEC f32 m=48 n=5 k=5120: 96 x 3.355 us = 322.16 us (732.265 GFLOPS/s)
MUL_MAT_VEC q6_K m=1024 n=5 k=5120: 32 x 6.978 us = 223.32 us (7511.9 GFLOPS/s)
MUL_MAT_VEC q6_K m=10240 n=5 k=5120: 48 x 79.735 us = 3827.32 us (6574.67 GFLOPS/s)
MUL_MAT_VEC q6_K m=12288 n=5 k=5120: 16 x 98.512 us = 1576.2 us (6385.83 GFLOPS/s)
MUL_MAT_VEC q6_K m=17408 n=5 k=5120: 128 x 137.933 us = 17655.4 us (6461.12 GFLOPS/s)
MUL_MAT_VEC q6_K m=248320 n=5 k=5120: 1 x 1687.36 us = 1687.36 us (7534.1 GFLOPS/s)
MUL_MAT_VEC q6_K m=6144 n=5 k=5120: 48 x 53.008 us = 2544.4 us (5933.82 GFLOPS/s)
MUL_MAT_VEC q8_0 m=5120 n=5 k=6144: 48 x 62.969 us = 3022.52 us (4995.26 GFLOPS/s)
RMS_NORM_MUL RMS_NORM(256,24,5,1): 16 x 3.61 us = 57.76 us
RMS_NORM_MUL RMS_NORM(256,4,5,1): 16 x 4.305 us = 68.88 us
RMS_NORM_MUL RMS_NORM(5120,5,1,1): 129 x 4.513 us = 582.24 us
RMS_NORM_MUL_SILU_MUL RMS_NORM(128,48,5,1): 48 x 5.493 us = 263.68 us
RMS_NORM_SCALE RMS_NORM(128,16,5,1): 96 x 2.607 us = 250.28 us
ROPE: 32 x 3.755 us = 120.16 us
SET_ROWS: 32 x 2.866 us = 91.72 us
SIGMOID_MUL SIGMOID: 16 x 3.585 us = 57.36 us
SSM_CONV_SILU SSM_CONV: 48 x 5.57 us = 267.4 us
Total time: 45812 us.
----------------
Vulkan Timings:
CONCAT: 1 x 3.88 us = 3.88 us
CONT: 1 x 3.6 us = 3.6 us
FLASH_ATTN_EXT dst(256,24,5,1),  q(256,5,24,1),  k(256,256,4,1),  v(256,256,4,1),  m(256,5,1,1): 1 x 20.12 us = 20.12 us (1563.48 GFLOPS/s)
GLU: 1 x 1.72 us = 1.72 us
MUL_MAT f32 m=256 n=120 k=256: 1 x 1.68 us = 1.68 us (9344 GFLOPS/s)
MUL_MAT f32 m=256 n=20 k=256: 1 x 2.96 us = 2.96 us (883.892 GFLOPS/s)
MUL_MAT f32 m=64 n=480 k=64: 1 x 3.56 us = 3.56 us (1095.91 GFLOPS/s)
MUL_MAT f32 m=64 n=80 k=64: 1 x 3.56 us = 3.56 us (182.652 GFLOPS/s)
MUL_MAT_ADD MUL_MAT_VEC q6_K m=5120 n=5 k=17408: 1 x 169.96 us = 169.96 us (5243.96 GFLOPS/s)
MUL_MAT_ADD MUL_MAT_VEC q6_K m=5120 n=5 k=6144: 1 x 66.84 us = 66.84 us (4705.97 GFLOPS/s)
MUL_MAT_VEC q6_K m=1024 n=5 k=5120: 2 x 9.04 us = 18.08 us (5799.08 GFLOPS/s)
MUL_MAT_VEC q6_K m=12288 n=5 k=5120: 1 x 123.49 us = 123.49 us (5094.21 GFLOPS/s)
MUL_MAT_VEC q6_K m=17408 n=5 k=5120: 2 x 131.36 us = 262.72 us (6784.43 GFLOPS/s)
MUL_MAT_VEC q8_0 m=5120 n=5 k=10240: 1 x 104.52 us = 104.52 us (5015.91 GFLOPS/s)
RMS_NORM_MUL RMS_NORM(256,24,5,1): 1 x 3.72 us = 3.72 us
RMS_NORM_MUL RMS_NORM(256,4,5,1): 1 x 3.52 us = 3.52 us
RMS_NORM_MUL RMS_NORM(5120,5,1,1): 5 x 7.586 us = 37.93 us
ROPE: 2 x 3.56 us = 7.12 us
SET_ROWS: 2 x 2.6 us = 5.2 us
SIGMOID_MUL SIGMOID: 1 x 1.72 us = 1.72 us
Total time: 845.9 us.
----------------
Vulkan Timings:
CONCAT: 1 x 3.56 us = 3.56 us
CONT: 1 x 3.44 us = 3.44 us
FLASH_ATTN_EXT dst(256,24,1,1),  q(256,1,24,1),  k(256,256,4,1),  v(256,256,4,1),  m(256,1,1,1): 1 x 12.36 us = 12.36 us (509.017 GFLOPS/s)
GET_ROWS: 2 x 4.22 us = 8.44 us
GLU: 1 x 1.56 us = 1.56 us
MUL_MAT f32 m=256 n=24 k=256: 1 x 1.48 us = 1.48 us (2121.34 GFLOPS/s)
MUL_MAT f32 m=64 n=16 k=64: 1 x 1.8 us = 1.8 us (72.2489 GFLOPS/s)
MUL_MAT f32 m=64 n=96 k=64: 1 x 3.2 us = 3.2 us (243.84 GFLOPS/s)
MUL_MAT_ADD MUL_MAT_VEC q6_K m=5120 n=1 k=17408: 1 x 130 us = 130 us (1371.18 GFLOPS/s)
MUL_MAT_ADD MUL_MAT_VEC q6_K m=5120 n=1 k=6144: 1 x 53.16 us = 53.16 us (1183.4 GFLOPS/s)
MUL_MAT_VEC f32 m=256 n=4 k=256: 1 x 2.96 us = 2.96 us (176.778 GFLOPS/s)
MUL_MAT_VEC q6_K m=1024 n=1 k=5120: 2 x 9.16 us = 18.32 us (1144.62 GFLOPS/s)
MUL_MAT_VEC q6_K m=12288 n=1 k=5120: 1 x 90.36 us = 90.36 us (1392.4 GFLOPS/s)
MUL_MAT_VEC q6_K m=17408 n=1 k=5120: 2 x 117.96 us = 235.92 us (1511.03 GFLOPS/s)
MUL_MAT_VEC q6_K m=98304 n=1 k=5120: 1 x 670.59 us = 670.59 us (1500.97 GFLOPS/s)
MUL_MAT_VEC q8_0 m=5120 n=1 k=10240: 1 x 91.4 us = 91.4 us (1147.18 GFLOPS/s)
PAD: 1 x 6.24 us = 6.24 us
RMS_NORM_MUL RMS_NORM(256,24,1,1): 1 x 3.16 us = 3.16 us
RMS_NORM_MUL RMS_NORM(256,4,1,1): 1 x 4.72 us = 4.72 us
RMS_NORM_MUL RMS_NORM(5120,1,1,1): 5 x 4.344 us = 21.72 us
ROPE: 2 x 3.26 us = 6.52 us
SET_ROWS: 2 x 2.52 us = 5.04 us
SIGMOID_MUL SIGMOID: 1 x 1.56 us = 1.56 us
TOP_K K=10 (98304,1,1,1): 1 x 9.12 us = 9.12 us
Total time: 1386.63 us.
----------------
Vulkan Timings:
CONCAT: 1 x 3.68 us = 3.68 us
CONT: 1 x 3.6 us = 3.6 us
FLASH_ATTN_EXT dst(256,24,1,1),  q(256,1,24,1),  k(256,256,4,1),  v(256,256,4,1),  m(256,1,1,1): 1 x 12.64 us = 12.64 us (497.742 GFLOPS/s)
GET_ROWS: 2 x 4.26 us = 8.52 us
GLU: 1 x 1.88 us = 1.88 us
MUL_MAT f32 m=256 n=24 k=256: 1 x 1.68 us = 1.68 us (1868.8 GFLOPS/s)
MUL_MAT f32 m=64 n=16 k=64: 1 x 3.6 us = 3.6 us (36.1244 GFLOPS/s)
MUL_MAT f32 m=64 n=96 k=64: 1 x 3.56 us = 3.56 us (219.182 GFLOPS/s)
MUL_MAT_ADD MUL_MAT_VEC q6_K m=5120 n=1 k=17408: 1 x 128.88 us = 128.88 us (1383.09 GFLOPS/s)
MUL_MAT_ADD MUL_MAT_VEC q6_K m=5120 n=1 k=6144: 1 x 54.28 us = 54.28 us (1158.98 GFLOPS/s)
MUL_MAT_VEC f32 m=256 n=4 k=256: 1 x 2.96 us = 2.96 us (176.778 GFLOPS/s)
MUL_MAT_VEC q6_K m=1024 n=1 k=5120: 2 x 9.26 us = 18.52 us (1132.26 GFLOPS/s)
MUL_MAT_VEC q6_K m=12288 n=1 k=5120: 1 x 85.56 us = 85.56 us (1470.51 GFLOPS/s)
MUL_MAT_VEC q6_K m=17408 n=1 k=5120: 2 x 121.42 us = 242.84 us (1467.97 GFLOPS/s)
MUL_MAT_VEC q6_K m=98304 n=1 k=5120: 1 x 671.08 us = 671.08 us (1499.87 GFLOPS/s)
MUL_MAT_VEC q8_0 m=5120 n=1 k=10240: 1 x 100.8 us = 100.8 us (1040.2 GFLOPS/s)
PAD: 1 x 6.2 us = 6.2 us
RMS_NORM_MUL RMS_NORM(256,24,1,1): 1 x 3.56 us = 3.56 us
RMS_NORM_MUL RMS_NORM(256,4,1,1): 1 x 3.52 us = 3.52 us
RMS_NORM_MUL RMS_NORM(5120,1,1,1): 5 x 3.64 us = 18.2 us
ROPE: 2 x 3.5 us = 7 us
SET_ROWS: 2 x 2.56 us = 5.12 us
SIGMOID_MUL SIGMOID: 1 x 1.64 us = 1.64 us
TOP_K K=10 (98304,1,1,1): 1 x 8.76 us = 8.76 us
Total time: 1398.08 us.
----------------
Vulkan Timings:
CONCAT: 1 x 3.68 us = 3.68 us
CONT: 1 x 3.52 us = 3.52 us
FLASH_ATTN_EXT dst(256,24,1,1),  q(256,1,24,1),  k(256,256,4,1),  v(256,256,4,1),  m(256,1,1,1): 1 x 12.6 us = 12.6 us (499.322 GFLOPS/s)
GET_ROWS: 2 x 4.2 us = 8.4 us
GLU: 1 x 1.84 us = 1.84 us
MUL_MAT f32 m=256 n=24 k=256: 1 x 1.68 us = 1.68 us (1868.8 GFLOPS/s)
MUL_MAT f32 m=64 n=16 k=64: 1 x 3.56 us = 3.56 us (36.5303 GFLOPS/s)
MUL_MAT f32 m=64 n=96 k=64: 1 x 3.52 us = 3.52 us (221.673 GFLOPS/s)
MUL_MAT_ADD MUL_MAT_VEC q6_K m=5120 n=1 k=17408: 1 x 123.8 us = 123.8 us (1439.84 GFLOPS/s)
MUL_MAT_ADD MUL_MAT_VEC q6_K m=5120 n=1 k=6144: 1 x 53.32 us = 53.32 us (1179.85 GFLOPS/s)
MUL_MAT_VEC f32 m=256 n=4 k=256: 1 x 2.96 us = 2.96 us (176.778 GFLOPS/s)
MUL_MAT_VEC q6_K m=1024 n=1 k=5120: 2 x 9.1 us = 18.2 us (1152.17 GFLOPS/s)
MUL_MAT_VEC q6_K m=12288 n=1 k=5120: 1 x 85.88 us = 85.88 us (1465.03 GFLOPS/s)
MUL_MAT_VEC q6_K m=17408 n=1 k=5120: 2 x 121.08 us = 242.16 us (1472.09 GFLOPS/s)
MUL_MAT_VEC q6_K m=98304 n=1 k=5120: 1 x 671.74 us = 671.74 us (1498.4 GFLOPS/s)
MUL_MAT_VEC q8_0 m=5120 n=1 k=10240: 1 x 100.72 us = 100.72 us (1041.03 GFLOPS/s)
PAD: 1 x 6.24 us = 6.24 us
RMS_NORM_MUL RMS_NORM(256,24,1,1): 1 x 3.56 us = 3.56 us
RMS_NORM_MUL RMS_NORM(256,4,1,1): 1 x 3.6 us = 3.6 us
RMS_NORM_MUL RMS_NORM(5120,1,1,1): 5 x 3.64 us = 18.2 us
ROPE: 2 x 3.56 us = 7.12 us
SET_ROWS: 2 x 2.6 us = 5.2 us
SIGMOID_MUL SIGMOID: 1 x 1.64 us = 1.64 us
TOP_K K=10 (98304,1,1,1): 1 x 8.88 us = 8.88 us
Total time: 1392.02 us.
----------------
Vulkan Timings:
CONCAT: 1 x 3.68 us = 3.68 us
CONT: 1 x 3.56 us = 3.56 us
FLASH_ATTN_EXT dst(256,24,1,1),  q(256,1,24,1),  k(256,256,4,1),  v(256,256,4,1),  m(256,1,1,1): 1 x 12.76 us = 12.76 us (493.061 GFLOPS/s)
GET_ROWS: 2 x 4.2 us = 8.4 us
GLU: 1 x 1.72 us = 1.72 us
MUL_MAT f32 m=256 n=24 k=256: 1 x 1.6 us = 1.6 us (1962.24 GFLOPS/s)
MUL_MAT f32 m=64 n=16 k=64: 1 x 3.52 us = 3.52 us (36.9455 GFLOPS/s)
MUL_MAT f32 m=64 n=96 k=64: 1 x 3.56 us = 3.56 us (219.182 GFLOPS/s)
MUL_MAT_ADD MUL_MAT_VEC q6_K m=5120 n=1 k=17408: 1 x 124 us = 124 us (1437.52 GFLOPS/s)
MUL_MAT_ADD MUL_MAT_VEC q6_K m=5120 n=1 k=6144: 1 x 54.32 us = 54.32 us (1158.13 GFLOPS/s)
MUL_MAT_VEC f32 m=256 n=4 k=256: 1 x 2.96 us = 2.96 us (176.778 GFLOPS/s)
MUL_MAT_VEC q6_K m=1024 n=1 k=5120: 2 x 9 us = 18 us (1164.97 GFLOPS/s)
MUL_MAT_VEC q6_K m=12288 n=1 k=5120: 1 x 85.64 us = 85.64 us (1469.14 GFLOPS/s)
MUL_MAT_VEC q6_K m=17408 n=1 k=5120: 2 x 121.08 us = 242.16 us (1472.09 GFLOPS/s)
MUL_MAT_VEC q6_K m=98304 n=1 k=5120: 1 x 669.72 us = 669.72 us (1502.92 GFLOPS/s)
MUL_MAT_VEC q8_0 m=5120 n=1 k=10240: 1 x 100.52 us = 100.52 us (1043.1 GFLOPS/s)
PAD: 1 x 6.96 us = 6.96 us
RMS_NORM_MUL RMS_NORM(256,24,1,1): 1 x 3.52 us = 3.52 us
RMS_NORM_MUL RMS_NORM(256,4,1,1): 1 x 3.52 us = 3.52 us
RMS_NORM_MUL RMS_NORM(5120,1,1,1): 5 x 3.656 us = 18.28 us
ROPE: 2 x 3.5 us = 7 us
SET_ROWS: 2 x 2.56 us = 5.12 us
SIGMOID_MUL SIGMOID: 1 x 1.68 us = 1.68 us
TOP_K K=10 (98304,1,1,1): 1 x 8.8 us = 8.8 us
Total time: 1391 us.
----------------
Vulkan Timings:
ADD: 48 x 3.691 us = 177.2 us
CONCAT: 48 x 2.436 us = 116.96 us
CONT: 16 x 3.76 us = 60.16 us
CPY: 240 x 2.216 us = 531.84 us
FLASH_ATTN_EXT dst(256,24,5,1),  q(256,5,24,1),  k(256,256,4,1),  v(256,256,4,1),  m(256,5,1,1): 16 x 20.66 us = 330.56 us (1522.62 GFLOPS/s)
GDN_CACHE GATED_DELTA_NET: 48 x 13.363 us = 641.44 us
GET_ROWS: 50 x 24.548 us = 1227.44 us
GLU: 64 x 2.96 us = 189.44 us
MUL_MAT f32 m=256 n=120 k=256: 16 x 1.775 us = 28.4 us (8843.9 GFLOPS/s)
MUL_MAT f32 m=256 n=20 k=256: 16 x 3.045 us = 48.72 us (859.218 GFLOPS/s)
MUL_MAT f32 m=64 n=480 k=64: 16 x 3.565 us = 57.04 us (1094.37 GFLOPS/s)
MUL_MAT f32 m=64 n=80 k=64: 16 x 3.202 us = 51.24 us (203.041 GFLOPS/s)
MUL_MAT_ADD MUL_MAT_VEC q6_K m=5120 n=5 k=17408: 64 x 137.691 us = 8812.24 us (6472.92 GFLOPS/s)
MUL_MAT_ADD MUL_MAT_VEC q6_K m=5120 n=5 k=6144: 16 x 59.645 us = 954.32 us (5273.66 GFLOPS/s)
MUL_MAT_VEC f32 m=48 n=5 k=5120: 96 x 3.322 us = 318.92 us (739.705 GFLOPS/s)
MUL_MAT_VEC q6_K m=1024 n=5 k=5120: 32 x 7.085 us = 226.72 us (7399.25 GFLOPS/s)
MUL_MAT_VEC q6_K m=10240 n=5 k=5120: 48 x 79.795 us = 3830.2 us (6569.73 GFLOPS/s)
MUL_MAT_VEC q6_K m=12288 n=5 k=5120: 16 x 98.677 us = 1578.84 us (6375.15 GFLOPS/s)
MUL_MAT_VEC q6_K m=17408 n=5 k=5120: 128 x 138.662 us = 17748.8 us (6427.13 GFLOPS/s)
MUL_MAT_VEC q6_K m=248320 n=5 k=5120: 1 x 1686.72 us = 1686.72 us (7536.96 GFLOPS/s)
MUL_MAT_VEC q6_K m=6144 n=5 k=5120: 48 x 53.272 us = 2557.08 us (5904.4 GFLOPS/s)
MUL_MAT_VEC q8_0 m=5120 n=5 k=6144: 48 x 63.077 us = 3027.72 us (4986.68 GFLOPS/s)
RMS_NORM_MUL RMS_NORM(256,24,5,1): 16 x 3.632 us = 58.12 us
RMS_NORM_MUL RMS_NORM(256,4,5,1): 16 x 4.312 us = 69 us
RMS_NORM_MUL RMS_NORM(5120,5,1,1): 129 x 4.544 us = 586.2 us
RMS_NORM_MUL_SILU_MUL RMS_NORM(128,48,5,1): 48 x 5.535 us = 265.72 us
RMS_NORM_SCALE RMS_NORM(128,16,5,1): 96 x 2.633 us = 252.84 us
ROPE: 32 x 3.772 us = 120.72 us
SET_ROWS: 32 x 2.838 us = 90.84 us
SIGMOID_MUL SIGMOID: 16 x 3.605 us = 57.68 us
SSM_CONV_SILU SSM_CONV: 48 x 5.481 us = 263.12 us
Total time: 45966.2 us.
----------------
Vulkan Timings:
CONCAT: 1 x 3.88 us = 3.88 us
CONT: 1 x 3.6 us = 3.6 us
FLASH_ATTN_EXT dst(256,24,5,1),  q(256,5,24,1),  k(256,256,4,1),  v(256,256,4,1),  m(256,5,1,1): 1 x 20.24 us = 20.24 us (1554.21 GFLOPS/s)
GLU: 1 x 1.56 us = 1.56 us
MUL_MAT f32 m=256 n=120 k=256: 1 x 1.68 us = 1.68 us (9344 GFLOPS/s)
MUL_MAT f32 m=256 n=20 k=256: 1 x 3.04 us = 3.04 us (860.632 GFLOPS/s)
MUL_MAT f32 m=64 n=480 k=64: 1 x 3.6 us = 3.6 us (1083.73 GFLOPS/s)
MUL_MAT f32 m=64 n=80 k=64: 1 x 3.52 us = 3.52 us (184.727 GFLOPS/s)
MUL_MAT_ADD MUL_MAT_VEC q6_K m=5120 n=5 k=17408: 1 x 164.15 us = 164.15 us (5429.57 GFLOPS/s)
MUL_MAT_ADD MUL_MAT_VEC q6_K m=5120 n=5 k=6144: 1 x 66.96 us = 66.96 us (4697.54 GFLOPS/s)
MUL_MAT_VEC q6_K m=1024 n=5 k=5120: 2 x 9.18 us = 18.36 us (5710.64 GFLOPS/s)
MUL_MAT_VEC q6_K m=12288 n=5 k=5120: 1 x 124.77 us = 124.77 us (5041.95 GFLOPS/s)
MUL_MAT_VEC q6_K m=17408 n=5 k=5120: 2 x 131.24 us = 262.48 us (6790.63 GFLOPS/s)
MUL_MAT_VEC q8_0 m=5120 n=5 k=10240: 1 x 104.8 us = 104.8 us (5002.5 GFLOPS/s)
RMS_NORM_MUL RMS_NORM(256,24,5,1): 1 x 3.68 us = 3.68 us
RMS_NORM_MUL RMS_NORM(256,4,5,1): 1 x 3.52 us = 3.52 us
RMS_NORM_MUL RMS_NORM(5120,5,1,1): 5 x 7.51 us = 37.55 us
ROPE: 2 x 3.56 us = 7.12 us
SET_ROWS: 2 x 2.64 us = 5.28 us
SIGMOID_MUL SIGMOID: 1 x 1.68 us = 1.68 us
Total time: 841.47 us.
----------------
Vulkan Timings:
CONCAT: 1 x 3.64 us = 3.64 us
CONT: 1 x 3.48 us = 3.48 us
FLASH_ATTN_EXT dst(256,24,1,1),  q(256,1,24,1),  k(256,256,4,1),  v(256,256,4,1),  m(256,1,1,1): 1 x 12.32 us = 12.32 us (510.67 GFLOPS/s)
GET_ROWS: 2 x 6.32 us = 12.64 us
GLU: 1 x 1.52 us = 1.52 us
MUL_MAT f32 m=256 n=24 k=256: 1 x 1.52 us = 1.52 us (2065.52 GFLOPS/s)
MUL_MAT f32 m=64 n=16 k=64: 1 x 1.76 us = 1.76 us (73.8909 GFLOPS/s)
MUL_MAT f32 m=64 n=96 k=64: 1 x 3.16 us = 3.16 us (246.927 GFLOPS/s)
MUL_MAT_ADD MUL_MAT_VEC q6_K m=5120 n=1 k=17408: 1 x 129.96 us = 129.96 us (1371.6 GFLOPS/s)
MUL_MAT_ADD MUL_MAT_VEC q6_K m=5120 n=1 k=6144: 1 x 53.6 us = 53.6 us (1173.68 GFLOPS/s)
MUL_MAT_VEC f32 m=256 n=4 k=256: 1 x 3 us = 3 us (174.421 GFLOPS/s)
MUL_MAT_VEC q6_K m=1024 n=1 k=5120: 2 x 6.08 us = 12.16 us (1724.46 GFLOPS/s)
MUL_MAT_VEC q6_K m=12288 n=1 k=5120: 1 x 97.68 us = 97.68 us (1288.05 GFLOPS/s)
MUL_MAT_VEC q6_K m=17408 n=1 k=5120: 2 x 117.8 us = 235.6 us (1513.08 GFLOPS/s)
MUL_MAT_VEC q6_K m=98304 n=1 k=5120: 1 x 670.78 us = 670.78 us (1500.54 GFLOPS/s)
MUL_MAT_VEC q8_0 m=5120 n=1 k=10240: 1 x 92.88 us = 92.88 us (1128.9 GFLOPS/s)
PAD: 1 x 5 us = 5 us
RMS_NORM_MUL RMS_NORM(256,24,1,1): 1 x 3.12 us = 3.12 us
RMS_NORM_MUL RMS_NORM(256,4,1,1): 1 x 4.76 us = 4.76 us
RMS_NORM_MUL RMS_NORM(5120,1,1,1): 5 x 4.04 us = 20.2 us
ROPE: 2 x 3.24 us = 6.48 us
SET_ROWS: 2 x 2.54 us = 5.08 us
SIGMOID_MUL SIGMOID: 1 x 1.76 us = 1.76 us
TOP_K K=10 (98304,1,1,1): 1 x 8.64 us = 8.64 us
Total time: 1390.74 us.
----------------
Vulkan Timings:
CONCAT: 1 x 3.68 us = 3.68 us
CONT: 1 x 3.52 us = 3.52 us
FLASH_ATTN_EXT dst(256,24,1,1),  q(256,1,24,1),  k(256,256,4,1),  v(256,256,4,1),  m(256,1,1,1): 1 x 12.72 us = 12.72 us (494.611 GFLOPS/s)
GET_ROWS: 2 x 4.26 us = 8.52 us
GLU: 1 x 1.8 us = 1.8 us
MUL_MAT f32 m=256 n=24 k=256: 1 x 1.64 us = 1.64 us (1914.38 GFLOPS/s)
MUL_MAT f32 m=64 n=16 k=64: 1 x 3.56 us = 3.56 us (36.5303 GFLOPS/s)
MUL_MAT f32 m=64 n=96 k=64: 1 x 3.52 us = 3.52 us (221.673 GFLOPS/s)
MUL_MAT_ADD MUL_MAT_VEC q6_K m=5120 n=1 k=17408: 1 x 123.04 us = 123.04 us (1448.74 GFLOPS/s)
MUL_MAT_ADD MUL_MAT_VEC q6_K m=5120 n=1 k=6144: 1 x 54.04 us = 54.04 us (1164.13 GFLOPS/s)
MUL_MAT_VEC f32 m=256 n=4 k=256: 1 x 3 us = 3 us (174.421 GFLOPS/s)
MUL_MAT_VEC q6_K m=1024 n=1 k=5120: 2 x 9.04 us = 18.08 us (1159.82 GFLOPS/s)
MUL_MAT_VEC q6_K m=12288 n=1 k=5120: 1 x 86.16 us = 86.16 us (1460.27 GFLOPS/s)
MUL_MAT_VEC q6_K m=17408 n=1 k=5120: 2 x 121.26 us = 242.52 us (1469.9 GFLOPS/s)
MUL_MAT_VEC q6_K m=98304 n=1 k=5120: 1 x 670.17 us = 670.17 us (1501.91 GFLOPS/s)
MUL_MAT_VEC q8_0 m=5120 n=1 k=10240: 1 x 100.36 us = 100.36 us (1044.76 GFLOPS/s)
PAD: 1 x 6.24 us = 6.24 us
RMS_NORM_MUL RMS_NORM(256,24,1,1): 1 x 3.56 us = 3.56 us
RMS_NORM_MUL RMS_NORM(256,4,1,1): 1 x 3.52 us = 3.52 us
RMS_NORM_MUL RMS_NORM(5120,1,1,1): 5 x 3.696 us = 18.48 us
ROPE: 2 x 3.52 us = 7.04 us
SET_ROWS: 2 x 2.6 us = 5.2 us
SIGMOID_MUL SIGMOID: 1 x 1.6 us = 1.6 us
TOP_K K=10 (98304,1,1,1): 1 x 8.64 us = 8.64 us
Total time: 1390.61 us.
----------------
Vulkan Timings:
CONCAT: 1 x 4.56 us = 4.56 us
CONT: 1 x 3.6 us = 3.6 us
FLASH_ATTN_EXT dst(256,24,1,1),  q(256,1,24,1),  k(256,256,4,1),  v(256,256,4,1),  m(256,1,1,1): 1 x 14.32 us = 14.32 us (439.347 GFLOPS/s)
GET_ROWS: 2 x 5.26 us = 10.52 us
GLU: 1 x 1.72 us = 1.72 us
MUL_MAT f32 m=256 n=24 k=256: 1 x 2.2 us = 2.2 us (1427.08 GFLOPS/s)
MUL_MAT f32 m=64 n=16 k=64: 1 x 3.56 us = 3.56 us (36.5303 GFLOPS/s)
MUL_MAT f32 m=64 n=96 k=64: 1 x 3.52 us = 3.52 us (221.673 GFLOPS/s)
MUL_MAT_ADD MUL_MAT_VEC q6_K m=5120 n=1 k=17408: 1 x 124.16 us = 124.16 us (1435.67 GFLOPS/s)
MUL_MAT_ADD MUL_MAT_VEC q6_K m=5120 n=1 k=6144: 1 x 53.52 us = 53.52 us (1175.44 GFLOPS/s)
MUL_MAT_VEC f32 m=256 n=4 k=256: 1 x 0.72 us = 0.72 us (726.756 GFLOPS/s)
MUL_MAT_VEC q6_K m=1024 n=1 k=5120: 2 x 9.02 us = 18.04 us (1162.39 GFLOPS/s)
MUL_MAT_VEC q6_K m=12288 n=1 k=5120: 1 x 84.96 us = 84.96 us (1480.89 GFLOPS/s)
MUL_MAT_VEC q6_K m=17408 n=1 k=5120: 2 x 121 us = 242 us (1473.06 GFLOPS/s)
MUL_MAT_VEC q6_K m=98304 n=1 k=5120: 1 x 672.83 us = 672.83 us (1495.97 GFLOPS/s)
MUL_MAT_VEC q8_0 m=5120 n=1 k=10240: 1 x 101.52 us = 101.52 us (1032.83 GFLOPS/s)
PAD: 1 x 6.2 us = 6.2 us
RMS_NORM_MUL RMS_NORM(256,24,1,1): 1 x 3.56 us = 3.56 us
RMS_NORM_MUL RMS_NORM(256,4,1,1): 1 x 3.48 us = 3.48 us
RMS_NORM_MUL RMS_NORM(5120,1,1,1): 5 x 3.696 us = 18.48 us
ROPE: 2 x 3.5 us = 7 us
SET_ROWS: 2 x 2.76 us = 5.52 us
SIGMOID_MUL SIGMOID: 1 x 1.68 us = 1.68 us
TOP_K K=10 (98304,1,1,1): 1 x 9.08 us = 9.08 us
Total time: 1396.75 us.
----------------
Vulkan Timings:
CONCAT: 1 x 3.68 us = 3.68 us
CONT: 1 x 3.52 us = 3.52 us
FLASH_ATTN_EXT dst(256,24,1,1),  q(256,1,24,1),  k(256,256,4,1),  v(256,256,4,1),  m(256,1,1,1): 1 x 12.76 us = 12.76 us (493.061 GFLOPS/s)
GET_ROWS: 2 x 4.34 us = 8.68 us
GLU: 1 x 1.88 us = 1.88 us
MUL_MAT f32 m=256 n=24 k=256: 1 x 1.68 us = 1.68 us (1868.8 GFLOPS/s)
MUL_MAT f32 m=64 n=16 k=64: 1 x 3.52 us = 3.52 us (36.9455 GFLOPS/s)
MUL_MAT f32 m=64 n=96 k=64: 1 x 3.52 us = 3.52 us (221.673 GFLOPS/s)
MUL_MAT_ADD MUL_MAT_VEC q6_K m=5120 n=1 k=17408: 1 x 123.2 us = 123.2 us (1446.86 GFLOPS/s)
MUL_MAT_ADD MUL_MAT_VEC q6_K m=5120 n=1 k=6144: 1 x 53.2 us = 53.2 us (1182.51 GFLOPS/s)
MUL_MAT_VEC f32 m=256 n=4 k=256: 1 x 2.96 us = 2.96 us (176.778 GFLOPS/s)
MUL_MAT_VEC q6_K m=1024 n=1 k=5120: 2 x 9.1 us = 18.2 us (1152.17 GFLOPS/s)
MUL_MAT_VEC q6_K m=12288 n=1 k=5120: 1 x 85.56 us = 85.56 us (1470.51 GFLOPS/s)
MUL_MAT_VEC q6_K m=17408 n=1 k=5120: 2 x 121.02 us = 242.04 us (1472.82 GFLOPS/s)
MUL_MAT_VEC q6_K m=98304 n=1 k=5120: 1 x 669.09 us = 669.09 us (1504.33 GFLOPS/s)
MUL_MAT_VEC q8_0 m=5120 n=1 k=10240: 1 x 101 us = 101 us (1038.14 GFLOPS/s)
PAD: 1 x 6.92 us = 6.92 us
RMS_NORM_MUL RMS_NORM(256,24,1,1): 1 x 3.52 us = 3.52 us
RMS_NORM_MUL RMS_NORM(256,4,1,1): 1 x 3.52 us = 3.52 us
RMS_NORM_MUL RMS_NORM(5120,1,1,1): 5 x 3.664 us = 18.32 us
ROPE: 2 x 3.52 us = 7.04 us
SET_ROWS: 2 x 2.6 us = 5.2 us
SIGMOID_MUL SIGMOID: 1 x 1.64 us = 1.64 us
TOP_K K=10 (98304,1,1,1): 1 x 8.6 us = 8.6 us
Total time: 1389.25 us.
----------------
Vulkan Timings:
ADD: 48 x 3.664 us = 175.88 us
CONCAT: 48 x 2.389 us = 114.68 us
CONT: 16 x 3.722 us = 59.56 us
CPY: 240 x 2.194 us = 526.68 us
FLASH_ATTN_EXT dst(256,24,5,1),  q(256,5,24,1),  k(256,256,4,1),  v(256,256,4,1),  m(256,5,1,1): 16 x 20.602 us = 329.64 us (1526.87 GFLOPS/s)
GDN_CACHE GATED_DELTA_NET: 48 x 13.346 us = 640.64 us
GET_ROWS: 50 x 24.48 us = 1224 us
GLU: 64 x 2.918 us = 186.8 us
MUL_MAT f32 m=256 n=120 k=256: 16 x 1.785 us = 28.56 us (8794.35 GFLOPS/s)
MUL_MAT f32 m=256 n=20 k=256: 16 x 3.02 us = 48.32 us (866.331 GFLOPS/s)
MUL_MAT f32 m=64 n=480 k=64: 16 x 3.552 us = 56.84 us (1098.22 GFLOPS/s)
MUL_MAT f32 m=64 n=80 k=64: 16 x 3.192 us = 51.08 us (203.677 GFLOPS/s)
MUL_MAT_ADD MUL_MAT_VEC q6_K m=5120 n=5 k=17408: 64 x 137.752 us = 8816.16 us (6470.04 GFLOPS/s)
MUL_MAT_ADD MUL_MAT_VEC q6_K m=5120 n=5 k=6144: 16 x 59.945 us = 959.12 us (5247.26 GFLOPS/s)
MUL_MAT_VEC f32 m=48 n=5 k=5120: 96 x 3.303 us = 317.12 us (743.903 GFLOPS/s)
MUL_MAT_VEC q6_K m=1024 n=5 k=5120: 32 x 6.973 us = 223.16 us (7517.29 GFLOPS/s)
MUL_MAT_VEC q6_K m=10240 n=5 k=5120: 48 x 79.356 us = 3809.12 us (6606.08 GFLOPS/s)
MUL_MAT_VEC q6_K m=12288 n=5 k=5120: 16 x 98.422 us = 1574.76 us (6391.67 GFLOPS/s)
MUL_MAT_VEC q6_K m=17408 n=5 k=5120: 128 x 138.206 us = 17690.4 us (6448.35 GFLOPS/s)
MUL_MAT_VEC q6_K m=248320 n=5 k=5120: 1 x 1687.24 us = 1687.24 us (7534.64 GFLOPS/s)
MUL_MAT_VEC q6_K m=6144 n=5 k=5120: 48 x 53.067 us = 2547.24 us (5927.21 GFLOPS/s)
MUL_MAT_VEC q8_0 m=5120 n=5 k=6144: 48 x 62.89 us = 3018.72 us (5001.55 GFLOPS/s)
RMS_NORM_MUL RMS_NORM(256,24,5,1): 16 x 3.61 us = 57.76 us
RMS_NORM_MUL RMS_NORM(256,4,5,1): 16 x 4.295 us = 68.72 us
RMS_NORM_MUL RMS_NORM(5120,5,1,1): 129 x 4.542 us = 585.92 us
RMS_NORM_MUL_SILU_MUL RMS_NORM(128,48,5,1): 48 x 5.492 us = 263.64 us
RMS_NORM_SCALE RMS_NORM(128,16,5,1): 96 x 2.62 us = 251.56 us
ROPE: 32 x 3.751 us = 120.04 us
SET_ROWS: 32 x 2.836 us = 90.76 us
SIGMOID_MUL SIGMOID: 16 x 3.58 us = 57.28 us
SSM_CONV_SILU SSM_CONV: 48 x 5.498 us = 263.92 us
Total time: 45845.3 us.
----------------
Vulkan Timings:
CONCAT: 1 x 3.96 us = 3.96 us
CONT: 1 x 3.6 us = 3.6 us
FLASH_ATTN_EXT dst(256,24,5,1),  q(256,5,24,1),  k(256,256,4,1),  v(256,256,4,1),  m(256,5,1,1): 1 x 20.44 us = 20.44 us (1539.01 GFLOPS/s)
GLU: 1 x 1.68 us = 1.68 us
MUL_MAT f32 m=256 n=120 k=256: 1 x 1.68 us = 1.68 us (9344 GFLOPS/s)
MUL_MAT f32 m=256 n=20 k=256: 1 x 3 us = 3 us (872.107 GFLOPS/s)
MUL_MAT f32 m=64 n=480 k=64: 1 x 3.6 us = 3.6 us (1083.73 GFLOPS/s)
MUL_MAT f32 m=64 n=80 k=64: 1 x 3.6 us = 3.6 us (180.622 GFLOPS/s)
MUL_MAT_ADD MUL_MAT_VEC q6_K m=5120 n=5 k=17408: 1 x 166.39 us = 166.39 us (5356.48 GFLOPS/s)
MUL_MAT_ADD MUL_MAT_VEC q6_K m=5120 n=5 k=6144: 1 x 66.76 us = 66.76 us (4711.61 GFLOPS/s)
MUL_MAT_VEC q6_K m=1024 n=5 k=5120: 2 x 9.44 us = 18.88 us (5553.36 GFLOPS/s)
MUL_MAT_VEC q6_K m=12288 n=5 k=5120: 1 x 122.8 us = 122.8 us (5122.84 GFLOPS/s)
MUL_MAT_VEC q6_K m=17408 n=5 k=5120: 2 x 130.68 us = 261.36 us (6819.73 GFLOPS/s)
MUL_MAT_VEC q8_0 m=5120 n=5 k=10240: 1 x 105.56 us = 105.56 us (4966.49 GFLOPS/s)
RMS_NORM_MUL RMS_NORM(256,24,5,1): 1 x 3.72 us = 3.72 us
RMS_NORM_MUL RMS_NORM(256,4,5,1): 1 x 3.56 us = 3.56 us
RMS_NORM_MUL RMS_NORM(5120,5,1,1): 5 x 7.446 us = 37.23 us
ROPE: 2 x 3.56 us = 7.12 us
SET_ROWS: 2 x 2.64 us = 5.28 us
SIGMOID_MUL SIGMOID: 1 x 1.68 us = 1.68 us
Total time: 841.9 us.
----------------
Vulkan Timings:
CONCAT: 1 x 3.64 us = 3.64 us
CONT: 1 x 3.44 us = 3.44 us
FLASH_ATTN_EXT dst(256,24,1,1),  q(256,1,24,1),  k(256,256,4,1),  v(256,256,4,1),  m(256,1,1,1): 1 x 12.32 us = 12.32 us (510.67 GFLOPS/s)
GET_ROWS: 2 x 4.22 us = 8.44 us
GLU: 1 x 1.84 us = 1.84 us
MUL_MAT f32 m=256 n=24 k=256: 1 x 1.52 us = 1.52 us (2065.52 GFLOPS/s)
MUL_MAT f32 m=64 n=16 k=64: 1 x 1.8 us = 1.8 us (72.2489 GFLOPS/s)
MUL_MAT f32 m=64 n=96 k=64: 1 x 3.16 us = 3.16 us (246.927 GFLOPS/s)
MUL_MAT_ADD MUL_MAT_VEC q6_K m=5120 n=1 k=17408: 1 x 129.76 us = 129.76 us (1373.71 GFLOPS/s)
MUL_MAT_ADD MUL_MAT_VEC q6_K m=5120 n=1 k=6144: 1 x 53.24 us = 53.24 us (1181.62 GFLOPS/s)
MUL_MAT_VEC f32 m=256 n=4 k=256: 1 x 2.96 us = 2.96 us (176.778 GFLOPS/s)
MUL_MAT_VEC q6_K m=1024 n=1 k=5120: 2 x 9.2 us = 18.4 us (1139.65 GFLOPS/s)
MUL_MAT_VEC q6_K m=12288 n=1 k=5120: 1 x 89.56 us = 89.56 us (1404.83 GFLOPS/s)
MUL_MAT_VEC q6_K m=17408 n=1 k=5120: 2 x 117.76 us = 235.52 us (1513.59 GFLOPS/s)
MUL_MAT_VEC q6_K m=98304 n=1 k=5120: 1 x 671.45 us = 671.45 us (1499.05 GFLOPS/s)
MUL_MAT_VEC q8_0 m=5120 n=1 k=10240: 1 x 91.68 us = 91.68 us (1143.68 GFLOPS/s)
PAD: 1 x 6.24 us = 6.24 us
RMS_NORM_MUL RMS_NORM(256,24,1,1): 1 x 3.2 us = 3.2 us
RMS_NORM_MUL RMS_NORM(256,4,1,1): 1 x 4.8 us = 4.8 us
RMS_NORM_MUL RMS_NORM(5120,1,1,1): 5 x 4.368 us = 21.84 us
ROPE: 2 x 3.3 us = 6.6 us
SET_ROWS: 2 x 2.56 us = 5.12 us
SIGMOID_MUL SIGMOID: 1 x 1.52 us = 1.52 us
TOP_K K=10 (98304,1,1,1): 1 x 8.96 us = 8.96 us
Total time: 1387.01 us.
----------------
Vulkan Timings:
CONCAT: 1 x 3.72 us = 3.72 us
CONT: 1 x 3.6 us = 3.6 us
FLASH_ATTN_EXT dst(256,24,1,1),  q(256,1,24,1),  k(256,256,4,1),  v(256,256,4,1),  m(256,1,1,1): 1 x 12.68 us = 12.68 us (496.172 GFLOPS/s)
GET_ROWS: 2 x 4.26 us = 8.52 us
GLU: 1 x 1.76 us = 1.76 us
MUL_MAT f32 m=256 n=24 k=256: 1 x 1.6 us = 1.6 us (1962.24 GFLOPS/s)
MUL_MAT f32 m=64 n=16 k=64: 1 x 3.52 us = 3.52 us (36.9455 GFLOPS/s)
MUL_MAT f32 m=64 n=96 k=64: 1 x 3.56 us = 3.56 us (219.182 GFLOPS/s)
MUL_MAT_ADD MUL_MAT_VEC q6_K m=5120 n=1 k=17408: 1 x 123.4 us = 123.4 us (1444.51 GFLOPS/s)
MUL_MAT_ADD MUL_MAT_VEC q6_K m=5120 n=1 k=6144: 1 x 53.76 us = 53.76 us (1170.19 GFLOPS/s)
MUL_MAT_VEC f32 m=256 n=4 k=256: 1 x 2.96 us = 2.96 us (176.778 GFLOPS/s)
MUL_MAT_VEC q6_K m=1024 n=1 k=5120: 2 x 9.18 us = 18.36 us (1142.13 GFLOPS/s)
MUL_MAT_VEC q6_K m=12288 n=1 k=5120: 1 x 85.44 us = 85.44 us (1472.58 GFLOPS/s)
MUL_MAT_VEC q6_K m=17408 n=1 k=5120: 2 x 121.28 us = 242.56 us (1469.66 GFLOPS/s)
MUL_MAT_VEC q6_K m=98304 n=1 k=5120: 1 x 668.94 us = 668.94 us (1504.67 GFLOPS/s)
MUL_MAT_VEC q8_0 m=5120 n=1 k=10240: 1 x 101.24 us = 101.24 us (1035.68 GFLOPS/s)
PAD: 1 x 6.24 us = 6.24 us
RMS_NORM_MUL RMS_NORM(256,24,1,1): 1 x 3.56 us = 3.56 us
RMS_NORM_MUL RMS_NORM(256,4,1,1): 1 x 3.56 us = 3.56 us
RMS_NORM_MUL RMS_NORM(5120,1,1,1): 5 x 3.648 us = 18.24 us
ROPE: 2 x 3.5 us = 7 us
SET_ROWS: 2 x 2.6 us = 5.2 us
SIGMOID_MUL SIGMOID: 1 x 1.92 us = 1.92 us
TOP_K K=10 (98304,1,1,1): 1 x 8.8 us = 8.8 us
Total time: 1390.14 us.
----------------
Vulkan Timings:
CONCAT: 1 x 3.72 us = 3.72 us
CONT: 1 x 3.56 us = 3.56 us
FLASH_ATTN_EXT dst(256,24,1,1),  q(256,1,24,1),  k(256,256,4,1),  v(256,256,4,1),  m(256,1,1,1): 1 x 12.92 us = 12.92 us (486.955 GFLOPS/s)
GET_ROWS: 2 x 4.12 us = 8.24 us
GLU: 1 x 1.8 us = 1.8 us
MUL_MAT f32 m=256 n=24 k=256: 1 x 1.64 us = 1.64 us (1914.38 GFLOPS/s)
MUL_MAT f32 m=64 n=16 k=64: 1 x 3.56 us = 3.56 us (36.5303 GFLOPS/s)
MUL_MAT f32 m=64 n=96 k=64: 1 x 3.52 us = 3.52 us (221.673 GFLOPS/s)
MUL_MAT_ADD MUL_MAT_VEC q6_K m=5120 n=1 k=17408: 1 x 123.8 us = 123.8 us (1439.84 GFLOPS/s)
MUL_MAT_ADD MUL_MAT_VEC q6_K m=5120 n=1 k=6144: 1 x 53.52 us = 53.52 us (1175.44 GFLOPS/s)
MUL_MAT_VEC f32 m=256 n=4 k=256: 1 x 3 us = 3 us (174.421 GFLOPS/s)
MUL_MAT_VEC q6_K m=1024 n=1 k=5120: 2 x 9.08 us = 18.16 us (1154.71 GFLOPS/s)
MUL_MAT_VEC q6_K m=12288 n=1 k=5120: 1 x 85.52 us = 85.52 us (1471.2 GFLOPS/s)
MUL_MAT_VEC q6_K m=17408 n=1 k=5120: 2 x 120.98 us = 241.96 us (1473.31 GFLOPS/s)
MUL_MAT_VEC q6_K m=98304 n=1 k=5120: 1 x 680.06 us = 680.06 us (1480.07 GFLOPS/s)
MUL_MAT_VEC q8_0 m=5120 n=1 k=10240: 1 x 102.32 us = 102.32 us (1024.75 GFLOPS/s)
PAD: 1 x 6.2 us = 6.2 us
RMS_NORM_MUL RMS_NORM(256,24,1,1): 1 x 3.56 us = 3.56 us
RMS_NORM_MUL RMS_NORM(256,4,1,1): 1 x 3.56 us = 3.56 us
RMS_NORM_MUL RMS_NORM(5120,1,1,1): 5 x 3.736 us = 18.68 us
ROPE: 2 x 3.52 us = 7.04 us
SET_ROWS: 2 x 2.62 us = 5.24 us
SIGMOID_MUL SIGMOID: 1 x 1.64 us = 1.64 us
TOP_K K=10 (98304,1,1,1): 1 x 8.88 us = 8.88 us
Total time: 1402.1 us.
----------------
Vulkan Timings:
CONCAT: 1 x 3.68 us = 3.68 us
CONT: 1 x 3.56 us = 3.56 us
FLASH_ATTN_EXT dst(256,24,1,1),  q(256,1,24,1),  k(256,256,4,1),  v(256,256,4,1),  m(256,1,1,1): 1 x 12.48 us = 12.48 us (504.123 GFLOPS/s)
GET_ROWS: 2 x 4.18 us = 8.36 us
GLU: 1 x 1.68 us = 1.68 us
MUL_MAT f32 m=256 n=24 k=256: 1 x 1.6 us = 1.6 us (1962.24 GFLOPS/s)
MUL_MAT f32 m=64 n=16 k=64: 1 x 3.6 us = 3.6 us (36.1244 GFLOPS/s)
MUL_MAT f32 m=64 n=96 k=64: 1 x 3.52 us = 3.52 us (221.673 GFLOPS/s)
MUL_MAT_ADD MUL_MAT_VEC q6_K m=5120 n=1 k=17408: 1 x 122.84 us = 122.84 us (1451.1 GFLOPS/s)
MUL_MAT_ADD MUL_MAT_VEC q6_K m=5120 n=1 k=6144: 1 x 54.44 us = 54.44 us (1155.57 GFLOPS/s)
MUL_MAT_VEC f32 m=256 n=4 k=256: 1 x 2.96 us = 2.96 us (176.778 GFLOPS/s)
MUL_MAT_VEC q6_K m=1024 n=1 k=5120: 2 x 9.1 us = 18.2 us (1152.17 GFLOPS/s)
MUL_MAT_VEC q6_K m=12288 n=1 k=5120: 1 x 85.2 us = 85.2 us (1476.72 GFLOPS/s)
MUL_MAT_VEC q6_K m=17408 n=1 k=5120: 2 x 121.02 us = 242.04 us (1472.82 GFLOPS/s)
MUL_MAT_VEC q6_K m=98304 n=1 k=5120: 1 x 673.52 us = 673.52 us (1494.44 GFLOPS/s)
MUL_MAT_VEC q8_0 m=5120 n=1 k=10240: 1 x 100.76 us = 100.76 us (1040.62 GFLOPS/s)
PAD: 1 x 6.24 us = 6.24 us
RMS_NORM_MUL RMS_NORM(256,24,1,1): 1 x 3.56 us = 3.56 us
RMS_NORM_MUL RMS_NORM(256,4,1,1): 1 x 3.56 us = 3.56 us
RMS_NORM_MUL RMS_NORM(5120,1,1,1): 5 x 3.68 us = 18.4 us
ROPE: 2 x 3.54 us = 7.08 us
SET_ROWS: 2 x 2.6 us = 5.2 us
SIGMOID_MUL SIGMOID: 1 x 1.68 us = 1.68 us
TOP_K K=10 (98304,1,1,1): 1 x 8.8 us = 8.8 us
Total time: 1392.96 us.
----------------
Vulkan Timings:
ADD: 48 x 3.665 us = 175.96 us
CONCAT: 48 x 2.48 us = 119.08 us
CONT: 16 x 3.722 us = 59.56 us
CPY: 240 x 2.136 us = 512.76 us
FLASH_ATTN_EXT dst(256,24,5,1),  q(256,5,24,1),  k(256,256,4,1),  v(256,256,4,1),  m(256,5,1,1): 16 x 20.885 us = 334.16 us (1506.21 GFLOPS/s)
GDN_CACHE GATED_DELTA_NET: 48 x 13.273 us = 637.12 us
GET_ROWS: 50 x 24.511 us = 1225.56 us
GLU: 64 x 2.918 us = 186.8 us
MUL_MAT f32 m=256 n=120 k=256: 16 x 1.78 us = 28.48 us (8819.06 GFLOPS/s)
MUL_MAT f32 m=256 n=20 k=256: 16 x 3.025 us = 48.4 us (864.899 GFLOPS/s)
MUL_MAT f32 m=64 n=480 k=64: 16 x 3.54 us = 56.64 us (1102.1 GFLOPS/s)
MUL_MAT f32 m=64 n=80 k=64: 16 x 3.205 us = 51.28 us (202.883 GFLOPS/s)
MUL_MAT_ADD MUL_MAT_VEC q6_K m=5120 n=5 k=17408: 64 x 137.266 us = 8785.04 us (6492.96 GFLOPS/s)
MUL_MAT_ADD MUL_MAT_VEC q6_K m=5120 n=5 k=6144: 16 x 59.56 us = 952.96 us (5281.18 GFLOPS/s)
MUL_MAT_VEC f32 m=48 n=5 k=5120: 96 x 3.354 us = 322.04 us (732.538 GFLOPS/s)
MUL_MAT_VEC q6_K m=1024 n=5 k=5120: 32 x 6.902 us = 220.88 us (7594.88 GFLOPS/s)
MUL_MAT_VEC q6_K m=10240 n=5 k=5120: 48 x 79.727 us = 3826.92 us (6575.36 GFLOPS/s)
MUL_MAT_VEC q6_K m=12288 n=5 k=5120: 16 x 98.572 us = 1577.16 us (6381.94 GFLOPS/s)
MUL_MAT_VEC q6_K m=17408 n=5 k=5120: 128 x 138.047 us = 17670 us (6455.78 GFLOPS/s)
MUL_MAT_VEC q6_K m=248320 n=5 k=5120: 1 x 1685.88 us = 1685.88 us (7540.72 GFLOPS/s)
MUL_MAT_VEC q6_K m=6144 n=5 k=5120: 48 x 53.117 us = 2549.64 us (5921.63 GFLOPS/s)
MUL_MAT_VEC q8_0 m=5120 n=5 k=6144: 48 x 62.919 us = 3020.12 us (4999.23 GFLOPS/s)
RMS_NORM_MUL RMS_NORM(256,24,5,1): 16 x 3.742 us = 59.88 us
RMS_NORM_MUL RMS_NORM(256,4,5,1): 16 x 4.292 us = 68.68 us
RMS_NORM_MUL RMS_NORM(5120,5,1,1): 129 x 4.505 us = 581.2 us
RMS_NORM_MUL_SILU_MUL RMS_NORM(128,48,5,1): 48 x 5.496 us = 263.84 us
RMS_NORM_SCALE RMS_NORM(128,16,5,1): 96 x 2.648 us = 254.24 us
ROPE: 32 x 3.75 us = 120 us
SET_ROWS: 32 x 2.725 us = 87.2 us
SIGMOID_MUL SIGMOID: 16 x 3.582 us = 57.32 us
SSM_CONV_SILU SSM_CONV: 48 x 5.544 us = 266.12 us
Total time: 45805 us.
----------------
Vulkan Timings:
CONCAT: 1 x 3.92 us = 3.92 us
CONT: 1 x 3.6 us = 3.6 us
FLASH_ATTN_EXT dst(256,24,5,1),  q(256,5,24,1),  k(256,256,4,1),  v(256,256,4,1),  m(256,5,1,1): 1 x 20.32 us = 20.32 us (1548.09 GFLOPS/s)
GLU: 1 x 1.48 us = 1.48 us
MUL_MAT f32 m=256 n=120 k=256: 1 x 1.64 us = 1.64 us (9571.9 GFLOPS/s)
MUL_MAT f32 m=256 n=20 k=256: 1 x 2.96 us = 2.96 us (883.892 GFLOPS/s)
MUL_MAT f32 m=64 n=480 k=64: 1 x 3.64 us = 3.64 us (1071.82 GFLOPS/s)
MUL_MAT f32 m=64 n=80 k=64: 1 x 3.56 us = 3.56 us (182.652 GFLOPS/s)
MUL_MAT_ADD MUL_MAT_VEC q6_K m=5120 n=5 k=17408: 1 x 172.23 us = 172.23 us (5174.85 GFLOPS/s)
MUL_MAT_ADD MUL_MAT_VEC q6_K m=5120 n=5 k=6144: 1 x 61.6 us = 61.6 us (5106.29 GFLOPS/s)
MUL_MAT_VEC q6_K m=1024 n=5 k=5120: 2 x 9.92 us = 19.84 us (5284.65 GFLOPS/s)
MUL_MAT_VEC q6_K m=12288 n=5 k=5120: 1 x 127.05 us = 127.05 us (4951.47 GFLOPS/s)
MUL_MAT_VEC q6_K m=17408 n=5 k=5120: 2 x 131.82 us = 263.64 us (6760.75 GFLOPS/s)
MUL_MAT_VEC q8_0 m=5120 n=5 k=10240: 1 x 105.48 us = 105.48 us (4970.25 GFLOPS/s)
RMS_NORM_MUL RMS_NORM(256,24,5,1): 1 x 3.64 us = 3.64 us
RMS_NORM_MUL RMS_NORM(256,4,5,1): 1 x 3.56 us = 3.56 us
RMS_NORM_MUL RMS_NORM(5120,5,1,1): 5 x 8.282 us = 41.41 us
ROPE: 2 x 3.58 us = 7.16 us
SET_ROWS: 2 x 2.6 us = 5.2 us
SIGMOID_MUL SIGMOID: 1 x 1.72 us = 1.72 us
Total time: 853.65 us.
----------------
Vulkan Timings:
CONCAT: 1 x 3.56 us = 3.56 us
CONT: 1 x 3.44 us = 3.44 us
FLASH_ATTN_EXT dst(256,24,1,1),  q(256,1,24,1),  k(256,256,4,1),  v(256,256,4,1),  m(256,1,1,1): 1 x 12.52 us = 12.52 us (502.512 GFLOPS/s)
GET_ROWS: 2 x 4.22 us = 8.44 us
GLU: 1 x 1.52 us = 1.52 us
MUL_MAT f32 m=256 n=24 k=256: 1 x 1.52 us = 1.52 us (2065.52 GFLOPS/s)
MUL_MAT f32 m=64 n=16 k=64: 1 x 1.76 us = 1.76 us (73.8909 GFLOPS/s)
MUL_MAT f32 m=64 n=96 k=64: 1 x 3.16 us = 3.16 us (246.927 GFLOPS/s)
MUL_MAT_ADD MUL_MAT_VEC q6_K m=5120 n=1 k=17408: 1 x 129.96 us = 129.96 us (1371.6 GFLOPS/s)
MUL_MAT_ADD MUL_MAT_VEC q6_K m=5120 n=1 k=6144: 1 x 53.2 us = 53.2 us (1182.51 GFLOPS/s)
MUL_MAT_VEC f32 m=256 n=4 k=256: 1 x 2.96 us = 2.96 us (176.778 GFLOPS/s)
MUL_MAT_VEC q6_K m=1024 n=1 k=5120: 2 x 9.18 us = 18.36 us (1142.13 GFLOPS/s)
MUL_MAT_VEC q6_K m=12288 n=1 k=5120: 1 x 89.36 us = 89.36 us (1407.98 GFLOPS/s)
MUL_MAT_VEC q6_K m=17408 n=1 k=5120: 2 x 118.12 us = 236.24 us (1508.98 GFLOPS/s)
MUL_MAT_VEC q6_K m=98304 n=1 k=5120: 1 x 672.82 us = 672.82 us (1495.99 GFLOPS/s)
MUL_MAT_VEC q8_0 m=5120 n=1 k=10240: 1 x 92.84 us = 92.84 us (1129.39 GFLOPS/s)
PAD: 1 x 6.32 us = 6.32 us
RMS_NORM_MUL RMS_NORM(256,24,1,1): 1 x 3.16 us = 3.16 us
RMS_NORM_MUL RMS_NORM(256,4,1,1): 1 x 4.76 us = 4.76 us
RMS_NORM_MUL RMS_NORM(5120,1,1,1): 5 x 3.856 us = 19.28 us
ROPE: 2 x 3.26 us = 6.52 us
SET_ROWS: 2 x 2.56 us = 5.12 us
SIGMOID_MUL SIGMOID: 1 x 1.56 us = 1.56 us
TOP_K K=10 (98304,1,1,1): 1 x 8.68 us = 8.68 us
Total time: 1387.06 us.
----------------
Vulkan Timings:
CONCAT: 1 x 3.72 us = 3.72 us
CONT: 1 x 3.6 us = 3.6 us
FLASH_ATTN_EXT dst(256,24,1,1),  q(256,1,24,1),  k(256,256,4,1),  v(256,256,4,1),  m(256,1,1,1): 1 x 12.8 us = 12.8 us (491.52 GFLOPS/s)
GET_ROWS: 2 x 5.96 us = 11.92 us
GLU: 1 x 1.84 us = 1.84 us
MUL_MAT f32 m=256 n=24 k=256: 1 x 1.68 us = 1.68 us (1868.8 GFLOPS/s)
MUL_MAT f32 m=64 n=16 k=64: 1 x 3.56 us = 3.56 us (36.5303 GFLOPS/s)
MUL_MAT f32 m=64 n=96 k=64: 1 x 3.56 us = 3.56 us (219.182 GFLOPS/s)
MUL_MAT_ADD MUL_MAT_VEC q6_K m=5120 n=1 k=17408: 1 x 123.24 us = 123.24 us (1446.39 GFLOPS/s)
MUL_MAT_ADD MUL_MAT_VEC q6_K m=5120 n=1 k=6144: 1 x 53.8 us = 53.8 us (1169.32 GFLOPS/s)
MUL_MAT_VEC f32 m=256 n=4 k=256: 1 x 2.96 us = 2.96 us (176.778 GFLOPS/s)
MUL_MAT_VEC q6_K m=1024 n=1 k=5120: 2 x 9.02 us = 18.04 us (1162.39 GFLOPS/s)
MUL_MAT_VEC q6_K m=12288 n=1 k=5120: 1 x 85.96 us = 85.96 us (1463.67 GFLOPS/s)
MUL_MAT_VEC q6_K m=17408 n=1 k=5120: 2 x 121.12 us = 242.24 us (1471.6 GFLOPS/s)
MUL_MAT_VEC q6_K m=98304 n=1 k=5120: 1 x 673.91 us = 673.91 us (1493.57 GFLOPS/s)
MUL_MAT_VEC q8_0 m=5120 n=1 k=10240: 1 x 100.64 us = 100.64 us (1041.86 GFLOPS/s)
PAD: 1 x 4.84 us = 4.84 us
RMS_NORM_MUL RMS_NORM(256,24,1,1): 1 x 3.52 us = 3.52 us
RMS_NORM_MUL RMS_NORM(256,4,1,1): 1 x 3.56 us = 3.56 us
RMS_NORM_MUL RMS_NORM(5120,1,1,1): 5 x 3.64 us = 18.2 us
ROPE: 2 x 3.54 us = 7.08 us
SET_ROWS: 2 x 2.6 us = 5.2 us
SIGMOID_MUL SIGMOID: 1 x 1.64 us = 1.64 us
TOP_K K=10 (98304,1,1,1): 1 x 8.56 us = 8.56 us
Total time: 1396.07 us.
----------------
Vulkan Timings:
CONCAT: 1 x 3.68 us = 3.68 us
CONT: 1 x 3.56 us = 3.56 us
FLASH_ATTN_EXT dst(256,24,1,1),  q(256,1,24,1),  k(256,256,4,1),  v(256,256,4,1),  m(256,1,1,1): 1 x 12.68 us = 12.68 us (496.172 GFLOPS/s)
GET_ROWS: 2 x 4.22 us = 8.44 us
GLU: 1 x 1.76 us = 1.76 us
MUL_MAT f32 m=256 n=24 k=256: 1 x 1.68 us = 1.68 us (1868.8 GFLOPS/s)
MUL_MAT f32 m=64 n=16 k=64: 1 x 3.56 us = 3.56 us (36.5303 GFLOPS/s)
MUL_MAT f32 m=64 n=96 k=64: 1 x 3.52 us = 3.52 us (221.673 GFLOPS/s)
MUL_MAT_ADD MUL_MAT_VEC q6_K m=5120 n=1 k=17408: 1 x 123.12 us = 123.12 us (1447.8 GFLOPS/s)
MUL_MAT_ADD MUL_MAT_VEC q6_K m=5120 n=1 k=6144: 1 x 53.16 us = 53.16 us (1183.4 GFLOPS/s)
MUL_MAT_VEC f32 m=256 n=4 k=256: 1 x 3 us = 3 us (174.421 GFLOPS/s)
MUL_MAT_VEC q6_K m=1024 n=1 k=5120: 2 x 9.06 us = 18.12 us (1157.26 GFLOPS/s)
MUL_MAT_VEC q6_K m=12288 n=1 k=5120: 1 x 85.84 us = 85.84 us (1465.71 GFLOPS/s)
MUL_MAT_VEC q6_K m=17408 n=1 k=5120: 2 x 121.18 us = 242.36 us (1470.87 GFLOPS/s)
MUL_MAT_VEC q6_K m=98304 n=1 k=5120: 1 x 674.01 us = 674.01 us (1493.35 GFLOPS/s)
MUL_MAT_VEC q8_0 m=5120 n=1 k=10240: 1 x 101.08 us = 101.08 us (1037.32 GFLOPS/s)
PAD: 1 x 6.28 us = 6.28 us
RMS_NORM_MUL RMS_NORM(256,24,1,1): 1 x 3.56 us = 3.56 us
RMS_NORM_MUL RMS_NORM(256,4,1,1): 1 x 3.56 us = 3.56 us
RMS_NORM_MUL RMS_NORM(5120,1,1,1): 5 x 3.648 us = 18.24 us
ROPE: 2 x 3.54 us = 7.08 us
SET_ROWS: 2 x 2.58 us = 5.16 us
SIGMOID_MUL SIGMOID: 1 x 1.68 us = 1.68 us
TOP_K K=10 (98304,1,1,1): 1 x 8.4 us = 8.4 us
Total time: 1393.53 us.
----------------
Vulkan Timings:
CONCAT: 1 x 3.68 us = 3.68 us
CONT: 1 x 3.56 us = 3.56 us
FLASH_ATTN_EXT dst(256,24,1,1),  q(256,1,24,1),  k(256,256,4,1),  v(256,256,4,1),  m(256,1,1,1): 1 x 12.72 us = 12.72 us (494.611 GFLOPS/s)
GET_ROWS: 2 x 4.22 us = 8.44 us
GLU: 1 x 1.8 us = 1.8 us
MUL_MAT f32 m=256 n=24 k=256: 1 x 1.6 us = 1.6 us (1962.24 GFLOPS/s)
MUL_MAT f32 m=64 n=16 k=64: 1 x 3.56 us = 3.56 us (36.5303 GFLOPS/s)
MUL_MAT f32 m=64 n=96 k=64: 1 x 3.52 us = 3.52 us (221.673 GFLOPS/s)
MUL_MAT_ADD MUL_MAT_VEC q6_K m=5120 n=1 k=17408: 1 x 123.28 us = 123.28 us (1445.92 GFLOPS/s)
MUL_MAT_ADD MUL_MAT_VEC q6_K m=5120 n=1 k=6144: 1 x 53.72 us = 53.72 us (1171.06 GFLOPS/s)
MUL_MAT_VEC f32 m=256 n=4 k=256: 1 x 2.96 us = 2.96 us (176.778 GFLOPS/s)
MUL_MAT_VEC q6_K m=1024 n=1 k=5120: 2 x 9.02 us = 18.04 us (1162.39 GFLOPS/s)
MUL_MAT_VEC q6_K m=12288 n=1 k=5120: 1 x 85.76 us = 85.76 us (1467.08 GFLOPS/s)
MUL_MAT_VEC q6_K m=17408 n=1 k=5120: 2 x 121.16 us = 242.32 us (1471.12 GFLOPS/s)
MUL_MAT_VEC q6_K m=98304 n=1 k=5120: 1 x 673.43 us = 673.43 us (1494.64 GFLOPS/s)
MUL_MAT_VEC q8_0 m=5120 n=1 k=10240: 1 x 101 us = 101 us (1038.14 GFLOPS/s)
PAD: 1 x 6.2 us = 6.2 us
RMS_NORM_MUL RMS_NORM(256,24,1,1): 1 x 3.56 us = 3.56 us
RMS_NORM_MUL RMS_NORM(256,4,1,1): 1 x 3.48 us = 3.48 us
RMS_NORM_MUL RMS_NORM(5120,1,1,1): 5 x 3.672 us = 18.36 us
ROPE: 2 x 3.5 us = 7 us
SET_ROWS: 2 x 2.62 us = 5.24 us
SIGMOID_MUL SIGMOID: 1 x 1.68 us = 1.68 us
TOP_K K=10 (98304,1,1,1): 1 x 8.48 us = 8.48 us
Total time: 1393.39 us.
----------------
Vulkan Timings:
ADD: 48 x 3.677 us = 176.52 us
CONCAT: 48 x 2.421 us = 116.24 us
CONT: 16 x 3.727 us = 59.64 us
CPY: 240 x 2.171 us = 521.12 us
FLASH_ATTN_EXT dst(256,24,5,1),  q(256,5,24,1),  k(256,256,4,1),  v(256,256,4,1),  m(256,5,1,1): 16 x 20.445 us = 327.12 us (1538.63 GFLOPS/s)
GDN_CACHE GATED_DELTA_NET: 48 x 13.295 us = 638.16 us
GET_ROWS: 50 x 24.523 us = 1226.16 us
GLU: 64 x 2.958 us = 189.32 us
MUL_MAT f32 m=256 n=120 k=256: 16 x 1.777 us = 28.44 us (8831.46 GFLOPS/s)
MUL_MAT f32 m=256 n=20 k=256: 16 x 3.03 us = 48.48 us (863.472 GFLOPS/s)
MUL_MAT f32 m=64 n=480 k=64: 16 x 3.535 us = 56.56 us (1103.66 GFLOPS/s)
MUL_MAT f32 m=64 n=80 k=64: 16 x 3.192 us = 51.08 us (203.677 GFLOPS/s)
MUL_MAT_ADD MUL_MAT_VEC q6_K m=5120 n=5 k=17408: 64 x 137.613 us = 8807.24 us (6476.59 GFLOPS/s)
MUL_MAT_ADD MUL_MAT_VEC q6_K m=5120 n=5 k=6144: 16 x 59.012 us = 944.2 us (5330.18 GFLOPS/s)
MUL_MAT_VEC f32 m=48 n=5 k=5120: 96 x 3.297 us = 316.52 us (745.313 GFLOPS/s)
MUL_MAT_VEC q6_K m=1024 n=5 k=5120: 32 x 6.995 us = 223.84 us (7494.45 GFLOPS/s)
MUL_MAT_VEC q6_K m=10240 n=5 k=5120: 48 x 79.66 us = 3823.68 us (6580.93 GFLOPS/s)
MUL_MAT_VEC q6_K m=12288 n=5 k=5120: 16 x 98.472 us = 1575.56 us (6388.42 GFLOPS/s)
MUL_MAT_VEC q6_K m=17408 n=5 k=5120: 128 x 137.893 us = 17650.4 us (6462.98 GFLOPS/s)
MUL_MAT_VEC q6_K m=248320 n=5 k=5120: 1 x 1685.52 us = 1685.52 us (7542.33 GFLOPS/s)
MUL_MAT_VEC q6_K m=6144 n=5 k=5120: 48 x 53.225 us = 2554.84 us (5909.58 GFLOPS/s)
MUL_MAT_VEC q8_0 m=5120 n=5 k=6144: 48 x 62.976 us = 3022.88 us (4994.66 GFLOPS/s)
RMS_NORM_MUL RMS_NORM(256,24,5,1): 16 x 3.625 us = 58 us
RMS_NORM_MUL RMS_NORM(256,4,5,1): 16 x 4.287 us = 68.6 us
RMS_NORM_MUL RMS_NORM(5120,5,1,1): 129 x 4.533 us = 584.84 us
RMS_NORM_MUL_SILU_MUL RMS_NORM(128,48,5,1): 48 x 5.505 us = 264.28 us
RMS_NORM_SCALE RMS_NORM(128,16,5,1): 96 x 2.648 us = 254.28 us
ROPE: 32 x 3.748 us = 119.96 us
SET_ROWS: 32 x 2.885 us = 92.32 us
SIGMOID_MUL SIGMOID: 16 x 3.58 us = 57.28 us
SSM_CONV_SILU SSM_CONV: 48 x 5.503 us = 264.16 us
Total time: 45807.2 us.
----------------
Vulkan Timings:
CONCAT: 1 x 3.92 us = 3.92 us
CONT: 1 x 3.56 us = 3.56 us
FLASH_ATTN_EXT dst(256,24,5,1),  q(256,5,24,1),  k(256,256,4,1),  v(256,256,4,1),  m(256,5,1,1): 1 x 20.28 us = 20.28 us (1551.15 GFLOPS/s)
GLU: 1 x 1.72 us = 1.72 us
MUL_MAT f32 m=256 n=120 k=256: 1 x 1.72 us = 1.72 us (9126.7 GFLOPS/s)
MUL_MAT f32 m=256 n=20 k=256: 1 x 2.96 us = 2.96 us (883.892 GFLOPS/s)
MUL_MAT f32 m=64 n=480 k=64: 1 x 3.56 us = 3.56 us (1095.91 GFLOPS/s)
MUL_MAT f32 m=64 n=80 k=64: 1 x 3.6 us = 3.6 us (180.622 GFLOPS/s)
MUL_MAT_ADD MUL_MAT_VEC q6_K m=5120 n=5 k=17408: 1 x 163.24 us = 163.24 us (5459.84 GFLOPS/s)
MUL_MAT_ADD MUL_MAT_VEC q6_K m=5120 n=5 k=6144: 1 x 67.56 us = 67.56 us (4655.82 GFLOPS/s)
MUL_MAT_VEC q6_K m=1024 n=5 k=5120: 2 x 8.48 us = 16.96 us (6182.04 GFLOPS/s)
MUL_MAT_VEC q6_K m=12288 n=5 k=5120: 1 x 125.9 us = 125.9 us (4996.7 GFLOPS/s)
MUL_MAT_VEC q6_K m=17408 n=5 k=5120: 2 x 131.04 us = 262.08 us (6801 GFLOPS/s)
MUL_MAT_VEC q8_0 m=5120 n=5 k=10240: 1 x 104.8 us = 104.8 us (5002.5 GFLOPS/s)
RMS_NORM_MUL RMS_NORM(256,24,5,1): 1 x 5.6 us = 5.6 us
RMS_NORM_MUL RMS_NORM(256,4,5,1): 1 x 3.56 us = 3.56 us
RMS_NORM_MUL RMS_NORM(5120,5,1,1): 5 x 7.62 us = 38.1 us
ROPE: 2 x 3.56 us = 7.12 us
SET_ROWS: 2 x 2.62 us = 5.24 us
SIGMOID_MUL SIGMOID: 1 x 1.68 us = 1.68 us
Total time: 843.16 us.
----------------
Vulkan Timings:
CONCAT: 1 x 3.64 us = 3.64 us
CONT: 1 x 3.44 us = 3.44 us
FLASH_ATTN_EXT dst(256,24,1,1),  q(256,1,24,1),  k(256,256,4,1),  v(256,256,4,1),  m(256,1,1,1): 1 x 12.36 us = 12.36 us (509.017 GFLOPS/s)
GET_ROWS: 2 x 4.24 us = 8.48 us
GLU: 1 x 1.6 us = 1.6 us
MUL_MAT f32 m=256 n=24 k=256: 1 x 1.52 us = 1.52 us (2065.52 GFLOPS/s)
MUL_MAT f32 m=64 n=16 k=64: 1 x 1.76 us = 1.76 us (73.8909 GFLOPS/s)
MUL_MAT f32 m=64 n=96 k=64: 1 x 3.12 us = 3.12 us (250.092 GFLOPS/s)
MUL_MAT_ADD MUL_MAT_VEC q6_K m=5120 n=1 k=17408: 1 x 130.04 us = 130.04 us (1370.75 GFLOPS/s)
MUL_MAT_ADD MUL_MAT_VEC q6_K m=5120 n=1 k=6144: 1 x 52.6 us = 52.6 us (1196 GFLOPS/s)
MUL_MAT_VEC f32 m=256 n=4 k=256: 1 x 2.96 us = 2.96 us (176.778 GFLOPS/s)
MUL_MAT_VEC q6_K m=1024 n=1 k=5120: 2 x 9.22 us = 18.44 us (1137.17 GFLOPS/s)
MUL_MAT_VEC q6_K m=12288 n=1 k=5120: 1 x 90 us = 90 us (1397.96 GFLOPS/s)
MUL_MAT_VEC q6_K m=17408 n=1 k=5120: 2 x 117.74 us = 235.48 us (1513.85 GFLOPS/s)
MUL_MAT_VEC q6_K m=98304 n=1 k=5120: 1 x 672.6 us = 672.6 us (1496.48 GFLOPS/s)
MUL_MAT_VEC q8_0 m=5120 n=1 k=10240: 1 x 93.08 us = 93.08 us (1126.48 GFLOPS/s)
PAD: 1 x 8.32 us = 8.32 us
RMS_NORM_MUL RMS_NORM(256,24,1,1): 1 x 3.12 us = 3.12 us
RMS_NORM_MUL RMS_NORM(256,4,1,1): 1 x 4.76 us = 4.76 us
RMS_NORM_MUL RMS_NORM(5120,1,1,1): 5 x 3.992 us = 19.96 us
ROPE: 2 x 3.26 us = 6.52 us
SET_ROWS: 2 x 2.58 us = 5.16 us
SIGMOID_MUL SIGMOID: 1 x 2.4 us = 2.4 us
TOP_K K=10 (98304,1,1,1): 1 x 6.64 us = 6.64 us
Total time: 1388 us.
----------------
Vulkan Timings:
CONCAT: 1 x 3.68 us = 3.68 us
CONT: 1 x 3.56 us = 3.56 us
FLASH_ATTN_EXT dst(256,24,1,1),  q(256,1,24,1),  k(256,256,4,1),  v(256,256,4,1),  m(256,1,1,1): 1 x 12.68 us = 12.68 us (496.172 GFLOPS/s)
GET_ROWS: 2 x 4.2 us = 8.4 us
GLU: 1 x 1.88 us = 1.88 us
MUL_MAT f32 m=256 n=24 k=256: 1 x 1.6 us = 1.6 us (1962.24 GFLOPS/s)
MUL_MAT f32 m=64 n=16 k=64: 1 x 3.6 us = 3.6 us (36.1244 GFLOPS/s)
MUL_MAT f32 m=64 n=96 k=64: 1 x 3.52 us = 3.52 us (221.673 GFLOPS/s)
MUL_MAT_ADD MUL_MAT_VEC q6_K m=5120 n=1 k=17408: 1 x 123.04 us = 123.04 us (1448.74 GFLOPS/s)
MUL_MAT_ADD MUL_MAT_VEC q6_K m=5120 n=1 k=6144: 1 x 53.52 us = 53.52 us (1175.44 GFLOPS/s)
MUL_MAT_VEC f32 m=256 n=4 k=256: 1 x 3 us = 3 us (174.421 GFLOPS/s)
MUL_MAT_VEC q6_K m=1024 n=1 k=5120: 2 x 9.2 us = 18.4 us (1139.65 GFLOPS/s)
MUL_MAT_VEC q6_K m=12288 n=1 k=5120: 1 x 85.52 us = 85.52 us (1471.2 GFLOPS/s)
MUL_MAT_VEC q6_K m=17408 n=1 k=5120: 2 x 121.6 us = 243.2 us (1465.79 GFLOPS/s)
MUL_MAT_VEC q6_K m=98304 n=1 k=5120: 1 x 674.61 us = 674.61 us (1492.02 GFLOPS/s)
MUL_MAT_VEC q8_0 m=5120 n=1 k=10240: 1 x 100.92 us = 100.92 us (1038.97 GFLOPS/s)
PAD: 1 x 6.12 us = 6.12 us
RMS_NORM_MUL RMS_NORM(256,24,1,1): 1 x 3.56 us = 3.56 us
RMS_NORM_MUL RMS_NORM(256,4,1,1): 1 x 3.56 us = 3.56 us
RMS_NORM_MUL RMS_NORM(5120,1,1,1): 5 x 3.624 us = 18.12 us
ROPE: 2 x 3.52 us = 7.04 us
SET_ROWS: 2 x 2.58 us = 5.16 us
SIGMOID_MUL SIGMOID: 1 x 1.68 us = 1.68 us
TOP_K K=10 (98304,1,1,1): 1 x 8.64 us = 8.64 us
Total time: 1395.01 us.
----------------
Vulkan Timings:
CONCAT: 1 x 3.68 us = 3.68 us
CONT: 1 x 3.56 us = 3.56 us
FLASH_ATTN_EXT dst(256,24,1,1),  q(256,1,24,1),  k(256,256,4,1),  v(256,256,4,1),  m(256,1,1,1): 1 x 12.96 us = 12.96 us (485.452 GFLOPS/s)
GET_ROWS: 2 x 4.18 us = 8.36 us
GLU: 1 x 1.8 us = 1.8 us
MUL_MAT f32 m=256 n=24 k=256: 1 x 1.6 us = 1.6 us (1962.24 GFLOPS/s)
MUL_MAT f32 m=64 n=16 k=64: 1 x 3.52 us = 3.52 us (36.9455 GFLOPS/s)
MUL_MAT f32 m=64 n=96 k=64: 1 x 3.6 us = 3.6 us (216.747 GFLOPS/s)
MUL_MAT_ADD MUL_MAT_VEC q6_K m=5120 n=1 k=17408: 1 x 123.08 us = 123.08 us (1448.27 GFLOPS/s)
MUL_MAT_ADD MUL_MAT_VEC q6_K m=5120 n=1 k=6144: 1 x 53.12 us = 53.12 us (1184.29 GFLOPS/s)
MUL_MAT_VEC f32 m=256 n=4 k=256: 1 x 2.96 us = 2.96 us (176.778 GFLOPS/s)
MUL_MAT_VEC q6_K m=1024 n=1 k=5120: 2 x 5.9 us = 11.8 us (1777.07 GFLOPS/s)
MUL_MAT_VEC q6_K m=12288 n=1 k=5120: 1 x 92.88 us = 92.88 us (1354.62 GFLOPS/s)
MUL_MAT_VEC q6_K m=17408 n=1 k=5120: 2 x 120.9 us = 241.8 us (1474.28 GFLOPS/s)
MUL_MAT_VEC q6_K m=98304 n=1 k=5120: 1 x 675 us = 675 us (1491.16 GFLOPS/s)
MUL_MAT_VEC q8_0 m=5120 n=1 k=10240: 1 x 101.28 us = 101.28 us (1035.27 GFLOPS/s)
PAD: 1 x 6.2 us = 6.2 us
RMS_NORM_MUL RMS_NORM(256,24,1,1): 1 x 3.52 us = 3.52 us
RMS_NORM_MUL RMS_NORM(256,4,1,1): 1 x 3.48 us = 3.48 us
RMS_NORM_MUL RMS_NORM(5120,1,1,1): 5 x 3.744 us = 18.72 us
ROPE: 2 x 3.52 us = 7.04 us
SET_ROWS: 2 x 2.6 us = 5.2 us
SIGMOID_MUL SIGMOID: 1 x 1.68 us = 1.68 us
TOP_K K=10 (98304,1,1,1): 1 x 8.76 us = 8.76 us
Total time: 1395.6 us.
----------------
Vulkan Timings:
CONCAT: 1 x 3.96 us = 3.96 us
CONT: 1 x 3.56 us = 3.56 us
FLASH_ATTN_EXT dst(256,24,1,1),  q(256,1,24,1),  k(256,256,4,1),  v(256,256,4,1),  m(256,1,1,1): 1 x 12.92 us = 12.92 us (486.955 GFLOPS/s)
GET_ROWS: 2 x 4.2 us = 8.4 us
GLU: 1 x 1.8 us = 1.8 us
MUL_MAT f32 m=256 n=24 k=256: 1 x 2.16 us = 2.16 us (1453.51 GFLOPS/s)
MUL_MAT f32 m=64 n=16 k=64: 1 x 3.56 us = 3.56 us (36.5303 GFLOPS/s)
MUL_MAT f32 m=64 n=96 k=64: 1 x 3.52 us = 3.52 us (221.673 GFLOPS/s)
MUL_MAT_ADD MUL_MAT_VEC q6_K m=5120 n=1 k=17408: 1 x 122.76 us = 122.76 us (1452.04 GFLOPS/s)
MUL_MAT_ADD MUL_MAT_VEC q6_K m=5120 n=1 k=6144: 1 x 53.4 us = 53.4 us (1178.08 GFLOPS/s)
MUL_MAT_VEC f32 m=256 n=4 k=256: 1 x 0.72 us = 0.72 us (726.756 GFLOPS/s)
MUL_MAT_VEC q6_K m=1024 n=1 k=5120: 2 x 9.12 us = 18.24 us (1149.64 GFLOPS/s)
MUL_MAT_VEC q6_K m=12288 n=1 k=5120: 1 x 85.96 us = 85.96 us (1463.67 GFLOPS/s)
MUL_MAT_VEC q6_K m=17408 n=1 k=5120: 2 x 121.32 us = 242.64 us (1469.18 GFLOPS/s)
MUL_MAT_VEC q6_K m=98304 n=1 k=5120: 1 x 676.85 us = 676.85 us (1487.09 GFLOPS/s)
MUL_MAT_VEC q8_0 m=5120 n=1 k=10240: 1 x 100.76 us = 100.76 us (1040.62 GFLOPS/s)
PAD: 1 x 6.2 us = 6.2 us
RMS_NORM_MUL RMS_NORM(256,24,1,1): 1 x 3.48 us = 3.48 us
RMS_NORM_MUL RMS_NORM(256,4,1,1): 1 x 3.52 us = 3.52 us
RMS_NORM_MUL RMS_NORM(5120,1,1,1): 5 x 3.704 us = 18.52 us
ROPE: 2 x 3.54 us = 7.08 us
SET_ROWS: 2 x 3.48 us = 6.96 us
SIGMOID_MUL SIGMOID: 1 x 1.6 us = 1.6 us
TOP_K K=10 (98304,1,1,1): 1 x 8.72 us = 8.72 us
Total time: 1397.29 us.
----------------
Vulkan Timings:
ADD: 48 x 3.67 us = 176.16 us
CONCAT: 48 x 2.415 us = 115.96 us
CONT: 16 x 3.705 us = 59.28 us
CPY: 240 x 2.187 us = 525 us
FLASH_ATTN_EXT dst(256,24,5,1),  q(256,5,24,1),  k(256,256,4,1),  v(256,256,4,1),  m(256,5,1,1): 16 x 20.375 us = 326 us (1543.92 GFLOPS/s)
GDN_CACHE GATED_DELTA_NET: 48 x 13.359 us = 641.24 us
GET_ROWS: 50 x 24.34 us = 1217.04 us
GLU: 64 x 2.865 us = 183.36 us
MUL_MAT f32 m=256 n=120 k=256: 16 x 1.775 us = 28.4 us (8843.9 GFLOPS/s)
MUL_MAT f32 m=256 n=20 k=256: 16 x 3.01 us = 48.16 us (869.209 GFLOPS/s)
MUL_MAT f32 m=64 n=480 k=64: 16 x 3.535 us = 56.56 us (1103.66 GFLOPS/s)
MUL_MAT f32 m=64 n=80 k=64: 16 x 3.187 us = 51 us (203.997 GFLOPS/s)
MUL_MAT_ADD MUL_MAT_VEC q6_K m=5120 n=5 k=17408: 64 x 137.82 us = 8820.48 us (6466.87 GFLOPS/s)
MUL_MAT_ADD MUL_MAT_VEC q6_K m=5120 n=5 k=6144: 16 x 58.822 us = 941.16 us (5347.4 GFLOPS/s)
MUL_MAT_VEC f32 m=48 n=5 k=5120: 96 x 3.272 us = 314.2 us (750.817 GFLOPS/s)
MUL_MAT_VEC q6_K m=1024 n=5 k=5120: 32 x 7.012 us = 224.4 us (7475.75 GFLOPS/s)
MUL_MAT_VEC q6_K m=10240 n=5 k=5120: 48 x 79.544 us = 3818.12 us (6590.51 GFLOPS/s)
MUL_MAT_VEC q6_K m=12288 n=5 k=5120: 16 x 98.55 us = 1576.8 us (6383.4 GFLOPS/s)
MUL_MAT_VEC q6_K m=17408 n=5 k=5120: 128 x 138.255 us = 17696.8 us (6446.03 GFLOPS/s)
MUL_MAT_VEC q6_K m=248320 n=5 k=5120: 1 x 1688 us = 1688 us (7531.25 GFLOPS/s)
MUL_MAT_VEC q6_K m=6144 n=5 k=5120: 48 x 53.082 us = 2547.96 us (5925.53 GFLOPS/s)
MUL_MAT_VEC q8_0 m=5120 n=5 k=6144: 48 x 62.975 us = 3022.84 us (4994.73 GFLOPS/s)
RMS_NORM_MUL RMS_NORM(256,24,5,1): 16 x 3.615 us = 57.84 us
RMS_NORM_MUL RMS_NORM(256,4,5,1): 16 x 4.287 us = 68.6 us
RMS_NORM_MUL RMS_NORM(5120,5,1,1): 129 x 4.518 us = 582.84 us
RMS_NORM_MUL_SILU_MUL RMS_NORM(128,48,5,1): 48 x 5.478 us = 262.96 us
RMS_NORM_SCALE RMS_NORM(128,16,5,1): 96 x 2.639 us = 253.4 us
ROPE: 32 x 3.733 us = 119.48 us
SET_ROWS: 32 x 2.876 us = 92.04 us
SIGMOID_MUL SIGMOID: 16 x 3.57 us = 57.12 us
SSM_CONV_SILU SSM_CONV: 48 x 5.551 us = 266.48 us
Total time: 45839.6 us.
----------------
Vulkan Timings:
CONCAT: 1 x 3.96 us = 3.96 us
CONT: 1 x 3.56 us = 3.56 us
FLASH_ATTN_EXT dst(256,24,5,1),  q(256,5,24,1),  k(256,256,4,1),  v(256,256,4,1),  m(256,5,1,1): 1 x 20.24 us = 20.24 us (1554.21 GFLOPS/s)
GLU: 1 x 1.44 us = 1.44 us
MUL_MAT f32 m=256 n=120 k=256: 1 x 1.64 us = 1.64 us (9571.9 GFLOPS/s)
MUL_MAT f32 m=256 n=20 k=256: 1 x 2.96 us = 2.96 us (883.892 GFLOPS/s)
MUL_MAT f32 m=64 n=480 k=64: 1 x 3.6 us = 3.6 us (1083.73 GFLOPS/s)
MUL_MAT f32 m=64 n=80 k=64: 1 x 3.56 us = 3.56 us (182.652 GFLOPS/s)
MUL_MAT_ADD MUL_MAT_VEC q6_K m=5120 n=5 k=17408: 1 x 230.12 us = 230.12 us (3873.04 GFLOPS/s)
MUL_MAT_ADD MUL_MAT_VEC q6_K m=5120 n=5 k=6144: 1 x 68.04 us = 68.04 us (4622.97 GFLOPS/s)
MUL_MAT_VEC q6_K m=1024 n=5 k=5120: 2 x 9.32 us = 18.64 us (5624.86 GFLOPS/s)
MUL_MAT_VEC q6_K m=12288 n=5 k=5120: 1 x 128.08 us = 128.08 us (4911.65 GFLOPS/s)
MUL_MAT_VEC q6_K m=17408 n=5 k=5120: 2 x 131.18 us = 262.36 us (6793.74 GFLOPS/s)
MUL_MAT_VEC q8_0 m=5120 n=5 k=10240: 1 x 105.12 us = 105.12 us (4987.28 GFLOPS/s)
RMS_NORM_MUL RMS_NORM(256,24,5,1): 1 x 3.72 us = 3.72 us
RMS_NORM_MUL RMS_NORM(256,4,5,1): 1 x 3.6 us = 3.6 us
RMS_NORM_MUL RMS_NORM(5120,5,1,1): 5 x 7.444 us = 37.22 us
ROPE: 2 x 3.58 us = 7.16 us
SET_ROWS: 2 x 2.6 us = 5.2 us
SIGMOID_MUL SIGMOID: 1 x 1.68 us = 1.68 us
Total time: 911.9 us.
----------------
Vulkan Timings:
CONCAT: 1 x 3.64 us = 3.64 us
CONT: 1 x 3.4 us = 3.4 us
FLASH_ATTN_EXT dst(256,24,1,1),  q(256,1,24,1),  k(256,256,4,1),  v(256,256,4,1),  m(256,1,1,1): 1 x 12.44 us = 12.44 us (505.744 GFLOPS/s)
GET_ROWS: 2 x 4.22 us = 8.44 us
GLU: 1 x 1.6 us = 1.6 us
MUL_MAT f32 m=256 n=24 k=256: 1 x 1.52 us = 1.52 us (2065.52 GFLOPS/s)
MUL_MAT f32 m=64 n=16 k=64: 1 x 1.8 us = 1.8 us (72.2489 GFLOPS/s)
MUL_MAT f32 m=64 n=96 k=64: 1 x 3.12 us = 3.12 us (250.092 GFLOPS/s)
MUL_MAT_ADD MUL_MAT_VEC q6_K m=5120 n=1 k=17408: 1 x 130.88 us = 130.88 us (1361.96 GFLOPS/s)
MUL_MAT_ADD MUL_MAT_VEC q6_K m=5120 n=1 k=6144: 1 x 54.16 us = 54.16 us (1161.55 GFLOPS/s)
MUL_MAT_VEC f32 m=256 n=4 k=256: 1 x 2.96 us = 2.96 us (176.778 GFLOPS/s)
MUL_MAT_VEC q6_K m=1024 n=1 k=5120: 2 x 9.16 us = 18.32 us (1144.62 GFLOPS/s)
MUL_MAT_VEC q6_K m=12288 n=1 k=5120: 1 x 89.64 us = 89.64 us (1403.58 GFLOPS/s)
MUL_MAT_VEC q6_K m=17408 n=1 k=5120: 2 x 117.94 us = 235.88 us (1511.28 GFLOPS/s)
MUL_MAT_VEC q6_K m=98304 n=1 k=5120: 1 x 672.71 us = 672.71 us (1496.24 GFLOPS/s)
MUL_MAT_VEC q8_0 m=5120 n=1 k=10240: 1 x 93.24 us = 93.24 us (1124.54 GFLOPS/s)
PAD: 1 x 6.24 us = 6.24 us
RMS_NORM_MUL RMS_NORM(256,24,1,1): 1 x 3.12 us = 3.12 us
RMS_NORM_MUL RMS_NORM(256,4,1,1): 1 x 4.76 us = 4.76 us
RMS_NORM_MUL RMS_NORM(5120,1,1,1): 5 x 4 us = 20 us
ROPE: 2 x 3.26 us = 6.52 us
SET_ROWS: 2 x 2.54 us = 5.08 us
SIGMOID_MUL SIGMOID: 1 x 1.52 us = 1.52 us
TOP_K K=10 (98304,1,1,1): 1 x 9.2 us = 9.2 us
Total time: 1390.19 us.
----------------
Vulkan Timings:
CONCAT: 1 x 3.68 us = 3.68 us
CONT: 1 x 3.36 us = 3.36 us
FLASH_ATTN_EXT dst(256,24,1,1),  q(256,1,24,1),  k(256,256,4,1),  v(256,256,4,1),  m(256,1,1,1): 1 x 12.6 us = 12.6 us (499.322 GFLOPS/s)
GET_ROWS: 2 x 4.28 us = 8.56 us
GLU: 1 x 1.8 us = 1.8 us
MUL_MAT f32 m=256 n=24 k=256: 1 x 1.52 us = 1.52 us (2065.52 GFLOPS/s)
MUL_MAT f32 m=64 n=16 k=64: 1 x 3.36 us = 3.36 us (38.7048 GFLOPS/s)
MUL_MAT f32 m=64 n=96 k=64: 1 x 3.28 us = 3.28 us (237.893 GFLOPS/s)
MUL_MAT_ADD MUL_MAT_VEC q6_K m=5120 n=1 k=17408: 1 x 123.36 us = 123.36 us (1444.98 GFLOPS/s)
MUL_MAT_ADD MUL_MAT_VEC q6_K m=5120 n=1 k=6144: 1 x 53.68 us = 53.68 us (1171.93 GFLOPS/s)
MUL_MAT_VEC f32 m=256 n=4 k=256: 1 x 2.76 us = 2.76 us (189.588 GFLOPS/s)
MUL_MAT_VEC q6_K m=1024 n=1 k=5120: 2 x 9 us = 18 us (1164.97 GFLOPS/s)
MUL_MAT_VEC q6_K m=12288 n=1 k=5120: 1 x 85.44 us = 85.44 us (1472.58 GFLOPS/s)
MUL_MAT_VEC q6_K m=17408 n=1 k=5120: 2 x 121.14 us = 242.28 us (1471.36 GFLOPS/s)
MUL_MAT_VEC q6_K m=98304 n=1 k=5120: 1 x 671.28 us = 671.28 us (1499.43 GFLOPS/s)
MUL_MAT_VEC q8_0 m=5120 n=1 k=10240: 1 x 104.04 us = 104.04 us (1007.81 GFLOPS/s)
PAD: 1 x 7.08 us = 7.08 us
RMS_NORM_MUL RMS_NORM(256,24,1,1): 1 x 3.32 us = 3.32 us
RMS_NORM_MUL RMS_NORM(256,4,1,1): 1 x 3.2 us = 3.2 us
RMS_NORM_MUL RMS_NORM(5120,1,1,1): 5 x 3.712 us = 18.56 us
ROPE: 2 x 3.26 us = 6.52 us
SET_ROWS: 2 x 2.52 us = 5.04 us
SIGMOID_MUL SIGMOID: 1 x 1.56 us = 1.56 us
TOP_K K=10 (98304,1,1,1): 1 x 8.72 us = 8.72 us
Total time: 1393 us.
----------------
Vulkan Timings:
CONCAT: 1 x 3.68 us = 3.68 us
CONT: 1 x 3.52 us = 3.52 us
FLASH_ATTN_EXT dst(256,24,1,1),  q(256,1,24,1),  k(256,256,4,1),  v(256,256,4,1),  m(256,1,1,1): 1 x 13 us = 13 us (483.958 GFLOPS/s)
GET_ROWS: 2 x 4.22 us = 8.44 us
GLU: 1 x 1.76 us = 1.76 us
MUL_MAT f32 m=256 n=24 k=256: 1 x 2.24 us = 2.24 us (1401.6 GFLOPS/s)
MUL_MAT f32 m=64 n=16 k=64: 1 x 3.56 us = 3.56 us (36.5303 GFLOPS/s)
MUL_MAT f32 m=64 n=96 k=64: 1 x 3.56 us = 3.56 us (219.182 GFLOPS/s)
MUL_MAT_ADD MUL_MAT_VEC q6_K m=5120 n=1 k=17408: 1 x 123.2 us = 123.2 us (1446.86 GFLOPS/s)
MUL_MAT_ADD MUL_MAT_VEC q6_K m=5120 n=1 k=6144: 1 x 53.8 us = 53.8 us (1169.32 GFLOPS/s)
MUL_MAT_VEC f32 m=256 n=4 k=256: 1 x 0.72 us = 0.72 us (726.756 GFLOPS/s)
MUL_MAT_VEC q6_K m=1024 n=1 k=5120: 2 x 9.14 us = 18.28 us (1147.13 GFLOPS/s)
MUL_MAT_VEC q6_K m=12288 n=1 k=5120: 1 x 85.64 us = 85.64 us (1469.14 GFLOPS/s)
MUL_MAT_VEC q6_K m=17408 n=1 k=5120: 2 x 121.14 us = 242.28 us (1471.36 GFLOPS/s)
MUL_MAT_VEC q6_K m=98304 n=1 k=5120: 1 x 673.78 us = 673.78 us (1493.86 GFLOPS/s)
MUL_MAT_VEC q8_0 m=5120 n=1 k=10240: 1 x 100.68 us = 100.68 us (1041.44 GFLOPS/s)
PAD: 1 x 6.28 us = 6.28 us
RMS_NORM_MUL RMS_NORM(256,24,1,1): 1 x 3.52 us = 3.52 us
RMS_NORM_MUL RMS_NORM(256,4,1,1): 1 x 3.56 us = 3.56 us
RMS_NORM_MUL RMS_NORM(5120,1,1,1): 5 x 3.616 us = 18.08 us
ROPE: 2 x 3.54 us = 7.08 us
SET_ROWS: 2 x 3.48 us = 6.96 us
SIGMOID_MUL SIGMOID: 1 x 1.64 us = 1.64 us
TOP_K K=10 (98304,1,1,1): 1 x 8.24 us = 8.24 us
Total time: 1393.5 us.
----------------
Vulkan Timings:
CONCAT: 1 x 3.68 us = 3.68 us
CONT: 1 x 3.52 us = 3.52 us
FLASH_ATTN_EXT dst(256,24,1,1),  q(256,1,24,1),  k(256,256,4,1),  v(256,256,4,1),  m(256,1,1,1): 1 x 12.52 us = 12.52 us (502.512 GFLOPS/s)
GET_ROWS: 2 x 4.3 us = 8.6 us
GLU: 1 x 1.8 us = 1.8 us
MUL_MAT f32 m=256 n=24 k=256: 1 x 1.6 us = 1.6 us (1962.24 GFLOPS/s)
MUL_MAT f32 m=64 n=16 k=64: 1 x 3.56 us = 3.56 us (36.5303 GFLOPS/s)
MUL_MAT f32 m=64 n=96 k=64: 1 x 3.56 us = 3.56 us (219.182 GFLOPS/s)
MUL_MAT_ADD MUL_MAT_VEC q6_K m=5120 n=1 k=17408: 1 x 122.92 us = 122.92 us (1450.15 GFLOPS/s)
MUL_MAT_ADD MUL_MAT_VEC q6_K m=5120 n=1 k=6144: 1 x 54.16 us = 54.16 us (1161.55 GFLOPS/s)
MUL_MAT_VEC f32 m=256 n=4 k=256: 1 x 2.96 us = 2.96 us (176.778 GFLOPS/s)
MUL_MAT_VEC q6_K m=1024 n=1 k=5120: 2 x 9 us = 18 us (1164.97 GFLOPS/s)
MUL_MAT_VEC q6_K m=12288 n=1 k=5120: 1 x 85.56 us = 85.56 us (1470.51 GFLOPS/s)
MUL_MAT_VEC q6_K m=17408 n=1 k=5120: 2 x 120.96 us = 241.92 us (1473.55 GFLOPS/s)
MUL_MAT_VEC q6_K m=98304 n=1 k=5120: 1 x 674.33 us = 674.33 us (1492.64 GFLOPS/s)
MUL_MAT_VEC q8_0 m=5120 n=1 k=10240: 1 x 100.88 us = 100.88 us (1039.38 GFLOPS/s)
PAD: 1 x 6.2 us = 6.2 us
RMS_NORM_MUL RMS_NORM(256,24,1,1): 1 x 3.56 us = 3.56 us
RMS_NORM_MUL RMS_NORM(256,4,1,1): 1 x 3.52 us = 3.52 us
RMS_NORM_MUL RMS_NORM(5120,1,1,1): 5 x 3.688 us = 18.44 us
ROPE: 2 x 3.5 us = 7 us
SET_ROWS: 2 x 2.6 us = 5.2 us
SIGMOID_MUL SIGMOID: 1 x 1.68 us = 1.68 us
TOP_K K=10 (98304,1,1,1): 1 x 8.76 us = 8.76 us
Total time: 1393.93 us.
----------------
Vulkan Timings:
ADD: 48 x 3.715 us = 178.32 us
CONCAT: 48 x 2.411 us = 115.76 us
CONT: 16 x 3.76 us = 60.16 us
CPY: 240 x 2.207 us = 529.76 us
FLASH_ATTN_EXT dst(256,24,5,1),  q(256,5,24,1),  k(256,256,4,1),  v(256,256,4,1),  m(256,5,1,1): 16 x 20.995 us = 335.92 us (1498.32 GFLOPS/s)
GDN_CACHE GATED_DELTA_NET: 48 x 13.43 us = 644.68 us
GET_ROWS: 50 x 24.376 us = 1218.8 us
GLU: 64 x 2.897 us = 185.44 us
MUL_MAT f32 m=256 n=120 k=256: 16 x 1.79 us = 28.64 us (8769.79 GFLOPS/s)
MUL_MAT f32 m=256 n=20 k=256: 16 x 3.057 us = 48.92 us (855.706 GFLOPS/s)
MUL_MAT f32 m=64 n=480 k=64: 16 x 3.59 us = 57.44 us (1086.75 GFLOPS/s)
MUL_MAT f32 m=64 n=80 k=64: 16 x 3.212 us = 51.4 us (202.409 GFLOPS/s)
MUL_MAT_ADD MUL_MAT_VEC q6_K m=5120 n=5 k=17408: 64 x 138.165 us = 8842.56 us (6450.72 GFLOPS/s)
MUL_MAT_ADD MUL_MAT_VEC q6_K m=5120 n=5 k=6144: 16 x 59.227 us = 947.64 us (5310.83 GFLOPS/s)
MUL_MAT_VEC f32 m=48 n=5 k=5120: 96 x 3.402 us = 326.64 us (722.222 GFLOPS/s)
MUL_MAT_VEC q6_K m=1024 n=5 k=5120: 32 x 7.255 us = 232.16 us (7225.87 GFLOPS/s)
MUL_MAT_VEC q6_K m=10240 n=5 k=5120: 48 x 79.882 us = 3834.36 us (6562.6 GFLOPS/s)
MUL_MAT_VEC q6_K m=12288 n=5 k=5120: 16 x 97.94 us = 1567.04 us (6423.16 GFLOPS/s)
MUL_MAT_VEC q6_K m=17408 n=5 k=5120: 128 x 138.512 us = 17729.6 us (6434.11 GFLOPS/s)
MUL_MAT_VEC q6_K m=248320 n=5 k=5120: 1 x 1686.92 us = 1686.92 us (7536.07 GFLOPS/s)
MUL_MAT_VEC q6_K m=6144 n=5 k=5120: 48 x 53.208 us = 2554 us (5911.52 GFLOPS/s)
MUL_MAT_VEC q8_0 m=5120 n=5 k=6144: 48 x 63.021 us = 3025.04 us (4991.1 GFLOPS/s)
RMS_NORM_MUL RMS_NORM(256,24,5,1): 16 x 3.78 us = 60.48 us
RMS_NORM_MUL RMS_NORM(256,4,5,1): 16 x 4.342 us = 69.48 us
RMS_NORM_MUL RMS_NORM(5120,5,1,1): 129 x 4.586 us = 591.72 us
RMS_NORM_MUL_SILU_MUL RMS_NORM(128,48,5,1): 48 x 5.569 us = 267.32 us
RMS_NORM_SCALE RMS_NORM(128,16,5,1): 96 x 2.655 us = 254.88 us
ROPE: 32 x 3.785 us = 121.12 us
SET_ROWS: 32 x 2.815 us = 90.08 us
SIGMOID_MUL SIGMOID: 16 x 3.63 us = 58.08 us
SSM_CONV_SILU SSM_CONV: 48 x 5.583 us = 268 us
Total time: 45982.3 us.
----------------
Vulkan Timings:
CONCAT: 1 x 1.84 us = 1.84 us
CONT: 1 x 3.6 us = 3.6 us
FLASH_ATTN_EXT dst(256,24,5,1),  q(256,5,24,1),  k(256,256,4,1),  v(256,256,4,1),  m(256,5,1,1): 1 x 20.24 us = 20.24 us (1554.21 GFLOPS/s)
GLU: 1 x 1.52 us = 1.52 us
MUL_MAT f32 m=256 n=120 k=256: 1 x 1.64 us = 1.64 us (9571.9 GFLOPS/s)
MUL_MAT f32 m=256 n=20 k=256: 1 x 3 us = 3 us (872.107 GFLOPS/s)
MUL_MAT f32 m=64 n=480 k=64: 1 x 3.6 us = 3.6 us (1083.73 GFLOPS/s)
MUL_MAT f32 m=64 n=80 k=64: 1 x 3.52 us = 3.52 us (184.727 GFLOPS/s)
MUL_MAT_ADD MUL_MAT_VEC q6_K m=5120 n=5 k=17408: 1 x 165.81 us = 165.81 us (5375.21 GFLOPS/s)
MUL_MAT_ADD MUL_MAT_VEC q6_K m=5120 n=5 k=6144: 1 x 68 us = 68 us (4625.69 GFLOPS/s)
MUL_MAT_VEC q6_K m=1024 n=5 k=5120: 2 x 9.34 us = 18.68 us (5612.81 GFLOPS/s)
MUL_MAT_VEC q6_K m=12288 n=5 k=5120: 1 x 127.39 us = 127.39 us (4938.25 GFLOPS/s)
MUL_MAT_VEC q6_K m=17408 n=5 k=5120: 2 x 130.82 us = 261.64 us (6812.43 GFLOPS/s)
MUL_MAT_VEC q8_0 m=5120 n=5 k=10240: 1 x 106.08 us = 106.08 us (4942.14 GFLOPS/s)
RMS_NORM_MUL RMS_NORM(256,24,5,1): 1 x 3.68 us = 3.68 us
RMS_NORM_MUL RMS_NORM(256,4,5,1): 1 x 3.56 us = 3.56 us
RMS_NORM_MUL RMS_NORM(5120,5,1,1): 5 x 7.448 us = 37.24 us
ROPE: 2 x 3.54 us = 7.08 us
SET_ROWS: 2 x 2.62 us = 5.24 us
SIGMOID_MUL SIGMOID: 1 x 1.68 us = 1.68 us
Total time: 845.04 us.
----------------
Vulkan Timings:
CONCAT: 1 x 3.56 us = 3.56 us
CONT: 1 x 3.48 us = 3.48 us
FLASH_ATTN_EXT dst(256,24,1,1),  q(256,1,24,1),  k(256,256,4,1),  v(256,256,4,1),  m(256,1,1,1): 1 x 12.32 us = 12.32 us (510.67 GFLOPS/s)
GET_ROWS: 2 x 4.22 us = 8.44 us
GLU: 1 x 1.64 us = 1.64 us
MUL_MAT f32 m=256 n=24 k=256: 1 x 1.44 us = 1.44 us (2180.27 GFLOPS/s)
MUL_MAT f32 m=64 n=16 k=64: 1 x 1.76 us = 1.76 us (73.8909 GFLOPS/s)
MUL_MAT f32 m=64 n=96 k=64: 1 x 3.16 us = 3.16 us (246.927 GFLOPS/s)
MUL_MAT_ADD MUL_MAT_VEC q6_K m=5120 n=1 k=17408: 1 x 130.44 us = 130.44 us (1366.55 GFLOPS/s)
MUL_MAT_ADD MUL_MAT_VEC q6_K m=5120 n=1 k=6144: 1 x 53.52 us = 53.52 us (1175.44 GFLOPS/s)
MUL_MAT_VEC f32 m=256 n=4 k=256: 1 x 2.96 us = 2.96 us (176.778 GFLOPS/s)
MUL_MAT_VEC q6_K m=1024 n=1 k=5120: 2 x 9.24 us = 18.48 us (1134.71 GFLOPS/s)
MUL_MAT_VEC q6_K m=12288 n=1 k=5120: 1 x 89.84 us = 89.84 us (1400.45 GFLOPS/s)
MUL_MAT_VEC q6_K m=17408 n=1 k=5120: 2 x 118.18 us = 236.36 us (1508.21 GFLOPS/s)
MUL_MAT_VEC q6_K m=98304 n=1 k=5120: 1 x 670.48 us = 670.48 us (1501.22 GFLOPS/s)
MUL_MAT_VEC q8_0 m=5120 n=1 k=10240: 1 x 91.12 us = 91.12 us (1150.71 GFLOPS/s)
PAD: 1 x 6.32 us = 6.32 us
RMS_NORM_MUL RMS_NORM(256,24,1,1): 1 x 3.12 us = 3.12 us
RMS_NORM_MUL RMS_NORM(256,4,1,1): 1 x 4.76 us = 4.76 us
RMS_NORM_MUL RMS_NORM(5120,1,1,1): 5 x 4.328 us = 21.64 us
ROPE: 2 x 3.26 us = 6.52 us
SET_ROWS: 2 x 2.58 us = 5.16 us
SIGMOID_MUL SIGMOID: 1 x 1.6 us = 1.6 us
TOP_K K=10 (98304,1,1,1): 1 x 8.08 us = 8.08 us
Total time: 1386.2 us.
----------------
Vulkan Timings:
CONCAT: 1 x 3.72 us = 3.72 us
CONT: 1 x 3.56 us = 3.56 us
FLASH_ATTN_EXT dst(256,24,1,1),  q(256,1,24,1),  k(256,256,4,1),  v(256,256,4,1),  m(256,1,1,1): 1 x 12.88 us = 12.88 us (488.467 GFLOPS/s)
GET_ROWS: 2 x 4.32 us = 8.64 us
GLU: 1 x 1.76 us = 1.76 us
MUL_MAT f32 m=256 n=24 k=256: 1 x 1.64 us = 1.64 us (1914.38 GFLOPS/s)
MUL_MAT f32 m=64 n=16 k=64: 1 x 3.56 us = 3.56 us (36.5303 GFLOPS/s)
MUL_MAT f32 m=64 n=96 k=64: 1 x 3.52 us = 3.52 us (221.673 GFLOPS/s)
MUL_MAT_ADD MUL_MAT_VEC q6_K m=5120 n=1 k=17408: 1 x 123.68 us = 123.68 us (1441.24 GFLOPS/s)
MUL_MAT_ADD MUL_MAT_VEC q6_K m=5120 n=1 k=6144: 1 x 53 us = 53 us (1186.97 GFLOPS/s)
MUL_MAT_VEC f32 m=256 n=4 k=256: 1 x 2.96 us = 2.96 us (176.778 GFLOPS/s)
MUL_MAT_VEC q6_K m=1024 n=1 k=5120: 2 x 9.16 us = 18.32 us (1144.62 GFLOPS/s)
MUL_MAT_VEC q6_K m=12288 n=1 k=5120: 1 x 85.32 us = 85.32 us (1474.65 GFLOPS/s)
MUL_MAT_VEC q6_K m=17408 n=1 k=5120: 2 x 121.18 us = 242.36 us (1470.87 GFLOPS/s)
MUL_MAT_VEC q6_K m=98304 n=1 k=5120: 1 x 675.37 us = 675.37 us (1490.35 GFLOPS/s)
MUL_MAT_VEC q8_0 m=5120 n=1 k=10240: 1 x 101.28 us = 101.28 us (1035.27 GFLOPS/s)
PAD: 1 x 6.2 us = 6.2 us
RMS_NORM_MUL RMS_NORM(256,24,1,1): 1 x 3.52 us = 3.52 us
RMS_NORM_MUL RMS_NORM(256,4,1,1): 1 x 3.52 us = 3.52 us
RMS_NORM_MUL RMS_NORM(5120,1,1,1): 5 x 3.696 us = 18.48 us
ROPE: 2 x 3.54 us = 7.08 us
SET_ROWS: 2 x 2.64 us = 5.28 us
SIGMOID_MUL SIGMOID: 1 x 2.48 us = 2.48 us
TOP_K K=10 (98304,1,1,1): 1 x 8.84 us = 8.84 us
Total time: 1396.97 us.
----------------
Vulkan Timings:
CONCAT: 1 x 3.64 us = 3.64 us
CONT: 1 x 3.52 us = 3.52 us
FLASH_ATTN_EXT dst(256,24,1,1),  q(256,1,24,1),  k(256,256,4,1),  v(256,256,4,1),  m(256,1,1,1): 1 x 12.76 us = 12.76 us (493.061 GFLOPS/s)
GET_ROWS: 2 x 4.24 us = 8.48 us
GLU: 1 x 1.72 us = 1.72 us
MUL_MAT f32 m=256 n=24 k=256: 1 x 1.6 us = 1.6 us (1962.24 GFLOPS/s)
MUL_MAT f32 m=64 n=16 k=64: 1 x 3.6 us = 3.6 us (36.1244 GFLOPS/s)
MUL_MAT f32 m=64 n=96 k=64: 1 x 3.56 us = 3.56 us (219.182 GFLOPS/s)
MUL_MAT_ADD MUL_MAT_VEC q6_K m=5120 n=1 k=17408: 1 x 123.28 us = 123.28 us (1445.92 GFLOPS/s)
MUL_MAT_ADD MUL_MAT_VEC q6_K m=5120 n=1 k=6144: 1 x 53.92 us = 53.92 us (1166.72 GFLOPS/s)
MUL_MAT_VEC f32 m=256 n=4 k=256: 1 x 2.96 us = 2.96 us (176.778 GFLOPS/s)
MUL_MAT_VEC q6_K m=1024 n=1 k=5120: 2 x 9.06 us = 18.12 us (1157.26 GFLOPS/s)
MUL_MAT_VEC q6_K m=12288 n=1 k=5120: 1 x 85.36 us = 85.36 us (1473.96 GFLOPS/s)
MUL_MAT_VEC q6_K m=17408 n=1 k=5120: 2 x 121.3 us = 242.6 us (1469.42 GFLOPS/s)
MUL_MAT_VEC q6_K m=98304 n=1 k=5120: 1 x 672.97 us = 672.97 us (1495.66 GFLOPS/s)
MUL_MAT_VEC q8_0 m=5120 n=1 k=10240: 1 x 101 us = 101 us (1038.14 GFLOPS/s)
PAD: 1 x 6.2 us = 6.2 us
RMS_NORM_MUL RMS_NORM(256,24,1,1): 1 x 3.56 us = 3.56 us
RMS_NORM_MUL RMS_NORM(256,4,1,1): 1 x 3.52 us = 3.52 us
RMS_NORM_MUL RMS_NORM(5120,1,1,1): 5 x 3.664 us = 18.32 us
ROPE: 2 x 3.56 us = 7.12 us
SET_ROWS: 2 x 2.62 us = 5.24 us
SIGMOID_MUL SIGMOID: 1 x 1.64 us = 1.64 us
TOP_K K=10 (98304,1,1,1): 1 x 8.8 us = 8.8 us
Total time: 1393.49 us.
----------------
Vulkan Timings:
CONCAT: 1 x 3.68 us = 3.68 us
CONT: 1 x 3.56 us = 3.56 us
FLASH_ATTN_EXT dst(256,24,1,1),  q(256,1,24,1),  k(256,256,4,1),  v(256,256,4,1),  m(256,1,1,1): 1 x 12.8 us = 12.8 us (491.52 GFLOPS/s)
GET_ROWS: 2 x 4.24 us = 8.48 us
GLU: 1 x 1.84 us = 1.84 us
MUL_MAT f32 m=256 n=24 k=256: 1 x 1.64 us = 1.64 us (1914.38 GFLOPS/s)
MUL_MAT f32 m=64 n=16 k=64: 1 x 3.56 us = 3.56 us (36.5303 GFLOPS/s)
MUL_MAT f32 m=64 n=96 k=64: 1 x 3.56 us = 3.56 us (219.182 GFLOPS/s)
MUL_MAT_ADD MUL_MAT_VEC q6_K m=5120 n=1 k=17408: 1 x 122.84 us = 122.84 us (1451.1 GFLOPS/s)
MUL_MAT_ADD MUL_MAT_VEC q6_K m=5120 n=1 k=6144: 1 x 54.32 us = 54.32 us (1158.13 GFLOPS/s)
MUL_MAT_VEC f32 m=256 n=4 k=256: 1 x 3 us = 3 us (174.421 GFLOPS/s)
MUL_MAT_VEC q6_K m=1024 n=1 k=5120: 2 x 9.22 us = 18.44 us (1137.17 GFLOPS/s)
MUL_MAT_VEC q6_K m=12288 n=1 k=5120: 1 x 85.32 us = 85.32 us (1474.65 GFLOPS/s)
MUL_MAT_VEC q6_K m=17408 n=1 k=5120: 2 x 121.2 us = 242.4 us (1470.63 GFLOPS/s)
MUL_MAT_VEC q6_K m=98304 n=1 k=5120: 1 x 672.39 us = 672.39 us (1496.95 GFLOPS/s)
MUL_MAT_VEC q8_0 m=5120 n=1 k=10240: 1 x 100.68 us = 100.68 us (1041.44 GFLOPS/s)
PAD: 1 x 6.88 us = 6.88 us
RMS_NORM_MUL RMS_NORM(256,24,1,1): 1 x 3.52 us = 3.52 us
RMS_NORM_MUL RMS_NORM(256,4,1,1): 1 x 3.48 us = 3.48 us
RMS_NORM_MUL RMS_NORM(5120,1,1,1): 5 x 3.624 us = 18.12 us
ROPE: 2 x 3.5 us = 7 us
SET_ROWS: 2 x 2.62 us = 5.24 us
SIGMOID_MUL SIGMOID: 1 x 1.92 us = 1.92 us
TOP_K K=10 (98304,1,1,1): 1 x 8.68 us = 8.68 us
Total time: 1393.35 us.
----------------
Vulkan Timings:
ADD: 48 x 3.713 us = 178.24 us
CONCAT: 48 x 2.36 us = 113.28 us
CONT: 16 x 3.77 us = 60.32 us
CPY: 240 x 2.221 us = 533.12 us
FLASH_ATTN_EXT dst(256,24,5,1),  q(256,5,24,1),  k(256,256,4,1),  v(256,256,4,1),  m(256,5,1,1): 16 x 20.82 us = 333.12 us (1510.92 GFLOPS/s)
GDN_CACHE GATED_DELTA_NET: 48 x 13.323 us = 639.52 us
GET_ROWS: 50 x 24.155 us = 1207.76 us
GLU: 64 x 2.981 us = 190.84 us
MUL_MAT f32 m=256 n=120 k=256: 16 x 1.8 us = 28.8 us (8721.07 GFLOPS/s)
MUL_MAT f32 m=256 n=20 k=256: 16 x 3.062 us = 49 us (854.309 GFLOPS/s)
MUL_MAT f32 m=64 n=480 k=64: 16 x 3.585 us = 57.36 us (1088.27 GFLOPS/s)
MUL_MAT f32 m=64 n=80 k=64: 16 x 3.217 us = 51.48 us (202.095 GFLOPS/s)
MUL_MAT_ADD MUL_MAT_VEC q6_K m=5120 n=5 k=17408: 64 x 138.633 us = 8872.52 us (6428.94 GFLOPS/s)
MUL_MAT_ADD MUL_MAT_VEC q6_K m=5120 n=5 k=6144: 16 x 59.297 us = 948.76 us (5304.56 GFLOPS/s)
MUL_MAT_VEC f32 m=48 n=5 k=5120: 96 x 3.49 us = 335.12 us (703.947 GFLOPS/s)
MUL_MAT_VEC q6_K m=1024 n=5 k=5120: 32 x 7.048 us = 225.56 us (7437.3 GFLOPS/s)
MUL_MAT_VEC q6_K m=10240 n=5 k=5120: 48 x 79.72 us = 3826.6 us (6575.91 GFLOPS/s)
MUL_MAT_VEC q6_K m=12288 n=5 k=5120: 16 x 98.797 us = 1580.76 us (6367.41 GFLOPS/s)
MUL_MAT_VEC q6_K m=17408 n=5 k=5120: 128 x 138.634 us = 17745.2 us (6428.42 GFLOPS/s)
MUL_MAT_VEC q6_K m=248320 n=5 k=5120: 1 x 1686.08 us = 1686.08 us (7539.82 GFLOPS/s)
MUL_MAT_VEC q6_K m=6144 n=5 k=5120: 48 x 53.356 us = 2561.12 us (5895.08 GFLOPS/s)
MUL_MAT_VEC q8_0 m=5120 n=5 k=6144: 48 x 63.205 us = 3033.88 us (4976.55 GFLOPS/s)
RMS_NORM_MUL RMS_NORM(256,24,5,1): 16 x 3.647 us = 58.36 us
RMS_NORM_MUL RMS_NORM(256,4,5,1): 16 x 4.35 us = 69.6 us
RMS_NORM_MUL RMS_NORM(5120,5,1,1): 129 x 4.564 us = 588.88 us
RMS_NORM_MUL_SILU_MUL RMS_NORM(128,48,5,1): 48 x 5.59 us = 268.32 us
RMS_NORM_SCALE RMS_NORM(128,16,5,1): 96 x 2.625 us = 252.08 us
ROPE: 32 x 3.792 us = 121.36 us
SET_ROWS: 32 x 2.86 us = 91.52 us
SIGMOID_MUL SIGMOID: 16 x 3.635 us = 58.16 us
SSM_CONV_SILU SSM_CONV: 48 x 5.568 us = 267.28 us
Total time: 46034 us.
----------------
Vulkan Timings:
CONCAT: 1 x 3.92 us = 3.92 us
CONT: 1 x 3.56 us = 3.56 us
FLASH_ATTN_EXT dst(256,24,5,1),  q(256,5,24,1),  k(256,256,4,1),  v(256,256,4,1),  m(256,5,1,1): 1 x 20.28 us = 20.28 us (1551.15 GFLOPS/s)
GLU: 1 x 1.72 us = 1.72 us
MUL_MAT f32 m=256 n=120 k=256: 1 x 1.72 us = 1.72 us (9126.7 GFLOPS/s)
MUL_MAT f32 m=256 n=20 k=256: 1 x 3 us = 3 us (872.107 GFLOPS/s)
MUL_MAT f32 m=64 n=480 k=64: 1 x 3.64 us = 3.64 us (1071.82 GFLOPS/s)
MUL_MAT f32 m=64 n=80 k=64: 1 x 3.56 us = 3.56 us (182.652 GFLOPS/s)
MUL_MAT_ADD MUL_MAT_VEC q6_K m=5120 n=5 k=17408: 1 x 165.62 us = 165.62 us (5381.38 GFLOPS/s)
MUL_MAT_ADD MUL_MAT_VEC q6_K m=5120 n=5 k=6144: 1 x 66.76 us = 66.76 us (4711.61 GFLOPS/s)
MUL_MAT_VEC q6_K m=1024 n=5 k=5120: 2 x 9.66 us = 19.32 us (5426.88 GFLOPS/s)
MUL_MAT_VEC q6_K m=12288 n=5 k=5120: 1 x 128.36 us = 128.36 us (4900.94 GFLOPS/s)
MUL_MAT_VEC q6_K m=17408 n=5 k=5120: 2 x 130.98 us = 261.96 us (6804.11 GFLOPS/s)
MUL_MAT_VEC q8_0 m=5120 n=5 k=10240: 1 x 105.48 us = 105.48 us (4970.25 GFLOPS/s)
RMS_NORM_MUL RMS_NORM(256,24,5,1): 1 x 3.72 us = 3.72 us
RMS_NORM_MUL RMS_NORM(256,4,5,1): 1 x 3.6 us = 3.6 us
RMS_NORM_MUL RMS_NORM(5120,5,1,1): 5 x 7.53 us = 37.65 us
ROPE: 2 x 3.58 us = 7.16 us
SET_ROWS: 2 x 2.64 us = 5.28 us
SIGMOID_MUL SIGMOID: 1 x 1.64 us = 1.64 us
Total time: 847.95 us.
0.13.330.409 I slot print_timing: id  0 | task 0 | n_gen =    117, tg =  37.87 t/s, tg_3s =  38.19 t/s
----------------
Vulkan Timings:
CONCAT: 1 x 3.64 us = 3.64 us
CONT: 1 x 3.48 us = 3.48 us
FLASH_ATTN_EXT dst(256,24,1,1),  q(256,1,24,1),  k(256,256,4,1),  v(256,256,4,1),  m(256,1,1,1): 1 x 12.4 us = 12.4 us (507.375 GFLOPS/s)
GET_ROWS: 2 x 4.24 us = 8.48 us
GLU: 1 x 1.68 us = 1.68 us
MUL_MAT f32 m=256 n=24 k=256: 1 x 1.56 us = 1.56 us (2012.55 GFLOPS/s)
MUL_MAT f32 m=64 n=16 k=64: 1 x 1.8 us = 1.8 us (72.2489 GFLOPS/s)
MUL_MAT f32 m=64 n=96 k=64: 1 x 3.12 us = 3.12 us (250.092 GFLOPS/s)
MUL_MAT_ADD MUL_MAT_VEC q6_K m=5120 n=1 k=17408: 1 x 130.64 us = 130.64 us (1364.46 GFLOPS/s)
MUL_MAT_ADD MUL_MAT_VEC q6_K m=5120 n=1 k=6144: 1 x 53.84 us = 53.84 us (1168.45 GFLOPS/s)
MUL_MAT_VEC f32 m=256 n=4 k=256: 1 x 2.96 us = 2.96 us (176.778 GFLOPS/s)
MUL_MAT_VEC q6_K m=1024 n=1 k=5120: 2 x 9.18 us = 18.36 us (1142.13 GFLOPS/s)
MUL_MAT_VEC q6_K m=12288 n=1 k=5120: 1 x 89.4 us = 89.4 us (1407.35 GFLOPS/s)
MUL_MAT_VEC q6_K m=17408 n=1 k=5120: 2 x 117.76 us = 235.52 us (1513.59 GFLOPS/s)
MUL_MAT_VEC q6_K m=98304 n=1 k=5120: 1 x 673.91 us = 673.91 us (1493.57 GFLOPS/s)
MUL_MAT_VEC q8_0 m=5120 n=1 k=10240: 1 x 93.64 us = 93.64 us (1119.74 GFLOPS/s)
PAD: 1 x 6.12 us = 6.12 us
RMS_NORM_MUL RMS_NORM(256,24,1,1): 1 x 3.16 us = 3.16 us
RMS_NORM_MUL RMS_NORM(256,4,1,1): 1 x 4.8 us = 4.8 us
RMS_NORM_MUL RMS_NORM(5120,1,1,1): 5 x 4.032 us = 20.16 us
ROPE: 2 x 3.32 us = 6.64 us
SET_ROWS: 2 x 2.6 us = 5.2 us
SIGMOID_MUL SIGMOID: 1 x 1.56 us = 1.56 us
TOP_K K=10 (98304,1,1,1): 1 x 8.72 us = 8.72 us
Total time: 1390.79 us.
----------------
Vulkan Timings:
CONCAT: 1 x 3.68 us = 3.68 us
CONT: 1 x 3.56 us = 3.56 us
FLASH_ATTN_EXT dst(256,24,1,1),  q(256,1,24,1),  k(256,256,4,1),  v(256,256,4,1),  m(256,1,1,1): 1 x 12.76 us = 12.76 us (493.061 GFLOPS/s)
GET_ROWS: 2 x 4.26 us = 8.52 us
GLU: 1 x 1.8 us = 1.8 us
MUL_MAT f32 m=256 n=24 k=256: 1 x 1.68 us = 1.68 us (1868.8 GFLOPS/s)
MUL_MAT f32 m=64 n=16 k=64: 1 x 3.6 us = 3.6 us (36.1244 GFLOPS/s)
MUL_MAT f32 m=64 n=96 k=64: 1 x 3.6 us = 3.6 us (216.747 GFLOPS/s)
MUL_MAT_ADD MUL_MAT_VEC q6_K m=5120 n=1 k=17408: 1 x 122.72 us = 122.72 us (1452.52 GFLOPS/s)
MUL_MAT_ADD MUL_MAT_VEC q6_K m=5120 n=1 k=6144: 1 x 54.04 us = 54.04 us (1164.13 GFLOPS/s)
MUL_MAT_VEC f32 m=256 n=4 k=256: 1 x 2.96 us = 2.96 us (176.778 GFLOPS/s)
MUL_MAT_VEC q6_K m=1024 n=1 k=5120: 2 x 9 us = 18 us (1164.97 GFLOPS/s)
MUL_MAT_VEC q6_K m=12288 n=1 k=5120: 1 x 85.52 us = 85.52 us (1471.2 GFLOPS/s)
MUL_MAT_VEC q6_K m=17408 n=1 k=5120: 2 x 121.16 us = 242.32 us (1471.12 GFLOPS/s)
MUL_MAT_VEC q6_K m=98304 n=1 k=5120: 1 x 673.37 us = 673.37 us (1494.77 GFLOPS/s)
MUL_MAT_VEC q8_0 m=5120 n=1 k=10240: 1 x 101.36 us = 101.36 us (1034.46 GFLOPS/s)
PAD: 1 x 6.28 us = 6.28 us
RMS_NORM_MUL RMS_NORM(256,24,1,1): 1 x 3.56 us = 3.56 us
RMS_NORM_MUL RMS_NORM(256,4,1,1): 1 x 3.52 us = 3.52 us
RMS_NORM_MUL RMS_NORM(5120,1,1,1): 5 x 3.632 us = 18.16 us
ROPE: 2 x 3.52 us = 7.04 us
SET_ROWS: 2 x 2.56 us = 5.12 us
SIGMOID_MUL SIGMOID: 1 x 1.68 us = 1.68 us
TOP_K K=10 (98304,1,1,1): 1 x 8.8 us = 8.8 us
Total time: 1393.65 us.
----------------
Vulkan Timings:
CONCAT: 1 x 3.72 us = 3.72 us
CONT: 1 x 3.6 us = 3.6 us
FLASH_ATTN_EXT dst(256,24,1,1),  q(256,1,24,1),  k(256,256,4,1),  v(256,256,4,1),  m(256,1,1,1): 1 x 12.56 us = 12.56 us (500.912 GFLOPS/s)
GET_ROWS: 2 x 4.22 us = 8.44 us
GLU: 1 x 1.88 us = 1.88 us
MUL_MAT f32 m=256 n=24 k=256: 1 x 1.64 us = 1.64 us (1914.38 GFLOPS/s)
MUL_MAT f32 m=64 n=16 k=64: 1 x 3.6 us = 3.6 us (36.1244 GFLOPS/s)
MUL_MAT f32 m=64 n=96 k=64: 1 x 3.56 us = 3.56 us (219.182 GFLOPS/s)
MUL_MAT_ADD MUL_MAT_VEC q6_K m=5120 n=1 k=17408: 1 x 123.2 us = 123.2 us (1446.86 GFLOPS/s)
MUL_MAT_ADD MUL_MAT_VEC q6_K m=5120 n=1 k=6144: 1 x 54.32 us = 54.32 us (1158.13 GFLOPS/s)
MUL_MAT_VEC f32 m=256 n=4 k=256: 1 x 2.96 us = 2.96 us (176.778 GFLOPS/s)
MUL_MAT_VEC q6_K m=1024 n=1 k=5120: 2 x 9.02 us = 18.04 us (1162.39 GFLOPS/s)
MUL_MAT_VEC q6_K m=12288 n=1 k=5120: 1 x 85.6 us = 85.6 us (1469.82 GFLOPS/s)
MUL_MAT_VEC q6_K m=17408 n=1 k=5120: 2 x 121.1 us = 242.2 us (1471.85 GFLOPS/s)
MUL_MAT_VEC q6_K m=98304 n=1 k=5120: 1 x 673.07 us = 673.07 us (1495.44 GFLOPS/s)
MUL_MAT_VEC q8_0 m=5120 n=1 k=10240: 1 x 100.92 us = 100.92 us (1038.97 GFLOPS/s)
PAD: 1 x 6.2 us = 6.2 us
RMS_NORM_MUL RMS_NORM(256,24,1,1): 1 x 3.52 us = 3.52 us
RMS_NORM_MUL RMS_NORM(256,4,1,1): 1 x 3.52 us = 3.52 us
RMS_NORM_MUL RMS_NORM(5120,1,1,1): 5 x 3.68 us = 18.4 us
ROPE: 2 x 3.5 us = 7 us
SET_ROWS: 2 x 2.6 us = 5.2 us
SIGMOID_MUL SIGMOID: 1 x 1.88 us = 1.88 us
TOP_K K=10 (98304,1,1,1): 1 x 8.92 us = 8.92 us
Total time: 1393.95 us.
----------------
Vulkan Timings:
CONCAT: 1 x 3.68 us = 3.68 us
CONT: 1 x 3.52 us = 3.52 us
FLASH_ATTN_EXT dst(256,24,1,1),  q(256,1,24,1),  k(256,256,4,1),  v(256,256,4,1),  m(256,1,1,1): 1 x 12.6 us = 12.6 us (499.322 GFLOPS/s)
GET_ROWS: 2 x 4.22 us = 8.44 us
GLU: 1 x 1.84 us = 1.84 us
MUL_MAT f32 m=256 n=24 k=256: 1 x 1.68 us = 1.68 us (1868.8 GFLOPS/s)
MUL_MAT f32 m=64 n=16 k=64: 1 x 3.6 us = 3.6 us (36.1244 GFLOPS/s)
MUL_MAT f32 m=64 n=96 k=64: 1 x 3.56 us = 3.56 us (219.182 GFLOPS/s)
MUL_MAT_ADD MUL_MAT_VEC q6_K m=5120 n=1 k=17408: 1 x 122.92 us = 122.92 us (1450.15 GFLOPS/s)
MUL_MAT_ADD MUL_MAT_VEC q6_K m=5120 n=1 k=6144: 1 x 53.8 us = 53.8 us (1169.32 GFLOPS/s)
MUL_MAT_VEC f32 m=256 n=4 k=256: 1 x 2.96 us = 2.96 us (176.778 GFLOPS/s)
MUL_MAT_VEC q6_K m=1024 n=1 k=5120: 2 x 9.18 us = 18.36 us (1142.13 GFLOPS/s)
MUL_MAT_VEC q6_K m=12288 n=1 k=5120: 1 x 85.16 us = 85.16 us (1477.42 GFLOPS/s)
MUL_MAT_VEC q6_K m=17408 n=1 k=5120: 2 x 121 us = 242 us (1473.06 GFLOPS/s)
MUL_MAT_VEC q6_K m=98304 n=1 k=5120: 1 x 673.29 us = 673.29 us (1494.95 GFLOPS/s)
MUL_MAT_VEC q8_0 m=5120 n=1 k=10240: 1 x 101.04 us = 101.04 us (1037.73 GFLOPS/s)
PAD: 1 x 6.24 us = 6.24 us
RMS_NORM_MUL RMS_NORM(256,24,1,1): 1 x 3.56 us = 3.56 us
RMS_NORM_MUL RMS_NORM(256,4,1,1): 1 x 3.56 us = 3.56 us
RMS_NORM_MUL RMS_NORM(5120,1,1,1): 5 x 3.696 us = 18.48 us
ROPE: 2 x 3.52 us = 7.04 us
SET_ROWS: 2 x 2.62 us = 5.24 us
SIGMOID_MUL SIGMOID: 1 x 1.64 us = 1.64 us
TOP_K K=10 (98304,1,1,1): 1 x 8.56 us = 8.56 us
Total time: 1392.77 us.
----------------
Vulkan Timings:
ADD: 48 x 3.661 us = 175.76 us
CONCAT: 48 x 2.431 us = 116.72 us
CONT: 16 x 3.737 us = 59.8 us
CPY: 240 x 2.172 us = 521.36 us
FLASH_ATTN_EXT dst(256,24,5,1),  q(256,5,24,1),  k(256,256,4,1),  v(256,256,4,1),  m(256,5,1,1): 16 x 20.757 us = 332.12 us (1515.47 GFLOPS/s)
GDN_CACHE GATED_DELTA_NET: 48 x 13.419 us = 644.12 us
GET_ROWS: 50 x 24.216 us = 1210.8 us
GLU: 64 x 2.988 us = 191.28 us
MUL_MAT f32 m=256 n=120 k=256: 16 x 1.812 us = 29 us (8660.92 GFLOPS/s)
MUL_MAT f32 m=256 n=20 k=256: 16 x 2.892 us = 46.28 us (904.519 GFLOPS/s)
MUL_MAT f32 m=64 n=480 k=64: 16 x 3.565 us = 57.04 us (1094.37 GFLOPS/s)
MUL_MAT f32 m=64 n=80 k=64: 16 x 3.202 us = 51.24 us (203.041 GFLOPS/s)
MUL_MAT_ADD MUL_MAT_VEC q6_K m=5120 n=5 k=17408: 64 x 137.471 us = 8798.16 us (6483.28 GFLOPS/s)
MUL_MAT_ADD MUL_MAT_VEC q6_K m=5120 n=5 k=6144: 16 x 59.807 us = 956.92 us (5259.33 GFLOPS/s)
MUL_MAT_VEC f32 m=48 n=5 k=5120: 96 x 3.386 us = 325.12 us (725.598 GFLOPS/s)
MUL_MAT_VEC q6_K m=1024 n=5 k=5120: 32 x 6.96 us = 222.72 us (7532.14 GFLOPS/s)
MUL_MAT_VEC q6_K m=10240 n=5 k=5120: 48 x 79.785 us = 3829.72 us (6570.55 GFLOPS/s)
MUL_MAT_VEC q6_K m=12288 n=5 k=5120: 16 x 98.617 us = 1577.88 us (6379.03 GFLOPS/s)
MUL_MAT_VEC q6_K m=17408 n=5 k=5120: 128 x 138.446 us = 17721.2 us (6437.14 GFLOPS/s)
MUL_MAT_VEC q6_K m=248320 n=5 k=5120: 1 x 1687.4 us = 1687.4 us (7533.92 GFLOPS/s)
MUL_MAT_VEC q6_K m=6144 n=5 k=5120: 48 x 53.165 us = 2551.96 us (5916.24 GFLOPS/s)
MUL_MAT_VEC q8_0 m=5120 n=5 k=6144: 48 x 63.05 us = 3026.4 us (4988.85 GFLOPS/s)
RMS_NORM_MUL RMS_NORM(256,24,5,1): 16 x 3.627 us = 58.04 us
RMS_NORM_MUL RMS_NORM(256,4,5,1): 16 x 4.31 us = 68.96 us
RMS_NORM_MUL RMS_NORM(5120,5,1,1): 129 x 4.513 us = 582.2 us
RMS_NORM_MUL_SILU_MUL RMS_NORM(128,48,5,1): 48 x 5.519 us = 264.92 us
RMS_NORM_SCALE RMS_NORM(128,16,5,1): 96 x 2.611 us = 250.72 us
ROPE: 32 x 3.766 us = 120.52 us
SET_ROWS: 32 x 2.847 us = 91.12 us
SIGMOID_MUL SIGMOID: 16 x 3.6 us = 57.6 us
SSM_CONV_SILU SSM_CONV: 48 x 5.575 us = 267.6 us
Total time: 45894.7 us.
----------------
Vulkan Timings:
CONCAT: 1 x 3.92 us = 3.92 us
CONT: 1 x 3.64 us = 3.64 us
FLASH_ATTN_EXT dst(256,24,5,1),  q(256,5,24,1),  k(256,256,4,1),  v(256,256,4,1),  m(256,5,1,1): 1 x 22.84 us = 22.84 us (1377.29 GFLOPS/s)
GLU: 1 x 1.48 us = 1.48 us
MUL_MAT f32 m=256 n=120 k=256: 1 x 1.64 us = 1.64 us (9571.9 GFLOPS/s)
MUL_MAT f32 m=256 n=20 k=256: 1 x 2.96 us = 2.96 us (883.892 GFLOPS/s)
MUL_MAT f32 m=64 n=480 k=64: 1 x 3.6 us = 3.6 us (1083.73 GFLOPS/s)
MUL_MAT f32 m=64 n=80 k=64: 1 x 3.56 us = 3.56 us (182.652 GFLOPS/s)
MUL_MAT_ADD MUL_MAT_VEC q6_K m=5120 n=5 k=17408: 1 x 168.1 us = 168.1 us (5301.99 GFLOPS/s)
MUL_MAT_ADD MUL_MAT_VEC q6_K m=5120 n=5 k=6144: 1 x 66.56 us = 66.56 us (4725.77 GFLOPS/s)
MUL_MAT_VEC q6_K m=1024 n=5 k=5120: 2 x 9.52 us = 19.04 us (5506.69 GFLOPS/s)
MUL_MAT_VEC q6_K m=12288 n=5 k=5120: 1 x 123.58 us = 123.58 us (5090.5 GFLOPS/s)
MUL_MAT_VEC q6_K m=17408 n=5 k=5120: 2 x 132.34 us = 264.68 us (6734.19 GFLOPS/s)
MUL_MAT_VEC q8_0 m=5120 n=5 k=10240: 1 x 105.28 us = 105.28 us (4979.7 GFLOPS/s)
RMS_NORM_MUL RMS_NORM(256,24,5,1): 1 x 3.72 us = 3.72 us
RMS_NORM_MUL RMS_NORM(256,4,5,1): 1 x 3.56 us = 3.56 us
RMS_NORM_MUL RMS_NORM(5120,5,1,1): 5 x 7.712 us = 38.56 us
ROPE: 2 x 3.58 us = 7.16 us
SET_ROWS: 2 x 1.78 us = 3.56 us
SIGMOID_MUL SIGMOID: 1 x 1.72 us = 1.72 us
Total time: 849.16 us.
----------------
Vulkan Timings:
CONCAT: 1 x 3.8 us = 3.8 us
CONT: 1 x 3.44 us = 3.44 us
FLASH_ATTN_EXT dst(256,24,1,1),  q(256,1,24,1),  k(256,256,4,1),  v(256,256,4,1),  m(256,1,1,1): 1 x 12.32 us = 12.32 us (510.67 GFLOPS/s)
GET_ROWS: 2 x 4.22 us = 8.44 us
GLU: 1 x 1.64 us = 1.64 us
MUL_MAT f32 m=256 n=24 k=256: 1 x 1.52 us = 1.52 us (2065.52 GFLOPS/s)
MUL_MAT f32 m=64 n=16 k=64: 1 x 1.8 us = 1.8 us (72.2489 GFLOPS/s)
MUL_MAT f32 m=64 n=96 k=64: 1 x 3.2 us = 3.2 us (243.84 GFLOPS/s)
MUL_MAT_ADD MUL_MAT_VEC q6_K m=5120 n=1 k=17408: 1 x 131.32 us = 131.32 us (1357.39 GFLOPS/s)
MUL_MAT_ADD MUL_MAT_VEC q6_K m=5120 n=1 k=6144: 1 x 53.76 us = 53.76 us (1170.19 GFLOPS/s)
MUL_MAT_VEC f32 m=256 n=4 k=256: 1 x 3 us = 3 us (174.421 GFLOPS/s)
MUL_MAT_VEC q6_K m=1024 n=1 k=5120: 2 x 9.42 us = 18.84 us (1113.03 GFLOPS/s)
MUL_MAT_VEC q6_K m=12288 n=1 k=5120: 1 x 89.76 us = 89.76 us (1401.7 GFLOPS/s)
MUL_MAT_VEC q6_K m=17408 n=1 k=5120: 2 x 118.1 us = 236.2 us (1509.23 GFLOPS/s)
MUL_MAT_VEC q6_K m=98304 n=1 k=5120: 1 x 669.63 us = 669.63 us (1503.12 GFLOPS/s)
MUL_MAT_VEC q8_0 m=5120 n=1 k=10240: 1 x 92.84 us = 92.84 us (1129.39 GFLOPS/s)
PAD: 1 x 6.32 us = 6.32 us
RMS_NORM_MUL RMS_NORM(256,24,1,1): 1 x 3.2 us = 3.2 us
RMS_NORM_MUL RMS_NORM(256,4,1,1): 1 x 4.8 us = 4.8 us
RMS_NORM_MUL RMS_NORM(5120,1,1,1): 5 x 3.92 us = 19.6 us
ROPE: 2 x 3.3 us = 6.6 us
SET_ROWS: 2 x 2.56 us = 5.12 us
SIGMOID_MUL SIGMOID: 1 x 1.56 us = 1.56 us
TOP_K K=10 (98304,1,1,1): 1 x 8.8 us = 8.8 us
Total time: 1387.51 us.
----------------
Vulkan Timings:
CONCAT: 1 x 3.72 us = 3.72 us
CONT: 1 x 3.56 us = 3.56 us
FLASH_ATTN_EXT dst(256,24,1,1),  q(256,1,24,1),  k(256,256,4,1),  v(256,256,4,1),  m(256,1,1,1): 1 x 12.64 us = 12.64 us (497.742 GFLOPS/s)
GET_ROWS: 2 x 4.22 us = 8.44 us
GLU: 1 x 1.76 us = 1.76 us
MUL_MAT f32 m=256 n=24 k=256: 1 x 1.64 us = 1.64 us (1914.38 GFLOPS/s)
MUL_MAT f32 m=64 n=16 k=64: 1 x 3.56 us = 3.56 us (36.5303 GFLOPS/s)
MUL_MAT f32 m=64 n=96 k=64: 1 x 3.6 us = 3.6 us (216.747 GFLOPS/s)
MUL_MAT_ADD MUL_MAT_VEC q6_K m=5120 n=1 k=17408: 1 x 123.2 us = 123.2 us (1446.86 GFLOPS/s)
MUL_MAT_ADD MUL_MAT_VEC q6_K m=5120 n=1 k=6144: 1 x 54.28 us = 54.28 us (1158.98 GFLOPS/s)
MUL_MAT_VEC f32 m=256 n=4 k=256: 1 x 2.96 us = 2.96 us (176.778 GFLOPS/s)
MUL_MAT_VEC q6_K m=1024 n=1 k=5120: 2 x 9.02 us = 18.04 us (1162.39 GFLOPS/s)
MUL_MAT_VEC q6_K m=12288 n=1 k=5120: 1 x 85.24 us = 85.24 us (1476.03 GFLOPS/s)
MUL_MAT_VEC q6_K m=17408 n=1 k=5120: 2 x 121.34 us = 242.68 us (1468.93 GFLOPS/s)
MUL_MAT_VEC q6_K m=98304 n=1 k=5120: 1 x 669.98 us = 669.98 us (1502.34 GFLOPS/s)
MUL_MAT_VEC q8_0 m=5120 n=1 k=10240: 1 x 100.8 us = 100.8 us (1040.2 GFLOPS/s)
PAD: 1 x 6.24 us = 6.24 us
RMS_NORM_MUL RMS_NORM(256,24,1,1): 1 x 3.56 us = 3.56 us
RMS_NORM_MUL RMS_NORM(256,4,1,1): 1 x 3.52 us = 3.52 us
RMS_NORM_MUL RMS_NORM(5120,1,1,1): 5 x 3.712 us = 18.56 us
ROPE: 2 x 3.5 us = 7 us
SET_ROWS: 2 x 2.6 us = 5.2 us
SIGMOID_MUL SIGMOID: 1 x 1.88 us = 1.88 us
TOP_K K=10 (98304,1,1,1): 1 x 8.92 us = 8.92 us
Total time: 1390.98 us.
----------------
Vulkan Timings:
CONCAT: 1 x 3.92 us = 3.92 us
CONT: 1 x 3.56 us = 3.56 us
FLASH_ATTN_EXT dst(256,24,1,1),  q(256,1,24,1),  k(256,256,4,1),  v(256,256,4,1),  m(256,1,1,1): 1 x 12.64 us = 12.64 us (497.742 GFLOPS/s)
GET_ROWS: 2 x 4.24 us = 8.48 us
GLU: 1 x 1.92 us = 1.92 us
MUL_MAT f32 m=256 n=24 k=256: 1 x 1.72 us = 1.72 us (1825.34 GFLOPS/s)
MUL_MAT f32 m=64 n=16 k=64: 1 x 3.56 us = 3.56 us (36.5303 GFLOPS/s)
MUL_MAT f32 m=64 n=96 k=64: 1 x 3.52 us = 3.52 us (221.673 GFLOPS/s)
MUL_MAT_ADD MUL_MAT_VEC q6_K m=5120 n=1 k=17408: 1 x 122.92 us = 122.92 us (1450.15 GFLOPS/s)
MUL_MAT_ADD MUL_MAT_VEC q6_K m=5120 n=1 k=6144: 1 x 54.12 us = 54.12 us (1162.41 GFLOPS/s)
MUL_MAT_VEC f32 m=256 n=4 k=256: 1 x 2.96 us = 2.96 us (176.778 GFLOPS/s)
MUL_MAT_VEC q6_K m=1024 n=1 k=5120: 2 x 9.12 us = 18.24 us (1149.64 GFLOPS/s)
MUL_MAT_VEC q6_K m=12288 n=1 k=5120: 1 x 85.8 us = 85.8 us (1466.4 GFLOPS/s)
MUL_MAT_VEC q6_K m=17408 n=1 k=5120: 2 x 121.12 us = 242.24 us (1471.6 GFLOPS/s)
MUL_MAT_VEC q6_K m=98304 n=1 k=5120: 1 x 671.11 us = 671.11 us (1499.81 GFLOPS/s)
MUL_MAT_VEC q8_0 m=5120 n=1 k=10240: 1 x 101.48 us = 101.48 us (1033.23 GFLOPS/s)
PAD: 1 x 6.28 us = 6.28 us
RMS_NORM_MUL RMS_NORM(256,24,1,1): 1 x 3.52 us = 3.52 us
RMS_NORM_MUL RMS_NORM(256,4,1,1): 1 x 3.52 us = 3.52 us
RMS_NORM_MUL RMS_NORM(5120,1,1,1): 5 x 3.664 us = 18.32 us
ROPE: 2 x 3.56 us = 7.12 us
SET_ROWS: 2 x 2.62 us = 5.24 us
SIGMOID_MUL SIGMOID: 1 x 1.6 us = 1.6 us
TOP_K K=10 (98304,1,1,1): 1 x 8.64 us = 8.64 us
Total time: 1392.43 us.
----------------
Vulkan Timings:
CONCAT: 1 x 3.64 us = 3.64 us
CONT: 1 x 3.6 us = 3.6 us
FLASH_ATTN_EXT dst(256,24,1,1),  q(256,1,24,1),  k(256,256,4,1),  v(256,256,4,1),  m(256,1,1,1): 1 x 12.76 us = 12.76 us (493.061 GFLOPS/s)
GET_ROWS: 2 x 4.22 us = 8.44 us
GLU: 1 x 1.68 us = 1.68 us
MUL_MAT f32 m=256 n=24 k=256: 1 x 1.64 us = 1.64 us (1914.38 GFLOPS/s)
MUL_MAT f32 m=64 n=16 k=64: 1 x 3.52 us = 3.52 us (36.9455 GFLOPS/s)
MUL_MAT f32 m=64 n=96 k=64: 1 x 3.52 us = 3.52 us (221.673 GFLOPS/s)
MUL_MAT_ADD MUL_MAT_VEC q6_K m=5120 n=1 k=17408: 1 x 122.88 us = 122.88 us (1450.62 GFLOPS/s)
MUL_MAT_ADD MUL_MAT_VEC q6_K m=5120 n=1 k=6144: 1 x 54.4 us = 54.4 us (1156.42 GFLOPS/s)
MUL_MAT_VEC f32 m=256 n=4 k=256: 1 x 3 us = 3 us (174.421 GFLOPS/s)
MUL_MAT_VEC q6_K m=1024 n=1 k=5120: 2 x 9.24 us = 18.48 us (1134.71 GFLOPS/s)
MUL_MAT_VEC q6_K m=12288 n=1 k=5120: 1 x 85.8 us = 85.8 us (1466.4 GFLOPS/s)
MUL_MAT_VEC q6_K m=17408 n=1 k=5120: 2 x 121.22 us = 242.44 us (1470.39 GFLOPS/s)
MUL_MAT_VEC q6_K m=98304 n=1 k=5120: 1 x 671.43 us = 671.43 us (1499.09 GFLOPS/s)
MUL_MAT_VEC q8_0 m=5120 n=1 k=10240: 1 x 100.88 us = 100.88 us (1039.38 GFLOPS/s)
PAD: 1 x 6.2 us = 6.2 us
RMS_NORM_MUL RMS_NORM(256,24,1,1): 1 x 3.6 us = 3.6 us
RMS_NORM_MUL RMS_NORM(256,4,1,1): 1 x 3.52 us = 3.52 us
RMS_NORM_MUL RMS_NORM(5120,1,1,1): 5 x 3.712 us = 18.56 us
ROPE: 2 x 3.52 us = 7.04 us
SET_ROWS: 2 x 2.58 us = 5.16 us
SIGMOID_MUL SIGMOID: 1 x 1.68 us = 1.68 us
TOP_K K=10 (98304,1,1,1): 1 x 8.96 us = 8.96 us
Total time: 1392.83 us.
----------------
Vulkan Timings:
ADD: 48 x 3.661 us = 175.76 us
CONCAT: 48 x 2.481 us = 119.12 us
CONT: 16 x 3.73 us = 59.68 us
CPY: 240 x 2.196 us = 527.24 us
FLASH_ATTN_EXT dst(256,24,5,1),  q(256,5,24,1),  k(256,256,4,1),  v(256,256,4,1),  m(256,5,1,1): 16 x 20.602 us = 329.64 us (1526.87 GFLOPS/s)
GDN_CACHE GATED_DELTA_NET: 48 x 13.301 us = 638.48 us
GET_ROWS: 50 x 24.22 us = 1211 us
GLU: 64 x 2.91 us = 186.24 us
MUL_MAT f32 m=256 n=120 k=256: 16 x 1.78 us = 28.48 us (8819.06 GFLOPS/s)
MUL_MAT f32 m=256 n=20 k=256: 16 x 3.022 us = 48.36 us (865.615 GFLOPS/s)
MUL_MAT f32 m=64 n=480 k=64: 16 x 3.547 us = 56.76 us (1099.77 GFLOPS/s)
MUL_MAT f32 m=64 n=80 k=64: 16 x 3.2 us = 51.2 us (203.2 GFLOPS/s)
MUL_MAT_ADD MUL_MAT_VEC q6_K m=5120 n=5 k=17408: 64 x 138.115 us = 8839.4 us (6453.03 GFLOPS/s)
MUL_MAT_ADD MUL_MAT_VEC q6_K m=5120 n=5 k=6144: 16 x 59.27 us = 948.32 us (5307.02 GFLOPS/s)
MUL_MAT_VEC f32 m=48 n=5 k=5120: 96 x 3.326 us = 319.36 us (738.685 GFLOPS/s)
MUL_MAT_VEC q6_K m=1024 n=5 k=5120: 32 x 6.998 us = 223.96 us (7490.43 GFLOPS/s)
MUL_MAT_VEC q6_K m=10240 n=5 k=5120: 48 x 79.326 us = 3807.68 us (6608.58 GFLOPS/s)
MUL_MAT_VEC q6_K m=12288 n=5 k=5120: 16 x 98.657 us = 1578.52 us (6376.45 GFLOPS/s)
MUL_MAT_VEC q6_K m=17408 n=5 k=5120: 128 x 138.018 us = 17666.3 us (6457.14 GFLOPS/s)
MUL_MAT_VEC q6_K m=248320 n=5 k=5120: 1 x 1685.24 us = 1685.24 us (7543.58 GFLOPS/s)
MUL_MAT_VEC q6_K m=6144 n=5 k=5120: 48 x 53.18 us = 2552.64 us (5914.67 GFLOPS/s)
MUL_MAT_VEC q8_0 m=5120 n=5 k=6144: 48 x 63.036 us = 3025.76 us (4989.91 GFLOPS/s)
RMS_NORM_MUL RMS_NORM(256,24,5,1): 16 x 3.625 us = 58 us
RMS_NORM_MUL RMS_NORM(256,4,5,1): 16 x 4.302 us = 68.84 us
RMS_NORM_MUL RMS_NORM(5120,5,1,1): 129 x 4.525 us = 583.8 us
RMS_NORM_MUL_SILU_MUL RMS_NORM(128,48,5,1): 48 x 5.501 us = 264.08 us
RMS_NORM_SCALE RMS_NORM(128,16,5,1): 96 x 2.625 us = 252.04 us
ROPE: 32 x 3.758 us = 120.28 us
SET_ROWS: 32 x 2.842 us = 90.96 us
SIGMOID_MUL SIGMOID: 16 x 3.587 us = 57.4 us
SSM_CONV_SILU SSM_CONV: 48 x 5.394 us = 258.92 us
Total time: 45833.5 us.
----------------
Vulkan Timings:
CONCAT: 1 x 3.92 us = 3.92 us
CONT: 1 x 3.6 us = 3.6 us
FLASH_ATTN_EXT dst(256,24,5,1),  q(256,5,24,1),  k(256,256,4,1),  v(256,256,4,1),  m(256,5,1,1): 1 x 20.64 us = 20.64 us (1524.09 GFLOPS/s)
GLU: 1 x 1.52 us = 1.52 us
MUL_MAT f32 m=256 n=120 k=256: 1 x 1.72 us = 1.72 us (9126.7 GFLOPS/s)
MUL_MAT f32 m=256 n=20 k=256: 1 x 3 us = 3 us (872.107 GFLOPS/s)
MUL_MAT f32 m=64 n=480 k=64: 1 x 3.64 us = 3.64 us (1071.82 GFLOPS/s)
MUL_MAT f32 m=64 n=80 k=64: 1 x 3.52 us = 3.52 us (184.727 GFLOPS/s)
MUL_MAT_ADD MUL_MAT_VEC q6_K m=5120 n=5 k=17408: 1 x 163.23 us = 163.23 us (5460.17 GFLOPS/s)
MUL_MAT_ADD MUL_MAT_VEC q6_K m=5120 n=5 k=6144: 1 x 62.28 us = 62.28 us (5050.53 GFLOPS/s)
MUL_MAT_VEC q6_K m=1024 n=5 k=5120: 2 x 9.5 us = 19 us (5518.28 GFLOPS/s)
MUL_MAT_VEC q6_K m=12288 n=5 k=5120: 1 x 122.87 us = 122.87 us (5119.92 GFLOPS/s)
MUL_MAT_VEC q6_K m=17408 n=5 k=5120: 2 x 131.76 us = 263.52 us (6763.83 GFLOPS/s)
MUL_MAT_VEC q8_0 m=5120 n=5 k=10240: 1 x 104.6 us = 104.6 us (5012.07 GFLOPS/s)
RMS_NORM_MUL RMS_NORM(256,24,5,1): 1 x 3.68 us = 3.68 us
RMS_NORM_MUL RMS_NORM(256,4,5,1): 1 x 3.56 us = 3.56 us
RMS_NORM_MUL RMS_NORM(5120,5,1,1): 5 x 7.912 us = 39.56 us
ROPE: 2 x 3.58 us = 7.16 us
SET_ROWS: 2 x 2.62 us = 5.24 us
SIGMOID_MUL SIGMOID: 1 x 1.68 us = 1.68 us
Total time: 837.94 us.
----------------
Vulkan Timings:
CONCAT: 1 x 3.6 us = 3.6 us
CONT: 1 x 3.48 us = 3.48 us
FLASH_ATTN_EXT dst(256,24,1,1),  q(256,1,24,1),  k(256,256,4,1),  v(256,256,4,1),  m(256,1,1,1): 1 x 12.44 us = 12.44 us (505.744 GFLOPS/s)
GET_ROWS: 2 x 4.26 us = 8.52 us
GLU: 1 x 1.56 us = 1.56 us
MUL_MAT f32 m=256 n=24 k=256: 1 x 1.52 us = 1.52 us (2065.52 GFLOPS/s)
MUL_MAT f32 m=64 n=16 k=64: 1 x 1.76 us = 1.76 us (73.8909 GFLOPS/s)
MUL_MAT f32 m=64 n=96 k=64: 1 x 3.16 us = 3.16 us (246.927 GFLOPS/s)
MUL_MAT_ADD MUL_MAT_VEC q6_K m=5120 n=1 k=17408: 1 x 129.48 us = 129.48 us (1376.68 GFLOPS/s)
MUL_MAT_ADD MUL_MAT_VEC q6_K m=5120 n=1 k=6144: 1 x 54.08 us = 54.08 us (1163.27 GFLOPS/s)
MUL_MAT_VEC f32 m=256 n=4 k=256: 1 x 3 us = 3 us (174.421 GFLOPS/s)
MUL_MAT_VEC q6_K m=1024 n=1 k=5120: 2 x 9.18 us = 18.36 us (1142.13 GFLOPS/s)
MUL_MAT_VEC q6_K m=12288 n=1 k=5120: 1 x 89.52 us = 89.52 us (1405.46 GFLOPS/s)
MUL_MAT_VEC q6_K m=17408 n=1 k=5120: 2 x 117.94 us = 235.88 us (1511.28 GFLOPS/s)
MUL_MAT_VEC q6_K m=98304 n=1 k=5120: 1 x 742.56 us = 742.56 us (1355.49 GFLOPS/s)
MUL_MAT_VEC q8_0 m=5120 n=1 k=10240: 1 x 91.56 us = 91.56 us (1145.18 GFLOPS/s)
PAD: 1 x 6.24 us = 6.24 us
RMS_NORM_MUL RMS_NORM(256,24,1,1): 1 x 3.16 us = 3.16 us
RMS_NORM_MUL RMS_NORM(256,4,1,1): 1 x 4.76 us = 4.76 us
RMS_NORM_MUL RMS_NORM(5120,1,1,1): 5 x 4.336 us = 21.68 us
ROPE: 2 x 3.28 us = 6.56 us
SET_ROWS: 2 x 2.56 us = 5.12 us
SIGMOID_MUL SIGMOID: 1 x 1.8 us = 1.8 us
TOP_K K=10 (98304,1,1,1): 1 x 9 us = 9 us
Total time: 1458.8 us.
----------------
Vulkan Timings:
CONCAT: 1 x 3.72 us = 3.72 us
CONT: 1 x 3.56 us = 3.56 us
FLASH_ATTN_EXT dst(256,24,1,1),  q(256,1,24,1),  k(256,256,4,1),  v(256,256,4,1),  m(256,1,1,1): 1 x 12.72 us = 12.72 us (494.611 GFLOPS/s)
GET_ROWS: 2 x 4.24 us = 8.48 us
GLU: 1 x 1.88 us = 1.88 us
MUL_MAT f32 m=256 n=24 k=256: 1 x 1.68 us = 1.68 us (1868.8 GFLOPS/s)
MUL_MAT f32 m=64 n=16 k=64: 1 x 3.6 us = 3.6 us (36.1244 GFLOPS/s)
MUL_MAT f32 m=64 n=96 k=64: 1 x 3.56 us = 3.56 us (219.182 GFLOPS/s)
MUL_MAT_ADD MUL_MAT_VEC q6_K m=5120 n=1 k=17408: 1 x 122.84 us = 122.84 us (1451.1 GFLOPS/s)
MUL_MAT_ADD MUL_MAT_VEC q6_K m=5120 n=1 k=6144: 1 x 53.76 us = 53.76 us (1170.19 GFLOPS/s)
MUL_MAT_VEC f32 m=256 n=4 k=256: 1 x 3 us = 3 us (174.421 GFLOPS/s)
MUL_MAT_VEC q6_K m=1024 n=1 k=5120: 2 x 5.82 us = 11.64 us (1801.5 GFLOPS/s)
MUL_MAT_VEC q6_K m=12288 n=1 k=5120: 1 x 93.52 us = 93.52 us (1345.35 GFLOPS/s)
MUL_MAT_VEC q6_K m=17408 n=1 k=5120: 2 x 121 us = 242 us (1473.06 GFLOPS/s)
MUL_MAT_VEC q6_K m=98304 n=1 k=5120: 1 x 671.6 us = 671.6 us (1498.71 GFLOPS/s)
MUL_MAT_VEC q8_0 m=5120 n=1 k=10240: 1 x 100.96 us = 100.96 us (1038.55 GFLOPS/s)
PAD: 1 x 6.28 us = 6.28 us
RMS_NORM_MUL RMS_NORM(256,24,1,1): 1 x 3.56 us = 3.56 us
RMS_NORM_MUL RMS_NORM(256,4,1,1): 1 x 3.56 us = 3.56 us
RMS_NORM_MUL RMS_NORM(5120,1,1,1): 5 x 3.64 us = 18.2 us
ROPE: 2 x 3.56 us = 7.12 us
SET_ROWS: 2 x 2.62 us = 5.24 us
SIGMOID_MUL SIGMOID: 1 x 1.64 us = 1.64 us
TOP_K K=10 (98304,1,1,1): 1 x 8.48 us = 8.48 us
Total time: 1392.6 us.
----------------
Vulkan Timings:
CONCAT: 1 x 3.68 us = 3.68 us
CONT: 1 x 3.6 us = 3.6 us
FLASH_ATTN_EXT dst(256,24,1,1),  q(256,1,24,1),  k(256,256,4,1),  v(256,256,4,1),  m(256,1,1,1): 1 x 12.8 us = 12.8 us (491.52 GFLOPS/s)
GET_ROWS: 2 x 4.22 us = 8.44 us
GLU: 1 x 1.76 us = 1.76 us
MUL_MAT f32 m=256 n=24 k=256: 1 x 1.6 us = 1.6 us (1962.24 GFLOPS/s)
MUL_MAT f32 m=64 n=16 k=64: 1 x 3.52 us = 3.52 us (36.9455 GFLOPS/s)
MUL_MAT f32 m=64 n=96 k=64: 1 x 3.6 us = 3.6 us (216.747 GFLOPS/s)
MUL_MAT_ADD MUL_MAT_VEC q6_K m=5120 n=1 k=17408: 1 x 123.76 us = 123.76 us (1440.31 GFLOPS/s)
MUL_MAT_ADD MUL_MAT_VEC q6_K m=5120 n=1 k=6144: 1 x 53.8 us = 53.8 us (1169.32 GFLOPS/s)
MUL_MAT_VEC f32 m=256 n=4 k=256: 1 x 2.96 us = 2.96 us (176.778 GFLOPS/s)
MUL_MAT_VEC q6_K m=1024 n=1 k=5120: 2 x 5.84 us = 11.68 us (1795.33 GFLOPS/s)
MUL_MAT_VEC q6_K m=12288 n=1 k=5120: 1 x 92.92 us = 92.92 us (1354.03 GFLOPS/s)
MUL_MAT_VEC q6_K m=17408 n=1 k=5120: 2 x 121.28 us = 242.56 us (1469.66 GFLOPS/s)
MUL_MAT_VEC q6_K m=98304 n=1 k=5120: 1 x 670.43 us = 670.43 us (1501.33 GFLOPS/s)
MUL_MAT_VEC q8_0 m=5120 n=1 k=10240: 1 x 101.36 us = 101.36 us (1034.46 GFLOPS/s)
PAD: 1 x 6.96 us = 6.96 us
RMS_NORM_MUL RMS_NORM(256,24,1,1): 1 x 3.56 us = 3.56 us
RMS_NORM_MUL RMS_NORM(256,4,1,1): 1 x 3.52 us = 3.52 us
RMS_NORM_MUL RMS_NORM(5120,1,1,1): 5 x 3.648 us = 18.24 us
ROPE: 2 x 3.52 us = 7.04 us
SET_ROWS: 2 x 2.58 us = 5.16 us
SIGMOID_MUL SIGMOID: 1 x 1.68 us = 1.68 us
TOP_K K=10 (98304,1,1,1): 1 x 8.64 us = 8.64 us
Total time: 1393.27 us.
----------------
Vulkan Timings:
CONCAT: 1 x 3.76 us = 3.76 us
CONT: 1 x 3.36 us = 3.36 us
FLASH_ATTN_EXT dst(256,24,1,1),  q(256,1,24,1),  k(256,256,4,1),  v(256,256,4,1),  m(256,1,1,1): 1 x 12.68 us = 12.68 us (496.172 GFLOPS/s)
GET_ROWS: 2 x 4.32 us = 8.64 us
GLU: 1 x 1.84 us = 1.84 us
MUL_MAT f32 m=256 n=24 k=256: 1 x 1.52 us = 1.52 us (2065.52 GFLOPS/s)
MUL_MAT f32 m=64 n=16 k=64: 1 x 3.36 us = 3.36 us (38.7048 GFLOPS/s)
MUL_MAT f32 m=64 n=96 k=64: 1 x 3.2 us = 3.2 us (243.84 GFLOPS/s)
MUL_MAT_ADD MUL_MAT_VEC q6_K m=5120 n=1 k=17408: 1 x 123.04 us = 123.04 us (1448.74 GFLOPS/s)
MUL_MAT_ADD MUL_MAT_VEC q6_K m=5120 n=1 k=6144: 1 x 53.56 us = 53.56 us (1174.56 GFLOPS/s)
MUL_MAT_VEC f32 m=256 n=4 k=256: 1 x 2.76 us = 2.76 us (189.588 GFLOPS/s)
MUL_MAT_VEC q6_K m=1024 n=1 k=5120: 2 x 9.02 us = 18.04 us (1162.39 GFLOPS/s)
MUL_MAT_VEC q6_K m=12288 n=1 k=5120: 1 x 85.16 us = 85.16 us (1477.42 GFLOPS/s)
MUL_MAT_VEC q6_K m=17408 n=1 k=5120: 2 x 121.38 us = 242.76 us (1468.45 GFLOPS/s)
MUL_MAT_VEC q6_K m=98304 n=1 k=5120: 1 x 669.92 us = 669.92 us (1502.47 GFLOPS/s)
MUL_MAT_VEC q8_0 m=5120 n=1 k=10240: 1 x 103.8 us = 103.8 us (1010.14 GFLOPS/s)
PAD: 1 x 6.28 us = 6.28 us
RMS_NORM_MUL RMS_NORM(256,24,1,1): 1 x 3.36 us = 3.36 us
RMS_NORM_MUL RMS_NORM(256,4,1,1): 1 x 3.24 us = 3.24 us
RMS_NORM_MUL RMS_NORM(5120,1,1,1): 5 x 3.784 us = 18.92 us
ROPE: 2 x 3.24 us = 6.48 us
SET_ROWS: 2 x 2.48 us = 4.96 us
SIGMOID_MUL SIGMOID: 1 x 1.52 us = 1.52 us
TOP_K K=10 (98304,1,1,1): 1 x 8.68 us = 8.68 us
Total time: 1390.84 us.
----------------
Vulkan Timings:
ADD: 48 x 3.685 us = 176.88 us
CONCAT: 48 x 2.433 us = 116.8 us
CONT: 16 x 3.722 us = 59.56 us
CPY: 240 x 2.194 us = 526.72 us
FLASH_ATTN_EXT dst(256,24,5,1),  q(256,5,24,1),  k(256,256,4,1),  v(256,256,4,1),  m(256,5,1,1): 16 x 20.795 us = 332.72 us (1512.73 GFLOPS/s)
GDN_CACHE GATED_DELTA_NET: 48 x 13.35 us = 640.8 us
GET_ROWS: 50 x 24.18 us = 1209.04 us
GLU: 64 x 2.916 us = 186.64 us
MUL_MAT f32 m=256 n=120 k=256: 16 x 1.837 us = 29.4 us (8543.09 GFLOPS/s)
MUL_MAT f32 m=256 n=20 k=256: 16 x 2.755 us = 44.08 us (949.662 GFLOPS/s)
MUL_MAT f32 m=64 n=480 k=64: 16 x 3.552 us = 56.84 us (1098.22 GFLOPS/s)
MUL_MAT f32 m=64 n=80 k=64: 16 x 3.202 us = 51.24 us (203.041 GFLOPS/s)
MUL_MAT_ADD MUL_MAT_VEC q6_K m=5120 n=5 k=17408: 64 x 137.942 us = 8828.32 us (6461.13 GFLOPS/s)
MUL_MAT_ADD MUL_MAT_VEC q6_K m=5120 n=5 k=6144: 16 x 59.422 us = 950.76 us (5293.4 GFLOPS/s)
MUL_MAT_VEC f32 m=48 n=5 k=5120: 96 x 3.357 us = 322.28 us (731.993 GFLOPS/s)
MUL_MAT_VEC q6_K m=1024 n=5 k=5120: 32 x 6.988 us = 223.64 us (7501.15 GFLOPS/s)
MUL_MAT_VEC q6_K m=10240 n=5 k=5120: 48 x 79.324 us = 3807.56 us (6608.79 GFLOPS/s)
MUL_MAT_VEC q6_K m=12288 n=5 k=5120: 16 x 98.557 us = 1576.92 us (6382.92 GFLOPS/s)
MUL_MAT_VEC q6_K m=17408 n=5 k=5120: 128 x 138.581 us = 17738.4 us (6430.9 GFLOPS/s)
MUL_MAT_VEC q6_K m=248320 n=5 k=5120: 1 x 1686.08 us = 1686.08 us (7539.82 GFLOPS/s)
MUL_MAT_VEC q6_K m=6144 n=5 k=5120: 48 x 53.071 us = 2547.44 us (5926.74 GFLOPS/s)
MUL_MAT_VEC q8_0 m=5120 n=5 k=6144: 48 x 63.136 us = 3030.56 us (4982.01 GFLOPS/s)
RMS_NORM_MUL RMS_NORM(256,24,5,1): 16 x 3.622 us = 57.96 us
RMS_NORM_MUL RMS_NORM(256,4,5,1): 16 x 4.305 us = 68.88 us
RMS_NORM_MUL RMS_NORM(5120,5,1,1): 129 x 4.522 us = 583.44 us
RMS_NORM_MUL_SILU_MUL RMS_NORM(128,48,5,1): 48 x 5.524 us = 265.16 us
RMS_NORM_SCALE RMS_NORM(128,16,5,1): 96 x 2.611 us = 250.68 us
ROPE: 32 x 3.766 us = 120.52 us
SET_ROWS: 32 x 2.915 us = 93.28 us
SIGMOID_MUL SIGMOID: 16 x 3.595 us = 57.52 us
SSM_CONV_SILU SSM_CONV: 48 x 5.564 us = 267.08 us
Total time: 45907.2 us.
----------------
Vulkan Timings:
CONCAT: 1 x 3.92 us = 3.92 us
CONT: 1 x 3.56 us = 3.56 us
FLASH_ATTN_EXT dst(256,24,5,1),  q(256,5,24,1),  k(256,256,4,1),  v(256,256,4,1),  m(256,5,1,1): 1 x 20.6 us = 20.6 us (1527.05 GFLOPS/s)
GLU: 1 x 1.64 us = 1.64 us
MUL_MAT f32 m=256 n=120 k=256: 1 x 1.76 us = 1.76 us (8919.27 GFLOPS/s)
MUL_MAT f32 m=256 n=20 k=256: 1 x 2.96 us = 2.96 us (883.892 GFLOPS/s)
MUL_MAT f32 m=64 n=480 k=64: 1 x 3.56 us = 3.56 us (1095.91 GFLOPS/s)
MUL_MAT f32 m=64 n=80 k=64: 1 x 3.6 us = 3.6 us (180.622 GFLOPS/s)
MUL_MAT_ADD MUL_MAT_VEC q6_K m=5120 n=5 k=17408: 1 x 164.82 us = 164.82 us (5407.5 GFLOPS/s)
MUL_MAT_ADD MUL_MAT_VEC q6_K m=5120 n=5 k=6144: 1 x 66.88 us = 66.88 us (4703.16 GFLOPS/s)
MUL_MAT_VEC q6_K m=1024 n=5 k=5120: 2 x 9.4 us = 18.8 us (5576.99 GFLOPS/s)
MUL_MAT_VEC q6_K m=12288 n=5 k=5120: 1 x 128.04 us = 128.04 us (4913.18 GFLOPS/s)
MUL_MAT_VEC q6_K m=17408 n=5 k=5120: 2 x 131.08 us = 262.16 us (6798.92 GFLOPS/s)
MUL_MAT_VEC q8_0 m=5120 n=5 k=10240: 1 x 105.76 us = 105.76 us (4957.1 GFLOPS/s)
RMS_NORM_MUL RMS_NORM(256,24,5,1): 1 x 3.72 us = 3.72 us
RMS_NORM_MUL RMS_NORM(256,4,5,1): 1 x 3.56 us = 3.56 us
RMS_NORM_MUL RMS_NORM(5120,5,1,1): 5 x 7.606 us = 38.03 us
ROPE: 2 x 3.62 us = 7.24 us
SET_ROWS: 2 x 2.62 us = 5.24 us
SIGMOID_MUL SIGMOID: 1 x 1.68 us = 1.68 us
Total time: 847.53 us.
----------------
Vulkan Timings:
CONCAT: 1 x 3.64 us = 3.64 us
CONT: 1 x 3.44 us = 3.44 us
FLASH_ATTN_EXT dst(256,24,1,1),  q(256,1,24,1),  k(256,256,4,1),  v(256,256,4,1),  m(256,1,1,1): 1 x 12.32 us = 12.32 us (510.67 GFLOPS/s)
GET_ROWS: 2 x 4.28 us = 8.56 us
GLU: 1 x 1.6 us = 1.6 us
MUL_MAT f32 m=256 n=24 k=256: 1 x 1.52 us = 1.52 us (2065.52 GFLOPS/s)
MUL_MAT f32 m=64 n=16 k=64: 1 x 1.76 us = 1.76 us (73.8909 GFLOPS/s)
MUL_MAT f32 m=64 n=96 k=64: 1 x 3.12 us = 3.12 us (250.092 GFLOPS/s)
MUL_MAT_ADD MUL_MAT_VEC q6_K m=5120 n=1 k=17408: 1 x 129.92 us = 129.92 us (1372.02 GFLOPS/s)
MUL_MAT_ADD MUL_MAT_VEC q6_K m=5120 n=1 k=6144: 1 x 53.88 us = 53.88 us (1167.58 GFLOPS/s)
MUL_MAT_VEC f32 m=256 n=4 k=256: 1 x 2.96 us = 2.96 us (176.778 GFLOPS/s)
MUL_MAT_VEC q6_K m=1024 n=1 k=5120: 2 x 9.18 us = 18.36 us (1142.13 GFLOPS/s)
MUL_MAT_VEC q6_K m=12288 n=1 k=5120: 1 x 89.76 us = 89.76 us (1401.7 GFLOPS/s)
MUL_MAT_VEC q6_K m=17408 n=1 k=5120: 2 x 118.12 us = 236.24 us (1508.98 GFLOPS/s)
MUL_MAT_VEC q6_K m=98304 n=1 k=5120: 1 x 670.88 us = 670.88 us (1500.32 GFLOPS/s)
MUL_MAT_VEC q8_0 m=5120 n=1 k=10240: 1 x 91.28 us = 91.28 us (1148.69 GFLOPS/s)
PAD: 1 x 6.24 us = 6.24 us
RMS_NORM_MUL RMS_NORM(256,24,1,1): 1 x 3.16 us = 3.16 us
RMS_NORM_MUL RMS_NORM(256,4,1,1): 1 x 4.8 us = 4.8 us
RMS_NORM_MUL RMS_NORM(5120,1,1,1): 5 x 4.328 us = 21.64 us
ROPE: 2 x 3.28 us = 6.56 us
SET_ROWS: 2 x 2.56 us = 5.12 us
SIGMOID_MUL SIGMOID: 1 x 1.48 us = 1.48 us
TOP_K K=10 (98304,1,1,1): 1 x 8.96 us = 8.96 us
Total time: 1387.2 us.
----------------
Vulkan Timings:
CONCAT: 1 x 1.6 us = 1.6 us
CONT: 1 x 3.6 us = 3.6 us
FLASH_ATTN_EXT dst(256,24,1,1),  q(256,1,24,1),  k(256,256,4,1),  v(256,256,4,1),  m(256,1,1,1): 1 x 12.88 us = 12.88 us (488.467 GFLOPS/s)
GET_ROWS: 2 x 4.22 us = 8.44 us
GLU: 1 x 1.8 us = 1.8 us
MUL_MAT f32 m=256 n=24 k=256: 1 x 1.6 us = 1.6 us (1962.24 GFLOPS/s)
MUL_MAT f32 m=64 n=16 k=64: 1 x 3.56 us = 3.56 us (36.5303 GFLOPS/s)
MUL_MAT f32 m=64 n=96 k=64: 1 x 3.56 us = 3.56 us (219.182 GFLOPS/s)
MUL_MAT_ADD MUL_MAT_VEC q6_K m=5120 n=1 k=17408: 1 x 122.68 us = 122.68 us (1452.99 GFLOPS/s)
MUL_MAT_ADD MUL_MAT_VEC q6_K m=5120 n=1 k=6144: 1 x 53.52 us = 53.52 us (1175.44 GFLOPS/s)
MUL_MAT_VEC f32 m=256 n=4 k=256: 1 x 2.96 us = 2.96 us (176.778 GFLOPS/s)
MUL_MAT_VEC q6_K m=1024 n=1 k=5120: 2 x 9.08 us = 18.16 us (1154.71 GFLOPS/s)
MUL_MAT_VEC q6_K m=12288 n=1 k=5120: 1 x 86.04 us = 86.04 us (1462.31 GFLOPS/s)
MUL_MAT_VEC q6_K m=17408 n=1 k=5120: 2 x 120.94 us = 241.88 us (1473.79 GFLOPS/s)
MUL_MAT_VEC q6_K m=98304 n=1 k=5120: 1 x 671.33 us = 671.33 us (1499.31 GFLOPS/s)
MUL_MAT_VEC q8_0 m=5120 n=1 k=10240: 1 x 101.32 us = 101.32 us (1034.86 GFLOPS/s)
PAD: 1 x 6.32 us = 6.32 us
RMS_NORM_MUL RMS_NORM(256,24,1,1): 1 x 3.56 us = 3.56 us
RMS_NORM_MUL RMS_NORM(256,4,1,1): 1 x 3.56 us = 3.56 us
RMS_NORM_MUL RMS_NORM(5120,1,1,1): 5 x 4.096 us = 20.48 us
ROPE: 2 x 3.52 us = 7.04 us
SET_ROWS: 2 x 2.62 us = 5.24 us
SIGMOID_MUL SIGMOID: 1 x 1.68 us = 1.68 us
TOP_K K=10 (98304,1,1,1): 1 x 8.8 us = 8.8 us
Total time: 1391.61 us.
----------------
Vulkan Timings:
CONCAT: 1 x 3.72 us = 3.72 us
CONT: 1 x 3.6 us = 3.6 us
FLASH_ATTN_EXT dst(256,24,1,1),  q(256,1,24,1),  k(256,256,4,1),  v(256,256,4,1),  m(256,1,1,1): 1 x 12.76 us = 12.76 us (493.061 GFLOPS/s)
GET_ROWS: 2 x 4.24 us = 8.48 us
GLU: 1 x 1.76 us = 1.76 us
MUL_MAT f32 m=256 n=24 k=256: 1 x 1.68 us = 1.68 us (1868.8 GFLOPS/s)
MUL_MAT f32 m=64 n=16 k=64: 1 x 3.56 us = 3.56 us (36.5303 GFLOPS/s)
MUL_MAT f32 m=64 n=96 k=64: 1 x 3.56 us = 3.56 us (219.182 GFLOPS/s)
MUL_MAT_ADD MUL_MAT_VEC q6_K m=5120 n=1 k=17408: 1 x 122.72 us = 122.72 us (1452.52 GFLOPS/s)
MUL_MAT_ADD MUL_MAT_VEC q6_K m=5120 n=1 k=6144: 1 x 53.88 us = 53.88 us (1167.58 GFLOPS/s)
MUL_MAT_VEC f32 m=256 n=4 k=256: 1 x 3 us = 3 us (174.421 GFLOPS/s)
MUL_MAT_VEC q6_K m=1024 n=1 k=5120: 2 x 9.2 us = 18.4 us (1139.65 GFLOPS/s)
MUL_MAT_VEC q6_K m=12288 n=1 k=5120: 1 x 85.72 us = 85.72 us (1467.77 GFLOPS/s)
MUL_MAT_VEC q6_K m=17408 n=1 k=5120: 2 x 120.76 us = 241.52 us (1475.99 GFLOPS/s)
MUL_MAT_VEC q6_K m=98304 n=1 k=5120: 1 x 673.26 us = 673.26 us (1495.02 GFLOPS/s)
MUL_MAT_VEC q8_0 m=5120 n=1 k=10240: 1 x 100.92 us = 100.92 us (1038.97 GFLOPS/s)
PAD: 1 x 6.24 us = 6.24 us
RMS_NORM_MUL RMS_NORM(256,24,1,1): 1 x 3.56 us = 3.56 us
RMS_NORM_MUL RMS_NORM(256,4,1,1): 1 x 3.56 us = 3.56 us
RMS_NORM_MUL RMS_NORM(5120,1,1,1): 5 x 3.696 us = 18.48 us
ROPE: 2 x 3.52 us = 7.04 us
SET_ROWS: 2 x 2.62 us = 5.24 us
SIGMOID_MUL SIGMOID: 1 x 1.64 us = 1.64 us
TOP_K K=10 (98304,1,1,1): 1 x 8.68 us = 8.68 us
Total time: 1392.98 us.
----------------
Vulkan Timings:
CONCAT: 1 x 3.68 us = 3.68 us
CONT: 1 x 3.52 us = 3.52 us
FLASH_ATTN_EXT dst(256,24,1,1),  q(256,1,24,1),  k(256,256,4,1),  v(256,256,4,1),  m(256,1,1,1): 1 x 12.64 us = 12.64 us (497.742 GFLOPS/s)
GET_ROWS: 2 x 4.22 us = 8.44 us
GLU: 1 x 1.8 us = 1.8 us
MUL_MAT f32 m=256 n=24 k=256: 1 x 1.56 us = 1.56 us (2012.55 GFLOPS/s)
MUL_MAT f32 m=64 n=16 k=64: 1 x 3.56 us = 3.56 us (36.5303 GFLOPS/s)
MUL_MAT f32 m=64 n=96 k=64: 1 x 3.56 us = 3.56 us (219.182 GFLOPS/s)
MUL_MAT_ADD MUL_MAT_VEC q6_K m=5120 n=1 k=17408: 1 x 123.52 us = 123.52 us (1443.11 GFLOPS/s)
MUL_MAT_ADD MUL_MAT_VEC q6_K m=5120 n=1 k=6144: 1 x 53.52 us = 53.52 us (1175.44 GFLOPS/s)
MUL_MAT_VEC f32 m=256 n=4 k=256: 1 x 3 us = 3 us (174.421 GFLOPS/s)
MUL_MAT_VEC q6_K m=1024 n=1 k=5120: 2 x 9.12 us = 18.24 us (1149.64 GFLOPS/s)
MUL_MAT_VEC q6_K m=12288 n=1 k=5120: 1 x 85.6 us = 85.6 us (1469.82 GFLOPS/s)
MUL_MAT_VEC q6_K m=17408 n=1 k=5120: 2 x 121.04 us = 242.08 us (1472.58 GFLOPS/s)
MUL_MAT_VEC q6_K m=98304 n=1 k=5120: 1 x 670.43 us = 670.43 us (1501.33 GFLOPS/s)
MUL_MAT_VEC q8_0 m=5120 n=1 k=10240: 1 x 101 us = 101 us (1038.14 GFLOPS/s)
PAD: 1 x 6.24 us = 6.24 us
RMS_NORM_MUL RMS_NORM(256,24,1,1): 1 x 3.56 us = 3.56 us
RMS_NORM_MUL RMS_NORM(256,4,1,1): 1 x 3.56 us = 3.56 us
RMS_NORM_MUL RMS_NORM(5120,1,1,1): 5 x 3.648 us = 18.24 us
ROPE: 2 x 3.56 us = 7.12 us
SET_ROWS: 2 x 2.58 us = 5.16 us
SIGMOID_MUL SIGMOID: 1 x 1.68 us = 1.68 us
TOP_K K=10 (98304,1,1,1): 1 x 8.84 us = 8.84 us
Total time: 1390.55 us.
----------------
Vulkan Timings:
ADD: 48 x 3.651 us = 175.28 us
CONCAT: 48 x 2.43 us = 116.68 us
CONT: 16 x 3.72 us = 59.52 us
CPY: 240 x 2.176 us = 522.36 us
FLASH_ATTN_EXT dst(256,24,5,1),  q(256,5,24,1),  k(256,256,4,1),  v(256,256,4,1),  m(256,5,1,1): 16 x 20.582 us = 329.32 us (1528.35 GFLOPS/s)
GDN_CACHE GATED_DELTA_NET: 48 x 13.296 us = 638.24 us
GET_ROWS: 50 x 24.427 us = 1221.36 us
GLU: 64 x 2.946 us = 188.6 us
MUL_MAT f32 m=256 n=120 k=256: 16 x 1.757 us = 28.12 us (8931.96 GFLOPS/s)
MUL_MAT f32 m=256 n=20 k=256: 16 x 3.02 us = 48.32 us (866.331 GFLOPS/s)
MUL_MAT f32 m=64 n=480 k=64: 16 x 3.542 us = 56.68 us (1101.32 GFLOPS/s)
MUL_MAT f32 m=64 n=80 k=64: 16 x 3.195 us = 51.12 us (203.518 GFLOPS/s)
MUL_MAT_ADD MUL_MAT_VEC q6_K m=5120 n=5 k=17408: 64 x 138.279 us = 8849.88 us (6445.39 GFLOPS/s)
MUL_MAT_ADD MUL_MAT_VEC q6_K m=5120 n=5 k=6144: 16 x 59.382 us = 950.12 us (5296.97 GFLOPS/s)
MUL_MAT_VEC f32 m=48 n=5 k=5120: 96 x 3.453 us = 331.56 us (711.505 GFLOPS/s)
MUL_MAT_VEC q6_K m=1024 n=5 k=5120: 32 x 6.943 us = 222.2 us (7549.76 GFLOPS/s)
MUL_MAT_VEC q6_K m=10240 n=5 k=5120: 48 x 79.592 us = 3820.44 us (6586.51 GFLOPS/s)
MUL_MAT_VEC q6_K m=12288 n=5 k=5120: 16 x 98.252 us = 1572.04 us (6402.73 GFLOPS/s)
MUL_MAT_VEC q6_K m=17408 n=5 k=5120: 128 x 137.906 us = 17652 us (6462.37 GFLOPS/s)
MUL_MAT_VEC q6_K m=248320 n=5 k=5120: 1 x 1685.88 us = 1685.88 us (7540.72 GFLOPS/s)
MUL_MAT_VEC q6_K m=6144 n=5 k=5120: 48 x 53.236 us = 2555.36 us (5908.37 GFLOPS/s)
MUL_MAT_VEC q8_0 m=5120 n=5 k=6144: 48 x 62.958 us = 3022 us (4996.12 GFLOPS/s)
RMS_NORM_MUL RMS_NORM(256,24,5,1): 16 x 3.612 us = 57.8 us
RMS_NORM_MUL RMS_NORM(256,4,5,1): 16 x 4.285 us = 68.56 us
RMS_NORM_MUL RMS_NORM(5120,5,1,1): 129 x 4.507 us = 581.52 us
RMS_NORM_MUL_SILU_MUL RMS_NORM(128,48,5,1): 48 x 5.488 us = 263.44 us
RMS_NORM_SCALE RMS_NORM(128,16,5,1): 96 x 2.56 us = 245.84 us
ROPE: 32 x 3.746 us = 119.88 us
SET_ROWS: 32 x 2.831 us = 90.6 us
SIGMOID_MUL SIGMOID: 16 x 3.577 us = 57.24 us
SSM_CONV_SILU SSM_CONV: 48 x 5.534 us = 265.64 us
Total time: 45847.6 us.
----------------
Vulkan Timings:
CONCAT: 1 x 3.92 us = 3.92 us
CONT: 1 x 3.64 us = 3.64 us
FLASH_ATTN_EXT dst(256,24,5,1),  q(256,5,24,1),  k(256,256,4,1),  v(256,256,4,1),  m(256,5,1,1): 1 x 20.36 us = 20.36 us (1545.05 GFLOPS/s)
GLU: 1 x 1.52 us = 1.52 us
MUL_MAT f32 m=256 n=120 k=256: 1 x 1.72 us = 1.72 us (9126.7 GFLOPS/s)
MUL_MAT f32 m=256 n=20 k=256: 1 x 3 us = 3 us (872.107 GFLOPS/s)
MUL_MAT f32 m=64 n=480 k=64: 1 x 3.6 us = 3.6 us (1083.73 GFLOPS/s)
MUL_MAT f32 m=64 n=80 k=64: 1 x 3.56 us = 3.56 us (182.652 GFLOPS/s)
MUL_MAT_ADD MUL_MAT_VEC q6_K m=5120 n=5 k=17408: 1 x 162.69 us = 162.69 us (5478.3 GFLOPS/s)
MUL_MAT_ADD MUL_MAT_VEC q6_K m=5120 n=5 k=6144: 1 x 68.4 us = 68.4 us (4598.64 GFLOPS/s)
MUL_MAT_VEC q6_K m=1024 n=5 k=5120: 2 x 9.42 us = 18.84 us (5565.15 GFLOPS/s)
MUL_MAT_VEC q6_K m=12288 n=5 k=5120: 1 x 129.32 us = 129.32 us (4864.55 GFLOPS/s)
MUL_MAT_VEC q6_K m=17408 n=5 k=5120: 2 x 130.62 us = 261.24 us (6822.86 GFLOPS/s)
MUL_MAT_VEC q8_0 m=5120 n=5 k=10240: 1 x 105.84 us = 105.84 us (4953.35 GFLOPS/s)
RMS_NORM_MUL RMS_NORM(256,24,5,1): 1 x 3.68 us = 3.68 us
RMS_NORM_MUL RMS_NORM(256,4,5,1): 1 x 3.56 us = 3.56 us
RMS_NORM_MUL RMS_NORM(5120,5,1,1): 5 x 7.986 us = 39.93 us
ROPE: 2 x 3.56 us = 7.12 us
SET_ROWS: 2 x 2.62 us = 5.24 us
SIGMOID_MUL SIGMOID: 1 x 1.68 us = 1.68 us
Total time: 848.86 us.
----------------
Vulkan Timings:
CONCAT: 1 x 3.6 us = 3.6 us
CONT: 1 x 3.48 us = 3.48 us
FLASH_ATTN_EXT dst(256,24,1,1),  q(256,1,24,1),  k(256,256,4,1),  v(256,256,4,1),  m(256,1,1,1): 1 x 12.36 us = 12.36 us (509.017 GFLOPS/s)
GET_ROWS: 2 x 4.24 us = 8.48 us
GLU: 1 x 1.6 us = 1.6 us
MUL_MAT f32 m=256 n=24 k=256: 1 x 1.48 us = 1.48 us (2121.34 GFLOPS/s)
MUL_MAT f32 m=64 n=16 k=64: 1 x 1.8 us = 1.8 us (72.2489 GFLOPS/s)
MUL_MAT f32 m=64 n=96 k=64: 1 x 3.16 us = 3.16 us (246.927 GFLOPS/s)
MUL_MAT_ADD MUL_MAT_VEC q6_K m=5120 n=1 k=17408: 1 x 129.64 us = 129.64 us (1374.98 GFLOPS/s)
MUL_MAT_ADD MUL_MAT_VEC q6_K m=5120 n=1 k=6144: 1 x 53.8 us = 53.8 us (1169.32 GFLOPS/s)
MUL_MAT_VEC f32 m=256 n=4 k=256: 1 x 2.96 us = 2.96 us (176.778 GFLOPS/s)
MUL_MAT_VEC q6_K m=1024 n=1 k=5120: 2 x 9.2 us = 18.4 us (1139.65 GFLOPS/s)
MUL_MAT_VEC q6_K m=12288 n=1 k=5120: 1 x 90.32 us = 90.32 us (1393.01 GFLOPS/s)
MUL_MAT_VEC q6_K m=17408 n=1 k=5120: 2 x 118.18 us = 236.36 us (1508.21 GFLOPS/s)
MUL_MAT_VEC q6_K m=98304 n=1 k=5120: 1 x 675.4 us = 675.4 us (1490.28 GFLOPS/s)
MUL_MAT_VEC q8_0 m=5120 n=1 k=10240: 1 x 93.64 us = 93.64 us (1119.74 GFLOPS/s)
PAD: 1 x 6.28 us = 6.28 us
RMS_NORM_MUL RMS_NORM(256,24,1,1): 1 x 3.12 us = 3.12 us
RMS_NORM_MUL RMS_NORM(256,4,1,1): 1 x 4.76 us = 4.76 us
RMS_NORM_MUL RMS_NORM(5120,1,1,1): 5 x 4.04 us = 20.2 us
ROPE: 2 x 3.24 us = 6.48 us
SET_ROWS: 2 x 2.54 us = 5.08 us
SIGMOID_MUL SIGMOID: 1 x 1.6 us = 1.6 us
TOP_K K=10 (98304,1,1,1): 1 x 9 us = 9 us
Total time: 1393 us.
----------------
Vulkan Timings:
CONCAT: 1 x 3.72 us = 3.72 us
CONT: 1 x 3.56 us = 3.56 us
FLASH_ATTN_EXT dst(256,24,1,1),  q(256,1,24,1),  k(256,256,4,1),  v(256,256,4,1),  m(256,1,1,1): 1 x 12.88 us = 12.88 us (488.467 GFLOPS/s)
GET_ROWS: 2 x 4.38 us = 8.76 us
GLU: 1 x 1.88 us = 1.88 us
MUL_MAT f32 m=256 n=24 k=256: 1 x 4.56 us = 4.56 us (688.505 GFLOPS/s)
MUL_MAT f32 m=64 n=16 k=64: 1 x 3.56 us = 3.56 us (36.5303 GFLOPS/s)
MUL_MAT f32 m=64 n=96 k=64: 1 x 3.56 us = 3.56 us (219.182 GFLOPS/s)
MUL_MAT_ADD MUL_MAT_VEC q6_K m=5120 n=1 k=17408: 1 x 123.52 us = 123.52 us (1443.11 GFLOPS/s)
MUL_MAT_ADD MUL_MAT_VEC q6_K m=5120 n=1 k=6144: 1 x 53.36 us = 53.36 us (1178.96 GFLOPS/s)
MUL_MAT_VEC f32 m=256 n=4 k=256: 1 x 0.48 us = 0.48 us (1090.13 GFLOPS/s)
MUL_MAT_VEC q6_K m=1024 n=1 k=5120: 2 x 9.08 us = 18.16 us (1154.71 GFLOPS/s)
MUL_MAT_VEC q6_K m=12288 n=1 k=5120: 1 x 85.76 us = 85.76 us (1467.08 GFLOPS/s)
MUL_MAT_VEC q6_K m=17408 n=1 k=5120: 2 x 121 us = 242 us (1473.06 GFLOPS/s)
MUL_MAT_VEC q6_K m=98304 n=1 k=5120: 1 x 673.07 us = 673.07 us (1495.44 GFLOPS/s)
MUL_MAT_VEC q8_0 m=5120 n=1 k=10240: 1 x 106.32 us = 106.32 us (986.197 GFLOPS/s)
PAD: 1 x 6.24 us = 6.24 us
RMS_NORM_MUL RMS_NORM(256,24,1,1): 1 x 3.56 us = 3.56 us
RMS_NORM_MUL RMS_NORM(256,4,1,1): 1 x 3.56 us = 3.56 us
RMS_NORM_MUL RMS_NORM(5120,1,1,1): 5 x 3.672 us = 18.36 us
ROPE: 2 x 3.54 us = 7.08 us
SET_ROWS: 2 x 2.56 us = 5.12 us
SIGMOID_MUL SIGMOID: 1 x 1.64 us = 1.64 us
TOP_K K=10 (98304,1,1,1): 1 x 9.08 us = 9.08 us
Total time: 1399.79 us.
----------------
Vulkan Timings:
CONCAT: 1 x 3.68 us = 3.68 us
CONT: 1 x 3.52 us = 3.52 us
FLASH_ATTN_EXT dst(256,24,1,1),  q(256,1,24,1),  k(256,256,4,1),  v(256,256,4,1),  m(256,1,1,1): 1 x 12.84 us = 12.84 us (489.989 GFLOPS/s)
GET_ROWS: 2 x 4.22 us = 8.44 us
GLU: 1 x 1.76 us = 1.76 us
MUL_MAT f32 m=256 n=24 k=256: 1 x 1.6 us = 1.6 us (1962.24 GFLOPS/s)
MUL_MAT f32 m=64 n=16 k=64: 1 x 3.56 us = 3.56 us (36.5303 GFLOPS/s)
MUL_MAT f32 m=64 n=96 k=64: 1 x 3.52 us = 3.52 us (221.673 GFLOPS/s)
MUL_MAT_ADD MUL_MAT_VEC q6_K m=5120 n=1 k=17408: 1 x 123.92 us = 123.92 us (1438.45 GFLOPS/s)
MUL_MAT_ADD MUL_MAT_VEC q6_K m=5120 n=1 k=6144: 1 x 53.72 us = 53.72 us (1171.06 GFLOPS/s)
MUL_MAT_VEC f32 m=256 n=4 k=256: 1 x 2.96 us = 2.96 us (176.778 GFLOPS/s)
MUL_MAT_VEC q6_K m=1024 n=1 k=5120: 2 x 9.14 us = 18.28 us (1147.13 GFLOPS/s)
MUL_MAT_VEC q6_K m=12288 n=1 k=5120: 1 x 85.96 us = 85.96 us (1463.67 GFLOPS/s)
MUL_MAT_VEC q6_K m=17408 n=1 k=5120: 2 x 121.18 us = 242.36 us (1470.87 GFLOPS/s)
MUL_MAT_VEC q6_K m=98304 n=1 k=5120: 1 x 671.9 us = 671.9 us (1498.04 GFLOPS/s)
MUL_MAT_VEC q8_0 m=5120 n=1 k=10240: 1 x 100.12 us = 100.12 us (1047.27 GFLOPS/s)
PAD: 1 x 7 us = 7 us
RMS_NORM_MUL RMS_NORM(256,24,1,1): 1 x 3.56 us = 3.56 us
RMS_NORM_MUL RMS_NORM(256,4,1,1): 1 x 3.52 us = 3.52 us
RMS_NORM_MUL RMS_NORM(5120,1,1,1): 5 x 3.696 us = 18.48 us
ROPE: 2 x 3.56 us = 7.12 us
SET_ROWS: 2 x 2.62 us = 5.24 us
SIGMOID_MUL SIGMOID: 1 x 1.68 us = 1.68 us
TOP_K K=10 (98304,1,1,1): 1 x 8.88 us = 8.88 us
Total time: 1393.62 us.
----------------
Vulkan Timings:
CONCAT: 1 x 3.68 us = 3.68 us
CONT: 1 x 3.6 us = 3.6 us
FLASH_ATTN_EXT dst(256,24,1,1),  q(256,1,24,1),  k(256,256,4,1),  v(256,256,4,1),  m(256,1,1,1): 1 x 12.68 us = 12.68 us (496.172 GFLOPS/s)
GET_ROWS: 2 x 4.2 us = 8.4 us
GLU: 1 x 1.72 us = 1.72 us
MUL_MAT f32 m=256 n=24 k=256: 1 x 1.6 us = 1.6 us (1962.24 GFLOPS/s)
MUL_MAT f32 m=64 n=16 k=64: 1 x 3.56 us = 3.56 us (36.5303 GFLOPS/s)
MUL_MAT f32 m=64 n=96 k=64: 1 x 3.6 us = 3.6 us (216.747 GFLOPS/s)
MUL_MAT_ADD MUL_MAT_VEC q6_K m=5120 n=1 k=17408: 1 x 123 us = 123 us (1449.21 GFLOPS/s)
MUL_MAT_ADD MUL_MAT_VEC q6_K m=5120 n=1 k=6144: 1 x 53.8 us = 53.8 us (1169.32 GFLOPS/s)
MUL_MAT_VEC f32 m=256 n=4 k=256: 1 x 2.96 us = 2.96 us (176.778 GFLOPS/s)
MUL_MAT_VEC q6_K m=1024 n=1 k=5120: 2 x 9.02 us = 18.04 us (1162.39 GFLOPS/s)
MUL_MAT_VEC q6_K m=12288 n=1 k=5120: 1 x 85.4 us = 85.4 us (1473.27 GFLOPS/s)
MUL_MAT_VEC q6_K m=17408 n=1 k=5120: 2 x 121 us = 242 us (1473.06 GFLOPS/s)
MUL_MAT_VEC q6_K m=98304 n=1 k=5120: 1 x 670.8 us = 670.8 us (1500.5 GFLOPS/s)
MUL_MAT_VEC q8_0 m=5120 n=1 k=10240: 1 x 100.88 us = 100.88 us (1039.38 GFLOPS/s)
PAD: 1 x 6.2 us = 6.2 us
RMS_NORM_MUL RMS_NORM(256,24,1,1): 1 x 3.56 us = 3.56 us
RMS_NORM_MUL RMS_NORM(256,4,1,1): 1 x 3.52 us = 3.52 us
RMS_NORM_MUL RMS_NORM(5120,1,1,1): 5 x 3.656 us = 18.28 us
ROPE: 2 x 3.52 us = 7.04 us
SET_ROWS: 2 x 2.6 us = 5.2 us
SIGMOID_MUL SIGMOID: 1 x 1.68 us = 1.68 us
TOP_K K=10 (98304,1,1,1): 1 x 8.64 us = 8.64 us
Total time: 1389.84 us.
----------------
Vulkan Timings:
ADD: 48 x 3.669 us = 176.12 us
CONCAT: 48 x 2.441 us = 117.2 us
CONT: 16 x 3.747 us = 59.96 us
CPY: 240 x 2.146 us = 515.08 us
FLASH_ATTN_EXT dst(256,24,5,1),  q(256,5,24,1),  k(256,256,4,1),  v(256,256,4,1),  m(256,5,1,1): 16 x 20.46 us = 327.36 us (1537.5 GFLOPS/s)
GDN_CACHE GATED_DELTA_NET: 48 x 13.402 us = 643.32 us
GET_ROWS: 50 x 24.546 us = 1227.32 us
GLU: 64 x 2.878 us = 184.2 us
MUL_MAT f32 m=256 n=120 k=256: 16 x 1.775 us = 28.4 us (8843.9 GFLOPS/s)
MUL_MAT f32 m=256 n=20 k=256: 16 x 3.045 us = 48.72 us (859.218 GFLOPS/s)
MUL_MAT f32 m=64 n=480 k=64: 16 x 3.562 us = 57 us (1095.14 GFLOPS/s)
MUL_MAT f32 m=64 n=80 k=64: 16 x 3.195 us = 51.12 us (203.518 GFLOPS/s)
MUL_MAT_ADD MUL_MAT_VEC q6_K m=5120 n=5 k=17408: 64 x 137.814 us = 8820.12 us (6467.13 GFLOPS/s)
MUL_MAT_ADD MUL_MAT_VEC q6_K m=5120 n=5 k=6144: 16 x 59.862 us = 957.8 us (5254.49 GFLOPS/s)
MUL_MAT_VEC f32 m=48 n=5 k=5120: 96 x 3.422 us = 328.52 us (718.089 GFLOPS/s)
MUL_MAT_VEC q6_K m=1024 n=5 k=5120: 32 x 6.982 us = 223.44 us (7507.87 GFLOPS/s)
MUL_MAT_VEC q6_K m=10240 n=5 k=5120: 48 x 79.582 us = 3819.96 us (6587.34 GFLOPS/s)
MUL_MAT_VEC q6_K m=12288 n=5 k=5120: 16 x 98.812 us = 1581 us (6366.44 GFLOPS/s)
MUL_MAT_VEC q6_K m=17408 n=5 k=5120: 128 x 138.308 us = 17703.5 us (6443.59 GFLOPS/s)
MUL_MAT_VEC q6_K m=248320 n=5 k=5120: 1 x 1687.04 us = 1687.04 us (7535.53 GFLOPS/s)
MUL_MAT_VEC q6_K m=6144 n=5 k=5120: 48 x 53.189 us = 2553.08 us (5913.65 GFLOPS/s)
MUL_MAT_VEC q8_0 m=5120 n=5 k=6144: 48 x 62.978 us = 3022.96 us (4994.53 GFLOPS/s)
RMS_NORM_MUL RMS_NORM(256,24,5,1): 16 x 3.63 us = 58.08 us
RMS_NORM_MUL RMS_NORM(256,4,5,1): 16 x 4.312 us = 69 us
RMS_NORM_MUL RMS_NORM(5120,5,1,1): 129 x 4.552 us = 587.24 us
RMS_NORM_MUL_SILU_MUL RMS_NORM(128,48,5,1): 48 x 5.517 us = 264.84 us
RMS_NORM_SCALE RMS_NORM(128,16,5,1): 96 x 2.641 us = 253.6 us
ROPE: 32 x 3.757 us = 120.24 us
SET_ROWS: 32 x 2.892 us = 92.56 us
SIGMOID_MUL SIGMOID: 16 x 3.615 us = 57.84 us
SSM_CONV_SILU SSM_CONV: 48 x 5.57 us = 267.4 us
Total time: 45904 us.
----------------
Vulkan Timings:
CONCAT: 1 x 3.92 us = 3.92 us
CONT: 1 x 3.6 us = 3.6 us
FLASH_ATTN_EXT dst(256,24,5,1),  q(256,5,24,1),  k(256,256,4,1),  v(256,256,4,1),  m(256,5,1,1): 1 x 20.24 us = 20.24 us (1554.21 GFLOPS/s)
GLU: 1 x 1.72 us = 1.72 us
MUL_MAT f32 m=256 n=120 k=256: 1 x 1.72 us = 1.72 us (9126.7 GFLOPS/s)
MUL_MAT f32 m=256 n=20 k=256: 1 x 2.96 us = 2.96 us (883.892 GFLOPS/s)
MUL_MAT f32 m=64 n=480 k=64: 1 x 3.6 us = 3.6 us (1083.73 GFLOPS/s)
MUL_MAT f32 m=64 n=80 k=64: 1 x 3.56 us = 3.56 us (182.652 GFLOPS/s)
MUL_MAT_ADD MUL_MAT_VEC q6_K m=5120 n=5 k=17408: 1 x 162.89 us = 162.89 us (5471.57 GFLOPS/s)
MUL_MAT_ADD MUL_MAT_VEC q6_K m=5120 n=5 k=6144: 1 x 62.2 us = 62.2 us (5057.03 GFLOPS/s)
MUL_MAT_VEC q6_K m=1024 n=5 k=5120: 2 x 9.26 us = 18.52 us (5661.3 GFLOPS/s)
MUL_MAT_VEC q6_K m=12288 n=5 k=5120: 1 x 126.95 us = 126.95 us (4955.37 GFLOPS/s)
MUL_MAT_VEC q6_K m=17408 n=5 k=5120: 2 x 130.8 us = 261.6 us (6813.48 GFLOPS/s)
MUL_MAT_VEC q8_0 m=5120 n=5 k=10240: 1 x 106.24 us = 106.24 us (4934.7 GFLOPS/s)
RMS_NORM_MUL RMS_NORM(256,24,5,1): 1 x 3.68 us = 3.68 us
RMS_NORM_MUL RMS_NORM(256,4,5,1): 1 x 3.56 us = 3.56 us
RMS_NORM_MUL RMS_NORM(5120,5,1,1): 5 x 8.158 us = 40.79 us
ROPE: 2 x 3.58 us = 7.16 us
SET_ROWS: 2 x 2.64 us = 5.28 us
SIGMOID_MUL SIGMOID: 1 x 1.64 us = 1.64 us
Total time: 841.83 us.
----------------
Vulkan Timings:
CONCAT: 1 x 3.6 us = 3.6 us
CONT: 1 x 3.48 us = 3.48 us
FLASH_ATTN_EXT dst(256,24,1,1),  q(256,1,24,1),  k(256,256,4,1),  v(256,256,4,1),  m(256,1,1,1): 1 x 12.4 us = 12.4 us (507.375 GFLOPS/s)
GET_ROWS: 2 x 6.32 us = 12.64 us
GLU: 1 x 1.6 us = 1.6 us
MUL_MAT f32 m=256 n=24 k=256: 1 x 1.56 us = 1.56 us (2012.55 GFLOPS/s)
MUL_MAT f32 m=64 n=16 k=64: 1 x 1.76 us = 1.76 us (73.8909 GFLOPS/s)
MUL_MAT f32 m=64 n=96 k=64: 1 x 3.16 us = 3.16 us (246.927 GFLOPS/s)
MUL_MAT_ADD MUL_MAT_VEC q6_K m=5120 n=1 k=17408: 1 x 130.44 us = 130.44 us (1366.55 GFLOPS/s)
MUL_MAT_ADD MUL_MAT_VEC q6_K m=5120 n=1 k=6144: 1 x 53.92 us = 53.92 us (1166.72 GFLOPS/s)
MUL_MAT_VEC f32 m=256 n=4 k=256: 1 x 3 us = 3 us (174.421 GFLOPS/s)
MUL_MAT_VEC q6_K m=1024 n=1 k=5120: 2 x 9.3 us = 18.6 us (1127.39 GFLOPS/s)
MUL_MAT_VEC q6_K m=12288 n=1 k=5120: 1 x 90.32 us = 90.32 us (1393.01 GFLOPS/s)
MUL_MAT_VEC q6_K m=17408 n=1 k=5120: 2 x 118.12 us = 236.24 us (1508.98 GFLOPS/s)
MUL_MAT_VEC q6_K m=98304 n=1 k=5120: 1 x 674.88 us = 674.88 us (1491.43 GFLOPS/s)
MUL_MAT_VEC q8_0 m=5120 n=1 k=10240: 1 x 92.04 us = 92.04 us (1139.21 GFLOPS/s)
PAD: 1 x 4.96 us = 4.96 us
RMS_NORM_MUL RMS_NORM(256,24,1,1): 1 x 3.12 us = 3.12 us
RMS_NORM_MUL RMS_NORM(256,4,1,1): 1 x 4.8 us = 4.8 us
RMS_NORM_MUL RMS_NORM(5120,1,1,1): 5 x 4.312 us = 21.56 us
ROPE: 2 x 3.28 us = 6.56 us
SET_ROWS: 2 x 2.58 us = 5.16 us
SIGMOID_MUL SIGMOID: 1 x 1.56 us = 1.56 us
TOP_K K=10 (98304,1,1,1): 1 x 8.56 us = 8.56 us
Total time: 1395.92 us.
----------------
Vulkan Timings:
CONCAT: 1 x 3.72 us = 3.72 us
CONT: 1 x 3.56 us = 3.56 us
FLASH_ATTN_EXT dst(256,24,1,1),  q(256,1,24,1),  k(256,256,4,1),  v(256,256,4,1),  m(256,1,1,1): 1 x 12.8 us = 12.8 us (491.52 GFLOPS/s)
GET_ROWS: 2 x 4.22 us = 8.44 us
GLU: 1 x 1.84 us = 1.84 us
MUL_MAT f32 m=256 n=24 k=256: 1 x 1.6 us = 1.6 us (1962.24 GFLOPS/s)
MUL_MAT f32 m=64 n=16 k=64: 1 x 3.56 us = 3.56 us (36.5303 GFLOPS/s)
MUL_MAT f32 m=64 n=96 k=64: 1 x 3.52 us = 3.52 us (221.673 GFLOPS/s)
MUL_MAT_ADD MUL_MAT_VEC q6_K m=5120 n=1 k=17408: 1 x 122.84 us = 122.84 us (1451.1 GFLOPS/s)
MUL_MAT_ADD MUL_MAT_VEC q6_K m=5120 n=1 k=6144: 1 x 53.8 us = 53.8 us (1169.32 GFLOPS/s)
MUL_MAT_VEC f32 m=256 n=4 k=256: 1 x 3 us = 3 us (174.421 GFLOPS/s)
MUL_MAT_VEC q6_K m=1024 n=1 k=5120: 2 x 9.04 us = 18.08 us (1159.82 GFLOPS/s)
MUL_MAT_VEC q6_K m=12288 n=1 k=5120: 1 x 85.76 us = 85.76 us (1467.08 GFLOPS/s)
MUL_MAT_VEC q6_K m=17408 n=1 k=5120: 2 x 121.18 us = 242.36 us (1470.87 GFLOPS/s)
MUL_MAT_VEC q6_K m=98304 n=1 k=5120: 1 x 673.41 us = 673.41 us (1494.68 GFLOPS/s)
MUL_MAT_VEC q8_0 m=5120 n=1 k=10240: 1 x 100.6 us = 100.6 us (1042.27 GFLOPS/s)
PAD: 1 x 6.24 us = 6.24 us
RMS_NORM_MUL RMS_NORM(256,24,1,1): 1 x 3.56 us = 3.56 us
RMS_NORM_MUL RMS_NORM(256,4,1,1): 1 x 3.56 us = 3.56 us
RMS_NORM_MUL RMS_NORM(5120,1,1,1): 5 x 3.648 us = 18.24 us
ROPE: 2 x 3.52 us = 7.04 us
SET_ROWS: 2 x 2.6 us = 5.2 us
SIGMOID_MUL SIGMOID: 1 x 1.88 us = 1.88 us
TOP_K K=10 (98304,1,1,1): 1 x 9.16 us = 9.16 us
Total time: 1393.77 us.
----------------
Vulkan Timings:
CONCAT: 1 x 3.68 us = 3.68 us
CONT: 1 x 3.6 us = 3.6 us
FLASH_ATTN_EXT dst(256,24,1,1),  q(256,1,24,1),  k(256,256,4,1),  v(256,256,4,1),  m(256,1,1,1): 1 x 12.88 us = 12.88 us (488.467 GFLOPS/s)
GET_ROWS: 2 x 4.22 us = 8.44 us
GLU: 1 x 1.72 us = 1.72 us
MUL_MAT f32 m=256 n=24 k=256: 1 x 1.68 us = 1.68 us (1868.8 GFLOPS/s)
MUL_MAT f32 m=64 n=16 k=64: 1 x 3.56 us = 3.56 us (36.5303 GFLOPS/s)
MUL_MAT f32 m=64 n=96 k=64: 1 x 3.56 us = 3.56 us (219.182 GFLOPS/s)
MUL_MAT_ADD MUL_MAT_VEC q6_K m=5120 n=1 k=17408: 1 x 123.36 us = 123.36 us (1444.98 GFLOPS/s)
MUL_MAT_ADD MUL_MAT_VEC q6_K m=5120 n=1 k=6144: 1 x 54.24 us = 54.24 us (1159.83 GFLOPS/s)
MUL_MAT_VEC f32 m=256 n=4 k=256: 1 x 2.96 us = 2.96 us (176.778 GFLOPS/s)
MUL_MAT_VEC q6_K m=1024 n=1 k=5120: 2 x 5.86 us = 11.72 us (1789.2 GFLOPS/s)
MUL_MAT_VEC q6_K m=12288 n=1 k=5120: 1 x 92.76 us = 92.76 us (1356.37 GFLOPS/s)
MUL_MAT_VEC q6_K m=17408 n=1 k=5120: 2 x 121.2 us = 242.4 us (1470.63 GFLOPS/s)
MUL_MAT_VEC q6_K m=98304 n=1 k=5120: 1 x 674.02 us = 674.02 us (1493.33 GFLOPS/s)
MUL_MAT_VEC q8_0 m=5120 n=1 k=10240: 1 x 100.6 us = 100.6 us (1042.27 GFLOPS/s)
PAD: 1 x 6.24 us = 6.24 us
RMS_NORM_MUL RMS_NORM(256,24,1,1): 1 x 3.56 us = 3.56 us
RMS_NORM_MUL RMS_NORM(256,4,1,1): 1 x 3.52 us = 3.52 us
RMS_NORM_MUL RMS_NORM(5120,1,1,1): 5 x 3.848 us = 19.24 us
ROPE: 2 x 3.5 us = 7 us
SET_ROWS: 2 x 2.64 us = 5.28 us
SIGMOID_MUL SIGMOID: 1 x 1.64 us = 1.64 us
TOP_K K=10 (98304,1,1,1): 1 x 8.6 us = 8.6 us
Total time: 1396.26 us.
----------------
Vulkan Timings:
CONCAT: 1 x 3.68 us = 3.68 us
CONT: 1 x 3.52 us = 3.52 us
FLASH_ATTN_EXT dst(256,24,1,1),  q(256,1,24,1),  k(256,256,4,1),  v(256,256,4,1),  m(256,1,1,1): 1 x 12.68 us = 12.68 us (496.172 GFLOPS/s)
GET_ROWS: 2 x 4.2 us = 8.4 us
GLU: 1 x 1.84 us = 1.84 us
MUL_MAT f32 m=256 n=24 k=256: 1 x 1.64 us = 1.64 us (1914.38 GFLOPS/s)
MUL_MAT f32 m=64 n=16 k=64: 1 x 3.56 us = 3.56 us (36.5303 GFLOPS/s)
MUL_MAT f32 m=64 n=96 k=64: 1 x 3.52 us = 3.52 us (221.673 GFLOPS/s)
MUL_MAT_ADD MUL_MAT_VEC q6_K m=5120 n=1 k=17408: 1 x 123.08 us = 123.08 us (1448.27 GFLOPS/s)
MUL_MAT_ADD MUL_MAT_VEC q6_K m=5120 n=1 k=6144: 1 x 54.76 us = 54.76 us (1148.82 GFLOPS/s)
MUL_MAT_VEC f32 m=256 n=4 k=256: 1 x 3 us = 3 us (174.421 GFLOPS/s)
MUL_MAT_VEC q6_K m=1024 n=1 k=5120: 2 x 9.26 us = 18.52 us (1132.26 GFLOPS/s)
MUL_MAT_VEC q6_K m=12288 n=1 k=5120: 1 x 85.52 us = 85.52 us (1471.2 GFLOPS/s)
MUL_MAT_VEC q6_K m=17408 n=1 k=5120: 2 x 121.46 us = 242.92 us (1467.48 GFLOPS/s)
MUL_MAT_VEC q6_K m=98304 n=1 k=5120: 1 x 673.09 us = 673.09 us (1495.39 GFLOPS/s)
MUL_MAT_VEC q8_0 m=5120 n=1 k=10240: 1 x 101.52 us = 101.52 us (1032.83 GFLOPS/s)
PAD: 1 x 6.24 us = 6.24 us
RMS_NORM_MUL RMS_NORM(256,24,1,1): 1 x 3.52 us = 3.52 us
RMS_NORM_MUL RMS_NORM(256,4,1,1): 1 x 3.52 us = 3.52 us
RMS_NORM_MUL RMS_NORM(5120,1,1,1): 5 x 3.656 us = 18.28 us
ROPE: 2 x 3.54 us = 7.08 us
SET_ROWS: 2 x 2.62 us = 5.24 us
SIGMOID_MUL SIGMOID: 1 x 1.88 us = 1.88 us
TOP_K K=10 (98304,1,1,1): 1 x 8.92 us = 8.92 us
Total time: 1395.93 us.
----------------
Vulkan Timings:
ADD: 48 x 3.71 us = 178.08 us
CONCAT: 48 x 2.366 us = 113.6 us
CONT: 16 x 3.767 us = 60.28 us
CPY: 240 x 2.231 us = 535.6 us
FLASH_ATTN_EXT dst(256,24,5,1),  q(256,5,24,1),  k(256,256,4,1),  v(256,256,4,1),  m(256,5,1,1): 16 x 20.785 us = 332.56 us (1513.46 GFLOPS/s)
GDN_CACHE GATED_DELTA_NET: 48 x 13.385 us = 642.52 us
GET_ROWS: 50 x 24.191 us = 1209.56 us
GLU: 64 x 2.82 us = 180.52 us
MUL_MAT f32 m=256 n=120 k=256: 16 x 1.802 us = 28.84 us (8708.97 GFLOPS/s)
MUL_MAT f32 m=256 n=20 k=256: 16 x 3.072 us = 49.16 us (851.528 GFLOPS/s)
MUL_MAT f32 m=64 n=480 k=64: 16 x 3.595 us = 57.52 us (1085.24 GFLOPS/s)
MUL_MAT f32 m=64 n=80 k=64: 16 x 3.325 us = 53.2 us (195.561 GFLOPS/s)
MUL_MAT_ADD MUL_MAT_VEC q6_K m=5120 n=5 k=17408: 64 x 138.09 us = 8837.8 us (6454.2 GFLOPS/s)
MUL_MAT_ADD MUL_MAT_VEC q6_K m=5120 n=5 k=6144: 16 x 59.572 us = 953.16 us (5280.07 GFLOPS/s)
MUL_MAT_VEC f32 m=48 n=5 k=5120: 96 x 3.446 us = 330.84 us (713.053 GFLOPS/s)
MUL_MAT_VEC q6_K m=1024 n=5 k=5120: 32 x 7.326 us = 234.44 us (7155.6 GFLOPS/s)
MUL_MAT_VEC q6_K m=10240 n=5 k=5120: 48 x 79.759 us = 3828.44 us (6572.75 GFLOPS/s)
MUL_MAT_VEC q6_K m=12288 n=5 k=5120: 16 x 98.072 us = 1569.16 us (6414.48 GFLOPS/s)
MUL_MAT_VEC q6_K m=17408 n=5 k=5120: 128 x 138.655 us = 17747.8 us (6427.48 GFLOPS/s)
MUL_MAT_VEC q6_K m=248320 n=5 k=5120: 1 x 1688.04 us = 1688.04 us (7531.07 GFLOPS/s)
MUL_MAT_VEC q6_K m=6144 n=5 k=5120: 48 x 53.339 us = 2560.28 us (5897.02 GFLOPS/s)
MUL_MAT_VEC q8_0 m=5120 n=5 k=6144: 48 x 63.04 us = 3025.96 us (4989.58 GFLOPS/s)
RMS_NORM_MUL RMS_NORM(256,24,5,1): 16 x 3.675 us = 58.8 us
RMS_NORM_MUL RMS_NORM(256,4,5,1): 16 x 4.285 us = 68.56 us
RMS_NORM_MUL RMS_NORM(5120,5,1,1): 129 x 4.565 us = 588.96 us
RMS_NORM_MUL_SILU_MUL RMS_NORM(128,48,5,1): 48 x 5.594 us = 268.52 us
RMS_NORM_SCALE RMS_NORM(128,16,5,1): 96 x 2.608 us = 250.4 us
ROPE: 32 x 3.811 us = 121.96 us
SET_ROWS: 32 x 2.867 us = 91.76 us
SIGMOID_MUL SIGMOID: 16 x 3.622 us = 57.96 us
SSM_CONV_SILU SSM_CONV: 48 x 5.55 us = 266.4 us
Total time: 45990.7 us.
----------------
Vulkan Timings:
CONCAT: 1 x 3.92 us = 3.92 us
CONT: 1 x 3.36 us = 3.36 us
FLASH_ATTN_EXT dst(256,24,5,1),  q(256,5,24,1),  k(256,256,4,1),  v(256,256,4,1),  m(256,5,1,1): 1 x 21.84 us = 21.84 us (1440.35 GFLOPS/s)
GLU: 1 x 1.68 us = 1.68 us
MUL_MAT f32 m=256 n=120 k=256: 1 x 1.52 us = 1.52 us (10327.6 GFLOPS/s)
MUL_MAT f32 m=256 n=20 k=256: 1 x 2.92 us = 2.92 us (896 GFLOPS/s)
MUL_MAT f32 m=64 n=480 k=64: 1 x 3.28 us = 3.28 us (1189.46 GFLOPS/s)
MUL_MAT f32 m=64 n=80 k=64: 1 x 3.24 us = 3.24 us (200.691 GFLOPS/s)
MUL_MAT_ADD MUL_MAT_VEC q6_K m=5120 n=5 k=17408: 1 x 168.92 us = 168.92 us (5276.25 GFLOPS/s)
MUL_MAT_ADD MUL_MAT_VEC q6_K m=5120 n=5 k=6144: 1 x 66.08 us = 66.08 us (4760.1 GFLOPS/s)
MUL_MAT_VEC q6_K m=1024 n=5 k=5120: 2 x 9.76 us = 19.52 us (5371.28 GFLOPS/s)
MUL_MAT_VEC q6_K m=12288 n=5 k=5120: 1 x 128.05 us = 128.05 us (4912.8 GFLOPS/s)
MUL_MAT_VEC q6_K m=17408 n=5 k=5120: 2 x 130.86 us = 261.72 us (6810.35 GFLOPS/s)
MUL_MAT_VEC q8_0 m=5120 n=5 k=10240: 1 x 113.44 us = 113.44 us (4621.5 GFLOPS/s)
RMS_NORM_MUL RMS_NORM(256,24,5,1): 1 x 3.4 us = 3.4 us
RMS_NORM_MUL RMS_NORM(256,4,5,1): 1 x 3.36 us = 3.36 us
RMS_NORM_MUL RMS_NORM(5120,5,1,1): 5 x 8.21 us = 41.05 us
ROPE: 2 x 3.32 us = 6.64 us
SET_ROWS: 2 x 1.78 us = 3.56 us
SIGMOID_MUL SIGMOID: 1 x 1.6 us = 1.6 us
Total time: 859.1 us.
----------------
Vulkan Timings:
CONCAT: 1 x 3.56 us = 3.56 us
CONT: 1 x 3.48 us = 3.48 us
FLASH_ATTN_EXT dst(256,24,1,1),  q(256,1,24,1),  k(256,256,4,1),  v(256,256,4,1),  m(256,1,1,1): 1 x 12.44 us = 12.44 us (505.744 GFLOPS/s)
GET_ROWS: 2 x 4.2 us = 8.4 us
GLU: 1 x 1.68 us = 1.68 us
MUL_MAT f32 m=256 n=24 k=256: 1 x 1.52 us = 1.52 us (2065.52 GFLOPS/s)
MUL_MAT f32 m=64 n=16 k=64: 1 x 3.32 us = 3.32 us (39.1711 GFLOPS/s)
MUL_MAT f32 m=64 n=96 k=64: 1 x 3.16 us = 3.16 us (246.927 GFLOPS/s)
MUL_MAT_ADD MUL_MAT_VEC q6_K m=5120 n=1 k=17408: 1 x 129.48 us = 129.48 us (1376.68 GFLOPS/s)
MUL_MAT_ADD MUL_MAT_VEC q6_K m=5120 n=1 k=6144: 1 x 54.4 us = 54.4 us (1156.42 GFLOPS/s)
MUL_MAT_VEC f32 m=256 n=4 k=256: 1 x 2.96 us = 2.96 us (176.778 GFLOPS/s)
MUL_MAT_VEC q6_K m=1024 n=1 k=5120: 2 x 9.24 us = 18.48 us (1134.71 GFLOPS/s)
MUL_MAT_VEC q6_K m=12288 n=1 k=5120: 1 x 89.36 us = 89.36 us (1407.98 GFLOPS/s)
MUL_MAT_VEC q6_K m=17408 n=1 k=5120: 2 x 118 us = 236 us (1510.51 GFLOPS/s)
MUL_MAT_VEC q6_K m=98304 n=1 k=5120: 1 x 674.17 us = 674.17 us (1493 GFLOPS/s)
MUL_MAT_VEC q8_0 m=5120 n=1 k=10240: 1 x 93.12 us = 93.12 us (1125.99 GFLOPS/s)
PAD: 1 x 7.16 us = 7.16 us
RMS_NORM_MUL RMS_NORM(256,24,1,1): 1 x 3.16 us = 3.16 us
RMS_NORM_MUL RMS_NORM(256,4,1,1): 1 x 3.44 us = 3.44 us
RMS_NORM_MUL RMS_NORM(5120,1,1,1): 5 x 4.136 us = 20.68 us
ROPE: 2 x 3.32 us = 6.64 us
SET_ROWS: 2 x 2.52 us = 5.04 us
SIGMOID_MUL SIGMOID: 1 x 1.56 us = 1.56 us
TOP_K K=10 (98304,1,1,1): 1 x 8.8 us = 8.8 us
Total time: 1392.01 us.
----------------
Vulkan Timings:
CONCAT: 1 x 3.72 us = 3.72 us
CONT: 1 x 3.6 us = 3.6 us
FLASH_ATTN_EXT dst(256,24,1,1),  q(256,1,24,1),  k(256,256,4,1),  v(256,256,4,1),  m(256,1,1,1): 1 x 12.84 us = 12.84 us (489.989 GFLOPS/s)
GET_ROWS: 2 x 11.76 us = 23.52 us
GLU: 1 x 1.84 us = 1.84 us
MUL_MAT f32 m=256 n=24 k=256: 1 x 1.6 us = 1.6 us (1962.24 GFLOPS/s)
MUL_MAT f32 m=64 n=16 k=64: 1 x 3.52 us = 3.52 us (36.9455 GFLOPS/s)
MUL_MAT f32 m=64 n=96 k=64: 1 x 3.56 us = 3.56 us (219.182 GFLOPS/s)
MUL_MAT_ADD MUL_MAT_VEC q6_K m=5120 n=1 k=17408: 1 x 123.24 us = 123.24 us (1446.39 GFLOPS/s)
MUL_MAT_ADD MUL_MAT_VEC q6_K m=5120 n=1 k=6144: 1 x 54.48 us = 54.48 us (1154.73 GFLOPS/s)
MUL_MAT_VEC f32 m=256 n=4 k=256: 1 x 2.96 us = 2.96 us (176.778 GFLOPS/s)
MUL_MAT_VEC q6_K m=1024 n=1 k=5120: 2 x 9.06 us = 18.12 us (1157.26 GFLOPS/s)
MUL_MAT_VEC q6_K m=12288 n=1 k=5120: 1 x 85.8 us = 85.8 us (1466.4 GFLOPS/s)
MUL_MAT_VEC q6_K m=17408 n=1 k=5120: 2 x 121.16 us = 242.32 us (1471.12 GFLOPS/s)
MUL_MAT_VEC q6_K m=98304 n=1 k=5120: 1 x 676.11 us = 676.11 us (1488.71 GFLOPS/s)
MUL_MAT_VEC q8_0 m=5120 n=1 k=10240: 1 x 101.32 us = 101.32 us (1034.86 GFLOPS/s)
PAD: 1 x 4.8 us = 4.8 us
RMS_NORM_MUL RMS_NORM(256,24,1,1): 1 x 3.56 us = 3.56 us
RMS_NORM_MUL RMS_NORM(256,4,1,1): 1 x 3.52 us = 3.52 us
RMS_NORM_MUL RMS_NORM(5120,1,1,1): 5 x 3.68 us = 18.4 us
ROPE: 2 x 3.5 us = 7 us
SET_ROWS: 2 x 2.6 us = 5.2 us
SIGMOID_MUL SIGMOID: 1 x 1.68 us = 1.68 us
TOP_K K=10 (98304,1,1,1): 1 x 8.76 us = 8.76 us
Total time: 1411.47 us.
----------------
Vulkan Timings:
CONCAT: 1 x 3.72 us = 3.72 us
CONT: 1 x 3.52 us = 3.52 us
FLASH_ATTN_EXT dst(256,24,1,1),  q(256,1,24,1),  k(256,256,4,1),  v(256,256,4,1),  m(256,1,1,1): 1 x 12.76 us = 12.76 us (493.061 GFLOPS/s)
GET_ROWS: 2 x 4.12 us = 8.24 us
GLU: 1 x 1.8 us = 1.8 us
MUL_MAT f32 m=256 n=24 k=256: 1 x 1.64 us = 1.64 us (1914.38 GFLOPS/s)
MUL_MAT f32 m=64 n=16 k=64: 1 x 3.56 us = 3.56 us (36.5303 GFLOPS/s)
MUL_MAT f32 m=64 n=96 k=64: 1 x 3.52 us = 3.52 us (221.673 GFLOPS/s)
MUL_MAT_ADD MUL_MAT_VEC q6_K m=5120 n=1 k=17408: 1 x 122.76 us = 122.76 us (1452.04 GFLOPS/s)
MUL_MAT_ADD MUL_MAT_VEC q6_K m=5120 n=1 k=6144: 1 x 54.32 us = 54.32 us (1158.13 GFLOPS/s)
MUL_MAT_VEC f32 m=256 n=4 k=256: 1 x 2.96 us = 2.96 us (176.778 GFLOPS/s)
MUL_MAT_VEC q6_K m=1024 n=1 k=5120: 2 x 9.16 us = 18.32 us (1144.62 GFLOPS/s)
MUL_MAT_VEC q6_K m=12288 n=1 k=5120: 1 x 86.24 us = 86.24 us (1458.92 GFLOPS/s)
MUL_MAT_VEC q6_K m=17408 n=1 k=5120: 2 x 121.36 us = 242.72 us (1468.69 GFLOPS/s)
MUL_MAT_VEC q6_K m=98304 n=1 k=5120: 1 x 674.86 us = 674.86 us (1491.47 GFLOPS/s)
MUL_MAT_VEC q8_0 m=5120 n=1 k=10240: 1 x 101.48 us = 101.48 us (1033.23 GFLOPS/s)
PAD: 1 x 6.2 us = 6.2 us
RMS_NORM_MUL RMS_NORM(256,24,1,1): 1 x 3.56 us = 3.56 us
RMS_NORM_MUL RMS_NORM(256,4,1,1): 1 x 3.52 us = 3.52 us
RMS_NORM_MUL RMS_NORM(5120,1,1,1): 5 x 3.648 us = 18.24 us
ROPE: 2 x 3.52 us = 7.04 us
SET_ROWS: 2 x 2.64 us = 5.28 us
SIGMOID_MUL SIGMOID: 1 x 1.64 us = 1.64 us
TOP_K K=10 (98304,1,1,1): 1 x 8.96 us = 8.96 us
Total time: 1396.86 us.
----------------
Vulkan Timings:
CONCAT: 1 x 3.88 us = 3.88 us
CONT: 1 x 3.56 us = 3.56 us
FLASH_ATTN_EXT dst(256,24,1,1),  q(256,1,24,1),  k(256,256,4,1),  v(256,256,4,1),  m(256,1,1,1): 1 x 12.64 us = 12.64 us (497.742 GFLOPS/s)
GET_ROWS: 2 x 4.24 us = 8.48 us
GLU: 1 x 1.68 us = 1.68 us
MUL_MAT f32 m=256 n=24 k=256: 1 x 1.6 us = 1.6 us (1962.24 GFLOPS/s)
MUL_MAT f32 m=64 n=16 k=64: 1 x 3.6 us = 3.6 us (36.1244 GFLOPS/s)
MUL_MAT f32 m=64 n=96 k=64: 1 x 3.56 us = 3.56 us (219.182 GFLOPS/s)
MUL_MAT_ADD MUL_MAT_VEC q6_K m=5120 n=1 k=17408: 1 x 124.2 us = 124.2 us (1435.21 GFLOPS/s)
MUL_MAT_ADD MUL_MAT_VEC q6_K m=5120 n=1 k=6144: 1 x 53.24 us = 53.24 us (1181.62 GFLOPS/s)
MUL_MAT_VEC f32 m=256 n=4 k=256: 1 x 2.96 us = 2.96 us (176.778 GFLOPS/s)
MUL_MAT_VEC q6_K m=1024 n=1 k=5120: 2 x 9.06 us = 18.12 us (1157.26 GFLOPS/s)
MUL_MAT_VEC q6_K m=12288 n=1 k=5120: 1 x 86.04 us = 86.04 us (1462.31 GFLOPS/s)
MUL_MAT_VEC q6_K m=17408 n=1 k=5120: 2 x 121.3 us = 242.6 us (1469.42 GFLOPS/s)
MUL_MAT_VEC q6_K m=98304 n=1 k=5120: 1 x 675.43 us = 675.43 us (1490.21 GFLOPS/s)
MUL_MAT_VEC q8_0 m=5120 n=1 k=10240: 1 x 101.32 us = 101.32 us (1034.86 GFLOPS/s)
PAD: 1 x 6.12 us = 6.12 us
RMS_NORM_MUL RMS_NORM(256,24,1,1): 1 x 3.56 us = 3.56 us
RMS_NORM_MUL RMS_NORM(256,4,1,1): 1 x 3.48 us = 3.48 us
RMS_NORM_MUL RMS_NORM(5120,1,1,1): 5 x 3.608 us = 18.04 us
ROPE: 2 x 3.54 us = 7.08 us
SET_ROWS: 2 x 2.56 us = 5.12 us
SIGMOID_MUL SIGMOID: 1 x 1.64 us = 1.64 us
TOP_K K=10 (98304,1,1,1): 1 x 8.76 us = 8.76 us
Total time: 1396.71 us.
----------------
Vulkan Timings:
ADD: 48 x 3.713 us = 178.24 us
CONCAT: 48 x 2.455 us = 117.84 us
CONT: 16 x 3.777 us = 60.44 us
CPY: 240 x 2.197 us = 527.36 us
FLASH_ATTN_EXT dst(256,24,5,1),  q(256,5,24,1),  k(256,256,4,1),  v(256,256,4,1),  m(256,5,1,1): 16 x 20.827 us = 333.24 us (1510.37 GFLOPS/s)
GDN_CACHE GATED_DELTA_NET: 48 x 13.427 us = 644.52 us
GET_ROWS: 50 x 24.244 us = 1212.24 us
GLU: 64 x 2.804 us = 179.48 us
MUL_MAT f32 m=256 n=120 k=256: 16 x 1.827 us = 29.24 us (8589.83 GFLOPS/s)
MUL_MAT f32 m=256 n=20 k=256: 16 x 2.932 us = 46.92 us (892.181 GFLOPS/s)
MUL_MAT f32 m=64 n=480 k=64: 16 x 3.585 us = 57.36 us (1088.27 GFLOPS/s)
MUL_MAT f32 m=64 n=80 k=64: 16 x 3.225 us = 51.6 us (201.625 GFLOPS/s)
MUL_MAT_ADD MUL_MAT_VEC q6_K m=5120 n=5 k=17408: 64 x 138.121 us = 8839.8 us (6452.74 GFLOPS/s)
MUL_MAT_ADD MUL_MAT_VEC q6_K m=5120 n=5 k=6144: 16 x 59.56 us = 952.96 us (5281.18 GFLOPS/s)
MUL_MAT_VEC f32 m=48 n=5 k=5120: 96 x 3.413 us = 327.68 us (719.93 GFLOPS/s)
MUL_MAT_VEC q6_K m=1024 n=5 k=5120: 32 x 7.042 us = 225.36 us (7443.9 GFLOPS/s)
MUL_MAT_VEC q6_K m=10240 n=5 k=5120: 48 x 79.975 us = 3838.8 us (6555.01 GFLOPS/s)
MUL_MAT_VEC q6_K m=12288 n=5 k=5120: 16 x 98.752 us = 1580.04 us (6370.31 GFLOPS/s)
MUL_MAT_VEC q6_K m=17408 n=5 k=5120: 128 x 138.856 us = 17773.6 us (6418.17 GFLOPS/s)
MUL_MAT_VEC q6_K m=248320 n=5 k=5120: 1 x 1685.52 us = 1685.52 us (7542.33 GFLOPS/s)
MUL_MAT_VEC q6_K m=6144 n=5 k=5120: 48 x 53.308 us = 2558.8 us (5900.43 GFLOPS/s)
MUL_MAT_VEC q8_0 m=5120 n=5 k=6144: 48 x 63.155 us = 3031.48 us (4980.49 GFLOPS/s)
RMS_NORM_MUL RMS_NORM(256,24,5,1): 16 x 3.67 us = 58.72 us
RMS_NORM_MUL RMS_NORM(256,4,5,1): 16 x 4.365 us = 69.84 us
RMS_NORM_MUL RMS_NORM(5120,5,1,1): 129 x 4.593 us = 592.56 us
RMS_NORM_MUL_SILU_MUL RMS_NORM(128,48,5,1): 48 x 5.588 us = 268.24 us
RMS_NORM_SCALE RMS_NORM(128,16,5,1): 96 x 2.659 us = 255.32 us
ROPE: 32 x 3.81 us = 121.92 us
SET_ROWS: 32 x 2.936 us = 93.96 us
SIGMOID_MUL SIGMOID: 16 x 3.65 us = 58.4 us
SSM_CONV_SILU SSM_CONV: 48 x 5.578 us = 267.76 us
Total time: 46039.2 us.
----------------
Vulkan Timings:
CONCAT: 1 x 3.92 us = 3.92 us
CONT: 1 x 3.64 us = 3.64 us
FLASH_ATTN_EXT dst(256,24,5,1),  q(256,5,24,1),  k(256,256,4,1),  v(256,256,4,1),  m(256,5,1,1): 1 x 20.6 us = 20.6 us (1527.05 GFLOPS/s)
GLU: 1 x 1.52 us = 1.52 us
MUL_MAT f32 m=256 n=120 k=256: 1 x 1.68 us = 1.68 us (9344 GFLOPS/s)
MUL_MAT f32 m=256 n=20 k=256: 1 x 3 us = 3 us (872.107 GFLOPS/s)
MUL_MAT f32 m=64 n=480 k=64: 1 x 3.6 us = 3.6 us (1083.73 GFLOPS/s)
MUL_MAT f32 m=64 n=80 k=64: 1 x 3.52 us = 3.52 us (184.727 GFLOPS/s)
MUL_MAT_ADD MUL_MAT_VEC q6_K m=5120 n=5 k=17408: 1 x 170.06 us = 170.06 us (5240.88 GFLOPS/s)
MUL_MAT_ADD MUL_MAT_VEC q6_K m=5120 n=5 k=6144: 1 x 69.68 us = 69.68 us (4514.17 GFLOPS/s)
MUL_MAT_VEC q6_K m=1024 n=5 k=5120: 2 x 9.42 us = 18.84 us (5565.15 GFLOPS/s)
MUL_MAT_VEC q6_K m=12288 n=5 k=5120: 1 x 127.8 us = 127.8 us (4922.41 GFLOPS/s)
MUL_MAT_VEC q6_K m=17408 n=5 k=5120: 2 x 131.64 us = 263.28 us (6770 GFLOPS/s)
MUL_MAT_VEC q8_0 m=5120 n=5 k=10240: 1 x 104.64 us = 104.64 us (5010.15 GFLOPS/s)
RMS_NORM_MUL RMS_NORM(256,24,5,1): 1 x 3.72 us = 3.72 us
RMS_NORM_MUL RMS_NORM(256,4,5,1): 1 x 3.56 us = 3.56 us
RMS_NORM_MUL RMS_NORM(5120,5,1,1): 5 x 7.782 us = 38.91 us
ROPE: 2 x 3.54 us = 7.08 us
SET_ROWS: 2 x 2.64 us = 5.28 us
SIGMOID_MUL SIGMOID: 1 x 1.72 us = 1.72 us
Total time: 856.05 us.
----------------
Vulkan Timings:
CONCAT: 1 x 3.64 us = 3.64 us
CONT: 1 x 3.48 us = 3.48 us
FLASH_ATTN_EXT dst(256,24,1,1),  q(256,1,24,1),  k(256,256,4,1),  v(256,256,4,1),  m(256,1,1,1): 1 x 12.48 us = 12.48 us (504.123 GFLOPS/s)
GET_ROWS: 2 x 4.24 us = 8.48 us
GLU: 1 x 1.64 us = 1.64 us
MUL_MAT f32 m=256 n=24 k=256: 1 x 1.52 us = 1.52 us (2065.52 GFLOPS/s)
MUL_MAT f32 m=64 n=16 k=64: 1 x 1.76 us = 1.76 us (73.8909 GFLOPS/s)
MUL_MAT f32 m=64 n=96 k=64: 1 x 3.16 us = 3.16 us (246.927 GFLOPS/s)
MUL_MAT_ADD MUL_MAT_VEC q6_K m=5120 n=1 k=17408: 1 x 129.88 us = 129.88 us (1372.44 GFLOPS/s)
MUL_MAT_ADD MUL_MAT_VEC q6_K m=5120 n=1 k=6144: 1 x 53.96 us = 53.96 us (1165.85 GFLOPS/s)
MUL_MAT_VEC f32 m=256 n=4 k=256: 1 x 2.96 us = 2.96 us (176.778 GFLOPS/s)
MUL_MAT_VEC q6_K m=1024 n=1 k=5120: 2 x 9.2 us = 18.4 us (1139.65 GFLOPS/s)
MUL_MAT_VEC q6_K m=12288 n=1 k=5120: 1 x 90 us = 90 us (1397.96 GFLOPS/s)
MUL_MAT_VEC q6_K m=17408 n=1 k=5120: 2 x 118.02 us = 236.04 us (1510.26 GFLOPS/s)
MUL_MAT_VEC q6_K m=98304 n=1 k=5120: 1 x 674.13 us = 674.13 us (1493.09 GFLOPS/s)
MUL_MAT_VEC q8_0 m=5120 n=1 k=10240: 1 x 93.44 us = 93.44 us (1122.14 GFLOPS/s)
PAD: 1 x 6.32 us = 6.32 us
RMS_NORM_MUL RMS_NORM(256,24,1,1): 1 x 3.12 us = 3.12 us
RMS_NORM_MUL RMS_NORM(256,4,1,1): 1 x 4.76 us = 4.76 us
RMS_NORM_MUL RMS_NORM(5120,1,1,1): 5 x 4.064 us = 20.32 us
ROPE: 2 x 3.28 us = 6.56 us
SET_ROWS: 2 x 2.6 us = 5.2 us
SIGMOID_MUL SIGMOID: 1 x 1.52 us = 1.52 us
TOP_K K=10 (98304,1,1,1): 1 x 8.92 us = 8.92 us
Total time: 1391.69 us.
----------------
Vulkan Timings:
CONCAT: 1 x 3.96 us = 3.96 us
CONT: 1 x 3.56 us = 3.56 us
FLASH_ATTN_EXT dst(256,24,1,1),  q(256,1,24,1),  k(256,256,4,1),  v(256,256,4,1),  m(256,1,1,1): 1 x 12.68 us = 12.68 us (496.172 GFLOPS/s)
GET_ROWS: 2 x 4.24 us = 8.48 us
GLU: 1 x 1.76 us = 1.76 us
MUL_MAT f32 m=256 n=24 k=256: 1 x 1.68 us = 1.68 us (1868.8 GFLOPS/s)
MUL_MAT f32 m=64 n=16 k=64: 1 x 3.56 us = 3.56 us (36.5303 GFLOPS/s)
MUL_MAT f32 m=64 n=96 k=64: 1 x 3.52 us = 3.52 us (221.673 GFLOPS/s)
MUL_MAT_ADD MUL_MAT_VEC q6_K m=5120 n=1 k=17408: 1 x 123.48 us = 123.48 us (1443.58 GFLOPS/s)
MUL_MAT_ADD MUL_MAT_VEC q6_K m=5120 n=1 k=6144: 1 x 53.44 us = 53.44 us (1177.2 GFLOPS/s)
MUL_MAT_VEC f32 m=256 n=4 k=256: 1 x 3 us = 3 us (174.421 GFLOPS/s)
MUL_MAT_VEC q6_K m=1024 n=1 k=5120: 2 x 9.2 us = 18.4 us (1139.65 GFLOPS/s)
MUL_MAT_VEC q6_K m=12288 n=1 k=5120: 1 x 85.76 us = 85.76 us (1467.08 GFLOPS/s)
MUL_MAT_VEC q6_K m=17408 n=1 k=5120: 2 x 121.42 us = 242.84 us (1467.97 GFLOPS/s)
MUL_MAT_VEC q6_K m=98304 n=1 k=5120: 1 x 672.35 us = 672.35 us (1497.04 GFLOPS/s)
MUL_MAT_VEC q8_0 m=5120 n=1 k=10240: 1 x 101.32 us = 101.32 us (1034.86 GFLOPS/s)
PAD: 1 x 7 us = 7 us
RMS_NORM_MUL RMS_NORM(256,24,1,1): 1 x 3.52 us = 3.52 us
RMS_NORM_MUL RMS_NORM(256,4,1,1): 1 x 3.56 us = 3.56 us
RMS_NORM_MUL RMS_NORM(5120,1,1,1): 5 x 3.68 us = 18.4 us
ROPE: 2 x 3.54 us = 7.08 us
SET_ROWS: 2 x 2.62 us = 5.24 us
SIGMOID_MUL SIGMOID: 1 x 1.64 us = 1.64 us
TOP_K K=10 (98304,1,1,1): 1 x 8.64 us = 8.64 us
Total time: 1394.87 us.
----------------
Vulkan Timings:
CONCAT: 1 x 3.68 us = 3.68 us
CONT: 1 x 3.56 us = 3.56 us
FLASH_ATTN_EXT dst(256,24,1,1),  q(256,1,24,1),  k(256,256,4,1),  v(256,256,4,1),  m(256,1,1,1): 1 x 12.6 us = 12.6 us (499.322 GFLOPS/s)
GET_ROWS: 2 x 4.22 us = 8.44 us
GLU: 1 x 1.76 us = 1.76 us
MUL_MAT f32 m=256 n=24 k=256: 1 x 1.64 us = 1.64 us (1914.38 GFLOPS/s)
MUL_MAT f32 m=64 n=16 k=64: 1 x 3.56 us = 3.56 us (36.5303 GFLOPS/s)
MUL_MAT f32 m=64 n=96 k=64: 1 x 3.56 us = 3.56 us (219.182 GFLOPS/s)
MUL_MAT_ADD MUL_MAT_VEC q6_K m=5120 n=1 k=17408: 1 x 123.32 us = 123.32 us (1445.45 GFLOPS/s)
MUL_MAT_ADD MUL_MAT_VEC q6_K m=5120 n=1 k=6144: 1 x 54 us = 54 us (1164.99 GFLOPS/s)
MUL_MAT_VEC f32 m=256 n=4 k=256: 1 x 2.96 us = 2.96 us (176.778 GFLOPS/s)
MUL_MAT_VEC q6_K m=1024 n=1 k=5120: 2 x 9.08 us = 18.16 us (1154.71 GFLOPS/s)
MUL_MAT_VEC q6_K m=12288 n=1 k=5120: 1 x 85.56 us = 85.56 us (1470.51 GFLOPS/s)
MUL_MAT_VEC q6_K m=17408 n=1 k=5120: 2 x 121.4 us = 242.8 us (1468.21 GFLOPS/s)
MUL_MAT_VEC q6_K m=98304 n=1 k=5120: 1 x 673.7 us = 673.7 us (1494.04 GFLOPS/s)
MUL_MAT_VEC q8_0 m=5120 n=1 k=10240: 1 x 101.2 us = 101.2 us (1036.09 GFLOPS/s)
PAD: 1 x 6.24 us = 6.24 us
RMS_NORM_MUL RMS_NORM(256,24,1,1): 1 x 3.6 us = 3.6 us
RMS_NORM_MUL RMS_NORM(256,4,1,1): 1 x 3.52 us = 3.52 us
RMS_NORM_MUL RMS_NORM(5120,1,1,1): 5 x 3.672 us = 18.36 us
ROPE: 2 x 3.52 us = 7.04 us
SET_ROWS: 2 x 2.6 us = 5.2 us
SIGMOID_MUL SIGMOID: 1 x 1.68 us = 1.68 us
TOP_K K=10 (98304,1,1,1): 1 x 9.12 us = 9.12 us
Total time: 1395.26 us.
----------------
Vulkan Timings:
CONCAT: 1 x 3.76 us = 3.76 us
CONT: 1 x 3.52 us = 3.52 us
FLASH_ATTN_EXT dst(256,24,1,1),  q(256,1,24,1),  k(256,256,4,1),  v(256,256,4,1),  m(256,1,1,1): 1 x 12.56 us = 12.56 us (500.912 GFLOPS/s)
GET_ROWS: 2 x 4.24 us = 8.48 us
GLU: 1 x 1.88 us = 1.88 us
MUL_MAT f32 m=256 n=24 k=256: 1 x 1.64 us = 1.64 us (1914.38 GFLOPS/s)
MUL_MAT f32 m=64 n=16 k=64: 1 x 3.56 us = 3.56 us (36.5303 GFLOPS/s)
MUL_MAT f32 m=64 n=96 k=64: 1 x 3.6 us = 3.6 us (216.747 GFLOPS/s)
MUL_MAT_ADD MUL_MAT_VEC q6_K m=5120 n=1 k=17408: 1 x 123.6 us = 123.6 us (1442.17 GFLOPS/s)
MUL_MAT_ADD MUL_MAT_VEC q6_K m=5120 n=1 k=6144: 1 x 53.6 us = 53.6 us (1173.68 GFLOPS/s)
MUL_MAT_VEC f32 m=256 n=4 k=256: 1 x 3 us = 3 us (174.421 GFLOPS/s)
MUL_MAT_VEC q6_K m=1024 n=1 k=5120: 2 x 9.12 us = 18.24 us (1149.64 GFLOPS/s)
MUL_MAT_VEC q6_K m=12288 n=1 k=5120: 1 x 85.6 us = 85.6 us (1469.82 GFLOPS/s)
MUL_MAT_VEC q6_K m=17408 n=1 k=5120: 2 x 121.16 us = 242.32 us (1471.12 GFLOPS/s)
MUL_MAT_VEC q6_K m=98304 n=1 k=5120: 1 x 680.04 us = 680.04 us (1480.11 GFLOPS/s)
MUL_MAT_VEC q8_0 m=5120 n=1 k=10240: 1 x 101.4 us = 101.4 us (1034.05 GFLOPS/s)
PAD: 1 x 6.24 us = 6.24 us
RMS_NORM_MUL RMS_NORM(256,24,1,1): 1 x 3.52 us = 3.52 us
RMS_NORM_MUL RMS_NORM(256,4,1,1): 1 x 3.52 us = 3.52 us
RMS_NORM_MUL RMS_NORM(5120,1,1,1): 5 x 3.688 us = 18.44 us
ROPE: 2 x 3.52 us = 7.04 us
SET_ROWS: 2 x 2.62 us = 5.24 us
SIGMOID_MUL SIGMOID: 1 x 1.88 us = 1.88 us
TOP_K K=10 (98304,1,1,1): 1 x 8.6 us = 8.6 us
Total time: 1401.28 us.
----------------
Vulkan Timings:
ADD: 48 x 3.67 us = 176.16 us
CONCAT: 48 x 2.38 us = 114.24 us
CONT: 16 x 3.732 us = 59.72 us
CPY: 240 x 2.197 us = 527.4 us
FLASH_ATTN_EXT dst(256,24,5,1),  q(256,5,24,1),  k(256,256,4,1),  v(256,256,4,1),  m(256,5,1,1): 16 x 20.587 us = 329.4 us (1527.98 GFLOPS/s)
GDN_CACHE GATED_DELTA_NET: 48 x 13.361 us = 641.36 us
GET_ROWS: 50 x 24.272 us = 1213.64 us
GLU: 64 x 2.868 us = 183.56 us
MUL_MAT f32 m=256 n=120 k=256: 16 x 1.78 us = 28.48 us (8819.06 GFLOPS/s)
MUL_MAT f32 m=256 n=20 k=256: 16 x 3.027 us = 48.44 us (864.185 GFLOPS/s)
MUL_MAT f32 m=64 n=480 k=64: 16 x 3.532 us = 56.52 us (1104.44 GFLOPS/s)
MUL_MAT f32 m=64 n=80 k=64: 16 x 3.2 us = 51.2 us (203.2 GFLOPS/s)
MUL_MAT_ADD MUL_MAT_VEC q6_K m=5120 n=5 k=17408: 64 x 137.702 us = 8812.96 us (6472.39 GFLOPS/s)
MUL_MAT_ADD MUL_MAT_VEC q6_K m=5120 n=5 k=6144: 16 x 59.67 us = 954.72 us (5271.45 GFLOPS/s)
MUL_MAT_VEC f32 m=48 n=5 k=5120: 96 x 3.296 us = 316.48 us (745.407 GFLOPS/s)
MUL_MAT_VEC q6_K m=1024 n=5 k=5120: 32 x 6.966 us = 222.92 us (7525.38 GFLOPS/s)
MUL_MAT_VEC q6_K m=10240 n=5 k=5120: 48 x 79.657 us = 3823.56 us (6581.14 GFLOPS/s)
MUL_MAT_VEC q6_K m=12288 n=5 k=5120: 16 x 98.522 us = 1576.36 us (6385.18 GFLOPS/s)
MUL_MAT_VEC q6_K m=17408 n=5 k=5120: 128 x 138.449 us = 17721.6 us (6437.01 GFLOPS/s)
MUL_MAT_VEC q6_K m=248320 n=5 k=5120: 1 x 1685.76 us = 1685.76 us (7541.25 GFLOPS/s)
MUL_MAT_VEC q6_K m=6144 n=5 k=5120: 48 x 53.474 us = 2566.76 us (5882.13 GFLOPS/s)
MUL_MAT_VEC q8_0 m=5120 n=5 k=6144: 48 x 62.957 us = 3021.96 us (4996.18 GFLOPS/s)
RMS_NORM_MUL RMS_NORM(256,24,5,1): 16 x 3.617 us = 57.88 us
RMS_NORM_MUL RMS_NORM(256,4,5,1): 16 x 4.292 us = 68.68 us
RMS_NORM_MUL RMS_NORM(5120,5,1,1): 129 x 4.515 us = 582.48 us
RMS_NORM_MUL_SILU_MUL RMS_NORM(128,48,5,1): 48 x 5.505 us = 264.28 us
RMS_NORM_SCALE RMS_NORM(128,16,5,1): 96 x 2.624 us = 251.92 us
ROPE: 32 x 3.748 us = 119.96 us
SET_ROWS: 32 x 2.832 us = 90.64 us
SIGMOID_MUL SIGMOID: 16 x 3.592 us = 57.48 us
SSM_CONV_SILU SSM_CONV: 48 x 5.512 us = 264.6 us
Total time: 45891.1 us.
----------------
Vulkan Timings:
CONCAT: 1 x 3.96 us = 3.96 us
CONT: 1 x 3.56 us = 3.56 us
FLASH_ATTN_EXT dst(256,24,5,1),  q(256,5,24,1),  k(256,256,4,1),  v(256,256,4,1),  m(256,5,1,1): 1 x 20.68 us = 20.68 us (1521.15 GFLOPS/s)
GLU: 1 x 1.68 us = 1.68 us
MUL_MAT f32 m=256 n=120 k=256: 1 x 1.8 us = 1.8 us (8721.07 GFLOPS/s)
MUL_MAT f32 m=256 n=20 k=256: 1 x 2.96 us = 2.96 us (883.892 GFLOPS/s)
MUL_MAT f32 m=64 n=480 k=64: 1 x 3.6 us = 3.6 us (1083.73 GFLOPS/s)
MUL_MAT f32 m=64 n=80 k=64: 1 x 3.56 us = 3.56 us (182.652 GFLOPS/s)
MUL_MAT_ADD MUL_MAT_VEC q6_K m=5120 n=5 k=17408: 1 x 165.95 us = 165.95 us (5370.68 GFLOPS/s)
MUL_MAT_ADD MUL_MAT_VEC q6_K m=5120 n=5 k=6144: 1 x 62.52 us = 62.52 us (5031.15 GFLOPS/s)
MUL_MAT_VEC q6_K m=1024 n=5 k=5120: 2 x 9.24 us = 18.48 us (5673.56 GFLOPS/s)
MUL_MAT_VEC q6_K m=12288 n=5 k=5120: 1 x 126.8 us = 126.8 us (4961.23 GFLOPS/s)
MUL_MAT_VEC q6_K m=17408 n=5 k=5120: 2 x 131.12 us = 262.24 us (6796.85 GFLOPS/s)
MUL_MAT_VEC q8_0 m=5120 n=5 k=10240: 1 x 106.88 us = 106.88 us (4905.15 GFLOPS/s)
RMS_NORM_MUL RMS_NORM(256,24,5,1): 1 x 3.76 us = 3.76 us
RMS_NORM_MUL RMS_NORM(256,4,5,1): 1 x 3.6 us = 3.6 us
RMS_NORM_MUL RMS_NORM(5120,5,1,1): 5 x 12.72 us = 63.6 us
ROPE: 2 x 3.6 us = 7.2 us
SET_ROWS: 2 x 2.64 us = 5.28 us
SIGMOID_MUL SIGMOID: 1 x 1.68 us = 1.68 us
Total time: 869.79 us.
----------------
Vulkan Timings:
CONCAT: 1 x 3.64 us = 3.64 us
CONT: 1 x 3.44 us = 3.44 us
FLASH_ATTN_EXT dst(256,24,1,1),  q(256,1,24,1),  k(256,256,4,1),  v(256,256,4,1),  m(256,1,1,1): 1 x 12.32 us = 12.32 us (510.67 GFLOPS/s)
GET_ROWS: 2 x 5.3 us = 10.6 us
GLU: 1 x 1.84 us = 1.84 us
MUL_MAT f32 m=256 n=24 k=256: 1 x 1.6 us = 1.6 us (1962.24 GFLOPS/s)
MUL_MAT f32 m=64 n=16 k=64: 1 x 1.8 us = 1.8 us (72.2489 GFLOPS/s)
MUL_MAT f32 m=64 n=96 k=64: 1 x 3.16 us = 3.16 us (246.927 GFLOPS/s)
MUL_MAT_ADD MUL_MAT_VEC q6_K m=5120 n=1 k=17408: 1 x 131.28 us = 131.28 us (1357.81 GFLOPS/s)
MUL_MAT_ADD MUL_MAT_VEC q6_K m=5120 n=1 k=6144: 1 x 53.76 us = 53.76 us (1170.19 GFLOPS/s)
MUL_MAT_VEC f32 m=256 n=4 k=256: 1 x 3 us = 3 us (174.421 GFLOPS/s)
MUL_MAT_VEC q6_K m=1024 n=1 k=5120: 2 x 6.06 us = 12.12 us (1730.15 GFLOPS/s)
MUL_MAT_VEC q6_K m=12288 n=1 k=5120: 1 x 97.36 us = 97.36 us (1292.28 GFLOPS/s)
MUL_MAT_VEC q6_K m=17408 n=1 k=5120: 2 x 117.88 us = 235.76 us (1512.05 GFLOPS/s)
MUL_MAT_VEC q6_K m=98304 n=1 k=5120: 1 x 674.09 us = 674.09 us (1493.18 GFLOPS/s)
MUL_MAT_VEC q8_0 m=5120 n=1 k=10240: 1 x 91.24 us = 91.24 us (1149.19 GFLOPS/s)
PAD: 1 x 6.28 us = 6.28 us
RMS_NORM_MUL RMS_NORM(256,24,1,1): 1 x 3.12 us = 3.12 us
RMS_NORM_MUL RMS_NORM(256,4,1,1): 1 x 4.8 us = 4.8 us
RMS_NORM_MUL RMS_NORM(5120,1,1,1): 5 x 4.376 us = 21.88 us
ROPE: 2 x 3.32 us = 6.64 us
SET_ROWS: 2 x 2.6 us = 5.2 us
SIGMOID_MUL SIGMOID: 1 x 1.48 us = 1.48 us
TOP_K K=10 (98304,1,1,1): 1 x 8.88 us = 8.88 us
Total time: 1395.29 us.
----------------
Vulkan Timings:
CONCAT: 1 x 3.68 us = 3.68 us
CONT: 1 x 3.56 us = 3.56 us
FLASH_ATTN_EXT dst(256,24,1,1),  q(256,1,24,1),  k(256,256,4,1),  v(256,256,4,1),  m(256,1,1,1): 1 x 12.68 us = 12.68 us (496.172 GFLOPS/s)
GET_ROWS: 2 x 4.26 us = 8.52 us
GLU: 1 x 1.76 us = 1.76 us
MUL_MAT f32 m=256 n=24 k=256: 1 x 1.6 us = 1.6 us (1962.24 GFLOPS/s)
MUL_MAT f32 m=64 n=16 k=64: 1 x 3.6 us = 3.6 us (36.1244 GFLOPS/s)
MUL_MAT f32 m=64 n=96 k=64: 1 x 3.6 us = 3.6 us (216.747 GFLOPS/s)
MUL_MAT_ADD MUL_MAT_VEC q6_K m=5120 n=1 k=17408: 1 x 123.28 us = 123.28 us (1445.92 GFLOPS/s)
MUL_MAT_ADD MUL_MAT_VEC q6_K m=5120 n=1 k=6144: 1 x 54.68 us = 54.68 us (1150.5 GFLOPS/s)
MUL_MAT_VEC f32 m=256 n=4 k=256: 1 x 3 us = 3 us (174.421 GFLOPS/s)
MUL_MAT_VEC q6_K m=1024 n=1 k=5120: 2 x 9.1 us = 18.2 us (1152.17 GFLOPS/s)
MUL_MAT_VEC q6_K m=12288 n=1 k=5120: 1 x 85.6 us = 85.6 us (1469.82 GFLOPS/s)
MUL_MAT_VEC q6_K m=17408 n=1 k=5120: 2 x 120.74 us = 241.48 us (1476.23 GFLOPS/s)
MUL_MAT_VEC q6_K m=98304 n=1 k=5120: 1 x 673.74 us = 673.74 us (1493.95 GFLOPS/s)
MUL_MAT_VEC q8_0 m=5120 n=1 k=10240: 1 x 101 us = 101 us (1038.14 GFLOPS/s)
PAD: 1 x 8.28 us = 8.28 us
RMS_NORM_MUL RMS_NORM(256,24,1,1): 1 x 3.6 us = 3.6 us
RMS_NORM_MUL RMS_NORM(256,4,1,1): 1 x 3.56 us = 3.56 us
RMS_NORM_MUL RMS_NORM(5120,1,1,1): 5 x 3.744 us = 18.72 us
ROPE: 2 x 3.54 us = 7.08 us
SET_ROWS: 2 x 2.58 us = 5.16 us
SIGMOID_MUL SIGMOID: 1 x 1.68 us = 1.68 us
TOP_K K=10 (98304,1,1,1): 1 x 6.4 us = 6.4 us
Total time: 1394.46 us.
----------------
Vulkan Timings:
CONCAT: 1 x 3.72 us = 3.72 us
CONT: 1 x 3.6 us = 3.6 us
FLASH_ATTN_EXT dst(256,24,1,1),  q(256,1,24,1),  k(256,256,4,1),  v(256,256,4,1),  m(256,1,1,1): 1 x 12.76 us = 12.76 us (493.061 GFLOPS/s)
GET_ROWS: 2 x 4.34 us = 8.68 us
GLU: 1 x 1.84 us = 1.84 us
MUL_MAT f32 m=256 n=24 k=256: 1 x 1.68 us = 1.68 us (1868.8 GFLOPS/s)
MUL_MAT f32 m=64 n=16 k=64: 1 x 3.56 us = 3.56 us (36.5303 GFLOPS/s)
MUL_MAT f32 m=64 n=96 k=64: 1 x 3.56 us = 3.56 us (219.182 GFLOPS/s)
MUL_MAT_ADD MUL_MAT_VEC q6_K m=5120 n=1 k=17408: 1 x 124.4 us = 124.4 us (1432.9 GFLOPS/s)
MUL_MAT_ADD MUL_MAT_VEC q6_K m=5120 n=1 k=6144: 1 x 53.92 us = 53.92 us (1166.72 GFLOPS/s)
MUL_MAT_VEC f32 m=256 n=4 k=256: 1 x 3 us = 3 us (174.421 GFLOPS/s)
MUL_MAT_VEC q6_K m=1024 n=1 k=5120: 2 x 9.06 us = 18.12 us (1157.26 GFLOPS/s)
MUL_MAT_VEC q6_K m=12288 n=1 k=5120: 1 x 85.56 us = 85.56 us (1470.51 GFLOPS/s)
MUL_MAT_VEC q6_K m=17408 n=1 k=5120: 2 x 120.84 us = 241.68 us (1475.01 GFLOPS/s)
MUL_MAT_VEC q6_K m=98304 n=1 k=5120: 1 x 674.99 us = 674.99 us (1491.18 GFLOPS/s)
MUL_MAT_VEC q8_0 m=5120 n=1 k=10240: 1 x 101.2 us = 101.2 us (1036.09 GFLOPS/s)
PAD: 1 x 6.28 us = 6.28 us
RMS_NORM_MUL RMS_NORM(256,24,1,1): 1 x 3.52 us = 3.52 us
RMS_NORM_MUL RMS_NORM(256,4,1,1): 1 x 3.52 us = 3.52 us
RMS_NORM_MUL RMS_NORM(5120,1,1,1): 5 x 3.656 us = 18.28 us
ROPE: 2 x 3.48 us = 6.96 us
SET_ROWS: 2 x 2.64 us = 5.28 us
SIGMOID_MUL SIGMOID: 1 x 1.88 us = 1.88 us
TOP_K K=10 (98304,1,1,1): 1 x 8.96 us = 8.96 us
Total time: 1396.95 us.
----------------
Vulkan Timings:
CONCAT: 1 x 3.72 us = 3.72 us
CONT: 1 x 3.56 us = 3.56 us
FLASH_ATTN_EXT dst(256,24,1,1),  q(256,1,24,1),  k(256,256,4,1),  v(256,256,4,1),  m(256,1,1,1): 1 x 12.56 us = 12.56 us (500.912 GFLOPS/s)
GET_ROWS: 2 x 4.14 us = 8.28 us
GLU: 1 x 1.88 us = 1.88 us
MUL_MAT f32 m=256 n=24 k=256: 1 x 1.64 us = 1.64 us (1914.38 GFLOPS/s)
MUL_MAT f32 m=64 n=16 k=64: 1 x 3.56 us = 3.56 us (36.5303 GFLOPS/s)
MUL_MAT f32 m=64 n=96 k=64: 1 x 3.52 us = 3.52 us (221.673 GFLOPS/s)
MUL_MAT_ADD MUL_MAT_VEC q6_K m=5120 n=1 k=17408: 1 x 123.2 us = 123.2 us (1446.86 GFLOPS/s)
MUL_MAT_ADD MUL_MAT_VEC q6_K m=5120 n=1 k=6144: 1 x 54.48 us = 54.48 us (1154.73 GFLOPS/s)
MUL_MAT_VEC f32 m=256 n=4 k=256: 1 x 2.96 us = 2.96 us (176.778 GFLOPS/s)
MUL_MAT_VEC q6_K m=1024 n=1 k=5120: 2 x 9.3 us = 18.6 us (1127.39 GFLOPS/s)
MUL_MAT_VEC q6_K m=12288 n=1 k=5120: 1 x 85.92 us = 85.92 us (1464.35 GFLOPS/s)
MUL_MAT_VEC q6_K m=17408 n=1 k=5120: 2 x 121.26 us = 242.52 us (1469.9 GFLOPS/s)
MUL_MAT_VEC q6_K m=98304 n=1 k=5120: 1 x 673.81 us = 673.81 us (1493.8 GFLOPS/s)
MUL_MAT_VEC q8_0 m=5120 n=1 k=10240: 1 x 101.36 us = 101.36 us (1034.46 GFLOPS/s)
PAD: 1 x 6.04 us = 6.04 us
RMS_NORM_MUL RMS_NORM(256,24,1,1): 1 x 3.56 us = 3.56 us
RMS_NORM_MUL RMS_NORM(256,4,1,1): 1 x 3.56 us = 3.56 us
RMS_NORM_MUL RMS_NORM(5120,1,1,1): 5 x 3.64 us = 18.2 us
ROPE: 2 x 3.54 us = 7.08 us
SET_ROWS: 2 x 2.62 us = 5.24 us
SIGMOID_MUL SIGMOID: 1 x 1.64 us = 1.64 us
TOP_K K=10 (98304,1,1,1): 1 x 8.96 us = 8.96 us
Total time: 1395.85 us.
----------------
Vulkan Timings:
ADD: 48 x 3.665 us = 175.92 us
CONCAT: 48 x 2.343 us = 112.48 us
CONT: 16 x 3.727 us = 59.64 us
CPY: 240 x 2.186 us = 524.72 us
FLASH_ATTN_EXT dst(256,24,5,1),  q(256,5,24,1),  k(256,256,4,1),  v(256,256,4,1),  m(256,5,1,1): 16 x 20.84 us = 333.44 us (1509.47 GFLOPS/s)
GDN_CACHE GATED_DELTA_NET: 48 x 13.352 us = 640.92 us
GET_ROWS: 50 x 24.372 us = 1218.64 us
GLU: 64 x 2.9 us = 185.6 us
MUL_MAT f32 m=256 n=120 k=256: 16 x 1.8 us = 28.8 us (8721.07 GFLOPS/s)
MUL_MAT f32 m=256 n=20 k=256: 16 x 2.89 us = 46.24 us (905.301 GFLOPS/s)
MUL_MAT f32 m=64 n=480 k=64: 16 x 3.57 us = 57.12 us (1092.84 GFLOPS/s)
MUL_MAT f32 m=64 n=80 k=64: 16 x 3.202 us = 51.24 us (203.041 GFLOPS/s)
MUL_MAT_ADD MUL_MAT_VEC q6_K m=5120 n=5 k=17408: 64 x 137.973 us = 8830.28 us (6459.69 GFLOPS/s)
MUL_MAT_ADD MUL_MAT_VEC q6_K m=5120 n=5 k=6144: 16 x 59.632 us = 954.12 us (5274.76 GFLOPS/s)
MUL_MAT_VEC f32 m=48 n=5 k=5120: 96 x 3.333 us = 320 us (737.208 GFLOPS/s)
MUL_MAT_VEC q6_K m=1024 n=5 k=5120: 32 x 6.976 us = 223.24 us (7514.59 GFLOPS/s)
MUL_MAT_VEC q6_K m=10240 n=5 k=5120: 48 x 79.725 us = 3826.8 us (6575.56 GFLOPS/s)
MUL_MAT_VEC q6_K m=12288 n=5 k=5120: 16 x 98.592 us = 1577.48 us (6380.65 GFLOPS/s)
MUL_MAT_VEC q6_K m=17408 n=5 k=5120: 128 x 137.914 us = 17653 us (6462 GFLOPS/s)
MUL_MAT_VEC q6_K m=248320 n=5 k=5120: 1 x 1685.92 us = 1685.92 us (7540.54 GFLOPS/s)
MUL_MAT_VEC q6_K m=6144 n=5 k=5120: 48 x 53.17 us = 2552.2 us (5915.69 GFLOPS/s)
MUL_MAT_VEC q8_0 m=5120 n=5 k=6144: 48 x 62.988 us = 3023.44 us (4993.74 GFLOPS/s)
RMS_NORM_MUL RMS_NORM(256,24,5,1): 16 x 3.62 us = 57.92 us
RMS_NORM_MUL RMS_NORM(256,4,5,1): 16 x 4.302 us = 68.84 us
RMS_NORM_MUL RMS_NORM(5120,5,1,1): 129 x 4.54 us = 585.68 us
RMS_NORM_MUL_SILU_MUL RMS_NORM(128,48,5,1): 48 x 5.502 us = 264.12 us
RMS_NORM_SCALE RMS_NORM(128,16,5,1): 96 x 2.651 us = 254.52 us
ROPE: 32 x 3.761 us = 120.36 us
SET_ROWS: 32 x 2.778 us = 88.92 us
SIGMOID_MUL SIGMOID: 16 x 3.585 us = 57.36 us
SSM_CONV_SILU SSM_CONV: 48 x 5.521 us = 265.04 us
Total time: 45844 us.
----------------
Vulkan Timings:
CONCAT: 1 x 3.88 us = 3.88 us
CONT: 1 x 3.6 us = 3.6 us
FLASH_ATTN_EXT dst(256,24,5,1),  q(256,5,24,1),  k(256,256,4,1),  v(256,256,4,1),  m(256,5,1,1): 1 x 20.36 us = 20.36 us (1545.05 GFLOPS/s)
GLU: 1 x 1.48 us = 1.48 us
MUL_MAT f32 m=256 n=120 k=256: 1 x 1.64 us = 1.64 us (9571.9 GFLOPS/s)
MUL_MAT f32 m=256 n=20 k=256: 1 x 3 us = 3 us (872.107 GFLOPS/s)
MUL_MAT f32 m=64 n=480 k=64: 1 x 3.6 us = 3.6 us (1083.73 GFLOPS/s)
MUL_MAT f32 m=64 n=80 k=64: 1 x 3.52 us = 3.52 us (184.727 GFLOPS/s)
MUL_MAT_ADD MUL_MAT_VEC q6_K m=5120 n=5 k=17408: 1 x 165.55 us = 165.55 us (5383.65 GFLOPS/s)
MUL_MAT_ADD MUL_MAT_VEC q6_K m=5120 n=5 k=6144: 1 x 62.8 us = 62.8 us (5008.71 GFLOPS/s)
MUL_MAT_VEC q6_K m=1024 n=5 k=5120: 2 x 9.22 us = 18.44 us (5685.87 GFLOPS/s)
MUL_MAT_VEC q6_K m=12288 n=5 k=5120: 1 x 127.93 us = 127.93 us (4917.41 GFLOPS/s)
MUL_MAT_VEC q6_K m=17408 n=5 k=5120: 2 x 130.7 us = 261.4 us (6818.69 GFLOPS/s)
MUL_MAT_VEC q8_0 m=5120 n=5 k=10240: 1 x 106.28 us = 106.28 us (4932.84 GFLOPS/s)
RMS_NORM_MUL RMS_NORM(256,24,5,1): 1 x 3.72 us = 3.72 us
RMS_NORM_MUL RMS_NORM(256,4,5,1): 1 x 3.52 us = 3.52 us
RMS_NORM_MUL RMS_NORM(5120,5,1,1): 5 x 8.112 us = 40.56 us
ROPE: 2 x 3.6 us = 7.2 us
SET_ROWS: 2 x 2.62 us = 5.24 us
SIGMOID_MUL SIGMOID: 1 x 1.72 us = 1.72 us
Total time: 845.44 us.
----------------
Vulkan Timings:
CONCAT: 1 x 3.56 us = 3.56 us
CONT: 1 x 3.44 us = 3.44 us
FLASH_ATTN_EXT dst(256,24,1,1),  q(256,1,24,1),  k(256,256,4,1),  v(256,256,4,1),  m(256,1,1,1): 1 x 15.04 us = 15.04 us (418.315 GFLOPS/s)
GET_ROWS: 2 x 4.26 us = 8.52 us
GLU: 1 x 1.56 us = 1.56 us
MUL_MAT f32 m=256 n=24 k=256: 1 x 1.44 us = 1.44 us (2180.27 GFLOPS/s)
MUL_MAT f32 m=64 n=16 k=64: 1 x 1.8 us = 1.8 us (72.2489 GFLOPS/s)
MUL_MAT f32 m=64 n=96 k=64: 1 x 3.16 us = 3.16 us (246.927 GFLOPS/s)
MUL_MAT_ADD MUL_MAT_VEC q6_K m=5120 n=1 k=17408: 1 x 129.48 us = 129.48 us (1376.68 GFLOPS/s)
MUL_MAT_ADD MUL_MAT_VEC q6_K m=5120 n=1 k=6144: 1 x 53.56 us = 53.56 us (1174.56 GFLOPS/s)
MUL_MAT_VEC f32 m=256 n=4 k=256: 1 x 3 us = 3 us (174.421 GFLOPS/s)
MUL_MAT_VEC q6_K m=1024 n=1 k=5120: 2 x 9.5 us = 19 us (1103.66 GFLOPS/s)
MUL_MAT_VEC q6_K m=12288 n=1 k=5120: 1 x 89.64 us = 89.64 us (1403.58 GFLOPS/s)
MUL_MAT_VEC q6_K m=17408 n=1 k=5120: 2 x 117.72 us = 235.44 us (1514.11 GFLOPS/s)
MUL_MAT_VEC q6_K m=98304 n=1 k=5120: 1 x 674.56 us = 674.56 us (1492.14 GFLOPS/s)
MUL_MAT_VEC q8_0 m=5120 n=1 k=10240: 1 x 91.72 us = 91.72 us (1143.18 GFLOPS/s)
PAD: 1 x 6.28 us = 6.28 us
RMS_NORM_MUL RMS_NORM(256,24,1,1): 1 x 3.16 us = 3.16 us
RMS_NORM_MUL RMS_NORM(256,4,1,1): 1 x 4.76 us = 4.76 us
RMS_NORM_MUL RMS_NORM(5120,1,1,1): 5 x 4.128 us = 20.64 us
ROPE: 2 x 3.28 us = 6.56 us
SET_ROWS: 2 x 1.78 us = 3.56 us
SIGMOID_MUL SIGMOID: 1 x 1.56 us = 1.56 us
TOP_K K=10 (98304,1,1,1): 1 x 8.8 us = 8.8 us
Total time: 1390.24 us.
----------------
Vulkan Timings:
CONCAT: 1 x 3.76 us = 3.76 us
CONT: 1 x 3.6 us = 3.6 us
FLASH_ATTN_EXT dst(256,24,1,1),  q(256,1,24,1),  k(256,256,4,1),  v(256,256,4,1),  m(256,1,1,1): 1 x 12.6 us = 12.6 us (499.322 GFLOPS/s)
GET_ROWS: 2 x 4.26 us = 8.52 us
GLU: 1 x 1.92 us = 1.92 us
MUL_MAT f32 m=256 n=24 k=256: 1 x 1.64 us = 1.64 us (1914.38 GFLOPS/s)
MUL_MAT f32 m=64 n=16 k=64: 1 x 3.56 us = 3.56 us (36.5303 GFLOPS/s)
MUL_MAT f32 m=64 n=96 k=64: 1 x 3.56 us = 3.56 us (219.182 GFLOPS/s)
MUL_MAT_ADD MUL_MAT_VEC q6_K m=5120 n=1 k=17408: 1 x 123.24 us = 123.24 us (1446.39 GFLOPS/s)
MUL_MAT_ADD MUL_MAT_VEC q6_K m=5120 n=1 k=6144: 1 x 53.88 us = 53.88 us (1167.58 GFLOPS/s)
MUL_MAT_VEC f32 m=256 n=4 k=256: 1 x 3 us = 3 us (174.421 GFLOPS/s)
MUL_MAT_VEC q6_K m=1024 n=1 k=5120: 2 x 9.16 us = 18.32 us (1144.62 GFLOPS/s)
MUL_MAT_VEC q6_K m=12288 n=1 k=5120: 1 x 85.6 us = 85.6 us (1469.82 GFLOPS/s)
MUL_MAT_VEC q6_K m=17408 n=1 k=5120: 2 x 121.12 us = 242.24 us (1471.6 GFLOPS/s)
MUL_MAT_VEC q6_K m=98304 n=1 k=5120: 1 x 673.37 us = 673.37 us (1494.77 GFLOPS/s)
MUL_MAT_VEC q8_0 m=5120 n=1 k=10240: 1 x 101.4 us = 101.4 us (1034.05 GFLOPS/s)
PAD: 1 x 6.24 us = 6.24 us
RMS_NORM_MUL RMS_NORM(256,24,1,1): 1 x 3.56 us = 3.56 us
RMS_NORM_MUL RMS_NORM(256,4,1,1): 1 x 3.56 us = 3.56 us
RMS_NORM_MUL RMS_NORM(5120,1,1,1): 5 x 3.672 us = 18.36 us
ROPE: 2 x 3.52 us = 7.04 us
SET_ROWS: 2 x 2.62 us = 5.24 us
SIGMOID_MUL SIGMOID: 1 x 1.68 us = 1.68 us
TOP_K K=10 (98304,1,1,1): 1 x 8.52 us = 8.52 us
Total time: 1394.41 us.
----------------
Vulkan Timings:
CONCAT: 1 x 3.68 us = 3.68 us
CONT: 1 x 3.56 us = 3.56 us
FLASH_ATTN_EXT dst(256,24,1,1),  q(256,1,24,1),  k(256,256,4,1),  v(256,256,4,1),  m(256,1,1,1): 1 x 12.68 us = 12.68 us (496.172 GFLOPS/s)
GET_ROWS: 2 x 4.24 us = 8.48 us
GLU: 1 x 1.88 us = 1.88 us
MUL_MAT f32 m=256 n=24 k=256: 1 x 1.72 us = 1.72 us (1825.34 GFLOPS/s)
MUL_MAT f32 m=64 n=16 k=64: 1 x 3.6 us = 3.6 us (36.1244 GFLOPS/s)
MUL_MAT f32 m=64 n=96 k=64: 1 x 3.56 us = 3.56 us (219.182 GFLOPS/s)
MUL_MAT_ADD MUL_MAT_VEC q6_K m=5120 n=1 k=17408: 1 x 123.28 us = 123.28 us (1445.92 GFLOPS/s)
MUL_MAT_ADD MUL_MAT_VEC q6_K m=5120 n=1 k=6144: 1 x 53.52 us = 53.52 us (1175.44 GFLOPS/s)
MUL_MAT_VEC f32 m=256 n=4 k=256: 1 x 3 us = 3 us (174.421 GFLOPS/s)
MUL_MAT_VEC q6_K m=1024 n=1 k=5120: 2 x 9.12 us = 18.24 us (1149.64 GFLOPS/s)
MUL_MAT_VEC q6_K m=12288 n=1 k=5120: 1 x 86.08 us = 86.08 us (1461.63 GFLOPS/s)
MUL_MAT_VEC q6_K m=17408 n=1 k=5120: 2 x 121.24 us = 242.48 us (1470.15 GFLOPS/s)
MUL_MAT_VEC q6_K m=98304 n=1 k=5120: 1 x 674.44 us = 674.44 us (1492.4 GFLOPS/s)
MUL_MAT_VEC q8_0 m=5120 n=1 k=10240: 1 x 101.16 us = 101.16 us (1036.5 GFLOPS/s)
PAD: 1 x 6.24 us = 6.24 us
RMS_NORM_MUL RMS_NORM(256,24,1,1): 1 x 3.56 us = 3.56 us
RMS_NORM_MUL RMS_NORM(256,4,1,1): 1 x 3.6 us = 3.6 us
RMS_NORM_MUL RMS_NORM(5120,1,1,1): 5 x 3.688 us = 18.44 us
ROPE: 2 x 3.56 us = 7.12 us
SET_ROWS: 2 x 2.58 us = 5.16 us
SIGMOID_MUL SIGMOID: 1 x 1.64 us = 1.64 us
TOP_K K=10 (98304,1,1,1): 1 x 8.8 us = 8.8 us
Total time: 1395.92 us.
----------------
Vulkan Timings:
CONCAT: 1 x 3.68 us = 3.68 us
CONT: 1 x 3.56 us = 3.56 us
FLASH_ATTN_EXT dst(256,24,1,1),  q(256,1,24,1),  k(256,256,4,1),  v(256,256,4,1),  m(256,1,1,1): 1 x 12.72 us = 12.72 us (494.611 GFLOPS/s)
GET_ROWS: 2 x 4.2 us = 8.4 us
GLU: 1 x 1.8 us = 1.8 us
MUL_MAT f32 m=256 n=24 k=256: 1 x 1.64 us = 1.64 us (1914.38 GFLOPS/s)
MUL_MAT f32 m=64 n=16 k=64: 1 x 3.52 us = 3.52 us (36.9455 GFLOPS/s)
MUL_MAT f32 m=64 n=96 k=64: 1 x 3.6 us = 3.6 us (216.747 GFLOPS/s)
MUL_MAT_ADD MUL_MAT_VEC q6_K m=5120 n=1 k=17408: 1 x 122.8 us = 122.8 us (1451.57 GFLOPS/s)
MUL_MAT_ADD MUL_MAT_VEC q6_K m=5120 n=1 k=6144: 1 x 53.52 us = 53.52 us (1175.44 GFLOPS/s)
MUL_MAT_VEC f32 m=256 n=4 k=256: 1 x 3 us = 3 us (174.421 GFLOPS/s)
MUL_MAT_VEC q6_K m=1024 n=1 k=5120: 2 x 9 us = 18 us (1164.97 GFLOPS/s)
MUL_MAT_VEC q6_K m=12288 n=1 k=5120: 1 x 86 us = 86 us (1462.99 GFLOPS/s)
MUL_MAT_VEC q6_K m=17408 n=1 k=5120: 2 x 121.32 us = 242.64 us (1469.18 GFLOPS/s)
MUL_MAT_VEC q6_K m=98304 n=1 k=5120: 1 x 672.7 us = 672.7 us (1496.26 GFLOPS/s)
MUL_MAT_VEC q8_0 m=5120 n=1 k=10240: 1 x 102.12 us = 102.12 us (1026.76 GFLOPS/s)
PAD: 1 x 6.28 us = 6.28 us
RMS_NORM_MUL RMS_NORM(256,24,1,1): 1 x 3.56 us = 3.56 us
RMS_NORM_MUL RMS_NORM(256,4,1,1): 1 x 3.52 us = 3.52 us
RMS_NORM_MUL RMS_NORM(5120,1,1,1): 5 x 3.672 us = 18.36 us
ROPE: 2 x 3.5 us = 7 us
SET_ROWS: 2 x 2.58 us = 5.16 us
SIGMOID_MUL SIGMOID: 1 x 1.68 us = 1.68 us
TOP_K K=10 (98304,1,1,1): 1 x 8.36 us = 8.36 us
Total time: 1393.62 us.
----------------
Vulkan Timings:
ADD: 48 x 3.66 us = 175.68 us
CONCAT: 48 x 2.385 us = 114.52 us
CONT: 16 x 3.725 us = 59.6 us
CPY: 240 x 2.181 us = 523.48 us
FLASH_ATTN_EXT dst(256,24,5,1),  q(256,5,24,1),  k(256,256,4,1),  v(256,256,4,1),  m(256,5,1,1): 16 x 20.645 us = 330.32 us (1523.72 GFLOPS/s)
GDN_CACHE GATED_DELTA_NET: 48 x 13.49 us = 647.56 us
GET_ROWS: 50 x 24.192 us = 1209.6 us
GLU: 64 x 2.906 us = 186 us
MUL_MAT f32 m=256 n=120 k=256: 16 x 1.767 us = 28.28 us (8881.43 GFLOPS/s)
MUL_MAT f32 m=256 n=20 k=256: 16 x 3.022 us = 48.36 us (865.615 GFLOPS/s)
MUL_MAT f32 m=64 n=480 k=64: 16 x 3.555 us = 56.88 us (1097.45 GFLOPS/s)
MUL_MAT f32 m=64 n=80 k=64: 16 x 3.192 us = 51.08 us (203.677 GFLOPS/s)
MUL_MAT_ADD MUL_MAT_VEC q6_K m=5120 n=5 k=17408: 64 x 137.506 us = 8800.44 us (6481.6 GFLOPS/s)
MUL_MAT_ADD MUL_MAT_VEC q6_K m=5120 n=5 k=6144: 16 x 59.715 us = 955.44 us (5267.47 GFLOPS/s)
MUL_MAT_VEC f32 m=48 n=5 k=5120: 96 x 3.381 us = 324.64 us (726.671 GFLOPS/s)
MUL_MAT_VEC q6_K m=1024 n=5 k=5120: 32 x 6.925 us = 221.6 us (7570.21 GFLOPS/s)
MUL_MAT_VEC q6_K m=10240 n=5 k=5120: 48 x 79.679 us = 3824.6 us (6579.35 GFLOPS/s)
MUL_MAT_VEC q6_K m=12288 n=5 k=5120: 16 x 98.615 us = 1577.84 us (6379.19 GFLOPS/s)
MUL_MAT_VEC q6_K m=17408 n=5 k=5120: 128 x 138.466 us = 17723.7 us (6436.24 GFLOPS/s)
MUL_MAT_VEC q6_K m=248320 n=5 k=5120: 1 x 1686.2 us = 1686.2 us (7539.29 GFLOPS/s)
MUL_MAT_VEC q6_K m=6144 n=5 k=5120: 48 x 53.256 us = 2556.32 us (5906.15 GFLOPS/s)
MUL_MAT_VEC q8_0 m=5120 n=5 k=6144: 48 x 63.011 us = 3024.56 us (4991.89 GFLOPS/s)
RMS_NORM_MUL RMS_NORM(256,24,5,1): 16 x 3.747 us = 59.96 us
RMS_NORM_MUL RMS_NORM(256,4,5,1): 16 x 4.285 us = 68.56 us
RMS_NORM_MUL RMS_NORM(5120,5,1,1): 129 x 4.514 us = 582.4 us
RMS_NORM_MUL_SILU_MUL RMS_NORM(128,48,5,1): 48 x 5.494 us = 263.72 us
RMS_NORM_SCALE RMS_NORM(128,16,5,1): 96 x 2.605 us = 250.12 us
ROPE: 32 x 3.743 us = 119.8 us
SET_ROWS: 32 x 2.83 us = 90.56 us
SIGMOID_MUL SIGMOID: 16 x 3.58 us = 57.28 us
SSM_CONV_SILU SSM_CONV: 48 x 5.503 us = 264.16 us
Total time: 45883.2 us.
----------------
Vulkan Timings:
CONCAT: 1 x 3.92 us = 3.92 us
CONT: 1 x 3.6 us = 3.6 us
FLASH_ATTN_EXT dst(256,24,5,1),  q(256,5,24,1),  k(256,256,4,1),  v(256,256,4,1),  m(256,5,1,1): 1 x 20.4 us = 20.4 us (1542.02 GFLOPS/s)
GLU: 1 x 1.52 us = 1.52 us
MUL_MAT f32 m=256 n=120 k=256: 1 x 1.72 us = 1.72 us (9126.7 GFLOPS/s)
MUL_MAT f32 m=256 n=20 k=256: 1 x 3 us = 3 us (872.107 GFLOPS/s)
MUL_MAT f32 m=64 n=480 k=64: 1 x 3.64 us = 3.64 us (1071.82 GFLOPS/s)
MUL_MAT f32 m=64 n=80 k=64: 1 x 3.6 us = 3.6 us (180.622 GFLOPS/s)
MUL_MAT_ADD MUL_MAT_VEC q6_K m=5120 n=5 k=17408: 1 x 166.02 us = 166.02 us (5368.41 GFLOPS/s)
MUL_MAT_ADD MUL_MAT_VEC q6_K m=5120 n=5 k=6144: 1 x 62.16 us = 62.16 us (5060.28 GFLOPS/s)
MUL_MAT_VEC q6_K m=1024 n=5 k=5120: 2 x 9.68 us = 19.36 us (5415.67 GFLOPS/s)
MUL_MAT_VEC q6_K m=12288 n=5 k=5120: 1 x 127.47 us = 127.47 us (4935.15 GFLOPS/s)
MUL_MAT_VEC q6_K m=17408 n=5 k=5120: 2 x 130.84 us = 261.68 us (6811.39 GFLOPS/s)
MUL_MAT_VEC q8_0 m=5120 n=5 k=10240: 1 x 104.84 us = 104.84 us (5000.6 GFLOPS/s)
RMS_NORM_MUL RMS_NORM(256,24,5,1): 1 x 3.68 us = 3.68 us
RMS_NORM_MUL RMS_NORM(256,4,5,1): 1 x 3.56 us = 3.56 us
RMS_NORM_MUL RMS_NORM(5120,5,1,1): 5 x 7.996 us = 39.98 us
ROPE: 2 x 3.58 us = 7.16 us
SET_ROWS: 2 x 2.62 us = 5.24 us
SIGMOID_MUL SIGMOID: 1 x 1.64 us = 1.64 us
Total time: 844.19 us.
----------------
Vulkan Timings:
CONCAT: 1 x 3.6 us = 3.6 us
CONT: 1 x 3.48 us = 3.48 us
FLASH_ATTN_EXT dst(256,24,1,1),  q(256,1,24,1),  k(256,256,4,1),  v(256,256,4,1),  m(256,1,1,1): 1 x 12.8 us = 12.8 us (491.52 GFLOPS/s)
GET_ROWS: 2 x 4.14 us = 8.28 us
GLU: 1 x 1.52 us = 1.52 us
MUL_MAT f32 m=256 n=24 k=256: 1 x 1.56 us = 1.56 us (2012.55 GFLOPS/s)
MUL_MAT f32 m=64 n=16 k=64: 1 x 1.8 us = 1.8 us (72.2489 GFLOPS/s)
MUL_MAT f32 m=64 n=96 k=64: 1 x 3.2 us = 3.2 us (243.84 GFLOPS/s)
MUL_MAT_ADD MUL_MAT_VEC q6_K m=5120 n=1 k=17408: 1 x 130.2 us = 130.2 us (1369.07 GFLOPS/s)
MUL_MAT_ADD MUL_MAT_VEC q6_K m=5120 n=1 k=6144: 1 x 54.56 us = 54.56 us (1153.03 GFLOPS/s)
MUL_MAT_VEC f32 m=256 n=4 k=256: 1 x 2.96 us = 2.96 us (176.778 GFLOPS/s)
MUL_MAT_VEC q6_K m=1024 n=1 k=5120: 2 x 9.26 us = 18.52 us (1132.26 GFLOPS/s)
MUL_MAT_VEC q6_K m=12288 n=1 k=5120: 1 x 89.76 us = 89.76 us (1401.7 GFLOPS/s)
MUL_MAT_VEC q6_K m=17408 n=1 k=5120: 2 x 117.92 us = 235.84 us (1511.54 GFLOPS/s)
MUL_MAT_VEC q6_K m=98304 n=1 k=5120: 1 x 672.85 us = 672.85 us (1495.93 GFLOPS/s)
MUL_MAT_VEC q8_0 m=5120 n=1 k=10240: 1 x 91.36 us = 91.36 us (1147.68 GFLOPS/s)
PAD: 1 x 6.24 us = 6.24 us
RMS_NORM_MUL RMS_NORM(256,24,1,1): 1 x 3.16 us = 3.16 us
RMS_NORM_MUL RMS_NORM(256,4,1,1): 1 x 4.76 us = 4.76 us
RMS_NORM_MUL RMS_NORM(5120,1,1,1): 5 x 4.312 us = 21.56 us
ROPE: 2 x 3.24 us = 6.48 us
SET_ROWS: 2 x 2.56 us = 5.12 us
SIGMOID_MUL SIGMOID: 1 x 1.76 us = 1.76 us
TOP_K K=10 (98304,1,1,1): 1 x 8.68 us = 8.68 us
Total time: 1390.05 us.
----------------
Vulkan Timings:
CONCAT: 1 x 3.68 us = 3.68 us
CONT: 1 x 3.52 us = 3.52 us
FLASH_ATTN_EXT dst(256,24,1,1),  q(256,1,24,1),  k(256,256,4,1),  v(256,256,4,1),  m(256,1,1,1): 1 x 12.72 us = 12.72 us (494.611 GFLOPS/s)
GET_ROWS: 2 x 4.14 us = 8.28 us
GLU: 1 x 1.88 us = 1.88 us
MUL_MAT f32 m=256 n=24 k=256: 1 x 1.6 us = 1.6 us (1962.24 GFLOPS/s)
MUL_MAT f32 m=64 n=16 k=64: 1 x 3.56 us = 3.56 us (36.5303 GFLOPS/s)
MUL_MAT f32 m=64 n=96 k=64: 1 x 3.52 us = 3.52 us (221.673 GFLOPS/s)
MUL_MAT_ADD MUL_MAT_VEC q6_K m=5120 n=1 k=17408: 1 x 124.08 us = 124.08 us (1436.6 GFLOPS/s)
MUL_MAT_ADD MUL_MAT_VEC q6_K m=5120 n=1 k=6144: 1 x 54.16 us = 54.16 us (1161.55 GFLOPS/s)
MUL_MAT_VEC f32 m=256 n=4 k=256: 1 x 2.96 us = 2.96 us (176.778 GFLOPS/s)
MUL_MAT_VEC q6_K m=1024 n=1 k=5120: 2 x 9.12 us = 18.24 us (1149.64 GFLOPS/s)
MUL_MAT_VEC q6_K m=12288 n=1 k=5120: 1 x 85.8 us = 85.8 us (1466.4 GFLOPS/s)
MUL_MAT_VEC q6_K m=17408 n=1 k=5120: 2 x 120.94 us = 241.88 us (1473.79 GFLOPS/s)
MUL_MAT_VEC q6_K m=98304 n=1 k=5120: 1 x 673.27 us = 673.27 us (1494.99 GFLOPS/s)
MUL_MAT_VEC q8_0 m=5120 n=1 k=10240: 1 x 101.24 us = 101.24 us (1035.68 GFLOPS/s)
PAD: 1 x 6.96 us = 6.96 us
RMS_NORM_MUL RMS_NORM(256,24,1,1): 1 x 3.56 us = 3.56 us
RMS_NORM_MUL RMS_NORM(256,4,1,1): 1 x 3.52 us = 3.52 us
RMS_NORM_MUL RMS_NORM(5120,1,1,1): 5 x 3.656 us = 18.28 us
ROPE: 2 x 3.56 us = 7.12 us
SET_ROWS: 2 x 2.6 us = 5.2 us
SIGMOID_MUL SIGMOID: 1 x 1.64 us = 1.64 us
TOP_K K=10 (98304,1,1,1): 1 x 8.68 us = 8.68 us
Total time: 1395.35 us.
----------------
Vulkan Timings:
CONCAT: 1 x 3.64 us = 3.64 us
CONT: 1 x 3.56 us = 3.56 us
FLASH_ATTN_EXT dst(256,24,1,1),  q(256,1,24,1),  k(256,256,4,1),  v(256,256,4,1),  m(256,1,1,1): 1 x 12.76 us = 12.76 us (493.061 GFLOPS/s)
GET_ROWS: 2 x 4.22 us = 8.44 us
GLU: 1 x 1.72 us = 1.72 us
MUL_MAT f32 m=256 n=24 k=256: 1 x 1.6 us = 1.6 us (1962.24 GFLOPS/s)
MUL_MAT f32 m=64 n=16 k=64: 1 x 3.52 us = 3.52 us (36.9455 GFLOPS/s)
MUL_MAT f32 m=64 n=96 k=64: 1 x 3.56 us = 3.56 us (219.182 GFLOPS/s)
MUL_MAT_ADD MUL_MAT_VEC q6_K m=5120 n=1 k=17408: 1 x 122.72 us = 122.72 us (1452.52 GFLOPS/s)
MUL_MAT_ADD MUL_MAT_VEC q6_K m=5120 n=1 k=6144: 1 x 53.56 us = 53.56 us (1174.56 GFLOPS/s)
MUL_MAT_VEC f32 m=256 n=4 k=256: 1 x 2.96 us = 2.96 us (176.778 GFLOPS/s)
MUL_MAT_VEC q6_K m=1024 n=1 k=5120: 2 x 9.2 us = 18.4 us (1139.65 GFLOPS/s)
MUL_MAT_VEC q6_K m=12288 n=1 k=5120: 1 x 85.28 us = 85.28 us (1475.34 GFLOPS/s)
MUL_MAT_VEC q6_K m=17408 n=1 k=5120: 2 x 121.34 us = 242.68 us (1468.93 GFLOPS/s)
MUL_MAT_VEC q6_K m=98304 n=1 k=5120: 1 x 673.42 us = 673.42 us (1494.66 GFLOPS/s)
MUL_MAT_VEC q8_0 m=5120 n=1 k=10240: 1 x 100.6 us = 100.6 us (1042.27 GFLOPS/s)
PAD: 1 x 6.24 us = 6.24 us
RMS_NORM_MUL RMS_NORM(256,24,1,1): 1 x 3.56 us = 3.56 us
RMS_NORM_MUL RMS_NORM(256,4,1,1): 1 x 3.52 us = 3.52 us
RMS_NORM_MUL RMS_NORM(5120,1,1,1): 5 x 3.68 us = 18.4 us
ROPE: 2 x 3.52 us = 7.04 us
SET_ROWS: 2 x 2.56 us = 5.12 us
SIGMOID_MUL SIGMOID: 1 x 1.64 us = 1.64 us
TOP_K K=10 (98304,1,1,1): 1 x 8.84 us = 8.84 us
Total time: 1392.78 us.
----------------
Vulkan Timings:
CONCAT: 1 x 3.72 us = 3.72 us
CONT: 1 x 3.6 us = 3.6 us
FLASH_ATTN_EXT dst(256,24,1,1),  q(256,1,24,1),  k(256,256,4,1),  v(256,256,4,1),  m(256,1,1,1): 1 x 12.64 us = 12.64 us (497.742 GFLOPS/s)
GET_ROWS: 2 x 4.36 us = 8.72 us
GLU: 1 x 1.76 us = 1.76 us
MUL_MAT f32 m=256 n=24 k=256: 1 x 1.64 us = 1.64 us (1914.38 GFLOPS/s)
MUL_MAT f32 m=64 n=16 k=64: 1 x 3.52 us = 3.52 us (36.9455 GFLOPS/s)
MUL_MAT f32 m=64 n=96 k=64: 1 x 3.56 us = 3.56 us (219.182 GFLOPS/s)
MUL_MAT_ADD MUL_MAT_VEC q6_K m=5120 n=1 k=17408: 1 x 123.4 us = 123.4 us (1444.51 GFLOPS/s)
MUL_MAT_ADD MUL_MAT_VEC q6_K m=5120 n=1 k=6144: 1 x 53.4 us = 53.4 us (1178.08 GFLOPS/s)
MUL_MAT_VEC f32 m=256 n=4 k=256: 1 x 2.96 us = 2.96 us (176.778 GFLOPS/s)
MUL_MAT_VEC q6_K m=1024 n=1 k=5120: 2 x 9.16 us = 18.32 us (1144.62 GFLOPS/s)
MUL_MAT_VEC q6_K m=12288 n=1 k=5120: 1 x 85.24 us = 85.24 us (1476.03 GFLOPS/s)
MUL_MAT_VEC q6_K m=17408 n=1 k=5120: 2 x 121.34 us = 242.68 us (1468.93 GFLOPS/s)
MUL_MAT_VEC q6_K m=98304 n=1 k=5120: 1 x 671.46 us = 671.46 us (1499.02 GFLOPS/s)
MUL_MAT_VEC q8_0 m=5120 n=1 k=10240: 1 x 100.92 us = 100.92 us (1038.97 GFLOPS/s)
PAD: 1 x 9.08 us = 9.08 us
RMS_NORM_MUL RMS_NORM(256,24,1,1): 1 x 3.52 us = 3.52 us
RMS_NORM_MUL RMS_NORM(256,4,1,1): 1 x 3.56 us = 3.56 us
RMS_NORM_MUL RMS_NORM(5120,1,1,1): 5 x 3.64 us = 18.2 us
ROPE: 2 x 3.52 us = 7.04 us
SET_ROWS: 2 x 2.68 us = 5.36 us
SIGMOID_MUL SIGMOID: 1 x 1.64 us = 1.64 us
TOP_K K=10 (98304,1,1,1): 1 x 6.6 us = 6.6 us
Total time: 1392.54 us.
----------------
Vulkan Timings:
ADD: 48 x 3.654 us = 175.4 us
CONCAT: 48 x 2.43 us = 116.68 us
CONT: 16 x 3.717 us = 59.48 us
CPY: 240 x 2.159 us = 518.36 us
FLASH_ATTN_EXT dst(256,24,5,1),  q(256,5,24,1),  k(256,256,4,1),  v(256,256,4,1),  m(256,5,1,1): 16 x 20.69 us = 331.04 us (1520.41 GFLOPS/s)
GDN_CACHE GATED_DELTA_NET: 48 x 13.3 us = 638.44 us
GET_ROWS: 50 x 24.484 us = 1224.24 us
GLU: 64 x 2.941 us = 188.28 us
MUL_MAT f32 m=256 n=120 k=256: 16 x 1.79 us = 28.64 us (8769.79 GFLOPS/s)
MUL_MAT f32 m=256 n=20 k=256: 16 x 3.015 us = 48.24 us (867.768 GFLOPS/s)
MUL_MAT f32 m=64 n=480 k=64: 16 x 3.547 us = 56.76 us (1099.77 GFLOPS/s)
MUL_MAT f32 m=64 n=80 k=64: 16 x 3.195 us = 51.12 us (203.518 GFLOPS/s)
MUL_MAT_ADD MUL_MAT_VEC q6_K m=5120 n=5 k=17408: 64 x 137.29 us = 8786.6 us (6491.81 GFLOPS/s)
MUL_MAT_ADD MUL_MAT_VEC q6_K m=5120 n=5 k=6144: 16 x 59.87 us = 957.92 us (5253.84 GFLOPS/s)
MUL_MAT_VEC f32 m=48 n=5 k=5120: 96 x 3.353 us = 321.96 us (732.72 GFLOPS/s)
MUL_MAT_VEC q6_K m=1024 n=5 k=5120: 32 x 6.985 us = 223.52 us (7505.18 GFLOPS/s)
MUL_MAT_VEC q6_K m=10240 n=5 k=5120: 48 x 79.555 us = 3818.64 us (6589.61 GFLOPS/s)
MUL_MAT_VEC q6_K m=12288 n=5 k=5120: 16 x 98.46 us = 1575.36 us (6389.24 GFLOPS/s)
MUL_MAT_VEC q6_K m=17408 n=5 k=5120: 128 x 137.927 us = 17654.7 us (6461.38 GFLOPS/s)
MUL_MAT_VEC q6_K m=248320 n=5 k=5120: 1 x 1687.48 us = 1687.48 us (7533.57 GFLOPS/s)
MUL_MAT_VEC q6_K m=6144 n=5 k=5120: 48 x 53.063 us = 2547.04 us (5927.67 GFLOPS/s)
MUL_MAT_VEC q8_0 m=5120 n=5 k=6144: 48 x 62.902 us = 3019.32 us (5000.55 GFLOPS/s)
RMS_NORM_MUL RMS_NORM(256,24,5,1): 16 x 3.612 us = 57.8 us
RMS_NORM_MUL RMS_NORM(256,4,5,1): 16 x 4.285 us = 68.56 us
RMS_NORM_MUL RMS_NORM(5120,5,1,1): 129 x 4.5 us = 580.56 us
RMS_NORM_MUL_SILU_MUL RMS_NORM(128,48,5,1): 48 x 5.493 us = 263.68 us
RMS_NORM_SCALE RMS_NORM(128,16,5,1): 96 x 2.62 us = 251.56 us
ROPE: 32 x 3.743 us = 119.8 us
SET_ROWS: 32 x 2.782 us = 89.04 us
SIGMOID_MUL SIGMOID: 16 x 3.58 us = 57.28 us
SSM_CONV_SILU SSM_CONV: 48 x 5.55 us = 266.44 us
Total time: 45784 us.
----------------
Vulkan Timings:
CONCAT: 1 x 3.96 us = 3.96 us
CONT: 1 x 3.6 us = 3.6 us
FLASH_ATTN_EXT dst(256,24,5,1),  q(256,5,24,1),  k(256,256,4,1),  v(256,256,4,1),  m(256,5,1,1): 1 x 20.36 us = 20.36 us (1545.05 GFLOPS/s)
GLU: 1 x 1.68 us = 1.68 us
MUL_MAT f32 m=256 n=120 k=256: 1 x 1.76 us = 1.76 us (8919.27 GFLOPS/s)
MUL_MAT f32 m=256 n=20 k=256: 1 x 3 us = 3 us (872.107 GFLOPS/s)
MUL_MAT f32 m=64 n=480 k=64: 1 x 3.56 us = 3.56 us (1095.91 GFLOPS/s)
MUL_MAT f32 m=64 n=80 k=64: 1 x 3.56 us = 3.56 us (182.652 GFLOPS/s)
MUL_MAT_ADD MUL_MAT_VEC q6_K m=5120 n=5 k=17408: 1 x 164.48 us = 164.48 us (5418.68 GFLOPS/s)
MUL_MAT_ADD MUL_MAT_VEC q6_K m=5120 n=5 k=6144: 1 x 68.76 us = 68.76 us (4574.57 GFLOPS/s)
MUL_MAT_VEC q6_K m=1024 n=5 k=5120: 2 x 9.24 us = 18.48 us (5673.56 GFLOPS/s)
MUL_MAT_VEC q6_K m=12288 n=5 k=5120: 1 x 127.47 us = 127.47 us (4935.15 GFLOPS/s)
MUL_MAT_VEC q6_K m=17408 n=5 k=5120: 2 x 131.38 us = 262.76 us (6783.4 GFLOPS/s)
MUL_MAT_VEC q8_0 m=5120 n=5 k=10240: 1 x 105.08 us = 105.08 us (4989.17 GFLOPS/s)
RMS_NORM_MUL RMS_NORM(256,24,5,1): 1 x 3.68 us = 3.68 us
RMS_NORM_MUL RMS_NORM(256,4,5,1): 1 x 3.6 us = 3.6 us
RMS_NORM_MUL RMS_NORM(5120,5,1,1): 5 x 7.69 us = 38.45 us
ROPE: 2 x 3.58 us = 7.16 us
SET_ROWS: 2 x 2.6 us = 5.2 us
SIGMOID_MUL SIGMOID: 1 x 1.68 us = 1.68 us
Total time: 848.28 us.
----------------
Vulkan Timings:
CONCAT: 1 x 3.56 us = 3.56 us
CONT: 1 x 3.44 us = 3.44 us
FLASH_ATTN_EXT dst(256,24,1,1),  q(256,1,24,1),  k(256,256,4,1),  v(256,256,4,1),  m(256,1,1,1): 1 x 12.24 us = 12.24 us (514.008 GFLOPS/s)
GET_ROWS: 2 x 6.4 us = 12.8 us
GLU: 1 x 1.68 us = 1.68 us
MUL_MAT f32 m=256 n=24 k=256: 1 x 1.52 us = 1.52 us (2065.52 GFLOPS/s)
MUL_MAT f32 m=64 n=16 k=64: 1 x 1.84 us = 1.84 us (70.6783 GFLOPS/s)
MUL_MAT f32 m=64 n=96 k=64: 1 x 3.16 us = 3.16 us (246.927 GFLOPS/s)
MUL_MAT_ADD MUL_MAT_VEC q6_K m=5120 n=1 k=17408: 1 x 129.92 us = 129.92 us (1372.02 GFLOPS/s)
MUL_MAT_ADD MUL_MAT_VEC q6_K m=5120 n=1 k=6144: 1 x 54.12 us = 54.12 us (1162.41 GFLOPS/s)
MUL_MAT_VEC f32 m=256 n=4 k=256: 1 x 3 us = 3 us (174.421 GFLOPS/s)
MUL_MAT_VEC q6_K m=1024 n=1 k=5120: 2 x 9.2 us = 18.4 us (1139.65 GFLOPS/s)
MUL_MAT_VEC q6_K m=12288 n=1 k=5120: 1 x 89.52 us = 89.52 us (1405.46 GFLOPS/s)
MUL_MAT_VEC q6_K m=17408 n=1 k=5120: 2 x 117.66 us = 235.32 us (1514.88 GFLOPS/s)
MUL_MAT_VEC q6_K m=98304 n=1 k=5120: 1 x 673.17 us = 673.17 us (1495.22 GFLOPS/s)
MUL_MAT_VEC q8_0 m=5120 n=1 k=10240: 1 x 93.44 us = 93.44 us (1122.14 GFLOPS/s)
PAD: 1 x 4.84 us = 4.84 us
RMS_NORM_MUL RMS_NORM(256,24,1,1): 1 x 3.16 us = 3.16 us
RMS_NORM_MUL RMS_NORM(256,4,1,1): 1 x 4.8 us = 4.8 us
RMS_NORM_MUL RMS_NORM(5120,1,1,1): 5 x 4.072 us = 20.36 us
ROPE: 2 x 3.28 us = 6.56 us
SET_ROWS: 2 x 2.56 us = 5.12 us
SIGMOID_MUL SIGMOID: 1 x 1.52 us = 1.52 us
TOP_K K=10 (98304,1,1,1): 1 x 8.68 us = 8.68 us
Total time: 1392.17 us.
----------------
Vulkan Timings:
CONCAT: 1 x 3.72 us = 3.72 us
CONT: 1 x 3.56 us = 3.56 us
FLASH_ATTN_EXT dst(256,24,1,1),  q(256,1,24,1),  k(256,256,4,1),  v(256,256,4,1),  m(256,1,1,1): 1 x 12.8 us = 12.8 us (491.52 GFLOPS/s)
GET_ROWS: 2 x 4.2 us = 8.4 us
GLU: 1 x 1.84 us = 1.84 us
MUL_MAT f32 m=256 n=24 k=256: 1 x 1.68 us = 1.68 us (1868.8 GFLOPS/s)
MUL_MAT f32 m=64 n=16 k=64: 1 x 3.52 us = 3.52 us (36.9455 GFLOPS/s)
MUL_MAT f32 m=64 n=96 k=64: 1 x 3.56 us = 3.56 us (219.182 GFLOPS/s)
MUL_MAT_ADD MUL_MAT_VEC q6_K m=5120 n=1 k=17408: 1 x 123.68 us = 123.68 us (1441.24 GFLOPS/s)
MUL_MAT_ADD MUL_MAT_VEC q6_K m=5120 n=1 k=6144: 1 x 54.08 us = 54.08 us (1163.27 GFLOPS/s)
MUL_MAT_VEC f32 m=256 n=4 k=256: 1 x 2.96 us = 2.96 us (176.778 GFLOPS/s)
MUL_MAT_VEC q6_K m=1024 n=1 k=5120: 2 x 9.1 us = 18.2 us (1152.17 GFLOPS/s)
MUL_MAT_VEC q6_K m=12288 n=1 k=5120: 1 x 85.8 us = 85.8 us (1466.4 GFLOPS/s)
MUL_MAT_VEC q6_K m=17408 n=1 k=5120: 2 x 121.22 us = 242.44 us (1470.39 GFLOPS/s)
MUL_MAT_VEC q6_K m=98304 n=1 k=5120: 1 x 673.39 us = 673.39 us (1494.73 GFLOPS/s)
MUL_MAT_VEC q8_0 m=5120 n=1 k=10240: 1 x 101.32 us = 101.32 us (1034.86 GFLOPS/s)
PAD: 1 x 6.24 us = 6.24 us
RMS_NORM_MUL RMS_NORM(256,24,1,1): 1 x 3.52 us = 3.52 us
RMS_NORM_MUL RMS_NORM(256,4,1,1): 1 x 3.52 us = 3.52 us
RMS_NORM_MUL RMS_NORM(5120,1,1,1): 5 x 3.624 us = 18.12 us
ROPE: 2 x 3.5 us = 7 us
SET_ROWS: 2 x 2.58 us = 5.16 us
SIGMOID_MUL SIGMOID: 1 x 1.68 us = 1.68 us
TOP_K K=10 (98304,1,1,1): 1 x 8.64 us = 8.64 us
Total time: 1394.83 us.
----------------
Vulkan Timings:
CONCAT: 1 x 3.72 us = 3.72 us
CONT: 1 x 3.56 us = 3.56 us
FLASH_ATTN_EXT dst(256,24,1,1),  q(256,1,24,1),  k(256,256,4,1),  v(256,256,4,1),  m(256,1,1,1): 1 x 12.72 us = 12.72 us (494.611 GFLOPS/s)
GET_ROWS: 2 x 4.22 us = 8.44 us
GLU: 1 x 1.8 us = 1.8 us
MUL_MAT f32 m=256 n=24 k=256: 1 x 1.6 us = 1.6 us (1962.24 GFLOPS/s)
MUL_MAT f32 m=64 n=16 k=64: 1 x 3.52 us = 3.52 us (36.9455 GFLOPS/s)
MUL_MAT f32 m=64 n=96 k=64: 1 x 3.52 us = 3.52 us (221.673 GFLOPS/s)
MUL_MAT_ADD MUL_MAT_VEC q6_K m=5120 n=1 k=17408: 1 x 122.76 us = 122.76 us (1452.04 GFLOPS/s)
MUL_MAT_ADD MUL_MAT_VEC q6_K m=5120 n=1 k=6144: 1 x 54.32 us = 54.32 us (1158.13 GFLOPS/s)
MUL_MAT_VEC f32 m=256 n=4 k=256: 1 x 3 us = 3 us (174.421 GFLOPS/s)
MUL_MAT_VEC q6_K m=1024 n=1 k=5120: 2 x 9.08 us = 18.16 us (1154.71 GFLOPS/s)
MUL_MAT_VEC q6_K m=12288 n=1 k=5120: 1 x 86.12 us = 86.12 us (1460.95 GFLOPS/s)
MUL_MAT_VEC q6_K m=17408 n=1 k=5120: 2 x 121.18 us = 242.36 us (1470.87 GFLOPS/s)
MUL_MAT_VEC q6_K m=98304 n=1 k=5120: 1 x 677.72 us = 677.72 us (1485.18 GFLOPS/s)
MUL_MAT_VEC q8_0 m=5120 n=1 k=10240: 1 x 100.44 us = 100.44 us (1043.93 GFLOPS/s)
PAD: 1 x 6.24 us = 6.24 us
RMS_NORM_MUL RMS_NORM(256,24,1,1): 1 x 3.52 us = 3.52 us
RMS_NORM_MUL RMS_NORM(256,4,1,1): 1 x 3.52 us = 3.52 us
RMS_NORM_MUL RMS_NORM(5120,1,1,1): 5 x 3.632 us = 18.16 us
ROPE: 2 x 3.5 us = 7 us
SET_ROWS: 2 x 2.6 us = 5.2 us
SIGMOID_MUL SIGMOID: 1 x 1.6 us = 1.6 us
TOP_K K=10 (98304,1,1,1): 1 x 8.64 us = 8.64 us
Total time: 1397.64 us.
----------------
Vulkan Timings:
CONCAT: 1 x 3.68 us = 3.68 us
CONT: 1 x 3.52 us = 3.52 us
FLASH_ATTN_EXT dst(256,24,1,1),  q(256,1,24,1),  k(256,256,4,1),  v(256,256,4,1),  m(256,1,1,1): 1 x 12.72 us = 12.72 us (494.611 GFLOPS/s)
GET_ROWS: 2 x 5.92 us = 11.84 us
GLU: 1 x 1.72 us = 1.72 us
MUL_MAT f32 m=256 n=24 k=256: 1 x 1.56 us = 1.56 us (2012.55 GFLOPS/s)
MUL_MAT f32 m=64 n=16 k=64: 1 x 3.56 us = 3.56 us (36.5303 GFLOPS/s)
MUL_MAT f32 m=64 n=96 k=64: 1 x 3.56 us = 3.56 us (219.182 GFLOPS/s)
MUL_MAT_ADD MUL_MAT_VEC q6_K m=5120 n=1 k=17408: 1 x 122.88 us = 122.88 us (1450.62 GFLOPS/s)
MUL_MAT_ADD MUL_MAT_VEC q6_K m=5120 n=1 k=6144: 1 x 54.36 us = 54.36 us (1157.27 GFLOPS/s)
MUL_MAT_VEC f32 m=256 n=4 k=256: 1 x 2.96 us = 2.96 us (176.778 GFLOPS/s)
MUL_MAT_VEC q6_K m=1024 n=1 k=5120: 2 x 9.1 us = 18.2 us (1152.17 GFLOPS/s)
MUL_MAT_VEC q6_K m=12288 n=1 k=5120: 1 x 85.36 us = 85.36 us (1473.96 GFLOPS/s)
MUL_MAT_VEC q6_K m=17408 n=1 k=5120: 2 x 121.04 us = 242.08 us (1472.58 GFLOPS/s)
MUL_MAT_VEC q6_K m=98304 n=1 k=5120: 1 x 669.21 us = 669.21 us (1504.06 GFLOPS/s)
MUL_MAT_VEC q8_0 m=5120 n=1 k=10240: 1 x 100.76 us = 100.76 us (1040.62 GFLOPS/s)
PAD: 1 x 4.84 us = 4.84 us
RMS_NORM_MUL RMS_NORM(256,24,1,1): 1 x 3.56 us = 3.56 us
RMS_NORM_MUL RMS_NORM(256,4,1,1): 1 x 3.56 us = 3.56 us
RMS_NORM_MUL RMS_NORM(5120,1,1,1): 5 x 3.664 us = 18.32 us
ROPE: 2 x 3.56 us = 7.12 us
SET_ROWS: 2 x 2.6 us = 5.2 us
SIGMOID_MUL SIGMOID: 1 x 1.64 us = 1.64 us
TOP_K K=10 (98304,1,1,1): 1 x 8.84 us = 8.84 us
Total time: 1391.05 us.
----------------
Vulkan Timings:
ADD: 48 x 3.655 us = 175.44 us
CONCAT: 48 x 2.385 us = 114.52 us
CONT: 16 x 3.727 us = 59.64 us
CPY: 240 x 2.185 us = 524.48 us
FLASH_ATTN_EXT dst(256,24,5,1),  q(256,5,24,1),  k(256,256,4,1),  v(256,256,4,1),  m(256,5,1,1): 16 x 20.565 us = 329.04 us (1529.65 GFLOPS/s)
GDN_CACHE GATED_DELTA_NET: 48 x 13.294 us = 638.12 us
GET_ROWS: 50 x 24.622 us = 1231.12 us
GLU: 64 x 2.906 us = 186 us
MUL_MAT f32 m=256 n=120 k=256: 16 x 1.79 us = 28.64 us (8769.79 GFLOPS/s)
MUL_MAT f32 m=256 n=20 k=256: 16 x 3.017 us = 48.28 us (867.049 GFLOPS/s)
MUL_MAT f32 m=64 n=480 k=64: 16 x 3.54 us = 56.64 us (1102.1 GFLOPS/s)
MUL_MAT f32 m=64 n=80 k=64: 16 x 3.2 us = 51.2 us (203.2 GFLOPS/s)
MUL_MAT_ADD MUL_MAT_VEC q6_K m=5120 n=5 k=17408: 64 x 137.845 us = 8822.08 us (6465.7 GFLOPS/s)
MUL_MAT_ADD MUL_MAT_VEC q6_K m=5120 n=5 k=6144: 16 x 59.202 us = 947.24 us (5313.07 GFLOPS/s)
MUL_MAT_VEC f32 m=48 n=5 k=5120: 96 x 3.316 us = 318.4 us (740.913 GFLOPS/s)
MUL_MAT_VEC q6_K m=1024 n=5 k=5120: 32 x 6.988 us = 223.64 us (7501.15 GFLOPS/s)
MUL_MAT_VEC q6_K m=10240 n=5 k=5120: 48 x 79.585 us = 3820.12 us (6587.06 GFLOPS/s)
MUL_MAT_VEC q6_K m=12288 n=5 k=5120: 16 x 98.495 us = 1575.92 us (6386.97 GFLOPS/s)
MUL_MAT_VEC q6_K m=17408 n=5 k=5120: 128 x 138.14 us = 17682 us (6451.42 GFLOPS/s)
MUL_MAT_VEC q6_K m=248320 n=5 k=5120: 1 x 1685.44 us = 1685.44 us (7542.68 GFLOPS/s)
MUL_MAT_VEC q6_K m=6144 n=5 k=5120: 48 x 53.23 us = 2555.08 us (5909.02 GFLOPS/s)
MUL_MAT_VEC q8_0 m=5120 n=5 k=6144: 48 x 62.921 us = 3020.24 us (4999.03 GFLOPS/s)
RMS_NORM_MUL RMS_NORM(256,24,5,1): 16 x 3.63 us = 58.08 us
RMS_NORM_MUL RMS_NORM(256,4,5,1): 16 x 4.3 us = 68.8 us
RMS_NORM_MUL RMS_NORM(5120,5,1,1): 129 x 4.498 us = 580.36 us
RMS_NORM_MUL_SILU_MUL RMS_NORM(128,48,5,1): 48 x 5.495 us = 263.76 us
RMS_NORM_SCALE RMS_NORM(128,16,5,1): 96 x 2.619 us = 251.48 us
ROPE: 32 x 3.751 us = 120.04 us
SET_ROWS: 32 x 2.833 us = 90.68 us
SIGMOID_MUL SIGMOID: 16 x 3.577 us = 57.24 us
SSM_CONV_SILU SSM_CONV: 48 x 5.545 us = 266.16 us
Total time: 45849.9 us.
----------------
Vulkan Timings:
CONCAT: 1 x 3.92 us = 3.92 us
CONT: 1 x 3.6 us = 3.6 us
FLASH_ATTN_EXT dst(256,24,5,1),  q(256,5,24,1),  k(256,256,4,1),  v(256,256,4,1),  m(256,5,1,1): 1 x 20.48 us = 20.48 us (1536 GFLOPS/s)
GLU: 1 x 1.48 us = 1.48 us
MUL_MAT f32 m=256 n=120 k=256: 1 x 1.64 us = 1.64 us (9571.9 GFLOPS/s)
MUL_MAT f32 m=256 n=20 k=256: 1 x 2.96 us = 2.96 us (883.892 GFLOPS/s)
MUL_MAT f32 m=64 n=480 k=64: 1 x 3.6 us = 3.6 us (1083.73 GFLOPS/s)
MUL_MAT f32 m=64 n=80 k=64: 1 x 3.56 us = 3.56 us (182.652 GFLOPS/s)
MUL_MAT_ADD MUL_MAT_VEC q6_K m=5120 n=5 k=17408: 1 x 163.33 us = 163.33 us (5456.83 GFLOPS/s)
MUL_MAT_ADD MUL_MAT_VEC q6_K m=5120 n=5 k=6144: 1 x 67.08 us = 67.08 us (4689.14 GFLOPS/s)
MUL_MAT_VEC q6_K m=1024 n=5 k=5120: 2 x 10.46 us = 20.92 us (5011.82 GFLOPS/s)
MUL_MAT_VEC q6_K m=12288 n=5 k=5120: 1 x 124.44 us = 124.44 us (5055.32 GFLOPS/s)
MUL_MAT_VEC q6_K m=17408 n=5 k=5120: 2 x 130.98 us = 261.96 us (6804.11 GFLOPS/s)
MUL_MAT_VEC q8_0 m=5120 n=5 k=10240: 1 x 104.72 us = 104.72 us (5006.33 GFLOPS/s)
RMS_NORM_MUL RMS_NORM(256,24,5,1): 1 x 3.68 us = 3.68 us
RMS_NORM_MUL RMS_NORM(256,4,5,1): 1 x 3.52 us = 3.52 us
RMS_NORM_MUL RMS_NORM(5120,5,1,1): 5 x 7.644 us = 38.22 us
ROPE: 2 x 3.52 us = 7.04 us
SET_ROWS: 2 x 2.6 us = 5.2 us
SIGMOID_MUL SIGMOID: 1 x 1.68 us = 1.68 us
Total time: 843.03 us.
----------------
Vulkan Timings:
CONCAT: 1 x 3.56 us = 3.56 us
CONT: 1 x 3.48 us = 3.48 us
FLASH_ATTN_EXT dst(256,24,1,1),  q(256,1,24,1),  k(256,256,4,1),  v(256,256,4,1),  m(256,1,1,1): 1 x 12.32 us = 12.32 us (510.67 GFLOPS/s)
GET_ROWS: 2 x 4.24 us = 8.48 us
GLU: 1 x 1.56 us = 1.56 us
MUL_MAT f32 m=256 n=24 k=256: 1 x 1.52 us = 1.52 us (2065.52 GFLOPS/s)
MUL_MAT f32 m=64 n=16 k=64: 1 x 1.8 us = 1.8 us (72.2489 GFLOPS/s)
MUL_MAT f32 m=64 n=96 k=64: 1 x 3.16 us = 3.16 us (246.927 GFLOPS/s)
MUL_MAT_ADD MUL_MAT_VEC q6_K m=5120 n=1 k=17408: 1 x 131.12 us = 131.12 us (1359.46 GFLOPS/s)
MUL_MAT_ADD MUL_MAT_VEC q6_K m=5120 n=1 k=6144: 1 x 53.36 us = 53.36 us (1178.96 GFLOPS/s)
MUL_MAT_VEC f32 m=256 n=4 k=256: 1 x 2.96 us = 2.96 us (176.778 GFLOPS/s)
MUL_MAT_VEC q6_K m=1024 n=1 k=5120: 2 x 8.28 us = 16.56 us (1266.27 GFLOPS/s)
MUL_MAT_VEC q6_K m=12288 n=1 k=5120: 1 x 90.12 us = 90.12 us (1396.1 GFLOPS/s)
MUL_MAT_VEC q6_K m=17408 n=1 k=5120: 2 x 117.82 us = 235.64 us (1512.82 GFLOPS/s)
MUL_MAT_VEC q6_K m=98304 n=1 k=5120: 1 x 671.34 us = 671.34 us (1499.29 GFLOPS/s)
MUL_MAT_VEC q8_0 m=5120 n=1 k=10240: 1 x 92.2 us = 92.2 us (1137.23 GFLOPS/s)
PAD: 1 x 6.28 us = 6.28 us
RMS_NORM_MUL RMS_NORM(256,24,1,1): 1 x 5.72 us = 5.72 us
RMS_NORM_MUL RMS_NORM(256,4,1,1): 1 x 4.76 us = 4.76 us
RMS_NORM_MUL RMS_NORM(5120,1,1,1): 5 x 4.272 us = 21.36 us
ROPE: 2 x 3.24 us = 6.48 us
SET_ROWS: 2 x 2.52 us = 5.04 us
SIGMOID_MUL SIGMOID: 1 x 1.56 us = 1.56 us
TOP_K K=10 (98304,1,1,1): 1 x 8.52 us = 8.52 us
Total time: 1388.9 us.
----------------
Vulkan Timings:
CONCAT: 1 x 3.72 us = 3.72 us
CONT: 1 x 3.6 us = 3.6 us
FLASH_ATTN_EXT dst(256,24,1,1),  q(256,1,24,1),  k(256,256,4,1),  v(256,256,4,1),  m(256,1,1,1): 1 x 12.52 us = 12.52 us (502.512 GFLOPS/s)
GET_ROWS: 2 x 4.14 us = 8.28 us
GLU: 1 x 1.88 us = 1.88 us
MUL_MAT f32 m=256 n=24 k=256: 1 x 1.64 us = 1.64 us (1914.38 GFLOPS/s)
MUL_MAT f32 m=64 n=16 k=64: 1 x 3.56 us = 3.56 us (36.5303 GFLOPS/s)
MUL_MAT f32 m=64 n=96 k=64: 1 x 3.56 us = 3.56 us (219.182 GFLOPS/s)
MUL_MAT_ADD MUL_MAT_VEC q6_K m=5120 n=1 k=17408: 1 x 122.68 us = 122.68 us (1452.99 GFLOPS/s)
MUL_MAT_ADD MUL_MAT_VEC q6_K m=5120 n=1 k=6144: 1 x 53.84 us = 53.84 us (1168.45 GFLOPS/s)
MUL_MAT_VEC f32 m=256 n=4 k=256: 1 x 3 us = 3 us (174.421 GFLOPS/s)
MUL_MAT_VEC q6_K m=1024 n=1 k=5120: 2 x 9.22 us = 18.44 us (1137.17 GFLOPS/s)
MUL_MAT_VEC q6_K m=12288 n=1 k=5120: 1 x 85.48 us = 85.48 us (1471.89 GFLOPS/s)
MUL_MAT_VEC q6_K m=17408 n=1 k=5120: 2 x 121.28 us = 242.56 us (1469.66 GFLOPS/s)
MUL_MAT_VEC q6_K m=98304 n=1 k=5120: 1 x 672.24 us = 672.24 us (1497.28 GFLOPS/s)
MUL_MAT_VEC q8_0 m=5120 n=1 k=10240: 1 x 101.48 us = 101.48 us (1033.23 GFLOPS/s)
PAD: 1 x 6.28 us = 6.28 us
RMS_NORM_MUL RMS_NORM(256,24,1,1): 1 x 3.52 us = 3.52 us
RMS_NORM_MUL RMS_NORM(256,4,1,1): 1 x 3.6 us = 3.6 us
RMS_NORM_MUL RMS_NORM(5120,1,1,1): 5 x 3.656 us = 18.28 us
ROPE: 2 x 3.52 us = 7.04 us
SET_ROWS: 2 x 2.66 us = 5.32 us
SIGMOID_MUL SIGMOID: 1 x 1.64 us = 1.64 us
TOP_K K=10 (98304,1,1,1): 1 x 8.84 us = 8.84 us
Total time: 1393 us.
----------------
Vulkan Timings:
CONCAT: 1 x 3.72 us = 3.72 us
CONT: 1 x 3.56 us = 3.56 us
FLASH_ATTN_EXT dst(256,24,1,1),  q(256,1,24,1),  k(256,256,4,1),  v(256,256,4,1),  m(256,1,1,1): 1 x 12.64 us = 12.64 us (497.742 GFLOPS/s)
GET_ROWS: 2 x 5.14 us = 10.28 us
GLU: 1 x 1.84 us = 1.84 us
MUL_MAT f32 m=256 n=24 k=256: 1 x 1.6 us = 1.6 us (1962.24 GFLOPS/s)
MUL_MAT f32 m=64 n=16 k=64: 1 x 3.56 us = 3.56 us (36.5303 GFLOPS/s)
MUL_MAT f32 m=64 n=96 k=64: 1 x 3.52 us = 3.52 us (221.673 GFLOPS/s)
MUL_MAT_ADD MUL_MAT_VEC q6_K m=5120 n=1 k=17408: 1 x 123.6 us = 123.6 us (1442.17 GFLOPS/s)
MUL_MAT_ADD MUL_MAT_VEC q6_K m=5120 n=1 k=6144: 1 x 54.4 us = 54.4 us (1156.42 GFLOPS/s)
MUL_MAT_VEC f32 m=256 n=4 k=256: 1 x 2.96 us = 2.96 us (176.778 GFLOPS/s)
MUL_MAT_VEC q6_K m=1024 n=1 k=5120: 2 x 9.02 us = 18.04 us (1162.39 GFLOPS/s)
MUL_MAT_VEC q6_K m=12288 n=1 k=5120: 1 x 85.56 us = 85.56 us (1470.51 GFLOPS/s)
MUL_MAT_VEC q6_K m=17408 n=1 k=5120: 2 x 121.04 us = 242.08 us (1472.58 GFLOPS/s)
MUL_MAT_VEC q6_K m=98304 n=1 k=5120: 1 x 668.76 us = 668.76 us (1505.08 GFLOPS/s)
MUL_MAT_VEC q8_0 m=5120 n=1 k=10240: 1 x 101.16 us = 101.16 us (1036.5 GFLOPS/s)
PAD: 1 x 6.72 us = 6.72 us
RMS_NORM_MUL RMS_NORM(256,24,1,1): 1 x 3.52 us = 3.52 us
RMS_NORM_MUL RMS_NORM(256,4,1,1): 1 x 3.6 us = 3.6 us
RMS_NORM_MUL RMS_NORM(5120,1,1,1): 5 x 3.624 us = 18.12 us
ROPE: 2 x 3.52 us = 7.04 us
SET_ROWS: 2 x 2.6 us = 5.2 us
SIGMOID_MUL SIGMOID: 1 x 1.68 us = 1.68 us
TOP_K K=10 (98304,1,1,1): 1 x 8.44 us = 8.44 us
Total time: 1391.6 us.
----------------
Vulkan Timings:
CONCAT: 1 x 3.68 us = 3.68 us
CONT: 1 x 3.52 us = 3.52 us
FLASH_ATTN_EXT dst(256,24,1,1),  q(256,1,24,1),  k(256,256,4,1),  v(256,256,4,1),  m(256,1,1,1): 1 x 12.68 us = 12.68 us (496.172 GFLOPS/s)
GET_ROWS: 2 x 4.22 us = 8.44 us
GLU: 1 x 1.68 us = 1.68 us
MUL_MAT f32 m=256 n=24 k=256: 1 x 1.6 us = 1.6 us (1962.24 GFLOPS/s)
MUL_MAT f32 m=64 n=16 k=64: 1 x 3.52 us = 3.52 us (36.9455 GFLOPS/s)
MUL_MAT f32 m=64 n=96 k=64: 1 x 3.56 us = 3.56 us (219.182 GFLOPS/s)
MUL_MAT_ADD MUL_MAT_VEC q6_K m=5120 n=1 k=17408: 1 x 122.8 us = 122.8 us (1451.57 GFLOPS/s)
MUL_MAT_ADD MUL_MAT_VEC q6_K m=5120 n=1 k=6144: 1 x 53.48 us = 53.48 us (1176.32 GFLOPS/s)
MUL_MAT_VEC f32 m=256 n=4 k=256: 1 x 3 us = 3 us (174.421 GFLOPS/s)
MUL_MAT_VEC q6_K m=1024 n=1 k=5120: 2 x 9.28 us = 18.56 us (1129.82 GFLOPS/s)
MUL_MAT_VEC q6_K m=12288 n=1 k=5120: 1 x 86.2 us = 86.2 us (1459.59 GFLOPS/s)
MUL_MAT_VEC q6_K m=17408 n=1 k=5120: 2 x 121.08 us = 242.16 us (1472.09 GFLOPS/s)
MUL_MAT_VEC q6_K m=98304 n=1 k=5120: 1 x 669.12 us = 669.12 us (1504.27 GFLOPS/s)
MUL_MAT_VEC q8_0 m=5120 n=1 k=10240: 1 x 100.76 us = 100.76 us (1040.62 GFLOPS/s)
PAD: 1 x 6.2 us = 6.2 us
RMS_NORM_MUL RMS_NORM(256,24,1,1): 1 x 3.52 us = 3.52 us
RMS_NORM_MUL RMS_NORM(256,4,1,1): 1 x 3.52 us = 3.52 us
RMS_NORM_MUL RMS_NORM(5120,1,1,1): 5 x 3.664 us = 18.32 us
ROPE: 2 x 3.52 us = 7.04 us
SET_ROWS: 2 x 2.6 us = 5.2 us
SIGMOID_MUL SIGMOID: 1 x 1.68 us = 1.68 us
TOP_K K=10 (98304,1,1,1): 1 x 8.8 us = 8.8 us
Total time: 1389.04 us.
----------------
Vulkan Timings:
ADD: 48 x 3.669 us = 176.12 us
CONCAT: 48 x 2.522 us = 121.08 us
CONT: 16 x 3.732 us = 59.72 us
CPY: 240 x 2.141 us = 513.84 us
FLASH_ATTN_EXT dst(256,24,5,1),  q(256,5,24,1),  k(256,256,4,1),  v(256,256,4,1),  m(256,5,1,1): 16 x 20.552 us = 328.84 us (1530.58 GFLOPS/s)
GDN_CACHE GATED_DELTA_NET: 48 x 13.406 us = 643.52 us
GET_ROWS: 50 x 24.404 us = 1220.24 us
GLU: 64 x 2.95 us = 188.8 us
MUL_MAT f32 m=256 n=120 k=256: 16 x 1.842 us = 29.48 us (8519.9 GFLOPS/s)
MUL_MAT f32 m=256 n=20 k=256: 16 x 2.742 us = 43.88 us (953.991 GFLOPS/s)
MUL_MAT f32 m=64 n=480 k=64: 16 x 3.545 us = 56.72 us (1100.55 GFLOPS/s)
MUL_MAT f32 m=64 n=80 k=64: 16 x 3.2 us = 51.2 us (203.2 GFLOPS/s)
MUL_MAT_ADD MUL_MAT_VEC q6_K m=5120 n=5 k=17408: 64 x 137.43 us = 8795.56 us (6485.19 GFLOPS/s)
MUL_MAT_ADD MUL_MAT_VEC q6_K m=5120 n=5 k=6144: 16 x 60.007 us = 960.12 us (5241.8 GFLOPS/s)
MUL_MAT_VEC f32 m=48 n=5 k=5120: 96 x 3.397 us = 326.2 us (723.196 GFLOPS/s)
MUL_MAT_VEC q6_K m=1024 n=5 k=5120: 32 x 7.015 us = 224.48 us (7473.08 GFLOPS/s)
MUL_MAT_VEC q6_K m=10240 n=5 k=5120: 48 x 79.572 us = 3819.48 us (6588.17 GFLOPS/s)
MUL_MAT_VEC q6_K m=12288 n=5 k=5120: 16 x 98.437 us = 1575 us (6390.7 GFLOPS/s)
MUL_MAT_VEC q6_K m=17408 n=5 k=5120: 128 x 138.573 us = 17737.4 us (6431.27 GFLOPS/s)
MUL_MAT_VEC q6_K m=248320 n=5 k=5120: 1 x 1684.72 us = 1684.72 us (7545.91 GFLOPS/s)
MUL_MAT_VEC q6_K m=6144 n=5 k=5120: 48 x 53.049 us = 2546.36 us (5929.26 GFLOPS/s)
MUL_MAT_VEC q8_0 m=5120 n=5 k=6144: 48 x 63.043 us = 3026.08 us (4989.38 GFLOPS/s)
RMS_NORM_MUL RMS_NORM(256,24,5,1): 16 x 3.632 us = 58.12 us
RMS_NORM_MUL RMS_NORM(256,4,5,1): 16 x 4.305 us = 68.88 us
RMS_NORM_MUL RMS_NORM(5120,5,1,1): 129 x 4.54 us = 585.68 us
RMS_NORM_MUL_SILU_MUL RMS_NORM(128,48,5,1): 48 x 5.51 us = 264.48 us
RMS_NORM_SCALE RMS_NORM(128,16,5,1): 96 x 2.605 us = 250.16 us
ROPE: 32 x 3.758 us = 120.28 us
SET_ROWS: 32 x 2.975 us = 95.2 us
SIGMOID_MUL SIGMOID: 16 x 3.58 us = 57.28 us
SSM_CONV_SILU SSM_CONV: 48 x 5.558 us = 266.8 us
Total time: 45895.7 us.
----------------
Vulkan Timings:
CONCAT: 1 x 3.92 us = 3.92 us
CONT: 1 x 3.56 us = 3.56 us
FLASH_ATTN_EXT dst(256,24,5,1),  q(256,5,24,1),  k(256,256,4,1),  v(256,256,4,1),  m(256,5,1,1): 1 x 20.44 us = 20.44 us (1539.01 GFLOPS/s)
GLU: 1 x 1.72 us = 1.72 us
MUL_MAT f32 m=256 n=120 k=256: 1 x 1.68 us = 1.68 us (9344 GFLOPS/s)
MUL_MAT f32 m=256 n=20 k=256: 1 x 2.96 us = 2.96 us (883.892 GFLOPS/s)
MUL_MAT f32 m=64 n=480 k=64: 1 x 3.56 us = 3.56 us (1095.91 GFLOPS/s)
MUL_MAT f32 m=64 n=80 k=64: 1 x 3.56 us = 3.56 us (182.652 GFLOPS/s)
MUL_MAT_ADD MUL_MAT_VEC q6_K m=5120 n=5 k=17408: 1 x 169.58 us = 169.58 us (5255.71 GFLOPS/s)
MUL_MAT_ADD MUL_MAT_VEC q6_K m=5120 n=5 k=6144: 1 x 66.48 us = 66.48 us (4731.46 GFLOPS/s)
MUL_MAT_VEC q6_K m=1024 n=5 k=5120: 2 x 9.14 us = 18.28 us (5735.63 GFLOPS/s)
MUL_MAT_VEC q6_K m=12288 n=5 k=5120: 1 x 122.96 us = 122.96 us (5116.17 GFLOPS/s)
MUL_MAT_VEC q6_K m=17408 n=5 k=5120: 2 x 130.96 us = 261.92 us (6805.15 GFLOPS/s)
MUL_MAT_VEC q8_0 m=5120 n=5 k=10240: 1 x 104.92 us = 104.92 us (4996.78 GFLOPS/s)
RMS_NORM_MUL RMS_NORM(256,24,5,1): 1 x 3.64 us = 3.64 us
RMS_NORM_MUL RMS_NORM(256,4,5,1): 1 x 3.6 us = 3.6 us
RMS_NORM_MUL RMS_NORM(5120,5,1,1): 5 x 7.55 us = 37.75 us
ROPE: 2 x 3.6 us = 7.2 us
SET_ROWS: 2 x 2.62 us = 5.24 us
SIGMOID_MUL SIGMOID: 1 x 1.68 us = 1.68 us
Total time: 844.65 us.
----------------
Vulkan Timings:
CONCAT: 1 x 3.64 us = 3.64 us
CONT: 1 x 3.44 us = 3.44 us
FLASH_ATTN_EXT dst(256,24,1,1),  q(256,1,24,1),  k(256,256,4,1),  v(256,256,4,1),  m(256,1,1,1): 1 x 12.36 us = 12.36 us (509.017 GFLOPS/s)
GET_ROWS: 2 x 4.36 us = 8.72 us
GLU: 1 x 1.6 us = 1.6 us
MUL_MAT f32 m=256 n=24 k=256: 1 x 1.52 us = 1.52 us (2065.52 GFLOPS/s)
MUL_MAT f32 m=64 n=16 k=64: 1 x 1.76 us = 1.76 us (73.8909 GFLOPS/s)
MUL_MAT f32 m=64 n=96 k=64: 1 x 3.12 us = 3.12 us (250.092 GFLOPS/s)
MUL_MAT_ADD MUL_MAT_VEC q6_K m=5120 n=1 k=17408: 1 x 130.72 us = 130.72 us (1363.62 GFLOPS/s)
MUL_MAT_ADD MUL_MAT_VEC q6_K m=5120 n=1 k=6144: 1 x 53.12 us = 53.12 us (1184.29 GFLOPS/s)
MUL_MAT_VEC f32 m=256 n=4 k=256: 1 x 2.96 us = 2.96 us (176.778 GFLOPS/s)
MUL_MAT_VEC q6_K m=1024 n=1 k=5120: 2 x 9.44 us = 18.88 us (1110.67 GFLOPS/s)
MUL_MAT_VEC q6_K m=12288 n=1 k=5120: 1 x 89.8 us = 89.8 us (1401.08 GFLOPS/s)
MUL_MAT_VEC q6_K m=17408 n=1 k=5120: 2 x 117.66 us = 235.32 us (1514.88 GFLOPS/s)
MUL_MAT_VEC q6_K m=98304 n=1 k=5120: 1 x 671.49 us = 671.49 us (1498.96 GFLOPS/s)
MUL_MAT_VEC q8_0 m=5120 n=1 k=10240: 1 x 92.76 us = 92.76 us (1130.36 GFLOPS/s)
PAD: 1 x 6.24 us = 6.24 us
RMS_NORM_MUL RMS_NORM(256,24,1,1): 1 x 3.12 us = 3.12 us
RMS_NORM_MUL RMS_NORM(256,4,1,1): 1 x 4.72 us = 4.72 us
RMS_NORM_MUL RMS_NORM(5120,1,1,1): 5 x 4.024 us = 20.12 us
ROPE: 2 x 3.26 us = 6.52 us
SET_ROWS: 2 x 2.56 us = 5.12 us
SIGMOID_MUL SIGMOID: 1 x 1.52 us = 1.52 us
TOP_K K=10 (98304,1,1,1): 1 x 8.68 us = 8.68 us
Total time: 1387.25 us.
----------------
Vulkan Timings:
CONCAT: 1 x 1.6 us = 1.6 us
CONT: 1 x 3.56 us = 3.56 us
FLASH_ATTN_EXT dst(256,24,1,1),  q(256,1,24,1),  k(256,256,4,1),  v(256,256,4,1),  m(256,1,1,1): 1 x 12.56 us = 12.56 us (500.912 GFLOPS/s)
GET_ROWS: 2 x 4.22 us = 8.44 us
GLU: 1 x 1.68 us = 1.68 us
MUL_MAT f32 m=256 n=24 k=256: 1 x 1.6 us = 1.6 us (1962.24 GFLOPS/s)
MUL_MAT f32 m=64 n=16 k=64: 1 x 3.56 us = 3.56 us (36.5303 GFLOPS/s)
MUL_MAT f32 m=64 n=96 k=64: 1 x 3.56 us = 3.56 us (219.182 GFLOPS/s)
MUL_MAT_ADD MUL_MAT_VEC q6_K m=5120 n=1 k=17408: 1 x 124 us = 124 us (1437.52 GFLOPS/s)
MUL_MAT_ADD MUL_MAT_VEC q6_K m=5120 n=1 k=6144: 1 x 53.68 us = 53.68 us (1171.93 GFLOPS/s)
MUL_MAT_VEC f32 m=256 n=4 k=256: 1 x 2.96 us = 2.96 us (176.778 GFLOPS/s)
MUL_MAT_VEC q6_K m=1024 n=1 k=5120: 2 x 9.14 us = 18.28 us (1147.13 GFLOPS/s)
MUL_MAT_VEC q6_K m=12288 n=1 k=5120: 1 x 85.4 us = 85.4 us (1473.27 GFLOPS/s)
MUL_MAT_VEC q6_K m=17408 n=1 k=5120: 2 x 121.22 us = 242.44 us (1470.39 GFLOPS/s)
MUL_MAT_VEC q6_K m=98304 n=1 k=5120: 1 x 670.2 us = 670.2 us (1501.84 GFLOPS/s)
MUL_MAT_VEC q8_0 m=5120 n=1 k=10240: 1 x 101.36 us = 101.36 us (1034.46 GFLOPS/s)
PAD: 1 x 6.28 us = 6.28 us
RMS_NORM_MUL RMS_NORM(256,24,1,1): 1 x 3.56 us = 3.56 us
RMS_NORM_MUL RMS_NORM(256,4,1,1): 1 x 3.6 us = 3.6 us
RMS_NORM_MUL RMS_NORM(5120,1,1,1): 5 x 4.136 us = 20.68 us
ROPE: 2 x 3.56 us = 7.12 us
SET_ROWS: 2 x 2.62 us = 5.24 us
SIGMOID_MUL SIGMOID: 1 x 1.64 us = 1.64 us
TOP_K K=10 (98304,1,1,1): 1 x 8.6 us = 8.6 us
Total time: 1391.6 us.
----------------
Vulkan Timings:
CONCAT: 1 x 3.72 us = 3.72 us
CONT: 1 x 3.56 us = 3.56 us
FLASH_ATTN_EXT dst(256,24,1,1),  q(256,1,24,1),  k(256,256,4,1),  v(256,256,4,1),  m(256,1,1,1): 1 x 12.88 us = 12.88 us (488.467 GFLOPS/s)
GET_ROWS: 2 x 4.18 us = 8.36 us
GLU: 1 x 1.72 us = 1.72 us
MUL_MAT f32 m=256 n=24 k=256: 1 x 1.64 us = 1.64 us (1914.38 GFLOPS/s)
MUL_MAT f32 m=64 n=16 k=64: 1 x 3.52 us = 3.52 us (36.9455 GFLOPS/s)
MUL_MAT f32 m=64 n=96 k=64: 1 x 3.56 us = 3.56 us (219.182 GFLOPS/s)
MUL_MAT_ADD MUL_MAT_VEC q6_K m=5120 n=1 k=17408: 1 x 122.8 us = 122.8 us (1451.57 GFLOPS/s)
MUL_MAT_ADD MUL_MAT_VEC q6_K m=5120 n=1 k=6144: 1 x 53.72 us = 53.72 us (1171.06 GFLOPS/s)
MUL_MAT_VEC f32 m=256 n=4 k=256: 1 x 2.96 us = 2.96 us (176.778 GFLOPS/s)
MUL_MAT_VEC q6_K m=1024 n=1 k=5120: 2 x 9.02 us = 18.04 us (1162.39 GFLOPS/s)
MUL_MAT_VEC q6_K m=12288 n=1 k=5120: 1 x 85.56 us = 85.56 us (1470.51 GFLOPS/s)
MUL_MAT_VEC q6_K m=17408 n=1 k=5120: 2 x 121.02 us = 242.04 us (1472.82 GFLOPS/s)
MUL_MAT_VEC q6_K m=98304 n=1 k=5120: 1 x 700.57 us = 700.57 us (1436.74 GFLOPS/s)
MUL_MAT_VEC q8_0 m=5120 n=1 k=10240: 1 x 100.64 us = 100.64 us (1041.86 GFLOPS/s)
PAD: 1 x 6.24 us = 6.24 us
RMS_NORM_MUL RMS_NORM(256,24,1,1): 1 x 3.52 us = 3.52 us
RMS_NORM_MUL RMS_NORM(256,4,1,1): 1 x 3.48 us = 3.48 us
RMS_NORM_MUL RMS_NORM(5120,1,1,1): 5 x 3.672 us = 18.36 us
ROPE: 2 x 3.52 us = 7.04 us
SET_ROWS: 2 x 2.62 us = 5.24 us
SIGMOID_MUL SIGMOID: 1 x 1.68 us = 1.68 us
TOP_K K=10 (98304,1,1,1): 1 x 8.72 us = 8.72 us
Total time: 1419.57 us.
----------------
Vulkan Timings:
CONCAT: 1 x 3.72 us = 3.72 us
CONT: 1 x 3.48 us = 3.48 us
FLASH_ATTN_EXT dst(256,24,1,1),  q(256,1,24,1),  k(256,256,4,1),  v(256,256,4,1),  m(256,1,1,1): 1 x 12.72 us = 12.72 us (494.611 GFLOPS/s)
GET_ROWS: 2 x 4.22 us = 8.44 us
GLU: 1 x 1.8 us = 1.8 us
MUL_MAT f32 m=256 n=24 k=256: 1 x 1.64 us = 1.64 us (1914.38 GFLOPS/s)
MUL_MAT f32 m=64 n=16 k=64: 1 x 3.56 us = 3.56 us (36.5303 GFLOPS/s)
MUL_MAT f32 m=64 n=96 k=64: 1 x 3.52 us = 3.52 us (221.673 GFLOPS/s)
MUL_MAT_ADD MUL_MAT_VEC q6_K m=5120 n=1 k=17408: 1 x 123.52 us = 123.52 us (1443.11 GFLOPS/s)
MUL_MAT_ADD MUL_MAT_VEC q6_K m=5120 n=1 k=6144: 1 x 53.88 us = 53.88 us (1167.58 GFLOPS/s)
MUL_MAT_VEC f32 m=256 n=4 k=256: 1 x 2.96 us = 2.96 us (176.778 GFLOPS/s)
MUL_MAT_VEC q6_K m=1024 n=1 k=5120: 2 x 9.4 us = 18.8 us (1115.4 GFLOPS/s)
MUL_MAT_VEC q6_K m=12288 n=1 k=5120: 1 x 87.12 us = 87.12 us (1444.18 GFLOPS/s)
MUL_MAT_VEC q6_K m=17408 n=1 k=5120: 2 x 121.18 us = 242.36 us (1470.87 GFLOPS/s)
MUL_MAT_VEC q6_K m=98304 n=1 k=5120: 1 x 670.64 us = 670.64 us (1500.86 GFLOPS/s)
MUL_MAT_VEC q8_0 m=5120 n=1 k=10240: 1 x 100.72 us = 100.72 us (1041.03 GFLOPS/s)
PAD: 1 x 6.24 us = 6.24 us
RMS_NORM_MUL RMS_NORM(256,24,1,1): 1 x 3.52 us = 3.52 us
RMS_NORM_MUL RMS_NORM(256,4,1,1): 1 x 3.52 us = 3.52 us
RMS_NORM_MUL RMS_NORM(5120,1,1,1): 5 x 3.624 us = 18.12 us
ROPE: 2 x 3.5 us = 7 us
SET_ROWS: 2 x 2.58 us = 5.16 us
SIGMOID_MUL SIGMOID: 1 x 1.6 us = 1.6 us
TOP_K K=10 (98304,1,1,1): 1 x 8.4 us = 8.4 us
Total time: 1392.44 us.
----------------
Vulkan Timings:
ADD: 48 x 3.66 us = 175.72 us
CONCAT: 48 x 2.388 us = 114.64 us
CONT: 16 x 3.72 us = 59.52 us
CPY: 240 x 2.172 us = 521.36 us
FLASH_ATTN_EXT dst(256,24,5,1),  q(256,5,24,1),  k(256,256,4,1),  v(256,256,4,1),  m(256,5,1,1): 16 x 20.722 us = 331.56 us (1518.03 GFLOPS/s)
GDN_CACHE GATED_DELTA_NET: 48 x 13.404 us = 643.4 us
GET_ROWS: 50 x 24.65 us = 1232.52 us
GLU: 64 x 2.894 us = 185.24 us
MUL_MAT f32 m=256 n=120 k=256: 16 x 1.775 us = 28.4 us (8843.9 GFLOPS/s)
MUL_MAT f32 m=256 n=20 k=256: 16 x 3.02 us = 48.32 us (866.331 GFLOPS/s)
MUL_MAT f32 m=64 n=480 k=64: 16 x 3.542 us = 56.68 us (1101.32 GFLOPS/s)
MUL_MAT f32 m=64 n=80 k=64: 16 x 3.285 us = 52.56 us (197.942 GFLOPS/s)
MUL_MAT_ADD MUL_MAT_VEC q6_K m=5120 n=5 k=17408: 64 x 137.465 us = 8797.76 us (6483.57 GFLOPS/s)
MUL_MAT_ADD MUL_MAT_VEC q6_K m=5120 n=5 k=6144: 16 x 59.01 us = 944.16 us (5330.41 GFLOPS/s)
MUL_MAT_VEC f32 m=48 n=5 k=5120: 96 x 3.412 us = 327.64 us (720.018 GFLOPS/s)
MUL_MAT_VEC q6_K m=1024 n=5 k=5120: 32 x 7 us = 224 us (7489.1 GFLOPS/s)
MUL_MAT_VEC q6_K m=10240 n=5 k=5120: 48 x 79.397 us = 3811.08 us (6602.69 GFLOPS/s)
MUL_MAT_VEC q6_K m=12288 n=5 k=5120: 16 x 98.47 us = 1575.52 us (6388.59 GFLOPS/s)
MUL_MAT_VEC q6_K m=17408 n=5 k=5120: 128 x 138.207 us = 17690.5 us (6448.31 GFLOPS/s)
MUL_MAT_VEC q6_K m=248320 n=5 k=5120: 1 x 1686 us = 1686 us (7540.18 GFLOPS/s)
MUL_MAT_VEC q6_K m=6144 n=5 k=5120: 48 x 53.161 us = 2551.76 us (5916.71 GFLOPS/s)
MUL_MAT_VEC q8_0 m=5120 n=5 k=6144: 48 x 62.842 us = 3016.44 us (5005.33 GFLOPS/s)
RMS_NORM_MUL RMS_NORM(256,24,5,1): 16 x 3.617 us = 57.88 us
RMS_NORM_MUL RMS_NORM(256,4,5,1): 16 x 4.205 us = 67.28 us
RMS_NORM_MUL RMS_NORM(5120,5,1,1): 129 x 4.521 us = 583.32 us
RMS_NORM_MUL_SILU_MUL RMS_NORM(128,48,5,1): 48 x 5.491 us = 263.6 us
RMS_NORM_SCALE RMS_NORM(128,16,5,1): 96 x 2.557 us = 245.48 us
ROPE: 32 x 3.743 us = 119.8 us
SET_ROWS: 32 x 2.765 us = 88.48 us
SIGMOID_MUL SIGMOID: 16 x 3.572 us = 57.16 us
SSM_CONV_SILU SSM_CONV: 48 x 5.563 us = 267.04 us
Total time: 45824.8 us.
----------------
Vulkan Timings:
CONCAT: 1 x 3.92 us = 3.92 us
CONT: 1 x 3.52 us = 3.52 us
FLASH_ATTN_EXT dst(256,24,5,1),  q(256,5,24,1),  k(256,256,4,1),  v(256,256,4,1),  m(256,5,1,1): 1 x 20.24 us = 20.24 us (1554.21 GFLOPS/s)
GLU: 1 x 1.68 us = 1.68 us
MUL_MAT f32 m=256 n=120 k=256: 1 x 1.68 us = 1.68 us (9344 GFLOPS/s)
MUL_MAT f32 m=256 n=20 k=256: 1 x 2.96 us = 2.96 us (883.892 GFLOPS/s)
MUL_MAT f32 m=64 n=480 k=64: 1 x 3.6 us = 3.6 us (1083.73 GFLOPS/s)
MUL_MAT f32 m=64 n=80 k=64: 1 x 3.56 us = 3.56 us (182.652 GFLOPS/s)
MUL_MAT_ADD MUL_MAT_VEC q6_K m=5120 n=5 k=17408: 1 x 168.3 us = 168.3 us (5295.69 GFLOPS/s)
MUL_MAT_ADD MUL_MAT_VEC q6_K m=5120 n=5 k=6144: 1 x 68.72 us = 68.72 us (4577.23 GFLOPS/s)
MUL_MAT_VEC q6_K m=1024 n=5 k=5120: 2 x 9.36 us = 18.72 us (5600.82 GFLOPS/s)
MUL_MAT_VEC q6_K m=12288 n=5 k=5120: 1 x 124.51 us = 124.51 us (5052.48 GFLOPS/s)
MUL_MAT_VEC q6_K m=17408 n=5 k=5120: 2 x 131.16 us = 262.32 us (6794.77 GFLOPS/s)
MUL_MAT_VEC q8_0 m=5120 n=5 k=10240: 1 x 105.28 us = 105.28 us (4979.7 GFLOPS/s)
RMS_NORM_MUL RMS_NORM(256,24,5,1): 1 x 3.72 us = 3.72 us
RMS_NORM_MUL RMS_NORM(256,4,5,1): 1 x 3.56 us = 3.56 us
RMS_NORM_MUL RMS_NORM(5120,5,1,1): 5 x 7.374 us = 36.87 us
ROPE: 2 x 3.56 us = 7.12 us
SET_ROWS: 2 x 2.6 us = 5.2 us
SIGMOID_MUL SIGMOID: 1 x 1.68 us = 1.68 us
Total time: 847.16 us.
----------------
Vulkan Timings:
CONCAT: 1 x 1.48 us = 1.48 us
CONT: 1 x 3.4 us = 3.4 us
FLASH_ATTN_EXT dst(256,24,1,1),  q(256,1,24,1),  k(256,256,4,1),  v(256,256,4,1),  m(256,1,1,1): 1 x 12.4 us = 12.4 us (507.375 GFLOPS/s)
GET_ROWS: 2 x 4.24 us = 8.48 us
GLU: 1 x 1.6 us = 1.6 us
MUL_MAT f32 m=256 n=24 k=256: 1 x 1.48 us = 1.48 us (2121.34 GFLOPS/s)
MUL_MAT f32 m=64 n=16 k=64: 1 x 1.8 us = 1.8 us (72.2489 GFLOPS/s)
MUL_MAT f32 m=64 n=96 k=64: 1 x 3.12 us = 3.12 us (250.092 GFLOPS/s)
MUL_MAT_ADD MUL_MAT_VEC q6_K m=5120 n=1 k=17408: 1 x 129.32 us = 129.32 us (1378.39 GFLOPS/s)
MUL_MAT_ADD MUL_MAT_VEC q6_K m=5120 n=1 k=6144: 1 x 53.72 us = 53.72 us (1171.06 GFLOPS/s)
MUL_MAT_VEC f32 m=256 n=4 k=256: 1 x 2.96 us = 2.96 us (176.778 GFLOPS/s)
MUL_MAT_VEC q6_K m=1024 n=1 k=5120: 2 x 9.18 us = 18.36 us (1142.13 GFLOPS/s)
MUL_MAT_VEC q6_K m=12288 n=1 k=5120: 1 x 89.68 us = 89.68 us (1402.95 GFLOPS/s)
MUL_MAT_VEC q6_K m=17408 n=1 k=5120: 2 x 118.28 us = 236.56 us (1506.94 GFLOPS/s)
MUL_MAT_VEC q6_K m=98304 n=1 k=5120: 1 x 670.02 us = 670.02 us (1502.25 GFLOPS/s)
MUL_MAT_VEC q8_0 m=5120 n=1 k=10240: 1 x 93.4 us = 93.4 us (1122.62 GFLOPS/s)
PAD: 1 x 6.24 us = 6.24 us
RMS_NORM_MUL RMS_NORM(256,24,1,1): 1 x 3.12 us = 3.12 us
RMS_NORM_MUL RMS_NORM(256,4,1,1): 1 x 4.76 us = 4.76 us
RMS_NORM_MUL RMS_NORM(5120,1,1,1): 5 x 4.272 us = 21.36 us
ROPE: 2 x 3.24 us = 6.48 us
SET_ROWS: 2 x 2.54 us = 5.08 us
SIGMOID_MUL SIGMOID: 1 x 1.52 us = 1.52 us
TOP_K K=10 (98304,1,1,1): 1 x 8.96 us = 8.96 us
Total time: 1385.3 us.
----------------
Vulkan Timings:
CONCAT: 1 x 3.68 us = 3.68 us
CONT: 1 x 3.56 us = 3.56 us
FLASH_ATTN_EXT dst(256,24,1,1),  q(256,1,24,1),  k(256,256,4,1),  v(256,256,4,1),  m(256,1,1,1): 1 x 12.68 us = 12.68 us (496.172 GFLOPS/s)
GET_ROWS: 2 x 4.34 us = 8.68 us
GLU: 1 x 1.76 us = 1.76 us
MUL_MAT f32 m=256 n=24 k=256: 1 x 1.6 us = 1.6 us (1962.24 GFLOPS/s)
MUL_MAT f32 m=64 n=16 k=64: 1 x 3.56 us = 3.56 us (36.5303 GFLOPS/s)
MUL_MAT f32 m=64 n=96 k=64: 1 x 3.56 us = 3.56 us (219.182 GFLOPS/s)
MUL_MAT_ADD MUL_MAT_VEC q6_K m=5120 n=1 k=17408: 1 x 123.12 us = 123.12 us (1447.8 GFLOPS/s)
MUL_MAT_ADD MUL_MAT_VEC q6_K m=5120 n=1 k=6144: 1 x 53.88 us = 53.88 us (1167.58 GFLOPS/s)
MUL_MAT_VEC f32 m=256 n=4 k=256: 1 x 2.96 us = 2.96 us (176.778 GFLOPS/s)
MUL_MAT_VEC q6_K m=1024 n=1 k=5120: 2 x 9.14 us = 18.28 us (1147.13 GFLOPS/s)
MUL_MAT_VEC q6_K m=12288 n=1 k=5120: 1 x 85.64 us = 85.64 us (1469.14 GFLOPS/s)
MUL_MAT_VEC q6_K m=17408 n=1 k=5120: 2 x 121.04 us = 242.08 us (1472.58 GFLOPS/s)
MUL_MAT_VEC q6_K m=98304 n=1 k=5120: 1 x 669.25 us = 669.25 us (1503.97 GFLOPS/s)
MUL_MAT_VEC q8_0 m=5120 n=1 k=10240: 1 x 101.04 us = 101.04 us (1037.73 GFLOPS/s)
PAD: 1 x 6.24 us = 6.24 us
RMS_NORM_MUL RMS_NORM(256,24,1,1): 1 x 3.52 us = 3.52 us
RMS_NORM_MUL RMS_NORM(256,4,1,1): 1 x 3.52 us = 3.52 us
RMS_NORM_MUL RMS_NORM(5120,1,1,1): 5 x 3.656 us = 18.28 us
ROPE: 2 x 3.52 us = 7.04 us
SET_ROWS: 2 x 2.64 us = 5.28 us
SIGMOID_MUL SIGMOID: 1 x 1.68 us = 1.68 us
TOP_K K=10 (98304,1,1,1): 1 x 8.72 us = 8.72 us
Total time: 1389.61 us.
----------------
Vulkan Timings:
CONCAT: 1 x 3.72 us = 3.72 us
CONT: 1 x 3.56 us = 3.56 us
FLASH_ATTN_EXT dst(256,24,1,1),  q(256,1,24,1),  k(256,256,4,1),  v(256,256,4,1),  m(256,1,1,1): 1 x 14.8 us = 14.8 us (425.098 GFLOPS/s)
GET_ROWS: 2 x 4.2 us = 8.4 us
GLU: 1 x 1.76 us = 1.76 us
MUL_MAT f32 m=256 n=24 k=256: 1 x 1.68 us = 1.68 us (1868.8 GFLOPS/s)
MUL_MAT f32 m=64 n=16 k=64: 1 x 3.56 us = 3.56 us (36.5303 GFLOPS/s)
MUL_MAT f32 m=64 n=96 k=64: 1 x 3.52 us = 3.52 us (221.673 GFLOPS/s)
MUL_MAT_ADD MUL_MAT_VEC q6_K m=5120 n=1 k=17408: 1 x 123.4 us = 123.4 us (1444.51 GFLOPS/s)
MUL_MAT_ADD MUL_MAT_VEC q6_K m=5120 n=1 k=6144: 1 x 53.88 us = 53.88 us (1167.58 GFLOPS/s)
MUL_MAT_VEC f32 m=256 n=4 k=256: 1 x 2.96 us = 2.96 us (176.778 GFLOPS/s)
MUL_MAT_VEC q6_K m=1024 n=1 k=5120: 2 x 9.1 us = 18.2 us (1152.17 GFLOPS/s)
MUL_MAT_VEC q6_K m=12288 n=1 k=5120: 1 x 85.88 us = 85.88 us (1465.03 GFLOPS/s)
MUL_MAT_VEC q6_K m=17408 n=1 k=5120: 2 x 121.06 us = 242.12 us (1472.33 GFLOPS/s)
MUL_MAT_VEC q6_K m=98304 n=1 k=5120: 1 x 670.76 us = 670.76 us (1500.59 GFLOPS/s)
MUL_MAT_VEC q8_0 m=5120 n=1 k=10240: 1 x 100.68 us = 100.68 us (1041.44 GFLOPS/s)
PAD: 1 x 6.2 us = 6.2 us
RMS_NORM_MUL RMS_NORM(256,24,1,1): 1 x 3.52 us = 3.52 us
RMS_NORM_MUL RMS_NORM(256,4,1,1): 1 x 3.56 us = 3.56 us
RMS_NORM_MUL RMS_NORM(5120,1,1,1): 5 x 3.68 us = 18.4 us
ROPE: 2 x 3.54 us = 7.08 us
SET_ROWS: 2 x 1.8 us = 3.6 us
SIGMOID_MUL SIGMOID: 1 x 1.64 us = 1.64 us
TOP_K K=10 (98304,1,1,1): 1 x 8.56 us = 8.56 us
Total time: 1391.44 us.
----------------
Vulkan Timings:
CONCAT: 1 x 3.68 us = 3.68 us
CONT: 1 x 3.56 us = 3.56 us
FLASH_ATTN_EXT dst(256,24,1,1),  q(256,1,24,1),  k(256,256,4,1),  v(256,256,4,1),  m(256,1,1,1): 1 x 12.56 us = 12.56 us (500.912 GFLOPS/s)
GET_ROWS: 2 x 4.18 us = 8.36 us
GLU: 1 x 2.12 us = 2.12 us
MUL_MAT f32 m=256 n=24 k=256: 1 x 1.68 us = 1.68 us (1868.8 GFLOPS/s)
MUL_MAT f32 m=64 n=16 k=64: 1 x 3.52 us = 3.52 us (36.9455 GFLOPS/s)
MUL_MAT f32 m=64 n=96 k=64: 1 x 3.52 us = 3.52 us (221.673 GFLOPS/s)
MUL_MAT_ADD MUL_MAT_VEC q6_K m=5120 n=1 k=17408: 1 x 122.32 us = 122.32 us (1457.27 GFLOPS/s)
MUL_MAT_ADD MUL_MAT_VEC q6_K m=5120 n=1 k=6144: 1 x 53.96 us = 53.96 us (1165.85 GFLOPS/s)
MUL_MAT_VEC f32 m=256 n=4 k=256: 1 x 2.96 us = 2.96 us (176.778 GFLOPS/s)
MUL_MAT_VEC q6_K m=1024 n=1 k=5120: 2 x 9.24 us = 18.48 us (1134.71 GFLOPS/s)
MUL_MAT_VEC q6_K m=12288 n=1 k=5120: 1 x 85.08 us = 85.08 us (1478.81 GFLOPS/s)
MUL_MAT_VEC q6_K m=17408 n=1 k=5120: 2 x 121.28 us = 242.56 us (1469.66 GFLOPS/s)
MUL_MAT_VEC q6_K m=98304 n=1 k=5120: 1 x 669.61 us = 669.61 us (1503.17 GFLOPS/s)
MUL_MAT_VEC q8_0 m=5120 n=1 k=10240: 1 x 101.4 us = 101.4 us (1034.05 GFLOPS/s)
PAD: 1 x 6.24 us = 6.24 us
RMS_NORM_MUL RMS_NORM(256,24,1,1): 1 x 3.52 us = 3.52 us
RMS_NORM_MUL RMS_NORM(256,4,1,1): 1 x 3.52 us = 3.52 us
RMS_NORM_MUL RMS_NORM(5120,1,1,1): 5 x 3.664 us = 18.32 us
ROPE: 2 x 3.5 us = 7 us
SET_ROWS: 2 x 2.58 us = 5.16 us
SIGMOID_MUL SIGMOID: 1 x 1.72 us = 1.72 us
TOP_K K=10 (98304,1,1,1): 1 x 8.68 us = 8.68 us
Total time: 1389.53 us.
----------------
Vulkan Timings:
ADD: 48 x 3.66 us = 175.72 us
CONCAT: 48 x 2.34 us = 112.32 us
CONT: 16 x 3.727 us = 59.64 us
CPY: 240 x 2.208 us = 530 us
FLASH_ATTN_EXT dst(256,24,5,1),  q(256,5,24,1),  k(256,256,4,1),  v(256,256,4,1),  m(256,5,1,1): 16 x 20.862 us = 333.8 us (1507.84 GFLOPS/s)
GDN_CACHE GATED_DELTA_NET: 48 x 13.363 us = 641.44 us
GET_ROWS: 50 x 24.563 us = 1228.16 us
GLU: 64 x 2.908 us = 186.12 us
MUL_MAT f32 m=256 n=120 k=256: 16 x 1.79 us = 28.64 us (8769.79 GFLOPS/s)
MUL_MAT f32 m=256 n=20 k=256: 16 x 2.895 us = 46.32 us (903.737 GFLOPS/s)
MUL_MAT f32 m=64 n=480 k=64: 16 x 3.552 us = 56.84 us (1098.22 GFLOPS/s)
MUL_MAT f32 m=64 n=80 k=64: 16 x 3.192 us = 51.08 us (203.677 GFLOPS/s)
MUL_MAT_ADD MUL_MAT_VEC q6_K m=5120 n=5 k=17408: 64 x 137.73 us = 8814.76 us (6471.07 GFLOPS/s)
MUL_MAT_ADD MUL_MAT_VEC q6_K m=5120 n=5 k=6144: 16 x 59.555 us = 952.88 us (5281.63 GFLOPS/s)
MUL_MAT_VEC f32 m=48 n=5 k=5120: 96 x 3.281 us = 315 us (748.91 GFLOPS/s)
MUL_MAT_VEC q6_K m=1024 n=5 k=5120: 32 x 6.956 us = 222.6 us (7536.2 GFLOPS/s)
MUL_MAT_VEC q6_K m=10240 n=5 k=5120: 48 x 79.564 us = 3819.08 us (6588.86 GFLOPS/s)
MUL_MAT_VEC q6_K m=12288 n=5 k=5120: 16 x 98.317 us = 1573.08 us (6398.5 GFLOPS/s)
MUL_MAT_VEC q6_K m=17408 n=5 k=5120: 128 x 138.261 us = 17697.5 us (6445.76 GFLOPS/s)
MUL_MAT_VEC q6_K m=248320 n=5 k=5120: 1 x 1686.92 us = 1686.92 us (7536.07 GFLOPS/s)
MUL_MAT_VEC q6_K m=6144 n=5 k=5120: 48 x 53.157 us = 2551.56 us (5917.17 GFLOPS/s)
MUL_MAT_VEC q8_0 m=5120 n=5 k=6144: 48 x 62.904 us = 3019.4 us (5000.42 GFLOPS/s)
RMS_NORM_MUL RMS_NORM(256,24,5,1): 16 x 3.755 us = 60.08 us
RMS_NORM_MUL RMS_NORM(256,4,5,1): 16 x 4.295 us = 68.72 us
RMS_NORM_MUL RMS_NORM(5120,5,1,1): 129 x 4.513 us = 582.24 us
RMS_NORM_MUL_SILU_MUL RMS_NORM(128,48,5,1): 48 x 5.499 us = 263.96 us
RMS_NORM_SCALE RMS_NORM(128,16,5,1): 96 x 2.653 us = 254.72 us
ROPE: 32 x 3.756 us = 120.2 us
SET_ROWS: 32 x 2.786 us = 89.16 us
SIGMOID_MUL SIGMOID: 16 x 3.59 us = 57.44 us
SSM_CONV_SILU SSM_CONV: 48 x 5.518 us = 264.88 us
Total time: 45864.3 us.
----------------
Vulkan Timings:
CONCAT: 1 x 3.92 us = 3.92 us
CONT: 1 x 3.6 us = 3.6 us
FLASH_ATTN_EXT dst(256,24,5,1),  q(256,5,24,1),  k(256,256,4,1),  v(256,256,4,1),  m(256,5,1,1): 1 x 20.24 us = 20.24 us (1554.21 GFLOPS/s)
GLU: 1 x 1.52 us = 1.52 us
MUL_MAT f32 m=256 n=120 k=256: 1 x 1.68 us = 1.68 us (9344 GFLOPS/s)
MUL_MAT f32 m=256 n=20 k=256: 1 x 2.96 us = 2.96 us (883.892 GFLOPS/s)
MUL_MAT f32 m=64 n=480 k=64: 1 x 3.6 us = 3.6 us (1083.73 GFLOPS/s)
MUL_MAT f32 m=64 n=80 k=64: 1 x 3.52 us = 3.52 us (184.727 GFLOPS/s)
MUL_MAT_ADD MUL_MAT_VEC q6_K m=5120 n=5 k=17408: 1 x 168.16 us = 168.16 us (5300.1 GFLOPS/s)
MUL_MAT_ADD MUL_MAT_VEC q6_K m=5120 n=5 k=6144: 1 x 66.36 us = 66.36 us (4740.01 GFLOPS/s)
MUL_MAT_VEC q6_K m=1024 n=5 k=5120: 2 x 9.52 us = 19.04 us (5506.69 GFLOPS/s)
MUL_MAT_VEC q6_K m=12288 n=5 k=5120: 1 x 124.56 us = 124.56 us (5050.45 GFLOPS/s)
MUL_MAT_VEC q6_K m=17408 n=5 k=5120: 2 x 130.84 us = 261.68 us (6811.39 GFLOPS/s)
MUL_MAT_VEC q8_0 m=5120 n=5 k=10240: 1 x 104.88 us = 104.88 us (4998.69 GFLOPS/s)
RMS_NORM_MUL RMS_NORM(256,24,5,1): 1 x 3.64 us = 3.64 us
RMS_NORM_MUL RMS_NORM(256,4,5,1): 1 x 3.56 us = 3.56 us
RMS_NORM_MUL RMS_NORM(5120,5,1,1): 5 x 7.56 us = 37.8 us
ROPE: 2 x 3.58 us = 7.16 us
SET_ROWS: 2 x 2.62 us = 5.24 us
SIGMOID_MUL SIGMOID: 1 x 1.72 us = 1.72 us
Total time: 844.84 us.
----------------
Vulkan Timings:
CONCAT: 1 x 3.88 us = 3.88 us
CONT: 1 x 3.48 us = 3.48 us
FLASH_ATTN_EXT dst(256,24,1,1),  q(256,1,24,1),  k(256,256,4,1),  v(256,256,4,1),  m(256,1,1,1): 1 x 12.32 us = 12.32 us (510.67 GFLOPS/s)
GET_ROWS: 2 x 4.22 us = 8.44 us
GLU: 1 x 2.44 us = 2.44 us
MUL_MAT f32 m=256 n=24 k=256: 1 x 1.48 us = 1.48 us (2121.34 GFLOPS/s)
MUL_MAT f32 m=64 n=16 k=64: 1 x 1.76 us = 1.76 us (73.8909 GFLOPS/s)
MUL_MAT f32 m=64 n=96 k=64: 1 x 3.2 us = 3.2 us (243.84 GFLOPS/s)
MUL_MAT_ADD MUL_MAT_VEC q6_K m=5120 n=1 k=17408: 1 x 129.84 us = 129.84 us (1372.87 GFLOPS/s)
MUL_MAT_ADD MUL_MAT_VEC q6_K m=5120 n=1 k=6144: 1 x 50.68 us = 50.68 us (1241.31 GFLOPS/s)
MUL_MAT_VEC f32 m=256 n=4 k=256: 1 x 2.96 us = 2.96 us (176.778 GFLOPS/s)
MUL_MAT_VEC q6_K m=1024 n=1 k=5120: 2 x 9.26 us = 18.52 us (1132.26 GFLOPS/s)
MUL_MAT_VEC q6_K m=12288 n=1 k=5120: 1 x 90.84 us = 90.84 us (1385.04 GFLOPS/s)
MUL_MAT_VEC q6_K m=17408 n=1 k=5120: 2 x 118.1 us = 236.2 us (1509.23 GFLOPS/s)
MUL_MAT_VEC q6_K m=98304 n=1 k=5120: 1 x 677.63 us = 677.63 us (1485.37 GFLOPS/s)
MUL_MAT_VEC q8_0 m=5120 n=1 k=10240: 1 x 93.28 us = 93.28 us (1124.06 GFLOPS/s)
PAD: 1 x 6.24 us = 6.24 us
RMS_NORM_MUL RMS_NORM(256,24,1,1): 1 x 3.12 us = 3.12 us
RMS_NORM_MUL RMS_NORM(256,4,1,1): 1 x 4.76 us = 4.76 us
RMS_NORM_MUL RMS_NORM(5120,1,1,1): 5 x 4.584 us = 22.92 us
ROPE: 2 x 3.24 us = 6.48 us
SET_ROWS: 2 x 2.56 us = 5.12 us
SIGMOID_MUL SIGMOID: 1 x 1.56 us = 1.56 us
TOP_K K=10 (98304,1,1,1): 1 x 8.96 us = 8.96 us
Total time: 1396.11 us.
----------------
Vulkan Timings:
CONCAT: 1 x 3.72 us = 3.72 us
CONT: 1 x 3.56 us = 3.56 us
FLASH_ATTN_EXT dst(256,24,1,1),  q(256,1,24,1),  k(256,256,4,1),  v(256,256,4,1),  m(256,1,1,1): 1 x 12.76 us = 12.76 us (493.061 GFLOPS/s)
GET_ROWS: 2 x 4.22 us = 8.44 us
GLU: 1 x 1.92 us = 1.92 us
MUL_MAT f32 m=256 n=24 k=256: 1 x 1.64 us = 1.64 us (1914.38 GFLOPS/s)
MUL_MAT f32 m=64 n=16 k=64: 1 x 3.6 us = 3.6 us (36.1244 GFLOPS/s)
MUL_MAT f32 m=64 n=96 k=64: 1 x 3.52 us = 3.52 us (221.673 GFLOPS/s)
MUL_MAT_ADD MUL_MAT_VEC q6_K m=5120 n=1 k=17408: 1 x 122.44 us = 122.44 us (1455.84 GFLOPS/s)
MUL_MAT_ADD MUL_MAT_VEC q6_K m=5120 n=1 k=6144: 1 x 53.64 us = 53.64 us (1172.81 GFLOPS/s)
MUL_MAT_VEC f32 m=256 n=4 k=256: 1 x 3 us = 3 us (174.421 GFLOPS/s)
MUL_MAT_VEC q6_K m=1024 n=1 k=5120: 2 x 5.88 us = 11.76 us (1783.12 GFLOPS/s)
MUL_MAT_VEC q6_K m=12288 n=1 k=5120: 1 x 94.28 us = 94.28 us (1334.5 GFLOPS/s)
MUL_MAT_VEC q6_K m=17408 n=1 k=5120: 2 x 121.28 us = 242.56 us (1469.66 GFLOPS/s)
MUL_MAT_VEC q6_K m=98304 n=1 k=5120: 1 x 671.43 us = 671.43 us (1499.09 GFLOPS/s)
MUL_MAT_VEC q8_0 m=5120 n=1 k=10240: 1 x 100.72 us = 100.72 us (1041.03 GFLOPS/s)
PAD: 1 x 6.24 us = 6.24 us
RMS_NORM_MUL RMS_NORM(256,24,1,1): 1 x 3.52 us = 3.52 us
RMS_NORM_MUL RMS_NORM(256,4,1,1): 1 x 3.56 us = 3.56 us
RMS_NORM_MUL RMS_NORM(5120,1,1,1): 5 x 3.672 us = 18.36 us
ROPE: 2 x 3.52 us = 7.04 us
SET_ROWS: 2 x 2.62 us = 5.24 us
SIGMOID_MUL SIGMOID: 1 x 1.64 us = 1.64 us
TOP_K K=10 (98304,1,1,1): 1 x 8.6 us = 8.6 us
Total time: 1393.19 us.
----------------
Vulkan Timings:
CONCAT: 1 x 3.64 us = 3.64 us
CONT: 1 x 3.52 us = 3.52 us
FLASH_ATTN_EXT dst(256,24,1,1),  q(256,1,24,1),  k(256,256,4,1),  v(256,256,4,1),  m(256,1,1,1): 1 x 12.72 us = 12.72 us (494.611 GFLOPS/s)
GET_ROWS: 2 x 4.24 us = 8.48 us
GLU: 1 x 1.72 us = 1.72 us
MUL_MAT f32 m=256 n=24 k=256: 1 x 1.6 us = 1.6 us (1962.24 GFLOPS/s)
MUL_MAT f32 m=64 n=16 k=64: 1 x 3.56 us = 3.56 us (36.5303 GFLOPS/s)
MUL_MAT f32 m=64 n=96 k=64: 1 x 3.6 us = 3.6 us (216.747 GFLOPS/s)
MUL_MAT_ADD MUL_MAT_VEC q6_K m=5120 n=1 k=17408: 1 x 122.84 us = 122.84 us (1451.1 GFLOPS/s)
MUL_MAT_ADD MUL_MAT_VEC q6_K m=5120 n=1 k=6144: 1 x 53.84 us = 53.84 us (1168.45 GFLOPS/s)
MUL_MAT_VEC f32 m=256 n=4 k=256: 1 x 2.96 us = 2.96 us (176.778 GFLOPS/s)
MUL_MAT_VEC q6_K m=1024 n=1 k=5120: 2 x 9.12 us = 18.24 us (1149.64 GFLOPS/s)
MUL_MAT_VEC q6_K m=12288 n=1 k=5120: 1 x 85.4 us = 85.4 us (1473.27 GFLOPS/s)
MUL_MAT_VEC q6_K m=17408 n=1 k=5120: 2 x 121.24 us = 242.48 us (1470.15 GFLOPS/s)
MUL_MAT_VEC q6_K m=98304 n=1 k=5120: 1 x 672.37 us = 672.37 us (1497 GFLOPS/s)
MUL_MAT_VEC q8_0 m=5120 n=1 k=10240: 1 x 100.6 us = 100.6 us (1042.27 GFLOPS/s)
PAD: 1 x 6.24 us = 6.24 us
RMS_NORM_MUL RMS_NORM(256,24,1,1): 1 x 3.56 us = 3.56 us
RMS_NORM_MUL RMS_NORM(256,4,1,1): 1 x 3.52 us = 3.52 us
RMS_NORM_MUL RMS_NORM(5120,1,1,1): 5 x 3.688 us = 18.44 us
ROPE: 2 x 3.54 us = 7.08 us
SET_ROWS: 2 x 2.58 us = 5.16 us
SIGMOID_MUL SIGMOID: 1 x 1.64 us = 1.64 us
TOP_K K=10 (98304,1,1,1): 1 x 8.88 us = 8.88 us
Total time: 1392.09 us.
----------------
Vulkan Timings:
CONCAT: 1 x 3.6 us = 3.6 us
CONT: 1 x 3.56 us = 3.56 us
FLASH_ATTN_EXT dst(256,24,1,1),  q(256,1,24,1),  k(256,256,4,1),  v(256,256,4,1),  m(256,1,1,1): 1 x 12.76 us = 12.76 us (493.061 GFLOPS/s)
GET_ROWS: 2 x 4.24 us = 8.48 us
GLU: 1 x 1.8 us = 1.8 us
MUL_MAT f32 m=256 n=24 k=256: 1 x 1.64 us = 1.64 us (1914.38 GFLOPS/s)
MUL_MAT f32 m=64 n=16 k=64: 1 x 3.52 us = 3.52 us (36.9455 GFLOPS/s)
MUL_MAT f32 m=64 n=96 k=64: 1 x 3.52 us = 3.52 us (221.673 GFLOPS/s)
MUL_MAT_ADD MUL_MAT_VEC q6_K m=5120 n=1 k=17408: 1 x 123.36 us = 123.36 us (1444.98 GFLOPS/s)
MUL_MAT_ADD MUL_MAT_VEC q6_K m=5120 n=1 k=6144: 1 x 54.12 us = 54.12 us (1162.41 GFLOPS/s)
MUL_MAT_VEC f32 m=256 n=4 k=256: 1 x 3 us = 3 us (174.421 GFLOPS/s)
MUL_MAT_VEC q6_K m=1024 n=1 k=5120: 2 x 9.06 us = 18.12 us (1157.26 GFLOPS/s)
MUL_MAT_VEC q6_K m=12288 n=1 k=5120: 1 x 85.2 us = 85.2 us (1476.72 GFLOPS/s)
MUL_MAT_VEC q6_K m=17408 n=1 k=5120: 2 x 120.88 us = 241.76 us (1474.52 GFLOPS/s)
MUL_MAT_VEC q6_K m=98304 n=1 k=5120: 1 x 670.1 us = 670.1 us (1502.07 GFLOPS/s)
MUL_MAT_VEC q8_0 m=5120 n=1 k=10240: 1 x 101.04 us = 101.04 us (1037.73 GFLOPS/s)
PAD: 1 x 6.24 us = 6.24 us
RMS_NORM_MUL RMS_NORM(256,24,1,1): 1 x 3.52 us = 3.52 us
RMS_NORM_MUL RMS_NORM(256,4,1,1): 1 x 3.48 us = 3.48 us
RMS_NORM_MUL RMS_NORM(5120,1,1,1): 5 x 3.664 us = 18.32 us
ROPE: 2 x 3.48 us = 6.96 us
SET_ROWS: 2 x 2.6 us = 5.2 us
SIGMOID_MUL SIGMOID: 1 x 1.88 us = 1.88 us
TOP_K K=10 (98304,1,1,1): 1 x 8.68 us = 8.68 us
Total time: 1389.86 us.
----------------
Vulkan Timings:
ADD: 48 x 3.662 us = 175.8 us
CONCAT: 48 x 2.435 us = 116.88 us
CONT: 16 x 3.737 us = 59.8 us
CPY: 240 x 2.185 us = 524.52 us
FLASH_ATTN_EXT dst(256,24,5,1),  q(256,5,24,1),  k(256,256,4,1),  v(256,256,4,1),  m(256,5,1,1): 16 x 20.537 us = 328.6 us (1531.7 GFLOPS/s)
GDN_CACHE GATED_DELTA_NET: 48 x 13.33 us = 639.88 us
GET_ROWS: 50 x 24.472 us = 1223.6 us
GLU: 64 x 2.906 us = 186 us
MUL_MAT f32 m=256 n=120 k=256: 16 x 1.81 us = 28.96 us (8672.88 GFLOPS/s)
MUL_MAT f32 m=256 n=20 k=256: 16 x 2.887 us = 46.2 us (906.085 GFLOPS/s)
MUL_MAT f32 m=64 n=480 k=64: 16 x 3.562 us = 57 us (1095.14 GFLOPS/s)
MUL_MAT f32 m=64 n=80 k=64: 16 x 3.182 us = 50.92 us (204.317 GFLOPS/s)
MUL_MAT_ADD MUL_MAT_VEC q6_K m=5120 n=5 k=17408: 64 x 138.163 us = 8842.44 us (6450.81 GFLOPS/s)
MUL_MAT_ADD MUL_MAT_VEC q6_K m=5120 n=5 k=6144: 16 x 58.952 us = 943.24 us (5335.6 GFLOPS/s)
MUL_MAT_VEC f32 m=48 n=5 k=5120: 96 x 3.315 us = 318.32 us (741.099 GFLOPS/s)
MUL_MAT_VEC q6_K m=1024 n=5 k=5120: 32 x 6.998 us = 223.96 us (7490.43 GFLOPS/s)
MUL_MAT_VEC q6_K m=10240 n=5 k=5120: 48 x 79.682 us = 3824.76 us (6579.07 GFLOPS/s)
MUL_MAT_VEC q6_K m=12288 n=5 k=5120: 16 x 98.735 us = 1579.76 us (6371.44 GFLOPS/s)
MUL_MAT_VEC q6_K m=17408 n=5 k=5120: 128 x 138.119 us = 17679.3 us (6452.41 GFLOPS/s)
MUL_MAT_VEC q6_K m=248320 n=5 k=5120: 1 x 1686.68 us = 1686.68 us (7537.14 GFLOPS/s)
MUL_MAT_VEC q6_K m=6144 n=5 k=5120: 48 x 53.149 us = 2551.16 us (5918.1 GFLOPS/s)
MUL_MAT_VEC q8_0 m=5120 n=5 k=6144: 48 x 62.945 us = 3021.4 us (4997.11 GFLOPS/s)
RMS_NORM_MUL RMS_NORM(256,24,5,1): 16 x 3.62 us = 57.92 us
RMS_NORM_MUL RMS_NORM(256,4,5,1): 16 x 4.287 us = 68.6 us
RMS_NORM_MUL RMS_NORM(5120,5,1,1): 129 x 4.52 us = 583.2 us
RMS_NORM_MUL_SILU_MUL RMS_NORM(128,48,5,1): 48 x 5.503 us = 264.16 us
RMS_NORM_SCALE RMS_NORM(128,16,5,1): 96 x 2.644 us = 253.84 us
ROPE: 32 x 3.753 us = 120.12 us
SET_ROWS: 32 x 2.896 us = 92.68 us
SIGMOID_MUL SIGMOID: 16 x 3.595 us = 57.52 us
SSM_CONV_SILU SSM_CONV: 48 x 5.52 us = 264.96 us
Total time: 45872.2 us.
----------------
Vulkan Timings:
CONCAT: 1 x 3.96 us = 3.96 us
CONT: 1 x 3.36 us = 3.36 us
FLASH_ATTN_EXT dst(256,24,5,1),  q(256,5,24,1),  k(256,256,4,1),  v(256,256,4,1),  m(256,5,1,1): 1 x 21.76 us = 21.76 us (1445.65 GFLOPS/s)
GLU: 1 x 1.68 us = 1.68 us
MUL_MAT f32 m=256 n=120 k=256: 1 x 1.56 us = 1.56 us (10062.8 GFLOPS/s)
MUL_MAT f32 m=256 n=20 k=256: 1 x 2.88 us = 2.88 us (908.444 GFLOPS/s)
MUL_MAT f32 m=64 n=480 k=64: 1 x 3.24 us = 3.24 us (1204.15 GFLOPS/s)
MUL_MAT f32 m=64 n=80 k=64: 1 x 3.24 us = 3.24 us (200.691 GFLOPS/s)
MUL_MAT_ADD MUL_MAT_VEC q6_K m=5120 n=5 k=17408: 1 x 162.55 us = 162.55 us (5483.01 GFLOPS/s)
MUL_MAT_ADD MUL_MAT_VEC q6_K m=5120 n=5 k=6144: 1 x 66.64 us = 66.64 us (4720.1 GFLOPS/s)
MUL_MAT_VEC q6_K m=1024 n=5 k=5120: 2 x 8.62 us = 17.24 us (6081.63 GFLOPS/s)
MUL_MAT_VEC q6_K m=12288 n=5 k=5120: 1 x 127.21 us = 127.21 us (4945.24 GFLOPS/s)
MUL_MAT_VEC q6_K m=17408 n=5 k=5120: 2 x 130.96 us = 261.92 us (6805.15 GFLOPS/s)
MUL_MAT_VEC q8_0 m=5120 n=5 k=10240: 1 x 108.72 us = 108.72 us (4822.13 GFLOPS/s)
RMS_NORM_MUL RMS_NORM(256,24,5,1): 1 x 5.72 us = 5.72 us
RMS_NORM_MUL RMS_NORM(256,4,5,1): 1 x 3.32 us = 3.32 us
RMS_NORM_MUL RMS_NORM(5120,5,1,1): 5 x 7.796 us = 38.98 us
ROPE: 2 x 3.34 us = 6.68 us
SET_ROWS: 2 x 1.8 us = 3.6 us
SIGMOID_MUL SIGMOID: 1 x 1.56 us = 1.56 us
Total time: 845.82 us.
----------------
Vulkan Timings:
CONCAT: 1 x 3.6 us = 3.6 us
CONT: 1 x 3.44 us = 3.44 us
FLASH_ATTN_EXT dst(256,24,1,1),  q(256,1,24,1),  k(256,256,4,1),  v(256,256,4,1),  m(256,1,1,1): 1 x 12.28 us = 12.28 us (512.334 GFLOPS/s)
GET_ROWS: 2 x 4.22 us = 8.44 us
GLU: 1 x 1.68 us = 1.68 us
MUL_MAT f32 m=256 n=24 k=256: 1 x 1.56 us = 1.56 us (2012.55 GFLOPS/s)
MUL_MAT f32 m=64 n=16 k=64: 1 x 1.8 us = 1.8 us (72.2489 GFLOPS/s)
MUL_MAT f32 m=64 n=96 k=64: 1 x 3.16 us = 3.16 us (246.927 GFLOPS/s)
MUL_MAT_ADD MUL_MAT_VEC q6_K m=5120 n=1 k=17408: 1 x 129.44 us = 129.44 us (1377.11 GFLOPS/s)
MUL_MAT_ADD MUL_MAT_VEC q6_K m=5120 n=1 k=6144: 1 x 53.4 us = 53.4 us (1178.08 GFLOPS/s)
MUL_MAT_VEC f32 m=256 n=4 k=256: 1 x 2.96 us = 2.96 us (176.778 GFLOPS/s)
MUL_MAT_VEC q6_K m=1024 n=1 k=5120: 2 x 9.18 us = 18.36 us (1142.13 GFLOPS/s)
MUL_MAT_VEC q6_K m=12288 n=1 k=5120: 1 x 90.16 us = 90.16 us (1395.48 GFLOPS/s)
MUL_MAT_VEC q6_K m=17408 n=1 k=5120: 2 x 117.8 us = 235.6 us (1513.08 GFLOPS/s)
MUL_MAT_VEC q6_K m=98304 n=1 k=5120: 1 x 673.64 us = 673.64 us (1494.17 GFLOPS/s)
MUL_MAT_VEC q8_0 m=5120 n=1 k=10240: 1 x 92.04 us = 92.04 us (1139.21 GFLOPS/s)
PAD: 1 x 6.28 us = 6.28 us
RMS_NORM_MUL RMS_NORM(256,24,1,1): 1 x 3.12 us = 3.12 us
RMS_NORM_MUL RMS_NORM(256,4,1,1): 1 x 4.8 us = 4.8 us
RMS_NORM_MUL RMS_NORM(5120,1,1,1): 5 x 4.336 us = 21.68 us
ROPE: 2 x 3.28 us = 6.56 us
SET_ROWS: 2 x 2.56 us = 5.12 us
SIGMOID_MUL SIGMOID: 1 x 1.52 us = 1.52 us
TOP_K K=10 (98304,1,1,1): 1 x 8.52 us = 8.52 us
Total time: 1389.16 us.
----------------
Vulkan Timings:
CONCAT: 1 x 3.68 us = 3.68 us
CONT: 1 x 3.52 us = 3.52 us
FLASH_ATTN_EXT dst(256,24,1,1),  q(256,1,24,1),  k(256,256,4,1),  v(256,256,4,1),  m(256,1,1,1): 1 x 12.8 us = 12.8 us (491.52 GFLOPS/s)
GET_ROWS: 2 x 4.22 us = 8.44 us
GLU: 1 x 1.84 us = 1.84 us
MUL_MAT f32 m=256 n=24 k=256: 1 x 1.6 us = 1.6 us (1962.24 GFLOPS/s)
MUL_MAT f32 m=64 n=16 k=64: 1 x 3.56 us = 3.56 us (36.5303 GFLOPS/s)
MUL_MAT f32 m=64 n=96 k=64: 1 x 3.6 us = 3.6 us (216.747 GFLOPS/s)
MUL_MAT_ADD MUL_MAT_VEC q6_K m=5120 n=1 k=17408: 1 x 122.96 us = 122.96 us (1449.68 GFLOPS/s)
MUL_MAT_ADD MUL_MAT_VEC q6_K m=5120 n=1 k=6144: 1 x 53.76 us = 53.76 us (1170.19 GFLOPS/s)
MUL_MAT_VEC f32 m=256 n=4 k=256: 1 x 3 us = 3 us (174.421 GFLOPS/s)
MUL_MAT_VEC q6_K m=1024 n=1 k=5120: 2 x 9.04 us = 18.08 us (1159.82 GFLOPS/s)
MUL_MAT_VEC q6_K m=12288 n=1 k=5120: 1 x 85.88 us = 85.88 us (1465.03 GFLOPS/s)
MUL_MAT_VEC q6_K m=17408 n=1 k=5120: 2 x 121.22 us = 242.44 us (1470.39 GFLOPS/s)
MUL_MAT_VEC q6_K m=98304 n=1 k=5120: 1 x 673.29 us = 673.29 us (1494.95 GFLOPS/s)
MUL_MAT_VEC q8_0 m=5120 n=1 k=10240: 1 x 101.64 us = 101.64 us (1031.61 GFLOPS/s)
PAD: 1 x 6.24 us = 6.24 us
RMS_NORM_MUL RMS_NORM(256,24,1,1): 1 x 3.52 us = 3.52 us
RMS_NORM_MUL RMS_NORM(256,4,1,1): 1 x 3.52 us = 3.52 us
RMS_NORM_MUL RMS_NORM(5120,1,1,1): 5 x 3.68 us = 18.4 us
ROPE: 2 x 3.54 us = 7.08 us
SET_ROWS: 2 x 2.54 us = 5.08 us
SIGMOID_MUL SIGMOID: 1 x 1.68 us = 1.68 us
TOP_K K=10 (98304,1,1,1): 1 x 8.92 us = 8.92 us
Total time: 1394.53 us.
----------------
Vulkan Timings:
CONCAT: 1 x 3.68 us = 3.68 us
CONT: 1 x 3.52 us = 3.52 us
FLASH_ATTN_EXT dst(256,24,1,1),  q(256,1,24,1),  k(256,256,4,1),  v(256,256,4,1),  m(256,1,1,1): 1 x 12.68 us = 12.68 us (496.172 GFLOPS/s)
GET_ROWS: 2 x 4.22 us = 8.44 us
GLU: 1 x 1.88 us = 1.88 us
MUL_MAT f32 m=256 n=24 k=256: 1 x 1.64 us = 1.64 us (1914.38 GFLOPS/s)
MUL_MAT f32 m=64 n=16 k=64: 1 x 3.52 us = 3.52 us (36.9455 GFLOPS/s)
MUL_MAT f32 m=64 n=96 k=64: 1 x 3.56 us = 3.56 us (219.182 GFLOPS/s)
MUL_MAT_ADD MUL_MAT_VEC q6_K m=5120 n=1 k=17408: 1 x 123.32 us = 123.32 us (1445.45 GFLOPS/s)
MUL_MAT_ADD MUL_MAT_VEC q6_K m=5120 n=1 k=6144: 1 x 53.04 us = 53.04 us (1186.08 GFLOPS/s)
MUL_MAT_VEC f32 m=256 n=4 k=256: 1 x 2.96 us = 2.96 us (176.778 GFLOPS/s)
MUL_MAT_VEC q6_K m=1024 n=1 k=5120: 2 x 9.22 us = 18.44 us (1137.17 GFLOPS/s)
MUL_MAT_VEC q6_K m=12288 n=1 k=5120: 1 x 85.36 us = 85.36 us (1473.96 GFLOPS/s)
MUL_MAT_VEC q6_K m=17408 n=1 k=5120: 2 x 120.82 us = 241.64 us (1475.26 GFLOPS/s)
MUL_MAT_VEC q6_K m=98304 n=1 k=5120: 1 x 673.39 us = 673.39 us (1494.73 GFLOPS/s)
MUL_MAT_VEC q8_0 m=5120 n=1 k=10240: 1 x 101.28 us = 101.28 us (1035.27 GFLOPS/s)
PAD: 1 x 6.24 us = 6.24 us
RMS_NORM_MUL RMS_NORM(256,24,1,1): 1 x 3.52 us = 3.52 us
RMS_NORM_MUL RMS_NORM(256,4,1,1): 1 x 3.52 us = 3.52 us
RMS_NORM_MUL RMS_NORM(5120,1,1,1): 5 x 3.776 us = 18.88 us
ROPE: 2 x 3.48 us = 6.96 us
SET_ROWS: 2 x 2.62 us = 5.24 us
SIGMOID_MUL SIGMOID: 1 x 1.64 us = 1.64 us
TOP_K K=10 (98304,1,1,1): 1 x 8.64 us = 8.64 us
Total time: 1392.99 us.
----------------
Vulkan Timings:
CONCAT: 1 x 3.64 us = 3.64 us
CONT: 1 x 3.56 us = 3.56 us
FLASH_ATTN_EXT dst(256,24,1,1),  q(256,1,24,1),  k(256,256,4,1),  v(256,256,4,1),  m(256,1,1,1): 1 x 12.88 us = 12.88 us (488.467 GFLOPS/s)
GET_ROWS: 2 x 4.22 us = 8.44 us
GLU: 1 x 1.84 us = 1.84 us
MUL_MAT f32 m=256 n=24 k=256: 1 x 2.16 us = 2.16 us (1453.51 GFLOPS/s)
MUL_MAT f32 m=64 n=16 k=64: 1 x 3.56 us = 3.56 us (36.5303 GFLOPS/s)
MUL_MAT f32 m=64 n=96 k=64: 1 x 3.52 us = 3.52 us (221.673 GFLOPS/s)
MUL_MAT_ADD MUL_MAT_VEC q6_K m=5120 n=1 k=17408: 1 x 122.96 us = 122.96 us (1449.68 GFLOPS/s)
MUL_MAT_ADD MUL_MAT_VEC q6_K m=5120 n=1 k=6144: 1 x 54.08 us = 54.08 us (1163.27 GFLOPS/s)
MUL_MAT_VEC f32 m=256 n=4 k=256: 1 x 0.76 us = 0.76 us (688.505 GFLOPS/s)
MUL_MAT_VEC q6_K m=1024 n=1 k=5120: 2 x 9.06 us = 18.12 us (1157.26 GFLOPS/s)
MUL_MAT_VEC q6_K m=12288 n=1 k=5120: 1 x 85.8 us = 85.8 us (1466.4 GFLOPS/s)
MUL_MAT_VEC q6_K m=17408 n=1 k=5120: 2 x 120.92 us = 241.84 us (1474.04 GFLOPS/s)
MUL_MAT_VEC q6_K m=98304 n=1 k=5120: 1 x 671.17 us = 671.17 us (1499.67 GFLOPS/s)
MUL_MAT_VEC q8_0 m=5120 n=1 k=10240: 1 x 100.8 us = 100.8 us (1040.2 GFLOPS/s)
PAD: 1 x 6.2 us = 6.2 us
RMS_NORM_MUL RMS_NORM(256,24,1,1): 1 x 3.56 us = 3.56 us
RMS_NORM_MUL RMS_NORM(256,4,1,1): 1 x 3.56 us = 3.56 us
RMS_NORM_MUL RMS_NORM(5120,1,1,1): 5 x 3.688 us = 18.44 us
ROPE: 2 x 3.54 us = 7.08 us
SET_ROWS: 2 x 3.46 us = 6.92 us
SIGMOID_MUL SIGMOID: 1 x 1.6 us = 1.6 us
TOP_K K=10 (98304,1,1,1): 1 x 8.4 us = 8.4 us
Total time: 1390.89 us.
----------------
Vulkan Timings:
ADD: 48 x 3.66 us = 175.68 us
CONCAT: 48 x 2.382 us = 114.36 us
CONT: 16 x 3.717 us = 59.48 us
CPY: 240 x 2.178 us = 522.84 us
FLASH_ATTN_EXT dst(256,24,5,1),  q(256,5,24,1),  k(256,256,4,1),  v(256,256,4,1),  m(256,5,1,1): 16 x 20.695 us = 331.12 us (1520.04 GFLOPS/s)
GDN_CACHE GATED_DELTA_NET: 48 x 13.372 us = 641.88 us
GET_ROWS: 50 x 24.484 us = 1224.2 us
GLU: 64 x 2.973 us = 190.32 us
MUL_MAT f32 m=256 n=120 k=256: 16 x 1.777 us = 28.44 us (8831.46 GFLOPS/s)
MUL_MAT f32 m=256 n=20 k=256: 16 x 3.015 us = 48.24 us (867.768 GFLOPS/s)
MUL_MAT f32 m=64 n=480 k=64: 16 x 3.542 us = 56.68 us (1101.32 GFLOPS/s)
MUL_MAT f32 m=64 n=80 k=64: 16 x 3.292 us = 52.68 us (197.491 GFLOPS/s)
MUL_MAT_ADD MUL_MAT_VEC q6_K m=5120 n=5 k=17408: 64 x 137.537 us = 8802.4 us (6480.15 GFLOPS/s)
MUL_MAT_ADD MUL_MAT_VEC q6_K m=5120 n=5 k=6144: 16 x 59.592 us = 953.48 us (5278.3 GFLOPS/s)
MUL_MAT_VEC f32 m=48 n=5 k=5120: 96 x 3.332 us = 319.96 us (737.3 GFLOPS/s)
MUL_MAT_VEC q6_K m=1024 n=5 k=5120: 32 x 6.99 us = 223.68 us (7499.81 GFLOPS/s)
MUL_MAT_VEC q6_K m=10240 n=5 k=5120: 48 x 79.474 us = 3814.76 us (6596.32 GFLOPS/s)
MUL_MAT_VEC q6_K m=12288 n=5 k=5120: 16 x 98.345 us = 1573.52 us (6396.71 GFLOPS/s)
MUL_MAT_VEC q6_K m=17408 n=5 k=5120: 128 x 138.234 us = 17694 us (6447.03 GFLOPS/s)
MUL_MAT_VEC q6_K m=248320 n=5 k=5120: 1 x 1685.04 us = 1685.04 us (7544.48 GFLOPS/s)
MUL_MAT_VEC q6_K m=6144 n=5 k=5120: 48 x 53.159 us = 2551.64 us (5916.99 GFLOPS/s)
MUL_MAT_VEC q8_0 m=5120 n=5 k=6144: 48 x 62.931 us = 3020.72 us (4998.23 GFLOPS/s)
RMS_NORM_MUL RMS_NORM(256,24,5,1): 16 x 3.61 us = 57.76 us
RMS_NORM_MUL RMS_NORM(256,4,5,1): 16 x 4.202 us = 67.24 us
RMS_NORM_MUL RMS_NORM(5120,5,1,1): 129 x 4.514 us = 582.32 us
RMS_NORM_MUL_SILU_MUL RMS_NORM(128,48,5,1): 48 x 5.484 us = 263.24 us
RMS_NORM_SCALE RMS_NORM(128,16,5,1): 96 x 2.64 us = 253.44 us
ROPE: 32 x 3.745 us = 119.84 us
SET_ROWS: 32 x 2.777 us = 88.88 us
SIGMOID_MUL SIGMOID: 16 x 3.575 us = 57.2 us
SSM_CONV_SILU SSM_CONV: 48 x 5.47 us = 262.6 us
Total time: 45837.7 us.
----------------
Vulkan Timings:
CONCAT: 1 x 3.88 us = 3.88 us
CONT: 1 x 3.6 us = 3.6 us
FLASH_ATTN_EXT dst(256,24,5,1),  q(256,5,24,1),  k(256,256,4,1),  v(256,256,4,1),  m(256,5,1,1): 1 x 20.44 us = 20.44 us (1539.01 GFLOPS/s)
GLU: 1 x 1.72 us = 1.72 us
MUL_MAT f32 m=256 n=120 k=256: 1 x 1.64 us = 1.64 us (9571.9 GFLOPS/s)
MUL_MAT f32 m=256 n=20 k=256: 1 x 2.92 us = 2.92 us (896 GFLOPS/s)
MUL_MAT f32 m=64 n=480 k=64: 1 x 3.64 us = 3.64 us (1071.82 GFLOPS/s)
MUL_MAT f32 m=64 n=80 k=64: 1 x 3.52 us = 3.52 us (184.727 GFLOPS/s)
MUL_MAT_ADD MUL_MAT_VEC q6_K m=5120 n=5 k=17408: 1 x 162.7 us = 162.7 us (5477.96 GFLOPS/s)
MUL_MAT_ADD MUL_MAT_VEC q6_K m=5120 n=5 k=6144: 1 x 66.96 us = 66.96 us (4697.54 GFLOPS/s)
MUL_MAT_VEC q6_K m=1024 n=5 k=5120: 2 x 9.58 us = 19.16 us (5472.2 GFLOPS/s)
MUL_MAT_VEC q6_K m=12288 n=5 k=5120: 1 x 127.86 us = 127.86 us (4920.1 GFLOPS/s)
MUL_MAT_VEC q6_K m=17408 n=5 k=5120: 2 x 131.16 us = 262.32 us (6794.77 GFLOPS/s)
MUL_MAT_VEC q8_0 m=5120 n=5 k=10240: 1 x 105.24 us = 105.24 us (4981.59 GFLOPS/s)
RMS_NORM_MUL RMS_NORM(256,24,5,1): 1 x 3.68 us = 3.68 us
RMS_NORM_MUL RMS_NORM(256,4,5,1): 1 x 3.52 us = 3.52 us
RMS_NORM_MUL RMS_NORM(5120,5,1,1): 5 x 21.102 us = 105.51 us
ROPE: 2 x 3.56 us = 7.12 us
SET_ROWS: 2 x 2.62 us = 5.24 us
SIGMOID_MUL SIGMOID: 1 x 1.72 us = 1.72 us
Total time: 912.39 us.
----------------
Vulkan Timings:
CONCAT: 1 x 3.56 us = 3.56 us
CONT: 1 x 3.44 us = 3.44 us
FLASH_ATTN_EXT dst(256,24,1,1),  q(256,1,24,1),  k(256,256,4,1),  v(256,256,4,1),  m(256,1,1,1): 1 x 12.36 us = 12.36 us (509.017 GFLOPS/s)
GET_ROWS: 2 x 4.24 us = 8.48 us
GLU: 1 x 1.56 us = 1.56 us
MUL_MAT f32 m=256 n=24 k=256: 1 x 1.52 us = 1.52 us (2065.52 GFLOPS/s)
MUL_MAT f32 m=64 n=16 k=64: 1 x 1.8 us = 1.8 us (72.2489 GFLOPS/s)
MUL_MAT f32 m=64 n=96 k=64: 1 x 3.16 us = 3.16 us (246.927 GFLOPS/s)
MUL_MAT_ADD MUL_MAT_VEC q6_K m=5120 n=1 k=17408: 1 x 130.36 us = 130.36 us (1367.39 GFLOPS/s)
MUL_MAT_ADD MUL_MAT_VEC q6_K m=5120 n=1 k=6144: 1 x 53 us = 53 us (1186.97 GFLOPS/s)
MUL_MAT_VEC f32 m=256 n=4 k=256: 1 x 2.96 us = 2.96 us (176.778 GFLOPS/s)
MUL_MAT_VEC q6_K m=1024 n=1 k=5120: 2 x 9.34 us = 18.68 us (1122.56 GFLOPS/s)
MUL_MAT_VEC q6_K m=12288 n=1 k=5120: 1 x 89.84 us = 89.84 us (1400.45 GFLOPS/s)
MUL_MAT_VEC q6_K m=17408 n=1 k=5120: 2 x 117.96 us = 235.92 us (1511.03 GFLOPS/s)
MUL_MAT_VEC q6_K m=98304 n=1 k=5120: 1 x 673.83 us = 673.83 us (1493.75 GFLOPS/s)
MUL_MAT_VEC q8_0 m=5120 n=1 k=10240: 1 x 92.6 us = 92.6 us (1132.32 GFLOPS/s)
PAD: 1 x 6.28 us = 6.28 us
RMS_NORM_MUL RMS_NORM(256,24,1,1): 1 x 3.16 us = 3.16 us
RMS_NORM_MUL RMS_NORM(256,4,1,1): 1 x 4.76 us = 4.76 us
RMS_NORM_MUL RMS_NORM(5120,1,1,1): 5 x 4 us = 20 us
ROPE: 2 x 3.24 us = 6.48 us
SET_ROWS: 2 x 2.5 us = 5 us
SIGMOID_MUL SIGMOID: 1 x 1.52 us = 1.52 us
TOP_K K=10 (98304,1,1,1): 1 x 8.4 us = 8.4 us
Total time: 1388.67 us.
----------------
Vulkan Timings:
CONCAT: 1 x 3.84 us = 3.84 us
CONT: 1 x 3.56 us = 3.56 us
FLASH_ATTN_EXT dst(256,24,1,1),  q(256,1,24,1),  k(256,256,4,1),  v(256,256,4,1),  m(256,1,1,1): 1 x 14.92 us = 14.92 us (421.679 GFLOPS/s)
GET_ROWS: 2 x 4.1 us = 8.2 us
GLU: 1 x 1.84 us = 1.84 us
MUL_MAT f32 m=256 n=24 k=256: 1 x 1.76 us = 1.76 us (1783.85 GFLOPS/s)
MUL_MAT f32 m=64 n=16 k=64: 1 x 3.52 us = 3.52 us (36.9455 GFLOPS/s)
MUL_MAT f32 m=64 n=96 k=64: 1 x 3.56 us = 3.56 us (219.182 GFLOPS/s)
MUL_MAT_ADD MUL_MAT_VEC q6_K m=5120 n=1 k=17408: 1 x 124.52 us = 124.52 us (1431.52 GFLOPS/s)
MUL_MAT_ADD MUL_MAT_VEC q6_K m=5120 n=1 k=6144: 1 x 54.16 us = 54.16 us (1161.55 GFLOPS/s)
MUL_MAT_VEC f32 m=256 n=4 k=256: 1 x 3 us = 3 us (174.421 GFLOPS/s)
MUL_MAT_VEC q6_K m=1024 n=1 k=5120: 2 x 9.18 us = 18.36 us (1142.13 GFLOPS/s)
MUL_MAT_VEC q6_K m=12288 n=1 k=5120: 1 x 85.64 us = 85.64 us (1469.14 GFLOPS/s)
MUL_MAT_VEC q6_K m=17408 n=1 k=5120: 2 x 120.82 us = 241.64 us (1475.26 GFLOPS/s)
MUL_MAT_VEC q6_K m=98304 n=1 k=5120: 1 x 675.12 us = 675.12 us (1490.9 GFLOPS/s)
MUL_MAT_VEC q8_0 m=5120 n=1 k=10240: 1 x 100.4 us = 100.4 us (1044.35 GFLOPS/s)
PAD: 1 x 6.28 us = 6.28 us
RMS_NORM_MUL RMS_NORM(256,24,1,1): 1 x 3.52 us = 3.52 us
RMS_NORM_MUL RMS_NORM(256,4,1,1): 1 x 3.52 us = 3.52 us
RMS_NORM_MUL RMS_NORM(5120,1,1,1): 5 x 3.688 us = 18.44 us
ROPE: 2 x 3.48 us = 6.96 us
SET_ROWS: 2 x 1.8 us = 3.6 us
SIGMOID_MUL SIGMOID: 1 x 1.88 us = 1.88 us
TOP_K K=10 (98304,1,1,1): 1 x 8.44 us = 8.44 us
Total time: 1396.68 us.
----------------
Vulkan Timings:
CONCAT: 1 x 3.92 us = 3.92 us
CONT: 1 x 3.56 us = 3.56 us
FLASH_ATTN_EXT dst(256,24,1,1),  q(256,1,24,1),  k(256,256,4,1),  v(256,256,4,1),  m(256,1,1,1): 1 x 12.68 us = 12.68 us (496.172 GFLOPS/s)
GET_ROWS: 2 x 4.24 us = 8.48 us
GLU: 1 x 1.88 us = 1.88 us
MUL_MAT f32 m=256 n=24 k=256: 1 x 1.6 us = 1.6 us (1962.24 GFLOPS/s)
MUL_MAT f32 m=64 n=16 k=64: 1 x 3.56 us = 3.56 us (36.5303 GFLOPS/s)
MUL_MAT f32 m=64 n=96 k=64: 1 x 3.52 us = 3.52 us (221.673 GFLOPS/s)
MUL_MAT_ADD MUL_MAT_VEC q6_K m=5120 n=1 k=17408: 1 x 123.28 us = 123.28 us (1445.92 GFLOPS/s)
MUL_MAT_ADD MUL_MAT_VEC q6_K m=5120 n=1 k=6144: 1 x 54.2 us = 54.2 us (1160.69 GFLOPS/s)
MUL_MAT_VEC f32 m=256 n=4 k=256: 1 x 3 us = 3 us (174.421 GFLOPS/s)
MUL_MAT_VEC q6_K m=1024 n=1 k=5120: 2 x 9 us = 18 us (1164.97 GFLOPS/s)
MUL_MAT_VEC q6_K m=12288 n=1 k=5120: 1 x 85.72 us = 85.72 us (1467.77 GFLOPS/s)
MUL_MAT_VEC q6_K m=17408 n=1 k=5120: 2 x 121.22 us = 242.44 us (1470.39 GFLOPS/s)
MUL_MAT_VEC q6_K m=98304 n=1 k=5120: 1 x 673.64 us = 673.64 us (1494.17 GFLOPS/s)
MUL_MAT_VEC q8_0 m=5120 n=1 k=10240: 1 x 101.16 us = 101.16 us (1036.5 GFLOPS/s)
PAD: 1 x 6.2 us = 6.2 us
RMS_NORM_MUL RMS_NORM(256,24,1,1): 1 x 3.56 us = 3.56 us
RMS_NORM_MUL RMS_NORM(256,4,1,1): 1 x 3.52 us = 3.52 us
RMS_NORM_MUL RMS_NORM(5120,1,1,1): 5 x 3.64 us = 18.2 us
ROPE: 2 x 3.54 us = 7.08 us
SET_ROWS: 2 x 2.56 us = 5.12 us
SIGMOID_MUL SIGMOID: 1 x 1.6 us = 1.6 us
TOP_K K=10 (98304,1,1,1): 1 x 8.44 us = 8.44 us
Total time: 1394.36 us.
----------------
Vulkan Timings:
CONCAT: 1 x 3.84 us = 3.84 us
CONT: 1 x 3.56 us = 3.56 us
FLASH_ATTN_EXT dst(256,24,1,1),  q(256,1,24,1),  k(256,256,4,1),  v(256,256,4,1),  m(256,1,1,1): 1 x 12.68 us = 12.68 us (496.172 GFLOPS/s)
GET_ROWS: 2 x 4.22 us = 8.44 us
GLU: 1 x 1.68 us = 1.68 us
MUL_MAT f32 m=256 n=24 k=256: 1 x 1.68 us = 1.68 us (1868.8 GFLOPS/s)
MUL_MAT f32 m=64 n=16 k=64: 1 x 3.52 us = 3.52 us (36.9455 GFLOPS/s)
MUL_MAT f32 m=64 n=96 k=64: 1 x 3.52 us = 3.52 us (221.673 GFLOPS/s)
MUL_MAT_ADD MUL_MAT_VEC q6_K m=5120 n=1 k=17408: 1 x 123.88 us = 123.88 us (1438.92 GFLOPS/s)
MUL_MAT_ADD MUL_MAT_VEC q6_K m=5120 n=1 k=6144: 1 x 53.6 us = 53.6 us (1173.68 GFLOPS/s)
MUL_MAT_VEC f32 m=256 n=4 k=256: 1 x 2.96 us = 2.96 us (176.778 GFLOPS/s)
MUL_MAT_VEC q6_K m=1024 n=1 k=5120: 2 x 9.2 us = 18.4 us (1139.65 GFLOPS/s)
MUL_MAT_VEC q6_K m=12288 n=1 k=5120: 1 x 85.6 us = 85.6 us (1469.82 GFLOPS/s)
MUL_MAT_VEC q6_K m=17408 n=1 k=5120: 2 x 120.92 us = 241.84 us (1474.04 GFLOPS/s)
MUL_MAT_VEC q6_K m=98304 n=1 k=5120: 1 x 673.83 us = 673.83 us (1493.75 GFLOPS/s)
MUL_MAT_VEC q8_0 m=5120 n=1 k=10240: 1 x 100.72 us = 100.72 us (1041.03 GFLOPS/s)
PAD: 1 x 6.4 us = 6.4 us
RMS_NORM_MUL RMS_NORM(256,24,1,1): 1 x 3.56 us = 3.56 us
RMS_NORM_MUL RMS_NORM(256,4,1,1): 1 x 3.52 us = 3.52 us
RMS_NORM_MUL RMS_NORM(5120,1,1,1): 5 x 3.672 us = 18.36 us
ROPE: 2 x 3.48 us = 6.96 us
SET_ROWS: 2 x 2.6 us = 5.2 us
SIGMOID_MUL SIGMOID: 1 x 1.68 us = 1.68 us
TOP_K K=10 (98304,1,1,1): 1 x 8.2 us = 8.2 us
Total time: 1393.63 us.
----------------
Vulkan Timings:
ADD: 48 x 3.341 us = 160.4 us
CONCAT: 48 x 2.871 us = 137.84 us
CONT: 16 x 4.335 us = 69.36 us
CPY: 240 x 3.011 us = 722.8 us
FLASH_ATTN_EXT dst(256,24,4,1),  q(256,4,24,1),  k(256,256,4,1),  v(256,256,4,1),  m(256,4,1,1): 16 x 22.727 us = 363.64 us (1107.29 GFLOPS/s)
GDN_CACHE GATED_DELTA_NET: 48 x 12.745 us = 611.8 us
GET_ROWS: 50 x 21.9 us = 1095.04 us
GLU: 64 x 1.958 us = 125.32 us
MUL_MAT f32 m=256 n=16 k=256: 16 x 3.802 us = 60.84 us (550.442 GFLOPS/s)
MUL_MAT f32 m=256 n=96 k=256: 16 x 2.105 us = 33.68 us (5965.96 GFLOPS/s)
MUL_MAT f32 m=64 n=384 k=64: 16 x 4.385 us = 70.16 us (711.779 GFLOPS/s)
MUL_MAT f32 m=64 n=64 k=64: 16 x 3.682 us = 58.92 us (141.261 GFLOPS/s)
MUL_MAT_ADD MUL_MAT_VEC q6_K m=5120 n=4 k=17408: 64 x 137.527 us = 8801.76 us (5184.5 GFLOPS/s)
MUL_MAT_ADD MUL_MAT_VEC q6_K m=5120 n=4 k=6144: 16 x 57.357 us = 917.72 us (4387.18 GFLOPS/s)
MUL_MAT_VEC f32 m=48 n=4 k=5120: 96 x 4.434 us = 425.72 us (443.308 GFLOPS/s)
MUL_MAT_VEC q6_K m=1024 n=4 k=5120: 32 x 9.768 us = 312.6 us (4293.17 GFLOPS/s)
MUL_MAT_VEC q6_K m=10240 n=4 k=5120: 48 x 82.908 us = 3979.6 us (5058.47 GFLOPS/s)
MUL_MAT_VEC q6_K m=12288 n=4 k=5120: 16 x 100.605 us = 1609.68 us (5002.41 GFLOPS/s)
MUL_MAT_VEC q6_K m=17408 n=4 k=5120: 128 x 140.653 us = 18003.7 us (5068.92 GFLOPS/s)
MUL_MAT_VEC q6_K m=248320 n=4 k=5120: 1 x 1676.08 us = 1676.08 us (6067.85 GFLOPS/s)
MUL_MAT_VEC q6_K m=6144 n=4 k=5120: 48 x 54.711 us = 2626.16 us (4599.27 GFLOPS/s)
MUL_MAT_VEC q8_0 m=5120 n=4 k=6144: 48 x 64.586 us = 3100.16 us (3896.13 GFLOPS/s)
RMS_NORM_MUL RMS_NORM(256,24,4,1): 16 x 3.397 us = 54.36 us
RMS_NORM_MUL RMS_NORM(256,4,4,1): 16 x 5.702 us = 91.24 us
RMS_NORM_MUL RMS_NORM(5120,4,1,1): 129 x 3.849 us = 496.6 us
RMS_NORM_MUL_SILU_MUL RMS_NORM(128,48,4,1): 48 x 6.03 us = 289.48 us
RMS_NORM_SCALE RMS_NORM(128,16,4,1): 96 x 2.415 us = 231.92 us
ROPE: 32 x 5.045 us = 161.44 us
SET_ROWS: 32 x 3.232 us = 103.44 us
SIGMOID_MUL SIGMOID: 16 x 2.97 us = 47.52 us
SSM_CONV_SILU SSM_CONV: 48 x 5.42 us = 260.2 us
Total time: 46699.1 us.
----------------
Vulkan Timings:
CONCAT: 1 x 1.88 us = 1.88 us
CONT: 1 x 3.64 us = 3.64 us
FLASH_ATTN_EXT dst(256,24,4,1),  q(256,4,24,1),  k(256,256,4,1),  v(256,256,4,1),  m(256,4,1,1): 1 x 21.92 us = 21.92 us (1148.08 GFLOPS/s)
GLU: 1 x 1.52 us = 1.52 us
MUL_MAT f32 m=256 n=16 k=256: 1 x 3 us = 3 us (697.685 GFLOPS/s)
MUL_MAT f32 m=256 n=96 k=256: 1 x 1.84 us = 1.84 us (6825.18 GFLOPS/s)
MUL_MAT f32 m=64 n=384 k=64: 1 x 3.64 us = 3.64 us (857.459 GFLOPS/s)
MUL_MAT f32 m=64 n=64 k=64: 1 x 3.6 us = 3.6 us (144.498 GFLOPS/s)
MUL_MAT_ADD MUL_MAT_VEC q6_K m=5120 n=4 k=17408: 1 x 149.62 us = 149.62 us (4765.48 GFLOPS/s)
MUL_MAT_ADD MUL_MAT_VEC q6_K m=5120 n=4 k=6144: 1 x 60.64 us = 60.64 us (4149.7 GFLOPS/s)
MUL_MAT_VEC q6_K m=1024 n=4 k=5120: 2 x 7.92 us = 15.84 us (5295.32 GFLOPS/s)
MUL_MAT_VEC q6_K m=12288 n=4 k=5120: 1 x 113.36 us = 113.36 us (4439.55 GFLOPS/s)
MUL_MAT_VEC q6_K m=17408 n=4 k=5120: 2 x 128.5 us = 257 us (5548.34 GFLOPS/s)
MUL_MAT_VEC q8_0 m=5120 n=4 k=10240: 1 x 105.32 us = 105.32 us (3982.24 GFLOPS/s)
RMS_NORM_MUL RMS_NORM(256,24,4,1): 1 x 3.64 us = 3.64 us
RMS_NORM_MUL RMS_NORM(256,4,4,1): 1 x 3.6 us = 3.6 us
RMS_NORM_MUL RMS_NORM(5120,4,1,1): 5 x 8.168 us = 40.84 us
ROPE: 2 x 3.6 us = 7.2 us
SET_ROWS: 2 x 1.8 us = 3.6 us
SIGMOID_MUL SIGMOID: 1 x 1.72 us = 1.72 us
Total time: 803.42 us.
----------------
Vulkan Timings:
ADD: 48 x 4.099 us = 196.76 us
CONCAT: 48 x 3.072 us = 147.48 us
CONT: 16 x 5.485 us = 87.76 us
CPY: 240 x 2.926 us = 702.44 us
FLASH_ATTN_EXT dst(256,24,1,1),  q(256,1,24,1),  k(256,256,4,1),  v(256,256,4,1),  m(256,1,1,1): 16 x 15.342 us = 245.48 us (410.067 GFLOPS/s)
GDN_CACHE GATED_DELTA_NET: 48 x 7.835 us = 376.12 us
GET_ROWS: 50 x 8.303 us = 415.16 us
GLU: 64 x 2.155 us = 137.96 us
MUL_MAT f32 m=256 n=24 k=256: 16 x 2.005 us = 32.08 us (1565.88 GFLOPS/s)
MUL_MAT f32 m=64 n=16 k=64: 16 x 4.155 us = 66.48 us (31.2992 GFLOPS/s)
MUL_MAT f32 m=64 n=96 k=64: 16 x 3.067 us = 49.08 us (254.373 GFLOPS/s)
MUL_MAT_ADD MUL_MAT_VEC q6_K m=5120 n=1 k=17408: 64 x 123.567 us = 7908.3 us (1442.56 GFLOPS/s)
MUL_MAT_ADD MUL_MAT_VEC q6_K m=5120 n=1 k=6144: 16 x 49.32 us = 789.12 us (1275.54 GFLOPS/s)
MUL_MAT_VEC f32 m=256 n=4 k=256: 16 x 3.687 us = 59 us (141.902 GFLOPS/s)
MUL_MAT_VEC f32 m=48 n=1 k=5120: 96 x 3.235 us = 310.6 us (151.904 GFLOPS/s)
MUL_MAT_VEC q6_K m=1024 n=1 k=5120: 32 x 9.79 us = 313.28 us (1070.96 GFLOPS/s)
MUL_MAT_VEC q6_K m=10240 n=1 k=5120: 48 x 73.245 us = 3515.8 us (1431.44 GFLOPS/s)
MUL_MAT_VEC q6_K m=12288 n=1 k=5120: 16 x 85.052 us = 1360.84 us (1479.28 GFLOPS/s)
MUL_MAT_VEC q6_K m=17408 n=1 k=5120: 128 x 122.672 us = 15702.1 us (1452.98 GFLOPS/s)
MUL_MAT_VEC q6_K m=248320 n=1 k=5120: 1 x 1642.56 us = 1642.56 us (1547.92 GFLOPS/s)
MUL_MAT_VEC q6_K m=6144 n=1 k=5120: 48 x 46.846 us = 2248.64 us (1342.86 GFLOPS/s)
MUL_MAT_VEC q8_0 m=5120 n=1 k=6144: 48 x 59.88 us = 2874.24 us (1050.59 GFLOPS/s)
RMS_NORM_MUL RMS_NORM(256,24,1,1): 16 x 4.312 us = 69 us
RMS_NORM_MUL RMS_NORM(256,4,1,1): 16 x 4.965 us = 79.44 us
RMS_NORM_MUL RMS_NORM(5120,1,1,1): 129 x 3.721 us = 480.07 us
RMS_NORM_MUL_SILU_MUL RMS_NORM(128,48,1,1): 48 x 4.719 us = 226.52 us
RMS_NORM_SCALE RMS_NORM(128,16,1,1): 96 x 4.004 us = 384.44 us
ROPE: 32 x 4.37 us = 139.84 us
SET_ROWS: 32 x 3.346 us = 107.08 us
SIGMOID_MUL SIGMOID: 16 x 3.197 us = 51.16 us
SSM_CONV_SILU SSM_CONV: 48 x 5.572 us = 267.48 us
Total time: 40986.3 us.
----------------
Vulkan Timings:
CONCAT: 1 x 3.64 us = 3.64 us
CONT: 1 x 3.44 us = 3.44 us
FLASH_ATTN_EXT dst(256,24,1,1),  q(256,1,24,1),  k(256,256,4,1),  v(256,256,4,1),  m(256,1,1,1): 1 x 12.36 us = 12.36 us (509.017 GFLOPS/s)
GLU: 1 x 1.56 us = 1.56 us
MUL_MAT f32 m=256 n=24 k=256: 1 x 1.52 us = 1.52 us (2065.52 GFLOPS/s)
MUL_MAT f32 m=64 n=16 k=64: 1 x 1.76 us = 1.76 us (73.8909 GFLOPS/s)
MUL_MAT f32 m=64 n=96 k=64: 1 x 3.16 us = 3.16 us (246.927 GFLOPS/s)
MUL_MAT_ADD MUL_MAT_VEC q6_K m=5120 n=1 k=17408: 1 x 123.6 us = 123.6 us (1442.17 GFLOPS/s)
MUL_MAT_ADD MUL_MAT_VEC q6_K m=5120 n=1 k=6144: 1 x 47.68 us = 47.68 us (1319.41 GFLOPS/s)
MUL_MAT_VEC f32 m=256 n=4 k=256: 1 x 2.96 us = 2.96 us (176.778 GFLOPS/s)
MUL_MAT_VEC q6_K m=1024 n=1 k=5120: 2 x 9.12 us = 18.24 us (1149.64 GFLOPS/s)
MUL_MAT_VEC q6_K m=12288 n=1 k=5120: 1 x 89.52 us = 89.52 us (1405.46 GFLOPS/s)
MUL_MAT_VEC q6_K m=17408 n=1 k=5120: 2 x 121.2 us = 242.4 us (1470.63 GFLOPS/s)
MUL_MAT_VEC q8_0 m=5120 n=1 k=10240: 1 x 99.48 us = 99.48 us (1054.01 GFLOPS/s)
RMS_NORM_MUL RMS_NORM(256,24,1,1): 1 x 3.16 us = 3.16 us
RMS_NORM_MUL RMS_NORM(256,4,1,1): 1 x 4.76 us = 4.76 us
RMS_NORM_MUL RMS_NORM(5120,1,1,1): 5 x 7.946 us = 39.73 us
ROPE: 2 x 3.26 us = 6.52 us
SET_ROWS: 2 x 2.54 us = 5.08 us
SIGMOID_MUL SIGMOID: 1 x 1.6 us = 1.6 us
Total time: 712.17 us.
0.14.549.801 I slot print_timing: id  0 | task 0 | prompt eval time =     259.79 ms /    10 tokens (   25.98 ms per token,    38.49 tokens per second)
0.14.549.804 I slot print_timing: id  0 | task 0 |        eval time =    4282.80 ms /   160 tokens (   26.94 ms per token,    37.13 tokens per second)
0.14.549.805 I slot print_timing: id  0 | task 0 |       total time =    4542.59 ms /   170 tokens
0.14.549.809 I slot print_timing: id  0 | task 0 |    graphs reused =         63
0.14.549.813 I slot print_timing: id  0 | task 0 | draft acceptance = 0.35907 (   93 accepted /   259 generated), mean len =  2.43
0.14.549.843 I slot      release: id  0 | task 0 | stop processing: n_tokens = 169, truncated = 0
0.14.555.824 I srv    operator(): operator(): cleaning up before exit...
